REGIAO:;N
UF:;PA
ESTACAO:;PARAGOMINAS
CODIGO (WMO):;A212
LATITUDE:;-2,90055555
LONGITUDE:;-47,49499999
ALTITUDE:;88
DATA DE FUNDACAO:;18/10/07
Data;Hora UTC;PRECIPITAÇÃO TOTAL, HORÁRIO (mm);PRESSAO ATMOSFERICA AO NIVEL DA ESTACAO, HORARIA (mB);PRESSÃO ATMOSFERICA MAX.NA HORA ANT. (AUT) (mB);PRESSÃO ATMOSFERICA MIN. NA HORA ANT. (AUT) (mB);RADIACAO GLOBAL (Kj/m²);TEMPERATURA DO AR - BULBO SECO, HORARIA (°C);TEMPERATURA DO PONTO DE ORVALHO (°C);TEMPERATURA MÁXIMA NA HORA ANT. (AUT) (°C);TEMPERATURA MÍNIMA NA HORA ANT. (AUT) (°C);TEMPERATURA ORVALHO MAX. NA HORA ANT. (AUT) (°C);TEMPERATURA ORVALHO MIN. NA HORA ANT. (AUT) (°C);UMIDADE REL. MAX. NA HORA ANT. (AUT) (%);UMIDADE REL. MIN. NA HORA ANT. (AUT) (%);UMIDADE RELATIVA DO AR, HORARIA (%);VENTO, DIREÇÃO HORARIA (gr) (° (gr));VENTO, RAJADA MAXIMA (m/s);VENTO, VELOCIDADE HORARIA (m/s);
2026/01/01;0000 UTC;0;1001,1;1001,1;1000,4;0;27,3;25;28,1;27,2;26,1;25;92;85;87;;2,4;1,1;
2026/01/01;0100 UTC;0;1001,8;1001,9;1001,1;0;27;25;27,3;26,8;25,3;24,6;91;87;89;;3,1;2,1;
2026/01/01;0200 UTC;3,8;1002,2;1002,5;1001,8;2,4;25,4;25,4;27;25,4;25,6;24,4;100;86;100;;7,7;3,8;
2026/01/01;0300 UTC;0;1002;1002,2;1002;1,7;25,3;25,3;25,5;25,3;25,4;25,1;100;98;100;;6,9;,6;
2026/01/01;0400 UTC;0;1001,5;1002;1001,5;1;25,2;25,2;25,3;25,2;25,3;25,2;100;100;100;;2,8;1,8;
2026/01/01;0500 UTC;0;1000,7;1001,5;1000,7;,1;25;25;25,2;25;25,1;24,9;100;100;100;;2,4;1,3;
2026/01/01;0600 UTC;0;1000;1000,7;1000;,3;24,7;24,7;25;24,7;25;24,7;100;100;100;;2,4;1,5;
2026/01/01;0700 UTC;0;999,8;1000;999,8;0;24,4;24,4;24,7;24,4;24,7;24,4;100;100;100;;2,8;1,2;
2026/01/01;0800 UTC;0;1000,1;1000,1;999,8;0;24;24;24,4;24;24,4;24;100;100;100;;2,5;1,4;
2026/01/01;0900 UTC;0;1000,3;1000,3;1000;,2;23,8;23,8;24;23,7;24;23,6;100;100;100;;2,3;,3;
2026/01/01;1000 UTC;0;1000,9;1000,9;1000,3;109;24;24;24;23,7;24;23,7;100;100;100;;1,2;,3;
2026/01/01;1100 UTC;0;1001,5;1001,5;1000,9;687;25,5;25,3;25,5;24;25,3;24;100;97;98;;5,5;3,1;
2026/01/01;1200 UTC;0;1002;1002;1001,5;1787,1;27,2;24,8;27,2;25,5;25,3;24,4;98;85;87;;8,5;5,4;
2026/01/01;1300 UTC;0;1002,2;1002,2;1001,9;1814,6;27,9;24,1;27,9;27,1;25;23,8;87;80;80;;9,2;4,5;
2026/01/01;1400 UTC;0;1001,8;1002,2;1001,8;2766,7;29,9;23,5;30;27,7;24,3;23,3;82;68;69;;8,6;4,2;
2026/01/01;1500 UTC;0;1001,2;1001,8;1001,2;3322,5;30,7;23,4;31,3;29,8;24,6;22,9;72;62;65;;7,8;4,2;
2026/01/01;1600 UTC;0;1000,3;1001,2;1000,3;2666,4;31,8;23;31,9;30,4;24,2;22,6;68;59;59;;6,8;3,4;
2026/01/01;1700 UTC;0;999,3;1000,3;999,3;2466,2;31,9;23,1;31,9;31,2;24,2;22,5;65;58;60;;6,5;2,1;
2026/01/01;1800 UTC;0;998,1;999,3;998,1;2693,9;32,4;22,3;33;31,9;23,8;21,4;62;53;55;;6,2;2,1;
2026/01/01;1900 UTC;0;997,4;998,1;997,4;1880,6;32,7;23,5;33;32;23,9;21,7;62;53;59;;5,3;1,3;
2026/01/01;2000 UTC;0;997,2;997,4;997,2;1076,3;32,4;23,1;32,7;32,3;24,7;22,5;64;56;58;;4,7;,6;
2026/01/01;2100 UTC;0;997,4;997,4;997,2;329,3;29,3;24,1;32,6;29,3;24,7;22,8;74;57;74;;2,6;1,1;
2026/01/01;2200 UTC;0;998;998;997,4;15,9;28,3;24;29,3;28,3;24,5;23,6;80;74;77;;2,4;1,2;
2026/01/01;2300 UTC;0;998,6;998,6;998;0;27,9;26,8;28,3;27,9;27,1;23,8;95;77;94;;4,2;1;
2026/01/02;0000 UTC;0;999,4;999,4;998,6;0;27,2;25,2;27,9;27,2;26,8;24,1;94;82;89;;3,4;,9;
2026/01/02;0100 UTC;0;1000,6;1000,6;999,4;0;26,8;24,5;27,3;26,8;26;24,3;93;86;87;;6,9;4,5;
2026/01/02;0200 UTC;0;1000,5;1000,6;1000,3;0;26;24,5;26,8;26;24,6;24,4;92;87;92;;6,9;1,1;
2026/01/02;0300 UTC;0;1000,4;1000,6;1000,4;0;25,7;24,6;26;25,7;24,9;24,6;95;92;94;;4,5;2,9;
2026/01/02;0400 UTC;0;999,6;1000,4;999,6;0;25,2;24,2;25,8;25,2;24,6;24,2;94;92;94;;5,7;2,7;
2026/01/02;0500 UTC;0;999,1;999,6;999,1;0;24,7;24,4;25,2;24,7;24,4;24,2;98;94;98;;4,8;1,6;
2026/01/02;0600 UTC;0;998,7;999,1;998,7;0;24,5;24,4;24,7;24,5;24,4;24,3;99;98;99;;2,7;,5;
2026/01/02;0700 UTC;0;998,3;998,7;998,2;0;24,3;24,2;24,5;24,2;24,4;24,2;100;99;100;;1,5;,8;
2026/01/02;0800 UTC;0;998,7;998,7;998,3;0;24,3;24,3;24,3;24,2;24,3;24,2;100;100;100;;1,4;,6;
2026/01/02;0900 UTC;0;999;999;998,7;,1;24,4;24,4;24,4;24,2;24,4;24,2;100;100;100;;4,1;2,3;
2026/01/02;1000 UTC;0;999,2;999,3;999;107,1;24,6;24,6;24,7;24,3;24,7;24,3;100;100;100;;4,2;2,7;
2026/01/02;1100 UTC;0;999,9;999,9;999,2;693,5;26,1;24,8;26,1;24,6;25,2;24,6;100;92;92;;6,9;4,3;
2026/01/02;1200 UTC;0;1000,4;1000,4;999,9;1416,2;27;24,2;27,7;26,1;24,9;24;93;82;84;;9,7;6,2;
2026/01/02;1300 UTC;0;1000,6;1000,6;1000,4;2431,6;29,2;23,5;29,3;27;24,4;23,3;84;71;71;;10,4;4,9;
2026/01/02;1400 UTC;0;1000,2;1000,6;1000,2;2687,6;30,1;23;30,4;29,1;24;22,8;73;65;66;;9,4;4,8;
2026/01/02;1500 UTC;0;999,8;1000,2;999,7;2385,7;30,6;22,9;31,1;29,9;23,5;22,6;68;62;64;;7,8;4,5;
2026/01/02;1600 UTC;0;999,1;999,8;999,1;2751,2;31,9;23,1;31,9;30,6;23,7;22,3;65;58;60;;7;3,1;
2026/01/02;1700 UTC;0;998;999,1;998;2272,8;32,1;22,3;32,3;31,3;23,8;21,7;64;55;56;;6,1;1,1;
2026/01/02;1800 UTC;0;996,8;998;996,8;2636;32,9;22,8;32,9;31,8;24,3;22,2;63;55;56;;5,6;1,8;
2026/01/02;1900 UTC;0;996;996,8;996;1705,6;32,9;22,2;33,1;32,1;24,5;21,9;63;52;53;;6,7;3,8;
2026/01/02;2000 UTC;0;995,4;996;995,4;1336,2;32,9;22,1;33,1;32,8;23,1;21,9;57;52;53;;5,7;2;
2026/01/02;2100 UTC;0;995,6;995,7;995,4;268,1;31,5;22,9;33,1;31,5;23;22;61;53;61;;6;1,7;
2026/01/02;2200 UTC;0;996,3;996,3;995,6;17,2;30,1;23,7;31,5;30,1;23,9;22,9;69;61;69;;2,6;,7;
2026/01/02;2300 UTC;0;996,9;996,9;996,3;,1;28,9;24,8;30,1;28,9;24,8;23,7;79;69;79;;2,8;1,2;
2026/01/03;0000 UTC;0;998,1;998,1;996,9;1,7;26,6;24,2;28,9;26,6;25,5;24,2;92;79;87;;11;6,3;
2026/01/03;0100 UTC;,8;999,3;999,3;998,1;1,2;25,3;25;26,6;25,3;25;23,9;99;87;99;;13,1;2,4;
2026/01/03;0200 UTC;1,6;999,6;999,6;999,3;0;25,2;25,2;25,3;25;25,2;25;100;99;100;;5;1,8;
2026/01/03;0300 UTC;0;999,9;1000;999,6;2,5;25,3;25,3;25,4;25,1;25,4;25,1;100;100;100;;2,9;1,7;
2026/01/03;0400 UTC;0;999,7;1000;999,7;2,1;25,3;25,1;25,4;25,2;25,3;24,9;100;98;99;;2,7;,1;
2026/01/03;0500 UTC;0;999,3;999,7;999,3;,3;25,3;25,3;25,3;25,1;25,3;25,1;100;99;100;;1,4;0;
2026/01/03;0600 UTC;0;998,7;999,3;998,7;,2;25;25;25,3;25;25,2;25;100;100;100;;1,6;0;
2026/01/03;0700 UTC;0;998,8;998,8;998,7;,1;24,8;24,8;25,2;24,7;25,2;24,7;100;100;100;;1,9;,6;
2026/01/03;0800 UTC;0;998,8;998,9;998,7;0;24,7;24,7;24,8;24,7;24,8;24,7;100;100;100;;1,6;,4;
2026/01/03;0900 UTC;0;999,3;999,3;998,8;,2;24,7;24,7;24,7;24,6;24,7;24,6;100;100;100;;1,2;,5;
2026/01/03;1000 UTC;0;1000,1;1000,1;999,3;143,4;24,7;24,7;24,8;24,6;24,8;24,6;100;100;100;;1,5;0;
2026/01/03;1100 UTC;0;1001,1;1001,1;1000,1;422,4;25,5;25,5;25,5;24,7;25,5;24,8;100;100;100;;2,3;1,3;
2026/01/03;1200 UTC;0;1001,4;1001,4;1001,1;1202,2;26,5;25,3;26,7;25,5;26;25,1;100;91;93;;4,6;2,9;
2026/01/03;1300 UTC;0;1001,7;1001,7;1001,4;1161,8;27,6;25,4;27,6;26,5;25,6;24,9;94;88;88;;5,6;2,8;
2026/01/03;1400 UTC;0;1001,2;1001,7;1001,2;1840,2;28,7;24,5;28,7;27,6;25,5;23,6;88;75;78;;5,7;3,2;
2026/01/03;1500 UTC;0;1000,5;1001,2;1000,5;3256,5;30,7;22,6;31,1;28,7;24,8;22,3;79;60;62;;8,3;5,7;
2026/01/03;1600 UTC;0;1000;1000,5;1000;2625;31,6;22,7;31,6;30;25,3;22,2;74;58;59;;7,8;3,9;
2026/01/03;1700 UTC;0;999,2;1000;999,2;2841,7;32,5;22;32,5;31,4;23,2;21,6;61;54;54;;7,6;4,2;
2026/01/03;1800 UTC;0;998;999,2;998;2803,6;33,3;21,5;33,4;32,1;23,1;21,2;58;49;50;;7,4;3,6;
2026/01/03;1900 UTC;0;997,5;998;997,5;1861,8;32,5;22,3;33,7;32,5;22,7;20,9;55;48;55;;6,4;3;
2026/01/03;2000 UTC;0;997,3;997,5;997,2;1089,9;31,5;23;33;31,4;23,4;21,4;63;51;61;;5,4;1,8;
2026/01/03;2100 UTC;0;997,6;997,6;997,3;342,6;29,4;24,5;31,9;29,4;24,6;22,2;75;57;75;;3,6;,8;
2026/01/03;2200 UTC;0;998,1;998,1;997,6;19,6;28,2;24,2;29,4;28,2;24,5;23,9;80;73;79;;2,6;,9;
2026/01/03;2300 UTC;0;998,8;998,8;998,1;0;27,9;24,4;28,3;27,9;24,4;23,7;81;77;81;;1,8;,4;
2026/01/04;0000 UTC;0;999,7;999,7;998,8;0;27,7;24,3;27,9;27,3;26;23,9;91;80;82;;1,3;,3;
2026/01/04;0100 UTC;0;1000,6;1000,6;999,7;0;27,7;23,3;27,9;27,7;24,4;23,1;82;75;77;;7,9;3;
2026/01/04;0200 UTC;0;1000,6;1000,6;1000,5;0;26,8;23,2;27,7;26,8;23,5;23;81;77;81;;6,3;3,4;
2026/01/04;0300 UTC;0;1000,7;1000,8;1000,6;0;26;23,3;26,8;26;23,4;23,2;85;81;85;;6,3;1,9;
2026/01/04;0400 UTC;0;1000,6;1000,7;1000,5;0;25,3;23,7;26;25,3;23,8;23,3;91;85;91;;3,5;,8;
2026/01/04;0500 UTC;0;999,7;1000,6;999,7;0;24,7;23,7;25,3;24,7;24;23,7;95;91;94;;2,1;,4;
2026/01/04;0600 UTC;0;998,9;999,7;998,9;0;24,1;23,7;24,7;24;23,9;23,7;99;94;98;;1,4;,3;
2026/01/04;0700 UTC;0;998,9;999;998,8;0;23,8;23,8;24,3;23,8;23,9;23,7;100;97;100;;1,4;0;
2026/01/04;0800 UTC;0;999,3;999,3;998,9;0;23,4;23,4;23,8;23,4;23,8;23,4;100;100;100;;0;0;
2026/01/04;0900 UTC;0;999,8;999,8;999,3;0;23,1;23,1;23,4;23,1;23,4;23,1;100;100;100;;1,6;0;
2026/01/04;1000 UTC;0;1000,5;1000,5;999,8;106,7;23,2;23,2;23,3;22,9;23,3;22,9;100;100;100;;,4;0;
2026/01/04;1100 UTC;0;1000,9;1000,9;1000,5;685,2;25,3;24,7;25,3;23,1;24,8;23,1;100;97;97;;5,7;3,7;
2026/01/04;1200 UTC;0;1001,3;1001,4;1000,9;1855,9;27,5;24,5;27,5;25,2;25;24,3;97;83;83;;7,7;4,4;
2026/01/04;1300 UTC;0;1001,4;1001,5;1001,3;2467,7;28,7;23,7;29,2;27,3;24,8;23,2;84;72;74;;9,3;5,1;
2026/01/04;1400 UTC;0;1001,1;1001,4;1001;2951,5;31;22,7;31,1;28,5;23,7;22,2;75;60;61;;8,9;4,9;
2026/01/04;1500 UTC;0;1000,5;1001,1;1000,5;3282;31,7;21,6;31,9;30,6;23,2;21,2;65;53;55;;7,8;4,6;
2026/01/04;1600 UTC;0;999,7;1000,5;999,7;3196,5;32,7;20,8;32,9;31,5;22,2;20,3;58;48;50;;7,5;3,8;
2026/01/04;1700 UTC;0;998,7;999,7;998,7;2964,2;33,3;21,1;33,5;32,3;21,9;20,4;55;47;49;;7,5;3,5;
2026/01/04;1800 UTC;0;997,7;998,7;997,7;2864,4;33,8;21,6;33,9;32,8;21,8;20,1;53;45;49;;8,3;3,5;
2026/01/04;1900 UTC;0;997,1;997,7;997,1;1650,4;33,3;21,5;33,8;32,5;22,2;20,9;54;47;50;;6,6;2,1;
2026/01/04;2000 UTC;0;996,8;997,1;996,7;1170,5;32,8;21,6;33,7;32,7;22;20,9;52;48;52;;7;4,4;
2026/01/04;2100 UTC;0;996,9;996,9;996,7;305,2;31,5;22,2;32,8;31,5;22,2;20,9;58;51;58;;7;1,6;
2026/01/04;2200 UTC;0;997,7;997,7;996,9;18,6;28,8;23,6;31,5;28,8;24;21,6;75;58;74;;3,7;1,4;
2026/01/04;2300 UTC;0;998,4;998,4;997,7;0;27,8;23,1;28,8;27,7;23,9;23;79;73;75;;2,5;0;
2026/01/05;0000 UTC;0;999,2;999,2;998,4;0;28,3;23,1;28,7;27,7;23,8;22,5;76;69;73;;5,3;3;
2026/01/05;0100 UTC;0;1000,1;1000,1;999,2;0;27,7;22,8;28,3;27,7;23,1;22,5;75;71;75;;7,3;4,3;
2026/01/05;0200 UTC;0;1000,4;1000,4;1000,1;0;26,7;23,1;27,7;26,7;23,2;22,8;81;75;81;;7,1;3;
2026/01/05;0300 UTC;0;1000,2;1000,4;1000,2;0;25,9;23,2;26,7;25,9;23,2;23;85;81;85;;5,3;2,4;
2026/01/05;0400 UTC;0;999,9;1000,2;999,9;0;25;23,2;25,9;25;23,3;23,1;90;85;90;;4;2;
2026/01/05;0500 UTC;0;999,4;999,9;999,4;0;24,6;23,2;25;24,6;23,2;23,1;92;89;92;;3,5;1,5;
2026/01/05;0600 UTC;0;998,9;999,4;998,9;0;24,2;23,5;24,6;24,2;23,5;23,3;96;92;96;;2,3;,9;
2026/01/05;0700 UTC;0;998,9;998,9;998,8;0;23,4;23,4;24,2;23,4;23,7;23,4;100;96;100;;2,2;,2;
2026/01/05;0800 UTC;0;999,1;999,1;998,9;0;23;23;23,4;23;23,4;23;100;100;100;;1,2;,1;
2026/01/05;0900 UTC;0;999,3;999,3;998,9;,1;22,7;22,7;23,1;22,6;23,1;22,6;100;100;100;;2,1;,2;
2026/01/05;1000 UTC;0;999,9;999,9;999,3;120,3;23;23;23,1;22,6;23;22,6;100;100;100;;1,2;0;
2026/01/05;1100 UTC;0;1000,3;1000,3;999,9;686,6;25,3;24,5;25,3;23;24,5;23;100;95;96;;6,4;3,7;
2026/01/05;1200 UTC;0;1000,7;1000,7;1000,2;1800,4;27,7;23,5;27,9;25,3;24,6;23,5;96;78;78;;10,4;6,1;
2026/01/05;1300 UTC;0;1001;1001,1;1000,7;2861,2;29,4;22,9;29,5;27,6;23,9;22,9;79;68;68;;10,5;5,3;
2026/01/05;1400 UTC;0;1000,7;1001,1;1000,7;2955,2;30,2;22,3;30,5;29,4;23,5;21,9;71;61;63;;9,8;4,9;
2026/01/05;1500 UTC;0;1000,3;1000,7;1000,3;2301,7;31;22,2;31,2;30,1;22,9;21,8;64;58;60;;9;4;
2026/01/05;1600 UTC;0;999,4;1000,3;999,4;3146,1;32,1;22,7;32,6;31;23;21,9;61;54;58;;6,9;3,1;
2026/01/05;1700 UTC;0;998,2;999,4;998,2;2939,9;32,7;21,8;33,4;32,1;22,9;21,4;58;52;53;;6,5;2,7;
2026/01/05;1800 UTC;0;997,1;998,2;997,1;2380,1;33,2;21,2;33,6;32,7;22,7;21,1;55;48;50;;6,8;3,3;
2026/01/05;1900 UTC;0;996,2;997,1;996,1;2072,8;33,7;21,2;33,9;33,1;21,9;20,6;52;47;48;;6,4;1,9;
2026/01/05;2000 UTC;0;995,9;996,2;995,9;1346,6;33,3;21,1;33,8;33,1;22,1;20,1;53;45;49;;5,6;2,2;
2026/01/05;2100 UTC;0;996,1;996,1;995,8;362,8;30,7;23,2;33,3;30,7;23,2;20,4;64;47;64;;4,6;1,5;
2026/01/05;2200 UTC;0;997;997;996,1;19,4;28,6;23,1;31,2;28,6;23,5;21,6;73;57;72;;3,3;,8;
2026/01/05;2300 UTC;0;997,7;997,7;997;0;28,5;22,8;28,7;28,3;23,4;21,8;74;67;71;;2,2;0;
2026/01/06;0000 UTC;0;999,2;999,2;997,7;0;27,6;24,9;28,5;27,6;24,9;22,1;85;69;85;;3,2;,8;
2026/01/06;0100 UTC;0;999,8;999,9;999,2;,1;27,5;23,8;28,1;27,3;24,9;23,2;86;75;80;;5,1;2,4;
2026/01/06;0200 UTC;0;1000,2;1000,2;999,8;0;27,2;24,5;27,5;27,2;24,5;23,8;85;80;85;;13,4;1,6;
2026/01/06;0300 UTC;0;999,9;1000,3;999,9;0;26,3;24,3;27,2;26,3;24,5;24,2;89;85;89;;3,8;2,4;
2026/01/06;0400 UTC;0;999,5;999,9;999,5;0;25,6;23,9;26,3;25,6;24,3;23,9;91;89;91;;3,6;1,8;
2026/01/06;0500 UTC;0;998,9;999,5;998,9;0;24,7;23,8;25,6;24,7;23,9;23,7;95;90;95;;3,9;1,7;
2026/01/06;0600 UTC;0;998,6;998,9;998,6;0;24,4;23,9;24,8;24,4;23,9;23,7;97;94;97;;2,7;1,7;
2026/01/06;0700 UTC;0;998,6;998,6;998,5;0;24,1;23,8;24,4;24,1;23,9;23,7;98;96;98;;2,8;,5;
2026/01/06;0800 UTC;0;999,1;999,1;998,6;0;23,6;23,6;24,1;23,6;23,9;23,6;100;98;100;;1,6;0;
2026/01/06;0900 UTC;0;999,4;999,4;999,1;0;23,5;23,5;23,7;23,4;23,6;23,4;100;100;100;;1,9;,2;
2026/01/06;1000 UTC;0;1000;1000;999,4;119,5;24,1;23,6;24,1;23,5;23,7;23,5;100;97;97;;2,6;,9;
2026/01/06;1100 UTC;0;1000,6;1000,6;1000;859,9;26;24,1;26,2;24,1;24,4;23,6;98;88;89;;6,4;4;
2026/01/06;1200 UTC;0;1001,1;1001,1;1000,6;1677;27,6;23,7;27,7;26;24,5;23,5;90;78;79;;10,2;6;
2026/01/06;1300 UTC;0;1001;1001,2;1001;2630,8;29,6;23,6;29,6;27,6;24;23,2;79;70;70;;10,2;5,7;
2026/01/06;1400 UTC;0;1000,4;1001;1000,4;2642,8;30,5;23;30,9;29,6;23,9;22,9;70;63;64;;8,7;4,9;
2026/01/06;1500 UTC;0;1000;1000,4;1000;2594,4;31,1;23,2;31,7;30,4;23,6;22,7;66;60;63;;8,1;3,3;
2026/01/06;1600 UTC;0;999,3;1000;999,3;2122,2;32;23,8;32;31,1;24,2;22,7;66;59;62;;7,4;3,6;
2026/01/06;1700 UTC;0;998,4;999,3;998,4;1805,2;31,6;23,5;32,3;31,3;23,8;22,7;64;58;62;;6,7;1,7;
2026/01/06;1800 UTC;0;997,4;998,4;997,4;2754,1;32,8;23,5;32,9;31,6;23,7;22;63;54;58;;7,5;1,7;
2026/01/06;1900 UTC;0;996,4;997,5;996,4;1362,4;32,7;22,6;32,8;32,1;23,5;22,3;60;55;55;;5,5;1,9;
2026/01/06;2000 UTC;0;996,3;996,7;996,3;559,6;30,5;24,7;32,7;30,2;26,1;22,1;79;54;71;;4,9;,9;
2026/01/06;2100 UTC;0;996,8;996,8;996,3;419,5;29,2;23,9;30,6;29,2;25,9;23,5;77;70;73;;2,9;,3;
2026/01/06;2200 UTC;0;997,8;997,8;996,8;31,7;27,2;25;29,2;27,2;25,2;23,4;88;73;88;;2,6;1,4;
2026/01/06;2300 UTC;0;999,2;999,2;997,8;1,1;25;23,8;27,5;25;25,4;22,8;93;79;93;;8,9;2,5;
2026/01/07;0000 UTC;0;999,7;999,7;999,2;0;24,9;24,2;25;24,6;24,2;23,7;96;93;96;;4,4;0;
2026/01/07;0100 UTC;0;1000,3;1000,3;999,6;0;24;23,8;24,9;24;24,4;23,8;100;96;99;;1,3;,3;
2026/01/07;0200 UTC;0;1000,6;1000,6;1000,3;0;24,2;24,2;24,2;23,7;24,2;23,5;100;98;100;;2,2;,2;
2026/01/07;0300 UTC;0;1000,6;1000,6;1000,3;0;24,3;24,3;24,3;24,2;24,3;24,2;100;100;100;;2,8;,8;
2026/01/07;0400 UTC;0;1000,1;1000,7;1000,1;0;24,2;24,2;24,3;24,2;24,3;24,2;100;100;100;;1,9;0;
2026/01/07;0500 UTC;0;999,2;1000,1;999,2;0;24,2;24,2;24,3;24,1;24,3;24,1;100;100;100;;2,5;1,6;
2026/01/07;0600 UTC;0;999;999,2;999;0;24,3;24,3;24,5;24,2;24,5;24,2;100;100;100;;4;1,8;
2026/01/07;0700 UTC;0;998,9;999;998,8;0;24,4;24,2;24,4;24,3;24,4;24,2;100;99;99;;4;,6;
2026/01/07;0800 UTC;0;999,7;999,7;998,9;0;24,3;24,2;24,4;24,3;24,3;24,1;100;99;100;;3,5;,3;
2026/01/07;0900 UTC;0;1000,3;1000,3;999,7;0;24,2;24;24,3;24,2;24,2;24;100;99;99;;2,2;,6;
2026/01/07;1000 UTC;0;1000,8;1000,8;1000,3;64,8;24,5;24,5;24,5;24,2;24,5;24,1;100;99;100;;1,7;0;
2026/01/07;1100 UTC;0;1001,4;1001,4;1000,8;389,2;25,2;24,3;25,3;24,5;24,9;24,2;100;94;95;;2;,7;
2026/01/07;1200 UTC;0;1001,6;1001,6;1001,4;897,9;26,8;24,5;26,8;25,2;24,6;24,2;95;86;87;;7;3,9;
2026/01/07;1300 UTC;0;1001,7;1001,7;1001,6;1371,3;28,6;24,2;28,6;26,8;24,4;23,7;87;76;77;;8,6;4,7;
2026/01/07;1400 UTC;0;1001,1;1001,7;1001,1;2066,4;29,8;23,3;29,8;28,5;24,1;23,2;77;68;68;;9,4;4,1;
2026/01/07;1500 UTC;0;1000,7;1001,1;1000,7;1751,5;30,8;23,9;30,8;29,6;24,1;22,9;71;65;67;;7,9;2,3;
2026/01/07;1600 UTC;0;999,7;1000,7;999,7;1592,3;31,2;22,8;31,3;30,5;23,9;22,6;68;61;61;;6,7;2,9;
2026/01/07;1700 UTC;0;998,8;999,7;998,8;1838,6;32,1;23,6;32,3;31,2;24;22,6;66;59;61;;7,3;3,5;
2026/01/07;1800 UTC;0;997,7;998,8;997,7;2122,5;32,2;23,3;32,7;32;24,2;22,6;61;56;60;;6,3;2,1;
2026/01/07;1900 UTC;0;996,9;997,7;996,9;1330,4;32;23,4;32,4;31,9;23,9;22,5;63;57;61;;5,4;1,3;
2026/01/07;2000 UTC;0;996,4;996,9;996,4;776,4;30,9;24,6;32,4;30,9;24,8;22,1;70;55;69;;4,9;,6;
2026/01/07;2100 UTC;0;996,8;996,8;996,4;169,4;29,7;24,7;30,9;28,8;26,2;23,4;84;65;75;;3,6;1,9;
2026/01/07;2200 UTC;0;997,7;997,7;996,8;18,3;28,2;24,1;29,7;28;26,4;24,1;88;75;78;;6,8;2,5;
2026/01/07;2300 UTC;0;998,9;998,9;997,7;1,1;26,9;24;28,4;26,9;24,4;22,9;84;75;84;;8,5;2,9;
2026/01/08;0000 UTC;0;1000,1;1000,1;998,9;0;26,8;24,6;26,9;26,7;24,9;24;89;84;88;;5,4;1,3;
2026/01/08;0100 UTC;4,2;1000,1;1000,5;1000;,6;25,8;25,2;26,8;25,8;25,5;24,5;97;88;96;;6,3;2,6;
2026/01/08;0200 UTC;0;1000,4;1000,4;1000,1;2,7;25,5;25,4;25,8;25,5;25,5;25,2;100;96;100;;4,2;1,8;
2026/01/08;0300 UTC;0;1000,4;1000,6;1000,4;1,5;25;25;25,5;25;25,4;25;100;99;100;;2,4;1;
2026/01/08;0400 UTC;;;;;;;;;;;;;;;;;;
2026/01/08;0500 UTC;0;999,5;999,8;999,4;1;24,6;24,6;24,7;24,6;24,7;24,4;100;99;100;;2,4;,7;
2026/01/08;0600 UTC;0;998,7;999,5;998,7;0;24,2;24,2;24,7;24,2;24,7;24,2;100;100;100;;1,3;,6;
2026/01/08;0700 UTC;0;998,7;998,8;998,5;0;24;24;24,3;24;24,3;24;100;100;100;;1,4;0;
2026/01/08;0800 UTC;0;999;999;998,7;0;23,9;23,8;24;23,8;24;23,8;100;100;100;;3,5;2,1;
2026/01/08;0900 UTC;0;999,6;999,6;999;,1;23,9;23,9;24;23,9;24;23,9;100;100;100;;3,6;,2;
2026/01/08;1000 UTC;0;1000,6;1000,6;999,6;60,3;24,1;24,1;24,1;23,9;24,1;23,9;100;100;100;;1,8;0;
2026/01/08;1100 UTC;0;1001;1001;1000,6;313;24,7;24,7;24,7;24,1;24,7;24,1;100;100;100;;2,4;1,6;
2026/01/08;1200 UTC;0;1001,1;1001,1;1000,9;790,7;25,7;25,1;25,7;24,7;25,3;24,6;100;95;96;;5,5;3,5;
2026/01/08;1300 UTC;0;1001,3;1001,5;1001,1;1557,9;27;24,3;27;25,7;25,3;24,1;97;84;85;;8,9;6,5;
2026/01/08;1400 UTC;,2;1000,9;1001,4;1000,9;1895,9;28,9;24,3;28,9;26,9;24,8;23,5;85;74;76;;8,9;4,8;
2026/01/08;1500 UTC;0;1000,5;1001;1000,5;2024,5;29,9;23,8;29,9;28,9;24,4;23,1;77;68;70;;8;3,3;
2026/01/08;1600 UTC;0;999,9;1000,5;999,9;1576,2;30,4;23,5;30,5;29,7;25,6;23,3;77;66;67;;5,2;,6;
2026/01/08;1700 UTC;0;999,1;999,9;999,1;1402,4;30,7;25;30,8;30,4;25,6;23,4;75;65;72;;2,9;,1;
2026/01/08;1800 UTC;0;998,2;999,1;998,2;1234,4;30,2;25,7;30,8;30,2;26,3;23,7;79;67;77;;3,7;2,6;
2026/01/08;1900 UTC;0;997,4;998,2;997,4;1346,6;30,2;25,7;30,9;30,2;26,6;24,3;81;69;77;;3,7;2,3;
2026/01/08;2000 UTC;0;998,2;998,2;997,4;564,7;27,9;23,8;30,2;27,9;26,8;23,7;84;75;79;;8,2;2,6;
2026/01/08;2100 UTC;26;997,7;999,6;997,7;92,7;23;22,7;27,9;23;24,6;21,6;100;79;98;;14,4;2,1;
2026/01/08;2200 UTC;0;998,5;998,6;997,7;25;24,3;23;24,4;23;23,4;22;98;90;92;;4,3;,4;
2026/01/08;2300 UTC;0;999,4;999,6;998,5;2;24;23,4;24,3;24;24,2;23,1;100;92;97;;5,2;1,2;
2026/01/09;0000 UTC;0;1000,4;1000,4;999,4;1,6;24;24;24,2;23,9;24,2;22,8;100;93;100;;3,9;1,9;
2026/01/09;0100 UTC;0;1000,9;1001,1;1000,3;2;23,6;23,2;24;23,5;24;23,2;100;98;98;;4,8;2,8;
2026/01/09;0200 UTC;,2;1000,7;1001;1000,6;,7;23,5;23,5;23,6;23,5;23,6;23,2;100;98;100;;5,6;3,4;
2026/01/09;0300 UTC;,2;999,9;1000,7;999,7;,7;23,2;22,8;23,6;22,5;23,6;22,4;100;97;98;;7,4;3,1;
2026/01/09;0400 UTC;,6;1000,1;1000,2;999,9;,4;23,7;23,7;23,7;23,2;23,7;22,8;100;98;100;;5,5;,7;
2026/01/09;0500 UTC;0;999;1000,1;999;,2;23,5;23,5;23,7;23,5;23,7;23,5;100;100;100;;1,6;0;
2026/01/09;0600 UTC;0;998,7;999;998,7;0;23,4;23,4;23,6;23,4;23,6;23,4;100;100;100;;1,8;,8;
2026/01/09;0700 UTC;0;998,8;998,8;998,5;0;23,3;23,3;23,4;23,3;23,4;23,2;100;100;100;;1,9;0;
2026/01/09;0800 UTC;0;999;999;998,8;0;23,2;23,2;23,4;23,2;23,4;23,2;100;100;100;;1;,3;
2026/01/09;0900 UTC;0;999,3;999,3;998,9;0;22,9;22,9;23,2;22,9;23,2;22,9;100;100;100;;1,3;0;
2026/01/09;1000 UTC;0;1000,1;1000,1;999,3;54,1;22,9;22,9;23;22,8;23;22,8;100;100;100;;,8;0;
2026/01/09;1100 UTC;0;1000,7;1000,7;1000,1;675,9;24,6;24,6;24,6;22,9;24,6;22,9;100;97;100;;1,4;,4;
2026/01/09;1200 UTC;0;1001;1001;1000,7;1301,3;25,8;24,3;25,8;24,6;25,2;24,2;100;91;91;;7,5;5,1;
2026/01/09;1300 UTC;0;1001,4;1001,5;1001;1871;27,6;24,5;27,6;25,7;24,8;23,8;93;81;83;;8,5;3,6;
2026/01/09;1400 UTC;0;1001;1001,5;1001;2452;28,9;23,7;28,9;27,6;24,4;23;83;71;74;;7,9;4,2;
2026/01/09;1500 UTC;0;1000,6;1001;1000,6;2380,7;29,1;23,8;29,9;28,9;24,2;22,9;74;68;73;;6,8;2,8;
2026/01/09;1600 UTC;0;999,9;1000,6;999,9;1968,6;30,3;23,6;30,3;29,1;23,9;22,4;73;64;67;;7,1;4;
2026/01/09;1700 UTC;0;998,7;999,9;998,7;3097,1;31,1;24;31,3;30,3;24,3;22,8;68;62;66;;6,4;2,5;
2026/01/09;1800 UTC;0;997,7;998,7;997,7;2662,5;31,7;23,4;31,7;30,9;24,1;22,6;67;59;61;;6,4;1,8;
2026/01/09;1900 UTC;0;997,2;997,7;997,2;1337;31,2;24,3;31,9;30,5;25,9;22,5;75;58;67;;4,4;,7;
2026/01/09;2000 UTC;0;996,9;997,2;996,8;1394,6;30,8;24,6;31,7;30,6;24,9;23,6;71;62;70;;3,7;,8;
2026/01/09;2100 UTC;0;997;997;996,7;528,5;29,8;23,1;30,8;29,8;25,6;23,1;76;67;67;;4,8;1,7;
2026/01/09;2200 UTC;13,2;998,1;998,1;997;51,6;25,4;24,5;29,8;25,4;25,3;22,6;98;66;95;;12;4,5;
2026/01/09;2300 UTC;7,2;998,6;998,8;997,8;,8;24,7;24,7;25,5;24,6;24,8;24;100;93;100;;12;1,8;
2026/01/10;0000 UTC;4,8;999,4;999,7;998,6;,5;24,2;24,2;24,7;24,2;24,7;24,2;100;99;100;;6;1,2;
2026/01/10;0100 UTC;,2;999,8;999,8;999,3;,3;24,5;24,5;24,5;24,1;24,5;24,1;100;100;100;;2,5;0;
2026/01/10;0200 UTC;0;999,9;1000,1;999,8;0;24,4;24,4;24,5;24,4;24,5;24,4;100;100;100;;1,5;0;
2026/01/10;0300 UTC;0;999,7;999,9;999,6;0;24,4;24,4;24,6;24,4;24,6;24,4;100;100;100;;1,7;0;
2026/01/10;0400 UTC;0;999,1;999,8;999,1;0;24,3;24,3;24,5;24,3;24,5;24,3;100;100;100;;2,5;1,1;
2026/01/10;0500 UTC;0;998,7;999,1;998,6;0;23,8;23,4;24,4;23,8;24,3;23,4;100;97;98;;2,2;,4;
2026/01/10;0600 UTC;0;998,4;998,7;998,4;0;23,7;23,3;23,9;23,7;23,8;23,2;100;96;97;;1,3;0;
2026/01/10;0700 UTC;0;998,1;998,4;998,1;,1;23,6;23,6;23,8;23,4;23,8;23,2;100;97;100;;1,3;0;
2026/01/10;0800 UTC;0;998,2;998,3;998;0;23,4;23,4;23,6;23,3;23,6;23,3;100;100;100;;1,6;,2;
2026/01/10;0900 UTC;0;998,7;998,7;998,3;0;23,1;23,1;23,4;23,1;23,4;23,1;100;100;100;;1,1;0;
2026/01/10;1000 UTC;0;999,4;999,4;998,7;62,9;23,2;23,2;23,2;23;23,2;23;100;100;100;;1,3;,2;
2026/01/10;1100 UTC;0;999,7;999,7;999,4;338,1;24;24;24;23,2;24;23,2;100;100;100;;2,4;,9;
2026/01/10;1200 UTC;0;1000,6;1000,6;999,7;990,7;25,2;24,4;25,4;24;24,8;24;100;94;95;;2,3;,4;
2026/01/10;1300 UTC;0;1000,6;1000,8;1000,6;1667,6;26,7;24,5;26,8;25,2;25;24,2;96;87;88;;5;3,1;
2026/01/10;1400 UTC;0;1000;1000,6;1000;1874,5;27,8;24;27,8;26,5;24,9;23,8;90;80;80;;6,7;3,6;
2026/01/10;1500 UTC;0;999,5;1000;999,5;3537,8;29,6;22,4;29,8;27,8;24,6;22,4;81;65;65;;6,9;3,1;
2026/01/10;1600 UTC;0;998,7;999,5;998,7;2968,3;30,6;22,6;30,7;29,6;24;22;72;62;62;;5,8;2,9;
2026/01/10;1700 UTC;0;997,7;998,7;997,7;2807,7;31,7;22,5;31,7;30,4;23,7;21,9;66;57;58;;7,1;1,6;
2026/01/10;1800 UTC;0;996,8;997,7;996,8;2370,7;32,4;22,2;32,4;31,4;23,4;21,6;63;53;55;;6,1;1,4;
2026/01/10;1900 UTC;0;996,1;996,8;996,1;2256,6;32,9;22,8;33,5;32,4;23,4;21,4;60;50;55;;3;,3;
2026/01/10;2000 UTC;0;995,8;996,1;995,7;1260;30,9;24,5;33;30,9;24,8;21,6;70;51;69;;4,3;1,1;
2026/01/10;2100 UTC;0;996,1;996,1;995,7;474,4;29;23;31,1;29;25;22,9;71;62;70;;6,3;2,2;
2026/01/10;2200 UTC;0;996,5;996,5;996,1;58,7;27,9;24,5;29;27,7;24,8;23;84;70;82;;4,6;,7;
2026/01/10;2300 UTC;0;996,9;996,9;996,5;0;27,8;22,2;28,1;27,5;24,6;22,1;83;71;72;;5,8;2,7;
2026/01/11;0000 UTC;0;997,7;997,8;996,9;0;27;23,6;27,8;27;23,7;22,3;82;72;82;;6;1,6;
2026/01/11;0100 UTC;0;998,2;998,2;997,6;0;26,7;24,5;27;26,7;24,5;23,7;88;82;88;;3,6;2,5;
2026/01/11;0200 UTC;0;998,4;998,4;998;0;26,3;24,4;26,7;26,3;24,7;24,3;90;88;89;;3,7;2,4;
2026/01/11;0300 UTC;0;998,6;998,7;998,1;0;26,1;23,7;26,3;26,1;24,4;23,6;89;86;87;;5,1;2,7;
2026/01/11;0400 UTC;0;998,1;998,7;998,1;0;25,5;23,9;26,1;25,5;24,3;23,6;91;86;91;;4,1;1,8;
2026/01/11;0500 UTC;0;997,7;998,3;997,7;0;25;24,5;25,5;25;24,5;23,9;97;91;97;;2,9;1,2;
2026/01/11;0600 UTC;0;997,6;997,7;997,4;0;24,6;24,4;25;24,6;24,5;24,2;99;96;99;;2,3;0;
2026/01/11;0700 UTC;0;997,6;997,6;997,4;0;24,3;24,3;24,6;24,3;24,6;24,3;100;99;100;;1;,3;
2026/01/11;0800 UTC;0;998,1;998,1;997,6;0;24,1;24,1;24,3;24,1;24,3;24,1;100;100;100;;1,4;0;
2026/01/11;0900 UTC;0;998,8;998,8;998,1;0;23,9;23,9;24,1;23,9;24,1;23,8;100;100;100;;,5;0;
2026/01/11;1000 UTC;0;999,6;999,6;998,8;123,7;24,1;24,1;24,1;23,8;24,1;23,8;100;100;100;;2,6;1,2;
2026/01/11;1100 UTC;0;999,9;1000,1;999,6;527,6;25,1;24,6;25,1;24,1;24,6;24,1;100;96;97;;3,6;2,2;
2026/01/11;1200 UTC;0;1000,6;1000,7;999,9;1257,5;27,2;23,9;27,3;25,2;24,9;23,9;97;82;82;;7,8;4,3;
2026/01/11;1300 UTC;0;1000,4;1000,7;1000,4;1603,7;28,4;23,3;28,4;27,1;24,1;23,1;83;74;74;;9,8;4,9;
2026/01/11;1400 UTC;0;999,9;1000,4;999,9;2543,2;30,3;23,1;30,3;28,4;23,9;22,7;75;65;65;;8,8;4,1;
2026/01/11;1500 UTC;0;999,7;999,9;999,7;2347,4;30,2;22,1;30,7;30;23,5;21,8;67;60;62;;8,7;4,9;
2026/01/11;1600 UTC;0;998,9;999,7;998,9;2704,2;31,3;22,9;31,6;30,1;23;21,7;63;57;61;;8,6;2,9;
2026/01/11;1700 UTC;0;997,9;998,9;997,9;2794,7;32;22,5;32,1;31,2;23,2;21,5;62;54;57;;9,1;3,8;
2026/01/11;1800 UTC;0;996,6;997,9;996,6;2607,6;32,4;21,5;32,6;31,8;22,6;21,3;58;52;53;;7,6;4;
2026/01/11;1900 UTC;0;995,6;996,6;995,6;1960,2;32,4;21,8;33;32,3;22,4;21,3;55;51;54;;7;3,5;
2026/01/11;2000 UTC;0;995,4;995,6;995,3;1325,3;32;21,8;33,1;32;22,5;21,3;56;51;55;;6,1;2,3;
2026/01/11;2100 UTC;0;995,8;995,9;995,3;438,5;29,1;23,5;32;29,1;24;21,7;73;54;72;;12,7;4;
2026/01/11;2200 UTC;0;996,6;996,7;995,8;22,4;27,7;23,5;29,1;27,7;24,1;22,9;80;69;78;;6;,6;
2026/01/11;2300 UTC;0;997,8;997,8;996,6;0;26,8;24,4;27,7;26,7;24,4;23,4;87;78;87;;2,8;0;
2026/01/12;0000 UTC;0;998,8;998,8;997,8;0;26,5;23,6;26,8;26,2;25;23,3;91;83;84;;1;0;
2026/01/12;0100 UTC;0;999,3;999,4;998,8;0;27,1;23,5;27,3;26,5;23,9;23,1;84;79;81;;5;2,5;
2026/01/12;0200 UTC;0;999,7;999,7;999,1;0;25,9;24,2;27,1;25,9;24,2;23,3;91;81;91;;3,6;1,3;
2026/01/12;0300 UTC;0;999,5;999,7;999,5;0;25,6;23,1;25,9;25,5;24,4;23,1;93;86;86;;2,9;1,7;
2026/01/12;0400 UTC;0;998,9;999,5;998,9;0;25,1;23,4;25,6;25,1;23,5;22,8;90;85;90;;3,5;1,8;
2026/01/12;0500 UTC;0;998,3;998,9;998,2;0;24,8;23;25,1;24,8;23,3;22,9;91;88;90;;3,3;1,5;
2026/01/12;0600 UTC;0;998,6;998,7;998,3;0;23,9;23,5;24,8;23,9;23,7;23;98;90;98;;2,4;0;
2026/01/12;0700 UTC;0;998,5;998,6;998,4;0;24,2;23,9;24,2;23,9;23,9;23,3;99;95;99;;2,3;,4;
2026/01/12;0800 UTC;0;999,1;999,1;998,5;0;23,7;23,6;24,2;23,7;23,9;23,6;100;99;100;;1,5;,8;
2026/01/12;0900 UTC;0;999,3;999,3;999;0;23,9;23,9;23,9;23,7;23,9;23,5;100;99;100;;1,8;,5;
2026/01/12;1000 UTC;0;1000;1000;999,3;93;24,1;24,1;24,1;23,7;24,1;23,7;100;100;100;;1,8;0;
2026/01/12;1100 UTC;0;1000,6;1000,6;1000;511,1;25,1;24,7;25,1;24,1;24,7;24,1;100;97;97;;2,2;1,3;
2026/01/12;1200 UTC;0;1001,1;1001,1;1000,6;1198,8;26,9;24,8;26,9;25,1;25,1;24,5;97;88;88;;5,7;3,5;
2026/01/12;1300 UTC;0;1000,6;1001;1000,6;1867,9;28,6;24,4;28,7;26,9;24,9;23,8;88;76;78;;8,2;4,9;
2026/01/12;1400 UTC;0;1000,1;1000,6;1000,1;3150,7;30,9;22,4;31;28,4;24,4;22,3;78;60;61;;10,6;6,5;
2026/01/12;1500 UTC;0;999,5;1000,1;999,5;3037,1;31,8;22,3;32,1;30,7;23,3;21,8;64;57;57;;10,1;5,5;
2026/01/12;1600 UTC;0;998,8;999,5;998,8;3032,3;32,6;22,5;32,7;31,3;22,8;21,9;60;54;55;;10,4;4;
2026/01/12;1700 UTC;0;998,1;998,8;998,1;2690,4;33,2;22,4;33,2;32,1;22,9;21,5;57;51;53;;8,5;3,6;
2026/01/12;1800 UTC;0;997,4;998,1;997,4;2172,9;32,8;22,6;33,5;32,8;22,6;21,1;55;49;55;;7;2,1;
2026/01/12;1900 UTC;0;997;997,4;997;779,8;31,6;24,3;32,8;31;25,4;22;71;53;65;;4,9;,2;
2026/01/12;2000 UTC;0;997,1;997,4;996,9;714;28,1;24,2;31,8;28,1;24,7;22,8;79;59;79;;6,7;2,1;
2026/01/12;2100 UTC;0;997,3;997,3;996,8;267,3;27,6;24;28,5;27,6;24,4;22,7;81;72;81;;6,2;1,9;
2026/01/12;2200 UTC;0;997,3;997,4;997,1;9,1;26,8;24,5;27,6;26,8;25,2;23,6;91;80;87;;4,5;,7;
2026/01/12;2300 UTC;,4;997,5;997,9;997,3;,3;25,8;25,1;27,1;25,8;26,4;24,4;99;86;96;;4;,1;
2026/01/13;0000 UTC;0;998,2;998,3;997,5;,2;25,4;25,4;25,9;25,4;25,8;24,9;100;94;100;;3;1,8;
2026/01/13;0100 UTC;0;999,3;999,3;998,2;,3;25,5;24,9;25,7;25,4;25,7;24,7;100;96;97;;3;,4;
2026/01/13;0200 UTC;0;999,5;999,6;999,2;1,3;25,6;24,9;25,7;25,5;25;24,5;97;94;96;;3,3;,2;
2026/01/13;0300 UTC;0;999,3;999,7;999,3;,4;25,2;24,7;25,6;25,2;24,9;24,1;97;93;97;;1,1;,2;
2026/01/13;0400 UTC;0;998,8;999,3;998,8;0;24,9;24,9;25,2;24,9;25,2;24,6;100;97;100;;1,4;0;
2026/01/13;0500 UTC;0;998,8;998,9;998,7;0;24,6;24,5;24,9;24,5;24,9;24,5;100;100;100;;2,6;1,3;
2026/01/13;0600 UTC;0;998,6;998,8;998,6;0;24,5;24,5;24,7;24,5;24,6;24,5;100;99;100;;2,6;0;
2026/01/13;0700 UTC;0;998,5;998,6;998,3;0;24,4;24,4;24,6;24,3;24,6;24,3;100;100;100;;1,4;,5;
2026/01/13;0800 UTC;0;998,6;998,7;998,5;0;24,3;24,3;24,6;24,3;24,6;24,3;100;100;100;;1,4;0;
2026/01/13;0900 UTC;0;998,9;998,9;998,5;,1;24,1;24,1;24,4;24,1;24,4;24,1;100;100;100;;1;,1;
2026/01/13;1000 UTC;0;999,5;999,5;998,9;77,2;24,2;24,2;24,2;23,9;24,2;23,9;100;100;100;;1,9;0;
2026/01/13;1100 UTC;0;1000,1;1000,1;999,5;588,2;25,8;25,2;25,8;24,2;25,6;24,3;100;96;97;;3,5;1,9;
2026/01/13;1200 UTC;0;1000;1000,3;1000;1397,6;27,4;24,5;27,4;25,8;25,5;24,4;97;84;84;;9,6;6,7;
2026/01/13;1300 UTC;0;1000;1000,1;1000;1772,2;29,4;23,9;29,4;27,4;24,9;23,9;85;72;72;;10,5;5,5;
2026/01/13;1400 UTC;0;999,9;1000,1;999,8;2903;31;23,5;31,2;29,3;24,7;23,2;74;63;64;;10,5;5,6;
2026/01/13;1500 UTC;0;999,3;999,9;999,3;2377,5;30,9;22,6;31,6;30,5;24;22,5;68;60;62;;9,7;5,1;
2026/01/13;1600 UTC;0;998,2;999,3;998,2;2826,4;31,9;22,5;32,3;30,8;23,3;22,2;63;56;58;;8,9;3,7;
2026/01/13;1700 UTC;0;997,2;998,2;997,2;2868,4;32,9;22,7;33,5;31,9;23,4;21,8;59;52;55;;7;2,9;
2026/01/13;1800 UTC;0;996,1;997,2;996,1;2538,5;33,9;23,3;33,9;32,4;24;22,3;61;52;54;;5,2;2,1;
2026/01/13;1900 UTC;0;995,7;996,1;995,7;1201,8;30,2;24,4;33,9;30,1;24,5;21,9;72;51;71;;8,5;3,1;
2026/01/13;2000 UTC;0;995,8;996;995,6;593,4;28,7;25,2;30,8;28,7;26,1;24,4;81;71;81;;9,4;1,8;
2026/01/13;2100 UTC;0;996,2;996,2;995,7;132,7;28,6;25,2;28,7;27,8;26;24,4;88;80;82;;3,1;,5;
2026/01/13;2200 UTC;0;997,1;997,1;996;19,9;27,5;26,6;28,6;27,5;26,6;25,2;95;82;95;;4,5;2,2;
2026/01/13;2300 UTC;,6;997,6;997,9;997,1;4,9;24,1;23,9;27,5;24;26,7;23,5;99;89;99;;12;,1;
2026/01/14;0000 UTC;,2;998,9;998,9;997,5;0;24,6;24,6;24,6;24,1;24,6;23,9;100;98;100;;4,5;,9;
2026/01/14;0100 UTC;0;999,4;999,5;998,8;,5;25,4;25,4;25,4;24,6;25,4;24,6;100;98;100;;4,7;,6;
2026/01/14;0200 UTC;0;999,3;999,6;999,3;,2;25,2;25,2;25,5;25,2;25,5;25,2;100;100;100;;2,2;,2;
2026/01/14;0300 UTC;0;999,4;999,4;999,3;,8;25,3;25,3;25,6;25,1;25,6;25,1;100;99;100;;1,5;,3;
2026/01/14;0400 UTC;0;998,7;999,3;998,6;,1;25;25;25,4;25;25,4;25;100;100;100;;1,2;0;
2026/01/14;0500 UTC;0;999,2;999,4;998,7;0;24,8;24,8;25;24,7;25;24,7;100;100;100;;1,5;,6;
2026/01/14;0600 UTC;0;999;999,2;998,9;,1;24,7;24,7;25;24,7;25;24,7;100;100;100;;4,6;1,1;
2026/01/14;0700 UTC;,4;998,5;999;998;,1;24;23,9;24,7;23,9;24,7;23,9;100;100;100;;3,5;,5;
2026/01/14;0800 UTC;0;998,6;998,7;998,4;0;23,8;23,8;24;23,6;23,9;23,6;100;100;100;;2,5;0;
2026/01/14;0900 UTC;0;999;999;998,6;0;24,1;24,1;24,1;23,8;24,1;23,8;100;100;100;;,6;0;
2026/01/14;1000 UTC;0;999,6;999,6;999;42,7;24,4;24,4;24,4;24,1;24,4;24,1;100;100;100;;2;,8;
2026/01/14;1100 UTC;0;1000;1000;999,6;459,3;25,1;25,1;25,1;24,4;25,1;24,4;100;100;100;;1,8;1,1;
2026/01/14;1200 UTC;0;1000,7;1000,7;1000;980,1;26,3;25,6;26,4;25;25,9;25;100;95;96;;4,3;2,9;
2026/01/14;1300 UTC;0;1000,7;1000,9;1000,7;1273,4;27,3;25,4;27,4;26,2;26;25,2;98;89;90;;5,5;2,4;
2026/01/14;1400 UTC;0;1000,3;1000,7;1000,3;1958,3;28,8;24,2;29,4;27,3;25,8;24,1;91;75;76;;7,3;4;
2026/01/14;1500 UTC;0;999,9;1000,4;999,9;1253,7;29,2;24,4;29,2;28,5;24,7;24,1;80;74;75;;6,4;3,5;
2026/01/14;1600 UTC;0;999;999,9;999;2199;30,1;24,9;30,4;29,2;25,1;23,9;76;69;74;;8,7;4,6;
2026/01/14;1700 UTC;0;997,7;999;997,7;2936,4;31,3;24,2;31,4;30,1;25,1;23,7;74;65;66;;8,7;3,8;
2026/01/14;1800 UTC;0;996,7;997,7;996,7;1800;31;24,1;31,7;30,5;25;23,7;72;63;67;;6,3;2,1;
2026/01/14;1900 UTC;0;995,9;996,7;995,9;1550,1;30,7;25,6;31,7;30,7;26,5;23,9;75;65;74;;3,8;,2;
2026/01/14;2000 UTC;1,8;997,3;997,3;995,9;302,3;25,2;24,9;30,8;25,2;26,9;24,5;98;73;98;;13;2,8;
2026/01/14;2100 UTC;0;997,8;997,8;997,2;203,2;24,5;24,5;25,8;24,4;25,7;24;100;96;100;;7,8;,4;
2026/01/14;2200 UTC;0;998,1;998,1;997,5;7,1;24,6;24,6;24,8;24,5;24,8;24,5;100;100;100;;1,7;,3;
2026/01/14;2300 UTC;0;998,6;998,6;998,1;0;24,6;24,6;24,7;24,3;24,6;24,3;100;100;100;;2,6;1,4;
2026/01/15;0000 UTC;0;998,6;999;998,6;0;24,3;24,3;24,6;24,2;24,6;24,2;100;100;100;;2,9;1,2;
2026/01/15;0100 UTC;0;999,3;999,3;998,5;0;24,3;24,2;24,4;24,2;24,3;24,2;100;100;100;;2,9;2,2;
2026/01/15;0200 UTC;0;999;999,5;998,9;0;24,3;24,3;24,3;24,2;24,3;24,2;100;100;100;;4,2;2,9;
2026/01/15;0300 UTC;0;998,9;999,2;998,8;0;24,1;24,1;24,4;24,1;24,4;24,1;100;100;100;;4,2;,9;
2026/01/15;0400 UTC;0;998,3;998,9;998,2;0;24,2;24,2;24,3;24,1;24,3;24,1;100;100;100;;2,5;0;
2026/01/15;0500 UTC;0;997,9;998,3;997,9;0;23,8;23,8;24,2;23,8;24,2;23,8;100;100;100;;,8;0;
2026/01/15;0600 UTC;0;998,1;998,1;997,9;0;24;24;24;23,8;24;23,8;100;100;100;;1;0;
2026/01/15;0700 UTC;0;998,1;998,2;998,1;0;24,1;24,1;24,1;24;24,1;24;100;100;100;;,5;0;
2026/01/15;0800 UTC;0;997,7;998,1;997,6;0;24,2;24,2;24,2;24;24,2;23,9;100;100;100;;2,3;1,6;
2026/01/15;0900 UTC;0;998;998;997,6;0;24;24;24,2;23,9;24,2;23,9;100;100;100;;2,3;,4;
2026/01/15;1000 UTC;0;999;999;998;79,9;24,1;24,1;24,1;23,7;24,1;23,7;100;100;100;;1,6;0;
2026/01/15;1100 UTC;0;1000;1000;999;375,3;24,8;24,8;24,8;24,1;24,8;24,1;100;100;100;;2,2;,5;
2026/01/15;1200 UTC;0;1000,7;1000,7;1000;1247,6;26,2;25,2;26,3;24,8;25,7;24,8;100;92;94;;6,8;3,6;
2026/01/15;1300 UTC;0;1000,7;1000,9;1000,7;1546,7;27,6;24,1;27,6;26,2;25,4;23,8;94;81;81;;7,7;5,2;
2026/01/15;1400 UTC;0;1000,5;1000,7;1000,4;2373,7;29,2;23,8;29,3;27,6;24,5;23,1;81;70;72;;8,4;4,2;
2026/01/15;1500 UTC;0;1000;1000,5;1000;1607;29,7;23,3;29,8;28,9;24,3;23,1;76;68;69;;7,6;3,6;
2026/01/15;1600 UTC;0;999,2;1000;999,2;2719,5;31,4;23,5;31,4;29,7;23,9;22,8;70;61;63;;7,1;2,8;
2026/01/15;1700 UTC;0;998,1;999,2;998,1;2296,2;30,8;23,9;31,9;30,8;24,2;22,7;67;60;67;;6,2;2,7;
2026/01/15;1800 UTC;0;996,9;998,1;996,9;2165,8;31,5;23,6;32,1;30,5;24,5;22,9;70;59;63;;5,5;3;
2026/01/15;1900 UTC;0;996,4;996,9;996,4;1354,6;31,5;24;31,7;30,9;24,5;23,3;68;61;65;;5,5;2;
2026/01/15;2000 UTC;0;996,1;996,4;995,9;1215;31,4;24,2;31,8;31,3;25,4;23;70;60;66;;5,4;,7;
2026/01/15;2100 UTC;0;996,9;996,9;996,1;307,3;28,9;25,3;31,4;28,8;26,4;23,6;84;64;81;;4,2;1,3;
2026/01/15;2200 UTC;0;998,1;998,1;996,9;15,3;27,1;24,7;29,1;27,1;25,3;23,3;87;77;87;;8,5;2,4;
2026/01/15;2300 UTC;0;998,4;998,5;998;0;25,6;24,3;27,1;25,6;24,8;24;95;87;93;;5,9;1;
2026/01/16;0000 UTC;0;999,5;999,6;998,4;0;25,2;24;25,6;25;24,4;23,8;95;92;94;;3,9;,4;
2026/01/16;0100 UTC;0;999,9;999,9;999,4;0;24,8;24,5;25,2;24,8;24,8;23,9;99;93;98;;2,3;,8;
2026/01/16;0200 UTC;,4;999,7;1000;999,7;0;24,6;24,6;25;24,6;25;24,5;100;98;100;;3;1,8;
2026/01/16;0300 UTC;0;1000,1;1000,1;999,7;0;24,5;24,4;24,6;24,4;24,6;24,4;100;100;100;;3;,5;
2026/01/16;0400 UTC;0;999,3;1000,1;999,3;0;24,2;24,2;24,5;24,2;24,5;24,2;100;100;100;;2,5;,2;
2026/01/16;0500 UTC;0;998,3;999,3;998,3;0;24,4;24,4;24,4;24,2;24,4;24,2;100;100;100;;2,3;,9;
2026/01/16;0600 UTC;0;998,4;998,4;998,2;0;24,2;24,2;24,4;24,2;24,4;24,2;100;100;100;;2,3;,3;
2026/01/16;0700 UTC;0;998,5;998,6;998,3;0;24,4;24,4;24,4;24,2;24,4;24,2;100;100;100;;2,3;,2;
2026/01/16;0800 UTC;0;998,6;998,8;998,5;0;24,1;24,1;24,5;24,1;24,5;24,1;100;100;100;;1,6;,3;
2026/01/16;0900 UTC;0;998,7;998,7;998,6;0;23,8;23,8;24,1;23,8;24,1;23,8;100;100;100;;1,6;,2;
2026/01/16;1000 UTC;0;999,1;999,1;998,7;98,9;24,3;24,2;24,3;23,8;24,3;23,8;100;100;100;;1,1;0;
2026/01/16;1100 UTC;0;999,9;999,9;999,1;521,3;25,3;25,3;25,3;24,2;25,3;24,2;100;100;100;;2;,7;
2026/01/16;1200 UTC;0;1000,1;1000,1;999,9;1206,6;27;25,3;27,1;25,3;25,7;25,3;100;90;90;;6,6;4,1;
2026/01/16;1300 UTC;0;1000,1;1000,3;1000,1;1666,4;28,6;24,8;28,6;26,9;25,6;24,4;92;79;80;;7,8;4,2;
2026/01/16;1400 UTC;0;999,8;1000,1;999,8;2596,1;30,2;23,9;30,3;28,6;24,8;23,2;80;67;69;;8,2;3,9;
2026/01/16;1500 UTC;0;999,3;999,9;999,3;2850,2;31,1;23,9;31,5;29,9;24,5;23;70;63;65;;8,1;3,7;
2026/01/16;1600 UTC;0;998,6;999,3;998,6;2008,6;31,1;23,7;31,8;30,5;24,4;22,9;69;60;65;;7,2;3,2;
2026/01/16;1700 UTC;0;997,6;998,6;997,5;2297,5;32,1;24,1;32,3;31,1;24,4;23;68;59;63;;6,5;2,3;
2026/01/16;1800 UTC;0;996,6;997,6;996,6;1351,8;29,1;25,3;32,4;29,1;25,7;23,2;81;59;80;;7,2;2,2;
2026/01/16;1900 UTC;0;995,9;996,6;995,9;1910,7;32,3;23,6;32,3;29,1;25,9;23,6;82;60;60;;3,4;1;
2026/01/16;2000 UTC;5;995,8;996,2;995,7;1111;29,3;26,7;32,9;27,3;28,6;23,8;98;59;86;;7,1;,6;
2026/01/16;2100 UTC;0;996,2;996,4;995,8;604;27,9;25,6;30,1;27,9;27,5;23,3;87;70;87;;6,3;,9;
2026/01/16;2200 UTC;0;996,9;996,9;996;117,4;27,6;26;28;27,5;26,1;24,8;92;83;91;;3,7;1,3;
2026/01/16;2300 UTC;0;998,3;998,3;996,9;0;25,6;24,7;27,6;25,6;26,1;24,5;94;90;94;;8,4;2,4;
2026/01/17;0000 UTC;0;998,8;998,8;998,1;0;25,6;25,1;25,7;25,4;25,2;24,5;97;94;97;;4,3;1,7;
2026/01/17;0100 UTC;0;999,5;999,5;998,8;0;25,1;24,8;25,7;25,1;25,2;24,8;99;95;99;;6,9;3,7;
2026/01/17;0200 UTC;0;999,6;999,7;999,4;0;24,7;24,6;25,1;24,6;24,9;24,3;100;97;100;;6,6;1,1;
2026/01/17;0300 UTC;0;998,9;999,6;998,9;0;24,7;24,7;24,7;24,6;24,7;24,6;100;100;100;;2,6;0;
2026/01/17;0400 UTC;0;998,8;998,9;998,7;0;24,6;24,6;24,7;24,5;24,7;24,5;100;100;100;;2,3;,2;
2026/01/17;0500 UTC;0;997,9;998,8;997,9;0;24,5;24,5;24,6;24,4;24,6;24,4;100;100;100;;4,3;1;
2026/01/17;0600 UTC;0;997,9;998;997,7;0;24;24;24,5;24;24,5;24;100;100;100;;2,1;,1;
2026/01/17;0700 UTC;0;998;998,1;997,9;0;24,2;24,2;24,3;24;24,3;24,1;100;100;100;;1,1;,5;
2026/01/17;0800 UTC;0;998,6;998,6;998;0;24;24;24,2;23,9;24,2;23,9;100;100;100;;2,2;,5;
2026/01/17;0900 UTC;0;998,6;998,8;998,5;0;23,9;23,9;24,1;23,9;24,1;23,9;100;100;100;;1,7;0;
2026/01/17;1000 UTC;0;999;999,1;998,6;98,6;24,2;24,2;24,2;23,8;24,2;23,8;100;100;100;;1,4;0;
2026/01/17;1100 UTC;0;999,6;999,6;999;746,7;25,5;25,2;25,5;24,2;25,2;24,2;100;97;98;;3,2;1,9;
2026/01/17;1200 UTC;0;1000,3;1000,3;999,6;1144,1;26,9;24,9;26,9;25,4;25,3;24,7;98;89;89;;7,4;4,2;
2026/01/17;1300 UTC;0;1000,6;1000,6;1000,3;1731,1;27,9;24,4;27,9;26,8;25;24,2;90;81;81;;9,7;5,4;
2026/01/17;1400 UTC;0;1000,3;1000,6;1000,3;2046,6;28,9;23,9;28,9;27,9;25;23,8;81;74;74;;8,7;4,5;
2026/01/17;1500 UTC;0;999,8;1000,4;999,8;2726,9;30,3;23,3;30,5;28,9;24,3;22,9;76;64;66;;8,9;4,7;
2026/01/17;1600 UTC;0;998,9;999,8;998,9;1782,8;30,3;23,5;30,5;29,9;23,7;22,5;69;63;67;;7,5;4,4;
2026/01/17;1700 UTC;0;997,2;998,9;997,2;2487,1;31,4;23,2;31,7;30,2;24,9;22,7;69;61;62;;6,8;3;
2026/01/17;1800 UTC;0;995,8;997,2;995,8;1786,1;31,6;24;31,7;30,8;24;22,7;67;60;64;;6,6;3,1;
2026/01/17;1900 UTC;0;995,3;995,8;995,3;2074,5;30,7;23,7;32;30,7;25,3;23,7;72;62;66;;6,7;3,1;
2026/01/17;2000 UTC;0;995,5;995,5;995,3;804,4;30,6;24,5;30,9;30,5;24,7;23,2;70;64;70;;4,8;2,8;
2026/01/17;2100 UTC;9,2;997,1;997,1;995,5;208,5;24,9;24,8;30,5;24,9;25,8;23,1;100;70;100;;12,1;3,7;
2026/01/17;2200 UTC;10,6;998;998;997;3,7;23,9;23,9;24,9;23,8;24,8;23,8;100;100;100;;10,9;2,1;
2026/01/17;2300 UTC;1,2;998,1;998,2;997,7;,2;23,4;23,4;24;23,4;24;23,4;100;100;100;;4,4;1,2;
2026/01/18;0000 UTC;,2;999;999;998,1;,1;23,4;23,4;23,6;23,2;23,6;23,2;100;100;100;;2,7;1,1;
2026/01/18;0100 UTC;,2;999,6;999,8;999;0;23,8;23,8;23,8;23,4;23,8;23,5;100;100;100;;2,9;,5;
2026/01/18;0200 UTC;,6;999,7;999,7;999,5;0;23,7;23,7;23,8;23,7;23,8;23,7;100;100;100;;1,7;,1;
2026/01/18;0300 UTC;0;999,6;999,8;999,6;0;23,8;23,8;23,8;23,6;23,8;23,6;100;100;100;;1,5;,5;
2026/01/18;0400 UTC;0;998,9;999,6;998,9;0;24;24;24;23,8;24;23,8;100;100;100;;1,6;,2;
2026/01/18;0500 UTC;0;998,6;999;998,6;0;24,1;24;24,1;23,8;24;23,8;100;100;100;;3,4;,2;
2026/01/18;0600 UTC;0;997,9;998,6;997,9;0;24;24;24,2;24;24,2;24;100;100;100;;3,1;1,8;
2026/01/18;0700 UTC;0;997,8;997,9;997,5;0;23,9;23,8;24,1;23,8;24,1;23,8;100;100;100;;3;1,1;
2026/01/18;0800 UTC;0;997,9;997,9;997,5;0;23,8;23,8;23,9;23,8;23,9;23,8;100;100;100;;2;,7;
2026/01/18;0900 UTC;0;998,7;998,7;997,8;0;23,8;23,7;23,9;23,8;23,9;23,7;100;100;100;;2;1;
2026/01/18;1000 UTC;0;999,1;999,1;998,7;25;23,9;23,9;23,9;23,7;23,9;23,7;100;100;100;;2;,4;
2026/01/18;1100 UTC;0;999,8;999,8;999,1;177,6;24,2;24,2;24,2;23,8;24,2;23,8;100;100;100;;2,3;0;
2026/01/18;1200 UTC;0;1000,2;1000,2;999,8;459,8;25;25;25;24,2;25;24,2;100;100;100;;2,9;1,2;
2026/01/18;1300 UTC;0;1000,1;1000,3;1000,1;1158,5;25,6;24,9;25,7;24,8;25,3;24,7;100;95;96;;5,2;3,6;
2026/01/18;1400 UTC;0;1000,3;1000,3;1000,1;2029,2;27,4;24,9;27,4;25,6;25,5;24,8;96;86;86;;6,8;3,7;
2026/01/18;1500 UTC;,2;1000;1000,4;1000;1594,6;28;24,3;28;27,2;25,3;24,1;88;80;80;;6,8;3;
2026/01/18;1600 UTC;0;999,1;1000;999,1;1394,2;28,7;24,2;28,8;28;25,1;23,6;82;76;76;;7;2;
2026/01/18;1700 UTC;0;998,4;999,1;998,4;1610,2;29;24,8;29,2;28,7;25,2;23,9;79;74;78;;4,4;1,6;
2026/01/18;1800 UTC;0;997,6;998,4;997,6;1066,9;28,9;24,9;29,1;28,8;26;24,4;84;77;79;;3,8;,6;
2026/01/18;1900 UTC;0;996,6;997,6;996,6;1636,9;29,5;24;29,6;28,9;25,5;23,7;81;71;72;;3,8;1,4;
2026/01/18;2000 UTC;0;996,4;996,6;996,4;527,5;28,9;25,5;29,6;28,9;25,5;23,6;82;72;82;;3,1;1;
2026/01/18;2100 UTC;0;996,3;996,4;996,1;181,9;28;26,1;28,9;27,5;26,3;25,2;93;81;89;;1,4;0;
2026/01/18;2200 UTC;0;997;997;996,3;48;26,7;26,1;28,1;26,7;26,5;25,6;98;87;97;;1,5;0;
2026/01/18;2300 UTC;0;998,5;998,5;997;0;26,4;24,7;26,9;26,4;26,7;24,7;100;90;90;;8,1;4,7;
2026/01/19;0000 UTC;0;999,5;999,5;998,4;,2;25,1;24,6;26,4;25,1;24,8;24,1;97;89;97;;9,1;2,8;
2026/01/19;0100 UTC;0;999,7;999,7;999,4;0;24,6;24,2;25,1;24,5;24,8;24,2;99;97;98;;6,9;4,1;
2026/01/19;0200 UTC;0;999,2;999,7;999,2;0;24,5;23,8;24,6;24,5;24,2;23,5;98;94;96;;6,2;2,6;
2026/01/19;0300 UTC;0;999,6;999,6;999,2;0;24,4;24;24,5;24,4;24,1;23,7;98;96;98;;3,6;1,8;
2026/01/19;0400 UTC;0;998,9;999,6;998,9;0;24,4;24,2;24,4;24,3;24,2;24;99;98;99;;3,5;,2;
2026/01/19;0500 UTC;0;998,1;998,9;998,1;0;24,3;24,3;24,4;24,3;24,4;24,1;100;99;100;;1;0;
2026/01/19;0600 UTC;0;998,2;998,2;997,8;0;24,2;24,2;24,4;24,1;24,3;24,1;100;100;100;;1,5;,1;
2026/01/19;0700 UTC;0;998,3;998,4;998,1;0;24,1;24,1;24,2;24,1;24,2;24,1;100;100;100;;2,5;,8;
2026/01/19;0800 UTC;0;998,7;998,7;998,3;0;24;24;24,2;23,9;24,1;23,9;100;100;100;;2,5;,1;
2026/01/19;0900 UTC;0;998,9;999;998,6;0;23,7;23,7;24;23,7;24;23,7;100;100;100;;2,7;,1;
2026/01/19;1000 UTC;0;999,8;999,8;998,9;19,4;23,8;23,8;23,8;23,7;23,8;23,7;100;100;100;;2,3;0;
2026/01/19;1100 UTC;0;1001,1;1001,1;999,8;67,1;23,9;23,9;23,9;23,8;23,9;23,8;100;100;100;;2,1;,8;
2026/01/19;1200 UTC;1,4;1001,5;1001,5;1001,1;180,8;24,2;24,2;24,2;23,9;24,2;23,9;100;100;100;;4,1;1,1;
2026/01/19;1300 UTC;,2;1001,3;1001,6;1001,3;615,8;25,1;25;25,1;24,2;25;24,2;100;100;100;;4,4;2,8;
2026/01/19;1400 UTC;0;1000,9;1001,3;1000,9;1115,6;25,8;25,3;25,9;24,9;25,7;24,9;100;96;97;;4,6;2,3;
2026/01/19;1500 UTC;0;1000,4;1000,9;1000,4;1836,7;27,5;25,6;27,5;25,8;26;25,2;98;88;89;;7;4,2;
2026/01/19;1600 UTC;0;999,9;1000,5;999,9;1542,2;28,1;25;28,2;27,5;25,5;24,4;89;82;83;;9,1;5,2;
2026/01/19;1700 UTC;0;999,5;1000,1;999,5;1565,7;26,1;23,5;28;24,8;24,2;23,1;94;81;86;;11,4;5,5;
2026/01/19;1800 UTC;0;998,8;999,5;998,8;1297,6;25,8;23,4;26,7;25,8;24;23,1;87;83;87;;11,4;4,3;
2026/01/19;1900 UTC;0;998,3;998,8;998,3;839,3;25,8;23,2;26;25,7;23,7;22,9;88;84;86;;12,6;3,8;
2026/01/19;2000 UTC;0;997,8;998,3;997,6;1212,9;26;23,2;26,3;25,8;23,5;22,6;86;81;84;;10,2;3,6;
2026/01/19;2100 UTC;0;997,5;997,8;997,4;382,8;25,4;22,3;26;25,4;23,3;22,2;86;80;83;;7,4;3,9;
2026/01/19;2200 UTC;0;997,4;997,6;997,4;24,1;24,4;22,7;25,4;24,3;22,7;22;91;82;90;;6,5;2,5;
2026/01/19;2300 UTC;0;998,2;998,2;997,4;0;23,8;22,9;24,4;23,8;23,1;22,6;95;90;95;;3,9;1,2;
2026/01/20;0000 UTC;0;998,9;998,9;998,2;0;23,2;23,2;23,8;23,2;23,2;22,8;100;94;100;;2,1;,9;
2026/01/20;0100 UTC;0;999,5;999,6;998,9;0;23;23;23,2;23;23,2;23;100;100;100;;3,2;1;
2026/01/20;0200 UTC;0;999,7;999,8;999,5;0;22,7;22,7;23;22,7;23;22,7;100;100;100;;2,8;,4;
2026/01/20;0300 UTC;0;999,6;999,8;999,6;0;22,1;22,1;22,7;22,1;22,7;22,1;100;100;100;;1,1;0;
2026/01/20;0400 UTC;0;998,9;999,6;998,9;0;21,8;21,8;22,1;21,7;22,1;21,7;100;100;100;;1,4;0;
2026/01/20;0500 UTC;0;998,2;998,9;998,1;0;21,9;21,9;22;21,8;22;21,8;100;100;100;;0;0;
2026/01/20;0600 UTC;0;997,9;998,2;997,9;0;21,8;21,8;21,9;21,8;21,9;21,8;100;100;100;;,1;0;
2026/01/20;0700 UTC;0;997,8;997,9;997,8;0;21,9;21,9;21,9;21,7;21,9;21,7;100;100;100;;0;0;
2026/01/20;0800 UTC;0;997,8;997,9;997,7;0;22;22;22;21,9;22;21,9;100;100;100;;,3;0;
2026/01/20;0900 UTC;0;998,2;998,2;997,8;0;21,9;21,9;22;21,9;22;21,9;100;100;100;;,4;0;
2026/01/20;1000 UTC;0;999;999;998,2;73,9;22,4;22,3;22,4;21,9;22,4;21,9;100;100;100;;,9;0;
2026/01/20;1100 UTC;0;999,7;999,8;999;591,6;23,3;23,3;23,3;22,4;23,3;22,4;100;100;100;;1,8;1,3;
2026/01/20;1200 UTC;0;1000,2;1000,3;999,7;1475,6;25,9;24,6;26;23,3;25;23,3;100;92;93;;4,9;2,5;
2026/01/20;1300 UTC;0;1000,6;1000,6;1000,2;1809,6;27,3;23,7;27,3;25,8;25;23,7;94;81;81;;6,4;3,8;
2026/01/20;1400 UTC;0;1000,2;1000,7;1000,2;2834,3;29,2;22,3;29,4;27,3;24,3;22,2;82;66;66;;8,6;5,3;
2026/01/20;1500 UTC;0;999,6;1000,2;999,6;3259,3;30;21,4;30,4;29,1;22,9;20,8;69;57;60;;10,9;5,4;
2026/01/20;1600 UTC;0;998,6;999,6;998,6;3450,3;31,4;20,6;31,4;30;22;20,3;60;52;53;;10,4;6,6;
2026/01/20;1700 UTC;0;997,8;998,7;997,8;3191,2;32,1;19,7;32,2;31,1;21,2;19,6;55;48;48;;11,8;7;
2026/01/20;1800 UTC;0;997;997,8;996,9;2859,9;32,2;20,1;32,5;31,7;21,1;19,5;51;47;49;;12,1;7;
2026/01/20;1900 UTC;0;996,5;997;996,5;2107,5;32,4;20;32,6;31,7;20,6;19,6;50;47;48;;10,8;5,4;
2026/01/20;2000 UTC;0;995,8;996,5;995,8;1310,5;31,8;19,6;32,4;31,7;20,3;19,1;49;46;49;;9,7;5,9;
2026/01/20;2100 UTC;0;995,8;995,8;995,7;483,5;30,4;20;31,8;30,4;20,3;19,4;55;48;54;;9,3;3,9;
2026/01/20;2200 UTC;0;996,6;996,6;995,8;31,3;27,7;24,2;30,5;27,7;24,2;19,7;81;53;81;;6,6;2,3;
2026/01/20;2300 UTC;0;997,3;997,3;996,6;0;26,6;25,1;27,7;26,6;25,1;24,3;92;81;92;;4,7;,7;
2026/01/21;0000 UTC;0;998,1;998,1;997,3;0;25,6;25;26,6;25,6;25,2;25;96;92;96;;3,1;1,4;
2026/01/21;0100 UTC;0;998,9;998,9;998,1;0;25,1;24,8;25,6;25,1;25;24,7;98;96;98;;2,8;0;
2026/01/21;0200 UTC;0;998,9;999;998,9;0;24,7;24,5;25,1;24,7;24,8;24,5;99;98;99;;2;,2;
2026/01/21;0300 UTC;0;999,1;999,2;998,9;0;24,5;24;24,7;24,5;24,5;23,9;99;96;97;;2,6;,9;
2026/01/21;0400 UTC;0;998,9;999,1;998,8;0;24,2;23,7;24,5;24,2;24,1;23,7;98;97;97;;3;,7;
2026/01/21;0500 UTC;0;998,3;998,9;998,3;0;23,7;23,4;24,2;23,7;23,7;23,3;98;96;98;;2,1;,3;
2026/01/21;0600 UTC;0;997,8;998,3;997,8;0;23,1;23,1;23,7;23,1;23,5;23,1;100;98;100;;1,8;,2;
2026/01/21;0700 UTC;0;997,4;997,8;997,4;0;22,7;22,7;23,1;22,7;23,1;22,7;100;100;100;;1,1;0;
2026/01/21;0800 UTC;0;997,6;997,6;997,3;0;22,7;22,7;22,7;22,6;22,7;22,6;100;100;100;;1,9;,6;
2026/01/21;0900 UTC;0;997,9;997,9;997,6;0;22,3;22,3;22,7;22,3;22,7;22,3;100;100;100;;1,7;0;
2026/01/21;1000 UTC;0;998,5;998,5;997,9;120,8;22,9;22,9;22,9;22,2;22,9;22,2;100;100;100;;1,1;,1;
2026/01/21;1100 UTC;0;999,3;999,3;998,5;515,7;24,2;23,6;24,2;22,9;23,6;22,9;100;96;97;;1,4;,3;
2026/01/21;1200 UTC;0;999,7;999,7;999,3;1517,5;27,2;24,2;27,2;24,2;24,7;23,5;97;84;84;;5,5;3,5;
2026/01/21;1300 UTC;0;999,6;999,7;999,6;2475;29,1;24,4;29,1;27,2;24,6;23,5;84;73;76;;7,8;3,9;
2026/01/21;1400 UTC;0;999,4;999,7;999,4;3121,4;30,2;22,9;30,6;29,1;24,2;22,8;76;64;65;;7,7;3,6;
2026/01/21;1500 UTC;0;998,7;999,4;998,7;2165,7;30,6;22,9;31,1;29,9;23,7;22,7;69;61;64;;7,7;4,1;
2026/01/21;1600 UTC;0;997,5;998,7;997,5;2741,1;31,7;22,3;32;30,5;23,8;22,3;66;57;57;;7,1;2,8;
2026/01/21;1700 UTC;0;996,4;997,5;996,4;2840,5;32,9;22,3;32,9;31,7;23,7;22,3;61;54;54;;7,3;3,3;
2026/01/21;1800 UTC;0;995,2;996,4;995,2;1965;32,8;22,5;32,9;31,9;23,8;22,1;61;53;55;;6,4;2,7;
2026/01/21;1900 UTC;0;994,5;995,2;994,5;2145,8;32,6;23,4;33,4;32,6;23,9;21,9;60;52;58;;7,5;1;
2026/01/21;2000 UTC;0;994,4;994,6;994,4;1279,5;32,5;23,5;32,9;32,4;24,3;22,7;62;56;59;;4,2;,6;
2026/01/21;2100 UTC;0;994,8;994,8;994,3;449,5;31,1;23,2;32,5;31,1;24,8;22,5;66;59;63;;5,2;2,2;
2026/01/21;2200 UTC;0;995,8;995,8;994,8;25;26,1;25;31,1;26,1;25,8;23,1;94;63;93;;7,8;,5;
2026/01/21;2300 UTC;0;996,8;996,8;995,8;0;26,1;24,8;26,1;25,8;25,1;23,9;95;88;93;;5;,1;
2026/01/22;0000 UTC;0;998,1;998,1;996,8;0;26,1;24,7;26,3;26,1;24,7;23,9;93;87;92;;4;1,7;
2026/01/22;0100 UTC;0;998,4;998,4;998;0;25,8;25;26,1;25,7;25;24,6;96;92;96;;3,5;1,4;
2026/01/22;0200 UTC;0;998,5;998,6;998,4;0;25,8;25,2;25,8;25,7;25,3;25;98;96;96;;2,5;,2;
2026/01/22;0300 UTC;0;998,5;998,5;998,4;0;25,4;25,3;25,8;25,4;25,6;25,2;99;96;99;;1,9;1,1;
2026/01/22;0400 UTC;0;998,1;998,5;998,1;0;25,4;25,4;25,5;25,4;25,4;25,3;100;99;100;;1,8;,4;
2026/01/22;0500 UTC;0;998;998,3;998;0;25,3;25,3;25,5;25,3;25,4;25,3;100;100;100;;1,3;0;
2026/01/22;0600 UTC;0;997,4;998;997,4;0;25,1;25,1;25,4;25,1;25,4;25,1;100;100;100;;,9;0;
2026/01/22;0700 UTC;0;997,6;997,6;997,3;0;24,8;24,8;25,1;24,8;25,1;24,8;100;100;100;;,7;0;
2026/01/22;0800 UTC;0;997,6;997,7;997,4;0;24,7;24,7;24,9;24,7;24,9;24,7;100;100;100;;,6;0;
2026/01/22;0900 UTC;0;997,9;997,9;997,6;0;24,5;24,5;24,8;24,5;24,7;24,5;100;100;100;;2,2;,4;
2026/01/22;1000 UTC;0;998,7;998,7;997,9;71,9;24,6;24,6;24,6;24,4;24,6;24,4;100;100;100;;2,1;0;
2026/01/22;1100 UTC;0;999,9;999,9;998,7;410,9;25,5;25,5;25,5;24,6;25,5;24,6;100;100;100;;1,5;,1;
2026/01/22;1200 UTC;0;1000,3;1000,3;999,9;833,5;26,3;25;26,4;25,4;25,6;24,9;100;92;93;;2,4;,7;
2026/01/22;1300 UTC;0;1000,4;1000,5;1000,3;954,4;27,2;25,4;27,2;26,3;25,7;25;95;88;90;;2,9;1;
2026/01/22;1400 UTC;0;999,9;1000,4;999,9;1558,5;28,2;25,6;28,5;27,2;25,7;24,6;90;80;86;;4,2;,7;
2026/01/22;1500 UTC;0;999;999,9;999;1886,6;28,6;24,8;28,8;28,2;26,9;24,8;92;80;80;;2,9;,8;
2026/01/22;1600 UTC;0;997,8;999;997,8;2148,7;30,1;24,7;30,1;28,6;25,9;24,6;82;72;73;;3,8;1,4;
2026/01/22;1700 UTC;0;996,7;997,8;996,7;2984,4;31,2;24,4;31,7;30,1;25;23,7;73;63;67;;4,7;1,5;
2026/01/22;1800 UTC;0;995,4;996,7;995,4;2117,4;31,2;25,1;32;31,1;25,2;23,6;71;62;70;;5,2;1;
2026/01/22;1900 UTC;0;994,6;995,4;994,6;1949,9;32,2;24,9;32,2;31,1;25,6;24,4;72;64;66;;3,9;1;
2026/01/22;2000 UTC;0;994,4;994,6;994;1441,9;31,9;24,7;32,3;31,7;25,2;24,3;67;63;66;;4,7;,8;
2026/01/22;2100 UTC;0;994,7;994,8;994,3;412;30,3;25,7;31,9;30,3;26;24,5;77;65;77;;4,3;,6;
2026/01/22;2200 UTC;0;995,9;995,9;994,7;15,5;28,3;25,6;30,3;28,3;26,2;25,6;86;77;86;;4,3;,5;
2026/01/22;2300 UTC;0;997,3;997,3;995,9;,2;25,7;23,7;28,3;25,7;25,7;23,7;89;84;89;;8;3,5;
2026/01/23;0000 UTC;0;998,2;998,2;997,3;0;24,8;24,1;25,7;24,8;24,1;23,7;96;89;96;;7;1,1;
2026/01/23;0100 UTC;0;999,4;999,4;998,2;0;24,3;23,8;24,8;24,3;23,9;23,6;98;94;98;;3,8;1,1;
2026/01/23;0200 UTC;0;999,5;999,9;999,3;0;24;23,9;24,3;24;23,9;23,7;100;97;100;;5;2,3;
2026/01/23;0300 UTC;0;999,2;999,5;999,2;0;23,9;23,9;24;23,9;23,9;23,9;100;100;100;;3,5;1,2;
2026/01/23;0400 UTC;0;998,5;999,3;998,5;0;24;24;24;23,9;24;23,9;100;100;100;;2,5;,7;
2026/01/23;0500 UTC;0;997,3;998,5;997,3;0;23,9;23,9;24,1;23,9;24,1;23,9;100;100;100;;1,6;0;
2026/01/23;0600 UTC;0;997,1;997,4;997,1;0;24,1;24,1;24,1;23,9;24,1;23,9;100;100;100;;,9;0;
2026/01/23;0700 UTC;0;997,4;997,4;997,1;0;24,2;24,2;24,2;24,1;24,2;24,1;100;100;100;;1,2;,8;
2026/01/23;0800 UTC;0;997,8;997,8;997,4;0;24,1;24,1;24,2;24,1;24,2;24,1;100;100;100;;1,5;,5;
2026/01/23;0900 UTC;0;998,4;998,4;997,8;0;24,2;24,2;24,3;24,1;24,3;24,1;100;100;100;;1,4;0;
2026/01/23;1000 UTC;0;999,2;999,2;998,4;29,5;24,4;24,4;24,4;24,2;24,4;24,2;100;100;100;;,7;0;
2026/01/23;1100 UTC;0;999,9;999,9;999,2;294,6;25;25;25,1;24,4;25,1;24,4;100;100;100;;1,5;,5;
2026/01/23;1200 UTC;0;1000,1;1000,1;999,9;825,8;26,4;25,4;26,4;25,1;25,7;25,1;100;94;94;;3,1;1,7;
2026/01/23;1300 UTC;0;1000;1000,2;999,9;1165,9;28,1;25,2;28,1;26,3;25,7;24,6;95;82;84;;5,2;3,6;
2026/01/23;1400 UTC;0;999,9;1000,1;999,9;1514;29,7;24,4;29,8;28;24,9;24;84;71;73;;6,5;3,1;
2026/01/23;1500 UTC;0;999,5;999,9;999,5;2741,9;30,5;24,1;31,3;29,6;24,9;23,8;74;66;69;;6,9;3,2;
2026/01/23;1600 UTC;0;998,5;999,5;998,5;2115,6;31,8;23,8;31,8;30,4;24,6;23,7;71;63;63;;5,9;3;
2026/01/23;1700 UTC;0;997,5;998,5;997,5;2201,3;31,6;25,4;32,4;31,1;25,4;23;70;59;69;;6,9;1,7;
2026/01/23;1800 UTC;2,8;996,3;997,5;996,3;953,9;27,2;26,6;32;26,5;26,6;23,1;97;61;96;;10,6;,9;
2026/01/23;1900 UTC;0;995,5;996,3;995,5;490,6;27;26,7;27,7;27;27;26;98;91;98;;3,2;1,6;
2026/01/23;2000 UTC;0;996,1;996,1;995,5;200,6;26;25,7;27;26;26,7;25,6;100;97;98;;4,7;2,3;
2026/01/23;2100 UTC;0;996,2;996,4;996,1;236,3;25,5;25,1;26;25,5;26;24,9;100;96;98;;4,5;1,4;
2026/01/23;2200 UTC;,2;997,7;997,8;996,1;27;25,7;25,7;25,7;25,4;25,7;25;100;97;100;;3,2;,5;
2026/01/23;2300 UTC;88,2;1000,3;1000,3;997,7;2,9;22,7;22,7;25,7;22,7;25,6;22,7;100;99;100;;11,4;4,5;
2026/01/24;0000 UTC;8,8;1000,8;1000,8;1000,2;0;22,7;22,7;22,8;22,6;22,8;22,6;100;100;100;;8,7;,5;
2026/01/24;0100 UTC;26,8;1002,1;1002,2;1000,8;,2;22,7;22,7;23;22,7;23;22,7;100;100;100;;10,5;1;
2026/01/24;0200 UTC;6,8;1001,8;1002,3;1001,8;,1;22,5;22,5;22,8;22,5;22,8;22,5;100;100;100;;5,1;3;
2026/01/24;0300 UTC;7,4;1001,6;1002,3;1001,6;,1;22,5;22,5;22,6;22,5;22,6;22,5;100;100;100;;5;0;
2026/01/24;0400 UTC;1,8;1000,9;1001,6;1000,9;0;22,6;22,6;22,6;22,5;22,6;22,5;100;100;100;;2,5;,1;
2026/01/24;0500 UTC;,2;999,8;1000,9;999,8;0;22,6;22,6;22,6;22,6;22,6;22,6;100;100;100;;2,8;0;
2026/01/24;0600 UTC;,4;998,8;999,8;998,8;0;22,5;22,5;22,6;22,5;22,6;22,5;100;100;100;;1,3;,8;
2026/01/24;0700 UTC;,2;998,5;998,8;998,5;0;22,6;22,6;22,7;22,5;22,7;22,5;100;100;100;;2,2;0;
2026/01/24;0800 UTC;0;998,2;998,5;998,2;0;22,6;22,6;22,6;22,5;22,6;22,5;100;100;100;;,8;0;
2026/01/24;0900 UTC;0;998,8;998,8;998,2;0;22,5;22,5;22,6;22,4;22,6;22,4;100;100;100;;1,1;0;
2026/01/24;1000 UTC;0;999,8;999,8;998,8;27,4;22,6;22,6;22,6;22,5;22,6;22,5;100;100;100;;2,2;,4;
2026/01/24;1100 UTC;0;1000,5;1000,5;999,8;197,6;22,9;22,9;23;22,6;23;22,6;100;100;100;;1,7;,1;
2026/01/24;1200 UTC;0;1000,9;1000,9;1000,5;501,8;23,8;23,8;23,8;22,9;23,8;22,9;100;100;100;;1;,1;
2026/01/24;1300 UTC;0;1001,1;1001,1;1000,8;866,4;24,6;24,6;24,8;23,6;24,8;23,6;100;100;100;;1,6;,7;
2026/01/24;1400 UTC;0;1000,9;1001,1;1000,8;1386,7;25,7;25,1;25,8;24,6;25,8;24,6;100;96;96;;2,4;,4;
2026/01/24;1500 UTC;0;1000,3;1000,9;1000,3;1592,9;26,4;24,5;26,5;25,6;25,6;24,3;99;89;89;;4,6;1,2;
2026/01/24;1600 UTC;0;999,4;1000,3;999,4;1943,6;27,8;24,9;27,8;26,3;25,4;23,9;90;82;84;;4,6;1,3;
2026/01/24;1700 UTC;0;998,6;999,4;998,6;1988,2;29;25,2;29;27,8;25,5;24,1;85;78;80;;3,9;1,7;
2026/01/24;1800 UTC;0;997,7;998,6;997,7;1538,5;29,4;25,2;29,5;28,8;25,7;24,3;83;74;78;;4;,9;
2026/01/24;1900 UTC;0;997,2;997,7;997,2;1018,2;28,9;26,1;29,5;28,9;26,2;24,4;86;75;85;;2,5;,3;
2026/01/24;2000 UTC;0;997,4;997,5;997,1;671,4;29,1;25;29,1;28,6;26,8;25;90;78;78;;1,8;,1;
2026/01/24;2100 UTC;0;997,3;997,4;997,1;804,1;28,3;26,4;29,6;28,3;27;24,2;91;73;89;;2,4;,2;
2026/01/24;2200 UTC;0;998,5;998,5;997,3;27,1;26,6;26,6;28,3;26,5;27;26,4;100;89;100;;5,1;2,2;
2026/01/24;2300 UTC;0;1000;1000,1;998,5;1,8;24,6;24,1;26,6;24,6;26,6;24,1;100;95;97;;7,2;3,6;
2026/01/25;0000 UTC;0;1000,8;1000,8;1000;,4;24;23,9;24,5;24;24,3;23,7;100;97;99;;7,7;1,1;
2026/01/25;0100 UTC;,2;1000,3;1001;1000,3;0;23,8;23,8;24;23,7;23,9;23,5;100;98;100;;2,4;1,3;
2026/01/25;0200 UTC;,2;1000,4;1000,4;1000,3;0;23,8;23,8;23,9;23,8;23,9;23,8;100;100;100;;2,4;,3;
2026/01/25;0300 UTC;0;1000,5;1000,5;1000,3;0;23,7;23,7;23,8;23,7;23,8;23,7;100;100;100;;1,2;0;
2026/01/25;0400 UTC;0;1000,3;1000,5;1000,3;0;23,9;23,9;24;23,7;24;23,8;100;100;100;;2,3;,1;
2026/01/25;0500 UTC;0;1000,1;1000,3;1000;0;24;24;24,2;23,9;24,1;23,9;100;100;100;;,9;0;
2026/01/25;0600 UTC;0;999,7;1000,1;999,7;0;24;24;24,2;24;24,2;24;100;100;100;;1,1;0;
2026/01/25;0700 UTC;,2;999,4;999,7;999,4;0;23,9;23,9;24;23,8;24;23,8;100;100;100;;1,3;0;
2026/01/25;0800 UTC;0;999,2;999,4;999,2;0;23,7;23,7;23,9;23,7;23,9;23,7;100;100;100;;,8;0;
2026/01/25;0900 UTC;0;999,8;999,8;999,2;0;23,5;23,5;23,7;23,4;23,7;23,4;100;100;100;;1,2;,4;
2026/01/25;1000 UTC;0;1000,2;1000,2;999,8;54,3;23,8;23,8;23,8;23,5;23,8;23,5;100;100;100;;1,1;0;
2026/01/25;1100 UTC;0;1000,9;1000,9;1000,2;669,9;24,8;24,8;24,8;23,8;24,8;23,8;100;100;100;;1,5;,7;
2026/01/25;1200 UTC;0;1001,4;1001,4;1000,9;1272,1;26;25,6;26;24,8;25,6;24,8;100;95;97;;4,5;2,2;
2026/01/25;1300 UTC;0;1001,2;1001,4;1001,2;1749,1;27,5;25,2;27,5;26,1;25,7;24,5;97;86;87;;4,5;2,4;
2026/01/25;1400 UTC;0;1000,8;1001,2;1000,8;3030;29,5;23,9;29,7;27,5;25,3;23,7;87;71;72;;7,8;2,8;
2026/01/25;1500 UTC;0;1000,2;1000,9;1000,2;2783,1;30,3;23,8;30,3;29,2;25,1;23,4;77;68;68;;6;2,4;
2026/01/25;1600 UTC;0;999,7;1000,2;999,7;2869,3;31;23,8;31,1;30,1;24,6;23,1;72;64;66;;6,9;3,2;
2026/01/25;1700 UTC;0;999;999,7;999;2645,8;31,7;23,3;31,7;30,7;24,9;23;70;61;61;;5,6;1,4;
2026/01/25;1800 UTC;0;997,9;999;997,9;2586,7;32,1;23,6;32,3;31,1;24,7;23,2;67;59;61;;4,3;1,2;
2026/01/25;1900 UTC;0;996,9;997,9;996,9;2053,9;31,9;24;32,3;31,8;25;22,6;67;57;63;;4,7;1,1;
2026/01/25;2000 UTC;0;996,5;996,9;996,5;992,8;31,8;24,3;32;31;26,4;23,2;77;61;64;;2,7;,5;
2026/01/25;2100 UTC;0;997,1;997,1;996,5;474,3;29,3;25,1;31,9;29,3;26,1;23,7;81;62;78;;2,4;0;
2026/01/25;2200 UTC;0;998;998;997,1;24,9;28,3;24,6;29,3;28,3;25,5;24,6;84;78;80;;,9;0;
2026/01/25;2300 UTC;0;998,5;998,5;997,9;0;27,8;24,9;28,5;27,7;26,6;24,4;92;80;85;;,8;0;
2026/01/26;0000 UTC;0;1000,3;1000,3;998,5;0;26,6;23,9;27,8;26,6;27;23,9;98;85;85;;6,7;2,8;
2026/01/26;0100 UTC;0;1000,9;1000,9;1000,3;0;25,3;23,4;26,6;25,2;23,9;23,1;89;83;89;;7,1;1,7;
2026/01/26;0200 UTC;0;1000,6;1001;1000,6;0;24,6;23,5;25,3;24,6;23,6;23,3;94;89;94;;2,6;1;
2026/01/26;0300 UTC;0;1000,7;1000,9;1000,7;0;24,1;23,9;24,7;24;24;23,5;99;94;99;;2;1,3;
2026/01/26;0400 UTC;0;1000,3;1000,7;1000,2;0;23,9;23,9;24,2;23,9;24,2;23,8;100;99;100;;2;,3;
2026/01/26;0500 UTC;0;999,7;1000,3;999,7;0;23,7;23,7;24;23,7;24;23,7;100;100;100;;1,2;0;
2026/01/26;0600 UTC;0;999,4;999,7;999,4;0;23,9;23,9;23,9;23,7;23,9;23,7;100;100;100;;1,3;,1;
2026/01/26;0700 UTC;0;999,4;999,5;999,3;0;23,9;23,9;24;23,9;24;23,9;100;100;100;;1,3;,2;
2026/01/26;0800 UTC;0;999,8;999,8;999,4;0;23,9;23,9;24;23,8;24;23,8;100;100;100;;1,7;,4;
2026/01/26;0900 UTC;0;1000,3;1000,3;999,8;0;23,7;23,7;24;23,7;24;23,7;100;100;100;;1,4;0;
2026/01/26;1000 UTC;0;1001,2;1001,2;1000,3;101,9;23,8;23,7;23,8;23,5;23,7;23,5;100;100;100;;1,4;0;
2026/01/26;1100 UTC;0;1002;1002;1001,2;509,7;24,9;24,8;25;23,7;24,9;23,7;100;100;100;;1,2;,1;
2026/01/26;1200 UTC;0;1002,1;1002,2;1002;1266;26,9;25,5;26,9;24,9;25,7;24,7;100;91;92;;4,8;2,9;
2026/01/26;1300 UTC;0;1002,2;1002,3;1002;1864,5;28,9;25,5;28,9;26,9;25,6;24,8;92;80;82;;7,8;4;
2026/01/26;1400 UTC;0;1002,1;1002,2;1002;2258,5;29,8;24,5;29,9;28,9;25,7;24,4;82;72;73;;7,9;4,9;
2026/01/26;1500 UTC;0;1001,6;1002,1;1001,6;2932,9;30,8;24,3;31;29,6;25;24,1;75;67;68;;7,8;3,7;
2026/01/26;1600 UTC;0;1000,5;1001,6;1000,5;2602;31,7;25;31,7;30,6;25;23,3;70;62;68;;5,8;2,6;
2026/01/26;1700 UTC;0;999,2;1000,5;999,2;1924,9;31,6;23,5;31,9;31;25;22,9;69;60;63;;5,4;1,7;
2026/01/26;1800 UTC;0;997,9;999,2;997,9;2496,8;31,4;26,9;32,6;30,7;26,9;22;79;55;77;;6;2,2;
2026/01/26;1900 UTC;0;997,4;997,9;997,4;1185,7;29,5;27,2;31,7;29,5;27,7;24,6;90;68;88;;4,2;1,1;
2026/01/26;2000 UTC;3,8;998;998;997,3;287,5;27,4;27;29,6;27,4;27,3;25,3;98;82;98;;7;1,9;
2026/01/26;2100 UTC;4,6;999,4;999,4;998;136,2;23;23;27,4;23;27,1;23;100;96;100;;13,3;5,3;
2026/01/26;2200 UTC;0;1000,3;1000,8;999,4;20,3;23,5;23,5;23,5;22,9;23,5;22,9;100;100;100;;9,7;4,4;
2026/01/26;2300 UTC;1;1001,3;1001,3;999,3;1;23,7;23,7;23,7;23,4;23,7;23,4;100;100;100;;7;1,4;
2026/01/27;0000 UTC;3,2;1003;1003;1001,3;1,7;22,5;22,5;23,8;22,5;23,8;22,5;100;100;100;;11,2;3,4;
2026/01/27;0100 UTC;1,4;1002,9;1003;1002,6;,3;22,5;22,5;22,5;22,3;22,5;22,3;100;100;100;;6,3;,3;
2026/01/27;0200 UTC;,6;1002,6;1002,9;1002,5;0;22,5;22,5;22,5;22,4;22,5;22,4;100;100;100;;2;,3;
2026/01/27;0300 UTC;1,2;1002,2;1002,7;1002,2;0;22,5;22,5;22,6;22,5;22,6;22,5;100;100;100;;1,3;,1;
2026/01/27;0400 UTC;,4;1001,6;1002,2;1001,6;0;22,7;22,7;22,8;22,5;22,8;22,5;100;100;100;;1,3;0;
2026/01/27;0500 UTC;0;1000,7;1001,6;1000,7;0;22,8;22,8;22,8;22,6;22,8;22,6;100;100;100;;1,7;,2;
2026/01/27;0600 UTC;0;1000,1;1000,7;1000;0;22,7;22,7;22,9;22,7;22,9;22,7;100;100;100;;1,5;0;
2026/01/27;0700 UTC;0;999,9;1000,1;999,9;0;22,5;22,5;22,7;22,5;22,7;22,5;100;100;100;;1,2;0;
2026/01/27;0800 UTC;0;1000,3;1000,3;999,8;0;22,4;22,4;22,5;22,3;22,5;22,3;100;100;100;;,3;0;
2026/01/27;0900 UTC;0;1000,9;1000,9;1000,3;0;22,4;22,4;22,5;22,3;22,5;22,3;100;100;100;;,9;0;
2026/01/27;1000 UTC;0;1001,8;1001,8;1000,9;94,5;23;23;23;22,4;23;22,4;100;100;100;;2,4;0;
2026/01/27;1100 UTC;0;1003,1;1003,1;1001,8;138,6;23,1;23,1;23,4;23,1;23,4;23,1;100;100;100;;6,5;1,9;
2026/01/27;1200 UTC;5,8;1003,5;1003,5;1003,1;842,4;23,8;23,8;23,8;22,8;23,8;22,8;100;100;100;;7,1;1,3;
2026/01/27;1300 UTC;0;1003,2;1003,6;1003,2;1668,6;24,7;23,7;24,8;23,6;24,1;23,2;100;94;94;;6,3;3,1;
2026/01/27;1400 UTC;0;1002,8;1003,3;1002,8;1898,5;26,3;24,2;26,4;24,7;24,5;23,7;96;88;88;;5;1,3;
2026/01/27;1500 UTC;0;1002,1;1002,8;1002,1;2884,3;28,9;24,9;28,9;26,3;25,5;24,1;91;79;79;;5,8;2,8;
2026/01/27;1600 UTC;0;1001,4;1002,1;1001,4;2957,6;29,8;25,3;30,1;28,8;25,3;24;81;71;77;;7,6;3,6;
2026/01/27;1700 UTC;0;1000,2;1001,4;1000,2;2729,1;30,5;24,3;30,9;29,5;25,1;23,6;77;66;70;;7,6;4,1;
2026/01/27;1800 UTC;0;999,5;1000,3;999,4;1630,3;29,6;25,4;30,6;29,4;26,3;23,4;83;66;78;;7,1;,5;
2026/01/27;1900 UTC;15,6;1000,6;1000,6;999,4;338,6;24;24;29,6;24;25,8;24;100;77;100;;11,5;5,5;
2026/01/27;2000 UTC;26,6;1000,1;1000,6;1000;58,7;23,4;23,4;24;22,7;23,9;22,7;100;100;100;;11,5;,2;
2026/01/27;2100 UTC;,2;1000,8;1000,8;1000,1;45,6;23,8;23,8;23,9;23,4;23,8;23,4;100;100;100;;1,5;0;
2026/01/27;2200 UTC;1,4;1001,4;1001,5;1000,8;5,9;23,9;23,8;23,9;23,7;23,9;23,7;100;100;100;;1,5;,1;
2026/01/27;2300 UTC;,2;1002,4;1002,4;1001,4;0;23,9;23,9;24;23,7;24;23,7;100;100;100;;1,1;0;
2026/01/28;0000 UTC;,8;1002,8;1002,8;1002,4;0;23,8;23,8;24;23,8;24;23,8;100;100;100;;2,5;0;
2026/01/28;0100 UTC;0;1003;1003;1002,7;0;23,8;23,8;23,9;23,7;23,9;23,7;100;100;100;;1,5;,1;
2026/01/28;0200 UTC;6,8;1003,9;1004;1003;2,2;22,2;22,2;24,1;22,2;24,1;22,2;100;100;100;;8,5;5,1;
2026/01/28;0300 UTC;10,8;1003,5;1004,1;1003,5;,3;22,7;22,7;22,7;22,2;22,7;22,2;100;100;100;;8;3;
2026/01/28;0400 UTC;5;1003,1;1003,5;1003,1;0;22,8;22,8;22,8;22,7;22,8;22,7;100;100;100;;4,2;2,1;
2026/01/28;0500 UTC;2,2;1002,1;1003,2;1002,1;0;22,6;22,6;22,8;22,6;22,8;22,6;100;100;100;;6,4;2,5;
2026/01/28;0600 UTC;1,4;1001;1002,1;1001;0;22,4;22,4;22,6;22,4;22,6;22,4;100;100;100;;5,5;,5;
2026/01/28;0700 UTC;0;1000;1001;1000;0;22,2;22,2;22,4;22,2;22,4;22,2;100;100;100;;3,5;0;
2026/01/28;0800 UTC;0;1000;1000;999,9;0;22,2;22,2;22,3;22,2;22,3;22,2;100;100;100;;1,6;,9;
2026/01/28;0900 UTC;0;1000;1000;999,9;0;22,3;22,3;22,3;22,2;22,3;22,2;100;100;100;;2,6;,5;
2026/01/28;1000 UTC;0;1000,6;1000,6;1000;37,8;22,4;22,4;22,4;22,3;22,4;22,3;100;100;100;;2,8;1,3;
2026/01/28;1100 UTC;0;1001,2;1001,2;1000,6;206;23;23;23;22,4;23;22,4;100;100;100;;2,8;,1;
2026/01/28;1200 UTC;0;1002;1002;1001,2;363,4;23,5;23,5;23,5;22,9;23,5;22,9;100;100;100;;1,5;,1;
2026/01/28;1300 UTC;0;1002,5;1002,5;1002;1029,5;24,7;24,2;24,7;23,6;24,6;23,6;100;97;97;;2,4;,8;
2026/01/28;1400 UTC;0;1002,6;1002,7;1002,5;1481,9;25,7;23,5;25,7;24,7;24,6;23,5;98;88;88;;5,2;2,8;
2026/01/28;1500 UTC;0;1002,3;1002,6;1002,3;1390,5;26,4;23,2;26,4;25,6;24,1;22,8;90;81;83;;5,2;2,6;
2026/01/28;1600 UTC;0;1001,5;1002,3;1001,5;1632,6;28;24;28;26,4;24,6;22,9;88;74;79;;6,1;2,6;
2026/01/28;1700 UTC;,2;1000,6;1001,5;1000,6;3329,7;29,7;22,7;29,8;28;24,1;22,3;79;65;66;;10,6;5,5;
2026/01/28;1800 UTC;0;1000;1000,6;1000;3399,4;29,8;22,3;30,4;29,5;24,2;22,1;71;62;64;;8,4;4,7;
2026/01/28;1900 UTC;0;999,6;1000;999,6;1282,4;28,5;23,4;29,8;28,5;23,4;21,6;74;64;74;;7,5;1,6;
2026/01/28;2000 UTC;0;999,2;999,6;999,2;1030,6;29,1;24,1;29,1;28,4;24,1;22,7;77;70;74;;4,1;1,1;
2026/01/28;2100 UTC;0;999,5;999,5;999,2;389,2;27,9;25;29,3;27,9;25,5;23;85;70;84;;2,9;,1;
2026/01/28;2200 UTC;0;999,9;999,9;999,5;20,5;26,2;25;27,9;26,2;26,1;25;96;84;93;;2,2;,2;
2026/01/28;2300 UTC;0;1000,4;1000,4;999,9;0;25,9;24,7;26,4;25,9;25,3;24,5;94;91;93;;3,1;0;
2026/01/29;0000 UTC;0;1001,3;1001,4;1000,4;0;25,3;25,3;25,9;25,3;25,5;24,6;100;92;100;;1,7;0;
2026/01/29;0100 UTC;0;1001,5;1001,5;1001,2;0;24,7;24,7;25,4;24,7;25,4;24,7;100;100;100;;2,3;,5;
2026/01/29;0200 UTC;0;1001,3;1001,7;1001,3;0;24,3;24,3;24,8;24,3;24,8;24,2;100;100;100;;1,8;0;
2026/01/29;0300 UTC;0;1001,4;1001,4;1001,3;0;24,1;24,1;24,3;24,1;24,3;24,1;100;100;100;;0;0;
2026/01/29;0400 UTC;0;1001,2;1001,4;1001,2;0;23,7;23,7;24,1;23,6;24,1;23,6;100;100;100;;1,9;,3;
2026/01/29;0500 UTC;0;1000,6;1001,2;1000,6;0;23,3;23,2;23,7;23,2;23,7;23,2;100;100;100;;1,6;0;
2026/01/29;0600 UTC;0;1000;1000,6;1000;0;23,1;23,1;23,4;23,1;23,4;23,1;100;100;100;;,2;0;
2026/01/29;0700 UTC;0;1000,2;1000,2;999,9;0;22,8;22,8;23,3;22,8;23,3;22,8;100;100;100;;,9;0;
2026/01/29;0800 UTC;0;1000,5;1000,5;1000,2;0;22,9;22,9;22,9;22,7;22,9;22,7;100;100;100;;1,6;,1;
2026/01/29;0900 UTC;0;1001,4;1001,4;1000,5;0;23;23;23,1;22,9;23,1;22,9;100;100;100;;,9;0;
2026/01/29;1000 UTC;0;1002,4;1002,4;1001,4;72,2;22,9;22,9;23;22,7;23;22,7;100;100;100;;,5;0;
2026/01/29;1100 UTC;0;1003,6;1003,6;1002,4;477,9;24,3;24,3;24,3;22,9;24,3;22,9;100;100;100;;1,2;,1;
2026/01/29;1200 UTC;0;1003,8;1003,9;1003,6;1289,9;26;25;26;24,3;25;24,2;100;94;94;;4,8;2,9;
2026/01/29;1300 UTC;0;1003,6;1003,8;1003,5;2045;27,7;24,2;27,8;26;25,4;24;95;81;81;;8,3;5,3;
2026/01/29;1400 UTC;0;1003,3;1003,6;1003,3;2660,2;29;24;29,1;27,7;24,6;23,5;82;73;74;;8,5;4,3;
2026/01/29;1500 UTC;0;1002,5;1003,3;1002,5;2966,5;29,9;24,5;30,4;28,9;24,8;23,6;76;68;73;;9,1;3,4;
2026/01/29;1600 UTC;0;1001,5;1002,5;1001,5;2019,9;29,8;24,7;30,5;29,6;25;23,2;75;66;74;;6,3;2,2;
2026/01/29;1700 UTC;0;1000;1001,5;1000;3094,3;31,4;23,3;31,5;29,3;26,3;23,2;84;62;62;;5,7;,7;
2026/01/29;1800 UTC;0;999,1;1000;999,1;2340,8;31,6;24;31,7;30,9;25,1;23,3;71;61;64;;3,9;,6;
2026/01/29;1900 UTC;0;998,5;999,1;998,3;1645,6;30,6;26,5;32;30,6;26,5;24;79;64;79;;3,8;1,3;
2026/01/29;2000 UTC;0;997,9;998,5;997,8;1460,6;30,8;25,6;31,2;30,2;26,4;24,1;79;67;74;;5,4;1,2;
2026/01/29;2100 UTC;7,8;999,3;999,3;997,8;450,7;25,5;25,5;30,8;25,5;26,6;23,8;100;68;100;;12,6;7;
2026/01/29;2200 UTC;4,2;999,5;999,8;999,3;9,3;23,9;23,9;25,5;23,4;25,3;23,4;100;100;100;;12,6;0;
2026/01/29;2300 UTC;0;1000,5;1000,5;999,5;0;24,4;24,4;24,5;23,9;24,5;23,9;100;100;100;;1,4;,1;
2026/01/30;0000 UTC;0;1001,1;1001,1;1000,5;0;24,4;24,4;24,5;24,3;24,4;24,3;100;100;100;;,9;0;
2026/01/30;0100 UTC;0;1001,8;1001,8;1001,1;0;24,6;24,6;24,6;24,3;24,6;24,3;100;100;100;;1,8;1,3;
2026/01/30;0200 UTC;0;1002;1002,1;1001,8;0;24,4;24,4;24,6;24,4;24,6;24,4;100;100;100;;2,1;1,1;
2026/01/30;0300 UTC;0;1001,7;1002;1001,6;0;24,2;24,2;24,4;24,2;24,4;24,2;100;100;100;;2,5;,9;
2026/01/30;0400 UTC;0;1001;1001,7;1001;0;24;24;24,2;24;24,2;24;100;100;100;;1,9;,2;
2026/01/30;0500 UTC;,2;1000,1;1001;1000,1;0;23,9;23,9;24;23,8;24;23,8;100;100;100;;2,3;0;
2026/01/30;0600 UTC;0;999,7;1000,1;999,7;0;23,7;23,7;23,9;23,7;23,9;23,7;100;100;100;;1,7;0;
2026/01/30;0700 UTC;0;999,6;999,7;999,5;0;23,9;23,9;23,9;23,6;23,9;23,6;100;100;100;;2,1;,2;
2026/01/30;0800 UTC;0;999,7;999,8;999,4;0;24;24;24;23,9;24;23,9;100;100;100;;3,5;1,2;
2026/01/30;0900 UTC;0;999,7;999,8;999,7;0;23,8;23,7;24;23,7;24;23,7;100;100;100;;2,6;1,8;
2026/01/30;1000 UTC;0;1000,3;1000,3;999,7;77,8;24;24;24;23,7;24;23,7;100;100;100;;2,9;1,3;
2026/01/30;1100 UTC;0;1001,5;1001,5;1000,3;645,8;25,3;25,2;25,4;24;25,3;24;100;100;100;;4,8;3,2;
2026/01/30;1200 UTC;0;1002;1002,1;1001,5;1330,9;26,3;25;26,4;25,3;25,7;25;100;92;92;;9,3;6,4;
2026/01/30;1300 UTC;0;1002,3;1002,4;1002,1;1465,8;27,6;25,3;27,6;26,1;25,3;24,8;95;87;88;;9,1;5,8;
2026/01/30;1400 UTC;0;1001,8;1002,3;1001,8;2890,9;29,1;24,6;29,1;27,6;25,6;24,3;87;76;77;;10,6;7;
2026/01/30;1500 UTC;0;1001,1;1001,8;1001,1;2823,6;30,4;24,8;30,4;29,1;25,2;24,2;78;71;72;;10,4;4,9;
2026/01/30;1600 UTC;0;1000,4;1001,1;1000,4;2243,1;30;24,8;30,7;29,8;25,6;24,3;76;69;74;;10,2;4,1;
2026/01/30;1700 UTC;0;999,6;1000,4;999,6;3070,7;31,6;24,8;31,6;30;25,4;23,8;74;65;68;;9,1;3,2;
2026/01/30;1800 UTC;0;998,6;999,6;998,6;1425,5;30,4;26,2;31,9;30,3;26,5;24,5;80;65;78;;5,6;1,2;
2026/01/30;1900 UTC;0;997,8;998,6;997,8;1970,8;31,2;24,8;31,7;30,4;26,2;24,3;78;65;69;;6,3;2,3;
2026/01/30;2000 UTC;0;997,5;997,8;997,5;1209,2;30,5;25,8;31,9;30,4;26;24,3;77;64;76;;4,8;1,6;
2026/01/30;2100 UTC;0;997,8;997,9;997,4;494,8;28,4;25,5;30,9;28,4;26,7;25;89;72;85;;7,6;,6;
2026/01/30;2200 UTC;0;998,6;998,6;997,6;34,4;27,7;26,2;28,4;27,4;26,7;25,2;94;84;91;;4,8;2,8;
2026/01/30;2300 UTC;0;998,5;998,7;998,3;,5;26,4;26,2;27,7;26,3;26,4;25,9;99;90;99;;5,4;0;
2026/01/31;0000 UTC;0;999;999;998,5;0;26,2;26;26,4;26,1;26,2;25,8;100;98;98;;2;1,2;
2026/01/31;0100 UTC;0;999,7;999,7;999;0;26,1;26,1;26,3;26,1;26,3;25,9;100;98;100;;1,9;,7;
2026/01/31;0200 UTC;0;999,7;999,7;999,5;0;25,9;25,3;26,1;25,9;26,1;25,3;100;96;97;;3,4;2,1;
2026/01/31;0300 UTC;0;999,6;999,7;999,5;0;25,4;25,2;26;25,4;25,7;25,2;100;96;99;;2,8;1;
2026/01/31;0400 UTC;0;999,4;999,7;999,3;0;25,1;25,1;25,4;25;25,3;25;100;98;100;;2,5;1,2;
2026/01/31;0500 UTC;0;999,5;999,5;999,3;0;24,7;24,7;25,1;24,7;25;24,7;100;100;100;;1,9;0;
2026/01/31;0600 UTC;0;999,1;999,5;999,1;0;24,7;24,7;24,9;24,7;24,9;24,7;100;100;100;;2,9;1,3;
2026/01/31;0700 UTC;0;998,7;999,1;998,7;0;24,5;24,5;24,7;24,5;24,7;24,5;100;100;100;;2,4;1,8;
2026/01/31;0800 UTC;0;998,8;998,8;998,6;0;24,4;24,3;24,5;24,4;24,5;24,3;100;100;100;;2,7;1,3;
2026/01/31;0900 UTC;0;999,7;999,7;998,8;0;24,1;24,1;24,4;24,1;24,4;24,1;100;100;100;;2,5;,1;
2026/01/31;1000 UTC;0;1000,2;1000,2;999,6;70,6;24,3;24,3;24,3;24,1;24,3;24,1;100;100;100;;1,8;0;
2026/01/31;1100 UTC;0;1000,8;1000,8;1000,2;615,8;25,7;25,7;25,7;24,3;25,7;24,4;100;100;100;;4,7;3,1;
2026/01/31;1200 UTC;0;1001;1001;1000,8;1231,4;27,3;25,8;27,3;25,6;25,9;25,2;100;91;91;;8;4,5;
2026/01/31;1300 UTC;,2;1001,1;1001,3;1001;2025,8;28,7;25;28,7;27,2;25,8;25;91;80;81;;9;5,4;
2026/01/31;1400 UTC;0;1001;1001,2;1000,9;2313,5;29,6;24,7;29,7;28,6;25,4;24,4;81;75;75;;10,3;5,2;
2026/01/31;1500 UTC;0;1000,6;1001;1000,5;2908,8;30,4;25;30,8;29,5;25,5;24,4;77;70;73;;9,3;5;
2026/01/31;1600 UTC;0;999,7;1000,6;999,7;3164,7;31,7;25,5;31,8;29,9;25,5;24,3;75;64;70;;9;3,8;
2026/01/31;1700 UTC;0;998,5;999,7;998,5;2598,4;32,1;25;32,1;30,7;25,4;23,4;74;61;66;;6,8;3,8;
2026/01/31;1800 UTC;,2;997,4;998,5;997,4;2501,6;32,4;26;32,4;30,5;27,9;24;85;63;69;;6,5;,8;
2026/01/31;1900 UTC;0;996,6;997,4;996,6;2071;32,4;24,6;32,5;32,1;26,2;24,4;70;63;63;;4,7;1,9;
2026/01/31;2000 UTC;,6;996,3;996,6;996,3;1046,3;28,5;27,6;32,6;28,4;28;24,3;98;62;95;;8,2;1,2;
2026/01/31;2100 UTC;0;996,3;996,4;996,2;533,4;28,8;27,1;29,5;28,5;27,9;26,3;97;86;91;;3,5;,5;
2026/01/31;2200 UTC;0;996,5;996,5;996,3;32,9;27,8;26,8;28,8;27,8;27,3;26,6;95;91;94;;2,2;1,1;
2026/01/31;2300 UTC;0;997,2;997,2;996,5;0;27,2;26,8;27,8;27,2;27,2;26,7;99;94;98;;2,4;,2;
2026/02/01;0000 UTC;0;998,3;998,3;997,2;0;26,8;26,5;27,3;26,8;27,1;26,4;99;96;98;;1,7;,4;
2026/02/01;0100 UTC;0;999,1;999,1;998,3;0;26,7;25,3;26,8;26,3;26,7;25,3;100;92;92;;2,9;2;
2026/02/01;0200 UTC;0;999,6;999,6;999,1;0;26,8;24;27;26,7;25,4;24;93;85;85;;4,9;2,7;
2026/02/01;0300 UTC;0;999,5;999,7;999,5;0;26;24;26,8;25,9;24,7;23,9;91;85;88;;3,8;2,6;
2026/02/01;0400 UTC;0;998,8;999,5;998,8;0;25,4;24,4;26;25,4;24,4;24;94;88;94;;3,6;1,7;
2026/02/01;0500 UTC;0;998,7;998,9;998,7;0;24,9;24,4;25,4;24,9;24,5;24,3;97;94;97;;2,8;1,3;
2026/02/01;0600 UTC;0;998,7;998,9;998,6;0;24,1;24;24,9;24,1;24,5;24;100;97;100;;2;0;
2026/02/01;0700 UTC;0;998,2;998,7;998,1;0;24,1;24;24,1;24;24,1;24;100;100;100;;,6;0;
2026/02/01;0800 UTC;0;998,6;998,6;998,2;0;23,8;23,8;24,1;23,7;24;23,7;100;100;100;;,9;0;
2026/02/01;0900 UTC;0;998,8;998,8;998,5;0;23,3;23,3;24;23,3;24;23,3;100;100;100;;1,3;0;
2026/02/01;1000 UTC;0;999,4;999,4;998,8;75,6;23,2;23,2;23,6;23,2;23,5;23,2;100;100;100;;1,3;0;
2026/02/01;1100 UTC;0;999,9;999,9;999,4;630,7;25,2;25,1;25,2;23,2;25,1;23,2;100;99;99;;2;1,1;
2026/02/01;1200 UTC;0;1000,1;1000,2;999,9;1464,3;27,3;25,2;27,3;25,2;25,9;25;100;89;89;;7,8;4,9;
2026/02/01;1300 UTC;0;1000,3;1000,4;1000,1;1852,2;28,3;24,7;28,8;27,2;25,5;24,7;89;80;81;;7,8;4,5;
2026/02/01;1400 UTC;0;999,9;1000,4;999,9;2412,8;29,7;24;29,8;28,3;25,3;24;83;71;71;;6,9;4,4;
2026/02/01;1500 UTC;0;999,5;999,9;999,5;2445,8;30,7;23,6;30,7;29,7;24,9;23,5;74;66;66;;6,9;3;
2026/02/01;1600 UTC;0;998,9;999,5;998,9;3151,6;31,7;23,8;32,2;30,7;24,6;23,4;69;61;63;;5,6;2,9;
2026/02/01;1700 UTC;0;997,8;998,9;997,8;2892,8;32,1;23,3;32,2;31,5;25,1;23,3;68;60;60;;5,1;1,9;
2026/02/01;1800 UTC;0;996,9;997,8;996,9;2673,3;32,5;23,9;33;32,1;24,3;23,1;64;56;61;;5,8;1,8;
2026/02/01;1900 UTC;0;996,6;996,9;996,6;2050,7;32,2;24,9;32,8;32,2;25;22,8;65;56;65;;5,6;1,6;
2026/02/01;2000 UTC;0;996,6;996,7;996,6;1302,5;31,9;25,6;32,2;31,9;25,6;23,5;70;60;69;;3,8;,8;
2026/02/01;2100 UTC;0;996,7;996,8;996,6;637,3;29,8;25,8;31,9;29,8;26,9;25,1;79;70;79;;2,5;,5;
2026/02/01;2200 UTC;0;997,3;997,3;996,7;21,9;28,3;24,9;29,8;28,3;25,9;24,7;83;78;82;;1,6;,2;
2026/02/01;2300 UTC;0;998,1;998,1;997,3;0;27,7;25,3;28,4;27,7;26,1;24,8;88;81;87;;1;0;
2026/02/02;0000 UTC;0;998,9;998,9;998,1;0;27,3;25;27,7;27,3;25,7;25;90;86;87;;0;0;
2026/02/02;0100 UTC;0;999,9;999,9;998,9;0;26,9;25,5;27,3;26,7;26,8;24,9;100;87;92;;4,4;1,6;
2026/02/02;0200 UTC;0;1000,1;1000,3;999,9;0;26,6;24,9;27;26,6;25,5;24,8;92;89;91;;3,4;2;
2026/02/02;0300 UTC;0;999,8;1000,1;999,8;0;25,8;25,1;26,6;25,7;25,2;25;96;91;96;;3,4;1,3;
2026/02/02;0400 UTC;0;999,4;1000;999,4;0;25,6;25,1;25,9;25,6;25,2;25;97;95;97;;3,9;1,6;
2026/02/02;0500 UTC;0;999,3;999,4;999,2;0;25,4;25,2;25,6;25,3;25,3;25,1;99;97;99;;2,4;1,1;
2026/02/02;0600 UTC;0;998,9;999,4;998,9;0;24,8;24,8;25,4;24,8;25,2;24,8;100;99;100;;2,2;,6;
2026/02/02;0700 UTC;0;999,1;999,2;998,9;0;24,3;24,3;24,8;24,3;24,8;24,3;100;100;100;;1,8;,2;
2026/02/02;0800 UTC;0;999,5;999,5;999,1;0;24,4;24,4;24,4;24,2;24,4;24,2;100;100;100;;1,3;0;
2026/02/02;0900 UTC;0;999,8;999,9;999,5;0;24,3;24,3;24,5;24,3;24,5;24,3;100;100;100;;1;,1;
2026/02/02;1000 UTC;0;1000,4;1000,4;999,8;74,4;24,4;24,4;24,4;24,2;24,4;24,2;100;100;100;;1,4;,7;
2026/02/02;1100 UTC;0;1001,2;1001,2;1000,4;519,1;25,6;25,4;25,6;24,4;25,5;24,4;100;99;99;;3,1;1,7;
2026/02/02;1200 UTC;0;1000,8;1001,3;1000,8;1346,7;26,9;24,8;27;25,5;25,7;24,8;100;88;88;;7,3;4,3;
2026/02/02;1300 UTC;0;1001,1;1001,2;1000,7;2017,5;28,5;24;28,7;26,8;25,8;23,9;93;75;76;;8,9;5,6;
2026/02/02;1400 UTC;0;1001,2;1001,2;1001,1;2867,5;29,6;24,6;30,5;28,5;25,3;23,9;77;70;75;;8,2;2,8;
2026/02/02;1500 UTC;0;1001,1;1001,2;1001;2074,5;30,1;24,2;30,2;29,6;25,3;23,3;76;68;71;;6;3;
2026/02/02;1600 UTC;0;1000,3;1001,2;1000,3;2238,5;31,3;23,2;31,4;30,1;24,9;23;72;62;62;;6,1;2,9;
2026/02/02;1700 UTC;0;999;1000,3;999;3464,4;32,5;22,7;32,5;31,1;24,2;22,7;65;57;57;;6,1;,7;
2026/02/02;1800 UTC;0;998;999;998;2677,1;32,8;23;32,8;32,2;24,2;22,6;62;56;56;;3,9;,5;
2026/02/02;1900 UTC;0;997,4;998;997,2;2326,5;32,9;22,7;33,1;32,5;24,8;22,3;63;54;55;;3,4;1;
2026/02/02;2000 UTC;0;996,8;997,4;996,7;1483,7;32,8;23,2;33,1;32,7;24,9;22,2;63;53;57;;4,2;,6;
2026/02/02;2100 UTC;0;997,6;997,6;996,8;538,8;27,4;23,1;32,8;27,4;25,2;23,1;82;57;78;;9,7;2,5;
2026/02/02;2200 UTC;0;998,4;998,5;997,6;27,7;26,3;23,8;27,4;26,3;23,8;22,4;86;76;86;;4,1;,3;
2026/02/02;2300 UTC;0;999,1;999,1;998,4;0;25,5;24,5;26,3;25,5;24,8;23,2;95;83;94;;5,3;1,2;
2026/02/03;0000 UTC;0;999,9;999,9;999;0;25,4;24,2;25,5;25,2;24,4;23,9;95;91;93;;5,3;1,1;
2026/02/03;0100 UTC;0;1000,4;1000,4;999,9;0;25,5;24,7;25,6;25,2;24,7;24,1;95;92;95;;2,1;1,2;
2026/02/03;0200 UTC;0;1001,1;1001,2;1000,4;0;25,4;25,1;25,5;25,4;25,1;24,4;98;94;98;;1,8;,2;
2026/02/03;0300 UTC;0;1001,1;1001,2;1001,1;0;25,3;24,6;25,4;25,2;25,1;24,5;98;95;96;;1,1;,2;
2026/02/03;0400 UTC;0;1000,3;1001,1;1000,3;0;24,6;24,6;25,3;24,6;25;24,5;100;96;100;;1,4;0;
2026/02/03;0500 UTC;0;999,9;1000,3;999,9;0;24;24;24,6;24;24,5;24;100;100;100;;1,1;0;
2026/02/03;0600 UTC;0;999,8;999,9;999,7;0;23,8;23,8;24;23,8;24;23,8;100;100;100;;2;0;
2026/02/03;0700 UTC;0;999,9;999,9;999,7;0;23,1;23,1;23,8;23,1;23,8;23,1;100;100;100;;1,2;,3;
2026/02/03;0800 UTC;0;1000,3;1000,3;999,9;0;23,7;23,7;23,8;23,1;23,8;23,1;100;100;100;;1;0;
2026/02/03;0900 UTC;0;1000,3;1000,3;1000,2;0;23,6;23,6;23,7;23,5;23,7;23,5;100;100;100;;1,4;,6;
2026/02/03;1000 UTC;0;1000,9;1000,9;1000,3;79,3;23,7;23,7;23,7;23,6;23,7;23,6;100;100;100;;1,4;,1;
2026/02/03;1100 UTC;0;1001,7;1001,7;1000,9;474,1;24,9;24,9;24,9;23,7;24,9;23,7;100;100;100;;,9;0;
2026/02/03;1200 UTC;0;1002,2;1002,2;1001,7;1331;26,6;25,8;26,6;24,8;26,3;24,8;100;95;95;;3,6;2,2;
2026/02/03;1300 UTC;0;1002,8;1002,8;1002,2;1781;28,1;25,3;28,1;26,6;26;24,9;95;85;85;;5,2;2,2;
2026/02/03;1400 UTC;0;1002,7;1002,8;1002,7;2062,9;29,4;24;29,4;28,1;25,9;23,9;88;73;73;;5,6;3;
2026/02/03;1500 UTC;0;1002,3;1002,7;1002,3;3105,9;30,8;24,9;30,9;29,4;25,2;23,3;76;66;71;;5,6;2,1;
2026/02/03;1600 UTC;0;1001,4;1002,3;1001,3;2373,9;30,9;24,7;31,1;29,9;25,6;23,9;77;67;70;;4,4;1,8;
2026/02/03;1700 UTC;0;1000,6;1001,4;1000,6;1671,6;30,5;23,2;31,6;30,3;25,1;23,2;73;63;65;;4,1;,9;
2026/02/03;1800 UTC;0;999,7;1000,6;999,7;2520,5;32,1;23,7;32,3;30,5;24,9;23;71;59;61;;2,9;1;
2026/02/03;1900 UTC;0;998,9;999,7;998,9;2485,2;32,5;24,1;32,5;31,9;25,7;23,6;68;60;61;;3,3;,6;
2026/02/03;2000 UTC;0;998,5;998,9;998,5;1124;31,8;25,1;32,6;31,6;26,3;23,8;72;61;68;;2,5;0;
2026/02/03;2100 UTC;0;998,6;998,7;998,4;386,9;30,2;26,5;31,8;30,2;26,9;25,3;81;68;81;;1,8;1;
2026/02/03;2200 UTC;0;999,1;999,1;998,6;32,1;28,3;26,2;30,2;28,3;26,8;26,1;89;80;89;;3,3;2;
2026/02/03;2300 UTC;0;999,7;999,7;999,1;0;27,9;25,6;28,3;27,9;26,4;25,5;91;86;87;;3,3;,9;
2026/02/04;0000 UTC;0;1000,5;1000,5;999,7;0;27,1;26,1;27,9;27,1;26,3;25,6;94;87;94;;1,8;0;
2026/02/04;0100 UTC;0;1001,5;1001,5;1000,5;0;26,7;26,7;27,1;26,7;26,8;25,9;100;94;100;;2,7;1,5;
2026/02/04;0200 UTC;0;1001,9;1001,9;1001,5;0;26,3;26,1;26,7;26,3;26,7;25,7;100;96;99;;4,4;1,4;
2026/02/04;0300 UTC;0;1001,6;1001,9;1001,6;0;25,4;25,4;26,3;25,4;26,1;25,4;100;99;100;;4,7;1,1;
2026/02/04;0400 UTC;0;1001,4;1001,9;1001,4;0;25,3;25,3;25,5;25,3;25,5;25,2;100;100;100;;3,3;1,4;
2026/02/04;0500 UTC;0;1000,6;1001,4;1000,6;0;25,2;25,2;25,4;25,2;25,4;25,2;100;100;100;;3,3;1,4;
2026/02/04;0600 UTC;0;1000;1000,6;1000;0;24,8;24,8;25,2;24,8;25,2;24,8;100;100;100;;3,5;,3;
2026/02/04;0700 UTC;0;999,8;1000;999,8;0;24,4;24,4;24,8;24,3;24,7;24,3;100;100;100;;1,3;0;
2026/02/04;0800 UTC;0;1000,3;1000,3;999,8;0;24,5;24,5;24,6;24,4;24,6;24,4;100;100;100;;,8;0;
2026/02/04;0900 UTC;0;1000,4;1000,6;1000,3;0;24,3;24,3;24,5;24,3;24,5;24,3;100;100;100;;1;0;
2026/02/04;1000 UTC;0;1001,1;1001,1;1000,4;66,6;24,7;24,7;24,7;24,3;24,7;24,3;100;100;100;;1,5;,2;
2026/02/04;1100 UTC;0;1002;1002;1001,1;537,3;25,4;25,4;25,4;24,7;25,4;24,7;100;100;100;;1,6;,5;
2026/02/04;1200 UTC;0;1002,6;1002,6;1002;1065;26,3;25,6;26,3;25,4;25,9;25,4;100;95;96;;1,9;,8;
2026/02/04;1300 UTC;0;1002,3;1002,6;1002,3;1727,1;27,8;25;27,9;26,3;26;25;96;85;85;;3,7;1,6;
2026/02/04;1400 UTC;0;1002,3;1002,5;1002,2;2513,6;29,5;24;29,5;27,7;25,4;23;87;71;72;;5,1;2,4;
2026/02/04;1500 UTC;0;1002;1002,4;1002;2683,1;30,2;23,5;30,3;29,3;24,8;23,2;76;67;67;;4,6;1,4;
2026/02/04;1600 UTC;0;1000,9;1002;1000,9;3603;31,9;23,7;32,2;30,1;25;23,1;70;61;62;;3,7;,8;
2026/02/04;1700 UTC;0;999,7;1000,9;999,7;3543,7;32,6;23,2;32,7;31,8;24,6;22,7;65;56;58;;3,6;1,3;
2026/02/04;1800 UTC;0;998,3;999,7;998,3;3177,7;33,2;23,3;33,4;32,5;23,9;22,5;59;53;56;;4,7;,7;
2026/02/04;1900 UTC;0;997,5;998,3;997,5;2509,1;33,1;23,6;33,6;33;24,2;22,7;59;54;58;;3,4;,9;
2026/02/04;2000 UTC;0;997,8;997,8;997,5;1488,5;32,7;24,1;33,4;32,6;24,5;22,6;62;54;61;;3,1;,7;
2026/02/04;2100 UTC;0;998,4;998,4;997,7;666,9;31,7;25;32,8;31,7;25,3;23,3;69;58;68;;2,9;0;
2026/02/04;2200 UTC;0;1000,3;1000,3;998,4;74,4;27,9;24,3;31,7;27,9;25,9;23,1;81;66;81;;10,5;4,4;
2026/02/04;2300 UTC;0;999,4;1001,1;999,4;2,6;24,9;22,4;27,9;24,9;24,3;22,1;88;81;86;;18,8;2,5;
2026/02/05;0000 UTC;0;1000,4;1000,4;999,4;0;24,6;23,5;24,9;24,6;23,5;22,4;93;86;93;;5,5;,1;
2026/02/05;0100 UTC;0;1001,7;1001,7;1000,4;0;23,9;23,2;24,6;23,9;23,6;23,1;97;93;96;;3,8;1,8;
2026/02/05;0200 UTC;0;1001,3;1001,7;1001,3;0;23,8;23,4;24,1;23,7;23,6;23,1;99;94;98;;3,8;,6;
2026/02/05;0300 UTC;0;1001,2;1001,3;1001,1;0;23,4;23,4;23,9;23,4;23,7;23,4;100;97;100;;1,8;,7;
2026/02/05;0400 UTC;0;1000,8;1001,2;1000,7;0;23,2;23,2;23,5;23;23,5;23;100;100;100;;2,6;1;
2026/02/05;0500 UTC;0;1000,1;1000,8;1000;0;23,1;23,1;23,2;23;23,2;23;100;100;100;;2;0;
2026/02/05;0600 UTC;0;999,9;1000,1;999,7;0;22,9;22,9;23,1;22,9;23,1;22,8;100;100;100;;1,4;0;
2026/02/05;0700 UTC;0;1000;1000;999,8;0;23;23;23;22,7;23;22,7;100;100;100;;,7;0;
2026/02/05;0800 UTC;0;1000,3;1000,4;1000;0;22,9;22,9;23;22,9;23;22,9;100;100;100;;,9;0;
2026/02/05;0900 UTC;0;1000,4;1000,5;1000,2;0;23,1;23;23,1;22,8;23,1;22,8;100;100;100;;1,3;0;
2026/02/05;1000 UTC;0;1000,8;1000,8;1000,3;47,5;23,4;23,4;23,4;23;23,4;23;100;100;100;;1,5;0;
2026/02/05;1100 UTC;0;1001,3;1001,3;1000,8;325;24,7;24,4;24,7;23,4;24,7;23,4;100;98;98;;2,2;,1;
2026/02/05;1200 UTC;0;1001,7;1001,7;1001,3;1409,1;26,2;25,3;26,2;24,7;25,5;24,4;99;94;95;;3,4;1,7;
2026/02/05;1300 UTC;0;1001,8;1001,8;1001,6;1417,2;27,1;25,7;27,1;26,2;25,9;25,3;96;90;92;;5,1;3,1;
2026/02/05;1400 UTC;0;1001,5;1001,9;1001,5;2080,2;28,9;25,5;28,9;27;25,8;24,7;92;80;82;;5,2;3,1;
2026/02/05;1500 UTC;0;1000,9;1001,6;1000,9;3173,7;30,3;24,5;30,5;28,6;25,8;23,8;83;69;71;;5,2;2,5;
2026/02/05;1600 UTC;0;999,8;1000,9;999,8;2975,4;30,8;23,8;31,1;30,1;25,8;23,6;77;65;66;;4,2;1,5;
2026/02/05;1700 UTC;0;998,2;999,8;998,2;3108,3;31,5;24,1;32,3;30,8;24,4;22,5;69;57;65;;3,5;,8;
2026/02/05;1800 UTC;0;996,8;998,2;996,8;1419,1;31,5;24,1;31,9;30,9;25,4;23,2;73;61;65;;3,2;,6;
2026/02/05;1900 UTC;0;996;996,8;996;2624,8;33,4;24;33,4;31,5;25,2;22,9;68;57;58;;3,3;,4;
2026/02/05;2000 UTC;0;996,1;996,1;995,8;1585,4;32,7;24,1;33,4;32,5;25,2;23,5;64;58;61;;3,6;,8;
2026/02/05;2100 UTC;0;996,5;996,5;996,1;630,8;31,4;25,3;33,3;31,4;25,5;23,4;71;56;70;;3,3;1,4;
2026/02/05;2200 UTC;0;997,5;997,5;996,5;31,1;29;26,7;31,4;29;26,9;25,5;88;70;88;;3,3;1,5;
2026/02/05;2300 UTC;0;998,6;998,7;997,5;0;27,2;25,3;29;27,2;26,6;25,1;89;86;89;;7,4;3,9;
2026/02/06;0000 UTC;0;999,9;999,9;998,6;0;26,4;24,6;27,2;26,4;25,3;24,5;90;88;90;;7,5;4,2;
2026/02/06;0100 UTC;0;1000;1000;999,6;0;25,5;24,3;26,4;25,5;24,9;24,2;94;90;93;;7,2;2,5;
2026/02/06;0200 UTC;0;1000,6;1000,7;999,9;0;24,7;23,2;25,5;24,7;24,5;22,8;94;89;91;;3,9;2;
2026/02/06;0300 UTC;0;1000,3;1000,8;1000,3;0;24,7;23,8;24,7;24,3;23,8;23;95;91;95;;3,6;1,9;
2026/02/06;0400 UTC;0;999,1;1000,3;999,1;0;24,6;24,4;24,8;24,6;24,4;23,8;99;95;99;;2,5;1,4;
2026/02/06;0500 UTC;0;999,2;999,2;998,7;0;24,7;24,7;24,7;24,5;24,7;24,4;100;99;100;;2,1;0;
2026/02/06;0600 UTC;0;998,9;999,2;998,9;0;24,9;24,9;25;24,7;25;24,7;100;100;100;;2;,4;
2026/02/06;0700 UTC;0;999;999,1;998,9;0;25,1;25,1;25,2;24,9;25,2;24,9;100;100;100;;3;1,1;
2026/02/06;0800 UTC;0;999,3;999,3;999;0;25,2;25,2;25,2;25,1;25,2;25;100;100;100;;5,9;2,1;
2026/02/06;0900 UTC;0;999,5;999,5;999,3;0;25,2;25,2;25,3;25,2;25,3;25,2;100;100;100;;4;,1;
2026/02/06;1000 UTC;0;999,4;999,5;999,4;103,6;25,4;25,4;25,4;25,2;25,4;25,2;100;100;100;;1,9;1,1;
2026/02/06;1100 UTC;0;1000,4;1000,4;999,4;674,1;26,5;25,8;26,5;25,3;25,8;25,3;100;95;96;;4,4;1,9;
2026/02/06;1200 UTC;0;1000,8;1000,8;1000,4;1071,1;27,2;25,2;27,3;26,4;25,9;25,2;96;89;89;;6,9;2,5;
2026/02/06;1300 UTC;0;1000,9;1000,9;1000,8;977,3;28,2;25,4;28,2;27;25,6;25;92;83;85;;7;3,5;
2026/02/06;1400 UTC;,6;1001,2;1001,2;1000,8;1772,1;27,4;26;28,9;26,9;26,2;24,9;95;81;93;;10;4,2;
2026/02/06;1500 UTC;0;1000,1;1001,2;1000,1;2986,2;29,5;25,7;29,7;27,3;26,8;25,4;93;78;80;;6,8;3,2;
2026/02/06;1600 UTC;0;999;1000,1;999;2217;31,2;24,2;31,3;29,6;26;24,2;80;66;66;;5,6;2,8;
2026/02/06;1700 UTC;0;997,7;999;997,7;2289,5;31,2;24,9;31,8;31,1;26;23,7;73;63;70;;6,7;3,6;
2026/02/06;1800 UTC;0;996,4;997,7;996,4;3142,1;32,6;23,8;32,6;31,1;25,4;23,6;71;59;60;;6,6;3,5;
2026/02/06;1900 UTC;0;996;996,5;995,7;1426,9;30,9;24,2;33;29,9;25,7;23,6;77;59;67;;9,8;2,3;
2026/02/06;2000 UTC;0;996,5;996,5;995,7;226,1;28,7;26,6;31;28,7;26,6;24,1;88;67;88;;5,4;2,7;
2026/02/06;2100 UTC;0;996,9;996,9;996,4;91,9;27,4;26,6;28,7;27,4;26,9;26,4;96;88;95;;4,7;2,5;
2026/02/06;2200 UTC;0;997,6;997,6;996,9;11;27;26,6;27,4;27;26,7;26,5;98;95;98;;4,6;1,8;
2026/02/06;2300 UTC;1,6;999,5;999,5;997,5;5,6;23,5;23,5;27;23,5;26,6;23,5;100;91;100;;16,6;6,5;
2026/02/07;0000 UTC;,8;999,4;999,6;999,2;,1;23,7;23,7;23,7;23,4;23,7;23,4;100;100;100;;10,3;2,1;
2026/02/07;0100 UTC;0;1000,5;1000,5;999,4;0;24,2;24,2;24,2;23,6;24,2;23,6;100;100;100;;3,1;0;
2026/02/07;0200 UTC;,6;1001,3;1001,3;1000,4;0;24,3;24,3;24,4;24,2;24,4;24,2;100;100;100;;1,6;,5;
2026/02/07;0300 UTC;1,8;1001,3;1001,5;1001,3;0;24,5;24,5;24,5;24,3;24,5;24,3;100;100;100;;2,5;0;
2026/02/07;0400 UTC;1;1000,8;1001,3;1000,8;0;24,4;24,4;24,5;24,4;24,5;24,4;100;100;100;;1,9;0;
2026/02/07;0500 UTC;,8;1000,3;1000,8;1000,3;0;24,3;24,3;24,5;24,3;24,5;24,3;100;100;100;;,9;0;
2026/02/07;0600 UTC;,4;999,5;1000,3;999,5;0;24,1;24,1;24,4;24,1;24,4;24,1;100;100;100;;1,9;1,3;
2026/02/07;0700 UTC;0;999,2;999,5;999;0;24,4;24,4;24,4;24,1;24,4;24,1;100;100;100;;1,8;,9;
2026/02/07;0800 UTC;0;999,7;999,7;999,2;0;24,3;24,3;24,4;24,2;24,4;24,2;100;100;100;;1,6;0;
2026/02/07;0900 UTC;0;999,8;999,9;999,7;0;24,4;24,4;24,4;24,3;24,4;24,3;100;100;100;;0;0;
2026/02/07;1000 UTC;0;1000,7;1000,7;999,8;86,1;24,4;24,4;24,4;24,3;24,4;24,3;100;100;100;;1,2;,2;
2026/02/07;1100 UTC;0;1001,8;1001,8;1000,7;446,2;25;25;25,2;24,4;25,2;24,5;100;100;100;;1,4;,3;
2026/02/07;1200 UTC;0;1002,5;1002,5;1001,8;893,9;26;26;26;25;26;25,1;100;99;100;;1,5;,4;
2026/02/07;1300 UTC;,2;1003,2;1003,2;1002,5;1091,7;26,9;26,3;27,1;26;26,6;25,5;100;92;97;;5,7;3;
2026/02/07;1400 UTC;,2;1003;1003,2;1003;1720,5;28;24,9;28;26,8;27,1;24,7;100;83;83;;5,7;2,3;
2026/02/07;1500 UTC;,2;1002,1;1003;1002,1;1731,8;28,5;25,8;28,9;28;25,9;24,4;85;80;85;;4,5;1,5;
2026/02/07;1600 UTC;0;1000,8;1002,1;1000,8;2347,4;29,8;25,1;29,8;28,2;27,1;24,7;93;76;76;;3,7;1,5;
2026/02/07;1700 UTC;0;1000,2;1000,8;999,8;2869,1;26,7;25,6;30,6;26,7;26,9;23;94;65;94;;12,3;7,9;
2026/02/07;1800 UTC;21,2;1000,1;1000,4;999,8;332,8;24,6;24,6;26,6;24,4;25,8;24,4;100;94;100;;12,9;3,2;
2026/02/07;1900 UTC;2;1000,4;1000,5;1000;118,1;25;25;25;24,6;25;24,6;100;100;100;;8,4;2,8;
2026/02/07;2000 UTC;3,6;1001,2;1001,2;1000,3;71,5;23,7;23,7;25;23,7;25;23,7;100;100;100;;12,1;2,5;
2026/02/07;2100 UTC;5,2;1001,5;1001,5;1001,1;16,1;23,6;23,6;23,7;23,5;23,7;23,5;100;100;100;;4,4;0;
2026/02/07;2200 UTC;3,2;1002,1;1002,1;1001,5;1,4;23,5;23,5;23,7;23,5;23,7;23,5;100;100;100;;,6;0;
2026/02/07;2300 UTC;1,2;1002,9;1002,9;1002,1;0;23,5;23,5;23,6;23,5;23,6;23,5;100;100;100;;1,3;,3;
2026/02/08;0000 UTC;1;1004;1004;1002,9;0;23,5;23,5;23,6;23,5;23,6;23,5;100;100;100;;1,3;,3;
2026/02/08;0100 UTC;,6;1004,9;1004,9;1004,1;0;23,6;23,6;23,6;23,5;23,6;23,5;100;100;100;;2,5;1,2;
2026/02/08;0200 UTC;,4;1004,8;1005;1004,8;0;23,3;23,3;23,6;23,3;23,5;23,3;100;100;100;;2,6;1,1;
2026/02/08;0300 UTC;,2;1004,2;1004,8;1004,2;0;23,2;23,2;23,3;23,2;23,3;23,2;100;100;100;;2,8;1,5;
2026/02/08;0400 UTC;,2;1003,8;1004,2;1003,8;0;23,2;23,2;23,2;23,2;23,2;23,2;100;100;100;;2,8;,7;
2026/02/08;0500 UTC;,6;1003,4;1003,8;1003,4;0;23,3;23,3;23,3;23,2;23,3;23,2;100;100;100;;1,6;0;
2026/02/08;0600 UTC;4,4;1003,3;1003,9;1003,3;1,3;21,8;21,8;23,4;21,8;23,4;21,8;100;100;100;;6,9;0;
2026/02/08;0700 UTC;2,8;1002,9;1003,3;1002,9;0;21,3;21,3;21,8;21,2;21,8;21,2;100;100;100;;3;1,6;
2026/02/08;0800 UTC;,8;1003,2;1003,2;1002,8;0;21,6;21,6;21,6;21,3;21,6;21,3;100;100;100;;2,5;0;
2026/02/08;0900 UTC;1,2;1003,4;1003,5;1003,2;0;21,8;21,8;21,8;21,6;21,8;21,6;100;100;100;;2,8;1,6;
2026/02/08;1000 UTC;,8;1004,3;1004,3;1003,4;21,7;22;22;22;21,8;22;21,8;100;100;100;;2,8;0;
2026/02/08;1100 UTC;,4;1004,9;1004,9;1004,3;108,4;22,2;22,2;22,2;21,9;22,2;21,9;100;100;100;;2,2;,7;
2026/02/08;1200 UTC;,2;1005,1;1005,1;1004,9;225,9;22,8;22,8;22,8;22,1;22,8;22,1;100;100;100;;2,4;,1;
2026/02/08;1300 UTC;0;1005,1;1005,2;1005;852,5;23,6;23,6;23,7;22,7;23,7;22,7;100;100;100;;3,1;1;
2026/02/08;1400 UTC;0;1005,1;1005,2;1005,1;1570,4;24,7;24,6;24,7;23,6;24,6;23,6;100;96;99;;3,9;,8;
2026/02/08;1500 UTC;0;1004,7;1005,1;1004,7;962,5;24,6;24,2;24,9;24,5;24,5;23,9;99;95;98;;3,4;,6;
2026/02/08;1600 UTC;0;1003,9;1004,7;1003,9;790,1;25,3;25;25,4;24,6;25,3;24,2;100;97;99;;3,6;1,3;
2026/02/08;1700 UTC;0;1003;1003,9;1003;907,7;25,7;25,1;25,8;25,2;25,6;24,7;100;96;97;;3,8;1,7;
2026/02/08;1800 UTC;0;1002,4;1003;1002,4;1582,7;26,8;25,6;26,8;25,7;25,8;25;98;93;93;;4,9;1,9;
2026/02/08;1900 UTC;0;1002,6;1002,6;1002;1164,9;25,1;24,2;27;25,1;25,9;23,8;95;87;94;;7,9;4,4;
2026/02/08;2000 UTC;,4;1002,4;1002,6;1002,3;353,4;24,3;24,3;25,1;24,3;24,7;24,1;100;95;100;;8,6;4,3;
2026/02/08;2100 UTC;,2;1002,8;1002,8;1002,4;365,1;24,2;24,2;24,3;24;24,3;24;100;100;100;;7;1,9;
2026/02/08;2200 UTC;0;1002,7;1002,8;1002,6;60,1;24;23,9;24,3;24;24,2;23,9;100;100;100;;6,4;2,2;
2026/02/08;2300 UTC;0;1003,2;1003,2;1002,7;0;23,5;23,5;24;23,5;24;23,5;100;100;100;;3,7;1,9;
2026/02/09;0000 UTC;0;1003,2;1003,3;1003,1;,4;23,2;23,1;23,6;23,2;23,6;23,1;100;99;100;;6,7;2,7;
2026/02/09;0100 UTC;0;1003,1;1003,3;1003;0;22,8;22,8;23,2;22,8;23,2;22,8;100;100;100;;5,3;1,7;
2026/02/09;0200 UTC;0;1002,5;1003,1;1002,5;0;22,6;22,5;22,8;22,5;22,8;22,5;100;100;100;;5,2;1,2;
2026/02/09;0300 UTC;0;1002;1002,5;1002;0;22,3;22,3;22,6;22,3;22,5;22,3;100;100;100;;3,4;,2;
2026/02/09;0400 UTC;0;1001,3;1002;1001,3;0;22,1;22,1;22,3;22,1;22,3;22,1;100;100;100;;1,7;,8;
2026/02/09;0500 UTC;0;1000,7;1001,4;1000,7;0;21,6;21,6;22,1;21,6;22,1;21,6;100;100;100;;3,5;2,2;
2026/02/09;0600 UTC;0;1000,3;1000,8;1000,3;0;21,2;21,2;21,6;21,2;21,6;21,2;100;100;100;;4,6;2,7;
2026/02/09;0700 UTC;0;1000,8;1000,8;1000,3;0;21,4;21,4;21,4;21,1;21,4;21,1;100;100;100;;4,3;1,4;
2026/02/09;0800 UTC;0;1001,3;1001,3;1000,8;0;21,6;21,6;21,6;21,4;21,6;21,4;100;100;100;;4,9;2,4;
2026/02/09;0900 UTC;0;1001,9;1001,9;1001,3;0;21,9;21,9;21,9;21,6;21,9;21,6;100;100;100;;4,3;,2;
2026/02/09;1000 UTC;0;1002,3;1002,3;1001,9;69,5;22;22;22;21,8;22;21,8;100;100;100;;3,8;,4;
2026/02/09;1100 UTC;0;1003,1;1003,1;1002,3;655;23,2;22,9;23,2;22;23,2;22;100;98;98;;4,2;1,1;
2026/02/09;1200 UTC;0;1003,5;1003,5;1003,1;1129,8;24,7;23,5;24,7;23,2;23,5;22,7;99;91;93;;4,4;2,1;
2026/02/09;1300 UTC;,2;1003,2;1003,6;1003,2;2279,6;25,8;23,5;26,2;24,7;24,4;22,8;93;85;87;;9,1;3,4;
2026/02/09;1400 UTC;0;1002,8;1003,4;1002,8;1950,7;26,8;23,5;26,9;25,8;24,3;23,3;89;82;82;;9,1;4,6;
2026/02/09;1500 UTC;0;1002,5;1002,8;1002,5;1630;27,4;24,2;27,5;26,7;24,3;23,5;85;80;83;;8,7;2,5;
2026/02/09;1600 UTC;0;1001,8;1002,5;1001,8;1247,5;27,3;24,9;28;27,2;25,5;23,5;90;78;87;;5,9;,7;
2026/02/09;1700 UTC;0;1000,5;1001,8;1000,5;2273,5;29,2;24;29,2;27,3;25,2;23,8;89;74;74;;4,5;1,6;
2026/02/09;1800 UTC;0;999,4;1000,5;999,4;2404,3;29,5;23,8;29,7;29;25,1;23,7;77;71;71;;5,1;1,6;
2026/02/09;1900 UTC;0;998,4;999,4;998,4;2125,4;30,5;24;30,5;29,5;24,8;23,5;74;67;68;;3,9;,8;
2026/02/09;2000 UTC;0;998,2;998,4;998;1543,8;30,1;23,9;30,5;30,1;24,8;23,6;73;67;69;;3,4;,9;
2026/02/09;2100 UTC;0;998,6;998,6;998,2;382,2;28,5;25,2;30,5;28,5;25,8;23,8;82;68;82;;2,9;,2;
2026/02/09;2200 UTC;0;999,6;999,6;998,5;33,8;26,2;23,2;28,5;26,2;26,2;23,2;93;81;84;;8,2;4,9;
2026/02/09;2300 UTC;0;1000,7;1000,7;999,6;,7;24,6;23,9;26,2;24,6;23,9;22,9;96;84;96;;8,2;3,3;
2026/02/10;0000 UTC;,6;1001,5;1001,6;1000,7;,4;24,1;24,1;24,7;24,1;24,4;23,9;100;95;100;;6,8;1,8;
2026/02/10;0100 UTC;0;1002;1002;1001,5;,3;23,9;23,9;24,2;23,8;24,2;23,8;100;99;100;;3;0;
2026/02/10;0200 UTC;0;1002,3;1002,5;1002;0;23,6;23,6;23,9;23,6;23,9;23,6;100;100;100;;1,3;0;
2026/02/10;0300 UTC;0;1001,9;1002,3;1001,9;0;23,4;23,4;23,6;23,4;23,6;23,4;100;100;100;;1,9;0;
2026/02/10;0400 UTC;0;1001,3;1001,9;1001,3;0;23,2;23,2;23,4;23,2;23,4;23,2;100;100;100;;0;0;
2026/02/10;0500 UTC;0;1000,8;1001,3;1000,8;0;22,9;22,9;23,2;22,9;23,2;22,9;100;100;100;;0;0;
2026/02/10;0600 UTC;0;1000,1;1000,8;1000,1;0;22,9;22,9;23;22,8;23;22,8;100;100;100;;1,4;,6;
2026/02/10;0700 UTC;0;999,9;1000,1;999,8;0;22,6;22,6;22,9;22,6;22,9;22,6;100;100;100;;1,3;0;
2026/02/10;0800 UTC;0;1000;1000,1;999,8;0;22,5;22,4;22,7;22,5;22,7;22,4;100;100;100;;0;0;
2026/02/10;0900 UTC;0;1000,5;1000,5;1000;0;22;22;22,5;22;22,5;22;100;100;100;;0;0;
2026/02/10;1000 UTC;0;1001,1;1001,1;1000,5;87,4;22,5;22,5;22,5;22;22,5;22;100;100;100;;,3;0;
2026/02/10;1100 UTC;0;1002,2;1002,2;1001,1;513,9;23,6;23,6;23,6;22,5;23,6;22,6;100;100;100;;0;0;
2026/02/10;1200 UTC;0;1002,6;1002,6;1002,2;1042,4;24,8;24,8;24,8;23,6;24,8;23,6;100;100;100;;1,3;,4;
2026/02/10;1300 UTC;0;1002,6;1002,8;1002,6;1950,6;26,9;24,9;26,9;24,8;25,5;24,4;100;88;88;;4,9;2,9;
2026/02/10;1400 UTC;,2;1002,9;1002,9;1002,6;2385,7;28,1;24,6;28,2;27;25,6;24,3;89;80;81;;6,5;2,6;
2026/02/10;1500 UTC;0;1002,2;1002,9;1002,2;3070,4;29,9;24,6;30;28;25;23,9;83;71;74;;6,1;3,8;
2026/02/10;1600 UTC;0;1001,2;1002,2;1001,2;2908,8;30,3;23,8;30,4;29;24,9;23,7;77;68;68;;6,1;2,7;
2026/02/10;1700 UTC;0;999,5;1001,2;999,5;3138,1;31,2;24,1;31,3;30,2;24,6;22,7;71;61;66;;5,9;2,3;
2026/02/10;1800 UTC;0;998,1;999,5;998,1;2836,5;31,7;23,5;32,1;31,2;24,6;22,5;67;59;62;;5,8;1,8;
2026/02/10;1900 UTC;0;997,2;998,1;997,2;1791,1;30,9;24,3;32,1;30,9;25,2;22,9;71;60;68;;4,4;,8;
2026/02/10;2000 UTC;0;997,8;997,8;997,2;1363,3;31,9;24,3;31,9;30,8;26,1;22,8;76;59;64;;3,1;1,4;
2026/02/10;2100 UTC;3;998,6;998,7;997,8;137,3;24,4;24,4;31,9;24,1;25,4;23,4;100;61;100;;14,9;1,7;
2026/02/10;2200 UTC;0;999,6;999,6;998,6;18,2;24,1;24,1;24,4;24,1;24,4;24;100;99;100;;5;1,2;
2026/02/10;2300 UTC;0;1000,4;1000,5;999,5;,3;24,3;24,3;24,5;24,1;24,5;24,1;100;100;100;;5,5;2,7;
2026/02/11;0000 UTC;0;1001,5;1001,5;1000,4;0;23,9;23,9;24,3;23,7;24,3;23,4;100;98;100;;5,5;,6;
2026/02/11;0100 UTC;0;1002;1002,1;1001,5;0;23,6;23,6;24,1;23,6;24,1;23,5;100;98;100;;2,5;,8;
2026/02/11;0200 UTC;0;1002,6;1002,6;1002;0;23,8;23,8;23,8;23,6;23,8;23,6;100;100;100;;2,1;0;
2026/02/11;0300 UTC;0;1002,2;1002,6;1002,2;,2;23,8;23,8;23,8;23,6;23,8;23,6;100;100;100;;2,1;0;
2026/02/11;0400 UTC;0;1001,6;1002,2;1001,6;0;23,6;23,6;23,8;23,5;23,8;23,5;100;100;100;;1,8;,2;
2026/02/11;0500 UTC;0;1000,8;1001,6;1000,8;0;23,3;23,3;23,6;23,3;23,6;23,3;100;100;100;;2,6;1,2;
2026/02/11;0600 UTC;0;1000,7;1000,8;1000,7;0;23,2;23,2;23,4;23,2;23,4;23,2;100;100;100;;2,5;,3;
2026/02/11;0700 UTC;0;1000,8;1000,8;1000,7;0;23,2;23,2;23,3;23,1;23,3;23,1;100;100;100;;1,7;0;
2026/02/11;0800 UTC;0;1001,1;1001,1;1000,8;0;23,2;23,2;23,2;23,1;23,2;23,1;100;100;100;;1,6;0;
2026/02/11;0900 UTC;0;1001,4;1001,4;1001,1;0;23;23;23,4;23;23,4;23;100;100;100;;1,4;0;
2026/02/11;1000 UTC;0;1002,2;1002,2;1001,4;62,8;23,2;23,2;23,2;22,9;23,2;22,9;100;100;100;;,8;0;
2026/02/11;1100 UTC;0;1003,1;1003,1;1002,2;444;24,4;24,4;24,4;23,2;24,4;23,2;100;100;100;;1,9;1,1;
2026/02/11;1200 UTC;0;1003,5;1003,5;1003,1;1428,1;25,5;25,1;25,7;24,4;25,6;24,4;100;96;97;;2,9;1,2;
2026/02/11;1300 UTC;0;1003,7;1003,7;1003,5;1430,3;26,6;24,9;26,6;25,4;25,7;24,5;99;90;91;;3,4;1,4;
2026/02/11;1400 UTC;0;1003,4;1003,7;1003,4;1187,6;27,4;24,8;27,4;26,5;25,4;24,3;91;84;86;;4;1,3;
2026/02/11;1500 UTC;0;1003;1003,4;1003;2412,8;28,9;24,7;28,9;27,4;25,2;23,9;87;76;78;;4,2;1,2;
2026/02/11;1600 UTC;0;1002;1003;1002;1991,4;29;24,4;29,3;28,6;25,4;24;81;74;76;;3,7;2,1;
2026/02/11;1700 UTC;0;1000,7;1002;1000,7;1611,2;29,1;25,4;29,4;29;25,8;24,4;83;76;80;;3,7;1,9;
2026/02/11;1800 UTC;0;999,5;1000,7;999,5;1316,3;29,5;24,9;29,5;29;26;24,2;82;75;76;;4,1;,2;
2026/02/11;1900 UTC;0;998,8;999,5;998,8;2070,8;30,6;25;30,9;29,4;25,7;23,8;77;69;72;;2,7;,7;
2026/02/11;2000 UTC;0;998,8;999;998,8;1207,4;29,7;25,8;30,9;29,7;26,3;24,3;81;69;80;;3,9;1,2;
2026/02/11;2100 UTC;0;999,3;999,3;998,5;468,7;29,1;26;29,8;29,1;26,5;25,5;86;77;84;;2,9;1,4;
2026/02/11;2200 UTC;1,8;1000,6;1000,6;999,3;27,8;24;24;29,1;23,7;26,4;23,1;100;77;100;;15,4;5,7;
2026/02/11;2300 UTC;,4;1001,4;1001,4;1000,5;1,2;23,6;23,6;24;23,6;24;23,6;100;99;100;;8,8;3,3;
2026/02/12;0000 UTC;0;1002;1002;1001,4;,3;23,7;23,7;23,7;23,6;23,7;23,6;100;100;100;;5,3;1,4;
2026/02/12;0100 UTC;,4;1002,5;1002,6;1002;0;23,9;23,9;23,9;23,7;23,9;23,7;100;100;100;;2,7;1,9;
2026/02/12;0200 UTC;0;1002,4;1002,7;1002,4;0;23,8;23,8;23,9;23,8;23,9;23,8;100;100;100;;2,7;0;
2026/02/12;0300 UTC;0;1001,9;1002,4;1001,8;0;23,7;23,7;23,8;23,7;23,8;23,6;100;100;100;;,8;0;
2026/02/12;0400 UTC;0;1001,7;1002;1001,7;0;23,5;23,5;23,7;23,5;23,7;23,5;100;100;100;;1,4;,1;
2026/02/12;0500 UTC;0;1001,4;1001,7;1001,4;0;23,6;23,5;23,6;23,5;23,6;23,5;100;100;100;;,7;0;
2026/02/12;0600 UTC;0;1001;1001,4;1001;0;23,4;23,4;23,6;23,4;23,6;23,4;100;100;100;;,2;0;
2026/02/12;0700 UTC;0;1000,4;1001;1000,4;0;23,4;23,4;23,5;23,4;23,5;23,4;100;100;100;;,7;0;
2026/02/12;0800 UTC;0;1000,3;1000,4;1000,2;0;23,3;23,3;23,5;23,3;23,5;23,3;100;100;100;;,8;0;
2026/02/12;0900 UTC;0;1000,7;1000,7;1000,3;0;23,2;23,2;23,3;23;23,3;23;100;100;100;;1,4;,2;
2026/02/12;1000 UTC;0;1001;1001;1000,7;35,9;23,2;23,2;23,2;23;23,2;23;100;100;100;;1,4;0;
2026/02/12;1100 UTC;0;1001,8;1001,8;1001;818,1;24,8;24,7;24,8;23,2;24,7;23,2;100;100;100;;1,7;,7;
2026/02/12;1200 UTC;0;1002,4;1002,4;1001,8;1081,7;25,9;25,3;26;24,8;25,7;24,7;100;96;97;;3,7;1,6;
2026/02/12;1300 UTC;0;1002,7;1002,7;1002,3;1919,1;27,4;25,1;27,7;25,9;25,8;24,6;98;84;87;;7,8;4,8;
2026/02/12;1400 UTC;0;1002,4;1002,8;1002,4;1561,9;28,2;24,9;28,3;27,4;25,5;24,6;87;81;83;;7,7;3,8;
2026/02/12;1500 UTC;0;1001,5;1002,4;1001,5;2446,8;29,4;24,4;29,9;28,2;25,8;23,8;85;72;74;;7;4,5;
2026/02/12;1600 UTC;0;1000;1001,5;1000;3167,3;30,8;24;30,8;29,4;25,2;23,5;74;67;67;;7;4,2;
2026/02/12;1700 UTC;0;998,7;999,9;998,6;3099,2;31,6;23,6;31,6;30,7;25,2;23,3;72;62;63;;6,7;3,5;
2026/02/12;1800 UTC;0;997,7;998,7;997,7;2757,8;31,1;24,4;32,1;31,1;24,8;22,9;69;59;68;;7,4;4,4;
2026/02/12;1900 UTC;0;997,4;997,7;997,1;2041,2;31,5;24;32,1;30,8;25,1;23,6;71;62;65;;6,8;3,5;
2026/02/12;2000 UTC;5,6;999,2;999,2;997,4;310,3;25;24,7;31,5;25;24,9;23,4;98;64;98;;15;6;
2026/02/12;2100 UTC;5;998,8;999,2;998,3;24,7;24,4;24,3;25;24,3;24,9;24,3;100;98;100;;9,4;,9;
2026/02/12;2200 UTC;,2;999,8;999,8;998,8;3,2;24,4;24,4;24,5;24,2;24,5;24,2;100;100;100;;2,6;,1;
2026/02/12;2300 UTC;0;1000,1;1000,1;999,8;0;24,4;24,4;24,5;24,4;24,5;24,4;100;100;100;;2,7;,5;
2026/02/13;0000 UTC;0;1001,4;1001,4;1000,1;0;24,5;24,5;24,6;24,4;24,6;24,4;100;100;100;;2,7;,1;
2026/02/13;0100 UTC;0;1001,9;1001,9;1001,4;,1;24,6;24,6;24,7;24,4;24,7;24,4;100;100;100;;1,4;0;
2026/02/13;0200 UTC;1,4;1002,2;1002,3;1001,9;,2;24,4;24,4;24,7;24,4;24,7;24,4;100;100;100;;4,8;,1;
2026/02/13;0300 UTC;1;1002;1002,3;1002;0;24,3;24,3;24,5;24,3;24,5;24,3;100;100;100;;2,1;,5;
2026/02/13;0400 UTC;,2;1001,5;1002;1001,5;0;24,3;24,3;24,5;24,3;24,5;24,3;100;100;100;;3,6;2,1;
2026/02/13;0500 UTC;9,8;1000,8;1001,5;1000,8;,1;24;24;24,3;24;24,3;24;100;100;100;;4,8;,9;
2026/02/13;0600 UTC;0;1000,4;1000,8;1000,4;0;24,1;24,1;24,1;23,9;24,1;23,9;100;100;100;;1,7;0;
2026/02/13;0700 UTC;0;1000,5;1000,6;1000,4;0;24,1;24,1;24,2;24;24,2;24;100;100;100;;,4;0;
2026/02/13;0800 UTC;0;1000,7;1000,9;1000,5;0;24,3;24,3;24,3;24,1;24,3;24,1;100;100;100;;1,5;0;
2026/02/13;0900 UTC;0;1001,1;1001,1;1000,7;0;24,1;24,1;24,3;24,1;24,3;24,1;100;100;100;;1,2;,1;
2026/02/13;1000 UTC;,2;1001,4;1001,4;1001,1;35,7;24,2;24,2;24,3;24,1;24,3;24,1;100;100;100;;1,4;,2;
2026/02/13;1100 UTC;,2;1002,4;1002,4;1001,4;216,4;23,8;23,8;24,4;23,6;24,4;23,6;100;100;100;;5,4;1,8;
2026/02/13;1200 UTC;0;1003;1003;1002,4;610,1;24,4;24,3;24,4;23,7;24,3;23,7;100;100;100;;3,5;,2;
2026/02/13;1300 UTC;0;1003,5;1003,5;1003;969,5;25,1;24,7;25,2;24,3;24,9;24,1;100;95;97;;1,8;,7;
2026/02/13;1400 UTC;0;1003,2;1003,5;1003,2;1361,6;25,6;24,2;25,6;25;25;24,1;98;92;92;;3,9;1,6;
2026/02/13;1500 UTC;0;1002,6;1003,2;1002,6;1898,5;26,8;24,3;27;25,6;25,4;24,1;94;85;86;;2,7;,6;
2026/02/13;1600 UTC;0;1001;1002,6;1001;2618,9;28,4;25;28,7;26,8;25,6;24,3;89;79;82;;3,1;,8;
2026/02/13;1700 UTC;0;999,5;1001;999,5;3222,9;29,7;24,9;29,8;28,3;26;24,1;83;73;75;;4,1;1,6;
2026/02/13;1800 UTC;0;998,2;999,5;998,2;2104,8;29,7;24,8;30,3;29,5;25,6;23,9;79;70;75;;4,2;1,6;
2026/02/13;1900 UTC;0;997,5;998,2;997,4;1951,9;29,6;24,7;30,1;29,2;27;24;85;71;75;;4,1;,9;
2026/02/13;2000 UTC;1;998,5;998,6;997,4;741,2;25,7;25,4;29,7;25,7;26,1;24,8;99;75;98;;7,2;1,7;
2026/02/13;2100 UTC;4,6;999,6;999,6;998,5;154,3;25,2;25,2;26;25,2;26;25,2;100;98;100;;6,7;,2;
2026/02/13;2200 UTC;5,4;1000,7;1000,7;999,5;6,6;22,8;22,8;25,5;22,8;25,4;22,8;100;98;100;;8,4;4;
2026/02/13;2300 UTC;1,6;1001,7;1001,7;1000,4;0;22,7;22,7;22,8;22,6;22,8;22,6;100;100;100;;6,6;,7;
2026/02/14;0000 UTC;,2;1001,9;1002,1;1001,6;0;22,9;22,9;23;22,6;23;22,6;100;100;100;;2;0;
2026/02/14;0100 UTC;,2;1002,5;1002,5;1001,6;0;23,3;23,3;23,4;22,8;23,4;22,8;100;100;100;;2,9;,8;
2026/02/14;0200 UTC;3,8;1003;1003,1;1002,5;0;23,3;23,3;23,4;23,2;23,4;23,2;100;100;100;;3;,1;
2026/02/14;0300 UTC;1,2;1002,8;1003;1002,8;0;23,5;23,5;23,6;23,3;23,5;23,3;100;100;100;;1,6;,4;
2026/02/14;0400 UTC;1;1001,4;1002,9;1001,4;0;23,2;23,2;23,6;23,2;23,6;23,2;100;100;100;;1,7;,3;
2026/02/14;0500 UTC;0;1000,4;1001,4;1000,4;0;22,8;22,8;23,2;22,8;23,2;22,8;100;100;100;;2,2;,6;
2026/02/14;0600 UTC;0;1000;1000,4;1000;0;22,7;22,7;22,8;22,7;22,8;22,7;100;100;100;;1,8;,3;
2026/02/14;0700 UTC;0;999,6;1000,1;999,5;0;22,7;22,7;22,8;22,7;22,8;22,7;100;100;100;;1,8;0;
2026/02/14;0800 UTC;0;1000,5;1000,5;999,6;0;22,7;22,7;22,8;22,7;22,8;22,7;100;100;100;;1,6;,2;
2026/02/14;0900 UTC;0;1001;1001;1000,5;0;22,9;22,9;22,9;22,7;22,9;22,7;100;100;100;;2,3;,2;
2026/02/14;1000 UTC;0;1001;1001;1000,9;53,7;23;23;23;22,8;23;22,8;100;100;100;;1,9;0;
2026/02/14;1100 UTC;0;1002;1002;1001;392,2;23,6;23,6;23,7;23;23,7;23;100;100;100;;1,1;0;
2026/02/14;1200 UTC;0;1002,7;1002,7;1002;775,4;24,3;24,3;24,5;23,5;24,5;23,5;100;100;100;;1,5;,3;
2026/02/14;1300 UTC;0;1002,4;1002,8;1002,3;1889,7;25,7;24,7;26;24,3;25,9;24,3;100;92;94;;3,8;,8;
2026/02/14;1400 UTC;0;1001,8;1002,4;1001,8;2716;27;24;27,5;25,7;25,8;23,7;95;82;83;;3,7;,8;
2026/02/14;1500 UTC;0;1001,1;1001,8;1001,1;1329,5;27,8;24,8;28;27;25,6;24;90;81;84;;3,2;1,5;
2026/02/14;1600 UTC;0;999,7;1001,1;999,7;2094,5;28,2;24,2;28,5;27,8;25,6;23,5;86;75;79;;5,1;2,6;
2026/02/14;1700 UTC;0;998,9;999,7;998,9;2547,2;29;24,6;29,5;28,2;25,8;23,7;83;74;77;;4,7;1,8;
2026/02/14;1800 UTC;0;997,8;999;997,8;2190;29,2;24,3;29,6;28,9;25;23,3;79;71;75;;4,2;1,1;
2026/02/14;1900 UTC;0;997,3;997,8;997,3;2559,3;30,4;25,4;30,4;29,2;25,4;23,3;76;67;75;;4,8;2,9;
2026/02/14;2000 UTC;0;998,6;998,7;997,3;1471,2;25,8;23,2;30,6;25,8;26;23,2;86;70;86;;18;6,7;
2026/02/14;2100 UTC;,6;999,5;999,5;998,6;126,4;23,1;23,1;25,7;23,1;23,8;23,1;100;86;100;;18;,9;
2026/02/14;2200 UTC;,2;1000,2;1000,2;999,1;4,6;23;23;23,2;23;23,2;23;100;100;100;;4,2;,5;
2026/02/14;2300 UTC;,4;1001;1001,2;1000,2;0;23;22,9;23;22,9;23;22,9;100;100;100;;4,4;2;
2026/02/15;0000 UTC;0;1001,4;1001,4;1001;0;22,7;22,7;23;22,6;22,9;22,6;100;100;100;;4,4;,1;
2026/02/15;0100 UTC;0;1001,4;1001,4;1001,2;0;22,5;22,5;22,7;22,5;22,7;22,5;100;100;100;;2,6;,5;
2026/02/15;0200 UTC;0;1001,5;1001,9;1001,4;0;22,3;22,3;22,5;22,3;22,5;22,3;100;100;100;;2,6;0;
2026/02/15;0300 UTC;0;1001,4;1001,6;1001,4;0;22,3;22,3;22,4;22,2;22,4;22,2;100;100;100;;1,1;0;
2026/02/15;0400 UTC;0;1000,6;1001,4;1000,6;0;22,1;22,1;22,3;22,1;22,3;22,1;100;100;100;;1,7;0;
2026/02/15;0500 UTC;0;999,9;1000,6;999,9;0;21,9;21,9;22,1;21,9;22,1;21,9;100;100;100;;1,3;0;
2026/02/15;0600 UTC;0;999;999,9;999;0;21,6;21,6;21,9;21,6;21,9;21,6;100;100;100;;,7;0;
2026/02/15;0700 UTC;0;998,6;999,1;998,6;0;21,4;21,4;21,6;21,3;21,6;21,3;100;100;100;;1,1;,1;
2026/02/15;0800 UTC;0;999;999;998,6;0;21,4;21,4;21,5;21,3;21,5;21,3;100;100;100;;,8;0;
2026/02/15;0900 UTC;,2;999,1;999,1;998,7;0;21,5;21,5;21,7;21,4;21,7;21,4;100;100;100;;2;,1;
2026/02/15;1000 UTC;0;999,9;999,9;999,1;128,1;21,8;21,8;21,8;21,5;21,8;21,5;100;100;100;;1,3;,3;
2026/02/15;1100 UTC;0;1000,5;1000,5;999,9;529,9;22,5;22,5;22,5;21,7;22,5;21,7;100;100;100;;1,9;,3;
2026/02/15;1200 UTC;0;1000,9;1000,9;1000,5;1236,1;24,5;24,5;24,5;22,5;24,5;22,5;100;100;100;;4;2,3;
2026/02/15;1300 UTC;0;1001,3;1001,3;1000,9;1735,1;26,2;24,8;26,2;24,5;25,1;24,4;100;91;92;;7,2;3,6;
2026/02/15;1400 UTC;0;1001,5;1001,6;1001,3;2096,7;27,9;24,8;28;26,2;25,2;24,2;92;81;83;;7,5;3,2;
2026/02/15;1500 UTC;0;1000,7;1001,5;1000,7;2603,3;29;24,2;29,2;27,9;25,5;24,2;84;75;75;;6,1;3,2;
2026/02/15;1600 UTC;0;999,6;1000,7;999,6;2283,6;30;24,2;30;29;25,5;23,8;79;70;71;;6,3;3,4;
2026/02/15;1700 UTC;0;998,8;999,6;998,8;2910,7;30,7;24,3;31;29,9;24,9;23,2;74;64;69;;5,8;2,5;
2026/02/15;1800 UTC;0;997,8;998,8;997,8;2729,6;30,9;23,9;31,7;30,6;24,7;22,9;71;60;67;;5,8;2,8;
2026/02/15;1900 UTC;0;996,9;997,8;996,9;2459,8;31,5;23,6;31,6;30,6;25,4;22,3;73;58;63;;5,8;1,5;
2026/02/15;2000 UTC;0;996,8;997;996,5;1521,5;30,7;25,4;31,7;30,7;25,4;23;73;61;73;;4,2;2,6;
2026/02/15;2100 UTC;0;998,4;998,4;996,8;215,8;26,1;24,7;30,7;26,1;26,5;24,3;92;74;92;;10,8;4,5;
2026/02/15;2200 UTC;2,4;999,5;999,5;998,4;9,9;24,4;24,4;26,1;24,4;25,4;24,4;100;92;100;;7,2;1,7;
2026/02/15;2300 UTC;,2;999,4;999,6;999,3;,1;24,3;24,3;24,5;24,2;24,5;24,2;100;100;100;;3,7;1,9;
2026/02/16;0000 UTC;0;1000,4;1000,4;999,4;0;24,5;24,5;24,5;24,3;24,5;24,2;100;100;100;;3,1;1,6;
2026/02/16;0100 UTC;0;1000,7;1000,7;1000,4;0;24,4;24,4;24,6;24,3;24,6;24,3;100;100;100;;2,5;0;
2026/02/16;0200 UTC;0;1000,5;1000,8;1000,5;0;24,6;24,6;24,7;24,4;24,7;24,4;100;100;100;;1,8;,9;
2026/02/16;0300 UTC;0;1000,7;1000,9;1000,5;0;24,5;24,5;24,6;24,4;24,6;24,4;100;100;100;;1,6;0;
2026/02/16;0400 UTC;0;1000,1;1000,7;1000;0;24,2;24,2;24,5;24,2;24,4;24,2;100;100;100;;1,8;1,2;
2026/02/16;0500 UTC;0;999,3;1000,1;999,3;0;24,1;24,1;24,2;24;24,2;24;100;100;100;;1,8;0;
2026/02/16;0600 UTC;0;999,2;999,3;999,1;0;24,1;24,1;24,1;23,8;24,1;23,8;100;100;100;;1,3;0;
2026/02/16;0700 UTC;0;999,3;999,3;999,1;,1;24,1;24,1;24,1;23,9;24,1;23,9;100;100;100;;2,8;1,1;
2026/02/16;0800 UTC;0;999,2;999,4;999,1;0;24,2;24,2;24,2;24,1;24,2;24,1;100;100;100;;4,1;2,2;
2026/02/16;0900 UTC;0;999,8;999,8;999,2;,1;24;24;24,2;24;24,2;24;100;100;100;;4,1;1,5;
2026/02/16;1000 UTC;0;1000,2;1000,2;999,8;53,4;24,1;24,1;24,1;23,9;24,1;23,9;100;100;100;;3,5;1,4;
2026/02/16;1100 UTC;0;1001,3;1001,3;1000,2;580;25;25;25,1;24,1;25,1;24,1;100;100;100;;4,2;2,6;
2026/02/16;1200 UTC;0;1002;1002;1001,3;1301,9;26,4;25,2;26,4;25;25,8;24,9;100;93;93;;6,8;3,8;
2026/02/16;1300 UTC;0;1001,7;1002,1;1001,7;2285,1;27,6;24,7;27,9;26,1;25,4;24,4;95;83;84;;9,2;5;
2026/02/16;1400 UTC;0;1001,4;1001,7;1001,4;2674,3;29;24,2;29;27,6;25,5;24,1;85;75;75;;8,5;5;
2026/02/16;1500 UTC;0;1000,8;1001,4;1000,7;2737,7;30,1;24,3;30,2;28,9;24,9;23,7;77;69;71;;8,9;4,1;
2026/02/16;1600 UTC;0;999,8;1000,8;999,8;2454,4;29,3;25,4;30,3;28,8;26,2;23,5;84;68;79;;8,9;1,8;
2026/02/16;1700 UTC;0;998,5;999,8;998,5;2880,8;29,6;25,9;30;29;26;24,7;83;74;81;;5,5;1,6;
2026/02/16;1800 UTC;0;997,8;998,5;997,8;2638,7;30,6;25,3;30,6;29,6;26,1;24,5;80;72;74;;6;3;
2026/02/16;1900 UTC;0;997,4;997,8;997,4;1943,7;30,1;23,8;30,6;30,1;25,6;23,6;76;67;69;;7,3;4;
2026/02/16;2000 UTC;0;997,9;997,9;997,2;862,7;28,1;25,7;30,3;28,1;25,7;23,8;87;69;87;;7,7;4,4;
2026/02/16;2100 UTC;,6;998,1;998,3;997,9;120,1;25,6;25,5;28,1;25,6;25,7;24,1;99;85;99;;9,1;,8;
2026/02/16;2200 UTC;0;998,9;999;998,1;9,5;25,2;25,2;25,7;25;25,7;25;100;99;100;;1,7;0;
2026/02/16;2300 UTC;0;999,7;999,7;998,9;0;24,7;24,7;25,3;24,7;25,3;24,7;100;100;100;;,4;0;
2026/02/17;0000 UTC;0;1000,9;1000,9;999,7;0;24,5;24,5;25;24,5;25;24,5;100;100;100;;1,5;,8;
2026/02/17;0100 UTC;0;1001,5;1001,5;1000,9;0;24,5;24,5;24,5;24,4;24,5;24,4;100;100;100;;1,5;0;
2026/02/17;0200 UTC;0;1001,9;1001,9;1001,5;0;24,3;24,3;24,5;24,2;24,5;24,2;100;100;100;;,9;0;
2026/02/17;0300 UTC;0;1001,3;1001,9;1001,3;0;24,1;24,1;24,3;24,1;24,3;24,1;100;100;100;;1,6;1;
2026/02/17;0400 UTC;0;1000,7;1001,3;1000,7;0;24,1;24,1;24,1;24;24,1;24;100;100;100;;2,9;0;
2026/02/17;0500 UTC;0;1000;1000,7;1000;0;24;24;24,2;24;24,2;24;100;100;100;;1,3;0;
2026/02/17;0600 UTC;0;1000;1000;999,9;0;23,9;23,9;24;23,9;24;23,9;100;100;100;;2,3;,6;
2026/02/17;0700 UTC;0;1000,1;1000,1;999,9;0;23,7;23,7;24;23,7;24;23,7;100;100;100;;1,4;0;
2026/02/17;0800 UTC;,4;1000,2;1000,2;1000;0;23,3;23,3;23,7;23,3;23,7;23,3;100;100;100;;1,7;0;
2026/02/17;0900 UTC;0;1000,5;1000,6;1000,2;0;23,2;23,2;23,4;23,2;23,4;23,2;100;100;100;;1,1;0;
2026/02/17;1000 UTC;0;1000,8;1000,8;1000,5;92,8;23,6;23,6;23,6;23,2;23,6;23,2;100;100;100;;1,2;0;
2026/02/17;1100 UTC;0;1001,7;1001,7;1000,8;568;24,7;24,7;24,7;23,6;24,7;23,6;100;100;100;;1,6;,3;
2026/02/17;1200 UTC;0;1002,1;1002,1;1001,7;846,2;25,2;25,1;25,4;24,6;25,4;24,6;100;99;99;;2;,7;
2026/02/17;1300 UTC;0;1002,5;1002,5;1002,1;1493,8;26,2;25;26,3;25,1;25,6;24,7;100;92;93;;3,6;1,5;
2026/02/17;1400 UTC;0;1002,3;1002,6;1002,3;1816,4;27,7;25,1;27,9;26,2;25,5;24,3;95;83;86;;3,7;1,4;
2026/02/17;1500 UTC;0;1001,5;1002,3;1001,5;1998,1;28,6;25;29;27,6;26,2;24,2;90;78;81;;5,1;1,3;
2026/02/17;1600 UTC;0;999,9;1001,5;999,9;2446,1;28,6;25,7;29,8;28,6;26,2;24,1;86;72;84;;5,3;2,2;
2026/02/17;1700 UTC;0;999,1;999,9;999;653,5;27,8;27;28,6;27,3;27,1;25,5;97;84;95;;3,7;1;
2026/02/17;1800 UTC;,2;998,4;999,1;998,2;546;24,8;24,3;27,8;24,8;26,6;24,3;100;92;97;;6,8;3,5;
2026/02/17;1900 UTC;0;998,4;998,6;998,4;531,1;25,3;25;25,5;24,8;25,2;24,1;99;94;98;;5,9;2,4;
2026/02/17;2000 UTC;,6;999,7;999,7;998,4;407,2;25;24,9;25,5;25;25,5;24,9;100;98;100;;5;2,4;
2026/02/17;2100 UTC;0;999,7;999,7;999,4;144,8;25;25;25,1;25;25,1;24,7;100;98;100;;4,3;2;
2026/02/17;2200 UTC;0;1000,4;1000,4;999,7;6,7;24,6;24,6;25,1;24,6;25,1;24,6;100;100;100;;3,3;1,2;
2026/02/17;2300 UTC;,2;1000,7;1000,7;1000,4;0;24,2;24,2;24,6;24,2;24,6;24,2;100;100;100;;2,7;1,1;
2026/02/18;0000 UTC;0;1001,9;1001,9;1000,7;0;24;24;24,2;24;24,2;24;100;100;100;;1,8;0;
2026/02/18;0100 UTC;0;1002,4;1002,4;1001,9;0;23,9;23,9;24,1;23,9;24,1;23,9;100;100;100;;0;0;
2026/02/18;0200 UTC;0;1002,7;1002,8;1002,4;0;24;24;24;23,9;24;23,9;100;100;100;;1,9;0;
2026/02/18;0300 UTC;0;1002,4;1002,7;1002,4;0;23,9;23,9;24;23,8;24;23,8;100;100;100;;2,3;1,3;
2026/02/18;0400 UTC;0;1001,7;1002,4;1001,7;0;23,7;23,7;23,9;23,7;23,8;23,7;100;100;100;;2,5;1,3;
2026/02/18;0500 UTC;0;1001,2;1001,7;1001,2;0;23,7;23,7;23,8;23,7;23,8;23,7;100;100;100;;2,5;,4;
2026/02/18;0600 UTC;0;1001;1001,2;1000,9;0;23,8;23,8;23,8;23,7;23,8;23,7;100;100;100;;1,8;,3;
2026/02/18;0700 UTC;,2;1001;1001;1000,9;0;23,9;23,9;23,9;23,8;23,9;23,8;100;100;100;;2;,3;
2026/02/18;0800 UTC;,4;1001,4;1001,4;1001;0;23,9;23,9;24,1;23,9;24;23,9;100;100;100;;1,5;0;
2026/02/18;0900 UTC;2,6;1002,1;1002,1;1001,4;2,7;21,9;21,9;24;21,8;24;21,8;100;100;100;;13,5;2,3;
2026/02/18;1000 UTC;4,4;1002,1;1002,2;1002,1;7,8;21,8;21,8;21,9;21,7;21,9;21,7;100;100;100;;5,3;,5;
2026/02/18;1100 UTC;,4;1002,3;1002,3;1002;155,4;22;22;22;21,8;22;21,8;100;100;100;;2,7;1,9;
2026/02/18;1200 UTC;0;1002,7;1002,7;1002,3;349,6;22,1;22,1;22,2;22;22,2;22;100;100;100;;3,1;1,5;
2026/02/18;1300 UTC;,2;1002,3;1002,7;1002,3;484,4;22,4;22,4;22,5;22;22,5;22;100;100;100;;3,3;1,7;
2026/02/18;1400 UTC;0;1001,9;1002,3;1001,9;692,7;23,3;23,3;23,5;22,4;23,4;22,5;100;100;100;;3,3;,8;
2026/02/18;1500 UTC;,2;1001,6;1002;1001,6;818,7;23,7;22,9;23,9;23,3;23,8;22,8;100;95;95;;2,5;,6;
2026/02/18;1600 UTC;,2;1000,9;1001,6;1000,9;911,9;24,4;24;24,5;23,7;24;22,8;99;93;98;;1,9;1,1;
2026/02/18;1700 UTC;0;1000,4;1000,9;1000,4;913,9;25,1;24,8;25,1;24,4;25,1;23,8;100;96;99;;2,6;,5;
2026/02/18;1800 UTC;0;999,9;1000,4;999,9;796,2;25;24,2;25,2;24,7;25,1;24;100;95;95;;2,7;,2;
2026/02/18;1900 UTC;0;999,4;999,9;999,4;661,4;25;24,1;25,2;24,8;24,7;23,9;98;94;94;;2,1;,2;
2026/02/18;2000 UTC;0;998,8;999,4;998,7;604,7;25,1;24,3;25,2;24,9;24,4;23,7;96;93;95;;1,6;0;
2026/02/18;2100 UTC;0;999,3;999,4;998,8;299,1;24,9;24,9;25,2;24,9;25;24;100;94;100;;2,4;,1;
2026/02/18;2200 UTC;0;999,5;999,6;999,3;20,6;24;23,9;24,9;24;24,9;23,9;100;100;100;;,9;0;
2026/02/18;2300 UTC;0;999;999,5;998,8;0;23,6;23,6;23,9;23,6;23,9;23,6;100;100;100;;2,2;1,3;
2026/02/19;0000 UTC;0;1000,5;1000,5;999;0;23,5;23,5;23,6;23,5;23,6;23,5;100;100;100;;2,2;0;
2026/02/19;0100 UTC;0;1000,4;1000,6;1000,3;0;23;23;23,5;23;23,5;23;100;100;100;;1,5;,1;
2026/02/19;0200 UTC;0;1000,8;1000,8;1000,4;0;22,9;22,9;23;22,6;23;22,6;100;100;100;;1;0;
2026/02/19;0300 UTC;0;1000,5;1000,8;1000,4;0;23,2;23,2;23,2;22,9;23,2;22,9;100;100;100;;1,2;0;
2026/02/19;0400 UTC;0;999,9;1000,5;999,9;0;23,3;23,3;23,3;23,1;23,3;23,1;100;100;100;;2,1;0;
2026/02/19;0500 UTC;0;999,5;999,9;999,5;0;23,5;23,5;23,5;23,3;23,5;23,3;100;100;100;;1,1;0;
2026/02/19;0600 UTC;0;999,2;999,5;999,2;0;23,4;23,4;23,7;23,4;23,7;23,4;100;100;100;;1,2;0;
2026/02/19;0700 UTC;0;999,1;999,2;999;0;23,2;23,2;23,4;23,1;23,4;23,1;100;100;100;;,8;0;
2026/02/19;0800 UTC;0;999,5;999,5;999,1;0;23,3;23,3;23,4;23,2;23,4;23,2;100;100;100;;0;0;
2026/02/19;0900 UTC;0;999,8;999,8;999,3;0;23,2;23,2;23,3;23,2;23,3;23,2;100;100;100;;1,3;,4;
2026/02/19;1000 UTC;,4;999,6;999,8;999,5;50,7;23,4;23,4;23,4;23,2;23,4;23,2;100;100;100;;1,3;0;
2026/02/19;1100 UTC;0;1000,4;1000,4;999,6;653,6;24,3;24,3;24,4;23,4;24,4;23,4;100;100;100;;1,6;,1;
2026/02/19;1200 UTC;0;1001;1001;1000,4;955,2;25,1;25;25,1;24,3;25,1;24,3;100;97;99;;4,2;1,5;
2026/02/19;1300 UTC;0;1001;1001,1;1001;1360,9;26,1;25,1;26,2;24,9;25,2;24,2;99;91;94;;3,6;1;
2026/02/19;1400 UTC;0;1000,9;1001;1000,8;2172,2;27;24;27,2;25,8;25,5;23,8;94;83;84;;3,3;1,1;
2026/02/19;1500 UTC;0;1000,3;1000,9;1000,3;2516;28,5;24,6;28,5;27;25,6;23,4;87;77;79;;4;1,9;
2026/02/19;1600 UTC;0;999,6;1000,3;999,6;3348,8;30,4;23,6;30,4;28,4;24,6;22,4;80;65;67;;4,8;2,4;
2026/02/19;1700 UTC;0;998,2;999,6;998,2;2400,8;30,4;25,1;30,5;29,8;25,2;22,9;74;64;73;;4,8;1,2;
2026/02/19;1800 UTC;,4;997,4;998,2;997,4;1916,1;28,1;27,1;31,5;28,1;27,1;24,2;94;68;94;;4,2;1,1;
2026/02/19;1900 UTC;0;996,7;997,4;996,6;2129,4;30,2;25,8;30,2;27,8;27,1;23,1;95;70;78;;4;,5;
2026/02/19;2000 UTC;0;996,4;996,7;996,3;1673,7;30,7;25,3;30,8;30;25,5;23,5;77;66;73;;2,8;,4;
2026/02/19;2100 UTC;0;996,9;996,9;996,3;409;28,5;24,9;30,8;28,5;25,4;23,6;82;66;81;;5;1;
2026/02/19;2200 UTC;0;998,2;998,2;996,9;17,4;25,5;24,1;28,5;25,5;25,7;24;92;79;92;;5,6;2,6;
2026/02/19;2300 UTC;0;999,4;999,4;998,2;0;25;25;25,5;25;25;24,1;100;92;100;;4,9;1,2;
2026/02/20;0000 UTC;6,2;1000;1000;999,4;,1;24,9;24,9;25,2;24,8;25,2;24,8;100;100;100;;4,9;,9;
2026/02/20;0100 UTC;0;1000,8;1000,8;1000;0;24,8;24,8;25;24,7;25;24,7;100;100;100;;1,9;1,2;
2026/02/20;0200 UTC;0;1001,3;1001,3;1000,8;0;24,5;24,5;24,8;24,5;24,8;24,5;100;100;100;;1,9;,2;
2026/02/20;0300 UTC;0;1001,3;1001,5;1001,3;0;24,4;24,4;24,5;24,4;24,5;24,4;100;100;100;;1,8;,5;
2026/02/20;0400 UTC;0;1000,5;1001,3;1000,5;0;24,4;24,4;24,5;24,3;24,5;24,3;100;100;100;;1,2;,1;
2026/02/20;0500 UTC;,2;999,7;1000,5;999,7;0;24,2;24,2;24,4;24,2;24,4;24,2;100;100;100;;1,6;0;
2026/02/20;0600 UTC;0;999,1;999,7;999,1;0;24,2;24,2;24,3;24,1;24,2;24,1;100;100;100;;,5;0;
2026/02/20;0700 UTC;0;998,9;999,1;998,8;0;24;24;24,2;24;24,2;24;100;100;100;;0;0;
2026/02/20;0800 UTC;0;999,2;999,2;998,9;0;24;24;24;24;24;24;100;100;100;;0;0;
2026/02/20;0900 UTC;0;999,8;999,8;999,2;0;23,8;23,8;24;23,8;24;23,8;100;100;100;;0;0;
2026/02/20;1000 UTC;0;1000,4;1000,4;999,8;64,2;24;24;24;23,8;24;23,8;100;100;100;;0;0;
2026/02/20;1100 UTC;0;1000,9;1000,9;1000,4;698,9;24,9;24,9;25,1;24;25;24;100;100;100;;1,6;,1;
2026/02/20;1200 UTC;0;1001,6;1001,6;1000,9;1219,2;25,8;25,5;25,9;24,7;25,5;24,7;100;96;98;;2,9;1,5;
2026/02/20;1300 UTC;0;1001,7;1001,7;1001,6;1767,5;27,2;24,3;27,6;25,7;25,6;24,1;98;82;84;;6,9;3,5;
2026/02/20;1400 UTC;0;1001,5;1001,7;1001,4;2264,5;28,5;23,9;28,8;27,2;25;23,7;86;75;76;;6,9;2,6;
2026/02/20;1500 UTC;0;1000,8;1001,5;1000,8;2770,5;29,3;23,6;29,5;28,4;24,9;23;80;70;71;;5,2;,6;
2026/02/20;1600 UTC;0;999,7;1000,8;999,7;3154,1;30,3;23,7;30,4;29,3;24,8;23;77;67;68;;4,7;1,8;
2026/02/20;1700 UTC;0;998,3;999,7;998,3;2956,3;30,9;23,3;31,2;29,7;25,7;23;78;64;64;;4;1;
2026/02/20;1800 UTC;0;997,1;998,3;997,1;2979,8;31,6;22,8;31,8;30,9;24,8;22,3;69;58;60;;4,5;1,7;
2026/02/20;1900 UTC;0;996,3;997,1;996,3;2400,5;31,7;24,2;32,1;31,5;24,8;23;68;59;65;;4,3;1,6;
2026/02/20;2000 UTC;,2;997,4;997,4;996,3;1057;26,5;25,2;32;26,4;26;22,9;95;59;93;;11,6;1,9;
2026/02/20;2100 UTC;2,4;997,2;998,1;997,2;185,4;25,2;25,2;26,6;25,1;25,5;23,7;100;87;100;;9,7;,2;
2026/02/20;2200 UTC;0;998,3;998,3;997,1;5,7;25,1;25,1;25,3;24,9;25,3;24,9;100;100;100;;1,5;,2;
2026/02/20;2300 UTC;0;998,7;998,7;998,2;0;25;25;25,1;24,9;25,1;24,9;100;100;100;;1,2;0;
2026/02/21;0000 UTC;0;999,8;999,8;998,7;0;25,2;25,1;25,3;24,9;25,3;24,9;100;100;100;;0;0;
2026/02/21;0100 UTC;0;1001,2;1001,2;999,8;0;24,9;24,9;25,3;24,9;25,3;24,8;100;100;100;;1;0;
2026/02/21;0200 UTC;0;1001,5;1001,5;1001,2;0;24,7;24,7;25,1;24,7;25,1;24,7;100;100;100;;1,8;,2;
2026/02/21;0300 UTC;0;1001,2;1001,5;1001,2;0;24,7;24,7;24,7;24,6;24,7;24,6;100;100;100;;1,8;,1;
2026/02/21;0400 UTC;0;1000,4;1001,2;1000,4;0;24,4;24,4;24,8;24,4;24,8;24,4;100;100;100;;1;,1;
2026/02/21;0500 UTC;0;999,9;1000,4;999,9;0;24,1;24,1;24,4;24,1;24,4;24,1;100;100;100;;,9;0;
2026/02/21;0600 UTC;0;999,3;999,9;999,3;0;24;24;24,2;23,9;24,2;23,9;100;100;100;;,8;0;
2026/02/21;0700 UTC;0;999,1;999,3;999,1;0;24,1;24,1;24,1;23,9;24,1;23,9;100;100;100;;0;0;
2026/02/21;0800 UTC;0;999,3;999,3;999;0;24;24;24,2;24;24,2;24;100;100;100;;0;0;
2026/02/21;0900 UTC;0;999,9;999,9;999,3;0;24,1;24,1;24,2;24;24,2;24;100;100;100;;,2;0;
2026/02/21;1000 UTC;0;1000,7;1000,7;999,9;54,2;24,3;24,3;24,3;23,9;24,3;23,9;100;100;100;;1,6;,4;
2026/02/21;1100 UTC;0;1001,4;1001,4;1000,7;314,2;24,7;24,6;24,7;24,3;24,7;24,3;100;100;100;;1,4;,3;
2026/02/21;1200 UTC;0;1002,1;1002,1;1001,4;1374,6;26,2;25,8;26,2;24,5;25,8;24,5;100;96;98;;3,2;1,5;
2026/02/21;1300 UTC;0;1002,4;1002,4;1002,1;1488,7;26,7;24,9;26,7;25,8;26,1;24,4;99;88;90;;4,1;2,3;
2026/02/21;1400 UTC;0;1002,1;1002,4;1002,1;2540,7;28,3;24,7;28,3;26,7;25,6;24,1;92;79;81;;4,8;2,8;
2026/02/21;1500 UTC;0;1001,7;1002,1;1001,7;2421,4;29,2;25,1;29,7;28,2;25,2;23,8;82;71;79;;7;1,5;
2026/02/21;1600 UTC;,8;1000,5;1001,7;1000,5;2137,3;29,6;25,7;29,6;28;26,2;24;89;73;79;;5,3;1,7;
2026/02/21;1700 UTC;0;999;1000,5;999;3343,8;31,1;24,2;31,1;29,5;25,4;22,8;79;64;67;;5,2;2;
2026/02/21;1800 UTC;0;997,7;999;997,7;3003,4;31,6;23,4;31,7;31,1;24,9;22,6;69;59;62;;5,4;2,5;
2026/02/21;1900 UTC;0;996,8;997,7;996,8;2371,1;31,9;24,1;32,2;31,6;24,9;23;67;60;63;;5,2;1,9;
2026/02/21;2000 UTC;0;997,2;997,2;996,7;1400,7;29;24,3;32,2;29;25,2;23;78;58;76;;10,2;4,7;
2026/02/21;2100 UTC;0;998,5;998,5;997,1;314,5;26,4;25,7;29;26,3;25,9;24,5;96;76;96;;10,2;2,3;
2026/02/21;2200 UTC;0;998,7;998,7;998,2;9,4;25,6;25,6;26,4;25,5;26,1;25,5;100;95;100;;4,2;,3;
2026/02/21;2300 UTC;,2;999,7;999,7;998,7;0;25,1;25,1;25,6;25,1;25,6;25,1;100;100;100;;2;,5;
2026/02/22;0000 UTC;0;1000,6;1000,6;999,7;0;24,9;24,9;25,1;24,9;25,1;24,9;100;100;100;;1,4;0;
2026/02/22;0100 UTC;0;1001,8;1001,8;1000,6;0;24,8;24,8;25,1;24,8;25,1;24,8;100;100;100;;1,8;,1;
2026/02/22;0200 UTC;0;1002,3;1002,3;1001,8;0;24,7;24,7;24,8;24,6;24,8;24,6;100;100;100;;1,2;0;
2026/02/22;0300 UTC;0;1001,3;1002,3;1001,3;0;24,4;24,4;24,7;24,4;24,7;24,4;100;100;100;;1,8;,1;
2026/02/22;0400 UTC;0;1000,7;1001,3;1000,7;0;24,1;24,1;24,5;24;24,5;24;100;100;100;;,9;0;
2026/02/22;0500 UTC;0;1000;1000,7;1000;0;23,5;23,5;24,1;23,5;24,1;23,5;100;100;100;;0;0;
2026/02/22;0600 UTC;0;999,5;1000;999,5;0;23,4;23,4;23,7;23,2;23,7;23,2;100;100;100;;,5;0;
2026/02/22;0700 UTC;0;999,3;999,5;999,2;0;23;23;23,4;23;23,4;23;100;100;100;;0;0;
2026/02/22;0800 UTC;0;999,4;999,5;999,3;0;23;23;23,1;22,9;23,1;22,9;100;100;100;;0;0;
2026/02/22;0900 UTC;0;999,9;999,9;999,4;0;22,8;22,8;23,1;22,7;23,1;22,7;100;100;100;;0;0;
2026/02/22;1000 UTC;0;1000,4;1000,4;999,9;62,1;23,4;23,4;23,5;22,7;23,4;22,7;100;100;100;;0;0;
2026/02/22;1100 UTC;0;1001,5;1001,5;1000,4;467,6;24,4;24,4;24,4;23,3;24,4;23,3;100;100;100;;2,2;,5;
2026/02/22;1200 UTC;0;1002;1002;1001,5;1121,7;25,6;25,5;25,6;24,4;25,5;24,5;100;98;99;;4,8;2,5;
2026/02/22;1300 UTC;0;1002,2;1002,3;1002;2127,5;27,5;25,1;27,5;25,6;25,7;24,8;99;86;86;;7,6;5;
2026/02/22;1400 UTC;0;1002;1002,2;1001,9;3304,5;29,2;24,3;29,6;27,5;25,4;24,1;88;73;75;;7,6;4,3;
2026/02/22;1500 UTC;0;1001,3;1002,1;1001,3;2550,5;29,8;24,5;30;29,2;25,2;23,3;77;69;73;;6,9;2,9;
2026/02/22;1600 UTC;,6;1000;1001,3;1000;2549,5;29,9;24,3;30,4;28,5;25,7;23,4;84;66;72;;7,1;1,9;
2026/02/22;1700 UTC;0;998,4;1000;998,4;3217;31,1;24,5;31,5;29,9;24,8;22,3;73;59;68;;4,8;1,7;
2026/02/22;1800 UTC;0;997,5;998,4;997,5;2695,9;31,4;22,9;31,5;29,9;24,7;22,4;74;59;61;;5,7;2,4;
2026/02/22;1900 UTC;0;997;997,5;997;2207,4;28;25,4;32;28;26,2;22,4;87;57;86;;11;5,2;
2026/02/22;2000 UTC;0;997,2;997,4;996,9;727,4;27,6;24,6;28;27,2;25,8;23,9;90;82;84;;8,6;3;
2026/02/22;2100 UTC;0;997,9;997,9;997;652,1;25,4;23,8;28,5;25,4;25,7;23,8;93;82;91;;10,9;4;
2026/02/22;2200 UTC;,2;998,7;998,7;997,9;6;25,4;25;25,4;25,3;25,2;23,7;99;90;98;;8,4;,1;
2026/02/22;2300 UTC;0;999,2;999,2;998,7;0;24,9;24,9;25,4;24,9;25,3;24,9;100;98;100;;1,6;,1;
2026/02/23;0000 UTC;0;999,8;1000;999,2;0;24,9;24,9;25;24,8;25;24,8;100;100;100;;2;,6;
2026/02/23;0100 UTC;0;1000,2;1000,2;999,7;0;24,7;24,7;24,9;24,6;24,9;24,6;100;100;100;;1,6;,4;
2026/02/23;0200 UTC;0;1000,4;1000,6;1000,2;0;24,8;24,8;24,9;24,7;24,9;24,7;100;100;100;;2,4;1,9;
2026/02/23;0300 UTC;0;1000,1;1000,4;1000;0;24,5;24,5;24,8;24,4;24,8;24,4;100;100;100;;2,4;0;
2026/02/23;0400 UTC;0;999,4;1000,1;999,4;0;24,6;24,6;24,7;24,4;24,6;24,4;100;100;100;;0;0;
2026/02/23;0500 UTC;0;998,8;999,4;998,8;0;24,4;24,3;24,6;24,3;24,5;24,3;100;100;100;;0;0;
2026/02/23;0600 UTC;0;998,2;998,8;998,1;0;24,2;24,2;24,4;24,2;24,4;24,2;100;100;100;;1,1;0;
2026/02/23;0700 UTC;0;998,1;998,2;998;0;24,2;24,2;24,2;24,1;24,2;24,1;100;100;100;;,8;0;
2026/02/23;0800 UTC;0;998,1;998,2;998;0;24;24;24,2;24;24,2;24;100;100;100;;0;0;
2026/02/23;0900 UTC;0;998,4;998,4;998,1;0;23,8;23,8;24;23,8;24;23,8;100;100;100;;0;0;
2026/02/23;1000 UTC;0;999;999;998,4;71;23,8;23,8;23,8;23,5;23,8;23,5;100;100;100;;0;0;
2026/02/23;1100 UTC;0;999,7;999,7;999;410,1;24,5;24,5;24,5;23,8;24,5;23,8;100;100;100;;2,3;1,6;
2026/02/23;1200 UTC;0;1000,1;1000,1;999,7;1504;26;24,9;26,1;24,5;25,4;24,5;100;93;94;;5;2,9;
2026/02/23;1300 UTC;0;1000,4;1000,4;1000,1;1786,3;27,5;24,6;27,5;25,9;25,7;24,3;97;84;84;;5,9;3,3;
2026/02/23;1400 UTC;0;1000,4;1000,5;1000,4;2167,5;28,6;24,4;28,6;27,3;25,2;24,1;86;77;78;;6,1;3,4;
2026/02/23;1500 UTC;0;999,6;1000,4;999,6;3202,5;29,8;23,8;30;28,6;24,7;23;79;66;70;;7,5;2,8;
2026/02/23;1600 UTC;,2;998,3;999,6;998,3;2232,1;30;24;30,1;29,4;24,7;23,3;75;68;71;;6,5;,9;
2026/02/23;1700 UTC;1,6;997,2;998,3;997,2;1699,2;28;27,7;30,6;27,7;27,7;23;98;64;98;;5,8;,1;
2026/02/23;1800 UTC;0;995,9;997,2;995,9;2546;29,8;25,6;30,4;27,7;27,9;24,9;99;75;78;;3,9;1,4;
2026/02/23;1900 UTC;10,8;995,8;996;995,6;517,2;26,6;26,6;29,8;25,9;26,9;25,8;100;78;100;;10,5;1,3;
2026/02/23;2000 UTC;,2;995,5;995,9;995,3;556,6;26,8;26,7;26,9;26;26,9;25,3;100;95;99;;4,4;,3;
2026/02/23;2100 UTC;2,6;997;997;995,5;319;26,1;26,1;27,3;26,1;27,1;26,1;100;96;100;;6,6;3,6;
2026/02/23;2200 UTC;9,4;997,6;997,6;997;12,3;24,7;24,7;26,1;24,7;26;24,7;100;100;100;;6,6;0;
2026/02/23;2300 UTC;0;998,4;998,4;997,6;0;24,9;24,9;25;24,6;25;24,6;100;100;100;;,8;0;
2026/02/24;0000 UTC;0;999,1;999,1;998,2;0;25,1;25,1;25,1;24,8;25,1;24,8;100;100;100;;1,7;1;
2026/02/24;0100 UTC;0;999,7;999,8;999;0;24,6;24,6;25,1;24,6;25,1;24,6;100;100;100;;2,8;,9;
2026/02/24;0200 UTC;0;999,7;1000,1;999,7;0;24,5;24,5;24,6;24,4;24,6;24,4;100;100;100;;2,6;1,4;
2026/02/24;0300 UTC;0;999,6;999,9;999,6;0;24,7;24,7;24,7;24,5;24,7;24,5;100;100;100;;2,3;0;
2026/02/24;0400 UTC;0;999,3;999,6;999,3;,2;24,8;24,8;24,9;24,7;24,9;24,7;100;100;100;;1,2;,1;
2026/02/24;0500 UTC;0;998,5;999,3;998,4;,1;24,7;24,7;24,9;24,7;24,8;24,7;100;100;100;;2,4;,8;
2026/02/24;0600 UTC;0;998,4;998,6;998,4;0;24,8;24,8;24,9;24,7;24,9;24,7;100;100;100;;1,8;0;
2026/02/24;0700 UTC;0;998;998,4;997,9;0;24,5;24,5;24,8;24,5;24,7;24,5;100;100;100;;,3;0;
2026/02/24;0800 UTC;,2;998;998;997,7;0;24,4;24,4;24,6;24,4;24,6;24,3;100;100;100;;0;0;
2026/02/24;0900 UTC;0;998,1;998,1;997,9;0;24,3;24,3;24,4;24,3;24,4;24,3;100;100;100;;,7;0;
2026/02/24;1000 UTC;0;998,8;998,8;998,1;78;24,5;24,5;24,5;24,2;24,5;24,2;100;100;100;;,4;0;
2026/02/24;1100 UTC;0;999,6;999,6;998,8;477,8;25,1;25,1;25,2;24,5;25,2;24,5;100;100;100;;0;0;
2026/02/24;1200 UTC;0;999,8;999,8;999,6;755;25,7;25,7;25,7;25,1;25,7;25,1;100;100;100;;1,8;,4;
2026/02/24;1300 UTC;0;999,7;999,8;999,6;1682,4;26,5;24,8;26,6;25,6;25,9;24,8;100;90;90;;2,9;,8;
2026/02/24;1400 UTC;0;999,6;999,8;999,6;2030,4;28,1;25,1;28,1;26,5;25,8;24,8;92;82;84;;4,8;2,5;
2026/02/24;1500 UTC;0;998,8;999,7;998,8;2546,7;29,1;25,4;29,2;28,1;25,8;24,3;85;78;80;;6,5;2,6;
2026/02/24;1600 UTC;0;997,6;998,8;997,6;2725,5;29,9;25,6;30,2;28,8;26,2;24,4;84;74;78;;5,2;2,2;
2026/02/24;1700 UTC;9,4;996,7;997,6;996,6;757,5;26,4;26,4;29,9;25,8;27,2;25,1;100;75;100;;6,2;,5;
2026/02/24;1800 UTC;5;995,8;996,7;995,8;899,6;25,3;25,3;27,7;25,3;27,3;25,3;100;94;100;;11;3,4;
2026/02/24;1900 UTC;0;995,5;995,9;995,5;959,5;26,8;26,6;26,8;25,3;26,8;25,3;100;98;99;;11;,1;
2026/02/24;2000 UTC;0;995,4;995,5;995;862;27,4;26,3;27,6;26,8;27;25,6;99;92;94;;2,1;1,4;
2026/02/24;2100 UTC;0;996,2;996,2;995,4;301;27;26,3;27,6;27;27,3;26,1;99;93;96;;2,6;1,7;
2026/02/24;2200 UTC;0;997,2;997,2;996;24,4;26,4;26,4;27;26,4;26,8;26,4;100;96;100;;4,9;2,4;
2026/02/24;2300 UTC;,2;997,2;997,2;996,9;,8;25,3;25,3;26,4;25,3;26,3;25,3;100;98;100;;4,9;1,5;
2026/02/25;0000 UTC;0;998,3;998,4;997,3;0;25,1;25,1;25,3;25,1;25,3;25,1;100;100;100;;2,6;1,1;
2026/02/25;0100 UTC;0;998,9;999;998,3;0;25;25;25,1;24,9;25,1;24,9;100;100;100;;2;,8;
2026/02/25;0200 UTC;0;998,9;999;998,8;0;24,6;24,6;25;24,6;25;24,6;100;100;100;;1,6;,2;
2026/02/25;0300 UTC;0;998,5;999,1;998,5;0;24,5;24,5;24,6;24,5;24,6;24,5;100;100;100;;2,3;,1;
2026/02/25;0400 UTC;0;998,4;998,8;998,3;0;24,7;24,7;24,7;24,5;24,7;24,5;100;100;100;;2;,5;
2026/02/25;0500 UTC;0;997,9;998,5;997,9;0;24,8;24,8;24,8;24,7;24,8;24,7;100;100;100;;3;0;
2026/02/25;0600 UTC;0;997,4;997,9;997,4;0;24,7;24,7;24,9;24,7;24,9;24,7;100;100;100;;1,2;,2;
2026/02/25;0700 UTC;0;997,2;997,5;997,2;0;24,8;24,8;24,8;24,7;24,8;24,7;100;100;100;;1,4;0;
2026/02/25;0800 UTC;0;997,7;997,7;997,1;0;24,8;24,8;24,8;24,7;24,8;24,7;100;100;100;;1,7;0;
2026/02/25;0900 UTC;0;998;998;997,7;0;24,7;24,7;24,8;24,7;24,8;24,7;100;100;100;;1,7;,1;
2026/02/25;1000 UTC;0;998,5;998,5;998;26,9;24,8;24,8;24,8;24,7;24,8;24,7;100;100;100;;1,7;0;
2026/02/25;1100 UTC;1,6;999,7;999,7;998,5;351,1;25,3;25,3;25,3;24,8;25,3;24,8;100;100;100;;2,3;1,4;
2026/02/25;1200 UTC;2,4;1000,4;1000,4;999,7;306,6;24,8;24,8;25,3;24,4;25,2;24,4;100;100;100;;3,9;,9;
2026/02/25;1300 UTC;0;1000,3;1000,5;1000,2;1372,4;26,1;26,1;26,1;24,8;26,1;24,9;100;99;100;;3,9;1,9;
2026/02/25;1400 UTC;,2;999,9;1000,3;999,9;2093,6;26,8;26,2;26,9;26,1;26,8;25,2;100;93;97;;4,2;2,3;
2026/02/25;1500 UTC;,4;999,4;999,9;999,4;1610,1;25,9;25,9;27,6;25,6;26,7;25,5;100;91;100;;6,7;2,3;
2026/02/25;1600 UTC;1;997,9;999,4;997,9;1765,3;26,5;26,4;26,6;25,8;26,5;25,7;100;97;99;;4,2;,3;
2026/02/25;1700 UTC;0;996,9;997,9;996,9;2526,3;28,7;26,7;28,7;26,2;26,9;24;100;86;89;;3,8;2,1;
2026/02/25;1800 UTC;0;996,4;996,9;995,9;2350,8;26,9;25,7;29,2;26,9;27,4;25,2;93;83;93;;6,3;2,5;
2026/02/25;1900 UTC;35,4;996,9;996,9;996,4;174,9;25,1;25,1;26,9;24,4;26,1;24,4;100;93;100;;7,1;,3;
2026/02/25;2000 UTC;7,4;997,1;997,2;996,9;154,4;24,4;24,4;25,5;24,4;25,4;24,4;100;100;100;;7;3,2;
2026/02/25;2100 UTC;,4;997,4;997,6;997,1;135,2;24,1;24,1;24,4;24;24,4;24;100;100;100;;5;1,8;
2026/02/25;2200 UTC;0;998,1;998,1;997,4;14,8;23,9;23,8;24,1;23,8;24,1;23,8;100;100;100;;2,9;0;
2026/02/25;2300 UTC;0;999,3;999,3;998,1;0;24;24;24;23,8;24;23,8;100;100;100;;,3;0;
2026/02/26;0000 UTC;0;999,7;999,7;999,3;0;23,9;23,9;24;23,9;24;23,9;100;100;100;;,3;0;
2026/02/26;0100 UTC;0;999,5;999,7;999,5;0;23,8;23,8;23,9;23,8;23,9;23,8;100;100;100;;1,3;0;
2026/02/26;0200 UTC;0;1000;1000;999,5;0;24;24;24;23,8;24;23,8;100;100;100;;0;0;
2026/02/26;0300 UTC;0;999,3;1000;999,3;0;23,8;23,8;24;23,8;24;23,8;100;100;100;;2,1;1,4;
2026/02/26;0400 UTC;0;999;999,3;999;0;23,8;23,8;23,9;23,8;23,9;23,8;100;100;100;;2,1;,4;
2026/02/26;0500 UTC;0;998,7;999;998,5;0;23,8;23,8;23,9;23,8;23,9;23,8;100;100;100;;1,7;,4;
2026/02/26;0600 UTC;0;998;998,7;998;0;23,9;23,9;23,9;23,8;23,9;23,8;100;100;100;;1,3;0;
2026/02/26;0700 UTC;,2;998,1;998,1;998;0;23,9;23,9;23,9;23,8;23,9;23,8;100;100;100;;0;0;
2026/02/26;0800 UTC;0;998,2;998,2;998,1;0;23,9;23,9;23,9;23,8;23,9;23,8;100;100;100;;0;0;
2026/02/26;0900 UTC;0;998,6;998,6;998,2;0;24;24;24;23,9;24;23,9;100;100;100;;0;0;
2026/02/26;1000 UTC;0;999,1;999,1;998,6;39,7;24,1;24,1;24,2;24;24,2;24;100;100;100;;0;0;
2026/02/26;1100 UTC;0;999,7;999,7;999,1;442;24,8;24,8;24,8;24,1;24,8;24,1;100;100;100;;2,3;,3;
2026/02/26;1200 UTC;0;1000,4;1000,4;999,7;581,3;24,8;24,8;25,1;24,5;25,1;24,5;100;100;100;;5,8;3,3;
2026/02/26;1300 UTC;0;1000,4;1000,5;1000,3;1181,7;26;25,4;26,1;24,8;25,6;24,8;100;96;96;;5,8;3;
2026/02/26;1400 UTC;0;1000,6;1000,6;1000,4;2336,6;26,9;25,8;27,4;26;26,3;25,2;97;91;94;;7;4,3;
2026/02/26;1500 UTC;0;1000,1;1000,6;1000,1;2465,6;28,2;25,1;28,4;26,9;26,2;25;94;83;84;;7,3;3,2;
2026/02/26;1600 UTC;0;999,4;1000,2;999,4;2885;29,3;25,1;29,7;28;26,2;24,3;87;74;78;;5,9;1,7;
2026/02/26;1700 UTC;0;998;999,4;998;1674,1;28,9;25,2;29,7;28,7;25,8;24,6;83;75;80;;5,2;2,2;
2026/02/26;1800 UTC;0;996,7;998;996,7;2336,9;29,9;24,7;30,7;28,9;25,6;23,9;81;68;74;;5,7;2,5;
2026/02/26;1900 UTC;0;995,9;996,7;995,9;1916,5;30,6;24,9;30,9;29,9;25,6;24;77;68;72;;6,1;2;
2026/02/26;2000 UTC;0;996,4;996,4;995,7;354,2;27,5;24,4;30,6;27,5;26,2;24,2;85;69;83;;7,8;3;
2026/02/26;2100 UTC;0;997;997,1;996,4;129,6;25,8;25,4;27,5;25,8;25,5;24,4;98;83;98;;7,8;1,8;
2026/02/26;2200 UTC;0;997,8;997,8;997;9,1;25,5;25,5;25,8;25,4;25,5;25,3;100;98;100;;4,9;1,6;
2026/02/26;2300 UTC;,2;998,9;998,9;997,8;0;25,2;25,2;25,6;25,2;25,6;25,2;100;100;100;;3,8;,2;
2026/02/27;0000 UTC;,2;999,7;999,7;998,9;0;25,2;25,2;25,4;25,2;25,4;25,2;100;100;100;;2,1;1,4;
2026/02/27;0100 UTC;,6;1000;1000,1;999,7;0;25,2;25,2;25,3;25,1;25,3;25,1;100;100;100;;2,4;1,3;
2026/02/27;0200 UTC;,2;1000,4;1000,4;999,8;0;24,6;24,6;25,2;24,6;25,2;24,6;100;100;100;;3,2;,2;
2026/02/27;0300 UTC;0;1000,1;1000,6;1000,1;0;24,1;24,1;24,6;24,1;24,6;24,1;100;100;100;;2,6;1,1;
2026/02/27;0400 UTC;0;999,1;1000,1;999,1;0;24,2;24,2;24,2;24,1;24,2;24,1;100;100;100;;1,8;,6;
2026/02/27;0500 UTC;0;998,5;999,1;998,5;0;24,1;24,1;24,2;24,1;24,2;24,1;100;100;100;;1,6;0;
2026/02/27;0600 UTC;0;998;998,5;998;0;24;24;24,1;24;24,1;24;100;100;100;;,8;0;
2026/02/27;0700 UTC;0;997,9;998;997,8;0;23,9;23,9;24,1;23,9;24,1;23,9;100;100;100;;1,5;,2;
2026/02/27;0800 UTC;0;998,2;998,2;997,9;0;23,9;23,9;23,9;23,9;23,9;23,9;100;100;100;;1,8;,2;
2026/02/27;0900 UTC;0;998,3;998,3;998,1;0;23,8;23,8;23,9;23,8;23,9;23,8;100;100;100;;2,5;1,6;
2026/02/27;1000 UTC;0;998,9;998,9;998,3;79,6;24,1;24,1;24,1;23,8;24,1;23,8;100;100;100;;2,5;,2;
2026/02/27;1100 UTC;0;1000,1;1000,1;998,9;385,1;24,4;24,4;24,4;24,1;24,4;24,1;100;100;100;;2,6;1,6;
2026/02/27;1200 UTC;0;1000,9;1000,9;1000,1;515,7;24,8;24,8;24,9;24,4;24,8;24,4;100;100;100;;4,9;2,9;
2026/02/27;1300 UTC;0;1001,1;1001,1;1000,8;1206,7;25,9;24,8;25,9;24,7;25;24,3;100;92;94;;8;3,2;
2026/02/27;1400 UTC;0;1000,9;1001,1;1000,9;1549,8;26,9;24,8;27;25,7;25,5;24;94;85;89;;6;2,2;
2026/02/27;1500 UTC;0;1000,3;1000,9;1000,3;1791,9;27,3;23,7;27,9;26,9;25,3;23,7;89;80;81;;4,9;2,4;
2026/02/27;1600 UTC;,8;999,3;1000,3;999,3;1472,6;27,5;26,2;27,7;26,9;26,6;24;97;81;92;;4,2;1,3;
2026/02/27;1700 UTC;0;997,5;999,3;997,5;2546,8;29,2;25,5;29,2;27,4;26,4;24,6;92;78;81;;4,9;2,6;
2026/02/27;1800 UTC;0;997,5;997,6;997;1547,2;27,4;24,6;29,4;27,4;26,3;24,1;85;75;85;;14,3;4;
2026/02/27;1900 UTC;4,2;997,8;997,9;997,4;401,8;23,8;23,8;27,4;23,8;25,3;23,8;100;85;100;;14,3;2,1;
2026/02/27;2000 UTC;3,4;997,6;997,8;997,5;140,4;24,1;24,1;24,2;23,7;24,2;23,7;100;100;100;;4;1,6;
2026/02/27;2100 UTC;2,4;998,6;998,6;997,6;89,7;24,3;24,3;24,3;24,1;24,3;24,1;100;100;100;;3,6;1,6;
2026/02/27;2200 UTC;,4;999,6;999,6;998,6;11,6;24;24;24,3;24;24,3;24;100;100;100;;4,4;2,1;
2026/02/27;2300 UTC;0;1000,7;1000,7;999,6;1,2;23,5;23,5;24;23,5;23,9;23,5;100;100;100;;5,2;2,2;
2026/02/28;0000 UTC;,4;1001,3;1001,3;1000,7;,8;23,5;23,5;23,6;23,5;23,6;23,5;100;100;100;;4,3;1,6;
2026/02/28;0100 UTC;,6;1001,9;1001,9;1001,3;0;23,5;23,5;23,5;23,4;23,5;23,4;100;100;100;;3,2;,9;
2026/02/28;0200 UTC;4,2;1001,9;1002;1001,9;0;23,4;23,4;23,5;23,4;23,5;23,4;100;100;100;;2,1;0;
2026/02/28;0300 UTC;2,8;1001,1;1001,9;1001,1;0;23,3;23,3;23,4;23,3;23,4;23,3;100;100;100;;1;,1;
2026/02/28;0400 UTC;,2;1000,4;1001,1;1000,4;0;23,4;23,4;23,4;23,3;23,4;23,3;100;100;100;;2,4;,5;
2026/02/28;0500 UTC;0;999,6;1000,4;999,6;0;23,4;23,4;23,4;23,3;23,4;23,3;100;100;100;;2;0;
2026/02/28;0600 UTC;,2;999,1;999,6;999,1;,1;23,2;23,2;23,4;23,2;23,4;23,2;100;100;100;;3;1;
2026/02/28;0700 UTC;0;999,1;999,1;999;0;23,1;23,1;23,3;23,1;23,3;23,1;100;100;100;;2,8;1,8;
2026/02/28;0800 UTC;,4;999,4;999,4;999,1;0;23,1;23,1;23,2;23,1;23,2;23,1;100;100;100;;2,8;,9;
2026/02/28;0900 UTC;0;999,8;999,8;999,5;0;23,1;23,1;23,2;23;23,2;23;100;100;100;;2,5;1,5;
2026/02/28;1000 UTC;,6;1000,3;1000,3;999,8;19,3;23,2;23,2;23,2;23,1;23,2;23;100;100;100;;2,5;1,3;
2026/02/28;1100 UTC;0;1001,2;1001,2;1000,3;231,2;23,6;23,6;23,6;23,2;23,6;23,2;100;100;100;;2,5;1,3;
2026/02/28;1200 UTC;0;1002,1;1002,1;1001,2;283,6;23,8;23,8;23,8;23,5;23,8;23,5;100;100;100;;3,1;1,2;
2026/02/28;1300 UTC;,2;1002,6;1002,6;1002,1;428,9;23,7;23,7;23,9;23,3;23,8;23,3;100;100;100;;4,9;2,8;
2026/02/28;1400 UTC;0;1002,5;1002,7;1002,5;956,3;24,2;24,2;24,2;23,7;24,2;23,7;100;100;100;;4,8;1,6;
2026/02/28;1500 UTC;0;1002,1;1002,5;1002,1;949;24,4;24,4;25;24;25;24,1;100;98;100;;4,5;2,1;
2026/02/28;1600 UTC;2,2;1000,6;1002,1;1000,6;893,7;24,4;24,4;24,6;23,8;24,6;23,8;100;99;100;;4,5;1,1;
2026/02/28;1700 UTC;,8;999,3;1000,6;999,3;2405,3;26,1;26,1;26,1;24,4;26,1;24,4;100;98;100;;3,9;1,9;
2026/02/28;1800 UTC;0;998,3;999,3;998,3;1634,3;26;25,3;26,1;25,5;26;25,1;100;96;96;;3,7;1,8;
2026/02/28;1900 UTC;4,4;998,3;998,3;998,1;578;24,4;24,4;26,2;24,3;25,7;24,3;100;94;100;;6,9;3,1;
2026/02/28;2000 UTC;3;998,5;998,5;998,3;394,5;24,5;24,5;24,8;24,3;24,8;24,3;100;100;100;;6,1;,9;
2026/02/28;2100 UTC;14;999,5;999,5;998,5;54;23,4;23,4;24,5;23,4;24,5;23,4;100;100;100;;4,5;2,4;
2026/02/28;2200 UTC;5,4;1000,2;1000,2;999,5;2,7;23,4;23,4;23,4;23,3;23,4;23,3;100;100;100;;4,5;0;
2026/02/28;2300 UTC;1,4;1001,2;1001,2;1000,2;0;23,6;23,5;23,6;23,4;23,6;23,4;100;100;100;;2,2;0;
2026/03/01;0000 UTC;1,4;1001,8;1001,8;1001,2;0;23,6;23,6;23,6;23,5;23,6;23,5;100;100;100;;2,6;0;
2026/03/01;0100 UTC;1;1002,3;1002,3;1001,8;0;23,6;23,6;23,7;23,6;23,7;23,6;100;100;100;;,3;0;
2026/03/01;0200 UTC;,6;1002,6;1002,6;1002,3;0;23,6;23,6;23,6;23,6;23,6;23,6;100;100;100;;0;0;
2026/03/01;0300 UTC;6;1002;1002,6;1002;0;23,6;23,6;23,8;23,6;23,7;23,6;100;100;100;;1,6;,4;
2026/03/01;0400 UTC;3,6;1001;1002;1001;0;23,4;23,3;23,6;23,4;23,6;23,3;100;100;100;;1,2;0;
2026/03/01;0500 UTC;0;1000,3;1001;1000,3;0;23,4;23,4;23,5;23,3;23,5;23,3;100;100;100;;0;0;
2026/03/01;0600 UTC;,2;999,5;1000,3;999,5;0;23,2;23,2;23,5;23,2;23,5;23,2;100;100;100;;1,3;0;
2026/03/01;0700 UTC;0;999,4;999,5;999,2;0;23,3;23,3;23,3;23,2;23,3;23,2;100;100;100;;,5;0;
2026/03/01;0800 UTC;0;999,1;999,4;999,1;0;23,2;23,2;23,3;23,2;23,2;23,2;100;100;100;;0;0;
2026/03/01;0900 UTC;0;999,2;999,2;999;0;23,1;23,1;23,2;23,1;23,2;23,1;100;100;100;;0;0;
2026/03/01;1000 UTC;0;999,5;999,5;999,1;40,3;23,1;23,1;23,1;23,1;23,1;23,1;100;100;100;;1,6;,6;
2026/03/01;1100 UTC;0;1000;1000;999,5;341;23,5;23,5;23,5;23,1;23,5;23,1;100;100;100;;3,6;1,7;
2026/03/01;1200 UTC;0;1000,8;1000,8;1000;771,1;24,1;24,1;24,1;23,5;24,1;23,5;100;100;100;;3,5;1,8;
2026/03/01;1300 UTC;0;1000,6;1000,8;1000,6;1078,6;25;24,6;25;24;24,9;24;100;98;98;;3,4;1,4;
2026/03/01;1400 UTC;0;1000,4;1000,6;1000,4;1206,7;25,6;24,3;25,6;24,8;24,9;24,1;99;92;93;;3,6;1,4;
2026/03/01;1500 UTC;0;1000,1;1000,4;1000,1;1913,5;27;24,6;27;25,5;25,3;23,6;94;86;87;;3,4;1,3;
2026/03/01;1600 UTC;0;999,3;1000,1;999,3;2147,1;28,1;26;28,1;26,8;26;23,9;88;82;88;;4,3;1,4;
2026/03/01;1700 UTC;6,2;998,1;999,3;998,1;1677,2;27,8;26,8;28,2;26,2;27,3;24,6;100;82;94;;4,7;2,5;
2026/03/01;1800 UTC;1,8;997,4;998,1;997,4;992,5;26,2;26,2;28;26,1;27,3;25,8;100;89;100;;4,7;2,3;
2026/03/01;1900 UTC;0;997,1;997,6;997,1;416,8;26;26;26,2;25,8;26,2;25,8;100;100;100;;4,3;1,5;
2026/03/01;2000 UTC;,2;997,4;997,5;997;480,4;25,7;25,7;26,2;25,6;26,2;25,6;100;100;100;;6,3;1,2;
2026/03/01;2100 UTC;1;997,8;997,9;997,4;176,4;25,1;25,1;25,9;25,1;25,9;25,1;100;100;100;;4,1;1,1;
2026/03/01;2200 UTC;,4;998,1;998,1;997,7;6,4;24,8;24,8;25,1;24,7;25,1;24,7;100;100;100;;4,1;,5;
2026/03/01;2300 UTC;,2;998,5;998,5;998;0;24,8;24,8;24,9;24,8;24,9;24,8;100;100;100;;2,7;,9;
2026/03/02;0000 UTC;0;999,2;999,2;998,5;,1;24,8;24,8;24,9;24,7;24,9;24,7;100;100;100;;3,9;1,7;
2026/03/02;0100 UTC;0;1000;1000;999,2;1;24,5;24,5;24,8;24,5;24,7;24,5;100;100;100;;3,9;1,8;
2026/03/02;0200 UTC;0;1000,1;1000,1;1000;1,1;24,4;24,4;24,5;24,4;24,5;24,4;100;100;100;;3,5;,8;
2026/03/02;0300 UTC;0;1000;1000,2;1000;0;24,3;24,3;24,4;24,3;24,4;24,3;100;100;100;;2;,9;
2026/03/02;0400 UTC;0;999,3;1000,1;999,3;,2;24,3;24,3;24,3;24,2;24,3;24,2;100;100;100;;1,7;,7;
2026/03/02;0500 UTC;0;998,6;999,3;998,6;,1;23,9;23,9;24,3;23,9;24,3;23,9;100;100;100;;4,5;,5;
2026/03/02;0600 UTC;0;998;998,6;998;0;23,9;23,9;24;23,9;24;23,9;100;100;100;;2;,7;
2026/03/02;0700 UTC;0;998;998;997,8;0;23,8;23,8;23,9;23,8;23,9;23,8;100;100;100;;2;,9;
2026/03/02;0800 UTC;,2;998,4;998,4;998;0;23,7;23,7;23,8;23,7;23,8;23,7;100;100;100;;3,3;1,5;
2026/03/02;0900 UTC;0;998,8;998,8;998,4;,3;23,7;23,7;23,8;23,7;23,8;23,7;100;100;100;;2,7;1;
2026/03/02;1000 UTC;,2;999,3;999,3;998,8;25,1;23,7;23,7;23,8;23,7;23,8;23,7;100;100;100;;2,3;1,6;
2026/03/02;1100 UTC;0;1000,2;1000,2;999,3;387,4;24,2;24,1;24,2;23,6;24,1;23,6;100;100;100;;3,2;1,3;
2026/03/02;1200 UTC;0;1000,8;1000,8;1000,2;790,1;24,6;24,6;24,6;24,1;24,6;24,1;100;100;100;;3,4;1,6;
2026/03/02;1300 UTC;0;1001,1;1001,1;1000,8;1312,4;25,5;24,6;25,6;24,5;25;24,4;100;94;95;;3,8;,9;
2026/03/02;1400 UTC;0;1000,6;1001,1;1000,6;951;26,2;25,3;26,2;25,4;25,7;24,4;98;94;95;;3,1;1,9;
2026/03/02;1500 UTC;0;999,8;1000,6;999,8;2326,1;27,2;25;27,2;26,1;25,9;24,3;97;85;88;;4,4;2,5;
2026/03/02;1600 UTC;,4;998,9;999,8;998,9;1778,7;26,7;26,7;27,9;26;26,7;24,4;100;82;100;;6,5;1,4;
2026/03/02;1700 UTC;0;997,4;998,9;997,4;3011,6;28,8;25,7;28,9;26,6;27,1;24,9;100;82;84;;4,3;2;
2026/03/02;1800 UTC;0;996,1;997,4;996,1;3230,5;29,7;25,1;29,8;28,4;26;23,4;83;74;76;;4,5;2,3;
2026/03/02;1900 UTC;0;996,2;996,2;996;1251;27,5;25,7;29,8;27,5;26,6;24,9;92;75;90;;7,3;4,4;
2026/03/02;2000 UTC;0;996,3;996,3;996;517,9;27,5;25,5;27,6;27,4;25,8;25,1;90;87;89;;7,2;2,9;
2026/03/02;2100 UTC;0;997,1;997,2;996,3;256,6;26,1;25,3;27,5;26,1;25,4;24,6;95;87;95;;9,7;2,6;
2026/03/02;2200 UTC;0;997,7;997,7;997,1;19,6;25,4;25,4;26,1;25,4;25,5;25,1;100;95;100;;6,5;1,7;
2026/03/02;2300 UTC;0;998,6;998,6;997,7;0;25,3;25,3;25,5;25,3;25,5;25,3;100;100;100;;3;1,8;
2026/03/03;0000 UTC;0;999;999;998,6;0;24,8;24,8;25,3;24,8;25,3;24,8;100;100;100;;4,5;2,7;
2026/03/03;0100 UTC;0;999,7;999,7;999;0;24,5;24,5;24,8;24,5;24,8;24,5;100;100;100;;5,4;1,4;
2026/03/03;0200 UTC;0;1000,2;1000,3;999,8;0;24,6;24,5;24,6;24,5;24,6;24,5;100;100;100;;2,8;1,4;
2026/03/03;0300 UTC;2,4;999,5;1000,2;999,5;,1;24,4;24,4;24,6;24,4;24,6;24,4;100;100;100;;2,7;,6;
2026/03/03;0400 UTC;3,4;999;999,5;999;,2;24;24;24,4;24;24,4;24;100;100;100;;4,8;3,3;
2026/03/03;0500 UTC;,6;998,1;999;998,1;,3;23,5;23,5;24;23,5;24;23,5;100;100;100;;6,5;1,3;
2026/03/03;0600 UTC;,2;997,6;998,1;997,6;0;23,6;23,6;23,6;23,5;23,6;23,5;100;100;100;;3,4;,2;
2026/03/03;0700 UTC;0;997,4;997,6;997,2;0;23,7;23,7;23,7;23,6;23,7;23,6;100;100;100;;1,7;,5;
2026/03/03;0800 UTC;0;997,6;997,7;997,4;0;23,7;23,7;23,7;23,6;23,7;23,6;100;100;100;;1,2;0;
2026/03/03;0900 UTC;0;997,8;997,8;997,5;0;23,7;23,7;23,7;23,6;23,7;23,6;100;100;100;;,8;0;
2026/03/03;1000 UTC;0;998,3;998,3;997,8;62,4;23,9;23,9;23,9;23,7;23,9;23,7;100;100;100;;1,1;0;
2026/03/03;1100 UTC;0;999,1;999,1;998,3;403,1;24,4;24,4;24,4;23,9;24,4;23,9;100;100;100;;2,8;1,3;
2026/03/03;1200 UTC;0;1000;1000;999,1;487,1;24,9;24,9;25,1;24,3;25;24,3;100;100;100;;3;,7;
2026/03/03;1300 UTC;,2;1000,3;1000,3;1000;530,7;25,1;25,1;25,3;24,7;25,3;24,7;100;100;100;;2,4;1,1;
2026/03/03;1400 UTC;,2;1000,1;1000,3;1000,1;1417,4;26,1;25,4;26,1;25;25,9;24,9;100;94;96;;3,2;,7;
2026/03/03;1500 UTC;0;999,2;1000,1;999,2;1631,4;26,4;24,9;27,1;26;26;24,7;96;88;91;;3,1;,9;
2026/03/03;1600 UTC;3,2;998,5;999,2;998,5;1532,8;26,5;26,5;27,1;25,5;26,5;24,5;100;89;100;;5,3;1,7;
2026/03/03;1700 UTC;0;997,1;998,5;997,1;3452,4;27,5;25,9;27,7;26,5;26,9;25,4;100;90;91;;5;2,1;
2026/03/03;1800 UTC;0;996,3;997,1;996,2;1986,2;27,2;26,5;28,4;27,2;26,9;25;96;84;96;;5;2,3;
2026/03/03;1900 UTC;0;995,8;996,2;995,8;1259,8;28,2;26,3;28,3;26,9;26,9;26,2;98;90;90;;3,7;1,4;
2026/03/03;2000 UTC;0;995,8;995,8;995,4;1102,9;27,8;26,2;28,2;27,6;26,9;26;94;89;91;;5,1;2,5;
2026/03/03;2100 UTC;11,8;997,3;997,3;995,8;98,8;23,7;23,7;27,8;23,7;26,6;23,7;100;91;100;;13,8;1,7;
2026/03/03;2200 UTC;1;997,6;997,7;997;,6;23,5;23,5;23,7;23,4;23,7;23,4;100;100;100;;3,6;,1;
2026/03/03;2300 UTC;2,4;998,5;998,5;997,6;0;23,7;23,7;23,7;23,5;23,7;23,5;100;100;100;;2,3;,5;
2026/03/04;0000 UTC;1,2;998,7;998,8;998,5;0;24,1;24,1;24,1;23,7;24,1;23,7;100;100;100;;2,3;0;
2026/03/04;0100 UTC;2,2;999,1;999,2;998,7;0;24,3;24,3;24,4;24,1;24,3;24,1;100;100;100;;3,1;0;
2026/03/04;0200 UTC;,8;1000;1000,1;999,1;0;24,4;24,4;24,4;24,2;24,4;24,2;100;100;100;;,8;0;
2026/03/04;0300 UTC;2;999,8;1000;999,8;,2;24,1;24,1;24,4;24,1;24,4;24,1;100;100;100;;3,5;,3;
2026/03/04;0400 UTC;0;999,3;999,8;999,3;0;23,9;23,9;24,1;23,9;24,1;23,9;100;100;100;;1,7;,9;
2026/03/04;0500 UTC;0;998,5;999,3;998,5;0;23,8;23,8;23,9;23,7;23,9;23,7;100;100;100;;1,4;,2;
2026/03/04;0600 UTC;,2;997,7;998,5;997,7;0;23,8;23,8;23,9;23,8;23,9;23,8;100;100;100;;1,3;,5;
2026/03/04;0700 UTC;0;996,4;997,7;996,4;0;23,5;23,5;23,8;23,5;23,8;23,5;100;100;100;;1,3;0;
2026/03/04;0800 UTC;0;996,4;996,5;996,3;0;23,1;23,1;23,5;23,1;23,5;23,1;100;100;100;;1,5;,8;
2026/03/04;0900 UTC;0;996,7;996,8;996,4;0;22,9;22,9;23,1;22,9;23,1;22,9;100;100;100;;4,1;2,8;
2026/03/04;1000 UTC;0;997,8;997,8;996,7;114,1;23,3;23,3;23,3;22,8;23,3;22,8;100;100;100;;3,9;0;
2026/03/04;1100 UTC;0;999,4;999,4;997,8;567,5;24,1;24,1;24,1;23,3;24,1;23,3;100;100;100;;1,8;,4;
2026/03/04;1200 UTC;0;1000,4;1000,4;999,4;949,7;25;24,9;25;24;25;24;100;100;100;;2,7;,8;
2026/03/04;1300 UTC;0;1000,7;1000,7;1000,4;807,2;25,6;25,2;25,8;24,7;25,7;24,8;100;96;98;;2,6;,2;
2026/03/04;1400 UTC;0;1000,2;1000,7;1000,2;1884,6;27,1;25,3;27,2;25,5;26;24,6;98;90;90;;3,8;2,2;
2026/03/04;1500 UTC;0;999,4;1000,2;999,4;2185,2;27,7;25,6;27,9;26,9;26,3;24,5;92;85;89;;5,7;,7;
2026/03/04;1600 UTC;0;997,6;999,4;997,6;2809;29,1;25,2;29,3;27,7;26,7;24,9;92;78;79;;5,4;1,9;
2026/03/04;1700 UTC;0;996,4;997,6;996,4;1738;28,8;25,8;29,3;28,4;27,3;25,1;93;80;84;;5,4;,6;
2026/03/04;1800 UTC;0;995,1;996,4;995,1;2427,2;29,7;25,8;30,1;28,8;26,5;24,6;84;74;79;;3,4;,6;
2026/03/04;1900 UTC;25;996;996,1;994,9;2113,7;24,9;24,9;30,7;24,9;27,7;24,9;100;77;100;;12;6,6;
2026/03/04;2000 UTC;12,6;997;997;996;48,5;24,7;24,7;24,9;24,4;24,8;24,3;100;100;100;;11,7;1,2;
2026/03/04;2100 UTC;6,4;997,5;997,5;997;4,5;23,9;23,9;24,7;23,7;24,7;23,7;100;100;100;;6,3;1,5;
2026/03/04;2200 UTC;7,8;998,4;998,4;997,4;,2;23,9;23,9;24;23,8;24;23,8;100;100;100;;3,4;0;
2026/03/04;2300 UTC;7,4;999,4;999,4;998,4;0;24;24;24;23,9;24;23,9;100;100;100;;,8;0;
2026/03/05;0000 UTC;12,2;999,9;999,9;999,4;,1;23,9;23,9;24,1;23,9;24,1;23,9;100;100;100;;2,5;0;
2026/03/05;0100 UTC;3,6;1000;1000,1;999,8;0;23,9;23,9;24;23,9;24;23,9;100;100;100;;,6;0;
2026/03/05;0200 UTC;,4;999,8;1000;999,8;0;24,1;24,1;24,1;23,8;24,1;23,8;100;100;100;;0;0;
2026/03/05;0300 UTC;0;999,5;1000;999,5;0;24,1;24,1;24,1;24;24,1;24;100;100;100;;0;0;
2026/03/05;0400 UTC;0;999;999,5;999;0;24;24;24,1;24;24,1;24;100;100;100;;0;0;
2026/03/05;0500 UTC;0;998,4;999;998,4;0;24;24;24,1;24;24,1;24;100;100;100;;0;0;
2026/03/05;0600 UTC;0;998;998,4;998;0;23,9;23,9;24;23,9;24;23,9;100;100;100;;0;0;
2026/03/05;0700 UTC;0;997,7;998;997,6;0;24;24;24;23,9;24;23,9;100;100;100;;0;0;
2026/03/05;0800 UTC;0;998,1;998,1;997,7;0;23,9;23,9;24,1;23,9;24,1;23,9;100;100;100;;0;0;
2026/03/05;0900 UTC;0;998,6;998,6;998,1;0;24;24;24;23,9;24;23,9;100;100;100;;0;0;
2026/03/05;1000 UTC;0;999,5;999,5;998,6;51,4;24,1;24,1;24,1;23,8;24,1;23,8;100;100;100;;0;0;
2026/03/05;1100 UTC;0;1000,4;1000,4;999,5;358,3;24,6;24,6;24,6;24,1;24,6;24,1;100;100;100;;0;0;
2026/03/05;1200 UTC;0;1001,2;1001,2;1000,4;564,8;25,1;25,1;25,2;24,6;25,1;24,6;100;100;100;;0;0;
2026/03/05;1300 UTC;,8;1001,2;1001,3;1001,2;1092,4;25,6;25,5;25,8;25;25,8;25;100;98;99;;1,4;,2;
2026/03/05;1400 UTC;0;1000,7;1001,2;1000,7;1774,8;26,6;25,1;26,8;25,6;25,9;24,7;100;90;91;;2,1;,2;
2026/03/05;1500 UTC;1,4;1000,4;1000,8;1000,3;2202,2;27;25,7;27,2;26;26,6;24,5;100;87;92;;4,6;1,6;
2026/03/05;1600 UTC;7,6;999,3;1000,5;999,3;1466,8;26,6;26;27,1;25,5;26,5;25,5;100;93;97;;8,2;,8;
2026/03/05;1700 UTC;3,6;998;999,3;998;1029,6;26,5;26,5;27;26,2;26,8;25,4;100;93;100;;4,4;,3;
2026/03/05;1800 UTC;0;997,1;998;997,1;907,6;26,9;26,9;26,9;26,4;26,9;26,3;100;99;100;;2,4;,6;
2026/03/05;1900 UTC;20,4;997,5;997,6;996,8;850,8;23,2;23,2;27,2;23,1;27;23,1;100;91;100;;13,2;3;
2026/03/05;2000 UTC;4,2;997,1;997,6;997;89,9;23,7;23,7;23,7;23,2;23,7;23,2;100;100;100;;8;0;
2026/03/05;2100 UTC;0;997,7;997,7;997,1;49,1;23,8;23,8;24;23,6;24;23,6;100;100;100;;2,4;,2;
2026/03/05;2200 UTC;0;998,7;998,7;997,7;9,3;24,3;24,3;24,3;23,8;24,3;23,8;100;100;100;;2,5;1,6;
2026/03/05;2300 UTC;1;999,4;999,4;998,6;0;24;24;24,3;24;24,3;24;100;100;100;;4;2;
2026/03/06;0000 UTC;0;1000,3;1000,3;999,4;0;24;24;24;23,9;24;23,9;100;100;100;;4;1,1;
2026/03/06;0100 UTC;,2;1001,3;1001,3;1000,3;,1;24,1;24,1;24,1;24;24,1;24;100;100;100;;2,4;,2;
2026/03/06;0200 UTC;,4;1001,5;1001,5;1001,2;0;24;24;24,1;24;24,1;24;100;100;100;;1,1;0;
2026/03/06;0300 UTC;0;1000,8;1001,5;1000,8;0;23,9;23,9;24;23,9;24;23,9;100;100;100;;,3;0;
2026/03/06;0400 UTC;0;999,8;1000,8;999,8;0;23,8;23,8;24;23,8;24;23,8;100;100;100;;1,9;,7;
2026/03/06;0500 UTC;0;998,9;999,8;998,9;0;23,8;23,8;23,8;23,7;23,8;23,7;100;100;100;;2,7;0;
2026/03/06;0600 UTC;0;998,2;998,9;998;0;23,9;23,8;23,9;23,8;23,8;23,8;100;100;100;;3,7;2;
2026/03/06;0700 UTC;0;997,8;998,2;997,8;0;23,9;23,9;23,9;23,8;23,9;23,8;100;100;100;;3;,9;
2026/03/06;0800 UTC;0;998,2;998,2;997,8;0;23,8;23,8;23,9;23,8;23,9;23,8;100;100;100;;3,4;1,4;
2026/03/06;0900 UTC;0;998,4;998,4;998,1;0;23,7;23,7;23,8;23,7;23,8;23,7;100;100;100;;3,1;,9;
2026/03/06;1000 UTC;0;999;999;998,4;57,2;23,7;23,7;23,8;23,6;23,8;23,6;100;100;100;;4,1;2,2;
2026/03/06;1100 UTC;0;999,6;999,6;999;621,3;24,6;24,6;24,7;23,7;24,7;23,7;100;100;100;;5,7;3,2;
2026/03/06;1200 UTC;0;1000,1;1000,2;999,6;1267,6;25,7;25;25,8;24,6;25,4;24,6;100;95;96;;5,7;3,6;
2026/03/06;1300 UTC;,2;1000,7;1000,7;1000,1;1802,7;26,6;25;26,6;25,7;25,4;24,5;96;90;91;;6,8;3,3;
2026/03/06;1400 UTC;0;1000,4;1000,7;1000,4;1410,3;27,8;25;27,9;26,6;25,5;24,3;92;83;85;;6,4;4;
2026/03/06;1500 UTC;0;999,5;1000,4;999,5;2577,1;29,3;26,1;29,3;27,7;26,2;24,6;87;76;82;;6,7;2,3;
2026/03/06;1600 UTC;0;998,3;999,5;998,3;2900,7;29,8;25,8;29,8;28,7;26,6;25,2;86;77;79;;7,2;3;
2026/03/06;1700 UTC;0;996,9;998,3;996,9;3092,3;30,9;25,3;31,1;29,8;26,5;25,2;80;71;72;;6,3;2,3;
2026/03/06;1800 UTC;0;995,5;996,9;995,5;3261,6;31,4;25,6;31,6;30,8;26,4;24,5;78;68;72;;6,9;3,4;
2026/03/06;1900 UTC;0;995,3;995,6;995,3;1865,5;31,2;26;31,5;30;27,2;24,9;83;69;74;;5,8;2,3;
2026/03/06;2000 UTC;0;995,8;995,8;995,3;791,2;28,3;26,5;31,4;28,3;26,9;25,7;91;72;90;;5,7;0;
2026/03/06;2100 UTC;0;996,1;996,1;995,5;207,7;27,3;26,6;28,3;27,2;26,9;25,8;97;90;96;;2,6;0;
2026/03/06;2200 UTC;2;997,1;997,2;996,1;28,1;25,4;25,4;27,3;25,4;27;24,1;100;88;100;;7,9;,6;
2026/03/06;2300 UTC;0;997,8;997,8;996,9;,8;25,1;25,1;25,8;25,1;25,8;24,9;100;98;100;;2,4;,1;
2026/03/07;0000 UTC;0;998,7;998,7;997,8;0;25;25;25,2;24,9;25,2;24,9;100;100;100;;1,3;,3;
2026/03/07;0100 UTC;,2;999,4;999,4;998,7;0;24,6;24,6;25;24,6;25;24,6;100;100;100;;1,3;,6;
2026/03/07;0200 UTC;1,2;1000;1000,2;999,4;0;24,6;24,6;24,6;24,4;24,6;24,4;100;100;100;;7,8;2,2;
2026/03/07;0300 UTC;,2;999,5;1000,4;999,5;0;24,6;24,6;24,7;24,4;24,7;24,4;100;100;100;;7,8;0;
2026/03/07;0400 UTC;0;998,7;999,5;998,7;0;24,5;24,5;24,7;24,4;24,6;24,4;100;100;100;;1,6;,1;
2026/03/07;0500 UTC;0;998,4;998,7;998,4;0;24,5;24,5;24,6;24,4;24,6;24,4;100;100;100;;1,2;0;
2026/03/07;0600 UTC;4,4;997,8;998,4;997,8;0;24,5;24,5;24,6;24,5;24,6;24,5;100;100;100;;2,6;0;
2026/03/07;0700 UTC;0;997,8;997,8;997,6;0;24,2;24,2;24,5;24,2;24,5;24,2;100;100;100;;0;0;
2026/03/07;0800 UTC;0;998,2;998,2;997,8;0;24,3;24,3;24,3;24,2;24,3;24,2;100;100;100;;0;0;
2026/03/07;0900 UTC;0;998,5;998,5;998,1;0;24,4;24,4;24,4;24,3;24,4;24,3;100;100;100;;1,6;0;
2026/03/07;1000 UTC;0;999;999;998,5;26,9;24,5;24,5;24,5;24,4;24,5;24,4;100;100;100;;2,2;,4;
2026/03/07;1100 UTC;2,4;999,4;999,5;999;719,2;25,3;25,3;25,5;24,5;25,4;24,5;100;100;100;;2,6;,1;
2026/03/07;1200 UTC;0;999,9;999,9;999,3;1429;26,5;26;26,6;25,2;26,6;25,2;100;95;97;;2,8;1,4;
2026/03/07;1300 UTC;0;999,7;999,9;999,7;2112,9;27,8;26;28,3;26,5;26,6;25,2;98;85;90;;4,9;2,5;
2026/03/07;1400 UTC;0;999,3;999,7;999,3;2549,7;28,8;25,6;29,4;27,8;26,5;24,9;91;78;83;;4,7;2,5;
2026/03/07;1500 UTC;0;998,5;999,3;998,5;3082,3;30,6;25,4;30,6;28,8;26,6;24,6;85;72;74;;5,2;1,6;
2026/03/07;1600 UTC;0;997,2;998,5;997,2;3405,3;30,9;25,7;31,2;30,2;26;24,3;77;67;74;;4,3;1,1;
2026/03/07;1700 UTC;0;996;997,2;996;3143,3;31,6;24,8;31,7;30,7;26,2;24,1;75;65;67;;4,7;1,3;
2026/03/07;1800 UTC;0;995,2;996;995,2;2702,4;31,8;24,4;32;30,9;25,8;24,2;73;64;65;;4,6;1,3;
2026/03/07;1900 UTC;0;994,4;995,2;994,4;2561,4;32,2;25,2;32,3;31,6;26;23,9;70;63;66;;5,5;,8;
2026/03/07;2000 UTC;0;994,3;994,6;994;1733,9;32,1;25,1;32,6;31,9;26;23,9;71;61;66;;4,1;,9;
2026/03/07;2100 UTC;,4;995,3;995,3;993,9;689,8;29,3;27,9;32,3;29,3;28,2;24,5;93;64;92;;3,6;,9;
2026/03/07;2200 UTC;,4;996,3;996,3;995,3;34;26;25,3;29,3;26;28,1;25;97;92;96;;6,5;2,8;
2026/03/07;2300 UTC;6;997,4;997,4;996,2;,9;25,4;25,4;26;25,3;25,7;25,1;100;96;100;;7,1;,7;
2026/03/08;0000 UTC;0;997,9;997,9;997,3;0;25;25;25,4;25;25,4;25;100;100;100;;3,1;1,5;
2026/03/08;0100 UTC;0;998,6;998,6;997,9;0;24,5;24,5;25;24,5;25;24,5;100;100;100;;3;1,2;
2026/03/08;0200 UTC;0;998,9;999,1;998,6;0;24,6;24,6;24,7;24,4;24,7;24,4;100;100;100;;2,2;,6;
2026/03/08;0300 UTC;0;998,5;999,2;998,5;0;24,6;24,6;24,6;24,5;24,6;24,5;100;100;100;;1,8;1;
2026/03/08;0400 UTC;0;997,9;998,5;997,8;0;24,7;24,7;24,8;24,6;24,7;24,6;100;100;100;;1,9;,5;
2026/03/08;0500 UTC;0;997,4;997,9;997,3;,1;24,7;24,7;24,7;24,6;24,7;24,6;100;100;100;;1,5;,2;
2026/03/08;0600 UTC;0;997,3;997,6;997,1;0;24,8;24,8;24,8;24,6;24,8;24,6;100;100;100;;1,3;0;
2026/03/08;0700 UTC;0;997,2;997,5;997,1;0;24,7;24,7;24,8;24,7;24,8;24,7;100;100;100;;1,4;0;
2026/03/08;0800 UTC;0;997,4;997,5;997,2;0;24,6;24,6;24,7;24,6;24,7;24,6;100;100;100;;,8;,2;
2026/03/08;0900 UTC;0;997,7;997,7;997,4;0;24,4;24,4;24,6;24,4;24,6;24,4;100;100;100;;1,6;,3;
2026/03/08;1000 UTC;0;998,8;998,8;997,7;43,8;24,7;24,7;24,7;24,4;24,7;24,5;100;100;100;;1,1;0;
2026/03/08;1100 UTC;0;999,8;999,8;998,8;328,2;25,2;25,2;25,2;24,7;25,2;24,7;100;100;100;;,6;0;
2026/03/08;1200 UTC;0;1000,6;1000,6;999,8;469,3;25,6;25,6;25,6;25,2;25,6;25,2;100;100;100;;2,5;,3;
2026/03/08;1300 UTC;0;1001;1001,1;1000,6;710,8;26,3;26,2;26,4;25,5;26,4;25,5;100;99;99;;2,2;,2;
2026/03/08;1400 UTC;0;1000,8;1001;1000,8;1009,5;26,7;26,3;26,9;26,3;26,6;25,8;100;95;98;;4,2;1,6;
2026/03/08;1500 UTC;,6;1000,2;1000,8;1000,1;685,4;24,8;24,2;26,7;24,6;26,4;23,8;100;94;96;;4,6;2,1;
2026/03/08;1600 UTC;0;998,6;1000,3;998,6;1890,8;26,4;22,9;26,6;24,8;25,1;22,9;99;81;81;;3,7;,6;
2026/03/08;1700 UTC;0;997,7;998,6;997,7;1720,8;27,4;24,2;27,4;26,4;24,7;23,1;87;80;83;;2,6;1,3;
2026/03/08;1800 UTC;0;996,7;997,7;996,7;1791,9;28,3;25,4;28,3;27,4;25,5;23,5;86;79;84;;3,2;,7;
2026/03/08;1900 UTC;0;996,5;996,7;996,3;1620,1;28,6;24,8;28,7;28,1;25,5;24,2;84;78;80;;2,7;,7;
2026/03/08;2000 UTC;0;996;996,6;995,9;1509,2;29;25,4;29,4;28,5;26,3;24,8;85;78;81;;3,2;,6;
2026/03/08;2100 UTC;0;996,6;996,7;996;676,4;28,1;26,6;29,5;28,1;26,6;25,4;92;78;92;;2,6;,1;
2026/03/08;2200 UTC;0;997;997;996,6;17,7;26,8;26,5;28,1;26,8;26,9;26,3;98;92;98;;3,1;,6;
2026/03/08;2300 UTC;0;997,8;997,8;997;0;25,7;25,3;26,8;25,6;26,4;25,2;100;96;98;;2,2;1,2;
2026/03/09;0000 UTC;0;998,6;998,6;997,8;0;24,9;24,9;25,7;24,9;25,6;24,9;100;98;100;;3,5;0;
2026/03/09;0100 UTC;0;999,4;999,4;998,6;0;24,7;24,7;25;24,7;25;24,7;100;100;100;;2,5;1,6;
2026/03/09;0200 UTC;0;999,9;999,9;999,4;0;24,6;24,6;24,7;24,5;24,7;24,5;100;100;100;;2,8;1,9;
2026/03/09;0300 UTC;0;999,7;1000;999,7;0;24,4;24,4;24,6;24,4;24,6;24,4;100;100;100;;3,2;1,2;
2026/03/09;0400 UTC;0;999;999,7;999;0;24,3;24,3;24,4;24,3;24,4;24,3;100;100;100;;2,4;1;
2026/03/09;0500 UTC;0;998,7;999;998,7;0;23,9;23,9;24,3;23,9;24,3;23,9;100;100;100;;1,9;1,3;
2026/03/09;0600 UTC;0;998,5;998,7;998,3;0;23,9;23,9;24,1;23,9;24,1;23,9;100;100;100;;2,5;1;
2026/03/09;0700 UTC;0;998,7;998,8;998,5;0;23,8;23,8;23,9;23,7;23,9;23,7;100;100;100;;2,1;0;
2026/03/09;0800 UTC;0;998,6;998,8;998,6;0;23,3;23,3;23,8;23,3;23,8;23,3;100;100;100;;,5;0;
2026/03/09;0900 UTC;0;999;999,1;998,5;0;23,6;23,6;23,6;23,2;23,6;23,2;100;100;100;;1,7;,3;
2026/03/09;1000 UTC;0;999,5;999,5;999;76,1;24,1;24,1;24,1;23,3;24,1;23,3;100;100;100;;2,8;1,4;
2026/03/09;1100 UTC;0;1000,3;1000,3;999,5;625,3;25,5;25,5;25,5;24,1;25,5;24,1;100;100;100;;5,1;2,3;
2026/03/09;1200 UTC;0;1001,1;1001,1;1000,3;1417,4;26,5;25;26,5;25,3;25,6;25;100;92;92;;5,6;3,6;
2026/03/09;1300 UTC;0;1001;1001,1;1001;2193,7;27,8;24,5;27,8;26,5;25,4;24,5;92;82;82;;5,8;3;
2026/03/09;1400 UTC;0;1000,6;1001;1000,6;3000;29,7;24,5;29,8;27,8;25,6;24,2;83;74;74;;5,5;2,3;
2026/03/09;1500 UTC;0;1000,1;1000,7;1000,1;3583;30,7;24,3;30,7;29,4;25,6;23,9;79;68;69;;5;1,7;
2026/03/09;1600 UTC;0;999,5;1000,1;999,5;2967,5;30,8;25;31,1;30,4;25,7;23,5;73;66;71;;4,5;1,6;
2026/03/09;1700 UTC;0;998,6;999,5;998,6;2159,9;30,5;26,5;31,6;30,5;26,5;23,9;79;65;79;;5,1;,2;
2026/03/09;1800 UTC;0;997,7;998,6;997,7;1879;30,4;23,2;31,2;29,5;27;23,2;86;65;66;;7,1;1,1;
2026/03/09;1900 UTC;0;997;997,7;997;2422,4;31,7;24,1;32;30,4;25;23,1;70;60;64;;3,6;,6;
2026/03/09;2000 UTC;0;996,7;997;996,4;1543,6;31,9;24;32,4;31,7;25,3;23,5;68;61;63;;1,9;,2;
2026/03/09;2100 UTC;0;997,2;997,2;996,4;905,8;30,2;25,9;32;30,2;26,7;24;78;63;78;;9,9;2;
2026/03/09;2200 UTC;7,8;999,2;999,2;997,2;51;25,7;25,7;30,1;25,3;26,3;25,3;100;78;100;;10,8;2,3;
2026/03/09;2300 UTC;6,6;999,6;999,6;999,2;,7;25,1;25,1;25,7;24,9;25,7;24,9;100;100;100;;5,6;0;
2026/03/10;0000 UTC;0;1000,6;1000,6;999,6;0;24,7;24,7;25,1;24,7;25;24,7;100;100;100;;0;0;
2026/03/10;0100 UTC;0;1000,7;1000,8;1000,5;0;25;25;25,1;24,7;25;24,7;100;100;100;;5,7;2,1;
2026/03/10;0200 UTC;0;1001,6;1001,6;1000,7;1,3;24,8;24,8;25;24,8;25;24,8;100;100;100;;6,4;3,7;
2026/03/10;0300 UTC;0;1001,2;1001,7;1001,2;1,8;24,7;24,7;24,9;24,7;24,9;24,7;100;100;100;;6,4;1,2;
2026/03/10;0400 UTC;1,4;1001,2;1001,2;1000,9;0;24,6;24,6;24,7;24,6;24,7;24,6;100;100;100;;1,8;0;
2026/03/10;0500 UTC;5,8;1000,4;1001,2;1000,4;,7;23,7;23,7;24,6;23,7;24,6;23,7;100;100;100;;4;1;
2026/03/10;0600 UTC;0;1000,2;1000,4;1000,1;0;23,6;23,6;23,7;23,5;23,7;23,5;100;100;100;;3,2;1,9;
2026/03/10;0700 UTC;0;999,9;1000,2;999,9;0;23,5;23,5;23,7;23,5;23,7;23,5;100;100;100;;2,8;,6;
2026/03/10;0800 UTC;0;1000;1000;999,8;0;23,4;23,4;23,6;23,4;23,6;23,4;100;100;100;;1,8;,2;
2026/03/10;0900 UTC;,6;1000,1;1000,2;999,9;0;23,4;23,4;23,5;23,4;23,5;23,4;100;100;100;;1,5;,1;
2026/03/10;1000 UTC;0;1000,4;1000,4;999,7;113,1;23,6;23,6;23,6;23,2;23,6;23,2;100;100;100;;1,6;0;
2026/03/10;1100 UTC;0;1001,2;1001,2;1000,4;745,7;24,7;24,7;24,8;23,6;24,8;23,6;100;100;100;;1,9;,1;
2026/03/10;1200 UTC;0;1002;1002;1001,2;1083,8;25,6;25,1;25,6;24,5;25,2;24,5;100;96;97;;2,4;,3;
2026/03/10;1300 UTC;0;1002;1002,1;1001,8;2043,6;26,9;25,7;26,9;25,5;25,9;24,6;98;88;93;;4,1;2,5;
2026/03/10;1400 UTC;0;1001,6;1002;1001,6;2649,2;28,7;25,6;28,8;26,9;26,3;24,6;93;81;84;;5,2;2,9;
2026/03/10;1500 UTC;0;1001,1;1001,6;1001,1;2905,4;29,5;25,9;29,6;28,6;26,1;25;85;77;81;;6,2;3;
2026/03/10;1600 UTC;0;999,6;1001,1;999,6;3159,9;30,4;25,2;30,4;29,6;26,1;24,7;81;72;74;;5,5;2,6;
2026/03/10;1700 UTC;0;998,3;999,6;998,2;2417;30,2;26,4;30,9;29,9;27,5;24,8;86;70;80;;5,9;2,2;
2026/03/10;1800 UTC;0;997;998,3;997;2145,8;29,9;27,6;30,4;28,8;27,6;25,8;88;78;87;;6;2,2;
2026/03/10;1900 UTC;0;997,7;997,7;997;1093,1;29,3;26,6;30,1;29,3;28,3;25,2;90;77;86;;4,7;2,9;
2026/03/10;2000 UTC;3,6;998,5;998,5;997,7;349,8;26,7;25,1;29,3;26,7;27,2;25,1;92;84;91;;6,6;1,1;
2026/03/10;2100 UTC;26,8;999,1;999,4;998,5;10,5;24,3;24,3;26,6;23,8;25,1;23,8;100;91;100;;9,6;2,3;
2026/03/10;2200 UTC;4,2;999,3;999,3;999;1,4;23,9;23,9;24,3;23,9;24,3;23,9;100;100;100;;5,8;3,1;
2026/03/10;2300 UTC;0;1000,4;1000,4;999,3;0;23,8;23,8;24;23,8;24;23,8;100;100;100;;5,3;2,3;
2026/03/11;0000 UTC;,2;1000,7;1000,7;1000,4;0;24;24;24;23,8;24;23,8;100;100;100;;3,5;,8;
2026/03/11;0100 UTC;0;1000,5;1000,7;1000,5;0;24,1;24,1;24,1;23,9;24,1;23,9;100;100;100;;4,1;1;
2026/03/11;0200 UTC;0;1000,2;1000,5;1000,2;0;24;24;24,2;24;24,2;24;100;100;100;;3,9;1,7;
2026/03/11;0300 UTC;0;1001,5;1001,5;1000,1;0;23,9;23,9;24;23,9;24;23,9;100;100;100;;3,8;1,1;
2026/03/11;0400 UTC;0;1000,1;1001,5;1000,1;0;24;24;24;23,9;24;23,9;100;100;100;;2,9;1,6;
2026/03/11;0500 UTC;0;999,3;1000,1;999,3;0;23,9;23,9;24;23,9;24;23,9;100;100;100;;2,9;,1;
2026/03/11;0600 UTC;0;998,3;999,3;998,3;0;23,9;23,9;23,9;23,8;23,9;23,8;100;100;100;;1,2;0;
2026/03/11;0700 UTC;0;997,9;998,3;997,9;0;24;24;24;23,9;24;23,9;100;100;100;;1,8;0;
2026/03/11;0800 UTC;0;997,7;997,9;997,5;0;23,8;23,8;24;23,8;24;23,8;100;100;100;;1,7;1,2;
2026/03/11;0900 UTC;0;998;998;997,7;0;23,7;23,7;23,8;23,7;23,8;23,7;100;100;100;;2,5;1,9;
2026/03/11;1000 UTC;0;998,9;998,9;998;64,6;23,7;23,7;23,7;23,6;23,7;23,6;100;100;100;;2,9;2,3;
2026/03/11;1100 UTC;0;999,8;999,8;998,9;530,8;24,2;24,2;24,2;23,7;24,2;23,7;100;100;100;;5,8;3,3;
2026/03/11;1200 UTC;0;1000,2;1000,3;999,8;882,8;24,6;24,2;24,6;24,1;24,4;23,9;100;97;98;;6;2,9;
2026/03/11;1300 UTC;0;1000;1000,3;1000;2335,8;27;24,7;27;24,6;25,1;24,1;98;87;87;;5,5;3,5;
2026/03/11;1400 UTC;0;999,2;1000;999,1;2210,4;28,1;24,8;28,2;26,9;25,2;24,2;90;79;83;;5,5;2,5;
2026/03/11;1500 UTC;0;998,6;999,2;998,5;3053,6;29,6;24,8;29,6;28;25,6;24,2;85;74;76;;5,8;2,7;
2026/03/11;1600 UTC;0;998;998,6;998;2372,1;30;24,9;30;29,3;25,8;23,9;80;71;74;;4,9;1,6;
2026/03/11;1700 UTC;0;997;998;997;2044,9;30,3;25,5;30,4;29,8;26,2;24,5;80;73;75;;5,9;2,3;
2026/03/11;1800 UTC;0;996;997;996;1787,6;30,6;25,8;30,9;30,3;26,9;24,8;82;71;75;;5,9;,6;
2026/03/11;1900 UTC;0;995,5;996;995,5;1787,5;30,7;23,9;31;30,1;26,9;23,1;82;64;67;;5,6;1,8;
2026/03/11;2000 UTC;0;995,9;995,9;995,3;509,9;28,5;25,8;30,7;28,5;25,8;23,5;85;66;85;;4,8;,4;
2026/03/11;2100 UTC;0;996,5;996,5;995,6;187,2;27,4;26,3;28,5;27,4;26,8;25,9;95;85;93;;4,4;2,5;
2026/03/11;2200 UTC;0;997;997;996,4;5,6;26,3;25,5;27,4;26,3;26,3;24,9;96;89;95;;4,5;,8;
2026/03/11;2300 UTC;0;998,2;998,2;997;0;25,8;25,5;26,3;25,8;25,9;25,4;99;95;98;;2;0;
2026/03/12;0000 UTC;0;998,7;998,7;998,1;0;25,8;25,8;25,9;25,8;25,9;25,5;100;98;100;;2,3;,5;
2026/03/12;0100 UTC;0;999,7;999,7;998,7;0;25,7;25,7;25,8;25,5;25,8;25,5;100;100;100;;3,4;1;
2026/03/12;0200 UTC;0;999,6;999,9;999,5;0;25,3;25,3;25,7;25,2;25,6;25,2;100;100;100;;6,3;1,3;
2026/03/12;0300 UTC;,6;999,5;999,8;999,5;0;24,9;24,9;25,3;24,9;25,3;24,9;100;100;100;;2,9;1,1;
2026/03/12;0400 UTC;,2;998,7;999,5;998,7;0;24,9;24,9;24,9;24,8;24,9;24,8;100;100;100;;3,2;,7;
2026/03/12;0500 UTC;0;998,1;998,7;998,1;0;24,7;24,7;25;24,7;25;24,7;100;100;100;;2,3;1,1;
2026/03/12;0600 UTC;0;998,4;998,6;998,1;0;24,7;24,7;24,7;24,6;24,7;24,6;100;100;100;;2,1;,7;
2026/03/12;0700 UTC;0;998,6;998,6;998,2;0;24,6;24,6;24,7;24,6;24,7;24,6;100;100;100;;1,6;,3;
2026/03/12;0800 UTC;0;998,7;998,7;998,4;0;24,6;24,6;24,6;24,5;24,6;24,5;100;100;100;;1,3;,8;
2026/03/12;0900 UTC;0;999;999;998,7;0;24,7;24,7;24,7;24,6;24,7;24,6;100;100;100;;1,3;0;
2026/03/12;1000 UTC;1;999,7;999,7;999;27,2;24,8;24,7;24,8;24,7;24,8;24,7;100;100;100;;1;0;
2026/03/12;1100 UTC;,2;1000,6;1000,6;999,7;228,3;25,2;25,2;25,2;24,7;25,2;24,7;100;100;100;;,6;0;
2026/03/12;1200 UTC;0;1000,9;1000,9;1000,6;628,3;26;26;26;25,2;26;25,2;100;100;100;;3,1;1,3;
2026/03/12;1300 UTC;0;1001;1001,2;1000,9;1376,8;27;25,3;27;25,9;26,1;25,2;100;90;91;;7,6;4,6;
2026/03/12;1400 UTC;0;1000,7;1001;1000,7;1647,4;28,6;25;28,6;27;25,9;25;91;81;81;;7,6;2,1;
2026/03/12;1500 UTC;0;999,7;1000,7;999,7;1929,4;29,1;26;29,3;28,6;26;24,8;83;78;83;;5,9;3,1;
2026/03/12;1600 UTC;0;998;999,7;998;2936,8;30,8;25,5;30,8;29,1;26,2;24,7;83;73;73;;5,9;3,1;
2026/03/12;1700 UTC;0;996,6;998;996,6;2482,6;30,4;25,8;31,3;30,1;26,3;24,6;79;70;76;;5,8;1,9;
2026/03/12;1800 UTC;0;995,4;996,6;995,4;1707,4;30,5;25,8;31,1;30,4;26,2;24,7;78;69;76;;6,4;3,4;
2026/03/12;1900 UTC;0;995,9;995,9;995,2;1235,1;28,1;25,8;30,6;28,1;26,5;24,9;88;74;87;;10,5;4,3;
2026/03/12;2000 UTC;0;996,4;996,4;995,9;375,2;27,5;25,8;28,1;27,4;25,9;24,8;90;85;90;;8;2,5;
2026/03/12;2100 UTC;0;997,6;997,6;996,4;160,5;26,9;25,2;27,6;26,9;26,2;25,2;93;89;91;;4,8;3,2;
2026/03/12;2200 UTC;0;998,5;998,7;997,6;8,1;26,5;25,9;26,9;26,5;26;25,2;97;91;96;;4,8;2;
2026/03/12;2300 UTC;0;999,4;999,4;998,5;0;25,5;25,5;26,5;25,5;26,2;25,5;100;96;100;;5,3;2,4;
2026/03/13;0000 UTC;0;999,6;999,7;999,4;0;24,9;24,9;25,5;24,9;25,5;24,9;100;100;100;;4,6;,4;
2026/03/13;0100 UTC;,2;1000,8;1000,8;999,6;0;24,7;24,7;24,9;24,7;24,9;24,7;100;100;100;;2,9;,4;
2026/03/13;0200 UTC;0;1001,2;1001,3;1000,8;0;24,6;24,6;24,7;24,6;24,7;24,6;100;100;100;;2,3;,4;
2026/03/13;0300 UTC;0;1000,3;1001,2;1000,3;0;24,4;24,4;24,7;24,4;24,7;24,4;100;100;100;;3,1;0;
2026/03/13;0400 UTC;,2;999,4;1000,3;999,4;0;24,3;24,3;24,5;24,3;24,4;24,3;100;100;100;;,6;0;
2026/03/13;0500 UTC;0;998,9;999,4;998,9;0;24,1;24,1;24,3;24,1;24,3;24,1;100;100;100;;1,5;,7;
2026/03/13;0600 UTC;0;998,8;999;998,8;0;23,9;23,9;24,1;23,9;24,1;23,9;100;100;100;;2,1;1;
2026/03/13;0700 UTC;0;999,1;999,1;998,8;0;23,9;23,9;24;23,9;24;23,9;100;100;100;;2,1;1;
2026/03/13;0800 UTC;0;999,4;999,4;999,1;0;23,9;23,9;23,9;23,9;23,9;23,9;100;100;100;;1,9;,4;
2026/03/13;0900 UTC;0;1000;1000;999,4;0;23,8;23,8;24;23,8;24;23,8;100;100;100;;1,6;,2;
2026/03/13;1000 UTC;0;1000,6;1000,7;1000;65,7;24,2;24,2;24,2;23,8;24,2;23,8;100;100;100;;1,8;0;
2026/03/13;1100 UTC;0;1001,1;1001,1;1000,6;557,3;25;25;25;24,2;25;24,2;100;100;100;;,9;0;
2026/03/13;1200 UTC;0;1001,9;1001,9;1001,1;1206,1;26,3;25,7;26,3;25;25,9;25;100;96;97;;4,2;1,3;
2026/03/13;1300 UTC;0;1002;1002;1001,9;1901,3;28,1;25,2;28,2;26,2;25,8;24,5;97;81;84;;5,6;3,2;
2026/03/13;1400 UTC;0;1001,7;1002;1001,7;2085,6;29,2;24,6;29,2;28;25,8;24,2;87;76;76;;5,8;2,6;
2026/03/13;1500 UTC;0;1000,6;1001,7;1000,6;2922,8;30;24,3;30,3;28,9;25,6;24,1;81;70;72;;5,5;2,2;
2026/03/13;1600 UTC;0;999;1000,6;999;3071,6;30,8;24,6;30,8;29,8;25,8;24;78;68;70;;5,5;2,5;
2026/03/13;1700 UTC;0;997,4;999;997,4;2916,1;31,3;23,7;31,5;30,4;25,2;23,4;73;63;64;;4,6;1,4;
2026/03/13;1800 UTC;,8;996,9;997,4;996,8;1296,5;28,2;26,8;31,3;28,2;27;23,8;93;65;92;;10;2,4;
2026/03/13;1900 UTC;0;996,6;996,9;996,5;1602,9;30,7;26,3;30,7;27,5;28,2;26,1;98;77;78;;8,3;,1;
2026/03/13;2000 UTC;,6;997,2;997,3;996,4;867,5;26;26;30,9;25,9;26,9;25,2;100;72;100;;11;3;
2026/03/13;2100 UTC;0;998;998,2;997,3;47,2;25,7;25,7;26;25,7;26;25,7;100;100;100;;5,6;,1;
2026/03/13;2200 UTC;,2;999,2;999,2;998;1,5;25,6;25,6;25,8;25,6;25,8;25,6;100;100;100;;3,8;,2;
2026/03/13;2300 UTC;0;999,8;999,8;999,2;,3;25,2;25,2;25,6;25,2;25,6;25,2;100;100;100;;3,4;,1;
2026/03/14;0000 UTC;0;1000,7;1000,7;999,8;0;24,9;24,8;25,2;24,8;25,2;24,8;100;100;100;;1,9;0;
2026/03/14;0100 UTC;0;1000,7;1000,8;1000,6;0;24,7;24,7;24,9;24,7;24,9;24,7;100;100;100;;0;0;
2026/03/14;0200 UTC;0;1001,4;1001,4;1000,7;0;24,8;24,8;24,8;24,6;24,8;24,6;100;100;100;;0;0;
2026/03/14;0300 UTC;0;1000,7;1001,4;1000,7;0;24,7;24,7;24,8;24,7;24,8;24,7;100;100;100;;2,4;,6;
2026/03/14;0400 UTC;0;1000,2;1000,7;1000,2;0;24,7;24,7;24,8;24,7;24,8;24,7;100;100;100;;2,4;,8;
2026/03/14;0500 UTC;0;999,3;1000,2;999,3;0;24,6;24,6;24,8;24,6;24,8;24,6;100;100;100;;2,9;1,7;
2026/03/14;0600 UTC;0;999,2;999,4;999,2;0;24,6;24,6;24,7;24,6;24,7;24,6;100;100;100;;2,9;,1;
2026/03/14;0700 UTC;0;999,1;999,2;999,1;0;24,6;24,6;24,7;24,6;24,7;24,6;100;100;100;;1,7;,8;
2026/03/14;0800 UTC;0;999,7;999,7;999,1;0;24,5;24,5;24,6;24,4;24,6;24,4;100;100;100;;2,3;0;
2026/03/14;0900 UTC;0;1000,2;1000,2;999,7;0;24,5;24,5;24,6;24,5;24,6;24,5;100;100;100;;,4;0;
2026/03/14;1000 UTC;0;1000,7;1000,7;1000,2;82,9;24,7;24,7;24,7;24,5;24,7;24,5;100;100;100;;,8;0;
2026/03/14;1100 UTC;0;1001,3;1001,3;1000,7;515,8;25,3;25,3;25,4;24,7;25,4;24,7;100;100;100;;0;0;
2026/03/14;1200 UTC;0;1001,4;1001,5;1001,3;968,3;26,2;25,7;26,3;25,3;26,1;25,3;100;96;97;;3,2;1,3;
2026/03/14;1300 UTC;0;1001,7;1001,7;1001,4;1918,4;27,2;25,3;27,2;26;26,1;25;98;88;89;;4,5;,9;
2026/03/14;1400 UTC;0;1001,2;1001,7;1001,2;2384,9;28,7;24,7;29,2;27,2;25,6;24,1;90;76;79;;4,5;1,3;
2026/03/14;1500 UTC;0;1000,3;1001,2;1000,3;3216,9;30,3;25,4;30,5;28,6;26,1;24,2;82;70;75;;4,4;1,8;
2026/03/14;1600 UTC;0;999,1;1000,3;999,1;3413,1;30,7;25,2;31,3;30,2;26;23,9;77;67;73;;5,3;1,4;
2026/03/14;1700 UTC;0;997,6;999,1;997,6;3038,9;31,1;25,3;32,2;30,7;25,8;24;74;64;71;;5;,6;
2026/03/14;1800 UTC;5,2;997,1;997,6;996,9;1377,4;27,1;26,6;32;27,1;28,2;24;100;63;97;;5,2;2,1;
2026/03/14;1900 UTC;0;996,4;997,2;996,4;733,4;27,6;26,3;28;27,1;27,9;25,7;100;90;93;;4,1;0;
2026/03/14;2000 UTC;0;997,5;997,5;996,4;335,2;27,3;27,1;27,9;27,3;27,8;26,6;100;93;99;;4;1,2;
2026/03/14;2100 UTC;,4;999;999;997,5;65,6;24,8;24,8;27,4;24,8;27,3;24,8;100;97;100;;9,5;5,4;
2026/03/14;2200 UTC;6;999,1;999,7;999;6,2;24,7;24,7;24,8;24,5;24,8;24,5;100;100;100;;9,6;1,4;
2026/03/14;2300 UTC;,6;999,5;999,7;999;,1;24,4;24,4;24,7;24,3;24,7;24,3;100;100;100;;5,1;1,3;
2026/03/15;0000 UTC;0;999,6;999,8;999,4;0;24,3;24,3;24,4;24,2;24,4;24,2;100;100;100;;2,2;0;
2026/03/15;0100 UTC;0;1000,2;1000,3;999,6;0;24;24;24,3;24;24,3;24;100;100;100;;1;0;
2026/03/15;0200 UTC;0;1000,9;1001;1000,2;0;24,1;24;24,1;23,9;24,1;23,9;100;100;100;;1,7;0;
2026/03/15;0300 UTC;0;999,9;1000,9;999,9;0;24,1;24,1;24,1;23,9;24,1;23,9;100;100;100;;0;0;
2026/03/15;0400 UTC;0;999,6;999,9;999,6;0;23,8;23,8;24,1;23,8;24,1;23,7;100;100;100;;0;0;
2026/03/15;0500 UTC;0;999,2;999,6;999,1;0;23,8;23,8;23,9;23,7;23,8;23,7;100;100;100;;0;0;
2026/03/15;0600 UTC;0;999;999,2;998,9;0;23,9;23,9;24;23,8;24;23,8;100;100;100;;0;0;
2026/03/15;0700 UTC;0;998,7;999,1;998,7;0;23,8;23,8;24;23,8;24;23,8;100;100;100;;0;0;
2026/03/15;0800 UTC;0;998,8;998,9;998,6;0;23,9;23,9;23,9;23,8;23,9;23,8;100;100;100;;0;0;
2026/03/15;0900 UTC;0;998,8;998,8;998,5;0;23,7;23,7;23,9;23,6;23,9;23,6;100;100;100;;0;0;
2026/03/15;1000 UTC;0;999,6;999,6;998,8;70,5;24;24;24,1;23,6;24;23,6;100;100;100;;0;0;
2026/03/15;1100 UTC;0;1000,4;1000,4;999,6;579,1;25,1;25,1;25,1;24;25,1;24;100;100;100;;0;0;
2026/03/15;1200 UTC;0;1001,2;1001,2;1000,4;1250,5;26,3;25,8;26,3;25;26,1;25;100;96;97;;3;1,5;
2026/03/15;1300 UTC;,2;1001,1;1001,3;1001,1;1723,6;27,5;25,7;27,5;26,2;25,8;25;97;88;90;;4,2;2,8;
2026/03/15;1400 UTC;0;1000,6;1001,1;1000,6;2240,2;28,7;24,9;28,7;27,3;25,8;24,3;90;79;80;;5,5;3,2;
2026/03/15;1500 UTC;0;1000,1;1000,7;1000,1;2220;29,1;25,5;29,4;28,6;25,9;24,4;83;76;81;;5,8;1,9;
2026/03/15;1600 UTC;0;999;1000,1;999;2289,3;29,8;25,4;30,2;29,1;26,2;24,5;83;73;77;;4,7;1,9;
2026/03/15;1700 UTC;,2;997,5;999;997,5;2227,8;30,6;26;30,6;29,2;27,6;24,6;88;73;77;;4,5;,3;
2026/03/15;1800 UTC;0;996,5;997,5;996,5;1927,8;30,8;24,2;31,1;29,5;27,3;24,1;83;68;68;;4;1,6;
2026/03/15;1900 UTC;0;995,4;996,5;995,4;2276;31;26,1;31,5;30,8;26,1;24,3;75;67;75;;4,8;1,2;
2026/03/15;2000 UTC;0;995,7;995,7;995,3;1523,3;31,4;25,3;31,5;31;26;24,5;75;67;70;;3,7;1,7;
2026/03/15;2100 UTC;0;996,2;996,2;995,5;511,6;29,8;27,1;31,5;29,8;27,1;25,3;86;69;86;;3;,2;
2026/03/15;2200 UTC;5,6;997,8;997,8;996,2;16,3;24,4;24,4;29,8;24,4;27,5;24,4;100;84;100;;13;8,8;
2026/03/15;2300 UTC;24;998,7;998,7;997,9;,6;24,2;24,2;24,4;23,8;24,4;23,8;100;100;100;;13;1;
2026/03/16;0000 UTC;,2;999;999,3;998,7;0;24,1;24,1;24,2;24;24,2;24;100;100;100;;2,2;,9;
2026/03/16;0100 UTC;0;1000,7;1000,7;999;0;24,5;24,5;24,6;24,1;24,6;24,1;100;100;100;;2,2;0;
2026/03/16;0200 UTC;1,2;1001,1;1001,2;1000,7;0;25;25;25;24,5;25;24,5;100;100;100;;3,7;,9;
2026/03/16;0300 UTC;,2;1000,5;1001,1;1000,4;0;24,9;24,9;25;24,8;25;24,8;100;100;100;;2,4;,4;
2026/03/16;0400 UTC;0;1000;1000,6;1000;0;25;25;25,1;24,9;25,1;24,9;100;100;100;;1,4;0;
2026/03/16;0500 UTC;0;999,2;1000;999,2;0;25;25;25;24,9;25;24,9;100;100;100;;1,8;,3;
2026/03/16;0600 UTC;0;998,6;999,4;998,6;0;24,8;24,8;25;24,8;25;24,8;100;100;100;;1,8;0;
2026/03/16;0700 UTC;0;998,8;998,8;998,5;0;24,6;24,6;24,8;24,6;24,8;24,6;100;100;100;;1,5;,5;
2026/03/16;0800 UTC;0;999;999;998,7;0;24,7;24,7;24,7;24,6;24,7;24,6;100;100;100;;1,5;,2;
2026/03/16;0900 UTC;0;999,1;999,1;999;0;24,5;24,5;24,7;24,5;24,7;24,5;100;100;100;;1,5;0;
2026/03/16;1000 UTC;0;999,8;999,8;999,1;124,1;24,8;24,8;24,8;24,4;24,8;24,4;100;100;100;;,8;0;
2026/03/16;1100 UTC;0;1000,6;1000,6;999,8;556,1;25,3;25,3;25,3;24,8;25,3;24,8;100;100;100;;3,9;2,1;
2026/03/16;1200 UTC;0;1001,3;1001,3;1000,6;1289;26,1;25,5;26,4;25,2;26,2;25,2;100;96;96;;5,7;3,2;
2026/03/16;1300 UTC;0;1000,7;1001,3;1000,7;2158,7;28,1;25,8;28,1;26,1;26,5;25,2;97;87;88;;7,1;4;
2026/03/16;1400 UTC;0;1000,3;1000,7;1000,3;2212,5;28,9;25,3;29;27,8;26,3;25,2;89;81;81;;8,2;4,7;
2026/03/16;1500 UTC;0;999,4;1000,3;999,4;3220,2;30,2;25,9;30,7;28,8;26,4;25;83;74;78;;8,4;4,4;
2026/03/16;1600 UTC;0;998,4;999,4;998,4;2970;30,7;25,4;31,1;29,9;26,6;25,1;80;71;73;;8;3,4;
2026/03/16;1700 UTC;0;997,3;998,4;997,3;3358,5;31,9;26;32;30,6;26,3;24,9;76;68;71;;7,1;2,9;
2026/03/16;1800 UTC;0;996;997,3;996;2506;31,6;25,4;32,2;30,9;26,4;24,6;77;65;70;;5,9;2,3;
2026/03/16;1900 UTC;0;995,4;996;995,3;2025,4;32,1;25,1;32,2;31,1;26,7;24,3;77;64;67;;4,2;1,9;
2026/03/16;2000 UTC;0;995,2;995,4;995;1492,4;32,2;25,5;32,7;31,9;26,2;24,3;70;63;68;;3,7;1,2;
2026/03/16;2100 UTC;0;995,5;995,5;995,2;492,7;30;26,5;32,2;30;26,8;24,9;82;66;82;;3,6;,6;
2026/03/16;2200 UTC;0;997,2;997,3;995,5;11,5;26;23,6;30,1;26;27,2;23,5;87;81;87;;11,6;5,1;
2026/03/16;2300 UTC;0;998,1;998,3;997,2;0;25,6;25,4;26;25,6;25,4;23,6;99;87;98;;8,6;,7;
2026/03/17;0000 UTC;0;998,4;998,4;998;0;25,4;25,4;25,7;25,4;25,6;25,4;100;98;100;;2,9;1,2;
2026/03/17;0100 UTC;0;999,6;999,6;998,4;0;25,2;25,2;25,4;25,2;25,4;25,2;100;100;100;;3,5;1,5;
2026/03/17;0200 UTC;0;1000,2;1000,2;999,6;0;25,3;25,3;25,3;25,2;25,3;25,2;100;100;100;;3,8;1,5;
2026/03/17;0300 UTC;0;999,8;1000,2;999,8;0;25,4;25,4;25,5;25,2;25,5;25,2;100;100;100;;4,2;1,7;
2026/03/17;0400 UTC;0;999,1;999,8;999,1;0;25,2;25,2;25,5;25,2;25,5;25,2;100;100;100;;3,5;,8;
2026/03/17;0500 UTC;0;998,8;999,1;998,7;0;25,3;25,3;25,5;25,2;25,5;25,2;100;100;100;;3,1;1,5;
2026/03/17;0600 UTC;0;997,8;998,8;997,8;0;25,2;25,2;25,3;25,2;25,3;25,2;100;100;100;;3,1;1,6;
2026/03/17;0700 UTC;0;997,9;998;997,7;0;25,1;25,1;25,3;25;25,3;25;100;100;100;;2,6;0;
2026/03/17;0800 UTC;0;998,1;998,2;997,9;0;24,9;24,9;25,1;24,9;25,1;24,9;100;100;100;;2,9;1,4;
2026/03/17;0900 UTC;0;998,3;998,4;998,1;0;24,7;24,6;24,9;24,6;24,9;24,6;100;100;100;;2,7;1,3;
2026/03/17;1000 UTC;0;999;999;998,3;72;24,9;24,9;24,9;24,6;24,9;24,6;100;100;100;;2,9;1,6;
2026/03/17;1100 UTC;0;1000,7;1000,7;999;294,1;25,3;25,3;25,3;24,8;25,3;24,9;100;100;100;;3,2;1,2;
2026/03/17;1200 UTC;0;1001,4;1001,5;1000,7;692,6;26,3;25,7;26,4;25,3;26,1;25,3;100;97;97;;2,4;,4;
2026/03/17;1300 UTC;0;1001,6;1001,6;1001,4;798,2;26,8;26,4;26,9;26,2;26,4;25,5;99;94;98;;2,5;1,3;
2026/03/17;1400 UTC;,2;1001,2;1001,7;1001,2;1932,9;28;26,1;28;26,7;26,9;25,4;100;86;89;;3,6;1,3;
2026/03/17;1500 UTC;0;1000,1;1001,2;1000;1847,9;28,7;25,7;28,9;27,8;26,9;25;92;80;84;;3,2;,6;
2026/03/17;1600 UTC;4,2;998,9;1000,1;998,9;1177,3;27,3;26,8;28,7;27,3;28,2;25,3;99;84;97;;5,5;1;
2026/03/17;1700 UTC;1,6;997,9;998,9;997,9;1071,6;26,4;26,4;27,5;26,4;27,3;25,5;100;92;99;;5,6;2,8;
2026/03/17;1800 UTC;0;997,2;998;997,1;1180,1;26,4;26,2;26,5;25,8;26,5;25,8;100;99;99;;5,6;2,5;
2026/03/17;1900 UTC;0;996,7;997,6;996,6;1276,9;25,6;25,5;26,7;25,6;26,5;25,3;100;95;99;;4,5;2,1;
2026/03/17;2000 UTC;0;997,2;997,2;996,7;202,5;25;25;25,6;25;25,6;25;100;99;100;;5;1,7;
2026/03/17;2100 UTC;0;997,3;997,3;997,2;84,7;24,9;24,9;25;24,9;25;24,9;100;100;100;;3,1;,1;
2026/03/17;2200 UTC;0;998,5;998,5;997,3;3,6;24,8;24,8;24,9;24,8;24,9;24,8;100;100;100;;1,9;0;
2026/03/17;2300 UTC;,2;998,9;998,9;998,2;0;24,7;24,7;24,8;24,7;24,8;24,7;100;100;100;;2,5;,4;
2026/03/18;0000 UTC;,2;999,7;999,7;998,9;0;24,9;24,9;24,9;24,7;24,9;24,7;100;100;100;;2,4;,2;
2026/03/18;0100 UTC;,2;999,9;999,9;999,5;0;24,6;24,6;24,9;24,6;24,9;24,6;100;100;100;;2,6;1,5;
2026/03/18;0200 UTC;0;1000,6;1000,7;999,9;0;24,4;24,4;24,6;24,4;24,6;24,4;100;100;100;;2,6;1,7;
2026/03/18;0300 UTC;0;1000,4;1000,7;1000,4;0;24,4;24,4;24,5;24,3;24,5;24,3;100;100;100;;2,5;,4;
2026/03/18;0400 UTC;0;999,8;1000,4;999,8;0;24,1;24,1;24,4;24;24,4;24;100;100;100;;2;,4;
2026/03/18;0500 UTC;0;998,9;999,8;998,9;0;24,1;24,1;24,1;24;24,1;24;100;100;100;;1,5;0;
2026/03/18;0600 UTC;0;997,9;998,9;997,9;0;23,9;23,9;24,1;23,9;24,1;23,9;100;100;100;;1,4;,8;
2026/03/18;0700 UTC;0;997,6;997,9;997,6;0;23,7;23,7;23,9;23,7;23,9;23,7;100;100;100;;2;1,3;
2026/03/18;0800 UTC;0;997,4;997,6;997,4;0;23,5;23,4;23,7;23,5;23,7;23,4;100;100;100;;2,5;,1;
2026/03/18;0900 UTC;0;997,7;997,7;997,4;0;23,4;23,4;23,5;23,4;23,5;23,4;100;100;100;;1,4;0;
2026/03/18;1000 UTC;0;998,5;998,5;997,7;74,6;23,6;23,6;23,6;23,3;23,6;23,3;100;100;100;;1;0;
2026/03/18;1100 UTC;0;999,3;999,3;998,5;875,6;25,1;25,1;25,3;23,6;25,3;23,6;100;100;100;;2,6;,2;
2026/03/18;1200 UTC;0;1000,1;1000,1;999,3;1561,5;26,1;25,1;26,1;25;25,6;24,7;100;95;95;;4,3;2;
2026/03/18;1300 UTC;0;1000,5;1000,5;1000,1;1955,1;27,4;25,1;27,7;25,8;25,8;24,6;97;84;87;;5,3;2,6;
2026/03/18;1400 UTC;0;1000,6;1000,6;1000,5;2688,1;28,8;25;28,9;27,4;25,7;24,5;89;78;80;;5,5;2,7;
2026/03/18;1500 UTC;0;999,6;1000,6;999,6;3081,1;29,5;25,1;29,9;28,8;25,8;24,3;82;74;77;;5,7;2,6;
2026/03/18;1600 UTC;0;998,4;999,5;998,4;2701,1;30,2;25,5;30,2;29,3;25,9;24,4;78;73;76;;4,8;2;
2026/03/18;1700 UTC;0;997,1;998,4;997;2658,2;30;25,9;30,6;29,9;26,4;24,5;79;72;79;;4,7;2,7;
2026/03/18;1800 UTC;0;996,2;997,1;996,2;1231,8;28,1;25,2;30;28,1;26,7;25,2;89;79;84;;6,6;1,6;
2026/03/18;1900 UTC;0;995,4;996,2;995,4;886,6;27,8;26,2;28,5;27,7;26,8;24,9;93;82;91;;3,3;,2;
2026/03/18;2000 UTC;0;995,3;995,4;995,1;769,4;27,8;25,9;28;27,7;26,2;24,9;91;84;89;;2,5;0;
2026/03/18;2100 UTC;0;995,9;995,9;995,3;335;27,6;26,4;28;27,6;26,8;25,8;94;89;93;;,7;0;
2026/03/18;2200 UTC;0;996,2;996,5;995,9;17,9;26,6;26,6;27,6;26,6;27;25,9;100;92;100;;2,4;0;
2026/03/18;2300 UTC;0;997,7;997,8;996,2;0;25,9;25,9;26,7;25,9;26,7;25,9;100;100;100;;3,9;2,4;
2026/03/19;0000 UTC;0;999,1;999,1;997,7;0;25,4;25,2;25,9;25,4;25,9;25,1;100;98;99;;9,4;5,4;
2026/03/19;0100 UTC;0;999,7;999,8;999,1;0;24,8;24,8;25,4;24,8;25;24,6;100;97;100;;9,4;2,1;
2026/03/19;0200 UTC;0;1000;1000,1;999,7;0;24,5;24,5;24,9;24,5;24,8;24,5;100;100;100;;3,5;1,4;
2026/03/19;0300 UTC;0;999,5;1000;999,4;0;24,2;24,2;24,6;24,2;24,5;24,2;100;100;100;;2,5;,7;
2026/03/19;0400 UTC;1,2;999;999,5;999;0;24,3;24,3;24,4;24,2;24,4;24,2;100;100;100;;2,2;,2;
2026/03/19;0500 UTC;1;998,4;999;998,4;0;24;24;24,3;24;24,3;24;100;100;100;;2,1;0;
2026/03/19;0600 UTC;,2;997,7;998,4;997,7;0;24;24;24;23,9;24;23,9;100;100;100;;,6;0;
2026/03/19;0700 UTC;0;996,9;997,7;996,9;0;23,7;23,7;24;23,7;24;23,7;100;100;100;;0;0;
2026/03/19;0800 UTC;0;997,3;997,3;996,8;0;23,8;23,8;23,8;23,7;23,8;23,7;100;100;100;;0;0;
2026/03/19;0900 UTC;0;997,5;997,6;997,3;0;23,9;23,9;23,9;23,8;23,9;23,8;100;100;100;;0;0;
2026/03/19;1000 UTC;0;998,1;998,1;997,5;45;23,9;23,9;23,9;23,8;23,9;23,8;100;100;100;;0;0;
2026/03/19;1100 UTC;0;998,2;998,2;998;438,9;24,4;24,4;24,5;23,9;24,5;23,9;100;100;100;;0;0;
2026/03/19;1200 UTC;0;998,8;998,8;998,2;1197,9;25,7;25,4;25,9;24,4;25,6;24,4;100;95;98;;2,8;,9;
2026/03/19;1300 UTC;0;999,2;999,2;998,8;2071,9;27,5;24,9;27,5;25,7;25,9;24,7;99;86;86;;6;3,6;
2026/03/19;1400 UTC;0;998,9;999,3;998,9;3192,4;29;25;29,5;27,3;26,2;24,6;89;75;79;;6,3;3,5;
2026/03/19;1500 UTC;0;998,3;998,9;998,3;2634,5;29,7;25,2;30,1;28,8;26,5;24,4;83;73;77;;6,3;1,6;
2026/03/19;1600 UTC;0;997;998,3;997;2389,8;30;25,3;30,3;29,6;25,9;24,7;80;74;76;;4,8;1,8;
2026/03/19;1700 UTC;0;995,4;997;995,4;3562,5;31,5;24,4;31,6;30;25,9;23,2;79;62;66;;4,8;1,5;
2026/03/19;1800 UTC;2,4;994,6;995,4;994,6;2185,3;28,3;27,3;31,6;28,3;28,2;25,3;97;66;94;;5;,9;
2026/03/19;1900 UTC;,2;994,5;994,7;994;1849,2;27,6;26;30,7;27,6;28,7;25,7;100;78;91;;9,6;5,6;
2026/03/19;2000 UTC;0;995,5;995,5;994,4;182,2;24,8;24,8;27,6;24,7;26,1;24,7;100;91;100;;10;3,3;
2026/03/19;2100 UTC;4;996,5;996,5;995,5;25,4;24,4;24,4;24,8;24,4;24,8;24,4;100;100;100;;5,7;3,1;
2026/03/19;2200 UTC;1,4;997;997;996,5;,7;24,3;24,3;24,5;24,3;24,5;24,3;100;100;100;;5,5;2,1;
2026/03/19;2300 UTC;,4;997,9;997,9;997;,1;24,2;24,2;24,3;24,2;24,3;24,2;100;100;100;;4,9;2,1;
2026/03/20;0000 UTC;1;998,6;998,6;997,9;0;24,1;24,1;24,2;24;24,2;24;100;100;100;;3,2;1,8;
2026/03/20;0100 UTC;,2;999,8;999,8;998,6;0;24,1;24,1;24,2;24;24,2;24;100;100;100;;2,7;,3;
2026/03/20;0200 UTC;,4;999,6;999,8;999,5;0;24;24;24,2;24;24,2;24;100;100;100;;2,4;1,2;
2026/03/20;0300 UTC;0;999,2;999,6;999,2;0;23,8;23,8;24;23,8;24;23,8;100;100;100;;2;,3;
2026/03/20;0400 UTC;0;998,4;999,2;998,4;0;23,6;23,6;23,8;23,5;23,8;23,5;100;100;100;;1,8;,1;
2026/03/20;0500 UTC;0;997,6;998,4;997,6;0;23,4;23,4;23,6;23,4;23,6;23,4;100;100;100;;1;0;
2026/03/20;0600 UTC;0;997,1;997,6;997,1;0;23,4;23,4;23,5;23,4;23,5;23,4;100;100;100;;0;0;
2026/03/20;0700 UTC;0;996,5;997,1;996,5;0;23,3;23,3;23,4;23,3;23,4;23,3;100;100;100;;1,1;0;
2026/03/20;0800 UTC;0;996,5;996,6;996,5;0;23,2;23,2;23,3;23,2;23,3;23,2;100;100;100;;1,3;,3;
2026/03/20;0900 UTC;0;996,3;996,5;996,1;0;23,2;23,2;23,3;23,2;23,3;23,2;100;100;100;;1,6;0;
2026/03/20;1000 UTC;0;997,1;997,1;996,3;71,6;23,4;23,4;23,4;23,1;23,4;23,1;100;100;100;;,5;0;
2026/03/20;1100 UTC;0;998,7;998,7;997,1;408,3;23,9;23,9;23,9;23,3;23,9;23,3;100;100;100;;2,6;,3;
2026/03/20;1200 UTC;0;999,5;999,5;998,7;1151;24,7;24,4;24,8;23,7;24,7;23,7;100;98;98;;3,5;,3;
2026/03/20;1300 UTC;0;1000,2;1000,2;999,5;2330,8;26,1;24,1;26,2;24,7;25;23,9;100;88;89;;3,5;1;
2026/03/20;1400 UTC;0;1000,2;1000,4;1000,2;1535,4;27;25,2;27,1;26,1;25,6;24;92;87;90;;2,7;1,1;
2026/03/20;1500 UTC;0;999,4;1000,2;999,4;3364,6;28,9;24,4;28,9;27;25,8;23,8;92;76;77;;3,9;1,5;
2026/03/20;1600 UTC;0;998,2;999,4;998,2;2520,8;27,8;25,6;29,6;27,8;26,2;23,5;89;71;88;;4,8;2,1;
2026/03/20;1700 UTC;6,2;997;998,2;997;1060,8;26,1;26,1;27,8;24,9;26,2;24,6;100;88;100;;6;1,1;
2026/03/20;1800 UTC;0;995,9;997;995,9;1805,1;28,1;25,9;28,1;26,1;26,5;24,5;100;85;88;;3,5;1,4;
2026/03/20;1900 UTC;0;995,9;995,9;995,5;2256,5;29,2;25,9;29,4;27,9;26;24,8;88;77;82;;3,1;1;
2026/03/20;2000 UTC;0;996,2;996,2;995,8;815,4;28,5;26,1;29,2;28,3;26,1;24,4;87;79;86;;3,1;1;
2026/03/20;2100 UTC;0;997,1;997,1;996,1;292,7;27,4;26,2;28,5;27,4;26,3;25,5;93;84;93;;3,3;1,2;
2026/03/20;2200 UTC;0;998,8;998,8;997,1;11,1;25,3;24,6;27,4;25,3;26,5;24,6;99;93;96;;9,1;4,6;
2026/03/20;2300 UTC;2,4;999,8;999,8;998,8;2,5;23,5;23,5;25,3;23,5;24,6;23,5;100;96;100;;10,9;4,8;
2026/03/21;0000 UTC;7,2;1001,1;1001,1;999,8;,8;23;23;23,5;23;23,4;23;100;100;100;;12,4;4,1;
2026/03/21;0100 UTC;14,2;1002,1;1002,1;1001,1;,2;22,9;22,9;23;22,9;23;22,9;100;100;100;;6,9;2;
2026/03/21;0200 UTC;5,8;1002,4;1002,4;1002,1;0;23;23;23;22,9;23;22,9;100;100;100;;3,8;1,4;
2026/03/21;0300 UTC;8,2;1002,3;1002,4;1002,3;,1;22,7;22,7;23;22,7;23;22,7;100;100;100;;4,8;2;
2026/03/21;0400 UTC;13,2;1001,8;1002,3;1001,8;,1;22,7;22,7;22,9;22,7;22,9;22,7;100;100;100;;4,8;1,2;
2026/03/21;0500 UTC;3,4;1001;1001,8;1001;,1;22,4;22,4;22,8;22,4;22,8;22,4;100;100;100;;2,7;1,4;
2026/03/21;0600 UTC;1,8;1000,1;1001;1000,1;,2;21,9;21,9;22,4;21,9;22,4;21,9;100;100;100;;4,2;1;
2026/03/21;0700 UTC;,4;999,6;1000,1;999,6;0;21,7;21,7;21,9;21,6;21,9;21,6;100;100;100;;2,6;,7;
2026/03/21;0800 UTC;,2;998,6;999,6;998,6;0;21,7;21,7;21,8;21,7;21,7;21,7;100;100;100;;1,3;,1;
2026/03/21;0900 UTC;0;997,8;998,6;997,8;0;21,7;21,7;21,8;21,7;21,8;21,7;100;100;100;;2;0;
2026/03/21;1000 UTC;0;998,6;998,6;997,8;80,7;22;22;22;21,7;22;21,7;100;100;100;;1,6;0;
2026/03/21;1100 UTC;0;999,2;999,2;998,6;503;22,8;22,8;22,8;22;22,8;22,1;100;100;100;;1,9;,2;
2026/03/21;1200 UTC;0;1000;1000;999,2;1354;24,5;23,5;24,7;22,8;24,3;22,8;100;94;94;;1,8;,2;
2026/03/21;1300 UTC;0;1000,6;1000,6;999,9;1972,2;26,1;23,1;26,1;24,4;24,6;22,5;98;83;84;;3,8;2,6;
2026/03/21;1400 UTC;0;1000,9;1000,9;1000,6;2116,6;27;24,4;27;26,1;24,6;23,4;88;82;86;;6,2;2,9;
2026/03/21;1500 UTC;0;1000,8;1000,9;1000,8;2498,6;27,9;24,5;27,9;27;25,4;23,6;87;79;82;;5,4;2,6;
2026/03/21;1600 UTC;0;999,9;1000,8;999,9;3385,9;28,9;24,9;28,9;27,6;24,9;23,7;83;74;79;;5,3;2;
2026/03/21;1700 UTC;0;998,7;999,9;998,7;3271,1;30;23;30;28,9;24,9;22,4;79;64;67;;8,4;4,7;
2026/03/21;1800 UTC;0;997,8;998,7;997,8;3181,7;30,4;24;30,7;29,6;24,5;23;72;64;68;;8,4;2,2;
2026/03/21;1900 UTC;0;996,9;997,8;996,9;1684;29,3;25;30,4;29,2;25,1;23,5;79;68;78;;4,5;,6;
2026/03/21;2000 UTC;0;997,2;997,2;996,9;635;29;25,8;29,5;29;26,3;24,7;85;76;83;;1,8;0;
2026/03/21;2100 UTC;0;997,3;997,3;997,1;253,6;27,7;25,9;29;27,7;26,7;25,8;91;82;90;;0;0;
2026/03/21;2200 UTC;0;998,1;998,1;997,3;10,9;27;25,4;27,7;26,9;26,2;24,8;94;87;91;;0;0;
2026/03/21;2300 UTC;0;999;999;998,1;0;26,7;26,5;27;26,7;26,6;25,1;99;90;99;;1,6;,1;
2026/03/22;0000 UTC;0;999,8;999,8;999;0;26,3;26,1;26,7;26,3;26,5;25,9;99;97;99;;3,5;,3;
2026/03/22;0100 UTC;0;1000,5;1000,5;999,8;0;25,6;25,6;26,3;25,6;26,1;25,6;100;99;100;;2,2;,1;
2026/03/22;0200 UTC;0;1000,7;1000,7;1000,4;0;25,3;25,3;25,6;25,3;25,6;25,3;100;100;100;;2,2;0;
2026/03/22;0300 UTC;0;1000;1000,7;1000;0;25,2;25,2;25,3;25,2;25,3;25,2;100;100;100;;1,7;0;
2026/03/22;0400 UTC;0;999,4;1000;999,4;0;24,9;24,9;25,2;24,9;25,1;24,9;100;100;100;;,8;0;
2026/03/22;0500 UTC;0;998,6;999,4;998,6;0;24,5;24,5;24,9;24,5;24,9;24,5;100;100;100;;0;0;
2026/03/22;0600 UTC;0;998;998,6;998;0;24,5;24,5;24,6;24,5;24,6;24,5;100;100;100;;1,5;,5;
2026/03/22;0700 UTC;0;998;998,1;997,9;0;24,5;24,5;24,6;24,5;24,6;24,5;100;100;100;;1,5;0;
2026/03/22;0800 UTC;0;997,9;998;997,9;0;24,2;24,2;24,5;24,2;24,5;24,2;100;100;100;;1,2;0;
2026/03/22;0900 UTC;0;998,6;998,6;997,9;0;24;24;24,3;24;24,3;24;100;100;100;;,7;0;
2026/03/22;1000 UTC;0;999,2;999,2;998,6;72,3;24,2;24,2;24,2;23,8;24,2;23,8;100;100;100;;2,3;,2;
2026/03/22;1100 UTC;0;999,6;999,6;999,2;861,1;26,2;24,9;26,2;24,2;25,4;24,2;100;93;93;;5,6;2,8;
2026/03/22;1200 UTC;0;1000,1;1000,1;999,6;1594,5;27,6;23,9;27,6;26,2;25;23,9;93;80;80;;6,7;4,1;
2026/03/22;1300 UTC;0;1000,5;1000,5;1000,1;2696,5;29,2;24,4;29,3;27,6;25;23,7;83;75;75;;6,8;2,9;
2026/03/22;1400 UTC;0;1000,1;1000,5;1000,1;2281,6;29,5;25,2;29,5;28,9;25,3;23,9;80;73;78;;5,3;2,9;
2026/03/22;1500 UTC;0;999,5;1000,1;999,5;2608,9;30,4;25,8;30,4;29,4;25,8;24,4;78;71;76;;5,3;1,8;
2026/03/22;1600 UTC;0;998,6;999,5;998,6;3324,6;31,2;24,7;31,3;30,4;25,9;23,2;76;63;69;;6,7;2,3;
2026/03/22;1700 UTC;0;997,8;998,6;997,8;2982,1;31,5;23,9;31,6;30,9;25,1;23,4;71;63;64;;6,6;2,4;
2026/03/22;1800 UTC;0;997;997,8;997;2427,4;31,6;24,2;32,2;31,2;25,5;23,6;73;61;65;;6,3;1,9;
2026/03/22;1900 UTC;0;996,4;997;996,4;2134,9;31,8;25,5;32,4;31,6;26,1;23,5;70;61;69;;7,4;1,4;
2026/03/22;2000 UTC;0;995,9;996,4;995,9;1373,3;31,7;25,9;32,2;31,4;25,9;23,7;72;61;72;;4;,5;
2026/03/22;2100 UTC;0;996,3;996,3;995,8;222,8;29,3;26,5;31,7;29,3;27,2;25,6;86;72;85;;2,2;0;
2026/03/22;2200 UTC;0;997,2;997,2;996,3;9,9;27,7;27,3;29,3;27,6;27,3;26,1;98;84;98;;0;0;
2026/03/22;2300 UTC;0;998;998;997,2;0;27,5;27,3;27,7;27,5;27,6;27;100;97;99;;0;0;
2026/03/23;0000 UTC;0;998,8;998,8;998;0;26,7;25,6;27,5;26,7;27,3;25,6;100;93;93;;6,9;3;
2026/03/23;0100 UTC;0;999,8;999,8;998,8;0;26,2;26;26,7;26,2;26,2;25,6;100;93;99;;4,9;2,1;
2026/03/23;0200 UTC;0;1000;1000,4;999,8;0;25,5;25,3;26,2;25,5;26;25,3;99;97;99;;4,1;2,2;
2026/03/23;0300 UTC;0;1000;1000,1;999,8;0;25,1;25,1;25,5;25,1;25,4;25,1;100;99;100;;3;1,1;
2026/03/23;0400 UTC;0;999,1;999,9;999,1;0;24,9;24,9;25,1;24,9;25;24,9;100;100;100;;3;,1;
2026/03/23;0500 UTC;0;999;999,1;998,9;0;25,1;25,1;25,1;24,9;25,1;24,9;100;100;100;;,8;0;
2026/03/23;0600 UTC;0;999;999,1;998,9;0;24,7;24,7;25,1;24,7;25;24,7;100;100;100;;1,7;,3;
2026/03/23;0700 UTC;0;998,4;999;998,4;0;24,6;24,6;24,7;24,6;24,7;24,6;100;100;100;;1,6;,1;
2026/03/23;0800 UTC;0;998,2;998,4;998,1;0;24,2;24,2;24,6;24,2;24,6;24,2;100;100;100;;1,5;,1;
2026/03/23;0900 UTC;0;998,7;998,7;998,2;0;23,9;23,9;24,2;23,8;24,2;23,8;100;100;100;;1,2;0;
2026/03/23;1000 UTC;0;999,6;999,6;998,7;75,2;24,2;24,2;24,2;23,8;24,2;23,8;100;100;100;;0;0;
2026/03/23;1100 UTC;0;1000,2;1000,2;999,6;499,9;25;25;25,2;24,1;25,2;24,1;100;100;100;;2,1;,6;
2026/03/23;1200 UTC;0;1000,4;1000,4;1000,2;1204,9;26,5;26,1;26,5;25;26,3;25,1;100;96;97;;5,1;2,4;
2026/03/23;1300 UTC;0;1000,5;1000,6;1000,4;1797,5;27,9;25,8;27,9;26,5;26,2;25,2;97;85;88;;7,3;3,7;
2026/03/23;1400 UTC;0;1000;1000,6;1000;2447,5;29,6;25,3;29,7;27,9;26,3;25;89;76;78;;6,8;4;
2026/03/23;1500 UTC;0;998,9;1000;998,9;2903,7;30,8;25,2;30,9;29,5;26,1;24,9;78;72;72;;6,9;3,5;
2026/03/23;1600 UTC;0;997,3;998,9;997,3;3156,3;31,8;25,5;32;30,5;26;24,5;76;68;69;;5,9;3,3;
2026/03/23;1700 UTC;0;996;997,3;996;2869,6;32,5;25,8;32,5;31;26,7;24,1;77;62;68;;5,8;2;
2026/03/23;1800 UTC;0;994,9;996;994,9;2288,7;32,7;24,9;32,7;31,6;26,6;24,3;74;62;64;;4,3;1;
2026/03/23;1900 UTC;,4;994,5;994,9;994,4;1599,4;27,8;26,6;33;27,8;27,7;24,6;99;62;93;;9,7;,9;
2026/03/23;2000 UTC;,2;995,4;995,4;994,4;1240,6;26,6;25,7;29,6;26,6;26,3;24,8;95;79;95;;14,6;8,2;
2026/03/23;2100 UTC;,2;996,4;996,4;995,4;179,9;24,7;24,7;26,6;24,7;25,9;24,6;100;94;100;;13,8;1,8;
2026/03/23;2200 UTC;0;996,7;996,7;996,3;4,2;24,7;24,7;24,9;24,6;24,8;24,6;100;99;100;;6,6;3,2;
2026/03/23;2300 UTC;,2;997,7;997,7;996,7;0;24,8;24,8;25;24,7;24,9;24,7;100;100;100;;6,6;2,4;
2026/03/24;0000 UTC;0;998,3;998,3;997,6;0;24,5;24,5;24,8;24,5;24,8;24,5;100;100;100;;4,8;2,9;
2026/03/24;0100 UTC;0;998,6;998,6;998,2;0;24,3;24,3;24,5;24,3;24,5;24,3;100;100;100;;5,4;2,7;
2026/03/24;0200 UTC;0;999,3;999,3;998,6;0;24,2;24,2;24,4;24,2;24,4;24,2;100;100;100;;3,9;,1;
2026/03/24;0300 UTC;0;999,2;999,6;999,2;0;24,1;24,1;24,3;24;24,2;24;100;100;100;;1,8;,2;
2026/03/24;0400 UTC;0;998,4;999,3;998,4;0;24;24;24,1;23,9;24,1;23,9;100;100;100;;1,1;0;
2026/03/24;0500 UTC;0;998,5;998,6;998,4;0;24;24;24;23,9;24;23,9;100;100;100;;1,2;0;
2026/03/24;0600 UTC;0;998,3;998,5;998,1;0;23,9;23,9;24,1;23,9;24,1;23,9;100;100;100;;0;0;
2026/03/24;0700 UTC;0;998,4;998,4;998,3;0;23,9;23,9;23,9;23,8;23,9;23,8;100;100;100;;0;0;
2026/03/24;0800 UTC;0;998,8;998,9;998,4;0;23,9;23,9;24;23,8;24;23,8;100;100;100;;0;0;
2026/03/24;0900 UTC;0;998,8;998,8;998,4;0;23,7;23,7;24;23,7;24;23,7;100;100;100;;0;0;
2026/03/24;1000 UTC;0;999,6;999,6;998,9;113,6;24;24;24;23,6;24;23,6;100;100;100;;0;0;
2026/03/24;1100 UTC;0;1000,3;1000,3;999,6;643,9;25,3;25,3;25,3;24;25,3;24;100;100;100;;0;0;
2026/03/24;1200 UTC;0;1000,8;1000,8;1000,3;1352,3;26,6;25,7;26,6;25,3;26,1;25,3;100;93;95;;3,6;1,9;
2026/03/24;1300 UTC;0;1001,3;1001,5;1000,8;1391,8;28,2;25,7;28,2;26,5;26,4;25,2;95;86;87;;6,4;2,6;
2026/03/24;1400 UTC;0;1000,7;1001,3;1000,7;2816,1;29,4;25,6;29,7;28,1;26,1;25;87;77;80;;8,2;3,6;
2026/03/24;1500 UTC;0;1000;1000,7;1000;2470,8;30,7;26,2;30,7;29,3;26,2;24,9;82;74;77;;7,1;3,5;
2026/03/24;1600 UTC;0;998,9;1000;998,9;2956,5;31,1;25,1;31,1;30;26,1;24,1;79;68;70;;7,1;2,8;
2026/03/24;1700 UTC;0;997,4;998,9;997,4;3244,9;31,9;24,6;32,1;31,1;25,9;23,7;73;63;65;;6,3;3,3;
2026/03/24;1800 UTC;0;996,5;997,4;996,5;2299,4;31,6;24,5;32,5;31,6;25,4;23,8;69;63;66;;5,6;2,1;
2026/03/24;1900 UTC;0;996,4;996,5;996,3;1657,8;31,8;25,4;32,2;31,4;25,7;24,6;70;65;69;;5,6;2,5;
2026/03/24;2000 UTC;0;996,8;996,8;996,2;998;30,5;26,6;31,8;30,5;26,7;24,6;79;66;79;;4,2;,8;
2026/03/24;2100 UTC;0;997,6;997,6;996,7;233,9;27,9;25,8;30,5;27,9;26,8;25,8;89;79;88;;9,1;4,2;
2026/03/24;2200 UTC;2;998,1;998,1;997,6;11,6;25,9;25,3;27,9;25,9;26,5;24,9;98;88;96;;9,1;1,7;
2026/03/24;2300 UTC;0;998,1;998,1;997,7;,1;25,6;25,5;25,9;25,6;25,7;25,2;100;96;99;;3,3;1,7;
2026/03/25;0000 UTC;0;998,8;998,8;998,1;0;25,1;25,1;25,6;25,1;25,5;25;100;99;100;;4,2;2,1;
2026/03/25;0100 UTC;0;1000;1000;998,6;0;24,8;24,8;25,1;24,8;25,1;24,8;100;100;100;;3;0;
2026/03/25;0200 UTC;0;1000,7;1000,8;1000;0;24,6;24,6;24,8;24,6;24,8;24,6;100;100;100;;2,6;0;
2026/03/25;0300 UTC;0;1000,6;1000,7;1000,5;0;24,5;24,5;24,7;24,5;24,7;24,5;100;100;100;;1,7;0;
2026/03/25;0400 UTC;0;1000,2;1000,6;1000,2;0;24,4;24,4;24,5;24,4;24,5;24,4;100;100;100;;0;0;
2026/03/25;0500 UTC;0;999,2;1000,2;999,2;0;24,2;24,2;24,6;24,2;24,6;24,2;100;100;100;;0;0;
2026/03/25;0600 UTC;0;998,5;999,2;998,5;0;24,5;24,5;24,5;24,2;24,5;24,2;100;100;100;;0;0;
2026/03/25;0700 UTC;0;998,9;998,9;998,3;0;24;24;24,5;23,9;24,5;23,9;100;100;100;;0;0;
2026/03/25;0800 UTC;0;999,6;999,6;998,9;0;24,3;24,3;24,4;24;24,4;24;100;100;100;;0;0;
2026/03/25;0900 UTC;,4;999,9;999,9;999,6;,1;24,4;24,4;24,5;24,3;24,5;24,3;100;100;100;;0;0;
2026/03/25;1000 UTC;,4;1000,5;1000,5;999,9;37,9;24,5;24,5;24,5;24,4;24,5;24,4;100;100;100;;0;0;
2026/03/25;1100 UTC;0;1000,7;1000,8;1000,5;421,8;25;25;25,1;24,5;25,1;24,6;100;100;100;;1,9;,8;
2026/03/25;1200 UTC;,2;1001;1001,1;1000,6;1321,3;26,5;25,4;26,5;25;25,6;24,8;100;92;93;;4;1,9;
2026/03/25;1300 UTC;0;1001,5;1001,5;1001,1;2458,6;27,9;24,3;27,9;26,4;26,3;23,4;96;77;81;;4,6;2,5;
2026/03/25;1400 UTC;0;1001,3;1001,5;1001,3;2595,6;28,5;24,7;28,8;27,7;24,9;23,3;83;75;80;;4,1;1,5;
2026/03/25;1500 UTC;0;1000,4;1001,3;1000,4;2283,4;29,9;24,4;29,9;28,3;25,2;23,9;80;71;72;;3,9;1,7;
2026/03/25;1600 UTC;0;999,3;1000,4;999,3;3239,1;30;24,8;30,7;29,5;25,8;24,2;79;69;74;;6,2;3,2;
2026/03/25;1700 UTC;0;997,9;999,3;997,9;2599,3;30,7;24,9;31,3;30;25,5;24;76;66;71;;5,9;2,3;
2026/03/25;1800 UTC;0;997;997,9;997;2751;31,7;24;31,9;30,7;25,4;23,3;73;61;64;;5,7;1,6;
2026/03/25;1900 UTC;0;996,9;997;996,6;1970,1;31,6;24,3;31,9;31,2;25,8;23,2;73;61;65;;3,7;1,9;
2026/03/25;2000 UTC;0;997,7;997,7;996,9;1021,9;29,7;25,2;32,1;29,7;26,7;23;80;60;77;;9,4;1,7;
2026/03/25;2100 UTC;12,2;998,4;999;997,7;121,6;23,8;23,8;29,7;23,8;25,7;23,8;100;77;100;;12,2;4;
2026/03/25;2200 UTC;,2;998,2;998,5;998,2;5,1;23,8;23,8;23,9;23,7;23,9;23,7;100;100;100;;7,7;1;
2026/03/25;2300 UTC;,2;998,9;998,9;998,2;0;23,5;23,5;23,9;23,5;23,8;23,5;100;100;100;;2,4;0;
2026/03/26;0000 UTC;0;999,5;999,7;998,9;0;23,7;23,7;23,7;23,5;23,7;23,5;100;100;100;;1,5;0;
2026/03/26;0100 UTC;0;1000;1000;999,5;0;23,7;23,7;23,8;23,7;23,8;23,7;100;100;100;;0;0;
2026/03/26;0200 UTC;0;1000,1;1000,2;1000;0;24;24;24;23,7;24;23,7;100;100;100;;,9;0;
2026/03/26;0300 UTC;0;999,7;1000,1;999,7;0;23,7;23,7;24;23,7;24;23,7;100;100;100;;1,5;,1;
2026/03/26;0400 UTC;0;999,3;999,7;999,3;0;23,5;23,5;23,7;23,4;23,7;23,4;100;100;100;;1,9;0;
2026/03/26;0500 UTC;0;998,9;999,3;998,9;0;23,5;23,5;23,6;23,4;23,6;23,4;100;100;100;;1,1;0;
2026/03/26;0600 UTC;0;998,9;998,9;998,8;0;23,5;23,5;23,6;23,4;23,6;23,4;100;100;100;;0;0;
2026/03/26;0700 UTC;0;998,8;999;998,8;0;23,6;23,6;23,7;23,4;23,7;23,4;100;100;100;;0;0;
2026/03/26;0800 UTC;0;998,8;998,8;998,7;0;23,7;23,7;23,8;23,6;23,8;23,6;100;100;100;;0;0;
2026/03/26;0900 UTC;0;999,2;999,2;998,7;0;23,7;23,7;23,7;23,5;23,7;23,5;100;100;100;;0;0;
2026/03/26;1000 UTC;0;999,7;999,7;999,2;35,9;24,1;24,1;24,1;23,7;24,1;23,7;100;100;100;;0;0;
2026/03/26;1100 UTC;0;1000,2;1000,2;999,7;361,4;24,6;24,6;24,6;24,1;24,6;24,1;100;100;100;;0;0;
2026/03/26;1200 UTC;,2;1000,8;1000,8;1000,2;952,3;25,7;25,2;25,7;24,6;25,3;24,6;100;96;97;;0;0;
2026/03/26;1300 UTC;0;1000,9;1001;1000,8;2285,8;27,6;25,6;27,7;25,7;26;24,8;98;87;89;;4,1;2,3;
2026/03/26;1400 UTC;0;1000,4;1000,9;1000,4;2701,9;29;25,6;29;27,6;26,2;24,9;91;80;82;;4,3;1,9;
2026/03/26;1500 UTC;0;999,2;1000,4;999,2;3331,6;29,5;25,2;30,3;29;26;24,3;83;72;78;;4,9;1,5;
2026/03/26;1600 UTC;0;998;999,2;998;2742,8;30,4;24,1;30,6;29,4;25,7;24,1;80;69;69;;4,3;1,4;
2026/03/26;1700 UTC;0;996,7;998;996,7;3041,2;31,4;24,6;31,8;30,3;25,8;24;74;65;67;;5,1;1,1;
2026/03/26;1800 UTC;12;996,4;996,7;996,4;1550;26,1;26,1;31,9;26,1;26,4;24,4;100;65;100;;8,5;2,1;
2026/03/26;1900 UTC;,8;995,6;996,5;995,6;415,8;26,3;26,1;26,3;25,9;26,3;25,7;100;98;99;;6,6;,1;
2026/03/26;2000 UTC;0;995,5;995,6;995,4;556,4;26,9;25,7;27;26,3;26,3;24,9;100;92;93;;2,6;1,3;
2026/03/26;2100 UTC;0;996,4;996,4;995,4;261,5;26,8;26,4;27,1;26,7;26,9;25,7;99;93;98;;2,6;,8;
2026/03/26;2200 UTC;0;997,3;997,3;996,4;20,4;26,1;26,1;26,8;26,1;26,6;26,1;100;97;100;;1,9;0;
2026/03/26;2300 UTC;0;997,9;998;997,3;0;25,4;25,4;26,1;25,4;26,1;25,4;100;100;100;;2,9;1,2;
2026/03/27;0000 UTC;0;999,1;999,1;997,9;0;25,4;25,4;25,5;25,3;25,5;25,3;100;100;100;;3,4;0;
2026/03/27;0100 UTC;0;999,4;999,6;998,9;0;25,1;25,1;25,4;24,9;25,3;24,9;100;100;100;;1,8;,2;
2026/03/27;0200 UTC;0;999,6;999,6;999,4;0;24,8;24,8;25,1;24,8;25,1;24,8;100;100;100;;1,8;0;
2026/03/27;0300 UTC;0;999,1;999,6;999,1;0;24,9;24,9;24,9;24,7;24,9;24,7;100;100;100;;1,9;,8;
2026/03/27;0400 UTC;0;998,4;999,2;998,4;0;24,7;24,7;24,9;24,7;24,9;24,7;100;100;100;;2,2;,8;
2026/03/27;0500 UTC;0;998;998,4;997,9;0;24,4;24,4;24,7;24,4;24,7;24,4;100;100;100;;1,7;0;
2026/03/27;0600 UTC;0;998;998;997,8;0;24,3;24,3;24,4;24,3;24,4;24,3;100;100;100;;1,7;,2;
2026/03/27;0700 UTC;0;998,4;998,5;998;0;24,1;24,1;24,3;24;24,3;24;100;100;100;;1,2;,2;
2026/03/27;0800 UTC;0;998,5;998,6;998,2;0;23,7;23,7;24,1;23,7;24,1;23,7;100;100;100;;1,7;,1;
2026/03/27;0900 UTC;,2;999,1;999,1;998,5;0;24;24;24;23,7;24;23,7;100;100;100;;1;0;
2026/03/27;1000 UTC;0;999,2;999,2;999;60;24;24;24;23,8;24;23,8;100;100;100;;1,2;0;
2026/03/27;1100 UTC;0;999,5;999,5;999,1;189,7;24,3;24,3;24,3;24;24,3;24;100;100;100;;5,5;2,2;
2026/03/27;1200 UTC;0;1000;1000,1;999,5;1301,7;25,4;24,4;25,4;24,2;24,9;24,2;100;94;94;;4,8;2,3;
2026/03/27;1300 UTC;0;1001;1001;1000;2616,2;27,4;24,5;27,5;25,3;24,9;23,9;94;82;84;;4,7;3;
2026/03/27;1400 UTC;0;1000,8;1001,1;1000,8;2880,9;28,6;25;28,7;27,4;25,6;24,1;85;78;81;;6,8;3,4;
2026/03/27;1500 UTC;0;999,9;1000,8;999,9;3615,4;29,2;25,6;29,2;28,5;25,9;24,8;85;79;81;;6,8;1,6;
2026/03/27;1600 UTC;0;998,4;999,9;998,4;3324,6;30,2;25,2;30,5;28,9;26,5;24,5;83;72;75;;5,3;,7;
2026/03/27;1700 UTC;0;997,3;998,4;997,3;3312,8;31,4;25,1;31,4;30;25,9;24,3;79;67;69;;6,8;2,6;
2026/03/27;1800 UTC;0;996,2;997,3;996,2;3149,4;31,9;24,7;31,9;31,3;25,3;24;70;64;66;;5,4;2,1;
2026/03/27;1900 UTC;0;995;996,2;995;2052,7;31,5;26;32,1;31,5;26,1;24;73;63;73;;4,2;,8;
2026/03/27;2000 UTC;0;995,6;995,7;995;1134;28;23,8;31,7;28;25,9;23,2;81;66;78;;10,6;1,8;
2026/03/27;2100 UTC;0;996,2;996,2;995,6;210,6;27,6;25,8;28,1;27,6;25,8;23,8;90;78;90;;6,6;0;
2026/03/27;2200 UTC;0;996,9;996,9;996,2;10,6;26,6;26;27,7;26,6;26;25;96;88;96;;0;0;
2026/03/27;2300 UTC;0;996,8;997;996,7;0;26,1;26,1;26,6;26,1;26,3;25,7;100;96;100;;0;0;
2026/03/28;0000 UTC;0;997,8;997,8;996,8;0;25,9;25,9;26,3;25,9;26,3;25,9;100;99;100;;3,7;1,6;
2026/03/28;0100 UTC;0;998,6;998,6;997,8;0;25,4;25,3;25,9;25,4;25,9;25,3;100;99;99;;5;3,4;
2026/03/28;0200 UTC;0;998,7;998,9;998,6;0;25,1;25,1;25,4;25,1;25,4;25,1;100;99;100;;5;2;
2026/03/28;0300 UTC;0;998,6;998,8;998,6;0;24,7;24,7;25,1;24,7;25,1;24,7;100;100;100;;3,3;1,7;
2026/03/28;0400 UTC;0;998;998,6;998;0;24,5;24,5;24,7;24,4;24,7;24,4;100;100;100;;3,2;1,4;
2026/03/28;0500 UTC;0;997,8;998;997,7;0;24,3;24,3;24,5;24,3;24,4;24,3;100;100;100;;2,3;,7;
2026/03/28;0600 UTC;0;997,6;997,8;997,6;0;24,4;24,4;24,4;24,2;24,4;24,2;100;100;100;;1,8;,9;
2026/03/28;0700 UTC;0;997,9;997,9;997,6;0;24,6;24,6;24,6;24,4;24,6;24,4;100;100;100;;2,4;1;
2026/03/28;0800 UTC;0;998;998,1;997,9;0;24,4;24,4;24,6;24,4;24,6;24,4;100;100;100;;2,2;,1;
2026/03/28;0900 UTC;0;998,1;998,1;997,9;0;24,1;24,1;24,4;24,1;24,4;24,1;100;100;100;;2,4;,9;
2026/03/28;1000 UTC;0;998,9;998,9;998,1;186,9;24,8;24,8;24,8;24,1;24,8;24,1;100;100;100;;1,9;1,3;
2026/03/28;1100 UTC;0;999,7;999,7;998,9;982,8;26,3;25,5;26,5;24,8;26;24,8;100;95;95;;4,8;2,6;
2026/03/28;1200 UTC;0;999,9;999,9;999,6;1619;27,7;25;27,8;26,3;26;25;97;85;85;;8,2;4,9;
2026/03/28;1300 UTC;0;1000,4;1000,4;999,9;2331,2;29,3;25,2;29,3;27,6;25,9;24,9;87;78;79;;8,8;4,8;
2026/03/28;1400 UTC;0;1000;1000,4;1000;2405,2;29,8;25,6;30,1;29,1;25,9;24,9;82;75;78;;8,8;3,5;
2026/03/28;1500 UTC;0;999,3;1000;999,3;2501,5;30,6;25,3;30,6;29,6;26,1;25;81;72;73;;7,7;3,7;
2026/03/28;1600 UTC;0;998,2;999,3;998,2;3272,5;31,3;24,8;31,5;30,6;26,3;24,2;77;67;68;;6,6;2,9;
2026/03/28;1700 UTC;0;997;998,2;997;3313,3;32,1;24,8;32,4;31,3;25,9;24,2;71;64;65;;6,1;,8;
2026/03/28;1800 UTC;0;996,3;997;996,3;1752,3;31,6;26,3;32,4;31,6;26,8;24,5;76;64;74;;3;,9;
2026/03/28;1900 UTC;0;996,3;996,3;996;1461,4;29,2;25,5;32,2;29,2;27;25;81;68;81;;10,8;5,6;
2026/03/28;2000 UTC;0;996,5;996,6;996,3;1057,7;28,1;23,3;29,5;28,1;25,6;23,2;84;72;75;;9,3;3,4;
2026/03/28;2100 UTC;0;997,6;997,7;996,5;162,2;26,5;25,1;28,1;26,5;25,1;23,5;92;75;92;;6,8;2,8;
2026/03/28;2200 UTC;0;998,3;998,3;997,6;10,3;26,2;25,7;26,5;26,2;25,7;25,1;97;92;97;;4,6;1;
2026/03/28;2300 UTC;0;999;999;998,3;0;25,8;25,8;26,2;25,8;25,9;25,6;100;97;100;;2,3;1,1;
2026/03/29;0000 UTC;0;999,9;999,9;999;0;25,8;25,8;25,8;25,6;25,8;25,6;100;100;100;;2,4;,8;
2026/03/29;0100 UTC;0;1000,4;1000,5;999,9;0;25,5;25,5;25,8;25,5;25,8;25,5;100;100;100;;1,9;0;
2026/03/29;0200 UTC;0;1000,7;1000,8;1000,3;0;25,5;25,5;25,5;25,4;25,5;25,4;100;100;100;;0;0;
2026/03/29;0300 UTC;0;1000,3;1000,7;1000,3;,1;25,4;25,4;25,5;25,4;25,5;25,4;100;100;100;;0;0;
2026/03/29;0400 UTC;0;999,6;1000,3;999,6;0;25,2;25,2;25,4;25,1;25,4;25,1;100;100;100;;0;0;
2026/03/29;0500 UTC;0;998,9;999,6;998,9;0;25,2;25,2;25,3;25,2;25,3;25,2;100;100;100;;0;0;
2026/03/29;0600 UTC;,2;998,6;998,9;998,4;0;25,2;25,2;25,2;25,1;25,2;25,1;100;100;100;;0;0;
2026/03/29;0700 UTC;0;998,6;998,7;998,6;0;25,2;25,1;25,3;25,1;25,3;25,1;100;100;100;;0;0;
2026/03/29;0800 UTC;0;999;999;998,6;0;25,1;25,1;25,2;25,1;25,2;25,1;100;100;100;;0;0;
2026/03/29;0900 UTC;0;999,1;999,2;998,9;0;24,9;24,9;25,2;24,9;25,2;24,9;100;100;100;;0;0;
2026/03/29;1000 UTC;0;1000;1000;999,1;111,3;24,9;24,9;25,1;24,9;25,1;24,9;100;100;100;;0;0;
2026/03/29;1100 UTC;0;1001;1001;1000;428,5;25,2;25,2;25,2;24,8;25,2;24,8;100;100;100;;0;0;
2026/03/29;1200 UTC;0;1001,2;1001,4;1001;765,9;26,1;25,7;26,1;25,2;25,9;25,1;100;95;97;;4;1;
2026/03/29;1300 UTC;0;1001,4;1001,5;1001,2;1236,2;27,6;25,5;27,6;26;26;25,1;98;88;89;;4,5;2,2;
2026/03/29;1400 UTC;0;1001,2;1001,5;1001,2;2611,3;29,4;25,9;29,5;27,6;26;25;89;78;82;;6,8;3,4;
2026/03/29;1500 UTC;0;1000,3;1001,2;1000,3;1963,5;29,5;25,7;29,5;28,5;26;25;86;78;80;;7,1;2,2;
2026/03/29;1600 UTC;0;999;1000,3;999;3453,3;29,6;24,5;30;28,9;25,7;23,8;81;71;74;;7,9;2;
2026/03/29;1700 UTC;0;998;999;998;3612,3;30,6;23,4;31,1;29,6;25,5;23,2;77;63;66;;5,6;2,5;
2026/03/29;1800 UTC;0;997,7;998;997,6;2970,1;30,8;25,1;31,5;30,5;25,1;23,5;72;64;72;;6;1,9;
2026/03/29;1900 UTC;11,2;998,1;998,1;997,5;477,6;24,5;24,5;31;24,4;25,4;24,4;100;68;100;;12,2;2,7;
2026/03/29;2000 UTC;2,6;998,1;998,2;998;163,5;24,8;24,8;24,9;24,2;24,9;24,2;100;100;100;;5,1;,4;
2026/03/29;2100 UTC;,2;998,3;998,3;997,9;97,2;25;24,9;25,1;24,8;25,1;24,8;100;100;100;;1,6;,4;
2026/03/29;2200 UTC;0;999;999;998,3;7;24,8;24,8;24,9;24,7;24,9;24,7;100;100;100;;2,9;,7;
2026/03/29;2300 UTC;0;1000,3;1000,3;999;0;24,7;24,7;24,8;24,7;24,8;24,7;100;100;100;;1,6;,4;
2026/03/30;0000 UTC;0;1000,8;1000,8;1000,3;0;24,5;24,5;24,8;24,5;24,8;24,5;100;100;100;;1,4;,4;
2026/03/30;0100 UTC;0;1001,1;1001,1;1000,7;0;24,4;24,4;24,6;24,4;24,5;24,4;100;100;100;;1,8;,7;
2026/03/30;0200 UTC;0;1001,3;1001,3;1001,1;0;24,2;24,2;24,4;24,2;24,4;24,2;100;100;100;;1,6;0;
2026/03/30;0300 UTC;0;1001,1;1001,3;1001,1;0;23,9;23,9;24,2;23,9;24,2;23,9;100;100;100;;1,2;,1;
2026/03/30;0400 UTC;0;1000,3;1001,1;1000,3;0;23,9;23,9;23,9;23,8;23,9;23,8;100;100;100;;1,1;,3;
2026/03/30;0500 UTC;0;999,9;1000,3;999,9;0;23,8;23,7;23,9;23,7;23,8;23,7;100;100;100;;1,1;0;
2026/03/30;0600 UTC;,2;999,4;999,9;999,4;0;23,6;23,6;23,8;23,6;23,8;23,6;100;100;100;;,9;0;
2026/03/30;0700 UTC;0;999;999,4;999;0;23,6;23,5;23,6;23,5;23,6;23,5;100;100;100;;1,6;,4;
2026/03/30;0800 UTC;0;998,6;999;998,6;0;23,5;23,5;23,6;23,5;23,6;23,5;100;100;100;;1,7;,6;
2026/03/30;0900 UTC;0;998,9;998,9;998,5;0;23,3;23,3;23,6;23,3;23,6;23,3;100;100;100;;1,9;,1;
2026/03/30;1000 UTC;0;999,8;999,8;998,9;172,2;23,8;23,8;23,8;23,3;23,8;23,3;100;100;100;;1,2;0;
2026/03/30;1100 UTC;0;1000,5;1000,5;999,8;945,1;24,5;24,5;24,7;23,8;24,7;23,8;100;100;100;;1,8;,2;
2026/03/30;1200 UTC;0;1001;1001;1000,5;1356,1;25,6;24,5;25,8;24,5;25,4;24,4;100;93;93;;1,9;,3;
2026/03/30;1300 UTC;0;1001,1;1001,3;1001;2175,5;27,6;25;27,6;25,6;25,5;23,7;98;83;86;;2,3;,9;
2026/03/30;1400 UTC;0;1000,8;1001,2;1000,8;2743,7;28,7;24;28,8;27,4;25,7;23,5;87;74;76;;6,9;1,4;
2026/03/30;1500 UTC;0;1000,1;1000,8;1000,1;2399,9;29,5;24;30;28,4;25;23,3;78;70;72;;5,3;,8;
2026/03/30;1600 UTC;0;998,9;1000,1;998,9;3131,4;31,1;26,1;31,1;29,5;26,1;22,6;76;62;75;;3,8;1,3;
2026/03/30;1700 UTC;0;997;998,9;997;2985,1;32,1;25,1;32,1;31,1;26,3;24,2;75;64;67;;4,6;1,6;
2026/03/30;1800 UTC;0;995,8;997;995,8;1376,5;29,4;24,1;33,1;29;26;23;83;57;73;;5,2;,3;
2026/03/30;1900 UTC;0;995,8;995,8;995,5;1123,1;29,5;26,2;31,4;29,4;26,6;22,9;83;66;82;;3,5;1,9;
2026/03/30;2000 UTC;0;996,1;996,3;995,8;608,4;27,8;25,1;29,5;27,7;26,3;24,5;87;82;85;;5,6;,5;
2026/03/30;2100 UTC;0;996,5;996,5;996,1;402,8;27,6;25,2;28,2;27,6;25,4;23,8;87;79;87;;3;0;
2026/03/30;2200 UTC;0;997,4;997,4;996,5;13,8;26,5;25,6;27,7;26,5;26,1;25,3;96;87;95;;1,8;,5;
2026/03/30;2300 UTC;0;998,4;998,4;997,4;0;26,1;25,7;26,6;26,1;26,3;25,5;100;94;98;;1,5;,3;
2026/03/31;0000 UTC;2,2;999,3;999,4;998,4;1;25,6;25,6;26,4;25,6;26,4;25,4;100;96;100;;7,5;5,2;
2026/03/31;0100 UTC;1,4;1000,7;1000,7;999,3;2,8;24,8;24,8;25,6;24,8;25,6;24,8;100;100;100;;8,1;5;
2026/03/31;0200 UTC;1,8;1000,9;1001,1;1000,6;1,1;24,4;24,4;24,8;24,4;24,8;24,4;100;100;100;;8,1;2,9;
2026/03/31;0300 UTC;3,2;1000,4;1001;1000,3;0;24,1;24,1;24,4;24,1;24,4;24,1;100;100;100;;4,3;,5;
2026/03/31;0400 UTC;,4;1000;1000,4;1000;0;24;24;24,2;24;24,2;24;100;100;100;;1,8;,3;
2026/03/31;0500 UTC;,2;999,3;1000;999,2;0;24;24;24,1;24;24;24;100;100;100;;1,8;,3;
2026/03/31;0600 UTC;0;998,7;999,3;998,7;0;23,8;23,8;24;23,8;24;23,8;100;100;100;;1,8;,5;
2026/03/31;0700 UTC;0;998,7;998,7;998,5;,8;22,9;22,9;24;22,9;24;22,9;100;100;100;;5;,9;
2026/03/31;0800 UTC;0;998,5;998,8;998,5;,2;22,9;22,9;23;22,8;23;22,8;100;100;100;;4,1;1,1;
2026/03/31;0900 UTC;0;998,3;998,6;998,1;0;22,8;22,8;22,9;22,7;22,8;22,7;100;100;100;;3;,1;
2026/03/31;1000 UTC;0;998,9;998,9;998,3;125,2;23,1;23,1;23,1;22,8;23,1;22,8;100;100;100;;1,9;,9;
2026/03/31;1100 UTC;0;999,6;999,6;998,9;686,5;23,8;23,8;23,9;23,1;23,9;23,1;100;100;100;;2,3;1,4;
2026/03/31;1200 UTC;0;1000,5;1000,5;999,6;1300,5;25,2;24,3;25,2;23,8;24,3;23,4;100;93;95;;3;1,3;
2026/03/31;1300 UTC;0;1001,2;1001,2;1000,5;1517,7;26,1;24,1;26,2;25,2;24,5;23,6;95;88;89;;3,7;1,9;
2026/03/31;1400 UTC;0;1000,5;1001,2;1000,5;2899,4;28,3;25,1;28,3;26;25,4;23,7;91;80;83;;5,8;2,8;
2026/03/31;1500 UTC;0;999,8;1000,5;999,8;3683,5;29,2;24,1;29,3;28,2;25,2;23,4;83;71;74;;6,8;2,9;
2026/03/31;1600 UTC;0;998,8;999,8;998,8;3343,5;29,6;23,1;29,8;29;25,1;23,1;79;67;68;;5;2,7;
2026/03/31;1700 UTC;0;996,9;998,8;996,9;3445,2;30,4;23,3;30,8;29,6;24,3;22,2;72;61;66;;5,9;1,4;
2026/03/31;1800 UTC;0;995,8;996,9;995,8;2859,2;31,2;24,1;31,3;30,3;24,3;22,5;70;61;66;;5,2;2,8;
2026/03/31;1900 UTC;0;995,3;995,8;995,2;2229,2;31,1;23,6;31,7;30,6;24,5;22,8;69;60;64;;5,1;2,2;
2026/03/31;2000 UTC;0;995;995,3;995;1351,4;31,6;24,1;32,1;30,7;24,4;22,5;69;59;65;;3,2;1;
2026/03/31;2100 UTC;0;995,9;995,9;995;371;29;26,7;31,6;29;26,7;24;88;65;88;;4,1;1,8;
2026/03/31;2200 UTC;0;996,6;996,6;995,9;13,3;26,6;25,5;29;26,6;26,7;25,5;95;88;94;;6,4;3,6;
2026/03/31;2300 UTC;0;997,9;998;996,6;0;25,7;25,2;26,6;25,7;25,6;24,4;97;90;97;;6,4;1,3;
2026/04/01;0000 UTC;,6;998,8;998,8;997,9;,1;25,3;25,3;25,7;25,3;25,5;25,1;100;97;100;;2,4;0;
2026/04/01;0100 UTC;0;999,5;999,5;998,8;0;25;25;25,3;25;25,3;25;100;100;100;;1,6;1;
2026/04/01;0200 UTC;0;999,9;999,9;999,5;0;25;25;25,2;25;25,2;25;100;100;100;;2;0;
2026/04/01;0300 UTC;0;999,5;1000;999,5;0;24,9;24,9;25,2;24,9;25,2;24,9;100;100;100;;1,2;,1;
2026/04/01;0400 UTC;0;998,6;999,5;998,6;0;24,7;24,7;24,9;24,7;24,9;24,7;100;100;100;;1,2;0;
2026/04/01;0500 UTC;0;998,2;998,6;998,2;0;24,6;24,6;24,7;24,4;24,7;24,4;100;100;100;;0;0;
2026/04/01;0600 UTC;0;997,7;998,2;997,7;0;24,5;24,5;24,6;24,4;24,6;24,4;100;100;100;;0;0;
2026/04/01;0700 UTC;0;997,7;997,8;997,6;0;24,3;24,2;24,5;24,3;24,5;24,2;100;100;100;;0;0;
2026/04/01;0800 UTC;0;997,6;997,8;997,6;0;24,1;24,1;24,3;24,1;24,3;24,1;100;100;100;;0;0;
2026/04/01;0900 UTC;0;997,6;997,7;997,6;0;23,9;23,8;24,1;23,9;24,1;23,8;100;100;100;;0;0;
2026/04/01;1000 UTC;0;998;998;997,6;92,5;24;24;24;23,7;24;23,7;100;100;100;;0;0;
2026/04/01;1100 UTC;,2;998,7;998,7;998;953,4;25,4;25,4;25,5;24;25,4;24;100;100;100;;3,5;2,3;
2026/04/01;1200 UTC;0;999,5;999,5;998,7;1573,9;26,9;25,3;27;25,3;25,9;25;100;91;91;;4,4;2,4;
2026/04/01;1300 UTC;0;1000,1;1000,1;999,5;1785,6;28,1;25,5;28,1;26,8;25,7;24,8;92;83;86;;5,6;2,9;
2026/04/01;1400 UTC;0;999,9;1000,2;999,9;2048,1;28,9;25,4;29;28,1;25,5;24,5;86;77;81;;5,3;2,1;
2026/04/01;1500 UTC;0;999;999,9;999;2256,1;30,2;24,5;30,4;28,7;25,7;24;82;70;72;;4,5;2;
2026/04/01;1600 UTC;1,6;997,7;999;997,7;3373;30;25,2;30,4;27,6;27,4;24,2;98;71;75;;9,5;1,5;
2026/04/01;1700 UTC;0;996,2;997,7;996,2;3011,5;30,6;25,3;31,1;30;26;23,8;79;67;73;;5,6;,5;
2026/04/01;1800 UTC;1,6;996,3;996,3;995,5;1507,7;27,3;27,2;30,6;27,2;27,7;24,9;100;72;100;;6,7;1,3;
2026/04/01;1900 UTC;0;995,7;996,4;995,7;440,9;26,6;26,6;27,3;26,6;27,3;26,6;100;98;100;;4,9;2;
2026/04/01;2000 UTC;0;996,2;996,2;995,3;479,6;26,6;26,6;26,7;26,5;26,7;26,5;100;100;100;;3,8;1,6;
2026/04/01;2100 UTC;0;997;997;996,2;183,9;25,8;25,7;26,7;25,8;26,6;25,7;100;100;100;;3,2;,9;
2026/04/01;2200 UTC;0;998,1;998,2;997;4;25,2;25,2;25,7;25,2;25,7;25,2;100;100;100;;3,7;1,3;
2026/04/01;2300 UTC;0;999;999;998;0;24,9;24,9;25,2;24,9;25,2;24,9;100;100;100;;3,1;,1;
2026/04/02;0000 UTC;0;999,6;999,6;998,9;0;24,8;24,8;25;24,8;25;24,8;100;100;100;;2,3;,6;
2026/04/02;0100 UTC;0;1000;1000;999,6;0;24,8;24,7;24,9;24,8;24,9;24,7;100;100;100;;2;1;
2026/04/02;0200 UTC;0;1000,3;1000,5;1000;0;24,6;24,6;24,9;24,6;24,9;24,6;100;100;100;;2,2;,9;
2026/04/02;0300 UTC;0;999,8;1000,3;999,8;0;24,6;24,6;24,6;24,5;24,6;24,5;100;100;100;;1,9;1;
2026/04/02;0400 UTC;0;999,5;1000;999,5;0;24,6;24,6;24,6;24,5;24,6;24,5;100;100;100;;1,8;,5;
2026/04/02;0500 UTC;0;998,8;999,5;998,8;0;24,5;24,5;24,6;24,4;24,6;24,4;100;100;100;;1,7;,8;
2026/04/02;0600 UTC;1,4;998,5;998,8;998,5;0;24,4;24,4;24,5;24,4;24,5;24,4;100;100;100;;2,1;,7;
2026/04/02;0700 UTC;5,2;998,5;998,6;998,5;0;24,3;24,3;24,4;24,2;24,4;24,2;100;100;100;;2,6;,5;
2026/04/02;0800 UTC;0;998,6;998,6;998,5;,1;24;24;24,3;24;24,3;24;100;100;100;;3,1;1,4;
2026/04/02;0900 UTC;,4;999,3;999,3;998,6;0;24;24;24;23,9;24;23,9;100;100;100;;3,1;,1;
2026/04/02;1000 UTC;7,8;1001,3;1001,4;999,3;7,2;22,1;22,1;24,1;22,1;24,1;22,1;100;100;100;;12,2;3,6;
2026/04/02;1100 UTC;15,8;1002,4;1002,5;1001;11,5;21,8;21,8;22,1;21,7;22;21,7;100;100;100;;9,9;2,5;
2026/04/02;1200 UTC;3,2;1002,9;1003;1002,3;35,6;22;22;22;21,8;22;21,8;100;100;100;;5,4;1;
2026/04/02;1300 UTC;3,4;1003,5;1003,5;1002,9;244,4;22,4;22,4;22,5;22;22,4;22;100;100;100;;4,1;1,6;
2026/04/02;1400 UTC;,2;1003,5;1003,8;1003,5;782,5;23,1;23,1;23,1;22,4;23,1;22,4;100;100;100;;4,2;1,7;
2026/04/02;1500 UTC;0;1002,9;1003,5;1002,9;918,6;23,8;23,8;23,8;23;23,8;22,8;100;97;100;;2,9;1,4;
2026/04/02;1600 UTC;0;1002,3;1002,9;1002,3;1647,1;24,3;22,6;24,6;23,8;24;22,5;100;89;90;;2,9;,9;
2026/04/02;1700 UTC;0;1000,8;1002,3;1000,8;2493,9;25,8;24,2;26,3;24,3;24,4;22,8;95;85;91;;4,1;1,5;
2026/04/02;1800 UTC;0;999,7;1000,8;999,7;962,9;25,4;23,7;26;25,3;24,4;23,6;93;89;90;;3,8;,6;
2026/04/02;1900 UTC;0;999,1;999,8;999,1;1032,6;25,7;24,1;25,8;25,3;24,9;23,5;95;89;91;;4,3;1,7;
2026/04/02;2000 UTC;0;999,1;999,1;999;636,5;25,1;24,4;25,7;25,1;24,9;24,2;97;91;96;;3,8;1,4;
2026/04/02;2100 UTC;0;999,4;999,4;999,1;178,5;24,7;24,2;25,2;24,7;24,7;24,1;98;94;97;;2,4;,9;
2026/04/02;2200 UTC;0;999,9;999,9;999,4;3,1;24,4;24,4;24,7;24,4;24,4;24,1;100;97;100;;2,1;,8;
2026/04/02;2300 UTC;0;1000,3;1000,3;999,9;0;24,1;24,1;24,4;24;24,4;24;100;100;100;;2,9;,9;
2026/04/03;0000 UTC;0;1001;1001;1000,3;0;23,9;23,9;24,1;23,9;24,1;23,9;100;100;100;;3,2;,2;
2026/04/03;0100 UTC;0;1001,4;1001,5;1001;0;23,5;23,5;23,9;23,4;23,9;23,4;100;100;100;;1,6;,1;
2026/04/03;0200 UTC;0;1002;1002;1001,4;0;23,3;23,3;23,5;23,3;23,5;23,3;100;100;100;;3,3;,3;
2026/04/03;0300 UTC;0;1001,3;1002;1001,3;0;23,1;23,1;23,3;23,1;23,3;23,1;100;100;100;;1,7;,1;
2026/04/03;0400 UTC;0;1000,4;1001,3;1000,4;0;23,1;23;23,1;23;23,1;23;100;100;100;;,7;0;
2026/04/03;0500 UTC;0;999,5;1000,4;999,5;0;23;23;23,1;22,9;23,1;22,9;100;100;100;;,8;,1;
2026/04/03;0600 UTC;0;999,1;999,5;999,1;0;22,7;22,7;23;22,7;23;22,7;100;100;100;;,7;0;
2026/04/03;0700 UTC;0;999;999,1;999;0;22,5;22,5;22,8;22,4;22,8;22,4;100;100;100;;,9;0;
2026/04/03;0800 UTC;0;999,5;999,5;999;0;22,7;22,7;22,7;22,5;22,7;22,5;100;100;100;;,7;,1;
2026/04/03;0900 UTC;0;999,7;999,7;999,4;0;22,6;22,6;22,7;22,5;22,7;22,5;100;100;100;;1,2;,2;
2026/04/03;1000 UTC;0;1000,5;1000,5;999,8;53,1;22,8;22,8;22,8;22,5;22,8;22,5;100;100;100;;1,3;,5;
2026/04/03;1100 UTC;0;1001,3;1001,3;1000,5;563,7;23,3;23,3;23,4;22,7;23,4;22,7;100;100;100;;2,1;1;
2026/04/03;1200 UTC;0;1001,7;1001,8;1001,3;1445,9;25,2;24,4;25,2;23,3;25;23,3;100;95;95;;3,2;1,1;
2026/04/03;1300 UTC;0;1001,9;1001,9;1001,7;2193,2;27,3;24;27,4;25,1;25,1;24;97;82;82;;5,2;2,5;
2026/04/03;1400 UTC;0;1001,6;1001,9;1001,6;2917,8;29,4;24,4;29,6;27,3;25,1;23,3;85;70;74;;8,2;1,6;
2026/04/03;1500 UTC;0;1001,1;1001,6;1001,1;3569,2;30,7;24,5;30,7;29,1;25;23,3;75;67;70;;7,4;2,6;
2026/04/03;1600 UTC;0;1000;1001,1;1000;3462,2;31,5;25,4;31,5;30,7;25,4;23,7;73;64;70;;8,4;2,4;
2026/04/03;1700 UTC;0;998,8;1000;998,8;3395,4;31,7;23,4;32,1;31;25,4;23,4;71;62;62;;7,1;3,7;
2026/04/03;1800 UTC;0;997,9;998,8;997,9;2819,7;31,6;24,6;32,3;31,4;25,4;23,8;68;62;67;;6,9;1,4;
2026/04/03;1900 UTC;0;997,4;997,9;997,3;1980,4;32,2;24,3;32,4;31,6;25,4;24,1;69;63;63;;4,7;1,8;
2026/04/03;2000 UTC;0;997,4;997,5;997,3;1239;31,4;24,1;32,4;31;25,5;23,5;70;62;65;;5;2,1;
2026/04/03;2100 UTC;0;998;998;997,4;709,6;30,2;26,5;31,7;30,2;26,5;23,5;81;63;81;;4,6;,7;
2026/04/03;2200 UTC;0;998,9;998,9;998;13,9;28,2;26,7;30,2;28,2;26,9;26,3;91;81;91;;2,5;0;
2026/04/03;2300 UTC;0;999,5;999,5;998,9;0;27,5;26,7;28,2;27,5;27,2;26,5;95;91;95;;5,8;3,9;
2026/04/04;0000 UTC;0;1000;1000,2;999,5;0;26,1;26,1;27,5;26,1;26,5;25,8;100;94;100;;7,2;1,7;
2026/04/04;0100 UTC;0;1000,4;1000,4;1000;0;25,7;25,2;26,1;25,7;26,1;25,2;100;97;97;;4,1;1,2;
2026/04/04;0200 UTC;0;1000,3;1000,4;1000,2;0;25,2;25,2;25,8;25,2;25,5;25,2;100;97;100;;2,9;0;
2026/04/04;0300 UTC;0;1000,3;1000,8;1000,3;0;25,4;25,4;25,5;25,2;25,4;25,2;100;100;100;;2;1;
2026/04/04;0400 UTC;0;1000,1;1000,3;1000,1;0;25,1;25,1;25,4;25,1;25,4;25,1;100;100;100;;2,4;1,3;
2026/04/04;0500 UTC;0;999,4;1000,1;999,4;0;24,7;24,7;25,1;24,7;25,1;24,7;100;100;100;;2,4;1,6;
2026/04/04;0600 UTC;0;999,1;999,5;999;0;24,4;24,4;24,7;24,4;24,7;24,4;100;100;100;;2,4;,7;
2026/04/04;0700 UTC;0;999,4;999,4;999,1;0;24,5;24,5;24,5;24,3;24,5;24,3;100;100;100;;1,7;,3;
2026/04/04;0800 UTC;0;999,2;999,4;999,1;0;24,4;24,4;24,5;24,4;24,5;24,4;100;100;100;;1,6;,9;
2026/04/04;0900 UTC;0;999,8;999,8;999,1;0;24,4;24,4;24,4;24,4;24,4;24,4;100;100;100;;1,6;,2;
2026/04/04;1000 UTC;0;1000,5;1000,5;999,8;196,1;24,9;24,9;24,9;24,4;24,9;24,4;100;100;100;;,9;0;
2026/04/04;1100 UTC;0;1000,9;1000,9;1000,5;666,1;25,5;25,2;25,6;24,8;25,6;24,8;100;98;98;;4,9;2,9;
2026/04/04;1200 UTC;0;1001,4;1001,4;1000,9;1321,6;27,4;25,3;27,4;25,5;25,4;24,5;98;88;88;;6,2;3,6;
2026/04/04;1300 UTC;0;1001,6;1001,6;1001,4;2010,6;29;24,9;29;27,1;25,5;24,5;88;78;78;;6,2;3,2;
2026/04/04;1400 UTC;0;1001,3;1001,7;1001,3;2971,2;29,2;24,7;29,6;28,4;25,6;24;83;73;77;;6,6;2,7;
2026/04/04;1500 UTC;0;1000,4;1001,3;1000,4;3112,2;30,3;24,7;30,4;29,1;26,1;24,3;82;70;72;;5,6;3,2;
2026/04/04;1600 UTC;0;999,3;1000,4;999,3;2801,7;30,5;25;30,9;29,9;25,5;24,2;75;68;72;;6,1;2;
2026/04/04;1700 UTC;0;997,9;999,3;997,9;2732,3;32,4;25,1;32,4;30,5;25,6;24;73;64;66;;5,1;1,6;
2026/04/04;1800 UTC;0;996,5;997,9;996,5;2579,6;32,4;23,9;32,7;31,6;25,4;23,2;69;57;61;;4,9;2,5;
2026/04/04;1900 UTC;8,4;997,7;997,8;996,3;1533,9;26,2;26,2;32,9;26,2;26,3;23,6;100;60;100;;14,4;6,5;
2026/04/04;2000 UTC;6,4;998,4;998,5;997,5;37,1;25,5;25,5;26,2;25,4;26,2;25,4;100;100;100;;14,4;0;
2026/04/04;2100 UTC;,4;998,4;998,4;997,9;10,2;25,3;25,3;25,6;25,3;25,6;25,3;100;100;100;;3,3;,1;
2026/04/04;2200 UTC;,6;998,5;998,7;998,4;,2;24,9;24,9;25,3;24,9;25,3;24,9;100;100;100;;1,4;0;
2026/04/04;2300 UTC;0;999,4;999,5;998,5;0;24,7;24,7;24,9;24,6;24,9;24,6;100;100;100;;2,6;0;
2026/04/05;0000 UTC;0;999,6;999,7;999,2;0;24,7;24,7;24,7;24,6;24,7;24,6;100;100;100;;0;0;
2026/04/05;0100 UTC;0;1000,5;1000,5;999,6;0;24,8;24,8;24,9;24,7;24,9;24,6;100;100;100;;1,3;0;
2026/04/05;0200 UTC;,2;1000,8;1000,9;1000,5;0;24,6;24,6;24,9;24,6;24,8;24,6;100;100;100;;2,2;,2;
2026/04/05;0300 UTC;0;1000,9;1001,2;1000,8;0;24,9;24,9;24,9;24,6;24,9;24,6;100;100;100;;1,8;,3;
2026/04/05;0400 UTC;0;999,7;1000,9;999,7;0;24,7;24,7;24,9;24,7;24,9;24,7;100;100;100;;2,7;,9;
2026/04/05;0500 UTC;0;999,2;999,7;999,2;0;24,6;24,6;24,8;24,6;24,8;24,6;100;100;100;;1,6;0;
2026/04/05;0600 UTC;0;998,7;999,2;998,6;0;24,3;24,3;24,6;24,3;24,6;24,3;100;100;100;;1,9;0;
2026/04/05;0700 UTC;0;998,7;998,9;998,5;0;24,2;24,2;24,4;24,2;24,4;24,2;100;100;100;;0;0;
2026/04/05;0800 UTC;0;999,3;999,3;998,7;0;24,1;24,1;24,3;24,1;24,3;24,1;100;100;100;;0;0;
2026/04/05;0900 UTC;0;999,4;999,6;999,3;0;24,1;24,1;24,2;24,1;24,2;24,1;100;100;100;;1,8;1,2;
2026/04/05;1000 UTC;0;1000,3;1000,3;999,4;73,2;24,4;24,4;24,4;24,1;24,4;24,1;100;100;100;;1,8;0;
2026/04/05;1100 UTC;0;1000,8;1000,8;1000,3;580,5;25,3;25,3;25,5;24,4;25,5;24,4;100;100;100;;4;2,2;
2026/04/05;1200 UTC;0;1001,3;1001,3;1000,8;1198,3;26,5;25,9;26,5;25,1;26,3;25,1;100;96;97;;8,7;2;
2026/04/05;1300 UTC;0;1001,5;1001,5;1001,3;2252,4;28;25,9;28,3;26,5;26,5;25,5;98;85;88;;7,5;3,5;
2026/04/05;1400 UTC;0;1001,3;1001,7;1001,3;2108,4;29,1;26;29,3;28;26,4;25,5;91;82;83;;7;2,8;
2026/04/05;1500 UTC;6,6;1000,6;1001,4;1000,6;1741;26,6;26,5;30,1;26,5;27,3;25,3;100;77;100;;9,1;2,4;
2026/04/05;1600 UTC;,6;999,2;1000,6;999,2;940,7;26,8;26,7;26,9;26,4;26,9;26,1;100;97;99;;4,7;,1;
2026/04/05;1700 UTC;0;998,4;999,2;998,4;770,1;27,3;27,3;27,5;26,8;27,5;26,4;100;97;100;;2,3;,4;
2026/04/05;1800 UTC;,2;997,7;998,4;997,7;1222,4;27,7;27,6;27,9;26,8;27,8;26,1;100;96;99;;3,5;2;
2026/04/05;1900 UTC;3;998,3;998,3;997,6;244,6;25,8;25,8;27,8;25,5;27,7;25,5;100;97;100;;5;,1;
2026/04/05;2000 UTC;1,8;998,8;999;998,3;170;25,5;25,5;26,2;25,5;26,2;25,5;100;100;100;;3,1;0;
2026/04/05;2100 UTC;,4;999,4;999,4;998,8;58;24,9;24,9;25,7;24,9;25,7;24,9;100;100;100;;3,5;2;
2026/04/05;2200 UTC;5,8;999,6;999,6;999,3;,9;24,5;24,5;24,9;24,5;24,9;24,5;100;100;100;;4,3;1,2;
2026/04/05;2300 UTC;0;1000,8;1000,8;999,6;0;24,4;24,4;24,5;24,4;24,5;24,4;100;100;100;;2,9;1,7;
2026/04/06;0000 UTC;0;1001,2;1001,2;1000,8;0;24,4;24,4;24,5;24,4;24,5;24,4;100;100;100;;2,9;1,4;
2026/04/06;0100 UTC;0;1001,5;1001,5;1001,2;0;24;24;24,4;24;24,4;24;100;100;100;;2,8;1,3;
2026/04/06;0200 UTC;0;1001,9;1001,9;1001,5;0;23,8;23,8;24;23,7;24;23,7;100;100;100;;2,1;0;
2026/04/06;0300 UTC;0;1001,3;1001,9;1001,3;0;23,8;23,8;23,9;23,8;23,8;23,8;100;100;100;;0;0;
2026/04/06;0400 UTC;0;1000,9;1001,3;1000,9;0;23,6;23,6;23,8;23,6;23,8;23,6;100;100;100;;0;0;
2026/04/06;0500 UTC;0;1000,5;1000,9;1000,4;0;23,7;23,6;23,7;23,5;23,7;23,5;100;100;100;;1,8;,2;
2026/04/06;0600 UTC;0;1000;1000,5;1000;0;23,4;23,4;23,7;23,4;23,7;23,4;100;100;100;;1,9;0;
2026/04/06;0700 UTC;0;999,6;1000;999,6;0;23,6;23,6;23,6;23,4;23,6;23,4;100;100;100;;,6;0;
2026/04/06;0800 UTC;0;999,6;999,6;999,5;0;23,5;23,5;23,6;23,5;23,6;23,5;100;100;100;;,6;,1;
2026/04/06;0900 UTC;0;999,9;999,9;999,6;0;23,4;23,4;23,5;23,4;23,5;23,4;100;100;100;;1,6;,1;
2026/04/06;1000 UTC;0;1000,9;1000,9;999,9;98,5;23,7;23,7;23,7;23,4;23,7;23,4;100;100;100;;1,6;0;
2026/04/06;1100 UTC;0;1001,7;1001,7;1000,9;474,4;24,4;24,4;24,4;23,7;24,4;23,7;100;100;100;;1,4;,3;
2026/04/06;1200 UTC;0;1002,5;1002,5;1001,7;911,2;25,5;25,5;25,6;24,5;25,6;24,5;100;100;100;;3,3;1,7;
2026/04/06;1300 UTC;0;1002,7;1002,7;1002,5;1250,5;26,2;25,2;26,3;25,4;25,8;24,8;100;92;94;;6,5;3,1;
2026/04/06;1400 UTC;0;1002,5;1002,8;1002,5;1450,7;27,3;25,4;27,3;26,2;25,8;24,7;95;88;90;;6,5;1,7;
2026/04/06;1500 UTC;0;1001,7;1002,5;1001,7;1872,5;28,4;24,8;28,4;27,2;26;24,6;91;81;81;;6,5;2,5;
2026/04/06;1600 UTC;0;1000,4;1001,7;1000,4;2726,8;28,9;25,3;29,4;28,3;25,8;24,8;84;77;81;;6,5;1,2;
2026/04/06;1700 UTC;0;999,3;1000,4;999,2;2489,8;29,8;25,7;30;28,8;25,9;24,4;82;74;79;;3,9;,6;
2026/04/06;1800 UTC;,4;998,5;999,3;998,3;1145,5;28,6;27,5;29,8;27,5;28;25,1;100;77;94;;3,5;,6;
2026/04/06;1900 UTC;19,2;998,9;999;998,3;676,8;25,1;25,1;29,3;24,8;27,6;24,8;100;85;100;;8,6;,1;
2026/04/06;2000 UTC;0;998,3;998,9;998,1;124,9;25;25;25,2;24,9;25,1;24,9;100;100;100;;2,4;1,3;
2026/04/06;2100 UTC;0;999,1;999,1;998,2;90,6;25,4;25,4;25,5;25;25,5;25;100;100;100;;2,3;0;
2026/04/06;2200 UTC;0;999,5;999,5;999,1;4,5;25,1;25,1;25,5;25,1;25,5;25,1;100;100;100;;,6;0;
2026/04/06;2300 UTC;0;1000,1;1000,1;999,5;0;25,1;25,1;25,1;24,9;25,1;24,9;100;100;100;;3,1;0;
2026/04/07;0000 UTC;0;1000,9;1000,9;1000,1;0;25;25;25,1;24,9;25,1;24,9;100;100;100;;0;0;
2026/04/07;0100 UTC;0;1001,6;1001,6;1000,9;0;25;25;25,1;25;25,1;25;100;100;100;;0;0;
2026/04/07;0200 UTC;0;1001,6;1001,8;1001,6;0;24,9;24,9;25;24,8;25;24,8;100;100;100;;0;0;
2026/04/07;0300 UTC;0;1000,8;1001,6;1000,8;0;24,7;24,7;25;24,7;25;24,7;100;100;100;;0;0;
2026/04/07;0400 UTC;0;1000;1000,8;1000;0;24,4;24,4;24,7;24,3;24,7;24,3;100;100;100;;0;0;
2026/04/07;0500 UTC;0;999,7;1000;999,6;0;24,1;24,1;24,4;24,1;24,4;24,1;100;100;100;;0;0;
2026/04/07;0600 UTC;0;999,5;999,7;999,5;0;24,1;24,1;24,1;24;24,1;24;100;100;100;;0;0;
2026/04/07;0700 UTC;0;999,4;999,6;999,3;0;24,2;24,2;24,2;24,1;24,2;24,1;100;100;100;;0;0;
2026/04/07;0800 UTC;0;999,2;999,4;999,2;0;23,8;23,8;24,2;23,8;24,1;23,8;100;100;100;;0;0;
2026/04/07;0900 UTC;0;999,5;999,5;999,2;0;23,8;23,8;23,9;23,8;23,9;23,8;100;100;100;;0;0;
2026/04/07;1000 UTC;0;1000,1;1000,1;999,5;190,5;24,3;24,3;24,4;23,7;24,3;23,7;100;100;100;;0;0;
2026/04/07;1100 UTC;0;1000,8;1000,8;1000,1;1006,5;25,6;25,6;25,6;24,3;25,6;24,3;100;99;100;;4,6;2,9;
2026/04/07;1200 UTC;0;1001,6;1001,6;1000,8;1798;27,2;24,8;27,2;25,6;25,7;24,7;100;87;87;;5,9;3,6;
2026/04/07;1300 UTC;0;1001,8;1001,9;1001,6;2409,9;28,7;24,5;28,8;27,1;25,3;24,2;88;78;78;;7,6;3,7;
2026/04/07;1400 UTC;0;1001,2;1001,8;1001,2;2903;30,2;25,7;30,2;28,5;25,7;24,1;82;72;77;;8,6;4,2;
2026/04/07;1500 UTC;0;1000,7;1001,3;1000,7;2660,6;30,2;25,1;31;29,7;25,9;24,5;79;70;74;;7,4;2,7;
2026/04/07;1600 UTC;0;999,7;1000,7;999,7;2380,6;30,8;25,3;30,9;30,1;26,1;24,2;80;69;73;;7,3;,8;
2026/04/07;1700 UTC;0;998,6;999,7;998,6;2581,7;31,5;25,1;31,7;30,3;26;23,9;77;64;69;;6,7;2;
2026/04/07;1800 UTC;0;998,2;998,6;998,2;2468,6;31,8;25,1;32,1;31,3;25,9;24,4;73;64;68;;5,8;1,8;
2026/04/07;1900 UTC;0;997,8;998,2;997,8;1984;31,6;24,8;32,5;31,1;26,2;23,6;73;60;67;;6,3;3,3;
2026/04/07;2000 UTC;0;998;998;997,7;1013,7;30,5;26,1;32;30,5;26,2;24,6;77;66;77;;5,2;,8;
2026/04/07;2100 UTC;0;998,1;998,1;998;313,6;29,3;27,4;30,8;29,3;27,4;25,7;90;75;90;;2,6;0;
2026/04/07;2200 UTC;0;998,8;998,8;998,1;9;28,1;26;29,3;28,1;27,4;26;92;88;88;;,9;0;
2026/04/07;2300 UTC;0;999,9;1000;998,8;0;27,1;26,4;28,3;27,1;27,4;25,9;99;88;96;;5,5;3,4;
2026/04/08;0000 UTC;0;1000,9;1000,9;999,9;0;26;26;27,1;26;26,3;25,9;100;95;100;;5,5;0;
2026/04/08;0100 UTC;0;1001,2;1001,4;1000,8;0;25,8;25,8;26,1;25,8;26,1;25,8;100;100;100;;1,4;,2;
2026/04/08;0200 UTC;0;1001,2;1001,8;1001,2;0;25,5;25,5;25,8;25,5;25,8;25,5;100;100;100;;2;,8;
2026/04/08;0300 UTC;0;1000,9;1001,2;1000,9;0;25,4;25,4;25,6;25,4;25,6;25,4;100;100;100;;4;1,6;
2026/04/08;0400 UTC;0;1000,6;1000,9;1000,4;0;25,2;25,2;25,5;25,2;25,5;25,2;100;100;100;;2,8;1,4;
2026/04/08;0500 UTC;0;999,6;1000,6;999,6;0;25;25;25,3;25;25,3;25;100;100;100;;2,4;,2;
2026/04/08;0600 UTC;0;999,4;999,6;999,3;0;24,8;24,8;25;24,8;25;24,8;100;100;100;;1,8;,1;
2026/04/08;0700 UTC;0;999,4;999,4;999,3;0;24,5;24,5;24,8;24,4;24,8;24,4;100;100;100;;,6;0;
2026/04/08;0800 UTC;0;999,2;999,5;999,2;0;24,2;24,2;24,5;24,2;24,5;24,2;100;100;100;;,9;0;
2026/04/08;0900 UTC;0;999,6;999,6;999,1;0;24,1;24,1;24,2;24,1;24,2;24,1;100;100;100;;0;0;
2026/04/08;1000 UTC;0;1000,6;1000,6;999,6;113,5;24,3;24,3;24,4;24;24,4;24;100;100;100;;,8;0;
2026/04/08;1100 UTC;0;1001,5;1001,5;1000,6;788,1;26,1;25,8;26,3;24,3;26,2;24,4;100;98;98;;3,2;1,1;
2026/04/08;1200 UTC;0;1001,8;1002;1001,5;1269,1;27,1;25,6;27,1;25,9;26,1;25,6;100;91;91;;5,8;3,1;
2026/04/08;1300 UTC;0;1002;1002;1001,8;1849,4;28,6;25,6;28,9;27,1;26,1;25;92;82;84;;7,1;4,4;
2026/04/08;1400 UTC;0;1001,4;1002;1001,4;2163,5;29,5;25,6;30,1;28,5;26,1;25;86;75;79;;8;4,8;
2026/04/08;1500 UTC;,6;1000,6;1001,4;1000,6;2174,9;29,3;27,5;30,1;27,8;27,7;25,4;97;76;90;;7,8;2,9;
2026/04/08;1600 UTC;0;999,3;1000,6;999,3;3470,7;30,6;25,4;30,7;29,1;27,8;25,4;91;74;74;;6,3;3,4;
2026/04/08;1700 UTC;0;998,1;999,3;997,9;1883;30,1;27,3;31,5;30,1;27,3;25,2;85;71;85;;6,9;1,5;
2026/04/08;1800 UTC;8,8;998,1;998,2;997,9;376,2;27,1;27,1;30,1;26,8;27,6;25,5;100;83;100;;4,9;,6;
2026/04/08;1900 UTC;1,4;998,3;998,4;997,7;115,8;26,4;26,3;27,2;26,3;27,1;26,3;100;100;100;;4,8;0;
2026/04/08;2000 UTC;0;998,9;998,9;998,3;54,4;26,2;26,2;26,5;26,2;26,5;26,2;100;100;100;;1,6;,5;
2026/04/08;2100 UTC;0;999,1;999,2;998,8;33,9;25,8;25,8;26,2;25,8;26,1;25,8;100;100;100;;1,5;,1;
2026/04/08;2200 UTC;0;999,1;999,4;999,1;1,4;25,1;25,1;25,9;25,1;25,9;25,1;100;100;100;;1,7;0;
2026/04/08;2300 UTC;0;999,5;999,5;999;0;25,1;25,1;25,2;25;25,2;25;100;100;100;;,5;0;
2026/04/09;0000 UTC;0;1000,4;1000,5;999,5;0;24,9;24,8;25,2;24,9;25,2;24,8;100;100;100;;2,1;,9;
2026/04/09;0100 UTC;0;1001;1001,1;1000,4;0;24,7;24,7;24,8;24,7;24,8;24,7;100;100;100;;1,4;0;
2026/04/09;0200 UTC;0;1000,8;1001,1;1000,7;0;24,4;24,4;24,7;24,4;24,7;24,4;100;100;100;;1,8;,5;
2026/04/09;0300 UTC;0;1000,1;1000,8;1000;0;24,4;24,4;24,5;24,4;24,5;24,4;100;100;100;;1,6;0;
2026/04/09;0400 UTC;,2;999,6;1000,1;999,6;0;24,1;24,1;24,4;24,1;24,4;24,1;100;100;100;;0;0;
2026/04/09;0500 UTC;0;999,4;999,6;999,3;0;24;24;24,2;24;24,2;24;100;100;100;;0;0;
2026/04/09;0600 UTC;0;1000;1000;999,4;0;23,9;23,9;24;23,8;24;23,8;100;100;100;;1,1;,1;
2026/04/09;0700 UTC;0;1000,2;1000,3;1000;0;23,7;23,7;23,9;23,7;23,9;23,7;100;100;100;;1,1;0;
2026/04/09;0800 UTC;0;1000,3;1000,3;1000,1;0;23,4;23,4;23,8;23,4;23,8;23,4;100;100;100;;2;0;
2026/04/09;0900 UTC;0;1000,2;1000,3;1000,2;0;23,5;23,5;23,5;23,4;23,5;23,4;100;100;100;;0;0;
2026/04/09;1000 UTC;0;1000,7;1000,7;1000,2;150,1;24,1;24,1;24,1;23,5;24,1;23,5;100;100;100;;,4;0;
2026/04/09;1100 UTC;0;1001,7;1001,7;1000,7;840,8;25,5;25,5;25,5;24,1;25,5;24,1;100;100;100;;2,5;1,2;
2026/04/09;1200 UTC;0;1002,3;1002,3;1001,7;1523,4;26,8;25,7;26,9;25,5;26;25,3;100;92;94;;5,8;3,5;
2026/04/09;1300 UTC;0;1002,2;1002,5;1002,2;2222;28,4;25,5;28,5;26,7;26,2;25,1;95;82;84;;6,1;2,8;
2026/04/09;1400 UTC;0;1001,8;1002,2;1001,8;2270,1;28,6;24,8;29,1;28,1;26;24,8;87;78;80;;5,4;2,7;
2026/04/09;1500 UTC;0;1000,9;1001,8;1000,9;2509,4;30;24,8;30;28,5;25,7;23,9;81;72;74;;5,7;2,1;
2026/04/09;1600 UTC;0;1000;1000,9;1000;2782,6;30,9;25,2;30,9;29,9;25,7;23,6;78;66;72;;4,7;1,1;
2026/04/09;1700 UTC;0;998,7;1000;998,7;2584,6;31,3;24;31,6;30,9;25,3;23,1;72;62;65;;4;,4;
2026/04/09;1800 UTC;0;997,7;998,7;997,7;2638,2;32,7;24,7;32,8;31,2;26;23,6;71;62;63;;3,9;1,8;
2026/04/09;1900 UTC;0;997,2;997,7;997,1;1774,4;32;25,3;33;31,7;26,2;24,3;72;62;68;;3,4;,4;
2026/04/09;2000 UTC;,4;997,4;997,5;997,2;484,1;27;26,4;32;27;26,6;24,9;96;67;96;;7,6;2,9;
2026/04/09;2100 UTC;0;998,3;998,3;997,3;344,2;26,9;26;27,3;26,9;27;25,8;100;93;95;;5,7;1,3;
2026/04/09;2200 UTC;0;998,9;998,9;998,3;9,1;26,7;26,7;27;26,6;26,7;25,9;100;95;100;;2,5;,4;
2026/04/09;2300 UTC;0;999,8;999,9;998,9;,4;25,8;25,8;26,7;25,8;26,7;25,8;100;100;100;;4,2;1,7;
2026/04/10;0000 UTC;,2;1000,1;1000,1;999,4;,5;25,1;25,1;25,8;25,1;25,8;25,1;100;98;100;;7;,8;
2026/04/10;0100 UTC;0;1000,9;1000,9;1000,1;0;24,6;24,5;25,1;24,6;25,1;24,5;100;100;100;;2,9;1,1;
2026/04/10;0200 UTC;0;1001,1;1001,4;1000,9;0;24,7;24,7;24,7;24,6;24,7;24,5;100;99;100;;1,8;0;
2026/04/10;0300 UTC;0;1001,3;1001,3;1001,1;0;24,6;24,6;24,8;24,6;24,8;24,6;100;100;100;;1,5;,4;
2026/04/10;0400 UTC;,2;1000,3;1001,3;1000,3;0;24,6;24,6;24,7;24,6;24,7;24,6;100;100;100;;1,5;0;
2026/04/10;0500 UTC;0;999,8;1000,3;999,8;0;24,3;24,3;24,6;24,3;24,6;24,3;100;100;100;;2,1;,8;
2026/04/10;0600 UTC;0;999,6;999,8;999,6;0;24,4;24,4;24,4;24,2;24,4;24,2;100;100;100;;2,1;0;
2026/04/10;0700 UTC;0;999,4;999,6;999,4;0;24,4;24,4;24,4;24,3;24,4;24,3;100;100;100;;,2;0;
2026/04/10;0800 UTC;0;999,7;999,7;999,3;0;24,4;24,4;24,4;24,2;24,4;24,2;100;100;100;;0;0;
2026/04/10;0900 UTC;0;999,8;999,8;999,7;0;24,5;24,5;24,6;24,4;24,5;24,4;100;100;100;;0;0;
2026/04/10;1000 UTC;0;1000,5;1000,5;999,8;125,8;24,8;24,8;24,8;24,5;24,8;24,5;100;100;100;;1,1;0;
2026/04/10;1100 UTC;0;1001;1001;1000,5;765,5;25,7;25,7;25,7;24,8;25,7;24,8;100;100;100;;2,4;1,4;
2026/04/10;1200 UTC;0;1001,7;1001,7;1001;1057,2;26,7;25,7;26,7;25,7;26,1;25,4;100;94;94;;4,6;2,4;
2026/04/10;1300 UTC;0;1001,8;1001,8;1001,7;1845,8;28;25;28;26,6;25,9;24,8;95;83;84;;4,7;1,8;
2026/04/10;1400 UTC;0;1001,7;1002;1001,7;2329,8;29,3;25,6;29,3;28;25,8;24,6;86;76;80;;4,9;2;
2026/04/10;1500 UTC;0;1001;1001,7;1001;2378,2;29,8;24,9;30;29,1;25,5;24,4;80;73;75;;4;1,2;
2026/04/10;1600 UTC;0;999,7;1001;999,7;1944,8;30,1;26,9;31,1;29,1;27,6;24,9;91;74;83;;4;,1;
2026/04/10;1700 UTC;0;998,1;999,7;998,1;2111,4;26,9;24,2;31,8;26,9;27,1;23,9;85;69;85;;8,9;2,9;
2026/04/10;1800 UTC;0;997,1;998,2;997,1;677,1;27;24,7;27;26,4;24,9;23,5;90;83;87;;9,2;0;
2026/04/10;1900 UTC;0;996,7;997,1;996,6;805,7;28;25,5;28,5;26,9;25,9;24,3;91;83;86;;1,6;0;
2026/04/10;2000 UTC;0;997;997,1;996,6;572,3;28,1;26,5;28,2;27,9;27,1;25,6;95;87;91;;2,4;1,2;
2026/04/10;2100 UTC;0;998;998;997;402,6;27,3;26,7;28,4;27,3;27,1;26,6;97;91;97;;3,3;1,3;
2026/04/10;2200 UTC;0;999;999,1;998;5,1;26,5;26,5;27,3;26,4;26,7;26,2;100;96;100;;3,2;,5;
2026/04/10;2300 UTC;7,2;999,8;999,8;998,9;,2;25,9;25,9;26,5;25,8;26,5;25,8;100;100;100;;3;,6;
2026/04/11;0000 UTC;11,6;1000,8;1000,8;999,8;,4;25,6;25,6;26,2;25,6;26,2;25,6;100;100;100;;7,1;2;
2026/04/11;0100 UTC;0;1001,7;1001,7;1000,7;0;25,3;25,3;25,6;25,3;25,6;25,3;100;100;100;;4,5;,5;
2026/04/11;0200 UTC;10,6;1002,4;1002,6;1001,7;2,2;23,3;23,3;25,6;23,3;25,5;23,3;100;100;100;;6,3;1,8;
2026/04/11;0300 UTC;32,4;1001,6;1002,5;1001,5;,2;23,5;23,5;23,5;23;23,5;23;100;100;100;;5,6;,5;
2026/04/11;0400 UTC;,4;1000;1001,6;1000;0;23,4;23,4;23,6;23,4;23,6;23,4;100;100;100;;1,9;0;
2026/04/11;0500 UTC;0;999,7;1000;999,7;0;23,4;23,4;23,6;23,3;23,6;23,3;100;100;100;;0;0;
2026/04/11;0600 UTC;0;999,6;999,7;999,6;0;23,2;23,2;23,4;23,2;23,4;23,2;100;100;100;;0;0;
2026/04/11;0700 UTC;,2;999,7;999,7;999,5;0;23,2;23,2;23,2;23,1;23,2;23,1;100;100;100;;0;0;
2026/04/11;0800 UTC;0;1000,1;1000,1;999,6;0;23,2;23,2;23,2;23,1;23,2;23,1;100;100;100;;0;0;
2026/04/11;0900 UTC;0;1000,4;1000,4;1000,1;,1;23,4;23,4;23,4;23,2;23,4;23,2;100;100;100;;0;0;
2026/04/11;1000 UTC;0;1000,8;1000,8;1000,4;159,4;24;24;24;23,4;24;23,4;100;100;100;;0;0;
2026/04/11;1100 UTC;0;1001,7;1001,7;1000,8;814,6;25,1;25,1;25,1;24;25,1;24,1;100;100;100;;0;0;
2026/04/11;1200 UTC;0;1002,6;1002,6;1001,7;1091,4;25,8;25,2;25,8;25,1;25,5;25;100;96;96;;0;0;
2026/04/11;1300 UTC;0;1002,6;1002,8;1002,5;1638,1;27,7;25,3;27,7;25,8;25,7;24,8;98;87;87;;3,7;2;
2026/04/11;1400 UTC;0;1002,3;1002,6;1002,3;1943,6;28,3;25,3;28,7;27,6;25,9;24,9;88;81;84;;3,9;1,4;
2026/04/11;1500 UTC;0;1001,1;1002,3;1001,1;2058;30,2;25,5;30,2;28,2;25,7;24,3;85;75;76;;3,8;1,5;
2026/04/11;1600 UTC;2,8;999,7;1001,1;999,7;2018,3;28;27,6;30,5;28;27,8;23,9;98;69;98;;7,4;2,9;
2026/04/11;1700 UTC;4;998,5;999,7;998,5;2425,5;29,3;26,1;29,6;25,8;27,6;24,4;100;81;83;;7,8;1,1;
2026/04/11;1800 UTC;0;997,5;998,5;997,5;2975,3;31,6;26,1;31,6;29,3;26,8;24,5;85;67;73;;3,7;1,3;
2026/04/11;1900 UTC;0;997,3;997,7;996,9;2455,3;32,2;25,4;32,4;31,5;26,9;24,7;74;65;67;;3,5;1,6;
2026/04/11;2000 UTC;17,2;998,7;998,9;997,3;424,1;24,6;24,6;32,3;24,4;26,3;24,4;100;67;100;;13,3;1,1;
2026/04/11;2100 UTC;0;999,6;999,7;998,6;38,6;24,8;24,8;24,8;24,5;24,8;24,5;100;100;100;;3,5;0;
2026/04/11;2200 UTC;0;1000,3;1000,3;999,5;1,4;24,8;24,8;24,9;24,7;24,9;24,7;100;100;100;;2,9;,3;
2026/04/11;2300 UTC;0;1001,4;1001,4;1000,3;0;24,9;24,9;25;24,8;25;24,8;100;100;100;;1,7;,1;
2026/04/12;0000 UTC;0;1002,1;1002,1;1001,4;0;25;25;25;24,8;25;24,8;100;100;100;;1,6;1;
2026/04/12;0100 UTC;0;1002,6;1002,6;1002,1;0;24,8;24,8;25;24,8;25;24,8;100;100;100;;3,6;2,5;
2026/04/12;0200 UTC;0;1002,7;1002,9;1002,6;,1;24,7;24,6;24,8;24,6;24,8;24,6;100;100;100;;5,5;3,5;
2026/04/12;0300 UTC;1;1001,7;1002,7;1001,7;,1;24,4;24,4;24,6;24,4;24,6;24,4;100;100;100;;5,6;2,1;
2026/04/12;0400 UTC;0;1000,9;1001,7;1000,9;0;24,1;24,1;24,4;24,1;24,4;24,1;100;100;100;;3,5;1,8;
2026/04/12;0500 UTC;0;1000;1000,9;1000;0;24,1;24,1;24,2;24,1;24,2;24,1;100;100;100;;2,7;1,3;
2026/04/12;0600 UTC;0;999,5;1000;999,5;0;23,8;23,8;24,1;23,8;24,1;23,8;100;100;100;;2,2;,6;
2026/04/12;0700 UTC;0;999,3;999,5;999,3;0;23,8;23,8;23,9;23,7;23,9;23,7;100;100;100;;1,7;,7;
2026/04/12;0800 UTC;0;999,7;999,7;999,3;0;23,7;23,7;23,8;23,7;23,8;23,7;100;100;100;;1,3;0;
2026/04/12;0900 UTC;0;1000,3;1000,3;999,7;0;23,6;23,6;23,8;23,6;23,8;23,6;100;100;100;;,9;,3;
2026/04/12;1000 UTC;0;1001;1001;1000,3;105;23,9;23,9;23,9;23,6;23,9;23,6;100;100;100;;,9;0;
2026/04/12;1100 UTC;0;1001,9;1001,9;1001;634,5;24,6;24,6;24,8;23,9;24,8;23,9;100;100;100;;2,5;1,2;
2026/04/12;1200 UTC;0;1002,5;1002,5;1001,9;1148,2;25,8;25,2;25,8;24,6;25,5;24,6;100;97;97;;4;2,4;
2026/04/12;1300 UTC;,2;1002,8;1002,9;1002,5;1971,2;26,9;24,6;26,9;25,7;25,3;24,1;96;86;88;;4,7;2,4;
2026/04/12;1400 UTC;0;1002,3;1002,8;1002,3;2479,5;28,2;24,6;28,2;26,9;25,2;24,2;88;79;81;;4,7;2,1;
2026/04/12;1500 UTC;0;1001,3;1002,3;1001,3;2750,8;28,8;26,5;29,2;28,1;26,5;23,4;88;71;87;;4,4;,7;
2026/04/12;1600 UTC;0;999,9;1001,3;999,9;3160,4;30;23,9;30,3;28,7;26,4;23,8;88;68;70;;3,7;,7;
2026/04/12;1700 UTC;0;998,2;999,9;998,2;2900,6;31,2;23,7;31,2;29,9;25;22,7;74;62;65;;4,8;2,1;
2026/04/12;1800 UTC;0;997,1;998,2;997,1;2738,4;32;23,7;32,2;30,9;24,8;23;69;61;62;;5,5;,6;
2026/04/12;1900 UTC;0;996,7;997,1;996,7;2460,6;32,3;24,3;32,4;31,9;25,5;23,3;68;60;63;;5,5;,2;
2026/04/12;2000 UTC;2;997,3;997,4;996,7;907,5;26,7;26,6;32,6;26,6;26,6;23,8;99;61;99;;10,6;1,2;
2026/04/12;2100 UTC;0;997,9;998;997,1;194,8;26,4;26,3;26,7;26,4;26,7;26,2;100;98;99;;3,2;0;
2026/04/12;2200 UTC;0;998,3;998,3;997,5;5,2;26,1;26,1;26,5;26;26,5;26;100;99;100;;0;0;
2026/04/12;2300 UTC;0;999,3;999,3;998,3;,2;25,5;25,5;26,2;25,5;26,2;25,5;100;100;100;;4,8;2,3;
2026/04/13;0000 UTC;0;1000,4;1000,4;999,3;0;25,4;25,4;25,5;25,3;25,5;25,3;100;100;100;;4;1;
2026/04/13;0100 UTC;0;1000,6;1000,7;1000,4;0;25,1;25,1;25,4;25,1;25,4;25,1;100;100;100;;2;,8;
2026/04/13;0200 UTC;0;1000,8;1000,9;1000,5;0;24,9;24,9;25,1;24,9;25,1;24,9;100;100;100;;1,6;,4;
2026/04/13;0300 UTC;0;1000,4;1001,1;1000,4;0;24,7;24,7;24,9;24,7;24,9;24,7;100;100;100;;1,3;,1;
2026/04/13;0400 UTC;0;999,7;1000,4;999,7;0;24,7;24,7;24,7;24,5;24,7;24,5;100;100;100;;,9;0;
2026/04/13;0500 UTC;0;998,8;999,7;998,8;0;24,5;24,5;24,7;24,5;24,7;24,5;100;100;100;;,9;0;
2026/04/13;0600 UTC;0;998,2;998,8;998,1;0;24,4;24,4;24,6;24,4;24,6;24,4;100;100;100;;,5;0;
2026/04/13;0700 UTC;0;998,6;998,6;998,2;0;24,4;24,4;24,4;24,3;24,4;24,3;100;100;100;;,7;0;
2026/04/13;0800 UTC;0;999;999;998,6;0;24,4;24,4;24,4;24,3;24,4;24,3;100;100;100;;0;0;
2026/04/13;0900 UTC;0;999;999;998,7;0;24,4;24,4;24,4;24,2;24,4;24,2;100;100;100;;0;0;
2026/04/13;1000 UTC;0;999,8;999,8;999;108,7;24,7;24,7;24,8;24,3;24,8;24,3;100;100;100;;0;0;
2026/04/13;1100 UTC;0;1000,6;1000,6;999,8;667;25,2;25,2;25,6;24,7;25,6;24,7;100;100;100;;1,4;,6;
2026/04/13;1200 UTC;0;1001;1001;1000,6;1462;26,8;25;26,9;25,2;26;25;100;90;90;;4;2,4;
2026/04/13;1300 UTC;0;1001,2;1001,2;1001;2227,6;28,2;25,2;28,3;26,7;25,9;24,9;93;84;84;;6,5;3;
2026/04/13;1400 UTC;0;1000,8;1001,3;1000,8;2446,1;28,6;25,2;28,8;28;25,7;24,6;87;79;82;;6,3;2,5;
2026/04/13;1500 UTC;0;999,5;1000,8;999,5;2317,8;29,1;24,5;29,2;28,3;25,7;24,1;85;74;76;;4,8;2,2;
2026/04/13;1600 UTC;0;998,2;999,5;998,2;3073,7;30,4;25,3;30,6;29,1;26,1;24,4;79;72;75;;5,9;1,9;
2026/04/13;1700 UTC;0;996,9;998,2;996,9;1429,9;29,7;26,9;30,6;29,4;26,9;24,8;86;73;85;;4,8;,9;
2026/04/13;1800 UTC;0;996,2;996,9;996,2;2245,1;31,2;26;31,2;29,8;27;25,1;85;71;74;;4,2;1,7;
2026/04/13;1900 UTC;0;996,1;996,2;995,9;1586,3;28,4;25,3;31,5;28,4;27,3;25,1;85;72;83;;8,8;5,3;
2026/04/13;2000 UTC;0;996,5;996,8;996,1;238,5;26,8;26,4;28,3;26,7;26,4;25,2;97;83;97;;8,8;1,8;
2026/04/13;2100 UTC;0;998,1;998,1;996,5;86,3;26,5;26,2;26,9;26,4;26,5;25,6;99;95;99;;4,1;1,1;
2026/04/13;2200 UTC;0;998,3;998,3;997,8;,2;26,1;26,1;26,5;26,1;26,2;25,7;100;97;100;;5,1;,1;
2026/04/13;2300 UTC;0;999,4;999,4;998,3;0;25,5;25,5;26,2;25,5;26,2;25,5;100;100;100;;3,6;1,6;
2026/04/14;0000 UTC;0;1000,1;1000,1;999,4;0;25,1;25,1;25,5;25;25,5;25;100;100;100;;3,8;1,7;
2026/04/14;0100 UTC;0;1000,5;1000,6;1000,1;0;24,8;24,8;25,1;24,8;25,1;24,8;100;100;100;;3,5;,3;
2026/04/14;0200 UTC;0;1000,4;1000,6;1000,4;0;24,7;24,7;24,9;24,7;24,8;24,7;100;100;100;;2,3;,7;
2026/04/14;0300 UTC;0;999,9;1000,4;999,9;0;24,5;24,5;24,7;24,4;24,6;24,4;100;100;100;;1,9;0;
2026/04/14;0400 UTC;0;998,9;999,9;998,9;0;24,3;24,3;24,5;24,3;24,5;24,3;100;100;100;;0;0;
2026/04/14;0500 UTC;0;997,6;998,9;997,6;0;24,1;24,1;24,3;24,1;24,3;24,1;100;100;100;;0;0;
2026/04/14;0600 UTC;0;997;997,6;997;0;24;24;24,1;23,9;24,1;23,9;100;100;100;;0;0;
2026/04/14;0700 UTC;0;996,7;997;996,6;0;23,9;23,9;24;23,8;24;23,8;100;100;100;;0;0;
2026/04/14;0800 UTC;0;996,7;996,9;996,7;0;23,9;23,9;24;23,8;24;23,8;100;100;100;;0;0;
2026/04/14;0900 UTC;0;997,2;997,2;996,7;0;24,1;24,1;24,1;23,9;24,1;23,9;100;100;100;;0;0;
2026/04/14;1000 UTC;0;998,1;998,1;997,2;84,2;24,3;24,3;24,3;24,1;24,3;24,1;100;100;100;;0;0;
2026/04/14;1100 UTC;0;999,2;999,2;998,1;412,8;24,7;24,7;24,7;24,3;24,7;24,3;100;100;100;;0;0;
2026/04/14;1200 UTC;0;999,9;999,9;999,2;800,7;25,2;24,9;25,4;24,6;25,3;24,6;100;97;98;;2,9;1,8;
2026/04/14;1300 UTC;0;1000;1000;999,9;1243,9;26,5;24,8;26,5;25,2;25,4;24,5;99;90;91;;4,7;2,5;
2026/04/14;1400 UTC;0;999,5;1000;999,5;1700,3;27,6;24,6;27,7;26,4;25,1;24,4;91;83;84;;5,1;1,9;
2026/04/14;1500 UTC;0;998,6;999,5;998,6;2102,1;28,6;25,3;28,7;27,5;25,3;24,2;87;77;82;;4,5;1,6;
2026/04/14;1600 UTC;0;997,5;998,6;997,5;2302,9;29,9;25;29,9;28,5;25,7;24,5;84;73;75;;3,9;1,2;
2026/04/14;1700 UTC;0;995,9;997,5;995,9;2139,5;30,5;25,1;30,5;29,6;25,8;24,2;79;71;73;;4,8;3;
2026/04/14;1800 UTC;0;994,5;995,9;994,5;3084,5;31;25,5;31,1;30,5;26,4;24,3;78;69;73;;6;1,9;
2026/04/14;1900 UTC;0;994;994,5;994;2244;31,2;24,7;31,4;30,8;25,4;24,1;73;66;69;;4,4;1,4;
2026/04/14;2000 UTC;0;994,5;994,5;994;1168,3;30;26,7;31,5;30;27,2;24,7;82;68;82;;4,5;1,4;
2026/04/14;2100 UTC;0;995,3;995,3;994,5;396,6;29;26,3;30,1;29;27;26,1;86;81;86;;3,6;,5;
2026/04/14;2200 UTC;,2;997;997;995,3;8,3;25,9;25,6;29;25,9;26,5;24,6;99;84;99;;12,8;6,7;
2026/04/14;2300 UTC;8,6;997,6;997,6;997;1,2;24,6;24,6;25,8;24,6;25,7;24,6;100;99;100;;11;1,2;
2026/04/15;0000 UTC;,2;998,4;998,4;997,6;0;24,9;24,9;25;24,5;25;24,5;100;100;100;;2,5;1,6;
2026/04/15;0100 UTC;0;999,3;999,3;998,4;,1;25;25;25,1;24,9;25,1;24,9;100;100;100;;4,5;1,7;
2026/04/15;0200 UTC;1,6;999,7;999,8;999,3;0;25;25;25,1;24,9;25,1;24,9;100;100;100;;2,7;1,1;
2026/04/15;0300 UTC;0;999,5;999,7;999,5;0;25;25;25;24,9;25;24,9;100;100;100;;1,9;,6;
2026/04/15;0400 UTC;8,6;999,2;999,6;999,2;,6;24,5;24,5;25,1;24,5;25,1;24,5;100;100;100;;5,6;3,3;
2026/04/15;0500 UTC;3,4;998,3;999,2;998,3;,1;24,2;24,2;24,5;24,2;24,4;24,2;100;100;100;;5,1;0;
2026/04/15;0600 UTC;1,4;997,3;998,3;997,3;0;24,1;24,1;24,2;24;24,1;24;100;100;100;;1,9;0;
2026/04/15;0700 UTC;,2;996,5;997,3;996,5;0;24;24;24,1;24;24,1;24;100;100;100;;1,1;,2;
2026/04/15;0800 UTC;0;996,4;996,5;996,4;0;23,9;23,9;24,1;23,9;24,1;23,9;100;100;100;;2,1;,5;
2026/04/15;0900 UTC;0;996,8;996,8;996,4;0;23,8;23,8;23,9;23,8;23,9;23,8;100;100;100;;2,4;1,4;
2026/04/15;1000 UTC;0;998;998;996,8;147,4;24;24;24,1;23,8;24,1;23,8;100;100;100;;2,4;0;
2026/04/15;1100 UTC;0;999;999;998;630,2;24,7;24,7;24,8;24;24,7;24;100;100;100;;3,3;1,8;
2026/04/15;1200 UTC;0;999,9;999,9;999;1118,4;25,4;24,8;25,5;24,7;25,4;24,8;100;96;96;;5,6;2,9;
2026/04/15;1300 UTC;0;1000,3;1000,3;999,9;1782,4;26,6;24,6;26,6;25,3;25,5;24,2;98;88;89;;5,3;1,9;
2026/04/15;1400 UTC;0;999,8;1000,3;999,8;2558,2;28,7;24,8;28,7;26,6;25,6;23,9;91;79;79;;4,6;1,6;
2026/04/15;1500 UTC;0;999,4;999,8;999,4;2525,7;28,8;24,6;29,1;28,5;25,5;24;83;75;78;;5,9;2,9;
2026/04/15;1600 UTC;0;998,2;999,4;998,2;2525,7;29,9;24,5;30,4;28,9;25,5;24;80;70;73;;6,4;2,1;
2026/04/15;1700 UTC;0;996,8;998,1;996,8;2612,6;30,8;24,5;30,8;29,8;25,5;23,8;77;66;69;;5,1;2;
2026/04/15;1800 UTC;0;995,4;996,8;995,4;2197,4;31,5;24,6;31,5;29,9;25,1;23,3;74;63;67;;4,4;1,1;
2026/04/15;1900 UTC;0;995;995,4;995;2155,4;31,6;24,2;31,8;31,1;25,2;23,6;70;63;65;;3,8;1,7;
2026/04/15;2000 UTC;0;995,4;995,4;995;978,8;30,1;26,2;31,8;30,1;26,2;24,1;80;64;80;;3,8;,3;
2026/04/15;2100 UTC;0;996,6;996,6;995,4;335;27,4;25,5;30,7;27,4;26,5;24,8;90;71;89;;8,3;4,9;
2026/04/15;2200 UTC;0;998;998;996,6;4,9;25,6;25,3;27,4;25,6;25,4;24,6;98;89;98;;9,2;4,2;
2026/04/15;2300 UTC;,2;998,1;998,2;997,9;0;25,1;25,1;25,6;25,1;25,5;25,1;100;98;100;;6,3;3,6;
2026/04/16;0000 UTC;0;999;999;998,1;0;24,9;24,9;25,1;24,9;25,1;24,9;100;100;100;;5,2;2,4;
2026/04/16;0100 UTC;0;999;999,3;999;0;24,8;24,8;24,9;24,8;24,9;24,8;100;100;100;;4,6;1,2;
2026/04/16;0200 UTC;0;999,1;999,2;998,9;0;24,7;24,7;24,8;24,7;24,8;24,7;100;100;100;;2,6;,4;
2026/04/16;0300 UTC;0;998,5;999,1;998,5;0;24,4;24,4;24,7;24,4;24,7;24,4;100;100;100;;2,4;0;
2026/04/16;0400 UTC;0;998,2;998,5;998,2;0;24,4;24,4;24,5;24,2;24,4;24,2;100;100;100;;1,8;0;
2026/04/16;0500 UTC;0;998;998,2;998;0;24,4;24,3;24,4;24,3;24,4;24,3;100;100;100;;2;1,2;
2026/04/16;0600 UTC;0;997,9;998;997,8;0;24,2;24,2;24,4;24,2;24,4;24,2;100;100;100;;2;0;
2026/04/16;0700 UTC;0;997,8;997,9;997,7;0;24,4;24,3;24,4;24,2;24,4;24,2;100;100;100;;0;0;
2026/04/16;0800 UTC;,2;997,9;998;997,8;0;24,4;24,4;24,4;24,3;24,4;24,3;100;100;100;;0;0;
2026/04/16;0900 UTC;0;998;998;997,8;0;24,2;24,2;24,4;24,2;24,4;24,2;100;100;100;;3;1,4;
2026/04/16;1000 UTC;0;998,7;998,7;998;73,4;24,4;24,4;24,4;24,2;24,4;24,2;100;100;100;;4,9;,9;
2026/04/16;1100 UTC;0;999;999,1;998,6;389,4;25,1;25,1;25,1;24,4;25,1;24,4;100;100;100;;2,9;1,1;
2026/04/16;1200 UTC;0;999,3;999,3;999;790,6;25,9;25,5;25,9;25,1;25,7;25,1;100;97;97;;3,6;2,3;
2026/04/16;1300 UTC;0;999,3;999,4;999,3;1189,4;26,6;25,4;26,6;25,8;25,6;25;98;91;93;;4,5;2;
2026/04/16;1400 UTC;0;998,9;999,3;998,9;2426;28,3;25;28,4;26,6;25,7;24,4;94;80;82;;5,3;1,5;
2026/04/16;1500 UTC;0;998,1;999;998,1;3157,7;30,1;24,9;30,5;28,3;25,8;24,4;84;72;74;;7,1;4,9;
2026/04/16;1600 UTC;0;996,8;998,1;996,8;3022,8;31;24,3;31,2;29,8;25,6;23,8;77;65;68;;8,9;3,3;
2026/04/16;1700 UTC;0;995,9;996,8;995,9;2443,3;30,9;24,2;31,3;29,7;24,7;23,1;74;64;67;;7;3,2;
2026/04/16;1800 UTC;0;994,9;995,9;994,9;2480,5;30,3;25,3;31,3;30,3;25,5;23,9;74;65;74;;6,6;3,3;
2026/04/16;1900 UTC;0;994,2;994,9;994,2;1652,8;30;26,2;30,5;29,9;26,4;24,9;81;72;80;;6,5;2;
2026/04/16;2000 UTC;0;994,4;994,4;994,1;795,8;29,1;26,5;30,1;29,1;26,5;25,7;86;78;86;;4,7;,3;
2026/04/16;2100 UTC;0;994,9;994,9;994,4;165;27,8;26,6;29,1;27,8;27,3;26,6;94;86;93;;2,5;0;
2026/04/16;2200 UTC;0;995,7;995,7;994,9;2;27,5;27,1;27,8;27,4;27,3;26,7;98;93;98;;,4;0;
2026/04/16;2300 UTC;0;996,6;996,6;995,7;0;26,9;26,9;27,6;26,9;27,4;26,9;100;97;100;;2,5;,8;
2026/04/17;0000 UTC;0;997,7;997,7;996,6;0;26,4;26;26,9;26,4;26,9;25,9;100;97;98;;3,4;2;
2026/04/17;0100 UTC;6;998,5;998,7;997,7;1,4;25,3;25,3;26,4;25,3;26,1;25,3;100;97;100;;5,7;,5;
2026/04/17;0200 UTC;0;998,5;998,7;998,5;,1;24,9;24,9;25,2;24,8;25,2;24,8;100;100;100;;2;0;
2026/04/17;0300 UTC;0;998,1;998,5;998,1;0;25,2;25,2;25,2;24,9;25,2;24,9;100;100;100;;0;0;
2026/04/17;0400 UTC;0;996,7;998,1;996,7;,1;25;25;25,2;25;25,2;25;100;100;100;;2,4;0;
2026/04/17;0500 UTC;0;996,1;996,7;996,1;0;24,8;24,8;25;24,8;25;24,8;100;100;100;;1,2;0;
2026/04/17;0600 UTC;0;995,5;996,1;995,5;0;24,5;24,5;24,8;24,5;24,8;24,5;100;100;100;;0;0;
2026/04/17;0700 UTC;0;995,5;995,7;995,5;0;24,3;24,3;24,5;24,2;24,5;24,2;100;100;100;;0;0;
2026/04/17;0800 UTC;0;995,7;995,7;995,3;0;24,3;24,2;24,3;24,2;24,3;24,2;100;100;100;;0;0;
2026/04/17;0900 UTC;0;995,9;995,9;995,7;0;24,4;24,4;24,4;24,2;24,4;24,2;100;100;100;;0;0;
2026/04/17;1000 UTC;0;996,7;996,7;995,9;136,6;24,5;24,5;24,6;24,3;24,6;24,3;100;100;100;;0;0;
2026/04/17;1100 UTC;0;997,4;997,4;996,7;493,5;25;25;25;24,5;25;24,5;100;100;100;;0;0;
2026/04/17;1200 UTC;,2;998,1;998,1;997,4;1570,6;26,6;25,1;26,7;25;25,9;24,9;100;92;92;;4,1;2;
2026/04/17;1300 UTC;0;998,2;998,3;998,1;2472,4;28;25;28,3;26,6;25,9;24,7;94;82;84;;4,1;1,7;
2026/04/17;1400 UTC;0;997,9;998,2;997,9;2631,1;29,9;24,7;29,9;28;25,5;23,7;86;73;74;;5;2,3;
2026/04/17;1500 UTC;0;997,4;997,9;997,4;2574,3;30,2;25,1;30,7;29,7;25,8;24,1;78;69;74;;4,8;,9;
2026/04/17;1600 UTC;0;996,1;997,4;996,1;2796,5;31;24,3;31;30,1;25,8;23,9;78;66;68;;7,6;1,3;
2026/04/17;1700 UTC;0;994,5;996,1;994,5;3304;32,1;24,1;32,1;31;25,6;23,5;71;63;63;;4,4;1,4;
2026/04/17;1800 UTC;0;993,1;994,5;993,1;2270,3;32,1;25,6;32,7;31,2;25,6;23,1;72;59;68;;4;,7;
2026/04/17;1900 UTC;0;992,5;993,1;992,4;2076,4;32,6;25,5;33,5;31,9;25,5;23,3;68;56;66;;3,6;,8;
2026/04/17;2000 UTC;3,2;993,2;993,3;992,5;411,1;26,8;26,8;32,6;26,8;28;25,5;100;66;100;;5,2;0;
2026/04/17;2100 UTC;0;994,9;994,9;993,2;112,5;27,2;27,2;27,7;26,8;27,7;26,9;100;100;100;;3;1,7;
2026/04/17;2200 UTC;0;996;996;994,5;5,4;25,7;25,6;27,2;25,7;27,2;25,6;100;98;99;;6,5;2,7;
2026/04/17;2300 UTC;2,8;996,2;996,3;995,7;1,1;25,3;25,3;25,8;25,3;25,8;25,3;100;99;100;;4,8;,5;
2026/04/18;0000 UTC;,2;997,3;997,3;996,2;0;25,3;25,3;25,5;25,3;25,5;25,3;100;100;100;;2,4;0;
2026/04/18;0100 UTC;,2;998;998;997,3;0;25,4;25,4;25,5;25,3;25,5;25,3;100;100;100;;0;0;
2026/04/18;0200 UTC;0;998,1;998,3;997,9;0;25,2;25,2;25,5;25,2;25,5;25,2;100;100;100;;0;0;
2026/04/18;0300 UTC;0;997,9;998,1;997,9;0;25;25;25,3;25;25,3;25;100;100;100;;0;0;
2026/04/18;0400 UTC;0;996,8;997,9;996,8;0;24,7;24,7;25;24,7;25;24,7;100;100;100;;0;0;
2026/04/18;0500 UTC;0;996;996,8;996;0;24,5;24,5;24,7;24,5;24,7;24,5;100;100;100;;0;0;
2026/04/18;0600 UTC;0;995,1;996;995,1;0;24,4;24,4;24,5;24,4;24,5;24,4;100;100;100;;1,8;,6;
2026/04/18;0700 UTC;0;995;995,1;994,8;0;24,2;24,2;24,4;24,1;24,4;24,1;100;100;100;;2,5;,5;
2026/04/18;0800 UTC;0;994,8;995;994,8;0;24;24;24,2;24;24,2;24;100;100;100;;1,5;0;
2026/04/18;0900 UTC;0;995,4;995,4;994,8;0;24;24;24,1;24;24,1;24;100;100;100;;0;0;
2026/04/18;1000 UTC;0;996,2;996,2;995,4;131,4;24,2;24,2;24,2;24;24,2;24;100;100;100;;,8;0;
2026/04/18;1100 UTC;0;997;997;996,2;694,6;24,9;24,9;24,9;24,2;24,9;24,2;100;100;100;;,8;0;
2026/04/18;1200 UTC;0;997,9;997,9;997;1210,7;26,3;26,2;26,3;24,7;26,2;24,7;100;99;99;;2,5;,3;
2026/04/18;1300 UTC;0;998,3;998,4;997,9;1390,6;27;25,6;27;26;26,1;25,2;99;92;92;;3,3;1,7;
2026/04/18;1400 UTC;0;998;998,3;998;2063,7;28,4;25,4;28,5;26,9;26;24,8;93;81;84;;3,3;1,2;
2026/04/18;1500 UTC;0;997,1;998;997,1;3580,5;30;25,4;30,1;28,4;25,9;24,1;84;72;77;;3,3;1,6;
2026/04/18;1600 UTC;0;995,8;997,1;995,8;1943,2;30,6;25,8;30,8;29,5;26,9;24,4;82;71;76;;3,7;1,3;
2026/04/18;1700 UTC;0;994,3;995,8;994,3;2290,7;30,4;27,3;31,4;30,3;27,4;24,7;85;69;84;;5;2,4;
2026/04/18;1800 UTC;0;993,1;994,3;993,1;2410,8;32;26,4;32;30,4;27,6;25,1;85;70;73;;4,2;2;
2026/04/18;1900 UTC;18,2;993,6;993,7;993,1;709,4;25,2;25,2;32;24,9;26,7;24,5;100;68;100;;9,8;2;
2026/04/18;2000 UTC;0;995;995;993,4;256,6;25,8;25,8;25,9;25,2;25,9;25,1;100;99;100;;6,5;3,9;
2026/04/18;2100 UTC;18,6;995,7;995,8;995;8,9;24,4;24,4;25,8;24,3;25,8;24,3;100;100;100;;9,8;,6;
2026/04/18;2200 UTC;1,4;996;996;995,7;,1;24,5;24,5;24,5;24,4;24,5;24,4;100;100;100;;2,7;1,6;
2026/04/18;2300 UTC;0;997,4;997,4;996;,1;24,4;24,4;24,6;24,3;24,5;24,3;100;100;100;;4,1;2;
2026/04/19;0000 UTC;,2;997,8;997,8;997,4;,1;24,3;24,3;24,5;24,3;24,5;24,3;100;100;100;;4,1;0;
2026/04/19;0100 UTC;0;998,7;998,7;997,8;0;24,4;24,4;24,5;24,3;24,5;24,3;100;100;100;;1;,1;
2026/04/19;0200 UTC;0;999,3;999,3;998,7;0;24,3;24,3;24,4;24,2;24,4;24,2;100;100;100;;1;0;
2026/04/19;0300 UTC;0;999,2;999,4;999,2;0;24,3;24,3;24,3;24,2;24,3;24,2;100;100;100;;0;0;
2026/04/19;0400 UTC;0;998,3;999,2;998,3;0;24,1;24,1;24,3;24,1;24,3;24,1;100;100;100;;0;0;
2026/04/19;0500 UTC;,2;997,6;998,3;997,6;0;23,8;23,8;24,1;23,8;24,1;23,8;100;100;100;;0;0;
2026/04/19;0600 UTC;0;996,6;997,6;996,6;0;23,9;23,9;23,9;23,7;23,9;23,7;100;100;100;;1,2;,1;
2026/04/19;0700 UTC;0;996,4;996,7;996,4;0;23,9;23,9;23,9;23,9;23,9;23,9;100;100;100;;1,5;,3;
2026/04/19;0800 UTC;0;996,4;996,6;996,3;0;23,8;23,8;23,9;23,7;23,8;23,7;100;100;100;;1,2;,5;
2026/04/19;0900 UTC;0;997,2;997,3;996,4;0;23,6;23,6;23,8;23,6;23,8;23,6;100;100;100;;1,4;,1;
2026/04/19;1000 UTC;0;998,3;998,3;997,2;65,9;23,8;23,8;23,8;23,6;23,8;23,6;100;100;100;;2,3;,9;
2026/04/19;1100 UTC;0;999,3;999,3;998,3;385,4;24,5;24,5;24,5;23,8;24,5;23,8;100;100;100;;3,2;1,7;
2026/04/19;1200 UTC;0;1000,3;1000,3;999,3;748,8;25,1;25,1;25,1;24,5;25,1;24,5;100;100;100;;2,7;,7;
2026/04/19;1300 UTC;0;1000,8;1000,9;1000,3;967,5;25,8;25,8;25,8;25;25,8;25;100;99;100;;2,5;1;
2026/04/19;1400 UTC;0;1000;1000,8;1000;1679,3;27,2;26,2;27,3;25,8;26,8;25,4;100;94;94;;3,3;1,9;
2026/04/19;1500 UTC;0;999,1;1000;999,1;1482,4;27,6;25,7;27,6;26,6;26,6;25,4;97;89;90;;3,8;1,5;
2026/04/19;1600 UTC;0;998;999,1;998;1996,3;28,4;25,6;28,5;27,6;26,7;24,2;91;81;85;;2,8;1,4;
2026/04/19;1700 UTC;0;996,9;998;996,9;2785,6;29,2;27,6;29,9;28,4;28,3;24,8;97;76;91;;5;2,3;
2026/04/19;1800 UTC;0;996,4;996,9;996,3;1463,4;28,1;26,8;29,9;28,1;27,6;25,7;93;80;93;;4,5;1,6;
2026/04/19;1900 UTC;10,4;996,9;996,9;996,4;61,7;24,1;24,1;28,1;23,8;26,8;23,8;100;91;100;;10,9;,4;
2026/04/19;2000 UTC;,2;998,1;998,1;996,9;121,9;24,3;24,3;24,4;24;24,3;24;100;100;100;;4,8;2,1;
2026/04/19;2100 UTC;0;998,6;998,6;998;83,7;24,6;24,6;24,6;24,3;24,6;24,3;100;100;100;;5,2;1,8;
2026/04/19;2200 UTC;,2;999,2;999,3;998,6;1,4;24,2;24,2;24,6;24,2;24,6;24,2;100;100;100;;4,2;1,4;
2026/04/19;2300 UTC;1;1000,2;1000,2;999,2;0;24,1;24,1;24,2;24,1;24,2;24,1;100;100;100;;4,6;1,3;
2026/04/20;0000 UTC;8,6;1001,6;1001,6;1000,2;,3;24;24;24,2;24;24,2;24;100;100;100;;6,5;3,2;
2026/04/20;0100 UTC;9,8;1001,7;1001,8;1001,6;,4;23,5;23,5;24;23,5;23,9;23,5;100;100;100;;6,5;1;
2026/04/20;0200 UTC;1,4;1001,9;1002;1001,7;0;23,3;23,3;23,5;23,3;23,5;23,3;100;100;100;;3,2;1,7;
2026/04/20;0300 UTC;,6;1001,5;1002;1001,5;0;23,4;23,4;23,4;23,3;23,4;23,3;100;100;100;;3,1;1,8;
2026/04/20;0400 UTC;,2;1000,1;1001,5;1000,1;0;23,3;23,3;23,4;23,3;23,4;23,3;100;100;100;;4,4;2,7;
2026/04/20;0500 UTC;,2;998,7;1000,1;998,7;0;23,1;23,1;23,4;23,1;23,3;23,1;100;100;100;;5,1;1,8;
2026/04/20;0600 UTC;0;997,9;998,7;997,9;0;23;23;23,1;22,9;23,1;22,9;100;100;100;;3,6;,1;
2026/04/20;0700 UTC;0;997,6;997,9;997,3;0;22,9;22,9;23;22,9;23;22,9;100;100;100;;2,8;,4;
2026/04/20;0800 UTC;0;998,2;998,2;997,6;0;22,9;22,9;23;22,9;22,9;22,9;100;100;100;;1,8;,1;
2026/04/20;0900 UTC;0;998,8;998,8;998,2;0;22,8;22,8;23;22,8;22,9;22,8;100;100;100;;2,7;,5;
2026/04/20;1000 UTC;0;999,2;999,2;998,8;81,8;23;23;23;22,8;23;22,8;100;100;100;;2,9;,4;
2026/04/20;1100 UTC;0;999,9;999,9;999,2;512,6;23,6;23,6;23,7;23;23,7;23;100;100;100;;3,6;,5;
2026/04/20;1200 UTC;0;1000,4;1000,4;999,9;1340,9;24,7;24,5;24,7;23,6;24,6;23,6;100;98;99;;4,5;1,4;
2026/04/20;1300 UTC;0;1000,7;1000,7;1000,4;1516,4;25,6;24,8;25,6;24,7;24,9;24;100;93;95;;4,5;,8;
2026/04/20;1400 UTC;0;1000,6;1000,8;1000,6;2949;27,3;24,6;27,3;25,5;25,5;23,6;95;82;85;;3,7;1;
2026/04/20;1500 UTC;0;1000,3;1000,6;1000,3;2814,9;28,9;25;28,9;27,1;25;23,5;86;74;79;;3,5;,5;
2026/04/20;1600 UTC;0;999,6;1000,3;999,6;2757,4;29,7;23,6;29,9;28,9;24,9;23,5;79;70;70;;4,6;,4;
2026/04/20;1700 UTC;0;998,5;999,6;998,5;2894;30;24,1;31;29,7;25,5;23,1;76;64;71;;4,9;1;
2026/04/20;1800 UTC;0;997,3;998,5;997,3;1578,5;29,7;24,9;30,2;29,6;24,9;23;75;66;75;;4,9;,3;
2026/04/20;1900 UTC;0;997;997,3;997;1278,9;29,4;25,1;29,9;29,4;25,4;24,3;79;72;78;;2,7;,2;
2026/04/20;2000 UTC;0;997,2;997,2;996,8;850,5;28,5;25,8;29,7;28,5;25,8;24;85;73;85;;2,2;,3;
2026/04/20;2100 UTC;0;997,3;997,3;997,1;166;27,1;26,1;28,5;27,1;26,3;25,6;94;84;94;;1,6;,1;
2026/04/20;2200 UTC;0;998,2;998,2;997,3;1,4;26,1;25,9;27,1;26,1;26,2;25,7;99;94;99;;1,2;0;
2026/04/20;2300 UTC;0;999,1;999,1;998,2;0;26;26;26,1;25,9;26,1;25,6;100;98;100;;2,7;1,3;
2026/04/21;0000 UTC;0;999,9;999,9;999,1;0;25,5;25,5;26;25,5;25,9;25,5;100;99;100;;2,3;1,3;
2026/04/21;0100 UTC;0;1000,3;1000,4;999,9;0;25;24,9;25,5;25;25,5;24,6;100;98;99;;2;,4;
2026/04/21;0200 UTC;0;1000,9;1000,9;1000,3;0;24,5;24,5;25;24,5;25;24,5;100;99;100;;3;1;
2026/04/21;0300 UTC;0;1000,6;1000,9;1000,5;0;24,3;24,2;24,7;24,3;24,7;24,2;100;100;100;;2,5;0;
2026/04/21;0400 UTC;0;1000,2;1000,6;1000,2;0;24;24;24,3;24;24,3;24;100;100;100;;1,5;,1;
2026/04/21;0500 UTC;0;999,5;1000,2;999,5;0;23,9;23,9;24,1;23,9;24,1;23,9;100;100;100;;1,1;0;
2026/04/21;0600 UTC;0;999,1;999,5;999,1;0;23,8;23,7;23,9;23,7;23,9;23,7;100;100;100;;1,4;0;
2026/04/21;0700 UTC;0;999;999,1;998,9;0;23,5;23,5;23,8;23,5;23,7;23,5;100;100;100;;0;0;
2026/04/21;0800 UTC;0;999,1;999,1;998,8;0;23,5;23,5;23,6;23,5;23,6;23,5;100;100;100;;,6;0;
2026/04/21;0900 UTC;0;999,5;999,5;999,1;0;23,3;23,3;23,6;23,3;23,6;23,3;100;100;100;;1,3;,1;
2026/04/21;1000 UTC;0;1000,2;1000,2;999,4;70,5;23,9;23,9;23,9;23,3;23,9;23,3;100;100;100;;1,7;0;
2026/04/21;1100 UTC;0;1001;1001;1000,2;324,5;24,7;24,7;24,7;23,9;24,7;23,9;100;100;100;;1,6;,1;
2026/04/21;1200 UTC;0;1001,7;1001,7;1001;660,6;25,4;25,3;25,5;24,7;25,5;24,8;100;99;99;;3,1;,7;
2026/04/21;1300 UTC;0;1001,8;1001,8;1001,6;995,8;26,3;25;26,4;25,4;25,8;25;100;92;93;;3,2;,8;
2026/04/21;1400 UTC;0;1001,5;1001,8;1001,5;1421,2;27,3;24,9;27,4;26,3;25,6;24,8;95;86;86;;2,8;,2;
2026/04/21;1500 UTC;0;1001;1001,5;1001;2269,3;29;25,7;29;27,2;25,8;24,1;88;79;83;;3,1;1,6;
2026/04/21;1600 UTC;0;999,9;1001;999,9;1409;29;24,5;29,3;28,4;26,3;24,5;86;76;77;;3,1;,7;
2026/04/21;1700 UTC;0;998,4;999,9;998,4;1645,9;27,6;25,7;29,9;27,6;26,2;24,3;90;73;90;;4,6;2;
2026/04/21;1800 UTC;1,4;997,9;998,4;997,9;210,3;24,9;24,9;27,5;24,9;26;24,9;100;89;100;;5,2;2;
2026/04/21;1900 UTC;1,4;997,2;997,9;997,2;346,2;25,3;25,3;25,3;24,5;25,3;24,5;100;100;100;;4;1;
2026/04/21;2000 UTC;0;997,3;997,4;997,1;478,2;25,5;25,5;25,5;25,2;25,5;25,2;100;100;100;;2,6;,8;
2026/04/21;2100 UTC;,2;998,8;998,9;997,3;164;25,4;25,4;25,6;25,2;25,6;25,2;100;100;100;;12,3;2,1;
2026/04/21;2200 UTC;27,2;1000,4;1000,4;998,8;1,8;23,6;23,6;25,4;23,6;25,2;23,6;100;100;100;;12,3;,8;
2026/04/21;2300 UTC;6,8;1001,1;1001,1;1000,4;0;23,6;23,6;23,8;23,6;23,8;23,6;100;100;100;;2,2;0;
2026/04/22;0000 UTC;7,2;1002;1002;1001,1;0;23,8;23,7;23,8;23,6;23,7;23,6;100;100;100;;0;0;
2026/04/22;0100 UTC;6,2;1002,8;1002,8;1002;0;23,6;23,6;23,8;23,6;23,7;23,6;100;100;100;;2,1;,3;
2026/04/22;0200 UTC;7;1002,9;1003,2;1002,8;0;23,7;23,7;23,7;23,6;23,7;23,6;100;100;100;;2,5;0;
2026/04/22;0300 UTC;7,4;1001,8;1002,9;1001,8;0;23,6;23,6;23,7;23,6;23,7;23,6;100;100;100;;1,5;,1;
2026/04/22;0400 UTC;,4;1000,6;1001,8;1000,6;0;23,4;23,4;23,6;23,4;23,5;23,4;100;100;100;;1,5;,1;
2026/04/22;0500 UTC;,4;999,5;1000,6;999,5;0;23,4;23,4;23,5;23,4;23,5;23,4;100;100;100;;2,3;,2;
2026/04/22;0600 UTC;,2;998,9;999,5;998,9;0;23,4;23,4;23,5;23,4;23,5;23,4;100;100;100;;2,6;0;
2026/04/22;0700 UTC;,2;998,5;998,9;998,5;0;23,5;23,4;23,5;23,4;23,4;23,4;100;100;100;;1,2;0;
2026/04/22;0800 UTC;,6;998,7;998,7;998,4;0;23,5;23,5;23,5;23,4;23,5;23,4;100;100;100;;1,8;,7;
2026/04/22;0900 UTC;0;998,7;998,7;998,6;,1;23,4;23,4;23,6;23,4;23,6;23,4;100;100;100;;3;,9;
2026/04/22;1000 UTC;0;999,2;999,2;998,7;134,6;23,6;23,6;23,6;23,4;23,6;23,4;100;100;100;;3;1,4;
2026/04/22;1100 UTC;0;1000;1000;999,2;502,3;24,4;24,4;24,4;23,6;24,4;23,6;100;100;100;;4,1;2,4;
2026/04/22;1200 UTC;0;1000,8;1000,8;1000;835,6;25;25;25;24,3;25;24,3;100;100;100;;5,5;2,8;
2026/04/22;1300 UTC;0;1000,7;1000,9;1000,7;1631,8;26,1;24,2;26,3;25;25,5;24,1;100;88;89;;6;3,5;
2026/04/22;1400 UTC;0;1000,7;1000,8;1000,7;3087,1;27,6;24,8;28,2;26,1;25,4;23,9;91;80;85;;7,6;4,1;
2026/04/22;1500 UTC;0;999,8;1000,7;999,8;3231,3;29;24,2;29,2;27,6;25,2;23,7;86;74;75;;7,4;3,8;
2026/04/22;1600 UTC;0;998,8;999,8;998,8;2939,7;30,3;25;30,4;29;25,8;23,9;79;71;73;;6,4;1,9;
2026/04/22;1700 UTC;0;997,9;998,8;997,9;2698,6;30,5;24,4;30,9;29,9;25,4;23,9;75;67;70;;7,6;2,2;
2026/04/22;1800 UTC;0;996,7;997,9;996,7;2772,8;31,3;24,8;31,4;30,2;25,2;24;73;66;68;;5,2;1,1;
2026/04/22;1900 UTC;0;995,7;996,7;995,7;2197,2;31,6;24,5;31,8;31,3;25,5;23,6;71;63;66;;5,1;2,7;
2026/04/22;2000 UTC;0;995,9;996;995,6;967,4;29,6;25,1;31,8;29,6;25,7;24,4;78;66;77;;5,8;,4;
2026/04/22;2100 UTC;0;996,4;996,4;995,9;103,1;28;26,1;29,6;28;26,5;24,9;90;76;90;;2,4;0;
2026/04/22;2200 UTC;0;997,6;997,6;996,4;2,5;27,5;26,7;28;27,5;27,1;26;96;90;96;;1,8;,2;
2026/04/22;2300 UTC;0;998,5;998,5;997,6;0;26,8;26,4;27,5;26,8;27;26,4;99;95;98;;2,8;1;
2026/04/23;0000 UTC;10,8;999,6;999,8;998,5;2,4;25;25;26,8;25;26,8;25;100;97;100;;10,4;,2;
2026/04/23;0100 UTC;0;1000;1000;999,6;0;24,7;24,7;25;24,6;25;24,6;100;100;100;;1,4;0;
2026/04/23;0200 UTC;,2;999,9;1000,1;999,9;0;24,6;24,6;25,1;24,6;25,1;24,6;100;100;100;;2,8;,1;
2026/04/23;0300 UTC;0;999,6;999,9;999,6;0;24,4;24,4;24,6;24,4;24,6;24,4;100;100;100;;1,7;,5;
2026/04/23;0400 UTC;0;999,3;999,6;999,3;0;24,4;24,4;24,4;24,4;24,4;24,4;100;100;100;;1,8;,5;
2026/04/23;0500 UTC;0;998,6;999,3;998,6;0;24,5;24,5;24,5;24,3;24,5;24,3;100;100;100;;1,3;,4;
2026/04/23;0600 UTC;0;997,8;998,6;997,8;0;24,1;24,1;24,5;24;24,5;23,9;100;100;100;;1,3;,1;
2026/04/23;0700 UTC;0;998;998;997,8;0;24,1;24,1;24,3;24,1;24,3;24,1;100;100;100;;1,3;,3;
2026/04/23;0800 UTC;,2;998,3;998,4;998;0;24;23,9;24,2;23,9;24,2;23,9;100;100;100;;2;,1;
2026/04/23;0900 UTC;0;998,6;998,6;998,1;0;24;24;24;23,6;24;23,6;100;100;100;;,9;0;
2026/04/23;1000 UTC;0;999,3;999,3;998,6;109,7;24,4;24,4;24,4;23,9;24,4;23,9;100;100;100;;1;,4;
2026/04/23;1100 UTC;0;1000,4;1000,4;999,3;792,3;25,2;25,2;25,3;24,4;25,3;24,4;100;100;100;;3,6;2,2;
2026/04/23;1200 UTC;0;1001,2;1001,2;1000,4;1000,4;25,9;25,2;26;25,2;25,7;25;100;96;96;;3,5;2,1;
2026/04/23;1300 UTC;0;1001;1001,2;1001;1932,5;27,9;25,6;27,9;25,8;25,9;25;98;88;88;;5,4;3,4;
2026/04/23;1400 UTC;0;1000,8;1001;1000,7;2510,6;28,7;25,3;29;27,7;26;24,9;90;78;82;;7,2;2,6;
2026/04/23;1500 UTC;0;999,5;1000,8;999,5;2208,2;29,7;24,7;29,7;28,7;26,1;24,2;84;72;75;;4,5;1,9;
2026/04/23;1600 UTC;0;997,6;999,5;997,6;2578,2;30,7;25;30,7;29,7;26,2;24,3;79;70;72;;4,3;,4;
2026/04/23;1700 UTC;0;996;997,6;996;3209,5;31,7;24,6;32;30,5;25,8;23,9;72;63;66;;4,8;1,3;
2026/04/23;1800 UTC;0;995,8;996;995,5;2279,9;30,3;25,4;32,4;29,3;25,8;24,3;79;63;75;;10,2;1,1;
2026/04/23;1900 UTC;0;996,7;996,7;995,4;578,3;26,8;26,1;30,4;26,8;26,6;24,8;96;72;96;;6,8;3,3;
2026/04/23;2000 UTC;0;997,6;997,6;996,7;80,8;26;25,6;26,8;25,9;26,5;25,4;99;96;98;;5,5;0;
2026/04/23;2100 UTC;2,6;998,7;998,7;997,6;54;25,3;25,3;26,1;25,3;26;25,3;100;97;100;;5,9;2,2;
2026/04/23;2200 UTC;26;998,9;999;998,6;1,1;24,4;24,4;25,3;24,1;25,3;24,1;100;100;100;;5,9;0;
2026/04/23;2300 UTC;2,6;999,9;999,9;998,9;0;24,5;24,5;24,6;24,4;24,6;24,4;100;100;100;;0;0;
2026/04/24;0000 UTC;,2;1000,5;1000,5;999,9;0;24,3;24,3;24,5;24,2;24,5;24,2;100;100;100;;0;0;
2026/04/24;0100 UTC;,4;1001,2;1001,3;1000,5;0;24,3;24,3;24,4;24,3;24,3;24,3;100;100;100;;0;0;
2026/04/24;0200 UTC;,6;1001,4;1001,4;1001,2;0;24,3;24,3;24,4;24,3;24,4;24,3;100;100;100;;0;0;
2026/04/24;0300 UTC;2;1000,8;1001,4;1000,8;0;24,3;24,2;24,4;24,2;24,4;24,2;100;100;100;;0;0;
2026/04/24;0400 UTC;,2;1000,5;1001;1000,5;0;24,3;24,3;24,3;24,2;24,3;24,2;100;100;100;;2;,1;
2026/04/24;0500 UTC;1,2;999,6;1000,5;999,6;0;24,3;24,3;24,3;24,2;24,3;24,2;100;100;100;;2;,2;
2026/04/24;0600 UTC;,2;999,2;999,6;999,2;0;23,9;23,9;24,3;23,9;24,3;23,9;100;100;100;;2,2;0;
2026/04/24;0700 UTC;0;999,2;999,2;998,9;0;23,9;23,9;23,9;23,8;23,9;23,8;100;100;100;;0;0;
2026/04/24;0800 UTC;0;999,6;999,6;999,2;0;23,9;23,9;24;23,9;24;23,9;100;100;100;;0;0;
2026/04/24;0900 UTC;0;999,7;999,7;999,6;0;23,8;23,8;23,9;23,7;23,9;23,7;100;100;100;;3,4;,8;
2026/04/24;1000 UTC;,2;1000,5;1000,5;999,7;71,2;24;24;24;23,7;24;23,7;100;100;100;;3,7;1;
2026/04/24;1100 UTC;0;1001,2;1001,2;1000,5;395,1;24,6;24,6;24,7;24;24,6;24;100;100;100;;2,4;1,1;
2026/04/24;1200 UTC;0;1002,2;1002,2;1001,2;1238,6;25,6;25,6;25,6;24,5;25,6;24,5;100;99;100;;2,2;,2;
2026/04/24;1300 UTC;0;1002,5;1002,5;1002,1;1765;26,2;24,6;26,5;25,6;26;24,6;100;91;91;;3;,2;
2026/04/24;1400 UTC;0;1001,8;1002,5;1001,8;2012,1;27,7;25;27,7;26,2;25,6;24,3;94;84;86;;2,1;,9;
2026/04/24;1500 UTC;0;1000,4;1001,8;1000,4;2749,6;29,2;25,1;29,2;27,7;25,7;24,4;86;77;79;;3,9;1,5;
2026/04/24;1600 UTC;0;999;1000,4;999;2715,6;29,7;26,6;30;29,2;26,6;23,8;84;71;84;;4,1;2,1;
2026/04/24;1700 UTC;0;997,9;998,9;997,8;2290,1;30;26,8;30;29;27,4;26,4;88;81;83;;6;3,6;
2026/04/24;1800 UTC;21,2;999;999;997,7;621,1;24,5;24,5;30;24,5;27,4;24,5;100;83;100;;10,2;5,3;
2026/04/24;1900 UTC;44,6;998,5;999,9;998,5;20,5;24;24;24,5;23,8;24,5;23,8;100;100;100;;10,2;0;
2026/04/24;2000 UTC;1,8;999,2;999,3;998,5;50,5;24,2;24,2;24,2;24;24,2;24;100;100;100;;2;,7;
2026/04/24;2100 UTC;0;999,6;999,7;999,2;58,2;24,1;24,1;24,3;24,1;24,3;24,1;100;100;100;;2,8;1,6;
2026/04/24;2200 UTC;0;1000,2;1000,2;999,6;1,7;23,6;23,6;24,1;23,6;24,1;23,6;100;100;100;;4,9;,7;
2026/04/24;2300 UTC;0;1001,2;1001,2;1000,2;,5;23,4;23,4;23,6;23,4;23,6;23,4;100;100;100;;3;,7;
2026/04/25;0000 UTC;,4;1002,1;1002,1;1001,2;0;23,6;23,6;23,6;23,4;23,6;23,4;100;100;100;;1,8;0;
2026/04/25;0100 UTC;9,2;1002,3;1002,3;1002;,1;23,6;23,5;23,7;23,6;23,7;23,5;100;100;100;;0;0;
2026/04/25;0200 UTC;13,6;1001,9;1002,4;1001,9;0;23,5;23,5;23,6;23,5;23,6;23,5;100;100;100;;1,5;,1;
2026/04/25;0300 UTC;1,2;1001,3;1001,9;1001,2;0;23,6;23,6;23,6;23,4;23,6;23,4;100;100;100;;3,1;,8;
2026/04/25;0400 UTC;0;1000,4;1001,2;1000,4;0;23,5;23,5;23,6;23,5;23,6;23,5;100;100;100;;2,1;0;
2026/04/25;0500 UTC;0;999,6;1000,4;999,6;0;23,3;23,3;23,5;23,3;23,5;23,3;100;100;100;;0;0;
2026/04/25;0600 UTC;0;999,2;999,6;999,2;0;23,2;23,2;23,4;23,2;23,4;23,2;100;100;100;;0;0;
2026/04/25;0700 UTC;0;999;999,3;998,9;0;23;23;23,2;23;23,2;23;100;100;100;;0;0;
2026/04/25;0800 UTC;0;999,2;999,3;999;0;22,9;22,9;23;22,9;23;22,9;100;100;100;;1,4;0;
2026/04/25;0900 UTC;0;999,7;999,7;999,2;0;23;23;23;22,8;23;22,8;100;100;100;;2,5;1;
2026/04/25;1000 UTC;0;1000,1;1000,1;999,7;78,1;23,1;23,1;23,1;22,9;23,1;22,9;100;100;100;;2,5;,2;
2026/04/25;1100 UTC;,2;1000,5;1000,5;1000;573,3;23,8;23,8;23,8;23,1;23,8;23,1;100;100;100;;2;,4;
2026/04/25;1200 UTC;0;1001,4;1001,4;1000,5;1207,8;24,9;24,9;25;23,6;25;23,6;100;100;100;;2,5;,8;
2026/04/25;1300 UTC;0;1001,6;1001,7;1001,4;1235,1;25,4;24,9;25,7;24,9;25,4;24,5;100;95;97;;3,3;1,7;
2026/04/25;1400 UTC;0;1001,7;1001,7;1001,6;1655,6;26,5;24,8;26,6;25,4;25,3;24,4;97;90;90;;4,3;,8;
2026/04/25;1500 UTC;0;1000,9;1001,7;1000,9;2089,6;27,3;25,2;27,4;26,5;25,7;24,4;92;84;89;;6,4;3,1;
2026/04/25;1600 UTC;0;999,8;1000,9;999,8;1621,1;27,4;25;27,6;27,2;25,5;24,4;89;83;87;;6,4;1,1;
2026/04/25;1700 UTC;0;998,7;999,8;998,7;996,9;27,1;25,5;27,4;26,9;25,9;24,7;93;85;91;;4,5;,9;
2026/04/25;1800 UTC;0;998;998,7;998;1247,1;27,6;25;27,9;27;25,9;24,8;93;84;86;;4,3;2,2;
2026/04/25;1900 UTC;0;998,2;998,2;998;846,8;27;25,6;27,6;27;25,6;25;92;86;92;;4,9;2,7;
2026/04/25;2000 UTC;0;998,4;998,4;998,1;569;26,9;25,5;27;26,7;25,7;24,9;94;89;92;;4,7;1,8;
2026/04/25;2100 UTC;0;999,1;999,1;998,4;140,1;26,2;26,2;27;26,2;26,2;25,2;100;90;100;;2,8;0;
2026/04/25;2200 UTC;0;999,7;999,7;999,1;,9;25,8;25,8;26,2;25,7;26,2;25,7;100;99;100;;2,7;1,4;
2026/04/25;2300 UTC;0;1000,4;1000,4;999,7;0;25,2;25,2;25,8;25,2;25,8;25,2;100;100;100;;3;1,9;
2026/04/26;0000 UTC;0;1001,3;1001,3;1000,4;0;25;25;25,2;25;25,2;25;100;100;100;;3,2;2;
2026/04/26;0100 UTC;0;1001,4;1001,5;1001,3;0;24,9;24,9;25;24,9;25;24,9;100;100;100;;3,6;,2;
2026/04/26;0200 UTC;0;1001,6;1001,6;1001,3;0;24,7;24,7;24,9;24,7;24,9;24,7;100;100;100;;2,4;0;
2026/04/26;0300 UTC;0;1001,1;1001,6;1001,1;0;24,5;24,5;24,7;24,5;24,7;24,5;100;100;100;;2,5;,1;
2026/04/26;0400 UTC;0;1000,1;1001,1;1000,1;0;24,3;24,3;24,5;24,3;24,5;24,3;100;100;100;;2;0;
2026/04/26;0500 UTC;0;999;1000,1;999;0;24,1;24,1;24,3;24,1;24,3;24,1;100;100;100;;2,5;,3;
2026/04/26;0600 UTC;0;998,2;999;998,2;0;23,9;23,9;24,1;23,9;24,1;23,9;100;100;100;;3,1;,1;
2026/04/26;0700 UTC;0;998;998,3;998;0;23,8;23,8;23,9;23,8;23,9;23,8;100;100;100;;2,2;0;
2026/04/26;0800 UTC;0;998;998;997,9;0;23,7;23,7;23,8;23,7;23,8;23,7;100;100;100;;0;0;
2026/04/26;0900 UTC;0;998,9;998,9;998;,1;23,8;23,8;23,8;23,7;23,8;23,7;100;100;100;;1,8;,2;
2026/04/26;1000 UTC;0;999,6;999,6;998,9;56,9;24,1;24,1;24,1;23,8;24,1;23,8;100;100;100;;1,5;,3;
2026/04/26;1100 UTC;0;999,9;1000;999,6;712,3;24,8;24,7;24,8;24,1;24,7;24,1;100;99;99;;4,7;2,3;
2026/04/26;1200 UTC;0;1000,2;1000,3;999,9;1392,9;26,6;24,6;26,6;24,8;24,9;24,2;100;88;89;;5;2,3;
2026/04/26;1300 UTC;0;1000,2;1000,4;1000,2;2201,9;27,9;23,8;27,9;26,4;24,8;23,3;89;78;78;;4,8;,7;
2026/04/26;1400 UTC;0;1000,2;1000,2;1000,1;3248,2;29,4;23,6;29,4;27,8;24,8;23,4;83;71;71;;4,2;1,9;
2026/04/26;1500 UTC;0;999,6;1000,2;999,6;3504,5;30,5;25;30,8;29,4;25,7;23,2;75;67;72;;3,9;1,1;
2026/04/26;1600 UTC;0;998,7;999,6;998,7;2456,8;31,1;24,8;31,2;30,1;25,5;23;75;62;69;;3,8;1;
2026/04/26;1700 UTC;,2;998,2;998,7;998,2;966,5;29,1;27,5;31,1;29,1;27,5;23,9;91;66;91;;4;,6;
2026/04/26;1800 UTC;0;998;998,2;997,9;499,5;27,1;26,2;29,2;26,9;28,1;25,4;96;86;95;;5,6;1,4;
2026/04/26;1900 UTC;,4;997,5;998;997,5;612,3;27;26,5;27,1;26,6;26,7;25,8;99;94;97;;4;,1;
2026/04/26;2000 UTC;0;997,7;997,7;997,4;614,9;27,4;26,6;28,1;27;27,8;26,5;100;94;96;;2,8;,3;
2026/04/26;2100 UTC;0;998;998;997,7;200;26,3;26,3;27,5;26,3;27,2;26,3;100;96;100;;3,4;1,7;
2026/04/26;2200 UTC;0;998,9;998,9;998;2,7;25,6;25,6;26,3;25,6;26,3;25,6;100;100;100;;3,1;0;
2026/04/26;2300 UTC;0;999,7;999,7;998,9;0;25,3;25,3;25,6;25,3;25,6;25,3;100;100;100;;1,5;0;
2026/04/27;0000 UTC;0;1000,3;1000,3;999,7;0;25,3;25,3;25,4;25,3;25,4;25,3;100;100;100;;0;0;
2026/04/27;0100 UTC;0;1000,7;1000,7;1000,3;0;24,6;24,6;25,4;24,6;25,4;24,6;100;100;100;;2,2;,3;
2026/04/27;0200 UTC;0;1001;1001,1;1000,7;0;25;25;25,1;24,6;25,1;24,6;100;100;100;;2,7;1,2;
2026/04/27;0300 UTC;0;1000,9;1001,1;1000,9;0;25,1;25,1;25,1;25;25,1;25;100;100;100;;2,7;0;
2026/04/27;0400 UTC;0;1000,2;1000,9;1000,2;0;24,7;24,7;25,1;24,7;25,1;24,7;100;100;100;;2,4;,3;
2026/04/27;0500 UTC;0;999,7;1000,2;999,7;0;24,4;24,4;24,7;24,4;24,7;24,4;100;100;100;;1,6;,7;
2026/04/27;0600 UTC;0;999,6;999,7;999,4;0;24,2;24,2;24,4;24,2;24,4;24,2;100;100;100;;1,2;,1;
2026/04/27;0700 UTC;0;999,7;999,7;999,4;0;24;24;24,3;23,8;24,3;23,8;100;100;100;;1,2;,1;
2026/04/27;0800 UTC;0;1000;1000;999,7;0;23,9;23,9;24,1;23,8;24,1;23,8;100;100;100;;1;,2;
2026/04/27;0900 UTC;0;1001;1001;1000;,1;24;24;24;23,7;24;23,7;100;100;100;;1;0;
2026/04/27;1000 UTC;0;1002,1;1002,1;1001;41,7;23,6;23,6;24,3;23,6;24,3;23,6;100;100;100;;5,8;,9;
2026/04/27;1100 UTC;2,4;1002,4;1002,5;1002,1;518;24,8;24,8;24,8;23,6;24,8;23,6;100;100;100;;4,1;1,6;
2026/04/27;1200 UTC;0;1003,5;1003,5;1002,4;805,6;25,4;25,4;25,5;24,6;25,5;24,6;100;100;100;;2,7;0;
2026/04/27;1300 UTC;0;1003,2;1003,5;1003,2;1246,8;26,7;26,1;26,7;25,4;26,6;25,4;100;97;97;;2,8;1,3;
2026/04/27;1400 UTC;0;1002,6;1003,3;1002,6;1993,5;27,7;25,5;27,8;26,5;26,7;24,9;99;86;88;;3,2;1,3;
2026/04/27;1500 UTC;0;1001,6;1002,6;1001,6;3119,8;30;25,8;30;27,7;26,5;24,5;89;75;78;;4,7;1,2;
2026/04/27;1600 UTC;0;999,9;1001,6;999,9;2154,4;30,5;25,7;30,6;29,3;26,9;24,8;82;74;76;;4,7;1,5;
2026/04/27;1700 UTC;0;998,4;999,9;998,4;1902,2;31,2;25,5;31,2;29,4;26,8;24,2;85;69;72;;2,9;,9;
2026/04/27;1800 UTC;0;998,3;998,4;997,8;1689;28,1;26;31,9;28,1;26,5;24,1;89;66;88;;6,7;3,1;
2026/04/27;1900 UTC;15,4;998,8;999,1;997,9;221;25;25;28,1;25;26,7;25;100;88;100;;7,2;1,2;
2026/04/27;2000 UTC;1,2;998,6;998,8;998,4;205,1;25,3;25,3;25,4;25;25,4;25;100;100;100;;4,5;,2;
2026/04/27;2100 UTC;0;999,2;999,2;998,4;181;25,4;25,4;25,5;25,1;25,5;25,1;100;100;100;;2;0;
2026/04/27;2200 UTC;0;1000,3;1000,3;999,2;1,3;25,5;25,5;25,7;25,4;25,7;25,4;100;100;100;;1,3;,5;
2026/04/27;2300 UTC;0;1001,1;1001,1;1000,3;0;25,4;25,4;25,5;25,4;25,5;25,4;100;100;100;;2,1;,8;
2026/04/28;0000 UTC;0;1001,7;1001,9;1001,1;0;25,4;25,4;25,5;25,3;25,5;25,3;100;100;100;;2,2;0;
2026/04/28;0100 UTC;0;1001,8;1001,9;1001,6;0;24,9;24,9;25,4;24,9;25,4;24,9;100;100;100;;3,4;1,5;
2026/04/28;0200 UTC;0;1001,7;1002,1;1001,7;0;24,6;24,6;24,9;24,5;24,8;24,5;100;100;100;;4,6;2,7;
2026/04/28;0300 UTC;0;1001,3;1001,8;1001,3;0;24,4;24,4;24,6;24,4;24,6;24,4;100;100;100;;4,6;1;
2026/04/28;0400 UTC;0;1000,7;1001,4;1000,7;0;24,3;24,3;24,4;24,2;24,4;24,2;100;100;100;;2,1;0;
2026/04/28;0500 UTC;0;1000,1;1000,7;1000,1;0;24,4;24,4;24,4;24,3;24,4;24,3;100;100;100;;1,7;,2;
2026/04/28;0600 UTC;0;999,5;1000,1;999,5;0;24,3;24,3;24,5;24,3;24,5;24,3;100;100;100;;2,1;1,3;
2026/04/28;0700 UTC;0;999,7;999,7;999,4;0;24,3;24,3;24,4;24,3;24,4;24,3;100;100;100;;2,7;0;
2026/04/28;0800 UTC;0;999,9;999,9;999,6;0;24;24;24,3;24;24,3;24;100;100;100;;,8;0;
2026/04/28;0900 UTC;0;1000,4;1000,4;999,9;,2;23,7;23,7;24;23,6;23,9;23,6;100;100;100;;,8;0;
2026/04/28;1000 UTC;0;1001,2;1001,2;1000,4;182,1;24,3;24,3;24,3;23,6;24,3;23,6;100;100;100;;0;0;
2026/04/28;1100 UTC;0;1001,8;1001,8;1001,2;744,3;24,9;24,9;25,3;24,3;25,3;24,4;100;100;100;;1,5;,6;
2026/04/28;1200 UTC;0;1002,2;1002,2;1001,8;1638,9;25,9;24,5;26,1;24,7;25,5;24,2;100;91;92;;2,8;1,5;
2026/04/28;1300 UTC;0;1002,4;1002,4;1002,1;2525,4;28,1;24,6;28,1;25,9;25,4;23,8;93;79;81;;4,9;2,6;
2026/04/28;1400 UTC;0;1002,1;1002,4;1002,1;3082,8;29,5;24,8;29,5;28,1;25,1;23,9;82;73;76;;5,6;1,8;
2026/04/28;1500 UTC;0;1001,2;1002,1;1001,2;3320,1;30;24,3;30,2;29,5;25,1;23,5;76;68;72;;5,5;2,1;
2026/04/28;1600 UTC;0;999,9;1001,2;999,9;3183,8;30,7;24,1;30,8;30;25,7;23,7;75;67;68;;4,8;1,1;
2026/04/28;1700 UTC;0;998,3;999,9;998,3;3032,4;30,8;23,5;31,7;30,7;25,5;23,3;73;63;65;;5,3;1,3;
2026/04/28;1800 UTC;0;996,9;998,3;996,9;1751,5;31,7;24,6;31,9;30,7;25,7;23,6;74;62;66;;3,5;1,5;
2026/04/28;1900 UTC;0;996,7;996,9;996,6;2036,1;32,2;25;32,3;31,7;25,1;23,3;67;61;66;;5,1;2,1;
2026/04/28;2000 UTC;0;996,9;996,9;996,7;1255,3;31,9;23,6;32,3;31,9;24,9;23,5;66;60;62;;4,6;1,9;
2026/04/28;2100 UTC;0;998;998;996,9;321,2;30,1;25;31,9;30,1;25,2;23,6;74;62;74;;3,8;1,2;
2026/04/28;2200 UTC;0;999,5;999,5;998;1,5;27,4;25,5;30,1;27,4;26,2;25,1;89;74;89;;7,9;4,2;
2026/04/28;2300 UTC;14,4;1000,7;1000,7;999,5;3,7;24,5;24,5;27,4;24,4;25,6;24,4;100;88;100;;15;3;
2026/04/29;0000 UTC;4,2;1000,7;1001;1000,7;0;24,3;24,3;24,6;24,3;24,5;24,3;100;100;100;;6,4;,4;
2026/04/29;0100 UTC;0;1001,1;1001,1;1000,7;0;24,2;24,2;24,4;24,2;24,4;24,2;100;100;100;;1,9;0;
2026/04/29;0200 UTC;0;1000,6;1001,1;1000,6;0;24,2;24,2;24,2;24,1;24,2;24,1;100;100;100;;,9;0;
2026/04/29;0300 UTC;0;1000,4;1000,7;1000,4;0;24,3;24,3;24,4;24,2;24,4;24,2;100;100;100;;1,4;,1;
2026/04/29;0400 UTC;0;999,8;1000,4;999,8;0;24,1;24,1;24,3;24;24,3;24;100;100;100;;1,4;0;
2026/04/29;0500 UTC;0;998,6;999,8;998,6;0;24,1;24,1;24,1;23,8;24,1;23,8;100;100;100;;1,3;,1;
2026/04/29;0600 UTC;0;997,9;998,6;997,9;0;23,9;23,9;24,1;23,7;24,1;23,7;100;100;100;;,9;,3;
2026/04/29;0700 UTC;0;998,2;998,2;997,6;0;23,7;23,7;23,9;23,6;23,9;23,6;100;100;100;;1,6;0;
2026/04/29;0800 UTC;0;997,9;998,2;997,8;0;23,7;23,7;23,7;23,5;23,7;23,5;100;100;100;;,8;0;
2026/04/29;0900 UTC;0;998,7;998,7;997,9;,2;23,7;23,7;23,8;23,6;23,8;23,6;100;100;100;;,8;0;
2026/04/29;1000 UTC;0;999,3;999,3;998,7;91,5;24,1;24,1;24,1;23,7;24,1;23,7;100;100;100;;,7;0;
2026/04/29;1100 UTC;0;1000;1000;999,3;386,8;24,5;24,5;24,5;24,1;24,5;24,1;100;100;100;;2,6;1,6;
2026/04/29;1200 UTC;0;1000,4;1000,4;1000;1031,1;25,4;25,2;25,7;24,4;25,6;24,4;100;98;99;;3;1,6;
2026/04/29;1300 UTC;0;1000,4;1000,6;1000,4;2255;27;25,2;27;25,4;25,8;24,8;100;88;90;;4,6;1,5;
2026/04/29;1400 UTC;,2;1000,2;1000,4;1000,2;3016,1;28,9;25,4;28,9;27;26,1;24,4;92;78;81;;6,8;1,8;
2026/04/29;1500 UTC;0;999,2;1000,2;999,2;3178,4;30;25,8;30,1;28,8;25,8;24,2;83;71;78;;5,3;1,3;
2026/04/29;1600 UTC;0;998,3;999,2;998,3;1843,7;29,9;25,4;30,5;29,9;25,9;24,4;78;71;77;;4;0;
2026/04/29;1700 UTC;0;996,7;998,3;996,7;2493,8;31,4;23,6;31,8;29,6;26,3;23,6;81;63;63;;4,4;1,5;
2026/04/29;1800 UTC;0;995,3;996,7;995,3;2288,7;31,6;24,8;32;30,7;26,2;23,7;76;62;68;;6,4;,4;
2026/04/29;1900 UTC;0;994,7;995,3;994,6;1936,7;32,2;24,9;32,3;31,6;26,5;23,8;75;62;65;;2,4;,7;
2026/04/29;2000 UTC;0;995;995;994,7;1213;31;26,3;32,7;31;26,3;24,2;76;62;76;;4,3;2,6;
2026/04/29;2100 UTC;0;995,8;995,8;995;113,4;29;26;31;28,9;26,8;25,7;87;76;84;;4,3;,6;
2026/04/29;2200 UTC;0;997,2;997,2;995,7;1,5;27,9;26,8;29;27,9;26,9;25,8;94;83;94;;2,3;,9;
2026/04/29;2300 UTC;0;997,8;997,9;997,1;0;27,1;26;27,9;27,1;26,7;25,9;94;92;94;;6,3;3,9;
2026/04/30;0000 UTC;0;998,2;998,2;997,7;0;26,1;26,1;27,1;26,1;26,4;26;100;94;100;;6,3;,9;
2026/04/30;0100 UTC;0;999;999;998,2;0;25,6;25,6;26,1;25,6;26,1;25,6;100;100;100;;3,6;1,9;
2026/04/30;0200 UTC;0;999,4;999,4;999;0;25,1;25,1;25,6;25,1;25,5;25,1;100;100;100;;4,6;1,2;
2026/04/30;0300 UTC;0;999,2;999,5;999,2;0;25;25;25,1;24,9;25,1;24,9;100;100;100;;2,9;1,5;
2026/04/30;0400 UTC;0;998,5;999,4;998,5;0;25;25;25;24,9;25;24,9;100;100;100;;2,9;,4;
2026/04/30;0500 UTC;0;997,8;998,5;997,8;0;24,7;24,7;25;24,7;25;24,7;100;100;100;;2,5;,1;
2026/04/30;0600 UTC;0;997,2;997,9;997,2;0;24,4;24,4;24,7;24,4;24,7;24,4;100;100;100;;1,2;0;
2026/04/30;0700 UTC;0;996,9;997,2;996,8;0;24,1;24,1;24,4;24,1;24,4;24,1;100;100;100;;,9;0;
2026/04/30;0800 UTC;0;996,9;997;996,8;0;23,8;23,8;24,1;23,8;24,1;23,8;100;100;100;;1,2;0;
2026/04/30;0900 UTC;0;997,4;997,4;996,9;0;23,9;23,9;24;23,8;24;23,8;100;100;100;;0;0;
2026/04/30;1000 UTC;0;998,5;998,5;997,4;76,9;24,2;24,2;24,2;23,9;24,2;23,9;100;100;100;;,9;0;
2026/04/30;1100 UTC;0;998,8;998,8;998,5;287,3;25;25;25;24,2;25;24,2;100;100;100;;,5;0;
2026/04/30;1200 UTC;0;999,7;999,7;998,8;935,8;26,5;26,4;26,5;25;26,4;25;100;99;99;;2,9;,9;
2026/04/30;1300 UTC;0;1000;1000;999,7;1081,2;27,2;26,1;27,2;26,5;26,6;25,9;100;93;94;;4;2,6;
2026/04/30;1400 UTC;8,8;999,8;1000,2;999,7;472,9;24,8;24,8;27,5;24,8;27;24,8;100;92;100;;7,8;1,1;
2026/04/30;1500 UTC;,2;999,1;999,9;999,1;431,4;25,4;25,4;25,5;24,7;25,5;24,7;100;100;100;;3,4;,5;
2026/04/30;1600 UTC;0;998,1;999,1;998,1;884,9;26,5;25,8;26,5;25,4;26,4;25,3;100;94;96;;2,7;,2;
2026/04/30;1700 UTC;0;997;998,1;997;1603,6;27,9;26,1;27,9;26,4;26,4;25,2;96;89;90;;3;,5;
2026/04/30;1800 UTC;5,8;997,3;997,3;996,6;424,4;25,2;25,2;28;25,2;26,4;25,2;100;88;100;;8,9;2,8;
2026/04/30;1900 UTC;4,4;997,1;997,4;997,1;82,2;24,9;24,9;25,2;24,7;25,1;24,7;100;100;100;;8,9;,6;
2026/04/30;2000 UTC;1;997,4;997,4;996,9;79,6;24,9;24,9;25;24,8;25;24,8;100;100;100;;2,9;,8;
2026/04/30;2100 UTC;0;997,2;997,4;997,2;39,9;24,8;24,8;24,9;24,7;24,9;24,7;100;100;100;;2,2;1,2;
2026/04/30;2200 UTC;0;997,7;997,7;997,1;,4;24,7;24,7;24,8;24,6;24,8;24,6;100;100;100;;2,1;,7;
2026/04/30;2300 UTC;0;998,6;998,6;997,6;0;24,7;24,7;24,8;24,7;24,8;24,7;100;100;100;;1,9;0;
2026/05/01;0000 UTC;0;999;999;998,6;0;24,8;24,7;24,8;24,7;24,8;24,7;100;100;100;;0;0;
2026/05/01;0100 UTC;0;999,5;999,5;999;0;24,6;24,6;24,8;24,6;24,7;24,6;100;100;100;;1,9;1,2;
2026/05/01;0200 UTC;0;999,7;999,8;999,5;0;24,5;24,5;24,6;24,5;24,6;24,5;100;100;100;;1,9;1,1;
2026/05/01;0300 UTC;0;999,3;999,7;999,3;0;24,5;24,5;24,5;24,5;24,5;24,5;100;100;100;;2,8;1;
2026/05/01;0400 UTC;0;998,9;999,3;998,8;0;24,5;24,5;24,5;24,4;24,5;24,4;100;100;100;;2,8;,1;
2026/05/01;0500 UTC;0;998,3;998,9;998,3;0;24,3;24,3;24,5;24,3;24,4;24,3;100;100;100;;1,5;0;
2026/05/01;0600 UTC;0;998,2;998,3;998,2;0;24,3;24,3;24,3;24,2;24,3;24,2;100;100;100;;0;0;
2026/05/01;0700 UTC;0;997,9;998,2;997,9;0;24;24;24,4;24;24,4;24;100;100;100;;1,5;0;
2026/05/01;0800 UTC;0;997,9;997,9;997,7;0;23,6;23,6;24;23,6;24;23,6;100;100;100;;1,9;,2;
2026/05/01;0900 UTC;0;998,3;998,3;997,9;,1;23,3;23,3;23,6;23,3;23,6;23,3;100;100;100;;1,9;0;
2026/05/01;1000 UTC;0;998,8;998,8;998,3;167,8;24;24;24;23,2;24;23,2;100;100;100;;2;0;
2026/05/01;1100 UTC;0;999,6;999,6;998,8;864,7;25,2;25,2;25,2;23,9;25,2;23,9;100;100;100;;3,2;1,9;
2026/05/01;1200 UTC;0;1000,5;1000,5;999,6;1813;27,1;25,5;27,2;25,2;26;25,1;100;91;91;;6,2;3,7;
2026/05/01;1300 UTC;0;1000,9;1000,9;1000,5;2310,9;28,5;26,4;28,5;27,1;26,4;25,4;93;86;88;;6,4;2,3;
2026/05/01;1400 UTC;0;1001,1;1001,1;1000,9;2367,4;29,6;25,1;29,7;28,3;26,3;25;88;77;77;;7,3;4,7;
2026/05/01;1500 UTC;0;1000,6;1001,1;1000,6;3024,7;30;25,2;30,3;29,6;25,7;24,3;79;71;75;;7,8;3,5;
2026/05/01;1600 UTC;0;999,4;1000,6;999,4;2644,5;29,6;25,1;30,9;29,5;25,5;23,6;77;67;77;;6,3;1,7;
2026/05/01;1700 UTC;0;998,2;999,4;998,2;2777,8;30,6;24,3;30,7;29,5;25,6;23,5;78;66;69;;6;1,4;
2026/05/01;1800 UTC;0;997,3;998,2;997,3;1929,9;31,1;25;31,4;30,2;26,2;23,5;78;65;70;;5,7;1,5;
2026/05/01;1900 UTC;0;997,3;997,3;997;1240,7;28,2;26,7;31,5;28,2;26,8;24,2;92;66;92;;5,7;3,3;
2026/05/01;2000 UTC;0;997,8;997,8;997,3;158,4;26,9;26,7;28,2;26,9;27;26,4;99;92;99;;5,7;1,4;
2026/05/01;2100 UTC;2;998,8;998,8;997,8;19,5;26;26;26,9;26;26,8;26;100;99;100;;5,6;1,9;
2026/05/01;2200 UTC;2,4;999,7;999,7;998,8;,3;25,5;25,4;26;25,4;25,9;25,4;100;100;100;;3,3;,4;
2026/05/01;2300 UTC;,2;1000,4;1000,4;999,7;0;25,3;25,2;25,5;25,2;25,5;25,2;100;100;100;;3,3;1,4;
2026/05/02;0000 UTC;0;1000,9;1000,9;1000,3;0;25;25;25,3;25;25,2;25;100;100;100;;4,1;0;
2026/05/02;0100 UTC;0;1001,3;1001,4;1000,9;0;24,9;24,9;25;24,9;25;24,9;100;100;100;;0;0;
2026/05/02;0200 UTC;,2;1000,8;1001,3;1000,8;0;24,5;24,5;24,9;24,5;24,9;24,5;100;100;100;;0;0;
2026/05/02;0300 UTC;0;1000,6;1000,8;1000,6;0;24,3;24,3;24,5;24,3;24,5;24,3;100;100;100;;0;0;
2026/05/02;0400 UTC;0;1000,2;1000,6;1000,2;0;24,6;24,6;24,6;24,3;24,6;24,3;100;100;100;;0;0;
2026/05/02;0500 UTC;0;999,6;1000,2;999,6;0;24,4;24,4;24,7;24,4;24,7;24,4;100;100;100;;0;0;
2026/05/02;0600 UTC;0;999,5;999,7;999,5;0;24,3;24,3;24,4;24,3;24,4;24,3;100;100;100;;0;0;
2026/05/02;0700 UTC;0;999,2;999,5;999,2;0;24,2;24,2;24,3;24,1;24,3;24,1;100;100;100;;0;0;
2026/05/02;0800 UTC;0;999,2;999,2;999;0;23,9;23,9;24,2;23,8;24,2;23,8;100;100;100;;0;0;
2026/05/02;0900 UTC;0;999,9;999,9;999,2;0;23,8;23,8;24;23,8;24;23,8;100;100;100;;0;0;
2026/05/02;1000 UTC;0;1000,5;1000,5;999,9;99,6;24,1;24,1;24,1;23,7;24,1;23,7;100;100;100;;0;0;
2026/05/02;1100 UTC;0;1001,5;1001,5;1000,5;556;25,2;25,2;25,3;24,1;25,3;24,2;100;100;100;;0;0;
2026/05/02;1200 UTC;0;1001,4;1001,6;1001,2;1271,3;26;25,4;26;25,2;25,6;25;100;96;97;;2,3;,1;
2026/05/02;1300 UTC;0;1002,1;1002,2;1001,4;1320,2;27;25,4;27,2;26;26;25,1;98;90;91;;3;1,9;
2026/05/02;1400 UTC;0;1001,7;1002,2;1001,7;2020,9;28,6;25,2;28,6;27;26,3;24,8;92;80;82;;4,2;2,3;
2026/05/02;1500 UTC;0;1001;1001,7;1001;1186,9;28,3;26,1;28,9;28,2;27,8;24,8;96;80;88;;3,7;,6;
2026/05/02;1600 UTC;0;999,6;1001;999,6;2635,1;30,6;24,8;30,6;28,3;26,8;24,2;90;70;71;;4,1;1,6;
2026/05/02;1700 UTC;0;998,5;999,6;998,5;2112,8;29,9;26,1;30,5;29;27,6;24,8;91;71;80;;5,4;1,3;
2026/05/02;1800 UTC;0;998,1;998,5;998,1;2026,4;29,3;25,3;30,8;29,3;27,4;25,2;85;76;79;;3,7;,3;
2026/05/02;1900 UTC;0;997,4;998,1;997,4;657,1;28,8;26,6;29,4;28,8;27;25,2;89;79;88;;1,6;,2;
2026/05/02;2000 UTC;0;998,3;998,3;997,3;370,9;28,5;26,7;28,8;28,3;27,2;26,2;92;87;90;;,8;,2;
2026/05/02;2100 UTC;0;998,9;998,9;998,2;156,5;28,1;27,7;28,7;28,1;27,7;26,5;98;89;98;;1,8;,8;
2026/05/02;2200 UTC;0;999,6;999,6;998,7;1;27,3;27,2;28,1;27,2;27,8;27,2;100;98;100;;1,8;0;
2026/05/02;2300 UTC;,6;1001,2;1001,2;999,6;1,3;25,2;25,2;27,4;25,2;27,4;24,8;100;93;100;;9,5;,2;
2026/05/03;0000 UTC;0;1001,7;1001,9;1001,1;0;25,1;25,1;25,2;25;25,2;25;100;100;100;;1,2;0;
2026/05/03;0100 UTC;,4;1002,1;1002,1;1001,4;0;25,1;25,1;25,2;25;25,2;25;100;100;100;;2,7;,6;
2026/05/03;0200 UTC;0;1002,2;1002,4;1002;0;25;25;25,2;25;25,2;25;100;100;100;;1,5;0;
2026/05/03;0300 UTC;0;1001,7;1002,3;1001,7;0;24,8;24,8;25;24,8;25;24,8;100;100;100;;0;0;
2026/05/03;0400 UTC;0;1000,8;1001,7;1000,8;0;24,7;24,7;24,9;24,7;24,9;24,7;100;100;100;;0;0;
2026/05/03;0500 UTC;0;999,7;1000,8;999,7;0;24,6;24,6;24,7;24,5;24,7;24,5;100;100;100;;0;0;
2026/05/03;0600 UTC;0;998,9;999,7;998,9;0;24,3;24,3;24,6;24,2;24,6;24,2;100;100;100;;0;0;
2026/05/03;0700 UTC;0;998,8;998,9;998,5;0;24,1;24,1;24,3;24,1;24,3;24,1;100;100;100;;0;0;
2026/05/03;0800 UTC;0;999,3;999,3;998,7;0;23,8;23,8;24,1;23,8;24,1;23,8;100;100;100;;0;0;
2026/05/03;0900 UTC;0;999,9;999,9;999,3;0;23,6;23,6;23,8;23,5;23,8;23,5;100;100;100;;0;0;
2026/05/03;1000 UTC;0;1000,2;1000,2;999,8;88,8;23,9;23,9;23,9;23,6;23,9;23,6;100;100;100;;0;0;
2026/05/03;1100 UTC;0;1001,4;1001,4;1000,2;410,6;24,5;24,5;24,5;23,9;24,5;23,9;100;100;100;;0;0;
2026/05/03;1200 UTC;0;1001,9;1002;1001,4;1038,9;25,7;25,7;25,8;24,5;25,8;24,6;100;100;100;;3,3;1,8;
2026/05/03;1300 UTC;,2;1002;1002,1;1001,9;1734,3;27,5;26,2;27,5;25,7;26,2;25,4;100;90;93;;4,6;1,3;
2026/05/03;1400 UTC;0;1001,8;1002,1;1001,8;2092,2;28,4;25,7;28,5;27,4;26,1;25,2;93;84;85;;6,4;3,9;
2026/05/03;1500 UTC;0;1000,7;1001,8;1000,7;2852,4;29,7;25,6;30;28,4;26,3;25,3;87;77;79;;6,2;1,8;
2026/05/03;1600 UTC;0;999,3;1000,7;999,3;2729,7;30,9;25,7;30,9;29,7;26,7;24,7;82;70;74;;5,1;2,1;
2026/05/03;1700 UTC;0;997,7;999,3;997,6;2646,6;31,3;25;31,9;30,7;27;24,2;79;65;69;;7,2;3,4;
2026/05/03;1800 UTC;0;996,5;997,7;996,5;1693,3;30,4;25,9;31,9;30,4;26,4;24,3;78;65;77;;7,3;2,5;
2026/05/03;1900 UTC;2,4;997,1;997,4;996,5;1350,3;26,3;25;31,4;26,3;26,6;24,9;93;71;93;;13,7;7,8;
2026/05/03;2000 UTC;,2;998,1;998,1;997,1;209,4;26,5;26;26,5;25,5;26;24,3;97;91;97;;13,7;3,3;
2026/05/03;2100 UTC;10,4;999,3;999,9;998,1;45,1;24;24;26,5;24;25,8;24;100;95;100;;13,6;2,5;
2026/05/03;2200 UTC;2,2;999,8;999,8;999,1;,4;24,6;24,6;24,6;23,9;24,6;23,9;100;100;100;;5,1;2,5;
2026/05/03;2300 UTC;,6;1001;1001,1;999,8;1,1;23,9;23,9;24,8;23,9;24,8;23,9;100;100;100;;7,8;5,1;
2026/05/04;0000 UTC;,6;1001,2;1001,3;1001;0;23,9;23,9;24;23,9;24;23,9;100;100;100;;7,8;1;
2026/05/04;0100 UTC;0;1001,1;1001,3;1001;0;24,1;24,1;24,1;23,9;24,1;23,8;100;100;100;;2,3;0;
2026/05/04;0200 UTC;,2;1000,9;1001,2;1000,9;0;23,9;23,9;24,2;23,9;24,2;23,9;100;100;100;;,8;0;
2026/05/04;0300 UTC;0;1000,6;1000,9;1000,5;0;24;24;24,1;23,8;24,1;23,8;100;100;100;;0;0;
2026/05/04;0400 UTC;,2;1000;1000,6;1000;0;23,7;23,7;24;23,7;24;23,6;100;100;100;;0;0;
2026/05/04;0500 UTC;0;999,4;1000;999,4;0;23,3;23,3;23,7;23,3;23,7;23,3;100;100;100;;0;0;
2026/05/04;0600 UTC;0;999,6;999,7;999,4;0;23,2;23,2;23,3;23,1;23,3;23,1;100;100;100;;1,8;0;
2026/05/04;0700 UTC;0;999,5;999,7;999,5;0;23,4;23,4;23,4;23,1;23,4;23,1;100;100;100;;1,5;,4;
2026/05/04;0800 UTC;0;999,6;999,6;999,5;0;23,3;23,3;23,4;23,3;23,4;23,3;100;100;100;;1,2;0;
2026/05/04;0900 UTC;0;999,8;999,8;999,6;0;23,4;23,4;23,4;23,3;23,4;23,3;100;100;100;;0;0;
2026/05/04;1000 UTC;0;1000,4;1000,4;999,8;85,1;23,7;23,7;23,7;23,4;23,7;23,4;100;100;100;;0;0;
2026/05/04;1100 UTC;0;1001,5;1001,5;1000,4;450,5;24,3;24,3;24,3;23,7;24,3;23,7;100;100;100;;0;0;
2026/05/04;1200 UTC;0;1001,8;1001,9;1001,5;1504,3;26,4;26;26,4;24,3;26;24,4;100;97;98;;5,6;2,9;
2026/05/04;1300 UTC;0;1002,1;1002,1;1001,8;1951,2;27,2;25,2;27,3;26,3;26,1;25,2;98;89;89;;6,5;3,7;
2026/05/04;1400 UTC;0;1002,2;1002,3;1002,1;2153,8;28,7;25,6;28,7;27,1;25,9;24,8;92;81;83;;7,1;3,3;
2026/05/04;1500 UTC;0;1001,2;1002,2;1001,2;3234,4;30,3;24,8;30,4;28,3;25,8;24,3;84;72;72;;7,2;4,1;
2026/05/04;1600 UTC;0;999,8;1001,2;999,8;3163,4;30,5;24,9;30,6;29,4;25,7;24,3;80;70;72;;7;2,1;
2026/05/04;1700 UTC;0;998,7;999,8;998,7;2771,4;30,9;25,8;31,5;30,4;26,8;24,3;77;67;74;;6,2;,3;
2026/05/04;1800 UTC;0;997,9;998,7;997,9;1972;31,1;24,6;31,1;28,6;26,9;23,4;88;65;68;;6,8;2,9;
2026/05/04;1900 UTC;11,6;997,8;998,2;997,7;1180,7;25,5;25,5;31,6;25,5;27;24,3;100;67;100;;12,8;1,1;
2026/05/04;2000 UTC;,2;997,9;998,3;997,8;222,9;25,5;25,5;25,5;25,3;25,5;25,3;100;100;100;;4,6;,1;
2026/05/04;2100 UTC;0;998,7;998,7;997,9;122,4;25,4;25,4;25,6;25,4;25,6;25,4;100;100;100;;3,4;,8;
2026/05/04;2200 UTC;0;999,4;999,4;998,7;1,5;25,4;25,4;25,5;25,3;25,5;25,3;100;100;100;;2,9;,3;
2026/05/04;2300 UTC;0;1000,2;1000,2;999,4;0;25,2;25,2;25,4;25,1;25,4;25,1;100;100;100;;1,7;0;
2026/05/05;0000 UTC;0;1000,9;1001;1000,2;0;24,9;24,9;25,2;24,8;25,2;24,8;100;100;100;;2,2;0;
2026/05/05;0100 UTC;0;1001,9;1001,9;1000,9;0;24,6;24,6;24,9;24,5;24,9;24,5;100;100;100;;1,8;0;
2026/05/05;0200 UTC;0;1002,3;1002,4;1001,9;0;24,7;24,7;24,8;24,6;24,8;24,6;100;100;100;;2,1;0;
2026/05/05;0300 UTC;0;1001,9;1002,3;1001,9;0;24,7;24,7;24,7;24,6;24,7;24,6;100;100;100;;1,3;0;
2026/05/05;0400 UTC;0;1001,1;1001,9;1001,1;0;24,7;24,6;24,7;24,5;24,7;24,5;100;100;100;;1;0;
2026/05/05;0500 UTC;0;1000,6;1001,1;1000,6;0;24,5;24,5;24,7;24,4;24,7;24,4;100;100;100;;2,6;,3;
2026/05/05;0600 UTC;0;1000,3;1000,6;1000,3;0;24,6;24,6;24,6;24,5;24,6;24,5;100;100;100;;3,7;,4;
2026/05/05;0700 UTC;0;1000,1;1000,3;999,9;0;24,4;24,4;24,6;24,3;24,6;24,3;100;100;100;;2,2;,3;
2026/05/05;0800 UTC;0;1000,4;1000,4;1000,1;0;24,1;24,1;24,4;24,1;24,4;24,1;100;100;100;;2,1;,1;
2026/05/05;0900 UTC;0;1000,5;1000,6;1000,4;0;24,1;24,1;24,1;24;24,1;24;100;100;100;;1,2;,1;
2026/05/05;1000 UTC;0;1001;1001;1000,5;149,7;24,6;24,6;24,6;24,1;24,6;24,1;100;100;100;;,6;0;
2026/05/05;1100 UTC;0;1001,9;1001,9;1001;515,5;25,2;25,2;25,2;24,6;25,2;24,7;100;100;100;;1,4;,5;
2026/05/05;1200 UTC;0;1002,7;1002,7;1001,9;559,3;25,6;25,6;25,6;25;25,6;25;100;100;100;;1,6;,6;
2026/05/05;1300 UTC;0;1002,9;1003;1002,7;1431,1;26,6;25,6;26,7;25,6;26,1;25,6;100;94;94;;3;1,6;
2026/05/05;1400 UTC;0;1002,6;1003;1002,5;2182,3;28,1;25,6;28,3;26,5;26,7;25;97;83;86;;5,1;3;
2026/05/05;1500 UTC;0;1001,8;1002,7;1001,8;1434,6;28,4;25,3;28,5;28,1;26,1;25,1;89;82;83;;5,1;2,3;
2026/05/05;1600 UTC;0;1000,6;1001,8;1000,6;2438,9;30;25,5;30;28,4;26,1;24,9;86;77;77;;5,2;2,5;
2026/05/05;1700 UTC;0;999,3;1000,6;999,3;2546,2;30,7;25,5;30,9;30;26;24,5;78;69;74;;6,7;1,9;
2026/05/05;1800 UTC;0;998,7;999,3;998,7;1634,6;30,7;24,9;31,2;30,1;26,1;24,6;79;68;71;;5,6;1,3;
2026/05/05;1900 UTC;22,2;1000,3;1000,4;998,7;434,2;24,5;24,5;30,8;24,5;25,6;23,7;100;68;100;;15,7;,8;
2026/05/05;2000 UTC;6,2;1000,2;1000,3;1000;43,1;24,3;24,3;24,5;24,1;24,5;24,1;100;100;100;;3,6;2,5;
2026/05/05;2100 UTC;,2;1000,9;1000,9;1000,2;21,1;24,3;24,3;24,3;24,2;24,3;24,2;100;100;100;;4;1,1;
2026/05/05;2200 UTC;0;1001,7;1001,7;1000,9;,3;24,2;24,2;24,5;24,2;24,5;24,2;100;100;100;;4,9;2,2;
2026/05/05;2300 UTC;0;1002,1;1002,1;1001,7;,3;23,9;23,9;24,2;23,8;24,2;23,8;100;100;100;;5,1;,2;
2026/05/06;0000 UTC;0;1002,5;1002,5;1002,1;0;23,8;23,8;24;23,8;24;23,8;100;100;100;;1,3;0;
2026/05/06;0100 UTC;0;1002,2;1002,5;1002;0;23,8;23,8;23,8;23,8;23,8;23,7;100;100;100;;1,9;,8;
2026/05/06;0200 UTC;0;1002,2;1002,2;1002,1;0;23,8;23,8;23,8;23,7;23,8;23,7;100;100;100;;1,9;0;
2026/05/06;0300 UTC;0;1001,9;1002,2;1001,9;0;23,7;23,7;23,9;23,7;23,9;23,7;100;100;100;;1,5;1;
2026/05/06;0400 UTC;,2;1001,3;1001,9;1001,3;0;23,7;23,7;23,8;23,6;23,8;23,6;100;100;100;;1,5;,1;
2026/05/06;0500 UTC;0;1000,5;1001,3;1000,5;0;23,6;23,6;23,7;23,6;23,7;23,6;100;100;100;;1,2;,7;
2026/05/06;0600 UTC;0;1000,1;1000,5;1000;0;23,5;23,5;23,7;23,5;23,7;23,5;100;100;100;;1,3;0;
2026/05/06;0700 UTC;0;1000,3;1000,3;1000,1;0;23,4;23,4;23,5;23,4;23,5;23,3;100;100;100;;,9;0;
2026/05/06;0800 UTC;0;1000,8;1000,8;1000,3;0;23,4;23,4;23,5;23,2;23,5;23,2;100;100;100;;1,8;,1;
2026/05/06;0900 UTC;0;1001,2;1001,2;1000,8;,1;23,4;23,4;23,4;23,3;23,4;23,3;100;100;100;;1,5;,3;
2026/05/06;1000 UTC;0;1001,7;1001,7;1001,2;133,8;23,7;23,7;23,7;23,3;23,7;23,3;100;100;100;;1,4;,2;
2026/05/06;1100 UTC;0;1002,6;1002,6;1001,7;336;23,8;23,8;23,9;23,6;23,9;23,6;100;100;100;;1,8;,2;
2026/05/06;1200 UTC;0;1003,1;1003,1;1002,6;780;24,6;24,6;24,6;23,8;24,6;23,9;100;100;100;;3,2;1,1;
2026/05/06;1300 UTC;0;1003,1;1003,3;1003,1;1546,7;25,8;25,2;25,8;24,6;25,3;24,3;100;94;97;;3,4;1,5;
2026/05/06;1400 UTC;0;1003,1;1003,1;1003;995,8;25,9;25;26;25,3;25,5;24,6;98;94;95;;3,4;1,2;
2026/05/06;1500 UTC;0;1002,1;1003,1;1002,1;1609;27,4;25,4;27,4;25,8;25,8;24,3;95;89;89;;2,9;1,6;
2026/05/06;1600 UTC;0;1000,9;1002,1;1000,9;2189,9;28,4;26,6;28,4;27,2;26,6;24,7;91;85;90;;3,6;1,6;
2026/05/06;1700 UTC;0;999,5;1000,9;999,5;2743;29,2;24,5;29,2;28,4;26,6;23,8;90;74;76;;3,8;,7;
2026/05/06;1800 UTC;0;998,3;999,5;998,3;2789,3;30,8;25;30,8;29,1;25,7;24,1;79;70;72;;3,1;,1;
2026/05/06;1900 UTC;0;997,7;998,3;997,7;1945,6;30,6;24,9;31,1;30,3;26;24,7;77;70;72;;3,7;,7;
2026/05/06;2000 UTC;0;998,3;998,3;997,7;900,1;29,9;26,6;31,1;29,9;26,7;25,1;83;72;83;;2,7;,8;
2026/05/06;2100 UTC;0;998,6;998,7;998,3;213,5;29,3;26,7;30,2;29,3;27;26,2;87;80;86;;1,8;,8;
2026/05/06;2200 UTC;0;999,5;999,5;998,6;2,2;27,6;26,2;29,3;27,6;26,9;25,8;93;86;92;;2;0;
2026/05/06;2300 UTC;2,8;1000,8;1000,8;999,5;1,3;25,2;24;27,6;25,2;26,8;23,6;97;89;94;;11,3;5,1;
2026/05/07;0000 UTC;14,2;1000,9;1001;1000,1;5,7;22,5;22,5;25,1;22;24,5;22;100;94;100;;15,5;2,5;
2026/05/07;0100 UTC;0;1002;1002;1000,9;4,5;23,6;23,6;23,6;22,5;23,6;22,2;100;96;100;;5,6;2,4;
2026/05/07;0200 UTC;4,2;1002,2;1002,5;1002;1,4;23,3;23,3;24,5;23,3;24,5;23,3;100;100;100;;10,7;2,4;
2026/05/07;0300 UTC;0;1001,8;1002,3;1001,6;0;23,3;23,3;23,3;23,2;23,3;23,2;100;100;100;;4,5;2;
2026/05/07;0400 UTC;0;1001,1;1001,9;1001,1;0;23,1;23,1;23,3;23,1;23,3;23,1;100;100;100;;3,3;,2;
2026/05/07;0500 UTC;,2;1000;1001,1;1000;0;23;23;23,1;23;23,1;23;100;100;100;;2,2;0;
2026/05/07;0600 UTC;0;999,8;1000;999,7;0;23;23;23;23;23;23;100;100;100;;,9;,2;
2026/05/07;0700 UTC;0;999,4;999,8;999,3;0;22,7;22,7;23,1;22,7;23,1;22,7;100;100;100;;,9;0;
2026/05/07;0800 UTC;0;999,5;999,6;999,4;0;22,6;22,6;22,7;22,5;22,7;22,5;100;100;100;;0;0;
2026/05/07;0900 UTC;0;1000,1;1000,1;999,5;,1;22,3;22,3;22,6;22,3;22,6;22,3;100;100;100;;0;0;
2026/05/07;1000 UTC;0;1000,9;1000,9;1000,1;209;23,2;23,2;23,2;22,2;23,2;22,2;100;100;100;;1;,3;
2026/05/07;1100 UTC;0;1001,5;1001,5;1000,9;793,1;23,8;23,8;23,8;23,1;23,8;23,1;100;100;100;;1,6;,3;
2026/05/07;1200 UTC;0;1001,6;1001,7;1001,5;1454;25,5;25,1;25,5;23,7;25,1;23,7;100;96;97;;2,8;1,4;
2026/05/07;1300 UTC;0;1001,4;1001,6;1001,3;2105,9;27,2;25,4;27,2;25,4;25,5;24,5;97;87;90;;3,7;,8;
2026/05/07;1400 UTC;0;1000,7;1001,4;1000,7;3061,3;28,7;25,4;28,8;27,2;25,8;24,8;91;79;83;;3,9;1,2;
2026/05/07;1500 UTC;0;999,8;1000,7;999,8;2335,9;29,5;25,3;29,5;28,6;26,4;24,9;87;78;78;;3,1;,6;
2026/05/07;1600 UTC;0;998,7;999,8;998,7;3085,6;30,8;24,9;30,8;29,5;26,2;24,1;82;69;71;;3,3;,8;
2026/05/07;1700 UTC;0;997,6;998,7;997,6;2787,1;31,7;24,1;31,7;30,6;25,7;23,8;73;64;64;;4,4;1,5;
2026/05/07;1800 UTC;0;996,8;997,6;996,8;1664;28,7;25;32,6;28,6;26,1;23,9;82;61;80;;4,7;,7;
2026/05/07;1900 UTC;0;996,3;996,8;996,2;1544,6;31,1;24,2;31,1;28,4;25,9;23,6;85;66;67;;3;0;
2026/05/07;2000 UTC;0;996,3;996,3;996,2;923,7;29,1;26,4;31,4;29,1;27;24;86;66;86;;2,8;1;
2026/05/07;2100 UTC;0;996,9;996,9;996,3;175,1;28,3;26,8;29;28,3;26,8;26,1;91;84;91;;2;,1;
2026/05/07;2200 UTC;0;997,8;997,8;996,9;1,4;27,2;26,6;28,4;27,2;27,5;26,5;98;91;97;;1,9;,3;
2026/05/07;2300 UTC;0;998,2;998,2;997,8;0;26,8;26,4;27,2;26,7;26,8;26,1;99;96;98;;2;,5;
2026/05/08;0000 UTC;0;999,6;999,6;998,2;0;26,5;26,2;26,8;26,3;26,5;25,5;99;95;98;;1,3;0;
2026/05/08;0100 UTC;0;1000,3;1000,3;999,6;0;25,4;25;26,5;25,4;26,4;24,9;100;96;97;;3,6;1,8;
2026/05/08;0200 UTC;0;1000,5;1000,5;1000,2;0;24,7;24,7;25,4;24,7;25,1;24,7;100;96;100;;4,6;1;
2026/05/08;0300 UTC;0;1000,5;1000,7;1000,5;0;24,6;24,6;24,8;24,6;24,8;24,6;100;100;100;;2,7;1,5;
2026/05/08;0400 UTC;0;999,8;1000,5;999,8;0;24,3;24,3;24,6;24,3;24,6;24,3;100;100;100;;7,5;2,4;
2026/05/08;0500 UTC;0;999,1;999,9;999,1;0;24,1;24,1;24,3;24,1;24,3;24,1;100;100;100;;3,5;,7;
2026/05/08;0600 UTC;0;998,5;999,1;998,5;0;23,7;23,7;24,1;23,7;24,1;23,7;100;100;100;;1,8;0;
2026/05/08;0700 UTC;0;998,6;998,6;998,4;0;23,5;23,5;23,7;23,5;23,7;23,5;100;100;100;;,3;0;
2026/05/08;0800 UTC;0;999;999;998,6;0;23,3;23,3;23,5;23,3;23,5;23,3;100;100;100;;1,2;,3;
2026/05/08;0900 UTC;0;999,3;999,3;999;0;23,4;23,4;23,4;23,3;23,4;23,3;100;100;100;;1,2;0;
2026/05/08;1000 UTC;0;1000;1000;999,3;72,5;23,6;23,6;23,6;23,4;23,6;23,4;100;100;100;;1,6;0;
2026/05/08;1100 UTC;0;1000,9;1000,9;1000;471,8;24,4;24,4;24,4;23,6;24,4;23,6;100;100;100;;0;0;
2026/05/08;1200 UTC;0;1001,3;1001,3;1000,9;1188,1;25,6;24,9;25,6;24,4;25,3;24,5;100;96;96;;3;1,4;
2026/05/08;1300 UTC;0;1001,3;1001,4;1001,3;1858,2;27,2;24,6;27,4;25,6;25,7;24,6;97;86;86;;3,7;1,8;
2026/05/08;1400 UTC;0;1001,2;1001,3;1001,1;2611,1;28,7;25,2;29;27,2;25,6;24,6;88;78;81;;4,2;1,5;
2026/05/08;1500 UTC;0;1000,6;1001,2;1000,6;2159,9;29,6;25,3;29,6;28,5;25,9;24,7;85;76;78;;3,5;1,5;
2026/05/08;1600 UTC;0;999,2;1000,6;999,2;1921,3;29,7;25,2;30,2;29,5;26,6;24,8;84;74;77;;3,4;,5;
2026/05/08;1700 UTC;0;997,9;999,2;997,9;1578,1;30,2;27,2;30,6;28,8;27,4;24,2;85;71;84;;4;1,1;
2026/05/08;1800 UTC;0;997,4;997,9;997,4;1465,4;30,6;25,5;30,8;30,1;27,3;24,3;84;70;74;;2,9;,3;
2026/05/08;1900 UTC;0;997,5;997,5;997,3;1290,3;30,6;25;30,6;30;25,7;24,1;78;69;72;;4,8;1;
2026/05/08;2000 UTC;4,2;998,5;998,5;997,5;585;24,9;24,9;30,8;24,9;25,9;24,4;100;70;100;;15,2;4,1;
2026/05/08;2100 UTC;0;998,7;998,7;998,4;58;24,7;24,7;24,9;24,4;24,9;24,4;100;100;100;;6,3;,8;
2026/05/08;2200 UTC;0;998,7;998,7;998,5;,9;24,4;24,4;24,7;24,4;24,7;24,4;100;100;100;;2,6;1,5;
2026/05/08;2300 UTC;0;999,3;999,3;998,7;0;24;24;24,4;24;24,4;24;100;100;100;;2,6;,1;
2026/05/09;0000 UTC;0;1000,2;1000,2;999,3;0;23,8;23,8;24,1;23,8;24,1;23,8;100;100;100;;1,6;,1;
2026/05/09;0100 UTC;0;1000,6;1000,8;1000,2;0;23,8;23,8;23,8;23,7;23,8;23,7;100;100;100;;1,6;0;
2026/05/09;0200 UTC;0;1000,8;1000,8;1000,5;0;23,9;23,9;24;23,8;24;23,8;100;100;100;;2,7;1,7;
2026/05/09;0300 UTC;0;1000,6;1000,8;1000,5;0;23,8;23,8;23,9;23,8;23,9;23,8;100;100;100;;2,8;,9;
2026/05/09;0400 UTC;0;999,7;1000,6;999,7;0;23,7;23,7;23,8;23,7;23,8;23,7;100;100;100;;3;,5;
2026/05/09;0500 UTC;0;999,2;999,7;999,2;0;23,7;23,7;23,8;23,7;23,8;23,7;100;100;100;;1,5;,1;
2026/05/09;0600 UTC;0;998,5;999,2;998,5;0;23,7;23,7;23,8;23,7;23,8;23,7;100;100;100;;1,7;,1;
2026/05/09;0700 UTC;0;998;998,5;997,9;0;23,4;23,4;23,7;23,4;23,7;23,4;100;100;100;;1,9;,5;
2026/05/09;0800 UTC;0;998,3;998,3;998;0;23,4;23,4;23,5;23,4;23,5;23,4;100;100;100;;2,2;,7;
2026/05/09;0900 UTC;0;998,9;998,9;998,3;,1;23,5;23,5;23,5;23,4;23,5;23,4;100;100;100;;1,6;,3;
2026/05/09;1000 UTC;0;1000;1000;998,9;112,5;23,7;23,7;23,7;23,4;23,7;23,4;100;100;100;;1,2;0;
2026/05/09;1100 UTC;0;1000,8;1000,8;1000;664;24,8;24,8;24,8;23,7;24,8;23,7;100;100;100;;2;,4;
2026/05/09;1200 UTC;0;1001,4;1001,4;1000,8;1737,9;26,5;24,7;26,7;24,8;25,9;24,7;100;89;90;;4,2;,9;
2026/05/09;1300 UTC;0;1001,6;1001,6;1001,4;2053,1;27,7;25;28;26,5;25,6;24,1;91;84;86;;7,2;4;
2026/05/09;1400 UTC;0;1001,5;1001,6;1001,4;2103,6;28,8;25,6;28,8;27,6;25,7;24,9;88;81;83;;7,2;3,4;
2026/05/09;1500 UTC;0;1000,8;1001,5;1000,8;2409,1;29,9;25,6;30;28,6;26,5;25;84;77;78;;7,4;2,1;
2026/05/09;1600 UTC;0;999,7;1000,8;999,7;2746,4;30,6;25,8;31,2;29,5;26,5;24,9;84;69;76;;6;2;
2026/05/09;1700 UTC;0;998,3;999,7;998,3;1792,1;30,1;25,5;31,1;29,9;26,8;24,6;82;70;76;;4,5;,8;
2026/05/09;1800 UTC;0;997,4;998,3;997,3;2457,2;31,3;25,5;31,5;30,1;25,9;24;77;67;71;;5;1,5;
2026/05/09;1900 UTC;8,2;997,4;997,7;997,1;838,6;26,6;26,5;31,4;26,2;26,8;25,2;100;71;99;;11,3;1,1;
2026/05/09;2000 UTC;0;998,2;998,2;997,4;332,7;27,5;26,7;27,8;26,6;26,8;26;100;91;96;;4,2;1,6;
2026/05/09;2100 UTC;0;999,2;999,2;998,2;86,5;26,4;26,1;27,6;26,4;26,8;26;99;93;98;;6,1;2,4;
2026/05/09;2200 UTC;0;1000,4;1000,4;999,2;4,4;25,4;25,1;26,4;25,4;26,2;25,1;99;96;99;;6,1;2,9;
2026/05/09;2300 UTC;0;1000,8;1000,9;1000,2;,2;24,9;24,9;25,4;24,9;25,2;24,9;100;99;100;;5,2;2,7;
2026/05/10;0000 UTC;0;1000,9;1000,9;1000,6;0;24,5;24,5;24,9;24,5;24,9;24,5;100;100;100;;4,2;1,8;
2026/05/10;0100 UTC;0;1001,5;1001,7;1000,9;0;24,2;24,2;24,5;24,2;24,5;24,2;100;100;100;;2,9;,7;
2026/05/10;0200 UTC;0;1001,7;1001,8;1001,5;0;24,3;24,3;24,3;24,2;24,3;24,2;100;100;100;;2,1;0;
2026/05/10;0300 UTC;0;1001,2;1001,7;1001,2;0;24;24;24,3;24;24,3;24;100;100;100;;2,6;1,4;
2026/05/10;0400 UTC;0;1000,5;1001,2;1000,5;0;24;24;24;23,9;24;23,9;100;100;100;;3,3;,1;
2026/05/10;0500 UTC;0;999,6;1000,5;999,6;0;23,8;23,8;24;23,8;24;23,8;100;100;100;;1,5;1;
2026/05/10;0600 UTC;0;999,5;999,6;999,3;0;23,8;23,8;23,9;23,8;23,8;23,8;100;100;100;;2,4;,1;
2026/05/10;0700 UTC;0;999,5;999,6;999,5;0;23,8;23,8;23,9;23,8;23,9;23,8;100;100;100;;1,8;0;
2026/05/10;0800 UTC;0;999,7;999,8;999,5;0;23,6;23,6;23,8;23,5;23,8;23,5;100;100;100;;0;0;
2026/05/10;0900 UTC;0;1000,3;1000,3;999,7;,1;23,7;23,7;23,7;23,5;23,7;23,5;100;100;100;;2,4;,7;
2026/05/10;1000 UTC;0;1001,1;1001,1;1000,3;193,2;24,3;24,3;24,3;23,7;24,3;23,7;100;100;100;;3,4;,3;
2026/05/10;1100 UTC;0;1001,9;1001,9;1001,1;1070,8;25,7;25,1;25,9;24,3;25,6;24,3;100;96;97;;4,2;2,5;
2026/05/10;1200 UTC;0;1002,6;1002,6;1001,9;1607,2;26,9;25,2;26,9;25,7;25,6;24,6;97;88;90;;6,4;2,8;
2026/05/10;1300 UTC;0;1002,9;1002,9;1002,5;2091,6;28,5;25,3;28,5;26,9;25,5;24,7;91;81;83;;9,2;4,9;
2026/05/10;1400 UTC;0;1002,6;1003;1002,6;1930,5;29;25,3;29;28,1;26;24,9;85;80;80;;8,6;4,1;
2026/05/10;1500 UTC;0;1001,5;1002,6;1001,5;3149,2;30,2;25,3;30,3;29;26;24,5;82;74;75;;8,3;3,6;
2026/05/10;1600 UTC;0;1000,2;1001,5;1000,2;2733,8;30,3;25,1;30,7;30,2;26,1;24,5;78;70;74;;7,1;2,9;
2026/05/10;1700 UTC;0;998,8;1000,2;998,8;2467,7;30,5;24,6;31;30,1;25,5;24;75;67;71;;7;2,6;
2026/05/10;1800 UTC;0;998,1;998,8;998,1;2368,9;30,6;25,4;30,8;30,1;25,7;24,4;76;70;74;;8;2,6;
2026/05/10;1900 UTC;,8;997,7;998,2;997,7;1689,5;29,6;26;31;28,6;28,4;25,1;98;72;81;;8,6;3,4;
2026/05/10;2000 UTC;0;998,5;998,5;997,7;717,7;28,8;25,2;29,6;28,8;27,5;24,7;90;78;81;;8,6;3;
2026/05/10;2100 UTC;0;999,1;999,1;998,4;164,3;27,7;25,4;28,8;27,7;26;24,5;90;79;88;;8,5;1,4;
2026/05/10;2200 UTC;0;999,3;999,3;998,9;,5;26,8;26,1;27,7;26,8;26,2;25,1;97;86;96;;2,9;1,1;
2026/05/10;2300 UTC;0;1000,5;1000,5;999,3;0;26,6;25,5;26,9;26,4;26,3;25,2;97;90;94;;3,3;1,7;
2026/05/11;0000 UTC;0;1001,5;1001,5;1000,5;0;25,9;25,7;26,6;25,9;26;25,4;99;93;99;;3,3;1,2;
2026/05/11;0100 UTC;0;1002,3;1002,4;1001,5;0;25,6;25,6;25,9;25,6;25,7;25,6;100;99;100;;2,4;,6;
2026/05/11;0200 UTC;0;1002,5;1002,5;1002,3;0;25,4;25,4;25,6;25,4;25,6;25,4;100;100;100;;2,1;,9;
2026/05/11;0300 UTC;0;1001,9;1002,5;1001,9;0;25,1;25,1;25,4;25,1;25,4;25,1;100;100;100;;1,7;,1;
2026/05/11;0400 UTC;0;1001,3;1002;1001,3;0;24,7;24,7;25,1;24,7;25,1;24,7;100;100;100;;1,6;0;
2026/05/11;0500 UTC;0;1000,3;1001,3;1000,3;0;24,5;24,5;24,7;24,5;24,7;24,5;100;100;100;;,7;0;
2026/05/11;0600 UTC;0;1000,1;1000,3;1000,1;0;24,3;24,3;24,5;24,3;24,5;24,3;100;100;100;;0;0;
2026/05/11;0700 UTC;0;999,8;1000,2;999,8;0;24,4;24,4;24,4;24,2;24,4;24,2;100;100;100;;1,5;,1;
2026/05/11;0800 UTC;0;999,8;999,8;999,7;0;24,4;24,4;24,4;24,3;24,4;24,3;100;100;100;;,9;0;
2026/05/11;0900 UTC;0;1000;1000;999,6;0;24,2;24,2;24,4;24,2;24,3;24,2;100;100;100;;0;0;
2026/05/11;1000 UTC;0;1000,4;1000,4;999,9;70;24,5;24,5;24,5;24,2;24,5;24,2;100;100;100;;,9;0;
2026/05/11;1100 UTC;0;1000,9;1000,9;1000,4;1014,4;25,7;25,2;25,8;24,5;25,5;24,5;100;95;97;;5,5;2,7;
2026/05/11;1200 UTC;0;1001,3;1001,3;1000,9;1704,7;26,7;24,3;26,7;25,5;24,9;23,7;96;85;87;;5,5;2,5;
2026/05/11;1300 UTC;0;1001;1001,3;1001;2660,6;28;24,4;28;26,7;24,9;24;87;80;81;;5,5;3;
2026/05/11;1400 UTC;0;1000,8;1001,1;1000,8;2323,9;28,4;24,7;28,6;28;25,6;24,2;85;78;80;;5,5;1;
2026/05/11;1500 UTC;0;1000;1000,8;1000;2567,1;29,9;25,1;29,9;28,2;25,8;24,4;84;75;75;;3,4;,3;
2026/05/11;1600 UTC;0;999;1000;999;1848,1;29,6;26,4;30,4;29,4;26,8;24,4;85;70;83;;4;,9;
2026/05/11;1700 UTC;,2;997,6;999;997,6;2391,9;30;25,8;30,6;29;28,4;24,9;95;72;78;;4,5;1,1;
2026/05/11;1800 UTC;2,6;997;997,6;997;1490,9;27,6;27,5;31,4;27,6;28;24,6;100;67;100;;5,7;,8;
2026/05/11;1900 UTC;0;996,7;997;996,5;583,3;28,5;27,6;28,5;27,5;28,2;26,9;100;94;95;;2,8;,7;
2026/05/11;2000 UTC;0;996,7;996,9;996,7;1174,3;29,5;26,7;30,2;28,4;27,9;25,5;96;79;85;;3;,7;
2026/05/11;2100 UTC;0;997,7;997,7;996,7;251,7;28,8;27,1;29,5;28,8;27,5;26;91;81;91;;4;2,5;
2026/05/11;2200 UTC;0;999;999;997,7;2;27,4;27,1;28,8;27,4;27,4;26,5;99;91;99;;5,9;1,6;
2026/05/11;2300 UTC;0;999,9;1000;999;0;26,3;26,3;27,4;26,3;27,2;26,3;100;98;100;;4,6;2,9;
2026/05/12;0000 UTC;1;1000,6;1001;999,9;0;26;26;26,3;26;26,3;26;100;100;100;;4,2;1,9;
2026/05/12;0100 UTC;0;1000,9;1001;1000,6;0;25,7;25,7;26;25,6;26;25,6;100;100;100;;4,3;,1;
2026/05/12;0200 UTC;0;1001,5;1001,5;1000,9;0;25,6;25,6;25,7;25,6;25,7;25,6;100;100;100;;1,5;0;
2026/05/12;0300 UTC;0;1000,6;1001,5;1000,6;0;25,5;25,5;25,7;25,5;25,7;25,5;100;100;100;;1;0;
2026/05/12;0400 UTC;0;1000,1;1000,6;1000,1;0;25,3;25,3;25,5;25,3;25,5;25,3;100;100;100;;,8;0;
2026/05/12;0500 UTC;,2;999,1;1000,1;999,1;0;25,2;25,2;25,3;25,2;25,3;25,2;100;100;100;;1;0;
2026/05/12;0600 UTC;0;999;999,1;998,9;0;24,9;24,9;25,2;24,9;25,2;24,9;100;100;100;;0;0;
2026/05/12;0700 UTC;,2;998,8;999;998,8;0;24,5;24,5;24,9;24,5;24,9;24,5;100;100;100;;1,1;0;
2026/05/12;0800 UTC;0;998,7;998,9;998,7;0;24,6;24,6;24,6;24,4;24,6;24,4;100;100;100;;,7;0;
2026/05/12;0900 UTC;0;999,2;999,2;998,7;,5;24,4;24,4;24,6;24,4;24,6;24,4;100;100;100;;,9;0;
2026/05/12;1000 UTC;0;1000;1000;999,2;171;25,1;25,1;25,1;24,4;25,1;24,4;100;100;100;;1,5;,1;
2026/05/12;1100 UTC;0;1001;1001;1000;785,8;25,9;25,9;26,1;25,1;26,1;25,1;100;100;100;;4,1;2,6;
2026/05/12;1200 UTC;0;1001,2;1001,2;1001;1500,8;27,5;26,1;27,5;25,9;26,4;25,7;100;91;92;;4,8;2,3;
2026/05/12;1300 UTC;0;1001;1001,3;1001;2525;29,1;25,5;29,1;27,5;26,3;25,5;92;81;81;;5;2,9;
2026/05/12;1400 UTC;0;1000,8;1001;1000,8;2335,9;29,5;26;29,8;29;26,7;25,3;86;78;81;;6,3;3,8;
2026/05/12;1500 UTC;0;1000,1;1000,8;1000,1;2759,8;30,8;26,1;30,9;29,5;26,3;25,3;82;72;76;;6,5;3,8;
2026/05/12;1600 UTC;,8;999,5;1000,1;999,3;2519,7;27,2;26,3;31,7;27,2;26,8;24,9;96;69;95;;8,1;1,5;
2026/05/12;1700 UTC;0;998,1;999,6;998;2434,9;29,8;26,9;30,2;26,8;27,6;26;99;82;85;;5;,7;
2026/05/12;1800 UTC;0;997,4;998,1;997,4;725,7;29,5;28;30,1;29,5;28,1;26;92;81;92;;2,6;,5;
2026/05/12;1900 UTC;0;997,4;997,5;997,3;879,3;28,7;28;29,6;28,7;28,6;28;98;92;96;;4,3;1,5;
2026/05/12;2000 UTC;0;998,1;998,1;997,4;502,8;28,1;28;28,8;28,1;28,4;27,7;100;94;99;;3,3;1,7;
2026/05/12;2100 UTC;0;998,3;998,3;998;119,5;27,3;27,2;28,1;27,3;28,1;27,2;100;99;100;;3,3;1,5;
2026/05/12;2200 UTC;0;999,4;999,4;998,2;,3;27;27;27,2;26,8;27,2;26,7;100;100;100;;2,3;,2;
2026/05/12;2300 UTC;0;1000,2;1000,2;999,4;0;26,5;26,5;27;26,5;26,9;26,5;100;100;100;;,9;0;
2026/05/13;0000 UTC;0;1001,2;1001,2;999,9;0;26,5;26,5;26,6;26,3;26,6;26,3;100;100;100;;4,4;2,8;
2026/05/13;0100 UTC;,6;1001,9;1002;1001,2;,1;26,1;26,1;26,5;26,1;26,5;26,1;100;100;100;;5;,2;
2026/05/13;0200 UTC;,2;1002,1;1002,2;1001,8;,6;24,8;24,8;26,1;24,8;26,1;24,8;100;100;100;;3,5;2;
2026/05/13;0300 UTC;8,4;1002,1;1002,2;1001,5;,2;24,4;24,4;24,8;24,4;24,8;24,4;100;100;100;;6,8;3,9;
2026/05/13;0400 UTC;3,6;1001,2;1002,1;1001,2;,1;23,9;23,9;24,4;23,9;24,3;23,9;100;100;100;;7,3;2;
2026/05/13;0500 UTC;,2;999,9;1001,3;999,9;0;23,6;23,6;23,9;23,6;23,8;23,6;100;100;100;;3,4;,9;
2026/05/13;0600 UTC;0;999,7;1000,2;999,7;0;23,7;23,7;23,8;23,6;23,8;23,6;100;100;100;;2,3;0;
2026/05/13;0700 UTC;0;1000,2;1000,2;999,7;0;23,7;23,7;23,8;23,7;23,8;23,7;100;100;100;;1,3;,1;
2026/05/13;0800 UTC;0;1000,2;1000,3;1000,1;0;23,8;23,8;23,9;23,7;23,9;23,7;100;100;100;;2,1;1,3;
2026/05/13;0900 UTC;0;1000,6;1000,6;1000,2;,1;23,9;23,9;23,9;23,8;23,9;23,8;100;100;100;;2,2;,8;
2026/05/13;1000 UTC;0;1001,4;1001,4;1000,6;45,3;23,8;23,8;23,9;23,8;23,9;23,8;100;100;100;;3,1;1,7;
2026/05/13;1100 UTC;0;1002,4;1002,4;1001,4;258,8;24,2;24,2;24,2;23,8;24,2;23,8;100;100;100;;3,3;1,2;
2026/05/13;1200 UTC;0;1003,3;1003,4;1002,4;505,4;24,5;24,5;24,5;24,1;24,5;24,1;100;100;100;;2,6;,9;
2026/05/13;1300 UTC;0;1003,1;1003,5;1003;719;25;25;25,1;24,4;25,1;24,4;100;100;100;;3,3;1,8;
2026/05/13;1400 UTC;,6;1003,4;1003,4;1003;631,2;24,9;24,9;25,3;24,9;25,3;24,9;100;100;100;;4;1,4;
2026/05/13;1500 UTC;12;1002,8;1003,7;1002,8;769,2;25,3;25,3;25,3;24,6;25,3;24,6;100;100;100;;3,8;,4;
2026/05/13;1600 UTC;0;1001,3;1002,8;1001,3;1316,6;24,8;24,8;26,1;23,9;26,1;23,9;100;98;100;;5,8;1,3;
2026/05/13;1700 UTC;,2;1000,1;1001,3;1000,1;2895;27,3;25,4;27,3;24,8;25,9;24,5;100;87;89;;4,2;1,2;
2026/05/13;1800 UTC;0;999,4;1000,1;999,4;2339,5;27,8;25,2;28,3;26,9;25,2;23,5;89;79;86;;4,5;1,5;
2026/05/13;1900 UTC;0;999,3;999,4;999,1;1097;27,8;26;28,2;27,3;26,5;24,7;95;84;90;;4,7;2;
2026/05/13;2000 UTC;0;1000,2;1000,2;999,3;536,9;26,7;25,5;27,8;26,7;26,2;25,2;94;89;93;;3,9;0;
2026/05/13;2100 UTC;0;1000,7;1000,7;1000,2;132,4;25,4;25,4;26,7;25,4;26,1;25,4;100;93;100;;3,7;1,1;
2026/05/13;2200 UTC;0;1001,8;1001,8;1000,7;1,3;25;25;25,4;25;25,4;25;100;100;100;;3,1;,4;
2026/05/13;2300 UTC;4,4;1003;1003;1001,8;0;24,9;24,9;25;24,9;25;24,9;100;100;100;;2;0;
2026/05/14;0000 UTC;21,4;1004,3;1004,3;1003;2,4;22,6;22,6;24,9;22,5;24,9;22,5;100;100;100;;9,5;,4;
2026/05/14;0100 UTC;4,2;1004,7;1004,7;1004,3;0;22,5;22,5;22,6;22,5;22,6;22,5;100;100;100;;1,9;0;
2026/05/14;0200 UTC;2,6;1004,7;1004,8;1004,7;0;22,7;22,7;22,7;22,5;22,7;22,5;100;100;100;;,4;0;
2026/05/14;0300 UTC;2,2;1004,5;1004,7;1004,5;0;22,7;22,7;22,7;22,6;22,7;22,6;100;100;100;;0;0;
2026/05/14;0400 UTC;1,8;1003,5;1004,5;1003,5;0;22,6;22,6;22,7;22,6;22,7;22,6;100;100;100;;2,8;1,6;
2026/05/14;0500 UTC;1;1002,9;1003,5;1002,9;0;22,6;22,6;22,6;22,6;22,6;22,6;100;100;100;;2,8;1,4;
2026/05/14;0600 UTC;1;1002,1;1002,9;1002,1;0;22,7;22,7;22,8;22,6;22,7;22,6;100;100;100;;2,1;,3;
2026/05/14;0700 UTC;,6;1001,4;1002,1;1001,4;0;22,7;22,7;22,8;22,7;22,8;22,7;100;100;100;;,9;0;
2026/05/14;0800 UTC;,4;1001,3;1001,4;1001,2;0;22,8;22,8;22,8;22,7;22,8;22,7;100;100;100;;,6;0;
2026/05/14;0900 UTC;,2;1001,2;1001,4;1001,2;0;22,8;22,7;22,8;22,7;22,8;22,7;100;100;100;;1,6;,7;
2026/05/14;1000 UTC;0;1001,3;1001,3;1000,9;212,4;23,3;23,3;23,3;22,7;23,3;22,7;100;100;100;;3,2;0;
2026/05/14;1100 UTC;0;1001,9;1001,9;1001,3;880,6;24,1;24,1;24,1;23,3;24,1;23,3;100;100;100;;1,9;,5;
2026/05/14;1200 UTC;0;1002,6;1002,6;1001,9;1622,1;25,9;24,7;25,9;24,1;25,4;24,1;100;93;93;;2,8;,6;
2026/05/14;1300 UTC;0;1002,6;1002,7;1002,6;2305,8;27,3;24,2;27,3;25,7;25,2;23,7;95;82;83;;2,5;,7;
2026/05/14;1400 UTC;0;1002,5;1002,6;1002,5;2932,3;29,2;24,2;29,3;27,3;25,3;23,4;85;74;74;;2,5;,6;
2026/05/14;1500 UTC;0;1001,8;1002,5;1001,8;2477;30,3;25,3;30,3;28,8;26;23,9;81;73;75;;3,9;,8;
2026/05/14;1600 UTC;0;1000,8;1001,8;1000,8;2601,2;31,4;24,7;31,5;30,1;26;23,7;78;67;68;;6,1;1,6;
2026/05/14;1700 UTC;0;999,6;1000,8;999,6;2859,6;31,6;25;31,7;31;25,9;24,2;72;65;68;;6,1;2,7;
2026/05/14;1800 UTC;1,2;999,6;999,6;999;1387,1;27,1;25,7;31,8;27,1;25,8;23,9;92;64;92;;7,8;2;
2026/05/14;1900 UTC;20,6;999,9;999,9;998,8;222,9;25,1;25,1;27,1;24,6;26;24,6;100;92;100;;10,5;1,4;
2026/05/14;2000 UTC;0;1000,1;1000,1;999,8;181,4;24,8;24,7;25,2;24,7;25,1;24,7;100;100;100;;4,5;1,6;
2026/05/14;2100 UTC;0;1000,8;1001;1000,1;105,1;24,7;24,7;24,9;24,7;24,9;24,7;100;100;100;;3,2;,1;
2026/05/14;2200 UTC;,2;1001,5;1001,5;1000,8;,7;24,9;24,9;24,9;24,7;24,9;24,7;100;100;100;;3,3;,8;
2026/05/14;2300 UTC;0;1002,4;1002,4;1001,5;0;24,8;24,8;25;24,8;25;24,8;100;100;100;;2,8;1,1;
2026/05/15;0000 UTC;0;1003,4;1003,4;1002,4;0;25;25;25;24,7;25;24,7;100;100;100;;4,1;2;
2026/05/15;0100 UTC;,8;1003,8;1003,8;1003,4;0;25;25;25,1;25;25,1;25;100;100;100;;3,2;1,1;
2026/05/15;0200 UTC;0;1003,4;1003,8;1003,4;0;24,8;24,8;25;24,8;25;24,8;100;100;100;;1,9;0;
2026/05/15;0300 UTC;0;1003;1003,4;1003;0;24,6;24,6;24,8;24,6;24,8;24,6;100;100;100;;,5;0;
2026/05/15;0400 UTC;0;1002,6;1003,1;1002,6;0;24,6;24,6;24,7;24,6;24,7;24,6;100;100;100;;1,8;,5;
2026/05/15;0500 UTC;0;1001,5;1002,6;1001,5;0;24,4;24,4;24,6;24,4;24,6;24,4;100;100;100;;1,8;0;
2026/05/15;0600 UTC;0;1001;1001,5;1000,9;0;24,2;24,2;24,4;24,2;24,4;24,2;100;100;100;;1,9;,6;
2026/05/15;0700 UTC;,2;1001,2;1001,2;1001;0;24,1;24,1;24,3;24;24,3;24;100;100;100;;1,4;,1;
2026/05/15;0800 UTC;0;1001,8;1001,8;1001,2;0;23,8;23,8;24,1;23,8;24,1;23,8;100;100;100;;1,4;0;
2026/05/15;0900 UTC;0;1002,5;1002,5;1001,8;,1;23,8;23,8;23,8;23,7;23,8;23,7;100;100;100;;0;0;
2026/05/15;1000 UTC;0;1003,5;1003,5;1002,5;84;24;24;24,1;23,8;24,1;23,8;100;100;100;;,7;0;
2026/05/15;1100 UTC;0;1004,2;1004,2;1003,5;756;24,7;24,7;24,9;24;24,9;24;100;100;100;;1,6;0;
2026/05/15;1200 UTC;0;1004,6;1004,6;1004,2;948,3;25,4;25,3;25,4;24,7;25,4;24,7;100;99;100;;2,1;,9;
2026/05/15;1300 UTC;0;1004,6;1004,7;1004,6;1413,5;26,1;24,7;26,3;25,4;25,7;24,7;100;92;92;;3,3;1,3;
2026/05/15;1400 UTC;0;1004,2;1004,6;1004,2;2598;28,1;25,1;28,2;26,1;25,9;24,3;94;80;84;;4,9;2,4;
2026/05/15;1500 UTC;0;1003,1;1004,2;1003,1;2201,7;28,7;25,1;29,1;27,8;25,7;24,2;86;77;81;;4,9;1,7;
2026/05/15;1600 UTC;0;1001,7;1003,1;1001,7;2497,1;29,7;24,9;29,8;28,7;25,8;24,5;83;74;76;;4,7;1,9;
2026/05/15;1700 UTC;0;1000,3;1001,7;1000,3;2125;30,1;25,2;30,4;29,6;25,8;24,5;79;71;75;;5,1;2,3;
2026/05/15;1800 UTC;0;999,1;1000,3;999,1;1828,1;30,6;24,8;30,6;29,8;25,9;24,7;78;70;71;;5;2,6;
2026/05/15;1900 UTC;0;998,6;999,1;998,6;1950,5;30,8;24,7;30,8;30,2;25,3;24;74;68;70;;4,6;2,1;
2026/05/15;2000 UTC;0;998,7;998,7;998,6;978,7;30,5;24,8;30,8;30,2;25,7;24,5;76;69;72;;3,8;1,7;
2026/05/15;2100 UTC;0;999;999;998,7;448,3;29,7;26,3;30,7;29,7;26,4;24,9;83;72;82;;3,7;,6;
2026/05/15;2200 UTC;0;999,6;999,6;998,8;8,6;28,1;26,2;29,7;28,1;26,8;25,8;91;82;89;;1,8;0;
2026/05/15;2300 UTC;13,6;1001,2;1001,2;999,6;3,1;24,9;24,9;28,2;24,9;27,1;24,9;100;89;100;;7,9;2,1;
2026/05/16;0000 UTC;12;1002,6;1002,6;1001,2;,3;24,4;24,4;24,9;24,2;24,9;24,2;100;100;100;;5,9;,4;
2026/05/16;0100 UTC;,6;1003;1003,1;1002,6;0;24,8;24,8;24,8;24,4;24,8;24,4;100;100;100;;1,9;,3;
2026/05/16;0200 UTC;0;1002,5;1003;1002,5;0;24,7;24,7;24,9;24,7;24,8;24,7;100;100;100;;2,5;1,3;
2026/05/16;0300 UTC;0;1002,1;1002,6;1002,1;0;24,5;24,5;24,8;24,5;24,8;24,5;100;100;100;;2,5;,2;
2026/05/16;0400 UTC;0;1001,9;1002,1;1001,9;0;24,3;24,3;24,5;24,3;24,5;24,3;100;100;100;;1,2;,3;
2026/05/16;0500 UTC;0;1001,4;1001,9;1001,4;0;23,9;23,9;24,3;23,9;24,3;23,9;100;100;100;;,9;0;
2026/05/16;0600 UTC;0;1000,6;1001,4;1000,6;0;23,8;23,8;23,9;23,7;23,9;23,7;100;100;100;;,4;0;
2026/05/16;0700 UTC;0;1000,4;1000,6;1000,4;0;23,4;23,4;23,8;23,4;23,8;23,4;100;100;100;;,5;,1;
2026/05/16;0800 UTC;0;1000,7;1000,7;1000,4;0;23,2;23,2;23,4;23,2;23,4;23,2;100;100;100;;,8;0;
2026/05/16;0900 UTC;0;1001,3;1001,3;1000,7;,1;23,1;23,1;23,3;23;23,3;23;100;100;100;;,7;,1;
2026/05/16;1000 UTC;0;1002,1;1002,2;1001,3;185,5;23,7;23,6;23,7;22,9;23,6;22,9;100;100;100;;,7;0;
2026/05/16;1100 UTC;0;1002,8;1002,8;1002,1;960;25,1;25;25,1;23,7;25;23,7;100;100;100;;2,3;,7;
2026/05/16;1200 UTC;0;1002,8;1003;1002,8;1640,5;26,8;25,5;26,8;25;25,7;24,9;100;93;93;;4;2,2;
2026/05/16;1300 UTC;0;1003;1003;1002,8;2297,3;28,1;25,1;28,2;26,8;25,9;24,7;94;82;84;;4,4;2,1;
2026/05/16;1400 UTC;0;1002,6;1003;1002,6;2564,4;29;24,7;29,4;27,9;25,6;24,2;85;74;78;;3,9;1,3;
2026/05/16;1500 UTC;,2;1002;1002,6;1002;2223,8;29,2;25,9;30,2;28,9;25,9;24;82;71;82;;4;,8;
2026/05/16;1600 UTC;0;1001;1002;1001;1937,4;28,7;25,8;30,5;28,6;27,7;24,2;94;69;84;;4,4;,6;
2026/05/16;1700 UTC;0;999,7;1001;999,7;2033,7;29,5;26,6;29,6;28,4;27,1;25,4;88;81;84;;5,7;2,7;
2026/05/16;1800 UTC;0;998,6;999,7;998,6;2680,5;30,7;26,3;30,9;29,6;27,3;25,8;85;76;78;;5,7;1,1;
2026/05/16;1900 UTC;0;997,9;998,6;997,9;1595,3;30;26,8;31,3;30;27,5;25,1;85;71;83;;3,5;1,3;
2026/05/16;2000 UTC;0;998;998,3;997,9;443,5;28,9;27,5;30;28,9;27,8;26,5;93;83;92;;3,5;,7;
2026/05/16;2100 UTC;0;999,3;999,3;998;156,8;27,3;26,5;28,9;27,3;27,5;25,8;96;87;96;;5,6;0;
2026/05/16;2200 UTC;0;999,6;999,7;999,3;1;26,4;26,4;27,3;26,4;26,8;26,3;100;95;100;;2,1;0;
2026/05/16;2300 UTC;0;1000,3;1000,3;999,6;0;26;26;26,4;26;26,3;25,9;100;99;100;;0;0;
2026/05/17;0000 UTC;0;1001,6;1001,6;1000,3;0;25,7;25,7;26,2;25,7;26,2;25,7;100;100;100;;3,4;1,2;
2026/05/17;0100 UTC;,2;1002,4;1002,4;1001,4;0;25,2;25,2;25,7;25,1;25,7;25,1;100;100;100;;3,1;0;
2026/05/17;0200 UTC;3;1002;1002,4;1002;0;25;25;25,3;25;25,3;25;100;100;100;;3,6;1,3;
2026/05/17;0300 UTC;1,6;1001,5;1002;1001,4;0;24,7;24,7;25;24,7;25;24,7;100;100;100;;3,6;0;
2026/05/17;0400 UTC;0;1001,2;1001,5;1001,2;0;24,4;24,4;24,7;24,4;24,7;24,4;100;100;100;;2;,1;
2026/05/17;0500 UTC;0;1000,9;1001,2;1000,9;0;24,3;24,3;24,5;24,3;24,4;24,3;100;100;100;;1,3;0;
2026/05/17;0600 UTC;0;1000,7;1000,9;1000,6;0;24,4;24,4;24,5;24,3;24,5;24,3;100;100;100;;,7;0;
2026/05/17;0700 UTC;0;1000,2;1000,7;1000,1;0;24,3;24,3;24,4;24,2;24,4;24,2;100;100;100;;0;0;
2026/05/17;0800 UTC;,2;999,9;1000,2;999,9;0;24,4;24,4;24,4;24,2;24,4;24,2;100;100;100;;1,1;,1;
2026/05/17;0900 UTC;,2;1000,2;1000,2;999,8;0;24,3;24,3;24,4;24,3;24,4;24,3;100;100;100;;1,5;,2;
2026/05/17;1000 UTC;0;1000,6;1000,6;1000,2;110,8;24,7;24,7;24,7;24,3;24,7;24,3;100;100;100;;1,5;0;
2026/05/17;1100 UTC;0;1001,5;1001,5;1000,6;465,8;25,1;25,1;25,1;24,7;25,1;24,7;100;100;100;;,6;0;
2026/05/17;1200 UTC;0;1002;1002;1001,5;1026,3;26,1;25,7;26,2;25,1;26,2;25,1;100;98;98;;3,4;2;
2026/05/17;1300 UTC;0;1002,1;1002,2;1002;2277,1;27,9;26,1;27,9;26,2;26,2;25,4;99;88;90;;5,8;3;
2026/05/17;1400 UTC;0;1001,7;1002,2;1001,7;2806,5;29,1;25,6;29,2;27,9;26,4;25,1;90;79;81;;6,4;3,4;
2026/05/17;1500 UTC;0;1001;1001,7;1001;3004,6;30;25,9;30,2;29,1;26;24,2;83;72;78;;6,7;3,2;
2026/05/17;1600 UTC;0;1000;1001;1000;2968,4;31;25;31,1;29,6;25,9;24;78;66;71;;8,3;3,2;
2026/05/17;1700 UTC;0;998,9;1000;998,9;2486,6;31,5;24,5;31,6;30,6;25,9;23,5;75;63;66;;6,2;2,6;
2026/05/17;1800 UTC;0;997,9;998,9;997,9;2642,2;32;24,8;32;31,5;25,2;23,5;70;61;66;;5,7;2,1;
2026/05/17;1900 UTC;0;997,4;997,9;997,4;1881;31,5;24,8;32,1;31,3;25,6;23,7;71;62;68;;4,5;,6;
2026/05/17;2000 UTC;0;997,4;997,4;997,2;991,3;31,3;25,5;31,8;31,1;26,2;23,7;75;64;71;;3,9;,3;
2026/05/17;2100 UTC;0;997,8;997,8;997,4;259;29,1;26,4;31,3;29,1;27;25,3;88;70;86;;2,3;,2;
2026/05/17;2200 UTC;0;998,3;998,3;997,8;1,5;27,5;26;29,1;27,5;27;25,8;95;84;91;;1,7;0;
2026/05/17;2300 UTC;0;999,3;999,3;998,3;0;27,2;26,7;27,6;27,2;27,4;26,1;100;91;97;;1,5;,2;
2026/05/18;0000 UTC;0;1000,8;1000,8;999,3;,7;25,8;24,6;27,3;25,8;27;24,6;100;90;93;;10,3;6,5;
2026/05/18;0100 UTC;0;1001,3;1001,3;1000,8;1,1;25;25;25,8;25;25,2;24,4;100;93;100;;10,3;,9;
2026/05/18;0200 UTC;0;1001,7;1001,7;1001,3;0;24,9;24,9;25,1;24,9;25,1;24,9;100;100;100;;3,3;1,3;
2026/05/18;0300 UTC;,2;1001,5;1001,7;1001,5;0;24,7;24,7;25;24,7;25;24,7;100;100;100;;3,3;1,2;
2026/05/18;0400 UTC;0;1001,1;1001,5;1001;0;24,5;24,5;24,7;24,5;24,7;24,5;100;100;100;;2,4;0;
2026/05/18;0500 UTC;0;1000,6;1001,2;1000,6;0;24,5;24,5;24,6;24,4;24,6;24,4;100;100;100;;0;0;
2026/05/18;0600 UTC;0;1000,3;1000,6;1000,2;0;24,5;24,5;24,6;24,4;24,6;24,4;100;100;100;;0;0;
2026/05/18;0700 UTC;0;1000,4;1000,4;1000,1;0;24,6;24,6;24,6;24,4;24,6;24,4;100;100;100;;0;0;
2026/05/18;0800 UTC;0;1000,6;1000,6;1000,3;0;24,4;24,4;24,6;24,4;24,6;24,4;100;100;100;;0;0;
2026/05/18;0900 UTC;0;1001,2;1001,2;1000,6;0;24,3;24,3;24,5;24,3;24,5;24,3;100;100;100;;0;0;
2026/05/18;1000 UTC;0;1001,8;1001,8;1001,2;100,5;24,7;24,7;24,7;24,3;24,7;24,3;100;100;100;;0;0;
2026/05/18;1100 UTC;0;1002,5;1002,5;1001,8;460,8;25,6;25,6;25,6;24,7;25,6;24,7;100;100;100;;0;0;
2026/05/18;1200 UTC;0;1003;1003;1002,5;1431,7;27;26,1;27,6;25,6;26,9;25,6;100;92;95;;5,1;2,8;
2026/05/18;1300 UTC;0;1003,2;1003,2;1003;1471,3;28;26,1;28;26,8;26,5;25,7;97;88;89;;5,1;3,3;
2026/05/18;1400 UTC;0;1002,9;1003,2;1002,9;2083,6;29,1;25,8;29,3;28;26,4;25,4;90;81;82;;6,5;3,5;
2026/05/18;1500 UTC;0;1002,1;1002,9;1002,1;2599,4;30,5;25,8;30,6;28,9;26,6;25,4;83;75;76;;6,4;2,4;
2026/05/18;1600 UTC;0;1000,9;1002,1;1000,9;1649,4;30,5;25,3;30,6;29,5;27,5;25,1;88;74;74;;4,2;1,2;
2026/05/18;1700 UTC;0;1000;1000,9;1000;2135,8;30,8;25,7;31,4;30,3;26,1;24,8;77;69;74;;5;1,1;
2026/05/18;1800 UTC;,6;998,8;1000;998,8;1505,1;28,9;26,4;30,8;27;28;24,6;100;74;86;;8,5;0;
2026/05/18;1900 UTC;0;998,7;999;998,7;2021,1;30,7;25,6;31;28,9;27,5;24,8;88;71;75;;5;3,4;
2026/05/18;2000 UTC;0;998,7;998,8;998,6;1290,2;27,8;25;30,7;27,8;26,5;24,7;85;74;85;;7,6;1,4;
2026/05/18;2100 UTC;0;999,4;999,5;998,7;108,5;26,4;25,6;27,8;26,4;25,8;24,9;96;85;95;;4,3;,3;
2026/05/18;2200 UTC;,2;999,9;999,9;999,2;0;25,8;25,8;26,5;25,8;26,2;25,6;100;95;100;;1,9;0;
2026/05/18;2300 UTC;0;1000,3;1000,3;999,9;0;25,3;25,3;25,8;25,3;25,8;25,3;100;100;100;;0;0;
2026/05/19;0000 UTC;0;1001,3;1001,3;1000,3;0;25,2;25,2;25,4;25,2;25,4;25,2;100;100;100;;0;0;
2026/05/19;0100 UTC;0;1001,9;1001,9;1001,3;0;25,1;25,1;25,3;25;25,3;25;100;100;100;;0;0;
2026/05/19;0200 UTC;0;1002,2;1002,2;1001,8;0;25,2;25,2;25,2;25;25,2;25;100;100;100;;1,9;0;
2026/05/19;0300 UTC;,2;1002,4;1002,7;1002,2;0;24,9;24,9;25,2;24,9;25,2;24,9;100;100;100;;5,2;2,3;
2026/05/19;0400 UTC;0;1001,9;1002,4;1001,9;0;24,7;24,7;24,9;24,7;24,9;24,7;100;100;100;;3,2;,8;
2026/05/19;0500 UTC;0;1001,1;1002;1001,1;0;24,5;24,5;24,7;24,5;24,7;24,5;100;100;100;;1,8;,8;
2026/05/19;0600 UTC;0;1000,9;1001,1;1000,9;0;24;24;24,5;24;24,5;24;100;100;100;;1,8;0;
2026/05/19;0700 UTC;0;1000,9;1001;1000,8;0;23,8;23,8;24;23,8;24;23,8;100;100;100;;1,2;0;
2026/05/19;0800 UTC;0;1000,9;1001,1;1000,9;0;23,7;23,7;23,9;23,7;23,9;23,7;100;100;100;;0;0;
2026/05/19;0900 UTC;0;1001,3;1001,3;1000,9;,1;23,3;23,3;23,7;23,2;23,7;23,2;100;100;100;;1,3;0;
2026/05/19;1000 UTC;0;1001,9;1001,9;1001,3;92,4;24,3;24,3;24,3;23,3;24,3;23,3;100;100;100;;1,2;0;
2026/05/19;1100 UTC;0;1002,3;1002,3;1001,9;584,3;25,5;25,5;25,5;24,3;25,5;24,3;100;100;100;;3,9;2,3;
2026/05/19;1200 UTC;0;1002,6;1002,7;1002,3;1261,4;26,4;25,7;26,7;25,4;26,2;25,4;100;95;96;;5,6;3,2;
2026/05/19;1300 UTC;0;1002,7;1002,8;1002,6;1656,2;27,7;25,2;27,9;26,4;26;25;96;85;86;;7,2;2,7;
2026/05/19;1400 UTC;0;1002,1;1002,7;1002,1;2768,2;29,4;25,5;29,5;27,5;26;24,9;90;77;79;;6,6;4,4;
2026/05/19;1500 UTC;0;1001,3;1002,2;1001,3;2453,3;30,6;25,5;30,6;29,3;26,3;25;82;73;74;;6,5;2,3;
2026/05/19;1600 UTC;0;1000,4;1001,3;1000,4;2302,8;30,4;25,2;31,1;30,2;26,1;25;78;71;74;;6,7;1,5;
2026/05/19;1700 UTC;0;999,6;1000,4;999,6;2289;30,6;25,7;31,8;30,4;26,4;24,6;76;67;75;;5,9;1,2;
2026/05/19;1800 UTC;0;998,5;999,6;998,5;2454,9;32,2;25,2;32,3;30,6;26,3;24,6;77;65;67;;5;,8;
2026/05/19;1900 UTC;,4;998;998,5;998;1093,9;29,4;28,3;32,6;29,4;28,8;25,2;96;65;94;;7,2;0;
2026/05/19;2000 UTC;0;998,2;998,2;997,8;1135,2;30,4;25,7;30,5;29,2;28,5;25,6;95;76;76;;4,3;1,3;
2026/05/19;2100 UTC;0;998,4;998,4;998;243,5;28,8;26,5;30,5;28,8;27,1;25,8;89;76;88;;3,4;0;
2026/05/19;2200 UTC;0;999,1;999,1;998,4;1,8;27,7;27,7;28,8;27,7;27,8;26,3;100;88;100;;4,7;1,4;
2026/05/19;2300 UTC;0;1000,3;1000,3;999,1;0;27;27;27,7;27;27,7;27;100;100;100;;3,7;,8;
2026/05/20;0000 UTC;0;1001,5;1001,5;1000,3;0;26,4;26,4;27;26,4;27;26,3;100;98;100;;3,5;,3;
2026/05/20;0100 UTC;0;1002,2;1002,2;1001,5;0;25,9;25,9;26,4;25,9;26,4;25,9;100;99;100;;2,8;,2;
2026/05/20;0200 UTC;0;1002,3;1002,4;1002;0;25,3;25,3;25,9;25,3;25,9;25,3;100;99;100;;3,8;,9;
2026/05/20;0300 UTC;0;1002,1;1002,4;1002,1;0;24,9;24,9;25,3;24,9;25,3;24,9;100;100;100;;2,7;0;
2026/05/20;0400 UTC;0;1001,6;1002,1;1001,6;0;24,8;24,8;25;24,8;25;24,8;100;100;100;;1,3;0;
2026/05/20;0500 UTC;0;1000,7;1001,6;1000,7;0;24,7;24,7;24,8;24,6;24,8;24,6;100;100;100;;,3;0;
2026/05/20;0600 UTC;0;1000;1000,7;1000;0;24,3;24,3;24,7;24,3;24,7;24,3;100;100;100;;0;0;
2026/05/20;0700 UTC;0;999,6;1000;999,6;0;24,2;24,2;24,4;24,1;24,4;24,1;100;100;100;;0;0;
2026/05/20;0800 UTC;0;999,8;999,8;999,6;0;23,7;23,7;24,2;23,7;24,2;23,7;100;100;100;;0;0;
2026/05/20;0900 UTC;0;1000,3;1000,3;999,8;,5;23,6;23,6;23,9;23,4;23,9;23,4;100;100;100;;0;0;
2026/05/20;1000 UTC;0;1000,9;1000,9;1000,3;192,6;24,5;24,5;24,7;23,5;24,7;23,5;100;100;100;;0;0;
2026/05/20;1100 UTC;0;1001,5;1001,5;1000,9;1034,2;26,1;25,7;26,1;24,5;26;24,5;100;97;98;;3,5;2,2;
2026/05/20;1200 UTC;0;1001,8;1001,8;1001,5;1483;27,7;26,4;27,7;26,1;26,5;25,7;99;92;93;;5,5;3,5;
2026/05/20;1300 UTC;0;1001,9;1002;1001,8;1792,7;28,4;26,5;28,5;27,5;26,5;25,9;93;86;89;;5,3;2,7;
2026/05/20;1400 UTC;0;1001,8;1002;1001,8;1953,6;29,9;26,1;29,9;28,5;26,9;26;90;80;80;;5,3;3,4;
2026/05/20;1500 UTC;0;1001,1;1001,8;1001,1;3187,4;31,4;26,3;31,7;29,8;26,8;25,3;82;72;75;;6,5;3;
2026/05/20;1600 UTC;0;1000,2;1001,1;1000,2;1961,6;31,3;25,6;31,5;30,6;27,2;25,6;81;72;72;;6,3;1,5;
2026/05/20;1700 UTC;0;999;1000,2;999;2430,1;32,2;25;32,3;30,9;26,7;24,8;77;65;66;;5,5;2,5;
2026/05/20;1800 UTC;0;998,1;999;998,1;2740,2;33,1;25,7;33,2;32,2;26;24,7;70;61;65;;6,1;2;
2026/05/20;1900 UTC;1,6;998,1;998,3;997,9;890,6;27,7;27,7;33,5;27,7;27,9;24,9;100;61;100;;7,8;1,1;
2026/05/20;2000 UTC;,2;998,9;998,9;998;240;27;27;27,7;27;27,7;26,5;100;97;100;;10;3,1;
2026/05/20;2100 UTC;6,8;999,1;999,4;998,9;53;25,6;25,6;27;25,3;26,9;25,2;100;100;100;;10;,7;
2026/05/20;2200 UTC;0;999,5;999,6;999,1;,7;25,4;25,4;25,7;25,4;25,7;25,4;100;100;100;;1,7;,1;
2026/05/20;2300 UTC;0;1000,5;1000,6;999,5;,1;25,3;25,3;25,6;25,3;25,6;25,3;100;100;100;;,9;0;
2026/05/21;0000 UTC;,2;1001,2;1001,2;1000,5;,6;25,2;25,2;25,4;25,2;25,4;25,1;100;99;100;;5,3;,2;
2026/05/21;0100 UTC;0;1001,8;1001,8;1001,2;0;25,2;25,2;25,3;25,1;25,3;25,1;100;100;100;;2,3;,7;
2026/05/21;0200 UTC;0;1002,1;1002,2;1001,8;0;25,2;25,2;25,5;25,2;25,5;25,2;100;100;100;;2,5;0;
2026/05/21;0300 UTC;,4;1002,1;1002,2;1001,9;0;25,4;25,4;25,4;25,2;25,4;25,2;100;100;100;;3,7;1,7;
2026/05/21;0400 UTC;,2;1001,1;1002,2;1001,1;0;25,2;25,2;25,4;25,2;25,4;25,2;100;100;100;;3,4;,8;
2026/05/21;0500 UTC;0;1000,8;1001,2;1000,8;0;25,2;25,2;25,3;25,2;25,3;25,2;100;100;100;;2,3;,1;
2026/05/21;0600 UTC;0;1000,1;1000,8;1000,1;0;24,9;24,9;25,3;24,9;25,3;24,9;100;100;100;;,7;0;
2026/05/21;0700 UTC;0;1000,3;1000,3;1000,1;0;25;25;25;24,8;25;24,8;100;100;100;;0;0;
2026/05/21;0800 UTC;,2;1000,7;1000,7;1000,3;0;25;25;25;24,9;25;24,9;100;100;100;;0;0;
2026/05/21;0900 UTC;0;1000,9;1000,9;1000,6;,1;24,8;24,8;25;24,8;25;24,8;100;100;100;;2,9;0;
2026/05/21;1000 UTC;0;1001,1;1001,1;1000,8;196,4;25,6;25,6;25,6;24,8;25,6;24,8;100;100;100;;0;0;
2026/05/21;1100 UTC;0;1001,6;1001,6;1001,1;924;26,4;26;26,4;25,5;26,3;25,5;100;98;98;;3,4;2,1;
2026/05/21;1200 UTC;0;1001,8;1001,9;1001,6;1667,5;27,9;26,3;27,9;26,3;26,6;25,8;99;90;91;;6,3;3,4;
2026/05/21;1300 UTC;0;1002,2;1002,2;1001,8;1879,5;29,1;26,9;29,1;27,9;27;26,1;93;86;88;;5,8;2,5;
2026/05/21;1400 UTC;0;1001,8;1002,2;1001,8;2235,3;29,9;26,1;30,1;28,6;27,1;25,6;89;78;80;;6,2;2,3;
2026/05/21;1500 UTC;0;1001,1;1001,8;1001,1;2629,5;31;25,1;31,2;29;26,5;24,4;86;68;71;;6,7;3,9;
2026/05/21;1600 UTC;0;1000,2;1001,1;1000,2;3118;31,6;25,6;32,1;30,8;26;24,4;73;65;71;;6,7;1,2;
2026/05/21;1700 UTC;0;999,4;1000,2;999,4;3081,9;32,3;24,4;32,4;31,2;25,6;23,3;71;61;63;;7,2;1,6;
2026/05/21;1800 UTC;0;998,6;999,4;998,6;2569,3;32,6;23,7;32,8;32,1;25,4;23,4;67;59;60;;4,4;1,1;
2026/05/21;1900 UTC;0;998,2;998,6;998,2;1618,8;32,2;24,8;32,8;31,5;25,5;23,4;70;59;65;;4,9;,3;
2026/05/21;2000 UTC;0;998,6;998,7;998,2;1135,3;32;24,8;32,5;32;25,8;24,3;68;63;66;;2,4;,2;
2026/05/21;2100 UTC;0;999;999;998,5;352,1;28,7;24,1;31,9;28,7;25,9;24,1;79;66;76;;7,2;3,8;
2026/05/21;2200 UTC;0;1000,3;1000,3;999;2,3;27,3;25,4;28,7;27,3;25,6;23,6;91;75;89;;7,2;,9;
2026/05/21;2300 UTC;0;1001;1001;1000,3;0;26,3;25,7;27,3;26,3;26,5;25,4;100;89;96;;3,4;0;
2026/05/22;0000 UTC;0;1001,7;1001,7;1001;0;26,2;26,2;26,5;26,2;26,4;25,4;100;94;100;;0;0;
2026/05/22;0100 UTC;0;1002,2;1002,2;1001,7;0;25,4;25,4;26,2;25,4;26,2;25,3;100;98;100;;4,1;0;
2026/05/22;0200 UTC;0;1002,3;1002,4;1002,2;0;25;25;25,4;25;25,4;24,9;100;99;100;;0;0;
2026/05/22;0300 UTC;0;1002,1;1002,4;1002,1;0;24,9;24,9;25,1;24,7;25,1;24,7;100;99;100;;0;0;
2026/05/22;0400 UTC;0;1001,7;1002,1;1001,7;0;24,4;24,4;24,9;24,4;24,9;24,4;100;100;100;;0;0;
2026/05/22;0500 UTC;0;1001,2;1001,7;1001,2;0;24;24;24,4;24;24,4;24;100;100;100;;0;0;
2026/05/22;0600 UTC;0;1000,7;1001,2;1000,7;0;23,6;23,6;24,1;23,6;24,1;23,6;100;100;100;;0;0;
2026/05/22;0700 UTC;0;1000,5;1000,7;1000,5;0;23,4;23,4;23,8;23,3;23,8;23,3;100;100;100;;0;0;
2026/05/22;0800 UTC;0;1000,7;1000,7;1000,5;0;23,2;23,2;23,5;23,2;23,5;23,2;100;100;100;;0;0;
2026/05/22;0900 UTC;0;1000,9;1001;1000,7;0;23,2;23,2;23,4;23,1;23,4;23,1;100;100;100;;0;0;
2026/05/22;1000 UTC;0;1001,5;1001,5;1000,9;157,6;23,9;23,9;23,9;22,9;23,9;22,9;100;100;100;;1,1;0;
2026/05/22;1100 UTC;0;1002,1;1002,1;1001,5;934,1;25,7;25,3;25,7;23,9;25,5;23,9;100;97;98;;3,8;2,5;
2026/05/22;1200 UTC;0;1002,3;1002,4;1002,1;1640,6;27,5;25;27,6;25,7;26;25;98;86;86;;5,8;3,6;
2026/05/22;1300 UTC;0;1002,1;1002,3;1002;2433,9;29,3;25,3;29,3;27,5;25,8;25,1;88;79;79;;6,2;2,6;
2026/05/22;1400 UTC;0;1001,5;1002,1;1001,5;2824,5;30,4;25,5;30,4;29,1;25,8;24,6;81;72;75;;5,5;1,8;
2026/05/22;1500 UTC;0;1000,8;1001,5;1000,8;3186,9;31,8;25,4;31,8;30,4;25,7;24,4;75;66;69;;4,7;1,6;
2026/05/22;1600 UTC;0;999,9;1000,8;999,9;3183,9;33,1;24,9;33,1;31,7;25,8;23,6;70;60;62;;4,6;,7;
2026/05/22;1700 UTC;0;999,1;999,9;999,1;2810,2;32,9;24,7;33,2;32,2;25,6;23,8;67;58;62;;5,5;1,6;
2026/05/22;1800 UTC;0;998,3;999,1;998,3;2603,4;33,4;24,3;33,5;32,7;26;23,8;68;59;59;;6;2,8;
2026/05/22;1900 UTC;0;997,9;998,3;997,9;1987,4;33,2;24,7;33,7;33;25,3;23,6;64;57;61;;5;,8;
2026/05/22;2000 UTC;0;998,1;998,2;997,9;1073,8;31,6;25,5;33,4;31,6;25,9;24,2;70;59;70;;4,6;,9;
2026/05/22;2100 UTC;0;999;999;998,1;120,7;29;25,3;31,6;29;26,3;25,2;82;70;80;;4;0;
2026/05/22;2200 UTC;0;999,7;999,7;999;,7;28,1;26,1;29;28,1;26,1;25,1;89;81;89;;2,5;,2;
2026/05/22;2300 UTC;0;1000,3;1000,3;999,7;0;27,7;26;28,1;27,7;26,5;25,5;92;88;91;;1,7;0;
2026/05/23;0000 UTC;0;1001,1;1001,1;1000,3;0;27,3;26,5;27,7;27,3;27;25;98;87;96;;1,6;0;
2026/05/23;0100 UTC;0;1001,6;1001,6;1001,1;0;26,8;25,8;27,3;26,8;26,5;25,3;97;90;94;;1,6;,1;
2026/05/23;0200 UTC;0;1001,8;1001,9;1001,6;0;26,8;26,5;26,9;26,7;26,8;25,7;100;94;98;;2,6;,4;
2026/05/23;0300 UTC;0;1002,2;1002,3;1001,8;0;26,2;26,2;26,8;26,2;26,6;25,7;100;96;100;;3,5;1,2;
2026/05/23;0400 UTC;0;1001,6;1002,2;1001,6;0;25,7;25,7;26,2;25,7;26,2;25,7;100;100;100;;3,1;1,3;
2026/05/23;0500 UTC;0;1001;1001,6;1001;0;25,1;25,1;25,7;25,1;25,7;25,1;100;100;100;;2,5;,9;
2026/05/23;0600 UTC;0;1000,7;1001;1000,7;0;24,8;24,8;25,1;24,8;25,1;24,8;100;100;100;;1,8;,8;
2026/05/23;0700 UTC;0;1001,1;1001,1;1000,7;0;24,6;24,6;24,8;24,6;24,8;24,6;100;100;100;;2,3;,9;
2026/05/23;0800 UTC;0;1001,4;1001,5;1001,1;0;24,4;24,4;24,6;24,4;24,6;24,4;100;100;100;;2,8;1,1;
2026/05/23;0900 UTC;0;1001,5;1001,6;1001,4;0;24,1;24,1;24,4;24,1;24,4;24,1;100;100;100;;2,7;,4;
2026/05/23;1000 UTC;0;1001,6;1001,6;1001,5;164,5;24,5;24,5;24,5;24,1;24,5;24,1;100;100;100;;1,5;0;
2026/05/23;1100 UTC;0;1002;1002;1001,6;798,3;25,5;25,1;25,5;24,5;25,4;24,5;100;97;98;;2;,3;
2026/05/23;1200 UTC;0;1002,4;1002,4;1002;1305,5;26,6;25,4;26,6;25,5;25,9;24,9;98;92;93;;2,7;,5;
2026/05/23;1300 UTC;0;1002,3;1002,5;1002,3;2344,1;28,7;25,4;28,7;26,6;25,9;25;93;82;82;;4,1;1,1;
2026/05/23;1400 UTC;0;1001,9;1002,4;1001,9;2255,1;29,6;25,4;29,8;28,7;25,8;24,8;82;75;78;;3,4;,8;
2026/05/23;1500 UTC;0;1001,1;1001,9;1001,1;2589,8;31,2;24,6;31,4;29,6;25,9;24;79;67;68;;4;,8;
2026/05/23;1600 UTC;0;1000,4;1001,1;1000,4;1978,5;31,1;24,7;31,9;30,5;25,5;23,7;74;62;69;;5;1,5;
2026/05/23;1700 UTC;0;999,7;1000,4;999,7;1978,6;31,2;25;32,1;30,9;25,2;23,4;72;60;70;;5,5;,5;
2026/05/23;1800 UTC;0;999;999,7;999;1771,6;32,6;24,8;32,6;31;26;23,6;75;60;64;;4,6;1,1;
2026/05/23;1900 UTC;0;998,8;999;998,7;1705;32,3;24,3;33;31,6;25,2;23,6;67;58;63;;5,8;,6;
2026/05/23;2000 UTC;0;999;999;998,7;1034,8;31;24,7;32,4;31;24,7;23,1;69;59;69;;5,1;,1;
2026/05/23;2100 UTC;0;999,4;999,4;999;138;28,7;24,6;31;28,7;25,2;24,5;79;69;79;;2,3;0;
2026/05/23;2200 UTC;0;999,9;999,9;999,4;1;27,6;24,6;28,7;27,6;25,3;24,3;86;79;84;;0;0;
2026/05/23;2300 UTC;0;1000,4;1000,4;999,9;0;27;25,6;27,6;26,9;26;24,1;94;83;92;;0;0;
2026/05/24;0000 UTC;0;1001,4;1001,4;1000,4;0;26,3;24,9;27;26,3;26,3;24,6;96;89;92;;0;0;
2026/05/24;0100 UTC;0;1001,7;1001,7;1001,4;0;25,9;25,5;26,3;25,8;25,6;24,7;98;91;98;;0;0;
2026/05/24;0200 UTC;0;1001,9;1001,9;1001,7;0;26,2;26,1;26,2;25,9;26,2;25,4;100;97;100;;0;0;
2026/05/24;0300 UTC;0;1001,9;1002,1;1001,9;0;25,8;25,8;26,2;25,8;26,2;25,8;100;100;100;;2;0;
2026/05/24;0400 UTC;0;1001,5;1001,9;1001,5;0;25,3;25,3;25,8;25,3;25,8;25,3;100;100;100;;0;0;
2026/05/24;0500 UTC;0;1000,7;1001,5;1000,7;0;24,9;24,9;25,3;24,9;25,3;24,9;100;100;100;;0;0;
2026/05/24;0600 UTC;0;1000,4;1000,7;1000,4;0;24,5;24,5;24,9;24,5;24,9;24,5;100;100;100;;0;0;
2026/05/24;0700 UTC;0;1000,4;1000,4;1000,3;0;24,4;24,4;24,5;24,4;24,5;24,4;100;100;100;;3,2;,3;
2026/05/24;0800 UTC;0;1000,6;1000,6;1000,4;0;24,3;24,3;24,4;24,3;24,4;24,3;100;100;100;;1,7;,4;
2026/05/24;0900 UTC;0;1001,1;1001,1;1000,6;0;24,3;24,2;24,4;24,3;24,4;24,2;100;100;100;;2,9;1,5;
2026/05/24;1000 UTC;0;1001,6;1001,6;1001,1;94,6;24,6;24,6;24,6;24,3;24,6;24,3;100;100;100;;2,9;,9;
2026/05/24;1100 UTC;0;1002,3;1002,3;1001,6;559,8;25,1;25,1;25,1;24,6;25,1;24,6;100;99;100;;2,7;,7;
2026/05/24;1200 UTC;0;1002,7;1002,7;1002,3;694,8;25,8;25;25,8;25,1;25,5;25;100;95;95;;3,3;1,6;
2026/05/24;1300 UTC;0;1002,7;1002,8;1002,7;1536,8;27,2;25;27,2;25,7;25,4;24,8;97;88;88;;3,8;1,6;
2026/05/24;1400 UTC;0;1002;1002,7;1002;2764,7;29;24,4;29,1;27,2;25,3;24,3;89;76;76;;4,7;2,5;
2026/05/24;1500 UTC;0;1001,3;1002;1001,3;3093,4;30,5;23,8;30,5;28,9;25,1;23,5;78;67;67;;4,7;1,7;
2026/05/24;1600 UTC;0;1000,4;1001,3;1000,4;3239,8;32;23,1;32,3;30,4;25,1;23,1;72;59;59;;5,3;1,2;
2026/05/24;1700 UTC;0;999,2;1000,4;999,2;2494,9;31,7;23,8;32,3;31,2;24,7;22,9;67;59;63;;5,3;,9;
2026/05/24;1800 UTC;0;998,2;999,2;998,2;1968,8;32,8;25;33;31,7;25,8;23;68;59;63;;3,3;,7;
2026/05/24;1900 UTC;0;997,9;998,2;997,9;1389,4;32,6;24,5;32,8;31,3;26,3;23,7;74;61;63;;2,9;,7;
2026/05/24;2000 UTC;0;998,2;998,2;997,9;888,6;31,2;24,2;32,9;31,1;25,8;23,6;72;60;67;;2,9;0;
2026/05/24;2100 UTC;0;998,8;998,8;998,2;252,7;29,9;25,8;31,5;29,9;25,8;23,4;79;62;79;;,7;0;
2026/05/24;2200 UTC;0;999,8;999,8;998,8;1,5;28,2;26;29,9;28,2;26,3;25,4;89;78;88;;0;0;
2026/05/24;2300 UTC;0;1000,7;1000,7;999,8;0;27,1;25,7;28,2;27,1;26,8;25,5;94;86;92;;6,4;2,8;
2026/05/25;0000 UTC;0;1001,5;1001,5;1000,7;,1;24,9;24,8;27,1;24,9;25,7;24,6;100;91;100;;7,4;2,6;
2026/05/25;0100 UTC;1;1001,8;1001,8;1001,4;0;24,4;24,4;24,9;24,4;24,8;24,4;100;100;100;;4,9;,6;
2026/05/25;0200 UTC;,6;1002,1;1002,1;1001,8;0;24,1;24,1;24,4;24;24,4;24;100;100;100;;5,4;1,1;
2026/05/25;0300 UTC;8,6;1002,5;1002,5;1002,1;0;24,1;24,1;24,2;24,1;24,2;24,1;100;100;100;;8,8;1,3;
2026/05/25;0400 UTC;5;1001,7;1002,5;1001,7;,6;23;23;24,1;23;24,1;23;100;100;100;;5,2;,9;
2026/05/25;0500 UTC;1,4;1000,7;1001,7;1000,7;,1;22,8;22,8;23,1;22,8;23,1;22,8;100;100;100;;3,6;1,6;
2026/05/25;0600 UTC;,8;1000,3;1000,7;1000,2;0;23;23;23;22,7;23;22,7;100;100;100;;3,6;1;
2026/05/25;0700 UTC;0;1000,2;1000,3;999,9;0;22,7;22,7;23;22,7;23;22,7;100;100;100;;2;0;
2026/05/25;0800 UTC;0;1000,4;1000,4;1000,2;0;22,4;22,4;22,7;22,4;22,7;22,4;100;100;100;;0;0;
2026/05/25;0900 UTC;0;1000,9;1000,9;1000,4;0;22,3;22,3;22,5;22,3;22,4;22,3;100;100;100;;0;0;
2026/05/25;1000 UTC;0;1001,6;1001,6;1000,9;58,5;22,9;22,9;23;22,3;23;22,4;100;100;100;;1,6;0;
2026/05/25;1100 UTC;0;1002,5;1002,5;1001,6;412;23,5;23,5;23,6;22,9;23,5;22,9;100;100;100;;1,2;0;
2026/05/25;1200 UTC;0;1002,7;1002,9;1002,5;1232,5;24,9;24,5;24,9;23,5;24,7;23,5;100;97;98;;1,6;,2;
2026/05/25;1300 UTC;0;1002,5;1002,7;1002,4;2434,5;26,5;24,2;26,5;24,9;25,4;23,9;99;87;87;;2,8;1,1;
2026/05/25;1400 UTC;0;1002,3;1002,5;1002,3;2609,8;28,3;24,9;28,4;26,5;25,6;24,3;90;80;82;;3,6;1,2;
2026/05/25;1500 UTC;0;1001,7;1002,3;1001,7;2150,3;29,8;24,8;29,8;28,3;26,2;24,5;86;74;75;;3,6;1,9;
2026/05/25;1600 UTC;0;1000,8;1001,6;1000,8;2477,2;30,4;24,9;30,5;29,7;26,1;23,6;79;67;73;;5,2;1,9;
2026/05/25;1700 UTC;0;999,9;1000,8;999,9;2081,4;30,8;25,3;31,1;29,8;25,9;24;77;66;73;;5,2;1,5;
2026/05/25;1800 UTC;0;999;999,9;999;1058,4;29,8;25,1;30,8;29,6;26,7;24,2;81;72;76;;3,7;1,5;
2026/05/25;1900 UTC;0;998,9;999;998,7;1513,1;30,6;24,5;31,1;29,8;27,1;24,5;83;69;70;;5,3;1,3;
2026/05/25;2000 UTC;0;999,5;999,5;998,9;614,6;26,8;25,3;30,6;26,8;25,7;24,5;92;70;92;;7,2;1,8;
2026/05/25;2100 UTC;0;999,7;999,7;999,5;64,1;26,4;25,6;26,8;26,3;25,7;25;96;91;95;;3,4;0;
2026/05/25;2200 UTC;0;1000,5;1000,5;999,7;1,5;25,9;25,8;26,5;25,9;25,8;25,1;100;93;100;;0;0;
2026/05/25;2300 UTC;0;1001,4;1001,4;1000,5;0;25,6;25,6;25,9;25,6;25,8;25,6;100;99;100;;,8;0;
2026/05/26;0000 UTC;0;1002,1;1002,1;1001,3;0;24,9;24,8;25,6;24,8;25,6;24,7;100;99;99;;0;0;
2026/05/26;0100 UTC;0;1002,6;1002,6;1002,1;0;25;25;25;24,8;25;24,6;100;99;100;;0;0;
2026/05/26;0200 UTC;0;1002,8;1002,8;1002,6;0;24,9;24,9;25,2;24,9;25,2;24,9;100;100;100;;1,2;,3;
2026/05/26;0300 UTC;0;1002,5;1002,8;1002,5;0;24,8;24,8;25;24,8;25;24,8;100;100;100;;1,3;0;
2026/05/26;0400 UTC;0;1002,1;1002,5;1002,1;0;24,7;24,7;24,8;24,6;24,8;24,6;100;100;100;;0;0;
2026/05/26;0500 UTC;0;1001,8;1002,1;1001,8;0;24,2;24,2;24,8;24,2;24,8;24,2;100;100;100;;1,2;0;
2026/05/26;0600 UTC;0;1001,3;1001,8;1001,3;0;24;24;24,2;23,9;24,2;23,9;100;100;100;;0;0;
2026/05/26;0700 UTC;0;1001,1;1001,3;1001,1;0;23,8;23,8;24;23,7;23,9;23,7;100;100;100;;0;0;
2026/05/26;0800 UTC;0;1001,2;1001,2;1001,1;0;23,6;23,6;23,9;23,5;23,9;23,5;100;100;100;;0;0;
2026/05/26;0900 UTC;0;1001,5;1001,5;1001,2;,1;23,6;23,6;23,9;23,6;23,9;23,6;100;100;100;;0;0;
2026/05/26;1000 UTC;0;1002;1002;1001,6;89,7;23,5;23,5;23,6;23,2;23,6;23,2;100;100;100;;1,1;0;
2026/05/26;1100 UTC;0;1002,5;1002,5;1002;854,5;25,3;25,3;25,3;23,4;25,3;23,4;100;100;100;;1,4;,1;
2026/05/26;1200 UTC;0;1002,7;1002,7;1002,5;1085,5;26,5;25,4;26,6;25,3;25,9;24,9;100;94;94;;1,6;,8;
2026/05/26;1300 UTC;0;1002,7;1002,8;1002,6;2221,3;28,4;25,3;28,4;26,3;25,8;24,7;96;82;83;;4,5;2,1;
2026/05/26;1400 UTC;0;1002,4;1002,8;1002,4;2726,4;29,8;24,5;29,9;28,4;25,7;24;85;70;73;;8,5;2;
2026/05/26;1500 UTC;0;1001,5;1002,4;1001,5;3004,7;31,2;24,3;31,2;29,8;25,1;23,1;75;64;67;;5;1,7;
2026/05/26;1600 UTC;0;1000,6;1001,5;1000,6;3243,1;31,7;23,2;31,9;31;24,9;23,2;68;61;61;;7,8;4,4;
2026/05/26;1700 UTC;0;999,7;1000,6;999,7;2978,5;32;23,6;32,3;31,4;24,2;22,8;65;58;61;;8,3;3,2;
2026/05/26;1800 UTC;0;998,9;999,7;998,9;2273,1;32,4;23,5;32,6;31,8;24,4;22,6;65;56;60;;6,3;1,2;
2026/05/26;1900 UTC;0;998,7;998,9;998,6;1878,4;32,2;23,3;32,7;31,8;24,8;23,1;66;58;60;;5,6;,7;
2026/05/26;2000 UTC;0;998,8;998,8;998,7;978,9;31,8;24,1;32,4;30,8;25,7;23,3;74;59;64;;4,9;,8;
2026/05/26;2100 UTC;0;999,4;999,4;998,8;318,6;29,1;25,5;31,8;29,1;25,6;24;81;63;81;;4,4;,3;
2026/05/26;2200 UTC;0;999,9;999,9;999,4;2,1;28,4;25,5;29,1;28,4;25,6;25,3;84;81;84;;1,9;0;
2026/05/26;2300 UTC;0;1000,6;1000,6;1000;0;27,9;25,9;28,4;27,9;26,5;25,3;92;84;89;;,9;0;
2026/05/27;0000 UTC;0;1001,3;1001,3;1000,6;0;27,6;26,5;28;27,6;26,8;25,8;94;88;94;;1,4;,1;
2026/05/27;0100 UTC;0;1002;1002;1001,3;0;27,4;25,5;27,6;27,3;26,5;25,5;94;89;90;;2,8;,7;
2026/05/27;0200 UTC;0;1002;1002;1001,9;0;27,2;25,1;27,4;27,1;25,6;24,6;91;86;88;;2,9;,9;
2026/05/27;0300 UTC;0;1001,7;1002,1;1001,7;0;26,8;26;27,3;26,8;26;24,8;95;87;95;;3;,2;
2026/05/27;0400 UTC;0;1001,2;1001,7;1001,2;0;26,2;26;26,9;26,2;26,2;25,9;99;95;99;;1,7;0;
2026/05/27;0500 UTC;0;1000,3;1001,2;1000,3;0;25,8;25,8;26,2;25,8;26;25,8;100;98;100;;0;0;
2026/05/27;0600 UTC;0;999,8;1000,3;999,8;0;25,4;25,4;25,8;25,4;25,8;25,4;100;100;100;;0;0;
2026/05/27;0700 UTC;0;999,2;999,8;999,2;0;25;25;25,4;25;25,4;25;100;100;100;;0;0;
2026/05/27;0800 UTC;0;999,2;999,4;999,2;0;24,5;24,5;25;24,5;25;24,5;100;100;100;;0;0;
2026/05/27;0900 UTC;0;999,7;999,7;999,2;,2;24,2;24,2;24,5;24,2;24,5;24,2;100;100;100;;0;0;
2026/05/27;1000 UTC;0;999,8;999,8;999,6;207;25;25;25;24,1;25;24,1;100;100;100;;,2;0;
2026/05/27;1100 UTC;0;1000,7;1000,7;999,8;825,3;26,6;25,7;26,6;25;25,8;25;100;94;95;;2,5;,2;
2026/05/27;1200 UTC;0;1001,1;1001,1;1000,7;1545,4;28,4;25,7;28,4;26,6;25,9;25,1;95;83;85;;4,7;2,3;
2026/05/27;1300 UTC;0;1001,1;1001,3;1001,1;1942,4;29,4;24,5;29,8;28,3;25,7;24;85;72;75;;4,6;1,5;
2026/05/27;1400 UTC;0;1000,5;1001,1;1000,5;2704,2;31,1;24,3;31,1;29,4;25,3;23,7;76;66;67;;4,5;1,4;
2026/05/27;1500 UTC;0;999,6;1000,5;999,6;3034;31,9;24,6;32,5;30,9;25,7;23,3;70;60;66;;6,4;1,8;
2026/05/27;1600 UTC;0;998,8;999,6;998,8;2521,2;31,5;24,7;32,6;31,2;25,3;23;70;58;67;;6,9;,9;
2026/05/27;1700 UTC;0;997,9;998,8;997,9;1922,9;31,2;24,9;32,7;31,2;25,2;23,3;70;58;69;;7,2;1,8;
2026/05/27;1800 UTC;0;997,3;997,9;997,3;860,3;30,6;26,2;31,6;30,6;26,3;24,2;77;65;77;;4,5;,4;
2026/05/27;1900 UTC;0;997,2;997,5;997,2;796,9;30,2;26,2;31,1;30,1;27,1;24,6;83;69;79;;4,2;,2;
2026/05/27;2000 UTC;0;997,5;997,5;997,2;465,8;29,9;26,8;30,5;29,9;27,4;25,3;84;74;84;;1,9;,3;
2026/05/27;2100 UTC;0;998;998;997,5;71,1;28;26,5;29,9;28;27,1;26,3;92;81;92;;2;0;
2026/05/27;2200 UTC;0;998,6;998,6;998;,8;27,8;25,7;28;27,6;26,5;25,6;93;88;88;;1,1;0;
2026/05/27;2300 UTC;0;999,4;999,4;998,6;0;27,6;27,1;27,9;27,3;27,2;25,6;98;88;98;;0;0;
2026/05/28;0000 UTC;0;1000,3;1000,3;999,4;0;27,2;27,1;27,6;27;27,3;26,3;100;94;99;;,8;0;
2026/05/28;0100 UTC;0;1000,8;1000,9;1000,3;0;26,2;25,6;27,3;26,2;27,3;25,6;100;97;97;;1,8;,4;
2026/05/28;0200 UTC;0;1000,8;1000,9;1000,8;0;26;25,9;26,2;26;26;25,6;99;96;99;;1,8;0;
2026/05/28;0300 UTC;0;1000,3;1000,8;1000,3;0;25,7;25,7;26;25,7;25,9;25,7;100;99;100;;0;0;
2026/05/28;0400 UTC;0;999,9;1000,3;999,8;0;25,5;25,5;25,7;25,5;25,7;25,5;100;100;100;;1,9;,2;
2026/05/28;0500 UTC;0;999,7;1000,1;999,7;0;25,1;25,1;25,5;25,1;25,5;25,1;100;100;100;;3;,9;
2026/05/28;0600 UTC;0;998,9;999,6;998,8;0;25;25;25,1;25;25,1;25;100;100;100;;2,4;0;
2026/05/28;0700 UTC;0;998,9;999,1;998,8;0;24,8;24,8;25;24,7;25;24,7;100;100;100;;2,6;0;
2026/05/28;0800 UTC;0;999,2;999,2;998,9;0;24,6;24,6;24,8;24,5;24,8;24,5;100;100;100;;1;,2;
2026/05/28;0900 UTC;0;999,6;999,6;999,2;0;24,4;24,4;24,6;24,4;24,6;24,4;100;100;100;;1,8;,3;
2026/05/28;1000 UTC;0;1000;1000;999,6;177,2;24,8;24,8;24,8;24,2;24,8;24,2;100;100;100;;1,1;,1;
2026/05/28;1100 UTC;0;1000,7;1000,7;1000;896,3;26,4;25,8;26,4;24,8;25,9;24,8;100;95;96;;1,8;,3;
2026/05/28;1200 UTC;0;1001,5;1001,5;1000,7;1592,3;28,3;26;28,4;26,4;26,3;25,6;97;87;87;;4,7;2,6;
2026/05/28;1300 UTC;0;1001,2;1001,5;1001,2;2024,8;29,3;25,7;29,5;28,3;26,5;25,1;89;78;81;;4,9;1;
2026/05/28;1400 UTC;0;1000,7;1001,2;1000,7;1690;30,1;26,2;30,7;29,3;26,7;25,2;84;74;80;;4,3;,8;
2026/05/28;1500 UTC;0;999,8;1000,7;999,8;2410,8;31,5;25,4;31,5;30,1;26,6;25,1;81;69;70;;5,7;2,3;
2026/05/28;1600 UTC;0;999;999,8;999;1760,6;31;25,3;31,6;30,2;26,4;24,8;80;68;72;;5,7;2;
2026/05/28;1700 UTC;0;998,1;999;998,1;2106,1;31,3;26,2;32,1;31;26,6;24,8;76;67;75;;4,2;,6;
2026/05/28;1800 UTC;0;996,9;998,1;996,9;2346,9;32,3;25;32,5;31;27,3;24,7;80;65;65;;4,2;1,2;
2026/05/28;1900 UTC;0;996,9;997;996,8;1485,2;32,3;24,9;32,8;31,2;27,3;24,8;79;64;65;;4,2;,8;
2026/05/28;2000 UTC;3,2;997,5;997,5;996,9;491,3;27,5;27,5;32,3;26,9;27,6;25,2;100;65;100;;10,1;0;
2026/05/28;2100 UTC;0;998,4;998,4;997,5;87;27,2;27,2;27,5;26,9;27,4;26,5;100;97;100;;,9;0;
2026/05/28;2200 UTC;0;998,9;998,9;998,4;2,7;27,1;27,1;27,4;27;27,4;26,7;100;98;100;;1,7;,8;
2026/05/28;2300 UTC;0;999,5;999,5;998,9;,4;27,2;27,2;27,4;27;27,4;27;100;100;100;;1,9;0;
2026/05/29;0000 UTC;0;1000,1;1000,1;999,5;,3;26,8;26,8;27,2;26,8;27,2;26,8;100;100;100;;1,4;0;
2026/05/29;0100 UTC;0;1000,9;1000,9;1000,1;0;26,5;26,5;26,8;26,4;26,8;26,4;100;100;100;;0;0;
2026/05/29;0200 UTC;0;1001,1;1001,3;1000,9;0;25,8;25,8;26,5;25,8;26,5;25,8;100;100;100;;2,3;,5;
2026/05/29;0300 UTC;0;1001,4;1001,5;1001,1;0;25,6;25,5;25,8;25,5;25,8;25,5;100;100;100;;2;,5;
2026/05/29;0400 UTC;0;1000,6;1001,4;1000,6;0;25,5;25,5;25,6;25,5;25,6;25,5;100;100;100;;1,6;,1;
2026/05/29;0500 UTC;0;999,6;1000,6;999,6;0;25,2;25,2;25,5;25,2;25,5;25,2;100;100;100;;1,2;,4;
2026/05/29;0600 UTC;0;999,2;999,6;999,2;0;24,9;24,8;25,2;24,8;25,2;24,8;100;100;100;;1,9;0;
2026/05/29;0700 UTC;0;999,3;999,3;999;0;24,5;24,5;24,9;24,5;24,8;24,5;100;100;100;;,8;,1;
2026/05/29;0800 UTC;0;999,5;999,5;999,2;0;24,6;24,5;24,7;24,5;24,7;24,5;100;100;100;;,9;0;
2026/05/29;0900 UTC;,2;1000,1;1000,1;999,5;,1;24,3;24,3;24,6;24,3;24,6;24,2;100;100;100;;,8;0;
2026/05/29;1000 UTC;0;1000,6;1000,6;1000,1;85,3;24,5;24,5;24,5;24,3;24,5;24,3;100;100;100;;,5;0;
2026/05/29;1100 UTC;0;1001,1;1001,1;1000,6;631,7;25,6;25,6;25,6;24,5;25,6;24,5;100;100;100;;2,7;1,6;
2026/05/29;1200 UTC;0;1001,5;1001,6;1001,1;1558,4;27,5;26,6;27,6;25,5;26,8;25,5;100;92;95;;3,2;1,6;
2026/05/29;1300 UTC;0;1001,4;1001,5;1001,4;2332,4;29,3;25,8;29,3;27,5;26,6;25,5;95;81;81;;4,3;,9;
2026/05/29;1400 UTC;0;1001,1;1001,4;1001,1;2476,4;30,4;25,9;30,7;29,3;26,7;25,1;84;74;77;;4,9;2;
2026/05/29;1500 UTC;0;1000,2;1001,1;1000,2;2718,1;32,1;25,1;32,1;30,3;26,2;24,5;77;67;67;;4,7;1,6;
2026/05/29;1600 UTC;0;999,7;1000,2;999,7;1843,5;31,5;25,7;32,4;31,4;26,3;24,5;75;63;72;;4,4;,7;
2026/05/29;1700 UTC;0;998,2;999,7;998,2;2135,9;32,7;25,2;32,9;31,2;26,3;24,1;75;61;65;;5,7;,5;
2026/05/29;1800 UTC;0;997,6;998,2;997,5;812,6;31,1;25,1;32,9;31,1;26,5;24,8;75;63;71;;4,2;,6;
2026/05/29;1900 UTC;0;997,6;997,8;997,5;695,5;29;28,1;31,2;29;28,1;25,3;95;71;95;;6,3;1,7;
2026/05/29;2000 UTC;,4;999,1;999,1;997,6;152,6;27,4;27,2;29;27,4;28,2;27,1;100;93;99;;3,5;1,1;
2026/05/29;2100 UTC;1;999,5;999,6;999,1;31,5;25,4;25,4;27,4;25,4;27,4;25,4;100;99;100;;5,5;2,9;
2026/05/29;2200 UTC;1,2;999,9;1000,5;999,5;,3;24,7;24,7;25,4;24,6;25,3;24,6;100;100;100;;5,5;,5;
2026/05/29;2300 UTC;0;1001,1;1001,1;999,8;0;24,4;24,4;24,7;24,4;24,7;24,4;100;100;100;;3,2;2;
2026/05/30;0000 UTC;0;1001,7;1001,7;1001,1;0;24,4;24,4;24,4;24,3;24,4;24,3;100;100;100;;3,2;,1;
2026/05/30;0100 UTC;0;1002,6;1002,7;1001,6;0;24,5;24,5;24,5;24,3;24,5;24,3;100;100;100;;3,7;1,7;
2026/05/30;0200 UTC;7,8;1002,9;1003,1;1002,6;0;24,5;24,5;24,6;24,5;24,6;24,5;100;100;100;;4,9;1,1;
2026/05/30;0300 UTC;,4;1002,5;1003;1002,5;0;24,3;24,3;24,5;24,3;24,5;24,3;100;100;100;;4;,2;
2026/05/30;0400 UTC;,6;1001,7;1002,5;1001,7;0;24,2;24,2;24,3;24,1;24,3;24,1;100;100;100;;2,1;,8;
2026/05/30;0500 UTC;0;1001;1001,7;1000,8;0;24,1;24,1;24,2;24,1;24,2;24,1;100;100;100;;1,6;0;
2026/05/30;0600 UTC;0;1000;1001;999,6;0;24,1;24,1;24,2;24;24,1;24;100;100;100;;0;0;
2026/05/30;0700 UTC;0;999,8;1000,1;999,7;0;24,2;24,2;24,3;24,1;24,3;24,1;100;100;100;;0;0;
2026/05/30;0800 UTC;0;1000,4;1000,4;999,8;0;24,3;24,3;24,3;24,1;24,3;24,1;100;100;100;;0;0;
2026/05/30;0900 UTC;0;1000,9;1000,9;1000,4;0;24,3;24,3;24,4;24,2;24,4;24,2;100;100;100;;0;0;
2026/05/30;1000 UTC;0;1001,6;1001,6;1000,9;42,5;24,5;24,4;24,5;24,2;24,4;24,2;100;100;100;;0;0;
2026/05/30;1100 UTC;0;1002,3;1002,3;1001,6;657,1;25,3;25,3;25,4;24,5;25,4;24,4;100;100;100;;2,2;,8;
2026/05/30;1200 UTC;0;1002,9;1002,9;1002,3;1299,1;26,3;25,7;26,4;25,3;26;25,2;100;94;96;;3,5;1,8;
2026/05/30;1300 UTC;0;1003,2;1003,2;1002,9;1471,8;27,5;25,8;27,5;26,3;26,2;25,2;97;89;90;;4,3;2,6;
2026/05/30;1400 UTC;0;1002,7;1003,3;1002,7;1728,2;28,8;26,2;28,8;27,5;26,4;25,4;91;84;86;;4,6;2,8;
2026/05/30;1500 UTC;0;1002;1002,7;1002;2135,3;29,6;26,3;30;28,8;26,6;25,6;87;78;82;;4,6;1,8;
2026/05/30;1600 UTC;0;1000,9;1002;1000,9;2620,4;31;26,4;31,3;29,4;26,8;25,5;85;72;77;;5,2;1,7;
2026/05/30;1700 UTC;0;999,4;1000,9;999,4;2633,3;31,8;25,6;31,8;30,7;26,2;24,6;77;67;70;;5;1,1;
2026/05/30;1800 UTC;0;998,5;999,4;998,5;2428,8;31,8;25,2;32,4;31,3;25,8;24,4;72;64;68;;4,9;1,3;
2026/05/30;1900 UTC;0;998,3;998,6;998,3;1659,9;31,8;25,8;32,6;31;26,4;24,6;76;64;71;;4,3;,3;
2026/05/30;2000 UTC;0;998,7;998,7;998,2;905,9;31,6;25,2;32,5;31,3;26,7;24,6;77;63;69;;2;0;
2026/05/30;2100 UTC;12,8;1000,2;1000,3;998,7;77,1;26,1;26,1;31,5;25,3;27,3;25,1;100;68;100;;11,6;4,3;
2026/05/30;2200 UTC;1,8;1001,1;1001,1;1000,2;3;25,1;25,1;26,1;25,1;26,1;25,1;100;100;100;;11,6;1,7;
2026/05/30;2300 UTC;0;1001,6;1001,6;1001,1;,1;25;25;25,1;24,8;25,1;24,8;100;100;100;;3;1,7;
2026/05/31;0000 UTC;2,8;1003,6;1003,6;1001,6;1,6;23,9;23,9;25;23,9;25;23,9;100;100;100;;9,6;4,3;
2026/05/31;0100 UTC;4,2;1003,4;1003,8;1003,4;,2;23,8;23,8;23,9;23,7;23,9;23,7;100;100;100;;7,2;,7;
2026/05/31;0200 UTC;2,2;1003,8;1003,8;1003,4;0;24;24;24;23,7;24;23,7;100;100;100;;1,4;,2;
2026/05/31;0300 UTC;2;1003,6;1003,9;1003,6;0;24,3;24,3;24,3;24;24,3;24;100;100;100;;3,6;,1;
2026/05/31;0400 UTC;1;1002,8;1003,6;1002,7;0;24,2;24,2;24,3;24,2;24,3;24,2;100;100;100;;1,4;,2;
2026/05/31;0500 UTC;0;1002,2;1002,8;1002,2;0;23,8;23,8;24,2;23,8;24,2;23,8;100;100;100;;2;,9;
2026/05/31;0600 UTC;,2;1001,7;1002,2;1001,7;0;23,8;23,8;23,8;23,7;23,8;23,7;100;100;100;;1,6;,2;
2026/05/31;0700 UTC;0;1001;1001,7;1001;0;24;24;24;23,7;24;23,7;100;100;100;;1,4;,8;
2026/05/31;0800 UTC;0;1000,9;1001;1000,8;0;24;24;24;23,9;24;23,9;100;100;100;;2,7;1,9;
2026/05/31;0900 UTC;0;1001,5;1001,5;1000,9;0;23,9;23,9;24;23,9;24;23,9;100;100;100;;2,7;0;
2026/05/31;1000 UTC;0;1002;1002;1001,5;83,8;24,1;24,1;24,1;23,7;24,1;23,7;100;100;100;;1,5;0;
2026/05/31;1100 UTC;0;1002,8;1002,8;1002;502,9;24,8;24,8;24,8;24,1;24,8;24,1;100;100;100;;1,1;0;
2026/05/31;1200 UTC;0;1002,9;1003;1002,8;1088,1;26,2;25,7;26,3;24,8;25,9;24,8;100;96;97;;4,5;2,7;
2026/05/31;1300 UTC;0;1002,9;1003,1;1002,9;934,8;27;25,7;27;26,1;26,1;25,2;99;92;93;;5,3;2,8;
2026/05/31;1400 UTC;0;1002,6;1003;1002,6;2634,8;28,9;25,1;29;26,9;26,2;24,7;93;78;80;;6;3,3;
2026/05/31;1500 UTC;0;1001,8;1002,6;1001,8;3069;29,4;24,7;29,9;28,8;25,9;24,6;84;74;75;;7,1;3,1;
2026/05/31;1600 UTC;0;1000,9;1001,8;1000,9;3064,1;31;24,3;31,1;29,4;25,9;23,9;80;67;68;;7,6;4,8;
2026/05/31;1700 UTC;0;1000;1000,9;1000;2209,3;30,8;25,2;31,1;30,3;25,6;23,7;76;66;72;;8,1;1,1;
2026/05/31;1800 UTC;0;999;1000;999;2199,8;30,5;24,6;31,5;30,4;25,9;23,7;75;65;71;;5,6;3,2;
2026/05/31;1900 UTC;0;998,6;999;998,6;1814,7;30,4;25,4;31,4;30,2;25,6;23,5;76;63;75;;5,6;,3;
2026/05/31;2000 UTC;0;998,9;998,9;998,4;1150,8;29,8;23,9;31,1;29,8;26,1;23,8;75;69;71;;6,1;3,3;
2026/05/31;2100 UTC;0;999,4;999,4;998,9;354,3;27,7;25,4;29,8;27,7;25,6;23,5;88;70;87;;6,1;,1;
2026/05/31;2200 UTC;0;1000,3;1000,3;999,4;1;27,1;25,2;27,9;27;26;24,7;92;83;89;;1,5;0;
2026/05/31;2300 UTC;0;1000,5;1000,5;1000;0;26,3;25,6;27,1;26,3;25,7;24,8;96;88;96;;0;0;
2026/06/01;0000 UTC;0;1001,8;1001,8;1000,5;0;25,9;25,9;26,3;25,9;26;25,5;100;96;100;;1;0;
2026/06/01;0100 UTC;0;1002,3;1002,3;1001,8;0;25,8;25,8;26,2;25,8;26,2;25,8;100;99;100;;0;0;
2026/06/01;0200 UTC;0;1002,5;1002,5;1002,3;0;25,9;25,9;26;25,7;26;25,7;100;100;100;;1,1;,1;
2026/06/01;0300 UTC;0;1002,2;1002,6;1002,2;0;25,6;25,6;26;25,6;26;25,6;100;100;100;;1,7;0;
2026/06/01;0400 UTC;0;1002,2;1002,3;1002,1;0;25,2;25,2;25,6;25,1;25,6;25,1;100;100;100;;,6;0;
2026/06/01;0500 UTC;0;1001,8;1002,1;1001,8;0;24,8;24,8;25,2;24,8;25,2;24,8;100;100;100;;0;0;
2026/06/01;0600 UTC;0;1001,2;1001,8;1001,2;0;24,7;24,7;24,8;24,6;24,8;24,6;100;100;100;;0;0;
2026/06/01;0700 UTC;0;1000,9;1001,2;1000,9;0;24,5;24,5;24,8;24,5;24,8;24,5;100;100;100;;0;0;
2026/06/01;0800 UTC;0;1001,1;1001,1;1000,8;0;24,4;24,4;24,5;24,4;24,5;24,4;100;100;100;;0;0;
2026/06/01;0900 UTC;0;1001,6;1001,6;1001,1;0;24,3;24,3;24,4;24,3;24,4;24,3;100;100;100;;0;0;
2026/06/01;1000 UTC;0;1002,1;1002,1;1001,5;34,4;24,7;24,7;24,7;24,3;24,7;24,3;100;100;100;;,6;0;
2026/06/01;1100 UTC;0;1002,7;1002,8;1002,1;390,3;25,4;25,4;25,4;24,7;25,4;24,7;100;100;100;;1,1;,1;
2026/06/01;1200 UTC;0;1003,2;1003,2;1002,7;1148,1;27,3;25,7;27,3;25,4;26,2;25,4;100;91;91;;4,1;2;
2026/06/01;1300 UTC;0;1003,5;1003,5;1003,2;1702,3;28,5;25,8;28,5;27,1;26,3;25,2;93;83;85;;5,6;1,8;
2026/06/01;1400 UTC;0;1003,3;1003,5;1003,2;1997,9;29,2;25,7;29,4;28,2;26,3;25,1;86;79;81;;4,9;2,3;
2026/06/01;1500 UTC;0;1002,4;1003,3;1002,4;2901;31,2;25,4;31,2;29,1;26;24,8;82;70;71;;4,4;1,7;
2026/06/01;1600 UTC;0;1001,4;1002,4;1001,4;2905,9;31,9;24;32;30,7;25,7;23,8;74;62;63;;3,8;1,2;
2026/06/01;1700 UTC;0;1000,1;1001,4;1000,1;1852,8;31,6;25,2;32,7;31,1;25,7;24;71;62;69;;3,7;1,7;
2026/06/01;1800 UTC;0;999,1;1000,1;999,1;2655,5;32,8;25,1;32,9;31,5;26,1;24;69;60;64;;3,9;1,5;
2026/06/01;1900 UTC;0;998,9;999,2;998,8;1912,7;32,4;25,9;33,4;31,8;25,9;24;70;58;69;;5,7;1;
2026/06/01;2000 UTC;,4;999,6;999,9;998,9;284,4;26,6;26,2;32,4;26,5;26,8;23,7;100;65;98;;13,4;1,3;
2026/06/01;2100 UTC;0;1000,2;1000,4;999,6;127,9;26,1;25,5;26,9;26,1;26,5;25,5;99;93;97;;2,6;0;
2026/06/01;2200 UTC;0;1000,3;1000,3;1000;1,1;25,7;25,4;26,1;25,7;25,9;25;99;95;98;;1,1;,2;
2026/06/01;2300 UTC;0;1001,6;1001,6;1000,3;0;25,6;25,6;25,8;25,4;25,8;25,4;100;98;100;;2,4;,4;
2026/06/02;0000 UTC;0;1002,5;1002,5;1001,5;0;25,9;25,3;25,9;25,6;25,7;25,2;100;96;96;;2,4;1,5;
2026/06/02;0100 UTC;0;1003,3;1003,3;1002,5;,3;25,4;25,2;25,9;25,4;25,8;25,1;100;96;99;;6,6;4,6;
2026/06/02;0200 UTC;0;1003,4;1003,4;1003,1;0;25;25;25,3;25;25,3;25;100;99;100;;7,5;3,2;
2026/06/02;0300 UTC;0;1003,5;1003,8;1003,3;0;24,8;24,8;25;24,8;25;24,8;100;100;100;;5;2;
2026/06/02;0400 UTC;0;1002,4;1003,5;1002,4;0;24,6;24,6;24,8;24,6;24,8;24,6;100;100;100;;3,6;1,6;
2026/06/02;0500 UTC;0;1002,5;1002,5;1002,4;0;24,4;24,4;24,6;24,4;24,6;24,4;100;100;100;;2,1;1,1;
2026/06/02;0600 UTC;0;1002,4;1002,5;1002,3;0;24,1;24,1;24,4;24,1;24,4;24,1;100;100;100;;2,2;1,4;
2026/06/02;0700 UTC;0;1001,8;1002,4;1001,8;0;24;24;24,1;24;24,1;24;100;100;100;;2,2;,5;
2026/06/02;0800 UTC;0;1002,1;1002,1;1001,8;0;23,9;23,9;24;23,9;24;23,9;100;100;100;;2,3;,8;
2026/06/02;0900 UTC;0;1002,4;1002,4;1002,1;,1;23,8;23,8;23,9;23,8;23,9;23,8;100;100;100;;2,3;1,3;
2026/06/02;1000 UTC;0;1003;1003;1002,4;100,5;24,1;24,1;24,1;23,8;24,1;23,8;100;100;100;;2,1;,3;
2026/06/02;1100 UTC;0;1003,5;1003,5;1003;344,4;24,4;24,4;24,5;24,1;24,4;24,1;100;100;100;;2,1;1,3;
2026/06/02;1200 UTC;0;1003,9;1003,9;1003,5;1404,1;25,6;25,2;25,7;24,5;25,5;24,5;100;97;97;;2,9;1,2;
2026/06/02;1300 UTC;0;1003,8;1004;1003,8;2067,6;27,7;25,7;27,7;25,6;25,9;24,9;99;87;89;;4;1,5;
2026/06/02;1400 UTC;0;1003,5;1003,9;1003,4;2927,8;29,7;25,2;29,9;27,7;25,8;24,5;89;74;77;;7,2;2,5;
2026/06/02;1500 UTC;0;1003;1003,5;1003;2175,2;29,9;25,3;30,3;29,3;25,8;24,4;78;72;76;;5,2;2,2;
2026/06/02;1600 UTC;0;1002,2;1003;1002,2;3205,4;31,7;25,4;31,7;29,8;25,6;24,3;77;66;69;;4,4;2,1;
2026/06/02;1700 UTC;0;1001,3;1002,2;1001,3;1682,7;30,6;25,3;31,9;30,6;25,3;23,2;73;61;73;;4,1;,4;
2026/06/02;1800 UTC;0;1000;1001,3;1000;2127,5;32,2;24,5;32,2;30,2;25,9;23,7;77;63;64;;4,8;2,1;
2026/06/02;1900 UTC;0;999,5;1000;999,5;1176,7;30,7;25,8;32,3;30,7;25,8;24;75;62;75;;5,1;,1;
2026/06/02;2000 UTC;0;999,6;999,6;999,4;727,4;31,4;25,4;31,5;30;26,3;24,7;80;67;71;;1,9;,3;
2026/06/02;2100 UTC;0;1000,2;1000,2;999,6;206,5;28,5;26,1;31,4;28,5;26,6;25,1;87;70;87;;2,7;0;
2026/06/02;2200 UTC;0;1001;1001;1000,2;1,3;27,7;25,5;28,5;27,7;26,4;25,1;90;85;88;;1,2;0;
2026/06/02;2300 UTC;0;1001,7;1001,7;1001;0;27,1;27;27,7;27;27,1;25,5;100;88;99;;1;0;
2026/06/03;0000 UTC;0;1002,5;1002,5;1001,7;0;26,7;26,7;27,1;26,7;27;25,9;100;95;100;;0;0;
2026/06/03;0100 UTC;0;1003,4;1003,4;1002,5;0;26,2;25,9;26,7;26,2;26,7;25,9;100;98;99;;3,6;,6;
2026/06/03;0200 UTC;0;1003,8;1003,9;1003,4;0;25,3;24,5;26,2;25,3;26;24,5;100;95;96;;4,1;2,3;
2026/06/03;0300 UTC;0;1004,1;1004,1;1003,8;0;25;24,6;25,3;25;24,7;24,3;97;95;97;;4,1;1,1;
2026/06/03;0400 UTC;0;1003,7;1004,2;1003,7;0;24,9;24,9;25,1;24,8;24,9;24,6;100;97;100;;2;0;
2026/06/03;0500 UTC;;;;;;;;;;;;;;;;;;
2026/06/03;0600 UTC;0;1002,2;1002,9;1002,2;0;24,7;24,7;24,9;24,7;24,9;24,7;100;100;100;;0;0;
2026/06/03;0700 UTC;0;1002,3;1002,3;1002,1;0;24,3;24,3;24,7;24,3;24,7;24,3;100;100;100;;0;0;
2026/06/03;0800 UTC;0;1002,3;1002,3;1002,1;0;24,1;24,1;24,3;24,1;24,3;24,1;100;100;100;;0;0;
2026/06/03;0900 UTC;0;1002,4;1002,5;1002,3;0;23,9;23,9;24,1;23,9;24,1;23,9;100;100;100;;0;0;
2026/06/03;1000 UTC;0;1002,8;1002,8;1002,4;95,4;24,5;24,5;24,5;23,9;24,5;23,9;100;100;100;;1,8;1,1;
2026/06/03;1100 UTC;0;1003,4;1003,4;1002,8;492,2;25,5;25,5;25,5;24,5;25,5;24,5;100;100;100;;4,8;2,7;
2026/06/03;1200 UTC;0;1004;1004;1003,4;1058,1;27,2;25,8;27,3;25,5;26,3;25,5;100;91;92;;7,1;4,2;
2026/06/03;1300 UTC;0;1004,1;1004,1;1004;1933,9;28,8;25,2;28,8;27,2;25,9;24,7;92;79;81;;8,4;5;
2026/06/03;1400 UTC;0;1003,7;1004,1;1003,7;2399,4;30;25;30;28,7;25,6;24,6;81;74;75;;8,4;3,5;
2026/06/03;1500 UTC;0;1003,3;1003,7;1003,3;1855,4;30,4;25,3;30,5;29,6;25,5;24,4;78;70;74;;6,8;3,2;
2026/06/03;1600 UTC;0;1002,2;1003,3;1002,2;2702,1;31,5;24,5;31,6;30,3;25,8;24,1;75;65;66;;7,5;3,9;
2026/06/03;1700 UTC;0;1001,3;1002,2;1001,3;2420,5;31,9;24,5;32,2;31,1;25,7;24,1;71;64;65;;7,5;3,1;
2026/06/03;1800 UTC;0;1000,5;1001,3;1000,5;2594,3;31,9;24,7;32,5;31,9;25,3;23,9;68;62;66;;6,6;3;
2026/06/03;1900 UTC;0;1000;1000,5;1000;1991;32,3;24,9;32,4;31,8;25,5;24,2;68;62;65;;6,6;3,1;
2026/06/03;2000 UTC;0;999,7;1000;999,7;1195,5;31,3;25;32,3;31,3;25,5;24;71;62;69;;7,1;1,7;
2026/06/03;2100 UTC;1,6;1000,6;1000,6;999,7;344;26,2;26,2;31,3;26,2;26,6;25;100;69;100;;12,7;1,6;
2026/06/03;2200 UTC;0;1001,4;1001,4;1000,6;2,5;25,5;25,5;26,2;25,5;26,2;25,5;100;100;100;;3,7;,1;
2026/06/03;2300 UTC;0;1002,1;1002,1;1001,3;0;25,3;25,3;25,7;25,3;25,7;25,3;100;100;100;;3;,1;
2026/06/04;0000 UTC;0;1002,7;1002,7;1002,1;0;25,3;25,3;25,4;25,2;25,4;25;100;98;100;;4,4;,8;
2026/06/04;0100 UTC;0;1003,4;1003,4;1002,7;0;25,3;25;25,3;25;25,3;25;100;98;99;;5,7;2;
2026/06/04;0200 UTC;0;1003,6;1003,6;1003,3;0;25;25;25,4;25;25,3;25;100;98;100;;5,7;1,2;
2026/06/04;0300 UTC;0;1003,6;1003,9;1003,6;0;24,5;24,5;25;24,5;25;24,5;100;100;100;;3,3;,1;
2026/06/04;0400 UTC;0;1003,1;1003,7;1003,1;0;24,4;24,4;24,5;24,3;24,5;24,3;100;100;100;;1,8;0;
2026/06/04;0500 UTC;0;1002,1;1003,1;1002,1;0;23,9;23,9;24,4;23,9;24,4;23,9;100;100;100;;0;0;
2026/06/04;0600 UTC;0;1001,8;1002,2;1001,8;0;23,6;23,6;24;23,6;24;23,6;100;100;100;;0;0;
2026/06/04;0700 UTC;0;1001,8;1001,9;1001,8;0;23,3;23,3;23,7;23,3;23,7;23,3;100;100;100;;0;0;
2026/06/04;0800 UTC;,2;1002;1002,1;1001,8;0;23,2;23,2;23,3;23,1;23,3;23,1;100;100;100;;0;0;
2026/06/04;0900 UTC;0;1002,5;1002,5;1002;,2;23,1;23,1;23,2;23;23,2;23;100;100;100;;0;0;
2026/06/04;1000 UTC;0;1002,9;1002,9;1002,4;120;23,6;23,6;23,6;23;23,6;23;100;100;100;;0;0;
2026/06/04;1100 UTC;0;1003,4;1003,5;1002,9;726,7;25,2;25,2;25,2;23,6;25,2;23,6;100;100;100;;0;0;
2026/06/04;1200 UTC;0;1003,8;1003,8;1003,4;1499,9;26,8;25,9;26,9;25,2;26,3;25,3;100;94;95;;6,1;3,9;
2026/06/04;1300 UTC;0;1003,5;1003,8;1003,5;2037;28,5;25,4;28,5;26,8;26,4;25,1;96;83;84;;6,9;3,8;
2026/06/04;1400 UTC;0;1003;1003,5;1003;2750;30;25,1;30;28,3;25,8;24,4;85;73;75;;7,2;3,7;
2026/06/04;1500 UTC;0;1002,2;1003,1;1002,2;2969,2;31,1;24,9;31,1;29,9;25,5;24,2;75;68;70;;7,4;4;
2026/06/04;1600 UTC;0;1001,4;1002,2;1001,4;2735,1;31,5;25,2;31,7;30,8;25,9;24,6;75;67;69;;7,3;4,1;
2026/06/04;1700 UTC;0;1000,4;1001,4;1000,4;2170;31,6;24,8;32;30,7;26,2;24,6;75;66;67;;6,8;3,2;
2026/06/04;1800 UTC;0;999,5;1000,4;999,5;2137,4;32,2;25,5;32,4;31;26;24,8;73;65;68;;6,2;3,3;
2026/06/04;1900 UTC;0;999,3;999,5;999,1;1593,2;31,2;25,3;32,4;31,2;26,1;24,6;72;64;71;;6,2;1,9;
2026/06/04;2000 UTC;0;999,6;999,6;999,3;739,7;29,5;25,8;31,2;29,5;25,8;23,9;81;70;81;;5,7;,1;
2026/06/04;2100 UTC;0;1000;1000,1;999,6;237,9;28,5;23,9;29,5;28,5;26,5;23,9;86;76;76;;8,2;3,4;
2026/06/04;2200 UTC;0;1000,6;1000,6;999,9;3,5;27,3;24,4;28,5;27,3;25,2;24;86;76;84;;8,2;2,4;
2026/06/04;2300 UTC;0;1001,2;1001,2;1000,6;0;26,9;24,3;27,3;26,9;24,5;23,9;86;83;86;;4,6;1,8;
2026/06/05;0000 UTC;0;1002,1;1002,1;1001,2;0;26;25,2;26,9;26;25,2;24,2;95;85;95;;3,4;,3;
2026/06/05;0100 UTC;0;1002,4;1002,4;1002;0;25,5;25,5;26;25,5;25,6;25,2;100;95;100;;4,7;0;
2026/06/05;0200 UTC;0;1002,2;1002,4;1002,2;0;25,2;25,2;25,5;25,2;25,5;25,2;100;99;100;;2,5;0;
2026/06/05;0300 UTC;0;1002;1002,3;1002;0;25,1;25,1;25,2;25,1;25,2;25,1;100;100;100;;0;0;
2026/06/05;0400 UTC;0;1001,9;1002,1;1001,9;0;25,1;25,1;25,2;25,1;25,2;25,1;100;100;100;;0;0;
2026/06/05;0500 UTC;0;1001,3;1001,9;1001,3;0;24,9;24,9;25,2;24,9;25,2;24,9;100;100;100;;0;0;
2026/06/05;0600 UTC;0;1000,8;1001,3;1000,8;0;24,6;24,6;24,9;24,6;24,9;24,6;100;100;100;;0;0;
2026/06/05;0700 UTC;0;1000,5;1000,9;1000,5;0;24,4;24,4;24,6;24,4;24,6;24,4;100;100;100;;0;0;
2026/06/05;0800 UTC;0;1000,8;1000,8;1000,4;0;24,5;24,5;24,5;24,3;24,5;24,3;100;100;100;;0;0;
2026/06/05;0900 UTC;0;1001,5;1001,5;1000,8;0;24,3;24,3;24,5;24,2;24,5;24,2;100;100;100;;0;0;
2026/06/05;1000 UTC;0;1002,1;1002,1;1001,5;51,3;24,2;24,2;24,3;24,1;24,3;24,1;100;100;100;;0;0;
2026/06/05;1100 UTC;0;1002,8;1002,8;1002;501;25,5;25,5;25,6;24,2;25,5;24,2;100;100;100;;1,6;,2;
2026/06/05;1200 UTC;0;1003,1;1003,1;1002,8;1360,9;27,6;25,7;27,6;25,5;25,8;25,2;100;89;89;;5,9;2,7;
2026/06/05;1300 UTC;0;1003,2;1003,2;1003,1;1887,5;28,5;26,1;29;27,4;26,1;25,1;90;81;87;;5,6;1,9;
2026/06/05;1400 UTC;0;1002,5;1003,2;1002,5;1791,3;29,6;25;29,6;28,5;26,2;25;87;76;76;;6,6;1;
2026/06/05;1500 UTC;0;1001,9;1002,5;1001,9;2376,1;30,9;23,2;31;29,1;25,6;23,2;78;63;64;;9;3,2;
2026/06/05;1600 UTC;0;1000,8;1002;1000,8;3337,7;32,1;24,1;32,1;30,9;24,8;23,3;67;60;63;;9;2,1;
2026/06/05;1700 UTC;0;1000;1000,8;1000;2825;31,9;23,9;32,6;31,9;24,8;23,6;65;60;63;;7,2;2,1;
2026/06/05;1800 UTC;0;999;1000;999;2614,4;32,2;23,8;32,4;31,9;24,5;23,1;64;59;61;;7,2;3,4;
2026/06/05;1900 UTC;0;998,7;999;998,6;1758,8;31,5;24,5;32,4;31,4;25,2;23,5;69;61;67;;6,9;2,5;
2026/06/05;2000 UTC;0;999,2;999,2;998,7;1103,1;30,9;24,7;31,7;30,9;25,2;24,3;70;66;70;;6,6;2;
2026/06/05;2100 UTC;0;999,5;999,5;999,2;245;28,9;25,7;30,9;28,9;26;24,4;83;69;82;;4,4;,4;
2026/06/05;2200 UTC;0;1000,2;1000,2;999,5;1,9;27,7;25,3;28,9;27,7;25,9;25,3;88;82;87;;3;,5;
2026/06/05;2300 UTC;0;1000,9;1000,9;1000,2;0;26,8;25,5;27,7;26,8;25,7;25,3;93;87;93;;2,5;0;
2026/06/06;0000 UTC;0;1001,7;1001,7;1000,9;0;26,2;25,5;26,8;26,2;25,6;25,4;96;93;96;;2;,1;
2026/06/06;0100 UTC;0;1001,9;1001,9;1001,7;0;25,6;25,3;26,2;25,6;25,6;25,2;98;96;98;;2,4;0;
2026/06/06;0200 UTC;0;1001,9;1002;1001,8;0;25,2;25,2;25,6;25,2;25,3;25,1;100;97;100;;1,3;0;
2026/06/06;0300 UTC;0;1001,6;1001,9;1001,6;0;24,9;24,9;25,2;24,9;25,2;24,9;100;99;100;;0;0;
2026/06/06;0400 UTC;0;1001;1001,6;1001;0;24,6;24,6;24,9;24,5;24,9;24,5;100;100;100;;0;0;
2026/06/06;0500 UTC;0;1000,4;1001;1000,4;0;24;24;24,6;24;24,5;24;100;100;100;;0;0;
2026/06/06;0600 UTC;0;999,8;1000,4;999,8;0;23,9;23,9;24;23,7;24;23,7;100;100;100;;0;0;
2026/06/06;0700 UTC;0;999,7;999,9;999,7;0;23,6;23,6;23,9;23,5;23,9;23,5;100;100;100;;0;0;
2026/06/06;0800 UTC;0;1000;1000,1;999,7;0;23,6;23,6;23,7;23,3;23,7;23,3;100;100;100;;0;0;
2026/06/06;0900 UTC;0;1000,3;1000,3;1000;0;23,2;23,2;23,6;23,2;23,6;23,2;100;100;100;;0;0;
2026/06/06;1000 UTC;0;1000,7;1000,7;1000,3;139,8;23,7;23,7;23,8;23,2;23,8;23,2;100;100;100;;0;0;
2026/06/06;1100 UTC;0;1001,4;1001,4;1000,7;706;25,1;24,9;25,1;23,7;24,9;23,7;100;98;98;;1,8;,6;
2026/06/06;1200 UTC;0;1001,6;1001,6;1001,4;1427,9;27,4;24,7;27,4;25,1;25,2;24,3;99;84;85;;4;2,3;
2026/06/06;1300 UTC;0;1001,6;1001,7;1001,5;2283,9;29,6;25,1;29,6;27,4;25,3;24,3;86;74;77;;4;2,1;
2026/06/06;1400 UTC;0;1001,1;1001,6;1001,1;2697,8;30,9;24;31,1;29,5;25,4;23,5;78;65;67;;5,6;1,7;
2026/06/06;1500 UTC;0;1000,3;1001,1;1000,3;2530,2;31,6;23,2;31,6;29,8;24,2;22,7;72;60;61;;8,1;3;
2026/06/06;1600 UTC;0;999,5;1000,3;999,5;2384,8;31,8;24;31,9;30,7;24,8;23;70;60;63;;7,5;1,3;
2026/06/06;1700 UTC;0;998,7;999,5;998,7;2668,4;31,9;24,7;32,3;31,4;24,7;22,8;67;58;66;;6,9;1,1;
2026/06/06;1800 UTC;0;998,3;998,7;998,2;2118,9;31,5;24,4;32,1;31,5;24,7;23,4;68;60;66;;5;,7;
2026/06/06;1900 UTC;0;998;998,3;998;1835,5;31,6;24,3;32,4;31,3;24,7;23,3;68;59;65;;4,3;,3;
2026/06/06;2000 UTC;0;998,2;998,2;998;958,4;30,7;24,4;32;30,7;25,3;23,7;72;61;69;;3,9;,4;
2026/06/06;2100 UTC;0;998,6;998,6;998,2;245,6;28,9;25,3;30,7;28,9;25,5;24,4;81;69;81;;4,4;,3;
2026/06/06;2200 UTC;0;999,7;999,7;998,6;,8;28,2;24,9;28,9;28,1;25,6;24,8;86;81;82;;2,1;1,4;
2026/06/06;2300 UTC;0;1000,7;1000,7;999,7;0;26,7;25,6;28,2;26,7;25,8;25;93;82;93;;5,1;2,4;
2026/06/07;0000 UTC;0;1001,3;1001,3;1000,7;0;26,2;25,4;26,7;26,2;25,6;25,3;96;93;96;;4;2;
2026/06/07;0100 UTC;0;1001,3;1001,3;1001,2;0;25,7;25,5;26,2;25,7;25,5;25,3;99;95;99;;4;,9;
2026/06/07;0200 UTC;0;1001,4;1001,4;1001,2;0;25,5;25,5;25,7;25,5;25,6;25,4;100;99;100;;1,9;,6;
2026/06/07;0300 UTC;0;1001,4;1001,5;1001,4;0;25,4;25,4;25,6;25,4;25,6;25,4;100;100;100;;1,5;,9;
2026/06/07;0400 UTC;0;1000,8;1001,4;1000,8;0;25,2;25,2;25,4;25,1;25,4;25,1;100;100;100;;1,5;,1;
2026/06/07;0500 UTC;0;1000,1;1000,8;1000,1;0;24,9;24,9;25,2;24,9;25,2;24,9;100;100;100;;1,2;,2;
2026/06/07;0600 UTC;0;999,8;1000,1;999,8;0;24,7;24,7;24,9;24,7;24,9;24,7;100;100;100;;1,1;0;
2026/06/07;0700 UTC;0;999,8;999,9;999,8;0;24,5;24,5;24,7;24,5;24,7;24,5;100;100;100;;1;,3;
2026/06/07;0800 UTC;0;1000;1000,1;999,8;0;24,5;24,5;24,6;24,5;24,6;24,5;100;100;100;;2;,9;
2026/06/07;0900 UTC;0;1000,3;1000,3;1000;0;24,5;24,5;24,6;24,5;24,5;24,5;100;100;100;;4,1;1,5;
2026/06/07;1000 UTC;0;1000,7;1000,7;1000,2;82,7;24,6;24,6;24,6;24,5;24,6;24,4;100;100;100;;3,9;1,9;
2026/06/07;1100 UTC;0;1001,4;1001,5;1000,7;405;25,4;25;25,4;24,6;25;24,5;100;98;98;;4,1;1,4;
2026/06/07;1200 UTC;0;1001,5;1001,6;1001,4;728,1;26,2;24,2;26,3;25,4;25;24,2;98;89;89;;2,7;,2;
2026/06/07;1300 UTC;0;1001,8;1001,8;1001,5;1126,6;27,2;24,7;27,2;26,2;24,8;24,1;90;85;86;;1,9;,4;
2026/06/07;1400 UTC;0;1001,3;1001,8;1001,3;1698,6;29;24,7;29;27,2;25,4;24,3;87;77;78;;3,2;1,8;
2026/06/07;1500 UTC;0;1000,5;1001,3;1000,5;2577,4;31;23,9;31,1;29;25,1;23,5;78;64;66;;6,4;2,2;
2026/06/07;1600 UTC;0;999,7;1000,6;999,7;2911,3;32,6;23,8;32,6;31;24,7;22,3;69;56;60;;6,4;2,3;
2026/06/07;1700 UTC;0;999;999,7;999;2563,8;32,1;23,8;33,2;31,6;24,5;22,7;66;55;62;;5,7;1,9;
2026/06/07;1800 UTC;0;998,5;999;998,4;1443,5;30;24,7;32,8;30;25,3;23,4;74;59;73;;8,1;3,7;
2026/06/07;1900 UTC;0;998,3;998,5;998,2;1785,5;30,3;24,2;30,9;29,4;24,8;23,4;77;65;70;;8,1;,5;
2026/06/07;2000 UTC;0;998,5;998,5;998,3;1005,4;30,8;25,8;30,9;30,1;26,1;24,4;77;70;75;;3;,1;
2026/06/07;2100 UTC;0;998,7;998,8;998,5;312;29,4;26,8;31,1;29,4;26,8;25,8;86;74;86;;2,4;0;
2026/06/07;2200 UTC;0;999,3;999,3;998,7;1,1;27,4;25,4;29,3;27,4;26,7;25,3;89;85;89;;1;0;
2026/06/07;2300 UTC;0;999,8;999,8;999,3;0;26,8;25,7;27,4;26,8;25,8;25,4;94;89;94;;,8;0;
2026/06/08;0000 UTC;0;1000,7;1000,8;999,8;0;26,2;25,9;26,8;26,1;26,3;25,6;100;94;99;;0;0;
2026/06/08;0100 UTC;0;1001;1001;1000,7;0;25,9;25,6;26,3;25,9;25,9;25,5;99;96;98;;1,8;,3;
2026/06/08;0200 UTC;0;1001,5;1001,5;1000,9;0;25,3;25,1;25,9;25,3;25,6;25,1;100;98;99;;1,9;0;
2026/06/08;0300 UTC;0;1001,6;1001,7;1001,5;0;25;25;25,4;24,9;25,3;24,8;100;97;100;;0;0;
2026/06/08;0400 UTC;0;1001,1;1001,6;1001,1;0;24,8;24,8;25;24,8;25;24,7;100;100;100;;0;0;
2026/06/08;0500 UTC;0;1000,8;1001,1;1000,8;0;24,4;24,4;24,8;24,4;24,8;24,4;100;100;100;;0;0;
2026/06/08;0600 UTC;0;1000,5;1000,8;1000,5;0;24,4;24,4;24,6;24,2;24,6;24,2;100;100;100;;0;0;
2026/06/08;0700 UTC;0;1000,3;1000,5;1000,3;0;24,1;24,1;24,4;23,9;24,4;23,9;100;100;100;;0;0;
2026/06/08;0800 UTC;0;1000,8;1000,8;1000,3;0;23,8;23,8;24,1;23,5;24,1;23,5;100;100;100;;0;0;
2026/06/08;0900 UTC;0;1001,5;1001,6;1000,8;0;23,5;23,5;23,9;23,4;23,9;23,4;100;100;100;;0;0;
2026/06/08;1000 UTC;0;1002,1;1002,1;1001,5;97,8;23,7;23,7;23,7;23,5;23,7;23,5;100;100;100;;0;0;
2026/06/08;1100 UTC;0;1003;1003;1002,1;492,2;25,2;25,2;25,2;23,7;25,2;23,8;100;100;100;;0;0;
2026/06/08;1200 UTC;0;1003;1003,1;1003;1588,4;27,4;25,7;27,5;25,1;26,2;25,1;100;89;90;;4,3;2,2;
2026/06/08;1300 UTC;0;1002,9;1003,1;1002,9;2311,8;29,1;25,4;29,2;27,5;26,1;25,2;91;79;80;;6,9;3,3;
2026/06/08;1400 UTC;0;1002,4;1002,9;1002,4;2027,1;29,9;25,5;30,2;29,1;26,1;24,8;82;73;78;;5,2;1,9;
2026/06/08;1500 UTC;0;1001,6;1002,4;1001,6;2896,8;31,2;24,8;31,4;29,9;26,3;24,6;79;68;69;;8,3;3,4;
2026/06/08;1600 UTC;,8;1000,9;1001,6;1000,9;1249,7;26,9;24,7;31,7;25,8;26,3;23,6;100;67;88;;13,8;,2;
2026/06/08;1700 UTC;0;1000;1000,9;1000;2909,2;30,7;25,8;30,9;26,9;26,7;24,9;91;74;75;;6,9;3,5;
2026/06/08;1800 UTC;0;999,8;1000,2;999,7;1657,8;30,5;25,9;31;28,2;26,4;24,6;88;74;77;;6,9;,8;
2026/06/08;1900 UTC;0;999,7;999,8;999,4;862,8;29,7;25,8;30,7;29,6;27;25,3;85;74;80;;5,5;1,1;
2026/06/08;2000 UTC;0;999,8;999,8;999,6;588,4;29,4;25,7;30;29,4;26,2;25,4;82;77;81;;4,9;1,9;
2026/06/08;2100 UTC;0;1000,1;1000,1;999,8;147;28,4;26,5;29,4;28,4;26,7;25,7;90;80;89;;3,1;1,9;
2026/06/08;2200 UTC;0;1000,8;1000,8;1000,1;,9;27,3;26,6;28,4;27,3;26,8;25,8;96;88;96;;2,8;,5;
2026/06/08;2300 UTC;0;1001,6;1001,6;1000,8;0;26,9;26,9;27,3;26,8;26,9;26;100;93;100;;2,2;,1;
2026/06/09;0000 UTC;0;1002,3;1002,3;1001,6;0;26,3;25,6;26,9;26,3;26,8;25,5;100;95;96;;3,3;1,4;
2026/06/09;0100 UTC;0;1002,6;1002,6;1002,2;0;25,7;25,3;26,3;25,7;25,8;25,2;100;94;98;;2,4;0;
2026/06/09;0200 UTC;0;1002,9;1002,9;1002,6;0;25,4;25,4;25,8;25,2;25,7;25,1;100;97;100;;1,4;,8;
2026/06/09;0300 UTC;0;1002,6;1002,9;1002,6;0;25,4;25,4;25,4;25,1;25,4;25,1;100;100;100;;1,4;,5;
2026/06/09;0400 UTC;0;1002;1002,6;1002;0;25,3;25,3;25,4;25,3;25,4;25,3;100;100;100;;1,8;,5;
2026/06/09;0500 UTC;0;1001,2;1002;1001,2;0;25,2;25,2;25,3;25,1;25,3;25,1;100;100;100;;2,4;,7;
2026/06/09;0600 UTC;0;1000,7;1001,2;1000,7;0;25;25;25,2;25;25,2;25;100;100;100;;2,4;0;
2026/06/09;0700 UTC;0;1000,6;1000,7;1000,5;0;24,8;24,8;25;24,8;25;24,8;100;100;100;;1,4;0;
2026/06/09;0800 UTC;0;1000,8;1000,9;1000,6;0;24,7;24,7;24,8;24,6;24,8;24,6;100;100;100;;1,8;0;
2026/06/09;0900 UTC;0;1001,4;1001,4;1000,8;,2;24,5;24,5;24,7;24,5;24,7;24,5;100;100;100;;1,1;,6;
2026/06/09;1000 UTC;0;1002,3;1002,3;1001,4;89;24,4;24,4;24,5;24,3;24,5;24,3;100;100;100;;1,2;,3;
2026/06/09;1100 UTC;0;1002,9;1002,9;1002,3;402,2;24,8;24,8;24,9;24,4;24,8;24,4;100;100;100;;1,2;0;
2026/06/09;1200 UTC;0;1003,3;1003,3;1002,9;1363;26,7;25,4;26,8;24,8;26,1;24,8;100;92;92;;5,5;2,7;
2026/06/09;1300 UTC;0;1003,1;1003,3;1003,1;2352,2;29,1;26,1;29,1;26,7;26,1;25,1;94;82;84;;5,3;1,2;
2026/06/09;1400 UTC;0;1002,6;1003,1;1002,6;2543,1;30;24,8;30,4;29,1;25,8;24,6;84;72;74;;6,4;2,1;
2026/06/09;1500 UTC;0;1001,9;1002,7;1001,9;2900,2;31,3;24,6;31,6;30;25,5;24;74;64;67;;7,7;2,1;
2026/06/09;1600 UTC;0;1001,3;1001,9;1001,3;2857;32,4;23,7;32,5;31,1;25,7;23,7;73;60;60;;6,9;2,4;
2026/06/09;1700 UTC;0;1000,3;1001,3;1000,3;2605,2;33;23,7;33;31,8;24,9;23,4;67;58;59;;5,8;1,1;
2026/06/09;1800 UTC;0;999,4;1000,3;999,4;2441,3;32,9;23,1;33,4;32,7;24,8;22,9;62;55;56;;5,5;2,6;
2026/06/09;1900 UTC;0;998,9;999,4;998,9;1813,8;33;23,5;33;32,4;23,8;22,6;60;55;58;;5,5;2,5;
2026/06/09;2000 UTC;0;998,9;999;998,8;1091,5;32,1;24,2;33;32,1;24,3;23,2;63;57;63;;5,2;1,8;
2026/06/09;2100 UTC;0;999,1;999,1;998,9;93,7;29,1;25,4;32,1;29,1;25,6;24,2;81;63;81;;3,3;,4;
2026/06/09;2200 UTC;0;999,6;999,6;999,1;1,8;27,8;25,5;29,1;27,8;25,8;25,1;87;81;87;;1,8;0;
2026/06/09;2300 UTC;0;1000,7;1000,7;999,6;0;27,3;25,7;27,8;27,1;26,1;25,5;94;88;91;;1,5;0;
2026/06/10;0000 UTC;0;1001,4;1001,4;1000,7;0;26,6;26,1;27,3;26,6;26,1;25,4;97;89;97;;,6;0;
2026/06/10;0100 UTC;0;1001,6;1001,6;1001,3;0;26;25,4;26,6;25,9;26,2;25,3;99;96;96;;0;0;
2026/06/10;0200 UTC;0;1001,8;1001,9;1001,6;0;25,9;25,4;26;25,6;25,9;25,4;100;96;97;;2,6;1,2;
2026/06/10;0300 UTC;0;1001,9;1002,1;1001,8;0;25,5;25,5;25,9;25,5;25,6;25,4;100;98;100;;3,2;1,9;
2026/06/10;0400 UTC;0;1001,3;1002;1001,3;0;25,4;25,4;25,6;25,4;25,6;25,4;100;100;100;;3,2;1,2;
2026/06/10;0500 UTC;0;1000,5;1001,3;1000,5;0;25,2;25,1;25,4;25,2;25,4;25,1;100;100;100;;3,7;2;
2026/06/10;0600 UTC;0;1000;1000,6;999,9;0;24,8;24,8;25,2;24,8;25,1;24,8;100;100;100;;3,8;1,5;
2026/06/10;0700 UTC;0;999,9;1000;999,6;0;24,7;24,7;24,8;24,6;24,8;24,6;100;100;100;;3,3;1,9;
2026/06/10;0800 UTC;0;1000,4;1000,4;999,9;0;24,7;24,7;24,8;24,7;24,8;24,7;100;100;100;;3,8;2;
2026/06/10;0900 UTC;0;1000,9;1000,9;1000,4;0;24,2;24,2;24,7;24,2;24,7;24,2;100;100;100;;3,3;0;
2026/06/10;1000 UTC;0;1001,4;1001,4;1000,9;48,1;24,4;24,4;24,5;24,2;24,5;24,2;100;100;100;;1,6;,5;
2026/06/10;1100 UTC;0;1002,2;1002,2;1001,3;554;26;25,9;26;24,4;26;24,4;100;99;99;;4;2,2;
2026/06/10;1200 UTC;0;1002,4;1002,5;1002,2;1105,4;27,5;25,7;27,5;25,9;26,1;25,4;99;89;90;;7,4;4,5;
2026/06/10;1300 UTC;0;1002,5;1002,5;1002,2;2050,9;28,6;25,2;29,3;27,5;26;25,1;90;78;81;;8,7;4,7;
2026/06/10;1400 UTC;0;1002;1002,5;1002;2622,5;30,6;25,2;30,6;28,6;25,9;25,1;83;73;73;;7,9;4,4;
2026/06/10;1500 UTC;0;1000,9;1002;1000,9;2903;31,7;24,9;32;30;26;24,5;79;65;67;;6,6;4,7;
2026/06/10;1600 UTC;0;999,9;1000,9;999,9;3079,4;32,2;24,7;32,3;31,4;25,6;23,9;71;62;65;;6,6;1,9;
2026/06/10;1700 UTC;0;998,9;999,9;998,9;2806,6;32,6;24,3;33,1;32;25,4;24;68;59;62;;5,8;3,1;
2026/06/10;1800 UTC;0;997,7;998,9;997,7;2085,3;33;24,2;33,2;32,4;25,5;23,9;67;58;60;;4,7;,8;
2026/06/10;1900 UTC;0;997,8;998;997,6;876,4;29,8;25;33,1;29,8;27,6;24,2;83;60;75;;5;1,3;
2026/06/10;2000 UTC;0;998,1;998,1;997,8;251,6;28,2;25,5;29,8;28,2;25,8;24,8;86;75;85;;4,8;1,3;
2026/06/10;2100 UTC;0;999;999;998,1;88,5;27,1;25,8;28,2;27,1;25,9;25,5;93;86;93;;2,9;0;
2026/06/10;2200 UTC;0;999,7;999,7;998,9;,5;26,7;25,9;27,1;26,7;25,9;25,5;95;91;95;;1,6;0;
2026/06/10;2300 UTC;,4;1000,8;1000,8;999,7;0;26,3;26,3;26,7;26,2;26,3;25,8;100;95;100;;2,5;1,3;
2026/06/11;0000 UTC;,2;1001,4;1001,4;1000,8;0;25,8;25,8;26,3;25,8;26,3;25,8;100;100;100;;4,1;,9;
2026/06/11;0100 UTC;0;1002,2;1002,3;1001,4;0;25,4;25,4;25,8;25,4;25,7;25,4;100;100;100;;2,3;,1;
2026/06/11;0200 UTC;0;1002;1002,2;1001,9;0;25,6;25,6;25,7;25,3;25,7;25,3;100;100;100;;2,3;,8;
2026/06/11;0300 UTC;0;1002;1002,2;1002;0;25,2;25,2;25,6;25,2;25,6;25,2;100;100;100;;1,7;0;
2026/06/11;0400 UTC;0;1001,6;1002,1;1001,6;0;25,2;25,2;25,4;25,2;25,4;25,2;100;100;100;;0;0;
2026/06/11;0500 UTC;0;1002;1002;1001,5;0;25,1;25,1;25,2;25;25,2;25;100;100;100;;3,7;,7;
2026/06/11;0600 UTC;17,4;1001,4;1002;1001,4;1;24,2;24,2;25,2;24,2;25,2;24,2;100;100;100;;8,9;3,4;
2026/06/11;0700 UTC;3,2;1001,6;1001,7;1001,4;1,3;22,5;22,5;24,2;22,5;24,1;22,5;100;100;100;;6,6;1,3;
2026/06/11;0800 UTC;1;1001,4;1001,7;1001,4;0;22,6;22,6;22,7;22,5;22,7;22,5;100;100;100;;3,1;,8;
2026/06/11;0900 UTC;0;1001,3;1001,5;1001,2;0;22,4;22,4;22,6;22,4;22,5;22,4;100;100;100;;1,8;,8;
2026/06/11;1000 UTC;0;1001,9;1001,9;1001,3;163,8;22,9;22,9;22,9;22,3;22,9;22,2;100;100;100;;2,8;1,7;
2026/06/11;1100 UTC;0;1003,1;1003,1;1001,9;668,6;23,8;23,8;23,9;22,9;23,8;22,9;100;100;100;;5;2,6;
2026/06/11;1200 UTC;0;1003,9;1003,9;1003,1;865,5;25,1;25;25,2;23,7;25,1;23,7;100;99;99;;4,8;2,7;
2026/06/11;1300 UTC;,4;1003,5;1004;1003,5;908,3;25,9;25,9;26,1;25,1;26;25;100;96;100;;6,2;3,1;
2026/06/11;1400 UTC;1,4;1003,9;1004;1003,4;575,2;24,5;24,5;25,9;24,5;25,9;24,5;100;100;100;;8,8;,4;
2026/06/11;1500 UTC;0;1002,6;1003,9;1002,6;1444,9;26;24,8;26;24,5;25,8;24,4;100;93;93;;4,6;,9;
2026/06/11;1600 UTC;0;1001,1;1002,6;1001,1;1934,2;27,3;24,7;27,6;25,6;25,4;23,7;94;81;86;;4,8;1,7;
2026/06/11;1700 UTC;0;1000,5;1001,1;1000,5;1944,5;28,7;24,2;28,8;27,3;25,3;23,5;87;74;77;;5;2,3;
2026/06/11;1800 UTC;0;999,8;1000,5;999,8;1578;28,5;25;29,3;28,5;25,1;24;83;74;81;;6,4;1,4;
2026/06/11;1900 UTC;0;999,4;999,8;999,4;1159,6;29;25,3;29,2;28,4;25,6;24,4;83;76;81;;6,4;3,2;
2026/06/11;2000 UTC;0;999,7;999,7;999,3;627,2;28,2;26,4;29,3;28,2;26,7;25,1;91;80;90;;4,9;,7;
2026/06/11;2100 UTC;0;1000,1;1000,1;999,7;148,2;27,2;26,6;28,2;27,2;26,7;26,1;97;89;96;;2,1;0;
2026/06/11;2200 UTC;0;1000,6;1000,6;1000;1,2;26,2;26,2;27,2;26,2;26,7;26,2;100;96;100;;0;0;
2026/06/11;2300 UTC;0;1001,3;1001,4;1000,6;0;25,9;25,9;26,2;25,7;26,2;25,7;100;98;100;;0;0;
2026/06/12;0000 UTC;0;1001,7;1001,7;1001,3;0;25,5;25,5;25,9;25,5;25,8;25,5;100;100;100;;0;0;
2026/06/12;0100 UTC;0;1002,2;1002,2;1001,7;0;24,8;24,7;25,6;24,8;25,6;24,7;100;100;100;;0;0;
2026/06/12;0200 UTC;0;1002,5;1002,5;1002,2;0;24,6;24,6;24,9;24,5;24,9;24,5;100;100;100;;0;0;
2026/06/12;0300 UTC;0;1002,2;1002,5;1002,2;0;24,4;24,4;24,8;24,4;24,8;24,4;100;100;100;;0;0;
2026/06/12;0400 UTC;0;1002;1002,3;1002;0;23,8;23,8;24,5;23,8;24,5;23,8;100;100;100;;0;0;
2026/06/12;0500 UTC;0;1001,4;1002;1001,4;0;24,1;24,1;24,2;23,6;24,2;23,6;100;100;100;;0;0;
2026/06/12;0600 UTC;0;1000,8;1001,4;1000,8;0;23,8;23,8;24,1;23,8;24,1;23,8;100;100;100;;0;0;
2026/06/12;0700 UTC;0;1000,8;1000,9;1000,8;0;23,8;23,8;23,8;23,6;23,8;23,6;100;100;100;;0;0;
2026/06/12;0800 UTC;0;1001,2;1001,2;1000,8;0;23,6;23,6;23,8;23,5;23,8;23,5;100;100;100;;0;0;
2026/06/12;0900 UTC;0;1001,5;1001,5;1001,2;0;23,1;23,1;23,6;23,1;23,6;23,1;100;100;100;;0;0;
2026/06/12;1000 UTC;0;1002,3;1002,3;1001,5;135,8;23,6;23,5;23,6;23;23,5;23;100;100;100;;,8;0;
2026/06/12;1100 UTC;0;1003,1;1003,1;1002,3;889,5;25,1;25,1;25,3;23,6;25,3;23,6;100;100;100;;2,9;1,3;
2026/06/12;1200 UTC;0;1003,5;1003,5;1003,1;1558,1;26,9;24,8;26,9;25,1;25,3;24,2;100;87;88;;5,4;2,7;
2026/06/12;1300 UTC;0;1003,5;1003,6;1003,5;2317,2;28,5;24,9;28,5;26,8;25,4;24,4;88;80;81;;4,9;3,2;
2026/06/12;1400 UTC;0;1002,9;1003,5;1002,9;2693,5;29,5;25,1;29,9;28,5;25,6;24,6;82;75;78;;6,4;2,8;
2026/06/12;1500 UTC;0;1002,4;1002,9;1002,4;2685,9;30,6;25,4;30,6;29,5;25,6;24,5;78;71;74;;5,3;2,1;
2026/06/12;1600 UTC;0;1001,6;1002,4;1001,6;3215,4;31,5;24,1;32,1;30,6;25,6;23,8;74;62;65;;6,2;2;
2026/06/12;1700 UTC;0;1000,4;1001,6;1000,4;2524;31,8;24,4;31,9;31;24,9;23,7;69;62;65;;6,1;3,5;
2026/06/12;1800 UTC;0;999,7;1000,4;999,7;2220,9;31,7;24,2;32,2;31,2;24,9;23,2;68;60;64;;6;2,4;
2026/06/12;1900 UTC;0;999,5;999,7;999,4;1752;32,1;24,5;32,3;31,4;24,9;23,7;67;61;65;;6,4;3,1;
2026/06/12;2000 UTC;0;999,7;999,7;999,5;1246,5;31,9;24,5;32,2;31,8;25,2;23,5;68;60;65;;6,5;1,7;
2026/06/12;2100 UTC;1,2;1000,2;1000,2;999,7;386,8;28,3;26,8;32,1;28,3;28;24,1;93;63;91;;3,6;1,1;
2026/06/12;2200 UTC;0;1000,8;1000,8;1000,2;3,7;27,2;25,8;28,3;27;27;25,4;97;90;92;;2,8;0;
2026/06/12;2300 UTC;0;1001,7;1001,7;1000,8;0;26,9;26,5;27,4;26,8;26,6;25,4;98;90;98;;1,8;,3;
2026/06/13;0000 UTC;0;1002,6;1002,6;1001,7;0;26,7;26,6;26,9;26,4;26,8;25,8;100;96;100;;1,5;0;
2026/06/13;0100 UTC;0;1002,8;1003;1002,6;0;25,5;25,5;26,7;25,5;26,5;25,4;100;96;100;;6,2;0;
2026/06/13;0200 UTC;0;1003,3;1003,4;1002,8;0;25,4;25,3;25,5;25,3;25,5;25,3;100;100;100;;6,6;1,4;
2026/06/13;0300 UTC;0;1003,1;1003,3;1003,1;0;25,4;25,4;25,5;25,4;25,5;25,4;100;100;100;;2,3;1,1;
2026/06/13;0400 UTC;0;1002,8;1003,1;1002,8;0;25,2;25,2;25,4;25,1;25,4;25,1;100;100;100;;2,9;1,8;
2026/06/13;0500 UTC;0;1002,2;1002,8;1002,2;0;24,8;24,8;25,2;24,8;25,2;24,8;100;100;100;;3,5;2,2;
2026/06/13;0600 UTC;0;1001,5;1002,2;1001,5;0;24,6;24,6;24,8;24,6;24,8;24,6;100;100;100;;3,7;1,5;
2026/06/13;0700 UTC;0;1001,6;1001,7;1001,5;0;24,2;24,2;24,6;24,2;24,6;24,2;100;100;100;;2,2;0;
2026/06/13;0800 UTC;0;1002;1002;1001,6;0;23,9;23,9;24,4;23,9;24,4;23,9;100;100;100;;,9;0;
2026/06/13;0900 UTC;0;1002,3;1002,3;1002;0;23,8;23,8;24,2;23,7;24,2;23,7;100;100;100;;0;0;
2026/06/13;1000 UTC;0;1002,7;1002,7;1002,3;145,4;24,5;24,5;24,5;23,8;24,5;23,8;100;100;100;;1,9;1,2;
2026/06/13;1100 UTC;0;1003,5;1003,5;1002,7;762,3;25,5;25,5;25,5;24,5;25,5;24,6;100;100;100;;6,9;4,1;
2026/06/13;1200 UTC;0;1004,1;1004,1;1003,5;1200;26,6;26,1;26,6;25,4;26,2;25,4;100;96;97;;8,5;3,8;
2026/06/13;1300 UTC;0;1004;1004,1;1004;1949,6;28,8;25,1;28,9;26,6;26,1;25,1;97;81;81;;9,2;3,9;
2026/06/13;1400 UTC;0;1003,9;1004,1;1003,9;2235,8;29,8;25,4;30;28,2;26,4;25,1;87;77;77;;10,9;2,6;
2026/06/13;1500 UTC;0;1003,2;1003,9;1003,2;1785,8;30,1;25,2;30,4;28,9;25,8;24,7;80;72;75;;7,2;3,4;
2026/06/13;1600 UTC;0;1002,2;1003,2;1002,2;2857,3;31,3;24;31,6;29,9;25,7;24;77;65;65;;8,9;4,5;
2026/06/13;1700 UTC;0;1001,2;1002,2;1001,2;3090,8;32,4;23,9;32,5;31,2;25,1;23,9;69;61;61;;8,8;4,6;
2026/06/13;1800 UTC;0;1000,3;1001,2;1000,3;2300,5;32,4;24,3;32,7;31,7;25,1;23,7;68;60;62;;7,6;4;
2026/06/13;1900 UTC;0;1000,1;1000,3;1000;1837,7;31,3;25,2;32,5;31,3;25,4;23,5;70;59;70;;8,5;1,6;
2026/06/13;2000 UTC;0;1000;1000,1;1000;1142,9;31,1;23,9;31,7;31,1;26;23,8;73;65;66;;6,2;3,1;
2026/06/13;2100 UTC;0;1000,5;1000,5;1000;321,4;29,1;25,8;31,1;29,1;25,8;23,8;82;65;82;;6,2;0;
2026/06/13;2200 UTC;0;1001,1;1001,1;1000,5;1,3;27,6;25,5;29,1;27,6;25,9;25,3;88;82;88;;2,2;0;
2026/06/13;2300 UTC;0;1001,9;1001,9;1001,1;0;26,8;25,5;27,6;26,8;26,1;25,4;94;88;93;;,3;0;
2026/06/14;0000 UTC;0;1002,6;1002,6;1001,9;0;26,2;25,6;26,8;26,2;26;25,4;97;92;97;;0;0;
2026/06/14;0100 UTC;0;1003;1003;1002,6;0;25,8;25,8;26,2;25,6;25,8;25,5;100;97;100;;0;0;
2026/06/14;0200 UTC;0;1003,1;1003,2;1003;0;25,5;25,2;25,9;25,4;25,8;25,1;100;97;98;;2,2;1,1;
2026/06/14;0300 UTC;0;1002,9;1003,2;1002,9;0;25,6;25,3;25,7;25,5;25,3;24,9;98;96;98;;6,2;,4;
2026/06/14;0400 UTC;0;1002,2;1002,9;1002,2;0;25,3;25,3;25,6;25,3;25,4;25,2;100;98;100;;2,8;0;
2026/06/14;0500 UTC;0;1001,7;1002,2;1001,7;0;25;25;25,3;25;25,3;25;100;100;100;;1,9;,5;
2026/06/14;0600 UTC;0;1001,3;1001,7;1001,3;0;24,6;24,6;25;24,6;25;24,6;100;100;100;;3;1,8;
2026/06/14;0700 UTC;0;1001,2;1001,3;1001,1;0;24,3;24,3;24,6;24,3;24,6;24,3;100;100;100;;2,8;1,6;
2026/06/14;0800 UTC;0;1001,6;1001,6;1001,1;0;24,1;24,1;24,3;24;24,3;24;100;100;100;;2,5;,4;
2026/06/14;0900 UTC;0;1001,9;1001,9;1001,5;0;23,9;23,8;24,1;23,7;24,1;23,7;100;100;100;;1,6;,2;
2026/06/14;1000 UTC;0;1002,6;1002,6;1001,9;142,2;24,6;24,6;24,6;23,8;24,6;23,8;100;100;100;;2,3;,1;
2026/06/14;1100 UTC;0;1003,7;1003,7;1002,6;623,5;25,4;24,8;25,6;24,6;25,4;24,4;100;96;97;;4,8;2,1;
2026/06/14;1200 UTC;0;1004;1004,1;1003,7;1299,6;26,9;25,6;27,1;25,4;25,7;24,9;98;89;92;;6,9;3,1;
2026/06/14;1300 UTC;0;1004,1;1004,2;1004;1667,7;28,4;25,2;28,8;26,9;26,1;25;92;81;83;;8,8;5,1;
2026/06/14;1400 UTC;0;1003,8;1004,1;1003,8;2245,8;29,8;25,3;30,2;28,2;26;25,1;87;75;77;;8,8;3,2;
2026/06/14;1500 UTC;0;1003,3;1003,8;1003,3;2328,8;30,2;25,4;30,8;29,2;26,2;24,7;83;72;75;;7,7;4,1;
2026/06/14;1600 UTC;0;1002,5;1003,3;1002,5;3104;32,2;25,4;32,2;30,2;26,1;24,2;75;66;68;;7,9;4;
2026/06/14;1700 UTC;0;1001,6;1002,5;1001,6;2691,5;32;24,7;32,7;31,4;25,4;24,3;69;62;65;;8,4;1,6;
2026/06/14;1800 UTC;0;1000,7;1001,6;1000,6;2414,4;32,7;24,7;32,8;31,8;25,6;24,2;69;61;63;;6,7;1,6;
2026/06/14;1900 UTC;0;1000,5;1000,7;1000,4;1469,5;31,4;24,6;32,7;31,4;25,2;23,7;69;60;67;;7,5;1,8;
2026/06/14;2000 UTC;0;1000,4;1000,5;1000,4;700,4;30,7;25,6;31,4;30,7;25,8;24,4;75;67;74;;4,9;,4;
2026/06/14;2100 UTC;0;1001;1001;1000,4;124,5;28,4;25,7;30,7;28,4;26,6;25,4;86;74;86;;2,5;,3;
2026/06/14;2200 UTC;0;1001,2;1001,2;1000,9;2,9;27,3;25,6;28,4;27,3;25,8;25,5;90;85;90;;2;0;
2026/06/14;2300 UTC;0;1001,8;1001,8;1001,2;0;26,6;25,9;27,3;26,6;26,1;25,2;96;89;96;;,6;0;
2026/06/15;0000 UTC;0;1002,5;1002,5;1001,8;0;25,8;25,8;26,6;25,8;26,4;25,6;100;96;100;;0;0;
2026/06/15;0100 UTC;0;1003;1003;1002,5;0;25,1;25;25,8;25,1;25,7;25;100;99;99;;1,8;,2;
2026/06/15;0200 UTC;0;1003;1003,1;1003;0;24,6;24,6;25,1;24,6;25;24,6;100;99;100;;2,7;,9;
2026/06/15;0300 UTC;0;1002,8;1003;1002,8;0;24,7;24,1;24,7;24,3;24,5;24,1;100;96;96;;2,9;1,2;
2026/06/15;0400 UTC;0;1002,4;1002,8;1002,4;0;24,5;23,7;24,8;24,5;24,3;23,7;98;94;95;;3,8;2,5;
2026/06/15;0500 UTC;0;1001,7;1002,4;1001,7;0;24,2;23,9;24,5;24,2;23,9;23,7;98;95;98;;3,7;2;
2026/06/15;0600 UTC;0;1001,1;1001,7;1001,1;0;23,9;23,9;24,2;23,8;24,1;23,8;100;98;100;;3;,4;
2026/06/15;0700 UTC;0;1001,1;1001,1;1001;0;23,7;23,7;23,9;23,7;23,9;23,7;100;100;100;;1,9;,6;
2026/06/15;0800 UTC;0;1001,2;1001,2;1001;0;23,4;23,4;23,7;23,2;23,7;23,2;100;100;100;;1,4;0;
2026/06/15;0900 UTC;0;1001,6;1001,6;1001,2;0;23,1;23,1;23,5;23;23,5;23;100;100;100;;0;0;
2026/06/15;1000 UTC;0;1002,1;1002,1;1001,6;147,1;23,7;23,7;23,7;23;23,7;23;100;100;100;;0;0;
2026/06/15;1100 UTC;0;1002,5;1002,5;1002,1;843,9;26;25,4;26,1;23,7;25,7;23,7;100;96;96;;4,9;3;
2026/06/15;1200 UTC;0;1002,7;1002,7;1002,5;1532,8;28;25,3;28;26;25,9;25,3;98;85;85;;7,9;5,2;
2026/06/15;1300 UTC;0;1003,2;1003,2;1002,7;2309,3;29,8;25,1;29,8;28;25,7;24,9;86;76;76;;9;4,3;
2026/06/15;1400 UTC;0;1002,8;1003,2;1002,8;2624,8;30,6;24,8;30,8;29,4;25,7;24,6;80;70;71;;6,8;2,9;
2026/06/15;1500 UTC;0;1002,2;1002,8;1002,2;2571,1;31,1;24,9;31,5;30,4;26,1;24,5;77;68;70;;5,6;1,7;
2026/06/15;1600 UTC;0;1001,3;1002,2;1001,3;3040,3;32;24,6;32,2;30,8;25,6;24,5;73;64;65;;5,1;2,3;
2026/06/15;1700 UTC;0;1000,2;1001,2;1000,2;3131,2;32,9;24,7;33;32;25,3;23,8;66;60;62;;5,9;2,1;
2026/06/15;1800 UTC;0;999,5;1000,2;999,5;1964,6;33,3;25,3;33,3;31,9;26,1;23,9;71;60;63;;4,9;,8;
2026/06/15;1900 UTC;0;999;999,5;999;1957,1;33,2;25,3;33,3;32,8;25,3;24,2;64;60;64;;6,1;,8;
2026/06/15;2000 UTC;0;999,1;999,1;998,9;987,7;32,8;25,1;33,4;32,3;25,8;24,6;69;60;64;;3,7;,4;
2026/06/15;2100 UTC;0;999,3;999,3;999,1;257,8;29,8;26;32,9;29,8;26,3;25,1;80;64;80;;2;0;
2026/06/15;2200 UTC;0;999,8;999,8;999,3;3,3;28,6;25,4;29,8;28,6;26;25,1;83;80;83;;,5;0;
2026/06/15;2300 UTC;0;1000,2;1000,2;999,8;0;27,6;25,9;28,6;27,6;26,3;25,2;92;82;91;;,5;0;
2026/06/16;0000 UTC;0;1000,8;1000,8;1000,2;0;27;25,9;27,6;27;26,2;25,7;94;90;93;;0;0;
2026/06/16;0100 UTC;0;1001,3;1001,3;1000,8;0;26,4;25,8;27;26,4;26,4;25,8;97;93;97;;0;0;
2026/06/16;0200 UTC;0;1001,7;1001,7;1001,3;0;25,9;25,9;26,5;25,9;26,4;25,8;100;97;100;;0;0;
2026/06/16;0300 UTC;0;1001,6;1001,8;1001,5;0;25,6;25,6;25,9;25,6;25,9;25,6;100;99;100;;0;0;
2026/06/16;0400 UTC;0;1001,4;1001,6;1001,4;0;24,9;24,9;25,6;24,9;25,6;24,9;100;99;100;;2,1;,8;
2026/06/16;0500 UTC;0;1000,8;1001,4;1000,8;0;25,2;25,2;25,4;24,9;25,3;24,9;100;100;100;;2,3;,8;
2026/06/16;0600 UTC;0;1000,5;1000,8;1000,5;0;25;25;25,2;25;25,2;25;100;100;100;;2,3;1,3;
2026/06/16;0700 UTC;0;1000,5;1000,6;1000,4;0;24,6;24,6;25;24,6;25;24,6;100;100;100;;2,3;,5;
2026/06/16;0800 UTC;0;1000,5;1000,6;1000,4;0;24,4;24,4;24,6;24,4;24,6;24,3;100;100;100;;1,3;0;
2026/06/16;0900 UTC;0;1000,9;1000,9;1000,5;0;24;24;24,4;24;24,3;24;100;100;100;;0;0;
2026/06/16;1000 UTC;0;1001,3;1001,3;1000,9;102,2;24;24;24;23,4;24;23,4;100;100;100;;0;0;
2026/06/16;1100 UTC;0;1002;1002;1001,3;692,8;25,5;25,5;25,5;24;25,5;24;100;100;100;;0;0;
2026/06/16;1200 UTC;0;1002,3;1002,3;1002;1145,3;26,6;25,8;26,7;25,4;26,1;25,4;100;94;95;;3,2;1,9;
2026/06/16;1300 UTC;0;1002,4;1002,5;1002,3;2233,8;28,7;25,8;28,7;26,6;26,2;25,3;96;84;85;;4,2;2;
2026/06/16;1400 UTC;0;1002,1;1002,4;1002,1;2393,1;29,5;25,9;30,2;28,6;26,4;24,9;85;75;81;;4,4;1,1;
2026/06/16;1500 UTC;0;1001,5;1002,1;1001,5;2304,2;30,6;26,1;31,1;29,5;26,5;25;83;70;77;;3,9;,8;
2026/06/16;1600 UTC;0;1000,7;1001,5;1000,7;2171,1;32,1;25,9;32,1;30,5;27;25,1;80;68;70;;5,8;3;
2026/06/16;1700 UTC;0;999,7;1000,7;999,7;1737,9;30;25,7;32,2;30;26,7;25,3;79;68;78;;5,8;2;
2026/06/16;1800 UTC;0;998,8;999,7;998,8;645,6;30,1;27,6;30,2;29,8;27,8;25,8;88;78;86;;3,9;,3;
2026/06/16;1900 UTC;0;998,4;998,9;998,3;1950,5;32,4;25;32,5;30,1;27,9;25;88;65;65;;2,2;,8;
2026/06/16;2000 UTC;0;998,5;998,5;998,2;672,9;30;25,8;32,4;30;26,3;24,7;79;64;78;;2,2;0;
2026/06/16;2100 UTC;0;998,9;998,9;998,5;154,8;29,1;26;30;29,1;26,5;25,6;85;78;84;;1,2;0;
2026/06/16;2200 UTC;0;999,4;999,4;998,9;3,7;27,8;27;29,2;27,8;27,3;26;96;83;96;;2,5;,1;
2026/06/16;2300 UTC;0;1000,6;1000,6;999,4;0;26,9;26,4;27,8;26,9;27,4;26,3;98;95;97;;2,8;1,2;
2026/06/17;0000 UTC;0;1001,3;1001,3;1000,6;0;26;25,1;26,9;26;26,4;25;97;94;94;;2,6;,2;
2026/06/17;0100 UTC;0;1002,2;1002,2;1001,3;0;25,5;24,8;26,1;25,5;25,2;24,7;96;94;96;;3,1;1,4;
2026/06/17;0200 UTC;0;1002,4;1002,5;1002,2;0;25,3;24,9;25,6;25,2;25,1;24,7;99;96;98;;2,6;1,4;
2026/06/17;0300 UTC;0;1002,3;1002,4;1002,1;0;24,9;24,9;25,3;24,9;25;24,9;100;98;100;;2,9;,8;
2026/06/17;0400 UTC;0;1002,1;1002,3;1002;0;24,7;24,7;24,9;24,7;24,9;24,7;100;100;100;;1,9;0;
2026/06/17;0500 UTC;0;1002;1002,2;1002;0;24,4;24,4;24,7;24,3;24,7;24,3;100;100;100;;1,1;0;
2026/06/17;0600 UTC;0;1001,6;1002;1001,6;0;24,1;24,1;24,4;24,1;24,4;24;100;100;100;;1,2;,2;
2026/06/17;0700 UTC;0;1001,8;1001,8;1001,6;0;23,9;23,9;24,1;23,9;24,1;23,9;100;100;100;;1,2;0;
2026/06/17;0800 UTC;0;1001,9;1001,9;1001,8;0;23,8;23,7;24;23,8;24;23,7;100;100;100;;1,3;0;
2026/06/17;0900 UTC;0;1002,1;1002,1;1001,8;0;23,6;23,6;23,8;23,6;23,8;23,6;100;100;100;;0;0;
2026/06/17;1000 UTC;0;1002,7;1002,7;1002,1;119,5;24;24;24;23,5;24;23,5;100;100;100;;1,1;,3;
2026/06/17;1100 UTC;0;1003,5;1003,5;1002,7;446,1;25,2;25,2;25,2;24;25,2;24;100;100;100;;5,3;2,9;
2026/06/17;1200 UTC;0;1003,6;1003,7;1003,5;862,6;26,5;25,4;26,5;25,2;26,2;25,2;100;94;94;;8;4,7;
2026/06/17;1300 UTC;0;1003,9;1004;1003,6;1473,3;28;25,2;28;26,5;25,5;24,8;94;83;85;;9,3;4,7;
2026/06/17;1400 UTC;0;1003,9;1004;1003,8;2426,4;29,7;25,2;30;27,9;25,6;24,6;85;74;77;;7,4;3,7;
2026/06/17;1500 UTC;0;1003,5;1004;1003,5;2095,4;30,3;24,5;30,5;29,3;25,5;24,2;79;69;71;;6,8;4,2;
2026/06/17;1600 UTC;0;1002,6;1003,5;1002,6;3129,6;31,5;25;31,6;30,2;25,7;24,3;76;66;69;;6,3;3;
2026/06/17;1700 UTC;0;1001,5;1002,6;1001,5;2015,8;31,2;25;32,1;30,8;25,3;23,8;72;62;70;;5,5;2;
2026/06/17;1800 UTC;0;1000,8;1001,6;1000,8;2074,4;31,9;24;32,1;30,2;26,9;23,8;82;62;63;;4,9;1,8;
2026/06/17;1900 UTC;0;1000,6;1000,8;1000,5;2022,2;32;26,9;32,5;31,8;26,9;23,9;75;62;75;;3,9;1,9;
2026/06/17;2000 UTC;0;1001,6;1001,6;1000,6;447;26,8;25,5;32,1;26,8;26,9;24,6;93;72;93;;7,6;,3;
2026/06/17;2100 UTC;0;1001,6;1001,9;1001,4;174,5;25,8;24,8;26,8;25,8;25,8;24,6;95;91;94;;3,9;,1;
2026/06/17;2200 UTC;0;1001,5;1001,7;1001,1;0;25;24,9;25,8;25;25,2;24,5;100;94;100;;2,5;,5;
2026/06/17;2300 UTC;0;1002,2;1002,3;1001,5;0;25;25;25,1;24,9;25;24,8;100;99;100;;2,1;0;
2026/06/18;0000 UTC;0;1003,5;1003,5;1002,2;0;24,5;24,5;25;24,5;25;24,5;100;99;100;;1,7;,4;
2026/06/18;0100 UTC;0;1004;1004;1003,5;0;24,1;24,1;24,6;24,1;24,5;24,1;100;100;100;;1,5;0;
2026/06/18;0200 UTC;0;1003,8;1004;1003,7;0;24;24;24,1;24;24,1;24;100;100;100;;1,2;0;
2026/06/18;0300 UTC;0;1003,9;1004,3;1003,9;0;23,9;23,9;24,1;23,8;24,1;23,8;100;100;100;;0;0;
2026/06/18;0400 UTC;0;1003,3;1003,9;1003,3;0;23,6;23,6;23,9;23,6;23,8;23,6;100;100;100;;0;0;
2026/06/18;0500 UTC;0;1002,9;1003,3;1002,9;0;23,4;23,4;23,7;23,1;23,7;23,1;100;100;100;;0;0;
2026/06/18;0600 UTC;0;1002,4;1002,9;1002,4;0;23;23;23,4;23;23,4;23;100;100;100;;0;0;
2026/06/18;0700 UTC;0;1002,5;1002,5;1002,4;0;22,5;22,5;23,1;22,5;23,1;22,5;100;100;100;;0;0;
2026/06/18;0800 UTC;0;1002,6;1002,6;1002,4;0;22,5;22,4;22,7;22,4;22,7;22,4;100;100;100;;0;0;
2026/06/18;0900 UTC;0;1002,8;1002,8;1002,6;0;21,8;21,8;22,5;21,7;22,5;21,7;100;100;100;;0;0;
2026/06/18;1000 UTC;0;1003,2;1003,2;1002,8;95,9;22,4;22,4;22,4;21,8;22,4;21,8;100;100;100;;0;0;
2026/06/18;1100 UTC;0;1003,8;1003,8;1003,2;798,3;24,4;24,4;24,4;22,4;24,4;22,5;100;100;100;;0;0;
2026/06/18;1200 UTC;0;1003,8;1003,9;1003,7;1557,1;26,3;24,7;26,3;24,4;25,2;24,4;100;90;91;;5,1;3,2;
2026/06/18;1300 UTC;0;1003,9;1003,9;1003,8;2269,6;28,4;23,6;28,5;26,3;25;23,5;91;75;76;;5,6;2,9;
2026/06/18;1400 UTC;0;1003,5;1003,9;1003,5;2771,8;30,1;24,5;30,1;28,3;24,8;23,1;77;69;72;;6,9;2,3;
2026/06/18;1500 UTC;0;1002,8;1003,5;1002,8;3110,4;30,6;24,3;30,9;29,5;25;23,7;75;66;69;;6,2;2,4;
2026/06/18;1600 UTC;0;1002,2;1002,8;1002,2;2366,2;30,6;24,8;31,3;30,3;25,1;23,8;73;66;71;;6,5;,8;
2026/06/18;1700 UTC;0;1001,3;1002,2;1001,3;2715,5;31;24,3;31,5;30,5;24,8;23,4;72;63;67;;6,7;2,4;
2026/06/18;1800 UTC;0;1000,6;1001,3;1000,6;2113,7;31,7;23,5;31,9;30,7;24,6;22,8;69;58;62;;6,3;2,4;
2026/06/18;1900 UTC;0;1000,2;1000,6;1000,2;1881;32;23,4;32,2;31,6;24,1;22,4;64;57;60;;5,3;2,6;
2026/06/18;2000 UTC;0;1000,2;1000,2;1000;1164,9;31,6;23,5;32,2;31,5;23,8;22,7;62;58;62;;5,6;2,6;
2026/06/18;2100 UTC;0;1000,4;1000,4;1000,2;323,4;29,7;24,9;31,6;29,7;25;23,6;75;62;75;;4;,6;
2026/06/18;2200 UTC;0;1000,8;1000,9;1000,5;4,4;27,7;25,4;29,7;27,7;25,4;24,8;88;75;88;;1,8;,3;
2026/06/18;2300 UTC;0;1001,8;1001,8;1000,8;0;26,4;23,9;27,7;26,4;26,4;23,9;93;85;86;;5,6;1,4;
2026/06/19;0000 UTC;0;1002,8;1002,8;1001,8;,1;25,3;24,5;26,4;25,3;25,3;23,8;96;86;95;;6;0;
2026/06/19;0100 UTC;0;1002,9;1002,9;1002,6;0;24,9;24;25,3;24,8;24,7;23,7;98;93;95;;0;0;
2026/06/19;0200 UTC;0;1003;1003;1002,9;0;24,4;24,2;24,9;24,3;24,4;23,6;100;93;99;;0;0;
2026/06/19;0300 UTC;0;1003,5;1003,5;1003;0;24,1;24,1;24,5;24,1;24,5;24,1;100;99;100;;1,7;0;
2026/06/19;0400 UTC;0;1003,1;1003,5;1003;0;24;24;24,1;23,8;24,1;23,8;100;100;100;;1,7;,4;
2026/06/19;0500 UTC;0;1002,5;1003,2;1002,5;0;23,7;23,7;24;23,7;24;23,7;100;100;100;;1,7;0;
2026/06/19;0600 UTC;0;1002,3;1002,5;1002,3;0;23,4;23,4;23,7;23,3;23,7;23,3;100;100;100;;0;0;
2026/06/19;0700 UTC;0;1001,9;1002,3;1001,9;0;23;23;23,5;22,7;23,5;22,7;100;100;100;;0;0;
2026/06/19;0800 UTC;0;1001,9;1001,9;1001,7;0;23;23;23,2;23;23,2;23;100;100;100;;0;0;
2026/06/19;0900 UTC;0;1002,2;1002,2;1001,9;0;22,7;22,7;23;22,4;23;22,4;100;100;100;;0;0;
2026/06/19;1000 UTC;0;1002,7;1002,7;1002,2;127,9;22,8;22,8;22,8;22,4;22,8;22,4;100;100;100;;0;0;
2026/06/19;1100 UTC;0;1003,4;1003,4;1002,7;696,6;24,6;24,6;24,6;22,8;24,6;22,8;100;100;100;;0;0;
2026/06/19;1200 UTC;0;1003,5;1003,5;1003,3;1352,9;26,5;24,8;26,5;24,6;25,1;24,5;100;90;90;;3,4;1,9;
2026/06/19;1300 UTC;0;1003,6;1003,6;1003,5;2229,5;28,5;24,4;28,5;26,5;24,9;23,8;90;78;79;;4,5;1,5;
2026/06/19;1400 UTC;0;1003,5;1003,7;1003,5;2349,2;29,3;24,9;29,8;28,5;24,9;23,5;79;69;77;;5,5;2,4;
2026/06/19;1500 UTC;0;1002,9;1003,5;1002,9;1943,8;29,7;24,8;30,4;29,1;25,2;23,7;78;68;75;;5,3;1,3;
2026/06/19;1600 UTC;,2;1002,7;1002,9;1002,4;1643,7;25,6;25,3;30,9;25,6;25,5;23,7;99;68;99;;11,5;2,7;
2026/06/19;1700 UTC;0;1001,4;1002,7;1001,4;2003,2;28,1;24,2;28,1;25,5;25,8;23,8;100;79;79;;8,3;2;
2026/06/19;1800 UTC;0;1000,6;1001,5;1000,6;2163,2;28,3;24,1;29,2;28,1;24,6;23,4;79;74;78;;8,3;2,4;
2026/06/19;1900 UTC;0;1000;1000,6;1000;1168,1;28;23,4;28,6;27,9;24,3;22,7;79;72;76;;6,4;,4;
2026/06/19;2000 UTC;0;1000,9;1000,9;1000;506,2;27,2;23,2;28,9;27,2;24,1;22,9;80;71;79;;4,6;,4;
2026/06/19;2100 UTC;0;1001,3;1001,3;1000,8;67,1;26,3;24,1;27,2;26,3;24,5;23,2;89;79;88;;1,9;0;
2026/06/19;2200 UTC;0;1001,6;1001,6;1001,3;,5;26,1;24,3;26,4;26;24,7;24,2;92;87;90;;0;0;
2026/06/19;2300 UTC;0;1002,3;1002,3;1001,6;0;25,3;24,9;26,1;25,3;24,9;24,4;98;90;98;;2;0;
2026/06/20;0000 UTC;0;1003;1003;1002,3;0;25,2;25,2;25,3;25;25,3;24,6;100;97;100;;,8;0;
2026/06/20;0100 UTC;0;1003,4;1003,4;1003;0;24,7;24,7;25,2;24,7;25,2;24,7;100;99;100;;0;0;
2026/06/20;0200 UTC;0;1003,7;1003,7;1003,4;0;24,5;24,5;24,8;24,5;24,8;24,5;100;100;100;;,9;0;
2026/06/20;0300 UTC;0;1003,5;1003,9;1003,5;0;24,3;24,3;24,6;24,3;24,6;24,3;100;100;100;;0;0;
2026/06/20;0400 UTC;0;1003;1003,5;1003;0;24,3;24,3;24,4;24,2;24,4;24,2;100;100;100;;1,2;,3;
2026/06/20;0500 UTC;0;1002,5;1003;1002,5;0;23,8;23,8;24,3;23,8;24,3;23,8;100;100;100;;2,2;1,5;
2026/06/20;0600 UTC;0;1001,7;1002,5;1001,7;0;23,6;23,6;23,8;23,6;23,8;23,6;100;100;100;;2,2;,1;
2026/06/20;0700 UTC;0;1002;1002;1001,7;0;23,5;23,5;23,6;23,4;23,6;23,4;100;100;100;;1,5;0;
2026/06/20;0800 UTC;0;1002,2;1002,2;1001,9;0;23,4;23,4;23,6;23,4;23,6;23,4;100;100;100;;,6;0;
2026/06/20;0900 UTC;0;1002;1002,2;1001,9;0;23,2;23,2;23,4;23,2;23,4;23,2;100;100;100;;0;0;
2026/06/20;1000 UTC;0;1002,5;1002,5;1002;182,6;23,8;23,8;23,8;23,1;23,8;23,1;100;100;100;;1,2;,2;
2026/06/20;1100 UTC;0;1003,2;1003,2;1002,5;842,7;24,7;23,7;24,7;23,7;24,1;23,4;100;93;94;;2,4;1;
2026/06/20;1200 UTC;0;1003,9;1003,9;1003,2;1460,7;26,5;24,1;26,5;24,7;24,3;23,4;94;87;87;;2,6;,9;
2026/06/20;1300 UTC;0;1003,9;1004;1003,8;1910,5;28,3;24,6;28,3;26,4;24,8;24;88;79;80;;3,8;2;
2026/06/20;1400 UTC;0;1003,6;1003,9;1003,6;2087,5;29,6;24,3;29,7;28,2;25;23,9;81;73;73;;4,6;2,6;
2026/06/20;1500 UTC;0;1002,9;1003,6;1002,9;2230,1;30;24,4;30,7;29,3;24,9;23,9;76;68;72;;7;2,2;
2026/06/20;1600 UTC;0;1001,7;1002,9;1001,7;3023,1;31,5;22,7;31,6;29,7;25;22,7;75;60;60;;7,2;1,5;
2026/06/20;1700 UTC;0;1000,5;1001,7;1000,5;2954,4;32,1;23,3;32,3;31,4;24,4;22,2;65;56;60;;4,9;1,4;
2026/06/20;1800 UTC;0;999,8;1000,5;999,8;2677;32,8;23,1;32,9;32,1;23,9;21,8;60;53;57;;5,4;1,6;
2026/06/20;1900 UTC;0;999,4;999,9;999,4;2075,8;32,2;22,9;32,8;32,2;23,7;22,3;60;55;58;;5;2,1;
2026/06/20;2000 UTC;0;999,4;999,5;999,3;1162,6;31,5;23,2;32,3;31,5;24,1;22,6;64;57;62;;4,6;1,4;
2026/06/20;2100 UTC;0;999,7;999,8;999,4;324,2;29,7;25,1;31,5;29,7;25,2;23,2;77;61;76;;3,6;1;
2026/06/20;2200 UTC;0;1000,8;1000,8;999,7;1,9;27,4;25,8;29,7;27,4;25,8;24,7;91;76;91;;3,2;2,1;
2026/06/20;2300 UTC;0;1001,5;1001,5;1000,8;0;26,4;24,9;27,4;26,4;25,8;24,8;91;89;91;;3,6;2,2;
2026/06/21;0000 UTC;0;1002;1002;1001,5;0;26;25,2;26,4;26;25,2;24,9;96;91;95;;4;2,1;
2026/06/21;0100 UTC;0;1002,4;1002,4;1002;0;25,7;25;26;25,7;25,2;24,9;96;95;96;;3,8;1,4;
2026/06/21;0200 UTC;0;1002,9;1002,9;1002,3;0;25;24,6;25,7;25;25;24,6;98;96;98;;3,2;0;
2026/06/21;0300 UTC;0;1002,8;1003,1;1002,8;0;24,7;24,7;25;24,7;25;24,5;100;97;100;;1,9;,7;
2026/06/21;0400 UTC;0;1001,9;1002,8;1001,9;0;24,2;24,2;24,7;24,2;24,7;24,2;100;100;100;;1,9;0;
2026/06/21;0500 UTC;0;1001,3;1001,9;1001,3;0;23,9;23,9;24,2;23,9;24,2;23,9;100;100;100;;0;0;
2026/06/21;0600 UTC;0;1001,1;1001,3;1001,1;0;23,7;23,6;23,9;23,6;23,9;23,6;100;100;100;;2,2;,3;
2026/06/21;0700 UTC;0;1000,9;1001,1;1000,9;0;23,2;23,2;23,7;23,2;23,6;23,2;100;100;100;;1,4;0;
2026/06/21;0800 UTC;0;1000,9;1000,9;1000,8;0;22,9;22,9;23,3;22,9;23,3;22,9;100;100;100;;0;0;
2026/06/21;0900 UTC;0;1001,1;1001,1;1000,9;0;22,6;22,6;22,9;22,5;22,9;22,5;100;100;100;;0;0;
2026/06/21;1000 UTC;0;1001,5;1001,5;1001,1;132,9;23,1;23,1;23,1;22,3;23,1;22,3;100;100;100;;0;0;
2026/06/21;1100 UTC;0;1002;1002;1001,5;823,2;24,5;24,4;24,5;23,1;24,4;23,1;100;99;100;;0;0;
2026/06/21;1200 UTC;0;1002,3;1002,3;1002;1523,9;27;24,4;27;24,4;24,6;23,9;99;85;86;;5,4;2,6;
2026/06/21;1300 UTC;0;1002,1;1002,3;1002,1;2256,1;29,1;24,3;29,1;27;24,7;23,8;86;75;75;;5,7;3,6;
2026/06/21;1400 UTC;0;1001,8;1002,1;1001,8;2420,6;29,8;24,7;30,3;29;24,8;23,9;76;70;74;;6,5;3,3;
2026/06/21;1500 UTC;0;1001,3;1001,8;1001,3;3160,3;31,6;23,8;31,6;29,8;24,8;23,5;74;63;63;;5,9;2,9;
2026/06/21;1600 UTC;0;1000,4;1001,3;1000,4;2268,5;31,6;23,7;31,7;30,6;24,5;23;68;60;63;;5,5;1,5;
2026/06/21;1700 UTC;0;999,9;1000,4;999,9;2932,3;32,9;23,1;32,9;31,6;24,4;22,8;66;56;57;;6,1;2,9;
2026/06/21;1800 UTC;0;999,3;999,9;999,3;2128,6;33;23,1;33,2;31,2;24,9;22,3;69;55;56;;5,4;2,3;
2026/06/21;1900 UTC;0;999,1;999,3;999;1485,8;31;24,4;33,2;31;24,6;22,4;68;54;68;;6;1,4;
2026/06/21;2000 UTC;0;999,1;999,2;999;668,7;31;24,2;31,8;30,2;24,9;22,7;74;59;68;;5;1,9;
2026/06/21;2100 UTC;0;999,6;999,6;999,1;132,9;28,5;25,1;31;28,5;25,6;23,7;84;66;82;;4,5;0;
2026/06/21;2200 UTC;0;1000,1;1000,1;999,6;3,3;27,5;25,4;28,5;27,5;25,7;24,9;89;81;88;;1,1;0;
2026/06/21;2300 UTC;,2;1000,9;1001;1000,1;1;26,4;24,2;27,5;26,4;26,2;24,2;97;88;88;;7,5;3,9;
2026/06/22;0000 UTC;,2;1001,6;1001,6;1000,9;1,7;25,9;25,2;26,4;25,9;25,6;24,2;98;88;96;;7,5;0;
2026/06/22;0100 UTC;0;1002,2;1002,2;1001,6;,6;26,2;25,8;26,3;25,9;25,9;25,3;100;95;98;;5,2;1,2;
2026/06/22;0200 UTC;0;1002,4;1002,5;1002,2;,6;26,1;25,5;26,4;26,1;25,8;25,4;98;95;97;;3,5;1,4;
2026/06/22;0300 UTC;0;1002,4;1002,4;1002,2;0;25,8;25,7;26,1;25,7;25,8;25,5;100;97;100;;3,8;1;
2026/06/22;0400 UTC;,2;1001,8;1002,4;1001,8;0;25,4;25,3;25,8;25,3;25,8;25,3;100;100;100;;4,2;,5;
2026/06/22;0500 UTC;0;1001,4;1001,9;1001,4;0;25,2;25,2;25,4;25,2;25,3;25,2;100;100;100;;3,3;1,8;
2026/06/22;0600 UTC;0;1001;1001,4;1001;0;25;25;25,2;25;25,2;25;100;100;100;;3,2;1;
2026/06/22;0700 UTC;0;1000,8;1001;1000,8;0;24,6;24,6;25;24,5;25;24,5;100;100;100;;2,7;,8;
2026/06/22;0800 UTC;0;1001,1;1001,1;1000,8;0;24;24;24,6;24;24,6;24;100;100;100;;2,7;0;
2026/06/22;0900 UTC;0;1001,4;1001,4;1001,1;0;23,7;23,7;24;23,7;24;23,7;100;100;100;;0;0;
2026/06/22;1000 UTC;0;1002;1002;1001,4;169,8;24,3;24,3;24,3;23,6;24,3;23,6;100;100;100;;1,3;,2;
2026/06/22;1100 UTC;0;1002,6;1002,6;1002;799,9;25,8;25,3;25,9;24,4;25,6;24,4;100;96;97;;5,3;2,8;
2026/06/22;1200 UTC;0;1002,9;1003;1002,6;1583,8;27,5;25,3;27,7;25,8;25,7;25,1;98;86;88;;6,6;4,2;
2026/06/22;1300 UTC;0;1002,8;1003,1;1002,8;2348,3;29,2;25,2;29,2;27,5;25,8;24,5;89;76;79;;7,5;4,2;
2026/06/22;1400 UTC;0;1002,4;1002,8;1002,4;2698,4;30,6;24;30,7;29,1;25,4;24;79;68;68;;7,7;4,3;
2026/06/22;1500 UTC;0;1001,9;1002,4;1001,9;2817,2;31,1;24,5;31,5;30,4;25,3;23,9;73;64;68;;7,7;2,6;
2026/06/22;1600 UTC;0;1001,2;1001,9;1001,2;2423,5;31,7;24,2;31,7;30,4;25,8;24,2;75;65;65;;6;2,4;
2026/06/22;1700 UTC;0;1000,3;1001,2;1000,3;2649,6;32,6;24;32,6;31,1;25,5;24;72;61;61;;6;2,3;
2026/06/22;1800 UTC;0;999,6;1000,3;999,6;2268,3;32,2;23,2;32,6;31,7;25;23;66;58;59;;4,8;1,9;
2026/06/22;1900 UTC;0;999,5;999,6;999,5;1984,6;32,5;23,6;32,6;32,1;24,4;22,9;63;57;60;;4,6;1,1;
2026/06/22;2000 UTC;0;999,4;999,5;999,4;1153,9;31,8;24,3;32,5;31,8;24,8;23,5;65;60;64;;4,1;,9;
2026/06/22;2100 UTC;0;999,4;999,5;999,4;339,3;29,7;25,8;31,8;29,7;25,8;24,3;80;64;80;;3;,1;
2026/06/22;2200 UTC;0;1000;1000;999,4;5,1;28,1;25,3;29,7;28,1;25,9;25,3;85;80;84;;1,7;0;
2026/06/22;2300 UTC;0;1000,9;1000,9;1000;0;27;25,9;28,1;26,9;26,2;25,2;95;84;94;;,7;0;
2026/06/23;0000 UTC;0;1001,7;1001,7;1000,9;0;26,3;25,8;27,2;26,2;26,3;25,4;100;91;97;;,3;0;
2026/06/23;0100 UTC;0;1001,8;1001,9;1001,7;0;26,2;25,8;26,3;26,1;25,9;25,6;98;96;98;;0;0;
2026/06/23;0200 UTC;0;1001,8;1002;1001,7;0;25,6;25,5;26,2;25,6;25,8;25,4;100;98;99;;0;0;
2026/06/23;0300 UTC;0;1001,5;1001,9;1001,5;0;25,1;25,1;25,6;25;25,6;25;100;99;100;;,8;0;
2026/06/23;0400 UTC;0;1001;1001,7;1001;0;25;25;25,1;24,7;25,1;24,7;100;100;100;;3;1,5;
2026/06/23;0500 UTC;0;1000,5;1001;1000,4;0;24,9;24,9;25;24,9;25;24,8;100;99;100;;3,3;2,1;
2026/06/23;0600 UTC;0;1000,3;1000,5;1000,2;0;24,5;24,5;24,9;24,5;24,9;24,5;100;100;100;;3,8;2,1;
2026/06/23;0700 UTC;0;1000,1;1000,3;1000,1;0;24,2;24,2;24,5;24,2;24,5;24,2;100;100;100;;3,8;2,6;
2026/06/23;0800 UTC;0;1000,2;1000,2;1000,1;0;24,1;24,1;24,3;24,1;24,3;24,1;100;100;100;;3,8;1,6;
2026/06/23;0900 UTC;0;1000,6;1000,6;1000,2;0;23,9;23,9;24,1;23,9;24,1;23,9;100;100;100;;2,4;0;
2026/06/23;1000 UTC;0;1001;1001;1000,6;91,6;24,1;24,1;24,1;23,8;24,1;23,8;100;100;100;;1,2;0;
2026/06/23;1100 UTC;0;1001,5;1001,5;1001;829,2;25,6;25,2;25,6;24,1;25,2;24,1;100;96;97;;2,1;1,2;
2026/06/23;1200 UTC;0;1002;1002;1001,5;1311,7;27;25,6;27;25,5;25,6;25;99;91;92;;3,6;,9;
2026/06/23;1300 UTC;0;1001,9;1002;1001,9;2261,9;29,2;25,2;29,2;27;25,6;24,4;92;78;79;;4,5;2,6;
2026/06/23;1400 UTC;0;1001,2;1001,9;1001,2;2512,3;30,6;25,4;30,6;29,1;25,9;24,6;81;71;74;;5,6;2,9;
2026/06/23;1500 UTC;0;1000,3;1001,2;1000,3;2400,7;31,6;24,7;31,8;30,1;25,7;24,5;76;66;67;;5,6;2,7;
2026/06/23;1600 UTC;0;999,4;1000,3;999,4;2514;31,6;25,1;32,2;31,2;25,3;23,7;70;62;69;;5,3;1,3;
2026/06/23;1700 UTC;0;998,4;999,4;998,4;1994,9;32,9;24,1;33,1;31,3;26,3;23,5;73;58;60;;4,9;1,7;
2026/06/23;1800 UTC;0;997,8;998,4;997,8;2263,1;32,4;24;33,3;32,2;25;23;64;55;61;;4,5;1,7;
2026/06/23;1900 UTC;0;997,5;997,8;997,4;1579,4;32,7;23,8;33,2;32,2;24,8;22,6;64;54;60;;7,2;1,7;
2026/06/23;2000 UTC;0;997,8;997,8;997,4;838,5;32,4;24,1;32,7;32;25,6;23,8;68;60;62;;3,1;,2;
2026/06/23;2100 UTC;0;998;998,1;997,8;413,3;31,2;25,9;32,4;31,2;25,9;24,4;73;62;73;;1,5;,5;
2026/06/23;2200 UTC;0;998,5;998,5;998;6;28,6;25,8;31,2;28,6;26,3;25,7;86;73;85;;2,3;0;
2026/06/23;2300 UTC;0;999,2;999,2;998,5;0;28;26,4;28,6;28;26,4;25,5;91;84;91;;1,3;,2;
2026/06/24;0000 UTC;0;999,7;999,7;999,1;0;27,3;26;28;27,3;26,6;25,9;93;90;92;;1,6;0;
2026/06/24;0100 UTC;0;1000,3;1000,4;999,7;0;26,9;25,4;27,3;26,9;26,7;25,4;98;91;92;;6,9;2,8;
2026/06/24;0200 UTC;0;1000,6;1000,7;1000,2;0;26,1;25,4;26,9;26,1;25,9;25,3;96;91;96;;5,1;2;
2026/06/24;0300 UTC;0;1000,4;1000,7;1000,4;0;25,2;24,6;26,1;25,2;25,4;24,4;97;94;97;;3,1;1,7;
2026/06/24;0400 UTC;0;1000,1;1000,4;1000,1;0;24,8;24,8;25,2;24,8;24,9;24,6;100;97;100;;2,7;,4;
2026/06/24;0500 UTC;0;999,7;1000,1;999,7;0;24,8;24,8;24,9;24,8;24,9;24,8;100;100;100;;1,2;0;
2026/06/24;0600 UTC;0;999,5;999,7;999,5;0;24,3;24,3;24,8;24,3;24,8;24,3;100;100;100;;,4;0;
2026/06/24;0700 UTC;0;999,2;999,5;999,2;0;24,1;24,1;24,4;24,1;24,4;24,1;100;100;100;;1;0;
2026/06/24;0800 UTC;0;999,7;999,7;999,2;0;24,1;24,1;24,2;23,8;24,2;23,8;100;100;100;;0;0;
2026/06/24;0900 UTC;0;999,8;999,9;999,6;0;23,9;23,9;24,1;23,9;24,1;23,9;100;100;100;;0;0;
2026/06/24;1000 UTC;0;1000,3;1000,3;999,8;136,5;24,2;24,2;24,2;23,6;24,2;23,5;100;100;100;;0;0;
2026/06/24;1100 UTC;0;1001,2;1001,2;1000,3;809,5;25,7;25,3;25,8;24,2;25,7;24,2;100;97;97;;2,6;,7;
2026/06/24;1200 UTC;0;1001,6;1001,7;1001,2;1011,2;26,9;25,6;26,9;25,7;25,8;25,3;99;92;93;;3,7;2,4;
2026/06/24;1300 UTC;0;1001,7;1001,8;1001,6;1172,5;27,4;25,2;27,5;26,8;25,9;25,1;94;88;88;;3,9;1;
2026/06/24;1400 UTC;0;1001,5;1001,7;1001,5;1274,1;28,2;25,3;28,3;27,4;25,9;25,2;91;84;84;;3,1;1,4;
2026/06/24;1500 UTC;0;1001;1001,5;1001;1504,8;29,4;25,6;29,4;28,2;26,3;25,1;85;79;80;;2,9;,1;
2026/06/24;1600 UTC;0;1000;1001;1000;2523;30,8;26;31,1;29,3;26;24,6;81;71;75;;2,4;,7;
2026/06/24;1700 UTC;0;998,7;1000;998,7;2689;32;24,5;32;30,8;25,6;23,6;75;63;65;;3,4;1,3;
2026/06/24;1800 UTC;0;998,1;998,7;997,8;1650,8;29,7;23;32,4;29,7;25,2;23;71;60;68;;6,1;2;
2026/06/24;1900 UTC;0;997,6;998,1;997,5;1183;29,6;24,2;30,1;27,6;25,3;22,9;84;68;73;;7;1,3;
2026/06/24;2000 UTC;0;998;998,1;997,6;1012,1;29,7;24,8;30,4;29,4;25,4;23,6;76;68;75;;3,6;1,6;
2026/06/24;2100 UTC;0;997,9;998;997,6;428,6;29,1;25;30;29,1;25;23,8;78;70;78;;3,5;,1;
2026/06/24;2200 UTC;0;999;999;997,9;2,4;27,3;26,1;29,1;27,3;26,3;25;93;78;93;;1,3;1;
2026/06/24;2300 UTC;0;999,8;999,8;999;0;26,4;25,8;27,3;26,4;26,2;25,7;96;93;96;;2;0;
2026/06/25;0000 UTC;0;1000,7;1000,7;999,8;0;26;25,7;26,4;26;26;25,6;99;96;98;;1,2;0;
2026/06/25;0100 UTC;0;1000,8;1001;1000,7;0;26;26;26,2;25,9;26;25,7;100;98;100;;2,1;,1;
2026/06/25;0200 UTC;0;1001,2;1001,2;1000,7;0;25,1;25,1;26;25,1;26;25,1;100;100;100;;3,9;2;
2026/06/25;0300 UTC;0;1001,1;1001,3;1001,1;0;24,7;24,7;25,1;24,7;25,1;24,7;100;100;100;;3;,4;
2026/06/25;0400 UTC;0;1000,6;1001,2;1000,6;0;24,3;24,3;24,7;24,3;24,6;24,3;100;100;100;;1,9;0;
2026/06/25;0500 UTC;0;999,9;1000,6;999,9;0;24,2;24,1;24,4;24,1;24,4;24,1;100;100;100;;0;0;
2026/06/25;0600 UTC;0;999,4;999,9;999,3;0;24;24;24,2;24;24,1;24;100;100;100;;0;0;
2026/06/25;0700 UTC;0;999,6;999,6;999,4;0;23,9;23,9;24;23,8;24;23,8;100;100;100;;0;0;
2026/06/25;0800 UTC;0;999,8;999,8;999,5;0;23,7;23,7;23,9;23,7;23,9;23,7;100;100;100;;0;0;
2026/06/25;0900 UTC;0;1000;1000;999,8;0;23,7;23,7;23,8;23,7;23,8;23,7;100;100;100;;0;0;
2026/06/25;1000 UTC;0;1000,4;1000,4;1000;192,5;24,1;24,1;24,1;23,5;24,1;23,5;100;100;100;;1,1;0;
2026/06/25;1100 UTC;0;1001,3;1001,3;1000,4;649;24,8;24,7;24,9;24,1;24,8;24,1;100;99;100;;1,2;0;
2026/06/25;1200 UTC;0;1001,8;1001,8;1001,3;842,5;26,1;24,7;26,1;24,8;25,2;24,6;100;92;92;;1,1;,1;
2026/06/25;1300 UTC;0;1002;1002,1;1001,8;2221;28,3;23,8;28,4;26;25;23,8;92;76;76;;2,7;1,4;
2026/06/25;1400 UTC;0;1001,9;1002,2;1001,9;2526,4;30,4;24,1;30,4;28,2;25,1;23,6;81;69;69;;3,5;1,7;
2026/06/25;1500 UTC;0;1001,5;1001,9;1001,5;2224,7;30,8;24,3;30,9;30,1;24,9;23,7;73;67;68;;4,2;1,6;
2026/06/25;1600 UTC;0;1000,9;1001,5;1000,9;1650,5;30,6;24,2;31,7;29,9;26,3;24,2;81;66;69;;5,3;1,8;
2026/06/25;1700 UTC;0;1000;1000,9;1000;1790,3;30,9;24,5;31,5;30,6;25,3;23,8;72;64;69;;6,1;1,8;
2026/06/25;1800 UTC;0;999;1000;999;1673,7;31,8;23,9;32;30,5;25,7;23,2;75;60;63;;6,1;1,5;
2026/06/25;1900 UTC;0;998,5;999;998,5;1376,7;30,6;24,4;32;30,6;24,8;23;70;60;69;;5,7;2,6;
2026/06/25;2000 UTC;0;999,3;999,3;998,5;1126,4;31;24,1;31,5;30,6;24,9;23,9;71;65;67;;6,5;3,5;
2026/06/25;2100 UTC;0;999,5;999,7;999,3;333,5;29,1;25,3;31;29,1;25,4;24;80;66;80;;6,5;,9;
2026/06/25;2200 UTC;0;1000,5;1000,6;999,5;1,3;27,6;25,4;29,1;27,6;25,5;25,3;88;80;88;;3;,6;
2026/06/25;2300 UTC;0;1001,1;1001,1;1000,5;0;26,8;25,5;27,6;26,8;25,6;25,2;93;88;93;;1,6;0;
2026/06/26;0000 UTC;0;1002;1002;1001,1;0;26,2;25,6;26,8;26,2;26;25,4;99;92;96;;2;0;
2026/06/26;0100 UTC;0;1002,4;1002,4;1002;0;26;25,9;26,4;26;26;25,5;99;95;99;;1,2;0;
2026/06/26;0200 UTC;0;1003,2;1003,2;1002,4;0;26,2;25,6;26,2;25,8;26,1;25,4;100;96;96;;3,4;1,8;
2026/06/26;0300 UTC;0;1003;1003,4;1003;0;25,9;25,9;26,2;25,9;25,9;25,6;100;96;100;;2,8;1,1;
2026/06/26;0400 UTC;0;1002,7;1003;1002,7;0;25,3;25,3;25,9;25,3;25,9;25,3;100;99;100;;2,4;1,2;
2026/06/26;0500 UTC;0;1002;1002,7;1002;0;24,9;24,9;25,3;24,9;25,3;24,9;100;100;100;;2,2;,4;
2026/06/26;0600 UTC;0;1001,4;1002;1001,3;0;24,6;24,6;24,9;24,6;24,9;24,6;100;100;100;;1,3;,1;
2026/06/26;0700 UTC;0;1001,3;1001,4;1001,3;0;24,4;24,4;24,6;24,4;24,6;24,4;100;100;100;;1,2;,7;
2026/06/26;0800 UTC;0;1001,7;1001,7;1001,3;0;24;24;24,4;24;24,4;24;100;100;100;;1,2;,7;
2026/06/26;0900 UTC;0;1002;1002;1001,7;0;23,7;23,7;24;23,7;24;23,7;100;100;100;;2,1;,8;
2026/06/26;1000 UTC;0;1002,5;1002,5;1002;115,8;23,8;23,8;23,8;23,4;23,8;23,4;100;100;100;;1,8;0;
2026/06/26;1100 UTC;0;1003,2;1003,2;1002,5;792,5;25,8;25,5;25,8;23,9;25,5;24;100;97;98;;4,4;2,5;
2026/06/26;1200 UTC;0;1003,7;1003,7;1003,2;1200,2;27,2;25,7;27,3;25,8;25,9;25,2;98;90;91;;7,3;4,1;
2026/06/26;1300 UTC;0;1003,9;1003,9;1003,7;2205,7;29,2;24,9;29,5;27,2;25,8;24,7;91;76;78;;8,1;5,1;
2026/06/26;1400 UTC;0;1003,7;1003,9;1003,7;1918,9;29,5;25,3;30,2;29,2;25,7;24,4;80;72;78;;8,4;2,6;
2026/06/26;1500 UTC;0;1003;1003,7;1003;2988,2;31,7;22,8;31,7;29,5;25,3;22,8;79;59;59;;10,1;5,2;
2026/06/26;1600 UTC;0;1002,3;1003;1002,3;2769,2;32;23,9;33;31,4;24,1;22,7;64;56;62;;10,1;2,7;
2026/06/26;1700 UTC;0;1001,5;1002,3;1001,5;2786,2;32,4;22,3;33,6;31,7;24;21,1;62;50;55;;8,4;5,2;
2026/06/26;1800 UTC;0;1001;1001,6;1001;1863,8;32,1;23,3;32,6;31,8;23,8;22,2;62;55;60;;8,1;2,9;
2026/06/26;1900 UTC;0;1000,9;1001;1000,9;1212;31,7;24,1;32,3;31,4;24,5;22,8;66;57;64;;5,8;2,3;
2026/06/26;2000 UTC;0;1001,1;1001,1;1000,9;838;31,6;25,7;31,9;30,8;25,7;23,6;74;62;71;;4,4;,2;
2026/06/26;2100 UTC;0;1001,6;1001,6;1001,1;393,6;28,9;25,6;31,7;28,9;25,6;24,8;82;68;82;;3,5;,2;
2026/06/26;2200 UTC;0;1002;1002;1001,5;3,2;27,4;25,2;28,9;27,4;25,8;25,2;88;82;88;;2,5;,1;
2026/06/26;2300 UTC;0;1002,7;1002,7;1002;0;26,7;25;27,4;26,7;25,2;24,7;90;88;90;;2,3;0;
2026/06/27;0000 UTC;0;1003,4;1003,5;1002,7;0;26,4;25,3;26,7;26,4;25,5;24,9;94;90;94;;4,3;1,5;
2026/06/27;0100 UTC;0;1003,8;1003,8;1003,4;0;26,1;24,8;26,5;26;25,3;24,8;95;92;93;;5,2;3,2;
2026/06/27;0200 UTC;0;1004,3;1004,3;1003,8;0;25,5;24,4;26,1;25,5;24,8;24,4;95;93;94;;5,2;2,9;
2026/06/27;0300 UTC;0;1004,3;1004,4;1004,3;0;25;24,2;25,5;25;24,4;24,2;95;93;95;;4,4;1,9;
2026/06/27;0400 UTC;0;1003,5;1004,3;1003,5;0;24,7;24,1;25;24,6;24,4;24,1;98;95;97;;2,8;1,6;
2026/06/27;0500 UTC;0;1002,8;1003,5;1002,8;0;24,3;24,3;24,7;24,3;24,4;24,1;100;97;100;;3;,3;
2026/06/27;0600 UTC;0;1002,3;1002,8;1002,3;0;24,2;24,2;24,4;24,2;24,4;24,2;100;100;100;;2,3;1,2;
2026/06/27;0700 UTC;0;1002;1002,3;1002;0;24;24;24,2;23,9;24,2;23,9;100;100;100;;2,9;1,8;
2026/06/27;0800 UTC;0;1002,2;1002,2;1001,9;0;23,9;23,9;24;23,9;24;23,9;100;100;100;;3,4;2,3;
2026/06/27;0900 UTC;0;1002,6;1002,6;1002,2;0;23,6;23,6;23,9;23,6;23,9;23,6;100;100;100;;3,4;,7;
2026/06/27;1000 UTC;0;1003,4;1003,4;1002,6;118,2;24,2;24,2;24,2;23,6;24,2;23,6;100;100;100;;2,7;,6;
2026/06/27;1100 UTC;0;1004;1004;1003,4;776,1;25,7;24,9;25,7;24,2;25;24,2;100;95;95;;4,3;2;
2026/06/27;1200 UTC;0;1004,1;1004,1;1003,9;1194,3;27,3;25,2;27,3;25,7;25,4;24,7;96;87;88;;6,6;4;
2026/06/27;1300 UTC;0;1004;1004,2;1004;1936,5;29,3;24,1;29,4;27,2;25,1;23,8;88;73;73;;9,1;4,9;
2026/06/27;1400 UTC;0;1003,8;1004,1;1003,8;2294,2;29,8;23,7;30,2;29;24,6;23,6;76;68;70;;8,7;3,4;
2026/06/27;1500 UTC;0;1003,5;1003,8;1003,5;2320,9;31,3;23;31,4;29,6;24,4;22,7;72;61;61;;7,5;4,1;
2026/06/27;1600 UTC;0;1002,5;1003,5;1002,5;2762,9;32,3;24,2;32,5;30,5;25;23,2;69;59;62;;6,8;2,4;
2026/06/27;1700 UTC;0;1001,6;1002,5;1001,6;1867;31,5;24,6;32,3;30,5;25,3;23,6;73;62;67;;5,9;1,5;
2026/06/27;1800 UTC;0;1000,7;1001,6;1000,7;2162,8;32,2;24,4;32,8;31,5;24,8;23,1;67;57;64;;5,9;1,2;
2026/06/27;1900 UTC;0;1000,5;1000,7;1000,3;1451,9;31;25;32,7;30,6;25;23,2;71;58;71;;5,4;1,6;
2026/06/27;2000 UTC;0;1000,4;1000,6;1000,4;294,7;28,4;25,3;31;28,3;25,6;24,2;85;70;84;;8,8;,2;
2026/06/27;2100 UTC;0;1000,8;1000,8;1000,4;372,1;29,1;25,2;29,4;28,4;25,7;25,1;84;78;80;;1,5;,1;
2026/06/27;2200 UTC;0;1001,6;1001,6;1000,8;2,6;27,5;24,6;29,1;27,5;25,5;24,5;85;80;84;;3,6;1,7;
2026/06/27;2300 UTC;0;1002,1;1002,1;1001,6;0;26,9;25,5;27,5;26,9;25,5;24,6;92;84;92;;3,6;,1;
2026/06/28;0000 UTC;0;1002,7;1002,7;1002;0;26;25,8;26,9;26;25,8;25,5;98;92;98;;2,4;0;
2026/06/28;0100 UTC;0;1003,1;1003,1;1002,7;0;25,4;25,4;26;25,4;25,9;25,4;100;98;100;;,7;0;
2026/06/28;0200 UTC;0;1002,9;1003,2;1002,8;0;24,8;24,8;25,4;24,8;25,4;24,8;100;100;100;;0;0;
2026/06/28;0300 UTC;0;1002,6;1003;1002,6;0;24,1;24,1;24,8;24,1;24,8;24,1;100;100;100;;0;0;
2026/06/28;0400 UTC;0;1001,9;1002,6;1001,9;0;24,1;24,1;24,1;23,9;24,1;23,9;100;100;100;;0;0;
2026/06/28;0500 UTC;0;1001,5;1002;1001,5;0;23,7;23,7;24,2;23,7;24,2;23,7;100;100;100;;0;0;
2026/06/28;0600 UTC;0;1001,1;1001,5;1001;0;23,5;23,5;23,8;23,5;23,8;23,5;100;100;100;;0;0;
2026/06/28;0700 UTC;0;1001;1001,1;1000,9;0;23,3;23,3;23,5;23,3;23,5;23,3;100;100;100;;0;0;
2026/06/28;0800 UTC;0;1001,3;1001,3;1000,9;0;22,9;22,9;23,4;22,9;23,4;22,9;100;100;100;;0;0;
2026/06/28;0900 UTC;0;1001,5;1001,5;1001,3;0;23;23;23;22,8;23;22,8;100;100;100;;1,7;,1;
2026/06/28;1000 UTC;0;1002;1002;1001,4;106,2;23,7;23,7;23,7;22,9;23,7;22,9;100;100;100;;1,9;0;
2026/06/28;1100 UTC;0;1002,6;1002,7;1002;332,4;24,8;24,8;24,8;23,7;24,8;23,7;100;100;100;;2,9;,2;
2026/06/28;1200 UTC;0;1003,1;1003,1;1002,6;861,6;26,2;24,9;26,2;24,8;25,4;24,7;100;93;93;;4,4;1,4;
2026/06/28;1300 UTC;0;1003,3;1003,4;1003,1;775,9;26,4;24;26,4;25,9;25;24;93;87;87;;5;2,3;
2026/06/28;1400 UTC;0;1003,2;1003,3;1003,2;1146,6;27;24,6;27;26,4;24,7;23,9;89;84;87;;7,5;2,3;
2026/06/28;1500 UTC;0;1002,4;1003,2;1002,4;1811,6;28;24,2;28,9;27;24,7;23,8;87;75;80;;8,9;2,7;
2026/06/28;1600 UTC;0;1001,5;1002,4;1001,5;1900,2;28,7;24,1;28,7;28;24,5;23,7;81;74;76;;7,7;3;
2026/06/28;1700 UTC;0;1000,5;1001,5;1000,5;2400,4;29,8;24,5;30;28,7;24,8;23,8;78;71;73;;6,9;2,5;
2026/06/28;1800 UTC;0;1000;1000,5;999,8;1441,9;28,4;24,5;29,8;27,4;26,1;24,2;91;73;80;;10,1;2,3;
2026/06/28;1900 UTC;3;999,8;1000,4;999,8;585,6;25;25;28,6;24,9;25,8;24,6;100;80;100;;11,8;1,1;
2026/06/28;2000 UTC;0;1000;1000;999,7;315,7;25,5;25,5;25,7;25;25,7;25;100;99;100;;4,5;1,2;
2026/06/28;2100 UTC;0;1000,3;1000,3;1000;139,3;25,6;25,6;25,7;25,5;25,7;25,3;100;99;100;;3,2;,9;
2026/06/28;2200 UTC;0;1000,7;1000,7;1000,3;3,9;25,9;25,9;25,9;25,6;25,9;25,6;100;100;100;;2,4;1;
2026/06/28;2300 UTC;0;1001,4;1001,4;1000,7;,7;25,6;25,6;26;25,6;25,9;25,6;100;100;100;;2,6;1,7;
2026/06/29;0000 UTC;0;1001,9;1001,9;1001,4;,5;25,4;25,4;25,6;25,3;25,6;25,3;100;100;100;;2,6;1,4;
2026/06/29;0100 UTC;0;1002,5;1002,5;1001,9;,5;25,3;25,3;25,4;25,3;25,4;25,3;100;100;100;;2,6;1,8;
2026/06/29;0200 UTC;0;1002,5;1002,7;1002,5;,3;25,2;25,1;25,3;25,2;25,3;25;100;99;100;;3;1,6;
2026/06/29;0300 UTC;0;1002,5;1002,6;1002,3;0;24,8;24,8;25,2;24,8;25,1;24,8;100;100;100;;2,2;1,3;
2026/06/29;0400 UTC;0;1002;1002,5;1002;0;24,5;24,5;24,8;24,5;24,8;24,5;100;100;100;;2;,7;
2026/06/29;0500 UTC;0;1001,6;1002;1001,6;0;24,2;24,2;24,5;24,1;24,5;24,1;100;100;100;;2,4;1,4;
2026/06/29;0600 UTC;0;1000,9;1001,6;1000,9;0;24,2;24,2;24,3;24,2;24,3;24,2;100;100;100;;2,9;1,5;
2026/06/29;0700 UTC;0;1000,8;1000,9;1000,7;0;24,2;24,1;24,2;24,1;24,2;24,1;100;100;100;;3,6;2,5;
2026/06/29;0800 UTC;,4;1001,1;1001,1;1000,8;0;24;23,9;24,2;23,9;24,1;23,9;100;100;100;;4,6;2,9;
2026/06/29;0900 UTC;,2;1001,3;1001,3;1000,9;0;23,9;23,9;24;23,8;23,9;23,7;100;100;100;;6,9;2;
2026/06/29;1000 UTC;,2;1001,9;1001,9;1001,3;77,5;24,1;24,1;24,2;23,9;24,1;23,9;100;100;100;;3,5;2;
2026/06/29;1100 UTC;0;1002,9;1002,9;1001,9;382,3;24,4;24,4;24,5;24,1;24,5;24,1;100;100;100;;8,9;5,1;
2026/06/29;1200 UTC;0;1003,1;1003,2;1002,9;547,4;24,7;24,6;24,8;24,3;24,7;24,3;100;98;99;;8,9;2,4;
2026/06/29;1300 UTC;0;1003,1;1003,2;1003,1;917,3;25,7;23,9;25,9;24,7;25;23,9;99;90;90;;4,2;2,4;
2026/06/29;1400 UTC;0;1002,7;1003,1;1002,7;1218,3;27;24,4;27;25,5;25;23,7;93;85;85;;4,3;,9;
2026/06/29;1500 UTC;0;1002,2;1002,8;1002,2;2734,5;29,5;23,9;29,5;27;25,8;23,9;86;72;72;;7,1;4,1;
2026/06/29;1600 UTC;0;1001;1002,2;1001;2621,9;29,9;24,5;30,6;29,5;25,2;23,4;76;66;73;;7,6;2;
2026/06/29;1700 UTC;5,4;1000,5;1001;1000,3;1912,3;25,1;25,1;31;25,1;25,2;23,1;100;66;100;;10,5;3,1;
2026/06/29;1800 UTC;,2;999,2;1000,5;999,2;1434,5;28,2;25,9;28,2;25,1;26,7;24,9;100;87;88;;10,5;0;
2026/06/29;1900 UTC;0;998,9;999,2;998,7;1183,4;29;25,4;29;27,9;26,6;25,1;91;79;81;;4,9;2,3;
2026/06/29;2000 UTC;5,8;999,4;999,6;998,9;265,6;25;25;29;24,2;25,9;24,2;100;81;100;;10,3;,2;
2026/06/29;2100 UTC;,2;1000;1000;999,4;67,3;24,8;24,8;25;24,7;25;24,7;100;100;100;;2,5;,7;
2026/06/29;2200 UTC;0;1000;1000,2;999,8;4,2;24,9;24,9;24,9;24,8;24,9;24,8;100;100;100;;2,8;,1;
2026/06/29;2300 UTC;0;1000,5;1000,5;1000;,2;24,7;24,7;25;24,6;25;24,6;100;100;100;;2,1;,1;
2026/06/30;0000 UTC;2;1001,5;1001,5;1000,5;,4;24,5;24,5;24,8;24,4;24,7;24,4;100;100;100;;7,5;5;
2026/06/30;0100 UTC;2,6;1002,2;1002,3;1001,5;,9;23,8;23,8;24,5;23,8;24,5;23,8;100;100;100;;7,9;2,9;
2026/06/30;0200 UTC;1,2;1002,2;1002,3;1002;0;24;24;24;23,8;24;23,8;100;100;100;;6,1;,5;
2026/06/30;0300 UTC;,2;1001,8;1002,2;1001,8;0;23,8;23,8;24;23,8;24;23,8;100;100;100;;1,1;0;
2026/06/30;0400 UTC;0;1001,3;1001,8;1001,3;1;24;24;24;23,8;24;23,9;100;100;100;;2,6;1,5;
2026/06/30;0500 UTC;0;1000,7;1001,3;1000,7;1,4;24;24;24;23,9;24;23,9;100;100;100;;2,6;,3;
2026/06/30;0600 UTC;0;1000,2;1000,7;1000,2;0;23,8;23,8;24,1;23,8;24,1;23,8;100;100;100;;1;0;
2026/06/30;0700 UTC;0;1000,1;1000,2;1000;0;23,8;23,8;24;23,8;24;23,8;100;100;100;;0;0;
2026/06/30;0800 UTC;0;999,9;1000,1;999,9;0;23,7;23,7;23,9;23,7;23,9;23,7;100;100;100;;0;0;
2026/06/30;0900 UTC;0;1000,3;1000,3;999,9;0;23,7;23,7;23,7;23,7;23,7;23,7;100;100;100;;0;0;
2026/06/30;1000 UTC;0;1000,7;1000,7;1000,3;71,4;23,7;23,7;23,7;23,6;23,7;23,6;100;100;100;;0;0;
2026/06/30;1100 UTC;0;1001,4;1001,4;1000,7;425,4;24,5;24,5;24,5;23,6;24,5;23,6;100;100;100;;0;0;
2026/06/30;1200 UTC;0;1001,9;1001,9;1001,4;1030;25,8;25,4;25,8;24,4;25,7;24,4;100;96;98;;5,3;3,3;
2026/06/30;1300 UTC;0;1002;1002;1001,9;1903,5;27,6;25,4;27,6;25,8;25,8;25;99;87;88;;7,6;4,5;
2026/06/30;1400 UTC;0;1001,7;1002;1001,6;2490,7;28,9;25,2;29,4;27,6;25,6;24,3;88;75;80;;7,6;3,7;
2026/06/30;1500 UTC;0;1001,4;1001,8;1001,4;2815;30,6;25;30,8;28,8;26,1;24,3;82;71;72;;6;1,4;
2026/06/30;1600 UTC;0;1000,6;1001,4;1000,6;2859,9;30,7;23,6;31;29,6;25,6;23,4;79;65;66;;6;2,5;
2026/06/30;1700 UTC;0;1000;1000,6;1000;2687,2;30,6;24,3;31,7;30,6;24,5;23,1;70;60;69;;7,3;1,1;
2026/06/30;1800 UTC;0;998,9;1000;998,9;1858,7;31,1;24;31,5;29,5;24,8;23,2;75;63;66;;3,5;1;
2026/06/30;1900 UTC;0;998,4;998,9;998,4;1517,5;31,2;23,7;31,8;29,9;25,2;23,3;74;62;64;;5,5;1,1;
2026/06/30;2000 UTC;0;998,4;998,5;998,4;1098,3;30,4;24,5;31,7;30,4;24,6;23,2;71;63;71;;3,1;,8;
2026/06/30;2100 UTC;0;998,8;998,8;998,4;286;28,7;24,8;30,4;28,7;25,1;23,7;80;70;80;;3,1;,2;
2026/06/30;2200 UTC;0;999,1;999,1;998,8;10,5;26,9;24,4;28,7;26,9;24,8;24,2;86;79;86;;2;0;
2026/06/30;2300 UTC;0;999,7;999,7;999,1;0;26,2;24,4;26,9;26,2;24,7;24;90;86;90;;1,4;0;
