REGIAO:;S
UF:;RS
ESTACAO:;BOM JESUS (INMET)
CODIGO (WMO):;B856
LATITUDE:;-28,66944443
LONGITUDE:;-50,44194444
ALTITUDE:;1054
DATA DE FUNDACAO:;03/03/26
Data;Hora UTC;PRECIPITAÇÃO TOTAL, HORÁRIO (mm);PRESSAO ATMOSFERICA AO NIVEL DA ESTACAO, HORARIA (mB);PRESSÃO ATMOSFERICA MAX.NA HORA ANT. (AUT) (mB);PRESSÃO ATMOSFERICA MIN. NA HORA ANT. (AUT) (mB);RADIACAO GLOBAL (Kj/m²);TEMPERATURA DO AR - BULBO SECO, HORARIA (°C);TEMPERATURA DO PONTO DE ORVALHO (°C);TEMPERATURA MÁXIMA NA HORA ANT. (AUT) (°C);TEMPERATURA MÍNIMA NA HORA ANT. (AUT) (°C);TEMPERATURA ORVALHO MAX. NA HORA ANT. (AUT) (°C);TEMPERATURA ORVALHO MIN. NA HORA ANT. (AUT) (°C);UMIDADE REL. MAX. NA HORA ANT. (AUT) (%);UMIDADE REL. MIN. NA HORA ANT. (AUT) (%);UMIDADE RELATIVA DO AR, HORARIA (%);VENTO, DIREÇÃO HORARIA (gr) (° (gr));VENTO, RAJADA MAXIMA (m/s);VENTO, VELOCIDADE HORARIA (m/s);
2026/03/03;0000 UTC;;;;;;;;;;;;;;;;;;
2026/03/03;0100 UTC;;;;;;;;;;;;;;;;;;
2026/03/03;0200 UTC;;;;;;;;;;;;;;;;;;
2026/03/03;0300 UTC;;;;;;;;;;;;;;;;;;
2026/03/03;0400 UTC;;;;;;;;;;;;;;;;;;
2026/03/03;0500 UTC;;;;;;;;;;;;;;;;;;
2026/03/03;0600 UTC;;;;;;;;;;;;;;;;;;
2026/03/03;0700 UTC;;;;;;;;;;;;;;;;;;
2026/03/03;0800 UTC;;;;;;;;;;;;;;;;;;
2026/03/03;0900 UTC;;;;;;;;;;;;;;;;;;
2026/03/03;1000 UTC;;;;;;;;;;;;;;;;;;
2026/03/03;1100 UTC;;;;;;;;;;;;;;;;;;
2026/03/03;1200 UTC;;;;;;;;;;;;;;;;;;
2026/03/03;1300 UTC;;;;;;;;;;;;;;;;;;
2026/03/03;1400 UTC;;;;;;;;;;;;;;;;;;
2026/03/03;1500 UTC;;;;;;;;;;;;;;;;;;
2026/03/03;1600 UTC;;;;;;;;;;;;;;;;;;
2026/03/03;1700 UTC;;;;;;;;;;;;;;;;;;
2026/03/03;1800 UTC;;;;;;;;;;;;;;;;;;
2026/03/03;1900 UTC;;;;;;;;;;;;;;;;;;
2026/03/03;2000 UTC;;;;;;;;;;;;;;;;;;
2026/03/03;2100 UTC;;;;;;;;;;;;;;;;;;
2026/03/03;2200 UTC;;;;;;;;;;;;;;;;;;
2026/03/03;2300 UTC;;;;;;;;;;;;;;;;;;
2026/03/04;0000 UTC;;;;;;;;;;;;;;;;;;
2026/03/04;0100 UTC;;;;;;;;;;;;;;;;;;
2026/03/04;0200 UTC;;;;;;;;;;;;;;;;;;
2026/03/04;0300 UTC;;;;;;;;;;;;;;;;;;
2026/03/04;0400 UTC;;;;;;;;;;;;;;;;;;
2026/03/04;0500 UTC;;;;;;;;;;;;;;;;;;
2026/03/04;0600 UTC;;;;;;;;;;;;;;;;;;
2026/03/04;0700 UTC;;;;;;;;;;;;;;;;;;
2026/03/04;0800 UTC;;;;;;;;;;;;;;;;;;
2026/03/04;0900 UTC;;;;;;;;;;;;;;;;;;
2026/03/04;1000 UTC;;;;;;;;;;;;;;;;;;
2026/03/04;1100 UTC;;;;;;;;;;;;;;;;;;
2026/03/04;1200 UTC;;;;;;;;;;;;;;;;;;
2026/03/04;1300 UTC;;;;;;;;;;;;;;;;;;
2026/03/04;1400 UTC;;;;;;;;;;;;;;;;;;
2026/03/04;1500 UTC;;;;;;;;;;;;;;;;;;
2026/03/04;1600 UTC;;;;;;;;;;;;;;;;;;
2026/03/04;1700 UTC;;;;;;;;;;;;;;;;;;
2026/03/04;1800 UTC;;;;;;;;;;;;;;;;;;
2026/03/04;1900 UTC;;;;;;;;;;;;;;;;;;
2026/03/04;2000 UTC;;;;;;;;;;;;;;;;;;
2026/03/04;2100 UTC;;;;;;;;;;;;;;;;;;
2026/03/04;2200 UTC;;;;;;;;;;;;;;;;;;
2026/03/04;2300 UTC;;;;;;;;;;;;;;;;;;
2026/03/05;0000 UTC;;;;;;;;;;;;;;;;;;
2026/03/05;0100 UTC;;;;;;;;;;;;;;;;;;
2026/03/05;0200 UTC;;;;;;;;;;;;;;;;;;
2026/03/05;0300 UTC;;;;;;;;;;;;;;;;;;
2026/03/05;0400 UTC;;;;;;;;;;;;;;;;;;
2026/03/05;0500 UTC;;;;;;;;;;;;;;;;;;
2026/03/05;0600 UTC;;;;;;;;;;;;;;;;;;
2026/03/05;0700 UTC;;;;;;;;;;;;;;;;;;
2026/03/05;0800 UTC;;;;;;;;;;;;;;;;;;
2026/03/05;0900 UTC;;;;;;;;;;;;;;;;;;
2026/03/05;1000 UTC;;;;;;;;;;;;;;;;;;
2026/03/05;1100 UTC;;;;;;;;;;;;;;;;;;
2026/03/05;1200 UTC;;;;;;;;;;;;;;;;;;
2026/03/05;1300 UTC;;;;;;;;;;;;;;;;;;
2026/03/05;1400 UTC;;;;;;;;;;;;;;;;;;
2026/03/05;1500 UTC;;;;;;;;;;;;;;;;;;
2026/03/05;1600 UTC;;;;;;;;;;;;;;;;;;
2026/03/05;1700 UTC;;;;;;;;;;;;;;;;;;
2026/03/05;1800 UTC;;;;;;;;;;;;;;;;;;
2026/03/05;1900 UTC;;;;;;;;;;;;;;;;;;
2026/03/05;2000 UTC;;;;;;;;;;;;;;;;;;
2026/03/05;2100 UTC;;;;;;;;;;;;;;;;;;
2026/03/05;2200 UTC;;;;;;;;;;;;;;;;;;
2026/03/05;2300 UTC;;;;;;;;;;;;;;;;;;
2026/03/06;0000 UTC;;;;;;;;;;;;;;;;;;
2026/03/06;0100 UTC;;;;;;;;;;;;;;;;;;
2026/03/06;0200 UTC;;;;;;;;;;;;;;;;;;
2026/03/06;0300 UTC;;;;;;;;;;;;;;;;;;
2026/03/06;0400 UTC;;;;;;;;;;;;;;;;;;
2026/03/06;0500 UTC;;;;;;;;;;;;;;;;;;
2026/03/06;0600 UTC;;;;;;;;;;;;;;;;;;
2026/03/06;0700 UTC;;;;;;;;;;;;;;;;;;
2026/03/06;0800 UTC;;;;;;;;;;;;;;;;;;
2026/03/06;0900 UTC;;;;;;;;;;;;;;;;;;
2026/03/06;1000 UTC;;;;;;;;;;;;;;;;;;
2026/03/06;1100 UTC;;;;;;;;;;;;;;;;;;
2026/03/06;1200 UTC;;;;;;;;;;;;;;;;;;
2026/03/06;1300 UTC;;;;;;;;;;;;;;;;;;
2026/03/06;1400 UTC;;;;;;;;;;;;;;;;;;
2026/03/06;1500 UTC;;;;;;;;;;;;;;;;;;
2026/03/06;1600 UTC;;;;;;;;;;;;;;;;;;
2026/03/06;1700 UTC;;;;;;;;;;;;;;;;;;
2026/03/06;1800 UTC;;;;;;;;;;;;;;;;;;
2026/03/06;1900 UTC;;;;;;;;;;;;;;;;;;
2026/03/06;2000 UTC;;;;;;;;;;;;;;;;;;
2026/03/06;2100 UTC;;;;;;;;;;;;;;;;;;
2026/03/06;2200 UTC;;;;;;;;;;;;;;;;;;
2026/03/06;2300 UTC;;;;;;;;;;;;;;;;;;
2026/03/07;0000 UTC;;;;;;;;;;;;;;;;;;
2026/03/07;0100 UTC;;;;;;;;;;;;;;;;;;
2026/03/07;0200 UTC;;;;;;;;;;;;;;;;;;
2026/03/07;0300 UTC;;;;;;;;;;;;;;;;;;
2026/03/07;0400 UTC;;;;;;;;;;;;;;;;;;
2026/03/07;0500 UTC;;;;;;;;;;;;;;;;;;
2026/03/07;0600 UTC;;;;;;;;;;;;;;;;;;
2026/03/07;0700 UTC;;;;;;;;;;;;;;;;;;
2026/03/07;0800 UTC;;;;;;;;;;;;;;;;;;
2026/03/07;0900 UTC;;;;;;;;;;;;;;;;;;
2026/03/07;1000 UTC;;;;;;;;;;;;;;;;;;
2026/03/07;1100 UTC;;;;;;;;;;;;;;;;;;
2026/03/07;1200 UTC;;;;;;;;;;;;;;;;;;
2026/03/07;1300 UTC;;;;;;;;;;;;;;;;;;
2026/03/07;1400 UTC;;;;;;;;;;;;;;;;;;
2026/03/07;1500 UTC;;;;;;;;;;;;;;;;;;
2026/03/07;1600 UTC;;;;;;;;;;;;;;;;;;
2026/03/07;1700 UTC;;;;;;;;;;;;;;;;;;
2026/03/07;1800 UTC;;;;;;;;;;;;;;;;;;
2026/03/07;1900 UTC;;;;;;;;;;;;;;;;;;
2026/03/07;2000 UTC;;;;;;;;;;;;;;;;;;
2026/03/07;2100 UTC;;;;;;;;;;;;;;;;;;
2026/03/07;2200 UTC;;;;;;;;;;;;;;;;;;
2026/03/07;2300 UTC;;;;;;;;;;;;;;;;;;
2026/03/08;0000 UTC;;;;;;;;;;;;;;;;;;
2026/03/08;0100 UTC;;;;;;;;;;;;;;;;;;
2026/03/08;0200 UTC;;;;;;;;;;;;;;;;;;
2026/03/08;0300 UTC;;;;;;;;;;;;;;;;;;
2026/03/08;0400 UTC;;;;;;;;;;;;;;;;;;
2026/03/08;0500 UTC;;;;;;;;;;;;;;;;;;
2026/03/08;0600 UTC;;;;;;;;;;;;;;;;;;
2026/03/08;0700 UTC;;;;;;;;;;;;;;;;;;
2026/03/08;0800 UTC;;;;;;;;;;;;;;;;;;
2026/03/08;0900 UTC;;;;;;;;;;;;;;;;;;
2026/03/08;1000 UTC;;;;;;;;;;;;;;;;;;
2026/03/08;1100 UTC;;;;;;;;;;;;;;;;;;
2026/03/08;1200 UTC;;;;;;;;;;;;;;;;;;
2026/03/08;1300 UTC;;;;;;;;;;;;;;;;;;
2026/03/08;1400 UTC;;;;;;;;;;;;;;;;;;
2026/03/08;1500 UTC;;;;;;;;;;;;;;;;;;
2026/03/08;1600 UTC;;;;;;;;;;;;;;;;;;
2026/03/08;1700 UTC;;;;;;;;;;;;;;;;;;
2026/03/08;1800 UTC;;;;;;;;;;;;;;;;;;
2026/03/08;1900 UTC;;;;;;;;;;;;;;;;;;
2026/03/08;2000 UTC;;;;;;;;;;;;;;;;;;
2026/03/08;2100 UTC;;;;;;;;;;;;;;;;;;
2026/03/08;2200 UTC;;;;;;;;;;;;;;;;;;
2026/03/08;2300 UTC;;;;;;;;;;;;;;;;;;
2026/03/09;0000 UTC;;;;;;;;;;;;;;;;;;
2026/03/09;0100 UTC;;;;;;;;;;;;;;;;;;
2026/03/09;0200 UTC;;;;;;;;;;;;;;;;;;
2026/03/09;0300 UTC;;;;;;;;;;;;;;;;;;
2026/03/09;0400 UTC;;;;;;;;;;;;;;;;;;
2026/03/09;0500 UTC;;;;;;;;;;;;;;;;;;
2026/03/09;0600 UTC;;;;;;;;;;;;;;;;;;
2026/03/09;0700 UTC;;;;;;;;;;;;;;;;;;
2026/03/09;0800 UTC;;;;;;;;;;;;;;;;;;
2026/03/09;0900 UTC;;;;;;;;;;;;;;;;;;
2026/03/09;1000 UTC;;;;;;;;;;;;;;;;;;
2026/03/09;1100 UTC;;;;;;;;;;;;;;;;;;
2026/03/09;1200 UTC;;;;;;;;;;;;;;;;;;
2026/03/09;1300 UTC;;;;;;;;;;;;;;;;;;
2026/03/09;1400 UTC;;;;;;;;;;;;;;;;;;
2026/03/09;1500 UTC;;;;;;;;;;;;;;;;;;
2026/03/09;1600 UTC;;;;;;;;;;;;;;;;;;
2026/03/09;1700 UTC;;;;;;;;;;;;;;;;;;
2026/03/09;1800 UTC;;;;;;;;;;;;;;;;;;
2026/03/09;1900 UTC;;;;;;;;;;;;;;;;;;
2026/03/09;2000 UTC;;;;;;;;;;;;;;;;;;
2026/03/09;2100 UTC;;;;;;;;;;;;;;;;;;
2026/03/09;2200 UTC;;;;;;;;;;;;;;;;;;
2026/03/09;2300 UTC;;;;;;;;;;;;;;;;;;
2026/03/10;0000 UTC;;;;;;;;;;;;;;;;;;
2026/03/10;0100 UTC;;;;;;;;;;;;;;;;;;
2026/03/10;0200 UTC;;;;;;;;;;;;;;;;;;
2026/03/10;0300 UTC;;;;;;;;;;;;;;;;;;
2026/03/10;0400 UTC;;;;;;;;;;;;;;;;;;
2026/03/10;0500 UTC;;;;;;;;;;;;;;;;;;
2026/03/10;0600 UTC;;;;;;;;;;;;;;;;;;
2026/03/10;0700 UTC;;;;;;;;;;;;;;;;;;
2026/03/10;0800 UTC;;;;;;;;;;;;;;;;;;
2026/03/10;0900 UTC;;;;;;;;;;;;;;;;;;
2026/03/10;1000 UTC;;;;;;;;;;;;;;;;;;
2026/03/10;1100 UTC;;;;;;;;;;;;;;;;;;
2026/03/10;1200 UTC;;;;;;;;;;;;;;;;;;
2026/03/10;1300 UTC;;;;;;;;;;;;;;;;;;
2026/03/10;1400 UTC;;;;;;;;;;;;;;;;;;
2026/03/10;1500 UTC;;;;;;;;;;;;;;;;;;
2026/03/10;1600 UTC;;;;;;;;;;;;;;;;;;
2026/03/10;1700 UTC;;;;;;;;;;;;;;;;;;
2026/03/10;1800 UTC;;;;;;;;;;;;;;;;;;
2026/03/10;1900 UTC;;;;;;;;;;;;;;;;;;
2026/03/10;2000 UTC;;;;;;;;;;;;;;;;;;
2026/03/10;2100 UTC;;;;;;;;;;;;;;;;;;
2026/03/10;2200 UTC;;;;;;;;;;;;;;;;;;
2026/03/10;2300 UTC;;;;;;;;;;;;;;;;;;
2026/03/11;0000 UTC;;;;;;;;;;;;;;;;;;
2026/03/11;0100 UTC;;;;;;;;;;;;;;;;;;
2026/03/11;0200 UTC;;;;;;;;;;;;;;;;;;
2026/03/11;0300 UTC;;;;;;;;;;;;;;;;;;
2026/03/11;0400 UTC;;;;;;;;;;;;;;;;;;
2026/03/11;0500 UTC;;;;;;;;;;;;;;;;;;
2026/03/11;0600 UTC;;;;;;;;;;;;;;;;;;
2026/03/11;0700 UTC;;;;;;;;;;;;;;;;;;
2026/03/11;0800 UTC;;;;;;;;;;;;;;;;;;
2026/03/11;0900 UTC;;;;;;;;;;;;;;;;;;
2026/03/11;1000 UTC;;;;;;;;;;;;;;;;;;
2026/03/11;1100 UTC;;;;;;;;;;;;;;;;;;
2026/03/11;1200 UTC;;;;;;;;;;;;;;;;;;
2026/03/11;1300 UTC;;;;;;;;;;;;;;;;;;
2026/03/11;1400 UTC;;;;;;;;;;;;;;;;;;
2026/03/11;1500 UTC;;;;;;;;;;;;;;;;;;
2026/03/11;1600 UTC;;;;;;;;;;;;;;;;;;
2026/03/11;1700 UTC;;;;;;;;;;;;;;;;;;
2026/03/11;1800 UTC;;;;;;;;;;;;;;;;;;
2026/03/11;1900 UTC;;;;;;;;;;;;;;;;;;
2026/03/11;2000 UTC;;;;;;;;;;;;;;;;;;
2026/03/11;2100 UTC;;;;;;;;;;;;;;;;;;
2026/03/11;2200 UTC;;;;;;;;;;;;;;;;;;
2026/03/11;2300 UTC;;;;;;;;;;;;;;;;;;
2026/03/12;0000 UTC;;;;;;;;;;;;;;;;;;
2026/03/12;0100 UTC;;;;;;;;;;;;;;;;;;
2026/03/12;0200 UTC;;;;;;;;;;;;;;;;;;
2026/03/12;0300 UTC;;;;;;;;;;;;;;;;;;
2026/03/12;0400 UTC;;;;;;;;;;;;;;;;;;
2026/03/12;0500 UTC;;;;;;;;;;;;;;;;;;
2026/03/12;0600 UTC;;;;;;;;;;;;;;;;;;
2026/03/12;0700 UTC;;;;;;;;;;;;;;;;;;
2026/03/12;0800 UTC;;;;;;;;;;;;;;;;;;
2026/03/12;0900 UTC;;;;;;;;;;;;;;;;;;
2026/03/12;1000 UTC;;;;;;;;;;;;;;;;;;
2026/03/12;1100 UTC;;;;;;;;;;;;;;;;;;
2026/03/12;1200 UTC;;;;;;;;;;;;;;;;;;
2026/03/12;1300 UTC;;;;;;;;;;;;;;;;;;
2026/03/12;1400 UTC;;;;;;;;;;;;;;;;;;
2026/03/12;1500 UTC;;;;;;;;;;;;;;;;;;
2026/03/12;1600 UTC;;;;;;;;;;;;;;;;;;
2026/03/12;1700 UTC;;;;;;;;;;;;;;;;;;
2026/03/12;1800 UTC;;;;;;;;;;;;;;;;;;
2026/03/12;1900 UTC;;;;;;;;;;;;;;;;;;
2026/03/12;2000 UTC;;;;;;;;;;;;;;;;;;
2026/03/12;2100 UTC;;;;;;;;;;;;;;;;;;
2026/03/12;2200 UTC;;;;;;;;;;;;;;;;;;
2026/03/12;2300 UTC;;;;;;;;;;;;;;;;;;
2026/03/13;0000 UTC;;;;;;;;;;;;;;;;;;
2026/03/13;0100 UTC;;;;;;;;;;;;;;;;;;
2026/03/13;0200 UTC;;;;;;;;;;;;;;;;;;
2026/03/13;0300 UTC;;;;;;;;;;;;;;;;;;
2026/03/13;0400 UTC;;;;;;;;;;;;;;;;;;
2026/03/13;0500 UTC;;;;;;;;;;;;;;;;;;
2026/03/13;0600 UTC;;;;;;;;;;;;;;;;;;
2026/03/13;0700 UTC;;;;;;;;;;;;;;;;;;
2026/03/13;0800 UTC;;;;;;;;;;;;;;;;;;
2026/03/13;0900 UTC;;;;;;;;;;;;;;;;;;
2026/03/13;1000 UTC;;;;;;;;;;;;;;;;;;
2026/03/13;1100 UTC;;;;;;;;;;;;;;;;;;
2026/03/13;1200 UTC;;;;;;;;;;;;;;;;;;
2026/03/13;1300 UTC;;;;;;;;;;;;;;;;;;
2026/03/13;1400 UTC;;;;;;;;;;;;;;;;;;
2026/03/13;1500 UTC;;;;;;;;;;;;;;;;;;
2026/03/13;1600 UTC;;;;;;;;;;;;;;;;;;
2026/03/13;1700 UTC;;;;;;;;;;;;;;;;;;
2026/03/13;1800 UTC;;;;;;;;;;;;;;;;;;
2026/03/13;1900 UTC;;;;;;;;;;;;;;;;;;
2026/03/13;2000 UTC;;;;;;;;;;;;;;;;;;
2026/03/13;2100 UTC;;;;;;;;;;;;;;;;;;
2026/03/13;2200 UTC;;;;;;;;;;;;;;;;;;
2026/03/13;2300 UTC;;;;;;;;;;;;;;;;;;
2026/03/14;0000 UTC;;;;;;;;;;;;;;;;;;
2026/03/14;0100 UTC;;;;;;;;;;;;;;;;;;
2026/03/14;0200 UTC;;;;;;;;;;;;;;;;;;
2026/03/14;0300 UTC;;;;;;;;;;;;;;;;;;
2026/03/14;0400 UTC;;;;;;;;;;;;;;;;;;
2026/03/14;0500 UTC;;;;;;;;;;;;;;;;;;
2026/03/14;0600 UTC;;;;;;;;;;;;;;;;;;
2026/03/14;0700 UTC;;;;;;;;;;;;;;;;;;
2026/03/14;0800 UTC;;;;;;;;;;;;;;;;;;
2026/03/14;0900 UTC;;;;;;;;;;;;;;;;;;
2026/03/14;1000 UTC;;;;;;;;;;;;;;;;;;
2026/03/14;1100 UTC;;;;;;;;;;;;;;;;;;
2026/03/14;1200 UTC;;;;;;;;;;;;;;;;;;
2026/03/14;1300 UTC;;;;;;;;;;;;;;;;;;
2026/03/14;1400 UTC;;;;;;;;;;;;;;;;;;
2026/03/14;1500 UTC;;;;;;;;;;;;;;;;;;
2026/03/14;1600 UTC;;;;;;;;;;;;;;;;;;
2026/03/14;1700 UTC;;;;;;;;;;;;;;;;;;
2026/03/14;1800 UTC;;;;;;;;;;;;;;;;;;
2026/03/14;1900 UTC;;;;;;;;;;;;;;;;;;
2026/03/14;2000 UTC;;;;;;;;;;;;;;;;;;
2026/03/14;2100 UTC;;;;;;;;;;;;;;;;;;
2026/03/14;2200 UTC;;;;;;;;;;;;;;;;;;
2026/03/14;2300 UTC;;;;;;;;;;;;;;;;;;
2026/03/15;0000 UTC;;;;;;;;;;;;;;;;;;
2026/03/15;0100 UTC;;;;;;;;;;;;;;;;;;
2026/03/15;0200 UTC;;;;;;;;;;;;;;;;;;
2026/03/15;0300 UTC;;;;;;;;;;;;;;;;;;
2026/03/15;0400 UTC;;;;;;;;;;;;;;;;;;
2026/03/15;0500 UTC;;;;;;;;;;;;;;;;;;
2026/03/15;0600 UTC;;;;;;;;;;;;;;;;;;
2026/03/15;0700 UTC;;;;;;;;;;;;;;;;;;
2026/03/15;0800 UTC;;;;;;;;;;;;;;;;;;
2026/03/15;0900 UTC;;;;;;;;;;;;;;;;;;
2026/03/15;1000 UTC;;;;;;;;;;;;;;;;;;
2026/03/15;1100 UTC;;;;;;;;;;;;;;;;;;
2026/03/15;1200 UTC;;;;;;;;;;;;;;;;;;
2026/03/15;1300 UTC;;;;;;;;;;;;;;;;;;
2026/03/15;1400 UTC;;;;;;;;;;;;;;;;;;
2026/03/15;1500 UTC;;;;;;;;;;;;;;;;;;
2026/03/15;1600 UTC;;;;;;;;;;;;;;;;;;
2026/03/15;1700 UTC;;;;;;;;;;;;;;;;;;
2026/03/15;1800 UTC;;;;;;;;;;;;;;;;;;
2026/03/15;1900 UTC;;;;;;;;;;;;;;;;;;
2026/03/15;2000 UTC;;;;;;;;;;;;;;;;;;
2026/03/15;2100 UTC;;;;;;;;;;;;;;;;;;
2026/03/15;2200 UTC;;;;;;;;;;;;;;;;;;
2026/03/15;2300 UTC;;;;;;;;;;;;;;;;;;
2026/03/16;0000 UTC;;;;;;;;;;;;;;;;;;
2026/03/16;0100 UTC;;;;;;;;;;;;;;;;;;
2026/03/16;0200 UTC;;;;;;;;;;;;;;;;;;
2026/03/16;0300 UTC;;;;;;;;;;;;;;;;;;
2026/03/16;0400 UTC;;;;;;;;;;;;;;;;;;
2026/03/16;0500 UTC;;;;;;;;;;;;;;;;;;
2026/03/16;0600 UTC;;;;;;;;;;;;;;;;;;
2026/03/16;0700 UTC;;;;;;;;;;;;;;;;;;
2026/03/16;0800 UTC;;;;;;;;;;;;;;;;;;
2026/03/16;0900 UTC;;;;;;;;;;;;;;;;;;
2026/03/16;1000 UTC;;;;;;;;;;;;;;;;;;
2026/03/16;1100 UTC;;;;;;;;;;;;;;;;;;
2026/03/16;1200 UTC;;;;;;;;;;;;;;;;;;
2026/03/16;1300 UTC;;;;;;;;;;;;;;;;;;
2026/03/16;1400 UTC;;;;;;;;;;;;;;;;;;
2026/03/16;1500 UTC;;;;;;;;;;;;;;;;;;
2026/03/16;1600 UTC;;;;;;;;;;;;;;;;;;
2026/03/16;1700 UTC;;;;;;;;;;;;;;;;;;
2026/03/16;1800 UTC;;;;;;;;;;;;;;;;;;
2026/03/16;1900 UTC;;;;;;;;;;;;;;;;;;
2026/03/16;2000 UTC;;;;;;;;;;;;;;;;;;
2026/03/16;2100 UTC;;;;;;;;;;;;;;;;;;
2026/03/16;2200 UTC;;;;;;;;;;;;;;;;;;
2026/03/16;2300 UTC;;;;;;;;;;;;;;;;;;
2026/03/17;0000 UTC;;;;;;;;;;;;;;;;;;
2026/03/17;0100 UTC;;;;;;;;;;;;;;;;;;
2026/03/17;0200 UTC;;;;;;;;;;;;;;;;;;
2026/03/17;0300 UTC;;;;;;;;;;;;;;;;;;
2026/03/17;0400 UTC;;;;;;;;;;;;;;;;;;
2026/03/17;0500 UTC;;;;;;;;;;;;;;;;;;
2026/03/17;0600 UTC;;;;;;;;;;;;;;;;;;
2026/03/17;0700 UTC;;;;;;;;;;;;;;;;;;
2026/03/17;0800 UTC;;;;;;;;;;;;;;;;;;
2026/03/17;0900 UTC;;;;;;;;;;;;;;;;;;
2026/03/17;1000 UTC;;;;;;;;;;;;;;;;;;
2026/03/17;1100 UTC;;;;;;;;;;;;;;;;;;
2026/03/17;1200 UTC;;;;;;;;;;;;;;;;;;
2026/03/17;1300 UTC;;;;;;;;;;;;;;;;;;
2026/03/17;1400 UTC;;;;;;;;;;;;;;;;;;
2026/03/17;1500 UTC;;;;;;;;;;;;;;;;;;
2026/03/17;1600 UTC;;;;;;;;;;;;;;;;;;
2026/03/17;1700 UTC;;;;;;;;;;;;;;;;;;
2026/03/17;1800 UTC;;;;;;;;;;;;;;;;;;
2026/03/17;1900 UTC;;;;;;;;;;;;;;;;;;
2026/03/17;2000 UTC;;;;;;;;;;;;;;;;;;
2026/03/17;2100 UTC;;;;;;;;;;;;;;;;;;
2026/03/17;2200 UTC;;;;;;;;;;;;;;;;;;
2026/03/17;2300 UTC;;;;;;;;;;;;;;;;;;
2026/03/18;0000 UTC;;;;;;;;;;;;;;;;;;
2026/03/18;0100 UTC;;;;;;;;;;;;;;;;;;
2026/03/18;0200 UTC;;;;;;;;;;;;;;;;;;
2026/03/18;0300 UTC;;;;;;;;;;;;;;;;;;
2026/03/18;0400 UTC;;;;;;;;;;;;;;;;;;
2026/03/18;0500 UTC;;;;;;;;;;;;;;;;;;
2026/03/18;0600 UTC;;;;;;;;;;;;;;;;;;
2026/03/18;0700 UTC;;;;;;;;;;;;;;;;;;
2026/03/18;0800 UTC;;;;;;;;;;;;;;;;;;
2026/03/18;0900 UTC;;;;;;;;;;;;;;;;;;
2026/03/18;1000 UTC;;;;;;;;;;;;;;;;;;
2026/03/18;1100 UTC;;;;;;;;;;;;;;;;;;
2026/03/18;1200 UTC;;;;;;;;;;;;;;;;;;
2026/03/18;1300 UTC;;;;;;;;;;;;;;;;;;
2026/03/18;1400 UTC;;;;;;;;;;;;;;;;;;
2026/03/18;1500 UTC;;;;;;;;;;;;;;;;;;
2026/03/18;1600 UTC;;;;;;;;;;;;;;;;;;
2026/03/18;1700 UTC;;;;;;;;;;;;;;;;;;
2026/03/18;1800 UTC;;;;;;;;;;;;;;;;;;
2026/03/18;1900 UTC;;;;;;;;;;;;;;;;;;
2026/03/18;2000 UTC;;;;;;;;;;;;;;;;;;
2026/03/18;2100 UTC;;;;;;;;;;;;;;;;;;
2026/03/18;2200 UTC;;;;;;;;;;;;;;;;;;
2026/03/18;2300 UTC;;;;;;;;;;;;;;;;;;
2026/03/19;0000 UTC;;;;;;;;;;;;;;;;;;
2026/03/19;0100 UTC;;;;;;;;;;;;;;;;;;
2026/03/19;0200 UTC;;;;;;;;;;;;;;;;;;
2026/03/19;0300 UTC;;;;;;;;;;;;;;;;;;
2026/03/19;0400 UTC;;;;;;;;;;;;;;;;;;
2026/03/19;0500 UTC;;;;;;;;;;;;;;;;;;
2026/03/19;0600 UTC;;;;;;;;;;;;;;;;;;
2026/03/19;0700 UTC;;;;;;;;;;;;;;;;;;
2026/03/19;0800 UTC;;;;;;;;;;;;;;;;;;
2026/03/19;0900 UTC;;;;;;;;;;;;;;;;;;
2026/03/19;1000 UTC;;;;;;;;;;;;;;;;;;
2026/03/19;1100 UTC;;;;;;;;;;;;;;;;;;
2026/03/19;1200 UTC;;;;;;;;;;;;;;;;;;
2026/03/19;1300 UTC;;;;;;;;;;;;;;;;;;
2026/03/19;1400 UTC;;;;;;;;;;;;;;;;;;
2026/03/19;1500 UTC;;;;;;;;;;;;;;;;;;
2026/03/19;1600 UTC;;;;;;;;;;;;;;;;;;
2026/03/19;1700 UTC;;;;;;;;;;;;;;;;;;
2026/03/19;1800 UTC;;;;;;;;;;;;;;;;;;
2026/03/19;1900 UTC;;;;;;;;;;;;;;;;;;
2026/03/19;2000 UTC;;;;;;;;;;;;;;;;;;
2026/03/19;2100 UTC;;;;;;;;;;;;;;;;;;
2026/03/19;2200 UTC;;;;;;;;;;;;;;;;;;
2026/03/19;2300 UTC;;;;;;;;;;;;;;;;;;
2026/03/20;0000 UTC;;;;;;;;;;;;;;;;;;
2026/03/20;0100 UTC;;;;;;;;;;;;;;;;;;
2026/03/20;0200 UTC;;;;;;;;;;;;;;;;;;
2026/03/20;0300 UTC;;;;;;;;;;;;;;;;;;
2026/03/20;0400 UTC;;;;;;;;;;;;;;;;;;
2026/03/20;0500 UTC;;;;;;;;;;;;;;;;;;
2026/03/20;0600 UTC;;;;;;;;;;;;;;;;;;
2026/03/20;0700 UTC;;;;;;;;;;;;;;;;;;
2026/03/20;0800 UTC;;;;;;;;;;;;;;;;;;
2026/03/20;0900 UTC;;;;;;;;;;;;;;;;;;
2026/03/20;1000 UTC;;;;;;;;;;;;;;;;;;
2026/03/20;1100 UTC;;;;;;;;;;;;;;;;;;
2026/03/20;1200 UTC;;;;;;;;;;;;;;;;;;
2026/03/20;1300 UTC;;;;;;;;;;;;;;;;;;
2026/03/20;1400 UTC;;;;;;;;;;;;;;;;;;
2026/03/20;1500 UTC;;;;;;;;;;;;;;;;;;
2026/03/20;1600 UTC;;;;;;;;;;;;;;;;;;
2026/03/20;1700 UTC;;;;;;;;;;;;;;;;;;
2026/03/20;1800 UTC;;;;;;;;;;;;;;;;;;
2026/03/20;1900 UTC;;;;;;;;;;;;;;;;;;
2026/03/20;2000 UTC;;;;;;;;;;;;;;;;;;
2026/03/20;2100 UTC;;;;;;;;;;;;;;;;;;
2026/03/20;2200 UTC;;;;;;;;;;;;;;;;;;
2026/03/20;2300 UTC;;;;;;;;;;;;;;;;;;
2026/03/21;0000 UTC;;;;;;;;;;;;;;;;;;
2026/03/21;0100 UTC;;;;;;;;;;;;;;;;;;
2026/03/21;0200 UTC;;;;;;;;;;;;;;;;;;
2026/03/21;0300 UTC;;;;;;;;;;;;;;;;;;
2026/03/21;0400 UTC;;;;;;;;;;;;;;;;;;
2026/03/21;0500 UTC;;;;;;;;;;;;;;;;;;
2026/03/21;0600 UTC;;;;;;;;;;;;;;;;;;
2026/03/21;0700 UTC;;;;;;;;;;;;;;;;;;
2026/03/21;0800 UTC;;;;;;;;;;;;;;;;;;
2026/03/21;0900 UTC;;;;;;;;;;;;;;;;;;
2026/03/21;1000 UTC;;;;;;;;;;;;;;;;;;
2026/03/21;1100 UTC;;;;;;;;;;;;;;;;;;
2026/03/21;1200 UTC;;;;;;;;;;;;;;;;;;
2026/03/21;1300 UTC;;;;;;;;;;;;;;;;;;
2026/03/21;1400 UTC;;;;;;;;;;;;;;;;;;
2026/03/21;1500 UTC;;;;;;;;;;;;;;;;;;
2026/03/21;1600 UTC;;;;;;;;;;;;;;;;;;
2026/03/21;1700 UTC;;;;;;;;;;;;;;;;;;
2026/03/21;1800 UTC;;;;;;;;;;;;;;;;;;
2026/03/21;1900 UTC;;;;;;;;;;;;;;;;;;
2026/03/21;2000 UTC;;;;;;;;;;;;;;;;;;
2026/03/21;2100 UTC;;;;;;;;;;;;;;;;;;
2026/03/21;2200 UTC;;;;;;;;;;;;;;;;;;
2026/03/21;2300 UTC;;;;;;;;;;;;;;;;;;
2026/03/22;0000 UTC;;;;;;;;;;;;;;;;;;
2026/03/22;0100 UTC;;;;;;;;;;;;;;;;;;
2026/03/22;0200 UTC;;;;;;;;;;;;;;;;;;
2026/03/22;0300 UTC;;;;;;;;;;;;;;;;;;
2026/03/22;0400 UTC;;;;;;;;;;;;;;;;;;
2026/03/22;0500 UTC;;;;;;;;;;;;;;;;;;
2026/03/22;0600 UTC;;;;;;;;;;;;;;;;;;
2026/03/22;0700 UTC;;;;;;;;;;;;;;;;;;
2026/03/22;0800 UTC;;;;;;;;;;;;;;;;;;
2026/03/22;0900 UTC;;;;;;;;;;;;;;;;;;
2026/03/22;1000 UTC;;;;;;;;;;;;;;;;;;
2026/03/22;1100 UTC;;;;;;;;;;;;;;;;;;
2026/03/22;1200 UTC;;;;;;;;;;;;;;;;;;
2026/03/22;1300 UTC;;;;;;;;;;;;;;;;;;
2026/03/22;1400 UTC;;;;;;;;;;;;;;;;;;
2026/03/22;1500 UTC;;;;;;;;;;;;;;;;;;
2026/03/22;1600 UTC;;;;;;;;;;;;;;;;;;
2026/03/22;1700 UTC;;;;;;;;;;;;;;;;;;
2026/03/22;1800 UTC;;;;;;;;;;;;;;;;;;
2026/03/22;1900 UTC;;;;;;;;;;;;;;;;;;
2026/03/22;2000 UTC;;;;;;;;;;;;;;;;;;
2026/03/22;2100 UTC;;;;;;;;;;;;;;;;;;
2026/03/22;2200 UTC;;;;;;;;;;;;;;;;;;
2026/03/22;2300 UTC;;;;;;;;;;;;;;;;;;
2026/03/23;0000 UTC;;;;;;;;;;;;;;;;;;
2026/03/23;0100 UTC;;;;;;;;;;;;;;;;;;
2026/03/23;0200 UTC;;;;;;;;;;;;;;;;;;
2026/03/23;0300 UTC;;;;;;;;;;;;;;;;;;
2026/03/23;0400 UTC;;;;;;;;;;;;;;;;;;
2026/03/23;0500 UTC;;;;;;;;;;;;;;;;;;
2026/03/23;0600 UTC;;;;;;;;;;;;;;;;;;
2026/03/23;0700 UTC;;;;;;;;;;;;;;;;;;
2026/03/23;0800 UTC;;;;;;;;;;;;;;;;;;
2026/03/23;0900 UTC;;;;;;;;;;;;;;;;;;
2026/03/23;1000 UTC;;;;;;;;;;;;;;;;;;
2026/03/23;1100 UTC;;;;;;;;;;;;;;;;;;
2026/03/23;1200 UTC;;;;;;;;;;;;;;;;;;
2026/03/23;1300 UTC;;;;;;;;;;;;;;;;;;
2026/03/23;1400 UTC;;;;;;;;;;;;;;;;;;
2026/03/23;1500 UTC;;;;;;;;;;;;;;;;;;
2026/03/23;1600 UTC;;;;;;;;;;;;;;;;;;
2026/03/23;1700 UTC;;;;;;;;;;;;;;;;;;
2026/03/23;1800 UTC;;;;;;;;;;;;;;;;;;
2026/03/23;1900 UTC;;;;;;;;;;;;;;;;;;
2026/03/23;2000 UTC;;;;;;;;;;;;;;;;;;
2026/03/23;2100 UTC;;;;;;;;;;;;;;;;;;
2026/03/23;2200 UTC;;;;;;;;;;;;;;;;;;
2026/03/23;2300 UTC;;;;;;;;;;;;;;;;;;
2026/03/24;0000 UTC;;;;;;;;;;;;;;;;;;
2026/03/24;0100 UTC;;;;;;;;;;;;;;;;;;
2026/03/24;0200 UTC;;;;;;;;;;;;;;;;;;
2026/03/24;0300 UTC;;;;;;;;;;;;;;;;;;
2026/03/24;0400 UTC;;;;;;;;;;;;;;;;;;
2026/03/24;0500 UTC;;;;;;;;;;;;;;;;;;
2026/03/24;0600 UTC;;;;;;;;;;;;;;;;;;
2026/03/24;0700 UTC;;;;;;;;;;;;;;;;;;
2026/03/24;0800 UTC;;;;;;;;;;;;;;;;;;
2026/03/24;0900 UTC;;;;;;;;;;;;;;;;;;
2026/03/24;1000 UTC;;;;;;;;;;;;;;;;;;
2026/03/24;1100 UTC;;;;;;;;;;;;;;;;;;
2026/03/24;1200 UTC;;;;;;;;;;;;;;;;;;
2026/03/24;1300 UTC;;;;;;;;;;;;;;;;;;
2026/03/24;1400 UTC;;;;;;;;;;;;;;;;;;
2026/03/24;1500 UTC;;;;;;;;;;;;;;;;;;
2026/03/24;1600 UTC;;;;;;;;;;;;;;;;;;
2026/03/24;1700 UTC;;;;;;;;;;;;;;;;;;
2026/03/24;1800 UTC;;;;;;;;;;;;;;;;;;
2026/03/24;1900 UTC;;;;;;;;;;;;;;;;;;
2026/03/24;2000 UTC;;;;;;;;;;;;;;;;;;
2026/03/24;2100 UTC;;;;;;;;;;;;;;;;;;
2026/03/24;2200 UTC;;;;;;;;;;;;;;;;;;
2026/03/24;2300 UTC;;;;;;;;;;;;;;;;;;
2026/03/25;0000 UTC;;;;;;;;;;;;;;;;;;
2026/03/25;0100 UTC;;;;;;;;;;;;;;;;;;
2026/03/25;0200 UTC;;;;;;;;;;;;;;;;;;
2026/03/25;0300 UTC;;;;;;;;;;;;;;;;;;
2026/03/25;0400 UTC;;;;;;;;;;;;;;;;;;
2026/03/25;0500 UTC;;;;;;;;;;;;;;;;;;
2026/03/25;0600 UTC;;;;;;;;;;;;;;;;;;
2026/03/25;0700 UTC;;;;;;;;;;;;;;;;;;
2026/03/25;0800 UTC;;;;;;;;;;;;;;;;;;
2026/03/25;0900 UTC;;;;;;;;;;;;;;;;;;
2026/03/25;1000 UTC;;;;;;;;;;;;;;;;;;
2026/03/25;1100 UTC;;;;;;;;;;;;;;;;;;
2026/03/25;1200 UTC;;;;;;;;;;;;;;;;;;
2026/03/25;1300 UTC;;;;;;;;;;;;;;;;;;
2026/03/25;1400 UTC;;;;;;;;;;;;;;;;;;
2026/03/25;1500 UTC;;;;;;;;;;;;;;;;;;
2026/03/25;1600 UTC;;;;;;;;;;;;;;;;;;
2026/03/25;1700 UTC;;;;;;;;;;;;;;;;;;
2026/03/25;1800 UTC;;;;;;;;;;;;;;;;;;
2026/03/25;1900 UTC;;;;;;;;;;;;;;;;;;
2026/03/25;2000 UTC;;;;;;;;;;;;;;;;;;
2026/03/25;2100 UTC;;;;;;;;;;;;;;;;;;
2026/03/25;2200 UTC;;;;;;;;;;;;;;;;;;
2026/03/25;2300 UTC;;;;;;;;;;;;;;;;;;
2026/03/26;0000 UTC;;;;;;;;;;;;;;;;;;
2026/03/26;0100 UTC;;;;;;;;;;;;;;;;;;
2026/03/26;0200 UTC;;;;;;;;;;;;;;;;;;
2026/03/26;0300 UTC;;;;;;;;;;;;;;;;;;
2026/03/26;0400 UTC;;;;;;;;;;;;;;;;;;
2026/03/26;0500 UTC;;;;;;;;;;;;;;;;;;
2026/03/26;0600 UTC;;;;;;;;;;;;;;;;;;
2026/03/26;0700 UTC;;;;;;;;;;;;;;;;;;
2026/03/26;0800 UTC;;;;;;;;;;;;;;;;;;
2026/03/26;0900 UTC;;;;;;;;;;;;;;;;;;
2026/03/26;1000 UTC;;;;;;;;;;;;;;;;;;
2026/03/26;1100 UTC;;;;;;;;;;;;;;;;;;
2026/03/26;1200 UTC;;;;;;;;;;;;;;;;;;
2026/03/26;1300 UTC;;;;;;;;;;;;;;;;;;
2026/03/26;1400 UTC;;;;;;;;;;;;;;;;;;
2026/03/26;1500 UTC;;;;;;;;;;;;;;;;;;
2026/03/26;1600 UTC;;;;;;;;;;;;;;;;;;
2026/03/26;1700 UTC;;;;;;;;;;;;;;;;;;
2026/03/26;1800 UTC;;;;;;;;;;;;;;;;;;
2026/03/26;1900 UTC;;;;;;;;;;;;;;;;;;
2026/03/26;2000 UTC;;;;;;;;;;;;;;;;;;
2026/03/26;2100 UTC;;;;;;;;;;;;;;;;;;
2026/03/26;2200 UTC;;;;;;;;;;;;;;;;;;
2026/03/26;2300 UTC;;;;;;;;;;;;;;;;;;
2026/03/27;0000 UTC;;;;;;;;;;;;;;;;;;
2026/03/27;0100 UTC;;;;;;;;;;;;;;;;;;
2026/03/27;0200 UTC;;;;;;;;;;;;;;;;;;
2026/03/27;0300 UTC;;;;;;;;;;;;;;;;;;
2026/03/27;0400 UTC;;;;;;;;;;;;;;;;;;
2026/03/27;0500 UTC;;;;;;;;;;;;;;;;;;
2026/03/27;0600 UTC;;;;;;;;;;;;;;;;;;
2026/03/27;0700 UTC;;;;;;;;;;;;;;;;;;
2026/03/27;0800 UTC;;;;;;;;;;;;;;;;;;
2026/03/27;0900 UTC;;;;;;;;;;;;;;;;;;
2026/03/27;1000 UTC;;;;;;;;;;;;;;;;;;
2026/03/27;1100 UTC;;;;;;;;;;;;;;;;;;
2026/03/27;1200 UTC;;;;;;;;;;;;;;;;;;
2026/03/27;1300 UTC;;;;;;;;;;;;;;;;;;
2026/03/27;1400 UTC;;;;;;;;;;;;;;;;;;
2026/03/27;1500 UTC;;;;;;;;;;;;;;;;;;
2026/03/27;1600 UTC;;;;;;;;;;;;;;;;;;
2026/03/27;1700 UTC;;;;;;;;;;;;;;;;;;
2026/03/27;1800 UTC;;;;;;;;;;;;;;;;;;
2026/03/27;1900 UTC;;;;;;;;;;;;;;;;;;
2026/03/27;2000 UTC;;;;;;;;;;;;;;;;;;
2026/03/27;2100 UTC;;;;;;;;;;;;;;;;;;
2026/03/27;2200 UTC;;;;;;;;;;;;;;;;;;
2026/03/27;2300 UTC;;;;;;;;;;;;;;;;;;
2026/03/28;0000 UTC;;;;;;;;;;;;;;;;;;
2026/03/28;0100 UTC;;;;;;;;;;;;;;;;;;
2026/03/28;0200 UTC;;;;;;;;;;;;;;;;;;
2026/03/28;0300 UTC;;;;;;;;;;;;;;;;;;
2026/03/28;0400 UTC;;;;;;;;;;;;;;;;;;
2026/03/28;0500 UTC;;;;;;;;;;;;;;;;;;
2026/03/28;0600 UTC;;;;;;;;;;;;;;;;;;
2026/03/28;0700 UTC;;;;;;;;;;;;;;;;;;
2026/03/28;0800 UTC;;;;;;;;;;;;;;;;;;
2026/03/28;0900 UTC;;;;;;;;;;;;;;;;;;
2026/03/28;1000 UTC;;;;;;;;;;;;;;;;;;
2026/03/28;1100 UTC;;;;;;;;;;;;;;;;;;
2026/03/28;1200 UTC;;;;;;;;;;;;;;;;;;
2026/03/28;1300 UTC;;;;;;;;;;;;;;;;;;
2026/03/28;1400 UTC;;;;;;;;;;;;;;;;;;
2026/03/28;1500 UTC;;;;;;;;;;;;;;;;;;
2026/03/28;1600 UTC;;;;;;;;;;;;;;;;;;
2026/03/28;1700 UTC;;;;;;;;;;;;;;;;;;
2026/03/28;1800 UTC;;;;;;;;;;;;;;;;;;
2026/03/28;1900 UTC;;;;;;;;;;;;;;;;;;
2026/03/28;2000 UTC;;;;;;;;;;;;;;;;;;
2026/03/28;2100 UTC;;;;;;;;;;;;;;;;;;
2026/03/28;2200 UTC;;;;;;;;;;;;;;;;;;
2026/03/28;2300 UTC;;;;;;;;;;;;;;;;;;
2026/03/29;0000 UTC;;;;;;;;;;;;;;;;;;
2026/03/29;0100 UTC;;;;;;;;;;;;;;;;;;
2026/03/29;0200 UTC;;;;;;;;;;;;;;;;;;
2026/03/29;0300 UTC;;;;;;;;;;;;;;;;;;
2026/03/29;0400 UTC;;;;;;;;;;;;;;;;;;
2026/03/29;0500 UTC;;;;;;;;;;;;;;;;;;
2026/03/29;0600 UTC;;;;;;;;;;;;;;;;;;
2026/03/29;0700 UTC;;;;;;;;;;;;;;;;;;
2026/03/29;0800 UTC;;;;;;;;;;;;;;;;;;
2026/03/29;0900 UTC;;;;;;;;;;;;;;;;;;
2026/03/29;1000 UTC;;;;;;;;;;;;;;;;;;
2026/03/29;1100 UTC;;;;;;;;;;;;;;;;;;
2026/03/29;1200 UTC;;;;;;;;;;;;;;;;;;
2026/03/29;1300 UTC;;;;;;;;;;;;;;;;;;
2026/03/29;1400 UTC;;;;;;;;;;;;;;;;;;
2026/03/29;1500 UTC;;;;;;;;;;;;;;;;;;
2026/03/29;1600 UTC;;;;;;;;;;;;;;;;;;
2026/03/29;1700 UTC;;;;;;;;;;;;;;;;;;
2026/03/29;1800 UTC;;;;;;;;;;;;;;;;;;
2026/03/29;1900 UTC;;;;;;;;;;;;;;;;;;
2026/03/29;2000 UTC;;;;;;;;;;;;;;;;;;
2026/03/29;2100 UTC;;;;;;;;;;;;;;;;;;
2026/03/29;2200 UTC;;;;;;;;;;;;;;;;;;
2026/03/29;2300 UTC;;;;;;;;;;;;;;;;;;
2026/03/30;0000 UTC;;;;;;;;;;;;;;;;;;
2026/03/30;0100 UTC;;;;;;;;;;;;;;;;;;
2026/03/30;0200 UTC;;;;;;;;;;;;;;;;;;
2026/03/30;0300 UTC;;;;;;;;;;;;;;;;;;
2026/03/30;0400 UTC;;;;;;;;;;;;;;;;;;
2026/03/30;0500 UTC;;;;;;;;;;;;;;;;;;
2026/03/30;0600 UTC;;;;;;;;;;;;;;;;;;
2026/03/30;0700 UTC;;;;;;;;;;;;;;;;;;
2026/03/30;0800 UTC;;;;;;;;;;;;;;;;;;
2026/03/30;0900 UTC;;;;;;;;;;;;;;;;;;
2026/03/30;1000 UTC;;;;;;;;;;;;;;;;;;
2026/03/30;1100 UTC;;;;;;;;;;;;;;;;;;
2026/03/30;1200 UTC;;;;;;;;;;;;;;;;;;
2026/03/30;1300 UTC;;;;;;;;;;;;;;;;;;
2026/03/30;1400 UTC;;;;;;;;;;;;;;;;;;
2026/03/30;1500 UTC;;;;;;;;;;;;;;;;;;
2026/03/30;1600 UTC;;;;;;;;;;;;;;;;;;
2026/03/30;1700 UTC;;;;;;;;;;;;;;;;;;
2026/03/30;1800 UTC;;;;;;;;;;;;;;;;;;
2026/03/30;1900 UTC;;;;;;;;;;;;;;;;;;
2026/03/30;2000 UTC;;;;;;;;;;;;;;;;;;
2026/03/30;2100 UTC;;;;;;;;;;;;;;;;;;
2026/03/30;2200 UTC;;;;;;;;;;;;;;;;;;
2026/03/30;2300 UTC;;;;;;;;;;;;;;;;;;
2026/03/31;0000 UTC;;;;;;;;;;;;;;;;;;
2026/03/31;0100 UTC;;;;;;;;;;;;;;;;;;
2026/03/31;0200 UTC;;;;;;;;;;;;;;;;;;
2026/03/31;0300 UTC;;;;;;;;;;;;;;;;;;
2026/03/31;0400 UTC;;;;;;;;;;;;;;;;;;
2026/03/31;0500 UTC;;;;;;;;;;;;;;;;;;
2026/03/31;0600 UTC;;;;;;;;;;;;;;;;;;
2026/03/31;0700 UTC;;;;;;;;;;;;;;;;;;
2026/03/31;0800 UTC;;;;;;;;;;;;;;;;;;
2026/03/31;0900 UTC;;;;;;;;;;;;;;;;;;
2026/03/31;1000 UTC;;;;;;;;;;;;;;;;;;
2026/03/31;1100 UTC;;;;;;;;;;;;;;;;;;
2026/03/31;1200 UTC;;;;;;;;;;;;;;;;;;
2026/03/31;1300 UTC;;;;;;;;;;;;;;;;;;
2026/03/31;1400 UTC;;;;;;;;;;;;;;;;;;
2026/03/31;1500 UTC;;;;;;;;;;;;;;;;;;
2026/03/31;1600 UTC;;;;;;;;;;;;;;;;;;
2026/03/31;1700 UTC;;;;;;;;;;;;;;;;;;
2026/03/31;1800 UTC;;;;;;;;;;;;;;;;;;
2026/03/31;1900 UTC;;;;;;;;;;;;;;;;;;
2026/03/31;2000 UTC;;;;;;;;;;;;;;;;;;
2026/03/31;2100 UTC;;;;;;;;;;;;;;;;;;
2026/03/31;2200 UTC;;;;;;;;;;;;;;;;;;
2026/03/31;2300 UTC;;;;;;;;;;;;;;;;;;
2026/04/01;0000 UTC;;;;;;;;;;;;;;;;;;
2026/04/01;0100 UTC;;;;;;;;;;;;;;;;;;
2026/04/01;0200 UTC;;;;;;;;;;;;;;;;;;
2026/04/01;0300 UTC;;;;;;;;;;;;;;;;;;
2026/04/01;0400 UTC;;;;;;;;;;;;;;;;;;
2026/04/01;0500 UTC;;;;;;;;;;;;;;;;;;
2026/04/01;0600 UTC;;;;;;;;;;;;;;;;;;
2026/04/01;0700 UTC;;;;;;;;;;;;;;;;;;
2026/04/01;0800 UTC;;;;;;;;;;;;;;;;;;
2026/04/01;0900 UTC;;;;;;;;;;;;;;;;;;
2026/04/01;1000 UTC;;;;;;;;;;;;;;;;;;
2026/04/01;1100 UTC;;;;;;;;;;;;;;;;;;
2026/04/01;1200 UTC;;;;;;;;;;;;;;;;;;
2026/04/01;1300 UTC;;;;;;;;;;;;;;;;;;
2026/04/01;1400 UTC;;;;;;;;;;;;;;;;;;
2026/04/01;1500 UTC;;;;;;;;;;;;;;;;;;
2026/04/01;1600 UTC;;;;;;;;;;;;;;;;;;
2026/04/01;1700 UTC;;;;;;;;;;;;;;;;;;
2026/04/01;1800 UTC;;;;;;;;;;;;;;;;;;
2026/04/01;1900 UTC;;;;;;;;;;;;;;;;;;
2026/04/01;2000 UTC;;;;;;;;;;;;;;;;;;
2026/04/01;2100 UTC;;;;;;;;;;;;;;;;;;
2026/04/01;2200 UTC;;;;;;;;;;;;;;;;;;
2026/04/01;2300 UTC;;;;;;;;;;;;;;;;;;
2026/04/02;0000 UTC;;;;;;;;;;;;;;;;;;
2026/04/02;0100 UTC;;;;;;;;;;;;;;;;;;
2026/04/02;0200 UTC;;;;;;;;;;;;;;;;;;
2026/04/02;0300 UTC;;;;;;;;;;;;;;;;;;
2026/04/02;0400 UTC;;;;;;;;;;;;;;;;;;
2026/04/02;0500 UTC;;;;;;;;;;;;;;;;;;
2026/04/02;0600 UTC;;;;;;;;;;;;;;;;;;
2026/04/02;0700 UTC;;;;;;;;;;;;;;;;;;
2026/04/02;0800 UTC;;;;;;;;;;;;;;;;;;
2026/04/02;0900 UTC;;;;;;;;;;;;;;;;;;
2026/04/02;1000 UTC;;;;;;;;;;;;;;;;;;
2026/04/02;1100 UTC;;;;;;;;;;;;;;;;;;
2026/04/02;1200 UTC;;;;;;;;;;;;;;;;;;
2026/04/02;1300 UTC;;;;;;;;;;;;;;;;;;
2026/04/02;1400 UTC;;;;;;;;;;;;;;;;;;
2026/04/02;1500 UTC;;;;;;;;;;;;;;;;;;
2026/04/02;1600 UTC;;;;;;;;;;;;;;;;;;
2026/04/02;1700 UTC;;;;;;;;;;;;;;;;;;
2026/04/02;1800 UTC;;;;;;;;;;;;;;;;;;
2026/04/02;1900 UTC;;;;;;;;;;;;;;;;;;
2026/04/02;2000 UTC;;;;;;;;;;;;;;;;;;
2026/04/02;2100 UTC;;;;;;;;;;;;;;;;;;
2026/04/02;2200 UTC;;;;;;;;;;;;;;;;;;
2026/04/02;2300 UTC;;;;;;;;;;;;;;;;;;
2026/04/03;0000 UTC;;;;;;;;;;;;;;;;;;
2026/04/03;0100 UTC;;;;;;;;;;;;;;;;;;
2026/04/03;0200 UTC;;;;;;;;;;;;;;;;;;
2026/04/03;0300 UTC;;;;;;;;;;;;;;;;;;
2026/04/03;0400 UTC;;;;;;;;;;;;;;;;;;
2026/04/03;0500 UTC;;;;;;;;;;;;;;;;;;
2026/04/03;0600 UTC;;;;;;;;;;;;;;;;;;
2026/04/03;0700 UTC;;;;;;;;;;;;;;;;;;
2026/04/03;0800 UTC;;;;;;;;;;;;;;;;;;
2026/04/03;0900 UTC;;;;;;;;;;;;;;;;;;
2026/04/03;1000 UTC;;;;;;;;;;;;;;;;;;
2026/04/03;1100 UTC;;;;;;;;;;;;;;;;;;
2026/04/03;1200 UTC;;;;;;;;;;;;;;;;;;
2026/04/03;1300 UTC;;;;;;;;;;;;;;;;;;
2026/04/03;1400 UTC;;;;;;;;;;;;;;;;;;
2026/04/03;1500 UTC;;;;;;;;;;;;;;;;;;
2026/04/03;1600 UTC;;;;;;;;;;;;;;;;;;
2026/04/03;1700 UTC;;;;;;;;;;;;;;;;;;
2026/04/03;1800 UTC;;;;;;;;;;;;;;;;;;
2026/04/03;1900 UTC;;;;;;;;;;;;;;;;;;
2026/04/03;2000 UTC;;;;;;;;;;;;;;;;;;
2026/04/03;2100 UTC;;;;;;;;;;;;;;;;;;
2026/04/03;2200 UTC;;;;;;;;;;;;;;;;;;
2026/04/03;2300 UTC;;;;;;;;;;;;;;;;;;
2026/04/04;0000 UTC;;;;;;;;;;;;;;;;;;
2026/04/04;0100 UTC;;;;;;;;;;;;;;;;;;
2026/04/04;0200 UTC;;;;;;;;;;;;;;;;;;
2026/04/04;0300 UTC;;;;;;;;;;;;;;;;;;
2026/04/04;0400 UTC;;;;;;;;;;;;;;;;;;
2026/04/04;0500 UTC;;;;;;;;;;;;;;;;;;
2026/04/04;0600 UTC;;;;;;;;;;;;;;;;;;
2026/04/04;0700 UTC;;;;;;;;;;;;;;;;;;
2026/04/04;0800 UTC;;;;;;;;;;;;;;;;;;
2026/04/04;0900 UTC;;;;;;;;;;;;;;;;;;
2026/04/04;1000 UTC;;;;;;;;;;;;;;;;;;
2026/04/04;1100 UTC;;;;;;;;;;;;;;;;;;
2026/04/04;1200 UTC;;;;;;;;;;;;;;;;;;
2026/04/04;1300 UTC;;;;;;;;;;;;;;;;;;
2026/04/04;1400 UTC;;;;;;;;;;;;;;;;;;
2026/04/04;1500 UTC;;;;;;;;;;;;;;;;;;
2026/04/04;1600 UTC;;;;;;;;;;;;;;;;;;
2026/04/04;1700 UTC;;;;;;;;;;;;;;;;;;
2026/04/04;1800 UTC;;;;;;;;;;;;;;;;;;
2026/04/04;1900 UTC;;;;;;;;;;;;;;;;;;
2026/04/04;2000 UTC;;;;;;;;;;;;;;;;;;
2026/04/04;2100 UTC;;;;;;;;;;;;;;;;;;
2026/04/04;2200 UTC;;;;;;;;;;;;;;;;;;
2026/04/04;2300 UTC;;;;;;;;;;;;;;;;;;
2026/04/05;0000 UTC;;;;;;;;;;;;;;;;;;
2026/04/05;0100 UTC;;;;;;;;;;;;;;;;;;
2026/04/05;0200 UTC;;;;;;;;;;;;;;;;;;
2026/04/05;0300 UTC;;;;;;;;;;;;;;;;;;
2026/04/05;0400 UTC;;;;;;;;;;;;;;;;;;
2026/04/05;0500 UTC;;;;;;;;;;;;;;;;;;
2026/04/05;0600 UTC;;;;;;;;;;;;;;;;;;
2026/04/05;0700 UTC;;;;;;;;;;;;;;;;;;
2026/04/05;0800 UTC;;;;;;;;;;;;;;;;;;
2026/04/05;0900 UTC;;;;;;;;;;;;;;;;;;
2026/04/05;1000 UTC;;;;;;;;;;;;;;;;;;
2026/04/05;1100 UTC;;;;;;;;;;;;;;;;;;
2026/04/05;1200 UTC;;;;;;;;;;;;;;;;;;
2026/04/05;1300 UTC;;;;;;;;;;;;;;;;;;
2026/04/05;1400 UTC;;;;;;;;;;;;;;;;;;
2026/04/05;1500 UTC;;;;;;;;;;;;;;;;;;
2026/04/05;1600 UTC;;;;;;;;;;;;;;;;;;
2026/04/05;1700 UTC;;;;;;;;;;;;;;;;;;
2026/04/05;1800 UTC;;;;;;;;;;;;;;;;;;
2026/04/05;1900 UTC;;;;;;;;;;;;;;;;;;
2026/04/05;2000 UTC;;;;;;;;;;;;;;;;;;
2026/04/05;2100 UTC;;;;;;;;;;;;;;;;;;
2026/04/05;2200 UTC;;;;;;;;;;;;;;;;;;
2026/04/05;2300 UTC;;;;;;;;;;;;;;;;;;
2026/04/06;0000 UTC;;;;;;;;;;;;;;;;;;
2026/04/06;0100 UTC;;;;;;;;;;;;;;;;;;
2026/04/06;0200 UTC;;;;;;;;;;;;;;;;;;
2026/04/06;0300 UTC;;;;;;;;;;;;;;;;;;
2026/04/06;0400 UTC;;;;;;;;;;;;;;;;;;
2026/04/06;0500 UTC;;;;;;;;;;;;;;;;;;
2026/04/06;0600 UTC;;;;;;;;;;;;;;;;;;
2026/04/06;0700 UTC;;;;;;;;;;;;;;;;;;
2026/04/06;0800 UTC;;;;;;;;;;;;;;;;;;
2026/04/06;0900 UTC;;;;;;;;;;;;;;;;;;
2026/04/06;1000 UTC;;;;;;;;;;;;;;;;;;
2026/04/06;1100 UTC;;;;;;;;;;;;;;;;;;
2026/04/06;1200 UTC;;;;;;;;;;;;;;;;;;
2026/04/06;1300 UTC;;;;;;;;;;;;;;;;;;
2026/04/06;1400 UTC;;;;;;;;;;;;;;;;;;
2026/04/06;1500 UTC;;;;;;;;;;;;;;;;;;
2026/04/06;1600 UTC;;;;;;;;;;;;;;;;;;
2026/04/06;1700 UTC;;;;;;;;;;;;;;;;;;
2026/04/06;1800 UTC;;;;;;;;;;;;;;;;;;
2026/04/06;1900 UTC;;;;;;;;;;;;;;;;;;
2026/04/06;2000 UTC;;;;;;;;;;;;;;;;;;
2026/04/06;2100 UTC;;;;;;;;;;;;;;;;;;
2026/04/06;2200 UTC;;;;;;;;;;;;;;;;;;
2026/04/06;2300 UTC;;;;;;;;;;;;;;;;;;
2026/04/07;0000 UTC;;;;;;;;;;;;;;;;;;
2026/04/07;0100 UTC;;;;;;;;;;;;;;;;;;
2026/04/07;0200 UTC;;;;;;;;;;;;;;;;;;
2026/04/07;0300 UTC;;;;;;;;;;;;;;;;;;
2026/04/07;0400 UTC;;;;;;;;;;;;;;;;;;
2026/04/07;0500 UTC;;;;;;;;;;;;;;;;;;
2026/04/07;0600 UTC;;;;;;;;;;;;;;;;;;
2026/04/07;0700 UTC;;;;;;;;;;;;;;;;;;
2026/04/07;0800 UTC;;;;;;;;;;;;;;;;;;
2026/04/07;0900 UTC;;;;;;;;;;;;;;;;;;
2026/04/07;1000 UTC;;;;;;;;;;;;;;;;;;
2026/04/07;1100 UTC;;;;;;;;;;;;;;;;;;
2026/04/07;1200 UTC;;;;;;;;;;;;;;;;;;
2026/04/07;1300 UTC;;;;;;;;;;;;;;;;;;
2026/04/07;1400 UTC;;;;;;;;;;;;;;;;;;
2026/04/07;1500 UTC;;;;;;;;;;;;;;;;;;
2026/04/07;1600 UTC;;;;;;;;;;;;;;;;;;
2026/04/07;1700 UTC;;;;;;;;;;;;;;;;;;
2026/04/07;1800 UTC;;;;;;;;;;;;;;;;;;
2026/04/07;1900 UTC;;;;;;;;;;;;;;;;;;
2026/04/07;2000 UTC;;;;;;;;;;;;;;;;;;
2026/04/07;2100 UTC;;;;;;;;;;;;;;;;;;
2026/04/07;2200 UTC;;;;;;;;;;;;;;;;;;
2026/04/07;2300 UTC;;;;;;;;;;;;;;;;;;
2026/04/08;0000 UTC;;;;;;;;;;;;;;;;;;
2026/04/08;0100 UTC;;;;;;;;;;;;;;;;;;
2026/04/08;0200 UTC;;;;;;;;;;;;;;;;;;
2026/04/08;0300 UTC;;;;;;;;;;;;;;;;;;
2026/04/08;0400 UTC;;;;;;;;;;;;;;;;;;
2026/04/08;0500 UTC;;;;;;;;;;;;;;;;;;
2026/04/08;0600 UTC;;;;;;;;;;;;;;;;;;
2026/04/08;0700 UTC;;;;;;;;;;;;;;;;;;
2026/04/08;0800 UTC;;;;;;;;;;;;;;;;;;
2026/04/08;0900 UTC;;;;;;;;;;;;;;;;;;
2026/04/08;1000 UTC;;;;;;;;;;;;;;;;;;
2026/04/08;1100 UTC;;;;;;;;;;;;;;;;;;
2026/04/08;1200 UTC;;;;;;;;;;;;;;;;;;
2026/04/08;1300 UTC;;;;;;;;;;;;;;;;;;
2026/04/08;1400 UTC;;;;;;;;;;;;;;;;;;
2026/04/08;1500 UTC;;;;;;;;;;;;;;;;;;
2026/04/08;1600 UTC;;;;;;;;;;;;;;;;;;
2026/04/08;1700 UTC;;;;;;;;;;;;;;;;;;
2026/04/08;1800 UTC;;;;;;;;;;;;;;;;;;
2026/04/08;1900 UTC;;;;;;;;;;;;;;;;;;
2026/04/08;2000 UTC;;;;;;;;;;;;;;;;;;
2026/04/08;2100 UTC;;;;;;;;;;;;;;;;;;
2026/04/08;2200 UTC;;;;;;;;;;;;;;;;;;
2026/04/08;2300 UTC;;;;;;;;;;;;;;;;;;
2026/04/09;0000 UTC;;;;;;;;;;;;;;;;;;
2026/04/09;0100 UTC;;;;;;;;;;;;;;;;;;
2026/04/09;0200 UTC;;;;;;;;;;;;;;;;;;
2026/04/09;0300 UTC;;;;;;;;;;;;;;;;;;
2026/04/09;0400 UTC;;;;;;;;;;;;;;;;;;
2026/04/09;0500 UTC;;;;;;;;;;;;;;;;;;
2026/04/09;0600 UTC;;;;;;;;;;;;;;;;;;
2026/04/09;0700 UTC;;;;;;;;;;;;;;;;;;
2026/04/09;0800 UTC;;;;;;;;;;;;;;;;;;
2026/04/09;0900 UTC;;;;;;;;;;;;;;;;;;
2026/04/09;1000 UTC;;;;;;;;;;;;;;;;;;
2026/04/09;1100 UTC;;;;;;;;;;;;;;;;;;
2026/04/09;1200 UTC;;;;;;;;;;;;;;;;;;
2026/04/09;1300 UTC;;;;;;;;;;;;;;;;;;
2026/04/09;1400 UTC;;;;;;;;;;;;;;;;;;
2026/04/09;1500 UTC;;;;;;;;;;;;;;;;;;
2026/04/09;1600 UTC;;;;;;;;;;;;;;;;;;
2026/04/09;1700 UTC;;;;;;;;;;;;;;;;;;
2026/04/09;1800 UTC;;;;;;;;;;;;;;;;;;
2026/04/09;1900 UTC;;;;;;;;;;;;;;;;;;
2026/04/09;2000 UTC;;;;;;;;;;;;;;;;;;
2026/04/09;2100 UTC;;;;;;;;;;;;;;;;;;
2026/04/09;2200 UTC;;;;;;;;;;;;;;;;;;
2026/04/09;2300 UTC;;;;;;;;;;;;;;;;;;
2026/04/10;0000 UTC;;;;;;;;;;;;;;;;;;
2026/04/10;0100 UTC;;;;;;;;;;;;;;;;;;
2026/04/10;0200 UTC;;;;;;;;;;;;;;;;;;
2026/04/10;0300 UTC;;;;;;;;;;;;;;;;;;
2026/04/10;0400 UTC;;;;;;;;;;;;;;;;;;
2026/04/10;0500 UTC;;;;;;;;;;;;;;;;;;
2026/04/10;0600 UTC;;;;;;;;;;;;;;;;;;
2026/04/10;0700 UTC;;;;;;;;;;;;;;;;;;
2026/04/10;0800 UTC;;;;;;;;;;;;;;;;;;
2026/04/10;0900 UTC;;;;;;;;;;;;;;;;;;
2026/04/10;1000 UTC;;;;;;;;;;;;;;;;;;
2026/04/10;1100 UTC;;;;;;;;;;;;;;;;;;
2026/04/10;1200 UTC;;;;;;;;;;;;;;;;;;
2026/04/10;1300 UTC;;;;;;;;;;;;;;;;;;
2026/04/10;1400 UTC;;;;;;;;;;;;;;;;;;
2026/04/10;1500 UTC;;;;;;;;;;;;;;;;;;
2026/04/10;1600 UTC;;;;;;;;;;;;;;;;;;
2026/04/10;1700 UTC;;;;;;;;;;;;;;;;;;
2026/04/10;1800 UTC;;;;;;;;;;;;;;;;;;
2026/04/10;1900 UTC;;;;;;;;;;;;;;;;;;
2026/04/10;2000 UTC;;;;;;;;;;;;;;;;;;
2026/04/10;2100 UTC;;;;;;;;;;;;;;;;;;
2026/04/10;2200 UTC;;;;;;;;;;;;;;;;;;
2026/04/10;2300 UTC;;;;;;;;;;;;;;;;;;
2026/04/11;0000 UTC;;;;;;;;;;;;;;;;;;
2026/04/11;0100 UTC;;;;;;;;;;;;;;;;;;
2026/04/11;0200 UTC;;;;;;;;;;;;;;;;;;
2026/04/11;0300 UTC;;;;;;;;;;;;;;;;;;
2026/04/11;0400 UTC;;;;;;;;;;;;;;;;;;
2026/04/11;0500 UTC;;;;;;;;;;;;;;;;;;
2026/04/11;0600 UTC;;;;;;;;;;;;;;;;;;
2026/04/11;0700 UTC;;;;;;;;;;;;;;;;;;
2026/04/11;0800 UTC;;;;;;;;;;;;;;;;;;
2026/04/11;0900 UTC;;;;;;;;;;;;;;;;;;
2026/04/11;1000 UTC;;;;;;;;;;;;;;;;;;
2026/04/11;1100 UTC;;;;;;;;;;;;;;;;;;
2026/04/11;1200 UTC;;;;;;;;;;;;;;;;;;
2026/04/11;1300 UTC;;;;;;;;;;;;;;;;;;
2026/04/11;1400 UTC;;;;;;;;;;;;;;;;;;
2026/04/11;1500 UTC;;;;;;;;;;;;;;;;;;
2026/04/11;1600 UTC;;;;;;;;;;;;;;;;;;
2026/04/11;1700 UTC;;;;;;;;;;;;;;;;;;
2026/04/11;1800 UTC;;;;;;;;;;;;;;;;;;
2026/04/11;1900 UTC;;;;;;;;;;;;;;;;;;
2026/04/11;2000 UTC;;;;;;;;;;;;;;;;;;
2026/04/11;2100 UTC;;;;;;;;;;;;;;;;;;
2026/04/11;2200 UTC;;;;;;;;;;;;;;;;;;
2026/04/11;2300 UTC;;;;;;;;;;;;;;;;;;
2026/04/12;0000 UTC;;;;;;;;;;;;;;;;;;
2026/04/12;0100 UTC;;;;;;;;;;;;;;;;;;
2026/04/12;0200 UTC;;;;;;;;;;;;;;;;;;
2026/04/12;0300 UTC;;;;;;;;;;;;;;;;;;
2026/04/12;0400 UTC;;;;;;;;;;;;;;;;;;
2026/04/12;0500 UTC;;;;;;;;;;;;;;;;;;
2026/04/12;0600 UTC;;;;;;;;;;;;;;;;;;
2026/04/12;0700 UTC;;;;;;;;;;;;;;;;;;
2026/04/12;0800 UTC;;;;;;;;;;;;;;;;;;
2026/04/12;0900 UTC;;;;;;;;;;;;;;;;;;
2026/04/12;1000 UTC;;;;;;;;;;;;;;;;;;
2026/04/12;1100 UTC;;;;;;;;;;;;;;;;;;
2026/04/12;1200 UTC;;;;;;;;;;;;;;;;;;
2026/04/12;1300 UTC;;;;;;;;;;;;;;;;;;
2026/04/12;1400 UTC;;;;;;;;;;;;;;;;;;
2026/04/12;1500 UTC;;;;;;;;;;;;;;;;;;
2026/04/12;1600 UTC;;;;;;;;;;;;;;;;;;
2026/04/12;1700 UTC;;;;;;;;;;;;;;;;;;
2026/04/12;1800 UTC;;;;;;;;;;;;;;;;;;
2026/04/12;1900 UTC;;;;;;;;;;;;;;;;;;
2026/04/12;2000 UTC;;;;;;;;;;;;;;;;;;
2026/04/12;2100 UTC;;;;;;;;;;;;;;;;;;
2026/04/12;2200 UTC;;;;;;;;;;;;;;;;;;
2026/04/12;2300 UTC;;;;;;;;;;;;;;;;;;
2026/04/13;0000 UTC;;;;;;;;;;;;;;;;;;
2026/04/13;0100 UTC;;;;;;;;;;;;;;;;;;
2026/04/13;0200 UTC;;;;;;;;;;;;;;;;;;
2026/04/13;0300 UTC;;;;;;;;;;;;;;;;;;
2026/04/13;0400 UTC;;;;;;;;;;;;;;;;;;
2026/04/13;0500 UTC;;;;;;;;;;;;;;;;;;
2026/04/13;0600 UTC;;;;;;;;;;;;;;;;;;
2026/04/13;0700 UTC;;;;;;;;;;;;;;;;;;
2026/04/13;0800 UTC;;;;;;;;;;;;;;;;;;
2026/04/13;0900 UTC;;;;;;;;;;;;;;;;;;
2026/04/13;1000 UTC;;;;;;;;;;;;;;;;;;
2026/04/13;1100 UTC;;;;;;;;;;;;;;;;;;
2026/04/13;1200 UTC;;;;;;;;;;;;;;;;;;
2026/04/13;1300 UTC;;;;;;;;;;;;;;;;;;
2026/04/13;1400 UTC;;;;;;;;;;;;;;;;;;
2026/04/13;1500 UTC;;;;;;;;;;;;;;;;;;
2026/04/13;1600 UTC;;;;;;;;;;;;;;;;;;
2026/04/13;1700 UTC;;;;;;;;;;;;;;;;;;
2026/04/13;1800 UTC;;;;;;;;;;;;;;;;;;
2026/04/13;1900 UTC;;;;;;;;;;;;;;;;;;
2026/04/13;2000 UTC;;;;;;;;;;;;;;;;;;
2026/04/13;2100 UTC;;;;;;;;;;;;;;;;;;
2026/04/13;2200 UTC;;;;;;;;;;;;;;;;;;
2026/04/13;2300 UTC;;;;;;;;;;;;;;;;;;
2026/04/14;0000 UTC;;;;;;;;;;;;;;;;;;
2026/04/14;0100 UTC;;;;;;;;;;;;;;;;;;
2026/04/14;0200 UTC;;;;;;;;;;;;;;;;;;
2026/04/14;0300 UTC;;;;;;;;;;;;;;;;;;
2026/04/14;0400 UTC;;;;;;;;;;;;;;;;;;
2026/04/14;0500 UTC;;;;;;;;;;;;;;;;;;
2026/04/14;0600 UTC;;;;;;;;;;;;;;;;;;
2026/04/14;0700 UTC;;;;;;;;;;;;;;;;;;
2026/04/14;0800 UTC;;;;;;;;;;;;;;;;;;
2026/04/14;0900 UTC;;;;;;;;;;;;;;;;;;
2026/04/14;1000 UTC;;;;;;;;;;;;;;;;;;
2026/04/14;1100 UTC;;;;;;;;;;;;;;;;;;
2026/04/14;1200 UTC;;;;;;;;;;;;;;;;;;
2026/04/14;1300 UTC;;;;;;;;;;;;;;;;;;
2026/04/14;1400 UTC;;;;;;;;;;;;;;;;;;
2026/04/14;1500 UTC;;;;;;;;;;;;;;;;;;
2026/04/14;1600 UTC;;;;;;;;;;;;;;;;;;
2026/04/14;1700 UTC;;;;;;;;;;;;;;;;;;
2026/04/14;1800 UTC;;;;;;;;;;;;;;;;;;
2026/04/14;1900 UTC;;;;;;;;;;;;;;;;;;
2026/04/14;2000 UTC;;;;;;;;;;;;;;;;;;
2026/04/14;2100 UTC;;;;;;;;;;;;;;;;;;
2026/04/14;2200 UTC;;;;;;;;;;;;;;;;;;
2026/04/14;2300 UTC;;;;;;;;;;;;;;;;;;
2026/04/15;0000 UTC;;;;;;;;;;;;;;;;;;
2026/04/15;0100 UTC;;;;;;;;;;;;;;;;;;
2026/04/15;0200 UTC;;;;;;;;;;;;;;;;;;
2026/04/15;0300 UTC;;;;;;;;;;;;;;;;;;
2026/04/15;0400 UTC;;;;;;;;;;;;;;;;;;
2026/04/15;0500 UTC;;;;;;;;;;;;;;;;;;
2026/04/15;0600 UTC;;;;;;;;;;;;;;;;;;
2026/04/15;0700 UTC;;;;;;;;;;;;;;;;;;
2026/04/15;0800 UTC;;;;;;;;;;;;;;;;;;
2026/04/15;0900 UTC;;;;;;;;;;;;;;;;;;
2026/04/15;1000 UTC;;;;;;;;;;;;;;;;;;
2026/04/15;1100 UTC;;;;;;;;;;;;;;;;;;
2026/04/15;1200 UTC;;;;;;;;;;;;;;;;;;
2026/04/15;1300 UTC;;;;;;;;;;;;;;;;;;
2026/04/15;1400 UTC;;;;;;;;;;;;;;;;;;
2026/04/15;1500 UTC;;;;;;;;;;;;;;;;;;
2026/04/15;1600 UTC;;;;;;;;;;;;;;;;;;
2026/04/15;1700 UTC;;;;;;;;;;;;;;;;;;
2026/04/15;1800 UTC;;;;;;;;;;;;;;;;;;
2026/04/15;1900 UTC;;;;;;;;;;;;;;;;;;
2026/04/15;2000 UTC;;;;;;;;;;;;;;;;;;
2026/04/15;2100 UTC;;;;;;;;;;;;;;;;;;
2026/04/15;2200 UTC;;;;;;;;;;;;;;;;;;
2026/04/15;2300 UTC;;;;;;;;;;;;;;;;;;
2026/04/16;0000 UTC;;;;;;;;;;;;;;;;;;
2026/04/16;0100 UTC;;;;;;;;;;;;;;;;;;
2026/04/16;0200 UTC;;;;;;;;;;;;;;;;;;
2026/04/16;0300 UTC;;;;;;;;;;;;;;;;;;
2026/04/16;0400 UTC;;;;;;;;;;;;;;;;;;
2026/04/16;0500 UTC;;;;;;;;;;;;;;;;;;
2026/04/16;0600 UTC;;;;;;;;;;;;;;;;;;
2026/04/16;0700 UTC;;;;;;;;;;;;;;;;;;
2026/04/16;0800 UTC;;;;;;;;;;;;;;;;;;
2026/04/16;0900 UTC;;;;;;;;;;;;;;;;;;
2026/04/16;1000 UTC;;;;;;;;;;;;;;;;;;
2026/04/16;1100 UTC;;;;;;;;;;;;;;;;;;
2026/04/16;1200 UTC;;;;;;;;;;;;;;;;;;
2026/04/16;1300 UTC;;;;;;;;;;;;;;;;;;
2026/04/16;1400 UTC;;;;;;;;;;;;;;;;;;
2026/04/16;1500 UTC;;;;;;;;;;;;;;;;;;
2026/04/16;1600 UTC;;;;;;;;;;;;;;;;;;
2026/04/16;1700 UTC;;;;;;;;;;;;;;;;;;
2026/04/16;1800 UTC;;;;;;;;;;;;;;;;;;
2026/04/16;1900 UTC;;;;;;;;;;;;;;;;;;
2026/04/16;2000 UTC;;;;;;;;;;;;;;;;;;
2026/04/16;2100 UTC;;;;;;;;;;;;;;;;;;
2026/04/16;2200 UTC;;;;;;;;;;;;;;;;;;
2026/04/16;2300 UTC;;;;;;;;;;;;;;;;;;
2026/04/17;0000 UTC;;;;;;;;;;;;;;;;;;
2026/04/17;0100 UTC;;;;;;;;;;;;;;;;;;
2026/04/17;0200 UTC;;;;;;;;;;;;;;;;;;
2026/04/17;0300 UTC;;;;;;;;;;;;;;;;;;
2026/04/17;0400 UTC;;;;;;;;;;;;;;;;;;
2026/04/17;0500 UTC;;;;;;;;;;;;;;;;;;
2026/04/17;0600 UTC;;;;;;;;;;;;;;;;;;
2026/04/17;0700 UTC;;;;;;;;;;;;;;;;;;
2026/04/17;0800 UTC;;;;;;;;;;;;;;;;;;
2026/04/17;0900 UTC;;;;;;;;;;;;;;;;;;
2026/04/17;1000 UTC;;;;;;;;;;;;;;;;;;
2026/04/17;1100 UTC;;;;;;;;;;;;;;;;;;
2026/04/17;1200 UTC;;;;;;;;;;;;;;;;;;
2026/04/17;1300 UTC;;;;;;;;;;;;;;;;;;
2026/04/17;1400 UTC;;;;;;;;;;;;;;;;;;
2026/04/17;1500 UTC;;;;;;;;;;;;;;;;;;
2026/04/17;1600 UTC;;;;;;;;;;;;;;;;;;
2026/04/17;1700 UTC;;;;;;;;;;;;;;;;;;
2026/04/17;1800 UTC;;;;;;;;;;;;;;;;;;
2026/04/17;1900 UTC;;;;;;;;;;;;;;;;;;
2026/04/17;2000 UTC;;;;;;;;;;;;;;;;;;
2026/04/17;2100 UTC;;;;;;;;;;;;;;;;;;
2026/04/17;2200 UTC;;;;;;;;;;;;;;;;;;
2026/04/17;2300 UTC;;;;;;;;;;;;;;;;;;
2026/04/18;0000 UTC;;;;;;;;;;;;;;;;;;
2026/04/18;0100 UTC;;;;;;;;;;;;;;;;;;
2026/04/18;0200 UTC;;;;;;;;;;;;;;;;;;
2026/04/18;0300 UTC;;;;;;;;;;;;;;;;;;
2026/04/18;0400 UTC;;;;;;;;;;;;;;;;;;
2026/04/18;0500 UTC;;;;;;;;;;;;;;;;;;
2026/04/18;0600 UTC;;;;;;;;;;;;;;;;;;
2026/04/18;0700 UTC;;;;;;;;;;;;;;;;;;
2026/04/18;0800 UTC;;;;;;;;;;;;;;;;;;
2026/04/18;0900 UTC;;;;;;;;;;;;;;;;;;
2026/04/18;1000 UTC;;;;;;;;;;;;;;;;;;
2026/04/18;1100 UTC;;;;;;;;;;;;;;;;;;
2026/04/18;1200 UTC;;;;;;;;;;;;;;;;;;
2026/04/18;1300 UTC;;;;;;;;;;;;;;;;;;
2026/04/18;1400 UTC;;;;;;;;;;;;;;;;;;
2026/04/18;1500 UTC;;;;;;;;;;;;;;;;;;
2026/04/18;1600 UTC;;;;;;;;;;;;;;;;;;
2026/04/18;1700 UTC;;;;;;;;;;;;;;;;;;
2026/04/18;1800 UTC;;;;;;;;;;;;;;;;;;
2026/04/18;1900 UTC;;;;;;;;;;;;;;;;;;
2026/04/18;2000 UTC;;;;;;;;;;;;;;;;;;
2026/04/18;2100 UTC;;;;;;;;;;;;;;;;;;
2026/04/18;2200 UTC;;;;;;;;;;;;;;;;;;
2026/04/18;2300 UTC;;;;;;;;;;;;;;;;;;
2026/04/19;0000 UTC;;;;;;;;;;;;;;;;;;
2026/04/19;0100 UTC;;;;;;;;;;;;;;;;;;
2026/04/19;0200 UTC;;;;;;;;;;;;;;;;;;
2026/04/19;0300 UTC;;;;;;;;;;;;;;;;;;
2026/04/19;0400 UTC;;;;;;;;;;;;;;;;;;
2026/04/19;0500 UTC;;;;;;;;;;;;;;;;;;
2026/04/19;0600 UTC;;;;;;;;;;;;;;;;;;
2026/04/19;0700 UTC;;;;;;;;;;;;;;;;;;
2026/04/19;0800 UTC;;;;;;;;;;;;;;;;;;
2026/04/19;0900 UTC;;;;;;;;;;;;;;;;;;
2026/04/19;1000 UTC;;;;;;;;;;;;;;;;;;
2026/04/19;1100 UTC;;;;;;;;;;;;;;;;;;
2026/04/19;1200 UTC;;;;;;;;;;;;;;;;;;
2026/04/19;1300 UTC;;;;;;;;;;;;;;;;;;
2026/04/19;1400 UTC;;;;;;;;;;;;;;;;;;
2026/04/19;1500 UTC;;;;;;;;;;;;;;;;;;
2026/04/19;1600 UTC;;;;;;;;;;;;;;;;;;
2026/04/19;1700 UTC;;;;;;;;;;;;;;;;;;
2026/04/19;1800 UTC;;;;;;;;;;;;;;;;;;
2026/04/19;1900 UTC;;;;;;;;;;;;;;;;;;
2026/04/19;2000 UTC;;;;;;;;;;;;;;;;;;
2026/04/19;2100 UTC;;;;;;;;;;;;;;;;;;
2026/04/19;2200 UTC;;;;;;;;;;;;;;;;;;
2026/04/19;2300 UTC;;;;;;;;;;;;;;;;;;
2026/04/20;0000 UTC;;;;;;;;;;;;;;;;;;
2026/04/20;0100 UTC;;;;;;;;;;;;;;;;;;
2026/04/20;0200 UTC;;;;;;;;;;;;;;;;;;
2026/04/20;0300 UTC;;;;;;;;;;;;;;;;;;
2026/04/20;0400 UTC;;;;;;;;;;;;;;;;;;
2026/04/20;0500 UTC;;;;;;;;;;;;;;;;;;
2026/04/20;0600 UTC;;;;;;;;;;;;;;;;;;
2026/04/20;0700 UTC;;;;;;;;;;;;;;;;;;
2026/04/20;0800 UTC;;;;;;;;;;;;;;;;;;
2026/04/20;0900 UTC;;;;;;;;;;;;;;;;;;
2026/04/20;1000 UTC;;;;;;;;;;;;;;;;;;
2026/04/20;1100 UTC;;;;;;;;;;;;;;;;;;
2026/04/20;1200 UTC;;;;;;;;;;;;;;;;;;
2026/04/20;1300 UTC;;;;;;;;;;;;;;;;;;
2026/04/20;1400 UTC;;;;;;;;;;;;;;;;;;
2026/04/20;1500 UTC;;;;;;;;;;;;;;;;;;
2026/04/20;1600 UTC;;;;;;;;;;;;;;;;;;
2026/04/20;1700 UTC;;;;;;;;;;;;;;;;;;
2026/04/20;1800 UTC;;;;;;;;;;;;;;;;;;
2026/04/20;1900 UTC;;;;;;;;;;;;;;;;;;
2026/04/20;2000 UTC;;;;;;;;;;;;;;;;;;
2026/04/20;2100 UTC;;;;;;;;;;;;;;;;;;
2026/04/20;2200 UTC;;;;;;;;;;;;;;;;;;
2026/04/20;2300 UTC;;;;;;;;;;;;;;;;;;
2026/04/21;0000 UTC;;;;;;;;;;;;;;;;;;
2026/04/21;0100 UTC;0;901;901,2;900,7;0;16,9;8,7;17,8;16;9,2;8,2;65;55;59;106;2,1;1,3;
2026/04/21;0200 UTC;;;;;;;;;;;;;;;;;;
2026/04/21;0300 UTC;0;901,2;901,5;901;0;15,2;10,5;15,3;15;10,9;10,1;79;75;76;64;3,9;2,4;
2026/04/21;0400 UTC;;;;;;;;;;;;;;;;;;
2026/04/21;0500 UTC;;;;;;;;;;;;;;;;;;
2026/04/21;0600 UTC;0;901,1;901,2;900,9;0;14,5;10;14,6;14,4;10,1;9,7;78;77;77;79;2,8;1,5;
2026/04/21;0700 UTC;0;900,9;901;900,7;0;14,2;9,7;14,4;13,9;9,9;9,6;80;76;77;67;4,8;3,1;
2026/04/21;0800 UTC;0;900,9;901,1;900,6;0;13,8;9,7;13,9;13,7;9,9;8,8;81;75;79;85;2,5;1,8;
2026/04/21;0900 UTC;0;901,2;901,3;901,1;0;14;8,4;14,2;13,8;8,8;8,2;75;71;72;76;3,9;2,6;
2026/04/21;1000 UTC;0;901,5;901,8;901,3;2,4;13,7;8,4;13,8;13,6;8,7;7,9;75;71;73;96;3;2,1;
2026/04/21;1100 UTC;0;902,1;902,2;901,7;154,2;14,5;7,5;14,9;13,8;8,1;6,8;72;60;65;61;5,4;2,4;
2026/04/21;1200 UTC;0;902,2;902,3;902;605;15,7;7,6;16,6;14,6;8,6;7,1;65;53;60;54;5,4;3,1;
2026/04/21;1300 UTC;0;902;902,2;902;793,2;16,6;7,9;17,8;15,8;8,7;7,3;64;48;57;53;6;2,6;
2026/04/21;1400 UTC;0;902;902,1;901,7;1311,8;18,6;8,2;19,5;17,9;9,3;7,4;52;42;48;175;5,4;1,7;
2026/04/21;1500 UTC;0;901,6;901,8;901,2;1217,1;19,7;8,7;20,2;19,3;10;8;50;41;45;175;4,2;1,7;
2026/04/21;1600 UTC;0;900,9;901,2;900,6;1212,8;20,6;10,3;21;20;10,8;9,7;52;47;49;231;6,4;2,1;
2026/04/21;1700 UTC;0;900,5;900,7;900,3;629,2;20,2;10,9;20,7;19,9;11,4;10,3;57;48;54;164;3,1;1,2;
2026/04/21;1800 UTC;0;900,2;900,4;900;776,6;20,5;11,1;21;20;11,8;10,5;58;48;53;175;2,7;,9;
2026/04/21;1900 UTC;;;;;;;;;;;;;;;;;;
2026/04/21;2000 UTC;0;900;900,1;899,9;440,9;20,6;10,9;20,8;20,5;11,2;10,5;53;49;51;112;2,3;,9;
2026/04/21;2100 UTC;0;900,1;900,1;900;84,7;20,1;11,1;20,5;19,6;11,5;10,7;60;51;55;37;1,7;1;
2026/04/21;2200 UTC;0;900,3;900,4;900,1;0;18,9;11,7;19,6;18,7;12;11,5;65;60;64;71;1,9;1,2;
2026/04/21;2300 UTC;;;;;;;;;;;;;;;;;;
2026/04/22;0000 UTC;;;;;;;;;;;;;;;;;;
2026/04/22;0100 UTC;0;901,3;901,4;901,2;0;18,2;11,4;18,5;18;11,6;10,9;68;62;66;53;4,8;2,2;
2026/04/22;0200 UTC;0;901,2;901,3;901,1;0;18;10,6;18,4;17,2;11,5;9,8;66;58;63;97;1,8;,9;
2026/04/22;0300 UTC;0;901,2;901,3;901,1;0;17,4;9,4;17,7;17,2;10,1;8,4;64;55;60;170;3,1;1,2;
2026/04/22;0400 UTC;0;901,2;901,3;901,1;0;17,7;8,3;18;17,4;8,7;8;56;51;53;147;3,2;1,2;
2026/04/22;0500 UTC;0;901,1;901,2;900,9;0;17,3;8,7;17,6;17,1;8,9;8,4;59;55;57;107;2,8;1,3;
2026/04/22;0600 UTC;;;;;;;;;;;;;;;;;;
2026/04/22;0700 UTC;0;900,7;900,7;900,6;0;15,6;8,9;16,1;15,2;9,3;8,7;71;64;67;59;2,6;1;
2026/04/22;0800 UTC;0;900,9;901,1;900,7;0;14,7;9,6;15,1;14,4;10;9,3;78;71;74;165;1,6;,6;
2026/04/22;0900 UTC;0;901,2;901,4;901,1;0;14,4;10,6;14,6;14,2;10,9;10;82;78;81;42;2,7;1,5;
2026/04/22;1000 UTC;0;901,6;901,9;901,4;12,6;14,5;10,4;14,5;14,4;10,7;10,2;81;78;80;40;4,2;2,2;
2026/04/22;1100 UTC;0;901,9;901,9;901,8;387;15,3;10,7;16,2;14,5;11,4;10,1;79;74;77;77;2,9;1,5;
2026/04/22;1200 UTC;0;902;902,1;901,9;1047,1;16,8;11,7;18,2;15,3;12,5;11,1;79;70;75;257;3,4;1,6;
2026/04/22;1300 UTC;0;902;902,1;901,8;1866;19,1;13,5;20,5;17,8;15,2;12,3;74;70;72;305;4;2,5;
2026/04/22;1400 UTC;0;901,6;901,8;901,3;2428,4;21,8;15,9;23,1;20,4;16,7;14,8;74;67;71;;;;
2026/04/22;1500 UTC;;;;;;;;;;;;;;;;;;
2026/04/22;1600 UTC;0;900,3;900,5;900,1;2265,1;23,6;16,5;24,3;22,9;17,2;15,9;69;62;65;;;;
2026/04/22;1700 UTC;0;899,9;900,1;899,6;2136,2;23,8;16,9;24,8;22,8;17,3;16;70;60;65;;;;
2026/04/22;1800 UTC;;;;;;;;;;;;;;;;;;
2026/04/22;1900 UTC;;;;;;;;;;;;;;;;;;
2026/04/22;2000 UTC;0;899,5;899,8;899,3;870,4;24,1;16,5;24,4;23,6;17;15,9;66;58;62;;;;
2026/04/22;2100 UTC;0;900,1;900,6;899,7;176,8;22,6;16,5;23,5;21,1;17;16;77;66;69;200;2,8;1;
2026/04/22;2200 UTC;0;901,1;901,6;900,6;0;20,2;16,1;21;19,7;16,4;15,8;81;77;79;154;2,1;,9;
2026/04/22;2300 UTC;;;;;;;;;;;;;;;;;;
2026/04/23;0000 UTC;;;;;;;;;;;;;;;;;;
2026/04/23;0100 UTC;0;902,8;902,9;902,7;0;19,2;16,2;19,6;18,7;16,3;16;87;83;85;87;3,2;2;
2026/04/23;0200 UTC;;;;;;;;;;;;;;;;;;
2026/04/23;0300 UTC;;;;;;;;;;;;;;;;;;
2026/04/23;0400 UTC;;;;;;;;;;;;;;;;;;
2026/04/23;0500 UTC;0;902,4;902,5;902,3;0;16,7;14,2;16,9;16,6;14,3;14;88;86;87;97;2,5;1,3;
2026/04/23;0600 UTC;0;902,4;902,5;902,3;0;15,8;14;16,6;15,2;14,1;13,8;94;87;91;102;1,8;1,2;
2026/04/23;0700 UTC;0;902,2;902,4;902;0;15,7;13,9;15,9;15,4;13,9;13,8;93;90;91;81;2,6;1,8;
2026/04/23;0800 UTC;0;902;902,1;901,9;0;15,9;13,9;16,1;15,7;14;13,8;90;89;90;93;2;1,4;
2026/04/23;0900 UTC;0;902,2;902,4;902;0;16,1;13,9;16,2;15,8;14;13,8;90;88;89;95;2,4;2;
2026/04/23;1000 UTC;0;902,9;903,4;902,4;5,1;15,8;13,8;15,9;15,5;13,9;13,7;91;90;90;179;2,1;,5;
2026/04/23;1100 UTC;0;903,6;903,8;903,4;274,7;16,5;13,9;17,7;15,9;14,2;13,8;90;82;87;82;2,8;1,8;
2026/04/23;1200 UTC;0;903,5;903,6;903,4;1073,1;18,9;14,7;19,8;17,7;15,4;13,9;82;76;79;76;3,7;2,6;
2026/04/23;1300 UTC;0;903,5;903,6;903,3;1337,2;20,2;15,6;20,8;19,5;16;15,1;80;74;77;66;4,1;2,7;
2026/04/23;1400 UTC;0;903,5;903,7;903,4;676,2;20,5;15,9;20,7;20,3;16,4;15,4;80;74;77;148;3,7;1,7;
2026/04/23;1500 UTC;;;;;;;;;;;;;;;;;;
2026/04/23;1600 UTC;0;901,9;902,5;901,5;2200,2;23,1;16,8;24;22,7;17,7;16;73;63;69;103;4,8;2,3;
2026/04/23;1700 UTC;;;;;;;;;;;;;;;;;;
2026/04/23;1800 UTC;0;900,7;901;900,4;800,3;22,4;17,2;23,1;21,9;17,6;16,8;77;70;74;;;;
2026/04/23;1900 UTC;0;901;901,4;900,9;454,5;21,3;17,1;21,9;20,7;17,5;16,7;81;77;79;113;5,4;2,9;
2026/04/23;2000 UTC;0;901,3;901,5;901;331,4;19,8;16,5;20,6;18,9;16,8;16,3;87;80;84;96;6,2;3,8;
2026/04/23;2100 UTC;0;901,7;902,1;901,4;70,5;18,6;16,4;18,9;18,3;16,5;16,3;91;87;89;118;4,9;2,7;
2026/04/23;2200 UTC;,2;902,3;902,5;902;0;18,1;16,4;18,3;17,6;16,8;16,2;96;90;92;89;6,4;4,3;
2026/04/23;2300 UTC;;;;;;;;;;;;;;;;;;
2026/04/24;0000 UTC;0;903,2;903,4;903,1;0;17,4;16,3;17,4;17,4;16,4;16,3;95;94;95;86;4,7;2,9;
2026/04/24;0100 UTC;0;903,3;903,5;903;0;17,3;16,3;17,5;17,3;16,4;16,3;95;94;95;96;3,9;2,7;
2026/04/24;0200 UTC;;;;;;;;;;;;;;;;;;
2026/04/24;0300 UTC;0;903;903,2;902,7;0;17,3;16,3;17,4;17,1;16,4;16,1;96;94;95;89;4,6;2,8;
2026/04/24;0400 UTC;0;902,4;902,8;901,8;0;17;16;17,1;16,9;16,2;15,9;96;95;95;91;4,3;3;
2026/04/24;0500 UTC;0;901,7;901,8;901,6;0;16,9;15,8;16,9;16,7;15,9;15,7;95;94;95;99;3,4;2,3;
2026/04/24;0600 UTC;;;;;;;;;;;;;;;;;;
2026/04/24;0700 UTC;0;901,5;901,6;901,3;0;16,1;15,4;16,3;15,8;15,6;15,2;97;96;97;81;2,8;2;
2026/04/24;0800 UTC;0;901,4;901,5;901,2;0;15,6;15,2;15,8;15,5;15,5;15,1;99;97;98;44;2,5;1,3;
2026/04/24;0900 UTC;0;901,6;901,7;901,5;0;15,9;15,5;16,1;15,7;15,7;15,1;99;96;98;41;3,8;1,9;
2026/04/24;1000 UTC;0;901,9;902;901,8;4,3;15,8;14,9;15,9;15,7;15,1;14,7;97;94;96;39;3,8;1,9;
2026/04/24;1100 UTC;0;902,3;902,7;901,8;205,3;15,8;14,2;16,1;15,7;14,7;13,8;94;89;92;184;4,3;1,7;
2026/04/24;1200 UTC;0;902,6;902,7;902,4;754,5;16,5;13,9;17,3;16,1;14,2;13,6;89;83;87;156;5;1,9;
2026/04/24;1300 UTC;0;902,2;902,5;901,8;1066,3;17,1;13,5;17,3;16,8;13,9;13,2;84;80;82;107;6,4;2,9;
2026/04/24;1400 UTC;0;901,5;901,8;901,2;896,5;17,6;13,7;17,9;17,3;14;13,5;82;79;80;104;6,3;3,2;
2026/04/24;1500 UTC;;;;;;;;;;;;;;;;;;
2026/04/24;1600 UTC;;;;;;;;;;;;;;;;;;
2026/04/24;1700 UTC;0;899,1;899,3;898,8;1319,4;20,9;13,3;21,4;20,7;14,2;12,8;65;60;62;273;4,8;2,1;
2026/04/24;1800 UTC;0;898,6;898,8;898,4;971,7;21,3;13,7;21,5;21;14,5;13;65;59;62;307;4,2;2,2;
2026/04/24;1900 UTC;0;898,3;898,5;898,3;442,5;20,5;13,4;21;20,1;14,1;13;68;62;64;312;2,9;1,5;
2026/04/24;2000 UTC;0;898,8;899;898,6;160,7;19,6;13,7;20,1;19,1;14,5;13,2;77;67;70;313;3,2;1,6;
2026/04/24;2100 UTC;0;899;899,1;898,8;66,8;18,4;14,3;19;18,1;14,8;13,9;83;76;80;307;2,4;1,1;
2026/04/24;2200 UTC;;;;;;;;;;;;;;;;;;
2026/04/24;2300 UTC;;;;;;;;;;;;;;;;;;
2026/04/25;0000 UTC;;;;;;;;;;;;;;;;;;
2026/04/25;0100 UTC;0;898,7;898,8;898,6;0;15,8;14,8;15,9;15,8;15;14,5;96;93;95;71;1,8;,9;
2026/04/25;0200 UTC;2,6;898,9;899;898,7;0;15,7;15;15,9;15,6;15,2;14,7;98;94;96;263;2,1;,8;
2026/04/25;0300 UTC;3,9;899,2;899,4;899;0;15,5;15,2;15,6;15,4;15,3;15,1;99;98;98;301;4,3;2,4;
2026/04/25;0400 UTC;1,8;899,2;899,4;898,8;0;15,6;15,4;15,7;15,5;15,5;15,2;100;99;99;255;1,8;,7;
2026/04/25;0500 UTC;,6;898,9;899,1;898,7;0;15,6;15,5;15,7;15,6;15,5;15,4;100;99;99;290;3,2;1,8;
2026/04/25;0600 UTC;,4;898,5;898,8;898,3;0;15,6;15,5;15,6;15,5;15,5;15,4;100;99;99;292;2,5;1,4;
2026/04/25;0700 UTC;,2;898,1;898,4;897,6;0;15,5;15,4;15,6;15,5;15,4;15,3;100;99;99;297;3;1,5;
2026/04/25;0800 UTC;0;896,4;897,6;895,8;0;15,2;15;15,5;15;15,3;14,4;99;97;99;156;7,3;2,7;
2026/04/25;0900 UTC;0;896,8;897,4;896,2;0;14,7;14,4;14,9;14,6;14,5;14,3;99;98;98;307;2,3;1,4;
2026/04/25;1000 UTC;0;897,7;898;897,4;5,5;14,6;14,5;14,9;14,5;14,8;14,3;100;99;99;254;4,2;2,2;
2026/04/25;1100 UTC;0;898,2;898,3;898;185,1;15,1;14,9;15,1;14,9;15,1;14,8;100;99;99;268;2,4;1,2;
2026/04/25;1200 UTC;0;898,4;898,5;898,2;946,5;16,1;15;17;15,1;15,5;14,5;100;90;95;287;3,4;2,3;
2026/04/25;1300 UTC;0;898,3;898,5;898,1;1456,6;17,5;14,7;18,4;16,5;15,4;14;92;79;86;279;5,3;2,9;
2026/04/25;1400 UTC;0;898,1;898,3;898;1094,4;18;14,6;18,5;17,5;15,2;13,9;87;78;83;268;5,4;3,4;
2026/04/25;1500 UTC;0;897,8;898;897,3;1324;18,3;14,6;19,4;17,8;15;14,2;85;75;82;284;6,5;4,1;
2026/04/25;1600 UTC;0;896,8;897,4;896,5;1787,8;19,3;14,6;20,4;18,7;15,4;13,8;80;73;76;269;6,3;2,9;
2026/04/25;1700 UTC;;;;;;;;;;;;;;;;;;
2026/04/25;1800 UTC;0;895,6;895,7;895,5;1131,2;20,1;14,5;20,5;19,5;15;14,1;78;68;72;257;4,9;2,8;
2026/04/25;1900 UTC;0;895,7;895,9;895,5;1023,2;20,2;14,7;21,4;19,6;15,4;14,2;79;66;73;228;4,3;2,4;
2026/04/25;2000 UTC;0;896;896,1;895,9;519,4;19,5;14,8;19,8;19,1;15,4;14,4;79;74;77;250;3,6;2,1;
2026/04/25;2100 UTC;0;896,2;896,5;896;204,8;18,7;14,3;19,8;17,8;15,2;14;82;74;78;305;3,8;2,6;
2026/04/25;2200 UTC;;;;;;;;;;;;;;;;;;
2026/04/25;2300 UTC;;;;;;;;;;;;;;;;;;
2026/04/26;0000 UTC;0;897,5;897,5;897,3;0;15,5;14,4;15,9;15,1;14,6;14,1;97;93;95;229;1,9;,9;
2026/04/26;0100 UTC;0;897,5;897,6;897,3;0;14,7;14;15,5;14,3;14,3;13,7;98;92;96;80;1,1;,6;
2026/04/26;0200 UTC;0;897,4;897,7;897,1;0;14,1;13,9;14,3;14;14,2;13,7;100;98;99;75;1,4;1,1;
2026/04/26;0300 UTC;;;;;;;;;;;;;;;;;;
2026/04/26;0400 UTC;0;896,6;896,8;896,4;0;14,1;14,1;14,6;13,7;14,6;13,6;100;99;100;210;1,4;,5;
2026/04/26;0500 UTC;0;896,2;896,5;895,8;0;14,8;14,7;15;14,6;14,8;14,6;100;99;99;215;1,8;,8;
2026/04/26;0600 UTC;,2;895,8;896,4;895,4;0;15,3;15;15,6;14,9;15,2;14,8;99;98;99;308;4,9;2,5;
2026/04/26;0700 UTC;5,1;895,7;896,1;895,1;0;15,4;15,3;15,6;15,3;15,3;15,2;100;98;99;208;2,6;1;
2026/04/26;0800 UTC;1,4;893,9;895,1;893,5;0;15,3;15,3;15,4;15,3;15,3;15,2;100;99;100;262;2,7;1,2;
2026/04/26;0900 UTC;,6;894,4;894,9;894;0;15,3;15,3;15,4;15,3;15,5;15,2;100;100;100;313;2,7;1,5;
2026/04/26;1000 UTC;,6;895;895,4;894,6;1,3;15,4;15,4;15,5;15,4;15,5;15,4;100;100;100;145;1,3;,7;
2026/04/26;1100 UTC;,6;895,1;895,4;894,7;66,8;15,4;15,4;15,6;15,4;15,4;15,3;100;99;100;309;2,9;1,7;
2026/04/26;1200 UTC;0;895,3;895,5;895,2;217,4;15,8;15,5;16,2;15,6;15,8;15,4;99;97;98;310;2,4;1,2;
2026/04/26;1300 UTC;0;895,6;895,7;895,5;441,5;16,4;15,8;16,7;16,2;16,3;15,5;98;96;97;290;3,4;1,4;
2026/04/26;1400 UTC;0;895,5;895,7;895,2;472,9;16,9;16,3;17,2;16,6;16,6;15,9;98;96;97;291;4,8;3;
2026/04/26;1500 UTC;;;;;;;;;;;;;;;;;;
2026/04/26;1600 UTC;,2;894,2;894,5;894;1084,1;17,9;16,9;18,2;17,7;17,3;16,3;97;93;95;257;4,3;2,4;
2026/04/26;1700 UTC;;;;;;;;;;;;;;;;;;
2026/04/26;1800 UTC;0;892,7;893;892,4;1473,7;19,5;16,4;20,7;18,3;17,3;15,8;92;77;85;249;5,2;3,2;
2026/04/26;1900 UTC;0;892,7;892,8;892,5;1112,6;20;15,6;20,4;19,2;16,2;14,8;83;72;78;250;5,4;3,1;
2026/04/26;2000 UTC;0;893;893,4;892,7;855,3;20,2;14,9;20,4;19,9;15,4;14,2;77;69;73;263;4,1;2,4;
2026/04/26;2100 UTC;0;894;894,5;893,4;135,1;18,7;14,7;19,9;17,3;15,4;14,5;86;74;80;235;2;1,3;
2026/04/26;2200 UTC;;;;;;;;;;;;;;;;;;
2026/04/26;2300 UTC;0;895,6;896,5;895;0;16,8;13,5;17;16,3;14,5;12,9;90;79;84;251;3,1;2;
2026/04/27;0000 UTC;0;896,2;896,5;895,9;0;16,4;13;16,8;15,9;13,3;12,8;86;81;83;247;2,8;2;
2026/04/27;0100 UTC;0;896,6;896,9;896,2;0;15,6;13,1;16,3;15;13,2;12,9;90;84;87;261;1,5;,6;
2026/04/27;0200 UTC;0;897,1;897,3;896,8;0;14,6;12,7;15;14;13,1;12,5;94;88;91;251;2,4;1,4;
2026/04/27;0300 UTC;0;897,2;897,3;897,1;0;14,3;12,9;14,5;14,2;13,1;12,6;94;91;93;244;4,4;2,6;
2026/04/27;0400 UTC;0;897,3;897,5;897;0;14;12,8;14,4;13,7;13;12,5;95;92;94;239;4,7;2,8;
2026/04/27;0500 UTC;0;897,1;897,3;896,9;0;13,7;12,6;14;13,4;12,9;12;97;93;95;259;4,1;2;
2026/04/27;0600 UTC;0;897,1;897,3;896,8;0;12,6;12;13,3;12,5;12,3;11,8;99;94;97;255;2,8;1,9;
2026/04/27;0700 UTC;0;896,6;896,9;896,5;0;11,8;11,1;12,4;11,2;11,8;10,5;97;96;96;266;1,9;1;
2026/04/27;0800 UTC;0;896,7;896,9;896,5;0;10,9;10;11,2;10,6;10,6;9,5;97;93;96;296;2,9;2,2;
2026/04/27;0900 UTC;0;897,3;897,7;896,9;0;10,6;9,5;11;10,3;9,8;9,2;97;93;95;268;3,1;1,8;
2026/04/27;1000 UTC;0;898,3;898,6;897,7;2,6;10,7;10,4;11,1;10,2;10,9;9,7;100;97;99;276;5,5;3,1;
2026/04/27;1100 UTC;0;898,8;899;898,6;383,2;11,2;10,3;11,5;11;10,8;9,6;99;91;95;302;5,6;3,5;
2026/04/27;1200 UTC;0;899;899,1;898,9;1250,7;12,4;9,9;13,1;11,5;10,3;9,3;92;83;88;302;7,6;5;
2026/04/27;1300 UTC;0;898,9;899,2;898,6;1581,2;14,1;10,2;14,9;13,1;10,8;9,6;86;75;81;296;11;5,6;
2026/04/27;1400 UTC;0;898,5;898,7;898,2;2026;15,6;9,6;16,3;14,8;10,8;8;79;61;70;284;12,2;7,5;
2026/04/27;1500 UTC;0;898,2;898,5;897,8;2685,4;16,5;8,1;17;15,9;8,9;7,2;65;52;58;274;11,2;6,8;
2026/04/27;1600 UTC;;;;;;;;;;;;;;;;;;
2026/04/27;1700 UTC;;;;;;;;;;;;;;;;;;
2026/04/27;1800 UTC;;;;;;;;;;;;;;;;;;
2026/04/27;1900 UTC;;;;;;;;;;;;;;;;;;
2026/04/27;2000 UTC;0;897,9;898,3;897,4;898,6;15,2;3,5;15,7;14,4;4,3;2,4;44;39;41;291;8;5,6;
2026/04/27;2100 UTC;0;898,7;899,2;898,2;180,6;12,9;3,2;14,4;11,2;3,5;2,5;60;41;51;279;3,8;2,2;
2026/04/27;2200 UTC;;;;;;;;;;;;;;;;;;
2026/04/27;2300 UTC;;;;;;;;;;;;;;;;;;
2026/04/28;0000 UTC;0;900,9;901,3;900,6;0;8,3;,2;9,1;7,6;,8;-,2;64;57;59;261;1,7;1;
2026/04/28;0100 UTC;0;901,5;901,8;901,3;0;6,9;-,2;7,3;6;,6;-,9;70;61;64;145;1,1;,5;
2026/04/28;0200 UTC;0;901,9;902,1;901,8;0;5,6;-,4;6;5,3;,1;-1,1;74;67;70;88;,8;,5;
2026/04/28;0300 UTC;;;;;;;;;;;;;;;;;;
2026/04/28;0400 UTC;;;;;;;;;;;;;;;;;;
2026/04/28;0500 UTC;0;901,5;901,7;901,2;0;4,3;-,7;4,4;4,1;-,1;-1,2;78;72;75;168;2,1;1;
2026/04/28;0600 UTC;0;901,1;901,2;901;0;4,1;-,3;4,8;3,5;,4;-1,5;83;69;78;131;1,1;,8;
2026/04/28;0700 UTC;0;901;901,1;900,9;0;3,4;-,2;3,8;2,9;,3;-,6;84;80;82;82;2,1;1,3;
2026/04/28;0800 UTC;0;901;901,1;900,9;0;2,9;-,4;3,1;2,8;-,1;-,6;85;83;84;90;1,2;1;
2026/04/28;0900 UTC;0;901,2;901,4;901,1;0;2,9;-,3;3;2,6;-,1;-,7;86;83;84;86;2;1,3;
2026/04/28;1000 UTC;0;901,7;902,1;901,4;4,9;3;,1;3,3;2,8;,3;-,2;87;84;86;85;2,7;1,5;
2026/04/28;1100 UTC;0;902,3;902,5;902,1;409,3;4,4;,2;5,9;3,3;,8;-,1;84;74;79;62;3,4;1,7;
2026/04/28;1200 UTC;0;902,4;902,4;902,3;1194,7;8,1;1,8;10,2;6;3,1;,7;74;62;68;135;4,6;1,4;
2026/04/28;1300 UTC;0;902,1;902,4;901,9;1914,5;12;4,2;13,4;10,3;5,4;2,6;65;55;61;287;5,1;2,4;
2026/04/28;1400 UTC;0;901,7;901,9;901,5;2473,9;14,3;5,8;15,4;13,2;7,5;4,4;61;55;58;269;8,8;3,5;
2026/04/28;1500 UTC;;;;;;;;;;;;;;;;;;
2026/04/28;1600 UTC;0;900,2;900,9;899,6;2887,4;17,8;8,1;19;16,6;8,8;6,6;59;39;52;305;8;4,8;
2026/04/28;1700 UTC;;;;;;;;;;;;;;;;;;
2026/04/28;1800 UTC;;;;;;;;;;;;;;;;;;
2026/04/28;1900 UTC;0;898,3;898,5;898,2;1643,5;20,2;7,6;20,5;19,8;8,6;6,7;42;32;37;255;6,3;2,5;
2026/04/28;2000 UTC;0;898,3;898,5;898,1;841,5;18,9;8,6;19,8;18;9;7,9;54;42;49;217;3,4;2;
2026/04/28;2100 UTC;0;898,6;899;898,5;158,7;16,5;8,6;18;14,4;9;7,6;67;53;60;201;2,4;1,5;
2026/04/28;2200 UTC;;;;;;;;;;;;;;;;;;
2026/04/28;2300 UTC;;;;;;;;;;;;;;;;;;
2026/04/29;0000 UTC;0;900,6;900,7;900,4;0;11,5;3,5;11,8;11,3;4,2;3;64;58;60;239;,9;,4;
2026/04/29;0100 UTC;0;901;901,3;900,5;0;11,6;4,1;12;11,4;5;3,3;68;58;63;90;1,2;,6;
2026/04/29;0200 UTC;;;;;;;;;;;;;;;;;;
2026/04/29;0300 UTC;;;;;;;;;;;;;;;;;;
2026/04/29;0400 UTC;;;;;;;;;;;;;;;;;;
2026/04/29;0500 UTC;0;900,5;900,8;900,2;0;11,3;11;11,5;11,1;11,2;10,8;99;97;98;278;1,7;,8;
2026/04/29;0600 UTC;0;899,7;900,2;899,2;0;10,7;10,6;11,1;10,3;11;10,1;100;99;99;107;2;1,2;
2026/04/29;0700 UTC;0;898,8;899,2;898,5;0;10,7;10,5;10,8;10,6;10,9;10,1;100;96;99;89;1,8;1,2;
2026/04/29;0800 UTC;0;898,4;898,6;898,3;0;11,4;10;11,9;10,8;10,2;9,7;97;89;93;95;4,3;1,5;
2026/04/29;0900 UTC;0;898,5;898,6;898,4;0;11,8;9,8;11,9;11,7;10;9,6;91;89;90;68;5,5;2,3;
2026/04/29;1000 UTC;0;898,7;899;898,4;,3;11,8;10,1;11,9;11,7;10,2;10;92;90;91;67;2,5;1,3;
2026/04/29;1100 UTC;0;898,9;899,1;898,6;99,5;11,6;10,1;11,8;11,4;10,2;10;93;91;92;86;3;1,3;
2026/04/29;1200 UTC;0;899,3;899,5;899,1;325;12,5;10,2;13,1;11,9;10,5;9,9;91;86;89;94;2;1,3;
2026/04/29;1300 UTC;0;899,7;899,9;899,4;683,7;13,9;10,9;14,8;13,1;11,6;10,4;87;83;85;55;3,1;2;
2026/04/29;1400 UTC;0;899,5;899,8;899,2;863,3;15,4;12;15,9;14,9;12,5;11,5;84;81;83;54;5,2;2,7;
2026/04/29;1500 UTC;0;898,8;899,2;898,2;1583,3;16,7;12,5;17,7;15,8;13,1;12;82;74;79;51;5;2,4;
2026/04/29;1600 UTC;0;897,6;898,3;896,8;1218,1;17,9;12,9;18,5;17,4;13,7;12,4;78;72;75;64;4,1;2,5;
2026/04/29;1700 UTC;;;;;;;;;;;;;;;;;;
2026/04/29;1800 UTC;;;;;;;;;;;;;;;;;;
2026/04/29;1900 UTC;0;896,2;896,4;896,1;744,8;18,1;13;18,8;17,8;13,5;12,7;77;71;74;72;2;1,1;
2026/04/29;2000 UTC;0;896,8;897,2;896,3;87,4;17,4;13,3;18,1;16,9;13,8;13;83;75;79;193;1,4;,4;
2026/04/29;2100 UTC;,4;897,7;898,2;897,2;1,7;16,1;14,1;16,9;15,4;14,7;13,2;96;82;90;163;2,4;,9;
2026/04/29;2200 UTC;0;898,4;898,6;898,2;0;15,1;13,3;15,7;13,8;14,3;12,6;95;87;91;118;1,7;1,4;
2026/04/29;2300 UTC;;;;;;;;;;;;;;;;;;
2026/04/30;0000 UTC;0;899,8;899,9;899,6;0;12,5;11,3;13,8;11,9;11,6;11,1;97;88;94;119;1,6;1,2;
2026/04/30;0100 UTC;0;899,9;900;899,9;0;11,9;11,3;12,2;11,6;11,7;10,9;99;94;97;130;1,8;1,3;
2026/04/30;0200 UTC;0;900,1;900,3;899,9;0;11,5;10,7;12,2;10,7;11,4;10;99;91;96;73;1,3;,8;
2026/04/30;0300 UTC;0;900;900,3;899,9;0;10,8;10,4;11;10,6;10,9;10;100;97;98;82;2,8;1,5;
2026/04/30;0400 UTC;;;;;;;;;;;;;;;;;;
2026/04/30;0500 UTC;;;;;;;;;;;;;;;;;;
2026/04/30;0600 UTC;0;901,1;901,3;900,9;0;9,3;9,3;9,8;9,1;9,8;9,1;100;100;100;42;1,6;1,1;
2026/04/30;0700 UTC;0;900,7;900,9;900,6;0;8,9;9;9,1;8,7;9,2;8,7;100;100;100;60;1,9;1,1;
2026/04/30;0800 UTC;0;900,8;900,9;900,7;0;8,8;8,8;9,1;8,6;9,2;8,6;100;100;100;73;1,2;,7;
2026/04/30;0900 UTC;,2;900,7;900,9;900,7;0;9,4;9,5;9,8;9,1;9,9;9,2;100;100;100;53;1,3;,6;
2026/04/30;1000 UTC;0;901,1;901,5;900,9;5,3;10;10;10,3;9,3;10,3;9,4;100;100;100;45;2,8;1,9;
2026/04/30;1100 UTC;0;901,8;902,1;901,5;222,3;9,3;9,4;9,6;9,2;9,7;9,3;100;100;100;51;2,5;1,6;
2026/04/30;1200 UTC;0;902,3;902,4;902,1;793,3;10,4;10,3;11,6;9,6;11,4;9,7;100;98;100;63;2,2;1,5;
2026/04/30;1300 UTC;0;902,3;902,5;902,1;1762,5;12,9;11,9;14,2;11,5;12,8;11,1;99;89;95;42;2,9;1,6;
2026/04/30;1400 UTC;0;901,8;902,1;901,5;2432,1;16,4;10;17,9;14,3;13;7,1;91;52;68;124;4,2;1,8;
2026/04/30;1500 UTC;0;901,1;901,4;900,7;2746,6;18,8;8,7;20;17,8;9,9;7,4;59;37;49;101;4,8;3;
2026/04/30;1600 UTC;;;;;;;;;;;;;;;;;;
2026/04/30;1700 UTC;;;;;;;;;;;;;;;;;;
2026/04/30;1800 UTC;;;;;;;;;;;;;;;;;;
2026/04/30;1900 UTC;;;;;;;;;;;;;;;;;;
2026/04/30;2000 UTC;0;899,1;899,5;898,8;703,2;21,2;9,7;22,1;20,1;10,3;9,2;49;39;43;128;3,9;2,1;
2026/04/30;2100 UTC;0;899,9;900,5;899,4;128,2;18,6;10,1;20,1;17,4;10,9;9,7;67;49;57;101;4,7;3;
2026/04/30;2200 UTC;;;;;;;;;;;;;;;;;;
2026/04/30;2300 UTC;;;;;;;;;;;;;;;;;;
2026/05/01;0000 UTC;;;;;;;;;;;;;;;;;;
2026/05/01;0100 UTC;0;902,7;903;902,6;0;13,4;11,3;13,6;13,1;11,3;11,2;91;88;89;67;5,3;3,6;
2026/05/01;0200 UTC;0;903;903,1;902,9;0;13,1;11,3;13,2;13;11,4;11,3;92;91;91;60;5,6;3,7;
2026/05/01;0300 UTC;;;;;;;;;;;;;;;;;;
2026/05/01;0400 UTC;;;;;;;;;;;;;;;;;;
2026/05/01;0500 UTC;;;;;;;;;;;;;;;;;;
2026/05/01;0600 UTC;0;902,3;902,5;902,1;0;11,4;10,8;12,2;11;11,2;10,5;98;95;97;74;2,5;1,8;
2026/05/01;0700 UTC;0;901,8;902,1;901,6;0;11,3;10,8;11,5;11;11,2;10,5;98;97;98;35;4,1;2,4;
2026/05/01;0800 UTC;0;901,7;901,9;901,5;0;11,6;11,1;11,7;11,5;11,2;11;98;97;98;33;5;2,6;
2026/05/01;0900 UTC;0;901,9;902;901,8;0;11,8;10,9;12,2;11,7;11;10,7;97;93;96;42;7,8;4;
2026/05/01;1000 UTC;0;902,2;902,3;901,9;4,2;11,8;10,6;12,1;11,6;10,8;10,5;95;93;94;36;6,3;3,5;
2026/05/01;1100 UTC;0;902,6;902,9;902,2;347,9;0;0;;;;;;;;132;6,2;0;
2026/05/01;1200 UTC;0;902,8;903,1;902,5;1121,5;14,3;11,4;14,9;13,5;11,8;10,9;87;82;86;115;10;4,4;
2026/05/01;1300 UTC;0;902,4;902,8;901,9;1896,1;16;11,7;16,9;14,9;12,4;11,3;83;75;79;72;11,1;5,2;
2026/05/01;1400 UTC;;;;;;;;;;;;;;;;;;
2026/05/01;1500 UTC;0;901,4;901,6;901;2636,6;20,2;12,7;21;19;13,4;12,3;69;59;63;263;6,8;3,1;
2026/05/01;1600 UTC;;;;;;;;;;;;;;;;;;
2026/05/01;1700 UTC;;;;;;;;;;;;;;;;;;
2026/05/01;1800 UTC;;;;;;;;;;;;;;;;;;
2026/05/01;1900 UTC;0;897,3;897,8;897,1;1550,7;23,7;15,2;24;23,3;15,5;14,7;59;55;58;283;6,5;2,8;
2026/05/01;2000 UTC;0;897,4;897,8;897,1;717,4;23,3;15,3;23,8;22,4;15,6;15,1;64;58;60;302;8,2;3;
2026/05/01;2100 UTC;0;898;898,2;897,7;103;21,6;15,1;22,3;20,8;15,3;14,9;71;64;67;152;3,9;1,2;
2026/05/01;2200 UTC;;;;;;;;;;;;;;;;;;
2026/05/01;2300 UTC;;;;;;;;;;;;;;;;;;
2026/05/02;0000 UTC;0;899,2;899,3;899;0;18,4;14,6;18,6;18,3;14,8;14,5;81;81;81;46;6,1;2,9;
2026/05/02;0100 UTC;0;899,3;899,5;899,1;0;18,1;14,6;18,2;18;14,6;14,5;83;82;82;108;4,8;2,2;
2026/05/02;0200 UTC;0;899,2;899,4;898,9;0;17,9;14,6;18,1;17,8;14,7;14,6;85;83;83;44;6,1;3;
2026/05/02;0300 UTC;;;;;;;;;;;;;;;;;;
2026/05/02;0400 UTC;;;;;;;;;;;;;;;;;;
2026/05/02;0500 UTC;;;;;;;;;;;;;;;;;;
2026/05/02;0600 UTC;2;899,8;899,9;899,8;0;14,5;14,4;14,5;14,4;14,5;14,4;100;100;100;102;8,4;3,4;
2026/05/02;0700 UTC;5,5;900;900,5;899,8;0;14,5;14,5;14,6;14,4;14,6;14,4;100;100;100;114;4,7;3,1;
2026/05/02;0800 UTC;4,1;899,9;900,5;899,5;0;14,8;14,5;15,5;14,4;14,7;14,1;100;93;98;262;6,8;3;
2026/05/02;0900 UTC;4,5;899,1;899,7;898,4;0;15,2;14,3;15,6;14,9;14,5;13,9;98;93;95;291;8,1;3,9;
2026/05/02;1000 UTC;,4;898;898,9;896,7;0;15,2;13,9;15,5;15;14,1;13,6;95;91;94;268;12,8;2,1;
2026/05/02;1100 UTC;0;898,4;899;897,5;14,6;15,1;14;15,4;14,9;14,1;13,9;96;93;95;293;3,8;2;
2026/05/02;1200 UTC;0;899,6;900;898,9;63,6;15,4;14;15,5;15,2;14,3;13,9;94;92;93;294;5,8;2,2;
2026/05/02;1300 UTC;0;900,7;901,1;899,8;201,3;15,6;14,5;15,8;15,4;14,8;14,2;96;94;95;280;5,2;2,7;
2026/05/02;1400 UTC;;;;;;;;;;;;;;;;;;
2026/05/02;1500 UTC;0;900,5;900,8;900,2;676,5;17;15,5;17,7;16,4;15,8;15,3;95;88;93;259;7,7;4;
2026/05/02;1600 UTC;;;;;;;;;;;;;;;;;;
2026/05/02;1700 UTC;;;;;;;;;;;;;;;;;;
2026/05/02;1800 UTC;;;;;;;;;;;;;;;;;;
2026/05/02;1900 UTC;0;900,7;900,8;900,5;748,9;17,4;14,3;17,7;17,3;14,6;13,8;86;81;84;228;6,1;3,3;
2026/05/02;2000 UTC;0;900,9;901,1;900,6;383;16,7;13,5;17,2;16,1;14,4;12,5;86;81;84;226;8,1;5;
2026/05/02;2100 UTC;0;901,7;902,2;901,1;69;15,4;12,7;16;14,8;13;12,2;91;82;86;230;5,5;3,5;
2026/05/02;2200 UTC;;;;;;;;;;;;;;;;;;
2026/05/02;2300 UTC;;;;;;;;;;;;;;;;;;
2026/05/03;0000 UTC;0;903,6;904;903,4;0;12,9;11,3;13,2;12,4;12;10,5;94;90;92;225;4,9;2,6;
2026/05/03;0100 UTC;0;904,5;904,9;904;0;12,3;10,9;12,4;12;11,2;10,6;94;92;93;187;6,7;1,6;
2026/05/03;0200 UTC;0;905,1;905,5;904,9;0;11,2;9,8;12;10,7;10,5;9,2;94;91;93;167;3,7;1,3;
2026/05/03;0300 UTC;;;;;;;;;;;;;;;;;;
2026/05/03;0400 UTC;;;;;;;;;;;;;;;;;;
2026/05/03;0500 UTC;0;905,4;905,5;905,3;0;7,8;6,2;8,6;7,3;6,7;5,8;93;90;92;169;3,6;1,4;
2026/05/03;0600 UTC;0;;;;0;;;;;;;;;;180;4,9;1,9;
2026/05/03;0700 UTC;0;;;;0;;;;;;;;;;146;3,2;1,4;
2026/05/03;0800 UTC;0;;;;0;;;;;;;;;;168;4,2;1,3;
2026/05/03;0900 UTC;0;;;;0;;;;;;;;;;175;4;1,5;
2026/05/03;1000 UTC;0;;;;3,6;;;;;;;;;;142;3,1;1,4;
2026/05/03;1100 UTC;0;;;;354,9;;;;;;;;;;121;5,8;3,1;
2026/05/03;1200 UTC;0;;;;913;;;;;;;;;;121;4,4;2,5;
2026/05/03;1300 UTC;0;;;;1882,8;;;;;;;;;;100;4,4;2,5;
2026/05/03;1400 UTC;;;;;;;;;;;;;;;;;;
2026/05/03;1500 UTC;0;;;;2763,2;;;;;;;;;;85;4,4;2,4;
2026/05/03;1600 UTC;0;;;;2830,8;;;;;;;;;;114;3,4;1,8;
2026/05/03;1700 UTC;;;;;;;;;;;;;;;;;;
2026/05/03;1800 UTC;;;;;;;;;;;;;;;;;;
2026/05/03;1900 UTC;0;;;;1555,6;;;;;;;;;;116;2;,7;
2026/05/03;2000 UTC;0;;;;805,4;;;;;;;;;;155;2;,9;
2026/05/03;2100 UTC;0;;;;136,9;;;;;;;;;;163;3,2;2,1;
2026/05/03;2200 UTC;;;;;;;;;;;;;;;;;;
2026/05/03;2300 UTC;;;;;;;;;;;;;;;;;;
2026/05/04;0000 UTC;0;;;;0;;;;;;;;;;66;4,4;2,8;
2026/05/04;0100 UTC;0;;;;0;;;;;;;;;;52;3;1,9;
2026/05/04;0200 UTC;;;;;;;;;;;;;;;;;;
2026/05/04;0300 UTC;;;;;;;;;;;;;;;;;;
2026/05/04;0400 UTC;;;;;;;;;;;;;;;;;;
2026/05/04;0500 UTC;0;902,8;903,1;902,5;0;8,9;7,9;9,2;8,7;8,3;7,3;98;91;95;147;7,1;2,7;
2026/05/04;0600 UTC;0;902,2;902,7;901,7;0;9;7,3;9,2;8,9;7,4;7,2;92;91;91;122;5,8;2,3;
2026/05/04;0700 UTC;0;901,5;901,8;901,2;0;9;7,4;9,1;8,8;7,5;7,3;93;92;92;171;4,7;1,9;
2026/05/04;0800 UTC;0;901,5;901,6;901,2;0;8,8;7,6;9,4;8,6;8,5;7,3;95;93;94;129;7,8;2,5;
2026/05/04;0900 UTC;0;901,6;901,7;901,4;0;9,7;8,7;9,8;9,4;9;8,5;96;95;95;108;5,9;2,5;
2026/05/04;1000 UTC;0;901,6;901,7;901,5;2,5;9,9;9,1;10,1;9,8;9,3;9;96;96;96;44;6,1;3,8;
2026/05/04;1100 UTC;0;901,9;902,2;901,5;171,2;10,4;9,5;10,7;10,1;9,7;9,3;96;94;96;86;7,4;3,4;
2026/05/04;1200 UTC;0;902,4;902,6;902,2;709,9;11,6;9,9;12,3;10,8;10,4;9,6;95;89;92;114;6,5;2,6;
2026/05/04;1300 UTC;0;902,3;902,5;902;1371;13,5;10,6;14,6;12,2;11,3;10,1;90;81;86;131;6,3;2,9;
2026/05/04;1400 UTC;;;;;;;;;;;;;;;;;;
2026/05/04;1500 UTC;0;901,6;901,8;901,4;833,6;16;12,1;16,7;15,5;12,5;11,7;83;78;81;201;5,1;1,9;
2026/05/04;1600 UTC;0;901,3;901,6;901,1;645,1;16,2;12,7;17;15,9;13,7;12,2;88;78;82;180;5,4;2;
2026/05/04;1700 UTC;0;900,6;901,1;900,1;1501,6;16,4;13,7;17,2;15,5;14,2;13,4;91;82;86;167;6,1;2;
2026/05/04;1800 UTC;;;;;;;;;;;;;;;;;;
2026/05/04;1900 UTC;0;899,9;900,1;899,7;162,7;15,6;14;15,9;15,3;14,3;13,8;95;90;92;129;4,6;2;
2026/05/04;2000 UTC;,6;900,4;900,7;900,1;20,6;14,9;14,2;15,2;14,7;14,4;14;97;95;97;142;4,3;1,8;
2026/05/04;2100 UTC;3,5;900,9;901,1;900,7;2,8;14,5;14,1;14,7;14,4;14,2;14;99;97;98;107;3,9;1,4;
2026/05/04;2200 UTC;;;;;;;;;;;;;;;;;;
2026/05/04;2300 UTC;;;;;;;;;;;;;;;;;;
2026/05/05;0000 UTC;;;;;;;;;;;;;;;;;;
2026/05/05;0100 UTC;;;;;;;;;;;;;;;;;;
2026/05/05;0200 UTC;;;;;;;;;;;;;;;;;;
2026/05/05;0300 UTC;;;;;;;;;;;;;;;;;;
2026/05/05;0400 UTC;;;;;;;;;;;;;;;;;;
2026/05/05;0500 UTC;0;902,6;902,7;902,5;0;14,8;14,3;14,9;14,7;14,5;14,2;99;97;98;229;5;1,8;
2026/05/05;0600 UTC;0;902,6;902,8;902,5;0;14,7;14,7;14,7;14,7;14,7;14,5;100;99;100;189;3,1;1,2;
2026/05/05;0700 UTC;0;902,4;902,6;902,2;0;14,7;14,8;14,7;14,6;14,8;14,7;100;100;100;200;3;1,2;
2026/05/05;0800 UTC;0;902,2;902,2;902,1;0;14,7;14,8;14,8;14,7;14,8;14,8;100;100;100;169;3,2;1,3;
2026/05/05;0900 UTC;0;902,1;902,2;902;0;14,7;14,8;14,8;14,6;14,8;14,7;100;100;100;161;3,1;1,2;
2026/05/05;1000 UTC;0;902,6;903;902,2;1,9;14,6;14,6;14,7;14,5;14,7;14,6;100;100;100;46;3,6;1,8;
2026/05/05;1100 UTC;0;903,3;903,7;903;221,2;14,8;14,8;15,3;14,6;15,3;14,7;100;100;100;86;3,3;1,8;
2026/05/05;1200 UTC;0;903,7;903,8;903,6;865,6;16;15,5;16,7;15,2;16;15,2;100;93;98;67;3,4;1,8;
2026/05/05;1300 UTC;0;903,8;903,9;903,7;1482,4;17,9;15,8;18,7;16,5;16,4;15,1;96;85;90;104;4;1,9;
2026/05/05;1400 UTC;;;;;;;;;;;;;;;;;;
2026/05/05;1500 UTC;;;;;;;;;;;;;;;;;;
2026/05/05;1600 UTC;;;;;;;;;;;;;;;;;;
2026/05/05;1700 UTC;;;;;;;;;;;;;;;;;;
2026/05/05;1800 UTC;;;;;;;;;;;;;;;;;;
2026/05/05;1900 UTC;;;;;;;;;;;;;;;;;;
2026/05/05;2000 UTC;;;;;;;;;;;;;;;;;;
2026/05/05;2100 UTC;;;;;;;;;;;;;;;;;;
2026/05/05;2200 UTC;;;;;;;;;;;;;;;;;;
2026/05/05;2300 UTC;;;;;;;;;;;;;;;;;;
2026/05/06;0000 UTC;0;903,8;903,9;903,6;0;18,6;15,6;18,8;17,9;15,7;15,4;88;84;85;81;1,2;,7;
2026/05/06;0100 UTC;;;;;;;;;;;;;;;;;;
2026/05/06;0200 UTC;0;904;904,1;903,9;0;17,1;15,1;17,3;16,7;15,4;14,8;92;89;90;73;2,3;1,7;
2026/05/06;0300 UTC;;;;;;;;;;;;;;;;;;
2026/05/06;0400 UTC;;;;;;;;;;;;;;;;;;
2026/05/06;0500 UTC;0;904;904,2;903,7;0;16;14,3;16,3;15,9;14,4;14,2;92;90;91;85;2,5;1,8;
2026/05/06;0600 UTC;0;904,2;904,4;904,1;0;16,2;14,3;16,3;16,1;14,4;14,2;91;90;90;98;2,4;1,4;
2026/05/06;0700 UTC;0;904,2;904,3;904;0;16,1;14,3;16,2;16;14,4;14,2;92;91;91;85;2,7;1,6;
2026/05/06;0800 UTC;0;903,8;904;903,7;0;16,5;14,4;16,7;16,1;14,5;14,3;91;89;90;67;3,7;2,1;
2026/05/06;0900 UTC;0;904;904;903,9;0;16,2;14,4;16,8;15,7;14,7;14,2;93;89;91;78;3,7;2;
2026/05/06;1000 UTC;0;904;904,1;903,8;3,5;16,3;14,5;16,7;16;14,6;14,2;92;89;91;62;4,7;2,4;
2026/05/06;1100 UTC;0;904,3;904,4;904,2;256,8;17,3;14,6;17,7;16,7;14,9;14,5;89;85;87;40;3,9;1,8;
2026/05/06;1200 UTC;0;904,5;904,6;904,4;887,4;18,9;15,2;20,5;17,7;16;14,8;86;75;82;208;4;1,4;
2026/05/06;1300 UTC;0;904,4;904,5;904,3;1410,7;21,2;16,4;21,6;20,4;16,9;15,6;80;74;76;249;5,9;2;
2026/05/06;1400 UTC;;;;;;;;;;;;;;;;;;
2026/05/06;1500 UTC;0;903,2;903,6;902,6;2164,5;23,9;17,1;24,6;23,5;17,4;16,5;69;62;66;285;7,2;3,3;
2026/05/06;1600 UTC;0;902,1;902,6;901,6;2437;25;16,8;25,6;24,4;17,9;16;65;53;59;298;7,8;3,3;
2026/05/06;1700 UTC;0;901,1;901,6;900,5;2370,1;25,8;16,7;26,2;25,4;17,3;15,6;59;47;54;301;8,2;4,7;
2026/05/06;1800 UTC;;;;;;;;;;;;;;;;;;
2026/05/06;1900 UTC;0;899,9;900,1;899,8;1287,5;25,8;15,8;26,3;25,3;16,2;15,5;53;48;50;295;6,6;2,4;
2026/05/06;2000 UTC;0;899,9;900,1;899,8;651,1;25,2;15,6;25,7;24,3;16;15,3;56;49;52;309;3,9;1,4;
2026/05/06;2100 UTC;;;;;;;;;;;;;;;;;;
2026/05/06;2200 UTC;;;;;;;;;;;;;;;;;;
2026/05/06;2300 UTC;;;;;;;;;;;;;;;;;;
2026/05/07;0000 UTC;0;901,1;901,2;901;0;19;14,6;19,6;18,6;14,9;14,4;79;76;78;65;3,9;2,5;
2026/05/07;0100 UTC;;;;;;;;;;;;;;;;;;
2026/05/07;0200 UTC;0;900,9;901;900,8;0;18,9;15,4;19,3;18,7;15,7;15,2;85;80;83;45;5,6;2,2;
2026/05/07;0300 UTC;0;900,7;900,8;900,6;0;18,5;15,8;18,7;18,3;16;15,7;87;85;87;38;6;2,6;
2026/05/07;0400 UTC;;;;;;;;;;;;;;;;;;
2026/05/07;0500 UTC;;;;;;;;;;;;;;;;;;
2026/05/07;0600 UTC;0;898,9;899,4;898,4;0;17,7;16;17,9;17,6;16,1;16;93;91;92;43;6,3;3,6;
2026/05/07;0700 UTC;0;898;898,4;897,6;0;17,6;16;17,7;17,5;16,1;15,8;93;91;92;45;6,7;3,4;
2026/05/07;0800 UTC;0;897,4;897,6;897,2;0;17,8;15,6;17,9;17,6;15,8;15,5;91;88;89;87;6,9;3,2;
2026/05/07;0900 UTC;0;897,1;897,3;896,7;0;17,9;15,9;18;17,7;16,3;15,6;92;89;90;183;6,9;2,5;
2026/05/07;1000 UTC;0;896,8;897,1;896,7;,4;18;16,3;18;17,8;16,3;16,2;92;91;92;169;7,4;2,7;
2026/05/07;1100 UTC;0;897;897,2;896,8;94,9;18;16,2;18,1;17,9;16,3;16,1;91;91;91;81;6,8;3,8;
2026/05/07;1200 UTC;0;897,2;897,4;896,9;392,6;18,4;16,3;18,7;18;16,4;16,2;91;88;89;145;7,7;3,3;
2026/05/07;1300 UTC;0;896,7;897;896,2;791,7;19,3;16,3;20,4;18,7;16,7;16,1;88;80;85;178;6,8;2,9;
2026/05/07;1400 UTC;;;;;;;;;;;;;;;;;;
2026/05/07;1500 UTC;0;894,8;895,5;893,8;1978;22,7;15,9;23,9;21,6;16,2;15,6;72;59;66;285;14,2;5,7;
2026/05/07;1600 UTC;0;893;893,8;892,2;2054,1;23,8;15,4;24,4;23,2;16;14,9;63;54;58;306;15;6,4;
2026/05/07;1700 UTC;0;891,9;892,6;891,2;2189,6;24,1;14,8;24,7;23,8;15,6;14,1;58;50;54;311;16,7;8,3;
2026/05/07;1800 UTC;0;891,3;891,5;891;1535,6;23,9;15;24,7;23,2;15,6;14,6;59;50;55;;;;
2026/05/07;1900 UTC;0;890,9;891,1;890,7;1174,7;23,9;14,8;24,4;23,2;15,5;14,2;58;52;55;;;;
2026/05/07;2000 UTC;;;;;;;;;;;;;;;;;;
2026/05/07;2100 UTC;;;;;;;;;;;;;;;;;;
2026/05/07;2200 UTC;;;;;;;;;;;;;;;;;;
2026/05/07;2300 UTC;;;;;;;;;;;;;;;;;;
2026/05/08;0000 UTC;0;891,6;891,8;891,4;0;20,2;14,2;20,3;20,1;14,5;14;71;69;70;;;;
2026/05/08;0100 UTC;0;891,8;892,1;891,5;0;20;14;20,1;19,8;14,1;13,9;71;69;70;;;;
2026/05/08;0200 UTC;0;892,1;892,2;891,9;0;19,7;13,8;19,8;19,6;14;13,8;71;70;71;;;;
2026/05/08;0300 UTC;0;891,7;892;891,2;0;19,6;13,8;19,6;19,5;13,9;13,8;72;71;71;;;;
2026/05/08;0400 UTC;;;;;;;;;;;;;;;;;;
2026/05/08;0500 UTC;0;890,1;890,4;889,7;0;19,3;14,2;19,5;19,2;14,2;14,1;75;73;74;;;;
2026/05/08;0600 UTC;0;890,3;891;889,8;0;19,4;14,2;19,6;19,2;14,3;14,2;75;73;74;;;;
2026/05/08;0700 UTC;3,7;891,6;892;891,2;5,9;15;13,7;19,2;14,6;14,7;13,5;96;77;94;307;9,8;6,3;
2026/05/08;0800 UTC;1,8;891,2;892,1;890,8;0;14,5;13,6;14,6;14,3;13,8;13,5;97;95;96;;;;
2026/05/08;0900 UTC;,8;890,6;891,7;889,2;0;14,3;13,6;14,4;14,2;13,7;13,5;97;96;97;;;;
2026/05/08;1000 UTC;0;891,6;891,7;891,5;2;14,2;13,2;14,5;12,9;13,6;12,4;98;93;95;;;;
2026/05/08;1100 UTC;0;892,1;892,4;891,8;35,4;12,1;11,7;12,9;11,7;12,4;11,1;99;97;98;307;9,5;5,6;
2026/05/08;1200 UTC;;;;;;;;;;;;;;;;;;
2026/05/08;1300 UTC;0;893,6;893,9;893,3;351;11,2;10,9;11,5;10,9;11,4;10,6;100;98;99;286;8;5;
2026/05/08;1400 UTC;;;;;;;;;;;;;;;;;;
2026/05/08;1500 UTC;0;893,8;894;893,6;423,6;10,6;10;10,8;10,4;10,3;9,8;99;96;97;294;8;5,4;
2026/05/08;1600 UTC;;;;;;;;;;;;;;;;;;
2026/05/08;1700 UTC;0;893;893,4;892,6;910,9;11,8;10,6;12,7;11,1;11,1;9,8;98;87;94;306;9,7;5,5;
2026/05/08;1800 UTC;;;;;;;;;;;;;;;;;;
2026/05/08;1900 UTC;0;892,4;892,7;892,2;1044,9;13,5;6,8;13,9;13,1;8,3;5,6;73;61;67;309;8,7;5,7;
2026/05/08;2000 UTC;0;892,7;893,1;892,4;449,6;13,2;6,5;13,5;12,7;7;5,9;71;63;67;300;7,6;4,7;
2026/05/08;2100 UTC;;;;;;;;;;;;;;;;;;
2026/05/08;2200 UTC;;;;;;;;;;;;;;;;;;
2026/05/08;2300 UTC;;;;;;;;;;;;;;;;;;
2026/05/09;0000 UTC;0;895,2;895,5;895;0;10,3;8,9;10,4;10,1;9;8,8;95;92;93;317;4;2,2;
2026/05/09;0100 UTC;;;;;;;;;;;;;;;;;;
2026/05/09;0200 UTC;0;896,1;896,3;895,9;0;9,4;8,4;9,8;9,1;8,8;8,1;98;92;95;314;4,6;2,3;
2026/05/09;0300 UTC;;;;;;;;;;;;;;;;;;
2026/05/09;0400 UTC;0;896,4;896,7;896,1;0;8,4;7,2;8,7;8,3;7,9;6,6;98;90;94;312;4,1;2,3;
2026/05/09;0500 UTC;;;;;;;;;;;;;;;;;;
2026/05/09;0600 UTC;0;897;897,1;896,8;0;8,1;7,5;8,5;7,9;7,9;7,3;100;94;97;318;3,9;2,2;
2026/05/09;0700 UTC;0;897,1;897,4;896,9;0;7,6;7,5;8;7;7,9;6,8;100;99;100;308;3;2;
2026/05/09;0800 UTC;0;897,4;897,7;896,9;0;6,4;5,6;7,1;5,5;6,8;4,7;99;93;96;283;3,2;2,1;
2026/05/09;0900 UTC;0;897,8;898,4;897,4;0;5,4;4,2;5,7;5;5,3;3,5;98;92;94;297;3,9;3;
2026/05/09;1000 UTC;0;898,7;899;898,4;,1;4,9;3,2;5,2;4,4;3,5;2,9;94;90;92;267;2,5;1;
2026/05/09;1100 UTC;0;899,5;899,9;899;82,7;4,6;3,2;4,9;4,4;3,7;2,9;94;91;93;110;1,7;1;
2026/05/09;1200 UTC;0;900,3;900,8;899,6;416,3;6,1;3,9;6,9;4,9;4,9;3,4;93;86;89;292;5,5;3,4;
2026/05/09;1300 UTC;0;900,4;900,7;900,2;804,3;7,3;3,4;7,7;6,8;5;1,9;91;72;80;269;4,3;2,4;
2026/05/09;1400 UTC;;;;;;;;;;;;;;;;;;
2026/05/09;1500 UTC;0;899,9;900,4;899,4;1007,8;9,1;1;9,6;8,7;2,3;,2;66;54;59;244;3,4;1,8;
2026/05/09;1600 UTC;0;899,7;900,1;899;1014;9,7;,1;10;9,4;1,7;-,7;60;47;52;245;5,1;2,7;
2026/05/09;1700 UTC;0;899,6;899,9;899,3;839,9;9,4;,6;10;9,1;1,7;-,3;62;51;56;262;4,3;2,6;
2026/05/09;1800 UTC;0;899,7;900,1;899,3;539,4;9,3;,9;9,6;9;1,7;,2;62;55;58;266;4,8;2,4;
2026/05/09;1900 UTC;0;899,8;900,2;899,4;315;9;,7;9,2;8,8;1,7;,1;64;55;58;309;3,1;1,7;
2026/05/09;2000 UTC;0;899,4;899,6;899,1;149,7;9,1;1,3;9,3;8,8;2,1;,4;65;56;61;298;4,1;2,5;
2026/05/09;2100 UTC;;;;;;;;;;;;;;;;;;
2026/05/09;2200 UTC;;;;;;;;;;;;;;;;;;
2026/05/09;2300 UTC;;;;;;;;;;;;;;;;;;
2026/05/10;0000 UTC;0;901,5;902;901,2;0;7,1;1,8;7,4;6,7;2,1;1,6;76;71;74;289;5,4;3,7;
2026/05/10;0100 UTC;0;902,1;902,4;901,8;0;6;1,2;6,5;5,4;1,9;,7;78;73;76;279;5,3;3,1;
2026/05/10;0200 UTC;0;902,3;902,4;902,2;0;5,2;,7;5,8;5;1;,6;79;74;78;302;5;2,7;
2026/05/10;0300 UTC;;;;;;;;;;;;;;;;;;
2026/05/10;0400 UTC;0;902,7;902,8;902,6;0;5,2;1,9;5,4;4,8;2,4;1,5;87;81;84;277;4,8;3,3;
2026/05/10;0500 UTC;0;902,8;903;902,6;0;4,4;2,1;4,8;4,1;2,4;1,9;90;86;89;279;5,4;2,9;
2026/05/10;0600 UTC;0;902,8;903,1;902,5;0;4,6;2,3;4,8;4,5;2,6;2;89;86;88;272;5,2;2,7;
2026/05/10;0700 UTC;0;902,3;902,7;902,1;0;4,6;2,3;4,7;4,5;2,5;2;90;87;89;273;6,7;2,8;
2026/05/10;0800 UTC;0;902,3;902,5;902,2;0;4,4;2;4,5;4,3;2,8;,5;92;81;88;278;9,9;5,1;
2026/05/10;0900 UTC;0;902,5;902,7;902,3;0;4,2;1;4,4;3,8;1,4;,3;86;81;84;289;8,6;4,8;
2026/05/10;1000 UTC;0;902,7;902,9;902,5;,7;3,5;-,6;3,7;3,3;,2;-1,2;82;77;80;283;8,9;6;
2026/05/10;1100 UTC;0;903,1;903,4;902,7;93,4;3,4;-,5;3,5;3,4;,1;-,9;83;78;80;291;7,1;4,7;
2026/05/10;1200 UTC;0;903,6;903,8;903,3;301,3;3,6;0;3,8;3,5;,4;-,3;84;80;82;275;7;4,1;
2026/05/10;1300 UTC;0;903,9;904;903,7;439,7;3,7;-,1;3,9;3,5;,2;-,5;82;79;81;267;7,6;3,8;
2026/05/10;1400 UTC;0;903,5;903,8;903,3;924,7;4,4;,2;5,1;3,8;,9;-,3;81;75;79;279;7,6;4;
2026/05/10;1500 UTC;0;902,9;903,3;902,5;1725,7;6,2;,7;7,3;5,1;1,6;,1;77;68;73;280;8,1;4,4;
2026/05/10;1600 UTC;;;;;;;;;;;;;;;;;;
2026/05/10;1700 UTC;0;901,4;901,9;900,8;2270,4;8,2;1,6;8,7;7,4;2,3;,7;71;63;67;304;8,8;5,3;
2026/05/10;1800 UTC;0;900,8;901;900,6;1651,8;8,4;1,8;9,4;8;2,8;1,3;69;64;67;281;9;5,9;
2026/05/10;1900 UTC;0;901;901,3;900,7;1196,8;8,4;1,6;9,2;7,4;2,2;1,2;70;63;66;273;9,5;5,2;
2026/05/10;2000 UTC;0;901,5;902;901,1;379;7,3;1,3;7,8;6,7;1,8;,6;72;68;70;274;8;3,7;
2026/05/10;2100 UTC;;;;;;;;;;;;;;;;;;
2026/05/10;2200 UTC;;;;;;;;;;;;;;;;;;
2026/05/10;2300 UTC;;;;;;;;;;;;;;;;;;
2026/05/11;0000 UTC;0;904,5;904,8;904;0;3,6;,4;3,8;3,3;,6;,2;86;82;84;294;6,2;3,6;
2026/05/11;0100 UTC;0;905;905,2;904,8;0;3,1;,3;3,6;2,6;,5;,1;87;84;86;294;4,1;2,7;
2026/05/11;0200 UTC;;;;;;;;;;;;;;;;;;
2026/05/11;0300 UTC;0;904,9;905;904,7;0;1,8;,3;2;1,5;,6;,1;95;91;93;275;3,1;1,8;
2026/05/11;0400 UTC;0;904,5;904,7;904,2;0;1,9;,6;2,2;1,6;,8;,5;95;92;94;311;3,4;2,2;
2026/05/11;0500 UTC;0;903,9;904,2;903,7;0;2,3;,8;2,3;2,1;1;,6;94;92;93;287;5,3;3,1;
2026/05/11;0600 UTC;0;903,5;903,8;903,2;0;2,4;1,1;2,4;2,2;1,2;,9;94;93;94;293;5,2;3,4;
2026/05/11;0700 UTC;0;903,3;903,5;903,2;0;2,7;1,4;3;2,4;1,5;1,1;95;91;93;286;5,5;2,9;
2026/05/11;0800 UTC;0;903;903,4;902,8;0;3,2;1,1;3,3;3;1,5;,8;92;88;90;285;7,3;4,3;
2026/05/11;0900 UTC;0;902,9;903;902,8;0;3,2;,9;3,3;3,1;1,2;,7;91;88;89;278;7;3,3;
2026/05/11;1000 UTC;0;903,3;903,5;903;,9;2,9;,6;3,1;2,8;1,1;,1;90;87;88;265;7,9;4,5;
2026/05/11;1100 UTC;0;903,6;903,9;903,4;126,2;2,8;,2;2,9;2,8;,5;-,2;89;85;87;265;7,5;4;
2026/05/11;1200 UTC;0;904,1;904,2;903,9;765,1;3,6;,1;5,1;2,9;,5;-,4;86;74;82;269;5,5;3;
2026/05/11;1300 UTC;0;903,9;904,1;903,8;1754,3;5,9;-,3;6,8;4,9;,5;-1,1;75;62;69;267;6,1;3,7;
2026/05/11;1400 UTC;0;903,6;903,8;903,3;2308,4;7,7;-,5;8,9;6,8;,6;-1,9;68;48;59;287;7;4,2;
2026/05/11;1500 UTC;;;;;;;;;;;;;;;;;;
2026/05/11;1600 UTC;0;902,5;902,9;902,1;2705,6;10,9;-,8;11,8;10;,6;-2;48;34;42;282;7,5;4,4;
2026/05/11;1700 UTC;;;;;;;;;;;;;;;;;;
2026/05/11;1800 UTC;0;901,6;901,7;901,5;2124,3;12,2;-,3;12,6;11,9;,5;-1,3;41;33;37;258;7,1;3,3;
2026/05/11;1900 UTC;0;901,8;901,9;901,5;1465,7;12,3;0;12,6;12;,8;-,7;42;35;39;258;6,1;3,7;
2026/05/11;2000 UTC;0;902,1;902,4;901,8;735,5;11,8;,3;12,1;11,3;,8;-,4;46;39;42;272;4,4;2,7;
2026/05/11;2100 UTC;;;;;;;;;;;;;;;;;;
2026/05/11;2200 UTC;;;;;;;;;;;;;;;;;;
2026/05/11;2300 UTC;0;904,4;904,8;904,3;0;5,6;-,9;6;5;-,5;-1,2;70;65;67;282;2,5;1,4;
2026/05/12;0000 UTC;0;905;905,2;904,8;0;5,3;-1,3;5,7;4,8;-,9;-1,5;71;65;67;198;1,2;,6;
2026/05/12;0100 UTC;0;905,5;905,6;905,2;0;3,9;-1,2;4,8;3,5;-1;-1,4;77;71;74;291;1,8;,8;
2026/05/12;0200 UTC;0;905,6;905,7;905,4;0;3,6;-1,1;3,9;3,4;-,9;-1,3;78;75;76;191;,9;,3;
2026/05/12;0300 UTC;0;905,3;905,4;905,2;0;3,8;-1,1;4,2;3,4;-,8;-1,2;78;73;76;269;1,4;,4;
2026/05/12;0400 UTC;0;905,1;905,3;904,9;0;3,1;-1,2;3,6;2,9;-,9;-1,4;80;77;78;252;1,2;,5;
2026/05/12;0500 UTC;0;904,7;905;904,4;0;2,6;-1,1;3,2;2;-,7;-1,5;86;77;82;83;1,7;1,2;
2026/05/12;0600 UTC;0;904,3;904,4;904,2;0;2,5;-,6;2,7;2,3;-,5;-,9;85;83;84;25;2;1,4;
2026/05/12;0700 UTC;0;904;904,2;903,7;0;2,4;-,6;2,8;2,1;-,4;-,8;87;83;85;65;1,9;1,3;
2026/05/12;0800 UTC;0;903,5;903,7;903,4;0;1,9;-,5;2,1;1,6;-,3;-,7;90;86;88;88;2,1;1,5;
2026/05/12;0900 UTC;0;903,5;903,7;903,4;0;1,5;-,7;1,7;1,3;-,5;-,9;90;88;89;85;1,9;1,2;
2026/05/12;1000 UTC;0;903,9;904,1;903,7;,7;2;-1;2,4;1,6;-,8;-1,1;88;83;85;77;2,4;1,5;
2026/05/12;1100 UTC;0;904;904,1;903,8;290;2,9;-1;4,8;1,8;-,5;-1,2;86;71;80;51;3,9;1,9;
2026/05/12;1200 UTC;0;903,8;903,9;903,7;1032;6,5;-,8;8,3;4,8;-,1;-1,5;74;56;64;47;3;1,8;
2026/05/12;1300 UTC;0;903,5;903,8;903,3;1741,8;10,1;,6;12,4;8,3;1,9;-,3;59;45;53;143;3,7;1,6;
2026/05/12;1400 UTC;0;902,9;903,3;902,6;2291,8;13,9;1;15,4;12,4;2,1;,2;46;26;35;301;5,6;3,8;
2026/05/12;1500 UTC;;;;;;;;;;;;;;;;;;
2026/05/12;1600 UTC;;;;;;;;;;;;;;;;;;
2026/05/12;1700 UTC;;;;;;;;;;;;;;;;;;
2026/05/12;1800 UTC;0;899,5;899,7;899,3;2108,2;19,1;4;19,4;18,8;4,3;3,7;25;24;24;282;7,1;4,2;
2026/05/12;1900 UTC;;;;;;;;;;;;;;;;;;
2026/05/12;2000 UTC;0;899,2;899,5;899,1;729,4;17,6;2,5;18,4;16,6;3,5;1,7;26;24;25;290;5,5;3,7;
2026/05/12;2100 UTC;0;899,8;900,2;899,5;99,5;14,7;,8;16,5;13;1,9;-,6;32;26;31;302;4,7;3,2;
2026/05/12;2200 UTC;0;900,5;900,8;900,2;0;12,2;-1,3;13,6;11;-,5;-1,8;36;28;33;307;4,2;2,3;
2026/05/12;2300 UTC;0;901,1;901,4;900,8;0;10,7;-1,9;11,1;10;-1,6;-2,3;40;35;37;325;3,5;2,2;
2026/05/13;0000 UTC;0;901,4;901,5;901,3;0;10,9;-1,4;11,3;10,1;-,8;-2,1;45;34;38;300;5,4;3;
2026/05/13;0100 UTC;0;901,5;901,5;901,4;0;10,2;-,7;10,5;9,7;-,4;-1;48;43;45;320;4,9;3;
2026/05/13;0200 UTC;0;901,7;901,8;901,5;0;10,2;-,9;10,4;9,8;-,7;-1,1;46;43;45;319;5,1;2,7;
2026/05/13;0300 UTC;;;;;;;;;;;;;;;;;;
2026/05/13;0400 UTC;0;901,8;901,9;901,6;0;9,2;,2;10;8,6;,4;,1;58;52;55;311;3,3;1,9;
2026/05/13;0500 UTC;0;901,7;901,9;901,5;0;8,4;,4;8,7;8,1;1;,2;64;58;60;280;4,6;1,9;
2026/05/13;0600 UTC;0;901,3;901,5;901,1;0;8,4;1,3;8,8;7,9;1,5;1;66;63;64;316;3,9;2,1;
2026/05/13;0700 UTC;0;901,6;901,8;901,3;0;6,8;,6;7,8;6,1;1,1;,4;72;66;69;300;1,9;,9;
2026/05/13;0800 UTC;0;902;902,2;901,7;0;4,8;,4;6;4,2;,6;,2;81;72;78;94;,9;,4;
2026/05/13;0900 UTC;0;902,5;902,7;902,3;0;4,3;,4;4,9;3,9;,8;0;82;78;80;81;2,3;1,7;
2026/05/13;1000 UTC;0;902,8;903;902,6;2,5;3,6;-,4;3,9;3,4;-,1;-,5;81;79;80;73;2,6;1,8;
2026/05/13;1100 UTC;0;902,7;902,9;902,6;247,9;4,7;-,2;5,7;3,8;,4;-,5;79;74;75;83;1,9;1,3;
2026/05/13;1200 UTC;0;902,4;902,7;902,2;1099,4;8,5;1,6;11,1;5,7;3;,5;74;58;66;128;2,2;1,1;
2026/05/13;1300 UTC;0;901,9;902,3;901,6;1442,8;11,5;3;12,9;10,9;3,6;2,2;62;47;57;308;4,9;2,9;
2026/05/13;1400 UTC;0;901,6;901,8;901,4;1507,4;13;2,2;13,6;12,7;2,9;1,2;50;41;46;292;5,2;3;
2026/05/13;1500 UTC;0;901,3;901,6;900,9;1706,8;13,8;3,1;14,8;13,2;4,1;2;51;38;46;310;5,1;2,8;
2026/05/13;1600 UTC;;;;;;;;;;;;;;;;;;
2026/05/13;1700 UTC;;;;;;;;;;;;;;;;;;
2026/05/13;1800 UTC;0;898,9;899;898,7;2059,2;18,3;4,4;18,7;18;5,4;3,5;34;26;30;285;6,5;3,9;
2026/05/13;1900 UTC;0;898,6;898,8;898,4;1415,1;18,6;4,9;19;17,8;5,5;4;36;27;32;235;4,5;2,5;
2026/05/13;2000 UTC;0;899,2;899,4;898,8;697,3;16,3;5,5;17,7;15,2;5,9;4,7;52;35;46;217;4,6;2,4;
2026/05/13;2100 UTC;;;;;;;;;;;;;;;;;;
2026/05/13;2200 UTC;0;900,9;901,3;900,5;0;10,5;3;11,1;10,1;4,3;1,7;66;57;62;96;1,1;,7;
2026/05/13;2300 UTC;;;;;;;;;;;;;;;;;;
2026/05/14;0000 UTC;0;901,7;901,8;901,6;0;9,5;1,8;10,2;8,6;2,5;1,2;66;56;61;127;1,3;,6;
2026/05/14;0100 UTC;0;901,8;901,9;901,7;0;9,1;1,2;9,6;8,5;1,9;,8;63;58;60;28;2;1,3;
2026/05/14;0200 UTC;;;;;;;;;;;;;;;;;;
2026/05/14;0300 UTC;0;901,5;901,6;901,3;0;8,2;3;9,1;7,7;3,1;2,8;76;69;74;73;1,7;1,2;
2026/05/14;0400 UTC;0;901,3;901,5;901,2;0;7,4;3,2;7,9;7,2;3,5;2,8;81;75;79;72;1,9;1;
2026/05/14;0500 UTC;0;901,1;901,4;900,9;0;7;3,2;7,3;6,7;3,5;2,9;82;79;81;77;2,2;1,7;
2026/05/14;0600 UTC;0;900,9;901;900,7;0;6,4;2,7;6,7;6,1;3;2,4;84;79;82;75;1,8;1,5;
2026/05/14;0700 UTC;0;900,8;900,8;900,7;0;6,2;1,7;6,8;6,1;1,8;1,7;78;75;77;50;2,8;1,5;
2026/05/14;0800 UTC;0;900,6;900,7;900,5;0;6,4;1,6;7,3;5,9;1,8;1,4;78;72;76;65;2,9;1,5;
2026/05/14;0900 UTC;0;900,9;901,1;900,7;0;5,7;1,3;6,1;5,3;1,5;1,2;80;76;78;98;2,3;1,6;
2026/05/14;1000 UTC;0;901,5;901,7;901,1;,6;5,4;1,1;5,6;5,1;1,3;,9;80;77;78;84;2,3;1,6;
2026/05/14;1100 UTC;0;901,9;902;901,8;262,7;6,8;1,1;8;5,2;1,8;,8;79;69;72;60;2,5;1,8;
2026/05/14;1200 UTC;0;901,9;902,1;901,7;971,4;10,4;2,7;12;8;3,8;1,6;69;57;61;40;3,3;2,1;
2026/05/14;1300 UTC;0;901,7;901,9;901,4;1659,8;13,6;5;14,9;12;6,1;3,6;60;54;57;286;3;1,7;
2026/05/14;1400 UTC;0;901,1;901,4;900,8;2198,9;15,5;6,3;16,3;14,6;7,1;5,7;59;47;54;285;4,9;2,4;
2026/05/14;1500 UTC;0;900,5;900,8;900,2;2519,6;17;6,4;17,8;16,2;7,5;5,6;52;42;47;270;4,9;2,9;
2026/05/14;1600 UTC;;;;;;;;;;;;;;;;;;
2026/05/14;1700 UTC;;;;;;;;;;;;;;;;;;
2026/05/14;1800 UTC;0;899;899,2;898,9;2004,6;17,8;7,3;18,1;17,5;8;6,9;51;46;48;193;4;2,4;
2026/05/14;1900 UTC;0;898,8;898,9;898,6;1368;17,6;6,9;17,9;17,4;7,3;6,5;48;45;46;232;3,2;1,6;
2026/05/14;2000 UTC;0;899;899,6;898,6;541,5;16,6;5,7;17,8;14,6;7,3;4,4;53;41;46;176;2,2;1,1;
2026/05/14;2100 UTC;;;;;;;;;;;;;;;;;;
2026/05/14;2200 UTC;;;;;;;;;;;;;;;;;;
2026/05/14;2300 UTC;;;;;;;;;;;;;;;;;;
2026/05/15;0000 UTC;0;901,4;901,6;901,1;0;12;2,2;13,3;10,8;3;1,4;60;42;51;118;2,7;1,4;
2026/05/15;0100 UTC;0;902;902,3;901,6;0;9,7;2,8;10,7;8,8;3,1;2,2;71;61;65;74;2,7;1,5;
2026/05/15;0200 UTC;0;902,2;902,3;902;0;9,2;4,5;9,3;8,7;6,2;2,6;84;69;77;104;4,6;3;
2026/05/15;0300 UTC;;;;;;;;;;;;;;;;;;
2026/05/15;0400 UTC;;;;;;;;;;;;;;;;;;
2026/05/15;0500 UTC;0;901,5;901,8;901,3;0;9,5;8,1;9,8;9,2;8,3;8;94;92;93;87;5,7;4;
2026/05/15;0600 UTC;0;901,8;901,9;901,6;0;9,7;8,4;9,8;9,7;8,4;8,3;94;92;93;88;5,3;2,9;
2026/05/15;0700 UTC;0;901,4;901,8;901,2;0;9,9;8,4;10,1;9,8;8,4;8,3;93;91;92;84;5,2;3,4;
2026/05/15;0800 UTC;0;901,3;901,4;901,2;0;9,8;8,3;10,1;9,7;8,4;8,2;93;91;92;94;3,7;2,7;
2026/05/15;0900 UTC;0;901,4;901,6;901,3;0;9,7;8,4;9,8;9,6;8,4;8,3;94;93;93;94;3,7;2,5;
2026/05/15;1000 UTC;0;901,7;901,8;901,6;,1;9,6;8,4;9,6;9,5;8,4;8,4;95;94;94;90;4,8;3,4;
2026/05/15;1100 UTC;0;901,9;902,3;901,7;66,6;9,5;8,3;9,6;9,5;8,4;8,2;95;93;94;83;4,7;2,8;
2026/05/15;1200 UTC;0;902,4;902,5;902,3;896,8;11,1;8,4;12,3;9,7;8,7;8,1;93;80;87;71;7,1;4,8;
2026/05/15;1300 UTC;0;902;902,4;901,7;1534,6;13,5;8,6;14,7;12;9;8,4;83;70;76;59;5,8;3,8;
2026/05/15;1400 UTC;0;901,5;901,7;901,2;2074,7;15,1;8,9;16;14,5;9,4;8,4;71;65;69;74;5,1;2,6;
2026/05/15;1500 UTC;0;900,7;901,2;900,2;2008,7;16,3;9,2;16,8;15,8;9,7;8,9;67;61;65;179;5,1;1,7;
2026/05/15;1600 UTC;;;;;;;;;;;;;;;;;;
2026/05/15;1700 UTC;;;;;;;;;;;;;;;;;;
2026/05/15;1800 UTC;0;898,6;898,9;898,3;1068,2;17;9,4;17,5;16,7;9,9;8,9;65;60;62;319;4,7;2,6;
2026/05/15;1900 UTC;0;898,4;898,5;898,2;938,9;17,1;9,3;17,6;16,5;9,8;8,9;64;58;61;262;3,5;1,6;
2026/05/15;2000 UTC;0;898,6;898,9;898,4;422,9;16,5;8,8;16,8;15,9;9,3;8,4;63;60;61;232;2,5;,9;
2026/05/15;2100 UTC;;;;;;;;;;;;;;;;;;
2026/05/15;2200 UTC;;;;;;;;;;;;;;;;;;
2026/05/15;2300 UTC;;;;;;;;;;;;;;;;;;
2026/05/16;0000 UTC;0;900;900;899,9;0;13;9,9;13,2;12,7;10;9,8;86;84;84;37;5,6;2,6;
2026/05/16;0100 UTC;0;900;900;899,9;0;12,9;10,4;13,1;12,6;10,6;10;90;85;88;36;3,6;1,9;
2026/05/16;0200 UTC;;;;;;;;;;;;;;;;;;
2026/05/16;0300 UTC;;;;;;;;;;;;;;;;;;
2026/05/16;0400 UTC;;;;;;;;;;;;;;;;;;
2026/05/16;0500 UTC;0;899,6;899,7;899,5;0;11,4;10,8;11,6;11,2;11;10,7;98;96;97;58;2,4;1,5;
2026/05/16;0600 UTC;0;899,4;899,5;899,1;0;10,8;10,4;11,2;10,3;10,8;10;99;98;98;67;1,7;1;
2026/05/16;0700 UTC;0;899,1;899,2;899;0;10,2;10,1;10,3;10;10,3;9,9;100;99;100;61;1,7;,7;
2026/05/16;0800 UTC;0;899;899,2;898,7;0;10,5;10,5;10,8;9,9;10,9;9,9;100;100;100;110;1,5;,5;
2026/05/16;0900 UTC;0;898,8;899,2;898,6;0;11;10,9;11,1;10,8;11;10,8;100;99;100;153;1,4;,6;
2026/05/16;1000 UTC;0;899,4;899,8;899,2;,3;11,1;11;11,1;11,1;11,1;11;100;99;100;73;,7;,3;
2026/05/16;1100 UTC;0;900;900,1;899,7;109,5;11,4;11,2;11,7;11,1;11,3;11;100;97;99;82;2,4;1,4;
2026/05/16;1200 UTC;0;900;900,2;899,7;704,8;12,3;11,2;13,5;11,6;11,3;10,9;98;87;94;102;4;2,5;
2026/05/16;1300 UTC;;;;;;;;;;;;;;;;;;
2026/05/16;1400 UTC;0;899,5;899,9;899;2341,3;16,6;11,2;17,5;15,2;11,7;10,5;80;66;73;294;3,6;1,9;
2026/05/16;1500 UTC;0;898,9;899,1;898,6;1568;16,8;10,6;18;16,1;11,4;9,7;73;63;69;276;4,1;1,5;
2026/05/16;1600 UTC;;;;;;;;;;;;;;;;;;
2026/05/16;1700 UTC;;;;;;;;;;;;;;;;;;
2026/05/16;1800 UTC;;;;;;;;;;;;;;;;;;
2026/05/16;1900 UTC;0;897;897,1;896,9;308,9;17,8;11,5;17,9;17,7;12,1;11;71;66;68;292;2,2;1;
2026/05/16;2000 UTC;0;896,9;897,2;896,8;286,8;17,3;12,2;17,7;16,8;12,8;11,5;80;69;74;283;2,8;1;
2026/05/16;2100 UTC;;;;;;;;;;;;;;;;;;
2026/05/16;2200 UTC;;;;;;;;;;;;;;;;;;
2026/05/16;2300 UTC;0;898,3;898,6;898;0;14,8;12,7;15;14,5;12,7;12,6;91;88;89;88;,6;,2;
2026/05/17;0000 UTC;0;898,9;899,2;898,6;0;14,6;12,7;14,7;14,4;12,8;12,6;91;90;91;65;1,6;,7;
2026/05/17;0100 UTC;0;899,1;899,3;898,9;0;14,3;12,7;14,6;13,6;12,8;12,3;94;90;92;139;1,2;,7;
2026/05/17;0200 UTC;;;;;;;;;;;;;;;;;;
2026/05/17;0300 UTC;;;;;;;;;;;;;;;;;;
2026/05/17;0400 UTC;0;899,3;899,5;899,1;0;12,4;11,7;13;12;11,9;11,3;97;95;96;80;2,4;1,4;
2026/05/17;0500 UTC;0;899,3;899,5;899,1;0;12;11,7;12,3;11,8;12,1;11,4;100;97;98;75;2,2;1,3;
2026/05/17;0600 UTC;0;898,8;899,1;898,6;0;12,6;12,2;12,9;12,3;12,4;11,9;99;97;98;38;2,4;1,4;
2026/05/17;0700 UTC;0;898,5;898,6;898,3;0;12,6;12,2;12,9;12,2;12,3;12;99;97;98;48;2,9;1,3;
2026/05/17;0800 UTC;0;898;898,3;897,6;0;12;12;12,2;11,9;12;11,9;100;99;100;194;2,4;,8;
2026/05/17;0900 UTC;0;897,7;898,1;897,5;0;11,8;11,9;11,9;11,7;11,9;11,8;100;100;100;266;3,1;1,5;
2026/05/17;1000 UTC;0;898,2;898,4;898,1;,1;12;12,1;12,1;11,8;12,2;11,9;100;100;100;78;3,6;1,7;
2026/05/17;1100 UTC;0;898,5;898,6;898,4;50,9;12;12,1;12,1;12;12,1;12;100;100;100;38;3;1,7;
2026/05/17;1200 UTC;0;898,8;899;898,6;226;12,2;12,3;12,4;12,1;12,5;12,1;100;100;100;117;2,8;1,3;
2026/05/17;1300 UTC;;;;;;;;;;;;;;;;;;
2026/05/17;1400 UTC;0;898,7;899;898,1;1024;14;12,5;14,8;13,2;13;12,2;98;88;93;142;2,3;1,2;
2026/05/17;1500 UTC;;;;;;;;;;;;;;;;;;
2026/05/17;1600 UTC;;;;;;;;;;;;;;;;;;
2026/05/17;1700 UTC;;;;;;;;;;;;;;;;;;
2026/05/17;1800 UTC;;;;;;;;;;;;;;;;;;
2026/05/17;1900 UTC;0;897,4;897,6;897,3;293,6;15,4;13,1;15,7;15,1;13,3;12,9;90;86;88;225;3,5;1,7;
2026/05/17;2000 UTC;0;897,8;898;897,5;63,7;15;13;15,3;14,7;13,3;12,8;92;88;90;240;4,2;2,1;
2026/05/17;2100 UTC;;;;;;;;;;;;;;;;;;
2026/05/17;2200 UTC;;;;;;;;;;;;;;;;;;
2026/05/17;2300 UTC;0;899,5;899,7;899,2;0;13,1;12;13,2;13;12,2;11,8;95;94;94;135;4,4;2;
2026/05/18;0000 UTC;0;900;900,1;899,7;0;12,7;11,7;13;12,5;11,9;11,5;96;94;95;146;4,9;1,9;
2026/05/18;0100 UTC;0;900,5;900,8;900,1;0;12,1;11,5;12,4;12;11,7;11;98;95;97;154;4,4;1,9;
2026/05/18;0200 UTC;;;;;;;;;;;;;;;;;;
2026/05/18;0300 UTC;;;;;;;;;;;;;;;;;;
2026/05/18;0400 UTC;;;;;;;;;;;;;;;;;;
2026/05/18;0500 UTC;0;901,1;901,3;900,9;0;11,1;10,8;11,4;10,9;11,1;10,6;99;98;99;146;3,5;1,5;
2026/05/18;0600 UTC;,2;901;901,1;900,9;0;10,8;10,6;10,9;10,6;10,8;10,5;100;99;99;138;4;1,5;
2026/05/18;0700 UTC;0;901,2;901,4;900,9;0;10,5;10,4;10,6;10,3;10,5;10;100;99;99;201;3,4;1,5;
2026/05/18;0800 UTC;,2;901,6;901,9;901,4;0;9,9;9,7;10,3;9,7;10;9,5;99;99;99;141;4,2;2,3;
2026/05/18;0900 UTC;,2;902;902,3;901,8;0;9,2;8,9;9,7;8,8;9,6;8,4;99;98;99;167;7,5;3,2;
2026/05/18;1000 UTC;,4;902,7;903,2;902,3;0;8,6;8,2;8,8;8,3;8,4;8;99;97;98;222;6;2,2;
2026/05/18;1100 UTC;0;903,6;903,9;903,2;49,6;8;7,6;8,3;7,9;8,2;7,2;99;96;98;164;5,2;2,1;
2026/05/18;1200 UTC;0;904,2;904,3;903,9;248,2;8;7,2;8,4;7,9;7,5;6,9;96;94;96;136;4;1,7;
2026/05/18;1300 UTC;;;;;;;;;;;;;;;;;;
2026/05/18;1400 UTC;,2;904,7;904,8;904,5;485,9;8,7;7,2;8,8;8,5;7,6;6,9;95;91;93;159;4;2,1;
2026/05/18;1500 UTC;;;;;;;;;;;;;;;;;;
2026/05/18;1600 UTC;0;904,3;904,7;903,9;1168,7;9,8;8;10,8;9,1;8,4;7,6;95;87;91;118;4,6;2,5;
2026/05/18;1700 UTC;;;;;;;;;;;;;;;;;;
2026/05/18;1800 UTC;0;902,8;902,9;902,8;606,2;11,8;8,6;12,3;11,5;8,9;8,3;86;81;84;117;4,4;2,8;
2026/05/18;1900 UTC;;;;;;;;;;;;;;;;;;
2026/05/18;2000 UTC;0;903,2;903,4;903;246,5;11;8,9;11,3;10,4;9,2;8,5;91;87;90;177;4;2,2;
2026/05/18;2100 UTC;;;;;;;;;;;;;;;;;;
2026/05/18;2200 UTC;;;;;;;;;;;;;;;;;;
2026/05/18;2300 UTC;0;904,5;904,6;904,2;0;8,9;8,3;9,3;8,6;8,6;8,2;99;96;97;154;3,7;1,5;
2026/05/19;0000 UTC;0;904,9;905,1;904,5;0;8,7;8,4;8,7;8,6;8,5;8,1;99;97;98;123;3;1,6;
2026/05/19;0100 UTC;,2;905,2;905,3;905,1;0;8,6;8,2;8,7;8,5;8,4;8;99;97;98;104;3,3;2;
2026/05/19;0200 UTC;;;;;;;;;;;;;;;;;;
2026/05/19;0300 UTC;;;;;;;;;;;;;;;;;;
2026/05/19;0400 UTC;0;904,9;905,1;904,6;0;8,4;7,4;8,5;8,1;7,7;6,9;97;92;95;82;3;1,9;
2026/05/19;0500 UTC;0;904,6;904,7;904,5;0;8,5;6,9;8,6;8,4;7,4;6,6;95;90;92;71;3,2;1,8;
2026/05/19;0600 UTC;0;904,2;904,4;903,9;0;8;6,8;8,4;7,8;6,9;6,6;95;92;94;65;2;1,1;
2026/05/19;0700 UTC;0;903,9;904,1;903,9;0;7,3;7;7,7;7,1;7,2;6,8;100;95;98;74;2,4;1,6;
2026/05/19;0800 UTC;0;903,8;903,9;903,7;0;7;7,1;7,2;6,8;7,2;6,9;100;100;100;58;3;1,8;
2026/05/19;0900 UTC;0;903,7;903,8;903,6;0;6,6;6,7;6,8;6,5;6,9;6,5;100;100;100;45;3;2;
2026/05/19;1000 UTC;0;903,9;904,2;903,7;,4;6,3;6,3;6,6;6;6,6;6,1;100;100;100;57;3;1,7;
2026/05/19;1100 UTC;,2;904,3;904,5;904,2;112,8;6,3;6,3;6,5;6,1;6,6;6,1;100;100;100;65;1,5;,9;
2026/05/19;1200 UTC;0;904,9;905,2;904,6;242,2;6,6;6,7;6,8;6,5;6,9;6,5;100;100;100;231;1,9;1,2;
2026/05/19;1300 UTC;;;;;;;;;;;;;;;;;;
2026/05/19;1400 UTC;0;905,2;905,4;904,9;902,1;8,9;8,6;9,7;8,1;9,3;8,1;100;95;99;262;2,4;1,3;
2026/05/19;1500 UTC;;;;;;;;;;;;;;;;;;
2026/05/19;1600 UTC;0;903,9;904,1;903,5;941,7;11,7;8,9;12,3;11,3;9,5;8,2;90;81;86;253;3,3;1,4;
2026/05/19;1700 UTC;;;;;;;;;;;;;;;;;;
2026/05/19;1800 UTC;0;902,6;902,9;902,4;1041,6;12,7;8,6;13,9;12,1;9,2;8;84;73;80;228;3,9;2,1;
2026/05/19;1900 UTC;0;902,5;902,6;902,4;783,5;12,6;8,1;13,2;12,3;8,6;7,6;80;75;77;219;4,6;2,8;
2026/05/19;2000 UTC;;;;;;;;;;;;;;;;;;
2026/05/19;2100 UTC;;;;;;;;;;;;;;;;;;
2026/05/19;2200 UTC;;;;;;;;;;;;;;;;;;
2026/05/19;2300 UTC;0;904,3;904,5;904,1;0;8,4;3,2;8,8;8;4,7;2,7;80;72;74;230;2,8;1,9;
2026/05/20;0000 UTC;;;;;;;;;;;;;;;;;;
2026/05/20;0100 UTC;;;;;;;;;;;;;;;;;;
2026/05/20;0200 UTC;0;905;905,2;904,9;0;5;4,1;6;4,5;4,6;3,7;99;89;96;35;,6;,3;
2026/05/20;0300 UTC;;;;;;;;;;;;;;;;;;
2026/05/20;0400 UTC;0;905,1;905,2;905;0;4,1;3,6;4,4;3,9;4,1;3,1;99;96;98;115;,5;,3;
2026/05/20;0500 UTC;0;905,1;905,1;905;0;3,7;2,4;4,2;3,3;3,4;1,4;98;90;94;149;,8;,3;
2026/05/20;0600 UTC;0;904,9;905,1;904,8;0;4;,8;4,3;3,4;1,5;,4;89;82;84;178;1;,4;
2026/05/20;0700 UTC;0;904,7;904,8;904,5;0;3,4;,4;3,8;3;,7;,2;87;83;85;231;1,4;,4;
2026/05/20;0800 UTC;0;904,3;904,6;904,1;0;2,8;,9;3,5;2,4;1,7;,2;95;83;90;150;,8;,3;
2026/05/20;0900 UTC;0;904,3;904,5;904,2;0;2,6;2;3,2;2,4;2,7;1,2;99;93;97;281;1,9;1;
2026/05/20;1000 UTC;0;904,7;905;904,5;,1;3,1;2,4;3,3;2,9;2,6;2;98;95;97;301;1,1;,6;
2026/05/20;1100 UTC;0;905,3;905,4;905;301;3,5;2,3;4;2,9;2,6;2,1;98;91;94;285;2,1;1,8;
2026/05/20;1200 UTC;0;905,4;905,5;905,3;730,2;4,9;3,3;5,7;4;3,8;2,4;95;88;92;276;4,2;2,3;
2026/05/20;1300 UTC;;;;;;;;;;;;;;;;;;
2026/05/20;1400 UTC;0;905,4;905,5;905,2;2299,8;8,3;1,4;9,2;7,5;2,6;,5;69;61;66;258;5,4;2,9;
2026/05/20;1500 UTC;0;904,9;905,3;904,5;2501,8;9,7;1,6;10,8;8,8;2,6;,4;67;53;60;281;5,1;2,9;
2026/05/20;1600 UTC;0;904,1;904,5;903,7;2578,5;11,7;1,5;12,6;10,8;2,5;,6;57;43;49;268;6,1;3,5;
2026/05/20;1700 UTC;;;;;;;;;;;;;;;;;;
2026/05/20;1800 UTC;0;903,3;903,5;903;2002,6;12,5;1,6;12,7;12;2,5;,5;49;40;46;255;7,2;4;
2026/05/20;1900 UTC;0;903,2;903,4;903;1352,6;12,4;1;12,7;12,1;1,9;,1;47;39;43;259;6,5;3,1;
2026/05/20;2000 UTC;0;903,5;903,6;903,3;645,9;11,5;,6;12,1;10,7;1,2;-,1;49;41;45;253;5,9;3,5;
2026/05/20;2100 UTC;;;;;;;;;;;;;;;;;;
2026/05/20;2200 UTC;;;;;;;;;;;;;;;;;;
2026/05/20;2300 UTC;0;905,5;905,7;905,3;0;6,5;,7;6,9;6;1,1;,6;73;69;71;244;2,6;1,6;
2026/05/21;0000 UTC;;;;;;;;;;;;;;;;;;
2026/05/21;0100 UTC;;;;;;;;;;;;;;;;;;
2026/05/21;0200 UTC;;;;;;;;;;;;;;;;;;
2026/05/21;0300 UTC;;;;;;;;;;;;;;;;;;
2026/05/21;0400 UTC;;;;;;;;;;;;;;;;;;
2026/05/21;0500 UTC;0;906,5;906,6;906,4;0;3,2;2,1;3,6;2,9;2,5;1,7;96;93;95;187;1,3;,3;
2026/05/21;0600 UTC;0;906,3;906,4;906,2;0;3,4;2,4;3,8;3;2,6;2,2;98;93;95;234;,6;,3;
2026/05/21;0700 UTC;0;906,2;906,3;906,1;0;4,2;2,6;5,3;3,7;3;2,3;94;88;92;225;5,2;2,8;
2026/05/21;0800 UTC;0;905,9;906,1;905,8;0;4,8;2,9;5,3;4,1;3,1;2,5;93;88;90;223;2,8;1,5;
2026/05/21;0900 UTC;0;906;906,3;905,8;0;3,4;2,6;4,1;2,9;3,1;2;99;92;96;136;1,8;1;
2026/05/21;1000 UTC;0;906,4;906,7;906,2;,2;3,2;3;3,4;2,9;3,4;2,5;100;98;99;174;1,7;,9;
2026/05/21;1100 UTC;0;907;907,3;906,7;124,1;3,6;3,4;4,1;3,3;3,6;3,2;100;96;99;218;2,9;1,2;
2026/05/21;1200 UTC;0;907,3;907,4;907,2;574,9;4,7;2,7;5,4;4,1;3,4;2,3;96;86;90;89;1,5;,8;
2026/05/21;1300 UTC;;;;;;;;;;;;;;;;;;
2026/05/21;1400 UTC;0;907,2;907,3;907,1;1817,2;7,7;2,4;8,9;6,8;3,4;1,7;77;69;73;220;4,1;1,7;
2026/05/21;1500 UTC;0;907;907,1;906,7;2459,1;8,7;2,5;9,5;8;3,5;1,7;74;66;69;233;4,4;2,2;
2026/05/21;1600 UTC;;;;;;;;;;;;;;;;;;
2026/05/21;1700 UTC;;;;;;;;;;;;;;;;;;
2026/05/21;1800 UTC;0;905,4;905,5;905,4;1958,4;10,7;3,3;11,2;10,1;4,1;2,7;66;60;63;182;3,9;1,4;
2026/05/21;1900 UTC;;;;;;;;;;;;;;;;;;
2026/05/21;2000 UTC;;;;;;;;;;;;;;;;;;
2026/05/21;2100 UTC;;;;;;;;;;;;;;;;;;
2026/05/21;2200 UTC;;;;;;;;;;;;;;;;;;
2026/05/21;2300 UTC;0;907,4;907,6;907;0;6,7;2,5;7,2;6,2;2,7;2,4;82;76;79;114;3,2;1,6;
2026/05/22;0000 UTC;;;;;;;;;;;;;;;;;;
2026/05/22;0100 UTC;0;908,1;908,3;907,8;0;5;3,9;5,2;4,9;4,2;3,5;95;92;94;85;5,1;2,8;
2026/05/22;0200 UTC;;;;;;;;;;;;;;;;;;
2026/05/22;0300 UTC;;;;;;;;;;;;;;;;;;
2026/05/22;0400 UTC;;;;;;;;;;;;;;;;;;
2026/05/22;0500 UTC;0;907,8;908;907,6;0;3,7;1,3;3,8;3,6;1,4;1,3;89;87;88;71;6,4;4,2;
2026/05/22;0600 UTC;0;907,5;907,7;907,4;0;3,6;1,4;3,8;3,3;1,5;1,3;91;88;89;68;5,3;2,6;
2026/05/22;0700 UTC;0;907,6;907,7;907,5;0;3,3;1,6;3,5;3,2;1,7;1,4;92;91;91;75;4,1;2,7;
2026/05/22;0800 UTC;0;907,8;907,9;907,7;0;3,4;1,7;3,5;3,3;1,8;1,6;92;91;91;69;4,9;2,9;
2026/05/22;0900 UTC;0;908;908,1;907,9;0;3,2;1,8;3,4;3;1,9;1,7;94;92;93;70;3,6;2,4;
2026/05/22;1000 UTC;0;908,2;908,3;908,1;,4;3,6;2,2;3,9;3,2;2,5;1,9;94;91;93;69;5,4;3,1;
2026/05/22;1100 UTC;0;908,2;908,2;908;231,7;4,8;2,6;6,2;3,6;3,2;2,2;93;84;89;56;4,8;2,7;
2026/05/22;1200 UTC;0;908,2;908,3;908,1;877,5;7,1;3,5;8;6,3;3,9;3,2;85;79;82;51;5,7;3,4;
2026/05/22;1300 UTC;;;;;;;;;;;;;;;;;;
2026/05/22;1400 UTC;0;907,8;908;907,5;1525,9;11,3;4,8;12,3;10,1;5,7;4,1;71;62;67;51;5;2,3;
2026/05/22;1500 UTC;0;907;907,5;906,7;1630,5;13;4,6;13,7;12,1;5,2;4;64;52;58;59;5;3,3;
2026/05/22;1600 UTC;;;;;;;;;;;;;;;;;;
2026/05/22;1700 UTC;;;;;;;;;;;;;;;;;;
2026/05/22;1800 UTC;0;904,8;905;904,7;1168,1;14,1;6,7;14,4;13,6;7,4;5,8;68;58;63;134;4;1,7;
2026/05/22;1900 UTC;0;905,3;905,8;904,6;393,3;13,5;6,7;14,3;12,9;7,1;6,3;69;62;66;151;2,7;1,4;
2026/05/22;2000 UTC;;;;;;;;;;;;;;;;;;
2026/05/22;2100 UTC;;;;;;;;;;;;;;;;;;
2026/05/22;2200 UTC;;;;;;;;;;;;;;;;;;
2026/05/22;2300 UTC;2;908;908,4;907,7;0;9,2;5,4;10,6;8,4;6,5;3,5;91;67;81;138;2,2;,9;
2026/05/23;0000 UTC;;;;;;;;;;;;;;;;;;
2026/05/23;0100 UTC;;;;;;;;;;;;;;;;;;
2026/05/23;0200 UTC;;;;;;;;;;;;;;;;;;
2026/05/23;0300 UTC;;;;;;;;;;;;;;;;;;
2026/05/23;0400 UTC;0;907,5;907,8;907,4;0;8,7;5,5;8,8;8,5;6;5;87;82;84;79;2,9;1,8;
2026/05/23;0500 UTC;0;907,3;907,4;907,1;0;8,6;6,5;8,7;8,5;6,8;6;91;87;90;64;2,6;1,6;
2026/05/23;0600 UTC;,2;907;907,3;906,7;0;8,3;7,1;8,5;8,2;7,5;6,7;96;91;94;67;3,8;2,4;
2026/05/23;0700 UTC;0;906,3;906,7;906,2;0;8,2;7,4;8,2;8,1;7,5;7,3;97;95;96;71;3,5;2,1;
2026/05/23;0800 UTC;0;906,3;906,4;906,2;0;8,1;7,4;8,3;8,1;7,4;7,3;97;95;96;81;3,6;2,5;
2026/05/23;0900 UTC;0;906,4;906,5;906,3;0;8,3;7,5;8,3;8,2;7,6;7,3;96;95;96;106;1,7;1,1;
2026/05/23;1000 UTC;0;906,7;906,8;906,5;0;8,5;7,6;8,7;8,3;7,7;7,4;96;95;95;106;2,5;1,4;
2026/05/23;1100 UTC;0;906,8;906,9;906,7;42,6;8,7;7,8;8,8;8,6;7,9;7,7;96;95;96;108;2,8;1,8;
2026/05/23;1200 UTC;0;906,8;906,9;906,7;242,6;9,3;8,1;9,8;8,8;8,3;7,9;96;92;94;101;2,8;1,3;
2026/05/23;1300 UTC;;;;;;;;;;;;;;;;;;
2026/05/23;1400 UTC;0;906,5;906,8;906,3;676,8;11,3;9,3;11,8;10,7;9,8;8,8;92;89;90;132;2,7;1,7;
2026/05/23;1500 UTC;;;;;;;;;;;;;;;;;;
2026/05/23;1600 UTC;;;;;;;;;;;;;;;;;;
2026/05/23;1700 UTC;0;904,6;904,9;904,1;463,6;12,8;9,7;13,2;12,6;10;9,4;87;82;84;148;3,1;1,4;
2026/05/23;1800 UTC;0;904;904,1;903,9;565,4;13,5;9,7;13,7;13,2;10,3;9,3;85;78;81;140;2,4;1,3;
2026/05/23;1900 UTC;0;904;904,1;904;286,5;13,2;10,1;13,3;13,1;10,7;9,7;87;83;85;130;2,6;1,3;
2026/05/23;2000 UTC;;;;;;;;;;;;;;;;;;
2026/05/23;2100 UTC;;;;;;;;;;;;;;;;;;
2026/05/23;2200 UTC;;;;;;;;;;;;;;;;;;
2026/05/23;2300 UTC;0;904,9;905;904,8;0;10,8;9,9;11,1;10,6;10;9,8;97;95;96;107;5,8;3,8;
2026/05/24;0000 UTC;;;;;;;;;;;;;;;;;;
2026/05/24;0100 UTC;,2;905,2;905,2;905,1;0;10,4;10,1;10,5;10,4;10,2;9,9;99;97;98;89;3,6;2,3;
2026/05/24;0200 UTC;0;905;905,2;904,8;0;10,2;9,6;10,5;9,9;9,9;9,5;99;96;97;103;3,6;2,7;
2026/05/24;0300 UTC;0;905;905,2;904,8;0;9,6;9,3;9,9;8,7;9,7;8,7;100;98;99;74;2,4;1,8;
2026/05/24;0400 UTC;0;904,7;904,9;904,6;0;8,8;8,7;9;8,7;8,9;8,5;100;98;99;108;3,6;2,7;
2026/05/24;0500 UTC;0;904,5;904,6;904,4;0;8,7;8,3;9;8,5;8,6;8,1;99;98;98;101;4;2,8;
2026/05/24;0600 UTC;0;904,5;904,6;904,3;0;8,3;8,2;8,5;8;8,4;7,8;100;98;99;103;4,4;3,2;
2026/05/24;0700 UTC;0;904,1;904,3;904,1;0;8,1;8;8,3;7,9;8,4;7,8;100;99;99;105;4;3;
2026/05/24;0800 UTC;0;904;904,1;903,9;0;7,4;7,4;7,9;7,1;7,8;7,1;100;100;100;100;4,3;3,2;
2026/05/24;0900 UTC;0;904;904,3;903,9;0;7,1;7,1;7,1;7;7,2;7,1;100;100;100;94;4;2,9;
2026/05/24;1000 UTC;0;904,5;904,7;904,3;,1;7;7;7,1;6,8;7,2;6,7;100;100;100;83;3,6;2,6;
2026/05/24;1100 UTC;,2;904,7;904,8;904,7;213,6;8,1;7,6;9;7;8,1;7;100;95;98;90;4,6;3,4;
2026/05/24;1200 UTC;0;904,7;904,8;904,6;675,6;9,5;8,5;9,7;9;9,1;8,1;98;94;95;95;5,5;3,6;
2026/05/24;1300 UTC;;;;;;;;;;;;;;;;;;
2026/05/24;1400 UTC;0;904,6;904,8;904,1;1041,2;12,7;10,4;14,2;11,6;10,9;10;92;81;88;108;5,7;3,4;
2026/05/24;1500 UTC;0;903,5;904,1;903,1;2513,6;15,6;9,9;16,8;14,4;11;8,7;81;60;71;79;7;3,9;
2026/05/24;1600 UTC;0;902,9;903,1;902,5;2092,8;16,1;9,5;17;15,2;10,4;8,5;73;60;67;108;6,7;4,5;
2026/05/24;1700 UTC;0;902,1;902,5;901,8;2120,5;16,7;9,5;17,2;16,1;10,3;8,9;70;60;64;111;7,2;4,2;
2026/05/24;1800 UTC;0;901,6;901,8;901,5;1383,9;16,3;9,8;17,1;15,6;10,3;9,3;71;63;67;102;6,2;3,9;
2026/05/24;1900 UTC;0;901,8;901,9;901,7;1204;15,6;10;16,7;14,8;10,5;9,6;75;66;72;111;8,3;5,4;
2026/05/24;2000 UTC;;;;;;;;;;;;;;;;;;
2026/05/24;2100 UTC;;;;;;;;;;;;;;;;;;
2026/05/24;2200 UTC;;;;;;;;;;;;;;;;;;
2026/05/24;2300 UTC;0;903,9;904;903,8;0;10,2;9;10,4;9,8;9;8,9;95;92;94;96;6;4;
2026/05/25;0000 UTC;0;904,3;904,5;904;0;9,6;8,7;9,8;9,5;8,9;8,6;96;95;95;97;4,8;3,4;
2026/05/25;0100 UTC;0;904,4;904,5;904,3;0;9,4;8,4;9,6;9,3;8,6;8,3;96;94;95;93;5,2;3,3;
2026/05/25;0200 UTC;0;904,5;904,6;904,4;0;9,2;8,2;9,5;9,1;8,4;8,1;96;94;95;82;4,9;3,3;
2026/05/25;0300 UTC;0;904,6;904,7;904,5;0;9;8;9,2;8,9;8,2;7,9;96;95;95;81;5;3,5;
2026/05/25;0400 UTC;0;904,4;904,5;904,3;0;8,6;7,8;8,9;8,3;7,9;7,7;97;95;96;67;4,7;2,8;
2026/05/25;0500 UTC;0;904,3;904,4;904,2;0;8,1;7,7;8,3;8;7,8;7,6;98;97;98;74;3,8;2,2;
2026/05/25;0600 UTC;0;904;904,2;903,8;0;7,8;7,5;8;7,7;7,7;7,3;99;98;99;77;3,2;2,4;
2026/05/25;0700 UTC;0;903,8;903,9;903,7;0;8,6;7,9;9,3;7,8;8,1;7,4;99;94;96;42;4,6;1,9;
2026/05/25;0800 UTC;0;903,6;903,8;903,4;0;9,3;8,4;9,8;8,9;8,9;7,9;96;95;96;79;6,2;2,6;
2026/05/25;0900 UTC;0;903,4;903,5;903,3;0;10,1;9,1;10,2;9,9;9,2;9;96;95;95;49;4,5;2,2;
2026/05/25;1000 UTC;0;903,8;904,1;903,5;0;10,4;9,4;10,5;10,2;9,5;9,3;95;95;95;54;6,1;2,9;
2026/05/25;1100 UTC;0;904,6;905;904,1;81,5;10,7;9,4;10,9;10,5;9,6;9,3;95;93;94;139;4,4;1,5;
2026/05/25;1200 UTC;0;905,1;905,3;904,6;411,9;11,4;9,9;12,1;10,9;10,1;9,6;94;89;92;48;5,2;3,2;
2026/05/25;1300 UTC;0;904,8;905;904,7;1333;13,4;10,2;14,2;12,1;10,7;10;89;81;84;65;5,8;3,2;
2026/05/25;1400 UTC;0;904,7;905;904,6;1392,5;14,9;10,7;15,6;14,4;11,3;10,4;83;76;79;224;5;2,2;
2026/05/25;1500 UTC;;;;;;;;;;;;;;;;;;
2026/05/25;1600 UTC;0;903,4;903,8;903,1;1209,5;16,8;12;17;15,9;12,4;11,5;79;75;76;154;5,6;2,1;
2026/05/25;1700 UTC;0;903;903,3;902,7;642,9;16,6;12,3;16,8;16,4;12,5;12,1;80;77;78;123;4,3;1,8;
2026/05/25;1800 UTC;0;902,8;903,1;902,7;325,7;16,5;12,5;16,7;16,4;12,9;12,2;82;78;80;249;3,7;1,6;
2026/05/25;1900 UTC;0;903,4;903,7;903;124,3;15,5;13,1;16,5;14,8;13,4;12,7;92;81;88;301;3,8;2,3;
2026/05/25;2000 UTC;;;;;;;;;;;;;;;;;;
2026/05/25;2100 UTC;;;;;;;;;;;;;;;;;;
2026/05/25;2200 UTC;;;;;;;;;;;;;;;;;;
2026/05/25;2300 UTC;2,2;904,1;904,4;903,4;0;13,7;13,1;13,9;13,5;13,1;13;98;96;97;46;6,8;3,8;
2026/05/26;0000 UTC;1,8;903,8;904,7;903,1;0;13,5;13,2;13,5;13,4;13,3;13,1;99;98;98;52;7,4;4;
2026/05/26;0100 UTC;;;;;;;;;;;;;;;;;;
2026/05/26;0200 UTC;2,4;903,5;904,1;902,1;0;13,4;13,1;13,4;13,3;13,2;13;99;98;99;43;10,9;6,1;
2026/05/26;0300 UTC;0;902,8;903,7;901,7;0;13,3;12,8;13,4;13,1;13;12,6;99;97;97;103;5,9;2,5;
2026/05/26;0400 UTC;,2;903,5;903,7;903,4;0;13,1;12,7;13,1;13;12,7;12,6;98;98;98;263;3,8;1,1;
2026/05/26;0500 UTC;0;902,9;903,7;902,2;0;12,9;12,6;13,1;12,8;12,7;12,5;99;98;99;41;5;2,4;
2026/05/26;0600 UTC;0;901,9;902,2;901,6;0;12,8;12,5;13;12,7;12,6;12,3;99;98;98;87;4,8;1,6;
2026/05/26;0700 UTC;0;901,9;902;901,8;0;12,5;12,2;12,6;12,4;12,3;12,1;99;98;99;85;4,3;2,2;
2026/05/26;0800 UTC;0;901,8;902,1;901,2;0;12,7;12,2;12,8;12,6;12,3;12,1;98;97;97;116;4,9;2;
2026/05/26;0900 UTC;0;901,7;902,4;901,1;0;13,1;12,1;13,2;12,8;12,3;12;97;95;95;215;4,4;2,3;
2026/05/26;1000 UTC;3,5;902,5;903,3;902,2;0;12,6;12,4;12,9;12,4;12,5;12,3;100;97;99;307;2,1;1,3;
2026/05/26;1100 UTC;6,1;903,6;903,8;903,3;2,5;12,8;12,8;13;12,5;13;12,5;100;100;100;63;2,9;1,4;
2026/05/26;1200 UTC;2,8;903,3;903,7;902,8;29,5;13;12,9;13,1;12,9;13;12,8;100;99;99;41;6,3;3,6;
2026/05/26;1300 UTC;1,8;902,9;903,1;902,7;234;13,5;13,1;13,7;13,1;13,3;12,9;99;97;98;117;6,2;2,4;
2026/05/26;1400 UTC;1,8;903,1;903,2;903;304,8;13,7;13,4;13,9;13,6;13,7;13,3;99;99;99;79;4,5;1,9;
2026/05/26;1500 UTC;1;902,3;903,2;901,9;723,2;14,3;13,8;15;13,9;14,1;13,5;99;94;97;59;5,2;2,3;
2026/05/26;1600 UTC;0;901,3;901,9;900,8;1464,5;16,6;14;17,6;15,1;14,9;13,4;96;79;87;204;6,2;2;
2026/05/26;1700 UTC;0;900,5;900,8;900,1;1083,3;17,5;13,8;18;17,3;14,3;13,4;84;79;81;316;8,6;4,4;
2026/05/26;1800 UTC;0;900,1;900,2;899,9;521,3;16,7;14,4;17,3;16,2;15;13,7;93;82;88;305;7,5;4,4;
2026/05/26;1900 UTC;0;899,8;900;899,5;663,9;16,9;14,4;17,4;16,5;14,9;14;90;84;88;304;7;3,9;
2026/05/26;2000 UTC;;;;;;;;;;;;;;;;;;
2026/05/26;2100 UTC;;;;;;;;;;;;;;;;;;
2026/05/26;2200 UTC;;;;;;;;;;;;;;;;;;
2026/05/26;2300 UTC;4,5;901,7;902,1;901,2;,1;13,6;13,4;14,2;13,1;14;12,9;100;99;99;229;8,5;3,9;
2026/05/27;0000 UTC;0;902,4;902,7;902,1;0;13;12,9;13,1;12,8;13;12,8;100;99;100;242;4,9;3,1;
2026/05/27;0100 UTC;;;;;;;;;;;;;;;;;;
2026/05/27;0200 UTC;,2;903,5;903,8;903,1;0;12,1;11,9;12,8;11,6;12,8;11,5;100;99;99;223;6,2;2,4;
2026/05/27;0300 UTC;0;903,7;903,9;903,6;0;11,6;11,5;11,7;11,5;11,6;11,3;100;99;99;264;2,4;1,2;
2026/05/27;0400 UTC;0;903,4;903,6;903,2;0;11,3;11,2;11,5;11,1;11,5;11;100;99;100;167;3,3;1,2;
2026/05/27;0500 UTC;0;903,2;903,3;903,1;0;11;11;11,1;11;11;10,9;100;99;100;210;3,4;1,5;
2026/05/27;0600 UTC;0;903;903,2;902,8;0;10,9;10,8;11,1;10,8;11;10,7;100;99;100;232;2,8;1,6;
2026/05/27;0700 UTC;0;902,8;902,9;902,8;0;10,8;10,9;10,8;10,7;10,9;10,8;100;100;100;208;3,1;1,2;
2026/05/27;0800 UTC;,2;902,8;902,9;902,7;0;10,6;10,7;10,7;10,5;10,8;10,5;100;100;100;234;2,7;1,2;
2026/05/27;0900 UTC;0;903,1;903,4;902,9;0;10,6;10,6;10,6;10,4;10,7;10,4;100;100;100;176;4,2;2;
2026/05/27;1000 UTC;,2;903,7;903,9;903,4;,2;10,4;10,1;10,6;10,1;10,5;9,8;100;97;98;177;4,3;1,9;
2026/05/27;1100 UTC;0;904,2;904,5;903,9;96,3;10;9,7;10,1;9,8;9,9;9,5;100;97;99;198;3,7;1,9;
2026/05/27;1200 UTC;0;904,8;905;904,5;310,1;10,4;9,9;10,5;10,1;10,2;9,7;98;96;98;222;5;2,3;
2026/05/27;1300 UTC;0;905,1;905,3;905;687,1;10,8;9,8;11,2;10,3;10,4;9,4;98;91;95;163;4,8;2;
2026/05/27;1400 UTC;0;905,3;905,4;905,1;1742,8;11,9;9,3;13;10,7;10,2;8,3;95;77;87;189;5;2,2;
2026/05/27;1500 UTC;;;;;;;;;;;;;;;;;;
2026/05/27;1600 UTC;;;;;;;;;;;;;;;;;;
2026/05/27;1700 UTC;;;;;;;;;;;;;;;;;;
2026/05/27;1800 UTC;0;903;903,2;902,8;1891,5;14,8;7,3;15,3;14,4;8,1;6,2;68;57;63;211;5,1;2,7;
2026/05/27;1900 UTC;0;903,2;903,3;903,1;1268,9;14,9;7,3;15,4;14,3;7,8;6,6;66;60;62;148;4,2;1,9;
2026/05/27;2000 UTC;;;;;;;;;;;;;;;;;;
2026/05/27;2100 UTC;;;;;;;;;;;;;;;;;;
2026/05/27;2200 UTC;;;;;;;;;;;;;;;;;;
2026/05/27;2300 UTC;0;905;905,1;904,8;0;10,3;8,3;10,6;10;8,5;8;91;87;90;95;4,2;2,7;
2026/05/28;0000 UTC;0;905,3;905,6;905,1;0;9,7;8;10,1;9,3;8,2;7,9;93;90;91;103;3,5;2,4;
2026/05/28;0100 UTC;0;905,9;906;905,8;0;9;7,4;9,2;8,9;7,6;7,4;93;92;92;93;3,8;2,7;
2026/05/28;0200 UTC;0;905,9;906;905,8;0;9,3;7,8;9,8;8,9;8,1;7,4;93;90;92;89;6,4;3,2;
2026/05/28;0300 UTC;0;905,5;905,8;905,3;0;9,8;7,7;9,9;9,7;7,8;7,4;90;88;89;88;7,8;4,3;
2026/05/28;0400 UTC;0;905,1;905,3;905;0;9,6;7,8;9,7;9,5;7,9;7,6;92;90;91;78;7,6;4,7;
2026/05/28;0500 UTC;0;904,9;905;904,7;0;9,4;7,6;9,7;9,2;7,8;7,4;92;90;91;81;6;4,2;
2026/05/28;0600 UTC;0;904,5;904,8;904,3;0;9,3;7,6;9,5;8,9;7,9;7,1;92;90;91;85;6,7;4,6;
2026/05/28;0700 UTC;0;904,3;904,5;904,2;0;8,4;6,8;8,9;7,9;7;6,6;94;91;92;68;4,6;2,9;
2026/05/28;0800 UTC;0;904,3;904,4;904,2;0;7,5;6,6;7,8;7,2;6,6;6,5;96;94;95;68;3,2;2;
2026/05/28;0900 UTC;0;904,3;904,5;904,2;0;7;6,4;7,2;6,8;6,5;6,2;98;96;97;62;3,6;2,4;
2026/05/28;1000 UTC;0;904,6;904,9;904,4;0;7,1;6,3;7,3;6,7;6,5;6,1;98;95;96;50;2,9;1,5;
2026/05/28;1100 UTC;0;905;905,1;904,9;195,8;8;6,1;9,5;7;6,6;5,9;96;85;91;52;4,4;2,1;
2026/05/28;1200 UTC;0;905;905;904,9;869,7;10,5;6,9;11,2;9,5;7,4;6,6;86;80;82;51;6,3;3,2;
2026/05/28;1300 UTC;0;905,1;905,2;904,9;1553,4;11,9;7,7;12,7;11,1;8,3;7,2;81;76;79;158;6,3;2,4;
2026/05/28;1400 UTC;;;;;;;;;;;;;;;;;;
2026/05/28;1500 UTC;0;904,2;904,5;903,8;2369,3;15,1;9,3;16,1;14,1;10,3;8,6;75;67;71;252;4,5;2,1;
2026/05/28;1600 UTC;;;;;;;;;;;;;;;;;;
2026/05/28;1700 UTC;0;902,5;902,9;902,1;2292,5;16,9;8,8;17,4;16,2;10;7,4;67;52;59;313;5,1;2,6;
2026/05/28;1800 UTC;0;901,9;902,1;901,7;1892,8;17,8;8,3;18,4;17,3;9,1;7,3;57;47;53;302;5;2,8;
2026/05/28;1900 UTC;0;901,7;901,8;901,6;1255,1;17,9;7,3;18,2;17,6;8,4;6,6;52;43;47;300;3,6;2,3;
2026/05/28;2000 UTC;;;;;;;;;;;;;;;;;;
2026/05/28;2100 UTC;;;;;;;;;;;;;;;;;;
2026/05/28;2200 UTC;;;;;;;;;;;;;;;;;;
2026/05/28;2300 UTC;0;904;904,2;903,9;0;11,7;7;12,1;11,2;7,3;6,7;79;75;77;110;1,7;1,3;
2026/05/29;0000 UTC;0;904,3;904,4;904,1;0;11,1;7;11,6;10,5;7,4;6,8;81;77;79;89;2,4;1,6;
2026/05/29;0100 UTC;;;;;;;;;;;;;;;;;;
2026/05/29;0200 UTC;;;;;;;;;;;;;;;;;;
2026/05/29;0300 UTC;;;;;;;;;;;;;;;;;;
2026/05/29;0400 UTC;0;904,9;905,1;904,8;0;7,7;7,7;8,2;7,3;8,2;7,3;100;99;100;74;6;3,9;
2026/05/29;0500 UTC;0;904,7;904,8;904,6;0;8,3;8,4;8,4;8,2;8,5;8,3;100;100;100;64;4,2;2,7;
2026/05/29;0600 UTC;0;904,7;904,9;904,5;0;8,3;8,4;8,5;8,2;8,5;8,3;100;100;100;51;4,9;2,7;
2026/05/29;0700 UTC;0;904,4;904,5;904,3;0;8,3;8,4;8,5;8,2;8,5;8,3;100;100;100;56;4,2;2,7;
2026/05/29;0800 UTC;0;904,3;904,4;904,2;0;8,2;8,3;8,3;8,1;8,4;8,2;100;100;100;71;4,8;3;
2026/05/29;0900 UTC;0;904,4;904,7;904,2;0;8,1;8,2;8,2;8,1;8,3;8,2;100;100;100;43;4,8;3;
2026/05/29;1000 UTC;0;904,9;905,2;904,6;0;8;8,1;8,2;7,9;8,2;8;100;100;100;54;6,1;3,6;
2026/05/29;1100 UTC;0;905,4;905,6;905,1;79,5;8,2;8,3;8,4;8,1;8,4;8,2;100;100;100;44;5,9;2,7;
2026/05/29;1200 UTC;0;905,7;905,9;905,6;345,3;8,7;8,8;9,3;8,3;9,3;8,4;100;100;100;55;4,3;2,7;
2026/05/29;1300 UTC;0;905,8;905,9;905,6;609,2;10;9,6;10,6;9,3;9,9;9,3;100;95;98;47;4,3;2,5;
2026/05/29;1400 UTC;0;905,7;906;905,3;849,5;11,1;9,7;12,2;10,5;10,1;9,5;96;88;93;47;4,4;2,4;
2026/05/29;1500 UTC;;;;;;;;;;;;;;;;;;
2026/05/29;1600 UTC;;;;;;;;;;;;;;;;;;
2026/05/29;1700 UTC;0;903,1;903,6;902,5;1314;15,9;10,1;16,5;15,1;10,8;9,4;74;68;71;107;4,9;2,9;
2026/05/29;1800 UTC;0;902,4;902,6;901,9;1576,8;16,8;10,7;17,4;16,3;11;10,2;73;66;69;125;4,9;2,6;
2026/05/29;1900 UTC;0;902,1;902,2;901,9;894,5;16,2;10,3;16,7;15,7;10,7;9,9;72;69;70;126;3,6;1,9;
2026/05/29;2000 UTC;;;;;;;;;;;;;;;;;;
2026/05/29;2100 UTC;;;;;;;;;;;;;;;;;;
2026/05/29;2200 UTC;;;;;;;;;;;;;;;;;;
2026/05/29;2300 UTC;0;904,2;904,5;903,9;0;11,9;9,3;12,2;11,7;9,4;9,3;88;86;87;67;4,6;3;
2026/05/30;0000 UTC;;;;;;;;;;;;;;;;;;
2026/05/30;0100 UTC;;;;;;;;;;;;;;;;;;
2026/05/30;0200 UTC;;;;;;;;;;;;;;;;;;
2026/05/30;0300 UTC;;;;;;;;;;;;;;;;;;
2026/05/30;0400 UTC;,6;905,3;905,4;905,2;0;10,6;9,7;10,7;10,4;9,9;9,5;97;94;96;79;2,2;1,3;
2026/05/30;0500 UTC;,8;905,6;905,7;905,4;0;10,6;9,9;10,6;10,5;10;9,7;98;95;96;73;2,2;1,5;
2026/05/30;0600 UTC;2,2;905,4;905,6;905,2;0;10,4;9,9;10,6;10,3;10;9,8;98;96;97;87;2,3;1,5;
2026/05/30;0700 UTC;1,2;905;905,2;904,6;0;10,3;9,9;10,4;10,3;10;9,8;98;97;98;50;3,3;2,1;
2026/05/30;0800 UTC;,4;903,7;904,6;903,2;0;10,4;9,7;10,5;10,3;9,9;9,5;98;95;96;107;4,8;2,1;
2026/05/30;0900 UTC;0;903,8;904,1;903,3;0;10,2;9,6;10,3;10;9,7;9,5;98;96;97;255;3,2;1;
2026/05/30;1000 UTC;0;904,4;904,7;904;0;9,8;9,4;10;9,6;9,6;9,3;99;98;98;93;1,7;1,2;
2026/05/30;1100 UTC;0;905;905,3;904,6;107,3;9,5;9,3;9,7;9,4;9,5;9,2;99;98;99;77;1,7;1,2;
2026/05/30;1200 UTC;0;905,3;905,4;905,2;517,9;10,4;9,7;11,2;9,7;10,2;9,5;99;92;96;73;2,2;1,1;
2026/05/30;1300 UTC;0;905,2;905,3;904,9;1416,8;13,1;9,9;14,3;11,3;11,1;9,3;93;76;84;309;3;1,6;
2026/05/30;1400 UTC;;;;;;;;;;;;;;;;;;
2026/05/30;1500 UTC;;;;;;;;;;;;;;;;;;
2026/05/30;1600 UTC;;;;;;;;;;;;;;;;;;
2026/05/30;1700 UTC;;;;;;;;;;;;;;;;;;
2026/05/30;1800 UTC;0;902,6;902,8;902,4;1536,8;16,8;9,5;17,5;16,1;10,1;9,1;68;59;63;221;4;2,3;
2026/05/30;1900 UTC;0;902,2;902,4;902,1;1405,3;17,3;10;17,8;16,6;10,6;9,3;67;59;63;229;4,7;2,3;
2026/05/30;2000 UTC;;;;;;;;;;;;;;;;;;
2026/05/30;2100 UTC;;;;;;;;;;;;;;;;;;
2026/05/30;2200 UTC;;;;;;;;;;;;;;;;;;
2026/05/30;2300 UTC;0;904,3;904,4;904,1;0;12,3;9,6;12,7;12,1;9,8;9,5;88;84;87;104;3,7;1,7;
2026/05/31;0000 UTC;0;904,4;904,4;904,3;0;11,6;9,5;12,4;10,8;9,6;9,3;93;86;89;79;3,3;1,6;
2026/05/31;0100 UTC;;;;;;;;;;;;;;;;;;
2026/05/31;0200 UTC;;;;;;;;;;;;;;;;;;
2026/05/31;0300 UTC;;;;;;;;;;;;;;;;;;
2026/05/31;0400 UTC;0;904,4;904,5;904,4;0;9,6;8,9;9,8;9,6;9;8,8;97;95;96;81;2,1;1,6;
2026/05/31;0500 UTC;0;904,4;904,5;904,3;0;9,9;9,1;10,2;9,6;9,3;8,9;97;95;96;90;1,4;,8;
2026/05/31;0600 UTC;0;904;904,3;903,8;0;10,6;9,4;10,8;10,2;9,6;9,2;95;93;94;257;1,2;,4;
2026/05/31;0700 UTC;0;903,8;903,9;903,8;0;10,5;9,6;10,8;10,4;9,8;9,5;97;94;95;278;1;,4;
2026/05/31;0800 UTC;0;903,8;903,9;903,7;0;10;9,4;10,3;9,8;9,7;9,2;98;96;97;42;3,4;1,7;
2026/05/31;0900 UTC;0;903,7;903,9;903,6;0;9,7;9,6;9,8;9,6;9,8;9,3;100;98;100;299;2,3;1,3;
2026/05/31;1000 UTC;0;904,1;904,3;903,9;,1;9,8;9,8;9,8;9,7;9,9;9,8;100;100;100;69;2;1,1;
2026/05/31;1100 UTC;0;904,6;904,9;904,4;58,4;10;10,1;10,2;9,8;10,2;9,8;100;100;100;50;2,3;1,3;
2026/05/31;1200 UTC;0;905,1;905,1;904,9;231,4;10,5;10,5;11;10,2;11;10,2;100;100;100;96;2,7;1,3;
2026/05/31;1300 UTC;0;905,2;905,3;905,1;504,3;11,8;11,5;12,6;11;12;11;100;96;99;302;2,7;1,5;
2026/05/31;1400 UTC;;;;;;;;;;;;;;;;;;
2026/05/31;1500 UTC;;;;;;;;;;;;;;;;;;
2026/05/31;1600 UTC;;;;;;;;;;;;;;;;;;
2026/05/31;1700 UTC;0;902,5;902,8;902,4;690,9;15,1;11,6;15,6;14,6;12;11,1;86;78;82;231;5,4;1,8;
2026/05/31;1800 UTC;0;902;902,4;901,8;1051,1;15,6;11,4;16,5;14,8;12;10,9;85;75;79;244;3,4;2,1;
2026/05/31;1900 UTC;;;;;;;;;;;;;;;;;;
2026/05/31;2000 UTC;;;;;;;;;;;;;;;;;;
2026/05/31;2100 UTC;;;;;;;;;;;;;;;;;;
2026/05/31;2200 UTC;0;903,3;903,5;903,1;0;12,1;11,1;12,8;11,5;11,5;10,3;98;93;95;227;1;,8;
2026/05/31;2300 UTC;0;903,6;903,8;903,5;0;11,3;10,9;11,5;11;11,2;10,3;100;96;98;135;,4;,3;
2026/06/01;0000 UTC;;;;;;;;;;;;;;;;;;
2026/06/01;0100 UTC;;;;;;;;;;;;;;;;;;
2026/06/01;0200 UTC;;;;;;;;;;;;;;;;;;
2026/06/01;0300 UTC;;;;;;;;;;;;;;;;;;
2026/06/01;0400 UTC;0;903,6;903,7;903,5;0;10,8;10,8;10,9;10,6;10,9;10,6;100;100;100;81;2,2;1,4;
2026/06/01;0500 UTC;0;903,5;903,6;903,3;0;10,2;10,3;10,6;10,1;10,7;10,2;100;100;100;66;1,4;,9;
2026/06/01;0600 UTC;0;903,1;903,3;902,9;0;10,1;10,1;10,2;9,9;10,3;10;100;100;100;309;1,3;,7;
2026/06/01;0700 UTC;0;902,9;903;902,9;0;10;10,1;10,2;9,8;10,3;9,9;100;100;100;283;1,8;,6;
2026/06/01;0800 UTC;0;903,1;903,3;903;0;10,1;10,1;10,2;9,9;10,3;10;100;100;100;178;1,7;,9;
2026/06/01;0900 UTC;0;903,4;903,7;903,2;0;10;10;10,1;9,9;10,2;10;100;100;100;250;1,2;,6;
2026/06/01;1000 UTC;0;903,9;904;903,7;0;9,9;10;10;9,8;10;9,9;100;100;100;304;2,3;1,2;
2026/06/01;1100 UTC;0;904,3;904,6;904;87,1;9,7;9,8;9,8;9,6;9,9;9,7;100;100;100;151;1,2;,6;
2026/06/01;1200 UTC;0;904,9;905,2;904,6;493,8;10,4;10,1;11,1;9,8;10,4;9,9;100;96;98;242;2,7;1,2;
2026/06/01;1300 UTC;0;905;905,2;904,9;1176,5;11,8;9;12,6;11;10,6;6,5;97;70;86;226;3,5;2;
2026/06/01;1400 UTC;;;;;;;;;;;;;;;;;;
2026/06/01;1500 UTC;;;;;;;;;;;;;;;;;;
2026/06/01;1600 UTC;;;;;;;;;;;;;;;;;;
2026/06/01;1700 UTC;0;903,3;903,8;902,9;2428,2;15,2;7,6;15,8;14,8;8,5;6,9;66;59;62;205;3,1;1,5;
2026/06/01;1800 UTC;0;902,8;902,9;902,7;1865,4;15,7;7,9;16,1;15,4;8,7;7,2;65;57;61;221;3,5;1,5;
2026/06/01;1900 UTC;0;902,7;902,8;902,6;1189,7;15,7;8;16;15,4;8,5;7,5;65;59;62;227;3,5;1,9;
2026/06/01;2000 UTC;;;;;;;;;;;;;;;;;;
2026/06/01;2100 UTC;;;;;;;;;;;;;;;;;;
2026/06/01;2200 UTC;;;;;;;;;;;;;;;;;;
2026/06/01;2300 UTC;0;905,1;905,4;904,9;0;11,4;7,9;12,1;10,3;8,4;7,3;91;78;83;160;3;1,7;
2026/06/02;0000 UTC;0;905,6;905,7;905,4;0;10,1;9;10,3;10;9,4;8,4;97;91;94;128;4,2;2,5;
2026/06/02;0100 UTC;;;;;;;;;;;;;;;;;;
2026/06/02;0200 UTC;;;;;;;;;;;;;;;;;;
2026/06/02;0300 UTC;0;906,1;906,2;906,1;0;8,3;8,3;8,4;8,2;8,5;8,3;100;100;100;108;5;2,8;
2026/06/02;0400 UTC;0;905,9;906,1;905,8;0;8,1;8,1;8,2;7,9;8,3;7,9;100;100;100;107;5;3,1;
2026/06/02;0500 UTC;0;906,2;906,3;906,1;0;8;8,1;8,1;7,9;8,1;7,9;100;100;100;111;4,8;3,4;
2026/06/02;0600 UTC;0;906,1;906,2;905,9;0;8,1;8,1;8,1;8;8,2;7,8;100;99;100;90;5;3,3;
2026/06/02;0700 UTC;0;906,2;906,4;905,9;0;7,9;7,6;8,1;7,8;7,9;7,5;99;98;99;100;3,3;2,3;
2026/06/02;0800 UTC;0;906,2;906,3;906,1;0;7,9;7,5;7,9;7,8;7,6;7,4;99;98;98;76;2,3;1,7;
2026/06/02;0900 UTC;0;906;906,2;905,8;0;8,1;7,5;8,3;7,9;7,7;7,5;98;96;97;81;3,3;1,9;
2026/06/02;1000 UTC;0;906,1;906,5;905,8;0;8,5;7,8;8,6;8,3;8;7,5;97;96;96;74;2,5;1,1;
2026/06/02;1100 UTC;0;906,8;907;906,5;80,1;8,7;8,1;9;8,5;8,2;7,9;98;95;97;90;2,4;1,6;
2026/06/02;1200 UTC;0;907,3;907,6;906,9;474,4;9,8;8,3;10,9;9;8,7;8;95;87;93;62;2,7;1,3;
2026/06/02;1300 UTC;0;907,8;907,9;907,7;1182;11,9;8,3;13,4;10,8;8,8;7,5;89;71;82;;;;
2026/06/02;1400 UTC;;;;;;;;;;;;;;;;;;
2026/06/02;1500 UTC;0;907,2;907,5;906,8;2085;14,6;7,8;15,8;13,6;8,4;7,3;71;61;66;217;3;1,2;
2026/06/02;1600 UTC;;;;;;;;;;;;;;;;;;
2026/06/02;1700 UTC;0;905,4;905,7;905;2060,3;16,3;8,4;17,4;15,5;9;7,8;65;57;60;247;3,3;1,2;
2026/06/02;1800 UTC;0;904,8;905;904,6;1676,1;17;8,5;17,6;16,3;9,1;8;63;54;57;299;2,9;1,6;
2026/06/02;1900 UTC;0;905,1;905,4;904,8;451,8;15,9;8,8;17,4;15,1;9,8;8,1;72;55;64;169;1,2;,6;
2026/06/02;2000 UTC;;;;;;;;;;;;;;;;;;
2026/06/02;2100 UTC;;;;;;;;;;;;;;;;;;
2026/06/02;2200 UTC;0;906,7;907,1;906,5;0;10,7;8,9;12,3;9,6;9,4;8,6;96;86;91;85;6,2;3,9;
2026/06/02;2300 UTC;;;;;;;;;;;;;;;;;;
2026/06/03;0000 UTC;0;907,9;908;907,7;0;9,3;8,2;9,5;9,1;8,4;8;95;94;94;92;5,2;3;
2026/06/03;0100 UTC;;;;;;;;;;;;;;;;;;
2026/06/03;0200 UTC;0;908,5;908,6;908,3;0;8,9;7,9;9;8,8;8;7,8;96;94;95;67;4,4;2,6;
2026/06/03;0300 UTC;0;908,5;908,6;908,5;0;8,8;7,9;8,8;8,7;7,9;7,8;96;95;96;67;4,8;2,8;
2026/06/03;0400 UTC;0;908,5;908,6;908,4;0;8,5;7,8;8,7;8,2;7,9;7,6;97;95;96;66;5,6;3,5;
2026/06/03;0500 UTC;0;908,5;908,6;908,4;0;7,5;7,4;8,2;7,2;7,6;7,2;100;97;99;61;4,3;2,5;
2026/06/03;0600 UTC;0;908,6;908,6;908,5;0;7,1;7,1;7,2;7;7,3;7;100;100;100;64;4,1;2,3;
2026/06/03;0700 UTC;0;908,5;908,6;908,3;0;6,9;7;7,1;6,8;7,2;6,8;100;100;100;61;4,4;2,8;
2026/06/03;0800 UTC;0;908,1;908,4;907,8;0;6,9;7;7,1;6,8;7,1;6,9;100;100;100;58;4,5;2,8;
2026/06/03;0900 UTC;0;907,9;908,5;907,7;0;7,1;7,2;7,2;7;7,3;7;100;100;100;50;3,1;1,9;
2026/06/03;1000 UTC;0;908,8;909,1;908,5;0;6,9;7;7,1;6,6;7,2;6,7;100;100;100;53;2,4;1,6;
2026/06/03;1100 UTC;0;909,2;909,4;909;112;6,2;6,3;6,7;5,9;6,7;6;100;100;100;58;3,9;2,3;
2026/06/03;1200 UTC;;;;;;;;;;;;;;;;;;
2026/06/03;1300 UTC;0;909,3;909,7;909,1;1447;9,6;7,8;11,2;8,6;8,7;7,3;96;86;91;55;5,1;2,4;
2026/06/03;1400 UTC;0;909,1;909,5;908,9;1851,4;12,2;8,3;13,5;11,2;8,8;7,8;85;75;80;;;;
2026/06/03;1500 UTC;;;;;;;;;;;;;;;;;;
2026/06/03;1600 UTC;;;;;;;;;;;;;;;;;;
2026/06/03;1700 UTC;0;906,9;907,2;906,7;2160,9;17,6;9,8;18,3;17,1;10,4;9,3;65;57;61;;;;
2026/06/03;1800 UTC;0;906,5;906,7;906,3;1827,4;18,2;9,8;18,9;17,6;10,3;9,4;60;55;58;;;;
2026/06/03;1900 UTC;0;906,4;906,6;906,3;1149,3;18,3;10;18,8;17,7;10,5;9,6;61;56;58;;;;
2026/06/03;2000 UTC;;;;;;;;;;;;;;;;;;
2026/06/03;2100 UTC;;;;;;;;;;;;;;;;;;
2026/06/03;2200 UTC;;;;;;;;;;;;;;;;;;
2026/06/03;2300 UTC;0;909,2;909,4;909;0;12,1;9;12,4;11,7;9,1;8,7;86;83;85;;;;
2026/06/04;0000 UTC;0;909,7;909,9;909,4;0;11;8,7;11,7;10;8,9;8,5;94;84;89;;;;
2026/06/04;0100 UTC;0;910;910,1;909,9;0;9,8;9;10;9,6;9,1;8,8;97;94;96;;;;
2026/06/04;0200 UTC;0;910,2;910,3;910;0;9,6;8,9;9,7;9,5;9;8,8;97;96;96;;;;
2026/06/04;0300 UTC;;;;;;;;;;;;;;;;;;
2026/06/04;0400 UTC;0;910,2;910,4;910,2;0;9,5;8,3;9,7;9,1;8,7;7,9;96;94;94;;;;
2026/06/04;0500 UTC;0;910,3;910,4;910,2;0;9,1;7,7;9,1;9;7,9;7,6;94;93;93;;;;
2026/06/04;0600 UTC;0;910;910,3;909,8;0;8,9;7,5;9,2;8,7;7,7;7,4;94;92;93;;;;
2026/06/04;0700 UTC;0;909,9;909,9;909,8;0;8,3;7,3;8,7;8,1;7,4;7,2;96;94;95;;;;
2026/06/04;0800 UTC;0;909,7;909,8;909,6;0;8;7,2;8,4;7,9;7,5;7,1;96;95;96;71;2,5;1,4;
2026/06/04;0900 UTC;0;909,5;909,6;909,4;0;9,5;7,8;10;8,4;8;7,4;95;90;91;35;6,7;2,7;
2026/06/04;1000 UTC;0;909,8;910,3;909,5;0;10,4;8,3;10,8;10;8,6;7,9;90;88;89;125;6,9;1,8;
2026/06/04;1100 UTC;0;910,4;910,6;910,2;144,9;11,2;8,8;12,1;10,7;9;8,6;90;84;88;58;5,8;2,5;
2026/06/04;1200 UTC;;;;;;;;;;;;;;;;;;
2026/06/04;1300 UTC;0;910,8;910,8;910,7;1440;14,1;9,9;14,7;13,5;10,2;9,6;81;76;79;;;;
2026/06/04;1400 UTC;0;910,5;910,8;910,2;1981,9;15,6;10,3;16,5;14,7;10,7;10;77;70;73;;;;
2026/06/04;1500 UTC;0;909,8;910,2;909,2;2275,1;17,2;11;18,1;16,4;11,5;10,4;72;65;69;;;;
2026/06/04;1600 UTC;0;908,8;909,3;908,3;2293,9;18,4;11,3;18,8;17,9;12;11;68;62;65;;;;
2026/06/04;1700 UTC;0;907,9;908,3;907,5;2187,7;19,2;11,4;19,7;18,6;12;10,9;65;58;61;252;5,4;2,9;
2026/06/04;1800 UTC;0;907,4;907,6;907,2;1813,8;19,4;11,1;19,9;19,1;11,6;10,7;61;56;58;;;;
2026/06/04;1900 UTC;;;;;;;;;;;;;;;;;;
2026/06/04;2000 UTC;;;;;;;;;;;;;;;;;;
2026/06/04;2100 UTC;0;908,5;908,7;908,3;27,1;15,1;9,7;15,5;14,6;10;9,5;75;72;73;;;;
2026/06/04;2200 UTC;;;;;;;;;;;;;;;;;;
2026/06/04;2300 UTC;0;908,9;909;908,8;0;13;10,1;13,4;12,5;10,4;9,8;89;82;85;110;4,3;1,9;
2026/06/05;0000 UTC;;;;;;;;;;;;;;;;;;
2026/06/05;0100 UTC;0;909;909,1;908,9;0;12;10,3;12,3;11,8;10,5;10,2;92;91;92;49;6;3,1;
2026/06/05;0200 UTC;0;909,1;909,2;909;0;12;10,4;12,1;11,8;10,5;10,2;93;92;92;69;5,4;2,4;
2026/06/05;0300 UTC;;;;;;;;;;;;;;;;;;
2026/06/05;0400 UTC;0;908,6;908,8;908,4;0;11,6;10,2;11,9;11,3;10,2;10;94;92;93;140;4,4;1,9;
2026/06/05;0500 UTC;0;908,3;908,4;908,1;0;11,4;10,1;11,6;11,3;10,2;10;94;93;94;164;4,4;1,9;
2026/06/05;0600 UTC;0;907,9;908,2;907,6;0;11,7;10,3;12;11,4;10,6;10,2;95;91;93;226;5,2;1,9;
2026/06/05;0700 UTC;0;907,4;907,6;907,2;0;12,5;10,4;12,7;12;10,6;10,1;93;87;90;205;5,3;2,2;
2026/06/05;0800 UTC;0;907;907,2;906,9;0;12,1;9,9;12,7;12;10,2;9,6;90;87;89;207;5,4;2,4;
2026/06/05;0900 UTC;0;907,1;907,4;906,9;0;12;9,7;12,2;11,9;9,7;9,6;89;88;88;198;4,9;1,6;
2026/06/05;1000 UTC;0;907,7;907,9;907,4;0;11,8;9,4;11,9;11,6;9,7;9,1;89;88;88;202;5,8;2;
2026/06/05;1100 UTC;0;908,1;908,2;907,9;89,2;11,7;9,1;12,1;11,5;9,2;9;88;85;87;145;6,9;2,6;
2026/06/05;1200 UTC;;;;;;;;;;;;;;;;;;
2026/06/05;1300 UTC;0;908,3;908,5;908,2;1439,4;14;9,1;14,8;13,2;9,5;8,7;80;71;76;;;;
2026/06/05;1400 UTC;0;908,2;908,4;907,8;1932,4;15,4;9,4;16,4;14,7;10,3;8,9;73;66;70;;;;
2026/06/05;1500 UTC;0;907,4;907,8;906,8;2196,5;16,4;9,6;17,1;15,9;10,1;9,2;69;62;66;;;;
2026/06/05;1600 UTC;0;906,6;906,8;906,4;2291,2;17,2;9,7;17,7;16,8;10,5;9,2;66;59;63;;;;
2026/06/05;1700 UTC;0;905,7;906,4;905,1;2124,8;17,8;9,9;18,3;17,1;10,6;9,4;64;57;60;;;;
2026/06/05;1800 UTC;0;904,8;905,1;904,5;1527,8;18,1;9,9;18,7;17,7;10,6;9,4;61;57;59;;;;
2026/06/05;1900 UTC;;;;;;;;;;;;;;;;;;
2026/06/05;2000 UTC;;;;;;;;;;;;;;;;;;
2026/06/05;2100 UTC;;;;;;;;;;;;;;;;;;
2026/06/05;2200 UTC;0;905,4;905,5;905,2;0;13,3;9,5;14;12,8;9,6;9,4;84;78;81;91;3,1;1,3;
2026/06/05;2300 UTC;0;905,5;905,7;905,4;0;12,4;9,4;12,8;12;9,5;9,3;87;83;85;191;2,6;,7;
2026/06/06;0000 UTC;0;905,6;905,8;905,4;0;11,7;9,1;11,9;11,5;9,4;8,9;88;87;87;72;2,5;1,3;
2026/06/06;0100 UTC;0;905,4;905,5;905,2;0;11,3;9,1;11,6;11,1;9,3;9;90;87;89;54;3,3;1,6;
2026/06/06;0200 UTC;0;905,2;905,3;905;0;11;9,1;11,2;10,9;9,2;9;91;90;91;58;2,9;1,7;
2026/06/06;0300 UTC;0;904,9;905;904,7;0;10,8;9;11;10,7;9,1;8,9;92;90;91;61;3,4;1,6;
2026/06/06;0400 UTC;0;904,6;904,7;904,5;0;10,3;8,8;10,7;10,1;8,9;8,7;94;91;92;53;3,8;1,8;
2026/06/06;0500 UTC;0;904,3;904,5;904,1;0;10,6;8,9;10,8;10,4;9;8,8;92;91;91;142;4,2;1,6;
2026/06/06;0600 UTC;0;903,8;904,1;903,5;0;10,6;8,9;10,9;10,4;9;8,9;92;91;91;230;2,7;1,1;
2026/06/06;0700 UTC;0;903,4;903,6;903,3;0;10,3;8,9;10,4;10;9,1;8,7;95;92;93;86;2,1;,8;
2026/06/06;0800 UTC;0;903,2;903,4;902,9;0;10,1;9;10,4;9,9;9,1;8,7;95;93;94;196;2,7;1;
2026/06/06;0900 UTC;0;903;903,2;902,9;0;10,2;9;10,4;10;9,1;8,9;96;93;94;320;2,1;1,2;
2026/06/06;1000 UTC;0;903,5;903,7;903,2;0;9,7;8,9;10;9,5;9,1;8,7;97;94;96;319;2,1;1,4;
2026/06/06;1100 UTC;0;903,7;903,8;903,6;146,1;9,6;8,7;11;9,1;9,1;8,4;98;89;96;254;1,2;,5;
2026/06/06;1200 UTC;0;903,2;903,6;902,9;675,6;11,7;9,6;12,6;11,1;10,3;8,8;92;86;89;;;;
2026/06/06;1300 UTC;0;902,8;902,9;902,6;821,1;13,6;11,4;14,5;12,7;12,4;10,2;90;87;89;;;;
2026/06/06;1400 UTC;0;902,5;902,6;902,3;1042,2;14,7;12,3;15,5;14,3;12,7;12;90;84;88;;;;
2026/06/06;1500 UTC;0;902;902,3;901,6;1400,3;16,1;12;17;15,6;12,9;11,1;85;70;79;;;;
2026/06/06;1600 UTC;0;901;901,7;900,4;1859,1;17;11,4;17,8;16,3;12,1;10,7;75;67;72;;;;
2026/06/06;1700 UTC;0;900;900,4;899,9;1771,8;17,3;11,5;18,4;16,5;11,9;10,4;76;64;71;;;;
2026/06/06;1800 UTC;0;899,9;900,1;899,8;1186,7;17,1;8,9;17,6;16,3;11,9;-2,6;76;;59;;;;
2026/06/06;1900 UTC;;;;;;;;;;;;;;;;;;
2026/06/06;2000 UTC;;;;;;;;;;;;;;;;;;
2026/06/06;2100 UTC;;;;;;;;;;;;;;;;;;
2026/06/06;2200 UTC;0;899,8;899,8;899,8;0;17,4;-2,6;17,4;17,4;-2,6;-2,6;;;;;;;
2026/06/06;2300 UTC;0;899,8;899,8;899,8;0;17,4;-2,6;17,4;17,4;-2,6;-2,6;;;;;;;
2026/06/07;0000 UTC;;;;;;;;;;;;;;;;;;
2026/06/07;0100 UTC;0;901,6;901,6;901,5;0;13,2;11,6;13,3;13,1;11,7;11,5;93;91;92;;;;
2026/06/07;0200 UTC;;;;;;;;;;;;;;;;;;
2026/06/07;0300 UTC;0;901,4;901,5;901,3;0;12,7;11,7;13,1;12,4;11,9;11,5;97;93;95;;;;
2026/06/07;0400 UTC;0;901,3;901,4;901,1;0;12,5;11,5;12,7;12;11,8;11,1;96;94;95;;;;
2026/06/07;0500 UTC;0;901,3;901,4;901,2;0;11,8;11,2;11,9;11,4;11,4;10,9;98;96;97;;;;
2026/06/07;0600 UTC;0;901,2;901,3;901;0;11;10,8;11,4;10,9;11,1;10,6;100;98;99;46;,9;,5;
2026/06/07;0700 UTC;0;900,7;901;900,3;0;10,9;10,8;11,1;10,7;11,1;10,5;100;99;99;105;1,2;,6;
2026/06/07;0800 UTC;0;900,4;900,5;900,2;0;11,2;11,1;11,4;10,8;11,5;10,7;100;99;100;278;1,6;,7;
2026/06/07;0900 UTC;0;900,3;900,5;900,2;0;11,4;11,2;11,6;11,1;11,4;10,9;100;98;99;109;1,5;,5;
2026/06/07;1000 UTC;0;900,6;900,8;900,5;0;11,6;11,3;11,7;11,5;11,4;11,2;99;98;99;;;;
2026/06/07;1100 UTC;,2;901;901,2;900,8;36,9;11,7;11,4;11,8;11,6;11,5;11,2;99;98;98;;;;
2026/06/07;1200 UTC;;;;;;;;;;;;;;;;;;
2026/06/07;1300 UTC;0;901,6;901,8;901,3;368,2;12,5;11,8;12,9;11,9;12,1;11,6;98;94;97;;;;
2026/06/07;1400 UTC;;;;;;;;;;;;;;;;;;
2026/06/07;1500 UTC;2,8;901,4;901,4;901,3;192,8;13,4;12,6;13,6;13,2;13,1;12,1;99;92;96;;;;
2026/06/07;1600 UTC;;;;;;;;;;;;;;;;;;
2026/06/07;1700 UTC;;;;;;;;;;;;;;;;;;
2026/06/07;1800 UTC;1,4;900,1;900,2;899,9;281,8;13,9;13,1;14,1;13,7;13,3;12,8;98;94;96;;;;
2026/06/07;1900 UTC;;;;;;;;;;;;;;;;;;
2026/06/07;2000 UTC;;;;;;;;;;;;;;;;;;
2026/06/07;2100 UTC;;;;;;;;;;;;;;;;;;
2026/06/07;2200 UTC;0;901,1;901,4;900,8;0;12,5;11,8;12,6;12,1;12,2;11,3;98;94;97;;;;
2026/06/07;2300 UTC;;;;;;;;;;;;;;;;;;
2026/06/08;0000 UTC;0;901,8;901,9;901,8;0;11,9;11,7;12,2;11,7;11,8;11,6;100;98;99;;;;
2026/06/08;0100 UTC;0;901,6;901,8;901,4;0;12,4;12;12,5;12,3;12,1;11,9;98;98;98;;;;
2026/06/08;0200 UTC;0;901,5;901,6;901,4;0;12,5;11,9;12,5;12,4;12,1;11,8;98;97;97;;;;
2026/06/08;0300 UTC;0;901,6;901,7;901,5;0;12,4;11,8;12,6;12,2;11,9;11,8;98;96;97;;;;
2026/06/08;0400 UTC;0;901,4;901,6;901,3;0;12,6;11,9;12,6;12,5;11,9;11,8;97;96;97;;;;
2026/06/08;0500 UTC;0;901,2;901,4;900,9;0;12,7;12;12,9;12,6;12;11,8;97;95;96;;;;
2026/06/08;0600 UTC;0;900,8;901;900,6;0;12,4;11,8;12,7;12,3;11,8;11,7;97;96;97;;;;
2026/06/08;0700 UTC;0;900,6;900,7;900,5;0;12,4;11,8;12,4;12,3;11,8;11,7;97;97;97;;;;
2026/06/08;0800 UTC;0;900,2;900,5;900;0;12,4;11,7;12,5;12,3;11,8;11,7;97;96;97;;;;
2026/06/08;0900 UTC;0;900,2;900,5;899,9;0;12,3;11,5;12,3;12,2;11,7;11,4;97;96;96;;;;
2026/06/08;1000 UTC;;;;;;;;;;;;;;;;;;
2026/06/08;1100 UTC;0;901,3;901,5;901,1;50,5;12,1;11,3;12,1;12,1;11,3;11,2;96;96;96;;;;
2026/06/08;1200 UTC;;;;;;;;;;;;;;;;;;
2026/06/08;1300 UTC;;;;;;;;;;;;;;;;;;
2026/06/08;1400 UTC;;;;;;;;;;;;;;;;;;
2026/06/08;1500 UTC;0;900,9;901,4;900,3;1401,6;15,2;11,5;16;14,1;11,9;11;89;75;81;;;;
2026/06/08;1600 UTC;0;900,2;900,5;899,7;991,3;15,6;11,6;16,1;15,2;12,1;10,9;82;75;80;;;;
2026/06/08;1700 UTC;,2;899,6;899,8;899,5;751,6;15,7;11,9;16;15,4;12,2;11,4;82;78;81;;;;
2026/06/08;1800 UTC;0;899,4;899,5;899,2;742,4;15,9;11,5;16,1;15,7;12,2;10,7;82;74;78;;;;
2026/06/08;1900 UTC;;;;;;;;;;;;;;;;;;
2026/06/08;2000 UTC;;;;;;;;;;;;;;;;;;
2026/06/08;2100 UTC;;;;;;;;;;;;;;;;;;
2026/06/08;2200 UTC;0;900,1;900,2;900;0;13,8;11,5;13,9;13,6;11,6;11,4;90;87;89;;;;
2026/06/08;2300 UTC;0;900,3;900,4;900,1;0;13,2;11,5;13,5;13;11,6;11,4;92;90;91;;;;
2026/06/09;0000 UTC;0;900,4;900,5;900,3;0;13,1;11,8;13,4;13;12;11,6;95;91;93;;;;
2026/06/09;0100 UTC;0;900,6;900,8;900,4;0;12,5;11,9;13,1;12,1;12;11,7;99;95;97;;;;
2026/06/09;0200 UTC;;;;;;;;;;;;;;;;;;
2026/06/09;0300 UTC;0;900,7;900,8;900,5;0;12;12;12,1;11,7;12,2;11,7;100;100;100;;;;
2026/06/09;0400 UTC;0;900,3;900,5;900,1;0;12,1;12,1;12,1;12,1;12,2;12;100;100;100;;;;
2026/06/09;0500 UTC;0;899,9;900,1;899,7;0;12,1;12,1;12,1;12,1;12,1;12;100;100;100;;;;
2026/06/09;0600 UTC;0;899,7;899,9;899,4;0;12;11,9;12,1;12;12;11,8;100;99;99;;;;
2026/06/09;0700 UTC;0;899,5;899,7;899,4;0;11,8;11,4;12;11,5;11,9;11;99;97;98;;;;
2026/06/09;0800 UTC;0;899,6;899,7;899,5;0;11,7;11;11,8;11,3;11,3;10,2;98;95;97;;;;
2026/06/09;0900 UTC;0;899,8;900;899,6;0;11;10,3;11,3;10,9;10,4;10,2;98;95;97;;;;
2026/06/09;1000 UTC;0;900,2;900,5;899,9;0;10,8;10,3;10,9;10,8;10,4;10,1;98;97;97;;;;
2026/06/09;1100 UTC;0;900,7;900,8;900,5;43,4;10,8;10,2;11;10,7;10,4;10,1;98;96;97;;;;
2026/06/09;1200 UTC;;;;;;;;;;;;;;;;;;
2026/06/09;1300 UTC;0;901;901,2;900,8;747,8;11,9;9;12,3;11,6;9,9;8,1;89;81;85;;;;
2026/06/09;1400 UTC;;;;;;;;;;;;;;;;;;
2026/06/09;1500 UTC;0;899,9;900,4;899,5;2152,5;13,9;7,5;14,7;12,9;8,3;6,9;73;64;68;;;;
2026/06/09;1600 UTC;0;899;899,4;898,7;2385,4;14,7;7,3;15,2;13,9;7,7;6,6;66;60;63;280;9,4;6,1;
2026/06/09;1700 UTC;0;898,7;899;898,6;1081,1;13,8;6,9;14,7;13,2;7,8;6,4;68;62;65;;;;
2026/06/09;1800 UTC;0;898,4;898,7;898,1;1510,9;14,5;6,9;15,9;13,5;8,1;6,4;66;57;62;;;;
2026/06/09;1900 UTC;;;;;;;;;;;;;;;;;;
2026/06/09;2000 UTC;;;;;;;;;;;;;;;;;;
2026/06/09;2100 UTC;;;;;;;;;;;;;;;;;;
2026/06/09;2200 UTC;0;900,3;900,6;900;0;10,7;7,2;11,2;10,3;7,4;7;84;80;83;219;3,1;1,8;
2026/06/09;2300 UTC;0;900,5;900,7;900,4;0;9,7;6,8;10,2;8,7;7;6,6;91;84;86;184;2,3;1;
2026/06/10;0000 UTC;;;;;;;;;;;;;;;;;;
2026/06/10;0100 UTC;0;901,3;901,7;900,8;0;8;6,9;8,7;7,4;7,6;6,4;99;91;94;99;,9;,6;
2026/06/10;0200 UTC;0;901,6;901,8;901,4;0;7,5;6,9;7,8;7,3;7,3;6,3;99;94;97;246;1,6;1;
2026/06/10;0300 UTC;0;901,3;901,5;901,1;0;7,1;6,6;7,6;6,6;7,1;5,8;100;96;98;186;,9;,4;
2026/06/10;0400 UTC;0;901,3;901,4;901,1;0;6,4;6,3;6,8;6,1;6,7;5,7;100;98;99;197;,7;,3;
2026/06/10;0500 UTC;0;901;901,2;900,7;0;7,1;7,2;8;6,4;8;6,4;100;100;100;161;1,6;,6;
2026/06/10;0600 UTC;0;900,2;900,6;899,7;0;7,6;7,6;7,7;7,1;7,8;7,2;100;100;100;199;1,1;,4;
2026/06/10;0700 UTC;0;899,8;900,1;899,6;0;7,5;7,5;7,7;7,3;7,7;7,4;100;100;100;71;1,4;,9;
2026/06/10;0800 UTC;0;899,7;900,1;899,5;0;7,1;7,1;7,3;6,6;7,4;6,7;100;100;100;66;3,6;2,2;
2026/06/10;0900 UTC;0;899,5;899,6;899,4;0;6,3;6,4;6,4;6,3;6,5;6,3;100;100;100;73;3,3;2,1;
2026/06/10;1000 UTC;0;900,2;900,9;899,7;0;6,1;6,1;6,3;5,8;6,4;5,8;100;100;100;48;3,5;2,4;
2026/06/10;1100 UTC;0;901,3;901,5;900,9;43,3;6,3;6,2;6,4;5,9;6,5;6;100;98;99;39;3,3;2;
2026/06/10;1200 UTC;;;;;;;;;;;;;;;;;;
2026/06/10;1300 UTC;0;901,2;901,4;900,9;513,1;8;7;8,6;7,4;7,2;6,5;97;93;95;76;3,9;2,3;
2026/06/10;1400 UTC;;;;;;;;;;;;;;;;;;
2026/06/10;1500 UTC;0;900,1;900,3;899,9;811,3;11;8,4;11,5;10,3;8,8;8,1;91;85;87;80;3,3;1,8;
2026/06/10;1600 UTC;0;899,5;900;899;896,8;12,2;8,4;13;11,5;9,1;8,1;87;77;81;165;3;1,1;
2026/06/10;1700 UTC;0;898,7;899,1;898,3;898,6;13,5;8,1;13,9;13;8,5;7,7;78;70;73;210;3,8;1,7;
2026/06/10;1800 UTC;0;898,2;898,3;898;635,3;14,1;9;14,3;13,9;9,9;7,9;78;70;74;303;4,1;1,6;
2026/06/10;1900 UTC;;;;;;;;;;;;;;;;;;
2026/06/10;2000 UTC;;;;;;;;;;;;;;;;;;
2026/06/10;2100 UTC;;;;;;;;;;;;;;;;;;
2026/06/10;2200 UTC;0;898,7;898,9;898,2;0;12,2;10,2;12,3;12,1;10,5;10;91;89;90;75;1,7;1,1;
2026/06/10;2300 UTC;0;898,8;898,9;898,7;0;12,4;10,8;12,6;12,3;11,1;10,4;93;90;92;41;2,8;1,4;
2026/06/11;0000 UTC;;;;;;;;;;;;;;;;;;
2026/06/11;0100 UTC;0;898,8;899;898,5;0;12;10,9;12,1;11,8;11,1;10,7;96;94;95;81;2,2;,9;
2026/06/11;0200 UTC;;;;;;;;;;;;;;;;;;
2026/06/11;0300 UTC;0;899,4;899,6;899,3;0;12,6;11,7;12,7;12,5;11,8;11,7;96;95;96;87;2,8;1,5;
2026/06/11;0400 UTC;0;899,3;899,5;899,1;0;12,5;11,6;12,6;12,3;11,7;11,5;96;95;96;69;3,4;1,4;
2026/06/11;0500 UTC;0;899;899,2;898,9;0;12,4;11,5;12,5;12,3;11,7;11,3;96;95;96;63;3,4;1,5;
2026/06/11;0600 UTC;0;898,7;899;898,3;0;12,4;11,3;12,5;12,1;11,4;11,1;96;94;94;51;4,7;2,7;
2026/06/11;0700 UTC;0;898,5;898,6;898,4;0;11,7;11;12,1;11,1;11,2;10,6;98;95;97;73;2;1,2;
2026/06/11;0800 UTC;0;898,8;899;898,5;0;11;10,6;11,2;10,9;10,8;10,2;99;96;98;49;2,9;1,6;
2026/06/11;0900 UTC;0;899,1;899,2;899;0;10,9;10,5;11,1;10,7;10,6;10,4;99;97;98;34;3;1,8;
2026/06/11;1000 UTC;0;899,6;899,8;899,2;0;10,7;10,3;10,8;10,6;10,4;10,2;99;97;98;47;4,2;1,8;
2026/06/11;1100 UTC;0;899,9;900;899,7;99,2;10,9;10,4;11;10,8;10,5;10,3;98;97;97;56;5,6;2,8;
2026/06/11;1200 UTC;0;900,2;900,3;900;369,4;11,4;10,6;12;11;10,8;10,4;98;93;96;73;5,3;3;
2026/06/11;1300 UTC;0;900,2;900,4;899,9;990,9;13;10,7;13,7;12,1;11;10,3;93;85;88;71;6,6;3,5;
2026/06/11;1400 UTC;;;;;;;;;;;;;;;;;;
2026/06/11;1500 UTC;;;;;;;;;;;;;;;;;;
2026/06/11;1600 UTC;0;898,6;898,8;898,4;657,2;14,8;11;15;14,7;11,5;10,7;83;80;81;239;4,5;1,7;
2026/06/11;1700 UTC;0;898,2;898,5;897,9;522,8;15,1;11;15,2;14,9;11,2;10,8;81;78;80;222;3,6;1,5;
2026/06/11;1800 UTC;0;897,6;897,9;897,4;485,3;15,1;11,1;15,3;14,9;11,5;10,9;82;78;80;309;4,5;2,1;
2026/06/11;1900 UTC;;;;;;;;;;;;;;;;;;
2026/06/11;2000 UTC;;;;;;;;;;;;;;;;;;
2026/06/11;2100 UTC;;;;;;;;;;;;;;;;;;
2026/06/11;2200 UTC;0;898,2;898,5;897,8;0;14;11,6;14,1;14;11,7;11,5;88;87;88;75;1,3;,6;
2026/06/11;2300 UTC;0;898,5;898,6;898,4;0;13,8;11,8;14;13,7;11,9;11,6;91;88;90;55;2,3;1,5;
2026/06/12;0000 UTC;0;898,2;898,5;898;0;13,5;11,7;13,8;13,2;11,9;11,6;92;90;91;69;3,3;1,7;
2026/06/12;0100 UTC;;;;;;;;;;;;;;;;;;
2026/06/12;0200 UTC;0;897,3;897,6;897;0;12,9;11,4;13,1;12,8;11,6;11,4;93;92;93;62;5,1;3,2;
2026/06/12;0300 UTC;0;897;897,1;896,8;0;13,2;11,3;13,3;12,9;11,5;11,2;93;90;91;37;4,9;2,6;
2026/06/12;0400 UTC;0;896,5;896,9;896,1;0;13,3;11,3;13,5;13,1;11,5;11,2;91;89;90;44;5,2;3,1;
2026/06/12;0500 UTC;0;895,9;896,1;895,7;0;13,3;11,7;13,5;13,3;12;11,5;93;90;92;48;6,8;3,6;
2026/06/12;0600 UTC;0;895,3;895,9;894,7;0;13,4;12,1;13,6;13,3;12,3;12;94;93;94;42;5;2,9;
2026/06/12;0700 UTC;0;894,4;894,8;894,1;0;13,7;12,5;13,8;13,5;12,8;12,3;95;94;94;55;6,3;3,1;
2026/06/12;0800 UTC;4,1;894,1;894,5;893,8;0;13,7;13,1;13,8;13,5;13,3;12,8;98;95;97;49;7,2;3,9;
2026/06/12;0900 UTC;8,9;893,9;894,1;893,8;0;13,6;13,5;13,8;13,6;13,6;13,3;100;98;99;154;4,2;1,4;
2026/06/12;1000 UTC;1,8;894;894,1;893,8;0;13,7;13,7;13,8;13,6;13,7;13,6;100;99;100;190;4,5;1,5;
2026/06/12;1100 UTC;,2;893,7;894;893;14,8;13,8;13,5;13,9;13,6;13,7;12,9;99;96;98;76;12,9;10,4;
2026/06/12;1200 UTC;,2;892,6;892,9;892,3;100,1;13,8;13,3;13,8;13,6;13,5;12,9;99;96;98;95;12,5;9,7;
2026/06/12;1300 UTC;;;;;;;;;;;;;;;;;;
2026/06/12;1400 UTC;0;893,1;893,7;892,2;942,4;14,7;12,5;15,1;14,4;13,1;12;93;85;89;306;5,2;2,7;
2026/06/12;1500 UTC;;;;;;;;;;;;;;;;;;
2026/06/12;1600 UTC;,4;892,2;892,6;891,9;429,4;14,2;12,2;14,7;13,4;12,8;11,6;95;86;90;293;10,7;6,2;
2026/06/12;1700 UTC;3,3;892,1;892,3;891,8;390,4;12,7;11,5;13,6;11,7;12,2;10,6;97;90;94;301;10,1;4,8;
2026/06/12;1800 UTC;,4;892,2;892,3;892;471,8;11,9;10,9;12,4;11,5;11,3;10,6;97;92;95;289;9,6;5,6;
2026/06/12;1900 UTC;;;;;;;;;;;;;;;;;;
2026/06/12;2000 UTC;;;;;;;;;;;;;;;;;;
2026/06/12;2100 UTC;;;;;;;;;;;;;;;;;;
2026/06/12;2200 UTC;;;;;;;;;;;;;;;;;;
2026/06/12;2300 UTC;0;894,3;894,7;893,9;0;10;9,7;10,1;9,9;9,9;9,5;100;97;98;284;8,4;5,1;
2026/06/13;0000 UTC;;;;;;;;;;;;;;;;;;
2026/06/13;0100 UTC;;;;;;;;;;;;;;;;;;
2026/06/13;0200 UTC;;;;;;;;;;;;;;;;;;
2026/06/13;0300 UTC;,4;896;896,2;895,8;0;9,8;9,8;9,9;9,7;9,9;9,6;100;99;100;263;6,8;4,2;
2026/06/13;0400 UTC;,2;895,9;896,1;895,6;0;9,6;9,5;9,7;9,4;9,7;9,3;100;99;100;261;9,2;4,6;
2026/06/13;0500 UTC;0;896,2;896,4;895,8;0;9,2;9,3;9,4;9,2;9,4;9,2;100;100;100;255;8,4;4,7;
2026/06/13;0600 UTC;,2;896,4;896,4;896,3;0;9,2;9,2;9,2;9,1;9,3;9,2;100;100;100;251;7,2;4;
2026/06/13;0700 UTC;,4;896,6;896,7;896,4;0;9,1;9,2;9,2;9,1;9,3;9,2;100;100;100;249;8,1;4,5;
2026/06/13;0800 UTC;0;896,6;896,8;896,4;0;9;9;9,1;8,8;9,2;8,8;100;100;100;240;6,5;4,2;
2026/06/13;0900 UTC;,2;897,1;897,4;896,7;0;8,7;8,8;8,8;8,7;8,9;8,7;100;100;100;250;6,4;3,8;
2026/06/13;1000 UTC;0;897,9;898,5;897,4;0;8,6;8,7;8,7;8,5;8,8;8,6;100;100;100;255;6,4;3,5;
2026/06/13;1100 UTC;0;898,7;899,1;898,4;44,1;8,5;8,6;8,6;8,5;8,7;8,6;100;100;100;253;4,2;2,3;
2026/06/13;1200 UTC;,4;899,6;900,1;899,1;316,4;8,5;8,4;8,7;8,3;8,7;8,1;100;98;99;241;5,6;2,8;
2026/06/13;1300 UTC;;;;;;;;;;;;;;;;;;
2026/06/13;1400 UTC;;;;;;;;;;;;;;;;;;
2026/06/13;1500 UTC;;;;;;;;;;;;;;;;;;
2026/06/13;1600 UTC;0;900,5;900,8;900,2;1253,9;10,9;7,9;11,5;10,2;8,7;7,2;89;81;85;279;4,9;3,1;
2026/06/13;1700 UTC;0;899,7;900,2;899,3;1492;11,6;7,6;12,6;10,8;8,5;6,5;85;72;80;290;4,6;2,8;
2026/06/13;1800 UTC;0;899,3;899,4;899,1;1121,5;11,9;7,6;13;11,6;8,1;6,8;81;69;78;286;4,7;2,7;
2026/06/13;1900 UTC;;;;;;;;;;;;;;;;;;
2026/06/13;2000 UTC;;;;;;;;;;;;;;;;;;
2026/06/13;2100 UTC;;;;;;;;;;;;;;;;;;
2026/06/13;2200 UTC;;;;;;;;;;;;;;;;;;
2026/06/13;2300 UTC;;;;;;;;;;;;;;;;;;
2026/06/14;0000 UTC;;;;;;;;;;;;;;;;;;
2026/06/14;0100 UTC;;;;;;;;;;;;;;;;;;
2026/06/14;0200 UTC;;;;;;;;;;;;;;;;;;
2026/06/14;0300 UTC;;;;;;;;;;;;;;;;;;
2026/06/14;0400 UTC;;;;;;;;;;;;;;;;;;
2026/06/14;0500 UTC;;;;;;;;;;;;;;;;;;
2026/06/14;0600 UTC;;;;;;;;;;;;;;;;;;
2026/06/14;0700 UTC;;;;;;;;;;;;;;;;;;
2026/06/14;0800 UTC;;;;;;;;;;;;;;;;;;
2026/06/14;0900 UTC;;;;;;;;;;;;;;;;;;
2026/06/14;1000 UTC;;;;;;;;;;;;;;;;;;
2026/06/14;1100 UTC;;;;;;;;;;;;;;;;;;
2026/06/14;1200 UTC;;;;;;;;;;;;;;;;;;
2026/06/14;1300 UTC;;;;;;;;;;;;;;;;;;
2026/06/14;1400 UTC;;;;;;;;;;;;;;;;;;
2026/06/14;1500 UTC;;;;;;;;;;;;;;;;;;
2026/06/14;1600 UTC;;;;;;;;;;;;;;;;;;
2026/06/14;1700 UTC;;;;;;;;;;;;;;;;;;
2026/06/14;1800 UTC;;;;;;;;;;;;;;;;;;
2026/06/14;1900 UTC;;;;;;;;;;;;;;;;;;
2026/06/14;2000 UTC;;;;;;;;;;;;;;;;;;
2026/06/14;2100 UTC;;;;;;;;;;;;;;;;;;
2026/06/14;2200 UTC;;;;;;;;;;;;;;;;;;
2026/06/14;2300 UTC;;;;;;;;;;;;;;;;;;
2026/06/15;0000 UTC;;;;;;;;;;;;;;;;;;
2026/06/15;0100 UTC;;;;;;;;;;;;;;;;;;
2026/06/15;0200 UTC;;;;;;;;;;;;;;;;;;
2026/06/15;0300 UTC;;;;;;;;;;;;;;;;;;
2026/06/15;0400 UTC;;;;;;;;;;;;;;;;;;
2026/06/15;0500 UTC;;;;;;;;;;;;;;;;;;
2026/06/15;0600 UTC;;;;;;;;;;;;;;;;;;
2026/06/15;0700 UTC;;;;;;;;;;;;;;;;;;
2026/06/15;0800 UTC;;;;;;;;;;;;;;;;;;
2026/06/15;0900 UTC;;;;;;;;;;;;;;;;;;
2026/06/15;1000 UTC;;;;;;;;;;;;;;;;;;
2026/06/15;1100 UTC;;;;;;;;;;;;;;;;;;
2026/06/15;1200 UTC;;;;;;;;;;;;;;;;;;
2026/06/15;1300 UTC;;;;;;;;;;;;;;;;;;
2026/06/15;1400 UTC;;;;;;;;;;;;;;;;;;
2026/06/15;1500 UTC;;;;;;;;;;;;;;;;;;
2026/06/15;1600 UTC;;;;;;;;;;;;;;;;;;
2026/06/15;1700 UTC;;;;;;;;;;;;;;;;;;
2026/06/15;1800 UTC;;;;;;;;;;;;;;;;;;
2026/06/15;1900 UTC;;;;;;;;;;;;;;;;;;
2026/06/15;2000 UTC;;;;;;;;;;;;;;;;;;
2026/06/15;2100 UTC;;;;;;;;;;;;;;;;;;
2026/06/15;2200 UTC;;;;;;;;;;;;;;;;;;
2026/06/15;2300 UTC;;;;;;;;;;;;;;;;;;
2026/06/16;0000 UTC;;;;;;;;;;;;;;;;;;
2026/06/16;0100 UTC;;;;;;;;;;;;;;;;;;
2026/06/16;0200 UTC;;;;;;;;;;;;;;;;;;
2026/06/16;0300 UTC;;;;;;;;;;;;;;;;;;
2026/06/16;0400 UTC;;;;;;;;;;;;;;;;;;
2026/06/16;0500 UTC;;;;;;;;;;;;;;;;;;
2026/06/16;0600 UTC;;;;;;;;;;;;;;;;;;
2026/06/16;0700 UTC;;;;;;;;;;;;;;;;;;
2026/06/16;0800 UTC;;;;;;;;;;;;;;;;;;
2026/06/16;0900 UTC;;;;;;;;;;;;;;;;;;
2026/06/16;1000 UTC;;;;;;;;;;;;;;;;;;
2026/06/16;1100 UTC;;;;;;;;;;;;;;;;;;
2026/06/16;1200 UTC;;;;;;;;;;;;;;;;;;
2026/06/16;1300 UTC;;;;;;;;;;;;;;;;;;
2026/06/16;1400 UTC;;;;;;;;;;;;;;;;;;
2026/06/16;1500 UTC;;;;;;;;;;;;;;;;;;
2026/06/16;1600 UTC;;;;;;;;;;;;;;;;;;
2026/06/16;1700 UTC;;;;;;;;;;;;;;;;;;
2026/06/16;1800 UTC;;;;;;;;;;;;;;;;;;
2026/06/16;1900 UTC;;;;;;;;;;;;;;;;;;
2026/06/16;2000 UTC;;;;;;;;;;;;;;;;;;
2026/06/16;2100 UTC;;;;;;;;;;;;;;;;;;
2026/06/16;2200 UTC;;;;;;;;;;;;;;;;;;
2026/06/16;2300 UTC;;;;;;;;;;;;;;;;;;
2026/06/17;0000 UTC;;;;;;;;;;;;;;;;;;
2026/06/17;0100 UTC;;;;;;;;;;;;;;;;;;
2026/06/17;0200 UTC;;;;;;;;;;;;;;;;;;
2026/06/17;0300 UTC;;;;;;;;;;;;;;;;;;
2026/06/17;0400 UTC;;;;;;;;;;;;;;;;;;
2026/06/17;0500 UTC;;;;;;;;;;;;;;;;;;
2026/06/17;0600 UTC;;;;;;;;;;;;;;;;;;
2026/06/17;0700 UTC;;;;;;;;;;;;;;;;;;
2026/06/17;0800 UTC;;;;;;;;;;;;;;;;;;
2026/06/17;0900 UTC;;;;;;;;;;;;;;;;;;
2026/06/17;1000 UTC;;;;;;;;;;;;;;;;;;
2026/06/17;1100 UTC;;;;;;;;;;;;;;;;;;
2026/06/17;1200 UTC;;;;;;;;;;;;;;;;;;
2026/06/17;1300 UTC;;;;;;;;;;;;;;;;;;
2026/06/17;1400 UTC;;;;;;;;;;;;;;;;;;
2026/06/17;1500 UTC;;;;;;;;;;;;;;;;;;
2026/06/17;1600 UTC;;;;;;;;;;;;;;;;;;
2026/06/17;1700 UTC;;;;;;;;;;;;;;;;;;
2026/06/17;1800 UTC;;;;;;;;;;;;;;;;;;
2026/06/17;1900 UTC;;;;;;;;;;;;;;;;;;
2026/06/17;2000 UTC;;;;;;;;;;;;;;;;;;
2026/06/17;2100 UTC;;;;;;;;;;;;;;;;;;
2026/06/17;2200 UTC;;;;;;;;;;;;;;;;;;
2026/06/17;2300 UTC;;;;;;;;;;;;;;;;;;
2026/06/18;0000 UTC;;;;;;;;;;;;;;;;;;
2026/06/18;0100 UTC;;;;;;;;;;;;;;;;;;
2026/06/18;0200 UTC;;;;;;;;;;;;;;;;;;
2026/06/18;0300 UTC;;;;;;;;;;;;;;;;;;
2026/06/18;0400 UTC;;;;;;;;;;;;;;;;;;
2026/06/18;0500 UTC;;;;;;;;;;;;;;;;;;
2026/06/18;0600 UTC;;;;;;;;;;;;;;;;;;
2026/06/18;0700 UTC;;;;;;;;;;;;;;;;;;
2026/06/18;0800 UTC;;;;;;;;;;;;;;;;;;
2026/06/18;0900 UTC;;;;;;;;;;;;;;;;;;
2026/06/18;1000 UTC;;;;;;;;;;;;;;;;;;
2026/06/18;1100 UTC;;;;;;;;;;;;;;;;;;
2026/06/18;1200 UTC;;;;;;;;;;;;;;;;;;
2026/06/18;1300 UTC;;;;;;;;;;;;;;;;;;
2026/06/18;1400 UTC;;;;;;;;;;;;;;;;;;
2026/06/18;1500 UTC;;;;;;;;;;;;;;;;;;
2026/06/18;1600 UTC;;;;;;;;;;;;;;;;;;
2026/06/18;1700 UTC;;;;;;;;;;;;;;;;;;
2026/06/18;1800 UTC;;;;;;;;;;;;;;;;;;
2026/06/18;1900 UTC;;;;;;;;;;;;;;;;;;
2026/06/18;2000 UTC;;;;;;;;;;;;;;;;;;
2026/06/18;2100 UTC;;;;;;;;;;;;;;;;;;
2026/06/18;2200 UTC;;;;;;;;;;;;;;;;;;
2026/06/18;2300 UTC;;;;;;;;;;;;;;;;;;
2026/06/19;0000 UTC;;;;;;;;;;;;;;;;;;
2026/06/19;0100 UTC;;;;;;;;;;;;;;;;;;
2026/06/19;0200 UTC;;;;;;;;;;;;;;;;;;
2026/06/19;0300 UTC;;;;;;;;;;;;;;;;;;
2026/06/19;0400 UTC;;;;;;;;;;;;;;;;;;
2026/06/19;0500 UTC;;;;;;;;;;;;;;;;;;
2026/06/19;0600 UTC;;;;;;;;;;;;;;;;;;
2026/06/19;0700 UTC;;;;;;;;;;;;;;;;;;
2026/06/19;0800 UTC;;;;;;;;;;;;;;;;;;
2026/06/19;0900 UTC;;;;;;;;;;;;;;;;;;
2026/06/19;1000 UTC;;;;;;;;;;;;;;;;;;
2026/06/19;1100 UTC;;;;;;;;;;;;;;;;;;
2026/06/19;1200 UTC;;;;;;;;;;;;;;;;;;
2026/06/19;1300 UTC;;;;;;;;;;;;;;;;;;
2026/06/19;1400 UTC;;;;;;;;;;;;;;;;;;
2026/06/19;1500 UTC;;;;;;;;;;;;;;;;;;
2026/06/19;1600 UTC;;;;;;;;;;;;;;;;;;
2026/06/19;1700 UTC;;;;;;;;;;;;;;;;;;
2026/06/19;1800 UTC;;;;;;;;;;;;;;;;;;
2026/06/19;1900 UTC;;;;;;;;;;;;;;;;;;
2026/06/19;2000 UTC;;;;;;;;;;;;;;;;;;
2026/06/19;2100 UTC;;;;;;;;;;;;;;;;;;
2026/06/19;2200 UTC;;;;;;;;;;;;;;;;;;
2026/06/19;2300 UTC;;;;;;;;;;;;;;;;;;
2026/06/20;0000 UTC;;;;;;;;;;;;;;;;;;
2026/06/20;0100 UTC;;;;;;;;;;;;;;;;;;
2026/06/20;0200 UTC;;;;;;;;;;;;;;;;;;
2026/06/20;0300 UTC;;;;;;;;;;;;;;;;;;
2026/06/20;0400 UTC;;;;;;;;;;;;;;;;;;
2026/06/20;0500 UTC;;;;;;;;;;;;;;;;;;
2026/06/20;0600 UTC;;;;;;;;;;;;;;;;;;
2026/06/20;0700 UTC;;;;;;;;;;;;;;;;;;
2026/06/20;0800 UTC;;;;;;;;;;;;;;;;;;
2026/06/20;0900 UTC;;;;;;;;;;;;;;;;;;
2026/06/20;1000 UTC;;;;;;;;;;;;;;;;;;
2026/06/20;1100 UTC;;;;;;;;;;;;;;;;;;
2026/06/20;1200 UTC;;;;;;;;;;;;;;;;;;
2026/06/20;1300 UTC;;;;;;;;;;;;;;;;;;
2026/06/20;1400 UTC;;;;;;;;;;;;;;;;;;
2026/06/20;1500 UTC;;;;;;;;;;;;;;;;;;
2026/06/20;1600 UTC;;;;;;;;;;;;;;;;;;
2026/06/20;1700 UTC;;;;;;;;;;;;;;;;;;
2026/06/20;1800 UTC;;;;;;;;;;;;;;;;;;
2026/06/20;1900 UTC;;;;;;;;;;;;;;;;;;
2026/06/20;2000 UTC;;;;;;;;;;;;;;;;;;
2026/06/20;2100 UTC;;;;;;;;;;;;;;;;;;
2026/06/20;2200 UTC;;;;;;;;;;;;;;;;;;
2026/06/20;2300 UTC;;;;;;;;;;;;;;;;;;
2026/06/21;0000 UTC;;;;;;;;;;;;;;;;;;
2026/06/21;0100 UTC;;;;;;;;;;;;;;;;;;
2026/06/21;0200 UTC;;;;;;;;;;;;;;;;;;
2026/06/21;0300 UTC;;;;;;;;;;;;;;;;;;
2026/06/21;0400 UTC;;;;;;;;;;;;;;;;;;
2026/06/21;0500 UTC;;;;;;;;;;;;;;;;;;
2026/06/21;0600 UTC;;;;;;;;;;;;;;;;;;
2026/06/21;0700 UTC;;;;;;;;;;;;;;;;;;
2026/06/21;0800 UTC;;;;;;;;;;;;;;;;;;
2026/06/21;0900 UTC;;;;;;;;;;;;;;;;;;
2026/06/21;1000 UTC;;;;;;;;;;;;;;;;;;
2026/06/21;1100 UTC;;;;;;;;;;;;;;;;;;
2026/06/21;1200 UTC;;;;;;;;;;;;;;;;;;
2026/06/21;1300 UTC;;;;;;;;;;;;;;;;;;
2026/06/21;1400 UTC;;;;;;;;;;;;;;;;;;
2026/06/21;1500 UTC;;;;;;;;;;;;;;;;;;
2026/06/21;1600 UTC;;;;;;;;;;;;;;;;;;
2026/06/21;1700 UTC;;;;;;;;;;;;;;;;;;
2026/06/21;1800 UTC;;;;;;;;;;;;;;;;;;
2026/06/21;1900 UTC;;;;;;;;;;;;;;;;;;
2026/06/21;2000 UTC;;;;;;;;;;;;;;;;;;
2026/06/21;2100 UTC;;;;;;;;;;;;;;;;;;
2026/06/21;2200 UTC;;;;;;;;;;;;;;;;;;
2026/06/21;2300 UTC;;;;;;;;;;;;;;;;;;
2026/06/22;0000 UTC;;;;;;;;;;;;;;;;;;
2026/06/22;0100 UTC;;;;;;;;;;;;;;;;;;
2026/06/22;0200 UTC;;;;;;;;;;;;;;;;;;
2026/06/22;0300 UTC;;;;;;;;;;;;;;;;;;
2026/06/22;0400 UTC;;;;;;;;;;;;;;;;;;
2026/06/22;0500 UTC;;;;;;;;;;;;;;;;;;
2026/06/22;0600 UTC;;;;;;;;;;;;;;;;;;
2026/06/22;0700 UTC;;;;;;;;;;;;;;;;;;
2026/06/22;0800 UTC;;;;;;;;;;;;;;;;;;
2026/06/22;0900 UTC;;;;;;;;;;;;;;;;;;
2026/06/22;1000 UTC;;;;;;;;;;;;;;;;;;
2026/06/22;1100 UTC;;;;;;;;;;;;;;;;;;
2026/06/22;1200 UTC;;;;;;;;;;;;;;;;;;
2026/06/22;1300 UTC;;;;;;;;;;;;;;;;;;
2026/06/22;1400 UTC;;;;;;;;;;;;;;;;;;
2026/06/22;1500 UTC;;;;;;;;;;;;;;;;;;
2026/06/22;1600 UTC;;;;;;;;;;;;;;;;;;
2026/06/22;1700 UTC;;;;;;;;;;;;;;;;;;
2026/06/22;1800 UTC;;;;;;;;;;;;;;;;;;
2026/06/22;1900 UTC;;;;;;;;;;;;;;;;;;
2026/06/22;2000 UTC;;;;;;;;;;;;;;;;;;
2026/06/22;2100 UTC;;;;;;;;;;;;;;;;;;
2026/06/22;2200 UTC;;;;;;;;;;;;;;;;;;
2026/06/22;2300 UTC;;;;;;;;;;;;;;;;;;
2026/06/23;0000 UTC;;;;;;;;;;;;;;;;;;
2026/06/23;0100 UTC;;;;;;;;;;;;;;;;;;
2026/06/23;0200 UTC;;;;;;;;;;;;;;;;;;
2026/06/23;0300 UTC;;;;;;;;;;;;;;;;;;
2026/06/23;0400 UTC;;;;;;;;;;;;;;;;;;
2026/06/23;0500 UTC;;;;;;;;;;;;;;;;;;
2026/06/23;0600 UTC;;;;;;;;;;;;;;;;;;
2026/06/23;0700 UTC;;;;;;;;;;;;;;;;;;
2026/06/23;0800 UTC;;;;;;;;;;;;;;;;;;
2026/06/23;0900 UTC;;;;;;;;;;;;;;;;;;
2026/06/23;1000 UTC;;;;;;;;;;;;;;;;;;
2026/06/23;1100 UTC;;;;;;;;;;;;;;;;;;
2026/06/23;1200 UTC;;;;;;;;;;;;;;;;;;
2026/06/23;1300 UTC;;;;;;;;;;;;;;;;;;
2026/06/23;1400 UTC;;;;;;;;;;;;;;;;;;
2026/06/23;1500 UTC;;;;;;;;;;;;;;;;;;
2026/06/23;1600 UTC;;;;;;;;;;;;;;;;;;
2026/06/23;1700 UTC;;;;;;;;;;;;;;;;;;
2026/06/23;1800 UTC;;;;;;;;;;;;;;;;;;
2026/06/23;1900 UTC;;;;;;;;;;;;;;;;;;
2026/06/23;2000 UTC;;;;;;;;;;;;;;;;;;
2026/06/23;2100 UTC;;;;;;;;;;;;;;;;;;
2026/06/23;2200 UTC;;;;;;;;;;;;;;;;;;
2026/06/23;2300 UTC;;;;;;;;;;;;;;;;;;
2026/06/24;0000 UTC;;;;;;;;;;;;;;;;;;
2026/06/24;0100 UTC;;;;;;;;;;;;;;;;;;
2026/06/24;0200 UTC;;;;;;;;;;;;;;;;;;
2026/06/24;0300 UTC;;;;;;;;;;;;;;;;;;
2026/06/24;0400 UTC;;;;;;;;;;;;;;;;;;
2026/06/24;0500 UTC;;;;;;;;;;;;;;;;;;
2026/06/24;0600 UTC;;;;;;;;;;;;;;;;;;
2026/06/24;0700 UTC;;;;;;;;;;;;;;;;;;
2026/06/24;0800 UTC;;;;;;;;;;;;;;;;;;
2026/06/24;0900 UTC;;;;;;;;;;;;;;;;;;
2026/06/24;1000 UTC;;;;;;;;;;;;;;;;;;
2026/06/24;1100 UTC;;;;;;;;;;;;;;;;;;
2026/06/24;1200 UTC;;;;;;;;;;;;;;;;;;
2026/06/24;1300 UTC;;;;;;;;;;;;;;;;;;
2026/06/24;1400 UTC;;;;;;;;;;;;;;;;;;
2026/06/24;1500 UTC;;;;;;;;;;;;;;;;;;
2026/06/24;1600 UTC;;;;;;;;;;;;;;;;;;
2026/06/24;1700 UTC;;;;;;;;;;;;;;;;;;
2026/06/24;1800 UTC;;;;;;;;;;;;;;;;;;
2026/06/24;1900 UTC;;;;;;;;;;;;;;;;;;
2026/06/24;2000 UTC;;;;;;;;;;;;;;;;;;
2026/06/24;2100 UTC;;;;;;;;;;;;;;;;;;
2026/06/24;2200 UTC;;;;;;;;;;;;;;;;;;
2026/06/24;2300 UTC;;;;;;;;;;;;;;;;;;
2026/06/25;0000 UTC;;;;;;;;;;;;;;;;;;
2026/06/25;0100 UTC;;;;;;;;;;;;;;;;;;
2026/06/25;0200 UTC;;;;;;;;;;;;;;;;;;
2026/06/25;0300 UTC;;;;;;;;;;;;;;;;;;
2026/06/25;0400 UTC;;;;;;;;;;;;;;;;;;
2026/06/25;0500 UTC;;;;;;;;;;;;;;;;;;
2026/06/25;0600 UTC;;;;;;;;;;;;;;;;;;
2026/06/25;0700 UTC;;;;;;;;;;;;;;;;;;
2026/06/25;0800 UTC;;;;;;;;;;;;;;;;;;
2026/06/25;0900 UTC;;;;;;;;;;;;;;;;;;
2026/06/25;1000 UTC;;;;;;;;;;;;;;;;;;
2026/06/25;1100 UTC;;;;;;;;;;;;;;;;;;
2026/06/25;1200 UTC;;;;;;;;;;;;;;;;;;
2026/06/25;1300 UTC;;;;;;;;;;;;;;;;;;
2026/06/25;1400 UTC;;;;;;;;;;;;;;;;;;
2026/06/25;1500 UTC;;;;;;;;;;;;;;;;;;
2026/06/25;1600 UTC;;;;;;;;;;;;;;;;;;
2026/06/25;1700 UTC;;;;;;;;;;;;;;;;;;
2026/06/25;1800 UTC;;;;;;;;;;;;;;;;;;
2026/06/25;1900 UTC;;;;;;;;;;;;;;;;;;
2026/06/25;2000 UTC;;;;;;;;;;;;;;;;;;
2026/06/25;2100 UTC;;;;;;;;;;;;;;;;;;
2026/06/25;2200 UTC;;;;;;;;;;;;;;;;;;
2026/06/25;2300 UTC;;;;;;;;;;;;;;;;;;
2026/06/26;0000 UTC;;;;;;;;;;;;;;;;;;
2026/06/26;0100 UTC;;;;;;;;;;;;;;;;;;
2026/06/26;0200 UTC;;;;;;;;;;;;;;;;;;
2026/06/26;0300 UTC;;;;;;;;;;;;;;;;;;
2026/06/26;0400 UTC;;;;;;;;;;;;;;;;;;
2026/06/26;0500 UTC;;;;;;;;;;;;;;;;;;
2026/06/26;0600 UTC;;;;;;;;;;;;;;;;;;
2026/06/26;0700 UTC;;;;;;;;;;;;;;;;;;
2026/06/26;0800 UTC;;;;;;;;;;;;;;;;;;
2026/06/26;0900 UTC;;;;;;;;;;;;;;;;;;
2026/06/26;1000 UTC;;;;;;;;;;;;;;;;;;
2026/06/26;1100 UTC;;;;;;;;;;;;;;;;;;
2026/06/26;1200 UTC;;;;;;;;;;;;;;;;;;
2026/06/26;1300 UTC;;;;;;;;;;;;;;;;;;
2026/06/26;1400 UTC;;;;;;;;;;;;;;;;;;
2026/06/26;1500 UTC;;;;;;;;;;;;;;;;;;
2026/06/26;1600 UTC;;;;;;;;;;;;;;;;;;
2026/06/26;1700 UTC;;;;;;;;;;;;;;;;;;
2026/06/26;1800 UTC;;;;;;;;;;;;;;;;;;
2026/06/26;1900 UTC;;;;;;;;;;;;;;;;;;
2026/06/26;2000 UTC;;;;;;;;;;;;;;;;;;
2026/06/26;2100 UTC;;;;;;;;;;;;;;;;;;
2026/06/26;2200 UTC;;;;;;;;;;;;;;;;;;
2026/06/26;2300 UTC;;;;;;;;;;;;;;;;;;
2026/06/27;0000 UTC;;;;;;;;;;;;;;;;;;
2026/06/27;0100 UTC;;;;;;;;;;;;;;;;;;
2026/06/27;0200 UTC;;;;;;;;;;;;;;;;;;
2026/06/27;0300 UTC;;;;;;;;;;;;;;;;;;
2026/06/27;0400 UTC;;;;;;;;;;;;;;;;;;
2026/06/27;0500 UTC;;;;;;;;;;;;;;;;;;
2026/06/27;0600 UTC;;;;;;;;;;;;;;;;;;
2026/06/27;0700 UTC;;;;;;;;;;;;;;;;;;
2026/06/27;0800 UTC;;;;;;;;;;;;;;;;;;
2026/06/27;0900 UTC;;;;;;;;;;;;;;;;;;
2026/06/27;1000 UTC;;;;;;;;;;;;;;;;;;
2026/06/27;1100 UTC;;;;;;;;;;;;;;;;;;
2026/06/27;1200 UTC;;;;;;;;;;;;;;;;;;
2026/06/27;1300 UTC;;;;;;;;;;;;;;;;;;
2026/06/27;1400 UTC;;;;;;;;;;;;;;;;;;
2026/06/27;1500 UTC;;;;;;;;;;;;;;;;;;
2026/06/27;1600 UTC;;;;;;;;;;;;;;;;;;
2026/06/27;1700 UTC;;;;;;;;;;;;;;;;;;
2026/06/27;1800 UTC;;;;;;;;;;;;;;;;;;
2026/06/27;1900 UTC;;;;;;;;;;;;;;;;;;
2026/06/27;2000 UTC;;;;;;;;;;;;;;;;;;
2026/06/27;2100 UTC;;;;;;;;;;;;;;;;;;
2026/06/27;2200 UTC;;;;;;;;;;;;;;;;;;
2026/06/27;2300 UTC;;;;;;;;;;;;;;;;;;
2026/06/28;0000 UTC;;;;;;;;;;;;;;;;;;
2026/06/28;0100 UTC;;;;;;;;;;;;;;;;;;
2026/06/28;0200 UTC;;;;;;;;;;;;;;;;;;
2026/06/28;0300 UTC;;;;;;;;;;;;;;;;;;
2026/06/28;0400 UTC;;;;;;;;;;;;;;;;;;
2026/06/28;0500 UTC;;;;;;;;;;;;;;;;;;
2026/06/28;0600 UTC;;;;;;;;;;;;;;;;;;
2026/06/28;0700 UTC;;;;;;;;;;;;;;;;;;
2026/06/28;0800 UTC;;;;;;;;;;;;;;;;;;
2026/06/28;0900 UTC;;;;;;;;;;;;;;;;;;
2026/06/28;1000 UTC;;;;;;;;;;;;;;;;;;
2026/06/28;1100 UTC;;;;;;;;;;;;;;;;;;
2026/06/28;1200 UTC;;;;;;;;;;;;;;;;;;
2026/06/28;1300 UTC;;;;;;;;;;;;;;;;;;
2026/06/28;1400 UTC;;;;;;;;;;;;;;;;;;
2026/06/28;1500 UTC;;;;;;;;;;;;;;;;;;
2026/06/28;1600 UTC;;;;;;;;;;;;;;;;;;
2026/06/28;1700 UTC;;;;;;;;;;;;;;;;;;
2026/06/28;1800 UTC;;;;;;;;;;;;;;;;;;
2026/06/28;1900 UTC;;;;;;;;;;;;;;;;;;
2026/06/28;2000 UTC;;;;;;;;;;;;;;;;;;
2026/06/28;2100 UTC;;;;;;;;;;;;;;;;;;
2026/06/28;2200 UTC;;;;;;;;;;;;;;;;;;
2026/06/28;2300 UTC;;;;;;;;;;;;;;;;;;
2026/06/29;0000 UTC;;;;;;;;;;;;;;;;;;
2026/06/29;0100 UTC;;;;;;;;;;;;;;;;;;
2026/06/29;0200 UTC;;;;;;;;;;;;;;;;;;
2026/06/29;0300 UTC;;;;;;;;;;;;;;;;;;
2026/06/29;0400 UTC;;;;;;;;;;;;;;;;;;
2026/06/29;0500 UTC;;;;;;;;;;;;;;;;;;
2026/06/29;0600 UTC;;;;;;;;;;;;;;;;;;
2026/06/29;0700 UTC;;;;;;;;;;;;;;;;;;
2026/06/29;0800 UTC;;;;;;;;;;;;;;;;;;
2026/06/29;0900 UTC;;;;;;;;;;;;;;;;;;
2026/06/29;1000 UTC;;;;;;;;;;;;;;;;;;
2026/06/29;1100 UTC;;;;;;;;;;;;;;;;;;
2026/06/29;1200 UTC;;;;;;;;;;;;;;;;;;
2026/06/29;1300 UTC;;;;;;;;;;;;;;;;;;
2026/06/29;1400 UTC;;;;;;;;;;;;;;;;;;
2026/06/29;1500 UTC;;;;;;;;;;;;;;;;;;
2026/06/29;1600 UTC;;;;;;;;;;;;;;;;;;
2026/06/29;1700 UTC;;;;;;;;;;;;;;;;;;
2026/06/29;1800 UTC;;;;;;;;;;;;;;;;;;
2026/06/29;1900 UTC;;;;;;;;;;;;;;;;;;
2026/06/29;2000 UTC;;;;;;;;;;;;;;;;;;
2026/06/29;2100 UTC;;;;;;;;;;;;;;;;;;
2026/06/29;2200 UTC;;;;;;;;;;;;;;;;;;
2026/06/29;2300 UTC;;;;;;;;;;;;;;;;;;
2026/06/30;0000 UTC;;;;;;;;;;;;;;;;;;
2026/06/30;0100 UTC;;;;;;;;;;;;;;;;;;
2026/06/30;0200 UTC;;;;;;;;;;;;;;;;;;
2026/06/30;0300 UTC;;;;;;;;;;;;;;;;;;
2026/06/30;0400 UTC;;;;;;;;;;;;;;;;;;
2026/06/30;0500 UTC;;;;;;;;;;;;;;;;;;
2026/06/30;0600 UTC;;;;;;;;;;;;;;;;;;
2026/06/30;0700 UTC;;;;;;;;;;;;;;;;;;
2026/06/30;0800 UTC;;;;;;;;;;;;;;;;;;
2026/06/30;0900 UTC;;;;;;;;;;;;;;;;;;
2026/06/30;1000 UTC;;;;;;;;;;;;;;;;;;
2026/06/30;1100 UTC;;;;;;;;;;;;;;;;;;
2026/06/30;1200 UTC;;;;;;;;;;;;;;;;;;
2026/06/30;1300 UTC;;;;;;;;;;;;;;;;;;
2026/06/30;1400 UTC;;;;;;;;;;;;;;;;;;
2026/06/30;1500 UTC;;;;;;;;;;;;;;;;;;
2026/06/30;1600 UTC;;;;;;;;;;;;;;;;;;
2026/06/30;1700 UTC;;;;;;;;;;;;;;;;;;
2026/06/30;1800 UTC;;;;;;;;;;;;;;;;;;
2026/06/30;1900 UTC;;;;;;;;;;;;;;;;;;
2026/06/30;2000 UTC;;;;;;;;;;;;;;;;;;
2026/06/30;2100 UTC;;;;;;;;;;;;;;;;;;
2026/06/30;2200 UTC;;;;;;;;;;;;;;;;;;
2026/06/30;2300 UTC;;;;;;;;;;;;;;;;;;
