REGIAO:;N
UF:;AC
ESTACAO:;RIO BRANCO
CODIGO (WMO):;A104
LATITUDE:;-9,95916666
LONGITUDE:;-67,86888888
ALTITUDE:;163
DATA DE FUNDACAO:;11/07/08
Data;Hora UTC;PRECIPITAÇÃO TOTAL, HORÁRIO (mm);PRESSAO ATMOSFERICA AO NIVEL DA ESTACAO, HORARIA (mB);PRESSÃO ATMOSFERICA MAX.NA HORA ANT. (AUT) (mB);PRESSÃO ATMOSFERICA MIN. NA HORA ANT. (AUT) (mB);RADIACAO GLOBAL (Kj/m²);TEMPERATURA DO AR - BULBO SECO, HORARIA (°C);TEMPERATURA DO PONTO DE ORVALHO (°C);TEMPERATURA MÁXIMA NA HORA ANT. (AUT) (°C);TEMPERATURA MÍNIMA NA HORA ANT. (AUT) (°C);TEMPERATURA ORVALHO MAX. NA HORA ANT. (AUT) (°C);TEMPERATURA ORVALHO MIN. NA HORA ANT. (AUT) (°C);UMIDADE REL. MAX. NA HORA ANT. (AUT) (%);UMIDADE REL. MIN. NA HORA ANT. (AUT) (%);UMIDADE RELATIVA DO AR, HORARIA (%);VENTO, DIREÇÃO HORARIA (gr) (° (gr));VENTO, RAJADA MAXIMA (m/s);VENTO, VELOCIDADE HORARIA (m/s);
2026/01/01;0000 UTC;0;991,7;991,7;990,7;,5;25,9;24;26,6;25,9;24,2;23,6;89;84;89;24;,5;0;
2026/01/01;0100 UTC;0;993,4;993,4;991,7;0;25,3;23,7;25,9;25,3;24,2;23,5;91;89;91;33;0;0;
2026/01/01;0200 UTC;0;994,5;994,5;993,4;0;25,9;23,6;26,3;25,3;24,3;23,6;92;86;87;47;1,8;,3;
2026/01/01;0300 UTC;0;994,9;994,9;994,5;0;25,7;23,5;26,4;25,7;23,8;23,3;89;84;88;33;2,3;,3;
2026/01/01;0400 UTC;0;994,6;994,9;994,6;0;25,2;23,6;25,8;24,9;23,6;23,2;91;86;91;28;1,8;,6;
2026/01/01;0500 UTC;0;993,8;994,6;993,8;0;24,7;23,3;25,2;24,5;23,6;23,1;92;90;92;29;1,4;,1;
2026/01/01;0600 UTC;0;993,1;993,8;993,1;0;24,9;23,4;25,1;24,7;23,5;23,3;92;91;91;28;1,7;,4;
2026/01/01;0700 UTC;0;992,4;993,1;992,4;0;24,3;22,9;25;24,3;23,5;22,9;91;89;91;25;1,6;0;
2026/01/01;0800 UTC;0;992,6;992,6;992,3;0;24;22,9;24,4;24;23,1;22,9;94;92;94;33;1;0;
2026/01/01;0900 UTC;0;992,5;992,6;992,4;0;23,8;23,1;24;23,7;23,2;22,9;96;94;96;26;,4;0;
2026/01/01;1000 UTC;0;992,9;992,9;992,5;0;23,5;22,8;24;23,5;23,4;22,7;96;94;96;29;,9;0;
2026/01/01;1100 UTC;0;993,7;993,7;992,9;49,2;23,9;23,3;23,9;23,3;23,3;22,6;97;96;97;15;0;0;
2026/01/01;1200 UTC;0;994,4;994,4;993,7;333,5;26,1;22,9;26,1;23,9;23,6;22,8;97;83;83;21;2,5;,7;
2026/01/01;1300 UTC;0;995,2;995,2;994,4;810,9;27,7;23,4;27,9;26,1;24,3;23;83;76;77;17;2,4;,2;
2026/01/01;1400 UTC;0;995,5;995,5;995,2;1697,3;29,7;23,8;29,7;27,5;24,3;23,2;78;69;70;333;2,8;,6;
2026/01/01;1500 UTC;0;995,6;995,6;995,4;1427,5;29,7;23,5;30,1;29,3;24,3;23,5;73;68;69;24;2,6;1,2;
2026/01/01;1600 UTC;0;995;995,6;995;1638,1;30,4;23,6;30,4;29,5;24,1;23,1;71;67;67;11;4;1,3;
2026/01/01;1700 UTC;0;993,4;995;993,4;2768,6;29,8;23,9;32;29,8;24,3;22;72;57;71;337;3,7;1,1;
2026/01/01;1800 UTC;0;992,5;993,4;992,5;1432,1;27,6;21,7;29,8;27,2;24,3;21,5;76;64;70;312;7;2,5;
2026/01/01;1900 UTC;0;991,4;992,5;991,4;1715,2;28;22,1;28,4;27,5;22,7;21,4;73;68;70;351;7;1,6;
2026/01/01;2000 UTC;0;990,9;991,5;990,8;791,1;26,2;22,5;28;26,2;22,5;21,7;80;69;80;24;5;1,4;
2026/01/01;2100 UTC;0;990,8;990,9;990,6;332,4;26,3;22,9;26,4;25,9;23;22,2;83;79;82;12;2,8;,8;
2026/01/01;2200 UTC;0;990,6;990,9;990,6;369,4;26,4;23;26,4;26,2;23,1;22,6;83;80;82;10;4;,9;
2026/01/01;2300 UTC;0;991;991;990,6;144,3;25,7;22,9;26,5;25,7;23;22,7;85;80;85;12;5;1,2;
2026/01/02;0000 UTC;0;992;992;991;0;25,3;22,9;25,7;25,3;23;22,8;87;84;87;13;3,4;,9;
2026/01/02;0100 UTC;0;992,9;993;992;0;24,9;23,1;25,3;24,8;23,1;22,9;90;87;90;21;2,5;,1;
2026/01/02;0200 UTC;0;993,3;993,3;992,9;0;24,7;23;24,9;24,7;23,2;22,9;91;89;90;14;1,5;,4;
2026/01/02;0300 UTC;0;993,8;993,8;993,3;0;24,5;22,7;24,7;24,4;23;22,7;91;90;90;349;3,6;1,3;
2026/01/02;0400 UTC;0;993,5;993,9;993,5;0;24;22,2;24,5;24;22,7;22,2;90;88;90;15;4;,2;
2026/01/02;0500 UTC;0;992,8;993,5;992,8;0;23,6;22,2;24,1;23,6;22,5;22,2;92;90;91;22;1,3;0;
2026/01/02;0600 UTC;0;992,3;992,8;992,2;0;23,4;22,1;23,6;23,2;22,2;22;93;91;93;14;1;,1;
2026/01/02;0700 UTC;0;992,2;992,4;991,9;0;23,2;22,1;23,4;23,2;22,2;22;93;93;93;13;2;,1;
2026/01/02;0800 UTC;0;992,1;992,5;992;0;23;21,9;23,3;23;22,3;21,9;94;93;94;31;1,3;0;
2026/01/02;0900 UTC;0;992,6;992,6;992;0;23,2;22,1;23,3;23;22,7;21,9;96;93;93;14;1,2;,4;
2026/01/02;1000 UTC;0;992,7;992,8;992,6;0;23,1;22;23,2;23,1;22,1;21,9;94;93;93;7;1,4;,4;
2026/01/02;1100 UTC;0;994;994;992,7;50,5;23,2;22;23,2;23,1;22,1;21,9;94;93;93;20;1,8;0;
2026/01/02;1200 UTC;0;994,5;994,5;994;273,7;24;22,1;24;23,2;22,2;22;93;89;89;353;2,6;,6;
2026/01/02;1300 UTC;0;995,3;995,3;994,5;774,1;25,9;22,3;26;24;22,7;21,7;90;79;81;348;3,1;,7;
2026/01/02;1400 UTC;0;995,5;995,5;995,2;1737,9;26,9;22;27,4;25,6;23;21,7;82;72;74;298;4,5;1,7;
2026/01/02;1500 UTC;0;995,5;995,5;995,3;2070,9;28,4;22,4;28,4;27;22,9;21,6;74;69;70;332;4;,9;
2026/01/02;1600 UTC;0;995;995,5;995;1657,3;28,5;22,4;28,6;27,9;22,8;21,9;73;69;70;345;3,6;,8;
2026/01/02;1700 UTC;0;993,9;995;993,9;2315,1;29,8;22,3;30,1;28,4;23,8;21,9;71;63;64;266;4,5;1,9;
2026/01/02;1800 UTC;0;992,4;993,9;992,4;2891,3;30,6;21,9;31,2;29,8;23;21,4;65;57;60;330;4,5;1,7;
2026/01/02;1900 UTC;0;990,6;992,4;990,6;2901,9;31,6;22,4;32,2;30,5;23,4;21,2;63;55;59;3;5,1;1,1;
2026/01/02;2000 UTC;0;989,1;990,6;989,1;2482;32,3;22,4;32,7;31;23,2;21,1;60;52;56;350;4,7;1,1;
2026/01/02;2100 UTC;0;988,3;989,1;988,3;1477,9;30,7;22;32,8;30,6;22,6;21;61;51;60;345;4,5;1,8;
2026/01/02;2200 UTC;0;988,1;988,3;988,1;533,4;29,5;22,3;30,7;29,2;23,2;22;70;60;65;341;4,1;,5;
2026/01/02;2300 UTC;0;988,4;988,4;988,1;168,9;27,6;23,7;29,5;27,5;24,1;22,2;81;65;79;16;2,4;,1;
2026/01/03;0000 UTC;0;989,3;989,3;988,4;0;25,7;23,5;27,6;25,7;23,9;23,5;88;79;88;28;1,1;0;
2026/01/03;0100 UTC;0;990,3;990,3;989,3;0;25,4;23,9;25,7;25,4;23,9;23,6;91;88;91;27;0;0;
2026/01/03;0200 UTC;0;991,6;991,6;990,3;0;24,9;23,4;25,4;24,9;23,9;23,4;92;91;91;24;,4;0;
2026/01/03;0300 UTC;0;992,2;992,2;991,6;0;24,7;23,4;24,9;24,6;23,5;23,3;93;91;93;26;0;0;
2026/01/03;0400 UTC;0;991,9;992,3;991,9;0;24,7;23,5;24,8;24,6;23,5;23,3;93;93;93;23;0;0;
2026/01/03;0500 UTC;0;991,7;992;991,7;0;24,4;23;25;24,4;23,5;23;93;91;92;26;,8;0;
2026/01/03;0600 UTC;0;991,4;991,7;991,4;0;24,2;23;24,4;24,1;23,1;22,9;93;92;93;23;1,6;0;
2026/01/03;0700 UTC;0;991,2;991,4;991,2;0;24;23;24,2;23,9;23,1;22,9;95;93;94;23;0;0;
2026/01/03;0800 UTC;0;991,3;991,3;991,2;0;23,7;23;24,1;23,7;23,5;22,9;96;94;96;18;,4;0;
2026/01/03;0900 UTC;0;991,5;991,5;991,3;0;24;22,9;24,1;23,7;23,5;22,9;96;94;94;14;1,3;,1;
2026/01/03;1000 UTC;0;992,8;992,8;991,5;0;23,4;22,8;24;23,4;22,9;22,4;96;93;96;40;1,3;0;
2026/01/03;1100 UTC;0;993,7;993,7;992,8;51,6;23,8;23,2;23,8;23,2;23,2;22,5;97;96;97;27;0;0;
2026/01/03;1200 UTC;0;994,5;994,5;993,7;284;25,6;23,5;25,6;23,8;23,9;23,2;97;88;88;20;1,1;,1;
2026/01/03;1300 UTC;0;995;995;994,5;709,5;27,9;23,7;28;25,6;24;23,2;88;77;78;13;2,6;1;
2026/01/03;1400 UTC;0;995,1;995,1;995;1723,4;29,8;23,7;29,9;27,9;24,1;22,8;78;68;70;329;3,5;1;
2026/01/03;1500 UTC;0;994,9;995,1;994,9;2666,6;31,8;23,3;31,9;29,8;24,3;23,1;71;60;61;344;3,5;,8;
2026/01/03;1600 UTC;0;994,2;994,9;994,2;3238,7;31,5;21,9;32,5;31;24,1;21,5;64;56;57;251;5,6;2,2;
2026/01/03;1700 UTC;0;992,7;994,2;992,7;3462,1;32,9;22,9;33;31,4;23,7;21,7;60;55;56;242;5,8;2;
2026/01/03;1800 UTC;0;991,3;992,7;991,3;3211,9;32,5;22,2;33,9;32,2;23,8;21,3;60;51;55;267;5,5;1,7;
2026/01/03;1900 UTC;0;990,5;991,3;990,5;2066,2;30,7;23,3;33,5;30,4;23,9;21,5;67;52;65;347;6,3;2,7;
2026/01/03;2000 UTC;0;989,7;990,5;989,7;1055,3;28,5;23,4;30,8;28,5;24;22,9;74;64;74;14;6,5;2,8;
2026/01/03;2100 UTC;0;989,2;989,7;989,2;565,1;27;23,1;28,5;26,9;23,6;22,8;80;74;79;355;6,9;1,4;
2026/01/03;2200 UTC;0;988,9;989,2;988,8;410,9;26,7;23;27,3;26,6;23,5;22,7;80;77;80;40;4,2;1,4;
2026/01/03;2300 UTC;0;989,2;989,2;988,8;117,4;26;22,8;26,7;26;23,1;22,6;83;79;83;20;4,2;1;
2026/01/04;0000 UTC;0;989,7;989,7;989,2;,7;25,2;22,8;26;25,2;23;22,6;87;82;86;16;2,2;,5;
2026/01/04;0100 UTC;0;990,9;990,9;989,7;0;25;22,9;25,3;24,9;23;22,7;89;86;88;17;1,5;,1;
2026/01/04;0200 UTC;0;991,7;991,7;990,9;0;24,4;22,9;25;24,2;23;22,6;92;88;92;25;,9;0;
2026/01/04;0300 UTC;0;992,3;992,4;991,7;0;24,4;23;24,7;24,3;23,2;22,9;92;91;92;22;1,6;0;
2026/01/04;0400 UTC;0;992,7;993;992,3;0;24,3;22,7;24,4;24,1;23;22,7;93;91;91;11;1,6;,2;
2026/01/04;0500 UTC;0;992,5;992,8;992,5;0;24,3;23;24,3;23,9;23;22,6;93;91;93;28;1,5;,4;
2026/01/04;0600 UTC;0;991,9;992,6;991,9;0;24,1;22,9;24,3;24,1;23;22,8;93;92;93;14;2,3;,2;
2026/01/04;0700 UTC;0;991,4;991,9;991,4;0;23,9;22,6;24,1;23,9;22,8;22,6;93;92;92;26;2;,3;
2026/01/04;0800 UTC;0;990,9;991,4;990,9;0;23,5;22,8;24;23,4;22,8;22,3;96;92;96;20;1,5;0;
2026/01/04;0900 UTC;0;990,9;991;990,8;0;23,4;22,6;23,7;23,4;23;22,5;96;94;96;29;1,2;,1;
2026/01/04;1000 UTC;0;991,7;991,7;990,9;0;23,2;22,6;23,5;23,2;22,9;22,6;97;96;97;35;,6;0;
2026/01/04;1100 UTC;0;992,9;992,9;991,7;34,6;23,8;22,8;23,8;23,1;23,2;22,5;97;94;94;18;1,2;,1;
2026/01/04;1200 UTC;0;993,6;993,6;992,9;339,7;25,4;23,5;25,4;23,8;23,5;22,8;94;89;89;18;2,4;1;
2026/01/04;1300 UTC;0;994,4;994,4;993,6;665,6;27,5;23,5;27,5;25,4;23,9;23,2;89;78;79;21;4,1;1,5;
2026/01/04;1400 UTC;0;994,6;994,7;994,4;1552,5;28,9;23,6;29;27,5;24,2;23,3;80;72;73;3;4,1;1,6;
2026/01/04;1500 UTC;0;994,1;994,6;994,1;2307,9;30,2;23,9;30,2;28,6;24,7;23,4;76;69;69;1;5,4;1,9;
2026/01/04;1600 UTC;0;993,4;994,1;993,4;1093,5;28,9;24,2;30,2;28,9;24,5;23,5;76;68;76;350;4,8;1,7;
2026/01/04;1700 UTC;0;991,9;993,4;991,9;534,2;28,8;24,7;28,9;28,2;24,9;23,8;82;74;79;19;4,2;1,1;
2026/01/04;1800 UTC;13,6;991,3;992,3;991,3;268,6;24,2;22,6;28,9;24,2;24,7;22,4;93;75;91;340;8,7;1,3;
2026/01/04;1900 UTC;,2;989,9;991,5;989,9;453,1;25,3;23,5;25,3;24,1;23,6;22,6;93;89;90;24;4,3;0;
2026/01/04;2000 UTC;0;989,3;989,9;989,1;643,2;26;23,7;26,1;25,2;23,9;23,1;91;84;87;15;1,6;,4;
2026/01/04;2100 UTC;0;989,4;989,6;989,2;776;27,3;23,4;27,5;26;24,4;23,2;88;79;79;37;1,6;,3;
2026/01/04;2200 UTC;0;989,9;989,9;989;526,1;26,3;23,7;27,6;26,3;24,1;23,2;86;79;86;18;3,6;,8;
2026/01/04;2300 UTC;0;990,8;990,8;989,9;63,4;25,8;23,7;26,3;25,8;23,8;23,5;88;85;88;14;2,7;,8;
2026/01/05;0000 UTC;41,4;993;993,4;990,8;1,1;21,8;21,3;25,8;21,8;23,7;21,1;97;85;97;70;6,6;,6;
2026/01/05;0100 UTC;6,8;993,1;993,1;992,9;0;21,7;21,2;21,8;21,5;21,2;20,9;97;97;97;112;2,4;,6;
2026/01/05;0200 UTC;4,8;993,5;993,5;993;0;22,1;21,5;22,1;21,7;21,5;21,2;97;97;97;38;2,3;0;
2026/01/05;0300 UTC;2;994,6;994,6;993,6;0;22,2;21,7;22,2;22,1;21,7;21,5;97;97;97;39;1,4;,1;
2026/01/05;0400 UTC;,6;994,4;994,8;994,4;0;22,1;21,6;22,3;22,1;21,7;21,6;97;97;97;28;1,2;0;
2026/01/05;0500 UTC;,4;993,9;994,4;993,9;0;22,1;21,6;22,2;22;21,7;21,5;97;97;97;53;0;0;
2026/01/05;0600 UTC;0;993,3;993,9;993,3;0;22,3;21,7;22,3;22,1;21,7;21,6;97;97;97;31;0;0;
2026/01/05;0700 UTC;,2;992,9;993,3;992,9;0;22,3;21,7;22,4;22,2;21,8;21,7;97;97;97;27;0;0;
2026/01/05;0800 UTC;,4;992,6;992,9;992,6;0;22,2;21,7;22,5;22,2;21,9;21,7;97;97;97;35;,9;,1;
2026/01/05;0900 UTC;,4;993,1;993,1;992,6;0;22,1;21,6;22,3;22,1;21,7;21,5;97;97;97;18;,9;,1;
2026/01/05;1000 UTC;,2;993,5;993,5;993;0;22,2;21,7;22,2;22,1;21,7;21,5;97;97;97;16;1,5;,1;
2026/01/05;1100 UTC;0;994,3;994,3;993,5;11,3;22,2;21,6;22,3;22,1;21,8;21,6;97;97;97;17;1,6;,3;
2026/01/05;1200 UTC;1,2;994,7;994,7;994,3;113,9;22,4;21,9;22,5;22,1;21,9;21,5;97;96;97;358;1,6;,6;
2026/01/05;1300 UTC;7,4;995,3;995,4;994,7;303;23;22,4;23;22,4;22,4;21,9;97;97;97;4;2;,2;
2026/01/05;1400 UTC;0;995,7;995,7;995,3;803,1;24,3;22,3;24,3;23;22,8;22,1;97;88;89;304;2,6;,9;
2026/01/05;1500 UTC;0;995,6;995,7;995,6;546,4;23,8;22,1;24,4;23,8;22,5;21,9;90;87;90;343;3,7;1,1;
2026/01/05;1600 UTC;0;995,2;995,7;995,2;972,3;25,6;22,7;25,6;23,8;22,7;21,9;91;81;84;338;3,6;1;
2026/01/05;1700 UTC;0;994,4;995,2;994,4;1344,9;26,2;22,3;26,4;25,6;22,8;21,9;84;77;79;2;4;,6;
2026/01/05;1800 UTC;0;993;994,4;993;2270,7;28,4;22,3;28,4;26;23,3;21,7;79;68;70;348;4,2;,9;
2026/01/05;1900 UTC;0;991,2;993;991,2;1471,8;27,1;22,9;28,4;27;23;21,6;78;69;78;354;4;1,4;
2026/01/05;2000 UTC;0;990,4;991,2;990,4;1720,8;26,9;22,4;28;26,9;23,5;22,1;80;72;76;355;5;1,9;
2026/01/05;2100 UTC;0;989,9;990,4;989,9;1281,5;28,7;22,5;29;26,9;23,3;21,8;79;68;69;334;4,8;,9;
2026/01/05;2200 UTC;0;989,7;990;989,5;761,9;27,1;22,7;28,9;27,1;23;21,9;78;67;77;5;3,4;,5;
2026/01/05;2300 UTC;0;990,2;990,2;989,6;71,4;24,6;23,1;27,1;24,6;23,5;22,4;91;76;91;29;1,4;0;
2026/01/06;0000 UTC;0;990,2;990,5;990,2;0;24,3;23,1;24,6;24,2;23,1;22,9;93;91;93;20;1;0;
2026/01/06;0100 UTC;0;991,1;991,1;990,2;0;24,2;23,2;24,4;24,2;23,3;23;94;93;94;23;,5;0;
2026/01/06;0200 UTC;0;992,2;992,2;991,1;0;24,1;23,5;24,2;24;23,5;23,2;96;94;96;24;0;0;
2026/01/06;0300 UTC;0;993,2;993,2;992,2;0;24,1;23,5;24,1;23,9;23,5;23,3;96;96;96;34;,6;0;
2026/01/06;0400 UTC;0;993;993,2;993;0;24,3;23,4;24,3;24;23,7;23,4;96;95;95;20;1,2;0;
2026/01/06;0500 UTC;0;992,9;993,1;992,9;0;24,3;23,2;24,3;24,1;23,4;23,1;95;93;94;8;1;,3;
2026/01/06;0600 UTC;0;992;992,9;992;0;24,2;22,9;24,3;24,2;23,2;22,8;94;92;92;7;2,6;,5;
2026/01/06;0700 UTC;0;991,7;992;991,6;0;23,7;22,5;24,2;23,7;22,9;22,5;93;92;93;35;1,5;,1;
2026/01/06;0800 UTC;0;991,5;991,7;991,5;0;23,3;22,7;23,7;23,3;22,8;22,4;97;93;97;17;,4;0;
2026/01/06;0900 UTC;0;991,8;991,8;991,4;0;23,3;22,7;23,4;23,2;22,8;22,6;97;97;97;28;0;0;
2026/01/06;1000 UTC;0;992,4;992,4;991,8;0;23,6;23;23,7;23,3;23,1;22,7;97;96;96;20;1,2;,1;
2026/01/06;1100 UTC;0;993,3;993,3;992,4;41,8;23,9;23,3;23,9;23,5;23,3;22,9;97;96;96;26;,9;0;
2026/01/06;1200 UTC;0;993,5;993,6;993,3;405;24,9;22,7;24,9;23,9;23,4;22,7;96;88;88;21;2,5;1,1;
2026/01/06;1300 UTC;0;993,9;993,9;993,5;674,4;25,8;23,1;25,8;24,9;23,3;22,7;89;84;85;6;3,9;1,5;
2026/01/06;1400 UTC;0;993,9;994,1;993,9;1301,4;26,8;23,1;26,8;25,6;23,1;22,5;85;78;80;355;4,5;1,7;
2026/01/06;1500 UTC;0;993,7;994;993,7;2503,3;28,3;22,6;28,9;26,8;23,4;22,1;80;70;71;340;4,5;1,5;
2026/01/06;1600 UTC;0;993;993,7;993;2093,7;28,3;22,5;28,5;27,5;23,1;21,9;76;69;71;5;4,7;1,2;
2026/01/06;1700 UTC;0;992;993;992;3165,5;30,4;21,9;30,7;28,3;23;21,1;71;58;61;6;5,4;2;
2026/01/06;1800 UTC;0;990,8;992;990,8;3005,4;30,7;21,8;31,5;29,7;23,3;21,4;64;56;59;8;5,8;2,6;
2026/01/06;1900 UTC;0;990;990,9;990;2003,9;29;23,7;30,8;29;24,1;21,6;73;58;73;215;6,4;1,8;
2026/01/06;2000 UTC;0;989,2;990;989,2;761,7;27,5;22;29,3;27,5;24,1;22;76;69;72;38;5,4;1,3;
2026/01/06;2100 UTC;0;988,5;989,2;988,4;154,5;25,9;23,8;27,5;25,9;23,9;22,1;89;72;88;36;4,3;0;
2026/01/06;2200 UTC;0;988,7;988,7;988,3;168,8;26;24,2;26;25,7;24,2;23,5;90;86;90;31;,8;0;
2026/01/06;2300 UTC;0;988,5;988,8;988,4;85;25,3;23,8;26;25,3;24,2;23,7;91;88;91;29;1,6;0;
2026/01/07;0000 UTC;0;989;989;988,5;0;24,7;23,6;25,3;24,7;23,8;23,5;93;91;93;28;0;0;
2026/01/07;0100 UTC;0;989,7;989,7;989;0;25,1;23,6;25,5;24,7;24,6;23,6;96;91;91;33;2,4;,7;
2026/01/07;0200 UTC;0;990,9;990,9;989,7;0;24,5;23,2;25,3;24,5;23,7;23,2;92;90;92;32;2,4;0;
2026/01/07;0300 UTC;0;991,8;991,8;990,9;0;24,7;23,9;24,7;24,2;23,9;23,1;96;92;95;31;1,4;,7;
2026/01/07;0400 UTC;0;991,9;992;991,8;0;24,1;23;24,8;24,1;23,8;22,9;95;92;94;22;1,4;0;
2026/01/07;0500 UTC;0;991,7;991,9;991,7;0;23,8;22,6;24,3;23,8;23,1;22,5;94;91;93;14;,8;0;
2026/01/07;0600 UTC;0;991,3;991,7;991,3;0;23,4;22,7;23,9;23,4;22,7;22,3;96;93;96;27;,7;0;
2026/01/07;0700 UTC;0;991;991,3;991;0;23,3;22,7;23,4;23,3;22,8;22,7;97;96;97;27;0;0;
2026/01/07;0800 UTC;0;990,6;991;990,5;0;23,4;22,8;23,5;23,2;22,9;22,6;97;96;96;21;1;,1;
2026/01/07;0900 UTC;0;990,9;990,9;990,6;0;23,3;22,6;23,4;23,1;22,8;22,2;96;95;96;27;,9;0;
2026/01/07;1000 UTC;0;991,7;991,7;990,9;0;23,1;22,2;23,4;23,1;22,8;22,2;96;94;94;18;1;0;
2026/01/07;1100 UTC;0;992,5;992,5;991,7;49,8;23,7;22,5;23,7;23,1;22,5;22,1;95;93;93;22;1,2;,4;
2026/01/07;1200 UTC;0;993,3;993,4;992,5;254,2;24,9;22,6;24,9;23,7;22,8;22,4;93;87;87;15;3,8;1,6;
2026/01/07;1300 UTC;0;994;994,1;993,3;755,7;26,3;23,1;26,4;24,9;23,2;22,6;88;81;82;4;5,4;2,3;
2026/01/07;1400 UTC;0;994,2;994,3;994;1585,3;27,8;23;27,8;26,3;23,3;22,3;82;74;75;21;7,6;2,6;
2026/01/07;1500 UTC;0;994,4;994,5;994,2;2238,4;27,8;22,8;28,5;27,4;23,1;22,1;75;71;75;3;7,6;3,1;
2026/01/07;1600 UTC;0;994;994,4;994;2633,8;29;22,8;29;27,6;23,1;22,2;75;69;69;2;7,2;2,8;
2026/01/07;1700 UTC;0;993,1;994;993,1;3405,2;29;22,7;29,3;28,2;23,1;21,9;71;66;69;15;8;2,9;
2026/01/07;1800 UTC;0;992,2;993,1;992,2;3286,1;28,5;21,5;29,2;28,2;22,7;21,5;71;65;66;28;7,8;3,4;
2026/01/07;1900 UTC;0;991;992,2;991;2190;28,2;21,8;28,8;27,7;22,5;21,4;72;66;68;25;8,1;2,3;
2026/01/07;2000 UTC;0;990,1;991;990;1507,6;28,2;21,7;28,6;27,9;22,3;21,2;70;65;68;18;6,5;2,8;
2026/01/07;2100 UTC;0;989,8;990,1;989,7;928,5;27,9;21,6;28,2;27,7;22;21,2;71;67;69;13;6,3;2,4;
2026/01/07;2200 UTC;0;989,8;989,9;989,6;817,5;27,7;21,7;28,2;27,7;22,1;21,1;70;67;70;13;5,9;1,7;
2026/01/07;2300 UTC;0;990;990,1;989,7;97,3;26,3;21,9;27,7;26,3;21,9;21,4;77;69;77;10;3,6;,5;
2026/01/08;0000 UTC;0;990,6;990,6;990;0;24,1;22;26,2;24,1;22,3;21,8;88;77;88;27;1,3;0;
2026/01/08;0100 UTC;0;991,7;991,7;990,6;0;23,7;21,9;24,9;23,7;22,6;21,8;90;85;90;29;1,4;0;
2026/01/08;0200 UTC;0;992,7;992,7;991,7;0;24,5;21,8;24,7;23,6;22,5;21,8;91;85;85;26;1,3;,3;
2026/01/08;0300 UTC;0;993;993;992,7;0;24,2;21,6;24,7;24;22,3;21,6;90;84;85;30;1,9;,4;
2026/01/08;0400 UTC;;;;;;;;;;;;;;;;;;
2026/01/08;0500 UTC;0;992,6;992,8;992,6;0;23,7;21,5;24,1;23,7;21,7;21,4;88;86;88;28;2,9;1,1;
2026/01/08;0600 UTC;0;992,3;992,6;992,3;0;23,7;21,7;23,8;23,6;21,8;21,4;89;87;89;22;2,9;,4;
2026/01/08;0700 UTC;0;991,9;992,3;991,9;0;23,5;21,6;23,7;23,5;21,8;21,5;90;88;90;13;2,4;,4;
2026/01/08;0800 UTC;0;991,6;991,9;991,6;0;23,1;21,8;23,5;22,9;21,8;21,5;93;90;92;357;1,4;,7;
2026/01/08;0900 UTC;0;991,8;991,8;991,6;0;22,7;21,6;23,1;22,7;21,8;21,5;93;92;93;32;1,3;0;
2026/01/08;1000 UTC;0;992,3;992,3;991,8;0;22,9;21,7;23,2;22,7;22;21,6;94;92;93;20;1,1;0;
2026/01/08;1100 UTC;0;993,5;993,5;992,3;8,6;23,1;22,1;23,1;22,8;22,1;21,7;94;93;94;30;1;,2;
2026/01/08;1200 UTC;0;994,2;994,2;993,5;224,6;24,1;22,2;24,1;23,1;22,2;22;94;89;89;22;1,4;,3;
2026/01/08;1300 UTC;0;994,7;994,8;994,2;721,8;25,8;22,8;25,8;24,1;22,9;22;89;83;83;16;2,2;,7;
2026/01/08;1400 UTC;0;994,9;995;994,7;1362,9;27,2;23;27,2;25,7;23,2;22,4;83;77;78;2;3,8;1,5;
2026/01/08;1500 UTC;0;994,8;994,9;994,8;1998;28;22,6;28,3;27,1;23,3;22,3;78;72;73;37;4;1,5;
2026/01/08;1600 UTC;0;994,3;994,8;994,3;2001,8;29,2;23,1;29,5;28;24;22,5;74;69;70;29;4;1,1;
2026/01/08;1700 UTC;0;993,2;994,3;993,2;2736,5;30,5;22,3;30,5;28,9;23,6;22,2;71;62;62;6;4;1,7;
2026/01/08;1800 UTC;0;991,5;993,2;991,5;3170;31;22,8;31,3;30,1;23,2;21,7;65;58;62;23;4,8;1,2;
2026/01/08;1900 UTC;0;990,4;991,5;990,3;1563,7;28;22;31,6;28;23;21,1;70;57;70;342;5,4;2,4;
2026/01/08;2000 UTC;0;989,9;990,4;989,9;625,3;27,4;22,1;28,6;27,4;23,3;22,1;76;70;73;4;5,4;1,7;
2026/01/08;2100 UTC;0;989,3;989,9;989,2;362,6;27,1;23,1;27,4;26,9;23,5;22,2;81;73;79;353;4,7;1,1;
2026/01/08;2200 UTC;0;989,2;989,3;989;929,5;28,1;22,4;28,8;27,1;23,2;22;79;68;72;19;2,9;,9;
2026/01/08;2300 UTC;0;990;990;989,2;231,1;27,1;23,1;28,1;27,1;23,3;22,5;78;71;78;21;3,3;,9;
2026/01/09;0000 UTC;0;990,6;990,7;990;0;26,2;23,5;27,1;25,7;23,5;22,9;87;78;85;32;2,3;,4;
2026/01/09;0100 UTC;0;991,4;991,4;990,5;0;25,9;23,3;26,2;25,3;23,5;23,1;88;84;85;22;1,7;,5;
2026/01/09;0200 UTC;0;992,1;992,1;991,3;0;24,5;22,9;26;24,5;23,4;22,9;91;85;91;32;2;0;
2026/01/09;0300 UTC;0;992,8;992,8;992,1;0;24,4;23,1;24,6;24,3;23,2;22,8;92;91;92;14;0;0;
2026/01/09;0400 UTC;0;992,4;992,8;992,4;0;23,9;22,6;24,8;23,9;23,3;22,5;93;89;93;27;1;0;
2026/01/09;0500 UTC;0;991,9;992,4;991,9;0;23,8;22,8;23,9;23,7;22,8;22,6;94;93;94;33;0;0;
2026/01/09;0600 UTC;0;991,6;992;991,6;0;24,4;23;24,4;23,8;23,1;22,8;94;91;92;16;1,1;0;
2026/01/09;0700 UTC;0;991,2;991,6;991,1;0;24,1;22,9;24,4;24,1;23,2;22,8;93;92;93;31;,7;0;
2026/01/09;0800 UTC;0;990,7;991,2;990,7;0;24,4;23;24,4;24,1;23,2;22,9;94;92;92;14;,6;0;
2026/01/09;0900 UTC;0;991,2;991,2;990,7;0;24,4;22,9;24,4;24,2;23;22,8;92;91;92;19;,9;,1;
2026/01/09;1000 UTC;0;991,7;991,7;991,2;0;24;22,9;24,4;24;22,9;22,7;93;91;93;23;,6;0;
2026/01/09;1100 UTC;0;992,3;992,3;991,7;48,5;24,5;23,3;24,5;24;23,3;22,8;93;92;93;17;,9;,1;
2026/01/09;1200 UTC;0;992,8;992,8;992,3;331;25,3;23,4;25,3;24,5;23,4;23;93;89;89;6;2,2;,7;
2026/01/09;1300 UTC;0;993,4;993,4;992,8;769,7;27,1;23,9;27,1;25,3;23,9;23,4;89;82;83;15;2,2;,6;
2026/01/09;1400 UTC;0;993,9;993,9;993,4;985,5;27,5;23,4;27,7;27,1;24,2;22,9;83;76;79;351;4,4;1;
2026/01/09;1500 UTC;0;993,3;994;993,3;1380,8;28,1;23,4;28,7;27,5;24,1;22,9;80;73;76;19;4,8;1,6;
2026/01/09;1600 UTC;,2;992,8;993,3;992,8;1327,6;26,3;23,6;29,3;25,1;23,8;21,8;87;70;85;16;7,1;1,6;
2026/01/09;1700 UTC;4;992,3;992,8;992,3;503,8;25,2;23,8;27,2;25;24;23;92;80;92;359;5,6;,3;
2026/01/09;1800 UTC;1,4;991,9;992,3;991,9;237,9;24,8;23,5;25,3;24,8;23,8;23,3;93;91;92;313;2;,7;
2026/01/09;1900 UTC;1,8;990,5;991,9;990,5;592,5;25,2;23,8;25,2;24,7;23,8;23,3;93;92;92;254;3,2;1,4;
2026/01/09;2000 UTC;0;989,8;990,5;989,8;582,5;25,6;23,9;25,6;25,2;24;23,5;92;89;90;282;2,8;1;
2026/01/09;2100 UTC;,2;989,5;989,8;989,4;498,8;25,8;24,3;25,9;25,4;24,3;23,6;92;89;91;230;2,5;1,2;
2026/01/09;2200 UTC;0;990;990;989,5;340,7;25,8;24,1;26,1;25,8;24,4;23,9;92;88;90;23;3,8;,5;
2026/01/09;2300 UTC;,2;990,6;990,6;990;68,5;24,4;22,9;25,8;24,3;24,2;22,8;92;88;91;48;1,9;,7;
2026/01/10;0000 UTC;1;991,1;991,2;990,6;0;24,1;23;24,4;24,1;23,2;22,9;93;91;93;21;3,1;0;
2026/01/10;0100 UTC;0;992,3;992,3;991,1;0;24,3;23,7;24,3;24;23,7;22,9;96;93;96;359;1,3;,3;
2026/01/10;0200 UTC;0;993,4;993,4;992,3;0;23,9;23;24,3;23,9;23,7;23;96;95;95;2;1,7;,2;
2026/01/10;0300 UTC;0;993,5;993,7;993,4;0;23,7;23,1;23,9;23,7;23,1;23;96;95;96;21;1,5;,1;
2026/01/10;0400 UTC;0;993,3;993,5;993,2;0;23,6;23;23,7;23,6;23,1;22,9;96;96;96;14;1,6;,1;
2026/01/10;0500 UTC;0;992,5;993,2;992,5;0;23,2;22,6;23,6;23,1;23;22,6;97;96;97;18;1,2;,1;
2026/01/10;0600 UTC;0;992,1;992,6;992,1;0;22,8;22,3;23,2;22,8;22,6;22,3;97;97;97;25;1,2;0;
2026/01/10;0700 UTC;0;992;992,1;991,9;0;22,9;22,3;22,9;22,7;22,3;22,2;97;97;97;26;,5;0;
2026/01/10;0800 UTC;0;991,3;992;991,3;0;23,1;22,5;23,2;22,9;22,6;22,4;97;97;97;24;1,2;0;
2026/01/10;0900 UTC;0;991,7;991,7;991,3;0;23;22,4;23,2;23;22,6;22,4;97;97;97;25;1,9;0;
2026/01/10;1000 UTC;0;992,7;992,7;991,7;0;23;22,4;23,1;22,9;22,5;22,3;97;97;97;37;,4;0;
2026/01/10;1100 UTC;0;993,6;993,6;992,7;47,7;23,3;22,8;23,3;23;22,8;22,4;97;97;97;25;0;0;
2026/01/10;1200 UTC;0;994,3;994,3;993,6;323,3;24,5;22,8;24,5;23,3;23,3;22,7;97;91;91;31;,6;0;
2026/01/10;1300 UTC;0;994,6;994,7;994,3;598,3;25,2;23;25,5;24,5;23,5;22,5;91;85;87;320;2,2;,6;
2026/01/10;1400 UTC;0;994,8;994,8;994,6;1211,9;26,9;23,4;27,1;25,3;23,7;22,8;88;79;81;340;3,3;,6;
2026/01/10;1500 UTC;0;994,3;994,8;994,3;1498,4;27,4;22,3;28,1;26,9;23,5;22,2;81;73;74;317;5,7;1,3;
2026/01/10;1600 UTC;0;993,8;994,3;993,8;2466,1;27,7;22,8;29,2;27,2;23,7;22,2;78;69;75;358;5,4;2,4;
2026/01/10;1700 UTC;2,8;994;994,2;993,7;287,8;22,5;21;27,7;22,5;22,8;21;93;75;91;15;9,5;3,9;
2026/01/10;1800 UTC;8,6;993,3;994,4;993,3;54,4;21,9;20,8;22,5;21,7;21;20,2;94;89;94;31;9,5;1;
2026/01/10;1900 UTC;7,2;992,4;993,3;992,4;81,3;21,9;21,3;22;21,8;21,3;20,8;96;94;96;354;3,4;,3;
2026/01/10;2000 UTC;2,4;990,7;992,4;990,7;121;22;21,3;22,1;21,9;21,5;21,2;97;95;95;351;2,2;,4;
2026/01/10;2100 UTC;,8;989,9;990,7;989,9;139,4;22,1;21,2;22,2;22;21,6;21,1;97;94;94;313;3,1;,9;
2026/01/10;2200 UTC;,2;990,2;990,2;989,7;134,8;22,1;21,1;22,2;22,1;21,2;21;94;94;94;29;3,9;,1;
2026/01/10;2300 UTC;0;991,4;991,4;990,2;48,4;22,3;21,7;22,3;22;21,7;20,9;96;93;96;36;1,7;,6;
2026/01/11;0000 UTC;0;992,2;992,2;991,4;,2;22,2;21,6;22,3;22;21,7;21,4;97;96;97;29;2,2;,4;
2026/01/11;0100 UTC;0;992,9;992,9;992,2;0;22;21,4;22,2;21,9;21,6;21,3;97;96;97;24;1,2;0;
2026/01/11;0200 UTC;0;993,2;993,2;992,9;0;21,7;21,2;22;21,7;21,4;21,1;97;97;97;20;,7;0;
2026/01/11;0300 UTC;0;993,3;993,3;993,2;0;21,6;21,1;21,8;21,6;21,2;21;97;97;97;22;1;,1;
2026/01/11;0400 UTC;0;993;993,3;993;0;21,1;20,6;21,7;21,1;21,1;20,6;97;97;97;28;,8;0;
2026/01/11;0500 UTC;0;992,6;993;992,6;0;21,2;20,6;21,2;21;20,7;20,5;97;97;97;30;0;0;
2026/01/11;0600 UTC;0;991,8;992,6;991,8;0;21,2;20,7;21,3;21,1;20,7;20,6;97;97;97;32;0;0;
2026/01/11;0700 UTC;0;991,6;991,8;991,6;0;21,3;20,7;21,3;21;20,8;20,5;97;97;97;34;1;,1;
2026/01/11;0800 UTC;0;991,7;991,7;991,6;0;21,4;20,9;21,5;21,2;21;20,7;97;97;97;34;1,7;,2;
2026/01/11;0900 UTC;0;991,8;991,9;991,7;0;21,1;20,6;21,5;21,1;20,9;20,6;97;97;97;19;1,9;,6;
2026/01/11;1000 UTC;0;992,1;992,1;991,8;0;21,1;20,5;21,1;21;20,6;20,4;97;97;97;9;1,2;0;
2026/01/11;1100 UTC;0;992,2;992,3;992,1;22,2;21,3;20,7;21,3;21,1;20,7;20,6;97;97;97;351;1,4;,2;
2026/01/11;1200 UTC;0;993,4;993,4;992,2;194,8;22;21,5;22;21,3;21,5;20,8;97;97;97;28;1,4;0;
2026/01/11;1300 UTC;0;993,8;993,8;993,4;506,4;23;21,7;23;22;22,2;21,4;97;92;92;19;,8;0;
2026/01/11;1400 UTC;0;994,5;994,5;993,8;725,2;23,9;22;24;23;22,2;21,5;93;89;89;20;2;,3;
2026/01/11;1500 UTC;0;994,6;994,6;994,5;933,4;25,8;22,8;25,8;23,9;23,1;22,1;89;83;84;54;1,5;,2;
2026/01/11;1600 UTC;0;994,1;994,6;994,1;1618,9;27,7;22,8;27,7;25,8;23,6;22,6;86;75;75;3;1,9;,4;
2026/01/11;1700 UTC;0;993,8;994,1;993,8;1417,4;28,2;23,1;28,2;27,3;23,6;22,4;78;73;74;19;2,3;,1;
2026/01/11;1800 UTC;0;992,6;993,8;992,6;2311,2;28,7;23;29,3;28,1;23,9;22,3;77;68;71;5;2,1;,8;
2026/01/11;1900 UTC;0;990,7;992,6;990,7;2586,9;29,5;22,7;30;28,7;23,5;22,2;72;64;67;32;3,3;,9;
2026/01/11;2000 UTC;0;989;990,7;989;2127,6;30,5;22,1;30,6;29,5;23,6;21,6;70;59;61;358;3,7;,6;
2026/01/11;2100 UTC;0;987,9;989;987,9;1921,7;29,8;22,5;31,7;29,8;23;21,4;65;55;65;13;3,4;1,5;
2026/01/11;2200 UTC;0;988,2;988,2;987,7;590,8;28,6;24,3;30,9;28,5;24,4;22,1;77;62;77;14;3,4;,1;
2026/01/11;2300 UTC;0;989,4;989,4;988,2;137,1;27,6;23,4;28,9;26,8;24,8;23,2;88;74;78;6;2,7;,5;
2026/01/12;0000 UTC;2,2;990,7;990,7;989,4;,1;24,8;22,1;27,6;24,8;24;21,6;85;73;85;208;5,1;1,8;
2026/01/12;0100 UTC;17,6;992,1;992,1;990,7;0;23,8;22,5;24,8;23,3;22,6;21,9;94;85;93;359;5,1;1,2;
2026/01/12;0200 UTC;28,4;993,5;993,6;992,2;0;22,7;22,1;23,8;22,7;22,7;21,6;97;92;97;335;3,5;,7;
2026/01/12;0300 UTC;5,4;993,3;993,5;993,2;,1;22,6;21,4;23;22,6;22,3;21,4;97;93;93;10;3,7;,1;
2026/01/12;0400 UTC;0;993,2;993,4;993,2;0;22,7;22,1;22,7;22,5;22,2;21,5;97;93;97;48;1,8;,5;
2026/01/12;0500 UTC;0;992,9;993,3;992,8;0;22,5;22;22,9;22,5;22,3;21,9;97;97;97;23;1,9;0;
2026/01/12;0600 UTC;0;992,3;992,8;992,3;0;22,6;22,1;22,7;22,4;22,1;21,9;97;97;97;19;0;0;
2026/01/12;0700 UTC;0;992;992,3;991,9;0;22,6;22;22,7;22,5;22,2;21,9;97;97;97;13;,9;,2;
2026/01/12;0800 UTC;0;991,6;992,2;991,6;0;22,8;22,2;22,8;22,5;22,3;22;97;97;97;9;1,5;,5;
2026/01/12;0900 UTC;0;992;992;991,6;0;23,2;22,6;23,2;22,6;22,6;22;97;97;97;4;1,9;,7;
2026/01/12;1000 UTC;,2;992,5;992,5;992;0;23,3;22,4;23,5;23,1;22,9;22,4;97;94;94;346;3,3;1,1;
2026/01/12;1100 UTC;1,6;994;994;992,5;4;23,1;22,5;23,4;23,1;22,7;22,4;96;94;96;113;3,3;,7;
2026/01/12;1200 UTC;46,8;994,8;994,8;994;7,4;21,4;20,9;23,1;21,4;22,4;20,8;97;94;97;44;6;,1;
2026/01/12;1300 UTC;5,4;995,4;995,5;994,8;16,9;21,4;20,8;21,6;21,3;21,1;20,7;97;97;97;44;1,7;,1;
2026/01/12;1400 UTC;6,4;995,9;996;995,4;61,5;21,7;21,1;21,7;21,4;21,1;20,8;97;97;97;9;1;,1;
2026/01/12;1500 UTC;,2;995,4;995,9;995,4;283,2;22,1;21,5;22,1;21,6;21,6;21,1;97;97;97;358;1,3;,4;
2026/01/12;1600 UTC;1,2;994,8;995,4;994,8;511,5;22,4;21,8;22,4;22,1;21,8;21,5;97;96;97;1;2,4;,9;
2026/01/12;1700 UTC;,8;994,4;994,8;994,4;837;23,1;21,9;23,1;22,4;22,5;21,8;97;93;93;18;3,3;1;
2026/01/12;1800 UTC;0;993,1;994,4;993,1;1591,2;25;21,9;25;23,1;22,4;21,4;93;83;83;23;2,6;,3;
2026/01/12;1900 UTC;0;991,7;993,1;991,7;1904,5;26,3;21,6;26,9;25;23,2;21,3;84;74;75;36;1,8;,3;
2026/01/12;2000 UTC;0;990,6;991,7;990,6;1085,5;26,7;22,8;26,8;25,9;23;21,6;82;75;79;31;2,5;,5;
2026/01/12;2100 UTC;0;990;990,6;990;985,3;26,2;21,7;26,7;26,1;22,7;21,6;81;75;76;215;3,5;1,2;
2026/01/12;2200 UTC;0;990;990;989,8;574,1;25,1;22,6;26,5;25,1;23;21,5;87;75;86;36;2,5;0;
2026/01/12;2300 UTC;0;990,7;990,7;990;99,4;24,1;22,8;25,1;24;23,1;22,5;93;86;93;24;,8;0;
2026/01/13;0000 UTC;0;991,4;991,4;990,7;0;23,4;22,3;24,1;23,4;22,9;22,3;94;93;94;30;0;0;
2026/01/13;0100 UTC;0;992;992;991,4;0;23;22,5;23,6;23;23;22,3;97;94;97;27;1,5;0;
2026/01/13;0200 UTC;0;993,1;993,1;992;0;22,8;22,3;23;22,8;22,4;22,3;97;97;97;20;,8;0;
2026/01/13;0300 UTC;0;993,9;993,9;993,1;0;22,8;22,2;22,8;22,7;22,3;22,1;97;97;97;23;0;0;
2026/01/13;0400 UTC;0;993,9;993,9;993,7;0;22,7;22,2;22,9;22,7;22,3;22,2;97;97;97;23;,5;0;
2026/01/13;0500 UTC;0;993,6;993,9;993,6;0;22,9;22,3;23;22,7;22,4;22,2;97;97;97;30;0;0;
2026/01/13;0600 UTC;0;992,5;993,6;992,5;0;23;22,4;23,1;22,9;22,5;22,3;97;97;97;23;0;0;
2026/01/13;0700 UTC;0;992,3;992,5;992,3;0;22,5;21,9;23;22,5;22,4;21,9;97;97;97;29;,7;0;
2026/01/13;0800 UTC;0;991,8;992,3;991,7;0;22,6;22;22,6;22,5;22,1;21,9;97;97;97;20;,8;0;
2026/01/13;0900 UTC;0;992,1;992,1;991,8;0;22,4;21,8;22,7;22,3;22,1;21,7;97;97;97;31;,7;0;
2026/01/13;1000 UTC;0;992,5;992,5;992,1;0;22,5;21,9;22,5;22,4;21,9;21,8;97;97;97;22;0;0;
2026/01/13;1100 UTC;0;993,3;993,3;992,5;34,9;22,6;22;22,6;22,4;22;21,8;97;97;97;30;,8;,1;
2026/01/13;1200 UTC;0;994,3;994,3;993,3;326,3;23,4;22,8;23,4;22,6;22,8;22;97;96;97;16;1,2;,1;
2026/01/13;1300 UTC;0;994,9;994,9;994,3;660,5;24,6;22,6;24,6;23,4;23;22,4;97;88;89;360;1,6;,4;
2026/01/13;1400 UTC;0;995,2;995,2;994,9;1164,9;26,3;22,5;26,3;24,6;22,9;21,9;89;79;80;17;1,6;,1;
2026/01/13;1500 UTC;0;994,9;995,3;994,9;1773,4;27,4;22,5;27,6;26,3;22,9;21,9;80;72;75;355;2;,7;
2026/01/13;1600 UTC;0;994,2;994,9;994,2;1594,3;27,9;23,1;27,9;27,1;23,1;21,8;77;71;75;27;2,3;,3;
2026/01/13;1700 UTC;0;992,9;994,2;992,9;1168;26,6;23,3;28;26,3;23,4;22;83;72;82;56;3,9;,9;
2026/01/13;1800 UTC;0;992;992,9;992;1125,8;26,6;22,6;26,9;26,3;23,6;22,5;83;79;79;49;3,2;,8;
2026/01/13;1900 UTC;0;990,5;992;990,5;1686,3;28,4;23,5;28,4;26,4;23,9;22,4;82;72;75;68;2,7;,6;
2026/01/13;2000 UTC;8;990,7;990,8;990,5;443,3;23,7;22,5;28,9;23,4;23,4;21,6;93;69;93;19;5,4;,8;
2026/01/13;2100 UTC;6,2;990,8;990,8;990,5;85,4;23,8;23;23,8;23,6;23;22,4;96;93;95;10;2,4;,6;
2026/01/13;2200 UTC;1,6;990,3;990,8;990,3;50,8;23,2;22,1;23,8;23,2;23,1;22;96;92;93;27;3,2;0;
2026/01/13;2300 UTC;,2;990,3;990,3;990,2;21,5;23,4;22,8;23,5;23,1;22,9;22,1;96;93;96;20;1,3;,1;
2026/01/14;0000 UTC;0;991,6;991,6;990,3;0;23,3;22,7;23,5;23,1;22,9;22,5;97;96;96;13;1,2;,2;
2026/01/14;0100 UTC;0;992,3;992,3;991,6;0;23,1;22,6;23,3;23;22,7;22,4;97;96;97;11;1;,2;
2026/01/14;0200 UTC;0;993,2;993,2;992,3;0;23,1;22,3;23,2;23,1;22,6;22,2;97;95;95;11;2,2;,2;
2026/01/14;0300 UTC;0;993,9;993,9;993,2;0;22,8;22,2;23,1;22,7;22,2;21,9;97;95;97;33;1,6;,1;
2026/01/14;0400 UTC;0;993,8;994;993,8;0;22,6;22,1;22,8;22,6;22,3;22;97;96;96;28;1,1;0;
2026/01/14;0500 UTC;0;993,4;993,8;993,3;0;22,4;21,8;22,7;22,3;22,1;21,8;97;96;97;28;,6;0;
2026/01/14;0600 UTC;0;992,9;993,4;992,9;0;22,4;21,8;22,5;22,2;21,9;21,7;97;97;97;18;,4;0;
2026/01/14;0700 UTC;0;992,8;992,9;992,7;0;22,4;21,8;22,4;22,3;21,8;21,7;97;97;97;31;1;,1;
2026/01/14;0800 UTC;0;992,6;992,8;992,6;0;22,3;21,7;22,5;22,3;21,9;21,7;97;97;97;34;1;0;
2026/01/14;0900 UTC;0;992,7;992,7;992,6;0;22,3;21,7;22,4;22,3;21,8;21,7;97;97;97;19;,6;0;
2026/01/14;1000 UTC;0;993,1;993,1;992,7;0;22,2;21,7;22,3;22,2;21,8;21,6;97;97;97;29;,6;0;
2026/01/14;1100 UTC;0;993,7;993,7;993,1;45,2;22,5;21,9;22,5;22,2;21,9;21,6;97;97;97;25;0;0;
2026/01/14;1200 UTC;0;994,4;994,4;993,7;252,1;23,5;22,7;23,5;22,5;22,9;22;97;95;95;34;,5;0;
2026/01/14;1300 UTC;0;995,1;995,1;994,4;640,9;24,9;21,9;24,9;23,5;22,9;21,9;95;84;84;6;1,3;,3;
2026/01/14;1400 UTC;0;995,3;995,4;995,1;1253,8;25,9;22;26,4;24,8;22,9;21,7;84;78;79;5;1,8;,5;
2026/01/14;1500 UTC;0;995,3;995,4;995,3;1961,6;27,2;22,3;27,6;25,9;23,1;21,9;80;73;75;344;2,7;,4;
2026/01/14;1600 UTC;0;994,6;995,3;994,6;2494,3;29,4;23,4;29,4;27;23,4;21,7;78;65;70;319;3;,9;
2026/01/14;1700 UTC;0;993,5;994,6;993,5;2642,2;28,8;22,6;30,2;28,7;23,4;21,5;70;62;69;5;3;1,1;
2026/01/14;1800 UTC;0;991,8;993,5;991,8;3534,5;30,6;20,6;30,8;28,8;23,1;20,3;69;55;55;8;3,3;1,6;
2026/01/14;1900 UTC;0;989,9;991,8;989,9;3120,6;30,7;20,9;31,7;30,5;22,2;19,9;60;51;56;35;3,7;1,2;
2026/01/14;2000 UTC;0;988,6;989,9;988,6;2053,9;30,9;21,7;32,1;30,1;22,1;19,8;61;51;58;348;3,7;1,4;
2026/01/14;2100 UTC;0;988;988,6;988;1877,3;31,8;21,5;32,3;30,3;23,6;20,5;67;52;55;343;2,9;,8;
2026/01/14;2200 UTC;0;988,1;988,1;987,8;1134,9;30,9;21,1;32,3;30,9;22,8;20,6;60;52;56;350;2,4;1;
2026/01/14;2300 UTC;0;989,3;989,3;988,1;181,9;26,6;21,3;31;26,6;22,5;21;73;56;73;359;4,1;,9;
2026/01/15;0000 UTC;0;989,9;989,9;989,3;0;25,2;22,6;26,6;25,2;22,6;20,9;85;71;85;93;2,4;,7;
2026/01/15;0100 UTC;0;991,6;991,6;989,9;0;24,8;22,5;25,2;24,7;22,7;22,3;88;85;87;16;3;,2;
2026/01/15;0200 UTC;0;992,2;992,2;991,6;0;24,7;22,5;25,2;24,5;22,7;22,3;88;85;88;19;1,4;,4;
2026/01/15;0300 UTC;0;992,8;992,8;992,1;0;24,2;22,7;24,8;24,1;22,7;22,4;92;88;91;25;1,4;,3;
2026/01/15;0400 UTC;0;992,6;993,3;992,5;0;24;22,6;24,3;24;22,8;22,5;92;90;92;17;1,5;0;
2026/01/15;0500 UTC;0;992,2;992,6;992,2;0;23,5;22,4;24;23,5;22,6;22,3;93;92;93;30;1,1;,3;
2026/01/15;0600 UTC;0;991,9;992,3;991,8;0;23,4;22,3;23,6;23,2;22,4;22,1;94;93;93;15;1,1;0;
2026/01/15;0700 UTC;0;991,6;992;991,6;0;23,4;22,2;23,4;23,2;22,3;22,1;94;93;93;346;1,8;,5;
2026/01/15;0800 UTC;0;991,6;991,7;991,4;0;23,1;22;23,4;23,1;22,2;21,9;94;93;93;20;1,9;,1;
2026/01/15;0900 UTC;0;991,9;991,9;991,6;0;23;22,3;23,1;22,9;22,4;21,8;96;93;96;29;,8;0;
2026/01/15;1000 UTC;0;992,4;992,4;991,9;0;23;22,1;23,1;22,9;22,4;22,1;96;95;95;32;0;0;
2026/01/15;1100 UTC;0;993,4;993,4;992,4;45,7;23,3;22,7;23,3;22,9;22,7;22;97;95;97;19;0;0;
2026/01/15;1200 UTC;0;994,2;994,2;993,4;409,7;24,4;22,4;24,4;23,3;22,9;22,1;97;88;89;201;2,3;1;
2026/01/15;1300 UTC;0;994,5;994,5;994,2;1119,9;26,8;22,2;27,2;24,4;23,1;21,9;89;75;76;82;2,8;,4;
2026/01/15;1400 UTC;0;994,7;994,8;994,4;1497;28;22,7;28,1;26,5;23,6;21,7;79;73;73;14;1,9;,3;
2026/01/15;1500 UTC;0;994,3;994,7;994,3;1900,4;28,9;23,6;29,1;27,8;23,8;22,3;75;69;73;34;2;,6;
2026/01/15;1600 UTC;0;993,8;994,3;993,8;1613,2;29,2;23,7;29,8;28,5;24;22,5;74;69;72;251;3,3;1,4;
2026/01/15;1700 UTC;0;992,5;993,8;992,5;2329,2;30,7;23;31,2;28,9;24,3;22,6;73;62;64;295;3,9;1;
2026/01/15;1800 UTC;0;990,6;992,5;990,6;3642,6;31,7;22,5;31,9;30,5;24;22;65;57;58;311;3,1;1,2;
2026/01/15;1900 UTC;0;989,2;990,6;989,2;1699;31,8;22,4;32,3;29,3;24,8;21,9;76;55;58;171;3,1;1,5;
2026/01/15;2000 UTC;0;988,7;989,2;988,5;1614;28,1;22,7;32,5;28,1;23,9;21,7;74;55;73;353;4,1;1,7;
2026/01/15;2100 UTC;0;988,4;988,8;988,2;414,4;28;23,2;28,6;27,7;24,4;22,6;80;72;76;281;4,1;1;
2026/01/15;2200 UTC;0;988,7;988,7;988,3;302,9;26,7;24;28;26,5;24;22,9;86;76;85;28;3,7;,4;
2026/01/15;2300 UTC;8;990,4;990,4;988,7;17,7;24;22,8;26,7;24;24;22,8;93;84;93;45;2,4;,3;
2026/01/16;0000 UTC;7,8;991,5;991,5;990,4;0;24,2;23,6;24,3;23,9;23,7;22,7;97;93;96;353;4;,9;
2026/01/16;0100 UTC;0;991,9;992;991,4;0;24,2;23,3;24,3;24,2;23,7;23,3;96;95;95;349;3,3;,3;
2026/01/16;0200 UTC;0;991,9;991,9;991,5;0;23,9;22,9;24,2;23,9;23,3;22,9;95;94;94;354;2;,6;
2026/01/16;0300 UTC;0;993;993;991,9;0;23,7;22,8;23,9;23,7;23,2;22,7;96;94;94;360;2,7;1;
2026/01/16;0400 UTC;0;993;993,2;992,9;0;23,7;22,6;23,8;23,6;22,8;22,6;94;94;94;20;2,1;,3;
2026/01/16;0500 UTC;0;992,6;993,1;992,6;0;23,6;22,6;23,8;23,6;22,9;22,6;95;94;94;38;1,5;,3;
2026/01/16;0600 UTC;0;991,8;992,6;991,8;0;23,4;22,2;23,7;23,4;23;22,2;96;93;93;355;1,7;,6;
2026/01/16;0700 UTC;0;991,2;991,8;991,2;0;23,1;22;23,4;23;22,2;21,9;94;93;94;10;2,1;,3;
2026/01/16;0800 UTC;0;991,2;991,3;991,1;0;22,7;22,1;23,1;22,7;22,2;21,9;97;94;97;76;1,5;,4;
2026/01/16;0900 UTC;0;991,6;991,6;991,2;0;22,8;22,2;22,8;22,6;22,2;22;97;97;97;23;1,4;,3;
2026/01/16;1000 UTC;0;992,4;992,4;991,6;0;23;22,5;23;22,8;22,5;22,2;97;97;97;100;2,4;,6;
2026/01/16;1100 UTC;0;993,3;993,3;992,5;26,2;23,4;22,8;23,4;23;22,8;22,5;97;97;97;279;2;,8;
2026/01/16;1200 UTC;0;994,4;994,4;993,3;324,1;24,3;22,8;24,3;23,4;22,9;22,6;97;91;91;53;2,4;,3;
2026/01/16;1300 UTC;0;995,2;995,2;994,4;720,8;25,2;22,9;25,4;24,3;23,3;22,4;91;86;87;63;2,4;,3;
2026/01/16;1400 UTC;2,4;995,4;995,5;995,2;506,1;24,8;23,2;25,4;24,8;23,6;22,8;91;86;91;146;1,8;,9;
2026/01/16;1500 UTC;,6;995,1;995,5;995;869,9;25,7;23,8;25,7;24,8;23,9;23,2;93;89;89;36;2,4;,1;
2026/01/16;1600 UTC;0;994,7;995,2;994,7;1681,9;27,4;24,1;27,5;25,6;24,4;22,9;90;80;82;38;2,5;,4;
2026/01/16;1700 UTC;0;994,4;994,7;994,4;804,4;26;23,3;27,7;25,7;24,1;22,9;86;77;85;41;4,5;,3;
2026/01/16;1800 UTC;0;993,3;994,4;993,3;873,8;26;23,2;26,1;25,9;23,8;23;87;84;85;54;5,3;1,4;
2026/01/16;1900 UTC;0;992;993,3;992;781,6;26,1;23,2;26,4;25,9;23,5;22,7;85;82;84;37;4,8;1;
2026/01/16;2000 UTC;0;990,6;992;990,6;859,5;26,1;23,1;26,2;25,7;23,2;22,6;84;81;83;19;4,2;,7;
2026/01/16;2100 UTC;0;989,7;990,6;989,6;646,2;26;22,7;26,3;25,8;23,3;22,5;84;82;82;15;2,3;,8;
2026/01/16;2200 UTC;0;990,4;990,4;989,7;419,2;25,2;22,2;26,1;25,2;23,3;22,2;85;81;83;10;3,3;1,3;
2026/01/16;2300 UTC;0;990,9;990,9;990,4;93,6;24;22;25,3;24;22,3;21,7;89;82;89;24;3,3;0;
2026/01/17;0000 UTC;0;991,8;991,8;990,9;0;23,1;21,9;24,1;23,1;22,1;21,9;93;88;93;39;1;,1;
2026/01/17;0100 UTC;0;992,8;992,8;991,8;0;23,2;22,5;23,2;23;22,6;21,8;96;93;96;26;,9;0;
2026/01/17;0200 UTC;0;993,8;993,8;992,8;0;23,2;22,5;23,4;23,1;22,8;22,4;96;96;96;27;,6;0;
2026/01/17;0300 UTC;0;994,2;994,2;993,8;0;23,3;22,4;23,4;23,2;22,7;22,2;96;94;95;9;,9;0;
2026/01/17;0400 UTC;0;994,1;994,2;994;0;23;22,3;23,3;23;22,6;22,1;96;94;96;26;,9;0;
2026/01/17;0500 UTC;0;993,7;994,1;993,7;0;23;22,4;23;22,9;22,5;22,3;97;96;97;27;,3;0;
2026/01/17;0600 UTC;0;993,6;993,9;993,6;0;23,3;22,8;23,3;23;22,8;22,4;97;97;97;19;,7;0;
2026/01/17;0700 UTC;0;993,2;993,6;993,2;0;23,3;22,7;23,4;23,3;22,8;22,7;97;96;96;360;1,4;,3;
2026/01/17;0800 UTC;0;992,8;993,2;992,8;0;23,1;22,1;23,4;23,1;22,8;22,1;97;94;94;4;1,5;,2;
2026/01/17;0900 UTC;0;992,7;992,9;992,7;0;22,7;21,9;23,1;22,7;22,1;21,7;95;93;95;23;1,7;0;
2026/01/17;1000 UTC;0;993,1;993,1;992,6;0;22,8;22;22,8;22,6;22,2;21,9;97;95;95;19;1,6;,2;
2026/01/17;1100 UTC;0;993,9;993,9;993,1;33;22,9;21,9;22,9;22,7;22,1;21,8;96;94;94;21;1,3;0;
2026/01/17;1200 UTC;0;994,8;994,8;993,9;323,8;23,7;22;23,7;22,9;22,2;21,8;94;90;90;341;2;,6;
2026/01/17;1300 UTC;0;995,2;995,2;994,7;941,3;25,5;22,2;25,7;23,7;22,9;21,9;91;82;82;345;2,8;,8;
2026/01/17;1400 UTC;0;995,7;995,7;995,2;1403,7;26,7;22,6;26,7;25,5;23;21,8;83;77;78;331;3,8;,9;
2026/01/17;1500 UTC;0;995,8;995,9;995,7;2118,4;28;22,5;28,5;26,5;23,1;22,2;79;70;72;308;2,7;1,2;
2026/01/17;1600 UTC;0;995,1;995,8;995,1;2505,1;29,5;22,4;29,7;27,9;23,1;21,3;73;62;66;353;2,8;,9;
2026/01/17;1700 UTC;0;993,9;995,1;993,9;2465,3;30,3;22,8;30,3;29,4;23,4;21,6;70;61;64;296;3,2;1;
2026/01/17;1800 UTC;0;992,2;993,9;992,2;2731,1;29,8;22,1;30,9;29,7;23,5;21,2;65;57;63;335;4;1,4;
2026/01/17;1900 UTC;0;991,2;992,2;991,2;2632,9;30,6;22,7;31,3;29,7;23,4;21,6;66;59;63;298;6,3;2,5;
2026/01/17;2000 UTC;0;990,7;991,3;990,7;2124,7;27,9;22,2;30,7;27;23,2;21,6;76;63;71;353;10,2;3,6;
2026/01/17;2100 UTC;0;990,3;990,7;990,2;1985,7;27,9;21,4;28,8;27,8;22,4;21,2;72;65;68;1;8,4;2,3;
2026/01/17;2200 UTC;0;990,6;990,6;990,2;272,1;26,6;21,6;27,9;26,6;22;21,2;74;68;74;29;5,6;,9;
2026/01/17;2300 UTC;0;991;991;990,5;110,2;25,7;22;26,6;25,7;22,2;21,4;81;73;80;38;2,9;,9;
2026/01/18;0000 UTC;0;991,9;991,9;991;0;24,2;22,3;25,7;24,2;22,4;21,9;89;80;89;44;3,3;,5;
2026/01/18;0100 UTC;0;992,6;992,6;991,9;0;23,9;22,2;24,2;23,9;22,3;22;90;88;90;39;2;0;
2026/01/18;0200 UTC;0;992,9;992,9;992,6;0;23,7;22,4;24;23,7;22,4;22,1;92;90;92;35;,9;,1;
2026/01/18;0300 UTC;,2;993,3;993,3;992,9;0;23,6;22,4;23,8;23,6;22,5;22,2;93;92;93;32;2,2;,3;
2026/01/18;0400 UTC;,2;993,1;993,4;993,1;0;23,4;22,3;23,6;23,4;22,6;22,3;94;93;93;38;1,8;,4;
2026/01/18;0500 UTC;,4;992,9;993,1;992,8;0;23,2;22,5;23,5;23,2;22,6;22,2;96;93;96;31;2,4;0;
2026/01/18;0600 UTC;0;992,2;992,9;992,2;0;23,1;22,6;23,3;23,1;22,7;22,4;97;96;97;39;0;0;
2026/01/18;0700 UTC;0;992;992,3;991,9;0;23,2;22,3;23,4;23,1;22,8;22,2;97;94;94;20;1,3;,2;
2026/01/18;0800 UTC;0;991,7;992;991,6;0;23,2;22,6;23,2;23,1;22,6;22,1;97;94;96;28;1,3;,1;
2026/01/18;0900 UTC;0;991,9;991,9;991,7;0;23,2;22,3;23,3;23,2;22,7;22,3;96;94;94;13;1,2;,2;
2026/01/18;1000 UTC;0;992,2;992,2;991,9;0;23,1;22,5;23,3;23,1;22,5;22,2;96;94;96;28;1,4;,2;
2026/01/18;1100 UTC;0;992,9;992,9;992,2;39,8;23,3;22,7;23,3;23,1;22,7;22,5;97;96;96;32;1,3;0;
2026/01/18;1200 UTC;0;993,8;993,8;992,9;275,1;23,8;22,5;23,8;23,3;22,8;22,2;97;93;93;25;2;1;
2026/01/18;1300 UTC;0;994,3;994,3;993,8;534,1;24,5;22,6;24,6;23,7;22,9;22,3;93;89;89;29;2;,4;
2026/01/18;1400 UTC;0;994,4;994,4;994,3;1456;26,7;23;26,8;24,5;23,2;22,4;89;79;80;12;4,1;,7;
2026/01/18;1500 UTC;0;994;994,4;994;1977,1;27,8;23,3;27,8;26,7;23,4;22,5;80;75;76;10;2,7;,9;
2026/01/18;1600 UTC;0;993,3;994;993,3;2354,4;28,2;22,5;28,9;27,9;23,7;22,2;76;68;71;21;3,5;1,1;
2026/01/18;1700 UTC;0;992,2;993,3;992,2;2739,8;30,3;22,6;30,5;28,2;24,4;22;74;62;63;352;4,1;1,4;
2026/01/18;1800 UTC;0;991;992,2;991;1898;31,1;23,5;31,2;29,9;24,1;21,6;68;58;64;39;3,9;,3;
2026/01/18;1900 UTC;0;989,6;991;989,6;1065,7;29;23;31,1;29;25,1;22,5;76;62;70;27;2,3;,3;
2026/01/18;2000 UTC;,6;988,6;989,6;988,6;533,6;26,7;24;29,1;26,5;25;22,7;90;69;85;64;2,6;,3;
2026/01/18;2100 UTC;0;987,7;988,6;987,7;589,2;27,9;24,8;28;26,5;25,3;23,8;88;83;83;30;1,5;0;
2026/01/18;2200 UTC;0;987,2;987,7;987,1;1007,9;29,2;24,2;29,9;27,7;25,5;23,1;84;68;75;47;2,1;,6;
2026/01/18;2300 UTC;0;987,9;987,9;987,2;145,9;26,1;24;29,2;26,1;24,9;23,5;88;71;88;28;2,1;0;
2026/01/19;0000 UTC;0;989,2;989,2;987,9;0;25,4;24,1;26,1;25,4;24,2;24;93;88;93;28;0;0;
2026/01/19;0100 UTC;0;990;990;989,2;0;25,4;24,2;25,4;25,2;24,4;24,1;94;93;93;26;0;0;
2026/01/19;0200 UTC;0;990,6;990,7;990;0;25,3;23,5;25,4;25;24,2;23,5;95;90;90;20;1,5;,1;
2026/01/19;0300 UTC;0;990,8;990,8;990,5;0;24,4;23,4;25,3;24,2;23,5;23;95;90;94;27;1,1;0;
2026/01/19;0400 UTC;0;991;991;990,8;0;23,9;23,2;24,4;23,8;23,3;22,8;96;94;96;28;,6;0;
2026/01/19;0500 UTC;0;991,1;991,2;990,9;0;24;23,1;24,1;23,8;23,5;22,9;96;93;95;28;1,7;0;
2026/01/19;0600 UTC;0;990,9;991,1;990,9;0;24,2;23,3;24,4;24;23,4;23,1;95;93;95;30;,8;0;
2026/01/19;0700 UTC;0;990,5;990,9;990,5;0;24,6;24;24,6;24,2;24;23,3;96;94;96;25;,9;0;
2026/01/19;0800 UTC;0;990,1;990,5;990,1;0;24,5;23,4;24,7;24,3;24;23,1;96;92;94;17;,9;0;
2026/01/19;0900 UTC;0;990,3;990,3;989,9;0;23,7;23,1;24,5;23,7;23,4;22,8;96;93;96;24;1,3;0;
2026/01/19;1000 UTC;0;991;991;990,3;0;23,7;23,1;23,9;23,5;23,3;23;97;96;97;31;,7;0;
2026/01/19;1100 UTC;0;992;992;991;42,4;24,1;23,5;24,1;23,7;23,5;23,1;97;97;97;28;,8;0;
2026/01/19;1200 UTC;0;992,6;992,6;992;331,7;25,7;23,6;25,7;24,1;24,3;23,5;97;88;88;6;1,3;,2;
2026/01/19;1300 UTC;0;993;993;992,6;903,7;28,2;23,3;28,3;25,7;24,1;23,1;88;74;75;354;2,4;,6;
2026/01/19;1400 UTC;0;993;993,1;993;1740,7;29,4;23,3;29,6;27,6;24,3;22,7;78;69;70;357;3,1;1,3;
2026/01/19;1500 UTC;0;993,2;993,3;993;2422,8;30,2;22,8;30,5;29,3;23,8;22,2;71;63;65;357;4,1;1,3;
2026/01/19;1600 UTC;0;992,4;993,2;992,4;2727,1;32;23,1;32,1;30;24,4;22,6;70;59;59;353;4,5;1;
2026/01/19;1700 UTC;0;990,8;992,4;990,8;2708,2;32,1;22,1;32,1;31;24,1;22,1;64;56;56;19;3,9;1,5;
2026/01/19;1800 UTC;0;989,1;990,8;989,1;2604,7;31,9;22,8;32,8;31,2;24;21,4;65;53;59;32;5,1;1;
2026/01/19;1900 UTC;0;987,3;989,1;987,3;2665,4;33;21,7;33,4;31,5;23,7;21,1;62;51;52;12;4,6;1,8;
2026/01/19;2000 UTC;0;986,5;987,3;986,4;2040;33,3;21,7;33,8;32,1;23,3;21,1;57;48;51;13;5;,9;
2026/01/19;2100 UTC;0;986,2;986,4;985,9;1680,1;33,6;21,3;33,7;32,4;22,7;20,8;57;48;49;327;3,7;1,1;
2026/01/19;2200 UTC;0;986,8;986,8;986,2;827,8;29,3;23,7;34,1;29,3;24;21,3;72;48;72;239;6,4;1,7;
2026/01/19;2300 UTC;0;988,5;988,5;986,8;38,8;27,4;23,5;29,3;27,4;24,3;23,3;80;71;79;35;4,6;,1;
2026/01/20;0000 UTC;0;990,1;990,1;988,5;0;25,4;23,3;27,4;25,3;23,7;23;88;79;88;21;3,3;1;
2026/01/20;0100 UTC;0;991,2;991,2;990;0;24,8;23,1;25,4;24,7;23,3;22,7;91;88;90;49;3,1;1;
2026/01/20;0200 UTC;,6;991,1;991,4;991,1;0;24,5;23,3;24,8;24,5;23,4;22,9;93;90;93;49;4,3;,1;
2026/01/20;0300 UTC;0;991,9;991,9;991;0;24,7;23,7;24,7;24,5;23,7;23,3;95;93;95;44;1,8;0;
2026/01/20;0400 UTC;0;992,3;992,4;991,9;0;24,5;23,5;24,7;24,5;23,9;23,4;96;93;94;66;1,4;,2;
2026/01/20;0500 UTC;3,4;991,9;992,3;991,9;0;24,4;23,6;24,6;24,4;23,8;23,3;95;94;95;71;1,4;,5;
2026/01/20;0600 UTC;2,4;991,2;992;991,2;0;24,3;23,7;24,4;24,2;23,8;23,5;97;95;97;49;1,4;,2;
2026/01/20;0700 UTC;,2;990,3;991,2;990,3;0;24,2;23,6;24,4;24,2;23,8;23,6;97;96;96;22;2,2;0;
2026/01/20;0800 UTC;0;990,3;990,5;990,1;0;24,1;23,5;24,2;24,1;23,6;23,5;97;96;97;250;2,5;1;
2026/01/20;0900 UTC;,2;989,4;990,3;989,4;0;24,1;23,5;24,2;24;23,6;23,4;97;96;97;148;2,5;,7;
2026/01/20;1000 UTC;0;990,6;990,6;989,4;0;23,8;23,2;24,1;23,7;23,5;23,2;97;97;97;41;1,9;,1;
2026/01/20;1100 UTC;0;991,2;991,2;990,6;36,6;23,9;23,3;24;23,8;23,4;23,2;97;97;97;42;1,3;,2;
2026/01/20;1200 UTC;0;992;992;991,2;286,8;24,5;23;24,6;23,8;23,3;22,9;97;91;91;34;1,3;0;
2026/01/20;1300 UTC;0;992,7;992,7;992;496,7;25,3;22,9;25,5;24,5;23,4;22,8;92;86;86;41;1,9;,2;
2026/01/20;1400 UTC;0;993,3;993,3;992,7;1205,5;27,5;23,5;27,6;25,3;24,1;22,8;87;79;79;19;2,7;,2;
2026/01/20;1500 UTC;0;993,2;993,5;993,2;1558,3;27,4;23,9;28,8;27,2;24,5;23,1;83;74;81;121;3,9;,7;
2026/01/20;1600 UTC;10,6;992,9;993,3;992,8;549;24,5;23,9;27,4;23,8;23,9;22,8;97;81;97;208;7,3;2,5;
2026/01/20;1700 UTC;1;992,7;993,3;992,7;163,3;23,9;22,8;24,5;23,8;23,9;22,5;97;92;94;31;5,6;,1;
2026/01/20;1800 UTC;4,6;992,2;992,7;992,1;107,6;23,6;22,5;23,9;23,6;23,2;22,5;97;94;94;295;3,3;,8;
2026/01/20;1900 UTC;5,2;990,4;992,2;990,4;163,6;23,5;22,9;23,6;23,5;23;22,5;97;94;96;42;2,4;,2;
2026/01/20;2000 UTC;1,2;989;990,4;988,9;216,1;23,8;22,6;23,8;23,5;23,1;22,6;97;93;93;27;1,5;,4;
2026/01/20;2100 UTC;0;989,8;989,8;988,9;169;23,9;22,9;23,9;23,6;22,9;22,5;95;93;94;27;2,1;,1;
2026/01/20;2200 UTC;,2;990,6;990,6;989,7;113,3;23,8;22,9;23,9;23,8;23,2;22,8;96;94;95;9;3,3;,2;
2026/01/20;2300 UTC;0;990,9;990,9;990,6;87,7;23,7;22,7;23,9;23,7;22,9;22,7;95;93;94;15;1,4;,1;
2026/01/21;0000 UTC;0;991,6;991,6;990,9;,3;23,4;22,8;23,7;23,3;23;22,6;97;94;96;23;1,3;,1;
2026/01/21;0100 UTC;0;991,4;991,9;991,4;0;23,2;22,6;23,4;23,2;22,8;22,6;97;96;97;26;1,1;0;
2026/01/21;0200 UTC;0;991,2;991,4;991,2;0;23,1;22,5;23,2;23,1;22,6;22,5;97;97;97;23;1,6;0;
2026/01/21;0300 UTC;0;991,1;991,3;991,1;0;22,9;22,3;23,1;22,8;22,5;22,3;97;97;97;33;,9;0;
2026/01/21;0400 UTC;0;991,6;991,6;991,1;0;23;22,5;23,1;22,8;22,5;22,3;97;97;97;17;,8;0;
2026/01/21;0500 UTC;0;991,9;992;991,6;0;23,1;22,5;23,2;22,9;22,7;22,4;97;97;97;16;1,6;,4;
2026/01/21;0600 UTC;0;991;991,9;991;0;23,1;22,6;23,2;23;22,6;22,5;97;97;97;24;1,3;,1;
2026/01/21;0700 UTC;0;990,4;991;990,4;0;23;22,4;23,2;23;22,6;22,4;97;97;97;23;1;,1;
2026/01/21;0800 UTC;0;990,3;990,4;990,2;0;22,8;22,3;23;22,8;22,5;22,2;97;97;97;10;1,1;,1;
2026/01/21;0900 UTC;0;990,5;990,5;990,3;0;22,9;22,3;22,9;22,8;22,4;22,2;97;97;97;8;1,2;,1;
2026/01/21;1000 UTC;0;991;991;990,5;0;22,7;22,1;22,9;22,7;22,4;22,1;97;97;97;22;,9;0;
2026/01/21;1100 UTC;0;992;992;991;31,1;22,6;22,1;22,7;22,6;22,2;22;97;97;97;7;1,4;,2;
2026/01/21;1200 UTC;0;992,9;992,9;992;246,3;23,5;22,9;23,5;22,6;22,9;22,1;97;96;97;39;1,2;,1;
2026/01/21;1300 UTC;0;993,2;993,2;992,9;647,4;24,8;23,2;24,8;23,5;23,9;22,9;97;90;91;65;2,2;,6;
2026/01/21;1400 UTC;0;993,6;993,6;993,2;629,5;25,4;23,2;25,4;24,6;23,6;22,8;91;87;88;47;2,7;,3;
2026/01/21;1500 UTC;0;993,4;993,6;993,4;1086,7;26,3;23,2;26,3;25,4;23,8;22,8;89;81;83;39;2,6;,9;
2026/01/21;1600 UTC;0;992,9;993,4;992,9;1130,7;26,6;23,2;26,6;26,2;23,7;22,8;85;80;81;8;3;1,1;
2026/01/21;1700 UTC;0;991,8;992,9;991,8;2320,6;28,5;23,5;28,5;26,6;24,2;22,7;81;73;74;356;3,6;,6;
2026/01/21;1800 UTC;0;990,1;991,8;990,1;2583;29,7;22;29,9;28;23,9;22;76;63;63;358;3;,3;
2026/01/21;1900 UTC;0;988,7;990,1;988,7;2849,2;30,2;21,5;31,2;29,2;23,8;21,4;71;59;60;293;3,5;,9;
2026/01/21;2000 UTC;0;987,9;988,7;987,9;1927,5;31;22,7;31;30,1;23,2;21,5;65;59;61;12;3,1;,3;
2026/01/21;2100 UTC;0;987,3;987,9;987,3;1415,1;29,6;22,8;31,6;29,1;24,1;22;70;57;67;345;5,6;1,9;
2026/01/21;2200 UTC;0;987,8;987,8;987,3;524,4;30,2;23,5;30,3;28,7;25,4;22,4;81;65;67;10;4,3;,3;
2026/01/21;2300 UTC;0;988,9;988,9;987,8;98;26,2;23;30,2;26,2;24,2;23;83;68;83;212;5,9;2,4;
2026/01/22;0000 UTC;,6;989,8;989,8;988,9;0;24,9;23,1;26,2;24,9;23,2;22,7;89;83;89;8;5,6;,2;
2026/01/22;0100 UTC;0;990,6;990,6;989,8;0;24,6;23,2;24,9;24,4;23,2;23;92;89;92;13;1,8;,1;
2026/01/22;0200 UTC;,4;991,3;991,4;990,6;0;24,2;23,4;24,6;24,1;23,6;23,1;96;92;95;4;,9;,1;
2026/01/22;0300 UTC;,2;991,6;991,6;991,3;0;23,8;22,1;24,3;23,8;23,4;22,1;95;90;90;1;2,4;,2;
2026/01/22;0400 UTC;0;991,6;991,8;991,5;0;23,3;22,3;23,8;23,2;22,3;22;94;90;94;24;1,2;0;
2026/01/22;0500 UTC;0;991,6;991,9;991,6;0;23,3;22,3;23,4;23,1;22,5;22;95;93;94;11;1,4;,1;
2026/01/22;0600 UTC;0;990,9;991,6;990,9;0;23,1;22,2;23,3;23,1;22,3;21,9;94;92;94;20;,9;0;
2026/01/22;0700 UTC;0;990,8;990,9;990,6;0;23,2;22;23,3;23,1;22,6;22;96;93;93;355;2,3;,8;
2026/01/22;0800 UTC;,2;990,5;990,9;990,5;0;23,1;22;23,2;23;22,1;21,9;94;93;94;20;2,4;0;
2026/01/22;0900 UTC;0;990,6;990,7;990,4;0;22,9;22,2;23,1;22,9;22,4;21,9;96;94;96;127;1,2;,5;
2026/01/22;1000 UTC;,2;990,8;990,8;990,4;0;23,1;22,5;23,1;22,8;22,5;22,2;97;96;97;15;1,2;0;
2026/01/22;1100 UTC;0;991,4;991,4;990,8;32,8;23,1;22,3;23,1;23;22,5;22,3;97;95;95;19;1,2;,1;
2026/01/22;1200 UTC;0;992,3;992,3;991,4;325,7;24,1;22,4;24,1;23,1;22,4;22;95;90;90;351;2,2;,5;
2026/01/22;1300 UTC;0;993,1;993,1;992,3;673,7;25,3;22,7;25,3;24,1;22,9;22,2;90;85;85;343;2,2;,6;
2026/01/22;1400 UTC;0;993,2;993,2;993;904,3;26,3;22,9;26,4;25,2;23,4;22,3;86;81;82;111;2;,7;
2026/01/22;1500 UTC;0;993;993,3;993;1232,4;27,3;23,3;27,3;26,3;24;22,8;84;79;79;77;2,1;,6;
2026/01/22;1600 UTC;0;992,1;993;992,1;2590,4;28,8;23,1;30;27,1;24,6;22,8;80;68;71;333;2,4;,8;
2026/01/22;1700 UTC;0;990,7;992,1;990,7;2747,6;30,9;24,1;30,9;28,8;25,1;23;75;65;67;98;3,4;1,2;
2026/01/22;1800 UTC;0;989,2;990,7;989,2;2749,7;31,5;23;31,9;30,4;25;22,4;69;59;61;295;4,5;1,2;
2026/01/22;1900 UTC;0;987,8;989,2;987,8;2282,6;31,1;22,5;32,4;30,8;24,8;22,1;68;57;60;204;4,4;1;
2026/01/22;2000 UTC;0;986,9;987,9;986,9;1246,6;30,7;23,8;32;30,2;25;21,9;73;58;67;205;3,2;1,7;
2026/01/22;2100 UTC;0;987;987;986,6;601,7;29;24,2;30,7;29;25,6;23,2;79;65;75;50;3,1;,2;
2026/01/22;2200 UTC;0;987,6;987,6;987;404,8;28,4;24,3;29;28,2;24,7;23,2;80;71;79;34;1,6;0;
2026/01/22;2300 UTC;0;988,8;988,9;987,6;81,3;26,7;22,1;28,4;26,7;24,7;22;84;75;76;170;9,8;3;
2026/01/23;0000 UTC;0;989,6;989,6;988,8;0;24,4;22;26,7;24,2;22,4;21,7;88;76;87;163;9,8;,9;
2026/01/23;0100 UTC;0;990,6;990,7;989,6;0;24,3;22,5;24,5;24;22,5;22;90;86;90;63;2,9;,3;
2026/01/23;0200 UTC;0;991,1;991,1;990,2;0;24,1;22,4;24,3;24,1;22,7;22,4;91;90;90;22;1,8;0;
2026/01/23;0300 UTC;0;990,3;991,1;990,3;0;23,8;22,2;24,1;23,5;22,4;22,1;92;90;91;351;1,2;,2;
2026/01/23;0400 UTC;0;989,7;990,3;989,7;0;23,7;22,4;23,9;23,7;22,5;22,1;93;91;93;355;1,9;,3;
2026/01/23;0500 UTC;0;990,2;990,2;989,7;0;23,6;22,4;23,8;23,6;22,5;22,3;93;92;93;352;1,9;,3;
2026/01/23;0600 UTC;0;990,8;990,8;990,2;0;23,5;22,4;23,6;23,5;22,4;22,3;94;93;94;29;1,5;0;
2026/01/23;0700 UTC;0;990,8;990,9;990,8;0;23,8;22,6;23,8;23,5;22,7;22,4;94;93;93;12;1,3;,1;
2026/01/23;0800 UTC;0;990,3;990,8;990,2;0;23,6;22,6;23,8;23,6;22,6;22,5;94;93;94;323;2,5;,7;
2026/01/23;0900 UTC;0;990,2;990,3;990,1;0;23,5;22,4;23,6;23,5;22,6;22,4;94;94;94;25;2,2;,2;
2026/01/23;1000 UTC;0;991,1;991,1;990,2;0;23,2;22,6;23,5;23,2;22,7;22,4;97;94;97;32;1,2;0;
2026/01/23;1100 UTC;0;992,1;992,1;991,1;26,1;23,6;23;23,6;23,2;23;22,6;97;97;97;15;,5;0;
2026/01/23;1200 UTC;0;993,2;993,2;992,1;285;24,7;23,1;24,7;23,6;23,2;22,8;97;91;91;18;1;0;
2026/01/23;1300 UTC;0;993,8;993,8;993,2;672,5;25,8;23,1;25,9;24,7;23,4;22,8;91;85;85;303;2,4;,8;
2026/01/23;1400 UTC;0;994,3;994,3;993,8;500,5;26,1;23,1;26,1;25,7;23,5;22,9;86;83;84;248;3,4;1,6;
2026/01/23;1500 UTC;0;994,2;994,4;994,2;739,8;26,7;23,1;26,8;26,1;23,5;22,8;84;80;81;271;3,7;1,3;
2026/01/23;1600 UTC;0;993,9;994,2;993,9;1102,6;27,8;23,3;27,8;26,6;24;23;82;76;76;256;3,5;1,2;
2026/01/23;1700 UTC;0;993,3;993,9;993,3;1439,1;28;23,4;28,3;27,5;23,9;22,6;78;73;76;307;3,9;,8;
2026/01/23;1800 UTC;0;992,2;993,3;992,2;1381,5;28,6;23,3;28,7;27,8;23,9;22,6;78;71;73;247;4,2;1,4;
2026/01/23;1900 UTC;0;991;992,2;991;1689,9;29;22,8;29,4;28,4;23,8;22,8;76;68;69;270;4,9;1,6;
2026/01/23;2000 UTC;0;989,5;991;989,5;1587,6;29,3;23,5;30,1;28,7;23,8;22,7;72;66;71;247;4,9;1,9;
2026/01/23;2100 UTC;0;989;989,5;989;966,6;29,6;23,6;29,7;29;23,7;22,8;73;68;70;338;4;,8;
2026/01/23;2200 UTC;0;988,8;989;988,8;638,6;29;23,5;30;29;24,1;23;73;67;72;325;3,4;,8;
2026/01/23;2300 UTC;0;989,3;989,3;988,8;133,8;27,3;23,8;29;27,2;24,1;23,4;82;72;81;345;2,6;,3;
2026/01/24;0000 UTC;0;989,9;989,9;989,3;0;25,5;23,8;27,3;25,5;24;23,5;90;81;90;24;1,6;0;
2026/01/24;0100 UTC;0;990,9;990,9;989,9;0;25,6;24;25,6;25,4;24,1;23,8;92;90;91;27;0;0;
2026/01/24;0200 UTC;0;991,3;991,3;990,9;0;25,4;23,9;25,6;25,4;24,1;23,9;92;91;92;26;0;0;
2026/01/24;0300 UTC;0;991,8;991,9;991,3;0;25,1;23,9;25,4;25,1;24;23,9;93;92;93;24;0;0;
2026/01/24;0400 UTC;0;991,8;991,9;991,8;0;25,2;24;25,2;25,1;24;23,8;93;93;93;23;0;0;
2026/01/24;0500 UTC;0;991,3;991,8;991,2;0;24,9;23,8;25,2;24,9;24,1;23,8;94;93;94;20;,7;0;
2026/01/24;0600 UTC;0;991,2;991,3;991,1;0;24,7;23,6;25;24,7;23,8;23,5;94;92;94;22;1,5;,1;
2026/01/24;0700 UTC;0;990,5;991,2;990,5;0;24,7;24,1;24,8;24,5;24,1;23,5;96;94;96;15;,7;,1;
2026/01/24;0800 UTC;0;990,3;990,5;990,3;0;24,6;23,8;24,7;24,6;24,1;23,8;96;95;95;19;1,2;,1;
2026/01/24;0900 UTC;0;990;990,3;989,9;0;24,4;23,8;24,6;24,4;24;23,6;96;95;96;20;1,6;,2;
2026/01/24;1000 UTC;0;990,8;990,8;990;0;24,4;23,8;24,4;24,3;23,8;23,7;96;96;96;27;1,5;0;
2026/01/24;1100 UTC;0;991,6;991,6;990,7;19,1;24,5;23,6;24,5;24,4;23,9;23,5;96;95;95;9;1,1;,3;
2026/01/24;1200 UTC;0;992,5;992,5;991,6;235,1;25,1;23,3;25,1;24,4;23,5;23,3;95;90;90;6;1,8;,4;
2026/01/24;1300 UTC;0;993;993,1;992,5;581,4;26,2;23,3;26,3;25,1;23,7;23;90;84;84;321;1,9;,6;
2026/01/24;1400 UTC;0;993,2;993,2;993;1439,5;28,9;23;29,7;26,2;24,9;23;85;69;70;76;3;,4;
2026/01/24;1500 UTC;0;993,4;993,4;993,2;1383,7;28,9;23,5;29,4;27,7;24;22,7;77;69;73;25;3;,2;
2026/01/24;1600 UTC;0;992,6;993,4;992,6;1406,8;29,6;23,7;29,6;28,4;24,8;22,7;77;70;71;40;1,7;,2;
2026/01/24;1700 UTC;0;991,5;992,6;991,5;2348,9;30,7;24,5;31,6;29,6;25;22,9;74;63;69;44;2,2;,4;
2026/01/24;1800 UTC;0;990,4;991,5;990,4;3455,4;33,5;23,9;33,5;30,6;24,7;22,7;69;56;57;93;3,6;,7;
2026/01/24;1900 UTC;2,8;989,4;990,4;989,4;1237,1;27,1;24,3;33,5;26,9;24,8;22,7;85;54;85;358;3,9;,9;
2026/01/24;2000 UTC;14;988,6;989,4;988,6;422,4;25,6;23,2;27,4;25,2;25,3;22,4;91;79;87;32;8,3;1,5;
2026/01/24;2100 UTC;,8;988,1;988,8;988,1;410,7;25,7;24,4;25,7;25;24,4;22,8;93;87;93;23;4,1;0;
2026/01/24;2200 UTC;0;989;989;988,1;243,3;26,1;24,6;26,3;25,6;25,1;24,2;94;90;92;11;1,9;,6;
2026/01/24;2300 UTC;0;989,9;990,1;988,9;71,4;25,4;23,4;26,1;25,4;24,6;23,4;92;89;89;346;2,9;1,1;
2026/01/25;0000 UTC;11,8;989,8;991,1;989,8;,4;21,8;21,3;25,4;21,6;23,7;20,1;97;84;97;51;7,7;,4;
2026/01/25;0100 UTC;,2;991;991;989,8;0;22,4;21,8;22,6;21,8;22;21,3;97;96;97;45;2;,2;
2026/01/25;0200 UTC;,4;991,8;991,8;991;0;22,6;22;22,7;22,4;22,1;21,5;97;94;97;30;1,7;0;
2026/01/25;0300 UTC;0;992,5;992,5;991,8;0;22,6;22,1;22,8;22,5;22,2;22;97;97;97;33;,9;0;
2026/01/25;0400 UTC;0;992,9;992,9;992,5;0;22,9;22,3;23;22,6;22,5;22,1;97;97;97;32;0;0;
2026/01/25;0500 UTC;0;993;993;992,9;0;23,7;23,1;23,7;22,9;23,1;22,3;97;96;96;26;0;0;
2026/01/25;0600 UTC;0;992;993;992;0;23,6;23;23,7;23,5;23,1;23;97;96;97;27;,8;0;
2026/01/25;0700 UTC;0;991,4;992;991,4;0;23,7;23,1;24;23,6;23,4;23;97;96;97;30;,7;0;
2026/01/25;0800 UTC;0;990,8;991,4;990,8;0;23,9;23,3;24,1;23,7;23,5;23,2;97;96;97;21;,9;0;
2026/01/25;0900 UTC;0;990,8;990,8;990,7;0;24;23,4;24,1;23,7;23,5;23,1;97;96;97;7;1,7;,5;
2026/01/25;1000 UTC;0;991,3;991,3;990,8;0;24;23,4;24;23,9;23,4;23,3;97;97;97;14;1,7;,1;
2026/01/25;1100 UTC;,4;992,3;992,3;991,3;34,8;24;23,4;24;23,8;23,4;23,2;97;97;97;69;1,1;,4;
2026/01/25;1200 UTC;0;993,3;993,3;992,3;310,2;24,8;23,9;24,8;24;24,1;23,4;97;95;95;1;1,3;,2;
2026/01/25;1300 UTC;0;994,3;994,3;993,3;499,3;25,5;23,3;25,5;24,7;23,8;23,3;95;88;88;10;1,6;,2;
2026/01/25;1400 UTC;0;994,9;995;994,3;847,7;26,1;22,9;26,4;25,4;23,7;22,9;89;83;83;359;2,3;1,1;
2026/01/25;1500 UTC;0;995;995,1;994,9;1084,6;26,8;23,3;26,9;25,9;23,9;22,9;85;80;81;350;3,1;1,5;
2026/01/25;1600 UTC;0;994,2;995;994,2;1155,2;26,8;23,3;27,8;26,7;24,1;23,1;83;76;81;9;3,5;1,6;
2026/01/25;1700 UTC;,6;993;994,2;993;856,2;26,7;24;26,9;26,4;24,5;23,2;88;80;85;20;3,5;,2;
2026/01/25;1800 UTC;,4;991,5;993;991,5;2137,6;28,3;23,9;29;26,7;25,5;23,9;88;77;77;45;1,8;,5;
2026/01/25;1900 UTC;0;990,4;991,5;990,4;2996,6;29,6;22,9;30,2;28,2;24,7;22,6;81;65;67;26;4;1;
2026/01/25;2000 UTC;15,8;990,3;990,5;990,1;356,3;24,2;23,1;29,6;24,2;24,8;22,2;94;67;94;46;5,7;,2;
2026/01/25;2100 UTC;1,8;990,7;990,7;990,2;307,6;25;23,2;25;24,2;23,9;23;96;90;90;244;3,5;1,4;
2026/01/25;2200 UTC;,8;991,7;991,7;990,6;145,1;24,7;23,4;25,1;24,7;23,7;23,1;93;90;93;334;3,3;,9;
2026/01/25;2300 UTC;18,4;992,6;992,6;991,7;3,6;23,2;22,6;24,7;23,2;23,7;22,3;97;92;97;186;2,9;,8;
2026/01/26;0000 UTC;38,8;992,3;993,2;992,3;,1;22,8;22,3;23,2;22,6;22,7;22;97;97;97;188;2,7;1,4;
2026/01/26;0100 UTC;2;992,5;992,5;991,9;0;22,7;22,1;23,1;22,7;22,5;22,1;97;96;96;41;2,7;,8;
2026/01/26;0200 UTC;2,8;993,8;993,8;992,5;0;22,6;22;22,9;22,6;22,3;22;97;96;96;25;2;0;
2026/01/26;0300 UTC;,6;994,3;994,4;993,8;0;22,7;22,1;22,8;22,6;22,2;22;97;96;96;353;3,2;1,1;
2026/01/26;0400 UTC;,4;993,3;994,4;993,3;0;22,7;22,1;22,8;22,7;22,3;22,1;97;96;97;26;3,3;0;
2026/01/26;0500 UTC;0;992,7;993,3;992,7;0;22,7;22,1;22,7;22,6;22,1;22;97;97;97;30;,5;0;
2026/01/26;0600 UTC;0;992,2;992,7;992,2;0;22,9;22,3;22,9;22,7;22,3;22,1;97;96;97;32;,5;0;
2026/01/26;0700 UTC;0;992,3;992,3;992,1;0;23;22,4;23,2;22,9;22,6;22,3;97;96;97;339;1,8;,4;
2026/01/26;0800 UTC;0;992,9;992,9;992,3;0;23,1;22,5;23,2;23;22,6;22,4;97;97;97;24;1,5;,2;
2026/01/26;0900 UTC;0;992,7;992,9;992,6;0;23,2;22,6;23,3;23;22,7;22,5;97;97;97;22;1;0;
2026/01/26;1000 UTC;0;993,2;993,2;992,7;0;23,1;22,6;23,2;23,1;22,6;22,5;97;97;97;14;1,2;,4;
2026/01/26;1100 UTC;0;994,1;994,1;993,2;11;23,2;22,6;23,2;23,1;22,7;22,5;97;97;97;35;1;0;
2026/01/26;1200 UTC;0;995;995;994,1;151,4;23,8;23,1;23,8;23,2;23,2;22,7;97;96;96;26;1,1;,2;
2026/01/26;1300 UTC;0;995,4;995,4;995;329,5;24,4;22,8;24,4;23,8;23,1;22,7;96;91;91;22;1,6;,3;
2026/01/26;1400 UTC;0;995,6;995,6;995,4;457,5;24,9;22,8;25;24,4;23,2;22,6;91;87;88;9;1,9;,6;
2026/01/26;1500 UTC;0;995,3;995,7;995,3;1083,1;26,1;23,1;26,1;24,8;23,3;22,7;89;83;84;3;3,3;1,4;
2026/01/26;1600 UTC;0;994,5;995,3;994,5;1933,6;27,6;23,3;27,6;26,1;23,9;22,5;84;76;78;19;3,3;,8;
2026/01/26;1700 UTC;0;993,6;994,5;993,6;2303,8;28;22,7;28,3;27,4;23,7;22,4;79;72;73;1;4,5;1,5;
2026/01/26;1800 UTC;0;992,8;993,6;992,8;2220,3;29,1;23,6;29,4;28;23,8;22,4;76;67;73;355;4;,7;
2026/01/26;1900 UTC;0;991;992,8;991;2432,4;29,5;22,2;31;29,1;23,7;22;72;61;65;11;2,9;1,1;
2026/01/26;2000 UTC;0;989,4;991;989,4;2273,7;30,4;22,7;31,7;29,5;24,2;22,3;68;59;64;351;3;1,2;
2026/01/26;2100 UTC;0;989,2;989,4;989;1659,8;30,6;22,1;31,5;29,8;23,4;21,3;67;57;61;326;5,2;1,1;
2026/01/26;2200 UTC;0;989,4;989,4;989,2;358,3;27,9;24,3;30,6;27,9;24,7;22;82;61;81;19;2,8;0;
2026/01/26;2300 UTC;0;990,5;990,5;989,4;57,5;26,3;23;28,1;26,3;24,7;23;85;76;82;23;5,5;2,1;
2026/01/27;0000 UTC;0;991,3;991,3;990,5;,3;25;23,1;26,3;25;23,1;22,6;89;82;89;18;5,5;1,6;
2026/01/27;0100 UTC;0;992,7;992,7;991,3;0;24,8;23;25;24,8;23,2;22,9;90;89;90;11;3,4;1,2;
2026/01/27;0200 UTC;0;993,7;993,7;992,7;0;24,4;22,9;24,8;24,4;23,1;22,8;91;90;91;6;2,8;,7;
2026/01/27;0300 UTC;0;994;994;993,7;0;24,3;22,9;24,5;24,3;23;22,9;92;91;92;17;2,4;,9;
2026/01/27;0400 UTC;0;993,8;994;993,8;0;24,2;22,8;24,3;24,2;23;22,8;92;92;92;19;2,1;,7;
2026/01/27;0500 UTC;0;993,2;993,8;993,2;0;24,1;22,8;24,3;24,1;22,9;22,7;92;92;92;14;1,9;,3;
2026/01/27;0600 UTC;0;993;993,2;993;0;23,9;22,8;24,1;23,9;22,8;22,7;94;92;94;31;1,7;0;
2026/01/27;0700 UTC;0;992,7;993,1;992,7;0;24;22,9;24,1;23,8;23;22,7;94;93;93;18;1,2;,4;
2026/01/27;0800 UTC;,2;992,7;992,7;992,6;0;23,9;22,9;24,1;23,9;22,9;22,8;94;93;94;19;2,3;,9;
2026/01/27;0900 UTC;0;992,8;992,8;992,6;0;23,9;22,7;23,9;23,8;23,1;22,7;95;93;93;23;3,2;,7;
2026/01/27;1000 UTC;0;993;993;992,8;0;23,8;22,5;23,9;23,8;22,8;22,5;93;92;92;23;3,2;,8;
2026/01/27;1100 UTC;0;993,7;993,7;993;14,1;23,7;22,4;23,8;23,6;22,5;22,4;93;92;93;28;1,9;,7;
2026/01/27;1200 UTC;0;995,1;995,1;993,7;132,6;23,9;22,3;23,9;23,7;22,5;22,3;93;91;91;16;2,5;1;
2026/01/27;1300 UTC;0;995,9;995,9;995,1;352,8;24,3;22,4;24,4;23,9;22,6;22,2;91;88;89;17;2,5;,9;
2026/01/27;1400 UTC;0;996,3;996,3;995,9;387,8;24,6;22,4;24,7;24,3;22,6;22,2;89;86;87;10;4;1,2;
2026/01/27;1500 UTC;0;996,3;996,4;996,3;643,4;25,4;22,1;25,4;24,6;22,6;22;88;82;82;14;4,9;1,7;
2026/01/27;1600 UTC;,2;996;996,3;996;1129,4;26,1;22,5;26,2;25,4;22,8;22;83;80;81;360;4,5;1,6;
2026/01/27;1700 UTC;0;994,7;996;994,7;1463,4;27,5;22,8;27,5;26;23,3;22,4;82;75;75;5;4,6;2;
2026/01/27;1800 UTC;0;993,6;994,7;993,6;1929,5;28,4;22,5;28,5;27,5;23;21,8;75;68;71;353;5,6;1,7;
2026/01/27;1900 UTC;0;993;993,6;992,8;1227;27,1;22,3;28,4;27,1;22,9;22,1;75;69;75;7;6,8;1,8;
2026/01/27;2000 UTC;0;992,2;993;992,2;399,5;24,2;22,3;27,1;23,9;22,7;21,9;91;75;90;335;6,8;1,5;
2026/01/27;2100 UTC;2,8;992,5;992,5;992,2;229;23,8;22,5;24,3;23,8;22,7;22,1;92;88;92;39;5;,1;
2026/01/27;2200 UTC;4;992,7;992,7;992,5;44,2;23,5;22,5;23,9;23,4;22,8;22,4;95;92;94;48;2,1;,6;
2026/01/27;2300 UTC;4,4;993,4;993,4;992,8;9,2;23,1;22,2;23,5;23;22,8;22;96;94;95;34;3,6;,8;
2026/01/28;0000 UTC;2,2;994,2;994,2;993,4;0;22,8;21,7;23,1;22,8;22,4;21,7;96;94;94;46;3,1;1,2;
2026/01/28;0100 UTC;,4;995;995;994,2;0;22,9;22;23;22,8;22,3;21,7;96;94;95;20;3,3;,6;
2026/01/28;0200 UTC;,4;995,5;995,5;995;0;22,9;22,3;23;22,9;22,4;22;97;95;97;31;1,4;,1;
2026/01/28;0300 UTC;1;995,5;995,6;995,5;0;23;22,4;23,1;22,9;22,5;22,3;97;96;97;10;1,3;,3;
2026/01/28;0400 UTC;,4;994,8;995,5;994,8;0;23;22,4;23;23;22,5;22,4;97;97;97;13;1,3;,2;
2026/01/28;0500 UTC;,4;994,2;994,8;994,2;0;22,9;22,4;23,1;22,9;22,5;22,4;97;97;97;358;2,9;,8;
2026/01/28;0600 UTC;,4;993,6;994,2;993,6;0;22,9;22,3;22,9;22,9;22,4;22,3;97;97;97;353;2,6;,6;
2026/01/28;0700 UTC;0;993,1;993,6;993,1;0;22,9;22,3;22,9;22,9;22,4;22,3;97;97;97;6;3;,5;
2026/01/28;0800 UTC;0;992,9;993,1;992,9;0;22,9;22,3;22,9;22,8;22,3;22,3;97;96;97;18;1,6;,1;
2026/01/28;0900 UTC;0;993,2;993,2;992,9;0;22,8;22,2;22,9;22,7;22,3;22,2;97;97;97;13;1,4;,4;
2026/01/28;1000 UTC;0;993,9;993,9;993,2;0;22,5;22;22,8;22,5;22,2;22;97;96;97;35;1,4;0;
2026/01/28;1100 UTC;0;995;995;993,9;18,2;22,9;22,3;22,9;22,5;22,3;22;97;97;97;26;2,2;0;
2026/01/28;1200 UTC;0;996;996;995;149,4;23,4;22,2;23,4;22,9;22,5;22,1;97;93;93;17;0;0;
2026/01/28;1300 UTC;0;996,8;996,8;996;471,9;24,2;22,2;24,3;23,4;22,5;21,9;93;88;88;15;1,3;,1;
2026/01/28;1400 UTC;0;997;997;996,8;534;24,3;22,4;24,5;24,1;22,5;21,9;90;87;89;34;1,3;,4;
2026/01/28;1500 UTC;,2;997;997,1;996,9;926,2;24,5;22;24,8;24,1;22,6;21,8;90;85;86;27;1,7;,3;
2026/01/28;1600 UTC;,2;996,5;997;996,4;1089,9;24,4;22,5;25,5;24,4;23,2;21,7;89;81;89;48;2,8;1,2;
2026/01/28;1700 UTC;,2;995,9;996,4;995,9;957,1;24,3;22,5;25;24;23,3;22,1;91;88;89;30;2,9;,4;
2026/01/28;1800 UTC;19,4;994,8;995,9;994,8;238,6;22,6;22;24,3;22,4;22,5;21,5;97;88;97;296;3,4;,6;
2026/01/28;1900 UTC;1;993,1;994,8;993,1;624,4;23,3;21,7;23,4;22,6;22,5;21,7;97;91;91;256;2,6;1,3;
2026/01/28;2000 UTC;0;992,1;993,1;992,1;788;24,6;22,4;24,6;23,3;22,4;21,8;92;87;88;346;2,6;,5;
2026/01/28;2100 UTC;0;991,7;992,1;991,7;1419,2;25,8;22,2;25,9;24,6;22,5;21,4;88;78;81;1;2,4;,4;
2026/01/28;2200 UTC;0;991,9;991,9;991,7;641;24,8;22,4;26,1;24,7;22,5;21,6;87;79;87;360;2,8;,4;
2026/01/28;2300 UTC;0;992,4;992,4;991,9;119,8;24,1;22,4;24,8;24,1;22,6;22,3;91;86;90;5;2;,2;
2026/01/29;0000 UTC;0;993,5;993,5;992,4;0;23,3;22,4;24;23,2;22,7;22,1;96;90;95;16;1,6;0;
2026/01/29;0100 UTC;0;994,5;994,5;993,5;0;22,9;22,3;23,3;22,9;22,7;22,2;97;95;97;32;,5;0;
2026/01/29;0200 UTC;0;995,1;995,1;994,5;0;22,8;22,2;23;22,7;22,4;22,2;97;97;97;26;0;0;
2026/01/29;0300 UTC;0;995,6;995,6;995,2;0;23,2;22,6;23,2;22,8;22,6;22,2;97;97;97;25;0;0;
2026/01/29;0400 UTC;0;995,6;995,8;995,5;0;23,2;22,6;23,3;23,2;22,7;22,6;97;97;97;32;0;0;
2026/01/29;0500 UTC;0;994,9;995,6;994,9;0;23,2;22,7;23,3;23,2;22,8;22,6;97;97;97;25;0;0;
2026/01/29;0600 UTC;0;994;994,9;994;0;23,2;22,6;23,3;23,2;22,7;22,6;97;97;97;28;0;0;
2026/01/29;0700 UTC;0;993,8;994;993,7;0;23,1;22,5;23,2;23,1;22,7;22,5;97;97;97;17;1;,1;
2026/01/29;0800 UTC;0;993,7;993,9;993,7;0;22,9;22,4;23,1;22,9;22,5;22,4;97;97;97;27;,8;0;
2026/01/29;0900 UTC;0;994;994,1;993,7;0;22,8;22,2;22,9;22,8;22,4;22,2;97;97;97;25;0;0;
2026/01/29;1000 UTC;0;994,5;994,5;994;0;22,8;22,2;22,8;22,7;22,3;22,2;97;97;97;29;,5;0;
2026/01/29;1100 UTC;0;995,2;995,2;994,5;21,5;22,9;22,3;22,9;22,7;22,3;22,2;97;97;97;28;0;0;
2026/01/29;1200 UTC;0;996,3;996,3;995,2;187;23,8;23,2;23,8;22,9;23,2;22,4;97;97;97;19;0;0;
2026/01/29;1300 UTC;0;996,8;996,8;996,3;624,6;25,1;23,1;25,1;23,8;23,6;22,7;97;88;88;29;1,4;,2;
2026/01/29;1400 UTC;0;996,8;996,8;996,7;1481,9;27,3;23,5;27,3;25;23,9;22,7;88;79;80;1;1,8;,4;
2026/01/29;1500 UTC;0;996,3;996,8;996,3;2608,6;29,3;23,5;29,3;26,8;24,5;22,3;81;69;71;116;3;,9;
2026/01/29;1600 UTC;0;995,5;996,3;995,5;2833,9;30;22,5;31,1;28,7;24,2;21,5;73;61;64;9;2,7;,8;
2026/01/29;1700 UTC;0;994,4;995,5;994,4;1634,9;28,9;23,8;30,4;27,2;25,4;22,3;84;62;74;207;3,9;1,7;
2026/01/29;1800 UTC;14,2;993,1;994,4;993,1;1784,7;24,5;23,4;30,4;23,8;24,4;22;94;66;94;342;8;1,1;
2026/01/29;1900 UTC;0;992;993,1;991,9;1017,8;26,5;24,1;26,9;24,5;24,5;23,3;94;82;86;24;3,6;,3;
2026/01/29;2000 UTC;0;991;992,1;991;786,1;27,2;23,2;27,6;26,2;24,6;23,1;89;78;79;315;2,6;,6;
2026/01/29;2100 UTC;0;991,4;991,7;991;475,9;26,5;23,5;27,2;26,2;24,4;22,9;89;78;84;202;3,2;1,4;
2026/01/29;2200 UTC;0;992,1;992,1;991,4;315,1;25,8;23,8;26,6;25,8;24,3;23,6;89;84;89;66;4,3;,4;
2026/01/29;2300 UTC;,8;992,4;992,4;991,7;10,4;24,8;23,4;25,8;24,8;23,8;23,2;92;88;92;21;2,3;,1;
2026/01/30;0000 UTC;,6;992,7;992,8;992,4;0;24,4;23,7;24,9;24,4;23,8;23,4;96;92;96;27;1,1;0;
2026/01/30;0100 UTC;0;993,7;993,7;992,7;0;24,3;23,7;24,4;24,2;23,8;23,5;96;96;96;6;1,5;,2;
2026/01/30;0200 UTC;0;995,4;995,4;993,7;0;24,1;23,5;24,3;24,1;23,7;23,5;97;96;97;37;1,3;0;
2026/01/30;0300 UTC;0;995,6;995,6;995,4;0;23,7;23,1;24,1;23,7;23,5;23,1;97;97;97;54;1,2;,2;
2026/01/30;0400 UTC;0;995,5;995,7;995,4;0;23,3;22,8;23,7;23,3;23,1;22,8;97;97;97;24;1,4;0;
2026/01/30;0500 UTC;0;994,9;995,5;994,9;0;23;22,5;23,3;23;22,8;22,5;97;97;97;25;,4;0;
2026/01/30;0600 UTC;0;994,4;994,9;994,4;0;23;22,4;23,1;23;22,6;22,4;97;97;97;33;0;0;
2026/01/30;0700 UTC;0;994,1;994,5;994;0;23,1;22,5;23,1;22,9;22,6;22,3;97;97;97;20;0;0;
2026/01/30;0800 UTC;0;994;994,1;993,9;0;22,9;22,3;23,2;22,8;22,6;22,3;97;97;97;25;,6;0;
2026/01/30;0900 UTC;0;994,1;994,1;993,8;0;23,1;22,5;23,1;22,9;22,5;22,3;97;97;97;11;1,1;,1;
2026/01/30;1000 UTC;0;994,7;994,7;994,1;0;23,2;22,6;23,2;23,1;22,6;22,5;97;97;97;66;1,1;,4;
2026/01/30;1100 UTC;0;995,5;995,5;994,7;19,4;23,4;22,8;23,4;23,1;22,8;22,5;97;97;97;7;,8;,3;
2026/01/30;1200 UTC;0;996,3;996,3;995,5;263,9;23,8;23,1;23,8;23,3;23,2;22,8;97;96;96;25;1,9;,1;
2026/01/30;1300 UTC;0;997;997;996,3;562,8;24,9;22,9;25;23,8;23,3;22,6;96;88;89;40;1,4;,2;
2026/01/30;1400 UTC;0;997,5;997,5;997;1018,7;25,8;23;26,4;24,8;23,5;22,5;89;82;85;47;2,5;,7;
2026/01/30;1500 UTC;0;997,3;997,5;997,3;912,1;26,7;23,2;26,7;25,8;23,6;22,6;85;80;81;29;2,6;,4;
2026/01/30;1600 UTC;0;996,4;997,3;996,4;1550,7;27,5;23,8;27,8;26,8;24,1;22,7;83;76;80;16;2,3;,1;
2026/01/30;1700 UTC;0;995;996,4;995;2969,5;29,3;23,2;29,4;27,5;24,5;22,5;81;69;70;34;3;,8;
2026/01/30;1800 UTC;0;993,4;995;993,4;2488,8;29,5;23,1;30,7;28,7;24,2;22,6;74;64;68;21;7,7;2,2;
2026/01/30;1900 UTC;0;992,1;993,4;992,1;1179,4;28,6;23,3;29,5;26,2;24,2;22,6;85;68;73;355;7,7;,8;
2026/01/30;2000 UTC;0;990,9;992,1;990,8;1823,2;29,3;22,3;29,8;28,5;24,2;22,2;76;65;66;8;3,5;1,3;
2026/01/30;2100 UTC;0;990;990,9;990;960;28,8;22,7;29,7;28,6;23,8;22,2;75;65;70;26;4,7;,6;
2026/01/30;2200 UTC;0;990,2;990,2;989,6;613,9;28,1;24,5;29,2;28,1;24,6;22,7;82;70;81;80;2,3;,5;
2026/01/30;2300 UTC;0;990,7;990,7;990,2;128,8;26,7;23,9;28,2;26,7;24,7;23,6;84;76;84;18;1,7;,2;
2026/01/31;0000 UTC;0;991,7;991,7;990,7;0;25,5;23,9;26,7;25,5;24;23,7;91;84;91;20;1,6;0;
2026/01/31;0100 UTC;0;992,3;992,3;991,7;0;24,9;23,8;25,6;24,8;24,1;23,6;94;91;94;9;,8;,1;
2026/01/31;0200 UTC;0;992,7;992,7;992,3;0;24,6;23,5;25;24,5;23,9;23,4;94;93;94;23;,8;0;
2026/01/31;0300 UTC;0;993,2;993,2;992,7;0;24,3;23,7;24,6;24,2;23,7;23,3;96;94;96;21;,3;0;
2026/01/31;0400 UTC;0;993,2;993,2;993,1;0;24,3;23,7;24,6;24,2;24;23,6;97;96;96;29;,4;0;
2026/01/31;0500 UTC;0;992,9;993,2;992,9;0;24,3;23,7;24,4;24,2;23,8;23,6;97;96;97;23;,6;0;
2026/01/31;0600 UTC;0;992,9;993;992,7;0;24,1;23,5;24,4;24,1;23,8;23,5;97;97;97;26;1;0;
2026/01/31;0700 UTC;0;992,4;992,9;992,3;0;23,7;23,1;24,3;23,7;23,7;23,1;97;97;97;37;1,1;0;
2026/01/31;0800 UTC;0;992,3;992,5;992,3;0;23,5;22,9;23,8;23,5;23,3;22,9;97;97;97;25;1;0;
2026/01/31;0900 UTC;0;991,9;992,3;991,9;0;23,6;23;23,7;23,5;23,2;23;97;97;97;11;1,1;,1;
2026/01/31;1000 UTC;0;992,1;992,1;991,9;0;23,3;22,8;23,6;23,3;23;22,8;97;97;97;25;1,1;0;
2026/01/31;1100 UTC;0;992,7;992,7;992,1;35,1;23,3;22,7;23,4;23,1;22,8;22,6;97;97;97;67;,8;,3;
2026/01/31;1200 UTC;0;993,8;993,8;992,7;228,7;24,4;23,2;24,5;23,3;23,7;22,8;97;93;93;8;1,6;,5;
2026/01/31;1300 UTC;0;994,4;994,4;993,8;662,5;26,7;24;26,8;24,4;24,2;23,1;93;85;85;335;2,4;,8;
2026/01/31;1400 UTC;0;994,4;994,5;994,3;1881,3;29;24,2;29,1;26,7;24,3;23,3;86;72;75;5;4,4;1;
2026/01/31;1500 UTC;0;994,2;994,5;994,1;2257,7;30;23,9;30,2;28,5;24,5;22,3;76;64;70;340;3,9;1,4;
2026/01/31;1600 UTC;0;993,6;994,2;993,6;2919,4;30,9;23;31,3;29,9;24,2;22,4;70;61;63;332;3,9;1,4;
2026/01/31;1700 UTC;0;993;993,6;993;2915,2;30,8;23,5;31,7;30,2;24,4;22,4;66;59;65;358;4,9;1,8;
2026/01/31;1800 UTC;0;991,7;993;991,7;3029,6;32;22,9;32,4;30,8;24;21,9;65;55;59;355;5,7;2,2;
2026/01/31;1900 UTC;0;989,8;991,7;989,8;2604,5;32;23,2;32,8;31,2;23,9;22;62;55;60;3;5,3;,9;
2026/01/31;2000 UTC;0;988,3;989,8;988,3;2477;32,1;21,9;32,9;31,9;24;21,2;62;51;55;351;5,8;2,1;
2026/01/31;2100 UTC;0;987,6;988,3;987,6;1045,3;31,5;21,9;32,7;31,2;23,1;21,8;63;55;57;350;4,6;1,5;
2026/01/31;2200 UTC;0;987,9;987,9;987,6;880,8;31,4;22,5;32,1;31,4;23,2;21,9;61;55;59;353;4,6;1,1;
2026/01/31;2300 UTC;0;988,4;988,5;987,9;92,8;28;24,3;31,4;28;24,6;22,2;80;59;80;10;3,8;,2;
2026/02/01;0000 UTC;0;989;989;988,4;0;27,2;24,4;28;27,2;24,7;23,9;86;80;85;16;2;0;
2026/02/01;0100 UTC;0;990;990;989;0;25,9;24,3;27,2;25,9;24,4;24;91;85;91;27;1,2;0;
2026/02/01;0200 UTC;0;991,7;991,7;990;0;25,4;24;25,9;25,3;24,3;23,9;92;90;92;23;1,5;0;
2026/02/01;0300 UTC;0;992,9;992,9;991,7;0;25;23,7;25,4;25;24;23,7;93;92;93;31;,5;0;
2026/02/01;0400 UTC;0;992,7;993;992,7;0;25,1;23,9;25,4;24,9;24,5;23,6;95;93;93;27;,9;0;
2026/02/01;0500 UTC;0;992,5;992,9;992,5;0;24,6;23,3;25,3;24,6;23,9;23,3;93;90;92;25;1,2;0;
2026/02/01;0600 UTC;0;992,4;992,5;992,3;0;25,6;23,3;25,6;24,6;23,7;23,2;93;87;87;37;4,6;2,2;
2026/02/01;0700 UTC;0;991,7;992,4;991,7;0;24,8;22,4;25,6;24,8;23,4;22,4;88;86;86;24;8,3;2,7;
2026/02/01;0800 UTC;0;990,8;991,7;990,8;0;24,2;21,4;24,8;24,2;22,4;21,4;88;84;84;13;6,7;1,9;
2026/02/01;0900 UTC;0;990,7;990,8;990,6;0;24,2;22;24,3;24,1;22,1;21,3;88;84;88;17;5,1;1,3;
2026/02/01;1000 UTC;0;991,3;991,3;990,7;0;24;22,4;24,2;23,9;22,4;22;91;88;91;34;3,6;,9;
2026/02/01;1100 UTC;0;992,4;992,4;991,3;16,9;23,9;22,4;24;23,9;22,5;22,3;92;90;91;11;3,5;,9;
2026/02/01;1200 UTC;0;993,6;993,6;992,4;140,7;24,4;22,8;24,4;23,9;22,8;22,5;92;90;90;13;4,3;1,7;
2026/02/01;1300 UTC;0;994,6;994,7;993,6;819,5;25,9;21,8;25,9;24,4;23,1;21,8;91;78;78;1;8,3;3,3;
2026/02/01;1400 UTC;0;994,9;994,9;994,6;1073,3;26,2;21,7;26,2;25,7;22,1;21,6;80;76;76;6;8,3;3,2;
2026/02/01;1500 UTC;0;994,9;995,1;994,9;2098,8;27,5;21,3;27,6;26,2;22,1;21,3;76;69;69;16;7,6;2,5;
2026/02/01;1600 UTC;0;994,9;995;994,7;2705,4;27,8;21,1;28,4;27,4;22,2;21,1;71;66;67;353;8,3;3,8;
2026/02/01;1700 UTC;0;994,2;995;994,2;2043,8;28;22,5;28,1;27,7;22,6;21,4;73;67;72;360;8,3;2,3;
2026/02/01;1800 UTC;0;993;994,2;993;973,1;27,4;22,5;28,2;27,4;22,8;22;76;70;74;360;5,5;2,3;
2026/02/01;1900 UTC;0;991,4;993;991,4;1083,6;27,6;22,4;27,7;27,2;23;22,2;77;73;73;12;4,9;2,3;
2026/02/01;2000 UTC;0;990,3;991,4;990,3;1731,1;28,2;22,4;28,7;27,6;23;21,8;75;68;71;351;5,4;2,1;
2026/02/01;2100 UTC;0;989,9;990,3;989,8;1273,3;27,9;22,4;28,7;27,5;22,9;21,3;73;67;72;11;7,3;1,9;
2026/02/01;2200 UTC;0;990,7;990,7;989,8;466;26,3;21,8;28;26,3;22,5;21,6;78;70;76;340;6,8;2,4;
2026/02/01;2300 UTC;0;991,1;991,1;990,6;131,2;25,2;21,9;26,3;25,2;22;21,3;82;75;82;2;6,1;,6;
2026/02/02;0000 UTC;0;991,7;991,7;991,1;0;24,5;22;25,2;24,5;22,1;21,7;86;82;86;357;2;,3;
2026/02/02;0100 UTC;0;992,2;992,2;991,6;0;23,6;21,6;24,5;23,6;22,1;21,6;89;86;89;29;1,9;,1;
2026/02/02;0200 UTC;0;992,8;992,8;992,2;0;23,3;21,8;23,6;23,3;21,9;21,6;91;89;91;22;,8;0;
2026/02/02;0300 UTC;0;993,6;993,6;992,8;0;22,9;21,7;23,3;22,8;21,8;21,6;93;91;93;20;1;,1;
2026/02/02;0400 UTC;0;993,8;993,8;993,4;0;23,1;21,6;23,2;22,9;22;21,6;93;91;91;331;2,4;,7;
2026/02/02;0500 UTC;0;993,9;994;993,8;0;23;21,4;23,2;23;21,6;21,4;91;90;91;357;2,4;,2;
2026/02/02;0600 UTC;0;993,7;993,9;993,7;0;22,9;21,5;23,1;22,9;21,6;21,4;92;91;92;18;1,3;,1;
2026/02/02;0700 UTC;0;993,2;993,7;993,2;0;22,4;21,3;22,9;22,3;21,5;21,1;94;92;94;25;,9;0;
2026/02/02;0800 UTC;0;992,8;993,2;992,8;0;22,4;21,3;22,5;22,3;21,5;21,2;94;94;94;18;1,2;,3;
2026/02/02;0900 UTC;0;992,6;992,9;992,5;0;22,2;21,1;22,4;22,2;21,3;21;94;93;93;16;2,1;,1;
2026/02/02;1000 UTC;0;993;993;992,6;0;22,3;21,5;22,3;21,9;21,6;20,9;96;93;96;33;1,5;,5;
2026/02/02;1100 UTC;0;993,4;993,4;993;53,2;22,3;21,2;22,3;22,1;21,7;21,1;96;94;94;14;1,5;,2;
2026/02/02;1200 UTC;0;994,1;994,1;993,4;282,2;23,8;21,5;23,8;22,3;21,8;21,2;94;87;87;351;3,5;,9;
2026/02/02;1300 UTC;0;994,8;994,8;994,1;742,3;25,4;21,8;25,4;23,8;22,1;21,4;88;80;81;350;4,7;1,9;
2026/02/02;1400 UTC;0;995;995,1;994,8;1856,9;27,3;21,1;27,3;25,4;22,1;20,9;81;69;69;342;6,2;2,4;
2026/02/02;1500 UTC;0;994,8;995,1;994,8;2817,4;28,6;21,6;29;27,3;22;20,6;69;63;66;6;7,6;2,8;
2026/02/02;1600 UTC;0;994,2;994,8;994,2;3327;30,2;22,1;30,3;28,6;22,5;21,5;67;61;62;12;7,4;3,3;
2026/02/02;1700 UTC;0;993,3;994,3;993,3;3523,5;31,4;22,4;31,6;30,2;22,8;21,6;63;57;59;355;8,7;2,6;
2026/02/02;1800 UTC;0;991,8;993,3;991,8;3314,5;31,2;22;32;31,1;23;21,5;61;56;58;8;7,6;2,6;
2026/02/02;1900 UTC;0;990,4;991,8;990,4;2555,7;31,4;22;32,2;31,1;22,3;21,3;59;54;57;359;7,8;2,1;
2026/02/02;2000 UTC;0;989,2;990,4;989,2;2349,6;32,3;21,4;33,1;31,4;23,3;21,4;59;52;53;355;6,3;2;
2026/02/02;2100 UTC;0;988,5;989,2;988,5;1636,4;32,2;22,2;32,3;31,4;22,5;21,3;58;53;56;357;7;2,3;
2026/02/02;2200 UTC;0;988,4;988,5;988,3;913,2;31,3;21,9;32,3;31,3;22,3;21,3;58;54;57;359;7;1,5;
2026/02/02;2300 UTC;0;988,9;988,9;988,4;132,6;29,6;23;31,3;29,6;23;21,9;68;57;68;8;4,5;,6;
2026/02/03;0000 UTC;0;989,6;989,6;988,9;,5;26,8;23,8;29,6;26,8;24;23,1;85;68;84;23;1,6;0;
2026/02/03;0100 UTC;0;990,9;990,9;989,6;0;28,2;23,3;28,3;26,6;24,1;23,2;86;74;75;27;3,4;1,2;
2026/02/03;0200 UTC;0;992,1;992,1;990,9;0;27,2;23,4;28,2;27,2;23,6;23,2;80;75;80;22;2,8;,7;
2026/02/03;0300 UTC;0;993,1;993,1;992,1;0;26,5;23,5;27,2;26,5;23,6;23,4;84;80;84;18;2,9;,8;
2026/02/03;0400 UTC;0;992,9;993,3;992,9;0;26,2;23,5;26,5;26,2;23,7;23,5;85;84;85;24;3,8;1,7;
2026/02/03;0500 UTC;0;992,5;992,9;992,5;0;25,5;23;26,2;25,5;23,5;23;86;84;86;14;4,7;1,5;
2026/02/03;0600 UTC;0;991,9;992,5;991,9;0;25,1;22,9;25,5;25,1;23,1;22,9;88;86;88;12;3,2;,6;
2026/02/03;0700 UTC;0;990,9;991,9;990,9;0;24,9;22,9;25,1;24,9;23;22,8;89;88;89;20;2,5;,9;
2026/02/03;0800 UTC;0;990,9;990,9;990,7;0;24,5;22,8;24,9;24,5;23;22,8;90;89;90;19;2,4;,9;
2026/02/03;0900 UTC;0;991,7;991,7;990,9;0;24,2;22,6;24,5;24,2;22,8;22,6;91;90;91;16;2,6;,4;
2026/02/03;1000 UTC;0;992,4;992,4;991,7;0;24,1;22,6;24,2;24,1;22,7;22,5;92;91;91;16;1,7;,3;
2026/02/03;1100 UTC;0;993,5;993,5;992,4;24,9;24,2;22,7;24,2;24;22,7;22,5;92;91;91;21;1,9;,7;
2026/02/03;1200 UTC;0;994,2;994,2;993,5;302,1;25,2;22,9;25,2;24,2;22,9;22,6;91;87;87;16;3,4;1,3;
2026/02/03;1300 UTC;0;994,5;994,5;994,2;705,7;26,3;23,1;26,4;25,1;23,3;22,8;88;82;82;10;4,7;1,7;
2026/02/03;1400 UTC;0;995;995;994,5;1601,6;28,2;23,5;28,2;26,3;23,7;23;82;74;75;10;4,9;1,7;
2026/02/03;1500 UTC;0;994,8;995;994,7;2545,2;30,4;23,5;30,6;28,2;24,4;23,1;76;65;67;359;4,9;1,6;
2026/02/03;1600 UTC;0;994,4;994,9;994,3;2663,8;30,9;22,4;31,6;30,1;24,7;22,4;69;60;61;360;6,2;2;
2026/02/03;1700 UTC;0;993,4;994,4;993,4;2515,9;31,6;22,7;32,2;30,8;23,3;21,5;62;55;59;350;6,3;2;
2026/02/03;1800 UTC;0;991,9;993,4;991,9;2405,1;32,4;22,5;32,6;30,8;24;21,6;64;55;56;345;5,5;1,6;
2026/02/03;1900 UTC;0;990,6;991,9;990,6;3270,7;32,7;21,9;33,5;31,9;23,4;21,5;58;51;53;5;6,6;2,5;
2026/02/03;2000 UTC;,8;990;990,9;990;1139,2;28,6;24,9;32,7;26,3;25,5;21,5;86;53;80;32;9;0;
2026/02/03;2100 UTC;0;989,8;990;989,6;509,8;28,2;24,8;29,1;28;25,7;23,5;82;74;82;15;5,4;,1;
2026/02/03;2200 UTC;0;989,9;989,9;989,6;316;27,3;24,1;28,3;27,2;25,3;23,9;88;78;83;24;2;0;
2026/02/03;2300 UTC;0;991,2;991,2;989,9;53;26,2;24,4;27,3;26,2;24,7;23,9;90;82;90;114;2,4;,6;
2026/02/04;0000 UTC;0;992;992;991;0;25,8;23,8;27;25,7;24,4;23,7;91;85;88;23;3;,2;
2026/02/04;0100 UTC;12,8;993,3;993,4;992;,1;23,2;22,1;26,2;23,1;23,5;21,8;94;79;94;358;9,4;,9;
2026/02/04;0200 UTC;1;993,8;994,2;993,2;0;23,5;22,3;23,7;23,2;23;22,1;97;93;93;41;5,8;1,8;
2026/02/04;0300 UTC;1,2;994,3;994,5;993,8;0;23,6;23;23,6;23,2;23;22;97;92;97;37;4,5;,6;
2026/02/04;0400 UTC;0;993,8;994,3;993,8;0;23,8;22,6;23,9;23,6;23,2;22,5;97;93;93;48;3,2;1,2;
2026/02/04;0500 UTC;,2;993;993,8;993;0;23,6;22,4;23,8;23,6;22,6;22,3;93;93;93;9;3,2;,3;
2026/02/04;0600 UTC;,4;992,5;993;992,5;0;23,5;22,4;23,6;23,4;22,6;22,3;94;93;94;15;1,4;,2;
2026/02/04;0700 UTC;0;991,9;992,5;991,9;0;23,5;22,4;23,6;23,4;22,6;22,3;95;93;93;22;2,1;,1;
2026/02/04;0800 UTC;0;991,9;992;991,9;0;23,4;22,7;23,6;23,3;22,7;22,3;96;93;96;19;2;,1;
2026/02/04;0900 UTC;0;992,2;992,2;991,8;0;23,6;22,8;23,6;23,3;23;22,6;97;95;95;28;1,6;,4;
2026/02/04;1000 UTC;0;992,4;992,4;992,1;0;23,6;22,3;23,7;23,5;22,8;22,3;95;93;93;26;2,6;1,1;
2026/02/04;1100 UTC;0;993,3;993,3;992,4;17,3;23,6;22,4;23,6;23,5;22,4;22,2;93;93;93;355;3,5;1;
2026/02/04;1200 UTC;0;994,8;994,8;993,3;249,9;24,4;22,8;24,4;23,6;22,9;22,3;93;91;91;8;2,3;,3;
2026/02/04;1300 UTC;0;995,2;995,2;994,8;644,8;25,5;23;25,5;24,4;23,3;22,7;91;85;86;30;3;1,1;
2026/02/04;1400 UTC;0;995,2;995,3;995,2;1212,5;26,9;23,9;27;25,5;23,9;22,8;86;80;83;50;3,7;1,5;
2026/02/04;1500 UTC;0;995,1;995,2;995;1712,9;28,6;23,2;28,7;26,9;23,8;22,7;83;71;73;33;4,3;1,4;
2026/02/04;1600 UTC;0;994,8;995,1;994,8;1958,8;29,8;24,4;29,8;28,5;24,4;23;75;70;73;322;4,4;1,8;
2026/02/04;1700 UTC;0;994;994,8;994;2913,3;30,9;24;31,6;29,7;25,2;23,2;73;63;67;343;4,4;1,2;
2026/02/04;1800 UTC;0;992,2;994;992,2;1950,6;31,2;24,4;31,2;28,7;24,7;22,1;73;63;67;5;5,5;,6;
2026/02/04;1900 UTC;0;991,1;992,2;991,1;2416,6;32;22,4;32,1;30;24,9;22,4;72;56;57;14;3,7;1,3;
2026/02/04;2000 UTC;0;990,3;991,1;990,2;1889,9;30,2;22,8;32,1;29;23,3;21,4;66;57;65;349;6;2,4;
2026/02/04;2100 UTC;0;989,6;990,3;989,5;1880;30,1;23,1;30,8;30;23,4;22,2;67;61;66;344;5,8;1,7;
2026/02/04;2200 UTC;0;989,9;990;989,6;758,1;28,8;23,5;31,3;28,8;24;22,8;75;61;73;357;4,3;,4;
2026/02/04;2300 UTC;0;990,7;990,8;989,9;64,8;27;23,5;28,8;27;24,6;23,4;83;73;81;4;1,8;,5;
2026/02/05;0000 UTC;0;991,3;991,3;990,6;0;25,5;23,8;27;25,5;23,8;23,3;91;81;91;14;1,9;0;
2026/02/05;0100 UTC;0;992,8;992,8;991,3;0;25,6;24,1;25,6;25,2;24,1;23,7;92;90;91;9;1,1;,1;
2026/02/05;0200 UTC;0;993,8;993,8;992,8;0;25,9;24,1;25,9;25,6;24,2;23,9;91;89;90;315;1,8;,6;
2026/02/05;0300 UTC;0;994,2;994,2;993,8;0;25,5;23,9;26;25,5;24,1;23,9;91;89;91;346;2,4;,4;
2026/02/05;0400 UTC;0;993,9;994,4;993,9;0;24,8;22,7;25,6;24,8;23,9;22,6;91;86;88;262;5;1,1;
2026/02/05;0500 UTC;0;992,8;993,9;992,8;0;24,4;22,6;24,8;24,4;22,7;22,5;90;87;90;16;2,9;,2;
2026/02/05;0600 UTC;0;992;992,9;991,9;0;24;22,4;24,4;24;22,6;22,4;91;89;91;3;2,3;,3;
2026/02/05;0700 UTC;0;991,8;992;991,7;0;23,7;22,2;24;23,7;22,5;22,2;92;91;91;15;1,9;,1;
2026/02/05;0800 UTC;0;991,8;992,1;991,8;0;23,6;22,4;23,7;23,4;22,6;22,2;94;92;93;7;,9;,4;
2026/02/05;0900 UTC;0;993;993;991,8;0;23,8;22,5;23,8;23,5;22,7;22,4;94;92;92;20;1,7;,2;
2026/02/05;1000 UTC;0;994,3;994,3;993;0;24,2;22,8;24,3;23,7;22,9;22,4;93;92;92;30;2,3;,9;
2026/02/05;1100 UTC;,4;994,9;994,9;994,3;7,7;24;22,5;24,2;24;22,9;22,5;92;92;92;13;4;1;
2026/02/05;1200 UTC;,4;995,8;995,8;994,9;114,1;24,1;22,8;24,1;23,8;22,8;22,4;93;91;92;24;3,7;,7;
2026/02/05;1300 UTC;0;995,9;996,1;995,8;598,4;25;22,5;25;24,1;23;22,4;92;86;86;14;5;1,5;
2026/02/05;1400 UTC;0;995,7;996;995,7;1108,2;26,1;22,9;26,1;24,9;23;22,3;87;82;83;355;4,4;1,6;
2026/02/05;1500 UTC;0;995,5;995,7;995,5;1799,3;27,4;22,4;28;25,8;23,3;22;83;73;74;349;4,4;,8;
2026/02/05;1600 UTC;0;994,9;995,5;994,9;1524,1;27,7;22,3;28;27,3;23,2;21,5;76;70;72;348;4,6;1,4;
2026/02/05;1700 UTC;0;994,1;994,9;994,1;1559,8;28,4;22,7;28,4;27,5;22,8;21,5;74;68;71;350;4,4;1,2;
2026/02/05;1800 UTC;0;992,9;994,1;992,9;1576;28,6;22,1;29;28,3;23;21,7;72;66;68;345;3,9;1,3;
2026/02/05;1900 UTC;0;991,9;992,9;991,9;1253,6;28,4;22,1;28,9;28,3;23,2;22;73;68;69;2;3,5;1;
2026/02/05;2000 UTC;0;990,7;991,9;990,7;1603,3;29,5;22,7;29,5;28,4;23,2;22,2;72;66;67;335;4,5;1,5;
2026/02/05;2100 UTC;0;990,1;990,7;990;1437,8;29,2;22,8;30,1;29,1;23,6;22,4;72;65;69;359;4,5;1;
2026/02/05;2200 UTC;0;990,2;990,2;990;592,1;28,4;22,8;29,3;28,4;23,6;22,7;73;68;72;348;4;1,4;
2026/02/05;2300 UTC;0;990,9;990,9;990,2;89,4;27,5;23,5;28,5;27,5;23,5;22,6;79;71;78;20;3,1;,7;
2026/02/06;0000 UTC;0;991,6;991,6;990,9;,1;26,6;23,7;27,5;26,6;23,8;23,3;84;78;84;33;2,8;1;
2026/02/06;0100 UTC;0;992,6;992,6;991,6;0;26;23,2;26,6;26;23,8;23,2;85;83;84;31;3,4;,9;
2026/02/06;0200 UTC;0;993,3;993,3;992,5;0;25,3;23;26;25,3;23,3;23;88;84;87;18;2,4;,6;
2026/02/06;0300 UTC;0;993,8;993,8;993,3;0;24,8;22,9;25,3;24,8;23,1;22,9;89;87;89;17;2,1;,1;
2026/02/06;0400 UTC;0;993,7;994;993,7;0;24,5;22,9;24,9;24,5;23,1;22,8;91;89;91;17;1,2;,1;
2026/02/06;0500 UTC;0;993,1;993,7;993,1;0;24,2;22,7;24,6;24,2;23;22,7;91;90;91;15;1,1;,1;
2026/02/06;0600 UTC;0;993,1;993,2;993;0;23,9;22,8;24,3;23,8;22,8;22,5;94;91;94;28;1,1;0;
2026/02/06;0700 UTC;0;992,7;993,1;992,7;0;24,1;22,7;24,2;23,9;23;22,6;94;91;92;15;,8;,1;
2026/02/06;0800 UTC;0;992,5;992,7;992,5;0;24;22,6;24,2;24;22,7;22,5;92;91;92;19;1,3;,2;
2026/02/06;0900 UTC;0;992,6;992,6;992,4;0;24;22,6;24,1;24;22,7;22,5;92;91;92;20;1,7;,4;
2026/02/06;1000 UTC;0;992,4;992,6;992,4;0;24,1;22,7;24,1;24;22,7;22,5;92;91;92;30;1,9;,8;
2026/02/06;1100 UTC;0;992,9;992,9;992,4;15,8;24;22,4;24,2;23,9;22,8;22,4;92;91;91;14;2,7;,1;
2026/02/06;1200 UTC;0;993,9;993,9;992,9;265,4;24,9;22,8;24,9;24;23;22,4;91;88;88;20;1,2;,1;
2026/02/06;1300 UTC;0;994,5;994,5;993,9;734,8;26,4;22,6;26,5;24,9;23,2;22,6;88;80;80;340;4,5;2;
2026/02/06;1400 UTC;0;994,7;994,7;994,5;1615,7;28,1;22,4;28,1;26,3;23,5;22,2;81;71;71;19;4,6;1,8;
2026/02/06;1500 UTC;0;994,8;994,9;994,7;2435,3;29,9;22,1;29,9;28,1;22,5;21,1;72;62;63;343;5;1,7;
2026/02/06;1600 UTC;0;994,5;994,8;994,5;2842,4;30,9;21,6;31,3;29,9;22,9;20,9;65;56;58;358;4,4;,9;
2026/02/06;1700 UTC;0;993,9;994,5;993,9;2704,2;31,2;21,5;31,9;30,2;22,8;21,1;63;55;56;336;4,9;1,7;
2026/02/06;1800 UTC;0;993;993,9;993;2572,3;31,2;21,9;31,7;31;22,9;21,3;61;55;58;13;4,9;1,9;
2026/02/06;1900 UTC;0;991,8;993;991,8;2460,3;31,6;21,8;31,9;31,1;22,7;21,3;60;55;56;11;4,7;1,7;
2026/02/06;2000 UTC;4;991,4;991,8;990,9;1323,3;26,7;23,2;32,2;26,7;23,9;21,8;81;56;81;4;8,5;2,1;
2026/02/06;2100 UTC;23,2;991,4;991,9;991,3;103,9;24;23,4;26,7;23,8;23,5;22,6;97;81;97;47;8,5;,2;
2026/02/06;2200 UTC;,4;990,8;991,4;990,8;278,3;24,3;22,5;24,3;23,7;23,7;22,5;97;90;90;37;2,9;1;
2026/02/06;2300 UTC;0;990,9;991;990,7;97,4;23,8;22,5;24,4;23,8;22,8;22,4;92;89;92;35;2,1;,1;
2026/02/07;0000 UTC;0;991;991,2;990,9;,1;24,1;22,8;24,1;23,5;23,3;22,4;96;92;92;8;1,2;,5;
2026/02/07;0100 UTC;0;992,1;992,2;991;0;23,5;22,8;24,1;23,4;23;22,5;96;92;96;37;2,2;,1;
2026/02/07;0200 UTC;0;992,7;992,7;992;0;23,4;22,9;23,6;23,4;23;22,8;97;96;97;25;1,5;0;
2026/02/07;0300 UTC;0;993,5;993,5;992,7;0;23,7;22,8;23,8;23,3;23,1;22,8;97;94;94;17;1,2;,2;
2026/02/07;0400 UTC;0;993,6;993,6;993,3;0;23,7;22,2;24,1;23,6;22,7;22,2;94;91;91;16;1,8;,2;
2026/02/07;0500 UTC;0;993,2;993,7;993,2;0;23,4;22,6;23,7;23,2;22,8;22,1;97;91;95;21;1,5;,1;
2026/02/07;0600 UTC;0;992,8;993,2;992,7;0;23;22,1;23,5;23;22,6;22;95;94;94;21;1,3;0;
2026/02/07;0700 UTC;0;992,4;992,8;992,3;0;23,2;22,5;23,4;23;22,6;22,1;96;94;96;23;1,5;0;
2026/02/07;0800 UTC;0;992,2;992,4;992,1;0;22,9;22,3;23,2;22,9;22,7;22,3;97;96;97;26;1;0;
2026/02/07;0900 UTC;0;992,8;992,8;992,2;0;22,9;22,4;23,1;22,9;22,5;22,3;97;97;97;30;,5;0;
2026/02/07;1000 UTC;0;993,5;993,5;992,8;0;23,3;22,7;23,3;22,9;22,8;22,3;97;97;97;20;,7;0;
2026/02/07;1100 UTC;0;994,4;994,4;993,5;29,7;23,5;22,5;23,5;23,3;22,8;22,4;97;94;94;23;1,3;0;
2026/02/07;1200 UTC;0;995,6;995,6;994,4;320,5;24,8;22,9;24,9;23,5;23,2;22,6;96;89;89;353;2;,8;
2026/02/07;1300 UTC;0;996,1;996,1;995,6;648;26,2;23,6;26,2;24,8;23,9;22,9;90;85;86;348;2,3;,8;
2026/02/07;1400 UTC;0;995,8;996,2;995,8;1588,4;27,8;23,4;27,9;26,2;23,9;23,2;86;76;77;339;4,9;2,8;
2026/02/07;1500 UTC;0;995,3;995,8;995,3;2784,8;29,9;23,3;30,1;27,8;24;22,6;78;67;68;347;5;1,5;
2026/02/07;1600 UTC;0;994,9;995,3;994,9;3058,7;30,6;22,1;31,7;29,6;23,7;22;69;58;60;2;4,4;1,6;
2026/02/07;1700 UTC;0;994,2;994,9;994,2;3089,9;31,9;22,4;32,2;30,6;23,5;21,8;65;55;57;330;4,8;,8;
2026/02/07;1800 UTC;0;993,1;994,2;993,1;2667,6;32,5;22,3;32,8;31,1;23,7;21,1;65;52;55;347;5,1;,7;
2026/02/07;1900 UTC;0;992,3;993,2;992,3;2714,5;33;21,7;33,3;32;22,8;20,5;56;48;52;343;5,2;1,2;
2026/02/07;2000 UTC;0;991,2;992,3;991,2;2428,6;33,4;22,2;33,9;32,4;23,7;21;59;49;52;336;5,1;1,3;
2026/02/07;2100 UTC;0;990,4;991,2;990,4;1833,6;33,2;21,3;34,1;32,7;23,2;21;56;48;50;325;3,4;1,1;
2026/02/07;2200 UTC;0;989,8;990,4;989,8;796,7;31,1;24,4;33,8;31,1;24,4;20,7;68;47;68;1;4,1;,6;
2026/02/07;2300 UTC;0;990,3;990,3;989,8;99,1;27,9;24,8;31,1;27,9;24,8;23,7;83;65;83;25;1,4;0;
2026/02/08;0000 UTC;0;991,2;991,2;990,3;0;26,9;24,7;28;26,7;25,1;24,3;88;83;88;22;,5;0;
2026/02/08;0100 UTC;0;992,1;992,1;991,2;0;26,1;24,3;26,9;26,1;24,7;24,2;90;88;90;22;,9;0;
2026/02/08;0200 UTC;0;993,3;993,3;992,1;0;25,4;24;26,1;25,4;24,3;23,9;92;90;92;24;,4;0;
2026/02/08;0300 UTC;0;994,1;994,1;993,3;0;25,3;23,9;25,6;25,3;24,1;23,8;92;91;92;24;0;0;
2026/02/08;0400 UTC;0;993,8;994,1;993,7;0;25,9;23,5;26,1;25,3;24,2;23,5;92;87;87;7;2,1;,5;
2026/02/08;0500 UTC;0;993,6;993,8;993,5;0;25,4;23,5;26,1;25;23,5;22,8;90;83;90;14;2,6;,1;
2026/02/08;0600 UTC;0;993,1;993,7;993,1;0;25,7;23;25,7;25,2;23,6;22,9;90;85;85;10;1,6;,6;
2026/02/08;0700 UTC;0;992,4;993;992,4;0;25;23;25,7;25;23,1;22,9;88;85;88;17;2,2;,1;
2026/02/08;0800 UTC;0;992,4;992,5;992,3;0;24,6;23,3;25;24,2;23,3;22,8;93;88;92;18;1,1;,1;
2026/02/08;0900 UTC;0;992,6;992,8;992,4;0;24,7;23,4;24,7;24;23,4;22,8;94;92;93;5;1,2;,5;
2026/02/08;1000 UTC;0;993,2;993,3;992,6;0;24,8;23;24,8;24,7;23,4;22,9;93;90;90;359;2,3;1;
2026/02/08;1100 UTC;0;993,9;993,9;993,1;17,8;24,8;22,8;24,9;24,7;23;22,8;90;89;89;8;3,2;1;
2026/02/08;1200 UTC;0;995;995;993,9;235,6;25,5;23,1;25,5;24,8;23,1;22,8;89;86;87;8;3;,3;
2026/02/08;1300 UTC;0;996;996;995;489,7;26,2;23,2;26,3;25,5;23,3;22,9;87;83;84;296;2,4;1;
2026/02/08;1400 UTC;0;996,5;996,6;996;637,1;26,7;23,8;26,7;26,1;23,8;23;85;82;84;208;3,5;1;
2026/02/08;1500 UTC;0;996,8;996,8;996,4;683,6;25,3;22,3;26,8;25,2;23,7;22,1;85;82;84;181;5,1;2,2;
2026/02/08;1600 UTC;,2;996,8;996,9;996,6;922;24,1;22;25,5;23,9;22,5;21,6;89;81;88;202;5,1;1,9;
2026/02/08;1700 UTC;1;995,4;996,8;995,4;1392,4;24,7;22,9;25,5;24,1;22,9;21,4;90;83;90;193;3,9;1,4;
2026/02/08;1800 UTC;0;993,7;995,4;993,7;2363,7;27,1;23,7;27,1;24,7;23,7;22,6;91;80;82;215;5,8;2;
2026/02/08;1900 UTC;0;992,8;993,7;992,8;2375,1;27,2;22,6;28,1;27,1;24,3;22,5;82;74;76;228;5,7;2,3;
2026/02/08;2000 UTC;0;991,6;992,8;991,6;1832,5;27,6;22,4;28,1;26,8;23;21,8;78;71;73;233;6,1;2,2;
2026/02/08;2100 UTC;0;991,1;991,7;991,1;1136;26,8;21,7;28,1;26,8;22,4;21,6;75;70;74;201;5,2;1,8;
2026/02/08;2200 UTC;0;990,8;991,1;990,7;690,4;27,3;21,7;27,9;26,7;22,7;21,4;76;69;71;192;4,3;1,3;
2026/02/08;2300 UTC;0;992;992;990,8;148,2;25;22,5;27,4;25;22,6;21,5;86;71;86;26;3,9;0;
2026/02/09;0000 UTC;0;992,8;992,8;992;,1;24,1;22,7;25;24,1;22,7;22,3;92;86;92;19;0;0;
2026/02/09;0100 UTC;0;993,2;993,2;992,8;0;23,8;22,5;24,2;23,8;22,7;22,4;93;92;93;26;0;0;
2026/02/09;0200 UTC;0;994,2;994,2;993,2;0;23,8;22,5;23,8;23,6;22,6;22,4;93;92;92;21;1,2;0;
2026/02/09;0300 UTC;0;994,8;994,8;994,2;0;24,1;22,3;24,1;23,6;22,5;22,2;92;89;90;9;1,4;,5;
2026/02/09;0400 UTC;0;994,2;994,8;994,2;0;23,8;22,3;24,1;23,8;22,5;22,2;92;90;92;6;1,4;,4;
2026/02/09;0500 UTC;0;993,1;994,2;993,1;0;23,5;22,1;23,8;23,5;22,3;22,1;92;91;92;5;1,5;,4;
2026/02/09;0600 UTC;0;992,8;993,1;992,8;0;23;21,9;23,5;23;22,2;21,9;94;92;94;7;1,8;,1;
2026/02/09;0700 UTC;0;992,7;992,9;992,6;0;22,6;22;23;22,6;22,1;21,8;97;94;96;14;2;,1;
2026/02/09;0800 UTC;0;992,9;992,9;992,7;0;22,5;21,5;22,6;22,5;22;21,5;96;94;94;358;1,2;,2;
2026/02/09;0900 UTC;0;993,1;993,1;992,8;0;22,4;21,2;22,6;22,4;21,6;21,2;95;93;93;27;1,9;0;
2026/02/09;1000 UTC;0;993,6;993,6;993,1;0;21,9;21,3;22,4;21,9;21,3;21;97;93;97;26;0;0;
2026/02/09;1100 UTC;0;994,3;994,3;993,6;23,8;22,4;21,8;22,4;21,8;21,8;21,2;97;97;97;9;0;0;
2026/02/09;1200 UTC;0;995;995;994,3;282,6;23,5;22;23,5;22,4;22;21,6;97;91;91;3;2,4;,7;
2026/02/09;1300 UTC;0;995,8;995,9;995,1;778,8;25,2;22,3;25,3;23,5;22,8;22;91;84;84;334;4,1;1,5;
2026/02/09;1400 UTC;0;995,7;995,9;995,7;1071,4;25,8;22,5;26,1;25,2;23;22,1;85;80;82;350;4,3;1,3;
2026/02/09;1500 UTC;0;995,2;995,7;995,2;1168,9;27,9;23,2;27,9;25,8;23,3;22,3;82;75;75;335;5,5;1,8;
2026/02/09;1600 UTC;0;994,4;995,2;994,4;2730,5;29,2;22,9;29,4;28;23,7;22,4;75;68;69;325;7,7;2,3;
2026/02/09;1700 UTC;0;993,2;994,4;993,2;3434,8;30,9;22,7;31,1;29,2;23,6;22,5;71;61;62;336;5,9;2,2;
2026/02/09;1800 UTC;0;991,4;993,2;991,4;2910,2;31,4;22,7;31,8;30,5;23,9;22,3;65;57;60;354;4,7;2;
2026/02/09;1900 UTC;0;990;991,4;990;1785,9;30,5;23,8;31,9;29,9;24,3;22,4;69;58;67;350;4,7;,7;
2026/02/09;2000 UTC;2,4;989,2;990,2;989,2;1290,4;27,8;24,2;31,6;26;24,8;22,3;87;60;81;356;6,9;,6;
2026/02/09;2100 UTC;0;988,6;989,2;988,5;1348,5;28,4;23,8;29,6;27,7;24,5;22,6;82;68;76;351;5,4;,9;
2026/02/09;2200 UTC;0;988,8;989;988,6;249,8;27,6;23,1;28,5;27,6;24,5;22,4;81;71;77;354;4,2;,4;
2026/02/09;2300 UTC;0;989,1;989,1;988,5;53,5;25,5;23,8;27,6;25,5;24,1;23,1;90;77;90;28;1,7;0;
2026/02/10;0000 UTC;0;990,4;990,4;989,1;1,5;26,5;23,4;26,7;25,5;24,3;23,3;91;82;83;30;2,7;1,2;
2026/02/10;0100 UTC;0;991,4;991,4;990,4;0;25,4;22,9;26,5;25,4;23,4;22,8;87;83;86;27;4,2;1,1;
2026/02/10;0200 UTC;0;991,7;991,7;991,4;0;24,9;22,6;25,4;24,8;22,8;22,5;88;86;87;31;2,4;,6;
2026/02/10;0300 UTC;0;993;993;991,7;0;24,4;22,3;25;24,4;22,7;22,2;88;86;88;19;2,6;,8;
2026/02/10;0400 UTC;0;992,7;993;992,7;0;24,3;22,4;24,5;24,3;22,4;22,1;89;87;89;28;2,1;,7;
2026/02/10;0500 UTC;0;992,7;992,8;992,6;0;24,1;22,1;24,3;24;22,3;22;90;88;89;16;3,3;1,2;
2026/02/10;0600 UTC;0;992,3;992,7;992,3;0;23,9;21,7;24,1;23,9;22,1;21,7;89;88;88;13;3,5;1,5;
2026/02/10;0700 UTC;0;992;992,4;992;0;23,7;21,9;23,9;23,7;21,9;21,7;90;88;90;11;3,5;1;
2026/02/10;0800 UTC;0;991,5;992;991,5;0;23,4;21,9;23,7;23,4;22;21,8;91;89;91;6;2,5;,6;
2026/02/10;0900 UTC;0;991,3;991,5;991,2;0;23,4;21,8;23,5;23,4;22,1;21,7;92;90;90;24;2,9;,6;
2026/02/10;1000 UTC;0;992,1;992,1;991,3;0;23;21,6;23,5;23;21,8;21,6;91;90;91;24;2,6;,1;
2026/02/10;1100 UTC;0;993;993;992,1;15,2;22,6;21,9;23;22,4;21,9;21,4;96;91;96;26;1,3;0;
2026/02/10;1200 UTC;0;993,9;993,9;992,9;225,4;23,7;21,7;23,7;22,6;22,3;21,5;96;88;89;29;2,2;,9;
2026/02/10;1300 UTC;0;994,7;994,7;993,9;626,4;24,9;22,3;24,9;23,6;22,3;21,5;89;85;86;12;3,4;1,4;
2026/02/10;1400 UTC;0;994,9;995;994,7;1388,6;27,4;23,4;27,4;24,9;23,5;22,3;86;78;79;358;3,9;2,1;
2026/02/10;1500 UTC;0;994,6;994,9;994,6;2637,7;28,6;23,1;28,9;27,4;24;22,9;80;71;72;24;6,2;2;
2026/02/10;1600 UTC;0;994;994,6;994;2195,4;28,9;23,5;29,6;28,6;23,7;22,6;74;68;73;6;5,7;2,5;
2026/02/10;1700 UTC;2,4;993;994;992,9;1805,3;27,1;24,8;30,4;26,3;24,9;22,3;89;67;88;1;7;1,4;
2026/02/10;1800 UTC;,4;991,9;993;991,9;790;26,6;24,6;27,4;26,5;25,1;23,7;90;84;89;45;5,2;,4;
2026/02/10;1900 UTC;7,4;990,5;992,8;990,3;279,6;23,4;22,1;26,6;22,5;24,5;20,9;92;82;92;343;11,1;,9;
2026/02/10;2000 UTC;0;990,4;991;990,3;205,3;24,3;22,6;24,5;23,4;23;22,2;93;89;90;23;6,5;1,4;
2026/02/10;2100 UTC;0;989,6;990,4;989,3;59,9;24,5;23,2;24,6;24,3;23,3;22,6;93;90;93;20;3,8;,3;
2026/02/10;2200 UTC;0;989,6;990,1;989,6;33,3;25,1;24,5;25,1;24,3;24,5;23,1;97;93;96;44;2,9;1,1;
2026/02/10;2300 UTC;,2;990,3;990,3;989,4;27,7;24,5;23,1;25,2;24,5;24,5;23,1;96;91;92;52;4;1,6;
2026/02/11;0000 UTC;0;991,2;991,2;990,3;0;24,3;22,9;24,5;24,3;23,2;22,8;92;91;92;41;4,9;1,1;
2026/02/11;0100 UTC;0;991,7;991,8;991,2;0;23,7;22,1;24,4;23,4;23;21,9;92;90;91;24;3;,6;
2026/02/11;0200 UTC;0;992;992;991,6;0;23,6;21,9;23,7;23,5;22,3;21,9;92;91;91;26;2,4;,9;
2026/02/11;0300 UTC;0;993,8;993,8;992;0;23,1;22,5;23,6;23;22,5;21,9;97;91;97;32;2,1;0;
2026/02/11;0400 UTC;0;992,8;993,9;992,8;0;23,5;22,3;23,7;23,1;23,1;22,3;97;93;93;30;1,8;,5;
2026/02/11;0500 UTC;0;991,8;992,8;991,8;0;23,5;22,6;23,6;23,2;22,6;22,1;95;93;94;29;1,7;,5;
2026/02/11;0600 UTC;0;991,5;991,8;991,2;0;23,7;22,5;23,8;23,4;22,6;22,2;94;93;93;33;3,2;,2;
2026/02/11;0700 UTC;0;991,1;991,5;991;0;23,9;22,6;24;23,6;22,8;22,4;94;92;92;12;2,8;,7;
2026/02/11;0800 UTC;0;991;991,1;990,7;0;23,9;22,6;24;23,9;22,7;22,6;93;92;92;9;2,7;,6;
2026/02/11;0900 UTC;0;991,7;991,7;991;0;23,8;22,5;23,9;23,8;22,6;22,5;93;92;92;1;2,5;,7;
2026/02/11;1000 UTC;0;992,1;992,1;991,7;0;23,7;22,4;23,8;23,7;22,6;22,4;93;92;93;13;2,5;,2;
2026/02/11;1100 UTC;0;993;993;992,1;7,5;23,8;22,7;23,8;23,5;22,7;22,4;94;93;94;31;1,1;,4;
2026/02/11;1200 UTC;0;994,7;994,7;993;181,2;24,3;22,8;24,3;23,8;22,8;22,5;94;91;91;13;2;,7;
2026/02/11;1300 UTC;0;995,6;995,6;994,7;529,2;25,3;23,1;25,3;24,3;23,2;22,7;91;88;88;350;3,3;1,2;
2026/02/11;1400 UTC;0;995,5;995,7;995,5;858,9;25,4;22,6;25,9;25,2;23,3;22,3;88;82;84;14;6;2,1;
2026/02/11;1500 UTC;0;995,4;995,6;995,4;1025,7;26,1;22,6;26,2;25,3;23,1;22,4;85;81;81;2;5,4;2,3;
2026/02/11;1600 UTC;0;994,4;995,4;994,4;2469,4;27,5;22,8;27,8;26;23,8;22,5;83;75;76;352;7,9;3,1;
2026/02/11;1700 UTC;0;993,5;994,4;993,5;1912,3;28;23;28,3;27,5;23,8;22,8;78;74;74;2;7,6;1,4;
2026/02/11;1800 UTC;0;992,4;993,5;992,4;1424,2;29,2;23,2;29,4;27,6;24,3;22,9;79;69;70;12;4,8;1,8;
2026/02/11;1900 UTC;0;991;992,4;991;2272,1;29,5;23,4;30,4;29;24,3;22,8;73;66;70;344;5,4;2;
2026/02/11;2000 UTC;0;990,3;991;990,2;1512,1;27,9;23,1;30,2;27;23,9;22;78;67;75;5;6,5;2;
2026/02/11;2100 UTC;0;990;990,4;989,9;1827,1;27,9;21,9;29,6;27,9;23,9;21,3;77;62;70;327;6,4;2,4;
2026/02/11;2200 UTC;0;990,3;990,3;989,8;583,9;26,8;22,4;27,8;26,7;22,6;21,9;77;70;77;329;5,5;1,3;
2026/02/11;2300 UTC;0;991;991;990,4;142,2;26;22,9;26,9;25,9;22,9;22,3;84;76;83;14;4,2;1,3;
2026/02/12;0000 UTC;0;991,8;991,8;991;0;24,6;22,1;26;24,6;22,9;21,9;86;81;86;2;4;,4;
2026/02/12;0100 UTC;,2;992,7;992,7;991,8;0;24;22,4;24,6;24;22,5;22;91;86;91;5;2,1;,6;
2026/02/12;0200 UTC;0;993,3;993,3;992,7;0;23,9;22,6;24;23,9;22,7;22,4;93;91;93;21;1,4;,2;
2026/02/12;0300 UTC;0;994,2;994,2;993,3;0;23,8;22,6;24;23,8;22,9;22,6;93;93;93;14;2,3;,3;
2026/02/12;0400 UTC;0;994,5;994,5;994,1;0;23,6;22,3;23,9;23,5;22,7;22,3;94;92;92;353;1,7;1;
2026/02/12;0500 UTC;0;993,8;994,5;993,8;0;23,4;22,1;23,6;23,4;22,3;22,1;93;92;92;19;1,7;,3;
2026/02/12;0600 UTC;0;993,2;993,8;993,2;0;23,4;22;23,5;23,3;22,1;22;93;92;92;5;1,4;,4;
2026/02/12;0700 UTC;0;992,8;993,2;992,8;0;23,4;22,1;23,4;23,3;22,1;22;93;92;92;10;1,4;,2;
2026/02/12;0800 UTC;0;992,7;992,8;992,5;0;23,4;22,2;23,5;23,3;22,2;22,1;93;92;93;36;1,5;,2;
2026/02/12;0900 UTC;0;993,1;993,1;992,7;0;23,2;22;23,4;23,2;22,2;21,9;93;92;93;20;1,1;0;
2026/02/12;1000 UTC;0;993,7;993,7;993,1;0;23,1;22,2;23,3;23;22,2;22;95;93;95;21;1;0;
2026/02/12;1100 UTC;0;994,3;994,3;993,7;19,2;23,2;22,2;23,3;23,1;22,5;22,2;96;94;94;20;,7;0;
2026/02/12;1200 UTC;0;994,9;994,9;994,3;242,7;24,4;22,4;24,4;23,2;22,4;22,2;95;89;89;2;1,8;,3;
2026/02/12;1300 UTC;0;995,6;995,6;994,9;1019;26,5;22,9;26,6;24,4;23,2;22,2;89;80;80;301;2,3;,9;
2026/02/12;1400 UTC;0;996;996;995,6;1945,8;28,4;22,6;28,4;26,5;23,8;22,1;81;71;71;344;3,9;1,3;
2026/02/12;1500 UTC;0;995,8;996,1;995,8;2276,6;28,9;22,7;29,4;28;23,5;22,3;74;67;69;351;3,9;1,2;
2026/02/12;1600 UTC;0;995,2;995,8;995,2;2499,8;30,3;23,1;30,4;28,6;23,6;22;72;63;65;11;4,7;,9;
2026/02/12;1700 UTC;0;994,2;995,2;994,2;2141;30,2;22,2;30,6;29,6;23,2;22;68;61;62;33;3,8;1,2;
2026/02/12;1800 UTC;0;992,4;994,2;992,4;2724,9;31,9;23,1;31,9;30;23,6;21,1;65;56;60;336;4,9;1,4;
2026/02/12;1900 UTC;0;990,9;992,4;990,9;3003,8;31,7;22,7;32,2;30,2;24,5;21,9;67;57;59;258;6;2,4;
2026/02/12;2000 UTC;0;990,8;991,1;990,4;1249,3;25,3;22,1;31,7;25,2;23;21,9;83;59;83;40;7,6;1,7;
2026/02/12;2100 UTC;0;990,3;990,9;990,2;272,9;25,9;22,1;25,9;25,1;22,5;21,8;84;80;80;36;4,2;,8;
2026/02/12;2200 UTC;0;990,8;990,8;990,3;343,7;26,2;22,5;26,2;25,8;22,8;21,7;82;78;80;17;3;,3;
2026/02/12;2300 UTC;0;991,6;991,6;990,8;140,6;25,4;23;26,3;25,4;23,2;22,4;86;79;86;359;2,2;,7;
2026/02/13;0000 UTC;0;991,9;992,2;991,6;0;24,7;23;25,5;24,7;23,3;22,8;90;86;90;41;1,9;,2;
2026/02/13;0100 UTC;0;993,1;993,1;991,8;0;25,3;23,3;25,3;24,4;23,5;22,9;92;89;89;27;2,1;1,1;
2026/02/13;0200 UTC;0;994,3;994,3;993,1;0;24,3;22,6;25,3;24,3;23,3;22,5;91;87;91;21;2,1;,1;
2026/02/13;0300 UTC;0;994,8;994,8;994,3;0;24,6;22,4;24,8;24,3;22,8;22,2;91;87;88;30;2,1;,7;
2026/02/13;0400 UTC;0;995;995,1;994,8;0;24;22;24,6;24;22,5;21,8;89;86;88;32;3;,5;
2026/02/13;0500 UTC;0;994,8;995;994,7;0;23,4;21,9;24;23,4;22;21,7;91;88;91;24;1,7;0;
2026/02/13;0600 UTC;0;994,3;994,8;994,3;0;23,5;21,9;23,6;23,4;22;21,8;92;90;91;7;1,1;,4;
2026/02/13;0700 UTC;0;993,3;994,3;993,3;0;23,3;21,9;23,5;23,2;22;21,8;93;91;92;22;1,9;,5;
2026/02/13;0800 UTC;0;993,2;993,3;993,1;0;23,1;21,8;23,3;23,1;22;21,8;93;92;92;4;1,9;,5;
2026/02/13;0900 UTC;0;993,3;993,4;993,1;0;23,1;21,9;23,1;23;21,9;21,8;93;92;93;9;1,1;,4;
2026/02/13;1000 UTC;0;993,7;993,7;993,3;0;23,3;22;23,4;23;22,2;21,8;94;92;92;43;2,7;,8;
2026/02/13;1100 UTC;0;994,3;994,3;993,7;18,4;23,5;22,2;23,5;23,1;22,3;21,9;93;92;92;30;2,7;,5;
2026/02/13;1200 UTC;0;995,1;995,1;994,3;235;23,9;22,1;23,9;23,4;22,3;22;92;89;90;35;2,5;,7;
2026/02/13;1300 UTC;0;996;996;995,1;821,3;25,7;22,3;25,9;23,9;22,7;22,1;90;80;82;36;2,6;,9;
2026/02/13;1400 UTC;0;996,3;996,3;996;1240,9;26,6;22,4;26,6;25,6;22,8;21,6;83;76;78;35;3,5;1;
2026/02/13;1500 UTC;0;996;996,3;996;1629,2;28,1;21,9;28,2;26,5;23,3;21,9;79;69;69;19;3,4;,9;
2026/02/13;1600 UTC;0;995,5;996;995,5;1219,1;28,2;22,5;28,3;27,8;23,2;21,9;74;69;72;13;3;,9;
2026/02/13;1700 UTC;0;994,6;995,5;994,6;1763,3;28,6;22,4;29,6;28,2;24,2;22,2;75;66;69;18;2,6;1,1;
2026/02/13;1800 UTC;0;993,1;994,6;993,1;2312,6;29,9;23,3;30;28,6;23,4;22,3;71;64;68;25;3;,8;
2026/02/13;1900 UTC;0;991,5;993,1;991,5;2340,4;30,2;22,2;30,6;29,1;24,3;21,7;72;61;62;36;4;1,1;
2026/02/13;2000 UTC;0;990,2;991,5;990,2;2294;30,2;21,7;31,5;29,7;23,2;20,9;65;56;60;34;4,3;1,5;
2026/02/13;2100 UTC;0;989,3;990,2;989,3;1994,9;30,3;21,3;31,4;30,2;22,5;20,8;60;55;58;26;4,8;1,4;
2026/02/13;2200 UTC;0;989,5;989,5;989,2;916,8;30;22;31;30;22,1;20,5;62;54;62;2;4,2;1;
2026/02/13;2300 UTC;0;990,4;990,4;989,5;47,5;27;23,5;30;26,9;24;21,8;84;63;81;8;2,2;,1;
2026/02/14;0000 UTC;0;991,6;991,6;990,4;0;26,1;23,1;27,3;26,1;23,6;23;85;78;84;327;2,8;,5;
2026/02/14;0100 UTC;0;992,4;992,4;991,6;0;25,1;22,7;26,1;25,1;23,1;22,7;87;83;87;358;1,9;,5;
2026/02/14;0200 UTC;0;993,3;993,3;992,4;0;24,6;23;25,1;24,4;23,2;22,7;92;87;91;20;1,4;0;
2026/02/14;0300 UTC;0;994,3;994,3;993,3;0;24,4;23;24,6;24,2;23,1;22,8;92;91;92;35;,7;0;
2026/02/14;0400 UTC;0;994,2;994,5;994,2;0;24,2;22,9;24,4;24,2;23;22,9;92;92;92;28;,7;0;
2026/02/14;0500 UTC;0;993,7;994,2;993,7;0;23,9;22,7;24,3;23,9;23;22,7;93;92;93;24;0;0;
2026/02/14;0600 UTC;0;993,2;993,7;993,2;0;24,1;23,1;24,1;23,9;23,2;22,7;94;93;94;21;0;0;
2026/02/14;0700 UTC;0;992,7;993,2;992,7;0;23,8;23,2;24,1;23,8;23,2;23;97;94;96;23;0;0;
2026/02/14;0800 UTC;0;992,5;992,7;992,4;0;23,5;22,9;23,9;23,5;23,3;22,9;97;96;97;21;0;0;
2026/02/14;0900 UTC;0;992,7;992,8;992,5;0;23,7;23,1;23,7;23,3;23,1;22,7;97;97;97;21;0;0;
2026/02/14;1000 UTC;0;993,3;993,3;992,6;0;23,7;23,2;23,8;23,5;23,2;22,9;97;97;97;21;1;0;
2026/02/14;1100 UTC;0;994;994;993,3;8,8;24;23,2;24;23,7;23,3;23,1;97;95;95;8;,9;,1;
2026/02/14;1200 UTC;0;994,6;994,6;994;170,5;24,7;23,3;24,7;24;23,3;23;95;92;92;336;1,9;,5;
2026/02/14;1300 UTC;0;995,4;995,4;994,6;780,3;27,3;23,8;27,3;24,7;23,8;23,2;92;81;81;15;2,2;,2;
2026/02/14;1400 UTC;0;996,1;996,1;995,4;896;27,4;22,9;27,6;27;23,8;22,7;81;75;76;350;2,4;,7;
2026/02/14;1500 UTC;0;996;996,2;996;842,2;27,4;22,8;27,6;27,1;23,6;22,5;80;75;76;345;3,8;1,7;
2026/02/14;1600 UTC;0;995,2;996;995,2;1599,2;27,5;23;28,6;27,4;23,7;22,6;78;73;77;343;5,4;2,4;
2026/02/14;1700 UTC;0;994,1;995,2;994,1;1468,8;26,8;23;28,1;26,8;23,5;22,3;80;72;80;17;6,1;2,2;
2026/02/14;1800 UTC;,6;993,1;994,2;993,1;510,5;25;23,3;26,9;24,7;23,4;22,7;91;79;90;307;5,5;1,4;
2026/02/14;1900 UTC;0;992,3;993,1;992,3;1648;26,2;22,4;26,4;25;23,9;22,2;91;78;80;323;7,3;2,3;
2026/02/14;2000 UTC;0;991,3;992,3;991,3;1135,7;26,5;22,6;27;26,2;23,1;22,2;81;76;79;322;5,9;1,4;
2026/02/14;2100 UTC;0;990,9;991,3;990,9;950,1;27;22,5;27,4;26,4;22,9;21,9;80;73;76;350;3,6;,7;
2026/02/14;2200 UTC;0;991,4;991,4;990,9;220,9;26,2;22,6;27,1;26,2;22,7;22;81;75;81;300;3,1;,8;
2026/02/14;2300 UTC;0;992,1;992,1;991,4;79,5;25,6;22,7;26,2;25,6;22,9;22,4;85;80;84;8;3,1;,1;
2026/02/15;0000 UTC;0;992,8;992,8;992,1;0;24,9;22,8;25,6;24,9;23,1;22,5;89;83;88;19;1,4;,2;
2026/02/15;0100 UTC;1,2;993,7;993,7;992,8;0;24,3;23,5;25,1;24,3;23,5;22,7;95;87;95;30;,9;0;
2026/02/15;0200 UTC;2,8;994,3;994,3;993,7;0;24,2;23;24,3;24,1;23,7;23;96;93;93;26;1,6;,4;
2026/02/15;0300 UTC;,2;995;995;994,3;0;23,6;22,7;24,2;23,6;23;22,5;95;93;95;30;1,6;0;
2026/02/15;0400 UTC;0;994,5;995;994,5;0;23,4;22,9;23,6;23,4;23,1;22,8;97;95;97;18;,5;0;
2026/02/15;0500 UTC;0;993,7;994,5;993,7;0;23,4;22,9;23,6;23,4;23;22,9;97;97;97;29;,7;0;
2026/02/15;0600 UTC;0;992,7;993,7;992,7;0;23,3;22,7;23,5;23,3;22,9;22,7;97;97;97;19;1,1;0;
2026/02/15;0700 UTC;0;992,2;992,7;992,2;0;23,1;22,5;23,3;23,1;22,8;22,5;97;96;96;25;1,3;0;
2026/02/15;0800 UTC;0;992,3;992,3;992,2;0;23,1;22,6;23,2;23;22,6;22,4;97;96;97;24;,7;0;
2026/02/15;0900 UTC;,2;992,7;992,7;992,2;0;23;22,4;23,2;23;22,7;22,4;97;97;97;45;,5;0;
2026/02/15;1000 UTC;4,4;993,4;993,4;992,8;0;22;20,8;23;22;22,5;20,8;97;92;93;14;1,9;,5;
2026/02/15;1100 UTC;,8;994,1;994,1;993,4;6;21,8;20,7;22,1;21,7;21,1;20,5;95;93;93;11;1,3;,3;
2026/02/15;1200 UTC;,2;995;995;994,1;94,7;22,4;21,3;22,4;21,8;21,5;20,6;95;93;93;11;1,1;,2;
2026/02/15;1300 UTC;,2;995,6;995,6;995;398,3;23,4;21,9;23,4;22,4;21,9;21,3;93;91;91;10;1,8;,5;
2026/02/15;1400 UTC;0;995,7;995,7;995,6;1042,7;25,1;21,5;25,1;23,4;22,6;21,3;91;80;80;342;2,1;1,2;
2026/02/15;1500 UTC;0;995,7;995,8;995,7;1629,4;26,5;22,1;26,8;25,1;22,6;20,8;81;72;77;37;2,1;,2;
2026/02/15;1600 UTC;0;995,8;995,8;995,7;1299,9;27,1;21,1;27,2;26,4;22,6;20,7;79;69;70;31;1,4;,1;
2026/02/15;1700 UTC;0;995,2;995,8;995,2;1119,4;26,9;22,1;27,7;26,2;23,2;20,8;80;68;75;39;2,2;,7;
2026/02/15;1800 UTC;,2;994,1;995,2;994,1;1414,9;27,1;21,9;27,9;26,8;23,5;21,4;79;72;73;32;3,1;1,4;
2026/02/15;1900 UTC;0;993,3;994,1;993,3;2055,1;27,8;21,5;28,3;26,7;22,7;20,4;79;64;68;38;4;1,8;
2026/02/15;2000 UTC;0;992,1;993,3;992,1;1222,4;26,7;22,1;27,9;25,6;22,4;21;81;68;76;49;7,1;1,6;
2026/02/15;2100 UTC;0;991,2;992,1;991,2;1410,6;27;21,6;27,1;26,1;22,6;20,9;78;69;72;13;5,2;2,1;
2026/02/15;2200 UTC;0;991,3;991,3;991,1;660,4;25,6;21,6;27,3;25,6;22,2;20,9;78;71;78;352;4,3;1,6;
2026/02/15;2300 UTC;0;991,7;991,7;991,3;59,9;24,7;22;25,6;24,7;22,3;21,6;85;78;85;360;3,7;,7;
2026/02/16;0000 UTC;0;992,7;992,7;991,7;0;24;21,9;24,7;24;22,2;21,9;89;85;88;8;1,8;,5;
2026/02/16;0100 UTC;0;993;993;992,7;0;23,4;21,9;24;23,4;22;21,8;91;88;91;28;1,1;,1;
2026/02/16;0200 UTC;0;993,8;993,8;993;0;23,1;21,8;23,5;23,1;22;21,7;92;91;92;32;1,8;,2;
2026/02/16;0300 UTC;0;994,5;994,5;993,8;0;23,4;21,9;23,6;23,1;22,2;21,7;93;90;91;29;1,7;,3;
2026/02/16;0400 UTC;0;994,8;994,9;994,5;0;23,1;21,7;23,5;23,1;22;21,7;92;91;92;37;2,3;,2;
2026/02/16;0500 UTC;0;994,6;994,8;994,6;0;23;21,7;23,2;23;21,8;21,7;93;92;92;40;1,7;,1;
2026/02/16;0600 UTC;0;994,2;994,6;994,2;0;22,9;21,8;23,1;22,9;21,9;21,7;94;92;94;30;1,5;0;
2026/02/16;0700 UTC;0;993,7;994,2;993,7;0;22,7;21,6;23;22,7;22,1;21,6;95;93;94;359;1,2;,6;
2026/02/16;0800 UTC;0;993,6;993,7;993,5;0;22,7;21,7;22,8;22,7;21,8;21,6;95;94;94;23;1,1;0;
2026/02/16;0900 UTC;0;994,2;994,2;993,5;0;22,9;21,8;22,9;22,5;22,3;21,7;97;94;94;26;1,2;,3;
2026/02/16;1000 UTC;,2;994,3;994,3;994,2;0;22,6;21,5;22,9;22,6;21,8;21,5;94;93;94;22;2,4;,8;
2026/02/16;1100 UTC;0;995;995;994,3;14,9;22,5;21,5;22,6;22,4;21,5;21,3;94;93;94;17;1,6;,2;
2026/02/16;1200 UTC;0;996,1;996,1;995;238,9;23,2;21,7;23,2;22,5;21,8;21,3;94;91;91;17;2;,5;
2026/02/16;1300 UTC;0;996,6;996,6;996,1;529,2;24,3;21,8;24,3;23,2;22,1;21,6;91;86;86;347;2,6;,8;
2026/02/16;1400 UTC;0;996,9;996,9;996,6;1073,2;25,8;21,5;25,8;24,3;22,3;21,4;87;77;77;343;2,6;,6;
2026/02/16;1500 UTC;0;996,8;996,9;996,8;1995,3;27,2;22,1;27,2;25,8;22,3;21,1;79;71;73;351;2,8;,9;
2026/02/16;1600 UTC;0;996,2;996,8;996,2;2326,9;27,7;21,4;28,2;27;22,8;21,4;75;68;68;306;3,6;1,1;
2026/02/16;1700 UTC;0;995,4;996,2;995,4;2635,7;29,9;22,2;30,1;27,7;23,6;21,3;73;63;64;255;3,1;,9;
2026/02/16;1800 UTC;0;994,3;995,4;994,3;2536;30,1;22,8;30,5;29,4;23,2;21,2;68;59;65;272;3,6;1,1;
2026/02/16;1900 UTC;0;992,8;994,3;992,8;3254,4;31,3;22,5;32;29,9;23,1;19,6;66;51;60;117;4,4;1,3;
2026/02/16;2000 UTC;0;991,3;992,8;991,3;2169,7;31;20,3;32;30,1;22,9;19,7;64;50;53;322;4,4;1;
2026/02/16;2100 UTC;0;990,9;991,3;990,9;2124,6;30,5;22;33;30,5;22,6;19,7;61;49;61;75;4,1;1,1;
2026/02/16;2200 UTC;2,4;991,4;991,4;990,9;182,1;25,2;23;30,5;25,1;23,2;21,6;88;60;88;293;4,1;1,1;
2026/02/16;2300 UTC;0;991,7;991,7;991,4;59,7;24,8;22,6;25,4;24,8;23,3;22,5;90;86;88;358;3,5;,3;
2026/02/17;0000 UTC;0;992,4;992,4;991,7;0;25;23,2;25;24,5;23,4;22,5;92;87;90;321;1,8;,6;
2026/02/17;0100 UTC;0;994;994;992,4;0;24,6;23;25;24,2;23,2;22,6;92;88;91;56;2,4;,3;
2026/02/17;0200 UTC;0;995;995;994;0;24;22,2;24,6;24;22,9;22,2;91;88;90;61;2,7;,4;
2026/02/17;0300 UTC;,8;995,3;995,4;995;0;23,9;23;24;23,6;23,2;22,2;96;90;95;192;1,9;,8;
2026/02/17;0400 UTC;0;994,9;995,3;994,9;0;24,1;22,9;24,3;23,8;23,7;22,8;97;93;93;25;1,6;,4;
2026/02/17;0500 UTC;0;994,6;995;994,6;0;23,7;22,8;24,1;23,7;23,2;22,8;95;93;95;33;1,6;0;
2026/02/17;0600 UTC;0;994,1;994,6;994,1;0;23,5;22,9;23,7;23,5;23,1;22,8;97;95;97;34;0;0;
2026/02/17;0700 UTC;0;993,7;994,1;993,7;0;23,4;22,8;23,6;23,3;23;22,8;97;97;97;143;1,5;,3;
2026/02/17;0800 UTC;0;993,9;993,9;993,7;0;23,5;22,9;23,5;23,4;23;22,8;97;97;97;49;1,8;,2;
2026/02/17;0900 UTC;0;994,2;994,2;993,9;0;23,5;22,9;23,5;23,4;23;22,9;97;97;97;37;1,4;,1;
2026/02/17;1000 UTC;0;994,6;994,6;994,2;0;23,5;22,9;23,5;23,4;23;22,8;97;97;97;44;1,3;,2;
2026/02/17;1100 UTC;2,6;995,5;995,5;994,6;10,7;23,5;23;23,5;23,3;23;22,8;97;97;97;35;1,1;0;
2026/02/17;1200 UTC;,8;996;996;995,5;255,6;24,1;23,6;24,1;23,5;23,6;22,9;97;97;97;43;2,7;,2;
2026/02/17;1300 UTC;0;997;997;996;609,4;24,9;23,1;25,1;24,2;23,8;22,7;97;88;89;62;1,7;,4;
2026/02/17;1400 UTC;0;996,9;997,1;996,9;1168,1;26,9;23,6;26,9;24,9;23,8;22,8;89;81;82;68;2,2;,6;
2026/02/17;1500 UTC;0;996,3;996,9;996,2;1646,2;27,8;23,1;28,7;26,8;24,2;22,3;84;73;76;32;2,6;,7;
2026/02/17;1600 UTC;0;995,8;996,4;995,8;1181,5;27,3;23,2;27,9;26,1;23,5;22,3;82;73;78;343;4,6;1,8;
2026/02/17;1700 UTC;25;995,8;996,7;995,5;1057,4;23,1;22,5;28,8;23,1;24,6;22,1;96;75;96;248;7,3;1,6;
2026/02/17;1800 UTC;2;994,3;995,8;994,3;281,6;23;21,8;23,2;22,8;22,7;21,7;97;93;93;292;4,9;1,4;
2026/02/17;1900 UTC;0;993;994,3;993;1295,1;24,8;22;25;22,9;22,5;21,7;94;84;85;274;4,9;1,3;
2026/02/17;2000 UTC;0;991,4;993;991,4;683,2;24,8;22,3;25;24,7;22,6;21,5;86;82;86;245;3,3;1,4;
2026/02/17;2100 UTC;0;990,9;991,5;990,9;725;25,3;21,8;25,3;24,6;22,5;21,8;87;81;81;263;3,4;1,5;
2026/02/17;2200 UTC;0;991,4;991,4;990,9;650,6;25,3;22,1;25,8;25,1;22,6;21,3;84;78;83;1;3,3;,3;
2026/02/17;2300 UTC;0;992;992;991,4;125,4;23,9;22,4;25,3;23,9;22,6;21,7;91;80;91;15;1,5;,1;
2026/02/18;0000 UTC;0;992,6;992,6;992;0;23,2;21,9;23,9;23,2;22,4;21,9;93;91;93;42;1,3;0;
2026/02/18;0100 UTC;0;993,6;993,6;992,6;0;23;21,9;23,3;23;22,4;21,9;95;93;94;40;1,7;,1;
2026/02/18;0200 UTC;0;994,4;994,4;993,6;0;22,9;22,3;23;22,9;22,4;21,9;97;94;97;34;1,2;0;
2026/02/18;0300 UTC;0;995;995,1;994,4;0;22,9;22,3;23;22,8;22,5;22,2;97;97;97;25;,7;0;
2026/02/18;0400 UTC;0;994,4;995;994,3;0;22,7;22,2;22,9;22,7;22,4;22,2;97;97;97;19;,8;,1;
2026/02/18;0500 UTC;0;994,1;994,5;994,1;0;22,3;21,8;22,7;22,3;22,2;21,8;97;97;97;31;,8;0;
2026/02/18;0600 UTC;0;993,7;994,1;993,7;0;22,7;22,2;22,8;22,2;22,2;21,6;97;97;97;28;1,1;,1;
2026/02/18;0700 UTC;0;993,6;993,7;993,6;0;22,6;22;22,8;22,6;22,3;22;97;97;97;15;1,1;,1;
2026/02/18;0800 UTC;0;993,6;993,6;993,5;0;22,7;22,2;22,8;22,6;22,2;22,1;97;97;97;30;1,3;,1;
2026/02/18;0900 UTC;0;993,7;993,7;993,6;0;22,7;22,2;22,8;22,7;22,3;22,1;97;97;97;39;1;0;
2026/02/18;1000 UTC;0;994,2;994,2;993,7;0;22,7;22,1;22,8;22,7;22,2;22,1;97;97;97;53;1,4;,2;
2026/02/18;1100 UTC;0;994,7;994,7;994,2;16,2;22,6;22,1;22,7;22,6;22,2;22,1;97;97;97;359;1,8;,3;
2026/02/18;1200 UTC;0;995,9;995,9;994,7;208,2;23,5;22,8;23,5;22,6;22,9;22,1;97;96;96;18;1,8;,1;
2026/02/18;1300 UTC;0;997,2;997,2;995,9;318,7;24,1;22,7;24,2;23,5;22,8;22,5;96;91;92;34;1,8;,2;
2026/02/18;1400 UTC;1;997,4;997,4;997,2;316,4;24,7;23;24,7;23,9;23;22,5;92;91;91;32;1,8;0;
2026/02/18;1500 UTC;,2;997,2;997,4;997,2;1297,8;26,4;23,2;26,4;24,7;23,5;22,7;91;82;83;27;1,1;,1;
2026/02/18;1600 UTC;0;996,5;997,2;996,5;1872,8;27,7;23,4;27,9;26,3;23,9;22,7;84;76;78;330;2,3;,8;
2026/02/18;1700 UTC;,2;994,8;996,5;994,8;3082,4;30,5;24,6;30,5;27,6;24,6;21,9;79;67;71;8;2,8;,6;
2026/02/18;1800 UTC;0;993,1;994,8;993,1;1936,4;28,8;22,3;30,5;26,4;24;21,4;78;66;68;8;5,7;,8;
2026/02/18;1900 UTC;0;992;993,1;992;2515,1;28,6;23,5;31,1;28,6;24,7;21,5;77;58;74;297;3,4;1;
2026/02/18;2000 UTC;0;991,8;992,1;991,7;557;26;22,8;28,6;26;23,6;22,2;83;74;83;4;6,1;1,3;
2026/02/18;2100 UTC;0;991,1;991,8;991,1;546,3;26,5;23,3;26,7;25,9;23,7;22,7;85;81;83;358;3,4;,5;
2026/02/18;2200 UTC;0;990,7;991,2;990,7;344;26,3;23,3;26,5;26,1;23,5;23,1;85;82;84;18;2,1;,1;
2026/02/18;2300 UTC;0;991;991;990,5;84,8;24,9;23,3;26,3;24,9;23,7;23,2;91;83;91;24;1;0;
2026/02/19;0000 UTC;0;992,3;992,3;991;0;24,7;23,4;24,9;24,5;23,6;23,3;94;91;93;13;1,3;,4;
2026/02/19;0100 UTC;0;992,6;992,6;992,2;0;23,9;22,9;24,8;23,9;23,5;22,9;94;92;94;26;1,4;0;
2026/02/19;0200 UTC;0;993,7;993,8;992,6;0;23,9;23,2;24,1;23,7;23,5;22,9;97;94;96;9;1,6;,3;
2026/02/19;0300 UTC;0;994;994;993,7;0;23,9;22,9;24;23,9;23,4;22,9;96;94;94;14;2,4;,1;
2026/02/19;0400 UTC;0;994,3;994,4;994;0;23,4;22,6;23,9;23,4;23;22,5;95;94;95;30;1,6;0;
2026/02/19;0500 UTC;0;993,7;994,3;993,6;0;23,4;22,9;23,5;23,3;23;22,6;97;95;97;20;,9;0;
2026/02/19;0600 UTC;0;992,7;993,7;992,7;0;23,2;22,7;23,4;23;22,9;22,3;97;95;97;27;1,2;,2;
2026/02/19;0700 UTC;0;992,8;992,8;992,6;0;23;22,4;23,3;23;22,7;22,4;97;96;97;25;1,7;0;
2026/02/19;0800 UTC;0;992,9;993;992,8;0;22,8;22,2;23,1;22,7;22,5;22,2;97;96;97;28;2,1;,6;
2026/02/19;0900 UTC;0;993,1;993,1;992,9;0;22,7;22,2;22,9;22,7;22,4;22,1;97;97;97;352;2,1;1;
2026/02/19;1000 UTC;0;993,3;993,3;993;0;22,7;22,2;22,8;22,7;22,3;22,1;97;96;97;14;2,2;,5;
2026/02/19;1100 UTC;0;993,6;993,6;993,3;15,7;22,8;21,9;22,8;22,7;22,2;21,9;97;95;95;10;1,7;,1;
2026/02/19;1200 UTC;0;994,4;994,4;993,6;216,5;23,1;21,8;23,2;22,8;22;21,8;95;92;92;358;1,8;,6;
2026/02/19;1300 UTC;0;995;995;994,4;545,5;24,6;22,3;24,6;23,1;22,5;21,8;93;87;87;30;1,9;,1;
2026/02/19;1400 UTC;0;995,3;995,4;995;1472,7;26,9;23,2;26,9;24,6;23,2;21,9;87;78;80;23;2;,2;
2026/02/19;1500 UTC;0;995,4;995,6;995,3;1490,2;27;22,5;27,8;26,4;23,2;21,8;81;73;76;123;2,7;,7;
2026/02/19;1600 UTC;0;994,8;995,4;994,8;2399,7;28,8;22,4;29;27;23,4;21,8;77;66;68;16;2,7;,9;
2026/02/19;1700 UTC;0;993,9;994,8;993,9;3019,4;29,3;22,2;29,9;28,5;23,1;21,1;69;61;66;22;4,8;,8;
2026/02/19;1800 UTC;0;992,6;993,9;992,6;1733,4;29,7;22,2;30,1;28,7;23,3;21,5;70;63;64;2;2,9;,7;
2026/02/19;1900 UTC;0;991,3;992,6;991,3;2584,4;28,3;23;31,2;28,2;23,7;21,6;74;58;73;31;5,3;1,7;
2026/02/19;2000 UTC;0;990;991,3;990;1979,7;30,1;22,6;30,1;28,3;23,7;21,9;73;63;64;11;4,5;2;
2026/02/19;2100 UTC;0;989,3;990;989,3;1926,3;30,7;23;30,8;29,7;23,4;21,5;67;59;64;11;4,2;1,2;
2026/02/19;2200 UTC;0;989,2;989,3;989,2;1069,8;27,5;21,7;31,2;27,5;23,5;21,3;71;59;71;348;6,4;1,3;
2026/02/19;2300 UTC;0;989,6;989,6;989,2;133,9;26,5;22,4;27,5;26,5;22,9;21,8;80;71;79;9;3,5;1;
2026/02/20;0000 UTC;0;990,4;990,4;989,6;,3;24,7;22,7;26,5;24,7;23,1;22,4;89;79;89;33;2,6;0;
2026/02/20;0100 UTC;0;990,9;990,9;990,4;0;24,4;23,1;24,7;24,4;23,2;22,7;92;89;92;17;0;0;
2026/02/20;0200 UTC;0;992;992;990,9;0;24,6;23;24,9;24,4;23,1;22,8;92;89;91;18;1,7;,2;
2026/02/20;0300 UTC;0;993,2;993,2;992;0;24,3;22,7;25;24,3;23;22,6;91;88;91;29;2,1;0;
2026/02/20;0400 UTC;0;993;993,4;993;0;24,3;23;24,5;23,9;23;22,5;93;91;92;25;1,6;,2;
2026/02/20;0500 UTC;0;992,6;993,1;992,5;0;23,6;22,6;24,3;23,6;22,9;22,5;94;92;94;23;1,1;0;
2026/02/20;0600 UTC;0;992,1;992,6;992,1;0;23,4;22,8;23,6;23,3;23;22,5;97;94;97;19;0;0;
2026/02/20;0700 UTC;0;991,9;992,1;991,9;0;23,2;22,6;23,4;23,1;22,8;22,6;97;97;97;30;0;0;
2026/02/20;0800 UTC;0;991,6;991,9;991,6;0;23,4;22,8;23,5;23,2;23;22,6;97;97;97;27;0;0;
2026/02/20;0900 UTC;0;991,7;991,7;991,6;0;23,1;22,6;23,4;23,1;22,8;22,6;97;97;97;18;,4;0;
2026/02/20;1000 UTC;0;992;992;991,7;0;22,9;22,3;23,2;22,8;22,7;22,3;97;97;97;21;,4;0;
2026/02/20;1100 UTC;0;992,9;992,9;992;16,1;23,1;22,6;23,1;22,7;22,6;22,1;97;97;97;20;,4;0;
2026/02/20;1200 UTC;0;993,8;993,8;992,9;232;24,3;23,1;24,3;23,1;23,3;22,6;97;93;93;4;1,5;,4;
2026/02/20;1300 UTC;0;994,7;994,7;993,8;700,6;26;23,3;26;24,3;23,3;22,8;93;84;85;346;4;,9;
2026/02/20;1400 UTC;0;994,9;994,9;994,6;2125,4;28,3;22,7;28,5;26;24,1;22,3;86;71;72;335;4,8;2;
2026/02/20;1500 UTC;0;995;995,1;994,8;1924,6;28,7;23,2;29;27,8;23,5;22,2;74;68;72;358;4,6;1,4;
2026/02/20;1600 UTC;0;994,3;995;994,3;2496,6;29,1;23;30,1;28,6;23,8;22,2;75;64;70;325;6,2;1,7;
2026/02/20;1700 UTC;0;992,8;994,3;992,8;3305,5;31,1;22,4;31,3;29,1;23,6;21,9;70;59;60;332;5,3;1,3;
2026/02/20;1800 UTC;0;991,4;992,8;991,4;2089,5;27,5;23,9;32;27,5;23,9;21,9;81;58;81;15;5;2;
2026/02/20;1900 UTC;0;990,3;991,4;990,2;655,9;27,6;24,2;27,6;26,9;24,7;23,5;86;80;82;356;4,4;1,2;
2026/02/20;2000 UTC;0;988,5;990,3;988,5;759,6;28,4;22,7;28,5;27,6;24,4;22,6;82;71;72;341;2,9;,5;
2026/02/20;2100 UTC;0;988,4;988,8;988,3;1563,1;30,9;22,3;31;28,4;24,4;21,4;78;57;60;8;2,1;,4;
2026/02/20;2200 UTC;0;988,4;988,6;988,3;670,8;28,4;24,2;31,7;28,4;24,7;21,2;78;54;78;24;2;0;
2026/02/20;2300 UTC;0;989,2;989,2;988,4;113,4;26,5;24,3;28,4;26,5;25;23,7;88;77;88;45;1,5;,2;
2026/02/21;0000 UTC;0;990,2;990,2;989,1;0;25,8;24,1;26,5;25,7;24,3;24;90;87;90;27;1,5;0;
2026/02/21;0100 UTC;0;991,4;991,4;990,2;0;26;24;26,8;25,8;24,8;23,9;91;86;89;32;3,1;,2;
2026/02/21;0200 UTC;0;992,8;992,8;991,4;0;25,7;23,6;26,4;25,7;24,2;23,5;90;87;88;351;2,4;1,1;
2026/02/21;0300 UTC;0;993,7;993,7;992,8;0;24,8;22,8;25,7;24,8;23,6;22,8;89;87;89;15;5,4;2;
2026/02/21;0400 UTC;0;993,3;993,7;993,3;0;24,1;22,5;24,8;24,1;22,9;22,5;91;89;91;355;4,7;2;
2026/02/21;0500 UTC;0;992,3;993,3;992,3;0;23,9;22,2;24,1;23,8;22,5;22,2;91;90;90;2;4,7;,7;
2026/02/21;0600 UTC;0;992,6;992,6;992,1;0;23,4;22,1;23,9;23,4;22,2;22;93;90;93;31;1,6;,2;
2026/02/21;0700 UTC;0;992,3;992,8;992,3;0;23,2;22,1;23,7;23,2;22,4;22;93;92;93;16;1,3;0;
2026/02/21;0800 UTC;0;992,2;992,3;992,2;0;22,8;22,1;23,3;22,8;22,1;21,9;96;93;96;28;1,1;0;
2026/02/21;0900 UTC;0;992,7;992,7;992,2;0;22,9;22,4;22,9;22,7;22,4;22,1;97;96;97;23;0;0;
2026/02/21;1000 UTC;0;993;993;992,7;0;23,1;22,5;23,1;22,9;22,6;22,4;97;97;97;14;1,4;,3;
2026/02/21;1100 UTC;0;993,4;993,5;993;11,1;23,2;22,4;23,2;22,9;22,6;22,3;97;95;95;14;1,4;,4;
2026/02/21;1200 UTC;0;994,2;994,2;993,4;174,1;23,7;22,4;23,7;23,2;22,5;22,2;95;93;93;14;1,5;,5;
2026/02/21;1300 UTC;0;995;995;994,2;496,4;25,2;23;25,2;23,7;23;22,3;93;88;88;12;1,4;,2;
2026/02/21;1400 UTC;0;995,6;995,6;995;897,7;26,7;23,3;26,7;25,1;23,4;22,5;88;81;81;358;3,5;1,7;
2026/02/21;1500 UTC;0;995,2;995,6;995,2;1988,8;28,4;23;28,7;26,7;23,8;22,5;82;71;73;357;4,6;1,2;
2026/02/21;1600 UTC;3,6;995;995,3;995;793,9;25,5;23,4;28,4;25,5;24,5;22,2;90;71;88;17;4,5;1,5;
2026/02/21;1700 UTC;0;993,7;995;993,7;2599,9;29,4;23;29,4;25,5;24,8;22,8;89;68;69;346;4,7;2,1;
2026/02/21;1800 UTC;0;991,9;993,7;991,9;3495,6;30,6;22,6;30,9;29;23,7;22,1;71;61;63;353;6,1;2,2;
2026/02/21;1900 UTC;0;990,3;991,9;990,3;2151,2;29,9;22,5;31,1;29,7;23,2;21,1;65;58;64;354;6,8;2,2;
2026/02/21;2000 UTC;0;988,7;990,3;988,7;2408,4;31;22,7;31,4;29,9;23,1;21,6;64;57;61;347;6,4;2,1;
2026/02/21;2100 UTC;0;988,3;988,7;988,3;1779,1;30,5;21,3;31,4;30,5;22,5;20,9;62;56;58;327;6,4;2,3;
2026/02/21;2200 UTC;0;988,4;988,6;988,3;922;29,7;21,7;30,9;29,7;22;20,7;63;55;62;316;5,9;1,2;
2026/02/21;2300 UTC;0;988,9;988,9;988,4;69,7;26,9;23,9;29,8;26,9;23,9;21,7;83;62;83;25;3,2;0;
2026/02/22;0000 UTC;0;989,8;989,8;988,9;0;25,4;23,5;26,9;25,4;24;23,4;90;83;89;74;,1;0;
2026/02/22;0100 UTC;0;991,7;991,7;989,8;0;24,8;22,9;25,6;24,8;23,6;22,8;90;86;89;146;0;0;
2026/02/22;0200 UTC;0;993,1;993,1;991,7;0;24,7;22,9;25,5;24,7;23;22,5;90;84;90;33;2,5;0;
2026/02/22;0300 UTC;0;993,7;993,7;993,1;0;24,3;22,9;24,8;24,3;23,2;22,9;92;90;92;22;,5;0;
2026/02/22;0400 UTC;0;993,5;993,8;993,5;0;24,3;23,2;24,3;24,1;23,2;22,8;94;92;93;21;0;0;
2026/02/22;0500 UTC;0;992,6;993,5;992,5;0;24;22,8;24,4;24;23,2;22,8;94;93;94;30;,5;0;
2026/02/22;0600 UTC;0;992,2;992,7;992,1;0;23,9;23,3;24;23,7;23,3;22,7;96;94;96;21;,8;0;
2026/02/22;0700 UTC;0;991,7;992,2;991,7;0;23,7;23,1;23,9;23,6;23,2;23,1;97;95;96;18;,9;0;
2026/02/22;0800 UTC;0;991,9;991,9;991,7;0;23,6;23;23,7;23,5;23,1;22,9;97;96;97;28;,3;0;
2026/02/22;0900 UTC;0;991,9;992;991,8;0;24;23;24;23,5;23,3;23;97;94;94;4;1,5;,5;
2026/02/22;1000 UTC;0;992,7;992,7;991,9;0;23,7;22,6;24,1;23,7;22,9;22,5;94;92;93;25;1,5;0;
2026/02/22;1100 UTC;0;993,7;993,7;992,7;13,3;23,3;22,7;23,8;23,3;22,7;22,5;97;93;97;36;,8;0;
2026/02/22;1200 UTC;0;994,8;994,8;993,7;229;25;23,4;25;23,3;23,4;22,7;97;90;90;18;,6;0;
2026/02/22;1300 UTC;0;995,4;995,4;994,8;705,3;27;23,7;27;25;23,7;23,1;90;81;82;1;2,7;,8;
2026/02/22;1400 UTC;0;995,6;995,6;995,4;1986,7;28,9;23,4;29;27;24;22,5;82;71;72;357;4,2;1,3;
2026/02/22;1500 UTC;0;995,3;995,6;995,3;2661,2;29,8;23;30,2;28,8;24,2;22,4;74;64;67;11;5,6;2,4;
2026/02/22;1600 UTC;0;994,5;995,3;994,5;2635,2;30,1;22,5;30,2;29,2;23,4;22,1;70;63;64;360;6,1;2,7;
2026/02/22;1700 UTC;0;993,2;994,5;993;3253,4;28;22,2;31,1;28;23,7;21,8;71;58;70;344;8,7;3,6;
2026/02/22;1800 UTC;0;991,4;993,2;991,4;1941,7;28,4;23,1;30,5;28;23,4;21,8;73;61;73;16;8,7;1,9;
2026/02/22;1900 UTC;3;990,4;991,6;990,4;394,9;24,6;22,5;28,4;23,9;23,2;21,9;91;72;88;23;7,5;1;
2026/02/22;2000 UTC;0;988,9;990,4;988,9;566,7;25,6;23,2;25,6;24,6;23,2;22,3;89;86;87;14;3,4;1,4;
2026/02/22;2100 UTC;0;988,9;988,9;988,7;839,6;27,4;23,5;27,4;25,6;23,8;23,1;87;79;80;354;2,9;,9;
2026/02/22;2200 UTC;0;988,9;989;988,8;412,7;26,2;23;27,4;26,2;23,8;22,9;84;77;83;333;2,9;1,1;
2026/02/22;2300 UTC;0;989,5;989,5;988,9;78,3;25,6;23;26,2;25,6;23,3;22,8;87;83;86;358;2,9;,8;
2026/02/23;0000 UTC;0;990,1;990,1;989,5;0;25;23,3;25,6;25;23,5;23;91;86;90;12;1,6;,3;
2026/02/23;0100 UTC;0;990,6;990,6;989,9;0;24,8;22,7;25,1;24,8;23,3;22,7;91;88;88;352;3;1,3;
2026/02/23;0200 UTC;0;991,5;991,5;990,6;0;23,6;22,3;24,8;23,6;22,7;22,3;92;87;92;23;3;0;
2026/02/23;0300 UTC;0;991,7;991,7;991,3;0;23,8;22,4;24,1;23,5;22,8;22,1;94;91;92;7;1,4;,5;
2026/02/23;0400 UTC;0;991,5;991,7;991,5;0;23,8;22,4;23,8;23,6;22,5;22,3;92;92;92;13;1,9;,7;
2026/02/23;0500 UTC;0;991,3;991,7;991,3;0;23,5;22,3;23,8;23,5;22,5;22,3;93;92;93;17;2,3;,4;
2026/02/23;0600 UTC;0;991,2;991,4;991,2;0;23,6;22,4;23,7;23,4;22,5;22,2;93;93;93;17;2,7;,6;
2026/02/23;0700 UTC;0;990,9;991,3;990,9;0;23,8;22,2;23,9;23,6;22,4;22,1;93;91;91;23;3,3;,7;
2026/02/23;0800 UTC;0;990,6;990,9;990,6;0;23,4;22;23,8;23,4;22,3;22;92;91;92;5;2,6;,5;
2026/02/23;0900 UTC;0;990,4;990,7;990,4;0;23,2;22;23,4;23,1;22;21,9;93;92;93;25;2,5;,4;
2026/02/23;1000 UTC;0;991,1;991,1;990,4;0;23,3;21,9;23,3;23,1;22;21,8;93;92;92;15;3;1,1;
2026/02/23;1100 UTC;0;992;992;991,1;16,1;23,4;21,9;23,4;23,3;22;21,8;92;91;91;23;3,1;1,1;
2026/02/23;1200 UTC;0;992,6;992,6;992;159,3;24,1;22,3;24,1;23,4;22,3;21,8;91;90;90;15;5,1;1,7;
2026/02/23;1300 UTC;0;993,5;993,5;992,6;530,1;25;22,4;25;24,1;22,6;22;90;85;86;27;5,6;2,2;
2026/02/23;1400 UTC;0;993,6;993,8;993,5;1351;26,8;22,5;26,8;24,9;23;22,2;86;77;78;352;6,3;2,6;
2026/02/23;1500 UTC;0;993,1;993,6;993,1;2384,5;28;22,3;28,2;26,8;23,1;22,1;79;71;71;10;6,8;2,8;
2026/02/23;1600 UTC;0;993;993,2;992,9;3178,4;29,9;22,5;29,9;28;23,2;21,7;73;64;65;354;7,3;3,1;
2026/02/23;1700 UTC;0;991,9;993;991,9;2557,5;29,7;22,4;30,6;29,3;23,4;21,8;68;63;65;357;7,3;2,4;
2026/02/23;1800 UTC;0;990,2;991,9;990,2;2226,6;31,6;22,8;31,7;29,7;23,5;21,6;66;58;60;351;6,2;2,2;
2026/02/23;1900 UTC;,4;988,4;990,2;988,4;1862,1;28,8;23,6;31,7;28,3;24,3;21,6;78;57;74;24;5,6;1,2;
2026/02/23;2000 UTC;,4;987,2;988,4;987,2;1376;30,3;22,4;30,4;28;25;22,4;79;62;63;347;4;1,3;
2026/02/23;2100 UTC;,2;987,1;987,4;987,1;1752,4;29,2;23,3;30,5;26,1;23,7;21,6;80;63;71;27;5,8;,4;
2026/02/23;2200 UTC;0;987,8;987,8;987;767,6;26,8;23,2;30;26,6;24,7;22,6;82;67;81;30;6;2,1;
2026/02/23;2300 UTC;0;989;989;987,8;123,4;25,4;22,9;26,8;25,3;23,4;22,8;88;81;86;18;7,1;,9;
2026/02/24;0000 UTC;0;989;989,1;988,8;0;24,8;23,3;25,4;24,7;23,3;22,6;92;85;92;16;1,7;,1;
2026/02/24;0100 UTC;0;990,5;990,5;989;0;24,6;23,5;24,9;24,4;23,5;23,2;94;92;94;21;,9;,1;
2026/02/24;0200 UTC;0;991,6;991,7;990,5;0;25;22,7;25,3;24,5;23,6;22,7;94;87;87;24;3,3;1,1;
2026/02/24;0300 UTC;0;991,5;991,7;991,4;0;24,9;22;25;24,9;22,8;21,8;88;83;84;29;4,2;1,3;
2026/02/24;0400 UTC;0;991,9;992;991,5;0;24,3;21,8;24,9;24,2;22;21,5;87;82;86;26;3,4;,2;
2026/02/24;0500 UTC;0;991,6;991,9;991,6;0;23,8;21,5;24,5;23,8;21,9;21,4;87;83;87;20;2,6;,4;
2026/02/24;0600 UTC;0;991,1;991,6;991,1;0;23,3;21,4;23,8;23,2;21,6;21,3;90;87;89;21;1,6;,4;
2026/02/24;0700 UTC;0;990,5;991,1;990,4;0;22,8;21,3;23,3;22,8;21,5;21,3;92;89;91;10;1,6;,3;
2026/02/24;0800 UTC;0;990,1;990,5;990;0;22,7;21,4;22,8;22,5;21,6;21,2;93;91;92;44;1,8;,3;
2026/02/24;0900 UTC;0;990,2;990,2;990;0;22,9;21,5;23;22,7;21,6;21,4;92;91;91;34;2,5;,5;
2026/02/24;1000 UTC;0;990,4;990,4;990,2;0;23,1;21,4;23,1;22,9;21,6;21,4;92;90;90;33;2,8;,9;
2026/02/24;1100 UTC;0;991,1;991,1;990,4;11,5;22,7;21,2;23,1;22,7;21,4;21,1;91;89;91;33;2,6;0;
2026/02/24;1200 UTC;0;992;992;991,1;248,1;23,9;21,8;23,9;22,7;21,9;21,2;92;88;88;32;2,3;,4;
2026/02/24;1300 UTC;0;992,8;992,8;992;725,6;24,9;22;25;23,9;22,3;21,7;89;83;84;31;4,3;1,6;
2026/02/24;1400 UTC;0;993;993;992,8;1689;26,8;22;26,9;24,9;22,5;21,8;85;75;75;5;7,6;2,9;
2026/02/24;1500 UTC;0;992,9;993,2;992,9;2124,3;27,4;22,2;27,6;26,7;22,9;21,8;76;72;73;29;7,6;1,2;
2026/02/24;1600 UTC;0;992,2;992,9;992,2;3220,3;29;22,4;29,3;27,3;23,6;22;74;67;68;17;5,7;2,1;
2026/02/24;1700 UTC;0;991,4;992,2;991,4;3167,7;30,1;22,9;30,1;28,8;23,1;22;70;64;65;3;5,7;2;
2026/02/24;1800 UTC;0;990,2;991,4;990,2;3098,7;30,3;22,5;30,9;29,8;23,4;21,7;66;57;63;2;6,8;1,9;
2026/02/24;1900 UTC;0;988,8;990,2;988,8;2751,5;31,1;22,1;31,4;30,1;22,7;21,4;64;57;59;30;5,7;1,8;
2026/02/24;2000 UTC;0;987,6;988,8;987,6;2525,5;30,6;22,1;31,7;30,6;22,6;21;60;54;60;36;6,3;2,2;
2026/02/24;2100 UTC;0;987;987,6;987;1765,6;30,4;22,9;31,3;29,9;23,2;21,5;65;59;64;23;6,4;2;
2026/02/24;2200 UTC;0;987,4;987,4;987;831,1;29,1;22,2;30,4;29;23,1;21,4;67;62;66;23;5,9;1,7;
2026/02/24;2300 UTC;0;988,5;988,5;987,4;79;27,6;22,9;29,1;27,6;22,9;21,8;75;65;75;12;4,3;,2;
2026/02/25;0000 UTC;0;989,2;989,2;988,4;0;26;23,6;27,6;26;23,7;22,7;87;75;87;33;1,4;,3;
2026/02/25;0100 UTC;0;989,9;989,9;989,2;0;25,2;23,6;26,2;25,1;23,7;23,4;91;85;91;39;1,4;0;
2026/02/25;0200 UTC;0;990,8;990,8;989,9;0;24,8;23,4;25,2;24,8;23,6;23,4;92;91;92;45;,6;0;
2026/02/25;0300 UTC;0;991,1;991,1;990,8;0;24,6;23,3;24,8;24,6;23,6;23,3;93;92;92;40;,8;0;
2026/02/25;0400 UTC;0;991,6;991,6;991,1;0;24,3;23,2;24,6;24,2;23,4;23,1;94;92;94;45;,7;0;
2026/02/25;0500 UTC;0;991;991,6;991;0;24,3;23,2;24,8;24,1;23,6;22,9;94;92;94;42;,9;,1;
2026/02/25;0600 UTC;0;990,4;991;990,4;0;24,7;23,3;24,8;24;23,5;23;95;92;92;35;1,4;,2;
2026/02/25;0700 UTC;0;990;990,4;990;0;24,6;23,2;24,8;24,5;23,3;23,1;92;91;92;35;1;,1;
2026/02/25;0800 UTC;0;990,2;990,2;990;0;24,1;23,2;24,6;23,9;23,5;22,7;96;92;95;31;1;,1;
2026/02/25;0900 UTC;0;990,8;990,8;990,2;0;23,9;22,8;24,1;23,9;23,3;22,8;95;93;93;341;2,4;,4;
2026/02/25;1000 UTC;0;991,5;991,5;990,8;0;24,1;23,2;24,1;23,8;23,3;22,8;96;93;95;23;1,7;0;
2026/02/25;1100 UTC;0;992,3;992,4;991,5;19,8;24,1;23,1;24,2;24;23,2;22,9;95;93;94;21;1,2;0;
2026/02/25;1200 UTC;0;993,4;993,4;992,3;247,8;25,4;23,5;25,4;24,1;23,6;23,1;94;89;89;9;1,2;,1;
2026/02/25;1300 UTC;0;993,8;993,9;993,4;577,2;26,4;23,7;26,4;25,3;23,7;23,2;90;84;85;324;3,2;,9;
2026/02/25;1400 UTC;0;994,4;994,4;993,8;691,8;26,5;23,4;26,8;26,2;23,8;23;85;81;83;14;3,2;,5;
2026/02/25;1500 UTC;0;994,1;994,5;994;575,9;27;23,4;27;26,3;24;22,8;84;78;80;7;2,2;,1;
2026/02/25;1600 UTC;0;993,1;994,1;993,1;1852;28,7;23,6;28,8;27;24,2;23,1;83;72;74;253;4;1,1;
2026/02/25;1700 UTC;0;991,5;993,1;991,5;2888,3;30,8;23,9;30,8;28,7;24,4;23;75;64;67;343;3,8;1,2;
2026/02/25;1800 UTC;0;990,7;991,5;990,3;1116,9;26,7;23,6;30,8;26,7;24,6;22,6;83;63;83;56;5,3;,3;
2026/02/25;1900 UTC;,6;989,2;990,9;989,2;185,5;24,7;23,2;26,8;24,6;23,7;22,8;91;82;91;174;3,3;1,1;
2026/02/25;2000 UTC;0;989,8;990;989,2;359,1;25,3;23,1;25,5;24,6;23,7;22,9;92;88;88;321;2,9;,8;
2026/02/25;2100 UTC;,2;989,9;990,4;989,7;267,7;24,4;22,9;25,5;24,1;23,4;22;91;84;91;4;6,6;,4;
2026/02/25;2200 UTC;,2;990,5;990,5;989,9;138,5;24,1;22,7;24,4;24,1;22,9;22,6;92;90;92;38;2,3;,2;
2026/02/25;2300 UTC;,4;991,1;991,1;990,5;49,3;23,7;22,6;24,2;23,7;22,8;22,5;93;92;93;46;1,9;,1;
2026/02/26;0000 UTC;0;991,7;991,7;991,1;0;23,6;22,8;23,9;23,5;23,3;22,6;97;93;95;32;1,2;,1;
2026/02/26;0100 UTC;0;992,3;992,3;991,7;0;23,8;23,2;24;23,6;23,4;22,8;97;95;96;31;1,1;,1;
2026/02/26;0200 UTC;0;993,8;993,8;992,3;0;23,9;23,3;23,9;23,7;23,3;23,1;97;96;97;29;,7;0;
2026/02/26;0300 UTC;0;994,2;994,2;993,8;0;23,9;23,4;24;23,9;23,4;23,3;97;97;97;353;1,9;,7;
2026/02/26;0400 UTC;0;993,6;994,2;993,6;0;23,8;23,3;24,1;23,8;23,5;23,2;97;96;97;43;1,9;,2;
2026/02/26;0500 UTC;0;993,2;993,6;993,1;0;23,8;23,2;23,8;23,7;23,3;23,1;97;97;97;19;1,5;0;
2026/02/26;0600 UTC;0;992,8;993,2;992,7;0;23,5;22,9;23,8;23,5;23,2;22,9;97;97;97;34;1,5;0;
2026/02/26;0700 UTC;0;992,3;992,8;992,3;0;23,5;23;23,6;23,5;23,1;22,9;97;97;97;26;1;,1;
2026/02/26;0800 UTC;0;991,9;992,3;991,9;0;23,3;22,8;23,6;23,3;23;22,8;97;97;97;35;,8;0;
2026/02/26;0900 UTC;,2;992,3;992,3;991,9;0;23,6;23,1;23,6;23,3;23,1;22,7;97;97;97;26;,9;,1;
2026/02/26;1000 UTC;0;992,9;992,9;992,3;0;23,7;23,2;23,7;23,5;23,2;22,9;97;97;97;23;,7;0;
2026/02/26;1100 UTC;0;993,8;993,8;992,9;8,5;23,7;23,2;23,8;23,7;23,3;23,1;97;97;97;34;1,3;0;
2026/02/26;1200 UTC;0;994,9;994,9;993,8;201,9;24,3;22,9;24,4;23,7;23,4;22,9;97;92;92;40;,9;,1;
2026/02/26;1300 UTC;0;995,4;995,4;994,9;618,2;25,7;23,5;25,7;24,3;23,5;22,5;92;86;87;36;1,3;,2;
2026/02/26;1400 UTC;0;995,5;995,7;995,4;1611,6;27,6;23,1;28;25,7;24,3;22,4;87;74;77;324;2,3;,7;
2026/02/26;1500 UTC;0;995,3;995,7;995,3;1737,9;27;23,5;28,6;26,9;23,9;22,2;83;70;81;332;3,1;,9;
2026/02/26;1600 UTC;0;994,6;995,3;994,6;1752,7;28,3;22,6;28,4;27;23,9;22,4;82;71;71;316;3,6;1,3;
2026/02/26;1700 UTC;0;993,3;994,6;993,3;2153,4;27,2;22,2;29,3;27,2;23,7;22,2;76;68;74;7;5;2;
2026/02/26;1800 UTC;2,6;992;993,4;992;645,5;23,5;22,4;27,9;23,4;23,6;21,6;94;74;93;190;7;2,3;
2026/02/26;1900 UTC;,2;991;992;991;717,4;24,8;23,1;24,8;23,5;23,1;22,2;93;88;90;192;4,9;1,4;
2026/02/26;2000 UTC;,2;990,3;991;990,3;883,2;26,8;23,8;26,8;24,8;24;22,9;90;84;84;341;3,7;,8;
2026/02/26;2100 UTC;0;989,9;990,3;989,8;1037,3;28;23,3;28,1;26,7;24,2;23,2;86;75;75;343;2,5;1;
2026/02/26;2200 UTC;0;990,3;990,4;989,9;873,6;27,4;23,4;28,6;27,4;23,6;22,5;79;70;79;358;2,8;1,2;
2026/02/26;2300 UTC;0;991,1;991,1;990,3;85,9;24,8;22,2;27,4;24,8;23,7;22,1;86;79;85;13;4,7;2;
2026/02/27;0000 UTC;0;991,4;991,4;991,1;0;24,1;22,1;24,8;24,1;22,4;22;89;85;89;337;4,7;,5;
2026/02/27;0100 UTC;,6;991,4;991,5;991,3;0;23,3;21,9;24,2;23,3;22,4;21,6;92;86;92;34;2,9;,1;
2026/02/27;0200 UTC;0;991,8;991,8;991,4;0;23,2;22,6;23,3;23,1;22,6;21,9;97;92;97;34;,9;0;
2026/02/27;0300 UTC;0;992;992;991,8;0;23,4;22,8;23,4;23,1;22,9;22,6;97;97;97;40;1,3;,3;
2026/02/27;0400 UTC;0;992,3;992,4;992;0;23,3;22,3;23,6;23,3;23;22,3;97;94;94;355;1,9;,9;
2026/02/27;0500 UTC;,4;992,1;992,3;992,1;0;23,1;22,1;23,3;23,1;22,7;22,1;97;94;94;10;2,7;1,2;
2026/02/27;0600 UTC;0;991,1;992,1;991,1;0;23;22;23,2;22,9;22,4;21,9;95;94;94;15;3,9;1,1;
2026/02/27;0700 UTC;0;990,6;991,1;990,6;0;23;21,9;23;22,9;22;21,7;94;93;93;23;3,9;,5;
2026/02/27;0800 UTC;0;990,5;990,6;990,4;0;22,8;21,7;23;22,8;21,8;21,6;93;93;93;7;1,8;,4;
2026/02/27;0900 UTC;0;990,4;990,6;990,3;0;22,7;21,6;22,8;22,7;21,7;21,5;94;93;94;16;1,3;,3;
2026/02/27;1000 UTC;0;990,7;990,7;990,4;0;22,5;21,9;22,7;22,4;21,9;21,5;97;93;97;26;1;0;
2026/02/27;1100 UTC;0;991;991;990,6;14,9;22,3;21,8;22,5;22,2;22;21,7;97;97;97;28;1,1;0;
2026/02/27;1200 UTC;0;991,7;991,7;991;238,9;22,9;21,8;23;22,3;22,3;21,8;97;94;94;320;2;,6;
2026/02/27;1300 UTC;0;992,5;992,5;991,7;666,3;24,3;22,2;24,3;22,8;22,3;21,7;94;87;88;357;2,7;,4;
2026/02/27;1400 UTC;0;993;993;992,5;1899,5;26,7;22,4;26,9;24,3;22,8;21,6;88;76;77;5;3,5;1,4;
2026/02/27;1500 UTC;0;992,6;993;992,6;3387,1;28,6;21,6;28,7;26,4;23,7;21,4;79;65;66;335;5,9;2;
2026/02/27;1600 UTC;0;992,3;992,6;992,3;3527,8;29,4;19,5;29,4;28;22,7;19,5;70;55;55;346;6,9;2,2;
2026/02/27;1700 UTC;0;991,4;992,3;991,3;3448,9;30,2;22,3;30,2;29,2;22,3;19,7;63;55;63;347;6,7;1,8;
2026/02/27;1800 UTC;0;990,5;991,4;990,5;3073,5;30,5;22,5;30,9;29,3;22,8;20,5;64;57;62;341;5,6;2;
2026/02/27;1900 UTC;0;989,7;990,5;989,7;2146,5;31,6;22,7;31,6;30;23,1;21,6;66;58;59;350;5,3;2,1;
2026/02/27;2000 UTC;0;988,8;989,7;988,8;2694,2;31,6;20,3;32,5;31,3;22,5;20,3;59;50;51;346;6;2,2;
2026/02/27;2100 UTC;0;987,9;988,8;987,9;1776,9;31,4;20,3;32;31,1;21,1;19;54;48;52;338;5,6;2,3;
2026/02/27;2200 UTC;0;987,8;987,9;987,7;833;30;20,2;31,5;30;20,7;19,4;57;49;56;359;4,6;1,6;
2026/02/27;2300 UTC;0;988,1;988,1;987,8;68,5;27;22,9;30;26,9;23;20,4;79;56;79;15;3,5;0;
2026/02/28;0000 UTC;0;988,9;988,9;988,1;0;25;22,8;27;25;23,1;22,5;88;79;88;24;,8;0;
2026/02/28;0100 UTC;0;990,3;990,3;988,9;0;24,6;23;25;24,5;23;22,7;91;88;91;19;0;0;
2026/02/28;0200 UTC;0;991;991;990,3;0;24,2;22,7;24,6;24,2;23,1;22,7;92;91;92;29;0;0;
2026/02/28;0300 UTC;0;991,6;991,6;991;0;24,1;22,8;24,2;24;22,8;22,5;93;91;93;24;0;0;
2026/02/28;0400 UTC;0;991,4;991,6;991,4;0;23,8;22,5;24,2;23,8;22,9;22,5;93;92;93;26;0;0;
2026/02/28;0500 UTC;0;990,7;991,4;990,7;0;23,6;22,4;23,8;23,6;22,7;22,4;93;93;93;28;0;0;
2026/02/28;0600 UTC;0;990,3;990,6;990,3;0;23,4;22,4;23,6;23,4;22,6;22,3;94;93;94;29;0;0;
2026/02/28;0700 UTC;0;989,6;990,3;989,6;0;23,3;22,2;23,6;23,3;22,6;22,2;95;93;94;28;1,1;0;
2026/02/28;0800 UTC;0;989,2;989,6;989;0;23,2;22,3;23,4;23,2;22,6;22,2;95;94;95;19;1,2;0;
2026/02/28;0900 UTC;0;989,5;989,5;989,2;0;23,3;22,5;23,5;23,1;22,8;22,4;97;95;95;22;1,1;0;
2026/02/28;1000 UTC;0;990,1;990,1;989,5;0;23,7;22,4;23,9;23,3;23;22,4;96;92;92;6;1,8;,5;
2026/02/28;1100 UTC;0;991,1;991,1;990,1;15,3;23,1;22,5;23,8;22,9;22,5;21,8;97;92;97;26;1,4;0;
2026/02/28;1200 UTC;0;992;992;991,1;120,4;25,5;23,4;25,5;23,1;23,8;22,5;97;88;88;15;3,3;1,1;
2026/02/28;1300 UTC;0;992,8;992,8;992;294;27,8;23,5;27,9;25,5;24,1;23,4;88;77;77;9;4,8;2,3;
2026/02/28;1400 UTC;0;993;993,2;992,8;1674,4;29,2;24,1;29,2;27,8;24,2;23,3;78;73;74;9;5,5;2;
2026/02/28;1500 UTC;0;992,8;993;992,8;1973,8;30,2;23,9;30,2;29,2;24,5;23;74;67;69;358;7,5;2,3;
2026/02/28;1600 UTC;0;992,1;992,8;992,1;2836,1;30,7;23,5;31,1;30;24,7;23;69;64;66;15;5,7;2,1;
2026/02/28;1700 UTC;1;990,9;992,1;990,9;1574,2;27,8;24,4;31,1;27,8;25,1;23,3;82;65;82;317;7,4;2,1;
2026/02/28;1800 UTC;0;989,5;990,9;989,5;870,8;28,5;25,9;28,5;27,6;26,1;23,8;88;77;86;37;7,3;0;
2026/02/28;1900 UTC;0;988,4;989,5;988,4;846,2;28,5;25,2;29,3;28,5;26,2;25;86;78;82;123;2,1;,8;
2026/02/28;2000 UTC;0;987,8;988,4;987,8;928;29,1;25,5;29,5;28,3;26;25;85;79;81;54;2,1;,4;
2026/02/28;2100 UTC;1,2;989,2;989,5;987,8;91,5;23,2;21,9;29,1;23,1;25,3;20,6;92;70;92;31;7,4;1,1;
2026/02/28;2200 UTC;1,8;990,2;990,2;988,9;8,3;23,4;22,1;23,5;23,1;22,3;21,8;94;92;92;26;2,3;1,3;
2026/02/28;2300 UTC;2,2;990,1;990,3;990,1;0;23,5;22,9;23,6;23,3;22,9;22,1;97;92;97;45;4;,4;
2026/03/01;0000 UTC;1,4;990,2;990,2;989,9;0;23,4;22,7;23,5;23,4;23;22,4;97;94;96;50;2,3;,9;
2026/03/01;0100 UTC;1,2;989,9;990,2;989,7;0;23,5;22,8;23,6;23,4;22,9;22,4;97;94;96;40;2,4;1;
2026/03/01;0200 UTC;,4;991,8;991,8;989,9;0;23,3;22,6;23,6;23,2;22,8;22,1;97;94;96;11;2,4;,5;
2026/03/01;0300 UTC;0;991,8;991,8;991,7;0;23,5;22,5;23,6;23,2;22,9;22,3;97;94;94;34;2,4;,8;
2026/03/01;0400 UTC;0;991,9;991,9;991,7;0;23,4;22,9;23,6;23,2;22,9;22,2;97;93;97;29;2,4;,6;
2026/03/01;0500 UTC;0;991,3;991,9;991,3;0;23;22,5;23,5;23;22,9;22,4;97;95;97;37;1,4;0;
2026/03/01;0600 UTC;0;990,9;991,4;990,9;0;23,2;22,6;23,2;23;22,7;22,5;97;97;97;40;1,4;,2;
2026/03/01;0700 UTC;0;990,6;991,2;990,6;0;23,2;22,7;23,3;23,1;22,8;22,6;97;97;97;35;1,4;,1;
2026/03/01;0800 UTC;0;989,6;990,6;989,6;0;23,4;22,9;23,6;23,1;23;22,6;97;97;97;31;1,8;,6;
2026/03/01;0900 UTC;0;990,3;990,3;989,6;0;23,2;22,7;23,4;23;22,9;22,5;97;96;97;353;1,5;,3;
2026/03/01;1000 UTC;0;990,4;990,6;990,3;0;23,3;22,8;23,3;23,2;22,8;22,6;97;97;97;17;1,4;,3;
2026/03/01;1100 UTC;0;991,5;991,5;990,4;12,5;23,3;22,8;23,4;23,2;22,8;22,7;97;97;97;31;1,1;0;
2026/03/01;1200 UTC;0;992,7;992,7;991,5;185,6;24,1;23,6;24,1;23,4;23,6;22,8;97;97;97;34;,7;0;
2026/03/01;1300 UTC;0;993,4;993,4;992,7;381,5;24,8;23,3;24,8;24,1;23,7;22,9;97;90;91;33;1;0;
2026/03/01;1400 UTC;0;993,5;993,6;993,4;458,1;25,3;23,4;25,3;24,8;23,5;22,8;91;89;89;12;1,8;,4;
2026/03/01;1500 UTC;0;993,7;993,8;993,5;825,6;26,4;23,9;26,4;25,3;23,9;22,8;89;82;86;34;2,2;,6;
2026/03/01;1600 UTC;0;993,5;993,7;993,5;1598,9;27,3;23;27,6;26,3;24;22,5;86;78;78;30;2,9;,9;
2026/03/01;1700 UTC;0;992,6;993,5;992,6;1391,8;28,1;24,1;28,4;27,2;24,3;23,2;82;76;79;33;2,9;1,2;
2026/03/01;1800 UTC;0;991,2;992,6;991,2;2540,4;28,9;23,9;29,4;27,8;24,7;23,3;80;70;74;26;4,1;1,4;
2026/03/01;1900 UTC;0;989;991,2;989;2963,2;30,2;24,2;30,5;28,8;24,6;23,4;76;66;70;30;4,9;1,4;
2026/03/01;2000 UTC;0;987,5;989;987,5;2645,2;30,8;23,2;31,5;30,1;24,7;22,5;70;63;64;31;4,5;,9;
2026/03/01;2100 UTC;0;987,6;987,6;987,3;1474,7;30,9;22,8;31,6;30,2;24,3;21,8;69;58;62;16;3,5;,9;
2026/03/01;2200 UTC;0;988;988;987,5;714,9;29,4;25,1;31,6;29,3;25,1;21,8;78;57;78;356;2,8;,6;
2026/03/01;2300 UTC;0;989;989;988;115,6;26,1;23,1;29,5;26,1;25,4;22,6;84;73;84;37;2,8;0;
2026/03/02;0000 UTC;0;991;991;989;0;23,8;21,4;26,5;23,8;23;21,4;87;78;87;96;6,5;1;
2026/03/02;0100 UTC;0;990,5;991,1;990,5;0;23,2;21,5;23,8;23,1;21,5;21,3;90;87;90;38;4,2;0;
2026/03/02;0200 UTC;0;990,8;990,8;990,3;0;23,6;22;23,6;23,2;22;21,5;91;90;91;47;2,2;,5;
2026/03/02;0300 UTC;0;991,7;991,7;990,8;0;23,7;22,3;23,8;23,6;22,4;21,8;92;90;92;280;2,4;,7;
2026/03/02;0400 UTC;0;992,5;992,5;991,7;0;23,2;21,7;23,9;23,2;22,3;21,6;91;90;91;199;4,2;1,6;
2026/03/02;0500 UTC;0;991,8;992,6;991,8;0;22,8;21,4;23,2;22,8;21,7;21,4;92;91;92;42;4;0;
2026/03/02;0600 UTC;0;991;991,8;991;0;22,7;21,5;22,9;22,7;21,5;21,3;93;92;93;31;,5;0;
2026/03/02;0700 UTC;0;990,2;991;990,2;0;22,9;21,4;22,9;22,7;21,6;21,4;93;91;92;11;1,4;,1;
2026/03/02;0800 UTC;0;989,9;990,2;989,9;0;22,7;21,4;22,9;22,7;21,7;21,4;93;91;93;37;1,1;0;
2026/03/02;0900 UTC;0;990,7;990,7;989,9;0;22,7;21,6;22,8;22,6;21,7;21,3;93;93;93;354;2,4;1,1;
2026/03/02;1000 UTC;0;990,8;990,8;990,6;0;22,7;21,8;22,9;22,6;21,8;21,5;94;93;94;22;2,4;0;
2026/03/02;1100 UTC;0;991,7;991,7;990,8;9,6;22,9;21,8;22,9;22,6;22,2;21,6;96;94;94;6;1,6;,7;
2026/03/02;1200 UTC;0;992,6;992,6;991,7;127,5;23,6;22,3;23,6;22,9;22,3;21,8;94;92;93;359;1,6;,3;
2026/03/02;1300 UTC;0;993;993;992,6;477,8;24,8;22,2;24,8;23,6;22,6;22,1;93;85;86;12;1,8;,2;
2026/03/02;1400 UTC;0;993,5;993,5;993;1037,8;26;22;26,3;24,8;22,8;21,8;86;77;79;358;2;,8;
2026/03/02;1500 UTC;0;993,1;993,5;993,1;1617,2;27;22,1;27,9;26;23,2;21,4;81;71;74;19;2,8;,8;
2026/03/02;1600 UTC;0;992;993,1;992;2302,4;28,9;23,1;29,3;27;23,6;21,8;76;69;71;22;3,3;,9;
2026/03/02;1700 UTC;0;990,7;992;990,7;3004,8;29,5;22,7;30;28,6;23,7;22;71;65;67;28;3,8;1,3;
2026/03/02;1800 UTC;0;989,1;990,7;989,1;2754,1;30,7;23,1;30,9;29,2;23,9;22,3;70;61;64;21;4,5;1,1;
2026/03/02;1900 UTC;0;987,6;989,1;987,6;2676,8;32,3;22,8;32,4;30,7;24,7;21,7;66;55;57;357;3;1;
2026/03/02;2000 UTC;0;986,6;987,6;986,6;2481,9;32,5;22,1;33,1;30,9;23,3;21,5;63;52;54;329;3,3;1,2;
2026/03/02;2100 UTC;0;985,7;986,6;985,7;1857,4;32,7;21,7;33,2;32;22,8;21,1;57;51;52;354;2,8;,9;
2026/03/02;2200 UTC;0;985,9;985,9;985,7;909,5;30,8;23,2;33;30,8;23,5;21,5;64;52;64;20;3,9;1,3;
2026/03/02;2300 UTC;0;986,7;986,7;985,9;46,6;28,6;24;30,8;28,6;24,4;23;76;64;76;357;2,9;1,2;
2026/03/03;0000 UTC;0;987,5;987,5;986,7;0;28,1;24;28,6;28,1;24,6;23,8;80;75;79;353;2,6;,9;
2026/03/03;0100 UTC;0;988,4;988,4;987,5;0;26,5;24,4;28,1;26,3;24,4;24;89;79;88;30;1,9;,1;
2026/03/03;0200 UTC;0;989,5;989,5;988,4;0;25,9;24,2;26,6;25,9;24,6;24,2;91;88;91;21;1,3;,1;
2026/03/03;0300 UTC;0;990;990;989,5;0;26;24,3;26;25,4;24,4;24,1;93;90;90;8;1,5;,4;
2026/03/03;0400 UTC;0;989,7;990;989,6;0;25,5;23,9;26,1;25,4;24,2;23,8;92;89;91;22;1,3;0;
2026/03/03;0500 UTC;0;989,1;989,7;989;0;25,3;23,5;25,7;25,3;24;23,5;91;89;90;32;1,3;,3;
2026/03/03;0600 UTC;0;988,7;989,1;988,7;0;25;23,7;25,3;24,6;23,7;23,3;93;90;92;20;1,2;,3;
2026/03/03;0700 UTC;0;988,4;988,9;988,4;0;25,1;23,5;25,2;25;23,6;23,4;92;90;91;17;2;,4;
2026/03/03;0800 UTC;0;988,2;988,4;988,2;0;24,6;23,4;25,1;24,5;23,5;23,2;93;91;93;20;1,4;0;
2026/03/03;0900 UTC;0;988,2;988,2;988,1;0;24,5;23,3;24,7;24,5;23,5;23,3;93;93;93;13;1,8;,5;
2026/03/03;1000 UTC;0;989,2;989,2;988,2;0;24,7;23,5;24,7;24,5;23,5;23,3;93;93;93;15;1,8;,2;
2026/03/03;1100 UTC;0;989,7;989,7;989,2;22,9;24,9;23,5;24,9;24,7;23,6;23,4;93;92;92;15;1,4;,4;
2026/03/03;1200 UTC;0;990,6;990,6;989,7;212,6;25,8;23,6;25,9;24,9;23,8;23,5;92;88;88;27;2,1;,6;
2026/03/03;1300 UTC;0;991,4;991,4;990,6;389,3;27,6;23,6;27,6;25,8;24;23,2;88;77;79;349;5,1;1,5;
2026/03/03;1400 UTC;0;991,8;991,9;991,3;1760,3;29,8;24,7;29,8;27,6;24,7;23,1;79;70;74;14;4,2;1,4;
2026/03/03;1500 UTC;0;991,6;991,8;991,6;2110,5;30,3;24,3;30,4;29,2;24,9;23,4;74;68;70;14;3,7;1,5;
2026/03/03;1600 UTC;0;990,7;991,6;990,7;2552,8;30,3;23,9;31,5;29,7;24,6;22,8;72;61;69;354;5,3;1,4;
2026/03/03;1700 UTC;3,4;989,9;990,7;989,9;767,4;26,4;24,3;30,7;26,4;25;23;91;65;89;99;5,5;,6;
2026/03/03;1800 UTC;0;988,6;989,9;988,6;400,9;26,3;24,3;26,5;26;24,9;23,9;92;88;89;32;2,6;0;
2026/03/03;1900 UTC;0;987,4;988,6;987,4;1791,1;29,9;25,1;29,9;26,3;25,5;24,2;91;73;75;47;1,5;,4;
2026/03/03;2000 UTC;0;985,8;987,4;985,8;2881,5;31,9;24,2;32,3;29,9;26;24;75;64;64;68;2,9;,6;
2026/03/03;2100 UTC;0;984,9;985,8;984,8;1783,7;31,8;23,5;33,1;31,5;25,5;23,1;67;57;62;33;3,3;1;
2026/03/03;2200 UTC;0;985,6;985,6;984,9;794,3;29,9;25,4;32,2;29,9;25,7;23,3;78;60;77;34;3,3;,3;
2026/03/03;2300 UTC;0;986,6;986,6;985,6;103,4;27,5;25,2;29,9;27,5;25,8;24,9;87;76;87;37;2;0;
2026/03/04;0000 UTC;0;987,5;987,5;986,6;0;26,7;24,6;27,5;26,7;25,3;24,6;89;87;88;47;2,5;,2;
2026/03/04;0100 UTC;0;988,3;988,3;987,5;0;25,9;24,4;26,7;25,9;24,7;24,4;92;88;91;34;1,3;,1;
2026/03/04;0200 UTC;0;989,7;989,7;988,3;0;25,4;24;25,9;25,4;24,4;23,9;92;90;92;37;2,1;0;
2026/03/04;0300 UTC;0;990,5;990,6;989,7;0;25,5;23,9;25,7;25,3;24,2;23,9;92;91;91;37;1,5;,1;
2026/03/04;0400 UTC;0;990,1;990,7;990,1;0;25,2;24;25,5;25;24;23,9;93;91;93;39;1,5;,2;
2026/03/04;0500 UTC;0;989,4;990,1;989,4;0;25,5;23,6;25,6;24,9;24,2;23,5;93;89;90;37;2,8;,9;
2026/03/04;0600 UTC;0;989,5;989,6;989,4;0;24,6;23,4;25,5;24,6;23,6;23,3;93;88;93;22;2,8;0;
2026/03/04;0700 UTC;0;988,9;989,5;988,9;0;24,5;23,8;24,6;24,4;23,8;23,3;96;93;96;14;1;,2;
2026/03/04;0800 UTC;0;988,8;988,9;988,6;0;24,5;23,9;24,6;24,2;23,9;23,2;97;93;96;21;1;0;
2026/03/04;0900 UTC;0;989,2;989,2;988,8;0;24,8;23,7;24,8;24,5;24;23,5;96;93;94;15;1,2;,2;
2026/03/04;1000 UTC;0;990;990,1;989,2;0;25,1;23,8;25,1;24,7;23,9;23,4;94;92;93;18;1,6;,5;
2026/03/04;1100 UTC;0;990,8;990,8;990;23,5;24,4;23,9;25,1;24,3;23,9;23,2;97;92;97;26;1,6;0;
2026/03/04;1200 UTC;0;992;992;990,8;311,6;25,9;23,9;25,9;24,4;24,7;23,9;97;89;89;40;1,9;,7;
2026/03/04;1300 UTC;0;992,7;992,7;992;585,9;26,8;23,8;26,9;25,9;24,3;23,5;89;83;84;43;2,5;1,1;
2026/03/04;1400 UTC;0;992,7;992,9;992,6;1239;28,2;23,9;28,4;26,8;24,7;23,6;86;77;77;31;2,8;1;
2026/03/04;1500 UTC;0;992,3;992,8;992,3;2371,6;30,4;23,7;30,5;27,9;24,5;23,2;80;67;67;347;3,7;1,6;
2026/03/04;1600 UTC;0;991,2;992,3;991,2;2342,3;30,7;23,7;31,2;30,1;24,1;22,9;69;62;66;352;4,4;1,3;
2026/03/04;1700 UTC;0;989,5;991,2;989,5;1628,3;31,7;24,1;31,7;30,4;24,8;23,3;72;63;64;339;4,1;1,3;
2026/03/04;1800 UTC;0;989,2;989,5;988,9;1789,4;27,6;22,2;32,5;27,6;25;22,2;73;58;73;57;7,1;1,3;
2026/03/04;1900 UTC;1,8;988,3;989,2;988,3;151,9;24,6;22,9;27,5;24,5;23,2;22,4;91;73;90;74;7,1;,6;
2026/03/04;2000 UTC;0;988,2;988,3;987,7;107,9;24,9;23,5;24,9;24,3;23,5;22,8;93;90;92;349;2,5;,4;
2026/03/04;2100 UTC;0;987,7;988,3;987,7;145;24,6;22,9;25;24,6;23,7;22,9;93;90;90;44;2,1;,3;
2026/03/04;2200 UTC;0;987,7;988;987,5;141,4;24,2;22,9;24,7;24,2;23,2;22,9;92;90;92;48;2,2;,2;
2026/03/04;2300 UTC;0;989,1;989,1;987,7;38,8;24,6;23,2;24,7;24,2;23,2;22,9;93;90;92;15;2;,7;
2026/03/05;0000 UTC;0;990,4;990,4;989,1;0;24,3;23,2;24,6;24,2;23,3;23;94;91;94;8;1,8;,1;
2026/03/05;0100 UTC;0;991,6;991,6;990,4;0;24,4;23,3;24,7;24,3;23,6;23,2;95;93;94;33;2,5;,1;
2026/03/05;0200 UTC;0;992,2;992,2;991,5;0;24,8;23,4;24,9;24,3;24,1;23,2;96;92;92;18;1,7;,2;
2026/03/05;0300 UTC;0;992,5;992,7;992,2;0;24,7;23,6;24,8;24,4;24;23,2;96;92;93;17;,9;,1;
2026/03/05;0400 UTC;0;992,5;992,7;992,4;0;24,2;23,6;24,8;24,1;23,7;23,2;97;93;97;24;,9;0;
2026/03/05;0500 UTC;0;991,5;992,5;991,5;0;24,2;23,6;24,3;24,1;23,8;23,5;97;97;97;22;1,1;0;
2026/03/05;0600 UTC;0;991;991,5;991;0;23,7;23,1;24,3;23,7;23,7;23,1;97;97;97;33;1,1;0;
2026/03/05;0700 UTC;0;990,4;991,1;990,4;0;23,8;23,3;24,1;23,6;23,5;23;97;97;97;358;2,1;1,1;
2026/03/05;0800 UTC;0;990,5;990,5;990,4;0;23,5;23;23,8;23,5;23,3;23;97;97;97;11;2,1;0;
2026/03/05;0900 UTC;0;990,6;990,8;990,4;0;23,5;23;23,6;23,5;23;22,9;97;97;97;357;1,5;0;
2026/03/05;1000 UTC;0;991,2;991,2;990,6;0;23,5;22,9;23,6;23,4;23;22,8;97;96;97;4;1,6;,4;
2026/03/05;1100 UTC;0;992,1;992,1;991,2;9,7;23,4;22,9;23,5;23,3;23;22,8;97;96;97;37;1,6;0;
2026/03/05;1200 UTC;,4;992,8;992,8;992,1;137,7;24;22,8;24;23,4;23,2;22,7;97;93;93;21;1,8;0;
2026/03/05;1300 UTC;8,4;993,9;993,9;992,8;230,1;23,6;22,5;24,1;23,6;23,2;22,5;95;92;94;311;1,7;,5;
2026/03/05;1400 UTC;22,4;994,4;994,4;993,9;204,9;23,1;22,5;23,6;22,9;22,9;22,3;97;94;97;343;4,7;1,7;
2026/03/05;1500 UTC;6,6;994,5;994,6;994,4;408,4;23,7;23,1;23,7;23,1;23,1;22,5;97;97;97;351;3,9;1,3;
2026/03/05;1600 UTC;0;994;994,5;994;1434,5;25;22,7;25;23,7;23,5;22,2;97;86;87;348;4,7;1,9;
2026/03/05;1700 UTC;0;993,2;994;993,2;1223,2;26;22,5;26;25;23,2;22,2;88;80;81;342;4,1;,8;
2026/03/05;1800 UTC;0;991,2;993,2;991,2;1926,4;28,1;22,6;28,1;26;23,2;22,4;82;72;72;1;3,3;,9;
2026/03/05;1900 UTC;0;990,2;991,2;990,2;1913;27,7;22,7;28,4;27,6;23,5;22,3;77;71;74;11;4,2;1;
2026/03/05;2000 UTC;,2;989,4;990,2;989,4;1383,2;28,3;23,8;28,7;27,7;23,8;22,7;77;71;76;41;3;1,1;
2026/03/05;2100 UTC;0;989,2;989,4;989,1;665,6;27,3;22,4;28,3;27,3;23,8;22,3;78;73;74;34;4,9;1,4;
2026/03/05;2200 UTC;0;989,4;989,7;989,2;239,2;26,7;23;27,4;26,6;23,3;22,3;81;74;80;19;3,9;,6;
2026/03/05;2300 UTC;0;990,3;990,4;989,4;37;24,9;22,5;26,7;24,9;23,3;22,4;87;80;87;336;3,1;,4;
2026/03/06;0000 UTC;0;990,9;990,9;990,3;0;24;22,1;24,9;24;22,5;22,1;89;86;89;14;2,8;,4;
2026/03/06;0100 UTC;0;991,4;991,4;990,9;0;23,9;22,3;24;23,9;22,4;22;91;89;90;13;1,6;,1;
2026/03/06;0200 UTC;0;992,1;992,1;991,4;0;23,6;22,5;24;23,4;22,5;22,2;94;90;94;92;1,5;,6;
2026/03/06;0300 UTC;0;992,2;992,4;992,1;0;23,6;22,4;23,8;23,6;22,6;22,3;94;93;93;12;1,4;,4;
2026/03/06;0400 UTC;0;992;992,2;992;0;23,5;22,4;23,6;23,4;22,4;22,3;93;93;93;13;1,4;,3;
2026/03/06;0500 UTC;0;991,9;992,1;991,9;0;23,4;22,3;23,5;23,3;22,7;22,2;96;93;94;18;1,2;,1;
2026/03/06;0600 UTC;0;991,3;991,9;991,3;0;23,3;22,2;23,4;23,3;22,4;22,2;94;93;94;25;1,2;0;
2026/03/06;0700 UTC;0;991;991,3;991;0;23,1;22,3;23,3;23,1;22,3;22,2;95;94;95;28;,8;0;
2026/03/06;0800 UTC;0;990,9;991;990,9;0;23,3;22,7;23,3;23,1;22,7;22,3;97;95;97;18;,6;0;
2026/03/06;0900 UTC;0;991;991;990,8;0;23,1;22,6;23,3;23,1;22,7;22,6;97;97;97;31;,5;0;
2026/03/06;1000 UTC;0;991,5;991,5;991;0;23,3;22,7;23,3;23,1;22,7;22,5;97;97;97;28;0;0;
2026/03/06;1100 UTC;0;992,2;992,2;991,5;10,5;23,5;23;23,5;23,3;23;22,7;97;97;97;32;,7;0;
2026/03/06;1200 UTC;0;993,3;993,3;992,2;95,2;24,1;22,8;24,2;23,5;23,3;22,8;97;92;92;21;1,5;,6;
2026/03/06;1300 UTC;0;994;994;993,3;353,8;24,8;22,7;24,8;24,1;23;22,5;93;88;89;36;2,2;,4;
2026/03/06;1400 UTC;3,2;994,2;994,2;994;380,9;24,4;23;25;24,3;23;22,2;92;86;92;351;1,5;,4;
2026/03/06;1500 UTC;3,8;994,4;994,4;994,2;397,4;23,9;22,7;24,4;23,7;23;22,2;93;91;93;10;4,2;1,4;
2026/03/06;1600 UTC;6,6;993,8;994,5;993,8;411,3;23,5;22,3;23,9;23,4;22,8;22,1;94;92;93;341;4,2;2,1;
2026/03/06;1700 UTC;1,2;992,5;993,8;992,5;917,9;24,5;22,6;24,6;23,4;22,9;22,2;93;89;89;14;4,2;,9;
2026/03/06;1800 UTC;1;990,6;992,5;990,6;2118;27,8;23,9;27,8;24,5;24,8;22,6;91;79;79;347;3,1;1,2;
2026/03/06;1900 UTC;0;989,4;990,6;989,4;3329,8;29,3;22,6;29,9;27,8;24,6;22;81;63;67;354;4;1,4;
2026/03/06;2000 UTC;0;988,6;989,4;988,6;2648,2;30,3;22,8;30,6;29;23,5;21,8;68;61;64;324;3,8;,7;
2026/03/06;2100 UTC;0;987,9;988,6;987,9;1870,9;30,8;22,4;31,5;29,9;23,8;20,9;69;55;61;341;3,1;,9;
2026/03/06;2200 UTC;0;988,3;988,3;987,9;718,6;27,4;22,4;30,9;27,4;23,5;21,3;75;58;74;334;4,9;1,9;
2026/03/06;2300 UTC;,4;988,6;988,6;988,3;148,5;25,4;23,8;27,5;25,4;23,9;22,2;91;73;91;26;5,7;0;
2026/03/07;0000 UTC;0;989,9;989,9;988,6;0;24,9;23,9;25,4;24,9;24;23,8;94;91;94;30;1,1;0;
2026/03/07;0100 UTC;0;991,1;991,1;989,9;0;24,7;23,5;25;24,7;24,2;23,5;96;93;93;34;1,7;0;
2026/03/07;0200 UTC;0;991,8;991,8;991,1;0;24,4;23,4;24,7;24,4;23,8;23,4;96;93;94;31;1,3;0;
2026/03/07;0300 UTC;0;992,7;992,7;991,8;0;24,4;23,3;24,4;24,3;23,8;23,3;97;93;93;342;1,7;,5;
2026/03/07;0400 UTC;0;992,1;992,7;992,1;0;24;23;24,5;24;23,3;22,9;94;93;94;28;1,7;0;
2026/03/07;0500 UTC;0;991,7;992,1;991,6;0;24;23,5;24;23,9;23,5;23;97;94;97;26;,7;0;
2026/03/07;0600 UTC;0;991,6;991,7;991,6;0;24;23,4;24,2;24;23,6;23,4;97;97;97;33;0;0;
2026/03/07;0700 UTC;0;991,5;991,7;991,5;0;24,1;23,6;24,2;24;23,6;23,4;97;97;97;18;,8;0;
2026/03/07;0800 UTC;0;990,9;991,5;990,9;0;24,1;23,5;24,2;24;23,7;23,5;97;97;97;22;,6;0;
2026/03/07;0900 UTC;0;990,7;990,9;990,6;0;24;23,4;24,1;23,9;23,6;23,3;97;97;97;24;,5;0;
2026/03/07;1000 UTC;0;991,1;991,1;990,7;0;23,9;23,3;24;23,8;23,5;23,3;97;97;97;25;0;0;
2026/03/07;1100 UTC;0;991,8;991,8;991,1;27,7;24;23,4;24;23,8;23,4;23,3;97;97;97;28;1,2;0;
2026/03/07;1200 UTC;0;992,5;992,5;991,8;255,8;24,7;23,2;24,7;24;23,8;23,1;97;92;92;64;1,6;,2;
2026/03/07;1300 UTC;0;993,3;993,3;992,5;599,8;25,7;23,4;25,7;24,6;23,5;22,9;92;86;87;107;1,7;,4;
2026/03/07;1400 UTC;0;993,8;993,8;993,3;825,1;26,6;23,3;26,8;25,6;23,6;22,7;87;79;82;13;2,1;,1;
2026/03/07;1500 UTC;0;993,6;993,8;993,6;1336,7;28,1;23,4;28,1;26,3;23,7;22,7;84;74;76;331;2,4;1;
2026/03/07;1600 UTC;0;992,9;993,6;992,9;2507,3;29,7;22,9;29,8;28,1;23,9;22,3;76;66;67;347;3,1;,8;
2026/03/07;1700 UTC;0;991,9;992,9;991,9;2706,4;30,5;23,1;30,6;29,3;23,8;21,9;70;62;65;3;3,3;,7;
2026/03/07;1800 UTC;0;990,5;991,9;990,5;1548,3;30,1;22,7;30,6;29,7;23,5;22;68;62;64;354;2,6;,7;
2026/03/07;1900 UTC;0;989;990,5;989;3090,1;31,6;22;32,2;30,2;24,2;21,4;67;54;57;2;3,5;,5;
2026/03/07;2000 UTC;0;987,6;989;987,6;2452,3;32,1;22,6;32,3;30,8;23,8;20,8;65;53;58;297;4,4;1,2;
2026/03/07;2100 UTC;0;987,2;987,6;987,2;1429,3;29,4;23;32,2;29,2;23,6;21,7;69;55;69;220;5;1,2;
2026/03/07;2200 UTC;1;987,8;987,9;987,1;199;25,8;24,4;29,4;25,4;24,4;21,7;92;66;92;39;5,4;0;
2026/03/07;2300 UTC;0;988,4;988,4;987,8;67;26;24,2;26,1;25,8;24,9;24,2;93;90;90;356;2,5;1;
2026/03/08;0000 UTC;0;989;989;988,1;0;25,2;24;26;25,1;24,2;23,8;93;89;93;25;3;0;
2026/03/08;0100 UTC;0;989,5;989,5;989;0;25;24;25,2;24,8;24,3;23,7;95;93;95;17;1,1;,1;
2026/03/08;0200 UTC;0;990,3;990,3;989,4;0;24,9;23,5;25,1;24,8;24;23,5;95;92;92;14;2,5;,5;
2026/03/08;0300 UTC;0;991;991;990,3;0;24,2;23,3;24,9;24,2;23,5;23,1;95;92;95;29;1,5;0;
2026/03/08;0400 UTC;0;991,2;991,3;991;0;23,9;23,3;24,2;23,9;23,6;23,3;97;95;97;43;1;,1;
2026/03/08;0500 UTC;0;991;991,3;991;0;23,9;23,3;23,9;23,8;23,4;23,2;97;97;97;32;1;0;
2026/03/08;0600 UTC;0;990,5;991;990,5;0;23,8;23,3;24;23,8;23,4;23,3;97;97;97;33;,4;0;
2026/03/08;0700 UTC;0;990,1;990,5;990,1;0;24,1;23,6;24,1;23,8;23,6;23,3;97;97;97;14;,6;,1;
2026/03/08;0800 UTC;,2;989,9;990,2;989,9;0;24;23,4;24,1;24;23,6;23,4;97;97;97;31;,6;0;
2026/03/08;0900 UTC;0;990,2;990,2;989,8;0;23,9;23,4;24;23,9;23,4;23,3;97;97;97;29;0;0;
2026/03/08;1000 UTC;0;990,5;990,5;990,2;0;24,1;23,5;24,1;23,9;23,6;23,4;97;97;97;26;0;0;
2026/03/08;1100 UTC;0;991,3;991,3;990,4;12,3;24,1;23,5;24,1;24;23,6;23,5;97;97;97;31;1,1;,2;
2026/03/08;1200 UTC;0;992,2;992,2;991,3;164,9;25,2;23,5;25,2;24,1;23,8;23,2;97;91;91;24;1,2;,1;
2026/03/08;1300 UTC;0;993;993;992,2;637,7;27,5;23,6;27,5;25,2;24,2;23,3;91;79;79;30;2,3;1;
2026/03/08;1400 UTC;0;993,4;993,4;993;1522,1;28;22,4;28,5;27,3;24;22,2;80;70;72;2;3,1;1,6;
2026/03/08;1500 UTC;0;993,2;993,5;993,2;1890;29,5;22,3;29,9;28;24,4;22,3;74;66;66;28;3,1;1,3;
2026/03/08;1600 UTC;0;992,4;993,2;992,4;2821,3;30,5;23,7;30,5;29,2;24,8;22,7;72;63;67;357;4,5;1,6;
2026/03/08;1700 UTC;0;991;992,4;991;2529,6;28,6;22,4;30,8;28,6;24,3;22,3;69;64;69;30;9,9;3;
2026/03/08;1800 UTC;0;989,6;991;989,6;1692,6;28,3;22,7;28,5;27,1;23,2;22,2;78;69;72;26;9,9;2,4;
2026/03/08;1900 UTC;0;988,7;989,6;988,7;1558,2;28,8;23,7;28,8;28,2;23,9;22,3;77;70;74;45;7,8;1,9;
2026/03/08;2000 UTC;7;988,8;988,9;988,3;813,3;24,1;22,9;29;24;23,8;21,9;93;71;93;31;8,1;1,9;
2026/03/08;2100 UTC;4,2;988,6;988,8;988,5;151,1;25,1;24,4;25,1;24,1;24,4;23;96;93;96;274;4,2;,8;
2026/03/08;2200 UTC;,4;988;988,5;988;113,2;23,8;22,3;25,2;23,8;24,5;22,3;96;90;92;347;3,6;1,2;
2026/03/08;2300 UTC;0;988,4;988,4;987,9;43,4;23,5;22,4;23,8;23,5;22,5;22,3;93;92;93;353;3,9;,5;
2026/03/09;0000 UTC;0;989,3;989,3;988,4;0;23,2;22,7;23,5;23,2;22,8;22,3;97;93;97;20;1,8;0;
2026/03/09;0100 UTC;0;990,1;990,1;989,3;0;23,3;22,5;23,7;23,2;23,2;22,4;97;95;95;25;1,5;,1;
2026/03/09;0200 UTC;,4;991,6;991,6;990,1;0;23,3;22,8;23,3;23;22,8;22,5;97;95;97;11;1,1;,1;
2026/03/09;0300 UTC;0;992,2;992,4;991,6;0;23,3;22,7;23,4;23,2;22,9;22,7;97;97;97;7;1,2;,4;
2026/03/09;0400 UTC;0;991,6;992,2;991,6;0;22,9;22,4;23,3;22,8;22,7;22,2;97;97;97;17;1,2;0;
2026/03/09;0500 UTC;0;990,7;991,6;990,7;0;23,1;22,5;23,1;22,9;22,6;22,4;97;97;97;23;1;,2;
2026/03/09;0600 UTC;0;990,6;990,7;990,5;0;23;22,4;23,1;22,9;22,5;22,4;97;97;97;10;1,7;,3;
2026/03/09;0700 UTC;0;990,5;990,6;990,5;0;22,7;22,2;23;22,6;22,4;22,1;97;97;97;25;1,7;0;
2026/03/09;0800 UTC;0;990,5;990,5;990,3;0;22,9;22,3;23;22,8;22,5;22,3;97;97;97;23;,9;0;
2026/03/09;0900 UTC;0;991;991;990,5;0;22,7;22,2;22,9;22,7;22,4;22,2;97;97;97;28;,9;0;
2026/03/09;1000 UTC;0;991,8;991,8;991;0;22,5;22;22,7;22,5;22,2;22;97;97;97;36;1,1;0;
2026/03/09;1100 UTC;0;992,8;992,8;991,8;14,5;22,6;22,1;22,6;22,4;22,1;21,9;97;97;97;28;0;0;
2026/03/09;1200 UTC;0;993,7;993,7;992,8;170,6;23,4;22,9;23,4;22,6;22,9;22,1;97;97;97;34;0;0;
2026/03/09;1300 UTC;0;994,6;994,6;993,7;429,1;24,4;22,7;24,5;23,4;23,4;22,7;97;90;90;43;2;1;
2026/03/09;1400 UTC;0;995;995;994,6;867;25,8;22,9;25,9;24,4;23,5;22,4;91;84;84;40;2,2;1,1;
2026/03/09;1500 UTC;0;994,7;995;994,7;2685,7;28,7;23,6;28,7;25,8;24,2;22,9;86;74;74;8;4,4;2,2;
2026/03/09;1600 UTC;0;994,2;994,7;994,1;2878,3;29,5;23,4;29,6;28,6;24,4;22,8;76;68;70;15;4,3;1,9;
2026/03/09;1700 UTC;0;993,5;994,2;993,5;3164;30,6;23,7;30,9;29,2;24;22,5;71;61;67;8;4,8;1,8;
2026/03/09;1800 UTC;0;991,9;993,5;991,9;3185,6;30,7;22,5;31,3;30;23,8;22,2;67;61;62;36;4,8;1,8;
2026/03/09;1900 UTC;0;990,2;991,9;990,2;3018,8;30,9;22,6;31,9;30,7;23,8;22,1;64;58;61;26;5,7;2,1;
2026/03/09;2000 UTC;0;989,1;990,2;989,1;2099,9;31,1;22,2;31,8;30,4;24;21,9;66;58;59;22;5;1,9;
2026/03/09;2100 UTC;0;988,2;989,1;988,2;1488,2;32,2;22;32,2;30,6;23,1;21,6;62;55;55;358;4,6;1;
2026/03/09;2200 UTC;0;988,6;988,6;988,2;799,6;30,9;23,3;32,6;30,9;24;21,4;67;54;64;355;2,9;,4;
2026/03/09;2300 UTC;27,4;990;990,1;988,6;97,6;23,6;22,9;30,9;23,5;24,1;22,2;96;63;96;100;10,7;,5;
2026/03/10;0000 UTC;0;990,9;990,9;989,9;0;23,8;23,3;23,8;23,3;23,3;22,4;97;95;97;26;1,9;0;
2026/03/10;0100 UTC;0;991,9;991,9;990,9;0;24,3;23,6;24,3;23,8;23,8;23,3;97;96;96;2;1,7;,2;
2026/03/10;0200 UTC;0;992,6;992,6;991,9;0;23,9;23,4;24,3;23,9;23,7;23,4;97;95;97;28;1;0;
2026/03/10;0300 UTC;0;992,8;992,9;992,6;0;24,1;23,5;24,1;23,8;23,5;23,3;97;97;97;25;,5;0;
2026/03/10;0400 UTC;0;992,9;992,9;992,7;0;23,9;23,4;24,2;23,9;23,6;23,4;97;97;97;29;,8;0;
2026/03/10;0500 UTC;0;992,5;992,9;992,5;0;23,7;23,1;23,9;23,6;23,4;23,1;97;97;97;26;0;0;
2026/03/10;0600 UTC;0;991,5;992,5;991,5;0;23,7;23,1;23,8;23,7;23,3;23,1;97;97;97;19;0;0;
2026/03/10;0700 UTC;0;991;991,5;991;0;23,5;23;23,8;23,5;23,2;23;97;97;97;31;0;0;
2026/03/10;0800 UTC;0;991,5;991,5;991;0;23,5;22,9;23,5;23,3;23;22,8;97;97;97;30;,8;,1;
2026/03/10;0900 UTC;0;991,9;991,9;991,5;0;23,8;23,2;23,8;23,5;23,3;22,9;97;97;97;17;,8;0;
2026/03/10;1000 UTC;0;992,8;992,8;991,9;0;23,9;23,3;23,9;23,8;23,4;23,2;97;97;97;26;,6;0;
2026/03/10;1100 UTC;0;993,7;993,7;992,8;23;24,2;23,6;24,2;23,8;23,6;23,2;97;97;97;37;1,3;0;
2026/03/10;1200 UTC;0;994,5;994,5;993,7;292,5;25,1;23,4;25,2;24,2;24,2;23,4;97;90;90;51;3,9;1,3;
2026/03/10;1300 UTC;0;995;995,1;994,5;692,5;26,3;23,1;26,3;25,1;23,6;22,9;91;82;83;33;4,1;1,6;
2026/03/10;1400 UTC;0;995;995,2;995;1838;27,6;24;27,6;26,3;24;22,9;84;77;81;1;4;1,6;
2026/03/10;1500 UTC;,2;994,4;995,1;994,4;2398,8;29,3;23,4;29,4;27,5;24,2;22,8;81;69;71;2;3,8;,9;
2026/03/10;1600 UTC;0;993,9;994,4;993,8;3181,8;30,5;23;31;29;24,4;22,9;73;64;64;347;4,9;1,7;
2026/03/10;1700 UTC;0;993,2;993,9;993,2;2769;31,5;24,1;31,9;30,2;25,1;22,6;70;59;65;47;4,9;,6;
2026/03/10;1800 UTC;0;991,6;993,2;991,6;1883,6;27,7;23,7;32,1;27,6;24,2;22,2;81;58;79;127;5,4;1;
2026/03/10;1900 UTC;0;990,3;991,6;990,1;2754,3;30,8;23,1;32,3;27,5;24,9;22,4;81;59;63;284;4,4;2;
2026/03/10;2000 UTC;0;991,3;991,5;990,2;359,5;25,7;23;30,8;25,7;24,3;22,8;85;63;85;181;7,1;2,2;
2026/03/10;2100 UTC;4,6;990,4;991,7;990,4;11,5;24,3;23,3;25,7;24;23,5;22,5;95;85;94;6;5,7;,4;
2026/03/10;2200 UTC;0;990,1;990,4;990;35,5;24,3;23,4;24,4;24,1;23,4;23;95;93;95;29;1,6;,3;
2026/03/10;2300 UTC;0;990,8;990,8;990,1;30,8;24,1;23;24,4;24,1;23,5;23;95;93;94;6;1,5;,2;
2026/03/11;0000 UTC;0;992;992;990,8;0;24;23,5;24,1;23,9;23,5;22,9;97;94;97;12;2;,3;
2026/03/11;0100 UTC;,4;993,1;993,1;992;0;23,7;23,1;24;23,6;23,4;23,1;97;97;97;39;1,2;,1;
2026/03/11;0200 UTC;0;993,9;993,9;993,1;0;24,1;23,5;24,1;23,6;23,6;23,1;97;97;97;42;1,9;,5;
2026/03/11;0300 UTC;0;994,3;994,3;993,9;0;24,2;23,7;24,3;24,1;23,7;23,5;97;97;97;21;1,9;,1;
2026/03/11;0400 UTC;0;994,2;994,3;994,1;0;24,1;23,5;24,2;24;23,7;23,5;97;97;97;37;1,5;,3;
2026/03/11;0500 UTC;4,4;993,6;994,2;993,6;0;24,2;23,7;24,3;24,1;23,8;23,5;97;97;97;37;2,2;,8;
2026/03/11;0600 UTC;,2;992,9;993,6;992,9;0;23,8;22,8;24,2;23,8;23,7;22,8;97;94;94;10;2,8;,9;
2026/03/11;0700 UTC;0;992,4;992,9;992,4;0;23,6;23;23,8;23,6;23,1;22,7;97;94;97;349;2,8;1,1;
2026/03/11;0800 UTC;1,2;992,6;992,6;992,3;0;23,5;22,9;23,6;23,4;23,1;22,9;97;97;97;5;2,9;,5;
2026/03/11;0900 UTC;4,6;992,9;992,9;992,5;0;23,6;23;23,6;23,4;23,1;22,9;97;97;97;337;2,3;,5;
2026/03/11;1000 UTC;1,8;993,3;993,3;992,9;0;23,6;23,1;23,6;23,6;23,1;23;97;97;97;6;1,6;,3;
2026/03/11;1100 UTC;2,8;994,1;994,1;993,3;9,4;23,4;22,9;23,6;23,4;23,1;22,8;97;97;97;355;2,5;,5;
2026/03/11;1200 UTC;0;994,9;994,9;994,1;193,9;23,7;22,8;23,7;23,4;23;22,8;97;95;95;336;2,8;,6;
2026/03/11;1300 UTC;0;995,4;995,4;994,9;455,2;24,4;22,5;24,4;23,7;23;22,3;95;89;90;338;2,6;,5;
2026/03/11;1400 UTC;0;995,7;995,7;995,4;803,2;25,8;22,7;25,8;24,3;23;22,1;90;83;83;32;2,4;,4;
2026/03/11;1500 UTC;0;995,6;995,8;995,6;1689,4;27,6;23;27,6;25,6;23,4;22,1;85;75;76;343;3;,9;
2026/03/11;1600 UTC;0;995,2;995,6;995,2;1890,4;28,1;23;28,5;27,2;23,5;22,3;78;70;74;335;3;,9;
2026/03/11;1700 UTC;0;993,8;995,2;993,8;2415,5;29,1;23,4;29,1;27,9;23,7;22,4;75;68;72;343;3,8;1,3;
2026/03/11;1800 UTC;0;991,9;993,8;991,9;2732,5;30,1;22,7;30,3;28,7;23,7;21,9;72;63;65;345;3,7;1,1;
2026/03/11;1900 UTC;0;990,7;991,9;990,7;1597,3;28,5;24,8;30,5;28,3;24,8;22,2;81;64;80;103;4,6;,8;
2026/03/11;2000 UTC;,2;990;990,7;990;1565;28,1;24,6;30,5;26,8;24,8;22,6;84;64;82;25;5,2;,8;
2026/03/11;2100 UTC;7,6;990,4;990,6;990;351,1;23,9;22,7;28,6;23,8;24,2;22,2;93;76;93;9;8,1;1,8;
2026/03/11;2200 UTC;,8;990,8;990,8;990,4;96,1;23,6;22,4;23,9;23,5;22,9;22,2;94;92;93;357;5,2;,6;
2026/03/11;2300 UTC;0;991,7;991,7;990,8;21,7;23,4;22,3;23,7;23,4;22,6;22,2;94;92;94;20;2,9;,1;
2026/03/12;0000 UTC;1,6;992,3;992,3;991,7;0;23,5;22,9;23,5;23,3;22,9;22,2;97;93;96;22;1,1;,4;
2026/03/12;0100 UTC;,2;992,4;992,4;992,2;0;23,2;22,7;23,5;23,2;23;22,6;97;95;97;24;1,1;0;
2026/03/12;0200 UTC;0;993,4;993,4;992,4;0;23,3;22,8;23,3;23,1;22,8;22,6;97;97;97;35;1;0;
2026/03/12;0300 UTC;0;994;994;993,4;0;23,6;23,1;23,7;23,2;23,1;22,7;97;97;97;29;1,2;,4;
2026/03/12;0400 UTC;0;994;994,1;994;0;23,3;22,8;23,8;23,3;23,2;22,8;97;97;97;28;1,2;0;
2026/03/12;0500 UTC;,2;993,5;994;993,5;0;23,4;22,9;23,5;23,3;22,9;22,8;97;97;97;20;0;0;
2026/03/12;0600 UTC;0;993,3;993,5;993,3;0;23,3;22,8;23,5;23,3;22,9;22,7;97;97;97;29;,6;0;
2026/03/12;0700 UTC;,2;993;993,3;993;0;23,6;23;23,6;23,3;23,1;22,8;97;97;97;29;1,1;,3;
2026/03/12;0800 UTC;,4;993,1;993,1;993;0;23,5;23;23,7;23,5;23,1;23;97;97;97;30;1,4;0;
2026/03/12;0900 UTC;0;993,1;993,1;993;0;23,5;23;23,5;23,5;23;22,9;97;97;97;31;1,1;,2;
2026/03/12;1000 UTC;0;993,4;993,4;993,1;0;23,3;22,8;23,5;23,3;23;22,8;97;97;97;31;,9;0;
2026/03/12;1100 UTC;,2;993,9;993,9;993,4;10,6;23,3;22,8;23,4;23,2;22,8;22,7;97;97;97;7;0;0;
2026/03/12;1200 UTC;0;994,4;994,4;993,9;217,9;23,9;23,3;23,9;23,3;23,3;22,8;97;96;97;20;,9;0;
2026/03/12;1300 UTC;0;995,2;995,2;994,4;452,2;24,7;23,1;24,9;23,9;23,5;22,8;97;91;91;28;1,5;0;
2026/03/12;1400 UTC;0;995,5;995,5;995,2;700,8;25,6;23,3;25,6;24,7;23,5;23,1;91;87;87;28;2,2;,6;
2026/03/12;1500 UTC;0;995,5;995,6;995,5;744;26;23,2;26,1;25,6;23,7;22,9;89;84;84;30;2,1;,6;
2026/03/12;1600 UTC;0;994,8;995,5;994,8;958,7;26,4;23,1;26,6;26;23,9;22,6;87;79;82;15;2,3;,4;
2026/03/12;1700 UTC;,2;993,3;994,8;993,3;1110;27;23,2;27,4;26,4;24,1;22,6;84;79;80;321;1,7;,8;
2026/03/12;1800 UTC;0;991,6;993,3;991,6;1346,7;28,1;23,3;28,2;26,9;24,3;22,7;82;73;75;283;2,5;1,1;
2026/03/12;1900 UTC;0;990,2;991,6;990,2;2492,1;29,7;22,6;29,9;27,9;24,3;22;78;64;66;318;3,8;,8;
2026/03/12;2000 UTC;0;989,1;990,2;989,1;2027,3;29,9;21,8;30,4;29,1;23,8;21,3;73;59;62;252;2,5;1,1;
2026/03/12;2100 UTC;0;988,6;989,1;988,6;1816,7;30,8;21,8;31;29,8;23,8;21,2;68;56;59;1;2,6;,5;
2026/03/12;2200 UTC;0;988,6;988,6;988,5;753,1;28,2;23,5;31,1;28,2;24,6;21,1;76;56;76;32;1,8;,2;
2026/03/12;2300 UTC;0;989,4;989,4;988,6;57,4;25,4;23,5;28,2;25,4;24,2;23,3;89;76;89;26;1,7;0;
2026/03/13;0000 UTC;0;990,1;990,1;989,4;0;24,7;23,3;25,4;24,7;23,7;23,3;93;89;92;25;0;0;
2026/03/13;0100 UTC;0;991;991;990,1;0;24,4;23,5;24,7;24,4;23,5;23,3;95;92;95;23;0;0;
2026/03/13;0200 UTC;0;992,1;992,1;991;0;24,2;23,6;24,4;24,2;23,7;23,5;97;95;97;23;0;0;
2026/03/13;0300 UTC;0;992,9;992,9;992,1;0;24,4;23,8;24,4;24,1;23,8;23,6;97;97;97;22;0;0;
2026/03/13;0400 UTC;0;993,2;993,4;992,9;0;25,2;23,3;25,2;24,4;24,2;23,2;97;89;89;14;3,2;,9;
2026/03/13;0500 UTC;0;992,8;993,2;992,8;0;24,9;22,9;25,3;24,9;23,4;22,8;89;88;88;351;3,9;1,6;
2026/03/13;0600 UTC;0;992,1;992,8;992;0;24,5;22,4;24,9;24,5;22,9;22,4;89;88;88;7;4,9;1;
2026/03/13;0700 UTC;0;992;992,1;991,9;0;24,1;22;24,5;24,1;22,4;21,9;89;87;88;9;2,4;,9;
2026/03/13;0800 UTC;0;991,3;992;991,3;0;23,7;21,7;24,2;23,7;22,1;21,6;89;87;88;15;2,6;,3;
2026/03/13;0900 UTC;0;991,8;991,8;991,2;0;23,4;22;23,7;23,4;22,1;21,6;92;88;92;7;1,6;,2;
2026/03/13;1000 UTC;0;992,5;992,5;991,8;0;23,3;22,2;23,5;23,1;22,3;21,9;94;92;93;45;1,1;,3;
2026/03/13;1100 UTC;0;992,8;992,8;992,5;19,8;23,4;22,4;23,5;23,2;22,4;22,1;94;93;94;29;2;0;
2026/03/13;1200 UTC;0;993,5;993,5;992,8;266,5;24,7;22,7;24,7;23,4;22,7;22,4;94;88;88;15;1,4;,1;
2026/03/13;1300 UTC;0;994,5;994,5;993,5;766,8;26,1;22,9;26,2;24,7;23,1;22,3;89;81;82;26;2,3;,7;
2026/03/13;1400 UTC;3,6;995,5;995,5;994,5;568;24,8;23,1;26,2;24,8;23,4;22,7;90;82;90;5;3,7;2;
2026/03/13;1500 UTC;16,8;995;995,6;995;477,5;25,1;24,2;25,1;24,5;24,3;23;96;90;95;8;3,7;,6;
2026/03/13;1600 UTC;,4;994,3;995;994,3;2350,2;27,7;24,1;27,7;25,1;25,1;23,9;96;81;81;335;5;2,6;
2026/03/13;1700 UTC;,6;993;994,3;993;1816,4;27;23,9;28,4;26,7;24,7;23,6;87;76;83;338;5,4;1,8;
2026/03/13;1800 UTC;0;991,4;993;991,4;1173,9;28,3;24,5;28,3;27;24,7;23,9;85;79;80;346;4;1,4;
2026/03/13;1900 UTC;0;990,5;991,4;990,5;1234,7;28,1;23,4;28,4;27,7;24,6;22,9;82;74;76;355;5,3;2;
2026/03/13;2000 UTC;0;989,9;990,5;989,9;1017,2;27,9;23,5;28,7;27,9;24;23,1;78;73;77;359;4,2;,6;
2026/03/13;2100 UTC;0;989,5;989,9;989,4;547,8;28,2;24;28,4;27,9;24,7;23,1;81;75;78;9;2,1;,2;
2026/03/13;2200 UTC;0;989,4;989,5;989,4;310,1;26,5;24,5;28,3;26,5;25;23,8;89;78;89;32;1,4;,4;
2026/03/13;2300 UTC;0;990,3;990,3;989,4;45,2;25,6;24,2;26,8;25,6;24,7;24,2;92;88;92;104;2;,5;
2026/03/14;0000 UTC;0;991,4;991,4;990,3;0;24,9;23,7;25,6;24,9;24,3;23,7;93;92;93;34;2;,1;
2026/03/14;0100 UTC;0;992,6;992,6;991,4;0;24,9;24,1;24,9;24,8;24,1;23,7;96;93;96;113;1,4;,4;
2026/03/14;0200 UTC;0;993,9;993,9;992,6;0;25;24,2;25,1;24,9;24,3;24;96;95;95;28;1,4;0;
2026/03/14;0300 UTC;0;994,1;994,1;993,9;0;24,8;24,2;25;24,8;24,3;24;97;95;96;31;1,4;0;
2026/03/14;0400 UTC;0;993,6;994,1;993,6;0;24,9;24,1;24,9;24,7;24,3;24,1;97;96;96;33;2;,5;
2026/03/14;0500 UTC;0;993;993,6;993;0;24,6;23,8;24,9;24,5;24,1;23,8;96;95;95;19;2;,6;
2026/03/14;0600 UTC;0;992,8;993;992,7;0;24,3;23,4;24,6;24,3;23,9;23,4;96;95;95;33;1,8;0;
2026/03/14;0700 UTC;0;991,8;992,9;991,8;0;24,2;23,6;24,3;24,2;23,7;23,3;97;95;97;12;,7;,1;
2026/03/14;0800 UTC;0;991,8;991,8;991,6;0;23,9;23,4;24,2;23,9;23,6;23,4;97;97;97;113;2,2;,8;
2026/03/14;0900 UTC;0;992,2;992,2;991,8;0;23,8;22,8;23,9;23,8;23,4;22,8;97;94;94;147;2,4;,8;
2026/03/14;1000 UTC;0;992,6;992,6;992,1;0;23,4;22,6;23,8;23,4;22,8;22,4;95;94;95;35;2;0;
2026/03/14;1100 UTC;0;993;993;992,6;11,5;23,4;22,7;23,5;23,4;22,8;22,6;96;95;96;40;1;,1;
2026/03/14;1200 UTC;0;994,1;994,1;993;199,3;24,1;22,8;24,1;23,4;22,8;22,5;96;92;92;40;1,8;,3;
2026/03/14;1300 UTC;0;995,3;995,3;994,1;326,2;24;22,7;24,7;24;23;22,5;92;90;92;41;2,6;,7;
2026/03/14;1400 UTC;0;995,1;995,6;995,1;830;26,3;23,2;26,3;24;23,2;22,3;93;83;83;58;2,6;,6;
2026/03/14;1500 UTC;0;994,7;995,1;994,7;1277,1;26,3;22,7;27;26;23,6;22,2;84;78;81;26;2,7;,7;
2026/03/14;1600 UTC;0;994,1;994,7;994,1;1880,5;28,1;22,6;28,4;26,3;23,6;22,6;81;72;72;12;2;,3;
2026/03/14;1700 UTC;0;992,7;994,1;992,7;2555,8;30,3;23,5;30,3;27,8;23,9;22,4;76;65;67;348;1,9;,7;
2026/03/14;1800 UTC;0;991,1;992,7;991,1;2845;29,8;23;31,5;29,8;24,3;22,4;69;61;67;360;3,5;1,4;
2026/03/14;1900 UTC;0;989,9;991,1;989,9;1862,7;28,9;23,6;31,2;28,9;24,2;22,7;73;62;73;348;5,2;2,3;
2026/03/14;2000 UTC;0;989;990;989;1295,5;29;23;29;27,6;24,4;22;82;69;70;353;5,2;1,2;
2026/03/14;2100 UTC;0;988,3;989;988,3;490;26,7;23,6;29,5;26,7;24,7;22,9;84;69;83;166;5,1;1,9;
2026/03/14;2200 UTC;0;987,9;988,3;987,6;136,4;25,3;23,3;26,7;25,3;24;23,3;89;83;88;39;5,1;,1;
2026/03/14;2300 UTC;0;988,2;988,2;987,9;55,9;25;23,4;25,5;24,9;23,7;23,2;91;88;91;30;,9;,1;
2026/03/15;0000 UTC;0;989;989;988,2;0;24,8;23,5;25;24,7;23,6;23,3;93;91;92;31;,8;,1;
2026/03/15;0100 UTC;0;989,9;989,9;989;0;25,4;23,5;25,4;24,8;23,8;23,3;92;89;89;31;2,5;,8;
2026/03/15;0200 UTC;0;990,6;990,6;989,9;0;24,5;23,2;25,4;24,5;23,6;23,2;93;89;93;27;1,7;,2;
2026/03/15;0300 UTC;0;990,9;990,9;990,6;0;24,5;23,2;25,1;24,5;23,7;23,2;93;91;93;24;1,5;0;
2026/03/15;0400 UTC;0;991,3;991,3;990,9;0;24,2;23,1;24,5;24,1;23,7;22,9;97;93;94;32;1,3;,4;
2026/03/15;0500 UTC;0;990,9;991,4;990,9;0;24;22,8;24,3;24;23,3;22,8;95;93;93;29;1,1;0;
2026/03/15;0600 UTC;0;990,3;990,9;990,3;0;24,1;23,2;24,1;23,8;23,5;22,7;97;93;95;16;,9;,1;
2026/03/15;0700 UTC;0;989,7;990,3;989,7;0;23,8;23,2;24,1;23,7;23,2;23;97;94;97;24;,9;0;
2026/03/15;0800 UTC;0;989,4;989,7;989,4;0;24,2;23,5;24,3;23,8;23,7;23,2;97;95;95;28;1,4;,1;
2026/03/15;0900 UTC;0;989,6;989,6;989,4;0;23,8;23,2;24,2;23,8;23,5;23,1;97;95;97;29;1,1;,1;
2026/03/15;1000 UTC;0;990,5;990,5;989,6;0;23,9;23,3;23,9;23,7;23,4;23,1;97;96;96;14;1,8;,5;
2026/03/15;1100 UTC;0;990,9;990,9;990,5;11,9;23,9;22,8;23,9;23,7;23,3;22,7;96;94;94;11;2,4;,3;
2026/03/15;1200 UTC;0;991,9;991,9;990,9;174,9;25;23,3;25;23,9;23,3;22,8;94;91;91;20;2;,1;
2026/03/15;1300 UTC;0;992,8;992,8;991,9;691,3;26,3;23,3;26,4;25;23,7;22,9;91;83;84;22;3,1;1,2;
2026/03/15;1400 UTC;0;993,4;993,4;992,8;1115,5;27,2;23,6;28,2;26,3;24;23,1;84;76;81;16;4,9;1,2;
2026/03/15;1500 UTC;0;993,5;993,5;993,2;1497,5;27,6;23,1;28,3;27,1;24,3;23,1;82;75;77;346;5,9;2,7;
2026/03/15;1600 UTC;0;992,8;993,5;992,8;2013,3;29,3;23,4;29,6;27,5;24,3;23,1;79;70;70;348;6,7;2,2;
2026/03/15;1700 UTC;0;990,8;992,8;990,8;3059,6;30,1;23,6;30,4;28,8;24,1;22,8;75;65;68;360;6,1;2,7;
2026/03/15;1800 UTC;0;989,3;990,7;989,3;2533,8;30,7;23,7;31,7;30;24,6;22,9;69;62;67;347;6,4;2,4;
2026/03/15;1900 UTC;1;989,6;989,8;988,7;2135,6;23,6;21,3;32;23,4;23,8;18,8;87;56;87;342;16,5;3,8;
2026/03/15;2000 UTC;0;989,1;989,6;989;782,6;24,9;21,2;25;23,6;21,9;20,9;88;79;80;345;12,1;2,3;
2026/03/15;2100 UTC;0;987,8;989,1;987,8;832;25,6;21,7;25,8;24,9;22;21,3;82;77;79;358;5,5;1,6;
2026/03/15;2200 UTC;0;988,2;988,2;987,8;476,7;24,8;21,8;26;24,7;22,2;21,4;84;77;84;40;3,3;1,6;
2026/03/15;2300 UTC;0;989,6;989,6;988,2;49,2;23,6;21,2;24,8;23,6;21,8;21,1;87;82;87;28;4,2;1,2;
2026/03/16;0000 UTC;0;990;990;989,6;0;23;21,3;23,6;23;21,5;21,2;90;87;90;359;3,2;,8;
2026/03/16;0100 UTC;0;990,2;990,2;990;0;22,9;21,4;23,2;22,9;21,6;21,3;92;90;91;27;2,7;,7;
2026/03/16;0200 UTC;0;990,8;990,8;990,2;0;22,7;21,3;23;22,7;21,5;21,3;92;91;92;10;2,7;,6;
2026/03/16;0300 UTC;0;991,5;991,5;990,8;0;22,7;21,3;22,8;22,7;21,5;21,3;92;92;92;20;1,9;0;
2026/03/16;0400 UTC;0;991,8;991,9;991,5;0;22,7;21,4;22,7;22,6;21,4;21,3;93;92;92;13;1,3;,3;
2026/03/16;0500 UTC;0;991,2;991,8;991,2;0;22,9;21,5;23;22,7;21,7;21,4;93;91;92;24;1,9;,3;
2026/03/16;0600 UTC;0;990,4;991,2;990,4;0;23;21,5;23;22,8;21,5;21,3;92;91;91;24;2,3;,9;
2026/03/16;0700 UTC;0;990;990,4;990;0;22,6;21,3;23;22,6;21,4;21,2;92;91;92;20;2,5;,4;
2026/03/16;0800 UTC;0;989,9;990,1;989,8;0;22,6;21,3;22,7;22,5;21,4;21,2;93;92;93;30;1,7;,1;
2026/03/16;0900 UTC;0;990,3;990,3;989,9;0;22,2;21,6;22,6;22,2;21,7;21,2;97;93;96;34;1,5;0;
2026/03/16;1000 UTC;0;990,4;990,4;990,2;0;22,2;21,7;22,3;22,2;21,8;21,6;97;96;97;20;0;0;
2026/03/16;1100 UTC;0;990,7;990,7;990,4;12,6;22,1;21,6;22,3;22,1;21,8;21,6;97;97;97;25;0;0;
2026/03/16;1200 UTC;0;991,4;991,4;990,7;195,1;23,1;21,8;23,1;22,1;22,2;21,6;97;92;92;17;1,7;,8;
2026/03/16;1300 UTC;0;992,3;992,3;991,4;593,4;25;22,4;25,1;23,1;22,6;21,6;92;85;85;16;3,6;1,4;
2026/03/16;1400 UTC;0;992,8;992,8;992,3;852,4;26,1;22,3;26,2;25;22,8;22,2;85;79;80;354;3,6;1,2;
2026/03/16;1500 UTC;0;993,2;993,2;992,7;1962,8;28,6;22,8;28,9;26,1;23,4;22,2;81;70;71;355;4,2;1,5;
2026/03/16;1600 UTC;0;992,7;993,2;992,7;2625,8;29,7;23;30,2;28,4;23,8;22,3;74;64;67;10;6,1;2,5;
2026/03/16;1700 UTC;0;991,6;992,7;991,6;2485,2;30,7;23,6;30,8;29,4;24,3;22,8;69;64;66;10;6,9;2,3;
2026/03/16;1800 UTC;0;990,3;991,6;990,2;2776;32;24,1;32;30,6;24,2;23;67;62;63;18;5,2;1,6;
2026/03/16;1900 UTC;0;988,9;990,3;988,9;2595,1;31,9;23,1;32,2;31;24;22,4;65;59;60;11;6,5;2,7;
2026/03/16;2000 UTC;0;987,2;988,9;987,2;1558,5;32,3;23,5;32,4;30,7;24,1;22,4;67;58;60;28;5,8;,9;
2026/03/16;2100 UTC;0;986,3;987,2;986,3;715,6;30,3;24,3;32,3;30,3;24,8;22,5;71;58;71;19;3,3;,5;
2026/03/16;2200 UTC;0;986,7;986,7;986,2;264,5;28,4;23,5;30,9;28,4;25;23;78;63;75;357;5,5;2,1;
2026/03/16;2300 UTC;0;987,3;987,3;986,7;63,5;26,4;23,3;28,4;26,4;24;23,1;84;75;83;28;4,8;0;
2026/03/17;0000 UTC;0;988,4;988,4;987,3;0;25,7;24,1;26,4;25,6;24,1;23,4;91;83;90;22;,7;0;
2026/03/17;0100 UTC;0;989,5;989,5;988,4;0;25,8;24,2;25,8;25,4;24,3;24;92;90;91;7;1,4;,5;
2026/03/17;0200 UTC;0;990,3;990,3;989,5;0;25,7;22,8;26,6;25,7;24,2;22,8;91;82;84;353;5,2;1,1;
2026/03/17;0300 UTC;0;990,5;990,6;990,3;0;24,9;22,7;25,7;24,9;22,9;22,5;88;84;88;17;3,6;0;
2026/03/17;0400 UTC;0;990,6;990,6;990,2;0;24,4;22,7;24,9;24,4;22,9;22,6;90;88;90;33;1,3;,1;
2026/03/17;0500 UTC;0;989,6;990,7;989,6;0;24,1;22,7;24,6;24;22,9;22,6;92;89;92;38;1,8;,1;
2026/03/17;0600 UTC;0;990;990;989,6;0;24,4;22,9;24,7;24;23,2;22,7;93;89;91;11;1,5;,1;
2026/03/17;0700 UTC;0;989,3;990;989,3;0;24,5;22,8;24,6;24,4;23;22,7;91;90;90;15;2,3;,3;
2026/03/17;0800 UTC;0;989,1;989,3;989;0;24,5;22,8;24,8;24,5;22,9;22,8;91;89;90;12;2,2;,2;
2026/03/17;0900 UTC;0;989,8;989,8;989,1;0;24,6;23;24,6;24;23,1;22,6;93;90;91;22;1,3;,4;
2026/03/17;1000 UTC;0;990,6;990,6;989,8;0;24,6;23;24,7;24,4;23,2;22,9;92;91;91;22;1,5;,1;
2026/03/17;1100 UTC;0;991,1;991,2;990,6;5,9;24,4;23;24,6;24,4;23,1;22,9;92;91;92;25;1,3;0;
2026/03/17;1200 UTC;0;992,1;992,1;991,1;196,3;25,3;23,4;25,3;24,3;23,5;23;93;89;89;23;,5;0;
2026/03/17;1300 UTC;0;992,6;992,6;992,1;556,3;26,4;23,5;26,6;25,3;23,9;23,2;89;84;84;11;1,9;,7;
2026/03/17;1400 UTC;0;992,6;992,7;992,5;1973;29,5;24,1;29,5;26,4;24,6;23,5;85;72;73;17;3,9;1,6;
2026/03/17;1500 UTC;0;992,9;992,9;992,6;2502,4;30,4;24;31;29,4;25,3;23,4;74;65;69;357;5,1;2,1;
2026/03/17;1600 UTC;0;992,2;992,9;992,2;2849,2;31,4;23,5;31,5;30,4;24,7;23,1;70;62;63;12;6,1;3,1;
2026/03/17;1700 UTC;0;990,9;992,2;990,9;1731,6;31,5;23,2;31,5;31;24,1;23,2;66;62;62;13;6,1;2,6;
2026/03/17;1800 UTC;0;989;990,9;989;2553,3;31,6;23,8;32,4;31,5;24,5;23;66;59;63;15;5,9;2,4;
2026/03/17;1900 UTC;0;987,2;989;987,2;1886,7;31,6;24,4;32,4;31,1;25,3;24;68;64;66;34;6,2;2,4;
2026/03/17;2000 UTC;0;986,2;987,2;986,2;2198,2;29,6;23,6;32,7;29,6;25;23,1;70;58;70;48;6,7;1,3;
2026/03/17;2100 UTC;0;986,2;986,7;986,2;1155,3;29,2;23,1;30;29,2;24,4;21,4;73;61;70;7;6,7;1,9;
2026/03/17;2200 UTC;0;986,3;986,6;986,1;300,4;28,2;23,9;29,3;28,2;24,2;23,2;78;70;78;22;4,5;,7;
2026/03/17;2300 UTC;0;988;988;986,2;23,9;26,9;24,2;28,2;26,9;24,5;23,8;86;77;86;20;2,5;0;
2026/03/18;0000 UTC;0;988,8;989;988;0;26,5;24,3;27;26,4;24,5;24,2;89;86;88;18;2,2;,3;
2026/03/18;0100 UTC;0;989,3;989,3;988,8;0;25,6;24,2;26,5;25,6;24,4;24,2;92;88;92;41;2,2;,1;
2026/03/18;0200 UTC;0;990;990;989,3;0;25,7;24,3;26,4;25,6;24,6;24,1;92;90;92;37;2,7;0;
2026/03/18;0300 UTC;0;991,5;991,5;990;0;25,5;24,2;25,7;25,5;24,4;24,2;93;92;93;4;1,5;,2;
2026/03/18;0400 UTC;0;991;991,6;991;0;25,4;24;25,6;25,4;24,3;24;93;92;92;8;1,4;,7;
2026/03/18;0500 UTC;0;991;991,1;990,9;0;24,9;23,8;25,5;24,9;24,1;23,7;93;91;93;28;1,8;0;
2026/03/18;0600 UTC;0;990,7;991;990,6;0;25,5;24;25,6;24,8;24,4;23,7;95;92;92;359;2;1;
2026/03/18;0700 UTC;5;990,4;990,9;990,4;0;23,5;22,4;25,5;23,5;24;22,3;93;89;93;316;6,7;,9;
2026/03/18;0800 UTC;5,6;991;991,1;990,1;0;23,1;22,4;23,6;23,1;22,6;22,1;97;93;96;357;4,4;2,1;
2026/03/18;0900 UTC;9,6;991,6;991,7;990,8;0;22,8;21,7;23,1;22,8;22,5;21,7;97;94;94;353;6,1;1,8;
2026/03/18;1000 UTC;18,6;992,1;992,4;991,5;0;22,5;21,6;22,8;22,5;22,1;21,6;97;94;94;358;6;1,7;
2026/03/18;1100 UTC;3,6;992,7;992,7;992,1;1,6;22,3;21,5;22,5;22,3;21,7;21,3;97;94;95;11;5;1,2;
2026/03/18;1200 UTC;1;993,6;993,7;992,7;148,7;22,7;21,5;22,7;22,3;21,7;21,4;96;93;94;24;3,6;,7;
2026/03/18;1300 UTC;0;993,7;993,8;993,6;461,2;23,6;22,1;23,6;22,6;22,1;21,4;94;91;92;18;1,7;0;
2026/03/18;1400 UTC;0;994,2;994,2;993,7;740,6;24,9;22,1;24,9;23,5;22,3;21,6;92;84;84;21;1,3;,1;
2026/03/18;1500 UTC;0;993,9;994,3;993,9;1095,2;25,3;21,7;25,8;24,5;22,7;21,4;89;78;81;24;3,3;1,4;
2026/03/18;1600 UTC;0;993,3;993,9;993,3;2601,9;27,6;22,6;27,6;25,2;23,1;21,4;84;71;74;21;4,7;2,2;
2026/03/18;1700 UTC;0;992,3;993,3;992,3;3052,5;27,7;21,5;28,6;27,6;23,2;21,2;74;66;69;22;5,2;1,9;
2026/03/18;1800 UTC;0;991,6;992,3;991,6;1848,4;28,4;21,8;28,6;27,7;22,6;21,2;72;65;67;6;4,1;1,5;
2026/03/18;1900 UTC;0;990,9;991,6;990,9;1080,9;28;22,6;28,5;27,8;23,2;21,4;75;66;73;17;4;1,2;
2026/03/18;2000 UTC;0;990,1;990,9;990,1;1002,6;27,7;22,5;28;27,5;22,9;22,1;75;72;73;21;5,5;1,1;
2026/03/18;2100 UTC;0;989,8;990,1;989,8;698,4;26,7;22,7;27,7;26,7;23,2;22,2;81;73;78;8;4,5;1,5;
2026/03/18;2200 UTC;0;989,7;989,8;989,7;525,1;26,3;22,8;27;26,3;23,1;22,4;81;76;81;351;3,3;1,1;
2026/03/18;2300 UTC;0;990,1;990,1;989,7;58,1;25,2;23;26,3;25,1;23,1;22,8;89;81;88;7;2,2;,6;
2026/03/19;0000 UTC;0;990,8;990,8;990,1;0;24;22,7;25,2;24;22,9;22,6;92;87;92;19;1,7;,1;
2026/03/19;0100 UTC;0;991,8;991,8;990,8;0;23,8;22,4;24,4;23,8;22,8;22,4;93;90;92;17;1,4;0;
2026/03/19;0200 UTC;0;992,7;992,7;991,8;0;23,2;22,1;23,9;23,2;22,5;22;94;92;94;24;,9;0;
2026/03/19;0300 UTC;0;993;993;992,7;0;23;22,4;23,2;22,9;22,5;22,2;97;94;97;15;,8;,2;
2026/03/19;0400 UTC;0;992,9;993;992,9;0;22,7;22,2;23,1;22,6;22,5;22;97;97;97;23;,8;0;
2026/03/19;0500 UTC;0;992,3;992,9;992,3;0;23,1;22,4;23,1;22,7;22,5;22,2;97;96;96;2;1,9;,4;
2026/03/19;0600 UTC;0;992;992,3;992;0;23;21,9;23,1;23;22,4;21,9;96;94;94;10;1,9;,5;
2026/03/19;0700 UTC;0;991,2;992;991,2;0;23;21,8;23,1;22,9;21,9;21,8;94;93;93;23;1,8;,2;
2026/03/19;0800 UTC;0;990,5;991,2;990,5;0;22,5;21,9;23;22,5;22,1;21,7;96;93;96;22;,9;0;
2026/03/19;0900 UTC;0;990,2;990,5;990,2;0;22,3;21,8;22,5;22,3;22;21,8;97;96;97;26;0;0;
2026/03/19;1000 UTC;0;990,9;990,9;990,1;0;22,4;21,9;22,4;22,1;21,9;21,6;97;97;97;34;0;0;
2026/03/19;1100 UTC;0;991,6;991,6;990,9;16,6;22,6;22,1;22,7;22,4;22,2;21,9;97;97;97;35;0;0;
2026/03/19;1200 UTC;0;992,5;992,5;991,6;229,7;24,2;23;24,2;22,6;23,5;22,1;97;93;93;36;,9;,1;
2026/03/19;1300 UTC;0;993;993;992,5;762,7;26,5;22,8;26,6;24,2;23,2;22,4;93;79;80;32;1,8;,5;
2026/03/19;1400 UTC;0;993,2;993,3;993;1485;27,5;23;27,7;26,5;23,5;22,3;81;76;76;24;3,2;,6;
2026/03/19;1500 UTC;0;993,1;993,2;993,1;2599,7;29,4;23,4;29,8;27,5;24,1;22,3;78;66;70;43;3,3;,7;
2026/03/19;1600 UTC;0;992,5;993,1;992,5;2527,5;29,6;23;30;29;23,4;21,9;71;65;67;27;3,5;1,3;
2026/03/19;1700 UTC;0;991,4;992,5;991,4;2435,6;30,8;22,8;30,9;29,4;24,2;22,3;71;59;63;335;4,2;1,4;
2026/03/19;1800 UTC;0;990;991,4;990;2688,7;31,2;24,2;31,6;30;24,2;21,6;69;57;66;334;5,5;1,2;
2026/03/19;1900 UTC;0;988,7;990;988,7;2208,9;30,9;22,6;32,2;30,3;24,3;22,1;66;57;61;333;4,5;1,6;
2026/03/19;2000 UTC;0;988;988,7;988;1202,7;29,8;23,5;31;29,8;23,5;22,2;69;60;69;355;4,4;1,7;
2026/03/19;2100 UTC;0;987,6;988;987,6;697,2;29,2;23,6;29,8;29,2;23,9;23;73;68;72;3;4,2;1,7;
2026/03/19;2200 UTC;0;987,2;987,6;987,2;395,3;28,7;23,8;29,2;28,7;24,3;23,7;77;72;75;14;4,2;1,1;
2026/03/19;2300 UTC;0;987,6;987,7;987,2;77;27,4;23,7;28,7;27,4;24,1;23,4;81;75;80;4;2,6;,7;
2026/03/20;0000 UTC;0;988,3;988,3;987,6;0;26;24,2;27,4;25,8;24,2;23,6;90;80;90;8;1,7;,4;
2026/03/20;0100 UTC;0;988,9;988,9;988,3;0;25,6;24,1;26,1;25,6;24,2;24;92;89;92;13;1,3;0;
2026/03/20;0200 UTC;0;989,4;989,4;988,8;0;25,7;23,6;25,9;25,5;24,2;23,6;92;88;88;18;1,8;,3;
2026/03/20;0300 UTC;0;990,1;990,2;989,4;0;24,8;23,4;25,7;24,8;23,6;23,2;92;88;92;20;1,5;0;
2026/03/20;0400 UTC;0;990,3;990,4;990,1;0;24,5;23,6;24,8;24,3;23,6;23,2;95;92;95;19;,5;0;
2026/03/20;0500 UTC;0;989,9;990,4;989,9;0;24,3;23,1;24,8;24,3;23,8;23,1;96;92;93;22;1;0;
2026/03/20;0600 UTC;0;989,2;989,9;989,1;0;24,3;23,2;24,4;24;23,6;22,9;96;93;94;13;1;,3;
2026/03/20;0700 UTC;0;988,6;989,2;988,6;0;24,1;22,9;24,4;24,1;23,2;22,8;94;92;93;16;1;0;
2026/03/20;0800 UTC;0;988,2;988,6;988,2;0;23,6;23,1;24,1;23,6;23,1;22,6;97;93;97;28;,6;0;
2026/03/20;0900 UTC;0;988,4;988,4;987,9;0;24,1;23,3;24,1;23,4;23,4;22,9;97;96;96;14;1,2;,2;
2026/03/20;1000 UTC;0;988,7;988,8;988,4;0;23,8;22,5;24,1;23,8;23,1;22,5;96;92;92;6;2;,7;
2026/03/20;1100 UTC;0;989,3;989,3;988,7;13,3;23,7;22,7;23,8;23,4;22,7;22,3;95;92;94;10;1,7;,3;
2026/03/20;1200 UTC;0;990,2;990,2;989,3;132,9;25,2;23,2;25,2;23,7;23,3;22,6;94;88;88;4;2;,8;
2026/03/20;1300 UTC;0;990,6;990,6;990,2;526,3;27,5;23,2;27,5;25,2;23,4;22,5;89;77;78;348;2,8;,8;
2026/03/20;1400 UTC;0;991;991;990,6;2102,4;29,2;23,1;29,5;27,4;24;22,6;78;68;70;3;3,5;1,1;
2026/03/20;1500 UTC;0;991,1;991,2;991;2308,1;29,4;23,2;29,9;28,7;24,1;22,5;74;68;69;351;4,7;2;
2026/03/20;1600 UTC;0;990,6;991,2;990,6;2270,7;30,1;22,9;31;29,2;24,2;22,6;72;63;65;340;4,7;1,4;
2026/03/20;1700 UTC;0;989,6;990,6;989,6;2551,8;31,9;23,5;31,9;29,8;24,5;22,6;68;60;61;334;4,2;1,7;
2026/03/20;1800 UTC;0;988;989,6;988;2581,5;31,2;23,6;32,5;30,7;24,2;22,2;66;57;64;356;5,4;,9;
2026/03/20;1900 UTC;0;986,8;988;986,8;2445,3;32,4;22,9;32,4;31;24,6;22;66;56;57;345;5,4;2;
2026/03/20;2000 UTC;0;985,8;986,8;985,8;2041,6;31,7;23,3;33,1;30,9;24;21,3;65;53;61;10;5,4;1,4;
2026/03/20;2100 UTC;0;985;985,8;985;990,9;30,6;22,5;31,9;30,6;23,7;22;65;58;62;355;4,3;1,1;
2026/03/20;2200 UTC;0;985,2;985,2;985;341,3;28,5;25,1;30,6;28,4;25,1;22,5;82;62;82;21;2,6;0;
2026/03/20;2300 UTC;0;985,8;985,8;985,2;56,5;27,2;24,8;28,5;27,2;25,3;24,7;88;81;87;24;,8;0;
2026/03/21;0000 UTC;0;987,2;987,2;985,8;0;27,2;23,6;28,2;27,1;25,1;23,1;89;76;81;2;4,7;,3;
2026/03/21;0100 UTC;0;988,4;988,4;987,2;0;26,4;23,2;27,2;25,8;24,3;23,2;91;81;83;348;2,1;,4;
2026/03/21;0200 UTC;0;989,1;989,1;988,3;0;26,2;22,8;26,5;26;23,2;22,3;85;78;81;8;2;,7;
2026/03/21;0300 UTC;0;989,5;989,5;989;0;25,7;23;26,4;25,7;23,2;22,6;86;81;85;19;2,6;0;
2026/03/21;0400 UTC;0;989;989,5;988,8;0;24,7;22,8;25,7;24,7;23,3;22,5;89;84;89;31;2,5;0;
2026/03/21;0500 UTC;0;988,6;989,2;988,5;0;24,7;23,2;25;24,5;23,3;22,6;92;88;91;36;1,6;,3;
2026/03/21;0600 UTC;0;988,5;988,9;988,5;0;24,7;23;24,9;24,6;23,2;22,9;91;90;90;33;2,9;,7;
2026/03/21;0700 UTC;1;988,4;988,7;988,4;0;24,3;23,3;24,7;24,2;23,3;22,9;94;90;94;30;1,8;,3;
2026/03/21;0800 UTC;1,6;988;988,4;988;0;24,2;23,6;24,4;24;23,7;23,2;97;94;97;39;1,8;,6;
2026/03/21;0900 UTC;,8;988,5;988,5;987,9;0;23,9;23,3;24,2;23,9;23,7;23,3;97;97;97;45;1,6;,1;
2026/03/21;1000 UTC;,2;988,8;988,8;988,5;0;23,6;23,1;23,9;23,6;23,3;23,1;97;97;97;60;1,5;,3;
2026/03/21;1100 UTC;0;989;989,1;988,8;8,9;23,8;23,2;23,9;23,6;23,3;23;97;96;96;33;1,6;,7;
2026/03/21;1200 UTC;0;989,9;989,9;989;177,2;24,5;23,1;24,5;23,9;23,4;22,7;97;91;92;25;3,3;,3;
2026/03/21;1300 UTC;0;990,9;990,9;989,9;435,1;25,5;23,6;25,5;24,5;23,7;22,9;93;89;89;36;2,1;,1;
2026/03/21;1400 UTC;0;991,2;991,2;990,9;1097,7;26,8;23,6;27;25,5;24,3;23,1;89;82;82;48;3,9;1;
2026/03/21;1500 UTC;0;991,3;991,4;991,2;2759;29,3;23,5;29,8;26,8;25,4;23;84;69;71;28;5,9;2,3;
2026/03/21;1600 UTC;0;990,7;991,3;990,7;2498,9;31,3;25;31,3;29;25,3;23,1;76;66;69;54;5,9;1,4;
2026/03/21;1700 UTC;0;989,7;990,7;989,7;2607,1;31;23,2;31,4;29,8;24,8;22,7;72;61;64;25;5,4;2,1;
2026/03/21;1800 UTC;0;988,3;989,7;988,3;2630,9;31,6;23;32;30,6;24,7;22,5;67;58;60;23;5,9;2,2;
2026/03/21;1900 UTC;0;987;988,3;987;2757,1;32,2;22,7;32,6;31,4;24;22,1;64;55;58;17;6,2;2,1;
2026/03/21;2000 UTC;0;986,4;987;986,4;1772,3;32,3;22,9;32,6;31,3;23,7;22,2;63;55;58;8;6,2;1,9;
2026/03/21;2100 UTC;0;986,3;986,4;986,2;1564,7;31,6;22,9;32,7;31,5;23,6;22,4;63;56;60;21;5;1,8;
2026/03/21;2200 UTC;0;986,6;986,6;986,3;716,6;31,4;23,7;32;31,2;24,1;23;65;60;63;11;5;,9;
2026/03/21;2300 UTC;0;987,3;987,3;986,6;49,2;27,3;25;31,4;27,3;25,1;23,9;87;64;87;24;2,6;0;
2026/03/22;0000 UTC;0;988;988;987,3;0;26,8;25,1;27,3;26,7;25,2;24,9;91;87;91;26;0;0;
2026/03/22;0100 UTC;0;989;989;988;0;26,3;25;26,8;26,3;25,2;25;92;91;92;23;0;0;
2026/03/22;0200 UTC;0;989,8;989,8;989;0;25,9;24,6;26,3;25,9;25;24,6;93;92;93;25;0;0;
2026/03/22;0300 UTC;0;990,3;990,3;989,8;0;26;24,8;26,1;25,8;24,9;24,6;94;93;93;26;0;0;
2026/03/22;0400 UTC;2,2;990,8;991,2;990,2;0;24,5;22,6;26,9;24,5;25,2;22,5;94;83;89;292;10,6;2,4;
2026/03/22;0500 UTC;1,8;990,2;990,9;990,2;0;23,7;22,5;24,5;23,7;22,8;22,3;93;89;93;13;7,6;,5;
2026/03/22;0600 UTC;,4;990,3;990,4;990;0;23,7;23,2;23,9;23,5;23,3;22,4;97;93;97;34;2,6;,5;
2026/03/22;0700 UTC;2;990,4;990,4;989,6;0;23,7;23,1;23,9;23,7;23,4;22,9;97;95;96;47;3,2;1,2;
2026/03/22;0800 UTC;2,8;990,1;990,6;989,9;0;23,5;22,9;23,9;23,5;23,3;22,7;97;95;96;37;3,2;,3;
2026/03/22;0900 UTC;3,2;990;990,1;989,6;0;23,3;22,7;23,6;23,2;23;22,6;97;96;97;32;1,7;0;
2026/03/22;1000 UTC;1,4;990,4;990,4;989,5;0;23,3;22,8;23,4;23,3;22,8;22,8;97;97;97;45;2,9;,1;
2026/03/22;1100 UTC;,2;991,4;991,4;990,3;5,4;23,6;23,1;23,6;23,2;23,1;22,7;97;97;97;41;2,6;,5;
2026/03/22;1200 UTC;0;992;992,1;991,4;93,1;23,4;22,9;23,7;23,3;23,1;22,8;97;97;97;39;3,3;,3;
2026/03/22;1300 UTC;0;992,7;992,7;992;401,9;24,2;22,6;24,3;23,4;22,9;22,3;97;91;91;37;2,6;,1;
2026/03/22;1400 UTC;0;994,4;994,4;992,7;362,8;24,1;22,6;24,4;24,1;22,8;22,1;91;89;91;334;4,8;1;
2026/03/22;1500 UTC;19,8;994,6;994,6;994,1;143,8;22,3;21,8;24,1;22,2;22,6;21,1;97;88;97;30;7,6;,4;
2026/03/22;1600 UTC;2,6;994,1;994,6;994;238,4;22,8;22,2;22,8;22,2;22,2;21,7;97;97;97;341;2,1;1;
2026/03/22;1700 UTC;3,6;994,1;994,6;994,1;282,2;22,7;21,5;22,9;22,7;22,3;21,4;97;92;93;341;6;1,6;
2026/03/22;1800 UTC;6,8;992,8;994,1;992,8;99,6;21,8;20,5;22,7;21,8;21,6;20,5;94;92;93;355;5,8;,4;
2026/03/22;1900 UTC;1,8;990,8;992,8;990,8;317,3;22,3;21;22,3;21,7;21,2;20,5;94;92;92;3;2;,2;
2026/03/22;2000 UTC;0;989,3;990,8;989,3;836,5;23,4;21,3;23,5;22,2;21,6;20,8;93;86;88;157;2,5;,7;
2026/03/22;2100 UTC;0;988,5;989,3;988,5;506,3;23,8;21,7;23,8;23,4;22;20,8;90;84;88;17;2,7;,2;
2026/03/22;2200 UTC;0;988,9;988,9;988,5;434,4;23,9;21,9;24,1;23,8;22,1;21,5;89;87;89;30;1,5;0;
2026/03/22;2300 UTC;0;989,1;989,1;988,7;66,7;22,6;22;23,9;22,5;22,1;21,6;96;89;96;15;,9;0;
2026/03/23;0000 UTC;0;989,8;989,8;989,1;0;22,5;21,6;22,7;22,5;22,1;21,6;97;94;95;90;2,1;,6;
2026/03/23;0100 UTC;0;991,2;991,2;989,8;0;22,3;21,8;22,5;22,2;21,9;21,6;97;95;97;12;1,6;0;
2026/03/23;0200 UTC;0;992,9;992,9;991,2;0;22,4;21,2;22,4;22,2;21,8;21,2;97;93;93;3;2,2;1;
2026/03/23;0300 UTC;0;992,9;992,9;992,7;0;22;21,4;22,4;21,9;21,4;20,9;96;93;96;26;2,2;0;
2026/03/23;0400 UTC;0;992,9;993;992,8;0;22,1;21,2;22,2;21,9;21,6;21,1;97;95;95;6;1,3;,7;
2026/03/23;0500 UTC;0;992,2;992,9;992,2;0;22,2;21,1;22,2;22,1;21,6;21,1;97;94;94;280;2,2;,8;
2026/03/23;0600 UTC;0;991,9;992,4;991,9;0;22,1;21,5;22,3;22;21,5;21;97;93;97;17;2,2;0;
2026/03/23;0700 UTC;0;991,6;991,9;991,6;0;22,1;21,6;22,2;22;21,6;21,4;97;96;97;32;,7;0;
2026/03/23;0800 UTC;0;991,1;991,6;991,1;0;22;21,5;22,2;22;21,7;21,5;97;97;97;28;,6;0;
2026/03/23;0900 UTC;0;990,8;991,1;990,8;0;22;21,5;22,1;22;21,6;21,5;97;97;97;36;,8;0;
2026/03/23;1000 UTC;0;991,1;991,1;990,8;0;22,1;21,5;22,2;21,9;21,6;21,4;97;97;97;40;,5;0;
2026/03/23;1100 UTC;0;991,6;991,6;991,1;15,9;22,2;21,7;22,2;22;21,7;21,5;97;97;97;17;1,1;,1;
2026/03/23;1200 UTC;0;991,9;991,9;991,6;213,4;23,7;22,4;23,7;22,2;22,6;21,7;97;93;93;31;,8;0;
2026/03/23;1300 UTC;0;992,3;992,3;991,9;778,8;26,1;22,7;26,3;23,7;23,3;22,1;93;81;82;327;1,9;,7;
2026/03/23;1400 UTC;0;992,3;992,4;992,3;2097,5;28,3;23,3;28,4;25,9;23,6;22,5;84;73;75;337;3,7;,8;
2026/03/23;1500 UTC;0;992,4;992,4;992,3;2857,3;29,4;23;29,7;28,1;24,4;22,7;75;68;68;356;3,5;1,1;
2026/03/23;1600 UTC;,2;991,8;992,5;991,8;3350,3;30,4;23,6;30,4;29,3;24,2;22,4;72;65;67;23;4,2;1,6;
2026/03/23;1700 UTC;0;990,8;991,8;990,8;3223,1;31;23,1;31,6;30,2;24,3;22,4;68;61;63;5;4,3;1,8;
2026/03/23;1800 UTC;0;989,4;990,8;989,4;2997,6;31,9;23,3;32,3;30,7;24,9;22,9;67;59;60;22;4,6;2;
2026/03/23;1900 UTC;0;988,3;989,4;988,3;2887,8;32,3;23,7;32,7;31,7;24,3;22,4;63;56;60;23;4,7;1,6;
2026/03/23;2000 UTC;0;987,4;988,2;987,4;1850;32;23,9;32,4;31,3;24,3;22,7;66;57;63;335;6;,9;
2026/03/23;2100 UTC;0;987,1;987,4;986,8;1243,6;30,3;24,3;33,3;30,3;25,6;22,2;74;55;70;355;3,6;,8;
2026/03/23;2200 UTC;0;987,2;987,3;987;131,7;27,1;22,8;30,3;26,9;25,6;22,2;79;69;77;8;5,1;,7;
2026/03/23;2300 UTC;0;987,7;987,9;987,2;37,9;25,8;22,5;27,1;25,8;23;22,3;84;77;82;11;3,6;,2;
2026/03/24;0000 UTC;0;988,1;988,1;987,7;0;24,9;23,1;25,8;24,9;23,2;22,5;90;82;90;18;1,2;0;
2026/03/24;0100 UTC;0;989;989;988,1;0;24,6;23,2;25;24,6;23,5;23;92;90;92;25;,7;0;
2026/03/24;0200 UTC;0;989,6;989,6;989;0;24,5;23,3;24,8;24,4;23,6;23,2;93;92;93;21;,6;,1;
2026/03/24;0300 UTC;0;990,3;990,3;989,6;0;24,6;23,6;24,7;24,4;23,7;23,3;94;93;94;21;,6;0;
2026/03/24;0400 UTC;0;990,2;990,3;990,1;0;24,2;23,3;24,6;24,2;23,6;23,2;95;94;95;29;1,2;0;
2026/03/24;0500 UTC;0;990;990,3;990;0;24,1;23,5;24,2;24;23,5;23,3;97;95;97;29;,6;0;
2026/03/24;0600 UTC;0;990;990,1;989,9;0;24;23,4;24,1;23,9;23,6;23,4;97;97;97;31;0;0;
2026/03/24;0700 UTC;0;989,9;990;989,9;0;24;23,4;24;23,8;23,5;23,3;97;97;97;26;0;0;
2026/03/24;0800 UTC;0;989,9;990,1;989,9;0;24;23,4;24,1;24;23,5;23,4;97;97;97;28;0;0;
2026/03/24;0900 UTC;0;990;990;989,9;0;23,8;23,2;24;23,8;23,4;23,2;97;97;97;30;,7;0;
2026/03/24;1000 UTC;0;990,7;990,7;990;0;23,8;23,2;23,8;23,7;23,3;23,1;97;97;97;24;0;0;
2026/03/24;1100 UTC;0;991,2;991,3;990,6;12,9;23,8;23,3;23,8;23,6;23,3;23,1;97;97;97;23;0;0;
2026/03/24;1200 UTC;0;992;992;991,2;216,7;25,2;24,6;25,2;23,8;24,6;23,3;97;97;97;20;,7;0;
2026/03/24;1300 UTC;0;992,4;992,4;992;727;27,9;24,1;27,9;25,2;24,7;24;97;80;80;12;1,6;,2;
2026/03/24;1400 UTC;0;992,7;992,7;992,4;1934;30,3;24,8;30,5;27,9;25,5;23,7;82;70;73;353;1,9;,5;
2026/03/24;1500 UTC;0;992,5;992,7;992,5;2628,1;32,1;24,6;32,1;30;25,4;23,2;75;61;65;29;2,5;,1;
2026/03/24;1600 UTC;0;991,9;992,5;991,9;2494,2;32,6;22,5;32,7;31,4;24,1;21,5;64;54;55;5;2,7;,6;
2026/03/24;1700 UTC;0;991,2;991,9;991,2;2666,9;32,9;22,3;33,4;31,8;24,2;21,3;64;50;54;347;3,5;1;
2026/03/24;1800 UTC;0;989,6;991,2;989,6;3392,1;33,9;21,6;34,1;32,8;22,7;20,2;55;45;49;325;3,6;1,5;
2026/03/24;1900 UTC;0;987,8;989,6;987,8;2330,3;33,8;23,4;34;32,4;23,9;21,5;57;49;55;295;4,6;1,7;
2026/03/24;2000 UTC;0;986,7;987,8;986,4;1902,2;33,2;22,6;33,8;32,7;23,4;21,3;56;49;54;328;4,6;,8;
2026/03/24;2100 UTC;0;986,7;986,9;986,7;1162,5;31;25,4;33,9;31;25,4;21,6;73;50;72;8;3,8;,2;
2026/03/24;2200 UTC;0;986,7;986,8;986,2;356,6;29,9;25,1;31;29,5;26,2;24,5;82;71;75;16;3;,8;
2026/03/24;2300 UTC;0;987,2;987,4;986,7;56,4;28,3;25,3;30;28,3;25,4;24,9;84;74;84;46;3,3;,7;
2026/03/25;0000 UTC;0;988,8;988,8;987,2;0;27,4;25,1;28,5;27,4;25,6;25;87;83;87;17;2,4;,5;
2026/03/25;0100 UTC;0;989,5;989,6;988,8;0;26,5;24,7;27,7;26,5;25,3;24,7;90;86;90;27;2,9;0;
2026/03/25;0200 UTC;4,8;990,8;991,1;989,5;,2;23,4;22,2;26,9;23,2;25,1;20,2;93;73;93;260;11,3;1,7;
2026/03/25;0300 UTC;3,8;991,3;991,3;989,9;0;22,7;21,6;23,4;22,7;22,9;21,4;97;92;93;40;5,1;,2;
2026/03/25;0400 UTC;,2;991,8;992;991,3;0;23,3;22,2;23,4;22,7;22,9;21,6;97;93;93;360;3,3;,4;
2026/03/25;0500 UTC;0;991,9;991,9;991,6;0;23,5;22,7;23,5;23,1;22,7;22,1;96;93;95;47;1,4;,3;
2026/03/25;0600 UTC;1,4;991,1;991,9;991,1;0;22,9;21,9;23,6;22,9;22,7;21,7;95;92;94;49;2,9;,5;
2026/03/25;0700 UTC;2,2;990,6;991,1;990,6;0;23,1;22,5;23,2;22,9;22,5;21,8;97;93;97;38;3,1;,6;
2026/03/25;0800 UTC;,8;990;990,5;990;0;23,5;22,9;23,5;23;22,9;22,4;97;96;97;41;3;1,2;
2026/03/25;0900 UTC;,2;990,1;990,1;990;0;23,5;22,8;23,6;23,4;23,1;22,7;97;95;96;39;3,5;,9;
2026/03/25;1000 UTC;,4;990,1;990,1;990;0;23,3;22,7;23,5;23,2;22,8;22,5;97;95;97;36;2,8;0;
2026/03/25;1100 UTC;0;990,6;990,6;990,1;5,5;23,2;22,7;23,3;23,1;22,7;22,6;97;97;97;37;,8;0;
2026/03/25;1200 UTC;0;991,3;991,4;990,6;136;23,5;22,7;23,5;23,2;22,9;22,6;97;95;95;24;1,7;,1;
2026/03/25;1300 UTC;0;992,1;992,1;991,3;562,1;24,8;23;24,8;23,5;23,1;22,3;95;90;90;39;2,1;,3;
2026/03/25;1400 UTC;0;992,7;992,7;992,1;1326,9;26,4;22,9;26,4;24,7;23,2;22,1;90;80;81;28;2,8;,7;
2026/03/25;1500 UTC;0;992,4;992,8;992,4;2538,4;27,7;22,8;27,9;26,2;23,7;21,9;82;73;75;51;2,6;,9;
2026/03/25;1600 UTC;0;991,9;992,4;991,9;2614,8;28,4;22,4;28,8;27,8;24,1;22,1;77;69;70;38;3,7;1,3;
2026/03/25;1700 UTC;0;991,1;991,9;991,1;2128,7;29;23,5;29,2;28,4;24,3;22,2;75;67;72;42;3,8;,2;
2026/03/25;1800 UTC;0;990,4;991,1;990,4;983,3;29,3;23,7;29,5;28,9;24,7;22,6;76;67;72;10;1,3;,1;
2026/03/25;1900 UTC;0;989,4;990,4;989,4;1927,8;30,5;23,5;31;29,1;24,8;22,7;73;63;66;341;2,3;,7;
2026/03/25;2000 UTC;0;988,5;989,4;988,5;1647,9;30,1;23,4;30,7;29,6;24,2;22,5;70;62;67;5;3,1;,4;
2026/03/25;2100 UTC;0;988,2;988,5;988,2;777,4;29,6;23,8;30,1;29,5;25,6;23,1;78;67;71;35;1,8;,2;
2026/03/25;2200 UTC;0;988,3;988,3;988;388,6;28;24,4;29,7;28;25,7;24;83;71;81;28;1,5;,4;
2026/03/25;2300 UTC;0;988,8;988,8;988,3;17,4;26,2;24,6;28,1;26,2;24,6;24,1;91;79;91;26;1,8;0;
2026/03/26;0000 UTC;0;989,8;989,8;988,8;0;25,9;24,6;26,3;25,8;24,9;24,5;93;91;93;40;,6;,1;
2026/03/26;0100 UTC;0;991,1;991,1;989,8;0;26;24,5;26,4;25,9;24,9;24,3;93;89;91;36;1,7;0;
2026/03/26;0200 UTC;0;992;992;991,1;0;25,8;23,8;26,1;25,7;24,4;23,8;92;88;89;217;5,1;2;
2026/03/26;0300 UTC;,4;992,9;992,9;992;0;23,3;21,9;25,8;23,3;23,8;21,9;92;85;92;230;5,6;1,5;
2026/03/26;0400 UTC;7,6;992,5;992,9;992,5;0;22,8;22,3;23,4;22,7;22,3;21,6;97;92;97;35;4,3;,5;
2026/03/26;0500 UTC;2;992,2;992,6;992,1;0;22,9;22,4;23;22,6;22,5;21,9;97;96;97;25;2,3;0;
2026/03/26;0600 UTC;1,4;991,8;992,2;991,8;0;23,1;22,5;23,1;22,8;22,6;22,3;97;97;97;330;1,5;,4;
2026/03/26;0700 UTC;,2;991,4;991,8;991,4;0;23,1;22,6;23,1;23;22,6;22,5;97;97;97;6;1,6;,4;
2026/03/26;0800 UTC;1,2;991,3;991,4;991,3;0;23;22,4;23,1;23;22,6;22,4;97;97;97;36;1;0;
2026/03/26;0900 UTC;1,4;991,4;991,4;991,2;0;23,3;22,8;23,3;23;22,8;22,4;97;97;97;25;,8;0;
2026/03/26;1000 UTC;,4;991,7;991,7;991,4;0;23,3;22,7;23,4;23,2;22,9;22,7;97;97;97;117;1,7;,6;
2026/03/26;1100 UTC;3;992,7;992,7;991,7;1,8;23;22,4;23,4;22,9;22,8;22,4;97;97;97;322;2,5;,7;
2026/03/26;1200 UTC;12,4;993,8;993,8;992,7;86,4;23;22,5;23,1;22,8;22,6;22,3;97;97;97;249;2,8;1;
2026/03/26;1300 UTC;1,6;994,2;994,2;993,9;265,1;22,7;21,6;23,1;22,6;22,6;21,4;97;93;93;200;3,7;1,5;
2026/03/26;1400 UTC;,4;994,1;994,3;994,1;461,5;23,2;22;23,2;22,7;22,3;21,5;96;93;93;180;3,3;1,5;
2026/03/26;1500 UTC;0;993,8;994,1;993,8;720,4;24;22;24;23,2;22,4;21,8;94;88;88;63;3,3;,3;
2026/03/26;1600 UTC;0;994;994;993,8;662,1;24,1;22,2;24,4;24;22,6;21,6;90;85;89;172;2,9;1,4;
2026/03/26;1700 UTC;,2;993,6;994,2;993,6;900,4;25,1;22,1;25,1;24;22,9;21,6;90;82;83;85;2,8;,3;
2026/03/26;1800 UTC;0;992,4;993,6;992,4;1211,5;25,7;22,3;25,9;25,1;23,1;21,3;87;77;82;50;2,1;,5;
2026/03/26;1900 UTC;0;991,1;992,4;991,1;1261,2;26,4;22,2;26,8;25,4;23,2;21,5;85;77;78;94;2,4;,8;
2026/03/26;2000 UTC;0;990;991,1;990;1638,7;26,5;21,7;27,1;26;22,9;21,1;80;72;75;240;2,7;1,3;
2026/03/26;2100 UTC;,2;989,3;990;989,3;1048,8;25,9;22,7;27,1;25,9;22,9;21,4;83;72;82;34;2,7;0;
2026/03/26;2200 UTC;0;989;989,3;989;224,6;25,3;22,5;25,9;25,1;23;22,1;87;80;84;6;1,2;,1;
2026/03/26;2300 UTC;0;989,5;989,5;989;35;23,9;22,5;25,3;23,9;22,8;22,4;92;85;92;28;1;0;
2026/03/27;0000 UTC;0;990,5;990,5;989,5;0;23,3;22,7;23,8;23,3;22,8;22,4;97;92;97;27;0;0;
2026/03/27;0100 UTC;0;991,6;991,6;990,5;0;23,2;22,7;23,3;23,2;22,8;22,7;97;97;97;29;0;0;
2026/03/27;0200 UTC;0;992,4;992,4;991,6;0;23,4;22,8;23,5;23,2;23;22,7;97;97;97;25;,4;0;
2026/03/27;0300 UTC;0;993;993;992,4;0;23,3;22,8;23,4;23,2;22,8;22,6;97;97;97;9;,9;,1;
2026/03/27;0400 UTC;0;993;993,2;993;0;23,4;22,9;23,4;23,3;22,9;22,8;97;97;97;25;,9;0;
2026/03/27;0500 UTC;0;992,7;993;992,7;0;23,5;23;23,5;23,4;23;22,8;97;97;97;13;1,5;,1;
2026/03/27;0600 UTC;,6;992,2;992,7;992,2;0;23,5;22,8;23,6;23,5;23;22,6;97;95;96;24;1,2;0;
2026/03/27;0700 UTC;,2;991,7;992,2;991,7;0;23,5;23;23,6;23,3;23;22,7;97;96;97;21;,7;0;
2026/03/27;0800 UTC;,4;991,8;991,9;991,7;0;23,4;22,9;23,6;23,4;23,1;22,9;97;97;97;36;1,1;,1;
2026/03/27;0900 UTC;,2;991,8;991,8;991,7;0;23,4;22,9;23,5;23,3;23;22,8;97;97;97;12;,9;,2;
2026/03/27;1000 UTC;1;992,1;992,1;991,8;0;23,4;22,8;23,5;23,3;23;22,8;97;97;97;23;1,2;0;
2026/03/27;1100 UTC;,2;992,3;992,3;992,1;9;23,5;22,9;23,5;23,3;22,9;22,8;97;97;97;27;1;,3;
2026/03/27;1200 UTC;0;993;993;992,3;212,9;24;22,9;24;23,4;23,4;22,9;97;94;94;11;1;,3;
2026/03/27;1300 UTC;0;993,4;993,4;993;686,5;25;23,2;25;24;23,3;22,9;95;90;90;356;2,6;1,1;
2026/03/27;1400 UTC;0;993,2;993,4;993,2;1753,5;26,8;23,4;26,9;25;24;22,9;90;80;82;358;3,8;1,3;
2026/03/27;1500 UTC;0;993,3;993,3;993,2;1979,3;27,9;22,9;28,2;26,7;23,9;22,8;83;73;74;340;3,1;1,1;
2026/03/27;1600 UTC;0;992,5;993,3;992,5;1920,9;28,6;23;29,1;27,9;24,2;22,4;79;69;72;25;3,2;,3;
2026/03/27;1700 UTC;0;992;992,5;992;1178,3;29,3;23,2;29,3;28,4;24,3;22,5;77;68;70;22;1,9;0;
2026/03/27;1800 UTC;0;990,5;992;990,5;2228,9;29;23,4;30,8;29;24,2;22;73;62;72;189;2,7;1,1;
2026/03/27;1900 UTC;0;989,2;990,5;989,2;2264,8;30,7;24,9;30,7;28,3;24,9;22,9;79;66;71;325;3,3;,9;
2026/03/27;2000 UTC;0;988,1;989,2;988,1;1774,1;30,1;23,2;31,1;29,6;24,8;22,5;74;61;67;39;3,3;,8;
2026/03/27;2100 UTC;0;987,6;988,1;987,6;765;28,7;25,6;30,5;28,6;25,6;22,8;83;64;83;19;1,9;,1;
2026/03/27;2200 UTC;0;987,8;987,8;987,6;361,5;27,7;25,5;28,8;27,7;26;24,8;88;80;87;37;1,1;0;
2026/03/27;2300 UTC;0;988,2;988,2;987,8;38,8;25,9;24,2;27,7;25,9;25,6;23,9;90;87;90;23;,6;0;
2026/03/28;0000 UTC;0;989;989;988,2;0;25,3;23,8;25,9;25,2;24,3;23,8;92;90;92;28;0;0;
2026/03/28;0100 UTC;0;990,3;990,3;989;0;24,9;23,8;25,3;24,9;23,9;23,6;94;92;94;22;0;0;
2026/03/28;0200 UTC;0;991,2;991,2;990,3;0;25,1;24,5;25,1;24,8;24,5;23,8;96;94;96;25;0;0;
2026/03/28;0300 UTC;0;991,7;991,7;991,2;0;25,1;24;25,2;25,1;24,6;24;97;93;94;23;0;0;
2026/03/28;0400 UTC;0;992;992;991,7;0;25,1;24,4;25,2;25,1;24,5;24;96;94;96;28;0;0;
2026/03/28;0500 UTC;0;992;992,2;992;0;24,9;24,4;25,1;24,9;24,5;24,3;97;96;97;27;0;0;
2026/03/28;0600 UTC;0;991,6;992;991,6;0;25,4;23,6;25,5;24,8;24,4;23,6;97;89;89;31;2,3;1,2;
2026/03/28;0700 UTC;0;991;991,6;991;0;24,7;23,3;25,9;24,7;23,6;23;92;84;92;19;3,4;0;
2026/03/28;0800 UTC;0;990,5;991;990,4;0;24,8;23,4;24,9;24,7;23,5;23,2;92;91;92;27;1;,1;
2026/03/28;0900 UTC;0;990,5;990,5;990,3;0;24,2;23,1;24,9;24,2;23,4;23;94;92;94;22;1,2;0;
2026/03/28;1000 UTC;0;991,4;991,4;990,4;0;24,1;23,5;24,4;24;23,9;23,1;97;94;97;31;,9;0;
2026/03/28;1100 UTC;0;992,4;992,4;991,4;8,2;24,6;24;24,6;24,1;24;23,5;97;97;97;21;,7;,1;
2026/03/28;1200 UTC;0;993;993;992,5;166,8;25,2;23,5;25,2;24,6;24;23,4;97;90;90;20;3;1,2;
2026/03/28;1300 UTC;0;994;994;993;239;25,5;22,9;25,6;25,2;23,5;22,9;90;85;85;39;4,5;2;
2026/03/28;1400 UTC;0;994,9;995;994;84,2;24,9;23,2;25,5;24,9;23,3;22,9;90;85;90;39;4,5;,3;
2026/03/28;1500 UTC;2,6;995,2;995,2;994,9;50;24,5;23,7;24,9;24,3;23,9;23,1;97;89;96;8;2,2;,2;
2026/03/28;1600 UTC;5,2;995,5;995,5;995,1;85;24,4;23,9;24,5;24,2;23,9;23,7;97;96;97;29;,8;0;
2026/03/28;1700 UTC;13,8;995,6;995,7;995;141,3;22,5;21,9;24,6;22,5;24;21,5;97;93;96;215;9,1;3,1;
2026/03/28;1800 UTC;18;993,4;995,6;993,4;55,5;22,2;21,7;22,5;22;21,9;21,5;97;96;97;226;8,2;1,4;
2026/03/28;1900 UTC;4,6;992,2;993,4;992,2;132,2;22,2;21,7;22,3;22,2;21,8;21,7;97;97;97;267;5;1,5;
2026/03/28;2000 UTC;1;992;992,5;992;204,6;22,5;21,9;22,5;22,2;21,9;21,6;97;97;97;38;3,7;,1;
2026/03/28;2100 UTC;0;990,9;992;990,9;308,1;22,7;21,7;22,7;22,4;22;21,6;97;94;94;34;1,1;0;
2026/03/28;2200 UTC;0;991,2;991,2;990,7;188,5;22,7;21,5;22,9;22,6;21,9;21,4;95;93;93;31;,9;0;
2026/03/28;2300 UTC;,2;991,9;991,9;991,2;22,9;22,5;22;22,7;22,4;22;21,4;97;93;97;27;1,1;,3;
2026/03/29;0000 UTC;0;993,1;993,1;991,9;0;22,4;21,8;22,7;22,4;22,1;21,7;97;96;96;12;3,1;1,2;
2026/03/29;0100 UTC;0;994;994;993,1;0;22,2;21,7;22,4;22,2;21,7;21,5;97;95;97;36;2,7;0;
2026/03/29;0200 UTC;0;994,6;994,6;994;0;22,2;21,7;22,3;22,1;21,8;21,6;97;97;97;33;1,1;0;
2026/03/29;0300 UTC;0;994,9;994,9;994,6;0;22,1;21,6;22,3;22,1;21,8;21,6;97;97;97;29;1;0;
2026/03/29;0400 UTC;0;995,1;995,2;994,9;0;22,2;21,7;22,2;22,1;21,7;21,6;97;97;97;354;1,9;,3;
2026/03/29;0500 UTC;0;994,8;995,1;994,8;0;22;21,5;22,2;22;21,7;21,5;97;97;97;21;1,2;0;
2026/03/29;0600 UTC;0;993,8;994,8;993,8;0;22;21,5;22,1;21,9;21,6;21,4;97;97;97;14;1,1;,1;
2026/03/29;0700 UTC;0;993,2;993,8;993,2;0;21,8;21,3;22;21,7;21,5;21,2;97;97;97;11;1,2;,1;
2026/03/29;0800 UTC;0;992,8;993,2;992,8;0;21,6;21,1;21,8;21,6;21,3;21,1;97;97;97;9;1,6;,2;
2026/03/29;0900 UTC;0;993,2;993,2;992,8;0;21,7;21,2;21,8;21,6;21,3;21,1;97;97;97;30;1,4;0;
2026/03/29;1000 UTC;0;993,2;993,3;993,1;0;21,6;21;21,7;21,6;21,2;21;97;97;97;20;1,4;0;
2026/03/29;1100 UTC;0;993,9;993,9;993,2;20,7;21,8;21,2;21,8;21,6;21,3;21;97;97;97;39;1,1;0;
2026/03/29;1200 UTC;0;994,6;994,6;993,9;222,3;22,3;21,8;22,4;21,8;21,8;21,2;97;97;97;65;1,7;,4;
2026/03/29;1300 UTC;0;995,6;995,6;994,6;606,2;23,9;22,3;23,9;22,2;23;21,7;97;91;91;33;1,8;,2;
2026/03/29;1400 UTC;0;996,4;996,4;995,6;842,4;24,4;21,9;24,7;23,9;22,7;21,8;91;85;86;40;2,1;,4;
2026/03/29;1500 UTC;0;996;996,5;996;1036,6;25,9;22,3;26,3;24,3;22,9;21,7;89;78;81;48;2,4;,4;
2026/03/29;1600 UTC;0;995,3;996;995,3;3105,2;27,5;22,2;28,4;25,9;23,6;21,6;82;69;73;55;3,2;1,1;
2026/03/29;1700 UTC;0;994,8;995,3;994,8;2305,8;28;22,1;28,2;27,3;23,4;21,8;77;69;71;48;3,8;1,4;
2026/03/29;1800 UTC;0;993,4;994,8;993,4;2168;28,8;22,5;29,3;27,8;23,1;21,2;75;64;69;33;4,1;1,5;
2026/03/29;1900 UTC;0;991,8;993,4;991,8;1100,5;28,4;23,1;28,8;28;23,4;21,8;75;66;73;42;4,1;,3;
2026/03/29;2000 UTC;0;990,9;991,8;990,9;1004;27,8;22,5;29;27,8;23,8;22,1;75;67;73;52;3,8;,6;
2026/03/29;2100 UTC;0;990,7;990,9;990,6;1104;27,5;23,1;28,9;27,5;23,7;22,5;77;70;77;189;3,8;1,6;
2026/03/29;2200 UTC;0;991,1;991,1;990,7;249;26,3;23,8;27,6;26,3;24,3;23,1;87;77;86;39;3,5;,1;
2026/03/29;2300 UTC;0;991,8;991,8;991,1;37,5;25,2;23,5;26,4;25,2;24;23,4;90;84;90;47;2,3;,3;
2026/03/30;0000 UTC;0;992,7;992,7;991,8;0;24;21,9;25,3;24;23,5;21,4;90;81;88;296;3,2;,8;
2026/03/30;0100 UTC;0;994,1;994,1;992,7;0;23,8;22,4;24,2;23,7;22,5;21,9;92;88;92;28;3,1;0;
2026/03/30;0200 UTC;0;994,7;994,8;994,1;0;23,7;21,9;24,2;23,7;22,7;21,8;93;87;90;63;3;,3;
2026/03/30;0300 UTC;0;995;995,1;994,7;0;23,8;22,4;23,9;23,3;22,6;21,7;93;90;92;33;1,4;0;
2026/03/30;0400 UTC;0;994,8;995;994,8;0;23,4;22,3;23,8;23,4;22,5;22,3;94;92;94;33;1,2;0;
2026/03/30;0500 UTC;0;994,4;994,8;994,3;0;23,2;22,7;23,4;23,2;22,8;22,4;97;94;97;34;0;0;
2026/03/30;0600 UTC;0;994,4;994,5;994,4;0;23,6;23;23,6;23,2;23,1;22,7;97;97;97;33;,7;0;
2026/03/30;0700 UTC;0;994;994,4;994;0;23,4;22,7;23,6;23,4;23;22,5;97;95;96;40;1,2;,1;
2026/03/30;0800 UTC;0;993,4;994;993,4;0;23,3;22,4;23,5;23,3;22,6;22,3;96;94;95;120;2,6;,6;
2026/03/30;0900 UTC;0;993,3;993,5;993,2;0;23;22,4;23,3;22,9;22,5;22,3;97;95;97;46;1,6;,3;
2026/03/30;1000 UTC;0;993,6;993,6;993,3;0;22,9;22,4;23;22,8;22,4;22,3;97;97;97;47;2,8;,2;
2026/03/30;1100 UTC;0;994,3;994,3;993,6;6,8;23;22,3;23;22,8;22,4;22,3;97;96;96;32;1,6;0;
2026/03/30;1200 UTC;0;995,2;995,2;994,3;238,9;24,2;22,6;24,2;23;22,6;22,1;96;91;91;49;2;,4;
2026/03/30;1300 UTC;0;995,9;995,9;995,2;444,5;24,4;22,3;24,5;24,1;22,6;21,9;91;87;88;50;2,5;,3;
2026/03/30;1400 UTC;0;996,5;996,5;995,9;856,8;25,7;22,5;25,8;24,4;23;22;88;81;82;49;2,9;,7;
2026/03/30;1500 UTC;0;996,3;996,6;996,3;1249,1;26,7;22,6;26,7;25,7;23,2;21,9;83;77;78;59;2,8;,4;
2026/03/30;1600 UTC;0;995,7;996,3;995,7;1810,8;27,9;22,9;27,9;25,9;23,5;22,2;85;74;74;62;4,3;1;
2026/03/30;1700 UTC;0;994,5;995,7;994,5;2465,7;27,9;22,8;29,5;27,4;24,2;22,3;80;66;74;74;4,3;,8;
2026/03/30;1800 UTC;0;993,3;994,5;993,3;2262;29,2;22,9;30;28;24,8;22,1;75;65;69;104;5,1;1,1;
2026/03/30;1900 UTC;0;992;993,3;992;1720,5;29,5;21,5;30,1;28,8;23,5;21,5;71;62;62;102;4,5;1;
2026/03/30;2000 UTC;0;990,7;992;990,7;2250,3;29,3;22;31,2;29;23,4;20,8;67;57;65;89;6;1,3;
2026/03/30;2100 UTC;0;990;990,7;990;1271,8;29,7;21;31;28,6;22,8;20,4;68;59;60;85;4,6;1;
2026/03/30;2200 UTC;0;989,8;990;989,8;438,8;27,9;21,8;29,6;27,8;22,7;21,1;74;60;69;55;4;,4;
2026/03/30;2300 UTC;0;990,3;990,3;989,8;25,7;25;22,9;27,9;25;22,9;21,6;88;70;88;26;3;0;
2026/03/31;0000 UTC;0;991,3;991,3;990,3;0;24,4;22,8;25;24,4;23,1;22,6;91;88;91;24;0;0;
2026/03/31;0100 UTC;0;991,9;991,9;991,3;0;24;22,7;24,4;24;22,9;22,7;93;91;93;27;0;0;
2026/03/31;0200 UTC;0;992,4;992,5;991,9;0;23,8;22,8;24;23,8;22,8;22,7;94;93;94;24;0;0;
2026/03/31;0300 UTC;0;992,8;992,8;992,4;0;23,6;23,1;23,8;23,6;23,1;22,8;97;94;97;25;0;0;
2026/03/31;0400 UTC;0;993,2;993,2;992,8;0;23,6;22,8;23,6;23,5;23,1;22,8;97;95;95;15;,9;0;
2026/03/31;0500 UTC;0;993;993,2;993;0;23,5;22,5;23,6;23,3;22,9;22,5;97;94;94;21;1,6;0;
2026/03/31;0600 UTC;0;992,7;993;992,7;0;23,2;22,1;23,5;23,2;22,5;22,1;94;94;94;17;,8;0;
2026/03/31;0700 UTC;0;992;992,7;992;0;22,9;22;23,2;22,9;22,4;22;96;94;95;25;,8;0;
2026/03/31;0800 UTC;0;991,8;992,1;991,7;0;22,6;22;22,9;22,6;22,2;22;97;95;97;37;1,3;,1;
2026/03/31;0900 UTC;0;991,6;991,8;991,6;0;22,3;21,8;22,6;22,3;22;21,8;97;97;97;70;1,5;,3;
2026/03/31;1000 UTC;0;991,8;991,8;991,6;0;22,1;21,6;22,3;22,1;21,8;21,6;97;97;97;28;1,3;0;
2026/03/31;1100 UTC;0;992,2;992,2;991,8;17,7;22,4;21,9;22,4;22;21,9;21,5;97;97;97;82;1,2;,2;
2026/03/31;1200 UTC;0;993,3;993,3;992,2;149,6;23,9;22,4;23,9;22,4;22,5;22;97;91;92;75;1,8;,4;
2026/03/31;1300 UTC;0;993,8;993,8;993,3;527,9;26,9;23,9;26,9;23,9;23,9;22,5;92;83;84;98;2,2;,6;
2026/03/31;1400 UTC;0;994,2;994,2;993,8;2161,2;29,3;23,6;29,3;26,6;24,4;22,9;83;70;71;98;3;,8;
2026/03/31;1500 UTC;0;993,9;994,3;993,9;1691,6;29,5;23,2;29,9;28,6;24,9;22,5;78;66;69;23;2,4;0;
2026/03/31;1600 UTC;0;993,2;993,9;993,2;1312;29,9;24,2;30,7;29,3;24,5;22,1;73;64;71;55;1,8;,3;
2026/03/31;1700 UTC;0;992;993,2;992;1954,3;29;24,1;31,3;28,5;25;21,8;75;58;75;7;3,2;1,7;
2026/03/31;1800 UTC;0;990;992;990;2803;32,2;21,4;32,2;29;24,4;21,4;76;53;53;359;3,4;,6;
2026/03/31;1900 UTC;0;988,4;990;988,4;1921,5;32;22,6;32,5;30,9;24,7;21,5;69;53;58;3;3;1;
2026/03/31;2000 UTC;0;987,9;988,4;987,9;1229,5;30;23,9;32;29,9;24,3;22,2;70;58;70;49;4,2;,5;
2026/03/31;2100 UTC;0;987,8;987,9;987,5;786,7;29,6;23,5;30,3;29,6;24,8;22,8;74;65;70;348;2,6;1,1;
2026/03/31;2200 UTC;0;988,5;988,6;987,8;140,4;27,1;23,5;29,6;27,1;24,3;22,7;81;70;81;275;4,5;1,1;
2026/03/31;2300 UTC;0;988,5;988,6;988,5;21,6;26,1;23,7;27,1;26;23,9;23,4;88;81;87;10;2,5;,1;
2026/04/01;0000 UTC;0;989,4;989,4;988,4;0;25;23,2;26,1;25;23,8;23,2;90;86;90;31;1,3;0;
2026/04/01;0100 UTC;0;990,6;990,6;989,4;0;24,8;23,3;25;24,8;23,6;23,3;92;90;91;16;,8;0;
2026/04/01;0200 UTC;0;991,1;991,1;990,6;0;24,5;23,1;24,8;24,4;23,3;23,1;92;91;92;1;2,5;,3;
2026/04/01;0300 UTC;0;991,2;991,2;990,9;0;24,1;22,7;24,5;24,1;23;22,7;92;91;92;27;2,5;0;
2026/04/01;0400 UTC;0;991,3;991,5;991,2;0;23,9;22,7;24,1;23,7;22,8;22,5;93;92;93;17;1,4;,1;
2026/04/01;0500 UTC;0;991;991,3;991;0;23,4;22,9;23,9;23,4;22,9;22,4;97;93;97;30;,7;0;
2026/04/01;0600 UTC;0;991;991,1;990,8;0;24,2;23;24,2;23,4;23,6;22,9;97;93;93;44;3,1;1,3;
2026/04/01;0700 UTC;8,8;991,4;991,5;991;0;23,1;22,2;24,3;23,1;23;22,1;95;92;95;21;6,7;2,2;
2026/04/01;0800 UTC;8;991,5;991,5;991,3;0;22,7;21,6;23,2;22,7;22,6;21,5;97;93;94;18;7,1;2,4;
2026/04/01;0900 UTC;4,4;990,8;991,5;990,8;0;22,2;21,3;22,7;22,2;21,7;21,3;96;93;94;2;5,4;,9;
2026/04/01;1000 UTC;0;991;991,1;990,8;0;22,2;21,7;22,3;22,1;21,7;21,2;97;94;97;32;2,8;0;
2026/04/01;1100 UTC;0;991,1;991,2;990,8;11,2;22,3;21,8;22,3;22,1;21,8;21,6;97;97;97;29;1;0;
2026/04/01;1200 UTC;0;991,6;991,6;991,1;216,3;22,9;22;22,9;22,2;22,4;21,7;97;94;94;18;1,2;0;
2026/04/01;1300 UTC;0;992,6;992,6;991,6;640,1;24,7;22,8;24,7;22,9;22,9;21,9;95;89;89;47;1,8;,2;
2026/04/01;1400 UTC;0;992,8;992,8;992,6;1156;26,3;23;26,4;24,7;23,5;22,2;90;82;82;39;1,5;,2;
2026/04/01;1500 UTC;0;992,7;992,9;992,7;1538,9;27,2;22,9;27,2;26,1;23,6;22,3;84;76;77;45;1,9;,2;
2026/04/01;1600 UTC;0;992,3;992,7;992,3;1591,9;28,2;23,7;28,2;26,8;23,7;22,2;80;72;77;42;1,7;,5;
2026/04/01;1700 UTC;,2;991,5;992,3;991,5;1931,3;29,1;23,1;29,2;27,9;23,7;22,4;77;67;70;357;2,2;,6;
2026/04/01;1800 UTC;0;990,5;991,5;990,5;1446;28,8;22,8;29,4;28,6;24;22,5;75;69;70;322;2,9;1;
2026/04/01;1900 UTC;0;989,4;990,5;989,4;1570,5;29,6;22,7;29,9;28,8;23,9;22,1;72;65;66;360;4,2;,7;
2026/04/01;2000 UTC;0;988,2;989,4;988,2;1612,5;29,8;22,9;30,3;29,4;23,7;21,5;71;61;67;356;2,6;,6;
2026/04/01;2100 UTC;0;987,7;988,2;987,7;1092;29,6;23,3;30,1;29,3;23,8;21,7;71;63;69;2;2,2;,3;
2026/04/01;2200 UTC;0;988,2;988,2;987,7;394;27,6;24,6;29,8;27,6;24,9;22,3;84;65;84;22;1,1;0;
2026/04/01;2300 UTC;0;988,4;988,4;988;32,8;25,5;23,9;27,6;25,5;24,7;23,9;91;84;91;23;0;0;
2026/04/02;0000 UTC;0;989,8;989,8;988,4;0;26,1;24;26,1;25,1;24;23,6;92;88;88;49;3,2;1;
2026/04/02;0100 UTC;1;990,3;990,3;989,8;0;25,2;23,4;26,2;25,2;24,1;23,4;92;87;90;43;3,2;1,1;
2026/04/02;0200 UTC;0;991;991;990,3;0;24,1;23,1;25,2;24,1;23,4;23;94;90;94;33;3,2;0;
2026/04/02;0300 UTC;0;991,4;991,4;991;0;23,8;23,3;24,2;23,8;23,5;23,1;97;94;97;32;1,1;0;
2026/04/02;0400 UTC;0;991,6;991,6;991,4;0;23,6;23;23,8;23,5;23,2;23;97;97;97;34;,4;0;
2026/04/02;0500 UTC;0;991,1;991,6;991,1;0;23,5;22,9;23,7;23,5;23,2;22,9;97;97;97;20;0;0;
2026/04/02;0600 UTC;0;990,7;991,1;990,7;0;23,4;22,8;23,5;23,3;23;22,8;97;97;97;29;0;0;
2026/04/02;0700 UTC;0;990,2;990,8;990,2;0;23,3;22,8;23,5;23,3;23;22,7;97;97;97;34;0;0;
2026/04/02;0800 UTC;0;990,2;990,2;990,1;0;23,6;23;23,8;23,2;23,2;22,7;97;97;97;43;2;,3;
2026/04/02;0900 UTC;0;990,9;990,9;990,2;0;23,3;22,7;23,6;23,2;23;22,7;97;97;97;29;1,6;,1;
2026/04/02;1000 UTC;,2;991,4;991,4;990,9;0;23,1;22,6;23,4;23,1;22,8;22,6;97;97;97;25;1,3;,1;
2026/04/02;1100 UTC;0;992,1;992,1;991,4;13,2;22,6;22,1;23,1;22,6;22,6;22,1;97;97;97;32;,7;0;
2026/04/02;1200 UTC;0;993,4;993,4;992,1;245,9;24,2;23,7;24,2;22,6;23,7;22,1;97;97;97;38;1,7;,5;
2026/04/02;1300 UTC;0;994;994;993,4;482;26,1;23,3;26,2;24,2;23,9;22,8;97;84;85;48;2,8;,7;
2026/04/02;1400 UTC;0;994,4;994,6;994;1570,2;27,3;23,6;27,9;25,9;24,3;22,8;85;77;80;31;2,8;1,2;
2026/04/02;1500 UTC;0;994,2;994,6;994,2;1537,8;29;23,4;29,1;27,3;24,3;22,6;82;70;72;40;2,6;,3;
2026/04/02;1600 UTC;0;993,4;994,2;993,4;3137,9;29,9;22,1;30,8;28,8;23,9;22,1;74;61;63;42;3;1,1;
2026/04/02;1700 UTC;0;992,2;993,4;992,2;2097,2;30,7;22,6;30,7;29,8;24,2;22;70;61;62;14;3,6;,5;
2026/04/02;1800 UTC;0;990,6;992,2;990,6;1849,7;29,6;24,2;31,8;29,1;24,9;22;77;58;73;161;2,6;,6;
2026/04/02;1900 UTC;0;988,8;990,6;988,8;1679,2;30,3;23,5;31,8;28,9;24,7;22,8;77;60;67;62;3,8;,5;
2026/04/02;2000 UTC;0;987,4;988,7;987,4;1829,4;31,5;23,5;32,7;29,5;24,3;21,8;72;54;63;53;3;,8;
2026/04/02;2100 UTC;0;987,3;987,4;987;626;29,1;24,1;31,4;29,1;24,8;22,6;75;62;74;49;3;,5;
2026/04/02;2200 UTC;0;987,7;987,7;987,3;201;26,1;24,1;29,6;26,1;24,7;23,5;89;70;89;37;5,3;0;
2026/04/02;2300 UTC;0;988,9;988,9;987,7;18,5;25,6;24,1;26,1;25,4;24,2;23,7;92;88;92;22;1,5;0;
2026/04/03;0000 UTC;0;990,1;990,1;988,9;0;25,2;24;25,6;25,2;24,1;23,9;93;92;93;22;0;0;
2026/04/03;0100 UTC;0;991,3;991,3;990,1;0;25;24,2;25,2;24,7;24,4;23,8;96;93;96;6;1,4;,5;
2026/04/03;0200 UTC;0;992,3;992,3;991,3;0;24,3;23,3;25,1;24,3;24,2;23,3;95;93;94;29;1,4;0;
2026/04/03;0300 UTC;0;992,6;992,8;992,3;0;24,2;23,5;24,4;24,1;23,7;23,2;97;94;96;40;1,3;,1;
2026/04/03;0400 UTC;0;993,1;993,1;992,5;0;24,2;23,5;24,3;24,1;23,7;23,3;97;95;96;15;,9;0;
2026/04/03;0500 UTC;0;992,8;993,3;992,8;0;24,2;23,5;24,3;23,9;23,5;22,8;97;94;96;16;1,3;,3;
2026/04/03;0600 UTC;0;992,6;992,8;992,6;0;23,8;23,2;24,2;23,6;23,4;22,6;96;93;96;16;1;0;
2026/04/03;0700 UTC;1,8;992,4;992,8;992,4;0;24;23;24,1;23,8;23,3;22,6;96;92;94;10;1,9;,2;
2026/04/03;0800 UTC;0;991,8;992,4;991,8;0;23,4;22,5;24;23,4;23;22,5;95;94;95;357;2,4;,3;
2026/04/03;0900 UTC;0;991,7;991,8;991,6;0;23,4;22,8;23,4;23,3;22,9;22,5;97;95;97;20;1,7;,4;
2026/04/03;1000 UTC;0;992,3;992,3;991,6;0;23,3;22,7;23,4;23,2;22,8;22,6;97;97;97;15;1,1;,2;
2026/04/03;1100 UTC;0;992,9;992,9;992,3;17,8;23,4;22,9;23,4;23,2;22,9;22,7;97;97;97;142;1,6;,7;
2026/04/03;1200 UTC;0;994;994;992,9;256,1;24;22,8;24,1;23,4;23;22,7;97;93;93;165;2,5;1;
2026/04/03;1300 UTC;0;995;995;994;584,3;25,4;22,9;25,4;24;23,1;22,7;93;86;86;46;2,5;,2;
2026/04/03;1400 UTC;0;995,5;995,5;995;1429,9;26,5;22,9;27,2;25,4;23,9;22,7;87;78;81;7;1,7;,6;
2026/04/03;1500 UTC;2,8;995,6;995,9;995,5;997,1;26,1;23,5;26,7;25,4;24,7;22,9;92;81;85;337;3,6;,8;
2026/04/03;1600 UTC;,6;994,7;995,6;994,7;1062,3;26,1;23,5;26,8;25,6;24,5;22,9;90;84;86;341;3,8;,6;
2026/04/03;1700 UTC;0;993,1;994,7;993,1;2204,5;28,3;24,5;28,3;26,1;24,6;23,1;87;78;80;347;4,1;,9;
2026/04/03;1800 UTC;0;992,3;993,2;992,2;1523,2;28,1;24;28,6;28;24,7;23;80;73;79;29;4,6;1;
2026/04/03;1900 UTC;1;991,3;992,3;991,2;301,6;25,8;24,1;28,1;25,7;24,7;23,2;91;77;91;354;2,9;,6;
2026/04/03;2000 UTC;0;990,8;991,3;990,8;553,2;27;24,8;27;25,8;24,8;24,2;92;87;88;18;1,6;,1;
2026/04/03;2100 UTC;0;990,9;991;990,8;725,5;27;23,7;27,4;26,9;24,7;23,2;88;79;82;348;2,4;,5;
2026/04/03;2200 UTC;0;991;991;990,7;365;26,2;24,3;27,3;26,2;24,7;23,7;89;82;89;121;2,4;,5;
2026/04/03;2300 UTC;0;991,5;991,5;991;35,8;25,1;24,1;26,2;25,1;24,3;24;94;89;94;18;1,3;0;
2026/04/04;0000 UTC;0;992,1;992,1;991,5;0;24,8;24,2;25,1;24,7;24,3;24;97;94;97;28;,6;0;
2026/04/04;0100 UTC;0;993,5;993,5;992;0;24,5;23,9;24,9;24,4;24,3;23,8;97;97;97;29;,4;0;
2026/04/04;0200 UTC;0;993,9;993,9;993,5;0;24,4;23,9;24,7;24,4;24,1;23,8;97;97;97;30;,4;0;
2026/04/04;0300 UTC;0;994,3;994,3;993,9;0;24,5;24;24,6;24,3;24;23,8;97;97;97;44;1,5;,4;
2026/04/04;0400 UTC;0;994;994,3;994;0;24,4;23,9;24,6;24,4;24,1;23,9;97;97;97;24;1,3;0;
2026/04/04;0500 UTC;0;993,4;994;993,4;0;24,3;23,8;24,4;24;23,9;23,5;97;97;97;15;,8;,1;
2026/04/04;0600 UTC;0;993,2;993,5;993,1;0;24,1;23,5;24,3;24,1;23,7;23,5;97;97;97;10;1,5;,1;
2026/04/04;0700 UTC;0;992,6;993,2;992,6;0;23,9;23,3;24,1;23,8;23,5;23,2;97;97;97;19;1,1;0;
2026/04/04;0800 UTC;0;992,5;992,7;992,5;0;23,7;23,2;23,9;23,6;23,3;23,1;97;97;97;360;1,5;,2;
2026/04/04;0900 UTC;0;992,4;992,5;992,3;0;23,4;22,8;23,7;23,4;23,2;22,8;97;97;97;19;1,8;,1;
2026/04/04;1000 UTC;0;992,5;992,5;992,2;0;23,4;22,9;23,5;23,4;22,9;22,8;97;97;97;134;1,9;,7;
2026/04/04;1100 UTC;0;993,5;993,5;992,5;14,7;23,3;22,7;23,4;23,2;22,9;22,7;97;97;97;28;1,9;0;
2026/04/04;1200 UTC;0;994,5;994,5;993,5;299,6;24,5;23,3;24,5;23,3;23,7;22,7;97;93;93;359;1,3;,4;
2026/04/04;1300 UTC;0;995,4;995,4;994,5;462,8;25,8;23,5;26,1;24,5;23,8;22,7;93;84;87;38;1,8;,1;
2026/04/04;1400 UTC;0;995,6;995,7;995,4;1842,1;28,4;24;28,5;25,8;24,4;22,8;88;73;77;51;2,2;,4;
2026/04/04;1500 UTC;0;995,5;995,6;995,5;2454,2;29,5;23,9;29,7;27,9;25,2;23;79;71;72;56;3,3;,7;
2026/04/04;1600 UTC;0;994,4;995,5;994,4;2185,4;30,2;23,9;30,6;29;24,9;23,1;77;66;69;32;3,3;,2;
2026/04/04;1700 UTC;17,8;993,3;994,5;993,3;511,7;24,9;24,3;30,2;23,6;24,4;21,8;97;68;97;5;4,5;,1;
2026/04/04;1800 UTC;0;991,7;993,3;991,7;3188,1;30,5;23,8;31,1;24,9;26,2;23,4;97;66;67;346;2,9;,7;
2026/04/04;1900 UTC;,2;990,6;991,7;990,6;1980,9;31;24,3;31,2;28,1;25,5;23,2;84;65;68;48;2,9;,3;
2026/04/04;2000 UTC;0;989,5;990,6;989,3;946,4;26,2;22,4;31,1;26,2;24,8;22,2;85;65;80;192;5,6;1,7;
2026/04/04;2100 UTC;0;989,9;990,6;989,5;201,3;25,2;23,2;26,2;25,2;23,5;22,4;89;80;89;37;3,7;0;
2026/04/04;2200 UTC;0;990,8;991;989,9;26,5;25,1;22,8;26,1;25,1;23,7;22,7;90;84;87;38;7,2;2,2;
2026/04/04;2300 UTC;,2;991,7;991,7;990,8;,8;24,2;22,8;25,1;24,2;22,9;22,7;92;87;92;46;5,1;,5;
2026/04/05;0000 UTC;,4;993,1;993,1;991,7;0;24;22,8;24,2;24;22,8;22,7;93;92;93;47;3,3;,4;
2026/04/05;0100 UTC;0;994;994;993,1;0;24,2;22,4;24,2;24;22,9;22,4;93;90;90;53;4,9;1,2;
2026/04/05;0200 UTC;,2;994;994,3;994;0;23,3;21,4;24,2;23,3;22,3;21,4;91;89;89;49;4,9;,4;
2026/04/05;0300 UTC;0;993,1;994;993,1;0;23,1;21,9;23,3;22,8;21,9;21,3;93;89;93;32;2,3;,8;
2026/04/05;0400 UTC;0;993,1;993,1;992,8;0;22,8;21,6;23,2;22,8;21,9;21,5;93;92;93;25;2;,3;
2026/04/05;0500 UTC;0;992,7;993,3;992,7;0;22,9;21,8;23;22,7;21,9;21,5;94;93;94;359;1,5;,4;
2026/04/05;0600 UTC;0;992,9;993,2;992,7;0;22,7;22,1;22,9;22,6;22,1;21,6;96;93;96;20;1,6;,1;
2026/04/05;0700 UTC;0;992,8;993;992,8;0;22,5;22;22,7;22,4;22,1;21,8;97;95;97;121;2,1;,7;
2026/04/05;0800 UTC;0;993,1;993,1;992,8;0;22,5;21,6;22,6;22,5;22,1;21,6;97;94;95;70;2,5;,4;
2026/04/05;0900 UTC;0;993,1;993,2;993,1;0;22,4;21,9;22,5;22,4;21,9;21,6;97;95;97;22;1,3;0;
2026/04/05;1000 UTC;0;994,1;994,1;993,1;0;22,1;21,6;22,4;22,1;21,9;21,6;97;97;97;22;0;0;
2026/04/05;1100 UTC;0;994,6;994,6;994;26,1;22,2;21,7;22,2;22;21,7;21,5;97;97;97;34;0;0;
2026/04/05;1200 UTC;0;995,1;995,1;994,5;386,3;24,6;22,9;24,6;22,2;23,2;21,7;97;90;90;53;2,1;,4;
2026/04/05;1300 UTC;0;995,5;995,5;995,1;742,3;25,7;22,9;25,7;24,4;23,2;22,3;90;84;85;55;1,6;,3;
2026/04/05;1400 UTC;0;995,7;995,7;995,5;1449,1;26,4;23,1;26,9;25,6;23,9;22,5;86;80;82;73;2,2;,7;
2026/04/05;1500 UTC;0;995,7;995,8;995,6;1791,3;27,9;23,6;28,1;26,3;23,9;22,4;83;71;77;29;2,2;,6;
2026/04/05;1600 UTC;0;995;995,7;995;1877,9;28,4;21,8;28,8;27,8;23,5;21,8;77;67;67;46;2,7;1;
2026/04/05;1700 UTC;0;993,9;995;993,9;2983,8;30,1;22,7;30,3;28,3;24;21,7;73;64;64;44;3,5;,5;
2026/04/05;1800 UTC;0;992,5;993,9;992,5;2555,3;31,1;22,9;31,1;29,5;24,2;21,8;70;60;62;34;3,1;,4;
2026/04/05;1900 UTC;0;991;992,5;991;1526,2;29,9;23,1;31,8;29,3;24,2;21,5;72;56;67;55;2,4;,3;
2026/04/05;2000 UTC;0;989,5;991;989,5;1435,5;31;23,7;31,8;28,9;24,5;21,8;76;57;65;175;3,2;1,6;
2026/04/05;2100 UTC;0;989,4;989,5;989,2;1356,8;30,2;23,2;31,8;30;24,4;22;71;60;66;53;3,4;,4;
2026/04/05;2200 UTC;0;989,8;989,8;989,4;297,4;26,9;22,9;30,2;26,9;24,1;22,7;80;64;79;25;1,5;0;
2026/04/05;2300 UTC;0;991;991;989,8;35,5;25,7;23,9;26,9;25,7;24,3;23,1;90;79;90;23;0;0;
2026/04/06;0000 UTC;0;991,8;991,8;991;0;25,6;23,5;25,9;25,5;24,2;23,5;91;88;88;50;1,7;,2;
2026/04/06;0100 UTC;0;992,3;992,3;991,8;0;24,8;23,3;25,7;24,8;23,5;23,1;91;86;91;32;1,8;0;
2026/04/06;0200 UTC;0;992,3;992,5;992,3;0;24,3;22,9;24,8;24,3;23,3;22,9;93;91;92;26;,7;0;
2026/04/06;0300 UTC;0;992,4;992,5;992,3;0;24;22,9;24,4;24;23,4;22,8;95;92;94;25;,6;0;
2026/04/06;0400 UTC;0;992,2;992,4;992,2;0;23,8;23,3;24;23,8;23,4;22,8;97;94;97;25;,8;0;
2026/04/06;0500 UTC;0;992,2;992,3;992,1;0;24;23,5;24;23,5;23,5;22,9;97;97;97;32;1,5;,7;
2026/04/06;0600 UTC;0;992,1;992,1;991,8;0;23,2;22,6;24;23,1;23,5;22,6;97;96;97;33;1,5;0;
2026/04/06;0700 UTC;0;992,1;992,1;992;0;23,2;22,6;23,2;23,1;22,7;22,5;97;97;97;31;1,2;0;
2026/04/06;0800 UTC;0;992,3;992,3;992;0;23,2;22,7;23,3;23,1;22,8;22,6;97;97;97;46;,9;,1;
2026/04/06;0900 UTC;0;992,2;992,4;992,2;0;23,4;22,8;23,4;23;22,8;22,5;97;97;97;55;1,4;,2;
2026/04/06;1000 UTC;0;992,5;992,5;992,2;0;23,5;23;23,5;23,4;23;22,8;97;97;97;61;2,2;,4;
2026/04/06;1100 UTC;0;993,3;993,3;992,5;15;23,9;23,3;23,9;23,5;23,3;23;97;97;97;32;1,9;0;
2026/04/06;1200 UTC;0;994,3;994,3;993,3;253,4;24,9;23,3;24,9;23,9;23,5;23,2;97;90;91;27;1;0;
2026/04/06;1300 UTC;0;994,6;994,7;994,3;792,6;26,2;23,1;26,2;24,9;23,6;22,8;91;83;83;62;1,7;,5;
2026/04/06;1400 UTC;0;994,6;994,8;994,6;1937,1;28,1;23,7;28,4;26,2;24,1;22,7;84;74;77;26;3,1;,1;
2026/04/06;1500 UTC;0;994,2;994,6;994,2;2524,2;29,7;23,8;30,3;27,9;24,7;22,7;80;68;71;31;2,9;,8;
2026/04/06;1600 UTC;0;993,4;994,2;993,4;2361,4;30,1;23,6;30,6;29,6;24,8;22,3;75;63;68;20;2,6;,8;
2026/04/06;1700 UTC;0;992,6;993,4;992,6;2389,6;31,1;21,7;31,5;29,6;24,3;21,7;70;57;57;34;3,3;,2;
2026/04/06;1800 UTC;0;991,2;992,6;991,2;2974;31,9;23,9;31,9;31;24,2;21,9;66;57;63;33;4,6;1,1;
2026/04/06;1900 UTC;0;989,9;991,2;989,9;2733,5;31,9;22,6;32,4;31,4;24;21,7;64;54;58;3;4,2;1,9;
2026/04/06;2000 UTC;0;989;989,9;989;1312,4;30,4;23,5;32,1;30,3;23,8;21,8;68;56;67;52;4,6;1;
2026/04/06;2100 UTC;0;988,8;989;988,6;946,8;28,7;23,4;30,5;28,7;24,5;23,2;75;65;73;204;3,9;1,5;
2026/04/06;2200 UTC;0;989,3;989,3;988,8;434,6;27,7;24,3;29;27,7;25,1;23,4;85;72;82;190;3,3;1,4;
2026/04/06;2300 UTC;0;990,5;990,5;989,3;42;25,8;23,7;27,7;25,8;24,3;23,5;88;80;88;23;3;0;
2026/04/07;0000 UTC;0;991,4;991,4;990,5;0;25,3;23,8;25,8;25,3;23,9;23,4;91;87;91;26;0;0;
2026/04/07;0100 UTC;0;992,3;992,3;991,4;0;25,2;23,7;25,5;25,1;23,9;23,6;92;91;92;2;1,1;,3;
2026/04/07;0200 UTC;0;993;993,1;992,3;0;25,3;23;25,8;25,2;23,8;23;92;86;87;2;3,9;,3;
2026/04/07;0300 UTC;0;993,4;993,4;992,9;0;24,2;22,4;25,3;24,2;23,1;22,4;90;87;90;21;2,1;,1;
2026/04/07;0400 UTC;0;993,4;993,7;993,4;0;24,1;22,6;24,2;23,8;22,6;22,3;92;90;91;15;1,3;,5;
2026/04/07;0500 UTC;0;992,7;993,4;992,7;0;23,6;22,3;24,1;23,5;22,6;22,2;93;90;92;10;1,3;0;
2026/04/07;0600 UTC;0;992,2;992,7;992,2;0;23,2;22,2;23,6;23,2;22,3;22,1;94;92;94;28;0;0;
2026/04/07;0700 UTC;0;991,8;992,2;991,8;0;23,1;22,6;23,2;23,1;22,6;22,2;97;94;97;28;0;0;
2026/04/07;0800 UTC;0;991,8;991,8;991,7;0;23,1;22,6;23,1;23;22,6;22,5;97;97;97;31;0;0;
2026/04/07;0900 UTC;0;991,9;991,9;991,7;0;23,1;22,6;23,1;23;22,6;22,5;97;97;97;27;0;0;
2026/04/07;1000 UTC;0;992,5;992,5;991,9;0;23,1;22,6;23,1;22,9;22,6;22,4;97;97;97;25;0;0;
2026/04/07;1100 UTC;0;993,3;993,3;992,5;15;22,9;22,4;23,1;22,8;22,5;22,2;97;97;97;25;0;0;
2026/04/07;1200 UTC;0;994;994;993,3;134,5;25,2;24,2;25,2;22,9;24,2;22,4;97;94;94;23;0;0;
2026/04/07;1300 UTC;0;994,7;994,7;994;513,6;27,3;23,9;27,5;25,3;24,6;23,2;94;81;81;284;1,8;,8;
2026/04/07;1400 UTC;0;995,5;995,5;994,7;1971,7;28,9;23,4;30;27,3;24,7;23,3;82;70;72;4;2,6;,6;
2026/04/07;1500 UTC;0;995;995,5;995;1935,4;30,4;24,2;30,4;28,9;25,1;23,2;75;69;70;139;2,6;,8;
2026/04/07;1600 UTC;0;994,4;995;994,4;1949,3;31,1;24,6;31,2;30,1;25,6;23,2;73;64;68;23;2,9;,2;
2026/04/07;1700 UTC;0;993,3;994,4;993,3;2285;31;24,2;32,1;30,7;25;22,8;70;61;67;344;4,6;2;
2026/04/07;1800 UTC;,6;991,8;993,3;991,8;1587,3;27,4;23,4;32,2;27,4;26,1;21,7;79;60;79;46;6,2;2,7;
2026/04/07;1900 UTC;0;990,9;991,9;990,9;1485,2;29;23,6;30,2;27,3;25;23,1;83;68;73;28;6,2;2,7;
2026/04/07;2000 UTC;0;990,8;991,1;990,6;921,2;29,8;24,4;29,9;28,4;24,9;22,6;79;70;73;23;5,2;1,1;
2026/04/07;2100 UTC;3,6;991,4;991,6;990,5;603,2;24,6;23,1;30;24,4;24,8;21,5;91;70;91;101;12,2;,7;
2026/04/07;2200 UTC;0;991,3;991,5;991,1;97,4;24,6;23,3;25,2;24,5;24;23,1;93;91;93;106;1,7;,6;
2026/04/07;2300 UTC;0;992;992;991,2;16;24,4;23,5;24,7;24,3;23,6;23,2;95;93;95;64;1,6;,4;
2026/04/08;0000 UTC;0;992,9;992,9;992;0;24,1;23,6;24,4;24,1;23,9;23,2;97;94;97;41;1,2;0;
2026/04/08;0100 UTC;0;993,6;993,6;992,9;0;23,9;23,1;24,3;23,9;23,7;23;97;94;95;28;1,2;0;
2026/04/08;0200 UTC;0;994;994;993,6;0;23,7;22,6;24;23,7;23,4;22,6;97;94;94;15;1,4;,3;
2026/04/08;0300 UTC;0;994,4;994,4;994;0;23,7;23,1;23,8;23,4;23,1;22,4;97;93;96;13;1,2;,1;
2026/04/08;0400 UTC;0;994,2;994,6;994,2;0;23,7;23,1;23,8;23,7;23,3;23,1;97;96;97;25;1,2;0;
2026/04/08;0500 UTC;0;993,3;994,2;993,3;0;23,6;23;23,7;23,5;23,1;22,9;97;97;97;39;,9;0;
2026/04/08;0600 UTC;0;992,8;993,3;992,8;0;23,5;23;23,6;23,4;23;22,9;97;97;97;22;,6;0;
2026/04/08;0700 UTC;0;992,5;992,8;992,5;0;23,3;22,8;23,6;23,3;23;22,8;97;97;97;29;0;0;
2026/04/08;0800 UTC;0;992,7;992,7;992,3;0;23,3;22,8;23,4;23,2;22,9;22,7;97;97;97;28;0;0;
2026/04/08;0900 UTC;,2;993,1;993,1;992,7;0;23,1;22,5;23,4;23;22,9;22,5;97;97;97;28;,9;0;
2026/04/08;1000 UTC;0;994;994;993;0;22,9;22,4;23,1;22,8;22,5;22,3;97;97;97;14;0;0;
2026/04/08;1100 UTC;0;994,9;994,9;994;11,9;23,2;22,6;23,2;22,9;22,7;22,4;97;97;97;247;1,4;,7;
2026/04/08;1200 UTC;0;995,8;995,8;994,9;208,5;23,7;23,2;23,8;23,1;23,2;22,6;97;97;97;97;1,7;,6;
2026/04/08;1300 UTC;0;996,2;996,2;995,8;710,1;26,1;22,9;26,6;23,7;24,3;22,9;97;82;82;175;2;,6;
2026/04/08;1400 UTC;0;996,6;996,6;996,2;2068,3;28,5;23,4;28,7;26,1;24,5;22,9;84;73;74;52;2,4;,3;
2026/04/08;1500 UTC;0;996,4;996,6;996,3;2694,2;29,4;23,5;30;28,3;24,4;22,7;76;67;71;39;3,1;1;
2026/04/08;1600 UTC;0;996;996,4;996;3014,1;30,6;22,7;30,7;29,1;24,7;22,5;74;63;63;353;3,2;1,5;
2026/04/08;1700 UTC;0;994,6;996;994,6;2880,9;31,7;23,6;31,9;30,6;24,6;22,6;67;60;62;330;3,4;,9;
2026/04/08;1800 UTC;0;992,6;994,6;992,6;2598,9;32,4;23,4;32,6;30,8;24,4;22,1;66;58;59;284;3,7;1,6;
2026/04/08;1900 UTC;0;991;992,6;991;2648;31,7;23,1;32,7;31,5;24,2;22,4;64;56;60;303;5;1,2;
2026/04/08;2000 UTC;0;989,9;991;989,9;1272,2;30,6;24,4;32,2;30,6;25,3;22,6;71;57;69;128;3,4;1,2;
2026/04/08;2100 UTC;0;990,1;990,1;989,8;587,3;27,9;24;31,3;27,9;25,6;23,2;79;64;79;147;4;1,3;
2026/04/08;2200 UTC;0;990,9;990,9;990,1;341;27;23,1;28,1;26,8;24,6;22,6;82;74;79;12;4;,3;
2026/04/08;2300 UTC;0;992,5;992,5;990,9;57,7;24,8;22,2;27,1;24,8;24,2;22;85;78;85;56;8,7;2,9;
2026/04/09;0000 UTC;0;992,7;993,1;992,5;0;24,5;22,3;24,9;24,4;22,6;22;88;85;88;44;7,3;2;
2026/04/09;0100 UTC;0;994;994;992,6;0;24,2;22,3;24,5;24,2;22,5;22,2;90;88;90;41;4;,2;
2026/04/09;0200 UTC;0;994,4;994,5;994;0;24;22,4;24,2;23,9;22,5;22,3;91;89;91;7;2,1;,1;
2026/04/09;0300 UTC;0;994,6;994,6;994,2;0;23,6;22,5;24;23,6;22,5;22,3;93;91;93;31;1,5;,1;
2026/04/09;0400 UTC;0;994,2;994,6;994,2;0;23,7;22,6;23,7;23,5;22,6;22,4;94;93;94;29;1,3;0;
2026/04/09;0500 UTC;0;993;994,2;993;0;23,7;22,6;23,8;23,6;22,7;22,5;94;93;93;12;2,4;,7;
2026/04/09;0600 UTC;0;992,7;993;992,6;0;23,6;22,4;23,7;23,5;22,7;22,3;95;93;93;26;2,1;,7;
2026/04/09;0700 UTC;0;992,7;992,8;992,6;0;23,5;22,3;23,6;23,4;22,6;22,2;94;93;93;37;2,8;,8;
2026/04/09;0800 UTC;0;992,7;992,7;992,6;0;23,5;22,3;23,7;23,4;22,6;22,2;94;93;93;4;2,5;,2;
2026/04/09;0900 UTC;0;993,4;993,4;992,7;0;23,5;22,4;23,6;23,4;22,6;22,3;94;93;94;32;2,3;0;
2026/04/09;1000 UTC;0;994,1;994,1;993,4;0;23,6;22,5;23,7;23,4;22,6;22,4;95;93;93;245;2;,9;
2026/04/09;1100 UTC;,2;994,6;994,6;994,1;11,2;23,4;22,8;23,6;23,3;22,8;22,4;97;93;96;123;2,5;,7;
2026/04/09;1200 UTC;0;995,5;995,5;994,6;209,3;23,9;22,7;23,9;23,4;23,2;22,6;97;93;93;101;2,2;,6;
2026/04/09;1300 UTC;0;996,3;996,3;995,5;629,2;25,1;23,1;25,1;23,9;23,1;22,6;93;87;89;9;2,1;,4;
2026/04/09;1400 UTC;0;997;997;996,3;882,1;25,9;23;26,1;25;23,5;22,7;89;84;84;48;1,5;,2;
2026/04/09;1500 UTC;0;997,1;997,2;997;1267,6;27,2;23,8;27,3;25,7;23,8;22,8;85;79;82;65;1,6;,5;
2026/04/09;1600 UTC;0;996,7;997,1;996,7;1749,9;28,7;23,8;29,1;27,1;24,8;22,8;82;73;75;31;2,5;,3;
2026/04/09;1700 UTC;0;996;996,7;996;3056,8;29,4;23,7;30,1;28,5;24,9;22,4;78;67;71;38;3,3;,8;
2026/04/09;1800 UTC;0;994;996;994;3318,5;30,8;22,5;31,4;29,4;24,1;21,7;71;58;61;346;2,5;1;
2026/04/09;1900 UTC;0;991,9;994;991,9;1973,6;29,7;22,7;31,7;29,7;23,7;21,3;69;55;66;43;3,3;,3;
2026/04/09;2000 UTC;0;990,6;991,9;990,6;1989,3;31,5;22,6;31,9;29,6;24,3;21,9;73;57;59;229;4;2;
2026/04/09;2100 UTC;0;990,1;990,6;990,1;2056,8;31,2;22;32,5;31;23,7;21,6;62;55;58;274;4,6;1,2;
2026/04/09;2200 UTC;0;990,6;990,6;990,1;839,8;29;23,3;31,7;29;23,3;21,3;71;56;71;53;3,4;,5;
2026/04/09;2300 UTC;0;991;991;990,5;14,4;26,6;23,8;29,4;26,6;23,9;22,4;84;66;84;60;3,6;,3;
2026/04/10;0000 UTC;0;991,4;991,4;991;0;25,9;24;26,6;25,9;24,1;23,6;90;84;90;19;1,4;0;
2026/04/10;0100 UTC;0;992,8;992,8;991,4;0;25,3;23,7;25,9;25,2;24;23,7;92;89;91;34;1;,1;
2026/04/10;0200 UTC;0;993,8;993,8;992,8;0;25;23,5;25,4;24,9;23,7;23,4;92;90;92;22;1,4;0;
2026/04/10;0300 UTC;0;994,7;994,7;993,8;0;24,7;23,6;25;24,5;23,6;23,3;94;92;94;22;0;0;
2026/04/10;0400 UTC;0;995;995;994,7;0;24,5;23,3;24,8;24,5;23,6;23,3;94;93;93;27;0;0;
2026/04/10;0500 UTC;0;994,7;995;994,6;0;24,2;23,1;24,5;24,2;23,3;23,1;94;93;93;28;0;0;
2026/04/10;0600 UTC;0;994,7;994,7;994,6;0;24,1;23;24,2;24;23,1;22,8;94;93;94;32;0;0;
2026/04/10;0700 UTC;0;994,4;994,7;994,4;0;23,9;22,9;24,1;23,9;23;22,8;94;93;94;32;0;0;
2026/04/10;0800 UTC;0;994,5;994,5;994,3;0;24,4;23;24,4;23,9;23;22,8;94;91;91;41;1,7;,3;
2026/04/10;0900 UTC;0;994,6;994,6;994,5;0;24,2;22,7;24,5;24,2;23;22,7;92;91;92;48;2,5;,9;
2026/04/10;1000 UTC;0;994,6;994,6;994,5;0;23,9;22,5;24,3;23,9;22,8;22,5;93;91;92;41;2,5;,5;
2026/04/10;1100 UTC;0;994,7;994,7;994,5;12,6;23,5;21,6;24;23,5;22,7;21,6;92;89;89;41;2,8;,5;
2026/04/10;1200 UTC;0;995,1;995,1;994,5;156,3;23,6;22,1;23,7;23,2;22,1;21,6;92;89;91;40;2,3;,2;
2026/04/10;1300 UTC;0;995,6;995,6;995,1;564,3;26,4;21,9;26,8;23,6;23;21,6;91;74;76;51;3,7;1,4;
2026/04/10;1400 UTC;0;995,8;995,8;995,5;2236,1;29;22,4;29;26,4;23,5;20,8;78;66;68;44;3,7;,7;
2026/04/10;1500 UTC;0;995,9;995,9;995,7;2531,2;28,9;22,7;29,6;28,5;22,9;21,4;70;63;69;104;3,4;1;
2026/04/10;1600 UTC;0;995,3;995,9;995,3;2143,1;29,9;23,3;29,9;28,9;23,4;21,4;71;61;68;23;3,4;,1;
2026/04/10;1700 UTC;0;994,4;995,3;994,4;2724,4;31,5;22,3;31,5;29,8;23,6;21,2;68;57;58;182;2,9;1;
2026/04/10;1800 UTC;0;992,9;994,4;992,9;2203,7;30,3;22,8;32,2;30,3;23,9;21;65;54;65;54;3,1;,3;
2026/04/10;1900 UTC;0;991;992,9;991;2286,6;31,2;23,7;32,7;29,8;24,4;21,4;71;53;64;39;3;,1;
2026/04/10;2000 UTC;0;989,9;991;989,9;656,9;28,9;24,6;31,7;28,9;25;22,4;78;58;77;21;1,9;0;
2026/04/10;2100 UTC;0;989,9;989,9;989,8;337,8;28,8;24,3;29,2;28,2;25,4;23,3;82;73;77;354;1,8;,8;
2026/04/10;2200 UTC;,8;990,3;990,3;989,8;519,2;26,6;23,9;29,4;26,6;25,1;23;85;69;85;84;5;,6;
2026/04/10;2300 UTC;,8;991,1;991,1;990,3;44,1;24,3;22,7;26,6;24,2;23,7;22,6;92;85;91;55;3,4;,3;
2026/04/11;0000 UTC;0;992,1;992,1;991,1;0;24,2;23,3;24,3;23,8;23,3;22,3;95;89;95;50;1,6;,3;
2026/04/11;0100 UTC;0;993,4;993,4;992,1;0;25,1;23,6;25,1;24,2;23,7;23,3;95;91;91;61;2,2;,4;
2026/04/11;0200 UTC;0;994;994;993,4;0;24,3;22,4;25,2;24,3;23,6;22,4;92;88;89;204;3,4;1,2;
2026/04/11;0300 UTC;0;994;994,2;993,9;0;23,7;22,4;24,3;23,6;22,6;22,3;93;89;92;18;2,6;,3;
2026/04/11;0400 UTC;0;993,8;994,2;993,8;0;23,4;22,4;23,9;23,4;22,6;22,3;94;91;94;36;1,6;0;
2026/04/11;0500 UTC;0;994;994,1;993,8;0;23,5;22,6;23,6;23,3;23;22,3;96;94;95;13;1,1;,1;
2026/04/11;0600 UTC;,2;993,7;994;993,6;0;23,4;22,8;23,6;23,3;23;22,3;97;94;97;30;1;0;
2026/04/11;0700 UTC;0;993,1;993,7;993,1;0;23,5;23;23,6;23,4;23,1;22,8;97;97;97;29;0;0;
2026/04/11;0800 UTC;0;992,7;993,1;992,7;0;23,7;23,1;23,7;23,5;23,2;23;97;97;97;32;0;0;
2026/04/11;0900 UTC;0;993;993;992,7;0;23,6;23,1;23,7;23,6;23,2;23,1;97;97;97;26;1;0;
2026/04/11;1000 UTC;0;993,8;993,8;993;0;23,7;23,2;23,8;23,6;23,3;23,1;97;97;97;28;,9;0;
2026/04/11;1100 UTC;0;994,4;994,4;993,8;25,9;23,8;23,3;23,8;23,6;23,3;23,1;97;97;97;34;,6;0;
2026/04/11;1200 UTC;0;995,2;995,2;994,4;310,2;24,9;23,1;24,9;23,8;23,8;23,1;97;90;90;189;3,1;1,7;
2026/04/11;1300 UTC;0;995,8;995,8;995,2;758,3;26,4;23,7;26,4;24,8;23,9;23;91;85;85;54;3,2;,7;
2026/04/11;1400 UTC;0;996,2;996,2;995,8;1427,9;28,1;24,1;28,2;26,4;24,5;23,6;86;78;79;63;2,9;,6;
2026/04/11;1500 UTC;0;996,1;996,3;996,1;1316,7;28,2;24,3;28,4;27,6;24,5;23,8;82;77;79;123;3,8;,8;
2026/04/11;1600 UTC;0;994,9;996,1;994,9;1325,8;29,2;23,8;29,4;28;25,2;23,3;82;71;73;38;2,3;0;
2026/04/11;1700 UTC;5,6;993,3;994,9;993,3;2712,3;29,9;25;30,3;26,1;26,1;23,2;92;69;75;154;2,7;1,1;
2026/04/11;1800 UTC;,4;991,7;993,3;991,7;950,2;26,7;24;30,3;26,6;26;23,8;87;69;85;24;3,6;1,3;
2026/04/11;1900 UTC;0;990,6;991,7;990,6;1883,8;29,8;24,5;31,6;26,7;25,4;22,7;87;60;73;32;2,9;0;
2026/04/11;2000 UTC;0;989,8;990,6;989,8;1553,4;28,9;23,3;32,1;28,7;25,6;21,9;78;56;72;350;4,6;,9;
2026/04/11;2100 UTC;0;989,6;989,8;989,5;1249,9;28,7;22,5;29,3;28,5;23,8;22,4;75;69;69;219;5,5;2,2;
2026/04/11;2200 UTC;,2;989,8;989,8;989,5;393,3;26;23,5;29,1;26;23,7;22,5;86;68;86;112;4,5;,8;
2026/04/11;2300 UTC;0;990,3;990,3;989,7;17,9;24,8;23,3;26;24,8;23,5;23;91;85;91;29;2;0;
2026/04/12;0000 UTC;0;991,6;991,6;990,3;0;25,3;23,4;25,3;24,6;23,6;23,2;93;89;89;12;2,9;,1;
2026/04/12;0100 UTC;0;992,4;992,4;991,6;0;24,4;23,3;25,4;24,4;23,5;23,2;94;89;94;34;1;0;
2026/04/12;0200 UTC;0;993,4;993,4;992,4;0;24,4;23,8;24,5;24,4;24;23,3;97;94;96;29;,5;0;
2026/04/12;0300 UTC;0;993,1;993,5;993,1;0;24,5;24;24,6;24,3;24,1;23,7;97;96;97;18;,7;0;
2026/04/12;0400 UTC;0;992,9;993,1;992,9;0;24,2;23,6;24,5;24,2;23,9;23,6;97;97;97;29;,8;0;
2026/04/12;0500 UTC;0;993,2;993,3;992,9;0;23,9;23,4;24,2;23,9;23,6;23,3;97;97;97;26;0;0;
2026/04/12;0600 UTC;0;992,9;993,2;992,9;0;23,8;23,3;24;23,8;23,5;23,3;97;97;97;28;0;0;
2026/04/12;0700 UTC;0;992,5;992,9;992,5;0;23,5;23;23,8;23,5;23,3;23;97;97;97;34;,5;0;
2026/04/12;0800 UTC;0;991,9;992,5;991,9;0;23,4;22,8;23,5;23,3;23;22,8;97;97;97;20;,6;0;
2026/04/12;0900 UTC;0;992,4;992,4;991,9;0;23,3;22,7;23,4;23,2;22,9;22,7;97;97;97;27;0;0;
2026/04/12;1000 UTC;0;993,1;993,1;992,4;0;23,1;22,5;23,3;22,9;22,8;22,4;97;97;97;24;0;0;
2026/04/12;1100 UTC;0;994,4;994,4;993,1;11,7;23,4;22,9;23,4;23,1;22,9;22,5;97;97;97;22;,7;0;
2026/04/12;1200 UTC;0;995,2;995,2;994,4;131,8;24,1;23,6;24,1;23,4;23,6;22,9;97;97;97;11;1,2;,3;
2026/04/12;1300 UTC;0;996;996;995,2;191,6;24,7;23,6;24,7;24,1;24,1;23,5;97;93;93;351;2,1;1,1;
2026/04/12;1400 UTC;,4;996,2;996,2;996;1513,5;27,1;24,7;27,2;24,7;24,7;23,4;93;84;87;359;2,9;,6;
2026/04/12;1500 UTC;0;995,9;996,5;995,9;1375,3;28;24,5;28,1;26,7;24,9;23,7;87;79;82;6;1,7;,5;
2026/04/12;1600 UTC;0;994,9;995,9;994,9;2415,6;29,8;23,9;29,8;28;25;23,1;81;68;71;21;1,9;,1;
2026/04/12;1700 UTC;0;993,1;994,9;993,1;3264;31,1;23,1;31,3;29,7;24,8;22,7;73;62;62;32;3,3;,8;
2026/04/12;1800 UTC;0;991,6;993,1;991,6;2140,7;31,2;22,9;31,5;30,3;24,8;22,4;69;60;61;334;2,8;1,3;
2026/04/12;1900 UTC;0;990,9;991,6;990,8;1802,4;31;25,4;32,5;31;25,4;21,9;72;55;72;19;3,6;,2;
2026/04/12;2000 UTC;9,8;990,6;991,5;990,6;209,3;24,6;23,7;31;24,3;25,3;22,5;96;68;95;225;9,5;1,5;
2026/04/12;2100 UTC;1,6;990,4;990,6;990;377,2;25,5;24;25,5;24,6;24,2;23,8;96;92;92;6;4,2;,5;
2026/04/12;2200 UTC;0;991;991,2;990,2;149,2;25,2;23,8;25,6;25,1;24,3;23,6;93;91;92;34;5;1,6;
2026/04/12;2300 UTC;0;990,9;991;990,7;4,9;24,6;23,5;25,2;24,6;23,8;23,5;93;92;93;28;4,8;,5;
2026/04/13;0000 UTC;0;992;992;990,9;0;24,6;23,6;24,8;24,5;24,1;23,5;96;93;94;31;1,9;,1;
2026/04/13;0100 UTC;0;992,5;992,5;992;0;24,4;23,8;24,7;24,4;24,1;23,6;97;94;97;33;1,2;0;
2026/04/13;0200 UTC;0;993,2;993,3;992,5;0;24,4;23,2;24,6;24,4;24,1;23,2;97;93;93;8;2,5;,7;
2026/04/13;0300 UTC;0;993,4;993,4;993,2;0;23,9;23;24,4;23,8;23,2;22,8;95;93;95;17;2,1;,1;
2026/04/13;0400 UTC;0;993,3;993,5;993,2;0;23,9;23,2;23,9;23,8;23,4;23;97;95;96;20;1,2;,1;
2026/04/13;0500 UTC;0;993,1;993,5;993,1;0;23,5;23;23,9;23,5;23,3;23;97;96;97;35;1,2;0;
2026/04/13;0600 UTC;0;992,2;993,1;992,2;0;23,5;23;23,6;23,4;23,1;22,9;97;97;97;11;1;,1;
2026/04/13;0700 UTC;0;991,8;992,2;991,8;0;23,6;23;23,6;23,4;23,1;22,9;97;97;97;5;1,9;,3;
2026/04/13;0800 UTC;0;992;992;991,8;0;23,4;22,9;23,6;23,4;23,1;22,9;97;97;97;16;1,7;,1;
2026/04/13;0900 UTC;0;992,4;992,4;992,1;0;23,1;22,5;23,4;23,1;22,9;22,5;97;97;97;32;1;0;
2026/04/13;1000 UTC;0;992,7;992,7;992,4;0;23;22,5;23,1;23;22,6;22,5;97;97;97;33;0;0;
2026/04/13;1100 UTC;0;993,5;993,5;992,7;12,3;23,4;22,9;23,4;23;22,9;22,5;97;97;97;25;0;0;
2026/04/13;1200 UTC;0;994,6;994,6;993,5;261;24,6;24;24,6;23,4;24;22,9;97;97;97;41;1,4;0;
2026/04/13;1300 UTC;0;995;995;994,6;738,6;26,1;23,5;26,2;24,5;24,1;23,3;97;84;86;3;1,5;,5;
2026/04/13;1400 UTC;0;995,1;995,1;995;1378,9;27,6;23,7;27,7;26;24,3;23,2;88;79;79;350;3,1;1;
2026/04/13;1500 UTC;0;995,1;995,3;995,1;1525,1;28,5;23,8;28,6;27,3;24,4;23;81;74;76;359;4,9;1,9;
2026/04/13;1600 UTC;,2;994,3;995,1;994,3;2368,4;29,1;23,5;29,3;28,2;24,2;22,9;77;70;72;349;5;2,1;
2026/04/13;1700 UTC;0;993;994,3;993;2816,1;30;23,6;30,2;29,1;24,5;22,9;74;66;69;357;4,6;1,5;
2026/04/13;1800 UTC;0;991,4;993;991,4;2256,7;28,8;23,4;31,1;28,8;24,7;22,9;73;63;73;265;5,7;1,6;
2026/04/13;1900 UTC;,4;990;991,4;990;832,6;28,2;24,6;28,8;26,6;24,9;22,7;86;73;81;322;7,8;,9;
2026/04/13;2000 UTC;0;989,3;990;989,2;1331,3;28,4;23,2;29,5;28,2;24,8;22,8;81;70;74;351;4,7;1,4;
2026/04/13;2100 UTC;0;988,8;989,3;988,8;587;27,2;23,9;28,5;27,2;24;23,1;82;73;82;24;4,3;1,6;
2026/04/13;2200 UTC;0;988,8;988,8;988,5;189,8;26,6;24,5;27,2;26,5;24,5;23,6;89;82;88;28;4,3;0;
2026/04/13;2300 UTC;0;989;989;988,7;32,7;25,4;24;26,6;25,4;24,5;23,9;92;87;92;23;,7;0;
2026/04/14;0000 UTC;0;989,9;990;989;0;25;24,2;25,4;25;24,2;23,8;95;92;95;30;0;0;
2026/04/14;0100 UTC;0;991,4;991,4;989,9;0;24,8;24,2;25,1;24,8;24,5;24,1;97;95;96;31;,8;0;
2026/04/14;0200 UTC;0;992,1;992,1;991,4;0;24,7;23,5;25,1;24,7;24,3;23,5;97;93;93;40;1,9;,4;
2026/04/14;0300 UTC;0;992;992,1;991,9;0;25,2;23,8;25,2;24,6;23,9;23,5;94;92;92;34;1,9;1;
2026/04/14;0400 UTC;0;991,9;992;991,8;0;25,1;23,5;25,3;25;23,8;23,5;92;91;91;27;2,8;1;
2026/04/14;0500 UTC;0;990,8;991,9;990,8;0;24,8;23,4;25,1;24,7;23,5;23,3;92;91;92;50;2,6;1,1;
2026/04/14;0600 UTC;0;990,4;990,8;990,4;0;24,5;23,3;25;24,5;23,6;23,2;93;91;93;3;3,1;,7;
2026/04/14;0700 UTC;0;989,8;990,4;989,8;0;24,7;23,4;24,7;24,5;23,5;23,3;93;93;93;23;2,3;,6;
2026/04/14;0800 UTC;0;989,7;989,8;989,6;0;24,3;23,2;24,7;24,3;23,4;23,1;94;92;94;20;1,7;0;
2026/04/14;0900 UTC;0;990,2;990,2;989,7;0;24,1;23,5;24,4;24;23,6;23,1;97;94;97;26;,5;0;
2026/04/14;1000 UTC;0;991,1;991,1;990,2;0;24,1;23,6;24,2;24,1;23,6;23,5;97;97;97;27;,3;0;
2026/04/14;1100 UTC;0;991,7;991,7;991,1;27,1;24,2;23,7;24,2;24,1;23,7;23,6;97;97;97;27;,7;0;
2026/04/14;1200 UTC;0;992,5;992,5;991,6;301,9;26,2;24;26,2;24,2;24,3;23,7;97;88;88;337;2,2;,8;
2026/04/14;1300 UTC;0;993;993;992,5;1067,6;27,9;24,3;28,1;26,1;24,6;23,4;89;79;81;342;3,4;1,1;
2026/04/14;1400 UTC;0;993,7;993,7;993;808;27;23,7;28,1;27;24,5;23,5;83;79;82;348;4,8;,8;
2026/04/14;1500 UTC;6,2;993,3;993,7;993,3;150,6;25,3;24,1;27;25,3;24,4;23,7;94;82;93;52;3,5;,2;
2026/04/14;1600 UTC;7,2;992,6;993,3;992,5;132,5;24,8;24,3;25,5;24,5;24,5;23,7;97;93;97;53;2,6;,2;
2026/04/14;1700 UTC;2,2;991,4;992,6;991,4;355,6;25,4;24,8;25,5;24,7;24,9;24,1;97;96;96;39;1,3;,1;
2026/04/14;1800 UTC;0;990,2;991,4;990,2;1023;26,9;24,1;26,9;25,4;25;23,8;96;84;85;26;1,9;,6;
2026/04/14;1900 UTC;,2;989,6;990,2;989,6;919,5;26,9;24,1;27,1;26,6;24,6;23,8;87;84;85;348;3,8;,9;
2026/04/14;2000 UTC;0;988,3;989,6;988,3;906,2;26,7;23,4;27,1;26,5;24,3;22,8;85;78;82;11;3;1,3;
2026/04/14;2100 UTC;0;987,8;988,4;987,8;565,8;26,3;23,5;26,8;26,3;24;23,1;85;81;85;20;3,8;1,6;
2026/04/14;2200 UTC;0;987,4;987,8;987,2;239,6;25,7;23,5;26,4;25,7;23,8;23,4;88;84;88;7;3,3;,7;
2026/04/14;2300 UTC;0;988,5;988,5;987,4;16;24,9;23,4;25,7;24,9;23,9;23,4;93;88;91;21;1,5;,2;
2026/04/15;0000 UTC;0;989,3;989,3;988,6;0;24,3;23,6;24,9;24,3;23,7;23,4;96;91;96;14;2,1;0;
2026/04/15;0100 UTC;0;990,1;990,1;989,2;0;24,1;23,6;24,3;23,9;23,7;23,4;97;96;97;29;1,1;,1;
2026/04/15;0200 UTC;0;990,4;990,4;990;0;23,9;23,4;24,5;23,9;23,9;23,4;97;97;97;20;1,6;0;
2026/04/15;0300 UTC;0;990;990,5;990;0;24;23,4;24;23,6;23,5;23,1;97;97;97;38;1,4;,6;
2026/04/15;0400 UTC;0;990;990,1;989,9;0;23,9;23,2;24,1;23,8;23,5;23;97;95;96;19;2,4;,7;
2026/04/15;0500 UTC;0;990;990;989,8;0;23,7;23,1;23,9;23,7;23,3;23;97;95;97;20;2,1;,2;
2026/04/15;0600 UTC;0;989,9;990,1;989,9;0;23,5;23;23,7;23,5;23,2;23;97;97;97;26;1,4;0;
2026/04/15;0700 UTC;0;989,7;989,9;989,7;0;23,5;22,9;23,6;23,5;23;22,9;97;97;97;17;1;0;
2026/04/15;0800 UTC;0;989,6;989,7;989,6;0;23,2;22,7;23,5;23,2;23;22,7;97;97;97;30;1;0;
2026/04/15;0900 UTC;0;989,6;989,6;989,5;0;23,4;22,9;23,5;23,2;23;22,7;97;97;97;37;1,5;,3;
2026/04/15;1000 UTC;0;989,5;989,6;989,3;0;23,2;22,7;23,4;23,2;22,9;22,7;97;97;97;17;1,6;,1;
2026/04/15;1100 UTC;0;989,8;989,9;989,5;18,8;23,4;22,8;23,4;23,2;22,8;22,6;97;97;97;18;1,6;0;
2026/04/15;1200 UTC;0;990,5;990,5;989,8;168,8;23,8;23,2;23,9;23,3;23,3;22,8;97;97;97;36;1,3;0;
2026/04/15;1300 UTC;0;991,4;991,4;990,5;377,1;25,7;23,7;25,7;23,8;24,1;23,2;97;88;89;86;1,8;,7;
2026/04/15;1400 UTC;0;992,1;992,1;991,4;2023;28,8;23,9;29,3;25,7;25,1;23,4;89;74;75;23;2;,4;
2026/04/15;1500 UTC;0;991,9;992,3;991,9;2812,9;30;23,2;30,6;28,5;25,4;23,2;79;67;67;21;3,2;1,2;
2026/04/15;1600 UTC;0;991,3;991,9;991,3;2578,5;30,8;24,3;30,8;29,5;24,9;22,9;73;66;69;41;4,1;,8;
2026/04/15;1700 UTC;0;990,3;991,3;990,3;2904,1;31,2;23,3;31,6;30,4;25;23,1;73;62;63;31;4,8;2,2;
2026/04/15;1800 UTC;0;988,9;990,3;988,9;3028;31,4;23,9;32,5;31,2;24,7;22,7;67;58;65;34;4,5;1,6;
2026/04/15;1900 UTC;0;987,4;988,9;987,4;1953,9;31,8;23,3;32,9;30,7;24,7;23,1;69;58;61;349;4,4;1;
2026/04/15;2000 UTC;0;986,6;987,4;986,6;1289,3;30,7;24,2;32,4;30,7;24,6;23,1;69;59;68;12;5,2;2,5;
2026/04/15;2100 UTC;0;986,9;987;986,5;1355,7;28,9;24,1;31,4;28,9;24,9;23,6;77;65;75;63;7;,8;
2026/04/15;2200 UTC;0;987,1;987,1;986,7;239,4;27,1;24,5;28,9;27;24,9;23,5;86;76;86;31;3,1;0;
2026/04/15;2300 UTC;0;987,2;987,3;987;21,4;26,1;24,4;27,3;26,1;24,6;24,2;91;84;91;23;,4;0;
2026/04/16;0000 UTC;0;988;988;987,2;0;26,2;24,3;26,4;26,1;24,8;24,3;91;89;89;14;1,8;,2;
2026/04/16;0100 UTC;0;989,1;989,1;988;0;25,3;24,2;26,2;25,2;24,4;24;94;89;94;26;1,2;0;
2026/04/16;0200 UTC;0;990,1;990,1;989,1;0;25,4;24,8;25,5;25,2;24,9;24,2;97;94;97;33;1,3;,1;
2026/04/16;0300 UTC;0;991,3;991,3;990,2;0;25,9;24,6;26,3;25,4;25;24,5;97;92;93;45;2,5;,3;
2026/04/16;0400 UTC;0;991,6;991,6;991,3;0;26,3;24,5;26,5;25,9;24,9;24,3;93;89;90;26;2,3;,8;
2026/04/16;0500 UTC;0;990,5;991,6;990,5;0;25,8;23,8;26,3;25,7;24,5;23,8;90;89;89;38;2,8;1,4;
2026/04/16;0600 UTC;0;990,1;990,5;990,1;0;25,7;23,9;25,8;25,5;24;23,7;90;89;90;27;3,1;1,3;
2026/04/16;0700 UTC;0;989,9;990,1;989,9;0;25,3;23,8;25,7;25,3;23,9;23,6;91;89;91;25;4,1;,9;
2026/04/16;0800 UTC;0;990;990;989,8;0;25,2;23,7;25,3;25,2;23,8;23,6;92;91;91;34;3,3;,7;
2026/04/16;0900 UTC;0;990;990,1;989,9;0;25;23,6;25,3;25;23,8;23,5;92;91;92;21;2,7;,9;
2026/04/16;1000 UTC;1,8;990,3;990,3;990;0;24,5;23,2;25;24,5;23,6;23,2;93;91;93;341;4;1,3;
2026/04/16;1100 UTC;,6;990,9;990,9;990,3;16,5;24,4;23,4;24,5;24,3;23,4;23,1;94;93;94;21;3,2;,1;
2026/04/16;1200 UTC;0;991,6;991,6;990,9;223,8;25,1;23,7;25,1;24,3;24;23,3;97;92;92;33;2,1;,5;
2026/04/16;1300 UTC;0;992,3;992,3;991,6;617,6;25,7;23,7;25,7;25,1;23,7;23,2;92;88;89;25;2,6;,9;
2026/04/16;1400 UTC;0;993,2;993,2;992,3;934,6;26,8;23,8;26,8;25,7;24,1;23,2;89;81;84;342;2,4;1;
2026/04/16;1500 UTC;0;992,8;993,2;992,8;1480,3;28,8;23,8;28,9;26,8;24,3;23,3;84;73;74;4;2,1;,3;
2026/04/16;1600 UTC;0;992,2;992,8;992,2;2027,3;29,1;23,3;29,6;28,8;24,1;23;75;69;71;21;3,8;1;
2026/04/16;1700 UTC;0;991,4;992,2;991,4;1731,2;29,9;23,6;30,2;29,2;24,5;22,9;76;67;69;320;3,8;1,2;
2026/04/16;1800 UTC;0;989,6;991,4;989,6;2011,5;30,5;24,3;30,5;29,7;24,4;23;71;66;70;359;3,7;1,4;
2026/04/16;1900 UTC;0;988,5;989,6;988,5;2108;30,6;23;31,8;30,5;24,4;22,7;69;61;64;341;4,2;1,1;
2026/04/16;2000 UTC;0;988,2;988,5;988,1;1212,5;30;23,3;30,9;30;24,4;23;71;64;67;249;5,5;2,3;
2026/04/16;2100 UTC;0;988,5;988,5;988;746,7;28,9;23,7;30,1;28,9;24,1;23,2;74;67;74;215;7,6;3,4;
2026/04/16;2200 UTC;8,8;990,1;990,2;988,5;64,6;22,5;21,2;28,9;22,4;23,8;21;94;72;93;177;11,8;2,8;
2026/04/16;2300 UTC;,4;991;991;990,1;7,6;22,1;20,9;22,5;22,1;21,2;20,8;93;92;93;33;8,3;,2;
2026/04/17;0000 UTC;0;991,1;991,2;990,9;0;22,3;21,1;22,3;22,1;21,1;20,9;94;92;93;164;2,6;,8;
2026/04/17;0100 UTC;0;991,7;991,7;991,1;0;22,2;20,8;22,3;22,1;21,1;20,7;93;91;92;360;2,9;1,1;
2026/04/17;0200 UTC;0;991,4;991,8;991,4;0;22,2;20,9;22,2;22;21;20,7;93;91;93;15;2;,2;
2026/04/17;0300 UTC;0;991;991,4;991;0;22,1;20,9;22,2;22;21;20,8;93;92;93;18;2,6;1,4;
2026/04/17;0400 UTC;0;989,9;991;989,9;0;22;20,8;22,2;21,9;20,9;20,7;93;93;93;353;2,9;,8;
2026/04/17;0500 UTC;0;989,6;989,9;989,4;0;21,9;20,8;22;21,9;20,9;20,7;94;93;94;227;2,8;1,1;
2026/04/17;0600 UTC;0;989,6;989,7;989,6;0;22;20,9;22,1;21,9;21;20,8;94;93;94;178;3,5;1,6;
2026/04/17;0700 UTC;0;989,8;989,8;989,6;0;21,9;20,7;22;21,9;21;20,7;94;93;93;165;4,3;1,5;
2026/04/17;0800 UTC;0;990,2;990,2;989,8;0;21,6;20,6;21,9;21,5;20,9;20,6;96;93;94;155;4,4;1,5;
2026/04/17;0900 UTC;,4;991,1;991,1;990,2;0;21,6;20,9;21,6;21,5;20,9;20,6;96;94;96;28;4,4;0;
2026/04/17;1000 UTC;,2;991,6;991,6;991,1;0;21,6;20,7;21,7;21,5;21;20,6;96;94;94;38;1,5;,1;
2026/04/17;1100 UTC;0;991,9;991,9;991,5;6,3;21,8;21,1;21,8;21,6;21,1;20,7;96;94;96;25;2,6;0;
2026/04/17;1200 UTC;0;992,4;992,4;991,9;286,6;22,9;21,4;22,9;21,8;21,5;20,9;96;90;91;4;1,9;1,1;
2026/04/17;1300 UTC;0;992,9;992,9;992,4;648;23,8;21,5;23,9;22,8;21,8;21,1;91;86;87;1;2,7;,6;
2026/04/17;1400 UTC;0;993,6;993,6;992,9;1010,3;24,8;21,5;25;23,8;22,2;21,2;88;82;82;324;2,2;,5;
2026/04/17;1500 UTC;0;993,4;993,6;993,4;1077,3;25,9;22;25,9;24,8;22,5;21,4;84;78;79;354;2,5;,5;
2026/04/17;1600 UTC;0;992,8;993,4;992,8;953,3;26,1;22,4;26,1;25,4;22,5;21,4;82;76;80;3;2,3;,3;
2026/04/17;1700 UTC;0;992,2;992,8;992,2;615,3;25,8;22,2;26,1;25,5;22,6;21,6;82;78;81;16;1,8;,1;
2026/04/17;1800 UTC;0;991,4;992,2;991,4;837,3;26,3;21,9;26,7;25,8;22,7;21,8;81;76;77;41;1,6;,1;
2026/04/17;1900 UTC;0;990,2;991,4;990,2;829,9;27;23;27,1;26,3;23,2;22;81;76;79;360;1,7;,5;
2026/04/17;2000 UTC;0;988,7;990,2;988,7;1281,3;27,3;23,1;28,2;26,8;23,6;22,2;80;73;78;321;2,5;,9;
2026/04/17;2100 UTC;0;988,1;988,7;988,1;1316,7;28,1;22,6;28,6;27,2;23,8;22;80;68;72;11;2,7;,4;
2026/04/17;2200 UTC;0;987,7;988,1;987,7;497,7;26,7;22,5;28,3;26,7;23,4;22,2;80;71;78;198;2,6;1;
2026/04/17;2300 UTC;0;987,4;987,7;987,3;16,8;24,5;23,2;26,7;24,5;23,2;22,5;92;78;92;26;2,4;0;
2026/04/18;0000 UTC;0;988,3;988,3;987,4;0;24,4;23,5;24,5;24,1;23,6;23;95;92;95;23;0;0;
2026/04/18;0100 UTC;0;989,3;989,3;988,3;0;24,3;23,2;24,5;24,3;23,8;23,2;96;94;94;32;0;0;
2026/04/18;0200 UTC;0;989,9;989,9;989,3;0;23,7;23,2;24,3;23,7;23,3;22,9;97;94;97;28;0;0;
2026/04/18;0300 UTC;0;990,3;990,3;989,9;0;23,5;23;23,7;23,5;23,2;23;97;97;97;27;,8;,1;
2026/04/18;0400 UTC;0;990,9;990,9;990,3;0;23,9;22,7;24;23,5;23,4;22,7;97;93;93;25;1,9;,4;
2026/04/18;0500 UTC;0;991;991,1;990,9;0;23,4;22,2;23,9;23,4;22,6;22,2;93;92;93;21;1,6;0;
2026/04/18;0600 UTC;0;990,6;991;990,6;0;23,8;22,1;23,9;23,4;22,5;22,1;94;90;90;20;2,4;,6;
2026/04/18;0700 UTC;0;990,4;990,6;990,4;0;23,5;22;23,9;23,5;22,3;22;92;90;92;10;2;,3;
2026/04/18;0800 UTC;0;990,4;990,5;990,4;0;22,9;22,4;23,5;22,8;22,4;21,8;97;92;97;28;1;,1;
2026/04/18;0900 UTC;0;990,3;990,4;990,3;0;23;22,5;23;22,9;22,5;22,3;97;97;97;25;,6;0;
2026/04/18;1000 UTC;0;990,5;990,5;990,2;0;23;22,5;23,1;23;22,5;22,4;97;96;97;21;,9;0;
2026/04/18;1100 UTC;0;991;991;990,5;11,6;23;22,5;23;22,9;22,5;22,4;97;97;97;22;0;0;
2026/04/18;1200 UTC;0;991,8;991,8;991;170,5;24;22,7;24;23;22,8;22,4;97;93;93;27;1,3;0;
2026/04/18;1300 UTC;0;992,4;992,4;991,8;541,8;26,6;23,5;26,6;24;23,5;22,5;93;82;83;18;,9;,1;
2026/04/18;1400 UTC;0;992,8;992,8;992,4;1775;27,8;23,2;28,5;26,6;23,9;22,3;83;74;76;9;3,4;1;
2026/04/18;1500 UTC;0;992,8;993;992,8;1960,1;28,2;22,4;28,6;27,4;24;22,4;78;70;71;354;3,9;1,4;
2026/04/18;1600 UTC;0;991,8;992,8;991,8;2166,2;29,2;22,5;29,5;28,2;24,4;22,4;77;67;67;5;3,7;,9;
2026/04/18;1700 UTC;15,8;991,1;991,8;991,1;878,4;23,9;23,3;29,7;23,4;23,7;21,4;97;66;97;36;11,2;,5;
2026/04/18;1800 UTC;,4;989,7;991,1;989,7;2359;29,3;22,8;29,7;23,9;25;22,6;97;67;68;354;2,4;,7;
2026/04/18;1900 UTC;0;988,6;989,7;988,6;2190,4;30,1;23,6;30,1;29,1;24,6;22,6;75;65;68;356;3,4;1,1;
2026/04/18;2000 UTC;0;988;988,6;988;1170,8;27,6;22,6;30,6;27,6;23,9;21,9;76;61;74;339;5,6;1,9;
2026/04/18;2100 UTC;0;987,8;988;987,8;808,9;26,9;23;27,9;26,9;23,4;22;80;71;79;324;4,3;,9;
2026/04/18;2200 UTC;0;987,9;987,9;987,6;226,8;26,1;23,2;26,9;26,1;23,6;22,9;85;79;84;2;3,7;,5;
2026/04/18;2300 UTC;0;988,5;988,6;987,9;16,3;25,1;23;26,1;25,1;23,4;22,9;89;83;88;352;2;,3;
2026/04/19;0000 UTC;0;989;989;988,5;0;24,6;23;25,1;24,5;23,1;22,8;91;88;91;13;2;,8;
2026/04/19;0100 UTC;0;990,1;990,1;989;0;24,5;22,9;24,6;24,5;23,1;22,9;92;90;91;15;1,7;,6;
2026/04/19;0200 UTC;0;990,5;990,6;990,1;0;23,9;22,7;24,5;23,9;22,9;22,6;93;91;93;17;1,9;0;
2026/04/19;0300 UTC;0;991;991;990,4;0;23,7;22,6;24,3;23,7;22,9;22,5;93;91;93;34;1,4;0;
2026/04/19;0400 UTC;0;991,3;991,5;991;0;24,1;23,2;24,1;23,7;23,4;22,6;97;93;95;22;1,4;,3;
2026/04/19;0500 UTC;0;990,9;991,3;990,9;0;24;22,9;24,2;24;23,1;22,7;95;92;93;31;1,7;,9;
2026/04/19;0600 UTC;0;990,4;990,9;990,4;0;23,9;22,8;24,1;23,8;22,9;22,7;94;93;94;13;1,7;,3;
2026/04/19;0700 UTC;0;990,2;990,6;990,2;0;23,9;22,6;24;23,8;23;22,6;94;93;93;11;1,9;,4;
2026/04/19;0800 UTC;0;989,8;990,2;989,8;0;23,5;22,9;23,9;23,5;23;22,6;97;93;97;34;1,2;0;
2026/04/19;0900 UTC;0;989,9;989,9;989,8;0;23,4;22,9;23,6;23,3;23;22,8;97;97;97;36;0;0;
2026/04/19;1000 UTC;0;990,4;990,4;989,8;0;23,7;23,2;23,7;23,4;23,2;22,9;97;97;97;34;1,2;,5;
2026/04/19;1100 UTC;0;991,5;991,5;990,4;5,8;23,7;23;23,7;23,6;23,2;23;97;96;96;9;1,5;,6;
2026/04/19;1200 UTC;0;992,1;992,1;991,5;106,3;24;22,8;24;23,7;23,1;22,8;96;93;93;2;1,8;,6;
2026/04/19;1300 UTC;0;992,9;992,9;992,1;377,9;24,8;23,1;24,9;24;23,3;22,8;93;90;90;353;2,6;1;
2026/04/19;1400 UTC;0;993,6;993,6;992,9;770,6;26;23,3;26;24,8;23,5;22,9;90;84;85;4;3;,7;
2026/04/19;1500 UTC;0;993,7;994;993,6;1508;27,9;23,7;27,9;25,9;23,8;22,7;86;76;78;352;3,3;1,1;
2026/04/19;1600 UTC;0;992,6;993,7;992,6;2904,4;28,7;23,5;28,9;27,4;23,9;22,5;78;70;74;354;6,1;2,2;
2026/04/19;1700 UTC;0;990,9;992,6;990,9;2586,5;29,6;23,6;29,8;28,4;24,1;22,7;76;67;70;331;6,1;1,7;
2026/04/19;1800 UTC;0;989,6;990,9;989,6;2222,4;29,4;22,6;30,9;29,3;24,2;22,5;71;64;67;357;5,3;1,7;
2026/04/19;1900 UTC;0;988,6;989,6;988,5;2204,6;30,7;23;30,9;29,4;24;22,2;71;61;64;339;5,8;2;
2026/04/19;2000 UTC;18,8;989,2;989,5;988,5;479,1;23,9;23,4;30,7;23,6;23,4;21,8;97;61;97;10;13,8;,8;
2026/04/19;2100 UTC;0;988,7;989,2;988,6;170,9;24,3;23,3;24,3;23,9;23,7;23,2;97;94;95;15;3,2;,7;
2026/04/19;2200 UTC;0;989,4;989,4;988,7;73,8;24,3;23,1;24,4;24,1;23,5;23;96;93;93;27;1,8;,4;
2026/04/19;2300 UTC;0;990;990;989,4;6,6;24,1;23;24,4;24;23,3;22,9;94;93;94;38;2,2;,4;
2026/04/20;0000 UTC;0;991,2;991,2;990;0;24,2;23;24,3;24;23,3;23;94;93;93;40;2,3;,8;
2026/04/20;0100 UTC;0;992,1;992,1;991,2;0;24,1;23,1;24,3;24,1;23,2;23;94;93;94;42;2,5;,3;
2026/04/20;0200 UTC;0;992,5;992,5;992,1;0;24,1;23,2;24,3;24,1;23,6;23,1;96;94;95;51;2,3;,6;
2026/04/20;0300 UTC;0;992,6;992,6;992,4;0;24,1;22,9;24,3;24,1;23,6;22,9;96;93;93;40;2,2;1,1;
2026/04/20;0400 UTC;0;992,5;992,7;992,5;0;24;22,8;24,1;23,9;23;22,7;93;93;93;29;3,1;,7;
2026/04/20;0500 UTC;0;992,3;992,6;992,3;0;23,7;22,6;24;23,6;22,9;22,5;94;93;94;13;2,7;,5;
2026/04/20;0600 UTC;0;991,9;992,3;991,9;0;23,6;22,5;23,7;23,5;22,6;22,5;94;94;94;24;2,2;,5;
2026/04/20;0700 UTC;,2;991,4;991,9;991,4;0;23,4;22,3;23,6;23,4;22,7;22,3;95;93;94;28;2,1;,7;
2026/04/20;0800 UTC;0;991,4;991,4;991,3;0;23,4;22,3;23,5;23,3;22,7;22,3;96;94;94;24;1,9;,6;
2026/04/20;0900 UTC;0;991,6;991,6;991,4;0;23,3;22,3;23,4;23,3;22,4;22,3;94;94;94;30;1,9;,4;
2026/04/20;1000 UTC;0;992,1;992,1;991,6;0;23,2;22,7;23,4;23,1;22,7;22,2;97;94;97;20;1,4;,1;
2026/04/20;1100 UTC;0;992,7;992,7;992,1;10,3;23,1;22,6;23,2;23,1;22,7;22,6;97;97;97;25;,7;0;
2026/04/20;1200 UTC;0;993,6;993,6;992,7;149,5;23,7;22,6;23,8;23,1;23;22,6;97;93;93;14;,9;,1;
2026/04/20;1300 UTC;0;994,3;994,3;993,6;639;24,9;23,3;24,9;23,7;23,3;22,5;93;89;91;24;1,9;,8;
2026/04/20;1400 UTC;0;994,9;994,9;994,3;867,3;25,7;23,2;25,7;24,8;23,4;22,7;91;86;86;5;2,1;,8;
2026/04/20;1500 UTC;0;994,8;995,1;994,8;1123,8;26,8;23;26,9;25,5;23,5;22,5;86;78;80;356;2,9;,9;
2026/04/20;1600 UTC;0;994,4;994,8;994,4;1251,6;27,7;22,9;27,8;26,7;23,6;22,6;81;75;75;5;2,2;,5;
2026/04/20;1700 UTC;0;993,9;994,4;993,9;1197,4;27,9;23;28,2;27,1;23,3;22,4;79;72;75;8;2,5;,4;
2026/04/20;1800 UTC;0;992,9;993,9;992,9;925,6;27,4;23,7;27,9;27,1;24;22,3;82;73;80;28;2,1;,5;
2026/04/20;1900 UTC;0;991;992,9;991;1419,2;27,3;23,6;27,7;26,9;24,7;23,2;86;79;80;38;3;1,2;
2026/04/20;2000 UTC;,2;990,1;991;990,1;2390,8;28,7;23,6;29,3;27,2;24,7;22,7;83;70;74;31;3,3;1;
2026/04/20;2100 UTC;0;989,8;990,1;989,8;778,3;28,1;24,4;29,3;28;25,1;23,3;81;71;80;35;3,3;0;
2026/04/20;2200 UTC;0;989,8;989,9;989,7;167,2;26,4;24,5;28,7;26,4;24,8;23,3;89;73;89;15;1,4;,1;
2026/04/20;2300 UTC;1,2;990,2;990,2;989,7;2,7;24,2;22,9;26,5;24,2;24,7;22,9;92;87;92;136;4,2;,7;
2026/04/21;0000 UTC;,2;991,1;991,1;990,2;0;23,8;22,8;24,2;23,8;22,9;22,6;94;92;94;32;2,1;0;
2026/04/21;0100 UTC;0;992,3;992,3;991,2;0;23,9;23,2;24;23,8;23,4;22,8;97;94;96;25;0;0;
2026/04/21;0200 UTC;0;992,7;992,7;992,3;0;23,6;22,9;24,1;23,6;23,5;22,7;97;93;96;32;3,3;0;
2026/04/21;0300 UTC;0;993,3;993,3;992,7;0;23,4;22,1;23,9;23,4;23,3;22,1;97;92;92;4;1,6;,6;
2026/04/21;0400 UTC;0;993;993,3;993;0;23;21,8;23,4;22,9;22,2;21,8;94;92;93;29;1,6;0;
2026/04/21;0500 UTC;0;992,7;993,1;992,7;0;23,1;21,9;23,3;22,9;22,1;21,8;94;92;93;11;1,5;,3;
2026/04/21;0600 UTC;0;992,2;992,7;992,2;0;22,9;22,4;23,2;22,9;22,4;22;97;93;97;35;1,1;,1;
2026/04/21;0700 UTC;0;991,9;992,2;991,9;0;23;22,5;23;22,9;22,5;22,4;97;97;97;25;,9;0;
2026/04/21;0800 UTC;0;991,7;991,9;991,7;0;23;22,5;23;22,9;22,5;22,4;97;97;97;27;,5;0;
2026/04/21;0900 UTC;0;991,7;991,7;991,6;0;23,1;22,6;23,2;23;22,6;22,5;97;96;97;13;1,4;,3;
2026/04/21;1000 UTC;0;992,1;992,1;991,7;0;23,1;22,5;23,2;23,1;22,7;22,5;97;96;97;24;1,1;0;
2026/04/21;1100 UTC;0;992,8;992,8;992,1;23,1;23;22,5;23;22,8;22,5;22,3;97;97;97;18;,6;0;
2026/04/21;1200 UTC;0;993,9;993,9;992,8;295,4;25,2;23,2;25,2;23;23,4;22,5;97;88;89;351;2;,6;
2026/04/21;1300 UTC;0;994,7;994,7;993,9;926,3;25,8;23,1;26,2;24,7;23,8;22,5;90;83;85;326;2,3;,8;
2026/04/21;1400 UTC;0;995,2;995,2;994,7;965;26,6;23,9;26,6;25,7;24;23,1;87;83;85;359;2,5;,3;
2026/04/21;1500 UTC;0;995;995,3;995;1450,5;27,7;22,7;27,8;26,6;24,5;22,3;85;74;74;29;3,1;1,2;
2026/04/21;1600 UTC;0;994,5;995;994,4;1570,5;26,7;23,9;28,6;26,7;24;22,6;84;71;84;335;4,1;1,8;
2026/04/21;1700 UTC;1,8;993,6;994,5;993,6;1097,4;27;24,4;27,2;25,9;24,8;23,7;90;84;85;345;3,9;1,2;
2026/04/21;1800 UTC;,6;992,7;993,6;992,7;806;24,9;22,8;27,1;24,9;24,5;22,6;90;83;88;298;5,4;1,3;
2026/04/21;1900 UTC;,4;991,5;992,7;991,5;793,7;25,7;23,4;25,7;24,9;23,4;22,8;90;86;87;323;4,6;,9;
2026/04/21;2000 UTC;0;990,5;991,5;990,5;802,4;26,3;22,9;26,4;25,7;23,4;22,5;87;80;82;317;5,1;,9;
2026/04/21;2100 UTC;0;990,7;990,9;990,4;458,2;26,5;23;26,5;26,3;23,2;22,7;83;80;81;337;4;,5;
2026/04/21;2200 UTC;0;990,8;991,2;990,5;431,2;26,2;23;26,9;26,2;23,7;22,8;84;79;82;281;3,7;,9;
2026/04/21;2300 UTC;0;991,2;991,3;990,7;36,1;24,5;22,9;26,2;24,5;23,2;22,8;91;82;91;24;2,5;0;
2026/04/22;0000 UTC;0;991,9;991,9;991,1;0;23,7;23;24,5;23,7;23;22,7;96;91;96;28;0;0;
2026/04/22;0100 UTC;0;993;993;991,9;0;23,4;22,9;23,8;23,4;23,1;22,8;97;95;97;34;0;0;
2026/04/22;0200 UTC;0;993,4;993,5;993;0;23,3;22,7;23,4;23,2;22,9;22,7;97;97;97;28;0;0;
2026/04/22;0300 UTC;0;993,9;994;993,4;0;23,2;22,7;23,3;23,2;22,8;22,6;97;97;97;28;0;0;
2026/04/22;0400 UTC;0;993,7;993,9;993,7;0;23,3;22,7;23,3;23,2;22,8;22,6;97;97;97;27;0;0;
2026/04/22;0500 UTC;0;993,4;993,7;993,4;0;23,3;22,7;23,3;23,2;22,8;22,7;97;97;97;32;0;0;
2026/04/22;0600 UTC;0;992,9;993,4;992,9;0;23,1;22,6;23,3;23;22,7;22,4;97;97;97;33;0;0;
2026/04/22;0700 UTC;0;992,6;992,9;992,6;0;23,2;22,6;23,2;23;22,6;22,5;97;97;97;25;,7;,1;
2026/04/22;0800 UTC;0;992,4;992,6;992,3;0;23,1;22,6;23,2;23,1;22,7;22,5;97;97;97;33;,7;0;
2026/04/22;0900 UTC;0;992,4;992,4;992,3;0;23,1;22,6;23,2;23;22,7;22,5;97;97;97;35;0;0;
2026/04/22;1000 UTC;0;992,3;992,4;992,2;0;23;22,5;23,1;23;22,6;22,5;97;97;97;27;0;0;
2026/04/22;1100 UTC;0;993,1;993,1;992,3;13,5;22,9;22,3;23;22,8;22,5;22,3;97;97;97;26;,5;0;
2026/04/22;1200 UTC;0;994,1;994,1;993,1;229,7;24,2;23,6;24,2;22,9;23,6;22,4;97;96;97;39;1,3;,1;
2026/04/22;1300 UTC;0;994,7;994,7;994,1;624,4;25,3;23;25,3;24,2;23,7;22,9;97;87;87;42;1,9;,5;
2026/04/22;1400 UTC;0;995;995;994,7;1230,2;27,1;23,2;27,1;25,3;23,7;22,7;88;79;79;11;2,3;,3;
2026/04/22;1500 UTC;0;995;995,1;995;1343,8;28;23,3;28;27;24;22,7;81;74;76;344;2;,6;
2026/04/22;1600 UTC;0;994,5;995;994,5;3098,3;29,6;22,8;29,6;27,7;24,1;22;79;65;67;349;2,4;1;
2026/04/22;1700 UTC;0;993,4;994,5;993,4;3285,3;30,9;22,6;30,9;29,3;23,2;21;67;57;61;311;4,6;1,1;
2026/04/22;1800 UTC;0;992,1;993,4;992,1;2354,2;30,6;21,1;31,4;30,4;24;21,1;68;55;57;341;3,8;,9;
2026/04/22;1900 UTC;0;990,6;992,1;990,6;1671,9;30,1;21,7;31,7;29,9;23,4;21,3;67;55;61;355;3,3;,6;
2026/04/22;2000 UTC;0;989,6;990,6;989,6;1414,3;31;21,2;31,5;29,4;24,4;21;74;54;56;232;3,3;1,7;
2026/04/22;2100 UTC;0;989,6;989,6;989,3;1432,3;30,9;22,2;31,9;30,7;23,2;21;63;54;60;344;3,6;,8;
2026/04/22;2200 UTC;0;990,1;990,1;989,5;437,3;27,8;23,4;31,3;27,8;24,3;21,5;77;57;77;28;2,9;0;
2026/04/22;2300 UTC;0;990,9;990,9;990,1;18,2;25,8;23,7;27,8;25,8;24,2;23,3;89;77;88;27;0;0;
2026/04/23;0000 UTC;0;992;992;990,9;0;26,1;23,7;26,1;25,6;24,1;23,7;90;87;87;11;1,8;,4;
2026/04/23;0100 UTC;0;993,7;993,7;992;0;24,9;23,5;26,2;24,9;23,8;23,4;92;85;92;39;1,8;0;
2026/04/23;0200 UTC;0;994,3;994,3;993,7;0;25,2;23,6;25,3;24,8;23,8;23,4;93;91;91;51;1,9;,3;
2026/04/23;0300 UTC;0;994,3;994,6;994,3;0;24,2;22,4;25,3;24,2;23,5;22,4;91;88;90;53;2,9;,4;
2026/04/23;0400 UTC;1;994,1;994,5;994;0;23,6;22,5;24,2;23,6;22,5;22,2;94;90;94;56;2,3;,3;
2026/04/23;0500 UTC;4,6;994;994,1;993,7;0;23,1;22,5;23,6;23,1;23;22,5;97;94;96;73;2,4;,6;
2026/04/23;0600 UTC;4,2;993,5;994;993,5;0;22,6;21,9;23,1;22,6;22,5;21,9;97;95;96;39;2,6;,1;
2026/04/23;0700 UTC;5,2;992,8;993,5;992,8;0;22,6;22,1;22,7;22,6;22,2;21,9;97;96;97;38;1,9;0;
2026/04/23;0800 UTC;6,2;992,1;992,8;992,1;0;22,1;21,6;22,6;22,1;22,1;21,6;97;97;97;32;1,4;0;
2026/04/23;0900 UTC;2;991,6;992,1;991,5;0;22,2;21,7;22,2;22;21,7;21,5;97;97;97;29;0;0;
2026/04/23;1000 UTC;0;992,6;992,6;991,6;0;22,4;21,9;22,4;22,2;21,9;21,7;97;97;97;20;1,1;0;
2026/04/23;1100 UTC;,2;993,4;993,4;992,6;6,9;22,7;22,2;22,7;22,4;22,2;21,9;97;97;97;201;2,3;1,1;
2026/04/23;1200 UTC;0;994;994;993,4;151,6;23,2;22,7;23,2;22,7;22,7;22,2;97;97;97;95;2,6;,5;
2026/04/23;1300 UTC;0;994,9;994,9;994;486,7;24,1;22,6;24,1;23,2;22,8;22,2;97;90;91;200;3,7;1,2;
2026/04/23;1400 UTC;0;995,4;995,5;994,9;858,6;25,6;23,2;25,6;24,1;23,5;22,4;91;87;87;244;2,8;1;
2026/04/23;1500 UTC;0;995,3;995,5;995,3;1017,1;26,9;23,8;27;25,6;24,4;23,2;88;83;83;238;2,7;,7;
2026/04/23;1600 UTC;0;994,1;995,3;994,1;1691,1;28,6;23,5;28,6;26,6;24,4;23,5;85;74;74;150;4,7;1,3;
2026/04/23;1700 UTC;0;992,4;994,1;992,4;1909,4;29,5;23,6;29,7;27,5;24,9;23,2;83;71;71;279;4,3;,9;
2026/04/23;1800 UTC;4,6;991,5;992,4;991,5;845,5;26,3;24,1;29,5;26,2;25,5;23,5;88;70;87;30;3,6;,7;
2026/04/23;1900 UTC;,2;990,9;991,5;990,9;390,5;26,3;24,5;26,6;26,1;25;24,1;92;88;90;35;3,6;,4;
2026/04/23;2000 UTC;0;990;990,9;990;289,2;25,6;23,1;26,5;25,6;24,8;23,1;92;86;86;35;2,7;,5;
2026/04/23;2100 UTC;0;989,7;990;989,7;319,8;24,8;22,9;25,6;24,7;23,2;22,6;90;85;89;44;2,9;,2;
2026/04/23;2200 UTC;0;990,5;990,5;989,7;155,9;24,2;22,9;24,8;24,2;23,1;22,7;93;89;92;44;1,7;,2;
2026/04/23;2300 UTC;0;991,1;991,1;990,5;10,2;23,6;23;24,4;23,6;23;22,6;96;91;96;30;1,1;0;
2026/04/24;0000 UTC;0;992,1;992,1;991,1;0;23,7;23,2;23,7;23,5;23,2;22,9;97;96;97;22;,9;0;
2026/04/24;0100 UTC;0;993,1;993,1;992,1;0;23,2;22,7;23,7;23,2;23,1;22,7;97;97;97;24;,7;0;
2026/04/24;0200 UTC;0;993,5;993,5;993,1;0;23,3;22,7;23,3;23,1;22,7;22,6;97;97;97;22;,6;,1;
2026/04/24;0300 UTC;0;993,2;993,6;993,1;0;23,2;22,7;23,4;23,2;22,9;22,7;97;97;97;27;,8;0;
2026/04/24;0400 UTC;0;993,3;993,3;993,1;0;23,3;22,8;23,4;23,1;22,9;22,6;97;97;97;20;0;0;
2026/04/24;0500 UTC;0;993,4;993,5;993,3;0;23,2;22,7;23,3;23;22,7;22,5;97;97;97;21;0;0;
2026/04/24;0600 UTC;0;992,8;993,4;992,8;0;23,5;22,9;23,5;23,2;22,9;22,7;97;97;97;25;0;0;
2026/04/24;0700 UTC;,4;992,3;992,8;992,3;0;23,6;23,1;23,6;23,4;23,1;22,9;97;97;97;33;1,3;,1;
2026/04/24;0800 UTC;,2;992,2;992,3;992,1;0;23,5;22,9;23,6;23,5;23,1;22,9;97;97;97;27;1;0;
2026/04/24;0900 UTC;,4;992,4;992,4;992,2;0;23,6;23,1;23,6;23,5;23,1;22,9;97;97;97;20;1;,1;
2026/04/24;1000 UTC;0;992,7;992,7;992,4;0;23,5;23;23,6;23,4;23;22,9;97;97;97;33;1,4;0;
2026/04/24;1100 UTC;0;993,3;993,3;992,7;7,1;23,6;23,1;23,6;23,5;23,1;23;97;97;97;42;1,6;,1;
2026/04/24;1200 UTC;5,2;994,4;994,4;993,3;57,5;23,7;23,1;23,7;23,6;23,2;23;97;97;97;63;3,4;,5;
2026/04/24;1300 UTC;,6;994,9;994,9;994,3;355;24,8;24,2;24,8;23,7;24,2;23,2;97;97;97;37;2,1;,1;
2026/04/24;1400 UTC;0;995,2;995,2;994,9;832,6;26,8;24,6;26,8;24,7;24,6;23,8;97;87;87;72;2,1;,6;
2026/04/24;1500 UTC;0;995,1;995,3;995,1;1150,8;27,9;24,2;28,1;26,6;24,9;23,7;87;79;80;54;3,4;,8;
2026/04/24;1600 UTC;0;993,8;995,1;993,8;2465,9;28,5;23,3;29,2;27,8;24,7;22,6;80;70;74;57;6,4;2,2;
2026/04/24;1700 UTC;0;992,6;993,8;992,6;2381,3;29,1;23,9;30;28,5;24,9;22,9;76;70;74;76;7;,8;
2026/04/24;1800 UTC;5,4;991,4;993,1;991,4;2583,7;29,7;23,9;30,2;24,6;25,9;22;94;68;71;72;7,8;1,5;
2026/04/24;1900 UTC;0;990,6;991,4;990,6;2057,1;28,4;23,2;30,4;28,4;24,7;22,7;75;66;73;59;6,7;1,9;
2026/04/24;2000 UTC;0;990,3;990,6;990;1763,9;29;23,1;29,6;28,3;24;22,1;76;67;71;35;4,6;,9;
2026/04/24;2100 UTC;22,4;991,4;991,9;990,3;198,2;23;22,4;29;22,8;23,8;21;97;69;97;9;11,3;,5;
2026/04/24;2200 UTC;,2;991,6;991,6;991,3;14,9;23,4;22,6;23,5;23;23;22,4;97;95;96;1;2,5;1,3;
2026/04/24;2300 UTC;,2;992,4;992,4;991,6;1,4;22,7;21,4;23,6;22,7;22,8;21,3;96;92;92;343;6,3;2,2;
2026/04/25;0000 UTC;0;993;993;992,4;,1;22,5;21,3;22,7;22,5;21,5;21,2;93;92;93;352;5,3;1,1;
2026/04/25;0100 UTC;,2;994,5;994,5;993;,1;22,3;21,2;22,6;22,3;21,4;21,1;93;92;93;4;3,8;1,7;
2026/04/25;0200 UTC;2,4;993,9;994,5;993,8;0;22,2;21,5;22,4;22,1;21,7;21,1;96;93;96;350;3;,7;
2026/04/25;0300 UTC;,4;994;994,2;993,9;0;22;21,5;22,2;22;21,6;21,3;97;95;97;31;2,1;0;
2026/04/25;0400 UTC;0;993,9;994,2;993,9;0;22;21,5;22,2;21,9;21,7;21,4;97;97;97;38;,8;0;
2026/04/25;0500 UTC;0;993,5;993,9;993,4;0;22,1;21,6;22,2;22;21,7;21,5;97;97;97;34;1,7;0;
2026/04/25;0600 UTC;0;992,6;993,5;992,6;0;22,2;21,7;22,3;22,1;21,8;21,6;97;97;97;38;2;0;
2026/04/25;0700 UTC;0;992;992,6;992;0;22,2;21,6;22,3;22,1;21,8;21,6;97;97;97;32;,8;0;
2026/04/25;0800 UTC;,2;991,7;992;991,6;0;22;21,5;22,2;22;21,7;21,5;97;97;97;33;,6;0;
2026/04/25;0900 UTC;0;992;992;991,7;0;22;21,5;22,1;22;21,6;21,5;97;97;97;39;1,3;,1;
2026/04/25;1000 UTC;0;992,3;992,3;992;0;21,8;21,3;22,1;21,8;21,6;21,3;97;97;97;39;2,3;,8;
2026/04/25;1100 UTC;0;993,5;993,5;992,3;11,2;21,7;21,2;21,9;21,6;21,5;21,2;97;97;97;12;2,3;1;
2026/04/25;1200 UTC;0;994,5;994,5;993,5;174,5;22,2;21,7;22,2;21,7;21,7;21,2;97;97;97;11;2,5;,7;
2026/04/25;1300 UTC;0;995,3;995,3;994,5;512,1;23,2;21,7;23,4;22,2;22,2;21,5;97;91;91;19;2,9;1,2;
2026/04/25;1400 UTC;0;995,9;995,9;995,3;870,7;23,9;21,4;24,2;23,1;21,8;21,2;92;85;86;24;3,6;1;
2026/04/25;1500 UTC;0;995,5;995,9;995,5;1271;25,4;21,8;25,5;23,7;22,7;21;88;80;80;337;2,4;,6;
2026/04/25;1600 UTC;0;994,7;995,5;994,7;1468,9;26,4;22;26,7;25;22,5;21,3;82;73;77;354;2,9;,9;
2026/04/25;1700 UTC;0;993,5;994,7;993,5;2122,4;27,6;21,5;28,1;26,3;22,9;21,3;78;69;69;48;2,6;,3;
2026/04/25;1800 UTC;0;992,6;993,5;992,6;3122,9;28,5;22,1;29,4;27,2;22,9;20,8;74;63;68;80;3,1;1,2;
2026/04/25;1900 UTC;0;991,6;992,6;991,6;1686,3;28,7;23,4;29,1;28,3;23,4;21,5;74;65;73;5;4,2;,8;
2026/04/25;2000 UTC;0;991;991,6;991;1059,9;27,4;24,1;29,6;27,4;24,1;21,5;82;63;82;69;4,7;,3;
2026/04/25;2100 UTC;,8;990,6;991;990,6;482,5;27;23,8;27,4;25,9;24,4;23,6;90;82;82;241;3,2;1,3;
2026/04/25;2200 UTC;0;990,4;990,6;990,4;334;26,1;23,5;27,3;26,1;24;23,2;86;79;85;352;2,7;,2;
2026/04/25;2300 UTC;0;990,4;990,4;990,1;11,5;24,7;23,5;26,1;24,7;23,7;23,3;93;85;93;17;1,5;0;
2026/04/26;0000 UTC;0;990,9;990,9;990,4;0;24,2;23,4;24,7;24,2;23,8;23,3;96;93;95;42;1,1;,1;
2026/04/26;0100 UTC;0;992,1;992,1;990,9;0;23,9;23,4;24,2;23,9;23,6;23,3;97;95;97;29;,7;0;
2026/04/26;0200 UTC;0;992,4;992,5;992,1;0;23,6;23,1;23,9;23,6;23,4;23;97;97;97;21;0;0;
2026/04/26;0300 UTC;0;992,4;992,6;992,4;0;23,5;22,9;23,6;23,4;23,1;22,9;97;97;97;22;0;0;
2026/04/26;0400 UTC;0;992,4;992,5;992,3;0;23,1;22,6;23,5;23,1;22,9;22,6;97;97;97;24;0;0;
2026/04/26;0500 UTC;0;992,2;992,5;992,2;0;23,2;22,6;23,2;23;22,6;22,5;97;97;97;19;,8;0;
2026/04/26;0600 UTC;0;991,8;992,3;991,8;0;22,8;22,2;23,2;22,8;22,6;22,2;97;97;97;29;,4;0;
2026/04/26;0700 UTC;0;991,8;991,8;991,7;0;22,6;22,1;22,8;22,5;22,3;22;97;97;97;29;0;0;
2026/04/26;0800 UTC;0;991,8;991,8;991,6;0;22,5;22;22,6;22,4;22,1;21,8;97;97;97;23;0;0;
2026/04/26;0900 UTC;0;991,7;991,9;991,6;0;22,4;21,9;22,5;22,3;22;21,8;97;97;97;23;0;0;
2026/04/26;1000 UTC;0;992,1;992,1;991,7;0;22,2;21,7;22,4;22,2;21,9;21,7;97;97;97;27;,8;0;
2026/04/26;1100 UTC;0;993,3;993,3;992,1;11,7;22,2;21,6;22,2;22,1;21,7;21,6;97;97;97;30;,6;0;
2026/04/26;1200 UTC;0;994,4;994,4;993,3;290,6;25,5;24,9;25,5;22,2;24,9;21,6;97;97;97;24;1;0;
2026/04/26;1300 UTC;0;995,1;995,1;994,4;1179;26,6;23,1;27,2;25;24,6;22,4;97;78;81;18;1,8;,2;
2026/04/26;1400 UTC;0;995,2;995,3;995;2162,1;29;23,7;29,1;26,6;24,7;22,8;83;72;73;6;1,8;,6;
2026/04/26;1500 UTC;,2;994,9;995,3;994,9;2682,7;29,9;23,4;30,3;28,6;25;23;76;68;68;32;2,7;,5;
2026/04/26;1600 UTC;0;994;994,9;994;2768,6;30,7;21,7;31,6;29,6;25,1;21,6;70;58;59;33;2,5;,6;
2026/04/26;1700 UTC;0;992,7;994;992,7;2652,1;31,6;22,5;32;30,7;24,3;21,7;66;57;59;15;2,6;,7;
2026/04/26;1800 UTC;0;991,5;992,7;991,4;1701,6;29,4;23,5;31,9;29,4;24,3;22,1;73;56;71;135;3,4;,9;
2026/04/26;1900 UTC;2,2;990,2;991,5;990,2;1718,2;30,3;24,1;30,3;26,9;25,7;23,3;88;69;69;115;3,4;,5;
2026/04/26;2000 UTC;0;989,6;990,2;989,6;1939,1;32,3;23,4;32,3;30,2;25,8;22,8;78;58;59;7;3,3;,8;
2026/04/26;2100 UTC;0;989,8;989,8;989,4;1254,2;30,1;24,3;32,4;29,9;25,9;22,4;76;56;71;76;3,3;,6;
2026/04/26;2200 UTC;0;989,9;990,1;989,6;414,7;27,6;23,5;30,1;27,6;25,2;23,3;81;70;78;63;2,7;,5;
2026/04/26;2300 UTC;0;990,5;990,5;989,9;34,9;26;23,8;27,6;25,9;24;23,3;89;78;88;29;3,1;0;
2026/04/27;0000 UTC;0;991,6;991,6;990,4;0;25;23,7;26,2;25;24,2;23,7;93;88;93;32;,6;0;
2026/04/27;0100 UTC;0;992,5;992,5;991,6;0;24,7;23,1;25;24,6;23,8;23;93;90;91;37;1,9;0;
2026/04/27;0200 UTC;0;993;993;992,5;0;24,1;22,9;24,7;24;23,1;22,6;93;91;93;26;,4;0;
2026/04/27;0300 UTC;0;993,3;993,3;992,9;0;24,4;23,2;24,6;24,1;23,6;22,8;95;92;93;31;,5;0;
2026/04/27;0400 UTC;0;993;993,3;992,8;0;24,1;22,9;24,5;24,1;23,4;22,9;94;93;93;25;,6;0;
2026/04/27;0500 UTC;0;992,2;993;992,1;0;23,7;23;24,1;23,6;23,1;22,6;96;93;96;27;1,1;0;
2026/04/27;0600 UTC;0;992,2;992,3;992,2;0;23,6;22,8;24;23,6;23,4;22,7;97;94;95;39;1,7;0;
2026/04/27;0700 UTC;0;991,9;992,2;991,9;0;23,4;22,9;23,7;23,4;23,1;22,9;97;95;97;28;1;0;
2026/04/27;0800 UTC;0;992,4;992,5;991,9;0;23,3;22,8;23,4;23,3;22,9;22,8;97;97;97;28;0;0;
2026/04/27;0900 UTC;0;992,6;992,6;992,4;0;23,1;22,6;23,3;23,1;22,8;22,6;97;97;97;28;,3;0;
2026/04/27;1000 UTC;0;993;993;992,5;0;23,1;22,6;23,2;23;22,7;22,5;97;97;97;24;0;0;
2026/04/27;1100 UTC;0;993,7;993,7;993;14,5;23;22,5;23,1;22,9;22,6;22,4;97;97;97;29;0;0;
2026/04/27;1200 UTC;0;994,6;994,6;993,7;202,2;24,6;24,1;24,6;23;24,1;22,5;97;97;97;33;1,4;,1;
2026/04/27;1300 UTC;0;994,9;994,9;994,6;1305;27,3;23,6;27,5;24,7;24,7;23,4;97;80;80;39;2,3;,9;
2026/04/27;1400 UTC;0;995,1;995,1;994,9;2079,3;29,5;24,4;29,6;27,2;24,7;23,3;81;73;74;13;2,9;,6;
2026/04/27;1500 UTC;0;994,7;995,1;994,7;2654;30,6;23,7;30,6;28,8;25,1;23,1;76;66;67;7;3,6;,7;
2026/04/27;1600 UTC;0;994,3;994,8;994,3;2225;30,2;24,6;31,8;30,1;24,9;23;73;62;72;357;3,2;,7;
2026/04/27;1700 UTC;,2;993,6;994,3;993,6;1556;27,3;24,3;31,2;27,3;25,8;23,3;84;64;84;110;3,4;1,1;
2026/04/27;1800 UTC;1,6;992,8;993,6;992,8;431,1;25,5;23,3;27,6;25,5;24,6;22,9;90;78;88;353;5;1,3;
2026/04/27;1900 UTC;,8;990,9;992,8;990,9;316,4;25,5;23,6;25,5;25;23,6;22,8;90;87;89;12;4;,3;
2026/04/27;2000 UTC;0;989,5;990,9;989,5;333,5;25,6;23,7;25,7;25,3;23,9;23,3;91;89;89;332;2,9;,7;
2026/04/27;2100 UTC;0;989,5;989,5;989;296,7;26,1;24,4;26,3;25,5;24,5;23,5;92;88;90;25;2,9;,1;
2026/04/27;2200 UTC;0;989,7;989,8;989,5;254,5;25,9;24,3;26,6;25,9;24,9;24,3;91;89;91;151;1,8;,9;
2026/04/27;2300 UTC;0;990,6;990,6;989,7;13,6;24,9;24,3;25,9;24,9;24,4;23,8;97;91;97;22;1,8;0;
2026/04/28;0000 UTC;0;991,8;991,8;990,6;0;24,7;24,2;24,9;24,7;24,4;24,1;97;97;97;26;0;0;
2026/04/28;0100 UTC;0;992,7;992,7;991,8;0;24,7;24,2;24,9;24,7;24,4;24,1;97;97;97;29;0;0;
2026/04/28;0200 UTC;0;993,2;993,2;992,7;0;24,7;24,1;24,8;24,5;24,2;23,9;97;97;97;15;0;0;
2026/04/28;0300 UTC;0;993,9;994;993,2;0;24,4;23,9;24,7;24,4;24,1;23,9;97;97;97;38;2,7;,1;
2026/04/28;0400 UTC;0;993,6;994,1;993,6;0;24,2;23,7;24,4;24,2;23,9;23,6;97;97;97;23;1;0;
2026/04/28;0500 UTC;0;992,7;993,6;992,7;0;24;23,4;24,2;23,8;23,7;23,3;97;97;97;33;0;0;
2026/04/28;0600 UTC;0;991,8;992,7;991,8;0;23,7;23,2;24;23,6;23,5;23,1;97;97;97;28;0;0;
2026/04/28;0700 UTC;0;991,4;991,8;991,4;0;23,7;23,2;23,9;23,7;23,4;23,2;97;97;97;28;0;0;
2026/04/28;0800 UTC;0;991,8;991,8;991,3;0;23,6;23,1;23,9;23,5;23,3;23;97;97;97;33;,9;0;
2026/04/28;0900 UTC;0;992,1;992,2;991,8;0;24;23,4;24,1;23,6;23,5;23,1;97;97;97;42;2,4;,1;
2026/04/28;1000 UTC;0;992,3;992,4;992,1;0;24,2;23;24,2;24;23,7;23;97;93;93;50;3,9;1,3;
2026/04/28;1100 UTC;0;992,7;992,7;992,2;11,9;23,8;22,6;24,3;23,8;23,1;22,6;94;93;93;48;3,9;1;
2026/04/28;1200 UTC;0;993,5;993,5;992,7;190,8;24,3;22,8;24,3;23,7;22,9;22,5;93;92;92;1;2,9;,2;
2026/04/28;1300 UTC;0;994,3;994,3;993,5;616,4;25;22,6;25,1;24,3;23,2;22,6;92;86;86;33;2,4;1,1;
2026/04/28;1400 UTC;0;995,2;995,3;994,3;723,8;26,1;23;26,1;24,9;23,3;22,6;88;83;83;346;3,6;1,1;
2026/04/28;1500 UTC;0;995,1;995,3;995,1;1880,6;27,7;23,4;27,8;26;23,9;22,8;85;76;77;36;4,2;,5;
2026/04/28;1600 UTC;0;994,1;995,1;994,1;2391,3;29;23,3;29,1;27,4;23,9;22,3;77;69;72;5;2,5;,5;
2026/04/28;1700 UTC;0;993,4;994,1;993,4;2648,6;30,1;24,1;30,4;29;24,1;22,6;74;64;71;39;2,6;,2;
2026/04/28;1800 UTC;0;992,9;993,4;992,9;1133;29,5;23,2;30,1;29,4;24,8;23,1;76;67;69;39;3,7;1,3;
2026/04/28;1900 UTC;0;991,6;992,9;991,6;1852,2;30,3;22,6;30,5;29;24,3;22,2;74;63;63;46;4;1,3;
2026/04/28;2000 UTC;0;990,6;991,5;990,6;1008,3;27,9;24;30,8;27,9;24,1;21,8;80;60;80;93;3,6;,7;
2026/04/28;2100 UTC;0;991;991;990,6;287,5;27,2;23,9;28,1;27,2;24,4;23;83;75;83;34;2,4;,2;
2026/04/28;2200 UTC;0;991,6;991,6;991;90,3;26,7;23,7;27,4;26,7;24,4;23,7;87;80;83;339;2,1;,7;
2026/04/28;2300 UTC;2;991,9;991,9;991,5;,4;24;22,8;26,7;24;23,7;22,6;93;81;93;346;6,5;,3;
2026/04/29;0000 UTC;0;991,9;992,1;991,9;0;23,7;23,2;24;23,6;23,2;22,6;97;93;97;20;2,2;0;
2026/04/29;0100 UTC;0;993;993;991,9;0;23,8;23,3;23,9;23,6;23,3;23,1;97;97;97;21;,5;0;
2026/04/29;0200 UTC;0;992,9;993,1;992,9;0;23,8;23,1;23,8;23,6;23,3;23,1;97;96;96;8;1,9;,4;
2026/04/29;0300 UTC;0;992,7;992,9;992,6;0;23,6;22,9;23,8;23,6;23,1;22,9;96;96;96;10;2,1;,2;
2026/04/29;0400 UTC;0;993,2;993,3;992,7;0;23,6;23,1;23,6;23,6;23,1;22,9;97;96;97;11;1,4;,1;
2026/04/29;0500 UTC;0;993,2;993,2;993;0;23,5;22,9;23,6;23,5;23,1;22,9;97;97;97;35;1,1;0;
2026/04/29;0600 UTC;0;992,7;993,2;992,7;0;23,5;22,9;23,5;23,5;23;22,8;97;96;97;8;1,1;,2;
2026/04/29;0700 UTC;0;992,1;992,7;992,1;0;23,2;22,7;23,5;23,2;22,9;22,7;97;96;97;24;1,2;,1;
2026/04/29;0800 UTC;0;992;992,2;992;0;23,2;22,7;23,3;23,2;22,8;22,6;97;97;97;25;,8;0;
2026/04/29;0900 UTC;0;992,3;992,4;991,9;0;23,2;22,7;23,3;23,2;22,8;22,6;97;97;97;30;0;0;
2026/04/29;1000 UTC;0;992,4;992,4;992,2;0;23,3;22,8;23,3;23,2;22,8;22,7;97;97;97;31;0;0;
2026/04/29;1100 UTC;0;993,2;993,2;992,4;10,9;23,2;22,7;23,4;23,2;22,8;22,7;97;97;97;338;1,2;,4;
2026/04/29;1200 UTC;0;993,7;993,7;993,2;126,2;23,6;23,1;23,6;23,2;23,1;22,7;97;97;97;29;1,3;,1;
2026/04/29;1300 UTC;0;994,5;994,5;993,7;290,9;24,4;23,8;24,4;23,6;23,8;23;97;97;97;21;1,7;,2;
2026/04/29;1400 UTC;0;994,9;994,9;994,5;939,7;26,4;24,1;26,6;24,4;24,6;23,4;97;87;87;122;2,7;,6;
2026/04/29;1500 UTC;0;994,5;994,9;994,5;1384,9;27,9;24,2;27,9;26,4;24,3;23,1;88;78;80;25;2;,2;
2026/04/29;1600 UTC;0;993,7;994,5;993,7;1537,7;28,5;24,3;28,8;27,7;24,4;23;81;74;78;50;1,9;,2;
2026/04/29;1700 UTC;0;992,6;993,7;992,6;1564;29;23,3;29,4;28,4;24,5;23,1;78;70;71;33;2,5;,2;
2026/04/29;1800 UTC;0;991,5;992,6;991,5;2509,6;31,4;24,4;31,4;29;25,4;22,9;77;63;66;49;2,1;,2;
2026/04/29;1900 UTC;0;990,1;991,5;990,1;2245,9;30,9;22,2;31,7;30,1;25,3;22,1;72;59;60;17;2,8;1,1;
2026/04/29;2000 UTC;0;988,9;990,1;988,9;2093,3;31,8;23;31,9;30,4;23,8;21,7;66;56;60;351;2,8;,7;
2026/04/29;2100 UTC;0;989,1;989,1;988,7;690,9;29,2;23,9;32,4;29,2;24,7;22,1;74;55;73;7;2,3;,3;
2026/04/29;2200 UTC;0;989,3;989,3;988,9;265;28,4;24,7;29,3;28,4;25,2;23,2;80;71;80;5;1,5;,4;
2026/04/29;2300 UTC;0;989,6;989,6;989,1;26,6;26,4;24,1;28,4;26,4;24,9;23,9;88;78;87;45;2,6;,7;
2026/04/30;0000 UTC;0;990,4;990,4;989,5;0;25,4;24;26,6;25,4;24,2;23,9;92;86;92;24;2,6;0;
2026/04/30;0100 UTC;0;991;991;990,4;0;25,3;24;25,6;25,3;24,3;23,9;93;92;93;37;1,3;,1;
2026/04/30;0200 UTC;0;991,5;991,5;991;0;25;23,8;25,6;25;24,3;23,7;93;91;93;20;1,6;0;
2026/04/30;0300 UTC;0;991,9;991,9;991,5;0;24,7;23,6;25,1;24,7;23,9;23,5;94;92;94;33;,4;0;
2026/04/30;0400 UTC;0;991,8;992;991,8;0;24,5;23,9;24,7;24,4;24;23,6;97;94;97;36;1,9;0;
2026/04/30;0500 UTC;0;991,5;991,8;991,5;0;24,4;23,8;24,5;24,3;23,9;23,8;97;97;97;35;1;0;
2026/04/30;0600 UTC;0;991;991,5;991;0;24;23,5;24,4;24;23,8;23,5;97;97;97;29;,8;0;
2026/04/30;0700 UTC;0;990,7;991;990,6;0;23,6;23,1;24;23,6;23,4;23,1;97;97;97;27;0;0;
2026/04/30;0800 UTC;0;990,7;990,7;990,6;0;23,7;23,1;23,8;23,6;23,2;23,1;97;97;97;23;0;0;
2026/04/30;0900 UTC;0;990,8;990,8;990,7;0;23,3;22,8;23,7;23,2;23,1;22,7;97;97;97;20;0;0;
2026/04/30;1000 UTC;0;991,4;991,4;990,9;0;23,1;22,6;23,3;23,1;22,8;22,6;97;97;97;29;0;0;
2026/04/30;1100 UTC;0;992,2;992,2;991,4;11,4;23,1;22,6;23,1;22,9;22,6;22,4;97;97;97;33;0;0;
2026/04/30;1200 UTC;0;992,9;992,9;992,2;298,3;25;24,3;25;23,1;24,3;22,6;97;96;96;86;1,9;,5;
2026/04/30;1300 UTC;0;993,7;993,7;992,9;1358,8;28;24,4;28;25;24,8;23,7;96;81;81;32;1,9;,3;
2026/04/30;1400 UTC;0;994,3;994,3;993,7;1908,2;29,6;24,7;29,6;27,6;25,1;23,3;81;74;75;40;2,3;,6;
2026/04/30;1500 UTC;0;994,2;994,4;994,2;2128,4;30,1;23,2;30,4;28,4;24,8;22,3;79;66;66;33;2,7;,4;
2026/04/30;1600 UTC;0;993,5;994,2;993,5;1845,4;30,1;24,2;30,7;29,7;24,7;22,8;73;64;71;52;3,2;,2;
2026/04/30;1700 UTC;0;992,6;993,5;992,6;1770,6;28,9;23,6;31,5;28,9;25;23;75;61;73;193;5,1;1,9;
2026/04/30;1800 UTC;0;991,1;992,6;991,1;2189,1;28,9;23,8;30,9;28,4;25;23,1;80;64;74;2;5,1;,4;
2026/04/30;1900 UTC;5,2;989,3;991,1;989,3;635,9;25,7;23,7;28,9;25,6;25,4;23;92;71;89;318;4,6;,8;
2026/04/30;2000 UTC;0;988;989,3;987,9;1371;29,5;24,8;29,5;25,5;25,4;23,4;92;73;76;348;2,4;,5;
2026/04/30;2100 UTC;0;988,2;988,2;988;1237,7;30;24,6;30,5;29,4;25,5;22,5;78;64;73;16;2,8;,1;
2026/04/30;2200 UTC;0;988,8;988,8;988,2;306,7;27;24,9;30,2;27;25,4;23,3;88;68;88;21;1,7;0;
2026/04/30;2300 UTC;0;988,9;988,9;988,7;5,8;26,7;24,2;27;26;25,1;24,2;92;86;86;242;2,5;,9;
2026/05/01;0000 UTC;0;990,4;990,4;988,9;0;25,4;24;26,8;25,4;24,3;24;92;86;92;30;2,8;0;
2026/05/01;0100 UTC;0;992;992;990,4;0;25,1;24,1;25,4;25;24,1;23,8;94;92;94;19;1,4;0;
2026/05/01;0200 UTC;0;992,4;992,7;992;0;24,6;24;25,2;24,6;24,3;24;97;94;97;341;1;,1;
2026/05/01;0300 UTC;0;992,8;992,8;992,4;0;24,4;23,8;24,7;24,4;24,2;23,8;97;96;97;36;1,3;,1;
2026/05/01;0400 UTC;0;992,2;992,8;992,2;0;24,3;23,7;24,4;24,2;23,9;23,7;97;97;97;24;1,1;0;
2026/05/01;0500 UTC;0;992;992,2;992;0;24,2;23,6;24,3;24,1;23,7;23,5;97;97;97;16;0;0;
2026/05/01;0600 UTC;0;992;992,3;992;0;24;23,5;24,2;24;23,7;23,5;97;97;97;31;1,3;0;
2026/05/01;0700 UTC;0;991,7;992,1;991,7;0;24,3;23,7;24,3;24;23,7;23,5;97;97;97;24;1;,2;
2026/05/01;0800 UTC;0;991,3;991,8;991,3;0;24,2;23,6;24,3;24,1;23,7;23,6;97;97;97;18;1;0;
2026/05/01;0900 UTC;0;991,6;991,6;991,3;0;24,1;23,6;24,2;23,9;23,6;23,4;97;97;97;19;,6;0;
2026/05/01;1000 UTC;0;991,9;991,9;991,6;0;23,9;23,4;24,1;23,9;23,6;23,4;97;97;97;64;2;,3;
2026/05/01;1100 UTC;0;992,8;992,8;991,9;4,5;24;23,4;24;23,8;23,5;23,3;97;97;97;26;1,1;0;
2026/05/01;1200 UTC;0;993,8;993,8;992,8;189,1;24,7;24,2;24,7;23,9;24,2;23,4;97;97;97;102;1,6;,6;
2026/05/01;1300 UTC;0;994,5;994,5;993,8;602,6;25,8;24,1;25,8;24,7;24,5;23,7;97;90;90;146;2;,8;
2026/05/01;1400 UTC;0;995,1;995,1;994,5;2199,4;28,6;24,1;28,6;25,8;25,3;23,8;91;77;77;185;2,9;1,2;
2026/05/01;1500 UTC;0;994,7;995,1;994,7;2399,3;29,6;23,5;30,6;28,6;25,2;23,2;78;68;70;40;2,6;,5;
2026/05/01;1600 UTC;0;993,9;994,7;993,9;2018,7;30,6;24,5;31,8;29,2;25,6;22,8;76;61;70;28;2,8;,4;
2026/05/01;1700 UTC;0;993,3;993,9;993,3;1978,3;30,1;24,5;32,1;30,1;25;23,1;72;60;72;139;3;,9;
2026/05/01;1800 UTC;0;991,8;993,3;991,8;2004,8;31,8;23,1;32,6;29,7;25,6;22,5;76;57;60;273;2,5;,9;
2026/05/01;1900 UTC;0;990,6;991,8;990,6;1318,8;29;24,9;32,9;29;26,2;22,4;80;55;79;20;2,8;0;
2026/05/01;2000 UTC;0;989,5;990,6;989,5;528,5;29,2;24,7;30;29;26,1;24,5;82;74;77;358;3,8;1,2;
2026/05/01;2100 UTC;0;988,9;989,5;988,8;670,1;30,6;24,6;30,6;29;25,6;24,4;81;70;70;7;3;,2;
2026/05/01;2200 UTC;0;989,5;989,6;988,9;336,5;28,1;25,7;31,2;28,1;26;23,9;87;67;87;20;1,1;0;
2026/05/01;2300 UTC;0;990,4;990,4;989,5;6,3;27,3;25,4;28,1;27,1;25,7;25,2;90;87;90;5;1,3;,2;
2026/05/02;0000 UTC;0;991,4;991,4;990,4;0;26,6;24,8;27,3;26,6;25,4;24,8;91;87;90;22;1,8;,2;
2026/05/02;0100 UTC;0;992;992,1;991,4;0;25,8;24,6;26,6;25,8;24,9;24,6;93;90;93;10;1,8;0;
2026/05/02;0200 UTC;0;992,8;992,8;992;0;25,7;24,9;25,9;25,6;25;24,5;96;93;95;27;,8;0;
2026/05/02;0300 UTC;0;992,8;992,9;992,7;0;25,5;24,9;25,7;25,2;24,9;24,5;97;94;97;27;0;0;
2026/05/02;0400 UTC;,6;993,1;993,2;992,7;0;25,8;24,7;25,9;25,5;25,1;24,5;97;94;94;36;1,4;,1;
2026/05/02;0500 UTC;,8;993,1;993,1;992,8;0;25,4;24,8;25,8;25,3;25;24,7;97;94;97;35;1,3;0;
2026/05/02;0600 UTC;,6;992,9;993,3;992,9;0;25,5;24,4;25,7;25,4;25,1;24,4;97;94;94;51;3,8;1;
2026/05/02;0700 UTC;0;992;992,9;992;0;25;24,5;25,6;25;24,5;24;97;93;97;41;3,2;,1;
2026/05/02;0800 UTC;0;991,7;992;991,3;0;24,9;24,4;25,1;24,7;24,5;23,9;97;94;97;23;1,3;,3;
2026/05/02;0900 UTC;0;992,1;992,1;991,7;0;24,4;23,8;25;24,4;24,4;23,6;97;94;97;26;1,3;0;
2026/05/02;1000 UTC;0;993;993;992,1;0;24;23,5;24,4;24;23,8;23,5;97;97;97;28;0;0;
2026/05/02;1100 UTC;0;994,2;994,2;993;19,1;24,6;23,3;24,6;24;24;23,2;97;92;92;27;2,8;,9;
2026/05/02;1200 UTC;0;995,1;995,1;994,2;231,3;25,1;23,5;25,1;24,6;23,7;23,2;93;91;91;9;2,8;,2;
2026/05/02;1300 UTC;0;996,1;996,1;995,1;657,4;26,7;23,8;26,8;25,1;24,2;23,5;91;84;84;15;2,9;,6;
2026/05/02;1400 UTC;0;996,4;996,4;996,1;1229,9;28;22,4;28,1;26,6;24,5;22,4;85;72;72;31;4,7;2;
2026/05/02;1500 UTC;0;996,1;996,4;996,1;2335,2;29,8;23,6;29,8;28;24,3;22,4;75;66;69;9;5;1,7;
2026/05/02;1600 UTC;,2;995,7;996,1;995,7;2326,7;29,6;22,4;30,3;29,5;23,7;21,8;69;62;65;25;4,8;1,7;
2026/05/02;1700 UTC;0;995;995,7;995;1815,9;29,5;22,5;29,8;29,1;23,3;21,8;69;63;66;26;6;1,9;
2026/05/02;1800 UTC;0;994,1;995;994,1;1985,2;30,4;23,7;30,7;29,5;24,2;22,5;71;64;68;18;4,5;1,1;
2026/05/02;1900 UTC;0;993,1;994,1;993,1;1922,8;30,4;23,5;30,7;30,2;24,1;22,8;70;64;67;19;5,1;2;
2026/05/02;2000 UTC;0;992,2;993,1;992,2;1352,3;30,1;23,9;30,5;30;24,2;23,1;71;65;70;350;4,3;1,4;
2026/05/02;2100 UTC;0;991,6;992,2;991,6;1013,3;30,4;23,7;30,6;30,1;24,1;23,3;70;66;68;354;3,1;,9;
2026/05/02;2200 UTC;0;991,9;991,9;991,6;450,9;27,9;24,4;30,8;27,9;25;23;82;65;81;23;1,9;0;
2026/05/02;2300 UTC;0;992,3;992,4;991,9;13,4;26,3;24,5;27,9;26,3;24,8;23,9;91;81;90;82;2,1;,5;
2026/05/03;0000 UTC;0;993,2;993,2;992,3;0;25,9;24,5;26,5;25,9;24,7;24,5;92;90;92;56;2,6;,3;
2026/05/03;0100 UTC;0;994,2;994,2;993,1;0;25,7;24,5;25,9;25,6;24,6;24,4;93;92;93;43;2,1;,1;
2026/05/03;0200 UTC;0;994,9;994,9;994,2;0;25,7;24,4;25,8;25,5;24,5;24,2;93;92;92;152;2,4;,9;
2026/05/03;0300 UTC;0;995,4;995,4;994,9;0;25,3;24,3;25,7;25,3;24,6;24,3;95;92;94;69;3;,4;
2026/05/03;0400 UTC;0;995,5;995,6;995,4;0;24,9;24,4;25,3;24,9;24,6;24,2;97;94;97;48;1,7;,3;
2026/05/03;0500 UTC;0;995,3;995,5;995,3;0;24,6;24,1;25;24,6;24,4;24,1;97;97;97;26;1,1;0;
2026/05/03;0600 UTC;0;994,7;995,3;994,7;0;24,2;23,7;24,6;24,2;24;23,7;97;97;97;34;1,3;0;
2026/05/03;0700 UTC;0;993,7;994,7;993,7;0;24;23,4;24,2;23,9;23,7;23,4;97;97;97;29;,4;0;
2026/05/03;0800 UTC;0;993,3;993,8;993,3;0;23,9;23,4;24,1;23,8;23,5;23,3;97;97;97;349;1,2;,3;
2026/05/03;0900 UTC;0;993;993,3;993;0;23,7;23,1;23,9;23,7;23,4;23,1;97;97;97;29;1,7;0;
2026/05/03;1000 UTC;0;993,5;993,5;993;0;23,5;23;23,7;23,4;23,1;22,9;97;97;97;29;0;0;
2026/05/03;1100 UTC;0;994,3;994,3;993,5;14,3;23,4;22,9;23,5;23,3;23;22,7;97;97;97;29;,8;0;
2026/05/03;1200 UTC;0;995,2;995,2;994,3;281,7;24,7;23,5;24,7;23,4;24,1;22,9;97;93;93;180;1,9;1,2;
2026/05/03;1300 UTC;0;995,5;995,5;995,2;1232,2;27,3;24,3;27,3;24,6;24,6;23,4;93;84;84;162;2,2;,8;
2026/05/03;1400 UTC;0;996,2;996,2;995,5;2044,8;29,5;24,6;29,7;27,3;25,3;24;85;74;75;156;3,6;,8;
2026/05/03;1500 UTC;0;995,9;996,2;995,8;2469,6;30,7;24,5;30,9;29,1;25,3;23,8;76;69;70;215;4,8;1,5;
2026/05/03;1600 UTC;0;995,1;995,9;995,1;1887,5;31,1;24;31,7;30,1;25,2;23,8;75;64;66;165;4,1;,7;
2026/05/03;1700 UTC;0;993,9;995,1;993,9;2547,2;32,5;22,4;33;30,8;25,3;22,4;70;54;55;79;3,4;1;
2026/05/03;1800 UTC;0;992,6;993,9;992,6;2447,5;32,3;23,3;33,5;31,9;24,6;21,9;63;52;59;57;4,6;,8;
2026/05/03;1900 UTC;0;991,4;992,7;991,4;2186,7;32,3;22,5;33;31,8;23,9;21,9;60;53;56;60;4,4;,8;
2026/05/03;2000 UTC;0;990,3;991,4;990,3;2043,6;31,8;22,8;33,1;31,7;23,4;21,6;59;51;59;45;4,8;,8;
2026/05/03;2100 UTC;0;990,6;990,7;990,3;889,3;31,6;23;32,3;31;23,8;22;64;56;60;53;4,8;,4;
2026/05/03;2200 UTC;0;991;991;990,6;268,7;27,9;23,7;31,7;27,9;24,3;22,4;80;58;78;33;2,5;,1;
2026/05/03;2300 UTC;0;991,5;991,5;991;5;27,4;24,1;27,9;26,3;24,6;23,9;88;78;82;157;3,8;1,4;
2026/05/04;0000 UTC;0;992,3;992,3;991,5;0;26,9;24,3;27,7;26,8;24,6;24;86;82;86;321;3,8;,5;
2026/05/04;0100 UTC;0;993;993;992,3;0;25,9;24;26,9;25,9;24,4;23,8;89;86;89;8;1,6;,1;
2026/05/04;0200 UTC;0;993,8;993,8;993;0;25,3;23,7;25,9;25,3;24;23,7;91;89;91;17;1,8;,1;
2026/05/04;0300 UTC;0;994;994,2;993,8;0;24,8;23,6;25,4;24,8;23,9;23,5;93;91;93;20;1,1;0;
2026/05/04;0400 UTC;0;993,9;994,1;993,8;0;25;23,6;25;24,6;23,7;23,5;94;92;92;128;2;,7;
2026/05/04;0500 UTC;0;993,5;993,9;993,5;0;24,4;23,4;25;24,4;23,6;23,3;94;92;94;18;2;0;
2026/05/04;0600 UTC;0;993,2;993,5;993,2;0;24,4;23,8;24,5;24,3;23,9;23,5;97;95;97;23;,9;0;
2026/05/04;0700 UTC;0;992,9;993,2;992,9;0;24,2;23,6;24,4;24,2;23,9;23,6;97;97;97;324;1,6;,4;
2026/05/04;0800 UTC;0;992,9;993,1;992,8;0;24,3;23,2;24,6;24,1;23,9;23,2;97;93;93;56;2,5;,5;
2026/05/04;0900 UTC;0;993,1;993,1;992,8;0;24,2;22,9;24,4;24,2;23,2;22,9;94;92;92;20;1,6;,4;
2026/05/04;1000 UTC;0;993,6;993,6;993,1;0;24,4;23;24,7;24;23,7;22,8;95;92;92;125;2,8;,7;
2026/05/04;1100 UTC;0;994,2;994,2;993,6;7,2;24,2;22,9;24,4;24,1;23;22,8;93;91;93;77;2,4;,4;
2026/05/04;1200 UTC;0;995,1;995,1;994,2;279;24,9;23;24,9;24,1;23,1;22,8;93;89;89;71;2,9;,4;
2026/05/04;1300 UTC;0;995,8;995,8;995,1;1151,9;26,4;22,7;26,8;24,9;23,7;22,6;89;79;80;98;3,2;,7;
2026/05/04;1400 UTC;0;996,1;996,2;995,8;1366,9;27,5;22,8;28;26,3;24;22,7;82;75;76;115;3,9;,9;
2026/05/04;1500 UTC;0;996;996,3;995,9;1867,2;27,9;23,6;28,9;27,4;24,1;22,9;80;72;77;111;3,8;1,7;
2026/05/04;1600 UTC;0;995,5;996;995,5;1779,6;28,8;23,6;29,3;27,9;24,6;23;78;72;73;63;3,9;,5;
2026/05/04;1700 UTC;0;994,9;995,5;994,9;1040,1;29,5;24,8;29,7;28,7;24,8;23,2;78;71;76;36;2;,1;
2026/05/04;1800 UTC;0;993,8;994,9;993,8;2387,6;30,6;23,5;30,9;29,5;24,8;23;76;63;66;15;3,6;1;
2026/05/04;1900 UTC;0;992,7;993,8;992,7;1164,7;30,1;24,8;31,2;29,6;24,9;21,9;76;59;74;35;3,6;,4;
2026/05/04;2000 UTC;0;991,7;992,7;991,7;1986,6;31,6;23,1;31,7;29,8;25,2;22,8;76;60;61;319;4,1;1,3;
2026/05/04;2100 UTC;0;991,5;991,7;991,4;1366,1;30,7;23,2;31,7;30,1;24,1;22,8;68;60;64;342;4,1;,5;
2026/05/04;2200 UTC;0;991,8;991,8;991,4;301,3;28,1;24,7;30,8;28,1;24,7;22,7;82;62;82;19;2,9;0;
2026/05/04;2300 UTC;0;992,2;992,2;991,8;5,1;26,1;24,3;28,1;26,1;24,7;24,2;90;82;90;21;,5;0;
2026/05/05;0000 UTC;0;993,1;993,1;992,2;0;25,4;24;26,1;25,4;24,3;24;92;90;92;25;0;0;
2026/05/05;0100 UTC;0;993,6;993,6;993,1;0;24,9;23,7;25,4;24,8;24;23,6;93;92;93;22;0;0;
2026/05/05;0200 UTC;0;994,4;994,4;993,6;0;24,9;24,1;25;24,7;24,4;23,7;96;93;96;29;0;0;
2026/05/05;0300 UTC;0;994,7;994,8;994,4;0;25,4;24,1;25,4;24,9;24,5;23,9;97;92;92;29;1,4;,7;
2026/05/05;0400 UTC;0;994,9;995;994,8;0;25,1;23,3;25,5;25,1;24,1;23,3;92;89;90;25;3,1;,8;
2026/05/05;0500 UTC;0;994,7;994,9;994,7;0;24,8;23,3;25,2;24,4;23,5;23;93;89;91;40;2,3;,5;
2026/05/05;0600 UTC;0;994,4;994,7;994,3;0;24,8;23,4;24,9;24,5;23,4;23,1;92;90;92;28;2;,5;
2026/05/05;0700 UTC;0;994,1;994,5;994,1;0;24,5;23,1;24,9;24,5;23,5;23;92;90;92;8;2,2;,5;
2026/05/05;0800 UTC;0;994,2;994,4;994,1;0;24,4;23,1;24,5;24,3;23,2;23;93;92;93;18;3,5;,9;
2026/05/05;0900 UTC;0;994,2;994,2;994,2;0;24,1;22,6;24,4;24,1;23,1;22,6;93;91;92;356;2,6;,6;
2026/05/05;1000 UTC;0;994,3;994,5;994,1;0;23,9;22,6;24,1;23,9;22,8;22,6;92;92;92;10;2,3;,2;
2026/05/05;1100 UTC;0;994,6;994,6;994,2;20,7;23,8;22,7;23,9;23,8;22,7;22,6;94;92;94;38;1,5;0;
2026/05/05;1200 UTC;0;995,1;995,1;994,6;206,3;24,9;23,3;24,9;23,9;23,3;22,8;94;90;91;295;1,8;,9;
2026/05/05;1300 UTC;0;995,9;995,9;995,1;744,8;26,8;23,5;27;24,9;24,1;23,1;91;82;82;35;2,1;,1;
2026/05/05;1400 UTC;0;996,2;996,2;995,9;1808,2;28,8;23,4;29,5;26,8;24,9;23,3;85;72;73;340;2,8;1,1;
2026/05/05;1500 UTC;0;996,1;996,2;996,1;2079,8;29,5;23,1;29,9;28,8;24,8;23,1;76;68;69;109;3,4;,6;
2026/05/05;1600 UTC;0;995,5;996,1;995,5;2392,2;30,1;23,8;31,1;29,5;24,5;22,2;71;61;69;63;2,6;,5;
2026/05/05;1700 UTC;0;994,5;995,5;994,5;1661,1;31;23,4;31;30,1;24,8;22,5;72;62;64;34;1,9;,3;
2026/05/05;1800 UTC;0;993,5;994,5;993,5;1827,6;27,7;22,7;32,5;27,7;24,7;21,5;75;56;74;45;6,6;2,6;
2026/05/05;1900 UTC;,6;992,6;993,6;992,6;357,1;26,1;23,6;27,7;25,9;24;22,5;88;74;86;42;6,6;0;
2026/05/05;2000 UTC;0;992,1;992,7;992;410,4;26,8;23,6;26,9;26;24,4;23,6;89;83;83;25;2,2;,9;
2026/05/05;2100 UTC;0;992,1;992,3;991,9;295,1;26,6;24,2;27,1;26,6;24,4;23,6;87;81;87;13;2,5;,2;
2026/05/05;2200 UTC;0;992,3;992,4;992,1;106,8;26,2;24,3;26,7;26;24,5;23,8;91;85;89;9;2,1;,5;
2026/05/05;2300 UTC;0;992,7;992,7;992,1;7,6;25,4;24,1;26,2;25,3;24,3;24;92;89;92;17;1,5;,1;
2026/05/06;0000 UTC;0;993,6;993,7;992,7;0;25,2;23,8;25,5;25;24,2;23,7;94;91;92;27;2;,1;
2026/05/06;0100 UTC;0;994,2;994,2;993,5;0;24,6;24;25,2;24,5;24;23,6;96;92;96;46;1,4;,1;
2026/05/06;0200 UTC;0;994,8;994,8;994,2;0;24,7;23,6;24,8;24,6;24,2;23,6;97;94;94;14;1,2;,3;
2026/05/06;0300 UTC;0;995,1;995,1;994,8;0;24,7;23,4;24,8;24,3;24,2;23,4;97;93;93;29;1,9;,5;
2026/05/06;0400 UTC;0;995,1;995,3;995;0;24,3;23,7;24,7;24,1;23,7;23,1;97;93;97;20;1,5;0;
2026/05/06;0500 UTC;0;995,1;995,1;995;0;24,3;23,5;24,5;24,2;23,9;23,3;97;94;96;31;1,5;0;
2026/05/06;0600 UTC;0;994,9;995,1;994,9;0;24,4;23,2;24,5;24,3;23,7;23,2;96;93;93;17;1,1;,2;
2026/05/06;0700 UTC;0;994,6;994,9;994,6;0;24,3;23;24,5;24,3;23,2;23;93;92;93;14;1,3;,1;
2026/05/06;0800 UTC;0;994,5;994,6;994,4;0;23,7;23,2;24,3;23,7;23,2;22,7;97;93;97;27;,9;0;
2026/05/06;0900 UTC;0;994,8;994,8;994,5;0;23,5;23;23,7;23,5;23,2;23;97;97;97;35;,6;0;
2026/05/06;1000 UTC;0;995,1;995,1;994,8;0;23,3;22,8;23,5;23,3;23;22,8;97;97;97;23;0;0;
2026/05/06;1100 UTC;0;995,9;995,9;995,1;19,7;23,5;22,9;23,5;23,3;22,9;22,7;97;97;97;26;0;0;
2026/05/06;1200 UTC;0;996,6;996,6;995,9;359,7;25,9;24,1;25,9;23,5;24,3;23;97;90;90;360;1,9;,5;
2026/05/06;1300 UTC;0;997,3;997,3;996,6;831,8;26,8;23,6;26,8;25,9;24;23,3;90;82;83;356;3,3;,8;
2026/05/06;1400 UTC;0;997,5;997,7;997,3;1071,1;28,2;24,3;28,2;26,9;24,3;23,3;84;75;79;20;2,4;1;
2026/05/06;1500 UTC;,2;997,4;997,5;997,4;2038,6;29,9;23,5;30,1;28,2;24,6;23,1;79;68;68;5;2,5;1,2;
2026/05/06;1600 UTC;0;996,6;997,4;996,6;2954,6;30,5;23,1;30,8;29,2;24,4;22,6;72;63;65;13;5,8;2,6;
2026/05/06;1700 UTC;0;995,6;996,6;995,6;2316,8;30,2;23,1;31,3;29,8;24,5;22,3;71;61;66;22;5,8;1,8;
2026/05/06;1800 UTC;0;994,3;995,6;994,3;2080,3;31;24;31,8;29,7;24,9;22,4;72;59;66;353;4;1,2;
2026/05/06;1900 UTC;0;992,9;994,3;992,9;2151,1;31,8;23,3;32,2;30,7;25;22,9;69;60;61;4;4,1;1,3;
2026/05/06;2000 UTC;0;991,7;992,9;991,7;1461,6;30,5;23,2;32,3;30,5;24,4;22,8;67;58;65;10;4,1;1,5;
2026/05/06;2100 UTC;0;991,4;991,7;991,4;435,1;31;25,3;31,2;28,8;25,3;22,9;80;61;72;6;2,5;,4;
2026/05/06;2200 UTC;0;991,9;991,9;991,4;183,9;27,8;24,8;31,1;27,8;25,7;24;84;67;84;321;2,1;,5;
2026/05/06;2300 UTC;0;992,4;992,4;991,9;5,1;26,4;24,8;27,8;26,4;25;24,3;91;84;91;20;2;0;
2026/05/07;0000 UTC;0;993;993;992,4;0;25,8;24,3;26,4;25,8;24,7;24,2;92;90;91;22;0;0;
2026/05/07;0100 UTC;0;993,5;993,5;993;0;25,3;24;25,8;25,3;24,4;24;93;91;93;27;0;0;
2026/05/07;0200 UTC;0;993,9;994;993,5;0;25,7;24,7;25,7;25;25;23,9;97;93;94;359;1,9;,6;
2026/05/07;0300 UTC;0;993,9;994;993,8;0;25,8;23,9;26;25,7;24,6;23,8;94;89;89;355;2,5;,8;
2026/05/07;0400 UTC;0;993,9;994;993,8;0;25,3;23,7;25,8;25,3;23,9;23,6;91;88;91;14;1,9;,3;
2026/05/07;0500 UTC;0;993,9;994;993,8;0;24,5;23,9;25,3;24,4;23,9;23,3;97;91;97;24;1,6;0;
2026/05/07;0600 UTC;0;993,2;993,9;993,2;0;24,9;23,7;25;24,5;24,3;23,7;97;93;93;5;1,7;,4;
2026/05/07;0700 UTC;0;992,7;993,3;992,7;0;24,5;23,7;24,9;24,2;23,9;23,1;97;93;96;352;1,7;,3;
2026/05/07;0800 UTC;0;992,6;992,7;992,6;0;24,4;23,2;24,6;24,4;23,9;23,2;96;93;93;27;1,7;,4;
2026/05/07;0900 UTC;0;992,7;992,7;992,6;0;23,9;23,3;24,4;23,9;23,4;23;96;93;96;19;1,3;,1;
2026/05/07;1000 UTC;0;993;993;992,7;0;24,1;23;24,1;23,9;23,5;22,9;97;94;94;12;2,3;,8;
2026/05/07;1100 UTC;0;993,6;993,6;993;8,7;24,1;22,8;24,2;24,1;23;22,8;94;93;93;17;2,3;,6;
2026/05/07;1200 UTC;0;994,2;994,2;993,6;205,2;25;23,3;25;24,1;23,5;22,9;93;90;90;7;4,6;1,7;
2026/05/07;1300 UTC;0;994,6;994,6;994,2;856,5;26,8;23,7;26,8;25,1;23,8;23,4;90;82;83;3;6,2;2,7;
2026/05/07;1400 UTC;0;995;995,1;994,6;1164,4;27,8;23,8;27,9;26,6;24,2;23,5;84;78;79;4;6,2;2,8;
2026/05/07;1500 UTC;0;994,8;995,1;994,8;1826,9;29,4;24;29,4;27,7;24,2;23,1;79;71;73;338;6,3;2,9;
2026/05/07;1600 UTC;0;994,2;994,8;994,1;1829,7;28,3;23,2;29,8;28;24,1;21,9;75;66;74;330;8,3;3,1;
2026/05/07;1700 UTC;0;993;994,2;993;3210,4;30,2;23,6;30,4;28,4;24,6;22,9;78;67;68;337;8,3;2,3;
2026/05/07;1800 UTC;0;991,7;993;991,7;1545,2;29,2;24;30,8;29,2;24,8;22,9;74;64;73;17;6,8;2,5;
2026/05/07;1900 UTC;0;990,7;991,7;990,7;2303;29,2;23,5;30,9;28,1;24,5;22,5;77;64;72;315;7,1;1,5;
2026/05/07;2000 UTC;5,2;990,3;990,7;990,2;1508,6;26,3;24,3;30,8;26,3;24,3;22,6;89;64;89;352;8,4;2,5;
2026/05/07;2100 UTC;,2;989,6;990,3;989,6;1129,1;26,5;23,3;27,9;26,2;25,2;23,1;90;77;82;9;8,4;1,3;
2026/05/07;2200 UTC;0;989,6;989,7;989,5;321,8;26,5;23,6;27,1;26,5;23,9;23,2;85;81;84;15;3,4;1,3;
2026/05/07;2300 UTC;0;989,8;989,8;989,6;8,1;25,1;23,4;26,5;25,1;23,7;23,3;90;84;90;26;2,7;,4;
2026/05/08;0000 UTC;0;990,1;990,1;989,7;0;24,9;23,3;25,3;24,9;23,6;23,2;91;90;91;7;1,7;,6;
2026/05/08;0100 UTC;0;990,6;990,6;990;0;24,6;23,2;25;24,6;23,4;23,2;92;91;92;17;1,7;,2;
2026/05/08;0200 UTC;0;990,9;990,9;990,6;0;24,4;23;24,6;24,2;23,5;23;94;92;92;34;1,4;,5;
2026/05/08;0300 UTC;0;991,2;991,3;990,9;0;24,2;23,6;24,4;23,7;23,6;22,8;97;92;97;4;1,4;,6;
2026/05/08;0400 UTC;0;991,1;991,2;991,1;0;24,1;23,1;24,2;24,1;23,6;23;97;94;94;17;1,4;,1;
2026/05/08;0500 UTC;0;991;991,1;991;0;24,3;23,3;24,3;24;23,6;23;97;94;94;24;2,3;,7;
2026/05/08;0600 UTC;0;990,6;991;990,6;0;24,1;23,1;24,3;24;23,3;22,9;94;93;94;24;2,3;,5;
2026/05/08;0700 UTC;0;990,4;990,7;990,4;0;23,9;22,8;24,1;23,9;23;22,8;94;93;94;28;1,9;,9;
2026/05/08;0800 UTC;0;990,5;990,6;990,3;0;23,8;22,6;23,9;23,8;22,8;22,6;94;93;93;18;2,6;,8;
2026/05/08;0900 UTC;,2;990,9;990,9;990,5;0;23,8;22,6;23,8;23,7;22,7;22,5;93;93;93;21;2,3;1;
2026/05/08;1000 UTC;0;991,5;991,5;990,9;0;23,5;22,4;23,8;23,5;22,6;22,4;94;93;93;12;2,2;,4;
2026/05/08;1100 UTC;0;992,4;992,4;991,5;12,4;23;22,5;23,5;23;22,8;22,1;97;93;97;22;1,4;0;
2026/05/08;1200 UTC;0;993;993;992,4;322,1;25,1;23,6;25,1;23;23,6;22,5;97;92;92;2;1,4;,6;
2026/05/08;1300 UTC;0;993,7;993,7;993;1308,7;26,5;23,2;27;25,1;24,1;23,2;92;81;82;350;4;1,7;
2026/05/08;1400 UTC;0;994,1;994,1;993,7;1832,4;28,4;23,3;28,6;26,5;24;23;84;73;74;351;6,4;3,1;
2026/05/08;1500 UTC;0;993,7;994,1;993,7;1762,7;29;23,1;29,4;28,2;23,9;23;76;70;71;9;7,6;3,1;
2026/05/08;1600 UTC;0;993,1;993,7;993;1838,7;28,6;23,4;30,1;27,9;24,3;21,9;77;64;74;13;8;1,8;
2026/05/08;1700 UTC;0;991,9;993,1;991,9;2302,1;28;22,3;30,2;27,8;24,4;21,4;77;63;71;343;7,5;2,5;
2026/05/08;1800 UTC;8,4;991,3;992;991,3;1549,4;26,1;24,3;29,2;24,2;24,3;22,2;92;71;90;359;9,9;,9;
2026/05/08;1900 UTC;0;989,8;991,3;989,8;2131,6;28,2;23,1;28,4;26,1;25;23,1;91;73;74;360;5,3;1,9;
2026/05/08;2000 UTC;,2;988,7;989,7;988,7;2231,9;29,8;23,3;30,3;28;24;22,6;76;66;68;12;5,4;1,9;
2026/05/08;2100 UTC;0;988,9;989,1;988,7;900,4;27,2;21,5;30,3;27;23,7;21,1;75;62;71;301;7,7;2,1;
2026/05/08;2200 UTC;0;988,6;988,9;988,6;246;26,5;23;27,7;26,5;23,3;21,6;82;71;81;7;6;,4;
2026/05/08;2300 UTC;0;988,8;989;988,6;11,1;25,2;23,3;26,5;25,2;23,5;22,5;89;79;89;18;2,1;,6;
2026/05/09;0000 UTC;0;989,8;989,8;988,8;0;24,4;23,3;25,2;24,4;23,6;23;93;89;93;21;1,7;0;
2026/05/09;0100 UTC;0;990,9;991;989,8;0;24,9;24,3;24,9;24,3;24,3;23,3;97;93;96;9;1,5;,5;
2026/05/09;0200 UTC;0;992,1;992,1;990,9;0;25,6;23,3;25,9;24,9;24,1;23,1;96;85;87;21;5,4;1,8;
2026/05/09;0300 UTC;0;992,3;992,4;992,1;0;25;22,9;25,6;25;23,2;22,9;89;87;88;17;4,4;1;
2026/05/09;0400 UTC;0;992,2;992,4;992,2;0;24,9;22,6;25;24,6;23,1;22,6;90;87;87;7;3,7;1,4;
2026/05/09;0500 UTC;0;992,5;992,5;992,1;0;24,2;22,7;25;24,1;22,7;22,5;92;87;92;20;3,7;0;
2026/05/09;0600 UTC;0;991,9;992,5;991,9;0;23,8;22,6;24,4;23,8;22,8;22,5;93;90;93;27;1,1;0;
2026/05/09;0700 UTC;0;991,1;991,9;991,1;0;23,9;22,4;24,1;23,8;22,9;22,4;94;91;92;7;2,1;,7;
2026/05/09;0800 UTC;0;991,2;991,2;990,8;0;23,6;22,4;23,9;23,6;22,5;22,3;93;92;93;357;2,8;,8;
2026/05/09;0900 UTC;0;991,5;991,5;991,1;0;23,4;22,3;23,6;23,4;22,5;22,3;93;93;93;19;1,9;,5;
2026/05/09;1000 UTC;0;992,1;992,1;991,5;0;23,1;22,1;23,4;23,1;22,3;22,1;95;93;95;10;1,5;,1;
2026/05/09;1100 UTC;0;992,9;992,9;992,1;11;23,2;22,3;23,2;22,9;22,5;22,1;96;94;95;23;1,6;,5;
2026/05/09;1200 UTC;0;993,5;993,5;992,9;297,9;24,4;22,6;24,5;23,1;22,9;22,2;95;89;89;359;2,9;1,3;
2026/05/09;1300 UTC;0;993,9;993,9;993,5;1053,8;26,2;23;26,2;24,4;23,2;22,4;90;82;83;25;3,9;1,6;
2026/05/09;1400 UTC;0;994,4;994,4;993,9;1367,9;27,9;23;27,9;25,9;23,5;22,5;85;74;75;17;5,8;2,7;
2026/05/09;1500 UTC;0;994,4;994,5;994,2;1894,6;28,1;22,6;28,5;27,9;23,5;22,4;75;71;72;34;5,9;2,5;
2026/05/09;1600 UTC;0;993,7;994,4;993,7;1857,1;29,4;22,8;29,6;28,1;23,8;22,5;75;67;68;29;6;2;
2026/05/09;1700 UTC;0;992,5;993,7;992,5;1685;29,6;23,3;29,7;29,2;23,7;22,5;71;67;69;34;5,4;2,3;
2026/05/09;1800 UTC;0;991,5;992,5;991,5;2133,1;30,4;23,2;30,4;29,6;24;22,8;70;64;66;3;6,2;2;
2026/05/09;1900 UTC;0;990,4;991,5;990,4;1853,5;30,7;23,2;30,9;30,2;23,8;22,5;67;63;65;2;6,2;2,6;
2026/05/09;2000 UTC;0;989,7;990,4;989,7;1201;29,8;23;30,9;29,8;23,6;22,2;67;61;67;20;5,6;2;
2026/05/09;2100 UTC;0;989,6;989,7;989,5;1055,5;30,3;23,3;30,8;29,7;23,8;22,5;69;62;66;357;5;1,3;
2026/05/09;2200 UTC;0;989,8;989,8;989,4;280,5;28,4;24,5;30,4;28,4;24,5;23,1;79;66;79;21;3,3;,4;
2026/05/09;2300 UTC;0;990,9;990,9;989,8;5,9;26,1;24,2;28,4;26,1;24,7;24,2;90;79;90;18;1,6;0;
2026/05/10;0000 UTC;0;992,2;992,2;991;0;25,5;24,2;26,1;25,5;24,5;24,1;92;90;92;22;0;0;
2026/05/10;0100 UTC;0;992,9;992,9;992,2;0;25,2;24,1;25,5;25,2;24,3;24,1;94;92;94;23;0;0;
2026/05/10;0200 UTC;0;993,2;993,2;992,9;0;24,8;24;25,2;24,8;24,1;23,9;96;94;95;21;0;0;
2026/05/10;0300 UTC;0;993,3;993,3;993,1;0;24,5;23,9;24,8;24,5;24,2;23,9;97;95;97;24;0;0;
2026/05/10;0400 UTC;0;993,1;993,3;993,1;0;24,3;23,8;24,5;24,1;23,9;23,6;97;97;97;23;0;0;
2026/05/10;0500 UTC;0;992,9;993,1;992,9;0;24,5;23,5;24,6;24,3;24,1;23,5;97;94;94;38;2,1;,2;
2026/05/10;0600 UTC;0;992,9;992,9;992,7;0;23,8;23,3;24,6;23,8;23,5;23,1;97;93;97;17;1,3;0;
2026/05/10;0700 UTC;0;993,3;993,3;992,8;0;23,9;23,4;23,9;23,5;23,4;23;97;96;97;88;1,5;,4;
2026/05/10;0800 UTC;0;993,3;993,5;993,2;0;24;23;24,1;23,9;23,5;23;97;94;94;36;2,4;,2;
2026/05/10;0900 UTC;0;993,4;993,4;993,2;0;23,7;23,1;24;23,7;23,2;22,9;97;94;97;36;1,1;0;
2026/05/10;1000 UTC;0;994,3;994,3;993,4;0;24;23;24;23,7;23,5;23;97;94;94;128;4,1;1,1;
2026/05/10;1100 UTC;0;996,2;996,2;994,3;10,6;20,9;19;24,2;20,9;23;19;94;86;88;148;10,4;2,6;
2026/05/10;1200 UTC;0;998,4;998,4;996,2;106,4;19,5;17,1;20,9;19,5;18,8;17,1;88;86;86;152;9;1,7;
2026/05/10;1300 UTC;1,2;999,8;999,8;998,4;357,7;18,5;16,8;19,5;18,4;17,1;16,7;91;86;90;145;9,2;2,2;
2026/05/10;1400 UTC;,6;1000,9;1000,9;999,8;425;17,8;16,5;18,6;17,8;17,1;16,3;92;87;92;160;9,1;1,9;
2026/05/10;1500 UTC;2;1000,6;1000,9;1000,6;521,2;17,6;16,4;18;17,5;16,9;16,2;94;91;93;152;10,4;2,1;
2026/05/10;1600 UTC;,2;1000,5;1000,7;1000,5;981;17,6;15,8;18,2;17,5;17;15,8;93;89;89;127;10,4;1,8;
2026/05/10;1700 UTC;0;999,8;1000,5;999,8;822,4;17,3;15,7;18,6;17,3;16,9;15,4;91;86;90;108;8,7;1,3;
2026/05/10;1800 UTC;2,8;999,1;999,9;999,1;499,6;16,6;15,3;17,3;16,6;15,9;15,3;94;90;93;178;9,4;3;
2026/05/10;1900 UTC;5,2;998,6;999,1;998,6;412,1;16;15,1;16,8;15,8;15,7;14,8;95;92;94;183;9,8;2;
2026/05/10;2000 UTC;2,8;998,6;998,7;998,5;262,5;15,9;15;16,1;15,7;15,1;14,5;95;93;95;102;7,5;,7;
2026/05/10;2100 UTC;,2;998,7;998,7;998,4;207,7;15,6;14,2;15,9;15,5;15;14,1;95;91;92;174;7;2,1;
2026/05/10;2200 UTC;0;999;999;998,7;103,1;15,5;14,3;15,6;15,4;14,3;13,9;93;90;93;139;7;1;
2026/05/10;2300 UTC;0;999,4;999,4;999;5,3;15,5;14;15,6;15,4;14,4;14;93;91;91;152;6,2;1,6;
2026/05/11;0000 UTC;0;999,2;999,5;999,1;0;15,3;14;15,5;15,2;14,1;13,9;93;90;92;74;5,6;,8;
2026/05/11;0100 UTC;0;999,5;999,9;999,2;0;15,4;13,9;15,4;15,1;14,1;13,9;93;91;91;161;4,1;1,3;
2026/05/11;0200 UTC;0;999,8;999,9;999,5;0;15,3;13,9;15,4;15,3;14,1;13,8;92;91;92;71;5,1;,6;
2026/05/11;0300 UTC;0;999,7;1000;999,7;0;15,2;13,8;15,5;15,1;14,1;13,8;92;91;91;62;4,1;,3;
2026/05/11;0400 UTC;0;999,4;999,7;998,9;0;14,9;13,4;15,2;14,8;13,8;13,3;92;90;91;45;3,8;,2;
2026/05/11;0500 UTC;0;999,4;999,5;999,2;0;14,8;13,6;14,9;14,7;13,7;13,4;93;91;92;8;2,4;,3;
2026/05/11;0600 UTC;0;999,2;999,4;999;0;15;13,2;15,1;14,8;13,6;13;92;88;89;335;3,4;,5;
2026/05/11;0700 UTC;0;998,5;999,2;998,5;0;15;13,1;15,1;14,9;13,3;13;90;88;88;179;4;1,6;
2026/05/11;0800 UTC;0;998,7;998,7;998,1;0;15,4;13;15,4;15;13,1;12,8;88;85;86;206;4,8;1,3;
2026/05/11;0900 UTC;0;998,8;998,8;998,5;0;15,4;13,2;15,5;15,4;13,4;12,8;88;85;87;102;3,6;,6;
2026/05/11;1000 UTC;0;999,1;999,1;998,8;0;15,5;13,2;15,6;15,4;13,3;12,9;87;84;86;130;4,3;1;
2026/05/11;1100 UTC;0;999,4;999,8;999,1;9,7;15,7;13,2;15,7;15,4;13,5;13;88;85;86;136;4,1;1;
2026/05/11;1200 UTC;0;999,7;999,8;999,2;227,8;16,4;13,7;16,4;15,6;13,7;13,1;87;83;84;86;4,1;,5;
2026/05/11;1300 UTC;0;1000,4;1000,4;999,7;738,5;18,2;14;18,2;16,4;14,4;13,5;84;76;77;98;4,9;1;
2026/05/11;1400 UTC;0;1000,9;1000,9;1000,3;1410,8;18,9;13,4;19,9;18,1;14,5;12,8;78;66;70;105;5,9;1,4;
2026/05/11;1500 UTC;0;1000,7;1001;1000,7;1049,3;20,3;14;20,4;18,7;14,9;13,2;75;67;67;87;5,5;,8;
2026/05/11;1600 UTC;0;1000,1;1000,7;1000;1384,2;20,8;14,5;21,1;20,2;15,1;13,3;71;63;67;70;4,8;,8;
2026/05/11;1700 UTC;0;999,4;1000,1;999,4;1359,2;21,2;14,3;21,2;20,6;14,8;13,5;68;63;65;98;5,5;,9;
2026/05/11;1800 UTC;0;998,9;999,4;998,9;1108,2;21;14,9;21,5;20,6;15,6;13,5;73;62;68;123;5;1,3;
2026/05/11;1900 UTC;0;997,9;998,9;997,9;951,2;21,1;15,2;21,6;20,9;16,1;14,1;73;63;69;110;4,4;,8;
2026/05/11;2000 UTC;0;997,5;997,9;997,5;653,4;21;14,7;21,1;20,8;16,2;14,4;74;66;67;166;4,6;1,4;
2026/05/11;2100 UTC;0;997,3;997,6;997,3;492;20,6;15,2;21,1;20,4;16,7;14,4;79;67;71;166;4,4;1,4;
2026/05/11;2200 UTC;0;997,7;997,8;997,3;181,7;19,7;16;20,6;19,5;16,7;15,2;83;71;79;184;3,6;1;
2026/05/11;2300 UTC;0;998,3;998,3;997,7;6,7;18,3;16;19,8;18,3;16,3;15,3;87;77;87;46;3,1;,1;
2026/05/12;0000 UTC;0;999,1;999,1;998,3;0;17,8;16,2;18,3;17,8;16,3;15,8;90;87;90;23;1,1;0;
2026/05/12;0100 UTC;0;999,4;999,4;999,1;0;17,5;16,4;17,8;17,5;16,5;16,3;93;90;93;23;0;0;
2026/05/12;0200 UTC;0;999,7;999,7;999,4;0;17,7;16,7;17,7;17,4;16,8;16,3;94;93;94;23;0;0;
2026/05/12;0300 UTC;0;999,5;999,7;999,5;0;17,7;16,7;17,8;17,5;16,7;16,4;94;93;94;28;1,1;0;
2026/05/12;0400 UTC;0;999,3;999,5;999,3;0;17,7;16,7;17,8;17,7;16,8;16,6;94;94;94;28;0;0;
2026/05/12;0500 UTC;0;998,8;999,3;998,8;0;17,6;16,6;17,8;17,6;16,9;16,6;94;93;94;30;,4;0;
2026/05/12;0600 UTC;0;998,3;998,8;998,3;0;17,7;16,8;17,7;17,5;16,8;16,5;95;94;95;24;,1;0;
2026/05/12;0700 UTC;0;997,5;998,2;997,5;0;17,9;16;17,9;17,7;16,8;16;95;89;89;197;2,6;1,1;
2026/05/12;0800 UTC;0;997,6;997,7;997,5;0;17,7;15,9;17,9;17,7;16,1;15,9;90;89;90;236;2,2;,9;
2026/05/12;0900 UTC;0;997,8;997,8;997,3;0;17,4;15,6;17,7;17,3;15,9;15,6;90;89;90;153;3,3;,8;
2026/05/12;1000 UTC;0;998,3;998,3;997,8;0;17,1;15,4;17,4;17,1;15,6;15,4;90;89;90;192;2,7;1;
2026/05/12;1100 UTC;0;998,6;998,7;998,2;6;17;15,4;17,1;17;15,5;15,4;91;90;90;175;2,8;,9;
2026/05/12;1200 UTC;0;999,1;999,1;998,5;250,6;17,8;15,5;17,9;17;16;15,4;91;86;86;121;2,8;,7;
2026/05/12;1300 UTC;0;999,2;999,2;998,8;1196,9;19,8;15,5;20,1;17,8;16,5;15,2;88;75;76;149;5,6;1;
2026/05/12;1400 UTC;0;999,3;999,4;999,2;2086,3;22,8;15,8;23,1;19,8;16,7;14,7;80;61;65;75;3,9;,9;
2026/05/12;1500 UTC;0;999,3;999,6;999,3;2450;23,8;14,7;24,4;22,8;16,7;14,6;66;56;57;190;5,2;2,3;
2026/05/12;1600 UTC;0;998,3;999,3;998,3;2697,1;25,3;16,4;25,4;23,8;16,9;14,6;61;54;58;164;5,7;1,3;
2026/05/12;1700 UTC;0;997,6;998,3;997,6;2775,2;26;16,7;26,1;25,1;17,1;14,9;60;52;57;183;4,6;1,5;
2026/05/12;1800 UTC;0;996,7;997,6;996,7;1784,6;26,4;16,1;26,7;25,6;17,8;15,7;61;53;53;69;3,5;,4;
2026/05/12;1900 UTC;0;996;996,7;996;1134,6;25,5;17,8;26,4;25,2;18,8;16,2;67;53;63;41;3,7;,6;
2026/05/12;2000 UTC;0;995,7;996;995,5;785,9;24,7;18,4;25,6;24,6;19,5;16,9;73;59;68;51;3,3;,2;
2026/05/12;2100 UTC;0;996;996;995,7;575,1;23,5;18,5;24,9;23,5;19,5;17,2;74;63;74;202;2,5;,8;
2026/05/12;2200 UTC;0;996,1;996,1;995,8;133,9;21,8;18,6;23,8;21,8;19,9;17,9;83;70;83;26;2;0;
2026/05/12;2300 UTC;0;996,7;996,7;996,1;2,3;21,1;19,1;21,8;21,1;19,1;18,3;88;82;88;23;0;0;
2026/05/13;0000 UTC;0;997,5;997,5;996,7;0;20,9;19,5;21,2;20,9;19,5;19;91;88;91;23;0;0;
2026/05/13;0100 UTC;0;997,8;997,8;997,5;0;20,6;19,2;20,9;20,5;19,5;19;92;91;92;21;0;0;
2026/05/13;0200 UTC;0;997,8;997,9;997,7;0;20,4;19,2;20,6;20,3;19,3;18,9;93;91;93;21;0;0;
2026/05/13;0300 UTC;0;997,7;997,9;997,7;0;20,2;19,1;20,4;20,1;19,2;19,1;94;93;94;24;0;0;
2026/05/13;0400 UTC;0;997,5;997,7;997,4;0;20,3;19,4;20,4;20,2;19,5;19,1;95;94;94;22;0;0;
2026/05/13;0500 UTC;0;997,3;997,6;997,3;0;20,3;19;20,4;20,3;19,5;19;95;92;92;21;,7;0;
2026/05/13;0600 UTC;0;997,3;997,5;997,2;0;20,2;18,9;20,4;20,2;19,1;18,9;93;92;92;10;,7;,1;
2026/05/13;0700 UTC;0;996,8;997,3;996,8;0;20;18,8;20,2;20;19;18,8;94;92;93;332;1;,2;
2026/05/13;0800 UTC;0;997,1;997,1;996,7;0;20,1;18,8;20,2;20;19;18,8;93;92;92;14;1,1;0;
2026/05/13;0900 UTC;0;997;997,1;996,8;0;19,8;18,7;20,1;19,8;18,8;18,6;93;92;93;38;,9;0;
2026/05/13;1000 UTC;0;997,3;997,3;997;0;19,7;18,6;19,8;19,6;18,7;18,5;94;93;94;22;1,1;,1;
2026/05/13;1100 UTC;0;998,1;998,1;997,3;3;19,5;18,5;19,7;19,4;18,6;18,4;94;93;94;23;,8;0;
2026/05/13;1200 UTC;0;998,7;998,8;998;104,8;20,2;18,8;20,2;19,5;19;18,5;94;91;91;26;,5;0;
2026/05/13;1300 UTC;0;999,2;999,2;998,7;832,2;22,1;18,1;22,5;20,2;19,3;18;92;77;78;137;2,3;,7;
2026/05/13;1400 UTC;0;999,2;999,5;999,2;1070,5;23,1;18,4;23,1;21,9;18,8;17,7;80;74;75;60;3,3;,3;
2026/05/13;1500 UTC;0;998,9;999,2;998,6;1228,2;24,2;18,7;24,4;23;19,7;17,7;77;69;72;37;2,4;,5;
2026/05/13;1600 UTC;0;998,3;998,9;998,3;1808,5;25,1;17,7;25,6;24,1;19,7;17,1;75;61;63;359;2,9;,4;
2026/05/13;1700 UTC;0;997,4;998,3;997,4;1112,8;25,2;18,7;25,3;24,6;19,3;17,6;72;63;68;339;2;,7;
2026/05/13;1800 UTC;0;996,4;997,4;996,4;1595,2;25,8;18,6;26,1;25,1;19,5;18,1;70;63;65;349;3,5;,5;
2026/05/13;1900 UTC;0;995,4;996,4;995,4;1351,3;26,5;18,9;26,8;25,3;20;18;70;62;63;43;2,1;,5;
2026/05/13;2000 UTC;0;994,8;995,4;994,8;1539,8;27,2;19,4;27,2;25,9;20,2;18;71;59;62;354;2,1;,6;
2026/05/13;2100 UTC;0;994,9;995;994,8;677;26,2;19,7;27,3;25,6;20,8;18,1;74;59;68;6;2,4;,4;
2026/05/13;2200 UTC;0;995,1;995,1;994,9;271,7;23,4;21,1;26,5;23,4;21,1;19;86;64;86;25;2,6;0;
2026/05/13;2300 UTC;0;995,2;995,2;995;5,3;22;20,5;23,4;22;21,2;20,5;92;86;92;24;0;0;
2026/05/14;0000 UTC;0;995,5;995,5;995,2;0;21,3;20,2;22;21,3;20,5;20,2;94;92;94;25;0;0;
2026/05/14;0100 UTC;0;995,9;995,9;995,4;0;20,8;19,9;21,3;20,8;20,2;19,9;94;94;94;21;0;0;
2026/05/14;0200 UTC;0;996,4;996,4;995,9;0;20,6;20;20,9;20,6;20,3;19,9;97;94;97;22;,5;0;
2026/05/14;0300 UTC;0;996,5;996,6;996,3;0;20,6;20,1;20,6;20,5;20,2;19,9;97;97;97;22;0;0;
2026/05/14;0400 UTC;0;996,2;996,5;996,2;0;20,4;20;20,6;20,2;20,1;19,8;97;97;97;24;0;0;
2026/05/14;0500 UTC;0;996,2;996,3;996,2;0;21,2;20,8;21,2;20,4;20,8;20;97;97;97;22;0;0;
2026/05/14;0600 UTC;0;995,5;996,2;995,5;0;21,4;20,8;21,4;21,3;20,9;20,8;97;96;96;24;1;0;
2026/05/14;0700 UTC;0;995,1;995,6;995,1;0;21,1;20,6;21,5;21;21;20,3;97;95;97;27;1,9;0;
2026/05/14;0800 UTC;0;994,9;995,1;994,9;0;21;20,6;21,1;21;20,6;20,5;97;97;97;25;,8;0;
2026/05/14;0900 UTC;0;995,1;995,1;994,8;0;21,1;20,7;21,2;20,8;20,7;20,3;97;97;97;29;,9;,1;
2026/05/14;1000 UTC;0;995,5;995,5;995,1;0;20,9;20,4;21,2;20,9;20,7;20,4;97;96;97;30;1,2;,1;
2026/05/14;1100 UTC;0;996,1;996,1;995,5;10,2;20,7;20,2;20,9;20,6;20,4;20,1;97;97;97;23;1,2;0;
2026/05/14;1200 UTC;0;996,9;996,9;996,1;234,4;22;20,8;22;20,7;21,2;20,2;97;93;93;22;,7;0;
2026/05/14;1300 UTC;0;997,7;997,7;996,9;1442,2;25;20,7;25,4;22;21,7;20,5;93;77;77;32;2,1;,8;
2026/05/14;1400 UTC;0;998;998;997,7;1702,9;26,6;21,1;26,9;24,7;22;20,6;80;71;72;354;2,7;,7;
2026/05/14;1500 UTC;0;997,7;998;997,7;1788;27;21,3;27,9;25,8;22,5;20,5;77;67;71;356;2,5;,7;
2026/05/14;1600 UTC;0;997,3;997,7;997,3;1952,8;27,6;21,1;28,5;26,9;21,8;20,2;71;63;68;317;2,9;1,2;
2026/05/14;1700 UTC;0;996,3;997,3;996,3;2057,4;28,6;21;28,9;27,5;21,9;20,1;70;61;64;356;3,6;1,2;
2026/05/14;1800 UTC;0;995,4;996,3;995,4;1569,7;28,9;20,6;29,1;28,1;21,8;20,3;68;60;61;352;3;1;
2026/05/14;1900 UTC;0;994,6;995,4;994,6;1288,6;28,8;21,3;29;28,4;21,8;20,4;67;60;64;347;3;,7;
2026/05/14;2000 UTC;0;994,3;994,6;994,3;1382,3;28,3;21,2;29,4;28,3;22;20,6;67;60;65;342;3,4;1,7;
2026/05/14;2100 UTC;0;994,1;994,3;994;581,8;28,1;21,6;28,7;28;22,2;20,9;70;64;68;349;3,3;,9;
2026/05/14;2200 UTC;0;994,3;994,3;994,1;242,7;26,1;23;28,2;26,1;23,4;21,3;83;66;83;20;2;0;
2026/05/14;2300 UTC;0;994,4;994,4;994,3;6,2;24,1;22,4;26,1;24,1;23,2;22,4;90;83;90;25;,6;0;
2026/05/15;0000 UTC;0;994,9;994,9;994,4;0;23,5;22,1;24,1;23,5;22,4;22,1;92;90;92;27;,6;0;
2026/05/15;0100 UTC;0;995,4;995,4;994,9;0;23;21,9;23,5;23;22,1;21,9;94;92;94;14;0;0;
2026/05/15;0200 UTC;0;996;996;995,4;0;22,8;22;23;22,8;22,1;21,9;96;94;95;27;0;0;
2026/05/15;0300 UTC;0;996,1;996,1;996;0;22,4;21,9;22,8;22,4;22,1;21,8;97;95;97;26;0;0;
2026/05/15;0400 UTC;0;996,1;996,1;996;0;22,1;21,6;22,4;22;21,9;21,5;97;97;97;25;0;0;
2026/05/15;0500 UTC;0;995,7;996,1;995,7;0;21,9;21,4;22,2;21,9;21,7;21,4;97;97;97;21;,2;0;
2026/05/15;0600 UTC;0;995,4;995,7;995,4;0;21,6;21,2;21,9;21,6;21,4;21,1;97;97;97;28;0;0;
2026/05/15;0700 UTC;0;995,2;995,4;995,1;0;21,4;20,9;21,8;21,4;21,3;20,9;97;97;97;29;,5;0;
2026/05/15;0800 UTC;0;995,4;995,4;995,1;0;21,2;20,7;21,6;21,1;21,1;20,7;97;97;97;26;0;0;
2026/05/15;0900 UTC;0;995,7;995,7;995,4;0;21,2;20,7;21,3;21,1;20,8;20,7;97;97;97;24;0;0;
2026/05/15;1000 UTC;0;996,2;996,2;995,7;0;20,8;20,4;21,2;20,8;20,7;20,4;97;97;97;23;0;0;
2026/05/15;1100 UTC;0;996,7;996,7;996,2;13,2;20,8;20,3;20,8;20,7;20,4;20,2;97;97;97;29;0;0;
2026/05/15;1200 UTC;0;997,4;997,4;996,7;507,7;23,9;22,6;23,9;20,8;22,9;20,3;97;93;93;34;1,1;0;
2026/05/15;1300 UTC;0;997,8;997,8;997,4;1373,9;26,8;22,7;26,9;23,9;23,4;21,9;93;78;78;75;1,7;,6;
2026/05/15;1400 UTC;0;998;998,1;997,8;2021,3;28,8;22;29;26,4;23,7;21,2;79;65;67;63;1,8;,3;
2026/05/15;1500 UTC;0;997,7;998;997,7;2324,8;30,2;21,3;30,2;28,6;23,6;20,4;72;58;59;28;2;,3;
2026/05/15;1600 UTC;0;997,1;997,7;997,1;2842,5;30,9;21;31,3;29,4;22,7;20,3;65;55;55;9;2,3;,7;
2026/05/15;1700 UTC;0;995,9;997,1;995,9;2246,4;30,9;20,4;31,6;29,1;23;19,7;68;51;54;140;2,8;,9;
2026/05/15;1800 UTC;0;994,7;995,9;994,7;3022,2;31,8;20,6;32,3;30,6;21,7;19,7;57;49;52;315;3,8;1,2;
2026/05/15;1900 UTC;0;993,6;994,7;993,6;2300,8;31,6;20,4;32,9;31;21,7;19,1;55;46;52;223;4,2;1,7;
2026/05/15;2000 UTC;0;992,9;993,6;992,9;1768,8;30,7;21,4;32,9;30,7;21,9;19,9;58;48;58;311;4,2;1;
2026/05/15;2100 UTC;0;992,4;992,9;992,4;1174,1;31,5;21,6;32,1;30,6;22;20,4;58;51;56;358;3,9;,7;
2026/05/15;2200 UTC;0;992,4;992,5;992,3;265,8;28;22,5;31,5;28;23,3;20,6;72;54;72;45;3,7;,5;
2026/05/15;2300 UTC;0;993;993;992,4;5,9;25,6;23,2;27,9;25,6;23,2;22,3;87;72;87;22;2;0;
2026/05/16;0000 UTC;0;993,3;993,3;993;0;24,8;23,1;25,6;24,8;23,3;23,1;91;87;91;23;0;0;
2026/05/16;0100 UTC;0;993,9;993,9;993,3;0;24,3;22,9;24,8;24,3;23,1;22,9;92;91;92;21;0;0;
2026/05/16;0200 UTC;0;994,5;994,5;993,9;0;24;22,8;24,3;24;23;22,8;93;92;93;23;0;0;
2026/05/16;0300 UTC;0;994,6;994,6;994,5;0;23,8;23;24;23,7;23;22,7;95;93;95;30;,5;0;
2026/05/16;0400 UTC;0;994,5;994,6;994,5;0;23,4;22,9;23,8;23,4;23;22,8;97;95;97;28;,6;0;
2026/05/16;0500 UTC;0;994,3;994,5;994,3;0;23,2;22,7;23,5;23,2;22,9;22,7;97;97;97;23;0;0;
2026/05/16;0600 UTC;0;993,8;994,3;993,8;0;23;22,5;23,2;22,9;22,7;22,4;97;97;97;19;,4;0;
2026/05/16;0700 UTC;0;993,5;993,8;993,5;0;22,7;22,2;23;22,6;22,5;22,1;97;97;97;27;0;0;
2026/05/16;0800 UTC;0;993,7;993,8;993,5;0;22,6;22,1;22,7;22,5;22,2;22;97;97;97;24;0;0;
2026/05/16;0900 UTC;0;993,9;993,9;993,6;0;22,2;21,8;22,6;22,2;22,1;21,8;97;97;97;22;0;0;
2026/05/16;1000 UTC;0;994,5;994,5;993,9;0;22;21,5;22,2;21,9;21,7;21,5;97;97;97;25;0;0;
2026/05/16;1100 UTC;0;995,2;995,2;994,5;13,9;22;21,5;22;21,7;21,5;21,2;97;97;97;26;0;0;
2026/05/16;1200 UTC;0;996;996;995,2;250,8;23,7;22,3;23,7;22;23;21,5;97;92;92;351;1,4;,3;
2026/05/16;1300 UTC;0;996,7;996,7;996;696,8;25,9;23,3;25,9;23,7;23,3;22,3;92;86;86;349;1,8;,5;
2026/05/16;1400 UTC;0;996,8;996,9;996,7;1517,6;27,6;23,6;27,8;25,8;24;22,9;85;76;79;10;3;,7;
2026/05/16;1500 UTC;0;996,4;996,8;996,4;1860,2;28,5;23,2;28,8;27,5;24,5;22,9;79;73;73;24;2,5;,2;
2026/05/16;1600 UTC;0;995,6;996,5;995,6;1700,4;29,3;23,5;30,1;28,5;24,3;23,1;76;68;71;4;2;,4;
2026/05/16;1700 UTC;0;994,4;995,6;994,4;1930,2;30,6;23;30,6;29,3;24,1;22,4;73;63;64;10;2,8;,3;
2026/05/16;1800 UTC;0;993,4;994,4;993,4;2062,7;30,8;22,6;31,3;30,1;23,9;22;68;59;62;345;2,7;,8;
2026/05/16;1900 UTC;0;992,3;993,4;992,3;1812,7;30,8;22,2;32,2;30,4;24,1;22;66;56;60;353;3,5;,8;
2026/05/16;2000 UTC;0;991,6;992,3;991,6;808,3;28,8;23,3;30,8;28,6;25,3;22,4;75;59;72;47;4,2;,9;
2026/05/16;2100 UTC;0;990,9;991,6;990,8;713,6;29,7;23,1;30;28;24,2;22,3;78;67;68;20;3,7;,1;
2026/05/16;2200 UTC;0;991;991;990,6;216,3;27,1;23,9;29,7;27,1;24,5;23;83;67;83;34;1,8;,5;
2026/05/16;2300 UTC;0;991,3;991,4;991;6,8;25,3;23,5;27,1;25,3;24,2;23,4;90;83;90;31;1,8;0;
2026/05/17;0000 UTC;0;991,1;991,3;991,1;0;24,9;23,5;25,3;24,9;23,6;23,5;92;90;92;26;,6;0;
2026/05/17;0100 UTC;0;991,6;991,6;991,1;0;24,5;23,5;24,9;24,5;23,6;23,4;94;92;94;25;0;0;
2026/05/17;0200 UTC;0;992,2;992,2;991,6;0;24,3;23,6;24,5;24,2;23,6;23,2;96;94;95;34;1,4;,3;
2026/05/17;0300 UTC;0;992,9;992,9;992,2;0;24,6;23,9;24,6;24,1;23,9;23,2;96;94;95;46;2;,7;
2026/05/17;0400 UTC;0;993,2;993,2;992,9;0;24,1;22,8;24,9;24;23,8;22,7;95;91;92;28;2;,5;
2026/05/17;0500 UTC;0;993,2;993,2;993,1;0;23,5;22,6;24,1;23,5;23,1;22,6;96;92;95;22;1,4;0;
2026/05/17;0600 UTC;0;992,7;993,2;992,7;0;23;22,5;23,5;22,9;22,8;22,4;97;95;97;27;,5;0;
2026/05/17;0700 UTC;0;992,7;992,7;992,5;0;22,8;22,3;23;22,8;22,5;22,3;97;97;97;28;,6;0;
2026/05/17;0800 UTC;0;992,4;992,7;992,4;0;22,7;22,2;22,8;22,6;22,3;22,1;97;97;97;24;1,6;,2;
2026/05/17;0900 UTC;0;993;993;992,4;0;23,4;22,2;23,5;22,7;22,7;22;97;92;92;35;2,8;,7;
2026/05/17;1000 UTC;0;993,7;993,7;992,9;0;23,1;21,8;23,8;23,1;22,3;21,8;92;90;92;14;2,8;,3;
2026/05/17;1100 UTC;0;994,4;994,4;993,7;8,4;23,2;21,9;23,3;23;22,1;21,7;93;92;93;11;2,6;,8;
2026/05/17;1200 UTC;0;995;995;994,4;309,3;24,8;23,2;24,8;23,2;23,2;21,9;93;90;91;22;3,7;1,5;
2026/05/17;1300 UTC;0;995,4;995,4;995;1267,9;26,8;23,6;26,9;24,8;23,7;23;91;82;83;13;3,7;1;
2026/05/17;1400 UTC;0;995,7;995,7;995,4;1198,1;26,8;23,1;27,6;26,7;23,8;22,9;83;77;80;26;3;1,2;
2026/05/17;1500 UTC;0;995,6;995,8;995,6;1490;28,5;23,8;28,5;26,8;23,9;22,9;81;74;76;15;4,2;,9;
2026/05/17;1600 UTC;0;995;995,6;995;1524,3;29,9;24;30;28,4;24,2;23,1;76;68;71;351;2,9;1,2;
2026/05/17;1700 UTC;0;993,9;995;993,9;1904,5;30,3;22,8;30,8;29,6;24,5;22,6;72;62;64;1;3;1,3;
2026/05/17;1800 UTC;0;992,7;993,9;992,7;2278,4;31,5;23,3;31,6;30;24;22,6;68;61;62;21;3,6;1,2;
2026/05/17;1900 UTC;0;991,6;992,7;991,6;1565,8;31,3;23,4;31,8;30,7;24,5;21,8;69;56;63;7;3,1;,9;
2026/05/17;2000 UTC;0;990,6;991,6;990,6;1626,5;32,5;21,5;32,9;31;23,6;20,9;65;49;52;355;2,7;,4;
2026/05/17;2100 UTC;0;990,7;990,7;990,3;556,8;29,1;25;32,5;29,1;25,2;20,4;79;49;79;25;1,4;0;
2026/05/17;2200 UTC;0;990,9;990,9;990,6;270,1;27,4;23,4;29,2;27,4;24,8;23,2;80;71;79;27;4,6;0;
2026/05/17;2300 UTC;0;991,4;991,5;990,9;8,2;25,3;22,9;27,4;25,3;23,8;22,5;87;79;87;21;1,1;0;
2026/05/18;0000 UTC;0;991,8;991,8;991,4;0;24,8;23,1;25,3;24,6;23,2;22,8;91;87;91;22;,8;0;
2026/05/18;0100 UTC;0;992,8;992,8;991,8;0;24,2;22,9;24,8;24,2;23,2;22,9;92;90;92;41;,8;0;
2026/05/18;0200 UTC;0;993,3;993,3;992,8;0;24,3;23,1;24,4;24,1;23,3;22,9;94;92;93;13;,6;0;
2026/05/18;0300 UTC;0;993,5;993,5;993,1;0;23,8;22,8;24,3;23,8;23,1;22,7;94;93;94;25;,5;0;
2026/05/18;0400 UTC;0;993,6;993,6;993,4;0;23,6;22,6;24,1;23,6;23,2;22,5;96;92;94;23;1,2;0;
2026/05/18;0500 UTC;0;994,3;994,3;993,6;0;23,7;23,2;23,7;23,5;23,2;22,6;97;94;97;197;1,5;1;
2026/05/18;0600 UTC;0;994,3;994,4;994,1;0;23,5;22,7;24;23,5;23,4;22,5;97;93;95;29;2,1;0;
2026/05/18;0700 UTC;0;994,1;994,3;994;0;23,2;22,6;23,5;23,2;22,8;22,6;97;95;97;28;0;0;
2026/05/18;0800 UTC;0;994,1;994,1;993,8;0;23,6;23,1;23,7;23,1;23,1;22,6;97;97;97;33;2,4;,3;
2026/05/18;0900 UTC;0;993,9;994,1;993,9;0;23,4;22,9;23,7;23,2;23,1;22,7;97;97;97;29;1,6;,2;
2026/05/18;1000 UTC;0;994,7;994,7;993,9;0;23,6;23,1;23,6;23,3;23,1;22,8;97;97;97;11;1;0;
2026/05/18;1100 UTC;0;995,4;995,4;994,7;10,9;23,7;23,2;23,7;23,6;23,2;23,1;97;97;97;27;1,1;0;
2026/05/18;1200 UTC;0;996,1;996,1;995,4;298,7;25;23,6;25;23,7;24,1;23,2;97;92;92;36;,7;0;
2026/05/18;1300 UTC;0;997;997;996,1;480,8;26,3;23,9;26,3;25;24,2;23,6;92;86;86;4;1,6;,8;
2026/05/18;1400 UTC;0;997,6;997,6;997;984;27,1;23,4;27,5;26,3;24,4;23,3;86;80;80;1;2,1;1,1;
2026/05/18;1500 UTC;0;997,4;997,8;997,4;1765,9;29,3;24,5;29,3;27,1;24,5;23,3;81;72;75;50;2,4;,3;
2026/05/18;1600 UTC;0;996,9;997,4;996,9;1660,1;29,6;23,7;30,2;28,8;25,1;23,3;78;67;71;64;2;,5;
2026/05/18;1700 UTC;1,4;997;997,3;996,8;908;24,1;22;29,9;22,8;24,4;20,7;91;69;88;140;7,4;1,9;
2026/05/18;1800 UTC;0;996;997;996;1520,5;23,8;20,9;25,1;23,8;22,2;20,8;87;81;84;179;8,6;2,8;
2026/05/18;1900 UTC;0;995,3;996;995,3;1367,4;24,4;20,8;25,5;23,7;21,6;20,7;85;77;80;147;7,4;1,6;
2026/05/18;2000 UTC;0;995,4;995,4;994,7;533,5;22,7;20,3;24,4;22,7;20,8;20;86;80;86;83;7,8;,7;
2026/05/18;2100 UTC;0;995,7;995,8;995,4;83,3;21,7;19,5;22,7;21,7;20,4;19,4;88;86;88;127;5,6;1,3;
2026/05/18;2200 UTC;0;996,1;996,2;995,7;43,5;21,5;19,5;21,8;21,5;19,7;19,4;88;87;88;124;5,8;1,2;
2026/05/18;2300 UTC;0;996,4;996,4;995,9;,3;20;19;21,5;20;19,5;19;94;88;94;185;6,3;2,5;
2026/05/19;0000 UTC;0;996,8;996,8;996,4;0;19,8;18,4;20;19,7;19;18,4;94;92;92;143;7,6;1,1;
2026/05/19;0100 UTC;0;997,9;997,9;996,7;0;19;17,5;19,8;19;18,5;17,5;92;91;91;163;6;1,8;
2026/05/19;0200 UTC;0;999;999;997,9;0;18,7;17,3;19;18,7;17,6;17,3;93;91;91;81;6,1;,8;
2026/05/19;0300 UTC;0;999;999;998,6;0;18,3;17,2;18,7;18,1;17,4;17;94;91;94;117;5,5;,7;
2026/05/19;0400 UTC;0;999,3;999,3;998,9;0;18,1;16,6;18,3;18,1;17,2;16,6;94;91;91;161;5,5;1,9;
2026/05/19;0500 UTC;0;999,6;999,6;999,3;0;18;16,4;18,1;17,9;16,7;16,3;92;90;90;139;5,5;1,2;
2026/05/19;0600 UTC;0;999,4;999,6;999,3;0;17,4;16,4;18;17,3;16,5;16,3;94;90;94;150;5,5;1,5;
2026/05/19;0700 UTC;0;999;999,4;998,9;0;16,9;15,9;17,4;16,9;16,4;15,9;95;94;94;175;6,3;2,1;
2026/05/19;0800 UTC;0;999;999;998,8;0;17;15,4;17;16,9;15,9;15,4;94;91;91;190;6,3;2,7;
2026/05/19;0900 UTC;0;999,1;999,1;998,8;0;17;15,5;17;16,8;15,6;15,4;92;91;91;119;6,6;,8;
2026/05/19;1000 UTC;0;999,5;999,5;999,1;0;16,8;15,4;17;16,8;15,5;15,3;92;90;91;165;5,7;1,4;
2026/05/19;1100 UTC;,4;1000,2;1000,2;999,5;1,8;16,6;15,6;16,8;16,5;15,7;15,3;94;91;94;88;5,6;,7;
2026/05/19;1200 UTC;0;1000,7;1000,7;1000,2;60,1;16,9;15,7;16,9;16,6;15,8;15,6;94;93;93;128;5,5;1,1;
2026/05/19;1300 UTC;0;1001,4;1001,6;1000,7;171,3;17,2;15,7;17,2;16,9;15,9;15,4;93;91;91;130;5,5;1,1;
2026/05/19;1400 UTC;0;1001,9;1002;1001,4;362,4;17,8;15,9;17,8;17,2;16,2;15,6;92;88;89;128;5,1;1,3;
2026/05/19;1500 UTC;0;1001,6;1001,9;1001,6;383,8;17,8;16;18,1;17,8;16,2;15,8;89;87;89;193;4,4;2,3;
2026/05/19;1600 UTC;0;1001;1001,6;1001;499,9;18,2;16,1;18,3;17,7;16,5;15,8;90;87;88;157;5,5;1,6;
2026/05/19;1700 UTC;0;1000;1001;1000;567,8;18,8;16,4;18,8;18,1;16,5;15,9;89;84;86;86;5,3;,6;
2026/05/19;1800 UTC;0;999;1000;999;824,2;19,6;16,7;19,7;18,6;17;15,8;86;82;83;143;5,9;1,1;
2026/05/19;1900 UTC;0;998,1;999;998,1;612,9;19,6;16,6;20,2;18,8;17;16;86;79;83;158;5,7;,9;
2026/05/19;2000 UTC;0;997,3;998,1;997,3;525,9;19,5;16,6;19,7;19,2;16,9;16,2;85;81;83;155;4,5;1,6;
2026/05/19;2100 UTC;0;997,2;997,3;997,1;324,4;19,4;16,9;19,8;19,3;17;16,4;86;82;85;45;4,3;,3;
2026/05/19;2200 UTC;0;997,1;997,3;997,1;94,8;19;17,1;19,5;19;17,3;16,7;89;84;89;56;2,9;,2;
2026/05/19;2300 UTC;0;997,6;997,6;997;2,4;18,9;17,2;19,1;18,9;17,3;16,9;90;87;90;49;2,6;,1;
2026/05/20;0000 UTC;0;998,1;998,1;997,5;0;18,8;17,2;18,9;18,8;17,3;17,1;91;90;91;32;1,3;0;
2026/05/20;0100 UTC;0;998,8;998,8;998,1;0;18,9;17,4;18,9;18,8;17,5;17,2;91;90;91;32;,8;0;
2026/05/20;0200 UTC;0;999,1;999,2;998,8;0;18,8;17,3;18,9;18,8;17,3;17,1;91;89;91;29;1,3;0;
2026/05/20;0300 UTC;0;999;999,1;999;0;18,9;17,3;18,9;18,8;17,5;17,2;92;90;91;29;1,3;0;
2026/05/20;0400 UTC;0;998,7;999;998,7;0;18,9;17,5;19,1;18,8;17,6;17,3;92;91;91;30;1,1;0;
2026/05/20;0500 UTC;0;998,3;998,8;998,3;0;18,8;17,6;19;18,8;17,6;17,4;93;91;93;31;1,8;0;
2026/05/20;0600 UTC;0;997,9;998,3;997,9;0;19;17,6;19;18,8;17,7;17,5;93;91;92;38;1,5;,1;
2026/05/20;0700 UTC;0;997,7;997,9;997,6;0;18,7;17,5;19;18,7;17,6;17,5;93;91;93;32;1,5;0;
2026/05/20;0800 UTC;0;997,8;997,8;997,5;0;18,9;17,6;18,9;18,7;17,7;17,5;93;92;92;37;1,3;,1;
2026/05/20;0900 UTC;0;998,2;998,2;997,8;0;18,9;17,4;19;18,9;17,6;17,3;92;90;91;48;2,4;,3;
2026/05/20;1000 UTC;0;998,4;998,4;998,2;0;18,8;17,4;19;18,8;17,5;17,2;91;90;91;41;1,9;,1;
2026/05/20;1100 UTC;0;998,9;998,9;998,4;8,8;18,8;17,3;18,8;18,7;17,4;17,2;92;91;91;41;1,5;,1;
2026/05/20;1200 UTC;0;999,6;999,6;998,9;161,6;19,4;17;19,4;18,8;17,3;16,9;91;86;86;81;2,5;,7;
2026/05/20;1300 UTC;0;1000,4;1000,4;999,6;393,9;20;16,8;20,2;19,4;17,6;16,8;87;82;82;94;4;,8;
2026/05/20;1400 UTC;0;1000,7;1000,8;1000,4;501,8;20,5;17;20,5;20;17,7;16,8;85;80;80;98;4,7;1;
2026/05/20;1500 UTC;0;1000,5;1000,7;1000,5;685,6;20,8;17,4;21,1;20,3;17,8;16,9;83;79;81;97;4,7;,9;
2026/05/20;1600 UTC;0;1000,3;1000,6;1000,3;523,7;20,7;17,5;21,1;20,5;17,9;17,3;84;80;82;120;4,5;1;
2026/05/20;1700 UTC;0;999,1;1000,3;999,1;678,3;21,3;18,3;21,4;20,6;18,4;17,5;84;80;83;113;4,7;1;
2026/05/20;1800 UTC;0;998;999,1;998;771,7;21,6;18;22;21,3;18,8;17,9;83;78;80;102;4,4;,9;
2026/05/20;1900 UTC;0;997,5;998;997,5;427,8;21,7;18,5;22;21,5;19;18;84;80;82;58;4,4;,5;
2026/05/20;2000 UTC;0;996,8;997,5;996,8;342,9;21,8;18,6;21,9;21,4;19;18,1;85;80;82;40;4,6;,2;
2026/05/20;2100 UTC;0;996,9;997;996,7;300;21,5;18,5;22,1;21,5;18,8;18,3;84;79;83;40;2,7;,1;
2026/05/20;2200 UTC;0;997,3;997,3;996,9;90,8;21,1;18,4;21,5;21;18,8;18,3;86;83;85;97;2,8;,5;
2026/05/20;2300 UTC;0;997,4;997,4;997,2;1,8;20,7;18,6;21,1;20,6;18,9;18,4;89;85;88;92;2;,4;
2026/05/21;0000 UTC;0;998,2;998,2;997,4;0;20,6;18,8;20,7;20,5;18,8;18,6;90;88;89;79;2,6;,4;
2026/05/21;0100 UTC;0;998,9;998,9;998,2;0;20,4;18,4;20,7;20,3;18,8;18,2;89;86;88;44;5,7;,1;
2026/05/21;0200 UTC;0;999,4;999,4;998,9;0;20,4;18,2;20,4;20,2;18,5;18,2;89;87;87;37;1,7;0;
2026/05/21;0300 UTC;0;999,5;999,7;999,4;0;20,3;18,3;20,5;20,2;18,4;18,1;89;86;88;118;2,1;,6;
2026/05/21;0400 UTC;0;999,7;999,7;999,5;0;20,2;18,4;20,5;20,2;18,4;18;89;86;89;106;2,7;,8;
2026/05/21;0500 UTC;0;999,4;999,7;999,4;0;20,3;18,3;20,3;20,1;18,5;18,2;90;88;88;100;2,3;,7;
2026/05/21;0600 UTC;0;998,8;999,4;998,8;0;20,3;18;20,3;20,1;18,4;18;89;87;87;157;3,3;1;
2026/05/21;0700 UTC;0;998,2;998,8;998,2;0;20,1;18;20,3;20;18,1;17,9;89;86;88;53;3,5;,3;
2026/05/21;0800 UTC;0;998,1;998,2;998;0;20;17,8;20,1;19,9;18,1;17,7;89;86;87;118;2,6;,7;
2026/05/21;0900 UTC;0;998,5;998,5;998;0;19,7;17,7;20;19,6;17,8;17,6;89;87;88;45;3,8;,1;
2026/05/21;1000 UTC;0;999;999;998,5;0;19,6;17,4;19,8;19,6;17,7;17,3;88;86;87;147;2,7;1;
2026/05/21;1100 UTC;0;999,5;999,5;999;13,5;19,7;17,1;19,8;19,6;17,4;17;87;84;85;134;4,7;,9;
2026/05/21;1200 UTC;0;1000;1000;999,4;322,2;20;16,8;20;19,7;17,2;16,7;85;81;82;168;5;1,8;
2026/05/21;1300 UTC;0;1000,5;1000,6;1000;928,6;20,9;17,1;20,9;20;17,2;16,7;82;78;79;164;6,6;1,8;
2026/05/21;1400 UTC;0;1000,6;1000,6;1000,4;1362,8;21,8;16,7;22,2;20,9;17,5;16,6;79;72;73;181;6,8;2,4;
2026/05/21;1500 UTC;0;1000,3;1000,6;1000,1;2233,5;24,3;17,3;24,8;21,8;19;16,9;76;65;65;158;7,2;1,9;
2026/05/21;1600 UTC;0;999,5;1000,4;999,5;2137,3;24,4;17,7;24,7;23,6;18,9;17,2;71;65;66;166;6,7;1,7;
2026/05/21;1700 UTC;0;998,7;999,6;998,7;1902;24,9;18,4;25,3;24,2;18,7;17,6;70;64;67;181;6;1,9;
2026/05/21;1800 UTC;0;998,1;998,7;998,1;1453,4;24,6;18,2;26,3;24,5;19;17,8;70;61;67;190;6;2,1;
2026/05/21;1900 UTC;0;997,4;998,2;997,4;495,8;23,9;18,9;24,6;23,9;19,4;18,3;76;67;74;124;5,4;1;
2026/05/21;2000 UTC;0;997,1;997,4;997,1;488,2;24,3;19;24,4;23,8;19,3;18,2;75;70;73;57;5,8;,5;
2026/05/21;2100 UTC;0;997,4;997,4;997,1;305,8;23,3;18,7;24,3;23,2;19,1;18;77;70;75;52;3,3;,3;
2026/05/21;2200 UTC;0;998;998;997,4;86,9;22,3;18,8;23,3;22,3;19;18,1;81;73;81;42;2,3;,1;
2026/05/21;2300 UTC;0;998,6;998,6;998;2;22;18,2;22,4;22;19;17,9;82;77;79;51;2,5;,3;
2026/05/22;0000 UTC;0;999,1;999,1;998,6;0;21,8;18,1;22,1;21,7;18,6;17,9;82;78;80;78;2,8;,6;
2026/05/22;0100 UTC;0;999,5;999,5;999,1;0;21,3;18,1;21,8;21,3;18,3;17,8;83;79;82;34;2,4;0;
2026/05/22;0200 UTC;0;999,6;999,7;999,4;0;21;18,4;21,3;21;18,4;17,8;85;81;85;34;1,6;0;
2026/05/22;0300 UTC;0;999,6;999,7;999,6;0;20,8;18,4;21,1;20,8;18,5;17,9;86;83;86;28;1,7;0;
2026/05/22;0400 UTC;0;999,3;999,6;999,3;0;19,5;18,1;20,8;19,4;18,3;18;92;86;92;29;,8;0;
2026/05/22;0500 UTC;0;999,1;999,3;999,1;0;19,1;17,9;19,5;19,1;18,1;17,9;93;92;93;11;,5;0;
2026/05/22;0600 UTC;0;998,4;999,1;998,4;0;19,5;17,9;19,5;18,9;18,1;17,8;94;91;91;148;2,2;,8;
2026/05/22;0700 UTC;0;998,7;998,8;998,4;0;19,5;17,2;19,6;19,2;17,9;17,2;92;87;87;182;3,8;1,3;
2026/05/22;0800 UTC;0;998,9;998,9;998,6;0;19;16,7;19,5;19;17,3;16,6;88;85;86;92;3,8;,7;
2026/05/22;0900 UTC;0;999,1;999,1;998,9;0;18,8;16,5;19,1;18,8;16,7;16,3;87;85;87;104;4;,8;
2026/05/22;1000 UTC;0;999,8;999,8;999,1;0;18,5;16,1;18,8;18,5;16,5;16,1;87;85;86;92;3,7;,7;
2026/05/22;1100 UTC;0;1000,3;1000,3;999,8;6,5;18,3;15,9;18,5;18,3;16,2;15,8;87;85;86;68;3,4;,4;
2026/05/22;1200 UTC;0;1000,9;1000,9;1000,3;152,5;19;16,3;19;18,3;16,4;15,9;87;84;84;45;2,7;,2;
2026/05/22;1300 UTC;0;1001,1;1001,2;1000,8;1056,8;21,6;16,8;21,6;19;16,9;15,9;85;73;74;90;5,1;1,2;
2026/05/22;1400 UTC;0;1001,2;1001,3;1001,1;2067,9;23,1;17,3;23,4;21,3;17,6;16;74;67;70;54;5,3;,9;
2026/05/22;1500 UTC;0;1001;1001,3;1001;1139,4;22,3;17;23,1;21,6;17,5;16,1;74;67;72;63;4,8;1,1;
2026/05/22;1600 UTC;0;1000,3;1001;1000,3;1122,1;23,3;17,6;23,3;22,3;18,1;16,9;75;70;71;162;4,2;1,1;
2026/05/22;1700 UTC;0;999,4;1000,3;999,4;1262,8;23,3;17,7;23,4;22,8;18,5;17,1;75;69;71;163;4,6;1,3;
2026/05/22;1800 UTC;0;998,8;999,4;998,8;943,5;23,3;18,1;23,9;23;18,7;17,4;74;68;72;63;4,4;,4;
2026/05/22;1900 UTC;0;998;998,9;998;712,8;23,8;18,2;23,9;23,1;18,9;17,7;77;69;71;184;3,1;1;
2026/05/22;2000 UTC;0;997,4;998;997,4;731,1;23,6;17,9;23,8;23,3;19;17,8;76;70;70;187;4,2;1,8;
2026/05/22;2100 UTC;0;997,4;997,4;997,2;443;23;18,7;23,8;23;19,1;17,7;79;70;77;195;4,7;1,6;
2026/05/22;2200 UTC;0;998,1;998,1;997,4;74,4;21,8;19,2;23;21,8;19,3;18,4;85;75;85;59;3,1;,2;
2026/05/22;2300 UTC;0;998,6;998,6;998,1;2;21,3;19,3;21,8;21,3;19,5;19;89;84;88;40;2,3;0;
2026/05/23;0000 UTC;0;998,9;998,9;998,6;0;21,3;18,5;21,5;21,2;19,4;18,4;89;82;84;55;1,6;,2;
2026/05/23;0100 UTC;0;999,3;999,4;998,8;0;20,5;18,6;21,3;20,5;18,6;18,1;89;84;89;33;1,6;0;
2026/05/23;0200 UTC;0;999,5;999,6;999,2;0;20,2;18,7;20,5;19,9;18,7;18,1;91;88;91;26;1,1;0;
2026/05/23;0300 UTC;0;999,6;999,6;999,5;0;20,2;18,7;20,3;20,1;18,8;18,4;91;90;91;28;,5;0;
2026/05/23;0400 UTC;0;999,6;999,7;999,5;0;19,8;18,5;20,2;19,8;18,7;18,3;92;90;92;26;0;0;
2026/05/23;0500 UTC;0;999,3;999,7;999,3;0;20,7;17,5;20,8;19,8;18,6;17,4;92;81;82;178;4,7;1,5;
2026/05/23;0600 UTC;0;999,1;999,3;999,1;0;20,2;16,6;20,7;20,2;17,4;16,6;82;79;80;133;5,9;1,1;
2026/05/23;0700 UTC;0;999,5;999,5;999,1;0;19,7;15,6;20,2;19,7;16,8;15,5;81;77;77;123;5,9;1,1;
2026/05/23;0800 UTC;0;999,6;999,6;999,4;0;18,7;14,8;19,7;18,7;15,8;14,8;79;76;78;124;4,6;1,2;
2026/05/23;0900 UTC;0;999,9;999,9;999,6;0;17,7;15;18,7;17,7;15,1;14,8;84;78;84;54;4,3;,3;
2026/05/23;1000 UTC;0;1000,4;1000,4;999,9;0;17,2;14,7;17,7;17,2;15,1;14,5;86;83;85;35;2;0;
2026/05/23;1100 UTC;0;1000,6;;;4,9;17,4;14,3;;;;;;;82;120;;,6;
2026/05/23;1200 UTC;0;1001,2;1001,2;1000,6;216,2;18;14,2;18;17,4;14,5;13,7;83;77;79;77;4,4;,5;
2026/05/23;1300 UTC;0;1001,3;1001,5;1001,2;613,8;19,1;14;19,1;18;14,6;13,8;80;72;72;120;4,5;1,2;
2026/05/23;1400 UTC;0;1001,4;1001,6;1001,3;1266,2;21,4;15,1;21,4;19;15,3;13,8;75;66;67;145;4,3;1,4;
2026/05/23;1500 UTC;0;1001;1001,4;1001;1835,5;22,2;15,6;22,6;21;16,5;14,3;70;64;66;122;5,1;1,3;
2026/05/23;1600 UTC;0;1000,5;1001;1000,5;2302,7;23,8;16,3;23,9;22,2;17,4;15,5;68;61;63;92;4,6;1,1;
2026/05/23;1700 UTC;0;999,9;1000,5;999,9;2415,5;24,4;16,4;24,6;23,4;17,2;15,9;67;60;61;184;4,7;1,8;
2026/05/23;1800 UTC;0;998,9;999,9;998,9;2146,7;25;17,6;25,9;23,7;18;16;67;59;64;154;5;1,8;
2026/05/23;1900 UTC;0;997,8;998,9;997,8;2131,6;24;16,8;25,2;23,4;17,8;16,2;67;60;64;189;6,2;1,8;
2026/05/23;2000 UTC;0;997,4;997,8;997,4;831,9;23,4;17;24;23,4;18,3;16,7;71;64;67;194;5,4;2,1;
2026/05/23;2100 UTC;0;997,3;997,4;997,3;497,6;22,9;18,1;23,4;22,9;18,1;16,9;74;68;74;180;5,7;1,5;
2026/05/23;2200 UTC;0;997,6;997,6;997,3;133,4;21,9;18;22,9;21,9;18,3;16,9;79;69;79;124;4,8;,8;
2026/05/23;2300 UTC;0;998;998;997,6;4;21,2;18,4;21,9;21,2;18,4;17,8;84;78;84;38;2,4;0;
2026/05/24;0000 UTC;0;998,5;998,5;998;0;21;18,3;21,3;20,9;18,5;17,9;85;81;84;68;1,9;,3;
2026/05/24;0100 UTC;0;999;999;998,5;0;20,9;17,8;21,1;20,9;18,5;17,7;86;81;82;35;2,2;,6;
2026/05/24;0200 UTC;0;999,2;999,2;999;0;20,9;17,7;21,1;20,7;18;17,6;85;81;82;166;2,4;,9;
2026/05/24;0300 UTC;0;998,9;999,2;998,9;0;20,7;17,6;21,1;20,5;17,9;17,5;85;80;82;142;2,8;,9;
2026/05/24;0400 UTC;0;998,7;998,9;998,7;0;20,4;17,7;20,8;20,4;17,7;17,2;85;80;85;30;2,8;,3;
2026/05/24;0500 UTC;0;998,5;998,7;998,4;0;20,1;17,4;20,4;20;17,9;17,2;86;82;85;29;2,2;,1;
2026/05/24;0600 UTC;0;998,1;998,5;998,1;0;19,8;17,3;20,2;19,7;17,8;17;88;83;85;29;1,5;0;
2026/05/24;0700 UTC;0;997,6;998,1;997,6;0;19,6;17,3;19,8;19,6;17,8;17,3;89;85;86;87;2,1;,5;
2026/05/24;0800 UTC;0;997,6;997,6;997,5;0;19,5;17,5;19,7;19,5;17,6;17,2;89;86;88;82;2,1;,4;
2026/05/24;0900 UTC;0;997,4;997,6;997,3;0;19,5;16,9;19,8;19,4;17,5;16,8;88;83;85;93;3;,5;
2026/05/24;1000 UTC;0;997,9;997,9;997,4;0;19,1;16,7;19,5;19,1;17,2;16,6;87;84;86;163;3,2;1;
2026/05/24;1100 UTC;0;998,2;998,2;997,9;9,3;18,5;16,5;19,1;18,5;16,9;16,4;89;86;88;154;3;1;
2026/05/24;1200 UTC;0;998,8;998,9;998,2;260,2;19,1;16,4;19,1;18,4;16,7;16,2;89;84;84;97;3,2;,6;
2026/05/24;1300 UTC;0;999,4;999,4;998,8;1036,7;21,3;16,5;21,4;19,1;17,3;15,9;84;74;74;192;3,4;,9;
2026/05/24;1400 UTC;0;999,4;999,5;999,4;1792,9;22,3;16,3;23,4;21,1;17,5;15,9;76;65;69;171;4,2;1,5;
2026/05/24;1500 UTC;0;999;999,5;999;2200,4;24,5;16,9;24,6;22,3;17,7;16,2;70;62;63;110;4,2;1,2;
2026/05/24;1600 UTC;0;998,4;999;998,4;2604,5;26;18,3;26;24;18,4;16,3;66;59;63;76;4,7;,8;
2026/05/24;1700 UTC;0;997,4;998,4;997,4;3005,2;26,5;18,2;26,7;25,2;19,1;17;64;59;60;122;3,5;1;
2026/05/24;1800 UTC;0;996,4;997,4;996,4;2755,4;26,7;18,1;27,5;26,3;19,1;17,1;62;56;59;223;3,8;1,2;
2026/05/24;1900 UTC;0;995,3;996,4;995,3;2489,7;27,6;18,3;28,5;26,6;19,8;17,5;62;54;57;339;3,9;,8;
2026/05/24;2000 UTC;0;994,4;995,3;994,4;2042,9;28,3;18,6;28,9;27,3;20;17,8;63;53;56;36;3,6;,6;
2026/05/24;2100 UTC;0;994;994,4;994;1140,3;27,4;20,6;29,1;27,4;20,6;18;66;54;66;27;3,2;0;
2026/05/24;2200 UTC;0;994;994,1;994;194,2;25,1;20,8;27,5;25,1;21,5;19,5;77;63;77;346;1,9;1;
2026/05/24;2300 UTC;0;994,6;994,6;994;4,8;23,5;20,9;25,4;23,5;21,4;19,9;86;71;86;23;1,8;0;
2026/05/25;0000 UTC;0;995,5;995,5;994,6;0;23,1;21,1;23,5;23;21,1;20,9;89;86;89;23;,3;0;
2026/05/25;0100 UTC;0;995,9;995,9;995,5;0;23,5;21,6;23,5;23,1;21,6;21,1;90;88;90;21;,6;0;
2026/05/25;0200 UTC;0;996;996;995,9;0;23,2;21,3;23,5;23,2;21,7;21,2;90;88;89;22;,8;0;
2026/05/25;0300 UTC;0;996,1;996,1;995,9;0;22,8;21,1;23,2;22,8;21,4;21,1;91;89;90;22;0;0;
2026/05/25;0400 UTC;0;995,9;996,1;995,9;0;22,6;21,1;22,9;22,6;21,3;21,1;91;90;91;22;0;0;
2026/05/25;0500 UTC;0;995,8;995,9;995,8;0;22,5;21,1;22,7;22,5;21,2;21;92;91;92;22;0;0;
2026/05/25;0600 UTC;0;995,5;995,8;995,5;0;22,3;20,9;22,5;22,3;21,2;20,9;92;91;92;22;0;0;
2026/05/25;0700 UTC;0;995,2;995,5;995,2;0;22,2;20,8;22,3;22,1;21;20,7;92;91;92;32;0;0;
2026/05/25;0800 UTC;0;995,1;995,2;995,1;0;22,2;20,8;22,2;22,1;21;20,7;93;91;92;20;0;0;
2026/05/25;0900 UTC;0;995,5;995,5;995;0;22,3;20,6;22,4;22;20,9;20,5;92;90;90;6;1,6;,4;
2026/05/25;1000 UTC;0;995,8;995,9;995,5;0;22,2;20,6;22,3;22,2;20,7;20,5;91;90;90;12;1,4;,1;
2026/05/25;1100 UTC;0;996,2;996,2;995,7;8,2;21,6;20,3;22,2;21,6;20,6;20,3;92;90;92;17;1,2;,2;
2026/05/25;1200 UTC;0;997;997;996,2;215,6;23,3;21;23,3;21,5;21,1;20,3;93;87;87;345;1,9;,7;
2026/05/25;1300 UTC;0;997,6;997,6;997;1278,9;25,7;20,3;25,9;23,3;21,9;19,9;87;71;72;327;3,4;,9;
2026/05/25;1400 UTC;0;997,7;997,7;997,5;1980,6;27,6;20,6;27,6;25,7;21,3;19,9;74;66;66;338;3,7;1,1;
2026/05/25;1500 UTC;0;997,2;997,8;997,2;2407,8;28,6;20,9;28,6;26,9;21,4;19,8;70;62;63;42;2,8;,7;
2026/05/25;1600 UTC;0;996,5;997,2;996,5;2742,4;29,4;20,3;29,6;27,9;21,5;19,2;65;55;58;345;3,6;1,4;
2026/05/25;1700 UTC;0;995,6;996,5;995,6;2781;28,8;20,1;30,3;28,7;21,1;19,5;62;54;59;337;3,4;1,5;
2026/05/25;1800 UTC;0;994,9;995,6;994,9;1693,5;30;19,4;31;28,1;21,9;19,3;68;52;53;333;3,3;1;
2026/05/25;1900 UTC;0;994;994,9;994;1354,9;28,5;22,2;30,8;28,5;22,3;19,3;70;53;69;16;4;0;
2026/05/25;2000 UTC;0;993,6;994;993,6;1364,1;30,9;20,1;31,3;28;23,1;19,8;75;51;53;2;2,6;,9;
2026/05/25;2100 UTC;0;993,5;993,6;993,4;1064,8;30,5;19,4;31,4;29,4;22,9;19,3;67;49;52;23;2,2;0;
2026/05/25;2200 UTC;0;993,7;993,7;993,5;245,5;26,5;22,4;30,6;26,5;23,1;19,7;78;52;78;24;1,8;0;
2026/05/25;2300 UTC;0;994,2;994,2;993,7;6,1;24,4;22,3;26,5;24,4;22,8;22,2;88;78;88;21;,5;0;
2026/05/26;0000 UTC;0;994,8;994,8;994,2;0;23,7;21,9;24,4;23,7;22,3;21,8;90;88;90;23;1,3;0;
2026/05/26;0100 UTC;0;995,7;995,7;994,8;0;23,2;21,8;23,7;23,2;22;21,7;92;90;92;23;,6;0;
2026/05/26;0200 UTC;0;996,1;996,1;995,7;0;23;21,7;23,2;23;21,9;21,7;93;92;93;19;0;0;
2026/05/26;0300 UTC;0;996,4;996,4;996,1;0;22,6;21,5;23;22,6;21,8;21,5;94;93;94;22;0;0;
2026/05/26;0400 UTC;0;996,5;996,5;996,3;0;22,3;21,7;22,6;22,3;21,7;21,3;96;94;96;22;0;0;
2026/05/26;0500 UTC;0;996,3;996,5;996,2;0;22,6;21,7;22,7;22,3;22,1;21,7;97;95;95;27;0;0;
2026/05/26;0600 UTC;0;995,8;996,3;995,8;0;22,1;21,4;22,7;22,1;21,9;21,4;96;94;96;23;0;0;
2026/05/26;0700 UTC;0;995,9;995,9;995,8;0;21,7;21,2;22,1;21,6;21,5;21,1;97;96;97;19;,7;0;
2026/05/26;0800 UTC;0;995,7;995,9;995,7;0;21,3;20,9;21,7;21,3;21,2;20,9;97;97;97;24;,5;0;
2026/05/26;0900 UTC;0;996;996;995,6;0;21,2;20,7;21,4;21,1;20,9;20,7;97;97;97;23;0;0;
2026/05/26;1000 UTC;0;996,3;996,3;996;0;21,6;21,1;21,6;21,2;21,1;20,7;97;97;97;28;0;0;
2026/05/26;1100 UTC;0;996,8;996,8;996,3;9,9;21,3;20,8;21,6;21,3;21,1;20,8;97;97;97;28;0;0;
2026/05/26;1200 UTC;0;997,8;997,8;996,8;196,5;22,5;21,2;22,5;21,3;21,3;20,8;97;92;92;72;1,6;,4;
2026/05/26;1300 UTC;0;998,6;998,6;997,8;1248,3;25,6;21,8;25,7;22,6;22;20,9;92;79;79;75;3,1;,7;
2026/05/26;1400 UTC;0;998,6;998,7;998,6;1942;27,7;21,6;27,7;25,6;22,4;21;79;70;70;62;4,4;,8;
2026/05/26;1500 UTC;0;998,3;998,7;998,3;2254,7;28;21,7;28,2;27,4;22,4;21,4;73;67;69;117;5;1,1;
2026/05/26;1600 UTC;0;997,7;998,3;997,7;1983,9;28,8;21,6;29,2;28;22,5;21,2;71;64;65;166;5;1,5;
2026/05/26;1700 UTC;0;996,5;997,6;996,5;1384;29,3;22,2;29,3;28,2;22,6;21,1;70;63;65;116;5,5;1,1;
2026/05/26;1800 UTC;0;995,7;996,5;995,7;1717,2;29,8;20,8;30,8;28,6;22,2;20,7;67;57;58;185;4,9;1,8;
2026/05/26;1900 UTC;0;995;995,8;995;1105,9;29,5;21,9;30,2;28,3;22,3;20,8;69;59;64;158;5,3;1,3;
2026/05/26;2000 UTC;0;994,5;995;994,5;1167,1;28;22,1;30,6;28;22,5;20,2;72;54;70;32;4,2;,1;
2026/05/26;2100 UTC;0;994,2;994,5;994,2;733,7;29,3;21;29,6;27,8;22,5;21;72;60;61;79;2,9;,8;
2026/05/26;2200 UTC;0;994,5;994,5;994,2;311,8;27,2;21,3;29,5;27,2;22;20,7;71;60;70;45;5,2;,3;
2026/05/26;2300 UTC;0;994,9;994,9;994,5;5,7;24,3;21,8;27,2;24,3;22;21,3;86;70;86;21;3;0;
2026/05/27;0000 UTC;0;995,4;995,4;994,9;0;23,6;21,6;24,3;23,5;21,9;21,5;89;86;89;25;0;0;
2026/05/27;0100 UTC;0;996,1;996,1;995,4;0;23;21,4;23,6;23;21,6;21,3;90;88;90;25;1;0;
2026/05/27;0200 UTC;0;996,5;996,5;996,1;0;22,7;21,3;23;22,7;21,4;21,2;92;90;92;23;0;0;
2026/05/27;0300 UTC;0;996,3;996,5;996,3;0;22,1;21;22,7;22,1;21,3;21;93;92;93;21;0;0;
2026/05/27;0400 UTC;0;996;996,3;996;0;21,8;20,8;22,2;21,8;21,1;20,8;94;93;94;22;0;0;
2026/05/27;0500 UTC;0;995,7;996;995,7;0;21,4;20,8;21,8;21,4;21;20,7;96;94;96;30;0;0;
2026/05/27;0600 UTC;0;994,9;995,7;994,9;0;21,4;20,9;21,5;21,3;21;20,8;97;96;97;29;,9;0;
2026/05/27;0700 UTC;0;994,6;994,9;994,6;0;21,8;20,6;21,8;21,4;21,3;20,6;97;93;93;63;2,4;,3;
2026/05/27;0800 UTC;0;994,5;994,7;994,5;0;21,2;20,1;21,8;21,2;20,6;20,1;94;93;94;53;2;,3;
2026/05/27;0900 UTC;0;994,7;994,7;994,4;0;20,9;20,1;21,2;20,9;20,3;20,1;96;94;95;45;1,5;,2;
2026/05/27;1000 UTC;0;995,2;995,2;994,6;0;20,4;19,9;20,9;20,4;20,2;19,8;97;95;97;26;1,4;0;
2026/05/27;1100 UTC;0;995,9;995,9;995,2;9,8;20,1;19,6;20,4;20,1;19,9;19,6;97;97;97;29;,5;0;
2026/05/27;1200 UTC;0;996,7;996,7;995,9;183,2;21,7;20,5;21,7;20,1;20,8;19,7;97;93;93;108;2,6;,6;
2026/05/27;1300 UTC;0;997,6;997,6;996,7;1256,8;24,3;21;24,3;21,7;21,2;20,1;93;82;82;145;3,2;1;
2026/05/27;1400 UTC;0;997,9;998;997,6;1952;26,1;21;26,2;24,3;21,6;20,5;83;72;74;159;5;1,7;
2026/05/27;1500 UTC;0;997,7;997,9;997,7;2149,5;28,2;21,7;28,2;25,9;22,1;20,5;74;67;68;98;5,3;1,2;
2026/05/27;1600 UTC;0;997,1;997,7;997,1;2634,3;29,3;21,4;29,6;28,1;22,8;21,1;69;61;63;60;5,6;,7;
2026/05/27;1700 UTC;0;996,2;997,1;996,2;2934,2;30,2;21,9;30,3;28,8;22,7;20,5;67;58;61;120;4,9;1,6;
2026/05/27;1800 UTC;0;995,2;996,2;995,2;1943;29,1;21,5;30,7;28,7;22,5;20,6;67;59;64;99;5,8;1,1;
2026/05/27;1900 UTC;0;994,3;995,2;994,3;1766,5;29,4;21,2;30,8;28,5;22,9;20,2;68;54;61;194;4,7;1,8;
2026/05/27;2000 UTC;0;993,9;994,3;993,9;1397,5;28,6;21,5;30,8;28,3;22,2;20,6;70;56;65;60;4,7;,4;
2026/05/27;2100 UTC;0;993,6;993,9;993,6;240,8;27;22;29,1;26,4;22,2;20,8;78;63;74;158;3,5;,8;
2026/05/27;2200 UTC;0;993,8;993,8;993,6;319,8;28,2;21,3;28,4;26,9;22,4;21,2;74;66;66;185;4,1;1,8;
2026/05/27;2300 UTC;0;994,3;994,3;993,8;7,1;24,9;21,7;28,2;24,9;21,9;21,1;84;66;83;147;4,4;,7;
2026/05/28;0000 UTC;0;994,6;994,6;994,2;0;23,8;21,6;24,9;23,8;21,8;21,6;88;82;88;58;2;,3;
2026/05/28;0100 UTC;0;995,3;995,3;994,6;0;23,1;21,5;23,8;23;21,7;21,4;91;88;91;28;1,4;,1;
2026/05/28;0200 UTC;0;995,7;995,7;995,3;0;22,6;21,2;23,1;22,6;21,5;21,2;92;90;92;23;1,4;0;
2026/05/28;0300 UTC;0;995,7;995,8;995,7;0;22,4;21,2;22,6;22,3;21,3;21,1;93;92;93;21;0;0;
2026/05/28;0400 UTC;0;995,4;995,8;995,4;0;22;21;22,5;22;21,3;21;94;93;94;24;0;0;
2026/05/28;0500 UTC;0;995,2;995,5;995,2;0;21,7;20,9;22;21,6;21;20,8;95;94;95;26;0;0;
2026/05/28;0600 UTC;0;994,7;995,2;994,7;0;21,4;20,8;21,7;21,4;21;20,7;97;95;96;20;0;0;
2026/05/28;0700 UTC;0;994,3;994,7;994,3;0;21;20,5;21,5;21;21;20,4;97;96;97;27;0;0;
2026/05/28;0800 UTC;0;994,1;994,4;994,1;0;20,8;20,4;21;20,8;20,6;20,4;97;97;97;23;0;0;
2026/05/28;0900 UTC;0;994,1;994,1;993,9;0;20,7;20,3;20,9;20,7;20,4;20,3;97;97;97;23;0;0;
2026/05/28;1000 UTC;0;994,6;994,6;994,1;0;20,6;20,2;20,7;20,6;20,3;20,2;97;97;97;33;1,2;0;
2026/05/28;1100 UTC;0;995,2;995,2;994,6;10,5;20,6;20,2;20,7;20,5;20,2;20,1;97;97;97;29;1,2;0;
2026/05/28;1200 UTC;0;996;996;995,2;205,5;22,1;20,7;22,1;20,6;21,1;20,2;97;92;92;99;1,6;,5;
2026/05/28;1300 UTC;0;996,8;996,8;996;923,8;24,4;21,1;24,4;22,1;21,2;20,2;91;82;82;102;3,2;,7;
2026/05/28;1400 UTC;0;996,8;996,9;996,8;1698,6;26,5;21,6;26,8;24,3;22,3;20,5;82;73;75;141;4,2;1,6;
2026/05/28;1500 UTC;0;996,5;996,8;996,4;2384,5;28,5;22,4;28,8;26,5;22,8;21,5;75;66;69;141;4,2;1,3;
2026/05/28;1600 UTC;0;995,8;996,5;995,8;1547,2;29,5;23,3;29,5;27,8;23,3;21,4;72;66;70;66;3,5;,6;
2026/05/28;1700 UTC;0;995;995,8;995;2622,3;31;23;31;29,4;23;21;69;59;62;59;3,4;,7;
2026/05/28;1800 UTC;0;994,2;995;994,2;1388,4;30,3;22,4;31,1;29,4;23,6;20,9;71;57;63;135;2,4;,8;
2026/05/28;1900 UTC;0;993,3;994,2;993,3;899,3;28,7;22,7;30,9;28,7;23,8;20,7;75;56;70;42;2,3;,4;
2026/05/28;2000 UTC;0;992,9;993,3;992,8;965,5;30,5;22;30,5;28,5;23,6;21,3;75;59;60;296;2,8;1,1;
2026/05/28;2100 UTC;0;992,6;992,9;992,4;863,9;28,6;21,7;31,1;28,6;24,2;20,6;72;54;66;83;3;,8;
2026/05/28;2200 UTC;,2;992,8;992,8;992,6;39,5;25,1;23,2;28,6;25,1;23,4;21,7;90;67;89;12;3,8;,1;
2026/05/28;2300 UTC;0;993;993;992,7;,9;24,8;22,7;25,3;24,8;23,4;22,7;91;86;88;59;3;,3;
2026/05/29;0000 UTC;0;993,5;993,5;992,9;0;24,4;23;24,8;24,4;23,3;22,8;92;88;92;24;1,3;0;
2026/05/29;0100 UTC;0;994,3;994,3;993,5;0;24,4;23,2;24,4;24,2;23,3;23;93;92;93;25;1,4;,1;
2026/05/29;0200 UTC;0;994,6;994,6;994,2;0;24,4;23,3;24,5;24,3;23,4;23,1;94;93;93;28;,5;0;
2026/05/29;0300 UTC;0;994,6;994,7;994,6;0;24;22,9;24,4;24;23,3;22,8;94;93;93;29;1;0;
2026/05/29;0400 UTC;0;994,4;994,6;994,4;0;24;23;24,1;23,9;23,2;22,8;94;93;94;23;0;0;
2026/05/29;0500 UTC;0;994,2;994,4;994,1;0;23,9;23,4;24;23,9;23,4;23,1;97;94;97;23;0;0;
2026/05/29;0600 UTC;0;993,6;994,2;993,6;0;23,5;23;23,9;23,4;23,3;22,9;97;96;97;19;0;0;
2026/05/29;0700 UTC;0;993,2;993,6;993,2;0;23,1;22,6;23,5;23;23;22,5;97;97;97;27;0;0;
2026/05/29;0800 UTC;0;993;993,3;993;0;22,7;22,3;23,1;22,7;22,6;22,3;97;97;97;27;0;0;
2026/05/29;0900 UTC;0;993,4;993,4;993;0;22,6;22,1;22,7;22,5;22,2;22;97;97;97;24;0;0;
2026/05/29;1000 UTC;0;993,7;993,7;993,4;0;22,2;21,7;22,6;22,2;22,1;21,7;97;97;97;24;0;0;
2026/05/29;1100 UTC;0;994,4;994,4;993,7;10,2;22,1;21,7;22,2;21,9;21,7;21,5;97;97;97;21;0;0;
2026/05/29;1200 UTC;0;994,9;994,9;994,4;231,2;23,6;23,1;23,6;22,1;23,1;21,7;97;97;97;24;0;0;
2026/05/29;1300 UTC;0;995,9;995,9;994,9;796,7;25,6;23;25,7;23,6;23,7;22,5;97;86;86;79;3,5;,4;
2026/05/29;1400 UTC;0;996,2;996,2;995,9;1205,1;26,8;23;26,8;25,5;23,3;22,4;86;79;80;44;3,7;,4;
2026/05/29;1500 UTC;0;996,1;996,2;996,1;1288,5;28,2;22,9;28,3;26,8;23,5;22,4;80;71;73;41;3,1;,2;
2026/05/29;1600 UTC;0;995,7;996,1;995,7;1817,5;29,3;23,1;30,1;28,2;23,8;22;77;63;69;196;4,6;2,1;
2026/05/29;1700 UTC;0;995;995,7;995;1695,5;29,2;23,4;29,9;28,8;23,9;22,4;74;66;71;138;5,2;1,6;
2026/05/29;1800 UTC;0;994,3;995;994,3;1127,9;28,7;23,3;30;28,7;23,5;22,3;73;65;73;126;6,6;,9;
2026/05/29;1900 UTC;0;993,5;994,3;993,5;758;28,9;23,8;29,1;28,2;24;22,2;75;68;74;168;4,5;1,1;
2026/05/29;2000 UTC;0;993,1;993,5;993,1;689;29,1;22,6;29,2;28,5;23,1;21,9;74;65;68;195;3,7;1,5;
2026/05/29;2100 UTC;0;993,1;993,1;993;1006,7;29,5;20,6;29,8;29;22,8;20,6;69;59;59;198;4,3;2;
2026/05/29;2200 UTC;0;993,3;993,4;993,1;229,2;26,2;22,6;29,5;26,2;22,8;20,6;81;59;81;38;4,3;0;
2026/05/29;2300 UTC;0;993,7;993,8;993,3;6,2;24,9;22,6;26,2;24,9;22,6;22,1;87;79;87;28;,7;0;
2026/05/30;0000 UTC;0;994,4;994,4;993,7;0;24,7;22,7;25;24,7;22,9;22,4;89;86;89;24;0;0;
2026/05/30;0100 UTC;0;994,8;994,8;994,4;0;24,3;22,4;24,7;24,3;22,7;22,3;90;88;89;26;,5;0;
2026/05/30;0200 UTC;0;995,2;995,2;994,8;0;24;22,4;24,3;24;22,4;22,2;91;88;91;25;0;0;
2026/05/30;0300 UTC;0;995,6;995,7;995,2;0;24;22,5;24;23,8;22,5;22,3;92;91;91;22;0;0;
2026/05/30;0400 UTC;0;995,5;995,8;995,5;0;23,6;22,4;24;23,6;22,5;22,3;93;91;93;24;,4;0;
2026/05/30;0500 UTC;0;995,5;995,5;995,4;0;23,3;22,3;23,6;23,3;22,4;22,2;94;93;94;18;0;0;
2026/05/30;0600 UTC;0;995,3;995,5;995,1;0;23,3;22,6;23,5;23,2;22,6;22,2;96;94;96;15;0;0;
2026/05/30;0700 UTC;0;995;995,3;995;0;23;22,5;23,4;23;22,8;22,4;97;95;97;22;0;0;
2026/05/30;0800 UTC;0;994,6;995;994,6;0;23;22,5;23;22,8;22,5;22,3;97;97;97;25;0;0;
2026/05/30;0900 UTC;0;995;995;994,6;0;22,7;22,2;23;22,7;22,5;22,2;97;97;97;21;0;0;
2026/05/30;1000 UTC;0;995,9;995,9;995;0;22,6;22,1;22,7;22,6;22,2;22,1;97;97;97;27;0;0;
2026/05/30;1100 UTC;0;996,5;996,5;995,9;7,5;22,7;22,2;22,7;22,6;22,2;22,1;97;97;97;35;0;0;
2026/05/30;1200 UTC;0;997,2;997,2;996,5;206,8;24,7;23,2;24,7;22,7;23,4;22,3;97;91;91;38;1,7;,1;
2026/05/30;1300 UTC;0;997,8;997,8;997,2;890,5;26,6;23,3;26,8;24,6;23,5;22,7;91;81;82;65;2,9;,7;
2026/05/30;1400 UTC;0;997,8;997,9;997,7;1535,4;28,7;23,3;29,3;26,6;24,7;22,9;82;71;73;62;3,6;,5;
2026/05/30;1500 UTC;0;998;998;997,8;2254,6;30,3;22,7;30,4;28,7;23,8;21,8;74;62;64;112;4,3;1,4;
2026/05/30;1600 UTC;0;997,5;998;997,5;1855,1;29,8;21,5;30,9;29,6;23,1;21,5;67;59;61;97;4,2;,9;
2026/05/30;1700 UTC;0;996,7;997,5;996,7;1126,8;29,5;22,5;31,5;28,7;23,7;21,6;73;57;66;49;2,7;,4;
2026/05/30;1800 UTC;0;996,1;996,7;996,1;2065,6;32,1;22;32,1;29,4;23,4;21,1;68;53;55;87;4,5;1;
2026/05/30;1900 UTC;0;995,5;996,1;995,5;745,7;29,9;22,9;32,2;29,6;23,6;21,4;69;54;66;109;5,5;1;
2026/05/30;2000 UTC;0;994,7;995,5;994,7;757,8;28,7;22,1;31,5;28,7;23,3;21,7;70;58;68;50;5;,2;
2026/05/30;2100 UTC;0;994,3;994,8;994,3;1009;30,4;21,4;31,5;28,4;23,1;20,5;72;53;59;183;4,3;1,7;
2026/05/30;2200 UTC;0;994,4;994,5;994,3;258,9;27,8;21,1;30,4;27,8;22,1;20,6;67;57;67;38;4,5;,1;
2026/05/30;2300 UTC;0;994,9;994,9;994,4;4;25,1;21,9;27,8;25,1;22,2;21;83;67;83;23;1,1;0;
2026/05/31;0000 UTC;0;995,2;995,2;994,9;0;24,8;21,9;25,2;24,6;22,2;21,8;86;82;84;31;,8;0;
2026/05/31;0100 UTC;0;995,8;995,8;995,2;0;23,9;21,9;24,8;23,9;22,1;21,8;88;84;88;28;,7;0;
2026/05/31;0200 UTC;0;996,3;996,3;995,8;0;23,7;22;24;23,6;22,1;21,8;90;88;90;18;,3;0;
2026/05/31;0300 UTC;0;996,5;996,7;996,3;0;23;21,7;23,7;23;22;21,6;93;90;93;17;,3;0;
2026/05/31;0400 UTC;0;996,5;996,5;996,4;0;22,5;21,4;23;22,5;21,7;21,4;94;93;94;23;0;0;
2026/05/31;0500 UTC;0;996,6;996,6;996,3;0;22,2;21,4;22,6;22,2;21,6;21,3;95;94;95;22;0;0;
2026/05/31;0600 UTC;0;996,3;996,7;996,3;0;21,9;21,4;22,2;21,9;21,5;21,3;97;95;97;22;0;0;
2026/05/31;0700 UTC;0;996;996,3;996;0;21,7;21,3;22;21,7;21,5;21,2;97;97;97;19;0;0;
2026/05/31;0800 UTC;0;995,9;996,1;995,9;0;21,4;20,9;21,7;21,4;21,3;20,9;97;97;97;28;0;0;
2026/05/31;0900 UTC;0;996,1;996,1;995,9;0;21,3;20,8;21,5;21,2;21;20,7;97;97;97;23;0;0;
2026/05/31;1000 UTC;0;996,6;996,6;996,1;0;21;20,6;21,3;21;20,9;20,5;97;97;97;26;0;0;
2026/05/31;1100 UTC;0;997,1;997,1;996,6;12,5;21,1;20,6;21,1;21;20,7;20,5;97;97;97;17;0;0;
2026/05/31;1200 UTC;0;997,9;997,9;997,1;148,9;22,9;22,4;22,9;21,1;22,4;20,6;97;97;97;41;1,4;,3;
2026/05/31;1300 UTC;0;998,3;998,3;997,9;1168,7;25,8;22,6;25,8;22,9;22,9;21,8;97;81;82;104;3,3;,9;
2026/05/31;1400 UTC;0;998,3;998,4;998,3;1918,3;28,3;22,3;28,3;25,8;23;21,9;83;70;70;62;4,6;,7;
2026/05/31;1500 UTC;0;997,9;998,4;997,9;2061,3;29,1;22,4;29,5;27,9;23,3;22;73;65;67;73;4;,9;
2026/05/31;1600 UTC;0;997,3;997,9;997,3;2393;30,7;22,4;30,9;28,4;23,3;21,8;70;60;61;91;4,7;1,2;
2026/05/31;1700 UTC;0;996,4;997,3;996,4;2147,6;29,7;22,3;31,4;29,4;23,2;21,7;67;59;64;166;6,5;1,5;
2026/05/31;1800 UTC;0;995,4;996,4;995,4;1851,2;30,9;21,6;31,3;29,1;23,1;21,6;70;58;58;146;4,9;1,3;
2026/05/31;1900 UTC;0;994,3;995,4;994,3;2312,1;31,9;21,2;32,1;29,9;23,1;20,9;62;53;53;67;4,9;,7;
2026/05/31;2000 UTC;0;993,8;994,3;993,8;1581,6;31,2;22,5;32,3;30,3;22,7;20,7;62;52;60;57;4,9;,5;
2026/05/31;2100 UTC;0;994;994;993,8;972,5;31,4;22,1;32,1;29,8;23,1;20,3;67;51;58;40;3,4;,2;
2026/05/31;2200 UTC;0;994,2;994,2;993,9;299,5;27,1;22,4;31,6;27,1;22,5;21;76;55;76;32;4;0;
2026/05/31;2300 UTC;0;994,5;994,5;994,2;6,4;25,4;22,3;27,1;25,3;22,6;22;85;75;83;23;1,2;0;
2026/06/01;0000 UTC;0;995,4;995,4;994,5;0;24,5;22,5;25,4;24,5;22,6;22,3;89;83;89;23;0;0;
2026/06/01;0100 UTC;0;996;996;995,4;0;24,1;22,5;24,6;24;22,6;22,4;91;89;91;22;0;0;
2026/06/01;0200 UTC;0;996,5;996,5;996;0;23,6;22,3;24,1;23,5;22,5;22,2;93;91;93;21;0;0;
2026/06/01;0300 UTC;;;;;;;;;;;;;;;;;;
2026/06/01;0400 UTC;0;996,4;996,7;996,4;0;22,8;21,7;23,3;22,8;22,2;21,7;94;93;94;20;0;0;
2026/06/01;0500 UTC;0;996,4;996,5;996,3;0;22,6;22;22,8;22,5;22;21,6;96;94;96;23;0;0;
2026/06/01;0600 UTC;0;996;996,4;996;0;22,3;21,8;22,6;22,3;22,1;21,7;97;96;97;26;0;0;
2026/06/01;0700 UTC;0;995,7;996;995,7;0;22,1;21,6;22,4;22,1;21,9;21,6;97;97;97;20;0;0;
2026/06/01;0800 UTC;0;995,3;995,7;995,3;0;21,9;21,5;22,2;21,9;21,7;21,5;97;97;97;25;0;0;
2026/06/01;0900 UTC;0;995,7;995,7;995,3;0;21,7;21,2;21,9;21,6;21,4;21,1;97;97;97;21;0;0;
2026/06/01;1000 UTC;0;995,9;995,9;995,6;0;21,5;21;21,7;21,5;21,3;21;97;97;97;25;0;0;
2026/06/01;1100 UTC;0;996,3;996,3;995,9;7,4;21,3;20,9;21,7;21,2;21,2;20,8;97;97;97;17;0;0;
2026/06/01;1200 UTC;0;997,1;997,1;996,3;130,6;22,9;22,3;22,9;21,3;22,4;20,9;97;97;97;100;2;,5;
2026/06/01;1300 UTC;0;997,8;997,8;997,1;1148,3;25,2;22,1;25,6;22,9;22,5;21,7;97;81;83;167;3,7;1,4;
2026/06/01;1400 UTC;0;998,1;998,1;997,8;1707,7;27,5;22,5;27,7;25,2;23,1;21,8;83;73;74;90;3,7;,7;
2026/06/01;1500 UTC;0;997,9;998,1;997,9;2290,5;29,4;22,9;29,4;27,4;23,3;22,2;76;66;68;82;3,5;,8;
2026/06/01;1600 UTC;0;997,2;997,9;997,2;2370,6;30,6;22;30,8;29,3;23,4;22;69;60;60;63;3,2;1;
2026/06/01;1700 UTC;0;996,4;997,2;996,4;1430,9;29,4;22,3;30,7;29;23,7;21,7;71;60;66;32;3,2;,1;
2026/06/01;1800 UTC;0;995,6;996,4;995,6;1650,8;31,8;21;32,1;29,4;23,4;20,8;70;51;53;32;1,6;,2;
2026/06/01;1900 UTC;0;994,6;995,6;994,6;1097,6;30,8;22,9;31,8;29,4;24;20,5;71;52;63;37;2,3;,1;
2026/06/01;2000 UTC;0;994;994,6;994;1763,7;29,9;22,8;32,7;29,9;23,3;20,2;68;49;66;48;2,1;,2;
2026/06/01;2100 UTC;0;993,7;994;993,6;1030;31,2;21,4;32,5;29,1;23,5;19,8;69;47;56;65;2,1;,3;
2026/06/01;2200 UTC;0;993,8;993,8;993,6;273,3;27;22,9;31,2;27;23;21,3;78;56;78;32;3;0;
2026/06/01;2300 UTC;0;994,2;994,2;993,8;8,5;25,4;22,8;27;25,4;23,2;22,4;86;78;85;23;0;0;
2026/06/02;0000 UTC;0;994,7;994,7;994,2;0;24,7;22,8;25,4;24,7;22,9;22,7;89;85;89;22;0;0;
2026/06/02;0100 UTC;0;995,4;995,4;994,7;0;24,3;22,8;24,8;24,3;22,9;22,7;91;89;91;24;0;0;
2026/06/02;0200 UTC;0;995,9;995,9;995,4;0;23,8;22,5;24,3;23,7;22,8;22,5;93;91;93;23;0;0;
2026/06/02;0300 UTC;0;996,1;996,1;995,9;0;23,4;22,3;23,8;23,4;22,5;22,2;94;93;94;22;0;0;
2026/06/02;0400 UTC;0;996,2;996,3;996,1;0;23;22,2;23,4;23;22,3;22,1;95;94;95;22;0;0;
2026/06/02;0500 UTC;0;996;996,2;996;0;22,7;22,1;23;22,6;22,4;22;97;95;96;28;0;0;
2026/06/02;0600 UTC;0;995,9;996,2;995,9;0;22,4;21,9;22,8;22,4;22,3;21,9;97;96;97;24;0;0;
2026/06/02;0700 UTC;0;995,6;995,9;995,6;0;22,2;21,7;22,4;22,2;21,9;21,7;97;97;97;25;0;0;
2026/06/02;0800 UTC;0;995,5;995,6;995,4;0;21,9;21,5;22,2;21,9;21,6;21,4;97;97;97;25;0;0;
2026/06/02;0900 UTC;0;995,7;995,7;995,4;0;21,7;21,2;21,9;21,6;21,5;21,2;97;97;97;23;0;0;
2026/06/02;1000 UTC;0;996,1;996,1;995,7;0;21,2;20,7;21,7;21,2;21,3;20,7;97;97;97;18;0;0;
2026/06/02;1100 UTC;0;996,7;996,7;996,1;8,2;21,1;20,7;21,3;21,1;20,8;20,6;97;97;97;29;0;0;
2026/06/02;1200 UTC;0;997,6;997,6;996,7;127,7;23;22,5;23;21,1;22,5;20,7;97;97;97;98;1,3;,4;
2026/06/02;1300 UTC;0;998,2;998,2;997,6;1204,2;27,6;23,2;27,6;23;23,7;22,6;97;77;77;57;1,8;,4;
2026/06/02;1400 UTC;0;998,4;998,4;998,2;1922,5;28,9;23,4;29;27,2;24,1;22,4;78;71;72;35;3,1;,5;
2026/06/02;1500 UTC;0;997,9;998,4;997,9;1924;30,3;22,2;31;28,7;24,2;22;74;60;62;54;3,1;,4;
2026/06/02;1600 UTC;0;997,2;997,9;997,2;946,2;28,8;23,4;30,6;28,8;24;22,2;74;62;73;57;2,5;,3;
2026/06/02;1700 UTC;0;996,5;997,2;996,5;1865,6;30,6;21,4;31,6;28,8;23,9;21,3;73;55;58;54;2,9;,4;
2026/06/02;1800 UTC;0;995,5;996,5;995,5;1806;29,9;21,9;32,8;29,5;23,5;21,1;69;52;62;39;2,8;,2;
2026/06/02;1900 UTC;0;994,5;995,5;994,5;1410,2;29,3;23,1;32,7;29,3;23,4;20,7;69;50;69;44;3;,1;
2026/06/02;2000 UTC;0;993,9;994,5;993,9;595,1;28;23;30,9;28;23,9;22;77;60;74;27;2,3;0;
2026/06/02;2100 UTC;0;993,4;993,9;993,4;830,4;31;23,1;31,5;27,9;24,9;20,9;75;54;63;31;2,3;0;
2026/06/02;2200 UTC;0;993,5;993,5;993,3;285;26,6;22,6;31,1;26,6;23;21,4;80;58;79;34;2,1;0;
2026/06/02;2300 UTC;0;994;994;993,5;5,1;24,9;22,2;26,6;24,9;22,8;22;86;79;85;16;1,2;0;
2026/06/03;0000 UTC;0;994,4;994,4;994;0;24,2;22,3;24,9;24,2;22,4;22,3;90;85;90;20;0;0;
2026/06/03;0100 UTC;0;995;995;994,4;0;23,9;22,4;24,2;23,8;22,4;22,2;91;90;91;23;0;0;
2026/06/03;0200 UTC;0;995,3;995,3;995;0;23,3;22;23,9;23,3;22,3;22;92;91;92;23;0;0;
2026/06/03;0300 UTC;0;995,6;995,6;995,3;0;22,9;21,9;23,5;22,8;22,2;21,7;94;92;94;31;,2;0;
2026/06/03;0400 UTC;0;995,7;995,8;995,6;0;22,6;21,8;23;22,5;21,9;21,6;95;94;95;22;,2;0;
2026/06/03;0500 UTC;0;995,7;995,8;995,7;0;22,3;21,8;22,6;22,3;22;21,6;97;95;97;19;0;0;
2026/06/03;0600 UTC;0;995,6;995,7;995,6;0;22,1;21,6;22,3;22;21,8;21,5;97;96;97;24;0;0;
2026/06/03;0700 UTC;0;995,2;995,6;995,2;0;21,9;21,5;22,1;21,8;21,6;21,4;97;97;97;24;0;0;
2026/06/03;0800 UTC;0;995,2;995,3;995,2;0;21,7;21,2;22;21,6;21,5;21,1;97;97;97;23;0;0;
2026/06/03;0900 UTC;0;995,6;995,6;995,2;0;21,6;21,1;21,8;21,6;21,3;21,1;97;97;97;24;0;0;
2026/06/03;1000 UTC;0;996;996;995,6;0;21,2;20,8;21,6;21,2;21,1;20,8;97;97;97;25;0;0;
2026/06/03;1100 UTC;0;996,6;996,6;996;8,3;21;20,6;21,3;21;20,8;20,5;97;97;97;28;0;0;
2026/06/03;1200 UTC;0;997,5;997,5;996,6;129,7;23,3;22,8;23,3;21;22,8;20,6;97;97;97;56;1,2;,3;
2026/06/03;1300 UTC;0;998;998;997,5;1026,1;26,8;23,3;26,8;23,3;23,6;22,6;97;81;81;56;2,1;,5;
2026/06/03;1400 UTC;0;998,2;998,2;998;1900,7;28,6;23,2;28,6;26,2;23,9;22,5;82;72;73;101;3,2;,9;
2026/06/03;1500 UTC;0;998;998,2;998;1894,4;29,4;22,4;30,1;28,6;24;21,8;75;63;66;82;4,3;,9;
2026/06/03;1600 UTC;0;997,3;998;997,3;1741,4;30,4;23,2;31,4;29,2;23,8;21,9;70;59;65;80;4;1;
2026/06/03;1700 UTC;0;996,5;997,3;996,5;2250,5;31,1;21,6;32,1;30,4;23,1;20,4;66;53;57;53;4,1;,6;
2026/06/03;1800 UTC;0;995,7;996,5;995,7;1435,3;30,5;21;32,7;29,7;22,8;20,2;64;48;57;58;2,9;,6;
2026/06/03;1900 UTC;0;994,6;995,7;994,6;1106,5;30,1;23,1;32,2;28,8;23,1;20,7;71;51;66;67;2,9;,6;
2026/06/03;2000 UTC;0;993,8;994,6;993,8;1980,8;32,7;20,8;33;30,2;23;19,7;66;46;50;49;5,2;,6;
2026/06/03;2100 UTC;0;993,4;993,8;993,4;1247,1;31,7;20,5;32,8;31,6;21,2;19,6;55;46;52;53;4,8;1,4;
2026/06/03;2200 UTC;0;993,8;993,8;993,4;287,4;28,8;21,5;31,7;28,7;21,7;19,9;66;51;65;53;4,2;,3;
2026/06/03;2300 UTC;0;994,1;994,1;993,8;5,9;25,5;21,7;28,8;25,5;21,9;20,9;80;63;79;21;1,8;0;
2026/06/04;0000 UTC;0;994,8;994,8;994,1;0;24,5;21,9;25,6;24,5;22;21,3;85;78;85;21;,8;0;
2026/06/04;0100 UTC;0;995,7;995,7;994,8;0;23,9;22;24,5;23,9;22,1;21,8;89;85;89;16;0;0;
2026/06/04;0200 UTC;0;996,1;996,1;995,7;0;23,4;21,9;23,9;23,4;22;21,7;91;89;91;23;0;0;
2026/06/04;0300 UTC;0;996,3;996,3;996,1;0;23;21,7;23,4;23;21,9;21,7;92;91;92;23;0;0;
2026/06/04;0400 UTC;0;996,4;996,4;996,3;0;22,6;21,4;23,1;22,6;21,8;21,3;93;92;93;20;0;0;
2026/06/04;0500 UTC;0;996,4;996,6;996,4;0;22,2;21,3;22,6;22,2;21,4;21,3;94;93;94;25;0;0;
2026/06/04;0600 UTC;0;996,4;996,5;996,4;0;21,8;21,1;22,2;21,8;21,5;21;96;94;96;24;0;0;
2026/06/04;0700 UTC;0;996,4;996,5;996,3;0;21,6;21,1;21,8;21,6;21,3;21;97;96;97;22;0;0;
2026/06/04;0800 UTC;0;996,2;996,4;996,2;0;21,3;20,8;21,6;21,3;21,2;20,8;97;97;97;21;0;0;
2026/06/04;0900 UTC;0;996,4;996,4;996,2;0;21,4;20,9;21,5;21,3;21;20,8;97;97;97;19;,8;0;
2026/06/04;1000 UTC;0;997;997;996,4;0;21,1;20,7;21,4;21,1;20,9;20,7;97;97;97;28;0;0;
2026/06/04;1100 UTC;0;997,6;997,6;997;7,8;21,1;20,6;21,1;21;20,7;20,5;97;97;97;28;0;0;
2026/06/04;1200 UTC;0;998,1;998,1;997,6;126,6;22,8;22,3;22,8;21,1;22,3;20,6;97;97;97;89;1,5;,5;
2026/06/04;1300 UTC;0;998,8;998,8;998,1;1162,9;25,5;22,1;25,8;22,8;22,8;22,1;97;81;81;158;3,4;1;
2026/06/04;1400 UTC;0;998,9;999;998,8;1868,1;28,8;23,4;28,8;25,5;23,6;22,1;83;72;72;73;4,1;,7;
2026/06/04;1500 UTC;0;998,4;998,9;998,4;2265,8;30,5;22,4;30,5;28,2;23,5;21,5;73;59;62;118;4,2;1;
2026/06/04;1600 UTC;0;998,1;998,5;998,1;2198;30,4;20,7;31,5;29,7;22,5;19,7;62;52;56;98;3,5;1,1;
2026/06/04;1700 UTC;0;997,2;998,1;997,2;2560,9;31,4;19,3;31,9;30,4;21,7;19,3;58;49;49;61;3,4;1;
2026/06/04;1800 UTC;0;996,4;997,3;996,4;2827,3;33;20;33;31,2;21,4;19,1;55;45;47;62;4,1;,8;
2026/06/04;1900 UTC;0;995,7;996,4;995,7;2143,1;31,9;19,9;33;31,7;20,8;18,6;52;44;49;77;4,6;,9;
2026/06/04;2000 UTC;0;994,9;995,7;994,9;1139,8;29,6;20,1;32,1;29,6;20,7;18,7;57;47;57;46;4,1;,5;
2026/06/04;2100 UTC;0;994,3;994,9;994,3;1123,7;31,1;19,3;32,3;29,5;20,7;18,6;60;44;49;64;2,9;,5;
2026/06/04;2200 UTC;0;994,2;994,3;994,2;243,1;27,8;20,9;31,3;27,8;21;18,8;67;48;66;56;4,2;,4;
2026/06/04;2300 UTC;0;994,5;994,5;994,1;5,7;24,9;20,6;27,7;24,9;21,4;20,2;79;64;77;24;1,7;0;
2026/06/05;0000 UTC;0;995,2;995,2;994,5;0;23,9;20,9;25;23,9;21;20,4;84;76;83;26;,5;0;
2026/06/05;0100 UTC;0;995,7;995,7;995,2;0;23,2;20,9;23,9;23,2;21;20,5;87;83;87;25;0;0;
2026/06/05;0200 UTC;0;996,5;996,5;995,7;0;22,5;20,8;23,2;22,5;21,1;20,8;90;87;90;19;0;0;
2026/06/05;0300 UTC;0;996,6;996,7;996,5;0;22;20,6;22,6;22;21;20,6;92;90;92;19;,7;0;
2026/06/05;0400 UTC;0;996,8;996,8;996,6;0;21,4;20,2;22;21,4;20,6;20,2;93;92;93;16;0;0;
2026/06/05;0500 UTC;0;996,9;996,9;996,8;0;21;20;21,4;21;20,3;20;94;93;94;23;0;0;
2026/06/05;0600 UTC;0;996,5;996,9;996,5;0;20,8;20;21;20,7;20;19,8;95;94;95;22;0;0;
2026/06/05;0700 UTC;0;996,3;996,5;996,2;0;20,2;19,6;20,8;20,2;20;19,5;96;95;96;25;0;0;
2026/06/05;0800 UTC;0;996;996,3;996;0;19,7;19,3;20,2;19,7;19,7;19,2;97;96;97;18;0;0;
2026/06/05;0900 UTC;0;996,6;996,6;996;0;19,6;19,1;19,8;19,6;19,3;19,1;97;97;97;27;,7;0;
2026/06/05;1000 UTC;0;996,9;996,9;996,6;0;19,3;18,9;19,6;19,2;19,1;18,8;97;97;97;22;,4;0;
2026/06/05;1100 UTC;0;997,8;997,8;996,9;5,7;19,4;19;19,5;19;19,1;18,6;97;97;97;28;1;0;
2026/06/05;1200 UTC;0;998,4;998,4;997,8;114,8;21,4;21;21,4;19,3;21;18,9;97;97;97;133;2,5;,8;
2026/06/05;1300 UTC;0;998,8;998,8;998,4;1173,8;24,6;21,8;24,7;21,4;22,2;21;97;85;85;158;4,8;1,4;
2026/06/05;1400 UTC;0;998,9;999;998,8;1928,5;27,4;22,6;27,4;24,5;23,1;21,8;86;75;75;129;4,7;,9;
2026/06/05;1500 UTC;0;998,7;998,9;998,7;2273,3;29;21;29,4;27,2;22,8;21;76;62;62;106;4;,9;
2026/06/05;1600 UTC;0;998,1;998,7;998,1;2520,3;30,3;20,9;30,4;28,8;22,6;20,5;66;57;57;176;5;1,7;
2026/06/05;1700 UTC;0;997,1;998,1;997,1;2549,7;30,7;21;31,2;29,4;21,6;19,4;60;50;56;119;5,6;1,1;
2026/06/05;1800 UTC;0;996,2;997,1;996,2;2538,6;30,3;21;32;30,3;21,1;19;58;47;58;58;4;,4;
2026/06/05;1900 UTC;0;995,3;996,2;995,3;1740,4;31,7;19,5;32,2;29,6;21,7;17,9;63;44;48;114;3,6;1,2;
2026/06/05;2000 UTC;0;994,5;995,3;994,5;1779,1;32,1;19,9;32,2;30,7;21,2;17,6;53;43;49;87;3,5;,7;
2026/06/05;2100 UTC;0;993,8;994,5;993,8;1228,5;30,5;19,7;32,1;30,5;20,9;18,4;57;45;53;158;4,6;1,1;
2026/06/05;2200 UTC;0;993,6;993,8;993,6;275,3;26,8;20,9;30,6;26,8;21,3;19;71;50;70;52;3,1;,2;
2026/06/05;2300 UTC;0;994;994;993,6;5,5;24,7;21,4;26,8;24,7;21,6;20,7;82;69;82;25;1,5;0;
2026/06/06;0000 UTC;0;994,6;994,6;994;0;23,8;21,6;24,7;23,8;21,7;21,5;88;82;87;23;0;0;
2026/06/06;0100 UTC;0;995;995;994,6;0;23,4;21,5;23,8;23,4;21,7;21,5;90;87;89;21;0;0;
2026/06/06;0200 UTC;0;995,5;995,5;995;0;22,8;21,3;23,4;22,8;21,5;21,3;91;89;91;22;0;0;
2026/06/06;0300 UTC;0;995,8;995,8;995,5;0;22,5;21,2;22,8;22,4;21,3;21,2;93;91;93;20;,5;0;
2026/06/06;0400 UTC;0;995,6;995,8;995,6;0;22,1;21;22,5;22;21,2;20,9;94;93;94;24;,3;0;
2026/06/06;0500 UTC;0;995,4;995,7;995,4;0;21,7;20,8;22,1;21,7;21;20,7;94;93;94;25;0;0;
2026/06/06;0600 UTC;0;995,1;995,4;995,1;0;21,4;20,9;21,8;21,4;20,9;20,7;97;94;97;28;0;0;
2026/06/06;0700 UTC;0;994,8;995,1;994,8;0;21,3;20,8;21,4;21,2;20,9;20,7;97;96;97;21;0;0;
2026/06/06;0800 UTC;0;994,8;994,9;994,7;0;21;20,5;21,3;21;20,8;20,5;97;97;97;25;0;0;
2026/06/06;0900 UTC;0;995,1;995,1;994,7;0;20,7;20,3;21;20,7;20,5;20,3;97;97;97;21;0;0;
2026/06/06;1000 UTC;0;995,4;995,5;995,1;0;20,5;20,1;20,8;20,5;20,3;20;97;97;97;31;0;0;
2026/06/06;1100 UTC;0;995,7;995,7;995,4;7,2;20,6;20,2;20,7;20,4;20,3;20;97;97;97;19;0;0;
2026/06/06;1200 UTC;0;996,2;996,2;995,7;127,4;22,5;21,3;22,5;20,6;21,7;20,2;97;93;93;178;1,9;,6;
2026/06/06;1300 UTC;0;996,7;996,8;996,2;1114,1;25,7;21,3;25,7;22,5;22,3;21,2;93;77;77;208;2,3;1,2;
2026/06/06;1400 UTC;0;996,6;996,8;996,6;1885;28,4;21,2;28,4;25,7;22,4;20,6;79;63;65;171;3,4;1,4;
2026/06/06;1500 UTC;0;996,4;996,6;996,4;2249,8;30,2;20,6;30,5;28,4;22,1;20;68;55;56;149;4,3;1,3;
2026/06/06;1600 UTC;0;995,9;996,4;995,9;1871,3;29,7;22;30,9;29,5;22,6;19,7;66;53;63;34;4,5;,1;
2026/06/06;1700 UTC;0;995;995,9;995;965,6;28,7;20,9;30,9;28,7;22,7;20,6;69;55;63;85;3,2;,6;
2026/06/06;1800 UTC;0;994,1;995;994,1;1468,6;30,9;20,9;31,4;28,6;22,7;20,6;70;53;55;188;3,9;1,9;
2026/06/06;1900 UTC;0;993;994,1;993;1859,8;31,4;20,7;31,9;29,7;22,7;19,9;66;51;53;68;3,9;,5;
2026/06/06;2000 UTC;0;992,3;993;992,3;1879,6;32,1;21,4;32,2;30,7;22,4;20,1;61;50;53;59;3,7;,6;
2026/06/06;2100 UTC;0;992;992,3;992;551,8;28,1;22,2;32,5;28,1;23;19,9;71;49;70;71;2,9;,4;
2026/06/06;2200 UTC;0;992,4;992,4;992;105,1;26,3;22,6;28,1;26,3;23;22,2;81;70;81;24;2;0;
2026/06/06;2300 UTC;0;993;993;992,4;5;25,8;21,6;26,4;25,6;22,7;21,1;82;74;77;188;3,6;,7;
2026/06/07;0000 UTC;0;993,3;993,3;992,9;0;24,3;21,8;25,8;24,3;22,1;21,3;86;77;86;27;2,1;0;
2026/06/07;0100 UTC;0;993,9;993,9;993,2;0;24,1;22,3;24,3;24;22,4;21,7;90;86;90;22;,3;0;
2026/06/07;0200 UTC;0;994,4;994,4;993,9;0;23,6;22,1;24,1;23,6;22,4;22;91;90;91;23;0;0;
2026/06/07;0300 UTC;0;994,5;994,8;994,4;0;24,4;22,1;24,9;23,5;22,5;22;92;85;87;22;5,1;1,4;
2026/06/07;0400 UTC;0;994,2;994,6;994,2;0;23,8;21,8;24,4;23,8;22,2;21,7;89;87;89;28;3;,5;
2026/06/07;0500 UTC;0;993,8;994,3;993,8;0;23,1;21,4;23,8;23,1;21,9;21,4;90;89;90;9;2;,5;
2026/06/07;0600 UTC;0;993,4;993,8;993,4;0;22,3;21,1;23,1;22,1;21,4;20,9;93;90;93;20;1,3;0;
2026/06/07;0700 UTC;0;993,1;993,4;993,1;0;21,7;20,8;22,3;21,7;21;20,7;95;93;95;15;,7;0;
2026/06/07;0800 UTC;0;993,3;993,3;993,1;0;21,6;21;21,8;21,5;21,2;20,7;97;95;96;27;,4;0;
2026/06/07;0900 UTC;0;993,6;993,7;993,2;0;21,5;21;21,6;21,3;21,1;20,7;97;96;97;11;0;0;
2026/06/07;1000 UTC;0;994,1;994,1;993,6;0;21,4;20,9;21,6;21,3;21,1;20,8;97;97;97;22;0;0;
2026/06/07;1100 UTC;0;994,6;994,6;994,1;7,1;21,5;21;21,5;21,3;21;20,8;97;97;97;24;0;0;
2026/06/07;1200 UTC;0;995,5;995,5;994,6;75,6;22,4;21,3;22,4;21,5;21,7;21;97;94;94;23;0;0;
2026/06/07;1300 UTC;0;996,3;996,3;995,5;174,8;23;21,5;23;22,4;21,6;21,2;94;91;92;359;1,1;,1;
2026/06/07;1400 UTC;0;996,5;996,5;996,3;520,7;24,6;22,3;24,6;22,9;22,8;21,4;92;87;87;10;1,1;0;
2026/06/07;1500 UTC;0;996,1;996,5;996,1;1101,5;26,3;21,7;26,5;24,6;22,6;21,7;87;76;76;355;2,7;1,2;
2026/06/07;1600 UTC;0;995,6;996,1;995,6;1209,6;27;21,5;27,2;26,2;22,6;20,6;77;69;72;342;2,7;1,3;
2026/06/07;1700 UTC;0;994,8;995,6;994,8;813,5;27,2;21,9;27,2;26,6;22,1;21;75;71;73;353;3;1,2;
2026/06/07;1800 UTC;0;993,9;994,8;993,9;1138,1;27,9;21,7;28,1;27,2;22,3;21,2;73;67;69;339;2,9;1,1;
2026/06/07;1900 UTC;0;993;993,9;993;1343,5;28,7;21,2;29,2;27,9;22,4;20,8;72;61;64;331;2,8;,6;
2026/06/07;2000 UTC;0;992,3;993;992,3;664;27,9;22,3;28,8;27,9;22,5;21,4;72;64;72;359;1,8;,3;
2026/06/07;2100 UTC;0;991,8;992,3;991,8;556,7;28,8;21,5;28,8;27,8;22,6;21,1;72;65;65;357;2;,5;
2026/06/07;2200 UTC;0;991,9;991,9;991,7;321,1;26,2;23,2;28,8;26,2;23,3;21,2;83;65;83;22;2;0;
2026/06/07;2300 UTC;0;992,3;992,3;991,9;9,3;24,4;22,8;26,2;24,4;23,2;22,8;91;83;91;23;,1;0;
2026/06/08;0000 UTC;0;992,9;992,9;992,3;0;24;22,7;24,4;24;22,8;22,6;93;91;93;26;0;0;
2026/06/08;0100 UTC;0;993,6;993,6;992,9;0;24;22,8;24;23,8;22,8;22,6;93;93;93;24;0;0;
2026/06/08;0200 UTC;0;994,6;994,6;993,6;0;24;22,9;24,1;23,9;22,9;22,7;94;93;93;28;0;0;
2026/06/08;0300 UTC;0;994,7;994,7;994,5;0;24,2;22,9;24,3;24;23,1;22,9;94;93;93;26;,5;0;
2026/06/08;0400 UTC;0;994,6;994,7;994,5;0;24,1;22,9;24,2;23,9;22,9;22,8;93;92;93;17;0;0;
2026/06/08;0500 UTC;0;994,5;994,6;994,4;0;23,8;22,8;24,1;23,7;22,9;22,7;94;93;94;28;0;0;
2026/06/08;0600 UTC;0;994,4;994,6;994,4;0;23,9;22,8;23,9;23,7;23,1;22,8;96;94;94;24;,7;0;
2026/06/08;0700 UTC;0;994,2;994,4;994,1;0;23,4;22,8;23,9;23,3;22,8;22,5;96;94;96;18;0;0;
2026/06/08;0800 UTC;0;994,1;994,2;994,1;0;23,1;22,6;23,5;23,1;22,9;22,6;97;96;97;23;0;0;
2026/06/08;0900 UTC;0;994,4;994,4;994,1;0;22,8;22,4;23,1;22,8;22,6;22,3;97;97;97;28;0;0;
2026/06/08;1000 UTC;0;995,1;995,1;994,4;0;22,6;22,1;22,8;22,5;22,3;22,1;97;97;97;26;0;0;
2026/06/08;1100 UTC;0;995,8;995,8;995,1;11,1;22,9;22,5;23;22,4;22,5;22;97;97;97;26;0;0;
2026/06/08;1200 UTC;0;996,6;996,6;995,8;211,5;25,1;23,6;25,3;22,9;24;22,4;97;91;91;33;,3;0;
2026/06/08;1300 UTC;0;997,3;997,3;996,6;1015,1;28,5;24,4;28,5;25;24,4;22,6;91;75;78;27;1,3;,3;
2026/06/08;1400 UTC;0;997,7;997,7;997,3;1407;28,7;23,4;29,6;28;24,3;22,3;78;68;73;7;1,9;,3;
2026/06/08;1500 UTC;0;997,5;997,7;997,5;1377,7;29,5;22,5;30,1;28,1;23,9;22,2;76;65;66;355;2,4;,7;
2026/06/08;1600 UTC;0;996,8;997,5;996,8;1519,3;30,1;22,1;30,3;28,3;23,8;21,6;76;62;62;320;2,9;1;
2026/06/08;1700 UTC;0;995,6;996,8;995,6;2321,3;30,7;22,2;30,9;29,9;22,6;21,6;65;59;60;39;4;,3;
2026/06/08;1800 UTC;1,8;994,3;995,6;994,3;1019;25,7;23,2;30,9;25,7;23,8;21,5;86;59;86;88;3,5;,4;
2026/06/08;1900 UTC;0;993,2;994,3;993,2;826,6;28,2;23,7;28,3;25,6;24,7;23,4;91;76;77;356;2,4;,3;
2026/06/08;2000 UTC;0;992,2;993,1;992,2;1318,9;30;23,2;30;27,5;25;22,6;84;66;67;285;4,7;1,3;
2026/06/08;2100 UTC;0;992,5;992,5;992,2;1218,4;30,2;23;30,4;29,1;23,9;22,4;72;63;65;346;4,7;,8;
2026/06/08;2200 UTC;0;993,4;993,6;992,5;222,3;24,5;20,9;30,2;24,5;23,9;20,8;81;65;80;53;8;1,1;
2026/06/08;2300 UTC;0;994,3;994,3;993,3;7,7;23,3;21,2;24,5;23,3;21,2;20,6;88;80;88;26;5,4;,1;
2026/06/09;0000 UTC;0;994,8;994,8;994,3;0;23;21,3;23,6;23;21,4;20,9;90;86;90;5;1,6;,2;
2026/06/09;0100 UTC;0;995,6;995,6;994,8;0;22,9;21,5;23,1;22,8;21,5;21,2;92;90;92;14;1,3;,1;
2026/06/09;0200 UTC;0;996,3;996,3;995,6;0;22,5;21,4;23,1;22,5;21,6;21,3;93;91;93;39;,9;0;
2026/06/09;0300 UTC;0;996,7;996,7;996,3;0;22,9;21,9;23,2;22,5;21,9;21,4;94;92;94;29;1,4;,3;
2026/06/09;0400 UTC;0;996,8;996,8;996,3;0;23,3;21,9;23,3;22,9;22;21,6;94;92;92;50;2,9;,7;
2026/06/09;0500 UTC;4,6;997,1;997,2;996,8;0;23,3;22,4;23,8;23,3;22,4;21,8;94;91;94;52;3,4;,9;
2026/06/09;0600 UTC;3;996,5;997,1;996,5;0;23;22,5;23,3;23;22,7;22,4;97;94;97;26;2,9;0;
2026/06/09;0700 UTC;14,6;996,2;996,5;996,2;0;22,1;21,6;23;22,1;22,5;21,6;97;96;97;44;2,3;,3;
2026/06/09;0800 UTC;18,8;996;996,2;995,6;0;22,1;21,6;22,2;21,9;21,7;21,4;97;97;97;351;2,4;,6;
2026/06/09;0900 UTC;32,8;996,2;996,6;996;0;21,7;21,2;22,2;21,7;21,7;21,2;97;97;97;71;2,1;,5;
2026/06/09;1000 UTC;7,8;996,7;996,7;996,1;0;21,4;20,9;21,7;21,4;21,2;20,9;97;97;97;59;3,6;,5;
2026/06/09;1100 UTC;8;997,3;997,5;996,7;2,4;21,4;20,9;21,5;21,2;21;20,7;97;97;97;72;2,5;,5;
2026/06/09;1200 UTC;0;997,6;997,6;997,3;140,6;21,8;21,3;21,8;21,4;21,3;20,9;97;97;97;53;3,8;,3;
2026/06/09;1300 UTC;0;997,8;997,8;997,6;353,7;22,6;22,2;22,6;21,8;22,2;21,3;97;97;97;82;3,3;,4;
2026/06/09;1400 UTC;0;998,2;998,2;997,8;835,8;24;21,2;24,1;22,6;22,3;21,1;97;84;84;206;3,5;1,7;
2026/06/09;1500 UTC;0;998,4;998,4;998,2;1104,7;24,9;22;25,4;24;22,7;21,2;87;82;84;244;5,1;2;
2026/06/09;1600 UTC;1,8;998,6;998,8;998,4;503,3;23,1;21,8;25,2;23;22,3;21,2;92;81;92;251;5;1,8;
2026/06/09;1700 UTC;1,2;997,8;998,6;997,8;781,8;23;21,5;23,3;22,8;22,1;21,2;94;91;91;227;6,7;2,4;
2026/06/09;1800 UTC;0;996,9;997,8;996,9;943,5;22,7;21,1;23;22,3;21,6;20,2;92;87;91;224;7,6;2,2;
2026/06/09;1900 UTC;,6;995,3;996,9;995,3;810,7;22,4;20,7;22,7;22,2;21,2;20,3;91;88;90;206;6,4;2,2;
2026/06/09;2000 UTC;0;994,9;995,3;994,9;905,8;23,2;20,7;23,3;22,4;21,3;20,5;91;86;86;154;5,7;1,3;
2026/06/09;2100 UTC;,2;995,4;995,4;994,8;208,1;22,6;21,3;23,5;22,6;21,4;20,9;92;86;92;21;2,8;,1;
2026/06/09;2200 UTC;3,2;996,2;996,2;995,4;25,9;21,9;20,9;22,6;21,9;21,2;20,8;94;92;94;44;2,3;,2;
2026/06/09;2300 UTC;3,6;996,5;996,6;996,2;,2;21,4;20,6;22;21,4;21,4;20,4;97;94;95;50;2,6;,2;
2026/06/10;0000 UTC;1,6;997,1;997,2;996,4;0;21,4;20,6;21,5;21,4;21;20,6;97;95;95;42;1,5;,1;
2026/06/10;0100 UTC;,4;997,8;997,8;997,1;0;21,5;21;21,7;21,4;21,2;20,6;97;95;97;28;1,6;0;
2026/06/10;0200 UTC;,6;997,9;998;997,8;0;21,7;21,2;21,7;21,5;21,2;21;97;97;97;40;1,3;,1;
2026/06/10;0300 UTC;1;998,1;998,2;997,9;0;21,6;21,1;21,8;21,6;21,3;21,1;97;97;97;46;2,6;1;
2026/06/10;0400 UTC;,2;997,3;998,1;997,3;0;21,4;20,9;21,6;21,4;21,1;20,9;97;97;97;51;3,8;1,2;
2026/06/10;0500 UTC;,2;996,5;997,4;996,5;0;21,4;21;21,5;21,4;21;20,9;97;97;97;52;4,6;,9;
2026/06/10;0600 UTC;,2;996,7;996,7;996,2;0;21,3;20,3;21,5;21,2;21;20,3;97;94;94;45;5,2;,8;
2026/06/10;0700 UTC;,2;996,7;996,7;996,2;0;21,2;20,5;21,3;21,1;20,6;20,2;96;94;95;360;3;,3;
2026/06/10;0800 UTC;1,4;996,5;996,9;996,5;0;21,1;20,6;21,3;21;20,7;20,4;97;95;97;31;1,3;0;
2026/06/10;0900 UTC;,2;996,7;996,8;996,5;0;21,1;20,7;21,3;21,1;20,8;20,6;97;97;97;27;1,2;0;
2026/06/10;1000 UTC;1;996,5;996,7;996,4;0;21,1;20,7;21,2;21,1;20,7;20,6;97;97;97;30;1,1;0;
2026/06/10;1100 UTC;0;996,7;997;996,5;2,1;21,2;20,7;21,3;21,1;20,8;20,7;97;97;97;38;,7;0;
2026/06/10;1200 UTC;0;996,8;997,2;996,7;104;21,5;21;21,6;21,2;21,1;20,7;97;97;97;48;2,3;,7;
2026/06/10;1300 UTC;0;997,4;997,7;996,8;503,8;22,2;20,8;22,2;21,5;21,5;20,5;97;91;92;21;4;,6;
2026/06/10;1400 UTC;0;997,4;997,4;997,2;684,3;22,9;20,7;22,9;22,1;20,9;20,3;92;86;88;48;2,7;,8;
2026/06/10;1500 UTC;0;996,9;997,4;996,9;1318,6;23,8;20,7;23,9;22,8;21,3;20,2;89;82;82;44;3;1,3;
2026/06/10;1600 UTC;,2;996,2;996,9;996,2;2384,3;25,7;21,1;25,8;23,8;21,6;20,5;85;76;76;26;4,2;1,6;
2026/06/10;1700 UTC;0;995,9;996,3;995,9;2077,2;26,6;21,5;26,6;25,4;21,7;20,9;78;73;74;24;4,2;1,7;
2026/06/10;1800 UTC;0;995;995,9;995;2044,6;26,7;21,3;27,3;26,4;22,1;20,8;74;69;72;23;5,7;2,5;
2026/06/10;1900 UTC;0;994;995;994;1696,9;26,7;20,5;27,1;26,3;21,7;20,4;75;68;69;22;5,7;2,1;
2026/06/10;2000 UTC;0;993,4;994;993,3;1344,4;26,9;21,1;27,7;26,4;21,9;20,2;74;68;71;31;5;1,6;
2026/06/10;2100 UTC;0;993,1;993,4;993,1;846,2;26,5;21,1;27,3;26,5;21,5;20,6;72;68;72;31;4,9;1,9;
2026/06/10;2200 UTC;0;993,3;993,3;993;203,2;25,3;21,4;26,7;25,3;21,7;20,7;79;71;79;23;5,5;1,5;
2026/06/10;2300 UTC;0;993,8;993,8;993,3;10,5;24,6;21,4;25,3;24,6;21,6;21,2;83;79;83;19;5,1;1,4;
2026/06/11;0000 UTC;0;993,9;994;993,8;0;24,1;21,5;24,6;24;21,7;21,2;85;82;85;34;4,2;,7;
2026/06/11;0100 UTC;0;994,2;994,3;993,9;0;23,7;21,5;24,2;23,7;21,8;21,3;88;85;87;19;1,5;,2;
2026/06/11;0200 UTC;0;994,3;994,4;994,1;0;22,6;21,4;23,7;22,6;21,5;21,3;93;87;93;22;1,4;0;
2026/06/11;0300 UTC;0;994,5;994,5;994,3;0;22,4;21,3;22,7;22,4;21,6;21,3;94;93;93;20;1;0;
2026/06/11;0400 UTC;0;994,4;994,5;994,3;0;22,2;21,2;22,5;22,2;21,4;21,2;94;93;94;26;0;0;
2026/06/11;0500 UTC;0;994,2;994,4;994,2;0;22,1;21,6;22,2;21,9;21,6;21,2;97;94;97;26;0;0;
2026/06/11;0600 UTC;0;993,5;994,2;993,5;0;21,7;21,2;22,1;21,6;21,6;21;97;96;97;23;,7;0;
2026/06/11;0700 UTC;0;993,3;993,5;993,3;0;21,7;21,2;21,7;21,4;21,3;20,9;97;97;97;24;,9;0;
2026/06/11;0800 UTC;0;993,1;993,3;993;0;21,6;21,1;21,8;21,2;21,3;20,7;97;97;97;29;1,4;,5;
2026/06/11;0900 UTC;0;993,2;993,3;993,1;0;21,6;21,1;21,7;21,4;21,2;20,9;97;97;97;35;2;,7;
2026/06/11;1000 UTC;0;993,4;993,4;993,1;0;21,4;20,9;21,6;21,3;21,1;20,8;97;97;97;22;2;,2;
2026/06/11;1100 UTC;0;994,2;994,2;993,4;5;21,3;20,8;21,4;21,2;20,9;20,7;97;97;97;32;1,5;,1;
2026/06/11;1200 UTC;0;994,9;994,9;994,2;150,3;21,6;21,1;21,7;21,3;21,2;20,8;97;97;97;42;1,8;,9;
2026/06/11;1300 UTC;0;995,9;995,9;994,9;529,7;23;22,5;23;21,6;22,5;21,1;97;97;97;43;2,7;1,2;
2026/06/11;1400 UTC;0;996,5;996,5;995,9;1033,6;24,9;21,9;24,9;23;22,9;21,6;97;84;84;23;4,3;1,8;
2026/06/11;1500 UTC;0;995,9;996,5;995,9;2339,6;27;21,7;27;24,9;22,2;21,4;84;72;73;20;4,7;2,3;
2026/06/11;1600 UTC;0;995,3;995,9;995,3;2585,4;28,3;21,8;28,5;26,7;22,7;21,1;74;67;68;29;5,3;1,8;
2026/06/11;1700 UTC;0;994,4;995,3;994,4;2938,1;28,9;21,9;29,4;28,3;22,6;21,4;69;64;66;38;4,9;1,6;
2026/06/11;1800 UTC;0;993,5;994,4;993,5;2708,6;29,8;20,8;30,4;28,9;22,8;20,8;67;58;59;26;5,3;2,1;
2026/06/11;1900 UTC;0;992,5;993,5;992,5;1568,2;29,4;21,3;30,3;29,1;22,2;20,7;64;58;62;32;5,3;1,5;
2026/06/11;2000 UTC;0;992;992,5;992;1672,3;30,3;20,8;30,5;29,3;22,2;20,5;65;56;57;14;5,1;2;
2026/06/11;2100 UTC;0;991,8;992;991,7;1218,7;30;21,6;30,5;29,8;21,7;20,6;61;56;61;15;5,4;2;
2026/06/11;2200 UTC;0;992;992;991,7;237,5;27,6;22,4;30;27,6;22,6;20,8;74;58;73;21;5,1;1;
2026/06/11;2300 UTC;0;992,7;992,7;992;5,7;24,7;22,9;27,7;24,7;23;22,2;90;72;90;24;3,2;0;
2026/06/12;0000 UTC;0;993,3;993,3;992,7;0;24;22,6;24,7;24;23;22,6;92;90;92;23;0;0;
2026/06/12;0100 UTC;0;994,2;994,2;993,3;0;23,4;22,3;24;23,4;22,6;22,3;93;92;93;26;0;0;
2026/06/12;0200 UTC;0;994,8;994,8;994,2;0;23,2;22,1;23,4;23,1;22,4;22,1;94;93;94;23;0;0;
2026/06/12;0300 UTC;0;994,6;994,8;994,6;0;22,8;22,1;23,2;22,7;22,1;21,8;96;94;96;20;0;0;
2026/06/12;0400 UTC;0;994,7;994,7;994,5;0;22,6;22,1;22,8;22,5;22,2;22;97;96;97;25;0;0;
2026/06/12;0500 UTC;0;994,5;994,7;994,5;0;22,4;21,9;22,6;22,3;22,1;21,9;97;97;97;22;0;0;
2026/06/12;0600 UTC;0;994,1;994,6;994,1;0;22,1;21,7;22,4;22,1;21,9;21,6;97;97;97;22;0;0;
2026/06/12;0700 UTC;0;993,7;994,1;993,7;0;22,1;21,7;22,2;22;21,7;21,6;97;97;97;26;0;0;
2026/06/12;0800 UTC;0;994;994;993,7;0;22,5;22;22,5;22,1;22;21,7;97;97;97;25;0;0;
2026/06/12;0900 UTC;0;994,3;994,3;994;0;22,6;22,1;22,6;22,5;22,1;22;97;97;97;22;0;0;
2026/06/12;1000 UTC;0;994,9;994,9;994,3;0;22,6;22,1;22,6;22,5;22,1;22;97;97;97;20;0;0;
2026/06/12;1100 UTC;0;995,4;995,5;994,9;10,8;22,7;22,2;22,7;22,6;22,2;22,1;97;97;97;27;0;0;
2026/06/12;1200 UTC;0;996,3;996,3;995,4;252,7;24,8;22,7;24,8;22,7;23,1;22,2;97;88;88;17;,7;0;
2026/06/12;1300 UTC;0;996,9;996,9;996,3;1082,6;27,4;23,2;27,7;24,8;23,9;22,6;88;77;78;17;1,5;,3;
2026/06/12;1400 UTC;0;997;997;996,9;1874,8;29,1;22,6;29,2;27;23,5;22,4;80;68;68;351;2,5;,8;
2026/06/12;1500 UTC;0;996,7;997,1;996,7;2222,1;29,5;21,9;29,9;28,7;23,3;21,6;71;62;64;359;5,1;1,8;
2026/06/12;1600 UTC;0;995,9;996,7;995,9;2372,8;30,5;22,1;30,5;29,1;22,9;21,5;67;60;61;2;5,1;2,1;
2026/06/12;1700 UTC;0;995,1;995,9;995,1;2551,6;31,4;21,9;31,5;30,1;22,9;21,2;63;56;57;10;5,6;2,2;
2026/06/12;1800 UTC;0;994;995,1;994;2592,6;30,8;22;31,8;30,4;22,7;20,8;62;54;60;6;6;1,7;
2026/06/12;1900 UTC;0;993,1;994;993,1;1236,8;29,7;22,7;31,1;29,7;23;21,4;67;56;66;353;4,3;,9;
2026/06/12;2000 UTC;0;992,3;993,1;992,3;1078,6;30,3;22,5;30,5;28,2;23,8;22,2;73;62;63;3;4,6;1,2;
2026/06/12;2100 UTC;0;992,2;992,3;992,2;1047,2;30;21,8;30,4;29,3;23,3;21,6;68;60;61;23;4,9;1,4;
2026/06/12;2200 UTC;0;992,3;992,3;992,1;218,3;27,2;23,3;30;27,2;23,8;21,7;79;61;79;22;3,2;,1;
2026/06/12;2300 UTC;0;992,8;992,8;992,3;4,8;25,4;23,6;27,2;25,4;23,7;23,1;90;79;90;25;1,3;0;
2026/06/13;0000 UTC;0;993,5;993,5;992,8;0;24,8;23,4;25,4;24,8;23,6;23,4;92;90;92;23;0;0;
2026/06/13;0100 UTC;0;994,3;994,3;993,5;0;24,4;23,2;24,9;24,4;23,5;23,1;93;92;93;17;0;0;
2026/06/13;0200 UTC;0;995;995;994,3;0;24,1;23,3;24,4;24,1;23,3;23,1;95;93;95;23;0;0;
2026/06/13;0300 UTC;0;995,5;995,5;995;0;24;23,4;24,2;23,9;23,6;23,2;97;95;97;22;0;0;
2026/06/13;0400 UTC;0;995,3;995,5;995,2;0;23,5;23;24;23,5;23,3;23;97;96;97;28;0;0;
2026/06/13;0500 UTC;0;995;995,3;995;0;23,3;22,8;23,5;23,3;23;22,8;97;97;97;28;0;0;
2026/06/13;0600 UTC;0;994,7;995;994,7;0;23,1;22,6;23,3;23,1;22,8;22,6;97;97;97;27;0;0;
2026/06/13;0700 UTC;0;994,2;994,7;994,2;0;23;22,5;23,2;23;22,7;22,5;97;97;97;23;0;0;
2026/06/13;0800 UTC;0;994,1;994,2;994,1;0;22,6;22,1;23;22,6;22,5;22,1;97;97;97;28;0;0;
2026/06/13;0900 UTC;0;994,5;994,5;994,1;0;22,3;21,8;22,6;22,3;22,1;21,8;97;97;97;27;0;0;
2026/06/13;1000 UTC;0;995,2;995,2;994,5;0;22,1;21,6;22,3;22;21,8;21,6;97;97;97;19;0;0;
2026/06/13;1100 UTC;0;995,5;995,5;995,2;6,2;22,2;21,7;22,2;22;21,7;21,6;97;97;97;24;0;0;
2026/06/13;1200 UTC;0;996,3;996,3;995,5;97,8;24,6;24,1;24,6;22,1;24,1;21,7;97;97;97;31;0;0;
2026/06/13;1300 UTC;0;997;997;996,3;1077,1;27,4;23,5;27,4;24,6;24,4;22,5;97;79;79;360;1,7;,5;
2026/06/13;1400 UTC;0;997,2;997,2;996,9;1868,3;29,3;24;29,4;27,3;24,5;23,1;81;71;73;326;2,5;1,1;
2026/06/13;1500 UTC;0;996,7;997,2;996,7;2018,8;30,5;23,5;30,6;28,5;24,5;23;77;65;66;332;3,2;1,2;
2026/06/13;1600 UTC;0;996,2;996,7;996,2;2252,3;30,9;22,7;31,1;29,8;24,2;22,6;69;61;62;360;4,9;1,3;
2026/06/13;1700 UTC;0;995,3;996,2;995,3;2633,5;31,2;22,4;31,7;30,4;23,7;22;64;58;60;17;4,9;2;
2026/06/13;1800 UTC;0;994,3;995,3;994,3;2494,9;31,8;22,2;32,3;31;23,5;22,1;62;56;57;2;6,5;2,2;
2026/06/13;1900 UTC;0;993,4;994,3;993,4;1648;31,8;22,2;32,3;31,2;23,5;21,8;62;55;57;13;4,9;1,8;
2026/06/13;2000 UTC;0;992,6;993,4;992,6;1374,4;31,6;22,9;32,2;30,9;24,3;22;67;57;60;25;4,1;1,1;
2026/06/13;2100 UTC;0;992,5;992,6;992,4;763,7;30,9;23;32,1;29,6;25;22,3;73;58;63;69;3,2;,5;
2026/06/13;2200 UTC;0;992,5;992,5;992,3;230,2;26,9;23;30,9;26,9;24,6;22,6;82;62;79;29;2;0;
2026/06/13;2300 UTC;0;993,1;993,1;992,5;6,1;26;23,9;27;25,9;23,9;23,1;88;79;88;23;1,2;0;
2026/06/14;0000 UTC;0;993,6;993,6;993,1;0;25;23,5;26;25;23,9;23,4;91;88;91;19;1,2;0;
2026/06/14;0100 UTC;0;994,3;994,3;993,6;0;24,7;23,4;25,1;24,6;23,6;23,4;93;91;93;20;0;0;
2026/06/14;0200 UTC;0;994,9;995;994,3;0;24,3;23,3;24,7;24,3;23,5;23,2;94;93;94;21;0;0;
2026/06/14;0300 UTC;0;995,1;995,1;994,9;0;24;23,3;24,4;24;23,6;23,1;96;94;96;18;0;0;
2026/06/14;0400 UTC;0;995;995,2;995;0;23,8;23,3;24;23,8;23,5;23,2;97;96;97;24;0;0;
2026/06/14;0500 UTC;0;994,9;995,1;994,8;0;23,6;23,1;23,9;23,5;23,3;22,9;97;97;97;21;0;0;
2026/06/14;0600 UTC;0;994,7;994,9;994,7;0;23,2;22,7;23,6;23,2;23,1;22,7;97;97;97;30;0;0;
2026/06/14;0700 UTC;0;994,2;994,7;994,1;0;23,2;22,7;23,2;23;22,7;22,6;97;97;97;29;,7;0;
2026/06/14;0800 UTC;0;994,3;994,3;994,1;0;22,9;22,4;23,2;22,9;22,7;22,4;97;97;97;28;0;0;
2026/06/14;0900 UTC;0;994,8;994,8;994,3;0;22,7;22,3;22,9;22,7;22,4;22,3;97;97;97;30;0;0;
2026/06/14;1000 UTC;0;995,4;995,4;994,8;0;22,6;22,1;22,8;22,5;22,3;22,1;97;97;97;28;0;0;
2026/06/14;1100 UTC;0;996,2;996,2;995,4;7,3;22,5;22;22,7;22,5;22,2;22;97;97;97;28;0;0;
2026/06/14;1200 UTC;0;997,2;997,2;996,2;104,4;24,3;23,8;24,3;22,5;23,8;22;97;97;97;106;1;,3;
2026/06/14;1300 UTC;0;997,9;997,9;997,2;1055,8;28;23,9;28,5;24,3;25;23,8;97;78;78;3;1,4;,3;
2026/06/14;1400 UTC;0;998,3;998,3;997,9;1846,2;29,7;24,9;29,8;28;25,2;23,7;81;73;76;12;3,2;,5;
2026/06/14;1500 UTC;0;998,2;998,4;998,2;2258,5;30,8;23,4;30,9;29,5;25,2;23,1;77;63;65;16;2,4;,8;
2026/06/14;1600 UTC;0;997,5;998,2;997,5;2363,8;32,1;23;32,1;30,1;24,5;22,5;69;59;59;346;2,4;,7;
2026/06/14;1700 UTC;0;996,8;997,5;996,8;2850,1;32,6;24,1;32,6;31,3;24,3;22,1;64;56;61;349;3;,9;
2026/06/14;1800 UTC;0;995,8;996,8;995,8;2597,5;32,3;22,2;33,3;31,6;24,2;22;63;54;56;42;2,4;,7;
2026/06/14;1900 UTC;0;994,7;995,8;994,7;1717,5;32,2;23,2;34;31;24,2;21,3;66;50;59;75;2,8;,6;
2026/06/14;2000 UTC;0;994;994,7;993,9;979,1;29;23,8;32,5;29;24,7;22,3;74;56;74;54;2,2;,6;
2026/06/14;2100 UTC;0;993,9;994;993,7;609,4;29,5;24,8;31;28,3;24,9;23,2;78;66;76;25;1,9;0;
2026/06/14;2200 UTC;0;994,1;994,1;993,9;289,8;28,7;24,8;30,2;28,7;25,6;24,4;80;72;79;26;0;0;
2026/06/14;2300 UTC;0;994,6;994,6;994,1;9,1;26,2;24;28,7;26,2;25,2;23,7;88;79;88;22;,6;0;
2026/06/15;0000 UTC;0;995,1;995,2;994,6;0;25,6;23,8;26,2;25,6;24,1;23,8;90;88;90;21;0;0;
2026/06/15;0100 UTC;0;995,9;995,9;995,1;0;25,3;24;25,6;25,3;24,1;23,8;92;90;92;23;0;0;
2026/06/15;0200 UTC;0;996,4;996,4;995,9;0;24,9;23,8;25,4;24,9;24;23,8;93;92;93;20;0;0;
2026/06/15;0300 UTC;0;996,3;996,4;996,2;0;24,9;24;25;24,8;24;23,8;95;93;95;23;0;0;
2026/06/15;0400 UTC;0;996,2;996,3;996,1;0;24,3;23,8;24,9;24,3;24;23,7;96;94;96;20;0;0;
2026/06/15;0500 UTC;0;996,2;996,2;996,1;0;24;23,5;24,4;24;23,8;23,4;97;96;97;26;0;0;
2026/06/15;0600 UTC;0;996;996,3;996;0;24;23,5;24,1;23,8;23,5;23,3;97;97;97;21;0;0;
2026/06/15;0700 UTC;0;995,9;996,1;995,9;0;23,9;23,3;24;23,9;23,5;23,3;97;97;97;30;1,1;0;
2026/06/15;0800 UTC;0;995,6;995,9;995,6;0;23,5;23;23,9;23,5;23,3;23;97;97;97;23;0;0;
2026/06/15;0900 UTC;0;995,7;995,7;995,6;0;23,2;22,7;23,6;23,1;23,1;22,6;97;97;97;27;0;0;
2026/06/15;1000 UTC;0;996,2;996,2;995,6;0;23,1;22,6;23,2;23;22,7;22,5;97;97;97;23;0;0;
2026/06/15;1100 UTC;0;996,7;996,7;996,1;6;22,9;22,4;23,1;22,9;22,6;22,4;97;97;97;19;0;0;
2026/06/15;1200 UTC;0;997,5;997,5;996,7;104,2;25,7;25,1;25,8;22,9;25,2;22,4;97;97;97;29;1;0;
2026/06/15;1300 UTC;0;997,8;997,8;997,5;1027;27,3;23,6;27,3;25,4;24,8;23,3;97;80;80;296;2,3;,8;
2026/06/15;1400 UTC;0;997,9;998;997,8;1829,3;30;24,5;30,5;27,3;25,4;23,1;82;69;72;6;2,1;,2;
2026/06/15;1500 UTC;0;997,8;997,9;997,7;2105,1;30,7;23,9;30,8;29,6;24,7;23,2;74;65;67;65;2,2;,3;
2026/06/15;1600 UTC;0;997,2;997,8;997,2;1070,2;29,5;25,1;31,4;29,3;25,6;23;79;64;77;45;1,4;,1;
2026/06/15;1700 UTC;0;996,3;997,2;996,3;1163,4;29,2;24,7;31,8;29,2;25,1;23;78;61;76;37;2,9;,1;
2026/06/15;1800 UTC;0;995;996,3;995;2302,5;33;23,8;33;28,9;25,4;22,4;80;56;59;340;2,4;1,3;
2026/06/15;1900 UTC;1,4;994,2;995,1;994,2;882,3;27,5;25;33,4;27,5;25,5;21,8;88;52;86;52;2,5;,8;
2026/06/15;2000 UTC;,2;993,3;994,2;993,3;1498,1;31,1;26,3;31,1;27,5;27;24,4;89;69;76;30;2,5;0;
2026/06/15;2100 UTC;0;993;;;1320,6;30,9;23,8;;;;;;;66;88;;,7;
2026/06/15;2200 UTC;0;993,1;993,2;993;405,3;26,7;22,2;31,2;26,7;25;20,9;77;65;76;48;4,4;,3;
2026/06/15;2300 UTC;0;994;994;993,1;13,2;25,5;22,9;26,7;25;23;21,9;87;75;86;51;2,8;,3;
2026/06/16;0000 UTC;0;994,5;994,6;994;0;25,4;23,6;25,8;25,4;23,6;23;90;85;90;43;3,2;,2;
2026/06/16;0100 UTC;0;995,4;995,4;994,5;0;25,6;23,8;25,7;25,4;23,9;23,6;91;89;90;68;2,5;,5;
2026/06/16;0200 UTC;0;995,9;996;995,4;0;25;22,9;25,6;25;23,8;22,9;90;88;88;95;4,1;,8;
2026/06/16;0300 UTC;0;996,2;996,2;995,9;0;24,5;22,6;25;24,5;22,9;22,5;90;88;89;98;4,1;1;
2026/06/16;0400 UTC;0;996,3;996,4;996,1;0;24,2;22,4;24,5;24,2;22,6;22,2;90;88;90;53;4,1;,2;
2026/06/16;0500 UTC;0;996,3;996,4;996,2;0;23,6;22,2;24,3;23,6;22,6;22,2;92;90;92;112;4,1;1;
2026/06/16;0600 UTC;0;996,2;996,4;996,2;0;23,1;21,9;23,6;23,1;22,2;21,8;93;91;93;77;4,1;,5;
2026/06/16;0700 UTC;0;996,5;996,5;996,1;0;22,2;21,3;23,1;22,2;21,9;21,2;94;93;94;85;4,1;,6;
2026/06/16;0800 UTC;0;996,3;996,5;996,2;0;22,1;21,5;22,2;22,1;21,6;21,1;97;94;96;85;3,4;,4;
2026/06/16;0900 UTC;,2;996,7;996,8;996,3;0;21,9;21,1;22,1;21,9;21,6;21,1;97;95;95;62;3;,4;
2026/06/16;1000 UTC;0;997,3;997,3;996,7;0;21,8;21;21,9;21,8;21,1;20,9;96;94;95;76;2,7;,5;
2026/06/16;1100 UTC;0;997,8;997,8;997,3;4,1;21,4;20,3;21,9;21,4;21;20,3;96;93;93;112;3,5;,8;
2026/06/16;1200 UTC;0;998,6;998,6;997,8;109,3;21,9;20,7;21,9;21,4;20,8;20,3;94;93;93;138;3,6;1,1;
2026/06/16;1300 UTC;0;999,1;999,1;998,6;310,8;22,6;20,9;22,6;21,9;21,1;20,7;93;90;90;46;3,6;,4;
2026/06/16;1400 UTC;0;999,1;999,2;999,1;524;23,6;21,2;23,6;22,6;21,4;20,8;91;86;86;89;3,1;,7;
2026/06/16;1500 UTC;0;998,9;999,2;998,9;503,5;23,6;21,2;23,7;23,1;21,5;20,8;89;85;86;125;5,1;,9;
2026/06/16;1600 UTC;0;998,5;999;998,5;542,9;24,2;21,1;24,3;23,6;21,5;20,7;87;83;83;66;3,1;,5;
2026/06/16;1700 UTC;0;997,7;998,5;997,7;592,4;24,1;21;24,4;23,9;21,6;20,8;85;82;83;144;4;1,1;
2026/06/16;1800 UTC;0;997,2;997,7;997,2;723,9;24,4;21,3;25,3;24,1;21,7;21;85;78;83;177;3,6;1,5;
2026/06/16;1900 UTC;0;995,8;997,2;995,8;664,5;25,5;21,5;25,5;24,4;21,9;21,2;84;79;79;73;3,3;,4;
2026/06/16;2000 UTC;0;995,1;995,8;995,1;450,6;25;21,5;25,7;25;22,2;21,4;83;79;81;154;3;1;
2026/06/16;2100 UTC;0;994,7;995,1;994,7;221,4;24,8;21,7;25,2;24,7;22,2;21,5;85;81;83;183;3,4;1,5;
2026/06/16;2200 UTC;0;994,9;994,9;994,7;56;24,1;22,1;24,8;24,1;22,2;21,7;89;83;89;95;3,4;,6;
2026/06/16;2300 UTC;0;995,5;995,5;994,9;,8;23,7;21,9;24,2;23,7;22,1;21,8;90;87;89;191;3,1;1,2;
2026/06/17;0000 UTC;0;996,2;996,3;995,5;0;23,3;21,7;23,7;23,3;21,9;21,7;92;89;91;130;3;,8;
2026/06/17;0100 UTC;0;996,5;996,6;996,2;0;22,9;21,7;23,3;22,8;21,7;21,5;93;90;93;34;2,9;,3;
2026/06/17;0200 UTC;0;996,7;996,7;996,5;0;22,9;21,6;22,9;22,8;21,7;21,6;93;92;92;184;3,1;1;
2026/06/17;0300 UTC;0;996,5;997;996,5;0;22,9;21,4;23;22,9;21,6;21,4;92;91;91;185;2,9;,9;
2026/06/17;0400 UTC;0;996,9;996,9;996,5;0;22,8;21,3;22,9;22,8;21,4;21,3;91;91;91;318;2,7;,5;
2026/06/17;0500 UTC;0;996,8;997;996,8;0;22,7;21,3;22,8;22,6;21,3;21,3;92;91;92;38;2,8;,1;
2026/06/17;0600 UTC;0;996,5;997;996,5;0;22,6;21,3;22,7;22,6;21,4;21,2;93;92;92;96;2,4;,4;
2026/06/17;0700 UTC;0;996,6;996,7;996,5;0;22,4;21,1;22,6;22,4;21,3;21,1;93;92;93;68;2,8;,3;
2026/06/17;0800 UTC;0;996,7;996,7;996,5;0;22,2;20,8;22,4;22,2;21,2;20,8;93;92;92;135;3;,9;
2026/06/17;0900 UTC;0;996,9;997;996,7;0;21,9;20,5;22,2;21,9;20,8;20,5;92;91;92;104;3,5;,5;
2026/06/17;1000 UTC;0;997,5;997,5;996,9;0;21,8;20,4;22;21,8;20,6;20,4;92;91;92;140;3,9;1,2;
2026/06/17;1100 UTC;0;997,9;997,9;997,5;1,3;21,5;20,3;21,8;21,5;20,4;20,2;93;92;93;126;4,7;,9;
2026/06/17;1200 UTC;0;998,9;998,9;997,9;74,6;21,7;20,4;21,7;21,5;20,4;20,2;93;91;92;190;4,1;1,1;
2026/06/17;1300 UTC;0;999,7;999,7;998,9;247,6;22,1;20,4;22,2;21,8;20,8;20,3;92;90;90;100;4,1;,9;
2026/06/17;1400 UTC;0;1000,1;1000,1;999,7;663,3;23,5;20,3;23,5;22,1;20,8;20;91;82;82;65;4,1;,5;
2026/06/17;1500 UTC;0;1000;1000,2;1000;653;23,4;20,4;23,6;22,8;20,8;19,9;86;81;83;67;3,7;,5;
2026/06/17;1600 UTC;0;999,6;1000;999,6;775,8;23,9;20,8;23,9;23,4;20,9;20,1;84;81;83;67;3,6;,6;
2026/06/17;1700 UTC;0;999,2;999,6;999,2;1010;24,3;20,6;24,7;23,7;21,1;20,2;84;79;80;121;2,8;,9;
2026/06/17;1800 UTC;0;998,4;999,2;998,4;863,1;24,6;20,8;25;23,9;21,3;20,3;82;77;79;159;2,8;,9;
2026/06/17;1900 UTC;0;997,7;998,4;997,7;581,8;24,7;21;24,9;24,6;21,5;20,5;82;77;80;43;2,5;,2;
2026/06/17;2000 UTC;0;997,2;997,7;997,2;555;24,7;21,1;24,8;24,5;21,4;20,6;82;78;80;285;2,4;,8;
2026/06/17;2100 UTC;0;996,9;997,2;996,9;291,5;24,1;21;24,9;24,1;21,3;20,6;84;78;83;175;3;1,1;
2026/06/17;2200 UTC;0;996,8;996,9;996,7;97;24;20,7;24,2;24;21,1;20,5;83;81;82;200;3,3;1,6;
2026/06/17;2300 UTC;0;996,9;996,9;996,7;9,2;22,5;20,7;24;22,5;21;20,6;90;81;90;28;3,9;0;
2026/06/18;0000 UTC;0;997;997,2;996,9;0;22,3;21,1;22,5;21,9;21,1;20,6;93;90;93;38;,8;0;
2026/06/18;0100 UTC;0;997,4;997,4;997;0;22,7;21,2;22,8;22,3;21,4;21,1;93;91;91;36;,9;0;
2026/06/18;0200 UTC;0;998,3;998,3;997,4;0;22;20,7;22,7;22;21,2;20,7;92;91;92;35;1,4;,1;
2026/06/18;0300 UTC;0;998,6;998,7;998,3;0;21,2;20,3;22;21,2;20,6;20,3;94;92;94;24;,8;0;
2026/06/18;0400 UTC;0;998,3;998,6;998,3;0;21,1;20,4;21,2;21,1;20,7;20,3;97;94;96;70;1,4;,2;
2026/06/18;0500 UTC;0;998,4;998,4;998,2;0;20,7;20,1;21,1;20,7;20,4;20,1;97;96;97;24;1,4;0;
2026/06/18;0600 UTC;0;997,8;998,4;997,8;0;20,4;19,9;20,7;20,4;20,2;19,9;97;97;97;22;0;0;
2026/06/18;0700 UTC;0;997,5;997,8;997,5;0;20,4;19,9;20,4;20,3;20;19,8;97;97;97;21;1;0;
2026/06/18;0800 UTC;0;997,6;997,6;997,4;0;20,2;19,7;20,4;19,9;19,9;19,5;97;97;97;16;,3;0;
2026/06/18;0900 UTC;0;997,8;997,8;997,5;0;20,2;19,8;20,2;19,8;19,8;19,4;97;97;97;245;2,2;,7;
2026/06/18;1000 UTC;0;997,6;997,8;997,5;0;20,2;19,7;20,2;20,1;19,8;19,6;97;97;97;161;2,9;,9;
2026/06/18;1100 UTC;0;997,8;997,8;997,5;2,7;20,1;19,7;20,2;20;19,7;19,5;97;97;97;146;4;1,1;
2026/06/18;1200 UTC;0;998,3;998,3;997,8;83;20,5;20;20,5;20,1;20;19,7;97;97;97;137;3,6;1,1;
2026/06/18;1300 UTC;0;998,9;999;998,3;240,2;21,1;20,7;21,1;20,5;20,7;20;97;97;97;188;3,7;1,5;
2026/06/18;1400 UTC;0;999;999,1;998,8;478,3;22;20,4;22;21,1;20,8;20,2;97;91;91;197;4;1,4;
2026/06/18;1500 UTC;0;998,9;999,2;998,8;781,9;23,2;20,6;23,3;22;21;20,2;91;85;86;162;3,5;,9;
2026/06/18;1600 UTC;0;998,8;998,9;998,7;708,2;23,1;20,7;23,7;22,9;21,1;20,4;87;84;86;204;3,9;1,5;
2026/06/18;1700 UTC;0;998,4;998,8;998,4;742,7;24,2;20,7;24,3;23,1;21,3;20,6;87;81;81;73;3,7;,5;
2026/06/18;1800 UTC;0;997,4;998,4;997,4;941,4;24,6;20,5;24,8;24,2;21,4;20,5;83;78;78;35;1,8;,3;
2026/06/18;1900 UTC;0;996,5;997,4;996,5;819,3;25,3;20,9;25,4;24,5;21,5;20,6;81;75;76;4;1,5;,4;
2026/06/18;2000 UTC;0;995,7;996,5;995,7;731,6;25,3;20,9;25,7;25,1;21,5;20,8;79;76;77;11;3,2;,5;
2026/06/18;2100 UTC;0;994,8;995,7;994,8;902,6;26,5;20,8;26,5;25,3;21,9;20,4;79;71;71;6;2,7;,6;
2026/06/18;2200 UTC;0;994,9;994,9;994,7;267,5;24,6;21,1;26,5;24,6;21,4;20,6;81;71;81;210;2,5;1,1;
2026/06/18;2300 UTC;0;995;995;994,8;7,8;22,5;21;24,6;22,5;21,3;21;92;81;92;27;2,3;0;
2026/06/19;0000 UTC;0;995,5;995,5;995;0;21,9;20,8;22,5;21,9;21,1;20,8;94;92;94;28;0;0;
2026/06/19;0100 UTC;0;995,9;995,9;995,5;0;21,6;21;21,9;21,5;21,2;20,6;97;94;96;29;0;0;
2026/06/19;0200 UTC;0;996,6;996,6;995,9;0;21,3;20,8;21,6;21,2;21;20,7;97;96;97;27;0;0;
2026/06/19;0300 UTC;0;996,5;996,7;996,5;0;21;20,5;21,4;21;20,9;20,5;97;97;97;23;0;0;
2026/06/19;0400 UTC;0;996,2;996,5;996,2;0;20,7;20,2;21;20,7;20,6;20,2;97;97;97;21;0;0;
2026/06/19;0500 UTC;0;996;996,2;996;0;20,4;19,9;20,8;20,3;20,3;19,8;97;97;97;29;0;0;
2026/06/19;0600 UTC;0;995,8;996;995,8;0;20,2;19,7;20,4;20,2;20;19,7;97;97;97;28;0;0;
2026/06/19;0700 UTC;0;995,6;995,8;995,6;0;20,2;19,7;20,2;20,1;19,7;19,6;97;97;97;32;0;0;
2026/06/19;0800 UTC;0;995,3;995,6;995,3;0;19,6;19,2;20,2;19,6;19,7;19,2;97;97;97;19;0;0;
2026/06/19;0900 UTC;0;995,3;995,3;995,1;0;19,5;19,1;19,8;19,5;19,4;19,1;97;97;97;17;0;0;
2026/06/19;1000 UTC;0;995,7;995,8;995,3;0;19,4;19;19,6;19,4;19,1;19;97;97;97;23;0;0;
2026/06/19;1100 UTC;0;996,4;996,4;995,7;5,7;19,2;18,8;19,4;19,1;19;18,7;97;97;97;108;0;0;
2026/06/19;1200 UTC;0;997,1;997,1;996,4;175;20,7;20,2;20,8;19,2;20,3;18,8;97;97;97;31;0;0;
2026/06/19;1300 UTC;0;997,6;997,6;997,1;1002,6;24,5;21,4;24,6;20,7;22,3;20,2;97;82;83;21;,9;0;
2026/06/19;1400 UTC;0;998;998;997,6;1808,5;26,8;20,9;27,3;24,4;22,7;20,9;84;69;70;16;1,7;,5;
2026/06/19;1500 UTC;0;997,9;998;997,9;2189,6;28,5;22,2;28,6;26,7;22,8;20,8;75;69;69;37;3,3;,4;
2026/06/19;1600 UTC;0;997,5;998;997,5;2254,5;28,8;21,7;29,6;28;22,9;21,5;71;64;66;33;4,3;1,2;
2026/06/19;1700 UTC;0;997,1;997,5;997;2162,7;29,7;21,8;30;28,7;23,1;21,4;68;62;63;5;3,9;1,5;
2026/06/19;1800 UTC;0;996,3;997,1;996,3;2040,2;30,7;21,3;30,9;29,6;22,9;20,7;65;54;57;15;5,3;1,9;
2026/06/19;1900 UTC;0;995,4;996,3;995,4;1968,6;31,1;21,8;31,3;29,8;22,3;20,6;63;55;58;8;5,3;2,3;
2026/06/19;2000 UTC;0;994,7;995,4;994,6;1836,9;31;21;31,2;30,3;22;20,7;59;55;55;26;4,7;1,7;
2026/06/19;2100 UTC;0;994,3;994,7;994,3;1157,1;30,6;21,1;31,4;30,5;21,8;20;59;52;57;353;4,7;1,1;
2026/06/19;2200 UTC;0;994,2;994,4;994,2;260,1;27,2;23,2;30,6;27,2;23,4;20,8;79;56;79;23;2,6;0;
2026/06/19;2300 UTC;0;994,7;994,7;994,1;8,3;25,1;23;27,2;25;23,3;22,9;88;79;88;28;,5;0;
2026/06/20;0000 UTC;0;995,5;995,5;994,7;0;24,1;22,5;25,1;24,1;23;22,5;91;88;91;23;0;0;
2026/06/20;0100 UTC;0;996,3;996,3;995,5;0;23,6;22,3;24,1;23,6;22,5;22,3;92;91;92;24;0;0;
2026/06/20;0200 UTC;0;997;997;996,3;0;23,5;22,3;23,6;23,3;22,3;22;93;92;93;26;,2;0;
2026/06/20;0300 UTC;0;997,2;997,3;997;0;22,9;22;23,5;22,9;22,4;21,9;94;93;94;24;0;0;
2026/06/20;0400 UTC;0;997,4;997,5;997,2;0;22,6;21,9;22,9;22,6;22,2;21,7;96;94;96;27;0;0;
2026/06/20;0500 UTC;0;997,2;997,4;997,2;0;22,5;22;22,6;22,3;22,1;21,8;97;95;97;22;,5;0;
2026/06/20;0600 UTC;0;997;997,3;997;0;22,1;21,6;22,5;22,1;22;21,6;97;97;97;21;,4;0;
2026/06/20;0700 UTC;0;996,6;997;996,6;0;21,9;21,5;22,1;21,9;21,6;21,5;97;97;97;26;,6;0;
2026/06/20;0800 UTC;0;996;996,6;996;0;21,5;21;22;21,5;21,5;21;97;97;97;29;0;0;
2026/06/20;0900 UTC;0;996,2;996,2;995,9;0;21,5;21,1;21,5;21,3;21,1;20,9;97;97;97;25;0;0;
2026/06/20;1000 UTC;0;996,5;996,5;996,2;0;21,2;20,7;21,5;21,2;21,1;20,7;97;97;97;28;0;0;
2026/06/20;1100 UTC;0;996,7;996,7;996,4;4,7;20,9;20,5;21,2;20,8;20,7;20,4;97;97;97;39;0;0;
2026/06/20;1200 UTC;0;997,5;997,5;996,7;104,6;23,6;23,1;23,7;20,9;23,1;20,5;97;97;97;41;2;,1;
2026/06/20;1300 UTC;0;998,1;998,2;997,5;996,1;26,2;23,4;26,6;23,1;23,9;22;97;83;85;41;1,5;,4;
2026/06/20;1400 UTC;0;998,3;998,4;998,1;1794,6;27,9;23;27,9;26,2;23,6;22,5;85;75;75;105;2,8;,9;
2026/06/20;1500 UTC;0;998,1;998,3;998;1546,1;26,7;22,7;29,1;26,7;24;22,6;79;70;79;130;6;1,7;
2026/06/20;1600 UTC;0;997,6;998,2;997,6;2041,1;26,4;22,5;28,9;26,4;23,6;22,2;80;69;79;182;7,3;2,9;
2026/06/20;1700 UTC;0;997;997,6;997;1878;25,1;21,8;27,5;24,5;23,5;21,4;85;74;82;184;7,3;2,7;
2026/06/20;1800 UTC;0;995,8;997;995,8;2245,5;26,2;21,5;26,6;24,8;22,1;21,3;83;74;75;153;6,8;1,8;
2026/06/20;1900 UTC;0;994,2;995,8;994,2;2292;27,2;21,6;27,6;26,1;22,1;21,3;77;70;72;184;5,5;2,4;
2026/06/20;2000 UTC;0;993,4;994,2;993,4;1605,8;27,6;21,1;28,4;27;22,7;21,1;74;67;68;116;5,5;1,1;
2026/06/20;2100 UTC;0;993,2;993,5;993,1;868;27,1;21,8;27,9;26,9;22,1;21,2;73;68;73;60;5;,4;
2026/06/20;2200 UTC;0;993;993,2;993;214,2;25,7;21,6;27,1;25,7;22,2;21,3;79;71;78;109;3,3;,6;
2026/06/20;2300 UTC;0;993,1;993,2;993;7,4;24,2;21,7;25,7;23,8;21,8;21,5;88;78;86;64;2,6;,4;
2026/06/21;0000 UTC;0;993,6;993,6;993;0;23,1;21,4;24,3;23,1;21,7;21,4;90;84;90;37;1,9;0;
2026/06/21;0100 UTC;0;994,3;994,3;993,6;0;22,4;21,1;23,1;22,4;21,4;21,1;92;90;92;29;,7;0;
2026/06/21;0200 UTC;0;994,5;994,5;994,2;0;22;20,9;22,4;22;21,1;20,8;94;92;94;30;,7;0;
2026/06/21;0300 UTC;0;994,6;994,7;994,3;0;21,7;20,8;22;21,7;20,9;20,7;95;93;94;26;,6;0;
2026/06/21;0400 UTC;0;994,8;994,8;994,5;0;21,4;20,8;21,7;21,4;21;20,6;97;94;96;28;,8;0;
2026/06/21;0500 UTC;0;994,3;994,8;994,3;0;21,1;20,6;21,4;21,1;20,9;20,5;97;96;97;30;,8;0;
2026/06/21;0600 UTC;0;994,1;994,4;994;0;20,9;20,4;21,2;20,9;20,7;20,4;97;97;97;31;1,1;0;
2026/06/21;0700 UTC;0;993,8;994,1;993,8;0;20,8;20,3;21,1;20,8;20,7;20,3;97;97;97;28;1,9;0;
2026/06/21;0800 UTC;0;993,9;994;993,8;0;20,9;20,4;21;20,6;20,5;20,1;97;97;97;28;,8;0;
2026/06/21;0900 UTC;0;994,2;994,2;993,9;0;20,6;20;20,9;20,6;20,4;20;97;97;97;62;1,8;,4;
2026/06/21;1000 UTC;0;995;995;994,2;0;20;19,2;20,6;20;20;19,1;97;94;95;34;1,8;0;
2026/06/21;1100 UTC;0;995,3;995,3;994,9;4,6;19,8;18,8;20,2;19,8;19,5;18,8;96;94;94;20;2,7;,2;
2026/06/21;1200 UTC;0;996,3;996,3;995,3;105,6;21,2;19,6;21,2;19,7;19,6;18,7;95;90;91;101;2,4;,6;
2026/06/21;1300 UTC;0;997;997;996,3;1012,9;22,9;19,7;23,2;20,9;20,1;19;91;80;82;59;2,1;,4;
2026/06/21;1400 UTC;0;997,2;997,3;997;1826,9;24,3;20,2;24,3;22,4;20,4;18,9;82;76;78;102;2,8;,7;
2026/06/21;1500 UTC;0;996,9;997,2;996,9;2197,4;25,6;20,1;26,3;24;21,8;19,5;78;70;72;37;2,4;,6;
2026/06/21;1600 UTC;0;996,1;996,9;996,1;2594,9;27,9;21,3;27,9;25,6;21,9;20,1;73;66;68;33;2,6;,8;
2026/06/21;1700 UTC;0;994,9;996,1;994,9;2603,7;29;21,6;29;27,5;22,3;20,8;71;64;64;8;2,9;,6;
2026/06/21;1800 UTC;0;994,1;994,9;994,1;2387,4;28,9;21,3;30;28,8;23,3;21,2;70;61;64;4;4;1,8;
2026/06/21;1900 UTC;0;993,3;994,1;993,3;1754,2;29,6;21,8;30,4;28,7;22,5;21,1;67;59;63;321;4;1,5;
2026/06/21;2000 UTC;0;992,6;993,3;992,6;1034,6;30,4;21,8;30,5;28,8;23;21,5;70;59;60;333;3,7;1,3;
2026/06/21;2100 UTC;0;992,4;992,7;992,4;1013,2;29,4;21,9;30,8;29,3;22,5;20,9;65;57;64;334;3,4;,8;
2026/06/21;2200 UTC;0;992,6;992,6;992,4;246,2;27,4;23;29,7;27,4;23,4;21,6;77;63;77;20;2,5;0;
2026/06/21;2300 UTC;0;992,6;992,6;992,5;7,4;24,9;23;27,4;24,9;23,2;22,9;89;77;89;23;,8;0;
2026/06/22;0000 UTC;0;993;993;992,6;0;24,2;22,7;24,9;24,2;23;22,7;92;89;91;23;0;0;
2026/06/22;0100 UTC;0;993,4;993,4;993;0;23,7;22,5;24,2;23,7;22,7;22,5;93;92;93;18;,7;,1;
2026/06/22;0200 UTC;0;993,7;993,7;993,4;0;23,4;22,2;23,9;23,4;22,6;22,2;93;92;93;28;,7;0;
2026/06/22;0300 UTC;0;993,6;993,8;993,6;0;22,9;22,1;23,4;22,9;22,2;22;95;93;95;22;0;0;
2026/06/22;0400 UTC;0;993,7;993,8;993,6;0;22,7;22,1;23;22,7;22,3;21,9;97;95;97;29;,2;0;
2026/06/22;0500 UTC;0;993,4;993,8;993,4;0;22,4;21,9;22,7;22,3;22,2;21,8;97;96;97;21;0;0;
2026/06/22;0600 UTC;0;993;993,4;993;0;22,3;21,8;22,4;22,1;21,9;21,7;97;97;97;359;,9;,1;
2026/06/22;0700 UTC;0;992,9;993;992,8;0;21,9;21,4;22,3;21,9;21,8;21,4;97;97;97;25;,9;0;
2026/06/22;0800 UTC;0;992,6;992,9;992,6;0;21,6;21,2;21,9;21,6;21,4;21,2;97;97;97;21;,9;0;
2026/06/22;0900 UTC;0;993;993;992,6;0;21,2;20,8;21,6;21,2;21,2;20,8;97;97;97;28;0;0;
2026/06/22;1000 UTC;0;993,6;993,6;993;0;21,2;20,8;21,3;21,1;20,8;20,6;97;97;97;23;0;0;
2026/06/22;1100 UTC;0;994,2;994,2;993,6;4,9;21,2;20,7;21,3;21;20,8;20,6;97;97;97;19;0;0;
2026/06/22;1200 UTC;0;995,3;995,3;994,2;99,3;23,8;23,3;23,8;21,2;23,3;20,7;97;97;97;29;0;0;
2026/06/22;1300 UTC;0;996;996;995,3;993,5;26,9;23,2;27;23,6;24,1;22,3;97;78;80;11;1,2;,2;
2026/06/22;1400 UTC;0;996,2;996,2;996;1826,1;29;23;29,1;26,7;24;22,2;80;67;70;12;1,9;,5;
2026/06/22;1500 UTC;0;996,1;996,3;996;2191,6;29,8;23;30;28,8;23,7;21,9;71;65;67;359;3,8;,9;
2026/06/22;1600 UTC;0;995,5;996,1;995,5;2529,9;30,4;22,1;30,8;29,5;23,5;21,7;69;59;61;357;5,6;2,3;
2026/06/22;1700 UTC;0;994,8;995,5;994,8;2151,1;30,7;21,8;31,6;30;23,2;21,4;65;58;59;356;5,6;1,3;
2026/06/22;1800 UTC;0;993,8;994,8;993,8;2159,5;31,1;21,8;31,9;30,3;22,8;21,3;63;55;58;333;5;1,8;
2026/06/22;1900 UTC;0;992,7;993,8;992,7;1816,2;31,3;21,9;32,3;31;23;21,3;61;53;57;353;4,8;2,1;
2026/06/22;2000 UTC;0;992,2;992,7;992,2;874,4;30,4;22,5;32,2;30,3;24,1;21,5;70;55;63;5;4,6;,9;
2026/06/22;2100 UTC;0;992,2;992,3;992;742,2;31,5;22,2;31,8;30;24,4;22,2;72;58;58;1;2,7;,5;
2026/06/22;2200 UTC;0;992,3;992,3;992,2;240,9;27,4;24,2;31,5;27,4;24,6;21,8;83;57;83;26;2,3;0;
2026/06/22;2300 UTC;0;992,8;992,8;992,3;7,4;26,4;23,2;28,5;26,4;24,3;23;85;74;83;33;3,6;,2;
2026/06/23;0000 UTC;0;993,3;993,3;992,8;0;24,8;23,1;26,4;24,8;23,4;23,1;90;83;90;39;1,8;0;
2026/06/23;0100 UTC;0;993,7;993,7;993,3;0;24,4;22,7;25;24,4;23,3;22,7;91;90;90;28;1;0;
2026/06/23;0200 UTC;0;994,2;994,2;993,7;0;23,9;22,6;24,5;23,8;22,7;22,4;92;90;92;22;,6;0;
2026/06/23;0300 UTC;0;994,3;994,4;994,1;0;23,5;22,3;23,9;23,5;22,6;22,3;93;92;93;23;0;0;
2026/06/23;0400 UTC;0;994,3;994,3;994,1;0;23,3;22,3;23,5;23,3;22,5;22,3;94;93;94;22;0;0;
2026/06/23;0500 UTC;0;994,4;994,4;994,2;0;23,1;22,5;23,3;22,9;22,5;22,1;97;94;97;17;,4;0;
2026/06/23;0600 UTC;0;994,1;994,5;994,1;0;23;22,4;23,2;22,9;22,7;22,2;97;96;97;26;0;0;
2026/06/23;0700 UTC;0;993,7;994,1;993,7;0;23,3;22,7;23,3;23;22,7;22,5;97;96;97;19;0;0;
2026/06/23;0800 UTC;0;993,3;993,7;993,2;0;23,4;22,7;23,4;23,3;22,8;22,6;97;96;96;36;0;0;
2026/06/23;0900 UTC;0;993,6;993,6;993,3;0;23,4;22,8;23,4;23,3;22,9;22,6;97;96;96;30;0;0;
2026/06/23;1000 UTC;0;994,2;994,2;993,6;0;23,4;22,9;23,4;23,3;22,9;22,6;97;96;97;23;0;0;
2026/06/23;1100 UTC;0;994,7;994,7;994,2;6,9;23,1;22,5;23,4;23,1;22,9;22,4;97;96;97;29;0;0;
2026/06/23;1200 UTC;0;995,5;995,5;994,6;159,5;24;22,8;24;23;23,1;22,5;97;93;93;34;,9;0;
2026/06/23;1300 UTC;0;995,9;996;995,5;646,1;26,2;22,9;26,5;24;23,5;22,7;93;81;82;36;1,4;,4;
2026/06/23;1400 UTC;0;996,3;996,3;995,9;703,6;26,6;23,1;26,6;26,1;23,4;22,5;83;80;81;17;2,8;,3;
2026/06/23;1500 UTC;0;995,8;996,3;995,8;1346,4;28,9;23,7;28,9;26,5;24,2;22,7;82;73;73;20;2,6;1,1;
2026/06/23;1600 UTC;0;995,2;995,8;995,2;2170,6;30,1;22,7;30,4;28,8;23,9;22,7;74;65;65;19;5,6;1,2;
2026/06/23;1700 UTC;0;994;995,2;994;2898,6;31,2;23,1;31,4;29,9;23,8;22,6;68;61;62;7;5,6;1,1;
2026/06/23;1800 UTC;0;992,8;994;992,8;1598,4;30,3;22,3;31,8;30,2;23,2;21,3;66;56;62;353;3,9;,8;
2026/06/23;1900 UTC;0;991,2;992,8;991,2;1872,2;32;20,9;32,1;30;24,7;20,6;71;51;52;15;2,7;,5;
2026/06/23;2000 UTC;0;990,6;991,2;990,6;1817;32;21,9;32,4;31,2;23,3;20,9;60;52;55;1;3,6;,9;
2026/06/23;2100 UTC;0;990,5;990,6;990,4;1043,9;32;22,1;32,7;31,4;23,1;21;61;51;56;343;2,8;,9;
2026/06/23;2200 UTC;0;991;991;990,5;245,5;27,7;23,6;32,1;27,7;24,2;21,5;79;54;79;23;2,6;0;
2026/06/23;2300 UTC;0;991,9;991,9;991;5,3;25,9;23,8;27,6;25,9;24,2;23,6;88;79;88;25;0;0;
2026/06/24;0000 UTC;0;992,5;992,5;991,9;0;25,3;23,7;25,9;25,3;23,8;23,5;91;88;91;22;0;0;
2026/06/24;0100 UTC;0;993,2;993,2;992,5;0;24,6;23,1;25,4;24,6;23,7;23,1;91;90;91;85;2,1;,4;
2026/06/24;0200 UTC;0;994,3;994,3;993,2;0;24,3;22,4;25;24,3;23,4;22,4;92;89;89;117;5,1;1;
2026/06/24;0300 UTC;0;995,1;995,1;994,3;0;23,3;21,4;24,3;23,3;22,5;21,4;90;88;89;77;4,9;,7;
2026/06/24;0400 UTC;0;995,3;995,4;995;0;22,4;20,8;23,3;22,4;21,5;20,8;91;89;91;70;5,2;,7;
2026/06/24;0500 UTC;0;995,2;995,3;995;0;21,7;19,8;22,4;21,7;20,9;19,8;91;89;89;162;4,9;1,8;
2026/06/24;0600 UTC;0;994,9;995,3;994,7;0;20,6;19,1;21,7;20,6;19,9;19,1;91;89;91;159;6,8;1,9;
2026/06/24;0700 UTC;0;995,3;995,4;994,9;0;19,8;18,4;20,6;19,8;19,2;18,4;92;91;92;158;5,8;1,6;
2026/06/24;0800 UTC;0;995,2;995,3;995,1;0;19,1;17,9;19,8;19,1;18,5;17,9;93;91;93;135;6,1;1;
2026/06/24;0900 UTC;0;996;996;995,2;0;18,2;17,2;19,1;18,2;17,9;17,2;95;93;94;120;6,1;1,1;
2026/06/24;1000 UTC;0;996,5;996,5;996;0;18,3;17;18,3;18,2;17,2;16,9;94;92;92;79;5,5;,6;
2026/06/24;1100 UTC;0;996,9;997,1;996,5;,4;18,2;16,8;18,4;18,1;17;16,7;92;91;92;82;3,8;,8;
2026/06/24;1200 UTC;0;998;998;996,9;47,7;18,3;16,5;18,3;18;16,8;16,3;92;89;89;86;5,1;,7;
2026/06/24;1300 UTC;0;999;999;998;196,9;18,1;16,6;18,5;18,1;16,7;16,4;91;88;91;127;4,2;1,1;
2026/06/24;1400 UTC;0;999,2;999,5;999;172,2;17,8;16,7;18,2;17,8;16,7;16,4;93;90;93;132;4,9;1,3;
2026/06/24;1500 UTC;0;999,1;999,2;999;319,9;17,5;16,2;18;17,5;16,9;16,1;94;91;92;180;5,4;2,3;
2026/06/24;1600 UTC;0;998,8;999,2;998,8;402,1;17,7;16,2;18,2;17,3;16,7;15,9;92;88;91;134;8,5;1,8;
2026/06/24;1700 UTC;0;998;998,9;998;433,9;18,1;15,8;18,1;17,6;16,3;15,6;91;86;86;113;8,5;,9;
2026/06/24;1800 UTC;0;997,1;998;997,1;907,3;18,1;15,3;19,7;18;16,7;15,1;87;78;84;140;6,9;1,3;
2026/06/24;1900 UTC;0;996,4;997,1;996,4;291,5;17,9;15,3;18,1;17,6;15,7;15,1;87;84;85;120;6,6;1;
2026/06/24;2000 UTC;0;996,1;996,5;996;233,4;17,4;15,1;17,9;16,8;15,4;14,9;90;85;86;162;6,1;1,5;
2026/06/24;2100 UTC;,8;996,2;996,3;996,1;110,6;16,2;14,8;17,4;16,2;15,1;14,5;91;86;91;181;6,6;2;
2026/06/24;2200 UTC;1;996,6;996,6;996;148,2;16,2;14,9;16,4;16,1;15,2;14,7;93;91;92;174;6;1,4;
2026/06/24;2300 UTC;0;996,7;996,7;996,4;2,7;15,8;14,6;16,2;15,8;14,9;14,5;93;91;92;77;5,1;,3;
2026/06/25;0000 UTC;0;997,1;997,1;996,7;,1;15,6;14,1;16;15,6;14,7;14;93;90;90;176;6;1,9;
2026/06/25;0100 UTC;0;998,2;998,2;997,1;0;15,3;13,8;15,7;15,3;14,2;13,8;91;90;91;188;5,7;2,5;
2026/06/25;0200 UTC;0;998,7;998,7;998,2;0;15;13,6;15,3;15;13,9;13,5;92;91;91;142;5,9;1,3;
2026/06/25;0300 UTC;0;998,4;998,7;998,4;0;14,5;13,4;15;14,5;13,7;13,3;93;91;93;180;4,9;1,6;
2026/06/25;0400 UTC;0;998,2;998,5;998,2;0;14,6;13,1;14,6;14,5;13,5;13,1;94;91;91;124;4,8;1,1;
2026/06/25;0500 UTC;0;998,2;998,3;997,9;0;14,5;13,1;14,6;14,5;13,3;13;92;90;91;81;4,4;,6;
2026/06/25;0600 UTC;0;997,8;998,2;997,8;0;14,2;13,1;14,5;14,1;13,2;13;94;91;94;61;4,6;,4;
2026/06/25;0700 UTC;0;997,6;997,8;997,5;0;14,1;13,1;14,2;14,1;13,2;13;94;93;94;107;3,7;,6;
2026/06/25;0800 UTC;0;997,5;997,7;997,3;0;13,9;12,7;14,1;13,7;13,2;12,7;95;93;93;160;4,9;1,3;
2026/06/25;0900 UTC;0;997,9;997,9;997,5;0;14;12,8;14,1;13,9;12,9;12,7;93;92;93;103;4,8;,7;
2026/06/25;1000 UTC;0;998,2;998,3;997,9;0;14;12,9;14,1;13,9;12,9;12,7;93;92;93;177;3,1;,9;
2026/06/25;1100 UTC;0;998,5;998,5;998,2;1,2;14;12,9;14;13,7;13;12,8;95;93;93;150;3,8;1;
2026/06/25;1200 UTC;0;999,1;999,1;998,5;84,2;14,1;13;14,2;13,9;13;12,7;93;92;93;114;4,5;,9;
2026/06/25;1300 UTC;0;1000,2;1000,2;999,1;170,9;14,5;13,1;14,5;14,1;13,3;13;94;92;92;156;3,8;1,5;
2026/06/25;1400 UTC;0;1000,5;1000,5;1000,2;289,9;15,1;13,6;15,1;14,5;13,6;13;92;90;91;193;3,7;1;
2026/06/25;1500 UTC;0;1000,3;1000,6;1000,3;597,1;15,8;13,5;16,1;15;14,1;13,3;91;86;86;194;3,6;1,3;
2026/06/25;1600 UTC;0;999,5;1000,3;999,5;946,4;16,8;13,9;17,2;15,8;14,4;13,6;87;81;83;208;3,6;1,4;
2026/06/25;1700 UTC;0;998,4;999,5;998,4;1456,6;18,7;14,9;19,1;16,8;15,4;13,9;84;76;79;50;3,4;,7;
2026/06/25;1800 UTC;0;997,7;998,4;997,7;1300,7;18,8;15,8;19,5;18,6;15,8;14,7;83;76;82;202;2,8;1,5;
2026/06/25;1900 UTC;0;996,9;997,7;996,9;1411,3;19,3;15,6;19,5;18,4;16,1;15,1;83;78;79;180;3,4;1,4;
2026/06/25;2000 UTC;0;996,5;996,9;996,4;1707,4;20,8;16;21,2;19,3;16,9;15,4;80;74;74;116;3,1;,6;
2026/06/25;2100 UTC;0;996,3;996,5;996,2;695,2;20,1;16,5;21,2;20,1;17,2;16,1;81;74;80;162;2,4;1;
2026/06/25;2200 UTC;0;996,9;996,9;996,3;259,3;19,3;16,7;20,2;19,3;17;16,3;85;80;85;187;2,8;1;
2026/06/25;2300 UTC;0;997,6;997,6;996,9;8,4;18,6;16,9;19,4;18,6;17,1;16,7;90;85;90;84;2,3;,4;
2026/06/26;0000 UTC;0;998;998;997,6;0;18,2;16,9;18,6;18,2;17;16,8;93;90;92;32;1,3;0;
2026/06/26;0100 UTC;0;998,7;998,7;998;0;17,9;16,9;18,2;17,9;17;16,8;94;92;93;39;1,3;0;
2026/06/26;0200 UTC;0;999,4;999,4;998,7;0;18,6;17,3;18,6;17,9;17,5;16,9;94;92;92;38;,7;0;
2026/06/26;0300 UTC;0;999,4;999,5;999,4;0;18,6;17,2;18,9;18,6;17,3;17,1;92;89;91;38;1,5;,1;
2026/06/26;0400 UTC;0;999,5;999,5;999,4;0;18,9;17,3;18,9;18,5;17,4;17,1;92;90;91;43;1,9;,1;
2026/06/26;0500 UTC;0;999,4;999,6;999,4;0;18,9;17,6;18,9;18,8;17,6;17,3;92;90;92;32;1,4;0;
2026/06/26;0600 UTC;0;999;999,4;999;0;18,9;17,6;18,9;18,7;17,7;17,4;93;92;92;26;,7;0;
2026/06/26;0700 UTC;0;998,5;999;998,5;0;19;17,6;19;18,8;17,8;17,6;93;92;92;209;1,9;,7;
2026/06/26;0800 UTC;0;998,3;998,5;998,2;0;18,9;17,6;19;18,7;17,6;17,5;93;91;93;312;1,9;,6;
2026/06/26;0900 UTC;0;998,9;998,9;998,3;0;19;17,6;19;18,8;17,7;17,6;93;92;92;247;2,8;,7;
2026/06/26;1000 UTC;0;998,9;999,1;998,9;0;18,8;17,5;19;18,8;17,6;17,5;92;91;92;200;3;1,2;
2026/06/26;1100 UTC;0;999,2;999,2;998,8;4,4;18,7;17,4;18,8;18,7;17,5;17,3;92;92;92;152;3,3;,8;
2026/06/26;1200 UTC;0;1000;1000;999,2;166,4;19,4;17,7;19,4;18,7;17,7;17,3;92;89;90;109;4,1;,8;
2026/06/26;1300 UTC;0;1000,8;1000,9;1000;674,2;20,5;17,8;20,6;19,3;18,1;17,3;90;84;85;95;5,4;,8;
2026/06/26;1400 UTC;0;1001;1001;1000,8;824;21,5;18,2;21,7;20,5;18,7;17,8;86;81;82;119;3,2;1;
2026/06/26;1500 UTC;0;1001,1;1001,1;1001;989,1;22,4;18,6;22,5;21,3;18,9;18;83;78;79;130;4,4;,7;
2026/06/26;1600 UTC;0;1000,2;1001,1;1000,2;1038;22,8;18,6;23;21,9;19,1;18,2;82;76;77;193;4,1;1,1;
2026/06/26;1700 UTC;0;999,3;1000,2;999,3;1089,3;23,3;18,8;23,6;22,6;19,6;18,4;80;76;76;146;3,3;1,1;
2026/06/26;1800 UTC;0;998,4;999,3;998,4;639,6;23,3;19,2;23,5;23;19,7;18,8;81;76;77;204;3,3;1,1;
2026/06/26;1900 UTC;0;997,4;998,4;997,4;863,2;23,9;19,7;23,9;23,1;19,8;19;79;76;77;132;4,6;1,1;
2026/06/26;2000 UTC;0;996,7;997,4;996,7;1395,9;24,6;19,3;24,9;23,8;20;19,1;78;71;72;188;4,8;1,4;
2026/06/26;2100 UTC;0;996,8;996,8;996,6;852,6;24,2;19,6;24,8;24,1;20,3;19;79;72;76;73;3,1;,3;
2026/06/26;2200 UTC;0;996,8;996,8;996,7;161,1;23,4;19,6;24,2;23,4;20;19,3;80;75;79;195;3,6;1,4;
2026/06/26;2300 UTC;0;997,3;997,3;996,8;6,6;22,8;19,6;23,4;22,7;19,8;19,4;83;78;83;171;3,7;1,4;
2026/06/27;0000 UTC;0;997,5;997,5;997,3;0;22,1;19,8;22,8;22,1;19,9;19,4;87;82;87;47;3,6;,2;
2026/06/27;0100 UTC;0;998,1;998,1;997,5;0;21,8;19,5;22,1;21,8;19,8;19,4;87;86;87;67;2,1;,3;
2026/06/27;0200 UTC;0;998,6;998,6;998,1;0;21,6;19,3;21,8;21,6;19,7;19,3;88;86;87;70;3,7;,4;
2026/06/27;0300 UTC;0;998,5;998,6;998,4;0;21,4;19,4;21,6;21,4;19,5;19,2;89;86;88;40;3,2;,1;
2026/06/27;0400 UTC;0;998,3;998,5;998,3;0;21,2;19,3;21,4;21,2;19,4;19,3;89;88;89;104;2,8;,8;
2026/06/27;0500 UTC;0;998;998,3;998;0;20,9;19,1;21,2;20,9;19,4;19,1;90;89;89;158;3,3;1,1;
2026/06/27;0600 UTC;0;997,2;998;997,2;0;20,5;18,8;20,9;20,5;19,1;18,7;90;89;90;198;4,5;1,9;
2026/06/27;0700 UTC;0;997,2;997,2;996,9;0;20,3;18,7;20,5;20,3;18,8;18,7;91;90;90;155;3,7;,4;
2026/06/27;0800 UTC;0;997,2;997,2;997,1;0;20,1;18,6;20,3;20,1;18,7;18,5;91;90;91;94;3,3;,5;
2026/06/27;0900 UTC;0;997,5;997,5;997,2;0;19,9;18,6;20,1;19,9;18,6;18,5;92;91;92;188;2,4;,8;
2026/06/27;1000 UTC;0;997,9;997,9;997,4;0;19,9;18,4;20;19,9;18,6;18,4;92;91;91;167;3,1;,9;
2026/06/27;1100 UTC;0;998,7;998,7;997,9;1,7;19,8;18,3;20;19,8;18,4;18,3;91;91;91;115;3;,6;
2026/06/27;1200 UTC;0;999,6;999,6;998,7;99,8;20;18,5;20;19,6;18,6;18,2;93;91;91;80;2,2;,5;
2026/06/27;1300 UTC;0;1000,2;1000,2;999,6;317,9;21;18,3;21;20;18,7;18,3;91;84;85;91;2;,5;
2026/06/27;1400 UTC;0;1000,2;1000,2;1000;814;22,1;18,2;22,4;20,9;19,1;17,9;85;77;79;164;3,8;1,3;
2026/06/27;1500 UTC;0;1000,3;1000,4;1000,2;1038,7;23,1;18,4;23,1;22;19,3;18;81;75;75;108;3,9;,7;
2026/06/27;1600 UTC;0;999,8;1000,3;999,8;1230;24,5;19,6;24,5;22,9;19,7;18,4;80;70;74;105;2,8;,9;
2026/06/27;1700 UTC;0;998,8;999,8;998,8;2448,3;25,4;19,3;25,5;24,1;20;18,5;76;68;69;3;3,3;,7;
2026/06/27;1800 UTC;0;997,9;998,8;997,9;2694,7;27,4;20,3;27,4;25,4;20,3;19;72;63;65;335;3,1;,5;
2026/06/27;1900 UTC;0;996,9;997,9;996,9;1368,3;26,6;21,1;28;26,4;21,1;19,2;72;61;72;36;2;,3;
2026/06/27;2000 UTC;0;996,4;996,9;996,4;721,8;26,3;21,3;27,1;26,3;22,2;19,6;78;64;74;29;1,6;0;
2026/06/27;2100 UTC;0;996,2;996,4;996,1;272,1;25,1;21,6;26,4;25,1;22,2;20,4;82;70;81;23;,9;0;
2026/06/27;2200 UTC;0;996,3;996,3;996,2;149,9;24,2;21,3;25,5;24,2;22,1;20,8;84;76;84;31;1,7;0;
2026/06/27;2300 UTC;0;996,4;996,4;996,3;9,8;22,4;20,9;24,2;22,4;21,5;20,9;91;84;91;23;,4;0;
2026/06/28;0000 UTC;0;996,6;996,6;996,4;0;21,7;20,6;22,4;21,7;21;20,6;93;91;93;23;0;0;
2026/06/28;0100 UTC;0;996,9;996,9;996,6;0;21,1;20,1;21,7;21,1;20,5;20,1;94;93;94;22;0;0;
2026/06/28;0200 UTC;0;997,3;997,3;996,9;0;20,6;20;21,1;20,6;20,3;20;97;94;97;23;0;0;
2026/06/28;0300 UTC;0;997,1;997,3;997,1;0;20,2;19,8;20,6;20,2;20,1;19,7;97;97;97;23;0;0;
2026/06/28;0400 UTC;0;996,9;997,1;996,8;0;19,8;19,4;20,2;19,8;19,7;19,4;97;97;97;23;0;0;
2026/06/28;0500 UTC;0;996,5;996,9;996,5;0;19,5;19,1;19,9;19,5;19,4;19;97;97;97;19;1,4;,1;
2026/06/28;0600 UTC;0;995,7;996,5;995,7;0;19,3;18,9;19,6;19,2;19,1;18,7;97;97;97;21;1,4;0;
2026/06/28;0700 UTC;0;995,2;995,7;995,2;0;19;18,6;19,4;19;18,9;18,6;97;97;97;25;1,2;,1;
2026/06/28;0800 UTC;0;995;995,2;995;0;19;18,6;19,1;18,7;18,7;18,3;97;97;97;10;1,2;,1;
2026/06/28;0900 UTC;0;995,5;995,5;995;0;18,3;17,8;19,1;18,3;18,6;17,8;97;97;97;29;,9;0;
2026/06/28;1000 UTC;0;996,1;996,1;995,5;0;18;17,6;18,3;18;17,8;17,5;97;97;97;13;,2;0;
2026/06/28;1100 UTC;0;996,4;996,4;996,1;4,3;18,2;17,8;18,5;18;18;17,7;97;97;97;26;,6;0;
2026/06/28;1200 UTC;0;997,2;997,2;996,4;141,3;20,2;19,7;20,2;18,2;19,7;17,7;97;97;97;22;0;0;
2026/06/28;1300 UTC;0;997,8;997,8;997,2;959,2;23,1;20,3;23,2;20,2;21,2;19,6;97;85;85;1;1,3;,3;
2026/06/28;1400 UTC;0;998,2;998,2;997,8;1872,6;25;21,1;25;22,6;21,1;19,9;86;78;79;34;1,6;,5;
2026/06/28;1500 UTC;0;998,3;998,3;998,2;1466,3;26,3;21,5;26,5;24,3;22,1;20,4;81;72;75;21;1,9;,3;
2026/06/28;1600 UTC;0;997,8;998,3;997,8;2416,3;27,5;20,2;28,1;26;21,8;20,1;75;64;65;85;2,4;,6;
2026/06/28;1700 UTC;0;996,6;997,8;996,6;2773,4;29,2;20,4;29,5;27,2;21,8;19,6;68;57;59;351;2,6;1,1;
2026/06/28;1800 UTC;0;995,8;996,6;995,8;2243;29,4;21,2;30,3;28,6;22;20,2;67;57;62;353;2,6;,7;
2026/06/28;1900 UTC;0;995;995,8;995;1406,2;28,1;21,2;30,3;28,1;22,4;20,1;70;57;67;54;2,5;,5;
2026/06/28;2000 UTC;0;994,5;995;994,5;755,9;28,9;21,9;29,6;27;23,2;20,7;79;59;66;10;2,1;,1;
2026/06/28;2100 UTC;0;994,4;994,5;994,4;593,3;29,6;21,4;29,6;26,9;23,2;20,6;80;59;61;4;2,8;1,4;
2026/06/28;2200 UTC;0;994,6;994,6;994,4;273,2;26;22,8;29,6;26;22,9;20,7;83;60;83;24;2,8;0;
2026/06/28;2300 UTC;0;994,9;994,9;994,6;8,2;24;22,2;26;24;22,9;22,2;90;83;90;23;0;0;
2026/06/29;0000 UTC;0;995,2;995,2;994,9;0;23,1;21,8;24;23,1;22,2;21,7;92;90;92;10;0;0;
2026/06/29;0100 UTC;0;995,9;995,9;995,2;0;22,8;21,6;23,3;22,8;22,1;21,6;93;92;93;28;0;0;
2026/06/29;0200 UTC;0;996;996,1;995,9;0;22,2;21,1;22,8;22,2;21,6;21,1;94;93;94;24;0;0;
2026/06/29;0300 UTC;0;996;996,2;996;0;22;21,4;22,3;21,9;21,4;21;96;94;96;22;0;0;
2026/06/29;0400 UTC;0;995,8;996;995,8;0;21,6;21,1;22,1;21,5;21,5;21;97;96;97;16;0;0;
2026/06/29;0500 UTC;0;995,8;995,9;995,8;0;21,4;21;21,7;21,4;21,2;20,9;97;97;97;6;,9;0;
2026/06/29;0600 UTC;0;995,2;995,8;995,2;0;20,9;20,5;21,4;20,9;20,9;20,4;97;97;97;30;,9;0;
2026/06/29;0700 UTC;0;995,1;995,3;995,1;0;20,9;20,4;21,1;20,8;20,7;20,4;97;97;97;27;,7;0;
2026/06/29;0800 UTC;0;994,9;995,1;994,7;0;20,8;20,3;20,9;20,7;20,4;20,2;97;97;97;28;0;0;
2026/06/29;0900 UTC;0;994,8;994,9;994,8;0;20,8;20,3;20,8;20,5;20,3;20,1;97;97;97;21;0;0;
2026/06/29;1000 UTC;0;995,1;995,1;994,8;0;20,5;20;20,9;20,5;20,5;20;97;97;97;30;0;0;
2026/06/29;1100 UTC;0;995,8;995,8;995,1;5,4;20,5;20,1;20,6;20,4;20,1;20;97;97;97;31;0;0;
2026/06/29;1200 UTC;0;996,6;996,6;995,8;175,4;21,8;21,3;21,8;20,5;21,3;20,1;97;97;97;17;0;0;
2026/06/29;1300 UTC;0;997,2;997,2;996,6;936;25,1;21,9;25,9;21,8;23,1;21,4;97;79;83;41;1,4;,2;
2026/06/29;1400 UTC;0;997,6;997,6;997,2;1839,3;28,2;22,6;28,2;25;23;21,4;84;69;72;43;1,7;,5;
2026/06/29;1500 UTC;0;997,3;997,6;997,3;2175,6;29,5;21,4;29,5;28,1;22,8;20,8;72;61;62;3;2,9;,5;
2026/06/29;1600 UTC;0;996,6;997,3;996,6;2576,4;30;20,7;30,2;29,4;22,2;19,8;64;55;57;139;3,3;1,3;
2026/06/29;1700 UTC;0;996;996,6;996;2818,8;30,6;20,1;31,2;29,8;21,5;18,9;59;50;54;232;4,5;1,4;
2026/06/29;1800 UTC;0;994,9;996;994,9;2654;31,8;20,9;32,3;30,6;21,7;19,6;57;49;53;317;3,1;1,7;
2026/06/29;1900 UTC;0;994;994,9;994;1886,8;30,6;22,4;32,3;30,6;22,7;19,8;62;48;62;44;4,5;,2;
2026/06/29;2000 UTC;0;993,2;994;993,2;736,6;30,6;23,5;30,6;29,1;24,3;21,3;72;60;66;19;2,5;0;
2026/06/29;2100 UTC;0;992,6;993,2;992,6;662,9;29,1;23,7;30,7;29;24;21,5;73;61;73;35;1,9;0;
2026/06/29;2200 UTC;0;992,7;992,7;992,5;373,6;27,4;22,6;30,2;27,4;23,6;21,2;75;58;75;31;2,6;,6;
2026/06/29;2300 UTC;0;993,2;993,2;992,7;14,4;25,4;22,8;27,4;25,3;22,9;21,9;85;73;85;25;1,3;0;
2026/06/30;0000 UTC;0;993,7;993,7;993,2;0;24,5;22,5;25,5;24,5;22,8;22,5;89;84;89;24;0;0;
2026/06/30;0100 UTC;0;994,3;994,3;993,7;0;24;22,3;24,5;24;22,6;22,3;90;89;90;23;1,4;0;
2026/06/30;0200 UTC;0;994,8;994,9;994,3;0;23,6;22,3;24;23,6;22,4;22,3;92;90;92;28;0;0;
2026/06/30;0300 UTC;0;995;995,1;994,8;0;23,2;22;23,6;23,2;22,2;22;93;92;93;24;,6;0;
2026/06/30;0400 UTC;0;994,9;995;994,9;0;23,3;22,2;23,4;23,2;22,3;22;94;93;94;28;,6;0;
2026/06/30;0500 UTC;0;994,7;995;994,7;0;23;22,3;23,4;22,9;22,4;21,9;96;93;96;23;0;0;
2026/06/30;0600 UTC;0;994,1;994,7;994,1;0;23,1;22,3;23,1;23;22,4;22,1;96;95;96;23;0;0;
2026/06/30;0700 UTC;0;994;994,2;993,9;0;22,9;22,2;23,1;22,9;22,5;22,1;97;95;95;25;0;0;
2026/06/30;0800 UTC;0;993,6;994;993,6;0;23;22,5;23;22,8;22,5;22,2;97;95;97;23;0;0;
2026/06/30;0900 UTC;0;993,9;993,9;993,6;0;22,8;22,2;23;22,8;22,5;22,1;97;96;97;26;0;0;
2026/06/30;1000 UTC;0;994,4;994,4;993,9;0;22,6;22,1;22,9;22,5;22,3;22;97;96;97;23;0;0;
2026/06/30;1100 UTC;0;994,9;994,9;994,4;5,1;22,5;22,1;22,6;22,4;22,1;21,9;97;97;97;14;0;0;
2026/06/30;1200 UTC;0;995,7;995,7;994,9;137,3;25,3;23,1;25,3;22,5;23,6;22,1;97;88;88;30;,5;0;
2026/06/30;1300 UTC;0;996,4;996,4;995,7;926;27,7;22,7;27,8;24,9;23,8;22,2;88;74;74;19;1,2;0;
2026/06/30;1400 UTC;0;996,3;996,5;996,3;1788,7;29,5;22,5;29,8;27,7;23,9;21,8;79;64;66;51;2,3;,6;
2026/06/30;1500 UTC;0;996;996,3;996;2158,5;30,8;22,2;30,9;29,2;23,1;21,3;68;57;60;57;3;,6;
2026/06/30;1600 UTC;0;995,4;996;995,4;2129,3;30,3;21,5;31,6;30,3;23,3;20,7;66;54;59;6;3,6;,3;
2026/06/30;1700 UTC;0;994,7;995,4;994,7;1203,4;31,7;21;31,8;29,6;23,7;20,8;69;53;53;24;1,7;,2;
2026/06/30;1800 UTC;0;993,6;994,7;993,6;1541;31,5;23,2;31,9;31,1;23,4;20,6;63;52;62;104;2,2;,8;
2026/06/30;1900 UTC;0;992,4;993,6;992,4;1793,4;31,5;23,4;32,7;31,1;24,2;21;66;52;62;41;2,7;,1;
2026/06/30;2000 UTC;0;991,4;992,4;991,4;1375;29,5;22,9;33,1;29,5;23,2;21;68;51;68;33;2,9;,2;
2026/06/30;2100 UTC;0;991;991,4;990,9;561,2;29,1;23,3;30,5;28,2;24;21,9;77;63;71;45;1,9;,3;
2026/06/30;2200 UTC;0;991,3;991,3;991;89,6;27,3;22,5;29,2;27,3;24;21,7;75;65;75;175;3,8;1;
2026/06/30;2300 UTC;0;991,4;991,5;991,3;6,5;25,7;23,3;27,3;25,7;23,3;22,3;87;75;87;24;3,8;0;
