REGIAO:;SE
UF:;RJ
ESTACAO:;DUQUE DE CAXIAS - XEREM
CODIGO (WMO):;A603
LATITUDE:;-22,58972221
LONGITUDE:;-43,28222221
ALTITUDE:;22
DATA DE FUNDACAO:;21/10/02
Data;Hora UTC;PRECIPITAÇÃO TOTAL, HORÁRIO (mm);PRESSAO ATMOSFERICA AO NIVEL DA ESTACAO, HORARIA (mB);PRESSÃO ATMOSFERICA MAX.NA HORA ANT. (AUT) (mB);PRESSÃO ATMOSFERICA MIN. NA HORA ANT. (AUT) (mB);RADIACAO GLOBAL (Kj/m²);TEMPERATURA DO AR - BULBO SECO, HORARIA (°C);TEMPERATURA DO PONTO DE ORVALHO (°C);TEMPERATURA MÁXIMA NA HORA ANT. (AUT) (°C);TEMPERATURA MÍNIMA NA HORA ANT. (AUT) (°C);TEMPERATURA ORVALHO MAX. NA HORA ANT. (AUT) (°C);TEMPERATURA ORVALHO MIN. NA HORA ANT. (AUT) (°C);UMIDADE REL. MAX. NA HORA ANT. (AUT) (%);UMIDADE REL. MIN. NA HORA ANT. (AUT) (%);UMIDADE RELATIVA DO AR, HORARIA (%);VENTO, DIREÇÃO HORARIA (gr) (° (gr));VENTO, RAJADA MAXIMA (m/s);VENTO, VELOCIDADE HORARIA (m/s);
2026/01/01;0000 UTC;0;1008,7;1008,8;1008,5;0;26,4;25,2;26,7;26;25,3;24,8;95;90;93;236;1,2;,5;
2026/01/01;0100 UTC;0;1008,8;1008,8;1008,7;0;25,2;24,9;26,4;25,2;25,2;24,9;98;93;98;236;1,2;,1;
2026/01/01;0200 UTC;0;1008,7;1008,9;1008,7;0;24,4;24,4;25,2;24,4;24,9;24,4;100;98;100;236;,9;,1;
2026/01/01;0300 UTC;0;1008,2;1008,7;1008,2;0;23,9;23,9;24,4;23,8;24,5;23,8;100;100;100;236;1;,1;
2026/01/01;0400 UTC;0;1007,9;1008,3;1007,9;0;23,5;23,6;23,9;23,5;23,9;23,5;100;100;100;236;1;,1;
2026/01/01;0500 UTC;0;1007,2;1007,9;1007,2;0;23,2;23,2;23,6;23,1;23,6;23,2;100;100;100;238;,8;0;
2026/01/01;0600 UTC;0;1006,5;1007,2;1006,4;0;22,9;22,9;23,6;22,9;23,6;22,9;100;100;100;236;1,2;,3;
2026/01/01;0700 UTC;0;1006;1006,5;1006;0;22,8;22,9;23,1;22,8;23,1;22,9;100;100;100;269;1,5;0;
2026/01/01;0800 UTC;0;1006;1006,1;1005,9;0;22,8;22,8;23;22,6;23;22,6;100;100;100;252;1,1;0;
2026/01/01;0900 UTC;0;1006,5;1006,5;1006;65,1;22,8;22,8;22,8;22,4;22,8;22,5;100;100;100;236;1,1;,4;
2026/01/01;1000 UTC;0;1006,9;1006,9;1006,5;669,7;26,5;23,7;26,5;22,8;24,3;22,8;100;85;85;266;1,2;,1;
2026/01/01;1100 UTC;0;1006,6;1007;1006,6;1508,2;29,7;23,8;29,8;26,5;25,2;23,1;85;70;71;282;1,9;,3;
2026/01/01;1200 UTC;0;1006,3;1006,6;1006,3;2321,1;32,1;23,9;32,5;29,5;25;23,5;74;61;62;284;2,7;1,1;
2026/01/01;1300 UTC;0;1006;1006,3;1006;3124,9;34,7;23,3;34,8;32,1;25,4;22,9;66;51;52;293;4,7;1,7;
2026/01/01;1400 UTC;0;1005,5;1006;1005,5;2299,4;35,2;24,1;35,8;34;26;22,4;61;46;53;275;3,8;,7;
2026/01/01;1500 UTC;0;1004,5;1005,5;1004,5;3017,5;36,6;22,9;36,7;35,1;25,3;22,3;57;45;45;236;3,1;1,7;
2026/01/01;1600 UTC;0;1003,7;1004,5;1003,6;3520,3;37,4;21,4;38,6;36,6;23,6;20,2;46;36;40;284;6;2,2;
2026/01/01;1700 UTC;0;1002,2;1003,7;1002,2;1915,2;36;23,6;38,8;35,3;24,4;19,7;52;34;49;237;5,6;,7;
2026/01/01;1800 UTC;0;1003,6;1003,6;1002,1;832,1;29,1;21;36;29,1;24,9;21;62;45;62;259;10;3,4;
2026/01/01;1900 UTC;1;1003;1003,7;1003;697,1;27,9;25,5;29,1;25,9;26,3;20,9;93;62;87;247;7,8;1,3;
2026/01/01;2000 UTC;0;1002,9;1003,1;1002,9;1936,6;30,9;26,3;31,5;28;26,4;24,4;87;68;77;254;4,1;,2;
2026/01/01;2100 UTC;0;1003,4;1003,4;1002,9;548,3;28,4;25,5;31,5;28,2;27,2;24,7;87;68;84;258;2,1;,5;
2026/01/01;2200 UTC;0;1003,9;1003,9;1003,4;22,6;27,7;26,8;28,5;26,9;27,3;24,8;99;82;95;281;2,8;1,5;
2026/01/01;2300 UTC;0;1004,4;1004,4;1003,9;0;26,8;25,7;27,7;26,5;26,8;25,7;99;93;94;237;2,7;,3;
2026/01/02;0000 UTC;1;1005;1005;1004,4;0;26,2;25,7;26,9;26,1;26,3;25,6;100;93;98;251;3,5;2;
2026/01/02;0100 UTC;0;1004,9;1005;1004,8;0;25,8;25,8;26,5;25,5;25,9;25,5;100;95;100;289;4,4;,9;
2026/01/02;0200 UTC;,2;1004,5;1005,1;1004,5;0;25,6;24,7;25,8;25,2;25,8;24,6;100;94;95;296;2,5;1,6;
2026/01/02;0300 UTC;0;1004,2;1004,5;1004,2;0;24,4;24,4;25,6;24,4;25;24,4;100;95;100;236;2,5;,2;
2026/01/02;0400 UTC;0;1003,6;1004,2;1003,6;0;23,8;23,9;24,4;23,8;24,4;23,9;100;100;100;236;1,1;,1;
2026/01/02;0500 UTC;0;1003,1;1003,7;1003,1;0;23,5;23,5;23,8;23,5;23,8;23,5;100;100;100;265;2,1;,2;
2026/01/02;0600 UTC;0;1002,4;1003,1;1002,4;0;23,5;23,5;23,8;23,4;23,8;23,4;100;100;100;255;1,8;,5;
2026/01/02;0700 UTC;0;1003;1003,1;1002,3;0;23,5;23,5;23,5;23,4;23,5;23,5;100;100;100;260;1,7;,3;
2026/01/02;0800 UTC;0;1003,3;1003,4;1003;0;23,6;23,6;23,7;23,4;23,7;23,5;100;100;100;248;1,5;,3;
2026/01/02;0900 UTC;0;1003,6;1003,6;1003,3;58,3;23,7;23,7;23,7;23,3;23,7;23,3;100;100;100;236;1;,1;
2026/01/02;1000 UTC;0;1003,7;1003,8;1003,6;496,5;26,1;25,5;26,1;23,7;25,7;23,8;100;96;96;239;1;,3;
2026/01/02;1100 UTC;0;1003,5;1003,8;1003,5;993,6;27,7;24,5;27,8;26,1;25,8;24,3;96;82;83;288;1,3;,9;
2026/01/02;1200 UTC;0;1003,7;1003,7;1003,4;1036;29,1;24,3;29,2;27,7;25,9;24;88;74;75;257;1,8;,3;
2026/01/02;1300 UTC;0;1003,3;1003,7;1003,2;1095,7;29,7;24,7;29,8;29,1;25,7;24,2;80;74;75;280;1,7;,5;
2026/01/02;1400 UTC;0;1002,8;1003,3;1002,8;1087,4;30,5;26,4;30,7;29;27;24,7;88;73;79;248;1,6;,4;
2026/01/02;1500 UTC;0;1002,2;1002,8;1002,2;2098,1;32,3;25,6;33;30,4;26,4;24;79;60;68;281;2;,9;
2026/01/02;1600 UTC;,2;1001,3;1002,2;1001,3;2722,5;34,9;24,4;35,3;32,3;27,4;22,2;71;48;55;245;2,2;,6;
2026/01/02;1700 UTC;0;999,9;1001,3;999,9;3755,5;36,5;19,5;37;34,9;25,3;19,1;57;36;37;255;4,1;1;
2026/01/02;1800 UTC;0;999;999,9;999;2989,1;37;20,1;37,5;36,1;22,8;19,6;46;36;37;240;5,3;1,3;
2026/01/02;1900 UTC;0;998,9;999,1;998,7;1064,3;33,1;22,2;37,3;32,9;24,4;19,4;60;37;53;246;5,7;1,9;
2026/01/02;2000 UTC;,8;1000,7;1000,7;998,9;632,5;29,4;25,7;33,1;28,2;26,2;21,8;87;53;81;280;8,7;1,3;
2026/01/02;2100 UTC;0;1001,3;1001,3;1000,6;484,7;27,9;24,7;29,4;27,5;26,4;23,9;93;76;83;240;4,6;,7;
2026/01/02;2200 UTC;,2;1002,3;1002,3;1001,3;24,1;24,8;24,7;27,9;24,7;25,2;24;99;82;99;245;2,7;,3;
2026/01/02;2300 UTC;2,2;1003,9;1003,9;1002,3;0;24,5;24,6;25;24,5;25;24,3;100;96;100;258;2,2;,1;
2026/01/03;0000 UTC;1;1004,8;1004,8;1003,9;0;24,3;24,3;24,7;24,2;24,7;24,2;100;100;100;236;1,4;0;
2026/01/03;0100 UTC;0;1004,5;1005;1004,5;0;24,5;24,6;24,6;24,3;24,6;24,3;100;100;100;281;3;1,3;
2026/01/03;0200 UTC;0;1003,4;1004,5;1003,4;0;24;24;24,5;23,9;24,5;23,9;100;100;100;242;3;,4;
2026/01/03;0300 UTC;0;1002,9;1003,4;1002,9;0;23,6;23,6;24,2;23,6;24,2;23,6;100;100;100;236;1,7;,1;
2026/01/03;0400 UTC;0;1002,6;1002,9;1002,6;0;23,5;23,5;23,6;23,5;23,7;23,5;100;100;100;241;1,2;,3;
2026/01/03;0500 UTC;0;1002,4;1002,6;1002,1;0;23,4;23,4;23,8;23,3;23,8;23,3;100;100;100;236;2,7;,7;
2026/01/03;0600 UTC;0;1002,5;1002,5;1002,2;0;23,5;23,5;23,7;23,4;23,7;23,4;100;100;100;264;3,6;,2;
2026/01/03;0700 UTC;0;1002,6;1002,6;1002,4;0;23,3;23,4;23,8;23,3;23,8;23,3;100;99;100;236;2,3;,1;
2026/01/03;0800 UTC;0;1003,4;1003,5;1002,6;0;23,3;23,3;23,4;23,3;23,4;23,3;100;100;100;238;1,1;,2;
2026/01/03;0900 UTC;0;1003,1;1003,4;1003,1;42,1;23,6;23,6;23,7;23,3;23,7;23,3;100;100;100;265;2,4;0;
2026/01/03;1000 UTC;0;1003;1003,1;1002,9;225,4;24,3;24,3;24,4;23,6;24,3;23,7;100;99;100;249;,9;0;
2026/01/03;1100 UTC;0;1003,4;1003,5;1003;1041,3;27,1;24;27,3;24,3;25,1;23,9;100;83;83;275;1,5;,4;
2026/01/03;1200 UTC;0;1003,5;1003,6;1003,4;2304,1;28,9;25;28,9;27;25,2;24;88;77;80;297;2,5;1;
2026/01/03;1300 UTC;0;1003,4;1003,6;1003,1;2402;29,9;24;30,5;28,7;25,4;23,9;82;71;71;297;4,6;2;
2026/01/03;1400 UTC;0;1003,1;1003,5;1003,1;2536,9;31,7;24,1;31,9;29,9;25,3;23,8;73;64;64;264;3,7;,5;
2026/01/03;1500 UTC;0;1002,5;1003,2;1002,5;3146,2;32,6;24,9;32,6;31,2;25,5;23,9;70;62;64;289;3,9;1,4;
2026/01/03;1600 UTC;0;1001,9;1002,5;1001,9;3436,3;32,8;24,6;33,5;32;26,2;23,7;68;58;62;256;4,3;1,1;
2026/01/03;1700 UTC;0;1000,9;1001,9;1000,9;3149,8;34;23,8;34,7;32,8;26;23,5;64;55;55;242;4,2;,8;
2026/01/03;1800 UTC;0;1000,7;1001;1000,6;1268,8;33,3;25,5;34;31,9;26,6;23,6;71;55;64;238;4,6;1,9;
2026/01/03;1900 UTC;5,4;1002,5;1002,6;1000,6;614,4;23,3;22,6;33,6;23,3;26,9;21,1;96;60;96;239;7,4;2,3;
2026/01/03;2000 UTC;6,2;1003,2;1003,4;1002,5;53,9;23,8;23,8;23,8;23,1;23,8;22,7;100;96;100;252;5,2;,9;
2026/01/03;2100 UTC;,4;1003,2;1003,3;1002,8;216,1;24,4;24,5;24,6;23,7;24,6;23,7;100;99;100;281;3,1;,7;
2026/01/03;2200 UTC;0;1004,1;1004,1;1003,2;27,7;24,3;24,3;24,4;24,2;24,5;24,2;100;100;100;286;2,4;,5;
2026/01/03;2300 UTC;,2;1004,9;1004,9;1004,1;0;24,3;24,4;24,5;24,1;24,5;24,1;100;100;100;298;2,1;,2;
2026/01/04;0000 UTC;0;1005,2;1005,5;1004,9;0;24,5;24,5;24,5;24;24,5;24,1;100;100;100;279;2,8;1,3;
2026/01/04;0100 UTC;,4;1005,5;1005,5;1005,2;0;24,1;24,1;24,7;24,1;24,6;24,1;100;99;100;237;4,2;,1;
2026/01/04;0200 UTC;0;1005,7;1005,8;1005,5;0;24,3;24,3;24,4;24;24,3;24,1;100;100;100;277;2,4;,3;
2026/01/04;0300 UTC;0;1005,2;1005,7;1005,2;0;23,8;23,8;24,3;23,8;24,2;23,8;100;100;100;246;2,4;,1;
2026/01/04;0400 UTC;0;1005,2;1005,4;1005,1;0;23,5;23,5;23,8;23,5;23,8;23,5;100;100;100;236;1,7;0;
2026/01/04;0500 UTC;0;1004,1;1005,2;1004,1;0;23,5;23,5;23,5;23,3;23,5;23,3;100;100;100;258;2,7;1,1;
2026/01/04;0600 UTC;0;1004,5;1004,5;1003,9;0;23,3;23,3;23,5;23,2;23,5;23,2;100;100;100;261;2,7;,1;
2026/01/04;0700 UTC;0;1004,6;1004,7;1004,5;0;23,4;23,3;23,6;23,2;23,6;23,2;100;99;100;260;3,3;,2;
2026/01/04;0800 UTC;0;1004,9;1005;1004,5;0;23,2;23,2;23,4;23,2;23,3;23,2;100;100;100;284;1,4;,1;
2026/01/04;0900 UTC;0;1005,8;1005,8;1004,9;39,7;23,3;23,3;23,3;23,1;23,3;23,1;100;100;100;236;,9;,3;
2026/01/04;1000 UTC;0;1006,8;1006,8;1005,8;129,1;23,9;23,9;23,9;23,3;23,9;23,3;100;100;100;239;1,6;,2;
2026/01/04;1100 UTC;0;1007,2;1007,2;1006,8;129,1;24,5;24,1;24,5;23,8;24,2;23,9;100;98;98;296;2,1;1,1;
2026/01/04;1200 UTC;0;1007,8;1007,8;1007,2;612,1;25,7;24,5;25,7;24,5;24,6;23,8;98;91;93;294;3,2;1,1;
2026/01/04;1300 UTC;0;1007,7;1007,8;1007,5;2276,2;29,4;22,4;30,1;25,7;25,6;21,9;94;62;66;245;2,6;,6;
2026/01/04;1400 UTC;0;1007,5;1007,8;1007,5;3538,9;30,4;23,7;31,2;29;24,9;22;75;62;67;265;4;1,2;
2026/01/04;1500 UTC;0;1007,3;1007,6;1007,3;2976,2;29,3;22,9;30,5;29,1;24,7;22,5;73;66;69;248;5,6;2;
2026/01/04;1600 UTC;0;1007,6;1007,6;1007,2;1154,1;27,7;23,1;29,8;27,7;24,3;22,7;79;67;76;246;5,8;1,5;
2026/01/04;1700 UTC;0;1007,7;1007,7;1007,4;732,1;27,1;22,2;27,9;26,8;23,1;22;77;73;74;247;5,6;1,6;
2026/01/04;1800 UTC;0;1008;1008;1007,7;374,9;26,2;21,6;27,1;26;22,3;21,6;80;74;76;251;6,4;1,4;
2026/01/04;1900 UTC;0;1008,4;1008,5;1008;387,6;24,8;22,1;26,2;24,8;22,3;21,5;86;76;85;263;5,7;1,1;
2026/01/04;2000 UTC;0;1009;1009;1008,4;289,7;24,8;21,5;25;24,7;22,1;21,4;85;81;82;250;4,1;1,1;
2026/01/04;2100 UTC;0;1009,8;1009,8;1009;119,7;24,1;21,6;24,8;24;21,9;21,4;88;82;86;248;6,1;1,4;
2026/01/04;2200 UTC;,6;1010,7;1010,7;1009,8;6;22,7;22,3;24,2;22,7;22,3;21,5;97;85;97;266;4,7;,5;
2026/01/04;2300 UTC;,4;1011,9;1011,9;1010,6;0;22,4;22,2;23;22,4;22,3;21,9;99;95;99;290;4,2;,6;
2026/01/05;0000 UTC;2,4;1012,8;1012,8;1011,9;0;21,9;21,6;22,5;21,9;22,4;21,5;100;97;98;244;4,2;1,2;
2026/01/05;0100 UTC;2,2;1013,2;1013,3;1012,8;0;21,8;21,6;21,9;21,6;21,8;21,6;100;98;99;255;4,6;1,2;
2026/01/05;0200 UTC;2,6;1013,3;1013,3;1013,1;0;21,3;21,3;21,8;21,3;21,6;21,2;100;98;100;279;4,6;,6;
2026/01/05;0300 UTC;4,2;1012,9;1013,4;1012,9;0;21,1;21,1;21,3;21,1;21,3;21,1;100;100;100;298;3;1,4;
2026/01/05;0400 UTC;7,8;1012,7;1013;1012,7;0;20,8;20,8;21,2;20,7;21,2;20,7;100;100;100;271;2,9;,9;
2026/01/05;0500 UTC;3;1012,2;1012,7;1012,2;0;20,7;20,7;20,8;20,7;20,8;20,7;100;100;100;295;2,6;1,1;
2026/01/05;0600 UTC;1,4;1012,1;1012,2;1012;0;20,6;20,6;20,8;20,6;20,8;20,4;100;99;100;295;3,3;,3;
2026/01/05;0700 UTC;2;1012,8;1012,8;1012,1;0;20,1;19,8;20,6;20,1;20,6;19,7;100;96;98;253;5;,5;
2026/01/05;0800 UTC;1;1013,2;1013,2;1012,8;0;20,2;20,2;20,4;20;20,2;19,8;100;97;100;298;3,7;,5;
2026/01/05;0900 UTC;,8;1013,5;1013,6;1013,2;22,7;20,1;20,2;20,2;20;20,2;20,1;100;100;100;289;2,9;,2;
2026/01/05;1000 UTC;,4;1014,2;1014,2;1013,5;190,6;20,3;19,8;20,6;20,1;20,4;19,3;100;92;97;286;3;,4;
2026/01/05;1100 UTC;,2;1014,6;1014,6;1014,2;267;20,4;20;20,7;20,3;20,2;19,7;98;95;97;248;2,2;,6;
2026/01/05;1200 UTC;1;1015,2;1015,3;1014,6;702,3;21,4;18,5;21,4;20;20,3;18,5;98;84;84;260;3,7;,3;
2026/01/05;1300 UTC;0;1015,5;1015,5;1015,2;1299,5;22,8;19,2;22,8;21,5;19,9;18;89;76;80;292;3,9;1,1;
2026/01/05;1400 UTC;0;1014,9;1015,5;1014,9;2340,6;24,5;17,9;25;22,8;19,5;17,2;81;64;67;258;5,2;,5;
2026/01/05;1500 UTC;0;1014,8;1014,9;1014,7;1310,7;24,1;18,1;25;24;19,5;16,3;74;59;69;257;3,1;,6;
2026/01/05;1600 UTC;0;1014,4;1014,8;1014,4;1887,1;25,9;18,3;26;23,9;19,8;16,1;77;58;63;270;2,9;,6;
2026/01/05;1700 UTC;,2;1014,1;1014,4;1014,1;1993,4;25,8;17,9;26;25,1;18,3;15,7;65;54;62;257;3,2;,8;
2026/01/05;1800 UTC;0;1013,8;1014,2;1013,8;1784,5;24,3;16,9;25,8;24,1;18,8;16,9;71;61;64;298;5,7;2;
2026/01/05;1900 UTC;0;1013,9;1014;1013,8;527,5;23,3;17,8;24,5;22,9;19,3;16,9;81;63;72;285;3,6;,9;
2026/01/05;2000 UTC;0;1014,1;1014,1;1013,8;277,4;21,9;19,6;23,6;21,9;20,2;17,2;89;68;87;248;1,8;,1;
2026/01/05;2100 UTC;0;1014,5;1014,5;1014,1;75,8;21,5;19,3;23,4;21,4;20,5;17,4;93;69;88;287;2,9;,3;
2026/01/05;2200 UTC;0;1015,3;1015,3;1014,5;31,9;20,7;19,8;21,5;20,7;20,2;19,1;95;87;95;245;1,1;,2;
2026/01/05;2300 UTC;0;1015,9;1015,9;1015,3;0;20,6;20,4;20,9;20,6;20,5;19,8;99;94;99;236;1,2;,1;
2026/01/06;0000 UTC;0;1016;1016;1015,8;0;20,7;20,4;20,8;20,6;20,6;20,3;99;97;98;247;1,5;0;
2026/01/06;0100 UTC;0;1016,2;1016,2;1016;0;20,4;20,4;21;20,4;20,5;20,1;100;95;99;244;1,2;,2;
2026/01/06;0200 UTC;0;1016,3;1016,4;1016,2;0;20,5;20,4;20,6;20,4;20,5;20,1;100;98;99;247;1,5;0;
2026/01/06;0300 UTC;0;1015,4;1016,3;1015,4;0;20,1;19,7;20,7;20,1;20,4;19,5;100;94;97;247;1,8;0;
2026/01/06;0400 UTC;0;1015;1015,4;1014,9;0;19,6;19,6;20,1;19,6;19,8;19,6;100;97;100;251;,9;0;
2026/01/06;0500 UTC;0;1014,7;1015;1014,6;0;19,1;19,2;19,8;19,1;19,8;19,2;100;100;100;236;1;,2;
2026/01/06;0600 UTC;0;1014,6;1014,8;1014,6;0;18,6;18,6;19,2;18,6;19,2;18,6;100;100;100;256;1,3;0;
2026/01/06;0700 UTC;0;1014,8;1015;1014,6;0;18,8;18,8;18,9;18,5;18,9;18,5;100;100;100;236;1,7;,1;
2026/01/06;0800 UTC;0;1015,1;1015,1;1014,8;0;19,1;19;19,2;18,8;19,1;18,8;100;100;100;265;1;,1;
2026/01/06;0900 UTC;0;1015,3;1015,5;1015,1;28,9;19,3;19,2;19,3;19;19,3;18,9;100;100;100;245;1;,1;
2026/01/06;1000 UTC;0;1015,7;1015,9;1015,3;305,2;20,8;18,5;20,8;19,3;19,4;18,3;100;86;87;260;2;,3;
2026/01/06;1100 UTC;0;1016,3;1016,3;1015,7;722,9;22,6;18,3;22,8;20,8;19,8;17,5;89;73;77;297;1,6;,2;
2026/01/06;1200 UTC;0;1016,6;1016,6;1016,3;1045;24;18,3;24,3;22,4;19,4;17,5;81;67;71;263;1,5;0;
2026/01/06;1300 UTC;0;1016,5;1016,6;1016,3;1684,8;24,8;17,8;25,1;23,9;19;16,7;75;63;65;289;1,7;,6;
2026/01/06;1400 UTC;0;1016,4;1016,6;1016,4;1565,5;25,6;18,5;25,7;24,8;19,4;17,9;70;64;65;284;4,1;,9;
2026/01/06;1500 UTC;0;1015,8;1016,4;1015,8;1827,6;25,8;17,8;26,2;25,5;19,8;17;68;58;61;281;3,1;1,2;
2026/01/06;1600 UTC;0;1015,4;1015,8;1015,3;1858,9;26,3;18,8;26,8;25,8;19,4;17,3;66;58;63;278;2,2;,5;
2026/01/06;1700 UTC;0;1015,2;1015,4;1015,1;805,5;25,6;19,8;26,3;24,3;20,8;17,9;81;61;70;237;3,6;1;
2026/01/06;1800 UTC;0;1014,4;1015,2;1014,4;1263,8;26;18;26,4;25,2;20,4;17,8;75;60;61;279;3,6;,8;
2026/01/06;1900 UTC;0;1014,1;1014,4;1014,1;912,2;25,3;19,7;26,5;25;20,7;17,6;77;60;71;265;2,2;,3;
2026/01/06;2000 UTC;0;1013,8;1014,1;1013,8;784,3;25,5;19,4;26;25,3;21;18,8;77;65;69;238;2,3;,6;
2026/01/06;2100 UTC;0;1014;1014;1013,8;298,6;23,7;20,8;25,5;23,6;21,3;19,4;87;69;84;236;2,4;,4;
2026/01/06;2200 UTC;0;1014,5;1014,5;1013,9;43,6;22,4;21,5;23,7;22,3;21,5;20,3;94;83;94;248;2,9;,2;
2026/01/06;2300 UTC;0;1015;1015,1;1014,5;0;22,2;21,5;22,4;21,6;21,8;21,3;99;94;96;293;2,4;,4;
2026/01/07;0000 UTC;0;1015,3;1015,4;1015;0;21;21,1;22,2;21;21,7;21;100;96;100;237;1,9;,3;
2026/01/07;0100 UTC;0;1015,9;1015,9;1015,3;0;20,8;20,9;21,1;20,6;21,2;20,6;100;100;100;275;1,4;,3;
2026/01/07;0200 UTC;0;1015,3;1015,9;1015,3;0;20,6;20,7;21,1;20,6;21,1;20,6;100;100;100;264;1,5;0;
2026/01/07;0300 UTC;0;1014,8;1015,4;1014,8;0;20,6;20,6;20,6;20,5;20,6;20,5;100;100;100;241;,9;,1;
2026/01/07;0400 UTC;0;1014,2;1014,8;1014,2;0;20,5;20,5;20,7;20,5;20,7;20,5;100;100;100;256;1,1;0;
2026/01/07;0500 UTC;0;1013,6;1014,2;1013,6;0;20,4;20,5;20,5;20,4;20,6;20,5;100;100;100;236;1;,2;
2026/01/07;0600 UTC;0;1013,2;1013,6;1013,1;0;20,5;20,5;20,5;20,4;20,6;20,5;100;100;100;236;,9;0;
2026/01/07;0700 UTC;0;1013,3;1013,3;1013,2;0;20,5;20,5;20,5;20,5;20,6;20,5;100;100;100;238;1,1;,1;
2026/01/07;0800 UTC;0;1013,5;1013,6;1013,3;0;20,7;20,7;20,7;20,5;20,8;20,5;100;100;100;292;1,1;,1;
2026/01/07;0900 UTC;0;1013,8;1013,9;1013,5;33;20,8;20,8;20,8;20,6;20,8;20,6;100;100;100;236;,7;,1;
2026/01/07;1000 UTC;0;1014,5;1014,6;1013,8;143,8;21,3;21,4;21,4;20,7;21,4;20,8;100;100;100;247;1,2;,3;
2026/01/07;1100 UTC;0;1014,6;1014,7;1014,4;371,5;22,6;21,5;22,6;21,3;21,7;21;100;91;94;240;1,5;,2;
2026/01/07;1200 UTC;0;1015;1015;1014,6;647,2;23,7;21,2;23,7;22,5;21,5;20,8;94;85;86;287;1,4;0;
2026/01/07;1300 UTC;0;1015,1;1015,1;1015;693,3;24,2;21,1;24,3;23,6;21,5;20,3;86;81;83;261;1,2;,3;
2026/01/07;1400 UTC;,2;1014,8;1015,1;1014,8;663,3;24,2;22,2;24,3;23,7;23,3;21;96;83;88;267;1,8;0;
2026/01/07;1500 UTC;,2;1014,7;1015;1014,7;541,8;24,3;23,4;24,4;23,8;23,4;22,1;97;87;95;257;1,2;0;
2026/01/07;1600 UTC;,6;1014,6;1014,7;1014,6;480,1;24,1;24;24,4;24;24,2;23;100;93;99;236;1;,2;
2026/01/07;1700 UTC;,4;1013,9;1014,6;1013,8;428;24,3;24,3;24,4;23,9;24,3;23,4;100;95;100;256;1,5;,3;
2026/01/07;1800 UTC;,2;1013,2;1013,9;1013,2;395,2;24,4;24,1;24,5;24,1;24,4;23,6;100;95;98;238;1,2;0;
2026/01/07;1900 UTC;0;1012,6;1013,2;1012,6;525,7;24,6;24,2;24,9;24,3;24,6;23,8;100;95;97;238;1,9;,7;
2026/01/07;2000 UTC;0;1012,3;1012,8;1012,2;365,2;24,8;24,3;24,9;24,4;24,9;24,1;100;97;97;249;2,9;1,1;
2026/01/07;2100 UTC;0;1012,2;1012,5;1012,2;207,3;24;24,1;24,8;23,9;24,4;23,6;100;94;100;286;3,1;,6;
2026/01/07;2200 UTC;0;1012;1012,4;1011,9;54,5;23,2;23,2;24;23,2;24;23,2;100;100;100;250;2,4;,6;
2026/01/07;2300 UTC;0;1012,7;1012,9;1012;0;22,6;22,6;23,3;22,6;23,3;22,6;100;100;100;278;3,5;,9;
2026/01/08;0000 UTC;0;1013;1013;1012,6;0;22,3;22,3;22,8;22,3;22,8;22,3;100;98;100;251;4,3;,3;
2026/01/08;0100 UTC;0;1013,3;1013,3;1012,6;0;21,7;21,8;22,3;21,7;22,3;21,8;100;100;100;237;1,6;,5;
2026/01/08;0200 UTC;0;1013,3;1013,7;1013,2;0;22,1;22,1;22,5;21,6;22,3;21,6;100;97;100;286;4,1;1,6;
2026/01/08;0300 UTC;0;1012,6;1013,4;1012,6;0;21,5;21,5;22,1;21,5;22;21,5;100;99;100;272;4,1;,1;
2026/01/08;0400 UTC;;;;;;;;;;;;;;;;;;
2026/01/08;0500 UTC;0;1012;1012,3;1011,9;0;20,9;21;21,6;20,9;21,7;21;100;100;100;268;2,4;0;
2026/01/08;0600 UTC;0;1012,1;1012,2;1012;0;20,7;20,7;21;20,6;21;20,6;100;100;100;236;1,3;,2;
2026/01/08;0700 UTC;0;1012,2;1012,2;1012;0;20,8;20,8;20,8;20,5;20,8;20,6;100;100;100;289;1,2;0;
2026/01/08;0800 UTC;0;1012,1;1012,3;1011,9;0;20,7;20,7;20,8;20,5;20,8;20,5;100;100;100;258;1,9;,1;
2026/01/08;0900 UTC;0;1012,7;1012,8;1012,1;47,7;21;21;21;20,6;21;20,6;100;100;100;257;1,3;,2;
2026/01/08;1000 UTC;0;1013,4;1013,4;1012,5;326,4;22,5;22,5;22,5;20,9;22,5;21;100;100;100;248;1,8;0;
2026/01/08;1100 UTC;0;1013,2;1013,4;1013,1;1111,7;25,7;23;25,7;22,5;23,2;22,5;100;84;85;293;1,9;,5;
2026/01/08;1200 UTC;0;1013,1;1013,2;1013;2688,9;29,2;23;29,2;25,7;23,8;22,2;85;68;69;298;2,9;,6;
2026/01/08;1300 UTC;0;1013,1;1013,2;1013;2395,9;30,2;23,7;30,3;29;24,3;22,2;74;64;68;252;3,2;,5;
2026/01/08;1400 UTC;0;1012,5;1013,1;1012,5;2259,6;31,5;22,1;31,6;30,2;25,2;22,1;71;57;58;242;1,8;,5;
2026/01/08;1500 UTC;0;1011,9;1012,5;1011,9;2461,7;32;24,2;32,4;31,4;24,4;21,2;66;53;63;262;2,8;,7;
2026/01/08;1600 UTC;0;1011,4;1011,9;1011,4;2575,3;32,4;24,2;33;31,6;25,6;22,8;70;56;62;252;2,8;,8;
2026/01/08;1700 UTC;0;1011,2;1011,4;1011,2;2118,2;31,3;24,3;32,9;31,2;25,9;22,9;75;58;66;240;5;1,2;
2026/01/08;1800 UTC;0;1010,7;1011,2;1010,7;1780,3;31,7;23,2;32,2;30,2;26,1;22,7;76;57;61;236;3,8;1,9;
2026/01/08;1900 UTC;0;1010,4;1010,7;1010,4;1210,7;32;22,4;32;29,7;25,9;22,4;77;57;57;238;3,7;,7;
2026/01/08;2000 UTC;0;1010,3;1010,4;1010,3;1102,8;30,3;25;32,2;30,1;26,2;23,5;77;57;74;236;2,1;,1;
2026/01/08;2100 UTC;0;1011;1011;1010,3;440,8;28,8;23,3;30,2;27,7;25,3;23,3;82;70;72;279;1,7;,3;
2026/01/08;2200 UTC;0;1011,2;1011,3;1010,9;36,1;25,6;24,4;28,9;25,5;24,5;23,5;93;72;93;236;1,8;,2;
2026/01/08;2300 UTC;0;1011,6;1011,9;1011,2;0;24,4;23,9;25,6;24,3;24,3;23,8;99;92;97;231;1,7;,3;
2026/01/09;0000 UTC;0;1011,8;1011,8;1011,4;0;23,8;23,7;25,1;23,7;24,1;23,4;100;91;99;240;2,8;,1;
2026/01/09;0100 UTC;0;1012,3;1012,3;1011,8;0;23,4;23,5;23,8;23,2;23,7;23,2;100;99;100;261;1,7;,3;
2026/01/09;0200 UTC;0;1012,9;1013;1012,3;0;22,8;22,8;23,6;22,8;23,6;22,8;100;99;100;237;1,8;,2;
2026/01/09;0300 UTC;0;1012,5;1012,9;1012,5;0;22,4;22,4;23;22,3;23,1;22,4;100;100;100;236;1,3;,1;
2026/01/09;0400 UTC;0;1012,1;1012,5;1012,1;0;21,7;21,7;22,4;21,7;22,4;21,7;100;100;100;232;1;0;
2026/01/09;0500 UTC;0;1012;1012,2;1012;0;21,5;21,5;21,8;21,4;21,8;21,4;100;100;100;243;1,1;0;
2026/01/09;0600 UTC;0;1012;1012;1011,8;0;21,1;21,1;21,7;21,1;21,7;21,1;100;100;100;236;1,2;,1;
2026/01/09;0700 UTC;0;1012,5;1012,5;1012;0;20,7;20,7;21,2;20,6;21,2;20,6;100;100;100;236;1,3;,1;
2026/01/09;0800 UTC;0;1013;1013,1;1012,5;0;20,5;20,5;20,7;20,2;20,7;20,3;100;100;100;237;1,3;,5;
2026/01/09;0900 UTC;0;1013,3;1013,3;1013;41;20,6;20,6;20,6;20,3;20,6;20,3;100;100;100;236;1,4;,3;
2026/01/09;1000 UTC;0;1012,9;1013,4;1012,9;695,9;24,5;22,2;24,7;20,5;23;20,5;100;86;87;236;1,2;,1;
2026/01/09;1100 UTC;0;1012,8;1012,9;1012,7;1576,9;28,9;23,6;28,9;24,3;24,6;22;88;72;73;298;3,4;1,7;
2026/01/09;1200 UTC;0;1012,9;1013;1012,8;2436,2;30;23,6;30,2;28,7;23,8;22,3;73;66;69;298;4,1;1,9;
2026/01/09;1300 UTC;0;1012,9;1013;1012,9;2484,2;32;24,7;32;29,8;25,1;23;71;65;66;295;4,2;1,3;
2026/01/09;1400 UTC;0;1012,2;1012,9;1012,2;3626,5;34;24,4;34;31,5;25;22,2;67;52;57;291;3;1,3;
2026/01/09;1500 UTC;0;1011,5;1012,2;1011,5;3737,1;34,8;23,8;35,1;33,7;25;22,2;59;50;53;274;4,1;1,3;
2026/01/09;1600 UTC;0;1011,1;1011,6;1011,1;3285,2;35,4;24,1;35,4;33,7;25,3;21,9;58;48;52;253;5,2;,9;
2026/01/09;1700 UTC;0;1010,4;1011,1;1010,4;3146,9;34,1;23,1;35,8;34,1;24,7;21,8;55;45;53;243;4,9;1,7;
2026/01/09;1800 UTC;0;1009,6;1010,5;1009,6;3075,8;36,4;22,8;36,6;33,6;24;21,2;56;42;46;244;4,4;,6;
2026/01/09;1900 UTC;0;1009,4;1009,6;1009,4;2304,3;35,3;22,7;36,6;34,8;24,2;21,9;53;44;48;237;5,5;2,8;
2026/01/09;2000 UTC;0;1009,5;1009,5;1009,3;1508,6;33,8;23,3;35,3;33,8;23,8;22,3;55;48;54;236;5,5;2,3;
2026/01/09;2100 UTC;0;1010;1010;1009,4;796,2;32,9;22,5;34,2;32,6;23,8;21,9;59;49;55;251;5,6;1,3;
2026/01/09;2200 UTC;0;1010,7;1010,7;1009,9;76,8;28,2;24,1;32,9;28,2;24,5;21,9;79;52;78;240;4,4;,2;
2026/01/09;2300 UTC;7,6;1011,7;1012;1010,8;,3;24,5;23,9;28,8;24,5;24,8;22,4;97;72;97;268;6,5;1,9;
2026/01/10;0000 UTC;0;1012,3;1012,3;1011,7;0;23,9;24;24,5;23,9;24,4;23,9;100;97;100;238;4,7;,1;
2026/01/10;0100 UTC;0;1012,4;1012,5;1012,3;0;23,4;23,4;23,9;23,4;23,9;23,4;100;100;100;236;2,1;0;
2026/01/10;0200 UTC;0;1012,4;1012,5;1012,3;0;23,3;23,3;23,5;23,1;23,5;23,2;100;100;100;241;1,5;0;
2026/01/10;0300 UTC;0;1012;1012,4;1012;0;22,9;23;23,3;22,9;23,3;22,9;100;100;100;240;1,5;,3;
2026/01/10;0400 UTC;0;1011,7;1012;1011,7;0;22,5;22,5;23;22,5;23;22,5;100;100;100;253;1,5;0;
2026/01/10;0500 UTC;,2;1011,9;1012,1;1011,7;0;22,2;22,2;22,7;22,2;22,7;22,2;100;100;100;261;1,5;0;
2026/01/10;0600 UTC;0;1011,1;1011,9;1011,1;0;21,8;21,8;22,3;21,7;22,3;21,8;100;100;100;267;1;0;
2026/01/10;0700 UTC;0;1011,3;1011,3;1011;0;21,4;21,4;21,9;21,3;21,9;21,3;100;100;100;237;1,1;,2;
2026/01/10;0800 UTC;0;1011,7;1011,7;1011,3;0;21,2;21,2;21,5;21,1;21,5;21,1;100;100;100;241;,9;0;
2026/01/10;0900 UTC;0;1011,9;1012,1;1011,7;47;21,1;21,1;21,2;20,9;21,2;20,9;100;100;100;236;,9;,2;
2026/01/10;1000 UTC;0;1012,2;1012,2;1011,9;655,6;24;23,9;24;21,1;24;21,1;100;100;100;236;,9;,1;
2026/01/10;1100 UTC;0;1012;1012,2;1011,9;1584,5;27,7;24,4;27,7;24;24,9;23,6;100;81;82;288;2,3;1;
2026/01/10;1200 UTC;0;1012,1;1012,2;1011,9;2423,6;30,5;24,5;30,5;27,7;25,4;23,7;83;70;70;265;3,8;1;
2026/01/10;1300 UTC;0;1011,8;1012,2;1011,8;3169,6;32,3;20,5;32,3;30,4;24,3;20;71;49;50;242;7,7;3;
2026/01/10;1400 UTC;0;1011,3;1011,8;1011,3;3685,4;33,4;19,6;33,9;32,3;21,8;19,2;52;42;44;250;8;2,5;
2026/01/10;1500 UTC;0;1010,6;1011,3;1010,6;3951,6;34,1;19,4;34,3;33,2;20,5;18,4;47;40;42;242;7,2;2,7;
2026/01/10;1600 UTC;0;1009,8;1010,6;1009,8;3936,7;34,9;18,8;35,2;34;21,2;18,2;46;37;39;289;7,2;1,8;
2026/01/10;1700 UTC;0;1008,7;1009,8;1008,7;3655,2;35,4;19,3;35,9;34,9;20,8;17,9;43;35;39;243;5,5;1,7;
2026/01/10;1800 UTC;0;1008,1;1008,7;1008,1;3179,5;35,9;17,7;36;35,3;20,7;17,7;41;34;34;245;5,5;1,7;
2026/01/10;1900 UTC;0;1007,2;1008,1;1007,1;2491,6;36,2;16,3;36,5;35,6;20,1;16,3;40;31;31;277;5,3;1,9;
2026/01/10;2000 UTC;0;1006,8;1007,2;1006,8;1668,7;35,8;17,9;36,5;35,4;19,1;14,8;38;28;35;295;4,8;1,5;
2026/01/10;2100 UTC;0;1006,7;1006,8;1006,7;776,2;29,6;19,9;35,8;29,5;22,3;16,9;63;33;56;245;3,1;,7;
2026/01/10;2200 UTC;0;1007,5;1007,5;1006,7;84,8;26,7;20,5;29,7;26,2;21,5;19,7;75;56;69;297;2,4;1,2;
2026/01/10;2300 UTC;0;1008,3;1008,3;1007,5;0;23,3;21;28,6;23,3;21,3;19,7;87;59;87;236;2,5;,4;
2026/01/11;0000 UTC;0;1009,4;1009,4;1008,3;0;22,2;20,8;23,3;22,1;21,4;20,7;93;87;92;231;1,9;,6;
2026/01/11;0100 UTC;0;1009,7;1009,7;1009,4;0;22,2;20,2;22,2;21,6;20,8;20,2;94;88;88;270;1,9;,3;
2026/01/11;0200 UTC;0;1009,7;1009,8;1009,7;0;24,1;19,3;24,1;21;20,2;19,3;94;75;75;239;2,9;1,3;
2026/01/11;0300 UTC;0;1008,9;1009,7;1008,9;0;26,5;18,8;27,6;22,7;19,6;18,5;80;58;62;265;4,2;,7;
2026/01/11;0400 UTC;0;1008,6;1009;1008,6;0;25,8;19,2;29,4;25,8;19,2;18,3;67;52;67;296;4,7;1;
2026/01/11;0500 UTC;0;1008,3;1008,7;1008,2;0;22,4;20,9;25,8;22,1;21;19,1;92;67;91;267;4,5;,4;
2026/01/11;0600 UTC;0;1008,2;1008,4;1008,2;0;21,6;21;22,5;21,4;21,4;20,5;98;91;97;232;1,9;,7;
2026/01/11;0700 UTC;0;1008,6;1008,6;1008,2;0;20,8;20,8;21,6;20,8;21,3;20,7;100;96;100;253;2,2;0;
2026/01/11;0800 UTC;0;1009;1009;1008,6;0;20,5;20,5;21,1;20,4;21,1;20,4;100;100;100;252;1,8;,2;
2026/01/11;0900 UTC;0;1009,7;1009,7;1009;39,6;21,2;21,1;21,4;20,1;21,4;20,1;100;100;100;283;2,2;,5;
2026/01/11;1000 UTC;0;1010,2;1010,3;1009,7;674;24,8;22,3;24,8;21;22,4;20,9;100;84;86;279;2,4;,5;
2026/01/11;1100 UTC;0;1010,1;1010,3;1010,1;1613,4;29;22,7;29;24,8;23,4;21,8;86;69;69;251;2,4;,7;
2026/01/11;1200 UTC;0;1009,8;1010,1;1009,7;2489,1;32,6;18,9;32,6;28,8;22,8;18,2;69;42;44;244;8,6;3,2;
2026/01/11;1300 UTC;0;1009,8;1009,8;1009,6;3202,6;34;19,1;34;32,6;19,6;17,9;46;38;42;244;8,6;2,2;
2026/01/11;1400 UTC;0;1009,4;1009,9;1009,4;3681,1;35;18,1;35,1;34;20,4;16,9;43;34;37;277;5,6;1,1;
2026/01/11;1500 UTC;0;1008,7;1009,4;1008,7;3936,8;35,8;18,8;36,1;34,9;20,2;17,1;42;33;37;269;3,1;,7;
2026/01/11;1600 UTC;0;1007,9;1008,7;1007,9;3931,2;36,4;19,9;36,6;35,5;21,3;17,3;43;33;38;288;3;1,1;
2026/01/11;1700 UTC;0;1007;1007,9;1007;3684,4;37,2;16,6;37,9;36,4;19,6;15;39;26;30;255;3,8;,6;
2026/01/11;1800 UTC;0;1006,3;1007;1006,3;3166;37,5;18,1;37,8;36,9;21,8;15,8;42;27;32;284;5,2;,8;
2026/01/11;1900 UTC;0;1005,8;1006,3;1005,8;2468,1;36,8;17,2;38,2;36,4;21,7;11,8;42;21;32;249;3;1;
2026/01/11;2000 UTC;0;1005,6;1005,8;1005,5;1629,5;35,2;17,6;36,7;33,4;19,9;13,2;45;25;35;271;2,8;,5;
2026/01/11;2100 UTC;0;1005,9;1005,9;1005,6;755,2;29,1;19,9;35,5;29,1;21,7;15,7;58;32;58;287;2,1;,2;
2026/01/11;2200 UTC;0;1006,5;1006,5;1005,9;85,6;28,7;19,2;30,9;26,7;21,7;18,3;67;53;56;286;5,5;1,3;
2026/01/11;2300 UTC;0;1007,4;1007,4;1006,5;0;24,5;20,7;28,7;24,5;21,1;18,7;80;56;79;237;3;,1;
2026/01/12;0000 UTC;0;1008;1008;1007,4;0;22,9;21;24,5;22,8;21,1;20;90;78;89;236;1,3;,3;
2026/01/12;0100 UTC;0;1008,5;1008,5;1008;0;21,8;21;23;21,8;21,2;20,7;95;88;95;236;1,2;0;
2026/01/12;0200 UTC;0;1008,6;1008,7;1008,5;0;21,3;20,8;21,9;21,2;21,1;20,7;98;93;97;246;1,3;0;
2026/01/12;0300 UTC;0;1008,2;1008,6;1008,2;0;20,8;20,8;21,4;20,8;21;20,7;100;97;100;231;1,2;,2;
2026/01/12;0400 UTC;0;1007,8;1008,3;1007,8;0;20,5;20,6;20,9;20,5;20,9;20,5;100;99;100;250;1,2;,3;
2026/01/12;0500 UTC;0;1007,4;1007,8;1007,4;0;20;20;20,7;20;20,7;20;100;100;100;236;1,3;,2;
2026/01/12;0600 UTC;0;1007,5;1007,5;1007,4;0;20,1;20,2;20,2;19,9;20,2;19,9;100;100;100;244;1,1;0;
2026/01/12;0700 UTC;0;1007,6;1007,6;1007,4;0;22,4;21,4;22,6;19,8;22;19,9;100;94;94;282;1,8;,3;
2026/01/12;0800 UTC;0;1008,3;1008,3;1007,6;0;21,8;20,7;22,8;21,7;21,1;20,2;94;86;94;289;3,1;,4;
2026/01/12;0900 UTC;0;1008,9;1009;1008,3;35,5;28,5;18,4;28,7;21,8;21;18,3;94;54;55;243;6,3;2,3;
2026/01/12;1000 UTC;0;1009,4;1009,4;1008,9;667,7;30,8;17,9;30,8;28,5;18,5;17,7;55;46;46;253;6,7;2;
2026/01/12;1100 UTC;0;1009,6;1009,6;1009,3;1615,4;32,2;18,2;32,2;30,7;19,2;17,7;47;43;44;243;5,7;2,3;
2026/01/12;1200 UTC;0;1009,7;1009,7;1009,6;2444,7;33,6;18,4;33,6;32;19,6;18;45;40;41;253;7;2,2;
2026/01/12;1300 UTC;0;1009,5;1009,8;1009,5;3146,4;35;18,5;35,3;33,6;20,3;18,3;44;38;38;246;6,3;1,5;
2026/01/12;1400 UTC;0;1009;1009,5;1009;3636,1;36,2;17,7;36,4;34,9;21;17,6;44;33;34;296;4;1,3;
2026/01/12;1500 UTC;0;1008,3;1009;1008,3;3931,1;37;17,8;37,1;36,2;20,1;15,9;40;29;33;291;5,4;,8;
2026/01/12;1600 UTC;0;1007,7;1008,3;1007,7;3944,3;37,9;15;38,1;36,9;19,6;12,8;39;23;26;242;4,1;1,1;
2026/01/12;1700 UTC;0;1007,1;1007,7;1007,1;3658,6;37,8;15,1;38;37,3;19,8;15,1;36;26;26;240;5,6;1,9;
2026/01/12;1800 UTC;0;1006,5;1007,1;1006,5;3194,1;38,3;15,1;38,8;37,6;19,4;14,9;34;25;25;251;4,6;,7;
2026/01/12;1900 UTC;0;1005,9;1006,5;1005,9;2500,9;37,9;17,6;38,8;37,7;19,7;14,5;35;24;31;254;4,7;1,6;
2026/01/12;2000 UTC;0;1005,5;1005,9;1005,5;1644,3;35,3;21;38;35,3;21,6;18,1;45;31;43;237;6;1,5;
2026/01/12;2100 UTC;0;1005,8;1005,8;1005,5;737,8;34,4;19,1;35,7;33,5;21,4;17,2;46;34;41;240;6;1,2;
2026/01/12;2200 UTC;0;1006,8;1006,8;1005,8;77,5;30,2;21,6;34,4;30,1;22;18,5;60;40;60;277;6,9;,3;
2026/01/12;2300 UTC;0;1008;1008;1006,8;0;27,6;22,3;30,6;27,4;23,1;21,6;76;59;73;257;2,4;0;
2026/01/13;0000 UTC;0;1009,1;1009,1;1008;0;25,1;22,8;27,7;25,1;22,9;22,1;87;71;87;260;1,6;0;
2026/01/13;0100 UTC;0;1009,2;1009,3;1009,1;0;24,4;22,9;25,2;24,1;23;22,7;93;86;92;234;1,2;,4;
2026/01/13;0200 UTC;0;1009,2;1009,5;1009,2;0;23,7;22,4;24,5;23,5;23;22,4;97;91;93;250;1,2;0;
2026/01/13;0300 UTC;0;1009;1009,3;1009;0;22,8;22,7;23,8;22,8;22,8;22,4;99;92;99;231;1,4;0;
2026/01/13;0400 UTC;0;1008,5;1009;1008,5;0;22,5;22,5;23;22,5;22,8;22,4;100;98;100;240;1,3;0;
2026/01/13;0500 UTC;0;1008,4;1008,5;1008,2;0;21,9;22;22,7;21,9;22,6;22;100;99;100;231;1,1;,1;
2026/01/13;0600 UTC;0;1007,9;1008,4;1007,9;0;21,7;21,7;22,1;21,6;22,1;21,6;100;100;100;236;1,6;,5;
2026/01/13;0700 UTC;0;1008,2;1008,2;1007,9;0;21,4;21,4;21,8;21,4;21,8;21,4;100;100;100;236;1,9;,2;
2026/01/13;0800 UTC;0;1008,8;1008,8;1008,2;0;21,2;21,2;21,5;21;21,6;21,1;100;100;100;236;1,1;,2;
2026/01/13;0900 UTC;0;1010;1010;1008,8;47,3;21,5;21,5;21,6;21,1;21,6;21,1;100;100;100;243;1,9;,1;
2026/01/13;1000 UTC;0;1010,3;1010,3;1009,9;629,5;25,7;23,3;25,7;21,5;23,5;21,5;100;86;87;237;1,3;,1;
2026/01/13;1100 UTC;0;1010,8;1010,8;1010,3;1535;30,2;24,2;30,2;25,7;24,7;22,8;87;70;70;239;1,5;,3;
2026/01/13;1200 UTC;0;1011,1;1011,1;1010,8;2355,4;33,1;23;33,1;30,2;25;22,6;73;55;55;297;2,7;1,6;
2026/01/13;1300 UTC;0;1011;1011,1;1011;3049,8;34,8;22,1;35,1;33,1;24,4;21,1;59;45;48;252;3,5;,8;
2026/01/13;1400 UTC;0;1010,8;1011;1010,8;3570,7;35,5;23,1;35,8;34,5;24,9;21,2;56;45;49;247;5;1,7;
2026/01/13;1500 UTC;0;1010,1;1010,9;1010,1;3361,5;35;21,9;36,3;35;25;21,9;54;45;47;241;5,9;1,9;
2026/01/13;1600 UTC;10,6;1012,8;1013,1;1010,1;454;22,2;21,1;35;22,2;23,5;19,2;94;46;94;259;13,8;3,1;
2026/01/13;1700 UTC;1,2;1011;1013;1011;481,2;24,2;23,1;24,2;22,1;23,1;20,8;97;90;94;270;8,2;1,2;
2026/01/13;1800 UTC;0;1011,8;1011,8;1010;2032,9;28,5;23,9;29,4;24,2;25;23,1;97;72;76;246;6,8;2,6;
2026/01/13;1900 UTC;0;1011,4;1012,1;1011,4;610,3;28,6;23,3;28,9;27,1;25,7;23;92;71;73;251;6,8;1,4;
2026/01/13;2000 UTC;0;1010,6;1011,4;1010,6;900,3;28,1;26;29,2;27,5;26;22,9;88;70;88;237;4,6;0;
2026/01/13;2100 UTC;0;1010,8;1011;1010,4;425,4;27,3;24,4;29,1;26,8;26,3;24;94;74;84;243;3,5;1,2;
2026/01/13;2200 UTC;0;1011,4;1011,4;1010,7;57,2;25,6;25,3;27,3;25,4;25,4;24,1;99;84;98;236;3,5;,7;
2026/01/13;2300 UTC;0;1012;1012;1011,4;0;25;25;25,6;24,8;25,4;24,9;100;98;100;248;1,5;,3;
2026/01/14;0000 UTC;0;1013;1013;1012;0;24,9;24,4;25,7;24,5;25,6;24,4;100;96;97;266;3;,8;
2026/01/14;0100 UTC;0;1013,8;1013,8;1013;0;24,2;24,2;24,9;23,9;24,5;23,9;100;97;100;275;1,6;,4;
2026/01/14;0200 UTC;0;1013,6;1013,9;1013,6;0;23,7;23,7;24,6;23,7;24,5;23,7;100;97;100;249;2,2;,7;
2026/01/14;0300 UTC;0;1012,8;1013,6;1012,8;0;23,5;23,5;23,8;23,4;23,8;23,5;100;100;100;266;1,9;,5;
2026/01/14;0400 UTC;0;1011,8;1012,8;1011,8;0;22,6;22,6;23,5;22,6;23,5;22,6;100;100;100;236;1,7;,1;
2026/01/14;0500 UTC;0;1011,5;1011,8;1011,4;0;22,1;22,1;22,6;22,1;22,6;22,1;100;100;100;236;2,5;,2;
2026/01/14;0600 UTC;0;1011,3;1011,6;1011,2;0;21,1;21,1;22,1;21,1;22,1;21,1;100;100;100;236;1,7;,3;
2026/01/14;0700 UTC;0;1011,8;1011,8;1011,3;0;20,9;20,9;21,2;20,9;21,2;20,9;100;100;100;252;1,2;,3;
2026/01/14;0800 UTC;0;1012,1;1012,1;1011,8;0;20,6;20,6;21,2;20,5;21,2;20,5;100;100;100;236;1,7;,2;
2026/01/14;0900 UTC;0;1012,8;1012,8;1012,1;47;20,7;20,7;20,8;20,5;20,8;20,5;100;100;100;236;1,8;0;
2026/01/14;1000 UTC;0;1013;1013,1;1012,8;607,1;23,8;21,5;23,8;20,6;22;20,7;100;87;87;247;1,2;,3;
2026/01/14;1100 UTC;0;1013;1013;1012,9;1512,4;28;21,4;28;23,8;22,5;20,5;88;67;67;267;1,6;0;
2026/01/14;1200 UTC;0;1012,9;1013;1012,8;2351,1;29,5;21,2;29,9;27,6;23;20,7;71;59;61;297;3,7;1,8;
2026/01/14;1300 UTC;,2;1012,9;1013,1;1012,9;3099,6;31,3;21,5;31,3;29,5;22,5;20,6;62;56;56;273;4,1;,6;
2026/01/14;1400 UTC;0;1012;1012,9;1012;3594,8;33,4;21,9;33,4;31,1;23,9;21;61;49;51;251;2,5;,9;
2026/01/14;1500 UTC;0;1011,4;1012,1;1011,4;3935,5;34,7;21,6;35;33,4;22;19;52;40;47;265;5;1,3;
2026/01/14;1600 UTC;0;1010,7;1011,4;1010,7;4041,5;34,5;21,2;35,2;34,4;22,7;19,4;49;41;46;291;4,4;1,2;
2026/01/14;1700 UTC;0;1009,7;1010,7;1009,7;3513,5;35;21,9;35,3;34,5;23,3;21,2;51;44;46;276;3,4;,6;
2026/01/14;1800 UTC;0;1008,6;1009,7;1008,6;2713,4;36,1;21,6;36,1;32,6;24,8;20,4;61;42;43;270;4,3;1,1;
2026/01/14;1900 UTC;0;1008,9;1009;1008,3;2226,3;28,4;21,2;36,3;28,4;22,8;20,5;65;41;65;236;13,6;6;
2026/01/14;2000 UTC;,8;1010,9;1010,9;1008,7;113,9;24,4;23,1;28,4;24,3;23,3;20;94;63;92;246;14,7;1,3;
2026/01/14;2100 UTC;0;1009,9;1010,9;1009,9;48,7;23,7;23,7;24,4;23,5;23,8;23;100;92;100;236;3;,3;
2026/01/14;2200 UTC;0;1010,3;1010,3;1009,8;12,6;23,6;23,6;24;23,6;24;23,6;100;99;100;237;2,5;,1;
2026/01/14;2300 UTC;0;1010,9;1010,9;1010,3;0;23,8;23,8;23,8;23,6;23,8;23,6;100;100;100;236;1,1;,5;
2026/01/15;0000 UTC;0;1011,8;1011,8;1010,9;0;23,6;23,6;23,8;23,6;23,8;23,6;100;100;100;236;1,2;,1;
2026/01/15;0100 UTC;0;1012,1;1012,1;1011,8;0;23,4;23,4;23,6;23,4;23,6;23,4;100;100;100;258;1,4;,1;
2026/01/15;0200 UTC;0;1012,5;1012,5;1012,1;0;23,1;23,1;23,4;23;23,4;23;100;100;100;252;1,6;,2;
2026/01/15;0300 UTC;0;1012;1012,5;1012;0;22,9;22,9;23,6;22,8;23,7;22,9;100;100;100;255;2,5;,3;
2026/01/15;0400 UTC;0;1012;1012;1011,8;0;22,3;22,3;22,9;22,3;22,9;22,3;100;100;100;236;1,2;,3;
2026/01/15;0500 UTC;0;1011,4;1012;1011,4;0;22;22,1;22,3;21,9;22,3;21,9;100;100;100;264;2,3;,6;
2026/01/15;0600 UTC;0;1011;1011,5;1011;0;21,6;21,6;22,1;21,6;22,1;21,6;100;100;100;236;2;,5;
2026/01/15;0700 UTC;0;1011,2;1011,2;1010,9;0;21,4;21,4;21,9;21,4;21,9;21,4;100;100;100;247;2,1;,1;
2026/01/15;0800 UTC;0;1011,8;1011,8;1011,2;0;21,3;21,3;21,5;21,2;21,5;21,2;100;100;100;238;1,4;0;
2026/01/15;0900 UTC;,2;1012,4;1012,4;1011,8;38,4;21,3;21,3;21,4;21;21,4;21;100;100;100;265;1,2;,1;
2026/01/15;1000 UTC;0;1012,7;1012,7;1012,4;615;24,6;23;24,7;21,2;23,6;21,2;100;90;90;255;1,2;,1;
2026/01/15;1100 UTC;0;1012,9;1012,9;1012,6;1509,9;27,6;23,4;27,7;24,5;24;22,6;91;77;78;283;3;,6;
2026/01/15;1200 UTC;0;1012,8;1013;1012,7;2291,8;31;19,7;31,3;27,6;24,1;19,7;80;50;51;249;4,9;1,5;
2026/01/15;1300 UTC;0;1012,9;1013;1012,7;2887,8;32,7;19,8;32,8;30,7;20,8;18,7;53;45;47;274;8,5;1,5;
2026/01/15;1400 UTC;0;1012,7;1013;1012,7;3598,1;33,4;19,7;33,6;32,5;20,5;18,4;49;42;44;242;7,9;2,2;
2026/01/15;1500 UTC;0;1012,2;1012,7;1012,2;4016,5;34;20,4;34,3;33,4;22,1;19,4;52;43;45;241;7,8;2,3;
2026/01/15;1600 UTC;0;1011,3;1012,2;1011,3;3622,8;34,6;19,6;34,9;33,5;21,8;19;48;40;42;242;7,8;1,6;
2026/01/15;1700 UTC;0;1010,2;1011,3;1010,2;3552,7;35,3;20,5;35,7;34,6;21,5;18,4;47;38;42;256;3,5;,8;
2026/01/15;1800 UTC;0;1009,7;1010,2;1009,6;2381,9;34,7;22,4;35,9;32,8;23,6;19,2;57;39;49;297;4,7;2,1;
2026/01/15;1900 UTC;0;1009,6;1009,8;1009,5;966,3;30,3;23,3;34,7;30,3;23,3;20,6;66;47;66;253;6;,4;
2026/01/15;2000 UTC;21,6;1010,6;1012,2;1009,6;246,6;22,8;22,7;31,1;21,5;24,2;19,4;100;57;99;268;20,1;1,9;
2026/01/15;2100 UTC;,2;1011,2;1011,2;1010,6;202,8;23,9;24;24,5;22,8;24,4;22,7;100;97;100;236;4,5;,1;
2026/01/15;2200 UTC;0;1012,8;1012,8;1011,2;21,8;23,3;23;25,3;23,3;24,8;22,9;100;86;98;245;4,4;,4;
2026/01/15;2300 UTC;0;1012,9;1013;1012,8;0;22,8;22,8;23,3;22,8;23,2;22,8;100;98;100;236;1,8;,2;
2026/01/16;0000 UTC;0;1013,1;1013,1;1012,9;0;22,5;22,5;22,8;22,5;22,8;22,5;100;100;100;231;1,1;,3;
2026/01/16;0100 UTC;0;1013,8;1013,8;1013,1;0;22;22,1;22,5;22;22,5;22;100;100;100;236;1,2;,5;
2026/01/16;0200 UTC;0;1013,7;1013,9;1013,7;0;21,8;21,8;22,1;21,6;22,1;21,7;100;100;100;240;1,2;0;
2026/01/16;0300 UTC;0;1013,1;1013,7;1013,1;0;21,2;21,2;21,9;21,2;21,9;21,2;100;100;100;237;1,4;0;
2026/01/16;0400 UTC;0;1012,6;1013,1;1012,6;0;21,2;21,2;21,3;21;21,3;21,1;100;100;100;242;1,3;,2;
2026/01/16;0500 UTC;0;1012,1;1012,6;1012,1;0;20,6;20,6;21,2;20,6;21,2;20,6;100;100;100;232;1,3;,2;
2026/01/16;0600 UTC;0;1011,7;1012,1;1011,7;0;20,4;20,5;20,6;20,4;20,7;20,4;100;100;100;240;1,3;,4;
2026/01/16;0700 UTC;0;1011,9;1012;1011,7;0;20,1;20,1;20,4;20;20,4;20;100;100;100;231;1,3;,3;
2026/01/16;0800 UTC;0;1012,2;1012,2;1011,9;0;20;20;20,2;19,9;20,2;19,9;100;100;100;258;1,1;,3;
2026/01/16;0900 UTC;0;1012,6;1012,6;1012,2;41,6;20,1;20,1;20,1;19,8;20,2;19,8;100;100;100;236;1,1;0;
2026/01/16;1000 UTC;0;1012,7;1012,9;1012,6;636,1;23,4;23,3;23,4;20,1;23,3;20,1;100;99;99;243;1;,1;
2026/01/16;1100 UTC;0;1013;1013;1012,7;1502,4;26,3;21,5;26,8;23,2;23,6;21,5;99;74;75;247;2,2;,8;
2026/01/16;1200 UTC;0;1012,9;1013,1;1012,9;2375,8;28,9;22,9;29,1;26;23,8;21,2;82;67;70;296;3,2;1,4;
2026/01/16;1300 UTC;,2;1012,6;1012,9;1012,6;2674,5;31,2;22,9;31,2;29;24,1;22;71;61;61;247;2,8;,7;
2026/01/16;1400 UTC;0;1012;1012,6;1012;3532,5;32,8;20,1;33,4;31,1;23,9;19,9;64;47;47;254;2,8;,9;
2026/01/16;1500 UTC;0;1011,4;1012;1011,4;3954;34;18,9;34,4;32,8;22,1;18,9;53;41;41;253;5,3;1,2;
2026/01/16;1600 UTC;0;1010,5;1011,4;1010,5;3645,5;34,7;21,1;34,8;33,7;22;19,2;50;41;45;296;3,8;1,8;
2026/01/16;1700 UTC;0;1009,8;1010,6;1009,8;3647,9;35;19,4;36;34,3;23;18,7;51;37;40;295;4,6;1,4;
2026/01/16;1800 UTC;0;1009;1009,8;1009;1947;34,4;23,3;35;32,7;24,7;19;63;39;53;244;3,4;,7;
2026/01/16;1900 UTC;0;1008,4;1009;1008,3;1907;32,7;21,9;34,6;32,7;24,5;20,3;59;44;53;237;4;1,2;
2026/01/16;2000 UTC;0;1008,4;1008,4;1008,1;384;28,8;24;32,7;28,8;24,2;21,9;75;53;75;256;3,6;,7;
2026/01/16;2100 UTC;0;1008,8;1008,9;1008,3;533,7;27,6;23,7;30,6;27,4;24;21,4;79;58;79;288;6,4;2;
2026/01/16;2200 UTC;0;1009,3;1009,3;1008,8;85,8;25,9;24,4;27,7;25,8;24,7;23,6;93;79;92;238;5,3;,5;
2026/01/16;2300 UTC;0;1009,7;1009,7;1009,3;0;24,7;23,6;26,1;24,7;24,5;23,5;95;90;93;259;2,2;,1;
2026/01/17;0000 UTC;0;1010,5;1010,5;1009,7;0;24,1;23,6;25;24;23,9;23,3;99;90;97;239;1,4;,3;
2026/01/17;0100 UTC;0;1011,1;1011,1;1010,5;0;23,6;23,6;24,4;23,6;23,7;23,3;100;93;100;240;1,5;0;
2026/01/17;0200 UTC;0;1011,1;1011,3;1011,1;0;23,9;23,6;23,9;23,2;23,8;23,3;100;98;98;296;1,4;,1;
2026/01/17;0300 UTC;0;1010,4;1011,1;1010,4;0;22,7;22,7;24;22,7;23,6;22,7;100;97;100;244;,9;,1;
2026/01/17;0400 UTC;0;1009,8;1010,4;1009,8;0;22,6;22,6;22,7;22,4;22,7;22,4;100;100;100;236;1,5;,1;
2026/01/17;0500 UTC;0;1009,2;1009,8;1009,2;0;21,9;22;22,6;21,9;22,6;21,9;100;100;100;236;1;,3;
2026/01/17;0600 UTC;0;1008,5;1009,2;1008,5;0;21,7;21,7;22;21,7;22;21,7;100;100;100;231;,9;,2;
2026/01/17;0700 UTC;0;1008,6;1008,6;1008,4;0;21,2;21,2;21,7;21,2;21,7;21,2;100;100;100;236;,9;0;
2026/01/17;0800 UTC;0;1008,5;1008,6;1008,5;0;21,1;21,1;21,3;21,1;21,4;21,1;100;100;100;236;1,4;,1;
2026/01/17;0900 UTC;0;1008,9;1009;1008,5;56,3;21,3;21,3;21,3;20,9;21,3;20,9;100;100;100;244;1,1;0;
2026/01/17;1000 UTC;0;1009,4;1009,5;1008,9;538,3;24,3;23,2;24,3;21,3;23,5;21,3;100;94;94;274;1,6;,5;
2026/01/17;1100 UTC;0;1009,4;1009,4;1009,3;1460;28,1;23;28,3;24,3;24,2;22,7;93;74;74;290;2,4;1;
2026/01/17;1200 UTC;0;1009,4;1009,5;1009,3;1978;30,9;22,8;31;28,1;24,2;21,9;79;59;62;274;2,8;,7;
2026/01/17;1300 UTC;0;1009,4;1009,5;1009,3;2607;32,2;20,6;32,6;30,9;24,7;20,1;69;49;50;291;6,1;1,5;
2026/01/17;1400 UTC;0;1009;1009,4;1009;3003,1;32,1;21,5;33,3;31,7;22;20,2;56;46;54;248;7,2;2,3;
2026/01/17;1500 UTC;0;1008,3;1009;1008,3;3197,6;33,9;20,6;34;32,1;22,6;19,8;55;44;46;266;6,1;2;
2026/01/17;1600 UTC;0;1007,2;1008,3;1007,2;3603,1;34,3;19,6;34,7;33,6;22,1;19,5;49;42;42;298;4,8;2,1;
2026/01/17;1700 UTC;0;1006,5;1007,2;1006,5;2838,6;33,7;22,4;35,2;33,7;25,5;19,6;60;41;52;256;4,5;,1;
2026/01/17;1800 UTC;0;1005,6;1006,5;1005,6;2502,6;35;20,7;35,3;33,2;23,6;19,8;58;42;43;258;3;1,2;
2026/01/17;1900 UTC;0;1005,2;1005,6;1005,1;2046,4;32,8;21;35,3;32,8;24,2;20;55;42;50;239;6,1;2,2;
2026/01/17;2000 UTC;0;1006,1;1006,1;1005,2;573,9;30;22,5;33,2;30;22,8;18,9;64;43;64;292;10,4;2,4;
2026/01/17;2100 UTC;0;1007,8;1008;1006,1;125,7;26,7;18,3;30;26,7;22,3;17,8;71;57;60;298;8,9;2,8;
2026/01/17;2200 UTC;0;1007,4;1008;1007,4;16,3;24,5;20,4;26,7;24,5;20,4;18,5;78;60;78;298;6,2;1,6;
2026/01/17;2300 UTC;0;1007,5;1007,5;1007,2;0;23,9;21,9;24,5;23,4;21,9;20,3;89;78;88;275;2,7;,5;
2026/01/18;0000 UTC;0;1007,7;1008,4;1007,5;0;23,7;22;24,1;23,3;22,6;21,5;96;86;90;293;2,5;,8;
2026/01/18;0100 UTC;0;1008,4;1008,4;1007,7;0;23,2;22,4;23,7;22,7;22,6;22;97;90;96;275;2,1;,4;
2026/01/18;0200 UTC;0;1008,5;1008,6;1008,4;0;22,5;22,3;23,6;22,5;22,6;22;99;92;99;250;2,5;0;
2026/01/18;0300 UTC;0;1007,7;1008,5;1007,6;0;22,3;21,7;22,7;22,2;22,5;21,6;100;96;96;274;1,9;,3;
2026/01/18;0400 UTC;0;1006,8;1007,7;1006,8;0;22;22;22,4;21,9;22;21,7;100;96;100;231;1,5;,2;
2026/01/18;0500 UTC;0;1006,4;1006,8;1006,4;0;22,2;22,1;23,4;22;22,3;21,6;100;92;99;236;2,5;,2;
2026/01/18;0600 UTC;0;1006,1;1006,5;1006;0;21,9;21,9;22,2;21,8;22,2;21,9;100;99;100;261;,9;0;
2026/01/18;0700 UTC;0;1006;1006,1;1005,8;0;21,8;21,8;21,9;21,7;21,9;21,7;100;100;100;263;,9;,1;
2026/01/18;0800 UTC;0;1005,8;1006;1005,7;0;21,7;21,7;21,9;21,6;21,9;21,6;100;100;100;273;1,8;0;
2026/01/18;0900 UTC;0;1006,6;1006,6;1005,8;33,6;21,9;21,9;21,9;21,6;21,9;21,6;100;100;100;234;1,2;,1;
2026/01/18;1000 UTC;0;1006,9;1006,9;1006,5;308,8;23,4;22,9;23,4;21,9;23,1;21,9;100;97;97;258;1,4;,2;
2026/01/18;1100 UTC;0;1007,2;1007,2;1006,8;644,1;25,9;23,6;25,9;23,5;24;22,4;97;88;88;269;2,5;,6;
2026/01/18;1200 UTC;0;1007,4;1007,5;1007,1;805,9;26,5;23,3;27,1;25,7;24,7;22,8;89;80;83;236;3,5;,9;
2026/01/18;1300 UTC;0;1007,5;1007,5;1007,3;1351,3;28,8;24,1;29,6;26,4;25;22,4;89;67;76;258;2,4;,5;
2026/01/18;1400 UTC;0;1007,5;1007,6;1007,5;1162,7;28,8;24,5;29,6;28;24,5;20,4;79;58;78;249;2,8;,6;
2026/01/18;1500 UTC;0;1007,2;1007,5;1007,1;1351;30,3;21,2;30,7;28,7;25,2;19,9;79;53;58;291;5;1,2;
2026/01/18;1600 UTC;0;1006,9;1007,2;1006,9;1112,5;30,7;19,8;30,7;29,6;24,1;19,5;70;52;52;298;5;2,5;
2026/01/18;1700 UTC;0;1006,2;1006,9;1006,2;2429,6;31,4;18,8;31,9;30,7;20,7;18,4;54;46;47;297;8,8;3;
2026/01/18;1800 UTC;0;1005,1;1006,2;1005,1;2043,2;31,7;19,8;31,8;31;20,5;18,1;52;45;49;294;7,7;1,7;
2026/01/18;1900 UTC;0;1004,4;1005,1;1004,4;1961,9;31,8;18,6;32,8;31,2;21,2;17,6;52;42;46;293;5,6;2;
2026/01/18;2000 UTC;0;1003,6;1004,4;1003,6;1656,7;32,3;18,2;32,6;31,7;20,6;17,3;50;41;43;298;5,6;1,4;
2026/01/18;2100 UTC;0;1003,6;1003,7;1003,5;814,7;27,2;20,7;32,4;27,2;21,6;17,7;68;42;68;279;4,7;,2;
2026/01/18;2200 UTC;0;1004,2;1004,2;1003,6;95,1;28,4;18,9;29,1;26,2;21,8;18,9;75;55;57;252;6;1,5;
2026/01/18;2300 UTC;0;1004,4;1004,5;1004,2;0;25,2;19,9;28,4;25,2;20,2;18,9;73;56;72;293;5,5;,6;
2026/01/19;0000 UTC;0;1004,7;1004,7;1004,3;0;22,8;20,5;25,5;22,7;20,7;19,6;88;71;87;237;3;,8;
2026/01/19;0100 UTC;0;1004,5;1004,7;1004,5;0;21,9;20,6;22,9;21,8;20,8;20,4;93;86;93;236;2,6;,5;
2026/01/19;0200 UTC;0;1004,6;1004,7;1004,5;0;20,9;20,5;22;20,9;20,8;20,5;98;92;98;244;1,5;0;
2026/01/19;0300 UTC;0;1004,8;1004,9;1004,4;0;21;20,4;21,2;20,8;20,7;20,4;99;96;97;253;1,5;,2;
2026/01/19;0400 UTC;0;1003,8;1004,8;1003,7;0;21,9;20,1;22,2;20,9;20,6;20,1;97;89;90;236;2,9;1,3;
2026/01/19;0500 UTC;0;1002,8;1003,9;1002,8;0;23,4;20,2;23,4;21;20,7;20;97;82;82;261;3,5;,6;
2026/01/19;0600 UTC;0;1002,1;1002,8;1002,1;0;27,5;18,5;27,6;23,1;20,3;18,4;83;58;58;281;5,6;1,2;
2026/01/19;0700 UTC;0;1002,3;1002,3;1002;0;27,5;19;28,6;26,3;19;18,2;63;54;60;258;6,7;1,2;
2026/01/19;0800 UTC;0;1002,7;1002,7;1002,1;0;22,8;20,6;27,5;22,8;20,9;18,6;89;59;87;239;5,6;,5;
2026/01/19;0900 UTC;0;1002,8;1003;1002,6;43,8;28,5;18,5;28,7;22,9;20,5;18,5;87;54;55;261;5,5;1,9;
2026/01/19;1000 UTC;0;1003,2;1003,2;1002,6;371,9;29,2;18,8;29,4;28,5;19;18,2;55;51;53;252;8,6;3,2;
2026/01/19;1100 UTC;0;1003,3;1003,4;1003;611,3;29,4;19,2;29,5;29,1;19,3;18,8;55;53;54;246;8,8;3;
2026/01/19;1200 UTC;0;1003,1;1003,3;1002,8;1157,8;30;19,4;30,2;29,4;19,9;18,9;56;51;53;247;9,2;3;
2026/01/19;1300 UTC;0;1003,5;1003,5;1003;1490,8;29,9;20,1;30,3;29,9;20,5;19,4;56;53;56;253;8,2;2,1;
2026/01/19;1400 UTC;0;1003,6;1003,7;1003,4;1374,4;29,1;22,8;31,3;29,1;23,2;19,6;69;51;69;282;7,3;,4;
2026/01/19;1500 UTC;0;1003,3;1003,6;1003,3;1597,5;31,2;20,4;31,3;29,1;23,2;20,1;71;53;53;288;4;1,4;
2026/01/19;1600 UTC;0;1002,9;1003,3;1002,9;1989,5;31,6;20,8;32;31,2;22,2;20,4;59;51;53;242;4,8;1,9;
2026/01/19;1700 UTC;0;1001,8;1002,9;1001,8;2945,9;32,9;21,7;33,5;31,6;22,9;20,3;58;48;52;252;7,9;,8;
2026/01/19;1800 UTC;0;1001,2;1001,8;1001,2;966,3;29,8;24,4;32,9;29,5;25,1;20,4;77;48;73;237;2,9;,1;
2026/01/19;1900 UTC;2,6;1002,2;1002,2;1001,2;272,6;25,6;24,3;30,1;25,6;25,5;22,8;92;68;92;262;6;,9;
2026/01/19;2000 UTC;4;1002,4;1002,7;1002,2;100,3;24,9;24,6;25,6;24,5;24,9;24,3;100;92;98;269;3,9;1,6;
2026/01/19;2100 UTC;,6;1002,4;1002,6;1002,3;52,4;24,4;24,4;25;24,4;24,8;24,4;100;98;100;271;3,2;0;
2026/01/19;2200 UTC;,2;1003,9;1003,9;1002,4;5,9;24,5;24,5;24,5;24,3;24,6;24,3;100;100;100;292;1,2;,4;
2026/01/19;2300 UTC;,2;1004;1004;1003,6;0;24,4;24,4;24,6;24,4;24,6;24,4;100;100;100;283;2,5;,2;
2026/01/20;0000 UTC;6,4;1005,4;1005,4;1004;0;23,7;23,6;24,4;23,7;24,4;23,6;100;99;99;264;3,9;,7;
2026/01/20;0100 UTC;23,6;1005,6;1005,8;1005,2;,2;22,8;22,8;23,7;22,5;23,5;22,5;100;99;100;296;3;1,4;
2026/01/20;0200 UTC;,8;1006,2;1006,2;1005,6;,1;22,6;22,6;22,9;22,6;22,9;22,6;100;100;100;298;4,9;2,2;
2026/01/20;0300 UTC;1,8;1006,2;1006,3;1006,1;,1;22,1;22,1;22,6;22,1;22,6;22,1;100;100;100;249;4,9;,4;
2026/01/20;0400 UTC;8,6;1006,1;1006,4;1006,1;,1;21,9;21,9;22,1;21,8;22,1;21,8;100;100;100;248;2,6;,1;
2026/01/20;0500 UTC;1,6;1006,1;1006,2;1006;0;21,9;21,9;22,1;21,9;22,1;21,9;100;100;100;238;1;,1;
2026/01/20;0600 UTC;4,6;1006,5;1006,5;1006;0;21,4;21,5;22,1;21,4;22,1;21,5;100;99;100;289;5,5;1,4;
2026/01/20;0700 UTC;15,8;1007,1;1007,1;1006,5;0;21;21,1;21,5;21;21,5;21,1;100;100;100;243;5,5;,5;
2026/01/20;0800 UTC;4,4;1007,8;1007,8;1007,1;0;21;21;21,1;21;21,1;21;100;100;100;239;2,2;,7;
2026/01/20;0900 UTC;2,4;1008,4;1008,4;1007,8;8,2;21,2;21,2;21,2;21;21,2;21;100;100;100;288;2,8;,8;
2026/01/20;1000 UTC;5,4;1009,2;1009,2;1008,4;75,9;21,2;21,2;21,2;21,1;21,2;21,1;100;100;100;246;2;,2;
2026/01/20;1100 UTC;5;1010,1;1010,1;1009,1;182,5;21,7;21,7;21,7;21,1;21,7;21,2;100;100;100;240;1,6;,2;
2026/01/20;1200 UTC;,8;1010,6;1010,6;1010,1;618,3;22,6;22,4;22,6;21,6;22,5;21,7;100;99;99;239;2,7;,7;
2026/01/20;1300 UTC;1,6;1011,1;1011,1;1010,6;372,6;22;22;22,7;22;22,5;22;100;98;100;253;2,3;,6;
2026/01/20;1400 UTC;1,8;1011,7;1011,7;1011,1;624,1;22,8;22,2;22,8;22;22,5;21,7;100;97;97;294;5,7;1;
2026/01/20;1500 UTC;5,8;1011,9;1011,9;1011,7;412,1;21,7;21,7;22,8;21,6;22,2;21,3;100;95;100;242;3,3;,3;
2026/01/20;1600 UTC;,8;1011,7;1011,9;1011,7;766,8;22,2;21,8;22,4;21,7;22,4;21,5;100;96;98;239;3,7;1,6;
2026/01/20;1700 UTC;3,8;1011,5;1011,8;1011,4;400,7;21,8;21,8;22,3;21,4;22;21,3;100;96;100;247;3,7;,4;
2026/01/20;1800 UTC;1,8;1011,3;1011,6;1011,2;444,8;21,6;21,1;21,8;21,2;21,7;20;100;91;97;269;4,4;1,1;
2026/01/20;1900 UTC;,6;1011,5;1011,6;1011,2;344,9;21;20,5;21,8;20,8;21,3;20,3;100;93;97;281;4;,9;
2026/01/20;2000 UTC;0;1011,5;1011,6;1011,4;245,8;21,3;20,8;21,3;21;21;20,4;99;96;97;262;2,9;1;
2026/01/20;2100 UTC;1;1011,8;1011,8;1011,5;78,9;21;21;21,3;20,9;21,2;20,8;100;97;100;248;1,9;,2;
2026/01/20;2200 UTC;,4;1012,3;1012,3;1011,8;16,8;20,8;20,8;21,1;20,8;21,2;20,8;100;100;100;296;1,7;,9;
2026/01/20;2300 UTC;0;1012,8;1012,8;1012,4;0;20,7;20,7;20,8;20,5;20,8;20,5;100;100;100;287;1,7;0;
2026/01/21;0000 UTC;0;1013,1;1013,1;1012,8;0;20,5;20,5;20,8;20,5;20,8;20,5;100;100;100;236;1,1;0;
2026/01/21;0100 UTC;0;1013,3;1013,3;1013,1;0;20,6;20,6;20,6;20,5;20,6;20,5;100;100;100;283;3,1;,5;
2026/01/21;0200 UTC;0;1013,4;1013,4;1013,2;0;20,3;20,3;20,6;20,3;20,6;20,3;100;99;100;239;1,8;,4;
2026/01/21;0300 UTC;0;1013,1;1013,4;1013,1;0;19,9;19,9;20,4;19,9;20,3;19,8;100;97;100;251;2,3;,1;
2026/01/21;0400 UTC;1,4;1012,9;1013,1;1012,9;0;19,8;19,8;20,1;19,8;20,1;19,8;100;100;100;273;2,6;,7;
2026/01/21;0500 UTC;,4;1012,2;1012,9;1012,2;0;19,6;19,1;19,8;19,4;19,8;19,1;100;97;97;244;4,5;2;
2026/01/21;0600 UTC;0;1011,5;1012,2;1011,5;,1;19,5;19,3;19,8;19,3;19,4;18,7;99;94;99;298;4,5;1,7;
2026/01/21;0700 UTC;0;1011,2;1011,5;1011,2;0;19,6;19,4;19,7;19,5;19,4;19,2;99;98;99;286;3,1;,8;
2026/01/21;0800 UTC;,4;1011,5;1011,5;1011,2;0;19,6;19,6;19,8;19,5;19,7;19,3;100;99;100;263;2,2;0;
2026/01/21;0900 UTC;,2;1012,3;1012,3;1011,5;10,8;19,5;19,3;19,7;19,5;19,8;19,3;100;98;98;256;2,4;,7;
2026/01/21;1000 UTC;0;1012,7;1012,7;1012,3;145,6;20,1;19,7;20,1;19,5;20;19,3;100;97;97;298;2,5;,6;
2026/01/21;1100 UTC;,6;1013,1;1013,1;1012,7;429,8;20,5;19,8;20,5;20,1;20,2;19,3;100;94;96;296;1,4;,1;
2026/01/21;1200 UTC;,6;1013,5;1013,5;1013,1;719,7;20,7;19,8;21;20,5;20,8;19,6;99;93;94;237;1,4;,2;
2026/01/21;1300 UTC;,8;1013,8;1013,8;1013,5;809,3;20,9;20,5;21,6;20,7;21,5;19,8;100;94;97;293;2,6;1,3;
2026/01/21;1400 UTC;3;1013,8;1014;1013,8;733,6;21,5;20,2;21,5;20,8;21,5;20,2;100;92;92;298;3;1,8;
2026/01/21;1500 UTC;0;1013,6;1013,8;1013,6;1249,9;22,2;19,5;22,8;21,5;21,2;19,4;93;83;85;292;4,4;2,2;
2026/01/21;1600 UTC;1,4;1013,4;1013,7;1013,3;1093,7;21,5;19,6;22,2;21,1;20,8;19,3;96;85;89;260;4,4;,2;
2026/01/21;1700 UTC;,6;1012,9;1013,4;1012,9;1048,6;21,4;20,6;21,7;20,7;21,2;19,9;98;89;95;240;2,7;,8;
2026/01/21;1800 UTC;,4;1012,6;1012,9;1012,5;920,2;21,5;20,9;22,1;21,4;21,6;20,4;99;92;97;236;2,6;,2;
2026/01/21;1900 UTC;1,6;1012,6;1012,6;1012,6;386;20,5;20,5;21,5;20,5;21,2;20;100;95;100;297;1,9;,5;
2026/01/21;2000 UTC;3,6;1012,8;1012,8;1012,6;182,1;20,4;20,5;20,5;20,3;20,5;20,2;100;99;100;298;1,6;,9;
2026/01/21;2100 UTC;1,2;1013,1;1013,1;1012,8;161,8;20,5;20,5;20,6;20,4;20,6;20,4;100;100;100;231;1,6;0;
2026/01/21;2200 UTC;0;1013,8;1013,8;1013,1;20,9;20,3;20,3;20,5;20,3;20,5;20,3;100;100;100;243;2,4;,3;
2026/01/21;2300 UTC;,2;1014,1;1014,1;1013,7;0;20,3;19,9;20,6;20,2;20,4;19,9;100;97;97;259;3;,9;
2026/01/22;0000 UTC;,2;1014,4;1014,4;1014,1;0;19,8;19,8;20,4;19,7;20;19,7;100;97;100;290;2,1;,3;
2026/01/22;0100 UTC;1;1014,4;1014,7;1014,4;0;19,1;18,7;19,8;19,1;19,8;18,6;100;97;98;294;1,9;1,1;
2026/01/22;0200 UTC;0;1014,3;1014,4;1014,2;,1;18,9;18,9;19,1;18,9;19,1;18,7;100;97;100;236;1,9;,1;
2026/01/22;0300 UTC;0;1013,7;1014,4;1013,7;0;18,9;18,9;19;18,8;19;18,8;100;100;100;287;1,6;,4;
2026/01/22;0400 UTC;0;1012,9;1013,7;1012,9;0;18,8;18,8;18,9;18,7;18,9;18,7;100;100;100;259;1,1;0;
2026/01/22;0500 UTC;0;1012;1012,9;1012;0;18,8;18,8;18,9;18,7;18,9;18,7;100;100;100;261;1,5;0;
2026/01/22;0600 UTC;0;1011,9;1012;1011,7;0;18,9;18,9;18,9;18,7;18,9;18,8;100;100;100;290;1,5;0;
2026/01/22;0700 UTC;0;1011,7;1011,9;1011,5;0;18,9;18,9;18,9;18,8;18,9;18,8;100;100;100;260;,9;,1;
2026/01/22;0800 UTC;0;1012;1012,1;1011,6;0;18,9;19;19;18,8;19;18,8;100;100;100;270;1,4;,1;
2026/01/22;0900 UTC;0;1012,6;1013;1011,9;7,8;19;19;19,1;18,8;19,1;18,8;100;100;100;234;2,1;,7;
2026/01/22;1000 UTC;0;1013;1013;1012,3;153,4;19,7;19,7;19,7;19;19,7;19;100;99;100;241;3,8;,1;
2026/01/22;1100 UTC;,2;1013,4;1013,7;1013;177,7;20,4;20;20,4;19,7;20,2;19,7;100;97;98;297;2,6;1,3;
2026/01/22;1200 UTC;0;1013,5;1013,6;1013;245,7;20,5;20,5;20,9;20,3;20,6;19,9;100;96;100;236;2,5;,4;
2026/01/22;1300 UTC;0;1014,2;1014,2;1013,5;251,1;21,1;20,8;21,2;20,5;21;20,5;100;97;98;293;2,1;,8;
2026/01/22;1400 UTC;,2;1013,6;1014,2;1013,6;408,8;21,6;20,6;21,6;21,1;21,3;20,5;99;94;94;298;2,4;,2;
2026/01/22;1500 UTC;1,8;1013,8;1014;1013,5;368,2;21,1;20,7;21,8;21,1;21,3;20,3;99;94;98;261;2;,3;
2026/01/22;1600 UTC;1,2;1013,5;1014;1013,5;256,9;20,9;20,9;21,2;20,9;21,2;20,5;100;97;99;253;2,2;,9;
2026/01/22;1700 UTC;,4;1012,7;1013,4;1012,7;316,1;21,2;21,2;21,2;20,8;21,2;20,4;100;96;100;268;3,1;,2;
2026/01/22;1800 UTC;,2;1012,2;1012,8;1012;491,2;21,8;21,1;21,9;21,2;21,5;20,4;100;95;96;279;1,7;,7;
2026/01/22;1900 UTC;0;1011,6;1012,2;1011,6;863,2;22,6;20,2;22,8;21,8;21,4;20,2;97;86;86;237;1,7;,3;
2026/01/22;2000 UTC;0;1012;1012;1011,6;807,2;22,4;21,3;23,7;22,2;21,7;20,4;96;82;94;240;2,1;,6;
2026/01/22;2100 UTC;,2;1012,3;1012,3;1012;509;22;21,6;22,4;22;21,6;20,5;97;91;97;239;2,1;,4;
2026/01/22;2200 UTC;0;1012,7;1012,8;1012,3;32,8;21,5;21,5;22;21,2;21,7;21,2;100;98;100;283;2,3;1;
2026/01/22;2300 UTC;0;1013,2;1013,2;1012,7;0;20,9;21;21,5;20,9;21,5;20,9;100;100;100;236;2,3;0;
2026/01/23;0000 UTC;,4;1013,3;1013,3;1013,2;0;20,9;20,8;21;20,8;21;20,8;100;99;99;298;2,6;1,4;
2026/01/23;0100 UTC;,2;1013,5;1013,5;1013,2;0;20,5;20,5;20,9;20,5;20,8;20,5;100;99;100;248;2,6;,1;
2026/01/23;0200 UTC;0;1013,6;1013,9;1013,2;0;20,5;20,5;21;20,5;21;20,5;100;100;100;245;2,5;,1;
2026/01/23;0300 UTC;0;1012,8;1013,6;1012,8;0;20,4;20,5;20,6;20,4;20,6;20,5;100;100;100;293;1;0;
2026/01/23;0400 UTC;0;1011,8;1012,8;1011,7;0;20,3;20,3;20,5;20,3;20,5;20,3;100;100;100;264;,6;0;
2026/01/23;0500 UTC;0;1011,4;1011,8;1011,4;0;20,2;20,2;20,3;20,1;20,3;20,2;100;100;100;236;,8;0;
2026/01/23;0600 UTC;0;1011,2;1011,4;1011,1;0;20,2;20,2;20,3;20,2;20,3;20,2;100;100;100;286;1,6;,2;
2026/01/23;0700 UTC;0;1011,1;1011,2;1010,9;0;20,1;20,1;20,2;20,1;20,2;20,1;100;100;100;255;1,2;0;
2026/01/23;0800 UTC;,2;1011,5;1011,5;1011,1;0;20,3;20,3;20,3;20,1;20,3;20,1;100;100;100;261;,9;,2;
2026/01/23;0900 UTC;1,4;1012,3;1012,3;1011,5;9,5;20,3;20,4;20,4;20,3;20,4;20,3;100;100;100;293;1,3;,1;
2026/01/23;1000 UTC;5,8;1012,7;1012,8;1012,3;67,3;20,4;20,4;20,5;20,3;20,5;20,4;100;100;100;258;1,1;0;
2026/01/23;1100 UTC;3,2;1013,2;1013,2;1012,7;180,3;20,7;20,7;20,7;20,4;20,7;20,4;100;100;100;250;0;0;
2026/01/23;1200 UTC;,8;1013,6;1013,6;1013,2;306,7;21,1;21,1;21,1;20,7;21,1;20,7;100;100;100;286;1,4;,1;
2026/01/23;1300 UTC;,4;1013,5;1013,6;1013,5;540;21,8;21,4;21,9;21,1;21,7;21,1;100;98;98;277;1,2;,1;
2026/01/23;1400 UTC;,2;1013,3;1013,5;1013,3;499,5;21,9;21,6;22,1;21,7;21,8;21,3;99;97;98;286;2,9;1,5;
2026/01/23;1500 UTC;,6;1013;1013,4;1013;527,6;21,9;21,9;22,5;21,8;22,5;21,5;100;98;100;298;2,9;1,4;
2026/01/23;1600 UTC;3,2;1012,8;1013;1012,7;377,3;21,8;21,9;22;21,7;22;21,7;100;100;100;296;3,3;,8;
2026/01/23;1700 UTC;8,6;1012,7;1013,1;1012,7;373,1;21,6;21,7;21,8;21,5;21,8;21,5;100;100;100;297;3,3;1,2;
2026/01/23;1800 UTC;7;1012,5;1012,7;1012,5;242,5;21,3;21,3;21,7;21,2;21,7;21,3;100;100;100;298;3;,2;
2026/01/23;1900 UTC;1,8;1012,1;1012,5;1012,1;345,1;21,7;21,7;21,7;21,3;21,8;21,3;100;100;100;298;1;0;
2026/01/23;2000 UTC;1;1012;1012,1;1011,9;262,3;21,8;21,8;21,9;21,7;21,9;21,6;100;100;100;298;1;,2;
2026/01/23;2100 UTC;,6;1012;1012,1;1011,9;105,4;21,7;21,7;21,8;21,7;21,8;21,7;100;100;100;281;1;0;
2026/01/23;2200 UTC;,2;1012,3;1012,3;1012;16,3;21,4;21,5;21,7;21,4;21,7;21,5;100;100;100;237;,9;0;
2026/01/23;2300 UTC;,2;1012,3;1012,3;1012,1;0;21,2;21,2;21,5;21,2;21,5;21,2;100;100;100;236;,5;0;
2026/01/24;0000 UTC;,4;1012,9;1012,9;1012,3;0;21,3;21,3;21,3;21,1;21,3;21,1;100;100;100;252;1,5;0;
2026/01/24;0100 UTC;0;1013,2;1013,2;1012,9;0;21,2;21,2;21,3;21,2;21,3;21,2;100;100;100;236;,6;0;
2026/01/24;0200 UTC;0;1013,2;1013,4;1013,1;0;21,3;21,3;21,3;21,2;21,3;21,2;100;100;100;277;,4;0;
2026/01/24;0300 UTC;,4;1012,8;1013,2;1012,8;0;21,2;21,2;21,3;21,2;21,3;21,2;100;100;100;292;,5;0;
2026/01/24;0400 UTC;,2;1012,2;1012,9;1012,2;0;21,2;21,2;21,2;21,1;21,3;21,1;100;100;100;298;1;,1;
2026/01/24;0500 UTC;0;1011,9;1012,2;1011,8;0;21,1;21,2;21,3;21,1;21,3;21,1;100;100;100;298;,8;,1;
2026/01/24;0600 UTC;0;1011,5;1011,9;1011,5;0;21,2;21,2;21,2;21,1;21,2;21,1;100;100;100;289;,6;0;
2026/01/24;0700 UTC;0;1011,4;1011,6;1011,4;0;21,2;21,2;21,2;21,1;21,2;21,1;100;100;100;256;0;0;
2026/01/24;0800 UTC;0;1011,4;1011,5;1011,4;0;21,1;21,1;21,2;21,1;21,2;21,1;100;100;100;236;0;0;
2026/01/24;0900 UTC;0;1012;1012;1011,4;26,6;21,1;21,1;21,1;20,9;21,1;21;100;100;100;294;1,1;,4;
2026/01/24;1000 UTC;0;1012,6;1012,6;1012;193,5;21,6;21,6;21,6;21,1;21,7;21,1;100;100;100;295;1,1;,1;
2026/01/24;1100 UTC;0;1013,1;1013,1;1012,6;665,4;22,9;22,5;23;21,6;22,5;21,7;100;94;97;241;1,3;,3;
2026/01/24;1200 UTC;,8;1013,5;1013,5;1013,1;756,4;23,3;22;23,5;22,7;22,4;21,1;97;88;93;249;1,3;,1;
2026/01/24;1300 UTC;0;1013,5;1013,8;1013,5;1531,7;26;22,9;26;23;22,9;21,5;94;80;83;294;1,5;,2;
2026/01/24;1400 UTC;0;1013,3;1013,5;1013,2;2918,5;26,6;22,4;27,1;25,3;23,5;21;84;74;78;248;3,4;1;
2026/01/24;1500 UTC;0;1012,9;1013,3;1012,9;1613,6;25,6;22,9;26,8;25,5;23,2;22;85;78;85;236;4,5;2,4;
2026/01/24;1600 UTC;0;1012,4;1012,9;1012,4;1670,6;26,5;22,5;26,8;25,4;23,3;22,4;86;79;79;237;5;2,1;
2026/01/24;1700 UTC;0;1012,3;1012,4;1012,3;1157,3;25,8;22,9;26,6;25,6;23,8;22;88;79;84;236;5,2;1,4;
2026/01/24;1800 UTC;0;1011,9;1012,6;1011,8;462,2;24,4;24,1;26;24,4;24,2;22,9;98;84;98;253;3,7;,1;
2026/01/24;1900 UTC;0;1011,9;1012,1;1011,8;87,4;23,8;23,8;24,4;23,8;24,2;23,8;100;98;100;282;,9;,1;
2026/01/24;2000 UTC;,2;1011,1;1011,9;1011,1;332,1;24,8;24,8;24,8;23,8;24,8;23,8;100;100;100;251;2,3;,8;
2026/01/24;2100 UTC;0;1011,7;1011,8;1011,1;356,9;24,5;24,1;25;24,5;24,9;24,1;100;96;98;293;2,6;,9;
2026/01/24;2200 UTC;0;1012,9;1012,9;1011,7;33;24,1;24,1;24,6;24,1;24,3;24,1;100;97;100;272;2,4;,4;
2026/01/24;2300 UTC;0;1013,5;1013,6;1012,9;0;23,6;23,6;24,1;23,6;24,1;23,6;100;100;100;254;1,6;,2;
2026/01/25;0000 UTC;2,6;1014,1;1014,1;1013,5;0;23,4;23,4;23,6;23,4;23,6;23,4;100;100;100;236;1,3;,1;
2026/01/25;0100 UTC;2,8;1014,3;1014,3;1014,1;0;23,3;23,3;23,4;23,3;23,4;23,3;100;100;100;236;,7;0;
2026/01/25;0200 UTC;,2;1014,3;1014,4;1014,2;,1;23,3;23,3;23,4;23,3;23,4;23,3;100;100;100;286;,9;0;
2026/01/25;0300 UTC;,4;1014,1;1014,4;1014,1;0;23,1;23,1;23,3;23;23,3;23,1;100;100;100;250;,5;0;
2026/01/25;0400 UTC;0;1014;1014,2;1013,9;0;23,1;23,1;23,1;23;23,1;23;100;100;100;278;,8;,3;
2026/01/25;0500 UTC;1;1013,8;1014;1013,7;0;22,5;22,6;23,1;22,5;23,1;22,6;100;100;100;286;5,3;1,9;
2026/01/25;0600 UTC;5,4;1013,6;1014,2;1013,6;0;21,9;21,9;22,5;21,9;22,6;21,9;100;100;100;249;5,3;,9;
2026/01/25;0700 UTC;,2;1012,3;1013,6;1012,3;0;21,7;20,9;22,4;21,7;22,1;20,9;100;93;95;281;5,5;,4;
2026/01/25;0800 UTC;0;1013,1;1013,1;1012,3;0;20,9;20,9;21,7;20,8;21,1;20,8;100;95;100;276;2,5;,1;
2026/01/25;0900 UTC;0;1013,9;1013,9;1013,1;21,5;21;21;21;20,6;21;20,7;100;100;100;264;2,3;,6;
2026/01/25;1000 UTC;0;1014,2;1014,4;1013,9;350,8;22,2;21,9;22,2;21;22;21;100;98;98;249;1,6;,2;
2026/01/25;1100 UTC;0;1014,6;1014,6;1014,2;1521,2;25,1;21,2;25,1;22,2;22,5;20,6;99;77;79;292;2,1;,5;
2026/01/25;1200 UTC;0;1015;1015;1014,6;1665,7;26,1;22,5;26,1;24,8;23;20,5;89;75;81;285;3,1;,6;
2026/01/25;1300 UTC;,2;1014,8;1015;1014,7;2052,1;27,2;22;27,4;25,6;23;21,6;83;72;74;297;2,7;,7;
2026/01/25;1400 UTC;0;1014,2;1014,8;1014,2;1787,2;27,9;23;28;26,6;23,4;21,6;78;72;75;298;2,5;1,3;
2026/01/25;1500 UTC;0;1014;1014,2;1013,9;1887,9;28,5;22,7;28,9;27,9;24;22,4;76;71;71;296;4;1;
2026/01/25;1600 UTC;0;1013,3;1013,9;1013,3;1547,6;29,1;23,7;29,1;28,3;24,5;22,3;77;68;73;258;2,5;,5;
2026/01/25;1700 UTC;0;1012,9;1013,3;1012,8;1546,1;28,4;24,2;29,4;28,4;25,3;22,5;81;68;78;244;2,9;,2;
2026/01/25;1800 UTC;0;1012,5;1012,9;1012,5;347;25,9;25,9;28,4;25,9;25,9;24,7;100;77;100;236;1,3;0;
2026/01/25;1900 UTC;,2;1013;1013,1;1012,4;460,7;25,5;24,3;26,6;25,4;26,3;23,9;100;90;93;261;4,7;,7;
2026/01/25;2000 UTC;0;1013,4;1013,4;1012,8;179,8;25;23,9;25,5;24,8;24,5;23,8;97;92;94;284;2,7;,5;
2026/01/25;2100 UTC;,6;1014,2;1014,2;1013,4;85;23,7;23,2;25;23,5;24,4;22,5;99;91;97;284;5,5;,4;
2026/01/25;2200 UTC;1,4;1014,7;1014,7;1014,2;8,1;22,9;23;23,7;22,8;23,2;22,9;100;96;100;287;1,6;,4;
2026/01/25;2300 UTC;,2;1015;1015;1014,7;0;22,8;22,9;23;22,8;23;22,8;100;100;100;251;1,8;0;
2026/01/26;0000 UTC;0;1015,3;1015,3;1015;0;22,6;22,6;22,9;22,5;22,9;22,6;100;100;100;231;1,6;0;
2026/01/26;0100 UTC;,2;1015,7;1015,8;1015,2;0;22,4;22,4;22,6;22,4;22,6;22,4;100;100;100;236;1,1;,1;
2026/01/26;0200 UTC;0;1015,5;1015,8;1015,5;0;22,5;22,5;22,5;22,4;22,5;22,4;100;100;100;240;,8;,1;
2026/01/26;0300 UTC;0;1014,5;1015,5;1014,5;0;22,4;22,4;22,5;22,3;22,5;22,3;100;100;100;239;1,8;,1;
2026/01/26;0400 UTC;0;1013,5;1014,5;1013,5;0;22,1;22,1;22,4;22,1;22,4;22,1;100;100;100;236;,9;,1;
2026/01/26;0500 UTC;0;1012,9;1013,5;1012,9;0;21,9;21,9;22,2;21,8;22,3;21,9;100;100;100;238;1;,2;
2026/01/26;0600 UTC;0;1012,4;1012,9;1012,4;0;21,9;21,9;22;21,8;22;21,8;100;100;100;258;2,1;,5;
2026/01/26;0700 UTC;0;1012,7;1012,9;1012,4;0;21,6;21,6;21,9;21,6;21,9;21,6;100;100;100;236;2;0;
2026/01/26;0800 UTC;0;1013,2;1013,3;1012,7;0;21,2;21,2;21,6;21,2;21,6;21,2;100;100;100;240;1;,1;
2026/01/26;0900 UTC;0;1014,1;1014,2;1013,2;43,9;21,2;21,2;21,4;21;21,4;21,1;100;100;100;270;1,1;0;
2026/01/26;1000 UTC;0;1014,4;1014,4;1014,1;352;22,3;22,4;22,4;21,2;22,4;21,2;100;100;100;284;,6;,1;
2026/01/26;1100 UTC;0;1015;1015;1014,4;1211,8;25,7;22,8;25,7;22,3;23,6;22,1;100;83;84;264;1;,1;
2026/01/26;1200 UTC;0;1015,3;1015,3;1015;2067,2;27,6;22,9;27,6;25,3;23,7;22;89;74;76;297;2,2;,9;
2026/01/26;1300 UTC;0;1015,2;1015,3;1015,2;2578;28,5;23,3;28,6;27;24,3;21,9;83;71;73;254;3,5;1,3;
2026/01/26;1400 UTC;,2;1014,7;1015,2;1014,7;2600,9;28,7;23,7;29,9;27,5;24,9;22,5;81;69;74;237;4;1,7;
2026/01/26;1500 UTC;0;1014;1014,7;1014;3497,7;30;24,4;30,5;28,7;24,9;23,2;77;67;72;237;5,4;2,6;
2026/01/26;1600 UTC;0;1013,6;1014;1013,6;2878,1;30,1;23,4;31,2;29,9;25;22,7;73;64;68;242;4,9;1,4;
2026/01/26;1700 UTC;9;1014,6;1014,6;1013,5;333,5;23,3;22,5;30,1;23;25;22,2;98;66;95;278;6,1;1,6;
2026/01/26;1800 UTC;0;1013,3;1014,6;1013,3;1337,1;26;23,5;26,5;23,1;24;22,3;98;78;86;247;3,7;,7;
2026/01/26;1900 UTC;0;1013,2;1013,4;1012,9;1169,2;26,8;24,4;27,3;26;24,6;23,3;88;80;87;240;2,7;,4;
2026/01/26;2000 UTC;0;1012,9;1013,4;1012,8;718,7;26,4;25,2;27,6;26,4;25,7;23,3;94;78;94;244;2,2;0;
2026/01/26;2100 UTC;0;1013,1;1013,4;1012,7;193,2;25,4;25,4;27;25,3;25,9;24,3;100;86;100;252;2,4;0;
2026/01/26;2200 UTC;0;1013,7;1013,7;1013,1;18,2;24,7;24,7;25,4;24,6;25,4;24,7;100;100;100;255;1,5;,1;
2026/01/26;2300 UTC;0;1014,2;1014,3;1013,7;0;24,3;24,3;24,7;24,1;24,7;24,1;100;98;100;253;1,9;,3;
2026/01/27;0000 UTC;0;1014,6;1014,6;1014,2;0;23,7;23,7;24,4;23,6;24,4;23,6;100;99;100;290;1,5;0;
2026/01/27;0100 UTC;0;1015;1015,1;1014,6;0;23,7;23,7;23,8;23,5;23,8;23,5;100;100;100;237;1,2;,2;
2026/01/27;0200 UTC;0;1014,4;1015;1014,4;0;23,8;23,8;23,9;23,7;23,9;23,7;100;100;100;270;2,1;,4;
2026/01/27;0300 UTC;0;1013,6;1014,4;1013,6;0;23,6;23,6;24;23,6;24;23,6;100;100;100;277;2,3;0;
2026/01/27;0400 UTC;0;1013;1013,6;1013;0;22,8;22,8;23,6;22,8;23,6;22,8;100;100;100;257;,6;0;
2026/01/27;0500 UTC;0;1013;1013,1;1012,9;0;22,7;22,7;22,8;22,5;22,8;22,5;100;100;100;268;1,8;,5;
2026/01/27;0600 UTC;0;1012,7;1013;1012,7;0;22,8;22,8;22,9;22,6;22,9;22,6;100;100;100;243;1,8;,1;
2026/01/27;0700 UTC;0;1012,6;1012,8;1012,5;0;22,2;22,2;22,8;22,1;22,9;22,2;100;100;100;242;2,3;,1;
2026/01/27;0800 UTC;0;1013,3;1013,3;1012,6;0;21,8;21,8;22,2;21,7;22,3;21,7;100;100;100;251;1,2;,1;
2026/01/27;0900 UTC;0;1014;1014;1013,3;28,3;21,8;21,8;21,9;21,5;21,9;21,5;100;100;100;241;1,4;0;
2026/01/27;1000 UTC;0;1014,5;1014,5;1014;244,6;22,9;22,9;23;21,8;23;21,8;100;100;100;248;,6;0;
2026/01/27;1100 UTC;0;1014,4;1014,5;1014,3;1055,8;26,2;23,6;26,2;22,8;24,8;22,8;100;83;86;280;1,2;,2;
2026/01/27;1200 UTC;0;1014,6;1014,6;1014,3;1316,8;26,9;23,5;27,5;26,2;24,3;22,9;86;78;81;296;2,2;,7;
2026/01/27;1300 UTC;0;1014,1;1014,6;1014,1;2569;28,8;23,4;29;26,9;24,9;22,8;83;70;73;249;2,9;,9;
2026/01/27;1400 UTC;0;1013,6;1014,1;1013,6;3467;30,5;23,2;30,7;28,7;24,9;22,7;76;65;65;262;3,6;1,3;
2026/01/27;1500 UTC;,2;1013,1;1013,6;1013,1;3799,3;30,5;23,5;31,8;30,2;25,3;22,8;72;63;67;242;4;1,6;
2026/01/27;1600 UTC;0;1012,5;1013,1;1012,5;2680,2;30,1;23,7;31,7;29,6;25,3;22,8;76;62;69;237;4,6;2,4;
2026/01/27;1700 UTC;0;1011,9;;;1930,8;31,6;23,4;;;;;;;62;251;;,9;
2026/01/27;1800 UTC;15;1012,3;1012,5;1011,9;446;23,4;23,4;31,6;22,7;25;21,7;100;61;100;252;11,8;,8;
2026/01/27;1900 UTC;,2;1012,2;1012,3;1011,4;152;24,4;24,4;24,5;23,4;24,5;23,6;100;100;100;291;3,5;,4;
2026/01/27;2000 UTC;0;1012,4;1012,4;1012,1;91,3;24,2;24,2;24,4;24;24,4;24;100;100;100;268;2,4;,8;
2026/01/27;2100 UTC;,2;1012,7;1012,8;1012,3;84,1;24,6;20,9;25,3;24,1;24,5;18,8;100;70;80;277;10,2;1,6;
2026/01/27;2200 UTC;0;1012,4;1012,8;1012,2;22,7;22;21,1;24,6;21,6;21,9;20,5;100;80;94;280;4,6;,2;
2026/01/27;2300 UTC;0;1013,3;1013,3;1012,4;0;21,6;21,3;22,7;21,5;21,8;21;100;91;98;263;2,8;,7;
2026/01/28;0000 UTC;0;1013,5;1013,5;1013,1;0;21;21,1;21,6;21;21,5;21;100;98;100;252;2,4;0;
2026/01/28;0100 UTC;0;1013,4;1013,7;1013,4;0;20,7;20,7;21;20,7;21;20,7;100;100;100;236;1,5;,2;
2026/01/28;0200 UTC;0;1013,2;1013,5;1013,2;0;20,6;20,6;20,7;20,4;20,7;20,4;100;100;100;259;1,2;,1;
2026/01/28;0300 UTC;0;1012,9;1013,2;1012,8;0;20,2;20,2;20,6;20,2;20,6;20,2;100;100;100;236;1,3;,4;
2026/01/28;0400 UTC;0;1012,3;1012,9;1012,3;0;20,1;20,1;20,5;20,1;20,6;20,1;100;100;100;236;1,8;0;
2026/01/28;0500 UTC;0;1012;1012,3;1012;0;19,8;19,8;20,1;19,7;20,2;19,8;100;100;100;253;1,1;,1;
2026/01/28;0600 UTC;0;1011,6;1012;1011,6;0;19,6;19,6;20;19,4;20;19,5;100;100;100;236;1,3;,4;
2026/01/28;0700 UTC;0;1011,8;1011,8;1011,6;0;19,2;19,2;19,6;19,2;19,6;19,2;100;100;100;236;1,3;,1;
2026/01/28;0800 UTC;0;1012,6;1012,6;1011,8;0;19;19;19,3;19;19,3;19;100;100;100;236;,9;,1;
2026/01/28;0900 UTC;0;1013,1;1013,1;1012,6;36;19,4;19,4;19,4;18,9;19,4;18,9;100;100;100;237;1;,2;
2026/01/28;1000 UTC;0;1013,5;1013,5;1013,1;419,7;21,2;21,2;21,2;19,4;21,2;19,4;100;100;100;236;1,3;,2;
2026/01/28;1100 UTC;0;1013,9;1013,9;1013,5;1076,9;24,4;21,6;24,4;21,2;22,6;21,1;100;84;85;252;1,8;,5;
2026/01/28;1200 UTC;0;1013,5;1013,9;1013,4;2285,3;27,3;23;27,3;24,4;23;20,9;84;73;78;289;2,5;1,1;
2026/01/28;1300 UTC;0;1013,3;1013,5;1013,3;2837,2;29,4;22,5;29,6;27,3;23,8;22,1;78;66;66;285;3,4;1;
2026/01/28;1400 UTC;0;1012,8;1013,3;1012,8;3509,7;32,5;19,9;32,7;29,5;24;19,9;70;47;47;245;3,3;,8;
2026/01/28;1500 UTC;0;1012,1;1012,8;1012,1;3819,4;33,3;21,3;33,9;32,4;22,8;19,2;55;43;49;249;3,4;1,3;
2026/01/28;1600 UTC;0;1011,3;1012,1;1011,3;3872,7;33,3;21,2;33,7;32,8;23,1;19,9;55;44;49;247;5,2;1,3;
2026/01/28;1700 UTC;0;1010,3;1011,3;1010,3;3618,1;33,8;22,3;34;33,3;22,7;20,9;54;47;51;238;5,4;1,9;
2026/01/28;1800 UTC;0;1009,7;1010,3;1009,7;3495,1;34,3;22,7;34,3;33,6;23,3;20,7;54;46;51;240;6,7;2,2;
2026/01/28;1900 UTC;0;1009,3;1009,7;1009,3;2081,4;32,7;21;34,4;31,7;23,8;20,5;63;47;50;239;6,7;1,9;
2026/01/28;2000 UTC;0;1009,3;1009,4;1009,1;940,6;29,7;23,9;33,6;29,3;24,7;20,3;76;46;71;260;6,1;,5;
2026/01/28;2100 UTC;0;1009,9;1009,9;1009,3;255,8;27,6;23,9;31;27,5;25,1;22,4;82;61;80;262;3;,1;
2026/01/28;2200 UTC;0;1010,9;1010,9;1009,9;44;26,2;24,2;27,6;26;24,6;23,3;92;78;89;252;1,6;,2;
2026/01/28;2300 UTC;0;1011,9;1012;1010,9;0;26,1;23;27;25,5;24,7;23;95;81;83;286;7,3;2,3;
2026/01/29;0000 UTC;1,4;1012,4;1012,4;1011,7;0;24,1;24,1;26,1;23,9;24,3;22,9;100;83;100;286;7,3;,5;
2026/01/29;0100 UTC;0;1012,6;1012,7;1012,4;0;23,5;23,6;24,2;23,5;24,1;23,5;100;98;100;241;1,9;,4;
2026/01/29;0200 UTC;0;1012,2;1012,8;1012,2;0;23,6;23,6;23,7;23,5;23,7;23,5;100;100;100;266;1,4;,1;
2026/01/29;0300 UTC;,2;1011,3;1012,3;1011,3;0;23,5;23,5;23,9;23,4;23,9;23,4;100;100;100;240;3,3;,1;
2026/01/29;0400 UTC;0;1011,4;1011,5;1011,3;0;23,4;23,4;23,5;23;23,5;23,1;100;100;100;290;3,1;1,2;
2026/01/29;0500 UTC;0;1011;1011,7;1011;0;22,7;22,8;23,4;22,7;23,4;22,8;100;100;100;247;3,1;,5;
2026/01/29;0600 UTC;0;1010,3;1011,1;1010,3;0;22,2;22,3;22,7;22,2;22,7;22,3;100;100;100;237;1,7;,3;
2026/01/29;0700 UTC;0;1010,3;1010,4;1010,3;0;22,1;22,1;22,4;21,9;22,4;21,9;100;100;100;249;1,4;,1;
2026/01/29;0800 UTC;0;1010,8;1010,8;1010,3;0;22,2;22,2;22,3;22;22,3;22,1;100;100;100;260;1,7;,4;
2026/01/29;0900 UTC;0;1011,3;1011,3;1010,7;29,8;22,4;22,5;22,5;22,1;22,5;22,1;100;100;100;274;1,7;,1;
2026/01/29;1000 UTC;0;1011,6;1011,6;1011,3;452,5;24,7;24,1;24,7;22,4;24,2;22,4;100;96;96;259;1;0;
2026/01/29;1100 UTC;0;1011,3;1011,7;1011,2;1116,4;27;24;27;24;24,5;23,2;99;83;84;281;2,1;,7;
2026/01/29;1200 UTC;0;1011,3;1011,4;1011,2;2230;29,4;24,4;29,4;27;24,6;22,9;84;72;74;298;4;2,1;
2026/01/29;1300 UTC;0;1010,8;1011,3;1010,8;3131,5;31,8;24,3;31,8;29,3;25,3;23,1;76;63;64;298;4,7;2,5;
2026/01/29;1400 UTC;0;1010,3;1010,8;1010,3;3476,9;33,4;22,6;33,7;31,1;25;21,9;66;51;53;294;4,7;1,2;
2026/01/29;1500 UTC;0;1009,6;1010,3;1009,6;3808,2;34,5;23,1;34,7;33,1;26,4;19,8;64;44;52;253;3,4;1,1;
2026/01/29;1600 UTC;0;1009;1009,6;1009;3540,9;33,6;21,7;35,3;33,6;23,7;20,6;55;44;50;257;6,2;1,1;
2026/01/29;1700 UTC;0;1008,2;1009;1008,2;1529;31,4;23,9;33,7;31,2;25,2;21,5;68;49;65;263;5,4;2,1;
2026/01/29;1800 UTC;0;1007,5;1008,2;1007,5;2028,8;29,7;24,3;33,5;29,7;24,3;20,8;73;48;73;249;5,4;,2;
2026/01/29;1900 UTC;16,8;1010,1;1010,2;1007,2;142,2;21,4;20,4;29,7;21,4;25;19,9;100;69;94;297;13,2;5;
2026/01/29;2000 UTC;20;1009,8;1011,9;1009,8;11,9;21,7;21,7;21,8;21;21,8;20,5;100;94;100;243;13,2;,7;
2026/01/29;2100 UTC;1,4;1010,1;1010,1;1009,5;17,1;22,1;22;22,6;21,7;22,1;21,6;100;95;99;240;5;,6;
2026/01/29;2200 UTC;,2;1009,4;;;;21,6;21,6;;;;;;;100;237;;,1;
2026/01/29;2300 UTC;0;1009,4;1009,4;1009,2;0;21,7;21,7;21,8;21,5;21,8;21,6;100;100;100;290;1,2;,2;
2026/01/30;0000 UTC;0;1010,1;1010,1;1009,4;0;21,4;21,4;21,7;21,2;21,7;21,2;100;100;100;283;2,2;,8;
2026/01/30;0100 UTC;0;1010;1010,4;1010;0;21,2;21,3;21,6;21,2;21,6;21,2;100;100;100;252;3,7;,7;
2026/01/30;0200 UTC;0;1009,6;1010;1009,5;0;20,5;20,6;21,4;20,5;21,4;20,6;100;100;100;236;2,2;,2;
2026/01/30;0300 UTC;0;1008,8;1009,6;1008,8;0;20,3;20,3;20,6;20,3;20,6;20,3;100;100;100;236;1,7;0;
2026/01/30;0400 UTC;0;1008,2;1008,8;1008,2;0;20,1;20,1;20,4;20,1;20,5;20,1;100;100;100;236;1,4;,2;
2026/01/30;0500 UTC;,2;1007,4;1008,2;1007,3;0;20;20;20,3;20;20,3;20;100;100;100;268;1,4;,4;
2026/01/30;0600 UTC;0;1007,3;1007,7;1007,3;0;20,1;20,2;20,2;20;20,2;20;100;100;100;256;1,9;,3;
2026/01/30;0700 UTC;0;1006,9;1007,4;1006,9;0;20;20;20,3;20;20,3;20;100;100;100;250;1,6;,2;
2026/01/30;0800 UTC;0;1006,8;1006,9;1006,6;0;20,1;20,1;20,2;20;20,2;20;100;100;100;280;1,6;,2;
2026/01/30;0900 UTC;0;1007,6;1007,6;1006,8;31,3;20,2;20,2;20,3;19,9;20,3;19,9;100;100;100;236;1,6;,3;
2026/01/30;1000 UTC;0;1008;1008;1007,6;212;21,3;21,3;21,3;20,2;21,4;20,2;100;100;100;236;2,4;,4;
2026/01/30;1100 UTC;0;1008,6;1008,7;1008;441,1;22,6;22,7;22,6;21,3;22,7;21,4;100;100;100;237;1,6;0;
2026/01/30;1200 UTC;0;1008,7;1008,7;1008,6;720,9;24,2;22,7;24,2;22,6;23;22;100;89;91;275;1,3;0;
2026/01/30;1300 UTC;0;1008,4;1008,7;1008,4;769,3;24,9;22,8;25;24,2;23,3;22,1;92;85;88;276;1,4;,4;
2026/01/30;1400 UTC;0;1008;1008,4;1008;968;26,3;23,2;26,3;24,8;23,4;21,9;91;80;84;239;1,3;0;
2026/01/30;1500 UTC;0;1007,6;1008;1007,6;965,8;27,4;24,2;27,4;26,2;24,7;22,8;88;79;83;287;2;,4;
2026/01/30;1600 UTC;0;1006,4;1007,6;1006,4;1475,5;28,7;24;28,8;27;24,6;22,9;84;75;75;298;2,3;1;
2026/01/30;1700 UTC;,2;1005,2;1006,4;1005,2;2158,4;30;23,1;30,4;28,7;24,8;22,4;77;63;67;243;3;,7;
2026/01/30;1800 UTC;0;1004,6;1005,2;1004,6;2075,8;30,2;25,2;31,9;29,3;25,3;21;75;52;75;242;2,6;,2;
2026/01/30;1900 UTC;0;1004;1004,6;1003,9;920,3;27,1;24,6;31,7;26,5;25,3;22;87;57;87;238;1,6;,5;
2026/01/30;2000 UTC;0;1004,2;1004,2;1003,9;223,5;27;24,3;27,7;26,5;25,9;24,3;96;83;85;278;3,3;,6;
2026/01/30;2100 UTC;1;1005;1005,1;1004,2;75,4;24,9;24,3;27;24,8;25,6;23,5;98;85;97;273;3,4;,6;
2026/01/30;2200 UTC;2;1005,5;1005,5;1005;12,9;24,1;24,1;24,9;24;24,4;24;100;96;100;293;2,1;,7;
2026/01/30;2300 UTC;0;1006,5;1006,5;1005,5;0;23,7;23,7;24,1;23,6;24,1;23,6;100;100;100;274;2,6;,4;
2026/01/31;0000 UTC;0;1006,5;1006,5;1006,1;0;23,1;23,1;23,8;23,1;23,8;23,1;100;100;100;241;2,5;,2;
2026/01/31;0100 UTC;0;1007;1007;1006,5;0;22,8;22,8;23,2;22,8;23,2;22,8;100;100;100;237;1;,2;
2026/01/31;0200 UTC;0;1006,4;1007,1;1006,4;0;22,8;22,8;23,1;22,7;23,1;22,8;100;100;100;268;1,6;,1;
2026/01/31;0300 UTC;0;1005,4;1006,4;1005,4;0;22,6;22,7;22,9;22,6;22,9;22,7;100;100;100;253;1,2;0;
2026/01/31;0400 UTC;0;1004,7;1005,4;1004,6;0;22,6;22,6;22,7;22,6;22,7;22,6;100;100;100;278;1,2;,3;
2026/01/31;0500 UTC;0;1003,7;1004,7;1003,7;0;22,1;22,2;22,8;22,1;22,8;22,1;100;100;100;239;1,8;,5;
2026/01/31;0600 UTC;0;1003,7;1003,9;1003,6;0;21,9;22;22,3;21,9;22,3;21,9;100;100;100;283;1,8;,4;
2026/01/31;0700 UTC;0;1003,5;1003,7;1003,4;0;22;22;22,1;21,8;22,1;21,8;100;100;100;271;2,7;1;
2026/01/31;0800 UTC;0;1003,6;1003,6;1003,4;0;22,1;22,1;22,5;21,9;22,5;21,9;100;100;100;253;2,7;,2;
2026/01/31;0900 UTC;0;1004,3;1004,3;1003,5;14;22;22,1;22,1;21,8;22,1;21,8;100;100;100;272;2,4;,4;
2026/01/31;1000 UTC;0;1004,5;1004,6;1004,3;484;23,9;22,9;23,9;21,8;23,1;21,8;100;93;94;272;2,6;,4;
2026/01/31;1100 UTC;0;1005,2;1005,2;1004,4;1532;27,5;23,9;27,5;23,9;24,1;22,6;94;80;81;270;3,6;,9;
2026/01/31;1200 UTC;,2;1005,4;1005,5;1005,2;1863,3;29,9;23,7;29,9;27,2;24,9;22,7;83;69;69;269;3,1;,2;
2026/01/31;1300 UTC;0;1005;1005,5;1005;2996,3;31,8;22,5;31,9;29,4;24,6;21,2;73;54;58;287;2,8;,3;
2026/01/31;1400 UTC;0;1004,7;1005,1;1004,7;3362,8;32,4;22,1;33,4;31,5;23,9;20,7;62;49;55;268;3,5;,9;
2026/01/31;1500 UTC;0;1004,1;1004,7;1004,1;3591,4;33,8;19,8;34,2;32,4;23,2;19,8;58;44;44;298;5,9;2,7;
2026/01/31;1600 UTC;0;1003,8;1004,1;1003,8;2336;31,7;23,2;34,4;29,9;23,8;19,5;67;42;61;264;5,9;,6;
2026/01/31;1700 UTC;0;1003,4;1003,8;1003,2;3485,3;30,6;22,9;33,5;30,5;23,8;21,6;64;50;64;238;9,9;4;
2026/01/31;1800 UTC;0;1003,4;1003,4;1003,1;2327;30,4;23,5;32,1;29,4;24,5;23;70;60;67;238;9,9;2,1;
2026/01/31;1900 UTC;0;1003,9;1003,9;1003,2;479,7;27,8;23,8;30,4;27,8;24,4;22,5;79;67;79;245;6,6;,7;
2026/01/31;2000 UTC;0;1004,3;1004,3;1003,6;852;27,4;23,5;29,8;27,4;23,9;23,1;80;68;79;251;6,3;,8;
2026/01/31;2100 UTC;0;1004,9;1004,9;1004,2;274,6;27,2;22,6;27,5;27,1;23,4;22,5;80;75;76;260;6,2;1,1;
2026/01/31;2200 UTC;0;1005,3;1005,4;1004,8;36,3;26;23,1;27,4;26;23,3;22,4;84;75;84;280;5;,8;
2026/01/31;2300 UTC;0;1005,7;1005,7;1005,3;0;24,1;23,8;26;24;23,8;23,1;98;84;98;236;1,8;,2;
2026/02/01;0000 UTC;0;1006,1;1006,2;1005,7;0;23,9;24;24,1;23,5;24;23,5;100;98;100;290;1,7;,1;
2026/02/01;0100 UTC;0;1006,3;1006,4;1006,1;0;23,3;23,4;24;23,1;24;23,2;100;100;100;262;1,8;,7;
2026/02/01;0200 UTC;0;1006,3;1006,7;1006,3;0;23,1;23,1;23,4;23,1;23,4;23,1;100;100;100;231;1,8;,1;
2026/02/01;0300 UTC;0;1006;1006,3;1005,9;0;22,6;22,6;23,1;22,6;23,2;22,6;100;100;100;236;1;,3;
2026/02/01;0400 UTC;0;1005,4;1006;1005,4;0;22,3;22,3;22,8;22,3;22,8;22,3;100;100;100;236;1;0;
2026/02/01;0500 UTC;0;1004,6;1005,4;1004,6;0;21,9;21,9;22,3;21,8;22,3;21,8;100;100;100;238;,8;0;
2026/02/01;0600 UTC;0;1004,3;1004,6;1004,1;0;21,5;21,5;22,2;21,5;22,2;21,5;100;100;100;236;1,9;,4;
2026/02/01;0700 UTC;0;1003,9;1004,3;1003,9;0;21,4;21,5;22,1;21,3;22,1;21,4;100;100;100;242;1,3;,2;
2026/02/01;0800 UTC;0;1003,9;1004,1;1003,7;0;21,5;21,5;21,5;21,1;21,5;21,1;100;100;100;272;1,5;,5;
2026/02/01;0900 UTC;0;1003,9;1004,2;1003,7;20,4;21,3;21,3;21,5;21,1;21,5;21,1;100;100;100;246;1,9;,7;
2026/02/01;1000 UTC;0;1004,3;1004,7;1003,9;453,6;23,7;23,6;23,7;21,3;23,6;21,3;100;99;99;260;2,3;,3;
2026/02/01;1100 UTC;0;1004,6;1004,6;1004,1;1399,2;28;24;28;23,7;24,3;23;99;79;79;278;3,1;,9;
2026/02/01;1200 UTC;0;1004,8;1004,8;1004,5;2238,2;31,2;23,6;31,2;27,7;25;23,3;81;64;64;290;3,9;,5;
2026/02/01;1300 UTC;0;1004,4;1004,8;1004,3;2983,9;34,1;21,9;34,2;31,1;25,4;21,9;69;48;49;275;3,1;1,1;
2026/02/01;1400 UTC;0;1003,8;1004,4;1003,8;3571;35,5;21,7;35,5;34,1;23,1;20,3;53;43;45;298;5,8;2;
2026/02/01;1500 UTC;0;1003,3;1003,8;1003,3;3868,5;35,9;21,4;36,1;35;22,8;20,4;47;42;43;296;6,7;2,2;
2026/02/01;1600 UTC;0;1002,3;1003,3;1002,3;3576,9;35,2;23,2;36,8;35,2;23,2;20,2;50;40;50;281;6,3;2;
2026/02/01;1700 UTC;0;1001,3;1002,3;1001,3;3766,5;37,1;23,2;37,5;34,8;23,5;21,1;52;40;45;269;6,3;,9;
2026/02/01;1800 UTC;0;1000,6;1001,3;1000,6;2670,9;36,2;21,3;37,5;36,2;22,8;20,1;45;38;42;298;5,1;1,9;
2026/02/01;1900 UTC;0;1000,8;1000,8;1000,4;1025,1;33,4;25,6;36,2;32,4;26,6;21;71;42;64;279;4,8;,7;
2026/02/01;2000 UTC;0;1000,9;1001,1;1000,8;617,2;32,6;26;33,4;31,5;27,3;24,9;77;63;68;296;3,1;,7;
2026/02/01;2100 UTC;0;1001,5;1001,5;1000,8;440,2;31,1;23,4;32,7;30;26,8;23,3;81;63;64;239;5,4;2;
2026/02/01;2200 UTC;0;1003,4;1003,5;1001,5;28,8;29,8;23;31,3;29,1;25,4;23;77;64;67;269;6,3;1,3;
2026/02/01;2300 UTC;8,8;1005,9;1006,2;1003,4;,1;24,1;23,7;29,8;24,1;23,7;21,5;97;63;97;259;5,8;,9;
2026/02/02;0000 UTC;6,8;1007,8;1008;1005,5;,1;23,2;22,9;24,4;23,2;24,4;22,9;100;95;98;245;5,7;1,3;
2026/02/02;0100 UTC;,4;1007,8;1008,2;1007,8;0;22,7;22,7;23,2;22,7;23,1;22,7;100;98;100;231;5,7;,1;
2026/02/02;0200 UTC;0;1006,8;1007,8;1006,8;0;22,8;22,8;23;22,7;23,1;22,7;100;100;100;274;3;,1;
2026/02/02;0300 UTC;0;1005,5;1006,8;1005,5;0;22,5;22,5;23;22,5;23;22,5;100;100;100;275;2,5;,3;
2026/02/02;0400 UTC;0;1005,4;1005,5;1005,2;0;22,6;22,6;22,6;22,3;22,6;22,3;100;100;100;287;2;,8;
2026/02/02;0500 UTC;0;1004,9;1005,4;1004,6;0;22,4;22,4;22,8;22,2;22,8;22,2;100;100;100;278;2;,3;
2026/02/02;0600 UTC;0;1004,7;1005;1004,6;0;22,1;22,1;22,6;22;22,6;22;100;100;100;246;1,7;0;
2026/02/02;0700 UTC;,2;1005,2;1005,3;1004,7;0;22,2;22,2;22,3;21,9;22,3;21,9;100;100;100;237;1,1;0;
2026/02/02;0800 UTC;0;1005,2;1005,4;1005,2;0;22,4;22,4;22,4;22,2;22,5;22,2;100;100;100;240;1,4;,4;
2026/02/02;0900 UTC;0;1005,1;1005,3;1004,9;15,4;22,6;22,6;22,8;22,4;22,8;22,4;100;100;100;261;1,8;0;
2026/02/02;1000 UTC;0;1005,6;1005,6;1005,2;359,2;24;24;24;22,5;24;22,5;100;100;100;239;1;,1;
2026/02/02;1100 UTC;0;1005,6;1005,7;1005,4;1236,6;27;23;27;24;24,3;22,6;100;79;79;256;1,5;,1;
2026/02/02;1200 UTC;0;1005,9;1005,9;1005,6;1994,4;29,1;24,2;29,3;27;24,7;22,9;83;73;75;278;2,5;,6;
2026/02/02;1300 UTC;0;1005,5;1006;1005,5;2024,1;30,8;25,3;30,8;29;26,5;23,5;85;70;73;241;1,7;,2;
2026/02/02;1400 UTC;0;1005,6;1005,6;1005,5;1427,2;30,6;25,9;31,6;30;27,5;23,9;86;64;76;243;1,8;0;
2026/02/02;1500 UTC;0;1005,6;1005,7;1005,4;1138,3;31;25,3;31,6;29,3;27,1;23,8;87;65;72;296;2,6;,7;
2026/02/02;1600 UTC;0;1004,9;1005,6;1004,9;1098,2;30,7;26,7;31,1;29,1;27,4;25,2;83;71;79;237;2,1;,6;
2026/02/02;1700 UTC;0;1004,7;1004,9;1004,6;1168,8;30,4;27,4;32;29,2;27,4;25,1;86;68;84;239;1,9;,1;
2026/02/02;1800 UTC;0;1004,5;1004,7;1004,5;1012;30,3;26,7;30,8;29,6;27,9;25,9;89;75;82;241;2,3;,8;
2026/02/02;1900 UTC;0;1004,6;1004,8;1004,5;385,1;28;24;30,6;27,9;27,3;23,8;86;73;79;238;6,7;2,2;
2026/02/02;2000 UTC;0;1005,2;1005,2;1004,6;259,7;27,1;23,5;28;26,5;24,2;23,3;86;77;81;236;6,6;2,5;
2026/02/02;2100 UTC;0;1005,7;1005,7;1005,2;200,6;26,5;24,6;27,3;26,5;24,6;23;89;77;89;242;5;,8;
2026/02/02;2200 UTC;0;1006,5;1006,5;1005,7;34,9;25,6;25,1;26,8;25,5;25,2;24;98;85;97;236;2,4;,1;
2026/02/02;2300 UTC;0;1007,3;1007,3;1006,5;0;25;25;25,7;25;25,2;25;100;97;100;236;,9;0;
2026/02/03;0000 UTC;0;1007,8;1007,8;1007,3;0;24,9;24,7;25,1;24,9;25;24,6;100;98;98;255;1,4;,5;
2026/02/03;0100 UTC;0;1008;1008,2;1007,8;0;24,6;24,6;25,1;24,6;24,7;24,6;100;97;100;236;1,5;0;
2026/02/03;0200 UTC;0;1007,8;1008;1007,8;0;24,4;24,4;24,6;24,4;24,6;24,4;100;99;100;245;1,3;0;
2026/02/03;0300 UTC;0;1007,5;1007,8;1007,4;0;24,1;24,1;24,6;24,1;24,5;24,1;100;99;100;236;1,8;0;
2026/02/03;0400 UTC;0;1007,1;1007,6;1007,1;0;24,1;24,1;24,1;23,9;24,1;23,9;100;100;100;264;1,1;0;
2026/02/03;0500 UTC;0;1006,5;1007,2;1006,5;0;23,8;23,8;24,1;23,8;24;23,8;100;100;100;236;,8;0;
2026/02/03;0600 UTC;0;1006,4;1006,6;1006,4;0;23,8;23,8;23,8;23,7;23,8;23,8;100;100;100;257;,9;0;
2026/02/03;0700 UTC;0;1006;1006,4;1005,9;0;23,7;23,7;23,9;23,5;23,9;23,6;100;100;100;279;1,5;,3;
2026/02/03;0800 UTC;0;1006,2;1006,3;1006;0;23,5;23,5;23,7;23,5;23,7;23,5;100;100;100;238;1,4;,3;
2026/02/03;0900 UTC;0;1006,8;1006,8;1006,2;13,4;23,6;23,6;23,7;23,5;23,7;23,5;100;100;100;236;1,3;0;
2026/02/03;1000 UTC;0;1006,7;1006,9;1006,6;411,3;25,8;23,6;25,8;23,6;24,5;23,6;100;88;88;253;1,1;0;
2026/02/03;1100 UTC;0;1006,9;1006,9;1006,6;1350,8;27,8;23,5;28,2;25,8;24,4;23,1;88;76;77;284;1,3;,4;
2026/02/03;1200 UTC;0;1007,3;1007,4;1006,9;2175,6;30,1;24,2;30,1;27,8;24,8;23;80;69;71;292;3,7;1,2;
2026/02/03;1300 UTC;0;1007,1;1007,4;1007,1;2998,6;31,1;23,4;31,6;29,7;24,6;23,2;71;63;64;255;2,8;,8;
2026/02/03;1400 UTC;0;1006,6;1007,2;1006,6;3301,6;31,5;23,4;32,6;31;24,8;22,9;68;58;62;295;4,1;2,2;
2026/02/03;1500 UTC;0;1005,8;1006,6;1005,8;3548,4;32,8;24,4;33;31,5;25;23,5;65;59;61;238;4,1;1,5;
2026/02/03;1600 UTC;0;1004,7;1005,8;1004,7;3542,7;32,5;24,1;33,5;32,5;25,4;23,9;65;58;61;238;6,9;2,4;
2026/02/03;1700 UTC;0;1004,2;1004,7;1004,2;1495,9;29,9;25,7;33,4;29,8;26,1;23,7;79;58;78;261;6;,6;
2026/02/03;1800 UTC;,6;1004,8;1005;1004;479,5;27;24;32;27;25,6;23,7;84;63;83;293;9,4;3,6;
2026/02/03;1900 UTC;,4;1005,3;1005,3;1004,7;134,9;24,9;24;27;24,8;24,9;23;99;82;95;251;9,4;,8;
2026/02/03;2000 UTC;0;1005,1;1005,8;1005,1;395,2;25,2;24,8;25,7;24,9;24,8;23,4;98;87;98;236;3,7;,4;
2026/02/03;2100 UTC;0;1005,4;1005,4;1005;499,8;26,3;24;26,4;25,2;25,3;23,8;99;87;87;298;2,6;1,1;
2026/02/03;2200 UTC;0;1005,6;1005,6;1005,3;48,6;24,6;24,6;26,3;24,6;25,1;23,9;100;87;100;247;1,9;0;
2026/02/03;2300 UTC;0;1006,5;1006,5;1005,6;0;24,3;24,3;24,5;24,2;24,5;24,2;100;100;100;231;1,1;0;
2026/02/04;0000 UTC;0;1007,1;1007,1;1006,5;0;24,4;24,4;24,4;24,3;24,5;24,3;100;100;100;248;,6;0;
2026/02/04;0100 UTC;0;1007,3;1007,5;1007,1;0;24,7;24,8;24,8;24,4;24,9;24,4;100;100;100;284;1;0;
2026/02/04;0200 UTC;,4;1007,8;1007,8;1007,1;0;24,7;24,8;24,7;24,4;24,8;24,4;100;100;100;255;1,9;1;
2026/02/04;0300 UTC;17,8;1007;1008,2;1007;0;23,7;23,7;24,8;23,7;24,8;23,7;100;100;100;275;6,1;1;
2026/02/04;0400 UTC;2,4;1005,4;1007;1005,4;0;23,7;23,7;23,9;23,6;23,9;23,6;100;100;100;250;2,7;,1;
2026/02/04;0500 UTC;0;1004,9;1005,4;1004,8;0;23,6;23,6;23,8;23,5;23,8;23,5;100;100;100;285;1,4;,3;
2026/02/04;0600 UTC;0;1004,4;1004,9;1004,4;0;23,4;23,5;23,7;23,4;23,7;23,4;100;100;100;251;1,9;,4;
2026/02/04;0700 UTC;0;1004,2;1004,4;1004,1;0;23,5;23,5;23,8;23,4;23,9;23,5;100;100;100;264;3,8;,2;
2026/02/04;0800 UTC;0;1003,9;1004,2;1003,8;0;23,2;23,3;23,6;23,2;23,6;23,3;100;100;100;243;2,4;,1;
2026/02/04;0900 UTC;,2;1004,7;1004,7;1003,8;18,1;23,7;23,7;23,8;23,2;23,8;23,3;100;100;100;264;2,6;,5;
2026/02/04;1000 UTC;0;1004,7;1004,9;1004,5;294,3;24,4;24,5;24,6;23,6;24,6;23,7;100;100;100;233;2,3;1,1;
2026/02/04;1100 UTC;0;1004,8;1004,9;1004,5;602;27;24,7;27,1;24,4;25,3;24,5;100;87;87;250;3,4;,8;
2026/02/04;1200 UTC;0;1005,1;1005,1;1004,8;1668,4;28,3;25,1;30,1;26,8;26,3;23,6;93;70;83;264;4,6;1,2;
2026/02/04;1300 UTC;0;1005,4;1005,6;1005,2;2862,5;32,2;21,9;32,7;28,3;27;21,5;87;54;55;248;4,4;,8;
2026/02/04;1400 UTC;0;1005,4;1005,6;1005,4;1745,3;31,4;23,3;33,4;30,1;24,7;21,5;73;51;62;268;6,3;,9;
2026/02/04;1500 UTC;0;1005;1005,4;1005;2980,5;34,5;21,4;34,8;30,5;26;21;76;46;46;292;4,1;1,5;
2026/02/04;1600 UTC;0;1004,5;1005;1004,5;3316,2;34,6;21,6;36;33,8;23,5;21,1;53;44;47;298;4,7;1,6;
2026/02/04;1700 UTC;0;1004,6;1004,6;1004,3;1176,7;31,5;24,2;34,6;30,3;26,3;20,9;74;45;65;280;7,2;1;
2026/02/04;1800 UTC;0;1005,3;1005,3;1004,6;524,3;28,8;24,1;31,5;28,7;25,1;24;77;66;76;294;6,4;3;
2026/02/04;1900 UTC;0;1005,6;1005,8;1005,3;566,3;27,1;24,2;28,8;26,6;25,6;23,4;94;75;84;279;6,4;,4;
2026/02/04;2000 UTC;,2;1005,3;1005,6;1005,1;1133,6;27,8;24,9;28,4;27,1;25,3;24,1;89;80;85;295;2,5;1,3;
2026/02/04;2100 UTC;0;1005,8;1005,8;1005,3;251,9;26,7;25,4;27,9;26,7;25,7;24,7;93;83;93;237;2,2;0;
2026/02/04;2200 UTC;0;1006,8;1006,8;1005,8;36,1;26,1;26,1;26,7;25,8;26,1;25,3;100;92;100;279;1,2;,2;
2026/02/04;2300 UTC;0;1007,4;1007,4;1006,7;0;25,5;25,5;26,2;25,4;26,1;25,4;100;99;100;249;1,7;0;
2026/02/05;0000 UTC;0;1008,2;1008,2;1007,4;0;25,5;25,3;25,6;25,3;25,6;25,3;100;99;99;278;1,3;,3;
2026/02/05;0100 UTC;2,4;1009,2;1009,2;1008,1;0;25,4;25,4;25,5;25,1;25,5;25,1;100;99;100;251;2,4;,5;
2026/02/05;0200 UTC;33;1009,8;1009,8;1009,2;1;22,3;22,3;25,4;21,9;25,3;21,9;100;96;100;242;8,2;1,2;
2026/02/05;0300 UTC;9,4;1010,3;1010,5;1009,8;0;22,5;22,6;22,6;22,3;22,6;22,3;100;100;100;252;4,1;,7;
2026/02/05;0400 UTC;7,8;1008,6;1010,3;1008,6;0;22,5;22,6;22,5;22,4;22,6;22,4;100;100;100;244;4,9;2,5;
2026/02/05;0500 UTC;,4;1007;1008,6;1007;0;22,7;22,8;23,1;22,4;23;22,5;100;98;100;286;4,9;,6;
2026/02/05;0600 UTC;0;1006,7;1007;1006,6;0;22,5;22,5;22,8;22,5;22,8;22,5;100;100;100;236;2,8;0;
2026/02/05;0700 UTC;0;1006,9;1007;1006,7;0;22,4;22,4;22,6;22,3;22,6;22,4;100;100;100;257;1,3;0;
2026/02/05;0800 UTC;0;1006,9;1007,1;1006,7;0;22,3;22,3;22,4;22,2;22,4;22,2;100;100;100;258;2,7;,5;
2026/02/05;0900 UTC;0;1006,9;1006,9;1006,7;17,3;21,9;22;22,4;21,9;22,4;21,9;100;100;100;236;1,8;0;
2026/02/05;1000 UTC;0;1007,9;1007,9;1006,9;311,1;23,1;23;23,2;21,9;23,1;21,9;100;99;99;263;1,5;,6;
2026/02/05;1100 UTC;0;1008,3;1008,3;1007,9;988,4;25,3;23,3;25,4;23,1;23,7;22,6;99;88;89;247;2;,2;
2026/02/05;1200 UTC;0;1008,5;1008,6;1008,3;1092,2;26,5;22,8;26,5;25,3;24,4;22,3;92;78;80;240;1,4;0;
2026/02/05;1300 UTC;0;1008,4;1008,6;1008,4;1936,2;28;23,3;28,1;26,3;23,8;21,8;82;73;76;283;1,6;,4;
2026/02/05;1400 UTC;0;1008,4;1008,5;1008,4;2757,1;29,3;23,4;29,6;27,9;24,1;22;78;65;70;295;3,7;1,3;
2026/02/05;1500 UTC;0;1007,9;1008,4;1007,9;3081,8;30,2;21,9;30,9;29,2;24;21,9;72;61;61;290;3,8;1,2;
2026/02/05;1600 UTC;0;1007,1;1007,9;1007,1;2746,6;30,8;22,3;31,1;29,8;23,8;21,8;69;59;61;296;3,6;,8;
2026/02/05;1700 UTC;0;1006,3;1007,1;1006,3;1825,5;30,2;24,8;31,4;30,2;24,8;21,8;73;58;73;247;2,8;,4;
2026/02/05;1800 UTC;0;1005,7;1006,3;1005,7;1364,1;30,9;24,3;31,2;29,7;25,9;23,2;78;64;68;252;3,3;,7;
2026/02/05;1900 UTC;0;1006,6;1006,6;1005,7;645,1;26,5;23,6;31,1;26,5;25,6;23,2;84;67;84;277;6,8;,9;
2026/02/05;2000 UTC;17;1007,3;1007,3;1006,6;31,3;24,1;24,2;26,5;24,1;24,5;23,1;100;83;100;276;3,7;1;
2026/02/05;2100 UTC;7,2;1007,3;1007,3;1006,9;29,6;24;24;24,1;23,7;24,2;23,7;100;100;100;280;5,3;0;
2026/02/05;2200 UTC;1,8;1008,2;1008,2;1007,3;2,6;24;24;24,3;23,9;24,3;23,9;100;100;100;258;1,5;0;
2026/02/05;2300 UTC;1,6;1009;1009;1008,2;0;24,2;24,2;24,2;24;24,2;24;100;100;100;268;1,8;,9;
2026/02/06;0000 UTC;,6;1009,3;1009,3;1009;0;24,1;24,1;24,3;24,1;24,3;24,1;100;100;100;244;2;,2;
2026/02/06;0100 UTC;,2;1009,8;1009,8;1009,3;0;24,3;24,3;24,3;24,1;24,4;24,1;100;100;100;296;1,4;,4;
2026/02/06;0200 UTC;,8;1009,8;1009,9;1009,8;0;24,1;24,1;24,4;24;24,4;24;100;100;100;248;1,5;0;
2026/02/06;0300 UTC;2,4;1009,6;1009,8;1009,6;0;24;24,1;24,3;24;24,3;24;100;100;100;252;2,1;,9;
2026/02/06;0400 UTC;1,8;1009,4;1009,6;1009,4;0;23,9;23,9;24,1;23,9;24,1;23,9;100;100;100;264;2,5;,9;
2026/02/06;0500 UTC;3,6;1008,8;1009,4;1008,8;0;23,7;23,7;23,9;23,7;23,9;23,7;100;100;100;250;3,6;,9;
2026/02/06;0600 UTC;0;1008,4;1008,8;1008,4;0;23,6;23,6;23,8;23,4;23,9;23,5;100;100;100;249;2,5;1,2;
2026/02/06;0700 UTC;0;1008,2;1008,4;1008,2;0;23,5;23,5;23,7;23,5;23,7;23,5;100;100;100;245;2,4;,9;
2026/02/06;0800 UTC;0;1007,9;1008,2;1007,8;0;23,2;23,2;23,7;23,1;23,7;23,2;100;100;100;254;2,5;,4;
2026/02/06;0900 UTC;0;1008,5;1008,5;1007,9;13,7;23;23;23,3;22,9;23,4;22,9;100;100;100;236;1,6;0;
2026/02/06;1000 UTC;,2;1008,8;1008,8;1008,5;438,1;24,8;24,3;24,8;23;24,6;23;100;97;97;283;1,4;,4;
2026/02/06;1100 UTC;0;1009;1009;1008,7;1185,6;26,4;24,3;27,3;24,8;24,8;23,8;98;82;88;267;1,9;,1;
2026/02/06;1200 UTC;0;1009,6;1009,6;1009;2089,9;28,9;23,9;28,9;26,4;24,7;22,9;88;74;74;277;2,5;,3;
2026/02/06;1300 UTC;0;1009,8;1009,9;1009,6;2038,3;28,9;23,4;29,4;27,7;24,7;22,8;82;70;72;296;2;,8;
2026/02/06;1400 UTC;0;1009,6;1009,9;1009,6;3102;30;23,4;30,7;28,8;25,3;22,8;76;66;68;247;3;,5;
2026/02/06;1500 UTC;0;1008,9;1009,6;1008,9;2421;30,6;24,5;31,2;29,7;25,1;23,1;72;66;70;262;3,5;1;
2026/02/06;1600 UTC;0;1008,3;1009;1008,3;2387,2;30,7;24,9;31,9;30,5;25,2;23,3;72;63;71;290;3,4;1,2;
2026/02/06;1700 UTC;0;1007,4;1008,3;1007,4;2957,8;31;25,7;32,6;30,4;26,1;23,5;76;62;73;241;3,6;1,1;
2026/02/06;1800 UTC;0;1006,7;1007,4;1006,7;1555,2;29,3;26,5;31,2;29,3;26,6;24,8;85;69;85;239;4,7;,5;
2026/02/06;1900 UTC;2,4;1006,8;1006,9;1006,5;422,9;26,3;25,5;30,1;26,1;26,3;24,2;96;72;95;258;6;1,5;
2026/02/06;2000 UTC;5;1007,6;1007,6;1006,8;95,6;25,6;25,5;26,3;25,6;25,8;25,3;100;94;99;292;3,6;1;
2026/02/06;2100 UTC;0;1007,9;1007,9;1007,6;100,7;25,2;25,3;25,9;25,2;25,7;25,1;100;96;100;269;2,2;,1;
2026/02/06;2200 UTC;0;1008,9;1009;1007,9;5,6;25,1;25,1;25,5;25;25,5;25,1;100;100;100;240;2,1;,1;
2026/02/06;2300 UTC;9;1010;1010;1008,9;0;24,6;24,6;25,4;24,6;25,4;24,6;100;100;100;265;4,1;1,4;
2026/02/07;0000 UTC;,4;1010;1010;1009,4;0;24,4;24,5;24,7;24,3;24,7;24,4;100;100;100;261;4,1;,8;
2026/02/07;0100 UTC;2;1010;1010,6;1010;0;24,2;24,2;24,4;24,2;24,5;24,2;100;100;100;257;2,7;0;
2026/02/07;0200 UTC;,2;1010,1;1010,1;1009,9;0;23,4;23,5;24,2;23,4;24,2;23,5;100;100;100;252;1,2;,1;
2026/02/07;0300 UTC;0;1009,5;1010,1;1009,5;0;23,4;23,4;23,5;23,3;23,5;23,4;100;100;100;236;,7;0;
2026/02/07;0400 UTC;0;1008,9;1009,5;1008,9;0;23,1;23,2;23,4;23,1;23,4;23,1;100;100;100;238;,9;,2;
2026/02/07;0500 UTC;0;1008,7;1008,9;1008,5;0;23,1;23,1;23,4;23,1;23,4;23,1;100;100;100;259;1,1;0;
2026/02/07;0600 UTC;0;1008,2;1008,7;1008,2;0;23,1;23,1;23,2;23;23,2;23;100;100;100;285;,8;,1;
2026/02/07;0700 UTC;0;1008,1;1008,2;1008;0;23;23;23,2;22,9;23,2;23;100;100;100;269;1,3;,3;
2026/02/07;0800 UTC;0;1008,7;1008,7;1007,9;0;22,9;22,9;23;22,8;23,1;22,8;100;100;100;233;1,8;,2;
2026/02/07;0900 UTC;,2;1009,2;1009,2;1008,7;6,7;23,2;23,2;23,2;22,9;23,2;22,9;100;100;100;298;1,4;,3;
2026/02/07;1000 UTC;,4;1009,5;1009,5;1009,2;84,6;23,5;23,5;23,5;23,1;23,5;23,1;100;100;100;290;1,4;,4;
2026/02/07;1100 UTC;0;1009,2;1009,5;1009,2;423,6;24,5;24,5;24,5;23,4;24,5;23,4;100;100;100;236;1,2;,4;
2026/02/07;1200 UTC;0;1009,8;1009,8;1009,2;1086,8;26;24,7;26;24,5;25,1;24,1;100;91;93;295;3,2;1,4;
2026/02/07;1300 UTC;0;1009,9;1010;1009,8;1252,7;27;24,7;27,2;26;25,4;24,2;94;87;87;246;3,2;,8;
2026/02/07;1400 UTC;0;1009,7;1009,9;1009,6;1938,6;28,6;24,9;28,9;27;25,6;23,9;91;77;80;297;2,9;1,5;
2026/02/07;1500 UTC;0;1008,9;1009,7;1008,9;2148,6;29;25,1;29,5;28,6;26,2;24,3;84;76;80;262;3,9;,5;
2026/02/07;1600 UTC;0;1007,5;1008,9;1007,5;3494,2;32,4;26,3;32,5;29;27,2;25,2;82;69;70;284;3,8;1,4;
2026/02/07;1700 UTC;0;1006,8;1007,6;1006,8;2581,3;31,2;26,2;32,8;31,2;27,5;25,4;78;68;75;256;5,3;,9;
2026/02/07;1800 UTC;8,6;1006,6;1006,9;1006;693,1;25,8;25,7;31,6;25,7;27,6;23,5;100;71;100;268;8,2;1,5;
2026/02/07;1900 UTC;14,2;1006,8;1008;1006,6;43,9;24,7;24,7;26,3;24,4;25,8;24,4;100;91;100;247;6,3;1,5;
2026/02/07;2000 UTC;,4;1008,6;1008,7;1006,6;23;24,4;24,4;24,9;24,4;24,9;24,4;100;100;100;236;5,9;,7;
2026/02/07;2100 UTC;1,6;1008,4;1008,7;1008,2;12,9;23,9;23,9;24,4;23,8;24,4;23,9;100;100;100;258;1,8;,1;
2026/02/07;2200 UTC;1,8;1009,8;1009,8;1008,4;2,2;24,1;24,2;24,2;23,9;24,3;23,9;100;100;100;276;2,8;1;
2026/02/07;2300 UTC;,2;1010,1;1010,4;1009,8;0;23,5;23,6;24,2;23,5;24,2;23,5;100;100;100;236;3;0;
2026/02/08;0000 UTC;0;1009,9;1010,2;1009,9;0;23,6;23,7;23,7;23,4;23,7;23,5;100;100;100;257;2,2;,9;
2026/02/08;0100 UTC;0;1009,5;1009,9;1009,5;0;23,2;23,3;23,6;23,2;23,6;23,2;100;100;100;266;1,6;,7;
2026/02/08;0200 UTC;0;1009,8;1009,9;1009,5;0;23,3;23,3;23,3;23,1;23,3;23,1;100;100;100;280;1,5;,4;
2026/02/08;0300 UTC;0;1009,7;1009,9;1009,7;0;23,1;23,1;23,4;23,1;23,4;23,1;100;100;100;236;2,1;0;
2026/02/08;0400 UTC;0;1009,1;1009,7;1009,1;0;23,2;23,2;23,2;23;23,2;23,1;100;100;100;269;,7;0;
2026/02/08;0500 UTC;0;1008,9;1009,1;1008,8;0;23,2;23,2;23,2;23,1;23,3;23,1;100;100;100;236;,7;0;
2026/02/08;0600 UTC;0;1008,8;1009,2;1008,8;0;23,2;23,2;23,4;23,1;23,4;23,1;100;100;100;238;,7;0;
2026/02/08;0700 UTC;0;1009;1009;1008,7;0;22,9;23;23,2;22,9;23,2;22,9;100;100;100;236;,7;0;
2026/02/08;0800 UTC;0;1010;1010;1009;0;23,4;23,5;23,4;22,9;23,5;22,9;100;100;100;285;2,4;,7;
2026/02/08;0900 UTC;0;1010,1;1010,1;1009,9;14,8;23,3;23,3;23,6;23,3;23,6;23,3;100;100;100;238;3,3;,1;
2026/02/08;1000 UTC;0;1010,6;1010,6;1010,1;312,8;24,7;24,5;24,7;23,3;24,5;23,4;100;98;99;289;2,6;,2;
2026/02/08;1100 UTC;0;1011,2;1011,2;1010,6;514,5;25,1;24,4;25,5;24,5;24,8;23,7;100;91;95;276;1,4;,6;
2026/02/08;1200 UTC;0;1011,2;1011,2;1010,8;901,8;25,7;22,7;26,2;25,1;24,9;22,4;97;82;84;240;3,2;1,1;
2026/02/08;1300 UTC;0;1010,6;1011,2;1010,6;2364,7;28,3;23,2;28,3;25,7;24,1;22,2;87;74;74;290;2,5;,7;
2026/02/08;1400 UTC;0;1009,8;1010,6;1009,8;3305,1;29,7;22,9;29,8;28;24;21,7;75;65;67;266;3,6;,9;
2026/02/08;1500 UTC;0;1009,1;1009,8;1009,1;2616,9;30;22,8;30,6;29,4;24,7;22,3;74;63;65;273;3,5;,2;
2026/02/08;1600 UTC;0;1008,5;1009,1;1008,5;1391,9;29,2;23,3;30,1;29,2;25,2;23;78;65;71;292;2,4;1,1;
2026/02/08;1700 UTC;0;1008;1008,5;1008;1005;27,7;24,9;30;27,7;26,1;23,5;88;69;85;237;3,3;,9;
2026/02/08;1800 UTC;0;1007,2;1007,9;1007,2;839,6;27,7;25,9;28;26,3;26,4;24,8;98;85;90;248;3,4;,4;
2026/02/08;1900 UTC;13,2;1008,7;1008,7;1007,1;97,6;23,9;23,9;27,7;23,8;26,4;23,6;100;89;100;261;6,8;,7;
2026/02/08;2000 UTC;8,4;1008,8;1009;1008,7;131,2;24;24;24,1;23,7;24,1;23,7;100;100;100;236;2,1;,2;
2026/02/08;2100 UTC;14,8;1009,8;1009,8;1008,8;42,7;23,7;23,7;24,1;23,6;24,1;23,6;100;100;100;297;3,6;,9;
2026/02/08;2200 UTC;8,6;1010,4;1010,4;1009,8;4,7;23,5;23,5;23,7;23,4;23,8;23,4;100;100;100;248;3,5;,6;
2026/02/08;2300 UTC;16,2;1011,7;1011,7;1010,4;,1;23,3;23,3;23,6;23,3;23,6;23,3;100;100;100;252;2;0;
2026/02/09;0000 UTC;4;1012,2;1012,2;1011,7;,1;23,1;23,1;23,3;23;23,3;23,1;100;100;100;237;2,5;,3;
2026/02/09;0100 UTC;,4;1012,7;1012,7;1012,1;0;22,9;22,6;23,1;22,8;23,1;22,6;100;98;99;296;3;1;
2026/02/09;0200 UTC;,8;1012,8;1012,8;1012,7;0;22,1;22,1;22,9;22,1;22,6;22,1;100;97;100;244;2,5;,1;
2026/02/09;0300 UTC;1,2;1011,8;1012,8;1011,8;0;22,1;22,1;22,2;22;22,2;22,1;100;100;100;274;1,4;,1;
2026/02/09;0400 UTC;,2;1011,1;1011,8;1011,1;0;21,9;21,9;22,3;21,9;22,3;21,9;100;100;100;236;2,3;,1;
2026/02/09;0500 UTC;,2;1010,4;1011,1;1010,4;0;21,9;21,9;22,1;21,9;22,1;21,9;100;100;100;288;1,3;,5;
2026/02/09;0600 UTC;0;1010;1010,5;1010;0;21,8;21,8;22;21,7;22;21,8;100;100;100;285;1,5;,2;
2026/02/09;0700 UTC;0;1009,7;1010,1;1009,7;0;21,9;21,9;21,9;21,7;21,9;21,7;100;100;100;272;1,7;,6;
2026/02/09;0800 UTC;0;1009,6;1009,7;1009,3;0;21,8;21,8;22,1;21,7;22,1;21,7;100;99;100;275;2,2;,1;
2026/02/09;0900 UTC;0;1010,4;1010,4;1009,6;5,1;21,9;21,9;22;21,6;22;21,6;100;100;100;238;2,1;0;
2026/02/09;1000 UTC;0;1010,5;1010,6;1010,4;147,9;22,4;22,4;22,4;21,9;22,4;21,9;100;100;100;246;2,8;1,1;
2026/02/09;1100 UTC;0;1011;1011;1010,5;436,8;23,5;23;23,5;22,4;23,1;22,3;100;97;97;242;2,8;0;
2026/02/09;1200 UTC;,2;1011,6;1011,6;1010,9;651,3;24;22,9;24,1;23,5;23,5;22,7;98;93;94;298;,8;,2;
2026/02/09;1300 UTC;,2;1012,3;1012,3;1011,6;924,8;24,9;23,4;25;24;24,4;22,3;97;87;91;240;1,3;,3;
2026/02/09;1400 UTC;,4;1012,2;1012,4;1012,2;1163,3;25,4;23,1;25,9;24,8;24;22,7;94;82;87;265;1,3;,1;
2026/02/09;1500 UTC;,4;1012;1012,4;1012;757,1;24,7;23,6;25,4;24,7;24,4;23;97;87;94;236;1,3;,3;
2026/02/09;1600 UTC;,4;1011,2;1012;1011,2;684,7;24,8;23,3;24,8;24,5;24,2;22,9;97;89;92;262;1,3;0;
2026/02/09;1700 UTC;0;1010,7;1011,2;1010,7;861,6;25,2;23,6;25,5;24,7;24,4;23,2;97;88;91;262;1,1;,2;
2026/02/09;1800 UTC;,2;1010,5;1010,8;1010,5;740,2;25,6;24,1;25,6;25,2;24,4;23,3;95;88;92;240;1,4;,2;
2026/02/09;1900 UTC;2,6;1010,7;1010,7;1010,5;368,2;24,7;24,6;25,6;24,4;24,8;24;100;92;99;296;1;,1;
2026/02/09;2000 UTC;1,8;1010,4;1010,7;1010,3;207,5;23,7;23,6;24,7;23,7;24,5;23,6;100;97;99;278;2,3;,7;
2026/02/09;2100 UTC;,8;1011;1011;1010,4;113,8;23,4;23,5;23,7;23,3;23,6;23,3;100;99;100;236;2,3;0;
2026/02/09;2200 UTC;,6;1011,7;1011,7;1011;12,5;23,3;23,3;23,5;23,3;23,5;23,3;100;100;100;236;,8;0;
2026/02/09;2300 UTC;1,8;1012,5;1012,5;1011,7;0;23,3;23,3;23,4;23,2;23,4;23,2;100;100;100;236;,8;0;
2026/02/10;0000 UTC;1,6;1012,7;1012,8;1012,5;0;23,3;23,3;23,3;23,2;23,4;23,2;100;100;100;288;1,2;,5;
2026/02/10;0100 UTC;,2;1013,2;1013,2;1012,7;0;23,1;23,1;23,3;23;23,3;23,1;100;100;100;277;1,2;0;
2026/02/10;0200 UTC;,6;1012,8;1013,2;1012,8;0;23;23;23,2;23;23,2;23;100;100;100;240;1,9;0;
2026/02/10;0300 UTC;0;1012;1012,8;1012;0;22,8;22,8;23;22,8;23;22,8;100;100;100;266;,7;0;
2026/02/10;0400 UTC;0;1011,6;1012;1011,6;0;22,7;22,7;22,9;22,6;22,9;22,7;100;100;100;236;,5;0;
2026/02/10;0500 UTC;,2;1011;1011,6;1011;0;22,6;22,6;22,7;22,5;22,7;22,6;100;100;100;257;1;0;
2026/02/10;0600 UTC;0;1010,4;1011;1010,4;0;22,6;22,6;22,7;22,5;22,7;22,5;100;100;100;293;2,1;,7;
2026/02/10;0700 UTC;0;1010,5;1010,5;1010,3;0;22,2;22,2;22,6;22,2;22,6;22,2;100;100;100;236;2,1;0;
2026/02/10;0800 UTC;0;1011,2;1011,2;1010,5;0;22,1;22,1;22,3;22,1;22,3;22,1;100;100;100;275;,9;0;
2026/02/10;0900 UTC;,2;1011,8;1011,8;1011,2;4,6;22;22;22,1;21,9;22,1;22;100;100;100;243;,7;0;
2026/02/10;1000 UTC;0;1012,3;1012,3;1011,8;208,7;22,6;22,6;22,6;21,9;22,6;21,9;100;100;100;260;1,3;,3;
2026/02/10;1100 UTC;0;1012,6;1012,6;1012,2;687,6;24;23,4;24;22,6;23,5;22,6;100;94;96;248;1,6;0;
2026/02/10;1200 UTC;0;1012,9;1012,9;1012,6;720,7;24,5;23,3;24,6;24;23,8;22,9;96;92;93;231;,9;,1;
2026/02/10;1300 UTC;0;1012,7;1012,9;1012,7;826,1;25,8;23,6;25,8;24,5;23,8;23;94;87;87;271;1,3;,1;
2026/02/10;1400 UTC;0;1012,3;1012,7;1012,3;1456,9;26,8;23,7;26,8;25,5;24,5;23;89;83;83;283;1,4;,6;
2026/02/10;1500 UTC;0;1012,1;1012,3;1012,1;1674,1;27,7;24,4;27,8;26,7;24,9;23,3;85;78;82;276;2,1;,6;
2026/02/10;1600 UTC;0;1011,8;1012,1;1011,8;1322,5;27,9;25;28,2;27,5;25,2;24;85;79;84;256;2,2;0;
2026/02/10;1700 UTC;,4;1011,4;1011,8;1011,4;757,6;26,2;26,2;27,9;26,1;26,4;25;100;83;100;236;,7;0;
2026/02/10;1800 UTC;,6;1010,6;1011,4;1010,6;879;27,4;25,4;27,5;26,2;26,7;24,9;100;86;89;246;1,4;,3;
2026/02/10;1900 UTC;0;1010,1;1010,6;1010,1;584,4;26,7;26,6;27,3;26,6;26,9;25,2;100;89;100;250;1,6;0;
2026/02/10;2000 UTC;0;1009,9;1010,1;1009,9;359,4;26,3;25,2;26,8;26,2;26,7;25;100;93;94;277;2,4;1,4;
2026/02/10;2100 UTC;0;1010;1010;1009,9;136,1;24,9;24,9;26,3;24,9;25,4;24,9;100;94;100;236;2,5;0;
2026/02/10;2200 UTC;0;1010,3;1010,3;1009,9;20,4;23,8;23,8;25;23,8;25;23,8;100;95;100;237;1,4;,4;
2026/02/10;2300 UTC;0;1010,4;1010,5;1010,3;0;23,1;23,1;23,8;23,1;23,8;23,1;100;98;100;282;1,5;,3;
2026/02/11;0000 UTC;0;1011;1011;1010,4;0;22,9;22,9;23,2;22,7;23,2;22,7;100;99;100;256;1,8;,2;
2026/02/11;0100 UTC;0;1011,5;1011,5;1011;0;22,5;22,5;22,9;22,5;22,9;22,5;100;100;100;238;1,7;,1;
2026/02/11;0200 UTC;0;1011,4;1011,7;1011,4;0;22,4;22,5;22,6;22,3;22,7;22,3;100;100;100;284;1,6;,2;
2026/02/11;0300 UTC;0;1011;1011,4;1011;0;22,3;22,3;22,5;22,2;22,5;22,2;100;100;100;249;1,4;,2;
2026/02/11;0400 UTC;0;1009,9;1011;1009,8;0;22,2;22,2;22,3;22,2;22,3;22,2;100;100;100;256;1,1;0;
2026/02/11;0500 UTC;0;1009,5;1009,9;1009,5;0;22,1;22,2;22,2;22,1;22,3;22,1;100;100;100;236;1,1;,3;
2026/02/11;0600 UTC;0;1009,5;1009,6;1009,4;0;22,3;22,3;22,3;22,1;22,3;22,2;100;100;100;236;1,1;,2;
2026/02/11;0700 UTC;,2;1009,5;1009,7;1009,3;0;22,4;22,5;22,5;22,3;22,5;22,3;100;100;100;261;1,6;0;
2026/02/11;0800 UTC;0;1009,3;1009,5;1009,2;0;22,6;22,6;22,6;22,4;22,7;22,4;100;100;100;239;2,7;,6;
2026/02/11;0900 UTC;0;1010,2;1010,2;1009,3;8,5;22,9;22,9;22,9;22,6;22,9;22,6;100;100;100;254;2,7;,9;
2026/02/11;1000 UTC;0;1010,9;1010,9;1010,2;132,4;23,6;23,6;23,6;22,9;23,6;22,9;100;100;100;275;2,4;,1;
2026/02/11;1100 UTC;0;1011,4;1011,4;1010,9;587,4;25,4;23,7;25,4;23,5;24,7;23,5;100;90;90;293;2,5;,7;
2026/02/11;1200 UTC;0;1011,6;1011,6;1011,3;1057,4;27,7;25,3;27,7;25,4;25,3;23,8;95;81;87;265;2,8;,3;
2026/02/11;1300 UTC;0;1011,3;1011,7;1011,3;1502,6;30,6;25,2;30,6;27,7;26;24,1;88;73;73;250;2,4;,7;
2026/02/11;1400 UTC;0;1011,3;1011,4;1011,2;3565,8;33,3;21,9;33,8;30,6;25,4;20,8;73;48;51;269;5,6;2,1;
2026/02/11;1500 UTC;0;1010,6;1011,3;1010,6;3156,4;33;21,4;34;32,6;24,4;21,3;63;48;51;267;5,2;1,7;
2026/02/11;1600 UTC;0;1009,8;1010,6;1009,8;2142,7;34,4;22,4;34,4;31;25,8;20,7;70;47;50;293;3,3;1;
2026/02/11;1700 UTC;0;1009,2;1009,8;1009,2;2645,9;32,3;25,3;35;31,2;26,6;21,6;75;46;67;246;3,1;,4;
2026/02/11;1800 UTC;0;1009,1;1009,2;1009;2074,9;32,3;24,9;34;32,3;26,6;22;71;51;65;238;5;2,2;
2026/02/11;1900 UTC;0;1009,4;1009,4;1009;1136,5;29,2;24,7;32,3;29,2;25,8;23,6;78;63;77;251;5,5;,6;
2026/02/11;2000 UTC;0;1009,8;1009,8;1009,4;894,9;31,4;24,9;31,4;29,2;27,3;23,9;84;68;68;247;4,1;,9;
2026/02/11;2100 UTC;0;1010,7;1011,1;1009,8;468,5;26,6;22,6;31,4;26,2;24,3;22;82;65;79;274;6,9;2,6;
2026/02/11;2200 UTC;,6;1011,7;1011,9;1010,6;36,6;24,6;24,2;26,7;24,6;24,4;22,3;98;77;98;249;6,9;,9;
2026/02/11;2300 UTC;0;1012;1012,2;1011,7;0;25,7;22,8;25,8;23,5;24,6;22,8;100;84;84;294;4;1,8;
2026/02/12;0000 UTC;,2;1012,9;1012,9;1012;0;23,4;23,4;25,8;23,4;23,8;22,5;100;82;100;242;3,8;,1;
2026/02/12;0100 UTC;,6;1013;1013,1;1012,9;0;23,2;23,2;23,8;23,2;23,8;23,2;100;99;100;243;1,6;,1;
2026/02/12;0200 UTC;,2;1012,7;1013;1012,7;0;23,4;23,4;23,4;23;23,4;23;100;100;100;290;2;1,1;
2026/02/12;0300 UTC;,4;1012,1;1012,7;1012,1;0;22,9;22,9;23,5;22,9;23,5;22,9;100;99;100;257;2,4;,1;
2026/02/12;0400 UTC;0;1011,6;1012,1;1011,6;0;22,7;22,7;22,9;22,7;22,9;22,7;100;100;100;242;1,2;,1;
2026/02/12;0500 UTC;0;1011,1;1011,6;1011,1;0;22,4;22,4;22,8;22,4;22,8;22,4;100;100;100;248;1,5;,5;
2026/02/12;0600 UTC;0;1011,1;1011,1;1011;0;22,3;22,3;22,5;22,3;22,5;22,3;100;100;100;255;1,6;0;
2026/02/12;0700 UTC;0;1011,2;1011,2;1011;0;22,4;22,5;22,5;22,3;22,5;22,3;100;100;100;242;,9;0;
2026/02/12;0800 UTC;0;1011,5;1011,5;1011,2;0;22,5;22,5;22,5;22,4;22,5;22,4;100;100;100;236;1,2;,1;
2026/02/12;0900 UTC;0;1012;1012;1011,5;6,6;22,8;22,8;22,8;22,5;22,8;22,5;100;100;100;244;1,5;,4;
2026/02/12;1000 UTC;0;1012,8;1012,8;1012;105,8;23,3;23,3;23,3;22,7;23,3;22,8;100;100;100;260;1,1;0;
2026/02/12;1100 UTC;0;1013,2;1013,2;1012,8;639,9;25,4;24,4;25,5;23,3;24,6;23,4;100;91;94;236;1,1;,4;
2026/02/12;1200 UTC;0;1013,4;1013,4;1013,2;1241,5;27,8;24;27,8;25,4;25,2;23,4;96;80;80;298;1,8;,8;
2026/02/12;1300 UTC;0;1013,1;1013,5;1013,1;2208,6;30,3;22,9;30,6;27,8;25,4;22,9;83;65;65;269;2,2;,4;
2026/02/12;1400 UTC;0;1012,5;1013,1;1012,5;3370;32,9;25;33,3;30,3;26,2;23,2;73;59;64;290;4;1,8;
2026/02/12;1500 UTC;0;1011,9;1012,5;1011,9;4544;33,8;23,4;34,1;32,9;24,9;22,5;64;53;55;298;5,4;2,6;
2026/02/12;1600 UTC;0;1011,1;1011,9;1011,1;3423;34,5;24,7;34,7;33,2;25,3;22,7;61;53;57;249;4,9;1,3;
2026/02/12;1700 UTC;0;1010,3;1011,1;1010,3;3618,7;34,6;24;35,6;34,1;25,7;23,6;60;52;54;250;4,7;1,2;
2026/02/12;1800 UTC;0;1009,5;1010,3;1009,5;1870,4;33,5;25,4;34,6;33,4;25,4;22,8;63;52;63;248;4,3;,9;
2026/02/12;1900 UTC;0;1009,2;1009,6;1009,2;1789,4;34,1;24,3;34,6;32,7;26,3;23;67;51;57;240;2,5;,5;
2026/02/12;2000 UTC;0;1009,5;1009,5;1009,1;1630,6;34,8;24,4;35,3;32,9;25,7;21,6;63;48;55;278;4;1;
2026/02/12;2100 UTC;0;1009,9;1009,9;1009,5;813,2;32,4;20,2;35,1;31,5;25,4;20,2;61;45;49;248;5;1,6;
2026/02/12;2200 UTC;0;1010,7;1010,7;1009,8;32,4;28,7;21,8;32,4;28,7;22,3;20,2;66;48;66;298;4,2;1,8;
2026/02/12;2300 UTC;0;1011,8;1011,8;1010,7;0;23,8;23,1;28,7;23,8;23,4;21,5;96;66;96;236;3,9;0;
2026/02/13;0000 UTC;0;1012,4;1012,4;1011,8;0;23;22,5;23,8;23;23,1;22,4;98;95;97;231;1,5;,2;
2026/02/13;0100 UTC;0;1013,2;1013,2;1012,4;0;22;21,9;23;22;22,4;21,9;100;97;99;246;1,6;0;
2026/02/13;0200 UTC;0;1013,5;1013,5;1013,2;0;21,5;21,5;22,1;21,5;22;21,5;100;99;100;239;1,3;0;
2026/02/13;0300 UTC;0;1013,2;1013,5;1013,2;0;21,3;21,4;21,5;21,3;21,6;21,3;100;100;100;236;1,2;0;
2026/02/13;0400 UTC;0;1013;1013,2;1012,9;0;21,1;21,2;21,5;21,1;21,5;21,1;100;100;100;236;1,1;,1;
2026/02/13;0500 UTC;0;1012,9;1013,1;1012,9;0;20,9;20,9;21,2;20,9;21,3;20,9;100;100;100;236;,9;,2;
2026/02/13;0600 UTC;0;1012,9;1013;1012,8;0;20,7;20,7;21;20,7;21;20,7;100;100;100;236;1,5;,3;
2026/02/13;0700 UTC;0;1013;1013;1012,8;0;20,5;20,6;20,8;20,5;20,8;20,5;100;100;100;237;1,1;,2;
2026/02/13;0800 UTC;0;1013,1;1013,1;1013;0;20,5;20,5;20,7;20,3;20,7;20,3;100;100;100;244;1,3;0;
2026/02/13;0900 UTC;0;1013,7;1013,7;1013,1;11,6;20,3;20,3;20,5;20,2;20,5;20,2;100;100;100;246;,9;0;
2026/02/13;1000 UTC;0;1014,1;1014,1;1013,7;347,2;23,2;23,2;23,2;20,3;23,2;20,3;100;100;100;236;,8;0;
2026/02/13;1100 UTC;0;1014,3;1014,3;1014,1;1321,4;28,1;23,4;28,1;23,2;24,5;22,7;100;76;76;272;1,2;0;
2026/02/13;1200 UTC;0;1014,1;1014,3;1014,1;2174,3;31,1;23,1;31,4;28,1;25,5;23;79;63;63;290;2;,6;
2026/02/13;1300 UTC;0;1013,9;1014,1;1013,9;2919,3;33;23,2;33;30,7;25;22,7;69;56;57;298;4,4;2,3;
2026/02/13;1400 UTC;0;1013,1;1013,9;1013,1;3454,1;33,9;21,5;34;32,9;24,4;21,2;59;48;48;286;4;1,4;
2026/02/13;1500 UTC;0;1012,2;1013,1;1012,2;3755,5;34,8;22,4;35;33,9;23,4;20,9;53;45;49;298;6;2,9;
2026/02/13;1600 UTC;0;1011,5;1012,3;1011,5;3807,2;34,7;21,5;35,1;34,3;23,4;20,9;53;45;46;248;6,8;1,4;
2026/02/13;1700 UTC;0;1010,6;1011,5;1010,6;3574,2;35,3;20,7;36,1;34,7;23,6;20,6;51;42;43;287;5,2;1,8;
2026/02/13;1800 UTC;0;1009,9;1010,6;1009,8;3089,8;36,2;21,2;36,6;35,2;23,2;20;48;41;42;252;5,8;,7;
2026/02/13;1900 UTC;0;1009,2;1009,9;1009,2;2385;35,4;21,6;36,3;35,4;22,9;20,4;48;40;45;243;3,7;1,2;
2026/02/13;2000 UTC;0;1009;1009,2;1009;1524,8;34,2;23,6;35,7;33,6;24,6;21,6;59;45;54;245;4;,3;
2026/02/13;2100 UTC;0;1009,2;1009,2;1009;742,8;30,1;25,4;34,8;30,1;25,4;22,2;76;49;76;250;2,7;,1;
2026/02/13;2200 UTC;0;1009,7;1009,7;1009,2;41,7;27,9;22,9;31,8;27,9;24,8;21,5;77;54;74;297;3;,7;
2026/02/13;2300 UTC;0;1010,1;1010,1;1009,7;0;24,6;23,6;27,9;24,5;23,8;22,9;94;74;94;236;2,2;,5;
2026/02/14;0000 UTC;0;1011,1;1011,1;1010,1;0;23,2;22,9;24,7;23,2;23,6;22,9;98;94;98;242;1,6;,4;
2026/02/14;0100 UTC;0;1011,7;1011,8;1011,1;0;22,5;22,3;23,3;22,4;22,8;22,1;99;96;99;236;1,1;,3;
2026/02/14;0200 UTC;0;1012;1012;1011,7;0;21,9;21,8;23;21,9;22,6;21,8;100;97;99;235;1,5;0;
2026/02/14;0300 UTC;0;1012,1;1012,2;1012;0;21,5;21,5;21,9;21,5;21,8;21,5;100;99;100;237;1;0;
2026/02/14;0400 UTC;0;1011,6;1012,1;1011,6;0;21,2;21,2;21,5;21,2;21,5;21,2;100;100;100;231;1,1;,1;
2026/02/14;0500 UTC;0;1011;1011,6;1011;0;20,6;20,6;21,3;20,6;21,3;20,6;100;100;100;236;1,3;,1;
2026/02/14;0600 UTC;0;1010,9;1011;1010,8;0;20,2;20,2;20,7;20,1;20,7;20,1;100;100;100;236;1,1;0;
2026/02/14;0700 UTC;0;1011,3;1011,3;1010,9;0;20,1;20,2;20,3;20,1;20,3;20,1;100;100;100;237;1,1;,1;
2026/02/14;0800 UTC;0;1011,8;1011,8;1011,3;0;20;20;20,2;20;20,2;20;100;100;100;236;1,2;0;
2026/02/14;0900 UTC;0;1012,5;1012,5;1011,8;15,3;20,1;20,1;20,2;19,9;20,2;20;100;100;100;236;1,2;,2;
2026/02/14;1000 UTC;0;1013,7;1013,7;1012,5;359,2;23,1;22,7;23,1;20,1;22,7;20,1;100;97;97;236;1;,1;
2026/02/14;1100 UTC;0;1014;1014,1;1013,7;1272,3;27,6;23,3;27,6;23,2;23,3;21,4;97;75;77;261;1,4;0;
2026/02/14;1200 UTC;0;1013,9;1014;1013,9;1898,2;29,1;22,7;29,1;26,8;23,3;22;80;68;68;275;2,4;,6;
2026/02/14;1300 UTC;0;1013,9;1014;1013,8;2801,8;30,6;22,8;30,7;28,7;23,4;21,7;70;61;63;250;3,4;1,1;
2026/02/14;1400 UTC;0;1013,3;1013,9;1013,3;3382,7;32,5;23,6;32,5;30,5;23,6;21,2;66;55;59;296;2,9;1;
2026/02/14;1500 UTC;0;1012,4;1013,3;1012,4;3746,4;33;22,7;33,2;31,9;23,8;21,6;60;53;55;275;3,8;1,2;
2026/02/14;1600 UTC;0;1011,6;1012,4;1011,6;3074,6;34,1;22,3;34,1;32,8;24,1;21,6;60;48;50;298;3,8;1,9;
2026/02/14;1700 UTC;0;1010,8;1011,6;1010,8;2978,7;32,5;24,3;35;32,4;24,3;20,1;62;43;62;237;6,3;2,7;
2026/02/14;1800 UTC;0;1010,4;1010,8;1010,4;3173,7;33;23,6;34,1;32,5;25;23,1;62;54;58;293;6,6;2,7;
2026/02/14;1900 UTC;0;1010,4;1010,6;1010,4;1518,3;32;23,2;33,2;31,6;24,1;22,4;61;56;60;283;6,6;1,7;
2026/02/14;2000 UTC;0;1010,9;1011;1010,2;897,7;27,7;23,5;33,3;27,7;24,3;22,1;78;55;78;250;7,8;2,3;
2026/02/14;2100 UTC;6,6;1011,8;1011,8;1010,9;125,2;25,4;25,2;27,7;25;25,3;23,5;100;78;99;287;9,5;1,5;
2026/02/14;2200 UTC;,4;1012;1012,1;1011,8;11;24,9;24,9;25,5;24,8;25,4;24,8;100;98;100;238;3,1;0;
2026/02/14;2300 UTC;0;1012,5;1012,6;1012;0;25,2;25,2;25,4;24,9;25,4;24,9;100;100;100;259;2,4;,4;
2026/02/15;0000 UTC;0;1013,1;1013,1;1012,5;0;24,7;24,7;25,3;24,7;25,3;24,7;100;100;100;236;1,8;,1;
2026/02/15;0100 UTC;0;1013,2;1013,2;1013,1;0;24,4;24,4;24,8;24,4;24,9;24,4;100;100;100;259;1;0;
2026/02/15;0200 UTC;0;1013,2;1013,4;1013,2;0;24,4;24,4;24,4;24,2;24,4;24,2;100;100;100;241;1;0;
2026/02/15;0300 UTC;0;1012,8;1013,3;1012,8;0;24,1;24,1;24,4;24,1;24,4;24,1;100;100;100;249;1,8;0;
2026/02/15;0400 UTC;0;1012,6;1012,8;1012,6;0;24,1;24,1;24,1;24;24,2;24;100;100;100;269;1,1;0;
2026/02/15;0500 UTC;0;1012,3;1012,6;1012,3;0;24;24;24,2;24;24,2;24;100;100;100;235;1;0;
2026/02/15;0600 UTC;0;1012,2;1012,3;1012,2;0;24;24,1;24,2;24;24,2;24;100;100;100;265;1;0;
2026/02/15;0700 UTC;0;1012,4;1012,4;1012,2;0;23,9;24;24,1;23,9;24,1;24;100;100;100;265;1,1;0;
2026/02/15;0800 UTC;0;1012,3;1012,4;1012,3;0;23,7;23,7;24;23,7;24;23,7;100;100;100;249;1,3;,2;
2026/02/15;0900 UTC;0;1013;1013;1012,3;12,7;23,1;23,1;23,7;23;23,8;23;100;100;100;231;1,3;0;
2026/02/15;1000 UTC;0;1013,7;1013,7;1013;257,9;24,2;24,3;24,2;23;24,3;23,1;100;100;100;272;1,1;,2;
2026/02/15;1100 UTC;0;1014;1014;1013,7;924,8;26,7;24,5;26,7;24,3;25,1;23,9;100;88;88;242;1,3;,1;
2026/02/15;1200 UTC;0;1014;1014;1013,8;1981,4;28,2;23,6;28,8;26,3;25;23,4;91;75;76;237;2,1;,8;
2026/02/15;1300 UTC;0;1013,7;1014;1013,7;2873;30,2;23,3;30,9;28,2;25,7;23;80;65;67;261;3,2;,5;
2026/02/15;1400 UTC;0;1013,1;1013,7;1013,1;3135,9;31,3;22,9;31,9;29,7;24,9;22,9;74;61;61;262;3,4;1,1;
2026/02/15;1500 UTC;0;1012,5;1013,2;1012,5;2562,6;30,7;23,7;32,6;30,3;25,3;22,3;74;57;66;237;3,9;,8;
2026/02/15;1600 UTC;0;1011,8;1012,5;1011,8;3803,9;32,9;24,8;33;30,7;25,2;22,8;67;58;62;241;4,6;1,6;
2026/02/15;1700 UTC;0;1011,1;1011,8;1011,1;3533;33,1;23,3;33,5;32,2;25,9;23,1;66;56;56;254;5,3;1,6;
2026/02/15;1800 UTC;0;1010,7;1011,1;1010,6;2231,6;33,1;24,1;33,2;31,3;25,4;22,9;71;56;59;241;4,7;1,9;
2026/02/15;1900 UTC;0;1010,6;1010,7;1010,6;1409,7;32,2;25,2;33,2;30,6;25,2;23,1;73;56;67;240;4,8;1,4;
2026/02/15;2000 UTC;0;1011;1011;1010,6;1208,9;30,7;24;32,3;30,4;25;23,9;71;63;68;244;6,4;2;
2026/02/15;2100 UTC;0;1011,4;1011,4;1010,9;524,7;28,8;23,8;30,8;28,8;24,6;23,6;76;67;74;264;6,1;,9;
2026/02/15;2200 UTC;0;1012,1;1012,1;1011,4;26,8;27,1;23,9;29,2;26,7;24,8;23,6;88;72;83;266;2,8;1;
2026/02/15;2300 UTC;0;1012,6;1012,6;1012,1;0;25,9;25,5;27,1;25,8;25,5;23,8;98;82;98;254;1,7;0;
2026/02/16;0000 UTC;0;1013,1;1013,1;1012,6;0;25,3;25,3;25,9;25,3;25,6;25,3;100;98;100;232;1,2;0;
2026/02/16;0100 UTC;0;1013,3;1013,3;1013,1;0;25,5;25,5;25,7;25,2;25,7;25,3;100;100;100;238;1,4;0;
2026/02/16;0200 UTC;0;1013,4;1013,5;1013,3;0;25,4;25,4;25,6;25,2;25,6;25,3;100;100;100;231;,7;0;
2026/02/16;0300 UTC;0;1013,2;1013,4;1013,2;0;25,5;25,5;25,7;25,3;25,7;25,4;100;100;100;232;1,4;0;
2026/02/16;0400 UTC;0;1012,6;1013,2;1012,6;0;24,9;24,9;25,5;24,9;25,6;24,9;100;100;100;231;1,1;0;
2026/02/16;0500 UTC;0;1012,2;1012,6;1012,2;0;24,7;24,7;24,9;24,5;24,9;24,5;100;100;100;231;1;0;
2026/02/16;0600 UTC;0;1012,3;1012,3;1012,2;0;24,2;24,3;24,7;24,2;24,7;24,3;100;100;100;231;1,4;0;
2026/02/16;0700 UTC;0;1012,3;1012,4;1012,2;0;24,2;24,2;24,3;24,1;24,3;24,2;100;100;100;251;,7;0;
2026/02/16;0800 UTC;0;1012,3;1012,4;1012,3;0;23,3;23,4;24,2;23,3;24,2;23,3;100;100;100;242;,6;0;
2026/02/16;0900 UTC;0;1012,4;1012,5;1012,2;7,8;22,9;22,9;23,4;22,8;23,4;22,8;100;100;100;256;,8;0;
2026/02/16;1000 UTC;0;1013,1;1013,1;1012,4;316,3;24,2;24;24,4;22,7;24,4;22,8;100;98;98;293;,9;,1;
2026/02/16;1100 UTC;0;1013,4;1013,4;1013,1;1270,1;27,6;23,8;27,6;24,2;24,6;23,1;99;80;80;270;1,1;,1;
2026/02/16;1200 UTC;0;1013,6;1013,6;1013,3;2129,9;29,9;23,6;30;27,4;24,6;23,1;80;69;69;297;3,5;1,8;
2026/02/16;1300 UTC;0;1013,2;1013,6;1013,2;2862;31;23,2;31,7;29,7;24,6;22,7;72;62;63;290;3,7;1,1;
2026/02/16;1400 UTC;0;1012,7;1013,2;1012,7;3330,9;32,5;24,4;32,8;31;25,2;23;67;58;62;254;3,4;1;
2026/02/16;1500 UTC;0;1012,2;1012,7;1012,2;3619,3;33,1;23,9;33,4;32,2;25;22,8;63;56;59;255;4,9;1,3;
2026/02/16;1600 UTC;0;1011,4;1012,2;1011,3;3563,4;33,5;22,5;33,9;32,6;24,5;21,4;61;49;53;238;4,9;1,4;
2026/02/16;1700 UTC;0;1010,4;1011,4;1010,4;3418,8;33,9;22,8;34,3;33,4;23,3;21,3;54;48;53;233;5,6;2,1;
2026/02/16;1800 UTC;0;1009,8;1010,4;1009,7;3053,5;34,3;21,6;34,7;33,9;23,6;21;54;46;48;241;4,9;1,6;
2026/02/16;1900 UTC;0;1009,6;1009,8;1009,6;2161,1;34;22;34,7;32,8;23,7;21,2;56;46;49;236;6,1;2,2;
2026/02/16;2000 UTC;0;1009,5;1009,6;1009,4;1470,8;33,1;23,5;34,1;33,1;24,2;21,6;59;49;57;239;4,9;1,4;
2026/02/16;2100 UTC;0;1009,8;1009,8;1009,4;590,4;29,9;24,6;33,2;29,9;24,6;22,9;74;55;74;237;4,5;,8;
2026/02/16;2200 UTC;0;1010,6;1010,6;1009,8;28,9;27,4;24,9;29,9;27,4;24,9;23,8;86;71;86;264;4,2;,5;
2026/02/16;2300 UTC;0;1011,4;1011,4;1010,6;0;25,8;25,5;27,4;25,8;25,5;24,7;98;86;98;242;1,7;0;
2026/02/17;0000 UTC;0;1012;1012;1011,4;0;25,2;25,1;26,1;25,2;25,6;25,1;100;97;100;233;1,3;,5;
2026/02/17;0100 UTC;0;1012,3;1012,3;1012;0;24,6;24,7;25,4;24,6;25,4;24,6;100;99;100;231;1,3;0;
2026/02/17;0200 UTC;0;1012,7;1012,7;1012,3;0;24,3;24,3;24,7;24,2;24,7;24,2;100;100;100;253;1,4;,1;
2026/02/17;0300 UTC;0;1012,1;1012,7;1012,1;0;23,6;23,6;24,3;23,6;24,3;23,6;100;100;100;234;1,4;0;
2026/02/17;0400 UTC;0;1011,4;1012,1;1011,4;0;23;23;23,6;23;23,6;23;100;100;100;242;1,3;,1;
2026/02/17;0500 UTC;0;1010,8;1011,4;1010,7;0;22,2;22,3;23;22,2;23;22,2;100;100;100;231;1,1;,1;
2026/02/17;0600 UTC;0;1010,7;1010,8;1010,6;0;21,9;21,9;22,4;21,8;22,4;21,8;100;100;100;233;1,6;0;
2026/02/17;0700 UTC;0;1010,3;1010,8;1010,1;0;21,2;21,2;21,9;21,2;21,9;21,2;100;100;100;240;1,1;0;
2026/02/17;0800 UTC;0;1010,3;1010,4;1010,2;0;20,7;20,7;21,2;20,7;21,2;20,7;100;100;100;245;1,3;,2;
2026/02/17;0900 UTC;0;1010,7;1010,8;1010,2;8,6;20,8;20,8;20,8;20,5;20,8;20,5;100;100;100;233;1,1;,1;
2026/02/17;1000 UTC;0;1011,2;1011,3;1010,7;220,9;22,2;22,2;22,3;20,7;22,3;20,8;100;100;100;250;1,1;,1;
2026/02/17;1100 UTC;0;1011,3;1011,4;1011,2;1213,3;27,3;23,5;27,4;22,1;23,8;22,1;100;78;80;262;1,5;,3;
2026/02/17;1200 UTC;0;1011,2;1011,3;1011,2;2139,2;31,3;22,7;31,5;27,2;25,3;22;81;58;60;242;2,3;,5;
2026/02/17;1300 UTC;0;1011,1;1011,3;1011,1;2873,2;33,4;21,3;33,7;31,3;24;20,5;64;48;49;247;4;1,4;
2026/02/17;1400 UTC;0;1010,3;1011,1;1010,3;3400,9;33,9;20,2;34,3;33,1;23,3;20,2;54;45;45;254;5,4;1,7;
2026/02/17;1500 UTC;0;1009,8;1010,3;1009,8;3692,5;35;21,3;35,2;33,9;23,4;20,3;53;42;45;242;4,5;1,3;
2026/02/17;1600 UTC;0;1008,9;1009,8;1008,9;3748,8;35,5;20,1;35,8;34,7;22,4;19,4;48;39;41;246;4,1;,5;
2026/02/17;1700 UTC;0;1008;1008,9;1008;3507,7;36,4;21;36,5;35,6;23;18,6;47;35;41;261;3,8;1;
2026/02/17;1800 UTC;0;1007,3;1008;1007,3;3097,6;36,3;20,8;37,6;36,2;22,2;18,4;43;34;41;240;3,2;,9;
2026/02/17;1900 UTC;0;1006,4;1007,3;1006,4;2263,1;35,4;22,8;36,8;35,4;23,5;20,4;51;38;48;233;3,5;1,5;
2026/02/17;2000 UTC;0;1006,3;1006,5;1006,3;1153,1;32;23,5;35,6;31,7;24,3;21,4;63;44;61;232;4;,3;
2026/02/17;2100 UTC;0;1006,7;1006,7;1006,3;251,5;31;24;32;29,2;25,4;23,3;80;61;67;264;2,9;1,3;
2026/02/17;2200 UTC;0;1007,3;1007,3;1006,6;40;28,6;25;31,8;28;25,1;23,4;84;61;81;262;3,1;0;
2026/02/17;2300 UTC;0;1008,1;1008,1;1007,3;0;27,1;25,3;28,5;27;25,7;24,5;92;79;90;254;2,6;,2;
2026/02/18;0000 UTC;0;1008,6;1008,6;1008,1;0;25,7;25;27,2;25,7;25,2;24,8;96;86;96;231;1,5;0;
2026/02/18;0100 UTC;0;1009,1;1009,1;1008,6;0;25;25;25,8;25;25,2;24,9;100;96;100;231;1,1;,5;
2026/02/18;0200 UTC;0;1008,8;1009,1;1008,8;0;25;24,7;25,3;24,8;25,1;24,7;100;98;98;277;2;0;
2026/02/18;0300 UTC;0;1008,4;1008,8;1008,4;0;24,1;24,2;25,2;24,1;24,8;24,1;100;98;100;231;1,2;,3;
2026/02/18;0400 UTC;0;1008,1;1008,4;1008,1;0;24,1;24,1;24,4;24,1;24,4;24,1;100;100;100;231;1,1;0;
2026/02/18;0500 UTC;0;1007,7;1008,1;1007,7;0;23,7;23,8;24,2;23,7;24,3;23,8;100;100;100;231;,8;0;
2026/02/18;0600 UTC;0;1007,3;1007,7;1007,3;0;23,6;23,6;23,8;23,5;23,8;23,5;100;100;100;231;,9;,1;
2026/02/18;0700 UTC;0;1007,2;1007,3;1006,9;0;23,3;23,3;23,6;23,3;23,6;23,3;100;100;100;231;1,2;,1;
2026/02/18;0800 UTC;0;1007,6;1007,6;1007,2;0;22,9;23;23,4;22,9;23,5;22,9;100;100;100;231;1,1;0;
2026/02/18;0900 UTC;0;1007,3;1007,6;1007,3;8,6;22,8;22,8;23,1;22,7;23,1;22,7;100;100;100;231;,9;,1;
2026/02/18;1000 UTC;0;1008;1008;1007,3;281,4;24,7;24,4;24,8;22,7;24,7;22,7;100;98;98;232;1,2;,2;
2026/02/18;1100 UTC;0;1008,1;1008,1;1008;1220,8;28,7;23,2;29;24,7;25;23,2;98;72;72;290;2;,6;
2026/02/18;1200 UTC;0;1008,3;1008,3;1008,1;2078,5;31,2;23,4;31,2;28,7;24,6;23,1;74;64;64;292;3,8;1,1;
2026/02/18;1300 UTC;0;1008;1008,4;1008;2805,7;32,5;23,6;32,5;30,7;25;22,8;67;57;59;298;3,6;1,3;
2026/02/18;1400 UTC;0;1007,7;1008,1;1007,7;3338,2;33,9;23,5;34;32,5;24,4;22,3;61;51;55;294;3,6;1,3;
2026/02/18;1500 UTC;0;1007;1007,7;1007;3464,9;34,6;22,1;35,2;33,9;24,2;22,1;55;48;48;295;5,3;2,5;
2026/02/18;1600 UTC;0;1006;1007;1006;3595,9;35,9;23,2;36,3;34,4;24,4;21,6;52;44;48;295;5,8;1,6;
2026/02/18;1700 UTC;0;1005,4;1006;1005,4;2226,2;33,5;23,3;36,4;33,4;25,9;21,8;67;44;55;237;3,9;1,5;
2026/02/18;1800 UTC;0;1005,4;1005,5;1005;886,8;30,7;20,5;33,6;30,7;24,1;19,1;60;46;54;263;6,8;,6;
2026/02/18;1900 UTC;0;1006,6;1007,1;1005,4;156,8;25,3;20,4;30,9;25;22,6;18,9;74;52;74;298;15,9;4,5;
2026/02/18;2000 UTC;12,4;1007,2;1007,6;1006,5;180,5;23,3;22,3;25,4;22,5;22,5;20,1;98;73;94;265;10,8;1,3;
2026/02/18;2100 UTC;,2;1007,1;1007,2;1006,8;95,4;23,1;23,2;23,6;22,8;23,2;22,4;100;94;100;283;4;,2;
2026/02/18;2200 UTC;0;1008,1;1008,3;1007,1;11,8;23,1;23,1;23,2;22,9;23,2;22,9;100;100;100;275;2,7;1,4;
2026/02/18;2300 UTC;0;1007,5;1008,2;1007,5;0;23,1;22,5;23,2;22,9;23,2;22,5;100;97;97;261;3,7;1,9;
2026/02/19;0000 UTC;0;1007,3;1007,5;1007;0;22,3;22,3;23,1;22,3;22,6;22,3;100;96;100;256;4;0;
2026/02/19;0100 UTC;0;1008;1008;1007,3;0;21,8;21,8;22,4;21,8;22,4;21,8;100;100;100;234;,8;,1;
2026/02/19;0200 UTC;0;1008,5;1008,6;1008;0;21,7;21,7;21,9;21,6;21,9;21,6;100;100;100;244;1;,1;
2026/02/19;0300 UTC;0;1008,2;1008,7;1008,2;0;21,9;21,9;22;21,7;22;21,7;100;100;100;277;1,7;,1;
2026/02/19;0400 UTC;0;1007,4;1008,2;1007,4;0;22;22;22;21,5;22;21,6;100;100;100;285;2,9;1,3;
2026/02/19;0500 UTC;0;1006,6;1007,4;1006,6;0;21,6;21,7;22;21,5;22;21,5;100;100;100;239;2,9;0;
2026/02/19;0600 UTC;0;1005,8;1006,6;1005,7;0;21,4;21,4;21,6;21,3;21,6;21,4;100;100;100;232;2;1;
2026/02/19;0700 UTC;0;1006,1;1006,2;1005,8;0;21,5;21,5;21,6;21,3;21,6;21,3;100;100;100;270;2;0;
2026/02/19;0800 UTC;,2;1006;1006,1;1005,9;0;21;21,1;21,5;21;21,5;21,1;100;100;100;234;1,4;0;
2026/02/19;0900 UTC;0;1006,4;1006,4;1006;10,5;21,2;21,2;21,2;20,8;21,2;20,9;100;100;100;271;1,2;,2;
2026/02/19;1000 UTC;0;1006,9;1006,9;1006,4;287,5;22,9;22,9;22,9;21,1;22,9;21,2;100;100;100;235;2;0;
2026/02/19;1100 UTC;0;1007,6;1007,6;1006,9;1045,2;26;23;26;22,9;23,7;22,6;100;83;84;247;1,4;,1;
2026/02/19;1200 UTC;0;1008,3;1008,3;1007,6;1761,5;27,2;23;27,7;25,9;24,3;21,9;83;75;78;293;2,5;1;
2026/02/19;1300 UTC;0;1008,1;1008,3;1008,1;2791,5;29,5;22,6;29,8;27,1;24,1;22,2;79;66;67;279;2,4;,6;
2026/02/19;1400 UTC;0;1007,8;1008,1;1007,8;3187,1;30,7;22,8;31,3;29,5;24,2;21,9;70;58;63;255;4,2;,6;
2026/02/19;1500 UTC;0;1007,1;1007,8;1007,1;3793;32,2;22,5;32,7;30,7;24,2;22;69;55;57;263;2,6;,8;
2026/02/19;1600 UTC;0;1006;1007,1;1006;2824,1;32,5;23,7;33;31,7;25,5;22;65;56;60;258;3;,8;
2026/02/19;1700 UTC;0;1005,5;1006;1005,5;3233,2;33,3;22,7;34,1;32,5;24,4;22,5;63;52;54;295;3,7;1,7;
2026/02/19;1800 UTC;0;1005,1;1005,5;1005,1;3281,1;34;24,7;34,4;33,2;25,7;22,7;63;52;59;260;3,6;1,1;
2026/02/19;1900 UTC;0;1005,3;1005,3;1004,8;739,9;29,4;24,5;34,2;29,4;24,9;22,9;75;57;75;272;7,4;,3;
2026/02/19;2000 UTC;0;1005,8;1005,9;1005,3;268,8;28,2;24,8;29,5;28,2;25,4;23,8;83;73;82;265;4,5;,9;
2026/02/19;2100 UTC;0;1006,5;1006,5;1005,8;109,3;27,3;24,7;28,2;27,2;25,6;24,4;88;81;86;283;3,4;1,2;
2026/02/19;2200 UTC;12,6;1007,5;1007,6;1006,5;9,1;23,7;23,7;27,3;23,4;24,6;23,1;100;84;100;274;4,1;1,4;
2026/02/19;2300 UTC;2,6;1008,6;1008,6;1007,5;0;23,8;23,8;23,8;23,5;23,9;23,5;100;100;100;278;3,9;,2;
2026/02/20;0000 UTC;,8;1009,2;1009,2;1008,6;0;23,7;23,7;24,1;23,6;24,1;23,7;100;100;100;237;1,7;,4;
2026/02/20;0100 UTC;1,2;1009,1;1009,3;1009;0;23,7;23,8;23,7;23,6;23,8;23,6;100;100;100;269;1,1;0;
2026/02/20;0200 UTC;0;1009,7;1009,7;1009,1;0;23,7;23,7;23,8;23,7;23,8;23,7;100;100;100;263;1;0;
2026/02/20;0300 UTC;0;1008,8;1009,9;1008,8;0;23,7;23,7;23,8;23,6;23,8;23,6;100;100;100;258;1,8;,9;
2026/02/20;0400 UTC;0;1008,8;1008,9;1008,6;0;23,5;23,5;23,8;23,5;23,8;23,5;100;100;100;232;1,8;0;
2026/02/20;0500 UTC;0;1008,6;1009;1008,6;0;23,6;23,6;23,6;23,4;23,6;23,4;100;100;100;236;1,4;,1;
2026/02/20;0600 UTC;0;1008;1008,6;1008;0;23,4;23,4;23,6;23,3;23,6;23,3;100;100;100;240;1,3;,3;
2026/02/20;0700 UTC;0;1007,7;1008;1007,7;0;23,1;23,2;23,4;23,1;23,4;23,2;100;100;100;231;1,7;,1;
2026/02/20;0800 UTC;0;1007,8;1007,8;1007,6;0;23,2;23,2;23,2;22,9;23,2;22,9;100;100;100;260;2;,4;
2026/02/20;0900 UTC;0;1007,8;1007,8;1007,6;8,2;23,1;23,1;23,3;23;23,3;23,1;100;100;100;231;2,2;,1;
2026/02/20;1000 UTC;0;1008,5;1008,5;1007,8;225,4;23,9;23,9;23,9;23,1;23,9;23,1;100;100;100;235;,9;,1;
2026/02/20;1100 UTC;0;1008;1008,5;1008;985,4;26,8;24,1;26,8;23,9;25,6;23,9;100;84;85;291;2,1;,2;
2026/02/20;1200 UTC;0;1008,2;1008,3;1008;1837,3;28,7;24,4;28,7;26,4;25,2;23,3;88;73;77;287;3,3;1,3;
2026/02/20;1300 UTC;0;1007,7;1008,2;1007,6;2807,6;29,7;23,8;29,9;28,2;24,6;22,6;78;69;71;295;3,3;1,2;
2026/02/20;1400 UTC;,2;1006,8;1007,7;1006,8;3298,7;31,2;25,2;31,2;29,3;25,2;23,5;75;65;71;239;4;1,5;
2026/02/20;1500 UTC;0;1006,3;1006,9;1006,3;3311,3;31,1;24;32,2;30,4;26,3;23,6;73;62;66;244;4,3;1,3;
2026/02/20;1600 UTC;0;1005,5;1006,4;1005,5;2412,4;32,4;24,6;32,4;30,6;25,3;23,5;72;62;63;247;4,6;,9;
2026/02/20;1700 UTC;0;1004,9;1005,6;1004,9;2230,9;31,2;24,6;32,7;30,8;25,8;23,2;71;61;68;234;4,7;1,7;
2026/02/20;1800 UTC;0;1004,5;1004,9;1004,3;2052,7;31,1;25,3;32;31,1;25,9;23,7;72;61;71;243;6,4;1,7;
2026/02/20;1900 UTC;0;1004,7;1004,7;1004,2;1401,3;29,5;24,8;31,2;29,5;25,8;24,5;77;69;76;243;8,3;2;
2026/02/20;2000 UTC;0;1005,2;1005,2;1004,6;218,5;25,9;24,4;29,5;25,9;25;23,6;91;76;91;235;8,9;3,7;
2026/02/20;2100 UTC;3;1006,7;1006,7;1005,2;33;24,2;23,1;26,3;24;25;22,9;99;90;94;263;8;1,5;
2026/02/20;2200 UTC;1;1006,9;1007;1006,4;2,8;23,3;23,3;24,2;23,3;23,5;23;100;93;100;231;3,8;,6;
2026/02/20;2300 UTC;0;1006,7;1007;1006,7;0;23,4;23,4;23,8;23,3;23,8;23,4;100;99;100;243;3;0;
2026/02/21;0000 UTC;0;1008,3;1008,3;1006,7;0;23,7;23,7;23,7;23,3;23,8;23,3;100;100;100;298;1,8;,7;
2026/02/21;0100 UTC;0;1009,1;1009,1;1008,3;0;23,6;23,6;23,7;23,5;23,7;23,5;100;100;100;278;2;,8;
2026/02/21;0200 UTC;0;1009;1009,3;1009;0;23,5;23,5;23,9;23,4;23,8;23,4;100;99;100;245;3,2;0;
2026/02/21;0300 UTC;0;1008,1;1009;1008,1;0;23,3;23,3;23,7;23,3;23,7;23,3;100;100;100;258;1,6;,2;
2026/02/21;0400 UTC;0;1007,7;1008,2;1007,7;0;23,2;23,2;23,3;23,2;23,3;23,2;100;100;100;256;1,3;,5;
2026/02/21;0500 UTC;0;1007,4;1007,7;1007,4;0;23,1;23,1;23,3;23;23,3;23;100;100;100;236;1,3;0;
2026/02/21;0600 UTC;0;1007,4;1007,4;1007,2;0;23,1;23,1;23,2;23;23,2;23;100;100;100;258;1,6;,7;
2026/02/21;0700 UTC;0;1007,2;1007,4;1007,2;0;23,3;23,4;23,4;23,1;23,5;23,1;100;100;100;289;2,3;0;
2026/02/21;0800 UTC;,2;1007,4;1007,5;1007,1;0;23,1;23,1;23,3;23;23,3;23;100;100;100;249;1;0;
2026/02/21;0900 UTC;0;1007,6;1007,6;1007,3;3,1;23,4;23,4;23,4;23,1;23,4;23,2;100;100;100;263;2,4;,2;
2026/02/21;1000 UTC;0;1008,2;1008,2;1007,6;141,2;24;24;24;23,3;24;23,3;100;100;100;294;1,8;,5;
2026/02/21;1100 UTC;0;1008,5;1008,5;1008,2;418,2;25,1;24,8;25,1;23,8;24,9;23,8;100;98;99;246;1,9;,1;
2026/02/21;1200 UTC;0;1008,5;1008,7;1008,5;1863,6;28,6;25,1;28,6;25,1;25,9;23,7;98;80;82;292;2,5;1;
2026/02/21;1300 UTC;,2;1009;1009;1008,4;2370,9;30,1;25,7;30,5;28,6;25,9;23,8;81;73;78;248;4,6;,8;
2026/02/21;1400 UTC;0;1008,8;1009,1;1008,8;2886;30,5;24,9;30,8;29,6;25,6;23,5;78;67;72;297;4,5;1,9;
2026/02/21;1500 UTC;0;1008,1;1008,8;1008,1;3044,6;31,2;25;32,1;30,4;26,5;24;74;66;70;235;3,9;,8;
2026/02/21;1600 UTC;0;1007,1;1008,1;1007,1;2827,8;32,5;25,2;32,5;31,2;25,2;23,5;70;61;66;271;2,6;,4;
2026/02/21;1700 UTC;0;1006,5;1007,1;1006,4;2458,5;31,2;24,5;33,2;30,8;25,9;23,6;71;60;67;246;5,5;,9;
2026/02/21;1800 UTC;2,8;1006,6;1006,6;1006,2;433,7;27;24;31,2;26,4;26,1;23,8;98;65;84;237;6,5;2,3;
2026/02/21;1900 UTC;1;1007,4;1007,5;1006,6;123,9;24,9;24,8;27,1;24,9;25;23,7;99;82;99;261;7,7;,6;
2026/02/21;2000 UTC;10,8;1008,8;1008,8;1007,2;33,8;23,5;23,5;25,6;23,5;25,5;23,5;100;93;100;298;6,1;2,5;
2026/02/21;2100 UTC;14;1009;1009,1;1008,4;7,2;23,2;23,3;23,5;23,2;23,6;23,2;100;100;100;243;4,8;0;
2026/02/21;2200 UTC;3,2;1009,2;1009,2;1008,7;,1;23,2;23,2;23,3;23,2;23,4;23,2;100;100;100;263;2,3;,9;
2026/02/21;2300 UTC;1;1010;1010;1009,1;0;23,2;23,2;23,2;23;23,3;23;100;100;100;284;2,3;1;
2026/02/22;0000 UTC;,2;1010,5;1010,5;1009,9;,1;23,1;23,1;23,3;23,1;23,3;23,1;100;100;100;268;1,9;,1;
2026/02/22;0100 UTC;,2;1010,5;1010,7;1010,5;0;23,2;23,2;23,3;23;23,3;23;100;100;100;270;2;1,1;
2026/02/22;0200 UTC;0;1010,6;1010,7;1010,4;0;23,1;23,1;23,2;23,1;23,2;23,1;100;100;100;239;2;0;
2026/02/22;0300 UTC;0;1010,3;1010,6;1010,3;0;23,3;23,3;23,3;23;23,3;23;100;100;100;288;2,4;,9;
2026/02/22;0400 UTC;0;1009,8;1010,3;1009,6;0;22,8;22,9;23,3;22,8;23,3;22,8;100;100;100;239;2,4;0;
2026/02/22;0500 UTC;0;1009,3;1009,8;1009,3;0;22,7;22,7;23,2;22,6;23,2;22,7;100;100;100;241;2,5;0;
2026/02/22;0600 UTC;0;1009,3;1009,5;1009,3;0;22,5;22,5;22,7;22,5;22,7;22,5;100;100;100;278;2,4;,1;
2026/02/22;0700 UTC;0;1009,1;1009,3;1009,1;0;22,3;22,3;22,5;22,1;22,5;22,2;100;100;100;261;1,5;,4;
2026/02/22;0800 UTC;0;1009,1;1009,1;1008,9;0;22,2;22,2;22,3;22,1;22,4;22,2;100;100;100;293;2;,1;
2026/02/22;0900 UTC;0;1009,4;1009,4;1009,1;8,2;22,1;22,1;22,2;22;22,2;22;100;100;100;290;1,6;,1;
2026/02/22;1000 UTC;0;1009,9;1009,9;1009,4;219,8;22,7;22,4;22,7;21,9;22,6;22;100;98;98;245;1,3;,1;
2026/02/22;1100 UTC;0;1010,1;1010,1;1009,8;605;24,3;23;24,3;22,7;23,1;22,3;100;91;93;256;1,3;0;
2026/02/22;1200 UTC;0;1010,5;1010,5;1010,1;1083,9;26,1;23;26,4;24,2;23,6;22;93;79;83;241;1;,1;
2026/02/22;1300 UTC;0;1010,8;1010,9;1010,5;1655,9;27,9;22,2;28,2;26,1;23,8;22;86;71;71;281;1,2;,4;
2026/02/22;1400 UTC;0;1010,1;1010,8;1010,1;2878,2;29,5;22,8;29,5;27,9;23,5;21,6;75;63;67;269;2,4;,4;
2026/02/22;1500 UTC;0;1009,4;1010,1;1009,4;3788,8;30,3;22,9;31;28,8;24,5;21,7;69;60;65;297;4,2;1,6;
2026/02/22;1600 UTC;0;1008,8;1009,4;1008,8;1452,6;29,2;23,9;30,5;28;25,1;22,2;83;61;73;236;3,8;,7;
2026/02/22;1700 UTC;0;1008,1;1008,8;1008,1;1589,3;29,9;23,7;30,6;29,2;25,2;23;77;66;70;260;3,5;,8;
2026/02/22;1800 UTC;0;1007,6;1008,1;1007,3;1248,6;28,9;23,7;30,3;28,9;25,8;22,9;82;66;74;243;3,2;,8;
2026/02/22;1900 UTC;0;1007,2;1007,6;1007,1;600,6;27,5;24,2;29,4;27,5;25;22,9;83;70;83;260;5,3;1;
2026/02/22;2000 UTC;0;1007,5;1007,6;1007,2;301,4;27,7;23,1;28,5;27,1;24,3;22,8;84;72;76;258;5,3;1,3;
2026/02/22;2100 UTC;0;1008,1;1008,1;1007,5;71,7;25,6;24,8;27,9;25,6;25;23,2;96;76;96;273;5,3;,1;
2026/02/22;2200 UTC;,4;1007,9;1008,3;1007,9;,8;24,9;25;25,7;24,9;25,3;24,8;100;95;100;234;1,1;,2;
2026/02/22;2300 UTC;,6;1008,6;1008,6;1007,9;0;24,6;24,6;25;24,6;25;24,6;100;100;100;286;1,5;,3;
2026/02/23;0000 UTC;0;1009,1;1009,1;1008,6;0;24;24;24,6;24;24,6;24;100;100;100;278;2;,2;
2026/02/23;0100 UTC;0;1009,2;1009,3;1009;0;23,6;23,7;24,1;23,6;24,1;23,6;100;100;100;263;1,4;,1;
2026/02/23;0200 UTC;0;1009,4;1009,4;1009;0;23,3;23,4;23,6;23,3;23,7;23,3;100;100;100;260;1;,1;
2026/02/23;0300 UTC;0;1009,3;1009,5;1009,3;0;23,2;23,3;23,4;23,2;23,4;23,3;100;100;100;237;1;,1;
2026/02/23;0400 UTC;0;1008,4;1009,3;1008,4;0;22,9;23;23,2;22,9;23,3;22,9;100;100;100;231;1;,1;
2026/02/23;0500 UTC;0;1007,9;1008,4;1007,9;0;22,6;22,6;23;22,6;23;22,6;100;100;100;231;,9;,2;
2026/02/23;0600 UTC;0;1007,8;1008;1007,8;0;22,7;22,7;22,7;22,5;22,7;22,6;100;100;100;264;1,8;,2;
2026/02/23;0700 UTC;0;1007,6;1007,9;1007,5;0;22,5;22,5;22,7;22,4;22,7;22,5;100;100;100;231;1,8;,1;
2026/02/23;0800 UTC;0;1007,8;1007,9;1007,6;0;22,5;22,5;22,6;22,3;22,6;22,4;100;100;100;231;1,4;,1;
2026/02/23;0900 UTC;0;1007,5;1007,8;1007,4;8;22,3;22,3;22,6;22,3;22,6;22,3;100;100;100;231;1;0;
2026/02/23;1000 UTC;0;1008;1008;1007,5;256;23,5;23,6;23,5;22,3;23,6;22,3;100;100;100;262;,8;0;
2026/02/23;1100 UTC;0;1008;1008,1;1007,8;721,6;25,6;23,7;25,6;23,4;24,5;23,4;100;89;89;253;,8;,1;
2026/02/23;1200 UTC;0;1008,5;1008,5;1008;2129,5;28,3;24,3;28,4;25,6;24,8;22,9;90;74;79;296;2,6;1,2;
2026/02/23;1300 UTC;,2;1008,3;1008,5;1008,3;2747,8;29,9;24,4;30;27,9;24,9;22,8;81;69;72;237;2,6;1,1;
2026/02/23;1400 UTC;0;1007,8;1008,3;1007,8;3046;29,8;23,4;30,8;29,2;25;22,7;75;64;68;296;3,9;1,3;
2026/02/23;1500 UTC;0;1007,4;1007,8;1007,4;2790,2;28,9;24,2;31,7;28,9;25,5;22,8;76;62;76;279;4,1;1,1;
2026/02/23;1600 UTC;1,2;1006,4;1007,4;1006,4;1481,8;28,4;26,1;29,4;27,3;26,9;23,9;93;73;87;296;4,1;1,3;
2026/02/23;1700 UTC;,2;1006,1;1006,6;1006;1522,8;26,2;24;29,6;26,2;27,4;24;91;76;88;257;6,5;1,7;
2026/02/23;1800 UTC;0;1006,2;1006,3;1006;292,3;25;24,4;26,2;25;25,2;24;97;88;96;298;6,5;1,7;
2026/02/23;1900 UTC;8,2;1006,3;1006,5;1006,1;96,1;23,9;23,9;25;23,9;24,6;23,9;100;96;100;235;4,5;,1;
2026/02/23;2000 UTC;15,4;1006,1;1006,4;1006;90,4;24;24;24,1;23,7;24,1;23,7;100;100;100;243;2,2;,1;
2026/02/23;2100 UTC;,4;1006,4;1006,4;1005,9;32,5;24,1;24,1;24,2;24;24,2;24,1;100;100;100;259;1,4;0;
2026/02/23;2200 UTC;,2;1006,8;1006,8;1006,2;5,3;24;24;24,2;24;24,2;24;100;100;100;268;1,1;,1;
2026/02/23;2300 UTC;0;1007,3;1007,3;1006,8;0;23,8;23,9;24,1;23,8;24,2;23,8;100;100;100;232;1,1;0;
2026/02/24;0000 UTC;0;1007,8;1007,9;1007,3;0;23,9;23,9;24,1;23,8;24,1;23,9;100;100;100;231;,9;0;
2026/02/24;0100 UTC;,2;1007,5;1007,7;1007,5;0;23,8;23,8;23,9;23,7;23,9;23,7;100;100;100;278;1,6;,4;
2026/02/24;0200 UTC;0;1007,2;1007,5;1007,2;0;23,6;23,6;23,8;23,5;23,8;23,5;100;100;100;232;1,3;0;
2026/02/24;0300 UTC;0;1006,8;1007,3;1006,8;0;23,5;23,5;23,6;23,4;23,6;23,5;100;100;100;253;,6;0;
2026/02/24;0400 UTC;0;1006,3;1006,8;1006,3;0;23,2;23,2;23,6;23,2;23,6;23,2;100;100;100;232;1,1;,1;
2026/02/24;0500 UTC;0;1006,1;1006,3;1006,1;0;23,1;23,2;23,3;23,1;23,3;23,2;100;100;100;261;,6;,1;
2026/02/24;0600 UTC;,2;1005,8;1006,1;1005,8;0;23,5;23,5;23,5;23,1;23,5;23,2;100;100;100;288;1,4;,5;
2026/02/24;0700 UTC;0;1005,1;1005,8;1005,1;0;23,5;23,5;23,6;23,4;23,6;23,4;100;100;100;262;1,9;,3;
2026/02/24;0800 UTC;0;1005,6;1005,6;1005,1;0;23,3;23,3;23,5;23,3;23,5;23,3;100;100;100;236;1,7;0;
2026/02/24;0900 UTC;0;1005,7;1005,7;1005,5;1,2;23,4;23,4;23,4;23,2;23,4;23,3;100;100;100;256;1,1;0;
2026/02/24;1000 UTC;0;1005,9;1005,9;1005,7;67;23,5;23,6;23,5;23,3;23,6;23,3;100;100;100;259;1,8;,2;
2026/02/24;1100 UTC;0;1006;1006;1005,8;403,6;24,7;24,8;24,7;23,5;24,8;23,6;100;100;100;273;1,6;,4;
2026/02/24;1200 UTC;0;1006,1;1006,2;1005,9;784,9;26;25,1;26,1;24,8;25,2;24;100;90;95;233;1,8;,1;
2026/02/24;1300 UTC;0;1006,3;1006,3;1006,1;1625,7;28,4;25,1;28,4;26;25,2;23,3;94;79;82;264;2,6;,6;
2026/02/24;1400 UTC;0;1005,9;1006,3;1005,9;1855,9;28,3;24,6;28,7;28;25,6;23,6;84;74;80;289;3,3;,7;
2026/02/24;1500 UTC;0;1005,3;1005,9;1005,3;1782,4;28,6;23,6;29,1;28,3;25,3;23,4;82;74;75;300;2,6;1,4;
2026/02/24;1600 UTC;0;1004,8;1005,3;1004,8;1268,8;28,9;24,4;29,1;28,3;25,1;23,4;82;74;77;298;2,6;,7;
2026/02/24;1700 UTC;0;1003,6;1004,8;1003,6;1674,5;30,2;24,5;30,2;28,7;25,6;23,9;81;70;72;245;2;,1;
2026/02/24;1800 UTC;0;1002,6;1003,6;1002,6;1940,8;29,4;23,9;30,2;29,3;25,6;23,4;80;68;72;237;4,4;1,6;
2026/02/24;1900 UTC;0;1002,3;1002,6;1002,3;2588,9;30,2;24,2;30,7;29,5;25,1;23,3;75;67;71;236;5,3;2,4;
2026/02/24;2000 UTC;0;1002,2;1002,4;1002,1;771;28;23,6;30,4;28;24,6;23,6;80;68;77;231;7,5;2,6;
2026/02/24;2100 UTC;0;1002,5;1002,5;1002,2;138,5;26,7;24,2;28;26,4;24,2;23,3;88;76;86;244;6,3;,4;
2026/02/24;2200 UTC;0;1003;1003;1002,5;5,9;25;25;26,6;24,9;25,2;24;100;86;100;239;2,8;0;
2026/02/24;2300 UTC;0;1004;1004,1;1003;0;24,8;24,8;25;24,7;25;24,8;100;100;100;231;,8;0;
2026/02/25;0000 UTC;0;1004,4;1004,4;1004;0;24,5;24,5;25;24,5;25;24,5;100;100;100;234;,9;,1;
2026/02/25;0100 UTC;0;1004,2;1004,6;1004,2;0;24,4;24,4;24,5;24,2;24,5;24,3;100;100;100;236;1;0;
2026/02/25;0200 UTC;0;1004,1;1004,2;1004;0;24,3;24,3;24,4;24,2;24,5;24,2;100;100;100;231;,6;0;
2026/02/25;0300 UTC;0;1003,4;1004,1;1003,4;0;24;24;24,3;24;24,4;24;100;100;100;231;1;0;
2026/02/25;0400 UTC;0;1003,2;1003,4;1003,1;0;23,6;23,6;24;23,6;24;23,6;100;100;100;267;,8;0;
2026/02/25;0500 UTC;0;1002,6;1003,2;1002,6;0;23,4;23,4;23,6;23,3;23,6;23,3;100;100;100;232;0;0;
2026/02/25;0600 UTC;0;1001,7;1002,6;1001,7;0;23,1;23,2;23,4;23;23,4;23;100;100;100;231;1;0;
2026/02/25;0700 UTC;0;1002;1002;1001,6;0;23,1;23,2;23,2;22,8;23,2;22,9;100;100;100;269;1;0;
2026/02/25;0800 UTC;0;1002,3;1002,3;1002;0;23,1;23,1;23,3;23;23,3;23;100;100;100;250;1,6;,1;
2026/02/25;0900 UTC;0;1002,7;1002,8;1002,3;6,4;22,9;23;23,2;22,9;23,2;22,9;100;100;100;253;,7;0;
2026/02/25;1000 UTC;0;1003,5;1003,5;1002,7;217;24;24;24,1;22,8;24,1;22,9;100;100;100;239;,9;,1;
2026/02/25;1100 UTC;0;1003,6;1003,6;1003,4;1128,5;27,5;23,4;27,5;24;25;22,9;100;77;79;272;1,3;,1;
2026/02/25;1200 UTC;0;1003,3;1003,6;1003,2;1971;28,8;24,1;29,2;27,3;24,9;23,3;83;74;76;296;2,2;1;
2026/02/25;1300 UTC;0;1003,2;1003,3;1003,1;2666,2;30,3;23,7;30,4;28,6;25,5;23,4;78;67;68;298;3,7;2,2;
2026/02/25;1400 UTC;0;1002,2;1003,2;1002,2;2918;31,2;24,4;31,6;29,9;25,3;23,3;73;64;67;277;3,7;1,7;
2026/02/25;1500 UTC;0;1001,3;1002,2;1001,3;3572,1;32,3;24,8;32,6;31;25,4;23,5;68;61;65;255;3,7;1,2;
2026/02/25;1600 UTC;0;1000,2;1001,3;1000,2;2945;32,7;24,1;33,3;31,8;25,9;23,8;70;60;61;267;4,7;,9;
2026/02/25;1700 UTC;0;999,4;1000,2;999,4;3293,7;33,1;25,6;34;32,7;26,4;23,7;68;57;65;233;5,7;2,5;
2026/02/25;1800 UTC;0;998,8;999,5;998,8;2206,5;33;25,4;34,5;32,5;26,1;23,6;70;54;65;237;5,7;,8;
2026/02/25;1900 UTC;0;998,5;998,8;998,5;655,4;31,8;24,8;33;29,9;26,6;24,5;81;62;67;297;4,4;1,1;
2026/02/25;2000 UTC;0;998,6;998,6;998,3;522,3;29,8;24,1;32,1;29,3;26,3;23,4;79;66;72;286;3,7;,6;
2026/02/25;2100 UTC;0;999,4;999,4;998,6;34,3;28,7;24,6;30;28,1;24,6;22,9;79;67;79;298;5,2;1,8;
2026/02/25;2200 UTC;0;1000,2;1000,2;999,4;,6;26,5;25,5;28,7;26,5;25,5;23,8;94;79;94;293;5,2;,5;
2026/02/25;2300 UTC;0;1000,9;1000,9;1000,2;0;25,8;25,9;26,5;25,7;25,9;25,3;100;94;100;273;2,3;,8;
2026/02/26;0000 UTC;0;1001,3;1001,3;1000,9;0;25,4;25,4;25,9;25,3;25,9;25,3;100;99;100;284;2,3;,4;
2026/02/26;0100 UTC;0;1001,1;1001,3;1000,8;0;25,3;25,3;25,5;25,1;25,5;25,1;100;100;100;286;1,8;,7;
2026/02/26;0200 UTC;0;1000,4;1001,1;1000,4;0;24,9;24,9;25,3;24,8;25,3;24,9;100;100;100;246;1,8;,7;
2026/02/26;0300 UTC;0;1000,4;1000,4;1000;0;24,9;25;25,1;24,7;25,1;24,7;100;100;100;275;2,5;,8;
2026/02/26;0400 UTC;0;999,9;1000,5;999,8;0;24,8;24,8;25,2;24,8;25,2;24,8;100;100;100;255;2,5;,1;
2026/02/26;0500 UTC;0;999,3;999,9;999,3;0;24,6;24,6;25,1;24,6;25,1;24,6;100;100;100;244;1,7;0;
2026/02/26;0600 UTC;0;998,9;999,4;998,9;0;24,6;24,6;25;24,6;25;24,6;100;100;100;241;1,3;,1;
2026/02/26;0700 UTC;1;999,2;999,2;998,8;0;24,5;24,5;24,6;24,5;24,7;24,5;100;100;100;233;1,8;0;
2026/02/26;0800 UTC;4,6;999,3;999,6;999,2;0;24,3;24,3;24,7;24,3;24,7;24,3;100;100;100;231;1,4;0;
2026/02/26;0900 UTC;1,2;999,1;999,3;999;2,2;24,3;24,3;24,4;24,1;24,4;24,2;100;100;100;295;1,3;,6;
2026/02/26;1000 UTC;0;1000,1;1000,1;999,1;91,3;24,5;24,5;24,6;24,2;24,6;24,3;100;100;100;267;1,3;0;
2026/02/26;1100 UTC;0;1000,8;1000,8;1000,1;269,5;25,2;25,2;25,2;24,5;25,2;24,5;100;100;100;273;1,4;,3;
2026/02/26;1200 UTC;0;1001,1;1001,1;1000,8;1116,5;27;24,8;27,3;25,2;26,2;24,4;100;87;88;260;1,5;,2;
2026/02/26;1300 UTC;0;1001,4;1001,4;1001,1;1316,4;27,9;24,9;28,1;26,6;25,7;24,3;93;83;83;237;2,7;,6;
2026/02/26;1400 UTC;0;1001,4;1001,5;1001,4;1285,8;28;26;28,6;27,8;26;24,1;89;78;89;260;2,4;,4;
2026/02/26;1500 UTC;0;1001;1001,4;1001;834,2;28,9;25,5;28,9;27,9;26,3;24,8;91;80;82;276;2,4;,3;
2026/02/26;1600 UTC;0;1000,9;1001;1000,7;527,8;26,8;25,3;28,9;26,8;25,7;24,4;91;79;91;294;3,1;1,6;
2026/02/26;1700 UTC;2,2;1000,4;1000,9;1000,4;752,8;27,1;25,9;27,2;25,8;26,8;24,9;100;91;93;248;3,6;1,2;
2026/02/26;1800 UTC;0;1000,1;1000,4;1000;843,8;27,4;25,4;27,6;27,1;26,5;25;95;86;89;241;2,4;1,1;
2026/02/26;1900 UTC;0;999,7;1000,1;999,6;1128,4;27,9;25,2;28,5;27,4;26;24,7;92;82;85;254;3,9;1,4;
2026/02/26;2000 UTC;1,4;1000,1;1000,1;999,3;254,3;25,4;25,1;28,1;25,4;25,6;24,2;98;80;98;231;3,4;,7;
2026/02/26;2100 UTC;,2;1001,2;1001,2;1000,1;23,5;25;25;25,4;25;25,4;25;100;98;100;238;2,5;,1;
2026/02/26;2200 UTC;,6;1002;1002;1001,2;1,6;24,8;24,8;25,2;24,8;25,2;24,8;100;100;100;238;1,7;,1;
2026/02/26;2300 UTC;6,4;1002,7;1002,7;1002;0;24,4;24,4;25;24,4;25;24,4;100;100;100;272;1,8;,2;
2026/02/27;0000 UTC;2,2;1003,2;1003,2;1002,6;0;24,3;24,3;24,5;24,3;24,5;24,3;100;100;100;231;1,9;0;
2026/02/27;0100 UTC;0;1003,3;1003,5;1003,2;0;24,2;24,2;24,3;24,2;24,4;24,2;100;100;100;237;2,6;1;
2026/02/27;0200 UTC;3,2;1003,6;1003,8;1003,2;0;24;24;24,3;24;24,3;24;100;100;100;233;2,6;0;
2026/02/27;0300 UTC;1;1003,3;1003,6;1003,2;,1;23,8;23,8;24,1;23,8;24,1;23,8;100;100;100;271;2,1;,1;
2026/02/27;0400 UTC;1,8;1003;1003,3;1003;0;23,8;23,8;23,9;23,7;23,9;23,7;100;100;100;231;1;0;
2026/02/27;0500 UTC;1,2;1002,5;1003;1002,5;0;23,7;23,7;23,9;23,7;23,9;23,7;100;100;100;250;1,5;,2;
2026/02/27;0600 UTC;1,6;1002,2;1002,5;1002,2;0;23,6;23,6;23,8;23,5;23,8;23,5;100;100;100;231;1,1;0;
2026/02/27;0700 UTC;1,6;1002,3;1002,3;1002,1;0;23,6;23,6;23,7;23,5;23,7;23,5;100;100;100;277;2,8;0;
2026/02/27;0800 UTC;2,2;1002,8;1002,8;1002,3;0;23,4;23,4;23,6;23,4;23,6;23,4;100;100;100;233;1,3;0;
2026/02/27;0900 UTC;5,4;1003,3;1003,4;1002,8;,4;23,2;23,2;23,4;23,2;23,5;23,2;100;100;100;239;2,5;,8;
2026/02/27;1000 UTC;;;;;;;;;;;;;;;;;;
2026/02/27;1100 UTC;;;;;;;;;;;;;;;;;;
2026/02/27;1200 UTC;;;;;;;;;;;;;;;;;;
2026/02/27;1300 UTC;;;;;;;;;;;;;;;;;;
2026/02/27;1400 UTC;;;;;;;;;;;;;;;;;;
2026/02/27;1500 UTC;;;;;;;;;;;;;;;;;;
2026/02/27;1600 UTC;;;;;;;;;;;;;;;;;;
2026/02/27;1700 UTC;;;;;;;;;;;;;;;;;;
2026/02/27;1800 UTC;;;;;;;;;;;;;;;;;;
2026/02/27;1900 UTC;;;;;;;;;;;;;;;;;;
2026/02/27;2000 UTC;;;;;;;;;;;;;;;;;;
2026/02/27;2100 UTC;;;;;;;;;;;;;;;;;;
2026/02/27;2200 UTC;;;;;;;;;;;;;;;;;;
2026/02/27;2300 UTC;;;;;;;;;;;;;;;;;;
2026/02/28;0000 UTC;;;;;;;;;;;;;;;;;;
2026/02/28;0100 UTC;;;;;;;;;;;;;;;;;;
2026/02/28;0200 UTC;;;;;;;;;;;;;;;;;;
2026/02/28;0300 UTC;;;;;;;;;;;;;;;;;;
2026/02/28;0400 UTC;;;;;;;;;;;;;;;;;;
2026/02/28;0500 UTC;;;;;;;;;;;;;;;;;;
2026/02/28;0600 UTC;;;;;;;;;;;;;;;;;;
2026/02/28;0700 UTC;;;;;;;;;;;;;;;;;;
2026/02/28;0800 UTC;;;;;;;;;;;;;;;;;;
2026/02/28;0900 UTC;;;;;;;;;;;;;;;;;;
2026/02/28;1000 UTC;;;;;;;;;;;;;;;;;;
2026/02/28;1100 UTC;;;;;;;;;;;;;;;;;;
2026/02/28;1200 UTC;;;;;;;;;;;;;;;;;;
2026/02/28;1300 UTC;;;;;;;;;;;;;;;;;;
2026/02/28;1400 UTC;;;;;;;;;;;;;;;;;;
2026/02/28;1500 UTC;;;;;;;;;;;;;;;;;;
2026/02/28;1600 UTC;;;;;;;;;;;;;;;;;;
2026/02/28;1700 UTC;;;;;;;;;;;;;;;;;;
2026/02/28;1800 UTC;;;;;;;;;;;;;;;;;;
2026/02/28;1900 UTC;;;;;;;;;;;;;;;;;;
2026/02/28;2000 UTC;;;;;;;;;;;;;;;;;;
2026/02/28;2100 UTC;;;;;;;;;;;;;;;;;;
2026/02/28;2200 UTC;;;;;;;;;;;;;;;;;;
2026/02/28;2300 UTC;;;;;;;;;;;;;;;;;;
2026/03/01;0000 UTC;;;;;;;;;;;;;;;;;;
2026/03/01;0100 UTC;;;;;;;;;;;;;;;;;;
2026/03/01;0200 UTC;;;;;;;;;;;;;;;;;;
2026/03/01;0300 UTC;;;;;;;;;;;;;;;;;;
2026/03/01;0400 UTC;;;;;;;;;;;;;;;;;;
2026/03/01;0500 UTC;;;;;;;;;;;;;;;;;;
2026/03/01;0600 UTC;;;;;;;;;;;;;;;;;;
2026/03/01;0700 UTC;;;;;;;;;;;;;;;;;;
2026/03/01;0800 UTC;;;;;;;;;;;;;;;;;;
2026/03/01;0900 UTC;;;;;;;;;;;;;;;;;;
2026/03/01;1000 UTC;;;;;;;;;;;;;;;;;;
2026/03/01;1100 UTC;;;;;;;;;;;;;;;;;;
2026/03/01;1200 UTC;;;;;;;;;;;;;;;;;;
2026/03/01;1300 UTC;;;;;;;;;;;;;;;;;;
2026/03/01;1400 UTC;;;;;;;;;;;;;;;;;;
2026/03/01;1500 UTC;;;;;;;;;;;;;;;;;;
2026/03/01;1600 UTC;;;;;;;;;;;;;;;;;;
2026/03/01;1700 UTC;;;;;;;;;;;;;;;;;;
2026/03/01;1800 UTC;;;;;;;;;;;;;;;;;;
2026/03/01;1900 UTC;;;;;;;;;;;;;;;;;;
2026/03/01;2000 UTC;;;;;;;;;;;;;;;;;;
2026/03/01;2100 UTC;;;;;;;;;;;;;;;;;;
2026/03/01;2200 UTC;;;;;;;;;;;;;;;;;;
2026/03/01;2300 UTC;;;;;;;;;;;;;;;;;;
2026/03/02;0000 UTC;;;;;;;;;;;;;;;;;;
2026/03/02;0100 UTC;;;;;;;;;;;;;;;;;;
2026/03/02;0200 UTC;;;;;;;;;;;;;;;;;;
2026/03/02;0300 UTC;;;;;;;;;;;;;;;;;;
2026/03/02;0400 UTC;;;;;;;;;;;;;;;;;;
2026/03/02;0500 UTC;;;;;;;;;;;;;;;;;;
2026/03/02;0600 UTC;;;;;;;;;;;;;;;;;;
2026/03/02;0700 UTC;;;;;;;;;;;;;;;;;;
2026/03/02;0800 UTC;;;;;;;;;;;;;;;;;;
2026/03/02;0900 UTC;;;;;;;;;;;;;;;;;;
2026/03/02;1000 UTC;;;;;;;;;;;;;;;;;;
2026/03/02;1100 UTC;;;;;;;;;;;;;;;;;;
2026/03/02;1200 UTC;;;;;;;;;;;;;;;;;;
2026/03/02;1300 UTC;;;;;;;;;;;;;;;;;;
2026/03/02;1400 UTC;;;;;;;;;;;;;;;;;;
2026/03/02;1500 UTC;;;;;;;;;;;;;;;;;;
2026/03/02;1600 UTC;;;;;;;;;;;;;;;;;;
2026/03/02;1700 UTC;;;;;;;;;;;;;;;;;;
2026/03/02;1800 UTC;;;;;;;;;;;;;;;;;;
2026/03/02;1900 UTC;;;;;;;;;;;;;;;;;;
2026/03/02;2000 UTC;;;;;;;;;;;;;;;;;;
2026/03/02;2100 UTC;;;;;;;;;;;;;;;;;;
2026/03/02;2200 UTC;;;;;;;;;;;;;;;;;;
2026/03/02;2300 UTC;;;;;;;;;;;;;;;;;;
2026/03/03;0000 UTC;;;;;;;;;;;;;;;;;;
2026/03/03;0100 UTC;;;;;;;;;;;;;;;;;;
2026/03/03;0200 UTC;;;;;;;;;;;;;;;;;;
2026/03/03;0300 UTC;;;;;;;;;;;;;;;;;;
2026/03/03;0400 UTC;;;;;;;;;;;;;;;;;;
2026/03/03;0500 UTC;;;;;;;;;;;;;;;;;;
2026/03/03;0600 UTC;;;;;;;;;;;;;;;;;;
2026/03/03;0700 UTC;;;;;;;;;;;;;;;;;;
2026/03/03;0800 UTC;;;;;;;;;;;;;;;;;;
2026/03/03;0900 UTC;;;;;;;;;;;;;;;;;;
2026/03/03;1000 UTC;;;;;;;;;;;;;;;;;;
2026/03/03;1100 UTC;;;;;;;;;;;;;;;;;;
2026/03/03;1200 UTC;;;;;;;;;;;;;;;;;;
2026/03/03;1300 UTC;;;;;;;;;;;;;;;;;;
2026/03/03;1400 UTC;;;;;;;;;;;;;;;;;;
2026/03/03;1500 UTC;;;;;;;;;;;;;;;;;;
2026/03/03;1600 UTC;;;;;;;;;;;;;;;;;;
2026/03/03;1700 UTC;;;;;;;;;;;;;;;;;;
2026/03/03;1800 UTC;;;;;;;;;;;;;;;;;;
2026/03/03;1900 UTC;;;;;;;;;;;;;;;;;;
2026/03/03;2000 UTC;;;;;;;;;;;;;;;;;;
2026/03/03;2100 UTC;;;;;;;;;;;;;;;;;;
2026/03/03;2200 UTC;;;;;;;;;;;;;;;;;;
2026/03/03;2300 UTC;;;;;;;;;;;;;;;;;;
2026/03/04;0000 UTC;;;;;;;;;;;;;;;;;;
2026/03/04;0100 UTC;;;;;;;;;;;;;;;;;;
2026/03/04;0200 UTC;;;;;;;;;;;;;;;;;;
2026/03/04;0300 UTC;;;;;;;;;;;;;;;;;;
2026/03/04;0400 UTC;;;;;;;;;;;;;;;;;;
2026/03/04;0500 UTC;;;;;;;;;;;;;;;;;;
2026/03/04;0600 UTC;;;;;;;;;;;;;;;;;;
2026/03/04;0700 UTC;;;;;;;;;;;;;;;;;;
2026/03/04;0800 UTC;;;;;;;;;;;;;;;;;;
2026/03/04;0900 UTC;;;;;;;;;;;;;;;;;;
2026/03/04;1000 UTC;;;;;;;;;;;;;;;;;;
2026/03/04;1100 UTC;;;;;;;;;;;;;;;;;;
2026/03/04;1200 UTC;;;;;;;;;;;;;;;;;;
2026/03/04;1300 UTC;;;;;;;;;;;;;;;;;;
2026/03/04;1400 UTC;;;;;;;;;;;;;;;;;;
2026/03/04;1500 UTC;;;;;;;;;;;;;;;;;;
2026/03/04;1600 UTC;;;;;;;;;;;;;;;;;;
2026/03/04;1700 UTC;;;;;;;;;;;;;;;;;;
2026/03/04;1800 UTC;;;;;;;;;;;;;;;;;;
2026/03/04;1900 UTC;;;;;;;;;;;;;;;;;;
2026/03/04;2000 UTC;;;;;;;;;;;;;;;;;;
2026/03/04;2100 UTC;;;;;;;;;;;;;;;;;;
2026/03/04;2200 UTC;;;;;;;;;;;;;;;;;;
2026/03/04;2300 UTC;;;;;;;;;;;;;;;;;;
2026/03/05;0000 UTC;;;;;;;;;;;;;;;;;;
2026/03/05;0100 UTC;;;;;;;;;;;;;;;;;;
2026/03/05;0200 UTC;;;;;;;;;;;;;;;;;;
2026/03/05;0300 UTC;;;;;;;;;;;;;;;;;;
2026/03/05;0400 UTC;;;;;;;;;;;;;;;;;;
2026/03/05;0500 UTC;;;;;;;;;;;;;;;;;;
2026/03/05;0600 UTC;;;;;;;;;;;;;;;;;;
2026/03/05;0700 UTC;;;;;;;;;;;;;;;;;;
2026/03/05;0800 UTC;;;;;;;;;;;;;;;;;;
2026/03/05;0900 UTC;;;;;;;;;;;;;;;;;;
2026/03/05;1000 UTC;;;;;;;;;;;;;;;;;;
2026/03/05;1100 UTC;;;;;;;;;;;;;;;;;;
2026/03/05;1200 UTC;;;;;;;;;;;;;;;;;;
2026/03/05;1300 UTC;;;;;;;;;;;;;;;;;;
2026/03/05;1400 UTC;;;;;;;;;;;;;;;;;;
2026/03/05;1500 UTC;;;;;;;;;;;;;;;;;;
2026/03/05;1600 UTC;;;;;;;;;;;;;;;;;;
2026/03/05;1700 UTC;;;;;;;;;;;;;;;;;;
2026/03/05;1800 UTC;;;;;;;;;;;;;;;;;;
2026/03/05;1900 UTC;;;;;;;;;;;;;;;;;;
2026/03/05;2000 UTC;;;;;;;;;;;;;;;;;;
2026/03/05;2100 UTC;;;;;;;;;;;;;;;;;;
2026/03/05;2200 UTC;;;;;;;;;;;;;;;;;;
2026/03/05;2300 UTC;;;;;;;;;;;;;;;;;;
2026/03/06;0000 UTC;;;;;;;;;;;;;;;;;;
2026/03/06;0100 UTC;;;;;;;;;;;;;;;;;;
2026/03/06;0200 UTC;;;;;;;;;;;;;;;;;;
2026/03/06;0300 UTC;;;;;;;;;;;;;;;;;;
2026/03/06;0400 UTC;;;;;;;;;;;;;;;;;;
2026/03/06;0500 UTC;;;;;;;;;;;;;;;;;;
2026/03/06;0600 UTC;;;;;;;;;;;;;;;;;;
2026/03/06;0700 UTC;;;;;;;;;;;;;;;;;;
2026/03/06;0800 UTC;;;;;;;;;;;;;;;;;;
2026/03/06;0900 UTC;;;;;;;;;;;;;;;;;;
2026/03/06;1000 UTC;;;;;;;;;;;;;;;;;;
2026/03/06;1100 UTC;;;;;;;;;;;;;;;;;;
2026/03/06;1200 UTC;;;;;;;;;;;;;;;;;;
2026/03/06;1300 UTC;;;;;;;;;;;;;;;;;;
2026/03/06;1400 UTC;;;;;;;;;;;;;;;;;;
2026/03/06;1500 UTC;;;;;;;;;;;;;;;;;;
2026/03/06;1600 UTC;;;;;;;;;;;;;;;;;;
2026/03/06;1700 UTC;;;;;;;;;;;;;;;;;;
2026/03/06;1800 UTC;;;;;;;;;;;;;;;;;;
2026/03/06;1900 UTC;;;;;;;;;;;;;;;;;;
2026/03/06;2000 UTC;;;;;;;;;;;;;;;;;;
2026/03/06;2100 UTC;;;;;;;;;;;;;;;;;;
2026/03/06;2200 UTC;;;;;;;;;;;;;;;;;;
2026/03/06;2300 UTC;;;;;;;;;;;;;;;;;;
2026/03/07;0000 UTC;;;;;;;;;;;;;;;;;;
2026/03/07;0100 UTC;;;;;;;;;;;;;;;;;;
2026/03/07;0200 UTC;;;;;;;;;;;;;;;;;;
2026/03/07;0300 UTC;;;;;;;;;;;;;;;;;;
2026/03/07;0400 UTC;;;;;;;;;;;;;;;;;;
2026/03/07;0500 UTC;;;;;;;;;;;;;;;;;;
2026/03/07;0600 UTC;;;;;;;;;;;;;;;;;;
2026/03/07;0700 UTC;;;;;;;;;;;;;;;;;;
2026/03/07;0800 UTC;;;;;;;;;;;;;;;;;;
2026/03/07;0900 UTC;;;;;;;;;;;;;;;;;;
2026/03/07;1000 UTC;;;;;;;;;;;;;;;;;;
2026/03/07;1100 UTC;;;;;;;;;;;;;;;;;;
2026/03/07;1200 UTC;;;;;;;;;;;;;;;;;;
2026/03/07;1300 UTC;;;;;;;;;;;;;;;;;;
2026/03/07;1400 UTC;;;;;;;;;;;;;;;;;;
2026/03/07;1500 UTC;;;;;;;;;;;;;;;;;;
2026/03/07;1600 UTC;;;;;;;;;;;;;;;;;;
2026/03/07;1700 UTC;;;;;;;;;;;;;;;;;;
2026/03/07;1800 UTC;;;;;;;;;;;;;;;;;;
2026/03/07;1900 UTC;;;;;;;;;;;;;;;;;;
2026/03/07;2000 UTC;;;;;;;;;;;;;;;;;;
2026/03/07;2100 UTC;;;;;;;;;;;;;;;;;;
2026/03/07;2200 UTC;;;;;;;;;;;;;;;;;;
2026/03/07;2300 UTC;;;;;;;;;;;;;;;;;;
2026/03/08;0000 UTC;;;;;;;;;;;;;;;;;;
2026/03/08;0100 UTC;;;;;;;;;;;;;;;;;;
2026/03/08;0200 UTC;;;;;;;;;;;;;;;;;;
2026/03/08;0300 UTC;;;;;;;;;;;;;;;;;;
2026/03/08;0400 UTC;;;;;;;;;;;;;;;;;;
2026/03/08;0500 UTC;;;;;;;;;;;;;;;;;;
2026/03/08;0600 UTC;;;;;;;;;;;;;;;;;;
2026/03/08;0700 UTC;;;;;;;;;;;;;;;;;;
2026/03/08;0800 UTC;;;;;;;;;;;;;;;;;;
2026/03/08;0900 UTC;;;;;;;;;;;;;;;;;;
2026/03/08;1000 UTC;;;;;;;;;;;;;;;;;;
2026/03/08;1100 UTC;;;;;;;;;;;;;;;;;;
2026/03/08;1200 UTC;;;;;;;;;;;;;;;;;;
2026/03/08;1300 UTC;;;;;;;;;;;;;;;;;;
2026/03/08;1400 UTC;;;;;;;;;;;;;;;;;;
2026/03/08;1500 UTC;;;;;;;;;;;;;;;;;;
2026/03/08;1600 UTC;;;;;;;;;;;;;;;;;;
2026/03/08;1700 UTC;;;;;;;;;;;;;;;;;;
2026/03/08;1800 UTC;;;;;;;;;;;;;;;;;;
2026/03/08;1900 UTC;;;;;;;;;;;;;;;;;;
2026/03/08;2000 UTC;;;;;;;;;;;;;;;;;;
2026/03/08;2100 UTC;;;;;;;;;;;;;;;;;;
2026/03/08;2200 UTC;;;;;;;;;;;;;;;;;;
2026/03/08;2300 UTC;;;;;;;;;;;;;;;;;;
2026/03/09;0000 UTC;;;;;;;;;;;;;;;;;;
2026/03/09;0100 UTC;;;;;;;;;;;;;;;;;;
2026/03/09;0200 UTC;;;;;;;;;;;;;;;;;;
2026/03/09;0300 UTC;;;;;;;;;;;;;;;;;;
2026/03/09;0400 UTC;;;;;;;;;;;;;;;;;;
2026/03/09;0500 UTC;;;;;;;;;;;;;;;;;;
2026/03/09;0600 UTC;;;;;;;;;;;;;;;;;;
2026/03/09;0700 UTC;;;;;;;;;;;;;;;;;;
2026/03/09;0800 UTC;;;;;;;;;;;;;;;;;;
2026/03/09;0900 UTC;;;;;;;;;;;;;;;;;;
2026/03/09;1000 UTC;;;;;;;;;;;;;;;;;;
2026/03/09;1100 UTC;;;;;;;;;;;;;;;;;;
2026/03/09;1200 UTC;;;;;;;;;;;;;;;;;;
2026/03/09;1300 UTC;;;;;;;;;;;;;;;;;;
2026/03/09;1400 UTC;;;;;;;;;;;;;;;;;;
2026/03/09;1500 UTC;;;;;;;;;;;;;;;;;;
2026/03/09;1600 UTC;;;;;;;;;;;;;;;;;;
2026/03/09;1700 UTC;;;;;;;;;;;;;;;;;;
2026/03/09;1800 UTC;;;;;;;;;;;;;;;;;;
2026/03/09;1900 UTC;;;;;;;;;;;;;;;;;;
2026/03/09;2000 UTC;;;;;;;;;;;;;;;;;;
2026/03/09;2100 UTC;;;;;;;;;;;;;;;;;;
2026/03/09;2200 UTC;;;;;;;;;;;;;;;;;;
2026/03/09;2300 UTC;;;;;;;;;;;;;;;;;;
2026/03/10;0000 UTC;;;;;;;;;;;;;;;;;;
2026/03/10;0100 UTC;;;;;;;;;;;;;;;;;;
2026/03/10;0200 UTC;;;;;;;;;;;;;;;;;;
2026/03/10;0300 UTC;;;;;;;;;;;;;;;;;;
2026/03/10;0400 UTC;;;;;;;;;;;;;;;;;;
2026/03/10;0500 UTC;;;;;;;;;;;;;;;;;;
2026/03/10;0600 UTC;;;;;;;;;;;;;;;;;;
2026/03/10;0700 UTC;;;;;;;;;;;;;;;;;;
2026/03/10;0800 UTC;;;;;;;;;;;;;;;;;;
2026/03/10;0900 UTC;;;;;;;;;;;;;;;;;;
2026/03/10;1000 UTC;;;;;;;;;;;;;;;;;;
2026/03/10;1100 UTC;;;;;;;;;;;;;;;;;;
2026/03/10;1200 UTC;;;;;;;;;;;;;;;;;;
2026/03/10;1300 UTC;;;;;;;;;;;;;;;;;;
2026/03/10;1400 UTC;;;;;;;;;;;;;;;;;;
2026/03/10;1500 UTC;;;;;;;;;;;;;;;;;;
2026/03/10;1600 UTC;;;;;;;;;;;;;;;;;;
2026/03/10;1700 UTC;;;;;;;;;;;;;;;;;;
2026/03/10;1800 UTC;;;;;;;;;;;;;;;;;;
2026/03/10;1900 UTC;;;;;;;;;;;;;;;;;;
2026/03/10;2000 UTC;;;;;;;;;;;;;;;;;;
2026/03/10;2100 UTC;;;;;;;;;;;;;;;;;;
2026/03/10;2200 UTC;;;;;;;;;;;;;;;;;;
2026/03/10;2300 UTC;;;;;;;;;;;;;;;;;;
2026/03/11;0000 UTC;;;;;;;;;;;;;;;;;;
2026/03/11;0100 UTC;;;;;;;;;;;;;;;;;;
2026/03/11;0200 UTC;;;;;;;;;;;;;;;;;;
2026/03/11;0300 UTC;;;;;;;;;;;;;;;;;;
2026/03/11;0400 UTC;;;;;;;;;;;;;;;;;;
2026/03/11;0500 UTC;;;;;;;;;;;;;;;;;;
2026/03/11;0600 UTC;;;;;;;;;;;;;;;;;;
2026/03/11;0700 UTC;;;;;;;;;;;;;;;;;;
2026/03/11;0800 UTC;;;;;;;;;;;;;;;;;;
2026/03/11;0900 UTC;;;;;;;;;;;;;;;;;;
2026/03/11;1000 UTC;;;;;;;;;;;;;;;;;;
2026/03/11;1100 UTC;;;;;;;;;;;;;;;;;;
2026/03/11;1200 UTC;;;;;;;;;;;;;;;;;;
2026/03/11;1300 UTC;;;;;;;;;;;;;;;;;;
2026/03/11;1400 UTC;;;;;;;;;;;;;;;;;;
2026/03/11;1500 UTC;;;;;;;;;;;;;;;;;;
2026/03/11;1600 UTC;;;;;;;;;;;;;;;;;;
2026/03/11;1700 UTC;;;;;;;;;;;;;;;;;;
2026/03/11;1800 UTC;;;;;;;;;;;;;;;;;;
2026/03/11;1900 UTC;;;;;;;;;;;;;;;;;;
2026/03/11;2000 UTC;;;;;;;;;;;;;;;;;;
2026/03/11;2100 UTC;;;;;;;;;;;;;;;;;;
2026/03/11;2200 UTC;;;;;;;;;;;;;;;;;;
2026/03/11;2300 UTC;;;;;;;;;;;;;;;;;;
2026/03/12;0000 UTC;;;;;;;;;;;;;;;;;;
2026/03/12;0100 UTC;;;;;;;;;;;;;;;;;;
2026/03/12;0200 UTC;;;;;;;;;;;;;;;;;;
2026/03/12;0300 UTC;;;;;;;;;;;;;;;;;;
2026/03/12;0400 UTC;;;;;;;;;;;;;;;;;;
2026/03/12;0500 UTC;;;;;;;;;;;;;;;;;;
2026/03/12;0600 UTC;;;;;;;;;;;;;;;;;;
2026/03/12;0700 UTC;;;;;;;;;;;;;;;;;;
2026/03/12;0800 UTC;;;;;;;;;;;;;;;;;;
2026/03/12;0900 UTC;;;;;;;;;;;;;;;;;;
2026/03/12;1000 UTC;;;;;;;;;;;;;;;;;;
2026/03/12;1100 UTC;;;;;;;;;;;;;;;;;;
2026/03/12;1200 UTC;;;;;;;;;;;;;;;;;;
2026/03/12;1300 UTC;;;;;;;;;;;;;;;;;;
2026/03/12;1400 UTC;;;;;;;;;;;;;;;;;;
2026/03/12;1500 UTC;;;;;;;;;;;;;;;;;;
2026/03/12;1600 UTC;;;;;;;;;;;;;;;;;;
2026/03/12;1700 UTC;;;;;;;;;;;;;;;;;;
2026/03/12;1800 UTC;;;;;;;;;;;;;;;;;;
2026/03/12;1900 UTC;;;;;;;;;;;;;;;;;;
2026/03/12;2000 UTC;;;;;;;;;;;;;;;;;;
2026/03/12;2100 UTC;;;;;;;;;;;;;;;;;;
2026/03/12;2200 UTC;;;;;;;;;;;;;;;;;;
2026/03/12;2300 UTC;;;;;;;;;;;;;;;;;;
2026/03/13;0000 UTC;;;;;;;;;;;;;;;;;;
2026/03/13;0100 UTC;;;;;;;;;;;;;;;;;;
2026/03/13;0200 UTC;;;;;;;;;;;;;;;;;;
2026/03/13;0300 UTC;;;;;;;;;;;;;;;;;;
2026/03/13;0400 UTC;;;;;;;;;;;;;;;;;;
2026/03/13;0500 UTC;;;;;;;;;;;;;;;;;;
2026/03/13;0600 UTC;;;;;;;;;;;;;;;;;;
2026/03/13;0700 UTC;;;;;;;;;;;;;;;;;;
2026/03/13;0800 UTC;;;;;;;;;;;;;;;;;;
2026/03/13;0900 UTC;;;;;;;;;;;;;;;;;;
2026/03/13;1000 UTC;;;;;;;;;;;;;;;;;;
2026/03/13;1100 UTC;;;;;;;;;;;;;;;;;;
2026/03/13;1200 UTC;;;;;;;;;;;;;;;;;;
2026/03/13;1300 UTC;;;;;;;;;;;;;;;;;;
2026/03/13;1400 UTC;;;;;;;;;;;;;;;;;;
2026/03/13;1500 UTC;;;;;;;;;;;;;;;;;;
2026/03/13;1600 UTC;;;;;;;;;;;;;;;;;;
2026/03/13;1700 UTC;;;;;;;;;;;;;;;;;;
2026/03/13;1800 UTC;;;;;;;;;;;;;;;;;;
2026/03/13;1900 UTC;;;;;;;;;;;;;;;;;;
2026/03/13;2000 UTC;;;;;;;;;;;;;;;;;;
2026/03/13;2100 UTC;;;;;;;;;;;;;;;;;;
2026/03/13;2200 UTC;;;;;;;;;;;;;;;;;;
2026/03/13;2300 UTC;;;;;;;;;;;;;;;;;;
2026/03/14;0000 UTC;;;;;;;;;;;;;;;;;;
2026/03/14;0100 UTC;;;;;;;;;;;;;;;;;;
2026/03/14;0200 UTC;;;;;;;;;;;;;;;;;;
2026/03/14;0300 UTC;;;;;;;;;;;;;;;;;;
2026/03/14;0400 UTC;;;;;;;;;;;;;;;;;;
2026/03/14;0500 UTC;;;;;;;;;;;;;;;;;;
2026/03/14;0600 UTC;;;;;;;;;;;;;;;;;;
2026/03/14;0700 UTC;;;;;;;;;;;;;;;;;;
2026/03/14;0800 UTC;;;;;;;;;;;;;;;;;;
2026/03/14;0900 UTC;;;;;;;;;;;;;;;;;;
2026/03/14;1000 UTC;;;;;;;;;;;;;;;;;;
2026/03/14;1100 UTC;;;;;;;;;;;;;;;;;;
2026/03/14;1200 UTC;;;;;;;;;;;;;;;;;;
2026/03/14;1300 UTC;;;;;;;;;;;;;;;;;;
2026/03/14;1400 UTC;;;;;;;;;;;;;;;;;;
2026/03/14;1500 UTC;;;;;;;;;;;;;;;;;;
2026/03/14;1600 UTC;;;;;;;;;;;;;;;;;;
2026/03/14;1700 UTC;;;;;;;;;;;;;;;;;;
2026/03/14;1800 UTC;;;;;;;;;;;;;;;;;;
2026/03/14;1900 UTC;;;;;;;;;;;;;;;;;;
2026/03/14;2000 UTC;;;;;;;;;;;;;;;;;;
2026/03/14;2100 UTC;;;;;;;;;;;;;;;;;;
2026/03/14;2200 UTC;;;;;;;;;;;;;;;;;;
2026/03/14;2300 UTC;;;;;;;;;;;;;;;;;;
2026/03/15;0000 UTC;;;;;;;;;;;;;;;;;;
2026/03/15;0100 UTC;;;;;;;;;;;;;;;;;;
2026/03/15;0200 UTC;;;;;;;;;;;;;;;;;;
2026/03/15;0300 UTC;;;;;;;;;;;;;;;;;;
2026/03/15;0400 UTC;;;;;;;;;;;;;;;;;;
2026/03/15;0500 UTC;;;;;;;;;;;;;;;;;;
2026/03/15;0600 UTC;;;;;;;;;;;;;;;;;;
2026/03/15;0700 UTC;;;;;;;;;;;;;;;;;;
2026/03/15;0800 UTC;;;;;;;;;;;;;;;;;;
2026/03/15;0900 UTC;;;;;;;;;;;;;;;;;;
2026/03/15;1000 UTC;;;;;;;;;;;;;;;;;;
2026/03/15;1100 UTC;;;;;;;;;;;;;;;;;;
2026/03/15;1200 UTC;;;;;;;;;;;;;;;;;;
2026/03/15;1300 UTC;;;;;;;;;;;;;;;;;;
2026/03/15;1400 UTC;;;;;;;;;;;;;;;;;;
2026/03/15;1500 UTC;;;;;;;;;;;;;;;;;;
2026/03/15;1600 UTC;;;;;;;;;;;;;;;;;;
2026/03/15;1700 UTC;;;;;;;;;;;;;;;;;;
2026/03/15;1800 UTC;;;;;;;;;;;;;;;;;;
2026/03/15;1900 UTC;;;;;;;;;;;;;;;;;;
2026/03/15;2000 UTC;;;;;;;;;;;;;;;;;;
2026/03/15;2100 UTC;;;;;;;;;;;;;;;;;;
2026/03/15;2200 UTC;;;;;;;;;;;;;;;;;;
2026/03/15;2300 UTC;;;;;;;;;;;;;;;;;;
2026/03/16;0000 UTC;;;;;;;;;;;;;;;;;;
2026/03/16;0100 UTC;;;;;;;;;;;;;;;;;;
2026/03/16;0200 UTC;;;;;;;;;;;;;;;;;;
2026/03/16;0300 UTC;;;;;;;;;;;;;;;;;;
2026/03/16;0400 UTC;;;;;;;;;;;;;;;;;;
2026/03/16;0500 UTC;;;;;;;;;;;;;;;;;;
2026/03/16;0600 UTC;;;;;;;;;;;;;;;;;;
2026/03/16;0700 UTC;;;;;;;;;;;;;;;;;;
2026/03/16;0800 UTC;;;;;;;;;;;;;;;;;;
2026/03/16;0900 UTC;;;;;;;;;;;;;;;;;;
2026/03/16;1000 UTC;;;;;;;;;;;;;;;;;;
2026/03/16;1100 UTC;;;;;;;;;;;;;;;;;;
2026/03/16;1200 UTC;;;;;;;;;;;;;;;;;;
2026/03/16;1300 UTC;;;;;;;;;;;;;;;;;;
2026/03/16;1400 UTC;;;;;;;;;;;;;;;;;;
2026/03/16;1500 UTC;;;;;;;;;;;;;;;;;;
2026/03/16;1600 UTC;;;;;;;;;;;;;;;;;;
2026/03/16;1700 UTC;;;;;;;;;;;;;;;;;;
2026/03/16;1800 UTC;;;;;;;;;;;;;;;;;;
2026/03/16;1900 UTC;;;;;;;;;;;;;;;;;;
2026/03/16;2000 UTC;;;;;;;;;;;;;;;;;;
2026/03/16;2100 UTC;;;;;;;;;;;;;;;;;;
2026/03/16;2200 UTC;;;;;;;;;;;;;;;;;;
2026/03/16;2300 UTC;;;;;;;;;;;;;;;;;;
2026/03/17;0000 UTC;;;;;;;;;;;;;;;;;;
2026/03/17;0100 UTC;;;;;;;;;;;;;;;;;;
2026/03/17;0200 UTC;;;;;;;;;;;;;;;;;;
2026/03/17;0300 UTC;;;;;;;;;;;;;;;;;;
2026/03/17;0400 UTC;;;;;;;;;;;;;;;;;;
2026/03/17;0500 UTC;;;;;;;;;;;;;;;;;;
2026/03/17;0600 UTC;;;;;;;;;;;;;;;;;;
2026/03/17;0700 UTC;;;;;;;;;;;;;;;;;;
2026/03/17;0800 UTC;;;;;;;;;;;;;;;;;;
2026/03/17;0900 UTC;;;;;;;;;;;;;;;;;;
2026/03/17;1000 UTC;;;;;;;;;;;;;;;;;;
2026/03/17;1100 UTC;;;;;;;;;;;;;;;;;;
2026/03/17;1200 UTC;;;;;;;;;;;;;;;;;;
2026/03/17;1300 UTC;;;;;;;;;;;;;;;;;;
2026/03/17;1400 UTC;;;;;;;;;;;;;;;;;;
2026/03/17;1500 UTC;;;;;;;;;;;;;;;;;;
2026/03/17;1600 UTC;;;;;;;;;;;;;;;;;;
2026/03/17;1700 UTC;;;;;;;;;;;;;;;;;;
2026/03/17;1800 UTC;;;;;;;;;;;;;;;;;;
2026/03/17;1900 UTC;;;;;;;;;;;;;;;;;;
2026/03/17;2000 UTC;;;;;;;;;;;;;;;;;;
2026/03/17;2100 UTC;;;;;;;;;;;;;;;;;;
2026/03/17;2200 UTC;;;;;;;;;;;;;;;;;;
2026/03/17;2300 UTC;;;;;;;;;;;;;;;;;;
2026/03/18;0000 UTC;;;;;;;;;;;;;;;;;;
2026/03/18;0100 UTC;;;;;;;;;;;;;;;;;;
2026/03/18;0200 UTC;;;;;;;;;;;;;;;;;;
2026/03/18;0300 UTC;;;;;;;;;;;;;;;;;;
2026/03/18;0400 UTC;;;;;;;;;;;;;;;;;;
2026/03/18;0500 UTC;;;;;;;;;;;;;;;;;;
2026/03/18;0600 UTC;;;;;;;;;;;;;;;;;;
2026/03/18;0700 UTC;;;;;;;;;;;;;;;;;;
2026/03/18;0800 UTC;;;;;;;;;;;;;;;;;;
2026/03/18;0900 UTC;;;;;;;;;;;;;;;;;;
2026/03/18;1000 UTC;;;;;;;;;;;;;;;;;;
2026/03/18;1100 UTC;;;;;;;;;;;;;;;;;;
2026/03/18;1200 UTC;;;;;;;;;;;;;;;;;;
2026/03/18;1300 UTC;;;;;;;;;;;;;;;;;;
2026/03/18;1400 UTC;;;;;;;;;;;;;;;;;;
2026/03/18;1500 UTC;;;;;;;;;;;;;;;;;;
2026/03/18;1600 UTC;;;;;;;;;;;;;;;;;;
2026/03/18;1700 UTC;;;;;;;;;;;;;;;;;;
2026/03/18;1800 UTC;;;;;;;;;;;;;;;;;;
2026/03/18;1900 UTC;;;;;;;;;;;;;;;;;;
2026/03/18;2000 UTC;;;;;;;;;;;;;;;;;;
2026/03/18;2100 UTC;;;;;;;;;;;;;;;;;;
2026/03/18;2200 UTC;;;;;;;;;;;;;;;;;;
2026/03/18;2300 UTC;;;;;;;;;;;;;;;;;;
2026/03/19;0000 UTC;;;;;;;;;;;;;;;;;;
2026/03/19;0100 UTC;;;;;;;;;;;;;;;;;;
2026/03/19;0200 UTC;;;;;;;;;;;;;;;;;;
2026/03/19;0300 UTC;;;;;;;;;;;;;;;;;;
2026/03/19;0400 UTC;;;;;;;;;;;;;;;;;;
2026/03/19;0500 UTC;;;;;;;;;;;;;;;;;;
2026/03/19;0600 UTC;;;;;;;;;;;;;;;;;;
2026/03/19;0700 UTC;;;;;;;;;;;;;;;;;;
2026/03/19;0800 UTC;;;;;;;;;;;;;;;;;;
2026/03/19;0900 UTC;;;;;;;;;;;;;;;;;;
2026/03/19;1000 UTC;;;;;;;;;;;;;;;;;;
2026/03/19;1100 UTC;;;;;;;;;;;;;;;;;;
2026/03/19;1200 UTC;;;;;;;;;;;;;;;;;;
2026/03/19;1300 UTC;;;;;;;;;;;;;;;;;;
2026/03/19;1400 UTC;;;;;;;;;;;;;;;;;;
2026/03/19;1500 UTC;;;;;;;;;;;;;;;;;;
2026/03/19;1600 UTC;;;;;;;;;;;;;;;;;;
2026/03/19;1700 UTC;;;;;;;;;;;;;;;;;;
2026/03/19;1800 UTC;;;;;;;;;;;;;;;;;;
2026/03/19;1900 UTC;;;;;;;;;;;;;;;;;;
2026/03/19;2000 UTC;;;;;;;;;;;;;;;;;;
2026/03/19;2100 UTC;;;;;;;;;;;;;;;;;;
2026/03/19;2200 UTC;;;;;;;;;;;;;;;;;;
2026/03/19;2300 UTC;;;;;;;;;;;;;;;;;;
2026/03/20;0000 UTC;;;;;;;;;;;;;;;;;;
2026/03/20;0100 UTC;;;;;;;;;;;;;;;;;;
2026/03/20;0200 UTC;;;;;;;;;;;;;;;;;;
2026/03/20;0300 UTC;;;;;;;;;;;;;;;;;;
2026/03/20;0400 UTC;;;;;;;;;;;;;;;;;;
2026/03/20;0500 UTC;;;;;;;;;;;;;;;;;;
2026/03/20;0600 UTC;;;;;;;;;;;;;;;;;;
2026/03/20;0700 UTC;;;;;;;;;;;;;;;;;;
2026/03/20;0800 UTC;;;;;;;;;;;;;;;;;;
2026/03/20;0900 UTC;;;;;;;;;;;;;;;;;;
2026/03/20;1000 UTC;;;;;;;;;;;;;;;;;;
2026/03/20;1100 UTC;;;;;;;;;;;;;;;;;;
2026/03/20;1200 UTC;;;;;;;;;;;;;;;;;;
2026/03/20;1300 UTC;;;;;;;;;;;;;;;;;;
2026/03/20;1400 UTC;;;;;;;;;;;;;;;;;;
2026/03/20;1500 UTC;;;;;;;;;;;;;;;;;;
2026/03/20;1600 UTC;;;;;;;;;;;;;;;;;;
2026/03/20;1700 UTC;;;;;;;;;;;;;;;;;;
2026/03/20;1800 UTC;;;;;;;;;;;;;;;;;;
2026/03/20;1900 UTC;;;;;;;;;;;;;;;;;;
2026/03/20;2000 UTC;;;;;;;;;;;;;;;;;;
2026/03/20;2100 UTC;;;;;;;;;;;;;;;;;;
2026/03/20;2200 UTC;;;;;;;;;;;;;;;;;;
2026/03/20;2300 UTC;;;;;;;;;;;;;;;;;;
2026/03/21;0000 UTC;;;;;;;;;;;;;;;;;;
2026/03/21;0100 UTC;;;;;;;;;;;;;;;;;;
2026/03/21;0200 UTC;;;;;;;;;;;;;;;;;;
2026/03/21;0300 UTC;;;;;;;;;;;;;;;;;;
2026/03/21;0400 UTC;;;;;;;;;;;;;;;;;;
2026/03/21;0500 UTC;;;;;;;;;;;;;;;;;;
2026/03/21;0600 UTC;;;;;;;;;;;;;;;;;;
2026/03/21;0700 UTC;;;;;;;;;;;;;;;;;;
2026/03/21;0800 UTC;;;;;;;;;;;;;;;;;;
2026/03/21;0900 UTC;;;;;;;;;;;;;;;;;;
2026/03/21;1000 UTC;;;;;;;;;;;;;;;;;;
2026/03/21;1100 UTC;;;;;;;;;;;;;;;;;;
2026/03/21;1200 UTC;;;;;;;;;;;;;;;;;;
2026/03/21;1300 UTC;;;;;;;;;;;;;;;;;;
2026/03/21;1400 UTC;;;;;;;;;;;;;;;;;;
2026/03/21;1500 UTC;;;;;;;;;;;;;;;;;;
2026/03/21;1600 UTC;;;;;;;;;;;;;;;;;;
2026/03/21;1700 UTC;;;;;;;;;;;;;;;;;;
2026/03/21;1800 UTC;;;;;;;;;;;;;;;;;;
2026/03/21;1900 UTC;;;;;;;;;;;;;;;;;;
2026/03/21;2000 UTC;;;;;;;;;;;;;;;;;;
2026/03/21;2100 UTC;;;;;;;;;;;;;;;;;;
2026/03/21;2200 UTC;;;;;;;;;;;;;;;;;;
2026/03/21;2300 UTC;;;;;;;;;;;;;;;;;;
2026/03/22;0000 UTC;;;;;;;;;;;;;;;;;;
2026/03/22;0100 UTC;;;;;;;;;;;;;;;;;;
2026/03/22;0200 UTC;;;;;;;;;;;;;;;;;;
2026/03/22;0300 UTC;;;;;;;;;;;;;;;;;;
2026/03/22;0400 UTC;;;;;;;;;;;;;;;;;;
2026/03/22;0500 UTC;;;;;;;;;;;;;;;;;;
2026/03/22;0600 UTC;;;;;;;;;;;;;;;;;;
2026/03/22;0700 UTC;;;;;;;;;;;;;;;;;;
2026/03/22;0800 UTC;;;;;;;;;;;;;;;;;;
2026/03/22;0900 UTC;;;;;;;;;;;;;;;;;;
2026/03/22;1000 UTC;;;;;;;;;;;;;;;;;;
2026/03/22;1100 UTC;;;;;;;;;;;;;;;;;;
2026/03/22;1200 UTC;;;;;;;;;;;;;;;;;;
2026/03/22;1300 UTC;;;;;;;;;;;;;;;;;;
2026/03/22;1400 UTC;;;;;;;;;;;;;;;;;;
2026/03/22;1500 UTC;;;;;;;;;;;;;;;;;;
2026/03/22;1600 UTC;;;;;;;;;;;;;;;;;;
2026/03/22;1700 UTC;;;;;;;;;;;;;;;;;;
2026/03/22;1800 UTC;;;;;;;;;;;;;;;;;;
2026/03/22;1900 UTC;;;;;;;;;;;;;;;;;;
2026/03/22;2000 UTC;;;;;;;;;;;;;;;;;;
2026/03/22;2100 UTC;;;;;;;;;;;;;;;;;;
2026/03/22;2200 UTC;;;;;;;;;;;;;;;;;;
2026/03/22;2300 UTC;;;;;;;;;;;;;;;;;;
2026/03/23;0000 UTC;;;;;;;;;;;;;;;;;;
2026/03/23;0100 UTC;;;;;;;;;;;;;;;;;;
2026/03/23;0200 UTC;;;;;;;;;;;;;;;;;;
2026/03/23;0300 UTC;;;;;;;;;;;;;;;;;;
2026/03/23;0400 UTC;;;;;;;;;;;;;;;;;;
2026/03/23;0500 UTC;;;;;;;;;;;;;;;;;;
2026/03/23;0600 UTC;;;;;;;;;;;;;;;;;;
2026/03/23;0700 UTC;;;;;;;;;;;;;;;;;;
2026/03/23;0800 UTC;;;;;;;;;;;;;;;;;;
2026/03/23;0900 UTC;;;;;;;;;;;;;;;;;;
2026/03/23;1000 UTC;;;;;;;;;;;;;;;;;;
2026/03/23;1100 UTC;;;;;;;;;;;;;;;;;;
2026/03/23;1200 UTC;;;;;;;;;;;;;;;;;;
2026/03/23;1300 UTC;;;;;;;;;;;;;;;;;;
2026/03/23;1400 UTC;;;;;;;;;;;;;;;;;;
2026/03/23;1500 UTC;;;;;;;;;;;;;;;;;;
2026/03/23;1600 UTC;;;;;;;;;;;;;;;;;;
2026/03/23;1700 UTC;;;;;;;;;;;;;;;;;;
2026/03/23;1800 UTC;;;;;;;;;;;;;;;;;;
2026/03/23;1900 UTC;;;;;;;;;;;;;;;;;;
2026/03/23;2000 UTC;;;;;;;;;;;;;;;;;;
2026/03/23;2100 UTC;;;;;;;;;;;;;;;;;;
2026/03/23;2200 UTC;;;;;;;;;;;;;;;;;;
2026/03/23;2300 UTC;;;;;;;;;;;;;;;;;;
2026/03/24;0000 UTC;;;;;;;;;;;;;;;;;;
2026/03/24;0100 UTC;;;;;;;;;;;;;;;;;;
2026/03/24;0200 UTC;;;;;;;;;;;;;;;;;;
2026/03/24;0300 UTC;;;;;;;;;;;;;;;;;;
2026/03/24;0400 UTC;;;;;;;;;;;;;;;;;;
2026/03/24;0500 UTC;;;;;;;;;;;;;;;;;;
2026/03/24;0600 UTC;;;;;;;;;;;;;;;;;;
2026/03/24;0700 UTC;;;;;;;;;;;;;;;;;;
2026/03/24;0800 UTC;;;;;;;;;;;;;;;;;;
2026/03/24;0900 UTC;;;;;;;;;;;;;;;;;;
2026/03/24;1000 UTC;;;;;;;;;;;;;;;;;;
2026/03/24;1100 UTC;;;;;;;;;;;;;;;;;;
2026/03/24;1200 UTC;;;;;;;;;;;;;;;;;;
2026/03/24;1300 UTC;;;;;;;;;;;;;;;;;;
2026/03/24;1400 UTC;;;;;;;;;;;;;;;;;;
2026/03/24;1500 UTC;;;;;;;;;;;;;;;;;;
2026/03/24;1600 UTC;;;;;;;;;;;;;;;;;;
2026/03/24;1700 UTC;;;;;;;;;;;;;;;;;;
2026/03/24;1800 UTC;;;;;;;;;;;;;;;;;;
2026/03/24;1900 UTC;;;;;;;;;;;;;;;;;;
2026/03/24;2000 UTC;;;;;;;;;;;;;;;;;;
2026/03/24;2100 UTC;;;;;;;;;;;;;;;;;;
2026/03/24;2200 UTC;;;;;;;;;;;;;;;;;;
2026/03/24;2300 UTC;;;;;;;;;;;;;;;;;;
2026/03/25;0000 UTC;;;;;;;;;;;;;;;;;;
2026/03/25;0100 UTC;;;;;;;;;;;;;;;;;;
2026/03/25;0200 UTC;;;;;;;;;;;;;;;;;;
2026/03/25;0300 UTC;;;;;;;;;;;;;;;;;;
2026/03/25;0400 UTC;;;;;;;;;;;;;;;;;;
2026/03/25;0500 UTC;;;;;;;;;;;;;;;;;;
2026/03/25;0600 UTC;;;;;;;;;;;;;;;;;;
2026/03/25;0700 UTC;;;;;;;;;;;;;;;;;;
2026/03/25;0800 UTC;;;;;;;;;;;;;;;;;;
2026/03/25;0900 UTC;;;;;;;;;;;;;;;;;;
2026/03/25;1000 UTC;;;;;;;;;;;;;;;;;;
2026/03/25;1100 UTC;;;;;;;;;;;;;;;;;;
2026/03/25;1200 UTC;;;;;;;;;;;;;;;;;;
2026/03/25;1300 UTC;;;;;;;;;;;;;;;;;;
2026/03/25;1400 UTC;;;;;;;;;;;;;;;;;;
2026/03/25;1500 UTC;;;;;;;;;;;;;;;;;;
2026/03/25;1600 UTC;;;;;;;;;;;;;;;;;;
2026/03/25;1700 UTC;;;;;;;;;;;;;;;;;;
2026/03/25;1800 UTC;;;;;;;;;;;;;;;;;;
2026/03/25;1900 UTC;;;;;;;;;;;;;;;;;;
2026/03/25;2000 UTC;;;;;;;;;;;;;;;;;;
2026/03/25;2100 UTC;;;;;;;;;;;;;;;;;;
2026/03/25;2200 UTC;;;;;;;;;;;;;;;;;;
2026/03/25;2300 UTC;;;;;;;;;;;;;;;;;;
2026/03/26;0000 UTC;;;;;;;;;;;;;;;;;;
2026/03/26;0100 UTC;;;;;;;;;;;;;;;;;;
2026/03/26;0200 UTC;;;;;;;;;;;;;;;;;;
2026/03/26;0300 UTC;;;;;;;;;;;;;;;;;;
2026/03/26;0400 UTC;;;;;;;;;;;;;;;;;;
2026/03/26;0500 UTC;;;;;;;;;;;;;;;;;;
2026/03/26;0600 UTC;;;;;;;;;;;;;;;;;;
2026/03/26;0700 UTC;;;;;;;;;;;;;;;;;;
2026/03/26;0800 UTC;;;;;;;;;;;;;;;;;;
2026/03/26;0900 UTC;;;;;;;;;;;;;;;;;;
2026/03/26;1000 UTC;;;;;;;;;;;;;;;;;;
2026/03/26;1100 UTC;;;;;;;;;;;;;;;;;;
2026/03/26;1200 UTC;;;;;;;;;;;;;;;;;;
2026/03/26;1300 UTC;;;;;;;;;;;;;;;;;;
2026/03/26;1400 UTC;;;;;;;;;;;;;;;;;;
2026/03/26;1500 UTC;;;;;;;;;;;;;;;;;;
2026/03/26;1600 UTC;;;;;;;;;;;;;;;;;;
2026/03/26;1700 UTC;;;;;;;;;;;;;;;;;;
2026/03/26;1800 UTC;;;;;;;;;;;;;;;;;;
2026/03/26;1900 UTC;;;;;;;;;;;;;;;;;;
2026/03/26;2000 UTC;;;;;;;;;;;;;;;;;;
2026/03/26;2100 UTC;;;;;;;;;;;;;;;;;;
2026/03/26;2200 UTC;;;;;;;;;;;;;;;;;;
2026/03/26;2300 UTC;;;;;;;;;;;;;;;;;;
2026/03/27;0000 UTC;;;;;;;;;;;;;;;;;;
2026/03/27;0100 UTC;;;;;;;;;;;;;;;;;;
2026/03/27;0200 UTC;;;;;;;;;;;;;;;;;;
2026/03/27;0300 UTC;;;;;;;;;;;;;;;;;;
2026/03/27;0400 UTC;;;;;;;;;;;;;;;;;;
2026/03/27;0500 UTC;;;;;;;;;;;;;;;;;;
2026/03/27;0600 UTC;;;;;;;;;;;;;;;;;;
2026/03/27;0700 UTC;;;;;;;;;;;;;;;;;;
2026/03/27;0800 UTC;;;;;;;;;;;;;;;;;;
2026/03/27;0900 UTC;;;;;;;;;;;;;;;;;;
2026/03/27;1000 UTC;;;;;;;;;;;;;;;;;;
2026/03/27;1100 UTC;;;;;;;;;;;;;;;;;;
2026/03/27;1200 UTC;;;;;;;;;;;;;;;;;;
2026/03/27;1300 UTC;;;;;;;;;;;;;;;;;;
2026/03/27;1400 UTC;;;;;;;;;;;;;;;;;;
2026/03/27;1500 UTC;;;;;;;;;;;;;;;;;;
2026/03/27;1600 UTC;;;;;;;;;;;;;;;;;;
2026/03/27;1700 UTC;;;;;;;;;;;;;;;;;;
2026/03/27;1800 UTC;;;;;;;;;;;;;;;;;;
2026/03/27;1900 UTC;;;;;;;;;;;;;;;;;;
2026/03/27;2000 UTC;;;;;;;;;;;;;;;;;;
2026/03/27;2100 UTC;;;;;;;;;;;;;;;;;;
2026/03/27;2200 UTC;;;;;;;;;;;;;;;;;;
2026/03/27;2300 UTC;;;;;;;;;;;;;;;;;;
2026/03/28;0000 UTC;;;;;;;;;;;;;;;;;;
2026/03/28;0100 UTC;;;;;;;;;;;;;;;;;;
2026/03/28;0200 UTC;;;;;;;;;;;;;;;;;;
2026/03/28;0300 UTC;;;;;;;;;;;;;;;;;;
2026/03/28;0400 UTC;;;;;;;;;;;;;;;;;;
2026/03/28;0500 UTC;;;;;;;;;;;;;;;;;;
2026/03/28;0600 UTC;;;;;;;;;;;;;;;;;;
2026/03/28;0700 UTC;;;;;;;;;;;;;;;;;;
2026/03/28;0800 UTC;;;;;;;;;;;;;;;;;;
2026/03/28;0900 UTC;;;;;;;;;;;;;;;;;;
2026/03/28;1000 UTC;;;;;;;;;;;;;;;;;;
2026/03/28;1100 UTC;;;;;;;;;;;;;;;;;;
2026/03/28;1200 UTC;;;;;;;;;;;;;;;;;;
2026/03/28;1300 UTC;;;;;;;;;;;;;;;;;;
2026/03/28;1400 UTC;;;;;;;;;;;;;;;;;;
2026/03/28;1500 UTC;;;;;;;;;;;;;;;;;;
2026/03/28;1600 UTC;;;;;;;;;;;;;;;;;;
2026/03/28;1700 UTC;;;;;;;;;;;;;;;;;;
2026/03/28;1800 UTC;;;;;;;;;;;;;;;;;;
2026/03/28;1900 UTC;;;;;;;;;;;;;;;;;;
2026/03/28;2000 UTC;;;;;;;;;;;;;;;;;;
2026/03/28;2100 UTC;;;;;;;;;;;;;;;;;;
2026/03/28;2200 UTC;;;;;;;;;;;;;;;;;;
2026/03/28;2300 UTC;;;;;;;;;;;;;;;;;;
2026/03/29;0000 UTC;;;;;;;;;;;;;;;;;;
2026/03/29;0100 UTC;;;;;;;;;;;;;;;;;;
2026/03/29;0200 UTC;;;;;;;;;;;;;;;;;;
2026/03/29;0300 UTC;;;;;;;;;;;;;;;;;;
2026/03/29;0400 UTC;;;;;;;;;;;;;;;;;;
2026/03/29;0500 UTC;;;;;;;;;;;;;;;;;;
2026/03/29;0600 UTC;;;;;;;;;;;;;;;;;;
2026/03/29;0700 UTC;;;;;;;;;;;;;;;;;;
2026/03/29;0800 UTC;;;;;;;;;;;;;;;;;;
2026/03/29;0900 UTC;;;;;;;;;;;;;;;;;;
2026/03/29;1000 UTC;;;;;;;;;;;;;;;;;;
2026/03/29;1100 UTC;;;;;;;;;;;;;;;;;;
2026/03/29;1200 UTC;;;;;;;;;;;;;;;;;;
2026/03/29;1300 UTC;;;;;;;;;;;;;;;;;;
2026/03/29;1400 UTC;;;;;;;;;;;;;;;;;;
2026/03/29;1500 UTC;;;;;;;;;;;;;;;;;;
2026/03/29;1600 UTC;;;;;;;;;;;;;;;;;;
2026/03/29;1700 UTC;;;;;;;;;;;;;;;;;;
2026/03/29;1800 UTC;;;;;;;;;;;;;;;;;;
2026/03/29;1900 UTC;;;;;;;;;;;;;;;;;;
2026/03/29;2000 UTC;;;;;;;;;;;;;;;;;;
2026/03/29;2100 UTC;;;;;;;;;;;;;;;;;;
2026/03/29;2200 UTC;;;;;;;;;;;;;;;;;;
2026/03/29;2300 UTC;;;;;;;;;;;;;;;;;;
2026/03/30;0000 UTC;;;;;;;;;;;;;;;;;;
2026/03/30;0100 UTC;;;;;;;;;;;;;;;;;;
2026/03/30;0200 UTC;;;;;;;;;;;;;;;;;;
2026/03/30;0300 UTC;;;;;;;;;;;;;;;;;;
2026/03/30;0400 UTC;;;;;;;;;;;;;;;;;;
2026/03/30;0500 UTC;;;;;;;;;;;;;;;;;;
2026/03/30;0600 UTC;;;;;;;;;;;;;;;;;;
2026/03/30;0700 UTC;;;;;;;;;;;;;;;;;;
2026/03/30;0800 UTC;;;;;;;;;;;;;;;;;;
2026/03/30;0900 UTC;;;;;;;;;;;;;;;;;;
2026/03/30;1000 UTC;;;;;;;;;;;;;;;;;;
2026/03/30;1100 UTC;;;;;;;;;;;;;;;;;;
2026/03/30;1200 UTC;;;;;;;;;;;;;;;;;;
2026/03/30;1300 UTC;;;;;;;;;;;;;;;;;;
2026/03/30;1400 UTC;;;;;;;;;;;;;;;;;;
2026/03/30;1500 UTC;;;;;;;;;;;;;;;;;;
2026/03/30;1600 UTC;;;;;;;;;;;;;;;;;;
2026/03/30;1700 UTC;;;;;;;;;;;;;;;;;;
2026/03/30;1800 UTC;;;;;;;;;;;;;;;;;;
2026/03/30;1900 UTC;;;;;;;;;;;;;;;;;;
2026/03/30;2000 UTC;;;;;;;;;;;;;;;;;;
2026/03/30;2100 UTC;;;;;;;;;;;;;;;;;;
2026/03/30;2200 UTC;;;;;;;;;;;;;;;;;;
2026/03/30;2300 UTC;;;;;;;;;;;;;;;;;;
2026/03/31;0000 UTC;;;;;;;;;;;;;;;;;;
2026/03/31;0100 UTC;;;;;;;;;;;;;;;;;;
2026/03/31;0200 UTC;;;;;;;;;;;;;;;;;;
2026/03/31;0300 UTC;;;;;;;;;;;;;;;;;;
2026/03/31;0400 UTC;;;;;;;;;;;;;;;;;;
2026/03/31;0500 UTC;;;;;;;;;;;;;;;;;;
2026/03/31;0600 UTC;;;;;;;;;;;;;;;;;;
2026/03/31;0700 UTC;;;;;;;;;;;;;;;;;;
2026/03/31;0800 UTC;;;;;;;;;;;;;;;;;;
2026/03/31;0900 UTC;;;;;;;;;;;;;;;;;;
2026/03/31;1000 UTC;;;;;;;;;;;;;;;;;;
2026/03/31;1100 UTC;;;;;;;;;;;;;;;;;;
2026/03/31;1200 UTC;;;;;;;;;;;;;;;;;;
2026/03/31;1300 UTC;;;;;;;;;;;;;;;;;;
2026/03/31;1400 UTC;;;;;;;;;;;;;;;;;;
2026/03/31;1500 UTC;;;;;;;;;;;;;;;;;;
2026/03/31;1600 UTC;;;;;;;;;;;;;;;;;;
2026/03/31;1700 UTC;;;;;;;;;;;;;;;;;;
2026/03/31;1800 UTC;;;;;;;;;;;;;;;;;;
2026/03/31;1900 UTC;;;;;;;;;;;;;;;;;;
2026/03/31;2000 UTC;;;;;;;;;;;;;;;;;;
2026/03/31;2100 UTC;;;;;;;;;;;;;;;;;;
2026/03/31;2200 UTC;;;;;;;;;;;;;;;;;;
2026/03/31;2300 UTC;;;;;;;;;;;;;;;;;;
2026/04/01;0000 UTC;;;;;;;;;;;;;;;;;;
2026/04/01;0100 UTC;;;;;;;;;;;;;;;;;;
2026/04/01;0200 UTC;;;;;;;;;;;;;;;;;;
2026/04/01;0300 UTC;;;;;;;;;;;;;;;;;;
2026/04/01;0400 UTC;;;;;;;;;;;;;;;;;;
2026/04/01;0500 UTC;;;;;;;;;;;;;;;;;;
2026/04/01;0600 UTC;;;;;;;;;;;;;;;;;;
2026/04/01;0700 UTC;;;;;;;;;;;;;;;;;;
2026/04/01;0800 UTC;;;;;;;;;;;;;;;;;;
2026/04/01;0900 UTC;;;;;;;;;;;;;;;;;;
2026/04/01;1000 UTC;;;;;;;;;;;;;;;;;;
2026/04/01;1100 UTC;;;;;;;;;;;;;;;;;;
2026/04/01;1200 UTC;;;;;;;;;;;;;;;;;;
2026/04/01;1300 UTC;;;;;;;;;;;;;;;;;;
2026/04/01;1400 UTC;;;;;;;;;;;;;;;;;;
2026/04/01;1500 UTC;;;;;;;;;;;;;;;;;;
2026/04/01;1600 UTC;;;;;;;;;;;;;;;;;;
2026/04/01;1700 UTC;;;;;;;;;;;;;;;;;;
2026/04/01;1800 UTC;;;;;;;;;;;;;;;;;;
2026/04/01;1900 UTC;;;;;;;;;;;;;;;;;;
2026/04/01;2000 UTC;;;;;;;;;;;;;;;;;;
2026/04/01;2100 UTC;;;;;;;;;;;;;;;;;;
2026/04/01;2200 UTC;;;;;;;;;;;;;;;;;;
2026/04/01;2300 UTC;;;;;;;;;;;;;;;;;;
2026/04/02;0000 UTC;;;;;;;;;;;;;;;;;;
2026/04/02;0100 UTC;;;;;;;;;;;;;;;;;;
2026/04/02;0200 UTC;;;;;;;;;;;;;;;;;;
2026/04/02;0300 UTC;;;;;;;;;;;;;;;;;;
2026/04/02;0400 UTC;;;;;;;;;;;;;;;;;;
2026/04/02;0500 UTC;;;;;;;;;;;;;;;;;;
2026/04/02;0600 UTC;;;;;;;;;;;;;;;;;;
2026/04/02;0700 UTC;;;;;;;;;;;;;;;;;;
2026/04/02;0800 UTC;;;;;;;;;;;;;;;;;;
2026/04/02;0900 UTC;;;;;;;;;;;;;;;;;;
2026/04/02;1000 UTC;;;;;;;;;;;;;;;;;;
2026/04/02;1100 UTC;;;;;;;;;;;;;;;;;;
2026/04/02;1200 UTC;;;;;;;;;;;;;;;;;;
2026/04/02;1300 UTC;;;;;;;;;;;;;;;;;;
2026/04/02;1400 UTC;;;;;;;;;;;;;;;;;;
2026/04/02;1500 UTC;;;;;;;;;;;;;;;;;;
2026/04/02;1600 UTC;;;;;;;;;;;;;;;;;;
2026/04/02;1700 UTC;;;;;;;;;;;;;;;;;;
2026/04/02;1800 UTC;;;;;;;;;;;;;;;;;;
2026/04/02;1900 UTC;;;;;;;;;;;;;;;;;;
2026/04/02;2000 UTC;;;;;;;;;;;;;;;;;;
2026/04/02;2100 UTC;;;;;;;;;;;;;;;;;;
2026/04/02;2200 UTC;;;;;;;;;;;;;;;;;;
2026/04/02;2300 UTC;;;;;;;;;;;;;;;;;;
2026/04/03;0000 UTC;;;;;;;;;;;;;;;;;;
2026/04/03;0100 UTC;;;;;;;;;;;;;;;;;;
2026/04/03;0200 UTC;;;;;;;;;;;;;;;;;;
2026/04/03;0300 UTC;;;;;;;;;;;;;;;;;;
2026/04/03;0400 UTC;;;;;;;;;;;;;;;;;;
2026/04/03;0500 UTC;;;;;;;;;;;;;;;;;;
2026/04/03;0600 UTC;;;;;;;;;;;;;;;;;;
2026/04/03;0700 UTC;;;;;;;;;;;;;;;;;;
2026/04/03;0800 UTC;;;;;;;;;;;;;;;;;;
2026/04/03;0900 UTC;;;;;;;;;;;;;;;;;;
2026/04/03;1000 UTC;;;;;;;;;;;;;;;;;;
2026/04/03;1100 UTC;;;;;;;;;;;;;;;;;;
2026/04/03;1200 UTC;;;;;;;;;;;;;;;;;;
2026/04/03;1300 UTC;;;;;;;;;;;;;;;;;;
2026/04/03;1400 UTC;;;;;;;;;;;;;;;;;;
2026/04/03;1500 UTC;;;;;;;;;;;;;;;;;;
2026/04/03;1600 UTC;;;;;;;;;;;;;;;;;;
2026/04/03;1700 UTC;;;;;;;;;;;;;;;;;;
2026/04/03;1800 UTC;;;;;;;;;;;;;;;;;;
2026/04/03;1900 UTC;;;;;;;;;;;;;;;;;;
2026/04/03;2000 UTC;;;;;;;;;;;;;;;;;;
2026/04/03;2100 UTC;;;;;;;;;;;;;;;;;;
2026/04/03;2200 UTC;;;;;;;;;;;;;;;;;;
2026/04/03;2300 UTC;;;;;;;;;;;;;;;;;;
2026/04/04;0000 UTC;;;;;;;;;;;;;;;;;;
2026/04/04;0100 UTC;;;;;;;;;;;;;;;;;;
2026/04/04;0200 UTC;;;;;;;;;;;;;;;;;;
2026/04/04;0300 UTC;;;;;;;;;;;;;;;;;;
2026/04/04;0400 UTC;;;;;;;;;;;;;;;;;;
2026/04/04;0500 UTC;;;;;;;;;;;;;;;;;;
2026/04/04;0600 UTC;;;;;;;;;;;;;;;;;;
2026/04/04;0700 UTC;;;;;;;;;;;;;;;;;;
2026/04/04;0800 UTC;;;;;;;;;;;;;;;;;;
2026/04/04;0900 UTC;;;;;;;;;;;;;;;;;;
2026/04/04;1000 UTC;;;;;;;;;;;;;;;;;;
2026/04/04;1100 UTC;;;;;;;;;;;;;;;;;;
2026/04/04;1200 UTC;;;;;;;;;;;;;;;;;;
2026/04/04;1300 UTC;;;;;;;;;;;;;;;;;;
2026/04/04;1400 UTC;;;;;;;;;;;;;;;;;;
2026/04/04;1500 UTC;;;;;;;;;;;;;;;;;;
2026/04/04;1600 UTC;;;;;;;;;;;;;;;;;;
2026/04/04;1700 UTC;;;;;;;;;;;;;;;;;;
2026/04/04;1800 UTC;;;;;;;;;;;;;;;;;;
2026/04/04;1900 UTC;;;;;;;;;;;;;;;;;;
2026/04/04;2000 UTC;;;;;;;;;;;;;;;;;;
2026/04/04;2100 UTC;;;;;;;;;;;;;;;;;;
2026/04/04;2200 UTC;;;;;;;;;;;;;;;;;;
2026/04/04;2300 UTC;;;;;;;;;;;;;;;;;;
2026/04/05;0000 UTC;;;;;;;;;;;;;;;;;;
2026/04/05;0100 UTC;;;;;;;;;;;;;;;;;;
2026/04/05;0200 UTC;;;;;;;;;;;;;;;;;;
2026/04/05;0300 UTC;;;;;;;;;;;;;;;;;;
2026/04/05;0400 UTC;;;;;;;;;;;;;;;;;;
2026/04/05;0500 UTC;;;;;;;;;;;;;;;;;;
2026/04/05;0600 UTC;;;;;;;;;;;;;;;;;;
2026/04/05;0700 UTC;;;;;;;;;;;;;;;;;;
2026/04/05;0800 UTC;;;;;;;;;;;;;;;;;;
2026/04/05;0900 UTC;;;;;;;;;;;;;;;;;;
2026/04/05;1000 UTC;;;;;;;;;;;;;;;;;;
2026/04/05;1100 UTC;;;;;;;;;;;;;;;;;;
2026/04/05;1200 UTC;;;;;;;;;;;;;;;;;;
2026/04/05;1300 UTC;;;;;;;;;;;;;;;;;;
2026/04/05;1400 UTC;;;;;;;;;;;;;;;;;;
2026/04/05;1500 UTC;;;;;;;;;;;;;;;;;;
2026/04/05;1600 UTC;;;;;;;;;;;;;;;;;;
2026/04/05;1700 UTC;;;;;;;;;;;;;;;;;;
2026/04/05;1800 UTC;;;;;;;;;;;;;;;;;;
2026/04/05;1900 UTC;;;;;;;;;;;;;;;;;;
2026/04/05;2000 UTC;;;;;;;;;;;;;;;;;;
2026/04/05;2100 UTC;;;;;;;;;;;;;;;;;;
2026/04/05;2200 UTC;;;;;;;;;;;;;;;;;;
2026/04/05;2300 UTC;;;;;;;;;;;;;;;;;;
2026/04/06;0000 UTC;;;;;;;;;;;;;;;;;;
2026/04/06;0100 UTC;;;;;;;;;;;;;;;;;;
2026/04/06;0200 UTC;;;;;;;;;;;;;;;;;;
2026/04/06;0300 UTC;;;;;;;;;;;;;;;;;;
2026/04/06;0400 UTC;;;;;;;;;;;;;;;;;;
2026/04/06;0500 UTC;;;;;;;;;;;;;;;;;;
2026/04/06;0600 UTC;;;;;;;;;;;;;;;;;;
2026/04/06;0700 UTC;;;;;;;;;;;;;;;;;;
2026/04/06;0800 UTC;;;;;;;;;;;;;;;;;;
2026/04/06;0900 UTC;;;;;;;;;;;;;;;;;;
2026/04/06;1000 UTC;;;;;;;;;;;;;;;;;;
2026/04/06;1100 UTC;;;;;;;;;;;;;;;;;;
2026/04/06;1200 UTC;;;;;;;;;;;;;;;;;;
2026/04/06;1300 UTC;;;;;;;;;;;;;;;;;;
2026/04/06;1400 UTC;;;;;;;;;;;;;;;;;;
2026/04/06;1500 UTC;;;;;;;;;;;;;;;;;;
2026/04/06;1600 UTC;;;;;;;;;;;;;;;;;;
2026/04/06;1700 UTC;;;;;;;;;;;;;;;;;;
2026/04/06;1800 UTC;;;;;;;;;;;;;;;;;;
2026/04/06;1900 UTC;;;;;;;;;;;;;;;;;;
2026/04/06;2000 UTC;;;;;;;;;;;;;;;;;;
2026/04/06;2100 UTC;;;;;;;;;;;;;;;;;;
2026/04/06;2200 UTC;;;;;;;;;;;;;;;;;;
2026/04/06;2300 UTC;;;;;;;;;;;;;;;;;;
2026/04/07;0000 UTC;;;;;;;;;;;;;;;;;;
2026/04/07;0100 UTC;;;;;;;;;;;;;;;;;;
2026/04/07;0200 UTC;;;;;;;;;;;;;;;;;;
2026/04/07;0300 UTC;;;;;;;;;;;;;;;;;;
2026/04/07;0400 UTC;;;;;;;;;;;;;;;;;;
2026/04/07;0500 UTC;;;;;;;;;;;;;;;;;;
2026/04/07;0600 UTC;;;;;;;;;;;;;;;;;;
2026/04/07;0700 UTC;;;;;;;;;;;;;;;;;;
2026/04/07;0800 UTC;;;;;;;;;;;;;;;;;;
2026/04/07;0900 UTC;;;;;;;;;;;;;;;;;;
2026/04/07;1000 UTC;;;;;;;;;;;;;;;;;;
2026/04/07;1100 UTC;;;;;;;;;;;;;;;;;;
2026/04/07;1200 UTC;;;;;;;;;;;;;;;;;;
2026/04/07;1300 UTC;;;;;;;;;;;;;;;;;;
2026/04/07;1400 UTC;;;;;;;;;;;;;;;;;;
2026/04/07;1500 UTC;;;;;;;;;;;;;;;;;;
2026/04/07;1600 UTC;;;;;;;;;;;;;;;;;;
2026/04/07;1700 UTC;;;;;;;;;;;;;;;;;;
2026/04/07;1800 UTC;;;;;;;;;;;;;;;;;;
2026/04/07;1900 UTC;;;;;;;;;;;;;;;;;;
2026/04/07;2000 UTC;;;;;;;;;;;;;;;;;;
2026/04/07;2100 UTC;;;;;;;;;;;;;;;;;;
2026/04/07;2200 UTC;;;;;;;;;;;;;;;;;;
2026/04/07;2300 UTC;;;;;;;;;;;;;;;;;;
2026/04/08;0000 UTC;;;;;;;;;;;;;;;;;;
2026/04/08;0100 UTC;;;;;;;;;;;;;;;;;;
2026/04/08;0200 UTC;;;;;;;;;;;;;;;;;;
2026/04/08;0300 UTC;;;;;;;;;;;;;;;;;;
2026/04/08;0400 UTC;;;;;;;;;;;;;;;;;;
2026/04/08;0500 UTC;;;;;;;;;;;;;;;;;;
2026/04/08;0600 UTC;;;;;;;;;;;;;;;;;;
2026/04/08;0700 UTC;;;;;;;;;;;;;;;;;;
2026/04/08;0800 UTC;;;;;;;;;;;;;;;;;;
2026/04/08;0900 UTC;;;;;;;;;;;;;;;;;;
2026/04/08;1000 UTC;;;;;;;;;;;;;;;;;;
2026/04/08;1100 UTC;;;;;;;;;;;;;;;;;;
2026/04/08;1200 UTC;;;;;;;;;;;;;;;;;;
2026/04/08;1300 UTC;;;;;;;;;;;;;;;;;;
2026/04/08;1400 UTC;;;;;;;;;;;;;;;;;;
2026/04/08;1500 UTC;;;;;;;;;;;;;;;;;;
2026/04/08;1600 UTC;;;;;;;;;;;;;;;;;;
2026/04/08;1700 UTC;;;;;;;;;;;;;;;;;;
2026/04/08;1800 UTC;;;;;;;;;;;;;;;;;;
2026/04/08;1900 UTC;;;;;;;;;;;;;;;;;;
2026/04/08;2000 UTC;;;;;;;;;;;;;;;;;;
2026/04/08;2100 UTC;;;;;;;;;;;;;;;;;;
2026/04/08;2200 UTC;;;;;;;;;;;;;;;;;;
2026/04/08;2300 UTC;;;;;;;;;;;;;;;;;;
2026/04/09;0000 UTC;;;;;;;;;;;;;;;;;;
2026/04/09;0100 UTC;;;;;;;;;;;;;;;;;;
2026/04/09;0200 UTC;;;;;;;;;;;;;;;;;;
2026/04/09;0300 UTC;;;;;;;;;;;;;;;;;;
2026/04/09;0400 UTC;;;;;;;;;;;;;;;;;;
2026/04/09;0500 UTC;;;;;;;;;;;;;;;;;;
2026/04/09;0600 UTC;;;;;;;;;;;;;;;;;;
2026/04/09;0700 UTC;;;;;;;;;;;;;;;;;;
2026/04/09;0800 UTC;;;;;;;;;;;;;;;;;;
2026/04/09;0900 UTC;;;;;;;;;;;;;;;;;;
2026/04/09;1000 UTC;;;;;;;;;;;;;;;;;;
2026/04/09;1100 UTC;;;;;;;;;;;;;;;;;;
2026/04/09;1200 UTC;;;;;;;;;;;;;;;;;;
2026/04/09;1300 UTC;;;;;;;;;;;;;;;;;;
2026/04/09;1400 UTC;;;;;;;;;;;;;;;;;;
2026/04/09;1500 UTC;;;;;;;;;;;;;;;;;;
2026/04/09;1600 UTC;;;;;;;;;;;;;;;;;;
2026/04/09;1700 UTC;;;;;;;;;;;;;;;;;;
2026/04/09;1800 UTC;;;;;;;;;;;;;;;;;;
2026/04/09;1900 UTC;;;;;;;;;;;;;;;;;;
2026/04/09;2000 UTC;;;;;;;;;;;;;;;;;;
2026/04/09;2100 UTC;;;;;;;;;;;;;;;;;;
2026/04/09;2200 UTC;;;;;;;;;;;;;;;;;;
2026/04/09;2300 UTC;;;;;;;;;;;;;;;;;;
2026/04/10;0000 UTC;;;;;;;;;;;;;;;;;;
2026/04/10;0100 UTC;;;;;;;;;;;;;;;;;;
2026/04/10;0200 UTC;;;;;;;;;;;;;;;;;;
2026/04/10;0300 UTC;;;;;;;;;;;;;;;;;;
2026/04/10;0400 UTC;;;;;;;;;;;;;;;;;;
2026/04/10;0500 UTC;;;;;;;;;;;;;;;;;;
2026/04/10;0600 UTC;;;;;;;;;;;;;;;;;;
2026/04/10;0700 UTC;;;;;;;;;;;;;;;;;;
2026/04/10;0800 UTC;;;;;;;;;;;;;;;;;;
2026/04/10;0900 UTC;;;;;;;;;;;;;;;;;;
2026/04/10;1000 UTC;;;;;;;;;;;;;;;;;;
2026/04/10;1100 UTC;;;;;;;;;;;;;;;;;;
2026/04/10;1200 UTC;;;;;;;;;;;;;;;;;;
2026/04/10;1300 UTC;;;;;;;;;;;;;;;;;;
2026/04/10;1400 UTC;;;;;;;;;;;;;;;;;;
2026/04/10;1500 UTC;;;;;;;;;;;;;;;;;;
2026/04/10;1600 UTC;;;;;;;;;;;;;;;;;;
2026/04/10;1700 UTC;;;;;;;;;;;;;;;;;;
2026/04/10;1800 UTC;;;;;;;;;;;;;;;;;;
2026/04/10;1900 UTC;;;;;;;;;;;;;;;;;;
2026/04/10;2000 UTC;;;;;;;;;;;;;;;;;;
2026/04/10;2100 UTC;;;;;;;;;;;;;;;;;;
2026/04/10;2200 UTC;;;;;;;;;;;;;;;;;;
2026/04/10;2300 UTC;;;;;;;;;;;;;;;;;;
2026/04/11;0000 UTC;;;;;;;;;;;;;;;;;;
2026/04/11;0100 UTC;;;;;;;;;;;;;;;;;;
2026/04/11;0200 UTC;;;;;;;;;;;;;;;;;;
2026/04/11;0300 UTC;;;;;;;;;;;;;;;;;;
2026/04/11;0400 UTC;;;;;;;;;;;;;;;;;;
2026/04/11;0500 UTC;;;;;;;;;;;;;;;;;;
2026/04/11;0600 UTC;;;;;;;;;;;;;;;;;;
2026/04/11;0700 UTC;;;;;;;;;;;;;;;;;;
2026/04/11;0800 UTC;;;;;;;;;;;;;;;;;;
2026/04/11;0900 UTC;;;;;;;;;;;;;;;;;;
2026/04/11;1000 UTC;;;;;;;;;;;;;;;;;;
2026/04/11;1100 UTC;;;;;;;;;;;;;;;;;;
2026/04/11;1200 UTC;;;;;;;;;;;;;;;;;;
2026/04/11;1300 UTC;;;;;;;;;;;;;;;;;;
2026/04/11;1400 UTC;;;;;;;;;;;;;;;;;;
2026/04/11;1500 UTC;;;;;;;;;;;;;;;;;;
2026/04/11;1600 UTC;;;;;;;;;;;;;;;;;;
2026/04/11;1700 UTC;;;;;;;;;;;;;;;;;;
2026/04/11;1800 UTC;;;;;;;;;;;;;;;;;;
2026/04/11;1900 UTC;;;;;;;;;;;;;;;;;;
2026/04/11;2000 UTC;;;;;;;;;;;;;;;;;;
2026/04/11;2100 UTC;;;;;;;;;;;;;;;;;;
2026/04/11;2200 UTC;;;;;;;;;;;;;;;;;;
2026/04/11;2300 UTC;;;;;;;;;;;;;;;;;;
2026/04/12;0000 UTC;;;;;;;;;;;;;;;;;;
2026/04/12;0100 UTC;;;;;;;;;;;;;;;;;;
2026/04/12;0200 UTC;;;;;;;;;;;;;;;;;;
2026/04/12;0300 UTC;;;;;;;;;;;;;;;;;;
2026/04/12;0400 UTC;;;;;;;;;;;;;;;;;;
2026/04/12;0500 UTC;;;;;;;;;;;;;;;;;;
2026/04/12;0600 UTC;;;;;;;;;;;;;;;;;;
2026/04/12;0700 UTC;;;;;;;;;;;;;;;;;;
2026/04/12;0800 UTC;;;;;;;;;;;;;;;;;;
2026/04/12;0900 UTC;;;;;;;;;;;;;;;;;;
2026/04/12;1000 UTC;;;;;;;;;;;;;;;;;;
2026/04/12;1100 UTC;;;;;;;;;;;;;;;;;;
2026/04/12;1200 UTC;;;;;;;;;;;;;;;;;;
2026/04/12;1300 UTC;;;;;;;;;;;;;;;;;;
2026/04/12;1400 UTC;;;;;;;;;;;;;;;;;;
2026/04/12;1500 UTC;;;;;;;;;;;;;;;;;;
2026/04/12;1600 UTC;;;;;;;;;;;;;;;;;;
2026/04/12;1700 UTC;;;;;;;;;;;;;;;;;;
2026/04/12;1800 UTC;;;;;;;;;;;;;;;;;;
2026/04/12;1900 UTC;;;;;;;;;;;;;;;;;;
2026/04/12;2000 UTC;;;;;;;;;;;;;;;;;;
2026/04/12;2100 UTC;;;;;;;;;;;;;;;;;;
2026/04/12;2200 UTC;;;;;;;;;;;;;;;;;;
2026/04/12;2300 UTC;;;;;;;;;;;;;;;;;;
2026/04/13;0000 UTC;;;;;;;;;;;;;;;;;;
2026/04/13;0100 UTC;;;;;;;;;;;;;;;;;;
2026/04/13;0200 UTC;;;;;;;;;;;;;;;;;;
2026/04/13;0300 UTC;;;;;;;;;;;;;;;;;;
2026/04/13;0400 UTC;;;;;;;;;;;;;;;;;;
2026/04/13;0500 UTC;;;;;;;;;;;;;;;;;;
2026/04/13;0600 UTC;;;;;;;;;;;;;;;;;;
2026/04/13;0700 UTC;;;;;;;;;;;;;;;;;;
2026/04/13;0800 UTC;;;;;;;;;;;;;;;;;;
2026/04/13;0900 UTC;;;;;;;;;;;;;;;;;;
2026/04/13;1000 UTC;;;;;;;;;;;;;;;;;;
2026/04/13;1100 UTC;;;;;;;;;;;;;;;;;;
2026/04/13;1200 UTC;;;;;;;;;;;;;;;;;;
2026/04/13;1300 UTC;;;;;;;;;;;;;;;;;;
2026/04/13;1400 UTC;;;;;;;;;;;;;;;;;;
2026/04/13;1500 UTC;;;;;;;;;;;;;;;;;;
2026/04/13;1600 UTC;;;;;;;;;;;;;;;;;;
2026/04/13;1700 UTC;;;;;;;;;;;;;;;;;;
2026/04/13;1800 UTC;;;;;;;;;;;;;;;;;;
2026/04/13;1900 UTC;;;;;;;;;;;;;;;;;;
2026/04/13;2000 UTC;;;;;;;;;;;;;;;;;;
2026/04/13;2100 UTC;;;;;;;;;;;;;;;;;;
2026/04/13;2200 UTC;;;;;;;;;;;;;;;;;;
2026/04/13;2300 UTC;;;;;;;;;;;;;;;;;;
2026/04/14;0000 UTC;;;;;;;;;;;;;;;;;;
2026/04/14;0100 UTC;;;;;;;;;;;;;;;;;;
2026/04/14;0200 UTC;;;;;;;;;;;;;;;;;;
2026/04/14;0300 UTC;;;;;;;;;;;;;;;;;;
2026/04/14;0400 UTC;;;;;;;;;;;;;;;;;;
2026/04/14;0500 UTC;;;;;;;;;;;;;;;;;;
2026/04/14;0600 UTC;;;;;;;;;;;;;;;;;;
2026/04/14;0700 UTC;;;;;;;;;;;;;;;;;;
2026/04/14;0800 UTC;;;;;;;;;;;;;;;;;;
2026/04/14;0900 UTC;;;;;;;;;;;;;;;;;;
2026/04/14;1000 UTC;;;;;;;;;;;;;;;;;;
2026/04/14;1100 UTC;;;;;;;;;;;;;;;;;;
2026/04/14;1200 UTC;;;;;;;;;;;;;;;;;;
2026/04/14;1300 UTC;;;;;;;;;;;;;;;;;;
2026/04/14;1400 UTC;;;;;;;;;;;;;;;;;;
2026/04/14;1500 UTC;;;;;;;;;;;;;;;;;;
2026/04/14;1600 UTC;;;;;;;;;;;;;;;;;;
2026/04/14;1700 UTC;;;;;;;;;;;;;;;;;;
2026/04/14;1800 UTC;;;;;;;;;;;;;;;;;;
2026/04/14;1900 UTC;;;;;;;;;;;;;;;;;;
2026/04/14;2000 UTC;;;;;;;;;;;;;;;;;;
2026/04/14;2100 UTC;;;;;;;;;;;;;;;;;;
2026/04/14;2200 UTC;;;;;;;;;;;;;;;;;;
2026/04/14;2300 UTC;;;;;;;;;;;;;;;;;;
2026/04/15;0000 UTC;;;;;;;;;;;;;;;;;;
2026/04/15;0100 UTC;;;;;;;;;;;;;;;;;;
2026/04/15;0200 UTC;;;;;;;;;;;;;;;;;;
2026/04/15;0300 UTC;;;;;;;;;;;;;;;;;;
2026/04/15;0400 UTC;;;;;;;;;;;;;;;;;;
2026/04/15;0500 UTC;;;;;;;;;;;;;;;;;;
2026/04/15;0600 UTC;;;;;;;;;;;;;;;;;;
2026/04/15;0700 UTC;;;;;;;;;;;;;;;;;;
2026/04/15;0800 UTC;;;;;;;;;;;;;;;;;;
2026/04/15;0900 UTC;;;;;;;;;;;;;;;;;;
2026/04/15;1000 UTC;;;;;;;;;;;;;;;;;;
2026/04/15;1100 UTC;;;;;;;;;;;;;;;;;;
2026/04/15;1200 UTC;;;;;;;;;;;;;;;;;;
2026/04/15;1300 UTC;;;;;;;;;;;;;;;;;;
2026/04/15;1400 UTC;;;;;;;;;;;;;;;;;;
2026/04/15;1500 UTC;;;;;;;;;;;;;;;;;;
2026/04/15;1600 UTC;;;;;;;;;;;;;;;;;;
2026/04/15;1700 UTC;;;;;;;;;;;;;;;;;;
2026/04/15;1800 UTC;;;;;;;;;;;;;;;;;;
2026/04/15;1900 UTC;;;;;;;;;;;;;;;;;;
2026/04/15;2000 UTC;;;;;;;;;;;;;;;;;;
2026/04/15;2100 UTC;;;;;;;;;;;;;;;;;;
2026/04/15;2200 UTC;;;;;;;;;;;;;;;;;;
2026/04/15;2300 UTC;;;;;;;;;;;;;;;;;;
2026/04/16;0000 UTC;;;;;;;;;;;;;;;;;;
2026/04/16;0100 UTC;;;;;;;;;;;;;;;;;;
2026/04/16;0200 UTC;;;;;;;;;;;;;;;;;;
2026/04/16;0300 UTC;;;;;;;;;;;;;;;;;;
2026/04/16;0400 UTC;;;;;;;;;;;;;;;;;;
2026/04/16;0500 UTC;;;;;;;;;;;;;;;;;;
2026/04/16;0600 UTC;;;;;;;;;;;;;;;;;;
2026/04/16;0700 UTC;;;;;;;;;;;;;;;;;;
2026/04/16;0800 UTC;;;;;;;;;;;;;;;;;;
2026/04/16;0900 UTC;;;;;;;;;;;;;;;;;;
2026/04/16;1000 UTC;;;;;;;;;;;;;;;;;;
2026/04/16;1100 UTC;;;;;;;;;;;;;;;;;;
2026/04/16;1200 UTC;;;;;;;;;;;;;;;;;;
2026/04/16;1300 UTC;;;;;;;;;;;;;;;;;;
2026/04/16;1400 UTC;0;1011,7;1012,3;1011,7;2725,5;28,2;20,5;;;;;70;52;63;270;4,5;,7;
2026/04/16;1500 UTC;,2;1010,5;1011,7;1010,5;2560,1;27,7;19,8;29,1;27,4;21,1;19;65;55;62;251;3,6;1,6;
2026/04/16;1600 UTC;0;1009,6;1010,5;1009,6;2639,8;29,5;20;29,7;27,3;20,8;18,8;66;53;57;256;3,9;1,6;
2026/04/16;1700 UTC;0;1008,8;1009,6;1008,8;2076,5;29,4;20,4;29,5;27,6;21,6;19,3;68;56;58;236;5,1;1,5;
2026/04/16;1800 UTC;0;1008,1;1008,8;1008,1;1294,4;29,2;20,5;29,6;26,9;21,9;19,7;75;57;60;241;3,9;1,4;
2026/04/16;1900 UTC;0;1008,2;1008,3;1008;777;26,6;22;29,2;26,5;22,5;19,9;78;58;76;240;3,9;,8;
2026/04/16;2000 UTC;0;1008,7;1008,7;1008,2;193,5;26,1;21;26,6;25,8;22,1;21;80;72;74;257;4,2;,7;
2026/04/16;2100 UTC;0;1008,9;1008,9;1008,7;53,6;23,2;21,7;26,1;23,2;21,7;20,9;91;73;91;234;4,3;0;
2026/04/16;2200 UTC;0;1009,2;1009,2;1008,9;0;22,4;22;23,8;22,4;22,1;21,3;97;87;97;236;1,8;0;
2026/04/16;2300 UTC;0;1009,7;1009,8;1009,3;0;21,7;21,7;22,4;21,7;22;21,7;100;97;100;244;,9;0;
2026/04/17;0000 UTC;0;1010,3;1010,3;1009,7;0;21,9;21,9;22;21,7;22;21,7;100;100;100;231;,9;0;
2026/04/17;0100 UTC;0;1010,1;1010,4;1010,1;0;22,2;22,2;22,3;21,9;22,2;21,9;100;100;100;237;,6;0;
2026/04/17;0200 UTC;0;1009,6;1010,1;1009,6;0;21,5;21,5;22,3;21,5;22,3;21,5;100;100;100;231;1,3;,1;
2026/04/17;0300 UTC;0;1008,9;1009,6;1008,9;0;21,4;21,4;21,6;21,2;21,6;21,2;100;100;100;296;,6;0;
2026/04/17;0400 UTC;0;1008,4;1008,9;1008,4;0;20,8;20,8;21,5;20,7;21,5;20,7;100;100;100;252;,7;0;
2026/04/17;0500 UTC;0;1008,4;1008,6;1008,3;0;20,3;20,3;20,8;20,3;20,8;20,3;100;100;100;233;,7;0;
2026/04/17;0600 UTC;0;1008;1008,4;1008;0;20,2;20,2;20,5;20,2;20,5;20,2;100;100;100;235;,8;0;
2026/04/17;0700 UTC;0;1008,2;1008,2;1008;0;20,8;20,8;20,8;20,1;20,8;20,1;100;100;100;249;1,4;,2;
2026/04/17;0800 UTC;0;1008;1008,2;1008;0;20,4;20,4;20,8;20,4;20,8;20,4;100;100;100;231;1,4;,3;
2026/04/17;0900 UTC;0;1008,2;1008,2;1007,9;0;19,6;19,6;20,4;19,6;20,4;19,6;100;100;100;231;1,4;0;
2026/04/17;1000 UTC;0;1009,1;1009,1;1008,2;69,7;19,7;19,7;19,7;19,3;19,7;19,3;100;100;100;243;1,1;,2;
2026/04/17;1100 UTC;0;1009,4;1009,4;1009;579,4;23,1;20,6;23,4;19,7;21,7;19,7;100;85;86;267;1,2;,1;
2026/04/17;1200 UTC;0;1009,4;1009,5;1009,4;1627,4;25,5;20,8;25,6;23,1;21,5;19,9;88;75;75;274;1,5;,5;
2026/04/17;1300 UTC;0;1008,9;1009,5;1008,9;2306,6;27,2;20,4;27,5;25,5;22,1;20,4;78;66;66;294;2,7;1,1;
2026/04/17;1400 UTC;0;1007,9;1008,9;1007,9;2787,7;28,3;21,7;28,7;26,9;22,1;20,4;70;65;67;295;3,8;1,7;
2026/04/17;1500 UTC;0;1007;1008;1007;3014,7;29,7;21,2;30;28,3;22,6;20,7;68;58;60;298;4,2;1,8;
2026/04/17;1600 UTC;0;1005,8;1007;1005,8;2962,5;31,4;21,7;31,4;29,7;22;20,1;62;54;57;298;3,5;1,4;
2026/04/17;1700 UTC;0;1004,9;1005,8;1004,9;2654,3;31,8;21,1;32,1;30,6;21,9;19,4;57;48;53;253;3,1;1,1;
2026/04/17;1800 UTC;0;1004,1;1004,9;1004,1;2175,3;32,3;20,2;32,5;31,7;20,9;18,6;53;44;49;287;4,1;,8;
2026/04/17;1900 UTC;0;1004,1;1004,2;1004,1;1467,9;30,8;21,7;32,8;30,7;22,1;18,8;59;45;59;237;4,2;1,6;
2026/04/17;2000 UTC;0;1004,7;1004,7;1004,1;645,9;28,4;22,5;30,9;28,4;22,6;21,5;70;58;70;231;4,9;2,2;
2026/04/17;2100 UTC;0;1004,9;1005;1004,7;58,1;24,8;22,6;28,8;24,8;22,8;21,9;88;67;88;256;4,9;,1;
2026/04/17;2200 UTC;0;1005,8;1005,8;1004,9;0;23,3;23;24,8;23,1;23,1;22,6;99;88;98;234;1,1;,2;
2026/04/17;2300 UTC;0;1006,7;1006,7;1005,8;0;22,6;22,6;23,3;22,4;23;22,4;100;98;100;237;1,1;0;
2026/04/18;0000 UTC;0;1007;1007,1;1006,7;0;21,9;21,9;22,5;21,9;22,5;21,9;100;100;100;231;1,2;0;
2026/04/18;0100 UTC;0;1006,9;1007,1;1006,9;0;21,2;21,2;21,9;21,2;21,9;21,2;100;100;100;234;,8;0;
2026/04/18;0200 UTC;0;1007,2;1007,3;1006,9;0;21;21;21,4;20,8;21,4;20,9;100;100;100;235;1,1;,1;
2026/04/18;0300 UTC;0;1006,8;1007,2;1006,8;0;20,3;20,3;21,1;20,3;21,1;20,3;100;100;100;239;,9;0;
2026/04/18;0400 UTC;0;1006,1;1006,8;1006,1;0;19,9;19,9;20,4;19,9;20,4;19,9;100;100;100;272;,9;0;
2026/04/18;0500 UTC;,2;1005,4;1006,1;1005,4;0;19,4;19,4;20;19,3;20;19,3;100;100;100;236;1,1;,1;
2026/04/18;0600 UTC;0;1005;1005,4;1005;0;18,9;18,9;19,4;18,8;19,3;18,8;100;100;100;231;,7;0;
2026/04/18;0700 UTC;0;1005;1005;1004,8;0;18,5;18,5;18,9;18,3;18,9;18,3;100;100;100;231;,6;0;
2026/04/18;0800 UTC;0;1006;1006,1;1005;0;18,4;18,4;18,5;18,2;18,5;18,2;100;100;100;234;1,1;,1;
2026/04/18;0900 UTC;0;1005,4;1006;1005,3;0;18,3;18,3;19,3;18,1;19,3;18,1;100;100;100;236;3,9;,4;
2026/04/18;1000 UTC;0;1007,2;1007,2;1005,4;110,7;19,3;19,3;19,3;18;19,3;18;100;100;100;238;1,6;,1;
2026/04/18;1100 UTC;0;1007,8;1007,9;1007,2;582,5;22,8;20,9;22,8;19,3;21,2;19,4;100;89;89;271;4;1,9;
2026/04/18;1200 UTC;0;1006,4;1007,8;1006,4;1360,3;27;21,2;27;22,8;22,3;20,6;89;70;70;263;3,6;,7;
2026/04/18;1300 UTC;0;1005,7;1006,4;1005,7;1876,3;29,3;21,7;29,3;26,9;22,5;20,2;74;63;64;277;3,6;1,5;
2026/04/18;1400 UTC;0;1005,7;1005,9;1005,6;2529;29,7;20,9;29,9;29;22,3;20,4;66;58;59;253;4,8;,8;
2026/04/18;1500 UTC;0;1004,9;1005,7;1004,9;2355;30,2;21,3;30,6;29,5;23,2;20,6;65;57;59;293;3,1;,9;
2026/04/18;1600 UTC;0;1003,8;1004,9;1003,8;2790,3;31,5;21,7;31,6;29,7;22,9;20,8;62;54;56;265;2,9;,7;
2026/04/18;1700 UTC;0;1003,4;1003,8;1003,4;2629,4;32;21,6;32,8;31,4;23,4;21;60;53;54;243;3,3;,7;
2026/04/18;1800 UTC;0;1003;1003,5;1003;2021;33,3;22,7;33,3;32;23,3;21,3;57;52;54;295;2,7;1,1;
2026/04/18;1900 UTC;0;1003,1;1003,1;1003;1312,1;30,9;22,7;33,3;30,9;23,7;20,4;63;48;62;231;5;1,8;
2026/04/18;2000 UTC;0;1003,3;1003,3;1003,1;238,4;28;23,7;30,9;27,3;24,2;22,9;82;62;78;298;5;,4;
2026/04/18;2100 UTC;0;1003,6;1003,8;1003,3;17,9;25,3;24,5;28;25,2;24,6;23,6;96;78;95;243;1,4;0;
2026/04/18;2200 UTC;0;1004,1;1004,1;1003,6;0;24,1;24,1;25,9;24;24,6;24;100;91;100;238;0;0;
2026/04/18;2300 UTC;0;1004,6;1004,7;1004,1;0;23,3;23,3;24,3;23,3;24,1;23,3;100;96;100;231;2,7;,2;
2026/04/19;0000 UTC;0;1005,2;1005,3;1004,6;0;23;23;23,5;23;23,5;23;100;100;100;246;1,4;,1;
2026/04/19;0100 UTC;0;1005,7;1005,9;1005,2;0;22,5;22,5;23;22,4;22,9;22,5;100;100;100;251;1,2;,1;
2026/04/19;0200 UTC;0;1006,2;1006,2;1005,7;0;22,3;22,3;22,8;22,3;22,8;22,3;100;100;100;237;1,2;0;
2026/04/19;0300 UTC;0;1006,6;1006,7;1006,2;0;22,1;22,1;22,9;22;22,7;22;100;97;100;231;1,5;,2;
2026/04/19;0400 UTC;0;1006,7;1007;1006,4;0;22,3;22,3;22,3;21,8;22,3;21,8;100;100;100;289;1,5;,5;
2026/04/19;0500 UTC;0;1006,6;1006,7;1006,4;0;21,5;21,5;22,3;21,5;22,2;21,5;100;100;100;248;1,7;,2;
2026/04/19;0600 UTC;0;1006,6;1006,8;1006,6;0;21,5;21,5;21,6;21,5;21,6;21,5;100;100;100;236;1,2;0;
2026/04/19;0700 UTC;0;1006,9;1007;1006,6;0;21,4;21,4;21,7;21,2;21,7;21,2;100;100;100;237;1,1;,2;
2026/04/19;0800 UTC;0;1007,5;1007,5;1006,9;0;21,5;21,5;21,6;21,4;21,6;21,4;100;100;100;231;1,8;0;
2026/04/19;0900 UTC;0;1008,3;1008,3;1007,5;0;21,6;21,6;21,7;21,4;21,7;21,4;100;100;100;236;1,2;,4;
2026/04/19;1000 UTC;0;1009;1009;1008,3;93;21,7;21,7;21,8;21,5;21,8;21,5;100;100;100;236;1,3;,2;
2026/04/19;1100 UTC;0;1009,7;1009,7;1009;520,2;23,8;22,5;24,1;21,7;22,6;21,3;100;85;92;236;1,3;0;
2026/04/19;1200 UTC;0;1010,3;1010,3;1009,7;1080,3;26,9;21,6;26,9;23,8;22,5;20,8;92;70;73;287;1;0;
2026/04/19;1300 UTC;0;1010,4;1010,5;1010,3;1439,6;27,8;21,2;28,2;26,5;23,3;20,4;80;64;67;259;1,5;,2;
2026/04/19;1400 UTC;0;1009,9;1010,4;1009,9;2448,3;28,8;21,5;28,8;27,6;22,2;20,6;73;64;65;285;3,1;1,1;
2026/04/19;1500 UTC;0;1009,6;1009,9;1009,6;1153,2;27,7;21,5;29;27,7;22,6;20,8;74;61;69;253;3;,5;
2026/04/19;1600 UTC;0;1009,3;1009,6;1009,3;1164,2;28,6;21,1;28,6;27,3;22,4;20,8;74;64;64;283;3,5;,7;
2026/04/19;1700 UTC;0;1009,3;1009,3;1009,1;1055,8;27,3;22;29,3;27,3;22;20,5;73;61;73;291;4,5;,6;
2026/04/19;1800 UTC;0;1009,6;1009,6;1009,2;335,4;26,8;20,4;27,3;26,1;22,3;20,4;78;67;68;280;3,8;1,1;
2026/04/19;1900 UTC;0;1009,4;1009,7;1009,4;721,4;27,4;20,7;27,8;26,5;22,1;20,4;75;66;67;298;3,4;1,3;
2026/04/19;2000 UTC;0;1009,8;1009,8;1009,4;339,4;25,6;21,5;27,4;25,6;22,3;20,4;80;67;78;270;2,3;,4;
2026/04/19;2100 UTC;0;1010,6;1010,7;1009,8;10,3;25,1;20,3;25,6;24,7;22,2;20,2;85;74;75;237;6,1;1,3;
2026/04/19;2200 UTC;0;1011,2;1011,2;1010,6;0;24,1;19,8;25,3;24,1;20,3;19,7;78;73;77;236;5,3;1,6;
2026/04/19;2300 UTC;0;1012;1012;1011,2;0;21,3;20,9;24,1;21,3;21;19,9;97;77;97;236;3;0;
2026/04/20;0000 UTC;0;1012,6;1012,6;1012;0;21;20,9;21,4;21;21;20,7;99;97;99;231;,8;,2;
2026/04/20;0100 UTC;0;1012,7;1012,7;1012,6;0;20,3;20,3;21,1;20,3;21;20,3;100;99;100;231;,6;0;
2026/04/20;0200 UTC;0;1012,7;1012,7;1012,6;0;20,1;20,1;20,3;19,9;20,3;19,9;100;100;100;235;1,2;,2;
2026/04/20;0300 UTC;0;1012,6;1012,7;1012,5;0;19,3;19,3;20,1;19,3;20,1;19,3;100;100;100;231;1,2;0;
2026/04/20;0400 UTC;0;1012,7;1012,7;1012,6;0;18,8;18,8;19,4;18,8;19,4;18,8;100;100;100;232;1,1;0;
2026/04/20;0500 UTC;0;1012,8;1012,8;1012,7;0;18,2;18,2;19;18,1;19;18,1;100;100;100;231;,9;,1;
2026/04/20;0600 UTC;0;1013;1013;1012,8;0;17,7;17,7;18,3;17,7;18,3;17,7;100;100;100;234;1,2;,1;
2026/04/20;0700 UTC;0;1012,7;1013;1012,7;0;17,5;17,5;17,9;17,5;17,9;17,5;100;100;100;234;1,2;0;
2026/04/20;0800 UTC;,2;1012,5;1012,7;1012,5;0;17,1;17,1;17,5;17,1;17,5;17,1;100;100;100;233;1,2;0;
2026/04/20;0900 UTC;0;1013,1;1013,1;1012,4;0;16,7;16,7;17,1;16,5;17,1;16,5;100;100;100;232;1,6;,1;
2026/04/20;1000 UTC;0;1013,8;1013,8;1013,1;59,4;16,8;16,8;16,9;16,4;16,9;16,4;100;100;100;238;1,2;0;
2026/04/20;1100 UTC;0;1014,2;1014,2;1013,8;606,4;20,9;18,7;20,9;16,9;19,6;16,9;100;87;87;242;,8;,1;
2026/04/20;1200 UTC;0;1014,6;1014,6;1014,2;1650,2;25;19,2;25,1;20,9;19,9;17,7;90;68;70;285;1,1;,1;
2026/04/20;1300 UTC;0;1014,5;1014,7;1014,5;2308,2;26,6;19;26,7;25;19,9;17,6;70;58;63;250;1,6;,2;
2026/04/20;1400 UTC;0;1014;1014,5;1014;2815,9;27,8;17,7;27,8;26,5;19,1;16,6;63;52;54;252;2,9;,8;
2026/04/20;1500 UTC;0;1013;1014,1;1013;2589,4;28,2;18,1;28,8;26,2;19,2;16;63;47;54;262;3,2;1,6;
2026/04/20;1600 UTC;0;1012,4;1013;1012,4;2729,7;28,2;17;29,3;27,8;18,1;15,4;54;46;51;270;3,6;1;
2026/04/20;1700 UTC;0;1011,9;1012,4;1011,9;1911,8;28,7;15,9;29,7;25,9;19,3;15,2;67;44;46;274;4,2;,8;
2026/04/20;1800 UTC;0;1011,6;1011,9;1011,5;1266,9;28,4;18,1;29,4;26,1;20,5;16,3;71;46;54;270;5,6;1,2;
2026/04/20;1900 UTC;0;1011,7;1011,8;1011,6;859;27;18,5;28,4;26,3;20,4;18,3;69;54;60;238;4;1,3;
2026/04/20;2000 UTC;0;1012,1;1012,1;1011,6;365,6;24,6;17,8;27;24,6;18,9;17,3;67;58;66;236;4,9;2,8;
2026/04/20;2100 UTC;0;1012,8;1012,8;1012;32,9;23,2;18,7;24,7;22,9;18,9;17,7;78;65;76;239;4,9;1;
2026/04/20;2200 UTC;0;1013,4;1013,4;1012,8;0;22,6;18,9;23,7;22,6;19,2;18,2;81;72;80;261;3,7;0;
2026/04/20;2300 UTC;0;1014,2;1014,2;1013,4;0;20,9;19,5;22,6;20,9;19,8;18,8;92;79;92;238;,9;,3;
2026/04/21;0000 UTC;0;1014,5;1014,5;1014,2;0;20,4;20;21,1;20,3;20;19,6;98;92;98;236;,9;,1;
2026/04/21;0100 UTC;0;1014,5;1014,6;1014,5;0;19,8;19,8;20,5;19,7;20,1;19,7;100;98;100;231;,8;,2;
2026/04/21;0200 UTC;0;1014,4;1014,6;1014,4;0;19,3;19,3;19,8;19,2;19,7;19,2;100;100;100;231;,8;0;
2026/04/21;0300 UTC;0;1014,2;1014,4;1014,2;0;19,1;19,1;19,3;19;19,3;19;100;100;100;237;,9;,1;
2026/04/21;0400 UTC;0;1014;1014,2;1014;0;18,7;18,7;19,1;18,5;19,1;18,5;100;100;100;237;,6;0;
2026/04/21;0500 UTC;0;1013,4;1014;1013,4;0;18,2;18,2;18,8;18,2;18,8;18,2;100;100;100;236;1;,1;
2026/04/21;0600 UTC;0;1013,5;1013,5;1013,3;0;17,7;17,7;18,3;17,7;18,3;17,7;100;100;100;236;1;,1;
2026/04/21;0700 UTC;0;1013,3;1013,6;1013,3;0;17,4;17,4;17,7;17,3;17,7;17,3;100;100;100;236;1,2;0;
2026/04/21;0800 UTC;0;1013,4;1013,4;1013,1;0;17,2;17,2;17,5;17;17,5;17;100;100;100;236;1,1;0;
2026/04/21;0900 UTC;0;1014,3;1014,3;1013,4;,7;17;17;17,3;16,7;17,3;16,7;100;100;100;236;,8;0;
2026/04/21;1000 UTC;0;1014,6;1014,6;1014,3;92,3;17,9;17,9;17,9;17;17,9;17;100;100;100;251;1,2;0;
2026/04/21;1100 UTC;0;1015;1015;1014,7;540,5;21,1;19,4;21,1;17,9;19,7;17,9;100;90;90;236;1;,1;
2026/04/21;1200 UTC;0;1015,5;1015,5;1015;1578;25;19,2;25;21,1;19,8;18,3;91;69;70;239;1,3;,1;
2026/04/21;1300 UTC;0;1015,6;1015,7;1015,5;2303;26,2;18,2;26,8;24,8;20,2;18,2;71;61;61;297;3,2;1,3;
2026/04/21;1400 UTC;0;1014,8;1015,6;1014,8;2810,3;26,8;17,7;27,3;25,8;19,4;17,2;66;57;58;294;3,2;1,4;
2026/04/21;1500 UTC;0;1014;1014,8;1014;3051,9;27,8;16,8;28,3;26,7;18,9;16,7;61;51;51;267;4,6;,7;
2026/04/21;1600 UTC;0;1013,2;1014;1013,2;2392,7;27,3;16,7;28,7;27,3;19,1;16;57;48;52;236;4;,8;
2026/04/21;1700 UTC;0;1012,3;1013,2;1012,3;2412,2;29,7;17,7;29,7;26,8;19;16;61;46;49;295;2,6;1;
2026/04/21;1800 UTC;0;1012;1012,3;1011,9;1459;26,1;19;29,7;26,1;19,6;16,5;66;46;65;231;5,5;2;
2026/04/21;1900 UTC;0;1012,5;1012,5;1012;795,4;26,4;18;26,5;25,9;19,8;17,9;69;59;60;238;6,2;2,3;
2026/04/21;2000 UTC;0;1013,1;1013,1;1012,5;413,6;24,5;17,1;26,4;24,5;18,6;16,9;67;59;64;237;7,9;2,5;
2026/04/21;2100 UTC;0;1013,4;1013,4;1013,1;35,7;23,8;17,8;24,7;23,5;18,1;17;72;63;69;240;6,1;1,9;
2026/04/21;2200 UTC;0;1013,9;1013,9;1013,4;0;23,1;19,4;23,9;22,9;19,5;17,9;81;69;80;235;4,6;,8;
2026/04/21;2300 UTC;0;1014,5;1014,5;1013,9;0;21,9;20,1;23,4;21,9;20,1;19,3;90;78;90;260;3,2;,2;
2026/04/22;0000 UTC;0;1015,1;1015,1;1014,5;0;20,6;20,2;21,9;20,6;20,4;20,1;98;90;98;233;1;0;
2026/04/22;0100 UTC;0;1015;1015,2;1015;0;19,8;19,8;20,6;19,8;20,2;19,8;100;98;100;231;,9;0;
2026/04/22;0200 UTC;0;1014,9;1015;1014,9;0;19;19;19,8;19;19,8;19;100;100;100;231;,9;0;
2026/04/22;0300 UTC;0;1014,6;1015;1014,6;0;18,6;18,6;19,1;18,6;19,1;18,6;100;100;100;233;1;,1;
2026/04/22;0400 UTC;0;1014,5;1014,7;1014,5;0;18,8;18,8;18,9;18,4;18,9;18,4;100;100;100;232;1;0;
2026/04/22;0500 UTC;0;1014,2;1014,5;1014,2;0;18,4;18,4;18,8;18,3;18,8;18,3;100;100;100;231;1,7;0;
2026/04/22;0600 UTC;0;1014,3;1014,3;1014,2;0;18,4;18,4;18,4;18;18,4;18;100;100;100;247;,9;0;
2026/04/22;0700 UTC;0;1014,2;1014,4;1014,2;0;18,4;18,4;18,6;18,4;18,6;18,4;100;100;100;231;1,1;,2;
2026/04/22;0800 UTC;0;1014,5;1014,6;1014,2;0;18,7;18,7;18,8;18,4;18,8;18,4;100;100;100;241;1;,1;
2026/04/22;0900 UTC;0;1014,8;1014,8;1014,5;0;18,9;18,9;19;18,7;19;18,7;100;100;100;267;1,3;0;
2026/04/22;1000 UTC;0;1015,4;1015,4;1014,7;105;19;19;19;18,6;19;18,6;100;100;100;231;,9;,2;
2026/04/22;1100 UTC;0;1015,7;1015,7;1015,3;547,6;22,4;19,2;22,4;19;19,7;18,7;100;81;82;260;,9;,1;
2026/04/22;1200 UTC;0;1015,8;1015,9;1015,7;1556,6;24,7;18,5;24,8;22,4;19,5;18,3;82;68;69;271;1,4;,3;
2026/04/22;1300 UTC;0;1015,5;1015,8;1015,5;2241,2;26,2;17,5;26,3;24,6;19;16,8;70;57;59;273;2,5;,8;
2026/04/22;1400 UTC;0;1014,6;1015,5;1014,6;2716,8;27,4;18,4;27,9;25,8;19,3;17,3;62;56;58;287;2,8;,7;
2026/04/22;1500 UTC;0;1013,5;1014,6;1013,5;2922,8;28,1;18,9;28,6;27,2;20;18,5;63;56;58;284;3,6;1,5;
2026/04/22;1600 UTC;0;1012,7;1013,5;1012,7;2570,3;28,1;20,2;29,7;28,1;20,9;18,8;62;55;62;238;4,6;1,9;
2026/04/22;1700 UTC;0;1012,1;1012,7;1012,1;1673,7;28,4;19,6;29,5;27,7;20,6;18,7;65;55;59;235;4,1;2,3;
2026/04/22;1800 UTC;0;1011,8;1012;1011,7;2069;29,1;19,2;29,3;28,5;20,3;18;60;50;55;238;4,6;,9;
2026/04/22;1900 UTC;0;1012;1012;1011,8;996,7;27,5;19,4;29,1;26,8;20,3;17,4;67;51;61;237;4,3;1,9;
2026/04/22;2000 UTC;0;1012,5;1012,5;1012;545,1;26;19,6;27,5;26;20,2;19,2;68;61;68;237;5,9;2,3;
2026/04/22;2100 UTC;0;1013,4;1013,4;1012,5;39,5;25,1;19,5;26;24,1;20,3;19,5;78;68;71;276;5,5;,4;
2026/04/22;2200 UTC;0;1014,2;1014,2;1013,4;0;23,6;20,1;25,1;23,3;20,6;19,5;85;71;81;266;2,3;,9;
2026/04/22;2300 UTC;0;1015,3;1015,3;1014,2;0;22,8;20,8;23,8;22,8;20,9;20,2;89;81;89;233;2,3;0;
2026/04/23;0000 UTC;0;1015,6;1015,6;1015,3;0;21,4;21,4;22,8;21,4;21,5;20,9;100;89;100;240;,4;0;
2026/04/23;0100 UTC;0;1015,8;1015,9;1015,6;0;21,8;21,8;21,8;21,3;21,8;21,3;100;99;100;232;,6;0;
2026/04/23;0200 UTC;0;1015,6;1015,8;1015,5;0;21,5;21,5;21,8;21,5;21,8;21,4;100;98;100;235;1,8;0;
2026/04/23;0300 UTC;0;1015,5;1015,6;1015,5;0;21,1;21,1;21,5;21;21,5;21;100;100;100;247;,7;0;
2026/04/23;0400 UTC;0;1015;1015,5;1015;0;21;21;21,3;21;21,3;21;100;100;100;236;1,4;0;
2026/04/23;0500 UTC;0;1014,6;1015;1014,6;0;20,3;20,3;21;20,3;21;20,3;100;100;100;238;1,1;0;
2026/04/23;0600 UTC;0;1014,4;1014,6;1014,4;0;19,6;19,6;20,3;19,6;20,3;19,6;100;100;100;257;,7;0;
2026/04/23;0700 UTC;0;1014,4;1014,4;1014,3;0;19,1;19,1;19,6;19,1;19,6;19,1;100;100;100;231;1;,1;
2026/04/23;0800 UTC;0;1014,8;1014,8;1014,3;0;18,9;18,9;19,2;18,9;19,2;18,9;100;100;100;236;,8;0;
2026/04/23;0900 UTC;0;1015,3;1015,3;1014,8;0;18,7;18,7;19,2;18,7;19,2;18,7;100;100;100;263;1,3;0;
2026/04/23;1000 UTC;0;1015,9;1015,9;1015,3;79,3;19;19;19;18,6;19;18,6;100;100;100;231;,8;,1;
2026/04/23;1100 UTC;0;1016,3;1016,3;1015,8;563,7;22,1;21,1;22,1;19;21,1;19;100;93;94;232;,9;,1;
2026/04/23;1200 UTC;0;1016,8;1016,8;1016,3;1411,9;24,9;20;24,9;22,1;21;19,2;94;73;74;267;1,1;,2;
2026/04/23;1300 UTC;0;1016,8;1016,9;1016,7;2201,1;26;19,3;27,1;24,6;21,3;19,3;77;66;67;270;2,9;,6;
2026/04/23;1400 UTC;0;1016,2;1016,8;1016,2;2698,1;27,3;19,8;27,9;25,9;21,2;19,2;70;62;64;289;3,2;1,7;
2026/04/23;1500 UTC;0;1015,3;1016,2;1015,3;2748,3;27,8;19,2;28,8;27,3;21;18,9;67;57;60;255;4,1;1;
2026/04/23;1600 UTC;0;1014,3;1015,3;1014,3;1639,8;28,9;19,4;29,4;27,1;21,5;18,2;72;52;57;260;3,1;,5;
2026/04/23;1700 UTC;0;1013,6;1014,3;1013,6;1083,1;26,8;21,2;29,1;26,7;21,6;19;73;56;72;244;3,4;,4;
2026/04/23;1800 UTC;0;1013,4;1013,6;1013,4;761,9;27,3;20,7;27,8;26,3;22,4;19,8;77;62;67;231;4;,3;
2026/04/23;1900 UTC;0;1013,6;1013,7;1013,5;409,8;26,1;20,1;27,3;26;21,5;19,4;75;63;70;263;4;1;
2026/04/23;2000 UTC;0;1014;1014;1013,6;233;24,2;21,6;26,1;24,2;22;19,6;87;69;85;231;3,8;,1;
2026/04/23;2100 UTC;0;1014,3;1014,4;1014;48;22,9;22;24,3;22,9;22,2;21,5;95;85;95;233;1,1;0;
2026/04/23;2200 UTC;0;1015;1015;1014,3;0;21,6;21,5;22,9;21,6;22;21,4;99;93;99;231;,9;,1;
2026/04/23;2300 UTC;0;1015,7;1015,7;1015;0;20,9;20,9;21,6;20,9;21,4;20,9;100;99;100;231;,9;0;
2026/04/24;0000 UTC;0;1016,1;1016,2;1015,7;0;20,6;20,6;21;20,4;20,9;20,5;100;100;100;231;,9;,1;
2026/04/24;0100 UTC;0;1016,3;1016,3;1016,1;0;20;20;20,6;19,9;20,6;19,9;100;100;100;231;,8;0;
2026/04/24;0200 UTC;0;1016,4;1016,4;1016,3;0;19,6;19,6;20;19,6;20;19,6;100;100;100;236;1,1;,1;
2026/04/24;0300 UTC;0;1016,1;1016,4;1016,1;0;19,5;19,5;19,6;19,2;19,6;19,2;100;100;100;233;,9;,2;
2026/04/24;0400 UTC;0;1015,5;1016,1;1015,5;0;18,8;18,8;19,6;18,8;19,6;18,8;100;100;100;231;,9;0;
2026/04/24;0500 UTC;0;1015,3;1015,5;1015,2;0;18,6;18,6;18,9;18,6;18,9;18,6;100;100;100;231;,8;0;
2026/04/24;0600 UTC;0;1015,1;1015,3;1015,1;0;18,7;18,7;18,8;18,4;18,8;18,4;100;100;100;231;1,1;,4;
2026/04/24;0700 UTC;0;1015,3;1015,3;1015,1;0;18,6;18,6;18,9;18,6;18,9;18,6;100;100;100;231;1;,2;
2026/04/24;0800 UTC;0;1015,4;1015,4;1015,2;0;18,3;18,3;18,7;18,3;18,6;18,3;100;100;100;231;,9;0;
2026/04/24;0900 UTC;,2;1015,9;1015,9;1015,4;,2;18,1;18,1;18,4;18;18,4;18;100;100;100;231;1;,1;
2026/04/24;1000 UTC;0;1016,3;1016,4;1015,9;76,2;18,5;18,5;18,6;18;18,6;18;100;100;100;235;,9;0;
2026/04/24;1100 UTC;0;1016,3;1016,4;1016,3;566;21,7;21,6;21,7;18,5;21,6;18,6;100;99;99;231;,6;0;
2026/04/24;1200 UTC;0;1016,7;1016,7;1016,3;1451,4;24,9;20,6;25;21,7;21,7;19,9;99;76;77;283;1,5;,3;
2026/04/24;1300 UTC;0;1016,3;1016,8;1016,3;2118,3;26,3;20,2;26,5;24,8;21,4;19,8;82;68;69;295;3,2;1,1;
2026/04/24;1400 UTC;0;1015,4;1016,4;1015,4;2617,7;27,6;19,7;27,9;26,2;21,1;19,3;70;60;62;246;3,5;,8;
2026/04/24;1500 UTC;0;1014,1;1015,4;1014,1;2855,6;28,6;20,6;29,1;27,6;21,3;19,3;64;58;62;258;3,8;1,3;
2026/04/24;1600 UTC;0;1013;1014,1;1013;2622,4;29,6;20,1;30;28,2;21,4;19,4;63;55;57;254;4,5;,8;
2026/04/24;1700 UTC;0;1012,2;1013;1012,2;2517,4;30,2;20,3;30,3;29,4;20,9;18,8;59;52;56;281;4;1,1;
2026/04/24;1800 UTC;0;1011,7;1012,2;1011,7;1717,8;28,7;20,3;30,5;28,7;21,5;19,6;63;53;60;234;3,9;1,5;
2026/04/24;1900 UTC;0;1011,7;1011,7;1011,6;733;28,6;20,6;28,8;26,7;22;20,5;73;60;62;236;3,8;1;
2026/04/24;2000 UTC;0;1012;1012;1011,7;547,6;26,4;21,1;28,7;26,4;21,4;20,1;73;59;73;237;5,1;1;
2026/04/24;2100 UTC;0;1012,3;1012,3;1012;41,2;23,7;21,8;27,1;23,7;22;20,6;90;70;89;245;3,9;0;
2026/04/24;2200 UTC;0;1012,8;1012,8;1012,2;0;22,2;22,1;23,7;22,2;22,4;21,9;100;89;100;236;1,3;,4;
2026/04/24;2300 UTC;0;1013,3;1013,3;1012,8;0;21,6;21,6;22,2;21,6;22,2;21,6;100;100;100;245;1,2;0;
2026/04/25;0000 UTC;0;1013,4;1013,4;1013,2;0;20,7;20,7;21,6;20,6;21,6;20,6;100;100;100;236;,9;,1;
2026/04/25;0100 UTC;0;1013,2;1013,4;1013,2;0;20,1;20,1;20,8;20,1;20,7;20,1;100;100;100;232;1,1;,1;
2026/04/25;0200 UTC;0;1012,8;1013,2;1012,8;0;19,6;19,6;20,1;19,5;20,1;19,5;100;100;100;236;1;0;
2026/04/25;0300 UTC;0;1012,2;1012,8;1012,2;0;18,9;18,9;19,6;18,9;19,6;18,9;100;100;100;236;1,1;,1;
2026/04/25;0400 UTC;0;1011,8;1012,2;1011,8;0;18,7;18,7;19;18,6;19;18,6;100;100;100;237;,8;,1;
2026/04/25;0500 UTC;0;1011,4;1011,8;1011,4;0;18,4;18,4;18,8;18,3;18,8;18,3;100;100;100;236;,8;0;
2026/04/25;0600 UTC;0;1011,1;1011,4;1011,1;0;18,1;18,1;18,4;18;18,4;18;100;100;100;236;1;,3;
2026/04/25;0700 UTC;0;1010,8;1011,1;1010,8;0;18,3;18,3;18,4;18,1;18,4;18,1;100;100;100;233;1;0;
2026/04/25;0800 UTC;0;1010,8;1010,8;1010,7;0;18,5;18,5;18,6;18,2;18,6;18,2;100;100;100;231;1;0;
2026/04/25;0900 UTC;0;1011,2;1011,2;1010,8;0;18,8;18,8;18,8;18,5;18,8;18,5;100;100;100;241;0;0;
2026/04/25;1000 UTC;0;1011,3;1011,3;1011,1;72,1;19,5;19,5;19,5;18,8;19,5;18,8;100;100;100;234;0;0;
2026/04/25;1100 UTC;0;1011,7;1011,7;1011,3;489,3;22,1;21,4;22,1;19,5;21,9;19,5;100;96;96;295;1,6;,1;
2026/04/25;1200 UTC;0;1011,8;1011,9;1011,7;1498,3;25;21,3;25,2;22,1;22;20,7;96;80;80;289;2,9;,8;
2026/04/25;1300 UTC;0;1011,4;1011,9;1011,4;2164,3;27,9;22,1;27,9;25;22,4;21;82;68;71;251;2,4;,5;
2026/04/25;1400 UTC;0;1010,4;1011,4;1010,4;2637;31;20,9;31,2;27,9;22,4;19,5;71;53;55;285;3;,6;
2026/04/25;1500 UTC;0;1009,3;1010,4;1009,3;2863,2;32;17,7;32,5;30,8;21,2;17,5;57;41;42;245;3,3;,8;
2026/04/25;1600 UTC;0;1008,3;1009,3;1008,3;2851,5;32,7;18;33,2;32;19,1;16,7;45;39;42;298;6,5;3,1;
2026/04/25;1700 UTC;0;1007,5;1008,3;1007,5;2581,1;33,4;16,4;33,6;32,7;18,8;15,8;43;34;36;297;5,8;2,3;
2026/04/25;1800 UTC;0;1007,2;1007,5;1007,1;1921,1;33,4;16,2;33,7;33,1;19,1;15,6;43;34;36;293;5,3;1,6;
2026/04/25;1900 UTC;0;1007,4;1007,4;1007,2;1188,7;28,8;21,1;33,8;28,7;21,3;15,2;64;33;63;261;4;,1;
2026/04/25;2000 UTC;0;1007,8;1007,8;1007,4;546,6;28,1;20,4;29,3;28,1;22,2;19,6;70;59;63;298;2,4;1,2;
2026/04/25;2100 UTC;0;1008;1008;1007,8;40,8;23,3;20,8;28,1;23,3;21,3;19,9;86;63;86;239;1,9;0;
2026/04/25;2200 UTC;0;1008,4;1008,4;1008;0;21,8;21,1;23,3;21,8;21,4;20,8;96;86;96;236;1,1;,4;
2026/04/25;2300 UTC;0;1009;1009;1008,4;0;21;20,5;21,8;21;21,2;20,5;97;96;97;231;1,1;,1;
2026/04/26;0000 UTC;0;1009,3;1009,3;1009;0;20,6;20,4;21,1;20,6;20,6;20,3;99;97;98;233;1,2;,5;
2026/04/26;0100 UTC;0;1008,9;1009,3;1008,9;0;20,2;20,1;20,6;20,1;20,4;20,1;100;98;100;231;1,5;,3;
2026/04/26;0200 UTC;0;1009;1009;1008,8;0;19,8;19,8;20,2;19,8;20,1;19,8;100;99;100;232;1,3;,6;
2026/04/26;0300 UTC;0;1008,9;1009;1008,9;0;19,4;19,4;20;19,4;20;19,4;100;100;100;233;1,2;,1;
2026/04/26;0400 UTC;0;1008,5;1008,9;1008,5;0;19,1;19,1;19,4;19,1;19,4;19,1;100;100;100;236;1,1;,2;
2026/04/26;0500 UTC;0;1008,1;1008,5;1008,1;0;18,9;18,9;19,1;18,9;19,1;18,9;100;100;100;232;1,3;,1;
2026/04/26;0600 UTC;0;1008;1008,1;1008;0;18,8;18,8;19;18,7;19;18,7;100;100;100;236;1,1;,2;
2026/04/26;0700 UTC;0;1008;1008,1;1008;0;18,7;18,7;18,8;18,6;18,8;18,6;100;100;100;250;1,1;0;
2026/04/26;0800 UTC;0;1008,3;1008,3;1007,9;0;18,6;18,6;18,7;18,5;18,7;18,5;100;100;100;236;,6;0;
2026/04/26;0900 UTC;,2;1008,5;1008,5;1008,2;0;18,4;18,4;18,6;18,3;18,6;18,3;100;100;100;236;1,3;0;
2026/04/26;1000 UTC;0;1009,2;1009,2;1008,5;63,7;18,9;18,9;18,9;18,3;18,9;18,3;100;100;100;238;1;,1;
2026/04/26;1100 UTC;0;1009,3;1009,3;1009,2;528,7;23,9;21,9;23,9;18,9;22,4;18,9;100;88;88;240;,9;0;
2026/04/26;1200 UTC;0;1009,5;1009,6;1009,3;1503;27,8;22,4;27,8;23,8;22,6;20,8;89;70;73;267;2,4;,2;
2026/04/26;1300 UTC;0;1009,3;1009,5;1009,2;2175,1;30,2;22,2;30,2;27,4;23,2;21,4;73;62;62;285;3,2;1,1;
2026/04/26;1400 UTC;0;1008,3;1009,3;1008,3;2628,9;32,5;22;32,6;30,2;23,1;20,7;64;51;54;279;3,2;1,6;
2026/04/26;1500 UTC;0;1007,5;1008,3;1007,5;2821,4;33,3;20,8;33,8;32,4;22,3;19,7;55;45;48;258;4;,6;
2026/04/26;1600 UTC;0;1006,5;1007,5;1006,5;2788,8;34,7;18,9;34,8;33,3;21,4;18,1;49;38;39;298;5,1;2,1;
2026/04/26;1700 UTC;0;1006;1006,5;1006;2540,6;35,1;17,5;35,2;34,4;19,5;17,4;40;35;35;298;6;2,3;
2026/04/26;1800 UTC;0;1005,9;1006,1;1005,9;2032,3;35,9;19,4;35,9;34,8;19,4;16,7;40;32;38;293;4,9;,8;
2026/04/26;1900 UTC;0;1005,9;1005,9;1005,8;1330,6;31,8;21,2;36;31,6;22,9;16,3;59;32;54;237;3,2;1;
2026/04/26;2000 UTC;0;1006,5;1006,5;1005,9;540,7;29,3;21,2;32,1;29,3;22,4;20,5;62;50;62;266;3,7;,7;
2026/04/26;2100 UTC;0;1007,2;1007,2;1006,5;35,1;24,8;21,6;29,5;24,7;22,1;20,2;85;58;82;260;2,1;,1;
2026/04/26;2200 UTC;0;1007,8;1007,8;1007,2;0;23,2;22,3;24,8;23,2;22,4;21,6;95;82;95;236;1,2;,2;
2026/04/26;2300 UTC;0;1008,2;1008,2;1007,8;0;22,4;22,1;23,5;22,4;22,5;22,1;98;93;98;234;1,8;0;
2026/04/27;0000 UTC;0;1008,4;1008,5;1008,2;0;21,9;21,9;22,6;21,8;22,4;21,7;100;98;100;231;1,4;,2;
2026/04/27;0100 UTC;0;1008,3;1008,4;1008,3;0;21,3;21,3;22,1;21,3;22,1;21,3;100;99;100;244;1,2;,3;
2026/04/27;0200 UTC;0;1008,1;1008,3;1008,1;0;21,1;21,1;21,4;20,9;21,3;21;100;100;100;244;1,7;,2;
2026/04/27;0300 UTC;0;1008,1;1008,2;1008,1;0;20,6;20,6;21,1;20,5;21,1;20,5;100;100;100;235;1,6;,1;
2026/04/27;0400 UTC;0;1007,9;1008,1;1007,9;0;20;20;20,7;20;20,6;20;100;100;100;236;1,2;,2;
2026/04/27;0500 UTC;0;1007,8;1007,9;1007,7;0;19,8;19,8;20,2;19,7;20,2;19,7;100;100;100;236;,9;,1;
2026/04/27;0600 UTC;0;1007,2;1007,8;1007,2;0;19,7;19,7;20;19,6;20;19,6;100;100;100;252;1,2;0;
2026/04/27;0700 UTC;0;1007;1007,2;1006,9;0;19,8;19,8;19,8;19,4;19,8;19,4;100;100;100;256;1,2;0;
2026/04/27;0800 UTC;0;1007,3;1007,3;1006,9;0;19,5;19,5;19,8;19,4;19,8;19,4;100;100;100;251;1,5;,2;
2026/04/27;0900 UTC;0;1008,1;1008,1;1007,3;,2;19,5;19,5;19,8;19,4;19,8;19,4;100;100;100;240;1,2;,2;
2026/04/27;1000 UTC;0;1008,8;1008,8;1008,1;73,9;20;20;20;19,4;20;19,4;100;100;100;237;1,1;,2;
2026/04/27;1100 UTC;0;1010;1010,1;1008,8;486,8;25,1;22,3;25,1;20;23,2;20;100;84;84;252;2;,2;
2026/04/27;1200 UTC;0;1010;1010,1;1009,9;1477,8;28,6;21,8;28,7;24,8;23,4;20,7;88;66;66;250;2,2;,3;
2026/04/27;1300 UTC;0;1009,7;1010;1009,7;2094,8;30,4;22,3;30,6;28,5;23;21,2;69;60;62;294;3,7;1,5;
2026/04/27;1400 UTC;0;1008,7;1009,7;1008,7;2585,6;32,9;21,2;33,2;30,4;23,3;20,8;64;49;50;266;3,7;,2;
2026/04/27;1500 UTC;0;1007,8;1008,7;1007,8;2829,5;35,2;19,9;35,3;32,9;22,9;18,2;52;37;41;297;5,3;1,8;
2026/04/27;1600 UTC;0;1007;1007,8;1007;2707,6;35,1;19,5;35,6;34,6;22,3;18,2;50;37;40;247;4,2;,9;
2026/04/27;1700 UTC;0;1006,7;1007;1006,6;2278,1;36;19,8;36;34,6;22,1;18,7;48;38;39;265;3,6;,6;
2026/04/27;1800 UTC;0;1007;1007;1006,5;1974,5;32,9;22,5;36,1;32,9;22,5;18;54;34;54;254;5,2;2,3;
2026/04/27;1900 UTC;0;1007,9;1007,9;1007;1171,9;31,1;23,1;32,9;31,1;23,9;22,5;64;54;63;295;5,6;1,5;
2026/04/27;2000 UTC;0;1008,8;1008,8;1007,9;455,1;29,2;23,4;31,4;29,2;23,9;23,1;72;63;71;288;3,4;,9;
2026/04/27;2100 UTC;0;1010;1010;1008,8;30,9;27,3;23,2;29,2;27,3;24;23,2;79;71;78;298;3,6;1,5;
2026/04/27;2200 UTC;0;1010,8;1010,8;1010;0;26;23,9;27,3;26;23,9;23;88;78;88;256;3,4;0;
2026/04/27;2300 UTC;0;1011,9;1011,9;1010,8;0;25;24,4;26,3;25;24,4;23,7;96;85;96;238;2;,3;
2026/04/28;0000 UTC;,2;1012,4;1012,4;1011,9;0;24,7;24,7;25;24,7;24,9;24,5;100;97;100;236;,9;0;
2026/04/28;0100 UTC;,6;1012,6;1012,6;1012,4;0;24,4;24,4;24,7;24,4;24,7;24,4;100;100;100;236;,8;0;
2026/04/28;0200 UTC;,2;1012,7;1012,9;1012,6;0;24,4;24,4;24,6;24,4;24,6;24,4;100;100;100;236;,8;0;
2026/04/28;0300 UTC;0;1012,5;1012,7;1012,5;0;24,4;24,4;24,5;24,3;24,5;24,3;100;100;100;251;1,4;,3;
2026/04/28;0400 UTC;0;1011,9;1012,5;1011,9;0;24,2;24,2;24,6;24,2;24,6;24,2;100;100;100;239;2,2;,1;
2026/04/28;0500 UTC;,2;1011,4;1011,9;1011,4;0;24,2;24,2;24,2;24,2;24,2;24,2;100;100;100;252;1,1;0;
2026/04/28;0600 UTC;0;1011,4;1011,4;1011,1;0;24,2;24,2;24,3;24,2;24,3;24,2;100;100;100;236;,9;0;
2026/04/28;0700 UTC;0;1011,3;1011,4;1011,3;0;24,2;24,2;24,2;24,2;24,2;24,2;100;100;100;237;,6;0;
2026/04/28;0800 UTC;0;1011,3;1011,4;1011,3;0;24,1;24,1;24,2;24,1;24,2;24,1;100;100;100;249;,9;0;
2026/04/28;0900 UTC;0;1012,1;1012,1;1011,3;0;24,2;24,2;24,2;24,1;24,2;24,1;100;100;100;238;,9;0;
2026/04/28;1000 UTC;0;1012,8;1012,8;1012,1;28,1;24,3;24,3;24,3;24,1;24,3;24,1;100;100;100;236;,9;0;
2026/04/28;1100 UTC;0;1013,1;1013,1;1012,8;194;24,7;24,7;24,7;24,3;24,7;24,4;100;100;100;239;1,3;0;
2026/04/28;1200 UTC;0;1013,3;1013,4;1013,1;1188,3;27,1;24,9;27,3;24,7;25,4;24,1;100;84;88;276;1,9;,7;
2026/04/28;1300 UTC;0;1013,7;1013,7;1013,3;833,3;26,8;24,3;27,2;26,7;25;24;90;84;86;238;2,3;,3;
2026/04/28;1400 UTC;0;1013,3;1013,7;1013,3;1090,2;27,4;24,5;27,5;26,8;25,1;23,9;88;82;84;258;2,3;,6;
2026/04/28;1500 UTC;0;1012,4;1013,3;1012,4;634,7;27,8;23,7;27,8;27;25;23,7;88;79;79;277;2,8;,2;
2026/04/28;1600 UTC;0;1011,6;1012,4;1011,6;1065,5;28,3;24,2;28,6;27,8;25,2;23,3;83;75;79;298;2,1;1,1;
2026/04/28;1700 UTC;0;1010,9;1011,6;1010,9;1549,5;27,4;24;29,4;27,4;25,3;23,5;83;74;82;251;3,8;1,2;
2026/04/28;1800 UTC;,2;1010,3;1010,9;1010,3;729;28,3;24,4;28,3;27,4;25,4;24;87;78;79;239;4;1,5;
2026/04/28;1900 UTC;0;1010,2;1010,3;1010;1046,6;28;24,7;29,7;28;25,1;24,1;82;74;82;246;4,7;,7;
2026/04/28;2000 UTC;0;1010,7;1010,7;1010,2;167,9;27;24,1;28;26,8;25,1;24;89;82;84;262;3,1;,6;
2026/04/28;2100 UTC;0;1010,9;1011;1010,7;11,5;25,8;24,7;27;25,7;24,8;24,1;95;84;94;272;2,2;,5;
2026/04/28;2200 UTC;0;1011,5;1011,5;1010,9;0;24,9;24,9;25,9;24,8;24,9;24,6;100;93;100;236;1,6;0;
2026/04/28;2300 UTC;0;1011,9;1011,9;1011,5;0;24,5;24,5;24,9;24,5;24,9;24,5;100;100;100;260;,6;0;
2026/04/29;0000 UTC;0;1012;1012,1;1011,9;0;23,9;23,9;24,5;23,8;24,5;23,8;100;100;100;236;,8;0;
2026/04/29;0100 UTC;0;1012;1012;1011,9;0;24,1;24,1;24,1;23,8;24,1;23,8;100;100;100;231;,8;0;
2026/04/29;0200 UTC;0;1012;1012,2;1012;0;24,5;24,5;24,5;24,1;24,5;24,1;100;100;100;297;1,5;0;
2026/04/29;0300 UTC;0;1011,7;1012;1011,5;0;24;23,9;24,5;23,9;24,5;23,9;100;99;99;287;1,9;,6;
2026/04/29;0400 UTC;0;1011,1;1011,7;1011,1;0;22,6;22,6;24;22,6;23,9;22,6;100;99;100;249;1,8;0;
2026/04/29;0500 UTC;0;1010,9;1011,1;1010,9;0;22,6;22,6;22,6;22,3;22,6;22,3;100;100;100;268;1;0;
2026/04/29;0600 UTC;0;1010,7;1010,9;1010,6;0;22,8;22,8;22,9;22,6;22,9;22,6;100;100;100;268;1,4;0;
2026/04/29;0700 UTC;0;1010,7;1010,9;1010,7;0;22,7;22,7;22,8;22,5;22,8;22,5;100;100;100;271;1,6;,6;
2026/04/29;0800 UTC;0;1010,5;1010,7;1010,4;0;22;22;22,9;21,9;22,9;21,9;100;100;100;231;1,6;,4;
2026/04/29;0900 UTC;0;1011,3;1011,3;1010,5;0;21,6;21,6;22,1;21,6;22,1;21,6;100;100;100;267;1;0;
2026/04/29;1000 UTC;0;1011,6;1011,6;1011,3;66,1;21,8;21,8;21,8;21,4;21,8;21,4;100;100;100;236;1,2;,2;
2026/04/29;1100 UTC;0;1011,9;1011,9;1011,6;473,1;25,2;23,2;25,3;21,8;24;21,8;100;89;89;242;1,4;,1;
2026/04/29;1200 UTC;0;1012,1;1012,2;1011,9;1382,1;27,4;24,1;27,4;25,2;24,5;23,1;89;82;82;297;3,3;1,4;
2026/04/29;1300 UTC;0;1011,8;1012,1;1011,8;2027,3;28,9;23,9;29;27,2;24,8;23,6;83;75;75;296;3,1;1,3;
2026/04/29;1400 UTC;0;1011,1;1011,8;1011,1;2504,3;30,5;24,1;30,5;28,9;24,8;23,4;76;68;69;276;4,8;1,2;
2026/04/29;1500 UTC;0;1010;1011,1;1010;2658,5;31,6;24,7;31,8;30,4;25;23,9;70;64;67;287;4,8;1,5;
2026/04/29;1600 UTC;0;1009,1;1010;1009,1;2661,4;32,3;24,3;32,5;31,7;25,2;23,5;68;60;63;253;4;,8;
2026/04/29;1700 UTC;0;1008,5;1009,1;1008,4;2276,8;32,5;23,8;33,2;31,9;25,3;23,4;64;58;60;247;3,3;1,1;
2026/04/29;1800 UTC;0;1007,9;1008,5;1007,9;1839,1;33,1;24,2;33,6;32,5;25;23,1;63;57;60;237;3,3;,5;
2026/04/29;1900 UTC;0;1008;1008,1;1007,8;1181,8;31,5;24,5;33,4;31,3;24,9;23,2;68;56;67;239;2,3;,5;
2026/04/29;2000 UTC;0;1009,2;1009,2;1008;410,2;29,3;23,1;31,5;29,3;25,4;23,1;77;65;70;251;4,2;1,7;
2026/04/29;2100 UTC;0;1010,5;1010,5;1009,2;21,7;27;24,1;29,3;26,2;24,1;23,2;87;70;84;276;4,2;,8;
2026/04/29;2200 UTC;0;1011,9;1011,9;1010,5;0;26,4;23,3;27,6;26,4;24;23,2;84;79;83;295;5,4;,9;
2026/04/29;2300 UTC;0;1012,3;1012,4;1011,9;0;25,6;23,8;26,4;25,6;23,9;23,3;90;83;90;240;3,2;0;
2026/04/30;0000 UTC;0;1013;1013;1012,3;0;25,7;23,8;25,7;25,3;24,3;23,7;94;89;89;293;2;,4;
2026/04/30;0100 UTC;0;1012,8;1013;1012,8;0;25,4;23,3;25,8;25,4;24;23,2;90;87;88;283;2,9;,4;
2026/04/30;0200 UTC;0;1012,7;1012,9;1012,7;0;24,7;23,6;25,4;24,6;23,7;23,2;95;88;93;238;2,2;,2;
2026/04/30;0300 UTC;0;1013;1013;1012,6;0;24,8;23,5;24,9;24,4;24;23,3;98;91;93;246;2,4;,6;
2026/04/30;0400 UTC;0;1012,8;1013,1;1012,8;0;24,4;23;24,9;24;23,6;22,3;97;86;92;271;3;,6;
2026/04/30;0500 UTC;0;1012,7;1012,9;1012,6;0;24,4;21,9;24,7;24,1;23,1;21,9;94;85;86;283;4,3;1,3;
2026/04/30;0600 UTC;0;1013;1013;1012,6;0;24;21,5;24,6;24;21,9;21,4;88;84;86;274;5,3;1,1;
2026/04/30;0700 UTC;0;1012,5;1013,1;1012,5;0;23,3;22,5;24,1;23,2;22,5;21,5;96;85;95;270;3,1;,3;
2026/04/30;0800 UTC;0;1012,9;1012,9;1012,3;0;21,9;21,9;23,3;21,9;22,4;21,9;100;95;100;236;1,5;,1;
2026/04/30;0900 UTC;0;1013,6;1013,6;1012,9;0;22,2;22;22,3;21,7;22,2;21,7;100;99;99;261;1,4;,1;
2026/04/30;1000 UTC;0;1013,9;1014;1013,6;57,5;22,3;21,6;22,4;21,9;22;21,5;100;95;96;267;3,8;,2;
2026/04/30;1100 UTC;0;1013,2;1013,9;1013,2;459,1;25,4;21,7;25,4;22,3;21,8;21,3;96;78;80;281;3;,1;
2026/04/30;1200 UTC;0;1012,8;1013,3;1012,8;1483;26,9;21,9;26,9;25,2;22;21;81;73;74;284;2,8;,3;
2026/04/30;1300 UTC;0;1012,6;1012,9;1012,6;2131,1;28,8;22,1;28,8;26,7;22,8;21,6;76;66;67;264;3,3;,6;
2026/04/30;1400 UTC;0;1011,9;1012,7;1011,9;2557,6;29,8;21,7;29,9;28,4;22,5;20,7;67;60;62;264;3,1;,9;
2026/04/30;1500 UTC;0;1011,8;1012;1011,8;2743;30,5;22;30,7;29,7;22,5;21,2;64;58;61;242;4,4;1;
2026/04/30;1600 UTC;0;1010,9;1011,8;1010,9;2687,4;30,3;22,3;30,9;30,1;22,8;21,5;64;58;62;236;5,8;3,1;
2026/04/30;1700 UTC;0;1010,6;1010,9;1010,6;2394,3;30,9;21,5;31,2;30,3;22,5;21,2;63;56;57;236;5,8;2,4;
2026/04/30;1800 UTC;0;1010,3;1010,6;1010,2;1909,4;31,5;21,4;31,6;30,8;22,1;20,9;58;54;55;240;5;1,1;
2026/04/30;1900 UTC;0;1010,7;1010,7;1010,3;1202,5;29,6;22,9;31,5;29,4;23,4;21,2;70;55;67;245;6,7;1,6;
2026/04/30;2000 UTC;0;1012,3;1012,3;1010,7;195,3;26,7;22,4;29,6;26,7;23,2;22,1;77;67;77;244;5,4;1,1;
2026/04/30;2100 UTC;0;1013,1;1013,1;1012,3;6;25,8;21,1;26,7;25,7;22,5;21,1;82;76;76;237;4,3;1,1;
2026/04/30;2200 UTC;0;1014,2;1014,2;1013,1;0;25,2;22,2;25,8;25,1;22,4;21,1;85;76;84;246;3,4;,5;
2026/04/30;2300 UTC;0;1014,9;1014,9;1014,2;0;24,7;23;25,3;24,6;23,1;22,2;91;83;90;284;5,7;1;
2026/05/01;0000 UTC;0;1015,5;1015,6;1014,9;0;24,1;23,7;25;24;23,7;22,9;98;88;98;251;2,5;0;
2026/05/01;0100 UTC;0;1015,5;1015,6;1015,5;0;24,2;23,8;24,4;24;23,9;23,3;98;94;98;292;2;,5;
2026/05/01;0200 UTC;0;1015,5;1015,5;1015,5;0;24;23,9;24,2;23,7;23,9;23,7;100;98;100;296;1,3;,1;
2026/05/01;0300 UTC;0;1015,4;1015,5;1015,4;0;23,9;23,7;24;23,8;23,9;23,7;100;99;99;297;1,8;0;
2026/05/01;0400 UTC;,4;1015;1015,4;1015;0;23,6;23,5;23,9;23,6;23,8;23,5;100;99;99;240;1,6;,3;
2026/05/01;0500 UTC;5,6;1014,6;1015;1014,6;0;22,9;22,9;23,6;22,9;23,4;22,9;100;99;100;241;1,9;,1;
2026/05/01;0600 UTC;4,4;1014,5;1014,6;1014,4;0;22,7;22,7;23;22,7;23;22,7;100;100;100;236;1,8;0;
2026/05/01;0700 UTC;1,8;1014,2;1014,5;1014,2;0;22,9;22,9;22,9;22,7;22,9;22,7;100;100;100;276;1,2;,2;
2026/05/01;0800 UTC;1,6;1014,5;1014,5;1014,1;0;22,8;22,8;22,9;22,7;22,9;22,7;100;100;100;248;1,4;,5;
2026/05/01;0900 UTC;1,8;1015,1;1015,1;1014,5;0;22,8;22,8;22,9;22,8;22,9;22,8;100;100;100;236;1,7;,2;
2026/05/01;1000 UTC;,2;1015,9;1015,9;1015,1;35,9;22,9;22,9;23;22,8;23;22,8;100;100;100;235;1,1;,1;
2026/05/01;1100 UTC;0;1016,6;1016,6;1015,9;207,9;23,5;23,5;23,5;22,9;23,5;22,9;100;100;100;263;1,7;,1;
2026/05/01;1200 UTC;0;1017,3;1017,3;1016,6;358,2;24,1;23,8;24,2;23,5;23,9;23,4;100;97;98;242;,9;0;
2026/05/01;1300 UTC;0;1017,5;1017,6;1017,3;1162,5;25,6;23,6;25,6;24,1;24,4;23,1;99;89;89;282;1,2;,6;
2026/05/01;1400 UTC;0;1016,8;1017,5;1016,8;1977,4;26,7;22,4;27,2;25,6;24,2;21,8;90;74;78;235;1,7;,4;
2026/05/01;1500 UTC;0;1016;1016,8;1016;2819,4;28,5;23,6;28,9;26,7;23,8;22,1;82;71;75;296;3,7;1,7;
2026/05/01;1600 UTC;0;1015,3;1016;1015,3;1383,2;26,5;24,6;28,9;26,4;24,6;22,4;90;69;89;237;3,6;,1;
2026/05/01;1700 UTC;0;1014,5;1015,3;1014,5;500,4;26,9;24,4;27;26,1;25,5;23,9;94;84;86;242;1,7;,2;
2026/05/01;1800 UTC;0;1014;1014,5;1014;808,8;27,8;23,1;27,9;26,9;24,9;23,1;88;76;76;272;2;,2;
2026/05/01;1900 UTC;0;1014;1014;1013,9;760,5;26,9;24,1;27,9;26,9;24,9;22,7;87;74;85;234;1,5;0;
2026/05/01;2000 UTC;0;1014,4;1014,4;1014;312,2;25,1;24,5;26,9;25,1;25;24;97;84;97;253;1,9;,1;
2026/05/01;2100 UTC;0;1014,6;1014,6;1014,4;19,5;24,4;24,4;25,1;24,3;24,7;24,1;100;96;100;242;2,2;,2;
2026/05/01;2200 UTC;0;1014,9;1014,9;1014,6;0;24,1;24,1;24,7;24,1;24,7;24,1;100;99;100;249;1,7;,3;
2026/05/01;2300 UTC;0;1015,3;1015,3;1014,8;0;23,5;23,5;24,3;23,5;24,3;23,5;100;100;100;275;2,3;,1;
2026/05/02;0000 UTC;0;1015,3;1015,5;1015,3;0;22,9;22,9;23,7;22,9;23,7;22,9;100;100;100;245;,9;0;
2026/05/02;0100 UTC;0;1015,2;1015,3;1015,2;0;22;22;22,9;22;22,8;22;100;100;100;237;1,1;0;
2026/05/02;0200 UTC;0;1015;1015,2;1014,9;0;21,4;21,4;22,1;21,4;22,1;21,4;100;100;100;239;,6;0;
2026/05/02;0300 UTC;0;1014,4;1015;1014,4;0;20,8;20,8;21,4;20,8;21,4;20,8;100;100;100;236;1;,2;
2026/05/02;0400 UTC;0;1013,5;1014,4;1013,5;0;20,6;20,6;21;20,5;21;20,5;100;100;100;237;,9;0;
2026/05/02;0500 UTC;0;1012,8;1013,5;1012,8;0;20,2;20,2;20,7;20,1;20,7;20,1;100;100;100;250;1,2;0;
2026/05/02;0600 UTC;0;1012,1;1012,8;1012,1;0;20,7;20,7;20,7;20,1;20,7;20,1;100;100;100;242;,9;,1;
2026/05/02;0700 UTC;0;1011,9;1012,1;1011,8;0;20,3;20,3;20,7;20,2;20,7;20,2;100;100;100;236;1;,3;
2026/05/02;0800 UTC;0;1012,2;1012,2;1011,8;0;20,1;20,1;20,3;19,8;20,3;19,8;100;100;100;236;1,1;,1;
2026/05/02;0900 UTC;0;1012,5;1012,5;1012,2;,1;20,1;20,1;20,2;20;20,2;20;100;100;100;236;,8;,1;
2026/05/02;1000 UTC;0;1013;1013,1;1012,5;85,4;20,5;20,5;20,5;20;20,5;20;100;100;100;250;,9;,1;
2026/05/02;1100 UTC;0;1013,8;1013,8;1013;443;22,2;22,2;22,2;20,5;22,2;20,5;100;100;100;294;2;,8;
2026/05/02;1200 UTC;0;1013,8;1013,9;1013,7;1119,5;24,3;22,8;24,3;22,2;23,1;22,1;100;89;91;269;2;,4;
2026/05/02;1300 UTC;0;1013,4;1013,8;1013,4;2047,4;27,1;22,8;27,1;24,3;23,4;22,2;91;77;77;293;3,4;1;
2026/05/02;1400 UTC;0;1012,5;1013,4;1012,5;2528,2;29,3;22,9;29,3;26,8;23,5;21,8;79;65;69;269;4,3;,8;
2026/05/02;1500 UTC;0;1011,7;1012,5;1011,7;2727,6;31;22,3;31,3;29;23,5;21,2;69;57;60;249;3,2;1,2;
2026/05/02;1600 UTC;0;1011,2;1011,7;1011,1;2063,5;29;22,3;32,9;29;23,2;19,3;69;47;68;239;2,5;,8;
2026/05/02;1700 UTC;0;1010,9;1011,2;1010,9;1878,1;32,3;22,5;32,8;29;23;19,1;68;46;56;243;3,2;,3;
2026/05/02;1800 UTC;0;1010,9;1010,9;1010,7;1821;31,4;22;33,5;31,4;23,9;18,4;64;41;58;273;3,6;,6;
2026/05/02;1900 UTC;0;1011,1;1011,1;1010,9;1061,2;29,9;24,1;31,9;29,7;24,2;20;72;52;71;278;2;,9;
2026/05/02;2000 UTC;0;1011,8;1011,8;1011,1;330,2;27,6;23,2;29,8;27,6;25,3;23,2;87;72;77;296;2,4;,9;
2026/05/02;2100 UTC;0;1013,3;1013,3;1011,8;23,6;27,7;20,2;28,2;25,7;24;20,1;88;63;64;281;4,9;1,6;
2026/05/02;2200 UTC;0;1014;1014;1013,3;0;23,6;22;27,7;23,6;22,1;20;91;64;91;235;3,8;,1;
2026/05/02;2300 UTC;0;1014,3;1014,3;1013,8;0;23;22,4;23,6;22,6;22,5;22;98;91;96;255;3,1;1,5;
2026/05/03;0000 UTC;0;1013,9;1014,4;1013,9;0;22,9;21,8;23,9;22,6;22,4;21,5;97;87;94;244;4,1;,1;
2026/05/03;0100 UTC;0;1013,4;1013,9;1013,4;0;24,3;21,4;24,5;22,9;21,9;21;94;81;84;258;3,6;1,4;
2026/05/03;0200 UTC;0;1013,9;1013,9;1013,3;0;22,8;22,5;24,3;22,8;22,5;21,6;98;84;98;251;3,5;,4;
2026/05/03;0300 UTC;0;1013,9;1014,3;1013,9;0;23,7;21,7;25,1;22,8;22,6;21,2;98;81;89;241;3,8;,8;
2026/05/03;0400 UTC;0;1013,9;1014;1013,6;0;23,3;21,7;23,7;22,7;22,1;21,6;96;89;91;278;3,1;,6;
2026/05/03;0500 UTC;0;1014,3;1014,5;1013,9;0;23,2;22,2;23,4;22,6;22,5;21,6;99;90;94;247;3,6;1,1;
2026/05/03;0600 UTC;0;1014;1014,3;1014;0;23;22,1;23,5;22,6;22,4;21,6;99;90;95;256;3,6;0;
2026/05/03;0700 UTC;0;1013,8;1014;1013,8;0;22,5;22,4;23;22,4;22,5;22,1;100;95;100;236;,7;0;
2026/05/03;0800 UTC;0;1014,2;1014,3;1013,8;0;22,4;22,4;22,5;22,3;22,4;22,3;100;100;100;237;,6;0;
2026/05/03;0900 UTC;,4;1015,1;1015,1;1014,2;0;22,1;22,1;22,4;22,1;22,4;22,1;100;99;100;236;1,4;,1;
2026/05/03;1000 UTC;,4;1015,8;1015,9;1015,1;33,9;22,1;22,1;22,1;21,9;22,1;21,9;100;100;100;245;3,3;,6;
2026/05/03;1100 UTC;0;1016,4;1016,4;1015,8;167,7;22,5;21,9;22,7;22,1;22,4;21,8;100;95;97;281;2,4;,5;
2026/05/03;1200 UTC;4,6;1017,6;1017,6;1016,4;197,8;22;21,9;22,6;21,5;22;21,2;100;93;99;296;4,6;1,1;
2026/05/03;1300 UTC;0;1017,8;1017,9;1017,6;400,3;22,5;22;22,6;22;22,5;21,7;100;97;97;244;2,4;1,2;
2026/05/03;1400 UTC;4,2;1018;1018,1;1017,8;292;21,7;21,5;22,7;21,6;22,1;21,4;100;94;99;238;3,1;,6;
2026/05/03;1500 UTC;3,6;1017,9;1018;1017,9;361,2;21,7;21,7;22,1;21,6;22;21;100;94;100;297;3,4;,9;
2026/05/03;1600 UTC;4,6;1017,2;1017,9;1017,2;333,6;21,6;21,6;21,7;21,4;21,7;21,4;100;100;100;252;1,9;1;
2026/05/03;1700 UTC;2,6;1017,2;1017,2;1017;326,1;21,6;21,6;21,7;21,4;21,7;21,4;100;100;100;277;1,9;0;
2026/05/03;1800 UTC;2,6;1017,2;1017,3;1017,1;299,2;21;20,7;21,6;20,8;21,4;20,4;100;97;98;297;4;1,7;
2026/05/03;1900 UTC;,4;1017,3;1017,4;1017,2;256,9;20,6;20,5;21;20,4;20,9;20,1;100;97;100;248;3;,3;
2026/05/03;2000 UTC;,2;1018;1018;1017,3;68,8;19,9;19,9;20,6;19,9;20,6;19,9;100;99;100;247;1,8;,3;
2026/05/03;2100 UTC;2,8;1018,4;1018,5;1018;2,3;19,4;19,4;20;19,4;20;19,4;100;99;100;255;2,2;,9;
2026/05/03;2200 UTC;0;1018,6;1018,7;1018,3;0;19,1;19,1;19,4;19,1;19,4;19,1;100;99;100;252;3;0;
2026/05/03;2300 UTC;0;1019;1019;1018,6;0;19,3;19;19,4;19,1;19,4;19;100;98;98;247;2,5;1;
2026/05/04;0000 UTC;0;1019,2;1019,2;1019;0;19;19;19,4;19;19,2;19;100;98;100;243;2,5;0;
2026/05/04;0100 UTC;,2;1019,4;1019,5;1019,1;0;19,1;19,1;19,2;18,9;19,2;18,9;100;100;100;288;2;,7;
2026/05/04;0200 UTC;0;1019,4;1019,4;1019,3;0;19,1;19,1;19,2;19;19,2;19;100;100;100;255;1,6;0;
2026/05/04;0300 UTC;0;1018,8;1019,4;1018,8;0;19,2;19,2;19,3;19,1;19,3;19,1;100;100;100;296;2,2;0;
2026/05/04;0400 UTC;0;1018,5;1018,8;1018,5;0;19,2;19,2;19,2;19;19,2;19;100;100;100;248;2,4;0;
2026/05/04;0500 UTC;0;1017,9;1018,5;1017,9;0;19,1;19,1;19,4;19,1;19,4;19,1;100;100;100;248;2;0;
2026/05/04;0600 UTC;0;1017,9;1017,9;1017,8;0;19,3;19,3;19,3;19;19,3;19;100;100;100;281;2,1;,3;
2026/05/04;0700 UTC;0;1017,6;1017,9;1017,6;0;19,2;19,2;19,4;19,2;19,4;19,2;100;100;100;237;1,5;,1;
2026/05/04;0800 UTC;0;1017,8;1017,8;1017,5;0;19,3;19,3;19,3;19,2;19,3;19,2;100;100;100;283;1,4;,4;
2026/05/04;0900 UTC;0;1018,3;1018,3;1017,8;0;19;19;19,3;19;19,3;19;100;100;100;250;1,1;0;
2026/05/04;1000 UTC;0;1018,2;1018,3;1018,2;84,8;19,4;19,4;19,5;19;19,4;19;100;100;100;279;,4;0;
2026/05/04;1100 UTC;0;1018,9;1018,9;1018,2;423,7;20,2;19,6;20,3;19,4;20;19,4;100;96;96;237;1,5;,5;
2026/05/04;1200 UTC;0;1019,2;1019,2;1018,8;1355,1;22,4;18,7;22,6;20,2;20,2;18,6;97;79;79;286;1,7;,4;
2026/05/04;1300 UTC;0;1019,4;1019,6;1019,2;2222,6;23,3;18,8;23,7;22,2;20;17,4;83;73;76;252;3,1;1,3;
2026/05/04;1400 UTC;0;1018,8;1019,4;1018,8;2162,3;25,5;19;25,5;23,3;19,6;17,8;78;65;67;296;3,7;1,3;
2026/05/04;1500 UTC;,2;1017,8;1018,8;1017,8;2307,7;26,1;19,6;26,2;24,8;19,6;17,7;69;63;68;258;3,7;,5;
2026/05/04;1600 UTC;0;1016,9;1017,8;1016,8;2836,4;26,6;19,1;26,9;25,4;19,6;17,7;68;59;64;257;4,5;1,3;
2026/05/04;1700 UTC;0;1016,2;1016,9;1016,2;1614,6;26;18,4;27,1;25,5;19,5;18;69;60;63;236;4,5;1;
2026/05/04;1800 UTC;0;1015,7;1016,2;1015,7;957,6;24,8;20,4;26,4;24,8;20,7;18,2;78;62;77;237;2,7;,3;
2026/05/04;1900 UTC;0;1015,6;1015,7;1015,5;759,3;25,4;19,2;25,8;23,9;20,8;19,1;81;67;68;235;4,5;2,3;
2026/05/04;2000 UTC;0;1015,7;1015,7;1015,6;459,4;23,6;19,6;25,5;23,3;20,4;19,1;81;68;78;236;4,3;1,7;
2026/05/04;2100 UTC;0;1016,2;1016,2;1015,7;21,9;21,6;20,9;23,7;21,6;21;19,5;96;77;96;267;3,2;,3;
2026/05/04;2200 UTC;0;1016,7;1016,7;1016,2;0;20,4;20,4;21,9;20,4;21;20,4;100;94;100;265;1,7;0;
2026/05/04;2300 UTC;0;1017,3;1017,3;1016,7;0;19,8;19,8;20,4;19,8;20,4;19,8;100;100;100;238;1,1;0;
2026/05/05;0000 UTC;0;1017,6;1017,6;1017,3;0;19,5;19,5;19,9;19,4;19,9;19,4;100;100;100;236;,6;0;
2026/05/05;0100 UTC;0;1017,8;1017,9;1017,6;0;19,1;19,1;19,5;19,1;19,5;19,1;100;100;100;240;,9;0;
2026/05/05;0200 UTC;0;1017,9;1017,9;1017,8;0;18,8;18,8;19,3;18,5;19,3;18,5;100;100;100;236;,8;0;
2026/05/05;0300 UTC;0;1018,1;1018,2;1017,9;0;18,5;18,5;18,8;18,3;18,8;18,3;100;100;100;240;,8;0;
2026/05/05;0400 UTC;0;1017,9;1018,1;1017,8;0;18,2;18,2;18,6;18,2;18,6;18,2;100;100;100;236;,6;0;
2026/05/05;0500 UTC;0;1017,2;1017,9;1017,2;0;17,8;17,8;18,3;17,8;18,3;17,8;100;100;100;236;,5;0;
2026/05/05;0600 UTC;0;1017;1017,2;1016,9;0;17,6;17,6;18,1;17,6;18,1;17,6;100;100;100;236;,8;,1;
2026/05/05;0700 UTC;0;1016,7;1017,1;1016,7;0;17,4;17,4;17,8;17,4;17,8;17,4;100;100;100;233;,6;0;
2026/05/05;0800 UTC;0;1017;1017;1016,6;0;17,4;17,4;17,4;17,2;17,4;17,2;100;100;100;234;,6;0;
2026/05/05;0900 UTC;0;1017;1017;1016,8;0;17,1;17,1;17,5;17,1;17,5;17,1;100;100;100;236;,8;,1;
2026/05/05;1000 UTC;0;1017,8;1017,8;1017;49,4;17,5;17,5;17,6;17;17,6;17;100;100;100;236;,8;,2;
2026/05/05;1100 UTC;0;1018;1018,1;1017,8;474,3;20,5;20,5;20,7;17,5;20,6;17,6;100;100;100;260;,9;0;
2026/05/05;1200 UTC;0;1018,5;1018,5;1018;1448;23,3;19,4;23,4;20,5;21,3;19,3;100;78;79;297;3,2;1,6;
2026/05/05;1300 UTC;0;1018,9;1018,9;1018,5;2057,3;25;19,5;25,5;23,3;20,4;19;80;71;71;291;3,3;1;
2026/05/05;1400 UTC;0;1017,7;1018,9;1017,7;2492,8;27,4;19,7;27,9;25;20,4;19,2;74;61;63;249;2,6;,3;
2026/05/05;1500 UTC;0;1017;1017,7;1017;2705,8;28,8;20,6;28,9;27,2;20,9;19,4;66;59;61;291;4;1,5;
2026/05/05;1600 UTC;0;1016,1;1017;1016,1;2653,7;29,9;20,6;30,3;28,2;21,5;20;63;57;57;292;3,4;,9;
2026/05/05;1700 UTC;0;1015,3;1016,1;1015,3;2367,3;30,8;21,1;31;29,7;21,7;20,3;60;55;57;280;3,5;1,1;
2026/05/05;1800 UTC;0;1015,1;1015,3;1015,1;1861,4;31,1;22,2;31,6;30,3;22,2;20,4;60;54;59;235;3,4;,4;
2026/05/05;1900 UTC;0;1015,2;1015,2;1015,1;1190,3;29,4;20,8;31;29,1;22,8;20,3;66;55;60;254;3,7;,3;
2026/05/05;2000 UTC;0;1016;1016;1015,2;407,6;25,8;21,7;29,4;25,7;21,7;20,4;79;60;79;277;3,4;,7;
2026/05/05;2100 UTC;0;1016,2;1016,3;1016;7,7;23,2;22,8;25,8;23,2;22,9;21,5;98;78;97;236;2,6;0;
2026/05/05;2200 UTC;0;1016,9;1016,9;1016,2;0;22,3;22,3;23,3;22,2;22,9;22,3;100;97;100;236;1,3;,2;
2026/05/05;2300 UTC;0;1017,5;1017,5;1016,9;0;21,7;21,7;22,6;21,7;22,6;21,7;100;100;100;262;1,1;0;
2026/05/06;0000 UTC;0;1017,7;1017,7;1017,5;0;21,3;21,3;21,8;21,2;21,8;21,2;100;100;100;234;,8;0;
2026/05/06;0100 UTC;0;1017,5;1017,7;1017,5;0;20,6;20,6;21,3;20,6;21,3;20,6;100;100;100;236;1,1;0;
2026/05/06;0200 UTC;0;1017,9;1017,9;1017,5;0;20,1;20,1;20,7;20,1;20,6;20,1;100;100;100;236;,7;,1;
2026/05/06;0300 UTC;0;1017,5;1017,9;1017,5;0;20;20;20,4;20;20,4;20;100;100;100;231;2;0;
2026/05/06;0400 UTC;0;1016,9;1017,5;1016,9;0;19,4;19,4;20,2;19,4;20,2;19,4;100;100;100;236;,7;0;
2026/05/06;0500 UTC;0;1016,8;1016,9;1016,7;0;19,1;19,1;19,4;19;19,4;19;100;100;100;236;,7;0;
2026/05/06;0600 UTC;0;1016,7;1016,9;1016,7;0;18,6;18,6;19,2;18,6;19,2;18,6;100;100;100;236;,9;0;
2026/05/06;0700 UTC;,2;1016;1016,7;1015,9;0;18,6;18,6;19;18,5;19;18,5;100;100;100;236;,9;0;
2026/05/06;0800 UTC;0;1015,9;1016;1015,8;0;18,4;18,4;19;18,3;18,9;18,3;100;100;100;236;1,4;,7;
2026/05/06;0900 UTC;0;1016,7;1016,7;1015,9;0;18,5;18,5;18,7;18,2;18,7;18,2;100;100;100;255;1,4;0;
2026/05/06;1000 UTC;0;1017,4;1017,4;1016,7;45,4;18,6;18,6;18,7;18,1;18,7;18,1;100;100;100;254;1,6;0;
2026/05/06;1100 UTC;0;1017,8;1017,8;1017,4;474,4;21,3;21,3;21,3;18,4;21,3;18,4;100;100;100;236;,7;0;
2026/05/06;1200 UTC;0;1018,5;1018,5;1017,8;1448,7;24,2;20,3;24,7;21,3;21,9;20,2;100;78;79;296;2,8;1;
2026/05/06;1300 UTC;0;1018,5;1018,8;1018,5;2054,6;27,2;20,7;27,2;24,2;21,2;19,5;80;66;68;261;2,3;,2;
2026/05/06;1400 UTC;0;1017,4;1018,5;1017,4;2511,8;28,9;19,7;29,1;26,7;21,4;19;70;57;58;282;2;,7;
2026/05/06;1500 UTC;0;1016,3;1017,4;1016,3;2711,1;29,6;21;29,8;28,8;21,7;19,3;62;55;60;298;3,8;2,2;
2026/05/06;1600 UTC;0;1015,6;1016,3;1015,6;2590,7;30,3;20,6;30,8;29,7;21,7;20;60;54;56;246;4,3;1;
2026/05/06;1700 UTC;0;1014,7;1015,6;1014,7;2276,2;30,6;20,5;31,4;30,2;21,7;20,1;60;54;55;289;3,3;1,5;
2026/05/06;1800 UTC;0;1014,1;1014,7;1014,1;1808,2;29,8;21,9;31,5;29,8;22,3;20,6;62;54;62;231;3,3;1,5;
2026/05/06;1900 UTC;0;1014,1;1014,1;1014;767,5;28,6;22,7;29,8;27,3;23,3;21,5;77;63;70;234;3,3;1,5;
2026/05/06;2000 UTC;0;1014,1;1014,2;1014;416,9;27,4;22,9;28,7;26,9;23,3;22;80;66;76;292;3,2;1,3;
2026/05/06;2100 UTC;0;1014,7;1014,7;1014,1;16,2;23,9;23,3;27,4;23,8;23,4;22,7;97;76;97;235;2,2;0;
2026/05/06;2200 UTC;0;1015,5;1015,5;1014,7;0;22,7;22,7;23,9;22,7;23,4;22,7;100;96;100;238;,9;,2;
2026/05/06;2300 UTC;0;1015,9;1015,9;1015,5;0;22;22;22,8;21,9;22,7;21,9;100;100;100;246;,9;0;
2026/05/07;0000 UTC;0;1016,2;1016,3;1015,9;0;21,6;21,6;22;21,5;22;21,5;100;100;100;267;1,1;,1;
2026/05/07;0100 UTC;0;1015,8;1016,2;1015,8;0;20,9;20,9;21,6;20,8;21,6;20,8;100;100;100;233;1,1;,3;
2026/05/07;0200 UTC;0;1016,2;1016,2;1015,8;0;19,9;19,9;21;19,9;21;19,9;100;100;100;235;1;,1;
2026/05/07;0300 UTC;0;1015,7;1016,3;1015,7;0;19,6;19,6;20,1;19,6;20,1;19,6;100;100;100;236;1,3;,2;
2026/05/07;0400 UTC;0;1014,9;1015,7;1014,9;0;19,3;19,3;19,7;19,2;19,7;19,2;100;100;100;236;1,3;,2;
2026/05/07;0500 UTC;0;1014,5;1014,9;1014,4;0;18,8;18,8;19,3;18,8;19,3;18,8;100;100;100;245;1,8;,2;
2026/05/07;0600 UTC;0;1014,2;1014,5;1014;0;18,5;18,5;19,1;18,5;19,1;18,5;100;100;100;237;1,1;,1;
2026/05/07;0700 UTC;,2;1013,7;1014,2;1013,7;0;18,4;18,4;18,7;18,4;18,7;18,4;100;100;100;253;1,1;0;
2026/05/07;0800 UTC;0;1013,5;1013,7;1013,4;0;18,2;18,2;18,8;18,2;18,8;18,2;100;100;100;232;1,3;,5;
2026/05/07;0900 UTC;0;1013,8;1013,9;1013,5;0;18,2;18,2;18,6;18,1;18,6;18,1;100;100;100;231;1,2;0;
2026/05/07;1000 UTC;0;1014,2;1014,2;1013,8;45,7;18,5;18,5;18,5;18,1;18,5;18,1;100;100;100;231;,9;0;
2026/05/07;1100 UTC;0;1014,5;1014,6;1014,3;493,7;21,9;21,7;21,9;18,5;21,8;18,6;100;99;99;288;1,1;,2;
2026/05/07;1200 UTC;0;1014,5;1014,7;1014,4;1449,2;25,6;21,3;25,7;21,9;21,8;20,6;99;76;77;264;1,3;,1;
2026/05/07;1300 UTC;0;1014,1;1014,6;1014,1;2056,9;27,7;22,1;28;25,5;22,9;21,3;79;70;71;284;3,7;1,1;
2026/05/07;1400 UTC;0;1012,7;1014,1;1012,7;2486,4;29,8;22,2;29,9;27,6;23;21,5;74;63;64;293;3,8;1,9;
2026/05/07;1500 UTC;0;1011,4;1012,7;1011,4;2732,3;31,7;19,4;31,7;29,6;22,9;18,8;64;47;48;242;6;2,2;
2026/05/07;1600 UTC;0;1010,4;1011,4;1010,4;2557,1;32,1;17,4;32,7;31,5;20,1;17,4;50;41;41;272;6,4;2,1;
2026/05/07;1700 UTC;0;1009,2;1010,4;1009,2;2442,5;32,9;18,1;33;32;19,4;17,5;47;41;41;298;7,8;1,9;
2026/05/07;1800 UTC;0;1009;1009,3;1009;1952,5;32,5;17,6;33,3;32,5;19;17,3;44;40;41;287;5,3;1,3;
2026/05/07;1900 UTC;0;1008,7;1009;1008,7;1196,6;31,7;18,1;32,7;31,4;20,5;17,1;52;39;45;240;6,6;1,6;
2026/05/07;2000 UTC;0;1008,8;1008,9;1008,7;464,3;27,8;20,7;31,7;27,8;20,9;18,2;65;45;65;280;3,8;1,5;
2026/05/07;2100 UTC;0;1009,4;1009,4;1008,8;12,5;23,1;21;27,8;23,1;21,2;20;88;65;88;247;3,1;,1;
2026/05/07;2200 UTC;0;1009,9;1009,9;1009,3;0;21,8;20,9;23,3;21,7;21,1;20,6;95;85;94;235;1,4;,6;
2026/05/07;2300 UTC;0;1010,3;1010,4;1009,9;0;21,2;20,6;22;21,2;21;20,6;97;94;97;241;1,6;,1;
2026/05/08;0000 UTC;0;1010,7;1010,7;1010,3;0;20,5;20,4;21,5;20,5;20,9;20,3;100;96;99;236;1,4;0;
2026/05/08;0100 UTC;0;1011,1;1011,1;1010,6;0;20,4;20,4;20,8;20,4;20,7;20,3;100;99;100;234;1,5;,3;
2026/05/08;0200 UTC;0;1011,1;1011,4;1011,1;0;20,1;20,1;20,4;20;20,4;20;100;100;100;247;2;0;
2026/05/08;0300 UTC;0;1010,7;1011,2;1010,7;0;19,9;19,9;20,1;19,7;20,1;19,7;100;100;100;256;1,2;0;
2026/05/08;0400 UTC;0;1010,7;1010,8;1010,6;0;19,8;19,8;20;19,6;19,9;19,6;100;100;100;262;1,3;,3;
2026/05/08;0500 UTC;0;1010,5;1010,7;1010,3;0;19,8;19,8;19,9;19,6;19,9;19,6;100;100;100;242;1,9;,2;
2026/05/08;0600 UTC;0;1010,3;1010,5;1010,2;0;19,3;19,3;19,8;19,2;19,7;19,2;100;100;100;241;1,3;0;
2026/05/08;0700 UTC;0;1010,2;1010,4;1010,1;0;19,6;19,6;19,7;19,3;19,7;19,3;100;100;100;240;1,8;,6;
2026/05/08;0800 UTC;0;1010,7;1010,7;1010;0;19,4;19,4;19,6;19,3;19,6;19,4;100;100;100;234;1,8;,3;
2026/05/08;0900 UTC;0;1011,8;1011,8;1010,7;0;19,5;19,5;19,6;19,2;19,6;19,2;100;100;100;247;2,9;,6;
2026/05/08;1000 UTC;0;1012;1012,1;1011,8;97,2;24,1;19,6;24,7;19,4;21,5;19,4;100;73;76;278;5,8;2,4;
2026/05/08;1100 UTC;0;1012,5;1012,5;1012;629,6;27,5;19,2;27,6;24,2;19,8;18,9;76;59;61;257;6;2,9;
2026/05/08;1200 UTC;0;1013,1;1013,2;1012,5;1280,6;29,5;18,6;29,5;27,6;20,4;18,5;62;52;52;237;5,8;1,9;
2026/05/08;1300 UTC;0;1012,4;1013,1;1012,4;1995,8;30,4;19;30,6;29,4;19,5;17,6;54;47;51;243;5,5;2;
2026/05/08;1400 UTC;0;1011,3;1012,4;1011,3;1948,6;30,2;17,7;31;29,9;18,7;16,8;51;44;47;246;5,5;1,8;
2026/05/08;1500 UTC;0;1010,2;1011,3;1010,2;2507,5;31,2;17,7;31,6;30,3;18,5;17,1;49;43;45;243;6,1;1,7;
2026/05/08;1600 UTC;0;1008,8;1010,2;1008,8;2581,3;32,7;18,8;33;31,2;20,2;17,3;47;41;44;254;4,7;,9;
2026/05/08;1700 UTC;0;1008;1008,8;1008;1933,1;30,7;21,6;32,9;30,7;21,6;17,4;58;40;58;232;4,5;1,5;
2026/05/08;1800 UTC;0;1007,6;1008;1007,6;972,2;29,8;21,2;30,8;28,9;23,3;20,2;72;53;60;240;3,8;1,1;
2026/05/08;1900 UTC;0;1007,7;1007,7;1007,5;734,1;29,9;19,2;30,1;29,4;22,9;18,6;67;50;53;253;4,5;1,6;
2026/05/08;2000 UTC;0;1007,9;1008;1007,6;434,4;29,9;17,9;30,2;29,1;19,7;17,7;57;47;48;250;5,6;1,8;
2026/05/08;2100 UTC;0;1008,1;1008,1;1007,9;33,4;27,6;18;29,9;27,3;18,6;17,7;59;48;56;235;5,6;1,3;
2026/05/08;2200 UTC;0;1008,5;1008,6;1008,1;0;27,2;17,2;28;27;18,1;17,1;57;52;54;241;5;1;
2026/05/08;2300 UTC;0;1009,3;1009,3;1008,5;0;23,6;18,9;27,4;23,3;19,5;17,2;79;54;75;262;3,4;,3;
2026/05/09;0000 UTC;0;1009,7;1009,8;1009,3;0;23,9;19,2;24,4;23,2;19,4;18,8;79;72;75;267;2,4;,8;
2026/05/09;0100 UTC;0;1009,9;1009,9;1009,7;0;29,2;17;29,7;23,8;19,3;16,7;76;46;48;258;7,2;1,3;
2026/05/09;0200 UTC;0;1010;1010;1009,8;0;29,4;16,9;29,6;28,7;17,1;16,8;49;46;47;270;7;2;
2026/05/09;0300 UTC;0;1009,7;1010;1009,6;0;29,8;16,8;29,9;29,1;17;16,8;48;45;46;278;10,1;3,2;
2026/05/09;0400 UTC;0;1009,7;1009,7;1009,3;0;29,2;17;30;29,2;17;16,8;48;45;48;252;11,8;3,8;
2026/05/09;0500 UTC;0;1009,7;1009,8;1009,6;0;28,8;17;29,4;28,6;17,1;16,9;50;47;49;240;10;3,5;
2026/05/09;0600 UTC;0;1009,8;1009,8;1009,6;0;28,5;17;28,9;28,5;17,2;16,9;50;49;50;246;8,8;3;
2026/05/09;0700 UTC;0;1009,9;1010;1009,8;0;27,5;17,2;28,5;25,3;17,8;16,9;63;50;54;271;6,5;2;
2026/05/09;0800 UTC;0;1010;1010;1009,7;0;24,3;17,9;28,1;24,3;17,9;17;67;51;67;298;6,7;1,1;
2026/05/09;0900 UTC;0;1010,7;1010,7;1010;0;26,7;17,7;26,7;22,8;18,4;17,7;76;58;58;254;5,5;1,8;
2026/05/09;1000 UTC;0;1011,3;1011,3;1010,7;30,7;27,6;17,8;27,9;26;17,9;17,4;61;54;55;244;5,5;1,8;
2026/05/09;1100 UTC;0;1011,6;1011,7;1011,3;527,3;29,1;18;29,1;27,6;18,2;17,8;56;51;51;247;8,1;2,5;
2026/05/09;1200 UTC;0;1012;1012;1011,6;1472,5;30,5;18,4;30,5;29,1;18,8;17,8;52;48;48;254;8,5;2,2;
2026/05/09;1300 UTC;0;1012;1012,1;1011,9;2140,2;32,3;18,1;32,5;30,3;19,5;17,7;49;43;43;270;7,5;1,1;
2026/05/09;1400 UTC;0;1011,4;1012;1011,4;2525,9;33,5;18,7;33,6;32,3;19,4;17,5;46;40;42;262;7,7;1,4;
2026/05/09;1500 UTC;0;1010,5;1011,4;1010,5;2785,9;33,9;17,5;34,1;32,9;19,4;17,4;45;37;38;253;6,7;1,5;
2026/05/09;1600 UTC;0;1009,9;1010,5;1009,9;2609,2;33,6;18;34,3;33,5;19,1;16,6;42;35;40;243;5,6;1,6;
2026/05/09;1700 UTC;0;1009,4;1010;1009,3;2013,3;32,9;19,8;34,5;32,8;19,8;17,1;48;37;46;243;5,3;1,1;
2026/05/09;1800 UTC;0;1009,4;1009,4;1009,2;1304,2;32,9;21;33,2;30,4;22,4;18,5;62;42;50;248;2,9;,3;
2026/05/09;1900 UTC;0;1009,4;1009,4;1009,4;1168,6;31;20,2;33,1;30,7;21,4;18,2;55;43;53;242;5,4;,5;
2026/05/09;2000 UTC;0;1010;1010;1009,4;422,4;26,8;22,3;31;26,7;23;19,7;78;51;76;239;2,2;,2;
2026/05/09;2100 UTC;0;1010,3;1010,3;1010;12,4;24,6;22,1;26,8;24,3;22,6;21,7;88;75;86;233;1,4;,6;
2026/05/09;2200 UTC;0;1010,6;1010,6;1010,3;0;23,5;21,6;24,6;23,3;22,3;21,5;90;86;89;239;3,3;,2;
2026/05/09;2300 UTC;0;1011,3;1011,3;1010,6;0;22,2;21,5;23,5;22,2;21,7;21,4;96;89;96;232;1,2;,3;
2026/05/10;0000 UTC;0;1012;1012;1011,2;0;23;21,1;23;21,8;21,6;21,1;97;89;89;286;2,2;,4;
2026/05/10;0100 UTC;0;1012,1;1012,1;1012;0;21,6;21,2;23,1;21,6;21,4;20,7;97;88;97;256;2,2;,1;
2026/05/10;0200 UTC;0;1012;1012,1;1011,9;0;21;20,9;21,6;21;21,4;20,9;100;97;99;235;1,7;,2;
2026/05/10;0300 UTC;0;1011,8;1012;1011,8;0;20,5;20,5;21,3;20,5;21,3;20,5;100;98;100;232;1,5;,2;
2026/05/10;0400 UTC;0;1011,4;1011,8;1011,4;0;20;20;20,6;20;20,6;20;100;100;100;233;1,6;,1;
2026/05/10;0500 UTC;0;1011,4;1011,5;1011,1;0;20,3;20,3;20,6;19,7;20,5;19,8;100;100;100;264;2,1;,6;
2026/05/10;0600 UTC;0;1011,8;1011,8;1011,4;0;20,2;20,2;20,3;20;20,3;20;100;100;100;251;2;,5;
2026/05/10;0700 UTC;0;1011,9;1012;1011,8;0;19,5;19,5;20,2;19,5;20,2;19,5;100;100;100;244;1,6;0;
2026/05/10;0800 UTC;0;1012,3;1012,3;1011,8;0;20,1;20,1;20,2;19,4;20,2;19,4;100;100;100;290;1,3;,1;
2026/05/10;0900 UTC;0;1012,7;1012,7;1012,3;0;19,8;19,8;20,2;19,7;20,1;19,7;100;100;100;231;1,3;,1;
2026/05/10;1000 UTC;0;1013,6;1013,6;1012,7;76,1;20,4;20,4;20,4;19,7;20,4;19,7;100;100;100;231;1,1;,3;
2026/05/10;1100 UTC;0;1014,4;1014,4;1013,6;260,6;22,2;22,2;22,2;20,4;22,2;20,4;100;100;100;231;1,1;,2;
2026/05/10;1200 UTC;0;1014,8;1014,9;1014,4;386,2;24;23,3;24;22,2;23,4;22,2;100;96;96;232;1,1;0;
2026/05/10;1300 UTC;0;1014,2;1014,8;1014,2;1722,7;25,9;22,1;26,4;24;23,3;21,7;96;78;80;241;1,9;,6;
2026/05/10;1400 UTC;0;1013,4;1014,2;1013,4;1627,3;26,9;21,9;27,5;25,9;22,9;21,9;81;73;74;303;3,1;1,8;
2026/05/10;1500 UTC;0;1012,6;1013,4;1012,6;1806,9;28,6;21,2;28,7;26,8;22,8;20,9;76;64;65;291;3,9;1,4;
2026/05/10;1600 UTC;0;1012,1;1012,6;1012,1;1040,1;26,4;21,7;29,2;26,4;22,1;21,2;75;63;75;298;4,1;1,8;
2026/05/10;1700 UTC;0;1012,2;1012,2;1012;379,6;24,8;20,8;26,4;24,8;21,7;20,5;79;75;78;274;3,9;,3;
2026/05/10;1800 UTC;0;1012,6;1012,6;1012,2;90,8;23,5;20;24,8;23,5;20,8;19,8;81;77;81;292;5,5;1,1;
2026/05/10;1900 UTC;,2;1013;1013,1;1012,6;49,6;21,4;21;23,5;21,4;21;19,9;97;81;97;263;3,7;0;
2026/05/10;2000 UTC;,6;1013,5;1013,5;1012,9;30,3;21;20,9;21,4;21;21,3;20,8;100;97;99;278;2,1;,6;
2026/05/10;2100 UTC;,4;1014,3;1014,3;1013,4;2,1;20,5;20,4;21;20,5;20,9;20,4;100;99;100;286;2,8;1,5;
2026/05/10;2200 UTC;1;1014,9;1014,9;1014,3;0;20,2;20,2;20,5;20,2;20,5;20,2;100;100;100;289;2,7;,8;
2026/05/10;2300 UTC;,2;1015,5;1015,5;1014,8;0;20,3;20,3;20,4;20,2;20,4;20,2;100;100;100;276;1,8;,1;
2026/05/11;0000 UTC;1,2;1015,9;1016;1015,5;0;20;20;20,3;20;20,3;20;100;100;100;272;1,1;,3;
2026/05/11;0100 UTC;1,6;1016;1016,3;1015,9;0;19,8;19,8;20;19,7;20;19,7;100;100;100;277;4,3;,2;
2026/05/11;0200 UTC;2,6;1016,2;1016,3;1016;0;19,4;19,4;19,8;19,4;19,7;19,4;100;99;100;284;3,5;,3;
2026/05/11;0300 UTC;1,2;1016;1016,3;1016;0;19;19;19,4;19;19,4;19;100;99;100;237;3,5;,7;
2026/05/11;0400 UTC;0;1015,4;1016;1015,3;0;19,2;19,2;19,2;19;19,2;19;100;100;100;284;2,4;,7;
2026/05/11;0500 UTC;,6;1015;1015,4;1014,9;0;19;19;19,3;19;19,3;19;100;99;100;266;1,7;0;
2026/05/11;0600 UTC;4,4;1014,9;1015;1014,9;0;19;19;19,1;19;19,1;19;100;100;100;278;1,6;,4;
2026/05/11;0700 UTC;,8;1014,8;1015;1014,7;0;18,9;18,9;19;18,8;19;18,8;100;100;100;301;1,4;,4;
2026/05/11;0800 UTC;,6;1014,7;1014,8;1014,6;0;18,7;18,7;18,9;18,7;18,9;18,7;100;100;100;239;1,1;0;
2026/05/11;0900 UTC;,2;1015,7;1015,7;1014,7;0;18,7;18,7;18,8;18,7;18,8;18,7;100;100;100;285;1;0;
2026/05/11;1000 UTC;,6;1016,3;1016,3;1015,7;20,5;18,7;18,7;18,9;18,6;18,9;18,6;100;100;100;287;1,3;,1;
2026/05/11;1100 UTC;,4;1016,9;1016,9;1016,3;85,8;18,8;18,8;18,9;18,7;18,9;18,7;100;100;100;263;1,1;0;
2026/05/11;1200 UTC;,2;1017,6;1017,6;1016,8;302,9;19,3;18,8;19,4;18,8;19,2;18,8;100;97;97;297;2,8;1,1;
2026/05/11;1300 UTC;,8;1018,3;1018,3;1017,6;358,5;18,3;17,8;19,3;18,2;18,7;17,7;98;96;97;298;5,4;1,7;
2026/05/11;1400 UTC;0;1017,6;1018,4;1017,5;373,8;18,3;18,1;18,3;17,9;18,1;17,4;99;96;99;243;4,7;,5;
2026/05/11;1500 UTC;,2;1017,2;1017,6;1017,1;515;18,2;17,7;18,4;18,1;18,2;17,3;99;94;97;249;2,8;,6;
2026/05/11;1600 UTC;0;1016,3;1017,2;1016,3;857,7;19;17,7;19;18,1;18,1;17;98;89;92;234;2,6;,8;
2026/05/11;1700 UTC;0;1015,7;1016,3;1015,7;530;19,2;17,2;19,5;18,9;17,7;17;92;87;88;247;3,1;,5;
2026/05/11;1800 UTC;0;1015,1;1015,7;1015,1;260,3;19,4;18;19,5;19,1;18;17,3;93;88;92;248;2,7;,2;
2026/05/11;1900 UTC;0;1015,5;1015,5;1015,1;253,1;19,7;18,3;19,8;19,4;18,6;17,8;94;88;92;236;1,7;,7;
2026/05/11;2000 UTC;0;1015,9;1015,9;1015,5;149,1;19,3;17;19,7;19,2;18,3;17;94;86;86;234;2,5;,9;
2026/05/11;2100 UTC;0;1016,7;1016,7;1015,9;7,4;18,6;17,7;19,3;18,2;18,1;16,6;99;85;95;259;2,3;,7;
2026/05/11;2200 UTC;0;1017,6;1017,6;1016,7;0;18,4;17,5;18,7;18,2;18,1;17,3;99;92;95;277;2,1;,5;
2026/05/11;2300 UTC;0;1018,1;1018,1;1017,6;0;18,4;16,7;18,4;18,2;17,6;16,7;96;90;90;242;2,8;1;
2026/05/12;0000 UTC;0;1018,6;1018,6;1018,1;0;17,9;17,5;18,4;17,9;17,5;16,6;97;90;97;240;3,1;,3;
2026/05/12;0100 UTC;0;1018,8;1018,9;1018,6;0;18,3;16,8;18,4;17,9;17,5;16,8;98;91;91;258;2;,6;
2026/05/12;0200 UTC;0;1018,6;1018,8;1018,5;0;18,1;16,6;18,3;18,1;16,9;16,6;92;90;91;250;2,9;1,3;
2026/05/12;0300 UTC;0;1018,3;1018,6;1018,3;0;17,9;17;18,3;17,9;17,2;16,7;95;91;94;285;2,9;,7;
2026/05/12;0400 UTC;0;1018;1018,3;1017,9;0;16,4;16,4;17,9;16,4;17,1;16,4;100;94;100;250;1,6;0;
2026/05/12;0500 UTC;0;1017,8;1018;1017,7;0;16;16;16,4;15,9;16,4;15,9;100;100;100;237;1,6;0;
2026/05/12;0600 UTC;0;1017,7;1017,8;1017,7;0;16,2;16,2;16,2;15,9;16,2;15,9;100;100;100;236;1;0;
2026/05/12;0700 UTC;0;1017,6;1017,7;1017,6;0;16;16;16,4;16;16,4;16;100;100;100;231;,7;,1;
2026/05/12;0800 UTC;0;1017,7;1017,7;1017,5;0;15,1;15,1;16;15,1;15,9;15,1;100;100;100;236;,9;0;
2026/05/12;0900 UTC;0;1018,4;1018,4;1017,7;0;14,6;14,6;15,1;14,3;14,9;14,3;100;100;100;234;,9;,3;
2026/05/12;1000 UTC;0;1019;1019;1018,4;38,8;14,3;14,3;14,6;14;14,5;14;100;100;100;234;,9;,1;
2026/05/12;1100 UTC;0;1019,7;1019,7;1019;537,2;17,5;17,5;17,5;14,3;17,5;14,3;100;100;100;289;,8;,1;
2026/05/12;1200 UTC;0;1019,9;1019,9;1019,6;1467;20,6;15,6;20,9;17,5;17,7;15,4;100;72;73;296;1,6;,5;
2026/05/12;1300 UTC;0;1019,7;1020,1;1019,7;2115,1;22,4;14;22,4;20,6;16,1;13,1;73;57;59;280;2,1;,6;
2026/05/12;1400 UTC;0;1018,2;1019,7;1018,2;2531;22,9;13,3;23,2;22,3;14,7;11,4;61;49;55;277;2,8;1,1;
2026/05/12;1500 UTC;0;1017,1;1018,2;1017,1;2769,9;23,8;13,1;24;22,7;14,3;12,3;56;50;51;291;4,9;1,3;
2026/05/12;1600 UTC;0;1015,9;1017,1;1015,9;2669,2;24,5;14,6;25;23,7;14,7;12,9;56;48;54;241;3,9;1,1;
2026/05/12;1700 UTC;0;1015;1015,9;1014,9;2399;24,6;14,3;25,4;24,1;15,5;12,8;57;48;53;243;4,4;1,3;
2026/05/12;1800 UTC;0;1014,7;1015;1014,7;1693,3;24,1;14,3;25;23,8;15,3;13,3;57;50;54;235;4,5;1,4;
2026/05/12;1900 UTC;0;1014,9;1014,9;1014,6;1142,6;23,3;15,3;24,3;23,3;15,8;13,8;62;52;61;231;5,9;1,5;
2026/05/12;2000 UTC;0;1014,8;1014,9;1014,8;408,4;21,6;15,5;23,5;21,5;16,1;14,4;71;57;68;235;4,5;1,9;
2026/05/12;2100 UTC;0;1015,3;1015,3;1014,8;12,4;19,1;16;21,6;18,8;16;15;84;68;82;271;4,5;,1;
2026/05/12;2200 UTC;0;1016;1016;1015,3;0;17,2;16,7;19,1;17,2;16,8;15,9;97;82;97;248;1,5;,4;
2026/05/12;2300 UTC;0;1017;1017;1016;0;16,3;16,3;17,3;16,3;16,8;16,2;100;97;100;249;1,5;0;
2026/05/13;0000 UTC;0;1016,9;1017;1016,9;0;16,1;16,1;16,4;16;16,4;16;100;100;100;231;,8;,1;
2026/05/13;0100 UTC;0;1017,1;1017,2;1016,9;0;15,6;15,6;16,1;15,6;16,1;15,6;100;100;100;237;1,1;0;
2026/05/13;0200 UTC;0;1016,5;1017,1;1016,5;0;15,2;15,2;15,6;15,2;15,6;15,2;100;100;100;233;1,1;0;
2026/05/13;0300 UTC;0;1016,1;1016,6;1016,1;0;14,7;14,7;15,3;14,6;15,3;14,6;100;100;100;231;1;,1;
2026/05/13;0400 UTC;0;1015,7;1016,1;1015,7;0;14,8;14,8;15;14,5;15;14,5;100;100;100;274;1,1;0;
2026/05/13;0500 UTC;0;1015;1015,7;1015;0;14,5;14,5;14,9;14,4;14,9;14,4;100;100;100;231;1,4;0;
2026/05/13;0600 UTC;0;1014,7;1015;1014,7;0;14,6;14,6;14,7;14;14,7;14;100;100;100;231;1,3;,3;
2026/05/13;0700 UTC;0;1014,3;1014,6;1014,2;0;14,1;14,1;14,6;14;14,6;14;100;100;100;231;1,3;0;
2026/05/13;0800 UTC;0;1014,1;1014,3;1014;0;14,4;14,4;14,5;14,1;14,5;14,1;100;100;100;231;1,2;0;
2026/05/13;0900 UTC;,2;1014,9;1014,9;1014,1;0;14;14;14,4;13,9;14,4;13,9;100;100;100;231;1;,1;
2026/05/13;1000 UTC;0;1015,1;1015,2;1014,9;45,2;14,5;14,5;14,6;13,9;14,6;13,9;100;100;100;231;1;0;
2026/05/13;1100 UTC;0;1015,6;1015,7;1015,1;510,2;17,6;17,5;17,6;14,5;17,5;14,5;100;100;100;240;1;,1;
2026/05/13;1200 UTC;0;1015,7;1015,8;1015,5;1370,6;21;16,7;21,3;17,5;18,6;16,2;100;75;77;282;1,5;,4;
2026/05/13;1300 UTC;0;1015,5;1015,8;1015,5;1979;22,8;17,8;22,8;21;17,9;16,5;79;69;73;281;2,5;,8;
2026/05/13;1400 UTC;0;1014,6;1015,5;1014,6;2412,6;24,9;17,8;24,9;22,8;18,1;16,9;73;64;65;298;3,8;1,2;
2026/05/13;1500 UTC;0;1013,2;1014,6;1013,2;2613,2;26,3;18,1;26,4;24,4;18,5;17,1;66;60;60;303;3,6;1,2;
2026/05/13;1600 UTC;0;1012,5;1013,3;1012,5;2567,9;27,6;18,5;27,6;25,7;19,2;17,4;62;57;58;300;4,6;1,9;
2026/05/13;1700 UTC;0;1011,7;1012,5;1011,7;2271,9;27,8;18,5;28,2;27,1;19,3;18;61;56;57;301;4,3;1,4;
2026/05/13;1800 UTC;0;1011,8;1011,8;1011,7;1755,8;28,2;18,9;28,4;27,7;20,5;18,5;63;57;57;266;3,1;,6;
2026/05/13;1900 UTC;0;1011,7;1011,9;1011,7;1109,7;26,8;20,8;28,6;26,7;20,8;18,7;70;57;70;231;3,1;1,4;
2026/05/13;2000 UTC;0;1012,5;1012,5;1011,7;378,9;23,7;20,8;27,1;23,7;20,9;20;84;65;84;243;3,1;,1;
2026/05/13;2100 UTC;0;1013,6;1013,6;1012,5;14,9;22,2;19,9;24,6;22,2;20,8;18,5;87;71;87;263;2,9;0;
2026/05/13;2200 UTC;0;1014,2;1014,2;1013,6;0;20,2;19,5;22,2;20,2;20;19,5;96;87;96;231;1,1;,4;
2026/05/13;2300 UTC;0;1015,2;1015,2;1014,2;0;19,7;19,7;20,2;19,7;20;19,5;100;96;100;231;1,1;0;
2026/05/14;0000 UTC;0;1015,5;1015,5;1015,2;0;19,1;19,1;19,7;19,1;19,7;19,1;100;100;100;231;1;,4;
2026/05/14;0100 UTC;0;1015,1;1015,5;1015;0;18,9;18,9;19,3;18,9;19,3;18,9;100;100;100;231;,9;0;
2026/05/14;0200 UTC;0;1015;1015,2;1015;0;18,7;18,7;19,1;18,5;19,1;18,5;100;100;100;231;,8;,1;
2026/05/14;0300 UTC;0;1014,2;1015;1014,2;0;18,5;18,5;18,7;18,4;18,6;18,4;100;100;100;233;1,1;,1;
2026/05/14;0400 UTC;0;1013,7;1014,2;1013,7;0;18,4;18,4;18,6;18,2;18,6;18,2;100;100;100;231;,8;,1;
2026/05/14;0500 UTC;0;1013,3;1013,8;1013,3;0;18,3;18,3;18,4;18,2;18,4;18,2;100;100;100;231;,9;,2;
2026/05/14;0600 UTC;0;1013,1;1013,3;1013;0;17,9;17,9;18,4;17,8;18,4;17,8;100;100;100;231;,9;0;
2026/05/14;0700 UTC;0;1013,2;1013,3;1013,1;0;17,7;17,7;18,1;17,6;18,1;17,6;100;100;100;231;,9;,1;
2026/05/14;0800 UTC;0;1013;1013,3;1013;0;17,9;17,9;18;17,5;18;17,5;100;100;100;238;1,3;0;
2026/05/14;0900 UTC;0;1013,3;1013,3;1012,9;0;17,6;17,6;18,1;17,5;18,1;17,5;100;100;100;231;,9;,1;
2026/05/14;1000 UTC;0;1014,1;1014,1;1013,3;60,8;18;18;18;17,4;18;17,4;100;100;100;231;,9;,1;
2026/05/14;1100 UTC;0;1014,4;1014,4;1014,1;414,8;19,9;19,9;19,9;18;19,9;18;100;100;100;304;,6;0;
2026/05/14;1200 UTC;0;1014,9;1014,9;1014,4;852,1;22,2;20;22,2;19,9;20,5;19,9;100;87;87;254;,9;,1;
2026/05/14;1300 UTC;0;1014,8;1015;1014,8;1698;24,8;18,7;25,1;22,2;20,3;18,3;87;67;69;289;1,7;,4;
2026/05/14;1400 UTC;0;1014,1;1014,8;1014,1;2383,3;26,4;20,2;26,4;24,8;20,2;18,6;72;66;69;298;2,9;,9;
2026/05/14;1500 UTC;0;1013,2;1014,1;1013,2;2582,9;27;19,5;27,6;26;21,1;19;69;62;64;278;3,1;,8;
2026/05/14;1600 UTC;0;1012,7;1013,3;1012,7;2045,4;27,4;19,3;28;27;20,3;19;65;60;61;263;3,8;,6;
2026/05/14;1700 UTC;0;1012,5;1012,8;1012,4;1325,2;28,1;19,9;28,1;27,1;21,1;19,2;69;60;61;296;2,4;,7;
2026/05/14;1800 UTC;0;1012,3;1012,6;1012,3;662,3;26;22,1;28,2;26;22,3;19,5;80;60;79;231;1,8;,2;
2026/05/14;1900 UTC;0;1012,5;1012,5;1012,1;547,7;25,1;20,8;26,4;24,9;22,3;20,3;81;71;77;298;5,2;,3;
2026/05/14;2000 UTC;0;1012,8;1012,8;1012,5;236,6;23,9;21;25,2;23,8;21,5;20,4;87;75;84;293;1,8;,1;
2026/05/14;2100 UTC;0;1013,4;1013,4;1012,8;6,7;23,6;20,2;24,4;23,1;20,7;20,1;86;78;81;281;2,9;,7;
2026/05/14;2200 UTC;0;1014,2;1014,2;1013,4;0;22,5;21,4;23,6;22,3;21,4;20,2;94;82;94;235;1,7;,8;
2026/05/14;2300 UTC;0;1014,8;1014,8;1014,2;0;22,6;21;23,1;22,3;21,6;20,7;96;86;91;242;1,9;,5;
2026/05/15;0000 UTC;0;1015,1;1015,1;1014,8;0;22,1;21,6;23;22,1;21,6;20,8;97;88;97;236;1,6;0;
2026/05/15;0100 UTC;0;1015,5;1015,5;1015,1;0;22;21,2;22,5;22;21,6;20,9;97;91;95;233;1,6;,1;
2026/05/15;0200 UTC;0;1015,4;1015,5;1015,3;0;21,6;21,3;22;21,6;21,4;21,1;98;95;98;231;,8;,1;
2026/05/15;0300 UTC;0;1014,9;1015,4;1014,9;0;21,5;21,5;21,7;21,5;21,5;21,3;100;98;100;231;,5;0;
2026/05/15;0400 UTC;0;1014,4;1014,9;1014,4;0;21,6;21,6;21,6;21,4;21,6;21,4;100;100;100;251;,7;0;
2026/05/15;0500 UTC;0;1014;1014,4;1014;0;21,5;21,5;21,6;21,4;21,6;21,4;100;100;100;233;0;0;
2026/05/15;0600 UTC;0;1013,4;1014;1013,4;0;21,6;21,3;21,6;21,4;21,5;21,3;100;99;99;249;1,7;1,1;
2026/05/15;0700 UTC;0;1013,4;1013,5;1013,3;0;21,3;21,3;21,6;21,3;21,4;21,2;100;99;100;231;1,7;0;
2026/05/15;0800 UTC;0;1013,5;1013,5;1013,4;0;21,2;21,2;21,3;21,2;21,3;21,2;100;100;100;231;,6;0;
2026/05/15;0900 UTC;0;1013,7;1013,8;1013,4;0;21,2;21,2;21,2;21,2;21,2;21,2;100;100;100;231;,5;0;
2026/05/15;1000 UTC;0;1014;1014,1;1013,7;35,4;21,6;21,6;21,6;21,2;21,6;21,2;100;100;100;301;,7;,1;
2026/05/15;1100 UTC;0;1014,7;1014,7;1014;280,2;22,6;21,2;22,6;21,6;21,8;21;100;91;92;266;,7;0;
2026/05/15;1200 UTC;0;1015,6;1015,6;1014,7;336,8;23;21,4;23,1;22,6;21,4;20,5;92;86;91;231;,8;0;
2026/05/15;1300 UTC;0;1015,2;1015,8;1015,1;736,5;24;20,5;24,2;23;21,6;20,5;92;81;81;231;1,4;,4;
2026/05/15;1400 UTC;0;1015;1015,2;1014,8;746,1;24,2;20,5;24,5;24;21,1;19,7;82;76;80;260;1,2;,2;
2026/05/15;1500 UTC;0;1014,5;1015;1014,5;459,4;24,1;20,8;24,3;24;21,1;20,2;83;79;82;285;1,8;,6;
2026/05/15;1600 UTC;0;1013,7;1014,5;1013,7;597,9;24,1;21,4;24,8;24,1;21,4;20,5;85;78;85;257;1,4;,1;
2026/05/15;1700 UTC;0;1013,4;1013,7;1013,4;270,3;23,6;20,9;24,3;23,6;22,1;20,5;90;81;85;256;2;,7;
2026/05/15;1800 UTC;0;1013,4;1013,5;1013,2;241,6;23;21,9;23,7;23;21,9;20,9;94;84;94;231;2,3;0;
2026/05/15;1900 UTC;0;1013,4;1013,5;1013,2;201,8;22,9;21,9;23;22,9;22;21,6;94;92;94;302;1,2;,2;
2026/05/15;2000 UTC;0;1013,8;1013,8;1013,4;84,4;22,9;22,3;23;22,9;22,3;21,9;97;94;97;299;1;,1;
2026/05/15;2100 UTC;0;1014,3;1014,4;1013,8;1,1;22,5;22,3;22,9;22,4;22,4;22,1;100;96;99;299;1,2;,7;
2026/05/15;2200 UTC;0;1014,9;1015;1014,3;0;22;22;22,5;22;22,3;22;100;99;100;250;1,2;0;
2026/05/15;2300 UTC;0;1015,4;1015,4;1014,9;0;21,9;21,9;22,1;21,9;22;21,9;100;100;100;231;,6;0;
2026/05/16;0000 UTC;0;1015,3;1015,5;1015,3;0;21,8;21,8;21,9;21,8;21,9;21,8;100;100;100;243;,9;0;
2026/05/16;0100 UTC;0;1015,5;1015,7;1015,2;0;21,7;21,7;21,9;21,7;21,9;21,7;100;100;100;231;,5;,1;
2026/05/16;0200 UTC;0;1014,4;1015,6;1014,4;0;21,8;21,7;22;21,7;22;21,7;100;100;100;240;3;,8;
2026/05/16;0300 UTC;0;1013,8;1014,4;1013,8;0;21,5;21,2;22;21,4;21,7;21,1;100;96;98;270;3,5;,4;
2026/05/16;0400 UTC;0;1013,4;1014;1013,4;0;21,2;21,2;21,6;21;21,4;21;100;98;100;252;2,1;,4;
2026/05/16;0500 UTC;0;1012,8;1013,4;1012,8;0;20,9;20,9;21,4;20,9;21,3;20,8;100;97;99;247;2,2;,1;
2026/05/16;0600 UTC;0;1012,4;1012,9;1012,4;0;20;20;20,9;20;20,9;20;100;99;100;237;1,2;0;
2026/05/16;0700 UTC;0;1012,2;1012,5;1012,2;0;19,4;19,4;20;19,4;20;19,4;100;100;100;251;1,9;,4;
2026/05/16;0800 UTC;0;1012,4;1012,4;1012;0;18,7;18,7;19,4;18,7;19,4;18,7;100;100;100;231;1,9;0;
2026/05/16;0900 UTC;0;1012,6;1012,6;1012,3;0;18,4;18,4;18,8;18,4;18,8;18,4;100;100;100;241;1;0;
2026/05/16;1000 UTC;0;1013,3;1013,3;1012,6;39,1;18,2;18,2;18,5;18;18,5;18;100;100;100;231;1,1;,1;
2026/05/16;1100 UTC;0;1013,6;1013,7;1013,3;492;21,2;20,3;21,2;18,2;20,5;18,2;100;95;95;231;2;,1;
2026/05/16;1200 UTC;0;1014,4;1014,4;1013,6;1270,5;23,7;20,2;23,7;21,2;20,4;19,7;95;80;81;303;3,2;2;
2026/05/16;1300 UTC;0;1014,6;1014,8;1014,4;1862,9;25,7;20,5;25,7;23,7;20,8;19,9;81;73;73;253;3,2;,3;
2026/05/16;1400 UTC;0;1013,9;1014,6;1013,9;2245,2;26,6;19,3;27;25,2;21,2;19,3;74;64;65;302;3,6;1,5;
2026/05/16;1500 UTC;0;1013,3;1013,9;1013,3;2167,3;27,4;20,3;27,8;26,5;21;19,8;69;64;65;292;3,6;1;
2026/05/16;1600 UTC;0;1012,4;1013,3;1012,4;2065,5;27,9;19,8;28,7;27,3;21,6;19,8;68;61;62;300;3,4;1,3;
2026/05/16;1700 UTC;0;1011,6;1012,4;1011,6;1681,8;28,5;20,9;28,8;27,8;21,7;19,9;67;61;64;231;3,4;,5;
2026/05/16;1800 UTC;0;1011,4;1011,6;1011,3;1059,1;26,9;21,6;29,1;26,8;22,4;20,2;74;60;72;233;2,1;,2;
2026/05/16;1900 UTC;0;1011,7;1011,7;1011,4;443,2;26,1;22,7;26,9;25,6;23,2;21,9;86;73;82;261;1,5;,2;
2026/05/16;2000 UTC;0;1012,1;1012,1;1011,7;167,4;24;23,5;26,1;24;23,6;22,6;97;82;97;240;1;0;
2026/05/16;2100 UTC;0;1012,5;1012,6;1012,1;5;22,9;22,9;24,2;22,9;23,6;22,9;100;95;100;231;,9;,2;
2026/05/16;2200 UTC;0;1013;1013;1012,5;0;22,1;22,1;22,9;22,1;22,9;22,1;100;100;100;231;,9;,1;
2026/05/16;2300 UTC;0;1013,5;1013,5;1013;0;22;22;22,1;21,8;22,1;21,8;100;100;100;231;,7;0;
2026/05/17;0000 UTC;0;1013,8;1013,9;1013,4;0;22,2;22,2;22,2;22;22,2;22;100;100;100;233;1,2;0;
2026/05/17;0100 UTC;0;1014;1014;1013,6;0;22,2;22,2;22,3;22,1;22,3;22,1;100;100;100;269;,9;0;
2026/05/17;0200 UTC;0;1014;1014,2;1014;0;21,9;21,9;22,2;21,9;22,2;21,9;100;100;100;241;,5;0;
2026/05/17;0300 UTC;0;1012,8;1014;1012,8;0;21,3;21,3;21,9;21,2;21,9;21,2;100;100;100;265;,7;,1;
2026/05/17;0400 UTC;0;1012,7;1012,9;1012,6;0;21,2;21,2;21,3;21;21,3;21;100;100;100;231;2;,1;
2026/05/17;0500 UTC;0;1012,4;1012,8;1012,4;0;21,3;21,3;21,4;21,2;21,4;21,2;100;100;100;231;1,6;0;
2026/05/17;0600 UTC;0;1012,1;1012,4;1012,1;0;21,4;21,4;21,5;21,3;21,5;21,3;100;100;100;231;1;,1;
2026/05/17;0700 UTC;0;1012;1012,4;1011,7;0;21,5;21,5;21,5;21,4;21,5;21,4;100;100;100;304;1,5;,1;
2026/05/17;0800 UTC;0;1012,1;1012,3;1012;0;21,6;21,6;21,8;21,5;21,8;21,5;100;100;100;239;1,6;,5;
2026/05/17;0900 UTC;0;1012,2;1012,2;1011,9;0;21;21;21,7;20,8;21,7;20,8;100;100;100;265;1,5;,2;
2026/05/17;1000 UTC;0;1012,8;1012,9;1012,2;16,1;21,4;21,4;21,4;21;21,4;21;100;100;100;261;1,5;0;
2026/05/17;1100 UTC;0;1012,9;1013;1012,7;303,6;22,7;21,8;22,7;21,3;22,1;21,3;100;95;95;260;,9;0;
2026/05/17;1200 UTC;0;1013,3;1013,4;1012,9;1026;24,6;21,3;24,6;22,7;22;21,1;95;82;82;271;1,1;,3;
2026/05/17;1300 UTC;0;1012,6;1013,3;1012,6;1787,9;26,2;21,4;26,6;24,6;22,4;20,6;83;73;75;271;2,7;,9;
2026/05/17;1400 UTC;0;1012,3;1012,6;1012;2197,2;27,6;21,9;27,8;26,2;22,6;21;76;70;71;299;3,5;1,6;
2026/05/17;1500 UTC;0;1011,3;1012,4;1011,3;2475,3;28,7;21,4;29,1;27,5;22,5;21,2;73;65;65;293;4,6;,6;
2026/05/17;1600 UTC;0;1010;1011,3;1010;2192,1;29,5;22,2;29,8;28,5;23;21,3;68;62;65;291;2,6;,6;
2026/05/17;1700 UTC;0;1008,9;1010;1008,9;1635,8;30,1;22,8;30,3;29,4;23,4;21,6;68;61;65;245;2,1;,4;
2026/05/17;1800 UTC;0;1008,7;1008,9;1008,6;1264;29;23,8;30,6;28,9;24,5;22;77;62;74;233;4,1;,5;
2026/05/17;1900 UTC;0;1008,9;1009;1008,7;774,2;27,8;24,5;30;27,7;24,6;23,2;82;67;82;231;4,1;0;
2026/05/17;2000 UTC;0;1009,4;1009,4;1008,9;208;25,9;25;27,9;25,9;25,2;24,1;95;80;95;269;1,4;,2;
2026/05/17;2100 UTC;0;1010;1010;1009,4;5,4;24,6;24,6;26,4;24,6;25,2;24,6;100;92;100;232;1,9;0;
2026/05/17;2200 UTC;0;1011,1;1011,1;1010;0;23,5;23,5;24,8;23,5;24,7;23,5;100;98;100;231;1,6;,2;
2026/05/17;2300 UTC;0;1012,3;1012,3;1011,1;0;23;23;23,6;22,9;23,5;22,9;100;98;100;273;1,3;,1;
2026/05/18;0000 UTC;0;1012,6;1012,6;1012,3;0;22,5;22,5;23,2;22,4;23,1;22,4;100;99;100;231;1,2;,1;
2026/05/18;0100 UTC;0;1013,2;1013,2;1012,6;0;22,1;22,1;22,5;22,1;22,5;22,1;100;100;100;231;1,4;0;
2026/05/18;0200 UTC;0;1013,3;1013,3;1012,8;0;21,7;21,7;22,2;21,7;22,2;21,7;100;100;100;231;1,3;,3;
2026/05/18;0300 UTC;0;1013;1013,4;1013;0;22,3;22,3;22,3;21,7;22,3;21,8;100;100;100;257;1,5;0;
2026/05/18;0400 UTC;0;1012,6;1013,1;1012,5;0;21,7;21,7;22,3;21,7;22,3;21,7;100;100;100;231;1;0;
2026/05/18;0500 UTC;0;1011,2;1012,6;1011,2;0;21,8;21,8;21,8;21,5;21,8;21,5;100;100;100;250;1,1;0;
2026/05/18;0600 UTC;0;1010,9;1011,2;1010,8;0;21,9;21,9;22,1;21,8;22,1;21,8;100;100;100;261;1,4;,4;
2026/05/18;0700 UTC;0;1011,8;1011,8;1010,7;0;21,8;21,4;22,6;21,8;22,5;21,2;100;93;98;231;3,4;,5;
2026/05/18;0800 UTC;0;1011,3;1011,8;1011,2;0;21,6;21,6;21,8;21,5;21,7;21,4;100;98;100;249;1;,1;
2026/05/18;0900 UTC;0;1011,5;1011,6;1011,3;0;21,2;21,2;21,9;21,2;21,9;21,2;100;100;100;258;2,4;0;
2026/05/18;1000 UTC;0;1012,2;1012,2;1011,5;55,9;21,3;21,3;21,4;20,9;21,4;20,9;100;100;100;231;1;,1;
2026/05/18;1100 UTC;0;1013;1013;1012,2;398,9;23,4;22,6;23,4;21,3;22,6;21,4;100;95;95;231;1,1;,3;
2026/05/18;1200 UTC;0;1013,3;1013,4;1013;1003,2;26,1;21,9;26,3;23,4;22,8;21,8;95;77;78;298;2,2;,2;
2026/05/18;1300 UTC;0;1013,7;1013,7;1013,3;1797,9;27,3;21,9;27,3;26;22,6;21,4;81;72;72;268;3,3;1,1;
2026/05/18;1400 UTC;0;1013,2;1013,7;1013,2;2178,8;28;21,9;28,3;26,9;22,7;21,5;74;68;70;248;3,9;,7;
2026/05/18;1500 UTC;0;1013,1;1013,2;1013,1;1016;27,8;22,1;28,2;27,3;22,8;21,5;74;68;71;289;3,6;,6;
2026/05/18;1600 UTC;0;1012,5;1013,2;1012,5;1032,9;27,7;22,5;28,6;27,5;22,9;21,8;75;69;74;298;2,5;1,3;
2026/05/18;1700 UTC;0;1012,2;1012,5;1012,1;542,9;26,1;22,9;27,9;26,1;24,4;22,1;89;72;82;241;3,1;,4;
2026/05/18;1800 UTC;0;1012,3;1012,4;1012,2;176,4;25;21,9;26,1;24,7;23;21,5;87;79;83;249;3;,3;
2026/05/18;1900 UTC;0;1012,9;1012,9;1012,3;296,1;24,7;22,1;25,6;24,7;22,4;21,1;86;76;85;237;2,2;0;
2026/05/18;2000 UTC;0;1013,2;1013,3;1012,9;62,5;23,7;22,2;24,7;23,7;22,6;21,7;94;84;92;236;1;,1;
2026/05/18;2100 UTC;0;1013,5;1013,5;1013,1;2,7;23,4;22,3;24,3;23,4;22,4;21,6;94;86;94;246;1,6;,2;
2026/05/18;2200 UTC;0;1014,1;1014,1;1013,5;0;22,9;22,3;23,4;22,8;22,4;21,9;97;92;96;236;1,1;,1;
2026/05/18;2300 UTC;0;1013,9;1014,2;1013,9;0;23,3;22,7;23,3;22,8;22,9;22,3;99;96;96;302;1,5;,8;
2026/05/19;0000 UTC;0;1015;1015;1013,9;0;23,4;22,7;23,4;22,7;22,8;22,5;100;96;96;238;2,5;,9;
2026/05/19;0100 UTC;0;1015,1;1015,2;1014,8;0;22,9;21,5;23,5;22,8;22,6;21,1;97;87;92;296;2,5;,2;
2026/05/19;0200 UTC;0;1015,2;1015,3;1015,1;0;22,3;21,9;22,9;22,2;22,1;21;98;89;98;266;2,1;,3;
2026/05/19;0300 UTC;0;1015;1015,2;1014,9;0;22;22;22,3;22;22,1;21,9;100;98;100;231;1;0;
2026/05/19;0400 UTC;0;1014,4;1015,4;1014,4;0;22,2;21,9;22,3;21,9;22,2;21,8;100;97;98;246;2,2;1,3;
2026/05/19;0500 UTC;0;1014,5;1014,6;1014,2;0;22;21,9;22,3;22;22;21,7;99;96;99;245;2,2;0;
2026/05/19;0600 UTC;0;1013,7;1014,5;1013,7;0;22,2;21,7;22,2;21,8;22;21,7;100;97;97;254;1,9;1,2;
2026/05/19;0700 UTC;0;1013,4;1013,8;1013,3;0;22,2;21,7;22,2;21,9;21,8;21,6;99;97;97;289;1,9;,8;
2026/05/19;0800 UTC;0;1013,8;1013,8;1013,4;0;21,6;21,6;22,2;21,5;21,7;21,5;100;97;100;255;1,7;0;
2026/05/19;0900 UTC;0;1013,8;1014;1013,7;0;21,6;21,5;21,9;21,5;21,8;21,4;100;98;99;295;1,8;,1;
2026/05/19;1000 UTC;0;1014,7;1014,7;1013,8;20,6;21,5;21,5;21,6;21,1;21,5;21,1;100;99;100;269;1;0;
2026/05/19;1100 UTC;0;1015,6;1015,6;1014,7;148,4;22,4;22,2;22,4;21,5;22,3;21,5;100;99;99;263;1;0;
2026/05/19;1200 UTC;0;1016,6;1016,6;1015,6;165,6;22,8;22;22,8;22,4;22,2;21,9;99;95;95;291;1,3;,3;
2026/05/19;1300 UTC;0;1016,6;1016,7;1016,6;288,5;23,4;22,8;23,4;22,5;22,8;22;99;95;96;259;1,1;0;
2026/05/19;1400 UTC;0;1016,2;1016,6;1016,2;439,7;23,8;22;23,9;23,3;22,9;21,5;96;87;90;285;1,7;,7;
2026/05/19;1500 UTC;0;1015,7;1016,2;1015,7;390,6;23,8;21,9;24;23,5;22,5;21,8;94;88;89;280;1,9;,6;
2026/05/19;1600 UTC;0;1015,1;1015,7;1015;400,7;23,9;21,9;24,1;23,8;22,2;21,6;91;87;89;267;2;,8;
2026/05/19;1700 UTC;0;1014,7;1015,1;1014,6;357,3;23,9;21,6;24,1;23,7;22,2;21,3;90;85;87;287;3,1;,8;
2026/05/19;1800 UTC;0;1014,5;1014,7;1014,3;227;23,5;21,2;24;23,5;22,4;21,2;93;84;87;278;1,9;,6;
2026/05/19;1900 UTC;0;1015;1015;1014,5;58,4;22,7;21,4;23,5;22,6;21,6;20,8;93;85;92;269;2,6;,5;
2026/05/19;2000 UTC;,4;1015,6;1015,6;1015;20,8;21,7;21,7;22,9;21,7;21,8;21,1;100;90;100;262;2,2;0;
2026/05/19;2100 UTC;,4;1016,3;1016,3;1015,6;1,1;21,4;21,4;21,7;21,4;21,7;21,4;100;100;100;233;1,1;0;
2026/05/19;2200 UTC;,8;1016,5;1016,7;1016,1;0;21,3;21,3;21,4;21,2;21,4;21,2;100;100;100;285;1;0;
2026/05/19;2300 UTC;1,2;1017;1017;1016,4;0;20,9;20,9;21,3;20,9;21,3;20,9;100;100;100;243;1,8;,2;
2026/05/20;0000 UTC;,6;1017,5;1017,7;1017;0;20,9;20,9;21;20,9;21;20,9;100;100;100;256;1,9;,1;
2026/05/20;0100 UTC;,4;1017,6;1017,7;1017,4;0;20,8;20,8;21;20,8;21;20,8;100;100;100;238;,8;,1;
2026/05/20;0200 UTC;,6;1017,5;1017,7;1017,3;0;20,8;20,8;20,9;20,7;20,9;20,7;100;100;100;298;1;,2;
2026/05/20;0300 UTC;,2;1017,4;1017,6;1017,1;0;20,7;20,7;20,8;20,6;20,8;20,6;100;100;100;238;1,1;0;
2026/05/20;0400 UTC;,2;1016,8;1017,4;1016,8;0;20,6;20,6;20,7;20,5;20,7;20,5;100;100;100;244;,7;0;
2026/05/20;0500 UTC;0;1016;1016,8;1015,9;0;20,5;20,5;20,6;20,4;20,6;20,4;100;100;100;238;,9;,1;
2026/05/20;0600 UTC;,2;1015,6;1016,3;1015,6;0;20,5;20,5;20,6;20,5;20,6;20,5;100;100;100;233;1,1;0;
2026/05/20;0700 UTC;0;1014,9;1015,8;1014,9;0;20,6;20,6;20,7;20,5;20,7;20,5;100;100;100;256;1,9;1,1;
2026/05/20;0800 UTC;0;1015,3;1015,4;1014,9;0;20,7;20,7;20,8;20,6;20,8;20,6;100;100;100;256;1,9;0;
2026/05/20;0900 UTC;0;1015,2;1015,4;1015;0;20,7;20,7;20,7;20,6;20,7;20,6;100;100;100;259;,8;0;
2026/05/20;1000 UTC;0;1015,7;1015,7;1015;7,6;20,7;20,7;20,8;20,6;20,8;20,6;100;100;100;265;2,2;,3;
2026/05/20;1100 UTC;2,4;1015,8;1015,9;1015,6;36,6;20,5;20,5;20,8;20,5;20,8;20,5;100;100;100;271;1,6;0;
2026/05/20;1200 UTC;22,8;1017;1017,3;1015,8;11,1;20,3;20,3;20,7;20,3;20,7;20,3;100;100;100;263;3,9;1;
2026/05/20;1300 UTC;3,4;1017,3;1017,3;1015,8;44,5;20,6;20,6;20,6;20,2;20,6;20,2;100;100;100;300;5,2;,8;
2026/05/20;1400 UTC;3;1016,8;1017,7;1016,8;87,2;20,6;20,6;20,7;20,5;20,7;20,5;100;100;100;279;2,8;,5;
2026/05/20;1500 UTC;1,8;1015,6;1016,8;1015,4;301,4;21,1;21,1;21,1;20,6;21,1;20,6;100;100;100;298;4,9;2,2;
2026/05/20;1600 UTC;,2;1015,7;1016,1;1015,6;383,4;21,3;21,1;21,4;21;21,3;20,9;100;99;99;257;4,9;,6;
2026/05/20;1700 UTC;0;1015,5;1016,2;1015,5;229,8;21,2;20,8;21,4;20,9;21;20,3;99;95;98;241;3,1;,2;
2026/05/20;1800 UTC;0;1015,4;1015,7;1015,4;576,5;21,9;20,9;22;21,2;21,5;20,6;100;92;94;240;2,3;,6;
2026/05/20;1900 UTC;0;1015,6;1015,6;1015,1;290,4;22;21,2;22,1;21,9;21,2;20,4;95;90;95;283;2,6;,4;
2026/05/20;2000 UTC;0;1015,8;1016;1015,6;156,4;21,7;20,7;22;21,7;21,2;20,7;96;93;94;285;3,1;1;
2026/05/20;2100 UTC;0;1016,3;1016,3;1015,8;6,9;21;21;21,7;21;21,2;20,7;100;94;100;249;1,6;,3;
2026/05/20;2200 UTC;0;1017,1;1017,1;1016,3;,1;20,8;20,8;21,1;20,8;21,1;20,8;100;99;100;235;1,3;0;
2026/05/20;2300 UTC;0;1017,3;1017,4;1017,1;0;20,6;20,6;20,9;20,6;20,9;20,6;100;100;100;240;1,6;,2;
2026/05/21;0000 UTC;0;1017,8;1017,8;1017,2;0;20,6;20,6;20,8;20,6;20,8;20,6;100;100;100;231;1,5;0;
2026/05/21;0100 UTC;0;1017,5;1017,8;1017,4;0;20,8;20,8;20,9;20,6;20,9;20,6;100;99;100;261;2;,2;
2026/05/21;0200 UTC;1,2;1017,7;1017,9;1017,5;0;20,3;20,3;20,8;20,3;20,8;20,3;100;100;100;239;2,2;,1;
2026/05/21;0300 UTC;,2;1017,3;1017,7;1017,3;0;20,2;20,2;20,3;20,1;20,3;20,1;100;100;100;249;1,7;,1;
2026/05/21;0400 UTC;0;1016,9;1017,3;1016,9;0;20,1;20,1;20,2;20,1;20,2;20,1;100;100;100;236;,9;,1;
2026/05/21;0500 UTC;,6;1016,6;1016,9;1016,6;0;20,1;20,1;20,3;20,1;20,3;20,1;100;100;100;282;,9;0;
2026/05/21;0600 UTC;1,8;1016,4;1016,6;1016,4;0;20;20;20,1;19,9;20,1;19,9;100;100;100;298;1,7;,4;
2026/05/21;0700 UTC;3,8;1016,7;1016,7;1016,4;0;19,7;19,7;20;19,7;20;19,7;100;100;100;297;3,2;,8;
2026/05/21;0800 UTC;1,8;1017;1017;1016,7;0;19,4;19,4;19,7;19,3;19,7;19,3;100;100;100;294;2,2;,1;
2026/05/21;0900 UTC;,4;1018;1018;1017;0;19,1;19,1;19,4;19;19,4;19;100;100;100;236;2,4;,1;
2026/05/21;1000 UTC;,4;1018,7;1018,7;1018;13,9;19,1;19,1;19,1;19;19,1;19;100;100;100;237;,9;,1;
2026/05/21;1100 UTC;,2;1019,2;1019,2;1018,7;170,5;19,4;19,4;19,5;19,1;19,5;19,1;100;100;100;242;1,3;,5;
2026/05/21;1200 UTC;0;1019,8;1019,8;1019,2;483,7;20,2;20;20,2;19,4;20,1;19,4;100;99;99;245;2,2;,4;
2026/05/21;1300 UTC;0;1019,7;1019,8;1019,7;1005,5;21,7;20;21,7;20,2;20,6;19,5;99;88;90;236;1,5;,4;
2026/05/21;1400 UTC;0;1019,5;1019,8;1019,5;1778,8;23,6;18,7;24,2;21,7;20,3;18,4;91;72;74;261;2,4;,6;
2026/05/21;1500 UTC;0;1019,1;1019,5;1019,1;1414,9;21,7;20;24,3;21,7;20;17,1;90;65;90;238;2,4;,3;
2026/05/21;1600 UTC;0;1019,2;1019,2;1018,9;374,5;20;18,7;22,6;20;20;18,1;92;79;92;241;5;1,3;
2026/05/21;1700 UTC;2,4;1019,4;1019,4;1019,2;130,3;19,3;19,2;20,1;19,2;19,2;18,8;99;92;99;296;4,4;,7;
2026/05/21;1800 UTC;5;1019,5;1019,7;1019,4;195,3;18,9;18,9;19,3;18,8;19,3;18,7;100;99;100;298;2,7;,9;
2026/05/21;1900 UTC;1,6;1020,1;1020,1;1019,5;147,1;18,9;18,9;18,9;18,7;18,9;18,7;100;100;100;293;1,9;0;
2026/05/21;2000 UTC;,4;1020,7;1020,7;1020,1;46,4;18,4;18,2;19,1;18,4;19;18,1;100;97;99;273;2,3;,2;
2026/05/21;2100 UTC;1;1021,3;1021,3;1020,7;,8;18,3;18,3;18,4;18,2;18,4;18,2;100;99;100;298;2,1;1,1;
2026/05/21;2200 UTC;,2;1022;1022;1021,3;0;18,1;18,1;18,4;18;18,3;18;100;100;100;265;2,1;0;
2026/05/21;2300 UTC;0;1022,2;1022,2;1021,8;0;18,2;18,2;18,2;18;18,2;18;100;100;100;246;2,5;0;
2026/05/22;0000 UTC;0;1022,5;1022,5;1022,2;0;17,9;17,9;18,3;17,9;18,3;17,9;100;100;100;290;2,1;,7;
2026/05/22;0100 UTC;,4;1022,5;1022,7;1022,5;0;18;18;18,3;17,9;18,3;17,9;100;100;100;297;2,1;,9;
2026/05/22;0200 UTC;0;1022,7;1022,7;1022,5;0;17,9;17,9;18;17,8;18;17,8;100;100;100;271;1,8;,2;
2026/05/22;0300 UTC;0;1021,6;1022,7;1021,6;0;18,1;17,9;18,1;17,8;18,1;17,8;100;99;99;249;3,2;1,5;
2026/05/22;0400 UTC;0;1021,6;1021,7;1021,5;0;17,8;17,8;18,1;17,6;17,9;17,7;100;99;100;280;3;0;
2026/05/22;0500 UTC;0;1021,2;1021,7;1021,2;0;17,9;17,9;17,9;17,8;17,9;17,8;100;100;100;242;1;0;
2026/05/22;0600 UTC;0;1020,9;1021,2;1020,9;0;18;18;18;17,8;18;17,8;100;100;100;295;,9;,1;
2026/05/22;0700 UTC;0;1020,6;1020,9;1020,6;0;17,9;17,9;18;17,9;18;17,9;100;100;100;244;,7;0;
2026/05/22;0800 UTC;0;1020,8;1020,8;1020,6;0;17,9;17,9;18;17,9;18;17,9;100;100;100;254;,7;,1;
2026/05/22;0900 UTC;0;1021;1021,1;1020,7;0;18;18;18,1;17,9;18,1;17,9;100;100;100;271;1,9;,1;
2026/05/22;1000 UTC;0;1022,2;1022,2;1021;17,7;18,1;18,1;18,2;17,9;18,1;17,9;100;100;100;267;,7;0;
2026/05/22;1100 UTC;0;1022,8;1022,8;1022,2;252,6;18,7;18,4;18,8;18,1;18,7;18,1;100;98;98;270;1,1;,1;
2026/05/22;1200 UTC;0;1023,2;1023,2;1022,8;429,6;19,3;18;19,4;18,7;18,7;17,9;98;92;92;290;1,3;,5;
2026/05/22;1300 UTC;0;1023,3;1023,5;1023,1;560,5;20,1;18,5;20,2;19,3;18,6;17,6;93;87;91;265;1,6;,1;
2026/05/22;1400 UTC;0;1022,8;1023,4;1022,8;745,6;20,5;18,1;20,7;19,9;18,7;17,3;91;82;86;289;1,7;,7;
2026/05/22;1500 UTC;0;1022,2;1022,8;1022,2;831,9;21,2;16,6;21,2;20,3;18,7;16,6;88;75;75;271;1,7;0;
2026/05/22;1600 UTC;0;1021,5;1022,2;1021,5;805,5;21,6;17,1;21,9;21;18,4;16,5;85;72;76;275;1,2;,1;
2026/05/22;1700 UTC;0;1021;1021,5;1021;579;21,1;19,1;21,7;21,1;19,2;17,1;88;75;88;240;1,7;0;
2026/05/22;1800 UTC;0;1020,8;1021,1;1020,8;294,6;20,5;19,7;21,2;20,5;19,8;18,8;96;87;95;237;1;0;
2026/05/22;1900 UTC;0;1021,1;1021,1;1020,8;152,3;20,1;19;20,7;20,1;20,1;18,2;97;86;93;241;2,3;,4;
2026/05/22;2000 UTC;0;1021,6;1021,6;1021;73,9;19,7;19,2;20,2;19,7;19,2;18,6;97;91;97;260;1,5;,6;
2026/05/22;2100 UTC;0;1021,9;1022;1021,5;1;19,2;19,2;19,7;19,2;19,3;19;100;97;100;247;1,7;0;
2026/05/22;2200 UTC;0;1022;1022,1;1021,8;0;19,2;19,2;19,3;19,1;19,3;19,1;100;100;100;232;1,1;0;
2026/05/22;2300 UTC;0;1022,2;1022,3;1021,9;0;19,2;19,2;19,2;19,1;19,2;19,1;100;100;100;237;1,9;,7;
2026/05/23;0000 UTC;0;1022,4;1022,4;1022,1;0;19;19;19,2;19;19,2;19;100;100;100;236;1,8;0;
2026/05/23;0100 UTC;0;1022,3;1022,4;1022,1;0;18,5;18,5;19,1;18,5;19,1;18,5;100;100;100;234;1,8;0;
2026/05/23;0200 UTC;0;1022,2;1022,3;1022,1;0;18,7;18,7;18,8;18,4;18,8;18,4;100;100;100;235;1,3;0;
2026/05/23;0300 UTC;0;1021,8;1022,2;1021,7;0;18,5;18,5;18,7;18,5;18,7;18,5;100;100;100;297;,9;,1;
2026/05/23;0400 UTC;0;1021,6;1021,9;1021,6;0;18;18;18,4;18;18,4;18;100;100;100;244;1,1;,1;
2026/05/23;0500 UTC;0;1020,6;1021,7;1020,5;0;17,9;17,9;18,2;17,7;18,2;17,7;100;100;100;266;2,3;,4;
2026/05/23;0600 UTC;0;1020,5;1020,6;1020,1;0;17,5;17,5;17,9;17,4;17,9;17,4;100;100;100;268;2,8;,2;
2026/05/23;0700 UTC;0;1020;1020,7;1020;0;17,9;17,9;17,9;17,4;17,9;17,4;100;100;100;299;1,6;,9;
2026/05/23;0800 UTC;0;1019,8;1020;1019,6;0;17,2;17,2;17,9;17,2;17,9;17,2;100;100;100;231;1,6;0;
2026/05/23;0900 UTC;0;1019,8;1020,1;1019,7;0;16,9;16,9;17,3;16,7;17,3;16,7;100;100;100;262;1,3;,2;
2026/05/23;1000 UTC;0;1020,1;1020,1;1019,6;34,5;16,6;16,6;16,9;16,5;16,9;16,5;100;100;100;236;1,3;,1;
2026/05/23;1100 UTC;0;1020,7;1020,7;1020,1;311,3;18,1;18,1;18,1;16,5;18,1;16,5;100;100;100;292;,8;0;
2026/05/23;1200 UTC;0;1020,5;1020,7;1020,4;1136,3;20,8;18,4;20,9;18,1;19;18;100;85;86;287;1;,1;
2026/05/23;1300 UTC;0;1019,9;1020,5;1019,9;1761,6;22,2;18,6;22,2;20,8;18,9;17,6;86;78;80;297;3,2;1,2;
2026/05/23;1400 UTC;0;1019,1;1020,1;1019,1;2158,5;23,9;19,4;24;22,1;19,7;18;81;75;76;298;3,4;1,6;
2026/05/23;1500 UTC;0;1018,8;1019,3;1018,8;2569,9;24,9;19,6;25,1;23,7;20,1;18,6;77;69;72;296;5,1;1,8;
2026/05/23;1600 UTC;0;1017,4;1018,7;1017,4;2295,7;26;19,9;26,1;24,7;20,7;18,4;73;66;69;267;4,1;,8;
2026/05/23;1700 UTC;,2;1017,1;1017,5;1017,1;2091,9;26,2;19,2;26,5;25,3;20,4;18,8;74;63;66;249;3;1,1;
2026/05/23;1800 UTC;0;1017,1;1017,2;1017;1514,9;25,3;19,8;26,6;25,3;20,2;18,8;72;63;72;237;3,6;1,5;
2026/05/23;1900 UTC;0;1017,1;1017,3;1017;365,8;23,1;20,4;25,3;23;20,8;19,1;86;69;85;259;4;,6;
2026/05/23;2000 UTC;0;1017,3;1017,3;1017;217,6;22,7;21,4;24,5;22,7;21,4;20,1;93;78;93;262;3,1;,1;
2026/05/23;2100 UTC;0;1017,8;1017,9;1017,3;4,9;21,3;21,2;22,8;21,3;21,7;21,2;100;93;100;235;1,6;0;
2026/05/23;2200 UTC;0;1017,8;1017,8;1017,5;0;20,3;20,3;21,3;20,3;21,3;20,3;100;100;100;259;1,9;0;
2026/05/23;2300 UTC;0;1018,6;1018,6;1017,8;0;19,8;19,8;20,3;19,7;20,3;19,7;100;100;100;279;1,2;0;
2026/05/24;0000 UTC;0;1018,4;1018,8;1018,4;0;19,9;19,9;20;19,5;20;19,5;100;100;100;273;1,7;,3;
2026/05/24;0100 UTC;0;1018,8;1018,8;1018;0;19,4;19,4;19,9;19,2;19,9;19,2;100;100;100;260;2,3;,6;
2026/05/24;0200 UTC;0;1018,5;1018,8;1018,3;0;19,2;19,2;19,7;19,2;19,7;19,2;100;100;100;253;2,3;0;
2026/05/24;0300 UTC;0;1017,7;1018,6;1017,7;0;18,9;18,9;19,2;18,9;19,2;18,9;100;100;100;272;1,5;0;
2026/05/24;0400 UTC;0;1016,9;1017,7;1016,5;0;19;19;19,2;18,3;19,2;18,3;100;100;100;275;3,1;,6;
2026/05/24;0500 UTC;0;1016,4;1017,3;1016,4;0;18,7;18,7;19,3;18,5;19,3;18,5;100;100;100;250;2;0;
2026/05/24;0600 UTC;0;1016;1016,4;1015,8;0;18,6;18,6;19,4;18,6;19,4;18,6;100;100;100;236;2,7;,1;
2026/05/24;0700 UTC;0;1015,8;1016;1015,6;0;18,3;18,3;18,7;18,2;18,7;18,2;100;100;100;268;1,4;0;
2026/05/24;0800 UTC;0;1015,7;1016;1015,7;0;18,2;18,2;18,3;17,8;18,2;17,8;100;100;100;287;1,4;,1;
2026/05/24;0900 UTC;0;1016,2;1016,2;1015,7;0;17,5;17,5;18,2;17,5;18,2;17,5;100;100;100;236;1,4;0;
2026/05/24;1000 UTC;0;1017;1017,4;1016,2;39,4;18,5;18,5;18,6;17,4;18,6;17,5;100;100;100;276;1,3;0;
2026/05/24;1100 UTC;0;1017,6;1017,6;1016,8;343,8;20,1;20;20,1;18,4;20;18,5;100;100;100;297;2,8;1;
2026/05/24;1200 UTC;0;1018;1018;1017,6;683,3;21,2;20,4;21,2;20,1;20,6;19,9;100;95;96;242;2,1;,1;
2026/05/24;1300 UTC;0;1017,9;1018,2;1017,9;1397;23,2;19,9;23,2;21,2;21,1;19,5;96;82;82;294;1,8;,4;
2026/05/24;1400 UTC;0;1017,1;1017,9;1017,1;2021,1;24,3;20,1;24,4;22,7;20,4;19,2;82;77;77;238;2,4;1;
2026/05/24;1500 UTC;0;1016,3;1017,1;1016,3;1940,6;25,3;20,3;26,2;24,3;20,8;19,6;78;70;74;236;2,6;,8;
2026/05/24;1600 UTC;0;1014,9;1016,3;1014,9;2422,7;26,6;20,3;27,1;25,1;21,4;19,8;76;67;68;297;3,1;1,1;
2026/05/24;1700 UTC;0;1014,6;1014,9;1014,6;1578,1;26,3;20,7;27,3;25,5;21,4;19,7;76;66;72;240;5,1;1,2;
2026/05/24;1800 UTC;0;1013,8;1014,6;1013,8;1637,6;27,8;20,4;28,2;26,3;21,3;19,7;72;62;64;290;3,4;,8;
2026/05/24;1900 UTC;0;1014,6;1014,7;1013,8;833,4;25,9;20,2;28;25,8;21,3;20,2;74;64;71;252;2,7;,6;
2026/05/24;2000 UTC;0;1015,2;1015,2;1014,6;163,4;22,7;21,5;26,1;22,7;21,9;19,9;93;69;92;236;1,7;,1;
2026/05/24;2100 UTC;0;1016,4;1016,4;1015,2;7,6;22,3;21;23,3;22,3;21,5;20,5;94;85;92;242;2,4;,3;
2026/05/24;2200 UTC;0;1016,5;1016,5;1016,2;0;23,1;20,6;23,4;22,3;21,2;20,3;93;83;86;240;4,6;,8;
2026/05/24;2300 UTC;0;1016,8;1016,9;1016,5;0;22,8;20,9;23,1;22,4;21,1;20,6;92;86;89;258;4,4;,1;
2026/05/25;0000 UTC;0;1016,8;1017;1016,7;0;22;21,5;22,8;22;21,5;20,6;97;88;97;257;2,6;0;
2026/05/25;0100 UTC;0;1016,8;1017;1016,8;0;21,8;21,8;22,1;21,8;21,9;21,5;100;97;100;236;,8;0;
2026/05/25;0200 UTC;0;1017;1017,1;1016,7;0;21,6;21,6;21,8;21,6;21,8;21,6;100;100;100;231;0;0;
2026/05/25;0300 UTC;0;1017,2;1017,3;1016,8;0;21,1;21,1;21,6;21;21,6;21;100;100;100;236;,9;0;
2026/05/25;0400 UTC;0;1016,9;1017,4;1016,7;0;21,9;21,9;21,9;21,1;21,9;21,1;100;100;100;267;1,7;,7;
2026/05/25;0500 UTC;0;1016,2;1016,9;1016;0;21,5;21,5;22;21,4;21,8;21,4;100;98;100;260;1,7;0;
2026/05/25;0600 UTC;0;1016,6;1016,8;1016,2;0;21,6;21,6;21,9;21,5;21,8;21,5;100;100;100;266;2,2;,1;
2026/05/25;0700 UTC;,2;1016,9;1016,9;1016,6;0;21,2;21,2;21,6;21,2;21,6;21,2;100;100;100;260;,9;0;
2026/05/25;0800 UTC;,4;1017,2;1017,2;1016,8;0;21;21;21,2;21;21,2;21;100;100;100;284;,9;0;
2026/05/25;0900 UTC;,4;1017,7;1017,7;1017,2;0;20,9;20,9;21;20,8;21;20,8;100;100;100;244;,5;0;
2026/05/25;1000 UTC;,8;1018,4;1018,4;1017,7;12,9;21;21;21;20,9;21;20,9;100;100;100;293;,4;0;
2026/05/25;1100 UTC;1,6;1019,2;1019,3;1018,4;64,7;21,1;21,1;21,2;21;21,2;21;100;100;100;250;,6;0;
2026/05/25;1200 UTC;2,6;1019,5;1019,5;1019,2;239,4;21,5;21,5;21,7;21,1;21,7;21,1;100;100;100;295;1,5;,4;
2026/05/25;1300 UTC;,2;1019,3;1019,6;1019,3;334,9;21,4;21,4;21,9;21,4;21,8;21,4;100;100;100;297;2,6;1,1;
2026/05/25;1400 UTC;,4;1019,3;1019,5;1019,1;406,7;21,7;21,6;21,8;21,2;21,7;21,2;100;100;100;269;3;,3;
2026/05/25;1500 UTC;,2;1019,1;1019,5;1019,1;385,7;21,9;21,6;22;21,6;22;21,4;100;98;99;298;2,5;1,1;
2026/05/25;1600 UTC;0;1018,4;1019,1;1018,4;292,9;21,8;21,7;21,9;21,8;21,8;21,3;100;96;99;240;2,5;0;
2026/05/25;1700 UTC;0;1017,9;1018,4;1017,9;274,2;21,8;21,7;22;21,7;22;21,3;100;96;99;240;2,1;,3;
2026/05/25;1800 UTC;0;1018,1;1018,2;1017,8;366,6;21,7;21,3;21,9;21,6;21,8;21,3;100;98;98;259;3;1;
2026/05/25;1900 UTC;0;1018,1;1018,2;1018,1;307,1;21,9;21,2;22,1;21,7;21,9;21;99;94;96;297;3;,3;
2026/05/25;2000 UTC;0;1018,3;1018,3;1018;48,1;21,1;21,1;22;21,1;21,4;21,1;100;95;100;267;1,4;0;
2026/05/25;2100 UTC;0;1018,8;1018,8;1018,3;,8;21,2;21,2;21,4;21,1;21,4;21,1;100;99;100;257;1,7;,2;
2026/05/25;2200 UTC;,2;1019,4;1019,4;1018,8;0;20,9;20,9;21,2;20,9;21,2;20,9;100;100;100;240;1;0;
2026/05/25;2300 UTC;0;1020,1;1020,1;1019,4;0;20,8;20,8;20,9;20,8;20,9;20,8;100;100;100;250;1;0;
2026/05/26;0000 UTC;0;1020,2;1020,3;1020;0;20,7;20,7;20,9;20,7;20,9;20,7;100;100;100;250;1,6;,5;
2026/05/26;0100 UTC;,4;1020,2;1020,3;1020,1;0;20,4;20,4;20,7;20,3;20,7;20,4;100;100;100;247;2;,8;
2026/05/26;0200 UTC;0;1019,8;1020,3;1019,8;0;20,2;20,2;20,4;20,2;20,4;20,2;100;100;100;234;1,6;0;
2026/05/26;0300 UTC;0;1019,4;1019,8;1019,4;0;20,3;20,3;20,4;20,2;20,4;20,2;100;100;100;274;1,3;,3;
2026/05/26;0400 UTC;0;1018,9;1019,4;1018,8;0;20,2;20,2;20,4;20,2;20,4;20,2;100;100;100;236;1,3;0;
2026/05/26;0500 UTC;0;1018,3;1018,9;1018,3;0;20,1;20,1;20,3;20,1;20,3;20,1;100;100;100;237;,7;0;
2026/05/26;0600 UTC;0;1018,2;1018,4;1018,2;0;20,2;20,2;20,2;20,1;20,2;20,1;100;100;100;243;1;,3;
2026/05/26;0700 UTC;0;1017,8;1018,2;1017,8;0;19,9;19,9;20,2;19,8;20,2;19,8;100;100;100;236;1;0;
2026/05/26;0800 UTC;0;1018,1;1018,1;1017,8;0;19,6;19,6;19,9;19,2;19,8;19,2;100;100;100;237;,6;0;
2026/05/26;0900 UTC;0;1018,4;1018,4;1017,9;0;19,8;19,8;19,8;19,6;19,8;19,7;100;100;100;246;,9;,1;
2026/05/26;1000 UTC;0;1019,1;1019,1;1018,4;20,4;20;20;20;19,7;20;19,7;100;100;100;298;,9;,2;
2026/05/26;1100 UTC;0;1019,8;1019,8;1019,1;347,5;21,3;21,3;21,3;20;21,3;20;100;100;100;273;1,1;0;
2026/05/26;1200 UTC;0;1020,3;1020,3;1019,8;802,1;22,4;20,4;23;21,3;21,6;20,3;100;85;89;236;,8;,1;
2026/05/26;1300 UTC;0;1019,7;1020,3;1019,7;1421,7;24,2;20,1;24,3;22,3;21;19,8;92;77;78;297;2;,2;
2026/05/26;1400 UTC;0;1018,8;1019,9;1018,8;1708,7;24,8;19,9;25,6;23,6;21,6;19,1;83;71;74;254;2,1;,3;
2026/05/26;1500 UTC;0;1017,3;1018,8;1017,3;1906,3;26,1;20,3;26,1;24,4;21,3;19,7;81;71;71;239;4,4;1,6;
2026/05/26;1600 UTC;0;1016,2;1017,3;1016,2;1989,3;26,8;20;27;25,3;21,4;19,6;76;66;66;240;4,4;1,2;
2026/05/26;1700 UTC;0;1015,5;1016,2;1015,5;1308,5;25,6;19,7;27,1;25,1;20,9;19,4;76;65;70;233;4,6;2,5;
2026/05/26;1800 UTC;0;1015,2;1015,5;1015,1;1273;25;20,7;26,5;25;21;19,4;78;66;77;243;6;,9;
2026/05/26;1900 UTC;0;1015,4;1015,4;1015,2;613,3;23,7;21,8;25,6;23,7;21,8;20,2;89;73;89;244;3,9;,3;
2026/05/26;2000 UTC;0;1015,3;1015,5;1015,3;198,3;22,7;21,8;24;22,7;22,1;21,4;95;87;95;273;1,9;0;
2026/05/26;2100 UTC;0;1015,1;1015,4;1015,1;4,5;21,7;21,7;22,7;21,7;22,3;21,7;100;95;100;245;1,9;,1;
2026/05/26;2200 UTC;0;1015;1015,3;1014,9;0;21;21;21,7;21;21,7;21;100;100;100;250;1,5;,4;
2026/05/26;2300 UTC;0;1015,3;1015,3;1014,9;0;20,4;20,4;21;20,3;21;20,3;100;100;100;244;1,4;,1;
2026/05/27;0000 UTC;0;1015,7;1015,8;1015,3;0;20;20;20,5;19,9;20,5;19,9;100;100;100;231;1;0;
2026/05/27;0100 UTC;0;1015,9;1016;1015,7;0;19,6;19,6;20,1;19,6;20,1;19,6;100;100;100;234;1,1;,1;
2026/05/27;0200 UTC;0;1015,7;1016;1015,7;0;19,5;19,5;19,7;19,2;19,7;19,2;100;100;100;236;,9;,1;
2026/05/27;0300 UTC;0;1015,4;1015,7;1015,4;0;18,9;18,9;19,5;18,8;19,5;18,8;100;100;100;236;,8;,1;
2026/05/27;0400 UTC;0;1015,2;1015,6;1015,2;0;18,8;18,8;19;18,5;19;18,5;100;100;100;250;,9;0;
2026/05/27;0500 UTC;0;1014,1;1015,2;1014,1;0;18,6;18,6;18,8;18,3;18,7;18,3;100;100;100;298;1;0;
2026/05/27;0600 UTC;0;1014,1;1014,2;1014;0;18,3;18,3;18,6;18;18,5;18;100;100;100;236;,9;,1;
2026/05/27;0700 UTC;0;1013,6;1014,1;1013,6;0;18,3;18,3;18,6;18;18,6;18;100;100;100;256;2;,4;
2026/05/27;0800 UTC;0;1013,3;1013,7;1013,1;0;17,9;17,9;18,8;17,8;18,8;17,8;100;100;100;236;2,3;,2;
2026/05/27;0900 UTC;0;1013,2;1013,3;1012,9;0;17,8;17,8;18,1;17,6;18,1;17,6;100;100;100;236;1,1;,3;
2026/05/27;1000 UTC;0;1013,8;1013,8;1013,2;25,4;17,7;17,7;18;17,5;18;17,5;100;100;100;236;1,1;0;
2026/05/27;1100 UTC;0;1014,2;1014,2;1013,8;572,8;20,8;20,8;20,8;17,7;20,8;17,7;100;100;100;237;1,1;0;
2026/05/27;1200 UTC;0;1014,9;1014,9;1014,2;1133,6;23,8;20,4;24;20,8;22,1;20,4;100;81;81;268;2,1;,2;
2026/05/27;1300 UTC;0;1014,7;1014,9;1014,7;1814,3;25,4;21,1;25,6;23,6;21,3;19,6;83;73;77;236;2,6;,8;
2026/05/27;1400 UTC;0;1014;1014,7;1014;2251,9;27,1;20,6;27,3;25,4;22,1;19,8;78;67;68;295;3,2;,7;
2026/05/27;1500 UTC;0;1013,5;1014;1013,5;2416,9;28,2;21,2;28,4;27;21,8;20,4;70;63;66;241;2,6;1,1;
2026/05/27;1600 UTC;0;1013,1;1013,5;1013,1;2497;29,6;21,8;30,1;28,2;22,2;20,4;68;58;63;271;2,8;,8;
2026/05/27;1700 UTC;0;1013,3;1013,3;1012,9;1135,5;28,5;19,8;30;28,1;22,4;19,7;71;60;60;298;8,2;4;
2026/05/27;1800 UTC;0;1013,9;1013,9;1013,3;583,9;26,3;19,9;28,5;26,3;20,9;19,5;69;59;68;289;8;2,2;
2026/05/27;1900 UTC;0;1014,5;1014,5;1013,9;238,5;25,1;20,1;26,4;25,1;20,3;19,8;74;68;74;295;6,9;1,7;
2026/05/27;2000 UTC;0;1014,9;1014,9;1014,5;26,8;24,3;19,7;25,1;24,3;20,4;19,7;79;73;76;291;4,9;1,6;
2026/05/27;2100 UTC;0;1015,8;1015,8;1014,9;,2;23,5;19,8;24,3;23,5;20,1;19,7;81;76;80;281;4,9;,8;
2026/05/27;2200 UTC;0;1016,5;1016,5;1015,8;0;21,7;21,1;23,5;21,6;21,1;19,6;97;79;96;258;3;,2;
2026/05/27;2300 UTC;,4;1017,4;1017,4;1016,5;0;20,8;20,8;21,8;20,8;21,3;20,8;100;95;100;244;2,9;,3;
2026/05/28;0000 UTC;1,2;1017,8;1017,8;1017,3;0;20,4;20,4;20,8;20,4;20,8;20,4;100;100;100;236;1,9;,3;
2026/05/28;0100 UTC;0;1018,3;1018,3;1017,8;0;20,3;20,1;20,5;20,1;20,4;20;100;98;99;288;2,8;,7;
2026/05/28;0200 UTC;0;1018,3;1018,4;1018,3;0;19,9;19,5;20,3;19,8;20;19,3;99;96;98;267;3,3;,7;
2026/05/28;0300 UTC;,2;1018,1;1018,4;1018,1;0;19,6;19,5;19,9;19,4;19,7;19,4;100;98;100;276;2,9;,8;
2026/05/28;0400 UTC;,2;1017,7;1018,1;1017,7;0;19,4;19,4;19,7;19,3;19,7;19,3;100;100;100;255;2,2;1,1;
2026/05/28;0500 UTC;0;1017,4;1017,7;1017,4;0;19,3;19,3;19,5;19,3;19,5;19,3;100;100;100;266;2,4;0;
2026/05/28;0600 UTC;,4;1017,1;1017,4;1017,1;0;19,2;19,2;19,3;19,2;19,3;19,2;100;100;100;240;1,3;,1;
2026/05/28;0700 UTC;,4;1017;1017,1;1016,9;0;19,1;19,1;19,3;19,1;19,3;19,1;100;100;100;243;2,9;1,2;
2026/05/28;0800 UTC;0;1017,1;1017,1;1017;0;19,3;19,3;19,5;19,1;19,5;19,1;100;100;100;258;2,7;,3;
2026/05/28;0900 UTC;0;1017,6;1017,6;1017,1;0;19,3;19,3;19,5;19,2;19,4;19,2;100;100;100;252;1,4;,3;
2026/05/28;1000 UTC;0;1018,3;1018,3;1017,6;12,7;19,5;19,5;19,5;19,2;19,5;19,2;100;100;100;276;2,7;1,3;
2026/05/28;1100 UTC;0;1018,9;1018,9;1018,3;250,5;19,6;18,3;19,8;19,4;19,5;18,3;100;92;92;244;3,5;1,8;
2026/05/28;1200 UTC;0;1019,3;1019,3;1018,9;1029,9;22,3;18,1;22,3;19,6;19,3;17,8;93;77;77;263;3,5;,9;
2026/05/28;1300 UTC;0;1019,1;1019,3;1019,1;1815,3;23;15,6;24,1;22,2;18,3;15,1;78;59;63;256;3,2;1;
2026/05/28;1400 UTC;0;1018,4;1019,1;1018,4;2421;24,7;15,5;25,1;23;17,2;15,1;67;55;57;274;3,2;1,7;
2026/05/28;1500 UTC;0;1017,9;1018,4;1017,9;2543,3;25,5;15,7;25,6;24,1;16,9;14,7;64;53;55;266;3,3;1,2;
2026/05/28;1600 UTC;0;1017;1017,9;1017;2111,3;25,3;15,9;25,9;24,6;16,9;14,5;60;52;56;296;3,3;1,3;
2026/05/28;1700 UTC;0;1016,3;1017;1016,3;1867,4;25,4;17;26,1;24,8;17,4;14,3;64;51;60;260;3,3;,3;
2026/05/28;1800 UTC;0;1016;1016,3;1016;1518,6;25,7;16,2;26,5;23,3;18,8;14,8;76;51;56;280;3,3;1,1;
2026/05/28;1900 UTC;0;1016,2;1016,2;1016;833,5;24,2;17,1;26,2;22,8;19,1;15,6;78;54;65;237;3,9;1,8;
2026/05/28;2000 UTC;0;1016,8;1016,8;1016,2;193,2;21,3;18,1;24,2;21,3;18,2;16,7;82;65;82;263;4,8;,3;
2026/05/28;2100 UTC;0;1017,6;1017,6;1016,8;2,5;20,4;18,9;21,3;20,4;19,2;17,7;92;80;91;247;2,5;0;
2026/05/28;2200 UTC;0;1018,1;1018,1;1017,6;0;19,2;19,1;20,4;19,2;19,2;18,9;99;91;99;231;,5;0;
2026/05/28;2300 UTC;0;1018,8;1018,8;1018,1;0;18,5;18,5;19,2;18,5;19,1;18,5;100;99;100;231;,8;0;
2026/05/29;0000 UTC;0;1019,1;1019,1;1018,8;0;17,9;17,9;18,5;17,8;18,5;17,8;100;100;100;236;,5;0;
2026/05/29;0100 UTC;0;1019,1;1019,1;1019;0;17,8;17,8;18;17,6;17,9;17,6;100;100;100;231;,6;0;
2026/05/29;0200 UTC;0;1018,9;1019,1;1018,9;0;17,1;17,1;17,8;17;17,7;17;100;100;100;236;,9;0;
2026/05/29;0300 UTC;0;1018,9;1018,9;1018,9;0;16,5;16,5;17,1;16,5;17,1;16,5;100;100;100;236;,9;0;
2026/05/29;0400 UTC;0;1018,7;1018,9;1018,7;0;16,5;16,5;16,5;16,2;16,5;16,2;100;100;100;236;,8;0;
2026/05/29;0500 UTC;0;1018,3;1018,7;1018,3;0;17,2;17,2;17,2;16,5;17,2;16,5;100;100;100;236;,6;0;
2026/05/29;0600 UTC;0;1017,9;1018,3;1017,9;0;17,3;17,3;17,3;17,1;17,3;17,1;100;100;100;234;1,2;0;
2026/05/29;0700 UTC;0;1017,3;1017,9;1017,3;0;17,2;17,2;17,3;17,2;17,3;17,2;100;100;100;232;,7;0;
2026/05/29;0800 UTC;0;1017,7;1017,7;1017,3;0;17,2;17,2;17,2;17;17,2;17;100;100;100;251;,9;0;
2026/05/29;0900 UTC;0;1018,4;1018,4;1017,7;0;17,2;17,2;17,3;17,1;17,3;17,1;100;100;100;235;1;,3;
2026/05/29;1000 UTC;0;1018,9;1018,9;1018,4;31,7;17,7;17,7;17,7;17,2;17,7;17,2;100;100;100;236;1;,2;
2026/05/29;1100 UTC;0;1019,4;1019,4;1018,9;325,3;19;18,7;19,1;17,7;18,7;17,7;100;98;98;238;,9;0;
2026/05/29;1200 UTC;0;1019,9;1019,9;1019,4;858,4;21,2;18,2;21,2;19;18,8;17,7;98;82;83;277;,9;0;
2026/05/29;1300 UTC;0;1019,9;1020,1;1019,9;1191;22,4;18,1;22,6;21;18,9;17,6;85;76;77;293;2,3;,9;
2026/05/29;1400 UTC;0;1019,4;1019,9;1019,4;1744,7;23,6;17,5;23,9;22,3;19,1;16,8;79;66;69;251;3,3;,9;
2026/05/29;1500 UTC;0;1019;1019,5;1019;1814,4;23,3;17,9;24,8;23,3;19;16,8;75;62;72;244;4,5;1,3;
2026/05/29;1600 UTC;0;1018,2;1019;1018,2;1261,2;23,6;17,5;23,8;22,9;18,5;17,4;76;68;68;245;4,5;1,3;
2026/05/29;1700 UTC;0;1017,6;1018,2;1017,5;1061,9;23;17;23,6;22,9;18,3;16,5;72;66;69;249;4,9;,7;
2026/05/29;1800 UTC;0;1017,7;1017,7;1017,5;680,6;22,8;17;23,5;22,8;17,8;16,6;73;67;70;291;2,5;,4;
2026/05/29;1900 UTC;0;1018;1018;1017,7;382,8;21,9;18,5;22,8;21,8;18,7;16,3;82;67;81;264;1,4;,1;
2026/05/29;2000 UTC;0;1017,8;1018;1017,7;146,1;20,4;19,5;22,5;20,4;19,8;17,6;95;74;95;244;1,4;0;
2026/05/29;2100 UTC;0;1018,2;1018,2;1017,8;4,3;20,2;19,9;20,5;20,1;19,9;19,5;98;94;98;286;,8;0;
2026/05/29;2200 UTC;0;1018,9;1018,9;1018,1;0;19,9;19,6;20,5;19,9;19,9;19,5;99;93;99;232;,8;0;
2026/05/29;2300 UTC;0;1019,1;1019,1;1018,9;0;19,7;19,4;20,2;19,7;19,7;19,1;99;94;98;236;2,4;0;
2026/05/30;0000 UTC;0;1019,1;1019,2;1019;0;19,3;19,3;19,7;19,2;19,4;19,2;100;98;100;235;1;,2;
2026/05/30;0100 UTC;0;1019,1;1019,2;1019;0;19,1;19,1;19,3;19,1;19,3;19,1;100;100;100;254;1;0;
2026/05/30;0200 UTC;0;1019,2;1019,4;1019;0;19,2;19,2;19,2;19;19,2;19;100;100;100;250;,8;0;
2026/05/30;0300 UTC;0;1019;1019,3;1019;0;19,1;19,1;19,2;19;19,2;19;100;100;100;231;,9;,1;
2026/05/30;0400 UTC;0;1018,7;1019,1;1018,7;0;19,1;19,1;19,2;19;19,2;19;100;100;100;236;,9;0;
2026/05/30;0500 UTC;0;1018,2;1018,8;1018,2;0;18,9;18,9;19,1;18,9;19,1;18,9;100;100;100;236;,9;0;
2026/05/30;0600 UTC;0;1017,5;1018,2;1017,4;0;18,5;18,5;18,9;18,5;18,9;18,5;100;100;100;231;1,2;0;
2026/05/30;0700 UTC;0;1017,5;1017,6;1017,3;0;18,2;18,2;18,5;18,2;18,5;18,2;100;100;100;269;,7;0;
2026/05/30;0800 UTC;0;1018;1018;1017,5;0;18,1;18,1;18,2;17,9;18,2;17,9;100;100;100;237;,6;0;
2026/05/30;0900 UTC;0;1018,6;1018,6;1018;0;17,9;17,9;18,1;17,9;18,1;17,9;100;100;100;236;,8;,2;
2026/05/30;1000 UTC;0;1019,1;1019,1;1018,6;25,8;18;18;18;17,9;18;17,9;100;100;100;236;,8;0;
2026/05/30;1100 UTC;0;1019,5;1019,6;1019,1;405,1;20;18,6;20,2;18;19,2;18;100;91;92;259;,9;0;
2026/05/30;1200 UTC;0;1019,2;1019,5;1018,9;1178,5;22,9;17,4;23,3;20;19,2;16,7;95;70;71;263;2,1;,3;
2026/05/30;1300 UTC;0;1019,4;1019,6;1019,2;1580,6;23;17,4;23,5;22,5;17,9;17,2;74;69;71;298;4;1,4;
2026/05/30;1400 UTC;0;1018,6;1019,4;1018,6;1293,1;23,7;18;23,9;22,9;18,4;16,8;74;67;70;298;3,1;1,3;
2026/05/30;1500 UTC;0;1017,6;1018,6;1017,6;1636,2;25;18,4;25,1;23,7;18,9;17,3;71;65;67;266;2,8;,4;
2026/05/30;1600 UTC;0;1016,7;1017,6;1016,7;2197,4;24,9;18,1;25,9;24,9;19;17,4;69;62;66;237;4,3;1,2;
2026/05/30;1700 UTC;0;1016;1016,7;1016;1254,9;25,3;18,4;25,3;24,5;19;17,8;72;65;66;233;3,4;1;
2026/05/30;1800 UTC;0;1015,7;1016;1015,6;969,8;25;19,5;25,7;24,4;19,9;17,3;76;61;72;268;2,3;,1;
2026/05/30;1900 UTC;0;1015,2;1015,7;1015,1;951,4;25,2;19,9;25,9;25;19,9;18,1;73;63;73;290;1,8;,4;
2026/05/30;2000 UTC;0;1015,2;1015,3;1015,1;237,5;21,8;20,4;25,4;21,8;20,8;18,6;92;68;92;262;2,3;,3;
2026/05/30;2100 UTC;0;1015,4;1015,4;1015,1;4,5;20,5;20,3;21,8;20,5;20,7;20,3;99;92;98;238;1,6;0;
2026/05/30;2200 UTC;0;1015,6;1015,9;1015,4;0;20;19,9;20,5;19,9;20,3;19,8;100;98;99;231;2,2;,4;
2026/05/30;2300 UTC;0;1015,9;1015,9;1015,5;0;19,3;19,3;20;19,3;19,9;19,3;100;99;100;231;1,4;,1;
2026/05/31;0000 UTC;0;1016;1016,3;1015,9;0;18,6;18,6;19,4;18,6;19,4;18,6;100;100;100;236;1,6;,1;
2026/05/31;0100 UTC;0;1015,8;1016;1015,6;0;18,2;18,2;18,6;18,2;18,6;18,2;100;100;100;253;,8;0;
2026/05/31;0200 UTC;0;1015,6;1016,3;1015,6;0;18,8;18,8;18,8;17,8;18,8;17,8;100;100;100;291;4,4;2,5;
2026/05/31;0300 UTC;0;1015,8;1015,8;1015,2;0;17,7;17,7;18,9;17,7;18,9;17,7;100;100;100;254;4,4;0;
2026/05/31;0400 UTC;0;1016,3;1016,4;1015,8;0;17,7;17,7;17,8;17,5;17,8;17,5;100;100;100;233;2,3;,1;
2026/05/31;0500 UTC;0;1016;1016,3;1016;0;17,6;17,6;17,7;17,1;17,7;17,1;100;100;100;231;1;,1;
2026/05/31;0600 UTC;0;1016;1016,1;1015,9;0;18;18;18,1;17,2;18,1;17,3;100;100;100;237;1,2;0;
2026/05/31;0700 UTC;0;1015,9;1016,1;1015,8;0;18,6;18,6;18,6;18;18,6;18;100;100;100;239;1,3;0;
2026/05/31;0800 UTC;0;1016,1;1016,1;1015,8;0;18,8;18,8;18,8;18,5;18,8;18,5;100;100;100;254;1,2;0;
2026/05/31;0900 UTC;0;1016,3;1016,3;1016,1;0;19;19;19;18,8;19;18,8;100;100;100;238;1,7;,3;
2026/05/31;1000 UTC;0;1016,6;1016,6;1016,3;11,6;19,4;19,4;19,6;19;19,6;19;100;100;100;248;1,9;0;
2026/05/31;1100 UTC;,2;1017;1017;1016,6;197,8;20,5;20,1;20,6;19,4;20,3;19,4;100;97;97;284;1,1;,2;
2026/05/31;1200 UTC;0;1017,7;1017,7;1017;834,3;22,7;19,3;22,8;20,4;20,3;19,2;99;81;81;279;1,8;,4;
2026/05/31;1300 UTC;0;1017,1;1017,7;1017,1;1765,4;24,3;19;24,7;22,6;20,3;18,6;84;70;72;252;2,2;,7;
2026/05/31;1400 UTC;0;1016,9;1017,1;1016,9;1801;24,6;18,8;25,3;24,2;20;18,5;74;68;70;263;3,6;,7;
2026/05/31;1500 UTC;0;1016,4;1016,9;1016,4;1489,2;24,7;18,8;25,8;24,5;20,6;18,2;74;67;70;284;3,6;1,4;
2026/05/31;1600 UTC;0;1015,4;1016,4;1015,4;1687,8;25,9;19,5;26,1;24,6;20;18,4;73;64;68;270;3,3;1,3;
2026/05/31;1700 UTC;0;1015;1015,4;1015;1041,9;24,4;20,8;26,3;24,4;20,8;18,6;80;66;80;233;2,6;,1;
2026/05/31;1800 UTC;0;1014,8;1015;1014,6;486,9;23,7;19,3;25,1;23,4;21,2;19,3;81;73;77;238;5,5;1,5;
2026/05/31;1900 UTC;0;1014,9;1014,9;1014,8;215,6;23,7;17,8;23,8;22,8;20,4;17,7;86;69;70;291;4,2;1;
2026/05/31;2000 UTC;0;1015,5;1015,5;1014,9;87,6;21,6;19,5;23,7;21,6;19,6;17,7;88;70;88;240;3,4;0;
2026/05/31;2100 UTC;0;1016,1;1016,1;1015,5;1,8;20,8;19,9;21,6;20,8;19,9;19;95;86;95;236;,9;,1;
2026/05/31;2200 UTC;0;1016,5;1016,5;1016,1;0;21,1;20;21,1;20,7;20,4;19,9;97;93;94;282;1,5;,5;
2026/05/31;2300 UTC;0;1016,8;1016,8;1016,5;0;20,4;20,1;21;20,4;20,3;20;98;94;98;241;1,8;0;
2026/06/01;0000 UTC;0;1017;1017;1016,8;0;20,4;20,4;20,5;20,4;20,4;20,1;100;98;100;236;,3;0;
2026/06/01;0100 UTC;0;1017,1;1017,1;1017;0;20,3;20,3;20,4;20,2;20,4;20,2;100;100;100;238;,8;,1;
2026/06/01;0200 UTC;0;1017,1;1017,2;1017,1;0;20;20;20,3;19,9;20,3;19,9;100;100;100;240;1,5;,2;
2026/06/01;0300 UTC;0;1017;1017,1;1016,9;0;18,9;18,9;20;18,9;20;18,9;100;100;100;236;1,5;0;
2026/06/01;0400 UTC;0;1017,1;1017,1;1016,9;0;18;18;18,9;18;18,8;18;100;100;100;235;1,3;,1;
2026/06/01;0500 UTC;0;1016,5;1017,1;1016,5;0;18,1;18,1;18,2;17,9;18,2;17,9;100;100;100;236;,8;0;
2026/06/01;0600 UTC;0;1016,1;1016,5;1016,1;0;18,3;18,3;18,4;18,1;18,4;18,2;100;100;100;236;,8;0;
2026/06/01;0700 UTC;0;1015,6;1016,1;1015,5;0;17,7;17,7;18,3;17,7;18,3;17,7;100;100;100;231;,7;,1;
2026/06/01;0800 UTC;0;1015,8;1015,8;1015,6;0;17,6;17,6;17,9;17,2;17,9;17,2;100;100;100;232;1,2;,3;
2026/06/01;0900 UTC;0;1016,3;1016,3;1015,8;0;17,2;17,2;17,9;17,2;17,9;17,2;100;100;100;239;1,3;0;
2026/06/01;1000 UTC;0;1016,8;1016,8;1016,3;36,3;17,3;17,3;17,4;17,1;17,4;17,1;100;100;100;237;1,2;,2;
2026/06/01;1100 UTC;0;1017,1;1017,1;1016,8;365,9;18,9;18,7;18,9;17,2;18,7;17,2;100;99;99;247;,9;0;
2026/06/01;1200 UTC;0;1017,3;1017,3;1017,1;1134,4;22,7;17,2;22,7;18,9;18,8;16,7;99;69;71;272;,8;,1;
2026/06/01;1300 UTC;0;1017,7;1017,7;1017,3;1733,9;23,4;17,1;24,1;22,6;18,7;17;75;67;68;257;2,5;1;
2026/06/01;1400 UTC;0;1017,6;1017,7;1017,5;1877,2;23,8;17,6;25,2;23,4;18,6;17,1;72;65;69;263;3,6;,5;
2026/06/01;1500 UTC;0;1017;1017,6;1017;1182;24,2;17,8;24,9;23,8;18,5;17,3;72;65;67;255;2,1;,3;
2026/06/01;1600 UTC;0;1016,1;1017;1016,1;2163;25,6;17,7;26,1;24;18,9;17,3;69;61;62;297;3,8;1,8;
2026/06/01;1700 UTC;0;1015,7;1016,1;1015,7;1010,8;24,6;18,6;25,5;24,5;18,9;17,7;71;62;69;298;3,6;1;
2026/06/01;1800 UTC;0;1015,6;1015,7;1015,5;575,8;24,4;18,6;24,7;24,4;19,2;18,1;72;67;70;298;2,8;1;
2026/06/01;1900 UTC;0;1015,6;1015,6;1015,5;181,1;22,2;19,8;24,5;22,2;20,3;18,2;87;68;86;238;3,1;1,2;
2026/06/01;2000 UTC;,6;1016,3;1016,3;1015,6;13,9;20,9;20,9;22,2;20,8;20,9;19,8;100;87;100;292;3,1;,8;
2026/06/01;2100 UTC;4;1016,8;1016,9;1016,2;,2;20,6;20,6;20,9;20,6;20,9;20,6;100;99;100;255;2,5;,1;
2026/06/01;2200 UTC;,2;1017,1;1017,1;1016,8;0;20,3;20,3;20,6;20,3;20,6;20,3;100;100;100;248;,9;0;
2026/06/01;2300 UTC;0;1017,7;1017,7;1017,1;0;20,3;20,3;20,4;20,3;20,4;20,3;100;100;100;234;,9;,1;
2026/06/02;0000 UTC;0;1018;1018;1017,7;0;20,1;20,1;20,4;20,1;20,4;20,1;100;100;100;266;1,2;0;
2026/06/02;0100 UTC;0;1018;1018,1;1017,9;0;20,1;20,1;20,2;20,1;20,2;20,1;100;100;100;238;1,3;0;
2026/06/02;0200 UTC;0;1018,2;1018,2;1018;0;20,1;20,1;20,2;20;20,2;20;100;100;100;231;,8;,1;
2026/06/02;0300 UTC;0;1018,4;1018,4;1018,1;0;20,1;20,1;20,2;20;20,2;20;100;100;100;231;,7;0;
2026/06/02;0400 UTC;0;1018,6;1018,6;1018,2;0;20,1;20,1;20,2;20;20,2;20;100;100;100;294;1,8;,3;
2026/06/02;0500 UTC;3;1018,5;1018,7;1018,5;0;19,6;19,6;20,2;19,5;20,2;19,5;100;100;100;249;4,6;,1;
2026/06/02;0600 UTC;,6;1018,5;1018,5;1018,4;0;19,2;19,2;19,6;19,2;19,5;19,2;100;100;100;233;1,1;,1;
2026/06/02;0700 UTC;3,4;1018,4;1018,5;1018,3;0;19;19;19,3;19;19,3;19;100;100;100;250;1,4;0;
2026/06/02;0800 UTC;1;1018,4;1018,6;1018,3;0;18,9;18,9;19,1;18,9;19,1;18,9;100;100;100;273;1,5;,2;
2026/06/02;0900 UTC;0;1018,6;1018,6;1018,2;0;18,6;18,6;18,9;18,6;18,9;18,6;100;100;100;246;,9;0;
2026/06/02;1000 UTC;0;1019,6;1019,6;1018,6;12,5;18,7;18,7;18,7;18,6;18,7;18,6;100;100;100;235;,7;0;
2026/06/02;1100 UTC;0;1020,3;1020,3;1019,6;147,3;19,2;19,2;19,3;18,7;19,3;18,7;100;100;100;236;1,5;,2;
2026/06/02;1200 UTC;0;1021;1021;1020,3;212,3;19,7;19,4;19,7;19,2;19,6;19,3;100;98;99;254;1,1;0;
2026/06/02;1300 UTC;0;1021,3;1021,4;1021;215,2;19,9;19,6;19,9;19,6;19,7;19,3;100;98;98;279;,9;0;
2026/06/02;1400 UTC;,2;1021;1021,4;1020,9;510,6;20,7;19,9;20,8;19,6;20,2;19,2;100;95;95;255;1,5;,4;
2026/06/02;1500 UTC;0;1020,4;1021;1020,4;1083,8;21,4;19,1;21,7;20,7;20,3;18,8;96;84;87;244;2,1;,6;
2026/06/02;1600 UTC;0;1019,7;1020,4;1019,7;931,3;21,7;19,3;21,7;20,8;19,7;18,5;91;84;86;249;2,5;,8;
2026/06/02;1700 UTC;0;1019,5;1019,7;1019,5;732,2;21,5;19,1;22,1;21,4;19,6;18,6;89;82;86;282;3,9;,7;
2026/06/02;1800 UTC;0;1019,4;1019,5;1019,4;528,5;21,7;19;21,8;21,2;19,4;18,6;88;83;85;296;2,9;1,1;
2026/06/02;1900 UTC;0;1019,5;1019,5;1019,4;257,5;20,5;20;21,7;20,5;20,4;18,5;98;83;97;234;2,9;0;
2026/06/02;2000 UTC;0;1020;1020;1019,5;35,1;20;19,6;20,8;20;20,2;18,9;99;89;98;295;2,2;0;
2026/06/02;2100 UTC;0;1020,4;1020,4;1020;3,1;19,5;19,2;20,1;19,5;19,9;19,1;100;96;99;240;2,8;,1;
2026/06/02;2200 UTC;,4;1021;1021;1020,4;0;19,3;19,3;19,5;19,3;19,5;19,2;100;98;100;241;1,8;,2;
2026/06/02;2300 UTC;,8;1021,4;1021,4;1021;0;18,9;18,9;19,3;18,9;19,2;18,9;100;99;100;247;2,1;,1;
2026/06/03;0000 UTC;0;1021,5;1021,5;1021,3;0;18,9;18,9;18,9;18,7;18,9;18,7;100;100;100;297;1,3;,2;
2026/06/03;0100 UTC;0;1021,9;1022;1021,5;0;19;19;19;18,8;19;18,8;100;100;100;251;2;,5;
2026/06/03;0200 UTC;0;1022,1;1022,1;1021,9;0;18,9;18,9;19,1;18,8;19,1;18,8;100;100;100;238;2;,2;
2026/06/03;0300 UTC;0;1021,9;1022,2;1021,8;0;18,7;18,7;18,9;18,7;18,9;18,7;100;100;100;264;1,3;0;
2026/06/03;0400 UTC;0;1021,9;1021,9;1021,8;0;18,6;18,6;18,7;18,6;18,7;18,6;100;100;100;239;1,3;,1;
2026/06/03;0500 UTC;0;1021,7;1021,9;1021,6;0;18,2;18,2;18,6;18,2;18,6;18,2;100;100;100;236;1,3;,2;
2026/06/03;0600 UTC;0;1021,2;1021,8;1021,2;0;17,7;17,7;18,2;17,7;18,2;17,7;100;100;100;239;1,1;,2;
2026/06/03;0700 UTC;0;1021,3;1021,3;1021,1;0;17,4;17,4;17,8;17,4;17,8;17,4;100;100;100;231;1,1;0;
2026/06/03;0800 UTC;0;1021,7;1021,7;1021,3;0;17,2;17,2;17,4;17;17,4;17;100;100;100;242;1;,2;
2026/06/03;0900 UTC;0;1021,8;1021,8;1021,5;0;17;17;17,2;16,9;17,2;16,9;100;100;100;237;1;0;
2026/06/03;1000 UTC;0;1022,6;1022,6;1021,8;27,9;17,1;17,1;17,4;16,9;17,4;16,9;100;100;100;262;,8;,1;
2026/06/03;1100 UTC;0;1022,5;1022,8;1022,5;442;18,7;18,7;18,7;17,1;18,7;17,1;100;100;100;298;,8;,3;
2026/06/03;1200 UTC;0;1023,4;1023,4;1022,5;1098;21,7;18,8;21,7;18,8;19,5;17,6;100;82;84;276;1,1;,1;
2026/06/03;1300 UTC;0;1023,6;1023,6;1023,4;1472,7;21,9;17,5;22,9;20,8;19;17,5;88;74;76;296;1,8;,4;
2026/06/03;1400 UTC;0;1023,2;1023,6;1023,2;1618,7;23;17,4;23,5;21,7;19,1;16,9;84;69;71;298;2,8;1,3;
2026/06/03;1500 UTC;0;1022,8;1023,2;1022,8;1684,8;23,6;17,9;24;22,9;18,8;16,9;74;67;70;256;2,9;1;
2026/06/03;1600 UTC;,2;1022,1;1022,8;1022,1;1723,1;24,2;18,2;24,3;23;18,7;17,4;76;67;69;283;2,9;,9;
2026/06/03;1700 UTC;0;1021,3;1022,1;1021,3;2195,1;25,1;17,8;25,3;23,5;18,5;17,4;70;63;64;296;3,7;,8;
2026/06/03;1800 UTC;0;1021,2;1021,4;1021,2;1768,9;25,5;17,1;25,6;24,9;18,6;16;67;56;60;286;3,5;,5;
2026/06/03;1900 UTC;0;1021,5;1021,5;1021,2;570,9;21,3;18,5;26;21,2;19,3;16,5;85;57;84;241;3,8;,7;
2026/06/03;2000 UTC;0;1022;1022;1021,4;108,8;21,7;18,3;22,4;21,2;19,1;17,7;88;75;81;247;3,8;,4;
2026/06/03;2100 UTC;0;1022,3;1022,3;1022;3,6;20,5;19,5;21,7;20,5;19,6;18,2;94;81;94;262;2,3;,2;
2026/06/03;2200 UTC;0;1022,8;1022,8;1022,3;0;20,5;20,3;20,9;20,2;20,3;19,5;99;93;99;290;1,8;,4;
2026/06/03;2300 UTC;0;1023,4;1023,4;1022,8;0;20;19,9;20,7;19,9;20,3;19,7;100;95;100;257;2,3;0;
2026/06/04;0000 UTC;0;1023,8;1023,8;1023,4;0;19,5;19,5;20,2;19,5;20,1;19,5;100;99;100;236;1,6;,1;
2026/06/04;0100 UTC;0;1024,1;1024,1;1023,8;0;18,7;18,7;19,5;18,7;19,5;18,7;100;100;100;250;,9;0;
2026/06/04;0200 UTC;0;1024,1;1024,1;1023,9;0;17,9;17,9;18,8;17,9;18,8;17,9;100;100;100;236;,9;0;
2026/06/04;0300 UTC;0;1024,1;1024,1;1024;0;17,5;17,5;18;17,5;18;17,5;100;100;100;238;,7;,1;
2026/06/04;0400 UTC;0;1024;1024,1;1023,9;0;16,9;16,9;17,5;16,8;17,5;16,8;100;100;100;236;,9;,1;
2026/06/04;0500 UTC;0;1023,8;1024;1023,8;0;16,5;16,5;16,9;16,3;16,9;16,3;100;100;100;236;,7;,1;
2026/06/04;0600 UTC;0;1023,5;1023,8;1023,5;0;16,5;16,5;17;16,4;17;16,4;100;100;100;233;,7;,1;
2026/06/04;0700 UTC;0;1023,3;1023,5;1023,2;0;16,7;16,7;16,7;16,3;16,7;16,3;100;100;100;236;,8;0;
2026/06/04;0800 UTC;0;1023,3;1023,4;1023,3;0;16,9;16,9;17;16,6;17;16,6;100;100;100;231;,8;0;
2026/06/04;0900 UTC;0;1023,9;1023,9;1023,3;0;16,9;16,9;17;16,5;17;16,5;100;100;100;247;,7;0;
2026/06/04;1000 UTC;0;1024,6;1024,6;1023,9;18,4;17,3;17,3;17,5;16,9;17,5;16,9;100;100;100;249;,6;0;
2026/06/04;1100 UTC;0;1025;1025;1024,6;289,8;18,4;18,4;18,5;17,2;18,4;17,3;100;100;100;245;,6;,1;
2026/06/04;1200 UTC;0;1025,6;1025,6;1025;712,1;20,1;18,8;20,1;18,4;19,8;18,5;100;92;93;248;1,1;,1;
2026/06/04;1300 UTC;0;1025,7;1025,7;1025,6;868,1;21,3;18,9;21,3;20,1;19,6;18,4;94;86;86;246;1,6;,4;
2026/06/04;1400 UTC;0;1025,1;1025,6;1025,1;908,1;21,1;17,9;22,1;21,1;19,6;17,7;86;80;82;245;3,2;1,3;
2026/06/04;1500 UTC;0;1024,4;1025,2;1024,4;1109,9;22,4;17,1;22,4;20,9;18,4;16,5;85;70;72;262;8;1;
2026/06/04;1600 UTC;0;1023,9;1024,4;1023,9;962,7;22,3;17,6;22,7;21,9;18;16,6;78;70;74;298;4,5;1,8;
2026/06/04;1700 UTC;0;1023,2;1023,9;1023,2;1103,4;23,2;17,5;23,5;22,3;18,2;17,2;77;69;70;298;4,4;1,3;
2026/06/04;1800 UTC;0;1023,4;1023,4;1023,2;350,4;21;16,3;23,2;20,9;18,4;16,3;83;70;74;249;7,2;1,6;
2026/06/04;1900 UTC;0;1023,5;1023,6;1023,3;233;20,3;18,6;21,1;20,3;18,9;16,2;91;74;90;268;6,2;,7;
2026/06/04;2000 UTC;0;1023,8;1023,8;1023,5;107,4;19,5;19;20,3;19,5;19;18,4;97;89;97;236;2,3;,6;
2026/06/04;2100 UTC;0;1024,1;1024,1;1023,8;2,9;19,1;18,9;19,5;19;19,1;18,3;99;94;99;268;2,5;0;
2026/06/04;2200 UTC;0;1024;1024,2;1024;0;18,5;18,5;19,1;18,4;18,9;18,4;100;99;100;266;1,6;,5;
2026/06/04;2300 UTC;0;1024,6;1024,6;1024;0;18;18;18,5;17,7;18,4;17,7;100;100;100;276;1,6;0;
2026/06/05;0000 UTC;0;1024,7;1024,7;1024,6;0;17,4;17,4;18;17,4;18;17,4;100;100;100;284;1,2;,2;
2026/06/05;0100 UTC;0;1024,7;1024,8;1024,7;0;16,9;16,9;17,4;16,8;17,4;16,8;100;100;100;231;,9;0;
2026/06/05;0200 UTC;0;1024,7;1024,8;1024,6;0;16,6;16,6;17,1;16,6;17,1;16,6;100;100;100;231;1;,1;
2026/06/05;0300 UTC;0;1024,6;1024,7;1024,6;0;16;16;16,6;16;16,6;16;100;100;100;231;,7;,2;
2026/06/05;0400 UTC;0;1024,4;1024,6;1024,4;0;15,6;15,6;16,1;15,6;16,1;15,6;100;100;100;234;1;0;
2026/06/05;0500 UTC;0;1023,6;1024,4;1023,6;0;15;15;15,6;14,9;15,6;14,9;100;100;100;231;,5;0;
2026/06/05;0600 UTC;0;1022,9;1023,6;1022,9;0;14,5;14,5;15,1;14,4;15,1;14,4;100;100;100;231;1,3;,2;
2026/06/05;0700 UTC;0;1022,6;1022,9;1022,6;0;13,8;13,8;14,5;13,8;14,5;13,8;100;100;100;231;1,3;,1;
2026/06/05;0800 UTC;0;1022,5;1022,6;1022,4;0;13,6;13,6;14,1;13,6;14,1;13,6;100;100;100;231;1;0;
2026/06/05;0900 UTC;0;1023;1023;1022,5;0;13,5;13,5;13,8;13,3;13,8;13,3;100;100;100;231;,8;,2;
2026/06/05;1000 UTC;0;1023,3;1023,3;1023;37,4;14,6;14,6;14,6;13,4;14,6;13,4;100;100;100;231;,8;0;
2026/06/05;1100 UTC;0;1023,3;1023,3;1023,2;283,1;16;16;16,1;14,6;16,1;14,7;100;100;100;231;1,4;0;
2026/06/05;1200 UTC;0;1023,8;1023,8;1023,3;886,4;18,7;17,6;18,8;16;18,1;16;100;89;93;236;,7;0;
2026/06/05;1300 UTC;0;1023,6;1023,8;1023,6;1701,9;20,8;16,1;21,4;18,7;18;15,9;94;74;75;247;3,2;,9;
2026/06/05;1400 UTC;0;1023,6;1023,7;1023,6;1286,4;21,4;16,1;21,5;20,7;17;15,5;79;70;72;283;3,6;,6;
2026/06/05;1500 UTC;0;1022,8;1023,6;1022,8;2729,1;23,2;15,2;23,8;21,4;17,2;14,8;75;60;61;250;4,3;1,4;
2026/06/05;1600 UTC;0;1021,6;1022,8;1021,6;2165,3;23,6;15,2;24,2;22,4;16,4;14,4;64;58;59;293;4,4;1,2;
2026/06/05;1700 UTC;,2;1021;1021,6;1021;1452;20,9;16,3;24,4;20,9;16,7;13,7;75;55;75;236;4,3;,2;
2026/06/05;1800 UTC;0;1020,3;1021;1020,3;1090;22,5;15,9;24,2;20,7;17,8;14,8;81;58;66;251;3,2;,7;
2026/06/05;1900 UTC;0;1020,3;1020,4;1020,3;634,3;19,8;15,8;23,5;19,8;16,6;14,5;78;60;78;231;3,9;,8;
2026/06/05;2000 UTC;0;1020,6;1020,6;1020,3;139,2;18,4;16,7;20,5;18,4;16,7;15,6;90;75;90;232;3,5;0;
2026/06/05;2100 UTC;0;1020,6;1020,7;1020,6;7,2;17;16,8;18,4;17;17,1;16,7;99;90;99;232;1,1;,3;
2026/06/05;2200 UTC;0;1020,7;1020,7;1020,6;0;16,1;16,1;17,1;16,1;16,9;16,1;100;99;100;248;1;,1;
2026/06/05;2300 UTC;0;1021,2;1021,2;1020,7;0;15,7;15,7;16,1;15,7;16,1;15,7;100;100;100;233;1,6;,1;
2026/06/06;0000 UTC;0;1021,3;1021,4;1021,2;0;15,6;15,6;15,7;15,4;15,7;15,4;100;100;100;231;1,1;,2;
2026/06/06;0100 UTC;0;1021,4;1021,4;1021,3;0;15,1;15,1;15,6;15;15,6;15;100;100;100;235;1;0;
2026/06/06;0200 UTC;0;1021;1021,4;1021;0;14,8;14,8;15,1;14,7;15,1;14,7;100;100;100;231;,8;,1;
2026/06/06;0300 UTC;0;1020,5;1021;1020,5;0;14,4;14,4;15;14,4;15;14,4;100;100;100;231;,8;,1;
2026/06/06;0400 UTC;0;1020;1020,5;1020;0;13,8;13,8;14,5;13,8;14,5;13,8;100;100;100;231;1,3;,2;
2026/06/06;0500 UTC;0;1019,2;1020;1019,2;0;13,6;13,6;13,9;13,3;13,9;13,3;100;100;100;236;1,1;,2;
2026/06/06;0600 UTC;0;1018,9;1019,2;1018,8;0;13;13;13,6;13;13,5;13;100;100;100;236;,9;0;
2026/06/06;0700 UTC;0;1018,5;1018,9;1018,5;0;12,8;12,8;13,1;12,7;13,1;12,7;100;100;100;235;,9;0;
2026/06/06;0800 UTC;0;1018,1;1018,5;1018,1;0;12,5;12,5;12,8;12,2;12,8;12,2;100;100;100;231;,6;0;
2026/06/06;0900 UTC;0;1018,2;1018,2;1018;0;12;12;12,5;11,9;12,4;11,9;100;100;100;231;,8;,1;
2026/06/06;1000 UTC;0;1018,7;1018,7;1018,2;25,4;12;12;12,1;11,7;12,1;11,7;100;100;100;231;,8;0;
2026/06/06;1100 UTC;0;1018,6;1018,7;1018,5;470,9;15,3;15,3;15,3;11,9;15,3;11,9;100;100;100;237;,7;0;
2026/06/06;1200 UTC;0;1018,6;1018,7;1018,5;1203,5;18,7;14,7;18,8;15,2;16,1;14,7;100;77;77;271;,7;0;
2026/06/06;1300 UTC;0;1018,4;1018,6;1018,4;1822,8;21,2;15,9;21,2;18,7;16;14,4;80;68;72;283;2,4;,6;
2026/06/06;1400 UTC;0;1017,8;1018,4;1017,8;2245,6;22,6;15,5;22,7;21;16,4;14,5;72;62;64;291;3,4;1;
2026/06/06;1500 UTC;0;1016,5;1017,8;1016,5;2444,3;23;14,3;23,5;22,3;16,2;13,7;65;56;58;236;2,8;1;
2026/06/06;1600 UTC;0;1015,1;1016,5;1015;2432;24,1;14,4;24,8;23;15,4;13,1;61;52;55;289;3,9;1,8;
2026/06/06;1700 UTC;0;1014,6;1015,1;1014,6;2193,3;25,1;15;25,6;23,9;16,1;13,7;59;49;54;260;3,9;,7;
2026/06/06;1800 UTC;0;1014,1;1014,6;1014,1;1704,5;24,9;15,5;25,6;24,4;16;13,7;60;50;56;231;3,8;1,3;
2026/06/06;1900 UTC;0;1014;1014,1;1013,9;1038,8;23,8;16,6;25;23,5;17;14,9;67;54;64;237;3,7;,3;
2026/06/06;2000 UTC;0;1014,3;1014,3;1014;339,7;20,2;16,9;23,9;20,2;17,3;15,9;82;63;81;290;2,8;,4;
2026/06/06;2100 UTC;0;1014,4;1014,5;1014,3;4,7;17,4;17;20,2;17,4;17,3;16,7;97;81;97;250;1,4;0;
2026/06/06;2200 UTC;0;1014,5;1014,5;1014,3;0;16,1;16,1;17,4;16,1;16,9;16,1;100;97;100;231;1,3;,2;
2026/06/06;2300 UTC;0;1014,6;1014,6;1014,4;0;15,1;15,1;16,3;15;16,3;15;100;99;100;233;2,2;,2;
2026/06/07;0000 UTC;0;1014,8;1014,9;1014,6;0;14,2;14,2;15,1;14,2;15,1;14,2;100;100;100;234;1;0;
2026/06/07;0100 UTC;0;1015;1015;1014,8;0;13,6;13,6;14,4;13,6;14,4;13,6;100;100;100;232;1,2;0;
2026/06/07;0200 UTC;0;1015,3;1015,3;1014,9;0;13,2;13,2;13,6;13;13,6;13;100;100;100;231;1,2;,3;
2026/06/07;0300 UTC;0;1015,4;1015,4;1015,3;0;12,7;12,7;13,3;12,7;13,3;12,7;100;100;100;231;,9;,2;
2026/06/07;0400 UTC;,2;1015,4;1015,5;1015,4;0;12,5;12,5;13,1;12,5;13,1;12,5;100;100;100;231;1,3;,5;
2026/06/07;0500 UTC;0;1014,8;1015,4;1014,8;0;12,5;12,5;12,7;12,2;12,7;12,2;100;100;100;231;1,3;0;
2026/06/07;0600 UTC;0;1014,5;1014,8;1014,4;0;12,2;12,2;12,9;12,1;12,9;12,1;100;100;100;231;1,7;,2;
2026/06/07;0700 UTC;0;1014,4;1014,6;1014,4;0;12,5;12,5;12,6;12,1;12,6;12,1;100;100;100;232;1,1;,1;
2026/06/07;0800 UTC;0;1014,5;1014,5;1014,3;0;12,1;12,1;12,8;12;12,7;12;100;100;100;231;1,2;0;
2026/06/07;0900 UTC;0;1014,7;1014,8;1014,5;0;12,2;12,2;12,4;11,9;12,4;11,9;100;100;100;231;,8;,1;
2026/06/07;1000 UTC;0;1015,2;1015,2;1014,7;28,6;12,2;12,2;12,7;11,8;12,7;11,8;100;100;100;231;1,3;,2;
2026/06/07;1100 UTC;0;1015,7;1015,7;1015,2;458,1;15,1;15,1;15,1;12,1;15,1;12,2;100;100;100;231;1,1;,4;
2026/06/07;1200 UTC;0;1015,7;1015,7;1015,5;1201,1;19,8;15,5;19,8;15,1;17;15,1;100;76;76;298;1,1;,2;
2026/06/07;1300 UTC;,2;1015,6;1015,8;1015,6;1818,8;21,8;16,6;21,8;19,8;17,2;15,2;81;72;72;285;3,7;1,5;
2026/06/07;1400 UTC;0;1015,2;1015,7;1015,2;2237,9;22,8;15,3;22,8;21,3;17;15;73;63;63;296;3,8;1,4;
2026/06/07;1500 UTC;0;1014,4;1015,2;1014,4;2465,2;24,5;15,2;24,6;22,8;16,5;14,9;65;56;56;296;4;1,4;
2026/06/07;1600 UTC;0;1013,6;1014,4;1013,6;2419,8;25,1;15,9;25,4;24,2;16,7;14,1;61;53;57;283;4,1;1,5;
2026/06/07;1700 UTC;0;1013,1;1013,6;1013,1;2168,2;26,2;14,7;26,4;25;16,3;14,5;59;49;49;298;3,9;1,7;
2026/06/07;1800 UTC;0;1013;1013,1;1012,9;1670,4;26,2;11,7;27,3;26,1;15,4;11,2;51;38;41;262;3,8;1,1;
2026/06/07;1900 UTC;0;1013,3;1013,3;1013;1043,2;22,7;15,6;26,8;22,7;15,9;10,4;64;37;64;275;3,4;,3;
2026/06/07;2000 UTC;0;1014;1014;1013,3;335,5;19,7;16,7;22,7;19,6;16,7;14,8;83;62;83;251;1,8;,4;
2026/06/07;2100 UTC;0;1015,2;1015,2;1014;5;17,5;16,8;19,7;17,5;17;16,4;96;83;95;257;2,1;0;
2026/06/07;2200 UTC;0;1016;1016;1015,2;0;16,4;16,3;17,5;16,4;16,9;16,2;99;95;99;231;1,2;,1;
2026/06/07;2300 UTC;0;1016,4;1016,4;1016;0;15,6;15,6;16,4;15,3;16,3;15,3;100;99;100;231;1,5;,2;
2026/06/08;0000 UTC;0;1016,9;1016,9;1016,4;0;14,9;14,9;15,6;14,8;15,5;14,8;100;100;100;235;1,5;0;
2026/06/08;0100 UTC;0;1017,4;1017,4;1016,9;0;14,1;14,1;14,9;14,1;14,9;14,1;100;100;100;234;1,1;,1;
2026/06/08;0200 UTC;0;1017,3;1017,5;1017,3;0;13,6;13,6;14,3;13,5;14,3;13,5;100;100;100;231;,9;,1;
2026/06/08;0300 UTC;0;1017,3;1017,4;1017,3;0;13,3;13,3;14;13,1;14;13,1;100;100;100;231;1;,3;
2026/06/08;0400 UTC;0;1017,5;1017,6;1017,3;0;12,7;12,7;13,3;12,6;13,3;12,6;100;100;100;232;,8;0;
2026/06/08;0500 UTC;0;1017;1017,5;1017;0;12,7;12,7;12,8;12,6;12,8;12,6;100;100;100;231;1;,2;
2026/06/08;0600 UTC;0;1016,7;1017;1016,7;0;12,3;12,3;12,7;12,1;12,6;12,1;100;100;100;231;,9;,1;
2026/06/08;0700 UTC;0;1016,7;1016,7;1016,6;0;12;12;12,5;11,8;12,5;11,8;100;100;100;231;1,7;,1;
2026/06/08;0800 UTC;0;1017;1017;1016,7;0;11,8;11,8;12,2;11,8;12,2;11,8;100;100;100;231;,9;,1;
2026/06/08;0900 UTC;,2;1017,5;1017,5;1017;0;11,5;11,5;12;11,4;12;11,4;100;100;100;236;,9;,3;
2026/06/08;1000 UTC;0;1018;1018;1017,5;23,4;11,7;11,7;11,8;11,4;11,8;11,4;100;100;100;231;,9;0;
2026/06/08;1100 UTC;0;1018,6;1018,6;1018;450,9;15,1;15,1;15,1;11,7;15,1;11,7;100;100;100;232;,8;0;
2026/06/08;1200 UTC;0;1018,9;1018,9;1018,6;1193,3;19,3;15,2;19,3;15,1;15,9;14,4;100;76;77;270;,7;,1;
2026/06/08;1300 UTC;0;1018,6;1018,9;1018,6;1795;21,2;14,5;21,3;19,2;16;14,2;78;65;66;298;2,9;1,6;
2026/06/08;1400 UTC;0;1018;1018,6;1018;2200;22,8;14,4;23,2;21,2;15;13,2;65;56;59;297;2,9;1,1;
2026/06/08;1500 UTC;0;1017;1018;1017;2392;24,3;15,1;24,5;22,8;15,4;13,9;62;54;56;298;3,2;1,3;
2026/06/08;1600 UTC;0;1015,9;1017;1015,9;2370,7;25,9;15,3;25,9;24,2;16,7;13,9;59;49;52;275;3,1;1,4;
2026/06/08;1700 UTC;0;1015,2;1015,9;1015,2;2111,3;26,2;15,1;26,8;25,6;16,2;12,7;53;44;51;241;2,7;,8;
2026/06/08;1800 UTC;0;1014,6;1015,2;1014,6;1636,2;26,1;15,9;26,4;25,7;16,9;14,7;57;50;54;238;3,9;1,1;
2026/06/08;1900 UTC;0;1014,3;1014,6;1014,3;999;24,8;18,3;26,5;24,6;18,3;15,7;68;53;67;263;3,1;,2;
2026/06/08;2000 UTC;0;1014,5;1014,5;1014,2;325,6;21,4;17;24,9;21,4;18,4;17;78;63;76;284;2,4;,5;
2026/06/08;2100 UTC;0;1015,2;1015,2;1014,5;4,9;17,9;17,3;21,4;17,9;17,7;16,9;96;76;96;250;2;0;
2026/06/08;2200 UTC;0;1015,7;1015,7;1015,2;0;16,9;16,8;18;16,8;17,5;16,7;100;96;100;237;1;0;
2026/06/08;2300 UTC;0;1015,9;1015,9;1015,6;0;15,9;15,9;16,9;15,9;16,8;15,9;100;100;100;237;1,1;0;
2026/06/09;0000 UTC;0;1015,7;1015,9;1015,7;0;15,5;15,5;16;15,3;16;15,3;100;100;100;231;1,1;,3;
2026/06/09;0100 UTC;0;1015,9;1015,9;1015,7;0;14,9;14,9;15,4;14,8;15,4;14,8;100;100;100;236;1,3;0;
2026/06/09;0200 UTC;0;1016,2;1016,2;1015,9;0;14,4;14,4;14,9;14,2;14,8;14,2;100;100;100;237;1,4;,1;
2026/06/09;0300 UTC;0;1016,1;1016,3;1016,1;0;14;14;14,4;13,8;14,4;13,8;100;100;100;232;1,1;0;
2026/06/09;0400 UTC;0;1015,7;1016,1;1015,7;0;13,5;13,5;14;13,4;14;13,4;100;100;100;231;,9;,1;
2026/06/09;0500 UTC;0;1015,1;1015,8;1015,1;0;13,3;13,3;13,8;13,3;13,7;13,3;100;100;100;232;1,1;,3;
2026/06/09;0600 UTC;0;1014,4;1015,1;1014,4;0;13,3;13,3;14;13,1;14;13,1;100;100;100;233;1,3;,1;
2026/06/09;0700 UTC;0;1014,1;1014,4;1014,1;0;13,3;13,3;13,5;13;13,5;13;100;100;100;237;1,1;,1;
2026/06/09;0800 UTC;,2;1014,4;1014,6;1014;0;13,3;13,3;13,7;12,9;13,7;12,9;100;100;100;264;1,3;,4;
2026/06/09;0900 UTC;0;1015,3;1015,3;1014,4;0;12,9;12,9;13,6;12,9;13,6;12,9;100;100;100;235;1,3;,2;
2026/06/09;1000 UTC;0;1015,7;1015,7;1015,3;27,6;13,1;13,1;13,1;12,8;13,1;12,8;100;100;100;231;1,3;,3;
2026/06/09;1100 UTC;0;1015,5;1015,7;1015,5;448,3;15,7;15,7;15,8;13;15,8;13;100;100;100;276;1;0;
2026/06/09;1200 UTC;0;1015,8;1015,9;1015,5;983;19,5;17,1;19,5;15,7;18,1;15,7;100;86;86;263;1,8;,2;
2026/06/09;1300 UTC;0;1015,6;1015,9;1015,6;1507,6;21,6;16,6;21,6;19,4;18;16,1;86;73;73;298;3,2;1;
2026/06/09;1400 UTC;0;1014,7;1015,6;1014,7;2022,7;23,7;16,5;23,7;21,6;18,1;16,2;74;64;64;296;3,2;1,4;
2026/06/09;1500 UTC;0;1013,7;1014,7;1013,7;2100,5;25,4;17;25,4;23,7;17,6;16,4;67;58;60;300;3,2;1,7;
2026/06/09;1600 UTC;0;1012,4;1013,7;1012,4;2115,3;26,5;16,5;26,7;25,2;17,4;16;60;53;54;287;4;,8;
2026/06/09;1700 UTC;0;1011,5;1012,4;1011,5;1785,3;27,7;17;28,1;26,2;18,3;15,9;61;51;52;265;3,4;,6;
2026/06/09;1800 UTC;0;1011,1;1011,5;1011;1503,7;28;17,8;28,9;27,3;19,3;15,9;62;48;54;297;2;,9;
2026/06/09;1900 UTC;0;1010,9;1011,2;1010,9;990,7;25,7;18,2;28;25,7;19,7;18,2;66;54;63;298;2,9;2;
2026/06/09;2000 UTC;0;1011,4;1011,4;1010,9;311;22,5;16,7;25,9;22,5;19,3;16,7;70;63;70;298;2,9;,4;
2026/06/09;2100 UTC;0;1012;1012;1011,4;3,7;18,8;17,9;22,5;18,8;18,3;16,7;95;70;95;232;1,2;,1;
2026/06/09;2200 UTC;0;1012,6;1012,6;1012;0;17,8;17,7;18,8;17,7;17,9;17,5;99;94;99;231;1,9;,1;
2026/06/09;2300 UTC;0;1013,1;1013,1;1012,6;0;17,3;17,2;18,1;17,3;18;17,2;100;99;100;231;1,4;,3;
2026/06/10;0000 UTC;0;1013,8;1013,9;1012,9;0;16,9;16,7;17,5;16,9;17,4;16,5;100;96;98;238;1,6;,3;
2026/06/10;0100 UTC;0;1014,1;1014,1;1013,8;0;16,2;16,2;17,3;16,2;17;16,2;100;97;100;243;1,6;0;
2026/06/10;0200 UTC;0;1013,9;1014,3;1013,9;0;16,1;16,1;16,5;16;16,5;16;100;100;100;232;1,1;,1;
2026/06/10;0300 UTC;0;1013,6;1013,9;1013,5;0;15,4;15,4;16,3;15,3;16,3;15,3;100;100;100;241;,9;0;
2026/06/10;0400 UTC;0;1013,6;1013,8;1013,6;0;15,2;15,2;15,4;15,1;15,4;15,1;100;100;100;231;1;0;
2026/06/10;0500 UTC;0;1013,2;1013,6;1013,1;0;14,9;14,9;15,3;14,7;15,3;14,7;100;100;100;231;1,4;,4;
2026/06/10;0600 UTC;0;1012,9;1013,2;1012,9;0;14,3;14,3;14,9;14,3;14,9;14,3;100;100;100;231;1,1;0;
2026/06/10;0700 UTC;0;1012,9;1012,9;1012,7;0;14;14;14,4;13,7;14,4;13,7;100;100;100;231;,6;0;
2026/06/10;0800 UTC;0;1013,1;1013,1;1012,8;0;13,4;13,4;14;13,4;14;13,4;100;100;100;231;,8;0;
2026/06/10;0900 UTC;0;1013,8;1013,8;1013,1;0;13,3;13,3;13,6;13;13,5;13,1;100;100;100;231;1,1;0;
2026/06/10;1000 UTC;,2;1014,3;1014,3;1013,7;23,9;13,3;13,3;13,5;13,1;13,5;13,1;100;100;100;236;1,4;,3;
2026/06/10;1100 UTC;0;1015;1015;1014,3;360,9;16;16;16;13,3;16;13,3;100;100;100;278;1,1;0;
2026/06/10;1200 UTC;0;1015,9;1015,9;1015;1118,3;20,8;16,3;20,9;16;17,5;16;100;74;76;260;1,1;,1;
2026/06/10;1300 UTC;0;1015,7;1016;1015,7;1708,4;23,6;16,6;23,6;20,5;17;14,4;77;59;65;259;1,3;,3;
2026/06/10;1400 UTC;0;1014,9;1015,7;1014,9;2099,2;24,5;14,2;25;23,6;16,6;14,2;64;53;53;245;3;,8;
2026/06/10;1500 UTC;0;1013,9;1014,9;1013,9;2125,3;25,6;15,1;25,6;24,2;16,1;14,1;58;51;52;251;3,2;,3;
2026/06/10;1600 UTC;0;1013;1013,9;1013;1956,2;25,7;14,3;26;25;16;13,8;57;48;49;249;3,7;,5;
2026/06/10;1700 UTC;0;1012,5;1013;1012,5;1688,3;26,7;14,1;26,8;25,5;16,6;13,4;58;44;46;299;3,7;1,1;
2026/06/10;1800 UTC;0;1012,5;1012,7;1012,5;1184,4;25,7;17,9;27;24,8;17,9;13,5;63;45;62;301;2,6;,6;
2026/06/10;1900 UTC;0;1012,3;1012,5;1012,3;923,6;25,1;18,3;26,5;25,1;18,8;14,8;68;49;66;288;1,9;,9;
2026/06/10;2000 UTC;0;1013,1;1013,1;1012,3;234,4;21,7;17,6;25,2;21,4;18,9;16,5;82;60;77;262;2,5;,3;
2026/06/10;2100 UTC;0;1013,9;1013,9;1013,1;3,9;18,8;18,1;21,8;18,8;18,3;17,5;95;77;95;236;1,6;,1;
2026/06/10;2200 UTC;0;1014,7;1014,7;1013,9;0;18,1;17,8;18,9;18,1;18,3;17,8;98;95;98;249;,7;0;
2026/06/10;2300 UTC;0;1014,7;1014,9;1014,7;0;17,8;17,8;18,1;17,7;18;17,7;100;98;100;231;0;0;
2026/06/11;0000 UTC;0;1014,6;1014,8;1014,5;0;17,5;17,5;18;17,4;17,9;17,4;100;99;100;237;0;0;
2026/06/11;0100 UTC;0;1014,7;1014,9;1014,6;0;17,2;17,2;17,6;17,2;17,6;17,2;100;100;100;238;0;0;
2026/06/11;0200 UTC;0;1014,7;1014,8;1014,6;0;16,9;16,9;17,2;16,6;17,2;16,6;100;100;100;231;0;0;
2026/06/11;0300 UTC;0;1014,5;1014,7;1014,4;0;16,4;16,4;17;16,3;17;16,3;100;100;100;231;0;0;
2026/06/11;0400 UTC;0;1014,4;1014,8;1014,4;0;17,5;17,5;17,5;16,4;17,5;16,4;100;100;100;273;0;0;
2026/06/11;0500 UTC;0;1013,9;1014,4;1013,8;0;17,3;17,3;17,5;17,2;17,5;17,2;100;100;100;231;0;0;
2026/06/11;0600 UTC;0;1013,7;1014,1;1013,7;0;17,3;17,3;17,4;17,2;17,4;17,2;100;100;100;236;0;0;
2026/06/11;0700 UTC;0;1013,5;1013,7;1013,2;0;17,2;17,2;17,4;17;17,4;17;100;100;100;231;0;0;
2026/06/11;0800 UTC;0;1013,8;1013,8;1013,3;0;17,4;17,4;17,5;17,1;17,5;17,1;100;100;100;231;0;0;
2026/06/11;0900 UTC;0;1014;1014;1013,4;0;17,4;17,4;17,5;17,3;17,5;17,3;100;100;100;231;0;0;
2026/06/11;1000 UTC;0;1014,6;1014,6;1013,9;11,4;17,7;17,7;17,7;17,4;17,7;17,4;100;100;100;276;0;0;
2026/06/11;1100 UTC;0;1015,8;1015,8;1014,5;96;18,3;18,3;18,3;17,6;18,3;17,6;100;100;100;262;0;0;
2026/06/11;1200 UTC;0;1017;1017;1015,8;252,5;19,4;19,1;19,4;18,3;19,3;18,3;100;98;98;279;2,5;,7;
2026/06/11;1300 UTC;,2;1016,8;1017,2;1016,6;367,5;20,2;19,7;20,2;19,4;19,9;19;99;96;97;298;2,5;,3;
2026/06/11;1400 UTC;,8;1016,5;1017;1016,5;468,6;20,9;20,7;20,9;20,2;20,7;19,6;98;96;98;249;1,4;,1;
2026/06/11;1500 UTC;,4;1015,2;1016,5;1015,2;544,6;21,2;20,7;21,2;20,7;20,7;19,9;99;94;97;249;1,3;0;
2026/06/11;1600 UTC;,2;1013,4;1015,2;1013,4;481,4;21,4;19,7;21,4;20,9;21;19,5;99;89;90;298;,9;,1;
2026/06/11;1700 UTC;,2;1012,4;1013,4;1012,4;549,1;21,8;20,1;21,8;21,1;21;19,5;98;90;90;277;1,1;0;
2026/06/11;1800 UTC;,2;1012,2;1012,4;1012;719;21,9;20,3;22,5;21,8;21;20;93;87;90;290;2,5;,9;
2026/06/11;1900 UTC;0;1012,9;1012,9;1012,2;216,3;21,3;20,9;22,1;21,1;20,9;19,5;97;86;97;285;2,5;0;
2026/06/11;2000 UTC;0;1013,8;1013,8;1012,9;80,2;20,7;20,7;21,3;20,7;20,9;20,6;100;96;100;240;1,9;,1;
2026/06/11;2100 UTC;0;1013,9;1013,9;1013,8;4,7;20,3;20,3;20,8;20,3;20,7;20,3;100;98;100;234;1,9;0;
2026/06/11;2200 UTC;0;1013,5;1014;1013,4;0;19,9;19,6;20,7;19,9;20,4;19,5;100;94;98;239;3,5;,7;
2026/06/11;2300 UTC;0;1013,4;1013,6;1013,3;0;18,9;18,9;19,9;18,8;19,6;18,8;100;98;100;258;2,4;0;
2026/06/12;0000 UTC;0;1013,7;1013,7;1013,4;0;18,2;18,2;18,9;18,2;18,9;18,2;100;100;100;262;1,3;0;
2026/06/12;0100 UTC;0;1014,3;1014,3;1013,7;0;17,4;17,4;18,2;17,3;18,2;17,4;100;100;100;240;1,1;0;
2026/06/12;0200 UTC;0;1014,2;1014,5;1014,2;0;17,4;17,4;17,6;17,1;17,6;17,1;100;100;100;237;1,4;,6;
2026/06/12;0300 UTC;0;1013,8;1014,2;1013,8;0;16,8;16,8;17,4;16,7;17,4;16,7;100;100;100;257;1,4;0;
2026/06/12;0400 UTC;0;1013,7;1013,8;1013,6;0;16,3;16,3;16,8;16,1;16,7;16,1;100;100;100;236;1,2;0;
2026/06/12;0500 UTC;0;1012,7;1013,7;1012,7;0;16,1;16,1;16,5;15,9;16,5;15,9;100;100;100;236;1,3;,1;
2026/06/12;0600 UTC;0;1012,6;1012,8;1012,6;0;15,6;15,6;16,2;15,6;16,2;15,6;100;100;100;252;1;0;
2026/06/12;0700 UTC;0;1012,5;1012,6;1012,3;0;15,4;15,4;16;15,2;16;15,2;100;100;100;231;,9;,2;
2026/06/12;0800 UTC;0;1012,5;1012,6;1012,3;0;15;15;15,5;15;15,5;15;100;100;100;236;,9;,1;
2026/06/12;0900 UTC;0;1012,3;1012,5;1012,2;0;14,7;14,7;15;14,7;15;14,7;100;100;100;236;1,2;0;
2026/06/12;1000 UTC;0;1013,1;1013,2;1012,3;22,1;15;15;15;14,5;15;14,5;100;100;100;239;1;0;
2026/06/12;1100 UTC;0;1012,8;1013,1;1012,8;481,5;17,5;17,5;17,6;14,8;17,6;14,8;100;100;100;242;1;,3;
2026/06/12;1200 UTC;0;1012,5;1013,1;1012,5;1164;20,7;18,9;20,7;17,5;19,6;17,6;100;89;90;244;1,6;,5;
2026/06/12;1300 UTC;0;1011,2;1012,5;1011,2;1801,9;22,9;19,2;23,1;20,7;19,8;18,2;90;79;80;298;4,2;2,2;
2026/06/12;1400 UTC;0;1010,9;1011,3;1010,9;1701,5;24,4;19,5;24,4;22,9;20;19;81;74;74;298;4,2;1,6;
2026/06/12;1500 UTC;0;1010;1010,9;1010;1610,8;25,8;20,7;25,8;24;20,7;18,9;77;73;74;287;3,2;1,1;
2026/06/12;1600 UTC;0;1008,7;1010;1008,7;1597;26,6;19,7;26,7;25,2;21;19,7;75;66;66;298;3,6;2,2;
2026/06/12;1700 UTC;,2;1009,9;1009,9;1008,6;773,2;25,7;19,8;26,6;25,7;21;19,2;75;66;70;267;3,7;,5;
2026/06/12;1800 UTC;0;1011,2;1011,4;1009,9;203,8;22,5;21,6;25,7;22,5;21,9;19;95;67;95;260;2;,7;
2026/06/12;1900 UTC;0;1010,3;1011,2;1010,3;129,4;22;20,5;23;21,9;22,1;19,9;97;85;91;247;3;,4;
2026/06/12;2000 UTC;0;1009,7;1010,3;1009,7;169,7;21,2;20,8;22,6;21,2;21,2;20,3;98;87;98;260;2,9;,2;
2026/06/12;2100 UTC;0;1009,5;1009,8;1009,4;5;20,8;20,8;21,4;20,7;21,1;20,7;100;97;100;266;1,9;,5;
2026/06/12;2200 UTC;0;1009,4;1009,6;1009,2;0;20,1;20,1;20,9;19,9;20,9;19,9;100;100;100;251;2,2;,4;
2026/06/12;2300 UTC;0;1009,5;1010;1009,2;0;19,5;19,5;20,1;19,5;20;19,5;100;100;100;258;2,5;1,1;
2026/06/13;0000 UTC;0;1010,2;1010,5;1009,1;0;19,3;19,3;19,9;19,3;19,9;19,3;100;99;100;238;4,6;,5;
2026/06/13;0100 UTC;0;1010,9;1011,1;1010,2;0;19,2;19,2;19,5;19,2;19,5;19,2;100;100;100;254;2,6;,5;
2026/06/13;0200 UTC;0;1010,6;1011,1;1010,6;0;18,9;18,9;19,2;18,9;19,2;18,9;100;100;100;239;2;,4;
2026/06/13;0300 UTC;0;1010,1;1010,6;1010;0;19;19;19,3;18,6;19,3;18,7;100;100;100;255;2,7;1,1;
2026/06/13;0400 UTC;0;1009,3;1010,2;1009,3;0;19,1;19;19,3;18,7;19,3;18,7;100;99;99;262;2,7;,3;
2026/06/13;0500 UTC;0;1009,3;1009,4;1009,1;0;19,1;19;19,3;18,8;19,3;18,9;100;99;100;268;3;,6;
2026/06/13;0600 UTC;0;1009,6;1009,6;1009,2;0;18,4;18,4;19,4;18,3;19,2;18,3;100;98;100;258;2,2;,2;
2026/06/13;0700 UTC;0;1008,7;1009,6;1008,6;0;18,8;18,8;18,9;18,1;18,9;18,1;100;100;100;237;2,2;,8;
2026/06/13;0800 UTC;0;1008,5;1009;1008,4;0;19,1;18,9;19,3;18,5;19,3;18,5;100;99;99;236;2,8;1,1;
2026/06/13;0900 UTC;0;1009;1009;1008,3;0;19,6;19,1;21,6;19;20,3;18,7;100;88;97;244;3,7;,5;
2026/06/13;1000 UTC;0;1010,1;1010,2;1009;25,7;19,6;19,6;20,5;19,4;19,6;19;100;93;100;239;3,3;1,2;
2026/06/13;1100 UTC;0;1011,8;1011,8;1010,1;280,3;21,3;20,8;21,5;19,6;21,1;19,4;100;92;97;254;3,2;,2;
2026/06/13;1200 UTC;0;1012,3;1012,3;1011,8;527,8;23,5;21;23,5;21,3;21,8;20,8;98;86;86;301;2,3;,6;
2026/06/13;1300 UTC;0;1011,9;1012,5;1011,9;1339,3;29,3;20,2;29,3;23,5;22,5;20;86;58;58;299;2,7;1,2;
2026/06/13;1400 UTC;0;1011,6;1011,9;1011,6;1738,2;30,8;19,1;30,8;28,7;20,1;18,1;58;48;50;299;5,9;2,8;
2026/06/13;1500 UTC;0;1010,8;1011,6;1010,8;2583;31;18,4;31,2;30,4;19,4;17,5;52;44;47;298;7,4;3,4;
2026/06/13;1600 UTC;0;1010,5;1010,8;1010,4;1179,1;28,4;20,2;31,1;28,4;21,9;17,7;64;46;61;258;7,4;,4;
2026/06/13;1700 UTC;0;1010,9;1010,9;1010;768,3;27,9;20,9;28,7;26,8;22,3;19,2;76;57;66;259;3;,5;
2026/06/13;1800 UTC;0;1010,9;1011,2;1010,9;875,6;27;19,7;28,2;26;21,1;19,3;69;61;64;231;6,5;2,9;
2026/06/13;1900 UTC;0;1011,4;1011,4;1010,8;681,2;24,9;20;27,1;24,9;20,4;19,4;74;63;74;237;7,2;2,3;
2026/06/13;2000 UTC;0;1012;1012;1011,4;223,1;23,8;20,3;25;23,8;20,3;19,8;81;73;81;233;6,4;2,5;
2026/06/13;2100 UTC;0;1013,2;1013,2;1012;3,2;23,3;20;23,8;23;20,4;20;85;81;82;279;6,7;,7;
2026/06/13;2200 UTC;0;1013,8;1013,9;1013,2;0;22,1;20,2;23,3;21,7;20,3;19,9;92;82;89;268;3,6;,3;
2026/06/13;2300 UTC;0;1015;1015;1013,8;0;22,8;19,6;22,9;22;20,3;19,6;90;82;82;236;4;1,7;
2026/06/14;0000 UTC;0;1015,2;1015,2;1014,7;0;22,4;19,9;22,8;21,8;20,3;19,7;91;82;86;250;4,2;,4;
2026/06/14;0100 UTC;0;1015,9;1015,9;1015,2;0;21,4;20,3;22,5;21,4;20,4;19,8;94;85;93;236;2,4;,1;
2026/06/14;0200 UTC;0;1015,2;1015,9;1015,2;0;21;20,2;21,5;21;20,4;19,7;95;90;95;236;1,4;0;
2026/06/14;0300 UTC;0;1015,3;1015,5;1015,2;0;20,8;20,2;21,1;20,7;20,3;19,8;97;93;97;235;,8;0;
2026/06/14;0400 UTC;0;1015,3;1015,4;1015,2;0;20,7;20,3;20,8;20,6;20,3;20,2;98;97;98;234;,8;,1;
2026/06/14;0500 UTC;0;1015,2;1015,3;1015;0;20,7;20,3;20,8;20,6;20,4;20,3;99;98;98;232;,8;0;
2026/06/14;0600 UTC;0;1014,7;1015,2;1014,7;0;20,5;20,3;20,7;20,5;20,4;20,3;99;98;99;244;1,1;,3;
2026/06/14;0700 UTC;0;1014,5;1014,8;1014,3;0;20,4;20,2;20,7;20,4;20,3;20;99;96;99;232;1,1;0;
2026/06/14;0800 UTC;0;1015,1;1015,1;1014,5;0;20,3;20,2;20,4;20,3;20,3;20,1;100;99;100;236;,6;0;
2026/06/14;0900 UTC;,2;1015,7;1015,7;1015,1;0;20,2;20,2;20,3;20,2;20,3;20,2;100;100;100;236;,4;0;
2026/06/14;1000 UTC;0;1016,4;1016,4;1015,7;5,6;20,1;20,1;20,2;20,1;20,2;20,1;100;100;100;283;,4;0;
2026/06/14;1100 UTC;,4;1017,2;1017,2;1016,4;74,3;20,2;20,1;20,3;20,1;20,3;20,1;100;100;100;278;1;0;
2026/06/14;1200 UTC;,2;1017;1017,3;1016,9;690,8;21,8;20,4;21,8;20,2;20,9;20,2;100;91;91;288;1,5;,3;
2026/06/14;1300 UTC;0;1016,4;1017;1016,4;1172,5;22,8;19,8;22,9;21,8;21;19,5;93;83;83;293;1,9;,3;
2026/06/14;1400 UTC;0;1015,4;1016,4;1015,4;1780,6;24;19,9;24,6;22,8;20,2;18,6;84;71;78;236;2,4;,7;
2026/06/14;1500 UTC;0;1014,5;1015,4;1014,5;1800,3;24,7;19,3;25,2;23,8;20,2;19;79;70;72;297;2,5;1;
2026/06/14;1600 UTC;0;1013,8;1014,5;1013,8;1650;25,4;19,4;25,7;24,4;20,2;18,8;75;69;69;296;2,5;1,3;
2026/06/14;1700 UTC;0;1013,1;1013,8;1013,1;1419,2;25,9;19,5;26,2;25;20,1;19;72;66;68;284;2,5;,7;
2026/06/14;1800 UTC;0;1012,6;1013,1;1012,6;1202,8;25,5;19;26,1;25,5;20,4;18,8;72;66;67;237;3,1;1,3;
2026/06/14;1900 UTC;0;1012,6;1012,6;1012,5;644,5;23,6;20,7;25,7;23,6;20,7;19;84;67;84;242;4;,7;
2026/06/14;2000 UTC;0;1012,8;1012,8;1012,4;187,2;22,2;21,2;23,8;22,2;21,2;20,4;94;81;94;236;2,9;0;
2026/06/14;2100 UTC;0;1013,4;1013,5;1012,8;4,3;21,1;20,8;22,2;21,1;21,3;20,8;99;94;98;233;1,2;,3;
2026/06/14;2200 UTC;0;1014,5;1014,5;1013,4;0;20,7;20,5;21,3;20,7;21,1;20,5;99;98;99;255;2,5;0;
2026/06/14;2300 UTC;0;1014,9;1014,9;1014,5;0;20,8;20,7;21,1;20,7;21;20,5;100;99;99;234;1;,1;
2026/06/15;0000 UTC;0;1015,4;1015,4;1014,9;0;20,2;20,2;20,8;20,2;20,7;20,2;100;99;100;237;,6;,1;
2026/06/15;0100 UTC;0;1014,9;1016;1014,9;0;20,7;20,7;20,7;20,1;20,7;20,1;100;100;100;294;2,6;,6;
2026/06/15;0200 UTC;0;1014,9;1014,9;1014,5;0;20;20;21;20;20,8;19,9;100;98;100;238;2,6;,1;
2026/06/15;0300 UTC;0;1014,7;1014,9;1014,5;0;19,5;19,5;20,1;19,5;20,1;19,5;100;100;100;235;1,3;,2;
2026/06/15;0400 UTC;0;1014,3;1015;1014,3;0;20,2;20,2;20,2;19,3;20,2;19,3;100;100;100;256;1,2;,2;
2026/06/15;0500 UTC;0;1013,9;1014,3;1013,9;0;20,2;20,2;20,2;20;20,2;20;100;100;100;240;1,9;,4;
2026/06/15;0600 UTC;0;1013;1013,8;1012,9;0;19,6;19,6;20,4;19,6;20,4;19,6;100;100;100;260;1,9;0;
2026/06/15;0700 UTC;0;1012,9;1013,2;1012,9;0;19,4;19,4;19,6;19,2;19,6;19,2;100;100;100;254;,8;0;
2026/06/15;0800 UTC;0;1012,6;1013;1012,6;0;19,4;19,4;19,7;19,4;19,7;19,4;100;100;100;250;1,7;,5;
2026/06/15;0900 UTC;0;1013,3;1013,4;1012,5;0;19,5;19,5;19,7;19,3;19,7;19,3;100;100;100;236;2,3;,4;
2026/06/15;1000 UTC;0;1013,7;1013,8;1013,3;17,7;19,3;19,3;19,5;19,2;19,5;19,2;100;100;100;234;1,5;,1;
2026/06/15;1100 UTC;0;1013,9;1014,1;1013,7;327,1;21,1;20,5;21,1;19,2;20,7;19,2;100;96;96;274;3;1,2;
2026/06/15;1200 UTC;0;1014,4;1014,4;1013,9;1079,9;24,9;20,7;24,9;21,1;20,8;19,8;96;78;78;271;2,3;,2;
2026/06/15;1300 UTC;0;1015,1;1015,1;1014,4;1168,6;23,8;20,1;24,9;23,8;20,6;19,7;81;75;79;292;3,6;1,3;
2026/06/15;1400 UTC;0;1014,7;1015,1;1014,6;1308,4;24,8;20,3;24,8;23,7;20,7;19,9;82;75;76;267;3,3;,4;
2026/06/15;1500 UTC;0;1014;1014,8;1014;1134,2;25;20,1;25,6;24,6;21,1;20;79;74;74;261;4,3;,1;
2026/06/15;1600 UTC;0;1013,1;1014;1013,1;643,3;24,4;21,2;25,7;24,3;21,7;20;86;73;82;266;2,2;,8;
2026/06/15;1700 UTC;0;1012,8;1013,1;1012,7;317,3;24,5;20,9;25;24,1;22,4;20,7;88;79;80;292;3,6;1,7;
2026/06/15;1800 UTC;0;1012,7;1012,9;1012,6;326,8;24,2;20,7;24,6;24,1;21,4;20,3;84;78;81;268;3,6;,3;
2026/06/15;1900 UTC;0;1012,8;1012,9;1012,6;233,5;23,4;22;24,6;23,3;22;20,5;92;79;92;237;3,1;,1;
2026/06/15;2000 UTC;0;1013,2;1013,2;1012,8;73,1;22,7;22,2;23,4;22,7;22,3;21,6;97;90;97;270;1,1;0;
2026/06/15;2100 UTC;0;1014,2;1014,2;1013,2;,1;21,5;21;23;21,5;22,3;20,8;97;90;97;261;5,7;,7;
2026/06/15;2200 UTC;2,2;1014,6;1014,6;1014,2;0;20,7;20,7;21,5;20,7;21;20,6;100;97;100;257;3,5;,1;
2026/06/15;2300 UTC;7,8;1015,3;1015,3;1014,6;0;20,3;20,3;20,7;20,3;20,7;20,3;100;100;100;269;3,1;,6;
2026/06/16;0000 UTC;1,6;1015,4;1015,5;1015,2;0;19,8;19,8;20,3;19,8;20,3;19,8;100;100;100;239;3;,3;
2026/06/16;0100 UTC;,8;1015,8;1015,8;1014,6;0;19,8;19,8;19,8;19,7;19,8;19,7;100;100;100;242;2,4;,2;
2026/06/16;0200 UTC;2,2;1015,6;1015,9;1015,5;0;19,7;19,7;19,8;19,6;19,8;19,6;100;100;100;236;1,2;0;
2026/06/16;0300 UTC;5,4;1015,1;1015,8;1015,1;0;19,6;19,6;19,7;19,5;19,7;19,5;100;100;100;236;1,1;0;
2026/06/16;0400 UTC;,8;1014,9;1015,1;1014,9;0;19,7;19,7;19,7;19,6;19,7;19,6;100;100;100;241;1,5;,1;
2026/06/16;0500 UTC;2,4;1014,2;1015;1014,2;0;19,6;19,6;19,7;19,5;19,7;19,5;100;100;100;236;,9;0;
2026/06/16;0600 UTC;2,8;1014,2;1014,2;1014;0;19,6;19,6;19,6;19,5;19,6;19,5;100;100;100;298;,8;,1;
2026/06/16;0700 UTC;2,4;1013,8;1014,2;1013,8;0;19,6;19,6;19,6;19,5;19,6;19,5;100;100;100;253;,6;0;
2026/06/16;0800 UTC;3,6;1014,1;1014,2;1013,8;0;19,5;19,5;19,6;19,4;19,6;19,4;100;100;100;246;,5;,1;
2026/06/16;0900 UTC;1,6;1014,4;1014,4;1014;0;19,4;19,4;19,5;19,4;19,5;19,4;100;100;100;237;1,2;0;
2026/06/16;1000 UTC;1,6;1015,2;1015,2;1014,4;6,9;19,5;19,5;19,5;19,4;19,5;19,4;100;100;100;283;1,5;,1;
2026/06/16;1100 UTC;1,2;1015,8;1015,8;1015,2;100,5;19,7;19,7;19,7;19,5;19,7;19,5;100;100;100;292;2,5;,1;
2026/06/16;1200 UTC;1,2;1016,4;1016,4;1015,8;217,8;19,9;19,9;20;19,6;20;19,6;100;100;100;297;2,6;,9;
2026/06/16;1300 UTC;1,6;1016,6;1016,7;1016,4;271,1;20;20;20;19,9;20;19,9;100;100;100;293;2,9;1,3;
2026/06/16;1400 UTC;,8;1016,5;1016,6;1016,5;647,6;20,1;19,4;20,4;20;20,2;19,4;100;96;96;253;4,5;1,4;
2026/06/16;1500 UTC;0;1015,8;1016,5;1015,8;786,3;20,4;19,5;21;20,1;20;19,2;97;90;95;249;4,5;,7;
2026/06/16;1600 UTC;0;1015;1015,8;1015;706,8;21;19,6;21,4;20,4;20,6;18,9;97;87;92;253;1,8;,2;
2026/06/16;1700 UTC;0;1014,6;1015;1014,6;449,7;20,7;18,9;20,9;20,6;19,7;18,8;94;88;89;257;3,1;1,2;
2026/06/16;1800 UTC;,2;1015;1015;1014,5;274,7;20,1;19,4;21,1;20,1;20;18,9;97;88;96;257;2,7;,4;
2026/06/16;1900 UTC;,4;1015,1;1015,2;1015;123,2;19,8;19,5;20,1;19,7;19,5;19;98;94;98;280;2,9;,1;
2026/06/16;2000 UTC;0;1015,5;1015,5;1015,1;65;19,4;19;19,8;19,4;19,5;19;99;97;98;250;3,3;1,1;
2026/06/16;2100 UTC;,4;1016;1016;1015,5;2,7;18,9;18,9;19,4;18,9;19;18,8;100;98;100;258;3,1;,1;
2026/06/16;2200 UTC;1;1016,5;1016,5;1016;0;18,9;18,9;19;18,8;19;18,8;100;100;100;244;3,1;1;
2026/06/16;2300 UTC;2,6;1016,9;1016,9;1016,5;0;18,8;18,8;18,9;18,7;18,9;18,7;100;100;100;294;3,4;,9;
2026/06/17;0000 UTC;0;1017,1;1017,1;1016,9;0;18,6;18,6;18,8;18,6;18,8;18,6;100;100;100;282;2;,1;
2026/06/17;0100 UTC;0;1017,2;1017,3;1017,1;0;18,5;18,5;18,7;18,5;18,7;18,5;100;100;100;269;1,5;,2;
2026/06/17;0200 UTC;0;1017,1;1017,3;1017,1;0;18,3;18,3;18,5;18,3;18,5;18,3;100;100;100;245;1,1;,1;
2026/06/17;0300 UTC;0;1017;1017,1;1016,9;0;18,1;18,1;18,4;18,1;18,4;18,1;100;100;100;281;1,5;0;
2026/06/17;0400 UTC;0;1016,9;1017,1;1016,9;0;17,9;17,9;18,2;17,9;18,2;17,9;100;100;100;248;,9;,3;
2026/06/17;0500 UTC;0;1016,8;1017;1016,7;0;18;18;18;17,9;18;17,9;100;100;100;231;,9;0;
2026/06/17;0600 UTC;0;1016,7;1016,8;1016,6;0;17,9;17,9;18,1;17,9;18,1;17,9;100;100;100;236;,5;0;
2026/06/17;0700 UTC;0;1016,4;1016,7;1016,4;0;17,9;17,9;18,1;17,9;18,1;17,9;100;100;100;239;,8;0;
2026/06/17;0800 UTC;0;1016,4;1016,6;1016,4;0;17,9;17,9;18;17,9;18;17,9;100;100;100;257;1;,2;
2026/06/17;0900 UTC;0;1017,2;1017,2;1016,4;0;18;18;18;17,8;18;17,8;100;100;100;236;1;0;
2026/06/17;1000 UTC;0;1017,5;1017,5;1017,2;16,2;18,1;18,1;18,2;18;18,2;18;100;100;100;246;,8;0;
2026/06/17;1100 UTC;0;1018,2;1018,2;1017,5;224,4;18,9;18,9;18,9;18,1;18,9;18,2;100;100;100;281;,9;,1;
2026/06/17;1200 UTC;0;1019,1;1019,1;1018,2;308,1;19,4;18,6;19,4;18,8;18,9;18,4;100;95;95;263;1,7;,5;
2026/06/17;1300 UTC;0;1019,1;1019,1;1019;1038,6;21;18,4;21,4;19,4;19,1;17,7;96;83;85;279;2,6;,7;
2026/06/17;1400 UTC;0;1019,2;1019,3;1019,1;1218;21,2;18,4;21,4;20,1;19,4;17,9;91;84;84;291;3,5;1,5;
2026/06/17;1500 UTC;0;1018,7;1019,2;1018,7;1028,2;21,2;18,3;21,3;20,7;18,7;17,8;86;81;84;289;4,4;1,3;
2026/06/17;1600 UTC;0;1018,4;1018,7;1018,4;452,7;20,1;18,6;21,3;19,9;18,8;17,7;92;82;91;292;4,2;,9;
2026/06/17;1700 UTC;0;1018,1;1018,5;1018,1;807,1;21,2;17,7;21,9;20;19;17,7;94;79;80;285;3,6;1,2;
2026/06/17;1800 UTC;0;1018,1;1018,1;1018;498,9;21,2;18,2;21,3;20,4;19,2;17,7;92;80;83;261;2,6;,9;
2026/06/17;1900 UTC;0;1018,2;1018,2;1017,9;534,6;19,6;18,1;22;19,6;18,8;16,6;91;75;91;253;3,1;0;
2026/06/17;2000 UTC;0;1018,5;1018,5;1018,2;82;18,9;18,7;19,8;18,8;18,8;17,9;99;90;99;237;,6;,1;
2026/06/17;2100 UTC;0;1019,3;1019,3;1018,5;3,9;18,7;18,6;19,2;18,7;18,9;18,5;100;96;100;255;1,6;0;
2026/06/17;2200 UTC;0;1019,8;1019,8;1019,3;0;18,3;18,3;18,9;18,3;18,6;18,3;100;98;100;245;,9;0;
2026/06/17;2300 UTC;0;1020,5;1020,5;1019,8;0;18,3;18,3;18,4;18,3;18,4;18,3;100;100;100;236;,7;0;
2026/06/18;0000 UTC;,2;1020,8;1020,8;1020,5;0;17,7;17,7;18,4;17,7;18,4;17,7;100;100;100;246;1,1;,1;
2026/06/18;0100 UTC;0;1021,1;1021,1;1020,8;0;16,8;16,8;17,8;16,8;17,8;16,8;100;100;100;236;1,1;,1;
2026/06/18;0200 UTC;0;1021,1;1021,2;1021,1;0;16,3;16,3;16,8;16,1;16,8;16,1;100;100;100;236;,9;,1;
2026/06/18;0300 UTC;0;1021,2;1021,4;1021,1;0;15,4;15,4;16,3;15,4;16,3;15,4;100;100;100;234;1,5;0;
2026/06/18;0400 UTC;0;1021,3;1021,4;1021,2;0;15,1;15,1;15,6;15,1;15,6;15,1;100;100;100;236;1,3;,6;
2026/06/18;0500 UTC;0;1021,2;1021,4;1021,2;0;14,6;14,6;15,2;14,6;15,2;14,6;100;100;100;272;1,3;0;
2026/06/18;0600 UTC;0;1021,1;1021,2;1021,1;0;14,1;14,1;14,7;14,1;14,7;14,1;100;100;100;242;1;,1;
2026/06/18;0700 UTC;0;1021,1;1021,2;1021;0;13,6;13,6;14,1;13,4;14;13,4;100;100;100;236;,9;,3;
2026/06/18;0800 UTC;0;1021,4;1021,4;1021,1;0;13,3;13,3;13,8;13,2;13,8;13,2;100;100;100;236;,9;,2;
2026/06/18;0900 UTC;0;1021,8;1021,8;1021,4;0;13,7;13,7;13,8;13,3;13,8;13,3;100;100;100;236;1;,3;
2026/06/18;1000 UTC;0;1022,4;1022,4;1021,8;18,5;13,3;13,3;13,8;13,2;13,8;13,2;100;100;100;237;1;,1;
2026/06/18;1100 UTC;0;1022,8;1022,8;1022,4;415,9;15,6;15,6;15,6;13,2;15,6;13,2;100;100;100;250;,8;0;
2026/06/18;1200 UTC;,2;1023,3;1023,3;1022,8;1180,3;20,1;16,3;20,1;15,6;17,7;15,6;100;78;79;286;1;,1;
2026/06/18;1300 UTC;0;1023,3;1023,4;1023,2;1799,6;21,6;12,8;22;20,1;16,9;12,2;79;55;57;236;2,2;,8;
2026/06/18;1400 UTC;0;1023;1023,4;1023;2273,5;22,5;13,1;22,9;21,3;14,8;12;62;53;55;291;3;1;
2026/06/18;1500 UTC;0;1022,5;1023;1022,5;2424,4;22,8;12,5;23,6;22;13,9;11,2;58;48;52;269;3;,5;
2026/06/18;1600 UTC;0;1021,4;1022,5;1021,4;2451,2;23,5;12,5;23,7;22,8;13,5;11,9;55;49;50;244;3,4;,9;
2026/06/18;1700 UTC;0;1021;1021,4;1020,9;1379,6;20,2;16,2;24,3;20,2;16,2;11,6;78;47;78;238;3,8;0;
2026/06/18;1800 UTC;0;1020,7;1021;1020,7;978,7;23,1;13,1;23,1;20,2;17,4;13,1;80;53;53;242;2,5;,9;
2026/06/18;1900 UTC;0;1020,7;1020,8;1020,7;967,7;21,5;12,4;23,3;21,3;15;12,4;63;51;56;238;4,3;1,5;
2026/06/18;2000 UTC;0;1021,3;1021,3;1020,8;151,3;18;15,8;21,6;17,9;16;13,5;87;56;87;260;3;0;
2026/06/18;2100 UTC;0;1021,9;1021,9;1021,3;6,3;16,8;16;18;16,7;16,2;15,7;95;87;95;253;2,2;0;
2026/06/18;2200 UTC;0;1022,3;1022,3;1021,9;0;17;16,3;17,6;16,8;16,4;15,7;96;88;96;239;2,2;,1;
2026/06/18;2300 UTC;0;1022,6;1022,6;1022,3;0;17;16,7;17,3;17;16,7;16,3;98;95;98;236;1,4;,1;
2026/06/19;0000 UTC;0;1022,9;1023;1022,6;0;16,7;16,7;17;16,7;17;16,7;100;98;100;270;,8;0;
2026/06/19;0100 UTC;0;1023;1023,1;1022,9;0;15,8;15,8;16,7;15,8;16,7;15,8;100;100;100;245;,8;0;
2026/06/19;0200 UTC;0;1022,9;1023,1;1022,9;0;15,1;15,1;15,9;15;15,9;15;100;100;100;236;1;,1;
2026/06/19;0300 UTC;0;1022,7;1022,9;1022,7;0;14,4;14,4;15,1;14,3;15,1;14,4;100;100;100;236;,9;,1;
2026/06/19;0400 UTC;0;1022,5;1022,7;1022,5;0;13,9;13,9;14,5;13,9;14,4;13,9;100;100;100;236;,8;,1;
2026/06/19;0500 UTC;0;1021,8;1022,5;1021,8;0;13,6;13,6;14;13,4;14;13,4;100;100;100;236;,9;,1;
2026/06/19;0600 UTC;0;1021,5;1021,8;1021,5;0;13,1;13,1;13,6;12,8;13,6;12,8;100;100;100;236;1;,2;
2026/06/19;0700 UTC;0;1021,1;1021,5;1021,1;0;12,4;12,4;13,1;12,3;12,9;12,3;100;100;100;236;,8;,1;
2026/06/19;0800 UTC;0;1020,5;1021,1;1020,5;0;12;12;12,5;11,9;12,5;11,9;100;100;100;237;,9;,1;
2026/06/19;0900 UTC;0;1020,3;1020,5;1020,2;0;11,7;11,7;12,3;11,5;12,3;11,5;100;100;100;239;1,3;,4;
2026/06/19;1000 UTC;0;1020,5;1020,5;1020,3;17,3;11,4;11,4;11,9;11,3;11,9;11,3;100;100;100;237;1;,1;
2026/06/19;1100 UTC;,2;1020,7;1020,8;1020,5;435,7;14,1;14,1;14,1;11,3;14,1;11,3;100;100;100;244;1,2;0;
2026/06/19;1200 UTC;0;1020,7;1020,8;1020,7;1177,5;18,2;14,4;18,2;14,1;15,4;13,7;100;78;79;256;1;0;
2026/06/19;1300 UTC;0;1020,4;1020,8;1020,4;1782,2;19,7;13,9;20,6;18,2;15,4;13;80;64;69;269;2,2;1;
2026/06/19;1400 UTC;0;1019,3;1020,4;1019,3;2201,3;21,5;14,5;22,1;19,7;15,2;13,3;69;61;64;266;2,9;,6;
2026/06/19;1500 UTC;0;1018,1;1019,3;1018,1;2428,7;23,2;14,9;23,2;21,6;15,8;13,8;65;56;59;289;3,7;1,3;
2026/06/19;1600 UTC;0;1016,4;1018,1;1016,4;2400,6;24,2;13,5;24,8;22,9;15,2;13;61;50;51;243;3,8;,6;
2026/06/19;1700 UTC;0;1015,6;1016,4;1015,6;2157,8;25,5;14,1;25,5;23,8;15,1;12,6;55;48;49;264;3,2;,7;
2026/06/19;1800 UTC;0;1015,1;1015,6;1015,1;1685,1;24,5;14,7;25,7;24,5;16,8;13,8;61;49;54;250;3,2;,9;
2026/06/19;1900 UTC;0;1015;1015,1;1014,9;1063,3;23,8;15,1;25;23,3;16,2;14,3;63;52;58;236;5,2;1;
2026/06/19;2000 UTC;0;1015,5;1015,5;1015;334,5;19,9;16,7;24,2;19,9;17,2;14,8;82;56;82;294;2,9;,8;
2026/06/19;2100 UTC;0;1015,5;1015,7;1015,5;5,5;17,3;16,5;19,9;17,3;17,2;16,4;95;82;95;291;2,4;,3;
2026/06/19;2200 UTC;0;1015,6;1015,6;1015,4;0;15,8;15,8;17,3;15,8;16,7;15,8;100;95;100;236;1,2;,3;
2026/06/19;2300 UTC;0;1016;1016;1015,6;0;15;15;15,9;15;15,8;15;100;100;100;242;1,1;0;
2026/06/20;0000 UTC;0;1015,7;1016;1015,7;0;14,5;14,5;15;14,4;15;14,4;100;100;100;236;1,2;,2;
2026/06/20;0100 UTC;0;1015,5;1015,7;1015,5;0;13,9;13,9;14,6;13,7;14,6;13,8;100;100;100;237;1;,1;
2026/06/20;0200 UTC;0;1015,5;1015,7;1015,5;0;13,5;13,5;13,9;13,4;13,9;13,4;100;100;100;244;1,2;,4;
2026/06/20;0300 UTC;0;1015,1;1015,6;1015;0;12,8;12,8;13,5;12,8;13,5;12,8;100;100;100;249;1,2;,1;
2026/06/20;0400 UTC;0;1014,6;1015,1;1014,6;0;12,8;12,8;13,1;12,7;13,1;12,7;100;100;100;270;1,9;,1;
2026/06/20;0500 UTC;0;1014,1;1014,7;1014,1;0;12,3;12,3;12,9;12,3;12,9;12,3;100;100;100;250;,8;0;
2026/06/20;0600 UTC;0;1014,1;1014,2;1014;0;12,1;12,1;12,5;12;12,5;12;100;100;100;263;1;,2;
2026/06/20;0700 UTC;0;1014,2;1014,3;1014,1;0;12;12;12,4;11,9;12,3;11,9;100;100;100;236;1;,1;
2026/06/20;0800 UTC;0;1013,7;1014,2;1013,7;0;11,7;11,7;12;11,7;12;11,7;100;100;100;243;1,1;0;
2026/06/20;0900 UTC;0;1013,5;1013,7;1013,3;0;11,9;11,9;12,1;11,6;12,1;11,6;100;100;100;253;1,2;0;
2026/06/20;1000 UTC;,2;1014;1014,1;1013,5;35,1;12,3;12,3;12,4;11,8;12,4;11,8;100;100;100;247;,8;0;
2026/06/20;1100 UTC;0;1014;1014,1;1013,9;389,8;14,8;14,8;14,9;12,3;14,8;12,3;100;100;100;258;,8;0;
2026/06/20;1200 UTC;0;1014,1;1014,2;1014;961,5;19,3;18,2;19,3;14,7;18,2;14,7;100;93;93;283;1,3;,3;
2026/06/20;1300 UTC;0;1013,8;1014,2;1013,8;1844,9;22;15,6;22,1;19,3;17,9;15,6;93;67;67;297;3,4;1,2;
2026/06/20;1400 UTC;0;1012,9;1013,8;1012,9;2111,1;24,5;16,8;24,7;22;17,4;15,3;69;60;62;298;2,8;1,3;
2026/06/20;1500 UTC;0;1011,9;1012,9;1011,9;2218,3;25,8;17,6;26,1;24,4;18,3;16;63;57;61;297;3,4;1,5;
2026/06/20;1600 UTC;0;1010,5;1011,9;1010,5;2167,4;27,7;17,1;27,7;24,9;18,6;16,4;66;53;53;273;3,6;1;
2026/06/20;1700 UTC;0;1009,8;1010,5;1009,8;2058,6;28,4;17;28,4;27;18,1;16,1;59;48;50;295;4,1;1;
2026/06/20;1800 UTC;0;1009,4;1009,8;1009,4;1653,7;28,3;18;29,4;28;18,7;15,7;54;45;54;290;2,9;,7;
2026/06/20;1900 UTC;0;1008,9;1009,4;1008,9;1021;24,9;19,8;29,1;24,9;19,9;15,5;73;45;73;283;1,8;,6;
2026/06/20;2000 UTC;0;1008,8;1009,2;1008,8;293,2;22,1;19,8;25,8;22,1;20,8;19,6;87;70;87;290;2,4;,2;
2026/06/20;2100 UTC;0;1007,6;1008,8;1007,6;6,8;19,1;18,6;22,4;19,1;20;18,6;97;85;97;232;1,4;,4;
2026/06/20;2200 UTC;0;1007,7;1007,9;1007,5;0;18,1;17,1;19,2;18,1;18,6;17,1;97;93;94;231;1,9;,2;
2026/06/20;2300 UTC;0;1008,1;1008,3;1007,7;0;17,9;17,3;18,2;17,6;17,4;17;98;93;97;231;1,5;,3;
2026/06/21;0000 UTC;0;1009;1009,1;1008,1;0;16,9;16,8;17,9;16,9;17,3;16,7;99;96;99;236;1,5;,1;
2026/06/21;0100 UTC;0;1009,3;1009,5;1008,6;0;16,5;16,5;17;16,4;17;16,3;100;99;100;236;1,5;,2;
2026/06/21;0200 UTC;0;1008,9;1009,4;1008,9;0;17,4;17,4;17,4;16,2;17,4;16,2;100;99;100;257;2,5;,5;
2026/06/21;0300 UTC;0;1008,7;1009,3;1008,5;0;17,9;17,3;18,9;17,4;17,6;16,8;100;89;96;269;3,9;0;
2026/06/21;0400 UTC;0;1008;1008,8;1008;0;17,7;17,5;18,6;17,7;17,6;17,2;98;93;98;240;1,9;,5;
2026/06/21;0500 UTC;0;1009,8;1009,8;1007,9;0;21,8;16,1;22,2;17,7;18,8;16;99;69;70;249;5;,8;
2026/06/21;0600 UTC;0;1011;1011;1009,8;0;20,5;18,7;21,8;19,7;19;16,1;92;70;90;248;3,8;,7;
2026/06/21;0700 UTC;0;1011,6;1011,6;1011;0;19,1;19;20,9;19;19,4;18,3;100;89;99;269;2,3;,1;
2026/06/21;0800 UTC;0;1011,5;1011,6;1011,4;0;18,1;18,1;19,1;18,1;19;18,1;100;99;100;258;1,1;0;
2026/06/21;0900 UTC;0;1012,4;1012,4;1011,5;0;17,8;17,8;18,1;17,6;18,1;17,7;100;100;100;255;1,5;0;
2026/06/21;1000 UTC;0;1013,3;1013,3;1012,4;8,4;17,9;17,9;17,9;17,4;17,9;17,4;100;100;100;236;,8;,1;
2026/06/21;1100 UTC;0;1014,5;1014,5;1013,3;228,5;19,3;19,3;19,3;17,9;19,3;17,9;100;100;100;236;,6;,1;
2026/06/21;1200 UTC;0;1015,2;1015,3;1014,5;412,4;21,1;19,4;21,1;19,3;20,2;19,3;100;90;90;242;,8;,1;
2026/06/21;1300 UTC;0;1015,3;1015,3;1014,9;1568,6;24,4;18,9;24,5;21,1;20,3;18,3;93;71;72;272;2,8;1,2;
2026/06/21;1400 UTC;0;1015,3;1015,6;1015,3;1336,9;22,8;19;24,6;22,8;19,7;18,6;79;71;79;246;3,7;1,3;
2026/06/21;1500 UTC;0;1015,3;1015,3;1015;688,2;22,5;19;23,3;22,5;19,5;18,7;81;76;81;248;4,5;1;
2026/06/21;1600 UTC;0;1015,4;1015,6;1015,3;252,4;20,9;18,5;22,5;20,9;19,1;18,4;88;81;86;297;4,9;1,1;
2026/06/21;1700 UTC;0;1015;1015,4;1015;194,8;20,8;18,1;21;20,7;18,8;18;89;84;84;297;2,5;,6;
2026/06/21;1800 UTC;0;1015;1015;1014,9;216,7;20,8;18,1;20,9;20,6;18,8;18;88;84;85;298;2,1;,6;
2026/06/21;1900 UTC;0;1015,2;1015,2;1015;118,6;20,3;18,7;20,8;20,3;18,7;17,9;90;84;90;296;1,8;,2;
2026/06/21;2000 UTC;0;1015,7;1015,7;1015,2;66,9;20;18,8;20,4;20;18,9;18,5;93;90;93;251;2,5;,2;
2026/06/21;2100 UTC;0;1015,8;1015,8;1015,6;2,7;19,8;18,9;20;19,8;18,9;18,7;95;92;95;295;1;,2;
2026/06/21;2200 UTC;0;1016,4;1016,4;1015,8;0;19,5;19,3;19,7;19,3;19,3;18,9;99;95;98;297;,9;,1;
2026/06/21;2300 UTC;0;1016,5;1016,6;1016,4;0;19,1;19;19,7;19,1;19,2;19;99;96;99;268;,9;0;
2026/06/22;0000 UTC;0;1016,2;1016,5;1016,2;0;17,9;17,9;19,1;17,8;19;17,8;100;99;100;236;,8;0;
2026/06/22;0100 UTC;0;1016;1016,3;1016;0;18,4;18,4;18,4;17,9;18,4;17,9;100;100;100;247;,7;0;
2026/06/22;0200 UTC;0;1015,8;1016;1015,8;0;18,4;18,4;18,4;18,4;18,4;18,4;100;100;100;236;,9;0;
2026/06/22;0300 UTC;0;1015,7;1015,8;1015,7;0;18,4;18,4;18,5;18,4;18,5;18,4;100;100;100;241;,6;0;
2026/06/22;0400 UTC;0;1015,9;1015,9;1015,7;0;18,3;18,3;18,4;18,2;18,4;18,2;100;100;100;248;,5;0;
2026/06/22;0500 UTC;0;1015,6;1015,9;1015,5;0;17,8;17,8;18,4;17,8;18,4;17,8;100;100;100;231;,3;0;
2026/06/22;0600 UTC;0;1015,4;1015,6;1015,4;0;16,9;16,9;17,8;16,9;17,8;16,9;100;100;100;236;,8;,1;
2026/06/22;0700 UTC;0;1015,2;1015,4;1015,2;0;15,9;15,9;17;15,9;17;15,9;100;100;100;236;,8;,1;
2026/06/22;0800 UTC;0;1015,8;1015,8;1015,2;0;15,3;15,3;15,9;15,2;15,9;15,2;100;100;100;231;1,1;,1;
2026/06/22;0900 UTC;0;1016,1;1016,1;1015,8;0;15;15;15,4;14,9;15,4;14,9;100;100;100;231;,9;,2;
2026/06/22;1000 UTC;0;1017,1;1017,1;1016,1;16,7;14,7;14,7;15;14,6;15;14,6;100;100;100;231;,8;0;
2026/06/22;1100 UTC;0;1017,2;1017,2;1016,9;366,4;17,3;17,3;17,3;14,7;17,3;14,7;100;100;100;231;,9;,2;
2026/06/22;1200 UTC;0;1017,6;1017,6;1017,2;1111,7;20,6;17,6;20,6;17,3;18,2;17,2;100;81;83;295;1,3;,3;
2026/06/22;1300 UTC;0;1016,9;1017,6;1016,9;1716,9;22,6;18,8;22,6;20,6;18,8;17,3;83;74;79;279;3,1;1,1;
2026/06/22;1400 UTC;0;1015,8;1016,9;1015,8;2152,3;23,8;18,2;24,1;22,4;18,9;17,5;79;69;71;257;3,1;,5;
2026/06/22;1500 UTC;0;1014,3;1015,8;1014,3;2376,8;25,1;18,6;25,6;23,7;19;17,5;72;65;67;247;3,5;,9;
2026/06/22;1600 UTC;0;1012,6;1014,3;1012,6;2360,7;26,6;18,9;27,1;24,8;19,8;17,5;70;60;63;297;3,7;1,9;
2026/06/22;1700 UTC;0;1011,6;1012,6;1011,6;2124,3;27,6;19,3;27,6;26,3;20,1;18,6;65;60;61;284;3,8;,7;
2026/06/22;1800 UTC;0;1010,7;1011,6;1010,7;1660,6;27,9;19,1;28,2;27,3;19,9;18,8;63;58;59;293;3,2;,9;
2026/06/22;1900 UTC;0;1010,4;1010,7;1010,3;1037,4;25,7;21,4;28,3;25,7;21,4;18,6;77;56;77;252;2,2;0;
2026/06/22;2000 UTC;0;1010,5;1010,5;1010,2;332,6;22,5;20,7;26,3;22,5;21,8;20,6;89;72;89;260;2,1;,1;
2026/06/22;2100 UTC;0;1010,9;1011;1010,4;6,1;20,1;19,7;22,5;20,1;20,7;19,5;98;89;97;238;1,3;,3;
2026/06/22;2200 UTC;0;1011,5;1011,5;1010,9;0;19,1;19,1;20,1;19,1;19,7;19,1;100;97;100;274;1,2;,3;
2026/06/22;2300 UTC;0;1012,4;1012,4;1011,5;0;18,2;18,2;19,2;18,2;19,2;18,2;100;100;100;238;1,1;,1;
2026/06/23;0000 UTC;0;1012,7;1012,7;1012,4;0;17,5;17,5;18,4;17,5;18,4;17,5;100;100;100;265;1,5;0;
2026/06/23;0100 UTC;0;1012;1012,8;1012;0;17,2;17,2;17,6;17,2;17,6;17,2;100;100;100;245;1,6;,4;
2026/06/23;0200 UTC;0;1011,4;1012;1011,3;0;16,9;16,9;17,3;16,7;17,3;16,7;100;100;100;266;1,5;,3;
2026/06/23;0300 UTC;0;1011,3;1011,5;1011,2;0;17,3;17,3;17,6;16,8;17,6;16,8;100;100;100;275;2,2;,7;
2026/06/23;0400 UTC;0;1010,5;1011,4;1010,5;0;16,6;16,6;17,5;16,4;17,5;16,4;100;100;100;258;2,3;,1;
2026/06/23;0500 UTC;,2;1010,6;1010,7;1010,2;0;17,2;17,2;17,2;16,3;17,2;16,4;100;100;100;237;1,8;,3;
2026/06/23;0600 UTC;0;1010;1010,6;1010;0;16,3;16,3;17,2;16;17,1;16;100;100;100;255;1,5;0;
2026/06/23;0700 UTC;0;1010,1;1010,1;1009,5;0;16;16;16,3;15,5;16,2;15,5;100;100;100;283;1,4;,1;
2026/06/23;0800 UTC;0;1009,8;1010,2;1009,8;0;15,4;15,4;16;15,4;16;15,4;100;100;100;241;1,6;,1;
2026/06/23;0900 UTC;0;1009,9;1010;1009,7;0;15,1;15,1;15,5;14,8;15,5;14,8;100;100;100;238;1,3;,1;
2026/06/23;1000 UTC;0;1010,9;1010,9;1009,9;17,5;15,2;15,2;15,6;15,1;15,6;15,1;100;100;100;247;1,3;,1;
2026/06/23;1100 UTC;0;1011;1011,1;1010,9;402,8;20;18,6;20;15,2;19,3;15,2;100;92;92;289;2,8;,6;
2026/06/23;1200 UTC;0;1011,3;1011,3;1010,9;1136,8;27;15,8;27,3;20;18,9;15,1;92;48;50;248;6,5;1,8;
2026/06/23;1300 UTC;0;1011,1;1011,5;1011,1;1719,1;28,4;17,8;28,5;27;19,7;15,5;62;47;53;298;4,4;1,2;
2026/06/23;1400 UTC;0;1010,8;1011,3;1010,8;2117,9;29,1;18,8;29,3;28,2;19,7;17,3;58;50;54;292;3,7;,9;
2026/06/23;1500 UTC;0;1009,9;1010,8;1009,9;2329,3;30,8;17,8;31;29,1;19,3;17,5;55;45;46;297;3,4;1,4;
2026/06/23;1600 UTC;0;1009,2;1009,9;1009,2;2308,3;31,8;16,2;32;30,7;19,3;15,2;50;37;39;289;3,7;1,5;
2026/06/23;1700 UTC;0;1008,8;1009,2;1008,8;2072,6;31,8;15,9;32;31;19,4;15,7;49;37;38;255;4;,7;
2026/06/23;1800 UTC;0;1009,6;1009,6;1008,8;1604,6;29;17,5;32,6;28,9;19,5;15,7;50;38;50;240;5,5;1,8;
2026/06/23;1900 UTC;0;1010,6;1010,6;1009,6;912,6;27;18,6;29;27;18,6;17,4;60;50;60;237;5,3;1;
2026/06/23;2000 UTC;0;1011,2;1011,2;1010,6;312,6;24,5;19,3;27,3;24,5;19,4;18,5;73;59;73;242;3;,3;
2026/06/23;2100 UTC;0;1012,1;1012,1;1011,2;8,6;22,9;19,4;24,5;22,9;19,8;19,3;81;73;81;270;3,5;,9;
2026/06/23;2200 UTC;0;1012,4;1012,4;1012,1;0;21,9;20;22,9;21,9;20;19,2;89;80;89;251;2,5;0;
2026/06/23;2300 UTC;0;1012,7;1012,8;1012,4;0;21,5;20,1;22,1;21,5;20,4;19,8;92;87;92;254;2,1;0;
2026/06/24;0000 UTC;0;1013,5;1013,5;1012,7;0;21,3;20,4;21,5;21,2;20,5;20,2;96;92;95;242;,7;0;
2026/06/24;0100 UTC;0;1014,2;1014,2;1013,5;0;21;20,5;21,4;20,9;20,6;20,3;98;94;97;245;1,5;,6;
2026/06/24;0200 UTC;0;1014,1;1014,3;1014,1;0;20,9;20,5;21,1;20,9;20,6;20,4;98;96;98;254;1,5;,2;
2026/06/24;0300 UTC;0;1014,1;1014,2;1014;0;20,7;20,5;20,9;20,6;20,5;20,3;99;97;99;236;1,4;0;
2026/06/24;0400 UTC;0;1013,9;1014,2;1013,9;0;20,5;20,5;20,7;20,5;20,6;20,5;100;99;100;250;1,6;,9;
2026/06/24;0500 UTC;0;1013,7;1014;1013,7;0;20,4;20,4;20,7;20,4;20,6;20,4;100;99;100;236;1,6;0;
2026/06/24;0600 UTC;,4;1013,7;1013,8;1013,6;0;20,3;20,3;20,4;20,3;20,4;20,3;100;100;100;298;1,4;,6;
2026/06/24;0700 UTC;,8;1013,3;1013,7;1013,3;0;20,2;20,2;20,3;20,1;20,3;20,1;100;100;100;238;1,4;,2;
2026/06/24;0800 UTC;0;1012,8;1013,4;1012,8;0;20,3;20,3;20,3;20,1;20,3;20,1;100;100;100;291;2,8;,9;
2026/06/24;0900 UTC;0;1013,3;1013,3;1012,7;0;20;20;20,3;19,9;20,3;19,9;100;100;100;258;1,8;,2;
2026/06/24;1000 UTC;,2;1013;1013,4;1012,3;8,9;20,3;20,3;20,3;19,9;20,3;19,9;100;100;100;275;4,6;1;
2026/06/24;1100 UTC;,2;1013,6;1014;1013;94,8;20,4;20,4;20,5;20,2;20,5;20,2;100;100;100;236;3,8;,2;
2026/06/24;1200 UTC;0;1014,1;1014,1;1013,6;151,5;20,7;20,7;20,8;20,4;20,8;20,5;100;99;100;235;2,1;0;
2026/06/24;1300 UTC;0;1014,5;1014,5;1014;190,3;20,9;20,3;21,1;20,6;20,8;20,2;100;96;96;270;3,8;,4;
2026/06/24;1400 UTC;0;1013,8;1014,5;1013,8;227,2;21;20,8;21,1;20,8;20,8;20,2;99;95;99;236;2,1;,1;
2026/06/24;1500 UTC;0;1013,3;1013,8;1013,3;213,3;21,3;20,1;21,5;20,9;20,9;19,4;99;88;93;279;3,9;,3;
2026/06/24;1600 UTC;0;1012,9;1013,4;1012,8;261,4;21,4;19,2;21,6;21,1;20,2;19,2;95;86;88;259;3,8;,6;
2026/06/24;1700 UTC;0;1013,2;1013,2;1012,9;141,6;20,2;18,8;21,5;20,2;19,2;18,5;92;86;92;278;3,9;,5;
2026/06/24;1800 UTC;,8;1013,7;1013,7;1013,2;49,9;19,5;19,3;20,2;19,5;19,4;18,8;99;92;99;257;3,2;,3;
2026/06/24;1900 UTC;3;1014,4;1014,4;1013,7;45,8;19,4;19,4;19,5;19,3;19,4;19,3;100;99;100;267;1,2;0;
2026/06/24;2000 UTC;5;1015;1015,4;1014,4;21,5;19;19;19,4;19;19,4;19;100;100;100;238;1,8;,9;
2026/06/24;2100 UTC;1,6;1015;1015,6;1014,9;1,3;19,5;19;19,5;19;19,2;19;100;97;97;262;4,4;2;
2026/06/24;2200 UTC;1,2;1015,3;1015,3;1014,9;0;18,8;18,4;19,6;18,8;18,9;18,3;99;95;97;245;4,5;,9;
2026/06/24;2300 UTC;,4;1016,3;1016,3;1014;0;18,6;18,4;18,9;18,3;18,5;18,1;99;96;99;262;3,4;,2;
2026/06/25;0000 UTC;0;1016,3;1016,4;1015,9;0;18,7;18,7;18,8;18,5;18,7;18,4;100;99;100;291;2,7;,2;
2026/06/25;0100 UTC;0;1016,5;1016,7;1015,8;0;18,5;18,5;18,7;18,5;18,7;18,5;100;100;100;247;1,9;0;
2026/06/25;0200 UTC;,4;1017,2;1017,4;1016,5;0;18,7;18,7;18,7;18,5;18,7;18,5;100;100;100;231;1;,1;
2026/06/25;0300 UTC;0;1018,2;1018,2;1017,2;0;18,7;18,7;18,7;18,6;18,7;18,6;100;100;100;247;,9;0;
2026/06/25;0400 UTC;0;1018,1;1018,3;1018,1;0;18,4;18,4;18,7;18,4;18,7;18,4;100;100;100;236;1,2;0;
2026/06/25;0500 UTC;1,2;1017,9;1018,1;1017,9;0;18,3;18,3;18,5;18,3;18,5;18,3;100;100;100;231;,9;,1;
2026/06/25;0600 UTC;,6;1017,9;1018,1;1017,9;0;18,1;18,1;18,3;18,1;18,3;18,1;100;100;100;237;,6;,1;
2026/06/25;0700 UTC;1,4;1017,7;1018;1017,6;0;17,9;17,9;18,1;17,9;18,1;17,9;100;100;100;243;1;,3;
2026/06/25;0800 UTC;,8;1018,1;1018,2;1017,7;0;17,9;17,9;18;17,9;18;17,9;100;100;100;231;,9;0;
2026/06/25;0900 UTC;,2;1018,9;1018,9;1018;0;17,8;17,8;18;17,8;18;17,8;100;100;100;237;,6;,1;
2026/06/25;1000 UTC;0;1020;1020;1018,9;9,9;18;18;18;17,8;18;17,8;100;100;100;234;,5;0;
2026/06/25;1100 UTC;,2;1021;1021;1020;110,7;18,2;18,2;18,3;17,8;18,3;17,8;100;100;100;278;,1;0;
2026/06/25;1200 UTC;0;1022;1022;1021;232,9;18,6;18,6;18,7;18,2;18,7;18,2;100;99;100;251;,3;0;
2026/06/25;1300 UTC;,4;1022,6;1022,6;1022;297,5;18,7;18,6;19;18,6;18,9;18,5;100;99;99;237;,6;,1;
2026/06/25;1400 UTC;,8;1022,6;1022,9;1022,6;351,1;19;18,8;19;18,6;18,9;18,4;100;99;99;233;,6;0;
2026/06/25;1500 UTC;0;1022,2;1022,7;1022,1;628,4;19,7;18,9;19,9;19;19,3;18,4;100;92;95;239;1,2;,1;
2026/06/25;1600 UTC;0;1021,6;1022,2;1021,6;310,9;19,2;19,1;19,7;19,2;19,4;18,6;99;95;99;236;1,4;,3;
2026/06/25;1700 UTC;,2;1021;1021,6;1021;255,8;19,3;19,2;19,3;18,9;19,2;18,8;100;99;100;299;1,3;0;
2026/06/25;1800 UTC;,6;1021;1021,1;1020,9;241,8;19,3;19,3;19,4;19,1;19,4;19;100;99;100;298;1,1;0;
2026/06/25;1900 UTC;,2;1021,2;1021,3;1021;150,6;19,1;19,1;19,3;19;19,3;19;100;100;100;293;1,7;,4;
2026/06/25;2000 UTC;0;1021,6;1021,6;1021,1;29;19;19;19,2;19;19,2;19;100;100;100;293;1,7;,5;
2026/06/25;2100 UTC;,8;1022,2;1022,2;1021,6;1,3;19;19;19;18,9;19;18,9;100;100;100;294;2,5;,8;
2026/06/25;2200 UTC;,8;1022,6;1022,6;1022,2;0;18,9;18,9;19;18,9;19;18,9;100;100;100;298;2,3;,3;
2026/06/25;2300 UTC;,8;1022,8;1022,8;1022,6;0;18,8;18,8;19;18,8;19;18,8;100;100;100;268;1,5;,2;
2026/06/26;0000 UTC;0;1023,1;1023,1;1022,8;0;18,9;18,9;19;18,8;19;18,8;100;100;100;231;,8;0;
2026/06/26;0100 UTC;,4;1023,2;1023,2;1023,1;0;18,9;18,9;18,9;18,8;18,9;18,8;100;100;100;231;,4;0;
2026/06/26;0200 UTC;,6;1023,2;1023,3;1023,1;0;18,7;18,7;18,9;18,7;18,9;18,7;100;100;100;242;3,1;,1;
2026/06/26;0300 UTC;,6;1023,1;1023,2;1023,1;0;18,4;18,4;18,7;18,4;18,7;18,4;100;100;100;282;1,8;,7;
2026/06/26;0400 UTC;1;1022,9;1023,1;1022,9;0;18,4;18,4;18,5;18,3;18,4;18,4;100;100;100;231;1,8;0;
2026/06/26;0500 UTC;,2;1022,5;1022,9;1022,5;0;18,4;18,4;18,4;18,3;18,4;18,3;100;100;100;235;,6;0;
2026/06/26;0600 UTC;,2;1021,7;1022,5;1021,7;0;18,5;18,5;18,5;18,4;18,5;18,4;100;100;100;253;,9;,2;
2026/06/26;0700 UTC;0;1021,1;1021,7;1021;0;18,4;18,4;18,5;18,4;18,5;18,4;100;100;100;231;,9;,1;
2026/06/26;0800 UTC;,2;1021,3;1021,4;1021;0;18,4;18,4;18,4;18,3;18,4;18,3;100;100;100;231;1;0;
2026/06/26;0900 UTC;0;1020,8;1021,3;1020,8;0;18,4;18,4;18,5;18,3;18,5;18,3;100;100;100;235;2,5;0;
2026/06/26;1000 UTC;0;1021,2;1021,2;1020,8;11,7;18,3;18,3;18,4;18,1;18,4;18,1;100;100;100;280;,9;0;
2026/06/26;1100 UTC;,4;1022;1022;1021,2;63,9;18,6;18,6;18,6;18,2;18,6;18,2;100;100;100;238;,6;,1;
2026/06/26;1200 UTC;0;1021,9;1022,2;1021,9;252,1;19,1;19,1;19,2;18,6;19,2;18,6;100;100;100;241;1;,2;
2026/06/26;1300 UTC;0;1022,1;1022,1;1021,7;369,7;19,8;19,4;19,8;19,1;19,6;19,1;100;98;98;297;2,4;,9;
2026/06/26;1400 UTC;0;1021,7;1022,2;1021,7;361,9;20,3;19,4;20,3;19,6;19,7;19,1;98;95;95;245;2,4;,1;
2026/06/26;1500 UTC;0;1021,3;1021,7;1021,3;308;20,1;20;20,4;19,9;20;18,9;99;91;99;238;,7;,1;
2026/06/26;1600 UTC;0;1020,7;1021,3;1020,7;279,6;20,3;20,1;20,7;20,1;20,2;19,5;99;94;99;231;,8;0;
2026/06/26;1700 UTC;0;1020,3;1020,7;1020,1;557,9;21,8;19,2;21,9;20,3;20,5;19,2;99;85;85;275;1,3;,1;
2026/06/26;1800 UTC;0;1020,1;1020,3;1020;597,4;21,7;19,6;22;21,4;20,2;19,1;92;85;88;263;1;,2;
2026/06/26;1900 UTC;0;1019,9;1020,2;1019,7;339,6;20,8;20,5;21,8;20,8;20,8;19,6;98;87;98;243;2,5;,1;
2026/06/26;2000 UTC;0;1020,3;1020,3;1019,8;147,3;20,3;20,3;20,9;20,3;20,7;20,3;100;98;100;232;1,4;,1;
2026/06/26;2100 UTC;0;1020,6;1021,1;1020,2;6,6;19,8;19,8;20,3;19,7;20,3;19,7;100;100;100;239;1,9;,5;
2026/06/26;2200 UTC;0;1021,5;1021,5;1020,6;0;19,9;19,9;20;19,6;20;19,6;100;100;100;281;2,4;,7;
2026/06/26;2300 UTC;0;1021,5;1021,6;1021,3;0;19,5;19,5;19,9;19,4;19,9;19,4;100;100;100;255;2,4;,1;
2026/06/27;0000 UTC;0;1022,2;1022,2;1021,4;0;19,3;19,3;19,5;19,3;19,5;19,3;100;100;100;237;1;,3;
2026/06/27;0100 UTC;0;1022,3;1022,3;1022,2;0;19,2;19,2;19,4;19,2;19,4;19,2;100;100;100;236;1;,1;
2026/06/27;0200 UTC;0;1022,2;1022,3;1022,1;0;18,8;18,8;19,2;18,8;19,2;18,8;100;100;100;231;,8;0;
2026/06/27;0300 UTC;0;1021,4;1022,2;1021,4;0;18,5;18,5;18,9;18,5;18,9;18,5;100;100;100;242;,9;0;
2026/06/27;0400 UTC;0;1021,3;1021,6;1021,3;0;18,1;18,1;18,5;18,1;18,5;18,1;100;100;100;263;,9;0;
2026/06/27;0500 UTC;0;1020,5;1021,3;1020,5;0;17,6;17,6;18,1;17,4;18,1;17,4;100;100;100;231;,8;,1;
2026/06/27;0600 UTC;0;1020,1;1020,5;1020,1;0;17,7;17,7;17,7;17,2;17,7;17,2;100;100;100;250;,7;0;
2026/06/27;0700 UTC;0;1020,1;1020,3;1020;0;17,5;17,5;17,7;17,3;17,7;17,3;100;100;100;236;,8;0;
2026/06/27;0800 UTC;0;1020,4;1020,4;1020,1;0;16,8;16,8;17,5;16,8;17,5;16,8;100;100;100;232;,9;,1;
2026/06/27;0900 UTC;0;1020,8;1020,8;1020,4;0;16,7;16,7;17,3;16,7;17,3;16,7;100;100;100;231;,8;,1;
2026/06/27;1000 UTC;0;1021,2;1021,2;1020,7;16,2;16,6;16,6;16,7;16,2;16,7;16,2;100;100;100;231;,8;,1;
2026/06/27;1100 UTC;0;1021,7;1021,7;1021,2;363,5;18,5;18,5;18,5;16,4;18,5;16,4;100;100;100;296;1,1;,1;
2026/06/27;1200 UTC;0;1021,7;1021,7;1021,5;1099,3;21,7;18,9;21,8;18,5;20,5;18,6;100;83;84;297;2,4;,9;
2026/06/27;1300 UTC;0;1022;1022,1;1021,7;1447,1;22,2;19,7;22,5;21,5;20,2;19;89;82;86;298;4,3;1,3;
2026/06/27;1400 UTC;,2;1021,5;1022;1021,5;1495,7;22,8;19,8;23,7;22,2;20,9;19,5;88;79;83;262;3,2;,7;
2026/06/27;1500 UTC;0;1020,5;1021,5;1020,5;1754,2;23,8;19,5;24,5;22,8;20,7;19,4;84;75;77;234;3,3;,6;
2026/06/27;1600 UTC;0;1019,7;1020,5;1019,7;1812,2;24,6;19,7;25;23,4;20,6;19,3;82;73;74;249;2,5;1;
2026/06/27;1700 UTC;0;1018,7;1019,6;1018,7;1773,8;25,8;20,6;25,8;24,4;21;19,3;78;71;73;297;3,3;1,2;
2026/06/27;1800 UTC;0;1018,2;1018,7;1018,2;1392,4;25,1;20,9;26,2;24,3;21,2;20,2;83;71;78;245;3,8;,9;
2026/06/27;1900 UTC;0;1018;1018,2;1017,9;943,9;25,1;21,3;25,6;24,7;21,3;20,2;80;74;80;255;3,7;,4;
2026/06/27;2000 UTC;0;1018,7;1018,7;1018;279,3;21,9;21,2;25,2;21,9;21,4;20,1;96;76;96;236;2,7;,1;
2026/06/27;2100 UTC;0;1019,4;1019,4;1018,7;7,4;20,5;20,5;21,9;20,5;21,3;20,5;100;96;100;236;1;0;
2026/06/27;2200 UTC;0;1019,7;1019,7;1019,4;0;20,4;20,4;20,7;20,4;20,7;20,4;100;100;100;236;1,2;,5;
2026/06/27;2300 UTC;0;1020,1;1020,1;1019,7;0;20,2;20,2;20,4;19,9;20,4;19,9;100;100;100;236;1,2;,1;
2026/06/28;0000 UTC;0;1020,1;1020,3;1020,1;0;20,3;20,3;20,3;20,2;20,3;20,2;100;100;100;272;1,2;,1;
2026/06/28;0100 UTC;0;1020,2;1020,2;1020;0;19,3;19,3;20,4;19,2;20,3;19,2;100;100;100;247;2,1;0;
2026/06/28;0200 UTC;0;1020,2;1020,3;1020,2;0;19,1;19,1;19,3;18,8;19,3;18,8;100;100;100;285;,9;0;
2026/06/28;0300 UTC;0;1019,5;1020,2;1019,5;0;18,5;18,5;19,2;18,5;19,2;18,5;100;100;100;236;,8;,2;
2026/06/28;0400 UTC;0;1019,4;1019,6;1019,4;0;17,8;17,8;18,5;17,8;18,5;17,8;100;100;100;240;,9;0;
2026/06/28;0500 UTC;0;1018,8;1019,4;1018,8;0;17,7;17,7;18;17,5;18;17,5;100;100;100;246;,8;0;
2026/06/28;0600 UTC;0;1018,5;1018,8;1018,4;0;17,2;17,2;17,7;17;17,7;17;100;100;100;236;,9;,1;
2026/06/28;0700 UTC;0;1018,3;1018,5;1018,2;0;17,8;17,8;17,8;17;17,8;17;100;100;100;233;1;0;
2026/06/28;0800 UTC;0;1018,6;1018,6;1018,3;,1;18,1;18,1;18,1;17,8;18,1;17,8;100;100;100;231;1;0;
2026/06/28;0900 UTC;0;1018,7;1018,7;1018,6;0;18,2;18,2;18,3;18,1;18,3;18,1;100;100;100;231;,6;0;
2026/06/28;1000 UTC;0;1019,4;1019,4;1018,7;10,9;18,6;18,6;18,7;18,2;18,7;18,3;100;100;100;236;,7;,1;
2026/06/28;1100 UTC;0;1019,9;1019,9;1019,4;149,5;19,4;19,4;19,4;18,6;19,4;18,6;100;100;100;250;,7;0;
2026/06/28;1200 UTC;0;1020,4;1020,4;1019,9;351;20,4;19,9;20,4;19,4;20;19,4;100;97;97;295;1,5;,5;
2026/06/28;1300 UTC;0;1020,1;1020,5;1020,1;934;22;19,8;22,1;20,3;20,3;19,4;97;87;87;289;1,7;,3;
2026/06/28;1400 UTC;0;1019,1;1020,1;1019,1;2076,6;24,4;20,6;24,4;21,9;20,8;19,5;89;79;80;298;2,7;1,4;
2026/06/28;1500 UTC;0;1017,8;1019,1;1017,7;2377,9;26,5;21,2;26,6;24,4;21,5;20,3;81;69;73;259;4,5;2,1;
2026/06/28;1600 UTC;0;1016,2;1017,8;1016,2;2376,1;28,6;17,2;28,9;26,2;21,4;16,8;74;48;50;234;6,8;2,5;
2026/06/28;1700 UTC;0;1015,4;1016,3;1015,4;2157;29,1;16;29,2;28,4;17,4;16;51;45;45;235;6,5;2,4;
2026/06/28;1800 UTC;0;1014,6;1015,4;1014,6;1700,6;29,2;16,5;29,5;28,8;17,2;15,6;50;44;46;233;6,4;1,9;
2026/06/28;1900 UTC;0;1014,2;1014,6;1014,2;1085,1;28,7;16,6;29,4;28,3;17,7;15,4;52;44;48;264;7,2;1,5;
2026/06/28;2000 UTC;0;1014,9;1014,9;1014,2;358,4;23,2;19,4;28,8;23,2;19,4;15,7;79;46;79;280;5,1;,2;
2026/06/28;2100 UTC;0;1015,2;1015,3;1014,9;7;20,4;19,6;23,2;20,4;20,1;19,2;96;79;95;231;1,2;,3;
2026/06/28;2200 UTC;0;1015,4;1015,4;1015,1;0;19,1;19,1;20,4;19,1;19,8;19;100;95;100;238;1,5;,6;
2026/06/28;2300 UTC;0;1015,4;1015,5;1015,3;0;18,5;18,5;19,1;18,3;19,1;18,3;100;99;100;252;1,5;,1;
2026/06/29;0000 UTC;0;1015,5;1015,5;1015,2;0;18;18;18,8;17,9;18,8;17,9;100;100;100;246;1,9;,1;
2026/06/29;0100 UTC;0;1015,5;1015,6;1015,4;0;17,7;17,7;18,1;17,5;18,1;17,5;100;100;100;254;2,3;,7;
2026/06/29;0200 UTC;0;1015,7;1015,9;1015,5;0;17,5;17,5;18;17,4;18;17,4;100;100;100;260;2,3;,6;
2026/06/29;0300 UTC;0;1015,5;1015,9;1015,5;0;16,8;16,8;17,7;16,8;17,7;16,8;100;100;100;260;4,2;,1;
2026/06/29;0400 UTC;0;1015,2;1015,5;1015;0;17,5;17,4;17,8;16,7;17,8;16,8;100;99;99;264;2,4;,8;
2026/06/29;0500 UTC;0;1014,7;1015,2;1014,4;0;18,8;17,8;19;17,4;18,2;17,1;99;94;94;275;2,5;,7;
2026/06/29;0600 UTC;0;1014,2;1014,7;1014,1;0;24,4;15,7;24,4;18,4;18;15,7;94;58;58;289;9,1;1,9;
2026/06/29;0700 UTC;0;1014,4;1014,7;1014,2;0;23,2;15,4;25;19,4;16,9;14,9;83;54;62;278;9,1;1,7;
2026/06/29;0800 UTC;0;1015;1015,2;1014,3;0;18,2;16,7;23,1;18,2;16,8;15,3;91;62;91;247;6,1;,7;
2026/06/29;0900 UTC;0;1015,1;1015,2;1014,9;0;17;16,8;18,2;17;17,2;16,5;99;91;98;244;1,6;,3;
2026/06/29;1000 UTC;0;1015,1;1015,3;1014,4;12,6;23,7;15,4;24,2;16,6;17,8;14,9;100;56;60;270;4,5;1;
2026/06/29;1100 UTC;0;1016,5;1016,5;1015,1;385;21;17,2;23,6;18,6;17,6;15,4;88;60;79;284;4,5;,5;
2026/06/29;1200 UTC;0;1017,4;1017,4;1016,5;1112,8;23,9;17,8;23,9;21;18,5;16,9;81;67;69;298;2,7;1,5;
2026/06/29;1300 UTC;0;1017;1017,4;1017;1714,4;27,5;17,1;27,5;23,8;18,6;16,9;70;52;53;288;3,2;,9;
2026/06/29;1400 UTC;0;1016,7;1017,1;1016,7;2153;30;16,1;30;27,5;17,5;15;53;42;43;255;6,8;1,1;
2026/06/29;1500 UTC;0;1015,8;1016,7;1015,8;2321,1;30,6;16,4;31;29,9;18,4;14,4;51;38;42;268;3,9;,9;
2026/06/29;1600 UTC;0;1014,9;1015,8;1014,9;2367,7;31,8;17,7;31,8;30,6;17,8;15,4;46;39;43;280;3,9;,3;
2026/06/29;1700 UTC;0;1014,2;1014,9;1014,2;2151,6;31,8;17,2;32;31,3;19,1;15,3;49;37;42;264;2,9;,6;
2026/06/29;1800 UTC;0;1013,8;1014,2;1013,8;1660,8;30,7;18,5;32,4;30,6;19,8;16;52;38;48;244;2,5;,8;
2026/06/29;1900 UTC;0;1014,5;1014,5;1013,7;1028,3;27,6;19,8;30,9;27,6;20,5;17,9;63;46;63;289;7,1;2,7;
2026/06/29;2000 UTC;0;1015,9;1015,9;1014,5;307,8;24,2;19,7;27,6;24,2;20,5;19,6;76;63;76;232;7,1;,6;
2026/06/29;2100 UTC;0;1016,1;1016,1;1015,9;9,1;21,1;20,6;24,2;21,1;20,6;19,6;97;76;97;236;2,4;0;
2026/06/29;2200 UTC;0;1016,4;1016,4;1016,1;0;20,1;20,1;21,2;20,1;20,8;20;100;96;100;238;1,3;,1;
2026/06/29;2300 UTC;0;1018,2;1018,2;1016,4;0;21,6;20,1;21,6;19,8;20,9;19,8;100;91;91;257;3;,1;
2026/06/30;0000 UTC;0;1018;1018,2;1018;0;20,9;20,8;21,6;20,8;20,8;20,1;100;91;100;257;1,8;,1;
2026/06/30;0100 UTC;0;1018,1;1018,2;1017,9;0;20,8;20,8;21;20,8;20,9;20,8;100;100;100;237;1,3;0;
2026/06/30;0200 UTC;0;1018;1018,1;1017,9;0;20,7;20,7;20,9;20,7;20,9;20,7;100;100;100;249;,6;0;
2026/06/30;0300 UTC;0;1017,2;1018;1017,2;0;20,5;20,5;20,7;20,4;20,7;20,4;100;100;100;248;,7;0;
2026/06/30;0400 UTC;0;1017,1;1017,2;1017;0;20,1;20,1;20,5;20,1;20,4;20,1;100;100;100;234;,7;,1;
2026/06/30;0500 UTC;0;1017,1;1017,2;1017;0;19,6;19,6;20,1;19,6;20,1;19,6;100;100;100;259;1,2;,3;
2026/06/30;0600 UTC;0;1016,2;1017,1;1016,2;0;18,8;18,8;19,9;18,8;19,9;18,8;100;99;100;235;1,9;0;
2026/06/30;0700 UTC;0;1016,7;1016,7;1016,2;0;17,9;17,9;18,8;17,9;18,8;17,9;100;100;100;261;,9;0;
2026/06/30;0800 UTC;0;1016,3;1016,7;1016,3;0;17,7;17,7;18,1;17,4;18,1;17,5;100;100;100;294;2,6;,9;
2026/06/30;0900 UTC;0;1015,9;1016,3;1015,8;0;16,9;16,9;17,8;16,8;17,8;16,8;100;100;100;236;1,8;,2;
2026/06/30;1000 UTC;0;1016,8;1016,8;1015,9;15,4;17,5;17,5;18,5;16,7;18,5;16,7;100;100;100;236;3,5;,4;
2026/06/30;1100 UTC;0;1017,2;1017,3;1016,8;373,3;19,8;19,2;19,8;17,3;19,6;17,3;100;97;97;249;1,3;0;
2026/06/30;1200 UTC;0;1017,1;1017,3;1017,1;1165,4;22,4;20,1;22,4;19,8;20,1;18,3;96;82;87;290;1,9;,5;
2026/06/30;1300 UTC;0;1017,4;1017,4;1017,1;1549,2;22,5;19,4;22,8;21,9;19,9;18,8;87;80;83;296;4,1;2;
2026/06/30;1400 UTC;0;1017,2;1017,5;1017,2;1980;24,4;20;24,4;22,5;20,6;19,4;84;76;76;298;3,8;1,6;
2026/06/30;1500 UTC;0;1016,3;1017,2;1016,3;2297,9;26,7;20,5;26,7;24,4;21;19,9;78;69;69;291;4,1;1,7;
2026/06/30;1600 UTC;0;1015,1;1016,3;1015,1;2291,9;27,6;19,9;27,9;26,4;20,9;19,3;69;61;63;265;4,1;,8;
2026/06/30;1700 UTC;0;1014,1;1015,1;1014,1;2107,3;28,4;20,3;28,5;27,4;21,1;19,4;66;60;62;279;4,4;,8;
2026/06/30;1800 UTC;0;1013,7;1014,1;1013,7;1633,7;28,6;20,4;28,9;27,6;20,5;19,2;65;57;61;279;3,4;,8;
2026/06/30;1900 UTC;0;1013,6;1013,7;1013,6;909,7;27,1;21,9;29;26,2;22,6;19,7;79;58;74;281;2,4;,1;
2026/06/30;2000 UTC;0;1013,4;1013,6;1013,4;346;23,8;21,9;27,1;23,8;22,5;21,9;89;74;89;293;2,2;1,1;
2026/06/30;2100 UTC;0;1013,8;1013,8;1013,4;6,5;21,4;21,2;23,9;21,3;22;21,1;99;87;99;245;2,2;,2;
2026/06/30;2200 UTC;0;1014,1;1014,1;1013,8;0;20,2;20,2;21,6;20,1;21,4;20,1;100;99;100;236;1,2;,3;
2026/06/30;2300 UTC;0;1014,7;1014,7;1014,1;0;19,3;19,3;20,2;19,2;20,1;19,2;100;100;100;236;1,3;,4;
