REGIAO:;SE
UF:;RJ
ESTACAO:;CAMPOS DOS GOYTACAZES
CODIGO (WMO):;A607
LATITUDE:;-21,71472222
LONGITUDE:;-41,34388888
ALTITUDE:;17
DATA DE FUNDACAO:;25/09/06
Data;Hora UTC;PRECIPITAÇÃO TOTAL, HORÁRIO (mm);PRESSAO ATMOSFERICA AO NIVEL DA ESTACAO, HORARIA (mB);PRESSÃO ATMOSFERICA MAX.NA HORA ANT. (AUT) (mB);PRESSÃO ATMOSFERICA MIN. NA HORA ANT. (AUT) (mB);RADIACAO GLOBAL (Kj/m²);TEMPERATURA DO AR - BULBO SECO, HORARIA (°C);TEMPERATURA DO PONTO DE ORVALHO (°C);TEMPERATURA MÁXIMA NA HORA ANT. (AUT) (°C);TEMPERATURA MÍNIMA NA HORA ANT. (AUT) (°C);TEMPERATURA ORVALHO MAX. NA HORA ANT. (AUT) (°C);TEMPERATURA ORVALHO MIN. NA HORA ANT. (AUT) (°C);UMIDADE REL. MAX. NA HORA ANT. (AUT) (%);UMIDADE REL. MIN. NA HORA ANT. (AUT) (%);UMIDADE RELATIVA DO AR, HORARIA (%);VENTO, DIREÇÃO HORARIA (gr) (° (gr));VENTO, RAJADA MAXIMA (m/s);VENTO, VELOCIDADE HORARIA (m/s);
2026/01/01;0000 UTC;0;1008,8;1008,9;1008,2;;25,9;21,7;26,3;25,9;21,7;21,4;78;75;78;49;8,6;3,4;
2026/01/01;0100 UTC;0;1009,3;1009,3;1008,9;;25,5;22;26;25,5;22,1;21,7;81;78;81;54;6,1;2,8;
2026/01/01;0200 UTC;0;1009,3;1009,3;1009,2;;24,8;22,1;25,5;24,8;22,2;22;85;81;85;65;5,2;1,4;
2026/01/01;0300 UTC;0;1008,8;1009,3;1008,8;;24,4;22,1;24,8;24,4;22,2;22,1;87;85;87;79;3,9;1,2;
2026/01/01;0400 UTC;0;1007,9;1008,8;1007,9;;24,2;22;24,6;24,2;22,4;22;88;86;87;75;3,4;2,1;
2026/01/01;0500 UTC;0;1007,2;1007,9;1007,2;;23,9;22,1;24,2;23,9;22,1;22;89;87;89;70;3,9;1,4;
2026/01/01;0600 UTC;0;1006,8;1007,2;1006,8;;23,8;21,7;24;23,8;22,1;21,7;89;88;88;55;3,8;2,4;
2026/01/01;0700 UTC;0;1006,6;1007;1006,6;;23,6;21,6;23,8;23,5;21,7;21,5;89;88;89;59;3,7;2,5;
2026/01/01;0800 UTC;0;1006,9;1006,9;1006,5;;23,5;21,7;23,6;23,4;21,8;21,6;90;89;89;61;4,2;2,1;
2026/01/01;0900 UTC;0;1007;1007,1;1006,9;154,6;25;22,7;25;23,4;22,7;21,6;90;87;87;50;4,9;2,5;
2026/01/01;1000 UTC;0;1007,5;1007,5;1007;680,3;27,9;23,4;27,9;24,8;23,4;22,2;87;76;76;39;5,5;2,9;
2026/01/01;1100 UTC;0;1007,5;1007,6;1007,5;1705,1;30,8;23,8;30,9;27,9;24,2;22,8;76;66;66;40;5,4;3;
2026/01/01;1200 UTC;0;1007,5;1007,6;1007,4;2428,7;33,7;23,2;33,8;30,8;24,2;23,2;66;54;54;1;7;3,8;
2026/01/01;1300 UTC;0;1007,2;1007,5;1007,2;3142,6;35,6;23;35,6;33,7;23,8;21,8;55;47;48;296;7;2,9;
2026/01/01;1400 UTC;0;1006,4;1007,2;1006,4;3380,5;36,5;22,2;36,6;34,9;23,7;21,8;49;44;44;352;6,7;2,9;
2026/01/01;1500 UTC;0;1005,5;1006,4;1005,5;3750,8;37,8;22,8;37,8;36,1;23;21,7;46;41;42;7;8,3;2,7;
2026/01/01;1600 UTC;0;1005;1005,5;1004,9;3801;35,7;23;38,7;35,3;23,2;20,9;48;37;48;23;11,2;2,6;
2026/01/01;1700 UTC;0;1004;1005;1004;3531,2;35;22,6;36,2;34,4;23,8;22,4;52;46;49;69;9,6;4,4;
2026/01/01;1800 UTC;0;1002,9;1004;1002,9;3056,8;33,6;22,2;35,2;33,6;23,4;22;53;49;52;62;9,5;5,4;
2026/01/01;1900 UTC;0;1002,6;1002,9;1002,2;2290;33;22,2;34,3;32,8;23,1;21,3;54;49;53;63;10,6;5,3;
2026/01/01;2000 UTC;0;1002,6;1002,7;1002,3;1333,1;31,7;21,5;33,4;31,7;22,7;21,4;55;51;55;53;10,2;5,5;
2026/01/01;2100 UTC;0;1003,2;1003,3;1002,5;272,3;29,4;21,9;31,6;29,4;22;21,6;64;55;64;60;10;3,1;
2026/01/01;2200 UTC;0;1005,2;1005,2;1003,2;12;27,8;22,3;29,4;27,7;22,3;21,9;72;64;72;220;6,2;2,5;
2026/01/01;2300 UTC;0;1005,5;1005,7;1005;;28,6;20,9;29,1;27,8;22,5;20,8;72;62;63;194;10,5;1;
2026/01/02;0000 UTC;,4;1005,6;1006,1;1005,4;;26,7;22,7;28,7;25,1;23,1;20,9;83;63;78;50;7,6;2,8;
2026/01/02;0100 UTC;0;1005,7;1005,8;1005,5;;25,6;23,3;26,7;25,6;23,4;22,5;87;78;87;252;6,1;1,2;
2026/01/02;0200 UTC;0;1005,7;1006;1005,6;;25,4;22,6;25,6;25,1;23,5;22,6;89;84;84;65;3,8;2,2;
2026/01/02;0300 UTC;0;1005,3;1005,7;1005,1;;25;22,9;25,4;25;22,9;22,4;88;84;88;31;5;3;
2026/01/02;0400 UTC;0;1004,6;1005,3;1004,6;;26,1;22,7;26,3;25;23,6;22,7;89;81;82;346;9,4;5,9;
2026/01/02;0500 UTC;,2;1003,2;1004,6;1003,2;;24,7;23;26,1;24,7;23;22,6;91;82;91;354;9,4;1,3;
2026/01/02;0600 UTC;,2;1002,5;1003,2;1002,5;;25;23,5;25;24,5;23,6;23;92;91;91;4;5,5;3;
2026/01/02;0700 UTC;0;1002,6;1002,8;1002,5;;24,5;22,6;25,1;24,5;23,5;22,4;91;87;89;34;6,8;3,5;
2026/01/02;0800 UTC;0;1002,7;1002,7;1002,5;;25,1;22,9;25,1;24,5;23;22,6;89;88;88;22;6,1;4;
2026/01/02;0900 UTC;0;1003,3;1003,3;1002,7;152,3;25,8;23,1;25,8;24,9;23,2;22,8;89;85;85;15;7,1;3,9;
2026/01/02;1000 UTC;0;1004;1004;1003,2;555,3;26,7;23,4;26,7;25,8;23,4;23;85;81;82;8;7;3,5;
2026/01/02;1100 UTC;0;1004,2;1004,2;1004;753,3;27,9;23,4;27,9;26,7;23,6;23,2;82;77;77;349;7,4;4,2;
2026/01/02;1200 UTC;0;1004,3;1004,4;1004,1;1822,1;31,6;23,2;31,8;27,9;24,1;23,1;77;60;61;346;7,8;3,8;
2026/01/02;1300 UTC;0;1003,9;1004,3;1003,9;2677,7;34,3;21,4;34,3;31,6;24,1;20,5;62;46;47;303;7,8;4,6;
2026/01/02;1400 UTC;0;1003,5;1004,1;1003,5;3513,2;34,8;19,3;36,7;34,2;22,1;19,3;47;39;40;301;11,1;6;
2026/01/02;1500 UTC;0;1002,6;1003,5;1002,6;3372,5;35,5;20,3;36,6;34,4;21;19,2;43;38;41;286;11,1;3,3;
2026/01/02;1600 UTC;0;1001,9;1002,6;1001,8;3616,4;35,5;20,7;37,8;34,9;21,5;20;44;37;42;291;7,9;3,9;
2026/01/02;1700 UTC;0;1001;1001,9;1001;3036,7;35,1;20,1;37,9;34,9;22,1;18,7;45;36;41;305;8,9;4,8;
2026/01/02;1800 UTC;0;1000;1001;1000;2896,3;36,3;19,5;36,4;35,1;21,2;19,4;42;37;38;301;9,3;4,9;
2026/01/02;1900 UTC;0;999,6;1000;999,5;2388,2;36,6;19,6;37,2;36;19,9;17,9;38;33;37;242;8,5;3,6;
2026/01/02;2000 UTC;0;1000,2;1000,2;999,5;1575,4;31,6;22,6;37;31,6;22,7;19,4;59;36;59;62;6;2,8;
2026/01/02;2100 UTC;0;1001,2;1001,2;1000,2;434,3;30,3;22;31,8;30,3;23,1;22;62;58;61;205;8,6;3,9;
2026/01/02;2200 UTC;0;1001,7;1001,7;1001,2;47,7;27,6;22,4;30,3;27,6;22,4;21,8;73;61;73;189;8,4;2,1;
2026/01/02;2300 UTC;0;1002,5;1002,7;1001,7;;27;22,8;27,6;27;22,8;22,4;78;73;78;172;6,5;1,8;
2026/01/03;0000 UTC;0;1003,5;1003,5;1002,5;;26,6;23,1;27;26,5;23,1;22,7;81;78;81;187;5,3;,9;
2026/01/03;0100 UTC;0;1004,7;1004,7;1003,5;;26,9;22,6;27,1;26,5;23,1;22,6;82;77;77;223;7,5;3,7;
2026/01/03;0200 UTC;12,2;1005,4;1006;1004,6;;23,6;22,3;26,9;23,6;22,6;22;92;76;92;326;9,6;2,7;
2026/01/03;0300 UTC;2,4;1003,9;1005,3;1003,9;;23,7;22,6;23,7;23,6;22,6;22,3;93;92;93;77;5,7;1,5;
2026/01/03;0400 UTC;,2;1003,1;1003,9;1002,9;;23,6;22,5;23,9;23,5;22,7;22,4;94;93;94;12;3,3;1,9;
2026/01/03;0500 UTC;,8;1002,9;1003,5;1002,9;;23,7;22,7;23,8;23,6;22,7;22,5;94;94;94;355;3,7;1,5;
2026/01/03;0600 UTC;2,8;1003,5;1003,6;1002,9;;23,7;22,7;23,8;23,5;22,8;22,5;94;94;94;37;5;3,3;
2026/01/03;0700 UTC;,2;1003,2;1003,5;1003,2;;23,4;22,3;23,7;23,4;22,7;22,3;94;94;94;34;5,4;2,7;
2026/01/03;0800 UTC;0;1003,1;1003,5;1003,1;;23,6;22,5;23,6;23,4;22,5;22,3;94;94;94;37;4,8;2,9;
2026/01/03;0900 UTC;0;1003,8;1003,8;1003;63;23,8;22,7;23,8;23,6;22,8;22,5;94;94;94;356;4,9;2,5;
2026/01/03;1000 UTC;0;1003,7;1003,8;1003,6;416,3;24,8;23,5;24,8;23,8;23,6;22,7;94;93;93;24;4,7;3;
2026/01/03;1100 UTC;0;1004,2;1004,4;1003,7;1342,2;27;23,9;27;24,8;24,2;23,6;93;83;83;36;6,5;3,8;
2026/01/03;1200 UTC;0;1004,5;1004,6;1004,2;2639;28,7;23,8;28,9;27;24,6;23,5;83;75;75;24;8,9;5,3;
2026/01/03;1300 UTC;0;1004,4;1004,7;1004,4;3266,6;30,8;24,1;30,9;28,6;24,8;23,7;76;67;67;2;8,5;4,9;
2026/01/03;1400 UTC;0;1003,8;1004,4;1003,8;2703;30,9;24,1;31,6;30,7;24,6;23,7;69;64;67;355;7,3;2,9;
2026/01/03;1500 UTC;0;1003,5;1003,9;1003,5;1653,9;31;24,1;31,2;30,5;24,6;23,5;69;65;67;302;5,4;2;
2026/01/03;1600 UTC;0;1002,5;1003,5;1002,5;2218,2;32,2;22,9;32,5;30,9;24,5;22,5;68;58;58;308;5,5;3,3;
2026/01/03;1700 UTC;0;1002;1002,5;1002;2673,6;34;22,5;34;32,1;24,4;22,3;60;51;51;296;5,4;1,9;
2026/01/03;1800 UTC;0;1001,7;1002;1001,6;1796;33,3;23,8;34,5;33,3;24,7;22,5;60;51;58;26;4,6;1,9;
2026/01/03;1900 UTC;0;1001,7;1002,1;1001,7;665;30,2;23,6;33,4;29,8;24,7;23,1;73;56;68;237;4,2;1,2;
2026/01/03;2000 UTC;0;1002,5;1002,6;1001,5;449,3;28,9;24;30,3;28,8;24,4;23,6;75;67;75;353;4,6;1,3;
2026/01/03;2100 UTC;,8;1003,9;1004;1002,4;13,6;26,5;24,3;28,9;26,5;24,3;23,8;88;75;88;81;3,9;2,2;
2026/01/03;2200 UTC;,6;1004,2;1004,3;1003,9;;25,5;23,9;26,5;25,5;24,4;23,4;91;87;91;303;8,1;,8;
2026/01/03;2300 UTC;,8;1005,6;1005,6;1004,2;;24,5;22,9;25,5;24,5;24;22,9;92;91;91;349;5,3;1,8;
2026/01/04;0000 UTC;2,6;1006;1006;1005,6;;23,9;22,5;24,5;23,9;22,9;22,4;92;91;92;48;3,6;,8;
2026/01/04;0100 UTC;1;1006,2;1006,2;1006;;24,1;22,9;24,1;23,9;22,9;22,4;93;92;93;22;1,3;,5;
2026/01/04;0200 UTC;,2;1006,4;1006,7;1006,2;;24,6;23,4;24,6;24,1;23,4;22,9;93;93;93;31;2;,3;
2026/01/04;0300 UTC;22,4;1006;1006,6;1006;;24;23;24,7;24;23,6;23;94;93;94;192;6,4;2,1;
2026/01/04;0400 UTC;,2;1005,4;1006;1005,4;;24,2;23,3;24,2;24;23,3;23;94;94;94;316;4,3;,9;
2026/01/04;0500 UTC;0;1005,2;1005,5;1005,2;;23,9;23;24,2;23,9;23,3;22,9;95;94;95;19;2,5;1,4;
2026/01/04;0600 UTC;0;1005;1005,2;1004,9;;23,6;22,7;24;23,6;23,1;22,7;95;94;94;358;4,6;2,5;
2026/01/04;0700 UTC;0;1004,6;1005;1004,6;;23,4;22,3;23,6;23,4;22,7;22,3;94;94;94;358;5,5;3,1;
2026/01/04;0800 UTC;0;1004,1;1004,6;1004,1;;23,4;22,2;23,4;23,3;22,3;22,2;94;93;93;354;5,5;1,2;
2026/01/04;0900 UTC;0;1005,2;1005,2;1004,1;55,7;23,6;22,4;23,6;23,4;22,4;22,2;93;93;93;11;3,3;2;
2026/01/04;1000 UTC;0;1005,5;1005,5;1005,2;259,5;24,2;22,5;24,2;23,6;22,6;22,3;93;90;90;341;5,3;2,1;
2026/01/04;1100 UTC;,2;1006,2;1006,2;1005,5;722,7;25,9;23,3;25,9;24,2;23,6;22,5;91;86;86;282;4,1;1,3;
2026/01/04;1200 UTC;0;1007;1007;1006,2;737,9;26,9;23,2;26,9;25,9;23,4;22,8;86;80;80;249;2,9;1,3;
2026/01/04;1300 UTC;0;1007,6;1007,6;1007;1120,7;27;23,2;27,3;26,9;24,3;23;84;79;80;228;5,5;3,1;
2026/01/04;1400 UTC;0;1007,8;1007,9;1007,6;1120,9;27,4;23,5;27,6;26,8;23,8;22,7;81;77;79;218;6,9;3,1;
2026/01/04;1500 UTC;0;1008;1008,2;1007,7;999,2;27,4;23,2;28,3;27,3;24,4;22,9;81;75;78;222;6,9;1,6;
2026/01/04;1600 UTC;,2;1007,6;1008;1007,6;707,7;28,1;24,1;28,1;27,1;24,6;23;83;76;79;246;3,2;,9;
2026/01/04;1700 UTC;,2;1007,3;1007,6;1007,2;542,6;26,6;24;28,6;26,6;24,4;23,5;86;75;86;320;3,1;1,2;
2026/01/04;1800 UTC;0;1007,1;1007,3;1007,1;588,7;27,4;24;27,6;26,6;24,8;24;88;82;82;297;3;1,3;
2026/01/04;1900 UTC;2,6;1007,3;1007,3;1007;316,7;24,6;23,1;27,4;24,5;24,2;22,8;92;81;91;195;7,3;2;
2026/01/04;2000 UTC;,4;1008,1;1008,1;1007,3;360,5;24,4;23,1;24,6;24,3;23,2;22,8;92;91;92;195;4,9;1,7;
2026/01/04;2100 UTC;1,6;1008,4;1008,4;1008;119,9;24,5;23,3;24,6;24,4;23,3;23,1;93;92;93;178;4,4;,8;
2026/01/04;2200 UTC;,8;1009,1;1009,1;1008,4;13,9;24,3;23;24,5;24,2;23,3;23;93;92;93;152;4,1;2;
2026/01/04;2300 UTC;8;1010,1;1010,1;1009,1;;23,4;22,2;24,3;23,4;23;22,1;93;92;93;126;5,8;2,2;
2026/01/05;0000 UTC;3,4;1011,3;1011,3;1010,1;;22,5;21,5;23,5;22,5;22,3;21,4;94;93;94;191;8,4;2;
2026/01/05;0100 UTC;0;1011,7;1011,7;1011,3;;22,3;21,3;22,5;22,3;21,5;21,3;94;94;94;200;5,9;1,7;
2026/01/05;0200 UTC;,2;1011,4;1011,7;1011,4;;22;21,1;22,4;21,9;21,5;21;94;94;94;210;6,8;3;
2026/01/05;0300 UTC;,2;1010,7;1011,4;1010,7;;22;21,1;22,1;21,9;21,1;20,9;94;94;94;224;6,8;3,1;
2026/01/05;0400 UTC;,4;1010,7;1010,7;1010,6;;21,9;21;22;21,9;21,1;20,9;94;94;94;237;5,5;2,1;
2026/01/05;0500 UTC;,2;1010,6;1010,7;1010,6;;21,9;20,9;22;21,9;21;20,9;94;94;94;238;4,3;2,4;
2026/01/05;0600 UTC;,2;1010,7;1010,7;1010,5;;21,8;20,6;21,9;21,8;20,9;20,6;94;93;93;218;6,5;4;
2026/01/05;0700 UTC;,8;1010,7;1010,7;1010,6;;21,6;20,5;21,8;21,6;20,6;20,4;93;93;93;218;9,3;5,5;
2026/01/05;0800 UTC;0;1011,6;1011,6;1010,7;;21,1;20;21,6;21,1;20,5;20;94;93;94;218;9,6;4,7;
2026/01/05;0900 UTC;,6;1012,2;1012,3;1011,6;25;21;19,9;21,1;20,9;20;19,9;94;94;94;216;8,1;4,2;
2026/01/05;1000 UTC;,4;1012,7;1012,7;1012,2;130,1;21,1;20;21,1;21;20,1;19,9;94;94;94;223;9,2;4,8;
2026/01/05;1100 UTC;,6;1013,3;1013,3;1012,7;166;21,3;20,3;21,3;21;20,3;20;94;94;94;215;8;4,2;
2026/01/05;1200 UTC;1,4;1013,6;1013,6;1013,3;359,9;20,6;19,6;21,4;20,6;20,3;19,6;94;94;94;209;10,8;5;
2026/01/05;1300 UTC;1,4;1014,5;1014,5;1013,6;380,1;20,4;19,3;20,9;20,3;19,9;19,2;94;93;94;216;11,4;4,7;
2026/01/05;1400 UTC;1,8;1014,3;1014,6;1014,3;422,2;20,2;19,2;20,4;20,1;19,3;19,1;94;93;94;211;9,5;4,3;
2026/01/05;1500 UTC;1,6;1014,4;1014,4;1014,1;523,2;20,9;19,9;20,9;20,2;19,9;19,2;94;94;94;206;9,3;3,4;
2026/01/05;1600 UTC;1,8;1014,2;1014,5;1014,2;595,4;20,5;19,3;21,2;20,4;20,1;19,2;94;93;93;209;9;4;
2026/01/05;1700 UTC;1,2;1014,2;1014,3;1014,2;407,8;19,6;18,2;20,5;19,4;19,2;18,1;93;92;92;209;9,1;2,9;
2026/01/05;1800 UTC;1,4;1013,5;1014,2;1013,5;359,4;19,8;18,5;20,1;19,6;18,9;18,2;93;92;93;172;5,5;,9;
2026/01/05;1900 UTC;,2;1013,1;1013,5;1013;234,7;20,5;19,2;20,5;19,7;19,2;18,5;93;92;92;180;4,2;1,4;
2026/01/05;2000 UTC;0;1013,9;1013,9;1013,1;187;21,2;19,9;21,3;20,5;20;19,2;92;92;92;218;3,5;1;
2026/01/05;2100 UTC;,8;1014,3;1014,3;1013,9;43,5;20,5;19,2;21,3;20,5;20;19,2;93;90;92;206;8,4;3,6;
2026/01/05;2200 UTC;2,4;1014,6;1014,7;1014,3;7,3;20,3;19,1;20,6;20,3;19,4;19,1;93;92;93;217;10,7;4,5;
2026/01/05;2300 UTC;0;1015,2;1015,2;1014,5;;20,1;19;20,3;20,1;19,1;19;93;93;93;225;8,3;3,8;
2026/01/06;0000 UTC;0;1015,8;1015,8;1015,2;;20,4;19,2;20,4;20,1;19,2;19;93;93;93;217;7,6;4,4;
2026/01/06;0100 UTC;,4;1016,2;1016,2;1015,8;;20,5;19;20,5;20,3;19,1;18,9;93;91;91;215;8,1;3,4;
2026/01/06;0200 UTC;0;1015,7;1016,2;1015,7;,6;20,6;18,9;20,7;20,4;19;18,9;91;90;90;213;5,3;1,6;
2026/01/06;0300 UTC;0;1015,5;1015,8;1015,5;;21;18,7;21,1;20,5;19,1;18,7;91;87;87;164;3,9;1,8;
2026/01/06;0400 UTC;0;1014,9;1015,4;1014,9;;20,5;19,2;21;20,5;19,2;18,7;92;87;92;80;4;1,6;
2026/01/06;0500 UTC;0;1014,6;1014,9;1014,6;;20,7;19,5;20,7;20,5;19,5;19,2;93;92;93;101;2,9;1,1;
2026/01/06;0600 UTC;0;1014,7;1014,8;1014,5;;20,8;19,6;20,8;20,6;19,6;19,4;93;93;93;180;2;,6;
2026/01/06;0700 UTC;0;1014,3;1014,8;1014,3;;20,7;19,5;20,9;20,6;19,7;19,4;93;93;93;125;2;,9;
2026/01/06;0800 UTC;0;1015;1015;1014,2;;21,1;18,9;21,3;20,7;19,7;18,6;93;85;87;111;3,8;1,9;
2026/01/06;0900 UTC;0;1015,2;1015,4;1014,9;34,9;21;19,1;21,5;20,9;19,1;18,6;89;85;89;212;4,9;,7;
2026/01/06;1000 UTC;0;1015,4;1015,5;1015,2;240,6;21,8;18,9;21,8;21;19,6;18,9;90;84;84;208;4,3;2,4;
2026/01/06;1100 UTC;0;1016;1016;1015,4;233,9;22;19,3;22;21,8;19,3;18,8;85;83;85;232;4,7;,6;
2026/01/06;1200 UTC;,2;1016,7;1016,8;1016;282,7;22,3;20,1;22,4;22;20,1;19,3;87;85;87;213;2,3;,7;
2026/01/06;1300 UTC;0;1016,8;1016,8;1016,7;578,4;22,3;20,2;22,6;22,1;20,6;19,8;89;87;88;196;2,8;,9;
2026/01/06;1400 UTC;,6;1016,7;1016,8;1016,7;781,2;22,6;20,3;22,9;22,1;20,8;20;88;86;87;215;3,6;2,1;
2026/01/06;1500 UTC;,2;1016,3;1016,7;1016,3;694,6;22,6;20,6;22,9;22,5;21;20,2;89;87;88;229;4,6;2;
2026/01/06;1600 UTC;3;1016,5;1016,5;1016,3;324,3;21,7;20,4;22,6;21,3;20,5;19,8;92;88;92;198;3,8;1,7;
2026/01/06;1700 UTC;1,2;1016,4;1016,5;1016,4;603,9;21,6;20,4;22;21,4;20,8;20,1;93;92;93;227;4,6;2,5;
2026/01/06;1800 UTC;,6;1016;1016,4;1016;774,5;21,6;20,3;21,8;21,4;20,6;20,2;93;92;92;222;5,7;3,3;
2026/01/06;1900 UTC;,2;1015,5;1016;1015,5;496,6;21,5;20,2;22;21,4;20,7;20,1;93;92;92;216;4,7;1,6;
2026/01/06;2000 UTC;,6;1015,4;1015,6;1015,4;375,4;21,2;20;21,5;21,2;20,3;19,9;93;92;92;220;4,1;2,5;
2026/01/06;2100 UTC;,2;1015,6;1015,6;1015,4;183,5;21,2;19,9;21,4;21,1;20,1;19,9;93;92;93;224;4;1,4;
2026/01/06;2200 UTC;,4;1016,1;1016,1;1015,6;10,8;20,9;19,8;21,2;20,9;19,9;19,8;94;93;93;241;3,3;1,1;
2026/01/06;2300 UTC;,2;1016,6;1016,6;1016,1;;20,8;19,8;20,9;20,8;19,8;19,7;94;93;94;251;1,9;1,1;
2026/01/07;0000 UTC;,2;1016,9;1016,9;1016,6;;20,9;19,9;20,9;20,8;19,9;19,7;94;94;94;33;1,6;,7;
2026/01/07;0100 UTC;,2;1016,7;1017;1016,7;;20,7;19,7;20,9;20,7;19,9;19,7;94;94;94;210;1;,4;
2026/01/07;0200 UTC;0;1016,2;1016,9;1016,2;;20,4;19,5;20,7;20,3;19,8;19,3;94;94;94;148;2,7;,9;
2026/01/07;0300 UTC;0;1016,1;1016,7;1016,1;;20,6;19,7;20,7;20,4;19,8;19,4;95;94;94;14;2,2;,2;
2026/01/07;0400 UTC;0;1015,5;1016,1;1015,5;;20,6;19,7;20,7;20,6;19,8;19,7;95;94;95;287;1,5;1,1;
2026/01/07;0500 UTC;0;1015,2;1015,5;1015,2;;20,7;19,8;20,7;20,6;19,9;19,7;95;95;95;334;2;1;
2026/01/07;0600 UTC;0;1015;1015,2;1015;;20,8;19,9;20,9;20,7;20;19,8;95;95;95;9;1,8;,9;
2026/01/07;0700 UTC;0;1014,9;1015;1014,9;;20,7;19,8;20,9;20,7;20;19,8;95;95;95;342;2,2;1,4;
2026/01/07;0800 UTC;0;1015;1015;1014,8;;20,2;19,4;20,7;20,2;19,8;19,3;95;95;95;336;2,2;1,3;
2026/01/07;0900 UTC;0;1015,8;1015,8;1015;149,1;21;20,1;21;20,1;20,2;19,3;95;95;95;5;2,5;,9;
2026/01/07;1000 UTC;0;1016,2;1016,2;1015,8;885,7;23,2;21,5;23,2;21;21,9;20,2;95;90;90;350;3,7;2,2;
2026/01/07;1100 UTC;0;1016,3;1016,3;1016,1;1673,8;24,5;21,1;24,8;23,2;21,9;20,9;90;81;81;335;4,6;2,3;
2026/01/07;1200 UTC;0;1016,4;1016,6;1016,3;2139,6;26,2;22;26,3;24,5;22,4;21,1;82;77;78;11;5,1;2;
2026/01/07;1300 UTC;0;1016,2;1016,4;1016,2;3103;27,2;20,9;28,6;26,1;23,2;20,9;77;68;68;31;6,9;4,3;
2026/01/07;1400 UTC;0;1015,7;1016,2;1015,7;3280,1;28,9;21,5;29,7;27;23;20,9;73;60;64;29;7,5;3,2;
2026/01/07;1500 UTC;0;1015,2;1015,7;1015,2;3750,2;30;20,8;30,6;28,4;22;20;67;56;58;27;7,7;3,5;
2026/01/07;1600 UTC;0;1014,8;1015,2;1014,8;3695,3;30,3;21,2;30,7;29;22,4;19,6;64;53;58;54;7;2,5;
2026/01/07;1700 UTC;0;1014,1;1014,8;1014,1;3093,3;29,5;21,2;30,7;28,8;22;20,2;63;55;61;72;6,8;4,2;
2026/01/07;1800 UTC;0;1014;1014,2;1014;3187,5;29,3;21,4;30,6;29;22,1;20,8;64;58;63;80;7,9;4,7;
2026/01/07;1900 UTC;0;1013,7;1014;1013,7;2462,2;28,5;20,6;29,3;28,5;21,5;20,5;64;61;62;67;9;5,2;
2026/01/07;2000 UTC;0;1013,6;1013,7;1013,5;1536,4;27,3;20,4;28,7;27,2;21;20,2;66;62;66;65;9;4,9;
2026/01/07;2100 UTC;0;1013,8;1013,8;1013,6;568,3;26,2;21,2;27,4;26,2;21,3;20,6;74;66;74;66;9;3,7;
2026/01/07;2200 UTC;0;1014,2;1014,2;1013,8;34,8;24,8;21,9;26,2;24,8;22;21,2;84;74;84;61;7,2;2,8;
2026/01/07;2300 UTC;0;1014,8;1014,8;1014,2;;24,1;22;24,8;24;22,1;21,9;88;84;88;59;4,8;2,1;
2026/01/08;0000 UTC;0;1015,3;1015,3;1014,8;;23,5;21,8;24,1;23,5;22;21,8;91;88;91;66;3,6;1,7;
2026/01/08;0100 UTC;0;1015,6;1015,6;1015,3;;23,2;21,9;23,5;23,1;21,9;21,6;92;91;92;50;3,6;1,8;
2026/01/08;0200 UTC;0;1015,4;1015,7;1015,3;;23,1;21,9;23,4;23,1;22,1;21,9;93;92;93;41;3,8;1,6;
2026/01/08;0300 UTC;0;1014,8;1015,4;1014,8;;23;21,8;23,1;22,9;21,9;21,7;93;93;93;29;3,5;1,5;
2026/01/08;0400 UTC;;;;;;;;;;;;;;;;;;
2026/01/08;0500 UTC;0;1013,8;1014,2;1013,8;;22,2;21,2;22,7;22,2;21,6;21,2;94;94;94;358;2,4;1,4;
2026/01/08;0600 UTC;0;1013,3;1013,8;1013,3;;22,1;21,1;22,3;21,9;21,3;20,9;94;94;94;6;2,3;1;
2026/01/08;0700 UTC;0;1013,6;1013,6;1013,3;;21,7;20,7;22,3;21,7;21,3;20,7;94;94;94;292;1,9;1,5;
2026/01/08;0800 UTC;0;1013,8;1013,8;1013,6;;21,5;20,6;21,7;21,3;20,8;20,4;95;94;95;3;2;,8;
2026/01/08;0900 UTC;0;1014,5;1014,5;1013,8;170,6;22,8;21,9;22,8;21,3;21,9;20,4;95;95;95;48;5,2;,7;
2026/01/08;1000 UTC;0;1014,7;1014,7;1014,4;779,1;24,9;22,8;25;22,8;23,5;21,9;95;88;88;23;3,2;2;
2026/01/08;1100 UTC;0;1014,8;1014,9;1014,7;1704,5;27,2;22,7;27,2;24,7;23,2;22,1;88;75;76;29;5,3;2,6;
2026/01/08;1200 UTC;0;1014,7;1014,8;1014,7;2593,5;28,9;22,6;28,9;27,1;22,8;21,8;76;68;69;25;6;3,5;
2026/01/08;1300 UTC;0;1014,5;1014,7;1014,4;3059,8;29,5;22,6;30,1;28,6;22,9;21,7;70;63;66;23;6,8;3,3;
2026/01/08;1400 UTC;0;1014,1;1014,5;1014,1;3679,4;31;21,5;31,9;29,6;23,4;21,5;67;56;57;27;6,3;3,3;
2026/01/08;1500 UTC;,2;1013,4;1014,1;1013,4;3104,2;30,4;22,1;32;30,3;22,7;21,2;62;53;62;48;5,9;2,8;
2026/01/08;1600 UTC;0;1013,1;1013,4;1013,1;2715,9;30,7;21,3;31;29,3;22,5;21;64;56;57;55;8,8;4,2;
2026/01/08;1700 UTC;0;1012,9;1013,1;1012,9;3406,8;30,3;19,6;31;29,4;21,7;19,6;61;53;53;68;11,2;5,4;
2026/01/08;1800 UTC;0;1012,4;1012,9;1012,4;3026,9;29,7;21,1;30,5;29,2;22;19,6;64;53;60;74;9,6;5,3;
2026/01/08;1900 UTC;0;1012,5;1012,5;1012,3;1875,4;28,4;21,7;30,1;28,4;21,8;20,9;67;60;67;65;9,8;4,8;
2026/01/08;2000 UTC;0;1012,4;1012,6;1012,4;1059,1;28,4;22;28,4;27,6;22,2;21,6;71;67;68;64;9,5;4,9;
2026/01/08;2100 UTC;0;1012,9;1012,9;1012,4;869,8;26,8;21,4;28,5;26,8;22,1;21,3;72;68;72;58;10,3;5,6;
2026/01/08;2200 UTC;0;1013,4;1013,4;1012,9;33,2;25,5;22,4;26,8;25,5;22,5;21,4;83;72;83;61;10,3;3,5;
2026/01/08;2300 UTC;0;1013,9;1013,9;1013,4;;25;22,9;25,6;24,9;22,9;22,4;88;83;88;56;7,2;2,6;
2026/01/09;0000 UTC;0;1014,4;1014,4;1013,9;;24,9;23,1;25,1;24,8;23,1;22,9;90;88;90;57;6;3,1;
2026/01/09;0100 UTC;0;1014,5;1014,6;1014,4;;24,9;23,1;24,9;24,7;23,1;22,9;90;89;90;50;5,8;3;
2026/01/09;0200 UTC;0;1014,5;1014,7;1014,5;;25;23,1;25;24,7;23,1;22,9;90;89;90;48;6,1;2,8;
2026/01/09;0300 UTC;0;1014;1014,5;1014;;24,5;22,9;25;24,5;23,1;22,8;90;89;90;53;5,1;2,6;
2026/01/09;0400 UTC;0;1013,8;1014;1013,8;;24,4;22,7;24,6;24,3;22,9;22,7;91;90;90;59;5,4;2,4;
2026/01/09;0500 UTC;0;1013,6;1013,8;1013,6;;24,1;22,5;24,4;24,1;22,7;22,5;91;90;90;59;4,8;2,2;
2026/01/09;0600 UTC;0;1013,6;1013,6;1013,3;;24;22,6;24,1;23,9;22,6;22,4;92;90;92;50;5;2;
2026/01/09;0700 UTC;0;1013,8;1013,8;1013,5;;23,7;22,4;24;23,7;22,6;22,4;92;92;92;48;3,8;1,6;
2026/01/09;0800 UTC;0;1014,3;1014,3;1013,8;;23,4;22,2;23,7;23,4;22,5;22,2;93;92;93;38;2,8;1,5;
2026/01/09;0900 UTC;0;1015;1015;1014,3;148,7;24,3;22,8;24,3;23,4;22,9;22,2;93;91;91;59;4,9;1,6;
2026/01/09;1000 UTC;0;1015,3;1015,3;1015;897,6;26,2;22,8;26,2;24,3;23,4;22,4;91;81;81;43;5,3;3,3;
2026/01/09;1100 UTC;0;1015,7;1015,7;1015,3;2160,4;28,8;22,6;28,8;26,2;23;22;82;69;69;33;6,6;3,7;
2026/01/09;1200 UTC;0;1015,6;1015,7;1015,6;2654;29,4;22;29,7;28;22,6;21,4;70;63;64;35;6,8;4,3;
2026/01/09;1300 UTC;0;1015,2;1015,6;1015,2;3185,8;31,4;21,8;31,6;29,4;22,6;20,9;65;55;57;37;8,4;3,4;
2026/01/09;1400 UTC;0;1014,7;1015,2;1014,7;3694;31,1;21,6;31,7;30,6;22,5;20,7;60;54;57;62;9,2;5,2;
2026/01/09;1500 UTC;0;1014,4;1014,8;1014,4;3977,3;30,9;20,8;31,7;30,6;21,9;20,2;58;53;55;64;10;5,4;
2026/01/09;1600 UTC;0;1014,1;1014,4;1014,1;3976,5;30,7;20,2;31,4;30,4;21,3;19,8;56;51;54;66;10,4;6,2;
2026/01/09;1700 UTC;0;1013,7;1014,1;1013,7;3739,3;30,8;22,1;31,1;30;22,1;19,7;61;52;60;70;11,9;6,1;
2026/01/09;1800 UTC;0;1013,3;1013,7;1013,2;3195,3;29,7;21,8;30,8;29,6;22,2;21,1;63;57;63;63;11,2;6,3;
2026/01/09;1900 UTC;0;1012,9;1013,3;1012,9;2461,3;29;21,6;30,1;28,9;22,2;21,1;65;60;65;65;11;6,8;
2026/01/09;2000 UTC;0;1012,9;1013,1;1012,9;1601,1;28,2;21,6;29;28,1;21,9;21,1;68;63;68;59;11,7;5,9;
2026/01/09;2100 UTC;0;1013,2;1013,2;1012,9;699;26,7;21,6;28,2;26,7;21,9;21,3;74;68;74;54;11,6;5,1;
2026/01/09;2200 UTC;0;1013,9;1013,9;1013,2;38,7;25,6;22;26,7;25,6;22,1;21,6;81;73;81;55;9,6;3,8;
2026/01/09;2300 UTC;0;1014;1014,2;1013,9;;25,3;22,5;25,6;25,3;22,6;22,1;85;81;84;61;9;4,4;
2026/01/10;0000 UTC;0;1014,5;1014,5;1014;;25,1;22,6;25,3;25;22,7;22,4;86;84;86;64;9;3,6;
2026/01/10;0100 UTC;0;1015,1;1015,1;1014,5;;25,1;22,7;25,2;25;22,8;22,5;87;86;87;67;8;3,6;
2026/01/10;0200 UTC;0;1015,2;1015,2;1015;;24,8;22,5;25,1;24,7;22,7;22,4;87;86;87;69;7,8;2,7;
2026/01/10;0300 UTC;0;1014,3;1015,2;1014,3;;24,5;22,3;24,8;24,5;22,6;22,3;88;87;88;57;7,4;3,6;
2026/01/10;0400 UTC;0;1014;1014,3;1013,9;;24,2;22,1;24,6;24,2;22,4;22,1;88;87;88;56;6,5;3,4;
2026/01/10;0500 UTC;0;1013,7;1014;1013,7;;23,8;22;24,2;23,8;22,2;21,9;89;88;89;56;6,2;2,9;
2026/01/10;0600 UTC;0;1013,5;1013,7;1013,5;;23,9;21,7;24;23,7;22;21,7;89;88;88;56;7;3,8;
2026/01/10;0700 UTC;0;1013,4;1013,5;1013,3;;23,9;21,6;24;23,8;21,8;21,6;88;87;87;50;7,2;3,9;
2026/01/10;0800 UTC;0;1013,9;1013,9;1013,3;;23,7;21;23,9;23,6;21,6;20,9;87;85;85;54;6,6;3,3;
2026/01/10;0900 UTC;0;1014,5;1014,5;1013,9;125,6;24,5;21,3;24,5;23,4;21,4;20,9;86;83;83;60;6,9;3,4;
2026/01/10;1000 UTC;0;1015;1015;1014,5;835,5;26,4;20,8;26,5;24,5;21,8;20,6;83;71;71;46;7,3;4,1;
2026/01/10;1100 UTC;0;1015,1;1015,1;1015;1749,6;28,5;19,7;28,5;26,4;21,4;19,3;72;58;59;32;8,3;4,9;
2026/01/10;1200 UTC;0;1015,2;1015,3;1015,1;2592,8;29,9;19,1;29,9;28,5;19,8;18,6;59;52;52;36;9;4,4;
2026/01/10;1300 UTC;0;1014,9;1015,2;1014,9;3265,9;30,6;17,2;31,2;29,6;19,5;17,2;54;43;45;40;9,5;4,4;
2026/01/10;1400 UTC;0;1014,1;1014,9;1014,1;3769,9;30,9;17,6;31,6;30,4;18,3;15,5;47;39;45;53;11;5,5;
2026/01/10;1500 UTC;0;1013,4;1014,1;1013,3;4017,6;31;19,3;31,5;30,4;19,7;17,4;51;44;50;66;11;5,6;
2026/01/10;1600 UTC;0;1012,4;1013,4;1012,4;3991,2;31,8;18,9;32,1;30,8;19,9;18,4;52;44;46;51;10;5;
2026/01/10;1700 UTC;0;1011,9;1012,4;1011,9;3731,1;31,1;19,4;31,8;30,6;20,2;18,7;52;46;50;60;10,6;5,1;
2026/01/10;1800 UTC;0;1011,4;1011,9;1011,4;3212,2;30;20,1;31,2;29,9;20,9;19,1;58;49;55;66;10,4;5,6;
2026/01/10;1900 UTC;0;1011,2;1011,4;1011,1;2479,6;29,2;20,5;30,2;28,8;21,3;19,6;62;55;60;61;11,6;5,6;
2026/01/10;2000 UTC;0;1010,8;1011,2;1010,7;1612,6;28;20,2;29,2;28;21;20,2;64;59;63;68;10,6;6,5;
2026/01/10;2100 UTC;0;1010,9;1010,9;1010,7;694,8;26,7;20,2;28;26,7;20,6;19,8;67;62;67;66;10,5;4,6;
2026/01/10;2200 UTC;0;1011,3;1011,3;1010,9;55,6;25,1;21;26,7;25,1;21;20,2;78;68;78;59;9;3,8;
2026/01/10;2300 UTC;0;1011,8;1011,8;1011,3;;24,4;21,7;25,1;24,4;21,8;21;85;78;85;59;6,6;2,8;
2026/01/11;0000 UTC;0;1012,3;1012,3;1011,8;;24,5;21,2;24,8;24,4;21,8;21,2;85;82;82;53;6,5;3,5;
2026/01/11;0100 UTC;0;1013,1;1013,1;1012,3;;24,3;21,1;24,6;24,1;21,2;21;83;81;82;60;6,5;2,4;
2026/01/11;0200 UTC;0;1013;1013,4;1013;;24,1;21,4;24,3;24;21,4;20,9;85;82;85;58;5,9;2,9;
2026/01/11;0300 UTC;0;1012,6;1013;1012,6;;24,1;21,9;24,2;24;22;21,3;88;85;88;57;6,5;3;
2026/01/11;0400 UTC;0;1012,1;1012,6;1012;;24,1;22;24,2;24;22,2;21,9;88;88;88;55;6,9;3,3;
2026/01/11;0500 UTC;0;1011,6;1012,1;1011,6;;23,6;21,4;24,1;23,5;22;21,3;88;87;88;50;6;2,4;
2026/01/11;0600 UTC;0;1011,6;1011,6;1011,5;;23,1;21;23,6;23;21,4;20,9;88;87;88;52;3,8;1,6;
2026/01/11;0700 UTC;0;1011,9;1011,9;1011,6;;22,3;20,7;23,1;22,3;21;20,5;90;88;90;21;2,8;,9;
2026/01/11;0800 UTC;0;1012,4;1012,4;1011,9;;21,7;20,1;22,3;21,7;20,6;20,1;91;90;91;22;2,5;1,5;
2026/01/11;0900 UTC;0;1013,1;1013,1;1012,4;139,3;23,2;21;23,2;21,7;21,1;20,1;91;88;88;26;3,7;2;
2026/01/11;1000 UTC;0;1013,4;1013,4;1013,1;793,2;25;21,1;25;23,2;21,9;21;88;79;79;22;5,1;3,4;
2026/01/11;1100 UTC;0;1013,5;1013,5;1013,4;1710;27,2;20;27,3;25;21,7;20;80;65;65;22;7,2;4,6;
2026/01/11;1200 UTC;0;1013,1;1013,5;1013,1;2550;29,5;21,2;29,5;27,2;21,2;20;66;59;61;19;7,2;4;
2026/01/11;1300 UTC;0;1012,6;1013,1;1012,6;3241,5;30,9;19,2;31,1;29,5;21;19,1;61;50;50;18;7,3;4,1;
2026/01/11;1400 UTC;0;1012;1012,6;1012;3720,6;32;19,4;32,1;30,6;20,4;18,2;53;45;48;32;8,3;4;
2026/01/11;1500 UTC;0;1011,5;1012;1011,5;3544,5;30,9;20,9;32,8;30,7;21,3;18,2;56;44;55;78;9,2;4,6;
2026/01/11;1600 UTC;0;1010,9;1011,5;1010,9;3660;30,9;20,6;31,7;30,6;21,7;20,2;57;53;54;72;9,8;5,9;
2026/01/11;1700 UTC;0;1010,6;1010,9;1010,6;3706,2;30,7;19,8;31,6;30,3;21,6;19,2;56;51;52;61;12,3;5,9;
2026/01/11;1800 UTC;0;1010,4;1010,6;1010,4;3199,1;29,6;19,2;30,7;29,4;20,1;18,2;55;48;54;67;12;7,3;
2026/01/11;1900 UTC;0;1010;1010,4;1009,8;2472;28,9;19,2;29,7;28,8;20,1;18,5;58;52;56;61;13,2;7,1;
2026/01/11;2000 UTC;0;1010;1010;1009,9;1608,7;28;20,4;29;28;20,6;19,3;63;56;63;58;13,2;6,9;
2026/01/11;2100 UTC;0;1010;1010;1009,9;693,8;26,7;21,1;28,2;26,7;21,1;20,3;71;63;71;56;12;6;
2026/01/11;2200 UTC;0;1010,4;1010,4;1010;53,9;25,6;21,9;26,7;25,5;21,9;21,1;80;71;80;54;10,5;4,8;
2026/01/11;2300 UTC;0;1010,9;1010,9;1010,4;;25,2;22,1;25,6;25,1;22,1;21,8;83;80;83;55;8,8;4,6;
2026/01/12;0000 UTC;0;1011,3;1011,3;1010,9;;25;22;25,2;25;22,2;21,9;84;83;83;52;10;4;
2026/01/12;0100 UTC;0;1011,3;1011,4;1011,3;;25;22,1;25,1;24,9;22,1;21,9;84;83;84;52;8,9;4,8;
2026/01/12;0200 UTC;0;1011,2;1011,3;1011,1;;24,6;22,3;25,1;24,5;22,3;22,1;87;84;87;46;8,6;2,2;
2026/01/12;0300 UTC;0;1010,6;1011,2;1010,6;;24,2;21,9;24,7;24,2;22,5;21,9;88;87;87;56;5,9;1,8;
2026/01/12;0400 UTC;0;1010,2;1010,6;1010,2;;23,7;21,8;24,1;23,7;22;21,8;89;87;89;53;4;1,9;
2026/01/12;0500 UTC;0;1010;1010,2;1009,9;;23,3;21,6;23,6;23,2;21,8;21,5;90;89;90;49;3,6;2,1;
2026/01/12;0600 UTC;0;1010,2;1010,2;1009,9;;22,8;21,2;23,3;22,8;21,7;21,2;91;90;91;26;4,1;1,9;
2026/01/12;0700 UTC;0;1010,2;1010,3;1010,1;;22,3;21;22,8;22,3;21,3;21;92;91;92;26;4,1;1,5;
2026/01/12;0800 UTC;0;1010,8;1010,8;1010,2;;22,2;21,1;22,3;22;21,1;20,8;93;92;93;29;3,9;1,8;
2026/01/12;0900 UTC;0;1011,5;1011,5;1010,8;120,3;23,5;22;23,6;22,2;22,1;21,1;93;91;91;41;4,1;2,3;
2026/01/12;1000 UTC;0;1012;1012;1011,5;799,8;25,7;22,9;25,7;23,5;22,9;22;91;84;85;10;6,1;2,7;
2026/01/12;1100 UTC;0;1012,4;1012,4;1012;1693,1;28,3;21,7;28,3;25,7;23,1;21,6;85;67;67;346;5,9;3,4;
2026/01/12;1200 UTC;0;1012,2;1012,4;1012,2;2531;30,1;19,6;30,1;28,2;22,2;19,6;69;53;53;355;7,1;3,9;
2026/01/12;1300 UTC;0;1011,8;1012,2;1011,8;3219,6;31,6;20,5;31,7;30,1;21,6;19,7;58;50;52;5;6,8;3,6;
2026/01/12;1400 UTC;0;1011,3;1011,8;1011,3;3712,9;32,6;20,7;32,8;31,5;20,8;19,2;52;46;50;25;6,9;3,9;
2026/01/12;1500 UTC;0;1010,7;1011,3;1010,7;3919,8;33,1;21,9;33,7;32,4;22;19;52;43;52;29;7;3,4;
2026/01/12;1600 UTC;0;1010,3;1010,7;1010,2;3941,2;31,8;21,9;33,1;31,7;23;21,1;58;52;56;77;8,3;4,9;
2026/01/12;1700 UTC;0;1009,6;1010,3;1009,6;3678,8;31,9;21,6;32,5;31,7;22,5;21,3;57;53;54;58;9;5,1;
2026/01/12;1800 UTC;0;1009,5;1009,6;1009,5;3170,2;31;22,1;32,2;30,6;22,2;20,7;59;54;59;69;9,8;5,7;
2026/01/12;1900 UTC;0;1009,3;1009,6;1009,2;2451,1;30,1;21,9;31,1;30;22,2;21,3;62;57;62;64;10,8;6;
2026/01/12;2000 UTC;0;1009,2;1009,3;1009,1;1607,7;28,7;22,2;30,5;28,7;22,6;21,5;68;60;68;58;11;5,9;
2026/01/12;2100 UTC;0;1009,6;1009,7;1008,9;698,4;27;22;28,7;27;22,5;22;74;68;74;55;12,4;6,3;
2026/01/12;2200 UTC;0;1009,9;1009,9;1009,5;54,6;25,9;22,4;27;25,9;22,4;22;81;74;81;56;13;6,1;
2026/01/12;2300 UTC;0;1010,5;1010,5;1009,9;;25,6;22,5;25,9;25,5;22,6;22,4;84;81;83;57;11,7;5,2;
2026/01/13;0000 UTC;0;1011,3;1011,3;1010,5;;25,5;22,7;25,6;25,4;22,8;22,4;85;83;85;56;10,1;4,7;
2026/01/13;0100 UTC;0;1011,7;1011,7;1011,3;;25,3;22,6;25,5;25,2;22,7;22,5;85;84;85;57;9,2;3,9;
2026/01/13;0200 UTC;0;1011,8;1011,8;1011,7;;24,9;22,5;25,3;24,9;22,7;22,5;87;85;87;56;7,5;2,1;
2026/01/13;0300 UTC;0;1011,3;1011,8;1011,3;;24,5;22,3;24,9;24,5;22,6;22,3;88;87;88;53;4,9;2;
2026/01/13;0400 UTC;0;1010,8;1011,3;1010,8;;23,8;22,1;24,5;23,8;22,3;22,1;90;88;90;76;3,5;1,5;
2026/01/13;0500 UTC;0;1010,5;1010,9;1010,5;;23,6;21,9;23,9;23,6;22,2;21,8;90;90;90;63;3,9;1,8;
2026/01/13;0600 UTC;0;1010,2;1010,5;1010,2;;23,6;21,9;23,8;23,5;22,1;21,8;91;90;90;61;4;2,2;
2026/01/13;0700 UTC;0;1010,3;1010,4;1010,2;;23,3;21,7;23,6;23,3;21,9;21,7;91;90;91;60;3,9;2;
2026/01/13;0800 UTC;0;1010,9;1010,9;1010,2;;23,2;21,7;23,3;23,2;21,8;21,6;91;91;91;53;3,6;1,9;
2026/01/13;0900 UTC;0;1011,7;1011,7;1010,9;109,6;24,1;22,3;24,1;23,2;22,3;21,7;92;89;89;58;4,3;1,7;
2026/01/13;1000 UTC;0;1012,5;1012,5;1011,7;729,5;26,5;22,8;26,5;24,2;22,8;22,3;89;80;80;45;4,7;2,8;
2026/01/13;1100 UTC;0;1012,7;1012,7;1012,5;1643,4;29;22,8;29;26,5;23,1;22,1;80;69;69;39;6,6;3,9;
2026/01/13;1200 UTC;0;1013;1013;1012,7;2481,1;30,9;22,2;31,1;28,6;23,1;22,2;69;60;60;40;7,2;3,4;
2026/01/13;1300 UTC;0;1013;1013,1;1013;3166;32,5;22,3;32,6;30,5;23,5;21,4;63;53;55;15;6,5;3,3;
2026/01/13;1400 UTC;0;1012,7;1013;1012,7;3473,8;32;23,1;33,3;31,1;23,7;21,6;62;52;59;84;7,3;4,4;
2026/01/13;1500 UTC;0;1012,5;1012,7;1012,5;3926,8;32,4;23,4;32,4;31,5;23,7;22,1;61;57;59;71;9,1;4,7;
2026/01/13;1600 UTC;0;1012,2;1012,5;1011,9;3931,7;31,8;22,4;32,4;31,6;23,3;21,8;59;55;57;76;9,7;5,1;
2026/01/13;1700 UTC;0;1011,6;1012,3;1011,5;3690,4;31;21,6;32,2;30,8;22,8;21,4;60;56;57;64;11;6,4;
2026/01/13;1800 UTC;0;1011,1;1011,7;1011,1;3202,8;30,5;21,7;31,6;30,3;22,5;21,1;61;56;60;65;12,3;6,9;
2026/01/13;1900 UTC;0;1012;1012;1011,1;2458,2;29,6;21,8;30,7;29,4;22,1;21,1;63;58;63;72;12,7;7,4;
2026/01/13;2000 UTC;0;1012,3;1012,4;1011,9;1597,1;28,5;21,6;29,6;28,5;22,3;21,2;67;61;66;60;14,6;6,8;
2026/01/13;2100 UTC;0;1012,2;1012,3;1012;580,9;26,9;22,6;28,5;26,9;22,6;21,5;78;66;78;62;12,8;5,8;
2026/01/13;2200 UTC;0;1012,8;1012,9;1012,2;19,6;26,1;22,9;26,9;26,1;23;22,7;82;78;82;60;12,3;5,3;
2026/01/13;2300 UTC;0;1013,7;1013,7;1012,8;;25,8;22,8;26,1;25,7;22,9;22,6;83;82;83;56;11,3;4,9;
2026/01/14;0000 UTC;0;1014;1014;1013,5;;25,4;22,6;25,9;25,4;22,9;22,6;85;83;85;55;11,7;4,6;
2026/01/14;0100 UTC;0;1014,8;1014,8;1014;;25,2;22,4;25,4;25,1;22,6;22,3;85;84;85;50;9,4;4,1;
2026/01/14;0200 UTC;0;1014,5;1014,8;1014,5;;24,7;22,1;25,3;24,7;22,6;22,1;86;85;86;49;8,4;2,4;
2026/01/14;0300 UTC;0;1014;1014,5;1014;;23,9;21,9;24,7;23,9;22,2;21,8;88;86;88;68;4,4;1,8;
2026/01/14;0400 UTC;0;1013,6;1014;1013,6;;23,1;21,7;23,9;23,1;22;21,6;91;88;91;21;2,9;,8;
2026/01/14;0500 UTC;0;1013;1013,6;1013;;23,1;21,8;23,5;23;22,2;21,7;93;92;93;63;3,4;2;
2026/01/14;0600 UTC;0;1013;1013,2;1013;;22,8;21,6;23,1;22,8;21,8;21,6;93;93;93;43;3,3;1;
2026/01/14;0700 UTC;0;1013,2;1013,2;1013;;22,6;21,5;22,9;22,5;21,7;21,4;94;93;93;42;2,7;1,4;
2026/01/14;0800 UTC;0;1013,4;1013,4;1013,1;;22,6;21,5;22,7;22,5;21,6;21,4;94;93;94;78;3,1;2,4;
2026/01/14;0900 UTC;0;1014,1;1014,1;1013,4;103,5;23,6;22,4;23,6;22,4;22,4;21,3;94;93;93;55;3,4;2,1;
2026/01/14;1000 UTC;0;1014,7;1014,7;1014,1;789,4;25,9;22,7;25,9;23,6;23;22,4;93;82;82;47;5,7;2,8;
2026/01/14;1100 UTC;0;1015;1015;1014,7;1657,5;27,7;21,6;27,9;25,9;22,7;21,6;83;69;69;49;7,2;3,7;
2026/01/14;1200 UTC;0;1015,3;1015,3;1015;2514,1;29,6;20,9;29,7;27,6;22,3;20,9;70;60;60;61;8,5;4,7;
2026/01/14;1300 UTC;0;1015,1;1015,3;1015,1;3195,9;30,1;20,2;30,9;29;21,7;20,2;62;55;55;54;10,3;5;
2026/01/14;1400 UTC;0;1014,9;1015,1;1014,9;3692,1;30;20,8;31,3;30;21,7;19,6;58;52;58;65;10,7;5,9;
2026/01/14;1500 UTC;0;1014,6;1014,9;1014,6;3929,6;29,9;21,6;31,1;29,5;21,8;20,2;61;54;61;62;12,1;6,4;
2026/01/14;1600 UTC;0;1014,3;1014,6;1014,3;3908,5;30;21,1;31;29,9;21,6;19,7;61;52;59;56;11,3;6;
2026/01/14;1700 UTC;0;1013,6;1014,3;1013,6;3629,8;30,4;20,4;30,9;29,6;22,2;20,4;63;55;55;54;13,1;7,2;
2026/01/14;1800 UTC;0;1012,8;1013,6;1012,8;3132;29,9;20;30,7;29,8;21;19,3;57;51;55;53;13,6;6,7;
2026/01/14;1900 UTC;0;1012,2;1012,8;1012,1;2435,1;29,1;20,6;30;29,1;20,9;19,8;61;55;60;61;14,4;6,9;
2026/01/14;2000 UTC;0;1012,3;1012,4;1012,1;1583,4;27,9;21;29,1;27,9;21;19,4;66;57;66;61;14,6;7,3;
2026/01/14;2100 UTC;0;1012,6;1012,7;1012,1;685,6;26,8;21,6;27,9;26,8;21,6;21;73;66;73;65;15,9;7,1;
2026/01/14;2200 UTC;0;1012,9;1012,9;1012,6;33,3;25,8;21,3;26,8;25,8;21,6;21;76;73;76;58;13,7;5,7;
2026/01/14;2300 UTC;0;1013,4;1013,4;1012,9;;25,5;21;25,8;25,5;21,4;21;78;76;76;62;12;5,6;
2026/01/15;0000 UTC;0;1013,8;1013,8;1013,4;;25,4;20,5;25,6;25,3;21;20,5;76;74;74;61;12,1;6;
2026/01/15;0100 UTC;0;1014,6;1014,6;1013,8;;25;21,1;25,5;24,8;21,1;20,5;79;74;79;54;11,8;3,9;
2026/01/15;0200 UTC;0;1014,6;1014,7;1014,5;;24,6;20,3;25;24,5;21;20,3;79;77;77;59;8,3;4,3;
2026/01/15;0300 UTC;0;1014,4;1014,6;1014,4;;24,1;20,1;24,6;24;20,3;20;79;77;78;56;8,2;3,9;
2026/01/15;0400 UTC;0;1013,9;1014,4;1013,9;;23,9;20,4;24,1;23,8;20,4;20;81;78;81;61;6,8;3,7;
2026/01/15;0500 UTC;0;1013,7;1013,9;1013,7;;23,9;20,4;24,1;23,8;20,5;20,3;81;80;81;59;6,7;3,8;
2026/01/15;0600 UTC;0;1013,5;1013,8;1013,5;;23,4;20,2;23,9;23,4;20,5;20,1;83;81;82;55;6,7;3;
2026/01/15;0700 UTC;0;1013,7;1013,7;1013,5;;22,3;19,7;23,4;22,2;20,2;19,6;85;82;85;51;5;1,3;
2026/01/15;0800 UTC;0;1014,2;1014,2;1013,7;;21,9;19,8;22,4;21,8;19,9;19,6;88;85;88;68;3,6;2,2;
2026/01/15;0900 UTC;0;1014,9;1014,9;1014,2;102;23;20,7;23;21,6;20,7;19,7;89;87;87;40;3,3;1,8;
2026/01/15;1000 UTC;0;1015,3;1015,3;1014,9;768;26,3;20,6;26,3;23;21,2;20,5;87;71;71;42;5,1;3;
2026/01/15;1100 UTC;0;1015,7;1015,7;1015,3;1663,4;28,2;20,7;28,2;26,2;20,8;19,9;71;63;64;31;7,2;3,9;
2026/01/15;1200 UTC;0;1016,2;1016,2;1015,7;2555,3;29,8;19,9;30;27,9;20,9;19,7;64;55;55;30;8,4;4,1;
2026/01/15;1300 UTC;0;1016,2;1016,3;1016,1;3098,6;30,4;18,1;30,7;29;19,7;17,7;56;47;48;34;9,1;5;
2026/01/15;1400 UTC;0;1015,7;1016,2;1015,6;3643,9;31,2;18,5;31,8;30,4;18,9;17,1;49;42;47;37;9;5,1;
2026/01/15;1500 UTC;0;1015,1;1015,7;1015,1;3523,2;30,9;19,5;31,6;30,2;20,3;17,2;54;43;51;77;10,1;5,2;
2026/01/15;1600 UTC;0;1014,5;1015,1;1014,5;3937,3;31,1;19,1;31,5;30,4;20,2;18,1;52;47;49;72;10,4;5;
2026/01/15;1700 UTC;0;1014;1014,5;1013,9;3656,4;30;18,9;31;29,9;20;18,2;54;48;51;75;10,7;6,4;
2026/01/15;1800 UTC;0;1013,3;1014;1013,3;3139,2;30;19;30,6;29,7;20,2;17,8;55;47;52;63;11,6;5,8;
2026/01/15;1900 UTC;0;1013;1013,3;1013;2440,4;29;19,6;30,1;28,9;20,1;18,7;58;50;57;64;11,8;6,7;
2026/01/15;2000 UTC;0;1013,4;1013,4;1012,9;1578,1;28,1;19,9;29,1;28,1;20;18,7;61;54;61;64;12;5,9;
2026/01/15;2100 UTC;0;1014;1014;1013,4;686,2;26,8;20,6;28,2;26,8;20,6;19,7;69;61;69;63;10,7;5,3;
2026/01/15;2200 UTC;0;1014,4;1014,4;1014;28,5;25,7;21,4;26,8;25,7;21,4;20,6;77;69;77;62;10,1;3,9;
2026/01/15;2300 UTC;0;1015,1;1015,1;1014,4;;24,9;21,9;25,7;24,8;21,9;21,4;83;77;83;67;8;2,7;
2026/01/16;0000 UTC;0;1015,2;1015,3;1015;;24,7;22;24,9;24,6;22;21,8;85;83;85;64;5,8;2,6;
2026/01/16;0100 UTC;0;1015,5;1015,6;1015,2;;24,6;22,1;24,7;24,5;22,2;21,9;86;85;86;57;5,3;2,8;
2026/01/16;0200 UTC;0;1015,1;1015,6;1015,1;;24,2;22;24,6;24,1;22,1;21,8;87;86;87;57;5,2;2,6;
2026/01/16;0300 UTC;0;1014,8;1015,2;1014,8;;23,9;22;24,2;23,8;22;21,8;89;87;89;76;4,9;1,8;
2026/01/16;0400 UTC;0;1014,1;1014,8;1014,1;;23,7;22;23,9;23,5;22;21,8;90;89;90;68;3,7;1,8;
2026/01/16;0500 UTC;0;1013,7;1014,1;1013,7;;23,5;21,7;23,8;23,5;22,1;21,7;90;90;90;53;3,9;1,6;
2026/01/16;0600 UTC;0;1013,5;1013,7;1013,5;;22,9;21,5;23,5;22,9;21,7;21,4;92;90;92;71;2,5;1,6;
2026/01/16;0700 UTC;0;1013,7;1013,7;1013,5;;22,7;21,4;23;22,7;21,6;21,4;92;92;92;50;2,3;1;
2026/01/16;0800 UTC;0;1013,9;1013,9;1013,6;;22,7;21,5;22,9;22,7;21,7;21,4;93;92;93;66;2,6;1,7;
2026/01/16;0900 UTC;0;1014,5;1014,6;1013,9;99;23,4;22;23,4;22,6;22,1;21,4;93;92;92;74;2,8;1,9;
2026/01/16;1000 UTC;0;1015,1;1015,1;1014,5;654,1;26,2;22,2;26,2;23,3;23,3;21,9;92;78;78;48;6,4;2,4;
2026/01/16;1100 UTC;0;1015,2;1015,3;1015,1;1649,4;28,2;20,9;28,4;26,2;22,5;20,3;79;64;64;35;7,3;4,6;
2026/01/16;1200 UTC;0;1015,3;1015,3;1015,2;2410;29,1;20;29,8;28,2;21,3;19,8;64;56;58;48;8,1;4,2;
2026/01/16;1300 UTC;0;1015,2;1015,4;1015,2;3157,7;30,2;19,9;31,2;29,1;21,2;19,7;59;53;54;31;8,3;3,9;
2026/01/16;1400 UTC;0;1014,5;1015,2;1014,5;3184,6;31,4;20,1;31,9;29,7;21,5;19,7;58;51;51;41;8,9;4,4;
2026/01/16;1500 UTC;0;1013,9;1014,6;1013,9;3305;30,5;19,1;31,5;29,8;21,6;19,1;59;50;51;66;9,8;5,8;
2026/01/16;1600 UTC;0;1013,5;1014;1013,5;3881;31;20,3;31,3;30,3;20,3;18,7;54;49;53;69;10,2;4,8;
2026/01/16;1700 UTC;0;1012,8;1013,5;1012,7;3649,2;30,8;20,5;31,3;30,2;20,9;19,2;56;50;54;63;9,8;5,3;
2026/01/16;1800 UTC;0;1012,1;1012,8;1012,1;3145,4;30,1;20,5;31;29,9;21,1;19,7;58;52;57;70;10,5;5,5;
2026/01/16;1900 UTC;0;1011,5;1012,1;1011,5;2367,9;29,4;20,2;30,2;29,1;20,6;19,3;58;54;58;59;10;6;
2026/01/16;2000 UTC;0;1011,5;1011,5;1011,3;1341,8;27,9;20,9;29,7;27,8;21;20,3;66;58;66;63;10,8;5,1;
2026/01/16;2100 UTC;0;1012;1012;1011,5;533,5;26,8;21,7;27,9;26,8;21,8;20,9;74;66;74;68;11,3;4,8;
2026/01/16;2200 UTC;0;1012,4;1012,4;1012;71,4;25,9;22;26,8;25,9;22,1;21,8;79;74;79;59;9,7;3,3;
2026/01/16;2300 UTC;0;1012,4;1012,4;1012,3;;25,6;22,2;25,9;25,6;22,3;22;82;79;81;56;7,5;3,6;
2026/01/17;0000 UTC;0;1012,9;1012,9;1012,4;;25,3;22,1;25,6;25,3;22,2;22,1;83;81;83;59;7,1;2,9;
2026/01/17;0100 UTC;0;1013,3;1013,3;1012,9;;25;22,1;25,4;24,9;22,2;22;84;83;84;58;5,7;2,3;
2026/01/17;0200 UTC;0;1013,1;1013,4;1013,1;;24,8;22,1;25,1;24,7;22,1;21,9;85;83;85;58;5,8;2,8;
2026/01/17;0300 UTC;0;1012,8;1013,1;1012,8;;24,9;21,7;25;24,8;22,1;21,6;85;82;82;54;7,6;3,1;
2026/01/17;0400 UTC;0;1011,8;1012,8;1011,8;;24,8;21,8;24,9;24,6;21,8;21,6;84;82;83;56;6,4;3,4;
2026/01/17;0500 UTC;0;1011,5;1011,8;1011,5;;24,6;21,8;24,9;24,5;21,9;21,8;85;83;85;55;6,3;2,9;
2026/01/17;0600 UTC;0;1011,3;1011,5;1011,2;;24,3;21,8;24,6;24,2;21,9;21,7;86;85;86;47;5,9;2,2;
2026/01/17;0700 UTC;0;1011;1011,3;1011;;24,1;21,7;24,3;24;21,8;21,6;87;86;86;52;4,9;3;
2026/01/17;0800 UTC;0;1011,2;1011,3;1010,9;;23,2;21,3;24,1;23,2;21,7;21,3;89;86;89;13;5,5;1,8;
2026/01/17;0900 UTC;0;1011,6;1011,6;1011,2;90;23,8;21,9;23,8;23;21,9;21,3;91;89;89;34;3,3;2;
2026/01/17;1000 UTC;0;1011,6;1011,7;1011,5;664,1;25,8;21,6;25,8;23,8;22,2;21,3;89;78;78;41;6,4;3,7;
2026/01/17;1100 UTC;0;1011,8;1011,8;1011,6;990,9;26,9;20,9;26,9;25,8;21,8;20,5;78;70;70;38;7;2,7;
2026/01/17;1200 UTC;0;1011,9;1011,9;1011,7;1740,1;29,8;20,8;29,8;26,9;21,2;20;70;59;59;22;6,5;3,4;
2026/01/17;1300 UTC;0;1011,6;1011,9;1011,6;2903,3;30,6;18,9;31;29,8;20,9;18,9;59;49;50;22;6,6;4,3;
2026/01/17;1400 UTC;0;1011;1011,7;1011;3541,5;31,9;18,9;32,5;30,6;20,5;18,1;52;44;46;40;9,2;4,6;
2026/01/17;1500 UTC;0;1010,5;1011,1;1010,4;3827,3;31,4;19,8;33;31,2;20,3;17,5;51;41;50;75;9,2;4,7;
2026/01/17;1600 UTC;0;1009,6;1010,5;1009,6;3945,7;31,7;20,6;32,4;31;21;19,5;53;47;52;77;10,1;5,2;
2026/01/17;1700 UTC;0;1009,2;1009,6;1009,1;3199;30,9;20;31,8;30,4;20,6;19,4;54;49;52;68;10,6;5,9;
2026/01/17;1800 UTC;0;1008,7;1009,2;1008,5;2190,8;29,7;19,1;31,3;29,3;20,1;19,1;56;51;53;66;12,1;6,4;
2026/01/17;1900 UTC;0;1008,2;1008,7;1008,2;2386,1;29;20;30,4;29;20;18,6;58;50;58;63;12,1;6,1;
2026/01/17;2000 UTC;0;1008,2;1008,3;1007,9;1508,3;27,9;20,5;29,2;27,8;20,9;19,9;64;58;64;65;12,8;6,5;
2026/01/17;2100 UTC;0;1008,6;1008,6;1008,2;515,1;26,5;20,7;28,1;26,5;20,7;20;71;62;71;56;11,3;5;
2026/01/17;2200 UTC;0;1009;1009,1;1008,6;34;25,7;21,6;26,5;25,7;21,6;20,8;78;71;78;64;9,6;4;
2026/01/17;2300 UTC;0;1009,4;1009,4;1009;;25,3;21,9;25,7;25,2;21,9;21,5;82;78;82;56;7,4;3,7;
2026/01/18;0000 UTC;0;1009,8;1009,8;1009,4;;25,1;21,9;25,3;25,1;21,9;21,8;83;81;83;54;8,4;4;
2026/01/18;0100 UTC;0;1010,4;1010,4;1009,8;;25;21,8;25,1;24,9;22;21,8;83;82;82;54;6,8;3,3;
2026/01/18;0200 UTC;0;1009,7;1010,5;1009,7;;24,9;21,5;25,1;24,9;21,8;21,5;82;81;81;57;7,1;3,3;
2026/01/18;0300 UTC;0;1009,3;1009,7;1009,3;;24,7;21,4;24,9;24,6;21,5;21,3;82;81;82;49;6,1;2,9;
2026/01/18;0400 UTC;0;1008,6;1009,3;1008,6;;24,1;21,3;24,7;24,1;21,5;21,3;85;82;84;54;5,4;2,5;
2026/01/18;0500 UTC;0;1008,5;1008,7;1008,5;;23,3;21,2;24,1;23,2;21,3;21;88;84;88;32;4,3;1,7;
2026/01/18;0600 UTC;0;1008,1;1008,5;1008,1;;23,1;21;23,3;23;21,3;21;89;88;88;38;3,5;2,1;
2026/01/18;0700 UTC;0;1008,1;1008,1;1008,1;;22,8;20,6;23,2;22,8;21;20,6;88;88;88;51;3,5;1,6;
2026/01/18;0800 UTC;0;1008,2;1008,3;1008;;22,7;20,5;22,8;22,5;20,7;20,5;89;88;88;42;4;2,3;
2026/01/18;0900 UTC;0;1008,8;1008,8;1008,2;133;23,8;20,2;23,8;22,5;20,5;20,2;88;80;80;34;5;2,7;
2026/01/18;1000 UTC;0;1009,5;1009,5;1008,8;462,1;24,6;19,7;24,6;23,8;20,3;19,5;80;73;74;33;5,4;3,1;
2026/01/18;1100 UTC;0;1009,6;1009,7;1009,5;1115,7;27,2;19,2;27,2;24,6;20,3;19,2;74;61;62;32;7,1;4,2;
2026/01/18;1200 UTC;0;1009,8;1009,8;1009,6;1872;28,9;19,9;29;27,2;20,3;19,2;62;58;58;37;7,3;3,6;
2026/01/18;1300 UTC;0;1009,6;1009,8;1009,5;2077,3;29,8;19,6;29,8;28,9;20,3;19,4;59;54;54;35;6,9;3,8;
2026/01/18;1400 UTC;0;1009,1;1009,6;1009,1;2885,9;31;19,5;31,2;29,7;20,2;18,9;55;49;50;36;7,6;3,7;
2026/01/18;1500 UTC;0;1008,5;1009,1;1008,5;3667,2;32,7;20;32,7;30,7;20,9;18,1;52;43;47;50;7,4;3,3;
2026/01/18;1600 UTC;0;1007,9;1008,5;1007,9;2351,3;29,8;19,9;32,7;29,8;20,7;18,9;56;47;55;81;7,9;4,1;
2026/01/18;1700 UTC;0;1007,5;1007,9;1007,5;1504,9;28,5;19,4;29,9;28,5;20,4;19,3;58;55;58;70;9,8;5,9;
2026/01/18;1800 UTC;0;1006,9;1007,5;1006,9;1503,8;28,3;20,1;28,6;28,1;20,4;19,4;62;58;61;64;9,8;5,1;
2026/01/18;1900 UTC;0;1006,8;1006,9;1006,7;753,2;26,9;20;28,5;26,9;20,4;19,6;66;60;66;56;10,3;4,9;
2026/01/18;2000 UTC;0;1007,4;1007,4;1006,8;225,3;26,7;19,6;27;26,7;20,2;19,4;67;63;65;10;8,7;3;
2026/01/18;2100 UTC;0;1006,7;1007,4;1006,6;84;26,1;20,5;26,7;26,1;20,5;19,6;72;65;72;51;7,7;3;
2026/01/18;2200 UTC;0;1006,7;1006,7;1006,6;16,2;25,5;20,8;26,1;25,5;20,9;20,6;75;72;75;54;6,6;3,2;
2026/01/18;2300 UTC;0;1007,3;1007,3;1006,7;;25,3;20,7;25,5;25,1;20,8;20,6;76;75;76;41;6,6;2,7;
2026/01/19;0000 UTC;0;1007,7;1007,7;1007,3;;25;20,6;25,3;25;20,7;20,6;77;76;76;50;5,7;1,9;
2026/01/19;0100 UTC;0;1007,6;1007,9;1007,6;;24,4;21,1;25,1;24,3;21,1;20,6;82;76;82;68;4,4;2,2;
2026/01/19;0200 UTC;0;1007,4;1007,6;1007,4;;24,1;21,1;24,6;24,1;21,3;21,1;83;81;83;56;5,2;2,3;
2026/01/19;0300 UTC;0;1007;1007,4;1007;;23,3;21;24,1;23,3;21,1;20,9;87;83;87;58;4,3;1,6;
2026/01/19;0400 UTC;0;1006,3;1007;1006,3;;22,3;20,7;23,4;22,3;21,2;20,6;90;87;90;12;3,2;1,2;
2026/01/19;0500 UTC;0;1005,8;1006,3;1005,7;;21,8;20,3;22,3;21,6;20,6;20,1;91;90;91;28;3,1;1,4;
2026/01/19;0600 UTC;0;1005,4;1005,9;1005,4;;22,3;20,5;22,3;21,7;20,5;20,2;91;90;90;19;3,9;2,1;
2026/01/19;0700 UTC;0;1004,7;1005,4;1004,7;;21,9;20,1;22,4;21,8;20,6;20;90;89;90;35;3,9;2,3;
2026/01/19;0800 UTC;0;1005;1005;1004,7;;21,9;20,3;22,1;21,8;20,5;20,1;91;90;91;57;3,7;2,1;
2026/01/19;0900 UTC;0;1005,4;1005,4;1004,9;82;23,1;20,8;23,1;21,9;21;20,4;91;87;87;46;3,5;1,9;
2026/01/19;1000 UTC;0;1006,3;1006,3;1005,3;514,7;24,7;21;24,7;22,9;21,2;20,6;87;80;80;28;5;2;
2026/01/19;1100 UTC;0;1006,3;1006,4;1006,2;1085;26,8;20,9;26,9;24,7;21,3;20,8;80;70;70;24;5;3;
2026/01/19;1200 UTC;0;1006,1;1006,4;1006,1;1469,9;29,3;21,5;29,3;26,8;21,5;20,6;71;62;63;2;5,6;3,4;
2026/01/19;1300 UTC;0;1005,7;1006,1;1005,7;2904,9;31,1;19,1;31,5;29,2;20,9;18,7;63;48;49;329;9,3;4,7;
2026/01/19;1400 UTC;0;1005,4;1005,8;1005,4;3767,2;32,3;19,3;32,6;30,6;20,3;18,5;51;45;46;357;9,3;3,9;
2026/01/19;1500 UTC;0;1004,8;1005,5;1004,8;2808,3;32,8;18,8;33,3;30,9;20,4;18,8;51;43;44;2;11,2;5,4;
2026/01/19;1600 UTC;0;1004,2;1004,8;1004,2;3904;33,2;19,8;34,9;32,5;20,9;18,8;46;41;45;29;11,2;3,9;
2026/01/19;1700 UTC;0;1003,7;1004,2;1003,7;1856,6;29,9;20,5;34,3;29,9;20,9;18,4;58;41;57;61;9,6;4,6;
2026/01/19;1800 UTC;0;1003,3;1003,6;1003,3;1780,7;29,4;20,3;31,3;29,4;21,2;19,7;58;53;58;69;8,9;5;
2026/01/19;1900 UTC;0;1002,7;1003,3;1002,7;1071,9;28,9;22,3;30,2;28,7;22,3;20,4;68;58;68;69;8,9;4;
2026/01/19;2000 UTC;0;1002,6;1002,7;1002,5;954,1;28,5;21,7;29,8;28,5;22,4;21,5;68;62;67;50;11,4;6,4;
2026/01/19;2100 UTC;0;1003,1;1003,1;1002,5;372,1;27,9;20,7;28,8;27,9;22;20,7;67;63;65;53;10,6;4,7;
2026/01/19;2200 UTC;0;1003,4;1003,5;1003,1;29,1;26;20,9;27,9;26;21;20,7;73;65;73;63;8,2;3,2;
2026/01/19;2300 UTC;0;1004,3;1004,3;1003,4;;25,9;21,4;26;25,6;21,5;20,9;77;73;76;47;6;2,7;
2026/01/20;0000 UTC;0;1004,1;1004,4;1004,1;;26,1;21,7;26,1;25,9;21,7;21,4;77;76;77;38;5,9;2,6;
2026/01/20;0100 UTC;0;1004,8;1004,8;1004,1;;25,8;21,8;26,1;25,8;21,9;21,6;79;77;79;34;4,6;2,6;
2026/01/20;0200 UTC;0;1005,1;1005,1;1004,8;;25,3;22,3;25,8;25,3;22,3;21,8;83;79;83;35;4,4;1,5;
2026/01/20;0300 UTC;,2;1004,8;1005,1;1004,7;;24,6;22,4;25,5;24,6;22,5;22,3;87;83;87;46;3,8;2,2;
2026/01/20;0400 UTC;,8;1004,1;1004,9;1004,1;;24;22,3;24,6;24;22,5;22,3;90;87;90;67;3,8;1,4;
2026/01/20;0500 UTC;,4;1004,6;1004,6;1004;;23,7;22,1;24;23,6;22,3;22;91;90;90;80;5,4;1,3;
2026/01/20;0600 UTC;2,2;1004,7;1004,8;1004,6;;23,4;22;23,8;23,4;22,1;21,9;92;90;92;181;2,5;,9;
2026/01/20;0700 UTC;0;1004,8;1004,8;1004,5;;23,4;22,1;23,5;23,3;22,1;22;93;92;92;192;7,2;2,6;
2026/01/20;0800 UTC;,2;1006;1006;1004,8;;23,2;22;23,4;23,1;22,1;21,8;93;92;93;187;6,8;2,1;
2026/01/20;0900 UTC;1,2;1006,9;1006,9;1006;9;23,1;21,9;23,2;23,1;22;21,9;93;93;93;168;5,2;1,9;
2026/01/20;1000 UTC;2,8;1007,4;1007,5;1006,9;51,1;23,2;22,1;23,2;23,1;22,1;21,9;93;93;93;156;5,2;1,9;
2026/01/20;1100 UTC;3;1008,3;1008,3;1007,4;91,6;23;21,9;23,3;23;22,1;21,9;93;93;93;185;4,6;1,6;
2026/01/20;1200 UTC;9,6;1008,9;1008,9;1008,3;164;22,5;21,5;23,1;22,2;22;21,2;94;93;94;217;6;2,4;
2026/01/20;1300 UTC;15,4;1009,5;1009,6;1008,9;274;22,6;21,6;22,6;22,1;21,6;21,2;95;94;95;209;4,7;1,6;
2026/01/20;1400 UTC;1,4;1009,4;1009,6;1009,4;555,6;23,2;22,2;23,4;22,6;22,4;21,7;95;94;94;217;5,8;2,8;
2026/01/20;1500 UTC;1,4;1009,3;1009,4;1009,2;675,3;23,1;21,9;23,4;23;22,3;21,8;94;93;93;219;6,7;4,4;
2026/01/20;1600 UTC;,4;1009,3;1009,4;1009,2;728,6;23,3;21,8;23,8;23,1;22,6;21,8;93;91;91;204;6,7;2,7;
2026/01/20;1700 UTC;3,4;1009,2;1009,3;1009,1;794,3;23,3;21,9;23,7;23,1;22,4;21,6;93;91;92;204;7,4;2,6;
2026/01/20;1800 UTC;3,6;1008,8;1009,2;1008,7;541,3;22,8;21,4;23,4;22,7;22,1;21,2;93;91;92;211;11,3;4,9;
2026/01/20;1900 UTC;,4;1009;1009;1008,6;1011,6;23,3;21,5;23,3;22,8;21,8;21,3;92;89;90;210;11,4;4,6;
2026/01/20;2000 UTC;0;1009;1009;1008,6;459,9;23,1;20,9;23,4;23,1;21,5;20,8;90;86;88;205;11,5;4,2;
2026/01/20;2100 UTC;0;1009,3;1009,3;1008,9;147,6;22,4;20,9;23,1;22,4;21,1;20,9;91;88;91;202;9,3;3,9;
2026/01/20;2200 UTC;,2;1010;1010;1009,3;16,7;21,8;20,5;22,4;21,8;20,9;20,5;92;91;92;219;9;3,7;
2026/01/20;2300 UTC;,8;1010,8;1010,9;1010;;21,9;20,8;21,9;21,8;20,8;20,5;93;92;93;215;8,2;4,5;
2026/01/21;0000 UTC;1;1011,2;1011,2;1010,8;;21,9;20,8;21,9;21,8;20,8;20,8;94;93;94;214;8,2;3,3;
2026/01/21;0100 UTC;2,6;1011,6;1011,6;1011,2;;21,8;20,8;21,9;21,8;20,8;20,8;94;94;94;212;7,1;2,9;
2026/01/21;0200 UTC;1,2;1011,6;1011,6;1011,5;;21,4;20,5;21,8;21,4;20,8;20,5;94;94;94;244;6,5;1,9;
2026/01/21;0300 UTC;1,6;1011,2;1011,6;1011,2;;20,9;19,9;21,4;20,9;20,5;19,9;94;94;94;237;4,9;2,8;
2026/01/21;0400 UTC;1,2;1010,6;1011,2;1010,6;;20,6;19,5;20,9;20,6;19,9;19,5;94;93;93;243;5,8;2,7;
2026/01/21;0500 UTC;,4;1010,2;1010,6;1010,2;;20,6;19,2;20,8;20,6;19,6;19,2;93;92;92;239;5,8;2,7;
2026/01/21;0600 UTC;,2;1009,8;1010,2;1009,8;;20,6;19,4;20,6;20,5;19,4;19,2;93;92;93;317;4,6;1,3;
2026/01/21;0700 UTC;,2;1009,9;1009,9;1009,7;;20,9;19,8;20,9;20,6;19,8;19,4;93;93;93;276;2,3;,8;
2026/01/21;0800 UTC;0;1010,2;1010,2;1009,9;;21;20;21,1;20,9;20;19,8;94;93;94;355;2;1,1;
2026/01/21;0900 UTC;0;1011,2;1011,2;1010,2;9,6;21;20;21;21;20;19,9;94;94;94;333;2,7;1,4;
2026/01/21;1000 UTC;,2;1011,5;1011,5;1011,2;163,2;21,6;20,5;21,6;21;20,6;20;94;94;94;6;2,6;,6;
2026/01/21;1100 UTC;0;1012,1;1012,1;1011,5;830,9;23,4;20,6;23,5;21,5;21,5;20,4;94;84;84;272;3,1;1,7;
2026/01/21;1200 UTC;0;1012,1;1012,2;1012,1;1462,1;24,7;19;24,7;23,3;20,7;18;85;68;71;233;4,9;2,7;
2026/01/21;1300 UTC;0;1012,6;1012,6;1012;1799,9;25,9;19;25,9;24,5;19,4;17,6;72;65;66;217;6,5;2,4;
2026/01/21;1400 UTC;0;1012,6;1012,6;1012,5;1336,2;24,9;17,8;26;24,7;19,1;17,6;68;62;65;216;6,8;2,7;
2026/01/21;1500 UTC;0;1012,8;1012,8;1012,6;623,5;23,1;19,2;24,9;23;19,2;17,5;79;65;79;235;5,7;2,9;
2026/01/21;1600 UTC;,4;1012,7;1012,9;1012,7;699,4;21,6;19,6;23,1;21,5;19,8;18,9;89;78;89;240;5,5;2,2;
2026/01/21;1700 UTC;,2;1012;1012,7;1012;629,9;21,3;19,9;21,6;21,1;20;19,3;92;89;92;215;6,4;3,1;
2026/01/21;1800 UTC;2,6;1011,9;1012,1;1011,9;349,5;21,2;20;21,3;20,9;20;19,5;93;91;93;214;6;2,7;
2026/01/21;1900 UTC;0;1011,3;1011,9;1011,3;487;21,4;20;21,5;21,1;20,2;19,9;93;92;92;203;6,2;2,5;
2026/01/21;2000 UTC;0;1011,5;1011,5;1011,3;198,7;21,5;20,2;21,5;21,3;20,2;19,9;92;92;92;208;6,6;2;
2026/01/21;2100 UTC;0;1011,9;1011,9;1011,5;99,4;21;19,8;21,5;21;20,2;19,8;93;92;93;221;6,2;3,6;
2026/01/21;2200 UTC;1;1012,7;1012,7;1011,9;6,5;20,5;19,5;21;20,5;19,9;19,5;94;93;94;229;6,5;3,3;
2026/01/21;2300 UTC;3,4;1013,4;1013,4;1012,7;;20,3;19,3;20,5;20,3;19,5;19,3;94;94;94;223;5,9;3,2;
2026/01/22;0000 UTC;3,4;1013,8;1013,8;1013,4;;20,3;19,4;20,3;20,2;19,4;19,3;95;94;95;217;6,1;3;
2026/01/22;0100 UTC;1,6;1013,8;1014;1013,8;;20,3;19,4;20,3;20,2;19,4;19,4;95;95;95;221;5,7;3,2;
2026/01/22;0200 UTC;0;1013,6;1013,9;1013,5;;19,9;19,1;20,3;19,9;19,5;19,1;95;95;95;216;8;4,5;
2026/01/22;0300 UTC;0;1013,3;1013,6;1013,3;,1;19,3;18,4;19,9;19,3;19;18,4;95;95;95;215;7,7;3,3;
2026/01/22;0400 UTC;0;1012,5;1013,3;1012,5;0;19;18,1;19,3;19;18,5;18,1;95;95;95;217;7;4,3;
2026/01/22;0500 UTC;0;1012,1;1012,5;1012,1;;19,1;18,2;19,1;18,9;18,2;18,1;95;95;95;213;7;3,1;
2026/01/22;0600 UTC;0;1011,5;1012;1011,5;;19,2;18,3;19,2;19;18,3;18,2;95;95;95;210;5,7;2,9;
2026/01/22;0700 UTC;0;1011,3;1011,5;1011,2;,2;19,5;18,5;19,5;19,2;18,5;18,3;95;94;94;225;5,5;1,8;
2026/01/22;0800 UTC;0;1011,4;1011,4;1011,2;,5;19,7;18,7;19,7;19,5;18,7;18,5;94;94;94;232;3,3;1,7;
2026/01/22;0900 UTC;0;1012;1012;1011,4;28,5;20,1;19,1;20,1;19,7;19,1;18,7;94;94;94;225;3;1;
2026/01/22;1000 UTC;,2;1012,8;1012,8;1012;167,6;20,7;19,6;20,7;20,1;19,6;19,1;94;93;93;220;3,6;2,1;
2026/01/22;1100 UTC;0;1013,6;1013,6;1012,8;461,6;21,6;20,1;21,8;20,7;20,3;19,5;93;91;91;246;3,6;1,4;
2026/01/22;1200 UTC;0;1014,1;1014,1;1013,6;571,1;22,2;20,5;22,2;21,6;20,5;20;91;90;90;260;2,9;1,1;
2026/01/22;1300 UTC;1;1014;1014,2;1013,9;764,8;22,5;20,6;22,6;22,1;20,9;20,2;90;88;89;194;2,2;1,2;
2026/01/22;1400 UTC;,2;1013,4;1014;1013,4;976,8;23;20,8;23;22,5;21,2;20,5;90;87;88;228;3,3;2,4;
2026/01/22;1500 UTC;0;1013,4;1013,5;1013,4;1095,3;23,6;20,6;23,6;22,9;21;20,2;87;84;84;286;3,3;,8;
2026/01/22;1600 UTC;,6;1012,9;1013,5;1012,9;876,6;23;20,8;23,5;22,9;21,2;20;88;83;87;216;2,2;1,5;
2026/01/22;1700 UTC;,6;1012,6;1012,9;1012,6;784,3;23,1;21,6;23,2;22,8;21,7;21;92;87;91;189;3,7;1,4;
2026/01/22;1800 UTC;,2;1012,5;1012,6;1012,4;990,9;23,5;21,6;23,5;22,9;21,8;21,2;91;88;89;201;3,7;1,3;
2026/01/22;1900 UTC;,2;1012,2;1012,5;1012,2;531,4;23;21,1;23,7;23;21,7;20,9;90;87;89;178;2,7;1;
2026/01/22;2000 UTC;,8;1012,2;1012,3;1012;257,1;22,6;21,1;23,1;22,6;21,2;21;91;89;91;147;1,9;,7;
2026/01/22;2100 UTC;,8;1012;1012,2;1011,9;128,2;22,3;21;22,8;22,3;21,3;21;92;91;92;96;2,8;1,7;
2026/01/22;2200 UTC;0;1012,2;1012,2;1011,9;16,3;22;20,8;22,3;22;21;20,8;93;92;93;54;4,8;1,5;
2026/01/22;2300 UTC;,6;1012,8;1012,8;1012,2;;22;21;22;21,9;21;20,8;94;93;94;51;3;2,1;
2026/01/23;0000 UTC;,4;1013,3;1013,3;1012,8;;21,5;20,5;22,1;21,5;21,1;20,5;94;94;94;328;3,5;1,3;
2026/01/23;0100 UTC;,4;1013,8;1013,8;1013,3;;21,4;20,4;21,6;21,3;20,6;20,3;94;94;94;209;2,1;,3;
2026/01/23;0200 UTC;,6;1013,8;1014;1013,8;;21,2;20,2;21,4;21,2;20,4;20,2;94;94;94;351;1,4;,3;
2026/01/23;0300 UTC;,6;1013;1013,9;1013;;21,3;20,3;21,4;21,2;20,4;20,2;94;94;94;277;1,3;,8;
2026/01/23;0400 UTC;,8;1012,3;1013;1012,3;;21;20,1;21,3;21;20,3;20,1;95;94;95;301;1,6;,5;
2026/01/23;0500 UTC;,2;1011,4;1012,3;1011,4;;20,8;20;21,1;20,8;20,2;20;95;95;95;100;1,1;,7;
2026/01/23;0600 UTC;,4;1011,5;1011,5;1011,2;;20,9;20;20,9;20,8;20,1;19,9;95;95;95;290;1,3;,7;
2026/01/23;0700 UTC;,4;1011,5;1011,6;1011,4;;21;20,1;21;20,9;20,2;20;95;95;95;330;1,3;,5;
2026/01/23;0800 UTC;0;1012;1012;1011,5;;20,8;19,9;21;20,6;20,1;19,8;95;95;95;304;1,2;,7;
2026/01/23;0900 UTC;,8;1012,7;1012,7;1012;13,1;20,7;19,9;20,8;20,7;20;19,8;95;95;95;309;1,6;,9;
2026/01/23;1000 UTC;,8;1013,2;1013,2;1012,7;120,7;20,9;20;20,9;20,6;20,1;19,7;95;95;95;328;1,8;,5;
2026/01/23;1100 UTC;,2;1013,5;1013,5;1013,1;240,9;21,5;20,6;21,5;20,8;20,6;20;95;95;95;239;1;,3;
2026/01/23;1200 UTC;,2;1013,8;1013,8;1013,5;471,3;22;21;22;21,3;21;20,5;95;94;94;295;1,5;,6;
2026/01/23;1300 UTC;0;1013,8;1013,9;1013,8;670,7;22,7;21,6;22,7;21,9;21,6;21;95;93;94;179;1,8;,6;
2026/01/23;1400 UTC;,2;1013,7;1013,8;1013,5;629,8;22,8;21,3;22,9;22,5;21,7;21;94;91;91;168;3,6;,8;
2026/01/23;1500 UTC;,2;1013,3;1013,7;1013,3;709,8;23,4;21,4;23,7;22,8;21,9;21;91;88;88;139;2,1;,5;
2026/01/23;1600 UTC;0;1012,6;1013,3;1012,6;740,9;23,5;21,4;23,7;23,4;21,7;21;89;86;88;81;3;1,7;
2026/01/23;1700 UTC;,6;1012,4;1012,7;1012,3;682,7;23,9;21,7;24,2;23,4;22,2;21,4;90;88;88;349;3,3;,8;
2026/01/23;1800 UTC;2;1012;1012,5;1012;468,9;23,2;21,8;24,2;23,2;22;21,6;92;87;92;208;2,7;,9;
2026/01/23;1900 UTC;1,4;1011,7;1012;1011,7;347,5;23,3;22;23,5;23,2;22,3;21,8;93;92;93;138;2,1;1,1;
2026/01/23;2000 UTC;,6;1011,7;1011,8;1011,5;356;23,6;22,2;23,6;23,2;22,2;22;93;92;92;134;3,3;1,3;
2026/01/23;2100 UTC;,2;1012,1;1012,1;1011,7;173,7;23,1;21,7;23,7;23,1;22,3;21,7;92;92;92;155;3,4;1,4;
2026/01/23;2200 UTC;,4;1012,5;1012,6;1012,1;1,6;22,5;21,3;23,1;22,5;21,7;21,3;93;92;93;148;3,6;1,5;
2026/01/23;2300 UTC;,6;1012,7;1012,8;1012,4;;22,2;21,1;22,5;22,2;21,4;21,1;94;93;94;139;3;1,8;
2026/01/24;0000 UTC;,6;1012,9;1012,9;1012,7;;22,2;21,1;22,2;22;21,1;21;94;94;94;128;3,4;1,5;
2026/01/24;0100 UTC;0;1013,3;1013,4;1012,9;;22,1;21,1;22,2;22,1;21,2;21,1;94;94;94;241;3;1,2;
2026/01/24;0200 UTC;0;1013,2;1013,4;1013,2;;21,9;21;22,1;21,9;21,1;21;94;94;94;225;2,3;1;
2026/01/24;0300 UTC;0;1012,6;1013,2;1012,6;;22,2;21,2;22,2;21,9;21,2;21;95;94;95;225;1,7;1;
2026/01/24;0400 UTC;0;1012,3;1012,7;1012,3;;22,2;21,3;22,2;22,1;21,3;21,2;95;95;95;246;2,4;1,3;
2026/01/24;0500 UTC;0;1011,7;1012,3;1011,7;;22,3;21,4;22,3;22,2;21,5;21,3;95;95;95;137;2,2;,9;
2026/01/24;0600 UTC;0;1011,7;1011,8;1011,7;;22,4;21,5;22,4;22,3;21,6;21,4;95;95;95;224;1,7;1,1;
2026/01/24;0700 UTC;0;1011,6;1011,7;1011,4;;22,3;21,5;22,4;22,3;21,5;21,4;95;95;95;273;1,7;,7;
2026/01/24;0800 UTC;0;1011,7;1011,7;1011,4;;22,2;21,4;22,3;22,2;21,5;21,4;95;95;95;208;1;,6;
2026/01/24;0900 UTC;0;1012,1;1012,1;1011,7;41,8;22,4;21,5;22,4;22,1;21,5;21,3;95;95;95;109;2;,6;
2026/01/24;1000 UTC;0;1012,6;1012,6;1012,1;495,1;23,8;22,9;23,8;22,4;22,9;21,5;95;95;95;91;1,4;,7;
2026/01/24;1100 UTC;0;1013,4;1013,4;1012,6;749,8;24,6;22,9;24,8;23,8;23,5;22,9;95;90;90;12;3,1;1,8;
2026/01/24;1200 UTC;,2;1013,5;1013,7;1013,4;1177,9;25,8;22,8;25,9;24,6;23,3;22,4;90;83;84;53;4,4;2,3;
2026/01/24;1300 UTC;0;1013,6;1013,7;1013,4;1902,5;27,2;22,6;27,7;25,6;23,4;22,2;84;75;76;27;5;2,8;
2026/01/24;1400 UTC;0;1013,4;1013,7;1013,4;2050,3;27,6;22,1;28;27,1;23;22,1;77;72;72;8;4,9;2;
2026/01/24;1500 UTC;0;1012,9;1013,4;1012,9;2301,7;29,3;22,3;30;27,6;23,2;21,8;73;64;66;349;3,7;2;
2026/01/24;1600 UTC;0;1012,4;1012,9;1012,4;2548,9;29,8;22,6;30,8;29,2;23,6;21,8;68;62;66;85;4,8;1,7;
2026/01/24;1700 UTC;0;1012,3;1012,4;1011,9;1579,5;28,4;22,1;30,3;28,4;23,5;22;70;65;69;70;6;3,3;
2026/01/24;1800 UTC;6,8;1012,2;1012,5;1012,2;349,9;24,6;23;28,4;24;23,3;21,2;91;69;91;62;8,1;2,6;
2026/01/24;1900 UTC;,2;1012;1012,3;1012;571;25,5;23,3;25,5;24,6;23,6;23;92;88;88;81;4,9;2,6;
2026/01/24;2000 UTC;0;1012,2;1012,2;1012;329,7;25,3;22,6;25,5;25,2;23,3;22,6;88;85;85;66;5,7;2,8;
2026/01/24;2100 UTC;0;1012,6;1012,6;1012,2;195,8;25,1;22,3;25,3;25;22,6;22,3;85;84;85;62;6,1;2,2;
2026/01/24;2200 UTC;0;1013,3;1013,3;1012,6;22,3;24,8;22,4;25,2;24,8;22,4;22,1;86;84;86;40;5,6;2,3;
2026/01/24;2300 UTC;0;1013,8;1013,9;1013,3;;24,5;22,5;24,8;24,5;22,6;22,4;89;86;89;56;4;,9;
2026/01/25;0000 UTC;0;1013,2;1013,8;1013,2;;24,5;22,8;24,5;24,4;22,8;22,5;91;89;91;65;5,5;2,6;
2026/01/25;0100 UTC;,2;1014,2;1014,2;1013,2;;24;22,5;24,6;24;22,8;22,4;91;90;91;278;5,5;,7;
2026/01/25;0200 UTC;0;1014,1;1014,3;1013,9;;23,7;22,4;24,1;23,6;22,7;22,1;92;91;92;70;1,7;,4;
2026/01/25;0300 UTC;0;1014,1;1014,1;1014;;23,4;22,2;23,7;23,4;22,5;22,1;93;92;93;156;1,5;,5;
2026/01/25;0400 UTC;0;1013,6;1014,1;1013,6;;23,5;22,3;23,6;23,1;22,5;22;94;93;93;130;2,4;,8;
2026/01/25;0500 UTC;0;1012,9;1013,6;1012,9;;23,2;22;23,5;23,2;22,4;22;93;93;93;99;2,2;,9;
2026/01/25;0600 UTC;0;1012,7;1012,9;1012,6;;22,8;21,7;23,2;22,8;22,1;21,6;93;93;93;68;3;1,4;
2026/01/25;0700 UTC;0;1012,9;1012,9;1012,5;;22,5;21,5;23;22,4;21,9;21,3;94;93;94;57;3;1,8;
2026/01/25;0800 UTC;0;1013,3;1013,3;1012,8;;22;21;22,6;22;21,5;20,9;94;94;94;329;3;1,2;
2026/01/25;0900 UTC;0;1013,9;1013,9;1013,3;92,9;22,9;22;22,9;22;22;21;95;94;94;46;1,7;,9;
2026/01/25;1000 UTC;0;1014,5;1014,5;1013,9;550,5;24,8;23,1;24,8;22,9;23,6;22;94;90;90;42;1,9;1,1;
2026/01/25;1100 UTC;0;1014,9;1014,9;1014,5;1589,9;26,8;22,4;26,9;24,7;23,4;22,2;90;77;77;37;4,5;2;
2026/01/25;1200 UTC;0;1015,3;1015,3;1014,9;2443,8;28,2;22,3;28,3;26,8;23;21,8;77;70;70;22;5,3;3,1;
2026/01/25;1300 UTC;0;1015,3;1015,5;1015,3;2410,1;28,8;22,2;28,9;28,1;23;22,1;72;68;68;18;7,2;3,9;
2026/01/25;1400 UTC;0;1014,8;1015,4;1014,8;3367,2;30,2;22,7;30,6;28,8;23,4;21,6;70;61;64;9;7,2;3,2;
2026/01/25;1500 UTC;0;1014,3;1014,8;1014,3;3757,9;31,1;22,4;31,5;30,2;23,4;21,2;64;56;60;30;6;3,3;
2026/01/25;1600 UTC;0;1013,6;1014,3;1013,6;4109,7;31,7;21,8;32,8;30,9;23,1;20,9;60;53;56;50;5,9;2,3;
2026/01/25;1700 UTC;0;1013,3;1013,6;1013,2;3302,2;29,7;21,9;32,1;29,7;23,2;20,9;65;53;63;61;10,7;5,6;
2026/01/25;1800 UTC;0;1012,7;1013,3;1012,7;2732,4;28,5;21,6;29,9;28,1;23,1;21,4;70;61;67;56;12;6,7;
2026/01/25;1900 UTC;0;1012,3;1012,8;1012,2;1996,9;29,1;20,2;29,5;28,3;21,9;20,2;67;59;59;59;12,5;5,4;
2026/01/25;2000 UTC;0;1012,8;1012,8;1012,2;1512,6;28,1;19,9;29,1;28,1;20,4;19,4;61;57;61;57;10,9;4,8;
2026/01/25;2100 UTC;0;1013,8;1013,8;1012,8;279,2;26,5;20,8;28,1;26,3;20,9;19,7;72;61;71;73;9,3;3,8;
2026/01/25;2200 UTC;0;1014,2;1014,2;1013,8;13,1;25,3;22;26,5;25,3;22;20,9;82;71;82;77;7,6;3,3;
2026/01/25;2300 UTC;0;1014,4;1014,4;1014,2;;24,9;21,9;25,3;24,9;22,3;21,9;84;82;83;74;5,7;2,8;
2026/01/26;0000 UTC;0;1014,9;1014,9;1014,4;;24,7;22,1;25;24,6;22,2;21,7;86;83;85;73;5,2;2,3;
2026/01/26;0100 UTC;0;1015,9;1015,9;1014,9;;24,5;21,7;24,7;24,3;22,1;21,5;86;84;84;90;4,2;1,1;
2026/01/26;0200 UTC;0;1015,1;1015,9;1015,1;;24,5;22,3;24,5;24,2;22,4;21,6;88;84;88;75;4;2,5;
2026/01/26;0300 UTC;0;1014,6;1015,1;1014,6;;24,7;22,3;24,8;24,5;22,5;22,3;88;86;87;61;7,6;3,9;
2026/01/26;0400 UTC;0;1014,2;1014,6;1014,2;;24,6;22,6;24,8;24,6;22,7;22,3;89;87;89;61;7,8;4,3;
2026/01/26;0500 UTC;0;1014;1014,2;1014;;24,5;22,5;24,7;24,5;22,7;22,5;89;88;89;69;7,8;3,6;
2026/01/26;0600 UTC;0;1013,7;1014;1013,7;;24,2;22,5;24,5;24,2;22,6;22,4;90;89;90;67;7;3,6;
2026/01/26;0700 UTC;0;1013,6;1013,8;1013,6;;24,2;22,2;24,3;24,1;22,5;22,2;90;89;89;69;7,5;4;
2026/01/26;0800 UTC;0;1014,2;1014,2;1013,6;;23,9;21,9;24,2;23,9;22,2;21,9;89;88;89;67;6,9;3,4;
2026/01/26;0900 UTC;0;1014,9;1014,9;1014,2;77;24,1;22;24,2;23,8;22,1;21,8;89;88;88;35;5,9;2,5;
2026/01/26;1000 UTC;0;1015,5;1015,5;1014,9;600;25,3;21,9;25,9;24;22,8;21,9;88;80;81;17;4,7;2,4;
2026/01/26;1100 UTC;0;1015,7;1015,7;1015,4;1406,9;27,4;21,8;27,6;25,2;22,6;21,8;82;71;71;17;4,4;2,6;
2026/01/26;1200 UTC;0;1016,2;1016,2;1015,7;2423,8;29,4;19,6;29,7;27,3;22,5;19,6;73;55;56;41;6,8;3,7;
2026/01/26;1300 UTC;0;1016,2;1016,3;1016,1;3108;30,2;18,9;31;29,4;21;18,4;59;48;51;41;7,6;4,3;
2026/01/26;1400 UTC;0;1015,8;1016,2;1015,8;3607;31,2;18,6;31,5;30,2;19,9;17,7;52;44;47;47;8,4;3,8;
2026/01/26;1500 UTC;0;1015,4;1015,8;1015,4;3910,5;30,5;19,8;31,7;30,3;20,3;17,7;54;44;53;73;9,6;5,7;
2026/01/26;1600 UTC;0;1014,9;1015,4;1014,9;3934;30,4;19,1;31;30,2;20,9;18,7;56;50;51;75;9,9;5,6;
2026/01/26;1700 UTC;0;1014,5;1014,9;1014,5;3673,7;30,2;20,5;30,7;29,8;20,7;18,6;56;50;56;58;10,3;5,1;
2026/01/26;1800 UTC;0;1013,9;1014,5;1013,9;3190,5;29,9;18;30,6;29,9;21;17,9;57;48;49;62;9,9;5,6;
2026/01/26;1900 UTC;0;1013,8;1013,9;1013,7;2481,5;29,3;19;30,2;29,2;19;17,7;54;48;54;61;10,6;5,7;
2026/01/26;2000 UTC;0;1014,1;1014,1;1013,7;1640,6;28,2;19,7;29,3;28,1;19,9;18,5;61;53;60;70;10,6;5,3;
2026/01/26;2100 UTC;0;1014,2;1014,3;1014,1;704,1;26,6;20,3;28,2;26,6;20,3;19,3;68;59;68;66;9,9;4,2;
2026/01/26;2200 UTC;0;1014,5;1014,5;1014,2;22,2;25;21,4;26,6;25;21,4;20,3;80;68;80;76;8,3;2,5;
2026/01/26;2300 UTC;0;1015,3;1015,3;1014,5;;24,1;21,8;25,1;24;21,8;21,3;87;80;87;75;4,5;1,9;
2026/01/27;0000 UTC;0;1015,7;1015,7;1015,3;;23,8;21,6;24,1;23,7;21,8;21,5;88;87;88;70;3,2;1;
2026/01/27;0100 UTC;0;1016;1016;1015,7;;23,5;21,6;23,8;23,5;21,7;21,4;89;88;89;80;2,3;,5;
2026/01/27;0200 UTC;0;1015,5;1016,1;1015,5;;23;21,2;23,7;23;21,7;21,2;90;89;90;65;3,2;1,3;
2026/01/27;0300 UTC;0;1015;1015,5;1015;;23,3;21,8;23,3;22,6;21,8;21;92;90;91;94;2,8;1,5;
2026/01/27;0400 UTC;0;1014,5;1015;1014,5;;23,3;21,7;23,7;23,3;22,2;21,7;91;90;91;92;3,4;1,6;
2026/01/27;0500 UTC;0;1013,7;1014,5;1013,7;;22,7;21,5;23,3;22,7;21,7;21,3;93;91;93;76;3,9;2,6;
2026/01/27;0600 UTC;0;1013,7;1013,7;1013,6;;22,7;21,4;22,9;22,6;21,7;21,4;93;92;92;86;3,6;1,2;
2026/01/27;0700 UTC;0;1014;1014;1013,7;;22,5;21,2;22,8;22,4;21,5;21,2;93;92;92;84;3,1;2;
2026/01/27;0800 UTC;0;1014,5;1014,5;1014;;22,4;21,1;22,5;22,3;21,2;21;92;92;92;88;3,1;1,8;
2026/01/27;0900 UTC;0;1015,2;1015,2;1014,5;67,5;22,9;21,2;22,9;22,1;21,2;20,8;92;90;90;71;3,2;2,1;
2026/01/27;1000 UTC;0;1015,8;1015,8;1015,2;685,9;25,6;21,2;25,6;22,9;21,5;21,1;90;76;77;51;4,5;2,2;
2026/01/27;1100 UTC;0;1016,1;1016,1;1015,7;1591,8;27,3;19,7;27,4;25,6;21,4;19,5;77;62;63;47;7;3,8;
2026/01/27;1200 UTC;0;1016,2;1016,2;1016;2466,3;28,8;19,3;29;27,3;20,3;19;64;56;57;42;7,8;4,3;
2026/01/27;1300 UTC;0;1016;1016,3;1016;3070,8;30,3;19,9;30,5;28,8;20,2;18,6;59;52;54;38;8;3,4;
2026/01/27;1400 UTC;0;1015,3;1016;1015,3;3670,4;30,1;19,5;30,9;29,7;20,4;18,4;55;49;53;60;8,5;4,2;
2026/01/27;1500 UTC;0;1014,8;1015,4;1014,8;3811,1;30,5;18,6;31,4;30;21,1;18,4;57;47;49;73;8,5;3,7;
2026/01/27;1600 UTC;0;1014,1;1014,8;1014,1;4010,9;31,2;19,5;31,3;30,4;19,9;17,6;52;46;50;77;8,6;5,2;
2026/01/27;1700 UTC;0;1013,8;1014,2;1013,8;3751,2;29,8;19,8;31,2;29,8;20,3;18,6;55;48;55;73;11,6;5,5;
2026/01/27;1800 UTC;0;1013,4;1013,9;1013,4;2756,8;29,7;19,6;30,1;29,4;20,1;18,8;57;52;54;67;11,4;5,4;
2026/01/27;1900 UTC;0;1013,2;1013,4;1013;2498,8;28,9;19,8;30,1;28,9;20,3;18,3;59;51;58;76;10,3;5,2;
2026/01/27;2000 UTC;0;1013,1;1013,2;1013;1664,5;28,2;19,5;29,4;28,1;20,5;18,7;61;53;60;76;9,7;5;
2026/01/27;2100 UTC;0;1013,9;1013,9;1013,1;617,1;26,2;20,7;28,2;26,2;20,7;19,4;72;59;72;70;10,5;3,7;
2026/01/27;2200 UTC;0;1014,3;1014,3;1013,9;17,5;24,8;21,8;26,2;24,8;21,8;20,8;83;72;83;76;7;2,7;
2026/01/27;2300 UTC;0;1014,8;1014,8;1014,3;;24,1;22,1;24,8;24,1;22,2;21,8;89;83;89;76;5,1;2,2;
2026/01/28;0000 UTC;0;1015,1;1015,1;1014,7;;23,8;22;24,1;23,8;22,3;22;90;89;90;80;3,5;1,7;
2026/01/28;0100 UTC;0;1015,2;1015,3;1015,1;;23,2;21,6;23,8;23,2;22,1;21,5;91;90;91;63;3,2;1,7;
2026/01/28;0200 UTC;0;1014,9;1015,3;1014,9;;22,8;21,1;23,7;22,8;21,9;21,1;91;89;90;35;4,2;1,5;
2026/01/28;0300 UTC;0;1014,1;1014,9;1014,1;;23,2;21,4;23,3;22,8;21,7;21,1;91;90;90;60;4,8;2,4;
2026/01/28;0400 UTC;0;1013,6;1014,2;1013,6;;23;21,4;23,2;23;21,5;21,3;91;90;91;57;4,1;2,4;
2026/01/28;0500 UTC;0;1013,4;1013,6;1013,4;;23,1;21,4;23,2;23;21,6;21,3;91;90;90;46;3,9;2,3;
2026/01/28;0600 UTC;0;1013,2;1013,4;1013,2;;23,1;21,3;23,3;23;21,5;21,3;90;90;90;55;4,2;2,6;
2026/01/28;0700 UTC;0;1013,2;1013,3;1013,1;;22,9;21,1;23,2;22,8;21,4;21,1;90;89;90;66;4,6;2,3;
2026/01/28;0800 UTC;0;1013,8;1013,8;1013,2;;22,1;20,4;23,2;22,1;21,2;20,4;90;87;90;6;4,4;1,2;
2026/01/28;0900 UTC;0;1014,6;1014,6;1013,8;60,4;22,2;20,8;22,2;21,7;20,8;20,3;92;90;92;3;2,3;1,2;
2026/01/28;1000 UTC;0;1015,1;1015,1;1014,6;344;23,4;21,3;23,4;22,2;21,6;20,8;92;88;88;24;2,5;1;
2026/01/28;1100 UTC;0;1015,2;1015,2;1015,1;1267,4;26,5;20,9;26,5;23,4;21,9;20,8;88;71;72;44;4,9;3;
2026/01/28;1200 UTC;0;1015,2;1015,2;1015,1;2452,5;28,9;19,6;29,1;26,5;21,5;19,4;72;56;57;41;6,1;3,4;
2026/01/28;1300 UTC;0;1015,3;1015,3;1015,2;2976,4;29,7;19;30,4;28,8;20,4;18,9;60;52;53;36;6;2,8;
2026/01/28;1400 UTC;0;1014,9;1015,3;1014,9;3069,6;30,4;19,7;30,5;29,5;20,5;18,5;56;51;53;18;6,9;3;
2026/01/28;1500 UTC;0;1014,2;1014,9;1014,2;4190,2;31,3;18,1;32;30,2;20,7;17,5;55;44;45;35;6,5;3;
2026/01/28;1600 UTC;0;1013,6;1014,2;1013,6;3708,7;30,8;19,9;32;30,2;20,9;17,3;56;42;52;80;8;4;
2026/01/28;1700 UTC;0;1013,1;1013,6;1013,1;3702,5;30,3;19,9;31,2;30;21,1;19,4;56;51;54;67;9,9;4,8;
2026/01/28;1800 UTC;0;1012,5;1013,1;1012,5;3062,9;29,9;19,2;30,4;29,4;20,7;19;56;52;53;61;10,7;4,9;
2026/01/28;1900 UTC;0;1012,4;1012,6;1012,3;2337,7;28,9;19,5;29,9;28,7;20,2;19;58;53;57;63;11;5,8;
2026/01/28;2000 UTC;0;1012,3;1012,5;1012,3;1567,6;28,1;19,3;29;28,1;20,1;19;62;55;59;56;10,4;5,3;
2026/01/28;2100 UTC;0;1012,6;1012,6;1012,2;585,9;26,6;21;28,1;26,6;21,3;19,2;72;59;71;67;10,4;4,8;
2026/01/28;2200 UTC;0;1013,2;1013,2;1012,6;51,5;25,5;21,2;26,6;25,4;21,2;20,7;77;71;77;55;9;3,4;
2026/01/28;2300 UTC;0;1013,8;1013,9;1013,2;;24,7;21,6;25,5;24,7;21,7;21,2;83;77;83;54;6,1;2,6;
2026/01/29;0000 UTC;0;1014,1;1014,1;1013,8;;24,2;21,7;24,7;24,2;21,8;21,6;86;83;86;61;5,6;2,6;
2026/01/29;0100 UTC;0;1014,9;1014,9;1014,1;;23,8;21,4;24,3;23,8;21,8;21,4;87;85;87;60;4,9;1,4;
2026/01/29;0200 UTC;0;1014,1;1014,9;1014,1;;23,6;21,5;23,8;23,6;21,7;21,3;88;87;88;70;3,8;2;
2026/01/29;0300 UTC;0;1013,6;1014,1;1013,6;;24,1;21,8;24,2;23,6;21,9;21,5;88;87;87;56;5,6;2,5;
2026/01/29;0400 UTC;0;1013,2;1013,8;1013,2;;23,6;21,8;24,1;23,5;21,9;21,6;90;87;89;54;4,5;1,6;
2026/01/29;0500 UTC;0;1012,8;1013,2;1012,8;;23,1;21,2;23,7;23,1;21,8;21,2;90;89;89;34;3,8;1,2;
2026/01/29;0600 UTC;0;1012,2;1012,8;1012,2;;22,8;21,1;23,2;22,8;21,4;21;90;89;90;53;2,8;1,2;
2026/01/29;0700 UTC;0;1012,2;1012,3;1012,1;;22,7;21,2;22,9;22,6;21,4;21;91;90;91;45;3,1;1,8;
2026/01/29;0800 UTC;0;1012,6;1012,6;1012,2;;22,2;20,8;22,8;22,2;21,3;20,8;92;91;92;299;3,2;1,5;
2026/01/29;0900 UTC;0;1012,9;1012,9;1012,5;59,7;22,6;21,5;22,6;21,9;21,5;20,7;93;92;93;28;2;1;
2026/01/29;1000 UTC;0;1013,3;1013,3;1012,9;649,4;25,2;21,9;25,3;22,6;22,8;21,5;93;82;82;24;4,6;2,5;
2026/01/29;1100 UTC;0;1013,4;1013,5;1013,4;1504,9;27,2;22;27,2;25,1;22,1;21,5;82;73;73;22;6,6;3,8;
2026/01/29;1200 UTC;0;1013,4;1013,5;1013,4;2350,6;28,9;21,2;29;27,1;22,6;21,2;74;63;63;10;6,8;4,4;
2026/01/29;1300 UTC;0;1013,2;1013,5;1013,2;3076,3;30,4;22;30,7;28,9;22,4;21,2;64;58;61;1;8,2;3,5;
2026/01/29;1400 UTC;0;1012,8;1013,2;1012,8;3576,2;31,4;20,9;31,8;30,4;22,5;20,7;62;53;54;353;8;4,5;
2026/01/29;1500 UTC;0;1011,9;1012,8;1011,9;3785,9;32,4;21,4;32,9;31,4;22,2;20,3;56;48;52;15;8;3,2;
2026/01/29;1600 UTC;0;1011,2;1011,9;1011,2;3743,6;32,1;21,6;33,8;32;22,2;19,8;55;45;54;66;7,6;3;
2026/01/29;1700 UTC;0;1010,3;1011,2;1010,3;2672,2;31,7;21,7;32;30,5;22,2;20,5;59;53;56;71;9;5;
2026/01/29;1800 UTC;0;1009,6;1010,3;1009,5;3116,8;30,6;21,2;31,9;30,5;22;20,7;58;54;57;66;9,6;5,6;
2026/01/29;1900 UTC;0;1008,8;1009,6;1008,8;1908,2;29,8;20,8;31,1;29,3;21,6;20;60;54;59;55;10,7;5,5;
2026/01/29;2000 UTC;0;1009,2;1009,4;1008,8;831,7;27,4;21,4;29,8;27,4;21,4;20,5;70;59;70;58;10,7;4,8;
2026/01/29;2100 UTC;0;1009,5;1009,5;1009,1;247,5;26,3;21,7;27,4;26,3;21,7;21,4;76;70;75;57;8,9;4,3;
2026/01/29;2200 UTC;0;1010,3;1010,3;1009,5;15,7;25,8;21,3;26,3;25,8;21,7;21;76;74;76;51;8,9;3,5;
2026/01/29;2300 UTC;0;1011,9;1012,1;1010,3;;26;20,8;26;25,5;21,5;20,8;78;73;73;345;7,5;2,1;
2026/01/30;0000 UTC;0;1011,9;1012;1011,5;;26;20,6;26,2;25,4;21,1;20,6;77;72;72;111;4,8;1,2;
2026/01/30;0100 UTC;0;1011,8;1012;1011,7;;24,5;20,8;26,2;24,5;20,9;20,3;80;70;80;25;4,1;1,5;
2026/01/30;0200 UTC;0;1011,4;1011,8;1011,3;;22,7;21;24,5;22,4;21;20,3;90;80;90;282;4,5;1,1;
2026/01/30;0300 UTC;0;1010,4;1011,4;1010,4;;23,1;21,1;23,5;22,7;21,6;21;91;88;89;16;4,6;2,1;
2026/01/30;0400 UTC;0;1009,5;1010,4;1009,5;;22,2;20,8;23,1;22,2;21,2;20,8;92;89;92;351;4,4;2,1;
2026/01/30;0500 UTC;0;1009,2;1009,5;1009;;21,7;20,4;22,2;21,7;20,8;20,4;92;92;92;19;4;1,1;
2026/01/30;0600 UTC;0;1008,2;1009,2;1008,2;;21,5;20,2;21,7;21,5;20,4;20,2;92;92;92;23;4,5;1,9;
2026/01/30;0700 UTC;0;1008,4;1008,4;1008,1;;21,8;20,2;21,8;21,5;20,2;20,1;92;90;91;7;5,3;2,5;
2026/01/30;0800 UTC;0;1008,5;1008,6;1008,4;;21,5;19,9;21,8;21,5;20,2;19,9;91;90;91;14;5;2,2;
2026/01/30;0900 UTC;0;1009;1009;1008,4;37,3;21,8;20,3;21,8;21,4;20,3;19,9;91;90;91;38;5;2,6;
2026/01/30;1000 UTC;0;1009,4;1009,4;1009;455,8;23,3;20,5;23,4;21,8;21,2;20,3;91;84;84;14;4,9;3;
2026/01/30;1100 UTC;0;1009,8;1009,8;1009,3;1407,2;26;20,9;26,6;23,3;21,9;20,5;85;73;74;15;5,4;3,7;
2026/01/30;1200 UTC;0;1010,2;1010,2;1009,8;2008,8;27,7;22;27,8;25,8;22,3;20,9;75;68;71;19;6;3;
2026/01/30;1300 UTC;0;1009,9;1010,2;1009,9;2960,9;30,1;22,4;30,2;27,7;23,1;21,4;71;63;63;11;5,8;2,6;
2026/01/30;1400 UTC;0;1009,4;1009,9;1009,4;2552,4;30,5;21,7;30,9;29,5;23;21,5;64;59;59;23;6,5;3;
2026/01/30;1500 UTC;0;1009;1009,5;1009;2152,9;29,5;22,7;32,2;29,5;23,6;21,6;67;57;67;293;5,3;2,9;
2026/01/30;1600 UTC;0;1008;1009;1008;1664,3;28,5;22;31;28,5;23,2;21,7;68;61;68;84;5,9;3;
2026/01/30;1700 UTC;0;1007,2;1008;1007,2;1749,8;29,3;22;30;28,5;23;21,7;69;63;65;70;6,7;3,9;
2026/01/30;1800 UTC;0;1006,9;1007,4;1006,9;1566,9;25,3;21,5;30,5;25,3;23;21,1;79;60;79;36;11,9;4,6;
2026/01/30;1900 UTC;0;1006,7;1006,9;1006,5;343,8;25,6;22,6;25,8;24,4;23,1;21,4;86;79;84;48;9,5;3,1;
2026/01/30;2000 UTC;1,4;1007,7;1007,7;1006,7;67,3;24,6;22,9;25,6;24,5;22,9;22,1;91;83;91;24;6,9;3,4;
2026/01/30;2100 UTC;3,8;1007,6;1007,9;1007,6;27,2;23,3;22;24,6;23,3;22,9;22;92;91;92;10;6,7;2,1;
2026/01/30;2200 UTC;,6;1007,7;1007,7;1007,4;6,8;22,7;21,5;23,3;22,7;22;21,5;93;92;93;31;4,4;2,2;
2026/01/30;2300 UTC;0;1007,8;1007,9;1007,5;;22,7;21,2;22,7;22,6;21,5;21,2;93;92;92;13;5,1;2,9;
2026/01/31;0000 UTC;0;1007,9;1008;1007,7;;22,6;21,2;22,8;22,5;21,3;21;92;91;92;38;5,9;2,3;
2026/01/31;0100 UTC;0;1008,1;1008,2;1007,9;;22,7;21,3;22,9;22,6;21,5;21,2;92;92;92;23;4,1;1,7;
2026/01/31;0200 UTC;0;1007,9;1008,2;1007,9;;22,9;21,5;22,9;22,7;21,5;21,3;92;92;92;25;5,5;2,7;
2026/01/31;0300 UTC;0;1007,4;1007,9;1007,4;;23;21,6;23;22,9;21,6;21,5;92;92;92;12;4,3;1,6;
2026/01/31;0400 UTC;0;1006,1;1007,4;1006,1;;23;21,6;23,1;23;21,7;21,6;92;92;92;15;2,9;,9;
2026/01/31;0500 UTC;0;1005,2;1006,1;1005,2;;23;21,6;23,1;22,9;21,7;21,6;92;92;92;298;2,3;,5;
2026/01/31;0600 UTC;0;1005;1005,2;1004,9;;23,2;21,9;23,2;22,8;21,9;21,5;93;92;93;4;3,8;2,4;
2026/01/31;0700 UTC;0;1004,9;1005,1;1004,8;;23,1;21,8;23,4;23,1;22;21,8;93;92;92;349;4,6;2,7;
2026/01/31;0800 UTC;0;1005;1005;1004,8;;23,1;21,7;23,2;23,1;21,8;21,6;92;92;92;354;6,7;3,7;
2026/01/31;0900 UTC;0;1005,5;1005,5;1005;22,2;23,1;21,7;23,2;23;21,7;21,6;92;91;92;355;6,7;2,9;
2026/01/31;1000 UTC;0;1005,9;1005,9;1005,4;478,9;24,8;22,6;24,8;23,1;23;21,6;92;87;87;353;4,8;2,2;
2026/01/31;1100 UTC;0;1006,1;1006,2;1005,8;1578,1;27,5;22,8;27,5;24,8;23,1;21,8;87;73;76;331;5,4;2,5;
2026/01/31;1200 UTC;0;1006,2;1006,3;1006,1;2249,1;29,1;21,9;29,3;27,5;23,2;21,9;76;65;65;314;6;3;
2026/01/31;1300 UTC;0;1006,2;1006,3;1006,1;2647,7;29,3;21,6;30;28,6;22,5;21;67;61;63;302;7,4;4,9;
2026/01/31;1400 UTC;0;1006;1006,2;1006;3219,5;29,9;21,3;31,1;29;22,8;21,1;65;58;60;317;9,6;4,4;
2026/01/31;1500 UTC;0;1005,8;1006,1;1005,7;3615,4;31;22,1;31,8;29,9;23,2;21,4;64;57;59;323;9,6;4,5;
2026/01/31;1600 UTC;0;1005,3;1005,8;1005,3;2833,4;31,7;21,7;32;30,5;23;21,5;63;55;56;325;7,7;3,5;
2026/01/31;1700 UTC;0;1004,5;1005,4;1004,5;2972,5;32,8;22;33,1;31,4;23,1;21;59;50;53;323;6,7;2,8;
2026/01/31;1800 UTC;0;1003,6;1004,5;1003,6;3185,6;33,8;22,2;33,8;32,8;22,5;20,6;54;46;51;335;6,5;2,3;
2026/01/31;1900 UTC;,4;1004,2;1004,2;1003,2;1891,2;28,6;21,7;34;28,6;22,4;20,3;66;46;66;235;14,6;6,8;
2026/01/31;2000 UTC;4,2;1005;1005,1;1003,8;1550,7;27,8;21,7;28,5;25;23,8;20,7;84;67;69;206;14,6;2,9;
2026/01/31;2100 UTC;0;1004,9;1005,4;1004,9;403;26,4;20,9;27,9;26,4;22,2;20,8;73;69;72;209;11,5;3,9;
2026/01/31;2200 UTC;0;1005,8;1005,8;1004,9;30,2;25,6;21,3;26,4;25,5;21,4;20,8;78;72;78;212;8,3;2,2;
2026/01/31;2300 UTC;0;1006,7;1006,7;1005,8;;24,3;21,9;25,5;24,2;21,9;21,3;86;78;86;227;5,8;3;
2026/02/01;0000 UTC;0;1007,2;1007,2;1006,7;;23,4;21,7;24,3;23,3;22;21,6;90;86;90;294;4,7;1,1;
2026/02/01;0100 UTC;0;1007,4;1007,4;1007,2;;23;21,5;23,5;22,9;21,9;21,3;91;90;91;225;2,7;2;
2026/02/01;0200 UTC;0;1007,5;1007,6;1007,3;;22,9;21,3;23,2;22,9;21,6;21,3;91;91;91;297;2,7;1,3;
2026/02/01;0300 UTC;0;1006,7;1007,5;1006,7;;23,3;21,9;23,3;22,7;21,9;21,3;92;91;92;201;1,9;,9;
2026/02/01;0400 UTC;0;1006,2;1006,8;1006,2;;23,4;21,8;23,7;23,1;22,1;21,4;92;90;91;151;1,4;,6;
2026/02/01;0500 UTC;0;1005,7;1006,2;1005,7;;22,6;21,1;23,6;22,6;22;21;91;90;91;324;2,6;1,9;
2026/02/01;0600 UTC;0;1005,2;1005,7;1005,1;;22;20,7;22,6;22;21,1;20,6;92;91;92;317;2,6;1,1;
2026/02/01;0700 UTC;0;1004,9;1005,3;1004,8;;22,1;20,8;22,3;22;21;20,7;93;92;92;360;3;1,7;
2026/02/01;0800 UTC;0;1004,7;1004,9;1004,6;;22;20,6;22,2;22;20,9;20,6;93;92;92;16;3,2;2,2;
2026/02/01;0900 UTC;0;1005,3;1005,3;1004,8;55;23,1;21,3;23,1;21,9;21,3;20,4;92;90;90;5;5;3,3;
2026/02/01;1000 UTC;0;1005,9;1005,9;1005,3;639,1;25,8;21,5;25,8;23,1;22,2;21,2;90;77;77;11;5,3;3,1;
2026/02/01;1100 UTC;0;1006,3;1006,3;1005,9;1527,4;28,3;22,2;28,3;25,8;22,6;21,5;78;70;70;9;7,9;4,4;
2026/02/01;1200 UTC;0;1006,4;1006,5;1006,3;2402,9;30,7;23;30,8;28,2;23,2;22;71;63;63;360;8,2;4;
2026/02/01;1300 UTC;0;1006,2;1006,4;1006,2;3117,9;32,6;23;32,6;30,7;23,9;22,4;65;57;57;360;7,5;3,3;
2026/02/01;1400 UTC;0;1005,5;1006,2;1005,5;3457,1;33,4;22,6;33,5;31,9;23,7;22;59;51;53;306;7,7;4,4;
2026/02/01;1500 UTC;0;1004,8;1005,5;1004,8;3833,8;34,1;22,3;34,2;33,4;23;21,4;55;48;51;290;9,5;4,8;
2026/02/01;1600 UTC;0;1004,1;1004,8;1004,1;3870,3;34,7;22,1;35,2;33,7;23,1;21,4;51;46;48;290;9,5;3,5;
2026/02/01;1700 UTC;0;1003,1;1004,1;1003,1;3559,9;35,3;22,7;35,4;34,6;23;21,6;50;46;48;278;8,2;3,7;
2026/02/01;1800 UTC;0;1002,3;1003,1;1002,3;2794,8;35;22;35,8;34,5;23,3;21,3;50;46;47;284;8,2;2,7;
2026/02/01;1900 UTC;0;1002,3;1002,3;1001,9;2312,9;34,4;23,4;35,9;34,4;23,7;21,3;53;45;53;27;5,4;2,1;
2026/02/01;2000 UTC;0;1002,4;1002,4;1002,2;1675,4;31,1;23,6;34,3;31;24,3;22,9;65;53;65;68;7,4;3,5;
2026/02/01;2100 UTC;0;1003,1;1003,1;1002,3;656,9;30,4;23;31,2;30,4;23,8;22,8;65;62;64;56;7,7;3,8;
2026/02/01;2200 UTC;0;1004;1004;1003,1;44,7;28,9;23;30,4;28,9;23;22,4;70;64;70;37;7,4;3,6;
2026/02/01;2300 UTC;0;1005;1005;1004;;28;23,5;29;28;23,5;23;76;70;76;42;7,3;2,6;
2026/02/02;0000 UTC;0;1005,6;1005,7;1005;;27,1;23,5;28,1;27,1;23,8;23,5;81;76;80;36;4,4;2,2;
2026/02/02;0100 UTC;0;1006,3;1006,3;1005,6;;27,7;23,3;28;26,5;23,5;22,5;80;72;77;161;5,4;1,4;
2026/02/02;0200 UTC;3;1006,3;1006,6;1006,3;;25,8;23,2;27,7;25,8;23,9;23;86;77;86;151;5,7;1,7;
2026/02/02;0300 UTC;5,6;1005,6;1006,3;1005,6;;24,9;23,6;25,9;24,6;23,6;23,1;92;86;92;124;3,5;1,8;
2026/02/02;0400 UTC;18,6;1008,2;1008,6;1005,5;;23,1;21,9;24,9;23,1;23,6;21,9;93;92;93;225;12,3;5,6;
2026/02/02;0500 UTC;9,2;1007,4;1008,2;1007,3;,6;22,5;21,6;23,1;22,3;21,8;21,4;95;93;95;175;13,9;2,8;
2026/02/02;0600 UTC;1,6;1006,7;1007,5;1006,6;;22,7;21,8;22,8;22,5;21,9;21,6;95;95;95;176;6,6;1,8;
2026/02/02;0700 UTC;4;1005,8;1007,3;1005,8;;22,3;21,4;22,7;22,3;21,8;21,4;95;94;95;76;4,5;2;
2026/02/02;0800 UTC;,6;1005,9;1006;1005,7;;22,5;21,7;22,5;22,3;21,7;21,4;95;95;95;337;4,5;2,1;
2026/02/02;0900 UTC;0;1006,2;1006,2;1005,8;23;22,9;22;22,9;22,5;22;21,6;95;95;95;341;5,5;2,8;
2026/02/02;1000 UTC;0;1006,1;1006,4;1006,1;419,9;24,8;23,7;24,8;22,9;23,7;22;95;94;94;347;6,5;2,7;
2026/02/02;1100 UTC;,2;1006,1;1006,3;1006,1;1127,3;26,4;24,1;26,6;24,8;24,4;23,8;94;86;87;351;5,3;3,1;
2026/02/02;1200 UTC;0;1005,7;1006,1;1005,6;2002,7;29,7;23,6;29,7;26,4;24,8;23,1;87;68;70;299;9,6;6,1;
2026/02/02;1300 UTC;0;1005,5;1005,7;1005,3;2074,7;29,8;22,7;30,2;29,1;23,6;22,5;70;65;66;319;11,6;4,9;
2026/02/02;1400 UTC;0;1005,5;1005,5;1005,3;1945,3;30,5;22,9;30,7;29,8;23,4;22,6;67;63;64;331;9;4,5;
2026/02/02;1500 UTC;0;1005;1005,5;1005;2297,2;33,4;23,7;33,4;30,4;24,1;22,5;65;57;57;316;8,5;4,5;
2026/02/02;1600 UTC;0;1004,7;1005;1004,7;4190,7;33,8;22,8;34,1;33;24;22,2;58;51;53;297;7,4;3,5;
2026/02/02;1700 UTC;0;1004,2;1004,7;1004,2;2332,8;33,9;23,5;34,7;33,3;24;21,2;56;47;55;181;6,1;1,3;
2026/02/02;1800 UTC;0;1003,9;1004,2;1003,8;2219,5;32,4;24,3;35,1;32,3;24,5;21,9;63;49;62;137;6,2;2,6;
2026/02/02;1900 UTC;0;1004;1004,1;1003,8;2159,5;31,8;22,9;32,8;31,8;25,3;22,9;65;58;59;204;8,8;4,3;
2026/02/02;2000 UTC;0;1005,2;1005,2;1004;1221,1;29,5;21,8;32,3;29,5;23,7;21,6;65;59;64;185;11,1;3,8;
2026/02/02;2100 UTC;0;1006,2;1006,2;1005,2;171,2;28,7;20,7;29,5;28,7;22,2;20,4;67;60;62;168;10,5;2,1;
2026/02/02;2200 UTC;0;1006,5;1006,5;1006,1;7,7;27,6;21,4;28,7;27,6;21,5;20,8;69;62;69;203;5,5;1,6;
2026/02/02;2300 UTC;0;1007,6;1007,6;1006,5;;26,7;21,6;27,7;26,5;22;21,4;76;69;74;227;3,9;2,2;
2026/02/03;0000 UTC;0;1008;1008;1007,5;;25,7;21,9;26,7;25,7;21,9;21,5;80;74;80;234;4,5;2,3;
2026/02/03;0100 UTC;,4;1008,3;1008,3;1008;;24,7;22,8;25,7;24,7;22,8;21,9;89;80;89;257;3,3;1,7;
2026/02/03;0200 UTC;,6;1008,2;1008,5;1008,2;;24,5;22,9;24,8;24,5;23;22,8;91;89;91;283;3;1,4;
2026/02/03;0300 UTC;,6;1007,9;1008,2;1007,9;;23,8;22,1;24,5;23,8;22,8;22,1;91;90;91;267;4,5;2,1;
2026/02/03;0400 UTC;,2;1007,4;1007,9;1007,4;;23,7;22,3;23,8;23,7;22,3;22,1;92;91;92;226;4,4;2,8;
2026/02/03;0500 UTC;0;1006,7;1007,4;1006,7;;23,9;22,5;23,9;23,7;22,6;22,3;93;92;92;226;4,5;3;
2026/02/03;0600 UTC;0;1006,4;1006,7;1006,3;;23,7;22,4;23,9;23,7;22,6;22,4;93;92;92;241;4;2,1;
2026/02/03;0700 UTC;0;1006,7;1006,7;1006,4;;23,8;22,4;23,8;23,7;22,4;22,3;92;92;92;289;3,5;1,2;
2026/02/03;0800 UTC;,2;1006,9;1006,9;1006,5;;23,5;22,4;23,8;23,5;22,5;22,4;93;92;93;349;2,4;1,4;
2026/02/03;0900 UTC;0;1007,8;1007,8;1006,9;15,3;23,9;22,8;23,9;23,5;22,8;22,4;94;93;94;358;4,4;2,8;
2026/02/03;1000 UTC;,2;1007,8;1007,9;1007,7;112,4;23,9;22,8;24;23,9;22,9;22,7;94;93;93;354;5,5;1,9;
2026/02/03;1100 UTC;,2;1007,9;1008;1007,8;305,7;24,6;23,3;24,6;23,9;23,4;22,7;93;93;93;342;3,6;1,5;
2026/02/03;1200 UTC;0;1008,2;1008,2;1007,9;829,9;26,2;23,9;26,2;24,6;23,9;23,4;93;87;87;2;4,9;2,5;
2026/02/03;1300 UTC;0;1008,1;1008,2;1008;1432,9;27,4;23,3;27,4;26,2;23,9;23,1;87;78;79;7;5,4;3,3;
2026/02/03;1400 UTC;0;1008;1008,1;1007,9;2884,7;30,3;23,9;30,4;27,4;24,5;23,2;79;67;68;352;6,8;3,7;
2026/02/03;1500 UTC;0;1007,4;1008;1007,4;3806,4;30,2;23,6;31,7;29,8;24,6;22,8;71;63;68;360;6,9;3,1;
2026/02/03;1600 UTC;0;1006,6;1007,4;1006,6;2137,6;30,7;23,9;31,2;30,2;24,5;23;69;64;67;8;5,6;2,4;
2026/02/03;1700 UTC;0;1005,9;1006,6;1005,9;1410,8;30,6;23,6;31,1;30,5;24,6;23,4;69;65;66;309;4,6;1,8;
2026/02/03;1800 UTC;0;1005,2;1005,9;1005,1;1819,8;31,5;23,1;32;30,2;24,2;22,9;69;60;61;41;3,9;1,8;
2026/02/03;1900 UTC;0;1004,7;1005,2;1004,7;2459,1;32,3;24;33,3;31,4;24,2;22,6;64;57;62;61;3,9;2;
2026/02/03;2000 UTC;0;1005,4;1005,4;1004,7;1499,7;28,7;23;32,5;28,7;24,6;22,8;71;59;71;61;9,2;4,1;
2026/02/03;2100 UTC;0;1005,5;1005,7;1005,3;251,8;27,3;23,4;28,7;27,3;23,4;22,6;79;71;79;60;7,7;3,6;
2026/02/03;2200 UTC;0;1006,8;1006,8;1005,5;11,4;26,6;23,7;27,3;26,6;23,7;23,4;84;79;84;41;7,1;2,2;
2026/02/03;2300 UTC;26,8;1008,4;1008,7;1006,7;1;22,7;21,7;26,9;22,2;24,4;21;94;82;94;259;13,3;3,7;
2026/02/04;0000 UTC;9;1008,3;1008,8;1007,5;;22,6;21,7;22,8;22,4;21,8;21,5;95;94;95;196;8,3;,7;
2026/02/04;0100 UTC;1,6;1008,5;1008,6;1008,3;;23,1;22,2;23,1;22,5;22,2;21,6;95;95;95;25;2,6;1,6;
2026/02/04;0200 UTC;1,2;1008,7;1008,7;1008,4;;23,6;22,7;23,6;23,1;22,7;22,3;95;95;95;42;4,6;2,6;
2026/02/04;0300 UTC;,6;1008,3;1008,7;1008,3;;23,7;22,7;23,8;23,6;22,8;22,7;95;94;94;56;4,6;2;
2026/02/04;0400 UTC;,2;1007,8;1008,3;1007,8;;23,8;22,8;23,8;23,6;22,8;22,7;94;94;94;39;3,5;1,9;
2026/02/04;0500 UTC;0;1007,6;1007,8;1007,5;;23,9;23;23,9;23,8;23;22,8;94;94;94;7;3,6;2,4;
2026/02/04;0600 UTC;,2;1006,9;1007,6;1006,9;;23,8;22,8;23,9;23,8;23;22,8;94;94;94;12;4,7;2,6;
2026/02/04;0700 UTC;0;1006,5;1006,9;1006,4;;24;23;24;23,7;23;22,8;94;94;94;22;4,6;3,1;
2026/02/04;0800 UTC;0;1006,5;1006,6;1006,4;;23,9;22,9;24;23,9;23;22,9;94;94;94;12;5,8;3,2;
2026/02/04;0900 UTC;0;1006,4;1006,5;1006,3;37,6;24;23;24;23,9;23;22,9;94;94;94;354;5,6;2,2;
2026/02/04;1000 UTC;0;1006,8;1006,8;1006,3;370,8;24,8;23,6;24,8;24;23,7;23;94;93;93;352;5;2,8;
2026/02/04;1100 UTC;0;1007;1007;1006,8;1139,7;27;24,4;27;24,8;24,6;23,6;93;86;86;352;5,5;3,3;
2026/02/04;1200 UTC;,2;1007,3;1007,4;1006,9;2257,7;29,6;23,6;29,7;27;24,8;23,1;86;70;70;358;7;4;
2026/02/04;1300 UTC;0;1007,2;1007,3;1007,2;2706,2;29,5;23,9;29,6;29;24,3;22,9;74;69;72;6;7,8;3,9;
2026/02/04;1400 UTC;0;1006,9;1007,2;1006,9;3352,1;31,5;24,3;31,6;29,6;24,4;23,5;72;64;66;358;7,5;4;
2026/02/04;1500 UTC;0;1006,6;1006,9;1006,5;3918,1;32,5;23,9;32,5;31,2;24,5;23,4;66;59;61;353;9,5;5,4;
2026/02/04;1600 UTC;0;1006,1;1006,6;1006,1;3561,4;33,1;22,9;33,5;31,6;24,1;22,3;62;53;55;324;9,5;4,5;
2026/02/04;1700 UTC;0;1005,7;1006,1;1005,7;3548,2;33,8;22,8;34,2;33,1;23,6;21,9;56;51;53;318;8,3;3;
2026/02/04;1800 UTC;0;1004,9;1005,7;1004,9;3090,3;34,5;23,3;34,7;33,3;24,2;22,6;57;51;52;322;5,9;2,1;
2026/02/04;1900 UTC;0;1004,8;1004,9;1004,6;2196,6;32;24;35,2;32;24;21,9;63;48;63;84;5;1,8;
2026/02/04;2000 UTC;0;1005,1;1005,6;1004,5;559;29,3;23,9;31,9;29,3;24,8;23,4;73;63;73;65;7,2;3,1;
2026/02/04;2100 UTC;17,8;1007,3;1008,6;1005;35,7;22,9;21,8;29,3;22,8;24;20,1;93;67;93;352;18,2;2,6;
2026/02/04;2200 UTC;1,6;1007,5;1007,5;1007;;23,6;22,5;23,6;22,9;22,5;21,9;94;93;94;239;5,8;1,9;
2026/02/04;2300 UTC;1,6;1008,2;1008,2;1007,5;;23,5;22,5;23,7;23,5;22,7;22,4;94;94;94;37;3,8;1,8;
2026/02/05;0000 UTC;1,4;1009,2;1009,2;1008,2;;23,9;22,9;23,9;23,5;22,9;22,5;94;94;94;44;2,9;,7;
2026/02/05;0100 UTC;1;1009,2;1009,3;1009,2;;23,8;22,8;23,9;23,8;22,9;22,8;94;94;94;249;2,2;1,2;
2026/02/05;0200 UTC;,2;1008,7;1009,2;1008,7;;24;23,1;24,1;23,8;23,1;22,8;94;94;94;80;1,7;,6;
2026/02/05;0300 UTC;0;1008,2;1008,7;1008,2;;23,9;23;24;23,9;23,1;22,9;94;94;94;355;1,7;,7;
2026/02/05;0400 UTC;0;1007,6;1008,2;1007,6;;23,9;23;24;23,9;23,1;23;94;94;94;228;1,5;,3;
2026/02/05;0500 UTC;0;1007,1;1007,6;1007,1;;23,6;22,6;23,9;23,6;23;22,6;95;94;95;270;1;,6;
2026/02/05;0600 UTC;0;1007,3;1007,3;1007,1;;23,9;23;24;23,6;23,1;22,6;95;95;95;14;1,6;1;
2026/02/05;0700 UTC;0;1007,5;1007,6;1007,3;;24,1;23,2;24,1;23,9;23,2;23;95;95;95;308;2;1;
2026/02/05;0800 UTC;0;1007,3;1007,5;1007;;23,8;22,9;24,1;23,8;23,2;22,9;95;95;95;339;2,3;1,1;
2026/02/05;0900 UTC;0;1008;1008;1007,3;27,9;24,1;23,1;24,1;23,8;23,1;22,9;95;95;95;6;5;3,2;
2026/02/05;1000 UTC;0;1007,8;1008;1007,8;174,6;24,3;23,3;24,4;24,1;23,4;23,1;95;94;94;10;5,3;3;
2026/02/05;1100 UTC;0;1008,1;1008,1;1007,8;342,8;25,3;23,9;25,3;24,3;23,9;23,3;94;92;92;351;5,2;2,7;
2026/02/05;1200 UTC;0;1007,4;1008,1;1007,4;697,5;26,6;24,5;26,6;25,3;24,5;23,8;92;88;88;339;5,6;1,6;
2026/02/05;1300 UTC;0;1007,4;1007,5;1007,4;745,6;26,8;24,5;26,8;26,5;24,7;24,2;89;87;87;324;4,3;1,9;
2026/02/05;1400 UTC;0;1007,9;1007,9;1007,4;1180,5;27,7;24,1;27,8;26,8;24,6;24,1;87;81;81;8;5,3;2,4;
2026/02/05;1500 UTC;0;1007,8;1008;1007,8;1507,2;28,5;24;28,5;27,7;24,5;23,8;81;76;77;9;6,1;3,5;
2026/02/05;1600 UTC;0;1007,4;1007,8;1007,4;1519,7;29,5;24;29,5;28,5;24,4;23,3;77;70;72;8;6,1;1,6;
2026/02/05;1700 UTC;0;1006,7;1007,4;1006,7;1948;30,5;23,7;30,8;29,4;24,7;23,5;72;66;67;260;3,7;,9;
2026/02/05;1800 UTC;0;1006,1;1006,7;1006,1;1513,2;30,9;23,2;31,2;30,2;24,9;22,8;72;62;64;298;3,7;1,4;
2026/02/05;1900 UTC;0;1005,8;1006,1;1005,8;1313,8;29,8;24,1;31,2;29,4;24,7;23;75;62;72;192;5,8;2,4;
2026/02/05;2000 UTC;0;1006,3;1006,3;1005,7;656,5;27,8;23,7;29,8;27,8;24,3;23,4;79;71;79;177;7,3;1,9;
2026/02/05;2100 UTC;0;1006,7;1006,7;1006,2;212,3;27,3;24,1;27,8;27,3;24,2;23,7;83;78;83;206;5,4;2,1;
2026/02/05;2200 UTC;0;1007,5;1007,5;1006,7;17,9;27;24;27,3;26,8;24,1;23,8;84;82;84;146;4,8;1,2;
2026/02/05;2300 UTC;0;1008,5;1008,5;1007,5;;26,3;24,3;27;26;24,3;23,9;89;84;89;260;2,6;,7;
2026/02/06;0000 UTC;0;1009,1;1009,1;1008,5;;25,7;23,8;26,3;25,6;24,3;23,8;90;88;89;195;2,3;,8;
2026/02/06;0100 UTC;0;1009,6;1009,6;1009,1;;25,5;23,9;25,7;25,4;23,9;23,7;91;89;91;213;4,2;2,2;
2026/02/06;0200 UTC;0;1009;1009,6;1009;;25,5;23,8;25,6;25,4;24;23,7;91;90;90;166;4,4;1,2;
2026/02/06;0300 UTC;0;1008,8;1009;1008,7;;25,4;23,9;25,6;25,3;24;23,6;91;90;91;198;3,1;1,1;
2026/02/06;0400 UTC;0;1008,6;1009;1008,6;;25,1;23,7;25,4;25;23,8;23,6;92;91;92;181;3,6;,7;
2026/02/06;0500 UTC;0;1008,4;1008,6;1008,2;;24,4;23,1;25,2;24,4;23,8;23;92;92;92;10;2,1;1;
2026/02/06;0600 UTC;0;1007,9;1008,4;1007,9;;24,3;23,1;24,5;24,2;23,2;23;93;92;93;132;1,5;,6;
2026/02/06;0700 UTC;0;1007,3;1007,9;1007,3;;24,4;23,1;24,5;24,1;23,4;22,9;94;93;93;100;2,2;,7;
2026/02/06;0800 UTC;0;1008,1;1008,1;1007,3;;23,8;22,7;24,6;23,7;23,3;22,5;93;92;93;207;2,2;,5;
2026/02/06;0900 UTC;0;1008,6;1008,6;1008,1;25,6;23,5;22,4;23,9;23,4;22,8;22,4;94;93;94;351;1,7;,4;
2026/02/06;1000 UTC;0;1009,1;1009,1;1008,6;485,5;26,2;24,5;26,3;23,5;24,9;22,5;94;90;90;212;1,5;,6;
2026/02/06;1100 UTC;0;1009,3;1009,3;1009,1;1512;28,6;23,1;28,8;26,1;24,7;22,4;90;70;72;5;1,8;,6;
2026/02/06;1200 UTC;0;1009,8;1009,8;1009,3;2574,5;29,8;23,9;29,8;27,5;23,9;21,9;75;69;71;344;3,2;1,4;
2026/02/06;1300 UTC;0;1010;1010,1;1009,8;2500;30,2;23,5;30,2;28,4;24,1;22,6;74;66;67;25;4,2;1,8;
2026/02/06;1400 UTC;0;1009,6;1010;1009,6;2859,9;30,8;23,1;31,3;29,7;24,1;22,3;68;63;64;290;4,6;1,9;
2026/02/06;1500 UTC;0;1009,1;1009,6;1009,1;3394,3;31,9;24;32;30,4;24,5;22,7;67;59;63;21;4,3;2;
2026/02/06;1600 UTC;0;1008,4;1009,1;1008,4;2986,9;32,3;23,4;32,4;30,9;24,7;22,8;66;59;60;315;4,5;1;
2026/02/06;1700 UTC;0;1007,6;1008,4;1007,6;3164,1;32,3;23,1;33,3;32,1;24,7;22,6;62;56;58;207;4,8;1,5;
2026/02/06;1800 UTC;0;1006,7;1007,6;1006,7;1768,1;32,5;25,1;32,8;31,2;25,7;23;70;58;65;92;3,9;1,6;
2026/02/06;1900 UTC;0;1006,5;1006,8;1006,5;561,5;30,1;24,1;32,6;29,5;24,5;23,7;73;62;70;103;8,6;2,9;
2026/02/06;2000 UTC;0;1007;1007;1006,5;1106,2;29,6;23,7;30,4;29,6;24;23,4;71;68;71;73;7,2;4,2;
2026/02/06;2100 UTC;0;1007,4;1007,5;1006,9;235,4;27,8;23,7;29,6;27,7;23,8;23,2;79;70;79;70;7;2,5;
2026/02/06;2200 UTC;0;1008,6;1008,6;1007,3;18,3;27;23,5;27,8;27;23,8;23,4;81;79;81;73;4,3;1,8;
2026/02/06;2300 UTC;0;1009,2;1009,3;1008,6;;26,4;23,2;27,1;26,4;23,7;23,1;83;80;83;59;4;1,5;
2026/02/07;0000 UTC;0;1009,8;1009,8;1009,2;;26,2;23,7;26,4;26,1;23,9;23,2;87;83;87;203;2,2;1;
2026/02/07;0100 UTC;0;1010,4;1010,5;1009,8;;26;24,3;26,2;25,8;24,3;23,6;90;87;90;208;3;,7;
2026/02/07;0200 UTC;0;1010,3;1010,4;1010,1;;26,5;23,3;26,5;26;24,5;23,3;90;83;83;144;3,1;1,6;
2026/02/07;0300 UTC;0;1009,8;1010,3;1009,8;;25,9;22,8;26,5;25,9;23,3;22,8;83;82;83;143;3,2;1,8;
2026/02/07;0400 UTC;0;1009;1009,8;1009;;25,8;23;26;25,8;23;22,8;85;83;85;151;3,6;1,6;
2026/02/07;0500 UTC;0;1008,9;1009,1;1008,9;;25,6;23,1;25,9;25,6;23,2;23;86;85;86;145;3;1,6;
2026/02/07;0600 UTC;0;1008,2;1008,9;1008,2;;25,2;23,1;25,6;25,2;23,2;23,1;88;86;88;226;2,7;1,1;
2026/02/07;0700 UTC;0;1008,3;1008,3;1008;;24,9;23,4;25,2;24,9;23,5;23;91;88;91;231;2,5;1,5;
2026/02/07;0800 UTC;0;1008,7;1008,7;1008,3;;24,7;23,4;24,9;24,7;23,4;23,3;92;91;92;339;2,1;1,1;
2026/02/07;0900 UTC;0;1009,7;1009,7;1008,7;26,7;25,1;23,9;25,1;24,7;23,9;23,4;93;92;93;338;2,3;1,3;
2026/02/07;1000 UTC;0;1010;1010;1009,7;410,8;26,5;24,4;26,5;25,1;24,5;23,9;93;88;88;12;3;1,9;
2026/02/07;1100 UTC;0;1010,5;1010,5;1010;1012,6;27,4;23,7;27,6;26,5;24,5;23,6;88;80;80;346;5,9;3,7;
2026/02/07;1200 UTC;0;1010,6;1010,6;1010,4;1523,5;28,8;24,3;28,8;27,4;24,3;23,6;81;77;77;360;6,6;3,8;
2026/02/07;1300 UTC;0;1010,4;1010,7;1010,4;2669,5;30,5;24,6;30,8;28,7;25,2;24,2;77;70;71;350;6,6;3,6;
2026/02/07;1400 UTC;0;1010;1010,4;1010;3017,8;32;24,9;32;30,5;25,2;23,7;72;65;67;4;6,5;4,1;
2026/02/07;1500 UTC;0;1009,4;1010;1009,4;2955,2;32,3;24,3;32,5;31,3;25,1;23,9;68;63;63;5;7,7;3,8;
2026/02/07;1600 UTC;0;1008,8;1009,4;1008,8;2568,3;32,9;24,6;33;32,1;25,1;24;65;60;62;353;7,3;3,3;
2026/02/07;1700 UTC;0;1008;1008,8;1008;2132;33,1;24,4;33,4;32,6;25,2;23,6;64;59;60;16;7,3;1,5;
2026/02/07;1800 UTC;0;1007,3;1008;1007,3;2834,7;32,1;24,7;34,1;31,1;25,7;23,8;68;57;65;75;7;3,9;
2026/02/07;1900 UTC;0;1006,9;1007,4;1006,8;2320,7;30,9;23,3;32,2;30,7;24,6;23,2;67;62;64;69;7,8;4;
2026/02/07;2000 UTC;0;1006,9;1006,9;1006,6;1487,1;29,7;22,7;31,5;29,7;23,9;22,6;66;62;66;63;8,7;4,6;
2026/02/07;2100 UTC;0;1007,4;1007,5;1006,9;275,7;27,2;22,7;29,7;27,2;22,9;22,4;76;65;76;59;9,5;3,9;
2026/02/07;2200 UTC;0;1008,1;1008,1;1007,4;14,9;25,9;22,9;27,2;25,9;23;22,6;84;76;84;56;6,8;2,9;
2026/02/07;2300 UTC;0;1008,7;1008,7;1008,1;;25,5;23;25,9;25,5;23;22,8;86;84;86;61;5,8;2,6;
2026/02/08;0000 UTC;0;1009,7;1009,7;1008,7;;25,2;23;25,5;25,2;23,1;22,9;88;86;88;162;4,9;1;
2026/02/08;0100 UTC;,2;1011,6;1011,8;1009,7;;23,6;22,2;25,8;23,6;23,6;22,1;92;85;92;243;10,1;4,2;
2026/02/08;0200 UTC;3,6;1010,5;1011,6;1010,5;;23,1;22;23,6;23;22,2;21,8;94;92;93;92;8,3;,8;
2026/02/08;0300 UTC;,4;1010,2;1010,4;1009,6;;23,4;22,2;23,7;23,1;22,6;22;94;93;93;300;6,2;1,5;
2026/02/08;0400 UTC;0;1009,5;1010,2;1009,5;;23,2;22,2;23,4;23;22,2;21,9;94;93;94;321;3,9;1,9;
2026/02/08;0500 UTC;0;1009,7;1009,9;1009,4;;24,1;22,7;24,1;23,2;22,7;22,2;94;92;92;314;7,2;4;
2026/02/08;0600 UTC;0;1009;1009,8;1008,9;;23,6;22;24,1;23,6;22,7;22;92;90;91;14;7,2;,7;
2026/02/08;0700 UTC;0;1008,8;1009;1008,7;;23,7;22,1;23,7;23,5;22,2;22;92;91;91;354;3,5;2,1;
2026/02/08;0800 UTC;0;1009,5;1009,5;1008,7;;23,7;22,2;23,8;23,6;22,3;22,1;92;91;92;354;6;3,9;
2026/02/08;0900 UTC;0;1010,2;1010,3;1009,5;31,3;23,9;22,4;23,9;23,6;22,4;22,2;92;91;91;352;7,4;2,6;
2026/02/08;1000 UTC;1;1010,8;1010,8;1010,1;263,9;24,6;23,2;24,6;23,5;23,2;22,1;93;91;92;69;4,7;,7;
2026/02/08;1100 UTC;0;1011,6;1011,6;1010,8;545,6;24,6;23;24,7;24,5;23,4;22,8;92;90;91;10;6;3,2;
2026/02/08;1200 UTC;0;1012;1012,1;1011,6;1236,5;26,4;23,5;26,4;24,6;23,6;23;91;83;84;348;7,3;3,3;
2026/02/08;1300 UTC;0;1011,2;1012,1;1011,2;1582,2;28,3;22,1;28,4;26,4;23,6;22,1;84;69;69;288;6,5;2,4;
2026/02/08;1400 UTC;0;1010,9;1011,2;1010,9;1398,6;28,6;22,5;28,9;27,5;23;21,9;74;67;70;359;4,8;1,6;
2026/02/08;1500 UTC;0;1010,2;1010,9;1010,2;1780,5;28,2;23,1;28,8;28,1;23,2;22,2;74;69;74;335;5,2;2,1;
2026/02/08;1600 UTC;0;1009,3;1010,2;1009,3;2357;29,8;23;30;28,2;23,7;22,2;74;66;67;11;4,2;2,2;
2026/02/08;1700 UTC;0;1008,2;1009,3;1008,2;3256,8;30,7;22,7;32,1;29,6;24,2;21,9;68;56;63;6;5,1;1,8;
2026/02/08;1800 UTC;0;1007,6;1008,2;1007,6;2090,4;31,2;22,8;31,3;30,2;23,7;22,6;67;60;61;15;3,6;1,4;
2026/02/08;1900 UTC;0;1007,5;1007,6;1007,3;1351;29,5;23,9;31,4;29,5;23,9;21,5;72;57;72;67;4,7;2,8;
2026/02/08;2000 UTC;0;1007,7;1007,9;1007,5;1079,8;28,8;23;29,9;28,6;24,2;22,7;73;70;71;64;5,6;2,7;
2026/02/08;2100 UTC;0;1008,3;1008,5;1007,5;287;27,1;22,8;28,8;27,1;23;21,8;77;70;77;72;6,1;1,6;
2026/02/08;2200 UTC;0;1008,9;1009,2;1008;9,5;26,5;23;27,1;26,5;23;22,8;81;77;81;78;4,4;2,5;
2026/02/08;2300 UTC;7;1011,8;1012,2;1008,8;;22,4;21,3;26,5;21,8;23,3;20,3;94;77;94;274;13,5;4,5;
2026/02/09;0000 UTC;4;1012,6;1012,6;1011,8;;22,7;21,7;23;22,3;21,9;21,2;94;94;94;26;11,4;1,6;
2026/02/09;0100 UTC;5,8;1012,1;1012,7;1012,1;;22,6;21,6;22,7;22,5;21,7;21,5;94;94;94;304;3,1;,8;
2026/02/09;0200 UTC;2,4;1011,8;1012,4;1011,8;;22,6;21,7;22,6;22,5;21,7;21,6;95;94;95;238;2,4;,8;
2026/02/09;0300 UTC;,8;1011,4;1011,8;1011,4;;22,9;22;22,9;22,6;22;21,7;95;95;95;19;3,4;1,5;
2026/02/09;0400 UTC;,2;1010,5;1011,4;1010,5;;22,6;21,7;22,9;22,6;22;21,7;95;95;95;16;4,6;1,6;
2026/02/09;0500 UTC;,2;1010,4;1010,7;1010,4;;22,6;21,7;22,7;22,6;21,8;21,7;95;95;95;11;5;2,2;
2026/02/09;0600 UTC;0;1010,4;1010,4;1010,3;;22,7;21,7;22,7;22,6;21,8;21,7;95;94;94;10;5,6;3,2;
2026/02/09;0700 UTC;0;1010,6;1010,7;1010,3;;22,9;21,7;22,9;22,7;21,8;21,6;94;93;93;18;5,9;3,5;
2026/02/09;0800 UTC;0;1010,3;1010,6;1010,3;;22,8;21,8;23;22,8;21,9;21,7;94;93;94;43;5,7;3;
2026/02/09;0900 UTC;0;1010,5;1010,5;1010,2;25,1;22,9;21,9;22,9;22,8;21,9;21,7;94;94;94;30;6;2,5;
2026/02/09;1000 UTC;0;1011,2;1011,2;1010,5;241,2;23,7;22,5;23,7;22,9;22,5;21,9;94;93;93;15;5,3;2,5;
2026/02/09;1100 UTC;0;1011,6;1011,6;1011,2;476,5;24,7;23,1;24,7;23,7;23,1;22,5;93;91;91;307;4,5;1,3;
2026/02/09;1200 UTC;0;1011,9;1011,9;1011,6;908,5;25,7;23,1;25,7;24,7;23,2;22,8;91;85;86;21;3,3;1,9;
2026/02/09;1300 UTC;,2;1012;1012,2;1011,9;1085,8;26,4;22,6;26,7;25,6;23,4;22,6;86;79;80;14;3,3;1,8;
2026/02/09;1400 UTC;0;1011,9;1012,1;1011,9;1120,5;27,5;22,2;27,5;26,4;23,2;22,2;82;73;73;7;3,1;2,1;
2026/02/09;1500 UTC;0;1011,5;1011,9;1011,5;1228,5;28;22,5;28;27,4;23,1;22,1;76;72;72;27;3,3;2;
2026/02/09;1600 UTC;0;1011,1;1011,5;1011,1;1524,4;28,9;23;28,9;28;23,1;22,2;73;69;71;12;4;2,5;
2026/02/09;1700 UTC;0;1010;1011,1;1010;2731,3;30;22,3;30,4;28,9;23,2;21,4;71;61;63;9;4,5;1,7;
2026/02/09;1800 UTC;0;1009,9;1010;1009,9;1652,4;29,7;22,3;30,6;29,7;23,1;21,6;66;61;65;72;2,8;1,2;
2026/02/09;1900 UTC;0;1009,9;1010;1009,9;823,1;29,6;22,6;29,9;29,3;23,3;22,4;70;65;66;77;2,3;,9;
2026/02/09;2000 UTC;0;1010,1;1010,2;1009,9;439,6;28;23,8;29,8;28;23,9;22,7;79;66;78;174;4,3;,9;
2026/02/09;2100 UTC;0;1010,6;1010,6;1010;99,8;26,1;23,9;28,1;26,1;24,2;23,8;88;78;88;201;5,7;2,5;
2026/02/09;2200 UTC;0;1011,3;1011,3;1010,6;4,9;25,7;23,9;26,1;25,7;24;23,9;90;88;90;203;5,8;2,3;
2026/02/09;2300 UTC;0;1012,3;1012,3;1011,3;;25,5;23,9;25,7;25,5;24;23,9;91;90;91;200;5,5;,9;
2026/02/10;0000 UTC;0;1013;1013;1012,3;;25,4;23,8;25,6;25,4;24;23,8;91;91;91;205;2,9;1;
2026/02/10;0100 UTC;0;1013,2;1013,4;1013;;24,8;23,3;25,4;24,8;23,8;23,3;92;91;92;216;4,3;2,6;
2026/02/10;0200 UTC;0;1013,2;1013,4;1013,2;;24,5;23,1;24,9;24,5;23,4;23,1;92;91;92;215;5;2,3;
2026/02/10;0300 UTC;0;1013,1;1013,2;1012,8;;24,1;22,7;24,5;24,1;23,1;22,7;92;92;92;224;4,4;2,2;
2026/02/10;0400 UTC;0;1012,6;1013,2;1012,6;;24;22,7;24,1;24;22,7;22,6;92;92;92;228;4,4;1,1;
2026/02/10;0500 UTC;0;1012,2;1012,6;1012,2;;24;22,5;24;23,9;22,7;22,5;92;92;92;252;2,2;,7;
2026/02/10;0600 UTC;1,6;1012,6;1012,6;1012,2;;23,8;22,1;24,2;23,7;22,9;22,1;93;90;90;288;6,4;3;
2026/02/10;0700 UTC;5;1012,4;1012,8;1012,3;;22;20,6;23,8;22;22;20,6;92;88;92;360;6,7;3,3;
2026/02/10;0800 UTC;1,6;1011,7;1012,4;1011,7;;21,8;20,7;22;21,8;20,8;20,6;94;92;94;323;5,9;2,5;
2026/02/10;0900 UTC;,2;1012;1012;1011,7;7,1;22,2;21,2;22,2;21,8;21,2;20,7;94;94;94;10;5;2;
2026/02/10;1000 UTC;,2;1012,7;1012,8;1012;121,6;22,5;21,6;22,6;22,2;21,6;21,2;94;94;94;302;3,6;1,7;
2026/02/10;1100 UTC;0;1013;1013;1012,7;488,6;23,8;22,5;23,8;22,5;22,5;21,5;94;93;93;335;4,6;2,2;
2026/02/10;1200 UTC;0;1013,3;1013,3;1012,9;1199,6;25,8;22,8;25,8;23,8;22,9;22,2;93;82;83;341;5,1;2,8;
2026/02/10;1300 UTC;0;1013,5;1013,6;1013,3;2127,2;27,8;22,6;27,8;25,8;23;21,8;83;73;73;337;6,5;2,9;
2026/02/10;1400 UTC;0;1013,2;1013,6;1013,2;2457,9;28,5;22,7;28,6;27,4;23,5;21,9;75;70;71;357;6,3;2,9;
2026/02/10;1500 UTC;0;1012,6;1013,2;1012,6;2841,5;30,9;23,6;30,9;28,5;23,6;22,1;72;63;65;30;7,1;4;
2026/02/10;1600 UTC;0;1011,8;1012,6;1011,8;3225,5;30,9;23;31,4;29,7;23,8;21,7;67;59;63;12;7,4;2,7;
2026/02/10;1700 UTC;0;1011,1;1011,8;1011,1;3010,5;31,6;21,8;32,1;30,9;23,8;21,8;63;56;56;322;5,1;2,1;
2026/02/10;1800 UTC;0;1010,7;1011,1;1010,7;2709,8;30,9;23,6;32,5;30,6;23,9;21,7;65;56;65;78;4,9;3;
2026/02/10;1900 UTC;0;1011;1011;1010,7;1150,7;29,1;23,4;30,9;29,1;24,1;23;71;64;71;51;7,1;4;
2026/02/10;2000 UTC;0;1010,8;1011;1010,8;588,9;27,2;23,8;29,1;27;24,1;23,2;84;71;81;60;9,6;1,4;
2026/02/10;2100 UTC;0;1010,9;1011;1010,8;230;25,7;22,4;27,3;25,7;23,8;22,4;82;79;82;46;4;2,4;
2026/02/10;2200 UTC;0;1011,8;1011,8;1010,9;20,4;24,2;21,6;25,7;24,2;22,3;21,6;86;82;85;37;5,6;3;
2026/02/10;2300 UTC;0;1012,4;1012,4;1011,8;;24,4;21,9;24,4;24;22;21,6;87;85;86;35;4,9;2,2;
2026/02/11;0000 UTC;0;1012,8;1012,9;1012,4;;23,9;22,1;24,4;23,9;22,1;21,8;90;86;90;25;3,6;1,2;
2026/02/11;0100 UTC;0;1012,8;1012,9;1012,8;;24;22,4;24;23,8;22,5;22,1;91;90;91;44;2,6;1,6;
2026/02/11;0200 UTC;0;1012,8;1012,9;1012,8;;24,3;23;24,3;24;23;22,4;92;91;92;63;2,9;1,5;
2026/02/11;0300 UTC;0;1012,4;1012,8;1012,4;;23,9;22,3;24,3;23,9;23;22,3;92;91;91;35;3,2;1,2;
2026/02/11;0400 UTC;0;1011,6;1012,4;1011,6;;23,9;22,2;24;23,8;22,3;22,1;91;90;90;66;3,2;1,8;
2026/02/11;0500 UTC;0;1011,3;1011,6;1011,3;;23,8;22,1;23,9;23,8;22,1;22;90;90;90;64;3,8;2,6;
2026/02/11;0600 UTC;0;1011;1011,3;1011;;23,6;22,1;23,8;23,5;22,1;22;91;90;91;48;4;1,9;
2026/02/11;0700 UTC;0;1011,2;1011,2;1010,9;;23,6;22,3;23,6;23,4;22,3;22;92;91;92;26;5,4;2,8;
2026/02/11;0800 UTC;0;1011,3;1011,5;1011,2;;23,6;22,1;23,7;23,4;22,2;22;92;91;91;47;4,4;2,4;
2026/02/11;0900 UTC;0;1012,1;1012,1;1011,3;17;23,3;22;23,6;23,3;22,1;21,9;92;91;92;68;4,3;1,9;
2026/02/11;1000 UTC;0;1012,6;1012,7;1012,1;376,4;25,2;22,9;25,3;23,3;23,3;22,1;93;87;87;37;4,2;2,6;
2026/02/11;1100 UTC;0;1013,3;1013,3;1012,6;812,3;27,3;23,9;27,3;25,2;24;22,4;87;82;82;44;5;2,9;
2026/02/11;1200 UTC;0;1013,8;1013,8;1013,3;2164,8;28;23,4;28,6;26,7;24,4;22,9;82;75;76;25;6,4;3,6;
2026/02/11;1300 UTC;0;1013,9;1014;1013,8;2388,2;29,8;23,8;29,9;28;24,4;23;77;68;70;25;6,4;2,5;
2026/02/11;1400 UTC;0;1013,6;1013,9;1013,6;3045,7;31;23,5;31,2;29,6;24,4;22,9;71;62;64;23;5,9;2,9;
2026/02/11;1500 UTC;0;1013,1;1013,6;1013,1;3318,1;32,4;23,1;32,5;30,8;24;21,9;64;56;58;9;6;2,8;
2026/02/11;1600 UTC;0;1012,6;1013,1;1012,5;3894,7;32,8;22,6;33,1;31,9;23,2;21,1;58;52;55;358;7;3,6;
2026/02/11;1700 UTC;0;1012;1012,6;1012;3690,6;31,3;22,9;33,2;30,9;23,7;21,5;62;52;61;68;9,1;4,7;
2026/02/11;1800 UTC;0;1011,5;1012;1011,5;2229,2;30,6;22,4;31,4;29,9;23,2;21,5;64;59;62;55;9,1;4,5;
2026/02/11;1900 UTC;0;1011,6;1011,6;1011,4;2124,6;28,6;21,7;31,6;28,6;23,4;21,7;67;59;66;70;9,7;6;
2026/02/11;2000 UTC;0;1011,8;1011,8;1011,5;1378,2;28,8;22,2;29,6;28,6;22,7;21,8;68;65;68;63;10,8;4,9;
2026/02/11;2100 UTC;0;1012,3;1012,3;1011,8;461,6;26,9;21,8;28,8;26,9;22,4;21,8;74;67;74;59;9,7;4,1;
2026/02/11;2200 UTC;0;1012,6;1012,6;1012,2;16;25,8;21,4;26,9;25,8;21,9;21,4;77;74;77;57;7,8;3,7;
2026/02/11;2300 UTC;0;1013,2;1013,2;1012,6;;25,4;20,4;25,9;25,4;21,4;20,4;77;74;74;53;6,7;3,5;
2026/02/12;0000 UTC;0;1013,9;1013,9;1013,2;;25,1;21;25,4;25;21;20,3;78;74;78;54;6,3;3;
2026/02/12;0100 UTC;0;1014,4;1014,4;1013,9;;24,8;21,3;25,1;24,8;21,3;21;81;78;81;49;5,5;2,6;
2026/02/12;0200 UTC;0;1014,4;1014,5;1014,2;;24,7;22;24,9;24,7;22;21,3;85;81;85;57;5,4;2,7;
2026/02/12;0300 UTC;0;1014,3;1014,5;1014,3;;24,2;22,2;24,8;24,2;22,3;22;89;85;89;354;5,3;1,5;
2026/02/12;0400 UTC;0;1013,6;1014,3;1013,6;;23,8;22,4;24,2;23,5;22,4;22;92;89;92;61;2,7;1,8;
2026/02/12;0500 UTC;0;1013,1;1013,6;1013,1;;23,8;22,4;23,9;23,7;22,5;22,3;92;91;92;64;4,2;2,2;
2026/02/12;0600 UTC;0;1013;1013,1;1013;;23,6;22,2;23,8;23,6;22,3;22,2;92;92;92;63;4,2;2,2;
2026/02/12;0700 UTC;0;1013,2;1013,3;1013;;23,4;22,1;23,6;23,4;22,3;22,1;92;92;92;57;4,4;2,5;
2026/02/12;0800 UTC;0;1013,3;1013,3;1013,2;;23,4;22;23,5;23,4;22,2;22;92;92;92;56;4,6;2,7;
2026/02/12;0900 UTC;0;1014,1;1014,1;1013,3;44,7;23,6;22;23,6;23,3;22;21,8;92;91;91;44;5;2,6;
2026/02/12;1000 UTC;0;1014,6;1014,6;1014,1;436,4;25,2;22,5;25,2;23,6;22,7;22;91;85;85;44;4,6;2,7;
2026/02/12;1100 UTC;0;1015,4;1015,4;1014,6;1417;27,6;22,5;27,6;25,2;22,9;22;85;74;74;26;5,5;2,9;
2026/02/12;1200 UTC;0;1015,7;1015,7;1015,4;2310,8;28,9;22,2;28,9;27,6;22,7;21,8;74;67;67;25;6,2;3,8;
2026/02/12;1300 UTC;0;1015,7;1015,8;1015,7;3008,6;31,1;21,3;31,2;28,9;22,8;20,8;68;56;56;46;6,5;3,4;
2026/02/12;1400 UTC;0;1015,1;1015,7;1015,1;3397,1;31,7;21;32,1;30,5;22,1;19,9;57;51;53;58;8,2;3,8;
2026/02/12;1500 UTC;0;1014,7;1015,1;1014,7;3882,1;31,6;20,9;32,4;31,2;21,1;17,8;53;43;53;65;9,6;5;
2026/02/12;1600 UTC;0;1014,1;1014,7;1014,1;3753,3;31,4;18,8;32;31,1;20,9;18,1;53;45;47;61;10,6;6;
2026/02/12;1700 UTC;0;1013,4;1014,1;1013,4;3639,8;31,6;19,1;31,7;31,1;19,7;18,4;51;45;48;61;10,9;6;
2026/02/12;1800 UTC;0;1012,8;1013,4;1012,8;3166;30,6;19,6;31,7;30,6;20,1;18,7;53;46;52;57;11,2;5,8;
2026/02/12;1900 UTC;0;1012,7;1012,9;1012,7;2457;29,5;20,3;30,9;29,5;20,6;19,3;58;51;58;72;10,9;7;
2026/02/12;2000 UTC;0;1012,9;1012,9;1012,7;1557,3;28,6;20,8;29,6;28,6;21;20,3;63;58;63;57;11,9;6,2;
2026/02/12;2100 UTC;0;1013,1;1013,1;1012,8;616,2;26,8;22,1;28,6;26,8;22,1;20,7;75;63;75;60;11,4;4,7;
2026/02/12;2200 UTC;0;1013,7;1013,7;1013,1;14,8;25,8;22,3;26,8;25,8;22,4;22;81;75;81;62;9,1;3,9;
2026/02/12;2300 UTC;0;1014,6;1014,6;1013,7;;25,5;22,8;25,8;25,2;22,8;22,4;86;81;86;58;7,3;2,8;
2026/02/13;0000 UTC;0;1015,3;1015,3;1014,6;;25,4;23;25,6;25,3;23,1;22,7;87;85;86;60;7,6;3,2;
2026/02/13;0100 UTC;0;1016;1016;1015,3;;25,2;23,1;25,6;25,2;23,2;23;88;86;88;59;6,8;3,1;
2026/02/13;0200 UTC;0;1015,9;1016,1;1015,9;;25,1;23;25,3;25,1;23,1;23;88;87;88;56;6,5;3,3;
2026/02/13;0300 UTC;0;1015,3;1015,9;1015,3;;24,6;22,8;25,1;24,6;23,1;22,8;89;88;89;51;6,5;2,5;
2026/02/13;0400 UTC;0;1015,3;1015,4;1015,2;;24,5;22,7;24,7;24,4;22,8;22,6;90;89;90;64;4,7;2,3;
2026/02/13;0500 UTC;0;1015,1;1015,3;1015,1;;24,3;22,7;24,6;24,3;22,9;22,6;91;90;90;68;4,7;2,4;
2026/02/13;0600 UTC;0;1015;1015,1;1014,9;;24,4;22,7;24,6;24,3;23;22,6;91;90;91;61;5,6;2,8;
2026/02/13;0700 UTC;0;1015;1015,1;1014,9;;24;22,3;24,4;24;22,7;22,3;91;90;90;55;5,2;2,2;
2026/02/13;0800 UTC;0;1015,1;1015,1;1014,9;;23,1;21,8;24;23,1;22,4;21,8;92;90;92;34;3,7;1,6;
2026/02/13;0900 UTC;0;1015,8;1015,8;1015,1;26,5;23,3;22,1;23,3;23;22,1;21,7;93;92;93;19;3,4;1,2;
2026/02/13;1000 UTC;0;1016,3;1016,3;1015,8;551,4;25,3;22,8;25,4;23,3;23,1;22,1;93;86;86;7;3,7;2,3;
2026/02/13;1100 UTC;0;1016,6;1016,6;1016,3;1426,7;27,3;22,5;27,3;25,3;23;22,3;86;75;75;25;6,9;3,3;
2026/02/13;1200 UTC;0;1016,6;1016,8;1016,6;2278,1;29,3;22,4;29,3;27,3;22,9;21,9;76;66;66;18;6,3;3,4;
2026/02/13;1300 UTC;0;1016,5;1016,7;1016,5;3034,2;30,9;21,7;31;29,3;22,4;21;66;56;58;23;7,1;4,2;
2026/02/13;1400 UTC;0;1016,2;1016,6;1016,2;3493,6;31,6;21,4;31,9;30,9;22,1;20,5;58;52;55;13;7,6;3,6;
2026/02/13;1500 UTC;0;1015,5;1016,2;1015,5;2730,7;30,8;21,7;32,1;29,7;22,9;20;61;51;58;70;8,7;4,9;
2026/02/13;1600 UTC;0;1014,8;1015,6;1014,8;3856,4;31;20,6;31,6;30,4;22,2;20,5;61;53;54;62;11,2;4,8;
2026/02/13;1700 UTC;0;1014;1014,8;1014;3609,1;30,6;20,6;31,4;30,2;21,4;19,6;58;51;55;62;10,1;5,2;
2026/02/13;1800 UTC;0;1013,4;1014;1013,4;3120,9;30,3;20,8;30,9;30,1;20,8;18,7;57;50;57;59;9,9;5;
2026/02/13;1900 UTC;0;1013;1013,4;1013;2410,1;29,5;19,9;30,3;29,3;21;19,9;61;55;57;68;11,5;5,5;
2026/02/13;2000 UTC;0;1013;1013;1012,9;1541,1;28,6;20,3;29,5;28,5;20,8;19,8;62;56;61;52;11,2;5,2;
2026/02/13;2100 UTC;0;1013;1013,1;1012,9;613;26,8;20,8;28,6;26,8;21;20,3;70;61;70;61;9,7;5,1;
2026/02/13;2200 UTC;0;1012,9;1013,2;1012,9;28,7;25,5;21,9;26,8;25,5;22;20,6;81;70;81;57;8,4;3,5;
2026/02/13;2300 UTC;0;1013;1013,1;1012,9;;24,9;22,2;25,5;24,9;22,4;21,9;85;81;85;56;7,6;3,2;
2026/02/14;0000 UTC;0;1013,9;1013,9;1013;;24,6;22,2;25;24,6;22,4;22;86;85;86;48;6;2,5;
2026/02/14;0100 UTC;0;1014,3;1014,3;1013,9;;24,5;22,3;24,6;24,4;22,3;22,1;88;86;88;53;4,4;2,7;
2026/02/14;0200 UTC;0;1014,1;1014,3;1014,1;;24,3;22,2;24,5;24,3;22,3;22,1;88;87;88;66;4,6;1,6;
2026/02/14;0300 UTC;0;1013,9;1014,1;1013,9;;24;22,1;24,4;24;22,4;22;89;88;89;49;3,9;1,5;
2026/02/14;0400 UTC;0;1013,6;1014;1013,6;;24;22,1;24,1;23,7;22,3;21,9;90;89;89;57;3,3;2,1;
2026/02/14;0500 UTC;0;1013,3;1013,6;1013,3;;23,8;22,1;24;23,7;22,2;22;90;89;90;48;3,3;1;
2026/02/14;0600 UTC;0;1013;1013,3;1013;;23,4;22;23,8;23,4;22,1;21,9;92;90;92;57;2,3;1,4;
2026/02/14;0700 UTC;0;1012,9;1013;1012,8;;23,4;22,1;23,6;23,3;22,3;21,9;92;92;92;57;3,2;2;
2026/02/14;0800 UTC;0;1013,1;1013,1;1012,8;;23;21,8;23,4;23;22;21,7;93;92;93;57;3,3;1,6;
2026/02/14;0900 UTC;0;1013,7;1013,7;1013;27,5;22,8;21,7;23;22,5;21,7;21,3;93;92;93;37;2,8;1,7;
2026/02/14;1000 UTC;0;1014,4;1014,4;1013,7;527;25,1;22,8;25,3;22,8;23,4;21,8;94;87;87;16;3,3;2,1;
2026/02/14;1100 UTC;0;1015;1015,1;1014,4;1396,4;27,4;22,8;27,4;25,1;23,2;22,3;87;75;76;4;4,4;2,5;
2026/02/14;1200 UTC;0;1015;1015,1;1015;2243,4;29,3;22,6;29,4;27,5;23,1;22,3;76;66;67;23;5,2;2,8;
2026/02/14;1300 UTC;0;1014,6;1015;1014,6;2973;30,8;21,6;31,3;29,3;22,9;21,6;67;58;58;7;5,5;2,7;
2026/02/14;1400 UTC;0;1013,9;1014,6;1013,9;3480,3;32;21,5;32,1;30,7;23;21,3;62;54;54;28;6,2;3,4;
2026/02/14;1500 UTC;0;1013,2;1013,9;1013,2;3751,4;32,7;21,3;33,3;32;22,4;20,1;55;47;51;45;6,3;2,9;
2026/02/14;1600 UTC;0;1012,3;1013,2;1012,3;3889,8;33;22,2;33,8;32,4;22,8;20,4;56;46;53;75;7,2;3,5;
2026/02/14;1700 UTC;0;1011,8;1012,4;1011,8;3633,6;31,3;20,6;33,5;31,3;22,8;20,4;56;50;53;88;8,6;5;
2026/02/14;1800 UTC;0;1011,3;1011,8;1011,3;3082,9;30,7;20,6;31,8;30,7;21,7;20,3;56;52;55;64;8,9;5,1;
2026/02/14;1900 UTC;0;1011,1;1011,3;1011,1;2386,1;30;20,7;30,9;29,9;21;19,9;58;53;57;67;9,8;4,9;
2026/02/14;2000 UTC;0;1011,5;1011,5;1011,1;1523,3;28,5;21,2;30,1;28,5;21,4;20,4;65;57;64;72;10,7;5,6;
2026/02/14;2100 UTC;0;1012,1;1012,1;1011,5;593,5;27,1;21,5;28,5;27,1;21,7;20,8;71;64;71;60;10,1;4,7;
2026/02/14;2200 UTC;0;1012,6;1012,6;1012,1;21,4;25,8;22,7;27,1;25,8;22,8;21,4;83;71;83;69;8,1;2,7;
2026/02/14;2300 UTC;0;1013;1013;1012,6;;25,4;23,3;25,8;25,4;23,4;22,8;88;83;88;72;5,1;2,6;
2026/02/15;0000 UTC;0;1013,6;1013,6;1013;;25,1;23,3;25,5;25;23,5;23,2;90;88;90;65;4,6;1,9;
2026/02/15;0100 UTC;0;1014;1014;1013,6;;24,8;23,3;25,2;24,8;23,5;23,2;91;90;91;69;3,5;1,4;
2026/02/15;0200 UTC;0;1013,7;1014;1013,7;;24,5;23,1;24,8;24,5;23,3;23,1;92;91;92;58;2,4;1,4;
2026/02/15;0300 UTC;0;1013,3;1013,7;1013,3;;24,4;23;24,6;24,3;23,2;22,9;92;92;92;56;2,9;1,5;
2026/02/15;0400 UTC;0;1012,6;1013,3;1012,6;;24,3;22,9;24,6;24,3;23,2;22,8;92;92;92;53;3,3;1,9;
2026/02/15;0500 UTC;0;1012,2;1012,6;1012,2;;24,4;23;24,5;24,2;23,1;22,8;92;92;92;59;3,8;2;
2026/02/15;0600 UTC;0;1012,4;1012,4;1012,2;;23,8;22,4;24,4;23,7;23;22,3;92;92;92;48;3,2;,5;
2026/02/15;0700 UTC;0;1012,5;1012,5;1012,4;;24,4;23,1;24,4;23,5;23,1;22,2;93;92;93;102;2,2;1,2;
2026/02/15;0800 UTC;0;1012,6;1012,6;1012,5;;24,3;22,7;24,6;24,3;23,1;22,7;93;91;91;70;3,1;1,3;
2026/02/15;0900 UTC;0;1013,3;1013,3;1012,6;24,9;24,4;22,9;24,4;24,2;22,9;22,6;92;91;91;78;3,1;1,3;
2026/02/15;1000 UTC;0;1013,9;1013,9;1013,3;505,1;25,8;23,7;25,8;24,3;23,7;22,5;91;88;88;328;2,5;,8;
2026/02/15;1100 UTC;0;1014,2;1014,2;1013,9;1401,3;27,8;23,1;27,9;25,8;23,9;23;88;75;76;25;4,1;2,3;
2026/02/15;1200 UTC;0;1014,3;1014,5;1014,2;2272;29,4;22,4;29,6;27,8;23,5;21,5;76;64;66;33;4,4;1,9;
2026/02/15;1300 UTC;0;1014,3;1014,4;1014,2;2895,5;31,4;22;31,4;29,4;22,6;20,4;66;55;58;47;7,4;2,7;
2026/02/15;1400 UTC;0;1014,1;1014,3;1014,1;3476,7;31,7;20,6;32;30,7;22;19,5;58;49;52;66;7;3,4;
2026/02/15;1500 UTC;0;1013,5;1014,1;1013,5;3753,6;31,7;20,4;32,3;30,9;21,3;19,2;54;47;51;71;7,4;3,5;
2026/02/15;1600 UTC;0;1013;1013,5;1013;3748,2;31,4;19,8;32,3;31,2;21,2;19,5;53;48;50;69;8,5;4,7;
2026/02/15;1700 UTC;0;1012,6;1013;1012,5;3570,2;31,3;20,6;32;31,1;21,4;19,5;55;49;53;81;8,5;4,6;
2026/02/15;1800 UTC;0;1012,4;1012,6;1012,4;3075,8;30,7;20,2;31,6;30,6;21,4;20,1;56;52;54;76;9,2;5,1;
2026/02/15;1900 UTC;0;1012,1;1012,4;1012,1;2377,4;30;20,9;30,9;30;21,5;20;60;53;58;71;9,6;5,4;
2026/02/15;2000 UTC;0;1012,5;1012,5;1012,1;1518,2;28,8;21,6;30,2;28,8;22,1;20,9;66;58;65;76;9,7;5,1;
2026/02/15;2100 UTC;0;1013,2;1013,2;1012,5;578,4;27,4;21,4;28,8;27,4;21,6;21;70;64;70;66;9;4,2;
2026/02/15;2200 UTC;0;1013,7;1013,7;1013,2;23,2;26,1;22,8;27,4;26,1;22,8;21,4;82;70;82;60;8,1;2,9;
2026/02/15;2300 UTC;0;1014;1014;1013,7;;25,7;23,4;26,1;25,6;23,4;22,8;87;82;87;65;5,3;2,2;
2026/02/16;0000 UTC;0;1014,5;1014,5;1014;;25,2;23,2;25,7;25,2;23,4;23,2;89;87;89;60;4,7;1,7;
2026/02/16;0100 UTC;0;1014,8;1014,9;1014,5;;24,7;23;25,3;24,7;23,3;22,9;90;89;90;50;4,1;1,9;
2026/02/16;0200 UTC;0;1014,6;1014,9;1014,6;;24,5;23,1;24,8;24,2;23,1;22,6;92;90;92;56;3,2;1,7;
2026/02/16;0300 UTC;0;1014,4;1014,6;1014,4;;24,1;22,7;24,6;24;23,1;22,6;92;91;92;46;3,6;,7;
2026/02/16;0400 UTC;0;1013,8;1014,4;1013,8;;24,1;22,9;24,3;23,8;22,9;22,4;93;92;93;70;2,9;1,3;
2026/02/16;0500 UTC;0;1013,5;1013,9;1013,5;;23,9;22,6;24,2;23,7;23;22,4;93;92;92;65;2,9;1,6;
2026/02/16;0600 UTC;0;1013,4;1013,6;1013,3;;23,8;22,6;23,9;23,6;22,6;22,4;93;92;93;74;2,5;1,1;
2026/02/16;0700 UTC;0;1013,5;1013,5;1013,4;;23,5;22,4;23,8;23,3;22,7;22,1;93;93;93;252;2,3;,8;
2026/02/16;0800 UTC;0;1013,6;1013,7;1013,4;;23,2;22,1;23,8;23;22,7;21,9;94;93;94;289;2,1;,6;
2026/02/16;0900 UTC;0;1014;1014;1013,6;23,3;23,4;22,4;23,5;22,9;22,5;21,9;94;94;94;292;1;,2;
2026/02/16;1000 UTC;0;1014,6;1014,6;1014;533;25,6;23,9;25,7;23,2;24,3;22,2;94;90;90;25;2;1;
2026/02/16;1100 UTC;0;1015;1015,1;1014,6;1397,7;27,7;23,2;27,7;25,6;24,5;22,3;90;75;76;49;4,5;2,6;
2026/02/16;1200 UTC;0;1015,2;1015,2;1014,8;1979,7;27,9;21,6;29,1;27,5;23,4;21,4;76;65;69;32;6,8;3,9;
2026/02/16;1300 UTC;0;1014,9;1015,2;1014,9;2053,1;30,5;21,7;30,6;27,7;22,5;21,4;70;59;60;38;6,8;3;
2026/02/16;1400 UTC;0;1014,6;1014,9;1014,6;2820,1;30,8;23,1;31,1;29,7;23,1;21;63;58;63;45;5,9;2,5;
2026/02/16;1500 UTC;0;1014;1014,6;1014;3839,1;31,1;21,5;31,9;30,2;22,9;20,2;63;53;57;79;7,9;4;
2026/02/16;1600 UTC;0;1013,4;1014;1013,4;3773,8;31,4;21,8;31,8;30,2;22,7;20,7;61;54;57;68;7,6;3,7;
2026/02/16;1700 UTC;0;1012,6;1013,4;1012,6;3611,8;30,8;21,7;31,5;30,5;22,7;21;61;55;59;73;8,5;4,6;
2026/02/16;1800 UTC;0;1011,9;1012,6;1011,9;3069,1;30,6;21,5;31,7;30,3;22,2;21;60;55;58;62;8,7;4,6;
2026/02/16;1900 UTC;0;1012;1012;1011,9;2351,8;29,7;21,7;30,8;29,7;22,5;21;63;58;62;66;8,8;4,5;
2026/02/16;2000 UTC;0;1012,2;1012,2;1012;1492,6;28,7;21,4;29,9;28,6;22;20,7;66;59;65;71;9,6;5,6;
2026/02/16;2100 UTC;0;1012,6;1012,6;1012,2;562,3;27,3;22;28,7;27,3;22;21,2;73;64;73;63;10,5;4,6;
2026/02/16;2200 UTC;0;1012,9;1013;1012,6;14,9;26;22,6;27,3;26;22,7;21,8;81;72;81;64;8,9;2,9;
2026/02/16;2300 UTC;0;1013,6;1013,6;1012,9;;25,5;23,2;26;25,5;23,3;22,6;87;81;87;50;5,3;2,6;
2026/02/17;0000 UTC;0;1014,3;1014,3;1013,6;;25,4;22,7;25,6;25,3;23,3;22,7;87;85;85;54;5,5;2,6;
2026/02/17;0100 UTC;0;1014,4;1014,4;1014,3;;25,4;23;25,4;25,3;23;22,7;87;85;87;54;5,3;2,4;
2026/02/17;0200 UTC;0;1014,4;1014,6;1014,4;;25,4;23;25,4;25,2;23,1;22,9;87;86;87;52;5,2;3;
2026/02/17;0300 UTC;0;1013,9;1014,4;1013,9;;24,8;22,7;25,4;24,8;23;22,7;88;87;88;39;5,7;2,1;
2026/02/17;0400 UTC;0;1013,4;1013,9;1013,4;;24,1;22,4;24,8;24,1;22,7;22,4;90;88;90;36;4,2;1,8;
2026/02/17;0500 UTC;0;1012,6;1013,4;1012,6;;24,2;22,4;24,3;24;22,6;22,3;91;90;90;53;4;2,5;
2026/02/17;0600 UTC;0;1012,2;1012,6;1012,2;;23,6;22,1;24,2;23,6;22,5;22;91;90;91;34;4;1,5;
2026/02/17;0700 UTC;0;1012,2;1012,3;1012;;23,2;21,9;23,6;23,1;22,1;21,8;93;91;93;349;2,8;1,5;
2026/02/17;0800 UTC;0;1012,5;1012,5;1012,1;;22,8;21,7;23,2;22,8;22;21,6;93;93;93;2;2,6;1,2;
2026/02/17;0900 UTC;0;1012,7;1012,8;1012,5;24,5;23,1;22;23,1;22,6;22;21,5;93;93;93;28;3,6;2,2;
2026/02/17;1000 UTC;0;1013,1;1013,1;1012,7;514,3;25,2;22,3;25,2;23,1;22,8;22;93;84;84;18;6,1;3,6;
2026/02/17;1100 UTC;0;1013,3;1013,3;1013;1393,1;27,3;21,6;27,3;25,2;22,7;21,3;84;71;71;25;7,3;4,6;
2026/02/17;1200 UTC;0;1013,4;1013,5;1013,3;2239,9;29,8;22,4;29,9;27,3;22,8;21,4;72;63;64;359;7,3;2,7;
2026/02/17;1300 UTC;0;1013,1;1013,4;1013,1;2982,1;31,1;21,8;31,2;29,8;22,9;21,4;65;56;58;352;6,8;3,4;
2026/02/17;1400 UTC;0;1012,7;1013,1;1012,7;3440,2;32,2;22,3;32,3;30,9;23,2;21,1;61;53;56;339;6,8;3,4;
2026/02/17;1500 UTC;0;1012,2;1012,7;1012,2;3520,8;32,5;22;32,9;30,9;22,6;20,3;57;51;54;347;6,9;2,8;
2026/02/17;1600 UTC;0;1011,2;1012,2;1011,2;3969,9;33,4;20,8;33,8;32,2;22,2;20,2;54;46;48;6;6,4;3,2;
2026/02/17;1700 UTC;0;1010,3;1011,2;1010,3;3424,3;32,4;22,3;34;31,3;22,3;20,4;57;45;55;65;7,2;4,2;
2026/02/17;1800 UTC;0;1009,8;1010,3;1009,8;2943,2;30,9;21,2;32,5;30,9;22,4;20,9;57;53;56;68;9,7;5;
2026/02/17;1900 UTC;0;1009,5;1009,8;1009,5;2141,7;30,6;21,2;31,2;30,4;22,1;20,7;59;56;57;62;9,7;5,1;
2026/02/17;2000 UTC;0;1009,2;1009,6;1009,2;1336,6;28,4;21,4;30,6;28,4;21,7;20,9;66;56;66;60;10,5;5,5;
2026/02/17;2100 UTC;0;1009,4;1009,4;1009,1;510,7;27,4;21,4;28,5;27,4;21,7;21,2;70;65;70;57;11,7;4,9;
2026/02/17;2200 UTC;0;1009,7;1009,7;1009,4;10,6;26,2;21,3;27,3;26,2;21,4;21,1;75;70;75;51;9,1;4,6;
2026/02/17;2300 UTC;0;1010,2;1010,2;1009,6;;25,9;21,4;26,2;25,7;21,5;21,3;77;75;76;52;8,6;4;
2026/02/18;0000 UTC;0;1010,5;1010,5;1010,1;;25,7;21,3;25,9;25,6;21,4;21,1;77;76;77;51;8,2;3,7;
2026/02/18;0100 UTC;0;1010,6;1010,7;1010,5;;25,1;21,4;25,7;25;21,4;21,2;80;77;80;43;6,6;2,6;
2026/02/18;0200 UTC;0;1010,5;1010,6;1010,5;;24,5;21,5;25,3;24,5;21,6;21,3;83;80;83;30;5,5;1,6;
2026/02/18;0300 UTC;0;1010;1010,5;1010;;24,1;21,6;24,6;24,1;21,9;21,4;86;83;86;58;4,3;1,7;
2026/02/18;0400 UTC;0;1009,4;1010;1009,4;;23,7;21,7;24,2;23,6;21,8;21,4;89;86;88;56;3,6;1,8;
2026/02/18;0500 UTC;0;1008,8;1009,4;1008,8;;23,4;21,7;23,7;23,4;21,7;21,6;90;88;90;57;3,6;2,4;
2026/02/18;0600 UTC;0;1008,8;1008,9;1008,8;;23;21,6;23,5;22,8;21,7;21,3;92;90;92;40;3,6;2,1;
2026/02/18;0700 UTC;0;1008,4;1008,8;1008,4;;23,2;21,4;23,4;23;21,8;21,4;92;89;89;38;4,6;3;
2026/02/18;0800 UTC;0;1008,7;1008,7;1008,4;;22,9;21,4;23,3;22,9;21,5;21,2;91;89;91;35;4,8;2,2;
2026/02/18;0900 UTC;0;1009,2;1009,2;1008,7;21,6;23,3;21,8;23,3;22,8;21,8;21,4;92;91;91;36;5,4;3,1;
2026/02/18;1000 UTC;0;1009,2;1009,3;1009,1;499,9;25,8;22,5;25,9;23,3;22,7;21,8;91;82;82;25;5,5;3,1;
2026/02/18;1100 UTC;0;1009,6;1009,7;1009,2;1361,3;28,8;23;28,8;25,8;23,3;22,3;82;71;71;12;5,9;3,2;
2026/02/18;1200 UTC;0;1009,6;1009,6;1009,4;2243,1;30,8;21,9;30,8;28,8;23,2;21,6;71;59;59;5;6,9;3,9;
2026/02/18;1300 UTC;0;1009,5;1009,7;1009,5;2956,7;32,3;21,4;32,5;30,8;22,3;21;59;52;53;7;7,4;3,9;
2026/02/18;1400 UTC;0;1009,2;1009,5;1009,2;3471,3;33,2;21,7;33,6;32,3;22,7;21,5;56;50;51;13;7,1;4;
2026/02/18;1500 UTC;0;1008,5;1009,2;1008,5;3756;33,9;21;34,4;33,2;22,3;20,9;52;46;47;5;6,5;3,8;
2026/02/18;1600 UTC;0;1007,8;1008,5;1007,8;3824,9;33,1;22,2;35,4;32,9;22,2;20;53;42;53;68;8,1;4;
2026/02/18;1700 UTC;0;1007,1;1007,8;1007,1;3584,9;32,2;21;33,4;32,1;22,6;20,6;55;50;52;73;8,8;5,9;
2026/02/18;1800 UTC;0;1006,5;1007,1;1006,5;3033,6;31,8;21,4;32,7;31,6;21,9;20,4;55;50;54;66;10;5,7;
2026/02/18;1900 UTC;0;1006,1;1006,5;1006;2318,2;31;20,6;32,1;30,9;21,5;20,3;56;52;54;66;10,3;4,7;
2026/02/18;2000 UTC;0;1005,9;1006,1;1005,8;1446,8;29,6;20,9;31,2;29,6;21;20,1;60;53;60;62;10,1;4,7;
2026/02/18;2100 UTC;0;1006;1006;1005,7;518;27,5;21,6;29,6;27,5;21,9;20,8;70;59;70;61;9,3;4,7;
2026/02/18;2200 UTC;0;1007;1007;1006;7,4;26;21;27,5;26;21,8;21;75;70;74;55;8,8;2,8;
2026/02/18;2300 UTC;0;1007,1;1007,2;1007;;25,3;20,6;26;25,3;21;20,5;75;74;75;54;5,4;2,8;
2026/02/19;0000 UTC;0;1007,8;1007,8;1007,1;;24,7;20,8;25,4;24,7;20,8;20,6;79;75;79;37;5,4;1,8;
2026/02/19;0100 UTC;0;1007,9;1007,9;1007,8;;24,7;21,4;25,1;24,5;21,4;20,8;82;79;82;55;5,1;2,1;
2026/02/19;0200 UTC;0;1008,1;1008,2;1007,9;;24,1;21,7;24,8;24,1;21,8;21,4;86;82;86;43;3,4;1,4;
2026/02/19;0300 UTC;0;1007,9;1008,1;1007,8;;24;22;24,2;23,7;22;21,5;89;86;89;64;2,4;1,4;
2026/02/19;0400 UTC;0;1007,4;1007,9;1007,4;;23,7;21,9;24;23,6;22;21,7;90;88;90;70;1,9;1,3;
2026/02/19;0500 UTC;0;1006,5;1007,4;1006,5;;23,5;21,8;23,8;23,5;22,2;21,8;91;90;90;59;2,7;1,2;
2026/02/19;0600 UTC;0;1006,3;1006,5;1006,2;;22,9;21,6;23,5;22,9;21,8;21,5;92;90;92;35;2,7;1,2;
2026/02/19;0700 UTC;0;1005,7;1006,3;1005,7;;22,9;21,7;23,2;22,8;21,9;21,5;93;92;93;51;2,7;1,2;
2026/02/19;0800 UTC;0;1005,8;1005,8;1005,6;;22,9;21,7;23;22,8;21,8;21,6;93;93;93;40;3,6;1,8;
2026/02/19;0900 UTC;0;1006,3;1006,3;1005,7;21;23,4;22,1;23,4;22,8;22,1;21,5;93;93;93;42;3,3;1,6;
2026/02/19;1000 UTC;0;1006,9;1006,9;1006,3;499,3;26,2;22,8;26,2;23,4;22,9;22,2;93;81;81;8;3,4;1,9;
2026/02/19;1100 UTC;0;1007,5;1007,5;1006,9;1357,6;28,8;22,5;28,8;26,2;22,9;22,1;81;69;69;4;4,8;2,6;
2026/02/19;1200 UTC;0;1007,8;1007,8;1007,5;2215,3;31;22,2;31,1;28,7;23;21,8;69;59;60;337;4,9;2,7;
2026/02/19;1300 UTC;0;1007,6;1007,8;1007,6;2928,5;32,4;20,9;32,5;30,9;22,6;20,6;60;50;51;3;5,6;3,1;
2026/02/19;1400 UTC;0;1007,4;1007,6;1007,4;3438,1;33,2;21,2;33,6;32,2;22,7;21;54;49;49;360;6;3,1;
2026/02/19;1500 UTC;0;1006,9;1007,4;1006,9;3704,4;33,8;21,2;34,2;33,1;22,5;20,6;52;46;48;347;5,8;2,5;
2026/02/19;1600 UTC;0;1006,4;1006,9;1006,4;3286,5;33,2;20,3;35,2;33,2;22,6;20,1;51;44;47;358;6,1;3,1;
2026/02/19;1700 UTC;0;1005,8;1006,4;1005,7;1887,8;31,9;22,1;34,8;31,9;22,4;20,3;56;44;56;63;5,4;2,8;
2026/02/19;1800 UTC;0;1006,4;1006,6;1005,7;592,1;28;21,9;32,3;28;22,7;19,1;69;49;69;161;8;3,4;
2026/02/19;1900 UTC;1,4;1006,3;1006,5;1006,1;309,7;26,7;23,5;28;26,1;23,7;21,8;85;70;83;93;8;1,5;
2026/02/19;2000 UTC;0;1006,6;1006,6;1006,2;794,1;29,3;22,4;30,3;26,7;24,4;22,4;83;64;67;39;3,3;1,3;
2026/02/19;2100 UTC;0;1006,5;1006,8;1006,5;245,8;27,8;22,7;29,3;27,8;24,4;22,4;76;67;74;82;2,7;1,5;
2026/02/19;2200 UTC;0;1007,2;1007,2;1006,5;6,1;26,3;23,1;27,8;26,2;23,1;22,1;83;73;83;87;3,8;1,9;
2026/02/19;2300 UTC;0;1008;1008;1007,2;;25,6;22,8;26,3;25,5;23,2;22,8;86;83;85;46;4,5;2,9;
2026/02/20;0000 UTC;0;1008,4;1008,4;1008;;25,3;23;25,6;25,3;23;22,6;87;85;87;78;4,5;2,1;
2026/02/20;0100 UTC;,2;1009;1009;1008,3;;25,2;23,2;25,3;25,1;23,3;23;89;87;88;90;4,4;1,4;
2026/02/20;0200 UTC;0;1008,8;1009,2;1008,8;;25;23,3;25,3;24,9;23,3;23;90;88;90;77;3;1,9;
2026/02/20;0300 UTC;0;1008,9;1009,1;1008,8;;24,8;23,2;25,1;24,5;23,4;22,9;91;90;91;247;3;,6;
2026/02/20;0400 UTC;0;1008,5;1009;1008,5;;24,4;23,1;24,8;24,1;23,2;22,6;93;91;92;101;1,3;,8;
2026/02/20;0500 UTC;0;1007,7;1008,5;1007,7;;24,5;23,2;24,7;24,4;23,4;23;93;92;93;91;2,6;,6;
2026/02/20;0600 UTC;0;1007,7;1007,7;1007,4;;23,9;22,7;24,5;23,8;23,2;22,5;93;92;93;328;3;,4;
2026/02/20;0700 UTC;0;1007,4;1007,8;1007,4;;23,4;22,3;23,9;23,3;22,5;22,2;94;93;94;275;1,5;,7;
2026/02/20;0800 UTC;0;1007,3;1007,5;1007,2;;23,9;22,9;23,9;23,3;22,9;22,3;94;94;94;251;2,1;,6;
2026/02/20;0900 UTC;0;1007,4;1007,5;1007,2;20,4;23,5;22,6;23,9;23,4;22,9;22,5;94;94;94;19;1,7;,9;
2026/02/20;1000 UTC;0;1008,2;1008,2;1007,4;208,4;24,1;23,2;24,4;23,5;23,5;22,6;95;94;94;355;3,3;2;
2026/02/20;1100 UTC;0;1008,4;1008,4;1008,1;1184;26,8;24,1;26,9;24,1;25,3;23,2;95;86;86;348;3,5;2;
2026/02/20;1200 UTC;0;1008,5;1008,7;1008,4;2032,6;29,2;23,5;29,2;26,3;24,4;22,3;86;68;71;352;4,5;1,3;
2026/02/20;1300 UTC;0;1008,1;1008,6;1008,1;2879,1;31;24,1;31;29,1;24,1;22,1;71;63;67;184;5,6;1,4;
2026/02/20;1400 UTC;0;1007,5;1008,2;1007,5;3246,1;31,7;23;32,3;30,3;24;22,5;66;59;60;46;5,6;1,5;
2026/02/20;1500 UTC;0;1006,6;1007,5;1006,6;3758,7;32,8;22,5;32,9;31,5;23,8;22;62;55;55;140;3,9;1,6;
2026/02/20;1600 UTC;0;1005,8;1006,6;1005,8;3647,9;33,9;21,8;34,3;32,2;23,5;21,8;58;49;49;46;3,9;1,8;
2026/02/20;1700 UTC;0;1004,8;1005,8;1004,8;3585,7;35,2;21,7;35,2;33,7;22,6;20,7;51;45;46;59;4,2;2;
2026/02/20;1800 UTC;0;1004,5;1004,9;1004,5;2662,1;32;22,9;35,2;31,5;24,2;21,1;62;44;59;75;7,8;4,5;
2026/02/20;1900 UTC;0;1004,4;1004,6;1004,4;2228,3;31,1;22,8;32,6;31,1;24;22,6;63;59;62;82;7,6;4,1;
2026/02/20;2000 UTC;0;1005,3;1005,4;1004,4;210,9;28,6;22,7;31,1;28,5;23;22,3;71;62;70;87;7,6;2,5;
2026/02/20;2100 UTC;0;1006,3;1006,4;1005,3;54,9;26,4;20,7;28,7;26,4;23,2;20,7;76;70;71;234;5,8;3,6;
2026/02/20;2200 UTC;0;1006,4;1006,5;1006,3;2,2;26,6;21,5;26,6;25,1;21,7;20,5;80;71;74;112;5,8;1,9;
2026/02/20;2300 UTC;0;1007,4;1007,4;1006,4;;26,5;23,6;27,1;26,5;23,6;21,1;84;70;84;92;3,8;1,6;
2026/02/21;0000 UTC;0;1008,1;1008,1;1007,4;;26;23,8;26,5;25,4;23,9;23,3;89;84;88;120;2,9;1,1;
2026/02/21;0100 UTC;0;1008,5;1008,6;1008,1;;25,4;23,4;26;24,6;23,7;22,1;88;85;88;126;2,4;1,2;
2026/02/21;0200 UTC;0;1008,3;1008,6;1008,3;;26,1;23,7;26,2;25,4;24;23,2;89;86;87;88;3,5;1,9;
2026/02/21;0300 UTC;0;1007,8;1008,4;1007,8;;25,3;23;26,1;25,2;23,7;23;87;86;87;191;3,4;,7;
2026/02/21;0400 UTC;0;1007,4;1007,8;1007,4;;24,9;23,3;25,4;24,6;23,3;22,6;91;87;91;41;1,6;,8;
2026/02/21;0500 UTC;0;1006,8;1007,4;1006,7;;24,2;22,9;24,9;24,2;23,3;22,9;93;91;93;228;2,3;1,5;
2026/02/21;0600 UTC;0;1006,6;1006,8;1006,4;;24;22,6;24,3;24;23;22,6;93;92;92;260;2,7;1,3;
2026/02/21;0700 UTC;0;1006,8;1006,8;1006,6;;23,3;22;24;23,3;22,6;22;93;92;93;313;2,4;,9;
2026/02/21;0800 UTC;0;1007,2;1007,2;1006,8;;23;21,9;23,3;22,9;22,1;21,8;94;93;94;299;1,9;,8;
2026/02/21;0900 UTC;0;1007,8;1007,8;1007,1;25,2;23,3;22,3;23,3;22,7;22,3;21,7;94;94;94;354;2,2;1,5;
2026/02/21;1000 UTC;0;1008,3;1008,3;1007,8;498,8;25,8;23,7;25,9;23,4;24;22,3;94;88;88;299;2,2;,8;
2026/02/21;1100 UTC;0;1008,8;1008,8;1008,3;1274,6;27,4;22,8;27,7;25,8;23,9;22,6;88;76;76;244;3,1;1,6;
2026/02/21;1200 UTC;0;1009,1;1009,1;1008,8;2179,3;29,4;22,7;30,1;27,4;23,4;22,4;77;66;68;34;3,1;1,5;
2026/02/21;1300 UTC;0;1009,1;1009,2;1009;2899,7;31,7;23;31,7;29,3;24;22;69;59;60;346;3,8;1,4;
2026/02/21;1400 UTC;0;1008,9;1009,1;1008,9;3440,6;33,1;22,6;33,1;31;23,7;22;62;53;54;16;3,7;1,6;
2026/02/21;1500 UTC;0;1008,6;1008,9;1008,6;2841,8;32,3;23,2;33,9;31,8;23,3;21,7;59;50;59;172;3,8;1,3;
2026/02/21;1600 UTC;0;1007,6;1008,6;1007,6;3630,6;33,2;24,8;34,1;32;24,8;21,4;64;49;61;88;5,5;1,9;
2026/02/21;1700 UTC;0;1007;1007,6;1006,9;2199,4;31,7;23,5;33,6;31,7;24,8;22,9;63;56;62;101;6,8;2,4;
2026/02/21;1800 UTC;0;1006,9;1007;1006,4;673,8;29,8;23;31,7;29,8;23,6;22,7;68;61;67;70;6,3;3;
2026/02/21;1900 UTC;0;1007,9;1007,9;1006,8;488,7;28,9;22;29,8;28,8;23,1;21,7;68;65;66;45;6,2;1,6;
2026/02/21;2000 UTC;0;1008,3;1008,6;1007,8;427,7;26,1;20,6;28,9;26;22,3;20,3;73;65;72;322;8,9;3,8;
2026/02/21;2100 UTC;0;1007,9;1008,3;1007,9;195,5;24,9;20,7;26,3;24,9;20,9;20,5;78;71;78;345;6,5;1,6;
2026/02/21;2200 UTC;0;1007,9;1008,1;1007,8;3,4;23,8;21,5;24,9;23,7;21,5;20,7;87;78;87;35;4,4;1,5;
2026/02/21;2300 UTC;0;1009;1009;1007,9;;23,9;21,1;24,5;23,6;22,1;21,1;88;83;84;64;4;2,2;
2026/02/22;0000 UTC;0;1010;1010;1009;;24,2;21,7;24,4;23,6;21,7;20,9;86;83;86;235;3,3;1,4;
2026/02/22;0100 UTC;0;1010,4;1010,4;1009,9;;24;21,7;24,2;23,5;22,1;21,5;89;86;87;197;2,4;,8;
2026/02/22;0200 UTC;0;1010,2;1010,4;1010,1;;23,4;21,4;24,4;23,3;21,7;21,3;89;85;89;221;2,4;1,6;
2026/02/22;0300 UTC;0;1009,8;1010,2;1009,8;;23,4;21,9;24,4;23,2;22,8;21,4;91;89;91;249;2,4;1,1;
2026/02/22;0400 UTC;0;1009,4;1009,8;1009,4;;23,3;21,9;23,5;23,1;22,1;21,7;92;91;92;205;3,1;,8;
2026/02/22;0500 UTC;0;1008,7;1009,4;1008,7;;22,8;21,7;23,3;22,8;22;21,6;93;92;93;232;2,3;1,2;
2026/02/22;0600 UTC;0;1008,3;1008,7;1008,3;;22,5;21,5;23;22,5;22;21,5;94;93;94;217;2,6;1,1;
2026/02/22;0700 UTC;0;1008,5;1008,6;1008,3;;23,3;22,3;23,3;22,3;22,3;21,2;94;94;94;307;2,1;,2;
2026/02/22;0800 UTC;,2;1008,7;1008,7;1008,4;;23,4;22,4;23,4;23,3;22,4;22,2;94;94;94;284;2;1;
2026/02/22;0900 UTC;0;1008,8;1008,9;1008,6;8,3;23,2;22,3;23,4;22,9;22,4;21,9;94;94;94;295;1,9;1,1;
2026/02/22;1000 UTC;0;1009,6;1009,6;1008,8;157,2;23,9;22,9;24,1;23,2;23,1;22,3;94;94;94;341;1,9;,6;
2026/02/22;1100 UTC;0;1010,4;1010,4;1009,6;465;24,9;23,3;24,9;23,9;23,4;22,9;94;91;91;360;2,8;1,4;
2026/02/22;1200 UTC;0;1010,4;1010,5;1010,4;1565,1;27,8;23,2;27,8;24,8;23,5;22,7;91;75;76;37;3,7;1,3;
2026/02/22;1300 UTC;0;1010,3;1010,5;1010,3;2895;29;23,2;29;26,9;23,7;21,9;78;69;71;64;4;1,4;
2026/02/22;1400 UTC;0;1009,6;1010,3;1009,6;2702,6;31;22,4;31,1;28,3;23,4;21,8;71;59;60;26;3,8;1,7;
2026/02/22;1500 UTC;0;1009,2;1009,7;1009,2;3496;31,9;22,7;31,9;30;23;21,5;64;56;58;283;4,8;1,4;
2026/02/22;1600 UTC;0;1008,3;1009,2;1008,3;3850,9;32,5;21,8;33,2;31,2;23,3;21,2;60;52;53;205;3,9;1,6;
2026/02/22;1700 UTC;0;1007,5;1008,3;1007,5;2119,7;31,9;23,5;33,1;31,3;23,5;20,7;61;49;61;56;3,6;1,8;
2026/02/22;1800 UTC;0;1006,8;1007,5;1006,8;2283,4;32,3;23;32,8;31;23,4;21,4;62;53;58;60;4,8;2,2;
2026/02/22;1900 UTC;0;1007;1007;1006,7;875,6;28,5;21,8;32,3;28,5;23,2;21,7;67;57;67;76;8,5;4,4;
2026/02/22;2000 UTC;0;1007,5;1007,5;1006,9;232,9;27,2;22,3;28,5;27,2;22,4;21,6;75;66;75;69;8;3,7;
2026/02/22;2100 UTC;0;1008,2;1008,2;1007,4;42,3;26,4;21,8;27,2;26,4;22,6;21,8;78;75;76;245;6,5;2,3;
2026/02/22;2200 UTC;0;1008,4;1008,7;1008,2;;25,8;21,8;26,4;25,1;22;21,1;81;76;78;125;4,5;1,3;
2026/02/22;2300 UTC;0;1009;1009;1008,4;;26,1;22,7;26,2;25,5;22,8;21,7;82;78;82;112;4;1,5;
2026/02/23;0000 UTC;0;1009,5;1009,6;1009;;25,9;22,9;26,1;25,7;23;22,8;84;82;84;137;4,3;1,3;
2026/02/23;0100 UTC;0;1009,9;1009,9;1009,5;;25,8;23,1;26;25,7;23,1;22,8;85;84;85;176;3,2;,6;
2026/02/23;0200 UTC;0;1009,6;1010;1009,6;;25,5;23,3;25,9;25,4;23,3;23;88;85;88;75;3,3;1,8;
2026/02/23;0300 UTC;0;1009,2;1009,6;1009,2;;25,5;23,3;25,6;25,3;23,4;23,2;88;87;88;67;4,6;2,6;
2026/02/23;0400 UTC;0;1008,6;1009,2;1008,6;;25,1;23,2;25,5;25,1;23,4;23,2;89;88;89;57;5,8;2,2;
2026/02/23;0500 UTC;0;1007,6;1008,6;1007,6;;24,7;22,9;25,1;24,7;23,2;22,8;90;89;90;57;4,7;2,2;
2026/02/23;0600 UTC;0;1007,2;1007,7;1007,2;;24,4;22,8;24,8;24,4;23;22,8;91;90;91;53;4,5;1,9;
2026/02/23;0700 UTC;0;1007,3;1007,6;1007,2;;23,8;22,5;24,4;23,6;22,8;22,3;93;91;93;51;3,2;,3;
2026/02/23;0800 UTC;0;1007,4;1007,7;1007,3;;24,1;22,9;24,2;23,5;23;22,3;93;92;93;261;1,3;,4;
2026/02/23;0900 UTC;0;1007,8;1007,8;1007,3;26,1;23,7;22,5;24,1;23,5;22,8;22,3;93;93;93;47;1,1;,6;
2026/02/23;1000 UTC;0;1008,2;1008,2;1007,7;493,4;26,2;23,6;26,2;23,6;24,4;22,4;93;86;86;59;3,6;1,6;
2026/02/23;1100 UTC;0;1008,5;1008,6;1008,2;1073,8;27,8;23;27,9;26,1;23,8;22,7;86;75;75;33;4,4;1,5;
2026/02/23;1200 UTC;0;1008,7;1008,7;1008,5;2017,6;29,2;22,9;29,5;27,5;23,5;22,5;76;69;69;23;3,9;2,1;
2026/02/23;1300 UTC;0;1008,5;1008,7;1008,5;2416,5;31;23,1;31;29,1;23,7;22,4;70;63;63;28;4,7;2,3;
2026/02/23;1400 UTC;0;1008,1;1008,6;1008,1;3012,2;31,6;22,1;32,1;30,8;23,8;21,9;65;57;57;14;5;1,7;
2026/02/23;1500 UTC;0;1007,3;1008,1;1007,3;1467,2;31,7;22,6;31,7;30,1;23,7;21,8;67;57;59;91;3,6;1,1;
2026/02/23;1600 UTC;4,6;1006,6;1007,3;1006,6;1428;27,2;23,4;31,9;26,6;24,4;21,6;81;55;80;99;5,3;2,6;
2026/02/23;1700 UTC;,2;1005,6;1006,6;1005,6;2158;30,5;23,7;30,5;27,2;24,7;22,8;81;65;67;74;6,9;4;
2026/02/23;1800 UTC;0;1005,2;1005,6;1005;2670,3;29,6;22,7;30,5;29,4;23,9;22,3;70;65;67;81;9,2;5,1;
2026/02/23;1900 UTC;0;1005,7;1005,8;1005,2;1229,1;27,7;22,8;29,6;27,7;23,2;21,9;75;66;75;69;9,2;4,5;
2026/02/23;2000 UTC;0;1006;1006;1005,6;362,3;26,9;23,1;27,7;26,9;23,1;22,7;80;75;80;69;9,6;5,1;
2026/02/23;2100 UTC;0;1006,5;1006,5;1005,9;54,4;26,6;23,3;26,9;26,6;23,3;22,9;82;79;82;70;9,6;4;
2026/02/23;2200 UTC;0;1007,1;1007,1;1006,5;;26,5;23,4;26,6;26,4;23,5;23,3;83;82;83;61;8,2;2,2;
2026/02/23;2300 UTC;1,4;1007,9;1007,9;1007,1;;25,6;23,8;26,5;25,6;23,9;23,4;90;83;90;81;5;1,7;
2026/02/24;0000 UTC;1;1008,1;1008,3;1007,9;;25,8;24,3;25,8;25,5;24,3;23,9;92;90;92;85;4,4;2,4;
2026/02/24;0100 UTC;,4;1008;1008,2;1008;;25,8;24,3;26;25,7;24,4;24,2;92;91;91;73;5,1;2,4;
2026/02/24;0200 UTC;,4;1007,8;1008;1007,6;;25,8;24,3;25,8;25,7;24,4;24,2;92;91;92;73;4,8;1,6;
2026/02/24;0300 UTC;0;1007,3;1007,8;1007,3;;25,9;24,3;26;25,8;24,4;24,3;92;91;91;72;4,8;2,4;
2026/02/24;0400 UTC;,2;1007;1007,4;1006,9;;25,2;23,8;25,9;25,2;24,3;23,8;92;91;92;58;4,8;2;
2026/02/24;0500 UTC;0;1006,2;1007;1006,2;;24,9;23,6;25,2;24,9;23,8;23,6;93;92;93;77;3,4;1,3;
2026/02/24;0600 UTC;0;1005,8;1006,2;1005,8;;24,7;23,5;24,9;24,7;23,7;23,5;93;93;93;65;2,3;,9;
2026/02/24;0700 UTC;0;1005,9;1005,9;1005,8;;24,7;23,5;24,7;24,6;23,6;23,5;94;93;93;94;2,4;1,4;
2026/02/24;0800 UTC;0;1006,3;1006,3;1005,9;;24,4;23,1;24,7;24,4;23,5;23,1;93;92;92;71;3,2;1,3;
2026/02/24;0900 UTC;,2;1006,4;1006,4;1006,3;4,9;24,3;23,1;24,4;24,2;23,1;22,9;93;92;93;68;2,9;1,3;
2026/02/24;1000 UTC;0;1006,7;1006,7;1006,4;245,7;25,1;23,9;25,1;24,3;24;23,1;93;93;93;55;3,1;1;
2026/02/24;1100 UTC;0;1006,7;1006,7;1006,6;499,6;25,7;24,1;25,7;25,1;24,2;23,9;93;91;91;353;2,9;1,6;
2026/02/24;1200 UTC;0;1006,8;1006,8;1006,7;1089,7;27,2;24,2;27,3;25,7;24,6;24,1;91;84;84;358;3,4;2,1;
2026/02/24;1300 UTC;0;1007;1007;1006,8;1340,4;27,3;24;27,7;26,8;24,7;23,8;85;82;83;342;4,8;2,4;
2026/02/24;1400 UTC;0;1006,4;1007;1006,4;1585,1;28;23,3;28,2;27,2;24,1;22,9;83;74;76;351;4,5;1,7;
2026/02/24;1500 UTC;0;1005,9;1006,4;1005,9;2043,9;29,8;23,3;29,9;28;24,6;22,8;76;68;68;36;4,1;1,7;
2026/02/24;1600 UTC;0;1005,2;1005,9;1005,2;1801,5;29,9;23,2;30,2;29,1;24,2;22,6;71;66;67;141;3,5;,5;
2026/02/24;1700 UTC;0;1004,4;1005,2;1004,4;2048,7;31;23,2;31,5;29,6;24;22,5;70;61;63;24;3,4;1,8;
2026/02/24;1800 UTC;,2;1003,4;1004,4;1003,3;2108,6;29,9;24,1;31,4;29,8;24,6;22,3;72;60;72;75;6;3,2;
2026/02/24;1900 UTC;0;1003;1003,4;1003;1330,2;28,9;23,7;30,2;28,7;24,6;23,6;75;71;73;90;7,2;3,5;
2026/02/24;2000 UTC;0;1003,1;1003,1;1003;405,5;26,9;22,6;28,9;26,9;23,6;22,6;78;73;77;83;8,2;4,1;
2026/02/24;2100 UTC;0;1003,8;1003,9;1002,9;21,4;25,9;23,1;26,8;25,9;23,1;22,6;84;77;84;66;7;2,8;
2026/02/24;2200 UTC;0;1004,9;1004,9;1003,8;;25,4;23,5;25,9;25,4;23,6;23,1;90;84;90;248;5,4;,6;
2026/02/24;2300 UTC;1,2;1005,4;1005,4;1004,9;;25,1;23,6;25,4;25,1;23,7;23,5;92;90;92;114;2;,7;
2026/02/25;0000 UTC;1;1005,5;1005,7;1005,4;;24,8;23,5;25,1;24,8;23,6;23,4;92;92;92;59;2;,5;
2026/02/25;0100 UTC;,2;1005,2;1005,5;1005,2;;24,2;23;24,8;24,2;23,5;23;93;92;93;263;2,5;,5;
2026/02/25;0200 UTC;0;1004,6;1005,2;1004,6;;24,1;23,1;24,2;24,1;23,1;23;94;93;94;232;3,2;,9;
2026/02/25;0300 UTC;0;1004,1;1004,6;1004,1;;24,2;23,2;24,2;24,1;23,2;23;94;94;94;180;2,2;,4;
2026/02/25;0400 UTC;0;1003,7;1004,1;1003,6;;24,2;23,2;24,3;24,1;23,3;23,1;94;94;94;182;1,9;,7;
2026/02/25;0500 UTC;0;1003;1003,7;1003;;24,2;23,2;24,2;24;23,2;23;94;94;94;187;1,6;,5;
2026/02/25;0600 UTC;0;1002,7;1003;1002,6;;23,9;23;24,2;23,8;23,2;22,8;94;94;94;232;2,2;1;
2026/02/25;0700 UTC;0;1002,5;1002,7;1002,4;;24;23,1;24,1;23,9;23,1;23;94;94;94;266;1,5;,9;
2026/02/25;0800 UTC;0;1003;1003;1002,5;;23,9;23;24,1;23,8;23,1;22,9;95;94;95;325;2,3;1,1;
2026/02/25;0900 UTC;0;1003,5;1003,5;1003;20;23,8;22,9;23,9;23,8;23;22,9;95;95;95;311;2,1;1,3;
2026/02/25;1000 UTC;0;1003,9;1003,9;1003,5;284,5;24,9;23,9;24,9;23,8;23,9;22,9;95;94;94;11;3,1;1,5;
2026/02/25;1100 UTC;0;1004,2;1004,2;1003,9;1027,9;27,1;24,8;27,1;24,9;25,3;23,9;94;87;87;12;3,9;2,4;
2026/02/25;1200 UTC;0;1004,1;1004,2;1004,1;2119,2;28,8;24,4;28,8;27,1;25;23,8;88;77;77;6;5,2;3,2;
2026/02/25;1300 UTC;0;1003,7;1004,1;1003,7;2936,7;31;23,8;31,1;28,8;24,7;22,9;77;63;66;340;5,5;2,4;
2026/02/25;1400 UTC;0;1003,1;1003,7;1003,1;3351,3;32;24,4;32;30,6;24,4;23,1;67;62;64;309;7;2,9;
2026/02/25;1500 UTC;0;1002,2;1003,1;1002,2;3279,2;33;23,3;33,1;31,3;24,5;22,3;66;55;57;308;7,2;3,5;
2026/02/25;1600 UTC;0;1001,3;1002,2;1001,3;3588,7;33,3;22,5;33,6;32,3;23,6;21,7;58;51;53;288;7,1;3,6;
2026/02/25;1700 UTC;0;1000,5;1001,3;1000,5;3439,7;34;21,6;34,2;33,1;23,3;21,6;54;48;48;294;7;2,6;
2026/02/25;1800 UTC;0;1000,1;1000,5;1000,1;2630,3;30,9;23,3;34,7;30,2;24,1;21,2;68;46;64;66;7,4;4,1;
2026/02/25;1900 UTC;0;1000;1000,1;999,9;2156,4;30,1;22,5;31,6;29,9;24,1;21,3;66;58;64;68;9,7;5,4;
2026/02/25;2000 UTC;0;1000;1000,1;1000;1306,9;28,5;22,9;30,1;28,2;23,1;21,9;73;63;72;56;9,7;4,5;
2026/02/25;2100 UTC;0;1000;1000;999,6;397,4;27,5;22,7;28,5;27,5;23,1;22,5;76;72;75;50;9;3,8;
2026/02/25;2200 UTC;0;1000,5;1000,5;1000;2,2;26,5;22,8;27,5;26,5;22,8;22,5;80;75;80;51;7,8;2,5;
2026/02/25;2300 UTC;0;1001,5;1001,5;1000,5;;26,2;23,2;26,5;26,2;23,3;22,8;84;80;83;64;5;2,4;
2026/02/26;0000 UTC;0;1002,2;1002,2;1001,5;;25,9;23,3;26,3;25,9;23,3;23,1;86;83;86;62;4,5;1,5;
2026/02/26;0100 UTC;0;1001,7;1002,2;1001,7;;25,6;23,1;25,9;25,6;23,4;23,1;87;86;86;48;3;1,6;
2026/02/26;0200 UTC;0;1000,7;1001,7;1000,7;;25;22,9;25,7;25;23,2;22,9;88;86;88;48;3,3;1,6;
2026/02/26;0300 UTC;0;1000,3;1000,7;1000,3;;24,5;22,8;25;24,5;22,9;22,7;90;88;90;61;2,6;,5;
2026/02/26;0400 UTC;0;999,2;1000,3;999,2;;25,1;23;25,1;24,3;23,2;22,7;91;88;88;126;2,1;1,3;
2026/02/26;0500 UTC;0;999,2;999,4;999,1;;24,6;23,1;25,1;24,6;23,1;22,8;91;87;91;70;4,2;1,8;
2026/02/26;0600 UTC;0;999,3;999,3;999,1;;24,3;23,1;24,6;24,3;23,2;23;93;91;93;56;3,4;1,6;
2026/02/26;0700 UTC;0;998,9;999,4;998,9;;24,2;22,9;24,3;24,2;23,1;22,9;93;93;93;51;3,4;1,8;
2026/02/26;0800 UTC;0;999,2;999,2;998,8;;24,3;23,1;24,3;24,1;23,1;22,9;93;93;93;15;4,2;2,6;
2026/02/26;0900 UTC;0;999,6;999,7;999,2;3,2;24,8;23,2;24,8;24,3;23,3;23,1;93;91;91;344;4,9;2,9;
2026/02/26;1000 UTC;0;999,7;999,7;999,6;156,7;25,5;23,7;25,5;24,8;23,7;23,1;91;90;90;340;4,5;1,7;
2026/02/26;1100 UTC;0;1000;1000;999,6;619;27,7;24,1;27,7;25,5;24,2;23,7;90;80;81;341;3,2;1,7;
2026/02/26;1200 UTC;0;1000,6;1000,6;1000;1075,3;28,8;24;28,8;27,7;24,2;23,7;80;75;75;346;6,2;3,3;
2026/02/26;1300 UTC;0;1000,4;1000,6;1000,4;2448;31,8;23,2;31,9;28,8;24,6;23;75;60;61;300;7,3;4,3;
2026/02/26;1400 UTC;0;1000,2;1000,4;1000,1;3495,4;34,3;23,7;34,3;31,8;24;22,5;62;51;54;265;7,3;3;
2026/02/26;1500 UTC;0;1000,5;1000,6;1000,2;2405,3;31,8;23,4;34,4;31,8;24,6;22,4;64;52;61;175;7;2,4;
2026/02/26;1600 UTC;0;1000;1000,6;1000;2922,6;32,7;24,2;33,2;31,7;25,1;22,9;64;58;61;183;7,9;3;
2026/02/26;1700 UTC;0;999,9;1000,1;999,8;3147,5;31,6;23,9;33,3;31,5;24,8;23,1;64;58;64;156;8,2;4,1;
2026/02/26;1800 UTC;3,8;999,9;1000,1;999,9;445,4;25,9;24,3;31,7;25,8;24,3;23,1;91;62;91;65;9;5,1;
2026/02/26;1900 UTC;1,6;999,6;1000,1;999,6;655,9;26,4;24,5;26,4;25,8;24,7;24,2;92;89;89;72;10,1;3,3;
2026/02/26;2000 UTC;0;999,8;999,8;999,5;595,4;26,8;24,1;27,1;26,4;24,8;24,1;90;85;85;57;5,6;2,7;
2026/02/26;2100 UTC;,2;1000,2;1000,2;999,6;88,6;26,1;23,7;26,8;26,1;24;23,7;88;85;87;89;5,2;1,5;
2026/02/26;2200 UTC;,8;1001,6;1001,6;1000,2;;25,4;23,8;26,2;25,4;24;23,6;91;87;91;259;3,9;1,9;
2026/02/26;2300 UTC;6,2;1002,5;1002,5;1001,6;;24,5;23,4;25,4;24,5;23,8;23,4;94;91;94;234;8,4;3,6;
2026/02/27;0000 UTC;24,4;1003,6;1003,6;1002,5;;24,5;23,5;24,5;24,4;23,5;23,3;95;94;95;323;6;1,5;
2026/02/27;0100 UTC;17,8;1004,1;1004,1;1003,6;;24,1;23,2;24,5;24,1;23,6;23,2;95;95;95;239;4,6;2,7;
2026/02/27;0200 UTC;9,8;1003,5;1004,2;1003,5;;23,7;22,8;24,1;23,7;23,2;22,8;95;95;95;207;6,5;2,2;
2026/02/27;0300 UTC;4;1002,3;1003,5;1002,3;;23,1;22,3;23,7;23,1;22,8;22,3;95;95;95;227;4,4;2,6;
2026/02/27;0400 UTC;1,6;1001,3;1002,4;1001,3;;23,2;22,4;23,4;23,1;22,6;22,3;95;95;95;210;3,8;,7;
2026/02/27;0500 UTC;0;1000,9;1001,3;1000,7;;23,2;22,3;23,3;23,1;22,4;22,3;95;95;95;290;2;1,3;
2026/02/27;0600 UTC;,2;1000,6;1000,9;1000,6;;23,5;22,6;23,5;23,2;22,6;22,3;95;95;95;273;3,4;1,8;
2026/02/27;0700 UTC;0;1000,5;1000,6;1000,4;;23,7;22,8;23,7;23,5;22,8;22,6;95;95;95;212;4,7;1,2;
2026/02/27;0800 UTC;0;1001,3;1001,3;1000,5;;23,4;22,5;23,7;23,4;22,8;22,5;95;95;95;347;2,9;,4;
2026/02/27;0900 UTC;0;1002,5;1002,5;1001,3;3,9;23,6;22,6;23,7;23,3;22,8;22,4;95;95;95;33;2,4;,8;
2026/02/27;1000 UTC;0;1003,1;1003,1;1002,5;169,5;24,6;23,6;24,6;23,6;23,6;22,6;95;94;94;72;2,1;,4;
2026/02/27;1100 UTC;0;1003,1;1003,1;1002,8;798,6;26;24,2;26,1;24,6;24,8;23,6;94;89;90;249;1,8;,9;
2026/02/27;1200 UTC;0;1003,9;1003,9;1003,1;1136;27;23,4;27,1;26;24,2;23,4;90;81;81;247;2,5;,9;
2026/02/27;1300 UTC;0;1003,8;1003,9;1003,7;1464,4;28,2;23,7;28,2;26,8;24;23,1;82;75;77;205;2,3;1;
2026/02/27;1400 UTC;0;1004;1004,1;1003,8;1745,7;28,2;23,8;28,9;28,1;24,3;23,5;78;74;77;233;4;2,3;
2026/02/27;1500 UTC;0;1003,7;1004;1003,6;1464,3;27,7;23,2;29,3;27,3;24,6;23,2;80;73;77;214;9,5;5,4;
2026/02/27;1600 UTC;0;1003,3;1003,7;1003,3;1569,1;27,7;23,3;28,3;27,4;23,7;22,9;79;73;77;207;11,9;4,7;
2026/02/27;1700 UTC;0;1003,3;1003,5;1003,3;1136,9;26,6;22,5;27,7;26,6;23,6;22,4;81;75;78;216;12,1;6,1;
2026/02/27;1800 UTC;0;1003,1;1003,3;1002,9;668,9;25,5;22,3;26,6;25,5;22,5;22,1;83;78;83;212;13,8;6,7;
2026/02/27;1900 UTC;0;1003,2;1003,3;1003;267,7;24,4;22,6;25,5;24,4;22,6;22,1;90;82;90;221;12,7;6;
2026/02/27;2000 UTC;,6;1003,5;1003,5;1003,1;149,7;24,4;22,9;24,4;24,2;22,9;22,6;92;90;91;221;10;5,1;
2026/02/27;2100 UTC;0;1004,3;1004,3;1003,5;78,5;24,3;22,6;24,5;24,3;22,9;22,6;91;90;90;217;10,1;4,9;
2026/02/27;2200 UTC;0;1005;1005;1004,3;1,9;24,2;22,2;24,3;24,2;22,6;22,2;91;88;89;207;8,8;3,8;
2026/02/27;2300 UTC;0;1006,1;1006,1;1005;;24;22,2;24,4;23,8;22,3;22,1;91;88;90;218;11,2;5,4;
2026/02/28;0000 UTC;,2;1006,8;1006,8;1006;;23,7;22,3;24;23,7;22,3;22;92;89;92;208;11,2;4,4;
2026/02/28;0100 UTC;,2;1007,1;1007,1;1006,7;;23,4;22;23,8;23,4;22,4;22;93;91;91;216;10,5;6,1;
2026/02/28;0200 UTC;0;1006,4;1007,1;1006,4;;23,4;22;23,4;23,3;22,1;21,9;92;91;92;222;10,5;3,8;
2026/02/28;0300 UTC;0;1006,3;1006,5;1006,2;;23,5;21,8;23,6;23,4;22,1;21,8;92;90;90;221;6,7;3,6;
2026/02/28;0400 UTC;0;1005,7;1006,3;1005,7;;23,5;21,1;23,7;23,5;21,8;21,1;90;87;87;224;7,4;4,8;
2026/02/28;0500 UTC;0;1005,2;1005,7;1005,2;;23,3;19,9;23,5;23,3;21,1;19,9;87;81;81;224;8,1;4,5;
2026/02/28;0600 UTC;0;1004,9;1005,2;1004,9;;23,2;19,4;23,4;23,1;19,9;19,3;81;79;79;220;7,9;4,7;
2026/02/28;0700 UTC;0;1004,9;1004,9;1004,8;;23;18,8;23,2;22,9;19,3;18,7;79;77;77;221;8,1;4,2;
2026/02/28;0800 UTC;0;1005,3;1005,3;1004,9;;22,9;18,5;23,1;22,9;18,9;18,5;78;76;76;225;6,5;4,2;
2026/02/28;0900 UTC;0;1005,4;1005,5;1005,3;11;23,1;18,8;23,1;22,8;18,8;18,5;77;76;77;226;7,4;4,1;
2026/02/28;1000 UTC;0;1006;1006;1005,4;321,1;23,6;19,5;23,6;23;19,5;18,7;78;77;78;215;5,8;2,4;
2026/02/28;1100 UTC;0;1006,9;1006,9;1006;478,7;24,3;19,8;24,3;23,6;20,1;19,3;78;75;76;203;5;2;
2026/02/28;1200 UTC;0;1007,1;1007,2;1006,9;766,6;24,9;19,6;24,9;24,3;20,1;19,2;77;72;72;221;6,1;3,2;
2026/02/28;1300 UTC;0;1007,2;1007,3;1007,1;1734,6;26,8;20,7;26,8;24,9;20,8;19,4;73;67;69;223;10,7;4,7;
2026/02/28;1400 UTC;0;1006,9;1007,2;1006,9;1955,6;26,7;20;27;26,4;20,9;19,9;71;66;67;219;12,5;5;
2026/02/28;1500 UTC;0;1006,3;1007;1006,3;3353;28;20;28,6;26,7;20,9;19,8;67;60;62;212;11,6;6,5;
2026/02/28;1600 UTC;0;1006;1006,4;1006;2977,6;28,8;20,4;28,9;27,4;21;19,1;63;58;61;207;11,1;5,7;
2026/02/28;1700 UTC;,2;1005,8;1006;1005,7;2998,9;27,7;18,9;29,1;27,7;20,4;18,6;61;56;59;207;14,3;5,1;
2026/02/28;1800 UTC;0;1005,5;1005,8;1005,5;1252,5;26,3;19,8;28,2;26,3;20,1;18,7;68;58;68;199;12,6;5,2;
2026/02/28;1900 UTC;0;1005,5;1005,6;1005,4;867,8;26,4;18,6;26,6;26,2;19,8;18,6;68;62;62;217;12,7;6;
2026/02/28;2000 UTC;0;1005,9;1005,9;1005,5;879,1;26,1;18;27;26,1;19;17,9;64;60;61;207;10,9;4,6;
2026/02/28;2100 UTC;0;1006,2;1006,2;1005,9;227,8;25,4;18;26,1;25,3;18,3;17,7;64;61;63;211;10,8;4,8;
2026/02/28;2200 UTC;0;1006,8;1006,8;1006,2;2,8;24,9;18,4;25,4;24,9;18,4;17,9;67;63;67;223;10,8;4,2;
2026/02/28;2300 UTC;0;1007,6;1007,6;1006,8;;24;18,4;25;24;18,5;18;71;65;71;218;8,6;3,8;
2026/03/01;0000 UTC;0;1008,2;1008,3;1007,6;;23,3;18,4;24,1;23,3;18,4;18,2;74;70;74;217;7,1;3,7;
2026/03/01;0100 UTC;0;1008,5;1008,5;1008,2;;22,8;18,5;23,4;22,8;18,5;18,3;77;73;77;216;6,9;3,5;
2026/03/01;0200 UTC;0;1008,6;1008,6;1008,5;;22,9;19;22,9;22,5;19;18,5;80;76;79;220;8,3;5;
2026/03/01;0300 UTC;0;1008,5;1008,8;1008,5;;23;19,7;23,5;22,9;19,7;19,1;81;77;81;216;10,3;2,9;
2026/03/01;0400 UTC;0;1007,8;1008,5;1007,8;;22,4;19,4;23;22,4;19,7;19,4;83;81;83;227;5,6;2,9;
2026/03/01;0500 UTC;0;1007,2;1007,8;1007,2;;22,4;19,2;22,7;22,4;19,6;19,2;83;81;82;217;4,7;2,2;
2026/03/01;0600 UTC;0;1007;1007,2;1007;;22,6;18,5;22,8;21,9;19,3;18,5;84;77;78;232;5,5;2,9;
2026/03/01;0700 UTC;0;1007,2;1007,2;1007;;22,6;18,3;22,7;22;18,8;18,3;81;77;77;226;6,6;3,9;
2026/03/01;0800 UTC;0;1007,3;1007,3;1007,1;;22,1;18,1;22,6;22,1;18,3;18,1;78;77;78;225;6,6;3,5;
2026/03/01;0900 UTC;0;1007,6;1007,6;1007,3;10;21,4;18;22,2;21,3;18,1;17,8;81;77;81;229;6;2,5;
2026/03/01;1000 UTC;0;1008,3;1008,3;1007,6;412,2;22,7;19,2;22,7;21,4;19,2;17,9;81;76;81;316;4,1;1,5;
2026/03/01;1100 UTC;0;1008,5;1008,5;1008,3;1331,6;25,7;17,8;25,7;22,7;19,5;17,8;81;61;62;226;9,1;4,5;
2026/03/01;1200 UTC;0;1008,8;1008,8;1008,5;2298,9;26,8;18,1;26,8;25,7;18,3;17,4;62;58;59;219;10,8;5,6;
2026/03/01;1300 UTC;0;1008,9;1008,9;1008,7;2994,8;27,7;18,3;28;26,7;19;17,3;60;55;57;225;11,8;4,5;
2026/03/01;1400 UTC;0;1008,7;1008,9;1008,7;3051,8;28,5;18,4;28,5;27,4;19;17,4;59;52;55;221;9,1;4;
2026/03/01;1500 UTC;0;1008;1008,7;1008;3479,6;29,4;17,3;29,6;28,4;18,6;16,5;55;45;48;215;8,7;4,8;
2026/03/01;1600 UTC;0;1007,3;1008;1007,3;3901,5;30,4;19,7;30,4;29,3;19,8;17,2;54;47;53;209;8,6;3,1;
2026/03/01;1700 UTC;0;1006,9;1007,3;1006,9;3143,4;28,1;19,6;30,5;27,9;21,6;17,9;64;48;60;167;8,1;3,7;
2026/03/01;1800 UTC;0;1006,7;1006,9;1006,7;3046,1;27,3;19,5;29,2;27,1;20,8;18,8;62;57;62;174;10,3;4,4;
2026/03/01;1900 UTC;0;1006,8;1006,9;1006,7;1796,6;26,5;19,6;27,8;26,5;20,3;19,2;66;61;66;190;9,8;3,8;
2026/03/01;2000 UTC;0;1007,2;1007,2;1006,8;588,8;25,5;18,5;26,5;25,5;19,6;18,4;67;63;65;196;10,8;4;
2026/03/01;2100 UTC;0;1008;1008;1007,2;193,9;24,8;18,6;25,5;24,8;19,2;18,5;69;65;68;207;9,9;3,9;
2026/03/01;2200 UTC;0;1009;1009;1008;2,3;24,1;19,4;24,8;24,1;19,4;18,4;75;68;75;209;9,7;4;
2026/03/01;2300 UTC;0;1009,6;1009,6;1009;;23,8;18,9;24,1;23,8;19,6;18,8;78;74;74;200;7,9;3,2;
2026/03/02;0000 UTC;0;1010;1010;1009,6;;23,7;19,5;23,8;23,7;19,7;18,8;78;74;77;215;6,5;3,3;
2026/03/02;0100 UTC;0;1010;1010,1;1010;;23,2;19,9;23,7;23,2;19,9;19,5;82;77;82;223;5,9;3,2;
2026/03/02;0200 UTC;0;1009,6;1010;1009,6;;22,9;19;23,2;22,8;19,9;19;82;78;79;213;5,5;2,2;
2026/03/02;0300 UTC;0;1009;1009,6;1009;;22,5;19,1;22,9;22,5;19,1;19;81;79;81;214;4,9;2,1;
2026/03/02;0400 UTC;0;1008,6;1009;1008,6;;22,3;18,6;22,7;22,2;19,1;18,5;81;79;79;216;4,3;1,3;
2026/03/02;0500 UTC;0;1008,2;1008,6;1008,1;;22,1;18,5;22,4;21,9;18,8;18,4;82;78;80;216;2,5;1,6;
2026/03/02;0600 UTC;0;1007,9;1008,2;1007,9;;21,2;18,1;22,1;21,2;18,6;18;83;79;83;228;2,5;1,9;
2026/03/02;0700 UTC;0;1008,1;1008,1;1007,8;;21,3;18,3;21,8;21,2;18,4;18,1;83;80;83;232;2,8;,9;
2026/03/02;0800 UTC;0;1008,4;1008,4;1008,1;;21,2;18,9;21,7;21,1;19,1;18,3;87;83;87;257;1,8;,8;
2026/03/02;0900 UTC;0;1008,9;1008,9;1008,4;11,3;21;19,2;21,2;20,9;19,3;18,9;89;87;89;277;2,3;1,5;
2026/03/02;1000 UTC;0;1009,6;1009,6;1008,9;323,1;23;20,7;23;20,8;20,9;19,1;92;87;87;272;2,1;,7;
2026/03/02;1100 UTC;0;1009,9;1009,9;1009,6;1002,9;25,4;19,2;25,4;23;20,8;18,6;87;67;69;271;3,3;1,2;
2026/03/02;1200 UTC;0;1010;1010,1;1009,9;2211,5;27,1;17,8;27,2;25,3;19,5;17,6;69;57;57;226;5,3;3;
2026/03/02;1300 UTC;0;1010,1;1010,2;1010;2904,8;28,1;18,7;28,1;27;19,6;17,6;61;54;57;221;5,7;2,9;
2026/03/02;1400 UTC;0;1009,9;1010,2;1009,9;3385,3;28,7;17,6;29,4;27;19,3;17,3;59;50;51;213;6,5;2,6;
2026/03/02;1500 UTC;0;1009,4;1009,9;1009,4;2795,1;28,6;18,5;29,4;27,7;19,1;16,7;58;48;54;206;6,3;2;
2026/03/02;1600 UTC;0;1008,7;1009,4;1008,7;2877;29;18,6;29,7;27,9;20,2;17,1;59;50;53;196;7;2,9;
2026/03/02;1700 UTC;0;1008,2;1008,8;1008,2;1876;28,6;19,1;29,3;27,3;20,2;17,9;60;53;57;171;6,9;2,1;
2026/03/02;1800 UTC;0;1008,1;1008,2;1008,1;2077,9;28,4;19,1;28,8;27,3;19,8;18,3;61;55;57;171;7,6;2,6;
2026/03/02;1900 UTC;0;1008,6;1008,6;1008,1;1745,9;26,9;19;29;26,9;19,7;18,3;62;54;62;169;7,4;3,3;
2026/03/02;2000 UTC;0;1008,8;1008,8;1008,6;755,6;26,1;19,1;27,6;26,1;19,9;18,6;65;61;65;193;7,4;2,4;
2026/03/02;2100 UTC;0;1009,4;1009,4;1008,8;150,6;25,2;19,8;26,1;25,2;19,9;18,9;73;65;72;173;7,4;1,7;
2026/03/02;2200 UTC;0;1009,8;1009,8;1009,3;1,7;24,5;19,5;25,2;24,5;20;19,4;74;72;73;190;6;1,4;
2026/03/02;2300 UTC;0;1010,3;1010,3;1009,8;;23,9;20,1;24,6;23,9;20,1;19,4;79;73;79;192;4,9;1,5;
2026/03/03;0000 UTC;0;1010,7;1010,7;1010,3;;23,3;20,1;23,9;23,3;20,1;20;82;79;82;210;5,9;3;
2026/03/03;0100 UTC;0;1010,9;1010,9;1010,7;;22,4;20,1;23,3;22,4;20,2;20;87;82;87;221;5,5;2,3;
2026/03/03;0200 UTC;0;1010,5;1010,9;1010,5;;21,8;19,7;22,4;21,7;20,1;19,6;88;87;88;208;3,4;1;
2026/03/03;0300 UTC;0;1010,3;1010,6;1010,3;;21,3;19,1;22;21,3;19,8;19,1;88;86;87;219;2,7;1,4;
2026/03/03;0400 UTC;0;1010,1;1010,3;1010,1;;21,2;19,3;21,7;21,1;19,5;19,1;89;86;89;229;2,3;1,4;
2026/03/03;0500 UTC;0;1009,6;1010,1;1009,6;;20,3;19,1;21,3;20,1;19,5;18,8;93;89;93;310;1,9;1,2;
2026/03/03;0600 UTC;0;1009,3;1009,6;1009,2;;20,1;19;20,4;19,9;19,3;18,8;94;93;93;275;1,7;1,2;
2026/03/03;0700 UTC;0;1009,3;1009,3;1009,2;;19,9;18,8;20,1;19,6;18,9;18,5;94;93;94;295;2,1;1,1;
2026/03/03;0800 UTC;0;1009,5;1009,6;1009,3;;19,7;18,7;20,2;19,7;19,2;18,7;94;94;94;291;2,3;1,7;
2026/03/03;0900 UTC;0;1009,9;1009,9;1009,5;8,5;19,8;18,9;19,9;19,7;19;18,7;94;94;94;284;2,3;1,4;
2026/03/03;1000 UTC;0;1010,7;1010,7;1009,9;445,9;22,1;20,6;22,1;19,8;20,7;18,9;94;91;91;278;2,5;1,5;
2026/03/03;1100 UTC;0;1010,9;1011;1010,7;1298;24,7;20,8;24,7;22,1;20,9;20,1;92;79;79;289;2,5;1,1;
2026/03/03;1200 UTC;0;1011,2;1011,2;1010,9;2166,4;27;19,9;27;24,6;20,9;19;79;64;65;214;3;1,4;
2026/03/03;1300 UTC;0;1011,2;1011,4;1011,2;2909,6;27,6;18,9;28;26,8;20,1;18,4;67;57;59;183;3,1;1,4;
2026/03/03;1400 UTC;0;1010,9;1011,2;1010,9;3530,4;29,6;20,2;29,6;27,5;20,2;18;60;53;57;155;3,3;1,2;
2026/03/03;1500 UTC;0;1010,7;1010,9;1010,7;2196,3;28,7;19,4;29,8;28,5;20,3;17,9;58;51;57;213;3,7;1,4;
2026/03/03;1600 UTC;0;1009,9;1010,7;1009,9;2183,2;29,6;18,6;30,2;28,3;20,5;17,8;59;49;52;152;5,2;2,1;
2026/03/03;1700 UTC;0;1009,5;1009,9;1009,5;1103,3;27,5;19,9;29,6;27,4;20,3;17,5;64;49;64;98;7,3;3,6;
2026/03/03;1800 UTC;0;1009,3;1009,6;1009,3;607,4;27,1;20,1;27,5;26,6;20,5;19,4;69;61;66;86;6,7;2,8;
2026/03/03;1900 UTC;0;1009,4;1009,4;1009,3;409,2;26,9;18,8;27,1;26,8;19,9;18,6;66;60;61;124;6,2;2,4;
2026/03/03;2000 UTC;0;1009,5;1009,5;1009,4;435,7;26,3;20;26,9;26,3;20,1;18,8;68;61;68;148;6,5;2,7;
2026/03/03;2100 UTC;0;1009,9;1009,9;1009,5;158,5;25,3;20,3;26,3;25,3;20,3;19,8;74;68;74;142;5,5;1,6;
2026/03/03;2200 UTC;0;1010,2;1010,2;1009,9;,8;25;20,4;25,4;25;20,4;20,1;76;73;76;146;4,9;1,9;
2026/03/03;2300 UTC;0;1010,7;1010,7;1010,1;;24,3;20,5;25;24,3;20,6;20,4;79;76;79;145;4,6;1,4;
2026/03/04;0000 UTC;0;1011,6;1011,6;1010,6;;24,1;20,8;24,3;23,4;20,8;20,3;83;79;82;172;2,8;,7;
2026/03/04;0100 UTC;0;1011,6;1011,7;1011,6;;22,9;21,2;24,1;22,5;21,3;20,5;91;81;90;244;1,5;,6;
2026/03/04;0200 UTC;0;1011,6;1011,7;1011,5;;22,1;20,7;22,9;22,1;21,2;20,6;92;90;92;285;1,7;1,1;
2026/03/04;0300 UTC;0;1011,5;1011,6;1011,3;;22,1;20,9;22,3;22;21,1;20,7;93;92;93;298;1,8;1,1;
2026/03/04;0400 UTC;0;1011,1;1011,5;1011,1;;21,5;20,5;22,1;21,5;20,9;20,4;94;93;94;304;1,9;1,5;
2026/03/04;0500 UTC;0;1010,6;1011,1;1010,6;;21,3;20,3;21,5;21,2;20,5;20,2;94;94;94;311;1,7;,9;
2026/03/04;0600 UTC;0;1010,2;1010,7;1010,2;;21,2;20,3;21,5;21,1;20,5;20,1;94;94;94;223;2,2;1,5;
2026/03/04;0700 UTC;0;1009,8;1010,2;1009,8;;21,3;20,4;21,4;21,1;20,5;20,2;95;95;95;263;2,2;,8;
2026/03/04;0800 UTC;0;1010,3;1010,3;1009,8;;20,6;19,7;21,4;20,6;20,5;19,7;95;95;95;280;1,8;1,4;
2026/03/04;0900 UTC;0;1010,3;1010,4;1010,2;9,7;20,4;19,6;20,6;20,2;19,8;19,4;95;95;95;306;1,8;1;
2026/03/04;1000 UTC;0;1011;1011;1010,3;412,8;23,2;22,2;23,2;20,4;22,2;19,6;95;94;94;240;1,7;,9;
2026/03/04;1100 UTC;0;1011,6;1011,6;1011;1281,5;25,3;22;25,3;23,2;22,9;21,9;94;82;82;235;2,4;1,2;
2026/03/04;1200 UTC;0;1011,8;1011,8;1011,6;2161,1;27,7;20,8;27,8;25,3;22,4;19,8;83;64;66;260;2,3;,7;
2026/03/04;1300 UTC;0;1011,8;1011,9;1011,7;2861;28,9;20,5;28,9;27,2;20,9;19,7;67;61;61;77;3;1;
2026/03/04;1400 UTC;0;1011,5;1011,8;1011,5;3434,9;28,9;19,3;29,9;27,9;21,1;18,5;61;52;56;84;4,3;1,4;
2026/03/04;1500 UTC;0;1011;1011,5;1011;3191,1;29,9;19,1;30,6;28,4;20,7;18,5;59;51;52;85;4,3;1,2;
2026/03/04;1600 UTC;0;1010,5;1011;1010,5;2792,9;28,4;20;30,5;28,4;21,4;18,5;63;50;60;99;6,2;2,8;
2026/03/04;1700 UTC;0;1010,1;1010,5;1010,1;1097,4;28;19,2;28,4;27,8;20,2;18,9;62;58;59;119;5,8;3,2;
2026/03/04;1800 UTC;0;1009,6;1010,1;1009,6;1783,5;28,3;18,4;29,3;28;19,9;18,2;60;54;55;94;5,3;2,2;
2026/03/04;1900 UTC;0;1009,6;1009,7;1009,5;1703,7;28,1;18,2;29,2;28,1;19,3;17,6;57;52;55;96;5,7;2,2;
2026/03/04;2000 UTC;0;1010;1010;1009,6;1245,2;27,7;17,8;29,2;27,7;18,8;17,7;57;51;55;79;6,8;4;
2026/03/04;2100 UTC;0;1010,4;1010,4;1009,9;298,9;26,5;17,8;27,7;26,5;18,4;17,5;60;54;59;107;6,8;2,8;
2026/03/04;2200 UTC;0;1010,8;1010,8;1010,4;3,2;25,2;19,4;26,5;25,2;19,4;17,8;70;59;70;104;6;1,6;
2026/03/04;2300 UTC;0;1011,6;1011,6;1010,8;;24,9;20,3;25,3;24,8;20,3;19,5;76;70;76;111;4,1;1,3;
2026/03/05;0000 UTC;0;1012,6;1012,6;1011,6;;23,7;21;25,1;23,7;21;20,3;85;76;85;330;3,2;1;
2026/03/05;0100 UTC;0;1012,7;1012,7;1012,6;;23,9;21,3;24;23,7;21,4;21;86;85;85;36;1,9;,5;
2026/03/05;0200 UTC;0;1012,4;1012,7;1012,4;;23,6;21,5;23,9;23,6;21,6;21,3;88;85;88;258;1,4;,7;
2026/03/05;0300 UTC;0;1012;1012,5;1012;;23,3;21,4;23,7;23,3;21,6;21,4;89;88;89;287;1,1;,9;
2026/03/05;0400 UTC;0;1011,7;1012;1011,7;;23,3;21,3;23,3;23,1;21,6;21,3;91;89;89;235;1,4;,6;
2026/03/05;0500 UTC;0;1011,2;1011,7;1011,2;;22,5;20,9;23,3;22,5;21,5;20,9;91;89;91;221;1,8;1;
2026/03/05;0600 UTC;0;1011;1011,2;1010,9;;22,6;21,2;22,6;22,1;21,3;20,7;92;91;92;238;1,6;1,1;
2026/03/05;0700 UTC;0;1011;1011,1;1010,9;;22,4;21,2;22,7;22,2;21,4;20,9;93;92;93;256;1,4;,9;
2026/03/05;0800 UTC;0;1011,1;1011,1;1011;;22,1;21;22,4;21,9;21,1;20,8;94;93;94;239;1,6;,9;
2026/03/05;0900 UTC;0;1011,4;1011,4;1011;16,3;22,5;21,5;22,5;22;21,5;20,9;94;94;94;243;1,4;,7;
2026/03/05;1000 UTC;0;1012,1;1012,1;1011,4;541,1;24,5;22,9;24,6;22,5;23;21,5;94;91;91;309;1,2;,7;
2026/03/05;1100 UTC;0;1013;1013;1012,1;1275,8;27,3;21,9;27,3;24,3;22,9;21,2;91;72;72;25;2,1;1,1;
2026/03/05;1200 UTC;0;1013;1013;1013;1206,8;27,4;21,6;27,4;26;22,4;20,7;77;70;70;355;3,1;1,8;
2026/03/05;1300 UTC;0;1013;1013,1;1013;2478,4;28,3;20,6;29,1;27,4;21,7;20,2;70;62;63;336;3,9;,9;
2026/03/05;1400 UTC;0;1013;1013,1;1013;2793,3;30,4;20,4;30,5;28,3;21,4;19,7;64;55;55;33;8,1;2,3;
2026/03/05;1500 UTC;0;1012,2;1013;1012,2;3620,6;30,2;20,3;30,9;29,9;21,3;19,6;58;53;56;81;5,3;2,5;
2026/03/05;1600 UTC;0;1011,6;1012,2;1011,6;3199,7;30,5;19,7;31,3;29,7;21,4;19,3;58;52;53;78;5,8;3,5;
2026/03/05;1700 UTC;0;1011,2;1011,6;1011,2;3440,3;31,2;20,2;31,4;30,4;20,4;18,5;55;47;52;85;6,5;3,1;
2026/03/05;1800 UTC;0;1011;1011,2;1011;2875,7;29,7;20,5;31,2;29,6;20,7;19;58;50;58;76;7,7;4;
2026/03/05;1900 UTC;0;1011;1011;1010,9;2131,3;28,9;20,6;30,3;28,8;21,2;19,9;61;55;61;84;8,1;3,8;
2026/03/05;2000 UTC;0;1011;1011,1;1011;1267,2;27,9;20,7;29,2;27,9;21,1;20,5;66;60;65;86;7,9;3,5;
2026/03/05;2100 UTC;0;1011,3;1011,3;1010,9;370,6;26,3;21,4;27,9;26,3;21,4;20,6;74;65;74;74;7,1;3,3;
2026/03/05;2200 UTC;0;1011,8;1011,8;1011,3;,7;25,5;21,6;26,3;25,5;21,8;21,4;79;75;79;103;5,8;2;
2026/03/05;2300 UTC;0;1012,3;1012,3;1011,8;;25,3;21,7;25,6;25,2;21,7;21,5;81;79;81;98;5,6;2,4;
2026/03/06;0000 UTC;0;1013,1;1013,1;1012,3;;24,2;22,2;25,3;24,1;22,2;21,7;89;81;89;81;4,9;1,1;
2026/03/06;0100 UTC;0;1013,5;1013,6;1013,1;;23,6;22,1;24,2;23,5;22,3;22;92;89;91;76;2,3;,3;
2026/03/06;0200 UTC;0;1013,2;1013,6;1013,1;;23,7;22,5;24;23,4;22,6;21,9;93;91;93;100;1,4;,7;
2026/03/06;0300 UTC;0;1013,2;1013,3;1013,2;;23,5;22,2;24,2;23,4;22,9;22,1;93;92;93;285;2,7;1,4;
2026/03/06;0400 UTC;0;1012,7;1013,2;1012,7;;23,4;22,3;23,5;23,1;22,3;22;94;93;94;230;2,1;,6;
2026/03/06;0500 UTC;0;1012;1012,7;1012;;23,6;22,4;23,6;23,2;22,5;22,1;94;93;93;245;1,1;,8;
2026/03/06;0600 UTC;0;1011,6;1012;1011,6;;22,7;21,7;23,7;22,7;22,6;21,6;94;93;94;240;2,4;1,7;
2026/03/06;0700 UTC;0;1011,5;1011,6;1011,4;;23;22;23;22,7;22;21,7;94;94;94;244;2,9;1;
2026/03/06;0800 UTC;0;1011,5;1011,5;1011,4;;22,6;21,7;23;22,6;22;21,7;94;94;94;311;1,7;1,2;
2026/03/06;0900 UTC;0;1011,7;1011,7;1011,5;6,4;22,7;21,8;22,8;22,5;21,9;21,5;95;94;95;272;1,7;1;
2026/03/06;1000 UTC;0;1012,5;1012,5;1011,7;409,3;24,6;23,6;24,6;22,7;23,6;21,8;95;94;94;286;2;,9;
2026/03/06;1100 UTC;0;1012,8;1012,8;1012,5;1039,9;26,8;22,7;26,9;24,6;24,7;22,7;94;79;79;338;1,8;,6;
2026/03/06;1200 UTC;0;1012,8;1012,9;1012,8;1809,5;29,2;22,9;29,4;26,7;23,5;22;79;67;69;31;3,6;,9;
2026/03/06;1300 UTC;0;1012,8;1012,9;1012,7;3057,1;30,6;22,6;30,6;28,4;23,4;21,2;69;62;63;25;3,7;1,3;
2026/03/06;1400 UTC;0;1012,3;1012,8;1012,3;3492,6;30,9;21,8;31,2;29,7;23,3;21;66;58;58;42;4,3;2,3;
2026/03/06;1500 UTC;0;1011,5;1012,3;1011,5;3763,4;31,9;21,6;32,3;30,6;22,8;21,1;62;53;55;6;4,6;1,5;
2026/03/06;1600 UTC;0;1010,4;1011,5;1010,4;3722,5;32;20,5;33;31,5;23,4;19,8;58;49;51;226;4;1,2;
2026/03/06;1700 UTC;0;1009,5;1010,4;1009,5;2752,7;32,2;20,5;33,1;31,4;22,1;20,2;55;48;50;139;3,8;,8;
2026/03/06;1800 UTC;0;1009;1009,5;1009;2977,3;31,5;23,4;33,5;31,4;23,8;19,8;63;46;62;100;8,6;3,4;
2026/03/06;1900 UTC;0;1009;1009,1;1009;1581,6;30,2;23,7;32;29,8;23,9;23;68;61;68;107;9,2;4,3;
2026/03/06;2000 UTC;0;1009,1;1009,2;1009;642,1;28,6;23,1;30,2;28,6;23,7;23;73;68;72;105;9,2;3,6;
2026/03/06;2100 UTC;0;1009,5;1009,6;1009,1;110,5;27;23,2;28,7;27;23,4;23,1;80;72;80;80;7,3;3,6;
2026/03/06;2200 UTC;0;1009,9;1009,9;1009,5;;26,7;23,2;27,1;26,6;23,2;23;81;80;81;75;6,6;3,4;
2026/03/06;2300 UTC;0;1010,8;1010,8;1009,9;;26,5;23;26,8;26,5;23,2;23;82;80;81;105;6,1;2,1;
2026/03/07;0000 UTC;0;1011,5;1011,5;1010,8;;26,1;23,3;26,5;26,1;23,3;23;85;81;85;81;4;1,7;
2026/03/07;0100 UTC;0;1011,3;1011,5;1011,3;;26;23,4;26,1;25,8;23,6;23,3;87;85;86;105;2,9;1,2;
2026/03/07;0200 UTC;0;1011,2;1011,3;1011,1;;25,5;23,3;26,1;25,5;23,5;23,3;88;85;88;116;3,6;,9;
2026/03/07;0300 UTC;0;1011,1;1011,2;1011,1;;25,5;23,6;25,8;25,4;23,7;23,2;89;87;89;66;2,5;1,4;
2026/03/07;0400 UTC;0;1010,6;1011,2;1010,6;;24,7;23,2;25,5;24,7;23,6;23;92;89;92;238;2,4;,8;
2026/03/07;0500 UTC;0;1010;1010,6;1010;;24,7;23,4;24,7;24,5;23,4;23,2;93;92;93;261;1,8;,9;
2026/03/07;0600 UTC;0;1010;1010,1;1009,9;;24,9;23,7;25;24,7;23,7;23,5;93;93;93;241;1,9;1;
2026/03/07;0700 UTC;0;1009,5;1010;1009,5;;24,3;23,2;24,9;24,2;23,7;23;93;93;93;155;1,9;,4;
2026/03/07;0800 UTC;0;1009,6;1009,6;1009,4;;24,5;23,4;24,5;24,1;23,4;22,9;94;93;94;177;1,7;,3;
2026/03/07;0900 UTC;0;1010;1010;1009,6;15;24,8;23,6;24,8;24,5;23,6;23,4;94;93;93;243;1;,5;
2026/03/07;1000 UTC;0;1010,4;1010,4;1010;345,2;26,6;23,6;26,6;24,7;24,5;23,5;93;84;84;224;1,5;,6;
2026/03/07;1100 UTC;0;1010,7;1010,7;1010,4;1117,5;28;23,1;28,3;26,6;24,2;22,9;84;75;75;51;3;1,5;
2026/03/07;1200 UTC;0;1010,7;1010,8;1010,7;1817,1;30;24,1;30;27,1;24,3;22,6;80;71;71;21;3,2;1,5;
2026/03/07;1300 UTC;0;1010,5;1010,8;1010,5;2692,2;30,6;24,1;31,1;29;24,6;23,4;74;66;68;360;5,1;2,3;
2026/03/07;1400 UTC;0;1009,6;1010,5;1009,6;3331,8;32,3;23,7;32,6;30,7;24,5;22,9;68;59;60;352;5,5;3;
2026/03/07;1500 UTC;0;1008,7;1009,6;1008,7;3614,5;33,3;23,2;33,7;32,1;24,4;22,8;63;55;55;351;6,4;3,2;
2026/03/07;1600 UTC;0;1007,5;1008,7;1007,5;3475,1;34;22,8;34,3;32,9;23,8;22,2;57;50;52;359;6,7;3,1;
2026/03/07;1700 UTC;0;1006,9;1007,5;1006,9;2787,2;31,2;24,1;34,5;31,2;25;21,2;67;47;66;72;7,2;4;
2026/03/07;1800 UTC;0;1006,6;1006,9;1006,5;2577,9;31,9;23,7;32,4;30,8;25,1;23,2;68;60;62;65;8,5;4,4;
2026/03/07;1900 UTC;0;1006,5;1006,7;1006,5;1211,5;30,1;22,4;32,4;30;23,7;21,7;64;57;63;48;8,7;4,3;
2026/03/07;2000 UTC;0;1006,8;1006,8;1006,3;632,1;29,8;21,9;30,6;29,8;22,8;21,7;64;61;63;27;8,9;4,3;
2026/03/07;2100 UTC;0;1007,3;1007,3;1006,6;100,1;27,9;22,3;29,8;27,9;22,4;21,2;72;60;71;43;8,7;2,8;
2026/03/07;2200 UTC;0;1007,7;1007,8;1007,3;;26,8;23;27,9;26,8;23;22,3;80;71;80;53;5,1;2,8;
2026/03/07;2300 UTC;0;1008,7;1008,7;1007,7;;26,4;23,4;26,8;26,4;23,4;23;84;80;84;55;6,9;2,4;
2026/03/08;0000 UTC;0;1008,8;1008,8;1008,3;;26,1;23,5;26,4;26,1;23,6;23,3;86;84;85;50;5,6;2,6;
2026/03/08;0100 UTC;0;1009,9;1010,2;1008,8;;25,8;23,5;26,1;25,8;23,5;23,3;87;85;87;351;5,3;1,5;
2026/03/08;0200 UTC;0;1009,6;1009,9;1009,6;;25,6;23,8;25,8;25,5;23,9;23,5;90;87;90;27;2,5;1,3;
2026/03/08;0300 UTC;0;1009,5;1009,7;1009,4;;24,8;22,1;25,8;24,8;23,9;22;90;82;85;223;3,5;,8;
2026/03/08;0400 UTC;0;1008,5;1009,5;1008,5;;24,2;22,4;24,8;24,2;22,4;22;89;85;89;2;2,6;1,6;
2026/03/08;0500 UTC;0;1007,9;1008,6;1007,9;;24,2;22,7;24,3;24,2;22,7;22,4;91;89;91;338;3,3;1,9;
2026/03/08;0600 UTC;0;1007,1;1007,9;1007,1;;23,8;22;24,2;23,8;22,7;22;91;90;90;336;4,9;2,2;
2026/03/08;0700 UTC;0;1006,8;1007,2;1006,8;;23,5;21,6;23,8;23,4;22;21,5;90;88;90;353;4,9;2,4;
2026/03/08;0800 UTC;0;1006,6;1006,8;1006,5;;23,3;21,6;23,5;23,3;21,8;21,5;90;89;90;349;4,9;3;
2026/03/08;0900 UTC;0;1007,3;1007,3;1006,6;10,5;23,5;21,8;23,5;23,1;21,8;21,4;91;90;90;357;6;3,2;
2026/03/08;1000 UTC;0;1007,7;1007,7;1007,3;391,3;25,5;22,3;25,5;23,5;22,4;21,8;90;83;83;11;6,2;3,5;
2026/03/08;1100 UTC;0;1008;1008;1007,7;1308,8;28,5;21,5;28,6;25,4;22,4;21,5;83;66;66;6;7,6;4,3;
2026/03/08;1200 UTC;0;1008,4;1008,4;1007,9;1349,9;28,9;21,5;29,7;27,9;22,4;21,2;68;63;64;345;7,8;3,5;
2026/03/08;1300 UTC;0;1008,3;1008,5;1008,3;2692;31,2;22,1;31,8;28,7;23,1;21,4;67;58;58;8;6,6;3,9;
2026/03/08;1400 UTC;0;1008,2;1008,4;1008,2;2440,7;31,5;22,5;31,8;30,5;23,2;21,8;63;58;59;340;6,6;3,3;
2026/03/08;1500 UTC;0;1007,4;1008,2;1007,4;2223,1;31,9;23,2;31,9;31;23,4;22,1;62;58;60;358;6,9;3,6;
2026/03/08;1600 UTC;0;1006,9;1007,4;1006,9;3328,1;33,4;23;33,7;31,8;23,9;21,9;61;53;55;314;6,5;4,1;
2026/03/08;1700 UTC;0;1006,1;1006,9;1006,1;3323;34,1;21,9;34,4;33,3;23;21,1;55;47;49;335;8,5;4,1;
2026/03/08;1800 UTC;0;1005,8;1006,1;1005,4;2964;34,6;21,7;34,8;34;22,5;21,4;50;47;47;308;7;2,7;
2026/03/08;1900 UTC;0;1005,8;1005,8;1005,6;1467;30,6;22,8;35,3;30,6;23,8;21;63;46;63;58;8;4;
2026/03/08;2000 UTC;0;1005,7;1006,3;1005,6;515,2;29,7;22,9;31,2;29,7;23,2;22,3;67;60;67;38;8;3;
2026/03/08;2100 UTC;0;1007,8;1007,8;1005,7;86,6;27,5;21,6;29,7;27,5;23,3;21,4;71;65;70;216;11,1;5,3;
2026/03/08;2200 UTC;0;1008,4;1008,4;1007,6;;24;22,3;27,5;24;22,4;21,6;90;70;90;212;11,1;3,8;
2026/03/08;2300 UTC;0;1009,3;1009,3;1008,3;;23,9;21,9;24;23,7;22,3;21,9;90;89;89;220;7,1;3,3;
2026/03/09;0000 UTC;0;1009,8;1009,9;1009,3;;24;22,1;24;23,9;22,1;21,9;89;89;89;189;5;,8;
2026/03/09;0100 UTC;0;1009,6;1009,8;1009,6;;24,7;22,1;24,8;23,9;22,2;22;89;85;85;199;3,5;1,1;
2026/03/09;0200 UTC;0;1009,9;1009,9;1009,6;;24,3;22,4;25;24,3;22,4;22;89;84;89;4;3;1,5;
2026/03/09;0300 UTC;0;1009,8;1009,9;1009,8;;24,1;22,6;24,4;24;22,6;22,4;92;89;91;310;2,8;1;
2026/03/09;0400 UTC;0;1009,4;1009,9;1009,4;;24;22,5;24,1;24;22,6;22,5;92;91;92;313;2,7;,9;
2026/03/09;0500 UTC;0;1009,2;1009,4;1009,2;;23,7;22,5;24;23,7;22,6;22,4;93;92;93;304;2,2;1,1;
2026/03/09;0600 UTC;0;1008,9;1009,2;1008,9;;23,1;21,9;23,7;23;22,5;21,8;93;93;93;180;2,5;,6;
2026/03/09;0700 UTC;0;1009,1;1009,2;1008,9;;23;21,9;23,3;22,9;22,2;21,7;94;93;93;329;3,5;1,5;
2026/03/09;0800 UTC;0;1009,6;1009,6;1009,1;;22,7;21,7;23;22,7;21,9;21,6;94;93;94;326;3;1,7;
2026/03/09;0900 UTC;0;1010;1010;1009,6;8,4;22,6;21,6;22,7;22,5;21,7;21,4;94;94;94;336;2,5;1,4;
2026/03/09;1000 UTC;0;1010,9;1010,9;1010;385,6;24,4;22,9;24,4;22,6;23,2;21,6;94;92;92;326;3;1,8;
2026/03/09;1100 UTC;0;1011,6;1011,6;1010,9;1216,2;27,2;23;27,2;24,4;23,6;22,7;92;78;78;335;3;1;
2026/03/09;1200 UTC;0;1012,4;1012,4;1011,6;2028,8;28,2;22,7;29,5;27,2;23,7;22,3;79;68;72;220;4,5;2;
2026/03/09;1300 UTC;0;1012,5;1012,7;1012,4;1884,3;29,8;23,2;30;27,9;24,1;22,8;76;67;67;242;5;2,5;
2026/03/09;1400 UTC;0;1012,1;1012,6;1012,1;2031,4;29,9;22,9;30,8;28,8;24;22,4;72;63;66;227;5;2,6;
2026/03/09;1500 UTC;0;1011,5;1012,1;1011,5;2507,3;30,4;23,7;31,9;29,6;24,4;22,3;67;60;67;203;7,9;3,4;
2026/03/09;1600 UTC;0;1010,9;1011,6;1010,9;2886,2;29,9;23,7;31,6;29,6;24,4;23;71;63;69;184;9,5;3,8;
2026/03/09;1700 UTC;0;1011,2;1011,2;1010,7;1517,6;27,8;22,5;29,9;27,8;23,8;22,2;73;69;73;202;10,8;4,3;
2026/03/09;1800 UTC;0;1011;1011,2;1011;501,2;27,3;22,3;27,8;27,3;22,8;22,2;76;72;75;199;10,1;4;
2026/03/09;1900 UTC;0;1011,3;1011,3;1011;510,7;27,1;22,3;27,3;27,1;22,5;22;76;73;75;198;10,7;3,5;
2026/03/09;2000 UTC;0;1011,6;1011,6;1011,3;338,4;26,6;22,5;27,1;26,6;22,8;22,2;79;75;78;210;9,5;3,6;
2026/03/09;2100 UTC;0;1012,3;1012,3;1011,6;68,8;25,6;22,2;26,6;25,6;22,5;22,2;82;78;82;215;9,4;3,4;
2026/03/09;2200 UTC;0;1012,7;1012,7;1012,3;;25;21,7;25,6;24,9;22,2;21,7;82;81;82;215;6,4;3,3;
2026/03/09;2300 UTC;0;1013,3;1013,3;1012,7;;25;21,9;25;24,8;21,9;21,7;83;82;83;222;5,9;3,1;
2026/03/10;0000 UTC;0;1013,9;1013,9;1013,2;;24,1;22;25;24,1;22;21,9;88;83;88;222;8,2;4,4;
2026/03/10;0100 UTC;0;1013,8;1014;1013,8;;23,5;21,9;24,1;23,5;22;21,8;91;88;91;230;7,5;3,3;
2026/03/10;0200 UTC;0;1013,4;1013,8;1013,4;;23,7;21,8;23,7;23,4;21,9;21,8;91;89;89;216;6,3;3,5;
2026/03/10;0300 UTC;0;1013,3;1013,4;1013,3;;23,6;21,4;23,8;23,6;21,8;21,4;89;87;87;223;6,3;2,9;
2026/03/10;0400 UTC;0;1012,8;1013,3;1012,8;;23,8;21,6;24;23,5;21,6;21,3;88;87;87;206;6,8;3,1;
2026/03/10;0500 UTC;0;1012,5;1012,9;1012,5;;23,4;21,9;23,8;23,4;22;21,6;91;87;91;225;7,3;3,5;
2026/03/10;0600 UTC;2;1012,2;1012,5;1012,1;;22,9;21,8;23,4;22,9;22;21,8;94;91;94;242;5,7;2,7;
2026/03/10;0700 UTC;4,2;1012;1012,2;1011,9;;22,9;21,9;22,9;22,8;21,9;21,7;94;94;94;243;4,6;2,6;
2026/03/10;0800 UTC;3;1012,3;1012,3;1012;;22,9;21,9;22,9;22,8;21,9;21,8;94;94;94;246;6;2;
2026/03/10;0900 UTC;,6;1013;1013;1012,3;2,2;23;22,1;23,1;22,9;22,2;21,9;95;94;95;246;4,2;2,4;
2026/03/10;1000 UTC;0;1013,8;1013,8;1013;68,4;23,3;22,3;23,3;23;22,3;22,1;95;95;95;246;3,6;,7;
2026/03/10;1100 UTC;,6;1014,4;1014,4;1013,8;292,7;24,1;23,2;24,2;23,2;23,2;22,3;95;94;94;246;3,1;1,8;
2026/03/10;1200 UTC;0;1014,6;1014,6;1014,4;832,5;25,4;23,8;25,4;24,1;24;23,1;94;91;91;225;5,1;3,3;
2026/03/10;1300 UTC;0;1014,6;1014,8;1014,5;1794,2;27,2;23,9;27,7;25,3;25;23,2;91;79;82;213;5,3;2,3;
2026/03/10;1400 UTC;0;1014,6;1014,6;1014,5;1907,4;27;23,3;27,9;26,1;24,3;22,7;84;76;80;201;9,7;3,2;
2026/03/10;1500 UTC;0;1014,2;1014,6;1014,2;1956,2;27,2;23,2;27,3;25,9;23,5;22,1;82;77;78;194;7,9;2,2;
2026/03/10;1600 UTC;,2;1013,5;1014,2;1013,5;1641,1;25,6;23,2;27,8;25,3;23,2;21,8;87;71;87;155;6,3;2,7;
2026/03/10;1700 UTC;,6;1012,8;1013,5;1012,8;1346,6;25,3;22,7;27,4;24,9;24,5;21,9;87;76;85;135;7,2;2,5;
2026/03/10;1800 UTC;1,6;1012,7;1012,8;1012,5;660,9;24,8;22,5;26,2;24,8;23;22;87;78;87;163;5,3;1,6;
2026/03/10;1900 UTC;1;1012,5;1012,7;1012,4;360,8;25,7;21,2;25,9;24,5;23,1;21,2;89;76;76;154;6,9;2,9;
2026/03/10;2000 UTC;0;1012,9;1012,9;1012,5;108,3;25,7;21,1;25,9;25,5;21,2;20,8;77;74;76;154;6,1;2,7;
2026/03/10;2100 UTC;0;1013,2;1013,2;1012,9;74,4;24,4;21,4;25,8;24,4;21,6;21;84;75;84;214;5,2;1,7;
2026/03/10;2200 UTC;0;1013,7;1013,7;1013,2;;23,7;22,3;24,3;23,6;22,3;21,5;92;84;92;206;4,5;2,2;
2026/03/10;2300 UTC;0;1014,3;1014,3;1013,7;;23,5;21,8;23,9;23,5;22,4;21,7;92;88;90;215;4,6;2,7;
2026/03/11;0000 UTC;,8;1014,3;1014,4;1014,3;;22,9;21,6;23,5;22,9;21,9;21,6;92;90;92;217;4,6;2,6;
2026/03/11;0100 UTC;1,2;1013,7;1014,3;1013,7;;22,7;21,7;22,9;22,6;21,7;21,5;94;92;94;206;4,3;1,9;
2026/03/11;0200 UTC;0;1013,4;1013,7;1013,4;;22,4;21,4;22,8;22,4;21,7;21,4;94;94;94;223;5,4;2,9;
2026/03/11;0300 UTC;,2;1013,3;1013,4;1013,2;;22,5;21,5;22,5;22,3;21,5;21,4;94;94;94;231;4,8;2,1;
2026/03/11;0400 UTC;0;1012,9;1013,3;1012,9;;22,5;21,6;22,5;22,5;21,6;21,5;94;94;94;233;3,2;1,3;
2026/03/11;0500 UTC;0;1012,3;1012,9;1012,3;;22,5;21,6;22,6;22,5;21,6;21,6;94;94;94;219;1,9;,9;
2026/03/11;0600 UTC;0;1011,7;1012,3;1011,7;;22,6;21,7;22,6;22,5;21,7;21,5;95;94;95;211;1,8;1,1;
2026/03/11;0700 UTC;0;1011,8;1011,8;1011,6;;22,5;21,5;22,6;22,5;21,7;21,5;95;94;94;220;3,3;1,8;
2026/03/11;0800 UTC;0;1011,7;1011,8;1011,6;;22,3;21,4;22,5;22,3;21,5;21,3;94;94;94;210;2,9;1,1;
2026/03/11;0900 UTC;0;1012;1012;1011,7;4,6;22,5;21,5;22,6;22,3;21,5;21,3;94;94;94;191;3;,9;
2026/03/11;1000 UTC;0;1012,5;1012,5;1012;217,1;22,9;21,8;23;22,4;21,8;21,3;94;93;93;259;2,9;1,3;
2026/03/11;1100 UTC;0;1013,4;1013,4;1012,6;501,9;24,1;22,3;24,1;22,9;22,4;21,8;93;90;90;233;2,7;1,4;
2026/03/11;1200 UTC;0;1013,3;1013,5;1013,3;1021,4;25,8;21,6;25,9;24,1;22,7;21,6;90;77;78;239;2,6;1,1;
2026/03/11;1300 UTC;0;1013,1;1013,3;1013,1;2102,2;28,5;20,1;28,5;25,8;21,9;18,8;78;60;60;254;2,1;,7;
2026/03/11;1400 UTC;0;1012,8;1013,2;1012,8;2855,1;28,5;20,2;28,8;27,7;20,4;18,1;62;55;61;268;3,1;1,3;
2026/03/11;1500 UTC;0;1012,1;1012,8;1012,1;2976,4;29,2;19,2;29,8;28,1;20,7;18,4;64;54;55;75;3,2;1,5;
2026/03/11;1600 UTC;0;1011,1;1012,1;1011,1;3314,4;30,3;21,1;30,4;29;21,8;18,8;62;51;58;76;3,5;1;
2026/03/11;1700 UTC;0;1010,3;1011,1;1010,3;3183,1;30,7;21,3;30,8;29,4;21,3;19,4;59;53;58;112;4,8;1,5;
2026/03/11;1800 UTC;0;1009,9;1010,3;1009,9;805,1;28,1;20,1;30,7;28,1;20,9;19,5;63;54;62;103;5,9;2,1;
2026/03/11;1900 UTC;0;1010;1010;1009,7;401,7;27,6;19,9;28,1;27,5;20,2;19,6;64;61;63;91;5,9;2,8;
2026/03/11;2000 UTC;0;1010,4;1010,4;1010;293,9;26,9;19,9;27,6;26,9;20,3;19,4;66;62;66;133;6,4;3,3;
2026/03/11;2100 UTC;0;1010,9;1011;1010,4;70;26;20,3;26,9;26;20,3;19,8;70;66;70;150;6,5;3;
2026/03/11;2200 UTC;0;1011,5;1011,5;1010,9;;25,4;21,5;26,1;25,4;21,5;20,3;79;70;79;161;5,3;1,2;
2026/03/11;2300 UTC;0;1012;1012;1011,5;;24,8;22,3;25,5;24,8;22,3;21,4;86;78;86;194;3,4;,8;
2026/03/12;0000 UTC;0;1012,6;1012,6;1012;;24,6;22,2;24,8;24,6;22,3;22,2;87;86;87;187;3;,8;
2026/03/12;0100 UTC;0;1012,7;1012,9;1012,6;;24,2;22,4;24,6;24,2;22,4;22,1;90;86;90;219;3,4;2,3;
2026/03/12;0200 UTC;,2;1012,3;1012,7;1012,3;;23,7;22,4;24,2;23,7;22,4;22,3;92;90;92;241;3,4;1,4;
2026/03/12;0300 UTC;,2;1011,6;1012,3;1011,6;;23,6;22,5;23,7;23,6;22,5;22,4;93;92;93;205;3;,8;
2026/03/12;0400 UTC;0;1010,8;1011,6;1010,8;;23,6;22,5;23,6;23,5;22,5;22,3;94;93;94;226;2,2;1,2;
2026/03/12;0500 UTC;1,2;1010,2;1010,8;1010,2;;23,6;22,5;23,6;23,6;22,6;22,5;94;94;94;195;4,7;1,2;
2026/03/12;0600 UTC;,4;1009,7;1010,2;1009,7;;23,8;22,8;23,9;23,5;22,9;22,5;94;94;94;206;4,7;,7;
2026/03/12;0700 UTC;0;1009,7;1009,9;1009,7;;23,7;22,7;23,8;23,7;22,8;22,7;94;94;94;296;1,5;,6;
2026/03/12;0800 UTC;1,2;1010;1010;1009,7;;23,8;22,8;23,8;23,6;22,8;22,7;94;94;94;282;1,8;,6;
2026/03/12;0900 UTC;1,6;1010,5;1010,5;1010;2,6;23,7;22,7;23,8;23,6;22,8;22,7;95;94;95;237;2,4;,7;
2026/03/12;1000 UTC;0;1010,9;1010,9;1010,5;139,5;23,9;23;24;23,6;23;22,7;95;95;95;223;2,3;1,1;
2026/03/12;1100 UTC;2,2;1011,4;1011,4;1010,9;214,9;24,5;23,6;24,5;23,9;23,6;23;95;95;95;233;1,6;,4;
2026/03/12;1200 UTC;,2;1011,4;1011,5;1011,4;1063,1;26,2;24,4;26,9;24,2;25,7;23,3;95;89;89;19;2,7;1,3;
2026/03/12;1300 UTC;0;1011;1011,5;1011;1124,4;27,3;23,9;27,3;25,9;24,3;23,4;89;81;82;125;3,1;,5;
2026/03/12;1400 UTC;0;1010,4;1011;1010,4;1892,8;28,7;23,8;28,8;26,9;24,5;23,2;82;73;75;85;2,5;1,2;
2026/03/12;1500 UTC;0;1009,6;1010,4;1009,6;3254,5;29;23,6;29,9;28,4;24,6;23;76;70;73;85;4,4;2,4;
2026/03/12;1600 UTC;0;1008,8;1009,6;1008,8;2510,5;28,6;23,4;29,5;27,9;24,7;23,1;79;72;73;92;5,3;2,7;
2026/03/12;1700 UTC;0;1007,5;1008,8;1007,5;2486,7;29;24;30,5;28,1;24,9;23;76;68;74;75;6,8;3,9;
2026/03/12;1800 UTC;0;1006,7;1007,5;1006,7;2121,3;29,1;23,3;29,8;28,4;24,5;23;75;70;71;94;7;3,4;
2026/03/12;1900 UTC;0;1006,3;1006,7;1006,2;1357,1;28,2;23,6;29,1;27,7;23,6;22,7;76;71;76;73;8,5;5,2;
2026/03/12;2000 UTC;0;1006,9;1006,9;1006,3;670,7;26,7;23,2;28,3;26,7;23,7;22,9;82;75;82;75;8,5;4,2;
2026/03/12;2100 UTC;0;1007,2;1007,2;1006,8;100,8;26;23,1;26,7;26;23,3;23;84;82;84;70;8,4;3,7;
2026/03/12;2200 UTC;0;1008;1008;1007,2;;25,8;23,7;26;25,8;23,7;23,2;88;84;88;68;7,3;1,9;
2026/03/12;2300 UTC;0;1008,8;1008,8;1008;;25,5;23,7;25,8;25,5;23,7;23,6;89;88;89;61;4;1,4;
2026/03/13;0000 UTC;,2;1009,2;1009,2;1008,8;;25,2;23,7;25,5;25,2;23,7;23,6;91;89;91;38;2,6;1,5;
2026/03/13;0100 UTC;,8;1009;1009,3;1009;;24,9;23,7;25,2;24,9;23,7;23,7;93;91;93;2;2,6;,9;
2026/03/13;0200 UTC;,6;1007,9;1009;1007,9;;24,8;23,7;24,9;24,8;23,7;23,6;94;93;94;8;3;1,6;
2026/03/13;0300 UTC;0;1007,7;1007,9;1007,6;;24,9;23,8;24,9;24,8;23,9;23,7;94;94;94;349;4,5;1,7;
2026/03/13;0400 UTC;0;1007,1;1007,7;1007,1;;24,7;23,6;24,9;24,7;23,8;23,6;94;94;94;351;3,1;2;
2026/03/13;0500 UTC;0;1006;1007,1;1006;;24,7;23,7;24,7;24,7;23,7;23,6;94;94;94;10;3,1;1,5;
2026/03/13;0600 UTC;,4;1005,3;1006;1005,3;;24,3;23,3;24,7;24,3;23,7;23,3;94;94;94;341;4,2;2,1;
2026/03/13;0700 UTC;0;1005;1005,3;1005;;24,1;23;24,3;24;23,3;23;94;94;94;357;4;2,5;
2026/03/13;0800 UTC;0;1005,5;1005,5;1005;;24,2;23,2;24,2;24,1;23,2;23;94;94;94;5;4,9;3;
2026/03/13;0900 UTC;0;1005,7;1005,7;1005,5;5,9;24,1;22,9;24,2;24,1;23,2;22,9;94;93;93;352;4,8;2,9;
2026/03/13;1000 UTC;0;1006,1;1006,1;1005,6;230,1;24,7;22,9;24,7;24,1;23;22,9;93;90;90;348;6,1;3,5;
2026/03/13;1100 UTC;0;1006,7;1006,7;1006,1;498;25,6;23,1;25,6;24,7;23,1;22,9;90;86;86;343;6,1;2,8;
2026/03/13;1200 UTC;0;1006,9;1006,9;1006,7;1117,9;27,6;23,5;27,7;25,6;23,8;22,9;86;76;78;342;5,1;3,3;
2026/03/13;1300 UTC;0;1007,1;1007,1;1006,9;1116;27,6;23,2;27,7;27,4;23,5;22,8;78;75;77;349;5,6;2,7;
2026/03/13;1400 UTC;0;1006,9;1007,2;1006,9;1128,5;28,1;23,5;28,1;27,3;24;23,1;81;76;76;344;4,3;2;
2026/03/13;1500 UTC;0;1006,1;1007;1006,1;1259,8;29,2;23,4;29,3;28;24,1;23,1;77;70;71;337;4,1;2,3;
2026/03/13;1600 UTC;0;1005,3;1006,1;1005,3;1797,9;29,8;23,3;30,3;28,9;24,3;22,6;73;65;68;328;5;3,2;
2026/03/13;1700 UTC;0;1004,8;1005,3;1004,8;1041,2;29,9;23,6;30,1;29,6;24;23,1;71;67;69;350;5,8;2,8;
2026/03/13;1800 UTC;0;1004,4;1004,8;1004,4;823,6;30,7;24,9;30,7;29,5;25,2;23,4;75;68;71;349;4,7;,8;
2026/03/13;1900 UTC;0;1004,5;1004,7;1004,3;712,5;29,7;24,6;30,8;29,7;25;22,8;74;64;74;103;3,5;,5;
2026/03/13;2000 UTC;0;1005,5;1005,5;1004,1;404,3;27,2;23,7;29,7;27,2;25,7;23,6;82;74;81;197;9,5;2,6;
2026/03/13;2100 UTC;0;1006;1006;1005,4;149,7;26,2;23,2;27,2;26,1;23,7;23,2;84;81;84;173;6,5;2;
2026/03/13;2200 UTC;0;1006,8;1006,8;1006;;25,7;23,2;26,2;25,7;23,3;23,1;86;84;86;182;5,9;2,1;
2026/03/13;2300 UTC;0;1007,2;1007,3;1006,8;;25,5;23,1;25,7;25,5;23,2;23,1;87;86;87;171;5,5;1,8;
2026/03/14;0000 UTC;0;1007,1;1007,3;1007,1;;24,7;22,3;25,5;24,7;23,1;22,3;87;85;87;203;6,1;1,9;
2026/03/14;0100 UTC;0;1007;1007,3;1006,9;;24,4;22,2;24,7;24,4;22,3;22,1;88;86;88;200;6;2;
2026/03/14;0200 UTC;0;1006,7;1007,2;1006,7;;24,3;22;24,4;24,3;22,2;21,9;88;87;87;210;4,7;1,7;
2026/03/14;0300 UTC;0;1006,7;1006,8;1006,5;;24,2;22,1;24,3;24,2;22,1;21,9;88;87;88;197;6,6;1,6;
2026/03/14;0400 UTC;29,2;1007;1007,2;1006,7;;22,9;21,9;24,2;22,9;22,1;21,8;94;88;94;314;3,8;1;
2026/03/14;0500 UTC;4,6;1006,5;1007,1;1006,5;;22,7;21,8;23;22,7;22;21,8;95;94;95;334;2,8;1,5;
2026/03/14;0600 UTC;,8;1006;1006,6;1006;;22,5;21,6;22,7;22,5;21,8;21,6;95;95;95;335;2,9;,8;
2026/03/14;0700 UTC;1,2;1005,9;1006,1;1005,9;;22,4;21,5;22,5;22,4;21,7;21,5;95;95;95;358;3,1;1,8;
2026/03/14;0800 UTC;0;1006,4;1006,4;1005,9;;22,1;21,3;22,4;22,1;21,5;21,2;95;95;95;350;4,6;2,1;
2026/03/14;0900 UTC;0;1007,1;1007,1;1006,4;,2;22,2;21,4;22,2;22,1;21,4;21,3;95;95;95;353;4,2;2,1;
2026/03/14;1000 UTC;0;1007,6;1007,6;1007,1;109,7;22,8;21,9;22,8;22,2;21,9;21,4;95;94;94;346;3,9;1,9;
2026/03/14;1100 UTC;0;1007,8;1007,8;1007,5;578,5;24,2;22,7;24,2;22,8;22,7;21,9;94;91;91;326;3,7;1,7;
2026/03/14;1200 UTC;0;1008;1008,1;1007,8;1540,1;26,1;22,6;26,4;24,2;23,3;22,2;91;80;81;299;3,8;1,4;
2026/03/14;1300 UTC;0;1008;1008;1008;1796,4;26,9;22,7;27,1;26,1;23,3;22,1;81;75;78;236;3;1,6;
2026/03/14;1400 UTC;0;1008;1008;1007,9;3451,9;28,9;21,3;29,6;26,8;23,9;21,3;79;62;64;214;4,4;1,8;
2026/03/14;1500 UTC;,2;1007,6;1008;1007,6;2160,2;30;21,5;30,2;28,7;22,5;20,5;68;59;60;196;3,4;1,2;
2026/03/14;1600 UTC;0;1007,1;1007,6;1007,1;1952,8;29;21,9;30,1;28,5;22,5;20,9;68;60;66;189;4,5;1,8;
2026/03/14;1700 UTC;0;1006,3;1007,1;1006,3;1816,1;28,4;21,3;29,3;28,3;22,4;20,6;68;61;66;157;5;2,5;
2026/03/14;1800 UTC;0;1006,3;1006,5;1006,2;1558,1;27,4;22,3;28,9;27,3;23,4;21,3;75;65;74;201;8,6;3,4;
2026/03/14;1900 UTC;0;1006,2;1006,4;1006,1;957,1;27,3;22;27,4;26,4;22,9;21,6;79;73;73;199;8,6;3,3;
2026/03/14;2000 UTC;0;1006,5;1006,5;1006;650,6;26,4;22,2;27,4;26,3;22,5;21,8;79;73;78;202;7,5;2,9;
2026/03/14;2100 UTC;0;1007,1;1007,1;1006,5;204,6;24,4;22;26,4;24,4;22,1;21,2;87;74;87;218;7,8;2,4;
2026/03/14;2200 UTC;1,6;1007,8;1007,9;1007,1;;24;22,7;24,4;23,9;22,7;22,1;92;87;92;113;4,4;,7;
2026/03/14;2300 UTC;0;1008,5;1008,5;1007,8;;24,1;22,7;24,4;24;22,9;22,7;92;91;92;232;2,2;1,2;
2026/03/15;0000 UTC;0;1009,1;1009,3;1008,5;;24;22,8;24,2;24;22,9;22,7;93;92;93;313;2,2;,7;
2026/03/15;0100 UTC;0;1009;1009,3;1009;;23,7;22,6;24;23,7;22,8;22,5;94;93;94;248;2;1,2;
2026/03/15;0200 UTC;0;1008,9;1009;1008,8;;23,2;22,2;23,7;23,2;22,6;22,2;94;94;94;23;2,3;,7;
2026/03/15;0300 UTC;0;1009,1;1009,3;1008,9;;23,2;22,3;23,3;23;22,3;22,1;94;94;94;2;1,5;,4;
2026/03/15;0400 UTC;0;1008,4;1009,1;1008,4;;23,1;22,1;23,4;23,1;22,5;22,1;94;94;94;285;1,7;,9;
2026/03/15;0500 UTC;0;1008,1;1008,4;1008,1;;23;22,1;23,1;22,7;22,1;21,7;94;94;94;258;1,4;,6;
2026/03/15;0600 UTC;0;1007,8;1008,1;1007,7;;22,4;21,5;23;22,3;21,9;21,3;95;94;95;296;1,6;,4;
2026/03/15;0700 UTC;,2;1007,7;1007,9;1007,7;;22,2;21,3;22,8;22,2;21,9;21,3;95;95;95;225;1,6;1,3;
2026/03/15;0800 UTC;0;1008,4;1008,4;1007,7;;21,9;21,1;22,5;21,8;21,7;20,9;95;95;95;317;1,8;1,4;
2026/03/15;0900 UTC;0;1008,7;1008,7;1008,4;2,8;21,7;20,9;22;21,7;21,2;20,9;95;95;95;328;1,8;1,1;
2026/03/15;1000 UTC;0;1009,3;1009,3;1008,7;336,6;24,3;23,4;24,3;21,7;23,4;20,9;95;95;95;4;1,6;,5;
2026/03/15;1100 UTC;0;1009,8;1009,8;1009,3;1237,3;26,7;22,5;26,7;24,3;23,8;21,7;95;76;78;117;2,4;1;
2026/03/15;1200 UTC;0;1010,3;1010,3;1009,8;2045,2;27,8;21,6;28,6;26,3;22,5;21,1;78;66;69;185;2,3;,8;
2026/03/15;1300 UTC;0;1010,2;1010,3;1010,2;2176,3;28,4;21,9;29,1;27,1;22,4;20,9;73;64;68;22;3,1;1,2;
2026/03/15;1400 UTC;0;1009,9;1010,2;1009,9;2169,1;28,7;22;29,2;27,9;22,5;20,7;71;63;67;286;4,2;1,3;
2026/03/15;1500 UTC;0;1009;1009,9;1009;2153,6;29,7;20,7;30,5;28,7;23;20,6;68;58;59;22;4,2;1,8;
2026/03/15;1600 UTC;0;1008,3;1009;1008,3;3878;31,6;21,6;31,7;29,7;22,6;20,5;62;54;55;34;7;1,9;
2026/03/15;1700 UTC;0;1007,5;1008,3;1007,5;2785;30,7;20,9;32;30,2;22;20,4;59;52;56;31;4,2;1,5;
2026/03/15;1800 UTC;0;1006,6;1007,5;1006,6;2642,8;31,9;20;32,4;30,2;21,4;19,7;58;48;50;23;4,1;1,5;
2026/03/15;1900 UTC;0;1006,8;1006,8;1006,5;1963,2;30,8;21,7;32,5;30,8;21,7;19,1;59;46;59;94;4,2;1,5;
2026/03/15;2000 UTC;0;1007,4;1007,4;1006,8;960,6;28;20,6;30,8;28;22,4;20,5;66;59;64;82;7,1;4;
2026/03/15;2100 UTC;0;1008,5;1008,5;1007,4;268,4;26,5;20,7;28;26,5;20,8;20,2;71;63;71;104;7,5;3,1;
2026/03/15;2200 UTC;0;1009,9;1009,9;1008,5;;24,9;21,1;26,5;24,9;21,2;20,7;79;71;79;75;6,6;1,5;
2026/03/15;2300 UTC;0;1010,8;1010,8;1009,9;;24,6;21,7;25;24,6;21,8;21,1;84;79;84;62;3;1,1;
2026/03/16;0000 UTC;0;1011,5;1011,5;1010,8;;24;22,3;24,6;23,9;22,3;21,7;90;84;90;31;2,4;1,2;
2026/03/16;0100 UTC;0;1011,4;1011,6;1011,4;;23,4;22;24;23,4;22,4;22;92;90;92;26;2;1,2;
2026/03/16;0200 UTC;0;1011,2;1011,5;1011,2;;23,2;22;23,5;23,1;22,2;21,8;93;92;93;333;2,1;1,2;
2026/03/16;0300 UTC;0;1010,8;1011,2;1010,8;;22,9;21,9;23,2;22,7;22;21,6;94;93;94;318;2,1;1,6;
2026/03/16;0400 UTC;0;1010,6;1010,9;1010,6;;23,1;22,2;23,1;22,6;22,2;21,6;94;94;94;245;1,8;,8;
2026/03/16;0500 UTC;0;1010,3;1010,6;1010,3;;22,9;22;23,1;22,6;22,2;21,7;95;94;95;256;1;,7;
2026/03/16;0600 UTC;0;1010;1010,3;1009,9;;22,9;22;23,1;22,6;22,2;21,7;95;95;95;201;1,2;1;
2026/03/16;0700 UTC;0;1009,8;1010;1009,8;;22,6;21,8;22,9;22,6;22;21,8;95;95;95;224;1,3;,4;
2026/03/16;0800 UTC;0;1009,9;1009,9;1009,7;;22,6;21,8;22,9;22,5;22,1;21,6;95;95;95;255;,9;,5;
2026/03/16;0900 UTC;0;1010,4;1010,4;1009,9;5,3;22,2;21,4;22,8;22;21,9;21,2;95;95;95;342;1,5;,9;
2026/03/16;1000 UTC;0;1010,9;1010,9;1010,4;205,3;23,5;22,7;23,5;22,1;22,7;21,3;95;95;95;358;2;1,3;
2026/03/16;1100 UTC;0;1011,7;1011,7;1010,9;1279,5;25,8;24,7;25,8;23,5;24,8;22,7;95;94;94;31;2,8;1,7;
2026/03/16;1200 UTC;0;1011,7;1011,8;1011,6;1611,5;27,8;23,3;27,8;25,5;25;23,1;94;76;76;4;4,8;2,9;
2026/03/16;1300 UTC;0;1011,7;1011,8;1011,6;2791,1;29,2;21,9;29,3;27,7;23,7;21,7;77;64;65;17;6,3;2,9;
2026/03/16;1400 UTC;0;1011,3;1011,7;1011,3;3324,6;30,5;20,8;30,7;29,1;22,3;20,5;65;55;56;29;6,4;3,6;
2026/03/16;1500 UTC;0;1010,6;1011,3;1010,6;3574,2;31,3;21,1;31,6;30,5;21,4;19,9;58;51;55;41;5,8;2;
2026/03/16;1600 UTC;0;1009,9;1010,6;1009,9;3651,1;32,8;20,6;32,8;30,9;21,6;19,4;56;47;49;20;6,5;2,2;
2026/03/16;1700 UTC;0;1009,2;1009,9;1009,2;3076,3;31,2;21,2;33;29,8;22,4;18,5;60;44;55;77;7,1;3,4;
2026/03/16;1800 UTC;0;1008,9;1009,2;1008,8;2766,8;29,7;18,6;31,2;29,6;20,8;18,5;56;51;51;84;8,2;4,4;
2026/03/16;1900 UTC;0;1008,8;1009;1008,8;2021;29;18,1;29,9;29;19,1;16,9;53;47;52;77;8,2;4,3;
2026/03/16;2000 UTC;0;1009,1;1009,1;1008,8;1131,3;27,8;19,1;29,1;27,8;19,1;16,7;59;48;59;83;7,6;4;
2026/03/16;2100 UTC;0;1009,7;1009,7;1009;254,6;26,2;21,7;27,8;26,2;21,7;19;77;59;77;84;7,5;3,1;
2026/03/16;2200 UTC;0;1010,5;1010,5;1009,7;;24,4;22;26,2;24,4;22,1;21,7;86;76;86;56;6,1;1,7;
2026/03/16;2300 UTC;0;1011,2;1011,2;1010,5;;23,6;21,9;24,4;23,5;22,1;21,7;90;86;90;72;2,6;1,2;
2026/03/17;0000 UTC;0;1012;1012;1011,2;;23,1;21,2;23,6;23,1;22;21,2;91;89;90;39;2,6;,9;
2026/03/17;0100 UTC;0;1012,5;1012,5;1012;;23,2;21,8;23,3;22,7;21,9;21,1;92;90;92;241;1,4;,3;
2026/03/17;0200 UTC;0;1012,2;1012,5;1012,2;;22,8;21,5;23,4;22,7;22;21,5;93;91;93;250;1,4;,6;
2026/03/17;0300 UTC;0;1012,1;1012,2;1012;;22,6;21,6;22,9;22,4;21,7;21,3;94;93;94;235;1,6;1;
2026/03/17;0400 UTC;0;1011,9;1012,1;1011,9;;22,5;21,6;22,6;22,1;21,7;21,1;95;94;95;248;1,7;,9;
2026/03/17;0500 UTC;0;1010,9;1011,9;1010,9;;22,2;21,3;22,6;22,2;21,7;21,3;95;95;95;203;1,3;1;
2026/03/17;0600 UTC;0;1010,6;1010,9;1010,6;;21,9;21,1;22,3;21,9;21,4;21;95;95;95;251;1,8;1,2;
2026/03/17;0700 UTC;0;1010,1;1010,6;1010,1;;21,6;20,8;22;21,5;21,2;20,7;95;95;95;299;2;1,2;
2026/03/17;0800 UTC;,2;1010,5;1010,5;1010,1;;21,3;20,5;21,6;21,3;20,8;20,5;95;95;95;287;1,6;1,3;
2026/03/17;0900 UTC;0;1011;1011;1010,5;6;21,1;20,3;21,4;20,9;20,6;20,1;95;95;95;273;2;1,3;
2026/03/17;1000 UTC;0;1011,9;1011,9;1011;381,4;23,3;22,4;23,3;21,1;22,4;20,3;95;95;95;244;2;,5;
2026/03/17;1100 UTC;0;1012,5;1012,5;1011,9;1240,2;26,2;22,7;26,3;23,3;23,7;22,6;95;81;81;335;1,9;,8;
2026/03/17;1200 UTC;0;1012,7;1012,7;1012,5;1895,2;27,2;21,1;27,7;26,1;22,8;21,1;81;69;69;38;4,4;2,4;
2026/03/17;1300 UTC;0;1012,6;1012,8;1012,6;2328,4;29,4;21,2;29,4;27,2;21,8;20,4;70;61;61;17;4,5;1,7;
2026/03/17;1400 UTC;0;1011,5;1012,6;1011,5;3285,5;30,1;20,5;30,3;28,9;21,2;19;62;52;56;49;5,6;2,6;
2026/03/17;1500 UTC;0;1010,9;1011,5;1010,9;3601,8;31,6;19,4;31,7;30,1;20,8;17,8;57;45;48;16;5,6;2,1;
2026/03/17;1600 UTC;0;1010;1010,9;1010;3350,8;30,8;20,7;31,7;30;21,6;18,1;58;45;55;73;6,5;2,6;
2026/03/17;1700 UTC;0;1009,2;1010;1009,2;3294,1;30,8;21,6;31,5;30,1;22,3;20,2;59;53;58;82;5,7;3,3;
2026/03/17;1800 UTC;0;1008,8;1009,2;1008,8;2766,1;30,1;21,2;30,9;29,9;22,2;20,8;61;56;59;82;6,9;3;
2026/03/17;1900 UTC;0;1008,4;1008,8;1008,4;1977,7;29,1;20,3;30,4;29;21,6;19,8;61;56;59;79;7,5;4,3;
2026/03/17;2000 UTC;0;1008,5;1008,6;1008,4;1125,2;28;19,7;29,1;28;20;19;61;56;61;79;7,8;3,7;
2026/03/17;2100 UTC;0;1009,1;1009,1;1008,5;232,7;25,5;20,2;28;25,5;20,2;19,2;72;60;72;62;6,9;2,2;
2026/03/17;2200 UTC;0;1009,8;1009,8;1009,1;;24,2;21,3;25,5;24,2;21,3;20,2;84;72;84;73;4,3;1,3;
2026/03/17;2300 UTC;0;1010,8;1010,8;1009,8;;24;21,4;24,4;24;21,5;21,1;86;84;86;73;2,1;1,5;
2026/03/18;0000 UTC;0;1011,3;1011,3;1010,8;;23,6;21,8;24;23,5;21,9;21,3;90;86;90;108;2,2;,7;
2026/03/18;0100 UTC;0;1011,4;1011,4;1011,2;;23,6;21,7;24,1;23,3;22,2;21,4;90;88;89;76;2;,5;
2026/03/18;0200 UTC;0;1011,3;1011,4;1011,2;;22,5;21,2;23,6;22,5;22;21,1;93;89;93;282;1,7;1,2;
2026/03/18;0300 UTC;0;1011,2;1011,4;1011,2;;22,5;21,4;22,5;22,3;21,4;21,1;94;92;94;243;1,9;1,2;
2026/03/18;0400 UTC;0;1010,5;1011,2;1010,5;;22,2;21,3;22,5;22,1;21,4;21,2;94;94;94;221;2;1,4;
2026/03/18;0500 UTC;0;1009,6;1010,5;1009,6;;22,4;21,4;22,5;22,2;21,5;21,2;94;94;94;234;1,8;1,4;
2026/03/18;0600 UTC;0;1009,1;1009,6;1009,1;;22,4;21,5;22,5;22,1;21,5;21,2;95;94;95;253;1,9;1;
2026/03/18;0700 UTC;0;1009,1;1009,1;1008,9;;21,8;20,9;22,4;21,8;21,5;20,9;95;95;95;239;1,7;1;
2026/03/18;0800 UTC;0;1009,5;1009,5;1009,1;;21,5;20,6;21,8;21,5;20,9;20,6;95;95;95;240;2,1;1;
2026/03/18;0900 UTC;0;1010,3;1010,3;1009,5;7,5;20,9;20,1;21,5;20,9;20,7;20,1;95;95;95;282;2,4;1,3;
2026/03/18;1000 UTC;0;1010,5;1010,5;1010,3;372,1;22,9;22;22,9;20,9;22;20,1;95;94;94;313;2,1;1,5;
2026/03/18;1100 UTC;0;1011,2;1011,2;1010,5;1239,2;25,8;22,7;25,8;22,8;23;21,8;94;83;83;275;2,8;1,6;
2026/03/18;1200 UTC;0;1011,1;1011,3;1011,1;2040,1;27,5;21,4;27,9;25,8;23;21,3;83;69;69;16;3,8;1,9;
2026/03/18;1300 UTC;0;1010,6;1011,1;1010,6;2259;29,3;21,7;29,8;27,4;22,9;21,1;72;61;64;12;4,1;2,3;
2026/03/18;1400 UTC;0;1009,9;1010,6;1009,9;3041,6;30,3;21,8;30,3;29,1;22,4;21;65;59;60;13;5,1;2,5;
2026/03/18;1500 UTC;0;1009;1009,9;1009;2472,5;30,6;21,8;31;29,5;22,3;20,7;63;58;59;14;5;2,4;
2026/03/18;1600 UTC;0;1008;1009;1008;3225,1;31,5;22,1;31,7;30,4;22,7;21;60;55;58;6;5,7;2,4;
2026/03/18;1700 UTC;0;1006,7;1008;1006,7;3215,1;32,1;21,5;32,3;31;22,2;20,9;57;52;54;347;5;2;
2026/03/18;1800 UTC;0;1006;1006,7;1006;2629,1;32;21,1;32,6;31,3;22,3;20,7;58;51;53;87;4,7;1,5;
2026/03/18;1900 UTC;0;1005,6;1006;1005,6;1133,9;29,2;22,9;32,1;29;23,3;21;69;53;69;62;6,9;3,3;
2026/03/18;2000 UTC;0;1005,8;1006;1005,6;503,2;27,4;22,3;29,2;27,4;22,9;22,1;74;68;74;80;7,8;4,7;
2026/03/18;2100 UTC;0;1006,4;1006,4;1005,8;83,5;26,4;22,2;27,4;26,4;22,5;22,1;77;74;77;81;8;3,8;
2026/03/18;2200 UTC;0;1007,4;1007,4;1006,4;;26,1;22,8;26,4;26,1;22,8;22,2;82;78;82;89;7,5;1,6;
2026/03/18;2300 UTC;0;1008;1008,1;1007,4;;26,2;22,7;26,3;26,1;22,9;22,7;82;81;81;103;4,5;1,3;
2026/03/19;0000 UTC;0;1008,6;1008,6;1008;;26,1;22,9;26,2;26,1;22,9;22,7;83;81;83;82;3,8;1,6;
2026/03/19;0100 UTC;0;1008,8;1008,9;1008,6;;26,1;22,9;26,2;26;23;22,9;83;82;82;151;2,8;1,2;
2026/03/19;0200 UTC;0;1008,6;1008,8;1008,6;;26;22,8;26,2;26;22,9;22,8;83;82;83;100;2,4;1,2;
2026/03/19;0300 UTC;0;1008,2;1008,7;1008,2;;25,7;22,9;26,1;25,5;22,9;22,7;85;82;84;140;2,4;1,1;
2026/03/19;0400 UTC;0;1007,5;1008,2;1007,5;;25,5;22,9;25,8;25,4;22,9;22,7;86;84;86;101;2,9;1,2;
2026/03/19;0500 UTC;0;1007,1;1007,6;1007,1;;24,6;22,9;25,6;24,5;22,9;22,6;91;85;91;336;2,7;,5;
2026/03/19;0600 UTC;0;1006,6;1007,1;1006,6;;24,3;23;24,6;24,2;23;22,7;93;91;93;277;1,8;1,1;
2026/03/19;0700 UTC;0;1006,9;1006,9;1006,5;;23,9;22,7;24,4;23,9;23,2;22,7;93;93;93;314;2,1;1,2;
2026/03/19;0800 UTC;0;1006,9;1006,9;1006,7;;23,8;22,7;24;23,8;22,9;22,6;93;93;93;166;2,1;,5;
2026/03/19;0900 UTC;0;1006,9;1007,1;1006,9;4,6;23,7;22,7;23,9;23,6;22,7;22,5;94;93;94;252;1,4;,7;
2026/03/19;1000 UTC;0;1007,3;1007,4;1006,9;348,7;25,5;24,1;25,5;23,7;24,1;22,6;94;92;92;173;1,9;,4;
2026/03/19;1100 UTC;0;1007,8;1007,8;1007,3;903,4;27,2;23,5;27,6;25,5;24,9;23,3;92;79;80;5;3,5;1,7;
2026/03/19;1200 UTC;0;1007,7;1007,9;1007,7;1653;29,2;24,1;29,2;27,2;24,3;22,7;81;71;74;30;3,8;1,7;
2026/03/19;1300 UTC;0;1007,6;1007,7;1007,6;1533,1;29,3;23,4;29,6;28,3;24,2;22,9;76;69;71;27;4,5;1,7;
2026/03/19;1400 UTC;0;1007,3;1007,6;1007,3;1371,4;30,1;22,9;30,1;28,8;23,9;22,8;72;65;65;11;3,6;2,3;
2026/03/19;1500 UTC;0;1006,4;1007,3;1006,4;2196,5;30,5;22,7;31,1;29,9;23,7;21,9;67;62;63;357;4,6;1,7;
2026/03/19;1600 UTC;0;1005,3;1006,4;1005,3;2104;30,9;22,7;31,5;30,4;23,5;22,3;65;60;62;78;4,6;1,1;
2026/03/19;1700 UTC;0;1004,4;1005,3;1004,4;1640,3;31,4;22,9;32,1;30,7;24;22,5;65;58;61;360;4,7;2,6;
2026/03/19;1800 UTC;0;1004,1;1004,4;1004;965,1;28,6;23,3;31,7;28,6;23,7;22,6;73;60;73;64;6,4;2,8;
2026/03/19;1900 UTC;7,6;1004,2;1004,2;1003,9;210,9;25,4;23,4;28,6;24,6;23,9;22,6;92;73;89;55;7,9;3,1;
2026/03/19;2000 UTC;,2;1004,4;1004,6;1004,2;179,1;25,3;23,3;25,9;25,1;24,4;22,6;91;86;89;63;7,3;2,4;
2026/03/19;2100 UTC;0;1005;1005;1004,4;44,6;25,5;23;25,6;25,3;23,8;22,9;90;86;86;154;4,3;1,6;
2026/03/19;2200 UTC;0;1005,8;1005,8;1005;;25;23,3;25,6;24,8;23,4;22,9;90;86;90;1;3;,5;
2026/03/19;2300 UTC;,2;1006,4;1006,4;1005,8;;23,7;22,3;25;23,7;23,5;22,3;92;90;92;234;3,8;2,5;
2026/03/20;0000 UTC;0;1006,6;1006,6;1006,4;;23,2;21,7;23,7;23,1;22,2;21,7;92;91;91;199;3,8;1,3;
2026/03/20;0100 UTC;0;1007;1007;1006,6;;23,5;21,7;23,5;23,1;21,8;21,6;92;89;89;158;3,4;,8;
2026/03/20;0200 UTC;0;1007,6;1007,6;1007;;23,4;21,4;23,6;23,2;21,6;21,2;89;87;89;200;2,6;,7;
2026/03/20;0300 UTC;0;1007,2;1007,6;1007,2;;23,1;21,6;23,4;23,1;21,7;21,4;91;89;91;232;2,1;1,2;
2026/03/20;0400 UTC;0;1007;1007,2;1006,8;;22,8;21,4;23,1;22,8;21,7;21,4;92;91;92;237;3,4;1,4;
2026/03/20;0500 UTC;0;1006,5;1007;1006,5;;22,6;21,4;22,8;22,6;21,4;21,3;93;92;93;267;2,5;1,1;
2026/03/20;0600 UTC;0;1005,9;1006,5;1005,9;;22,7;21,6;22,8;22,6;21,6;21,4;94;93;94;238;2,4;1,1;
2026/03/20;0700 UTC;,2;1005,7;1005,9;1005,7;;22,8;21,7;22,9;22,7;21,8;21,6;94;93;94;345;1,9;1,1;
2026/03/20;0800 UTC;,6;1006;1006;1005,6;;22,9;21,9;22,9;22,7;21,9;21,6;94;94;94;328;2,1;1,1;
2026/03/20;0900 UTC;,6;1007;1007;1006;,2;23,1;22,1;23,2;22,9;22,2;21,9;94;94;94;332;3,8;2;
2026/03/20;1000 UTC;,8;1007,6;1007,6;1007;71,7;23,2;22,2;23,2;23,1;22,2;22,1;94;94;94;354;3,7;1,8;
2026/03/20;1100 UTC;1,6;1008,3;1008,3;1007,6;180,8;23,4;22,4;23,4;23,2;22,4;22,2;94;94;94;320;3,1;,9;
2026/03/20;1200 UTC;2,6;1008,6;1008,6;1008,3;154,3;23,4;22,4;23,4;23,2;22,4;22,2;94;94;94;27;2,8;,9;
2026/03/20;1300 UTC;1,6;1008,4;1008,6;1008,4;493;24;22,9;24;23,4;22,9;22,4;94;93;93;46;2,2;1,1;
2026/03/20;1400 UTC;0;1008,3;1008,4;1008,2;1017,9;25,4;23,5;25,4;24;23,5;22,8;93;88;89;21;2,7;1,4;
2026/03/20;1500 UTC;0;1007,8;1008,3;1007,8;1318,1;26,3;23,4;26,3;25,4;23,6;22,6;89;81;84;19;3,4;1,4;
2026/03/20;1600 UTC;,4;1007;1007,8;1007;1119;26,2;23,7;26,5;25,5;23,7;22,7;88;82;86;74;3,7;2,3;
2026/03/20;1700 UTC;0;1005,9;1007;1005,9;1565,8;26,4;23,4;26,8;26,2;23,8;23;86;82;84;89;5,4;2,9;
2026/03/20;1800 UTC;0;1005,6;1006;1005,6;748,4;26,5;23,5;26,5;26,1;23,5;22,8;84;81;83;92;5,1;2,8;
2026/03/20;1900 UTC;0;1005,3;1005,7;1005,2;565,5;26;23;26,6;26;23,5;22,7;84;81;83;99;6,8;3,5;
2026/03/20;2000 UTC;2,2;1005,5;1005,6;1005;184,2;25;23,5;26;25;23,5;22,9;92;83;92;105;7,2;2,3;
2026/03/20;2100 UTC;27,4;1006,1;1006,5;1005,4;14;23,5;22,4;25;23,5;23,6;22,4;94;92;94;141;9,2;4,8;
2026/03/20;2200 UTC;18,2;1006,8;1006,8;1005,8;,2;23,8;22,9;23,8;23;22,9;22;95;94;95;163;9,2;1,9;
2026/03/20;2300 UTC;,6;1008;1008;1006,7;;23,4;22,4;23,8;23,3;22,9;22,4;95;94;95;309;4,4;1,5;
2026/03/21;0000 UTC;2,6;1007,8;1008,3;1007,7;;23,1;22,2;23,4;23,1;22,5;22,2;95;95;95;293;3,3;1,1;
2026/03/21;0100 UTC;1,8;1008,7;1008,7;1007,8;;22,6;21,8;23,1;22,6;22,2;21,8;95;95;95;335;3,1;1,4;
2026/03/21;0200 UTC;,2;1008,4;1008,7;1008,2;;22,7;21,8;22,7;22,6;21,8;21,7;95;95;95;240;3,4;1,9;
2026/03/21;0300 UTC;0;1008,3;1008,4;1008,1;;23;22,2;23,1;22,7;22,2;21,8;95;95;95;239;4,4;1,2;
2026/03/21;0400 UTC;0;1008;1008,4;1008;;23;22,1;23;22,9;22,2;22;95;95;95;219;3,8;2,3;
2026/03/21;0500 UTC;0;1007,4;1008;1007,4;;22,6;21,7;23;22,5;22,1;21,7;95;95;95;241;3,8;1;
2026/03/21;0600 UTC;0;1006,9;1007,4;1006,9;;22,5;21,7;22,7;22,5;21,8;21,7;95;95;95;307;2,8;1,2;
2026/03/21;0700 UTC;0;1007;1007;1006,7;;22,1;21,3;22,5;22,1;21,7;21,3;95;95;95;249;2,7;1,2;
2026/03/21;0800 UTC;0;1007,2;1007,2;1006,9;;22;21,2;22,1;21,6;21,3;20,8;95;95;95;69;2,3;1,5;
2026/03/21;0900 UTC;0;1007,6;1007,6;1007,2;2;21,7;20,9;22;21,5;21,2;20,7;95;95;95;313;2;1,4;
2026/03/21;1000 UTC;0;1007,9;1007,9;1007,6;288,1;23,2;22,4;23,2;21,7;22,4;21;95;95;95;280;1,8;,6;
2026/03/21;1100 UTC;0;1008,8;1008,8;1007,9;741,6;25;23,5;25;23,2;23,7;22,3;95;91;91;226;4,3;1,7;
2026/03/21;1200 UTC;0;1009,4;1009,4;1008,7;1540,3;26,5;23,3;26,6;24,9;23,8;23;91;83;83;227;5,7;3,1;
2026/03/21;1300 UTC;0;1009,8;1009,8;1009,4;1591,1;26,4;23,2;26,8;25,4;23,5;22,4;85;80;82;201;7,8;3,5;
2026/03/21;1400 UTC;,6;1010;1010;1009,8;1377,3;24,8;23,2;26,4;24,4;23,4;22,3;92;81;91;204;7,9;3;
2026/03/21;1500 UTC;0;1009,4;1010;1009,4;1583,7;26,5;23,1;26,6;24,8;23,7;22,8;92;81;81;174;6,2;1,2;
2026/03/21;1600 UTC;0;1008,8;1009,4;1008,8;1837,2;27,3;23,1;28,1;26,5;23,8;22,5;83;73;78;214;7,2;3,4;
2026/03/21;1700 UTC;0;1008,4;1008,9;1008,4;1616,1;28;22,7;28,4;26,9;23,5;22,7;80;73;73;204;7;2,6;
2026/03/21;1800 UTC;0;1008,5;1008,5;1008,3;2213,5;29,1;23,3;29,1;27,6;23,5;22,1;76;70;71;174;6,9;2,5;
2026/03/21;1900 UTC;0;1008,8;1008,9;1008,5;1474,4;26,5;22,2;29,1;26,3;23,3;21,9;78;69;77;149;8,3;3,8;
2026/03/21;2000 UTC;0;1008,8;1008,9;1008,7;1057,8;26,2;21,8;27,1;26,2;22,5;21,8;78;74;77;156;7,3;3,5;
2026/03/21;2100 UTC;0;1009,4;1009,4;1008,8;190,7;25,9;22;26,4;25,8;22,2;21,6;79;75;79;154;6,7;2,1;
2026/03/21;2200 UTC;0;1009,9;1009,9;1009,4;;24,8;22,5;25,9;24,8;22,7;22;87;79;87;175;3,8;,9;
2026/03/21;2300 UTC;0;1010,8;1010,8;1009,9;;24,4;22,8;24,8;23,8;23;22,3;92;87;91;179;2,3;1,1;
2026/03/22;0000 UTC;0;1011,5;1011,5;1010,8;;23,5;22,3;24,4;23,5;22,7;22,3;93;91;93;227;3,2;1,6;
2026/03/22;0100 UTC;0;1011,5;1011,6;1011,5;;23,1;22,1;23,5;23,1;22,3;22;94;93;94;223;2,5;1;
2026/03/22;0200 UTC;0;1011,2;1011,5;1011,2;;22,7;21,8;23,1;22,6;22,1;21,6;94;94;94;232;1,9;1,4;
2026/03/22;0300 UTC;0;1010,8;1011,2;1010,8;;22,7;21,8;22,9;22,4;22;21,5;95;94;95;256;1,9;,5;
2026/03/22;0400 UTC;0;1010,3;1010,8;1010,3;;22,7;21,8;22,7;22,1;21,8;21,2;95;95;95;231;1,8;1,1;
2026/03/22;0500 UTC;0;1010;1010,3;1009,9;;22;21,1;22,8;22;21,9;21,1;95;95;95;275;2,4;1,5;
2026/03/22;0600 UTC;0;1009,7;1010;1009,6;;21,7;20,9;22,1;21,7;21,2;20,9;95;95;95;297;2,4;1,3;
2026/03/22;0700 UTC;0;1009,5;1009,7;1009,4;;21,5;20,7;21,7;21,4;20,9;20,6;95;95;95;313;2,1;1,5;
2026/03/22;0800 UTC;0;1009,7;1009,7;1009,4;;21,1;20,4;21,6;21,1;20,8;20,4;95;95;95;295;2;1,4;
2026/03/22;0900 UTC;0;1010,1;1010,1;1009,6;3,4;21,3;20,5;21,3;20,8;20,6;20,1;96;95;96;299;2;,8;
2026/03/22;1000 UTC;0;1010,4;1010,5;1010,1;358,3;23,2;22,4;23,2;21,1;22,4;20,4;96;95;95;22;1,8;,9;
2026/03/22;1100 UTC;,2;1010,7;1010,7;1010,4;1199,2;25,4;23,2;25,6;23,2;23,8;22,4;95;87;88;314;3,2;1,9;
2026/03/22;1200 UTC;0;1011;1011;1010,7;2030,4;27,8;22,6;28,1;25,5;23,5;22,5;88;72;73;352;4,5;2,4;
2026/03/22;1300 UTC;0;1010,7;1011;1010,7;2731,8;29,6;22,1;29,8;27,7;23,2;21,3;74;62;64;7;4,5;2,2;
2026/03/22;1400 UTC;0;1010,5;1010,7;1010,5;3267,6;30,7;20,7;31,1;29,6;22,5;20,7;65;55;55;30;5;2;
2026/03/22;1500 UTC;0;1010;1010,5;1010;3854,6;31,6;20,4;31,9;30,5;22,1;19,9;59;50;51;26;4,6;1,9;
2026/03/22;1600 UTC;0;1009,1;1010;1009,1;1479,5;29,5;22,2;32;28,7;22,2;19,7;67;52;65;81;6,2;3,4;
2026/03/22;1700 UTC;0;1008,5;1009,1;1008,5;2715,2;28,8;21,3;30,3;28,8;22,4;21;65;60;64;81;7,3;3,2;
2026/03/22;1800 UTC;,2;1008,4;1008,5;1008,3;938,4;27,1;21,1;29,4;27,1;21,7;20,6;70;61;70;89;6,2;2,5;
2026/03/22;1900 UTC;,2;1008,1;1008,4;1008,1;1970,8;28,1;19,8;28,4;26,4;22,3;19,6;73;60;61;104;6,5;3,1;
2026/03/22;2000 UTC;0;1008,3;1008,3;1008;940,2;27,6;19,5;28,3;27,3;20;18,2;63;54;61;113;6,2;2,3;
2026/03/22;2100 UTC;0;1009;1009;1008,2;179;26,2;21,5;27,6;26,2;21,5;19,5;75;61;75;113;4,9;2;
2026/03/22;2200 UTC;0;1009,9;1009,9;1009;;26;21,8;26,3;25,9;21,8;21,5;78;75;78;126;4,5;1,9;
2026/03/22;2300 UTC;0;1010,7;1010,7;1009,9;;25,9;21,6;26;25,8;21,8;21,5;78;77;77;137;4,3;1,6;
2026/03/23;0000 UTC;0;1011,1;1011,1;1010,7;;24,2;22,4;25,9;24,2;22,4;21,5;89;77;89;237;3,1;1,9;
2026/03/23;0100 UTC;0;1011,3;1011,4;1011,1;;23,8;22,5;24,2;23,7;22,5;22,3;93;89;93;211;3,2;,7;
2026/03/23;0200 UTC;0;1011,1;1011,3;1011,1;;23,7;22,4;24;23,7;22,7;22,3;93;92;92;225;4,1;2,8;
2026/03/23;0300 UTC;0;1011,3;1011,3;1011,1;;23,4;22,1;23,7;23,4;22,3;22,1;92;92;92;247;4,1;1,9;
2026/03/23;0400 UTC;,2;1010,9;1011,3;1010,9;;23,3;22,2;23,4;23,2;22,2;22;93;92;93;222;3,1;,6;
2026/03/23;0500 UTC;0;1010,2;1010,9;1010,2;;22,9;21,8;23,4;22,9;22,3;21,8;94;93;93;190;3,8;,5;
2026/03/23;0600 UTC;0;1009,9;1010,2;1009,8;;22,5;21,4;23;22,4;21,9;21,3;94;93;94;257;3,1;,7;
2026/03/23;0700 UTC;0;1009,6;1009,9;1009,6;;22,4;21,5;22,5;22,4;21,5;21,3;94;94;94;214;2,3;1,2;
2026/03/23;0800 UTC;0;1010,1;1010,1;1009,6;;22,5;21,5;22,5;22,2;21,5;21,3;94;94;94;236;2,2;1,4;
2026/03/23;0900 UTC;0;1010,3;1010,3;1010,1;2,6;22,4;21,4;22,5;22,4;21,6;21,4;94;94;94;315;2,2;,3;
2026/03/23;1000 UTC;0;1011;1011;1010,3;204,5;23,3;22;23,4;22,3;22,4;21,3;94;92;92;236;2,4;1,1;
2026/03/23;1100 UTC;,6;1011,7;1011,7;1011;412,1;23,7;22,3;23,8;23,2;22,3;21,7;92;91;92;13;3,6;1,7;
2026/03/23;1200 UTC;0;1011,8;1011,9;1011,7;1493,7;25,7;22,7;26,1;23,7;23,6;21,7;92;80;84;345;3;1,8;
2026/03/23;1300 UTC;0;1011,6;1012;1011,6;2229;26,8;21,5;28;25,6;23,5;21,5;83;71;73;136;3,2;1,5;
2026/03/23;1400 UTC;0;1011,2;1011,6;1011,2;1097,9;25,8;23,4;27,7;24,8;23,4;20,8;87;67;87;176;5,5;1,2;
2026/03/23;1500 UTC;,6;1010,6;1011,2;1010,6;862,2;23,7;21,6;26;23,7;23,3;21,5;89;83;88;134;7,6;1,9;
2026/03/23;1600 UTC;18;1009,7;1010,7;1009,7;239,5;22,4;21,4;23,9;22,2;21,9;20,8;94;88;94;192;7,1;3;
2026/03/23;1700 UTC;2,2;1009;1009,7;1009;792,7;25,3;23,6;25,3;22,3;23,7;21,3;94;90;90;135;7;2,8;
2026/03/23;1800 UTC;0;1008,7;1009;1008,7;2864,2;27,4;23;27,4;25,3;24,2;22,3;90;76;77;118;7,1;3,4;
2026/03/23;1900 UTC;,2;1008,7;1008,7;1008,5;1283,7;26,7;22,1;27,6;26,7;23;21,7;78;72;76;84;7,6;2,9;
2026/03/23;2000 UTC;0;1008,8;1008,9;1008,7;227,3;26,2;22,2;26,7;26,2;22,3;21,7;79;75;79;106;5,8;2,3;
2026/03/23;2100 UTC;1,8;1009,6;1009,6;1008,6;50,9;22,3;20,6;26,2;22,3;22,3;19,2;90;76;90;201;9,5;1,4;
2026/03/23;2200 UTC;0;1010,5;1010,5;1009,6;;22,5;21,4;22,5;22,2;21,4;20,6;93;90;93;227;3,7;1,9;
2026/03/23;2300 UTC;0;1010,1;1010,5;1010,1;;22,2;21,1;22,5;22,2;21,4;21,1;94;93;94;215;4,9;2,6;
2026/03/24;0000 UTC;0;1009,8;1010,1;1009,3;;21,7;20,5;22,7;21,7;21,4;20,5;94;92;93;359;4,6;1,3;
2026/03/24;0100 UTC;0;1010,1;1010,2;1009,6;;21,7;20,7;21,9;21,6;20,8;20,4;94;93;94;60;2,3;1,4;
2026/03/24;0200 UTC;0;1010,4;1010,4;1010,1;;21,5;20,6;21,7;21,2;20,6;20,3;95;94;95;204;2,9;,8;
2026/03/24;0300 UTC;0;1010,5;1010,7;1010,4;;21,3;20,4;21,5;21,1;20,6;20,2;95;94;95;166;2,1;,3;
2026/03/24;0400 UTC;,2;1010,8;1010,9;1010,5;;21,2;20,3;21,6;21;20,7;20,1;95;95;95;310;2,7;,9;
2026/03/24;0500 UTC;0;1010,4;1010,8;1010,4;;21,3;20,5;21,5;21,1;20,7;20,3;95;95;95;297;2;1,4;
2026/03/24;0600 UTC;0;1009,8;1010,5;1009,8;;21,1;20,3;21,3;21,1;20,5;20,3;95;95;95;355;2,1;1,2;
2026/03/24;0700 UTC;0;1009,7;1009,8;1009,5;;21,3;20,5;21,3;20,9;20,6;20,2;95;95;95;75;2,5;1,8;
2026/03/24;0800 UTC;0;1010,1;1010,2;1009,7;;20,8;20,1;21,3;20,8;20,5;20;95;95;95;306;2,8;,5;
2026/03/24;0900 UTC;0;1010,3;1010,4;1010,1;6,9;21,2;20,4;21,3;20,7;20,6;19,9;95;95;95;68;3,7;1,6;
2026/03/24;1000 UTC;0;1010,7;1010,8;1010,3;211,1;22;21,2;22;21,2;21,2;20,5;95;95;95;81;2,8;1,8;
2026/03/24;1100 UTC;0;1011,7;1011,7;1010,7;643,4;23,2;21,8;23,8;22;22,7;21,2;95;92;92;336;3,9;2;
2026/03/24;1200 UTC;0;1012;1012;1011,7;1605,5;25,5;22,5;25,8;23,2;23,3;22;93;83;84;12;7,9;3,4;
2026/03/24;1300 UTC;0;1011,8;1012,3;1011,8;1807,4;28,6;22,3;28,6;25,4;22,8;22;83;69;69;29;9,3;5,2;
2026/03/24;1400 UTC;0;1011,7;1011,8;1011,6;2664,5;29,4;22,9;29,4;27,1;23,3;21,5;74;67;68;41;9,1;4,4;
2026/03/24;1500 UTC;0;1010,8;1011,7;1010,8;3379,4;30,1;22,1;30,2;28;23,2;21,8;71;62;62;28;8,9;4,2;
2026/03/24;1600 UTC;0;1009,8;1010,8;1009,8;3020,9;29,9;22,9;30,9;29,1;23,4;21,7;68;59;66;69;7,5;3,2;
2026/03/24;1700 UTC;0;1009,1;1009,8;1009,1;2422,1;29,3;23,3;32;28,5;23,7;21;72;55;70;68;8,4;4,6;
2026/03/24;1800 UTC;0;1008,5;1009,1;1008,4;2353,4;29,7;22,8;29,9;28,8;23,5;22,4;71;66;67;71;9;4,7;
2026/03/24;1900 UTC;0;1008,5;1008,6;1008,4;1838,2;28,3;21,8;29,8;27,9;23,1;21,1;68;64;68;57;10,9;5,8;
2026/03/24;2000 UTC;0;1008,8;1008,8;1008,4;1000,1;27;21,7;28,3;27;21,8;21,4;73;67;73;55;10,7;5,2;
2026/03/24;2100 UTC;0;1009,8;1009,8;1008,8;93,6;25,5;21,7;27;25,5;21,7;21,4;80;73;80;61;9,6;4,3;
2026/03/24;2200 UTC;0;1010,5;1010,6;1009,8;;25,2;22,2;25,5;25,1;22,2;21,7;83;80;83;65;8,8;3,3;
2026/03/24;2300 UTC;0;1010,7;1010,7;1010,5;;25;22,6;25,2;24,9;22,7;22,2;87;83;87;53;7,8;3,4;
2026/03/25;0000 UTC;0;1011;1011;1010,6;;24,9;22,8;25;24,7;22,8;22,6;88;87;88;45;7,8;3,4;
2026/03/25;0100 UTC;0;1011,4;1011,4;1010,9;;24,4;22,5;24,9;24,4;22,7;22,5;89;88;89;40;7,1;2,4;
2026/03/25;0200 UTC;0;1011,2;1011,5;1011,2;;23,9;22,2;24,4;23,9;22,5;22,2;90;89;90;38;4,1;2,2;
2026/03/25;0300 UTC;0;1011,5;1011,5;1011,2;;23,4;22;23,9;23,4;22,2;21,9;92;90;92;44;3,9;1,6;
2026/03/25;0400 UTC;0;1011,6;1011,6;1011,5;;23,3;22,1;23,5;22,8;22,1;21,5;93;92;93;67;3,1;2;
2026/03/25;0500 UTC;0;1011,2;1011,6;1011,2;;22,6;21,4;23,3;22,6;22,1;21,4;93;93;93;23;3,7;1,4;
2026/03/25;0600 UTC;0;1011,5;1011,5;1011,2;;22,6;21,5;22,6;22,4;21,5;21,3;94;93;94;26;3,1;1,8;
2026/03/25;0700 UTC;0;1011,5;1011,6;1011,4;;22,7;21,2;23;22,5;21,7;21,2;94;91;92;348;3,8;2;
2026/03/25;0800 UTC;0;1012,3;1012,4;1011,5;;22,4;21,1;22,8;22,4;21,6;21,1;93;92;92;49;3,8;2;
2026/03/25;0900 UTC;0;1012,8;1012,8;1012,3;1,7;22,3;21,2;22,4;22,2;21,3;21;94;92;94;69;3,5;2,1;
2026/03/25;1000 UTC;0;1013,4;1013,4;1012,8;307;24,5;22,2;24,5;22,2;22,6;21,2;94;87;87;32;3,6;1,4;
2026/03/25;1100 UTC;0;1013,7;1013,7;1013,4;1155,2;26,9;22,4;26,9;24,5;22,7;21,8;87;76;76;17;4,6;2,8;
2026/03/25;1200 UTC;0;1014,1;1014,1;1013,7;1983,4;29;21,2;29,2;26,9;22,4;21,1;76;62;63;33;5,5;3,5;
2026/03/25;1300 UTC;0;1014,1;1014,2;1014;2670,7;30,6;21,2;30,7;29;22,2;20,3;64;56;57;42;6,1;3,1;
2026/03/25;1400 UTC;0;1014;1014,1;1013,9;3119,5;30,1;22;30,9;29,4;22,6;20,7;66;56;62;79;8;4,1;
2026/03/25;1500 UTC;0;1013,6;1014;1013,6;3115,5;31,1;21,1;31,4;29,7;22,1;19,8;63;53;55;49;8,9;4,2;
2026/03/25;1600 UTC;0;1012,9;1013,6;1012,9;3335,3;30,8;20,8;31,4;30,3;22;20,8;60;55;55;53;9,4;4,9;
2026/03/25;1700 UTC;0;1012,5;1012,9;1012,4;2979,9;30,4;21;31,1;29,7;21,6;20,1;60;55;57;62;9,4;5;
2026/03/25;1800 UTC;0;1012,7;1012,8;1012,4;2644;29,8;21,1;30,6;29,4;21,5;20,5;61;56;59;51;10,6;5,6;
2026/03/25;1900 UTC;0;1012,3;1012,8;1012,3;1874;28,7;21,3;29,8;28,7;21,6;20,8;65;59;64;70;11,3;5,9;
2026/03/25;2000 UTC;0;1012,6;1012,7;1012,3;570,8;27,2;21,6;28,7;27,2;22,1;21,2;74;64;71;57;10,5;5,1;
2026/03/25;2100 UTC;0;1013,1;1013,1;1012,6;96,3;25,8;22,4;27,2;25,8;22,4;21,5;81;71;81;54;9,8;3;
2026/03/25;2200 UTC;0;1013,7;1013,7;1013;;25,1;22,9;25,9;25,1;22,9;22,4;88;81;88;50;6,1;2,4;
2026/03/25;2300 UTC;0;1014;1014;1013,7;;24,8;23;25,1;24,8;23,1;22,9;90;88;90;54;5,4;2,6;
2026/03/26;0000 UTC;0;1014,6;1014,6;1014;;24,4;22,8;24,9;24,3;23,1;22,6;91;89;90;51;5,2;2,6;
2026/03/26;0100 UTC;0;1014,9;1014,9;1014,6;;24,1;22,6;24,4;23,9;22,7;22,4;92;90;91;50;4,5;2,2;
2026/03/26;0200 UTC;0;1014,7;1015;1014,7;;24;22,5;24,2;23,9;22,7;22,4;92;91;91;54;4,2;2,5;
2026/03/26;0300 UTC;0;1014,6;1014,8;1014,6;;24;22,4;24,1;23,8;22,5;22,4;92;91;91;58;4,9;2,9;
2026/03/26;0400 UTC;0;1014,1;1014,6;1014,1;;23,6;22;24,1;23,6;22,4;21,9;91;90;91;68;5;2,2;
2026/03/26;0500 UTC;0;1013,8;1014,1;1013,8;;22,5;21,4;23,6;22,4;22;21,2;93;91;93;24;3,6;1,7;
2026/03/26;0600 UTC;0;1013,3;1013,8;1013,3;;22,2;21,1;22,9;22;21,7;20,8;93;92;93;335;3,2;1;
2026/03/26;0700 UTC;0;1013,1;1013,3;1013;;22;21;22,2;21,9;21,2;20,9;94;93;94;334;1,8;1,1;
2026/03/26;0800 UTC;0;1013,4;1013,4;1013;;21,6;20,7;22;21,6;21;20,7;94;94;94;322;1,9;1,5;
2026/03/26;0900 UTC;0;1014,2;1014,2;1013,4;2,4;21,6;20,8;21,8;21,2;20,8;20,3;95;94;95;71;1,9;1,2;
2026/03/26;1000 UTC;0;1014,7;1014,7;1014,2;344,1;24,6;22,1;24,6;21,6;22,8;20,7;95;86;86;41;3;1,5;
2026/03/26;1100 UTC;0;1015,4;1015,4;1014,7;1159,1;26,2;21,6;26,2;24,6;22,3;21,1;86;75;75;27;3,2;2;
2026/03/26;1200 UTC;0;1015,9;1015,9;1015,4;1984,3;28,5;22;28,6;26,3;22,6;21,4;75;66;68;13;3,7;2,3;
2026/03/26;1300 UTC;0;1015,9;1015,9;1015,8;2610,6;30;21,8;30,1;28,5;22,5;20,5;68;58;61;35;6,5;3,3;
2026/03/26;1400 UTC;0;1015,5;1015,9;1015,5;2693,7;29,8;20,5;31,3;29,6;22;20,3;61;53;57;39;7,6;3,6;
2026/03/26;1500 UTC;0;1014,9;1015,5;1014,9;2981,5;30,9;22,1;31,9;29,8;22,7;20,2;61;53;60;51;7,6;3,3;
2026/03/26;1600 UTC;0;1014,2;1014,9;1014,2;2926,9;31,2;21,4;32,2;29,7;23;20,2;61;54;56;66;7,8;4,4;
2026/03/26;1700 UTC;0;1013,6;1014,2;1013,6;3146,5;30,5;20,8;31,5;30,4;22,3;20,2;59;54;56;75;9;4,5;
2026/03/26;1800 UTC;0;1013,3;1013,7;1013,3;2604,9;30,1;20,8;31;30;21,5;20,3;60;55;57;79;8,5;4,2;
2026/03/26;1900 UTC;0;1013,2;1013,4;1013,2;1871,5;29;21;30,1;29;21,7;20,3;64;57;62;86;7,6;4,3;
2026/03/26;2000 UTC;0;1013,2;1013,2;1013,1;1007,1;27,9;21,4;29,1;27,9;21,5;20,4;68;60;68;81;7,8;3,4;
2026/03/26;2100 UTC;0;1013,7;1013,7;1013,2;181,6;26,1;21,9;27,9;26,1;22,1;21,3;77;68;77;80;7,5;3;
2026/03/26;2200 UTC;0;1014,2;1014,2;1013,7;;24,8;22,6;26,1;24,8;22,6;21,9;87;77;87;76;5,1;1,9;
2026/03/26;2300 UTC;0;1014,9;1014,9;1014,2;;24,2;22,7;24,8;24,2;22,7;22,4;91;87;91;74;2,9;1,3;
2026/03/27;0000 UTC;0;1015,6;1015,7;1014,9;;23,4;22,1;24,2;23,3;22,7;22,1;93;91;93;34;2;,5;
2026/03/27;0100 UTC;0;1015,9;1015,9;1015,6;;23,7;22,6;24;23,3;22,9;22,2;94;93;94;74;1,7;,9;
2026/03/27;0200 UTC;0;1015,7;1015,9;1015,7;;23,4;22,5;23,7;22,8;22,6;21,7;95;93;95;289;1,2;,6;
2026/03/27;0300 UTC;0;1015,5;1015,7;1015,5;;23,4;22,5;23,6;23,1;22,7;22,1;95;94;95;228;1;,8;
2026/03/27;0400 UTC;0;1015,1;1015,5;1015,1;;22,9;22,1;23,5;22,9;22,6;22,1;95;95;95;226;1,7;1,1;
2026/03/27;0500 UTC;0;1014,8;1015,2;1014,8;;23;22,2;23,4;22,9;22,5;22;95;95;95;253;1,5;,8;
2026/03/27;0600 UTC;0;1014,6;1014,8;1014,6;;23,2;22,3;23,2;22,9;22,4;22,1;95;95;95;253;1,1;,7;
2026/03/27;0700 UTC;0;1014,5;1014,6;1014,4;;23,2;22,3;23,4;23;22,5;22,1;95;95;95;260;1,2;,9;
2026/03/27;0800 UTC;0;1015;1015;1014,5;;23,1;22,3;23,3;23;22,5;22,1;95;95;95;243;1,1;,8;
2026/03/27;0900 UTC;0;1015,3;1015,4;1015;1,7;22,5;21,8;23,1;22,4;22,3;21,6;95;95;95;237;1,7;1,1;
2026/03/27;1000 UTC;0;1015,7;1015,7;1015,3;305,5;23,8;22,9;24;22,5;23,1;21,7;95;95;95;226;2,4;1;
2026/03/27;1100 UTC;0;1016,6;1016,6;1015,7;1102,2;26,1;23,6;26,3;23,8;24,7;23;95;86;86;277;2,4;,8;
2026/03/27;1200 UTC;,2;1017;1017;1016,6;1138,9;26,6;23;27,1;26,1;23,9;22,8;86;80;81;58;2,8;1,5;
2026/03/27;1300 UTC;0;1017,2;1017,2;1017;1661,6;28,3;22;28,4;26,2;23,1;22;82;69;69;57;4,2;1,3;
2026/03/27;1400 UTC;0;1016,8;1017,2;1016,8;1993,5;28,9;21,4;29;27,8;22,6;21,4;73;63;64;100;5,2;1,9;
2026/03/27;1500 UTC;0;1015,9;1016,7;1015,9;2480,7;29,9;21,7;30;28,8;22,4;19,6;66;56;61;79;5,9;2,6;
2026/03/27;1600 UTC;0;1015;1015,9;1015;2794,6;30,9;21;30,9;29,1;22,1;20,2;62;55;56;80;5,6;2,6;
2026/03/27;1700 UTC;0;1014,7;1015;1014,7;1712,6;29,1;21,2;31,2;29,1;21,8;20,3;62;53;62;75;6,4;3,7;
2026/03/27;1800 UTC;0;1014,7;1014,7;1014,6;2016,4;30;20,6;30,5;28,9;21,8;20,5;65;57;57;80;6,6;3,4;
2026/03/27;1900 UTC;0;1014,7;1014,7;1014,6;2204,2;28,7;21,4;30,3;28,6;21,6;20,6;65;57;65;89;7,1;4;
2026/03/27;2000 UTC;0;1015,1;1015,1;1014,7;1014,3;27,9;20,7;28,8;27,9;21,7;20,6;67;63;65;74;7,3;3,5;
2026/03/27;2100 UTC;0;1015,4;1015,4;1015,1;215,7;26,4;21,7;27,9;26,4;21,7;20,6;76;65;76;93;6,9;2,7;
2026/03/27;2200 UTC;0;1016,1;1016,1;1015,4;;25,9;22,2;26,4;25,9;22,3;21,8;80;76;80;115;5,8;2,1;
2026/03/27;2300 UTC;0;1016,7;1016,7;1016,1;;25,8;22,4;25,9;25,7;22,5;22,2;82;80;82;111;5,2;1,8;
2026/03/28;0000 UTC;0;1017,1;1017,1;1016,7;;25,3;22,4;25,8;25,2;22,4;22,2;84;82;84;133;3,6;1,5;
2026/03/28;0100 UTC;0;1017,1;1017,2;1017,1;;24,7;22,3;25,4;24,7;22,5;22,1;86;83;86;156;2,7;1,4;
2026/03/28;0200 UTC;0;1016,9;1017,1;1016,9;;24,1;22,4;24,8;24;22,5;22,2;90;86;90;185;2,4;,8;
2026/03/28;0300 UTC;0;1016,7;1016,9;1016,6;;23,5;22,2;24,3;23,5;22,6;22,1;92;90;92;219;1,9;1,3;
2026/03/28;0400 UTC;0;1016;1016,7;1016;;23,4;22,2;23,6;23,2;22,3;22,1;94;92;93;154;1,9;,3;
2026/03/28;0500 UTC;0;1015,5;1016;1015,5;;23;22;23,4;23;22,3;22;94;93;94;222;2,2;1,4;
2026/03/28;0600 UTC;0;1015;1015,5;1015;;22,9;21,9;23;22,8;22,1;21,8;94;94;94;201;2,4;,9;
2026/03/28;0700 UTC;0;1015;1015,1;1014,8;;22,9;22;23,1;22,8;22,2;21,8;95;94;94;185;3,1;,7;
2026/03/28;0800 UTC;0;1015,5;1015,5;1015;;22,9;22;23;22,7;22,1;21,7;94;94;94;177;2,1;,6;
2026/03/28;0900 UTC;0;1015,9;1015,9;1015,5;1,5;22,7;21,8;22,9;22,6;22;21,6;95;94;95;200;1,9;,8;
2026/03/28;1000 UTC;0;1016,8;1016,8;1015,9;232,8;24,2;23,3;24,3;22,7;23,3;21,8;95;94;95;212;2,5;1,1;
2026/03/28;1100 UTC;0;1017,5;1017,5;1016,8;1152,2;25,6;22,8;26,4;24,2;23,9;22,8;95;83;84;225;3,2;1,2;
2026/03/28;1200 UTC;0;1017,9;1017,9;1017,5;1551,9;27,8;23,2;28,1;25,5;23,7;22,1;86;74;76;314;3,1;1;
2026/03/28;1300 UTC;1;1017,9;1018;1017,8;1858,6;28,4;23,3;28,4;25,6;24,2;22,3;87;72;74;320;3,3;,8;
2026/03/28;1400 UTC;0;1017,5;1018;1017,5;2753,6;30;21,9;30,1;27,7;23,7;20,7;74;58;62;66;4,2;2,3;
2026/03/28;1500 UTC;0;1016,6;1017,5;1016,6;3372,9;30,1;20,5;30,8;28,8;22,4;19,2;64;54;56;77;5,2;2,8;
2026/03/28;1600 UTC;0;1015,9;1016,6;1015,9;3235,4;30,5;20,1;31,2;29,5;21,3;18,8;58;50;54;73;6,5;3,1;
2026/03/28;1700 UTC;0;1015,4;1015,9;1015,4;3312;29,7;19,8;31,3;29,7;21,2;18,7;58;49;55;115;7,8;3,5;
2026/03/28;1800 UTC;0;1014,8;1015,4;1014,8;2259,2;29,5;20,3;29,7;28,5;22;19,1;65;54;58;71;8,4;3,5;
2026/03/28;1900 UTC;0;1014,8;1014,8;1014,6;1752,2;29;20,9;29,7;28,4;21,5;19,8;63;56;62;102;7,8;3,6;
2026/03/28;2000 UTC;0;1015,1;1015,2;1014,7;795,1;27,8;20,9;29,1;27,8;21,1;20;66;60;66;103;7,4;3,4;
2026/03/28;2100 UTC;0;1015,8;1015,8;1015,1;160,1;26,5;21,1;27,8;26,5;21,3;20,7;73;66;72;108;6,6;2,5;
2026/03/28;2200 UTC;0;1016,5;1016,5;1015,8;;25,7;21,8;26,5;25,7;21,8;21,1;79;72;79;126;5,7;2,6;
2026/03/28;2300 UTC;0;1017,2;1017,2;1016,4;;25,3;21,6;25,8;25,2;21,8;21,6;80;79;80;134;5,5;2,2;
2026/03/29;0000 UTC;0;1017,5;1017,6;1017,2;;24,6;21,3;25,4;24,6;21,6;21,3;82;80;82;144;4,7;1,3;
2026/03/29;0100 UTC;0;1017,6;1017,6;1017,3;;23;21;24,8;23;21,5;20,9;89;82;89;234;2,7;1,2;
2026/03/29;0200 UTC;0;1017;1017,6;1017;;22,4;21,1;23,2;22,4;21,6;21;92;89;92;214;2,2;1,7;
2026/03/29;0300 UTC;0;1016,8;1017;1016,8;;22,4;21,3;22,6;22,4;21,5;21,1;93;92;93;234;2,4;1,8;
2026/03/29;0400 UTC;0;1016,2;1016,7;1016,2;;22,6;21,5;22,7;22,2;21,6;21,1;94;93;93;205;2,8;1,9;
2026/03/29;0500 UTC;0;1015,3;1016,2;1015,3;;23,2;21,7;23,2;22,6;21,8;21,5;94;92;92;217;4,2;2,6;
2026/03/29;0600 UTC;0;1015,1;1015,3;1015,1;;22,8;21,3;23,5;22,8;21,9;21,3;92;90;91;223;3,9;2,1;
2026/03/29;0700 UTC;0;1014,5;1015,1;1014,5;;22,6;21,3;22,8;22,4;21,4;21,2;93;91;92;217;3,9;2,7;
2026/03/29;0800 UTC;0;1015;1015;1014,5;;22;21;22,6;21,7;21,3;20,6;94;92;94;251;4,1;1,3;
2026/03/29;0900 UTC;0;1015,3;1015,3;1014,9;,1;21,9;20,7;22;21,7;20,9;20,6;94;93;93;236;3,2;1,4;
2026/03/29;1000 UTC;0;1015,6;1015,7;1015,3;240;23,5;21,7;23,5;21,9;21,7;20,8;94;90;90;221;3,7;2,6;
2026/03/29;1100 UTC;0;1016,2;1016,2;1015,6;691,8;25,6;22,2;25,6;23,5;22,5;21,5;90;82;82;218;4,6;2;
2026/03/29;1200 UTC;0;1016,5;1016,6;1016,2;1422,6;26,4;22,1;27,6;25,6;23;21,7;82;71;77;255;3,5;1,3;
2026/03/29;1300 UTC;0;1016,3;1016,5;1016,3;1397,3;27,8;21,7;28;26,4;22,8;21,4;77;69;69;290;2,8;,6;
2026/03/29;1400 UTC;0;1015,6;1016,3;1015,6;1802,5;28,8;20,7;29,2;27,8;22,5;20,1;72;60;61;310;2,9;,5;
2026/03/29;1500 UTC;0;1014,6;1015,6;1014,6;2590,4;28,8;20;30,8;28,8;21,8;19,5;63;55;59;89;4,4;1,7;
2026/03/29;1600 UTC;0;1013,9;1014,6;1013,9;2264;29,4;21,3;30,2;28,7;22;20,4;64;58;62;104;5,2;1,9;
2026/03/29;1700 UTC;0;1013,3;1013,9;1013,2;862,6;28,5;21,1;30;28,4;22,8;21;67;60;64;120;5,2;2,2;
2026/03/29;1800 UTC;0;1012,9;1013,3;1012,9;554,8;26,5;22,5;28,5;26,5;23,4;20,9;79;63;79;203;5,3;1,7;
2026/03/29;1900 UTC;,8;1012,8;1012,9;1012,8;119,9;25;22,8;26,5;24,8;22,9;22,5;89;79;87;304;4,3;1,6;
2026/03/29;2000 UTC;0;1012,9;1012,9;1012,8;170,1;25,3;23,6;25,3;24,9;23,7;22,8;91;87;91;224;2,8;1;
2026/03/29;2100 UTC;0;1013,4;1013,4;1012,9;42,7;25,2;22,2;25,6;25,1;23,7;22,2;91;83;83;67;3,2;1,9;
2026/03/29;2200 UTC;0;1014,1;1014,1;1013,4;;24,2;21,8;25,3;24,2;22,1;21,5;86;82;86;96;3,4;1,1;
2026/03/29;2300 UTC;0;1014,5;1014,6;1014,1;;24,9;22,6;25;24,2;22,6;21,7;87;83;87;155;4;2,1;
2026/03/30;0000 UTC;0;1015;1015;1014,5;;24,6;22,4;24,9;24,5;22,7;22,3;88;87;87;139;4,1;1,5;
2026/03/30;0100 UTC;0;1015,1;1015,1;1015;;24,7;22,6;24,7;24,4;22,6;22,2;88;87;88;127;2,8;1,1;
2026/03/30;0200 UTC;0;1014,8;1015,1;1014,8;;22,9;21,8;24,8;22,8;22,6;21,4;93;87;93;261;2,3;,8;
2026/03/30;0300 UTC;0;1014,2;1014,8;1014,2;;22,6;21,6;22,9;22,6;21,9;21,6;94;93;94;261;2,2;1,5;
2026/03/30;0400 UTC;0;1013,9;1014,2;1013,9;;22,6;21,7;22,8;22,5;21,9;21,5;95;94;95;214;2,5;1,2;
2026/03/30;0500 UTC;,2;1013,6;1013,9;1013,6;;22,6;21,7;22,7;22,3;21,8;21,5;95;95;95;207;2,8;1,6;
2026/03/30;0600 UTC;0;1013;1013,6;1013;;21,9;21,1;22,6;21,9;21,8;21;95;95;95;327;2,7;1,4;
2026/03/30;0700 UTC;0;1012,4;1013;1012,4;;21,7;20,8;22,3;21,7;21,5;20,8;95;95;95;276;2,2;,5;
2026/03/30;0800 UTC;0;1012,6;1012,6;1012,4;;21,6;20,8;22,4;21,6;21,6;20,8;95;95;95;298;2,2;1,6;
2026/03/30;0900 UTC;0;1012,7;1012,9;1012,6;1,9;21,6;20,8;21,7;21,5;20,9;20,7;95;95;95;316;2,5;1,4;
2026/03/30;1000 UTC;0;1013,1;1013,1;1012,7;303,4;22,6;21,8;22,6;21,5;21,8;20,7;95;95;95;313;2;1,5;
2026/03/30;1100 UTC;0;1013,2;1013,2;1013,1;1046,9;25;24;25;22,6;24;21,8;95;94;94;322;2,6;1,6;
2026/03/30;1200 UTC;0;1013,3;1013,3;1013,2;2001,4;27,9;24,1;27,9;25;24,8;22,6;94;78;80;10;3,1;1,8;
2026/03/30;1300 UTC;0;1013,1;1013,3;1013,1;2411,5;28,5;22,4;28,6;27;23,7;21,4;80;68;70;338;5,3;2,5;
2026/03/30;1400 UTC;0;1012,3;1013,1;1012,3;3303,2;29,6;21,6;30,2;28,2;22,6;20,8;70;60;62;345;4,3;2,1;
2026/03/30;1500 UTC;0;1011,4;1012,3;1011,4;3253,6;30,4;21,1;30,7;28,8;22,7;20,1;65;56;58;352;6,5;1,7;
2026/03/30;1600 UTC;0;1010,6;1011,4;1010,6;3333,6;30,9;20,8;31,2;29,7;22;19,7;60;52;55;280;4,8;1;
2026/03/30;1700 UTC;0;1009,7;1010,6;1009,7;2566,5;29,9;20,5;32;29,8;21,4;19,4;57;49;57;277;3,7;1,2;
2026/03/30;1800 UTC;0;1009,3;1009,7;1009,3;2221,2;28,8;21,9;32,5;28,7;22,2;19,5;68;47;66;144;6,2;2,7;
2026/03/30;1900 UTC;0;1009,4;1009,4;1009,3;1525,6;29,3;20,7;29,7;28,8;22,5;20,5;67;59;60;109;6,4;3,1;
2026/03/30;2000 UTC;0;1009,4;1009,4;1009,3;764;27,5;20,5;29,4;27,5;20,8;20,1;66;59;66;95;7,3;3,2;
2026/03/30;2100 UTC;0;1009,7;1009,7;1009,4;92;26,2;21;27,5;26,2;21;20,1;73;65;73;115;6,3;2,7;
2026/03/30;2200 UTC;0;1010,8;1010,8;1009,7;;25,7;21,9;26,3;25,6;21,9;21;80;73;80;130;6,2;1,4;
2026/03/30;2300 UTC;0;1011,5;1011,5;1010,8;;25,3;21,8;25,7;25,3;22,1;21,8;81;80;81;114;2,8;,8;
2026/03/31;0000 UTC;0;1011,7;1011,8;1011,5;;24,2;22,3;25,3;24,1;22,3;21,7;90;81;90;298;1,7;,3;
2026/03/31;0100 UTC;0;1011,3;1011,8;1011,3;;24,8;22,3;24,8;23,7;22,5;21,9;90;86;86;124;2;1,3;
2026/03/31;0200 UTC;0;1011,1;1011,3;1011;;23,7;21,8;24,9;23,7;22,3;21,8;89;85;89;239;2,3;1;
2026/03/31;0300 UTC;0;1011,1;1011,3;1011,1;;23,7;22,4;23,7;23,2;22,4;21,5;93;89;93;269;1,8;,4;
2026/03/31;0400 UTC;0;1010,6;1011,1;1010,6;;23,8;22,6;23,9;23,6;22,6;22,3;93;92;93;174;1,5;,9;
2026/03/31;0500 UTC;0;1010,2;1010,6;1010,2;;22,9;21,7;23,9;22,9;22,7;21,7;93;93;93;347;1,9;,8;
2026/03/31;0600 UTC;0;1009,1;1010,2;1009,1;;22,6;21,7;23;22,6;22;21,6;94;93;94;73;2,5;,4;
2026/03/31;0700 UTC;0;1008,8;1009,1;1008,8;;22,4;21,5;22,9;22,4;21,9;21,4;95;94;95;229;2,3;,9;
2026/03/31;0800 UTC;0;1008,9;1008,9;1008,8;;22,5;21,7;22,5;22,3;21,7;21,4;95;95;95;239;1,5;,7;
2026/03/31;0900 UTC;0;1009,4;1009,4;1008,9;1,3;22,2;21,3;22,6;22,2;21,8;21,3;95;95;95;249;1;,1;
2026/03/31;1000 UTC;0;1010,3;1010,3;1009,4;235,7;23,6;22,7;23,6;22,2;22,7;21,5;95;95;95;33;1,1;,5;
2026/03/31;1100 UTC;0;1010,9;1010,9;1010,3;1204,1;27,4;23,4;27,4;23,6;24,7;22,8;95;79;79;30;4,2;2,2;
2026/03/31;1200 UTC;0;1011;1011,1;1010,9;1778,9;28,4;22;28,6;26,2;23,1;21,8;79;68;68;32;6;3,1;
2026/03/31;1300 UTC;0;1010,8;1011;1010,8;2332,8;29,2;21,3;30,1;28,1;22,9;21,2;69;61;62;9;6;3;
2026/03/31;1400 UTC;0;1010,3;1010,8;1010,3;2964,2;31,2;21,3;31,2;29,1;22,4;20,5;64;55;56;15;7;3,7;
2026/03/31;1500 UTC;0;1009,5;1010,3;1009,5;3115,2;31,4;20,6;32,2;31,1;21,9;19,8;57;49;53;23;6,7;3,3;
2026/03/31;1600 UTC;0;1008,5;1009,5;1008,5;2014,5;30,4;21,1;32;30,4;22,2;19,5;59;50;57;62;7,5;3,7;
2026/03/31;1700 UTC;0;1007,7;1008,5;1007,7;2723,3;30,1;21,5;31,1;29,2;23;20,8;63;58;60;77;8,6;5,1;
2026/03/31;1800 UTC;0;1007,4;1007,7;1007,4;2487;29,7;20,3;30,2;29,6;21,7;19,9;61;56;57;61;10,3;5,2;
2026/03/31;1900 UTC;0;1008,4;1008,6;1007,4;677,7;26,9;21,4;29,7;26,9;21,4;19,9;72;56;72;50;11,6;3,7;
2026/03/31;2000 UTC;0;1008,5;1008,6;1008,1;119,1;26,4;22,3;26,9;26,4;22,3;21,4;78;72;78;67;7,6;3,8;
2026/03/31;2100 UTC;0;1009,2;1009,3;1008,5;29,7;26,1;22,5;26,5;26,1;22,5;22,3;81;78;81;56;7,8;3;
2026/03/31;2200 UTC;0;1010,1;1010,1;1009,1;;25,8;22,6;26,1;25,7;22,7;22,4;83;81;83;58;6,8;2,5;
2026/03/31;2300 UTC;0;1010,8;1010,8;1010,1;;25,5;22,6;25,9;25,4;22,7;22,4;84;82;84;63;6;2;
2026/04/01;0000 UTC;0;1011;1011;1010,8;;25,4;22,9;25,6;25,3;22,9;22,6;86;84;86;60;5,4;2,1;
2026/04/01;0100 UTC;0;1011,3;1011,3;1011;;25;22,6;25,4;25;22,9;22,5;86;85;86;51;5,4;2,3;
2026/04/01;0200 UTC;0;1011,4;1011,4;1011,1;;24,9;22,6;25,1;24,9;22,7;22,6;87;86;87;46;5,6;1,7;
2026/04/01;0300 UTC;0;1011,3;1011,5;1011,3;;24,4;22,4;24,9;24,4;22,7;22,4;89;87;89;48;3,8;1,4;
2026/04/01;0400 UTC;0;1011,1;1011,4;1011,1;;23,7;22,2;24,4;23,6;22,4;22,1;92;89;92;41;3,4;1,6;
2026/04/01;0500 UTC;0;1010,6;1011,1;1010,6;;23,5;22,2;23,8;23,5;22,5;22,1;92;92;92;55;3,4;1,3;
2026/04/01;0600 UTC;0;1010,4;1010,6;1010,4;;22,9;21,7;23,6;22,9;22,2;21,7;93;92;93;4;3,7;2,1;
2026/04/01;0700 UTC;0;1010,6;1010,6;1010,3;;22,3;21,1;22,9;22,3;21,8;21,1;94;93;93;355;5,3;3,3;
2026/04/01;0800 UTC;0;1010,6;1010,6;1010,5;;21,7;20,4;22,3;21,7;21,1;20,4;93;92;92;351;5,3;2,5;
2026/04/01;0900 UTC;0;1010,8;1010,8;1010,4;2,4;22,1;20,3;22,1;21,7;20,6;20,3;92;90;90;20;4,5;2,3;
2026/04/01;1000 UTC;0;1011,5;1011,5;1010,8;377,8;24,6;21,6;24,6;22,1;21,6;20,3;90;83;84;18;4,1;2;
2026/04/01;1100 UTC;0;1012,3;1012,3;1011,5;826,6;25,3;21,7;25,5;24,3;21,8;21;84;78;80;10;4,1;1,9;
2026/04/01;1200 UTC;0;1013;1013;1012,3;1992,8;28,5;22,4;28,5;25,3;22,5;21,6;80;68;70;19;5;3,1;
2026/04/01;1300 UTC;0;1012,8;1013;1012,7;2845,2;30,7;22,1;30,8;28,5;22,6;21,5;70;60;60;20;5,3;3;
2026/04/01;1400 UTC;0;1012,3;1012,8;1012,3;3205,3;31,3;21;32,3;30,4;23;20,9;61;53;54;24;6,4;3,5;
2026/04/01;1500 UTC;0;1011,9;1012,3;1011,8;2312;29,4;21,4;31,8;29,4;22,6;21,1;64;54;62;66;7,7;4;
2026/04/01;1600 UTC;0;1011;1011,9;1011;3123;29,8;21;31,2;29,3;22,3;20,3;63;56;59;75;8,2;4,6;
2026/04/01;1700 UTC;0;1010,3;1011;1010,3;3066,4;30,3;21,8;31;29,3;21,8;20,5;62;55;60;73;9,3;5,1;
2026/04/01;1800 UTC;0;1010,2;1010,3;1010;1170,8;28,4;19,8;30,4;28,4;21,7;19,6;63;57;60;60;9,9;5,2;
2026/04/01;1900 UTC;0;1010,5;1010,5;1010,2;389,1;27,2;21,3;28,4;27,2;21,3;19,8;70;60;70;58;9,4;3,7;
2026/04/01;2000 UTC;0;1011;1011;1010,4;193;26,6;22;27,2;26,6;22;21,1;76;70;76;67;7,8;3,4;
2026/04/01;2100 UTC;0;1011,5;1011,5;1011;50,4;25,8;22,5;26,6;25,8;22,6;22;82;76;82;58;6,6;2,8;
2026/04/01;2200 UTC;0;1011,9;1011,9;1011,5;;25,4;22,8;25,8;25,3;22,9;22,6;86;82;86;50;5,9;2;
2026/04/01;2300 UTC;0;1012,4;1012,4;1011,9;;25,1;22,8;25,4;25;22,9;22,7;87;85;87;48;3,9;1,7;
2026/04/02;0000 UTC;0;1013;1013;1012,4;;24,7;22,7;25,1;24,6;22,8;22,6;89;87;89;51;3,1;1,9;
2026/04/02;0100 UTC;0;1012,9;1013;1012,8;;24,7;22,7;25;24,7;22,9;22,6;89;88;88;59;4,6;2;
2026/04/02;0200 UTC;0;1012,8;1012,9;1012,8;;24,3;22,5;24,7;24,3;22,7;22,4;89;88;89;45;4,3;1,8;
2026/04/02;0300 UTC;0;1012,8;1012,9;1012,8;;23,9;22,3;24,5;23,9;22,6;22,2;91;89;91;38;3,4;1,4;
2026/04/02;0400 UTC;0;1012,4;1012,8;1012,4;;23,7;22,3;23,9;23,7;22,5;22,3;92;91;92;45;2,5;1,4;
2026/04/02;0500 UTC;0;1012;1012,4;1012;;23,7;22,4;23,7;23,5;22,5;22,2;93;92;92;59;2,7;2;
2026/04/02;0600 UTC;0;1011,5;1012;1011,4;;23,3;22;23,7;23,3;22,4;22;93;92;93;22;3,5;1,4;
2026/04/02;0700 UTC;0;1011,2;1011,5;1011,2;;22,8;21,7;23,3;22,7;22;21,6;94;93;94;49;3,1;1,1;
2026/04/02;0800 UTC;0;1011,7;1011,7;1011,2;;22,7;21,6;22,9;22,7;21,8;21,6;94;94;94;20;2,2;,6;
2026/04/02;0900 UTC;0;1012;1012;1011,7;2,1;22,9;21,9;23;22,6;22;21,6;94;94;94;47;2,7;1,2;
2026/04/02;1000 UTC;0;1012,6;1012,6;1011,9;228,4;24,2;22,7;24,2;22,8;22,7;21,8;94;91;91;44;2,8;1,1;
2026/04/02;1100 UTC;0;1013,3;1013,4;1012,6;1012,5;26,1;21,9;26,5;24,2;23;21,9;91;77;78;23;5,9;3,3;
2026/04/02;1200 UTC;0;1013,7;1013,7;1013,3;1536,2;27,9;22,3;27,9;25,9;22,4;21,5;79;70;71;31;5,9;3;
2026/04/02;1300 UTC;0;1013,6;1013,7;1013,4;2392;29,9;21,9;30;27,9;22,6;21,3;71;61;62;33;6;2,7;
2026/04/02;1400 UTC;0;1013,1;1013,6;1013;3056;31,3;20,7;31,6;29,8;22,2;19,9;62;51;53;36;7,3;4;
2026/04/02;1500 UTC;0;1012,5;1013,1;1012,5;2691;31;21,4;32,1;30,3;22,5;19,5;60;49;57;59;6,8;3,6;
2026/04/02;1600 UTC;0;1011,9;1012,5;1011,9;2977,6;30,7;21,2;31,8;30;22,4;20,5;60;54;57;71;8,9;4,5;
2026/04/02;1700 UTC;0;1011,5;1011,9;1011,5;2968,9;30,6;20,8;31,3;30,4;21,5;20,1;58;53;56;65;8,8;4,7;
2026/04/02;1800 UTC;0;1011,3;1011,5;1011,3;2421,8;29,9;20,6;30,8;29,9;21,1;20,1;58;54;57;72;8,6;5;
2026/04/02;1900 UTC;0;1011,2;1011,3;1011,2;1751,9;29,3;19,7;30,3;29,2;20,9;19,6;58;55;56;68;8,5;4,2;
2026/04/02;2000 UTC;0;1011,5;1011,5;1011,1;749,5;27,3;20,2;29,3;27,3;20,3;19,6;65;56;65;63;8,8;3,2;
2026/04/02;2100 UTC;0;1012,1;1012,1;1011,5;43,7;25,8;21,6;27,4;25,8;21,6;20,3;77;65;77;72;7,7;2,4;
2026/04/02;2200 UTC;0;1012,4;1012,5;1012,1;;25,3;22,9;25,8;25,3;22,9;21,6;87;77;87;81;4,7;2;
2026/04/02;2300 UTC;0;1013,3;1013,3;1012,4;;24,7;22,7;25,3;24,7;22,9;22,6;89;87;88;59;3,7;1,4;
2026/04/03;0000 UTC;0;1013,9;1013,9;1013,3;;24,1;22,4;24,7;24,1;22,7;22,3;91;88;90;342;2,2;,7;
2026/04/03;0100 UTC;0;1014;1014,1;1013,9;;23,9;22,5;24,5;23,9;22,9;22,4;92;90;92;61;1,4;1;
2026/04/03;0200 UTC;0;1014;1014,1;1013,9;;23,8;22,6;24,2;23,8;22,9;22,5;93;92;93;26;1,4;,8;
2026/04/03;0300 UTC;0;1013,5;1014;1013,5;;23,7;22,5;23,9;23,6;22,7;22,4;93;93;93;349;1,4;,7;
2026/04/03;0400 UTC;0;1012,9;1013,5;1012,9;;23,6;22,5;23,8;23,4;22,7;22,3;94;93;94;16;1,7;1,3;
2026/04/03;0500 UTC;0;1012,5;1012,9;1012,5;;23,4;22,4;23,7;23,3;22,7;22,2;94;94;94;7;1,6;,4;
2026/04/03;0600 UTC;0;1012,1;1012,5;1012,1;;23,5;22,5;23,5;23,1;22,5;22,1;94;94;94;56;2,6;1,3;
2026/04/03;0700 UTC;0;1012;1012,2;1012;;23,5;22,4;23,8;23,5;22,7;22,4;94;93;93;62;2,9;1,9;
2026/04/03;0800 UTC;0;1012,4;1012,4;1012;;22,8;21,7;23,5;22,8;22,4;21,7;94;93;93;42;3;1,6;
2026/04/03;0900 UTC;0;1012,8;1012,8;1012,4;,8;22,8;21,8;23;22,7;21,9;21,7;94;93;94;40;3,7;1,4;
2026/04/03;1000 UTC;0;1013,3;1013,3;1012,8;309,2;24,8;23,5;24,8;22,8;23,5;21,8;94;92;92;16;3,1;1,9;
2026/04/03;1100 UTC;0;1013,6;1013,7;1013,3;1071,7;27,6;23,5;27,6;24,9;23,8;23,1;92;79;79;7;4,7;3,1;
2026/04/03;1200 UTC;0;1014;1014,1;1013,6;1893,6;29,5;22,8;29,6;27,5;23,5;22,3;79;67;67;352;5,6;2,9;
2026/04/03;1300 UTC;0;1013,8;1014;1013,8;2639,8;31,1;22,8;31,1;29,5;23,2;21,6;68;59;61;357;6,4;3,3;
2026/04/03;1400 UTC;0;1013,6;1013,8;1013,5;3165,4;32,4;20,9;32,7;31,1;22,7;20,9;61;51;51;344;7,2;3,5;
2026/04/03;1500 UTC;0;1012,8;1013,6;1012,8;3517,6;33,3;20,6;33,5;32,3;22,3;19,7;53;46;47;8;7,3;3,8;
2026/04/03;1600 UTC;0;1012,2;1012,8;1012,1;2616,2;32,2;21,4;33,8;32,1;22,4;20,2;55;47;53;354;7;2,4;
2026/04/03;1700 UTC;0;1012,2;1012,2;1012;1282,8;30,3;22;32,6;30,3;22,4;21;61;52;61;68;5,9;1,4;
2026/04/03;1800 UTC;0;1011,6;1012,2;1011,6;1240,9;29;21,8;30,3;29;22,5;21,5;66;61;65;72;6,9;4;
2026/04/03;1900 UTC;0;1011,5;1011,7;1011,4;1266,3;28,8;21,8;30,3;28,8;22,6;21,3;68;62;66;63;7;3,9;
2026/04/03;2000 UTC;0;1011,4;1011,6;1011,4;464,4;27,8;21,6;28,8;27,8;21,9;20,9;69;64;69;59;7,8;3;
2026/04/03;2100 UTC;0;1011,9;1011,9;1011,4;56,8;26,4;21,6;27,9;26,4;21,7;21,5;75;69;75;56;6,2;2,9;
2026/04/03;2200 UTC;0;1012,6;1012,6;1011,9;;25,7;22,2;26,4;25,7;22,2;21,7;81;75;81;57;5,6;2,7;
2026/04/03;2300 UTC;0;1013,1;1013,1;1012,6;;25,6;22,9;25,7;25,5;22,9;22,2;85;81;85;54;5,4;2,6;
2026/04/04;0000 UTC;0;1013,9;1013,9;1013,1;;25,4;23;25,7;25,4;23,1;22,9;87;85;87;52;6,3;2;
2026/04/04;0100 UTC;0;1014,4;1014,4;1013,9;;25,2;22,9;25,5;25;23,1;22,9;88;86;87;58;4,3;2,1;
2026/04/04;0200 UTC;0;1014,1;1014,5;1014,1;;24,7;22,6;25,2;24,6;22,9;22,5;88;87;88;53;3,9;1,8;
2026/04/04;0300 UTC;0;1013,7;1014,1;1013,7;;24,4;22,6;24,8;24,4;22,7;22,6;90;88;90;61;3;1,9;
2026/04/04;0400 UTC;0;1013,1;1013,8;1013,1;;24,1;22,4;24,4;24,1;22,7;22,4;91;90;91;54;3,4;2;
2026/04/04;0500 UTC;0;1012,6;1013,1;1012,6;;23,9;22,5;24,1;23,8;22,5;22,4;92;91;92;73;3,1;1,4;
2026/04/04;0600 UTC;0;1012,1;1012,6;1012,1;;23,7;22,4;23,9;23,7;22,5;22,4;93;92;92;49;2,6;,9;
2026/04/04;0700 UTC;0;1011,7;1012,1;1011,7;;23,4;22,3;23,7;23,3;22,4;22,1;94;92;94;64;1,7;1;
2026/04/04;0800 UTC;0;1011,5;1011,7;1011,4;;23,4;22,4;23,4;23,2;22,4;22,2;94;94;94;24;3,2;1,7;
2026/04/04;0900 UTC;0;1011,8;1011,9;1011,5;1,9;23,7;22,7;23,7;23,4;22,7;22,3;94;94;94;37;3,3;2,1;
2026/04/04;1000 UTC;0;1012,3;1012,3;1011,7;136,1;24,4;23,3;24,4;23,7;23,3;22,7;94;94;94;21;3,5;1,4;
2026/04/04;1100 UTC;0;1012,8;1012,8;1012,3;865,2;27,6;23,8;27,8;24,4;24,6;23,4;94;79;80;28;4,1;2,4;
2026/04/04;1200 UTC;0;1013,1;1013,1;1012,8;1764,2;30,2;23,8;30,2;27,2;24,3;23,2;80;69;69;28;4,5;2,5;
2026/04/04;1300 UTC;0;1013,3;1013,4;1013,1;2821,5;32;24,1;32;30;24,6;23,1;70;63;63;23;4,6;2,2;
2026/04/04;1400 UTC;0;1013,2;1013,3;1013,2;1417;29,8;23;32;29,8;24,2;22,8;68;61;67;331;5,4;2,6;
2026/04/04;1500 UTC;0;1012,7;1013,3;1012,7;1430,2;30,7;23,2;30,9;29,8;23,5;22,6;68;62;64;337;4,5;2,7;
2026/04/04;1600 UTC;0;1012;1012,7;1012;2365,8;31,5;23,2;32,1;30,6;23,3;21,9;65;56;62;112;5;2,5;
2026/04/04;1700 UTC;0;1011,3;1012;1011,3;1703,9;30;22,6;31,5;30;23,7;22,5;65;61;65;91;7,3;3,2;
2026/04/04;1800 UTC;0;1011;1011,3;1011;1860,9;29,9;22,2;30,9;29,8;23,1;21,7;65;61;63;76;8,2;3,7;
2026/04/04;1900 UTC;0;1011;1011,2;1010,9;811,2;28;22,1;30;28;22,3;21,5;70;63;70;76;8,3;4;
2026/04/04;2000 UTC;0;1011,4;1011,5;1011;138,7;26,8;22,5;28;26,8;22,5;21,9;77;70;77;64;8,6;2,9;
2026/04/04;2100 UTC;0;1011,5;1011,5;1011,4;10,8;26,2;22,3;26,8;26,2;22,6;22,3;80;77;79;60;7,7;2,7;
2026/04/04;2200 UTC;0;1012,3;1012,3;1011,5;;26,1;22,2;26,2;26;22,3;22,1;79;78;79;54;5,3;2,5;
2026/04/04;2300 UTC;0;1012,7;1012,7;1012,3;;26;22,5;26,1;25,9;22,5;22,2;81;79;81;45;5,2;3,1;
2026/04/05;0000 UTC;0;1013;1013;1012,7;;25,8;22,8;26;25,8;22,8;22,5;83;81;83;46;5,3;2,4;
2026/04/05;0100 UTC;0;1013,1;1013,1;1013;;25,6;22,7;25,9;25,5;22,8;22,7;84;83;84;43;5,1;1,9;
2026/04/05;0200 UTC;0;1012,7;1013,1;1012,6;;25,3;22,6;25,6;25,3;22,8;22,6;85;84;85;43;4,6;2,6;
2026/04/05;0300 UTC;0;1012,4;1012,8;1012,3;;25;22,3;25,3;25;22,6;22,3;85;85;85;57;4,4;2,1;
2026/04/05;0400 UTC;0;1011,8;1012,4;1011,8;;24,3;22,1;25;24,3;22,5;22,1;88;85;88;64;3,2;1,2;
2026/04/05;0500 UTC;0;1011,4;1011,8;1011,3;;24;22,2;24,3;23,7;22,4;21,8;90;88;90;88;2,1;1;
2026/04/05;0600 UTC;0;1011,3;1011,4;1011,2;;23,7;22,1;24,1;23,7;22,4;22,1;91;90;91;71;2,5;1,1;
2026/04/05;0700 UTC;0;1011,1;1011,3;1011;;23,1;21,7;23,7;23;22,1;21,7;92;91;92;17;2,7;1,4;
2026/04/05;0800 UTC;0;1011,3;1011,3;1011,1;;23,2;22,1;23,3;23;22,2;21,7;94;92;94;17;2,7;1;
2026/04/05;0900 UTC;0;1011,8;1011,8;1011,3;,1;23,2;22,2;23,3;23,1;22,3;22;94;94;94;16;2,7;1,5;
2026/04/05;1000 UTC;0;1012,5;1012,5;1011,8;257,9;24,7;23,2;24,7;23,1;23,2;22,2;94;91;91;360;5;2,6;
2026/04/05;1100 UTC;0;1013;1013,1;1012,5;1013,1;26,3;22,6;26,4;24,6;23,1;22,2;91;78;80;7;5;2,8;
2026/04/05;1200 UTC;0;1013,3;1013,4;1013;1825,9;29,1;23,1;29,1;26,4;23,3;22,5;80;69;70;347;6;3,3;
2026/04/05;1300 UTC;0;1013,2;1013,4;1013,2;2515,9;31,3;23,2;31,3;29,1;23,6;22,6;70;62;62;358;6;2,9;
2026/04/05;1400 UTC;0;1012,7;1013,2;1012,7;2953,7;32,3;23,1;32,6;31,2;23,8;22,7;63;57;58;341;5,7;2,8;
2026/04/05;1500 UTC;0;1011,9;1012,7;1011,9;3111,6;33,2;23,3;33,4;32,2;24;22,4;60;54;56;14;5,7;3,1;
2026/04/05;1600 UTC;0;1011,2;1011,9;1011,2;2566,9;31,7;22,4;33,7;31,7;23,5;21,5;58;50;58;336;5,5;1,7;
2026/04/05;1700 UTC;0;1011;1011,2;1010,8;1715,5;29,7;22,8;32,4;29,7;24,2;22,2;66;57;66;67;8,2;3,5;
2026/04/05;1800 UTC;0;1010,6;1011;1010,4;2254,1;29;22;30,9;29;23,3;21,9;68;62;66;72;8,6;4,6;
2026/04/05;1900 UTC;0;1011,1;1011,3;1010,5;630,9;27,9;22;29;27,9;22,2;21,3;70;65;70;72;8,2;3,8;
2026/04/05;2000 UTC;0;1011,5;1011,6;1011;303,9;26,9;21,6;27,9;26,9;21,9;21,3;73;70;73;64;7;3,3;
2026/04/05;2100 UTC;0;1011,6;1011,7;1011,4;42,4;26,1;21,9;26,9;26;22;21,5;78;72;78;60;24,6;2,4;
2026/04/05;2200 UTC;0;1012,7;1012,7;1011,6;;25,8;22,2;26,2;25,8;22,3;21,8;81;77;81;18;24,6;1;
2026/04/05;2300 UTC;0;1013,3;1013,3;1012,6;;25,4;22,6;25,8;25,3;22,7;22,2;85;81;85;58;2,9;,8;
2026/04/06;0000 UTC;0;1013,7;1013,8;1013,3;;25,3;22,7;25,4;25;22,9;22,4;87;85;85;103;2,1;,9;
2026/04/06;0100 UTC;0;1013,9;1013,9;1013,7;;25;22,6;25,5;25;22,8;22,6;86;85;86;92;2,6;1,1;
2026/04/06;0200 UTC;0;1014,1;1014,1;1013,9;;24,4;22,5;25;24,3;22,8;22,3;89;86;89;149;1,9;,9;
2026/04/06;0300 UTC;0;1013,9;1014,2;1013,9;;24,8;22,7;25,1;24,4;23,1;22,2;89;87;88;207;1,8;,9;
2026/04/06;0400 UTC;0;1013,6;1013,9;1013,6;;24,7;22,5;24,9;24,4;22,9;22,4;89;88;88;175;2,1;1;
2026/04/06;0500 UTC;0;1013,5;1013,7;1013,5;;24,5;22,6;25,2;24,4;22,9;22,3;89;86;89;190;2,4;,8;
2026/04/06;0600 UTC;0;1013,5;1013,6;1013,3;;24,2;22,6;24,8;24,2;22,7;22,4;91;88;91;209;3;1,1;
2026/04/06;0700 UTC;0;1013,6;1013,7;1013,3;;24,1;22,5;24,3;23,9;22,7;22,4;91;90;91;206;3,3;1,4;
2026/04/06;0800 UTC;0;1013,9;1013,9;1013,6;;23,7;22,4;24,1;23,5;22,6;22,1;92;91;92;202;3,3;,9;
2026/04/06;0900 UTC;0;1014,6;1014,6;1013,9;1,2;23,3;22,2;23,7;23,1;22,4;21,9;93;92;93;224;2,4;1,1;
2026/04/06;1000 UTC;0;1014,9;1014,9;1014,6;292,6;25,6;23,5;25,6;23,2;23,6;22,1;94;88;88;199;1,8;,5;
2026/04/06;1100 UTC;0;1015,4;1015,4;1014,9;929,2;27,7;23,4;27,7;25,6;23,8;22,8;88;77;78;79;1,8;,8;
2026/04/06;1200 UTC;0;1015,5;1015,5;1015,4;1897,9;28,1;21,5;29,4;27,1;23,6;21,5;78;66;68;65;4,9;2,3;
2026/04/06;1300 UTC;0;1015,5;1015,7;1015,5;2134,1;29,4;21,4;29,8;27,9;23,1;21,2;70;62;62;59;4,9;1,6;
2026/04/06;1400 UTC;0;1014,9;1015,5;1014,9;2046,4;29,1;21,3;30,7;28,9;22,9;20,8;67;59;63;77;5,1;1,7;
2026/04/06;1500 UTC;0;1014,3;1014,9;1014,3;2441,8;30,2;20,7;31,4;29;22,7;20,5;65;56;57;63;5,8;1,8;
2026/04/06;1600 UTC;0;1013,8;1014,3;1013,8;2582,6;30,9;21,4;31,4;29,9;22,5;20,3;61;54;57;74;7,7;3;
2026/04/06;1700 UTC;0;1013,2;1013,8;1013,2;2903,8;31,3;20,2;32;30,7;21,6;20,1;57;51;52;78;7,7;3,1;
2026/04/06;1800 UTC;0;1012,9;1013,2;1012,9;2391,9;30,5;20,8;31,5;30,5;21,2;19,1;58;49;56;76;6,9;3,6;
2026/04/06;1900 UTC;0;1013,4;1013,4;1012,8;1668,6;29;20,9;30,5;29;21,7;20,4;63;55;62;86;8;3,8;
2026/04/06;2000 UTC;0;1013,8;1013,8;1013,4;813,3;27,5;20,7;29;27,5;21,2;19,9;66;60;66;84;6,9;4;
2026/04/06;2100 UTC;0;1014,2;1014,3;1013,8;92,4;25,7;22;27,6;25,7;22;20,5;80;66;80;79;6,8;2,7;
2026/04/06;2200 UTC;0;1014,2;1014,2;1014;;25,1;22,4;25,7;25,1;22,5;22;85;80;85;98;5,3;1,3;
2026/04/06;2300 UTC;0;1015;1015;1014,2;;24;22,2;25,3;24;22,8;22,2;90;85;90;46;4,5;,9;
2026/04/07;0000 UTC;0;1015,3;1015,4;1015;;23,8;22,4;24;23,7;22,6;22,1;92;90;92;43;1,7;1;
2026/04/07;0100 UTC;0;1015,8;1015,8;1015,3;;23,5;22,4;23,8;23,1;22,5;21,8;93;92;93;273;1,7;1;
2026/04/07;0200 UTC;0;1016;1016;1015,8;;23,6;22,5;23,6;23,4;22,5;22,3;94;93;94;245;1,6;1;
2026/04/07;0300 UTC;0;1015,8;1016;1015,7;;23,3;22,3;23,6;23,3;22,6;22,2;94;93;94;231;1,5;1,2;
2026/04/07;0400 UTC;0;1015,2;1015,8;1015,2;;23,4;22,3;23,7;23,3;22,6;22,2;94;94;94;116;1,8;,8;
2026/04/07;0500 UTC;0;1014,9;1015,2;1014,8;;23,6;22,6;23,9;23,3;22,8;22,2;94;94;94;235;1,4;,7;
2026/04/07;0600 UTC;0;1014,7;1015;1014,5;;23,2;22,1;23,7;23,1;22,7;22;94;93;94;275;1,5;,8;
2026/04/07;0700 UTC;0;1014,7;1014,8;1014,6;;22,8;21,8;23,2;22,8;22,1;21,8;94;94;94;217;2,1;,9;
2026/04/07;0800 UTC;0;1014,9;1014,9;1014,7;;22,8;21,9;23;22,5;22,1;21,5;95;94;95;245;2,7;,8;
2026/04/07;0900 UTC;0;1015,3;1015,3;1014,9;;22,4;21,4;23;22,4;22,1;21,4;95;94;95;230;2,2;1,5;
2026/04/07;1000 UTC;0;1015,6;1015,6;1015,3;188,7;24,1;23,3;24,2;22,2;23,4;21,3;95;95;95;239;2,2;,3;
2026/04/07;1100 UTC;0;1016,3;1016,4;1015,5;966;26,7;23,3;27,1;24,1;24,7;23,3;95;82;82;154;1,7;,7;
2026/04/07;1200 UTC;0;1016,4;1016,4;1016,1;1405,4;26,1;23,3;28,7;25,6;24,3;22,6;87;72;85;99;5,4;2,7;
2026/04/07;1300 UTC;0;1016,4;1016,4;1016,3;2208,5;28,3;22,9;28,4;26,1;24,1;21,8;85;70;73;95;5,4;1,6;
2026/04/07;1400 UTC;0;1015,8;1016,4;1015,8;1029,6;27,4;22;28,5;26,3;23,7;21,8;84;69;73;75;5,9;1,6;
2026/04/07;1500 UTC;0;1014,9;1015,8;1014,9;2084,4;28,9;22;29,9;27,4;23,5;21,6;73;64;66;75;5,6;3,1;
2026/04/07;1600 UTC;0;1014,1;1014,9;1014,1;2381,1;29,7;21,6;30,9;28,8;22,9;21,4;69;61;62;79;5,6;2,1;
2026/04/07;1700 UTC;0;1013,5;1014,1;1013,5;2121,9;29,8;21,9;30,6;29,2;22,8;21,4;66;61;63;75;5,8;2,9;
2026/04/07;1800 UTC;0;1013;1013,5;1013;2365,8;29,8;22,1;30,6;29,5;22,7;21,3;65;60;63;86;6,9;2,7;
2026/04/07;1900 UTC;0;1012,9;1013;1012,9;1636,2;29,1;21,4;30,1;29,1;22,5;21,3;65;61;63;74;5,5;3;
2026/04/07;2000 UTC;0;1012,8;1012,9;1012,8;806,8;27,7;21,7;29,2;27,7;22,2;21,6;70;63;70;80;5,7;3,4;
2026/04/07;2100 UTC;0;1012,7;1012,9;1012,7;98,3;25,5;22;27,7;25,5;22,2;21,8;81;70;81;65;5,6;2;
2026/04/07;2200 UTC;0;1013,1;1013,1;1012,7;;24,7;22,6;25,5;24,7;22,6;22;88;81;88;73;4,3;1,8;
2026/04/07;2300 UTC;0;1013,5;1013,5;1013;;24;22,5;24,7;24;22,7;22,4;91;88;91;42;3,5;1,6;
2026/04/08;0000 UTC;0;1013,7;1013,7;1013,4;;24;22,7;24,3;23,9;23;22,4;93;91;92;47;2,9;1,2;
2026/04/08;0100 UTC;0;1013,6;1013,7;1013,6;;23,4;22,3;24;23,3;22,7;22,2;94;92;94;312;2,1;,6;
2026/04/08;0200 UTC;0;1013,4;1013,7;1013,3;;23,3;22,3;23,6;23,2;22,5;22,2;94;94;94;33;2;1,2;
2026/04/08;0300 UTC;0;1012,9;1013,4;1012,9;;23,8;22,8;23,9;22,9;22,9;21,9;95;94;94;43;3,4;1,7;
2026/04/08;0400 UTC;0;1012,3;1012,9;1012,3;;23,2;22,2;23,8;23,1;22,9;22,1;95;94;94;23;2,5;,9;
2026/04/08;0500 UTC;0;1011,9;1012,3;1011,9;;22,7;21,8;23,5;22,7;22,5;21,8;95;94;94;11;2,3;,7;
2026/04/08;0600 UTC;0;1011,5;1011,9;1011,4;;23,3;22,4;23,3;22,5;22,4;21,6;95;94;95;60;2,7;1,8;
2026/04/08;0700 UTC;,2;1011,3;1011,5;1011,3;;23,2;22,3;23,3;22,9;22,5;22;95;95;95;13;3,4;2,1;
2026/04/08;0800 UTC;0;1011,5;1011,5;1011,1;;22,7;21,9;23,2;22,7;22,3;21,9;95;95;95;358;3,8;1,9;
2026/04/08;0900 UTC;0;1011,5;1011,5;1011,3;0;22,6;21,8;22,7;22,5;21,8;21,7;95;95;95;4;3,8;2,3;
2026/04/08;1000 UTC;0;1012;1012;1011,5;284,3;24,2;23,4;24,2;22,6;23,4;21,8;95;95;95;15;4,8;1,1;
2026/04/08;1100 UTC;0;1012,4;1012,5;1012;1040,7;26,3;23,8;26,3;24,2;24,1;23,4;95;86;86;344;5;2,7;
2026/04/08;1200 UTC;0;1012,8;1012,8;1012,4;1850,8;29,5;22,5;29,5;26,2;24,1;22,1;86;65;66;351;5,1;3,3;
2026/04/08;1300 UTC;0;1012,6;1012,8;1012,5;2500,7;30,9;21,6;31;29,5;23,1;21,6;67;57;58;334;7,7;3,7;
2026/04/08;1400 UTC;0;1011,8;1012,6;1011,8;2954,9;32,4;21,7;32,4;30,8;22;20,9;58;53;53;337;8,1;4,5;
2026/04/08;1500 UTC;0;1010,7;1011,8;1010,7;3161,2;33;21,6;33;32,1;22,2;21,2;55;51;51;343;9;4,5;
2026/04/08;1600 UTC;0;1009,6;1010,7;1009,6;3100,5;33,2;21;33,3;32,5;22,2;20,8;54;49;49;336;9,2;4,2;
2026/04/08;1700 UTC;0;1008,7;1009,6;1008,7;2817,5;33,7;21,3;33,9;32,7;21,9;20,6;51;47;48;344;8,4;3,8;
2026/04/08;1800 UTC;0;1008,3;1008,7;1008,2;2297,3;33,7;20,9;34;33,4;21,6;20,4;49;46;47;353;7,4;3,3;
2026/04/08;1900 UTC;0;1008,1;1008,3;1008,1;1586,5;33,4;21,8;33,9;33,1;21,9;20,9;52;47;51;329;6,3;2,6;
2026/04/08;2000 UTC;0;1008;1008,1;1008;767,8;30,2;22,1;33,4;30,2;22,2;21,1;62;50;62;67;5,1;2,1;
2026/04/08;2100 UTC;0;1008,1;1008,2;1008;57,7;28,2;22,5;30,2;28,2;22,8;22,2;71;62;71;54;4,4;2,6;
2026/04/08;2200 UTC;0;1008,6;1008,6;1008;;26,6;22,7;28,2;26,5;22,7;22,4;79;71;79;44;4,3;2,1;
2026/04/08;2300 UTC;0;1009,2;1009,3;1008,6;;25,6;23,1;26,6;25,6;23,1;22,7;86;79;86;41;5;1,9;
2026/04/09;0000 UTC;0;1009,7;1009,8;1009,2;;25,4;23,4;25,7;25,4;23,5;23,1;89;86;89;53;3,9;2,5;
2026/04/09;0100 UTC;0;1009,3;1010,1;1009,3;;25,7;21,2;25,8;25,2;23,5;21,2;90;76;76;339;4,1;2;
2026/04/09;0200 UTC;0;1008,7;1009,3;1008,7;;25,7;19;25,9;25,5;21,1;18,9;76;66;67;340;5,3;2,6;
2026/04/09;0300 UTC;0;1008,5;1008,8;1008,5;;24,1;19;25,7;24,1;19,3;18,9;73;67;73;346;5,2;2,3;
2026/04/09;0400 UTC;0;1008;1008,5;1008;;24,2;18,8;24,4;23,9;19;18,8;74;71;72;322;6,3;2,8;
2026/04/09;0500 UTC;0;1007,5;1008;1007,5;;23,8;19,2;24,5;23,7;19,2;18,8;75;71;75;338;5,8;2,7;
2026/04/09;0600 UTC;0;1007,8;1007,8;1007,5;;23;19,6;23,9;23;19,6;19,2;81;75;81;12;4,7;2,1;
2026/04/09;0700 UTC;0;1007,5;1007,8;1007,4;;23,3;19,7;23,5;23;19,8;19,6;82;79;80;8;5,6;3,1;
2026/04/09;0800 UTC;0;1007,7;1007,9;1007,5;;24,1;19,7;24,1;23,3;19,9;19,6;81;76;77;351;6,8;4,2;
2026/04/09;0900 UTC;0;1008,2;1008,2;1007,7;,6;24,1;19,9;24,2;24;19,9;19,7;78;76;77;353;7,6;4,1;
2026/04/09;1000 UTC;0;1008,9;1008,9;1008,2;140,6;24,8;20;24,8;24,1;20;19,8;77;75;75;336;7,4;2,9;
2026/04/09;1100 UTC;0;1009,2;1009,2;1008,8;801,9;27,5;21;27,5;24,8;21;19,9;75;67;67;342;7,1;4,2;
2026/04/09;1200 UTC;0;1009,3;1009,3;1009,2;1870,3;31;20,8;31;27,6;21,7;20,5;68;54;54;332;6,5;3,3;
2026/04/09;1300 UTC;0;1009,2;1009,3;1009,2;2483,4;32,7;20,2;33;31;21;20;55;47;48;315;8,3;4,4;
2026/04/09;1400 UTC;0;1008,7;1009,2;1008,7;2962,5;33,5;19,9;33,7;32,6;20,6;19,6;48;44;45;304;9,3;5,2;
2026/04/09;1500 UTC;0;1008,1;1008,7;1008,1;3139,5;34,6;20,6;34,6;33,5;20,7;19,6;46;43;44;312;8,8;3,8;
2026/04/09;1600 UTC;0;1007,8;1008,1;1007,8;2737,1;33,1;19,9;35,1;33;21,3;19,3;46;41;46;215;8;2,4;
2026/04/09;1700 UTC;0;1007,5;1007,8;1007,4;1189,2;31,4;20,4;33,7;31,4;20,9;19,2;53;45;52;162;7,2;3,1;
2026/04/09;1800 UTC;0;1007,3;1007,5;1007,2;2016,6;31,8;21,3;32,8;31,3;21,7;20,2;54;50;54;165;7,6;3,4;
2026/04/09;1900 UTC;0;1007,7;1007,8;1007,2;1474,5;30,2;21,3;32,3;30,2;22;21;60;52;59;186;8,9;2,8;
2026/04/09;2000 UTC;0;1008,5;1008,5;1007,7;634,3;28,3;21,1;30,4;28,3;21,5;20,8;65;59;65;184;9,2;2,8;
2026/04/09;2100 UTC;0;1009,2;1009,2;1008,5;23;27,7;20,7;28,3;27,7;21,2;20,7;67;65;65;200;8,5;3,2;
2026/04/09;2200 UTC;0;1009,9;1009,9;1009,2;;26,9;21,2;27,7;26,9;21,2;20,6;71;65;71;190;8,5;2,6;
2026/04/09;2300 UTC;0;1010,6;1010,6;1009,8;;26,7;21,7;27;26,6;21,8;21,2;75;71;74;198;8;2,8;
2026/04/10;0000 UTC;0;1011,3;1011,4;1010,5;;26,1;22,6;26,7;26;22,6;21,7;81;74;81;200;7,7;3,2;
2026/04/10;0100 UTC;0;1011,5;1011,6;1011,2;;25,8;22,5;26,1;25,7;22,6;22,4;82;81;82;200;7,7;2,7;
2026/04/10;0200 UTC;0;1011,9;1011,9;1011,5;;25,7;22,4;26;25,7;22,6;22,4;82;81;82;206;8,9;3,8;
2026/04/10;0300 UTC;0;1012,3;1012,3;1011,8;;25;22;25,7;24,9;22,5;22;85;82;84;219;8,8;2,8;
2026/04/10;0400 UTC;0;1012;1012,4;1012;;24,4;22,6;25;24,3;22,6;22;90;84;90;217;5,6;3;
2026/04/10;0500 UTC;0;1011,6;1012;1011,6;;24,2;22,1;24,6;24,2;22,6;22,1;90;86;88;225;6,5;3,3;
2026/04/10;0600 UTC;0;1011,7;1011,7;1011,4;;24,2;21,8;24,2;23,9;22,2;21,8;90;86;86;226;5,6;3,1;
2026/04/10;0700 UTC;0;1011,7;1011,7;1011,4;;24,2;21,1;24,4;24,2;21,8;21,1;86;83;83;217;5;2,8;
2026/04/10;0800 UTC;0;1012;1012;1011,5;;24,1;20,6;24,3;24;21,1;20,6;83;80;81;215;5,1;2,8;
2026/04/10;0900 UTC;0;1012,4;1012,4;1012;;24,1;20,8;24,2;23,9;20,8;20,6;82;80;82;211;4,7;2,4;
2026/04/10;1000 UTC;0;1013,1;1013,1;1012,4;123,9;24,5;20,9;24,5;24;20,9;20,7;82;80;80;207;6;2,6;
2026/04/10;1100 UTC;0;1013,8;1013,8;1013,2;576,8;25,3;21,2;25,5;24,5;21,3;20,7;80;77;78;222;6;2,2;
2026/04/10;1200 UTC;0;1014,5;1014,5;1013,8;1177,1;26,8;20,9;27,1;25,3;21,8;20,7;79;69;70;201;5;1,9;
2026/04/10;1300 UTC;0;1014,7;1014,7;1014,5;1516,6;27,6;20,8;28;26,6;21,9;20,7;73;66;67;198;6,6;2,2;
2026/04/10;1400 UTC;0;1014,6;1014,7;1014,6;1066,6;26,4;20,6;27,6;26,4;21;20;71;65;70;206;6,5;2,2;
2026/04/10;1500 UTC;1;1014,8;1014,8;1014,5;377,6;22,8;20,7;26,6;22,8;21,3;20,4;88;70;88;188;7,8;2,1;
2026/04/10;1600 UTC;,2;1014,2;1014,8;1014,1;382,6;23,5;21,3;24,1;22,8;21,9;20,7;89;85;88;231;5,4;3;
2026/04/10;1700 UTC;1;1014,2;1014,2;1014,1;358,1;22,2;20,5;23,5;22,2;21,8;20,4;91;88;90;198;7,6;2,8;
2026/04/10;1800 UTC;,8;1013,5;1014,2;1013,5;427,1;23,5;20,5;23,5;22,2;20,6;19,7;90;80;84;173;6,7;1,5;
2026/04/10;1900 UTC;0;1013,7;1013,8;1013,4;328,8;23,8;20,7;23,9;23,4;21,2;20,2;86;82;83;186;5,3;1,2;
2026/04/10;2000 UTC;0;1014,3;1014,3;1013,7;100,6;22,7;20,9;24;22,7;21;20,7;89;82;89;227;4,7;2,3;
2026/04/10;2100 UTC;,4;1014,7;1014,8;1014,3;10,6;21,6;20,3;22,7;21,6;20,9;20,3;92;89;92;228;6;3,5;
2026/04/10;2200 UTC;0;1015,2;1015,2;1014,7;;21,6;19,9;21,9;21,6;20,3;19,9;92;89;90;227;5,9;2,4;
2026/04/10;2300 UTC;0;1015,9;1015,9;1015,2;;21,2;19,7;21,6;21,1;19,9;19,6;91;90;91;227;4,8;1,5;
2026/04/11;0000 UTC;0;1016,6;1016,6;1015,9;;21,6;20,1;21,6;21,1;20,1;19,6;92;91;91;173;2,3;,5;
2026/04/11;0100 UTC;0;1016,7;1016,7;1016,5;;22,4;19,6;22,4;21,6;20,2;19,6;91;84;84;213;5,4;2,7;
2026/04/11;0200 UTC;0;1016,7;1016,7;1016,5;,4;22,1;19,2;22,5;22,1;19,6;19,2;84;83;84;213;6,4;3,6;
2026/04/11;0300 UTC;0;1016,3;1016,7;1016,3;;22;19,2;22,1;21,9;19,2;19,1;84;83;84;215;6,1;2,1;
2026/04/11;0400 UTC;0;1016,2;1016,4;1016,1;;22,1;19,1;22,1;21,9;19,4;19,1;86;83;83;218;4,2;2,1;
2026/04/11;0500 UTC;0;1016;1016,3;1016;;22,2;18,9;22,3;21,8;19,2;18,9;85;81;82;209;7,1;3,4;
2026/04/11;0600 UTC;0;1015,9;1016;1015,8;;21,7;19,5;22,2;21,7;19,5;18,9;87;82;87;215;7,7;3,5;
2026/04/11;0700 UTC;0;1015,7;1015,9;1015,7;;21,4;19,5;21,7;21,4;19,5;19,5;89;87;89;218;7;3,2;
2026/04/11;0800 UTC;,2;1015,8;1015,8;1015,7;;21,3;19,4;21,4;21,1;19,5;19,4;90;89;89;212;5,9;2,4;
2026/04/11;0900 UTC;0;1016,3;1016,3;1015,8;;21,1;19,1;21,3;21,1;19,4;19;89;88;88;217;5,2;1,9;
2026/04/11;1000 UTC;0;1017,3;1017,3;1016,3;107;21,6;19,2;21,6;21,1;19,3;19,1;88;86;86;206;4,7;2,4;
2026/04/11;1100 UTC;0;1017,8;1017,9;1017,3;330,4;22,4;19;22,4;21,6;19,5;19;87;81;81;208;5,4;2,2;
2026/04/11;1200 UTC;0;1018;1018;1017,8;701;23,6;18,7;23,7;22,4;19,1;18,4;81;74;74;212;5,6;2,1;
2026/04/11;1300 UTC;0;1018;1018,3;1018;1538,3;25,9;20,1;25,9;23,6;20,1;18,8;77;69;70;217;6,5;3,7;
2026/04/11;1400 UTC;0;1017,7;1018;1017,7;2946,9;27,6;19,2;27,6;25,7;20,7;18;71;60;60;184;6,9;2,7;
2026/04/11;1500 UTC;0;1017,2;1017,7;1017,2;2441,3;27,4;19,2;27,9;25,6;19,9;18,4;67;59;61;199;8,5;2,9;
2026/04/11;1600 UTC;0;1016,8;1017,2;1016,8;1766,4;26,2;17,6;27,3;26,2;19,5;17,2;64;57;59;175;9,4;2,8;
2026/04/11;1700 UTC;0;1016,4;1016,8;1016,4;1112,4;26;18,5;26,5;25,9;18,7;17,8;64;59;63;190;7,5;2,4;
2026/04/11;1800 UTC;0;1016,3;1016,4;1016,3;836,3;25,6;18,5;26;25,5;19,2;18,2;67;62;65;167;7,4;3,4;
2026/04/11;1900 UTC;0;1016,7;1016,7;1016,3;556,7;25;19,1;25,7;25;19,4;18,7;70;65;70;194;7,4;2,5;
2026/04/11;2000 UTC;0;1017,1;1017,1;1016,7;269,9;24,5;19,2;25;24,5;19,3;19,1;73;70;72;202;6,5;2,6;
2026/04/11;2100 UTC;0;1017,5;1017,5;1017,1;27,3;23,8;19,4;24,5;23,8;19,4;19;76;72;76;200;6,7;1,7;
2026/04/11;2200 UTC;0;1018;1018;1017,5;;23,3;19,5;23,9;23,3;19,5;19,4;79;76;79;206;5,9;2,3;
2026/04/11;2300 UTC;0;1018,9;1018,9;1018;;22,9;20;23,3;22,8;20;19,5;84;79;84;198;4,5;1,5;
2026/04/12;0000 UTC;0;1019,2;1019,2;1018,9;;22,7;20,1;23,1;22,7;20,1;19,9;85;83;85;198;4,3;1,9;
2026/04/12;0100 UTC;0;1019,2;1019,4;1019,2;;22,5;19,9;22,7;22,4;20,1;19,9;86;85;85;216;5,2;2,5;
2026/04/12;0200 UTC;0;1019;1019,2;1019;;22,3;19,6;22,5;22,1;19,9;19,6;86;84;85;213;5,3;2,3;
2026/04/12;0300 UTC;0;1018,4;1019;1018,4;;21,5;19,5;22,5;21,5;19,7;19,4;88;84;88;221;4,7;2,5;
2026/04/12;0400 UTC;0;1017,9;1018,4;1017,9;;21,4;19,2;21,5;21,2;19,5;19,2;89;88;88;218;4,4;2,9;
2026/04/12;0500 UTC;0;1017,4;1017,9;1017,4;;21,4;19,3;21,6;21,3;19,4;19,1;88;86;88;220;6,4;3;
2026/04/12;0600 UTC;0;1016,9;1017,5;1016,9;;20,6;19,1;21,4;20,6;19,4;19,1;91;88;91;211;5,1;2,2;
2026/04/12;0700 UTC;0;1016,9;1017;1016,8;;20,6;19,2;21;20,6;19,5;19,1;92;91;91;230;4,4;2;
2026/04/12;0800 UTC;0;1017,3;1017,3;1016,9;;20,2;19,1;20,6;20,1;19,1;18,9;93;91;93;239;3,3;1,6;
2026/04/12;0900 UTC;0;1017,7;1017,7;1017,3;2;20,1;19;20,5;20,1;19,4;19;94;93;93;231;2,1;1,5;
2026/04/12;1000 UTC;0;1018,5;1018,5;1017,7;277,3;21,9;20,2;22;20,1;20,8;19;94;90;90;210;2,6;1,4;
2026/04/12;1100 UTC;0;1018,8;1018,8;1018,5;1068,5;24,7;20,7;24,7;21,9;21;20,1;90;78;78;223;3,6;1,8;
2026/04/12;1200 UTC;0;1019;1019;1018,8;1846,3;26,6;20,6;26,9;24,7;21,5;20,1;79;68;70;213;3,9;1,8;
2026/04/12;1300 UTC;0;1018,8;1019;1018,8;1840;26,4;20,5;27,6;26,3;21,7;19,7;73;65;70;161;5,1;1,4;
2026/04/12;1400 UTC;,4;1018,5;1018,8;1018,5;968,6;26,4;20,5;26,7;25;21,1;19,6;78;65;70;60;4,3;,9;
2026/04/12;1500 UTC;1,2;1017,8;1018,5;1017,8;1893,3;24,3;21,1;28,4;24,3;21,4;19,8;83;61;82;140;8;2,1;
2026/04/12;1600 UTC;,8;1017;1017,8;1017;1219,6;24,7;20,8;26,2;24,1;23,4;20,6;87;75;79;145;5;3;
2026/04/12;1700 UTC;,2;1016,1;1017;1016,1;1373,7;25,4;20,1;25,4;23,7;21,7;20,1;86;73;73;140;7,1;2,5;
2026/04/12;1800 UTC;0;1015,9;1016,1;1015,9;1379,1;25,7;20,3;26,2;25,4;21,5;19,5;77;68;72;148;7,3;1,8;
2026/04/12;1900 UTC;0;1015,7;1015,9;1015,7;592,5;26,2;19,6;26,4;25,7;20,7;19,2;74;65;67;161;4,1;1,6;
2026/04/12;2000 UTC;0;1016,2;1016,2;1015,7;232;25,5;20,3;26,3;25,5;20,3;18,7;73;64;73;153;6,7;2,6;
2026/04/12;2100 UTC;0;1016,8;1016,8;1016,2;50,7;24,5;20,5;25,4;24,5;20,7;20,2;79;73;79;154;5,6;1,9;
2026/04/12;2200 UTC;0;1017,1;1017,1;1016,8;;23,8;20,3;24,5;23,7;20,6;20,2;81;79;81;164;3,8;1;
2026/04/12;2300 UTC;0;1017,5;1017,5;1017,1;;21,7;20;23,8;21,7;20,3;19,9;90;81;90;230;2,9;2;
2026/04/13;0000 UTC;0;1017,8;1017,8;1017,5;;22;19,7;22;21;19,9;19,2;90;87;87;199;2,9;1,1;
2026/04/13;0100 UTC;0;1017,3;1017,8;1017,3;;21,4;19,7;22;21,1;19,8;19,2;90;86;90;181;2,2;,8;
2026/04/13;0200 UTC;0;1017;1017,3;1017;;21;19,3;21,6;21;19,8;19,3;90;89;90;240;2,3;1,6;
2026/04/13;0300 UTC;0;1016,5;1017;1016,5;;20,3;19,1;21;20,3;19,3;19;93;90;93;230;2,3;1,2;
2026/04/13;0400 UTC;0;1015,7;1016,5;1015,7;;20,2;19,3;20,3;20;19,3;19;94;93;94;231;1,7;1,4;
2026/04/13;0500 UTC;0;1015,2;1015,7;1015,2;;20,1;19,3;20,2;19,9;19,3;19;95;94;95;241;1,9;1,4;
2026/04/13;0600 UTC;0;1014,8;1015,2;1014,8;;19,9;19,1;20,1;19,8;19,3;19;95;95;95;245;2,9;1,3;
2026/04/13;0700 UTC;0;1014,4;1014,8;1014,4;;19,7;18,9;19,9;19,7;19,1;18,8;95;95;95;233;2,4;1,1;
2026/04/13;0800 UTC;0;1014,4;1014,5;1014,4;;19,6;18,8;19,8;19,4;19;18,6;95;95;95;267;2,4;1,2;
2026/04/13;0900 UTC;0;1014,9;1014,9;1014,5;;19,3;18,6;19,6;19,3;18,8;18,5;95;95;95;212;2,5;1,3;
2026/04/13;1000 UTC;0;1015,6;1015,6;1014,9;266,7;20,8;20;20,8;19,3;20;18,5;95;95;95;228;2,5;1,5;
2026/04/13;1100 UTC;0;1015,9;1015,9;1015,5;991,1;23,6;21,6;23,6;20,8;21,6;20;95;89;89;250;3,6;1,7;
2026/04/13;1200 UTC;0;1016,4;1016,5;1015,9;1690,1;25,2;20,7;25,6;23,4;21,7;20,5;89;75;76;224;3,6;1,3;
2026/04/13;1300 UTC;0;1016,3;1016,5;1016,3;2165,5;26;19,7;27,7;25,2;21,4;19;78;62;68;74;3;,7;
2026/04/13;1400 UTC;0;1015,7;1016,3;1015,7;2915,3;28,4;18,1;29;26;20,5;17,7;69;52;54;57;4,1;1,9;
2026/04/13;1500 UTC;0;1014,7;1015,7;1014,7;3432,3;29;18,1;30,1;28,2;19,5;17,5;56;48;52;115;6,4;1,9;
2026/04/13;1600 UTC;0;1014;1014,7;1014;3321,1;29,2;18,6;29,6;27,9;20,2;18,1;61;52;53;109;6,4;2,2;
2026/04/13;1700 UTC;0;1013,3;1014;1013,3;1404,8;27,5;19;29,3;27;19,5;18,2;61;53;60;79;5,6;2,7;
2026/04/13;1800 UTC;0;1013,3;1013,3;1013;1492,8;27,1;18,3;28,7;27;19,8;17,9;62;54;59;108;6,1;2,9;
2026/04/13;1900 UTC;0;1013,2;1013,3;1013,1;714,9;26,7;18,5;27,3;26,6;19,1;17,8;62;58;61;64;6,6;3,2;
2026/04/13;2000 UTC;0;1013,5;1013,6;1013,2;406,6;25,5;17,9;26,7;25,5;18,6;17,6;63;59;63;85;6,3;3,1;
2026/04/13;2100 UTC;0;1013,9;1013,9;1013,5;25,1;23,9;18,6;25,5;23,9;18,6;17,9;72;63;72;84;4,8;2;
2026/04/13;2200 UTC;0;1014,3;1014,3;1013,9;;23,4;18,7;24;23,2;18,9;18,3;77;71;75;117;3,2;1;
2026/04/13;2300 UTC;0;1014,7;1014,7;1014,3;;23,7;19,2;24,2;23,2;19,2;18,6;76;72;76;150;3,4;1,1;
2026/04/14;0000 UTC;0;1014,8;1014,9;1014,7;;22,9;20;23,7;22,7;20,1;19,2;84;76;84;185;2;,8;
2026/04/14;0100 UTC;0;1014,7;1015;1014,7;;21,9;20,4;22,9;21,9;20,4;19,8;91;84;91;227;2,1;1,4;
2026/04/14;0200 UTC;0;1014,3;1014,7;1014,3;;21,3;20;21,9;21,3;20,5;20;93;91;93;214;2,5;1,4;
2026/04/14;0300 UTC;0;1014,1;1014,3;1014;;21,5;20,5;21,5;21,1;20,5;20;94;93;94;198;2,3;,9;
2026/04/14;0400 UTC;0;1013,6;1014,1;1013,6;;20,8;19,8;21,5;20,4;20,4;19,3;94;93;94;243;1,9;1,2;
2026/04/14;0500 UTC;0;1012,8;1013,5;1012,8;;20,2;19,3;20,8;20,2;19,8;19,3;95;94;95;300;1,5;1,1;
2026/04/14;0600 UTC;0;1012,6;1012,8;1012,5;;19,8;19;20,3;19,7;19,4;18,9;95;95;95;295;1,8;1,5;
2026/04/14;0700 UTC;0;1012,4;1012,7;1012,4;;19,4;18,6;19,8;19,4;19;18,6;95;95;95;288;2,3;1,4;
2026/04/14;0800 UTC;0;1012,6;1012,6;1012,2;;19,3;18,6;19,4;19,1;18,6;18,3;96;95;96;283;1,8;1,1;
2026/04/14;0900 UTC;0;1013,1;1013,1;1012,6;;19;18,3;19,3;18,8;18,6;18,1;96;96;96;277;2;1;
2026/04/14;1000 UTC;0;1013,6;1013,7;1013,1;269,8;20,3;19,6;20,7;19;20;18,3;96;96;96;260;1,8;1,1;
2026/04/14;1100 UTC;0;1014,4;1014,4;1013,6;990,9;22,9;21,7;22,9;20,3;21,7;19,6;96;93;93;272;2,3;1,3;
2026/04/14;1200 UTC;0;1014,6;1014,7;1014,4;1287,2;24,9;20,3;24,9;22,9;22;20,1;93;75;76;237;3,2;2,1;
2026/04/14;1300 UTC;0;1014,1;1014,6;1014,1;2334,2;26,8;17,8;27;24,6;20,7;17,8;77;58;58;228;3,7;1,3;
2026/04/14;1400 UTC;0;1013,1;1014,1;1013,1;2649,3;28,1;16,8;28,5;26,8;19;16,8;61;49;50;227;3,6;1,3;
2026/04/14;1500 UTC;0;1012,3;1013,1;1012,3;2957,5;28,9;17,3;29,6;27,7;18,6;16,7;57;47;49;210;4,6;1,9;
2026/04/14;1600 UTC;0;1011,4;1012,3;1011,4;3314,8;29,1;15,6;30,1;28,2;18;15,6;53;43;44;197;4,7;2,2;
2026/04/14;1700 UTC;0;1010,9;1011,4;1010,8;2557,3;29;15,8;30;27,4;17,1;15,3;50;42;45;208;5,9;1,9;
2026/04/14;1800 UTC;0;1010,4;1010,9;1010,3;2123,7;28,5;18,3;29,8;28,2;18,3;15;54;42;54;164;6;2,6;
2026/04/14;1900 UTC;0;1010,7;1010,7;1010,4;1593,8;27,9;17,8;28,8;27,7;18,3;17,4;55;51;54;185;7,4;2;
2026/04/14;2000 UTC;0;1011,3;1011,3;1010,7;727,6;25,9;17,8;28;25,9;18,4;17,5;61;54;61;166;6,4;2,6;
2026/04/14;2100 UTC;0;1012,2;1012,2;1011,3;57;24,3;18,7;25,9;24,3;18,7;17,5;71;60;71;188;6,4;1,6;
2026/04/14;2200 UTC;0;1012,7;1012,7;1012,1;;22,9;19,2;24,3;22,9;19,2;18,8;80;71;80;190;5,5;1,4;
2026/04/14;2300 UTC;0;1013,3;1013,3;1012,7;;22,4;19,7;22,9;22,3;19,8;19,2;85;80;85;194;4,6;1,8;
2026/04/15;0000 UTC;0;1013,6;1013,6;1013,3;;22;19,6;22,4;21,9;19,8;19,5;86;85;86;215;5,3;3,3;
2026/04/15;0100 UTC;0;1013,7;1013,8;1013,6;;21,7;19,6;22;21,7;19,8;19,5;88;86;88;216;5,9;3,4;
2026/04/15;0200 UTC;0;1013,2;1013,7;1013,2;;21,8;18,9;22;21,7;19,7;18,9;88;83;83;213;6,1;3,1;
2026/04/15;0300 UTC;0;1012,9;1013,2;1012,9;;21,4;18,3;21,9;21,4;18,9;18,3;83;82;82;216;5,5;3,2;
2026/04/15;0400 UTC;0;1012,7;1012,9;1012,7;;21;17,9;21,5;21;18,3;17,9;83;81;82;218;5,3;2,8;
2026/04/15;0500 UTC;0;1012,3;1012,7;1012,3;;20,6;17,7;21,1;20,6;17,9;17,7;83;82;83;223;4,6;2,8;
2026/04/15;0600 UTC;0;1011,8;1012,3;1011,8;;19,5;17,8;20,7;19,3;17,8;17,4;90;83;90;257;4;1,5;
2026/04/15;0700 UTC;0;1011,4;1011,9;1011,4;;18,1;16,9;19,5;18,1;17,9;16,9;93;90;93;295;2,8;2;
2026/04/15;0800 UTC;0;1011,8;1011,8;1011,4;;17,8;16,8;18,1;17,8;17;16,8;94;93;94;312;2,7;1,6;
2026/04/15;0900 UTC;0;1012,3;1012,3;1011,8;;17,6;16,7;17,9;17,4;16,9;16,5;95;94;95;283;2,6;1,7;
2026/04/15;1000 UTC;0;1012,8;1012,8;1012,3;290,9;19,9;18,8;19,9;17,6;18,8;16,8;95;93;93;299;2,3;1,1;
2026/04/15;1100 UTC;0;1013,6;1013,6;1012,8;1050,4;22,8;19,6;22,8;19,9;19,6;18,8;93;82;82;303;2,9;1,9;
2026/04/15;1200 UTC;0;1014,3;1014,3;1013,6;1820,2;26;19,7;26;22,8;20;18,8;82;66;68;258;4;1,7;
2026/04/15;1300 UTC;0;1014,2;1014,4;1014,2;2396,1;27,5;19,5;27,8;26;19,8;18,6;68;59;62;229;6,6;3,7;
2026/04/15;1400 UTC;0;1013,8;1014,2;1013,7;2528;29,2;20,2;29,2;26,7;20,9;18,3;64;57;59;228;8,2;2,7;
2026/04/15;1500 UTC;0;1012,9;1013,8;1012,9;2980,4;29,8;19;30,1;27,8;20,5;18,5;60;52;52;233;8,2;3,7;
2026/04/15;1600 UTC;0;1012,3;1013;1012,3;1956,3;28,2;19,3;30,3;27,4;19,9;18;59;51;58;207;8,1;3;
2026/04/15;1700 UTC;0;1011,4;1012,3;1011,4;2367,6;29,3;18,7;29,5;28,2;19,9;18,4;59;51;53;204;7,9;2,9;
2026/04/15;1800 UTC;0;1011;1011,4;1010,9;2224,3;29,1;18,7;29,4;28,7;19,1;18;55;51;54;199;8,3;3,3;
2026/04/15;1900 UTC;0;1010,9;1011;1010,8;1518,2;28,1;18,7;29,1;28,1;19,4;18,1;57;52;57;192;8,8;2,9;
2026/04/15;2000 UTC;0;1011,2;1011,2;1010,8;690,9;26,1;19,7;28,1;26,1;19,7;18,6;68;57;68;178;8;2,7;
2026/04/15;2100 UTC;0;1011,6;1011,6;1011,2;41,1;24,7;19,4;26,1;24,7;19,6;19,3;72;68;72;179;7,4;2,3;
2026/04/15;2200 UTC;0;1012,1;1012,1;1011,6;;24;19,4;24,7;24;19,4;19,3;75;72;75;179;6,1;2;
2026/04/15;2300 UTC;0;1012,9;1012,9;1012,1;;21,9;19,4;24;21,9;19,6;19,2;86;75;86;261;5,2;2;
2026/04/16;0000 UTC;0;1012,7;1012,9;1012,7;;21,3;19,6;21,9;21,2;19,6;19,4;90;86;90;225;3,5;2,2;
2026/04/16;0100 UTC;0;1012,8;1012,9;1012,7;;21,8;19,7;21,8;21,3;19,8;19,6;90;88;88;220;4,6;2,6;
2026/04/16;0200 UTC;0;1012,6;1012,8;1012,6;;22,1;19,3;22,2;21,8;19,8;19,3;88;84;84;222;5,3;3,1;
2026/04/16;0300 UTC;0;1012,1;1012,6;1012,1;;21,7;19;22,1;21,7;19,3;19;85;84;85;230;5,3;2,6;
2026/04/16;0400 UTC;0;1011,5;1012,1;1011,5;;21,5;18,9;21,8;21,4;19;18,8;86;84;85;230;4,3;2,4;
2026/04/16;0500 UTC;0;1011,2;1011,5;1011,2;;23,1;19,1;23,1;21,5;19,1;18,9;85;78;78;220;5,4;3,1;
2026/04/16;0600 UTC;0;1010,9;1011,2;1010,9;;22,5;19,1;23,4;22,5;19,1;19;81;77;81;236;5,8;2,5;
2026/04/16;0700 UTC;0;1010,8;1010,9;1010,7;;22,8;19,4;22,8;22,3;19,5;19,1;83;81;81;239;3,8;1,7;
2026/04/16;0800 UTC;0;1010,9;1010,9;1010,8;;21,1;19;22,9;21,1;19,5;19;88;81;88;308;2,8;1,6;
2026/04/16;0900 UTC;0;1011,3;1011,3;1010,9;;20,6;19;21,1;20,6;19,1;18,9;91;88;91;320;2,3;1,6;
2026/04/16;1000 UTC;0;1011,8;1011,8;1011,3;208,5;21,9;19,7;21,9;20,4;20,2;18,9;91;87;87;275;1,9;,5;
2026/04/16;1100 UTC;0;1012,1;1012,2;1011,8;1013,1;25,7;19,7;25,9;21,9;20,3;19,3;88;69;70;289;2,2;,6;
2026/04/16;1200 UTC;0;1012,7;1012,7;1012,1;1774,3;27,5;20,2;27,6;25,3;20,6;19,3;72;65;65;227;4,6;2,2;
2026/04/16;1300 UTC;0;1012,5;1012,7;1012,5;2018,5;28;21;28;26,5;21;19,6;69;63;66;223;6,6;1,7;
2026/04/16;1400 UTC;0;1011,8;1012,5;1011,8;1139,4;27;20,5;28,2;26,4;21;19,3;71;62;68;178;4,4;1,9;
2026/04/16;1500 UTC;0;1011,1;1011,8;1011,1;1298,8;25,8;20,7;27,9;25,5;21,5;20;78;64;73;163;5,5;2;
2026/04/16;1600 UTC;0;1010,3;1011,1;1010,3;875,9;26,9;20,8;26,9;25,3;22,1;20,6;80;69;69;229;4,4;,7;
2026/04/16;1700 UTC;0;1009,8;1010,3;1009,8;910,6;25,5;21,5;27,7;25,3;21,5;20,4;79;65;79;37;4,1;2,5;
2026/04/16;1800 UTC;0;1009,4;1009,8;1009,4;668,3;26,1;21,5;26,1;24,7;22,3;21;85;76;76;17;4,1;1,6;
2026/04/16;1900 UTC;0;1009,3;1009,4;1009,2;652,6;26,4;20,8;26,4;26;21,5;20,7;76;71;71;6;2,7;1,1;
2026/04/16;2000 UTC;0;1009,2;1009,3;1009,1;307,8;24,3;20,6;26,4;24,3;21,5;20,6;80;71;80;244;3,3;2;
2026/04/16;2100 UTC;0;1009;1009,2;1009;24,6;23,2;20,2;24,3;23,1;20,6;20,2;85;80;83;188;3,5;,6;
2026/04/16;2200 UTC;0;1009,9;1009,9;1009;;23,8;20,7;24,1;22,8;20,8;20,1;86;82;83;187;3,9;1,2;
2026/04/16;2300 UTC;0;1010,4;1010,4;1009,9;;23;20,8;23,9;23;21;20,7;87;83;87;184;4,4;,9;
2026/04/17;0000 UTC;0;1010,8;1010,8;1010,4;;22,5;20,9;23,2;22,4;21,1;20,6;90;87;90;193;3,2;,8;
2026/04/17;0100 UTC;0;1010,6;1010,8;1010,6;;21,9;20,7;22,5;21,7;20,9;20,3;93;90;93;229;2,4;1,6;
2026/04/17;0200 UTC;0;1010,4;1010,6;1010,4;;21,4;20,4;21,9;21,4;20,8;20,4;94;93;94;225;3,1;1,3;
2026/04/17;0300 UTC;0;1010,1;1010,4;1010;;21,6;20,6;21,6;21,3;20,6;20,3;94;94;94;238;2,1;1,2;
2026/04/17;0400 UTC;0;1009,2;1010,1;1009,2;;21,3;20,4;21,7;21,3;20,7;20,4;94;94;94;311;2;,4;
2026/04/17;0500 UTC;0;1008,7;1009,2;1008,7;;20,9;20;21,3;20,9;20,4;20;95;94;95;251;1,7;1,3;
2026/04/17;0600 UTC;0;1008,5;1008,7;1008,4;;20,7;19,8;21,1;20,6;20,2;19,7;95;95;95;303;1,7;1,5;
2026/04/17;0700 UTC;0;1008,2;1008,6;1008,2;;20,1;19,3;20,7;19,9;19,9;19,1;95;95;95;336;2,2;,9;
2026/04/17;0800 UTC;0;1008,2;1008,3;1008,1;;20,5;19,7;20,6;20,1;19,8;19,3;95;95;95;273;1,8;1,1;
2026/04/17;0900 UTC;0;1009,1;1009,1;1008,2;;20,1;19,3;20,6;20;19,8;19,2;95;95;95;319;2,5;1,2;
2026/04/17;1000 UTC;0;1009,7;1009,7;1009,1;172,4;21,4;20,6;21,4;20,1;20,6;19,3;95;95;95;284;2,4;,6;
2026/04/17;1100 UTC;0;1010,3;1010,3;1009,7;1025,2;24,3;21,8;24,3;21,4;22,4;20,6;95;86;86;282;2;1,2;
2026/04/17;1200 UTC;0;1010,6;1010,7;1010,3;1678,1;26,1;21,4;27;24,2;22,4;21,1;86;73;75;331;3,3;1,6;
2026/04/17;1300 UTC;0;1010,3;1010,7;1010,3;2459,2;28;20,7;28,3;26,2;22;19,9;76;63;65;23;4,4;2;
2026/04/17;1400 UTC;0;1009,5;1010,3;1009,5;2819,7;29,9;20,3;30;27,9;21;19,5;65;56;57;354;4,9;2,4;
2026/04/17;1500 UTC;0;1008;1009,5;1008;3108,7;29,9;18,8;30,7;29,2;20,7;18,7;58;50;51;349;6;2,5;
2026/04/17;1600 UTC;0;1007,1;1008;1007,1;2922,1;30,2;18,8;31,5;29,9;20,3;18,8;55;50;51;355;5,5;2,7;
2026/04/17;1700 UTC;0;1006,3;1007,1;1006,3;2821,5;31,5;19,3;31,9;30,2;20,1;19;53;48;48;306;6;2,1;
2026/04/17;1800 UTC;0;1005,7;1006,3;1005,7;2201,1;31,1;18,1;31,8;30,8;19,8;18,1;50;46;46;10;5;1,7;
2026/04/17;1900 UTC;0;1005,8;1005,8;1005,6;1351,2;28,5;20,5;31,2;28,3;21;18,2;63;46;62;73;6;3,2;
2026/04/17;2000 UTC;0;1006;1006;1005,7;611,3;26,8;19,6;28,7;26,8;20,8;19,5;65;61;65;56;6,7;3;
2026/04/17;2100 UTC;0;1006,1;1006,2;1005,9;42,8;24,7;20,3;26,8;24,7;20,3;19,4;76;65;76;58;6,5;3;
2026/04/17;2200 UTC;0;1006,7;1006,7;1006,1;;23,5;20,8;24,7;23,5;20,8;20,3;85;76;85;51;6,1;2,5;
2026/04/17;2300 UTC;0;1007,2;1007,2;1006,7;;22,9;21;23,4;22,8;21,1;20,7;89;85;89;50;3,8;1,9;
2026/04/18;0000 UTC;0;1007,9;1007,9;1007,2;;22,6;21;23;22,5;21,1;20,9;91;89;91;80;3,5;1,6;
2026/04/18;0100 UTC;0;1008,2;1008,2;1007,9;;22;20,7;22,6;21,9;21;20,5;93;91;93;43;2,4;,7;
2026/04/18;0200 UTC;0;1007,8;1008,2;1007,8;;21,6;20,6;22,1;21,3;20,8;20,1;94;93;94;323;1,6;,7;
2026/04/18;0300 UTC;0;1007,7;1007,9;1007,7;;21,3;20,4;21,7;21,1;20,8;20,1;95;94;95;257;1,8;1,4;
2026/04/18;0400 UTC;0;1007;1007,7;1007;;21,2;20,4;21,5;21,1;20,6;20,2;95;95;95;272;1,8;,6;
2026/04/18;0500 UTC;0;1006,5;1007,1;1006,5;;21,1;20,3;21,3;20,6;20,6;19,8;95;95;95;283;1,8;1,2;
2026/04/18;0600 UTC;0;1006,4;1006,5;1006,3;;20,4;19,6;21,1;20;20,3;19,2;95;95;95;317;1,8;1,3;
2026/04/18;0700 UTC;0;1006;1006,4;1006;;20,6;19,8;20,6;20,2;19,9;19,4;96;95;96;22;1,9;1,7;
2026/04/18;0800 UTC;0;1006,3;1006,3;1005,9;;20,5;19,8;20,8;20,4;20;19,7;96;96;96;28;2,5;1,4;
2026/04/18;0900 UTC;0;1006,9;1006,9;1006,3;;20,5;19,8;20,6;20,5;19,9;19,7;96;96;96;33;2,6;1,5;
2026/04/18;1000 UTC;,2;1007,4;1007,4;1006,9;238,4;22,4;21,6;22,4;20,5;21,6;19,8;96;95;95;357;3,8;2,1;
2026/04/18;1100 UTC;0;1007,3;1007,4;1007,3;965,4;24,6;21,6;24,6;22,4;21,9;21,5;95;83;83;349;5,3;3,2;
2026/04/18;1200 UTC;0;1007,5;1007,5;1007,2;1730,8;27,7;21;27,9;24,6;22;21;84;67;67;342;5,6;3,3;
2026/04/18;1300 UTC;0;1007,4;1007,6;1007,4;2375,3;30,4;21,2;30,5;27,7;21,8;20,5;68;57;58;341;6;3,2;
2026/04/18;1400 UTC;0;1006,5;1007,4;1006,5;2791,6;31,2;20;31,4;30,3;21,5;20;58;51;51;320;6,4;2,7;
2026/04/18;1500 UTC;0;1005,3;1006,5;1005,3;3006,8;32,5;19,2;32,8;31;20,7;18,9;53;45;46;345;6,4;3,6;
2026/04/18;1600 UTC;0;1004,5;1005,3;1004,5;2943,2;32,7;18,5;33,4;32,4;19,7;18,1;47;41;43;345;6,6;2;
2026/04/18;1700 UTC;0;1003,9;1004,5;1003,9;2565,1;33,3;18,1;33,7;32,5;19,8;17,5;46;39;41;236;5,1;2,2;
2026/04/18;1800 UTC;0;1003,6;1003,9;1003,6;2172,1;33,4;17,2;33,5;32,8;19,2;16,6;44;37;38;21;4,9;1,2;
2026/04/18;1900 UTC;0;1003,9;1003,9;1003,5;1559;30,7;21,3;34;30,7;21,4;16,4;57;36;57;77;6;3,5;
2026/04/18;2000 UTC;0;1004,6;1004,6;1003,9;696,4;27,8;21;30,7;27,8;21,5;20,8;67;57;67;85;6,2;2,9;
2026/04/18;2100 UTC;0;1004,8;1004,8;1004,4;30,2;25,6;20,9;27,8;25,6;21,1;20,7;76;66;76;60;5,1;1,9;
2026/04/18;2200 UTC;0;1004,9;1005;1004,7;;24,6;21,4;25,6;24,6;21,5;20,9;82;76;82;65;3,8;1,8;
2026/04/18;2300 UTC;0;1006;1006;1004,9;;23,8;21,4;24,6;23,5;21,4;20,9;86;82;86;264;3,6;,4;
2026/04/19;0000 UTC;0;1006,3;1006,4;1006;;23,3;21;24,2;23,3;21,6;21;87;85;87;25;1,8;,3;
2026/04/19;0100 UTC;0;1006,2;1006,3;1005,9;;23,4;21,6;23,7;23,2;21,9;21;91;87;90;97;2,3;1,2;
2026/04/19;0200 UTC;0;1006,6;1006,7;1006,2;;23,3;21,9;23,7;23,2;22,1;21,5;92;90;92;50;1,6;,7;
2026/04/19;0300 UTC;0;1006,6;1006,6;1006,5;;23;21,9;23,3;22,6;22;21,5;94;92;94;99;1,1;,8;
2026/04/19;0400 UTC;0;1006,2;1006,6;1006,2;;23,4;22,4;23,4;22,8;22,5;21,7;94;94;94;82;2;1,4;
2026/04/19;0500 UTC;0;1005,5;1006,2;1005,4;;22,2;21,3;23,4;22,1;22,4;21,1;94;94;94;25;2,3;1,6;
2026/04/19;0600 UTC;0;1005,4;1005,5;1005,4;;22,3;21,5;22,5;22,1;21,6;21,2;95;94;95;5;2,3;1,3;
2026/04/19;0700 UTC;0;1005,2;1005,4;1005,1;;21,6;20,7;22,3;21,5;21,4;20,6;95;95;95;12;2,4;1,2;
2026/04/19;0800 UTC;0;1006,6;1006,6;1005,2;;22,5;21,4;22,6;21,4;21,6;20,4;95;94;94;161;3,8;,7;
2026/04/19;0900 UTC;0;1007,4;1007,4;1006,5;0;22,3;21,3;23;22,1;22;21,1;94;93;94;255;3,1;1,8;
2026/04/19;1000 UTC;0;1008,5;1008,5;1007,4;152,2;23,1;22,2;23,1;22,3;22,2;21,3;95;94;94;268;4,6;1,6;
2026/04/19;1100 UTC;0;1009,1;1009,1;1008,5;241,8;23,5;22,1;23,5;23,1;22,4;22,1;94;92;92;253;4;1,9;
2026/04/19;1200 UTC;0;1009,3;1009,4;1009,1;1619;28,2;22;28,2;23,5;23;21,7;92;69;69;243;5,8;2,3;
2026/04/19;1300 UTC;0;1009,1;1009,3;1009;2387,5;30,7;20,9;30,7;27,8;22;19,9;70;55;56;221;5,9;3;
2026/04/19;1400 UTC;0;1008,7;1009,1;1008,7;2764,3;31,3;21,3;31,3;30,2;21,5;20,2;58;53;56;211;7,1;2,7;
2026/04/19;1500 UTC;0;1008,4;1008,8;1008,4;2956;31,4;21,2;31,9;30,8;22,2;19,9;57;51;55;183;7,1;2,3;
2026/04/19;1600 UTC;0;1008,1;1008,5;1008;3097,7;31;20,7;31,7;30,5;21,4;20,1;56;52;54;168;8,2;3,4;
2026/04/19;1700 UTC;0;1008;1008,1;1007,9;2208,3;29,1;21,3;31,5;28,8;21,7;20,2;65;53;63;158;8,6;4,7;
2026/04/19;1800 UTC;0;1008,4;1008,4;1008;1513,2;27,4;21,5;29,6;27,4;22,4;21,4;70;63;70;157;10,1;4,8;
2026/04/19;1900 UTC;0;1009,1;1009,1;1008,2;179,5;26,4;21,2;27,4;26,4;21,6;21,1;73;70;73;169;10;3,4;
2026/04/19;2000 UTC;0;1010,1;1010,1;1009,1;30,9;25,3;20,7;26,4;25,3;21,3;20,4;75;73;75;224;9,9;4,3;
2026/04/19;2100 UTC;,2;1009,6;1010,1;1009,2;3,1;25,2;21,2;25,3;23,5;21,2;20,1;82;75;78;193;8,1;2,4;
2026/04/19;2200 UTC;0;1010,7;1010,7;1009,6;;25,1;21,2;25,3;25;21,2;20,9;79;77;79;190;7,8;1,6;
2026/04/19;2300 UTC;0;1011,3;1011,3;1010,6;;24,7;21,7;25,2;24,7;21,7;21,2;83;79;83;175;7,1;2,4;
2026/04/20;0000 UTC;0;1011,6;1011,6;1011,3;;24;21,7;24,7;23,9;21,8;21,6;87;83;87;203;7,1;1,8;
2026/04/20;0100 UTC;0;1011,9;1011,9;1011,6;;23,5;21,8;24;23,5;22;21,7;90;87;90;164;4,8;,8;
2026/04/20;0200 UTC;0;1011,9;1011,9;1011,7;;23,1;21,4;23,5;23;21,8;21,4;92;90;90;206;5,2;1,9;
2026/04/20;0300 UTC;0;1012;1012;1011,9;;22,3;20,4;23,1;22,3;21,4;20,4;90;89;89;198;5,2;1,6;
2026/04/20;0400 UTC;0;1012;1012,1;1012;;21,8;19,9;22,5;21,7;20,6;19,9;90;89;89;206;5,8;1,1;
2026/04/20;0500 UTC;0;1011,8;1012;1011,7;;21,4;19,3;21,8;21,3;19,9;19,3;89;88;88;206;3,9;1,6;
2026/04/20;0600 UTC;0;1012;1012;1011,7;;20,1;18,8;21,7;20,1;19,3;18,5;92;85;92;228;4,6;2;
2026/04/20;0700 UTC;0;1012,3;1012,3;1012;;19,6;18,2;20,7;19,6;19,3;18,1;93;90;91;214;2,6;1,3;
2026/04/20;0800 UTC;0;1012,4;1012,4;1012,2;;19,6;18,5;20,3;18,8;18,7;17,6;94;90;93;203;2,2;,9;
2026/04/20;0900 UTC;0;1012,8;1012,8;1012,4;;18,9;17,6;20,2;18,9;18,7;17,6;93;90;92;318;3,3;2,2;
2026/04/20;1000 UTC;0;1013,4;1013,4;1012,8;241,5;21;20,1;21;18,9;20,1;17,7;94;92;94;303;3,3;1,1;
2026/04/20;1100 UTC;0;1013,8;1013,8;1013,3;958,4;23,8;20,1;23,9;21;21;19,9;94;80;80;304;2,5;1,5;
2026/04/20;1200 UTC;0;1014,1;1014,1;1013,8;1748,1;26,2;19,2;26,3;23,7;20,6;17,9;80;62;66;267;3,2;1,5;
2026/04/20;1300 UTC;0;1014;1014,2;1014;2032;27;17,1;27,7;25,9;19,2;16,8;66;53;54;202;4,7;1,4;
2026/04/20;1400 UTC;0;1013,5;1014;1013,5;2507,7;28,6;16,9;29,1;26,9;17,9;15,9;56;47;49;231;5,9;3,2;
2026/04/20;1500 UTC;0;1012,8;1013,5;1012,8;2471,1;28,5;16,8;29,9;27,9;18,5;16,3;53;48;49;223;6;3;
2026/04/20;1600 UTC;0;1012,1;1012,8;1012,1;2460,6;28,8;17,5;30,2;28,3;18,5;16,3;52;44;50;183;6;1,8;
2026/04/20;1700 UTC;0;1011,6;1012,1;1011,6;1961,6;28,1;15,7;29,7;28;18,1;15,4;52;45;47;166;7;2,9;
2026/04/20;1800 UTC;0;1011,2;1011,6;1011,2;2165,3;28,6;17,2;29,7;28,1;17,7;15,6;52;45;50;172;7;2,4;
2026/04/20;1900 UTC;0;1011,5;1011,5;1011,2;1457,4;27,4;18,5;28,8;27,3;18,7;17,3;59;50;59;182;6,5;2,3;
2026/04/20;2000 UTC;0;1012;1012;1011,5;370,3;25,7;18;27,4;25,7;19,1;18;64;59;62;180;7,1;2,8;
2026/04/20;2100 UTC;0;1012,4;1012,4;1012;20,5;24,3;18,1;25,7;24,2;18,5;17,9;69;62;68;175;7,4;1,6;
2026/04/20;2200 UTC;0;1013;1013;1012,3;;23,6;18;24,3;23,5;18,1;17,8;71;68;71;176;5,3;1,4;
2026/04/20;2300 UTC;0;1013,4;1013,4;1013;;23,2;19;23,7;23,1;19,1;18;78;71;78;175;4,6;1,2;
2026/04/21;0000 UTC;0;1014;1014;1013,4;;22,6;19,8;23,2;22,6;19,9;19;85;78;85;197;5,3;2;
2026/04/21;0100 UTC;0;1014,1;1014,1;1014;;22;19,5;22,6;22;19,9;19,4;86;84;86;208;5,1;1,7;
2026/04/21;0200 UTC;0;1014;1014,1;1014;;22;18,6;22,2;21,9;19,6;18,6;86;81;81;212;4,8;2,2;
2026/04/21;0300 UTC;0;1013,8;1014;1013,8;;21,2;18,3;22;21,1;18,5;18,3;85;81;83;219;3,9;2;
2026/04/21;0400 UTC;0;1013,3;1013,8;1013,3;;21,5;17,2;21,7;21,1;18,2;17,2;83;76;76;206;4,7;1,9;
2026/04/21;0500 UTC;0;1013,2;1013,3;1013,1;;20,7;17;21,9;20,7;17,2;16,8;79;75;79;227;4,6;1,5;
2026/04/21;0600 UTC;0;1012,9;1013,2;1012,7;;20,4;17;20,8;20;17,2;16,7;82;79;81;252;2,5;1,5;
2026/04/21;0700 UTC;0;1013,1;1013,1;1012,9;;19,5;17,7;20,5;19,3;17,9;16,6;90;80;89;217;2,6;,8;
2026/04/21;0800 UTC;0;1013,4;1013,4;1013,1;;18,4;17;20;18,4;17,8;17;92;86;92;346;1,7;1,1;
2026/04/21;0900 UTC;0;1013,8;1013,8;1013,4;,7;18,5;17,5;18,8;18,2;17,8;16,9;94;92;94;323;2,8;1,6;
2026/04/21;1000 UTC;0;1014,5;1014,5;1013,9;307,3;19,8;18,5;19,8;18,5;18,6;17,5;94;92;92;295;2,2;1,3;
2026/04/21;1100 UTC;0;1015,1;1015,1;1014,5;967,7;22,5;19,2;22,5;19,8;19,5;18,5;92;81;82;304;2,6;1,2;
2026/04/21;1200 UTC;0;1015,5;1015,5;1015,1;1588,9;25,4;18,6;25,6;22,5;19,7;17,9;83;63;66;247;3,7;1,8;
2026/04/21;1300 UTC;0;1015,7;1015,9;1015,5;2375,9;27;17,2;27,4;25,4;19,3;17,1;67;54;55;230;4,5;2,2;
2026/04/21;1400 UTC;0;1015;1015,7;1015;2943,9;28,6;17,5;28,6;26,7;18,3;16,8;57;49;51;230;5,8;2,3;
2026/04/21;1500 UTC;0;1014,2;1015;1014,2;2952,3;29;18,2;29,3;27,9;18,6;16,7;56;48;52;218;4,9;1,2;
2026/04/21;1600 UTC;0;1013,6;1014,2;1013,6;2183,3;27,9;17,9;29,5;27,7;18,4;16,9;56;49;55;218;5,5;2,4;
2026/04/21;1700 UTC;0;1013,1;1013,6;1013,1;2225,8;29,1;17,5;29,7;27,7;18,6;17,2;56;49;50;186;5,3;2,2;
2026/04/21;1800 UTC;0;1012,8;1013,1;1012,8;1691,2;28,5;17,9;29,2;27,7;18,5;16,7;56;49;52;210;5,7;1,7;
2026/04/21;1900 UTC;0;1012,9;1012,9;1012,7;657,7;27,1;17,5;28,5;27;18,5;17,2;58;51;56;198;4,3;1,7;
2026/04/21;2000 UTC;0;1013;1013;1012,9;511,6;26,1;17,1;27,6;26,1;18,4;16,9;58;55;58;208;4,5;,8;
2026/04/21;2100 UTC;0;1013,5;1013,5;1013;36;24,8;17;26,1;24,6;17,2;16,8;63;58;62;154;5,5;2,8;
2026/04/21;2200 UTC;0;1014,1;1014,1;1013,5;;23,9;18,3;24,8;23,9;18,3;17;71;62;71;163;5,3;2,6;
2026/04/21;2300 UTC;0;1014,6;1014,6;1014,1;;23,2;19,6;23,9;23,2;19,7;18,3;80;71;80;179;4,5;,9;
2026/04/22;0000 UTC;0;1015,1;1015,1;1014,6;;22;19,3;23,3;22;20,1;19,1;85;80;85;230;3,8;1,7;
2026/04/22;0100 UTC;0;1015;1015,1;1014,9;;22,4;20;22,4;21,9;20;19,3;87;85;86;224;2,6;1,9;
2026/04/22;0200 UTC;0;1015,1;1015,1;1015;;22,1;20,1;22,4;22;20,2;20;89;86;89;223;2,5;1,5;
2026/04/22;0300 UTC;0;1014,9;1015,1;1014,9;;21,7;19,9;22,2;21,7;20,3;19,9;90;89;90;220;2,3;,8;
2026/04/22;0400 UTC;0;1014,5;1014,9;1014,5;;22,6;20,3;22,6;21,6;20,4;20;91;87;87;179;2,4;,9;
2026/04/22;0500 UTC;0;1014,5;1014,6;1014,5;;21,2;19,2;22,8;21,2;20,2;19,2;88;84;88;257;2,8;1,3;
2026/04/22;0600 UTC;0;1014,3;1014,5;1014,2;;20,4;19,3;21,2;20,4;19,8;19;93;88;93;246;1,9;1,1;
2026/04/22;0700 UTC;0;1014,3;1014,4;1014,2;;20;19,1;20,7;19,9;19,6;18,9;94;93;94;309;2;1,1;
2026/04/22;0800 UTC;0;1014,6;1014,6;1014,3;;19,9;19,1;20,3;19,7;19,4;18,8;95;94;95;281;1,7;,9;
2026/04/22;0900 UTC;0;1015;1015;1014,6;;19,7;19;20;19,4;19,2;18,6;95;95;95;225;2,1;1;
2026/04/22;1000 UTC;0;1015,5;1015,5;1015;230,8;20,6;19,8;20,6;19,1;19,8;18,3;95;95;95;337;2,8;1,6;
2026/04/22;1100 UTC;0;1015,9;1016;1015,5;935,9;23,5;19,9;23,8;20,6;20,9;19,8;95;80;80;277;2,8;1,1;
2026/04/22;1200 UTC;0;1016,3;1016,3;1015,9;1694,5;26,9;20,4;26,9;23,5;20,4;19,1;80;68;68;281;2,4;,9;
2026/04/22;1300 UTC;0;1016,1;1016,3;1016,1;2350,4;27,7;18,7;27,8;26,1;19,9;18,2;68;57;58;264;4,1;1,4;
2026/04/22;1400 UTC;0;1015,3;1016,1;1015,3;2758;29,2;17,9;29,5;27,7;19,2;16,5;58;48;51;3;3,5;1,4;
2026/04/22;1500 UTC;0;1014,4;1015,3;1014,4;3000,9;29,3;17,1;30,1;28,4;18,8;17,1;54;48;48;38;3,6;1,6;
2026/04/22;1600 UTC;0;1013,4;1014,4;1013,4;2822,5;30,9;17,1;31,2;28,5;19;16,7;52;42;44;274;3,9;1,1;
2026/04/22;1700 UTC;0;1012,6;1013,4;1012,6;2356;30;17,3;31,2;29,3;18,3;16,5;51;43;46;161;3,8;1;
2026/04/22;1800 UTC;0;1012,3;1012,6;1012,3;1496,2;27,8;17,4;30,8;27,8;18,3;16,5;53;44;53;110;7,7;3,3;
2026/04/22;1900 UTC;0;1012,7;1012,7;1012,3;628,2;27,1;17,5;27,8;26,7;17,8;16,8;58;52;56;97;8,6;3;
2026/04/22;2000 UTC;0;1013,2;1013,2;1012,7;310,5;25,4;18,7;27,3;25,3;18,7;17,3;67;55;67;78;6,7;2,8;
2026/04/22;2100 UTC;0;1014;1014;1013,2;17,8;23,5;19,6;25,4;23,5;19,6;18,6;79;67;79;78;5;2,2;
2026/04/22;2200 UTC;0;1014,9;1014,9;1014;;22,5;19,5;23,6;22,4;19,6;19,2;84;78;83;57;3,6;,9;
2026/04/22;2300 UTC;0;1015,8;1015,8;1014,9;;23,3;19,8;23,4;22,1;20;19,3;85;80;81;114;2,4;,5;
2026/04/23;0000 UTC;0;1016,2;1016,2;1015,8;;22,9;19,6;23,4;22,9;19,9;19,5;82;80;82;192;1,5;,7;
2026/04/23;0100 UTC;0;1016,1;1016,3;1016,1;;22,6;19,7;23;21,8;20,1;19,5;88;82;84;187;2,1;1;
2026/04/23;0200 UTC;0;1016,1;1016,2;1016,1;;21,9;20,1;22,6;21,7;20,2;19,6;90;84;90;245;1,5;1,2;
2026/04/23;0300 UTC;0;1015,8;1016,1;1015,8;;20,6;19,3;21,9;20,5;20;19,2;93;89;93;218;2;1,6;
2026/04/23;0400 UTC;0;1015,4;1015,8;1015,4;;20,5;19,5;20,9;20,4;19,7;19,3;94;93;94;235;2;1,2;
2026/04/23;0500 UTC;0;1015;1015,4;1014,9;;20;19,1;20,7;20;19,8;19,1;95;94;94;252;1,8;1,3;
2026/04/23;0600 UTC;0;1014,8;1015;1014,8;;20,2;19,3;20,4;19,7;19,6;18,7;95;94;95;246;2,2;1,1;
2026/04/23;0700 UTC;0;1014,7;1014,8;1014,6;;20;19,2;20,2;19,8;19,4;18,9;95;95;95;213;1,7;1,2;
2026/04/23;0800 UTC;0;1014,9;1014,9;1014,7;;20;19,2;20,1;19,6;19,3;18,8;95;95;95;237;2,4;1,5;
2026/04/23;0900 UTC;0;1015,4;1015,4;1014,9;;19,5;18,7;20;19,5;19,1;18,7;95;95;95;267;2,2;1,5;
2026/04/23;1000 UTC;0;1016;1016;1015,4;221,5;21;20,2;21;19,2;20,2;18,4;96;95;95;269;2,1;,6;
2026/04/23;1100 UTC;0;1016,5;1016,5;1016;948;23,8;21,1;23,8;21;21,6;20,3;95;84;85;238;2,6;1,5;
2026/04/23;1200 UTC;0;1016,8;1016,8;1016,5;1717,9;25,9;20,3;26,7;23,9;21,5;20,1;85;69;71;292;2,5;1,3;
2026/04/23;1300 UTC;0;1016,8;1017;1016,8;2360,7;27,8;18,4;28,8;25,9;20,7;18,4;71;56;57;323;3,3;1,1;
2026/04/23;1400 UTC;0;1016,2;1016,8;1016,2;2830,3;28,7;18,6;29,3;27,4;19,7;17,7;61;52;54;37;3,9;1,4;
2026/04/23;1500 UTC;0;1015,4;1016,2;1015,4;2787,9;28,2;17,9;30,4;28,2;19,6;17,5;54;49;54;246;4,2;1,8;
2026/04/23;1600 UTC;0;1014,7;1015,4;1014,7;3128,1;30,6;16,6;31,1;28,1;18,5;16,5;54;43;43;241;4,7;1,3;
2026/04/23;1700 UTC;0;1014;1014,7;1014;2657,8;29,9;16,5;31,4;29,8;17,6;15,8;46;41;45;145;4,9;2,5;
2026/04/23;1800 UTC;0;1013,9;1014,1;1013,9;1495,2;28,4;18,5;30,6;28;19,2;17;58;45;55;133;7,4;3,7;
2026/04/23;1900 UTC;0;1014,1;1014,1;1013,9;1307,3;28,2;17,8;28,9;28;19,1;17,7;56;53;53;138;7,3;3,2;
2026/04/23;2000 UTC;0;1014,5;1014,5;1014,1;537,4;26,4;17,4;28,2;26,4;17,7;17;58;52;58;150;7,1;3,8;
2026/04/23;2100 UTC;0;1014,9;1014,9;1014,5;23,3;25,1;18,8;26,4;25;18,8;16,9;68;57;68;140;7,1;2,9;
2026/04/23;2200 UTC;0;1015,8;1015,8;1014,9;;23,6;19,6;25,1;23,6;19,7;18,8;79;68;79;163;5,4;,7;
2026/04/23;2300 UTC;0;1016,4;1016,4;1015,8;;22,3;19,7;23,6;22,3;20,2;19,5;85;79;85;210;3,1;,9;
2026/04/24;0000 UTC;0;1016,9;1016,9;1016,4;;21,9;20,1;22,3;21,9;20,3;19,7;89;85;89;240;2,3;1,4;
2026/04/24;0100 UTC;0;1016,8;1016,9;1016,8;;21,5;20,1;21,9;21,5;20,4;20;92;89;92;246;2,8;1,1;
2026/04/24;0200 UTC;0;1016,9;1016,9;1016,8;;22;20,9;22;21,1;20,9;19,8;93;92;93;232;1,8;,9;
2026/04/24;0300 UTC;0;1016,4;1016,9;1016,4;;21,2;20,2;22,1;21,1;20,9;20;94;92;94;223;2,4;1,7;
2026/04/24;0400 UTC;0;1015,8;1016,4;1015,8;;20,8;19,9;21,4;20,8;20,4;19,7;94;94;94;234;2,4;1,3;
2026/04/24;0500 UTC;0;1015,5;1015,8;1015,5;;20,1;19,2;21,1;20,1;20,2;19,2;95;94;95;309;2,4;1,8;
2026/04/24;0600 UTC;0;1015,4;1015,5;1015,4;;19,9;19,1;20,1;19,7;19,3;18,9;95;95;95;261;3;1,4;
2026/04/24;0700 UTC;0;1015,5;1015,5;1015,3;;19,6;18,8;20,1;19,6;19,3;18,8;95;95;95;292;2,2;1,3;
2026/04/24;0800 UTC;0;1015,5;1015,5;1015,3;;19,5;18,8;19,7;19,2;18,9;18,4;96;95;96;298;2,1;1,1;
2026/04/24;0900 UTC;0;1016;1016;1015,5;;19,5;18,8;19,5;19,3;18,8;18,6;96;96;96;302;1,8;1,3;
2026/04/24;1000 UTC;0;1016,7;1016,7;1016;221,9;20,5;19,8;20,5;19,3;19,8;18,6;96;96;96;309;2,1;1,1;
2026/04/24;1100 UTC;0;1017,1;1017,1;1016,7;944,7;23,4;21,9;23,4;20,5;22;19,8;96;91;91;260;2;1,1;
2026/04/24;1200 UTC;0;1017,4;1017,4;1017,1;1709,1;26,1;19,9;26,1;23,4;22,2;19,6;91;69;69;299;3;1,6;
2026/04/24;1300 UTC;0;1017,1;1017,4;1017,1;2386,3;27,7;19;28,1;26;20,1;18,8;69;58;59;16;3,6;1,6;
2026/04/24;1400 UTC;0;1016,4;1017,1;1016,4;2755;29;18,4;29,5;27,1;19,6;18,4;61;52;53;7;4,5;2,1;
2026/04/24;1500 UTC;0;1015,2;1016,4;1015,2;3283,3;30,6;18,9;30,6;28,2;19,4;18;57;49;50;348;6,3;2,4;
2026/04/24;1600 UTC;0;1014,2;1015,2;1014,2;2962;30,7;17;30,7;28,6;18,9;16,4;53;44;44;59;4,9;1,5;
2026/04/24;1700 UTC;0;1013,5;1014,2;1013,5;1873,8;29,3;16,4;31,6;28,4;17,7;15,4;48;39;46;79;4,9;2,3;
2026/04/24;1800 UTC;0;1013,2;1013,5;1013,2;2162,3;29;15,5;30,1;28,9;16,3;13,8;46;38;44;79;6,5;3,6;
2026/04/24;1900 UTC;0;1013,4;1013,4;1013,1;1401,1;27,8;16,6;29;27,8;16,8;15,2;51;43;51;86;7,6;3,3;
2026/04/24;2000 UTC;0;1013,8;1013,8;1013,4;596,4;25,8;18,6;27,8;25,8;18,6;15,7;65;49;65;82;6,6;3,4;
2026/04/24;2100 UTC;0;1014;1014;1013,8;20,7;23,5;19,2;25,8;23,5;19,2;18,6;77;65;77;75;6,3;2,3;
2026/04/24;2200 UTC;0;1014,6;1014,6;1014;;22,3;19,6;23,5;22,3;19,7;19;85;77;85;69;3,6;1,8;
2026/04/24;2300 UTC;0;1015,2;1015,2;1014,6;;21,7;19,9;22,3;21,7;20;19,5;90;85;90;66;2,9;1,4;
2026/04/25;0000 UTC;0;1015,5;1015,5;1015,2;;20,7;19,5;21,7;20,7;20,2;19,3;93;90;93;295;2,1;1,2;
2026/04/25;0100 UTC;0;1015,3;1015,5;1015,3;;20,9;19,7;21,1;20,7;20;19,5;93;93;93;291;1,5;1,3;
2026/04/25;0200 UTC;0;1014,8;1015,3;1014,8;;20,6;19,7;20,9;20,6;19,8;19,6;94;93;94;264;1,5;1,2;
2026/04/25;0300 UTC;0;1014,2;1014,8;1014,2;;20,2;19,3;20,7;20,2;19,8;19,3;95;94;95;291;1,4;1,3;
2026/04/25;0400 UTC;0;1013,4;1014,2;1013,4;;20,1;19,3;20,4;20,1;19,6;19,2;95;95;95;296;1,6;1,3;
2026/04/25;0500 UTC;0;1012,8;1013,4;1012,8;;19,7;18,9;20,1;19,5;19,3;18,8;95;95;95;294;1,9;1,5;
2026/04/25;0600 UTC;0;1012,6;1012,8;1012,6;;20,1;19,4;20,1;19,3;19,4;18,5;96;95;96;277;1,7;1,1;
2026/04/25;0700 UTC;0;1012,5;1012,6;1012,4;;19,9;19,2;20,1;19,6;19,4;18,9;96;96;96;304;1,8;1,3;
2026/04/25;0800 UTC;0;1012,6;1012,6;1012,5;;20;19,4;20,1;19,7;19,4;19;96;96;96;285;1,9;1,5;
2026/04/25;0900 UTC;0;1012,7;1012,7;1012,6;;19,7;19;20,2;19,7;19,5;19;96;96;96;327;2;1,3;
2026/04/25;1000 UTC;,2;1013,1;1013,1;1012,7;202,4;20,9;20,2;21,4;19,6;20,7;18,9;96;96;96;334;2,1;1,2;
2026/04/25;1100 UTC;0;1013,4;1013,4;1013,1;824,4;23,6;22,6;23,6;20,9;22,6;20,2;96;94;94;6;3,5;2;
2026/04/25;1200 UTC;0;1013,5;1013,5;1013,4;1678,6;26,6;21;26,6;23,6;23,1;20,7;94;71;72;351;5,4;3,3;
2026/04/25;1300 UTC;0;1013,4;1013,7;1013,4;2279,7;28,7;19,9;28,7;26,6;21,1;19,8;72;59;59;345;6,5;3,4;
2026/04/25;1400 UTC;0;1012,2;1013,4;1012,2;2678;29,9;20,2;30,2;28,2;20,6;19,1;60;55;56;6;7,4;3,8;
2026/04/25;1500 UTC;0;1011,1;1012,2;1011,1;2954,8;31,2;19,7;31,5;29,7;20,9;19,2;57;49;51;336;7,2;3,2;
2026/04/25;1600 UTC;0;1010;1011,1;1010;2852,3;31,4;18,8;31,8;30,6;19,9;18,5;51;46;47;294;7,3;3;
2026/04/25;1700 UTC;0;1009;1010;1009;2589,1;32;18,8;33;31,5;19,5;18,1;48;43;46;285;7,3;3,6;
2026/04/25;1800 UTC;0;1008,7;1009;1008,7;2045,6;31,4;18,8;32,1;31,3;19;17,9;47;44;47;301;7,3;3,2;
2026/04/25;1900 UTC;0;1008,9;1008,9;1008,7;1338,1;30,8;18,8;31,9;30,8;19,3;18,3;50;45;49;307;5,8;2,5;
2026/04/25;2000 UTC;0;1009,3;1009,3;1008,9;555,6;26,9;20,5;31,1;26,9;20,8;18,6;68;49;68;55;6,2;2,7;
2026/04/25;2100 UTC;0;1009,5;1009,5;1009,3;23,5;25,3;20,9;26,9;25,1;21;20,3;77;68;77;54;5,4;3;
2026/04/25;2200 UTC;0;1010,1;1010,1;1009,5;;24;20,7;25,3;24;21;20,7;82;77;82;59;5;2,2;
2026/04/25;2300 UTC;0;1010,5;1010,5;1010,1;;22,9;20,5;24;22,9;20,7;20,4;86;82;86;32;3,8;1,5;
2026/04/26;0000 UTC;0;1010,8;1010,8;1010,5;;22,5;20,7;22,9;22,4;20,8;20,5;90;86;90;63;3,4;1,1;
2026/04/26;0100 UTC;0;1010,5;1010,8;1010,5;;22,2;20,5;22,4;22,1;20,7;20,4;90;89;90;51;2,9;1,6;
2026/04/26;0200 UTC;0;1010,3;1010,5;1010,3;;21,5;20,3;22,2;21,5;20,6;20,2;93;90;93;46;2,6;1,6;
2026/04/26;0300 UTC;0;1010;1010,3;1010;;21,4;20,2;21,8;21,3;20,6;20;93;92;93;40;3,3;1,8;
2026/04/26;0400 UTC;0;1009,4;1010;1009,4;;21,4;20,4;21,6;21,3;20,6;20,1;94;93;94;43;2,6;1,4;
2026/04/26;0500 UTC;0;1009,1;1009,4;1009,1;;21,1;20;21,4;21;20,4;20;94;94;94;15;2,7;1,5;
2026/04/26;0600 UTC;0;1009,1;1009,3;1009,1;;21,1;19,9;21,4;21;20,3;19,9;94;93;93;13;3,3;2;
2026/04/26;0700 UTC;0;1009,2;1009,2;1009;;21,5;19,9;21,7;21,1;20,2;19,9;93;91;91;3;4,3;2,3;
2026/04/26;0800 UTC;0;1009,3;1009,3;1009,1;;21,3;19,8;21,5;21,3;20;19,8;92;91;91;352;4,5;2,4;
2026/04/26;0900 UTC;0;1009,8;1009,8;1009,3;;20,9;19,6;21,3;20,9;19,8;19,5;92;91;92;354;3,8;2,1;
2026/04/26;1000 UTC;0;1010,4;1010,4;1009,8;194,2;22,4;20,4;22,4;20,9;20,4;19,5;92;88;88;348;3,9;2,3;
2026/04/26;1100 UTC;0;1010,6;1010,6;1010,4;879,7;25,4;20,9;25,5;22,4;21,2;20,4;88;75;76;352;4,6;2,6;
2026/04/26;1200 UTC;0;1010,9;1011;1010,6;1633,2;28,9;20,9;29;25,4;21,3;20,6;76;62;62;330;6,1;2,8;
2026/04/26;1300 UTC;0;1010,6;1011;1010,6;2265;30,8;19,5;31,3;28,6;21,1;19,4;63;50;51;317;8,1;4,1;
2026/04/26;1400 UTC;0;1009,7;1010,6;1009,7;2676,1;32,3;19,5;32,4;30,6;20;19,1;52;47;47;300;8;3,3;
2026/04/26;1500 UTC;0;1008,7;1009,7;1008,7;2873,9;33,1;19,3;33,4;32;20;18,7;48;43;44;309;7,3;4,1;
2026/04/26;1600 UTC;0;1007,9;1008,7;1007,9;2843,1;33,4;19;33,4;32,5;19,5;18,1;45;41;43;300;9;4,4;
2026/04/26;1700 UTC;0;1007,3;1007,9;1007,3;2537,6;33,5;18,7;33,6;33;19,1;18;43;40;42;305;9,2;4,4;
2026/04/26;1800 UTC;0;1007;1007,3;1007;2019;33,4;18,6;33,7;33,2;19,2;17,9;43;39;42;312;8;3,3;
2026/04/26;1900 UTC;0;1007,5;1007,5;1007;1304,8;32,7;18,6;33,6;32,7;19;18;44;40;43;315;6,5;2,6;
2026/04/26;2000 UTC;0;1008,1;1008,1;1007,5;525,8;30,8;19,5;32,7;30,8;19,6;18,3;51;43;51;328;4,7;1,3;
2026/04/26;2100 UTC;0;1008,7;1008,7;1008,1;20,3;26,1;20,9;30,8;26,1;21,2;19,2;73;51;73;69;5,1;2,7;
2026/04/26;2200 UTC;0;1009,4;1009,4;1008,7;;25;20,1;26,1;24,9;21,1;20,1;75;72;74;56;5,3;2,6;
2026/04/26;2300 UTC;0;1010;1010;1009,4;;24,3;21;25;24;21;20;82;74;82;50;4,5;2,5;
2026/04/27;0000 UTC;0;1010,4;1010,4;1010;;24;22,1;24,3;23,9;22,1;21,1;89;82;89;53;4;1,9;
2026/04/27;0100 UTC;0;1010,2;1010,4;1010,2;;23,2;21,9;24;23,2;22,1;21,9;92;89;92;66;3,5;1,5;
2026/04/27;0200 UTC;0;1010,1;1010,3;1010,1;;23;21,9;23,2;23;22;21,8;94;92;94;74;2,8;1,2;
2026/04/27;0300 UTC;0;1009,9;1010,1;1009,9;;23,1;22,1;23,1;22,8;22,1;21,8;94;94;94;69;3,2;1,6;
2026/04/27;0400 UTC;0;1009,5;1010;1009,5;;22,8;21,9;23,1;22,8;22,1;21,9;95;94;95;74;2,9;,9;
2026/04/27;0500 UTC;0;1009,2;1009,5;1009,2;;22,4;21,5;22,9;22,2;22;21,3;95;95;95;82;2;1,1;
2026/04/27;0600 UTC;0;1009;1009,2;1009;;22,6;21,8;22,6;22,1;21,8;21,3;95;95;95;53;3;1,9;
2026/04/27;0700 UTC;0;1009,2;1009,2;1009;;22;21,2;22,6;22;21,8;21,2;95;95;95;30;3;1,3;
2026/04/27;0800 UTC;0;1009,5;1009,5;1009,2;;21,8;21;22,1;21,7;21,3;20,9;95;95;95;46;2,7;1,5;
2026/04/27;0900 UTC;0;1010;1010;1009,5;;21,9;21,1;22,2;21,7;21,4;21;95;95;95;51;3,5;1,8;
2026/04/27;1000 UTC;0;1010,4;1010,4;1010;209;22,4;21,6;22,5;21,8;21,7;21;95;95;95;20;4,1;2,1;
2026/04/27;1100 UTC;0;1010,8;1010,8;1010,4;893,8;25,5;22,1;25,5;22,4;22,1;21,6;95;82;82;353;5,2;2,8;
2026/04/27;1200 UTC;0;1011,2;1011,2;1010,8;1647,8;29,2;20,9;29,3;25,5;22,2;20,9;82;61;61;336;6,7;3,4;
2026/04/27;1300 UTC;0;1011,1;1011,3;1011,1;2274,5;31,7;20,5;31,9;29,2;21,6;20;62;52;52;343;6,7;3,9;
2026/04/27;1400 UTC;0;1010,3;1011,1;1010,3;2678,4;34;20,6;34;31,5;21,3;19;52;43;46;345;7,4;3,4;
2026/04/27;1500 UTC;0;1009,2;1010,3;1009,2;2877,2;34,4;18,1;34,6;33,4;19,7;17,7;45;37;38;323;6,9;3,5;
2026/04/27;1600 UTC;0;1008,5;1009,2;1008,5;2832;34,2;17,7;35;33,8;19,4;17,5;41;37;38;323;7,5;3,9;
2026/04/27;1700 UTC;0;1007,9;1008,5;1007,8;2528,5;34,7;18,9;35;34;19;17,8;40;38;39;317;8,1;3,8;
2026/04/27;1800 UTC;0;1007,8;1007,9;1007,8;2000,3;33,9;18,1;34,9;33,9;19,4;18,1;41;38;39;307;6,8;3,8;
2026/04/27;1900 UTC;0;1008,2;1008,2;1007,8;1297,5;33,6;19;34,3;33,5;19,2;18,1;43;39;42;319;6,8;2,3;
2026/04/27;2000 UTC;0;1009;1009;1008,2;527,3;28,4;21,2;33,7;28,4;21,4;18,6;65;42;65;59;6,9;2,9;
2026/04/27;2100 UTC;0;1009,6;1009,6;1009;19,9;26,2;21,6;28,4;26,2;21,6;21;76;65;76;68;5,7;2,5;
2026/04/27;2200 UTC;0;1010,3;1010,3;1009,6;;24,9;22;26,2;24,8;22,1;21,5;84;76;84;62;4,1;2;
2026/04/27;2300 UTC;0;1011;1011;1010,3;;24,5;21,6;25,1;24,5;22;21,6;84;83;84;47;4,5;2,3;
2026/04/28;0000 UTC;0;1011,4;1011,4;1011;;24,2;21,8;24,7;24,1;21,8;21,6;87;84;86;89;4,5;1,8;
2026/04/28;0100 UTC;0;1011,6;1011,6;1011,3;;22,8;21,1;24,3;22,7;21,8;21,1;90;86;90;66;3;,5;
2026/04/28;0200 UTC;0;1012;1012,1;1011,5;;22,6;21,3;23,1;22,3;21,6;20,9;93;90;93;226;3,7;2,4;
2026/04/28;0300 UTC;0;1011,8;1012,2;1011,8;;23,6;22;23,8;22,4;22,3;21,1;93;90;90;178;3,7;,9;
2026/04/28;0400 UTC;0;1011,2;1011,8;1011,2;;22,8;21,4;23,6;22,5;22,1;21,2;93;90;92;188;3,6;1,1;
2026/04/28;0500 UTC;0;1011,1;1011,2;1011,1;;23,3;21,6;23,3;22,8;21,6;21,4;92;91;91;200;5,1;2,3;
2026/04/28;0600 UTC;0;1011,1;1011,1;1011;;24;22,5;24;23,3;22,5;21,6;92;90;91;207;6,9;3,2;
2026/04/28;0700 UTC;0;1011,1;1011,2;1011,1;;24;22,9;24;23,7;22,9;22,4;94;91;94;205;6,9;2,9;
2026/04/28;0800 UTC;0;1011,3;1011,3;1011,1;;23,9;22,9;24;23,8;22,9;22,8;94;94;94;188;7,6;2;
2026/04/28;0900 UTC;0;1011,9;1011,9;1011,3;;23,7;22,5;24;23,7;22,9;22,5;94;93;93;205;7,4;2,2;
2026/04/28;1000 UTC;0;1012,7;1012,7;1011,9;174,2;23,9;22,3;23,9;23,5;22,5;22,3;93;91;91;213;5;2,3;
2026/04/28;1100 UTC;0;1013,2;1013,2;1012,7;789,3;25,5;22,7;25,7;23,8;23;22,1;91;84;84;211;5,4;2,7;
2026/04/28;1200 UTC;0;1013,6;1013,6;1013,2;1594,9;27,9;23,5;27,9;25,5;23,6;22,8;85;75;77;216;5,4;2,8;
2026/04/28;1300 UTC;0;1013,8;1013,9;1013,6;2083,2;29,6;23,2;30,1;27,4;24,1;22,8;77;68;69;237;5,4;1,8;
2026/04/28;1400 UTC;0;1013,1;1013,8;1013,1;2327,2;30;22,7;30,7;29,2;23,6;22,1;70;62;65;204;4,6;1,7;
2026/04/28;1500 UTC;0;1012;1013,1;1012;2718,5;31,6;22,7;32;30;22,9;21,3;65;55;60;88;4,3;1,7;
2026/04/28;1600 UTC;0;1011,4;1012;1011,4;2339,1;32,5;21,4;32,8;30,3;22,7;21,2;61;52;52;6;3,9;1,8;
2026/04/28;1700 UTC;0;1010,7;1011,4;1010,7;2070,3;32,2;22,3;32,7;30,9;22,8;21,3;61;52;56;232;4;1,9;
2026/04/28;1800 UTC;0;1010,6;1010,7;1010,5;2193,5;32,3;21,9;32,8;32;22,6;21,3;56;52;54;182;5,1;2,1;
2026/04/28;1900 UTC;0;1011,2;1011,2;1010,6;527;28,7;22,7;32,3;28,7;23;21,6;70;54;70;80;6,6;3,9;
2026/04/28;2000 UTC;0;1011,9;1011,9;1011,2;201,5;27,2;22;28,7;27,2;22,7;22;73;70;73;76;6,5;3,1;
2026/04/28;2100 UTC;0;1012,4;1012,4;1011,9;13,4;25,6;21,6;27,2;25,6;21,9;21,6;78;72;78;73;5,6;2,4;
2026/04/28;2200 UTC;0;1013;1013;1012,4;;24,5;21,8;25,6;24,4;21,9;21,5;85;78;85;66;3,7;1,7;
2026/04/28;2300 UTC;0;1013,2;1013,2;1013;;24,2;22;24,6;24,1;22;21,8;88;85;88;58;3,7;2,2;
2026/04/29;0000 UTC;0;1013,3;1013,3;1013,2;;23,8;22,2;24,2;23,8;22,3;22;91;88;91;66;3,8;1,5;
2026/04/29;0100 UTC;0;1013;1013,3;1012,9;;23,9;22,3;24;23,7;22,4;22,2;91;91;91;60;3,5;1,6;
2026/04/29;0200 UTC;0;1012,9;1013;1012,8;;23,5;22,2;23,9;23,5;22,4;22,2;92;91;92;47;3,4;1,2;
2026/04/29;0300 UTC;0;1012,6;1013;1012,6;;23;21,9;23,5;22,7;22,2;21,5;94;92;94;39;2,1;,8;
2026/04/29;0400 UTC;0;1012,1;1012,6;1012,1;;22,5;21,6;23;22,5;22;21,5;95;94;95;121;1,7;,1;
2026/04/29;0500 UTC;0;1011,7;1012,2;1011,7;;22,4;21,6;22,7;22,3;21,8;21,4;95;95;95;61;2,4;1,5;
2026/04/29;0600 UTC;0;1011,4;1011,7;1011,4;;22,4;21,6;22,6;22,4;21,8;21,5;95;95;95;52;3,8;2,1;
2026/04/29;0700 UTC;0;1011,6;1011,6;1011,4;;22;21,2;22,4;22;21,6;21,2;95;95;95;51;3,8;1,9;
2026/04/29;0800 UTC;0;1011,7;1011,7;1011,3;;21,9;21,1;22;21,8;21,2;21;95;95;95;52;3,3;2,2;
2026/04/29;0900 UTC;0;1012,6;1012,6;1011,7;;21,7;20,9;22;21,7;21,2;20,9;95;95;95;47;3,6;1,9;
2026/04/29;1000 UTC;0;1013,1;1013,1;1012,6;205,1;23,2;22,3;23,2;21,7;22,3;20,9;95;95;95;37;4;1,9;
2026/04/29;1100 UTC;0;1013,8;1013,8;1013,1;904,2;25,7;23;25,7;23,2;23,4;22,4;95;85;85;20;4,5;2,7;
2026/04/29;1200 UTC;0;1014,1;1014,1;1013,8;1653,4;28,7;21,8;28,9;25,7;23,3;21,8;85;66;66;357;6,2;3,4;
2026/04/29;1300 UTC;0;1014;1014,1;1014;2283,3;31;20,6;31;28,7;22,1;20,6;67;54;54;355;6,2;3;
2026/04/29;1400 UTC;,2;1013;1014;1013;2699,8;32,2;19,3;32,5;30,8;20,7;18,6;55;44;47;21;6,9;3,8;
2026/04/29;1500 UTC;0;1011,8;1013;1011,8;2587,1;33,1;18,3;33,4;30,7;20,2;18;51;41;42;29;7,6;4,2;
2026/04/29;1600 UTC;0;1011;1011,9;1010,9;2859,5;31,5;19,5;33,4;31;19,9;17,9;50;40;49;75;9;4,5;
2026/04/29;1700 UTC;0;1010,1;1011;1010,1;2547,3;31;19,7;32;30,8;20,1;18,7;52;47;51;65;9;5,5;
2026/04/29;1800 UTC;0;1009,6;1010;1009,6;1909,7;29,9;20;31,1;29,9;20,5;19,4;56;50;55;68;10,1;5;
2026/04/29;1900 UTC;0;1009,7;1009,7;1009,5;1308,6;28,5;20,3;30,3;28,5;20,6;19,4;61;54;61;60;9,6;4,6;
2026/04/29;2000 UTC;0;1010,1;1010,1;1009,7;525,9;26,9;20,1;28,5;26,9;20,6;20,1;66;61;66;50;9,5;3,7;
2026/04/29;2100 UTC;0;1010,7;1010,7;1010,1;16,8;25,5;20;26,9;25,5;20,1;19,7;72;66;72;54;7,7;3,1;
2026/04/29;2200 UTC;0;1011,4;1011,4;1010,7;;24,5;20,7;25,5;24,5;20,7;20;79;72;79;54;6;2,5;
2026/04/29;2300 UTC;0;1011,9;1011,9;1011,4;;23,7;21,2;24,5;23,7;21,3;20,7;86;79;86;31;4,2;1,2;
2026/04/30;0000 UTC;0;1012;1012;1011,9;;22,9;21,4;23,7;22,9;21,4;21;91;86;91;69;1,9;1;
2026/04/30;0100 UTC;0;1012,2;1012,2;1011,9;;22,6;21,4;23;22,5;21,7;21,2;93;91;93;96;1,6;,6;
2026/04/30;0200 UTC;0;1012,1;1012,3;1012,1;;22,6;21,4;23;22,6;21,9;21,4;93;93;93;72;2,8;2,1;
2026/04/30;0300 UTC;0;1011,6;1012,1;1011,6;;22,1;20,9;22,6;22,1;21,5;20,9;93;93;93;20;3,4;1,1;
2026/04/30;0400 UTC;0;1012;1012,1;1011,5;;21,6;20,7;22,1;21,4;20,9;20,3;94;93;94;238;4;2,1;
2026/04/30;0500 UTC;0;1011,8;1012;1011,8;;21,6;20,7;21,7;21,5;20,8;20,6;95;94;95;223;3;2,2;
2026/04/30;0600 UTC;0;1011,9;1011,9;1011,8;;21,8;20,7;22;21,6;21;20,7;95;93;93;212;3,8;1,9;
2026/04/30;0700 UTC;0;1012,2;1012,3;1011,8;;22,7;21,5;22,7;21,8;21,5;20,6;93;93;93;214;3,7;2,3;
2026/04/30;0800 UTC;0;1012,7;1012,7;1012,1;;23,6;22,2;23,6;22,7;22,2;21,5;93;92;92;218;3,9;2,2;
2026/04/30;0900 UTC;0;1013,3;1013,3;1012,7;;23,2;22;23,6;23,2;22,2;21,8;93;92;93;202;3,9;,7;
2026/04/30;1000 UTC;0;1014;1014;1013,3;168,3;24,2;23;24,2;23,2;23;22;94;93;93;231;3,4;1,7;
2026/04/30;1100 UTC;0;1014,6;1014,6;1014;541,8;25,5;23,5;25,5;24,2;23,6;23;93;89;89;234;3,2;1;
2026/04/30;1200 UTC;0;1015,4;1015,4;1014,6;1288,6;26,4;22,4;27,2;25,5;23,7;22,4;89;77;79;282;2,8;1,2;
2026/04/30;1300 UTC;0;1015,1;1015,4;1015,1;1581,6;27,9;22,4;28,6;26,2;23,3;22;80;71;72;293;3,8;1,4;
2026/04/30;1400 UTC;0;1013,9;1015,1;1013,9;2683,3;30,5;21,6;30,6;27,9;22,8;21,1;73;59;59;35;4,4;2,1;
2026/04/30;1500 UTC;0;1012,6;1013,9;1012,6;2847;32;21,2;32,2;29,9;21,8;20,2;61;52;53;12;5,3;3;
2026/04/30;1600 UTC;0;1011,6;1012,6;1011,6;2668,2;32,2;20,2;32,5;31;21,6;20,2;55;49;49;349;5,3;2,2;
2026/04/30;1700 UTC;0;1011,1;1011,6;1011,1;1967,7;32,6;19,8;33,4;31;20,8;18,5;52;43;47;334;4,5;1,7;
2026/04/30;1800 UTC;0;1010,8;1011,1;1010,8;1013,9;31,5;19,4;32,9;30,6;21,3;17,2;56;41;49;175;4,2;,5;
2026/04/30;1900 UTC;0;1011,1;1011,1;1010,7;778,5;30,1;22,1;32,2;29,8;22,1;18,4;63;44;62;55;3,1;1,4;
2026/04/30;2000 UTC;0;1011,8;1011,8;1011,1;410,1;28,1;21,1;30,1;28,1;22,2;20,7;66;61;66;118;7,4;3,4;
2026/04/30;2100 UTC;0;1012,7;1012,7;1011,7;14,8;26,2;22;28,1;26,2;22;21,1;77;66;77;99;6,9;1,9;
2026/04/30;2200 UTC;0;1013,9;1013,9;1012,7;;25,2;22,6;26,2;25,2;22,8;21,9;86;77;85;272;3,9;,6;
2026/04/30;2300 UTC;0;1014,6;1014,6;1013,9;;25,3;22,3;25,5;25,2;22,6;22,3;85;82;83;178;4,1;1,4;
2026/05/01;0000 UTC;0;1015,3;1015,3;1014,6;;24;22,1;25,3;24;22,3;22,1;89;83;89;217;4,7;1,4;
2026/05/01;0100 UTC;0;1015,4;1015,4;1015,3;;23,9;22,3;24;23,7;22,5;22,1;91;89;91;215;4,5;2;
2026/05/01;0200 UTC;0;1015,6;1015,6;1015,4;;23,6;21,8;24;23,6;22,4;21,8;91;89;90;217;4,4;1,5;
2026/05/01;0300 UTC;0;1015,4;1015,6;1015,4;;23,6;22,1;23,9;23,5;22,2;21,9;91;90;91;202;4,3;1,7;
2026/05/01;0400 UTC;0;1015;1015,4;1015;;22,9;21,6;23,6;22,9;22,1;21,6;92;91;92;210;4;1,7;
2026/05/01;0500 UTC;0;1014,9;1015;1014,9;;22,8;21,7;23,1;22,6;21,9;21,4;93;92;93;144;3,4;,7;
2026/05/01;0600 UTC;0;1014,7;1014,9;1014,7;;22,8;21,8;23;22,7;21,9;21,6;94;93;94;224;1,7;,8;
2026/05/01;0700 UTC;0;1014,7;1014,7;1014,6;;22,1;21,2;22,9;22;21,9;21;94;94;94;205;1,7;,8;
2026/05/01;0800 UTC;0;1014,8;1014,8;1014,6;;21,2;20,3;22,4;21,2;21,6;20,3;95;94;95;288;2,1;1,6;
2026/05/01;0900 UTC;0;1015,6;1015,6;1014,8;;21,5;20,7;21,9;21,1;21,1;20,3;95;95;95;263;2,1;,7;
2026/05/01;1000 UTC;0;1016,4;1016,4;1015,6;168,5;22,1;21,3;22,6;21,2;21,8;20,4;95;95;95;333;1,5;,9;
2026/05/01;1100 UTC;0;1017;1017;1016,4;856,1;24,8;23,9;24,9;22,1;24;21,5;95;94;94;298;2;1,2;
2026/05/01;1200 UTC;0;1017,5;1017,5;1017;1583,7;27;21,5;27,6;24,8;24,4;21,5;94;71;72;354;2,4;1,1;
2026/05/01;1300 UTC;0;1017,5;1017,7;1017,5;2380,6;28,8;20,5;29,1;27;22,7;20;75;60;61;28;3,8;1,6;
2026/05/01;1400 UTC;0;1016,8;1017,5;1016,8;2813;30,5;19,4;31;28,8;21,1;18,9;61;51;52;324;4,1;2,5;
2026/05/01;1500 UTC;0;1015,9;1016,8;1015,9;2664,5;29,5;17,9;31,9;29,5;19,9;17,6;54;44;50;96;5;1,8;
2026/05/01;1600 UTC;0;1015,1;1015,9;1015,1;2399,4;31,3;17,2;31,3;29,5;18,8;16,7;50;42;43;101;4,2;1,6;
2026/05/01;1700 UTC;0;1014,4;1015,1;1014,4;2703,2;30,9;17,9;32,8;30,9;18,7;16,6;47;39;46;79;6,3;3,1;
2026/05/01;1800 UTC;0;1013,8;1014,4;1013,8;1906,2;30,2;16,9;31,1;30,2;18,2;16,8;47;43;45;67;6,5;3,2;
2026/05/01;1900 UTC;0;1014,1;1014,1;1013,7;1290,8;29;16,7;30,3;29;17,5;16,6;50;44;47;82;6,5;3,8;
2026/05/01;2000 UTC;0;1014,5;1014,5;1014,1;501,6;27;19,9;29;27;19,9;16,8;65;47;65;78;6,5;3,4;
2026/05/01;2100 UTC;0;1015,1;1015,1;1014,5;14,1;25,4;21,3;27;25,3;21,3;19,9;78;65;78;89;6,2;2,6;
2026/05/01;2200 UTC;0;1015,5;1015,5;1015,1;;24;21,5;25,5;24;21,5;21,2;86;78;86;72;5,1;2,2;
2026/05/01;2300 UTC;0;1016,2;1016,2;1015,5;;23;21,3;24;23;21,7;21,3;90;86;90;69;3,5;1,1;
2026/05/02;0000 UTC;0;1016,6;1016,6;1016,2;;22,4;21,3;23;22,3;21,5;20,8;93;90;93;308;1,6;,8;
2026/05/02;0100 UTC;0;1016,8;1016,8;1016,6;;22,5;21,5;22,6;22,1;21,6;20,9;94;93;94;312;1,7;,8;
2026/05/02;0200 UTC;0;1016,5;1016,8;1016,5;;22,3;21,4;22,5;22,1;21,4;21,1;94;94;94;278;1,6;,8;
2026/05/02;0300 UTC;0;1016;1016,5;1016;;22,2;21,3;22,6;22,1;21,7;21,2;95;94;95;321;2;,9;
2026/05/02;0400 UTC;0;1015,2;1016;1015,2;;21,8;20,9;22,3;21,7;21,4;20,8;95;95;95;291;1,7;1;
2026/05/02;0500 UTC;0;1014,2;1015,2;1014,2;;22,5;21,6;22,5;21,8;21,6;20,9;95;95;95;348;2,1;1,1;
2026/05/02;0600 UTC;0;1013,8;1014,2;1013,8;;22,6;21,7;22,8;22,5;22;21,6;95;95;95;9;2,6;1;
2026/05/02;0700 UTC;0;1013,7;1013,9;1013,6;;22;21,2;22,6;22;21,8;21,2;95;95;95;9;1,8;,9;
2026/05/02;0800 UTC;0;1013,8;1013,8;1013,6;;21,6;20,9;22,3;21,6;21,5;20,9;95;95;95;18;2,6;1,5;
2026/05/02;0900 UTC;0;1014;1014;1013,8;;20,7;19,9;21,6;20,7;20,9;19,9;96;95;95;39;2,4;1,8;
2026/05/02;1000 UTC;0;1014,6;1014,6;1014;195,2;22,3;21,5;22,3;20,5;21,5;19,8;96;95;95;16;2,9;1,9;
2026/05/02;1100 UTC;0;1015;1015;1014,6;875,5;24,1;22,3;24,2;22,3;22,8;21,5;95;89;89;348;5,2;3,1;
2026/05/02;1200 UTC;0;1015,2;1015,3;1014,9;1570,7;26,5;22;26,5;24,2;22,9;21,7;90;76;76;344;6,2;3,4;
2026/05/02;1300 UTC;0;1015,1;1015,5;1015,1;2134,9;28,8;20,9;28,8;26,5;22,1;20,9;76;63;63;340;6,3;3,4;
2026/05/02;1400 UTC;0;1014;1015,1;1014;2651,3;29,9;19,4;30,7;28,7;21,2;19,3;64;52;53;336;6,3;2,7;
2026/05/02;1500 UTC;,2;1013;1014;1013;2749,1;31;19,2;31,7;29,9;20,1;18,5;55;47;49;310;6,8;3,3;
2026/05/02;1600 UTC;0;1011,7;1013;1011,7;2742,1;32;17;32,8;31,1;19,9;16,8;50;39;41;332;7,4;3,9;
2026/05/02;1700 UTC;0;1011,3;1011,7;1011,2;2458,5;32,9;17,3;33,1;31,6;18;16,2;42;38;39;294;7,5;3;
2026/05/02;1800 UTC;0;1011,5;1011,5;1011,3;2008,2;32;17,1;33;31,9;18;16,2;42;38;41;295;8,3;4,1;
2026/05/02;1900 UTC;0;1011,7;1011,7;1011,4;1236,2;31,3;17,5;32,2;31,3;17,7;16,8;44;40;44;306;8,3;2,7;
2026/05/02;2000 UTC;0;1012,1;1012,1;1011,7;426,5;28,7;18,8;31,3;28,7;18,9;17,3;55;44;55;323;4,6;1,7;
2026/05/02;2100 UTC;0;1012,6;1012,6;1012,1;14,7;25,7;20,7;28,7;25,7;20,7;18,9;74;55;74;67;4,1;2;
2026/05/02;2200 UTC;0;1012,9;1012,9;1012,6;;24,8;21,1;25,7;24,8;21,3;20,8;80;74;80;51;4,7;2,7;
2026/05/02;2300 UTC;0;1013,5;1013,5;1012,9;;24,3;21;24,8;24,3;21,2;21;82;80;82;56;4,7;1,8;
2026/05/03;0000 UTC;0;1013,9;1013,9;1013,5;;23,5;21,2;24,3;23,5;21,3;21;87;82;87;73;3,4;1,3;
2026/05/03;0100 UTC;0;1014;1014;1013,9;;23,3;21;23,9;23,2;21,6;20,9;88;86;87;137;2,8;1,2;
2026/05/03;0200 UTC;0;1013,8;1014;1013,8;;22,5;21;23,7;22,5;21,5;20,7;91;87;91;275;2,2;1,1;
2026/05/03;0300 UTC;0;1013,3;1013,9;1013,3;;22;20,6;23;21,8;21,6;20,3;93;91;92;214;1,6;,9;
2026/05/03;0400 UTC;0;1012,9;1013,3;1012,8;;22,6;20,7;23,4;21,9;21,7;20,5;93;88;89;217;2;,4;
2026/05/03;0500 UTC;0;1013;1013,1;1012,7;;21,6;20,4;22,6;21,4;20,9;20,2;93;89;93;224;3,6;2,1;
2026/05/03;0600 UTC;0;1012,7;1013;1012,6;;22,3;20,8;22,4;21,2;21;20;94;91;91;172;2,9;,7;
2026/05/03;0700 UTC;0;1012,8;1012,9;1012,7;;22,6;20,5;22,7;22,1;20,9;20,2;91;88;88;200;3,2;1,1;
2026/05/03;0800 UTC;0;1013;1013;1012,8;;22,9;20,9;23;22,5;21;20,4;89;88;89;186;3,9;1,1;
2026/05/03;0900 UTC;0;1013,5;1013,5;1013;;22;20,2;22,9;21,9;21;20;90;88;90;237;3,8;1,3;
2026/05/03;1000 UTC;0;1014,3;1014,3;1013,5;36,3;22,6;20,6;22,6;21,9;20,6;20,2;90;89;89;218;4,5;2,7;
2026/05/03;1100 UTC;0;1014,9;1014,9;1014,3;112,1;23,3;20,6;23,3;22,6;20,6;20,4;89;84;85;211;4,9;2,4;
2026/05/03;1200 UTC;0;1015,5;1015,5;1014,9;439,6;24,9;20,7;24,9;23,3;20,7;20,4;85;78;78;232;7;3,6;
2026/05/03;1300 UTC;0;1016;1016,1;1015,4;1145,5;27,8;20,8;27,8;24,9;21;20,5;78;66;66;222;8;4,2;
2026/05/03;1400 UTC;0;1016;1016,1;1015,9;1183,4;26,7;19,9;28,4;26;20,9;19,4;70;63;66;199;12,2;5,1;
2026/05/03;1500 UTC;0;1015,6;1016;1015,6;1515,2;26,7;19,9;27,3;26,5;20,6;19,5;68;64;66;194;12,2;4,6;
2026/05/03;1600 UTC;,4;1015,3;1015,8;1015,3;2200,2;26;21,1;26,9;23,7;22,3;20,1;88;66;75;206;11,6;4,1;
2026/05/03;1700 UTC;0;1015,2;1015,3;1015,1;1520,3;26,1;20,6;26,6;25;21,5;20,4;77;71;72;213;10,5;4,9;
2026/05/03;1800 UTC;0;1015,5;1015,5;1015,1;861,4;22,8;20,6;26,1;22,8;20,6;19,8;87;71;87;194;11,5;3,4;
2026/05/03;1900 UTC;0;1015,5;1015,5;1015,4;483,4;23,3;21;23,9;22,8;21,4;20,4;89;82;87;210;9,1;2,9;
2026/05/03;2000 UTC;0;1016;1016;1015,5;88,5;22,6;20,3;23,4;21,8;21;19,5;87;84;87;212;11,4;4;
2026/05/03;2100 UTC;0;1016,4;1016,4;1016;2,5;22,1;19,9;22,6;22,1;20,3;19,9;89;87;87;220;7,9;4,7;
2026/05/03;2200 UTC;0;1017,1;1017,1;1016,4;;21,8;19,4;22,1;21,8;19,9;19,4;87;86;86;216;9,9;3,5;
2026/05/03;2300 UTC;0;1017,8;1017,8;1017,1;;21,2;19,1;22;21,1;19,3;19;89;84;88;225;8,9;5;
2026/05/04;0000 UTC;0;1018,4;1018,4;1017,8;;21,1;18,7;21,2;21;19,1;18,7;88;86;86;219;9,2;3,6;
2026/05/04;0100 UTC;0;1018,4;1018,4;1018,3;;21,4;18,3;21,4;21,1;18,7;18,3;86;83;83;217;6,4;3,8;
2026/05/04;0200 UTC;0;1018,3;1018,5;1018,3;;21,4;17,9;21,5;21,3;18,3;17,9;83;80;81;219;6,1;3,5;
2026/05/04;0300 UTC;0;1018;1018,4;1018;;21,7;17,6;21,7;21,4;17,9;17,6;81;78;78;221;7,3;3,9;
2026/05/04;0400 UTC;0;1017,7;1018,1;1017,7;;21,6;17,4;21,7;21,6;17,6;17,3;78;76;77;221;6,6;3,7;
2026/05/04;0500 UTC;0;1017,5;1017,7;1017,5;;20,3;17,8;21,9;20,3;17,8;17,1;86;75;86;211;8,2;2,7;
2026/05/04;0600 UTC;0;1017,6;1017,7;1017,5;;21;17,9;21,2;20,2;18,2;17,9;88;81;82;162;5,4;1,4;
2026/05/04;0700 UTC;0;1017,7;1017,7;1017,5;;19,9;17,6;21;19,9;17,9;17,4;87;81;87;225;6,3;2,5;
2026/05/04;0800 UTC;0;1017,9;1017,9;1017,7;;19,7;18;19,9;19,6;18;17,7;90;87;90;226;5,8;2,4;
2026/05/04;0900 UTC;0;1018,6;1018,6;1017,9;;20;17,9;20;19,7;18,1;17,9;90;87;87;247;4,3;1,7;
2026/05/04;1000 UTC;0;1018,9;1018,9;1018,6;82,9;19,9;18,1;20;19,8;18,1;17,6;89;87;89;243;3,8;1,6;
2026/05/04;1100 UTC;0;1019,5;1019,5;1018,9;743,4;22,5;18,5;22,5;19,9;18,9;18,1;89;78;78;219;3,5;2,2;
2026/05/04;1200 UTC;0;1020,1;1020,1;1019,5;1200,3;24;17,9;24,1;22,4;18,9;17,5;79;67;69;212;5;2,2;
2026/05/04;1300 UTC;0;1020,2;1020,3;1020,1;2072,9;26,1;16,6;26,3;23,9;18,4;15,6;69;53;56;211;5,1;1,8;
2026/05/04;1400 UTC;0;1019,6;1020,2;1019,6;2615,9;27;15,1;27,4;25,6;16,5;13,8;56;45;48;221;5,3;2,4;
2026/05/04;1500 UTC;0;1018,6;1019,6;1018,6;2197,5;26,1;15,5;27,5;25,8;16,2;14,7;53;47;52;165;5,3;2;
2026/05/04;1600 UTC;0;1018,2;1018,6;1018,2;1401,5;26,4;15;27,2;26,1;16,7;14,8;55;49;50;114;5;1,8;
2026/05/04;1700 UTC;0;1017,4;1018,2;1017,4;807,7;25,9;15,8;26,6;25,7;16,5;15;56;49;54;103;4,7;1,8;
2026/05/04;1800 UTC;0;1017,2;1017,4;1017,2;710,2;25,6;16,3;26;25,5;16,8;15,9;58;54;56;64;4,7;2,7;
2026/05/04;1900 UTC;0;1017,5;1017,5;1017,2;447,4;24,9;15,9;25,6;24,9;16,4;15,5;59;55;57;62;5,7;2;
2026/05/04;2000 UTC;0;1017,9;1017,9;1017,5;100,4;23,9;16,7;24,9;23,9;16,7;15,7;64;57;64;79;5,7;2,9;
2026/05/04;2100 UTC;0;1018,5;1018,5;1017,9;1,6;23,5;17;23,9;23,5;17,1;16,7;67;64;67;85;5,7;2,1;
2026/05/04;2200 UTC;0;1019,1;1019,1;1018,5;;23,7;16,3;23,8;23,5;17;16,2;67;63;63;95;3,8;2,1;
2026/05/04;2300 UTC;0;1019,7;1019,7;1019,1;;22,4;17;23,7;22,4;17;16,3;72;63;72;12;4,2;,9;
2026/05/05;0000 UTC;0;1020;1020;1019,7;;22,1;17,4;22,4;21,9;17,9;17,1;78;72;74;69;1,4;,5;
2026/05/05;0100 UTC;0;1019,9;1020,1;1019,9;;21,9;17,5;22,4;21,9;17,6;16,7;76;71;76;68;,8;,4;
2026/05/05;0200 UTC;0;1019,8;1019,9;1019,8;;22,1;17,7;22,8;21,6;17,7;16,6;78;69;76;297;,9;,8;
2026/05/05;0300 UTC;0;1019,9;1020;1019,8;;21,1;18,6;22,1;21,1;18,6;17,6;85;76;85;268;1,8;1,1;
2026/05/05;0400 UTC;0;1019,4;1019,9;1019,4;;21;18,3;21,4;20,9;18,8;18,2;87;85;85;225;1,6;1,2;
2026/05/05;0500 UTC;0;1018,9;1019,4;1018,9;;20,6;18,4;21;20,6;18,4;18;87;84;87;300;1,5;1,1;
2026/05/05;0600 UTC;0;1018,6;1018,9;1018,6;;19,8;18,5;20,6;19,2;18,6;17,7;92;87;92;296;1,6;,9;
2026/05/05;0700 UTC;0;1018,4;1018,6;1018,4;;19,5;18,3;19,8;19,2;18,6;18,1;93;92;93;306;1,8;1,3;
2026/05/05;0800 UTC;0;1018,5;1018,5;1018,3;;18,6;17,6;19,5;18,6;18,3;17,6;94;93;94;313;1,9;1,3;
2026/05/05;0900 UTC;0;1018,8;1018,8;1018,4;;18,5;17,6;18,7;18,5;17,8;17,5;95;94;95;343;2,3;1,4;
2026/05/05;1000 UTC;0;1019,3;1019,3;1018,7;172,6;19,9;18,9;20;18,5;19;17,6;95;93;93;335;2,1;,9;
2026/05/05;1100 UTC;0;1019,4;1019,4;1019,1;834,8;23,5;18,7;23,5;19,9;19,2;18,4;93;75;75;341;3,8;2,3;
2026/05/05;1200 UTC;0;1020;1020;1019,4;1573;26,2;17,7;26,2;23,5;18,6;17,3;75;60;60;324;4,3;2,6;
2026/05/05;1300 UTC;0;1020;1020,2;1020;2181,8;27,9;17,8;28,3;26,1;18,2;17,2;60;53;54;23;5,3;3,3;
2026/05/05;1400 UTC;0;1019,3;1020;1019,3;2595,4;29,3;17,5;29,4;27,9;18;16,7;54;48;49;17;6,6;2,8;
2026/05/05;1500 UTC;0;1018,6;1019,3;1018,5;2833;29,9;17,6;30,4;28,8;18;16,7;50;45;48;36;6;2,6;
2026/05/05;1600 UTC;0;1017,7;1018,6;1017,7;2992,4;29,4;17,9;30,8;29,1;19;16,9;52;44;50;67;6,5;3,8;
2026/05/05;1700 UTC;0;1017,1;1017,7;1017,1;2451,6;28,9;17,7;29,7;28,6;18,3;16,8;51;48;51;79;7;3,5;
2026/05/05;1800 UTC;0;1016,9;1017,1;1016,8;1919,6;28,2;17,1;29,2;27,8;17,7;16,6;53;48;51;68;7,9;4,2;
2026/05/05;1900 UTC;0;1017,1;1017,1;1016,9;1215,8;27,1;16,4;28,2;27,1;17,6;16,4;55;51;52;70;7,3;4;
2026/05/05;2000 UTC;0;1017,5;1017,5;1017,1;453,8;25,3;17,6;27,1;25,3;17,6;16,3;62;52;62;75;6,8;3,2;
2026/05/05;2100 UTC;0;1018;1018;1017,5;10;23,5;18,7;25,3;23,5;18,7;17,3;75;62;75;80;5,4;2,3;
2026/05/05;2200 UTC;0;1018,4;1018,4;1018;;21,9;19,2;23,5;21,9;19,2;18,6;85;75;85;72;3,6;1,4;
2026/05/05;2300 UTC;0;1019,2;1019,2;1018,4;;21,1;19,2;22;21,1;19,5;19;88;85;88;9;2,4;,2;
2026/05/06;0000 UTC;0;1019,4;1019,5;1019,2;;20,8;19,1;21,5;20,7;19,5;18,9;91;88;90;279;1,6;1,3;
2026/05/06;0100 UTC;0;1019,5;1019,5;1019,4;;20,7;19,5;21,1;20,7;19,8;19,1;93;90;93;277;1,6;,7;
2026/05/06;0200 UTC;0;1019,4;1019,5;1019,3;;20,1;19,1;20,7;19,8;19,5;18,7;94;93;94;262;1,4;1,2;
2026/05/06;0300 UTC;0;1019,1;1019,4;1019,1;;20;19,1;20,4;19,9;19,6;18,9;95;94;95;240;1,9;1,1;
2026/05/06;0400 UTC;0;1018,6;1019,1;1018,6;;19,6;18,8;20,2;19,4;19,3;18,6;95;95;95;271;1,4;,7;
2026/05/06;0500 UTC;0;1018,3;1018,6;1018,3;;19,3;18,5;19,8;19,1;19;18,3;95;95;95;262;1,8;1,6;
2026/05/06;0600 UTC;0;1018;1018,3;1018;;19,4;18,6;19,5;19;18,7;18,2;95;95;95;273;1,8;1,5;
2026/05/06;0700 UTC;0;1017,4;1018;1017,4;;18,5;17,7;19,5;18,5;18,8;17,7;96;95;95;312;1,8;,9;
2026/05/06;0800 UTC;0;1017,4;1017,5;1017,4;;18,9;18,2;19,1;18,4;18,4;17,7;96;95;96;301;1,8;1,6;
2026/05/06;0900 UTC;0;1017,8;1017,8;1017,4;;18,6;17,9;18,9;18,4;18,3;17,7;96;96;96;311;1,8;,8;
2026/05/06;1000 UTC;0;1018,4;1018,4;1017,8;164,8;19,6;19;19,6;18,5;19;17,8;96;96;96;264;1,9;1,1;
2026/05/06;1100 UTC;0;1019,1;1019,1;1018,4;565,6;22,3;21,6;22,3;19,4;21,6;18,7;96;96;96;240;2,1;1;
2026/05/06;1200 UTC;0;1019,3;1019,4;1018,9;1419,2;25,9;21,6;25,9;22,2;22,2;21,1;96;77;77;278;3;1,4;
2026/05/06;1300 UTC;0;1019,5;1019,6;1019,3;1702,5;26,7;21,4;27,5;25,5;22,1;20,8;77;69;73;82;3,4;1,2;
2026/05/06;1400 UTC;,2;1018,8;1019,5;1018,8;891,7;25,8;21,8;27,6;25,8;21,9;21,1;79;69;79;306;3,6;1,6;
2026/05/06;1500 UTC;,2;1017,6;1018,8;1017,6;1948,3;28,9;22,7;28,9;25,7;24;21,6;82;69;69;330;2,7;,8;
2026/05/06;1600 UTC;,8;1016,9;1017,6;1016,8;1139,1;26,1;22;29,1;26,1;22,9;21,6;78;68;78;114;4,8;2,4;
2026/05/06;1700 UTC;1,2;1016,1;1016,9;1016,1;1167,6;28;22,3;28;25,8;23,7;22;84;71;71;84;5,7;3,4;
2026/05/06;1800 UTC;0;1015,6;1016,2;1015,6;439,6;27,1;22,2;28;26,8;22,6;21,5;76;71;74;77;6,5;2,9;
2026/05/06;1900 UTC;0;1015,5;1015,7;1015,5;648,1;27,4;22,1;27,9;26,7;22,2;21,3;75;70;73;89;7,1;2,7;
2026/05/06;2000 UTC;0;1016,3;1016,3;1015,5;473,4;26,2;21,8;27,5;26,2;22,1;21,6;77;72;77;80;5,7;3,1;
2026/05/06;2100 UTC;0;1016,4;1016,4;1016,2;9;24,5;21,9;26,2;24,4;21,9;21,5;86;77;86;74;6,1;2,2;
2026/05/06;2200 UTC;0;1016,9;1016,9;1016,4;;22,7;21,3;24,4;22,7;21,8;21,2;91;86;91;37;3,5;2,1;
2026/05/06;2300 UTC;0;1017,1;1017,2;1016,9;;22,7;21,3;23,2;22,7;21,8;21,3;92;91;92;23;3,2;1,5;
2026/05/07;0000 UTC;0;1017,3;1017,4;1017,1;;22,6;21,6;22,7;22;21,6;20,8;94;92;94;153;2,5;1,2;
2026/05/07;0100 UTC;0;1017,4;1017,4;1017,2;;23,2;22,1;23,2;22,6;22,1;21,6;94;94;94;193;2;,7;
2026/05/07;0200 UTC;0;1017,4;1017,4;1017,3;;22,4;21,5;23,2;22,4;22,1;21,4;94;93;94;272;2;1,2;
2026/05/07;0300 UTC;0;1016,7;1017,4;1016,6;;22,6;21,6;22,6;22,4;21,7;21,4;95;94;95;227;2,4;1,1;
2026/05/07;0400 UTC;,4;1016,2;1016,7;1016,2;;23;22,1;23;22,6;22,1;21,7;95;95;95;229;2,4;1,2;
2026/05/07;0500 UTC;1,6;1015,7;1016,2;1015,7;;22,9;22,1;23;22,8;22,1;21,9;95;95;95;217;2,6;,7;
2026/05/07;0600 UTC;0;1015;1015,6;1014,9;;22,7;21,8;23;22,7;22,1;21,8;95;95;95;236;1,8;1,1;
2026/05/07;0700 UTC;0;1014,8;1015;1014,6;;22,2;21,4;22,8;22,2;21,9;21,4;95;95;95;221;1,8;1;
2026/05/07;0800 UTC;0;1015;1015;1014,7;;22,7;21,9;22,8;22,1;22;21,3;95;95;95;230;1,6;,5;
2026/05/07;0900 UTC;0;1015,4;1015,4;1015;;22,3;21,5;22,8;22,3;22;21,5;95;95;95;342;2,3;,8;
2026/05/07;1000 UTC;0;1015,6;1015,6;1015,4;116,6;22,8;22,1;22,9;22;22,1;21,3;95;95;95;85;1,6;,8;
2026/05/07;1100 UTC;0;1016;1016,1;1015,6;428,2;23,7;22,9;23,7;22,8;22,9;22,1;95;95;95;4;2,1;1;
2026/05/07;1200 UTC;0;1016,9;1016,9;1015,9;1249,7;26,4;24,3;26,4;23,5;24,8;22,7;95;88;88;22;4,2;2,1;
2026/05/07;1300 UTC;0;1016,8;1017,2;1016,8;1782,6;27,5;22,6;28;25,4;24,3;21,9;88;73;75;48;4,6;2,5;
2026/05/07;1400 UTC;0;1015,4;1016,8;1015,4;2240,3;29,5;22,1;29,8;26,9;23,3;21,8;77;63;64;32;7,4;4,1;
2026/05/07;1500 UTC;0;1014,3;1015,4;1014,3;2543,3;29,8;20,9;31,3;28,9;22,6;20,5;65;56;59;27;8,9;4,4;
2026/05/07;1600 UTC;0;1012,9;1014,3;1012,9;2131,7;29,9;20,5;31,1;29,2;21,6;20;60;54;57;40;8,9;3,8;
2026/05/07;1700 UTC;0;1012,2;1012,9;1012,2;1704,3;29,4;20,6;31,2;28,4;21,4;20,3;64;55;59;60;11,3;5,6;
2026/05/07;1800 UTC;0;1012;1012,2;1011,9;1892,9;28,2;20,5;29,4;28,2;21,2;20,4;64;59;63;66;11,8;5,9;
2026/05/07;1900 UTC;0;1011,8;1012;1011,8;1198,6;27,9;20;28,9;27,9;20,9;19,8;64;61;62;57;12,3;5;
2026/05/07;2000 UTC;0;1011,9;1012;1011,8;447,2;26,7;19,5;28;26,7;19,9;19,4;65;61;65;53;10,7;4,8;
2026/05/07;2100 UTC;0;1012,2;1012,2;1011,9;7,9;25,2;20,8;26,7;25,2;20,8;19,4;77;65;77;64;9;4,1;
2026/05/07;2200 UTC;0;1012,8;1012,8;1012,2;;24,7;21,9;25,2;24,6;21,9;20,8;85;77;84;63;8,4;4;
2026/05/07;2300 UTC;0;1013,6;1013,6;1012,8;;24,8;21,8;24,8;24,6;21,9;21,8;85;84;84;57;8,2;3,9;
2026/05/08;0000 UTC;0;1013,9;1013,9;1013,6;;24,8;22,3;24,9;24,7;22,3;21,9;86;84;86;49;7,7;3,7;
2026/05/08;0100 UTC;0;1013,9;1014;1013,8;;24,2;21,6;24,8;24,2;22,3;21,6;86;85;86;49;7,3;3,3;
2026/05/08;0200 UTC;0;1013,9;1014;1013,8;;23,5;21,3;24,2;23,5;21,7;21,3;88;86;88;48;6,7;2,3;
2026/05/08;0300 UTC;0;1013,7;1014;1013,7;;22,7;20,9;23,5;22,7;21,3;20,8;89;88;89;41;4,5;2,1;
2026/05/08;0400 UTC;0;1013,6;1013,7;1013,5;;22,1;20,5;22,9;22,1;21;20,5;90;89;90;333;4,9;1,3;
2026/05/08;0500 UTC;0;1013,3;1013,6;1013,1;;21,1;20;22,1;21,1;20,4;19,9;94;90;94;298;2,6;1,5;
2026/05/08;0600 UTC;0;1013,2;1013,3;1013,2;;20,8;19,8;21,1;20,7;20,1;19,7;94;93;94;29;3;1,3;
2026/05/08;0700 UTC;0;1013,2;1013,3;1013,1;;20,5;19,6;20,8;20,3;19,8;19,3;95;94;95;4;2,4;1,5;
2026/05/08;0800 UTC;0;1013,4;1013,4;1013,1;;20,3;19,4;20,5;20;19,6;19,2;95;94;95;40;2,5;1,4;
2026/05/08;0900 UTC;0;1014;1014;1013,4;;20,2;19,3;20,4;20;19,6;19,1;95;95;95;29;3,4;1,9;
2026/05/08;1000 UTC;0;1014,9;1014,9;1014;191,1;22,4;21;22,4;20,1;21,1;19,3;95;92;92;25;3,8;2;
2026/05/08;1100 UTC;0;1015,4;1015,4;1014,9;873,5;24,7;20,9;24,7;22,4;21,3;20,5;92;78;79;28;4,8;2,7;
2026/05/08;1200 UTC;0;1015,5;1015,6;1015,4;1543,4;27,7;19,7;27,7;24,7;21;19,7;79;62;62;25;7,2;4,4;
2026/05/08;1300 UTC;0;1014,8;1015,5;1014,7;2195,1;30,4;18,7;30,6;27,7;20,2;18,7;62;50;50;345;7,2;3,2;
2026/05/08;1400 UTC;0;1013,8;1014,8;1013,8;2616,4;31,8;18,7;32;30;19,4;17,7;52;44;46;12;7,3;3,4;
2026/05/08;1500 UTC;0;1012,8;1013,8;1012,8;2741,8;32,4;17,8;32,9;31,1;18,8;17,3;46;41;42;34;9,3;4,7;
2026/05/08;1600 UTC;0;1011,5;1012,8;1011,5;2674;29,8;19,2;33,1;29,7;19,4;17,1;54;40;53;72;9,8;5,7;
2026/05/08;1700 UTC;0;1010,9;1011,5;1010,9;2123,7;29,9;19,3;30,7;29,2;19,9;18,7;56;50;53;78;9,8;5;
2026/05/08;1800 UTC;0;1010,8;1010,9;1010,7;1725,2;28,7;20,4;30,4;28,2;20,5;19,2;62;52;61;67;11,4;6,5;
2026/05/08;1900 UTC;0;1011;1011;1010,8;1010,8;27,6;21,2;29,1;27,4;21,3;20,2;68;61;68;57;11,4;4,6;
2026/05/08;2000 UTC;0;1011,2;1011,2;1011;474,3;26,2;21,5;27,6;26,2;21,6;21,1;76;68;76;53;10,1;4,9;
2026/05/08;2100 UTC;0;1011,7;1011,7;1011,1;10,2;25,3;22,2;26,2;25,3;22,2;21,6;83;76;83;56;9,7;4,3;
2026/05/08;2200 UTC;0;1012;1012;1011,7;;24,9;22,4;25,3;24,9;22,5;22,3;86;83;86;50;7,8;2,8;
2026/05/08;2300 UTC;0;1012,5;1012,5;1012;;24,5;22,1;24,9;24,4;22,4;22;87;86;87;45;5,8;2,4;
2026/05/09;0000 UTC;0;1012,9;1012,9;1012,5;;24,2;22,1;24,6;24;22,2;21,9;89;87;88;25;4,8;2,6;
2026/05/09;0100 UTC;0;1013,4;1013,4;1012,9;;23,9;22;24,2;23,9;22,2;22;90;88;89;22;5,6;2,4;
2026/05/09;0200 UTC;0;1013,5;1013,5;1013,4;;22,8;21,3;23,9;22,8;22,1;21,3;92;89;92;21;4,4;1,6;
2026/05/09;0300 UTC;0;1013,2;1013,6;1013,2;;23;21,5;23,3;22,8;21,9;21,4;92;91;91;22;3,9;1,2;
2026/05/09;0400 UTC;0;1013,1;1013,2;1013,1;;22,5;21,3;23;22,5;21,6;21,2;93;91;93;21;3,2;1,8;
2026/05/09;0500 UTC;0;1012,8;1013,1;1012,7;;22,8;21,6;22,8;22,4;21,7;21,3;93;93;93;33;4;2,2;
2026/05/09;0600 UTC;0;1012,7;1012,8;1012,6;;22,3;21,2;22,8;22,3;21,7;21,2;93;93;93;38;4,4;1,9;
2026/05/09;0700 UTC;0;1012,7;1012,8;1012,6;;21,8;20,7;22,5;21,8;21,4;20,7;94;93;94;2;4;1,3;
2026/05/09;0800 UTC;0;1013,1;1013,2;1012,7;;22,1;21,1;22,1;21,5;21,1;20,5;94;94;94;17;3,9;2,7;
2026/05/09;0900 UTC;0;1013,5;1013,5;1013,1;;22;20,8;22,2;22;21,1;20,8;94;93;93;19;4,5;2,5;
2026/05/09;1000 UTC;0;1014;1014;1013,5;222,9;23,5;21,5;23,5;22;21,6;20,8;93;89;89;22;5,6;3,8;
2026/05/09;1100 UTC;0;1014,5;1014,5;1014;721;25,4;21,9;25,4;23,4;22;21,3;89;80;81;26;6,2;3,6;
2026/05/09;1200 UTC;0;1015,1;1015,1;1014,5;1273,7;28,3;21,4;28,3;25,4;22,1;21,1;81;66;66;18;6,6;3,9;
2026/05/09;1300 UTC;0;1015,1;1015,3;1015,1;2278,8;30,4;21;30,7;28,1;22;20,8;67;57;57;38;8,3;4,1;
2026/05/09;1400 UTC;0;1014,5;1015,1;1014,4;2161,8;30,7;21;31,5;29,4;22,2;20,4;60;55;57;38;9;4,4;
2026/05/09;1500 UTC;0;1013,6;1014,5;1013,6;2507,5;31,4;20,9;32;30,1;22;20,5;60;53;54;55;8;3,8;
2026/05/09;1600 UTC;0;1012,8;1013,6;1012,8;1460,4;29,4;21,1;31,9;29;21,6;20,4;63;51;61;72;9,6;4,9;
2026/05/09;1700 UTC;0;1012,3;1012,8;1012,3;2350,8;30,5;21,5;30,7;29,4;22;20,9;62;58;59;55;10,4;4,7;
2026/05/09;1800 UTC;0;1012,1;1012,3;1012,1;1860,8;30,1;22;30,8;29,6;22;21,2;63;58;62;58;10,4;4,6;
2026/05/09;1900 UTC;0;1012,6;1012,6;1012;921,1;28,6;21,9;30,3;28,4;22,2;21,5;68;61;67;56;10,4;4,3;
2026/05/09;2000 UTC;0;1012,6;1012,7;1012,5;419,8;26,9;21,5;28,6;26,9;22,1;21,5;73;67;73;55;9;4,2;
2026/05/09;2100 UTC;0;1013;1013;1012,6;7,4;25,5;20,9;26,9;25,4;21,6;20,9;76;73;76;54;7,9;3;
2026/05/09;2200 UTC;0;1013,3;1013,3;1013;;25,1;21,1;25,5;24,9;21,1;20,9;79;76;79;51;7,5;2,9;
2026/05/09;2300 UTC;0;1013,4;1013,4;1013,2;;24,3;21;25,1;24,3;21,1;20,9;82;79;82;38;6,4;2,5;
2026/05/10;0000 UTC;0;1013,6;1013,6;1013,4;;23,4;21,1;24,3;23,4;21,3;21;87;82;87;13;4;1,9;
2026/05/10;0100 UTC;0;1013,6;1013,7;1013,6;;23,3;21,2;23,7;23,2;21,4;21,1;88;87;88;37;3,7;2,1;
2026/05/10;0200 UTC;0;1013,6;1013,7;1013,5;;23;21;23,3;22,9;21,2;20,9;89;88;88;49;4,3;2,5;
2026/05/10;0300 UTC;0;1013,4;1013,6;1013,3;;22;20,3;23,3;22;21,1;20,3;90;87;90;285;4,6;,6;
2026/05/10;0400 UTC;0;1013;1013,4;1013;;21,7;20,1;22,3;21,7;20,8;20,1;92;90;91;55;2,9;1,4;
2026/05/10;0500 UTC;0;1013;1013;1013;;21;19,8;21,8;21;20,2;19,7;93;91;93;45;2,8;1,3;
2026/05/10;0600 UTC;0;1012,9;1013;1012,9;;21;19,7;21,4;20,9;20,2;19,7;94;92;92;49;3,1;1,7;
2026/05/10;0700 UTC;0;1012,7;1012,9;1012,7;;20,8;19,6;21,1;20,8;19,9;19,6;93;92;93;73;3,5;1,8;
2026/05/10;0800 UTC;0;1012,9;1012,9;1012,6;;20,6;19,5;20,8;20,4;19,6;19,2;94;93;94;44;3,1;2;
2026/05/10;0900 UTC;0;1013,1;1013,1;1012,9;;20,8;19,7;20,8;20,5;19,7;19,4;94;93;94;27;4,7;2,7;
2026/05/10;1000 UTC;0;1013,9;1013,9;1013,1;158,8;22,4;20,7;22,5;20,7;20,9;19,6;94;90;90;52;4,2;1,8;
2026/05/10;1100 UTC;0;1014,5;1014,5;1013,9;844,4;24,9;21,1;24,9;22,4;21,5;20,7;90;79;80;352;6,7;3,6;
2026/05/10;1200 UTC;0;1015,1;1015,1;1014,5;1540,5;28,2;20,8;28,2;24,9;21,6;20,3;80;63;64;338;7,1;3,3;
2026/05/10;1300 UTC;0;1014,7;1015,1;1014,7;2133,8;29,5;19,7;30;28,1;20,6;19,4;64;54;55;348;7,6;4,7;
2026/05/10;1400 UTC;0;1013,7;1014,7;1013,7;2608,9;31,2;19,6;31,4;29,5;20,3;19,2;56;49;50;340;7,7;4,2;
2026/05/10;1500 UTC;0;1012,8;1013,7;1012,8;2707,3;31,7;19,2;32,3;30,9;20,2;19;50;46;48;345;7,7;3,3;
2026/05/10;1600 UTC;0;1011,6;1012,8;1011,6;2681,3;32,7;18,7;33,3;31,6;20,1;18,6;49;43;44;333;5,1;2,1;
2026/05/10;1700 UTC;0;1010,9;1011,6;1010,9;2257,1;32,5;18,8;33,5;32,2;19,5;18;45;41;44;319;5,2;2,2;
2026/05/10;1800 UTC;0;1010,7;1010,9;1010,6;1514,4;32,5;20;33,3;31,5;20,1;18,5;50;43;48;239;5,1;2,6;
2026/05/10;1900 UTC;0;1011,2;1011,3;1010,6;1135,9;28,4;21,5;32,5;28,4;21,8;20,4;66;48;66;192;7,1;2,1;
2026/05/10;2000 UTC;0;1011,9;1011,9;1011,2;284,5;25,5;21,3;28,4;25,5;21,6;21;78;66;78;194;7,8;2,7;
2026/05/10;2100 UTC;0;1012,8;1012,8;1011,9;10,9;24,3;21,3;25,5;24,3;21,8;21,3;85;78;83;195;7,9;2,9;
2026/05/10;2200 UTC;0;1013;1013;1012,8;;23,7;21,2;24,3;23,7;21,3;21;86;82;86;180;6,9;2,4;
2026/05/10;2300 UTC;0;1013,2;1013,3;1013;;23,3;21,3;23,7;23,2;21,4;21,2;89;86;89;186;8,2;2,3;
2026/05/11;0000 UTC;0;1013,6;1013,7;1013,2;;23,3;20,9;23,4;23,1;21,4;20,9;89;86;86;201;8,4;2,9;
2026/05/11;0100 UTC;0;1013,7;1013,8;1013,6;;23,2;20,5;23,4;23,2;20,9;20,5;86;85;85;187;8,7;2,5;
2026/05/11;0200 UTC;0;1013,9;1013,9;1013,7;;22,6;20,3;23,2;22,6;20,6;20,2;87;85;87;181;8,7;2,3;
2026/05/11;0300 UTC;0;1013,9;1014;1013,9;;22,3;20,4;22,6;22,3;20,4;20,3;89;87;89;179;5,4;1,7;
2026/05/11;0400 UTC;0;1013,4;1013,9;1013,4;;22,4;20,1;22,4;22,3;20,5;20,1;89;87;87;198;7,6;3,1;
2026/05/11;0500 UTC;0;1013;1013,4;1012,9;;21,9;19,2;22,4;21,9;20;19;87;83;85;194;8,8;2,4;
2026/05/11;0600 UTC;0;1012,8;1013;1012,8;;22;18,6;22,1;21,7;19,2;18,5;85;81;81;206;9;3,8;
2026/05/11;0700 UTC;0;1012,7;1012,9;1012,7;;21,8;18,3;22;21,8;18,5;18,3;81;80;80;205;9,5;4,1;
2026/05/11;0800 UTC;0;1012,9;1012,9;1012,6;;21,4;18,1;21,8;21,4;18,3;18;81;80;81;204;11,1;3,9;
2026/05/11;0900 UTC;0;1013,9;1013,9;1012,9;;21;18,3;21,4;21;18,3;18,1;84;81;84;212;9,3;4;
2026/05/11;1000 UTC;0;1014,4;1014,4;1013,9;33,7;20,4;18,6;21;20,4;18,6;18,3;90;84;90;213;9,3;4,2;
2026/05/11;1100 UTC;0;1015,2;1015,2;1014,4;90,6;20,1;18,8;20,4;20,1;18,8;18,6;92;90;92;219;7,9;4,2;
2026/05/11;1200 UTC;,2;1016,1;1016,1;1015,2;138;19,9;18,8;20,2;19,9;18,8;18,7;93;92;93;216;8,8;3,9;
2026/05/11;1300 UTC;1;1016,3;1016,6;1016,1;217,8;20;19;20;19,9;19;18,7;94;93;94;209;8,1;3,6;
2026/05/11;1400 UTC;0;1015,8;1016,3;1015,8;398;20,7;18,9;20,7;20;19,3;18,8;94;89;90;211;8,5;3,9;
2026/05/11;1500 UTC;0;1015,1;1015,9;1015,1;434,2;21;18,6;21;20,7;18,9;18,4;90;86;86;207;8,2;4,2;
2026/05/11;1600 UTC;0;1014,5;1015,2;1014,5;512,1;20,9;18,7;20,9;20,5;18,9;18,4;90;86;87;209;9,7;3,1;
2026/05/11;1700 UTC;,2;1014;1014,6;1014;551,5;21,7;19,5;21,7;20,7;19,6;18,5;89;86;87;209;8,9;2,9;
2026/05/11;1800 UTC;0;1014,1;1014,1;1013,9;772,4;21,5;18,2;22;21,5;19,4;17,8;87;79;81;212;9,5;4,1;
2026/05/11;1900 UTC;0;1014,2;1014,3;1014;379,5;21,7;18,5;21,7;21,5;18,6;18,2;83;81;82;199;8;3;
2026/05/11;2000 UTC;0;1014,9;1014,9;1014,2;122,5;20,8;17;21,7;20,8;18,6;17;83;78;79;218;7,9;4,1;
2026/05/11;2100 UTC;0;1015,3;1015,3;1014,9;1,3;20,4;16,9;20,8;20,4;17;16,9;81;79;80;215;7,6;2,7;
2026/05/11;2200 UTC;0;1015,7;1015,7;1015,3;;20,1;16,7;20,4;20,1;16,9;16,7;82;80;81;213;7,5;3,3;
2026/05/11;2300 UTC;0;1016,5;1016,5;1015,7;;20,2;16,7;20,3;20,1;16,8;16,6;81;80;80;210;7,2;3;
2026/05/12;0000 UTC;0;1016,8;1016,8;1016,5;;20,1;16,7;20,2;19,9;16,7;16,6;82;80;81;208;7,4;3,4;
2026/05/12;0100 UTC;0;1017,1;1017,1;1016,8;;20,1;16,2;20,2;20,1;16,7;16,2;81;78;78;214;8;3,9;
2026/05/12;0200 UTC;0;1017,1;1017,2;1017,1;;20;16;20,2;20;16,2;16;78;77;78;210;7,8;3,5;
2026/05/12;0300 UTC;0;1017;1017,2;1017;;20;15,9;20;19,9;16;15,8;78;77;77;211;7,8;3,6;
2026/05/12;0400 UTC;0;1016,8;1017;1016,8;;19,9;15,5;20;19,8;15,9;15,5;77;76;76;223;8,6;4;
2026/05/12;0500 UTC;0;1016,3;1016,8;1016,3;;19,8;15,4;20;19,7;15,5;15,4;76;75;76;229;8,2;4,2;
2026/05/12;0600 UTC;0;1015,9;1016,3;1015,9;;19,7;15,3;19,8;19,6;15,5;15,3;77;75;76;224;9,2;5;
2026/05/12;0700 UTC;0;1016;1016,1;1015,9;;19,7;15,4;19,8;19,7;15,4;15,3;77;75;76;227;8,6;5,1;
2026/05/12;0800 UTC;0;1016,3;1016,4;1016;;19,4;15,5;19,8;19,3;15,6;15,3;79;76;78;231;8,6;5;
2026/05/12;0900 UTC;0;1017,1;1017,1;1016,3;;18,8;15,3;19,4;18,8;15,5;15,3;80;78;80;236;9;5,1;
2026/05/12;1000 UTC;0;1017,7;1017,7;1017,1;64,1;19,2;15,3;19,2;18,8;15,4;15,2;80;78;78;203;9;3,6;
2026/05/12;1100 UTC;0;1018,3;1018,3;1017,7;484,6;20,4;15,3;20,4;19,2;15,7;15,2;78;73;73;208;9;4,1;
2026/05/12;1200 UTC;0;1018,9;1018,9;1018,3;650,2;21,6;15,4;21,6;20,2;15,7;15,2;74;67;68;223;9;3,4;
2026/05/12;1300 UTC;0;1019,2;1019,2;1018,9;1083,2;23,1;14;23,2;21,6;15,2;13,6;68;56;57;221;8,1;3,7;
2026/05/12;1400 UTC;0;1018,4;1019,2;1018,4;1639;24,1;13,7;24,6;23;14,9;13,1;58;50;52;211;8,5;3,3;
2026/05/12;1500 UTC;0;1017;1018,4;1017;2329,8;25,7;13,5;25,8;24,1;14,2;12,8;53;46;47;196;7,5;2,9;
2026/05/12;1600 UTC;0;1016,3;1017;1016,3;2190,5;25,6;13,9;26,3;25,1;14,5;12,5;50;44;48;209;7,2;2,8;
2026/05/12;1700 UTC;0;1015,6;1016,3;1015,6;1195,9;24,9;14,3;25,6;24,2;14,9;13,3;55;47;52;186;6,8;1,8;
2026/05/12;1800 UTC;0;1015,3;1015,6;1015,3;1049,1;24,2;14,7;25;24;15,1;13,9;56;51;56;186;6,3;1,9;
2026/05/12;1900 UTC;0;1015,5;1015,5;1015,2;958,6;23,7;15;24,5;23,7;15,3;14,2;59;53;58;163;6,2;2,8;
2026/05/12;2000 UTC;0;1016,1;1016,1;1015,5;299,7;22;15,5;23,7;22;15,6;14,9;67;58;67;164;5,5;1,6;
2026/05/12;2100 UTC;0;1016,4;1016,4;1016,1;4,9;21;15,6;21,9;21;15,7;15,4;71;67;71;174;5,2;1,4;
2026/05/12;2200 UTC;0;1016,8;1016,8;1016,4;;20,4;15,7;21;20,4;15,8;15,6;74;71;74;156;4,6;1,7;
2026/05/12;2300 UTC;0;1017,3;1017,3;1016,8;;19,9;15,8;20,6;19,8;15,8;15,7;77;74;77;151;3,1;1,2;
2026/05/13;0000 UTC;0;1017,6;1017,6;1017,3;;18;16,4;20,1;17,8;16,4;15,3;90;76;90;245;2,2;1;
2026/05/13;0100 UTC;0;1017,5;1017,7;1017,5;;18,2;16,7;18,3;17,8;16,9;16,2;91;90;91;234;1,4;,5;
2026/05/13;0200 UTC;0;1017,2;1017,5;1017,2;;17,6;16,4;18,2;17,6;16,7;16,3;93;91;93;303;1,5;1,3;
2026/05/13;0300 UTC;0;1016,9;1017,3;1016,8;;17;16;17,6;16,9;16,5;15,8;94;93;94;302;2,1;1,5;
2026/05/13;0400 UTC;0;1016,1;1016,9;1016,1;;18;17;18;17;17;16;94;94;94;294;2;,9;
2026/05/13;0500 UTC;0;1015,3;1016,1;1015,3;;17,6;16,6;18,1;17,6;17,1;16,5;94;93;93;51;1,5;,4;
2026/05/13;0600 UTC;0;1015,6;1015,6;1015,1;;17,1;16,2;17,7;17;16,7;16,1;94;93;94;287;2,3;1,4;
2026/05/13;0700 UTC;0;1015,5;1015,6;1015,3;;17,1;16,3;17,2;16,9;16,3;16;95;94;95;316;2,1;1,7;
2026/05/13;0800 UTC;0;1015,3;1015,5;1015,1;;17,4;16,5;17,5;17,1;16,6;16,3;95;94;94;346;2,2;1,8;
2026/05/13;0900 UTC;0;1015,9;1015,9;1015,2;;17,1;16,2;17,4;17;16,5;16;95;94;94;322;2,4;2,1;
2026/05/13;1000 UTC;0;1016,4;1016,4;1015,9;113,1;18,1;17,2;18,2;17;17,2;16;95;94;94;2;2,4;,9;
2026/05/13;1100 UTC;0;1017,3;1017,3;1016,3;295,3;19,8;18,1;19,8;18,1;18,3;17,1;94;90;90;314;2,4;1,3;
2026/05/13;1200 UTC;0;1017;1017,3;1016,5;1373,7;24,6;18,1;24,7;19,8;19,2;17,3;90;67;67;356;3,2;2;
2026/05/13;1300 UTC;0;1016,9;1017,2;1016,7;2094;26,6;17,5;26,8;24,3;18,2;16,6;67;57;57;3;5,6;2,1;
2026/05/13;1400 UTC;0;1015,6;1016,9;1015,6;2499,4;28,5;16,9;28,6;25,8;17,5;16,3;58;49;49;32;6,4;3,2;
2026/05/13;1500 UTC;0;1014,6;1015,6;1014,6;2495,4;30,1;17,9;30,1;27,3;17,9;16,6;54;47;48;349;6,4;3,1;
2026/05/13;1600 UTC;0;1013,6;1014,6;1013,5;2626,7;29,8;17,6;30,2;28,8;17,9;16,7;50;46;48;4;6,7;3,6;
2026/05/13;1700 UTC;0;1012,8;1013,6;1012,8;2249;29,9;17,5;30,6;29;18,5;17;50;46;48;13;6,7;2,4;
2026/05/13;1800 UTC;0;1012,6;1012,8;1012,5;1312,9;27,5;19,3;30,6;26,7;19,4;17,3;63;47;61;73;6,3;3,6;
2026/05/13;1900 UTC;0;1012,9;1012,9;1012,6;1106,8;26,2;19,3;27,7;26,2;19,3;18,7;66;59;66;68;7,2;3,5;
2026/05/13;2000 UTC;0;1013,4;1013,4;1012,9;229;24,3;19,5;26,2;24,3;19,6;19,3;75;66;75;45;6,8;2,3;
2026/05/13;2100 UTC;0;1013,6;1013,6;1013,3;3,3;22,9;19,6;24,3;22,9;19,8;19,5;82;75;82;58;4,5;2,2;
2026/05/13;2200 UTC;0;1014,3;1014,3;1013,6;;22;20,1;22,9;22;20,2;19,7;89;82;89;72;4;1,8;
2026/05/13;2300 UTC;0;1015;1015;1014,3;;21,4;20,1;22,2;21,3;20,5;19,7;92;89;92;69;3,7;1,3;
2026/05/14;0000 UTC;0;1015,2;1015,2;1015;;21,3;20,1;21,6;21,2;20,4;19,9;93;92;93;20;2;1;
2026/05/14;0100 UTC;0;1015;1015,2;1015;;21,2;20,2;21,3;20,8;20,2;19,6;94;93;94;346;1,8;1,3;
2026/05/14;0200 UTC;0;1014,8;1015,1;1014,8;;21;20,2;21,2;20,3;20,2;19,2;95;93;95;229;1,6;1,1;
2026/05/14;0300 UTC;0;1014,3;1014,8;1014,3;;20,5;19,7;21;20,3;20,1;19,5;95;95;95;249;1,7;1,1;
2026/05/14;0400 UTC;0;1013,9;1014,3;1013,9;;20,6;19,8;20,6;20,2;19,8;19,4;95;95;95;230;1,5;1,2;
2026/05/14;0500 UTC;0;1013,3;1013,9;1013,3;;20,1;19,3;20,6;20;19,8;19,2;95;95;95;294;1,7;1,2;
2026/05/14;0600 UTC;0;1013;1013,3;1013;;19,5;18,8;20,2;19,3;19,4;18,6;96;95;96;6;1,8;1,3;
2026/05/14;0700 UTC;0;1013,1;1013,1;1013;;19,6;18,9;19,8;19,4;19,1;18,7;96;96;96;345;2,2;1,4;
2026/05/14;0800 UTC;0;1013,4;1013,4;1013,1;;19,4;18,7;19,6;19,3;18,9;18,6;96;96;96;296;2,3;,6;
2026/05/14;0900 UTC;0;1014,2;1014,2;1013,4;;19,1;18,5;19,5;19,1;18,8;18,4;96;96;96;305;2,1;,7;
2026/05/14;1000 UTC;0;1014,6;1014,6;1014,2;113,6;19,7;19;19,7;19,1;19;18,5;96;96;96;312;2,1;1,1;
2026/05/14;1100 UTC;0;1015,1;1015,1;1014,6;509,2;21,2;20,4;21,2;19,7;20,5;19,1;96;96;96;357;1,9;,9;
2026/05/14;1200 UTC;0;1015,2;1015,3;1015,1;1085,1;23,9;21,1;23,9;21,1;21,9;20,4;96;85;85;36;3,1;1,6;
2026/05/14;1300 UTC;0;1015;1015,3;1015;1861;27,2;20;27,5;23,8;21,5;19,9;85;65;65;349;4,4;2,4;
2026/05/14;1400 UTC;0;1014,3;1015;1014,3;2146,6;29,3;19,8;29,6;27,1;20,8;19,3;66;55;57;335;5,5;2,6;
2026/05/14;1500 UTC;0;1013,6;1014,3;1013,6;1863,2;29,3;19,3;29,9;29,1;19,9;18,4;57;52;55;334;5,1;2,5;
2026/05/14;1600 UTC;0;1013;1013,6;1013;1917,8;30,7;18,6;30,7;29,3;19,3;17,9;55;48;49;333;5;2,3;
2026/05/14;1700 UTC;0;1012,4;1013;1012,3;2072,8;31,1;17,6;31,5;30,1;18,6;17;49;42;44;26;4,5;2;
2026/05/14;1800 UTC;0;1012,1;1012,4;1012,1;1606,1;31;17,8;31,5;30,6;18,7;16,7;48;42;45;345;4;1,9;
2026/05/14;1900 UTC;0;1012,6;1012,6;1012,1;862,9;27,8;20,8;31,5;27,8;20,8;17,5;66;44;66;78;5,3;2,6;
2026/05/14;2000 UTC;0;1013;1013;1012,6;254;25,3;19,6;27,8;25,3;20,8;19,6;71;65;71;83;5,1;2,6;
2026/05/14;2100 UTC;0;1013,3;1013,3;1013;5,9;23,5;19,8;25,3;23,4;19,8;19,5;80;71;80;65;4,1;2;
2026/05/14;2200 UTC;0;1014,1;1014,1;1013,3;;22,7;20,3;23,5;22,7;20,3;19,7;86;80;86;65;4;1,7;
2026/05/14;2300 UTC;0;1014,7;1014,7;1014,1;;22,4;20,6;22,7;22,4;20,6;20,3;89;86;89;67;3,1;1,4;
2026/05/15;0000 UTC;0;1014,9;1014,9;1014,7;;22,1;20,8;22,4;21,7;20,8;20,3;93;89;93;85;2;,4;
2026/05/15;0100 UTC;0;1015;1015;1014,9;;21,9;20,8;22,2;21,8;20,9;20,6;94;92;94;238;1,3;,6;
2026/05/15;0200 UTC;0;1015,1;1015,1;1015;;21,4;20,4;21,9;21,4;20,9;20,4;94;93;94;234;1,8;1,4;
2026/05/15;0300 UTC;0;1014,6;1015,1;1014,6;;21,6;20,8;21,6;21,3;20,8;20,3;95;94;95;221;1,7;1,3;
2026/05/15;0400 UTC;0;1014,2;1014,6;1014,2;;21,6;20,7;21,7;21,2;20,8;20,3;95;94;95;227;1,5;1,3;
2026/05/15;0500 UTC;0;1013,7;1014,2;1013,7;;21,7;20,8;21,9;21,4;21;20,5;95;95;95;188;1,9;1,1;
2026/05/15;0600 UTC;0;1013,5;1013,7;1013,4;;21,3;20,4;21,7;21,3;20,8;20,4;95;94;94;200;2,7;1,3;
2026/05/15;0700 UTC;0;1013,2;1013,5;1013,2;;21,1;20,3;21,3;20,8;20,4;19,9;95;94;95;159;2,7;,6;
2026/05/15;0800 UTC;0;1013,4;1013,4;1013,1;;20,8;20;21,2;20,8;20,3;20;95;95;95;238;2,4;1,3;
2026/05/15;0900 UTC;0;1013,9;1013,9;1013,4;;20,9;20,1;20,9;20,4;20,1;19,6;95;95;95;236;2,8;1,2;
2026/05/15;1000 UTC;0;1014,1;1014,1;1013,9;97,5;21,3;20,5;21,3;20,7;20,5;19,9;95;95;95;303;1,7;1,2;
2026/05/15;1100 UTC;0;1014,6;1014,7;1014,1;391,9;22,8;22;22,9;21,3;22;20,5;95;95;95;285;2,5;1,3;
2026/05/15;1200 UTC;0;1014,9;1014,9;1014,6;600;24;22,4;24;22,8;22,7;22,1;95;91;91;11;2,4;1,2;
2026/05/15;1300 UTC;0;1014,5;1014,9;1014,5;899,4;25,5;21,9;25,5;24;22,4;21,6;91;80;81;340;2,3;1;
2026/05/15;1400 UTC;0;1013,6;1014,5;1013,6;1639,6;27,9;20,7;28,4;25,4;22,2;20,6;81;64;65;323;3,6;2;
2026/05/15;1500 UTC;0;1013,2;1013,6;1013,2;2137,5;30;20;30,4;27,9;21,5;20;66;55;55;348;4,5;2,2;
2026/05/15;1600 UTC;0;1012,3;1013,2;1012,3;1670,9;29,9;19,4;30,8;28,8;20,5;18,7;57;51;53;10;4,6;2,2;
2026/05/15;1700 UTC;0;1011,6;1012,3;1011,6;2198,1;31,4;20,1;31,4;29,8;20,4;19,2;55;50;51;356;4,5;1,4;
2026/05/15;1800 UTC;0;1011,6;1011,7;1011,4;981,4;28,9;22,5;31,4;27,9;22,5;19,3;71;50;68;176;6,2;2,7;
2026/05/15;1900 UTC;0;1012,4;1012,4;1011,6;874,4;25,6;21;28,9;25,6;22,3;20,9;76;67;76;174;9,8;3,6;
2026/05/15;2000 UTC;0;1013,2;1013,2;1012,4;163,4;24,5;20,8;25,6;24,5;21;20,8;80;76;80;163;9,8;3,6;
2026/05/15;2100 UTC;0;1013,7;1013,7;1013,2;1,9;24,1;20,6;24,5;24,1;20,8;20,5;81;80;81;165;7,5;2,6;
2026/05/15;2200 UTC;0;1014,3;1014,3;1013,7;;23,9;20,5;24,1;23,8;20,6;20,4;82;81;81;150;7,3;3;
2026/05/15;2300 UTC;0;1015,1;1015,1;1014,3;;23,9;20,3;24;23,8;20,5;20,2;82;79;80;150;6,8;2,3;
2026/05/16;0000 UTC;0;1015;1015,2;1014,9;;23,5;20,5;23,9;23,5;20,6;20,3;84;80;83;136;5,4;1,8;
2026/05/16;0100 UTC;0;1014,7;1015;1014,7;;23,1;20,7;23,5;23,1;20,8;20,5;87;83;86;149;4,4;1,5;
2026/05/16;0200 UTC;0;1014,5;1014,7;1014,5;;22,8;20,8;23,1;22,8;20,8;20,6;88;86;88;156;4,4;1,3;
2026/05/16;0300 UTC;0;1014,3;1014,7;1014,3;;22,6;20,9;22,8;22,5;21;20,7;90;88;90;165;3,7;1,5;
2026/05/16;0400 UTC;0;1013,9;1014,3;1013,8;;22,1;20,4;22,7;22;20,9;20,4;91;90;91;203;3,8;1,1;
2026/05/16;0500 UTC;0;1013,5;1014;1013,5;;21,5;20,2;22,1;21,4;20,4;20;93;91;92;174;2,9;,8;
2026/05/16;0600 UTC;0;1013,1;1013,5;1013,1;;20,7;19,7;21,5;20,7;20,2;19,7;94;92;94;306;1,9;1,4;
2026/05/16;0700 UTC;0;1012,6;1013,1;1012,5;;20,6;19,7;20,7;20,5;19,8;19,6;95;94;95;9;2,4;1,3;
2026/05/16;0800 UTC;0;1012,9;1013,1;1012,6;;20,7;19,8;20,8;20,6;20;19,7;95;95;95;338;3;1,8;
2026/05/16;0900 UTC;0;1013,4;1013,4;1012,8;;20,5;19,7;20,9;20,5;20,1;19,7;95;95;95;345;3,6;1,3;
2026/05/16;1000 UTC;0;1013,9;1013,9;1013,3;135,1;21,6;20,8;21,6;20;20,8;19,2;96;95;95;360;1,9;1,2;
2026/05/16;1100 UTC;0;1014,1;1014,1;1013,8;704,7;24,4;22;24,4;21,6;22,4;20,8;95;86;86;341;3,7;1,8;
2026/05/16;1200 UTC;0;1014,6;1014,6;1014;1271,3;26,4;20,4;26,5;24,4;21,9;20,2;86;69;70;346;3,8;2;
2026/05/16;1300 UTC;0;1014,7;1014,8;1014,6;1699,3;27,7;19,8;28,3;26,2;20,7;19,6;70;62;62;15;3,8;1,6;
2026/05/16;1400 UTC;0;1014,1;1014,7;1014,1;2070,8;29,2;19,8;29,3;27,7;20,5;19,2;63;57;57;14;3,8;1,8;
2026/05/16;1500 UTC;0;1013,5;1014,1;1013,5;2251,2;30,4;20,5;30,4;28,7;20,7;19,3;59;55;56;7;4,3;2;
2026/05/16;1600 UTC;0;1012,6;1013,5;1012,6;2086,2;29,6;20,1;30,7;29;20,8;19,4;58;53;57;64;4,2;1,3;
2026/05/16;1700 UTC;0;1012,1;1012,6;1012,1;1727,2;30,1;19,4;30,9;29,6;20,3;19,4;57;52;53;294;3,2;1,4;
2026/05/16;1800 UTC;0;1012;1012,1;1011,8;729,6;27,7;20,7;30,5;27,6;20,7;19,3;66;53;66;80;5,7;3,5;
2026/05/16;1900 UTC;0;1012,3;1012,4;1012;456,3;26,3;20,9;27,7;26,3;21,1;20,6;72;66;72;83;6,1;2,9;
2026/05/16;2000 UTC;0;1012,9;1012,9;1012,3;180,5;24,7;20,6;26,3;24,7;20,8;20,6;78;72;78;91;5,9;1,8;
2026/05/16;2100 UTC;0;1013,6;1013,6;1012,9;,6;23,7;20,5;24,7;23,7;20,6;20,5;82;78;82;122;3,9;1,6;
2026/05/16;2200 UTC;0;1013,8;1014,1;1013,6;;23,1;20,5;23,7;22,9;20,5;20,3;86;82;86;127;3,2;1,3;
2026/05/16;2300 UTC;0;1014,3;1014,3;1013,8;;23;20,6;23,1;22,7;20,6;20,1;87;85;86;126;2,4;1,1;
2026/05/17;0000 UTC;0;1014,7;1014,7;1014,2;;22,7;20,3;23,1;22,6;20,6;20,2;87;86;87;169;2,8;,9;
2026/05/17;0100 UTC;0;1014,7;1014,8;1014,4;;21,2;20;22,7;21,2;20,3;20;93;87;93;293;1,8;1,5;
2026/05/17;0200 UTC;0;1014,6;1014,9;1014,6;;21,1;20,2;21,3;20,6;20,2;19,5;94;93;94;232;1,7;1,2;
2026/05/17;0300 UTC;0;1014,4;1014,7;1014,3;;20,6;19,7;21,2;20,6;20,3;19,7;95;94;95;257;1,6;1,1;
2026/05/17;0400 UTC;0;1014,1;1014,4;1014,1;;20,7;19,9;20,9;20,1;20,1;19,2;95;95;95;277;1,7;1;
2026/05/17;0500 UTC;0;1013,8;1014,1;1013,7;;20,5;19,7;20,7;20,3;19,9;19,5;95;95;95;288;1,5;1;
2026/05/17;0600 UTC;0;1013,1;1013,8;1013,1;;20,2;19,4;20,5;19,9;19,8;19,2;96;95;96;359;1,9;1,5;
2026/05/17;0700 UTC;0;1012,7;1013,1;1012,7;;20,7;20;20,7;20;20;19,3;96;96;96;11;2,6;1,4;
2026/05/17;0800 UTC;0;1013,1;1013,3;1012,6;;21;20,3;21,1;20,7;20,4;20;96;96;96;356;4,2;1,6;
2026/05/17;0900 UTC;0;1013,6;1013,6;1013,1;;20,6;19,9;21;20,6;20,3;19,9;96;96;96;330;2,8;1,1;
2026/05/17;1000 UTC;0;1013,7;1013,7;1013,4;73,2;20,8;20,1;20,8;20,3;20,1;19,7;96;96;96;30;1,7;1;
2026/05/17;1100 UTC;0;1014,1;1014,4;1013,6;438,3;22,2;21,4;22,2;20,8;21,5;20,1;96;96;96;8;2,4;1,1;
2026/05/17;1200 UTC;0;1014,5;1014,7;1014,1;924,5;24,9;22,7;24,9;22,2;23,5;21,4;96;88;88;10;4,3;2;
2026/05/17;1300 UTC;0;1014,5;1014,7;1014,4;1556,6;27,1;21,8;27,3;24,9;22,8;21,6;88;72;73;19;5,4;3;
2026/05/17;1400 UTC;0;1013,5;1014,5;1013,5;1660;27,6;21,1;28,3;26,4;22,1;20,9;74;66;68;16;7;4;
2026/05/17;1500 UTC;0;1012,3;1013,5;1012,3;2079,4;29,1;21,5;29,8;27,4;22;20,9;69;61;64;22;7,2;4;
2026/05/17;1600 UTC;0;1011,6;1012,3;1011,6;1877;29,7;21,1;30,3;28,8;21,7;20,7;63;58;60;3;7;2,5;
2026/05/17;1700 UTC;0;1010,7;1011,6;1010,7;1618,9;30,7;20,8;30,8;29,4;21,6;20,5;60;55;56;5;6,1;3,1;
2026/05/17;1800 UTC;0;1010,5;1010,7;1010,4;953,2;29,6;21,8;30,8;29;21,8;20,2;64;54;63;315;6,1;2,5;
2026/05/17;1900 UTC;0;1010,5;1010,6;1010,4;1045,1;29,7;20,9;30,2;29,4;22;20,9;63;59;59;345;5;2,2;
2026/05/17;2000 UTC;0;1010,9;1010,9;1010,5;318,9;26,4;21,1;29,7;26,4;21,1;19,8;73;58;73;50;4,2;2,2;
2026/05/17;2100 UTC;0;1011,6;1011,6;1010,9;,1;24,3;21,4;26,4;24,3;21,5;21,1;84;73;84;51;4,1;2,3;
2026/05/17;2200 UTC;0;1012,1;1012,2;1011,6;;24;21,7;24,3;23,7;21,8;21,4;88;84;87;50;4,7;2,6;
2026/05/17;2300 UTC;0;1012,8;1012,8;1012,1;;23,7;21,3;24,1;23,6;21,7;21,3;87;87;87;47;4,7;2,2;
2026/05/18;0000 UTC;0;1013,4;1013,4;1012,8;;23,4;21,3;23,7;23,4;21,4;21,1;88;87;88;50;5,1;2,6;
2026/05/18;0100 UTC;0;1013,3;1013,7;1013,3;;23,1;21,4;23,4;23,1;21,4;21,2;90;88;90;56;4,9;2,5;
2026/05/18;0200 UTC;0;1013;1013,3;1013;;23;21,6;23,2;23;21,8;21,4;92;90;92;41;5;2,3;
2026/05/18;0300 UTC;0;1013,2;1013,3;1013;;22,7;21,6;23;22,7;21,7;21,5;94;92;94;43;4,4;2,1;
2026/05/18;0400 UTC;0;1013,1;1013,5;1013,1;;22,2;21,2;22,7;22,2;21,6;21,2;94;94;94;39;3,5;1,8;
2026/05/18;0500 UTC;0;1012,5;1013,1;1012,5;;22,4;21,5;22,4;22,1;21,5;21,2;95;94;95;51;4,2;2,5;
2026/05/18;0600 UTC;0;1012;1012,5;1012;;22;21,2;22,3;22;21,5;21,2;95;95;95;51;4,2;1,9;
2026/05/18;0700 UTC;0;1011,9;1012,1;1011,8;;21,3;20,5;22;21,3;21,2;20,5;95;95;95;17;3,8;2,1;
2026/05/18;0800 UTC;0;1012,2;1012,3;1011,9;;21,2;20,4;21,3;21,1;20,5;20,3;95;95;95;351;3,3;1,7;
2026/05/18;0900 UTC;0;1012,4;1012,5;1012,2;;21,2;20,4;21,4;21,2;20,6;20,4;95;95;95;23;3,6;2,2;
2026/05/18;1000 UTC;0;1012,8;1012,8;1012,4;128;22,6;21,6;22,6;21,2;21,6;20,4;95;94;94;10;5;2,5;
2026/05/18;1100 UTC;0;1013,2;1013,2;1012,8;726,1;24,7;22,4;24,7;22,6;22,4;21,4;94;87;87;1;5,3;3,3;
2026/05/18;1200 UTC;0;1013,4;1013,5;1013,1;1684,3;28,2;21,4;28,8;24,7;22,8;21,4;87;66;67;342;6,3;3,7;
2026/05/18;1300 UTC;0;1013,3;1013,5;1013,3;1803;29,8;21,3;29,8;27,7;22,5;21,2;70;61;61;342;6,5;3,1;
2026/05/18;1400 UTC;0;1012,8;1013,3;1012,8;2347,5;31,2;20,6;31,5;29,2;21,6;20,4;62;53;53;325;7,2;4,2;
2026/05/18;1500 UTC;0;1012,1;1012,8;1012,1;2539,2;32,6;19,3;32,8;31;21,2;18,9;55;45;46;329;7,2;3,5;
2026/05/18;1600 UTC;0;1011,2;1012,1;1011,2;2420,3;33;18,9;33,2;32,3;19,8;18,6;47;43;43;313;6,9;2,1;
2026/05/18;1700 UTC;0;1010,9;1011,2;1010,8;1975;33,2;19,5;33,4;32,5;20,3;18,7;48;43;45;236;4,7;2,2;
2026/05/18;1800 UTC;0;1011,3;1011,3;1010,9;1514,5;28,9;21,7;33,2;28,9;22,2;18,7;66;43;65;183;8,7;3,3;
2026/05/18;1900 UTC;0;1012;1012;1011,3;860,3;27,2;21,6;28,9;27,2;22;21,4;72;65;72;174;8,3;2,6;
2026/05/18;2000 UTC;0;1012,8;1012,8;1012;202,4;25,5;21,4;27,2;25,5;21,7;21,2;78;72;78;173;8,6;2,4;
2026/05/18;2100 UTC;0;1013,3;1013,3;1012,8;,6;24,7;21,8;25,5;24,7;21,9;21,3;84;78;84;165;8;2,1;
2026/05/18;2200 UTC;0;1013,9;1013,9;1013,3;;24,3;21,8;24,8;24,3;21,9;21,4;86;83;86;179;8;2,1;
2026/05/18;2300 UTC;0;1014,4;1014,4;1013,8;;23,8;21,9;24,3;23,8;22;21,8;89;86;89;191;5,4;1,5;
2026/05/19;0000 UTC;0;1014,5;1014,6;1014,3;;23,7;21,7;23,8;23,6;21,9;21,7;89;89;89;194;3,9;1;
2026/05/19;0100 UTC;0;1015,2;1015,3;1014,4;;23,5;21,6;23,7;23,4;21,7;21,5;90;88;89;210;3,3;,7;
2026/05/19;0200 UTC;0;1015,1;1015,4;1015,1;;23,3;21,3;23,7;23,3;21,6;21,3;89;88;89;218;3,4;1;
2026/05/19;0300 UTC;0;1014,9;1015,2;1014,8;;23;21,6;23,3;22,9;21,6;21,3;92;89;92;168;2,2;,7;
2026/05/19;0400 UTC;0;1014,8;1015;1014,7;;23,1;21,4;23,2;22,9;21,8;21,4;92;90;90;227;2,8;1,7;
2026/05/19;0500 UTC;0;1014,4;1014,8;1014,4;;23;21,1;23,1;22,9;21,4;21,1;91;89;89;215;3,8;1,9;
2026/05/19;0600 UTC;0;1014,1;1014,4;1014;;22,4;20,4;23;22,4;21,1;20,4;89;87;88;211;4,3;1,6;
2026/05/19;0700 UTC;0;1013,7;1014,1;1013,7;;22,4;20,6;22,5;22,1;20,7;20,3;90;88;90;213;3,1;1,9;
2026/05/19;0800 UTC;0;1013,9;1013,9;1013,6;;21,8;20,2;22,4;21,8;20,6;20,2;91;89;91;221;2,8;1,8;
2026/05/19;0900 UTC;0;1014,2;1014,2;1013,9;;22,1;20,5;22,1;21,6;20,6;20,1;92;91;91;166;2,3;,9;
2026/05/19;1000 UTC;0;1014,7;1014,7;1014,2;72,1;22,3;20,7;22,3;22;20,7;20,4;91;90;91;271;1,6;,9;
2026/05/19;1100 UTC;0;1015,7;1015,7;1014,7;403,8;23,8;21,4;23,8;22,3;21,5;20,8;92;86;86;233;2,9;1,3;
2026/05/19;1200 UTC;0;1016,3;1016,3;1015,7;744,4;25,6;20,6;25,7;23,8;21,4;20,4;86;74;74;232;2,1;1,1;
2026/05/19;1300 UTC;0;1016,2;1016,5;1016,2;1245,4;26,8;20,7;26,8;25,3;20,7;19,5;74;68;69;232;2,7;1;
2026/05/19;1400 UTC;0;1015,7;1016,2;1015,7;1592,7;27,4;19,4;27,9;26,4;20,5;19;69;60;62;210;2,6;,9;
2026/05/19;1500 UTC;0;1014,8;1015,7;1014,8;1762,8;28,5;19,6;28,7;27,3;20,4;19;63;59;59;35;3,1;1,1;
2026/05/19;1600 UTC;0;1014,1;1014,9;1014,1;1278,6;27,8;19,8;28,9;27,6;20,3;19,2;63;57;62;106;2,6;,7;
2026/05/19;1700 UTC;0;1013,7;1014,1;1013,7;814,9;28,1;20;28,4;27,8;20,3;19,3;64;59;62;175;2,2;,8;
2026/05/19;1800 UTC;0;1013,7;1013,8;1013,4;689,9;27,3;20,6;28,4;27,2;21;19,5;68;59;67;198;3,7;1,4;
2026/05/19;1900 UTC;0;1013,7;1013,7;1013,5;220,2;25;21,1;27,3;25;21,1;20,4;79;66;79;203;4;1,4;
2026/05/19;2000 UTC;,2;1014,6;1014,6;1013,7;86,7;24,9;20,2;25,4;24,9;21,5;20;81;73;75;169;5;1,9;
2026/05/19;2100 UTC;0;1015;1015,1;1014,5;,5;24,4;19,9;24,9;24,4;20,2;19,9;77;75;76;176;4,9;,9;
2026/05/19;2200 UTC;0;1015,6;1015,6;1015;;24,3;20,1;24,5;24,3;20,1;19,7;77;75;77;174;3,3;,9;
2026/05/19;2300 UTC;0;1016;1016;1015,5;;24,2;20,4;24,4;24,2;20,4;20,1;80;77;80;172;4,3;1,6;
2026/05/20;0000 UTC;0;1016,4;1016,4;1016;;23,9;20,9;24,2;23,9;20,9;20,4;83;80;83;185;5;1,6;
2026/05/20;0100 UTC;0;1016,6;1016,9;1016,4;;23,5;20,8;23,9;23,5;20,9;20,7;85;83;85;176;5;,9;
2026/05/20;0200 UTC;0;1016,9;1017;1016,5;;22,7;21,1;23,5;22,7;21,1;20,7;90;85;90;200;5,4;1,9;
2026/05/20;0300 UTC;,8;1016,5;1016,9;1016,5;;22,1;20,6;22,7;22,1;21,1;20,6;91;89;91;206;5,6;2;
2026/05/20;0400 UTC;2,2;1016;1016,6;1016;;21,9;20,8;22,1;21,8;20,8;20,6;93;91;93;133;4,1;1,1;
2026/05/20;0500 UTC;,2;1015,7;1016;1015,5;;21,9;20,9;22;21,8;20,9;20,7;94;93;94;276;2,3;1,1;
2026/05/20;0600 UTC;,4;1015,3;1015,7;1015,2;;21,8;20,8;21,9;21,8;20,9;20,8;94;94;94;194;2,5;1;
2026/05/20;0700 UTC;0;1014,8;1015,4;1014,7;;21,7;20,6;21,9;21,7;20,9;20,6;94;94;94;191;3,4;1;
2026/05/20;0800 UTC;0;1014,7;1014,8;1014,4;;21,4;20,4;21,7;21,4;20,6;20,4;94;94;94;225;3,4;1,6;
2026/05/20;0900 UTC;0;1015,2;1015,2;1014,5;;21,4;20,5;21,5;21,4;20,5;20,4;94;94;94;225;2,8;1,4;
2026/05/20;1000 UTC;0;1015,2;1015,4;1015,1;100,9;22;21,1;22;21,3;21,1;20,4;95;94;95;349;2,3;,6;
2026/05/20;1100 UTC;0;1015,8;1015,8;1015,2;676,1;24,5;21,9;24,5;21,9;21,9;20,9;95;85;85;280;1,8;,6;
2026/05/20;1200 UTC;0;1016,2;1016,2;1015,8;821,7;23,3;20,4;24,5;23,2;21,6;20,3;86;82;84;211;5,7;2,3;
2026/05/20;1300 UTC;0;1016,5;1016,7;1016,1;613,4;23,7;20,4;23,7;23,3;20,8;20,2;85;82;82;194;5,7;1,8;
2026/05/20;1400 UTC;0;1016,7;1017;1016,5;1052,6;24,2;20,5;25,1;23,6;21,2;20,2;83;77;80;221;5,5;3,1;
2026/05/20;1500 UTC;0;1016,5;1016,8;1016,5;391;23,4;20,1;24,2;23,4;20,6;20,1;82;79;82;202;7,5;3;
2026/05/20;1600 UTC;,4;1016,6;1016,6;1016,2;133,1;20,6;18,7;23,4;20,6;20,3;18,7;91;82;89;223;8,2;5,1;
2026/05/20;1700 UTC;1,8;1016;1016,6;1015,9;85;19,5;18,3;20,6;19,5;18,7;18,2;93;88;93;214;13,4;3,5;
2026/05/20;1800 UTC;5,6;1015,3;1016,1;1015,2;110,3;19,7;18,8;19,7;19,4;18,8;18,3;95;93;95;38;5,8;,7;
2026/05/20;1900 UTC;,6;1014,9;1015,8;1014,9;85,6;19,7;18,9;20;19,6;19,2;18,7;95;94;95;302;2,7;,5;
2026/05/20;2000 UTC;2;1016,3;1016,5;1014,9;27,7;19,7;18,9;19,8;19,7;18,9;18,8;95;95;95;3;2,5;1;
2026/05/20;2100 UTC;,6;1016,1;1016,3;1016;;19,8;19,1;19,9;19,7;19,1;18,9;95;95;95;5;2,9;2;
2026/05/20;2200 UTC;,2;1016,5;1016,5;1016,1;;20,1;19,3;20,3;19,8;19,5;19,1;95;95;95;349;4,3;2,2;
2026/05/20;2300 UTC;,2;1016,6;1016,8;1016,1;;20;19,1;20,2;20;19,4;19,1;95;95;95;342;5,2;2,4;
2026/05/21;0000 UTC;0;1016,9;1016,9;1016,6;;19,9;19,1;20;19,9;19,1;19,1;95;95;95;317;3,4;1,1;
2026/05/21;0100 UTC;0;1016,9;1017;1016,6;;19,8;19;19,9;19,8;19,1;19;95;95;95;294;2,6;1,2;
2026/05/21;0200 UTC;,2;1016,5;1017;1016,5;;19,6;18,7;19,8;19,6;19;18,7;95;95;95;331;2,9;1,6;
2026/05/21;0300 UTC;0;1016,6;1016,6;1016,4;;19,5;18,7;19,6;19,4;18,7;18,6;95;95;95;311;2,6;1,6;
2026/05/21;0400 UTC;0;1016,4;1016,7;1016,4;;19,3;18,5;19,6;19,3;18,8;18,5;95;95;95;320;2,3;1;
2026/05/21;0500 UTC;0;1016,2;1016,4;1016,2;;19,3;18,5;19,3;19;18,6;18,3;95;95;95;283;1,8;1,1;
2026/05/21;0600 UTC;0;1015,9;1016,3;1015,9;;19,2;18,5;19,3;19;18,5;18,2;96;95;96;244;2,3;1,4;
2026/05/21;0700 UTC;0;1016;1016;1015,8;;20;19,2;20;19,2;19,2;18,6;96;95;95;223;6;2,8;
2026/05/21;0800 UTC;0;1016,5;1016,5;1016;;20;19,2;20;20;19,2;19,2;95;95;95;227;4,8;2,4;
2026/05/21;0900 UTC;0;1017;1017;1016,5;;20;19,2;20;20;19,3;19,2;95;95;95;230;5,9;1,9;
2026/05/21;1000 UTC;0;1017,6;1017,6;1017;108,1;20,4;19,6;20,4;19,9;19,6;19,1;95;95;95;247;4;2,2;
2026/05/21;1100 UTC;0;1018,6;1018,6;1017,6;362,2;21;20;21;20,4;20,1;19,6;95;94;94;241;4,4;2,9;
2026/05/21;1200 UTC;0;1019,2;1019,2;1018,6;717,3;21,8;20,3;22;20,9;20,5;19,8;94;91;91;235;5,5;3,3;
2026/05/21;1300 UTC;,2;1019,4;1019,5;1019,2;696,6;21,4;19,9;21,8;20,8;20,3;19,5;93;90;91;206;6,6;2,6;
2026/05/21;1400 UTC;0;1019;1019,4;1019;1354;23,1;19,1;23,4;21,5;20,6;19,1;91;79;79;217;6;3,6;
2026/05/21;1500 UTC;0;1018,2;1019,1;1018,2;1963,1;23,8;19,2;25,1;23;20,5;19,1;80;72;75;198;7,1;2,6;
2026/05/21;1600 UTC;0;1018,3;1018,4;1018,1;1106,7;21,9;18,6;24,2;21,8;20,2;18,3;82;75;82;201;8,3;3;
2026/05/21;1700 UTC;0;1017,7;1018,3;1017,6;959,2;23,5;19,2;23,8;21,9;19,6;18,7;82;74;77;198;6,2;2;
2026/05/21;1800 UTC;0;1017,8;1017,9;1017,7;421,8;23,1;19,3;23,5;22,7;19,6;18,9;82;77;79;191;5,7;2,2;
2026/05/21;1900 UTC;0;1018,2;1018,2;1017,7;435,8;22,7;18,6;23,6;22,7;19,3;18,4;79;75;78;202;7;2,5;
2026/05/21;2000 UTC;0;1018,9;1018,9;1018,2;56,6;22,2;18,7;22,7;22,2;18,8;18,5;81;77;81;201;7,1;2,7;
2026/05/21;2100 UTC;0;1019,9;1019,9;1018,9;;19,4;18,2;22,2;19,4;18,8;18,2;93;81;93;211;10,8;3,7;
2026/05/21;2200 UTC;0;1020,5;1020,5;1019,9;;19;17,8;19,4;19;18,2;17,8;93;92;92;220;9,5;5,7;
2026/05/21;2300 UTC;0;1021,2;1021,3;1020,5;;18,9;17,6;19;18,9;17,8;17,6;93;92;92;224;10,4;4,5;
2026/05/22;0000 UTC;0;1021,4;1021,5;1021,2;;18,9;17,1;18,9;18,8;17,6;17,1;92;89;89;221;9,5;2,5;
2026/05/22;0100 UTC;0;1021,6;1021,6;1021,3;;19,2;16,6;19,2;18,9;17,1;16,6;89;85;85;217;6,8;3,4;
2026/05/22;0200 UTC;0;1021,4;1021,6;1021,3;;19,4;16,3;19,5;19,2;16,6;16,3;85;82;82;221;6,1;3,4;
2026/05/22;0300 UTC;0;1021,4;1021,5;1021,3;;19,5;16,2;19,6;19,4;16,3;16,2;82;81;81;218;6,5;3,7;
2026/05/22;0400 UTC;0;1020,9;1021,4;1020,9;;19,4;16,1;19,6;19,4;16,2;16,1;82;80;81;216;6,5;2,9;
2026/05/22;0500 UTC;0;1020,6;1020,9;1020,5;;19,6;16;19,6;19,3;16,1;16;82;80;80;223;4,5;2,6;
2026/05/22;0600 UTC;0;1020,2;1020,6;1020,2;;19,2;16,2;19,6;19,2;16,2;15,9;83;79;82;216;5;2,1;
2026/05/22;0700 UTC;0;1019,9;1020,3;1019,9;;19,3;16,2;19,4;19,2;16,2;16;83;81;82;218;3,4;2,3;
2026/05/22;0800 UTC;0;1020;1020;1019,9;;19,6;16;19,6;19,3;16,2;16;83;80;80;206;3,2;1,5;
2026/05/22;0900 UTC;0;1020,8;1020,8;1020;;19,4;16,5;19,8;19,3;16,5;16;83;79;83;224;3,2;1,9;
2026/05/22;1000 UTC;0;1021,3;1021,3;1020,8;34,1;19,8;16,8;19,8;19,4;16,8;16,4;84;82;83;199;3,2;1,1;
2026/05/22;1100 UTC;0;1022;1022;1021,3;298,5;20,7;16,8;21,1;19,8;17,5;16,7;83;78;78;209;3,4;1,9;
2026/05/22;1200 UTC;0;1022,8;1022,8;1022,1;224,7;20,8;16,9;20,8;20,5;17;16,6;81;77;79;135;4,5;1,8;
2026/05/22;1300 UTC;0;1023,2;1023,5;1022,8;438,8;21,3;17,3;21,3;20,8;17,3;16,7;79;76;78;193;5;1,8;
2026/05/22;1400 UTC;0;1022,5;1023,2;1022,4;841,9;22,5;17,7;22,6;21,3;18,4;17,3;81;74;74;194;5,3;2,4;
2026/05/22;1500 UTC;0;1021,8;1022,5;1021,8;2004,4;24,5;17,6;24,5;22,4;17,9;16,9;75;65;65;227;5,5;3,1;
2026/05/22;1600 UTC;0;1021,1;1021,8;1021,1;1324,3;23,9;17,1;24,8;23,7;17,7;17;68;64;66;224;5,1;2,7;
2026/05/22;1700 UTC;0;1020,9;1021,1;1020,9;1024,8;24,2;17,7;24,3;23,7;17,8;17;68;65;67;213;5,3;2,4;
2026/05/22;1800 UTC;0;1021;1021,1;1020,8;618,9;22;18,1;24,2;22;18,7;17,1;81;66;78;202;7,7;2,5;
2026/05/22;1900 UTC;0;1021,2;1021,2;1020,9;383,3;21,4;17,1;22,1;21,4;18,5;17,1;80;77;77;200;6;1,9;
2026/05/22;2000 UTC;0;1021,8;1021,8;1021,2;104,4;21,2;18,1;21,4;21,2;18,1;17,2;82;77;82;187;4,5;1,3;
2026/05/22;2100 UTC;0;1022,2;1022,2;1021,8;1,4;21;18,5;21,2;21;18,6;18,1;86;82;86;206;4,9;2,1;
2026/05/22;2200 UTC;0;1022,8;1022,8;1022,2;;20,3;18,4;21;20,3;18,6;18,4;89;85;89;235;4,9;1,9;
2026/05/22;2300 UTC;0;1022,9;1022,9;1022,7;;20;18,4;20,3;20;18,5;18,4;91;89;90;225;3,4;1,2;
2026/05/23;0000 UTC;0;1022,7;1023;1022,7;;19,6;18,2;20;19,6;18,4;18,2;92;90;92;212;2,4;1,6;
2026/05/23;0100 UTC;0;1022,6;1022,8;1022,6;;19,4;18,2;19,7;19,4;18,3;18,2;93;92;93;236;2,7;1,5;
2026/05/23;0200 UTC;0;1022,4;1022,7;1022,4;;19;17,9;19,4;19;18,2;17,9;93;93;93;206;2,6;,9;
2026/05/23;0300 UTC;0;1022,2;1022,5;1022,2;;19,1;18;19,2;18,9;18,1;17,8;94;93;93;221;2,5;1,5;
2026/05/23;0400 UTC;0;1021,7;1022,2;1021,7;;19;17,6;19,3;19;17,9;17,6;93;91;92;220;2,8;1,5;
2026/05/23;0500 UTC;0;1021,3;1021,7;1021,3;;19;17,8;19,2;19;17,8;17,6;93;92;93;255;2,3;,7;
2026/05/23;0600 UTC;0;1021,2;1021,4;1021,2;;19;17,9;19,1;19;18;17,8;93;93;93;199;1,7;1,1;
2026/05/23;0700 UTC;0;1020,9;1021,2;1020,8;;19,5;18,3;19,5;19;18,3;17,9;93;93;93;142;1,8;1;
2026/05/23;0800 UTC;0;1021,1;1021,1;1020,8;;19,4;17,9;19,6;19,4;18,3;17,8;93;91;91;203;2,8;1,2;
2026/05/23;0900 UTC;0;1021,2;1021,2;1021,1;;19,2;17,9;19,4;19,2;17,9;17,8;92;91;92;229;2,2;1;
2026/05/23;1000 UTC;0;1021,8;1021,8;1021,2;42,9;19,6;18,5;19,6;19,1;18,5;17,8;93;92;93;277;2;,6;
2026/05/23;1100 UTC;,4;1022,2;1022,2;1021,7;212;19,7;18,5;20,3;19,6;18,9;18,4;93;91;92;4;4;1,5;
2026/05/23;1200 UTC;4;1022,3;1022,4;1022,2;448,5;20,6;19,6;20,6;19,7;19,6;18,5;94;92;94;132;2,5;,4;
2026/05/23;1300 UTC;0;1021,9;1022,4;1021,9;1056,1;21,8;19,6;22,2;20,4;20,4;19,3;94;87;87;218;1,6;,6;
2026/05/23;1400 UTC;0;1021,2;1021,9;1021,2;1457,8;23,1;19,6;23,8;21,8;20,9;19;88;78;81;41;2,2;1;
2026/05/23;1500 UTC;0;1020,4;1021,2;1020,4;1166,8;23,4;18,8;23,9;22,5;20,6;18,8;86;75;75;46;5,9;2,1;
2026/05/23;1600 UTC;,8;1019,9;1020,5;1019,9;333,7;21,8;20;23,4;21,2;20;18,7;90;75;90;64;6,6;,7;
2026/05/23;1700 UTC;,2;1019,9;1020,1;1019,9;727,7;21,3;19,3;22,2;21,1;20,2;18,8;90;83;89;57;6,7;1,5;
2026/05/23;1800 UTC;0;1019,5;1019,9;1019,5;902,3;22,4;18,5;22,5;21;19,6;18,4;90;78;79;92;4,7;1,9;
2026/05/23;1900 UTC;0;1019,2;1019,6;1019,2;501,5;22,3;18,4;22,9;22,2;19,4;18,2;82;78;79;60;4,5;1,7;
2026/05/23;2000 UTC;0;1019,6;1019,6;1019,2;185,7;21,8;18,5;22,5;21,8;18,7;18,2;81;77;81;60;5;2,4;
2026/05/23;2100 UTC;0;1019,4;1019,8;1019,4;1,4;20,6;18,2;21,8;20,6;18,5;18,2;86;81;86;50;4,9;2,3;
2026/05/23;2200 UTC;0;1019,8;1019,8;1019,3;;19,3;17,9;20,6;19,3;18,3;17,9;91;86;91;15;3,5;1,6;
2026/05/23;2300 UTC;0;1020,1;1020,1;1019,7;;19,1;18;19,4;18,9;18,3;17,7;94;91;94;279;2,2;1,2;
2026/05/24;0000 UTC;0;1020,2;1020,3;1020;;19,2;18,3;19,4;18,8;18,5;17,8;95;94;95;281;1,7;1,1;
2026/05/24;0100 UTC;0;1020;1020,3;1019,9;;18,8;18;19,3;18,8;18,4;18;95;95;95;278;2,5;,9;
2026/05/24;0200 UTC;0;1019,5;1020;1019,5;;18,8;18;19;18,8;18,3;18;95;95;95;327;1,7;1,1;
2026/05/24;0300 UTC;0;1019,2;1019,6;1019,2;;19,2;18,4;19,2;18,8;18,5;18;95;95;95;281;1,9;,9;
2026/05/24;0400 UTC;0;1018,7;1019,2;1018,7;;19,5;18,7;19,5;19,2;18,7;18,5;95;95;95;232;1,5;,9;
2026/05/24;0500 UTC;0;1018;1018,7;1018;;19,8;19;19,9;19,5;19,1;18,7;95;95;95;76;1,6;1,1;
2026/05/24;0600 UTC;0;1017,5;1018;1017,4;;19,1;18,3;19,8;19;19;18,2;95;95;95;17;1,8;1,4;
2026/05/24;0700 UTC;0;1016,9;1017,5;1016,9;;18,6;17,8;19,1;18,6;18,3;17,8;95;95;95;18;2,6;1,5;
2026/05/24;0800 UTC;0;1016,9;1017;1016,8;;18,4;17,7;18,6;18,3;17,8;17,6;96;95;96;11;3;1,7;
2026/05/24;0900 UTC;0;1017,6;1017,6;1016,9;;18;17,3;18,5;18;17,8;17,3;96;96;96;14;3;1,6;
2026/05/24;1000 UTC;0;1017,9;1017,9;1017,6;96,7;19,4;18,7;19,4;18;18,7;17,3;96;96;96;360;4;2,1;
2026/05/24;1100 UTC;0;1018,1;1018,3;1017,9;566,6;21;19,6;21,2;19,4;20;18,7;96;91;91;348;5,9;3,4;
2026/05/24;1200 UTC;0;1018,5;1018,5;1018,1;961,3;23,8;19,7;23,8;20,9;20,5;19,3;91;78;78;360;6,6;3,7;
2026/05/24;1300 UTC;0;1018,1;1018,5;1018,1;2003,9;25,8;18,7;26,1;23,8;19,8;18,2;78;63;65;5;7,4;4,2;
2026/05/24;1400 UTC;0;1017,3;1018,1;1017,3;2436,7;27,6;18,9;27,6;25,7;19,3;17,9;65;59;59;356;7,4;3,6;
2026/05/24;1500 UTC;0;1016,6;1017,3;1016,6;2553;28,4;18,8;28,6;27,4;19,3;18,2;60;55;56;352;6,9;3,6;
2026/05/24;1600 UTC;0;1015,8;1016,6;1015,8;2378,7;29;18,2;29;27,6;19,2;18;59;52;52;352;7,3;2,9;
2026/05/24;1700 UTC;0;1015,3;1015,8;1015,3;1995,5;27,9;18,3;29,5;27,8;19,2;17,6;56;51;56;334;5,8;2,2;
2026/05/24;1800 UTC;0;1015,2;1015,3;1015,1;1439,8;29;18,1;29,3;27,5;19;17,5;57;50;52;11;5,5;2,8;
2026/05/24;1900 UTC;0;1015,4;1015,4;1015,1;930,3;25,7;18,7;29;25,7;18,8;17,2;65;52;65;53;7;3,1;
2026/05/24;2000 UTC;0;1015,3;1015,4;1015,1;313,3;23,7;18,2;25,7;23,7;18,7;18,1;71;65;71;57;6,7;3,1;
2026/05/24;2100 UTC;0;1016,3;1016,3;1015,3;;22,4;18,6;23,7;22,2;18,6;18,2;79;71;79;51;5;2,7;
2026/05/24;2200 UTC;0;1016,8;1016,8;1016,3;;21,5;18,5;22,4;21,5;18,6;18,4;83;79;83;50;5;2,3;
2026/05/24;2300 UTC;0;1017,2;1017,2;1016,8;;20,7;18,5;21,6;20,7;18,6;18,3;87;83;87;43;3,8;1,8;
2026/05/25;0000 UTC;0;1017,4;1017,5;1017,2;;20,2;18,5;20,7;20,1;18,7;18,4;90;87;90;48;2,9;1,4;
2026/05/25;0100 UTC;0;1017,3;1017,5;1017,3;;19,8;18,2;20,4;19,8;18,6;18,2;90;89;90;340;2,2;1;
2026/05/25;0200 UTC;0;1017,1;1017,3;1017,1;;19,3;18,1;19,8;19,2;18,3;17,9;93;90;93;295;1,7;,9;
2026/05/25;0300 UTC;0;1016,9;1017,1;1016,8;;19;17,9;19,3;19;18,1;17,8;93;93;93;333;1,5;,7;
2026/05/25;0400 UTC;0;1016,9;1017;1016,7;;18,9;17,9;19,2;18,8;18,1;17,8;94;93;94;270;1;,6;
2026/05/25;0500 UTC;0;1016,8;1017;1016,8;;19,4;18,3;19,7;18,6;18,7;17,6;94;94;94;278;1,5;,4;
2026/05/25;0600 UTC;0;1015,9;1016,8;1015,9;;18,8;17,9;19,6;18,7;18,6;17,8;95;94;95;14;2,1;1,7;
2026/05/25;0700 UTC;0;1015,3;1016;1014,8;;19;18,2;19,2;18,7;18,4;17,9;95;95;95;27;2,6;1,4;
2026/05/25;0800 UTC;0;1016,6;1016,6;1015,1;;18,7;18;19;18,7;18,2;18;95;95;95;225;5;2,6;
2026/05/25;0900 UTC;0;1017;1017;1016,4;;19,3;18,5;19,3;18,6;18,5;17,9;95;95;95;205;4,1;2,1;
2026/05/25;1000 UTC;0;1017,9;1017,9;1017;63;20,5;19,4;20,5;19,3;19,4;18,6;95;93;93;214;7,1;3,7;
2026/05/25;1100 UTC;0;1018,4;1018,4;1017,9;390;21,5;19,8;21,5;20,5;19,9;19,4;93;90;90;216;7;3,4;
2026/05/25;1200 UTC;0;1019,4;1019,4;1018,4;959,9;24;21,2;24;21,5;21,3;19,8;90;84;85;217;7;2,6;
2026/05/25;1300 UTC;0;1019,4;1019,6;1019,4;1870,7;26,4;21,1;26,4;24;21,6;20,1;84;73;73;206;8;3,1;
2026/05/25;1400 UTC;0;1018,6;1019,4;1018,6;2449,6;27,1;20,3;27,3;25,8;21;20,1;73;66;66;199;7,5;3,1;
2026/05/25;1500 UTC;0;1017,6;1018,6;1017,5;2343,8;27,4;19,7;28,1;26,3;20,7;19,2;68;61;63;167;6,9;2,4;
2026/05/25;1600 UTC;0;1017,3;1017,9;1017,3;2162,3;27,8;19,7;28,3;26,6;20,7;19,4;66;61;62;197;5,7;2,1;
2026/05/25;1700 UTC;0;1016,8;1017,3;1016,8;1952,1;27,2;19,7;28,8;26,9;20,9;19,1;64;58;64;183;5,8;1,9;
2026/05/25;1800 UTC;0;1016,8;1016,9;1016,6;1188;26,1;20,1;28;26,1;20,5;19,1;70;60;69;176;5,8;2;
2026/05/25;1900 UTC;0;1017,3;1017,3;1016,8;744,5;25;19,6;26,8;25;20,6;19,6;74;68;72;204;6,4;2,8;
2026/05/25;2000 UTC;0;1017,8;1017,8;1017,3;217,5;23,6;20,2;25;23,6;20,7;19,6;81;72;81;182;6,6;2;
2026/05/25;2100 UTC;0;1018,2;1018,2;1017,8;1,7;23;20,5;23,6;22,9;20,5;20,2;86;81;86;172;6,9;2,2;
2026/05/25;2200 UTC;0;1018,9;1018,9;1018,2;;22,3;20,5;23;22,3;20,5;20,3;89;85;89;181;5,7;1,8;
2026/05/25;2300 UTC;0;1019,8;1019,8;1018,9;;21,9;20,3;22,3;21,9;20,6;20,3;91;89;91;203;5,1;1,8;
2026/05/26;0000 UTC;0;1019,8;1019,9;1019,6;;21,5;20;22;21,5;20,4;20;92;91;91;190;4,4;1,5;
2026/05/26;0100 UTC;0;1020,2;1020,2;1019,7;;20,5;19,3;21,6;20,5;20,1;19,3;93;91;93;268;4,4;,9;
2026/05/26;0200 UTC;0;1019,9;1020,2;1019,9;;21,1;20,2;21,1;20,4;20,2;19,2;94;93;94;210;3;1,1;
2026/05/26;0300 UTC;0;1019,5;1019,9;1019,5;;21,2;20;21,4;21,1;20,3;20;94;93;93;231;3,5;1,8;
2026/05/26;0400 UTC;0;1019;1019,5;1018,9;;21,2;19,8;21,2;21,1;20;19,8;93;92;92;223;3,8;1,8;
2026/05/26;0500 UTC;0;1018,5;1019;1018,5;;21,3;19,6;21,4;21,2;19,8;19,6;92;90;90;219;2,7;1,7;
2026/05/26;0600 UTC;0;1018,3;1018,6;1018,3;;21,3;19,6;21,3;21,1;19,7;19,5;91;90;90;221;2,5;1,7;
2026/05/26;0700 UTC;0;1018,1;1018,3;1018,1;;21,4;19,5;21,4;21,3;19,6;19,4;90;89;89;216;3,1;1,9;
2026/05/26;0800 UTC;0;1018,2;1018,2;1018;;21,4;19,3;21,5;21,3;19,5;19,3;89;88;88;210;3,1;1,3;
2026/05/26;0900 UTC;0;1018,6;1018,6;1018,2;;21,4;19,3;21,5;21,4;19,3;19,3;88;88;88;215;2,8;1,1;
2026/05/26;1000 UTC;0;1019,4;1019,4;1018,6;28,4;21,4;19,5;21,4;21,2;19,5;19,2;89;88;89;216;2,4;1,4;
2026/05/26;1100 UTC;0;1020,2;1020,2;1019,4;172;22,2;20;22,2;21,4;20;19,5;89;87;87;229;2,5;1,5;
2026/05/26;1200 UTC;0;1020,6;1020,6;1020,2;532,9;23,7;19,9;23,8;22,2;20,5;19,9;87;80;80;213;3,2;1,6;
2026/05/26;1300 UTC;0;1020,1;1020,6;1020,1;979,8;24,9;20,4;24,9;23,5;20,5;19,8;81;76;76;204;4,2;1,8;
2026/05/26;1400 UTC;0;1019,7;1020,1;1019,7;1699,6;25,6;19,5;25,7;24,5;20,6;19;76;68;69;191;3,9;1,5;
2026/05/26;1500 UTC;0;1018,9;1019,7;1018,9;1483,6;25,9;19,6;26,5;25,4;20,2;18,8;71;65;68;213;3,4;1,3;
2026/05/26;1600 UTC;0;1017,8;1018,9;1017,8;1064,6;26,1;19,1;26,1;25,5;19,8;18,9;69;65;65;168;2,6;1,4;
2026/05/26;1700 UTC;0;1017,2;1017,8;1017,2;1235;26,3;19;27;25,8;20;18,6;67;62;64;181;3,1;,9;
2026/05/26;1800 UTC;0;1016,8;1017,2;1016,8;670,4;26,1;19,2;26,5;26;19,2;18,4;66;62;66;122;2,8;,5;
2026/05/26;1900 UTC;0;1016,5;1016,9;1016,5;819,4;26;18,4;26,4;25,6;19,4;18,4;67;63;63;98;4,4;2,2;
2026/05/26;2000 UTC;0;1016,4;1016,6;1016,4;154,4;23,6;18,1;26;23,6;18,5;17,8;71;63;71;74;4,4;2;
2026/05/26;2100 UTC;0;1016,8;1016,8;1016,4;;22,6;18,1;23,7;22,4;18,2;17,6;76;69;76;94;4,6;2;
2026/05/26;2200 UTC;0;1017,7;1017,7;1016,8;;22,1;19,1;22,6;21,9;19,1;18,1;83;76;83;85;4,6;1,3;
2026/05/26;2300 UTC;0;1018,1;1018,1;1017,7;;21,2;19;22,1;21,2;19,1;18,7;87;83;87;7;2,3;,7;
2026/05/27;0000 UTC;0;1017,9;1018,2;1017,9;;20,2;18,9;21,2;20,2;19;18,7;92;87;92;9;1,9;1,7;
2026/05/27;0100 UTC;0;1017,7;1017,9;1017,6;;19,8;18,7;20,3;19,8;19;18,6;93;92;93;6;2,6;1,8;
2026/05/27;0200 UTC;0;1017,6;1017,8;1017,6;;19,6;18,5;20;19,6;18,9;18,5;94;93;94;6;3,1;1,5;
2026/05/27;0300 UTC;0;1017,1;1017,6;1017;;19,6;18,7;19,7;19,5;18,8;18,5;94;94;94;357;2,8;,8;
2026/05/27;0400 UTC;0;1016,3;1017,1;1016,3;;19,6;18,8;19,8;19,4;18,9;18,5;95;94;95;14;2,8;1,9;
2026/05/27;0500 UTC;0;1015,4;1016,3;1015,4;;19,8;18,9;19,9;19,6;19;18,8;95;95;95;7;3,7;2,4;
2026/05/27;0600 UTC;0;1014,6;1015,4;1014,6;;19,4;18,5;19,8;19,3;18,9;18,4;95;94;95;1;3,3;2,2;
2026/05/27;0700 UTC;0;1014,5;1014,7;1014,4;;19,2;18,2;19,6;19,2;18,7;18,2;95;94;94;360;3,3;1,9;
2026/05/27;0800 UTC;0;1014,2;1014,5;1014,2;;19,6;18,7;19,6;19;18,7;18,1;95;94;94;11;3,9;2,5;
2026/05/27;0900 UTC;0;1014,2;1014,4;1014,1;;19,9;18,7;19,9;19,6;18,8;18,7;94;93;93;1;4,4;2,4;
2026/05/27;1000 UTC;0;1014,6;1014,6;1014,2;50,6;20,4;18,9;20,4;19,8;18,9;18,6;93;91;91;8;5,7;3,6;
2026/05/27;1100 UTC;0;1014,9;1015;1014,6;459,6;21,8;19,5;21,8;20,4;19,7;18,9;91;87;87;8;5,9;3,8;
2026/05/27;1200 UTC;0;1015,1;1015,3;1014,9;780;23,1;19,6;23,4;21,8;20,2;19,2;87;80;81;358;7,7;4,6;
2026/05/27;1300 UTC;0;1015;1015,3;1015;1444,6;24,8;19,2;25,6;23,1;20,2;19;81;69;71;353;8,7;4,7;
2026/05/27;1400 UTC;0;1014,5;1015;1014,5;1669;26,3;19,4;27,3;24,7;20,2;19,1;72;63;66;1;7,8;4,4;
2026/05/27;1500 UTC;0;1013,6;1014,5;1013,6;2312;29;19,7;29,9;26,3;20,6;19,2;67;55;57;341;7;2,7;
2026/05/27;1600 UTC;0;1012,9;1013,7;1012,9;1519,1;29,1;19,6;29,5;28,5;19,9;18,6;58;53;56;294;6,3;2,6;
2026/05/27;1700 UTC;0;1012,2;1012,9;1012,2;1300,9;29,1;19;29,8;28,7;20,3;19;58;54;54;315;5,1;2,8;
2026/05/27;1800 UTC;0;1012,2;1012,2;1012,1;1101,3;29,2;18,8;29,6;28,5;19,4;18,5;56;52;53;316;5,1;2,5;
2026/05/27;1900 UTC;0;1012,6;1012,6;1012,2;788,5;28,5;19;29,7;28,5;19,4;18,4;57;52;56;328;5;1,4;
2026/05/27;2000 UTC;0;1013;1013;1012,6;210,8;25,8;19,8;28,5;25,8;19,8;18,9;70;56;70;8;2,8;1;
2026/05/27;2100 UTC;0;1014,1;1014,1;1013;;25,3;19,2;25,8;23,4;20,3;19,2;80;68;69;179;7,1;2,9;
2026/05/27;2200 UTC;0;1014,8;1014,8;1014,1;;23,9;19,7;25,3;23,9;19,7;19,1;78;69;78;180;7,5;2,3;
2026/05/27;2300 UTC;0;1015,4;1015,4;1014,8;;23,1;20,5;23,9;23,1;20,5;19,8;85;78;85;175;7;1,8;
2026/05/28;0000 UTC;0;1015,9;1015,9;1015,4;;22,9;20,5;23,2;22,8;20,6;20,4;87;85;86;175;5,8;1,9;
2026/05/28;0100 UTC;0;1016,1;1016,1;1015,9;;22,2;19,9;22,9;22,2;20,5;19,9;87;86;87;201;5,8;2,1;
2026/05/28;0200 UTC;0;1015,9;1016,1;1015,9;;21,8;19,8;22,3;21,7;20;19,7;89;87;89;196;4,9;1,1;
2026/05/28;0300 UTC;0;1015,7;1016;1015,7;;21,9;20;21,9;21,6;20;19,7;89;89;89;215;3,9;1,8;
2026/05/28;0400 UTC;0;1015,4;1015,7;1015,4;;21,6;18,7;22,2;21,6;20;18,7;89;84;84;207;6;2,9;
2026/05/28;0500 UTC;0;1015,1;1015,4;1015,1;;21,2;17,7;21,6;21,2;18,7;17,7;84;81;81;213;7,9;2,9;
2026/05/28;0600 UTC;0;1014,9;1015,1;1014,9;;20,7;18;21,2;20,6;18;17,7;85;81;84;227;5,2;2;
2026/05/28;0700 UTC;0;1015;1015;1014,8;;20,9;17,5;21;20,7;18;17,5;84;81;81;232;4,1;2;
2026/05/28;0800 UTC;0;1015,3;1015,3;1015;;20,9;17,5;20,9;20,8;17,7;17,5;82;81;81;230;3,6;2,2;
2026/05/28;0900 UTC;0;1015,8;1015,8;1015,3;;20,6;17,8;21,1;20,6;17,8;17,5;84;80;84;233;4;1,8;
2026/05/28;1000 UTC;0;1016,5;1016,5;1015,8;23,3;21,1;16,7;21,2;20,4;18,1;16,7;86;75;76;202;5;2,4;
2026/05/28;1100 UTC;0;1017,1;1017,1;1016,5;284,7;22;16,6;22;21;16,7;16,3;77;71;71;205;6,8;2,6;
2026/05/28;1200 UTC;0;1017,8;1017,8;1017,1;408,4;22;16,8;22,1;21,8;16,8;16,2;72;70;72;214;6;2,9;
2026/05/28;1300 UTC;0;1017,9;1017,9;1017,8;530,1;22,6;17;22,8;22;17,1;16,2;72;68;70;223;6;3;
2026/05/28;1400 UTC;0;1017,4;1017,9;1017,3;702,7;24;17,6;24;22,6;17,6;16,4;71;66;68;299;5,5;1,7;
2026/05/28;1500 UTC;0;1016,6;1017,4;1016,6;1073,1;24,6;18,3;24,8;23,1;19,4;17,3;76;67;68;287;3,5;1,8;
2026/05/28;1600 UTC;0;1015,8;1016,6;1015,8;1449,1;25,9;17,7;26;24,4;19;17,3;70;60;61;251;4,8;1,5;
2026/05/28;1700 UTC;0;1015,2;1015,8;1015,2;1606,1;26,5;16,8;27,3;25,8;18,9;16,3;64;53;55;213;5,7;2,6;
2026/05/28;1800 UTC;0;1015,1;1015,2;1015;1173,7;26,2;17,7;26,7;25,4;17,7;16,4;61;54;59;188;7,4;2,7;
2026/05/28;1900 UTC;0;1015,3;1015,3;1015,1;1044,3;24,5;17,4;26,2;24,5;17,8;17,2;65;59;65;186;8,3;2,5;
2026/05/28;2000 UTC;0;1015,7;1015,7;1015,3;330,1;22,8;17,1;24,5;22,8;17,6;17;70;65;70;179;8,3;2,4;
2026/05/28;2100 UTC;0;1016,6;1016,6;1015,7;1,3;21,5;18;22,8;21,5;18,2;17,1;81;70;81;183;7,3;2,2;
2026/05/28;2200 UTC;0;1017,2;1017,2;1016,6;;20,9;17,8;21,5;20,9;18,1;17,8;83;81;82;198;6,2;2,5;
2026/05/28;2300 UTC;0;1017,8;1017,8;1017,1;;20,4;17,7;20,9;20,3;18;17,7;85;82;85;208;6,9;3,4;
2026/05/29;0000 UTC;0;1017,9;1018;1017,8;;19,9;17,4;20,4;19,8;17,7;17,3;86;84;85;204;6,9;3,3;
2026/05/29;0100 UTC;0;1018,2;1018,2;1017,9;;19,4;16,9;19,9;19,4;17,3;16,9;86;85;86;229;6,5;2,8;
2026/05/29;0200 UTC;0;1018;1018,2;1018;;19,2;16,6;19,4;18,9;16,9;16,6;87;85;85;213;6,7;3,7;
2026/05/29;0300 UTC;0;1017,9;1018,1;1017,9;;18,7;16,3;19,4;18,7;16,6;16,3;86;84;86;209;7,6;3,6;
2026/05/29;0400 UTC;0;1017,7;1017,9;1017,7;;18,2;16,4;18,7;18,2;16,4;16,2;89;86;89;212;6,4;3,3;
2026/05/29;0500 UTC;0;1017,5;1017,7;1017,5;;18,1;16,3;18,2;18;16,5;16,3;90;89;89;210;5,3;2,8;
2026/05/29;0600 UTC;0;1017,1;1017,5;1017,1;;18,6;16,5;18,6;18,1;16,5;16,3;90;87;88;218;5,6;3,2;
2026/05/29;0700 UTC;0;1016,9;1017,1;1016,9;;18,6;16,3;18,8;18,2;16,5;16,3;89;86;87;218;6,1;2,5;
2026/05/29;0800 UTC;0;1017,2;1017,2;1016,9;;18,8;16,2;19;18,3;16,5;16,2;88;85;85;216;5,7;2;
2026/05/29;0900 UTC;0;1017,9;1017,9;1017,2;;18;16,3;18,8;17,8;16,3;16;90;85;90;309;4,2;2;
2026/05/29;1000 UTC;0;1018,6;1018,6;1017,9;73,5;18,6;16,9;18,6;17,7;16,9;16;91;89;90;206;3,4;2,2;
2026/05/29;1100 UTC;0;1019,2;1019,2;1018,6;483,7;21,6;16,5;21,6;18,6;17,2;16,3;90;72;73;219;6,6;3,8;
2026/05/29;1200 UTC;0;1019,8;1019,8;1019,2;921,2;23;16,9;23;21,6;17;16,3;74;67;68;214;6,6;3,2;
2026/05/29;1300 UTC;0;1019,8;1020;1019,8;1610,7;24,6;16,2;24,8;22,8;17,3;16,2;68;59;59;204;7,5;2,7;
2026/05/29;1400 UTC;0;1019,5;1019,8;1019,5;2407,1;25,2;15,4;26,2;24,5;16,8;14,8;59;52;54;198;6,5;2,6;
2026/05/29;1500 UTC;0;1018,8;1019,5;1018,8;2426,3;25,7;16;26,2;24,7;16,2;14,9;58;52;55;209;7;2,5;
2026/05/29;1600 UTC;0;1018;1018,8;1018;1173,9;24,3;16,4;26,7;24,2;16,9;15,4;63;52;61;189;7,4;2,3;
2026/05/29;1700 UTC;0;1017,4;1018;1017,4;1181,4;24,6;16,4;24,7;24,1;16,9;15,9;62;59;60;192;7,2;2,3;
2026/05/29;1800 UTC;0;1017,5;1017,5;1017,4;670,7;24;15,9;24,8;23,8;16,4;15,6;62;59;60;196;5,5;1,7;
2026/05/29;1900 UTC;0;1017,9;1017,9;1017,5;343,2;23,2;15,8;24;23,2;15,8;15,2;63;59;63;179;6,3;1,4;
2026/05/29;2000 UTC;0;1018,3;1018,3;1017,9;119,6;22,4;15,8;23,2;22,4;15,9;15,1;66;61;66;177;5,1;1,7;
2026/05/29;2100 UTC;0;1018,6;1018,6;1018,2;;21,8;16,5;22,4;21,6;16,6;15,6;72;66;72;174;4,7;1,4;
2026/05/29;2200 UTC;0;1019,2;1019,2;1018,6;;21,6;16,2;22;21,6;16,7;16,2;74;71;72;165;4,3;1,7;
2026/05/29;2300 UTC;0;1019,6;1019,7;1019,2;;19,7;16,7;21,6;19,7;16,7;16,2;83;72;83;227;4,3;1,4;
2026/05/30;0000 UTC;0;1019,6;1019,8;1019,5;;18,5;16,7;19,7;18,4;17,1;16,5;89;83;89;192;2,2;,8;
2026/05/30;0100 UTC;0;1019,6;1019,6;1019,4;;19;16,6;19,7;18,5;17,1;16,6;90;84;86;251;2;1,4;
2026/05/30;0200 UTC;0;1019,5;1019,6;1019,5;;18,9;16,3;19,4;18,9;16,7;16,2;86;84;85;229;2,1;,7;
2026/05/30;0300 UTC;0;1019,5;1019,6;1019,4;;18,5;16,7;18,9;18,2;16,9;16,1;89;85;89;294;1,5;1,2;
2026/05/30;0400 UTC;0;1018,9;1019,5;1018,9;;18,2;16,8;18,6;18,1;16,9;16,6;92;89;92;283;1,8;,7;
2026/05/30;0500 UTC;0;1018,7;1019,1;1018,7;;18,2;16,8;18,4;18,2;17;16,8;92;91;92;265;1,5;,9;
2026/05/30;0600 UTC;0;1018,4;1018,8;1018,4;;18,3;17,1;18,3;18,1;17,1;16,8;93;92;93;222;2,3;1,3;
2026/05/30;0700 UTC;0;1017,8;1018,4;1017,8;;18,4;17;18,5;18,3;17,2;16,9;93;92;92;205;1,8;,9;
2026/05/30;0800 UTC;0;1018,4;1018,4;1017,8;;17,3;16,1;18,7;17,3;17,1;16,1;93;89;93;291;2,5;1,8;
2026/05/30;0900 UTC;0;1019,1;1019,1;1018,4;;17,3;16,4;17,3;16,8;16,4;15,9;95;93;95;300;2,6;1,8;
2026/05/30;1000 UTC;0;1020;1020;1019,1;121,6;17,7;16,8;17,7;17,3;16,8;16,4;95;94;94;291;2,2;1,6;
2026/05/30;1100 UTC;0;1020,5;1020,5;1020;677,9;20,1;17,6;20,4;17,7;18,5;16,9;94;85;85;311;2,1;1,3;
2026/05/30;1200 UTC;0;1020,9;1021;1020,5;700,7;21,1;17,4;21,2;20,1;18,1;17;86;78;79;296;3;1,1;
2026/05/30;1300 UTC;0;1020,7;1021,1;1020,7;824,2;22,7;17,2;22,7;21,1;18;17,1;79;71;71;212;2,1;,6;
2026/05/30;1400 UTC;0;1019,7;1020,7;1019,7;1708,9;23,9;15,7;24,4;22,7;18,2;14,7;74;56;60;84;3,2;1,5;
2026/05/30;1500 UTC;0;1019,2;1019,7;1019,2;1354,1;24,6;15;25;23,7;16,1;15;61;55;55;16;4,3;2,2;
2026/05/30;1600 UTC;0;1018,1;1019,2;1018,1;1681,7;25,6;15,4;25,6;24,6;15,5;14;57;50;53;347;4,7;2,3;
2026/05/30;1700 UTC;0;1017,4;1018,1;1017,3;1493,7;25,9;15,2;26,1;25,1;15,4;14,5;54;50;52;345;4,7;1,8;
2026/05/30;1800 UTC;0;1017,5;1017,7;1017,4;693,3;24,9;14,3;26,1;24,9;15,3;14,1;53;50;52;10;3,3;1,3;
2026/05/30;1900 UTC;0;1017,1;1017,5;1017,1;252,2;23,8;14,5;24,9;23,7;16;13,9;62;50;56;57;3,1;1,7;
2026/05/30;2000 UTC;0;1017,4;1017,4;1017,1;188,9;21,8;14,4;23,8;21,8;14,8;13,7;63;55;63;76;3,9;2,1;
2026/05/30;2100 UTC;0;1017,7;1017,8;1017,4;;19,9;15,1;21,8;19,8;15,2;14,2;74;62;74;74;3,4;1,5;
2026/05/30;2200 UTC;0;1018,3;1018,3;1017,7;;20;15,3;20,1;19;15,3;14,9;77;74;74;47;4,2;2,4;
2026/05/30;2300 UTC;0;1018,3;1018,4;1018,2;;18,9;15,5;20,2;18,8;15,5;15,2;81;74;81;33;4,5;2,4;
2026/05/31;0000 UTC;0;1017,7;1018,5;1017,7;;19,3;15,1;19,3;18,7;15,7;15,1;81;77;77;44;3,9;2,4;
2026/05/31;0100 UTC;0;1017,7;1018,1;1017,6;;18,4;15;19,4;18,4;15,1;14,9;81;76;80;19;4,2;1,4;
2026/05/31;0200 UTC;0;1016,7;1017,7;1016,7;;18;15,3;18,4;17,7;15,3;14,9;85;80;84;65;2,9;1,6;
2026/05/31;0300 UTC;0;1017,4;1017,5;1016,7;;17;15,1;18,1;16,8;15,4;14,5;89;83;88;335;2,7;1,5;
2026/05/31;0400 UTC;0;1016,6;1017,4;1016,6;;17,5;15,3;17,6;16,8;15,6;14,9;89;87;87;352;3,4;1,8;
2026/05/31;0500 UTC;0;1015,9;1016,6;1015,9;;17,2;14,6;17,6;17,1;15,2;14,6;87;85;85;345;4;2,2;
2026/05/31;0600 UTC;0;1015,3;1015,9;1015,3;;17;14,5;17,2;16,7;14,8;14,4;87;85;85;351;3,2;2;
2026/05/31;0700 UTC;0;1015,3;1015,3;1015,1;;16,8;14,3;17,1;16,5;14,4;14,2;86;84;85;347;4,4;1,3;
2026/05/31;0800 UTC;0;1015,8;1015,8;1015,3;;16,9;14,9;17,1;16,5;15,1;14,2;88;85;88;323;3,2;1;
2026/05/31;0900 UTC;0;1016,1;1016,2;1015,7;;16,6;15,1;16,9;16,5;15,1;14,8;91;88;91;15;3,1;2,4;
2026/05/31;1000 UTC;0;1016,5;1016,5;1016;79,3;17,6;16;17,6;16,6;16;15,2;92;90;90;327;4,1;1,5;
2026/05/31;1100 UTC;0;1017;1017;1016,5;620,9;20,1;16,6;20,1;17,6;16,7;16;90;80;80;306;2,9;1,8;
2026/05/31;1200 UTC;0;1017,4;1017,4;1017;1308,5;23,8;16,7;23,9;20,1;17,4;16,4;80;65;65;294;3,5;1,6;
2026/05/31;1300 UTC;0;1017,2;1017,4;1017,2;1896,4;25,8;16,7;26,2;23,7;17,6;16,2;66;56;57;223;3;1,3;
2026/05/31;1400 UTC;0;1016,7;1017,2;1016,7;2297,8;26,5;16,9;27,4;25,6;17,7;16,6;60;54;55;190;3,5;1,7;
2026/05/31;1500 UTC;0;1015,9;1016,7;1015,9;2467,4;28,1;17,1;28,1;26,5;17,9;16,3;57;51;51;211;3,4;1,4;
2026/05/31;1600 UTC;0;1015,2;1015,9;1015,1;2444,7;27,6;17,6;28,4;27,1;17,7;16,4;55;49;55;173;4,7;1,5;
2026/05/31;1700 UTC;0;1014,5;1015,2;1014,5;1577,3;26,7;17,8;28,8;26,6;19,1;16,9;61;50;58;186;5,5;2,1;
2026/05/31;1800 UTC;0;1014,2;1014,5;1014,2;1571,5;26,8;18;27,4;26,3;18,6;17,5;60;57;59;179;6,1;2,3;
2026/05/31;1900 UTC;0;1014,5;1014,5;1014,2;967,6;24,9;18,7;26,8;24,9;18,9;17,7;68;58;68;187;8,2;2,8;
2026/05/31;2000 UTC;0;1014,9;1014,9;1014,5;292,6;23,4;18,4;25;23,4;18,9;17,9;73;68;73;171;8,2;2,1;
2026/05/31;2100 UTC;0;1015,6;1015,6;1015;1,1;22,3;18,4;23,4;22,3;18,7;18,4;79;73;79;165;6,6;2,1;
2026/05/31;2200 UTC;0;1016,2;1016,2;1015,6;;21,8;18,2;22,4;21,7;18,5;18,2;81;78;80;167;6,2;1,6;
2026/05/31;2300 UTC;0;1016,7;1016,7;1016,2;;20,9;18,3;21,7;20,9;18,4;18,2;85;80;85;192;4,8;1,1;
2026/06/01;0000 UTC;0;1016,9;1016,9;1016,7;;20,5;18,3;21,2;20,5;18,8;18,3;87;85;87;262;4;,7;
2026/06/01;0100 UTC;0;1016,7;1016,9;1016,7;;20,3;18,6;20,6;20;18,9;18;90;87;90;211;2,4;1,2;
2026/06/01;0200 UTC;0;1016,8;1016,9;1016,6;;20,8;18,6;21,3;20,3;19,2;18,5;91;86;87;166;2,6;,4;
2026/06/01;0300 UTC;0;1016,9;1016,9;1016,8;;19,8;18,1;21,2;19,8;18,8;18,1;90;86;90;322;2;1,7;
2026/06/01;0400 UTC;0;1016,8;1016,9;1016,8;;19,3;18,2;19,8;19,3;18,4;18,1;93;90;93;14;2;,9;
2026/06/01;0500 UTC;0;1016,4;1016,8;1016,4;;19,2;18,3;19,4;18,9;18,3;17,9;95;93;95;313;1,7;,6;
2026/06/01;0600 UTC;0;1016,1;1016,4;1016,1;;19,1;18,2;19,2;18,8;18,3;17,9;95;95;95;309;1,4;1;
2026/06/01;0700 UTC;0;1015,8;1016,1;1015,8;;19;18,2;19,1;19;18,3;18,1;95;95;95;360;1,9;1,2;
2026/06/01;0800 UTC;0;1015,8;1015,9;1015,8;;19;18,2;19,2;19;18,4;18,1;95;95;95;301;1,7;,7;
2026/06/01;0900 UTC;0;1016,5;1016,5;1015,8;;18,6;17,8;19,1;18,5;18,3;17,7;95;95;95;258;2;1,3;
2026/06/01;1000 UTC;0;1017;1017;1016,5;94,6;18,9;18,2;18,9;18,4;18,2;17,6;95;95;95;327;2,2;1,5;
2026/06/01;1100 UTC;0;1017,1;1017,1;1016,8;602,5;21,5;19,8;21,8;18,9;20,7;18,2;95;90;90;306;2,2;1;
2026/06/01;1200 UTC;0;1017,8;1017,8;1017,1;1225,4;23,6;19,3;23,7;21,5;20,1;19;90;77;77;326;3,7;2,3;
2026/06/01;1300 UTC;0;1017,6;1017,9;1017,6;1844,9;26;18,6;26;23,6;19,5;17,7;77;62;63;268;3,7;1;
2026/06/01;1400 UTC;0;1017;1017,6;1017;2285;26,8;17,5;26,9;25,1;18,7;16,9;63;57;57;65;3,9;1,3;
2026/06/01;1500 UTC;0;1016,2;1017;1016,2;2513,3;27,8;16,8;28,1;26,3;18,4;16,5;59;50;51;310;4,4;1,8;
2026/06/01;1600 UTC;0;1015,2;1016,2;1015,2;2465,1;28,4;17,1;29;27,4;18,9;16,3;56;49;50;245;3,5;,8;
2026/06/01;1700 UTC;0;1014,6;1015,2;1014,6;2244,3;29,2;17,1;29,5;28,2;18;16,3;52;46;48;251;3,1;1,6;
2026/06/01;1800 UTC;0;1014,6;1014,6;1014,3;1679,4;27,1;18,4;30,2;27;18,4;16;59;44;59;139;6,3;3,9;
2026/06/01;1900 UTC;0;1015,2;1015,2;1014,5;401,4;24,5;18,9;27,2;24,5;18,9;18,4;71;59;71;153;7,4;3,6;
2026/06/01;2000 UTC;0;1015,8;1015,9;1015,2;71,5;23,3;18,4;24,5;23,3;19;18,4;74;71;74;177;7,8;2;
2026/06/01;2100 UTC;0;1016,7;1016,7;1015,8;,4;23;18,6;23,3;23;18,6;18,2;76;73;76;158;6,1;2,4;
2026/06/01;2200 UTC;0;1016,7;1016,8;1016,6;;22,7;18,9;23;22,7;18,9;18,6;79;76;79;144;5,5;2,9;
2026/06/01;2300 UTC;0;1017,7;1017,7;1016,7;;22,6;19,1;22,8;22,6;19,1;18,9;81;79;81;160;5,5;1,5;
2026/06/02;0000 UTC;0;1017,6;1017,9;1017,6;;22,3;19,3;22,6;22,1;19,3;19;83;81;83;165;3,9;1,5;
2026/06/02;0100 UTC;0;1017,8;1018;1017,6;;22;19,2;22,4;22;19,3;19,2;84;82;84;183;3,6;1,1;
2026/06/02;0200 UTC;0;1017,6;1017,8;1017,6;;20,9;18,8;22;20,9;19,3;18,8;88;84;88;205;3,6;,9;
2026/06/02;0300 UTC;0;1017,8;1017,9;1017,6;;20,4;18,9;20,9;20,4;19;18,6;91;88;91;214;2,9;1,4;
2026/06/02;0400 UTC;0;1017,9;1018;1017,6;;20,7;18,4;20,7;20,2;18,9;18,4;91;87;87;200;3,1;1;
2026/06/02;0500 UTC;0;1018,1;1018,2;1017,8;;20,7;18,3;20,8;20,4;18,4;18,1;87;86;86;224;3,4;1,7;
2026/06/02;0600 UTC;0;1017,5;1018,1;1017,4;;20,7;18,6;20,7;20,6;18,6;18,3;88;86;88;223;3,6;2,2;
2026/06/02;0700 UTC;0;1016,9;1017,5;1016,9;;20,5;18,6;20,7;20,4;18,6;18,5;89;88;89;214;4,7;3;
2026/06/02;0800 UTC;0;1017,2;1017,2;1016,7;;19,8;18;20,6;19,8;18,7;18;90;88;90;221;6;3,6;
2026/06/02;0900 UTC;0;1018,2;1018,2;1017,2;;20,1;18,2;20,2;19,8;18,3;18;90;89;89;217;5,9;2,7;
2026/06/02;1000 UTC;,4;1018,8;1018,8;1018,3;9,4;19,9;18,4;20,1;19,8;18,4;18,1;91;89;91;222;6,9;3,8;
2026/06/02;1100 UTC;0;1019,7;1019,7;1018,8;56,7;19,9;18,5;20;19,9;18,5;18,4;92;91;91;214;6,1;1,7;
2026/06/02;1200 UTC;0;1020,3;1020,5;1019,7;148;20;18,2;20;19,8;18,5;17,9;91;88;89;215;3,9;1,3;
2026/06/02;1300 UTC;0;1020,5;1020,6;1020,3;1137,7;23,8;18,9;23,8;20;19,5;18;90;74;74;215;4,7;2,2;
2026/06/02;1400 UTC;0;1020,2;1020,5;1020,2;1447,8;25;18,5;25;23,1;19;17,5;74;67;67;179;5,9;1,8;
2026/06/02;1500 UTC;0;1019,7;1020,2;1019,7;2069,4;25,5;18,1;25,9;24;19,3;17,8;70;62;64;166;7,3;2,8;
2026/06/02;1600 UTC;0;1018,9;1019,8;1018,9;1710,9;25,1;17,9;25,5;24,1;18,5;17,1;68;63;64;169;6,7;2,3;
2026/06/02;1700 UTC;0;1018,5;1018,9;1018,5;1576,9;25,1;17,4;26,8;24,8;18,7;17,1;65;57;62;166;5;1,2;
2026/06/02;1800 UTC;0;1018,5;1018,5;1018,3;687,9;24,6;17,7;25,9;24,6;17,8;17;65;59;65;170;4,8;1,9;
2026/06/02;1900 UTC;0;1018,5;1018,6;1018,5;701;24,5;18,1;25;24,4;18,3;17;67;62;67;188;5,9;2,4;
2026/06/02;2000 UTC;0;1019,1;1019,1;1018,5;310,9;22,6;18,2;24,5;22,6;18,4;17,7;77;67;76;166;6,8;2,4;
2026/06/02;2100 UTC;0;1019,9;1019,9;1019,1;,8;21,9;18,5;22,6;21,9;18,6;18,2;81;76;81;192;5,9;1,1;
2026/06/02;2200 UTC;0;1020,4;1020,4;1019,8;;21,4;18,4;21,9;21,4;18,6;18,2;83;80;83;175;5,7;1,5;
2026/06/02;2300 UTC;0;1020,9;1020,9;1020,4;;21,3;19;21,6;21,3;19,1;18,4;87;83;87;198;4,4;1,3;
2026/06/03;0000 UTC;0;1021,4;1021,4;1020,9;;20,7;18,9;21,3;20,7;19,2;18,9;89;87;89;224;4,7;2,6;
2026/06/03;0100 UTC;0;1021,8;1021,8;1021,4;;20;18,7;20,7;20;19;18,7;92;89;92;232;4,7;1,7;
2026/06/03;0200 UTC;0;1021,6;1021,8;1021,6;;19;17,9;20;19;18,7;17,9;93;92;93;234;3,6;1,2;
2026/06/03;0300 UTC;0;1021,3;1021,7;1021,3;;19,2;18;19,2;18,4;18,1;17,4;95;93;93;214;5,1;3;
2026/06/03;0400 UTC;0;1021,2;1021,4;1021,2;;19;17,3;19,2;18,9;18,1;17,3;93;90;90;213;5,4;3;
2026/06/03;0500 UTC;;;;;;;;;;;;;;;;;;
2026/06/03;0600 UTC;0;1020,7;1020,9;1020,7;;18,7;17,1;19,2;18,7;17,1;16,9;90;87;90;249;4,1;1,4;
2026/06/03;0700 UTC;0;1020,9;1020,9;1020,7;;18,5;17,1;18,8;18,5;17,3;17,1;92;90;92;215;2,4;1,6;
2026/06/03;0800 UTC;0;1020,5;1020,9;1020,5;;18,1;16,9;18,5;17,4;17,1;16,3;94;92;93;209;3,5;2;
2026/06/03;0900 UTC;0;1021,1;1021,1;1020,5;;17,7;16,5;18,5;17,4;17,2;16,1;93;90;93;207;3,5;1,8;
2026/06/03;1000 UTC;0;1021,9;1021,9;1021,1;59,6;19,2;16,5;19,4;17,7;16,9;16,4;93;83;84;225;4,1;2,1;
2026/06/03;1100 UTC;0;1022,4;1022,4;1021,9;531,3;21,5;17;21,5;19,2;17,3;16,5;86;76;76;222;4,8;3;
2026/06/03;1200 UTC;0;1023,4;1023,4;1022,4;991,2;23,3;18;23,3;21,4;18;16,7;76;72;72;217;6,8;3,7;
2026/06/03;1300 UTC;0;1023,3;1023,5;1023,3;1982,5;25,1;18,1;25,1;23,1;18,4;17,4;72;64;65;224;7,1;3,6;
2026/06/03;1400 UTC;0;1022,8;1023,4;1022,8;2302,9;26,3;17,1;26,3;24;17,9;15,6;66;55;57;191;6,4;2,4;
2026/06/03;1500 UTC;0;1022,1;1022,8;1022,1;2228,9;26,9;17,4;27,1;24,2;17,6;16;62;54;56;213;6,5;2,9;
2026/06/03;1600 UTC;0;1021,4;1022,1;1021,4;2483,4;26,2;16,7;27;25,5;17,4;15,6;57;51;56;188;7,2;2,8;
2026/06/03;1700 UTC;0;1020,9;1021,4;1020,9;1601,9;25,4;16,3;26,9;24,9;17,2;15,7;59;54;57;203;6,7;3;
2026/06/03;1800 UTC;0;1021,1;1021,1;1020,9;1824,6;25,6;16,4;26,6;25,1;16,8;15,5;58;53;57;185;7,4;3,1;
2026/06/03;1900 UTC;0;1021,3;1021,3;1021,1;906;24,3;16;25,6;24,3;16,6;15,7;60;56;60;178;7,4;2,4;
2026/06/03;2000 UTC;0;1021,9;1021,9;1021,2;240,4;22,6;16,6;24,3;22,6;16,6;15,7;69;59;69;187;7;1,9;
2026/06/03;2100 UTC;0;1022,3;1022,3;1021,9;,5;21,4;17,9;22,6;21,4;17,9;16,6;80;69;80;198;6,3;2,4;
2026/06/03;2200 UTC;0;1022,7;1022,7;1022,3;;20,9;18,2;21,4;20,9;18,4;17,8;85;80;85;199;6,5;2,2;
2026/06/03;2300 UTC;0;1023,2;1023,2;1022,7;;19,9;17,8;20,9;19,9;18,2;17,8;88;84;88;212;6,5;3,2;
2026/06/04;0000 UTC;0;1023,5;1023,5;1023,2;;19,5;17,9;20;19,5;18;17,7;90;88;90;219;5,5;3,1;
2026/06/04;0100 UTC;0;1023,7;1023,7;1023,5;;19,2;17,6;19,6;19,2;17,9;17,6;90;89;90;222;5;2,3;
2026/06/04;0200 UTC;0;1023,6;1023,8;1023,6;;18,9;17,7;19,2;18,6;17,7;17,3;93;90;93;222;4,1;1,9;
2026/06/04;0300 UTC;0;1023,1;1023,6;1023,1;;19;17,6;19,3;18,9;18;17,6;93;92;92;224;4,2;2,3;
2026/06/04;0400 UTC;0;1023,5;1023,5;1023,1;;19;18;19;18,4;18;17,3;94;92;93;200;3,8;2;
2026/06/04;0500 UTC;0;1023,3;1023,8;1023,3;;18,7;17,4;19,5;18,7;18,3;17,3;93;90;92;212;7,9;2;
2026/06/04;0600 UTC;,2;1023,1;1023,3;1023,1;;18,4;17,4;18,7;18,3;17,4;17,2;94;92;94;216;4,6;2,4;
2026/06/04;0700 UTC;0;1022,9;1023,1;1022,9;;18,3;17,4;18,4;18,1;17,4;17,2;95;94;95;216;4,5;2,6;
2026/06/04;0800 UTC;0;1022,9;1023;1022,8;;18,4;17,6;18,5;18,3;17,6;17,4;95;94;95;222;5,2;2,4;
2026/06/04;0900 UTC;0;1023,2;1023,2;1022,9;;18,7;17,8;18,7;18,4;17,8;17,6;95;95;95;223;4,5;2,9;
2026/06/04;1000 UTC;0;1024,1;1024,1;1023,2;55,1;18,9;18;18,9;18,7;18;17,8;95;95;95;212;4,3;2;
2026/06/04;1100 UTC;0;1024,6;1024,6;1024;414,3;19,8;18,5;19,9;18,9;18,7;18,1;95;92;92;217;6,1;3,6;
2026/06/04;1200 UTC;0;1025,2;1025,2;1024,6;685,9;20,9;19,3;20,9;19,7;19,3;18,2;93;90;91;219;6,6;3;
2026/06/04;1300 UTC;0;1025,3;1025,3;1025,2;1116,5;21,5;18;21,8;20,8;19,3;17,9;91;80;81;220;7,3;4;
2026/06/04;1400 UTC;0;1024,7;1025,3;1024,7;1525,5;21,7;17,9;23,1;21,2;19,6;17,7;84;77;79;177;7,3;2,3;
2026/06/04;1500 UTC;0;1024,1;1024,7;1024,1;1540,2;23,4;18,5;23,7;21,7;19;18;80;72;74;215;5,8;2,8;
2026/06/04;1600 UTC;0;1023,1;1024,1;1023,1;1793,5;24,4;17,5;24,9;23,5;18,9;17,3;74;64;66;185;5,8;1,9;
2026/06/04;1700 UTC;0;1022,6;1023,1;1022,6;952,5;22,1;18;24,6;21,5;18,1;16,2;79;61;78;61;8,9;1,9;
2026/06/04;1800 UTC;0;1022,6;1022,6;1022,4;486,9;23,3;15,1;23,6;22,1;18,8;15;79;59;60;139;7,2;3,3;
2026/06/04;1900 UTC;0;1022,7;1022,7;1022,5;387,1;23,1;14,9;23,4;23,1;15,3;14,7;61;58;60;160;7,7;3,5;
2026/06/04;2000 UTC;0;1023,1;1023,1;1022,7;165,9;21,8;14,9;23,1;21,8;15,1;14,3;65;59;65;209;7,2;2,2;
2026/06/04;2100 UTC;0;1023,3;1023,3;1023,1;;20,2;16,8;21,8;19,9;17;15,2;83;65;81;216;5,1;2,8;
2026/06/04;2200 UTC;0;1023,6;1023,6;1023,3;;20,1;16,4;20,2;20,1;16,8;16,4;81;79;79;211;5;2,5;
2026/06/04;2300 UTC;0;1024;1024;1023,6;;19,6;16,3;20,1;19,6;16,4;16,3;82;79;82;216;4,3;2,6;
2026/06/05;0000 UTC;0;1024;1024;1023,9;;19,5;16,4;19,8;19,5;16,4;16,3;82;81;82;217;4,3;2,5;
2026/06/05;0100 UTC;0;1023,9;1024;1023,9;;19,4;15,7;19,6;19,3;16,4;15,7;82;79;79;213;4,1;2,8;
2026/06/05;0200 UTC;0;1023,8;1024;1023,8;;18,7;15,5;19,4;18,5;15,7;15,3;82;79;82;218;4,1;2,7;
2026/06/05;0300 UTC;0;1023,7;1023,9;1023,7;;19;16;19;18,7;16;15,5;84;82;83;220;4,5;2,7;
2026/06/05;0400 UTC;0;1023,3;1023,7;1023,3;;18,3;15,5;19,2;18,3;16;15,5;84;81;84;222;5,5;3,1;
2026/06/05;0500 UTC;0;1022,7;1023,3;1022,7;;17,7;15,1;18,5;17,7;15,5;15,1;85;83;85;227;6,1;2,8;
2026/06/05;0600 UTC;0;1022,2;1022,7;1022,2;;17,8;15,5;17,8;16,8;15,6;14,9;89;85;86;223;4,3;2,8;
2026/06/05;0700 UTC;,6;1022,4;1022,4;1022,2;;16,7;15,4;18,4;16,7;15,6;15,3;92;84;92;203;7,7;2,3;
2026/06/05;0800 UTC;,4;1022,1;1022,4;1022,1;;16,6;15,3;16,7;16,4;15,5;15,2;92;92;92;203;5,8;1,9;
2026/06/05;0900 UTC;0;1022,4;1022,4;1022,1;;16,3;15,1;16,7;16,3;15,5;15,1;93;92;92;222;4,2;2,1;
2026/06/05;1000 UTC;0;1022,8;1022,8;1022,4;59,7;16,5;15,4;16,5;15,8;15,5;14,8;94;92;94;234;3,5;2;
2026/06/05;1100 UTC;0;1023,2;1023,2;1022,8;716,2;19,4;16,8;19,4;16,5;16,9;15,4;94;85;85;221;3,5;2,1;
2026/06/05;1200 UTC;0;1023,4;1023,4;1023,2;1393,6;21,8;17,1;21,8;19,4;17,6;16,6;86;73;75;215;4,8;2,2;
2026/06/05;1300 UTC;0;1023,3;1023,4;1023,3;2003,6;22,2;16,5;23;21,6;17,9;16,5;75;69;70;219;5,2;2,6;
2026/06/05;1400 UTC;0;1022,7;1023,3;1022,7;2203,1;23,8;16,1;24,3;21,9;17,2;15,4;73;60;62;164;6,4;1,7;
2026/06/05;1500 UTC;0;1022,1;1022,7;1022,1;1094,9;22,6;15,7;23,8;21,5;17;15,4;73;62;65;167;7,5;2;
2026/06/05;1600 UTC;0;1021,6;1022,1;1021,6;852,8;21,7;15,6;23;21,3;17;14,8;75;61;68;68;6,3;2;
2026/06/05;1700 UTC;,2;1021;1021,7;1021;433;19,7;16,7;21,7;19,7;17,4;15,5;85;68;83;261;5,3;2,3;
2026/06/05;1800 UTC;,4;1020,8;1021,1;1020,8;313,9;20,1;18,1;20,1;19,6;18,3;16,5;90;81;88;309;4,5;1,1;
2026/06/05;1900 UTC;0;1020,8;1020,9;1020,6;414,7;20,2;16,9;20,9;20,1;18,3;16,9;89;80;82;237;5,4;2,8;
2026/06/05;2000 UTC;0;1021;1021;1020,8;131,4;19,2;16,6;20,2;19,2;16,9;16,5;85;81;85;225;4,6;1,9;
2026/06/05;2100 UTC;0;1021,1;1021,1;1020,9;,9;18,2;15,3;20,5;18,2;16,6;14,8;85;71;83;227;5,6;2,4;
2026/06/05;2200 UTC;0;1021;1021,1;1021;;16,5;14,7;18,2;16,4;15,3;14,6;89;83;89;223;3,4;1,8;
2026/06/05;2300 UTC;0;1021;1021,1;1021;;16,1;14,6;16,5;15,7;14,9;14,1;92;89;91;220;2,5;2;
2026/06/06;0000 UTC;0;1021;1021,1;1020,9;;16;14,2;16,2;15,9;14,7;14,2;91;89;89;221;3,2;2,1;
2026/06/06;0100 UTC;0;1021,2;1021,2;1021;;16,3;14,4;16,3;15,7;14,5;13,9;90;88;88;232;3,6;2,4;
2026/06/06;0200 UTC;0;1021,2;1021,3;1021,2;;15,8;14,2;16,4;15,8;14,4;14,1;90;88;90;227;3,6;1,8;
2026/06/06;0300 UTC;0;1020,5;1021,2;1020,5;;16,2;14,3;16,4;15,5;14,7;13,8;91;88;88;255;2,3;,8;
2026/06/06;0400 UTC;0;1020,1;1020,5;1020,1;;16,6;14,7;16,6;16;14,8;14,1;90;88;89;252;3,2;1,6;
2026/06/06;0500 UTC;0;1019,3;1020,1;1019,3;;16,3;14,4;16,8;16,3;14,9;14,4;89;87;88;240;3,3;1,9;
2026/06/06;0600 UTC;0;1018,6;1019,2;1018,6;;15,7;13,9;16,3;15,7;14,3;13,8;90;88;89;245;3,4;2,2;
2026/06/06;0700 UTC;0;1018,5;1018,6;1018,4;;14,5;13,4;15,7;14,4;13,9;13,2;93;89;93;325;3,2;1,4;
2026/06/06;0800 UTC;0;1018,4;1018,5;1018,3;;14,1;13,3;14,6;14;13,8;13,2;95;93;95;307;2,1;,6;
2026/06/06;0900 UTC;,2;1018,6;1018,6;1018,4;;14,1;13,4;14,4;13,7;13,6;12,9;96;95;96;309;1,7;1,2;
2026/06/06;1000 UTC;0;1019,1;1019,1;1018,6;56,1;14,9;14,3;15;13,6;14,3;12,9;96;95;96;328;2;1,2;
2026/06/06;1100 UTC;0;1019,2;1019,2;1019,1;660,4;16,9;16;16,9;14,9;16;14,2;96;94;94;316;2,1;1,3;
2026/06/06;1200 UTC;0;1019,3;1019,3;1019,2;1346,3;20,2;16,5;20,2;16,9;16,6;15,7;94;79;79;308;2,2;1;
2026/06/06;1300 UTC;0;1018,9;1019,3;1018,9;1850,5;22,1;14,9;22,5;20,2;16,7;14,5;79;62;63;321;3;1,7;
2026/06/06;1400 UTC;0;1018,3;1018,9;1018,3;2417,1;24,1;13,9;24,1;22,2;15,5;12,5;63;49;53;350;4,4;1,3;
2026/06/06;1500 UTC;0;1017,4;1018,3;1017,4;2473,9;23,4;12,4;24,9;23,4;14,1;12,2;54;47;50;337;4,9;1,7;
2026/06/06;1600 UTC;0;1016,1;1017,4;1016,1;2590,6;24,8;12,8;25,5;22,8;14,1;11,6;53;45;47;328;4,9;1,5;
2026/06/06;1700 UTC;0;1015,5;1016,1;1015,5;2271,6;25,5;11,5;25,8;24,4;13,3;10,9;48;41;42;273;5,3;1,5;
2026/06/06;1800 UTC;0;1015,3;1015,5;1015,3;1737,6;25,5;11,3;26,4;24,7;12,7;10,7;47;38;41;27;3,9;1,5;
2026/06/06;1900 UTC;0;1015,2;1015,3;1015,1;1033,1;24,4;11,9;26,1;24,3;13;10,7;47;41;46;74;3,9;1,2;
2026/06/06;2000 UTC;0;1015,2;1015,3;1015,1;333,2;20,3;14;24,4;20,3;14,4;11,9;67;46;67;67;5,1;2,2;
2026/06/06;2100 UTC;0;1015,5;1015,5;1015,2;,1;18,9;14,4;20,3;18,9;14,4;14;75;67;75;82;3,9;1,8;
2026/06/06;2200 UTC;0;1015,7;1015,7;1015,5;;17,5;14,3;18,9;17,5;14,5;14;81;75;81;71;3,2;1,8;
2026/06/06;2300 UTC;0;1016;1016;1015,7;;16,5;14;17,6;16,5;14,4;13,9;86;81;85;36;2,7;1,7;
2026/06/07;0000 UTC;0;1016;1016,1;1016;;16,3;14,5;16,7;16,2;14,8;14;89;85;89;351;2,5;1,2;
2026/06/07;0100 UTC;0;1016,1;1016,1;1016;;16,1;14,7;16,3;15,6;14,8;13,7;92;88;91;359;2,3;1,7;
2026/06/07;0200 UTC;0;1015,7;1016,1;1015,7;;16;14,2;16,2;16;14,7;14,2;91;89;89;360;2,7;1,7;
2026/06/07;0300 UTC;0;1015,5;1015,7;1015,5;;15,7;14,5;16;15,1;14,5;13,6;93;89;93;306;2,1;,9;
2026/06/07;0400 UTC;0;1015,3;1015,5;1015,3;;14,4;13,5;15,7;14,3;14,6;13,3;95;93;94;319;1,9;1,2;
2026/06/07;0500 UTC;0;1015;1015,3;1015;;14,6;13,8;14,9;14,2;14,1;13,4;95;94;95;308;1,8;,6;
2026/06/07;0600 UTC;0;1014,5;1015;1014,5;;14,5;13,8;14,8;14,3;14,1;13,6;96;95;96;12;2,2;2;
2026/06/07;0700 UTC;0;1014,2;1014,5;1014,2;;13,9;13,1;14,7;13,7;14;12,8;96;94;95;262;2,6;1,2;
2026/06/07;0800 UTC;0;1014,3;1014,4;1014,2;;13,4;12,7;13,9;13,3;13,1;12,6;95;95;95;315;2,8;2;
2026/06/07;0900 UTC;0;1014,8;1014,8;1014,4;;13,3;12,6;13,5;13,2;12,7;12,5;96;95;96;358;2,9;1,3;
2026/06/07;1000 UTC;0;1015,3;1015,3;1014,8;53,7;14,6;13,9;14,6;13,3;13,9;12,6;96;96;96;346;3,3;2;
2026/06/07;1100 UTC;,2;1015,9;1015,9;1015,3;638,5;17,7;15,9;17,7;14,6;16,1;13,9;96;89;89;337;3,3;1,3;
2026/06/07;1200 UTC;0;1016;1016;1015,9;1372,1;21,2;16;21,2;17,7;16,3;15,4;89;72;72;337;3,8;2,2;
2026/06/07;1300 UTC;0;1015,8;1016;1015,8;1955,8;23,6;14,9;23,9;21;16,1;14,7;72;57;58;326;5;1,8;
2026/06/07;1400 UTC;0;1015,4;1015,8;1015,4;2357,4;25,5;15;25,8;23,6;15,7;14,3;59;51;52;306;4,3;1,5;
2026/06/07;1500 UTC;0;1014,4;1015,4;1014,4;2559,5;27,5;12,9;27,5;25,5;15,6;12,6;53;41;41;307;6,4;3;
2026/06/07;1600 UTC;0;1013,4;1014,4;1013,4;2553,8;27,4;11,6;27,9;26,8;13,1;11;42;36;37;291;7,2;3,6;
2026/06/07;1700 UTC;0;1013;1013,4;1013;2263,3;27,6;10,9;28,1;27,3;12,3;9,8;38;32;35;295;7,2;2,5;
2026/06/07;1800 UTC;0;1012,9;1013;1012,9;1752,8;27,3;11,3;28;27,3;11,6;9,7;37;33;37;290;6,5;2,5;
2026/06/07;1900 UTC;0;1013,3;1013,3;1012,8;1064,1;27;11,9;27,6;26,8;12,4;11;40;36;39;308;4,7;1,3;
2026/06/07;2000 UTC;0;1013,8;1013,8;1013,3;320;24;12,7;27,2;24;12,7;11,4;49;38;49;272;3;,8;
2026/06/07;2100 UTC;0;1014,7;1014,7;1013,8;,7;21,9;15;23,9;21,9;15;13,2;65;50;65;153;5,8;2,4;
2026/06/07;2200 UTC;0;1015,7;1015,7;1014,7;;19,9;15,7;21,9;19,8;15,7;15;77;65;77;198;4,6;,9;
2026/06/07;2300 UTC;0;1016,2;1016,2;1015,7;;16,8;14,9;19,9;16,8;16,2;14,8;89;77;89;219;2,7;1,6;
2026/06/08;0000 UTC;0;1016,7;1016,7;1016,2;;17,3;15,8;17,7;16,8;16,4;15;92;89;91;211;2,5;1,5;
2026/06/08;0100 UTC;0;1017;1017;1016,6;;16,4;15,3;17,4;16,4;16,3;15,1;93;91;93;307;1,9;1;
2026/06/08;0200 UTC;0;1017,2;1017,2;1017;;16,6;15,7;16,8;16,2;15,9;15,1;95;93;95;311;2;1;
2026/06/08;0300 UTC;0;1017,4;1017,4;1017,2;;16,1;15,4;16,6;15,9;15,8;15,1;95;95;95;287;1,7;1,3;
2026/06/08;0400 UTC;0;1017,3;1017,5;1017,3;;15,3;14,6;16,1;15,2;15,4;14,5;96;95;96;298;1,9;1,4;
2026/06/08;0500 UTC;0;1016,9;1017,3;1016,9;;15;14,3;15,6;15;15;14,3;96;96;96;296;2,1;1,3;
2026/06/08;0600 UTC;0;1016,8;1016,9;1016,8;;15,1;14,5;15,1;14,6;14,5;14;96;96;96;288;1,9;1,4;
2026/06/08;0700 UTC;0;1016,7;1016,8;1016,6;;14,3;13,8;15,1;14,1;14,5;13,6;96;96;96;317;2,4;1,6;
2026/06/08;0800 UTC;0;1017,1;1017,1;1016,7;;14,5;13,9;14,6;14,2;14,1;13,6;97;96;96;297;2,4;1,7;
2026/06/08;0900 UTC;0;1017,7;1017,7;1017,1;;13,8;13,2;14,5;13,8;13,9;13,2;97;96;97;296;2,2;1;
2026/06/08;1000 UTC;0;1018,4;1018,4;1017,7;56,4;14,6;14,1;14,6;13,7;14,1;13,2;97;97;97;300;2;1,5;
2026/06/08;1100 UTC;0;1019,2;1019,2;1018,4;605,2;17,2;16,6;17,2;14,6;16,6;14,1;97;96;96;312;2,4;,9;
2026/06/08;1200 UTC;0;1019,7;1019,7;1019,2;1335,4;20,6;17,5;20,6;17,2;18,7;16,7;96;83;83;297;2,4;1,5;
2026/06/08;1300 UTC;0;1019,6;1019,8;1019,6;1922,2;23,5;16;24,1;20,6;18,3;15,9;84;63;63;326;3,1;1,3;
2026/06/08;1400 UTC;0;1019;1019,6;1019;2331,9;25,8;15,6;25,8;23,2;16,7;15,3;65;53;53;20;5;2,3;
2026/06/08;1500 UTC;0;1017,8;1019;1017,8;2544,7;26,1;15,5;26,5;25,3;15,7;14,6;55;49;52;359;6;2,5;
2026/06/08;1600 UTC;0;1016,7;1017,8;1016,7;2508,8;26,6;14,2;27,5;25,9;15,5;14;52;46;47;39;5,2;1,8;
2026/06/08;1700 UTC;0;1016,2;1016,7;1016,2;2219,5;26,9;12,7;27,2;26,2;15;12,7;48;41;41;291;4,4;1,8;
2026/06/08;1800 UTC;0;1015,8;1016,2;1015,8;1733,5;27,5;12,2;28,2;26,8;13,5;12,2;43;39;39;344;3,9;1,4;
2026/06/08;1900 UTC;0;1015,7;1015,8;1015,6;1028,2;25,6;15;28;25,6;15;11,5;52;36;52;119;3,4;1,4;
2026/06/08;2000 UTC;0;1015,9;1015,9;1015,7;282,5;22,5;16,3;25,8;22,5;16,4;15,2;68;52;68;62;3,9;2;
2026/06/08;2100 UTC;0;1016,2;1016,2;1015,9;0;20,9;16;22,5;20,9;16,7;16;75;68;73;84;4,7;2,1;
2026/06/08;2200 UTC;0;1016,7;1016,7;1016,2;;19;15,6;20,9;18,9;16,2;15,5;81;73;81;71;3,6;2,1;
2026/06/08;2300 UTC;0;1017,1;1017,2;1016,7;;17,5;15,7;19;17,5;16,1;15,1;90;81;89;13;3,1;1,5;
2026/06/09;0000 UTC;0;1017,4;1017,4;1017,1;;17,3;15,8;17,7;17,1;16,3;15,4;91;89;91;310;3;1;
2026/06/09;0100 UTC;0;1017,7;1017,7;1017,4;;17;16;17,6;17;16,4;15,7;94;91;94;270;1,6;,8;
2026/06/09;0200 UTC;0;1017,4;1017,7;1017,4;;17,4;16,5;17,5;17;16,5;16;94;94;94;322;1,3;,9;
2026/06/09;0300 UTC;0;1016,9;1017,4;1016,9;;16,7;15,9;17,4;16,7;16,5;15,9;95;94;95;357;1,7;1,2;
2026/06/09;0400 UTC;0;1016,7;1016,9;1016,7;;16,7;16;17;16,5;16,2;15,7;96;95;96;329;1,7;1,5;
2026/06/09;0500 UTC;0;1016,1;1016,7;1016,1;;15,2;14,6;16,7;15,1;16;14,4;96;95;96;255;1,7;1,2;
2026/06/09;0600 UTC;0;1015,6;1016,1;1015,6;;15,8;15,1;16;15,2;15,4;14,7;96;96;96;238;1,4;,8;
2026/06/09;0700 UTC;0;1015,6;1015,6;1015,5;;15,5;14,9;15,8;14,7;15,2;14,1;96;96;96;284;2,2;1,7;
2026/06/09;0800 UTC;,2;1015,7;1015,7;1015,4;;14,6;14;15,5;14,2;14,8;13,7;97;96;97;325;2,9;1;
2026/06/09;0900 UTC;0;1016,4;1016,4;1015,7;;14,4;13,9;14,6;14,4;14,1;13,9;97;97;97;353;2,3;1,6;
2026/06/09;1000 UTC;0;1016,9;1016,9;1016,4;74,5;15,2;14,6;15,2;14,1;14,6;13,6;97;97;97;6;2,5;1,4;
2026/06/09;1100 UTC;0;1017,2;1017,2;1016,8;502,6;17,2;16,5;17,2;15,2;16,6;14,7;97;96;96;4;4,4;2,5;
2026/06/09;1200 UTC;0;1017,5;1017,5;1017,2;1221,7;20,1;16,7;20,3;17,2;17,7;16,4;96;80;81;351;6,2;4,1;
2026/06/09;1300 UTC;0;1017,1;1017,5;1017,1;1831,9;24;15,7;24,4;20,2;17;15,7;81;60;60;349;6,2;3,4;
2026/06/09;1400 UTC;0;1016,3;1017,2;1016,3;2250,6;26,8;15,8;26,9;24;16,3;15,2;60;51;51;324;6,6;3,1;
2026/06/09;1500 UTC;0;1014,9;1016,3;1014,9;2402,1;27,8;14,1;28,3;26,4;15,6;12,8;51;40;43;303;7,1;3,1;
2026/06/09;1600 UTC;0;1013,7;1014,9;1013,7;2404,3;28,6;13,6;28,6;27,8;13,7;12,7;43;38;40;327;7,2;2,9;
2026/06/09;1700 UTC;0;1012,8;1013,7;1012,8;2012,3;28,4;13,6;29,2;27,9;14,3;13,1;42;38;40;293;5,9;2,3;
2026/06/09;1800 UTC;0;1012,3;1012,8;1012,3;1571,9;28,3;13,5;28,8;27,5;14,8;13,3;46;40;40;347;5,2;2,5;
2026/06/09;1900 UTC;0;1012,2;1012,3;1012,1;923;27,4;14,6;28,4;27,2;14,6;13,4;45;40;45;344;4,8;2;
2026/06/09;2000 UTC;0;1012,6;1012,6;1012,2;261,1;23,4;16,5;27,5;23,4;16,5;14,4;65;45;65;46;3,5;2,1;
2026/06/09;2100 UTC;0;1013;1013;1012,6;;20,8;17;23,6;20,7;17;16,2;79;65;79;60;3,5;2,1;
2026/06/09;2200 UTC;0;1013,3;1013,3;1013;;19,7;16,6;20,8;19,7;17,1;16,6;83;78;83;72;3,5;2,4;
2026/06/09;2300 UTC;0;1013,7;1013,7;1013,2;;19;16,1;20;19;16,7;16,1;83;80;83;74;3,9;2,3;
2026/06/10;0000 UTC;0;1014;1014;1013,6;;18,3;16,5;19;18,3;16,8;15,9;89;83;89;61;3,3;1,4;
2026/06/10;0100 UTC;0;1014,2;1014,2;1014;;17,5;16,1;18,5;17,5;17;16,1;92;89;92;291;2,6;1,5;
2026/06/10;0200 UTC;0;1014,1;1014,3;1013,9;;17,1;16;17,5;17;16,2;15,8;93;92;93;312;2,6;1,7;
2026/06/10;0300 UTC;0;1013,5;1014,1;1013,4;;16,9;15,8;17,3;16,8;16,3;15,8;94;93;94;339;2,1;1,6;
2026/06/10;0400 UTC;0;1013;1013,5;1013;;16,6;15,4;17;16,4;16;15,3;94;93;93;337;2,9;1,9;
2026/06/10;0500 UTC;0;1012,7;1013;1012,7;;16,9;15,2;16,9;16,6;15,4;15,1;93;90;90;325;2,8;1,7;
2026/06/10;0600 UTC;0;1012,3;1012,7;1012,3;;16,8;15,3;17;16,5;15,3;14,9;91;89;91;352;3,2;1,8;
2026/06/10;0700 UTC;0;1012,4;1012,4;1012,2;;16,5;14,7;17,2;16,5;15,5;14,7;91;88;89;313;2,5;1,6;
2026/06/10;0800 UTC;0;1012,6;1012,6;1012,3;;15,8;14,4;16,6;15,7;15,1;14,1;92;89;91;261;3;1,6;
2026/06/10;0900 UTC;0;1013,5;1013,5;1012,6;;15,1;14,1;16;15,1;14,7;14;94;91;94;298;2,5;1,9;
2026/06/10;1000 UTC;0;1014;1014,3;1013,5;46,3;15,8;14,8;15,8;15,1;14,8;14,1;94;94;94;280;2,7;1;
2026/06/10;1100 UTC;0;1014,9;1014,9;1014;537,1;18,9;16,6;18,9;15,8;16,8;14,9;94;86;86;324;3;1,6;
2026/06/10;1200 UTC;0;1015,3;1015,4;1014,9;1238,6;22,7;17;22,7;18,9;17,5;16,4;86;70;70;307;2,6;1,7;
2026/06/10;1300 UTC;0;1015,5;1015,7;1015,3;1834;25,5;15,7;25,6;22,5;17,3;15;70;55;55;251;3,2;1,6;
2026/06/10;1400 UTC;0;1014,8;1015,5;1014,8;2231,6;27,4;13,6;27,5;25,3;16,2;13,2;55;41;43;206;4,8;2,1;
2026/06/10;1500 UTC;0;1013,8;1014,8;1013,8;2455,7;28,2;13,2;28,4;27,4;14,6;12,8;44;38;40;230;5,5;1,9;
2026/06/10;1600 UTC;0;1013,2;1013,8;1013,1;2160;28,4;14,4;29;27,8;14,9;12,5;43;38;42;200;4,3;1,1;
2026/06/10;1700 UTC;0;1012,3;1013,2;1012,3;1678,7;27,8;14,2;28,7;27,8;15;13,5;45;40;44;157;3,3;1,6;
2026/06/10;1800 UTC;0;1012,5;1012,5;1012,2;1186,5;26,6;15;28,2;26,6;15,8;14,3;50;44;49;185;4,6;1,8;
2026/06/10;1900 UTC;0;1012,9;1012,9;1012,5;647,5;24,7;16,8;26,7;24,7;16,8;15;61;49;61;181;5,4;2;
2026/06/10;2000 UTC;0;1013,3;1013,3;1012,9;168,3;22,9;18,1;24,7;22,9;18,2;16,4;74;62;74;186;6;2,3;
2026/06/10;2100 UTC;0;1014,3;1014,4;1013,3;,7;21,8;19,3;22,9;21,7;19,3;18,1;86;74;86;186;5,4;1,5;
2026/06/10;2200 UTC;0;1014,9;1014,9;1014,3;;21,1;19,5;21,8;21;19,5;19,2;91;86;91;197;4,3;1,2;
2026/06/10;2300 UTC;0;1015,1;1015,2;1014,9;;19,8;18,6;21,1;19,8;19,5;18,6;93;91;93;235;4,2;1,3;
2026/06/11;0000 UTC;0;1015,4;1015,4;1015;;19,6;18,7;19,8;19,3;18,8;18,3;95;93;95;275;2,3;,5;
2026/06/11;0100 UTC;0;1015,2;1015,5;1015,2;;19,1;18,3;19,8;18,8;19;18;95;94;95;1;1,3;,4;
2026/06/11;0200 UTC;0;1015,3;1015,3;1015,1;;18,6;17,9;19,3;18,5;18,5;17,7;96;95;95;260;1,8;1,1;
2026/06/11;0300 UTC;0;1015,2;1015,3;1015,2;;18,6;17,9;18,9;18,6;18,2;17,9;96;95;96;300;2;1,4;
2026/06/11;0400 UTC;0;1014,6;1015,2;1014,6;;18,1;17,4;18,6;17,7;17,9;17;96;96;96;231;2;1,5;
2026/06/11;0500 UTC;0;1014,2;1014,6;1014,2;;18,3;17,7;18,3;18;17,7;17,4;96;96;96;233;2,8;1,8;
2026/06/11;0600 UTC;0;1014;1014,2;1013,9;;18;17,4;18,3;18;17,6;17,3;96;96;96;278;2,8;1,4;
2026/06/11;0700 UTC;0;1013,8;1014,2;1013,6;;17,7;17,1;18,1;17,5;17,5;16,9;96;96;96;225;2,3;,7;
2026/06/11;0800 UTC;,2;1014;1014;1013,6;;18,2;17,6;18,4;17,7;17,7;17,1;96;96;96;239;2,2;1,2;
2026/06/11;0900 UTC;0;1014,5;1014,5;1014;;17,9;17,3;18,3;17,9;17,7;17,3;96;96;96;246;1,6;1;
2026/06/11;1000 UTC;0;1015,1;1015,4;1014,5;44,2;18,6;18;18,6;17,9;18;17,3;96;96;96;359;2,6;1,3;
2026/06/11;1100 UTC;0;1015,6;1015,6;1015,1;177,2;19,2;18,5;19,2;18,6;18,5;18;96;96;96;302;2;,5;
2026/06/11;1200 UTC;0;1016,5;1016,6;1015,6;591,7;21;19,8;21;19,2;19,9;18,5;96;93;93;307;1,9;,9;
2026/06/11;1300 UTC;0;1016,6;1016,7;1016,3;846,6;23;19,8;23;21;19,8;19,2;93;82;82;319;2,1;1,3;
2026/06/11;1400 UTC;0;1016;1016,6;1015,9;1248,4;24,3;19,6;24,8;22,8;20,4;19,4;83;74;75;65;2,8;1,4;
2026/06/11;1500 UTC;0;1014,9;1016;1014,9;1362,5;24,8;18,3;26,1;24,2;20;18,3;76;65;67;54;4,4;2;
2026/06/11;1600 UTC;0;1013,9;1014,9;1013,8;1586;26,8;18,6;26,9;24,8;19,5;18,2;70;60;61;23;4,2;1,7;
2026/06/11;1700 UTC;0;1013,6;1013,9;1013,6;1315,3;26,4;18;27,6;26,3;19,1;17,7;62;57;60;13;3,8;1,7;
2026/06/11;1800 UTC;0;1013,4;1013,6;1013,3;585,8;26;18;26,5;25,9;18,4;17,5;62;59;62;336;3;,9;
2026/06/11;1900 UTC;0;1013,4;1013,5;1013,2;290,6;24;19;26;24;19,5;17,7;75;60;74;74;3,3;1,3;
2026/06/11;2000 UTC;0;1013,6;1013,6;1013,3;44,5;22,7;19,2;24;22,7;19,3;19,1;81;74;81;71;4,3;1,8;
2026/06/11;2100 UTC;0;1014,1;1014,1;1013,6;;22,2;19,5;22,7;22,1;19,5;19,2;85;81;85;46;3,8;2,2;
2026/06/11;2200 UTC;0;1014,4;1014,5;1014,1;;21,7;19,8;22,2;21,7;19,8;19,5;89;85;89;25;4,6;2,5;
2026/06/11;2300 UTC;,4;1014,5;1014,5;1014;;21,3;20;21,7;21,3;20,1;19,8;92;89;92;19;4,6;2;
2026/06/12;0000 UTC;0;1015,1;1015,1;1014,5;;21,1;20;21,3;21,1;20;19,9;93;92;93;352;3,6;2;
2026/06/12;0100 UTC;0;1014,9;1015,1;1014,9;;21;19,6;21,2;21;19,9;19,6;93;91;91;2;3,1;1,3;
2026/06/12;0200 UTC;0;1014,4;1014,9;1014,4;;20,6;19,3;21;20,6;19,6;19,3;92;91;92;323;2,9;1,6;
2026/06/12;0300 UTC;0;1014,2;1014,4;1014,1;;20,2;18,9;20,7;20,2;19,3;18,8;92;92;92;10;2,4;1,6;
2026/06/12;0400 UTC;0;1013,6;1014,2;1013,5;;20,1;19;20,2;19,9;19;18,8;94;92;94;4;4,5;2,6;
2026/06/12;0500 UTC;0;1013,2;1013,6;1013,2;;19,8;18,7;20,1;19,7;19,1;18,6;94;93;94;334;4,5;1,7;
2026/06/12;0600 UTC;0;1012,8;1013,2;1012,7;;19,4;18,4;19,8;19,3;18,7;18,3;94;94;94;348;4,5;2;
2026/06/12;0700 UTC;0;1012,6;1012,8;1012,6;;18,9;18;19,4;18,9;18,4;18;94;94;94;341;3,3;1;
2026/06/12;0800 UTC;0;1012,8;1012,9;1012,6;;19;18,2;19,2;18,8;18,4;17,9;95;94;95;336;4,3;1,4;
2026/06/12;0900 UTC;0;1013,1;1013,1;1012,6;;19;18,2;19,1;19;18,3;18,1;95;95;95;359;5,6;2,9;
2026/06/12;1000 UTC;0;1014;1014;1013,1;41,1;19,3;18,3;19,3;18,9;18,3;18;95;94;94;351;5,6;2,9;
2026/06/12;1100 UTC;0;1014,4;1014,4;1014;539,5;21,5;19,2;21,5;19,3;19,3;18,4;94;87;87;335;5,7;3,1;
2026/06/12;1200 UTC;0;1014,5;1014,6;1014,4;1276,9;23,8;19,6;23,8;21,5;19,6;18,9;87;76;77;344;6,4;3,6;
2026/06/12;1300 UTC;0;1014,1;1014,5;1014,1;1693;25,6;19,4;25,6;23,6;19,5;18,6;77;68;68;336;7;3,5;
2026/06/12;1400 UTC;0;1013,4;1014,1;1013,4;2055,8;26,7;19,3;26,9;25,3;19,6;18,5;69;61;64;337;7,3;4,4;
2026/06/12;1500 UTC;0;1012,1;1013,4;1012,1;2328;27,2;17,8;28,2;26,3;19,5;17,8;64;55;57;337;7,8;4,5;
2026/06/12;1600 UTC;0;1011,1;1012,2;1011,1;2215,4;28,7;18,3;28,8;27,1;18,5;17,5;57;53;53;354;8,8;4,6;
2026/06/12;1700 UTC;0;1010,1;1011,1;1010,1;1887,7;27,4;18,2;29,4;27,4;18,8;17,8;58;52;57;342;8;4,2;
2026/06/12;1800 UTC;0;1010;1010,1;1009,9;1019,7;27,4;18,8;28,4;26,9;19,2;18,2;61;56;60;326;7,8;2,8;
2026/06/12;1900 UTC;0;1010,3;1010,3;1010;1058,7;28,3;18,9;29,1;27,4;19,1;18,4;60;54;57;322;5,4;3;
2026/06/12;2000 UTC;0;1011,1;1011,3;1010,2;155,8;26,4;18,4;28,3;26;19;18,2;65;56;61;350;5,5;3,2;
2026/06/12;2100 UTC;0;1011,2;1011,5;1011,1;;24,9;18,8;26,4;24,9;18,8;18;69;60;69;31;5,7;2,4;
2026/06/12;2200 UTC;0;1011,7;1011,7;1011,2;;24;19,4;24,9;23,9;19,8;19,1;76;69;76;59;6,6;2,2;
2026/06/12;2300 UTC;0;1011,9;1012;1011,7;;23,5;19,4;24;23,4;19,9;19,4;80;76;78;56;4,5;2,2;
2026/06/13;0000 UTC;0;1011,6;1012;1011,5;;22,7;19,2;23,5;22,7;19,6;19,2;82;78;81;35;4,8;2,1;
2026/06/13;0100 UTC;0;1011,8;1012,1;1011,6;;23;18,8;23,5;22,6;19,2;18,8;81;76;77;2;5,7;2,2;
2026/06/13;0200 UTC;0;1012,4;1012,5;1011,6;;23,5;18,7;23,6;22,8;19;18,7;79;74;75;1;7;4;
2026/06/13;0300 UTC;0;1012;1012,5;1011,8;;22,2;18,6;23,5;22,2;18,8;18,6;80;74;80;354;6,6;2,3;
2026/06/13;0400 UTC;0;1011,7;1012,1;1011,6;;21,7;18,8;22,2;21,6;18,8;18,6;83;80;83;332;5,7;2,7;
2026/06/13;0500 UTC;0;1011,1;1011,7;1011,1;;21,7;18,7;21,9;21,6;18,9;18,6;83;83;83;339;6,1;3,2;
2026/06/13;0600 UTC;0;1010,3;1011,1;1010,3;;21,3;18,5;21,7;21,3;18,7;18,5;85;83;84;6;5,9;3;
2026/06/13;0700 UTC;0;1010,2;1010,5;1010,1;;21;18,7;21,3;20,8;18,8;18,4;88;84;87;5;5,9;3,9;
2026/06/13;0800 UTC;0;1010,5;1010,6;1010,1;;21;18,7;21,1;20,7;18,7;18,5;87;86;86;360;7,3;4,5;
2026/06/13;0900 UTC;0;1010,7;1010,7;1010,3;;20,7;18,5;21,1;20,7;18,7;18,5;87;86;87;360;7,6;3,9;
2026/06/13;1000 UTC;0;1011,2;1011,3;1010,7;48,4;21,8;18,6;21,8;20,7;18,6;18,5;87;82;82;337;6,7;3,5;
2026/06/13;1100 UTC;0;1012,4;1012,4;1011,1;657,7;25,4;19;25,5;21,8;19,3;18,6;82;67;68;359;6,7;3,4;
2026/06/13;1200 UTC;0;1013,2;1013,2;1012,4;1358,5;28,8;18,3;28,8;25,4;19,4;18;68;53;53;314;10;5;
2026/06/13;1300 UTC;0;1013,1;1013,2;1013;1868,5;29,3;17,7;30,2;28,8;18,6;17,4;53;48;50;325;11,6;6,1;
2026/06/13;1400 UTC;0;1012,7;1013,2;1012,7;2123,5;30,7;17,6;30,7;29,1;18;17,3;51;45;46;325;12,1;5,9;
2026/06/13;1500 UTC;0;1012,4;1012,8;1012,4;2384,2;29,8;17,2;31,6;29,8;18,1;17,1;47;44;47;301;12,7;7,3;
2026/06/13;1600 UTC;0;1011,5;1012,4;1011,5;2091,7;30,2;17,8;30,7;29,6;18,5;17,3;49;47;47;284;12,7;5,2;
2026/06/13;1700 UTC;0;1011,3;1011,5;1010,9;1473;28,9;18;30,9;28,9;18,1;17,3;52;46;52;287;11,4;4,9;
2026/06/13;1800 UTC;0;1010,9;1011,4;1010,6;476,2;28;18,4;28,9;28;18,4;17,9;56;52;56;306;9;3,3;
2026/06/13;1900 UTC;0;1011,1;1011,1;1010,6;432,6;27,7;18,8;28,6;27,7;19,3;18,3;60;55;59;262;6,7;2,2;
2026/06/13;2000 UTC;0;1011,8;1011,8;1011,1;204,2;26,2;19;27,7;26,2;19,5;18,8;66;58;65;197;4,8;2;
2026/06/13;2100 UTC;0;1012,6;1012,6;1011,7;,9;23,5;19,8;26,2;23,5;19,8;19;80;65;79;183;9,1;2;
2026/06/13;2200 UTC;0;1014,2;1014,3;1012,6;;22,4;19,4;23,6;22,4;19,9;19,3;83;79;83;233;6,4;2,7;
2026/06/13;2300 UTC;0;1014,7;1014,9;1014,2;;22,3;19,7;22,5;22,2;19,8;19,3;86;83;86;208;6,6;2,5;
2026/06/14;0000 UTC;0;1015,1;1015,1;1014,7;;21,9;19,8;22,3;21,7;19,9;19,6;88;85;88;206;5,3;2,5;
2026/06/14;0100 UTC;0;1015,6;1015,6;1015,1;;21,3;19,6;22;21,3;19,9;19,5;90;88;90;219;5,3;2,6;
2026/06/14;0200 UTC;0;1015,6;1015,7;1015,5;;21,2;19,4;21,3;21,1;19,6;19,3;90;89;89;213;5,3;2,6;
2026/06/14;0300 UTC;0;1015,5;1015,7;1015,4;;20,5;19;21,2;20,5;19,3;19;91;89;91;233;4,5;2;
2026/06/14;0400 UTC;0;1015,1;1015,5;1015,1;;19,9;18,8;20,5;19,6;19;18,3;94;91;93;226;2,9;,9;
2026/06/14;0500 UTC;0;1015;1015,2;1015;;19,4;18,5;19,9;19,1;19;18,2;95;93;95;225;1,8;1,1;
2026/06/14;0600 UTC;0;1014,7;1015;1014,6;;19,4;18,6;19,6;19,1;18,8;18,2;95;94;95;259;1,4;,6;
2026/06/14;0700 UTC;0;1014,7;1014,7;1014,4;;19;18,3;19,5;18,7;18,7;17,9;95;95;95;242;1,6;1,3;
2026/06/14;0800 UTC;0;1014,9;1015;1014,6;;19,4;18,6;19,5;19;18,8;18,2;95;95;95;217;1,8;,7;
2026/06/14;0900 UTC;0;1015,6;1015,6;1014,8;,2;19,5;18,8;19,6;19,4;18,8;18,6;95;95;95;3;1,8;1,3;
2026/06/14;1000 UTC;0;1016,5;1016,6;1015,6;27,5;19,9;19,2;19,9;19,6;19,2;18,8;95;95;95;318;1,8;,4;
2026/06/14;1100 UTC;0;1017;1017;1016,5;187,4;21;20,2;21;19,9;20,2;19,2;95;95;95;219;2,3;1,4;
2026/06/14;1200 UTC;0;1017,5;1017,6;1017;450,1;22,4;19,9;22,4;21,1;20,6;19,9;95;86;86;222;3,4;1,8;
2026/06/14;1300 UTC;0;1017,6;1017,7;1017,5;748,2;23,6;19,8;23,7;22,4;20,1;19,6;86;79;79;228;3,5;1,6;
2026/06/14;1400 UTC;0;1016,9;1017,7;1016,9;1140,1;24,1;19;24,5;23,6;20,2;19;79;73;73;206;3,6;1,3;
2026/06/14;1500 UTC;0;1016,1;1016,9;1016,1;950;24,5;18,9;24,7;23,9;19,4;18,1;74;69;71;172;2,5;1;
2026/06/14;1600 UTC;0;1015;1016,1;1015;1045,4;25,3;18,5;25,7;24,2;19,4;18,3;72;66;66;138;2,4;,7;
2026/06/14;1700 UTC;0;1014,2;1014,9;1014,2;1420,2;25,5;18,5;26;24,6;19,2;18,1;69;64;65;95;3,3;1,4;
2026/06/14;1800 UTC;0;1014,1;1014,3;1014;990,6;25,5;19,3;25,9;25,2;19,3;18,1;68;64;68;87;3,9;1,8;
2026/06/14;1900 UTC;0;1014,3;1014,3;1013,9;589,9;24,5;18,8;25,6;24,5;19,1;18,5;71;66;71;72;4,5;2,2;
2026/06/14;2000 UTC;0;1014,7;1014,7;1014,1;293,9;23,3;17,9;24,8;23,3;19;17,9;72;67;72;80;5;2,2;
2026/06/14;2100 UTC;0;1014,8;1014,8;1014,5;;21,8;18,3;23,3;21,8;18,3;17,8;80;72;80;71;4;1,9;
2026/06/14;2200 UTC;0;1015,3;1015,3;1014,8;;21,2;18,4;21,8;21,2;18,4;18,3;84;80;84;64;2,8;1,6;
2026/06/14;2300 UTC;0;1016;1016;1015,3;;20,8;19,1;21,2;20,7;19,1;18,4;90;84;90;87;2,7;1,4;
2026/06/15;0000 UTC;0;1016,1;1016,2;1015,9;;20,5;19,2;20,8;20,3;19,2;18,9;93;90;93;102;2;,9;
2026/06/15;0100 UTC;0;1016,6;1016,7;1016,1;;19,6;18,5;20,7;19,6;19,5;18,4;94;92;94;305;1,4;1,2;
2026/06/15;0200 UTC;0;1016,1;1016,6;1016,1;;19,6;18,7;19,6;19,2;18,7;18,3;95;94;95;318;1,8;,6;
2026/06/15;0300 UTC;0;1015,6;1016,1;1015,5;;19,2;18,3;19,6;19,2;18,7;18,2;95;94;94;266;1,3;,8;
2026/06/15;0400 UTC;0;1015,4;1015,9;1015,4;;19,6;18,8;19,7;19,2;18,9;18,3;95;94;95;317;1,8;1;
2026/06/15;0500 UTC;0;1014,5;1015,4;1014,5;;20;19,1;20;19,4;19,1;18,6;95;95;95;110;1,5;,6;
2026/06/15;0600 UTC;0;1014,3;1014,5;1014,3;;20,3;19,4;20,3;20;19,4;19,1;95;95;95;211;1,4;,9;
2026/06/15;0700 UTC;0;1013,9;1014,5;1013,9;,1;20,4;19,4;20,7;20,3;19,8;19,4;95;94;94;25;2,6;2;
2026/06/15;0800 UTC;0;1014,1;1014,2;1013,9;;20,7;19,7;20,7;20,4;19,7;19,4;94;94;94;357;2,7;1,2;
2026/06/15;0900 UTC;0;1014,1;1014,2;1013,9;;20,8;19,8;21;20,7;20;19,8;94;94;94;355;2,6;1,7;
2026/06/15;1000 UTC;0;1014,2;1014,4;1014,1;34,9;20,9;20;20,9;20,7;20;19,6;94;94;94;6;4,2;2,3;
2026/06/15;1100 UTC;0;1014,6;1014,7;1014,2;246,4;21,3;20,3;21,3;20,9;20,3;20;94;94;94;14;4;1,8;
2026/06/15;1200 UTC;0;1014,6;1014,6;1014,5;617;23,5;20,3;23,5;21,3;20,5;19,7;94;82;82;1;4,7;2,6;
2026/06/15;1300 UTC;0;1014,4;1014,7;1014,4;1671,2;26,8;19,6;27,2;23,5;20,6;19;82;64;65;353;7,1;4,3;
2026/06/15;1400 UTC;0;1013,7;1014,4;1013,7;2275,1;29,2;19,9;29,2;26,7;20;19,1;65;57;57;356;8,4;4,3;
2026/06/15;1500 UTC;0;1012,8;1013,7;1012,8;2230,6;28,5;18;31;28,5;19,8;17,7;57;48;53;319;7,4;3,1;
2026/06/15;1600 UTC;0;1011,7;1012,8;1011,7;2347,3;31,5;17,9;31,6;28,5;19,5;17,4;53;44;44;326;8,1;3,6;
2026/06/15;1700 UTC;0;1011,4;1011,8;1011,4;1062,6;30,4;18,4;31,8;29,9;18,5;17,2;49;44;49;283;7,5;2,7;
2026/06/15;1800 UTC;0;1011,8;1011,8;1011,3;702,6;26,4;18,6;30,4;26,4;19;18;62;48;62;201;11,1;5,4;
2026/06/15;1900 UTC;0;1012,1;1012,1;1011,7;482,1;24,5;19,6;26,4;24,5;19,8;18,7;74;62;74;200;11,1;4,3;
2026/06/15;2000 UTC;0;1012,7;1012,7;1012;268,8;23,7;19,5;24,6;23,7;19,9;19,5;77;74;77;204;10,9;4,4;
2026/06/15;2100 UTC;0;1013,5;1013,5;1012,7;;23,1;20,4;23,7;23;20,4;19,5;85;77;85;185;9,9;2,1;
2026/06/15;2200 UTC;0;1014;1014;1013,5;;22,9;20,7;23,1;22,8;20,7;20,3;88;85;88;200;4,9;2,2;
2026/06/15;2300 UTC;0;1014,2;1014,3;1013,9;;22,6;20,9;22,9;22,5;21;20,7;90;88;90;208;4,9;1,9;
2026/06/16;0000 UTC;0;1014,4;1014,4;1014;;22,4;20,9;22,6;22,4;21,1;20,9;92;90;92;224;4,2;2,3;
2026/06/16;0100 UTC;0;1014,5;1014,6;1014,3;;22,4;21;22,5;22,2;21,1;20,8;92;91;92;184;3,4;1;
2026/06/16;0200 UTC;0;1014,3;1014,8;1014,3;;22,3;20,9;22,5;22,3;21,1;20,9;92;92;92;260;2,5;,4;
2026/06/16;0300 UTC;0;1013,9;1014,6;1013,9;;21,8;20,7;22,3;21,8;20,8;20,6;93;92;93;298;1,9;1,2;
2026/06/16;0400 UTC;0;1013,2;1014;1013,2;;21,7;20,7;21,8;21,4;20,7;20,4;94;93;94;236;2,7;1,7;
2026/06/16;0500 UTC;0;1012,8;1013,3;1012,8;;21,6;20,5;21,7;21,6;20,7;20,5;94;94;94;243;3,7;1,9;
2026/06/16;0600 UTC;0;1012;1012,8;1012;;21;20;21,6;21;20,5;20;94;94;94;213;3,9;1,1;
2026/06/16;0700 UTC;0;1012;1012,2;1011,6;;20,8;19,9;21;20,6;20;19,7;95;94;94;262;3;1,2;
2026/06/16;0800 UTC;0;1011,9;1012,3;1011,9;;20,4;19,5;20,8;20,3;19,9;19,5;95;94;95;224;2,7;2;
2026/06/16;0900 UTC;0;1012,4;1012,4;1011,9;;20,3;19,5;20,4;20,2;19,6;19,4;95;95;95;256;2,7;1,3;
2026/06/16;1000 UTC;0;1013,1;1013,2;1012,4;50,8;20,4;19,7;20,4;20,1;19,7;19,3;95;95;95;222;3,4;1,8;
2026/06/16;1100 UTC;0;1013,6;1013,6;1013,1;388,4;21,6;20,4;21,8;20,5;20,9;19,7;95;93;93;223;3,9;2,6;
2026/06/16;1200 UTC;0;1014,1;1014,2;1013,6;666,4;22,8;20,4;22,9;21,6;20,9;20,2;93;86;86;227;5,8;2,8;
2026/06/16;1300 UTC;0;1014;1014,2;1014;1682,6;24,8;20;25,4;22,8;20,8;19,6;86;73;75;217;6,5;3,6;
2026/06/16;1400 UTC;0;1013,6;1014,1;1013,6;1398;25,2;20,3;26,1;24,4;20,8;19,7;77;70;74;220;6,5;1,8;
2026/06/16;1500 UTC;0;1013;1013,6;1013;1677,3;27;20,4;27;25,2;20,7;19,6;75;68;68;225;4,5;2;
2026/06/16;1600 UTC;0;1012,4;1013;1012,4;1073,9;24,6;19;27,5;24,5;20,4;19;76;63;71;220;11;5,8;
2026/06/16;1700 UTC;0;1012,1;1012,4;1012;2007,7;23,5;19,4;24,6;23,1;20,1;18,9;80;71;78;222;17,7;9,6;
2026/06/16;1800 UTC;0;1013,1;1013,1;1012,1;1383;22,3;19,7;24;22,3;20,2;19,3;85;77;85;214;17,7;6,6;
2026/06/16;1900 UTC;0;1013,8;1013,8;1013;671,4;21,7;19,3;22,5;21,6;20,2;19,3;88;85;86;206;14;5,2;
2026/06/16;2000 UTC;0;1014,7;1014,7;1013,8;120,9;20,3;18,8;21,7;20,3;19,3;18,8;92;85;91;207;13,1;4,9;
2026/06/16;2100 UTC;0;1015,1;1015,1;1014,6;1,3;19,7;18,4;20,3;19,6;18,8;18,3;93;90;93;208;11,8;5,2;
2026/06/16;2200 UTC;0;1015,6;1015,6;1015,1;;19,7;18,5;19,7;19,6;18,5;18,4;93;93;93;205;9,5;4;
2026/06/16;2300 UTC;0;1016,2;1016,2;1015,6;;19,3;18,3;19,7;19,3;18,5;18,2;94;93;94;219;7,9;3,8;
2026/06/17;0000 UTC;,4;1016,7;1016,7;1016,2;;19,1;18,2;19,3;19,1;18,3;18,1;94;94;94;208;6,7;2,7;
2026/06/17;0100 UTC;,6;1016,9;1016,9;1016,6;;18,8;18;19,1;18,7;18,2;17,9;95;94;95;213;5,9;2,9;
2026/06/17;0200 UTC;,2;1016,8;1017;1016,7;;18,5;17,7;18,8;18,5;18;17,7;95;95;95;217;5,8;2,5;
2026/06/17;0300 UTC;0;1016,7;1016,8;1016,7;;18,2;17,4;18,5;18,1;17,7;17,3;95;95;95;214;5,1;3,2;
2026/06/17;0400 UTC;0;1016,6;1016,8;1016,5;;18,4;17,5;18,5;18,2;17,6;17,4;95;94;94;218;7,1;3,4;
2026/06/17;0500 UTC;0;1016,3;1016,6;1016,3;;18,2;17,2;18,5;18,2;17,5;17,2;94;94;94;222;5,9;3,1;
2026/06/17;0600 UTC;0;1016,1;1016,3;1016,1;;18;17,1;18,2;17,8;17,2;16,8;94;94;94;212;5,2;2,1;
2026/06/17;0700 UTC;0;1016;1016,2;1015,9;;18,4;17,1;18,4;18;17,1;16,9;94;92;92;215;6,8;3,8;
2026/06/17;0800 UTC;0;1016,2;1016,2;1015,9;;18,3;17,1;18,4;18,1;17,1;16,8;93;92;93;215;6;2,4;
2026/06/17;0900 UTC;0;1016,8;1016,8;1016,2;;18,3;17,2;18,3;18;17,2;16,9;93;93;93;212;3,8;1,7;
2026/06/17;1000 UTC;0;1017,5;1017,5;1016,8;51;18,8;17,3;18,8;18,3;17,3;17;93;90;91;216;4,1;1,9;
2026/06/17;1100 UTC;0;1018,1;1018,1;1017,6;382,1;20;17,9;20;18,8;18;17,3;91;87;87;221;4,5;2,3;
2026/06/17;1200 UTC;0;1018,8;1018,8;1018,1;944,4;22,3;18,2;22,3;20;18,3;17,5;87;77;78;227;4;2,3;
2026/06/17;1300 UTC;0;1018,9;1019;1018,8;1318;22,9;17,1;23,4;22,1;18,3;16,8;77;68;70;212;4,1;1,6;
2026/06/17;1400 UTC;0;1018,9;1019;1018,9;1212,3;23,2;16,6;23,5;22,8;17,7;16,4;72;66;66;214;4,1;2,3;
2026/06/17;1500 UTC;,2;1018,3;1018,9;1018,3;1520,8;24,2;16,5;24,9;23;18,5;15,8;70;61;62;225;3,9;2,2;
2026/06/17;1600 UTC;0;1017,3;1018,3;1017,3;2392,2;25,4;16,6;25,6;24;17,3;16,1;64;57;58;190;4,4;1,6;
2026/06/17;1700 UTC;0;1016,8;1017,3;1016,8;1965,5;24,5;16,6;26,2;23,7;17,3;15,6;65;54;61;172;5,1;1,9;
2026/06/17;1800 UTC;0;1016,4;1016,8;1016,4;1246,9;24,9;16,5;25,3;23,6;17;15,6;64;58;60;199;5,1;2;
2026/06/17;1900 UTC;0;1017;1017;1016,4;634,2;22,4;16,6;25,3;22,4;17;15,9;70;58;70;196;7;3,5;
2026/06/17;2000 UTC;0;1017,7;1017,7;1017;406,6;21,2;16,9;22,4;21,2;17;16,5;76;70;76;195;7,2;2,4;
2026/06/17;2100 UTC;0;1018,3;1018,3;1017,7;3,8;20,1;17;21,2;20,1;17,2;16,9;82;76;82;202;5,5;1,8;
2026/06/17;2200 UTC;0;1018,9;1018,9;1018,2;;20,1;16,9;20,2;20;17;16,9;83;82;82;212;6,2;2,7;
2026/06/17;2300 UTC;0;1019,4;1019,4;1018,9;;19;16,9;20,1;19;16,9;16,7;88;82;88;213;5,2;2,2;
2026/06/18;0000 UTC;0;1020,1;1020,1;1019,4;;18,9;16,6;19,1;18,7;16,9;16,6;89;86;86;223;5,2;2,8;
2026/06/18;0100 UTC;0;1020,2;1020,3;1020;;18,2;16,1;19;18,2;16,6;16,1;88;86;88;226;5,2;2,9;
2026/06/18;0200 UTC;0;1020,2;1020,3;1020,1;;17,9;15,9;18,2;17,9;16,1;15,8;88;88;88;219;4,4;2,8;
2026/06/18;0300 UTC;0;1020,3;1020,3;1020,1;;17,2;15,6;17,9;17,2;15,9;15,5;91;88;91;226;4,3;2,2;
2026/06/18;0400 UTC;0;1020,2;1020,3;1020,2;;17,5;15,7;17,6;17,2;16;15,6;91;89;89;215;4,7;2,1;
2026/06/18;0500 UTC;0;1020,1;1020,3;1020,1;;17,2;15,4;17,5;17,2;15,7;15,3;90;89;89;215;4,6;2,3;
2026/06/18;0600 UTC;0;1020,1;1020,1;1020;;17,4;15,2;17,6;17,2;15,5;15,2;89;87;87;214;5;2,8;
2026/06/18;0700 UTC;0;1020,2;1020,2;1020;;17,2;14,9;17,7;17,2;15,4;14,9;87;86;87;216;6,8;3;
2026/06/18;0800 UTC;0;1020,4;1020,4;1020,2;;17,1;14,5;17,4;17,1;15;14,5;87;85;85;211;5,4;3,5;
2026/06/18;0900 UTC;0;1020,7;1020,7;1020,4;;16,9;14,2;17,2;16,8;14,5;14,2;85;84;84;218;5,8;3,8;
2026/06/18;1000 UTC;0;1021,5;1021,5;1020,7;42,2;17,7;14,1;17,7;16,8;14,2;13,9;84;79;79;222;5,8;3,7;
2026/06/18;1100 UTC;0;1021,9;1021,9;1021,5;540,5;19,7;14,2;19,7;17,7;14,4;14,1;79;70;70;220;7,9;4,8;
2026/06/18;1200 UTC;0;1022,6;1022,6;1021,9;1331,6;21,2;13,5;21,3;19,7;14,3;13,4;70;61;62;222;9,5;5,5;
2026/06/18;1300 UTC;0;1022,7;1022,7;1022,6;1783,6;22,1;12,4;22,5;21,1;14;11,7;63;52;54;217;10,2;4,2;
2026/06/18;1400 UTC;0;1022,4;1022,8;1022,4;1922;23,7;12,7;23,9;22,1;13,1;11,7;55;48;50;226;8,5;4,1;
2026/06/18;1500 UTC;0;1021,8;1022,4;1021,8;2561,9;24,6;12,2;24,9;23,7;12,6;11,1;50;44;46;204;9,1;3,5;
2026/06/18;1600 UTC;0;1021,1;1021,8;1021,1;2530;25,4;11,4;25,5;24,3;12,5;10,2;46;40;42;212;7,7;2,6;
2026/06/18;1700 UTC;0;1020,7;1021,1;1020,7;2269,4;25;11,3;25,9;24,8;12,3;10,9;44;41;42;183;6,8;1,9;
2026/06/18;1800 UTC;0;1020,7;1020,7;1020,5;1641,2;24,1;12,8;25,8;24,1;13,3;10,9;50;40;49;171;7,3;3,1;
2026/06/18;1900 UTC;0;1021;1021;1020,7;1078,3;23;12,3;24,1;23;13,3;12,2;52;48;51;165;8,6;3,1;
2026/06/18;2000 UTC;0;1021,2;1021,2;1020,9;356,3;21,6;14,1;23;21,6;14,1;12,3;62;51;62;167;8,3;2,9;
2026/06/18;2100 UTC;0;1021,4;1021,4;1021,1;2,2;20;14,4;21,6;20;14,5;14,1;70;62;70;175;7,3;1,4;
2026/06/18;2200 UTC;0;1021,9;1021,9;1021,4;;18,7;14,6;20,1;18,6;14,6;14,2;77;70;77;187;4,6;1,2;
2026/06/18;2300 UTC;0;1022,6;1022,6;1021,9;;17;14,3;19,2;17;14,7;14,1;84;75;84;229;4,3;2,2;
2026/06/19;0000 UTC;0;1022,9;1022,9;1022,6;;15,9;14;17;15,9;14,5;13,9;89;84;89;218;2,9;2;
2026/06/19;0100 UTC;0;1023,2;1023,2;1022,9;;15,8;13,9;16,3;15,8;14,4;13,9;89;88;89;200;2,4;1;
2026/06/19;0200 UTC;0;1023,2;1023,2;1023,1;;16,1;13,8;16,3;15,8;14,2;13,4;89;85;86;218;2,6;1,9;
2026/06/19;0300 UTC;0;1022,8;1023,2;1022,8;;15,6;13,8;16,1;15,1;13,8;13;89;85;89;216;2,9;1,2;
2026/06/19;0400 UTC;0;1022,7;1022,8;1022,7;;16,4;13,7;16,6;15,1;14,3;13;89;84;84;183;2,8;1;
2026/06/19;0500 UTC;0;1022,4;1022,7;1022,4;;16,4;13,6;17;16,2;14;13,3;84;81;83;204;3,1;1,7;
2026/06/19;0600 UTC;0;1021,9;1022,4;1021,9;;15,8;13,4;16,8;15,8;13,7;13,3;86;81;86;266;3,3;,7;
2026/06/19;0700 UTC;0;1021,8;1022;1021,8;;16,1;13,9;16,1;15,2;14;13,3;90;86;87;251;1,8;1;
2026/06/19;0800 UTC;0;1021,7;1021,9;1021,7;0;16,4;14,2;16,4;15,9;14,4;13,8;90;87;87;283;2,2;,8;
2026/06/19;0900 UTC;0;1021,7;1021,8;1021,7;;16,3;15;16,4;16,2;15;14,2;92;87;92;114;2,2;,3;
2026/06/19;1000 UTC;0;1021,6;1021,7;1021,5;30,3;17,1;16,3;17,1;16,1;16,3;15;95;92;95;224;3,6;1,7;
2026/06/19;1100 UTC;0;1021,7;1021,8;1021,6;300,4;17;16,1;17,4;16,4;16,5;15,5;95;94;94;306;4;1,7;
2026/06/19;1200 UTC;0;1021,9;1021,9;1021,7;770,6;19,3;16,9;19,3;17,1;17,1;15,9;94;86;86;334;2,8;1,6;
2026/06/19;1300 UTC;0;1021,3;1021,9;1021,3;1842,5;22,5;16,5;22,5;19,3;17,2;15,9;86;69;69;322;4,8;2,7;
2026/06/19;1400 UTC;0;1020,8;1021,3;1020,8;2303,2;24,5;15,5;24,7;22;16,4;15,1;69;57;57;329;5,3;2,7;
2026/06/19;1500 UTC;0;1020;1020,8;1020;2524,5;24,8;14,7;25,7;23,8;15,6;14,7;59;52;53;12;5,5;1,7;
2026/06/19;1600 UTC;0;1018,5;1020;1018,5;2288,5;25,2;14,7;26,2;24,6;15,6;14,5;56;51;52;20;5,5;1,8;
2026/06/19;1700 UTC;0;1017,6;1018,5;1017,6;1196,9;25,3;14,5;26,3;24,9;15,3;14;53;49;51;32;4,6;1,8;
2026/06/19;1800 UTC;0;1016,9;1017,6;1016,9;1642,7;26,8;13,8;27,4;25,3;14,7;13,3;51;42;45;39;4,6;1,8;
2026/06/19;1900 UTC;0;1016,7;1016,9;1016,7;1057,3;24,3;15,3;26,9;24,3;15,6;12,8;58;42;57;87;7,4;3,6;
2026/06/19;2000 UTC;0;1017;1017;1016,7;343,5;22,1;15,6;24,3;22,1;15,6;14,7;67;57;67;73;8,1;3,2;
2026/06/19;2100 UTC;0;1017,3;1017,3;1017;1,9;19,9;16,5;22,1;19,9;16,5;15,6;80;67;80;81;5,2;2,3;
2026/06/19;2200 UTC;0;1017,6;1017,6;1017,3;;18,7;16,3;19,9;18,7;16,6;16,3;86;80;86;74;4,3;1,9;
2026/06/19;2300 UTC;0;1018;1018;1017,6;;17,9;16,5;18,7;17,9;16,6;16,2;92;86;92;63;3,4;1,5;
2026/06/20;0000 UTC;0;1018;1018,1;1017,9;;16,9;15,9;17,9;16,6;16,5;15,5;94;91;94;35;2,4;1,7;
2026/06/20;0100 UTC;0;1018;1018,1;1018;;17;16,1;17,3;16,9;16,5;16;95;94;95;303;2,7;1,4;
2026/06/20;0200 UTC;0;1017,8;1018;1017,8;;16,5;15,7;17;16;16;15,1;95;94;95;336;2,5;1,4;
2026/06/20;0300 UTC;0;1017,4;1017,8;1017,4;;16,8;16;16,9;16,3;16,2;15,5;96;95;96;351;2,7;1,6;
2026/06/20;0400 UTC;0;1017,1;1017,4;1017,1;;16,6;15,9;16,8;16;16;15,3;96;95;96;346;2,6;1,6;
2026/06/20;0500 UTC;,2;1016,7;1017,1;1016,7;;17,1;16,5;17,3;16,5;16,6;15,8;96;96;96;335;2,6;1,5;
2026/06/20;0600 UTC;0;1016;1016,7;1016;;16,1;15,4;17,1;16,1;16,5;15,4;96;96;96;16;2,8;2;
2026/06/20;0700 UTC;0;1015,4;1016;1015,4;;16,7;16;16,7;16;16,1;15,4;96;96;96;352;4,1;2,6;
2026/06/20;0800 UTC;0;1015,4;1015,5;1015,4;;16,4;15,7;17;16,4;16,4;15,7;96;96;96;349;4,9;2,4;
2026/06/20;0900 UTC;0;1015,8;1015,8;1015,4;;15,8;15,1;16,4;15,7;15,6;15;96;95;96;360;3,9;2,3;
2026/06/20;1000 UTC;,2;1016;1016;1015,8;41,4;16,3;15,6;16,3;15,4;15,6;14,7;96;96;96;357;3,9;2,4;
2026/06/20;1100 UTC;0;1016,5;1016,5;1016;565,2;18,7;16,9;18,7;16,3;17,2;15,7;96;89;89;358;4,9;2,6;
2026/06/20;1200 UTC;0;1016,7;1016,8;1016,5;1300,4;21,7;16,8;21,7;18,7;17,4;16,6;89;73;74;346;5,1;2,8;
2026/06/20;1300 UTC;0;1016,1;1016,7;1016;1905,7;24,3;14,3;24,8;21,5;16,9;14,3;74;54;54;338;7,6;4,3;
2026/06/20;1400 UTC;0;1015,2;1016,1;1015,2;2290,3;26,4;13,4;26,6;24,3;14,8;13,4;55;44;45;333;8,3;3,9;
2026/06/20;1500 UTC;0;1014,1;1015,2;1014,1;2572,6;27,3;12,7;27,8;26,1;13,7;11,9;46;39;41;336;8,6;4,8;
2026/06/20;1600 UTC;0;1012,7;1014,1;1012,7;2546,8;27,9;12,6;28,2;27,1;13;11;41;36;39;329;9,3;4,2;
2026/06/20;1700 UTC;0;1011,8;1012,7;1011,8;2211,8;28,4;11,6;28,6;27,7;12,5;11;39;34;35;327;8,4;4,2;
2026/06/20;1800 UTC;0;1011,3;1011,9;1011,3;1746,8;28,5;10,9;28,8;27,4;11,6;10,4;36;33;34;330;7,9;3,3;
2026/06/20;1900 UTC;0;1011,4;1011,5;1011,3;1083,8;27,6;11,3;28,6;27,5;11,4;10,4;36;33;36;330;6,7;2,8;
2026/06/20;2000 UTC;0;1011,9;1011,9;1011,3;314,3;23,3;15,1;27,6;23,3;15,1;10,9;60;36;60;46;5,2;3;
2026/06/20;2100 UTC;0;1012,2;1012,2;1011,7;,4;21,4;15,3;23,3;21,4;15,4;14,8;68;60;68;34;6,4;3;
2026/06/20;2200 UTC;0;1012,3;1012,5;1012,2;;20,2;16;21,4;20;16;15,2;77;68;77;34;4,8;3;
2026/06/20;2300 UTC;0;1012,2;1012,4;1012,2;;19,1;16;20,2;19,1;16,2;15,8;82;77;82;33;4,5;2,4;
2026/06/21;0000 UTC;0;1011,6;1012,3;1011,6;;18,8;16,4;19,1;18,8;16,5;16;86;82;86;33;4,4;2,9;
2026/06/21;0100 UTC;0;1010,3;1011,6;1010,3;;19,6;17,3;19,7;18,7;17,7;16,3;90;86;86;41;8,2;4,2;
2026/06/21;0200 UTC;0;1010,6;1010,7;1010;;18,2;16,1;19,6;18,2;17,2;16,1;88;86;87;1;8,2;2,7;
2026/06/21;0300 UTC;0;1011,6;1011,6;1010,6;;17,6;15,7;18,2;17,5;16,1;15,6;89;87;89;27;4,3;2,1;
2026/06/21;0400 UTC;0;1011,7;1012;1011,7;;17,3;15,5;17,6;17,1;15,7;15,3;90;89;89;6;3,3;1,6;
2026/06/21;0500 UTC;0;1011,3;1011,7;1011,3;;18;14,5;18;17,2;15,4;14,3;89;80;80;356;6;2,7;
2026/06/21;0600 UTC;0;1010,5;1011,3;1010,5;;17,8;14,5;18,4;17,7;14,6;14,2;81;78;81;11;7,5;3,1;
2026/06/21;0700 UTC;0;1010,4;1011;1010,4;;19,5;15;19,5;17,8;15,1;14,6;82;75;75;346;9,5;5,8;
2026/06/21;0800 UTC;0;1011;1011,1;1010,2;;19;14,6;19,7;18,9;14,9;14,5;76;73;75;353;9,5;3,3;
2026/06/21;0900 UTC;0;1012,4;1012,4;1011;;18,5;14,6;19,1;18,5;14,7;14,5;78;75;78;347;6,9;2,6;
2026/06/21;1000 UTC;0;1013,5;1013,5;1012,4;42,8;18,1;15,1;18,5;17,9;15,1;14,6;83;78;83;358;4,3;1,1;
2026/06/21;1100 UTC;0;1014,4;1014,4;1013,5;253,7;19;15,8;19,1;17,9;16;15;85;80;82;78;2,8;1,8;
2026/06/21;1200 UTC;0;1015,3;1015,4;1014,4;949,9;23,7;18;24;19;18,2;15,9;83;69;70;105;2,8;,8;
2026/06/21;1300 UTC;0;1015,7;1015,8;1015,3;1541,1;24,8;18,8;25;23,4;19,4;17,9;74;69;69;209;5;3;
2026/06/21;1400 UTC;0;1015,4;1015,8;1015,3;2233,5;26,7;18;26,8;24,7;19,4;17,6;70;59;59;231;6,2;3,1;
2026/06/21;1500 UTC;0;1014,8;1015,4;1014,8;2485,5;27,6;17,3;28;26;18,6;16,7;60;53;54;192;5,5;2;
2026/06/21;1600 UTC;0;1014,1;1014,8;1014,1;1987,4;26,4;17,6;27,8;25,8;18,6;16,9;60;54;59;173;5,4;2,3;
2026/06/21;1700 UTC;0;1013,8;1014,1;1013,8;1455,1;25,9;17,7;27,2;25,6;18,1;17,1;62;55;61;161;6,4;2,9;
2026/06/21;1800 UTC;0;1014,1;1014,1;1013,8;1025,5;25,5;19,2;26,2;24,7;19,4;17,7;69;60;68;185;8;3;
2026/06/21;1900 UTC;0;1014,7;1014,8;1014;815,8;22,8;18,3;25,5;22,8;19;18,2;76;67;76;184;8,8;3,2;
2026/06/21;2000 UTC;0;1015,5;1015,5;1014,7;167,7;22,2;17,6;22,9;22,1;18,3;17,5;76;74;75;174;8;2,4;
2026/06/21;2100 UTC;0;1016,1;1016,1;1015,5;3,6;21,8;17,5;22,2;21,7;17,7;17,4;77;75;77;185;6,4;1,5;
2026/06/21;2200 UTC;0;1016,6;1016,6;1016,1;;21;17,2;21,8;21;17,5;17,1;79;76;79;199;5,2;1,5;
2026/06/21;2300 UTC;0;1016,8;1016,8;1016,5;;19,6;17;21;19,6;17,4;17;85;79;85;208;3,4;2,4;
2026/06/22;0000 UTC;0;1017;1017;1016,8;;18,7;16,9;19,7;18,5;17,3;16,5;89;85;89;261;3,4;,6;
2026/06/22;0100 UTC;0;1017,1;1017,1;1017;;18,7;17,1;18,8;17,9;17,3;16,1;92;89;91;223;2,2;,7;
2026/06/22;0200 UTC;0;1016,9;1017,2;1016,9;;17,5;16,5;18,7;17,4;17;16,2;93;90;93;350;1,5;,2;
2026/06/22;0300 UTC;0;1016,6;1016,9;1016,5;;17;16,2;17,7;16,8;16,8;15,8;95;93;95;343;2,2;1,3;
2026/06/22;0400 UTC;0;1016,7;1016,8;1016,6;;17,8;17,1;17,9;16,7;17,1;15,9;95;95;95;348;2,4;1,7;
2026/06/22;0500 UTC;0;1016,3;1016,7;1016,3;;17,3;16,5;17,8;17,3;17;16,5;95;95;95;5;2,1;1,3;
2026/06/22;0600 UTC;0;1016,3;1016,4;1016,2;;17,4;16,7;17,5;17;16,7;16,2;95;95;95;337;1,8;1,4;
2026/06/22;0700 UTC;0;1016,4;1016,4;1016,2;;16,7;16;17,4;16,7;16,5;16;96;95;96;290;1,8;1,5;
2026/06/22;0800 UTC;0;1016,6;1016,6;1016,4;;16;15,4;16,7;16;16;15,4;96;96;96;294;1,8;1;
2026/06/22;0900 UTC;0;1017,2;1017,2;1016,6;;15,9;15,3;16,1;15,7;15,5;15,1;96;96;96;323;1,4;,9;
2026/06/22;1000 UTC;0;1017,8;1017,8;1017,2;40,8;16,5;15,9;16,5;15,9;15,9;15,3;96;96;96;328;1,9;1,1;
2026/06/22;1100 UTC;0;1018,4;1018,4;1017,8;540,2;18,5;17,8;18,5;16,5;17,8;16;96;96;96;294;2,4;1,4;
2026/06/22;1200 UTC;0;1018,7;1018,7;1018,4;1228;22,7;18,4;22,7;18,5;19,9;17,8;96;77;77;331;2,5;1,2;
2026/06/22;1300 UTC;0;1018,4;1018,7;1018,4;1845;24,9;17,5;25,1;22,7;18,9;17,3;78;63;63;345;5,1;2,6;
2026/06/22;1400 UTC;0;1017,9;1018,4;1017,9;2183,3;26;17,6;26,6;24,9;18,1;17,1;64;58;60;31;5,5;2,1;
2026/06/22;1500 UTC;0;1016,7;1017,9;1016,7;2095;27;17,2;28;25,5;18,4;16,9;61;53;55;29;5,2;2,7;
2026/06/22;1600 UTC;0;1015,3;1016,7;1015,3;2160,1;27,7;16,4;28,8;25,8;18;16,4;60;49;50;8;5,5;3,1;
2026/06/22;1700 UTC;0;1014,1;1015,3;1014,1;1817;28,1;17,2;29;26,8;17,5;16,2;55;48;52;32;5,5;3;
2026/06/22;1800 UTC;0;1013,4;1014,1;1013,4;1503,6;27,4;17,7;28,1;26,8;18,3;16,6;58;51;55;51;6;2,6;
2026/06/22;1900 UTC;0;1013,2;1013,4;1013,2;652,2;25,4;18,4;28,4;25,4;18,7;17;66;50;65;69;6,6;3,3;
2026/06/22;2000 UTC;0;1013,3;1013,3;1013,1;330,9;22,8;18,6;25,5;22,8;18,6;18;77;65;77;65;6,8;3,2;
2026/06/22;2100 UTC;0;1013,7;1013,7;1013,3;,6;20,9;18,8;22,7;20,9;18,8;18,6;88;77;88;66;5,6;1,7;
2026/06/22;2200 UTC;0;1013,9;1013,9;1013,7;;20,6;19;21;20,6;19,1;18,8;91;88;91;54;5,8;2,5;
2026/06/22;2300 UTC;0;1014,5;1014,5;1013,9;;19,6;18,4;20,6;19,6;19;18,4;93;91;93;30;3,6;1,7;
2026/06/23;0000 UTC;0;1014,7;1014,7;1014,4;;19,5;18,4;20,1;19,5;19;18,3;94;93;93;28;4,2;1,5;
2026/06/23;0100 UTC;0;1015,1;1015,1;1014,7;;18,9;18;19,6;18,9;18,5;17,9;95;93;95;290;3,4;1,4;
2026/06/23;0200 UTC;0;1015;1015,5;1015;;18,6;17,8;19,2;18,4;18,4;17,5;95;94;95;321;2,7;1,6;
2026/06/23;0300 UTC;0;1014,5;1015;1014,5;;18,3;17,6;18,8;18,1;18;17,3;96;95;96;10;3,1;2;
2026/06/23;0400 UTC;0;1013,8;1014,5;1013,8;;19,1;18,4;19,1;18,2;18,4;17,5;96;96;96;15;4,1;2,6;
2026/06/23;0500 UTC;0;1013;1013,8;1013;;18,4;17,6;19,4;18,4;18,6;17,6;96;95;95;20;4,9;2,2;
2026/06/23;0600 UTC;0;1012,5;1013;1012,5;;18,5;17,7;18,6;18,2;17,8;17,4;95;95;95;17;5,2;3,2;
2026/06/23;0700 UTC;,2;1012,5;1012,6;1012,3;;18,3;17,5;18,5;18,2;17,7;17,4;95;95;95;14;5,2;2,7;
2026/06/23;0800 UTC;0;1012,4;1012,5;1012,3;;18,8;17,8;18,8;18,3;17,9;17,5;95;94;94;17;5,8;3,5;
2026/06/23;0900 UTC;0;1012,4;1012,6;1012,4;;17,8;16,8;19;17,8;17,9;16,8;94;93;94;35;6;3,9;
2026/06/23;1000 UTC;0;1013;1013;1012,4;38,1;18,1;17,3;18,1;17,3;17,3;16,3;95;94;95;21;5,8;3,4;
2026/06/23;1100 UTC;0;1013,2;1013,2;1013;527;20,6;18,3;20,6;18,1;18,4;17,4;95;86;86;16;7,5;4,5;
2026/06/23;1200 UTC;0;1013,4;1013,4;1013,2;1267,4;23,1;18;23,1;20,6;18,5;17,6;86;73;73;1;9,2;5,1;
2026/06/23;1300 UTC;0;1013;1013,4;1012,9;1872,7;25,9;17,7;26,1;23;18,3;17,5;73;61;61;4;8,6;5,1;
2026/06/23;1400 UTC;0;1012,4;1012,9;1012,4;2319,2;28,3;17,3;28,6;25,9;18;16,9;61;50;51;349;9,1;4,7;
2026/06/23;1500 UTC;0;1011,4;1012,4;1011,4;2523,3;29,6;15,7;30;28,2;17,5;15,1;51;42;43;323;9;4,9;
2026/06/23;1600 UTC;0;1010,1;1011,4;1010,1;2485,8;30;14,4;30,6;29,6;15,9;14,4;43;39;39;329;9,9;5,4;
2026/06/23;1700 UTC;0;1009,5;1010,1;1009,4;2219,9;30,9;15,1;31;29,9;15,2;14,3;40;37;38;326;9,7;4,5;
2026/06/23;1800 UTC;0;1009,5;1009,6;1009,4;1678,5;30,5;14,5;31,1;29,7;15;14,2;40;37;38;323;9,3;4,7;
2026/06/23;1900 UTC;0;1009,6;1009,7;1009,5;1086,1;29,6;14,1;30,7;29,6;14,9;13,7;39;37;39;332;8;3,3;
2026/06/23;2000 UTC;0;1010,4;1010,4;1009,6;347,9;26,5;14,9;29,6;26,5;14,9;13,8;49;38;49;344;6,5;1,7;
2026/06/23;2100 UTC;0;1011;1011;1010,4;,6;23,4;16,2;26,5;23,2;16,2;14,9;64;49;64;43;3;1,2;
2026/06/23;2200 UTC;0;1011,9;1011,9;1011;;21,7;16,9;23,4;21,6;17,7;16,1;77;64;75;357;3,9;1,5;
2026/06/23;2300 UTC;0;1012,5;1012,5;1011,9;;21,6;17,5;22,3;21,3;17,6;16,5;78;70;77;225;5,7;3;
2026/06/24;0000 UTC;0;1012,6;1012,6;1012,4;;20,9;18,4;21,7;20,9;18,4;17,6;86;77;86;220;7,5;4,2;
2026/06/24;0100 UTC;0;1012,9;1012,9;1012,6;;21,2;19,1;21,7;20,9;19,1;18,5;88;85;88;214;6,4;3,3;
2026/06/24;0200 UTC;0;1013,3;1013,3;1012,8;;21,1;19,1;21,5;21,1;19,3;19,1;88;87;88;207;6,4;2,8;
2026/06/24;0300 UTC;0;1013,7;1013,7;1013,3;;19;17,9;21,1;19;19,1;17,9;93;88;93;216;5,8;2,6;
2026/06/24;0400 UTC;0;1013,2;1013,7;1013,2;;18,8;17,9;19,2;18,5;18,3;17,5;94;93;94;203;3,7;1,7;
2026/06/24;0500 UTC;0;1013,1;1013,2;1012,9;;19,1;18,2;19,5;18,8;18,6;17,9;95;94;94;206;3,8;2,1;
2026/06/24;0600 UTC;0;1013;1013,1;1012,9;;19;18;19,1;18,7;18,2;17,7;95;94;94;200;4;1,9;
2026/06/24;0700 UTC;0;1012,9;1013;1012,9;;18,8;17,5;19,2;18,7;18,2;17,5;94;92;92;207;4,3;2,6;
2026/06/24;0800 UTC;0;1013,2;1013,3;1012,9;;18,5;17,2;18,8;18,5;17,5;17,2;93;92;92;205;4;1,9;
2026/06/24;0900 UTC;0;1013,6;1013,6;1013,2;;18,3;17;18,8;18,3;17,5;17;93;92;92;204;3,5;1,6;
2026/06/24;1000 UTC;0;1014,3;1014,3;1013,6;55,5;17,7;16,7;18,4;17,7;17,2;16,7;94;92;94;282;2,9;1,5;
2026/06/24;1100 UTC;0;1014,5;1014,5;1014,3;514,6;20,1;18,1;20,3;17,7;18,6;16,7;94;88;88;329;2,5;1,1;
2026/06/24;1200 UTC;0;1014,9;1015;1014,5;1171,9;22,9;18,5;23,3;20,1;19,1;18,1;88;76;76;269;2,2;1;
2026/06/24;1300 UTC;0;1015,1;1015,3;1014,9;1653,7;25,7;19,4;25,7;22,8;19,6;18,4;77;67;68;355;4,2;1,4;
2026/06/24;1400 UTC;0;1014,1;1015,1;1014,1;2005,4;26,7;18,5;27,1;25,1;19,3;18,3;68;60;61;345;5,4;2,6;
2026/06/24;1500 UTC;0;1012,5;1014,1;1012,5;2278,9;28,1;17,3;28,2;26,2;18,8;17,1;61;52;52;10;5,7;3,4;
2026/06/24;1600 UTC;0;1011,2;1012,6;1011,2;2422,7;29,3;16,6;29,6;27,9;17,7;16,3;53;46;47;340;7;4,2;
2026/06/24;1700 UTC;0;1010,5;1011,2;1010,4;2114,9;29,7;16,1;30,4;29,2;17,2;15,9;47;43;44;5;7,8;4;
2026/06/24;1800 UTC;0;1010,7;1010,7;1010,5;1604,9;30;15,7;30,7;29,8;16,8;15,4;44;41;42;324;6,1;2,6;
2026/06/24;1900 UTC;0;1011,3;1011,3;1010,7;931,3;27,2;19,3;30,4;27,1;19,3;15,3;62;41;62;88;5,2;2;
2026/06/24;2000 UTC;0;1012,4;1012,4;1011,3;243;24,9;18,9;27,2;24,9;19,2;18,8;69;61;69;81;4,8;1,8;
2026/06/24;2100 UTC;0;1014,2;1014,2;1012,4;1,3;23;20,1;24,9;23;20,1;18,9;84;69;84;195;9,8;3;
2026/06/24;2200 UTC;0;1015,5;1015,5;1014,2;;22,9;19,7;23;22,9;20,1;19,7;84;82;82;180;8,4;2,7;
2026/06/24;2300 UTC;0;1016,7;1016,7;1015,5;;22,1;19,1;22,9;22,1;19,7;19,1;83;81;83;201;8,3;3,3;
2026/06/25;0000 UTC;0;1017,4;1017,4;1016,7;;21,7;18,4;22,1;21,7;19,4;18,4;86;82;82;203;9;3,4;
2026/06/25;0100 UTC;0;1017,3;1017,4;1017;;21,7;18,3;21,8;21,6;18,5;18,3;83;81;81;178;8,5;2,2;
2026/06/25;0200 UTC;0;1017,3;1017,4;1017,2;;21,3;18,5;21,7;21,3;18,5;18,3;84;81;84;232;5,7;1,3;
2026/06/25;0300 UTC;0;1017,3;1017,7;1017,3;;20,8;18,3;21,3;20,8;18,5;18,3;87;84;86;311;2,4;,8;
2026/06/25;0400 UTC;0;1017;1017,3;1017;;20,6;17,9;20,8;20,6;18,4;17,9;87;85;85;352;3,5;1,9;
2026/06/25;0500 UTC;0;1016;1017;1016;;20,8;17,8;20,8;20,5;17,9;17,5;85;82;83;346;4,4;2,6;
2026/06/25;0600 UTC;0;1015,7;1016;1015,3;;20,2;17,7;20,8;20,2;17,8;17,7;85;83;85;207;5,2;2;
2026/06/25;0700 UTC;0;1016,2;1016,2;1015,7;;19,9;17,6;20,4;19,9;18,1;17,6;87;86;87;200;6,8;2,1;
2026/06/25;0800 UTC;0;1016,7;1016,7;1016,2;;19,5;17,4;20,1;19,5;17,7;17,4;88;86;88;199;6,1;2,2;
2026/06/25;0900 UTC;0;1017,3;1017,3;1016,7;;19,4;17,6;19,5;19,3;17,6;17,3;89;88;89;195;5,8;1,7;
2026/06/25;1000 UTC;0;1018,5;1018,5;1017,3;9;20,2;17,7;20,2;19,4;17,9;17,6;90;86;86;208;7,3;3,5;
2026/06/25;1100 UTC;0;1019,5;1019,5;1018,5;81,1;20,6;17,4;20,6;20,2;17,7;17,4;86;82;82;213;9,6;4,8;
2026/06/25;1200 UTC;0;1020,7;1020,8;1019,5;142,2;20,8;17,9;20,9;20,6;17,9;17,4;83;81;83;218;9,6;4;
2026/06/25;1300 UTC;0;1021,3;1021,3;1020,7;288,3;19,9;18,6;20,9;19,8;18,6;17,8;92;83;92;223;8,5;4;
2026/06/25;1400 UTC;,2;1021,2;1021,4;1021,1;1170,7;21,7;18,7;21,9;19,9;19,7;18,6;93;83;83;215;9;4,2;
2026/06/25;1500 UTC;0;1021;1021,2;1020,9;1102,5;22,9;18,4;23,2;21,7;18,9;18,2;83;75;75;210;9,4;3,7;
2026/06/25;1600 UTC;0;1020,4;1021;1020,4;1471,4;23,1;18,1;23,9;23;18,7;18;75;71;74;214;9,5;5,3;
2026/06/25;1700 UTC;0;1020,3;1020,5;1020,3;982,7;23,4;18,3;24;22,9;18,8;17,9;75;72;73;212;9,5;3,9;
2026/06/25;1800 UTC;0;1020,4;1020,5;1020,3;528,7;22,7;18,3;23,5;22,5;18,5;18;77;73;76;212;8;4,3;
2026/06/25;1900 UTC;0;1020,4;1020,4;1020,2;662,6;22,2;18,1;23;22,2;18,4;18;78;75;78;204;9;3,6;
2026/06/25;2000 UTC;0;1021,1;1021,1;1020,4;234,8;21,1;18,3;22,3;21,1;18,5;18,1;84;78;84;207;8;2,7;
2026/06/25;2100 UTC;0;1021,5;1021,5;1021,1;,8;20,8;18,5;21,1;20,6;18,7;18,3;88;84;86;208;6,4;2;
2026/06/25;2200 UTC;0;1021,8;1021,8;1021,4;;20,1;18,9;20,9;20;18,9;18,5;93;86;93;221;4,8;2,7;
2026/06/25;2300 UTC;0;1022,4;1022,5;1021,8;;19,9;18,8;20,1;19,9;18,9;18,7;93;93;93;222;5;3,3;
2026/06/26;0000 UTC;0;1022,7;1022,7;1022,3;;19,9;18,9;19,9;19,8;18,9;18,8;94;93;94;226;4,9;2,3;
2026/06/26;0100 UTC;0;1022,7;1022,7;1022,6;;19,8;18,8;19,9;19,6;18,9;18,6;94;94;94;230;3,9;2;
2026/06/26;0200 UTC;0;1022,4;1022,7;1022,4;;19,8;18,7;19,9;19,8;18,9;18,7;94;93;93;228;4,8;2,8;
2026/06/26;0300 UTC;0;1022,3;1022,5;1022,3;;19,9;18,8;19,9;19,8;18,8;18,7;93;93;93;241;4,5;1,6;
2026/06/26;0400 UTC;0;1021,9;1022,3;1021,9;;19,7;18,7;19,9;19,7;18,8;18,7;94;93;94;234;3,7;2,5;
2026/06/26;0500 UTC;0;1021,2;1021,9;1021,2;;19,5;18,7;19,7;19,5;18,8;18,6;95;94;95;224;4,6;2,7;
2026/06/26;0600 UTC;0;1021;1021,3;1021;;19,5;18,6;19,7;19,5;18,9;18,6;95;95;95;233;4,5;1,7;
2026/06/26;0700 UTC;0;1021,1;1021,1;1021;;19,2;18,4;19,5;19,1;18,6;18,2;95;95;95;356;3,4;1,3;
2026/06/26;0800 UTC;0;1021,2;1021,3;1021,1;;19,3;18,5;19,4;19,2;18,6;18,4;95;95;95;319;2;1,1;
2026/06/26;0900 UTC;0;1021,1;1021,3;1021,1;;18,9;18,1;19,5;18,9;18,7;18,1;95;95;95;252;2,8;1,3;
2026/06/26;1000 UTC;0;1021,5;1021,5;1021,1;34,8;19,3;18,4;19,3;18,7;18,4;17,8;95;95;95;231;3;1,3;
2026/06/26;1100 UTC;0;1022,5;1022,5;1021,5;499;22,3;19,6;22,3;19,3;20,9;18,4;95;85;85;273;2,2;,5;
2026/06/26;1200 UTC;0;1023,5;1023,5;1022,5;1349,3;24,2;18,9;24,4;22,3;19,5;18,4;84;71;72;32;2,9;1,2;
2026/06/26;1300 UTC;0;1023;1023,5;1023;1970,3;25,7;18,8;25,8;24,1;19,6;18,3;73;66;66;289;4,1;1,2;
2026/06/26;1400 UTC;0;1022,3;1023;1022,3;2381,1;27,3;18,2;27,3;25,6;19,2;17,7;66;56;58;21;4,4;2,2;
2026/06/26;1500 UTC;0;1021,3;1022,3;1021,3;2315,6;26,8;17,1;28,6;26,5;18,4;17;58;52;55;4;4,4;2;
2026/06/26;1600 UTC;0;1020,2;1021,3;1020,2;1428,2;28,3;17,5;28,3;26,8;17,8;17;57;51;52;36;4,4;1,3;
2026/06/26;1700 UTC;0;1019,5;1020,2;1019,5;1763,9;28,2;16,8;29,9;28;17,5;16,4;52;46;50;2;4,6;2;
2026/06/26;1800 UTC;0;1019,6;1019,6;1019,5;419;26,8;18;28,2;26,7;18,2;16,9;60;50;59;91;4,1;1,9;
2026/06/26;1900 UTC;0;1020;1020,1;1019,6;398,6;25,6;18,3;26,8;25,6;18,6;18;64;59;64;90;5,8;3,4;
2026/06/26;2000 UTC;0;1020,6;1020,6;1020;191,3;24,3;18,9;25,8;24,3;18,9;18,1;72;64;72;81;7,4;3,2;
2026/06/26;2100 UTC;0;1021,2;1021,3;1020,5;3;22,9;19,5;24,3;22,9;19,5;18,8;81;72;81;82;6,5;2,9;
2026/06/26;2200 UTC;0;1021,6;1021,6;1021,2;;21,8;19,6;22,9;21,8;19,7;19,5;87;81;87;68;5,3;1,6;
2026/06/26;2300 UTC;0;1022;1022;1021,6;;21,7;20;22;21,7;20;19,6;90;87;90;74;3;1,2;
2026/06/27;0000 UTC;0;1022,3;1022,3;1022;;21,7;20,1;22;21,6;20,2;19,9;91;89;91;10;2,5;,5;
2026/06/27;0100 UTC;0;1022,6;1022,6;1022,3;;21,5;20;21,7;21,4;20,2;19,9;92;91;92;274;1,7;,9;
2026/06/27;0200 UTC;0;1022,7;1022,7;1022,6;0;21,6;20,2;21,7;21,5;20,3;20;92;92;92;251;2;1,3;
2026/06/27;0300 UTC;0;1022,3;1022,8;1022,3;;21,6;20,1;21,8;21,6;20,3;20,1;92;91;91;100;2,2;,4;
2026/06/27;0400 UTC;0;1022,1;1022,3;1021,9;;21,2;20,1;21,6;21,1;20,2;19,8;93;91;93;169;2,4;,8;
2026/06/27;0500 UTC;0;1021,2;1022,1;1021,2;;21,3;20,4;21,5;20,8;20,4;19,6;94;93;94;167;4;,8;
2026/06/27;0600 UTC;0;1020,5;1021,2;1020,5;;21;20,1;21,5;21;20,5;20;94;94;94;100;3,8;1,1;
2026/06/27;0700 UTC;0;1020,7;1021;1020,5;;20,7;19,8;21;20,6;20,1;19,6;94;94;94;341;2,3;,8;
2026/06/27;0800 UTC;0;1021;1021;1020,7;;20,4;19,5;20,7;20,3;19,7;19,3;95;94;95;255;2,2;1;
2026/06/27;0900 UTC;0;1021,5;1021,5;1021;;20,1;19,3;20,4;19,8;19,6;18,9;95;95;95;74;1,5;,9;
2026/06/27;1000 UTC;0;1021,9;1022;1021,5;28,5;19,7;18,9;20,1;19,4;19,4;18,6;95;95;95;14;1,7;1,4;
2026/06/27;1100 UTC;0;1022,3;1022,3;1021,9;486,2;22,6;21,4;22,6;19,7;21,6;19;96;93;93;10;3,8;2,3;
2026/06/27;1200 UTC;0;1022,7;1022,7;1022,3;1238,7;25,1;20;25,2;22,6;21,8;20;93;73;73;13;4,5;2,7;
2026/06/27;1300 UTC;0;1022,6;1022,9;1022,6;1835,9;27;18,9;27,3;25,1;20,3;18,9;74;61;61;14;6,2;3,8;
2026/06/27;1400 UTC;0;1022,1;1022,7;1022,1;2205,9;28,9;19,1;28,9;26,6;19,7;18;63;55;56;33;7,4;3,4;
2026/06/27;1500 UTC;0;1020,9;1022,1;1020,9;2032,2;29,3;18;29,5;27,4;19,1;17,4;57;51;51;24;7,6;3,8;
2026/06/27;1600 UTC;0;1020;1020,9;1020;1992,1;28,7;18,6;30;28,1;18,7;17,3;56;48;54;52;6,5;3,1;
2026/06/27;1700 UTC;0;1019,4;1020;1019,3;1872,2;27,6;18,1;29,2;27,3;19;17,8;58;52;57;70;8,2;4,8;
2026/06/27;1800 UTC;0;1019,1;1019,4;1019;1692,2;27,2;18,3;28,2;27,2;18,6;17,7;58;54;58;76;8,5;4,4;
2026/06/27;1900 UTC;0;1018,9;1019,1;1018,9;1066;26;18,1;27,2;26;18,3;17,7;62;58;62;70;9,3;4,7;
2026/06/27;2000 UTC;0;1019,5;1019,5;1018,9;370,6;24,1;19,3;26;24,1;19,3;18,1;75;62;75;75;8,2;4,3;
2026/06/27;2100 UTC;0;1020,2;1020,2;1019,5;2,5;22,3;19,7;24,1;22,3;19,8;19,3;85;75;85;72;7;2;
2026/06/27;2200 UTC;0;1020,7;1020,7;1020,2;;21,4;20;22,4;21,4;20,2;19,8;92;85;92;54;3,7;1,4;
2026/06/27;2300 UTC;0;1021,3;1021,3;1020,7;;21,5;20,5;21,5;21,2;20,5;19,9;94;92;94;47;2,2;,6;
2026/06/28;0000 UTC;0;1021,3;1021,4;1021,3;;21;20;21,5;20,9;20,5;19,9;94;94;94;59;1,9;1,3;
2026/06/28;0100 UTC;0;1021,5;1021,6;1021,3;;20,6;19,8;21,1;20,6;20,2;19,7;95;94;95;74;2,7;1,9;
2026/06/28;0200 UTC;0;1021,2;1021,5;1021,2;;20,4;19,6;20,8;20,1;19,9;19,2;95;95;95;339;2,7;,9;
2026/06/28;0300 UTC;0;1020,7;1021,2;1020,7;;20,7;19,9;20,8;20,3;20;19,5;95;95;95;77;2,1;1,5;
2026/06/28;0400 UTC;0;1020,5;1020,8;1020,5;;19,9;19,1;20,8;19,8;20;19,1;95;95;95;5;2,2;,6;
2026/06/28;0500 UTC;0;1020,2;1020,5;1020,2;;19,1;18,4;20,1;19,1;19,3;18,4;96;95;95;342;1;,7;
2026/06/28;0600 UTC;0;1019,6;1020,2;1019,6;;18,7;18,1;20;18,3;19,3;17,5;96;95;96;279;1,6;1,3;
2026/06/28;0700 UTC;0;1019,6;1019,6;1019,5;;19,3;18,6;19,9;18,7;19,2;18,1;96;96;96;129;1,6;,4;
2026/06/28;0800 UTC;0;1019,7;1019,7;1019,6;;18,4;17,8;19,5;18,1;18,9;17,4;96;96;96;35;2,7;1,4;
2026/06/28;0900 UTC;0;1020;1020,1;1019,7;;18,5;17,9;18,8;18,2;18,2;17,6;96;96;96;227;2,1;1;
2026/06/28;1000 UTC;0;1020,7;1020,7;1020;37,7;19,1;18,5;19,1;18,2;18,5;17,6;96;96;96;338;1,3;,2;
2026/06/28;1100 UTC;0;1021,3;1021,3;1020,7;520,6;21,6;20,8;21,6;19,1;20,8;18,5;96;96;96;10;2,5;1,4;
2026/06/28;1200 UTC;0;1021,8;1021,8;1021,3;1271,8;24,1;19,7;24,3;21,6;21,5;19,7;96;76;76;25;3,9;2,6;
2026/06/28;1300 UTC;0;1021,7;1021,9;1021,7;1871,6;27,2;18,2;27,2;24,1;20,1;17,6;76;57;58;19;5,9;3,5;
2026/06/28;1400 UTC;0;1021,1;1021,7;1021,1;2329,1;28,3;17,4;29,1;27;18,2;16,8;58;50;52;22;7,7;4,6;
2026/06/28;1500 UTC;0;1019,9;1021,1;1019,8;2393,5;28,3;16,8;29,4;27,9;17,6;16,2;52;47;50;32;7,8;3,9;
2026/06/28;1600 UTC;0;1018,5;1019,9;1018,5;2166,1;28,5;18,3;29,9;27,3;18,3;16,6;56;47;54;59;9,6;4,5;
2026/06/28;1700 UTC;0;1017,7;1018,5;1017,7;2119,6;27,6;17,9;28,9;27,6;18,3;17,1;56;51;56;67;9,6;4,9;
2026/06/28;1800 UTC;,2;1017,2;1017,7;1017,2;1748,3;26,5;18;27,6;26,4;18,5;17,6;60;55;60;69;10,1;5,4;
2026/06/28;1900 UTC;0;1017,2;1017,3;1017,1;1085,9;25,6;17,9;26,9;25,5;18,4;17,6;63;59;62;65;10,1;4,8;
2026/06/28;2000 UTC;0;1017,4;1017,4;1017,2;380,9;24,1;18,5;25,6;24,1;18,6;17,9;71;62;71;60;8,7;3,4;
2026/06/28;2100 UTC;0;1017,7;1017,7;1017,3;3,1;22,5;18,9;24,1;22,5;19;18,5;80;71;80;62;7,3;2,6;
2026/06/28;2200 UTC;0;1018,2;1018,2;1017,7;;21,9;19,1;22,7;21,9;19,3;19;84;80;84;44;5,6;1,8;
2026/06/28;2300 UTC;0;1018,4;1018,4;1018,2;;21,3;19,5;21,9;21,2;19,6;19,1;89;84;89;44;4;2,1;
2026/06/29;0000 UTC;0;1018,5;1018,6;1018,4;;20,6;19,4;21,3;20,6;19,6;19,2;93;89;93;31;3,3;1,6;
2026/06/29;0100 UTC;0;1018,5;1018,7;1018,5;;20,3;19,3;20,6;20,1;19,5;19,2;94;93;94;26;2,4;1;
2026/06/29;0200 UTC;0;1018,5;1018,6;1018,4;;19,7;18,9;20,3;19,4;19,3;18,5;95;94;95;8;2,4;1,1;
2026/06/29;0300 UTC;0;1018;1018,5;1018;;19;18,3;19,8;19;19;18,3;95;95;95;20;2;1,5;
2026/06/29;0400 UTC;0;1017,7;1018;1017,7;;19,3;18,5;19,4;18,8;18,7;18;96;95;96;16;3,5;2,2;
2026/06/29;0500 UTC;0;1017,2;1017,7;1017,2;;18,7;18;19,3;18,7;18,5;17,9;96;96;96;29;3,9;1,7;
2026/06/29;0600 UTC;0;1017;1017,2;1017;;18,8;18,1;19,5;18,7;18,8;18,1;96;95;95;11;4,2;2,2;
2026/06/29;0700 UTC;0;1016,8;1017;1016,8;;18,7;18;19;18,5;18,2;17,8;96;95;96;56;3,8;2,3;
2026/06/29;0800 UTC;0;1016,8;1016,8;1016,6;;18,9;18,2;19;18,3;18,3;17,6;96;96;96;16;4,3;2,7;
2026/06/29;0900 UTC;0;1017,1;1017,1;1016,8;;18,6;17,9;18,9;18;18,2;17,2;96;95;95;19;4,2;2,4;
2026/06/29;1000 UTC;0;1017,8;1017,8;1017,1;34,3;19,2;18,2;19,2;18,1;18,2;17,3;95;94;94;356;7,2;3,9;
2026/06/29;1100 UTC;0;1018,4;1018,4;1017,8;517,4;21,2;19,2;21,2;19,1;19,2;18,1;94;88;88;360;6,7;3,3;
2026/06/29;1200 UTC;0;1018,9;1018,9;1018,4;1270,7;24,2;19,3;24,2;21,2;19,7;19;88;74;74;360;7,4;4,4;
2026/06/29;1300 UTC;0;1019,1;1019,2;1018,7;1871,5;26,5;17,9;26,8;24,2;19,4;17,8;74;59;59;345;8,1;4,3;
2026/06/29;1400 UTC;0;1018,6;1019,1;1018,6;2301,3;28,4;16,8;28,6;26,4;18,6;16,1;60;48;49;335;8,6;4,7;
2026/06/29;1500 UTC;0;1017,6;1018,6;1017,6;2495,2;29,8;17,2;29,8;28,1;17,2;16,1;50;45;47;318;8;4,2;
2026/06/29;1600 UTC;0;1016,6;1017,6;1016,6;2379,9;29,9;16,4;30,4;28,5;16,9;15,9;48;43;44;329;7,7;3,8;
2026/06/29;1700 UTC;,2;1015,9;1016,6;1015,8;2238,2;30,5;15,9;30,9;29,4;16,5;15,6;44;40;41;323;7,6;3;
2026/06/29;1800 UTC;0;1015,8;1016;1015,7;1764,4;30,3;15,9;31;29,9;16,4;15,5;43;41;42;328;6,1;2,1;
2026/06/29;1900 UTC;0;1015,9;1015,9;1015,7;1273,5;27,4;17;30,5;27,4;17,6;15,7;54;41;53;70;6,4;3,3;
2026/06/29;2000 UTC;0;1016,4;1016,4;1015,9;396,3;24,8;18,3;27,3;24,8;18,3;17;67;53;67;66;6;2,5;
2026/06/29;2100 UTC;0;1016,6;1016,6;1016,4;2,9;22,7;19,1;24,8;22,7;19,1;18,2;80;67;80;65;4,9;2,2;
2026/06/29;2200 UTC;0;1016,9;1016,9;1016,6;;22,2;19,6;22,7;22,2;19,6;19,1;85;80;85;56;4,5;2,5;
2026/06/29;2300 UTC;0;1017,4;1017,4;1016,9;;21,5;19,3;22,2;21,4;19,5;19,1;88;85;88;47;4,1;2;
2026/06/30;0000 UTC;0;1017,8;1017,8;1017,4;;20,4;19;21,5;20,2;19,3;18,7;92;88;92;26;3,1;1,1;
2026/06/30;0100 UTC;0;1018;1018;1017,8;;20;18,8;20,6;20;19,3;18,7;93;92;93;350;2,3;1,2;
2026/06/30;0200 UTC;0;1017,9;1018;1017,9;;19,4;18,4;20,1;19,4;19;18,4;94;93;94;26;2,5;1,5;
2026/06/30;0300 UTC;0;1017,4;1018;1017,4;;18,4;17,4;19,8;18,3;18,9;17,3;95;94;94;30;4;1,8;
2026/06/30;0400 UTC;0;1017,1;1017,5;1017,1;;19,7;18,9;19,8;18,4;19,1;17,5;95;94;95;38;4;1,5;
2026/06/30;0500 UTC;0;1016,3;1017,1;1016,3;;19,5;18,8;19,7;19,1;18,8;18,4;96;95;96;39;2,3;,9;
2026/06/30;0600 UTC;0;1016;1016,3;1016;;18,4;17,7;19,6;18,3;18,8;17,6;96;95;96;45;2;1,4;
2026/06/30;0700 UTC;0;1015,9;1016;1015,9;;18;17,4;18,9;17,8;18,2;17,2;96;96;96;267;2;1,1;
2026/06/30;0800 UTC;0;1016,2;1016,2;1015,9;;17;16,4;18;17;17,4;16,3;96;96;96;298;2,3;1,7;
2026/06/30;0900 UTC;0;1017;1017;1016,2;;16,8;16,2;17;16,4;16,4;15,9;96;96;96;309;2,3;1,5;
2026/06/30;1000 UTC;0;1018,1;1018,1;1017;41,6;17,3;16,8;17,4;16,4;16,8;15,9;96;96;96;313;1,7;1,1;
2026/06/30;1100 UTC;0;1018,5;1018,6;1018,1;513,1;20,4;19,7;20,4;17,3;19,7;16,7;96;96;96;221;3,3;1,5;
2026/06/30;1200 UTC;0;1018,5;1018,6;1018,5;1258,2;23,4;19,8;23,4;20,4;20,7;19,5;96;80;80;209;4,4;1,5;
2026/06/30;1300 UTC;0;1018,4;1018,6;1018,4;1833,3;25,3;19,4;25,3;23,4;20;18,8;81;69;70;294;3,5;1,4;
2026/06/30;1400 UTC;,2;1018;1018,4;1018;2265,7;27,3;17,3;27,7;25;19,5;17,3;71;54;54;5;5,2;2,8;
2026/06/30;1500 UTC;0;1017,3;1018;1017,3;2459,4;29,5;17,1;29,7;27;18,2;16,5;58;47;47;10;6;2,9;
2026/06/30;1600 UTC;0;1016,3;1017,3;1016,3;2420;30,6;16,2;30,6;28,9;17,2;16;48;42;42;35;6,6;4,1;
2026/06/30;1700 UTC;0;1015,5;1016,3;1015,5;2178,3;30,7;16,1;31,2;29,7;16,7;15,8;44;41;41;37;7,1;3,7;
2026/06/30;1800 UTC;0;1015,3;1015,5;1015,2;1209,5;27,5;17,8;31,4;27,4;18,9;16,1;57;41;56;69;8,3;5;
2026/06/30;1900 UTC;0;1015,4;1015,4;1015,3;1047;26,5;19,9;27,8;26,1;19,9;17,8;67;56;67;54;9;4,1;
2026/06/30;2000 UTC;0;1015,7;1015,7;1015,4;279,5;24,7;19,9;26,7;24,7;20,1;19,6;75;66;75;58;9,1;5,1;
2026/06/30;2100 UTC;0;1016,2;1016,2;1015,7;6,1;23,6;20,3;24,7;23,6;20,3;19,9;82;75;82;58;10,1;3,6;
2026/06/30;2200 UTC;0;1016,7;1016,7;1016,2;;22,9;20,4;23,6;22,9;20,5;20,3;86;82;86;60;6;2,3;
2026/06/30;2300 UTC;0;1017,1;1017,1;1016,7;;22,4;20,2;22,9;22,3;20,4;20,1;88;86;87;80;3,9;1,6;
