REGIAO:;N
UF:;TO
ESTACAO:;DIANOPOLIS
CODIGO (WMO):;A038
LATITUDE:;-11,59444444
LONGITUDE:;-46,84722221
ALTITUDE:;727,87
DATA DE FUNDACAO:;30/08/08
Data;Hora UTC;PRECIPITAÇÃO TOTAL, HORÁRIO (mm);PRESSAO ATMOSFERICA AO NIVEL DA ESTACAO, HORARIA (mB);PRESSÃO ATMOSFERICA MAX.NA HORA ANT. (AUT) (mB);PRESSÃO ATMOSFERICA MIN. NA HORA ANT. (AUT) (mB);RADIACAO GLOBAL (Kj/m²);TEMPERATURA DO AR - BULBO SECO, HORARIA (°C);TEMPERATURA DO PONTO DE ORVALHO (°C);TEMPERATURA MÁXIMA NA HORA ANT. (AUT) (°C);TEMPERATURA MÍNIMA NA HORA ANT. (AUT) (°C);TEMPERATURA ORVALHO MAX. NA HORA ANT. (AUT) (°C);TEMPERATURA ORVALHO MIN. NA HORA ANT. (AUT) (°C);UMIDADE REL. MAX. NA HORA ANT. (AUT) (%);UMIDADE REL. MIN. NA HORA ANT. (AUT) (%);UMIDADE RELATIVA DO AR, HORARIA (%);VENTO, DIREÇÃO HORARIA (gr) (° (gr));VENTO, RAJADA MAXIMA (m/s);VENTO, VELOCIDADE HORARIA (m/s);
2026/01/01;0000 UTC;0;931,9;932;931,7;;24;20,6;24;23,5;21;20,5;85;81;81;;3,4;,9;
2026/01/01;0100 UTC;0;932,3;932,3;931,9;;24,2;20,1;24,6;23,9;20,6;19,9;81;76;78;;2,3;,8;
2026/01/01;0200 UTC;;;;;;;;;;;;;;;;;;
2026/01/01;0300 UTC;0;931,9;932,5;931,9;;24,9;18,9;25,7;24,3;19,1;18,4;72;65;69;;1,5;,6;
2026/01/01;0400 UTC;0;931,7;932;931,7;;24,4;19,5;24,9;23,8;19,5;18,8;75;69;74;;2,2;,3;
2026/01/01;0500 UTC;0;930,9;931,7;930,9;;23,6;19,8;24,4;23;19,8;19;80;74;79;;1,8;,5;
2026/01/01;0600 UTC;0;930,5;930,9;930,4;;23,4;19,8;23,8;23,3;19,9;19,6;81;78;80;;4,8;2,9;
2026/01/01;0700 UTC;0;929,9;930,5;929,9;;23,7;20,3;23,9;23,3;20,3;19,8;81;80;81;;4,8;3;
2026/01/01;0800 UTC;0;930,5;930,5;929,9;;23,2;20,5;23,7;23;20,5;20,3;86;81;85;;4,4;2,2;
2026/01/01;0900 UTC;0;931,2;931,2;930,5;7,9;22,4;20,7;23,2;22,3;20,8;20,4;90;85;90;;3,3;2,6;
2026/01/01;1000 UTC;0;931,5;931,5;931,1;375,2;24,4;21,5;24,4;22,4;21,7;20,7;90;84;84;;5;3,2;
2026/01/01;1100 UTC;0;932;932;931,5;1242,2;25,6;22,1;25,6;24,4;22,2;21,4;84;81;81;;6,1;2,8;
2026/01/01;1200 UTC;0;932,7;932,7;932;2105,8;26,9;22,2;27,3;25,6;22,8;22;82;75;75;;5,7;2,2;
2026/01/01;1300 UTC;0;932,7;932,9;932,7;2832,2;28,4;22,9;28,5;26,5;23;21,8;79;70;72;;6,3;1,9;
2026/01/01;1400 UTC;0;932,6;932,7;932,6;1510,6;27,7;22,1;28,9;27,3;23,2;21,7;75;69;71;;5,5;1,8;
2026/01/01;1500 UTC;0;931,7;932,6;931,7;2866,3;29,1;22;29,8;27,7;23,3;21,4;73;62;66;;6,1;3,2;
2026/01/01;1600 UTC;0;930,8;931,7;930,8;2326,2;29,3;22,3;30,5;28,9;22,8;21,1;68;60;66;;6,1;3;
2026/01/01;1700 UTC;0;929,9;930,8;929,9;1544,1;26,4;22,2;29,5;26,2;22,6;21,4;78;63;78;;6,8;2,7;
2026/01/01;1800 UTC;0;929,2;929,9;929;630;27,1;22,6;27,5;25,9;23;21,7;79;75;76;;5,8;,9;
2026/01/01;1900 UTC;0;929,1;929,4;929,1;747,7;25,7;21,9;27,1;25,6;22,8;21,2;80;74;80;;5,7;2;
2026/01/01;2000 UTC;0;929,4;929,7;929,2;424,1;24,7;20,9;25,8;24,3;22,3;20,8;84;79;79;;7,5;3,5;
2026/01/01;2100 UTC;0;929,6;929,9;929,2;145,5;23,4;20,8;24,8;23,4;20,8;20,6;85;78;85;;6,8;2,7;
2026/01/01;2200 UTC;0;929,8;929,8;929,4;8,5;22,7;20,6;23,5;22,7;21,1;20,6;88;85;88;;5,3;2,8;
2026/01/01;2300 UTC;0;931,4;931,4;929,8;;22,5;20,1;22,7;22,4;20,6;20;88;85;86;;5;1,8;
2026/01/02;0000 UTC;;;;;;23,3;20,4;23,7;22,3;20,7;;88;82;84;;;;
2026/01/02;0100 UTC;0;931,1;931,1;930,7;;24,1;20,4;24,2;23,1;20,4;20,1;84;79;80;;2;,2;
2026/01/02;0200 UTC;;;;;;23,8;;;;;;;;;;;;
2026/01/02;0300 UTC;0;930,7;931,2;930,7;;21,8;20,5;23,8;21,8;20,5;20;93;80;93;;3,4;,7;
2026/01/02;0400 UTC;0;930;930,7;930;;21,6;20,5;21,9;21,4;20,8;20,4;95;93;94;;2,4;,6;
2026/01/02;0500 UTC;0;929,7;930,1;929,7;;21,1;20,4;21,7;21;20,5;20,2;96;93;96;;4,7;2,3;
2026/01/02;0600 UTC;0;929,3;929,7;929,3;;21,5;20,2;21,9;21,1;20,5;19,8;96;89;92;;3,5;1,6;
2026/01/02;0700 UTC;0;929,2;929,3;929,1;;21,1;20,2;21,5;21;20,2;20;95;92;95;;3,1;2,4;
2026/01/02;0800 UTC;0;929;929,2;929;;21,2;20;21,4;21;20,3;20;95;93;93;;3,3;2,7;
2026/01/02;0900 UTC;0;929,7;929,7;929;7,7;21,6;19,5;22,1;21;20,1;19,4;94;86;88;;3,3;1,8;
2026/01/02;1000 UTC;0;930,3;930,4;929,7;352,7;23,7;20;23,7;21,6;20,3;19,6;88;80;80;;3,4;1,9;
2026/01/02;1100 UTC;0;930,8;930,8;930,3;1175,6;25,4;20,6;25,5;23,7;21;20;81;74;75;;5,4;2,5;
2026/01/02;1200 UTC;0;931,2;931,2;930,8;2057,1;26,7;21,9;27;25,3;22,3;20,5;78;74;75;;6;2,7;
2026/01/02;1300 UTC;0;931,6;931,6;931,1;2841,6;28,6;22,6;28,6;26,7;23,2;21,4;76;69;70;;6,3;2,8;
2026/01/02;1400 UTC;0;931,2;931,6;931,2;3137,1;29,1;22,1;29,7;27,6;22,7;21,2;71;63;66;;5,6;2;
2026/01/02;1500 UTC;0;930,4;931,3;930,4;3018,1;30;22,3;30,6;28,6;22,9;21,3;69;59;64;;5,3;3,2;
2026/01/02;1600 UTC;0;928,7;930,3;928,7;2846,9;29,5;22;30,8;28,9;23,1;20,7;66;57;64;;6,2;3,3;
2026/01/02;1700 UTC;0;927,2;928,7;927,2;3398,7;30,6;21,5;31,5;29,5;23,4;21,1;64;58;58;;8,4;4,4;
2026/01/02;1800 UTC;0;926,1;927,3;926;2886,4;30,7;22,3;31,6;29,9;23;21;63;56;61;;7,9;5,2;
2026/01/02;1900 UTC;0;926,4;927,1;926,1;995,4;24,8;21,2;31,5;23,6;22,7;19,4;81;57;80;;12,4;3,7;
2026/01/02;2000 UTC;0;926,2;927;926,1;380,2;25,7;20,9;25,7;24,7;21,5;20,9;81;75;75;;6,2;1,4;
2026/01/02;2100 UTC;0;927,4;927,4;926,2;316,8;24,9;20,9;26,8;24,9;21,5;20;79;68;79;;2,8;1,9;
2026/01/02;2200 UTC;0;927,8;927,8;927,4;29,2;23,7;21,1;24,9;23,7;21,5;20,7;85;79;85;;3,8;,9;
2026/01/02;2300 UTC;0;928,4;928,4;927,8;;22,5;21,2;24;22,5;21,6;20,8;92;84;92;;7,1;2,5;
2026/01/03;0000 UTC;;929,3;929,4;928,4;;22,1;21,3;22,5;22,1;21,4;21,2;95;92;95;;;1,2;
2026/01/03;0100 UTC;0;931;931;929,3;;22,2;21,1;22,3;22;21,6;21,1;96;93;94;;4;2,6;
2026/01/03;0200 UTC;,2;930,4;931,3;930,4;;20,9;20,6;22,2;20,9;21,3;20,5;98;94;98;;5,1;1,9;
2026/01/03;0300 UTC;;;;;;;;;;;;;;;;;;
2026/01/03;0400 UTC;,2;929,7;930,5;929,7;;21;19,9;21,1;20,8;20,5;19,9;97;93;94;;2,7;1,5;
2026/01/03;0500 UTC;0;929,2;929,7;929,2;;20,7;20,1;21;20,5;20,1;19,8;97;94;97;;2,6;,9;
2026/01/03;0600 UTC;0;929,2;929,3;929,1;;20,7;19,9;20,8;20,7;20,3;19,9;97;95;95;;3,6;2;
2026/01/03;0700 UTC;0;929,3;929,3;929,1;;20,4;20,1;20,9;20,4;20,4;19,8;98;95;98;;3,2;1,3;
2026/01/03;0800 UTC;0;929,8;929,8;929,3;;20,5;20,4;20,5;20,3;20,4;20;100;98;100;;2,7;1,3;
2026/01/03;0900 UTC;0;930,5;930,5;929,8;2,9;20,1;20,1;20,6;20,1;20,6;20,1;100;99;100;;4,2;,1;
2026/01/03;1000 UTC;0;930,8;930,8;930,5;215,5;20,8;20,9;20,8;20,1;21;20,1;;100;;;1,4;0;
2026/01/03;1100 UTC;0;931,3;931,3;930,8;692,5;22,1;20,9;22,2;20,8;21,5;20,9;;93;93;;3,7;1,4;
2026/01/03;1200 UTC;0;932;932;931,3;1426,9;23,4;21,1;23,5;22;21,3;20,2;93;84;87;;5,2;2,9;
2026/01/03;1300 UTC;0;932,5;932,5;931,9;2840,5;25,3;20,7;25,4;23,3;21,2;20;87;75;75;;5,4;2,8;
2026/01/03;1400 UTC;0;932,4;932,6;932,3;2313,8;24,7;20,8;25,3;24,1;21,6;20,3;81;75;79;;6,5;3,1;
2026/01/03;1500 UTC;0;931,7;932,4;931,7;2871,8;25,8;20,5;26,2;24,6;21,4;20,1;80;72;72;;7,2;4,8;
2026/01/03;1600 UTC;0;931,1;931,8;931,1;2653,7;26,2;21,2;27;25,4;21,8;20,3;77;70;74;;8,7;4,3;
2026/01/03;1700 UTC;0;930,4;931,1;930,4;1941,9;26;21,2;26,9;25,8;21,7;20,7;76;72;75;;8;3,4;
2026/01/03;1800 UTC;0;930,1;930,4;930;1339,7;21,7;20,6;27,6;21,7;22;20,2;93;70;93;;10;6,3;
2026/01/03;1900 UTC;18,4;929,7;930,2;929,7;375,3;20,7;21;21,7;20,6;21,2;20,4;;93;;;10,1;5;
2026/01/03;2000 UTC;19,2;930,3;930,3;929,7;168,8;20,3;20,7;21,3;20,1;21,7;20,3;;100;;;8;1,6;
2026/01/03;2100 UTC;9;930,3;930,4;930,1;43,2;20,4;20,9;20,7;20,3;21,1;20,7;;;;;4,7;3;
2026/01/03;2200 UTC;,8;930,8;930,8;930,3;13,7;20,8;21,4;21;20,4;21,5;20,8;;;;;6,7;3,5;
2026/01/03;2300 UTC;0;931,1;931,1;930,6;;20,3;20,2;20,8;20,2;21,4;20,1;;100;100;;6,2;4,1;
2026/01/04;0000 UTC;;;;;;20,2;;20,3;20,2;;;;;98;;;;
2026/01/04;0100 UTC;;;;;;;;;;;;;;;;;;
2026/01/04;0200 UTC;0;932,1;932,4;932,1;,8;19,3;18,7;20,2;19,3;19,9;18,6;99;95;96;;12,9;6,6;
2026/01/04;0300 UTC;0;932;932,2;932;;19;18,8;19,3;18,9;18,8;18,5;99;96;99;;9,8;3,2;
2026/01/04;0400 UTC;0;931,4;932;931,3;;18,9;18,9;19;18,9;18,9;18,7;100;99;100;;6,2;4,2;
2026/01/04;0500 UTC;0;930,5;931,4;930,5;;18,8;18,8;19,1;18,8;19,1;18,8;100;99;100;;7,1;5,1;
2026/01/04;0600 UTC;0;930,1;930,5;930,1;;19,2;18,9;19,2;18,8;19,1;18,8;100;98;98;;7,2;4,9;
2026/01/04;0700 UTC;0;930,1;930,1;929,8;;19,2;18,8;19,4;19,1;18,8;18,6;98;96;98;;7,2;3,3;
2026/01/04;0800 UTC;0;930,3;930,3;930,1;;19,6;18,9;19,6;19,1;19;18,8;98;96;96;;5,2;2,5;
2026/01/04;0900 UTC;0;930,9;930,9;930,3;0;19,9;18,9;20,1;19,6;18,9;18,8;96;93;94;;4,9;2;
2026/01/04;1000 UTC;0;931,3;931,3;930,9;190,1;20,5;19,3;20,5;19,8;19,4;18,9;95;93;93;;4,3;2,7;
2026/01/04;1100 UTC;0;931,8;931,8;931,3;1275;22,6;19,8;23;20,5;20,6;19,3;93;84;84;;5,5;2,4;
2026/01/04;1200 UTC;0;932;932,1;931,8;1508,1;23,6;20,8;23,6;22,2;20,8;19,7;88;83;84;;5,5;2,4;
2026/01/04;1300 UTC;0;932,2;932,2;932;1875,1;24,8;21;24,9;23,3;21,2;19,9;84;78;80;;4,6;1,7;
2026/01/04;1400 UTC;0;931,9;932,2;931,9;2963;26,5;20,2;26,8;24,8;21,5;19,4;79;65;68;;5,9;2,6;
2026/01/04;1500 UTC;0;931,7;931,9;931,7;3067,3;27,3;20,9;27,5;26,1;21,5;19,8;72;65;68;;6,9;2,7;
2026/01/04;1600 UTC;0;931,4;931,8;931,4;3187,7;27,3;20,8;28,2;26,9;21,7;19,8;70;63;67;;7,8;3,5;
2026/01/04;1700 UTC;0;930,8;931,4;930,7;1586;26;19,4;28,4;26;21;18,8;69;58;67;;8,4;3,3;
2026/01/04;1800 UTC;0;929,4;930,8;929,4;2292,2;28;20,5;28,3;26;21,3;19,4;71;62;64;;8,4;2,6;
2026/01/04;1900 UTC;0;928,6;929,4;928,6;2520,3;28,1;20;28,7;27,7;21;19,7;65;60;62;;7,9;4,1;
2026/01/04;2000 UTC;0;928,7;928,7;928,5;850,3;26,3;19,5;28,6;26,2;20,8;19,5;70;59;66;;6,3;2,6;
2026/01/04;2100 UTC;0;929;929;928,6;696,4;26,1;20,1;27,8;26,1;20,9;19,4;70;65;70;;6,1;3,8;
2026/01/04;2200 UTC;0;930;930;929;56,6;24,1;20,6;26,1;24,1;20,6;20;81;70;81;;5,9;1,9;
2026/01/04;2300 UTC;;;;;;;;;;;;;;;;;;
2026/01/05;0000 UTC;0;931,4;931,5;930,9;;22,7;21,2;23,6;22,6;21,2;20,6;92;84;92;;3,6;2,3;
2026/01/05;0100 UTC;0;932,4;932,4;931,4;;22;20,7;22,7;21,9;21,4;20,5;93;91;92;;7,8;4,1;
2026/01/05;0200 UTC;;;;;;;;;;;;;;;;;;
2026/01/05;0300 UTC;4,6;932,8;932,9;932,6;,4;20,2;20,5;20,7;20,1;21,1;20,2;;;;;10,4;5,1;
2026/01/05;0400 UTC;8,2;932,3;932,8;932,3;,6;19,6;19,8;20,2;19,6;20,5;19,8;;;;;10,3;4;
2026/01/05;0500 UTC;5;931,5;932,3;931,5;;19,6;20;19,6;19,5;20,1;19,8;;;;;8,5;4,4;
2026/01/05;0600 UTC;2,4;930,8;931,5;930,8;;19,5;20,1;19,7;19,5;20,2;20;;;;;6,8;4;
2026/01/05;0700 UTC;,2;930,4;930,8;930,3;;19,5;19,4;19,6;19,5;20,2;19,4;;100;100;;5,9;2,2;
2026/01/05;0800 UTC;0;930,4;930,5;930,3;;19,5;19,1;19,7;19,5;19,5;19,1;100;97;97;;3,3;1,6;
2026/01/05;0900 UTC;0;930,9;930,9;930,4;3,1;19,2;18,6;19,6;19,2;19,1;18,3;97;95;96;;2,8;,1;
2026/01/05;1000 UTC;0;931,5;931,5;930,9;226,4;20;19,3;20;19,2;19,3;18,6;97;95;96;;3,1;1,8;
2026/01/05;1100 UTC;0;931,7;931,7;931,5;641,5;20;19,8;20,1;19,5;20;19,2;100;95;99;;4,9;3,3;
2026/01/05;1200 UTC;0;932,2;932,2;931,7;1271,1;22;19,9;22,4;19,9;20,9;19,7;100;87;88;;5,5;3,4;
2026/01/05;1300 UTC;0;932,6;932,6;932,2;1466,6;23,1;19,8;23,1;22;20,9;19,5;91;81;82;;4,8;1,9;
2026/01/05;1400 UTC;0;932,2;932,7;932,2;1726,7;24,2;19,6;24,9;23;20,6;19,3;83;74;76;;3,6;2,1;
2026/01/05;1500 UTC;0;931,9;932,3;931,9;3181,8;26,3;20;26,7;24,3;21;18,8;79;65;68;;4,4;1,7;
2026/01/05;1600 UTC;0;931;931,9;931;3628,1;27,3;21,4;27,7;25,7;21,8;19,6;74;66;71;;6;3,4;
2026/01/05;1700 UTC;0;929,9;931;929,9;3678,6;28;21,6;28;26,3;21,7;20;73;66;68;;6,4;2,9;
2026/01/05;1800 UTC;0;929;929,9;929;2750,4;27,2;21,4;28,4;26,3;21,8;19,8;73;64;71;;7,8;4,1;
2026/01/05;1900 UTC;0;928,2;929;928,2;1875,2;26,8;21,5;28;26,2;22,2;20,6;76;68;73;;7,6;4,6;
2026/01/05;2000 UTC;0;928,6;928,6;928,2;1213,5;26,7;21;27,1;25,4;21,7;20,6;77;70;71;;8,2;4,7;
2026/01/05;2100 UTC;2;929,7;929,7;928,6;253,7;23,6;21,9;26,7;23;22;20,6;92;71;90;;8,4;,8;
2026/01/05;2200 UTC;0;931;931;929,7;34;21,2;20,6;23,8;21;22;20,3;97;89;97;;7,4;1,2;
2026/01/05;2300 UTC;2,6;932,3;932,3;931;;20,5;20,2;21,3;20,5;20,8;20,2;98;96;98;;8;4,1;
2026/01/06;0000 UTC;3,2;932,7;932,7;932,3;,6;19,8;19,9;20,6;19,8;20,4;19,8;;98;;;10,3;5,9;
2026/01/06;0100 UTC;1,4;933,9;933,9;932,7;;19,9;20;20;19,8;20,2;19,9;;;;;8,5;2,6;
2026/01/06;0200 UTC;5,6;934;934,1;933,9;;19,8;20;20;19,8;20,1;19,9;;100;;;5,1;3,5;
2026/01/06;0300 UTC;8,2;933,7;934;933,7;,2;19,5;19,8;19,9;19,5;20;19,8;;;;;8,7;4,2;
2026/01/06;0400 UTC;,8;932,8;933,7;932,8;,3;19,1;19,3;19,6;19;19,8;19,3;;;;;8,7;2,5;
2026/01/06;0500 UTC;,4;932,1;932,8;932,1;;19;19,3;19,1;19;19,3;19,2;;;;;5,6;1,4;
2026/01/06;0600 UTC;,2;931,5;932,1;931,5;;19,1;19,4;19,1;19;19,4;19,3;;;;;5,5;2;
2026/01/06;0700 UTC;,2;931,4;931,5;931,2;;18,4;18,6;19,1;18,4;19,4;18,6;;;;;6;1,6;
2026/01/06;0800 UTC;0;931,5;931,5;931,1;;18,4;18,6;18,4;18,3;18,7;18,6;;;;;6,2;3;
2026/01/06;0900 UTC;0;932,3;932,3;931,5;0;18,6;18,9;18,6;18,4;19;18,7;;;;;4,8;0;
2026/01/06;1000 UTC;0;932,7;932,7;932,3;119;19,1;19,4;19,1;18,6;19,4;18,9;;;;;1,3;0;
2026/01/06;1100 UTC;0;932,7;932,8;932,7;492;20;19,6;20;19;19,9;19,3;;97;97;;3,6;2,5;
2026/01/06;1200 UTC;0;933,2;933,2;932,7;1231,2;21,3;19,4;21,7;20;20,1;19,3;97;88;89;;5,5;3,4;
2026/01/06;1300 UTC;0;933,3;933,4;933,2;2252,9;23,8;19,7;23,8;21,2;20,3;19,3;90;78;78;;5,1;2,6;
2026/01/06;1400 UTC;0;933,3;933,4;933,3;3028,6;24,7;19,5;25,4;23,2;20,8;19;81;71;73;;5,5;3,1;
2026/01/06;1500 UTC;0;932,9;933,3;932,9;2940,8;25,7;20,2;25,9;24,4;20,8;19;77;66;72;;5,9;3;
2026/01/06;1600 UTC;0;932,3;932,9;932,3;3958,8;26,7;19,2;27,4;25,3;21;18,6;72;60;64;;6,8;2,9;
2026/01/06;1700 UTC;0;931,5;932,3;931,5;3708,5;27;18,9;27,8;26,2;20,8;18,5;67;60;61;;5,7;2;
2026/01/06;1800 UTC;0;930,9;931,5;930,9;3328;28,2;18,9;28,4;26,9;20,4;17,5;65;54;57;;5,4;1,7;
2026/01/06;1900 UTC;0;930,3;930,9;930,3;1597,4;27,6;19,4;28,3;27;20;18,2;64;57;61;;5,2;2,1;
2026/01/06;2000 UTC;0;930,1;930,3;930,1;1318,6;26,7;17,4;27,9;26,7;19,4;16,4;62;51;57;;4,3;1,8;
2026/01/06;2100 UTC;0;930,5;930,5;930,1;368,1;25,6;18,7;26,8;25,6;19;17,1;66;56;66;;2,6;,3;
2026/01/06;2200 UTC;0;930,9;930,9;930,5;40,5;23,4;20;25,6;23,3;20,4;18,6;81;66;81;;4,7;2,7;
2026/01/06;2300 UTC;;;;;;;;;;;;;;;;;;
2026/01/07;0000 UTC;0;932,3;932,3;931,6;;23,6;19,3;23,7;22;19,3;18,9;85;76;77;;4,3;3,1;
2026/01/07;0100 UTC;0;933;933;932,3;;23,3;19,5;23,9;23,3;19,6;19,3;80;76;79;;5,4;3,2;
2026/01/07;0200 UTC;;;;;;22,9;;23,3;22,8;;;;;83;;;;
2026/01/07;0300 UTC;0;932,7;933,2;932,7;;22,5;20,3;23,1;22,5;20,3;19,9;87;83;87;;5,7;3,7;
2026/01/07;0400 UTC;0;932;932,7;932;;22,3;20,6;22,5;22,2;20,6;20,3;90;87;90;;5;3,6;
2026/01/07;0500 UTC;0;931,6;932,1;931,6;;21,9;20;22,4;21,9;20,5;20;90;88;89;;6,3;3,4;
2026/01/07;0600 UTC;0;931;931,6;931;;21,9;19,5;22;21,5;19,9;19,5;90;87;87;;5,1;3,2;
2026/01/07;0700 UTC;0;930,8;931;930,8;;22;18,8;22;21,8;19,5;18,8;87;82;82;;4,7;2,9;
2026/01/07;0800 UTC;0;931;931;930,7;;21,6;18,9;22;21,6;19,1;18,8;85;82;84;;5,4;3,8;
2026/01/07;0900 UTC;0;931,6;931,6;931;2,7;21,3;18,8;21,6;21,3;18,9;18,7;86;84;86;;5,5;3,7;
2026/01/07;1000 UTC;0;932,4;932,4;931,6;346,3;23,2;19,3;23,3;21,3;19,5;18,8;86;78;79;;5,9;3,8;
2026/01/07;1100 UTC;0;933;933;932,4;665,1;23,9;19,2;23,9;22,9;19,5;19;80;75;75;;7,3;4,4;
2026/01/07;1200 UTC;0;933,3;933,3;933;1616,6;25,5;19,6;25,7;23,8;20,1;19;77;68;70;;7,3;4;
2026/01/07;1300 UTC;0;933,7;933,7;933,3;1657,3;25,8;20;26,1;25,2;20,2;19;72;67;70;;6,3;2,5;
2026/01/07;1400 UTC;0;933,4;933,7;933,4;2461,5;28,3;20;28,5;25,6;21,1;19,9;72;60;60;;7;3,8;
2026/01/07;1500 UTC;,2;932,9;933,4;932,8;2065,6;25,7;19,9;29,1;25,7;21,2;18,9;71;58;70;;8;4,2;
2026/01/07;1600 UTC;,2;932,1;932,9;932,1;2500,6;28,8;19,5;29,5;23,8;21,6;19;84;55;57;;8,4;5,7;
2026/01/07;1700 UTC;0;931,4;932,1;931,4;1165,1;27,2;20,1;29;27,1;20,5;19;67;57;65;;8,4;3,8;
2026/01/07;1800 UTC;0;930,5;931,4;930,5;1097,1;28;20,3;28;27,1;20,7;19,9;67;62;63;;5,4;2,9;
2026/01/07;1900 UTC;0;929,6;930,5;929,6;1209,1;27,9;19,9;28,6;27,6;21,2;19,4;66;59;62;;5,3;3,1;
2026/01/07;2000 UTC;0;929,9;929,9;929,4;966,6;27,5;22,3;28,6;27,5;22,3;18,4;74;55;73;;5,3;1,4;
2026/01/07;2100 UTC;0;930,1;930,1;929,8;381,4;25,5;21,9;27,5;25,5;22,3;20,9;81;70;81;;3,4;1,4;
2026/01/07;2200 UTC;0;931,1;931,1;930,1;15,9;24,8;21,1;25,5;24,8;21,9;20,7;81;76;80;;3,3;2,6;
2026/01/07;2300 UTC;;931,7;931,7;931,1;;24,1;21,5;24,9;24,1;21,5;21;86;79;86;;;;
2026/01/08;0000 UTC;;;;;;24;;24,1;;;;;;;;;;
2026/01/08;0100 UTC;;;;;;;;;;;;;;;;;;
2026/01/08;0200 UTC;0;933;933,1;932,9;;22,6;21,7;23,5;22,6;22;21,5;94;90;94;;3,1;,1;
2026/01/08;0300 UTC;0;932,4;933;932,4;;22;21,5;22,7;22;21,7;21,4;97;94;97;;2,4;1,4;
2026/01/08;0400 UTC;0;931,8;932,4;931,8;;21,5;21,5;22;21,5;21,6;21,3;100;97;100;;3,4;2,6;
2026/01/08;0500 UTC;0;931,2;931,8;931,2;;20,9;21;21,6;20,9;21,5;20,9;100;100;100;;3,5;2,2;
2026/01/08;0600 UTC;0;930,8;931,2;930,8;;20,8;21,2;21;20,8;21,4;21;;100;;;2,7;1,2;
2026/01/08;0700 UTC;0;930,7;930,8;930,6;;21,2;21,5;21,2;20,6;21,5;21,1;;;;;2,2;,7;
2026/01/08;0800 UTC;0;930,9;931;930,7;;21,4;20,3;21,5;21,1;21,5;20,2;;93;93;;3,1;2;
2026/01/08;0900 UTC;0;931,6;931,6;930,9;1,5;20,9;20;21,5;20,9;20,3;20;95;92;95;;3,8;,6;
2026/01/08;1000 UTC;0;932,1;932,1;931,6;362,7;22,4;20,8;22,4;20,8;20,9;19,9;95;91;91;;4,1;2,5;
2026/01/08;1100 UTC;0;932,6;932,6;932,1;1250,5;23,9;20,8;24;22,4;21,3;20,6;91;83;83;;5,3;3;
2026/01/08;1200 UTC;0;932,9;932,9;932,6;2157,8;25,7;20,3;25,9;23,9;21,3;19,8;83;70;72;;5,9;3,6;
2026/01/08;1300 UTC;0;933;933,1;932,9;2959,5;27,9;19;28;25,6;21;19;75;58;59;;7,5;5;
2026/01/08;1400 UTC;,2;932,9;933,1;932,9;3542,9;29,5;18,2;29,7;27,8;19,9;17,4;61;49;51;;9,3;4,9;
2026/01/08;1500 UTC;0;932,4;932,9;932,4;3902;30,2;16,1;30,3;28,9;18,6;15,7;53;42;43;;8,8;4,7;
2026/01/08;1600 UTC;0;931,8;932,5;931,7;3978,3;30,6;15,9;30,9;29,7;18,1;14,8;48;38;41;;9,1;5,2;
2026/01/08;1700 UTC;0;931,1;931,8;931,1;3726,4;30,8;14,2;31,5;30,3;17,1;13,6;46;34;36;;8,5;4,8;
2026/01/08;1800 UTC;0;930,5;931,1;930,5;3265,7;31,1;14,4;31,7;30,8;15,5;12,4;40;32;36;;8,4;4,9;
2026/01/08;1900 UTC;0;929,7;930,5;929,7;2605,3;31,1;13,8;31,5;30,8;15,6;13,1;39;33;35;;10,3;5,4;
2026/01/08;2000 UTC;0;929,6;929,7;929,5;1709,1;30,4;14,3;31,4;30,3;16;13;41;34;38;;10,3;5,2;
2026/01/08;2100 UTC;0;930,1;930,1;929,5;756,8;28,6;14,2;30,4;28,6;15,2;13,2;42;35;41;;7,5;3,9;
2026/01/08;2200 UTC;0;930,8;930,8;930,1;60,1;26,5;15;28,6;26,4;15,2;14,2;50;41;49;;5,7;3,2;
2026/01/08;2300 UTC;0;931,2;931,2;930,8;;26,6;14,3;26,9;26,4;15;14,3;49;47;47;;4,1;1,9;
2026/01/09;0000 UTC;;;;;;;;;;;;;;;;;;
2026/01/09;0100 UTC;0;932,1;932,1;931,7;;25,2;15,9;25,4;23,6;16,2;14,8;63;52;56;;3;1,8;
2026/01/09;0200 UTC;0;932,1;932,3;932,1;;24,4;16,7;25,3;22,8;16,7;15,8;67;56;62;;2,9;1,4;
2026/01/09;0300 UTC;0;931,7;932,1;931,7;;23,2;16,6;24,7;22,8;17,1;16,4;69;62;66;;2,3;,4;
2026/01/09;0400 UTC;0;931;931,7;930,9;;24;16,6;24,7;23,1;17,1;16,6;68;61;64;;2,4;1;
2026/01/09;0500 UTC;0;930,3;931;930,3;;23,6;16,7;24,2;23,6;16,8;16,4;65;62;65;;2,9;2,4;
2026/01/09;0600 UTC;0;930,3;930,5;930,3;;23,3;16,4;23,7;23,1;16,8;16,4;67;65;65;;3,1;2,1;
2026/01/09;0700 UTC;0;930,5;930,5;930,3;;23;16,4;23,9;23;16,5;16,2;67;62;66;;3,5;2,5;
2026/01/09;0800 UTC;0;931;931;930,5;;22,5;16,7;23,1;22,2;16,7;16,4;71;66;70;;5;3,2;
2026/01/09;0900 UTC;0;931,2;931,2;931;4,3;22,7;17,5;22,7;22,2;17,5;16,6;74;70;72;;4,7;3,5;
2026/01/09;1000 UTC;0;931,7;931,8;931,2;255,7;23,6;18,4;23,6;22,7;18,5;17,5;74;72;73;;5,9;3,7;
2026/01/09;1100 UTC;0;932,2;932,3;931,7;993,1;25;19,1;25,5;23,5;19,9;18,4;75;70;70;;6,3;3,9;
2026/01/09;1200 UTC;0;932,4;932,4;932,3;2186,1;27,3;20;27,7;24,9;20,9;19,2;72;64;65;;7,5;5,2;
2026/01/09;1300 UTC;0;932,5;932,5;932,3;2700,5;28,3;19,3;28,7;26,8;20,7;19,3;66;58;58;;9,1;5,8;
2026/01/09;1400 UTC;0;932,4;932,5;932,3;3010,7;28,7;19,1;29,8;28,1;20,4;18,8;61;54;56;;9,4;5,2;
2026/01/09;1500 UTC;0;932,1;932,4;932;3100,7;30,2;19,7;31,2;28,7;21,1;18,7;58;51;54;;8,6;4,5;
2026/01/09;1600 UTC;0;931,5;932,1;931,5;2999,4;31;20;31,1;28,7;20,8;18,7;57;49;52;;9,7;5,3;
2026/01/09;1700 UTC;0;930,8;931,5;930,8;2295,8;30,1;19,6;31,1;29,4;19,7;18,4;55;49;53;;8,4;4,1;
2026/01/09;1800 UTC;0;929,9;930,8;929,9;1913,8;30,7;18,7;31,6;29,3;20,3;18,2;56;46;49;;9;4,3;
2026/01/09;1900 UTC;0;929,5;929,9;929,5;2637,7;31,5;17,6;32;30,7;19,1;16,7;49;41;44;;9;3,8;
2026/01/09;2000 UTC;0;929;929,5;928,9;1699,7;31,1;18,4;31,5;31;18,6;16,9;47;42;47;;7,1;3,5;
2026/01/09;2100 UTC;0;929,5;929,5;928,9;778,3;29,6;17,6;31,1;29,6;18;16,9;48;44;48;;6,9;2,7;
2026/01/09;2200 UTC;0;930,2;930,2;929,5;61,9;27,6;18,1;29,6;27,5;18,2;17,5;57;48;56;;4,5;2,2;
2026/01/09;2300 UTC;0;930,8;930,8;930,1;;26,6;18,8;27,6;26,5;18,8;18,1;63;56;62;;3,7;2,7;
2026/01/10;0000 UTC;0;931,1;931,1;930,8;;26,1;19;26,8;26;19,1;18,7;65;61;65;;3,7;1,7;
2026/01/10;0100 UTC;0;931,4;931,4;931,1;;25,3;19,2;26,1;25,2;19,4;18,9;70;65;69;;3,2;,7;
2026/01/10;0200 UTC;0;931,5;931,7;931,4;;24;18,9;25,7;24;19,2;18,7;73;66;73;;3;1,9;
2026/01/10;0300 UTC;0;931,3;931,6;931,3;;24,3;18,9;24,6;24;19,1;18,7;73;70;72;;2,8;1;
2026/01/10;0400 UTC;0;931;931,3;931;;23,8;18,8;24,3;23,6;19;18,8;75;72;74;;4,3;1,9;
2026/01/10;0500 UTC;0;930,7;931;930,7;;23,6;19;23,9;23,6;19,1;18,8;76;74;75;;4,1;2,6;
2026/01/10;0600 UTC;0;930,6;930,7;930,6;;23;18,9;23,7;23;19,1;18,9;78;75;78;;4,3;1,9;
2026/01/10;0700 UTC;0;930,5;930,6;930,5;;23,1;19;23,4;22,9;19,1;18,9;79;77;78;;3,5;2,3;
2026/01/10;0800 UTC;0;930,6;930,6;930,4;;22,6;19;23,1;22,5;19,1;19;80;78;80;;3,6;2,2;
2026/01/10;0900 UTC;0;931;931;930,6;7,3;22,7;18,7;22,8;22,3;19;18,7;81;78;78;;4,6;2,9;
2026/01/10;1000 UTC;0;931,2;931,2;930,9;288,9;23,2;18,7;23,3;22,6;19;18,6;79;75;76;;6,2;4,1;
2026/01/10;1100 UTC;0;931,7;931,7;931,2;838,9;24,3;19,7;24,3;23,1;19,7;18,6;78;74;76;;7,2;4,2;
2026/01/10;1200 UTC;0;932,1;932,1;931,6;2010,9;25,4;19,8;26;24,2;20,4;19,3;76;69;71;;7,5;4,9;
2026/01/10;1300 UTC;0;932,2;932,4;932;2977,9;27,8;20,4;27,8;25,5;21;19,7;71;63;64;;8,4;3,9;
2026/01/10;1400 UTC;0;931,9;932,2;931,9;3513,4;30,1;20,2;30,2;27,8;21;19,3;65;54;55;;7,9;4,1;
2026/01/10;1500 UTC;0;931,5;932;931,4;2192,9;29,1;18,4;30,8;28,6;21;18;58;49;53;;7,2;3,7;
2026/01/10;1600 UTC;0;930,7;931,5;930,7;2667,2;31,1;17,9;31,1;28,9;19,5;17,7;56;45;45;;6,2;1,9;
2026/01/10;1700 UTC;0;929,8;930,7;929,8;3618,4;31;16,9;31,8;29,9;19,7;16,9;52;42;43;;7,3;2,4;
2026/01/10;1800 UTC;0;929;929,8;929;2542;30,8;17,1;31,9;30,3;18,7;16,4;48;40;44;;7,3;4,1;
2026/01/10;1900 UTC;0;928,2;929;928,2;2310,4;30,8;16,2;32,4;30,7;18,9;16,2;48;41;41;;8,4;3,5;
2026/01/10;2000 UTC;0;928,1;928,2;927,9;483,7;28,2;19,5;30,8;28,1;19,5;16,3;59;41;59;;;1,5;
2026/01/10;2100 UTC;0;928;928,1;927,8;258,2;26,5;20,4;28,3;26,5;20,7;18,7;71;56;69;;3,8;2,2;
2026/01/10;2200 UTC;0;928,7;928,7;927,9;69,6;26,3;19,2;26,8;26,3;20,4;19,1;69;63;65;;3,4;2,3;
2026/01/10;2300 UTC;0;929,1;929,1;928,6;;26,1;19,2;26,3;25,5;19,7;19,2;70;65;66;;4,8;3,5;
2026/01/11;0000 UTC;0;929,6;929,6;929,1;;25,3;19,4;26,1;25,3;19,4;19,2;70;66;70;;5,1;3,3;
2026/01/11;0100 UTC;0;930,1;930,2;929,6;;25;19,2;25,3;24,6;19,6;19,2;73;70;71;;4,7;2,9;
2026/01/11;0200 UTC;0;930,6;930,7;930,2;;24,2;19,2;25,1;24,1;19,3;19,1;74;70;74;;4,7;2,1;
2026/01/11;0300 UTC;0;929,9;930,6;929,9;;23,5;18,8;24,2;23,4;19,2;18,8;76;72;75;;4,5;3,2;
2026/01/11;0400 UTC;0;929,8;929,9;929,7;;23,7;18,6;24;23,5;18,9;18,4;75;71;73;;4;,5;
2026/01/11;0500 UTC;0;929,8;929,8;929,6;;22,5;18,4;23,7;22,3;18,8;18,2;80;73;78;;1,9;,8;
2026/01/11;0600 UTC;0;929,4;929,8;929,4;;22,9;18,6;23,4;22;18,7;18,3;81;74;77;;4;2,8;
2026/01/11;0700 UTC;0;929,4;929,4;929,3;;22,4;18,7;22,9;22,3;18,7;18,5;80;77;80;;4,3;2,7;
2026/01/11;0800 UTC;0;930;930,1;929,4;;21,9;18,7;22,4;21,9;18,7;18,6;82;80;82;;4,6;2,6;
2026/01/11;0900 UTC;0;930,5;930,5;930;2,5;21,6;18,8;22,2;21,5;18,8;18,6;84;81;84;;4,6;2,9;
2026/01/11;1000 UTC;0;931,3;931,3;930,5;359,4;24,1;19,6;24,1;21,6;19,6;18,8;84;75;76;;5,6;3,3;
2026/01/11;1100 UTC;0;931,7;931,7;931,3;1238,8;25,6;19,6;25,6;24,1;19,7;18,9;76;69;70;;7,2;3,9;
2026/01/11;1200 UTC;0;932,1;932,2;931,7;2130;27,1;19,4;27,1;25,3;19,8;18,9;69;62;63;;8,7;5,5;
2026/01/11;1300 UTC;0;932,5;932,6;932,1;2908,3;28,2;19,3;28,4;26,7;20;18,7;65;58;58;;9,2;5;
2026/01/11;1400 UTC;0;932;932,5;932;3396,9;29,7;20;30,1;28;20,5;18,9;60;53;56;;8,4;4,4;
2026/01/11;1500 UTC;0;931,5;932;931,5;4039,3;30,1;18,7;30,7;28,9;20,3;18,5;58;49;51;;7,9;3,9;
2026/01/11;1600 UTC;0;930,5;931,4;930,5;3887,3;31,3;18,4;31,3;29,8;19,5;17,1;53;44;46;;8,1;3,9;
2026/01/11;1700 UTC;0;929,4;930,5;929,4;3411,2;30,9;16,3;31,9;30,1;18,9;16,1;49;38;42;;7,8;3,5;
2026/01/11;1800 UTC;0;928,6;929,4;928,6;3545,3;31,7;17,3;32,7;30,6;18,9;16,1;44;40;42;;8,1;4,3;
2026/01/11;1900 UTC;0;927,7;928,6;927,7;2673,3;31,6;18,6;32,1;30,4;19,2;16,9;49;41;46;;8,1;2,7;
2026/01/11;2000 UTC;0;927,7;927,7;927,4;2018,9;31,2;17,5;31,9;31;19,4;16,8;49;41;44;;7,6;4,2;
2026/01/11;2100 UTC;0;927,9;927,9;927,6;630,6;29,8;18,8;31,4;29,7;19,2;17;53;44;52;;9;2,3;
2026/01/11;2200 UTC;0;928,6;928,6;927,8;74,3;27,3;18,8;29,8;27,3;19,8;18,4;60;52;60;;3,8;1,8;
2026/01/11;2300 UTC;0;929,5;929,5;928,6;;26,4;18,8;27,4;26,4;19;18,7;64;59;63;;3,3;1,8;
2026/01/12;0000 UTC;0;930,4;930,4;929,5;;25,7;19,3;26,7;25,7;19,3;18,8;68;62;68;;4,1;2,4;
2026/01/12;0100 UTC;0;930,6;930,6;930,1;;24,8;19,1;25,9;24,7;19,3;19;72;66;71;;4,9;3,3;
2026/01/12;0200 UTC;0;931;931;930,5;;24,4;19,3;24,8;23,9;19,4;19,1;76;71;73;;4,8;3,3;
2026/01/12;0300 UTC;0;930,8;931,1;930,8;;23,8;19,4;24,4;23,5;19,5;19,2;77;73;76;;4,7;3,3;
2026/01/12;0400 UTC;0;930,4;930,8;930,4;;22,8;19,9;23,8;22,8;19,9;19,2;83;76;83;;5,1;2,8;
2026/01/12;0500 UTC;0;930;930,5;930;;22;20,2;22,8;22;20,2;19,9;89;83;89;;6,1;2,3;
2026/01/12;0600 UTC;0;930,2;930,3;930;;21,3;20,2;22;21,3;20,2;20,1;93;89;93;;5,3;1;
2026/01/12;0700 UTC;0;930,3;930,3;930,2;;21,1;20,2;21,4;21,1;20,3;20,2;94;93;94;;4,5;,5;
2026/01/12;0800 UTC;0;930,7;930,9;930,3;;21,2;20,4;21,2;21;20,4;20,2;95;94;95;;2,4;1,1;
2026/01/12;0900 UTC;0;931,6;931,6;930,7;3;21,2;20,4;21,4;21,1;20,5;20,3;95;94;95;;2,5;,1;
2026/01/12;1000 UTC;0;932,2;932,2;931,6;196,9;22,5;20,9;22,5;21,2;21;20,3;95;90;90;;2,7;1,4;
2026/01/12;1100 UTC;0;932,7;932,7;932,2;915,6;23,6;20,9;23,7;22,5;21,1;20,5;90;83;85;;4,1;2,4;
2026/01/12;1200 UTC;0;933,3;933,3;932,7;1611,5;24,6;21,8;25;23,5;21,8;20,6;86;81;84;;4,3;2,5;
2026/01/12;1300 UTC;0;933,3;933,4;933,1;1922,2;25,2;21,8;25,9;24,5;22,2;21,2;84;79;81;;5,6;3,6;
2026/01/12;1400 UTC;0;933;933,3;933;2611,5;26,7;22,1;27,2;25,1;22,7;21,4;82;74;76;;5,8;2,8;
2026/01/12;1500 UTC;0;932,5;933;932,5;2696,8;28,4;21,3;28,7;26,6;22,8;20,5;76;65;65;;5,2;2,2;
2026/01/12;1600 UTC;0;931,3;932,5;931,3;2310,3;28,2;22,7;28,3;27;22,8;20,5;75;65;72;;5,4;3,4;
2026/01/12;1700 UTC;0;930,6;931,3;930,4;1657,1;27;20,1;29;27;22,7;20,1;73;63;66;;6,4;1,6;
2026/01/12;1800 UTC;22;931,1;931,5;930,2;157,6;21,1;21,6;26,8;18;22;16,8;;67;;;22,4;3,6;
2026/01/12;1900 UTC;4,4;929,9;931,2;929,5;145,5;21,4;20,8;22,1;20,4;21,9;20,5;;96;96;;8,4;1,3;
2026/01/12;2000 UTC;0;930,2;930,2;929,7;183,1;20,8;20,1;22,4;20,8;21,2;20;96;86;96;;4,1;1;
2026/01/12;2100 UTC;0;931,2;931,2;930,2;27;21,2;20,6;21,2;20,4;20,6;19,9;98;96;96;;2,8;1,4;
2026/01/12;2200 UTC;,6;931,3;931,3;931,1;1,2;21,5;21,1;21,7;21,2;21,2;20,6;97;95;97;;2,8;0;
2026/01/12;2300 UTC;,2;931,7;931,8;931,2;;21,2;20,3;21,5;21;21;20,2;97;95;95;;1,7;,5;
2026/01/13;0000 UTC;0;931,8;931,8;931,5;;21,5;21;21,7;21,2;21;20;97;91;97;;2,3;,9;
2026/01/13;0100 UTC;0;933;933;931,8;;21,1;20,3;21,6;21,1;21;20,2;97;93;95;;3;,5;
2026/01/13;0200 UTC;0;933;933,3;932,9;;19,9;20;21,1;19,9;20,5;19,9;;95;;;5,4;3,1;
2026/01/13;0300 UTC;0;932,3;933;932,3;;19,9;19,6;19,9;19,7;20,1;19,6;;98;98;;5,1;1,9;
2026/01/13;0400 UTC;0;931,8;932,3;931,8;;19,7;19,2;20,1;19,7;19,6;19,2;98;96;97;;4,2;2,5;
2026/01/13;0500 UTC;0;931,3;931,8;931,3;;19,6;19,3;19,7;19,3;19,5;19,1;99;97;98;;3,9;1,6;
2026/01/13;0600 UTC;0;930,8;931,3;930,8;;20;19;20,1;19,5;19,5;19;99;94;94;;3,9;1,6;
2026/01/13;0700 UTC;0;930,4;930,8;930,3;;19,5;18,7;20;19,3;19;18,6;96;94;95;;4,1;2,4;
2026/01/13;0800 UTC;0;930,6;930,6;930,4;;19,4;18,8;20;19,3;18,8;18,4;96;92;96;;4,1;1,2;
2026/01/13;0900 UTC;0;931,4;931,4;930,6;,2;19,9;19,3;19,9;19,4;19,4;18,8;97;96;97;;3,3;1,5;
2026/01/13;1000 UTC;0;931,7;931,7;931,3;363,5;21,7;19,9;21,7;19,7;20,2;19,2;97;89;90;;5,9;3,8;
2026/01/13;1100 UTC;0;932,3;932,3;931,7;1067;22,7;20,2;23,2;21,6;21,4;19,7;91;85;85;;6,6;3,6;
2026/01/13;1200 UTC;0;932,8;932,8;932,3;2013,9;24,7;20,2;25,4;22,6;21,2;20,1;87;74;76;;6,3;3,9;
2026/01/13;1300 UTC;0;932,8;932,8;932,7;2559,1;26,9;21;27,1;24,6;21,9;20,3;78;69;70;;6,3;3;
2026/01/13;1400 UTC;0;932,7;932,9;932,6;3562,9;29;20,4;29,3;26,8;21,8;20,3;71;59;60;;6,6;3,5;
2026/01/13;1500 UTC;0;932,3;932,7;932,3;3118;29;18,8;30;28,7;20,7;18,7;61;52;54;;7,9;4,5;
2026/01/13;1600 UTC;0;931,7;932,3;931,7;3550,1;30,2;19,6;30,6;29;20,2;18,3;57;50;53;;8,5;4,4;
2026/01/13;1700 UTC;0;930,9;931,7;930,9;2888,8;30,5;18,4;31,3;29,5;20,8;18;55;47;48;;8,5;4,3;
2026/01/13;1800 UTC;0;929,9;930,9;929,8;2356,2;30,2;19,1;31,1;29,7;20,2;18,2;55;48;51;;8,2;4,1;
2026/01/13;1900 UTC;0;929,3;929,9;929,3;676,3;28,9;19,4;30,2;28,9;19,7;18,2;58;49;57;;6,5;1,6;
2026/01/13;2000 UTC;0;929,3;929,3;929,1;290,8;25,4;22,2;28,9;25,4;22,7;19;83;55;82;;5;3;
2026/01/13;2100 UTC;0;929,2;929,3;929,1;135;24;21,7;25,4;23,7;22,5;21,5;88;81;87;;5,5;2,3;
2026/01/13;2200 UTC;0;929,7;929,7;929,2;23,1;24,1;20,8;24,4;24;21,8;20,8;87;81;82;;4,6;1,6;
2026/01/13;2300 UTC;0;930,4;930,4;929,7;;23,7;20,1;24,3;23,7;20,9;20;83;78;80;;3;1,5;
2026/01/14;0000 UTC;0;931,4;931,4;930,4;;23,1;20,7;23,8;23;21,5;20;90;79;87;;5,9;1,5;
2026/01/14;0100 UTC;0;931,6;931,7;931,4;;25,1;18,3;25,4;23;20,7;18,3;87;65;66;;3,8;2,8;
2026/01/14;0200 UTC;0;931,9;931,9;931,6;;24,6;18,4;25,1;24,5;18,5;18,2;69;66;68;;4;2,2;
2026/01/14;0300 UTC;0;931,7;931,9;931,7;;21,8;19,8;24,6;21,8;19,8;18,4;89;68;89;;3,2;,9;
2026/01/14;0400 UTC;0;931,1;931,7;931,1;;24,1;18,5;24,2;21,5;20;18,4;90;70;71;;3,3;2,3;
2026/01/14;0500 UTC;0;930,7;931,1;930,6;;24;18,3;24,1;23,8;18,5;18,2;72;70;70;;4;2,7;
2026/01/14;0600 UTC;0;930,7;930,7;930,7;;22,8;18,6;24,1;22,8;18,7;18,3;78;70;77;;4,1;0;
2026/01/14;0700 UTC;0;930,7;930,8;930,7;;22,9;18,8;23,3;22,5;19;18,7;81;75;78;;2;,1;
2026/01/14;0800 UTC;0;930,7;930,8;930,7;;22,4;18,8;23;22,4;19;18,6;80;76;80;;2,1;,5;
2026/01/14;0900 UTC;0;931,3;931,3;930,7;,3;21,9;19;22,4;21,9;19,1;18,8;83;80;83;;3,7;1,7;
2026/01/14;1000 UTC;0;931,7;931,8;931,3;438;24,2;19,5;24,2;21,9;19,5;18,9;83;74;75;;5,7;3,8;
2026/01/14;1100 UTC;0;932,2;932,2;931,7;1171,2;25;19,5;25;24,2;19,8;19,1;75;70;71;;7;4,4;
2026/01/14;1200 UTC;0;932,5;932,6;932,2;1701,9;26,8;19;27,1;25,1;20,2;18,5;71;60;62;;;5,2;
2026/01/14;1300 UTC;0;932,5;932,6;932,4;2878,7;28,2;18,4;28,4;26,5;19,6;18,1;64;55;55;;8,6;4,6;
2026/01/14;1400 UTC;0;932,4;932,5;932,3;3436;29,4;18,3;29,6;28;19,6;17,7;58;50;51;;8,8;5,5;
2026/01/14;1500 UTC;0;931,9;932,4;931,9;4009,4;30;19,6;30,3;29,1;20;17,4;55;49;54;;8,8;4,4;
2026/01/14;1600 UTC;0;931,2;931,9;931,2;2836,4;30,4;19;30,9;29,1;20,2;18,1;56;49;50;;7,7;4,3;
2026/01/14;1700 UTC;0;930,6;931,2;930,6;3729,4;31,1;17,5;31,2;29,5;19,5;17,1;54;44;44;;8,8;4,1;
2026/01/14;1800 UTC;0;929,7;930,6;929,7;2838,8;30,6;17,1;31,6;30,5;19;16,1;48;41;44;;8,7;4;
2026/01/14;1900 UTC;0;929,2;929,7;929,2;2388,1;31;17,8;31,6;30,4;18,5;16,6;47;42;45;;7;3;
2026/01/14;2000 UTC;0;928,6;929,2;928,6;1719,2;30,5;17,3;31,2;30,4;18,1;16,5;47;43;45;;6,7;2,8;
2026/01/14;2100 UTC;0;928,4;928,6;928,4;738,4;29,1;17,5;30,6;29,1;18;15,7;51;42;50;;6;2,4;
2026/01/14;2200 UTC;0;928,4;928,4;928,3;59,7;26,9;18,1;29,1;26,9;18,2;17,5;59;50;58;;4,2;2,3;
2026/01/14;2300 UTC;;929,3;929,3;928,4;;26,1;17,4;26,9;25,8;18,1;17,3;61;56;59;;;;
2026/01/15;0000 UTC;0;930,4;930,4;929,4;;25,6;16,1;26,1;25,6;17,6;16,1;60;55;56;;4,5;3,2;
2026/01/15;0100 UTC;0;931,5;931,5;930,4;;24,9;15,1;25,7;24,8;16,2;15,1;58;55;55;;5,3;3,1;
2026/01/15;0200 UTC;;;;;;23,1;15,1;25;23,1;;;61;53;61;;;;
2026/01/15;0300 UTC;0;931,1;931,6;931,1;;23,3;14,8;23,9;22,9;15,2;14,5;62;56;59;;4,2;3,1;
2026/01/15;0400 UTC;0;930,6;931,1;930,6;;22,8;14,6;23,3;21,9;15,1;14,4;64;59;60;;4,3;3,1;
2026/01/15;0500 UTC;0;930,3;930,6;930,3;;22,8;15;22,9;22,4;15;14,7;63;60;61;;4,3;2,3;
2026/01/15;0600 UTC;0;930,1;930,3;930,1;;22,2;14,9;22,9;22,2;15,1;14,8;64;61;63;;3,4;2;
2026/01/15;0700 UTC;0;930;930,1;929,8;;22,6;16;22,7;21,3;16;14,9;68;63;66;;6,2;4,1;
2026/01/15;0800 UTC;0;930,7;930,7;930;;21,6;16,1;22,6;21,4;16,1;15,7;71;66;71;;6,2;3;
2026/01/15;0900 UTC;0;931,2;931,2;930,7;1,3;21,6;16,4;21,8;20,9;16,5;16,1;75;71;73;;4,5;3,3;
2026/01/15;1000 UTC;0;931,8;931,8;931,2;283,8;23,1;16,7;23,2;21,5;16,8;16,4;73;67;67;;7,7;5,6;
2026/01/15;1100 UTC;0;932,1;932,2;931,7;1168,9;25;17,2;25,1;23,1;17,5;16,4;67;60;62;;10,7;5,4;
2026/01/15;1200 UTC;0;932,6;932,7;932,1;2019,2;26,8;18,4;26,8;24,9;18,8;17,6;64;59;60;;11,4;6,3;
2026/01/15;1300 UTC;0;933;933;932,6;2941,4;27,9;18,6;28,1;26,4;19,1;17,9;61;56;57;;11;6,2;
2026/01/15;1400 UTC;0;932,9;933;932,8;3412,5;28,7;18;28,9;27,7;19,3;18;58;52;52;;9,8;5,5;
2026/01/15;1500 UTC;0;932,3;932,9;932,2;3337,6;29,3;19,2;29,7;28,4;19,5;17,6;56;50;54;;8,6;4,5;
2026/01/15;1600 UTC;0;931,7;932,3;931,6;3511,2;30,5;18,7;30,6;29,2;19,4;16,3;54;43;49;;8,8;3,7;
2026/01/15;1700 UTC;0;931;931,7;931;2951;30,6;17,5;31,2;29,9;19,3;16;52;42;45;;7,5;2,7;
2026/01/15;1800 UTC;0;930,4;931;930,3;2606;31,4;17;31,7;30,4;17,9;16,4;47;41;42;;7,2;3,8;
2026/01/15;1900 UTC;0;929,8;930,4;929,8;1186,2;30,1;17,2;31,3;29,7;18,1;16,4;50;42;46;;6,2;3,5;
2026/01/15;2000 UTC;0;929,5;929,8;929,5;1068,7;29,7;18;30,2;29,7;18,1;16,8;50;45;49;;5,4;3,2;
2026/01/15;2100 UTC;0;929,6;929,6;929,5;399,2;28;18,1;29,7;28;18,3;17,4;55;48;55;;5,4;2,5;
2026/01/15;2200 UTC;0;929,7;929,7;929,6;71,1;27,3;17,3;28;27,1;18,2;17,3;58;54;54;;5,3;3,5;
2026/01/15;2300 UTC;;;;;;26,3;;27,3;;;;;;;;;;
2026/01/16;0000 UTC;0;930,7;930,7;930,2;;25,7;17,4;26,3;25,7;17,4;17,2;60;58;60;;4,8;3,2;
2026/01/16;0100 UTC;0;931,2;931,2;930,7;;24,9;17,5;25,8;24,8;17,7;17,3;64;60;64;;4,8;2,7;
2026/01/16;0200 UTC;;;;;;24,6;;;;;;;;;;;;
2026/01/16;0300 UTC;0;931,5;931,6;931,5;;24,3;17,2;24,7;24,3;17,7;17,2;66;64;65;;5,1;3,2;
2026/01/16;0400 UTC;0;930,9;931,5;930,9;;24,1;16,4;24,4;24;17,2;16,3;65;61;62;;5,1;3,2;
2026/01/16;0500 UTC;0;930,4;930,9;930,4;;23,6;16,3;24,1;23,6;16,5;16,2;65;62;63;;5,6;3,7;
2026/01/16;0600 UTC;0;930,3;930,5;930,3;;22,9;16,3;23,6;22,7;16,3;16,1;67;63;66;;7,8;5,4;
2026/01/16;0700 UTC;0;930,1;930,3;930,1;;22,8;16,3;22,9;22,6;16,3;16,2;67;66;67;;9,2;6,2;
2026/01/16;0800 UTC;0;930,3;930,3;930,1;;21,9;16,6;22,8;21,9;16,6;16,3;72;67;72;;9,2;5,4;
2026/01/16;0900 UTC;0;930,8;930,8;930,2;4,6;22;16,8;22,1;21,9;16,9;16,6;73;71;73;;8,5;4,3;
2026/01/16;1000 UTC;0;931,6;931,6;930,8;321,9;23;17,5;23;22;17,5;16,9;73;71;71;;8;5,3;
2026/01/16;1100 UTC;0;932;932;931,6;873,8;23,9;18,2;24,1;23;18,2;17,4;72;68;71;;9,3;5,7;
2026/01/16;1200 UTC;0;932,3;932,4;932;2143,3;26,2;18,3;26,7;23,9;19,1;18;71;61;62;;10,4;6,6;
2026/01/16;1300 UTC;0;932,5;932,5;932,3;2965,1;28,7;19,7;28,7;26,1;19,7;18,2;64;57;58;;10,3;6,1;
2026/01/16;1400 UTC;0;932,3;932,5;932,3;3406,7;29,5;17,6;29,9;28,1;19,6;17,6;58;49;49;;9,4;5,9;
2026/01/16;1500 UTC;0;931,6;932,3;931,6;3785,1;31,5;17,4;31,5;29,3;19,3;15,6;52;40;43;;9,2;5,1;
2026/01/16;1600 UTC;0;931;931,6;930,9;3812,6;31,9;16,6;32,1;30,5;17,4;15,5;44;38;40;;8,5;3,7;
2026/01/16;1700 UTC;0;930,1;931;930,1;3883,8;31,8;16,3;32,6;31,5;17,6;15,1;42;36;39;;8,3;3,7;
2026/01/16;1800 UTC;0;929,5;930,1;929,4;2905,8;32,1;17,4;32,5;31,5;18,3;15,9;43;38;41;;8,1;2,5;
2026/01/16;1900 UTC;0;928,9;929,5;928,9;1632,7;30,1;17,8;32,1;30,1;17,9;16,3;48;40;48;;6,6;1,9;
2026/01/16;2000 UTC;0;928,6;928,9;928,6;1461;31,5;17,2;31,8;29,5;19,8;16,4;53;40;43;;5,8;2,3;
2026/01/16;2100 UTC;0;928,5;928,7;928,5;295,1;28,6;17,6;31,4;28,6;17,8;15,9;52;42;51;;4,5;1,3;
2026/01/16;2200 UTC;0;928,6;928,6;928,4;74,9;28,4;16,3;28,8;28,3;17,9;16,3;52;48;48;;2,5;1;
2026/01/16;2300 UTC;;;;;;28,4;16;28,5;28;16,4;15,9;49;46;47;;;;
2026/01/17;0000 UTC;0;930,1;930,1;929,2;;27,5;16,1;28,4;27,5;16,6;15,9;51;47;50;;2,2;1,1;
2026/01/17;0100 UTC;0;930,4;930,4;930,1;;27,2;16,2;27,8;27;16,5;15,9;52;48;51;;2,5;1,5;
2026/01/17;0200 UTC;0;930,4;930,6;930,4;;26,8;16,1;27,2;26,1;16,4;16;54;51;52;;2,6;1,7;
2026/01/17;0300 UTC;0;930;930,4;930;;26;15,9;27,1;25,9;16,5;15,8;55;50;54;;3,1;2,1;
2026/01/17;0400 UTC;0;929,8;930;929,7;;25;16,4;26,1;25;16,4;15,8;59;53;59;;5,2;2,6;
2026/01/17;0500 UTC;0;929,5;929,8;929,4;;23,8;17,1;25;23,8;17,1;16,4;66;59;66;;5,6;3,5;
2026/01/17;0600 UTC;0;929,4;929,5;929,3;;23,3;16,8;24,1;23,3;17,1;16,7;67;63;67;;5,5;3,4;
2026/01/17;0700 UTC;0;929,5;929,5;929,4;;23,5;16,3;24;23,3;16,9;16,2;67;62;64;;8;4,9;
2026/01/17;0800 UTC;0;929,8;929,8;929,5;;22,8;16,4;23,5;22,8;16,4;16,2;67;64;67;;7,4;4,5;
2026/01/17;0900 UTC;0;930,1;930,1;929,7;,5;22,4;16,3;23;22,4;16,4;16,2;69;66;68;;7;4,3;
2026/01/17;1000 UTC;0;930,5;930,5;930,1;434,4;24,3;17,1;24,3;22,4;17,1;16,4;69;64;64;;8,6;5,3;
2026/01/17;1100 UTC;0;930,7;930,8;930,5;1282,1;25,3;17,9;25,6;24,2;18,2;16,9;65;63;63;;8,1;4,3;
2026/01/17;1200 UTC;0;931,2;931,2;930,7;2125,5;27,3;19,2;27,3;25,3;19,4;17,6;64;60;61;;9,8;5,4;
2026/01/17;1300 UTC;0;931,3;931,4;931,2;3051,2;28,9;19,8;29,4;27,3;20,1;18,4;62;56;58;;9,9;6;
2026/01/17;1400 UTC;0;931,1;931,3;931;3499,5;30;18,1;30,1;28,2;19,8;17,5;58;48;49;;9,7;6;
2026/01/17;1500 UTC;0;930,3;931,1;930,3;3841,9;31,3;18,7;31,4;29,7;20;17,5;52;45;47;;8,3;3,4;
2026/01/17;1600 UTC;0;929,3;930,3;929,3;3969,1;32,3;17,2;32,4;30,9;19,2;16,7;49;41;41;;6,5;2,5;
2026/01/17;1700 UTC;0;928,5;929,3;928,5;2878,8;30,8;17,5;32,6;30,7;19;16;49;37;45;;5,5;1,9;
2026/01/17;1800 UTC;0;927,6;928,5;927,6;2311,8;31,7;17,8;33,1;30,3;18,3;16,6;47;38;44;;5,2;1,2;
2026/01/17;1900 UTC;0;926,8;927,6;926,8;1839,7;31,1;18,6;32,3;30,8;19,1;16,6;49;40;47;;4,7;2,7;
2026/01/17;2000 UTC;0;926,9;926,9;926,7;597,9;28;19,3;31,1;28;19,7;18,2;59;46;59;;5,4;2,5;
2026/01/17;2100 UTC;0;927;927;926,8;535,4;28,2;18,6;28,9;28;20;18,4;61;55;56;;5,4;1,3;
2026/01/17;2200 UTC;0;927,4;927,4;927;87,6;26,2;18,7;28,2;26,2;19,5;18,5;66;56;63;;3,6;,8;
2026/01/17;2300 UTC;;;;;;27,3;;;;;;;;;;;;
2026/01/18;0000 UTC;0;929,1;929,2;928;;24;18;27,3;23,6;19,3;17,2;76;54;69;;8,4;4,1;
2026/01/18;0100 UTC;;;;;;;;;;;;;;;;;;
2026/01/18;0200 UTC;;;;;;;;;;;;;;;;;;
2026/01/18;0300 UTC;0;930,4;930,4;930,1;;23,6;17,9;25,5;23,6;18,2;17,3;71;60;71;;3,8;1,8;
2026/01/18;0400 UTC;0;929,7;930,5;929,7;;23,3;18,1;23,6;22,8;18,3;17,9;74;70;73;;3,9;1,5;
2026/01/18;0500 UTC;0;929,6;929,7;929,4;;22,5;19;23,6;22,5;19;18,2;81;73;81;;4,1;1,8;
2026/01/18;0600 UTC;0;929,5;929,8;929,5;;21,9;19,5;22,5;21,9;19,5;19;86;81;86;;4,3;2,5;
2026/01/18;0700 UTC;0;929,1;929,5;929;;21,3;19,5;22;21,2;19,5;19,3;89;85;89;;4;1,3;
2026/01/18;0800 UTC;0;929,3;929,3;929,1;;21,5;19,5;22,2;21,3;19,5;19,3;89;84;88;;2,8;,9;
2026/01/18;0900 UTC;0;929,7;929,7;929,2;,4;21,4;19,4;21,7;21,3;19,5;19,4;89;87;89;;2,4;1,3;
2026/01/18;1000 UTC;0;930,6;930,6;929,6;183,6;22,3;19,9;22,3;21,3;20;19,4;90;87;87;;3;2;
2026/01/18;1100 UTC;0;931,5;931,5;930,6;972,4;25;20,5;25;22,2;20,7;19,8;87;77;77;;3;,6;
2026/01/18;1200 UTC;0;931,7;931,7;931,4;2127,5;25,4;20,7;26;24,8;21,3;20,3;77;72;75;;4,8;2,1;
2026/01/18;1300 UTC;0;931,7;931,7;931,5;2030,7;26,4;20,9;26,9;25,2;21,6;19,7;77;67;72;;5,8;3,3;
2026/01/18;1400 UTC;0;931,4;931,7;931,3;3369,1;27,9;21,6;27,9;26,2;21,7;19,9;73;66;69;;7,3;2,8;
2026/01/18;1500 UTC;0;930,4;931,4;930,3;3863,5;27,8;21,7;28,5;27,1;22,5;20,7;72;66;70;;7,7;4,4;
2026/01/18;1600 UTC;0;930;930,4;930;3133,9;24,8;19,6;29,2;24,8;22,6;19,3;73;65;73;;7,2;3,7;
2026/01/18;1700 UTC;0;929,3;930;929,3;847,2;22,9;20,3;25,3;22,8;20,6;19,2;86;71;86;;9,8;5,4;
2026/01/18;1800 UTC;2,6;929;929,7;929;321,8;21,6;20,9;22,9;21,6;21,5;20,3;96;86;96;;8,5;5;
2026/01/18;1900 UTC;1,2;928,5;929,1;928,2;260,7;20,5;20,3;21,7;20,5;21,2;20,2;99;96;99;;10,2;3,2;
2026/01/18;2000 UTC;,2;929,1;929,3;928,5;27,1;20,3;20,3;20,7;20,2;20,6;19,8;100;98;100;;8,2;2;
2026/01/18;2100 UTC;3,8;928,8;929,3;928,8;34,9;20,4;20,3;20,6;20,2;20,6;20,2;;99;99;;5,2;3,1;
2026/01/18;2200 UTC;0;928,1;928,8;927,8;35,4;20,1;19,8;20,5;20,1;20,3;19,7;99;98;98;;5,2;3,2;
2026/01/18;2300 UTC;;;;;;;;;;;;;;;;;;
2026/01/19;0000 UTC;0;929,9;930;929,9;;20,4;20,2;20,4;19,9;20,5;20;;99;99;;5,1;2,6;
2026/01/19;0100 UTC;;;;;;;;;;;;;;;;;;
2026/01/19;0200 UTC;0;930,7;930,7;930,5;;20,6;20,3;20,6;20,4;20,3;20;99;98;98;;4,4;2,7;
2026/01/19;0300 UTC;0;930,2;930,7;930,2;;20,5;20;20,7;20,3;20,4;19,8;99;96;97;;4,1;2,3;
2026/01/19;0400 UTC;0;930;930,2;930;;20,5;19,7;20,7;20,3;20;19,5;97;94;95;;3,8;1,4;
2026/01/19;0500 UTC;0;929,8;930;929,8;;19,9;19,4;20,5;19,9;19,8;19,4;97;95;97;;2,6;1;
2026/01/19;0600 UTC;0;929,5;929,8;929,4;;19,9;19,6;20;19,5;19,6;19,1;99;97;98;;2,7;,1;
2026/01/19;0700 UTC;0;929,5;929,6;929,4;;20,1;19,7;20,3;19,7;19,9;19,4;98;97;98;;2,1;,3;
2026/01/19;0800 UTC;0;929,1;929,5;929;;20,2;19,6;20,4;20;19,9;19,5;98;96;97;;3,5;2,3;
2026/01/19;0900 UTC;,2;929,7;929,7;929,1;;19,4;19,8;20,2;19,3;19,8;19,3;;97;;;3,9;2,5;
2026/01/19;1000 UTC;0;930,4;930,4;929,7;335,6;20,6;21,1;20,6;19,4;21,1;19,8;;;;;4,7;3,7;
2026/01/19;1100 UTC;0;930,7;930,8;930,4;1150,6;22,4;20,8;22,4;20,6;21,8;20,4;;90;91;;6,3;4,7;
2026/01/19;1200 UTC;0;931,1;931,2;930,7;2124,6;24,5;21;24,8;22,3;21,6;20,6;92;80;81;;6,5;3,8;
2026/01/19;1300 UTC;0;931,3;931,4;931;2856,8;26;20,9;26,2;24,4;22;20,7;82;73;74;;7;4,1;
2026/01/19;1400 UTC;0;931,1;931,5;931,1;3121,3;27,2;21;27,3;26;21,9;20,4;76;68;69;;7;2,6;
2026/01/19;1500 UTC;0;930,6;931,1;930,6;3223,7;28;20,8;28,4;27,2;21,9;19,7;71;61;65;;6,6;2,1;
2026/01/19;1600 UTC;3,6;930;930,6;930;1631,3;23,8;20,7;29;23,8;22,2;20,3;83;62;83;;5,6;2,2;
2026/01/19;1700 UTC;1,6;928,7;930;928,7;926,7;24,6;22,5;25,2;23,6;23;20,5;90;81;88;;5,6;2,7;
2026/01/19;1800 UTC;0;927,8;928,7;927,8;1556,7;24,1;20,9;25,8;24,1;23,7;20,7;92;80;83;;8,2;4,8;
2026/01/19;1900 UTC;,2;928,1;928,3;927,8;442,3;21,6;20,3;24,1;21,6;21,1;20;93;82;93;;8,2;3,1;
2026/01/19;2000 UTC;13,6;927,3;928,3;927,2;256,4;21;20,2;21,6;20,1;20,4;19,1;97;92;95;;7;4,4;
2026/01/19;2100 UTC;0;927,4;927,5;927,1;238,7;21,3;20,5;21,4;20,9;20,7;20,1;96;93;95;;5,9;3,2;
2026/01/19;2200 UTC;0;927,5;927,7;927,3;32,6;21,3;20,1;21,8;21,1;20,7;20;97;91;93;;4,2;2,2;
2026/01/19;2300 UTC;0;928,2;928,2;927,5;;21,2;20,2;21,5;21,1;20,5;20,1;96;93;94;;3,4;1,4;
2026/01/20;0000 UTC;0;929;929;928,2;;21,6;19,9;21,9;21,2;20,3;19,7;94;89;90;;3,6;2,2;
2026/01/20;0100 UTC;0;929,9;929,9;929;0;21,7;19,8;21,9;21,3;20,2;19,8;93;89;89;;3,1;,7;
2026/01/20;0200 UTC;0;930;930,3;929,9;,6;22,5;20,2;22,9;21,7;20,2;19,5;89;82;87;;2;,8;
2026/01/20;0300 UTC;0;929,6;930;929,6;;21,8;19,6;22,6;21,8;20,1;19,3;88;83;87;;2,4;,6;
2026/01/20;0400 UTC;0;929,1;929,6;929,1;;20,9;20,7;22,8;20,8;20,7;19,1;99;81;99;;4,8;2,7;
2026/01/20;0500 UTC;0;928,7;929,1;928,7;;21;20,1;21,1;20,9;20,8;20;99;94;94;;5,6;3,5;
2026/01/20;0600 UTC;0;928,5;928,7;928,4;;20,7;20,4;21;20,7;20,4;20,1;98;94;98;;5,9;4,1;
2026/01/20;0700 UTC;3,8;928,4;928,7;928,4;;19,7;19,5;20,7;19,5;20,4;19,3;99;97;99;;8;5,3;
2026/01/20;0800 UTC;0;928,6;928,6;928,3;;19,3;19,3;19,8;19,3;19,6;19,3;100;99;100;;7,9;4,3;
2026/01/20;0900 UTC;8,8;929,5;929,5;928,6;;19,3;19,7;19,4;19;19,7;19;;100;;;8,8;4,6;
2026/01/20;1000 UTC;13,2;930,2;930,2;929,5;10,6;18,6;19,2;19,3;18,6;19,6;19,1;;;;;9,6;4,6;
2026/01/20;1100 UTC;1,6;930,8;930,9;930,2;110,2;20;20,6;20,1;18,6;20,6;19,2;;;;;6,7;2,3;
2026/01/20;1200 UTC;0;931,2;931,2;930,8;543,8;21;21;21;20;21,5;20,6;;100;100;;4,1;2,2;
2026/01/20;1300 UTC;,2;931,8;931,8;931,2;459;21,3;21,1;21,5;20,9;21,4;20,8;100;98;98;;3,4;2,3;
2026/01/20;1400 UTC;,2;931,7;931,9;931,7;857,3;22,2;21,5;22,3;21,3;21,8;21;99;95;95;;4,6;2;
2026/01/20;1500 UTC;0;931,2;931,7;931,2;949,3;23,1;21,4;23,1;22,2;21,9;21,3;96;90;90;;5,4;2,8;
2026/01/20;1600 UTC;0;930,7;931,2;930,7;983,8;23,5;21,1;23,6;23,1;21,6;21;91;86;87;;5,9;2,5;
2026/01/20;1700 UTC;0;929,7;930,7;929,7;1814,5;25,1;21,5;25,2;23,5;22;20,6;88;76;80;;5;2;
2026/01/20;1800 UTC;0;929,1;929,7;928,9;1861,5;21,9;18,8;26,4;21,9;21,5;18,7;83;70;83;;8,8;3;
2026/01/20;1900 UTC;2,4;928,6;929,3;928,6;254,9;20,8;20;21,9;20,5;20,1;18,8;97;83;95;;8;1,8;
2026/01/20;2000 UTC;2;929;929;928,6;125;20,7;20,1;21;20,7;20,1;19,7;96;93;96;;4,1;1,6;
2026/01/20;2100 UTC;3,6;929,1;929,1;928,9;94,8;20,6;20,4;20,8;20,6;20,4;20,1;99;96;99;;3,3;1;
2026/01/20;2200 UTC;,2;929,4;929,4;928,9;17;20,4;20,4;20,8;20,4;20,6;20,3;100;98;100;;3,9;2,7;
2026/01/20;2300 UTC;0;930,3;930,3;929,4;;20,1;20,1;20,4;20;20,3;20;;100;100;;4,4;,5;
2026/01/21;0000 UTC;0;930,7;930,8;930,3;;20,4;20;20,4;20,1;20,3;19,9;100;98;98;;2,4;,7;
2026/01/21;0100 UTC;0;931,3;931,3;930,7;;20,5;20,2;20,6;20,2;20,3;19,9;98;98;98;;2,4;1,1;
2026/01/21;0200 UTC;0;931,4;931,5;931,3;;20,4;20,1;20,5;20,3;20,2;19,9;99;98;98;;3,1;1,1;
2026/01/21;0300 UTC;0;930,9;931,4;930,9;;20,6;20,3;20,6;20,3;20,3;20;98;98;98;;3,3;2,2;
2026/01/21;0400 UTC;0;930,4;930,9;930,4;;20,7;20,5;20,7;20,5;20,5;20,2;99;98;99;;3,8;1,4;
2026/01/21;0500 UTC;0;929,8;930,4;929,8;;20,7;20,1;20,8;20,6;20,5;20,1;99;96;96;;2,5;,5;
2026/01/21;0600 UTC;0;929,5;929,8;929,5;;20,5;19,8;20,7;20,5;20,1;19,8;96;95;96;;1,8;0;
2026/01/21;0700 UTC;0;929,3;929,5;929,3;;20,9;19,8;21;20,5;20;19,8;96;93;93;;2,1;1;
2026/01/21;0800 UTC;0;929,5;929,5;929,3;;20,9;19,9;20,9;20,8;19,9;19,8;94;93;94;;2,4;0;
2026/01/21;0900 UTC;0;929,8;929,8;929,5;;20,4;19,9;20,9;20,3;19,9;19,7;97;94;97;;2;,5;
2026/01/21;1000 UTC;0;930,3;930,3;929,8;88,8;21,1;19,8;21,1;20,5;19,9;19,6;97;93;93;;2,6;1,4;
2026/01/21;1100 UTC;0;931;931;930,3;655,6;22,4;20,4;22,4;21,1;20,7;19,8;93;88;89;;3,5;2,4;
2026/01/21;1200 UTC;0;931,6;931,6;931;1469;23,6;21,2;23,6;22,4;21,6;20,3;90;85;87;;4,3;1,9;
2026/01/21;1300 UTC;0;931,7;931,8;931,6;2903,7;25,7;20,8;25,7;23,6;21,9;20,1;87;73;74;;4,9;1,6;
2026/01/21;1400 UTC;0;931,4;931,7;931,4;2399,4;26,6;19,8;27;25,6;21,6;19,5;75;65;66;;3,6;,9;
2026/01/21;1500 UTC;0;930,8;931,4;930,8;1949;24,5;21,7;27,9;23,8;21,7;19,6;85;63;84;;9;3,1;
2026/01/21;1600 UTC;0;929,9;930,8;929,9;2652,8;25,2;20,9;26,5;24,5;22,5;20,5;84;72;77;;6,2;2,4;
2026/01/21;1700 UTC;0;928,9;929,9;928,9;797,6;24,9;20,8;25,4;24,3;21,5;20;81;73;78;;5,4;0;
2026/01/21;1800 UTC;0;927,7;928,9;927,7;734,5;25,4;21,4;25,5;24,9;22,3;20,1;83;73;79;;3,4;,8;
2026/01/21;1900 UTC;0;927,7;927,7;927,5;865,4;25,4;21,7;25,9;25,1;22,5;21,3;84;77;80;;2,5;1,6;
2026/01/21;2000 UTC;0;927,7;927,7;927,4;385,7;24,7;22,4;25,5;24,6;22,4;21,7;87;80;87;;2,4;1,2;
2026/01/21;2100 UTC;,8;929,1;929,1;927,7;218,1;20,6;20,1;25,3;20,5;22,5;19,5;98;79;98;;11,9;4,8;
2026/01/21;2200 UTC;1;930,1;930,1;929,1;20,9;20,5;20,6;20,9;20,5;21;20,1;;98;100;;10,2;3,6;
2026/01/21;2300 UTC;,4;930,6;930,6;930,1;0;19,9;20,1;20,5;19,7;20,5;19,7;;100;;;9,1;3,7;
2026/01/22;0000 UTC;,4;931,2;931,2;930,6;;20,3;20,8;20,3;19,9;20,8;20,2;;;;;6,5;2,2;
2026/01/22;0100 UTC;,8;931,6;931,6;931,2;;20,2;20,7;20,3;20,1;20,8;20,6;;;;;4,3;,5;
2026/01/22;0200 UTC;,4;931,5;931,6;931,5;;20,1;20,7;20,2;20,1;20,8;20,7;;;;;2,6;,2;
2026/01/22;0300 UTC;,2;931,2;931,5;931,2;;20,1;20,7;20,2;20,1;20,8;20,6;;;;;2,8;1,1;
2026/01/22;0400 UTC;0;930,7;931,2;930,7;;20;20,5;20,2;19,9;20,7;20,5;;;;;2,7;1,2;
2026/01/22;0500 UTC;,2;930,1;930,7;930,1;;19,9;20,5;20;19,9;20,6;20,5;;;;;2,4;,1;
2026/01/22;0600 UTC;0;929,8;930,1;929,8;;20;20,6;20,1;19,9;20,7;20,4;;;;;2,3;1,4;
2026/01/22;0700 UTC;0;929,7;929,9;929,7;;19,8;20,2;20;19,7;20,6;20,2;;;;;2,4;,1;
2026/01/22;0800 UTC;0;929,7;929,7;929,6;;19,6;19,9;19,8;19,6;20,2;19,9;;;;;2;0;
2026/01/22;0900 UTC;0;930,2;930,2;929,7;;19,7;20;19,7;19,5;20;19,9;;;;;2,1;1;
2026/01/22;1000 UTC;0;931,5;931,5;930,2;99,3;20;20,4;20,1;19,7;20,5;20;;;;;5,1;3,2;
2026/01/22;1100 UTC;0;932,3;932,3;931,5;530,5;20,7;21;20,8;20;21;20,4;;;;;5,1;2,9;
2026/01/22;1200 UTC;0;932,7;932,7;932,3;921,5;22,6;21,8;22,6;20,7;21,9;21,1;;95;96;;4,9;2,9;
2026/01/22;1300 UTC;0;932,8;932,8;932,7;1732,2;23,3;21,1;23,4;22,4;22;20,7;96;86;88;;5,7;2,8;
2026/01/22;1400 UTC;,2;932,6;932,8;932,6;1367,1;23,2;22;24;21,8;22;20,3;94;83;93;;5,5;2,2;
2026/01/22;1500 UTC;0;931,9;932,6;931,9;904,5;23,2;20,7;23,7;22,2;21,9;19,8;93;85;85;;7,6;2,7;
2026/01/22;1600 UTC;0;930,9;931,9;930,9;1069,3;24,2;19,7;24,2;23;21,1;19,7;87;76;76;;5,6;2,3;
2026/01/22;1700 UTC;0;930,2;930,9;930,2;1106,3;25,1;20,1;25,2;24,2;20,7;19,4;78;74;74;;5,2;2,2;
2026/01/22;1800 UTC;0;929;930,2;929;1808,6;26,8;20;26,8;25,1;20,6;19,6;75;66;66;;5,5;3,4;
2026/01/22;1900 UTC;0;927,9;929;927,9;2470,7;26,8;19,6;27,4;26,5;20,6;19,4;69;63;65;;5,9;3;
2026/01/22;2000 UTC;0;928;928;927,8;1587,2;26,8;19,7;27,7;26,8;20,2;19,1;66;60;65;;6;3,2;
2026/01/22;2100 UTC;0;928,5;928,5;928;341,9;25,1;22;26,8;25,1;22;19,8;83;65;83;;5,5;1;
2026/01/22;2200 UTC;0;929;929;928,5;59,3;24;22,2;25,2;24;22,4;22;90;83;90;;2,9;1,8;
2026/01/22;2300 UTC;,2;929,8;929,8;929;;23,4;22,4;24;23,2;22,4;22,2;95;90;94;;2,5;0;
2026/01/23;0000 UTC;0;930;930;929,8;;22,9;22;23,5;22,8;22,5;22;96;93;95;;2,1;,8;
2026/01/23;0100 UTC;;;;;;;;;;;;;;;;;;
2026/01/23;0200 UTC;0;930,7;930,8;930,6;;21,9;20,9;22;21,9;20,9;20,8;94;93;94;;5,4;3,9;
2026/01/23;0300 UTC;;930,6;930,8;930,6;;21,6;20,7;22;21,6;20,9;20,7;95;93;94;;;4,1;
2026/01/23;0400 UTC;0;930,2;930,6;930,1;;21,4;19,7;21,6;21,4;20,7;19,7;95;90;90;;5,9;2,6;
2026/01/23;0500 UTC;1,6;929,8;930,2;929,8;;20,5;19,5;21,5;20,5;19,9;19,5;95;90;94;;4,1;1,9;
2026/01/23;0600 UTC;,4;929,5;929,8;929,5;;20,6;19,7;20,6;20,3;19,7;19,1;94;91;94;;3,9;2,2;
2026/01/23;0700 UTC;0;929,4;929,5;929,3;,8;20,3;19,5;20,7;20,2;19,7;19,1;95;92;95;;3,4;0;
2026/01/23;0800 UTC;0;929,7;929,7;929,4;;20;19,5;20,6;19,9;19,9;19,2;97;94;97;;1,8;,6;
2026/01/23;0900 UTC;0;930,1;930,1;929,7;1,7;20;19,8;20,2;20;19,8;19,5;99;97;99;;2,4;,8;
2026/01/23;1000 UTC;0;930,7;930,7;930,1;135,8;20,7;19,5;20,8;20;20,1;19,5;99;93;93;;4,7;3,4;
2026/01/23;1100 UTC;0;931,3;931,3;930,6;326;21,2;20,1;21,2;20,7;20,1;19,4;94;91;94;;5,6;3;
2026/01/23;1200 UTC;0;931,9;931,9;931,3;1042,5;23,6;20,9;23,6;21,2;21,2;20,1;94;84;85;;7,1;4,4;
2026/01/23;1300 UTC;0;932,2;932,2;931,9;1457,2;24,4;20,8;24,4;23,3;21,2;20,2;86;79;80;;7,1;3,5;
2026/01/23;1400 UTC;0;932,1;932,2;932,1;3036,6;26,7;21,1;27;24,4;22,1;20,6;81;69;71;;5,3;2,2;
2026/01/23;1500 UTC;0;931,3;932,1;931,3;3400,6;27,8;21,6;28,6;26,3;22,7;20,4;74;66;69;;6;,6;
2026/01/23;1600 UTC;0;930,3;931,3;930,3;2246,3;26,7;21;29,6;26,7;22,2;19,9;71;58;71;;6,3;2,9;
2026/01/23;1700 UTC;,4;929,2;930,3;929,2;493,4;23,7;21,9;26,7;23,7;22,2;20,6;91;71;90;;5,9;2;
2026/01/23;1800 UTC;,2;928,7;929,3;928,7;309,8;23,9;22,3;24,2;23,3;22,8;21,8;94;90;91;;4,1;1,5;
2026/01/23;1900 UTC;0;928,7;928,7;928,5;156,6;23,3;22;24;23;22,4;22;96;90;92;;4;2,4;
2026/01/23;2000 UTC;,2;928,9;928,9;928,7;389,8;22,9;22,2;23,9;22,9;22,2;21,3;96;86;96;;5,1;3,4;
2026/01/23;2100 UTC;0;929,4;929,4;928,9;213,3;22,2;21,8;22,9;22,2;22,1;21,7;98;96;98;;4,3;1;
2026/01/23;2200 UTC;0;930,4;930,4;929,4;8,7;22,1;21,5;22,2;21,8;21,9;21,5;99;96;96;;5,2;3,2;
2026/01/23;2300 UTC;0;930,8;930,9;930,3;;21,3;21,1;22,1;21,3;21,4;20,4;98;93;98;;6,5;4,3;
2026/01/24;0000 UTC;;;;;;;;;;;;;;;;;;
2026/01/24;0100 UTC;;;;;;;;;;;;;;;;;;
2026/01/24;0200 UTC;0;932,5;932,7;932,5;;21;21;21;20,7;21;20,7;;100;100;;3,4;,5;
2026/01/24;0300 UTC;0;932;932,5;932;;21,4;19,8;21,4;21;21;19,8;100;91;91;;3,1;,9;
2026/01/24;0400 UTC;0;931,2;932;931,2;;20,8;19,6;21,5;20,8;20,1;19,6;94;90;93;;2,1;,1;
2026/01/24;0500 UTC;0;930,9;931,2;930,9;;20,7;19,5;21,2;20,7;20;19,5;93;91;93;;1,9;1,3;
2026/01/24;0600 UTC;0;930,7;930,9;930,7;;20,5;19,4;20,7;20,5;19,7;19,3;94;92;93;;2,4;1,6;
2026/01/24;0700 UTC;0;930,3;930,7;930,3;;20,1;19,7;20,6;20,1;19,7;19,4;98;93;98;;2,7;1,5;
2026/01/24;0800 UTC;0;930,9;930,9;930,3;;20,2;20,5;20,2;19,9;20,5;19,7;;98;;;5,8;3;
2026/01/24;0900 UTC;0;931,2;931,2;930,9;,6;20,3;20,7;20,3;20,2;20,9;20,5;;;;;7,3;4;
2026/01/24;1000 UTC;0;931,7;931,7;931,2;124,5;20,6;21,1;20,6;20,1;21,1;20,6;;;;;7,5;2,7;
2026/01/24;1100 UTC;0;931,9;931,9;931,7;505,4;21,5;21,1;21,5;20,6;21,9;21,1;;98;98;;5,8;3,8;
2026/01/24;1200 UTC;0;932,4;932,4;931,9;1172;23,2;21,7;23,2;21,5;21,7;21;98;91;91;;6,4;4,2;
2026/01/24;1300 UTC;0;932,7;932,7;932,4;1560,5;25,3;21,8;25,5;23,1;22,4;21,3;92;80;81;;6,4;2,1;
2026/01/24;1400 UTC;0;932,5;932,7;932,5;2275,6;27,8;21;27,9;25,2;23,3;21;83;67;67;;5;2,4;
2026/01/24;1500 UTC;0;932,3;932,6;932,3;2464,8;28,4;20;29,1;27,5;21,8;19,4;68;58;60;;7,2;1,8;
2026/01/24;1600 UTC;0;931;932,3;931;3760,6;30,4;19,9;30,6;28,4;21,8;18,9;64;52;54;;6,3;2,7;
2026/01/24;1700 UTC;0;930,1;931;930,1;2872,1;30,3;19,3;30,9;29,3;20,4;18,9;58;50;52;;6,5;2,7;
2026/01/24;1800 UTC;0;930,1;930,3;929,9;873,4;25,5;21,4;30,3;25,5;21,9;18,8;78;51;78;;7;3,6;
2026/01/24;1900 UTC;0;929,6;930,1;929,5;195,8;24,2;21,2;25,5;24;21,5;19,8;85;71;83;;6,4;2,2;
2026/01/24;2000 UTC;0;930;930;929,2;69,1;23,3;20,1;24,2;22,6;21,4;20,1;89;82;82;;5,4;2,1;
2026/01/24;2100 UTC;0;930,2;930,5;930;10,4;22,3;21,1;23,6;22,2;21,2;20,1;94;82;93;;5,4;2,1;
2026/01/24;2200 UTC;0;930,7;930,7;930,2;,2;22,6;20,8;22,7;22,2;21,2;20,7;94;88;90;;3,3;,5;
2026/01/24;2300 UTC;0;930,8;930,8;930,7;;23;20;23,3;22,5;21,3;19,6;92;81;83;;1,9;0;
2026/01/25;0000 UTC;;;;;;;;;;;;;;;;;;
2026/01/25;0100 UTC;0;932,3;932,3;931,3;;22;20,8;22,5;21,7;20,9;20,3;94;88;93;;2,8;1,4;
2026/01/25;0200 UTC;0;932,5;932,6;932,3;;23;20,1;23;21,9;20,8;20,1;93;84;84;;2,5;,3;
2026/01/25;0300 UTC;0;932,3;932,5;932,3;;22,6;20;23;22,4;20,1;19,8;86;83;85;;2;,8;
2026/01/25;0400 UTC;0;932;932,3;931,9;;22,7;19,5;22,9;22,3;20,1;19,4;85;82;82;;2,2;1,6;
2026/01/25;0500 UTC;0;931,8;932;931,8;;22,6;19,7;22,9;22;20,1;19,5;88;82;83;;2,3;,3;
2026/01/25;0600 UTC;0;931,6;931,8;931,5;;22,4;19,4;23;22,4;19,7;19,3;83;80;83;;1,8;1,2;
2026/01/25;0700 UTC;0;931,6;931,6;931,5;;22,6;19,7;22,6;22,2;19,7;19,2;84;82;84;;2,1;,8;
2026/01/25;0800 UTC;0;932;932;931,6;;21,9;19,6;23,1;21,9;19,9;19,6;87;82;87;;2,1;,9;
2026/01/25;0900 UTC;0;932;932;931,9;;21,8;19,6;22;21,6;19,8;19,5;88;87;88;;2,4;1,6;
2026/01/25;1000 UTC;0;932,4;932,4;932;161,1;22;20,2;22,2;21,8;20,2;19,6;90;86;90;;2,6;,4;
2026/01/25;1100 UTC;0;933,1;933,1;932,4;546,3;23,1;20,7;23,1;21,9;20,9;20;92;86;86;;1,8;,7;
2026/01/25;1200 UTC;0;933,6;933,6;933,1;1138,5;24,8;22;24,8;23,1;22;20,7;87;82;84;;4;2,1;
2026/01/25;1300 UTC;0;933,7;933,7;933,6;1373,2;25,4;21,3;25,5;24,5;21,9;21;84;78;78;;3,9;2,3;
2026/01/25;1400 UTC;0;933,7;933,8;933,6;1825,7;26,7;23,1;26,7;25,4;23,1;20,9;82;74;80;;3,9;1,5;
2026/01/25;1500 UTC;0;933,4;933,7;933,3;2704,7;27,6;22,6;28,1;26,7;23,4;21,9;81;73;74;;5,1;1,8;
2026/01/25;1600 UTC;0;932,7;933,4;932,7;2701,6;28;23,7;29,1;26,9;24,2;22,3;79;72;77;;4,6;2,5;
2026/01/25;1700 UTC;0;931,9;932,7;931,9;3170,9;27,7;23;30,1;27,6;24,7;21,5;80;61;76;;7,1;4,2;
2026/01/25;1800 UTC;0;930,8;931,9;930,8;2120,4;29,8;21,8;30;27,5;23,2;20,6;76;62;62;;7,1;1,7;
2026/01/25;1900 UTC;0;930,2;930,8;930,1;1410,5;27,8;23;29,9;27,7;23,4;20,4;77;59;75;;5,8;1,1;
2026/01/25;2000 UTC;2,8;930,3;930,4;929,9;1230,4;26,2;23;29,2;24,2;23,3;19,2;87;65;83;;13,3;2;
2026/01/25;2100 UTC;0;930,6;930,6;929,9;275,4;25,9;23,1;26,7;25;23,8;22,3;88;80;85;;3,7;1,2;
2026/01/25;2200 UTC;0;930,6;930,9;930,5;24,6;25;22,5;25,9;24,9;23,1;22,2;87;84;86;;4;,1;
2026/01/25;2300 UTC;0;931,5;931,5;930,6;;25,5;21,8;25,7;24,9;22,6;21,8;87;80;80;;2,5;1,9;
2026/01/26;0000 UTC;;;;;;25,3;;25,6;25,1;;;;;;;;;
2026/01/26;0100 UTC;;932,7;932,7;932,1;;25,1;21,1;25,4;25,1;21,5;21,1;80;78;79;;3,9;2,2;
2026/01/26;0200 UTC;;;;;;24,6;;;;;;;;;;;;
2026/01/26;0300 UTC;0;932,1;932,7;932;;24,5;21,5;24,6;24,4;21,5;20,9;83;80;83;;3,2;1,6;
2026/01/26;0400 UTC;0;931,9;932,3;931,9;;24,1;21,1;24,5;24,1;21,5;20,9;84;80;83;;2,6;,6;
2026/01/26;0500 UTC;;932;;;;22,4;20,7;24,5;22,4;21,2;20,6;90;80;90;;;;
2026/01/26;0600 UTC;,2;931,8;932;931,8;;22,7;20,8;22,7;22,3;21;20,5;92;89;90;;3,4;,2;
2026/01/26;0700 UTC;0;931,6;931,8;931,6;;21,7;21,3;23;21,7;21,3;20,4;98;86;98;;3,8;2,1;
2026/01/26;0800 UTC;0;932,1;932,1;931,6;;21,8;21,3;21,8;21,3;21,6;21,2;100;97;97;;3;1;
2026/01/26;0900 UTC;0;932,7;932,7;932,1;;21,1;21,1;21,8;21,1;21,2;20,4;100;93;100;;3,3;1,4;
2026/01/26;1000 UTC;0;933,3;933,3;932,7;221,2;21,8;22;21,9;21;22,1;21;;100;;;2,9;1,4;
2026/01/26;1100 UTC;0;933,4;933,5;933,3;1159,6;24,8;21,2;24,9;21,6;22,6;20,8;;80;80;;5,5;3;
2026/01/26;1200 UTC;0;933,6;933,6;933,4;2035,5;26,2;21,1;26,2;24,8;21,8;20,4;82;72;74;;9;5,3;
2026/01/26;1300 UTC;0;933,8;933,8;933,6;2699,3;27,4;19,9;27,8;25,9;21,1;19,4;74;62;64;;10,1;6,5;
2026/01/26;1400 UTC;0;933,7;933,8;933,7;3333,1;28,9;19,7;29,3;27,2;20,7;19,4;65;56;58;;9,7;4,2;
2026/01/26;1500 UTC;0;933,5;933,7;933,4;3778,9;29,5;20,1;30,4;28,8;21,3;19,2;61;54;57;;8,6;3,3;
2026/01/26;1600 UTC;0;932,8;933,5;932,8;3737,5;29,7;19,3;31;29,4;20,8;19;57;51;54;;7,1;2,7;
2026/01/26;1700 UTC;0;932,1;932,8;932,1;3139,3;31,4;20,3;31,4;29,5;20,8;18,9;57;50;52;;6,6;2,4;
2026/01/26;1800 UTC;0;931,1;932,1;931,1;2166,5;29,7;19,8;31,9;29,7;21,7;18,4;56;47;55;;7,7;2,9;
2026/01/26;1900 UTC;0;930,5;931,1;930,3;556,3;28,4;20,5;29,7;28,2;21,4;19,9;66;56;62;;4,9;1,9;
2026/01/26;2000 UTC;0;930,1;930,6;930,1;579,1;29,7;20,2;30,1;27,8;21,4;19,9;66;54;57;;5,5;3,2;
2026/01/26;2100 UTC;0;930,1;930,1;930;306,8;27,6;20,3;29,7;27,6;20,4;19,9;65;56;65;;5,5;1,1;
2026/01/26;2200 UTC;0;930,3;930,3;930,1;50,2;26,4;20,4;27,6;26,4;20,7;20,3;71;64;70;;2,7;,5;
2026/01/26;2300 UTC;0;930,7;930,7;930,3;;26,4;19,3;26,8;25,8;20,3;19,1;71;63;65;;3,9;2;
2026/01/27;0000 UTC;0;931,8;931,8;930,7;;26,5;19,4;26,7;26,3;19,6;19,1;66;63;65;;3,4;2,3;
2026/01/27;0100 UTC;0;932,3;932,3;931,8;;26,2;19,1;26,7;25,8;19,4;18,9;67;63;65;;3,4;1,1;
2026/01/27;0200 UTC;0;932,7;932,7;932,3;;25;19,3;26,2;25;19,3;19;71;65;71;;3,4;2,8;
2026/01/27;0300 UTC;0;932,5;932,7;932,5;;25,1;19,3;25,4;24,6;19,5;19,1;73;69;70;;3,5;2,5;
2026/01/27;0400 UTC;0;931,9;932,5;931,9;;24,6;19,3;25,1;24,5;19,6;19,3;74;70;72;;4,1;2,9;
2026/01/27;0500 UTC;0;931,6;931,9;931,6;;23,8;19,3;24,7;23,8;19,4;19,2;76;72;76;;4,6;3,4;
2026/01/27;0600 UTC;0;931,5;931,7;931,5;;23,4;19,4;24;23,4;19,5;19,3;78;75;78;;5,1;3,1;
2026/01/27;0700 UTC;0;931,3;931,5;931,3;;23;19,2;23,4;22,9;19,4;19,2;80;78;79;;5;3;
2026/01/27;0800 UTC;0;931,2;931,3;931,1;;22,6;18,7;23,3;22,6;19,2;18,7;79;76;79;;7;4,5;
2026/01/27;0900 UTC;0;931,5;931,5;931,1;;22,3;18,4;22,6;21,9;18,8;18,4;82;78;78;;7,3;5,4;
2026/01/27;1000 UTC;0;932,1;932,1;931,4;256,7;23,7;18;23,7;22,1;18,5;18;79;71;71;;9,3;6,4;
2026/01/27;1100 UTC;0;932,9;932,9;932,1;1156,4;25,1;19,2;25,1;23,7;19,3;18;72;69;70;;10,1;5,9;
2026/01/27;1200 UTC;0;933,3;933,3;932,8;2073,6;26,6;18,8;26,8;24,8;20;18,7;70;62;62;;8,3;4,9;
2026/01/27;1300 UTC;0;933,5;933,6;933,3;2873,6;28,7;19,6;28,8;26,6;20,1;18,8;64;56;58;;7,7;3,5;
2026/01/27;1400 UTC;0;933,1;933,5;933,1;3499,3;30;19,4;30;28,7;20,3;17,9;59;49;53;;7;4,2;
2026/01/27;1500 UTC;0;932,9;933,2;932,9;3699,5;30,3;19,1;30,8;29,6;20,4;18,1;56;48;51;;7,1;2,9;
2026/01/27;1600 UTC;0;932,2;932,9;932,2;2667,3;30,1;18,3;31,4;29,6;19,9;17,4;54;45;49;;6,1;1,7;
2026/01/27;1700 UTC;0;931,5;932,2;931,5;3209,4;32,2;18,3;32,2;30,1;19,2;17;51;43;44;;5,6;,7;
2026/01/27;1800 UTC;0;930,6;931,5;930,6;3266,9;32,7;18,2;33,2;30,7;19,2;16;46;38;42;;4,4;,5;
2026/01/27;1900 UTC;0;929,7;930,6;929,7;2303,2;31,7;18,4;32,6;31;19,5;17;49;41;45;;5,1;2,4;
2026/01/27;2000 UTC;0;929,4;929,7;929,3;1639,8;31,3;18,3;32,2;30,6;19,4;17,5;49;43;46;;4,7;2,3;
2026/01/27;2100 UTC;0;929,4;929,4;929,2;858,6;30;19,4;31,3;30;20;17,4;53;44;53;;4,1;2,8;
2026/01/27;2200 UTC;0;929,9;929,9;929,4;132,1;26,5;19,2;30;26,5;20,6;19,2;65;53;64;;5;1,6;
2026/01/27;2300 UTC;;;;;;25,5;;27;;;;;;;;;;
2026/01/28;0000 UTC;0;931,7;931,7;930,9;;25,4;19,8;25,5;25,2;19,9;19,5;72;70;71;;4,4;1,7;
2026/01/28;0100 UTC;;;;;;;;;;;;;;;;;;
2026/01/28;0200 UTC;;;;;;;;;;;;;;;;;;
2026/01/28;0300 UTC;0;932,7;933;932,5;;23,5;19,4;25;23,5;19,7;19,2;77;72;77;;5,6;2,7;
2026/01/28;0400 UTC;0;932,3;932,8;932,3;;22,2;20,1;23,5;21,8;20,6;19,4;91;77;88;;6;,6;
2026/01/28;0500 UTC;0;931,4;932,3;931,4;;22,7;19,7;22,9;22,2;20,3;19,3;89;82;83;;2,1;0;
2026/01/28;0600 UTC;0;931,3;931,4;931,2;;21,5;19,8;23,5;21,5;19,8;19;90;78;90;;6;,9;
2026/01/28;0700 UTC;0;931,9;931,9;931,3;;21,2;20,4;21,8;20,8;20,4;19,7;96;89;95;;3,2;1;
2026/01/28;0800 UTC;0;932,3;932,3;931,9;;21,1;20;21,3;21;20,3;19,8;95;91;93;;3,7;,9;
2026/01/28;0900 UTC;0;933,1;933,1;932,3;;21,6;20,4;21,8;21,1;20,4;20;93;91;93;;3,3;1,9;
2026/01/28;1000 UTC;0;934;934;933,1;191,2;22,1;20,6;22,2;21,6;21;20,4;95;91;91;;4,2;2;
2026/01/28;1100 UTC;0;934,4;934,4;934;975,3;24;21,3;24;22,1;21,8;20,5;92;84;85;;5,3;1,4;
2026/01/28;1200 UTC;0;934,8;934,8;934,4;1602,8;24,4;21,5;25,3;23,7;22;20,9;85;80;84;;4,9;1,9;
2026/01/28;1300 UTC;0;934,8;934,9;934,8;1323,5;25,3;22,2;25,3;23,9;22,3;21,2;87;82;83;;4,9;1,1;
2026/01/28;1400 UTC;0;934,8;935;934,8;2047;26,4;21,5;27,1;24,6;22,7;21,1;83;74;75;;4,3;1,1;
2026/01/28;1500 UTC;0;934,2;934,8;934,2;2190,3;26,4;21,5;27,5;25,5;22,8;21,3;81;73;74;;5,5;1,4;
2026/01/28;1600 UTC;0;933,5;934,2;933,5;2101,1;26,9;21,9;28,1;26,4;22,7;21;77;68;74;;5,5;3,5;
2026/01/28;1700 UTC;0;932,6;933,5;932,6;2150,4;27,7;21,7;28,5;26,9;22,6;21,3;74;68;70;;5,6;3,3;
2026/01/28;1800 UTC;0;931,8;932,6;931,8;2377,3;28,6;21,9;28,6;27,5;22,4;21,2;71;67;67;;5,5;3;
2026/01/28;1900 UTC;0;931;931,8;930,9;1990,9;28,4;21,6;28,9;27,7;22,5;21;70;65;67;;6,9;3,7;
2026/01/28;2000 UTC;0;930,7;931,1;930,7;1160;27,4;22;28,6;27,3;22,4;21;73;65;73;;6,9;3,5;
2026/01/28;2100 UTC;0;931,4;931,4;930,7;434,8;26,1;21,5;27,4;26,1;22,2;21,5;78;72;76;;5,9;,9;
2026/01/28;2200 UTC;0;932,6;932,6;931;62,4;23,9;20,6;26,1;23,6;21,1;19,8;82;75;82;;4,6;0;
2026/01/28;2300 UTC;0;933,1;933,1;932,6;;22,2;19,6;24;22,1;21;18,4;86;73;85;;9,2;1,8;
2026/01/29;0000 UTC;0;934,2;934,3;933,1;;21,6;19,1;22,3;21,6;19,8;19,1;88;85;85;;6,9;3,4;
2026/01/29;0100 UTC;0;934,5;934,7;934,2;;21,1;19,1;21,8;21,1;19,2;18,8;89;84;88;;6,1;2,4;
2026/01/29;0200 UTC;0;933,6;934,5;933,6;;22,2;19;22,3;21;19,7;18,9;90;82;82;;4,7;1,9;
2026/01/29;0300 UTC;0;933,2;933,6;933,1;;22;18,9;23,1;22;19,2;18,5;84;78;82;;4,6;3,1;
2026/01/29;0400 UTC;0;933,1;933,3;933;;21,3;19,5;22;21,1;19,6;18,9;89;82;89;;4,6;1,3;
2026/01/29;0500 UTC;0;932,9;933,1;932,8;;21,9;20;21,9;21,3;20;19,5;90;89;89;;4,1;,5;
2026/01/29;0600 UTC;0;932,2;932,9;932,2;;21,7;19,6;22,1;21,5;20,2;19,6;91;88;88;;6,2;2,9;
2026/01/29;0700 UTC;0;932,1;932,3;932;;21,8;19,1;21,9;21,3;19,6;19,1;90;84;85;;4,9;2;
2026/01/29;0800 UTC;0;932,7;932,7;932,1;;22;18,8;22,2;21,7;19,1;18,8;85;82;82;;3,4;,7;
2026/01/29;0900 UTC;0;933,1;933,1;932,7;;21,6;19,2;22;21,6;19,2;18,8;87;82;87;;2,9;1,8;
2026/01/29;1000 UTC;0;934,1;934,1;933,1;91,6;22;20,3;22;21,4;20,3;19,2;91;87;90;;3;,1;
2026/01/29;1100 UTC;0;934,7;934,7;934,1;458,4;22,9;20;22,9;22;20,2;19,6;90;83;84;;4,9;2,7;
2026/01/29;1200 UTC;0;934,9;935,1;934,7;1210,1;24,7;20,1;24,8;22,9;20,5;19,8;84;75;75;;6,4;3,8;
2026/01/29;1300 UTC;0;935;935;934,9;2313,1;26,8;20,3;26,9;24,6;20,6;19,2;77;66;68;;6,4;2,6;
2026/01/29;1400 UTC;0;934,8;935;934,8;2794,4;27,6;20,4;28,3;26,5;21,5;19,7;69;64;65;;6;2,8;
2026/01/29;1500 UTC;0;934;934,8;934;3021,4;28,2;21;28,6;27,2;22;20,2;70;64;65;;5,8;1,6;
2026/01/29;1600 UTC;0;933,2;934;933,2;2416,6;28,2;20,7;29,4;27,5;21,9;20,6;69;61;64;;5,6;3,1;
2026/01/29;1700 UTC;0;932,3;933,2;932,2;2001,4;28,9;19,7;29,1;27,9;21,5;19,7;66;57;58;;5,6;3,3;
2026/01/29;1800 UTC;0;931,4;932,3;931,4;1184,8;27,5;21,6;28,9;27,1;21,7;19,3;71;56;71;;7,1;1,6;
2026/01/29;1900 UTC;0;930,8;931,4;930,8;1697,1;27,6;20,2;28,4;27,2;21,9;19,9;72;61;64;;5,2;2,3;
2026/01/29;2000 UTC;0;930,9;931;930,8;1172,2;28,1;20,4;28,3;27,6;20,9;19,5;67;61;63;;4,1;2,2;
2026/01/29;2100 UTC;0;931,1;931,1;930,9;303,2;26,3;20,7;28,2;26,2;21;19,5;72;60;71;;3,8;1,3;
2026/01/29;2200 UTC;0;931,6;931,7;931,1;17,9;24,9;20,8;26,4;24,9;20,8;19,8;78;69;78;;2,9;,1;
2026/01/29;2300 UTC;0;931,8;931,8;931,5;;24,7;19,5;25,5;24,6;20,5;19,5;78;71;73;;3,4;1,8;
2026/01/30;0000 UTC;0;932,2;932,3;931,8;;24,1;19,8;24,9;24,1;20;19,4;77;72;77;;2,7;,4;
2026/01/30;0100 UTC;0;933;933;932,2;;23,7;19,9;24,1;23;20,2;19,7;83;77;79;;2,1;,8;
2026/01/30;0200 UTC;0;932,9;933,1;932,8;;23,6;20,4;23,8;23,3;20,6;19,9;84;79;82;;2,9;1,6;
2026/01/30;0300 UTC;0;932,4;932,9;932,4;;23,7;20,6;24,1;23,6;20,7;20,4;83;81;82;;2,8;1,6;
2026/01/30;0400 UTC;0;931,9;932,4;931,9;;23,2;20,6;23,7;22,9;20,7;20,5;87;82;85;;2,9;1,1;
2026/01/30;0500 UTC;0;931,1;931,9;931,1;;22,4;20,3;23,5;22,4;20,5;20,2;88;83;88;;2,9;,1;
2026/01/30;0600 UTC;0;931,2;931,3;931,1;;22,4;20,5;22,6;22,3;20,6;20,2;89;88;89;;2,1;1,2;
2026/01/30;0700 UTC;0;931,3;931,3;931,1;;22,1;20,7;22,4;22,1;20,8;20,4;92;89;92;;2,1;0;
2026/01/30;0800 UTC;0;931,8;931,8;931,3;;22,3;20,4;22,3;22,1;20,8;20,4;92;89;89;;1,7;,1;
2026/01/30;0900 UTC;0;932;932;931,8;;22;20;22,3;21,9;20,5;20;90;88;88;;2,1;,9;
2026/01/30;1000 UTC;0;932,6;932,6;932;180,5;23,2;20,7;23,2;22;21,2;20;91;86;86;;2,4;,7;
2026/01/30;1100 UTC;0;933,1;933,1;932,6;1091,3;25,7;20,9;25,8;23,2;21,3;20,5;86;75;75;;3,3;1,3;
2026/01/30;1200 UTC;0;933,5;933,6;933,1;1961,3;27,4;21,5;27,7;25,4;21,7;20,6;77;67;70;;3,6;,9;
2026/01/30;1300 UTC;0;933,6;933,6;933,5;2448,9;28,2;20,9;28,7;26,7;22;20,5;72;63;64;;5,4;2,2;
2026/01/30;1400 UTC;0;933,1;933,6;933,1;3358,2;28,2;20,7;29,4;27,9;22,3;20,7;67;63;64;;6,7;1,9;
2026/01/30;1500 UTC;0;932,4;933,1;932,4;3617,2;29,2;20,1;31,2;28,1;22,7;20;66;55;58;;6;2,4;
2026/01/30;1600 UTC;0;931,5;932,4;931,5;3728;31;21;31,1;29,2;22;19,9;60;54;55;;6,8;2,7;
2026/01/30;1700 UTC;0;930,3;931,5;930,3;2787,2;31,4;21,1;32,3;29,4;21,9;19,7;61;50;55;;6,4;3,1;
2026/01/30;1800 UTC;0;929,3;930,4;929,3;1119,6;29,3;20,7;31,5;29;21,6;20;64;53;60;;6,4;1,3;
2026/01/30;1900 UTC;0;929,4;929,4;929;232,6;24,7;21;29,5;24,6;21,6;20,4;81;59;80;;6,2;3;
2026/01/30;2000 UTC;0;929,6;929,8;929,1;55,9;21,7;20,6;24,7;21,7;21,4;20,2;93;80;93;;7,4;2,8;
2026/01/30;2100 UTC;0;929,9;929,9;929,1;88,6;23,9;20,7;23,9;21,6;20,9;20,5;94;82;82;;5,5;1,7;
2026/01/30;2200 UTC;0;931,1;931,4;929,9;11,9;23,1;19,9;24,5;23,1;20,9;19,9;87;78;82;;9,6;3,6;
2026/01/30;2300 UTC;;;;;;;;;;;;;;;;;;
2026/01/31;0000 UTC;;;;;;;;;;;;;;;;;;
2026/01/31;0100 UTC;0;933,2;933,2;932,6;;22,2;20,3;22,2;21,8;20,4;20,1;91;88;89;;4,1;,9;
2026/01/31;0200 UTC;0;933,1;933,4;933,1;;22,2;20,6;22,6;22,1;20,6;20,2;90;88;90;;4,5;3;
2026/01/31;0300 UTC;0;932,2;933,1;932,2;;22,2;20,6;22,5;22,1;20,7;20,5;91;89;90;;4,3;1;
2026/01/31;0400 UTC;0;930,7;932,2;930,7;;22,6;20,2;22,6;22,1;20,6;20,2;91;86;86;;3,9;2,3;
2026/01/31;0500 UTC;0;930,2;930,7;930,2;;22,6;20;22,8;22,3;20,2;20;87;85;85;;4;1,5;
2026/01/31;0600 UTC;0;930,4;930,4;929,9;;21,9;19,9;22,8;21,8;20;19,6;89;82;88;;3,5;,6;
2026/01/31;0700 UTC;0;930;930,4;930;;21,7;20;22,3;21,4;20;19,7;90;87;90;;2,4;1,6;
2026/01/31;0800 UTC;0;930,1;930,1;930;;21,3;19,7;21,8;20,7;19,9;19,5;93;88;90;;2,3;0;
2026/01/31;0900 UTC;0;930,6;930,6;930,1;;21,9;19,5;21,9;21,1;19,6;19,2;90;86;86;;1,7;,8;
2026/01/31;1000 UTC;0;931,4;931,4;930,6;297,9;23;20,6;23;21,9;20,7;19,3;88;82;86;;2,6;,6;
2026/01/31;1100 UTC;0;932,2;932,2;931,4;1057;25,1;20,4;25,1;23;21,2;20,1;87;75;75;;3,1;1,5;
2026/01/31;1200 UTC;0;932,4;932,5;932,2;1747,1;27,2;20,3;27,6;24,8;21,3;19,7;77;66;66;;2,8;1,1;
2026/01/31;1300 UTC;0;932,9;932,9;932,4;2688,1;28,8;20,4;29,5;27,1;21,7;19,6;68;60;60;;3,5;,7;
2026/01/31;1400 UTC;0;932,3;932,9;932,3;3265,3;30,2;20,5;30,6;28,3;21,5;19,6;63;55;56;;4,4;1,6;
2026/01/31;1500 UTC;0;931,7;932,3;931,7;2736,5;28,4;22,2;30,4;28,4;23;20;69;55;69;;5,6;3,8;
2026/01/31;1600 UTC;15,6;931,3;931,8;931,3;557,2;21,3;20,8;28,8;21;22,5;19,2;98;66;97;;11,7;,3;
2026/01/31;1700 UTC;,6;930,2;931,3;930,1;918,3;24,6;22,2;24,6;21,3;22,2;20,3;97;86;87;;2,3;,2;
2026/01/31;1800 UTC;0;929;930,2;929;1547,5;26,8;21,9;27,2;24,6;23,3;20,6;87;68;75;;2,9;,2;
2026/01/31;1900 UTC;0;928;929;928;1374,7;27,9;22;27,9;26,8;22,6;21;77;67;71;;2,9;2;
2026/01/31;2000 UTC;0;928,3;928,3;927,8;1611,4;29;21,8;29;27,9;22,6;20,1;71;59;65;;3,8;1;
2026/01/31;2100 UTC;0;928,7;928,7;928,2;546,8;27,2;22,1;29;27,2;22,2;21;74;62;74;;2,8;,3;
2026/01/31;2200 UTC;0;929,8;929,8;928,7;57,5;24,1;21;27,2;24,1;22,5;20,9;83;74;83;;6,7;1,7;
2026/01/31;2300 UTC;;;;;;;;;;;;;;;;;;
2026/02/01;0000 UTC;;;;;;22,9;;;;;;;;;;;;
2026/02/01;0100 UTC;;;;;;;;;;;;;;;;;;
2026/02/01;0200 UTC;;;;;;;;;;;;;;;;;;
2026/02/01;0300 UTC;0;931,5;931,8;931,5;;22,4;20,8;23,1;22,4;20,8;20,4;91;85;91;;2,7;,3;
2026/02/01;0400 UTC;0;931,5;931,6;931,4;;22,8;20,9;23;22;21,1;20,6;92;88;89;;2,8;2;
2026/02/01;0500 UTC;0;930,7;931,5;930,7;;22,5;21;22,9;22,5;21,1;20,9;91;88;91;;3,2;1,8;
2026/02/01;0600 UTC;0;930,3;930,7;930,3;;22,1;21,1;22,6;22,1;21,1;20,8;94;90;94;;3,4;2,5;
2026/02/01;0700 UTC;0;930,5;930,5;930,2;;21,4;20,9;22,2;21,4;21,1;20,9;97;93;97;;5,6;3,7;
2026/02/01;0800 UTC;0;930,9;931;930,5;;21,2;21,1;21,4;21,2;21,2;20,9;100;97;100;;7,6;4,8;
2026/02/01;0900 UTC;0;931;931;930,8;;20,6;20,4;21,2;20,6;21,1;20,4;100;98;99;;8,1;2,8;
2026/02/01;1000 UTC;0;931,9;931,9;931;95,3;21,3;21,2;21,3;20,6;21,2;20,4;100;99;99;;3,9;1,2;
2026/02/01;1100 UTC;0;932,7;932,7;931,9;373,9;21,7;20,9;21,7;21,1;21,2;20,6;99;95;95;;7,1;4,4;
2026/02/01;1200 UTC;0;932,8;932,8;932,7;1847,5;23,8;20,1;24;21,7;21,1;19,4;95;77;80;;9,7;5,9;
2026/02/01;1300 UTC;0;932,9;933;932,6;2622,7;25,5;20,3;25,7;23,8;21;19,7;80;72;73;;8,9;3,4;
2026/02/01;1400 UTC;0;932,6;932,9;932,6;3335,2;27,2;21,2;27,3;25;21,5;20;76;68;70;;7;2,5;
2026/02/01;1500 UTC;0;932,2;932,7;932,2;2859,4;28;21,5;28,3;27,2;21,9;20,8;71;66;68;;6,7;3,3;
2026/02/01;1600 UTC;0;931,6;932,2;931,6;1222,2;24,2;21,3;28,5;24,2;22,3;21,2;84;65;84;;8,6;4,3;
2026/02/01;1700 UTC;,2;930,1;931,6;930,1;800,4;23,7;21,2;24,2;22,9;21,3;20,7;90;84;86;;8,6;3,9;
2026/02/01;1800 UTC;0;928,9;930,1;928,9;1581,6;25,1;21,8;25,1;23,5;22;20,9;88;81;82;;6,6;2,9;
2026/02/01;1900 UTC;0;928,5;928,9;928,4;2959,4;27,5;22,2;27,8;25,2;23;21,6;82;70;73;;5,2;1,3;
2026/02/01;2000 UTC;0;928,8;928,8;928,5;1028;26,1;22,1;28,2;26;22,9;21,5;80;69;79;;4,5;1,2;
2026/02/01;2100 UTC;0;929,3;929,3;928,8;329,5;25,4;22,1;26,2;25,4;22,3;21,8;82;79;82;;2,9;,1;
2026/02/01;2200 UTC;0;930;930;929,3;35,6;24,3;22,1;25,4;24,3;22,5;22,1;88;82;88;;2,1;,4;
2026/02/01;2300 UTC;0;930,5;930,5;930;;23,5;21,9;24,3;23,5;22,1;21,6;91;87;91;;3;,6;
2026/02/02;0000 UTC;0;931,3;931,3;930,5;;23;21,8;23,6;23;21,9;21,2;93;87;93;;2,7;1;
2026/02/02;0100 UTC;0;931,9;931,9;931,3;;23,5;22;23,5;23;22;21,8;93;91;92;;2,1;,3;
2026/02/02;0200 UTC;;;;;;;;;;;;;;;;;;
2026/02/02;0300 UTC;0;931,4;931,6;931,4;;22,6;20,8;23,3;22,6;22,5;20,8;97;90;90;;3,6;1,7;
2026/02/02;0400 UTC;0;931,1;931,4;931;;23;20,9;23;22,5;21;20,5;90;88;88;;2,8;,4;
2026/02/02;0500 UTC;0;930,9;931,1;930,9;;23,2;21,4;23,2;22,9;21,4;20,6;90;86;90;;3,9;2,9;
2026/02/02;0600 UTC;0;931,4;931,4;930,8;;22,3;21,2;23,3;22,3;21,7;21,2;93;90;93;;4,5;2,7;
2026/02/02;0700 UTC;0;931,2;931,4;931,2;;22;21,5;22,3;21,9;21,6;21,1;97;93;97;;4,5;0;
2026/02/02;0800 UTC;0;931,1;931,2;931;;22,4;21,9;22,4;21,9;21,9;21,5;98;97;97;;1,8;,4;
2026/02/02;0900 UTC;0;931,2;931,3;931,1;;22,8;21;22,8;22,1;21,9;21;97;90;90;;1,8;,8;
2026/02/02;1000 UTC;0;931,3;931,3;931,2;174,5;23,4;21,2;23,5;22,7;21,4;21;91;87;87;;2,5;1,5;
2026/02/02;1100 UTC;0;931,5;931,5;931,3;863,6;25,4;21,7;25,4;23,4;22,1;21,2;88;80;80;;4,6;3;
2026/02/02;1200 UTC;0;931,9;931,9;931,5;2064,3;27,9;22,5;27,9;25,3;22,8;21,7;81;71;72;;5;1,9;
2026/02/02;1300 UTC;0;931,7;931,9;931,7;2605,8;30,1;22,1;30,1;27,7;22,3;19,5;72;58;62;;4;1,1;
2026/02/02;1400 UTC;0;931,4;931,7;931,4;3217,3;30,2;21,3;30,5;28,5;23,1;20,7;68;56;59;;4,4;1;
2026/02/02;1500 UTC;1,4;931,2;931,6;931,2;1423,8;25,1;20,7;31,1;25,1;23,6;20,7;85;57;77;;5,8;2,8;
2026/02/02;1600 UTC;0;930,4;931,2;930,4;768,4;23,7;20,1;25,8;22,7;21,8;19,7;86;72;80;;5,8;3,2;
2026/02/02;1700 UTC;0;929;930,5;929;899,3;26,7;20,7;26,8;23,6;21,8;19,5;82;70;70;;6,7;1,5;
2026/02/02;1800 UTC;0;928,3;929,1;928,3;1416,8;27,9;21,4;28,3;26,7;22,4;20,6;73;65;68;;3,6;0;
2026/02/02;1900 UTC;,2;928,2;928,3;928;901,6;26,1;21,5;28,4;25,7;22,1;20,7;79;64;76;;8,5;3,6;
2026/02/02;2000 UTC;0;928,7;928,7;928;721,2;26,5;21,9;26,5;25,9;22;21,3;78;73;76;;6;2,2;
2026/02/02;2100 UTC;0;928,8;929;928,7;240,3;25,6;21,8;26,5;25,4;22;21,6;81;76;80;;4,3;1,9;
2026/02/02;2200 UTC;0;930;930;928,7;30,9;24,7;21,8;26,2;24,6;22,1;20,9;86;73;84;;4,3;2,1;
2026/02/02;2300 UTC;0;930,6;930,6;930;;24;22,2;24,7;24;22,2;21,7;90;83;90;;4;2,1;
2026/02/03;0000 UTC;0;930,8;930,8;930,5;;23,3;21,5;24;23,3;22,2;21,2;90;86;90;;4,2;2,5;
2026/02/03;0100 UTC;0;932;932;930,8;;23,1;21,2;23,5;23;21,6;21,1;90;89;89;;4,9;1,4;
2026/02/03;0200 UTC;5,4;932,3;932,3;932;;21,6;21,3;23,2;21,5;21,4;21,2;98;89;98;;5,2;,3;
2026/02/03;0300 UTC;,6;932,5;932,9;932,3;;21,3;21,4;21,9;21,2;21,7;21,2;;98;;;5;2,8;
2026/02/03;0400 UTC;5,6;932,7;933,3;932,5;,8;20,4;20,8;21,3;20,1;21,5;20,3;;100;;;7,3;4,2;
2026/02/03;0500 UTC;5,4;932,3;932,8;932,3;;20,2;20,8;20,5;20,1;21,1;20,7;;;;;8,3;5,6;
2026/02/03;0600 UTC;6,2;931,6;932,3;931,6;0;20,1;20,7;20,2;20;20,8;20,7;;;;;8,4;4,6;
2026/02/03;0700 UTC;3,4;932,1;932,1;931,5;,1;19,9;20,3;20,2;19,8;20,7;20,2;;;;;8,3;5;
2026/02/03;0800 UTC;2,4;931,9;932,1;931,7;;19,9;20,5;20;19,9;20,7;20,3;;;;;9,3;5,7;
2026/02/03;0900 UTC;1,4;932,6;932,6;931,9;,1;19,7;20,3;19,9;19,6;20,6;20,3;;;;;8,9;5,1;
2026/02/03;1000 UTC;,4;934,1;934,1;932,6;17,1;19,6;20,3;19,7;19,5;20,3;20,1;;;;;8,1;,4;
2026/02/03;1100 UTC;1;934,5;934,6;934,1;121,4;19,7;20,4;19,9;19,6;20,5;20,3;;;;;4,4;2,4;
2026/02/03;1200 UTC;,2;934,1;934,5;934,1;457,5;20,1;20,8;20,2;19,7;20,8;20,4;;;;;5,6;3,9;
2026/02/03;1300 UTC;0;934,6;934,7;934;731,8;20,9;21,5;20,9;20,1;21,6;20,8;;;;;7;4,9;
2026/02/03;1400 UTC;0;934,7;934,7;934,1;1488,3;21,9;21;21,9;20,7;21,5;20,8;;95;95;;9,8;4,2;
2026/02/03;1500 UTC;0;935,1;935,2;934,7;1820,2;22,9;20,9;23;21,9;21,8;20,7;95;88;89;;7;2,8;
2026/02/03;1600 UTC;0;933,8;935,1;933,8;2131,1;24,6;21,3;24,6;22,9;21,9;20,5;90;81;82;;5,1;3;
2026/02/03;1700 UTC;0;933,3;933,8;933,3;2192,5;25;21,2;25,3;23,9;22,1;20,3;84;76;80;;5,5;1,8;
2026/02/03;1800 UTC;0;931,8;933,3;931,8;2075,4;25,8;21,6;25,9;24,7;22,1;20,6;83;76;77;;6,1;3,6;
2026/02/03;1900 UTC;0;931,4;931,8;931,3;1796,3;26;21,2;26;25;21,7;20;80;71;75;;6,1;2,7;
2026/02/03;2000 UTC;0;931,4;931,5;931,3;1333,8;24,9;21,5;26,8;24,8;21,9;20,5;81;72;81;;4,6;2,9;
2026/02/03;2100 UTC;0;931,4;931,4;931,1;484,9;23,8;20,3;25;23,8;21,5;20,3;82;79;81;;5;2,1;
2026/02/03;2200 UTC;0;931,9;931,9;931,4;69,3;22,9;20,5;23,8;22,9;20,5;20,2;86;81;86;;3,1;2,2;
2026/02/03;2300 UTC;0;932,5;932,5;931,9;;22,5;20,5;22,9;22,4;20,9;20,5;90;86;88;;2,9;1,9;
2026/02/04;0000 UTC;0;932,8;932,8;932,5;;22,4;20,5;22,6;22,4;20,6;20,4;90;88;89;;3,1;2,3;
2026/02/04;0100 UTC;0;933,2;933,2;932,8;;22,6;20,4;22,8;22,3;20,7;20,2;90;85;87;;3;2,2;
2026/02/04;0200 UTC;0;933,2;933,5;933,2;;22,3;20,6;22,6;22,2;20,6;20,3;91;87;90;;3,2;2;
2026/02/04;0300 UTC;0;933,1;933,2;933,1;;22;20,4;22,3;21,9;20,6;20,3;91;89;91;;3;2,2;
2026/02/04;0400 UTC;0;932,8;933,1;932,7;;21,6;20,3;22,1;21,5;20,4;20,2;93;90;92;;3,1;1;
2026/02/04;0500 UTC;0;932,1;932,8;932,1;;21,5;20,3;21,7;21,3;20,5;20,2;94;92;93;;2,9;2,2;
2026/02/04;0600 UTC;0;931,8;932,1;931,8;;21,1;20,3;21,5;21,1;20,4;20,3;95;93;95;;3,2;1,9;
2026/02/04;0700 UTC;0;931,9;931,9;931,8;;20,9;20,2;21,1;20,9;20,4;20,1;96;95;96;;2,5;,7;
2026/02/04;0800 UTC;0;932;932;931,8;;20,6;20,1;21;20,6;20,4;20,1;97;96;97;;2,7;1,4;
2026/02/04;0900 UTC;0;932,5;932,5;932;;21,4;21;21,4;20,5;21;20,1;99;97;98;;2,9;,3;
2026/02/04;1000 UTC;0;933,1;933,1;932,5;206,3;21,9;21,3;21,9;21,4;21,3;20,8;98;96;97;;2;,4;
2026/02/04;1100 UTC;0;933,8;933,8;933,1;526;22,5;21,3;22,5;21,9;21,5;21,1;97;93;93;;2,5;0;
2026/02/04;1200 UTC;0;934;934;933,8;1084;25,1;21,1;25,1;22,5;21,5;20,6;93;78;79;;2,7;,9;
2026/02/04;1300 UTC;0;933,8;934;933,8;2441,6;26,8;20,9;26,8;24,7;21,3;19,6;79;68;70;;4,7;1,5;
2026/02/04;1400 UTC;0;933,4;933,8;933,4;3198,2;26,9;19,9;28,4;26,4;21,5;19,9;72;64;66;;4,3;2,4;
2026/02/04;1500 UTC;0;933,1;933,4;933,1;2482,4;28;21,7;28;26,8;22,4;20,2;73;66;68;;4,7;2,3;
2026/02/04;1600 UTC;0;932,5;933,1;932,5;1878,1;27,3;22,3;28,6;27,1;22,7;21,2;76;66;74;;4,7;2,5;
2026/02/04;1700 UTC;0;931,7;932,5;931,7;2592,9;30;23,2;30,1;27,3;23,8;21,5;76;66;67;;4,8;2;
2026/02/04;1800 UTC;0;930,9;931,7;930,9;3244,6;30,3;21,3;30,4;28,1;23,2;20,9;71;58;59;;5,1;1,9;
2026/02/04;1900 UTC;0;930,5;930,9;930,5;1887,6;28,9;20,6;30,5;28,4;22,2;20,1;66;57;61;;4,6;1,9;
2026/02/04;2000 UTC;0;930,3;930,5;930,3;1021,3;28,1;21,1;29;28;22,1;19,9;69;58;66;;4,4;2,5;
2026/02/04;2100 UTC;0;930,8;930,9;930,3;832,1;28,4;19,1;28,7;27,9;21,3;18,6;67;54;57;;3,4;,2;
2026/02/04;2200 UTC;0;930,7;930,8;930,6;59,5;26;19,7;28,4;26;20,4;19,3;69;57;69;;1,6;0;
2026/02/04;2300 UTC;0;931,2;931,2;930,7;;25,7;20,7;26;25,2;21,5;19,7;80;69;74;;1;0;
2026/02/05;0000 UTC;0;931,2;931,3;931;;24,8;21;25,9;24,8;21,5;20,6;81;73;79;;2,1;,7;
2026/02/05;0100 UTC;0;931,8;931,8;931,1;;24,6;21,3;25;24;21,4;20,5;85;76;82;;2,1;,2;
2026/02/05;0200 UTC;0;932,3;932,3;931,8;;24,9;21,1;25,1;24,5;21,5;21;83;79;80;;1,6;0;
2026/02/05;0300 UTC;0;932,2;932,4;932,1;;24,3;20,6;25;24,1;21,2;20,6;82;79;80;;1,8;,2;
2026/02/05;0400 UTC;0;931,6;932,2;931,6;;23,4;20,7;24,4;23,1;20,8;19,7;87;76;85;;3,8;1,8;
2026/02/05;0500 UTC;0;931,2;931,6;931,2;;23,4;21;23,6;23,3;21;20,5;86;84;86;;3,3;,6;
2026/02/05;0600 UTC;0;931,2;931,3;931,2;;23,8;20,9;23,8;23,3;21;20,7;87;83;84;;2,4;1,5;
2026/02/05;0700 UTC;0;931,1;931,2;931;;22,5;20,6;23,8;22,5;21,1;20,6;89;84;89;;2,4;,7;
2026/02/05;0800 UTC;0;931,3;931,3;930,9;;22,2;20,5;22,7;21,6;20,8;20,4;93;89;90;;2,8;,5;
2026/02/05;0900 UTC;0;931,4;931,4;931,3;;22,1;20,6;22,4;21,7;20,7;20,4;92;90;91;;2,5;,1;
2026/02/05;1000 UTC;0;931,7;931,7;931,4;236,8;24,2;21,3;24,2;21,9;21,3;20,4;91;84;84;;2,2;,5;
2026/02/05;1100 UTC;0;932;932;931,7;858,2;25,3;21,1;25,9;24,3;21,7;20,7;84;75;78;;3;1,7;
2026/02/05;1200 UTC;0;932,3;932,3;932;1236,6;26,3;21,4;26,5;25,3;21,9;21,2;80;74;74;;3;1;
2026/02/05;1300 UTC;0;932,4;932,4;932,3;2407,9;28;21,9;29,2;26,3;22,9;21,1;75;65;70;;3,5;1,5;
2026/02/05;1400 UTC;0;932,5;932,5;932,4;2149,4;28,1;21,9;29,1;27,6;22,6;21,1;72;65;69;;3,9;1,9;
2026/02/05;1500 UTC;0;931,6;932,5;931,6;3382;29,3;20,7;29,4;27,8;23,4;20,7;73;60;60;;5,5;2,4;
2026/02/05;1600 UTC;0;930,6;931,6;930,6;3867;30,2;20,1;30,8;29,1;21,6;19,6;61;52;55;;5,8;2,8;
2026/02/05;1700 UTC;0;929,6;930,6;929,6;3736,5;30,5;20,6;31;29,2;22,3;19,8;63;54;56;;6,8;3,1;
2026/02/05;1800 UTC;0;928,9;929,6;928,9;2818,3;29,7;19,9;31,3;29,6;22,1;19,4;60;51;56;;6,8;2,8;
2026/02/05;1900 UTC;0;928;928,9;928;1221,3;29,7;20,9;30,9;29,4;21,4;19,8;60;53;59;;4,6;1,1;
2026/02/05;2000 UTC;0;927,4;928;927,3;676,5;27,5;21,4;29,7;27,1;22;20,7;71;59;70;;5,7;2,3;
2026/02/05;2100 UTC;0;928;928;927,4;339,4;26,9;22,2;27,6;26,9;22,2;21,3;75;69;75;;3,3;,9;
2026/02/05;2200 UTC;0;928,6;928,6;928;34,1;25;21,6;26,9;25;22,5;21,5;82;75;81;;4;3,1;
2026/02/05;2300 UTC;0;929,4;929,5;928,5;;23,6;21,3;25,1;23,6;21,8;20,7;88;76;87;;5,3;3,6;
2026/02/06;0000 UTC;;;;;;;;;;;;;;;;;;
2026/02/06;0100 UTC;;;;;;;;;;;;;;;;;;
2026/02/06;0200 UTC;0;931;931,1;930,7;;24;18;24,8;23,5;21,1;17,8;81;69;69;;3,8;1,3;
2026/02/06;0300 UTC;0;930,6;931,1;930,6;;24,7;18,5;24,7;23,7;19,1;17,8;73;68;68;;2,3;,3;
2026/02/06;0400 UTC;0;930,2;930,6;930,2;;22,8;19;24,7;22,4;19,2;18,2;82;68;79;;2,3;,7;
2026/02/06;0500 UTC;0;929,7;930,2;929,7;;22,8;18,7;22,8;21,8;19;18,1;82;77;78;;2,5;1,4;
2026/02/06;0600 UTC;0;929;929,7;929;;23,8;21,6;24;22,8;21,6;18,5;87;75;87;;3,3;2,6;
2026/02/06;0700 UTC;0;928,8;929,1;928,7;;23;19,6;23,8;23;21,5;19,5;88;81;81;;3,5;2,7;
2026/02/06;0800 UTC;0;929,4;929,4;928,8;;22,8;20,9;23;22,8;20,9;19,4;89;80;89;;3,5;1,1;
2026/02/06;0900 UTC;0;929,8;929,8;929,4;;22,4;21,4;22,9;22,4;21,5;20,9;94;89;94;;2,6;,2;
2026/02/06;1000 UTC;0;930,1;930,1;929,8;177,8;23,1;21,9;23,1;22,3;21,9;21,3;94;93;93;;3,4;2,1;
2026/02/06;1100 UTC;0;931,2;931,2;930,1;933,3;25,4;22,3;25,4;23,1;22,6;21,9;93;83;83;;3,6;2,2;
2026/02/06;1200 UTC;0;931,7;931,7;931,2;1700,9;26;22,4;27,3;25,3;23,1;22,1;83;76;81;;4,1;2,2;
2026/02/06;1300 UTC;0;932,3;932,4;931,7;2539,3;27,4;23,2;28;25,8;23,2;22,2;81;75;78;;7,3;4,9;
2026/02/06;1400 UTC;0;932,5;932,6;932,1;1811,1;26,7;21,1;27,8;25,8;23,2;21,1;79;71;71;;10,3;6,5;
2026/02/06;1500 UTC;0;932,5;933,1;932,4;1928,3;24,1;19,4;26,7;23,3;20,9;19;79;71;75;;13,4;5;
2026/02/06;1600 UTC;0;931,3;932,5;931,3;2258,9;24,9;19,6;25,2;23,8;20,2;19,2;76;72;72;;8,7;4,8;
2026/02/06;1700 UTC;0;929,7;931,3;929,7;2999,6;27,3;19,6;27,5;24,8;21,1;19,5;74;62;63;;7,4;1,6;
2026/02/06;1800 UTC;0;929;929,7;929;1769,5;27,4;20,4;28,5;27,1;20,8;19,5;67;61;66;;3,7;1,5;
2026/02/06;1900 UTC;0;928,7;929;928,7;2403,6;27,4;20;27,9;26,9;21,7;20;71;64;64;;6;2,7;
2026/02/06;2000 UTC;0;928,3;928,7;928,2;1558;27,4;20,2;27,9;27,1;20,9;19,8;66;63;65;;5,3;,7;
2026/02/06;2100 UTC;0;928,1;928,4;928,1;383,7;25,3;20,1;27,4;25,3;20,6;20;74;64;73;;3,6;1,9;
2026/02/06;2200 UTC;0;928,2;928,3;928,1;36,2;24,2;20,1;25,4;23,6;20,3;19,9;80;72;78;;2,8;2;
2026/02/06;2300 UTC;;;;;;;;;;;;;;;;;;
2026/02/07;0000 UTC;0;929,7;929,7;928,8;;23,5;19,2;24,4;23,1;19,5;19,1;80;73;77;;3,4;1,8;
2026/02/07;0100 UTC;0;930,9;930,9;929,7;;23,6;19,3;23,9;22,7;19,5;19,1;81;76;77;;2,5;1,4;
2026/02/07;0200 UTC;;;;;;22,8;;;;;;;;;;;;
2026/02/07;0300 UTC;0;931,3;931,4;931,2;;22,1;19,4;22,9;21,8;19,7;19,3;87;81;85;;3,7;,8;
2026/02/07;0400 UTC;0;931,1;931,3;931,1;;21,9;19;22,4;21,7;19,5;18,7;86;81;84;;2,8;,9;
2026/02/07;0500 UTC;0;930,6;931,1;930,6;;22;18,9;22,1;21,6;19,1;18,9;85;82;83;;2,7;1,1;
2026/02/07;0600 UTC;0;930,5;930,6;930,4;;21,3;18,8;22;21,3;18,9;18,6;86;83;86;;3,6;,8;
2026/02/07;0700 UTC;0;931,1;931,1;930,5;;21;19,2;21,3;20,8;19,2;18,8;90;86;90;;3,5;1,2;
2026/02/07;0800 UTC;0;931,6;931,7;931,1;;21,1;19,6;21,1;20,7;19,6;19;91;89;91;;3,5;1,5;
2026/02/07;0900 UTC;0;931,6;931,6;931,5;;21,2;20;21,2;20,8;20;19,5;94;91;93;;2,7;,8;
2026/02/07;1000 UTC;0;932,5;932,5;931,6;206,1;22,5;20,5;22,5;21,1;20,5;19,9;93;89;89;;2,8;,5;
2026/02/07;1100 UTC;0;933,4;933,4;932,5;1003,7;24;20,7;24,2;22,5;21,3;20,5;89;81;82;;4;2;
2026/02/07;1200 UTC;0;933,9;933,9;933,4;1978,1;26;20,4;26;23,9;21,3;20;84;70;71;;4,4;1,5;
2026/02/07;1300 UTC;0;934,2;934,5;933,9;2690,9;26,5;20,4;27,3;25,9;20,8;19,4;71;64;69;;4,6;2,1;
2026/02/07;1400 UTC;0;934,4;934,5;934,2;3065,5;26,8;20;27,6;26,1;20,9;19,3;70;61;67;;5,9;2,7;
2026/02/07;1500 UTC;0;933,8;934,4;933,8;2980,9;27,8;20,3;28,4;26,6;21,1;19,5;68;62;64;;5,9;3;
2026/02/07;1600 UTC;0;932,7;933,8;932,7;3429,1;28,7;21,1;29,4;27,6;21,7;19,8;67;60;63;;6,9;4,2;
2026/02/07;1700 UTC;0;931,7;932,7;931,7;3289,1;28,3;21,3;29,5;27,8;22,2;20,7;69;62;66;;7,3;3,5;
2026/02/07;1800 UTC;0;930,9;931,7;930,9;2777,4;28,5;20,8;29,6;28,2;22,1;20,3;66;60;63;;6,9;3,6;
2026/02/07;1900 UTC;0;931;931;930,1;2220;28,6;20,8;29,8;28,4;22,3;20,7;66;61;63;;7,6;3,4;
2026/02/07;2000 UTC;8,4;930,9;931,7;930,7;120,2;19,8;18,2;28,6;18,6;20,9;17,8;99;63;90;;16,5;2,8;
2026/02/07;2100 UTC;3,4;931,6;931,8;930,8;95,6;20,5;20,1;20,5;19,5;20,1;18,1;97;88;97;;5,4;,9;
2026/02/07;2200 UTC;0;932,1;932,1;931,5;12,9;20,2;20,1;20,7;20,2;20,5;19,9;99;97;99;;3,9;1,7;
2026/02/07;2300 UTC;;;;;;20,8;;;;;;;;;;;;
2026/02/08;0000 UTC;;;;;;;;;;;;;;;;;;
2026/02/08;0100 UTC;0;934,4;934,4;933,8;;20,7;19,6;21;20,5;20,8;19,6;99;94;94;;3,4;,9;
2026/02/08;0200 UTC;;;;;;;;;;;;;;;;;;
2026/02/08;0300 UTC;0;934,5;934,7;934,5;;20,5;19,8;20,5;20,3;19,9;19,3;96;93;96;;5,6;3,2;
2026/02/08;0400 UTC;0;934,1;934,5;934;;20,2;19,7;20,6;20,1;19,9;19,6;97;96;97;;5,1;2,9;
2026/02/08;0500 UTC;0;933,6;934,1;933,6;;20;19,8;20,4;20;20,1;19,6;99;97;99;;5;3,1;
2026/02/08;0600 UTC;0;933,1;933,6;933,1;;20,4;19,7;20,4;19,9;20;19,7;100;96;96;;4,8;3;
2026/02/08;0700 UTC;0;933;933,2;933;;20;19,5;20,4;20;19,7;19,5;98;96;97;;4,7;2,4;
2026/02/08;0800 UTC;0;933,2;933,2;933;;19,9;19,5;20,1;19,9;19,6;19,5;97;97;97;;5,8;3,4;
2026/02/08;0900 UTC;0;933,5;933,5;933,2;;19,8;19,9;20;19,8;19,9;19,5;100;97;100;;6,1;3,3;
2026/02/08;1000 UTC;0;934,2;934,2;933,4;244,1;20,4;20,2;20,4;19,8;20,2;19,9;;99;99;;6,3;3,3;
2026/02/08;1100 UTC;0;935;935;934,2;627,6;20,9;20,5;20,9;20,2;20,5;19,9;99;97;98;;8,2;4,5;
2026/02/08;1200 UTC;0;935,5;935,5;935;1025,8;21,3;20,5;21,4;20,7;20,9;20,3;99;95;95;;7,2;3,9;
2026/02/08;1300 UTC;0;935,7;935,7;935,4;1958,4;23;20,8;23,1;21,3;21,2;20,6;96;88;88;;7,4;3,9;
2026/02/08;1400 UTC;0;935,9;935,9;935,6;2923,9;24,4;20,7;25;23;21,8;20,7;88;79;80;;7,4;3,9;
2026/02/08;1500 UTC;0;935,3;935,9;935,3;2271,9;25,8;21,1;26,3;24,4;21,6;20,3;81;72;75;;7,6;3;
2026/02/08;1600 UTC;0;934,1;935,3;934,1;2402,8;26,1;20,3;26,7;25,7;21,3;20;75;69;70;;7,6;2,3;
2026/02/08;1700 UTC;0;932,9;934,1;932,9;2304,8;26,3;21,2;27,8;26,1;21,3;20;74;66;74;;6,7;2,5;
2026/02/08;1800 UTC;,2;932,5;933;932,5;1560;23,9;20,9;27,3;23,3;22,1;19,8;84;69;84;;8,6;2;
2026/02/08;1900 UTC;,2;931,8;932,5;931,7;2086,7;26,5;22;27,1;23,7;22,3;20,9;86;72;77;;6;2,1;
2026/02/08;2000 UTC;,6;932;932,2;931,3;853,5;20,8;21,1;27,2;20,3;22,5;19,4;;71;;;18;6,1;
2026/02/08;2100 UTC;1,2;931,6;932,1;931,6;281,2;21,8;21,1;21,8;20,8;21,8;21;;96;96;;10,8;3,8;
2026/02/08;2200 UTC;1,6;932;932;931,6;44,1;20,6;20,2;21,9;20,6;21,3;20,1;98;95;98;;7,4;3,6;
2026/02/08;2300 UTC;2,8;932,3;932,3;931,9;;20,6;20,2;20,7;20,4;20,4;20,1;99;97;98;;4,9;3,2;
2026/02/09;0000 UTC;2,2;932,8;932,8;932,3;;20,6;20,2;20,7;20,4;20,3;20,1;99;97;97;;5,8;3,3;
2026/02/09;0100 UTC;,8;933,7;933,7;932,8;;20,5;19,9;20,6;20,2;20,2;19,9;99;96;96;;5,4;3,2;
2026/02/09;0200 UTC;,2;934;934,1;933,7;;19,9;19,5;20,5;19,8;19,9;19,4;98;96;97;;5,1;,6;
2026/02/09;0300 UTC;;;;;;;;;;;;;;;;;;
2026/02/09;0400 UTC;0;933;933,6;933;;19,2;18,8;19,8;19,2;19,3;18,8;97;96;97;;3;1,9;
2026/02/09;0500 UTC;0;932,9;933;932,9;;19,6;19;19,9;19,2;19,1;18,7;98;95;96;;2,9;1,8;
2026/02/09;0600 UTC;0;932,6;932,9;932,5;;19,4;18,4;19,9;19,3;19;18,4;96;93;94;;3,3;1,6;
2026/02/09;0700 UTC;0;932,7;932,7;932,4;;19,5;18,6;20;19,3;18,8;18,4;95;91;95;;4,1;2,5;
2026/02/09;0800 UTC;0;933;933;932,6;;19,1;18,5;19,6;19;18,7;18,4;97;94;97;;3,2;1,2;
2026/02/09;0900 UTC;0;933,4;933,4;932,9;;19,6;18,7;19,6;19;18,8;18,5;97;94;95;;3,2;2;
2026/02/09;1000 UTC;0;933,9;933,9;933,4;183,9;20,5;19,4;20,5;19,5;19,4;18,7;95;93;94;;3,7;,8;
2026/02/09;1100 UTC;0;934,8;934,8;933,9;740,8;22;20;22,1;20,5;20,3;19,4;94;88;89;;3,6;2,1;
2026/02/09;1200 UTC;0;935;935;934,8;1229,7;23;20,9;23,1;21,9;21;19,9;90;86;88;;4,5;2,9;
2026/02/09;1300 UTC;0;935;935,1;935;2168,1;24;21;25,1;23;21,8;20,4;88;79;83;;7;2,3;
2026/02/09;1400 UTC;0;934,4;935;934,4;2580,8;26,4;21,1;26,5;23,9;22;20,2;84;73;73;;6;2;
2026/02/09;1500 UTC;0;933,8;934,4;933,7;2847,5;26,7;20,5;26,9;25,5;21,4;19,8;75;69;69;;6,3;3,4;
2026/02/09;1600 UTC;0;932,8;933,8;932,8;3224,7;28,3;20,9;28,3;26;21,1;19;72;61;64;;7,2;4,1;
2026/02/09;1700 UTC;0;931,9;932,8;931,8;3741,8;28,9;20;29;27,4;21,4;18,7;66;56;59;;7,2;2,8;
2026/02/09;1800 UTC;0;930,9;931,9;930,9;2523,7;29,1;20;29,6;27,8;21;19,1;64;56;58;;6,7;1,6;
2026/02/09;1900 UTC;0;930,2;930,9;930,2;2395,2;28,6;19,1;29,4;28;20,7;18,9;62;55;56;;7,1;2,6;
2026/02/09;2000 UTC;0;929,9;930,2;929,8;1661;28,7;18,8;29,7;28,3;20,2;18,4;59;53;55;;7,1;1,8;
2026/02/09;2100 UTC;0;930,1;930,1;929,8;729,4;27,2;19,3;29;27,2;19,9;18,7;62;55;62;;5;1,3;
2026/02/09;2200 UTC;0;930,8;930,8;930,1;38,6;24,6;20,6;27,2;24,6;20,7;19,3;79;62;78;;4,5;2;
2026/02/09;2300 UTC;0;931,4;931,4;930,8;;24,2;20,5;24,7;24,2;20,6;20,2;80;77;80;;3,9;1,6;
2026/02/10;0000 UTC;;;;;;;;;;;;;;;;;;
2026/02/10;0100 UTC;0;932,6;932,7;932,3;;22,9;21,1;23,5;22,9;21,2;20,9;90;85;90;;4,2;1,4;
2026/02/10;0200 UTC;0;933,2;933,2;932,6;;22,1;21;22,9;22,1;21,3;21;94;90;94;;2,5;0;
2026/02/10;0300 UTC;;933,1;;;;22,5;20,9;22,9;21,9;21,3;20,9;94;90;91;;;;
2026/02/10;0400 UTC;0;932,6;933,1;932,6;;22,7;21,2;22,7;22,1;21,3;20,8;93;91;91;;1,9;,5;
2026/02/10;0500 UTC;0;931,8;932,6;931,8;;22,1;20,7;22,8;22,1;21,3;20,7;92;90;92;;1,5;0;
2026/02/10;0600 UTC;0;931,4;931,8;931,4;;22,2;20;22,5;22;20,8;19,9;92;87;87;;2,1;,7;
2026/02/10;0700 UTC;0;931,7;931,7;931,3;;21,5;20,8;22,2;21,3;20,8;20;96;87;96;;3,9;1,5;
2026/02/10;0800 UTC;0;932,1;932,1;931,7;;21,9;20,9;21,9;21,4;21,1;20,7;96;94;94;;2,9;0;
2026/02/10;0900 UTC;0;932,4;932,4;932,1;;21,6;20,7;21,9;21,3;20,9;20,7;97;94;95;;4,4;1,8;
2026/02/10;1000 UTC;0;933;933;932,4;85,9;22;21,3;22,2;21,6;21,3;20,6;96;93;95;;3,4;,5;
2026/02/10;1100 UTC;0;933,6;933,6;933;623;24;20,9;24;22;21,8;20,2;96;80;83;;2,7;,4;
2026/02/10;1200 UTC;0;934,3;934,3;933,6;1194,4;25,4;20,8;25,7;23,8;21,9;20,4;87;75;76;;2,9;,5;
2026/02/10;1300 UTC;0;934,4;934,4;934,3;1831,9;22,5;20,5;27;22,5;21,5;19,7;89;66;89;;9,1;6;
2026/02/10;1400 UTC;0;933,8;934,4;933,8;1651,9;24,6;20,2;25;21,9;21,9;20,2;95;76;76;;9,1;2,1;
2026/02/10;1500 UTC;0;932,8;933,8;932,8;2560,2;27,7;23;27,7;24,6;23;20,2;82;69;76;;3,2;1,1;
2026/02/10;1600 UTC;,2;931,7;932,9;931,7;3821,9;27,8;20,8;29;26,9;22;19,9;75;61;66;;10,2;4,5;
2026/02/10;1700 UTC;0;930,7;931,8;930,7;2843,2;25,3;20,2;27,8;24,2;22,1;19,2;82;65;74;;11,2;5,4;
2026/02/10;1800 UTC;0;930,5;930,9;930,3;396,9;24,7;20,7;25,4;24,6;20,9;19,9;78;72;78;;8,4;2,6;
2026/02/10;1900 UTC;0;929,8;930,6;929,8;264,1;24,4;21,5;24,8;23,8;21,5;20,6;86;78;84;;4,8;,2;
2026/02/10;2000 UTC;0;929,9;929,9;929,8;746;26,4;21,4;26,4;24,4;21,9;20,9;84;72;74;;3,2;1,7;
2026/02/10;2100 UTC;0;930,4;930,4;929,9;847,8;26,5;20,5;27,3;26,3;21,4;19,7;74;65;70;;4,5;,1;
2026/02/10;2200 UTC;0;932;932;930,4;43,5;23,4;21,8;26,6;23,4;22,4;20,3;91;68;91;;4,8;3,2;
2026/02/10;2300 UTC;0;932,4;932,4;932;;23,2;21,6;23,4;23,1;21,9;21,5;92;90;91;;5,5;3,5;
2026/02/11;0000 UTC;0;933,4;933,4;932,4;,5;20,7;20,6;23,2;20,7;21,8;20,5;100;91;100;;7,6;4,4;
2026/02/11;0100 UTC;0;933,8;933,8;933,3;,1;20,7;21,2;20,9;20,6;21,2;20,6;;100;;;8,2;4,5;
2026/02/11;0200 UTC;;;;;;;;;;;;;;;;;;
2026/02/11;0300 UTC;0;934,3;934,7;934,3;1;19,9;20,5;20,8;19,6;21,4;20,1;;;;;7,3;2,9;
2026/02/11;0400 UTC;,2;934,7;934,8;934,3;;20;20,6;20,1;19,8;20,7;20,4;;;;;10,6;4,6;
2026/02/11;0500 UTC;0;934;934,8;934;1,5;18,3;18,6;20,1;18,3;20,8;18,2;;99;;;10,6;4,3;
2026/02/11;0600 UTC;0;933,6;934;933,6;0;18,8;18,5;18,9;18,3;19,1;18,5;;98;99;;6,2;3,5;
2026/02/11;0700 UTC;0;933,5;934;933,5;0;18,7;18,7;19;18,5;18,9;18,5;100;99;100;;8,1;,6;
2026/02/11;0800 UTC;0;933,3;933,5;933,3;;19,6;18,5;19,7;18,6;19;18,5;100;93;93;;5,9;3,1;
2026/02/11;0900 UTC;0;933,1;933,3;932,8;;18,9;18,6;19,6;18,9;18,7;18,3;98;93;98;;6;4;
2026/02/11;1000 UTC;0;933,2;933,3;932,9;39,8;19,7;18,5;19,7;18,9;18,8;18,4;99;92;93;;6,1;4;
2026/02/11;1100 UTC;0;935;935;933,2;270,3;19,5;19,1;20;19,3;19,1;18,5;98;92;98;;11,5;6,5;
2026/02/11;1200 UTC;0;935,5;935,6;935;618,2;20;19,4;20;19,4;19,4;19;98;95;96;;10,1;5,6;
2026/02/11;1300 UTC;0;935,6;935,6;935,5;1077,7;21,5;20;21,5;20;20,2;19,3;96;90;91;;8,1;4,3;
2026/02/11;1400 UTC;0;935,1;935,6;935,1;1948,2;23,5;20,3;23,5;21,4;20,6;19,6;91;82;82;;7;4,5;
2026/02/11;1500 UTC;0;934,2;935,1;934,2;3172,2;25,4;20,2;25,6;23,5;21,2;19,9;83;72;73;;7,2;2,9;
2026/02/11;1600 UTC;0;933,6;934,2;933,6;3004,5;27,7;18,7;27,7;25,4;21,2;17,9;75;56;58;;5,2;1,7;
2026/02/11;1700 UTC;0;932,7;933,6;932,7;3183;29,2;18,5;29,4;27,7;20;16,5;62;48;53;;4,8;1,1;
2026/02/11;1800 UTC;0;931,7;932,7;931,5;2530,5;27,4;21;29,5;26,6;21,3;18,3;71;52;69;;7,3;4;
2026/02/11;1900 UTC;0;931,9;932,1;931,4;212,4;21,7;20,1;27,3;21,7;20,8;19,5;91;68;91;;8,5;1,9;
2026/02/11;2000 UTC;,2;931,3;932;931,3;74,6;22,5;21,2;22,5;21,6;21,3;20,2;95;91;92;;7,1;,1;
2026/02/11;2100 UTC;0;931,5;931,5;931,3;145,9;23,4;21,5;23,5;22,5;21,8;21,3;93;88;89;;2,4;1,2;
2026/02/11;2200 UTC;0;931,8;931,8;931,5;18,2;23,3;21,1;23,5;23,2;21,6;21,1;90;88;88;;4,4;2,7;
2026/02/11;2300 UTC;0;932,7;932,7;931,8;;23,2;21,2;23,3;23;21,2;21;89;87;88;;4,3;2,9;
2026/02/12;0000 UTC;0;933;933;932,7;;22,5;21,2;23,4;22,5;21,3;21,2;92;88;92;;5,1;3,3;
2026/02/12;0100 UTC;;;;;;;;;;;;;;;;;;
2026/02/12;0200 UTC;0;933,5;933,5;933,2;;22,4;21;22,6;22,2;21,1;20,9;93;91;92;;5,8;3,3;
2026/02/12;0300 UTC;0;933,1;933,5;933;;22;20,7;22,5;21,9;21;20,7;93;90;93;;4,9;2,5;
2026/02/12;0400 UTC;0;932,7;933,1;932,7;;21,5;20,4;22;21,5;20,7;20,4;94;92;94;;5,4;3,6;
2026/02/12;0500 UTC;0;932,3;932,8;932,3;;21,4;20;21,6;21,4;20,4;20;94;92;92;;5,8;2,8;
2026/02/12;0600 UTC;0;932,3;932,3;932,2;;21,5;19,7;21,6;21,4;20;19,7;92;89;90;;5,3;2,9;
2026/02/12;0700 UTC;0;932,1;932,3;932,1;;21,1;19,5;21,5;21;19,7;19,5;91;89;91;;4,6;2,7;
2026/02/12;0800 UTC;0;932,2;932,2;932,1;;21,2;19,1;21,2;20,9;19,6;19,1;92;88;88;;4,6;3,2;
2026/02/12;0900 UTC;0;932,6;932,7;932,2;;20,7;19,1;21,3;20,7;19,2;19;91;87;91;;4,8;2,2;
2026/02/12;1000 UTC;0;933,2;933,2;932,6;188,9;21,4;19,7;21,4;20,6;19,7;19,1;92;90;90;;5,4;3,9;
2026/02/12;1100 UTC;0;933,7;933,7;933,2;1255,7;24;20,8;24;21,3;21;19,6;90;82;82;;7;4,6;
2026/02/12;1200 UTC;0;934,2;934,2;933,7;2102;25,1;20,5;25,5;23,9;21,3;20,3;83;75;76;;8,9;6,3;
2026/02/12;1300 UTC;0;934;934,2;934;3109,7;26,9;21,1;26,9;25,1;21,5;20,5;77;69;71;;11,2;6,5;
2026/02/12;1400 UTC;0;933,7;934,1;933,7;3362,2;27,8;20,5;28,2;26,8;21,5;20,4;70;64;65;;10,8;6,9;
2026/02/12;1500 UTC;0;933,4;933,7;933,4;3471,4;29;20,4;29,2;27,7;21,4;19,9;66;60;60;;10,3;5,2;
2026/02/12;1600 UTC;0;932,5;933,4;932,5;3421,5;29,6;19,9;30;28,4;20,8;19,3;61;55;56;;10;4,7;
2026/02/12;1700 UTC;0;931,5;932,5;931,5;3908,6;29,3;19,9;30,6;28,6;20,8;19,2;59;52;57;;8,7;4,9;
2026/02/12;1800 UTC;0;930,5;931,5;930,5;2218,5;29,3;20;30,4;28,5;20,4;18,7;60;52;57;;8,9;4,2;
2026/02/12;1900 UTC;,2;929,7;930,5;929,6;2353,6;29,8;18,9;30,8;29,1;20;18,4;57;50;52;;7,9;5;
2026/02/12;2000 UTC;0;929,8;929,8;929,5;1421,1;28,8;19,4;30,4;28,5;20;18,7;58;51;57;;8,4;4,1;
2026/02/12;2100 UTC;0;929,9;929,9;929,7;596,2;27,6;19,4;28,9;27,6;20,1;19,1;61;56;61;;7,8;4,1;
2026/02/12;2200 UTC;0;930,7;930,7;929,9;35,1;26;19,2;27,6;25,9;19,6;19,2;67;61;66;;5,9;2,3;
2026/02/12;2300 UTC;0;931,9;931,9;930,7;;25,5;18,8;26;25,2;19,4;18,8;70;66;66;;3,9;1,5;
2026/02/13;0000 UTC;;932,5;932,5;931,9;;24,2;18,8;25,5;24,2;18,9;18,6;72;66;72;;3;1,6;
2026/02/13;0100 UTC;;933;933;932,5;;24,7;19,3;24,8;23,8;19,3;18,9;74;71;72;;3;1,5;
2026/02/13;0200 UTC;;933,6;933,6;933;;23,5;19,3;24,7;22,5;19,6;19,1;81;72;77;;2,7;,2;
2026/02/13;0300 UTC;;;;;;;;;;;;;;;;;;
2026/02/13;0400 UTC;;933,2;933,5;933,2;;24;19;24,2;23,2;19,1;18,6;77;72;74;;1,8;,1;
2026/02/13;0500 UTC;;932,6;933,2;932,5;;23,9;18,2;24,1;23,3;19,2;18,2;77;70;70;;2,5;1;
2026/02/13;0600 UTC;;932,3;932,5;932,3;;23,3;18,5;23,9;23,2;18,5;18,1;75;70;75;;3,3;,5;
2026/02/13;0700 UTC;;932,3;932,3;932,1;;23,4;18,5;23,7;23;18,8;18,3;75;73;74;;3;,5;
2026/02/13;0800 UTC;;932,4;932,4;932,2;;20,6;19,5;23,5;20,6;19,6;18,2;93;73;93;;6,6;3,2;
2026/02/13;0900 UTC;;932,8;932,8;932,4;;20,6;19,8;20,8;20,3;20,1;19,5;97;93;95;;5,5;2,1;
2026/02/13;1000 UTC;;933,3;933,3;932,8;221,9;22;20,5;22;20,2;20,7;19,5;97;91;91;;3,2;,2;
2026/02/13;1100 UTC;;933,8;933,9;933,3;1037,2;24,5;20,3;24,9;22;21,1;19,5;91;76;77;;2,6;,6;
2026/02/13;1200 UTC;;934,5;934,5;933,8;1977,1;26;19,4;26,4;24,2;20,8;19,2;79;66;67;;5,3;3,2;
2026/02/13;1300 UTC;;934,5;934,6;934,4;2784,2;27,7;20,1;27,7;25,8;20,4;19,1;70;62;63;;9;5,1;
2026/02/13;1400 UTC;;934,5;934,6;934,3;3192,7;29;19,2;29,7;27,1;20,7;19;64;55;55;;9,9;4,8;
2026/02/13;1500 UTC;;934,1;934,5;934,1;3174,1;29,6;20,7;29,7;28,1;21;18,9;62;55;59;;9,9;4,4;
2026/02/13;1600 UTC;;933,1;934,1;933,1;2320;29;20,3;30;28;21;19;62;55;59;;7,7;4,5;
2026/02/13;1700 UTC;;931,8;933;931,8;3223,9;30,4;19,3;30,8;28,9;20,4;18,9;59;50;52;;8,9;3,6;
2026/02/13;1800 UTC;;930,9;931,8;930,9;3363,4;30,8;18,7;31,3;29,9;20,3;17,6;54;45;49;;7,6;2,7;
2026/02/13;1900 UTC;;930,2;930,9;930,2;2419,4;30,9;19,1;31,1;29,9;20;18,1;52;47;49;;7,9;3,5;
2026/02/13;2000 UTC;;929,7;930,2;929,6;1552,1;30,3;19,2;31,3;29,6;20,2;18,3;54;47;52;;7,4;3;
2026/02/13;2100 UTC;;930,2;930,2;929,7;751,8;28,9;19,1;30,3;28,9;19,7;18,6;57;51;56;;7,1;2,5;
2026/02/13;2200 UTC;;931;931;930,2;43,4;27,8;19,8;28,9;27,7;19,9;19,2;62;55;62;;4,9;1,5;
2026/02/13;2300 UTC;;;;;;;;;;;;;;;;;;
2026/02/14;0000 UTC;;932,1;932,1;931,6;;24;20,5;24,5;23,7;20,5;19,8;81;76;81;;;1,8;
2026/02/14;0100 UTC;;932,2;932,3;932;;23;20,7;24;22,6;21;20,2;89;81;87;;6,1;,2;
2026/02/14;0200 UTC;;932,6;932,6;932,2;;24;20,6;24,7;23,1;21,7;20,6;90;79;81;;2,9;1,4;
2026/02/14;0300 UTC;;;;;;;;;;;;;;;;;;
2026/02/14;0400 UTC;;932,4;932,8;932,4;;23,1;20,4;23,2;22,6;20,5;20,2;87;84;85;;4;1,2;
2026/02/14;0500 UTC;;931,7;932,4;931,6;;22,1;20,2;23,1;22,1;20,4;20;89;83;89;;3,6;,9;
2026/02/14;0600 UTC;;931,4;931,8;931,4;;21,8;19,6;22,3;21,8;20,1;19,6;89;85;87;;2,5;,1;
2026/02/14;0700 UTC;;931,9;931,9;931,4;;22,8;19,5;22,8;21,7;19,8;19,5;88;82;82;;3,3;2,4;
2026/02/14;0800 UTC;;932,1;932,1;931,8;;22,1;19,5;22,8;22;19,9;19,5;87;82;85;;3,3;2,6;
2026/02/14;0900 UTC;;932,5;932,5;932,1;;20,9;20,2;22,1;20,7;20,3;19,5;96;85;96;;3,7;1,9;
2026/02/14;1000 UTC;;933,3;933,3;932,5;263,2;22,6;20,5;22,8;20,8;21,3;20,3;97;88;88;;2,6;,1;
2026/02/14;1100 UTC;;933,7;933,7;933,3;985,5;23,8;21,3;23,9;22,1;21,4;20,4;93;86;86;;4,2;2,6;
2026/02/14;1200 UTC;;934;934;933,7;1892,5;25,3;21;25,4;23,6;21,3;20,3;86;76;77;;5;3;
2026/02/14;1300 UTC;;934,2;934,2;933,9;2538,5;26,3;20,6;27,8;25;21,9;20,3;78;68;71;;6,2;2,5;
2026/02/14;1400 UTC;;934;934,2;934;1599,3;27,5;20,8;27,9;26,1;21,9;20,3;73;67;67;;7,4;2;
2026/02/14;1500 UTC;;933,2;934;933,2;2897;27,3;21,7;29,8;25,6;22,4;20,5;79;61;72;;6;2,8;
2026/02/14;1600 UTC;;932,6;933,2;932,5;655,4;24,2;20,7;27,6;24;21,5;20,3;84;67;81;;7,3;1,9;
2026/02/14;1700 UTC;;932,1;932,8;932,1;294,5;22,1;21,1;24,2;21,9;21,6;20,7;96;81;94;;7;1,9;
2026/02/14;1800 UTC;;931,3;932,1;931,3;592,2;22,2;21,5;24,4;21,8;21,8;20,7;96;80;96;;5,6;,9;
2026/02/14;1900 UTC;;930,7;931,3;930,7;623,7;24,8;22,1;24,8;22,2;22,8;21,5;96;83;85;;2,5;0;
2026/02/14;2000 UTC;;930,4;930,7;930,3;674,7;25,7;21,7;25,9;24,5;23;21,2;90;75;79;;1,8;,5;
2026/02/14;2100 UTC;;930,3;930,7;930,3;337,5;24,8;22,2;25,7;24,8;22,6;20,7;86;74;86;;2,8;1,9;
2026/02/14;2200 UTC;;930,8;930,8;930,1;30,4;24,1;21,4;24,8;23,8;22,1;21;87;82;85;;4;,4;
2026/02/14;2300 UTC;;930,9;930,9;930,6;;23,5;21,7;24,1;23,2;21,9;21,2;92;85;89;;4,9;1,4;
2026/02/15;0000 UTC;;;;;;22,6;;23,5;22,5;;;95;89;95;;;;
2026/02/15;0100 UTC;;931,5;931,9;931,5;;23,3;21,5;23,5;22,6;21,9;21,4;95;89;90;;2,9;1,9;
2026/02/15;0200 UTC;;931,3;931,7;931,3;;23;21,4;23,3;22,9;21,6;21,4;92;90;91;;3,4;2,4;
2026/02/15;0300 UTC;;930,8;931,3;930,7;;23,3;21,1;23,4;22,8;21,6;21,1;92;87;88;;3,4;2,5;
2026/02/15;0400 UTC;;930,1;930,8;930,1;;23,1;20,7;23,4;22,7;21,2;20,6;89;86;86;;3,4;2,1;
2026/02/15;0500 UTC;;930,1;930,1;929,8;;22,4;20,6;23,1;22,4;21;20,4;90;85;90;;2,9;2,3;
2026/02/15;0600 UTC;;930;930,1;929,9;;22,4;19,9;22,6;22,3;20,7;19,9;90;86;86;;4,5;3,1;
2026/02/15;0700 UTC;;930,3;930,4;930;;21,7;19,9;22,4;21,7;20;19,8;90;85;90;;4,6;2,1;
2026/02/15;0800 UTC;;930,5;930,6;930,3;;20,8;19,6;21,9;20,8;20,1;19,6;94;89;93;;4,2;2,2;
2026/02/15;0900 UTC;;931,1;931,2;930,5;;20,2;19,6;20,9;20,1;19,9;19,4;96;93;96;;3,8;,9;
2026/02/15;1000 UTC;;932,1;932,1;931,1;212,2;21,7;20;22,4;20,2;21;19,6;97;90;90;;1,7;,4;
2026/02/15;1100 UTC;;932,9;932,9;932,1;1045;24,2;21,5;24,2;21,7;21,5;20,2;91;83;85;;2,9;1,4;
2026/02/15;1200 UTC;;933,3;933,3;932,9;2027,7;26;21,3;26,1;24,2;22,1;21;85;75;75;;3,8;1,5;
2026/02/15;1300 UTC;;933,6;933,6;933,3;1106,3;25,5;21,8;26;24,8;21,8;20,5;81;75;80;;5;1,8;
2026/02/15;1400 UTC;;933;933,6;933;2098,2;26,8;21,6;27;24,6;22,8;20,9;85;72;73;;5,7;3,4;
2026/02/15;1500 UTC;;932,7;933;932,5;2820,7;28,6;20,3;29,4;26,2;22,2;20;77;61;61;;9,8;4,6;
2026/02/15;1600 UTC;;931,7;932,7;931,7;3058;29,7;19,8;29,7;28;21,2;19,5;63;55;55;;8,2;3,9;
2026/02/15;1700 UTC;;930,7;931,7;930,7;3083,3;29,8;19,6;30,1;28,7;20,5;19;59;53;54;;8,4;3,4;
2026/02/15;1800 UTC;;930,2;930,7;930,1;1502,4;28,8;19,8;30;28,6;20,3;19,2;60;53;58;;9,3;3;
2026/02/15;1900 UTC;;929,8;930,2;929,8;1050,2;28,9;20;29,2;28,6;21,1;19,5;62;56;59;;5,3;1,1;
2026/02/15;2000 UTC;;929,5;929,8;929,5;515,2;27,5;21,6;28,9;27,5;22,2;20;72;58;70;;2,9;1,6;
2026/02/15;2100 UTC;;929,2;929,5;929,1;303,7;27,3;21,7;27,6;27;23,1;21,4;78;69;72;;2,4;1,3;
2026/02/15;2200 UTC;;930,2;930,2;929,2;33;26,7;21,4;27,3;26,7;21,7;21,2;73;71;73;;2,3;,9;
2026/02/15;2300 UTC;;930,9;930,9;930,2;;26,1;20,7;26,7;25,9;21,5;20,7;75;71;72;;3;1,9;
2026/02/16;0000 UTC;;931,2;931,3;930,9;;25,7;19,7;26,3;25,6;20,8;19,7;72;69;70;;4,2;3;
2026/02/16;0100 UTC;;931,5;931,5;931,2;;24,8;19,7;25,7;24,7;19,9;19,6;74;69;73;;4,3;3,1;
2026/02/16;0200 UTC;;932,1;932,1;931,5;;24,5;19,3;24,8;24,4;19,7;19,3;75;73;73;;4,8;3,2;
2026/02/16;0300 UTC;;932;932,2;932;;24,2;19,4;24,7;24,2;19,5;19,1;74;72;74;;4,6;2,4;
2026/02/16;0400 UTC;;931,5;932;931,5;;24,4;19,3;24,8;24,2;19,5;19,2;75;72;73;;3,1;,9;
2026/02/16;0500 UTC;;931,3;931,5;931,2;;23;19,1;24,4;23;19,3;19,1;79;73;79;;2,5;0;
2026/02/16;0600 UTC;;930,8;931,3;930,8;;22,1;20,9;22,9;22,1;21;19,2;93;79;93;;2,4;1,9;
2026/02/16;0700 UTC;;930,9;930,9;930,7;;22,1;21,6;22,4;21,9;21,6;20,9;97;93;97;;2,6;2;
2026/02/16;0800 UTC;;930,9;930,9;930,8;;21,9;21,5;22,2;21,9;21,8;21,5;98;97;97;;2,6;1,8;
2026/02/16;0900 UTC;;931,4;931,4;930,8;;22,1;21,2;22,2;21,8;21,7;21,1;98;95;95;;2,4;,3;
2026/02/16;1000 UTC;;931,9;931,9;931,4;203,1;23,7;20,6;23,7;21,9;22;20,6;96;83;83;;1,6;,1;
2026/02/16;1100 UTC;;932,9;932,9;931,9;1050,1;24,7;19,5;24,8;23,6;21;19,5;85;73;73;;6,6;3,9;
2026/02/16;1200 UTC;;932,9;933,1;932,9;1984,3;25,7;20,4;25,8;24,6;20,6;19,3;75;72;73;;7,7;4,9;
2026/02/16;1300 UTC;;933;933;932,6;2895,1;27,7;21,7;27,7;25,5;21,7;20,2;74;68;70;;9;5,2;
2026/02/16;1400 UTC;;932,7;933;932,7;2739,4;28,5;21,4;28,6;27;22,1;20,7;71;64;65;;8,6;4,6;
2026/02/16;1500 UTC;;932,4;932,8;932,4;2710,1;29,8;20,6;29,8;27,8;21,5;19,8;65;57;58;;7,9;3,6;
2026/02/16;1600 UTC;;931,7;932,5;931,6;3529,9;30,2;19,2;31,2;28,8;21,1;18,7;61;50;52;;7,6;4,6;
2026/02/16;1700 UTC;;930,9;931,7;930,8;3882,8;30,8;19,2;31,8;30;20,7;18,7;55;48;50;;7,6;4,4;
2026/02/16;1800 UTC;;930,3;930,9;930,3;2977,7;30,8;19,7;31,3;29,7;19,8;18;53;47;52;;7,7;3,7;
2026/02/16;1900 UTC;;929,5;930,3;929,5;2706,5;30,9;18,4;31,4;30,6;19,5;17,9;52;46;47;;7,4;2,8;
2026/02/16;2000 UTC;;929,4;929,5;929,1;1504,1;30,7;18,4;31,4;29,7;19,3;17,9;51;47;48;;6,3;3,9;
2026/02/16;2100 UTC;;929,4;929,5;929,3;524,8;28,9;19,4;30,8;28,9;19,7;18,2;57;47;57;;6,5;,2;
2026/02/16;2200 UTC;;930;930;929,4;30,2;27,8;19,2;29;27,2;20,4;19;65;55;59;;2,2;,1;
2026/02/16;2300 UTC;;930,8;930,8;929,9;;27,3;19,1;28;27,2;19,4;19,1;62;59;61;;3;1,4;
2026/02/17;0000 UTC;;;;;;;;;;;;;;;;;;
2026/02/17;0100 UTC;;932,1;932,1;931,5;;25,2;19,8;26,6;24,8;20,2;19,2;73;64;72;;2,1;,4;
2026/02/17;0200 UTC;;932,2;932,4;932,1;;24,5;20,6;25,3;24,5;21,3;19,9;81;72;79;;2,4;0;
2026/02/17;0300 UTC;;932,3;932,3;932,1;;23,8;20,2;25;23,7;20,8;20,1;81;76;80;;2;,7;
2026/02/17;0400 UTC;;931,8;932,3;931,8;;23,6;20,3;24,4;23,5;20,5;20;82;78;82;;2,3;,1;
2026/02/17;0500 UTC;;931,5;931,8;931,5;;23,9;20,4;24,6;23,5;20,4;19,9;82;77;81;;1,7;,4;
2026/02/17;0600 UTC;;931,5;931,6;931,4;;23,9;18,8;24,5;23,7;20,4;18,8;81;73;73;;1,6;0;
2026/02/17;0700 UTC;;931,2;931,5;931,2;;23,2;18,7;24;23;19,1;18,5;77;71;76;;1,3;,2;
2026/02/17;0800 UTC;;930,7;931,2;930,7;;22,5;17,5;23,2;22,5;18,9;17,4;78;72;73;;1,8;,2;
2026/02/17;0900 UTC;;931,3;931,3;930,7;;23;17,5;23,2;22,5;17,8;17,3;74;70;71;;2,9;2,1;
2026/02/17;1000 UTC;;932;932;931,2;176,1;24,4;18,2;24,4;22,8;18,4;17,4;72;69;69;;3,1;,3;
2026/02/17;1100 UTC;;933,2;933,2;932;1094,1;25;18,7;25,2;24,2;19,2;18,1;71;68;68;;5,1;3,2;
2026/02/17;1200 UTC;;933,8;933,8;933,2;1836,6;25,4;18,8;26,2;24,8;19,2;18;70;62;67;;8,3;5,1;
2026/02/17;1300 UTC;;934;934,1;933,8;2269,6;26,2;19,4;26,9;25,1;19,9;18,4;69;63;66;;8;4,2;
2026/02/17;1400 UTC;;934,1;934,1;933,9;2395,5;26,6;20,4;27,3;25,7;20,9;19,1;71;65;69;;9,2;4,2;
2026/02/17;1500 UTC;;933,6;934,1;933,5;3771,2;28,8;19,9;29;26,6;20,9;19,1;69;58;59;;8,5;4,5;
2026/02/17;1600 UTC;;932,6;933,6;932,6;2379,7;27,7;20,2;28,9;27,7;20,7;18,9;64;57;64;;9,8;4,8;
2026/02/17;1700 UTC;;932,3;933;932,3;1877,3;26,5;21,8;28,2;22,9;23,6;20,2;90;64;76;;10,3;3,9;
2026/02/17;1800 UTC;;931;932,3;931;2411,6;26,9;21,5;27,8;26;22,7;20,9;80;68;73;;7,1;4,5;
2026/02/17;1900 UTC;;930,4;931,1;930,4;1782,8;27,6;21,4;28,6;26,8;22,4;20,8;74;63;69;;7,1;3,8;
2026/02/17;2000 UTC;;930,5;930,5;930,2;764;26,8;20,5;27,6;26,8;21,9;20,5;73;68;68;;6,1;3,4;
2026/02/17;2100 UTC;;930,3;930,7;930,2;562,6;25,3;21,1;27,2;25,3;21,4;19,6;78;64;78;;5,7;1,8;
2026/02/17;2200 UTC;;930,1;930,3;930;40;22,9;20,7;25,3;22,9;21,2;20,7;88;78;88;;4,7;1,8;
2026/02/17;2300 UTC;;;;;;;;;;;;;;;;;;
2026/02/18;0000 UTC;;;;;;;;;;;;;;;;;;
2026/02/18;0100 UTC;;931,5;931,5;930,6;;21,8;20;22;21,7;20;19,7;90;88;90;;4,4;2,9;
2026/02/18;0200 UTC;;931,5;931,8;931,5;;22;20,3;22,2;21,8;20,3;20;90;89;90;;4,5;1,1;
2026/02/18;0300 UTC;;931,7;931,7;931,5;;21,9;19,8;22,1;21,5;20,4;19,8;92;88;88;;3,3;2;
2026/02/18;0400 UTC;;931,6;931,7;931,5;;21,1;19,6;22;21;19,8;19,5;93;86;91;;3,8;2;
2026/02/18;0500 UTC;;931,4;931,6;931,4;;21,1;19,1;21,7;21;19,5;19,1;91;87;88;;4;1,2;
2026/02/18;0600 UTC;;931;931,4;931;;20,9;19,1;21,4;20,8;19,2;18,9;90;86;90;;3,4;1,1;
2026/02/18;0700 UTC;;931,3;931,3;931;;20,6;18,9;21,3;20,6;19,5;18,9;91;89;90;;3,5;,4;
2026/02/18;0800 UTC;;931,5;931,5;931,3;;20,8;18,7;21;20,5;19,1;18,6;91;87;88;;3,8;1,2;
2026/02/18;0900 UTC;;932,3;932,3;931,5;;20,3;18,2;21,1;20,3;18,7;18;88;83;88;;3,4;1,9;
2026/02/18;1000 UTC;;932,6;932,6;932,3;192,8;22,6;19;22,6;20,1;19,5;18,2;89;80;80;;2,7;0;
2026/02/18;1100 UTC;;932,9;932,9;932,6;1036,3;24;20,5;24,1;22,6;20,7;18,9;83;79;81;;5,2;3,2;
2026/02/18;1200 UTC;;933,3;933,3;932,9;1974,5;25,1;21,1;25,4;23,7;21,1;20;83;74;78;;5,6;3,8;
2026/02/18;1300 UTC;;933,7;933,7;933,3;2633,6;26,3;21,8;26,3;24,7;21,9;20,7;81;76;76;;6,3;3,2;
2026/02/18;1400 UTC;;933,6;933,8;933,6;3069,5;27,6;21,8;27,8;25,5;22,5;20,6;78;70;71;;6,2;3,1;
2026/02/18;1500 UTC;;932,9;933,6;932,9;3393,8;28,3;22,4;28,5;26,5;22,4;20,8;73;66;71;;6,4;2,7;
2026/02/18;1600 UTC;;931,4;932,9;931,4;4120,1;28,3;21,1;29,2;27,6;22,5;20,3;70;62;65;;7,1;2,5;
2026/02/18;1700 UTC;;930,4;931,4;930,4;4010,5;29,9;21,6;30,3;28,2;22,3;19,7;66;55;61;;6,3;2,8;
2026/02/18;1800 UTC;;929,6;930,4;929,5;3646,6;30,5;21;31,1;29,3;22,2;20,4;62;55;57;;7,5;2,6;
2026/02/18;1900 UTC;;929,5;929,6;928,9;1363;22,8;18,9;30,7;21,7;21,3;18,9;88;57;79;;14,5;6,2;
2026/02/18;2000 UTC;;929,3;930;929,3;1088,2;23,2;21,3;23,4;20,7;21,5;17,7;90;75;89;;11,9;,9;
2026/02/18;2100 UTC;;929,1;929,5;929,1;762,5;23,3;21,3;25,8;23,1;23,3;20,1;91;71;89;;5,7;3,7;
2026/02/18;2200 UTC;;929,3;929,8;928,7;44,7;22,6;20,7;23,3;22,5;21,6;20,7;91;88;90;;5,8;3,7;
2026/02/18;2300 UTC;;930,7;930,7;929,2;;22,6;21;22,8;22,4;21;20,7;90;88;90;;6;1,5;
2026/02/19;0000 UTC;;;;;;;;;;;;;;;;;;
2026/02/19;0100 UTC;;930,8;930,8;930,4;;22,4;21;22,4;21,9;21,3;20,8;95;92;92;;2,2;0;
2026/02/19;0200 UTC;;931;931,1;930,8;;21,4;20,9;22,4;21,3;21,2;20,8;98;92;97;;3,6;2,5;
2026/02/19;0300 UTC;;930,9;931,2;930,9;;21;20,5;21,5;21;21;20,5;98;96;97;;3,6;1,9;
2026/02/19;0400 UTC;;930,6;931;930,6;;21,2;20,6;21,2;21;20,7;20,4;97;96;96;;2,6;1,4;
2026/02/19;0500 UTC;;930,4;930,6;930,3;;21,3;20,4;21,7;21,2;20,7;20,2;96;92;95;;3,6;2,7;
2026/02/19;0600 UTC;;930,4;930,4;930,1;;21,5;20,4;21,7;21,3;20,6;20,3;95;92;94;;3,8;2,4;
2026/02/19;0700 UTC;;930,3;930,4;930,1;;20,8;20,5;21,5;20,8;20,5;20,4;98;93;98;;5,8;3,5;
2026/02/19;0800 UTC;;930,7;930,7;930,3;;20,9;20,9;20,9;20,8;20,9;20,5;100;98;100;;5,8;3,8;
2026/02/19;0900 UTC;;930,8;930,8;930,7;;20,6;20,8;20,9;20,6;20,9;20,7;;100;;;6,1;3;
2026/02/19;1000 UTC;;931,2;931,2;930,8;180,5;21,3;20,7;21,3;20,6;20,8;20,6;;96;96;;4,5;2,8;
2026/02/19;1100 UTC;;931,7;931,7;931,2;911,8;23;20,8;23,1;21,3;21,3;20,3;96;87;88;;6,1;1,4;
2026/02/19;1200 UTC;;932,4;932,4;931,7;1858,1;24,9;21,1;25,6;23;22,2;20,5;87;77;79;;5,7;2,4;
2026/02/19;1300 UTC;;932,4;932,5;932,3;2149,3;26,6;20,3;26,6;24,3;21;19,2;80;67;68;;5,6;2;
2026/02/19;1400 UTC;;932,5;932,6;932,4;3323,8;27,8;21,2;27,8;26,2;21,6;19,2;70;62;67;;6;3,5;
2026/02/19;1500 UTC;;932;932,6;932;2351,1;26,3;20,4;28,7;26,2;22,5;20,2;74;66;70;;6;2,5;
2026/02/19;1600 UTC;;930,7;932;930,7;1811,4;27,2;20,7;28,1;25,8;22,1;20,1;78;68;68;;6,5;3,2;
2026/02/19;1700 UTC;;929,8;930,7;929,7;3584,2;28,4;20,6;29,2;27,2;21,7;19,8;69;59;63;;7,5;2,9;
2026/02/19;1800 UTC;;928,7;929,8;928,7;2761,5;28;18,8;29,8;28;21,1;18,8;64;55;57;;6,8;1,8;
2026/02/19;1900 UTC;;928,6;928,8;928,4;1526,9;29;20,3;29,6;27,6;21,3;18,7;67;57;59;;4,5;1,3;
2026/02/19;2000 UTC;;928,2;928,7;928,2;1529,2;27,7;20,6;29,6;27,7;21,5;19,6;68;59;66;;5,2;2,4;
2026/02/19;2100 UTC;;929;929;928,2;372,8;26;21,6;27,7;25,6;22,5;20,5;83;66;77;;5,2;1,5;
2026/02/19;2200 UTC;;929,3;929,3;928,8;51,2;23,5;20,8;26;23,5;21,8;20,6;87;76;85;;4,8;2;
2026/02/19;2300 UTC;;;;;;;;;;;;;;;;;;
2026/02/20;0000 UTC;;930,5;930,5;930,1;;23,4;21,1;23,5;22,6;21,4;19,1;89;78;87;;4;,1;
2026/02/20;0100 UTC;;931,1;931,2;930,4;;22,1;20,2;24,1;22,1;20,9;19,7;89;78;89;;4,1;,7;
2026/02/20;0200 UTC;;;;;;23,3;;24,2;22,1;;;90;;83;;;;
2026/02/20;0300 UTC;;932,1;932,2;931,9;;22,4;20,3;23,4;22,2;21;20,2;89;83;88;;3,5;,1;
2026/02/20;0400 UTC;;931,2;932,1;931,1;;23;20,1;23,4;22,2;20,5;20;90;82;84;;1,7;,1;
2026/02/20;0500 UTC;;930,7;931,2;930,7;;21,7;19,3;23;21,6;20,2;19;87;81;86;;2,4;,4;
2026/02/20;0600 UTC;;930;930,7;930;;22,1;19,8;22,3;21,6;19,9;19,3;87;85;87;;3,9;1,1;
2026/02/20;0700 UTC;;929,9;930,1;929,8;;21,7;20,1;22,1;21,6;20,2;19,8;91;87;91;;4,3;,9;
2026/02/20;0800 UTC;;930,1;930,2;929,8;;21,8;20;21,9;21,7;20,4;20;91;90;90;;2,8;,5;
2026/02/20;0900 UTC;;930,4;930,4;930,1;;21,6;20;22,1;21,6;20,2;19,9;91;88;91;;2,9;1,6;
2026/02/20;1000 UTC;;931,2;931,2;930,4;62,6;21,7;20,3;22;21,5;20,4;20;92;90;91;;4,6;3,4;
2026/02/20;1100 UTC;;932;932;931,2;466,4;21,8;20,9;22;21,4;21,1;20,3;96;92;95;;6,4;3,9;
2026/02/20;1200 UTC;;932,6;932,7;932;1358,1;23;21,7;23;21,8;21,7;20,9;96;92;92;;6;3,2;
2026/02/20;1300 UTC;;933,1;933,2;932,6;2590,5;22,8;20,9;24,3;22,6;22;20,7;92;84;89;;9,8;6,3;
2026/02/20;1400 UTC;;932,3;933,2;932,2;2915,4;24,8;20,9;24,9;22,6;21,9;20,4;90;79;79;;10,3;6;
2026/02/20;1500 UTC;;931,3;932,3;931,3;3967,4;25,9;20,3;26,4;24,5;21,7;19,4;80;68;71;;9,8;5,2;
2026/02/20;1600 UTC;;930,8;931,3;930,7;3834,4;27,4;20,6;28;25,7;21,9;19,9;75;66;66;;9,3;4,2;
2026/02/20;1700 UTC;;930;930,8;930;1980,1;26;20,5;28,2;25,9;22;20;74;65;72;;9,1;5,4;
2026/02/20;1800 UTC;;930;930,2;929,8;1280,9;23,9;19,5;26,1;23,8;21,2;18,9;77;71;77;;14,2;8,1;
2026/02/20;1900 UTC;;929,9;930,1;929,5;399,4;23;19,4;24;23;19,7;18,9;80;74;80;;12,6;5,2;
2026/02/20;2000 UTC;;929,9;930;929,7;79,6;21,8;20;23,1;21,8;20;19,4;90;80;90;;7,8;,8;
2026/02/20;2100 UTC;;930,8;930,8;929,9;13,3;20,5;20,5;21,9;20,4;20,5;20;100;90;100;;6,5;3,5;
2026/02/20;2200 UTC;;931,6;931,6;930,8;2,2;20,2;20,6;20,6;20,2;21;20,3;;100;;;5,7;3,2;
2026/02/20;2300 UTC;;931,5;931,6;931,4;0;19,9;20,4;20,2;19,8;20,7;20,3;;;;;5,8;4,1;
2026/02/21;0000 UTC;;930,3;931,5;930,3;;19,8;20,4;20,1;19,8;20,8;20,4;;;;;5,8;0;
2026/02/21;0100 UTC;;930,7;930,7;930,3;;20;20,5;20,2;19,8;20,8;20,4;;;;;3,3;2,4;
2026/02/21;0200 UTC;;931,6;931,6;930,7;;20,1;20,6;20,2;19,9;20,7;20,5;;;;;4,7;3,2;
2026/02/21;0300 UTC;;931,8;932;931,6;;20;20,6;20,1;19,9;20,7;20,5;;;;;4,7;1,9;
2026/02/21;0400 UTC;;931,1;931,8;931,1;;20,1;20,4;20,2;20;20,8;20,4;;;;;2,7;1,9;
2026/02/21;0500 UTC;;930;931,1;930;;20,1;19,9;20,1;20;20,4;19,9;;99;99;;3,2;1,8;
2026/02/21;0600 UTC;;930,6;930,6;929,9;;19,7;19,6;20,1;19,7;19,9;19,4;99;97;99;;4,8;,9;
2026/02/21;0700 UTC;;930,7;930,7;930,6;;19,7;19,8;19,9;19,6;19,9;19,6;;99;;;3,4;2,2;
2026/02/21;0800 UTC;;931,1;931,1;930,7;;19,7;20;19,8;19,6;20,1;19,7;;;;;2,9;0;
2026/02/21;0900 UTC;;931,5;931,5;931;;19,8;19,7;19,9;19,6;20;19,5;;99;100;;2,4;,3;
2026/02/21;1000 UTC;;932;932;931,5;105,7;20,3;19,9;20,3;19,8;20,1;19,8;100;97;97;;2,2;,5;
2026/02/21;1100 UTC;;932,7;932,7;932;471,9;21,4;20;21,4;20,3;20,4;19,7;97;91;92;;1,9;,5;
2026/02/21;1200 UTC;;933,5;933,5;932,7;1430,3;23,3;20,5;23,3;21,4;20,9;20;94;84;84;;3;1,1;
2026/02/21;1300 UTC;;933,3;933,6;933,3;1592;24,6;20,8;24,8;23,2;21,1;20;86;79;80;;2,6;,4;
2026/02/21;1400 UTC;;933,2;933,4;933,2;2662,6;25,7;21;26,1;24,6;22,1;20,6;81;74;75;;5,2;1,8;
2026/02/21;1500 UTC;;932,7;933,2;932,7;2489,6;26,4;20,8;27,5;25,7;22,3;20,2;76;69;71;;5,6;1,5;
2026/02/21;1600 UTC;;931,6;932,7;931,6;2982,3;28,1;21,2;28,1;26,4;22;19,8;74;65;66;;5,4;2,3;
2026/02/21;1700 UTC;;930,1;931,6;930,1;2478,1;25,7;19,7;28,4;25,7;21,5;19,3;72;62;70;;8,4;3,8;
2026/02/21;1800 UTC;;929,4;930,1;929,3;3034,3;27,8;21;28,7;25,5;21,1;19,2;72;58;66;;8,4;3,4;
2026/02/21;1900 UTC;;928,7;929,4;928,7;2171;27,9;21;28,8;27,6;21,6;20;67;62;66;;6,5;3,3;
2026/02/21;2000 UTC;;928,7;928,8;928,7;1103,8;27,3;20,8;28,1;27,2;21,5;20,2;70;63;68;;5,7;1,8;
2026/02/21;2100 UTC;;929,2;929,2;928,8;367,7;22,9;20,4;27,3;22,9;22;20,3;85;68;85;;7;4,7;
2026/02/21;2200 UTC;;930,4;930,4;929,2;22,1;21,2;21,2;22,9;21,2;21,4;20,4;100;85;100;;8,3;2,8;
2026/02/21;2300 UTC;;;;;;20,8;;;;;;;;;;;;
2026/02/22;0000 UTC;;;;;;;;;;;;;;;;;;
2026/02/22;0100 UTC;;;;;;;;;;;;;;;;;;
2026/02/22;0200 UTC;;932,9;933;932,2;;21,3;21,4;21,3;20,9;21,6;21,2;;;;;5,6;2,8;
2026/02/22;0300 UTC;;932,7;932,9;932,7;;21,4;21,2;21,4;21,2;21,4;21,1;;99;99;;7,3;4,8;
2026/02/22;0400 UTC;;932,1;932,7;932,1;;21,1;20,4;21,4;21,1;21,2;20,4;100;96;96;;9;5,3;
2026/02/22;0500 UTC;;931,6;932,1;931,6;1,2;19,7;19,9;21,1;19,7;20,3;19,6;;95;;;9;4,4;
2026/02/22;0600 UTC;;930,8;931,6;930,8;;20,2;20,3;20,2;19,7;20,3;19,9;;;;;6,8;4,1;
2026/02/22;0700 UTC;;931;931;930,6;;20,2;20,4;20,2;20;20,4;20,2;;;;;6,8;1,2;
2026/02/22;0800 UTC;;931,3;931,3;930,9;;20,4;20,4;20,4;20,2;20,5;20,2;;100;100;;3,4;2,2;
2026/02/22;0900 UTC;;931,5;931,5;931,3;;20,5;20,5;20,5;20,2;20,6;20,3;;100;100;;4,1;2,2;
2026/02/22;1000 UTC;;932,1;932,1;931,5;71,5;20,7;20,6;20,8;20,4;20,7;20,3;100;99;99;;3,4;,3;
2026/02/22;1100 UTC;;933;933;932,1;404,2;21,7;21;21,8;20,7;21,2;20,6;99;96;96;;2,4;1,3;
2026/02/22;1200 UTC;;933,5;933,5;933;1158,9;23,1;21,5;23,1;21,7;21,9;20,9;96;90;91;;3,3;2,1;
2026/02/22;1300 UTC;;933,7;933,8;933,5;1873,5;24,5;22,1;24,6;23,1;22,2;21,2;91;83;87;;4,6;2,4;
2026/02/22;1400 UTC;;933,5;933,7;933,4;2403,1;24,6;20,4;25,5;23,9;22,5;19,7;87;73;78;;7,5;2,6;
2026/02/22;1500 UTC;;932,5;933,5;932,5;2226,1;25,8;21,3;25,8;24,5;21,6;20,4;82;76;77;;6,1;2,3;
2026/02/22;1600 UTC;;931,1;932,5;931,1;3873,1;26,5;19,7;27,1;25,8;21,8;19,4;76;64;66;;6,6;2,8;
2026/02/22;1700 UTC;;930,4;931,1;930,3;3519,4;28,4;21,2;28,6;26,5;22,1;20;73;63;65;;6,3;2,7;
2026/02/22;1800 UTC;;929,4;930,4;929,4;2742,4;27,3;21,3;28,6;26,9;22,3;20,6;74;63;70;;7,1;1,6;
2026/02/22;1900 UTC;;928,7;929,4;928,7;1191;27,3;21,2;27,6;26,6;21,5;20,3;73;67;69;;5,7;2,6;
2026/02/22;2000 UTC;;928,3;928,7;928,2;1668,2;27,2;20,4;27,9;27,2;21,5;20,2;70;65;66;;6,5;2,9;
2026/02/22;2100 UTC;;928,9;928,9;928,3;671,9;25,5;20,8;27,5;25,5;21,3;20,4;76;66;75;;5,6;1,7;
2026/02/22;2200 UTC;;929,6;929,6;928,9;48,8;23,9;20,9;25,5;23,9;21,3;20,8;83;75;83;;3,9;,3;
2026/02/22;2300 UTC;;930,6;930,6;929,6;;21,8;20,3;23,9;21,8;21,2;20;91;83;91;;10,2;4;
2026/02/23;0000 UTC;;;;;;21,3;;21,8;21,3;;;;;;;;;
2026/02/23;0100 UTC;;931,9;931,9;931,3;;20,9;20;21,3;20,9;20,3;20;95;93;95;;5,2;2,6;
2026/02/23;0200 UTC;;932;932,1;931,9;;20,7;20,1;20,8;20,6;20,2;19,9;97;95;96;;4,2;1,5;
2026/02/23;0300 UTC;;931,8;932;931,7;;20,8;20,1;20,9;20,6;20,4;20;97;95;96;;3;2,2;
2026/02/23;0400 UTC;;931,2;931,8;931,2;;20,9;20,3;21;20,6;20,4;20;97;95;96;;3,8;1,1;
2026/02/23;0500 UTC;;930,6;931,2;930,5;;20,6;20,1;21;20,5;20,4;20;97;96;97;;2,3;,1;
2026/02/23;0600 UTC;;930,1;930,6;930,1;;20,5;20,2;20,7;20,3;20,3;19,9;98;97;98;;1,5;0;
2026/02/23;0700 UTC;;929,6;930,1;929,6;;20,5;20,1;20,8;20,5;20,5;20;98;97;97;;2,1;1,4;
2026/02/23;0800 UTC;;929,7;929,7;929,6;;21;20,4;21;20,5;20,4;20,1;98;96;96;;2,1;,1;
2026/02/23;0900 UTC;;930,2;930,2;929,7;;21,1;20,1;21,1;20,8;20,4;19,9;96;94;94;;2,1;,5;
2026/02/23;1000 UTC;;930,6;930,6;930,2;52,5;20,9;20,2;21,2;20,8;20,2;19,9;96;93;96;;2,4;1,6;
2026/02/23;1100 UTC;;931,5;931,5;930,6;418,8;21,8;21;21,8;20,9;21,2;20,2;97;95;95;;2,6;,1;
2026/02/23;1200 UTC;;932,1;932,1;931,5;1186,9;23,8;21,4;23,8;21,8;21,9;20,8;96;87;87;;2,1;,3;
2026/02/23;1300 UTC;;932,4;932,4;932,1;2345,8;25,6;21,8;25,6;23,6;22,3;20,9;87;77;80;;5,1;2,2;
2026/02/23;1400 UTC;;932,3;932,5;932,2;2822,1;25,2;20,9;26,3;24,8;22,2;20,8;82;74;77;;6,9;4,2;
2026/02/23;1500 UTC;;931,6;932,3;931,6;1126,1;24,7;21,5;25,9;24,7;21,7;20,9;82;75;82;;6,2;3,3;
2026/02/23;1600 UTC;;930,5;931,6;930,5;2421,4;27;21,3;27,5;24,7;22,4;20,8;83;68;71;;7,1;3,8;
2026/02/23;1700 UTC;;929,1;930,5;929,1;3115,2;27,5;21,4;28,2;26,5;22;20,4;73;65;69;;6,8;3,2;
2026/02/23;1800 UTC;;928;929,1;928;2462,9;27,6;21,7;28,6;27,1;22,3;19,9;72;62;70;;7,8;4,2;
2026/02/23;1900 UTC;;928,9;929;928;706,2;21,1;20,9;28,4;20,7;22,5;20,2;99;66;99;;12,3;2,2;
2026/02/23;2000 UTC;;928,5;928,9;928,4;359,9;23,5;22,2;23,5;21,1;22,6;20,9;99;92;92;;3,6;1,1;
2026/02/23;2100 UTC;;929,1;929,1;928,5;396,5;22,1;21,2;23,5;21,9;22,4;21;98;91;95;;6,2;2,5;
2026/02/23;2200 UTC;;929,8;929,9;929,1;34,8;21;20,8;22,2;21;21,5;20,8;99;94;99;;6,2;3,2;
2026/02/23;2300 UTC;;930,6;930,6;929,8;;21,1;20,8;21,1;21;20,9;20,7;99;98;98;;6;,5;
2026/02/24;0000 UTC;;930,9;930,9;930,5;;20,9;20,7;21,1;20,8;20,8;20,6;99;98;99;;2,6;,5;
2026/02/24;0100 UTC;;;;;;21;;;;;;;;;;;;
2026/02/24;0200 UTC;;931,5;931,7;931,3;;20,8;20,8;21;20,8;20,9;20,7;100;99;100;;3,1;1,9;
2026/02/24;0300 UTC;;931,1;931,5;931,1;;21,2;21;21,2;20,8;21,2;20,8;100;99;99;;2,9;1,4;
2026/02/24;0400 UTC;;930,8;931,1;930,8;;21,2;20,9;21,3;21,2;21,1;20,9;99;98;98;;2,2;1,1;
2026/02/24;0500 UTC;;930,1;930,8;930,1;;20,8;20,6;21,2;20,8;21;20,6;99;98;98;;1,9;0;
2026/02/24;0600 UTC;;929,7;930,1;929,7;;20,3;19,8;20,8;20,2;20,6;19,7;98;97;97;;2,2;,3;
2026/02/24;0700 UTC;;929,4;929,7;929,4;;20,8;19,7;21;20,1;19,9;19,6;98;93;94;;2,4;1,5;
2026/02/24;0800 UTC;;929,5;929,5;929,3;;20,4;20;20,7;20,2;20;19,5;98;94;98;;2,6;1,6;
2026/02/24;0900 UTC;;929,8;929,8;929,5;;20,5;19,8;20,6;20,4;20,2;19,7;98;96;96;;2,3;,2;
2026/02/24;1000 UTC;;930,3;930,3;929,8;58,8;20,7;20,3;20,7;20,3;20,3;19,7;98;96;97;;1,7;,1;
2026/02/24;1100 UTC;;931;931;930,3;398,7;21,8;20,8;21,8;20,7;20,8;20,2;98;94;94;;2,1;,4;
2026/02/24;1200 UTC;;931,6;931,6;931;985,2;22,8;21,6;22,8;21,8;21,9;20,5;94;91;93;;2,6;,9;
2026/02/24;1300 UTC;;931,8;931,8;931,6;1630,2;24,9;20,4;25,5;22,8;22,2;19,9;94;74;76;;2,8;,8;
2026/02/24;1400 UTC;;931,7;931,8;931,7;1787,6;25,2;21,1;25,5;24,7;21,9;20,2;83;76;78;;3,3;1;
2026/02/24;1500 UTC;;930,8;931,7;930,8;2497,6;26,3;20,7;26,7;25,2;22,1;20,3;80;70;71;;4,3;2,3;
2026/02/24;1600 UTC;;929,4;930,8;929,4;3999,6;28,1;21,3;28,5;26,4;22,4;19,2;72;60;67;;5,8;3,2;
2026/02/24;1700 UTC;;928,1;929,4;928,1;3601,3;27,5;21,3;29,1;27,3;22,3;20,6;70;63;69;;6,2;2,4;
2026/02/24;1800 UTC;;927,2;928,2;927,2;3383,6;29,2;20,2;29,5;27,5;22,2;18,8;71;54;58;;6;2,2;
2026/02/24;1900 UTC;;926,7;927,2;926,7;2546,9;29,2;21,1;29,9;28,5;21,8;19,4;64;55;62;;5,6;2,8;
2026/02/24;2000 UTC;;926,5;926,7;926,4;1793,5;28,5;21,4;29,6;28,2;22,1;20,4;68;61;65;;6,3;3,5;
2026/02/24;2100 UTC;;926,9;926,9;926,5;431,9;25,4;20,3;28,7;25,4;21,8;20,3;76;64;74;;6,2;2,9;
2026/02/24;2200 UTC;;927,8;927,8;926,9;56,3;24,2;20,9;25,5;24,1;21,1;20,4;82;74;82;;4,2;2,4;
2026/02/24;2300 UTC;;928,5;928,5;927,8;;24,4;21,3;24,5;24,1;21,3;20,9;85;82;83;;3,3;1,6;
2026/02/25;0000 UTC;;929,6;929,6;928,4;;24,5;21,4;24,9;24,1;21,7;21,1;85;80;83;;2,6;,8;
2026/02/25;0100 UTC;;930,2;930,2;929,6;;24,1;21,8;24,5;23,9;21,8;21,4;87;83;87;;2,6;,5;
2026/02/25;0200 UTC;;930,3;930,4;930,2;;23,4;21,8;24,1;23,4;22;21,6;91;87;91;;4,8;2,4;
2026/02/25;0300 UTC;;929,9;930,5;929,8;;22,1;21,7;23,4;22,1;21,9;21,6;98;91;97;;4,9;2,1;
2026/02/25;0400 UTC;;929,7;930,1;929,7;0;21,1;21;22,1;21,1;21,9;20,9;99;97;99;;4;2;
2026/02/25;0500 UTC;;929,2;929,7;929,2;;21,8;21,7;22;21;21,9;20,9;100;99;100;;3,1;1;
2026/02/25;0600 UTC;;928,8;929,3;928,8;;21,7;21,8;21,8;21,5;21,9;21,5;;100;;;2,2;1;
2026/02/25;0700 UTC;;928,7;928,8;928,7;;22;22,1;22,1;21,6;22,3;21,8;;100;100;;2,3;,7;
2026/02/25;0800 UTC;;929,3;929,3;928,7;;21,8;21,9;22,1;21,8;22,1;21,9;100;100;100;;2,3;0;
2026/02/25;0900 UTC;;929,7;929,7;929,2;;21,9;21,9;22;21,8;22,1;21,8;;100;100;;3,7;2;
2026/02/25;1000 UTC;;930,6;930,6;929,7;54,5;21,8;22;21,9;21,7;22;21,7;;100;;;3,9;2;
2026/02/25;1100 UTC;;931,4;931,4;930,6;387;21,8;21,3;22;21,5;22,1;21,3;;97;97;;4,1;2,2;
2026/02/25;1200 UTC;;931,8;931,8;931,4;816,3;22,6;22,1;22,7;21,8;22,1;21,4;98;94;96;;4,8;3,1;
2026/02/25;1300 UTC;;931,9;932;931,7;1707,9;23,8;22;24,2;22,6;22,6;21,6;97;87;89;;5,8;3,4;
2026/02/25;1400 UTC;;931,5;932;931,5;2262;24,9;22;25,2;23,8;22,8;21,9;92;84;84;;6,9;3,7;
2026/02/25;1500 UTC;;930,2;931,5;930,2;3134,9;25,5;22,3;26,1;24,5;22,9;21,4;87;80;82;;8,8;5,2;
2026/02/25;1600 UTC;;929,8;930,2;929,6;2646,6;24,2;22;26,7;24,1;23;21,3;88;76;88;;9,6;4,2;
2026/02/25;1700 UTC;;929,1;929,8;928,8;819,4;22,4;21,6;24,3;22,2;22;21,4;97;87;95;;9,6;2,2;
2026/02/25;1800 UTC;;929,1;929,2;929;364,2;21,6;20,9;23;21,6;22,7;20,9;98;94;96;;9,4;5,2;
2026/02/25;1900 UTC;;928,9;929,2;928,8;150,3;21;21,4;21,6;21;21,5;20,8;;96;;;10,2;7;
2026/02/25;2000 UTC;;928,6;928,9;928,6;87,8;20,6;21,2;21,1;20,5;21,6;21,2;;;;;9,7;4,2;
2026/02/25;2100 UTC;;928,2;928,6;928,2;89,6;20,5;21,1;20,6;20,2;21,2;20,9;;;;;6,6;1;
2026/02/25;2200 UTC;;928;928,2;928;7,8;20,5;20,7;20,6;20,4;21,1;20,6;;;;;3;1,6;
2026/02/25;2300 UTC;;928,3;928,3;928;;20,6;20,7;20,6;20,4;20,7;20,5;;100;;;3,8;2,7;
2026/02/26;0000 UTC;;929;929;928,3;;20,6;20,5;20,7;20,5;20,7;20,5;;99;99;;3,7;2,4;
2026/02/26;0100 UTC;;929,7;929,7;929;;20,8;20,5;20,9;20,6;20,7;20,4;100;98;98;;;2,4;
2026/02/26;0200 UTC;;930;930,1;929,7;;20,9;20,9;21;20,8;20,9;20,5;100;97;100;;5,6;2,8;
2026/02/26;0300 UTC;;929,7;930;929,7;;20,7;20,8;20,9;20,7;21;20,8;;100;;;4,8;2,6;
2026/02/26;0400 UTC;;929,4;929,7;929,4;;20,9;20,6;20,9;20,7;20,9;20,6;;99;99;;4;1,3;
2026/02/26;0500 UTC;;928,9;929,4;928,9;;20,7;20,1;21;20,7;20,7;20,1;99;96;96;;3,4;1,7;
2026/02/26;0600 UTC;;928,6;928,9;928,6;;20,6;20,2;20,7;20,6;20,2;20;97;96;97;;3,6;1,7;
2026/02/26;0700 UTC;;928,5;928,6;928,4;;20,6;20,2;20,7;20,6;20,3;20,2;98;97;98;;4;2,1;
2026/02/26;0800 UTC;;928,9;928,9;928,5;;20,4;20;20,6;20,4;20,2;20;98;97;97;;5,6;2,8;
2026/02/26;0900 UTC;;929;929;928,9;;20,3;20;20,4;20,3;20;19,9;98;97;98;;5,1;3;
2026/02/26;1000 UTC;;929,6;929,6;929;63,5;20,7;20,2;20,7;20,3;20,2;20;98;97;97;;5,1;1,8;
2026/02/26;1100 UTC;;930,3;930,3;929,6;482;21,5;20,8;21,5;20,7;20,8;20,2;97;95;96;;6,7;3,4;
2026/02/26;1200 UTC;;931;931;930,3;1313,6;23,1;21,6;23,4;21,5;22,4;20,8;96;92;92;;7;3,2;
2026/02/26;1300 UTC;;931,1;931,1;931;1884,9;24,7;22,4;24,8;22,9;22,5;21,5;93;84;87;;6,3;2,4;
2026/02/26;1400 UTC;;931,1;931,1;931;2349,9;25,4;21,5;26,4;24,7;23;21,5;88;78;79;;5,9;3,4;
2026/02/26;1500 UTC;;930,5;931,1;930,5;2711,4;26,8;21,9;26,9;25,4;22,5;21,3;80;73;74;;7,5;4,1;
2026/02/26;1600 UTC;;930,1;930,5;930;1396,6;21,4;21,4;26,9;21,3;21,9;20,6;100;71;100;;12,5;5,1;
2026/02/26;1700 UTC;;929,1;930,1;929,1;208,1;21,6;21,6;21,6;21,2;21,7;21,2;100;100;100;;7,8;1,4;
2026/02/26;1800 UTC;;928,4;929,1;928,4;516,6;22,5;22,2;22,6;21,6;22,4;21,6;100;99;99;;2,6;,4;
2026/02/26;1900 UTC;;927,4;928,4;927,4;1192,9;24,1;22,4;24,1;22,4;22,6;22,1;99;90;90;;4,1;2;
2026/02/26;2000 UTC;;926,1;927,4;926,1;860,1;23,3;22,2;24,1;23,1;22,6;21,9;95;89;93;;5;1,7;
2026/02/26;2100 UTC;;926,2;926,2;926,1;481,1;23,3;22;23,7;23,2;22,5;21,8;94;91;92;;2,8;,1;
2026/02/26;2200 UTC;;927,2;927,2;926,2;35,1;22,4;22;23,3;22,4;22,1;21,7;97;92;97;;1,2;0;
2026/02/26;2300 UTC;;;;;;;;;;;;;;;;;;
2026/02/27;0000 UTC;;;;;;22,3;21,6;22,8;22,3;;;98;95;96;;;;
2026/02/27;0100 UTC;;;;;;22,3;21;22,3;22,2;;;96;92;92;;;;
2026/02/27;0200 UTC;;930;930,6;930;;22;20,9;22,3;21,9;21;20,8;94;92;93;;4;,6;
2026/02/27;0300 UTC;;929,5;930;929,5;;21,6;20,9;22,2;21,6;21,1;20,6;96;91;96;;2,2;0;
2026/02/27;0400 UTC;;928,7;929,5;928,7;;21,6;21,1;21,7;21,5;21,1;20,5;97;94;97;;1,1;0;
2026/02/27;0500 UTC;;928;928,8;928;;21,2;20,5;21,7;21,2;21,1;20,5;97;96;96;;1;0;
2026/02/27;0600 UTC;;928;928,1;928;;20,7;19,6;21,2;20,7;20,7;19,6;97;93;94;;1,1;0;
2026/02/27;0700 UTC;;927,9;928,1;927,9;;21,1;19,7;21,5;20,7;19,9;19,4;94;89;91;;2,1;,6;
2026/02/27;0800 UTC;;928,2;928,2;927,8;;21;20,5;21,1;20,9;20,5;19,7;97;91;97;;2,7;1,1;
2026/02/27;0900 UTC;;928,5;928,5;928,2;;21;21,1;21,1;21;21,1;20,5;100;97;100;;4,9;2,4;
2026/02/27;1000 UTC;;929,3;929,3;928,5;79,8;21,1;21,7;21,3;21;21,9;21,1;;100;;;6,3;3,3;
2026/02/27;1100 UTC;;930,1;930,1;929,3;374,1;21,6;21,4;21,8;21,1;22,1;21,4;;99;99;;6,9;3,8;
2026/02/27;1200 UTC;;930,8;930,8;930;953,7;21,7;20,9;22,3;21,6;21,8;20,7;99;94;95;;9;4,8;
2026/02/27;1300 UTC;;930,9;930,9;930,7;1655,8;23,5;21,5;23,7;21,6;22;20,7;96;88;88;;9,3;4,5;
2026/02/27;1400 UTC;;930,8;930,9;930,7;1978,6;24,5;21,6;25;23,2;22,2;21,2;89;82;84;;9,8;5,4;
2026/02/27;1500 UTC;;930;930,8;930;1723,9;24,1;21,4;25,6;24,1;22,4;21,3;85;80;85;;9,6;3,9;
2026/02/27;1600 UTC;;929,2;930,1;929,2;1039,6;23,2;22,5;24,1;22,4;22,6;21,4;98;85;96;;8,2;2,4;
2026/02/27;1700 UTC;;928,1;929,2;928,1;2044,5;24,8;21,4;25,3;23,2;22,9;21,4;96;81;81;;8,1;2,6;
2026/02/27;1800 UTC;;927,1;928,1;927,1;1915,6;25,6;22,1;26,1;24,8;22,9;21,5;84;80;81;;7,4;2,5;
2026/02/27;1900 UTC;;927,3;927,4;927;1168,3;24,9;22,1;26,1;24,9;22,9;21,6;85;80;84;;7,4;2,3;
2026/02/27;2000 UTC;;927,7;927,7;927,2;565,9;22,2;21;25,1;22,2;22;21;93;81;93;;10,6;3,8;
2026/02/27;2100 UTC;;928,6;928,6;927,6;67,5;21,6;21,5;22,2;21,5;21,5;20,9;99;93;99;;10,6;3,6;
2026/02/27;2200 UTC;;929,5;929,5;928,6;1,3;21;20,8;21,6;20,9;21,5;20,8;100;99;99;;12,7;2,8;
2026/02/27;2300 UTC;;930,5;930,5;929,5;;20,9;20,9;21;20,8;21;20,7;100;99;100;;8,6;2,6;
2026/02/28;0000 UTC;;931;931;930,5;,2;20,3;20,3;20,9;20,3;21;20,3;;100;100;;9,6;2,6;
2026/02/28;0100 UTC;;931,3;931,3;931;;20,1;20,2;20,3;20,1;20,3;20,1;100;100;100;;7,2;1,7;
2026/02/28;0200 UTC;;931,4;931,5;931,3;;20,2;20,3;20,2;20,1;20,4;20,2;;100;;;6,3;2,6;
2026/02/28;0300 UTC;;930,9;931,4;930,9;;20,2;20,4;20,2;20,2;20,5;20,4;;;;;8;2;
2026/02/28;0400 UTC;;930,3;930,9;930,3;;20,2;20,4;20,2;20,1;20,4;20,3;;;;;6,9;1,8;
2026/02/28;0500 UTC;;929,6;930,3;929,6;;20,2;20,5;20,2;20,2;20,5;20,4;;;;;6,4;1,5;
2026/02/28;0600 UTC;;929,1;929,6;929,1;;20,1;20,5;20,2;20,1;20,5;20,4;;;;;4,7;,4;
2026/02/28;0700 UTC;;928,9;929,1;928,8;;20,1;20,6;20,1;20,1;20,6;20,4;;;;;3,3;,9;
2026/02/28;0800 UTC;;929;929;928,8;;20,3;20,9;20,3;20,1;20,9;20,6;;;;;4,5;1,9;
2026/02/28;0900 UTC;;929,2;929,2;929;;20,4;21;20,4;20,2;21,1;20,9;;;;;5,7;1,7;
2026/02/28;1000 UTC;;929,9;929,9;929,2;42,1;20,5;21,2;20,5;20,4;21,2;21;;;;;5,6;1,6;
2026/02/28;1100 UTC;;930,5;930,5;929,9;462,9;21,5;21,9;21,5;20,5;21,9;21,2;;;;;5,6;1,9;
2026/02/28;1200 UTC;;931,1;931,1;930,5;1157,9;22,2;20,9;22,4;21,5;22;20,9;;92;92;;7,1;2,7;
2026/02/28;1300 UTC;;931,2;931,2;931,1;1644,5;23,6;21,2;24,2;22,2;21,7;20,9;93;83;87;;6,6;2,7;
2026/02/28;1400 UTC;;931,3;931,4;931,1;1241,2;22;21,1;24,3;21,9;21,7;20,5;95;83;95;;7,5;2,4;
2026/02/28;1500 UTC;;930,7;931,3;930,7;1124,1;23,3;21,9;23,3;21,9;21,9;20,9;97;90;92;;7,6;1,4;
2026/02/28;1600 UTC;;929,5;930,7;929,5;1615,2;24,4;21,5;24,4;23,3;22,1;20,9;92;84;84;;7,7;2,9;
2026/02/28;1700 UTC;;928,3;929,5;928,3;1639,9;24;21,8;24,4;22,2;22,7;20,8;97;83;88;;8,1;2,7;
2026/02/28;1800 UTC;;927,6;928,3;927,6;1394,1;22,1;21,5;24,5;22,1;22,3;21,4;96;85;96;;7,5;2,7;
2026/02/28;1900 UTC;;927,3;927,6;927,3;1120,6;22,5;21,7;23,1;22,1;22,5;21,3;98;92;95;;7,7;2,2;
2026/02/28;2000 UTC;;927;927,3;927;825,9;23;21,5;23,3;22,5;22,1;21,4;96;90;91;;6,5;2,6;
2026/02/28;2100 UTC;;927,4;927,4;927;438,1;22,6;21,4;23,3;22,6;21,9;21,2;93;90;93;;4,6;1;
2026/02/28;2200 UTC;;927,9;927,9;927,3;30,3;22,1;21,3;22,6;22,1;21,5;21,3;96;93;95;;4,5;1,1;
2026/02/28;2300 UTC;;929;929;928;;22;21,9;22,1;21,9;21,9;21,2;100;95;100;;4,5;2,3;
2026/03/01;0000 UTC;;;;;;21,7;;22;21,6;;;;;;;;;
2026/03/01;0100 UTC;;930,6;930,6;929,7;0;21;21,4;21,7;20,9;22,1;21,1;;;;258;7,5;2,8;
2026/03/01;0200 UTC;;930,6;930,6;930,5;;20,7;21,1;21,1;20,7;21,4;21,1;;;;307;6,3;,7;
2026/03/01;0300 UTC;;;;;;21;21,3;21,2;20,7;21,5;21,1;;;;;;;
2026/03/01;0400 UTC;;929,7;930,1;929,7;;21,1;21,4;21,1;21;21,5;21,2;;;;291;5,5;2,1;
2026/03/01;0500 UTC;;929,1;929,7;929,1;,1;20,9;21,3;21,1;20,9;21,4;21,2;;;;321;6,1;,9;
2026/03/01;0600 UTC;;928,6;929,2;928,6;;20,7;21,2;20,9;20,6;21,3;21,1;;;;324;5,3;2;
2026/03/01;0700 UTC;;928,8;928,8;928,6;,1;20,3;20,8;20,7;20,3;21,2;20,7;;;;351;8,1;3,3;
2026/03/01;0800 UTC;;929,1;929,2;928,8;;20,3;20,8;20,3;20,2;20,8;20,7;;;;350;8,1;2,6;
2026/03/01;0900 UTC;;929,4;929,4;929,1;;20,3;20,9;20,3;20,2;20,9;20,8;;;;360;6,5;3,3;
2026/03/01;1000 UTC;;929,7;929,7;929,3;61;20,4;21,1;20,5;20,3;21,1;20,9;;;;353;7,6;3,4;
2026/03/01;1100 UTC;;930,4;930,4;929,7;626,1;21,3;21,9;21,3;20,4;21,9;21,1;;;;355;8,3;4,1;
2026/03/01;1200 UTC;;930,9;930,9;930,4;578,6;21,4;22;21,4;21,1;22,1;21,7;;;;347;8,4;3,1;
2026/03/01;1300 UTC;;931,3;931,3;930,9;496;21,6;21,8;21,6;21,3;22,1;21,7;;;;343;8,9;3,6;
2026/03/01;1400 UTC;;931,1;931,3;931,1;848,5;21,9;21,8;21,9;21,5;21,9;21,6;;99;99;339;8,3;2,9;
2026/03/01;1500 UTC;;930,7;931,1;930,7;517,4;21,6;21,7;21,9;21,5;21,8;21,5;100;99;100;330;9,2;2,6;
2026/03/01;1600 UTC;;929,9;930,7;929,9;539,8;21,7;21,6;21,8;21,6;21,8;21,6;100;99;99;335;8,4;3,5;
2026/03/01;1700 UTC;;929,1;929,9;929,1;647,5;21,7;21,6;21,9;21,7;21,9;21,5;100;99;99;332;7,5;2,7;
2026/03/01;1800 UTC;;928,5;929,1;928,5;833,3;22;21,8;22,1;21,7;22;21,6;100;98;99;324;7,5;2,1;
2026/03/01;1900 UTC;;927,8;928,5;927,8;711,3;22,2;21,9;22,2;21,9;22,1;21,7;99;98;98;305;6,4;2;
2026/03/01;2000 UTC;;927,7;927,8;927,6;464,8;22,3;21,9;22,4;22,1;22,2;21,8;99;98;98;285;5,8;2,5;
2026/03/01;2100 UTC;;928;928;927,7;228,3;22,3;22;22,4;22,3;22;21,9;98;97;98;317;4,5;,2;
2026/03/01;2200 UTC;;928;928;927,9;20,4;21,5;21,2;22,3;21,5;22;21,2;98;98;98;356;4,1;2,1;
2026/03/01;2300 UTC;;928,3;928,3;928;;21,4;21,3;21,5;21,4;21,3;21,2;99;98;99;5;4,8;3,1;
2026/03/02;0000 UTC;;;;;;;;;;;;;;;;;;
2026/03/02;0100 UTC;;;;;;;;;;;;;;;;;;
2026/03/02;0200 UTC;;;;;;21,1;;;;;;;;;;;;
2026/03/02;0300 UTC;;929,6;929,9;929,5;;20,8;20,6;21,1;20,8;20,8;20,6;99;98;99;354;3,9;2;
2026/03/02;0400 UTC;;929,1;929,6;929,1;;20,7;20,8;20,9;20,7;20,9;20,6;;99;;356;4,3;2,2;
2026/03/02;0500 UTC;;928,6;929,1;928,6;;20,7;20,9;20,8;20,7;20,9;20,8;;;;350;4,3;1,3;
2026/03/02;0600 UTC;;928,4;928,6;928,3;;20,5;20,8;20,7;20,5;20,9;20,8;;;;342;4,4;1,4;
2026/03/02;0700 UTC;;928,7;928,7;928,4;;20,4;20,6;20,5;20,4;20,8;20,6;;;;340;6,1;1,8;
2026/03/02;0800 UTC;;929;929;928,7;;20,2;20,3;20,4;20,2;20,7;20,3;;;;333;6,1;1,1;
2026/03/02;0900 UTC;;929,2;929,3;929;;20,2;20,3;20,2;20,1;20,3;20,3;;;;351;4;1,1;
2026/03/02;1000 UTC;;929,7;929,7;929,2;68,6;20,5;20,8;20,5;20,1;20,8;20,3;;;;352;3,6;1,4;
2026/03/02;1100 UTC;;930,3;930,3;929,8;407;21,4;21,1;21,4;20,5;21,3;20,8;;98;98;338;3,2;1,1;
2026/03/02;1200 UTC;;930,8;930,9;930,3;1028,1;22,7;21;22,7;21,4;21,6;21;98;90;91;325;3,1;,5;
2026/03/02;1300 UTC;;931,1;931,1;930,8;1757,6;24,1;21,2;24,2;22,6;21,9;20,8;92;83;84;247;4,5;3;
2026/03/02;1400 UTC;;930,9;931,1;930,8;2465,1;25,3;21,4;25,6;23,8;22,2;20,9;85;78;79;287;5,6;2,9;
2026/03/02;1500 UTC;;930;930,8;930;2675,3;26,1;21,5;26,7;25,3;22,2;21,1;81;73;76;269;6,1;3,1;
2026/03/02;1600 UTC;;928,7;930;928,7;1612;25,1;23,2;26,2;23,4;24,2;21,2;96;76;89;296;5,4;,5;
2026/03/02;1700 UTC;;927,5;928,7;927,5;2252,2;26,3;21,8;27,2;24,4;23,6;21,5;91;75;76;263;5,4;2,8;
2026/03/02;1800 UTC;;927,1;927,5;927,1;2350,3;27,8;22,4;27,8;26;22,9;20,9;81;72;72;256;6,3;3,7;
2026/03/02;1900 UTC;;926,7;927,2;926,7;1472,1;26,7;22,2;27,8;25,8;23,1;21,4;84;70;77;277;6,7;1,4;
2026/03/02;2000 UTC;;927,3;927,3;926,6;276,4;23,8;21,2;26,8;23,8;23,2;21,1;86;75;85;10;5,5;3;
2026/03/02;2100 UTC;;927,7;928;927,3;33,1;22;22,1;23,8;21,4;22,2;21,2;;85;;21;8,3;2,9;
2026/03/02;2200 UTC;;928,7;928,7;927,7;4,7;21,9;22;22,1;21,8;22,2;21,9;;100;100;52;4,1;,6;
2026/03/02;2300 UTC;;929;929;928,6;;21,9;21,8;22;21,8;22;21,7;100;99;99;33;3,5;2,6;
2026/03/03;0000 UTC;;929,7;929,7;929;;21,9;21,9;22,1;21,8;21,9;21,7;100;99;100;7;3,6;2;
2026/03/03;0100 UTC;;930,1;930,1;929,7;;21,8;21,9;21,9;21,8;22;21,9;;100;;33;3,4;2,4;
2026/03/03;0200 UTC;;930,4;930,4;930,1;;21,6;22,2;21,8;21,6;22,3;21,9;;;;25;3,5;2,7;
2026/03/03;0300 UTC;;930,4;930,5;930,4;;21,4;21,9;21,7;21,4;22,3;21,9;;;;21;3,7;2,7;
2026/03/03;0400 UTC;;;;;;;;;;;;;;;;;;
2026/03/03;0500 UTC;;929,2;929,9;929,2;;21,1;21,2;21,3;21,1;21,3;21,1;100;99;100;69;3,3;1,9;
2026/03/03;0600 UTC;;928,6;929,2;928,5;;21,1;21,4;21,1;21;21,4;21,1;;100;;88;3,6;1,7;
2026/03/03;0700 UTC;;928,4;928,7;928,4;;21,3;21,6;21,3;21;21,6;21,4;;;;73;2,8;1,5;
2026/03/03;0800 UTC;;928,2;928,4;928,2;;21;21,1;21,3;21;21,5;21,1;;100;100;76;2,9;1,1;
2026/03/03;0900 UTC;;928,8;928,8;928,2;;20,8;20,8;21,1;20,7;21,1;20,6;100;100;100;69;2,2;,6;
2026/03/03;1000 UTC;;929,5;929,5;928,8;185,7;21,9;21,5;21,9;20,7;21,5;20,7;100;97;97;10;1,8;,6;
2026/03/03;1100 UTC;;930,2;930,2;929,5;632,5;22,5;21,5;22,5;21,9;21,7;21,2;97;94;94;2;3;1,4;
2026/03/03;1200 UTC;;930,8;930,8;930,2;1511,9;24;21,6;24,8;22,5;22,5;21,5;95;85;87;294;3,3;1,2;
2026/03/03;1300 UTC;;930,9;930,9;930,8;1635,2;24,3;21,9;25,1;23,9;22,5;21,5;89;84;87;325;4,6;1,4;
2026/03/03;1400 UTC;;931,2;931,2;930,9;2014,9;26;22,3;26,1;24,3;23;21,8;87;80;80;317;6,5;2,3;
2026/03/03;1500 UTC;;930,1;931,2;930,1;3299,6;26,3;22,1;27,9;25,8;23,1;21,3;81;72;77;326;6,2;1,9;
2026/03/03;1600 UTC;;929,1;930,1;929,1;3132,2;28;22,4;28,6;26,3;23,5;21,8;79;70;72;291;6,4;3,3;
2026/03/03;1700 UTC;;927,9;929,1;927,8;2997,1;27,5;23;29,2;26,9;23;21,1;78;65;76;294;10,6;5,4;
2026/03/03;1800 UTC;;927,6;927,9;927,5;3596,4;27,2;22,4;27,7;26,8;23,2;21,9;79;73;75;275;10,6;5,4;
2026/03/03;1900 UTC;;927,6;927,9;927,2;1293,1;22,6;21,8;27,6;22,6;23;20,6;95;74;95;202;9,4;3,9;
2026/03/03;2000 UTC;;927,6;927,7;927,4;262,8;22,3;22,2;22,6;22,2;22,4;21,7;100;95;99;187;7,7;2,6;
2026/03/03;2100 UTC;;927,6;927,7;927,6;74,5;22,4;22,2;22,4;22,2;22,3;22,1;100;99;99;146;4;,5;
2026/03/03;2200 UTC;;928,3;928,3;927,6;21,4;21,9;21,7;22,4;21,8;22,2;21,7;100;99;99;182;3,3;1,6;
2026/03/03;2300 UTC;;929;929;928,3;;21,8;21,2;22,1;21,8;21,7;21,2;99;96;96;186;3,2;1,3;
2026/03/04;0000 UTC;;;;;;22;21,3;22,1;21,8;21,4;;97;95;96;;;;
2026/03/04;0100 UTC;;930,2;930,2;929,7;;22;21,2;22,1;21,9;21,5;21,2;97;95;95;203;1,4;0;
2026/03/04;0200 UTC;;930,6;930,7;930,2;;21,7;21,4;22;21,6;21,5;21,2;98;95;98;66;2;0;
2026/03/04;0300 UTC;;930,3;930,7;930,3;;21,4;21,1;21,7;21,4;21,5;21,1;98;98;98;99;2,3;0;
2026/03/04;0400 UTC;;929,9;930,3;929,8;;21,9;21,2;22,2;21,3;21,6;21,1;99;96;96;94;2,4;,9;
2026/03/04;0500 UTC;;929,1;929,9;929,1;;21,7;21,2;21,9;21,5;21,3;21;98;96;97;33;2,4;,6;
2026/03/04;0600 UTC;;928,8;929,1;928,8;;21,3;20,9;21,7;21,3;21,2;20,9;97;97;97;123;3;,2;
2026/03/04;0700 UTC;;928,6;928,8;928,5;;21,1;20,7;21,4;21,1;21;20,7;98;97;98;67;2,4;0;
2026/03/04;0800 UTC;;928,7;928,8;928,6;;21;20,7;21,4;20,9;21;20,6;98;97;98;51;2,5;0;
2026/03/04;0900 UTC;;929;929;928,7;;21,1;20,7;21,3;20,9;21;20,7;99;97;98;97;5,2;2,1;
2026/03/04;1000 UTC;;929,6;929,6;929;152,8;21,6;21,1;21,6;20,9;21,1;20,6;99;97;97;57;3,8;1,2;
2026/03/04;1100 UTC;;930,5;930,5;929,6;977,8;24;20,9;24,6;21,6;22;20,7;97;79;83;121;2,9;,7;
2026/03/04;1200 UTC;;930,9;930,9;930,5;1846,1;25,6;20,8;25,9;24;21,8;19,7;84;71;75;154;3,6;1,2;
2026/03/04;1300 UTC;;931,1;931,1;930,9;2563,7;26,6;20,5;27,2;25,5;21,3;19,9;76;64;69;9;3,6;,7;
2026/03/04;1400 UTC;;931,2;931,4;931,1;1665;26,3;22;27,1;25,5;22,5;20;81;67;77;274;5;3;
2026/03/04;1500 UTC;;930,3;931,2;930,3;1885,4;26,9;22;27,8;26,1;22,5;21,3;79;71;75;254;5;2,4;
2026/03/04;1600 UTC;;929;930,3;929;1527,3;26,7;21,8;27,8;26,7;22,6;21,2;76;70;74;197;5,7;3,5;
2026/03/04;1700 UTC;;927,9;929;927,9;2822;26,8;23,3;29,2;26,2;23,3;20,2;82;60;81;43;6,8;2,2;
2026/03/04;1800 UTC;;927,8;928,5;927,8;814,9;21;21,1;27,6;20,6;23,3;20,4;100;76;100;147;15,6;1,9;
2026/03/04;1900 UTC;;927,2;927,8;927,2;129,5;22,4;21,4;22,5;21,1;21,6;20,9;;94;94;95;5,4;1,3;
2026/03/04;2000 UTC;;927,7;927,7;927,2;94,1;22,5;21,8;22,7;22,2;22;21,4;97;94;96;33;2,7;1,3;
2026/03/04;2100 UTC;;928;928;927,6;90,2;21,7;21,3;22,6;21,7;22;21,2;98;95;97;5;3,5;1,5;
2026/03/04;2200 UTC;;928,7;928,7;928;9,1;21,7;21,4;21,8;21,5;21,5;21,1;98;97;98;30;3,5;1,8;
2026/03/04;2300 UTC;;;;;;;;;;;;;;;;;;
2026/03/05;0000 UTC;;930,1;930,2;929,7;;21,6;21,8;21,7;21,4;22;21,5;;100;;102;3,8;2,6;
2026/03/05;0100 UTC;;930,6;930,6;930;;21,5;21,4;21,7;21,5;21,8;21,3;;98;99;92;5,8;3,3;
2026/03/05;0200 UTC;;930,1;;;;21,6;21,5;21,6;21,5;21,5;21,3;100;99;99;;;;
2026/03/05;0300 UTC;;929,9;930,3;929,9;;21,7;21,6;21,7;21,6;21,6;21,4;99;99;99;57;2,7;1,2;
2026/03/05;0400 UTC;;929,9;930,1;929,8;;21,6;21,4;22;21,5;21,6;21,3;99;97;99;112;4;1,5;
2026/03/05;0500 UTC;;929,5;929,9;929,5;;21,6;21,4;21,6;21,4;21,5;21,4;100;98;99;42;3;,9;
2026/03/05;0600 UTC;;928,9;929,5;928,9;;21,5;21;21,6;21,4;21,4;21;100;97;97;76;4,8;2,2;
2026/03/05;0700 UTC;;928,8;928,9;928,7;;21,5;21,1;21,6;21,4;21,2;21;98;97;98;55;3,6;,8;
2026/03/05;0800 UTC;;928,9;928,9;928,8;;21,1;20,8;21,6;21,1;21,1;20,8;98;97;98;29;1,8;,2;
2026/03/05;0900 UTC;;929,5;929,5;928,9;;21,6;21;21,7;21,1;21,2;20,9;99;97;97;15;1,9;,7;
2026/03/05;1000 UTC;;930,4;930,4;929,5;55,6;21,8;21,5;21,8;21,4;21,5;21;98;97;98;56;1,6;0;
2026/03/05;1100 UTC;;930,9;931;930,4;339,1;22,2;21,8;22,2;21,8;21,8;21,3;98;96;97;81;2,7;1;
2026/03/05;1200 UTC;;931,7;931,7;930,9;1154,8;23;22,1;23;22,2;22,2;21,6;98;94;95;89;3,8;1,9;
2026/03/05;1300 UTC;;931,7;931,8;931,6;2014,7;24,8;21,9;25,2;23,1;22,7;21,3;95;83;84;85;4,6;2,7;
2026/03/05;1400 UTC;;931,3;931,7;931,3;2546,9;25,8;21,5;26,2;24,1;22,8;21,4;87;75;77;79;4,7;1,9;
2026/03/05;1500 UTC;;930,7;931,3;930,7;2317,9;24,9;22,4;27,4;24,9;23;20,7;87;71;86;246;4,9;3,5;
2026/03/05;1600 UTC;;929,5;930,7;929,5;1214,2;24,9;22,5;25,3;24,7;23,1;22,1;89;84;87;272;5,3;2,9;
2026/03/05;1700 UTC;;928,4;929,5;928,4;2594,2;25;22;26,8;24,4;24,2;21,7;94;79;83;239;4,5;1,2;
2026/03/05;1800 UTC;;928,3;928,7;928,2;273,3;22,2;21,8;25;21,7;22,3;21;98;83;98;166;5,1;,9;
2026/03/05;1900 UTC;;928,2;928,3;928,1;235,3;22,1;21,9;22,9;22,1;22,6;21,8;99;97;99;50;5,1;0;
2026/03/05;2000 UTC;;928,3;928,4;928,1;118,1;22,4;22,3;22,5;22,1;22,4;21,9;100;99;100;219;1,9;0;
2026/03/05;2100 UTC;;928,8;928,8;928,3;67,3;22,3;22,3;22,5;22,3;22,5;22,1;100;99;100;138;1,6;,1;
2026/03/05;2200 UTC;;929,7;929,7;928,8;3;21,8;22;22,4;21,8;22,4;21,9;;100;;30;3,5;,4;
2026/03/05;2300 UTC;;;;;;;;;;;;;;;;;;
2026/03/06;0000 UTC;;;;;;;;;;;;;;;;;;
2026/03/06;0100 UTC;;;;;;;;;;;;;;;;;;
2026/03/06;0200 UTC;;932;932,3;932;;21,5;21,9;21,7;21,5;22,1;21,9;;;;73;2,1;,5;
2026/03/06;0300 UTC;;931,6;932;931,6;;21,6;21,8;21,7;21,5;22;21,6;;;;44;2,2;,2;
2026/03/06;0400 UTC;;931,1;931,6;931,1;;21,6;21,8;21,7;21,5;21,8;21,6;;100;;72;2,8;1,7;
2026/03/06;0500 UTC;;930,6;931,1;930,6;;21,6;21,7;21,7;21,6;22;21,7;;;;56;3,6;2;
2026/03/06;0600 UTC;;929,9;930,6;929,9;;21,5;21,5;21,6;21,5;21,7;21,5;;100;100;54;3,8;2,4;
2026/03/06;0700 UTC;;929,8;929,9;929,7;;21,6;21,5;21,6;21,4;21,6;21,4;100;100;100;57;3,8;2,4;
2026/03/06;0800 UTC;;930;930;929,7;;21,5;21,4;21,6;21,4;21,5;21,4;100;99;100;62;3,5;2,1;
2026/03/06;0900 UTC;;930,6;930,6;930;;21,5;21,2;21,5;21,4;21,4;21,2;100;98;98;65;3,5;2,1;
2026/03/06;1000 UTC;;931,2;931,2;930,6;77,5;21,7;21,1;21,7;21,4;21,2;21,1;98;96;96;70;3,1;1,9;
2026/03/06;1100 UTC;;931,9;931,9;931,2;499,4;22,7;21,6;22,7;21,7;21,6;21,1;96;93;94;61;4,5;2,7;
2026/03/06;1200 UTC;;932,4;932,4;931,9;1145,3;23,6;21,7;23,7;22,6;21,9;21,1;94;88;89;67;8,4;4,9;
2026/03/06;1300 UTC;;932,6;932,7;932,4;2062,2;25,8;21,3;25,9;23,6;22,7;21,3;90;76;76;59;8,4;5,3;
2026/03/06;1400 UTC;;932,6;932,8;932,6;2464,8;26,6;21,6;26,6;25,6;22,1;21,2;79;74;74;38;9,4;5,3;
2026/03/06;1500 UTC;;931,7;932,6;931,7;2198,2;27;21;27,1;26,4;21,9;20,6;75;70;70;53;8,6;4,1;
2026/03/06;1600 UTC;;930,7;931,8;930,7;1440,7;26,5;22;27,3;26,5;22;20,6;76;68;76;60;6,9;3,6;
2026/03/06;1700 UTC;;929,7;931,1;929,7;1246,5;24,5;22,3;26,5;21,5;23,1;19,6;96;76;88;40;13,3;3,7;
2026/03/06;1800 UTC;;928,8;929,7;928,8;2417,9;26,6;22,4;27;24,5;24;22;89;76;78;23;7,5;3,6;
2026/03/06;1900 UTC;;928,1;928,8;928,1;1616,8;27,7;21,6;28,1;26,6;22,5;20,8;79;66;70;31;7,6;4,6;
2026/03/06;2000 UTC;;928,6;928,6;928,1;1057;27,3;21,4;27,9;27,1;22;21;72;67;70;6;7,2;2,8;
2026/03/06;2100 UTC;;929,1;929,1;928,4;199,7;25,7;21,9;27,3;25,7;22;21,1;80;70;80;340;5;1;
2026/03/06;2200 UTC;;929,9;930;929,1;1,9;23,6;22,3;25,7;23,6;22,7;22;93;80;92;286;3,7;1,4;
2026/03/06;2300 UTC;;;;;;;;;;;;;;;;;;
2026/03/07;0000 UTC;;;;;;;;;;;;;;;;;;
2026/03/07;0100 UTC;;932,3;932,4;931,9;;22,2;21,4;22,5;22,2;21,7;21,4;96;94;95;296;3,9;,3;
2026/03/07;0200 UTC;;932,3;932,4;932,1;;21,9;21,5;22,2;21,8;21,5;21,3;98;95;98;298;1,8;0;
2026/03/07;0300 UTC;;931,9;932,5;931,9;;21,8;21,7;22,1;21,7;21,8;21,5;100;98;100;210;2,5;,2;
2026/03/07;0400 UTC;;931,4;931,9;931,4;;21,2;21,3;21,8;21,2;21,7;21,2;100;99;100;235;5;3,4;
2026/03/07;0500 UTC;;930,8;931,4;930,8;;20,9;21;21,3;20,8;21,4;21;;100;;215;5;2;
2026/03/07;0600 UTC;;930,3;930,8;930,3;;20,6;21,1;20,9;20,6;21,2;21;;;;215;3,8;,3;
2026/03/07;0700 UTC;;930,3;930,4;930,3;;20,5;21,1;20,6;20,5;21,2;21;;;;190;2,4;1,3;
2026/03/07;0800 UTC;;930,6;930,6;930,3;;20,4;21,1;20,5;20,4;21,1;21;;;;188;2,4;,9;
2026/03/07;0900 UTC;;930,8;930,8;930,6;;20,2;20,8;20,4;20,2;21;20,8;;;;161;2,7;1,3;
2026/03/07;1000 UTC;;931,4;931,4;930,8;209,6;21,1;21,8;21,1;20,2;21,8;20,8;;;;188;3,9;,4;
2026/03/07;1100 UTC;;931,9;931,9;931,4;1408;23,4;22,3;23,4;21,1;22,4;21,3;;93;94;108;4,2;2,4;
2026/03/07;1200 UTC;;932,4;932,4;931,9;2172,6;25,4;22,2;25,4;22,8;23;21,6;95;83;83;158;4,7;1;
2026/03/07;1300 UTC;;932,4;932,4;932,3;2630,8;25,3;22,4;26,9;25,3;22,8;21,1;84;75;84;259;4,5;2,7;
2026/03/07;1400 UTC;;932,3;932,4;932,3;1812,5;25,5;22,4;25,8;24,8;23;22;86;81;83;224;4,7;2,4;
2026/03/07;1500 UTC;;931,5;932,3;931,5;2852,6;27,1;22,6;27,4;25,2;23,3;21,8;85;74;77;232;5,3;2,3;
2026/03/07;1600 UTC;;930,6;931,5;930,6;1465,3;26,7;22,9;27,9;26,2;23,5;22;81;74;80;252;5,5;3,6;
2026/03/07;1700 UTC;;929,7;930,6;929,7;924,3;24,7;21,2;26,7;22,1;22,9;19,8;93;79;81;259;8,5;2,2;
2026/03/07;1800 UTC;;929,2;929,8;929,1;3017,2;27,1;22,5;27,2;24,8;22,8;19,8;83;67;76;217;4,5;2,3;
2026/03/07;1900 UTC;;928,5;929,2;928,5;1291,3;27;22,1;27,2;26,7;22,6;21;78;70;75;237;4,1;2,4;
2026/03/07;2000 UTC;;928,4;928,6;928,4;729,7;26,3;22,1;27,1;26,3;22,8;21,7;80;73;78;263;4,4;2,5;
2026/03/07;2100 UTC;;928,9;928,9;928,3;421,2;25,4;22,3;26,3;25,4;22,4;21,5;83;76;83;215;4,1;1,3;
2026/03/07;2200 UTC;;928,9;929;928,8;17,4;22,9;20,3;25,4;22,8;22,7;20,2;88;83;85;230;5,6;2,4;
2026/03/07;2300 UTC;;928,8;928,9;928,6;;23,2;19,3;23,2;22,7;20,3;19;85;78;79;208;3,5;2,2;
2026/03/08;0000 UTC;;929,3;929,3;928,8;;23,8;21;23,8;23,2;21;19,3;85;78;85;133;3;1,5;
2026/03/08;0100 UTC;;929,9;929,9;929,3;;23,2;22;23,8;22,9;22,1;20,9;94;85;93;95;6,8;2,7;
2026/03/08;0200 UTC;;930;930;929,8;;23,3;21,2;23,4;23,1;22;21,2;93;88;88;96;3,9;2,8;
2026/03/08;0300 UTC;;;;;;;;;;;;;;;;;;
2026/03/08;0400 UTC;;929,7;929,9;929,7;;23,6;20,5;23,6;23,3;20,8;20,5;86;83;83;109;3;2,4;
2026/03/08;0500 UTC;;929,2;929,7;929,2;;23,6;20,5;23,8;23,5;20,5;20,4;83;81;83;104;4,2;3;
2026/03/08;0600 UTC;;929;929,2;929;;23,1;20,4;23,6;23,1;20,5;20,3;85;82;85;104;4;2,2;
2026/03/08;0700 UTC;;928,8;929;928,8;;22,4;20,4;23,1;22,4;20,5;20,4;89;85;88;118;3,8;2,2;
2026/03/08;0800 UTC;;929,2;929,2;928,8;;22,5;20,4;22,6;22,3;20,5;20,4;89;87;88;97;3,4;2,3;
2026/03/08;0900 UTC;;929,5;929,5;929,2;;23,2;20,2;23,2;22,4;20,4;20,2;88;83;83;80;3,3;2,1;
2026/03/08;1000 UTC;;930;930;929,5;232,7;24,3;20,9;24,4;22,8;20,9;20,2;86;80;81;76;4,1;,9;
2026/03/08;1100 UTC;;930,7;930,7;930;621,1;24,3;21,4;24,6;24;21,4;20,6;84;80;84;55;3;1,5;
2026/03/08;1200 UTC;;931,3;931,3;930,7;1767,2;26,4;21,4;26,5;24,3;22;20,9;85;74;74;348;3,3;,4;
2026/03/08;1300 UTC;;931,7;931,7;931,3;1792,8;25,7;20,2;27,9;25,7;22,2;19,4;75;67;71;45;8,1;5,1;
2026/03/08;1400 UTC;;931,4;931,9;931,4;1206,6;26,1;23,1;26,2;22,8;23,4;20,6;93;72;84;278;8,1;1,4;
2026/03/08;1500 UTC;;930,5;931,4;930,5;2995,4;27,6;23,8;27,6;25,1;23,9;21,9;87;77;80;277;6,4;,7;
2026/03/08;1600 UTC;;929,4;930,5;929,4;2874,3;27,1;23;28,8;26,8;23,5;22,2;80;70;78;235;5,2;3,2;
2026/03/08;1700 UTC;;928,4;929,4;928,3;1942,1;26,7;22,5;28,1;26,5;23,5;22,2;80;73;78;213;5,8;3,5;
2026/03/08;1800 UTC;;928;928,7;928;559,4;24,6;20,5;26,7;23,8;22,9;20,5;91;77;78;240;6,8;3,3;
2026/03/08;1900 UTC;;928,4;928,4;927,4;964,9;25,4;21,8;27,1;24,6;22,1;20,4;82;67;80;158;4,7;1,8;
2026/03/08;2000 UTC;;927,7;928,5;927,7;118,7;25,8;21,8;25,9;25,1;22,1;21,4;83;78;79;75;3,2;,9;
2026/03/08;2100 UTC;;928,2;928,2;927,7;73,7;25,1;21,8;26;25,1;22;20,9;82;73;82;121;2,8;,5;
2026/03/08;2200 UTC;;929;929;928,2;11,2;24,2;21,4;25,1;24;21,9;21;85;78;84;16;3,3;0;
2026/03/08;2300 UTC;;929,5;929,6;929;;23;21,1;25,3;23;21,8;20,6;89;77;89;299;5,4;,2;
2026/03/09;0000 UTC;;930,1;930,2;929,5;;22,3;21;23,2;22,1;21,3;20,9;93;87;93;149;2,2;0;
2026/03/09;0100 UTC;;930,4;930,4;930;;22,3;19,8;22,5;21,9;21,1;19,8;93;86;86;203;,9;0;
2026/03/09;0200 UTC;;930,9;930,9;930,4;;22,8;20,2;22,9;22,1;20,2;19,7;89;84;85;128;1,5;,4;
2026/03/09;0300 UTC;;930,7;931;930,7;;23,1;20,3;23,1;22,2;20,3;19,8;88;84;84;148;1,7;,8;
2026/03/09;0400 UTC;;930,4;930,7;930,3;;23;20,5;23,4;22,9;20,5;20;86;83;86;121;2,7;1,9;
2026/03/09;0500 UTC;;930,1;930,4;930,1;;22;20,5;23;22;20,6;20,4;91;86;91;108;4,3;2,2;
2026/03/09;0600 UTC;;929,9;930,1;929,8;;21,8;20,5;22,2;21,7;20,6;20,4;93;91;92;110;4,3;3,1;
2026/03/09;0700 UTC;;929,8;929,9;929,7;;21,1;19,9;21,9;21,1;20,5;19,9;93;91;93;99;4,4;3;
2026/03/09;0800 UTC;;929,9;929,9;929,6;;20,9;19,6;21,3;20,9;19,9;19,6;93;92;92;97;4,6;2,9;
2026/03/09;0900 UTC;;930,4;930,4;929,8;;21,2;19,3;21,3;20,6;19,7;19,3;94;89;89;73;3,9;2;
2026/03/09;1000 UTC;;931,4;931,4;930,4;184,7;23;19,9;23;20,9;19,9;19,2;90;83;83;77;3,9;2,3;
2026/03/09;1100 UTC;;932,3;932,3;931,4;1003,7;24,6;19,9;24,7;22,9;20,8;19,8;84;74;75;59;4,5;3;
2026/03/09;1200 UTC;;933,1;933,1;932,3;1947,2;26,1;20,6;26,4;24,6;21,3;19,8;76;71;71;47;5,3;2,8;
2026/03/09;1300 UTC;;932,9;933,2;932,9;2757,3;27,7;20,5;27,8;26;21,8;20,4;75;65;65;44;6,9;3,2;
2026/03/09;1400 UTC;;932,7;932,9;932,7;2553;28,3;19,6;28,6;27,5;21,7;19,6;67;59;59;42;6,4;3,1;
2026/03/09;1500 UTC;;932,3;932,7;932,3;3676,4;29,8;20,1;30,1;27,9;20,9;19,4;63;54;56;40;6,2;2,7;
2026/03/09;1600 UTC;;931,4;932,3;931,4;3262,1;29,8;18,8;31,2;29,2;21;17,9;58;48;52;66;6,4;1,7;
2026/03/09;1700 UTC;;930,5;931,4;930,5;2493,4;29,5;21,2;31,3;29,2;21,5;18,6;62;49;61;225;4,5;2,1;
2026/03/09;1800 UTC;;929,7;930,5;929,7;2293,1;31;20;31;29,4;21,6;19,3;61;52;52;232;4,3;1,7;
2026/03/09;1900 UTC;;929,1;929,7;929,1;2071,2;30,7;20,2;31,7;29,6;21,2;19,5;60;49;54;285;4,8;1,2;
2026/03/09;2000 UTC;;928,9;929,1;928,9;1576,3;30,4;19,8;30,9;30,3;20,7;19,5;56;51;53;248;4,3;2,6;
2026/03/09;2100 UTC;;929,1;929,1;928,8;361,6;26,9;20,6;30,5;26,9;20,9;19,6;69;53;68;296;4,3;1,2;
2026/03/09;2200 UTC;;929,7;929,7;929,1;11,6;26,5;20,9;26,9;26,1;21,4;20,2;73;67;72;115;4,7;1,1;
2026/03/09;2300 UTC;;930,3;930,3;929,7;;23,7;21,7;26,5;23,2;21,9;21;91;72;88;251;9,8;5;
2026/03/10;0000 UTC;;931,2;931,2;930,3;;23,6;21,1;23,7;23;21,5;20,9;90;85;86;238;6,7;3,5;
2026/03/10;0100 UTC;;931,9;931,9;931;;23,5;21,4;23,9;23;21,5;21,1;90;86;88;209;5;2,7;
2026/03/10;0200 UTC;;931,8;932;931,8;;23,3;21;23,5;23;21,6;21;92;87;87;201;4,2;1,7;
2026/03/10;0300 UTC;;931,8;932;931,8;;23,5;20,6;24,2;23,3;21;20,5;87;81;84;152;2,7;1,4;
2026/03/10;0400 UTC;;931,6;931,8;931,4;;24,5;20,2;24,5;23,5;20,6;20,2;84;77;77;191;2;,8;
2026/03/10;0500 UTC;;931,3;931,6;931,3;;24,6;19,7;24,9;24,5;20,2;19,7;77;73;74;178;2;,2;
2026/03/10;0600 UTC;;931;931,3;930,9;;23,2;20,3;24,6;23,2;20,3;19,4;84;74;84;116;3,3;2,2;
2026/03/10;0700 UTC;;930,5;931;930,5;;22,9;20,4;23,2;22,7;20,6;20,3;88;84;86;148;3,3;,9;
2026/03/10;0800 UTC;;930,9;930,9;930,4;;22,2;20,3;23,4;22,1;20,5;20,1;89;84;89;95;3;,2;
2026/03/10;0900 UTC;;931,4;931,4;930,9;;22,6;20,7;22,6;22,2;20,7;20,4;90;88;89;91;3,4;1,8;
2026/03/10;1000 UTC;;931,9;931,9;931,3;201,6;23,8;21,3;23,8;22,2;21,3;20,4;90;85;86;87;3,5;2,3;
2026/03/10;1100 UTC;;932,5;932,5;931,9;1034,9;25,8;21,5;25,8;23,8;22;21,1;86;77;77;98;5,6;3,1;
2026/03/10;1200 UTC;;933,1;933,1;932,5;1932,2;27,6;21,6;27,6;25,7;21,7;20,9;77;68;70;99;4,9;3;
2026/03/10;1300 UTC;;933,2;933,2;933;2731,3;29,5;20,6;29,5;27,4;22,5;20,6;71;59;59;77;4,8;1,8;
2026/03/10;1400 UTC;;933,2;933,3;933,1;3069,3;29,8;19,9;30,3;28,9;22;19,4;62;53;55;328;4,5;,8;
2026/03/10;1500 UTC;;932,6;933,2;932,6;3169,6;29,1;21,7;30,1;28,7;23,4;19,9;72;55;64;235;5,3;2,6;
2026/03/10;1600 UTC;;931,2;932,6;931,2;3061,2;30,1;22,2;30,6;28,3;23,2;21,6;71;60;63;235;6,3;3;
2026/03/10;1700 UTC;;930;931,2;930;3735,9;30,4;23,2;31;29,3;23,2;21,2;65;58;65;205;6,7;4;
2026/03/10;1800 UTC;;929,5;930;929,5;3169,7;30,7;21,4;31,2;29,9;22,8;20,8;65;55;58;228;6,7;3,3;
2026/03/10;1900 UTC;;929,1;929,5;928,9;2647,5;31,1;21,8;31,5;30,5;22,4;20,6;60;54;58;228;6;3,5;
2026/03/10;2000 UTC;;930,2;930,3;928,9;135,2;21,3;20,2;31,1;21,3;21,7;19,8;94;57;93;33;14,7;9,4;
2026/03/10;2100 UTC;;929,9;930,2;929,5;82,8;24,4;19,9;25,3;20,2;20,6;19,1;94;73;76;340;14,7;1,8;
2026/03/10;2200 UTC;;930,4;930,5;929,8;17,7;22,9;21;25,8;22,9;22,1;19,6;89;73;89;52;7,3;1,8;
2026/03/10;2300 UTC;;;;;;;;;;;;;;;;;;
2026/03/11;0000 UTC;;932,1;932,1;931,3;;21,3;21,1;22;21,1;21,1;20,8;99;92;99;20;10,5;5,3;
2026/03/11;0100 UTC;;931,7;932,3;931,4;;21,1;21;21,4;21,1;21,1;20,9;99;98;99;53;8,4;2,9;
2026/03/11;0200 UTC;;931,4;932;931,4;;21,6;20,9;21,6;21,1;21;20,8;99;96;96;84;4,4;3,1;
2026/03/11;0300 UTC;;930,7;931,4;930,7;;21,8;20,7;22;21,6;20,9;20,7;96;92;93;110;6,2;4,5;
2026/03/11;0400 UTC;;929,9;930,7;929,9;;21,5;20,6;21,8;21,4;20,7;20,6;96;93;95;112;7,4;4,1;
2026/03/11;0500 UTC;;929,1;929,9;929;;21,6;20,4;21,6;21,3;20,6;20,3;96;93;93;96;6,4;2,3;
2026/03/11;0600 UTC;;929,5;929,5;929,1;;21,8;20,1;22;21,4;20,4;20,1;94;89;90;89;4,9;3,4;
2026/03/11;0700 UTC;;929,7;929,7;929,4;;22,3;19,6;22,4;21,4;20,2;19,5;92;84;84;109;4,7;2,4;
2026/03/11;0800 UTC;;930,1;930,1;929,7;;21,2;20,3;22,4;20,8;20,3;19,3;95;83;95;145;3,4;1,5;
2026/03/11;0900 UTC;;930,9;930,9;930,1;;21,6;19,9;22,3;21,1;20,3;19,5;95;85;90;65;2,5;,8;
2026/03/11;1000 UTC;;931,2;931,3;930,9;160,6;21,5;20,5;21,8;20,9;20,5;19,7;95;88;94;25;3,9;2,4;
2026/03/11;1100 UTC;;931,9;931,9;931,2;1179,6;23,3;21,1;23,3;21,5;21,3;20,3;94;87;88;4;5;2,8;
2026/03/11;1200 UTC;;932,4;932,4;931,9;2043;24,4;21,3;24,4;23,2;21,7;20,7;88;81;83;46;4,9;2,8;
2026/03/11;1300 UTC;;932,4;932,5;932,3;2804,9;26;20,9;26,2;24,3;22;20,9;84;74;74;34;4,8;2,3;
2026/03/11;1400 UTC;;932;932,4;932;2341,2;27,6;21,8;27,7;25,8;23;20,9;79;71;71;25;4,5;1,3;
2026/03/11;1500 UTC;;931,4;932,1;931,4;3428;28,4;22,2;28,7;27,2;22,5;20,8;74;65;69;358;5,6;1,4;
2026/03/11;1600 UTC;;930,3;931,4;930,3;3352,3;29,5;21,7;29,5;28,2;22,6;21,3;70;63;63;29;5,7;1,5;
2026/03/11;1700 UTC;;929,2;930,3;929,2;3519,6;29,6;21,4;30,4;28,9;23,1;21,1;67;61;62;4;5,5;2,3;
2026/03/11;1800 UTC;;928,2;929,2;928,1;2180,8;29,3;22,2;30,8;29,1;22,7;21;67;59;66;358;5,2;1,4;
2026/03/11;1900 UTC;;927,9;928,2;927,7;815,1;26,5;21,8;30,5;26,5;23;21,2;76;61;75;165;4,5;1,1;
2026/03/11;2000 UTC;;927,7;928;927,5;285;26,7;22,9;27;25,7;22,9;21,8;81;75;79;347;3,9;,8;
2026/03/11;2100 UTC;;928,1;928,1;927,6;219,7;25,7;22,6;26,7;25,7;23,2;22,5;84;80;83;241;3,3;1,5;
2026/03/11;2200 UTC;;928,5;928,5;928,1;11,4;25,5;22,6;25,9;25,1;22,9;22,1;88;80;84;245;2,7;,7;
2026/03/11;2300 UTC;;929,3;929,3;928,5;;24,6;23;25,6;24,5;23,2;21,8;92;80;91;122;;,2;
2026/03/12;0000 UTC;;929,4;929,7;929,3;;23,9;22,5;25;23,9;23,2;22,3;93;88;92;27;2,6;,9;
2026/03/12;0100 UTC;;930;930;929,3;;23,8;22,1;24;23,2;22,8;22,1;96;90;90;92;2,3;,3;
2026/03/12;0200 UTC;;930,6;930,6;930;;23,5;22,3;23,8;23,4;22,3;21,9;93;89;93;79;3,9;1,7;
2026/03/12;0300 UTC;;930,8;930,8;930,6;;24,1;22,1;24,1;23,5;22,3;22,1;93;89;89;71;2,8;1,2;
2026/03/12;0400 UTC;;930,3;930,8;930,3;;23,4;21,9;24,2;23,4;22,1;21,8;91;87;91;55;2,4;,4;
2026/03/12;0500 UTC;;929,7;930,3;929,7;;23,1;21,8;23,7;23,1;22;21,7;92;90;92;46;2,6;1,6;
2026/03/12;0600 UTC;;929;929,7;929;;23;21,3;23,4;22,7;21,9;21,3;93;89;90;46;2,5;1,7;
2026/03/12;0700 UTC;;928,9;929,1;928,9;;22,9;20,9;23;22,6;21,3;20,9;91;89;89;56;2,5;,5;
2026/03/12;0800 UTC;;929,9;929,9;928,9;;22,7;21;22,9;22,3;21,1;20,7;92;89;90;38;1,7;,5;
2026/03/12;0900 UTC;;930,2;930,2;929,9;;22,5;20,9;23,3;22,5;21,3;20,9;92;87;91;40;3;2,4;
2026/03/12;1000 UTC;;930,7;930,7;930,1;191,8;23,1;21,5;23,1;22,2;21,7;20,9;95;91;91;44;3,2;2,2;
2026/03/12;1100 UTC;;931,6;931,6;930,7;438,4;24,7;22,3;24,7;23,1;22,5;21,4;91;85;86;322;3,1;0;
2026/03/12;1200 UTC;;932,1;932,1;931,6;1580,6;26,4;21,8;26,9;24,7;22,6;21,6;86;74;76;52;3,9;2,1;
2026/03/12;1300 UTC;;932,7;932,8;932,1;2219,9;27,9;22;28;26,4;22,7;21,7;78;70;70;29;4,6;2,1;
2026/03/12;1400 UTC;;932,6;932,9;932,6;1973,6;27;23,6;28;26,3;24,1;21,4;84;69;81;224;5,9;3,3;
2026/03/12;1500 UTC;;932;932,6;931,9;1466,7;23;22,1;27,9;21,7;23,9;20,6;97;77;95;268;7,5;2,6;
2026/03/12;1600 UTC;;930,3;932,2;930,3;1935,2;27;22,6;27;23;24,1;22,1;96;77;77;303;5,3;1,2;
2026/03/12;1700 UTC;;929;930,4;929;1439,1;25;22,5;27,6;25;23,4;21,9;87;72;86;255;6,7;4,1;
2026/03/12;1800 UTC;;927,6;929;927,6;1709,4;25,8;22,4;25,9;24,9;23,3;22,1;89;82;82;199;6,7;1,4;
2026/03/12;1900 UTC;;927,7;927,7;927,3;1400,1;25,4;22,9;27;25,3;23,2;21,9;87;74;86;247;5,6;3,7;
2026/03/12;2000 UTC;;927,6;927,8;927,6;1083,7;24,9;22;25,5;24,7;22,6;21,4;86;80;84;230;6;2,8;
2026/03/12;2100 UTC;;928,6;928,7;927,6;407,8;24,1;21,9;24,9;24,1;22,3;21,5;88;83;88;236;4,8;2,9;
2026/03/12;2200 UTC;;928,9;929;928,6;19;23,2;21,5;24,1;23,2;22,1;21,4;90;88;90;229;4,6;3,1;
2026/03/12;2300 UTC;;929,1;929,1;928,9;;23;21,6;23,3;23;21,9;21,5;93;90;92;163;4;1;
2026/03/13;0000 UTC;;;;;;;;;;;;;;;;;;
2026/03/13;0100 UTC;;930,5;930,5;929,4;;23,4;20,9;23,6;23,3;21,2;20,9;88;85;86;183;2,4;1,5;
2026/03/13;0200 UTC;;;;;;;;;;;;;;;;;;
2026/03/13;0300 UTC;;930,7;930,9;930,7;;22,8;20,9;23,5;22,6;21;20,6;90;85;89;83;2,3;,2;
2026/03/13;0400 UTC;;930,3;930,7;930,3;;21,9;20,7;22,8;21,8;20,9;20,5;93;89;92;69;2,2;0;
2026/03/13;0500 UTC;;930,1;930,3;930;;22,4;21,1;22,6;21,9;21,4;20,6;93;92;93;106;1,1;0;
2026/03/13;0600 UTC;;930,2;930,2;930;;22,2;20,9;22,5;22,1;21,4;20,8;94;92;92;223;1,6;1,1;
2026/03/13;0700 UTC;;930,3;930,3;930,2;;22,8;21,1;22,9;22,1;21,3;20,7;92;90;90;253;2;1,1;
2026/03/13;0800 UTC;;930,6;930,6;930,3;;22,1;20,9;22,8;21,9;21;20,6;94;90;93;1;2;1,4;
2026/03/13;0900 UTC;;931,1;931,1;930,6;;21,5;20,9;22,1;21,5;21;20,8;96;93;96;22;2,2;1,1;
2026/03/13;1000 UTC;;931,7;931,7;931,1;198,9;21,9;21,3;21,9;21,1;21,3;20,6;98;96;96;18;4,3;2,8;
2026/03/13;1100 UTC;;932,4;932,4;931,7;978,5;23,7;22,5;23,7;21,9;22,7;21,3;97;93;93;7;4,5;2,8;
2026/03/13;1200 UTC;;933,1;933,2;932,4;2024,2;25,5;23,2;25,5;23,7;23,4;22,3;93;86;88;357;6,7;2,6;
2026/03/13;1300 UTC;;933,3;933,3;933,1;2654,5;26,4;22,1;27,3;25,4;23,3;21,8;87;76;77;312;6,3;2,5;
2026/03/13;1400 UTC;;933;933,3;933;3197,9;27,9;22,1;28,8;26,4;23;21,3;78;66;71;349;6,3;2,5;
2026/03/13;1500 UTC;;932,4;933,1;932,4;2675,1;27,8;21,4;28,8;27,5;22,7;20,2;72;63;69;332;7,2;1,7;
2026/03/13;1600 UTC;;931,3;932,4;931,3;3045;28,9;21,3;29,3;27,5;22,2;20,8;71;62;64;330;7,6;2,4;
2026/03/13;1700 UTC;;930,2;931,3;930,2;3574,4;30,1;20,8;30,5;28,8;21,6;18,3;65;51;58;321;7,7;2,4;
2026/03/13;1800 UTC;;929,4;930,2;929,4;2695,4;30,3;20,5;30,8;29,3;21,7;18,8;63;49;56;321;6,6;2;
2026/03/13;1900 UTC;;928,7;929,4;928,7;2470,5;29,3;21,7;30,7;29,3;21,7;20,2;64;55;64;282;7,2;3,3;
2026/03/13;2000 UTC;;928,7;928,8;928,6;678,3;26,7;22,7;29,5;26,6;22,9;21,7;79;64;79;234;6,6;2,8;
2026/03/13;2100 UTC;;928,9;928,9;928,6;502,6;26,3;22,8;27,1;26,3;23,2;22,6;81;78;81;223;4;1,9;
2026/03/13;2200 UTC;;929,1;929,1;928,8;10,7;25,6;22,6;26,3;25,5;22,7;22,4;84;81;84;241;5;3;
2026/03/13;2300 UTC;;;;;;24,7;;25,6;;;;;;;;;;
2026/03/14;0000 UTC;;930,1;930,1;929,4;;24;22;24,7;24;22,2;21,8;89;85;89;231;4,9;3,4;
2026/03/14;0100 UTC;;;;;;23,4;;24;23,4;;;95;89;95;;;;
2026/03/14;0200 UTC;;931,2;931,2;930,6;;23;22,1;23,4;22,9;22,5;22,1;95;95;95;220;4,6;2,5;
2026/03/14;0300 UTC;;931,4;931,5;931,2;;23;21,8;23,1;22,9;22,1;21,8;95;93;93;219;3,3;2,1;
2026/03/14;0400 UTC;;931,1;931,4;931,1;;22,7;21,6;23;22,7;21,8;21,5;94;93;93;224;3,1;2,4;
2026/03/14;0500 UTC;;930,7;931,1;930,7;;22,5;21,5;22,7;22,4;21,6;21,4;94;93;94;239;3,3;2,6;
2026/03/14;0600 UTC;;930,4;930,7;930,3;;22,1;21,3;22,6;22,1;21,5;21,3;95;94;95;221;3,4;2,1;
2026/03/14;0700 UTC;;930,2;930,4;930,2;;22,1;21,1;22,2;22;21,4;21,1;95;94;94;235;3,4;2;
2026/03/14;0800 UTC;;930,6;930,6;930,2;;22;21,1;22,1;21,7;21,3;20,8;96;94;95;230;3,1;2,4;
2026/03/14;0900 UTC;;931,3;931,3;930,6;;22,1;21,2;22,1;21,8;21,3;21;96;94;94;233;3,1;1,7;
2026/03/14;1000 UTC;;932;932;931,3;97,6;23;21,6;23;22;21,6;21,1;95;92;92;225;2,5;,2;
2026/03/14;1100 UTC;;932,7;932,7;932;591;23,9;21,7;24,1;23;22,3;21,4;93;85;87;258;3,4;1,2;
2026/03/14;1200 UTC;;933;933;932,7;1322,3;24,6;21,9;25;24;22,5;21,6;88;84;85;249;4,6;2,8;
2026/03/14;1300 UTC;;932,9;933,1;932,9;2731,4;26,3;21,4;26,8;24,6;22,9;21,4;86;74;75;248;5,2;2,1;
2026/03/14;1400 UTC;;932,2;932,9;932,2;2681,8;26,7;21,2;27,8;25,6;23,1;20,9;80;71;72;220;5,6;2,4;
2026/03/14;1500 UTC;;931,8;932,3;931,7;1713,8;26,9;22,5;28,1;26,4;22,7;21,5;78;68;77;243;5,4;2,1;
2026/03/14;1600 UTC;;931,1;931,8;931,1;458,4;23,4;22,4;26,9;22,6;22,6;21,1;95;76;94;158;7,3;,8;
2026/03/14;1700 UTC;;929,8;931,1;929,8;1358,2;27,6;24,1;27,6;23,2;24,1;21,5;94;75;81;267;2,8;1,2;
2026/03/14;1800 UTC;;929;929,8;929;3307,4;28,6;21,4;29,1;27,5;24,3;20,8;83;63;65;258;6;2,1;
2026/03/14;1900 UTC;;928,2;929;928,2;2733,3;30,1;22;30,1;28,6;23;20,4;72;59;62;227;4,4;,7;
2026/03/14;2000 UTC;;928;928,2;927,9;1729,7;29,4;21,8;30,1;28,8;21,8;19,7;64;56;64;238;3,9;,9;
2026/03/14;2100 UTC;;928,2;928,2;927,9;617,1;27,6;21,7;29,4;27,6;21,9;20,4;71;60;70;196;3,5;,1;
2026/03/14;2200 UTC;;928,8;928,8;928,2;14,3;26;22,2;27,6;25,8;22,4;21,4;81;69;80;221;2;1,6;
2026/03/14;2300 UTC;;929,3;929,3;928,8;;25,6;22;26;25,6;22,3;21,9;82;79;81;221;2,3;1,8;
2026/03/15;0000 UTC;;929,9;929,9;929,2;;24,5;22;25,6;24,5;22,1;21,9;86;80;86;221;2,2;1,4;
2026/03/15;0100 UTC;;930,7;930,7;929,9;;25,4;21,9;25,5;24,4;22,4;21,7;87;81;81;231;2,9;2,5;
2026/03/15;0200 UTC;;931;931,1;930,7;;25;21,7;25,4;25;21,8;21,6;82;80;82;239;3,8;2,9;
2026/03/15;0300 UTC;;930,6;931;930,6;;24,5;21,8;25;24,4;21,9;21,7;85;82;85;236;3,7;2,3;
2026/03/15;0400 UTC;;930,3;930,6;930,3;;23,1;21,5;24,5;23,1;21,9;21,5;91;84;91;350;2,9;,8;
2026/03/15;0500 UTC;;929,9;930,3;929,9;;22,7;21,6;23,1;22,3;21,7;21,4;95;91;93;1;2,9;1,2;
2026/03/15;0600 UTC;;929,6;929,9;929,6;;22,6;21,6;22,9;22,6;21,7;21,6;94;93;94;352;3,1;1,4;
2026/03/15;0700 UTC;;929,8;929,8;929,4;;22,7;21,7;22,7;22,4;21,8;21,5;95;94;94;337;3;,9;
2026/03/15;0800 UTC;;930;930,1;929,8;;22;21,4;22,7;22;21,7;21,4;97;94;97;18;4,1;2,7;
2026/03/15;0900 UTC;;930,3;930,4;930;;21,5;21,2;22;21,5;21,4;21,2;98;97;98;20;7,9;5,3;
2026/03/15;1000 UTC;;931;931;930,3;55,5;21,2;21;21,6;21,1;21,3;20,9;99;98;99;35;7,5;4,1;
2026/03/15;1100 UTC;;932;932;931;220,3;21,2;20,5;21,2;21;21;20,5;99;96;96;47;6,2;4,2;
2026/03/15;1200 UTC;;932,4;932,5;932;752,6;23;20,1;23;21,2;20,8;20,1;96;84;84;44;6;3,2;
2026/03/15;1300 UTC;;932,5;932,6;932,4;1746,4;25,6;22;25,6;23;22;20;85;77;81;43;4,5;,7;
2026/03/15;1400 UTC;;932,2;932,5;932,2;2707,9;27;20,9;27,4;25,6;22,2;20,6;81;68;69;326;4,4;1,5;
2026/03/15;1500 UTC;;931,4;932,2;931,4;2863,5;28;21,4;28,1;26,9;22,3;20,9;73;67;67;304;4,1;1,3;
2026/03/15;1600 UTC;;930,3;931,4;930,3;3318,3;28,5;22,7;29,3;27,6;23,2;21,3;73;64;71;209;5,2;1,9;
2026/03/15;1700 UTC;;929;930,3;929;3143,2;29,8;21,6;29,9;27,9;22,6;20,8;71;61;61;274;5,6;2,7;
2026/03/15;1800 UTC;;927,9;929;927,9;2842,3;29,1;22,6;30,4;28,8;22,9;20,8;69;58;68;254;6,4;3,8;
2026/03/15;1900 UTC;;927,6;927,9;927,4;1783,8;29,4;22,4;29,9;28;23,6;22,2;74;66;66;255;6,4;3,2;
2026/03/15;2000 UTC;;927,2;927,6;927,2;1707,7;28,9;22,8;29,6;28,3;23,4;21,8;72;66;70;247;5,4;2,7;
2026/03/15;2100 UTC;;927,7;927,7;927,1;576;26,7;22,4;29;26,7;22,8;22;78;68;77;242;5,3;2,3;
2026/03/15;2200 UTC;;929;929;927,7;14,7;24,3;22,3;26,7;24,3;22,5;22,1;89;77;89;232;5,5;2,8;
2026/03/15;2300 UTC;;;;;;24;;24,3;23,9;;;;;88;;;;
2026/03/16;0000 UTC;;930,7;930,7;930,2;;23,6;21,7;24,1;23,6;21,9;21,5;89;86;89;222;4;2,6;
2026/03/16;0100 UTC;;931,1;931,2;930,7;;23,7;22;23,7;23,5;22;21,7;91;89;90;228;3,7;2,5;
2026/03/16;0200 UTC;;931,6;931,6;931,1;;24;22,4;24;23,6;22,4;22;91;90;91;229;3,3;2,1;
2026/03/16;0300 UTC;;931,6;931,6;931,5;;23,3;22,1;24,2;23,3;22,5;22,1;93;90;93;227;4,6;2,5;
2026/03/16;0400 UTC;;931;931,7;930,9;;23;22,1;23,3;23;22,2;22,1;94;93;94;230;3,4;1,7;
2026/03/16;0500 UTC;;930;931;930;;22,6;22,1;23;22,5;22,3;21,9;97;94;97;178;2,4;,4;
2026/03/16;0600 UTC;;929,3;930,1;929,3;;22,5;21,7;22,8;22,4;22,3;21,7;97;95;95;231;4;2,8;
2026/03/16;0700 UTC;;929,5;929,7;929,2;;21,8;20,8;22,6;21,8;22,1;20,8;98;94;94;125;4;,8;
2026/03/16;0800 UTC;;930,1;930,2;929,3;;22;21,4;22,4;21,7;21,8;20,7;97;93;97;142;4,6;2,4;
2026/03/16;0900 UTC;;930;930,2;929,8;;21,1;19,5;22;21;21,5;19,4;97;88;91;173;5;1,5;
2026/03/16;1000 UTC;;930,8;930,8;929,9;60;21,6;20,9;22;21;20,9;19,5;96;88;96;23;3,8;0;
2026/03/16;1100 UTC;;931,7;931,7;930,8;276,1;23;20,4;23;21,6;21,6;20,4;97;85;86;128;1,9;,2;
2026/03/16;1200 UTC;;932,5;932,5;931,7;718,1;23,4;20,8;23,6;23;21,7;20,5;89;85;85;120;2,8;,7;
2026/03/16;1300 UTC;;932,8;932,8;932,5;869,3;25,1;22,8;25,1;23,2;22,8;20,5;89;84;87;53;2,5;0;
2026/03/16;1400 UTC;;932,5;932,9;932,5;1665,2;25,8;22,7;25,9;24,5;22,9;21,7;88;82;83;70;2,9;1,7;
2026/03/16;1500 UTC;;932,2;932,6;932,2;1570,7;25,6;22,1;26,2;25,6;23,3;22,1;85;79;81;89;4,7;3,1;
2026/03/16;1600 UTC;;931,8;932,4;931,7;304,6;21,2;20,7;25,6;21,2;22,4;20,6;97;81;97;104;9,8;5;
2026/03/16;1700 UTC;;931,2;931,9;931,2;274,8;21,5;21,3;21,5;21,1;21,3;20,6;99;97;99;106;9,1;5,4;
2026/03/16;1800 UTC;;929,6;931,2;929,6;466,2;22,3;22,2;22,3;21,5;22,2;21,2;99;98;99;88;8;3,5;
2026/03/16;1900 UTC;;927,5;929,6;927,5;967,5;23,6;22,3;23,6;22,3;22,7;22,1;99;92;93;95;6,9;4,5;
2026/03/16;2000 UTC;;928,2;928,2;927,2;713,1;24,2;21,4;24,3;23,6;22,5;20,9;93;82;85;40;6,8;2,7;
2026/03/16;2100 UTC;;928,3;928,5;928,2;258;23,3;21,6;24,1;23,3;21,7;21,1;90;84;90;28;3,7;,1;
2026/03/16;2200 UTC;;928,5;928,7;928,3;4,1;22,3;21,3;23,3;22,3;21,9;21,2;96;90;94;76;1,5;,1;
2026/03/16;2300 UTC;;928,8;928,9;928,5;;22,5;20,8;22,7;22,1;21,2;20,5;94;88;90;82;2,7;2,1;
2026/03/17;0000 UTC;;929,6;929,6;928,8;;23;20,6;23;22,4;21;20,6;91;86;86;79;3,7;2,3;
2026/03/17;0100 UTC;;;;;;;;;;;;;;;;;;
2026/03/17;0200 UTC;;931,6;931,6;930,6;;22,7;21,4;23;22,6;21,4;21;93;90;92;99;3,9;2,5;
2026/03/17;0300 UTC;;931,9;932;931,6;;22,1;21,5;22,7;22,1;21,6;21,3;96;92;96;36;4,1;,5;
2026/03/17;0400 UTC;;931,8;932;931,8;;22;21,3;22,2;22;21,6;21,3;97;96;96;20;2;,1;
2026/03/17;0500 UTC;;930,8;931,8;930,8;;21,8;21,4;22,1;21,7;21,5;21,2;97;95;97;75;1,4;,2;
2026/03/17;0600 UTC;;930,4;930,8;930,4;;21,8;21;21,8;21,6;21,4;21;97;95;95;130;1,8;,4;
2026/03/17;0700 UTC;;930;930,4;930;;21,3;20,7;21,8;21,2;21;20,6;96;94;96;131;3,3;1,5;
2026/03/17;0800 UTC;;930,3;930,3;930;;21,4;20,4;21,4;21,2;20,7;20,4;96;94;94;105;3,2;2,3;
2026/03/17;0900 UTC;;930,7;930,7;930,3;;20,9;20,3;21,4;20,8;20,3;20,2;97;93;96;71;3,6;1,2;
2026/03/17;1000 UTC;;931,1;931,1;930,7;82,5;22,3;20,6;22,3;20,9;20,6;20,2;96;90;90;114;3,2;2,3;
2026/03/17;1100 UTC;;932;932;931,1;1084,3;24;20,4;24,8;22,3;21,6;20,2;90;78;81;109;4,3;1,9;
2026/03/17;1200 UTC;;932,9;932,9;932;1785,7;25,6;20,3;25,6;24;21,1;19;81;67;73;92;5,4;3,5;
2026/03/17;1300 UTC;;933,1;933,1;932,8;2842,6;27,3;21;27,4;25,6;22;20,1;75;69;69;68;5,4;1,9;
2026/03/17;1400 UTC;;932,9;933,1;932,9;3324,3;28,4;21,2;29;27,1;22,2;20,4;71;63;65;96;4,1;1,5;
2026/03/17;1500 UTC;;932,3;932,9;932,3;3463,7;28,9;21,6;29,9;28,3;22,8;20,5;69;60;64;245;6,3;2,2;
2026/03/17;1600 UTC;;930,7;932,3;930,7;2079,1;28;22,5;29;27,8;23,2;21,3;74;64;72;205;5,4;2,5;
2026/03/17;1700 UTC;;929,4;930,7;929,4;1870;26,3;20,9;29,6;26;23,7;20,6;75;66;72;270;6,2;3,1;
2026/03/17;1800 UTC;;928,7;929,4;928,7;614,2;23,1;21,3;26,3;23;22,4;20,9;90;72;89;342;6,3;2,5;
2026/03/17;1900 UTC;;928,4;928,8;928;549,6;25,1;22;26,2;23,1;22,3;20,6;89;73;83;173;6;1,2;
2026/03/17;2000 UTC;;928,1;928,4;927,8;259,7;24,1;22;25,4;24,1;22,3;21,4;88;81;88;223;4,1;2,4;
2026/03/17;2100 UTC;;928,1;928,3;928;193,1;24,2;21,8;24,2;23,9;22,4;21,8;91;87;87;227;3,9;1,8;
2026/03/17;2200 UTC;;929,1;929,1;928,1;5,1;23,1;21,9;24,2;23,1;22,2;21,7;93;87;93;336;4,2;,9;
2026/03/17;2300 UTC;;;;;;;;;;;;;;;;;;
2026/03/18;0000 UTC;;930,8;930,8;929,7;;22,6;22,2;23,9;22,5;22,2;21,3;97;86;97;28;4,2;3,1;
2026/03/18;0100 UTC;;931,2;931,3;930,8;;22,3;21,9;23;22,3;22,4;21,9;98;96;97;40;4,2;1,6;
2026/03/18;0200 UTC;;931,7;931,8;931,2;;22,4;21,5;22,8;22,3;22,2;21,3;98;93;95;28;2,9;,2;
2026/03/18;0300 UTC;;931,1;931,8;931,1;;22,8;20,8;23,3;22,3;21,6;20,7;95;87;89;51;2,1;,9;
2026/03/18;0400 UTC;;930,7;931,1;930,7;;22,7;20,2;23,1;22,5;21,5;20,2;92;86;86;84;2;0;
2026/03/18;0500 UTC;;930,4;930,7;930,3;;22,7;20,5;23,3;22,4;20,6;19,9;88;82;88;113;2,1;,1;
2026/03/18;0600 UTC;;929,9;930,4;929,9;;21,8;20,4;22,7;21,8;20,7;20,4;92;88;92;21;2,4;,5;
2026/03/18;0700 UTC;;930,1;930,1;929,8;;21,2;20,8;22,9;21;20,8;20;97;85;97;238;4,7;,9;
2026/03/18;0800 UTC;;930,3;930,3;930,1;;21,2;20,8;21,7;21;21,3;20,5;98;97;98;236;2,6;1,5;
2026/03/18;0900 UTC;;930,5;930,5;930,3;;21,1;20,6;21,4;20,9;21,1;20,3;98;96;97;216;2,3;,1;
2026/03/18;1000 UTC;;931,1;931,2;930,5;181,6;23,1;21,8;23,1;21;22;20,4;98;92;92;256;1,5;0;
2026/03/18;1100 UTC;;931,7;931,7;931,1;870,7;24,3;21,7;24,3;23,1;21,8;20,9;92;84;86;187;1,8;,3;
2026/03/18;1200 UTC;;932,2;932,2;931,7;1635,5;25,9;22,2;26,1;24,3;22,5;21,5;87;78;80;225;2,5;,9;
2026/03/18;1300 UTC;;932,1;932,2;932,1;1739,6;27,7;23,2;27,7;25,7;23,2;21,4;81;75;76;63;2,8;,3;
2026/03/18;1400 UTC;;931,9;932,2;931,9;3098,5;27,7;20,6;29,1;27,4;23,5;19,8;76;62;65;39;4,9;,8;
2026/03/18;1500 UTC;;930,7;931,9;930,7;2577,6;29,5;20,7;29,7;27,4;22,2;19,9;73;58;59;318;3,1;1,4;
2026/03/18;1600 UTC;;929,7;930,7;929,7;3347,6;30;21,8;30,9;28,3;22,8;20,2;69;55;61;174;4;1,3;
2026/03/18;1700 UTC;;928,8;929,7;928,8;1712,3;29,1;22;30,3;28,3;22,7;21,2;71;60;65;233;5,3;1,7;
2026/03/18;1800 UTC;;927,8;928,8;927,8;1902;28,2;23;31,2;28,2;23;21;73;57;73;254;5,4;1,9;
2026/03/18;1900 UTC;;926,9;927,8;926,9;1149,8;29;22,3;29,7;27,7;23,3;21,5;75;63;67;228;4,3;2,2;
2026/03/18;2000 UTC;;926,5;926,9;926,5;1512,2;29;22,2;29,7;28,8;22,9;21,7;69;64;67;217;5,4;2,7;
2026/03/18;2100 UTC;;926,7;926,7;926,3;305,5;27,1;22,6;29;27,1;22,6;21,6;76;66;76;240;4,2;2;
2026/03/18;2200 UTC;;927,3;927,3;926,7;9,6;26,1;22,4;27,1;25,8;22,7;22,1;82;76;80;258;2,9;1,9;
2026/03/18;2300 UTC;;928;928,1;927,3;;25,9;21,7;26,7;25,8;22,3;21,4;80;73;78;235;2,7;2,1;
2026/03/19;0000 UTC;;;;;;;;;;;;;;;;;;
2026/03/19;0100 UTC;;929,9;929,9;929,1;;25,6;21,6;25,6;24,7;21,8;21,5;84;78;79;221;2,5;2,1;
2026/03/19;0200 UTC;;930,3;930,3;929,8;;24,8;21,2;25,6;24,4;21,6;21,2;83;78;80;216;2,6;1,7;
2026/03/19;0300 UTC;;930,2;930,5;930,2;;24;21,6;24,8;23,6;21,9;21,2;87;80;86;238;2,9;0;
2026/03/19;0400 UTC;;929,8;930,2;929,7;;24,3;21,2;24,3;23,3;21,8;21,1;89;83;83;270;2,6;1,7;
2026/03/19;0500 UTC;;929,1;929,8;929,1;;23,7;21,3;24,3;23,7;21,4;21,2;86;83;86;270;3,5;2,6;
2026/03/19;0600 UTC;;928,9;929,1;928,6;;22,3;21,4;23,7;22,2;21,4;21,1;95;86;95;251;3,5;2,2;
2026/03/19;0700 UTC;;928,7;929,1;928,7;;22,9;21,4;23;22,3;21,8;21,3;95;91;91;234;3,5;2,6;
2026/03/19;0800 UTC;;928,8;928,8;928,6;;22,4;21,4;23;22,4;21,6;21,3;94;91;94;249;3,2;2,1;
2026/03/19;0900 UTC;;929,1;929,1;928,8;;22,3;21,3;22,4;22;21,6;21,1;95;94;94;233;2,5;0;
2026/03/19;1000 UTC;;929,6;929,6;929,1;193,1;22,7;21,6;22,7;21,8;21,6;21,1;97;94;94;52;2,4;1,4;
2026/03/19;1100 UTC;;930,2;930,2;929,6;977,4;26;22,1;26,1;22,7;22,8;21,5;94;77;79;168;2,2;,4;
2026/03/19;1200 UTC;;930,6;930,6;930,1;1825,8;27,5;21,9;27,9;25,9;22,3;20,8;79;68;71;158;3,2;1,3;
2026/03/19;1300 UTC;;930,7;930,7;930,6;2734;28,6;21,1;29,3;27,3;22,4;19,1;73;57;64;17;4,2;,9;
2026/03/19;1400 UTC;;930,6;930,8;930,6;2890,5;29,5;20,3;29,8;28;21,4;19,2;64;55;58;13;5,9;2,8;
2026/03/19;1500 UTC;;929,6;930,6;929,6;3610,6;30,3;20,4;30,8;28,5;21,8;18,8;64;51;55;351;7;2,8;
2026/03/19;1600 UTC;;928,8;929,6;928,8;3122,3;29,9;19,5;31,3;29,4;20,7;18,6;57;49;54;37;8,9;2,6;
2026/03/19;1700 UTC;;927,5;928,8;927,5;2833,9;30,1;21,7;31,4;28,8;22,6;18,3;64;47;61;340;6,7;2,7;
2026/03/19;1800 UTC;;926,5;927,5;926,5;3323,2;30,1;22,9;30,8;29,4;23,7;21,4;68;59;65;293;8,5;3,5;
2026/03/19;1900 UTC;;925,8;926,5;925,8;2324,6;29,3;22,4;30,7;28,8;23,4;21,9;69;63;67;274;7,6;4,3;
2026/03/19;2000 UTC;;925,5;926;925,5;1464,3;28,5;22,2;29,6;28,5;22,9;22,1;70;65;69;255;6,6;4,2;
2026/03/19;2100 UTC;;925,8;925,8;925,4;556,4;26,4;22,2;28,6;26,4;22,7;22,1;78;69;78;237;6,1;2,5;
2026/03/19;2200 UTC;;926,5;926,5;925,8;20,6;25,4;22,2;26,4;25,3;22,3;22;83;77;83;226;3,6;1,9;
2026/03/19;2300 UTC;;;;;;24,8;;;;;;;;;;;;
2026/03/20;0000 UTC;;928,4;928,4;927,2;;24,9;21,2;24,9;24,2;22;21,2;86;80;80;225;2,6;1,6;
2026/03/20;0100 UTC;;929,4;929,4;928,4;;23,7;21,5;25;23,6;21,7;21,1;88;79;88;42;2,5;1,4;
2026/03/20;0200 UTC;;929,9;929,9;929,4;;24;20,7;24,2;23,3;21,6;20,3;89;79;82;71;2,5;,2;
2026/03/20;0300 UTC;;929,9;930;929,8;;22,5;20,4;24,6;22,5;20,8;20,1;88;76;88;18;2,9;,7;
2026/03/20;0400 UTC;;929,5;930;929,5;;23,4;20,2;23,6;22,6;21,3;20,2;88;82;82;3;2,1;,1;
2026/03/20;0500 UTC;;929,1;929,5;929,1;;24;20,6;24,2;23,2;20,6;19,9;82;80;82;333;2,3;,6;
2026/03/20;0600 UTC;;928,9;929,1;928,9;;22,3;20,8;24,1;22,3;20,8;20,5;91;81;91;29;3,8;2,3;
2026/03/20;0700 UTC;;928,7;928,9;928,7;;21,9;20,4;22,4;21,8;21;20,4;93;91;91;14;5,7;1,2;
2026/03/20;0800 UTC;;928,9;928,9;928,7;;22,1;21,1;22,3;21,7;21,1;20,3;94;91;94;3;5,2;2,8;
2026/03/20;0900 UTC;;929,4;929,4;928,9;;21,8;21,3;22,1;21,8;21,3;21,1;97;94;97;335;5,4;1,1;
2026/03/20;1000 UTC;;929,7;929,7;929,4;144,9;22,2;21,7;22,2;21,6;21,7;21,2;98;97;97;356;4,3;1,7;
2026/03/20;1100 UTC;;930,4;930,4;929,7;843,6;23,2;22;23,4;22,2;22,3;21,6;97;93;93;5;5,8;3,4;
2026/03/20;1200 UTC;;931,1;931,1;930,4;1198,1;24,2;21,9;24,5;23,1;22,5;21,7;94;86;87;341;5,9;2,2;
2026/03/20;1300 UTC;;931,4;931,4;931,1;1933,4;26,2;22,1;26,7;24,2;22,7;21,4;87;76;78;336;6,6;2,8;
2026/03/20;1400 UTC;;931,2;931,4;931,1;1485;26,5;21,3;26,6;25,5;22,7;21,1;81;72;73;292;6,6;2,8;
2026/03/20;1500 UTC;;930,2;931,2;930,2;3480,9;28,2;22,4;28,2;26,3;22,7;21,1;76;68;71;274;6,1;3,3;
2026/03/20;1600 UTC;;928,7;930,2;928,7;2679,4;29,1;22,4;29,2;27,6;22,6;20,5;72;61;67;284;6,4;2;
2026/03/20;1700 UTC;;927,7;928,7;927,7;2546,3;29;21,4;30,4;28;22,9;21,3;70;61;64;328;6;1,6;
2026/03/20;1800 UTC;;927,2;927,7;927,1;1013,8;24;22,8;29,2;23,1;23,2;21,1;94;64;93;230;7,8;3,5;
2026/03/20;1900 UTC;;926,9;927,3;926,9;720,5;23,5;22,3;24,6;23,5;23,3;21,8;94;90;93;290;7,8;2,3;
2026/03/20;2000 UTC;;926,8;927,3;926,7;268,7;23,8;21,7;24,5;23,4;22,3;21,1;93;82;88;205;4,2;1,2;
2026/03/20;2100 UTC;;927,9;927,9;926,8;77;22,8;21,6;23,8;22,8;22,1;21,2;95;85;93;215;5,7;3;
2026/03/20;2200 UTC;;929,1;929,1;927,9;1,9;21,7;21,8;23,4;21,2;22,2;21;100;92;100;254;8,4;,3;
2026/03/20;2300 UTC;;929,5;929,5;929,1;;22,3;22,2;22,4;21,6;22,4;21,6;;99;99;262;4,9;2,6;
2026/03/21;0000 UTC;;931;931,1;929,5;1,6;20,7;21,3;22,5;20,2;22,4;20,2;;99;;221;10,3;2,8;
2026/03/21;0100 UTC;;930,9;931;930,7;;21;21,7;21,6;20,7;22,3;21,4;;;;218;6,1;3,3;
2026/03/21;0200 UTC;;930,8;931;930,8;1,7;20,9;20,9;21,1;20,6;21,7;20,9;;100;100;201;5,4;3,4;
2026/03/21;0300 UTC;;930,9;930,9;930,7;;21,4;21,2;21,5;20,9;21,4;20,7;100;99;99;159;5;1,7;
2026/03/21;0400 UTC;;930,4;931;930,4;;21,1;21,3;21,4;20,7;21,3;20,7;;99;;112;4,9;2,4;
2026/03/21;0500 UTC;;930;930,4;930;;21,3;20,9;21,6;21,1;21,4;20,9;;97;98;31;4,1;,4;
2026/03/21;0600 UTC;;929,5;930;929,5;;21,6;21,2;21,6;21,2;21,3;20,9;99;98;98;215;2;,8;
2026/03/21;0700 UTC;;929,4;929,5;929,2;;21,1;20,9;21,6;21;21,2;20,7;99;97;99;265;1,9;,4;
2026/03/21;0800 UTC;;930;930;929,4;;21;21;21,1;20,8;21,1;20,7;100;98;100;28;2,6;0;
2026/03/21;0900 UTC;;930,5;930,6;930;;20,8;20,9;21,1;20,8;21,1;20,9;;100;100;309;1,8;,1;
2026/03/21;1000 UTC;;931,5;931,5;930,5;113;21;21;21,1;20,7;21,1;20,7;100;100;100;315;4,6;1,5;
2026/03/21;1100 UTC;;932,4;932,4;931,5;711,3;21;20,6;21,9;21;21,6;20,6;100;96;98;7;5,3;3,3;
2026/03/21;1200 UTC;;933,1;933,1;932,4;1064,2;22,1;20,9;22,1;20,8;21,3;20,5;99;93;93;355;5,6;3,1;
2026/03/21;1300 UTC;;933,7;933,8;933,1;1027,6;22,4;21;22,4;21,1;21,7;20,4;97;92;92;15;9;5,7;
2026/03/21;1400 UTC;;932,9;933,7;932,9;3126,4;25,8;20,9;26,1;22,4;22;20,3;92;74;74;324;9;3,1;
2026/03/21;1500 UTC;;932,3;933;932,3;3836,6;26,6;21,9;27,2;25,8;22,7;20;79;68;75;2;6,7;1,9;
2026/03/21;1600 UTC;;931,3;932,3;931,3;3304,2;27;22,4;27,3;25,8;22,7;21,3;80;73;76;9;5,9;2,1;
2026/03/21;1700 UTC;;930,3;931,3;930,3;3312,4;28,1;21,2;28,9;27;22,9;20,7;76;65;66;27;4,8;1,4;
2026/03/21;1800 UTC;;929,5;930,3;929,5;2842,9;28,7;20,9;29,3;27,7;22,5;20,3;70;61;63;284;5;,9;
2026/03/21;1900 UTC;;929,2;929,5;929,2;1332;27,3;21,2;29;26,9;22,6;21,1;76;63;70;214;4,1;2,9;
2026/03/21;2000 UTC;;929,3;929,3;929,1;1083,7;27,6;21,6;28,4;27;22,5;21,5;74;68;70;270;5,2;2,9;
2026/03/21;2100 UTC;;929,4;929,4;929,3;406,5;25,3;22;27,7;25,3;22,3;21,6;82;70;82;274;4,6;1,7;
2026/03/21;2200 UTC;;930;930;929,4;8,7;24,6;21,9;25,3;24,5;22,4;21,9;88;82;85;263;2,6;1,8;
2026/03/21;2300 UTC;;930,7;930,7;930;;23,5;22,3;24,6;23,5;22,3;21,9;93;85;93;218;5,3;2,5;
2026/03/22;0000 UTC;;931,3;931,3;930,7;;23,1;22;23,5;23,1;22,3;22;94;93;94;215;3,5;2,2;
2026/03/22;0100 UTC;;932,1;932,1;931,3;;23;21,6;23,3;23;22;21,5;94;90;92;209;3,4;2;
2026/03/22;0200 UTC;;932,5;932,5;932,1;;23,4;21,3;23,4;23;21,6;21,3;92;88;88;203;2,7;,7;
2026/03/22;0300 UTC;;932,3;932,5;932,3;;23,2;21,3;23,7;23;21,6;21,2;90;86;89;243;1,7;1;
2026/03/22;0400 UTC;;931,8;932,3;931,8;;22,8;21,2;23,5;22,7;21,4;21;91;87;90;238;2;,1;
2026/03/22;0500 UTC;;931;931,8;931;;22,7;21,2;22,8;22,4;21,2;21;92;90;91;215;1,9;1,6;
2026/03/22;0600 UTC;;930,4;931;930,4;;21,9;20,8;22,7;21,9;21,2;20,8;94;91;94;240;1,8;,3;
2026/03/22;0700 UTC;;930,7;930,7;930,4;;22,3;21,2;22,5;21,8;21,3;20,8;95;93;93;203;1,9;,9;
2026/03/22;0800 UTC;;931;931;930,7;;22,3;21;22,4;22,1;21,3;21;94;92;92;195;1,9;,8;
2026/03/22;0900 UTC;;931,3;931,3;930,9;;22,2;21,4;22,4;22;21,4;21;95;92;95;181;2;,1;
2026/03/22;1000 UTC;;931,8;931,8;931,2;62,3;22,4;21,4;22,5;22,1;21,5;21,2;95;93;94;147;1,8;,2;
2026/03/22;1100 UTC;;932,4;932,4;931,8;485,6;23,7;22,2;23,8;22,4;22,4;21,4;95;91;91;144;2,9;1,6;
2026/03/22;1200 UTC;;932,8;932,8;932,4;1265,6;24,8;22,6;24,8;23,7;22,8;22,1;92;87;88;146;4;1,7;
2026/03/22;1300 UTC;;933;933;932,8;2860;27,2;23;27,3;24,8;23,4;22,4;88;78;78;119;4,7;3,2;
2026/03/22;1400 UTC;;932,6;933;932,6;2198,6;27,3;22,8;27,7;26,1;24;22,6;84;77;77;198;5,6;3,1;
2026/03/22;1500 UTC;;931,8;932,6;931,8;1995,7;27,9;22,9;27,9;26,5;23,8;22,3;82;74;74;202;5,6;1,4;
2026/03/22;1600 UTC;;930,6;931,8;930,6;3152,3;29,1;22,2;29,8;27,8;23,7;21,7;76;64;67;222;4,7;2,7;
2026/03/22;1700 UTC;;929,1;930,6;929,1;3203,3;30,1;22,1;30,8;28,7;24,1;21,4;71;61;62;200;5,6;1,1;
2026/03/22;1800 UTC;;928,7;929,1;928,4;2107,7;28,3;22,4;30,8;28,2;23,4;21,6;72;60;70;213;8,4;4,4;
2026/03/22;1900 UTC;;929;929,4;928,5;584,3;24,8;20,2;28,5;24,8;22,9;19,8;76;65;75;48;8,6;3,6;
2026/03/22;2000 UTC;;928,8;929,4;928,7;132,7;22,7;21;24,8;21,4;21,3;20;93;75;90;358;7,8;2,2;
2026/03/22;2100 UTC;;929,3;929,5;928,7;135,4;21,4;20,2;23,7;21,4;21,1;20;93;82;93;38;7,5;5,1;
2026/03/22;2200 UTC;;928,8;929,4;928,7;5;22,1;20,9;22,1;21,2;21;20,2;96;93;93;54;7,5;1,2;
2026/03/22;2300 UTC;;929,3;929,3;928,7;;21,9;20,4;22,9;21,8;21;20,2;93;86;91;38;3,3;,2;
2026/03/23;0000 UTC;;930,3;930,4;929,3;;21,7;20,7;22,7;21,5;21;20,4;95;88;94;16;3,9;2,5;
2026/03/23;0100 UTC;;930,9;930,9;930,2;;22,2;20,3;22,7;21,7;20,8;20;94;85;89;29;3,5;2,3;
2026/03/23;0200 UTC;;931,2;931,2;930,9;;22,4;19,1;23,3;22,1;20,1;18,7;89;75;81;27;3,1;1,6;
2026/03/23;0300 UTC;;931,1;931,2;931;;23,8;19;23,8;22,4;19,2;18,6;82;74;74;100;2,1;,3;
2026/03/23;0400 UTC;;930,6;931,1;930,6;;24,1;19,5;24,4;23,6;19,6;18,8;78;73;76;99;2,2;1,3;
2026/03/23;0500 UTC;;930,1;930,6;930,1;;24,6;19,3;24,6;23,7;19,5;18,6;76;71;73;80;2,4;,7;
2026/03/23;0600 UTC;;929,9;930,1;929,9;;23,8;19,9;24,8;23,8;20,3;18,5;80;70;79;55;1,9;,4;
2026/03/23;0700 UTC;;930,3;930,4;929,9;0;19,9;19;23,8;19,9;20,2;18,4;95;79;95;308;11,8;4,2;
2026/03/23;0800 UTC;;929,6;930,3;929,6;;21;19;22,1;19,5;19,3;18,7;96;82;88;281;8,3;1,8;
2026/03/23;0900 UTC;;929,9;930;929,6;;21;19,5;21,6;20,2;20;19;94;89;91;118;3;0;
2026/03/23;1000 UTC;;930,4;930,4;929,9;147,6;23,4;20,9;23,4;21;21,3;19,5;93;85;86;56;1,1;0;
2026/03/23;1100 UTC;;930,8;930,8;930,4;826,5;24,6;21,9;25;23,1;22,5;20,9;90;84;85;33;2,9;1,5;
2026/03/23;1200 UTC;;931,6;931,6;930,8;1971,8;25,3;21,7;25,3;23,5;22,1;20,7;87;77;81;47;7,5;3,3;
2026/03/23;1300 UTC;;931,9;932;931,5;2486,7;27,1;22,6;27,1;24,9;22,8;21;82;75;76;11;4,9;2;
2026/03/23;1400 UTC;;931,1;931,9;931;3425,4;29,1;22,3;29,2;26,9;23,3;21,5;78;66;67;348;4,9;1,9;
2026/03/23;1500 UTC;;930,9;931,3;930,8;356,8;22,6;21,9;29,4;22;22,5;21;97;62;96;6;7,4;,9;
2026/03/23;1600 UTC;;929;930,9;929;418,3;23,1;22,2;23,2;22,3;22,3;21,8;97;92;95;9;3,3;,4;
2026/03/23;1700 UTC;;928,3;929;928,3;2493,3;26,3;22,9;26,6;23,1;23,6;22;95;81;82;6;4,8;2,2;
2026/03/23;1800 UTC;;928,1;928,3;928;1695,8;27,8;22,9;27,9;26,2;23,9;22;82;72;75;292;4,8;,3;
2026/03/23;1900 UTC;;927,2;928,1;927,2;1111,4;26,7;22,8;27,8;26,5;23,5;22,4;83;75;79;212;3,4;,2;
2026/03/23;2000 UTC;;927,7;927,7;927,1;574,7;26,3;20,7;27;26;23,5;20;82;69;72;102;4,1;0;
2026/03/23;2100 UTC;;928,3;928,5;927,7;286,8;25,4;22;26,4;25,4;22,3;20,6;82;71;82;107;3,2;2,1;
2026/03/23;2200 UTC;;929,3;929,3;928,1;7,3;21,7;19,8;25,4;21,4;22,1;19,7;90;82;89;345;9,5;2,7;
2026/03/23;2300 UTC;;930,1;930,1;929,2;;22;19,5;22,4;21,7;20,2;19;89;81;86;292;7;2,6;
2026/03/24;0000 UTC;;930,6;930,6;929,9;;21,8;19;22;21,6;19,6;19;88;84;84;272;4,1;1,7;
2026/03/24;0100 UTC;;930,9;930,9;930,5;;22,7;20,2;22,8;21,8;20,2;19;87;84;85;335;3,8;1;
2026/03/24;0200 UTC;;930,3;931;930,3;;22,2;19,9;22,8;22;20,2;19,7;88;85;87;311;3,5;,8;
2026/03/24;0300 UTC;;930,3;930,5;930,3;;21,7;20,4;22,2;21,5;20,4;19,8;92;87;92;319;3,3;,7;
2026/03/24;0400 UTC;;930,3;930,4;930,3;;21,4;20,4;21,9;21,4;20,7;20,3;94;92;94;43;3;2;
2026/03/24;0500 UTC;;929,9;930,3;929,9;;20,9;20,3;21,5;20,9;20,6;20,2;96;94;96;61;3;0;
2026/03/24;0600 UTC;;929,6;930,1;929,4;;21,1;20,4;21,1;20,8;20,6;20,2;97;96;96;351;1,9;,5;
2026/03/24;0700 UTC;;929,7;930;929,6;;21,1;20,5;21,4;20,7;20,8;20,2;97;96;96;55;2,3;1,2;
2026/03/24;0800 UTC;;930;930;929,6;;21,1;20,5;21,1;20,9;20,6;20,4;98;96;96;22;2,9;1,3;
2026/03/24;0900 UTC;;930,6;930,6;930;;21,3;20,5;21,3;21,1;20,5;20,4;96;95;95;77;2,5;,1;
2026/03/24;1000 UTC;;931,5;931,5;930,6;60,1;21,8;19,9;21,8;21,1;20,5;19,9;95;89;89;118;1,9;,1;
2026/03/24;1100 UTC;;931,9;931,9;931,5;344,6;22,2;20,6;22,3;21,7;20,7;19,9;92;89;91;197;2,5;,7;
2026/03/24;1200 UTC;;932,3;932,3;931,9;553,4;23,8;21,7;24;22,2;21,8;20,4;91;84;88;346;2,1;,1;
2026/03/24;1300 UTC;;932,9;932,9;932,3;475;22,5;21,8;23,8;22,4;21,8;20,6;96;84;96;218;3,7;2,7;
2026/03/24;1400 UTC;;932,8;933;932,7;649,3;22,5;20,8;22,5;21,9;21,4;20,4;96;90;91;161;4,8;2,3;
2026/03/24;1500 UTC;;932,3;932,8;932,1;1520,8;22,7;21;23,7;22,1;21,8;20,3;91;88;90;152;7,2;3,7;
2026/03/24;1600 UTC;;931,1;932,4;931,1;838,4;22,1;20,9;22,7;21,8;21,2;20,6;95;89;93;188;6,7;2,8;
2026/03/24;1700 UTC;;930,5;931,1;930,5;1042,7;22,1;21;22,9;22;21,3;20,6;94;89;94;214;4,4;3,1;
2026/03/24;1800 UTC;;929,6;930,5;929,6;980,9;23,3;21,1;23,3;21,9;21,4;20,5;94;87;88;153;4,7;,7;
2026/03/24;1900 UTC;;929,1;929,6;929,1;928,6;24,4;20,8;24,4;23,2;21,1;20,4;88;79;80;146;2,5;,1;
2026/03/24;2000 UTC;;929,1;929,2;928,9;1171,5;25;20,7;25,4;24,3;21,6;20,2;82;74;77;15;3,9;,9;
2026/03/24;2100 UTC;;929,9;929,9;929,1;383,3;23,5;20,8;25,1;23,5;21,3;20,4;85;77;85;82;4,1;1,9;
2026/03/24;2200 UTC;;930,4;930,4;929,9;1,8;22,3;20,8;23,5;22,3;20,9;20,6;91;84;91;3;2,7;1;
2026/03/24;2300 UTC;;931,3;931,3;930,4;;22,2;21;23;22,1;21;20,7;93;88;93;38;4,4;2,8;
2026/03/25;0000 UTC;;931,5;931,6;931,2;;21,9;21,1;22,3;21,9;21,1;20,9;95;92;95;49;4,5;2,5;
2026/03/25;0100 UTC;;932;932;931,4;;21,7;21;21,9;21,6;21,1;21;96;95;96;42;4,1;3;
2026/03/25;0200 UTC;;932,5;932,6;932;;21,6;20,7;21,8;21,6;21,1;20,7;96;94;95;41;4,7;3,1;
2026/03/25;0300 UTC;;932,2;932,5;932,2;;21,4;20,6;21,6;21,4;20,8;20,6;96;95;95;66;4,2;2,8;
2026/03/25;0400 UTC;;931,9;932,3;931,9;;21,5;20,9;21,5;21,3;20,9;20,7;97;95;96;57;4,3;1,6;
2026/03/25;0500 UTC;;931,4;931,9;931,4;;21,4;20,5;21,6;21,4;20,8;20,4;96;94;94;65;6,2;4,1;
2026/03/25;0600 UTC;;931;931,4;931;;21;20,1;21,4;21;20,5;20,1;96;94;95;69;6,5;4;
2026/03/25;0700 UTC;;930,9;931,1;930,8;;20,8;19,5;21;20,6;20,2;19,5;95;93;93;60;6,1;3,4;
2026/03/25;0800 UTC;;930,9;930,9;930,7;;20,2;18,9;20,8;20,2;19,5;18,9;94;93;93;77;5,1;2,4;
2026/03/25;0900 UTC;;931,2;931,2;930,8;;20,4;19;20,4;20,1;19,1;18,9;93;92;92;83;4;,5;
2026/03/25;1000 UTC;;932,2;932,2;931,2;49,5;20,4;19,5;20,5;20,2;19,6;19;95;91;95;159;2;,4;
2026/03/25;1100 UTC;;932,8;932,8;932,2;322,1;21,8;19,9;21,8;20,4;20;19,4;95;88;89;93;3,2;2,3;
2026/03/25;1200 UTC;;933,5;933,5;932,8;686,9;22,3;19,7;22,4;21,7;20,1;19,4;89;84;85;143;3,2;1,5;
2026/03/25;1300 UTC;;933,8;933,8;933,5;1243,7;23,7;19,9;23,8;22,3;20,5;19,6;87;79;80;127;3,9;2;
2026/03/25;1400 UTC;;933,9;934;933,8;939,4;23,7;20,1;23,9;23,3;20,7;19,5;83;79;81;149;3,8;1;
2026/03/25;1500 UTC;;933,5;933,9;933,5;1606,4;25;20,9;25;23,6;21,1;20;81;77;78;224;3,1;,7;
2026/03/25;1600 UTC;;932,6;933,5;932,6;1481,1;24,5;22;25,1;23,4;22;20,9;89;78;86;204;5;2,9;
2026/03/25;1700 UTC;;931,8;932,6;931,8;2636,6;25,9;21,3;26;24,2;22;20,4;86;73;76;148;5,1;1,4;
2026/03/25;1800 UTC;;931,1;931,8;931,1;1299,1;25,3;20,7;26,1;25,2;21,6;19,9;77;72;76;174;5,3;2;
2026/03/25;1900 UTC;;930,5;931,1;930,5;483,4;24,1;21;25,5;24,1;21,3;20,5;83;75;83;125;3,9;1,7;
2026/03/25;2000 UTC;;930,7;930,7;930,4;106,8;23,1;21,6;24,1;23,1;21,6;20,9;91;83;91;197;2,7;,2;
2026/03/25;2100 UTC;;930,5;930,8;930,4;44,6;22,5;21,8;23,1;22,4;22;21,6;96;91;96;231;2,9;2;
2026/03/25;2200 UTC;;931,3;931,3;930,5;,1;21,9;21,3;22,5;21,9;21,9;21,3;98;96;97;197;2,9;,8;
2026/03/25;2300 UTC;;;;;;;;;;;;;;;;;;
2026/03/26;0000 UTC;;932,9;932,9;932,1;;21,7;21,2;22,1;21,7;21,8;21,2;99;97;97;137;3;1,9;
2026/03/26;0100 UTC;;933,2;933,2;932,9;;21,4;20,9;21,7;21,3;21,1;20,7;97;96;97;119;5,1;3;
2026/03/26;0200 UTC;;933,1;933,2;933,1;;21,2;21,3;21,5;21,1;21,3;20,9;100;97;100;102;6,4;4,4;
2026/03/26;0300 UTC;;932,7;933,1;932,6;;21,3;20,6;21,3;21,2;21,4;20,6;100;96;96;100;8,9;5,2;
2026/03/26;0400 UTC;;932,5;932,8;932,5;;21;20,5;21,2;21;20,6;20,5;98;96;97;67;7,6;2;
2026/03/26;0500 UTC;;932;932,6;932;;20,8;20,2;21;20,8;20,6;20,2;98;96;96;89;4,1;2,9;
2026/03/26;0600 UTC;;931,6;932;931,6;;21,1;20,1;21,1;20,7;20,3;20,1;97;94;94;80;4,2;2,5;
2026/03/26;0700 UTC;;931,5;931,6;931,4;;21,3;20,4;21,3;21,1;20,4;20,1;95;93;95;73;3,6;1,9;
2026/03/26;0800 UTC;;931,4;931,5;931,4;;20,8;20,2;21,3;20,8;20,5;20,2;97;95;97;84;3,1;1,6;
2026/03/26;0900 UTC;;931,6;931,6;931,4;;20,8;20,2;21;20,7;20,3;20;97;95;96;105;3,3;2,3;
2026/03/26;1000 UTC;;932;932;931,6;96,8;21,5;20,5;21,5;20,8;20,5;20,1;96;94;94;116;3,9;2,4;
2026/03/26;1100 UTC;;932,3;932,3;932;719,4;22,8;20,8;22,9;21,5;21,3;20,4;94;88;88;110;6,6;4;
2026/03/26;1200 UTC;;932,8;932,8;932,3;1953;24,5;20,4;25,1;22,8;21,3;20,1;89;76;78;114;7,7;3,9;
2026/03/26;1300 UTC;;932,7;932,9;932,6;1957,9;26,1;20,3;26,2;23,8;21,5;20,1;82;70;70;119;8,2;4,1;
2026/03/26;1400 UTC;;932,5;932,7;932,5;1636,4;25,9;20,8;26,2;25,1;20,9;19,9;75;70;73;143;8,2;3,2;
2026/03/26;1500 UTC;;932;932,5;932;2225,7;27,2;21,7;27,2;25,9;21,7;20,5;74;69;72;150;5,8;1,8;
2026/03/26;1600 UTC;;931,2;932;931,2;1605,9;26,7;21,1;27,4;26,6;21,8;20,6;74;69;71;179;6,2;2,3;
2026/03/26;1700 UTC;;930,1;931,2;930,1;2375,2;27,5;22,2;28;26,7;22,3;20,8;74;68;73;196;6,4;2,6;
2026/03/26;1800 UTC;;929,4;930;929,4;575,6;25,4;21,3;27,6;25,4;22,4;21,3;80;71;78;214;6,1;2,2;
2026/03/26;1900 UTC;;928,7;929,4;928,7;177,4;24,3;22,4;25,4;23,4;22,4;21,2;90;78;89;234;3,9;0;
2026/03/26;2000 UTC;;928,8;928,8;928,4;218,7;23,4;22,4;25,2;23,3;22,6;21,6;95;83;94;52;3,4;,5;
2026/03/26;2100 UTC;;929,6;929,8;928,8;33,1;22,1;21,6;23,6;21,8;22,6;21,2;98;94;97;40;7,5;2;
2026/03/26;2200 UTC;;930;930;929,6;;23,1;22,1;23,1;22;22,1;21,5;97;94;94;65;2,8;,2;
2026/03/26;2300 UTC;;930,8;930,8;930;;23,8;21,9;23,9;22,8;22;21,6;94;89;89;96;3,1;2,1;
2026/03/27;0000 UTC;;931,3;931,3;930,8;;22,9;21,8;23,8;22,9;21,9;21,7;94;89;94;81;3,7;2,5;
2026/03/27;0100 UTC;;931,3;931,4;931,2;;23;21,7;23;22,4;21,9;21,7;96;93;93;108;3,8;2,2;
2026/03/27;0200 UTC;;931,9;931,9;931,3;;22,9;21,6;23,3;22,6;21,8;21,5;94;91;92;144;3,3;1,9;
2026/03/27;0300 UTC;;931,4;932;931,4;;23;21,9;23;22,6;21,9;21,5;94;92;93;131;3,6;2,3;
2026/03/27;0400 UTC;;931,3;931,4;931,3;;22,9;21,4;23,1;22,9;21,9;21,4;93;91;91;134;4,3;2,2;
2026/03/27;0500 UTC;;930,9;931,3;930,8;;22,7;21,1;22,9;22,7;21,4;21,1;91;90;91;122;3,5;2,2;
2026/03/27;0600 UTC;;930,8;931;930,8;;22,4;21;22,7;22,3;21,1;21;92;91;92;120;3,6;,9;
2026/03/27;0700 UTC;;931,1;931,1;930,8;;22,4;20,9;22,4;21,8;21;20,8;94;91;91;108;4,1;2,7;
2026/03/27;0800 UTC;;931,4;931,4;931,1;;21,6;20,6;22,4;21,6;20,8;20,6;94;91;94;102;5,6;3,3;
2026/03/27;0900 UTC;;931,6;931,7;931,4;;21,5;20,4;21,8;21,5;20,7;20,4;95;93;94;104;6,5;4,3;
2026/03/27;1000 UTC;;931,9;931,9;931,6;79,4;21,7;20,3;21,7;21,5;20,5;20,3;94;92;92;112;7,1;5;
2026/03/27;1100 UTC;;932,5;932,5;931,9;613,8;22,6;20,3;22,8;21,7;20,8;20,2;92;87;87;97;9,1;6,2;
2026/03/27;1200 UTC;;932,9;932,9;932,4;1320,9;24,9;20,9;25;22,4;21,3;20,3;90;78;79;106;10,2;6,8;
2026/03/27;1300 UTC;;933;933,1;932,9;3288,7;27,4;22,1;27,4;24,8;22,1;20,6;79;73;73;93;11;6;
2026/03/27;1400 UTC;;932,5;933;932,5;3110,3;27,6;20,9;27,9;26,1;22;20,9;76;67;67;87;10,4;6,3;
2026/03/27;1500 UTC;;931,6;932,5;931,6;3223,1;29,3;21,1;29,3;26,9;21,8;20,4;71;61;61;106;9,6;5,8;
2026/03/27;1600 UTC;;930,6;931,6;930,6;3768,6;29,7;20,4;30;28,3;21,2;19,4;64;54;57;90;11,6;6,7;
2026/03/27;1700 UTC;;930,1;930,7;930,1;3428,8;29,7;20;30,7;28,8;20,9;19,2;59;54;56;123;12,1;4,9;
2026/03/27;1800 UTC;;929,6;930,1;929,6;2598,5;30;19,7;31,1;28,8;20,9;18,9;59;50;54;122;9,5;4,1;
2026/03/27;1900 UTC;;929,2;929,6;929,2;2161;30,4;19,5;30,9;29;20,3;18,6;57;49;52;106;7,4;4,7;
2026/03/27;2000 UTC;;929;929,3;928,9;1076,6;29,6;19,3;30,6;28,5;20;18,7;59;50;54;108;7,6;2,8;
2026/03/27;2100 UTC;;929,3;929,3;928,9;458,5;27,2;18,7;29,9;27,2;19,6;18,4;60;50;60;98;7,5;2,9;
2026/03/27;2200 UTC;;929,7;929,7;929,2;1;26;17,9;27,2;26;18,7;17,8;61;59;61;103;5,2;3,4;
2026/03/27;2300 UTC;;930,3;930,3;929,7;;24,6;16,7;26,1;24,6;17,9;16,6;63;59;62;89;6,9;4,1;
2026/03/28;0000 UTC;;930,8;930,8;930,3;;23,9;16,4;24,6;23,7;16,7;16,2;65;61;63;78;6,5;3,1;
2026/03/28;0100 UTC;;;;;;23;;24;22,5;;;;;;;;;
2026/03/28;0200 UTC;;931,4;931,4;931,2;;23,4;18,1;23,8;23;18,1;17,7;73;70;72;98;9,1;5,7;
2026/03/28;0300 UTC;;931;931,4;931;;22,3;18,1;23,4;22,2;18,1;18;77;72;77;108;7,7;4,6;
2026/03/28;0400 UTC;;930,8;931;930,8;;21,6;18,4;22,3;21,5;18,4;18;82;77;82;130;6,9;3,6;
2026/03/28;0500 UTC;;930,7;930,8;930,7;;21,4;18,5;22;21,2;18,6;18,4;84;81;84;104;5,8;2,5;
2026/03/28;0600 UTC;;930,2;930,7;930,2;;20,7;18,4;21,4;20,6;18,5;18,2;87;83;87;129;4,4;3,2;
2026/03/28;0700 UTC;;930;930,2;929,9;;20,3;18,4;20,7;20,2;18,4;18,3;89;87;88;128;4,7;3,2;
2026/03/28;0800 UTC;;930,2;930,2;930;;20;18,3;20,4;20;18,4;18,2;90;88;90;114;5,4;3,2;
2026/03/28;0900 UTC;;931;931;930,2;;20,2;18,4;20,2;19,7;18,4;18,2;92;89;90;106;5,7;4,2;
2026/03/28;1000 UTC;;931,8;931,8;931;182,7;21,3;18,9;21,3;20,2;19;18,5;90;86;86;72;7,2;3,2;
2026/03/28;1100 UTC;;932,5;932,5;931,8;981,1;22,7;19,6;22,7;21,3;19,6;19;87;82;83;97;6,9;4,3;
2026/03/28;1200 UTC;;933,3;933,3;932,5;1933,1;25,1;20,3;25,1;22,7;20,4;19,5;83;74;75;97;9,3;6,5;
2026/03/28;1300 UTC;;933,3;933,5;933,2;2843,9;26,6;20,3;26,8;24,9;20,9;19,9;75;68;68;109;9,8;5,6;
2026/03/28;1400 UTC;;933,5;933,6;933,3;3025,4;27,9;20,5;27,9;26,3;21;19,7;70;64;64;88;10,2;5,8;
2026/03/28;1500 UTC;;932,9;933,5;932,8;3341,4;28,3;19,7;28,9;26,6;20,6;19,3;68;57;59;114;9,9;5,1;
2026/03/28;1600 UTC;;932;932,9;932;3099,2;27,7;19,6;29,9;27,7;20,6;19,2;62;56;61;146;9,2;4,2;
2026/03/28;1700 UTC;;931,4;932;931,4;2581,7;29,6;19,4;30,2;27,7;20,4;19;63;53;54;134;8;4,4;
2026/03/28;1800 UTC;;930,5;931,4;930,5;3059,2;30,4;19,7;31;29,3;20,2;18,6;57;49;53;120;7,9;3,4;
2026/03/28;1900 UTC;;930,1;930,5;930;2121,5;30,4;18;30,8;29,5;20;18;55;47;47;121;6,7;3,6;
2026/03/28;2000 UTC;;929,8;930,1;929,8;1285,7;29,2;18,8;30,8;29,2;19;17,8;54;47;53;146;6,6;1,8;
2026/03/28;2100 UTC;;930,3;930,4;929,8;255,8;26,3;20,7;29,2;26,3;21,2;18,5;72;53;71;153;8;4;
2026/03/28;2200 UTC;;930,6;930,6;930,2;3,9;25,4;19,7;26,3;25;20,7;19,5;76;70;71;132;7,4;3;
2026/03/28;2300 UTC;;930,9;930,9;930,6;;24,6;19,7;25,4;24,6;19,8;19,4;74;70;74;132;6;3,4;
2026/03/29;0000 UTC;;931,4;931,4;930,9;;24;19,8;24,7;24;19,8;19,6;78;74;78;123;6;3,3;
2026/03/29;0100 UTC;;;;;;;;;;;;;;;;;;
2026/03/29;0200 UTC;;932;932,1;931,8;;22,9;19,7;23,6;22,9;19,9;19,7;83;80;83;86;5,8;3,6;
2026/03/29;0300 UTC;;931,9;932,1;931,8;;22,8;19,7;23;22,1;20;19,7;87;82;83;99;6,1;4,5;
2026/03/29;0400 UTC;;931,6;931,9;931,6;;22,5;19,6;22,8;22,4;19,7;19,6;85;82;83;103;7;4,5;
2026/03/29;0500 UTC;;931,1;931,6;931,1;;22,3;19,6;22,7;22,3;19,7;19,6;85;83;85;112;7,5;4,3;
2026/03/29;0600 UTC;;931;931,1;930,9;;22,4;19,8;22,6;22;19,8;19,6;87;84;85;110;8;4,5;
2026/03/29;0700 UTC;;931,1;931,1;930,9;;22;20;22,4;21,9;20;19,8;88;85;88;117;7,1;3,9;
2026/03/29;0800 UTC;;931,1;931,3;931,1;;21,6;20;22;21,4;20;19,9;91;88;90;125;6,3;4,1;
2026/03/29;0900 UTC;;931,6;931,6;931,1;;21,5;19,9;21,9;21,5;20,1;19,9;91;89;91;118;7,7;4;
2026/03/29;1000 UTC;;931,9;931,9;931,6;161,2;22,1;20,2;22,1;21,3;20,2;19,9;91;89;89;119;6,6;4,4;
2026/03/29;1100 UTC;;932,6;932,6;931,9;1155,2;24,5;20,7;24,6;22,1;20,9;20,2;89;79;80;113;9,5;6,5;
2026/03/29;1200 UTC;;933,2;933,3;932,6;1747,8;24,8;20,5;25,5;23,8;21,3;20,2;82;76;77;100;12,2;7;
2026/03/29;1300 UTC;;933,4;933,5;933,1;2570,5;26,9;20,9;27,5;24,8;21,5;20,4;78;69;70;92;11;5,4;
2026/03/29;1400 UTC;;933;933,4;933;3339,2;28,9;20,5;29;26,8;21,4;20,2;71;60;60;78;10,4;5,5;
2026/03/29;1500 UTC;;932,4;933,1;932,4;3620,6;29,2;20,7;29,7;28,5;21,1;19,7;62;56;60;98;8,7;4,3;
2026/03/29;1600 UTC;;931,5;932,4;931,5;3612,7;30;19,6;31;28,5;21,5;19,2;63;53;54;111;7,3;3,5;
2026/03/29;1700 UTC;;930,7;931,5;930,7;1825,1;29,2;20,1;30,6;29,1;21,1;19,2;60;52;58;180;7;1,7;
2026/03/29;1800 UTC;;931,2;931,5;930,5;198,8;18,8;18,2;29,2;18,8;20,9;17,9;96;58;96;320;10,5;4,2;
2026/03/29;1900 UTC;;930,6;931,6;930,5;316,6;20,7;18,5;20,8;18,4;20,2;17,6;99;87;87;119;16,6;4,6;
2026/03/29;2000 UTC;;930,3;930,6;930;695,3;20,9;19,7;22,6;20,7;20,3;17,4;93;73;93;108;8,2;4,4;
2026/03/29;2100 UTC;;930,1;930,5;930,1;433,3;22,5;18,4;22,6;20,9;19,9;18,4;93;78;78;139;6,3;1,4;
2026/03/29;2200 UTC;;930,3;930,4;930,1;7,4;23,2;16,2;23,2;21;19,1;16,2;87;65;65;119;4,6;2,5;
2026/03/29;2300 UTC;;931,1;931,1;930,1;;22,1;16,7;23,8;21,7;17,7;16,2;76;63;72;114;5,9;3,6;
2026/03/30;0000 UTC;;931,7;931,7;931,1;;22,4;17,9;23;22,1;17,9;16,2;76;65;76;126;6,7;4,1;
2026/03/30;0100 UTC;;932,3;932,3;931,7;;22,1;18,9;22,4;21,7;19;17,9;82;76;82;103;7,4;4;
2026/03/30;0200 UTC;;932,5;932,5;932,3;;21,9;19,3;22,6;21,9;19,4;18,9;85;80;85;108;6,7;4;
2026/03/30;0300 UTC;;;;;;;;;;;;;;;;;;
2026/03/30;0400 UTC;;931,8;932,3;931,8;;21,9;19;22,2;21,8;19,2;19;84;83;84;102;5,3;3,5;
2026/03/30;0500 UTC;;931,5;931,8;931,5;;21,4;19;22;21,4;19,1;18,9;86;83;86;94;5,7;3,9;
2026/03/30;0600 UTC;;930,9;931,5;930,9;;21,9;19,1;21,9;21,4;19,2;19;86;84;84;97;6,2;4,5;
2026/03/30;0700 UTC;;930,6;930,9;930,6;;21,9;19,1;22;21,7;19,2;19,1;85;84;84;105;6;3,8;
2026/03/30;0800 UTC;;930,6;930,7;930,6;;21,4;19;22;21,4;19,1;19;86;84;86;105;6,3;4,1;
2026/03/30;0900 UTC;;931,3;931,3;930,6;;20,6;19;21,4;20,4;19;18,9;91;86;90;83;6;3,6;
2026/03/30;1000 UTC;;931,7;931,7;931,3;173;21,9;19,3;21,9;20,5;19,4;18,9;91;85;85;96;6,7;4,7;
2026/03/30;1100 UTC;;932;932;931,7;941,4;23,4;19,5;23,5;21,9;19,7;19,2;86;77;79;107;8,1;5,3;
2026/03/30;1200 UTC;;932,4;932,5;932;1862,1;25,3;20,1;25,6;23,3;20,5;19,2;79;71;73;102;9,1;5,9;
2026/03/30;1300 UTC;;932,6;932,6;932,4;2712,4;27;20,3;27,3;25,2;21,2;19,8;73;66;67;120;9,9;4,3;
2026/03/30;1400 UTC;;932,4;932,7;932,4;3284,2;28,4;20,7;28,7;26,8;21,6;19,9;68;61;63;99;7,1;3,1;
2026/03/30;1500 UTC;;931,7;932,4;931,7;3481,8;29,1;20,3;29,4;28,1;21,6;19,5;64;58;59;103;5,7;2,3;
2026/03/30;1600 UTC;;930,7;931,7;930,7;3386,4;29,9;19,3;30,1;28,9;21,4;18,3;62;51;53;109;5,2;1,8;
2026/03/30;1700 UTC;;929,5;930,7;929,5;1646;28,7;21,1;30;28,4;21,4;19;65;52;63;250;4,6;2,7;
2026/03/30;1800 UTC;;929,2;929,6;929;634,7;22,3;19,2;29;22,3;21,7;18,6;83;63;83;11;7,5;1,7;
2026/03/30;1900 UTC;;928,3;929,2;928,2;1917,9;28,1;21,2;28,7;21,7;22,5;18,9;90;62;66;69;4,2;,9;
2026/03/30;2000 UTC;;928,1;928,4;928;1044,2;25,8;18,6;28,9;25;21,8;18,5;76;63;64;85;11;2;
2026/03/30;2100 UTC;;928,2;928,2;928,1;252,5;25,4;20,8;26,3;24,6;21,7;17,9;82;62;76;236;4,2;,3;
2026/03/30;2200 UTC;;928,8;928,8;928,2;3,1;25,1;18,7;25,4;23,9;21,5;18,7;83;68;68;63;2;1,1;
2026/03/30;2300 UTC;;929,8;929,8;928,8;;22,8;20,3;25,2;22,8;20,3;17,8;86;64;86;85;6,2;2,7;
2026/03/31;0000 UTC;;930,3;930,3;929,8;;22,4;19,6;23;22,4;20,3;19,5;86;83;84;96;5,7;3,9;
2026/03/31;0100 UTC;;931;931,1;930,2;;22,7;20;22,7;22,1;20,1;19,6;87;84;85;93;5,4;4,1;
2026/03/31;0200 UTC;;931,1;931,3;931;;21,6;20,2;22,7;21,6;20,2;19,8;92;85;92;95;5,3;3;
2026/03/31;0300 UTC;;931;931,2;931;;21,7;20;22;21,2;20,6;20;94;90;90;99;7,2;3,9;
2026/03/31;0400 UTC;;930,4;931;930,4;;21,7;19,3;21,8;21,5;20,1;19,2;91;85;86;110;5,8;2,8;
2026/03/31;0500 UTC;;930;930,5;929,9;;22;19,6;22;21,1;19,8;19,3;91;86;86;83;6;2,9;
2026/03/31;0600 UTC;;929,6;930,2;929,6;;20,5;19,9;22;20,4;20,3;19,2;97;86;97;25;4,8;2,2;
2026/03/31;0700 UTC;;929,5;929,8;929,5;;20,4;20,1;20,6;20,3;20,2;19,8;98;97;98;335;4,2;,7;
2026/03/31;0800 UTC;;929,6;929,8;929,4;;20,2;20,3;20,5;20,1;20,3;20,1;100;98;100;89;5,2;3,6;
2026/03/31;0900 UTC;;929,9;929,9;929,6;;20,2;20,3;20,5;20,2;20,6;20,3;;100;;103;5,5;3,7;
2026/03/31;1000 UTC;;930,5;930,5;929,9;102,2;21,1;20,6;21,1;20,2;20,6;20,1;;97;97;122;5,8;3,4;
2026/03/31;1100 UTC;;931,1;931,1;930,5;389,7;21,7;21;21,7;21,1;21;20,6;97;95;96;91;6;4,2;
2026/03/31;1200 UTC;;931,8;931,8;931,1;711,8;22,6;21;22,6;21,7;21,2;20,6;96;91;91;77;7,2;4,2;
2026/03/31;1300 UTC;;932,1;932,2;931,8;1064,6;24,5;21,2;24,6;22,6;22,1;21,1;92;81;82;66;9,2;5,2;
2026/03/31;1400 UTC;;932,1;932,2;931,9;1731,6;25,2;21;25,6;24,3;21,6;20,9;83;76;77;58;10,5;5,9;
2026/03/31;1500 UTC;;931,3;932,1;931,3;1668,8;25,6;21,2;25,8;25,1;21,7;20,8;79;76;77;56;10,5;3,4;
2026/03/31;1600 UTC;;930,3;931,3;930,3;1485,4;25,1;21,7;26,3;24,8;21,7;20,6;82;71;82;329;5,9;1,5;
2026/03/31;1700 UTC;;928,8;930,3;928,8;2485,3;27,6;21,3;28,5;25,1;22,7;20,7;82;65;68;9;8,2;4,6;
2026/03/31;1800 UTC;;927,9;928,8;927,9;2703,5;27,4;21,7;28,9;27,1;22,3;20,7;71;64;71;17;8,8;4,7;
2026/03/31;1900 UTC;;927,9;928,1;927,8;1191,8;26,6;21,7;27,6;26,4;22;20,8;75;70;75;9;7,6;1,5;
2026/03/31;2000 UTC;;928,1;928,1;927,7;508,2;26,2;22;26,7;26,1;22;21,2;78;72;78;296;3,8;,3;
2026/03/31;2100 UTC;;928;928,2;928;174,4;23,7;21,9;26,2;23,7;22,4;21,9;90;78;89;239;4,9;2,8;
2026/03/31;2200 UTC;;928,2;928,2;927,8;,6;22,6;21,8;23,7;22,6;22,1;21,7;95;89;95;267;4,2;2,2;
2026/03/31;2300 UTC;;929;929;928,1;;22,4;21,6;22,6;22,3;21,8;21,5;96;95;95;241;3,5;2,1;
2026/04/01;0000 UTC;;930,3;930,3;929;;22,1;21,5;22,4;22;21,6;21,3;97;94;97;144;2,5;,2;
2026/04/01;0100 UTC;;931,1;931,1;930,3;;21,7;21;22,1;21,6;21,5;21;97;96;96;82;1,5;0;
2026/04/01;0200 UTC;;931,4;931,4;931,1;;21,8;20,8;22,3;21,7;21,3;20,8;96;93;94;84;2,3;,3;
2026/04/01;0300 UTC;;930,9;931,4;930,9;;21,8;21,2;21,9;21,6;21,2;20,7;97;94;97;70;2,8;1,8;
2026/04/01;0400 UTC;;930,6;930,9;930,6;;21,7;21,3;21,9;21,7;21,5;21,2;98;97;98;38;3,8;2,1;
2026/04/01;0500 UTC;;930,2;930,6;930,2;;21,8;21,6;21,8;21,5;21,6;21,3;99;98;99;60;3;1,9;
2026/04/01;0600 UTC;;930;930,2;929,9;;21,8;21,2;21,9;21,8;21,6;21,2;99;96;96;70;3,1;1,2;
2026/04/01;0700 UTC;;930,1;930,1;930;;21,8;21,1;21,9;21,7;21,2;20,8;96;94;96;111;3,8;2,6;
2026/04/01;0800 UTC;;930;930,1;929,9;;21,4;20,7;21,8;21,4;21,1;20,7;96;95;96;90;4;2,8;
2026/04/01;0900 UTC;;930,1;930,1;930;;21,5;20,5;21,6;21,3;20,7;20,5;96;94;94;64;4,8;3,5;
2026/04/01;1000 UTC;;930,3;930,4;930,1;118,3;21,8;20,7;21,8;21,5;20,7;20,5;95;93;93;59;5,5;3,2;
2026/04/01;1100 UTC;;930,9;930,9;930,3;712,5;22,9;20,5;23;21,8;21;20,5;93;86;87;65;5,2;3;
2026/04/01;1200 UTC;;931,4;931,5;930,9;1433,1;24,2;21,1;24,5;22,8;21,5;20,5;88;80;83;70;5,6;3,9;
2026/04/01;1300 UTC;;931,9;931,9;931,4;2325,2;25,8;21,3;26,2;24,2;21,7;20,6;84;74;76;63;6;3,8;
2026/04/01;1400 UTC;;931,5;931,9;931,5;2702,4;27,5;20,2;27,7;25,8;21,7;20;77;63;65;60;6,9;3,9;
2026/04/01;1500 UTC;;931;931,5;931;3139,1;28,6;19,8;29,2;27,4;21,2;19,5;66;58;59;31;7;2;
2026/04/01;1600 UTC;;930;931;930;2943,5;29,2;19,5;30,2;28,1;21,6;19,5;63;54;56;43;4,8;,9;
2026/04/01;1700 UTC;;928,6;930;928,6;1357,3;27,5;21,4;29,1;26;21,9;19,5;76;56;69;280;5,2;2,3;
2026/04/01;1800 UTC;;927,8;928,6;927,8;2611,8;29;20,5;29,6;27,5;22,5;20,2;69;60;60;351;5,9;2,1;
2026/04/01;1900 UTC;;927,9;927,9;927,6;1745,7;26,3;22,1;29,8;26,1;22,4;19,3;79;55;78;148;7,7;4,1;
2026/04/01;2000 UTC;;928,1;928,1;927,8;778,5;25,4;21,6;26,5;24,7;22,3;20,9;83;77;80;128;7,5;2,9;
2026/04/01;2100 UTC;;928,5;928,5;928,1;110,3;24,1;22,5;25,4;24,1;22,6;21,4;91;79;91;25;5,1;2,3;
2026/04/01;2200 UTC;;929,7;929,8;928,5;1,1;22,5;21;24,1;22,5;22,6;20,8;92;87;91;64;6;1,9;
2026/04/01;2300 UTC;;;;;;;;;;;;;;;;;;
2026/04/02;0000 UTC;;932,3;932,3;930,7;;21,4;20,9;23,3;21,4;22,2;20,9;98;90;97;74;11,3;5,7;
2026/04/02;0100 UTC;;932,3;933,1;932,3;2,5;19,3;19,9;21,4;18,8;21;19;;97;;102;13,6;3,5;
2026/04/02;0200 UTC;;932,4;932,5;;;20,3;20,4;20,3;19,3;21;19,9;;;;;;;
2026/04/02;0300 UTC;;932;932,4;932;;20,6;20,5;20,6;20,3;20,6;20,3;;99;100;142;6;2,5;
2026/04/02;0400 UTC;;931,2;932;931,2;;21;20,6;21;20,6;20,7;20,5;100;98;98;131;5,1;1,9;
2026/04/02;0500 UTC;;930,5;931,2;930,5;;20,6;20,4;21;20,6;20,7;20,4;99;98;99;94;3,7;2,3;
2026/04/02;0600 UTC;;930,3;930,5;930,3;;20,6;20,6;20,6;20,5;20,6;20,4;100;99;100;162;3,2;,5;
2026/04/02;0700 UTC;;930,2;930,3;930,1;;20,8;20,7;20,9;20,6;20,8;20,6;100;99;99;72;4,6;2,1;
2026/04/02;0800 UTC;;930,2;930,2;930;;20,8;20,7;20,9;20,6;20,8;20,6;100;99;99;83;5;3,2;
2026/04/02;0900 UTC;;930,6;930,6;930,2;,2;21,2;20,2;21,2;20,8;20,7;20,2;99;94;94;81;5;2,9;
2026/04/02;1000 UTC;;931,2;931,2;930,6;43,5;21,2;20,3;21,2;21;20,4;20,1;96;94;94;99;4,3;3,1;
2026/04/02;1100 UTC;;932,3;932,3;931,2;351,2;22;20,9;22;21,2;20,9;20,3;95;93;93;97;4,6;2,4;
2026/04/02;1200 UTC;;933,6;933,6;932,3;798,4;22,6;20,9;22,7;22;21,2;20,7;93;90;90;79;3,5;1,2;
2026/04/02;1300 UTC;;934,4;934,4;933,6;1096,1;23,2;21,5;23,4;22,6;21,6;20,8;91;88;90;36;3,3;1,6;
2026/04/02;1400 UTC;;934;934,4;934;992;23,4;21,3;23,4;22,7;21,8;21,2;93;88;88;3;4;1,6;
2026/04/02;1500 UTC;;933,3;934;933,3;1406,4;23,5;21,6;24;23,3;21,9;21,1;91;85;89;2;4,4;1,3;
2026/04/02;1600 UTC;;932,7;933,3;932,7;1317,2;24;21,7;24,2;23,2;21,9;21,2;91;84;87;332;4,9;1,4;
2026/04/02;1700 UTC;;931,7;932,7;931,7;1185,4;24,4;21,5;24,4;23,3;22;21,2;89;84;84;313;5,2;1,8;
2026/04/02;1800 UTC;;930,9;931,7;930,9;1831,2;25;21,6;25,8;24,2;22,4;20,8;85;78;81;312;4;1,1;
2026/04/02;1900 UTC;;930,5;930,9;930,3;1617,3;24,4;22;26,3;24,3;22,6;21,6;87;78;87;228;4,5;2,3;
2026/04/02;2000 UTC;;930,8;930,8;930,4;1119,7;24,3;22,1;25,6;24,3;22,8;22;88;83;88;240;4,9;2,7;
2026/04/02;2100 UTC;;931,4;931,4;930,8;189,2;22,2;21,9;24,3;22,1;22,4;21,6;99;88;99;221;4,4;2,9;
2026/04/02;2200 UTC;;932,3;932,3;931,4;1;22,1;22;22,6;22,1;22,5;21,9;99;99;99;289;3,8;,3;
2026/04/02;2300 UTC;;932,8;932,8;932,2;;22,1;22,1;22,2;21,9;22,2;21,9;100;99;100;54;2,4;,5;
2026/04/03;0000 UTC;;933,7;933,7;932,8;;22;22,1;22,2;21,9;22,2;22;;100;;46;2,8;,1;
2026/04/03;0100 UTC;;934,2;934,2;933,7;;21,9;22;22,1;21,9;22,3;22;;;;170;1,6;,2;
2026/04/03;0200 UTC;;934,1;934,4;934,1;;21,6;21,7;21,9;21,6;22;21,6;;100;100;224;2,6;1,8;
2026/04/03;0300 UTC;;933,8;934,1;933,8;;21,5;21,9;21,7;21,5;22;21,7;;100;;224;3,2;2;
2026/04/03;0400 UTC;;933,5;933,8;933,4;;21,2;21,7;21,5;21,1;21,9;21,7;;;;193;3;,1;
2026/04/03;0500 UTC;;932,9;933,5;932,9;;20,9;21,5;21,2;20,8;21,8;21,4;;;;122;2;,2;
2026/04/03;0600 UTC;;932,1;932,9;932,1;;20,6;21,2;20,9;20,5;21,5;21,2;;;;148;2,5;,5;
2026/04/03;0700 UTC;;931,7;932,1;931,7;;20,6;21,3;20,8;20,5;21,4;21,2;;;;198;2,7;1,7;
2026/04/03;0800 UTC;;932;932;931,7;;20,6;21,2;20,6;20,4;21,3;21,1;;;;149;2,5;,2;
2026/04/03;0900 UTC;;932,1;932,2;932;;20,2;20,4;20,7;20,2;21,2;20,4;;;;173;2,5;,2;
2026/04/03;1000 UTC;;932,8;932,8;932,1;168,7;20,7;20,9;20,8;20,1;21;20,3;;;;108;3,6;2,5;
2026/04/03;1100 UTC;;933,6;933,6;932,8;997;22,4;21,5;22,5;20,7;21,8;20,9;;94;94;98;4,4;2,8;
2026/04/03;1200 UTC;;934,1;934,1;933,6;2075,3;25,3;22,8;25,3;22,4;22,8;21,4;95;83;86;85;6,7;3,8;
2026/04/03;1300 UTC;;934,2;934,3;934,1;2470,9;26,3;21,6;26,8;24,7;22,6;21,2;86;74;76;86;8,2;4,7;
2026/04/03;1400 UTC;;934,2;934,4;934,2;2622,2;27,7;21;27,9;26;21,8;20,8;77;66;67;104;8,8;5,4;
2026/04/03;1500 UTC;;933,1;934,2;933,1;3438,3;28;21,2;29,3;27,6;22,2;20,7;69;63;67;111;8,8;4,8;
2026/04/03;1600 UTC;;932,1;933,1;932,1;3188,1;28,5;21;29,8;27,9;22,6;20,6;69;60;64;86;8,1;4,4;
2026/04/03;1700 UTC;;931,5;932,2;931,5;2944,2;29;21,4;29,6;28,5;22,3;20,5;67;60;64;77;7,6;3,9;
2026/04/03;1800 UTC;;930,9;931,5;930,9;2679,6;29,3;21,7;29,5;28,3;22,3;20,8;69;61;64;95;6,8;3,7;
2026/04/03;1900 UTC;;930,5;930,9;930,4;1443,7;29,3;21,8;29,4;28,4;21,8;20,3;66;59;64;95;6,6;3,2;
2026/04/03;2000 UTC;;930,5;930,6;930,4;1008,9;28,7;21,7;29,3;28,6;21,7;20,6;66;61;66;114;5,1;2,5;
2026/04/03;2100 UTC;;930,6;930,6;930,4;378,7;27,6;21,6;28,7;27,6;21,7;21,1;70;63;70;132;4;,1;
2026/04/03;2200 UTC;;930,7;930,7;930,6;;26,6;22;27,6;26,2;22,5;21,4;80;69;76;189;1,8;,8;
2026/04/03;2300 UTC;;931,6;931,7;930,7;;23,7;21,2;26,6;23,7;22,2;21,1;86;76;86;170;5,9;1,7;
2026/04/04;0000 UTC;;932,1;932,1;931,6;;24,2;21,5;24,5;23,4;21,6;20,9;87;83;85;58;4,1;1,7;
2026/04/04;0100 UTC;;932,7;932,7;932;;23,8;20,7;24,2;23,5;21,6;20,7;87;83;83;43;3,2;2,1;
2026/04/04;0200 UTC;;933,1;933,1;932,7;;23,1;20,7;23,8;23;20,9;20,6;87;83;87;49;3,9;2,7;
2026/04/04;0300 UTC;;932,8;933,1;932,8;;22,8;21;23,2;22,7;21;20,7;90;86;89;78;4,3;2,8;
2026/04/04;0400 UTC;;932;932,8;932;;22,4;21;22,9;22,4;21;20,9;92;89;92;92;4;2,2;
2026/04/04;0500 UTC;;931,4;932;931,4;;22,4;20,9;22,7;22,3;21,1;20,9;92;90;91;90;4,5;3,5;
2026/04/04;0600 UTC;;931,2;931,4;931,1;;22,1;20,6;22,5;22;20,9;20,6;92;91;91;93;4,2;2,2;
2026/04/04;0700 UTC;;931,4;931,4;931,1;;22;20;22,6;22;20,6;20;91;86;88;56;2,6;1,3;
2026/04/04;0800 UTC;;931,6;931,7;931,4;;22,1;19,7;22,2;21,2;20,1;19,7;92;86;86;70;2,1;,8;
2026/04/04;0900 UTC;;932,2;932,2;931,6;;22;19,7;22,1;21,5;19,9;19,5;89;86;87;126;2,8;1,9;
2026/04/04;1000 UTC;;932,8;932,8;932,2;237,9;23;20,4;23;21,7;20,5;19,7;89;85;86;106;3,9;2,4;
2026/04/04;1100 UTC;;933,5;933,5;932,8;1012,9;24,2;20,8;24,3;23;21,1;20,3;86;80;81;87;5,3;3,5;
2026/04/04;1200 UTC;;934;934;933,5;1570,5;25,4;21,1;25,5;24,1;21,3;20,5;82;76;77;73;6,1;3,1;
2026/04/04;1300 UTC;;934,1;934,2;934;1979,6;26,5;20,4;27,8;25,5;21,8;20,2;78;67;69;85;6,7;3,6;
2026/04/04;1400 UTC;;933,9;934,1;933,8;2982,1;28,3;20,2;29,2;26,5;21,5;20;71;60;62;77;7,2;4,3;
2026/04/04;1500 UTC;;933,2;933,9;933,2;2811,6;29;20,5;29,2;27,8;21,6;19,7;66;60;60;121;7,1;3;
2026/04/04;1600 UTC;;932,4;933,2;932,4;3349,6;29,5;19,8;30,4;28,4;21,6;19,1;63;53;56;66;10,1;3,6;
2026/04/04;1700 UTC;;931,5;932,4;931,5;3289,7;30,7;21,3;30,7;29,2;21,3;19,2;59;54;57;105;6,8;1,9;
2026/04/04;1800 UTC;;930,6;931,5;930,6;2928,7;30,8;20,3;31,1;29,3;21,2;19,1;58;51;54;111;6,4;2,3;
2026/04/04;1900 UTC;;929,7;930,6;929,7;1904,7;29,5;20,3;30,9;29,4;21,5;19;59;51;58;174;6,4;2,5;
2026/04/04;2000 UTC;;929,5;929,8;929,5;1094,5;28,2;22,2;29,5;28,2;22,3;20,4;70;58;70;229;5,1;2,5;
2026/04/04;2100 UTC;;929,4;929,5;929,2;310,4;26,6;22,3;28,2;26,6;22,5;22,1;77;70;77;223;3,9;2,6;
2026/04/04;2200 UTC;;929,3;929,4;929,2;1,8;25,6;22,2;26,6;25,6;22,4;22,1;82;77;82;191;5,3;,7;
2026/04/04;2300 UTC;;930;930;929,3;;25,3;22;25,6;25,2;22,3;22;82;81;82;193;2,6;1,4;
2026/04/05;0000 UTC;;931,2;931,2;930;;25,1;21,6;25,7;25,1;22;21,3;82;77;81;126;3,9;1,3;
2026/04/05;0100 UTC;;931,8;931,8;931,2;;23,8;22,6;25,1;23,3;22,6;21,4;93;81;93;59;9,7;2,2;
2026/04/05;0200 UTC;;932,1;932,2;931,8;;24;22,9;24,6;23,2;22,9;22;95;88;93;160;3;,2;
2026/04/05;0300 UTC;;932,2;932,3;932;;23,7;22,2;24,5;23,6;22,9;22;93;89;91;94;1,5;,2;
2026/04/05;0400 UTC;;931,9;932,3;931,9;;23,6;21,7;24,3;23,6;22,4;21,7;91;86;90;58;2,7;1,5;
2026/04/05;0500 UTC;;931,7;932;931,7;;22,8;20,9;24;22,8;21,9;20,8;91;84;89;47;3,1;,2;
2026/04/05;0600 UTC;;931,5;931,7;931,4;;23;21;23,3;22,5;21,4;20,8;93;87;89;91;1,5;0;
2026/04/05;0700 UTC;;931,6;931,6;931,4;;22,9;20,8;23,4;22,9;21,3;20,7;89;85;88;113;2,5;2;
2026/04/05;0800 UTC;;931,4;931,6;931,4;;22,8;20,7;22,9;22,6;20,9;20,6;89;88;88;107;3,2;2;
2026/04/05;0900 UTC;;932;932;931,4;;22,3;20,7;22,9;22,3;20,8;20,7;91;88;90;118;4;2;
2026/04/05;1000 UTC;;932,2;932,2;932;139,5;22,8;21,1;22,8;22,3;21,1;20,7;91;90;90;111;3,7;2,3;
2026/04/05;1100 UTC;;933,1;933,1;932,2;786,1;24,1;21,2;24,2;22,8;21,5;21;90;83;83;100;4,9;2,8;
2026/04/05;1200 UTC;;933,5;933,6;933,1;1525,2;26;21,8;26;24;22,4;21,1;85;77;78;93;5,1;2,9;
2026/04/05;1300 UTC;;933,6;933,6;933,4;2588;27,4;21,8;27,9;25,7;22,2;20,9;79;68;71;82;6,9;3,6;
2026/04/05;1400 UTC;;933,1;933,6;933,1;3000,4;29,2;22,1;29,2;27,2;22,1;20,7;73;63;66;101;6,6;3,4;
2026/04/05;1500 UTC;;932,6;933,2;932,6;2861,7;28,9;21,6;29,8;27,9;22,3;20,6;69;61;65;119;6,7;1,1;
2026/04/05;1600 UTC;;931,9;932,6;931,8;3563,5;30,5;20,8;30,9;28,8;22,4;20,2;68;55;56;85;6,6;3,1;
2026/04/05;1700 UTC;;931;931,9;931;2352,5;30,1;20,6;30,8;29,3;21,5;19,4;61;52;57;132;6,2;1,8;
2026/04/05;1800 UTC;;930,2;931;930,2;2135,7;30,5;21,1;30,8;29,4;21,6;19,5;61;52;57;193;6,7;2,4;
2026/04/05;1900 UTC;;929,4;930,2;929,4;2258,2;30,5;20,4;30,9;30,1;21,8;19,7;61;53;55;167;4,5;1,4;
2026/04/05;2000 UTC;;929,1;929,4;929,1;1243,5;29,5;21,8;30,6;29,5;21,8;19,8;63;53;63;219;4,1;2,6;
2026/04/05;2100 UTC;;928,6;929,1;928,6;307,5;27,6;22,5;29,6;27,6;22,6;21,5;74;62;74;241;4,1;1,2;
2026/04/05;2200 UTC;;929,2;929,2;928,5;,8;25,8;22,4;27,6;25,8;23;22,1;82;74;82;53;4,7;2,6;
2026/04/05;2300 UTC;;;;;;25,2;;26,8;;;;;;;;;;
2026/04/06;0000 UTC;;931,2;931,2;930;;25,9;20,6;26,3;25,2;21;20,6;77;72;73;120;3,1;2,2;
2026/04/06;0100 UTC;;932;932;931,2;;25,4;20,2;25,9;25,3;20,6;20,2;75;72;73;93;3;2,1;
2026/04/06;0200 UTC;;932,4;932,5;932;;24,7;20,1;25,5;24,7;20,3;19,9;76;71;75;62;2,8;1,3;
2026/04/06;0300 UTC;;932,4;932,5;932,3;;24,3;20,4;25,4;24;20,4;20,1;80;73;79;48;3,5;2,3;
2026/04/06;0400 UTC;;931,6;932,4;931,6;;23,7;20,2;24,6;23,7;20,4;20,1;81;77;81;53;3,4;2,3;
2026/04/06;0500 UTC;;931,2;931,6;931,2;;23,4;20,2;23,7;22,7;20,4;20,2;86;81;83;44;3,3;2,6;
2026/04/06;0600 UTC;;931,2;931,3;931,2;;22,9;20,4;23,8;22,6;20,7;20;88;80;86;143;3,3;,4;
2026/04/06;0700 UTC;;930,9;931,2;930,9;;23,2;20,4;23,3;22,6;20,6;20,3;88;83;85;114;2,3;1,8;
2026/04/06;0800 UTC;;931;931;930,7;;22,8;20,8;23,2;22,7;20,8;20,4;89;85;89;112;3,7;2,5;
2026/04/06;0900 UTC;;931,7;931,7;930,9;;22,8;20,9;22,8;22,5;20,9;20,8;90;89;89;103;4,3;3,2;
2026/04/06;1000 UTC;;932,6;932,6;931,7;96,7;22,4;20,9;22,9;22,3;21;20,8;92;89;92;97;7,2;5,1;
2026/04/06;1100 UTC;;933,2;933,2;932,6;635,4;23,7;21,4;23,7;22,4;21,5;20,9;92;87;87;89;9,5;5,8;
2026/04/06;1200 UTC;;934;934;933,2;1159,3;24,8;21,3;24,9;23,5;21,7;21,1;87;81;81;81;8,1;4,3;
2026/04/06;1300 UTC;;934,6;934,6;934;1756,7;26,8;21,8;27,3;24,8;22,3;21,3;83;72;74;79;7,8;4,4;
2026/04/06;1400 UTC;;934,5;934,8;934,5;1835,2;28,2;22,2;28,2;26,8;22,5;21,6;75;70;70;69;7,6;4,3;
2026/04/06;1500 UTC;;933,8;934,6;933,7;2344,8;26,9;22,2;28,7;26,9;22,7;21,1;75;68;75;54;7,9;4,1;
2026/04/06;1600 UTC;;933,4;933,8;933,3;555,8;22;20,7;27;21,8;22,7;20,1;92;75;92;52;9,7;3,3;
2026/04/06;1700 UTC;;932,2;933,4;932,2;255,8;23,7;22,7;23,8;21,6;22,8;20,5;95;92;94;205;5,2;,4;
2026/04/06;1800 UTC;;931,2;932,2;931,2;231,5;22,9;21,3;23,7;22,6;22,4;21,3;96;89;91;272;3,8;2,2;
2026/04/06;1900 UTC;;931,6;931,6;931;256,8;23,6;21,7;23,6;22,9;22,3;20,9;94;87;89;261;3,7;2;
2026/04/06;2000 UTC;;931,9;931,9;931,5;189,4;23,2;21,9;23,7;23,2;21,9;21,2;93;86;93;229;3,9;2,2;
2026/04/06;2100 UTC;;932,1;932,1;931,8;142,1;22,7;21,8;23,2;22,7;22,2;21,6;95;91;94;212;3,5;1,3;
2026/04/06;2200 UTC;;932,2;932,3;932,1;;22,8;21,6;22,8;22,6;21,8;21,6;95;93;93;209;2,8;1,9;
2026/04/06;2300 UTC;;932,3;932,5;932,2;;22,7;21,4;22,9;22,6;21,6;21,1;93;90;93;200;2,8;1,3;
2026/04/07;0000 UTC;;932,3;932,3;932,1;;22,2;21,9;22,7;22,2;21,9;21,4;98;93;98;156;3,5;1,3;
2026/04/07;0100 UTC;;932,5;932,5;932,2;;22,6;21,2;22,7;22,3;22;21,2;98;92;92;131;5,2;2,8;
2026/04/07;0200 UTC;;932,4;932,5;932,4;;22,2;21,4;22,7;22,2;21,4;21;95;91;95;103;5,2;3;
2026/04/07;0300 UTC;;932,3;932,5;932,3;;21,6;20,8;22,2;21,6;21,4;20,8;96;95;95;102;4,8;3,4;
2026/04/07;0400 UTC;;931,9;932,3;931,9;;21,3;20,3;21,6;21,2;20,8;20,3;95;94;94;98;4,8;3,3;
2026/04/07;0500 UTC;;931,7;931,9;931,7;;21,4;20,2;21,6;21,1;20,3;20,1;94;92;93;74;4,5;2,9;
2026/04/07;0600 UTC;;931,8;931,9;931,6;;21,3;20,2;21,5;21,1;20,4;20;95;93;93;118;4,5;2,9;
2026/04/07;0700 UTC;;931,7;931,8;931,7;;21,1;20,2;21,5;21,1;20,3;20;95;93;95;97;3,7;1,8;
2026/04/07;0800 UTC;;932;932;931,7;;21;20,3;21,2;20,8;20,3;20;96;94;96;99;2,7;2,2;
2026/04/07;0900 UTC;;932,5;932,5;932;;20,5;20;21,1;20,3;20,3;19,7;97;95;97;48;2,7;,9;
2026/04/07;1000 UTC;;933,1;933,1;932,5;178,6;22,3;20,8;22,3;20,5;21;20;97;91;91;85;2,6;1,6;
2026/04/07;1100 UTC;;933,9;933,9;933,1;807,9;22,7;20,8;23,1;22,3;21,6;20,7;92;88;89;94;5,5;3,9;
2026/04/07;1200 UTC;;934,3;934,4;933,9;1765;24,1;21,3;24,7;22,7;21,9;20,9;90;82;84;110;7,2;3,4;
2026/04/07;1300 UTC;;934,5;934,5;934,3;2469,9;26,4;21,8;26,9;24,1;22,5;21,2;86;74;76;97;8;4,7;
2026/04/07;1400 UTC;;934;934,5;934;2744,1;28,4;21,8;28,4;26,3;22,7;21,2;77;67;67;91;7,6;4,6;
2026/04/07;1500 UTC;;933,2;934;933,2;3124,3;28,4;20,6;29,6;27,6;22,2;20,3;70;59;63;110;8,9;4,3;
2026/04/07;1600 UTC;;932,6;933,3;932,6;3616,5;30,2;21,4;30,4;28,4;22,5;20,6;66;58;59;89;8,2;4,2;
2026/04/07;1700 UTC;;931,7;932,6;931,7;3205,6;30,6;20,8;30,8;29,4;21,9;20,1;61;55;56;119;7,8;3,7;
2026/04/07;1800 UTC;;931,2;931,7;931,2;2636,1;30,9;20,5;31,4;30;21,8;19,6;59;52;54;115;7,5;3,8;
2026/04/07;1900 UTC;;930,9;931,2;930,8;1562,3;29,5;19,6;31,2;29,5;20,8;19,1;57;51;55;128;6,7;1,9;
2026/04/07;2000 UTC;;931;931;930,8;610,3;27,2;21,9;30,2;27,2;22,3;19,4;74;54;73;333;4,7;1,4;
2026/04/07;2100 UTC;;931,1;931,2;931;184,2;26,3;21,2;27,2;26,3;22;21;75;71;73;347;5;,1;
2026/04/07;2200 UTC;;931,5;931,5;931,1;;26,3;21;26,4;25,6;22,2;20,9;81;72;73;141;3;,7;
2026/04/07;2300 UTC;;931,8;931,8;931,4;;27;20;27,1;25,8;21,5;19,9;75;65;66;96;2,3;1,5;
2026/04/08;0000 UTC;;932,4;932,4;931,8;;26,1;20,1;27,1;26,1;20,4;19,8;70;65;70;96;2,8;2,1;
2026/04/08;0100 UTC;;932,7;932,7;932,4;;25,6;19,8;26,4;25,5;20,3;19,6;73;67;70;116;5,1;2,4;
2026/04/08;0200 UTC;;932,8;932,9;932,7;;24,4;19,8;25,6;24,4;19,9;19,7;76;70;76;109;3,5;1,8;
2026/04/08;0300 UTC;;932,4;932,8;932,3;;23,9;19,9;24,6;23,9;19,9;19,7;78;75;78;126;3,2;2,5;
2026/04/08;0400 UTC;;932,1;932,4;932,1;;23,2;19,8;23,9;23;20;19,8;83;78;82;94;3,6;2,5;
2026/04/08;0500 UTC;;931,8;932,2;931,8;;23,3;19,8;23,3;22,9;19,9;19,8;83;81;81;108;3,6;2,6;
2026/04/08;0600 UTC;;931,6;931,8;931,6;;23;19,7;23,3;22,7;19,8;19,7;83;81;82;105;3,5;2,6;
2026/04/08;0700 UTC;;932;932;931,6;;23,2;19,5;23,2;22,9;19,7;19,5;82;80;80;102;3,2;2,1;
2026/04/08;0800 UTC;;932,2;932,2;932;;22,9;19,7;23,2;22,5;19,7;19,4;83;80;82;135;3,3;2,3;
2026/04/08;0900 UTC;;932,3;932,3;932,1;;23,1;19,6;23,4;22,9;19,7;19,5;82;79;80;104;3,1;2,2;
2026/04/08;1000 UTC;;933;933;932,3;93,5;22,8;19,9;23,1;22,6;19,9;19,6;84;80;83;106;4;2,3;
2026/04/08;1100 UTC;;933,8;933,8;933;845,5;24,8;20,7;24,8;22,8;20,7;20;84;78;78;89;4,7;2,7;
2026/04/08;1200 UTC;;934,3;934,3;933,8;1814,8;26,6;21,2;26,6;24,8;21,6;20,4;79;72;73;77;4,7;2,6;
2026/04/08;1300 UTC;;934,4;934,5;934,3;2599,6;27,8;21,4;28,7;26,6;22,4;21,1;75;66;68;87;6,1;3,5;
2026/04/08;1400 UTC;;934,1;934,4;934,1;2888,3;29,1;20,4;29,6;27,8;22,4;20,1;69;59;59;42;6,1;3;
2026/04/08;1500 UTC;;933;934,1;933;3419,2;29,7;20,1;30,5;28,9;21,8;19,8;63;54;57;92;6,9;2,5;
2026/04/08;1600 UTC;;932,1;933;932,1;3432,3;31,3;21;31,6;29,3;21,3;19,6;60;51;54;124;4,9;1,4;
2026/04/08;1700 UTC;;931,1;932,1;931,1;3257,6;31,1;20,4;31,6;30,6;21,2;19,4;55;49;53;7;5,8;1,2;
2026/04/08;1800 UTC;;930,2;931,1;930,2;2400,1;30,3;20,8;32,4;30,3;21,2;18,9;57;47;57;162;4,4;1;
2026/04/08;1900 UTC;;929,4;930,2;929,4;387,6;29,8;21,9;30,3;28,6;22,5;20,6;68;57;63;245;3,9;2,6;
2026/04/08;2000 UTC;;929,1;929,5;929,1;1273,8;29,6;21,9;30,8;29,6;22,2;21,2;63;58;63;225;5,5;3,2;
2026/04/08;2100 UTC;;928,9;929,1;928,9;338,1;27,7;22,1;29,6;27,7;22,2;21,7;71;63;71;231;5,1;2,5;
2026/04/08;2200 UTC;;929,5;929,5;928,9;,5;26,8;21,8;27,7;26,8;22,2;21,8;74;71;74;225;3,6;2,1;
2026/04/08;2300 UTC;;930;930,1;929,5;;26,6;21,5;27;26,5;21,9;21,5;75;73;74;205;3,3;1,8;
2026/04/09;0000 UTC;;931,2;931,2;930;;26,3;21,1;26,6;25,8;21,5;21,1;76;73;73;160;3,4;1,6;
2026/04/09;0100 UTC;;932,1;932,5;931,2;2,7;23,2;20,7;26,9;22,5;21,8;20,7;93;71;86;80;10,7;3,9;
2026/04/09;0200 UTC;;932,2;932,2;931,8;4,1;23,9;19,2;23,9;22,7;20,7;19,2;87;75;75;116;6;1,9;
2026/04/09;0300 UTC;;932,4;932,6;932,2;;23,3;19,6;24,6;23,3;19,8;18,8;80;70;80;47;5,1;,9;
2026/04/09;0400 UTC;;932,5;932,5;932,1;;21,8;20,9;23,4;21,8;21;19,5;95;79;95;56;6,6;2,8;
2026/04/09;0500 UTC;;931,7;932,9;931,7;,4;20,7;19,6;21,8;19,9;21;19,5;100;93;93;112;6,5;4;
2026/04/09;0600 UTC;;931,1;931,7;931,1;;21;20,4;21,8;20,5;21;19,4;96;93;96;262;6,3;1,5;
2026/04/09;0700 UTC;;931;931,6;931;;19,9;19,9;21;19,9;20,3;19,9;100;96;100;223;5,3;2,9;
2026/04/09;0800 UTC;;931,1;931,1;930,9;;21,1;21;21,1;19,9;21;20;;100;100;217;4,3;,4;
2026/04/09;0900 UTC;;931,3;931,3;931,1;;20,7;20,5;21,3;20,5;21,1;20,2;100;96;99;48;3;1,7;
2026/04/09;1000 UTC;;932,1;932,1;931,3;245,2;22,3;21,2;22,3;20,6;21,3;20,4;99;93;93;48;3,7;1,5;
2026/04/09;1100 UTC;;932,9;932,9;932,1;1119,1;24,7;22;25;22,3;22,5;21,1;94;84;85;58;4,3;2,9;
2026/04/09;1200 UTC;;933,6;933,6;933;1562,6;26,5;22,9;26,5;24,7;22,9;21,6;85;77;80;57;6;3,3;
2026/04/09;1300 UTC;;933,8;933,9;933,6;1562,5;25,9;22,1;26,7;25,6;23,1;22;83;77;80;94;6;2,5;
2026/04/09;1400 UTC;;933,2;933,8;933,2;2153,9;27,4;22,2;28;25,7;23,4;22;84;72;73;62;4,3;1,5;
2026/04/09;1500 UTC;;932,4;933,2;932,4;2561,2;28,1;21,4;28,8;27,3;23,1;21,2;75;66;67;33;4,8;1,7;
2026/04/09;1600 UTC;;931,4;932,4;931,4;3116,6;30,1;21;30,3;28,1;22,6;20,5;69;58;58;344;5;1,1;
2026/04/09;1700 UTC;;930;931,4;930;2867,2;29,4;21,7;31,2;29,2;22,8;19,9;66;54;63;258;5,2;3;
2026/04/09;1800 UTC;;929,3;930;929,3;2212,8;29,7;22,7;30,6;29,1;23;21,4;66;59;66;248;5,2;3;
2026/04/09;1900 UTC;;928,8;929,3;928,7;1330,3;28,9;22,7;30,1;28,4;23,5;22;73;63;69;257;6;4,2;
2026/04/09;2000 UTC;;929,3;929,3;928,5;994,7;27,8;22,8;29,7;27,8;23,3;22,4;74;67;74;232;6,6;3;
2026/04/09;2100 UTC;;930,5;930,5;929,1;90,4;22;18,7;27,8;22;23,3;18,5;81;74;81;76;15,6;8;
2026/04/09;2200 UTC;;930,3;931,1;930,3;0;20,1;19,3;22,6;19,8;19,9;18,2;98;76;95;279;14,6;3,5;
2026/04/09;2300 UTC;;931,4;931,4;930,3;,4;20,8;19,2;20,8;19,6;19,5;18,8;96;91;91;243;5,9;2,3;
2026/04/10;0000 UTC;;932,3;932,3;931,4;;20,3;20,1;21,1;20,3;20,2;18,4;99;86;98;48;6,2;3;
2026/04/10;0100 UTC;;932,8;933,2;932,3;;21,6;20,1;21,8;20,3;20,3;20;99;90;91;87;6,4;3;
2026/04/10;0200 UTC;;932,8;932,9;932,3;;21,6;18,7;21,7;20,9;20;18,4;92;82;84;65;7,2;,8;
2026/04/10;0300 UTC;;933,2;933,2;932,8;;20,2;18,6;21,6;20,2;18,9;18,4;91;84;90;96;5,9;2,1;
2026/04/10;0400 UTC;;931,6;933,2;931,6;;19,8;19,2;20,3;19,7;19,2;18,6;96;90;96;72;5,3;,5;
2026/04/10;0500 UTC;;931,3;931,6;931,2;;20,7;19,3;20,8;19,7;19,9;19;97;92;92;219;2;0;
2026/04/10;0600 UTC;;931,4;931,5;931,2;;20,4;19;21,7;19,7;19,9;18,9;96;87;92;165;5,4;1,8;
2026/04/10;0700 UTC;;931,7;931,7;931,3;;20;18,9;21,3;19,9;19,2;18,5;94;85;93;154;4,5;1,5;
2026/04/10;0800 UTC;;931,1;931,7;931;;20,8;18,9;21;20;19;18,5;93;86;89;145;4,5;,1;
2026/04/10;0900 UTC;;931,7;931,7;931,1;;20,3;19,1;20,8;20,3;19,1;18,6;93;88;93;52;2,7;1,5;
2026/04/10;1000 UTC;;932,5;932,5;931,7;115,6;21;19,6;21;20,1;19,6;19,1;94;92;92;54;2,6;,1;
2026/04/10;1100 UTC;;933,3;933,3;932,5;360,4;21,8;19,8;21,8;21;20;19,5;93;87;89;93;3,7;2,5;
2026/04/10;1200 UTC;;933,9;933,9;933,3;625,9;23;20;23;21,8;20,2;19,6;89;83;84;95;4,8;2,6;
2026/04/10;1300 UTC;;934,4;934,4;933,9;557,1;22,8;19,7;23,5;22,5;20,5;19,6;86;81;83;98;4,1;1,7;
2026/04/10;1400 UTC;;933,9;934,4;933,9;1199,6;23,8;21,3;23,8;22;21,4;19,5;93;81;86;90;2,8;1;
2026/04/10;1500 UTC;;933,1;933,9;933,1;1663,2;26,3;22,4;26,3;23,8;22,6;21;87;77;79;42;3,1;,7;
2026/04/10;1600 UTC;;932;933,1;932;3288,3;27,2;21,7;29;26,2;23,4;20,8;82;66;72;204;3,5;2,1;
2026/04/10;1700 UTC;;930,7;932;930,7;2508,7;28,3;20,9;28,4;26,4;22,8;20,6;77;64;64;255;5;2,9;
2026/04/10;1800 UTC;;929,8;930,7;929,8;2783,3;29;20,9;29;27,8;21,5;19,9;66;61;62;234;5,4;2;
2026/04/10;1900 UTC;;929,6;929,8;929,5;1920,2;27,9;21,2;29;27,8;21,6;19,7;67;59;67;235;4,9;3,3;
2026/04/10;2000 UTC;;929,8;929,8;929,6;840,2;26,7;21,6;27,9;26,7;21,9;20,6;74;66;74;232;5,2;2;
2026/04/10;2100 UTC;;930,5;930,5;929,8;270,9;25,5;21,6;26,8;25,5;22;21,4;79;73;79;240;3,1;2,4;
2026/04/10;2200 UTC;;931,1;931,1;930,5;;25,1;21,6;25,5;25,1;21,8;21,2;81;78;81;239;3;,5;
2026/04/10;2300 UTC;;931,5;931,5;931,1;;25,6;19,4;25,7;24,8;21,8;19,4;83;68;68;219;2,3;2;
2026/04/11;0000 UTC;;931,9;931,9;931,4;;23,9;20,9;25,7;23,9;20,9;19,3;83;68;83;240;4,4;3,1;
2026/04/11;0100 UTC;;932,2;932,2;931,9;;22,9;21,5;23,9;22,9;21,6;20,9;92;83;92;201;4,4;1,2;
2026/04/11;0200 UTC;;932,4;932,5;932,2;;23;21,5;23,2;22,9;21,8;21,5;92;91;92;186;2,4;,3;
2026/04/11;0300 UTC;;932,2;932,6;932,2;;22;21,3;23,2;22;21,9;21,2;96;91;96;73;2,5;0;
2026/04/11;0400 UTC;;931,8;932,2;931,7;;22,8;21,3;22,8;21,9;21,6;21,1;96;91;91;126;1,4;,2;
2026/04/11;0500 UTC;;931,4;931,8;931,4;;22,9;21;23;22,1;21,3;20,7;92;89;89;118;1,9;1,4;
2026/04/11;0600 UTC;;930,9;931,4;930,9;;22,2;21,1;23;22,2;21,1;20,8;93;88;93;88;2,9;1,9;
2026/04/11;0700 UTC;;931;931,1;930,8;;21,8;21;22,4;21,7;21,3;20,7;95;93;95;100;3,4;0;
2026/04/11;0800 UTC;;931;931;930,9;;22,2;20,9;22,3;21,8;21,2;20,9;95;92;92;111;2,2;1,1;
2026/04/11;0900 UTC;;931,2;931,2;930,9;;22;20,6;22,2;22;21;20,6;93;91;92;107;4,3;2,9;
2026/04/11;1000 UTC;;932,2;932,2;931,2;84,2;22,3;21,1;22,4;22;21,1;20,6;93;91;93;100;5,6;4;
2026/04/11;1100 UTC;;932,9;933;932,2;972,1;24;21,6;24;22,3;21,8;21,1;94;86;87;93;8,7;5,4;
2026/04/11;1200 UTC;;933,3;933,3;932,9;1860,8;26,1;21,4;26,1;24;22,2;21;87;74;76;68;9;5,6;
2026/04/11;1300 UTC;;933,5;933,6;933,2;3192,1;28;21;28,5;26,1;22,1;21;76;65;66;81;9;4,9;
2026/04/11;1400 UTC;;933,2;933,6;933,2;3528,9;28,4;20,7;28,9;27,8;21,8;19,8;68;60;63;80;8,8;5;
2026/04/11;1500 UTC;;932,5;933,2;932,5;3679,8;29,2;20,7;29,4;28,1;22,2;20,3;66;60;60;89;8,1;3,4;
2026/04/11;1600 UTC;;931,5;932,5;931,5;3523;30,1;21,2;30,3;29;22,1;20;63;56;59;52;6,8;2,6;
2026/04/11;1700 UTC;;930,3;931,5;930,3;1953,2;30,1;21,1;30,7;28,7;21,9;20;66;56;58;76;5,9;1,9;
2026/04/11;1800 UTC;;929,2;930,3;929,2;2600,6;31,2;20,7;31,3;29,4;21,9;20,3;62;53;54;76;4,6;1,6;
2026/04/11;1900 UTC;;928,9;929,2;928,9;808,1;28,3;21,7;31,3;28,3;21,7;19,9;67;53;67;113;8;,4;
2026/04/11;2000 UTC;;929,5;929,7;928,9;212,3;24,9;21,5;28,3;24,9;22,2;21,3;84;67;81;294;5,3;2,7;
2026/04/11;2100 UTC;;930,5;930,5;929,4;37,7;23,1;21,9;25;22,8;22,2;21,3;95;81;93;262;7,3;1,8;
2026/04/11;2200 UTC;;931,4;931,5;930,4;;23,8;21,6;24,4;23,1;22,1;21;93;84;88;81;6;1,4;
2026/04/11;2300 UTC;;931,9;931,9;931,4;;22,4;21,8;23,8;22,4;22,2;21,3;97;88;97;196;4,2;2;
2026/04/12;0000 UTC;;933,1;933,1;931,9;;21,7;21,3;22,9;21,7;22,2;21,1;99;92;97;86;7;3,8;
2026/04/12;0100 UTC;;933,1;933,1;933;;21,9;21,7;22,3;21,7;22;21,3;100;97;99;44;6,3;4,3;
2026/04/12;0200 UTC;;933,2;933,4;933;;22,1;21,9;22,2;21,9;22;21,7;99;98;99;33;5,8;2,6;
2026/04/12;0300 UTC;;932,9;933,2;932,9;;22,1;22;22,1;21,9;22;21,7;100;98;99;29;3,2;1,7;
2026/04/12;0400 UTC;;932,3;932,9;932,3;;22,8;21,9;22,8;22,1;22,1;21,7;99;94;95;60;2,5;1,6;
2026/04/12;0500 UTC;;932;932,3;931,9;;22,4;21,9;22,8;22,1;21,9;21,6;98;93;97;37;2,9;2,1;
2026/04/12;0600 UTC;;931,6;932;931,6;;22,7;21,9;22,7;22,4;21,9;21,6;97;93;95;57;2,9;1,7;
2026/04/12;0700 UTC;;931,8;931,8;931,5;;22,5;21,6;23,1;22,5;21,9;21,6;95;92;94;122;3,4;,4;
2026/04/12;0800 UTC;;931,9;931,9;931,8;;22;21,5;22,5;22;21,6;21,4;97;94;97;154;3,2;1,5;
2026/04/12;0900 UTC;;932,5;932,5;931,8;;21,9;21,5;22,1;21,8;21,6;21,5;98;97;98;139;5,1;2,7;
2026/04/12;1000 UTC;;933,3;933,3;932,5;140,9;22;22;22;21,6;22;21,4;100;98;100;106;4,9;2,1;
2026/04/12;1100 UTC;;933,9;933,9;933,3;887,7;23,6;21,9;23,9;22;22,6;21,9;100;90;90;98;5,1;3,4;
2026/04/12;1200 UTC;;934,3;934,3;933,9;1557,1;25,6;22,8;25,6;23,3;23,1;21,8;94;84;85;92;7,1;4;
2026/04/12;1300 UTC;;934,4;934,5;934,3;2277,9;27,4;20,1;27,4;25,3;23;20,1;85;64;64;61;8,6;4,8;
2026/04/12;1400 UTC;;933,9;934,5;933,9;2776,9;27,7;19,8;28,2;26,7;20,4;19;66;59;62;83;8,6;4,1;
2026/04/12;1500 UTC;;933,1;933,9;933,1;2493;28;19,8;29;27,5;20,3;18,4;63;55;61;75;8,4;3,5;
2026/04/12;1600 UTC;;932,4;933,1;932,4;2905,1;28,3;19;29,4;28,1;20,6;18,6;61;53;57;63;7,2;2,7;
2026/04/12;1700 UTC;;931,4;932,4;931,4;2825,7;29,8;19,1;30;28,3;20,3;18,5;61;51;53;86;6,1;1,9;
2026/04/12;1800 UTC;;930,5;931,4;930,5;1798,7;28,9;18,4;30,3;28,7;20;18,1;59;49;53;99;5;3,2;
2026/04/12;1900 UTC;;929,9;930,5;929,9;1683,2;30,3;18,5;30,4;28,6;19,9;18,2;58;48;49;87;4,9;1,8;
2026/04/12;2000 UTC;;930;930;929,9;245,4;27,8;20,6;30,3;27,7;20,7;18,2;66;49;65;155;5,8;0;
2026/04/12;2100 UTC;;930,4;930,4;930;103,7;26,2;20;27,8;26,2;21,7;19,8;76;62;69;146;1;0;
2026/04/12;2200 UTC;;930,7;930,7;930,4;;25,9;19,8;27;25,9;21;18,4;73;61;69;162;2,2;0;
2026/04/12;2300 UTC;;931,4;931,4;930,7;;26,5;19,9;26,5;25,6;21,1;19,7;75;67;67;160;1,7;,7;
2026/04/13;0000 UTC;;932;932;931,4;;25,3;19,7;26,5;25,3;20;19,6;71;66;71;135;3,5;2,1;
2026/04/13;0100 UTC;;932,2;932,2;932;;25,1;19,6;25,5;24,9;19,8;19,3;72;69;72;123;3,9;2,6;
2026/04/13;0200 UTC;;932,1;932,3;932,1;;24,2;19,8;25,1;24,2;19,9;19,5;77;72;76;137;4;2,3;
2026/04/13;0300 UTC;;931,7;932,1;931,7;;24,3;18,6;24,6;24,2;19,9;18,6;76;71;71;124;3,5;2,4;
2026/04/13;0400 UTC;;931,4;931,7;931,4;;23,3;18,4;24,3;23,2;18,7;18,3;75;70;74;100;5;3,4;
2026/04/13;0500 UTC;;931;931,4;931;;22,2;18,4;23,3;22,2;18,5;18,2;79;74;79;89;4,9;3,4;
2026/04/13;0600 UTC;;930,6;931;930,6;;21,7;18,8;22,4;21,7;18,8;18,4;84;79;83;77;6;3,3;
2026/04/13;0700 UTC;;930,4;930,7;930,3;;21,8;19;22,1;21,6;19,1;18,8;85;83;84;89;5,4;3,3;
2026/04/13;0800 UTC;;930,6;930,6;930,4;;21,7;18,9;21,8;21,2;19,1;18,9;87;84;84;114;5;3,1;
2026/04/13;0900 UTC;;931,1;931,1;930,6;;21,9;19,1;21,9;21,7;19,1;18,9;85;83;84;102;6,9;4,8;
2026/04/13;1000 UTC;;931,8;931,8;931,1;167,1;22,2;19,6;22,4;21,5;19,7;19;87;84;85;97;7,4;5,5;
2026/04/13;1100 UTC;;932,4;932,4;931,8;990;23,8;20,1;23,8;22,2;20,2;19,7;86;80;80;110;10,7;7,1;
2026/04/13;1200 UTC;;932,8;932,8;932,3;1683,7;25,2;21,1;25,3;23,6;21,2;20;82;76;78;115;10,7;4,6;
2026/04/13;1300 UTC;;933,3;933,3;932,8;2595,4;27,1;21,1;27,2;25,1;21,3;20,4;78;69;70;105;8,8;4,8;
2026/04/13;1400 UTC;;933,1;933,4;933,1;3072,4;28;20,3;28,6;26,7;21,4;20,1;71;62;63;111;9;5,2;
2026/04/13;1500 UTC;;932,3;933,2;932,3;3387,9;28,8;20,7;29;28;21,5;20,2;65;60;62;148;8,4;3,6;
2026/04/13;1600 UTC;;931,4;932,3;931,4;3131,2;28,6;19,7;30;28,6;21,6;19,3;62;54;59;141;7,5;3,2;
2026/04/13;1700 UTC;;930,4;931,4;930,4;3164,2;30,2;19,7;30,7;28,5;21,1;18,6;60;51;53;130;5,9;2,6;
2026/04/13;1800 UTC;;929,5;930,4;929,5;2579,6;30,3;20,1;30,6;29,4;21,3;19,2;60;53;54;136;5,8;2,8;
2026/04/13;1900 UTC;;929,2;929,5;929,1;1410,1;29;20,7;30,7;27,8;21,7;18,6;67;49;61;197;5,1;1,4;
2026/04/13;2000 UTC;;929;929,3;929;1123;28;20,9;29,6;28;21,3;19,7;66;56;65;183;6,7;3,8;
2026/04/13;2100 UTC;;929,2;929,2;928,9;246,3;26;20,6;28;26;21,3;20,3;72;65;72;207;6,7;1,9;
2026/04/13;2200 UTC;;929,3;929,4;929,2;;24,8;20;26,1;24,7;20,6;20;75;71;75;198;4,1;1,8;
2026/04/13;2300 UTC;;929,8;929,8;929,3;;24,8;19,9;24,9;24,7;20,1;19,8;75;73;74;189;3;1,9;
2026/04/14;0000 UTC;;;;;;24,5;20,3;24,9;24,5;20,3;;78;74;78;;;;
2026/04/14;0100 UTC;;930,6;930,6;930,2;;24,5;20,3;24,5;24,1;20,4;20,3;79;77;78;133;4,6;2,5;
2026/04/14;0200 UTC;;930,8;930,8;930,5;;23,9;20,4;24,5;23,8;20,4;20,2;81;78;81;128;4,8;2,9;
2026/04/14;0300 UTC;;930,9;931;930,8;;23,7;20,5;23,9;23,3;20,6;20,4;84;81;82;125;4,6;2,3;
2026/04/14;0400 UTC;;930,5;930,9;930,5;;23,5;20,2;23,7;23,3;20,5;20,2;84;82;82;105;4,8;3,3;
2026/04/14;0500 UTC;;930,2;930,5;930,2;;23,5;20,1;23,9;23,3;20,3;20;83;79;81;98;6;4,2;
2026/04/14;0600 UTC;;929,7;930,2;929,7;;22,9;20;23,5;22,9;20,2;20;84;81;84;99;7,5;5,2;
2026/04/14;0700 UTC;;929,7;929,8;929,7;;22,7;19,7;23,1;22,6;20;19,7;84;82;83;103;8,2;4,7;
2026/04/14;0800 UTC;;929,8;929,8;929,6;;22,1;19,5;22,8;22,1;19,7;19,4;85;82;85;102;8,6;5,1;
2026/04/14;0900 UTC;;929,8;929,8;929,7;;21,9;19,3;22,1;21,9;19,5;19,3;85;84;85;103;9,5;6,2;
2026/04/14;1000 UTC;;930,4;930,4;929,8;187,7;22,3;19,6;22,3;21,6;19,6;19,2;86;84;85;93;9,5;5,6;
2026/04/14;1100 UTC;;930,9;930,9;930,4;960,2;23,6;20,2;23,6;22,2;20,4;19,5;85;81;81;94;8,6;5,9;
2026/04/14;1200 UTC;;931,3;931,3;930,9;1759,2;25,3;20,7;25,6;23,5;21,1;20,1;82;74;76;91;9,6;6,5;
2026/04/14;1300 UTC;;931,3;931,4;931,2;1350,5;26,8;20,6;26,8;25,3;21,3;20,4;77;69;69;93;9,9;6;
2026/04/14;1400 UTC;;930,8;931,4;930,8;2657,7;28,2;20,5;28,4;26,7;21,3;20,2;70;62;63;97;9,6;4,4;
2026/04/14;1500 UTC;;929,9;930,8;929,9;3273,1;29;21,2;29,3;27,7;21,8;20,2;67;60;63;92;8,1;3,7;
2026/04/14;1600 UTC;;929;929,9;929;2639,8;29,9;20,9;30,2;28;21,8;19,5;65;56;58;116;6,5;2,2;
2026/04/14;1700 UTC;;928,4;929;928,4;1367,8;30,6;21,3;30,6;28,5;21,3;19,7;63;55;57;171;4,8;,9;
2026/04/14;1800 UTC;;927,8;928,4;927,8;1502,6;28,4;22,2;30,9;26,8;22,7;19,6;78;52;69;272;3,9;1,9;
2026/04/14;1900 UTC;;927,5;927,8;927,4;1258,4;29;21,9;29,1;27,5;22,4;21,1;73;66;66;247;4;2,8;
2026/04/14;2000 UTC;;927,6;927,7;927,5;1163,7;28,7;21,5;29,1;28,2;23;21,1;71;62;65;220;4,7;1,8;
2026/04/14;2100 UTC;;927,8;927,8;927,6;365;27;21,5;28,7;27;21,7;20,9;72;63;72;230;3,3;1,4;
2026/04/14;2200 UTC;;928,3;928,3;927,7;;25,9;21,4;27;25,9;21,8;20,9;77;71;76;164;5,5;1,4;
2026/04/14;2300 UTC;;928,8;928,8;928,3;;23,8;21;25,9;23,8;21,3;20,8;85;76;84;102;6,8;3,8;
2026/04/15;0000 UTC;;929,7;929,7;928,8;;23,5;20,3;23,8;23;21;19,9;85;81;82;85;7,4;3,5;
2026/04/15;0100 UTC;;930,3;930,3;929,7;;23,9;20,3;24;23,5;20,5;20,2;83;79;81;89;5,3;3,6;
2026/04/15;0200 UTC;;930,2;930,3;930,1;;22,4;20,7;23,9;22,3;20,9;20,2;91;81;90;121;8,3;4,8;
2026/04/15;0300 UTC;;930;930,2;930;;22,4;20,5;22,5;22,2;21,1;20,5;93;89;89;125;8,3;4,6;
2026/04/15;0400 UTC;;929,6;930;929,6;;22,1;20,1;22,4;21,7;20,5;19,9;91;88;88;118;9;4,7;
2026/04/15;0500 UTC;;929;929,6;929;;22,5;20,6;23,1;22,1;20,7;20,1;90;86;89;57;7,8;2;
2026/04/15;0600 UTC;;928,9;929;928,9;;22;21;22,5;21,6;21;20,4;95;89;94;36;4,2;,3;
2026/04/15;0700 UTC;;929,2;929,2;928,7;;22,7;21,1;22,7;22;21,2;21;94;91;91;105;2,4;1;
2026/04/15;0800 UTC;;929,6;929,7;929,2;;21,6;21,1;22,8;21,3;21,1;20,2;97;88;97;80;8,5;4,6;
2026/04/15;0900 UTC;;930;930;929,6;;21,9;21,1;22,1;21,6;21,4;21,1;98;95;95;91;7,6;3;
2026/04/15;1000 UTC;;930,5;930,5;930;34,2;22,1;20,7;22,2;21,9;21,2;20,7;96;92;92;103;6,2;4,5;
2026/04/15;1100 UTC;;930,9;930,9;930,5;285,6;23;20,5;23;22,1;20,9;20,5;93;86;86;72;6,2;3,5;
2026/04/15;1200 UTC;;931,3;931,3;930,9;1584,6;25,5;20,5;25,7;23;22,1;20,5;87;73;74;60;8,6;5,2;
2026/04/15;1300 UTC;;931,4;931,6;931,2;2647,5;26,9;19,7;27,6;25,4;21,3;19,7;76;65;65;50;9,4;5,4;
2026/04/15;1400 UTC;;931,1;931,5;931,1;3143,4;28;20,1;28,3;26,8;20,8;19,4;67;60;62;50;9,4;4,9;
2026/04/15;1500 UTC;;930,8;931,1;930,8;3277,5;28,3;20,2;29,3;27,8;21;19,6;64;57;61;79;7,6;3,4;
2026/04/15;1600 UTC;;930,2;930,8;930,2;3068,4;29,7;21,4;29,7;28,3;21,4;19,3;63;55;61;79;7;1,3;
2026/04/15;1700 UTC;;929,6;930,2;929,6;1607,2;29,5;20,4;30;28,6;21,3;19,5;63;55;58;135;4,3;,4;
2026/04/15;1800 UTC;;929;929,6;929;2220,9;29,2;19,8;30,7;29,2;21,1;19,1;59;52;57;114;4,4;1;
2026/04/15;1900 UTC;;928,2;929;928,1;1643,7;30,1;19,7;31;29,1;20,6;18,8;60;50;54;220;3;,9;
2026/04/15;2000 UTC;;928,3;928,4;928,2;1183,8;28,9;21,6;30,2;28,9;21,8;20;65;54;65;234;4,1;2,6;
2026/04/15;2100 UTC;;928,2;928,4;928,2;271;26,9;21,7;28,9;26,9;22;21,2;74;64;73;229;4,1;2,3;
2026/04/15;2200 UTC;;928,5;928,5;928,2;;26,2;21,8;26,9;26,1;22,1;21,7;78;73;77;195;3,5;,6;
2026/04/15;2300 UTC;;928,9;928,9;928,4;;25,7;21,6;26,3;25,6;21,8;21,4;78;76;78;181;2,3;,6;
2026/04/16;0000 UTC;;929,7;929,7;928,9;;25,5;22,1;25,8;25,5;22,1;21,6;82;78;82;110;2;,1;
2026/04/16;0100 UTC;;930,1;930,2;929,7;;24,9;22;25,5;24,5;22,2;21,9;86;82;84;101;2,7;1,8;
2026/04/16;0200 UTC;;930,6;930,6;930,1;;22,9;21;25,1;22,8;21,9;20,9;91;81;89;128;9,4;4,8;
2026/04/16;0300 UTC;;930,4;930,7;930,3;;24,5;20,8;24,5;22,6;21,1;20,6;89;80;80;78;7,4;1,4;
2026/04/16;0400 UTC;;930;930,4;930;;22,8;20,7;24,5;22,8;20,9;20,5;88;80;88;283;3,1;1,1;
2026/04/16;0500 UTC;;929,4;930;929,4;;23,1;20,7;23,8;22,5;20,9;20;90;80;86;225;3;,1;
2026/04/16;0600 UTC;;929,1;929,4;929,1;;23,8;20,2;23,9;23;21,1;20;88;79;80;295;1,8;0;
2026/04/16;0700 UTC;;929,3;929,3;929,1;;21,9;20,8;23,8;21,9;21,3;20,1;93;80;93;194;2,7;1,8;
2026/04/16;0800 UTC;;929,6;929,6;929,3;;22,2;21,1;22,2;21,8;21,1;20,8;94;93;93;137;2,7;,2;
2026/04/16;0900 UTC;;930,2;930,3;929,6;;21,1;20,6;22,5;21;21,1;20,4;97;91;97;168;5,2;2,8;
2026/04/16;1000 UTC;;931,1;931,1;930,2;38;21,3;20,7;21,3;21,1;20,7;20,5;97;96;97;121;5,8;3,3;
2026/04/16;1100 UTC;;931,5;931,6;931,1;283,4;22,2;20,9;22,2;21,3;21,1;20,7;97;92;92;122;6,2;3,4;
2026/04/16;1200 UTC;;931,9;931,9;931,4;1181,4;23,3;21,4;23,5;22,2;21,5;20,9;93;88;89;127;6,2;3,2;
2026/04/16;1300 UTC;;932;932,1;931,9;1620,3;25,1;21,3;25,3;23,3;22,4;21,1;90;79;79;95;5,1;3,5;
2026/04/16;1400 UTC;;931,5;932;931,5;1592,1;26;21,6;26,1;24,9;22;20,9;82;75;77;117;5,4;2,4;
2026/04/16;1500 UTC;;930,6;931,5;930,6;2655,2;27,1;21,2;28,1;25,9;22,5;20,8;78;69;70;131;4,5;1,4;
2026/04/16;1600 UTC;;929,8;930,6;929,7;1566,8;24,6;21,8;27,2;24,3;22,5;20,9;85;70;84;276;6,7;3,8;
2026/04/16;1700 UTC;;928,4;929,7;928,4;1566,8;26,3;21,2;26,4;24,1;21,9;21;86;73;73;229;5,9;2;
2026/04/16;1800 UTC;;927,9;928,4;927,9;1733,4;27,7;21,2;28,1;26,1;22;20,4;76;65;68;292;3,7;1,9;
2026/04/16;1900 UTC;;927,3;927,9;927,3;1670,9;27,9;22,5;28,5;26,9;22,6;21,1;75;66;73;323;5,5;1,8;
2026/04/16;2000 UTC;;927;927,4;927;1039,5;26;21,8;28;26;22,5;21;78;68;78;259;5,2;1,8;
2026/04/16;2100 UTC;;927,1;927,1;927;223,9;24,8;22,1;25,9;24,8;22,3;21,7;85;77;85;200;2,6;1,4;
2026/04/16;2200 UTC;;927,5;927,5;927,1;;23,7;21,5;24,8;23,7;22,2;21,3;88;84;87;245;2,4;0;
2026/04/16;2300 UTC;;928,2;928,2;927,5;;23,7;22,3;24,3;23,1;22,3;21;92;82;91;215;2,4;0;
2026/04/17;0000 UTC;;929;929;928,2;;23,9;21,5;24,5;23,8;22;21,2;91;83;86;134;1,4;0;
2026/04/17;0100 UTC;;929,5;929,5;929;;23,6;21,6;24,1;23,6;21,6;21,1;89;84;89;104;2,1;,4;
2026/04/17;0200 UTC;;929,6;929,6;929,3;;23,8;21,2;24;23,6;21,9;21,1;90;84;85;92;3,4;1,7;
2026/04/17;0300 UTC;;929,2;929,7;929,2;;23,8;21;24,1;23,6;21,1;20,6;85;81;85;108;2,6;1,3;
2026/04/17;0400 UTC;;928,7;929,2;928,7;;23,5;21,7;23,8;23,3;21,7;20,9;90;84;89;95;2,4;1,2;
2026/04/17;0500 UTC;;928,1;928,7;928,1;;24,2;21,2;24,2;23,4;21,7;21;89;83;83;106;3,2;1,9;
2026/04/17;0600 UTC;;928;928,1;928;;22,7;21,5;24,2;22,5;21,5;21,1;93;83;92;232;3,9;2,1;
2026/04/17;0700 UTC;;928,1;928,2;928;;21,6;21,1;22,8;21,6;21,4;21;97;92;97;175;3;1,3;
2026/04/17;0800 UTC;;928,1;928,3;928;;21,4;21;21,7;21,4;21,1;20,9;97;96;97;204;4,9;2,6;
2026/04/17;0900 UTC;;928,6;928,6;928,1;;21,3;20,9;21,4;21,2;21;20,8;98;97;98;163;3,6;2;
2026/04/17;1000 UTC;;929,2;929,2;928,6;204,1;22,2;20,7;22,2;21,3;21;20,6;98;91;91;160;4,5;2,3;
2026/04/17;1100 UTC;;930;930;929,2;1010,1;22,6;20,9;23,8;22,1;21,6;20,6;91;87;90;131;6,8;3,9;
2026/04/17;1200 UTC;;930,7;930,7;930;1765,8;24,9;22,1;24,9;22,4;22,1;20,8;91;82;85;135;7,1;3,7;
2026/04/17;1300 UTC;;930,8;930,9;930,7;2453,4;26;22,3;26;24,5;22,3;21,3;85;78;80;128;6,5;3,1;
2026/04/17;1400 UTC;;930,2;930,8;930,2;2734,7;26,5;21,7;27,6;25,6;22,7;21,3;80;73;75;159;5,3;2,2;
2026/04/17;1500 UTC;;929,4;930,2;929,4;2195,6;28,5;21,8;28,7;26,2;22,4;20,8;76;64;67;163;4,7;1,6;
2026/04/17;1600 UTC;;928,4;929,4;928,4;1586,2;27,2;22,4;28,5;27,1;22,8;20,8;76;66;75;240;4,4;2,5;
2026/04/17;1700 UTC;;927,6;928,4;927,5;1217,4;24,2;21,9;28,4;23,8;23;21,4;89;71;87;208;7,8;4,9;
2026/04/17;1800 UTC;;926,5;927,6;926,5;1008,3;24,2;22,2;25,2;23,7;23,1;21,5;92;85;88;188;7,8;2,5;
2026/04/17;1900 UTC;;926,3;926,6;926,2;2062,4;26,1;22,6;26,9;24,2;23,4;21,6;89;77;81;170;5,2;2,6;
2026/04/17;2000 UTC;;926,6;926,6;926,3;1241,9;26,8;23,3;26,8;25,4;23,3;21,8;82;79;81;208;5,1;2;
2026/04/17;2100 UTC;;926,6;926,9;926,5;138,9;25;22,9;26,8;25;23,3;22,8;88;80;88;201;3,2;1,2;
2026/04/17;2200 UTC;;927,2;927,2;926,5;;24;22,2;25,1;24;22,9;22;90;84;90;123;7,5;3,6;
2026/04/17;2300 UTC;;927,9;927,9;927,2;;23,1;20,8;24;23;22,3;20,7;92;84;87;122;7,5;2,5;
2026/04/18;0000 UTC;;928,4;928,4;927,9;;23,5;20,6;23,5;23,1;20,8;20,2;87;83;84;165;4,2;,5;
2026/04/18;0100 UTC;;929,3;929,3;928,4;;23,8;20,4;24,2;23,5;20,8;20,1;84;78;81;121;3;1,7;
2026/04/18;0200 UTC;;929,4;929,5;929,3;;24,3;20;24,4;23,7;20,4;19,9;82;76;77;106;3;1,2;
2026/04/18;0300 UTC;;929,3;929,5;929,3;;22,7;20,7;24,4;22,7;20,8;19,9;88;77;88;41;3,7;2,1;
2026/04/18;0400 UTC;;928,7;929,3;928,7;;23,1;20,9;23,2;22,7;20,9;20,5;88;86;87;55;3,4;,7;
2026/04/18;0500 UTC;;928,2;928,7;928,2;;23,2;20,7;23,2;23;20,9;20,6;87;86;86;51;2,6;,9;
2026/04/18;0600 UTC;;927,8;928,2;927,8;;23,5;20,7;23,6;22,8;21;20,3;87;83;84;141;2,1;0;
2026/04/18;0700 UTC;;927,4;927,8;927,4;;23,2;20,8;23,8;23,1;20,8;20,2;86;81;86;138;1;0;
2026/04/18;0800 UTC;;927,3;927,4;927,3;;23,5;20,8;23,6;23,1;20,9;20,1;87;82;85;167;1,1;0;
2026/04/18;0900 UTC;;927,8;927,8;927,3;;23;20,8;23,8;22,4;20,8;20;88;80;87;154;1,6;,1;
2026/04/18;1000 UTC;;928,7;928,7;927,8;41,4;23,6;20,5;23,6;23;20,8;20,3;87;82;83;175;1,9;0;
2026/04/18;1100 UTC;;929,2;929,2;928,7;215,4;23,7;21,3;23,8;23,3;21,5;20,4;89;83;86;165;1,5;,1;
2026/04/18;1200 UTC;;929,8;929,8;929,2;1022,4;25,6;21,7;25,6;23,7;22,2;21,3;87;78;79;146;2,5;,9;
2026/04/18;1300 UTC;;930,5;930,5;929,8;1260,3;26,1;21,8;26,2;25,6;22,3;21,2;80;76;77;137;3,1;1,2;
2026/04/18;1400 UTC;;930;930,6;930;2336,3;27,7;21,6;28,4;26,1;22,3;21,3;79;67;70;174;4,4;2,1;
2026/04/18;1500 UTC;;928,8;930;928,8;2888,2;28,2;22,3;28,5;27;23,1;21,4;78;67;70;195;5,2;1,7;
2026/04/18;1600 UTC;;928;928,9;927,9;857,5;24,8;21,3;28,4;24,7;23,1;20,7;81;68;81;3;6,5;2,9;
2026/04/18;1700 UTC;;926,9;928;926,9;1489;25,6;22;26,1;24;22,4;20,8;84;76;80;252;6,7;1;
2026/04/18;1800 UTC;;926;926,9;926;2246;28,7;22;28,9;25,5;22,4;20,7;82;63;67;28;3,7;1,2;
2026/04/18;1900 UTC;;925,5;926;925,4;1499,9;28,3;22,2;29,3;28,3;22,2;20,4;70;61;70;44;4,4;,6;
2026/04/18;2000 UTC;;926;926;925,4;315,9;26,4;22,7;28,4;26,4;22,9;21,2;80;66;80;249;3,2;1,6;
2026/04/18;2100 UTC;;926,6;926,6;925,9;30,4;25,6;22,4;26,4;25,6;22,7;22,2;83;79;82;236;3,6;2,7;
2026/04/18;2200 UTC;;927,6;927,6;926,6;;22,8;21,8;25,8;22,8;22,5;21,5;94;79;94;164;7,6;2;
2026/04/18;2300 UTC;;928,9;;;;20,7;21,3;23,1;20,2;22,5;19,9;;93;;;;;
2026/04/19;0000 UTC;;928,8;929,1;928,8;;21,2;21,6;21,3;20,7;22;21,4;;;;182;4,3;1,4;
2026/04/19;0100 UTC;;929,4;929,4;928,8;;21,4;21,5;21,4;21,2;21,6;21,3;;;;260;4,1;,5;
2026/04/19;0200 UTC;;929,5;929,5;929,2;;21,7;21,8;21,7;21,4;21,9;21,5;;;;63;2,3;,6;
2026/04/19;0300 UTC;;929,6;929,7;929,5;;21,5;21,7;21,7;21,4;21,8;21,5;;100;;153;2;,2;
2026/04/19;0400 UTC;;929,1;929,6;929;0;21,9;21,1;22,2;21,5;22;21,1;;94;95;88;4,1;3,2;
2026/04/19;0500 UTC;;929,1;929,3;929;;21,3;21;21,9;20,9;21,5;21;;95;98;52;6,1;2,5;
2026/04/19;0600 UTC;;928,8;929,1;928,8;;21,2;20,8;21,6;21,2;21,2;20,8;98;97;98;11;3,8;,6;
2026/04/19;0700 UTC;;928,5;928,9;928,5;;21;21;21,4;21;21,2;20,8;100;98;100;279;3;1,9;
2026/04/19;0800 UTC;;928,8;928,8;928,4;;20,8;20,6;21,1;20,8;21;20,6;100;99;99;308;2,8;,6;
2026/04/19;0900 UTC;;929,2;929,2;928,7;;20,9;20,5;21;20,8;20,7;20,5;99;97;97;320;3,2;,8;
2026/04/19;1000 UTC;;930,4;930,4;929,2;90;21,3;20,8;21,3;20,9;20,9;20,5;98;97;97;78;2,9;,2;
2026/04/19;1100 UTC;;931,1;931,1;930,4;270,7;21,5;21;21,6;21,3;21,2;20,8;98;97;97;42;3,3;2,4;
2026/04/19;1200 UTC;;931,6;931,7;931,1;788,7;22;21,6;22,1;21,4;21,7;20,9;98;97;98;36;4,7;3,6;
2026/04/19;1300 UTC;;932,2;932,2;931,6;1209,2;23,8;21,5;23,9;22;22;21;98;85;87;75;4,7;2,5;
2026/04/19;1400 UTC;;931,7;932,2;931,7;1769,8;24,7;21,8;24,9;23,6;22,4;21;88;82;84;97;6,1;3,8;
2026/04/19;1500 UTC;;931,3;931,8;931,3;1501;24,8;22,1;25,2;24,4;22,4;21,7;87;82;85;112;5,8;3,1;
2026/04/19;1600 UTC;;930,3;931,3;930,3;2620,4;26,9;21;27,6;24,6;22,2;20,4;85;68;70;120;4,6;2;
2026/04/19;1700 UTC;;929,4;930,3;929,4;3433,4;27,8;21,7;28,1;26,7;21,7;19,7;72;65;70;176;4,9;2,5;
2026/04/19;1800 UTC;;928,7;929,4;928,7;2865,3;27,4;21,4;28,8;27;21,8;19,3;71;61;70;148;5,1;2,2;
2026/04/19;1900 UTC;;928,3;928,8;928,3;1879,2;26,3;21,3;28,1;25,2;22;20,4;77;65;74;115;8,1;3,4;
2026/04/19;2000 UTC;;928,4;928,4;928,2;1163,1;26,3;20,8;26,8;26;21,9;20,7;75;71;72;88;6,9;2,7;
2026/04/19;2100 UTC;;928,9;928,9;928,4;302,4;24,8;20,5;26,4;24,8;20,7;19,5;78;66;77;112;4;1,1;
2026/04/19;2200 UTC;;929,5;929,5;928,9;;24,3;20,7;24,8;23,5;20,9;20,3;84;77;80;73;2,2;,8;
2026/04/19;2300 UTC;;930,1;930,1;929,5;;22,6;21,2;24,4;22,6;21,4;20,7;92;80;92;11;3,7;2,3;
2026/04/20;0000 UTC;;930,8;930,8;930,1;;22,5;21,2;22,6;22,3;21,2;21;92;92;92;13;4,3;2,5;
2026/04/20;0100 UTC;;931,3;931,3;930,8;;22,6;21,7;22,7;22,5;21,7;21,1;95;92;95;30;4,5;2,8;
2026/04/20;0200 UTC;;931,4;931,4;931,3;;22,3;21,7;22,6;22,2;21,8;21,5;97;95;97;17;3,8;1,9;
2026/04/20;0300 UTC;;931,6;931,7;931,4;;22,4;21,6;22,4;22,2;21,8;21,6;97;96;96;21;3;2,1;
2026/04/20;0400 UTC;;931,2;931,6;931,2;;21,7;21,3;22,4;21,7;21,7;21,3;98;96;98;24;3,5;2,4;
2026/04/20;0500 UTC;;931;931,2;931;;21,6;21,2;21,8;21,5;21,4;21,2;98;97;98;15;3,5;2,3;
2026/04/20;0600 UTC;;930,8;931;930,7;;21,3;21,2;21,7;21,2;21,3;21;99;97;99;24;3,3;2;
2026/04/20;0700 UTC;;930,8;930,8;930,7;;21,2;21,2;21,3;21;21,2;20,9;100;99;100;17;3,4;2,5;
2026/04/20;0800 UTC;;930,8;930,9;930,8;;20,7;20,8;21,2;20,6;21,2;20,6;;99;;30;3,3;2,1;
2026/04/20;0900 UTC;;931,4;931,4;930,8;;20,8;21,4;20,8;20,4;21,4;20,6;;;;23;3,8;2,7;
2026/04/20;1000 UTC;;932,1;932,1;931,4;87,9;21;21,6;21,2;20,8;21,8;21,4;;;;20;4,1;2,8;
2026/04/20;1100 UTC;;;;;;;;;;;;;;;;;;
2026/04/20;1200 UTC;;933;933;932,7;1249;23,5;;23,5;21,3;;;;;;219;2,1;,1;
2026/04/20;1300 UTC;;933,1;933,2;933;2383,1;25,5;22;25,7;23,5;25,2;21,9;;80;81;264;4,4;2,2;
2026/04/20;1400 UTC;;932,5;933,1;932,5;2123,7;26,6;22,3;26,6;24,7;22,7;20,9;87;76;77;230;5,2;2,2;
2026/04/20;1500 UTC;;931,9;932,5;931,9;2261,9;27;21,9;27,2;25,2;23;21,3;81;74;74;257;6,4;2,3;
2026/04/20;1600 UTC;;931,3;931,9;931,3;2701,3;27,7;22,3;27,9;26,2;22,7;21,4;77;70;72;241;6,6;3,6;
2026/04/20;1700 UTC;;930,3;931,3;930,3;2663,4;28,8;22,4;28,8;26,8;22,6;21;76;67;69;226;7;3,8;
2026/04/20;1800 UTC;;929,4;930,3;929,4;2674,8;28,1;21,9;29,2;27,7;22,5;21,4;71;65;69;235;7,7;4,1;
2026/04/20;1900 UTC;;929,1;929,4;929;1724,8;28;21,9;28,6;27,7;22,4;21,1;71;66;70;248;6,5;3,4;
2026/04/20;2000 UTC;;929,3;929,3;929,1;641,8;27,1;21,9;28,1;27,1;22,2;21,4;73;67;73;240;5,3;2,5;
2026/04/20;2100 UTC;;929,5;929,6;929,2;107,1;25,8;22;27,2;25,8;22,1;21,6;79;72;79;217;3,6;,6;
2026/04/20;2200 UTC;;930,5;930,5;929,5;;23,2;21;25,8;23,2;22,3;21;92;79;88;100;9,1;6,2;
2026/04/20;2300 UTC;;930,6;931;930,5;;21,4;20,5;23,2;21,4;21;20,4;94;87;94;131;12,9;2,8;
2026/04/21;0000 UTC;;930,3;930,8;930,2;;23;19,9;23,1;21,3;21;19,7;96;81;83;93;7,1;3,9;
2026/04/21;0100 UTC;;930,9;931;930,3;;22;20,5;23;21,2;20,8;19,5;96;81;91;73;5,9;2,4;
2026/04/21;0200 UTC;;931,1;931,1;930,9;;21,9;20,3;22,2;21,9;20,6;20,2;91;89;91;33;3,5;1,3;
2026/04/21;0300 UTC;;931,1;931,3;931,1;;23;19,7;23;21,9;20,4;19,7;91;82;82;34;3,8;,8;
2026/04/21;0400 UTC;;930,8;931,1;930,8;;22,8;19,8;23,2;22,5;20;19,5;85;81;83;53;2,9;,9;
2026/04/21;0500 UTC;;930,3;930,8;930,3;;22,3;19,6;22,9;22,2;20;19,4;86;82;84;25;2,9;1;
2026/04/21;0600 UTC;;930;930,3;930;;23,1;19,3;23,1;22,2;19,9;19,3;87;79;79;5;2,6;,3;
2026/04/21;0700 UTC;;930,2;930,2;930;;22,1;19,9;23,1;22,1;19,9;19,2;87;79;87;34;2,3;1,6;
2026/04/21;0800 UTC;;930,4;930,5;930,2;;22,8;19,8;22,8;21,7;20,1;19,7;89;83;83;60;2,3;,2;
2026/04/21;0900 UTC;;931;931;930,4;;22,8;19,9;23,1;22,4;20,1;19,5;85;81;84;219;2,2;,1;
2026/04/21;1000 UTC;;931,9;931,9;931;201,4;24,2;20,1;24,3;21,9;20,5;19,6;89;77;78;152;2,5;,1;
2026/04/21;1100 UTC;;932,5;932,5;931,9;652,3;24,3;20,8;25,1;24,2;21;20;82;76;81;155;2,6;1,2;
2026/04/21;1200 UTC;;933,3;933,3;932,5;1210;25,2;21;25,3;24,3;21,4;20,6;82;77;77;136;5,1;3;
2026/04/21;1300 UTC;;933,5;933,6;933,3;2443;27,1;21,2;27,2;25,2;21,9;20,3;78;67;70;109;5,7;3,5;
2026/04/21;1400 UTC;;933;933,6;933;3031;28,4;21,8;28,5;26,6;22,3;20,3;73;65;67;122;7,3;3,1;
2026/04/21;1500 UTC;;932,1;933;932,1;2840,3;28,6;21,7;28,9;27,2;21,9;20,5;70;62;66;105;6,4;2,7;
2026/04/21;1600 UTC;;931,4;932,1;931,3;3039,9;28,9;20,2;29,7;28,4;21,2;19,6;66;56;59;91;9;4,4;
2026/04/21;1700 UTC;;930,5;931,4;930,5;2915,3;29,8;19;30,3;28,4;21;18,7;64;51;52;115;9;3;
2026/04/21;1800 UTC;;929,7;930,5;929,7;2711,8;30,3;18,8;30,4;29,7;20,3;18,3;56;49;50;101;7,1;3,7;
2026/04/21;1900 UTC;;929,7;929,8;929,5;1975;29,9;18,7;30,5;29,9;19,7;18,2;54;49;51;112;7,5;3,7;
2026/04/21;2000 UTC;;929,6;929,7;929,6;1060,3;29,3;18,8;30,1;29,3;19,5;17,8;54;48;53;119;6,2;2,4;
2026/04/21;2100 UTC;;929,7;929,8;929,6;66,5;25,2;20,3;29,3;25,2;20,4;18,6;74;53;74;8;3,8;,8;
2026/04/21;2200 UTC;;930,3;930,3;929,7;;25;20,1;25,2;24,3;20,6;20;78;74;74;14;3;1,4;
2026/04/21;2300 UTC;;931,3;931,3;930,3;;23,9;19,7;25,1;23,9;20,3;19,6;78;74;77;4;5,8;3,2;
2026/04/22;0000 UTC;;931,7;931,7;931,3;;22,6;19,9;23,9;22,6;19,9;19,5;85;77;85;22;5,9;3,1;
2026/04/22;0100 UTC;;932,2;932,2;931,7;;22,6;20;22,8;22,1;20,2;19,8;88;85;85;27;4,5;2,7;
2026/04/22;0200 UTC;;932;932,2;932;;22,4;20,1;22,8;21,8;20,2;19,9;89;84;87;39;3,9;3;
2026/04/22;0300 UTC;;931,9;932;931,8;;21,5;20,7;22,4;21,2;20,7;19,8;96;87;95;21;5,1;3;
2026/04/22;0400 UTC;;931,5;931,9;931,5;;21;20,5;21,5;20,9;20,7;20,4;97;95;97;29;4,8;2,8;
2026/04/22;0500 UTC;;931,3;931,5;931,3;;20,9;20,2;21,4;20,8;20,6;20;97;95;96;38;3,7;2,4;
2026/04/22;0600 UTC;;931,3;931,3;931,2;;20,5;19,7;21;20,5;20,2;19,6;96;94;95;180;3;0;
2026/04/22;0700 UTC;;931,2;931,3;931,2;;20,9;20;20,9;20,1;20,2;19,4;97;95;95;40;1,9;1,4;
2026/04/22;0800 UTC;;931,7;931,7;931,2;;20,2;19,7;20,9;20,2;20;19,6;97;94;97;53;2,9;0;
2026/04/22;0900 UTC;;932,1;932,1;931,7;;20;19,6;20,4;20;20,1;19,6;99;97;97;126;2,3;1,9;
2026/04/22;1000 UTC;;932,9;932,9;932,1;122;21,8;18,9;21,8;20;19,6;18,8;97;84;84;145;2,3;,1;
2026/04/22;1100 UTC;;933,5;933,5;932,9;750,3;23,1;19,4;23,1;21,8;19,6;18,8;84;78;80;180;2,9;1,1;
2026/04/22;1200 UTC;;933,7;933,7;933,5;1269,4;24,7;20,2;24,9;23,1;20,9;19,1;82;76;76;91;4,6;3;
2026/04/22;1300 UTC;;933,8;934;933,7;2160,2;26,4;20,5;26,9;24,7;21;19,5;76;67;70;68;7,6;3,8;
2026/04/22;1400 UTC;;933,5;933,9;933,4;2594,7;28,3;18,3;28,4;26,4;21,1;17,9;70;54;55;56;7,5;4,6;
2026/04/22;1500 UTC;;932,6;933,5;932,6;3154,4;28,9;18,8;29,3;28,1;19,4;17,7;57;50;55;65;11,2;3,7;
2026/04/22;1600 UTC;;931,6;932,5;931,6;3143,1;29,6;18,1;29,6;28,4;19,5;17,7;57;50;50;105;7,6;3,9;
2026/04/22;1700 UTC;;930,8;931,6;930,7;2813,7;30;17,7;30,3;28,6;19,5;17,1;55;46;48;92;7,2;4;
2026/04/22;1800 UTC;;929,8;930,8;929,8;2637;30,3;18;30,6;29,6;19,1;16,4;52;44;48;98;7,5;3,7;
2026/04/22;1900 UTC;;929,5;929,8;929,4;1631,1;30;17,7;30,6;28,9;18,2;16,3;50;43;48;85;6,5;4,1;
2026/04/22;2000 UTC;;929,6;929,6;929,5;1092,7;29,3;17,9;30;29,3;17,9;16,6;50;44;50;110;6,9;2,6;
2026/04/22;2100 UTC;;930;930;929,6;201;27,4;18;29,3;27,4;18,4;17,2;57;50;57;147;3,6;,8;
2026/04/22;2200 UTC;;930,4;930,4;929,9;;26,2;18,2;27,4;26,1;18,6;18;62;56;61;144;3,2;1,8;
2026/04/22;2300 UTC;;931,2;931,2;930,4;;25,9;17,7;26,2;25,9;18,1;17,6;61;59;61;118;3;2,2;
2026/04/23;0000 UTC;;931,7;931,7;931,2;;25;17,6;25,9;25;17,8;17,6;64;61;63;107;3,6;2,7;
2026/04/23;0100 UTC;;931,8;931,8;931,7;;24,5;17,1;25,1;24,5;17,6;17,1;64;62;63;108;3,9;3,1;
2026/04/23;0200 UTC;;931,7;931,8;931,7;;24;17,2;24,5;23,9;17,2;17;66;63;66;107;3,9;3;
2026/04/23;0300 UTC;;931,8;931,9;931,7;;23;17,3;24,1;23;17,4;17,1;70;65;70;113;4,5;3,4;
2026/04/23;0400 UTC;;931,2;931,8;931,2;;23;17,4;23,2;22,9;17,4;17,3;71;70;71;116;5,4;4;
2026/04/23;0500 UTC;;931,1;931,2;931,1;;22,7;17,1;23,2;22,7;17,5;17,1;72;69;71;109;6,1;4;
2026/04/23;0600 UTC;;930,9;931,1;930,9;;22,8;16,5;23;22,6;17,1;16,5;71;68;68;110;7;4,9;
2026/04/23;0700 UTC;;930,7;930,9;930,5;;21,8;16,3;22,8;21,8;16,4;16,1;71;66;71;126;8,1;3,9;
2026/04/23;0800 UTC;;930,9;930,9;930,7;;21,3;16,1;21,8;21,1;16,3;16,1;74;71;72;108;6,5;4;
2026/04/23;0900 UTC;;931,1;931,1;930,9;;21,2;16;21,3;20,8;16,2;16;74;72;72;110;8;5,6;
2026/04/23;1000 UTC;;931,8;931,8;931,1;152,5;22,1;16,4;22,1;21,1;16,4;16;73;70;70;110;8,7;5,9;
2026/04/23;1100 UTC;;932,4;932,4;931,7;903,5;23,3;17,2;23,3;22,1;17,2;16,3;70;68;69;108;9;6,1;
2026/04/23;1200 UTC;;932,9;933;932,4;1780,9;24,7;18,1;24,7;23,3;18,4;17,2;69;66;67;96;10,6;7,2;
2026/04/23;1300 UTC;;933,2;933,2;932,9;2538,4;26,9;18,8;26,9;24,4;19,3;17,9;68;61;61;98;9,9;6,7;
2026/04/23;1400 UTC;;933,2;933,3;933,1;3100;28,2;18,4;28,3;26,8;19,8;18;63;54;55;99;11,1;7,1;
2026/04/23;1500 UTC;;932,6;933,2;932,6;3405,3;28,8;18,7;29,2;28,1;19,2;17,9;57;52;54;98;10,6;6,2;
2026/04/23;1600 UTC;;931,7;932,6;931,6;3405,9;29,7;18,7;29,9;28,8;19,1;17,5;55;48;52;99;9,5;5,4;
2026/04/23;1700 UTC;;930,6;931,6;930,6;3177,8;29,9;18,1;30,3;29,4;19;17,3;53;47;49;134;8,4;3,8;
2026/04/23;1800 UTC;;929,8;930,6;929,8;2479,1;30,4;18,1;30,6;29,4;19;17,4;52;46;48;101;6,6;3,1;
2026/04/23;1900 UTC;;929,2;929,8;929,2;1759,6;30,1;17,2;30,4;29,5;18,3;17;50;44;46;108;5,9;3,3;
2026/04/23;2000 UTC;;929,2;929,2;929;1061,3;29,2;18,8;30,2;29,2;19,3;17,2;55;46;54;140;5,7;2,5;
2026/04/23;2100 UTC;;929,4;929,4;929,2;209,1;27,6;19;29,2;27,6;19,4;18,4;59;54;59;113;4,7;1,7;
2026/04/23;2200 UTC;;929,8;929,8;929,4;;26;19,3;27,6;26;19,3;18,8;67;59;67;157;3,7;1,5;
2026/04/23;2300 UTC;;930,9;930,9;929,8;;26,1;18,6;26,8;25,9;19,3;18,6;67;61;63;118;3,9;2,2;
2026/04/24;0000 UTC;;931,6;931,6;930,9;;25,7;18,6;26,3;25,6;18,7;18,5;65;63;65;113;3,4;2,6;
2026/04/24;0100 UTC;;932,1;932,1;931,6;;24,9;18,7;25,7;24,9;18,8;18,6;69;65;69;111;3,9;2,8;
2026/04/24;0200 UTC;;932,1;932,2;932,1;;24,4;19;24,9;23,8;19;18,8;74;69;72;79;4;2,7;
2026/04/24;0300 UTC;;931,9;932,1;931,9;;24,3;19,4;24,6;24,2;19,6;18,9;75;71;74;65;3,8;1,4;
2026/04/24;0400 UTC;;931,4;932;931,4;;23,7;19,2;24,3;23,7;19,6;19,1;76;74;76;114;2,9;2,3;
2026/04/24;0500 UTC;;931;931,4;931;;23,4;19,5;23,7;23,4;19,5;19,2;78;76;78;102;3;2,2;
2026/04/24;0600 UTC;;930,7;931;930,7;;23,4;19,6;23,5;23,3;19,6;19,4;80;78;79;127;3,4;2,4;
2026/04/24;0700 UTC;;930,9;930,9;930,6;;23,5;19,6;23,6;23,4;19,6;19,5;79;78;79;128;4,3;2,4;
2026/04/24;0800 UTC;;931,2;931,2;930,9;;22,8;19,7;23,6;22,8;19,7;19,5;83;78;83;134;4,4;2,6;
2026/04/24;0900 UTC;;931,5;931,5;931,2;;22,5;19,6;23,1;22,4;19,8;19,6;84;81;84;107;5;3,3;
2026/04/24;1000 UTC;;932,3;932,3;931,5;80,6;22,1;19,7;22,6;22,1;19,8;19,6;86;84;86;86;5,6;2,9;
2026/04/24;1100 UTC;;933,2;933,3;932,3;771;24,6;20,2;24,6;22,1;20,3;19,7;86;76;76;92;5,7;3,3;
2026/04/24;1200 UTC;;933,8;933,8;933,2;1709;25,7;20,7;25,9;24,4;20,9;19,9;77;72;74;89;6,4;3,5;
2026/04/24;1300 UTC;;934,2;934,2;933,8;1419,5;26,6;20,5;27;25,1;21,1;20;76;68;69;100;7,9;5,1;
2026/04/24;1400 UTC;;933,9;934,2;933,9;2467,1;27;20,9;28;26,4;21,3;20,1;69;65;69;91;8,5;4,4;
2026/04/24;1500 UTC;;933,2;933,9;933,2;2525,1;26,9;20,6;28,2;26,6;21,2;20,2;69;64;68;113;8,4;5,6;
2026/04/24;1600 UTC;;932,3;933,2;932,3;1874,5;27,3;20,4;28,3;26,9;21,1;20,1;69;63;66;104;10,5;5,3;
2026/04/24;1700 UTC;;931,4;932,3;931,4;1836;28,1;19,9;28,8;27;21,2;19,9;68;60;61;105;8;4,6;
2026/04/24;1800 UTC;;930,6;931,4;930,6;1556,3;28,3;20,2;28,8;28,1;20,9;20;64;60;61;124;7,2;3,5;
2026/04/24;1900 UTC;;930,3;930,6;930,3;1237,7;29;20,7;29;28,3;20,8;20;63;60;61;109;6,5;2;
2026/04/24;2000 UTC;;930,6;930,6;930,3;823,3;27,6;20,6;29,1;27,6;21,5;19,7;68;57;66;149;5,1;1,8;
2026/04/24;2100 UTC;;930,7;930,7;930,6;231,2;26,5;20,5;27,7;26,5;21,3;20,3;70;65;70;121;2,9;1,7;
2026/04/24;2200 UTC;;931,1;931,1;930,7;;26;20;26,5;25,7;20,5;19,7;71;67;70;131;3,1;2;
2026/04/24;2300 UTC;;931,8;931,8;931,1;;25,3;19,9;26,2;25,3;19,9;19,1;72;65;72;123;4,4;2,3;
2026/04/25;0000 UTC;;932,6;932,6;931,8;;24,3;19,4;25,4;24,3;20;19,4;74;72;74;98;3,5;2,5;
2026/04/25;0100 UTC;;932,7;932,8;932,6;;23,8;18,4;24,5;23,8;19,4;18,4;74;71;72;78;4,8;2,8;
2026/04/25;0200 UTC;;932,6;932,7;932,6;;22,9;18,1;23,9;22,9;18,5;17,8;74;69;74;85;4,8;2,6;
2026/04/25;0300 UTC;;932,3;932,6;932,3;;22,6;17,8;22,9;22,3;18,1;17,8;77;74;75;88;3,7;2,9;
2026/04/25;0400 UTC;;931,8;932,3;931,8;;22,5;17,7;22,6;22,3;17,9;17,7;76;74;74;72;3,6;2,4;
2026/04/25;0500 UTC;;931,2;931,8;931,2;;22,7;17,9;22,7;22,3;18;17,7;75;74;75;69;4,6;2,8;
2026/04/25;0600 UTC;;931,1;931,2;931,1;;21,8;18;22,7;21,8;18;17,8;79;74;79;97;4,4;3,2;
2026/04/25;0700 UTC;;931;931,2;931;;22,4;17,8;22,4;21,6;18,1;17,8;80;75;75;97;5;3,6;
2026/04/25;0800 UTC;;931,1;931,1;930,9;;21,6;17,9;22,5;21,4;17,9;17,7;80;75;79;106;5;3,4;
2026/04/25;0900 UTC;;931,7;931,7;931,1;;21,3;17,8;21,7;21,2;17,9;17,8;81;79;81;103;4,6;2,9;
2026/04/25;1000 UTC;;932,4;932,4;931,7;151,1;22,6;18,6;22,6;21,2;18,6;17,8;81;78;78;97;6,5;4,4;
2026/04/25;1100 UTC;;933,2;933,2;932,4;896,4;24,2;19,6;24,2;22,6;19,7;18,6;78;74;76;96;6,7;4,5;
2026/04/25;1200 UTC;;933,5;933,5;933,2;1744,9;25,5;20,2;25,6;23,9;20,4;19,2;77;73;73;91;7,9;4,9;
2026/04/25;1300 UTC;;933,6;933,7;933,4;2479,7;27,4;20,5;27,4;25,2;21;20,1;74;66;66;87;8,3;4,8;
2026/04/25;1400 UTC;;933,2;933,7;933,2;3075,8;28,4;20,9;28,4;27;21,3;20,1;68;62;64;82;7,9;3,6;
2026/04/25;1500 UTC;;932,3;933,2;932,3;2693,1;27,5;20,3;29,2;27,5;21,3;20;66;59;65;122;7,5;2,5;
2026/04/25;1600 UTC;;931,2;932,3;931,2;2929,8;29,7;20,4;30,1;27,5;21,5;19,6;66;55;58;100;6;3,1;
2026/04/25;1700 UTC;;930,5;931,2;930,5;2014;29,6;20,2;30,5;28,4;21,5;19,7;61;56;57;129;5,7;2,8;
2026/04/25;1800 UTC;;929,7;930,5;929,7;2466,4;30;20,3;30,7;29,3;21;19,2;58;52;56;131;5,7;2,7;
2026/04/25;1900 UTC;;929,5;929,7;929,4;1838;29,2;20,9;30,6;29,1;21,1;18,9;62;51;61;198;5,2;3,2;
2026/04/25;2000 UTC;;929,5;929,5;929,4;580,3;28,7;21,4;29,4;27,8;21,8;21;68;61;65;216;5,2;2,6;
2026/04/25;2100 UTC;;929,7;929,7;929,5;185,6;26,7;21,4;28,8;26,7;21,8;21,3;73;64;72;209;4,1;1,1;
2026/04/25;2200 UTC;;930;930;929,6;;26,3;20,3;26,7;26,1;21,4;20,3;74;70;70;191;2,5;,6;
2026/04/25;2300 UTC;;931;931;930;;26,1;19,7;26,4;26,1;20,3;19,6;70;67;68;140;2;,7;
2026/04/26;0000 UTC;;931,8;931,8;931;;23,5;20,3;26,5;23,3;20,3;19,7;83;68;82;31;3,8;1,7;
2026/04/26;0100 UTC;;932,1;932,2;931,8;;24,8;20,5;25,2;23,5;20,8;20,3;82;75;77;53;2,6;1,8;
2026/04/26;0200 UTC;;932,1;932,1;932;;24,6;20;24,9;23,9;20,6;20;81;76;76;65;3,2;1,9;
2026/04/26;0300 UTC;;932,1;932,2;932;;24,4;19,7;24,8;24,1;20;19,6;77;73;75;51;3,9;2,7;
2026/04/26;0400 UTC;;931,8;932,2;931,8;;23,1;19,8;24,4;23;19,9;19,7;82;75;82;44;3,9;2,2;
2026/04/26;0500 UTC;;931,1;931,8;931,1;;22,4;19,3;23,1;22,2;19,8;19,3;85;82;83;24;3,5;2,7;
2026/04/26;0600 UTC;;930,9;931,2;930,9;;22,6;19,5;22,6;22;19,6;19,1;84;81;83;7;3,8;2,7;
2026/04/26;0700 UTC;;930,9;931;930,9;;21,6;19,4;22,7;21,6;19,5;19,3;88;82;88;21;3,8;2,7;
2026/04/26;0800 UTC;;931,1;931,1;930,9;;21,3;19,3;21,6;21,2;19,5;19,2;90;88;89;26;3,6;2,2;
2026/04/26;0900 UTC;;931,6;931,6;931;;21,6;19,5;21,8;21,3;19,6;19,3;89;87;88;21;4;2,5;
2026/04/26;1000 UTC;;932,2;932,2;931,6;161,9;23;19,8;23;21,5;20;19,5;89;82;82;49;4;2,2;
2026/04/26;1100 UTC;;932,8;932,8;932,2;892,4;25,4;19,9;25,5;23;20,4;19,8;82;71;71;72;4;1,1;
2026/04/26;1200 UTC;;933,3;933,3;932,8;1811,6;26,1;19,9;26,5;25,4;20,7;19,8;74;67;69;106;4,7;2,1;
2026/04/26;1300 UTC;;933,3;933,4;933,3;2478,8;27,5;20,6;27,9;26,1;21;19,8;70;63;66;38;4,6;2,5;
2026/04/26;1400 UTC;;932,8;933,4;932,8;2464,8;27,9;19,7;29,1;27,1;21,1;19,4;66;59;61;43;5,7;2,7;
2026/04/26;1500 UTC;;931,9;932,8;931,9;2516,1;29,2;19,9;29,5;27,5;20,6;18,7;63;55;57;91;5,7;1,2;
2026/04/26;1600 UTC;;930,8;931,9;930,8;2468,8;30,1;20,7;30,5;28,1;22,1;19,2;67;54;57;333;4,1;,9;
2026/04/26;1700 UTC;;930,1;930,8;930,1;2227,9;30,5;19,8;31;28,5;21,6;19,1;63;51;53;235;3,9;1,7;
2026/04/26;1800 UTC;;929,6;930,1;929,6;2025,5;30;20,9;31,1;28,7;21,6;20;65;53;58;231;6,4;3,1;
2026/04/26;1900 UTC;;929,5;929,6;929,4;1715,7;29,6;21,4;30,3;29,1;21,7;20,4;62;56;61;221;6,4;2,4;
2026/04/26;2000 UTC;;929,7;929,7;929,5;1043,8;29,2;21,4;30,1;29,2;21,7;20,7;63;59;63;224;4,9;1,7;
2026/04/26;2100 UTC;;930;930;929,7;201,8;27,5;21,2;29,2;27,5;21,4;21;69;62;69;233;2,9;2,1;
2026/04/26;2200 UTC;;930,2;930,2;929,9;;26,6;20,9;27,5;26,6;21,2;20,5;71;68;71;216;3,4;2,2;
2026/04/26;2300 UTC;;930,8;930,8;930,2;;26,1;20,9;26,6;26,1;21,1;20,8;74;71;73;176;2,8;,4;
2026/04/27;0000 UTC;;931,2;931,2;930,8;;25,7;20,4;26,1;25,7;20,9;20,3;73;71;72;164;2,2;,3;
2026/04/27;0100 UTC;;931,8;931,8;931,2;;25,3;21;25,7;25,2;21;20,3;77;72;77;119;2,8;1,3;
2026/04/27;0200 UTC;;931,9;932;931,8;;23,3;20,7;25,7;23,3;21,1;20,6;85;74;85;34;2,2;,9;
2026/04/27;0300 UTC;;932;932;931,9;;23,4;20,6;23,8;23,1;21;20,6;87;84;84;8;2,5;,9;
2026/04/27;0400 UTC;;931,8;932;931,8;;24;20,2;24,6;23,4;20,9;20,1;85;77;79;4;3,2;1,8;
2026/04/27;0500 UTC;;931,1;931,8;931,1;;23,6;19,8;24,3;23,5;20,3;19,7;80;76;79;352;4,1;1,8;
2026/04/27;0600 UTC;;930,7;931,1;930,7;;23,2;20;23,9;22,4;20,2;19,7;86;78;82;24;3,2;1,4;
2026/04/27;0700 UTC;;930,9;930,9;930,6;;23,3;19,8;23,5;22,8;20;19,7;83;80;81;23;2,4;,3;
2026/04/27;0800 UTC;;931,2;931,2;930,9;;23,3;19,8;23,5;23;20;19,7;83;80;81;333;3,2;1,4;
2026/04/27;0900 UTC;;931,9;931,9;931,2;;23,4;20,3;23,6;22,9;20,3;19,8;85;80;83;360;3,2;1;
2026/04/27;1000 UTC;;933,1;933,1;931,9;15,2;22,4;20,5;23,4;22,4;20,5;20,3;89;83;89;162;3,1;,8;
2026/04/27;1100 UTC;;933,9;933,9;933,1;167,3;22,2;21,4;22,4;21,8;21,4;20,5;96;89;95;197;2,8;,7;
2026/04/27;1200 UTC;;934,3;934,3;933,9;521;23,9;22,1;24,1;22,3;22,6;21,4;95;89;90;83;3,2;1,4;
2026/04/27;1300 UTC;;934,5;934,7;934,3;435;22,5;22;23,9;22,3;22;21,2;97;89;97;115;5,1;2,2;
2026/04/27;1400 UTC;;933,9;934,5;933,9;1275,9;24,1;21,9;24,2;22,5;22,5;21,7;97;88;88;115;4,5;2,9;
2026/04/27;1500 UTC;;932,6;933,9;932,6;1611,8;26,4;21,9;26,4;24,1;22,7;21,6;88;76;77;102;4,3;1;
2026/04/27;1600 UTC;;931,8;932,6;931,7;2283;28,7;22;28,7;26,4;22,6;21;78;64;67;328;3,9;,6;
2026/04/27;1700 UTC;;931,1;931,8;931;806,3;24,6;22,7;28,8;24,6;22,9;21;89;65;89;290;6,1;2,6;
2026/04/27;1800 UTC;;930,9;931,1;930,8;144,5;21,4;20,8;24,6;21,4;22,7;20,3;97;88;97;268;7,4;2,9;
2026/04/27;1900 UTC;;930,7;931;930,5;162,6;22;21,9;22;21;21,9;20,6;100;97;99;216;5,6;,8;
2026/04/27;2000 UTC;;930,9;931,2;930,6;82,6;21,3;20,5;22,3;21,3;22,1;20,5;99;93;95;202;6;3,1;
2026/04/27;2100 UTC;;931,2;931,2;930,9;41;21,9;20,8;22,1;21,3;20,8;20,5;96;92;93;197;5;2,4;
2026/04/27;2200 UTC;;931,9;931,9;931,2;,4;21,9;20,9;22,2;21,9;21,1;20,8;95;93;94;255;4,1;,9;
2026/04/27;2300 UTC;;932,2;932,2;931,8;;22,3;21,2;22,4;21,8;21,5;20,9;96;93;94;161;3,5;,3;
2026/04/28;0000 UTC;;932,5;932,5;932,2;;22,5;21,2;22,5;22;21,6;21,2;97;92;93;93;2,5;,7;
2026/04/28;0100 UTC;;933;933;932,5;;21,9;21,2;22,6;21,9;21,7;21;97;92;95;341;3;,7;
2026/04/28;0200 UTC;;933,2;933,2;933;;22,6;20,4;22,7;21,9;21,3;20,4;97;87;87;264;3;1;
2026/04/28;0300 UTC;;933,1;933,2;933,1;;22,3;20,7;22,7;22;21;20,3;93;86;91;299;2,5;,7;
2026/04/28;0400 UTC;;932,4;933,1;932,4;;22,6;20,2;22,7;22,3;21;20,2;91;86;86;268;2,4;2;
2026/04/28;0500 UTC;;931,7;932,4;931,7;;21,9;20,7;22,6;21,6;20,8;20,2;95;86;93;231;2,9;1,8;
2026/04/28;0600 UTC;;931,3;931,7;931,3;;21,4;20,4;22;21,4;20,7;20,3;94;92;94;181;2,4;1,1;
2026/04/28;0700 UTC;;931,3;931,4;931,2;;21,8;20,6;21,8;21,4;20,6;20,4;94;92;93;203;2;1,1;
2026/04/28;0800 UTC;;931,6;931,6;931,3;;22,3;20,7;22,3;21,7;21;20,5;94;91;91;194;1,9;0;
2026/04/28;0900 UTC;;931,8;931,8;931,5;;22,1;20,9;22,3;21,9;21,1;20,5;95;90;93;132;1,6;,1;
2026/04/28;1000 UTC;;932,6;932,6;931,8;152;23;20,7;23,1;21,8;21,2;20,7;95;87;87;99;1,7;,5;
2026/04/28;1100 UTC;;933,1;933,1;932,6;681;23,9;21,1;24,2;22,7;21,7;20,6;89;82;84;164;2,4;,9;
2026/04/28;1200 UTC;;934;934;933,1;888,5;25,1;22,3;25,1;23,3;22,9;20,7;91;82;85;146;3,8;1,6;
2026/04/28;1300 UTC;;934;934,1;934;2204,1;26,2;21,9;26,5;24,6;22,5;21;86;76;77;123;4,3;2,6;
2026/04/28;1400 UTC;;933,4;934,1;933,4;3101,2;27,4;21,2;28,2;26,2;22,6;20,7;79;67;69;55;5,4;2,5;
2026/04/28;1500 UTC;;932,8;933,5;932,8;2535,8;27,8;20,9;29,1;27;22,2;20,5;74;62;66;58;5,1;1,8;
2026/04/28;1600 UTC;;931,8;932,8;931,8;2317,4;28,7;21,4;29,3;27,5;22,2;20,6;69;61;65;44;5,2;0;
2026/04/28;1700 UTC;;930,8;931,8;930,8;1642,8;26,6;22,5;30;26,5;22,9;20,8;79;63;79;198;5,3;2,8;
2026/04/28;1800 UTC;;930;930,8;930;769,1;25,9;22,4;27,5;25,9;22,9;21,9;81;72;81;306;5,1;1;
2026/04/28;1900 UTC;;929,9;930,1;929,9;566,7;25,8;21,7;26,3;24,8;22,3;21;84;75;78;17;4,7;2,5;
2026/04/28;2000 UTC;;929,8;929,9;929,8;590,6;26,8;21,7;27;25,5;22,1;21,1;79;73;73;274;4,5;,3;
2026/04/28;2100 UTC;;930,2;930,3;929,8;103,3;25,2;22,2;26,8;25,2;22,4;21,5;84;72;84;242;2,2;1;
2026/04/28;2200 UTC;;930,5;930,5;930,1;;24,5;22,3;25,5;24,4;22,6;22,1;89;81;88;216;3,2;1,6;
2026/04/28;2300 UTC;;931,2;931,2;930,5;;25;20,6;25,3;24,4;22,3;20,5;88;75;77;207;3,2;0;
2026/04/29;0000 UTC;;932,1;932,1;931,2;;24,3;21,4;25,5;24,3;21,4;19,9;84;73;84;320;2,5;,9;
2026/04/29;0100 UTC;;932,2;932,3;932;;23,9;21,1;24,3;23,4;22,2;21,1;92;84;84;121;2,6;,1;
2026/04/29;0200 UTC;;932,3;932,3;932,2;;23,4;21;24,5;23,4;21,1;20,7;86;80;86;174;1,5;,1;
2026/04/29;0300 UTC;;932,4;932,5;932,3;;23,6;21,5;23,7;23;21,5;20,8;88;86;88;83;1,6;,2;
2026/04/29;0400 UTC;;931,9;932,5;931,9;;23,8;21,4;23,8;22,8;21,5;20,9;90;86;86;109;2,7;1,5;
2026/04/29;0500 UTC;;931,2;931,9;931,2;;23,2;21,1;24;23,2;21,3;20,9;88;84;88;150;2,7;,3;
2026/04/29;0600 UTC;;930,7;931,2;930,7;;23,4;21,1;24;23,1;21,6;21,1;89;85;87;111;2,8;1,9;
2026/04/29;0700 UTC;;930,6;930,8;930,6;;22,9;20,9;23,4;22,8;21,1;20,9;89;87;89;121;2,7;1,2;
2026/04/29;0800 UTC;;930,7;930,7;930,5;;22,6;19,8;23,1;22,1;21,1;19,6;92;82;84;89;2,6;,3;
2026/04/29;0900 UTC;;931;931;930,7;;22,8;19,2;22,9;22,3;19,8;19,2;84;80;81;114;2,8;2,1;
2026/04/29;1000 UTC;;931,7;931,7;931;139,9;23;19,8;23;21,7;19,8;19,2;87;81;82;141;3,7;2,3;
2026/04/29;1100 UTC;;932,4;932,4;931,7;874,8;25,1;21,6;25,2;23;21,6;19,7;82;79;81;108;5;3,2;
2026/04/29;1200 UTC;;932,6;932,7;932,3;1731;25,8;22;25,8;24,8;22,1;21,3;83;78;80;107;5,3;3,1;
2026/04/29;1300 UTC;;932,8;932,8;932,6;2439;27,1;20,6;27,4;25,7;22,3;20,2;80;66;68;100;7,3;4,8;
2026/04/29;1400 UTC;;932,4;932,8;932,4;2983,6;28,2;20,4;28,2;27;21,4;19,7;70;61;63;112;7,4;4,5;
2026/04/29;1500 UTC;;931,5;932,4;931,5;3388,3;28,8;19,9;29,3;28,1;21,2;19,4;64;56;59;108;8,2;3,5;
2026/04/29;1600 UTC;;930,8;931,5;930,8;3180,4;29,5;19,5;30,1;28,7;20,9;18,5;60;53;55;102;7,1;3,5;
2026/04/29;1700 UTC;;929,9;930,8;929,9;2949,6;29,4;19,5;30,5;28,9;20,6;18,9;60;52;55;109;7,1;3,5;
2026/04/29;1800 UTC;;929,2;929,9;929,2;2371,7;29,6;19,9;30,3;29,3;20,3;18,5;56;50;56;140;7,2;3;
2026/04/29;1900 UTC;;929,1;929,2;929,1;1769,4;30;19,4;30,1;29,3;20,4;18,3;57;50;53;158;5,3;2,2;
2026/04/29;2000 UTC;;929,3;929,4;929,1;992,2;28,8;19,2;30;28,8;19,7;18;57;49;56;181;4,4;2,1;
2026/04/29;2100 UTC;;929,5;929,5;929,3;170,5;26,9;20,2;28,8;26,9;20,4;19;67;56;67;205;3,9;1,5;
2026/04/29;2200 UTC;;929,6;929,6;929,5;;25,7;18,5;26,9;25,7;20,3;18,5;69;65;65;168;2,6;1,1;
2026/04/29;2300 UTC;;929,8;929,8;929,6;;25,6;17,8;25,9;25,5;18,4;17,7;65;61;62;133;3,6;2,1;
2026/04/30;0000 UTC;;930,2;930,2;929,8;;24,8;18,3;25,8;24,7;18,4;17,8;68;62;67;127;4,1;2,6;
2026/04/30;0100 UTC;;930,6;930,6;930,2;;24;18,4;24,8;23,6;18,6;18,2;73;67;71;102;4,1;3,1;
2026/04/30;0200 UTC;;930,9;930,9;930,6;;23,4;18,2;24;23,2;18,5;18,2;74;71;73;103;4,5;2,4;
2026/04/30;0300 UTC;;930,9;931;930,9;;22,6;18,2;23,4;22,5;18,3;18,2;77;73;76;97;3,9;2,8;
2026/04/30;0400 UTC;;930,6;930,9;930,6;;22,5;17,9;22,7;22,3;18,2;17,9;77;75;75;92;3,6;2,4;
2026/04/30;0500 UTC;;930;930,6;930;;22,1;18;22,8;21,9;18;17,9;78;74;78;98;3,8;3,2;
2026/04/30;0600 UTC;;929,7;930;929,7;;22,1;17,9;22,1;21,8;17,9;17,9;78;77;77;100;3,9;2,8;
2026/04/30;0700 UTC;;929,6;929,7;929,6;;22,4;17,7;22,5;22;17,9;17,6;78;74;75;113;4,9;3,3;
2026/04/30;0800 UTC;;930;930;929,6;;22,1;17,1;22,5;21,9;17,7;17,1;76;73;73;106;7,9;5,3;
2026/04/30;0900 UTC;;930,7;930,7;930;;21,4;16,3;22,2;21,4;17,1;16,3;75;72;73;106;9,2;5,7;
2026/04/30;1000 UTC;;931,4;931,4;930,7;144,8;21,6;16,3;21,7;21,2;16,3;15,9;73;70;72;101;8,6;4,9;
2026/04/30;1100 UTC;;932,1;932,1;931,4;898,6;23,1;17;23,1;21,6;17;16,3;72;68;69;97;7,7;5;
2026/04/30;1200 UTC;;932,6;932,6;932,1;1760,5;24,5;18,4;24,7;23;18,7;16,7;70;67;69;97;7,7;5;
2026/04/30;1300 UTC;;933;933;932,6;2486,2;26,9;19,9;27,1;24,4;20,2;18,2;69;65;65;104;7,1;3,4;
2026/04/30;1400 UTC;;932,7;933;932,7;3014,4;27,4;19,3;27,7;26,5;20,2;18,9;66;60;61;105;7,5;4,8;
2026/04/30;1500 UTC;;932;932,7;932;3262;28,7;19,3;28,9;27,4;20,5;18,8;63;56;57;93;8,3;4,2;
2026/04/30;1600 UTC;;931,3;932,1;931,3;3406,4;29,3;18,7;29,7;28,5;19,7;17,6;58;50;53;114;9,3;5,6;
2026/04/30;1700 UTC;;930,4;931,3;930,4;3177,1;29,9;18,7;29,9;29,1;19,4;17,4;55;48;51;142;9;3,3;
2026/04/30;1800 UTC;;929,7;930,4;929,7;2359,3;30,1;19,3;30,2;28,6;19,6;17,7;56;48;52;120;7,3;3,2;
2026/04/30;1900 UTC;;929,3;929,7;929,3;1534;29,7;17,6;30,2;27,8;19;16,9;57;47;48;119;6,8;3;
2026/04/30;2000 UTC;;929,3;929,3;929,2;1009;28,4;19,6;29,7;28,4;19,6;17,3;59;47;59;177;6,1;1,4;
2026/04/30;2100 UTC;;929,2;929,3;929,2;185,4;26,8;19,1;28,4;26,8;19,7;19,1;64;57;62;146;3,5;1,1;
2026/04/30;2200 UTC;;929,5;929,5;929,2;;26,1;18,6;26,9;26,1;19,1;18,6;64;61;63;131;2,9;1,7;
2026/04/30;2300 UTC;;930,1;930,1;929,5;;25;19;26,1;25;19;18,5;69;63;69;108;3,4;2,4;
2026/05/01;0000 UTC;;930,8;930,8;930,1;;24,3;18;25,1;23,9;19,1;18;71;66;68;98;5,4;3,6;
2026/05/01;0100 UTC;;931,2;931,2;930,8;;23,8;17,7;24,4;23,7;17,9;17,7;69;66;69;111;5,8;3,5;
2026/05/01;0200 UTC;;931,6;931,7;931,2;;22,9;17,5;23,9;22,8;17,7;17,5;72;68;71;117;5,4;2,8;
2026/05/01;0300 UTC;;931,7;931,8;931,6;;21,7;17,6;22,9;21,5;17,6;17,3;78;71;77;98;3,9;2,6;
2026/05/01;0400 UTC;;931,2;931,7;931,2;;22,2;17;22,7;21,7;17,6;17;77;71;72;112;5,1;3,1;
2026/05/01;0500 UTC;;930,9;931,3;930,9;;21,9;16,8;22,4;21,6;17,1;16,8;75;71;73;135;4,4;2,5;
2026/05/01;0600 UTC;;930,7;930,9;930,7;;21,3;16,6;22,3;21,3;16,8;16,5;75;71;75;124;5;3,3;
2026/05/01;0700 UTC;;930,7;930,8;930,6;;20,4;16,8;21,3;20,4;16,8;16,6;79;75;79;106;5;2,4;
2026/05/01;0800 UTC;;931;931;930,7;;20,4;16,6;20,4;19,9;17,1;16,6;83;79;79;87;5,6;3,8;
2026/05/01;0900 UTC;;931,5;931,5;931;;19,4;16,4;20,4;19,4;16,6;16,4;83;79;83;72;5,4;3;
2026/05/01;1000 UTC;;932,6;932,6;931,5;137,8;20,7;16,2;20,8;19,2;16,4;16,1;83;75;75;57;4,8;2,7;
2026/05/01;1100 UTC;;933,2;933,3;932,6;917;22,8;16,6;22,8;20,7;16,9;16,2;76;68;68;96;7,3;4,8;
2026/05/01;1200 UTC;;933,9;933,9;933,3;1785,3;24,2;17,4;24,4;22,8;18;16,3;70;66;66;97;8,2;4,4;
2026/05/01;1300 UTC;;934,2;934,2;933,9;2520,3;25,9;17,9;26;24;18,4;17,3;67;60;61;94;10,6;7,2;
2026/05/01;1400 UTC;;933,9;934,2;933,9;3047,7;27;18,5;27,3;25,7;18,9;17,7;63;58;60;106;10,6;5,3;
2026/05/01;1500 UTC;;933,4;934;933,4;3296,5;27,9;17,5;28,3;26,7;18,9;17,5;60;53;53;110;9,6;5,5;
2026/05/01;1600 UTC;;932,7;933,4;932,7;2602,5;29,2;18,5;29,6;27,4;19,5;17,4;57;51;52;89;9,6;4,5;
2026/05/01;1700 UTC;;931,7;932,7;931,7;2350,8;29,4;19;29,6;28,3;19,8;17,9;58;51;53;109;7,9;3,3;
2026/05/01;1800 UTC;;931,3;931,7;931,3;1924,5;29,7;19;30;28,3;19,5;18,1;57;51;52;102;7,1;4,1;
2026/05/01;1900 UTC;;931;931,3;931;1613,6;29,2;20,1;30,2;28,3;20,2;18,4;58;51;58;113;7,7;2,7;
2026/05/01;2000 UTC;;931,2;931,2;931;810,6;27,9;19,7;29,8;27,9;20;18,8;61;52;61;110;5,9;2,9;
2026/05/01;2100 UTC;;931,6;931,6;931,2;110,2;26,2;19,4;27,9;26,2;19,8;19,4;66;61;66;114;4,7;3,1;
2026/05/01;2200 UTC;;931,9;931,9;931,6;;25,5;19,3;26,2;25,5;19,5;19,3;69;66;69;103;5,7;3,9;
2026/05/01;2300 UTC;;932,8;932,8;931,9;;24,4;19,3;25,5;24,4;19,4;19,2;73;69;73;100;6;3,7;
2026/05/02;0000 UTC;;933,3;933,3;932,8;;23,8;19,1;24,5;23,8;19,3;19,1;75;73;75;103;5,6;3,6;
2026/05/02;0100 UTC;;933,5;933,5;933,3;;22,8;19;23,8;22,8;19,2;19;79;75;79;101;5,2;2,9;
2026/05/02;0200 UTC;;933,6;933,6;933,5;;22,1;19;23;22,1;19,1;18,9;83;79;83;91;5,3;3,7;
2026/05/02;0300 UTC;;933,4;933,6;933,4;;22,1;18,9;22,6;21,8;19,1;18,8;84;80;82;104;5,3;3,1;
2026/05/02;0400 UTC;;932,9;933,4;932,9;;22;18,7;22,3;21,7;18,9;18,6;83;81;82;67;4;1,6;
2026/05/02;0500 UTC;;932,5;932,9;932,5;;22,1;18,5;22,2;21,7;18,8;18,5;83;80;80;80;3,7;,7;
2026/05/02;0600 UTC;;932;932,5;932;;21,5;18,3;22,1;21,5;18,5;18,3;82;80;82;99;2,7;1,9;
2026/05/02;0700 UTC;;932,1;932,1;932;;21,8;18;22;21,5;18,3;18;82;78;79;104;3,2;2,4;
2026/05/02;0800 UTC;;932,1;932,1;931,9;;22;17,8;22,1;21,3;18;17,7;81;76;77;118;4;2,9;
2026/05/02;0900 UTC;;932,7;932,7;932,1;;21,6;18;22;21,4;18;17,8;81;77;80;128;4,4;2,8;
2026/05/02;1000 UTC;;933,4;933,4;932,7;143,4;22,1;18,2;22,1;21,3;18,3;17,8;81;78;78;112;5,1;3,4;
2026/05/02;1100 UTC;;934,1;934,1;933,4;882,3;22,8;19;22,8;21,9;19;18,2;81;78;79;107;7,2;4,6;
2026/05/02;1200 UTC;;934,7;934,7;934,1;1735,7;24,3;19,7;24,3;22,8;19,8;18,7;79;75;76;119;7,6;4,6;
2026/05/02;1300 UTC;;935;935;934,7;2465,3;26,5;21;26,5;24,3;21,1;19,6;76;70;72;136;6,9;2,9;
2026/05/02;1400 UTC;;934,6;935;934,6;3007,3;27,4;21,1;27,4;25,7;21,1;20;74;66;68;114;6,4;3,2;
2026/05/02;1500 UTC;;933,9;934,6;933,9;3286,5;28,3;21,2;28,6;27,2;21,5;20,2;68;63;65;156;6,3;2;
2026/05/02;1600 UTC;;933;933,9;933;3283;29;20,1;29,4;28;21,5;19,8;67;58;59;173;6,4;2,7;
2026/05/02;1700 UTC;;932;933;932;3079,8;29,4;19,9;29,9;29;21,3;19,3;62;55;56;163;6,9;2,7;
2026/05/02;1800 UTC;;931,5;932;931,5;2507,2;29,7;19,6;30;29;21,4;19,2;61;53;55;156;8,2;2,4;
2026/05/02;1900 UTC;;931,6;931,6;931,4;1802,7;29,5;20;29,9;29,2;20,8;19,5;60;54;57;216;5,3;3;
2026/05/02;2000 UTC;;931,9;931,9;931,6;971,9;28,7;20,8;29,5;28,7;20,8;19,8;63;56;62;212;5,1;2,9;
2026/05/02;2100 UTC;;932;932;931,9;174,9;26,7;21;28,7;26,7;21,4;20,7;71;62;71;221;4,8;2,6;
2026/05/02;2200 UTC;;932,2;932,2;932;;25,9;20,3;26,7;25,9;21;20,3;73;71;71;217;4,2;2,6;
2026/05/02;2300 UTC;;932,8;932,8;932,2;;25,7;19,4;25,9;25,5;20,3;19,3;71;68;68;210;4,6;2,8;
2026/05/03;0000 UTC;;933,2;933,2;932,8;;24,9;19,4;25,7;24,9;19,5;19,3;71;68;71;208;4,6;1,6;
2026/05/03;0100 UTC;;933,4;933,4;933,2;;24,5;18,9;24,9;24,5;19,5;18,9;73;70;71;184;4;2;
2026/05/03;0200 UTC;;933,6;933,7;933,4;;24,6;17,8;24,7;24,3;18,9;17,8;72;66;66;174;3,7;1,5;
2026/05/03;0300 UTC;;933,3;933,6;933,3;;24,7;17,2;24,8;24,5;17,8;17,1;66;63;63;153;3,6;1,9;
2026/05/03;0400 UTC;;932,9;933,3;932,9;;24,5;17,1;24,8;24,4;17,3;16,8;64;62;63;147;5;2,9;
2026/05/03;0500 UTC;;932,3;932,9;932,3;;23,2;17,2;24,8;23,2;17,3;16,2;69;59;69;115;5,6;3,2;
2026/05/03;0600 UTC;;931,8;932,3;931,8;;23,1;18,1;23,2;22,6;18,2;17,2;74;69;74;117;4,7;3;
2026/05/03;0700 UTC;;931,6;931,8;931,5;;22,3;17,9;23,2;22,3;18,3;17,7;76;73;76;115;5,1;3,6;
2026/05/03;0800 UTC;;931,6;931,6;931,5;;21,7;17,7;22,3;21,6;18,1;17,7;80;76;78;114;5,3;3,2;
2026/05/03;0900 UTC;;932,3;932,3;931,6;;20,9;17,4;21,8;20,9;17,7;17,3;80;76;80;112;4,9;3,1;
2026/05/03;1000 UTC;;932,7;932,7;932,3;126,2;22;18;22;20,8;18;17,4;81;78;78;107;7,8;5,3;
2026/05/03;1100 UTC;;933,2;933,2;932,7;873,2;23,6;19;23,6;22;19,2;18;78;75;75;104;9,5;5,8;
2026/05/03;1200 UTC;;933,8;933,8;933,2;1732;25,7;20,1;26;23,5;20,6;18,9;76;71;71;104;10,7;5,9;
2026/05/03;1300 UTC;;934;934;933,8;2460,2;27,9;20,9;27,9;25,7;20,9;19,9;72;65;66;92;9,3;6,1;
2026/05/03;1400 UTC;;933,7;934,1;933,7;2998,6;28,9;20,6;29;27,4;21,2;19,5;66;59;61;95;10,5;6,6;
2026/05/03;1500 UTC;;933;933,7;933;3329,2;29,7;19,7;30;28,4;20,5;19;61;53;55;116;10,1;5,5;
2026/05/03;1600 UTC;;932;933;932;3193,2;29,9;18,5;30,7;28,8;20,3;18,5;57;50;51;141;8,5;3,9;
2026/05/03;1700 UTC;;930,6;932;930,6;2494,8;30,2;17,9;30,6;28,5;19,6;17,7;56;48;48;128;6,9;3,8;
2026/05/03;1800 UTC;;929,7;930,6;929,7;2433,5;30;16,6;31,1;30;18,5;16,6;49;43;45;110;6,6;4,2;
2026/05/03;1900 UTC;;929,4;929,7;929,4;1848,2;30,4;16,6;30,9;29,9;18,2;16,4;48;42;43;112;6,4;2,9;
2026/05/03;2000 UTC;;929,3;929,4;929,2;1000,1;29,8;18,4;30,7;29,8;18,4;16,4;51;43;50;98;5,5;2,7;
2026/05/03;2100 UTC;;929,5;929,5;929,2;164,1;27,6;18,7;29,8;27,6;18,8;17,9;59;50;59;108;5,5;2,1;
2026/05/03;2200 UTC;;929,7;929,7;929,5;;26,9;18,3;27,6;26,6;18,9;18,3;61;59;60;83;3,3;2,4;
2026/05/03;2300 UTC;;930,6;930,6;929,7;;26,2;18,2;26,9;26;18,3;18,1;62;59;61;91;3,3;2,3;
2026/05/04;0000 UTC;;931,4;931,4;930,5;;25,7;18;26,3;25,5;18,3;17,9;63;61;63;103;4,3;2,8;
2026/05/04;0100 UTC;;931,9;931,9;931,4;;24,7;18,1;25,8;24,5;18,2;17,9;67;62;67;81;4,7;3,3;
2026/05/04;0200 UTC;;932,4;932,4;931,9;;24;18,1;24,7;23,7;18,3;18,1;71;67;69;53;4,8;2,5;
2026/05/04;0300 UTC;;932,3;932,4;932,3;;23,7;18,1;24,5;23,6;18,1;17,9;71;67;71;93;3,4;2,5;
2026/05/04;0400 UTC;;931,9;932,3;931,9;;23;18,1;24;23;18,3;17,9;74;70;74;84;3,7;2,6;
2026/05/04;0500 UTC;;931,4;931,9;931,4;;22,9;18,3;23,1;22,6;18,3;18,1;77;74;75;77;4,1;2,3;
2026/05/04;0600 UTC;;931,1;931,4;931,1;;22,9;18,4;23,2;22,6;18,5;18,2;77;74;76;80;4,9;3,3;
2026/05/04;0700 UTC;;931;931,1;930,9;;22,9;18,6;22,9;21,9;18,6;18,3;81;76;77;78;5,4;3,3;
2026/05/04;0800 UTC;;931,5;931,5;931;;22,3;18,8;22,9;22;18,8;18,5;81;77;81;91;8,1;4,9;
2026/05/04;0900 UTC;;932,1;932,1;931,4;;21,7;18,1;22,4;21,7;18,8;18,1;81;79;80;74;8,3;4,7;
2026/05/04;1000 UTC;;933,1;933,1;932;145,4;22,7;18,1;22,7;21,4;18,1;18;81;75;75;79;9;4,8;
2026/05/04;1100 UTC;;933,7;933,7;933,1;1051,7;24,3;18,5;24,4;22,7;19,1;18,1;76;69;70;81;9,2;6,1;
2026/05/04;1200 UTC;;934,1;934,2;933,7;1636,9;25,5;17,6;26,4;24,1;19;17,5;70;60;62;77;12,6;7;
2026/05/04;1300 UTC;;934,5;934,5;934,1;1844,9;26,4;17,5;27;25,3;18,8;17,2;63;56;58;74;12,2;7,6;
2026/05/04;1400 UTC;;934,4;934,6;934,3;2550,4;28,3;17,6;28,6;26,2;18,1;16,7;59;51;52;84;12,2;7,2;
2026/05/04;1500 UTC;;933,9;934,4;933,8;3096,9;28,5;17,3;29,2;27,5;18,6;16,7;55;48;51;98;10,8;5,9;
2026/05/04;1600 UTC;;933,1;933,9;933,1;2849,9;29,8;17,2;30,2;27,8;18,5;16,7;54;46;47;83;9,9;5,2;
2026/05/04;1700 UTC;;932,6;933,2;932,6;2663,3;29,1;15,7;30,4;28,9;18,2;14,8;50;42;44;98;9,3;5,5;
2026/05/04;1800 UTC;;932;932,6;932;1752,3;29,5;15,8;29,7;28,8;17,7;15;49;42;44;119;8,6;5,3;
2026/05/04;1900 UTC;;931,8;932,1;931,8;1361;29,1;14,7;29,9;28,3;16;14,1;45;39;42;114;9,7;4,5;
2026/05/04;2000 UTC;;931,8;931,9;931,8;998,1;28,3;16;29,3;28,3;16,2;13,8;48;39;47;103;7,6;3,3;
2026/05/04;2100 UTC;;932,2;932,2;931,8;154;26;16,1;28,3;26;16,4;15,9;55;47;54;103;5,6;3,4;
2026/05/04;2200 UTC;;932,6;932,6;932,2;;25,5;15,3;26;25,3;16,1;15,3;55;53;53;105;5,5;3,7;
2026/05/04;2300 UTC;;933,2;933,2;932,6;;24,8;15,2;25,5;24,8;15,3;15,1;55;53;55;104;5,5;3,1;
2026/05/05;0000 UTC;;933,9;933,9;933,2;;23,9;15,5;24,9;23,9;15,6;15,1;59;55;59;107;4,3;2,8;
2026/05/05;0100 UTC;;934,2;934,2;933,9;;23,2;15,8;24,1;23,1;15,9;15,5;64;59;63;116;4,5;2,8;
2026/05/05;0200 UTC;;934,5;934,6;934,2;;22,4;16;23,2;22,2;16;15,8;68;63;67;95;4,7;3,6;
2026/05/05;0300 UTC;;934,6;934,6;934,5;;22,1;15,8;22,4;21,8;16;15,8;69;67;68;105;4,7;3,3;
2026/05/05;0400 UTC;;934,3;934,6;934,3;;21,8;15,8;22,2;21,7;15,9;15,8;69;67;69;113;5,6;3,4;
2026/05/05;0500 UTC;;933,7;934,3;933,7;;22;15,5;22,1;21,6;15,8;15,5;69;67;67;100;5,9;4,4;
2026/05/05;0600 UTC;;933,4;933,7;933,4;;21,9;15,4;22,2;21,5;15,5;15,3;69;65;66;105;7;4,2;
2026/05/05;0700 UTC;;933,3;933,4;933,3;;20,1;15,4;21,9;20,1;15,4;15,3;75;66;75;114;7,7;3;
2026/05/05;0800 UTC;;933,3;933,3;933,2;;20;15,5;20,1;19,4;15,6;15,4;78;75;76;104;6,6;4,6;
2026/05/05;0900 UTC;;933,8;933,8;933,3;;19,9;15,5;20,1;19,7;15,6;15,5;77;75;76;103;8,2;6,1;
2026/05/05;1000 UTC;;934,3;934,3;933,8;142,5;20,9;15,7;20,9;19,7;15,7;15,5;77;72;72;107;10,1;7,2;
2026/05/05;1100 UTC;;934,9;934,9;934,2;890,3;22,3;16,5;22,5;20,9;16,7;15,7;72;69;70;104;11,2;8,1;
2026/05/05;1200 UTC;;935,6;935,6;934,9;1749;24,4;17,8;24,6;22,3;18;16,7;71;66;67;99;11,5;7,6;
2026/05/05;1300 UTC;;936;936;935,6;2478,4;26,1;18,1;26,3;24,3;18,7;17,5;67;61;61;109;12,8;6,8;
2026/05/05;1400 UTC;;935,7;936;935,7;3011,6;27,2;17,3;27,4;26;18,7;17,3;62;55;55;110;12,2;8,5;
2026/05/05;1500 UTC;;935;935,7;935;3293,2;28,5;17,2;29,2;27,1;18,8;17,2;57;50;51;118;12;5,6;
2026/05/05;1600 UTC;;934,3;935,1;934,3;3285,6;29,1;16,6;29,5;28,3;18,3;16,6;53;47;47;115;11,7;5,6;
2026/05/05;1700 UTC;;933,4;934,3;933,4;3026,4;29,2;16,5;30,2;28,9;17,7;15,8;49;44;46;132;9,7;4,5;
2026/05/05;1800 UTC;;932,7;933,4;932,7;2493,1;29,3;15,7;29,9;29,2;17,3;15,3;48;42;44;145;9,1;4,6;
2026/05/05;1900 UTC;;932,2;932,7;932,2;1818,5;29,5;16,4;29,8;29,2;17,3;15,6;47;42;45;149;8;3,7;
2026/05/05;2000 UTC;;932,4;932,4;932,2;1012,1;28,7;16,6;29,5;28,7;17,6;15,8;50;44;48;147;6,3;2,6;
2026/05/05;2100 UTC;;932,6;932,6;932,4;160,5;26,2;16,5;28,7;26,2;17,2;16,5;56;48;55;143;4,8;2,4;
2026/05/05;2200 UTC;;932,8;932,8;932,6;;25,5;16;26,3;25,5;16,6;16;56;55;56;129;4,5;2,7;
2026/05/05;2300 UTC;;933,3;933,3;932,8;;24,4;16,2;25,6;24,3;16,2;16;61;55;60;131;4,9;3;
2026/05/06;0000 UTC;;933,8;933,8;933,3;;24,1;16,2;24,5;24,1;16,2;16,1;61;60;61;122;5,2;3,2;
2026/05/06;0100 UTC;;934,1;934,1;933,8;;22,7;16,3;24,1;22,6;16,3;16,1;68;61;67;103;5,2;3,2;
2026/05/06;0200 UTC;;934,3;934,3;934,1;;22,2;16,1;22,7;21,9;16,3;16,1;70;67;68;99;4,1;3,2;
2026/05/06;0300 UTC;;934,2;934,3;934,2;;22,9;15,6;23;22,2;16,1;15,6;68;64;64;107;6,6;4,4;
2026/05/06;0400 UTC;;933,8;934,2;933,8;;22,3;15,5;22,9;22,3;15,7;15,4;65;63;65;114;6,8;3,9;
2026/05/06;0500 UTC;;933,5;933,9;933,5;;21,8;16,1;22,5;21,7;16,1;15,5;71;65;70;117;11,8;5,6;
2026/05/06;0600 UTC;;933,2;933,5;933,2;;20,9;16;21,8;20,9;16,1;15,9;74;70;74;115;8,8;5,2;
2026/05/06;0700 UTC;;933,1;933,2;933,1;;20,1;16;20,9;20,1;16;16;77;74;77;113;8,1;4,4;
2026/05/06;0800 UTC;;933,2;933,2;933,1;;19,6;16,2;20,1;19,6;16,2;16;81;77;81;110;8,1;5;
2026/05/06;0900 UTC;;933,5;933,5;933,2;;19,1;16,7;19,6;19,1;16,7;16,2;86;80;86;105;8,2;4,9;
2026/05/06;1000 UTC;;934,1;934,1;933,5;142,2;20;17,3;20;19,1;17,4;16,7;87;85;85;105;8,4;5,2;
2026/05/06;1100 UTC;;934,4;934,4;934,1;891,9;21,6;17,7;21,7;20;18;17,4;85;79;79;105;10,5;7;
2026/05/06;1200 UTC;;934,7;934,8;934,4;1753,9;23,7;18,2;23,8;21,5;18,5;17,7;79;70;71;99;10,9;7,5;
2026/05/06;1300 UTC;;935;935,1;934,7;2481;25,2;17,8;25,3;23,7;18,9;17,4;72;63;63;90;11,5;7,8;
2026/05/06;1400 UTC;;934,8;935,1;934,8;3001,7;26,9;17,8;27;25,1;18,7;17,5;65;57;57;104;10,8;6,4;
2026/05/06;1500 UTC;;934,3;934,8;934,3;3275,9;27,8;17,8;27,9;26,6;18,8;17,3;60;53;54;90;10,6;5,7;
2026/05/06;1600 UTC;;933,5;934,4;933,5;3273,9;28,4;17,3;29;27,6;18,4;17,2;56;50;51;96;9,1;4,5;
2026/05/06;1700 UTC;;932,7;933,6;932,7;3032;29,1;17,5;29,2;28,2;18,6;16,5;54;46;50;109;10,1;2,6;
2026/05/06;1800 UTC;;931,8;932,7;931,8;2520,2;29,2;17,2;29,5;28,8;18;16,5;51;46;49;116;7;3,1;
2026/05/06;1900 UTC;;931,8;931,8;931,7;1801,8;29,3;16,8;29,8;28,9;18;16,3;50;46;47;140;6,5;2,4;
2026/05/06;2000 UTC;;931,9;931,9;931,7;968,9;28,5;17,3;29,3;28,5;17,5;15,9;51;45;51;128;4,2;2;
2026/05/06;2100 UTC;;932,2;932,2;931,9;143,4;26,3;18,6;28,5;26,3;18,7;17,4;63;51;63;169;3,4;,5;
2026/05/06;2200 UTC;;932,5;932,5;932,1;;25,7;17,7;26,3;25,6;18,7;17,6;63;61;61;158;2,4;1,1;
2026/05/06;2300 UTC;;933,1;933,1;932,5;;25,2;17,6;25,8;25,1;17,7;17,5;63;60;63;137;2,8;2;
2026/05/07;0000 UTC;;933,5;933,5;933,1;;25,3;17,4;25,3;24,9;17,6;17,3;64;61;62;138;3,1;2,1;
2026/05/07;0100 UTC;;933,7;933,7;933,5;;24,8;17;25,5;24,8;17,4;17;62;60;62;122;3,5;2,5;
2026/05/07;0200 UTC;;933,6;933,7;933,6;;23,8;16,7;24,8;23,6;17,1;16,7;66;62;64;118;4,4;3,1;
2026/05/07;0300 UTC;;933,3;933,7;933,3;;23,4;16,3;23,9;23,2;16,7;16,2;65;62;64;106;4,6;2,3;
2026/05/07;0400 UTC;;932,7;933,3;932,7;;23,5;16,7;23,7;23,4;16,7;16,2;66;63;66;106;3,9;2,9;
2026/05/07;0500 UTC;;932,2;932,7;932,2;;23;16,9;23,5;22,7;17;16,7;70;66;69;109;3,8;2,7;
2026/05/07;0600 UTC;;932,1;932,3;932,1;;22,1;16,7;23;22;16,9;16,6;71;68;71;111;5,5;3,1;
2026/05/07;0700 UTC;;932;932,1;931,9;;21,6;16,9;22,3;21,6;16,9;16,5;75;71;75;105;6,2;4,2;
2026/05/07;0800 UTC;;932;932;931,8;;20,4;17,2;21,6;20,3;17,2;16,8;82;75;82;101;6,7;4,3;
2026/05/07;0900 UTC;;932,4;932,4;932;;20,1;18,1;20,5;19,6;18,1;17,2;88;82;88;93;6,4;4,2;
2026/05/07;1000 UTC;;932,8;932,8;932,3;138,1;20,9;18,7;20,9;19,7;18,7;17,9;90;87;87;91;6,3;4,4;
2026/05/07;1100 UTC;;933,3;933,3;932,8;868,5;23,2;19,3;23,3;20,9;19,5;18,7;87;79;79;85;9,4;5,8;
2026/05/07;1200 UTC;;933,7;933,7;933,3;1710,3;25,6;20,2;25,7;23,2;20,3;19,3;79;72;72;87;10,7;5,8;
2026/05/07;1300 UTC;;;;;;;;;;;;;;;;;;
2026/05/07;1400 UTC;;933,1;933,6;933;2933,3;28;19,1;28,7;26,5;20,4;18,3;66;57;58;87;11,8;5,9;
2026/05/07;1500 UTC;;932,1;933,1;932,1;3208,7;29;18,6;29,6;27,9;19,8;18,5;59;53;54;90;9,5;5,4;
2026/05/07;1600 UTC;;931,2;932,1;931,2;3219,4;30,3;19,5;30,4;28,7;19,9;17,7;56;49;53;101;9,2;4,9;
2026/05/07;1700 UTC;;930,3;931,2;930,3;2825,6;30,4;18,9;30,6;29,4;19,4;18,4;54;50;50;77;9;4;
2026/05/07;1800 UTC;;929,8;930,3;929,7;2492,9;30,4;16,9;31,1;29,9;19,1;16,8;52;44;44;95;7,5;3,3;
2026/05/07;1900 UTC;;929,5;929,8;929,4;1799,6;30,4;17,4;30,9;30,3;18,1;16,7;48;44;46;108;6,7;3,6;
2026/05/07;2000 UTC;;929,6;929,6;929,5;964,7;29,7;17,3;30,7;29,7;18,1;17;48;45;47;117;5,9;2,6;
2026/05/07;2100 UTC;;929,9;929,9;929,6;148,5;27,7;17,7;29,7;27,6;18;17,2;55;47;55;106;3,9;2,4;
2026/05/07;2200 UTC;;930,1;930,1;929,9;;26,6;17,7;27,8;26,6;17,9;17,7;59;54;58;103;3,6;2,5;
2026/05/07;2300 UTC;;930,5;930,5;930,1;;25,9;17,7;26,6;25,8;17,8;17,6;61;58;60;96;4,1;2,7;
2026/05/08;0000 UTC;;930,9;930,9;930,5;;25,7;17,6;25,9;25,6;17,7;17,5;61;60;61;98;3,7;2,6;
2026/05/08;0100 UTC;;931,4;931,4;930,9;;24,7;17,7;25,7;24,6;17,7;17,5;65;61;65;101;4;2,7;
2026/05/08;0200 UTC;;931,7;931,7;931,4;;23,7;17,8;24,7;23,4;17,9;17,6;71;65;70;67;3,8;2,1;
2026/05/08;0300 UTC;;931,7;931,8;931,7;;23,3;17,7;24,1;23,2;17,8;17,6;71;68;71;57;4,5;2,2;
2026/05/08;0400 UTC;;931,1;931,7;931,1;;22,8;17,8;23,5;22,7;17,9;17,7;74;70;74;64;3,6;2;
2026/05/08;0500 UTC;;930,9;931,1;930,9;;22,8;17,8;23,1;22,5;17,9;17,8;75;73;73;37;3,6;2,1;
2026/05/08;0600 UTC;;931;931,1;930,8;;22,6;17,8;23,5;22,1;18,1;17,6;77;71;74;108;7,6;3,2;
2026/05/08;0700 UTC;;930,8;931,1;930,7;;22;18,2;22,6;21,9;18,2;17,9;79;74;79;109;7,6;3,7;
2026/05/08;0800 UTC;;931,4;931,4;930,8;;21,6;18,4;22,1;21,3;18,4;18,1;83;79;82;91;6,1;4,2;
2026/05/08;0900 UTC;;932,1;932,1;931,4;;20,7;18,5;21,7;20,6;18,5;18,3;87;82;87;92;6,6;3,1;
2026/05/08;1000 UTC;;932,9;932,9;932,1;78,8;21,5;18,6;21,5;20,5;18,7;18,4;88;83;83;65;3,9;2,4;
2026/05/08;1100 UTC;;933,7;933,7;932,9;369;23;19,1;23;21,5;19,1;18,5;83;78;79;67;6,1;2,7;
2026/05/08;1200 UTC;;934,2;934,2;933,7;1590,2;24,8;19,5;25,4;23,1;19,8;18,8;78;68;72;88;5,7;3,9;
2026/05/08;1300 UTC;;934,2;934,4;934,1;2225,5;27,8;19,2;27,9;24,7;20,2;19,1;73;59;60;87;7,3;4,9;
2026/05/08;1400 UTC;;933,6;934,2;933,6;2913,6;28,5;18,9;29,3;27,4;19,9;18,7;61;54;56;96;7,5;4,8;
2026/05/08;1500 UTC;;933,1;933,6;933,1;3191,5;29,3;18,4;29,6;28,1;19,9;18,2;59;51;52;95;7,9;4,4;
2026/05/08;1600 UTC;;932,1;933,1;932,1;3190,7;29,8;19,1;30,2;29;19,7;18,2;55;50;53;110;7,9;3,2;
2026/05/08;1700 UTC;;931,1;932,1;931,1;3031,4;30,5;18,8;30,9;29,4;19;17,4;53;46;49;123;7,3;1,4;
2026/05/08;1800 UTC;;930,4;931,1;930,4;2445,1;30,5;17,1;30,7;29,8;19,2;17,1;52;45;45;163;5,8;2,3;
2026/05/08;1900 UTC;;930,1;930,4;930,1;1773,4;30,2;17,5;30,8;29,9;19,1;17,1;51;45;47;189;4,6;2,3;
2026/05/08;2000 UTC;;930,1;930,1;929,9;1033,3;28,7;20;30,5;28,7;20,2;17,6;60;47;59;156;3,7;,8;
2026/05/08;2100 UTC;;930;930,1;929,8;186,4;27,5;19,1;29;27,5;20,4;18,6;62;54;60;146;3,5;,4;
2026/05/08;2200 UTC;;930,3;930,3;930;;27,5;18,6;27,6;26,8;19,2;18,5;63;58;58;129;3,7;2,2;
2026/05/08;2300 UTC;;930,6;930,7;930,2;;26,4;18,5;27,5;26,4;18,7;18,3;62;58;62;120;3,6;2,3;
2026/05/09;0000 UTC;;930,9;930,9;930,6;;25,2;18,3;26,4;25,2;18,6;18,3;66;62;66;116;3,9;2,4;
2026/05/09;0100 UTC;;931,3;931,3;930,8;;24;18,5;25,3;24;18,6;18,3;72;66;72;111;3,9;2,9;
2026/05/09;0200 UTC;;931,8;931,8;931,3;;23;18,7;24;23;18,8;18,5;77;71;77;99;3,9;2,6;
2026/05/09;0300 UTC;;932;932;931,8;;22,3;18,7;23;22,1;18,8;18,6;81;77;80;93;3,5;3,1;
2026/05/09;0400 UTC;;931,3;932;931,3;;22,4;18,4;22,6;21,9;18,7;18,4;82;78;78;99;3,7;2,8;
2026/05/09;0500 UTC;;931,2;931,4;931,2;;22,4;17,9;22,6;22;18,4;17,9;78;76;76;97;3,7;2,8;
2026/05/09;0600 UTC;;931,1;931,2;931,1;;22;17,7;22,4;21,9;17,9;17,7;77;75;77;98;4,3;3;
2026/05/09;0700 UTC;;931;931,1;930,9;;22,3;17,5;22,5;22;17,7;17,5;77;74;74;101;4,8;3,3;
2026/05/09;0800 UTC;;932;932;931;;21,2;17,5;22,5;21,2;17,6;17,5;80;74;80;102;7,1;4,6;
2026/05/09;0900 UTC;;932,2;932,2;932;;20,6;17,4;21,2;20,5;17,6;17,4;82;80;82;80;7,1;4;
2026/05/09;1000 UTC;;933,1;933,1;932,2;133,3;21,4;17,7;21,4;20,4;17,8;17,4;83;79;80;96;6,6;3,6;
2026/05/09;1100 UTC;;933,9;933,9;933,1;864,6;23,4;18,1;23,6;21,4;18,5;17,7;80;71;72;86;5,7;3;
2026/05/09;1200 UTC;;934,1;934,1;933,8;1709;26,1;19;26,1;23,4;19,1;18,1;73;62;65;85;7,3;4,8;
2026/05/09;1300 UTC;;934,4;934,4;934,2;2422,3;27,3;18,3;27,7;25,9;19,5;18,1;65;57;58;87;8;5,3;
2026/05/09;1400 UTC;;934,1;934,4;934,1;2907,7;28,2;19;28,8;27,2;19,5;18,2;60;54;57;120;9,8;3,8;
2026/05/09;1500 UTC;;933,2;934,1;933,2;3157,4;29,4;18,4;30,2;28,2;19,7;17,8;58;51;52;119;8;3,5;
2026/05/09;1600 UTC;;932,3;933,2;932,3;3257,7;30;17,1;30,5;29,1;18,9;17,1;53;45;46;116;7,1;3,5;
2026/05/09;1700 UTC;;931,7;932,3;931,6;2658,9;29,8;16;31;29,7;18,2;15,9;48;42;43;95;7,2;3,5;
2026/05/09;1800 UTC;;931,2;931,7;931,2;2176,6;30,2;17,3;31,6;29,8;18,8;16;49;42;46;128;6,7;2,5;
2026/05/09;1900 UTC;;930,9;931,2;930,9;1072;30,8;16,3;31;29,2;18;16,2;51;41;42;115;4,7;2,8;
2026/05/09;2000 UTC;;931;931;930,8;923,7;29,4;19;30,9;29,4;19;16,3;54;42;53;155;4,7;,3;
2026/05/09;2100 UTC;;931,1;931,2;930,9;135,9;26,7;19,2;29,5;26,7;19,2;18,6;64;52;64;208;2,1;,2;
2026/05/09;2200 UTC;;931,5;931,5;931,1;;26,8;17,8;27,1;26,1;19,8;17,8;68;57;58;141;3,3;1,9;
2026/05/09;2300 UTC;;931,9;932;931,5;;26,4;17,5;27,1;26,2;17,9;17,3;58;57;58;133;4,7;2,5;
2026/05/10;0000 UTC;;932,1;932,2;931,9;;25,8;16,6;26,5;25,7;17,5;16,6;60;56;57;119;4,7;2,8;
2026/05/10;0100 UTC;;932,3;932,3;932,1;;24,4;16,2;25,9;24,3;16,6;16;60;56;60;126;5,3;2,6;
2026/05/10;0200 UTC;;932,6;932,6;932,3;;23,5;15,9;24,4;23,3;16,2;15,8;64;60;62;89;4,5;2,2;
2026/05/10;0300 UTC;;932,5;932,7;932,5;;22,6;15,9;23,5;22,5;16;15,7;66;62;66;95;3,6;3,1;
2026/05/10;0400 UTC;;932,1;932,5;932,1;;23,7;15,7;23,7;22,4;15,9;15,6;67;61;61;94;3,9;3,2;
2026/05/10;0500 UTC;;932,2;932,2;932,1;;23,2;15,6;23,7;22,6;15,8;15,5;66;61;62;107;4,2;3,1;
2026/05/10;0600 UTC;;932,2;932,3;932,2;;22,9;15,6;23,2;22,7;15,7;15,5;64;62;63;115;4,4;3;
2026/05/10;0700 UTC;;932,3;932,3;932,2;;23;15,8;23,3;22,8;15,8;15,5;64;62;64;116;4,4;2,3;
2026/05/10;0800 UTC;;932,7;932,7;932,3;;22,6;15,9;23,3;22,6;15,9;15,7;66;63;66;91;3,4;1;
2026/05/10;0900 UTC;;933,6;933,6;932,7;;21,6;16;22,6;21,6;16,1;15,7;71;65;70;87;4,4;3,4;
2026/05/10;1000 UTC;;934,1;934,1;933,6;131,5;22,2;16,5;22,2;21;16,5;15,9;73;70;70;106;5,3;3,3;
2026/05/10;1100 UTC;;934,7;934,7;934,1;826,9;24;16,8;24;22,2;16,9;16,4;70;63;64;98;6,4;4,5;
2026/05/10;1200 UTC;;934,9;935;934,6;1677,1;25,3;17,6;25,6;24;17,7;16,4;64;61;62;96;8,9;6,1;
2026/05/10;1300 UTC;;934,9;935,2;934,9;2379,1;27,1;18,7;27,8;25,3;19,4;17,7;63;59;60;89;8,9;5,8;
2026/05/10;1400 UTC;;934,2;934,9;934,2;2884;28,7;19,4;29,1;26,9;20;18,8;62;57;57;99;8,8;5,6;
2026/05/10;1500 UTC;;933,6;934,2;933,6;3164,6;29,6;19,5;30;28,7;20;18,9;58;53;55;102;9,7;5,1;
2026/05/10;1600 UTC;;932,9;933,6;932,9;3177,7;30,3;19,3;30,5;29,3;19,7;17,6;55;48;52;105;8,2;4,4;
2026/05/10;1700 UTC;;932;932,9;932;2776,8;30,6;17,6;31,2;28,9;19,5;17,3;55;45;46;145;6,8;2,4;
2026/05/10;1800 UTC;;931,6;932;931,5;1586,2;29,5;18,6;31;29,5;19,6;17,7;55;46;52;113;5,8;1,7;
2026/05/10;1900 UTC;;931,1;931,6;931;1355,2;30,2;18,3;30,4;28,9;20;17,9;57;48;49;144;4,6;2,4;
2026/05/10;2000 UTC;;931,2;931,2;931;937,3;29,1;18,4;30,3;29,1;18,9;17,5;53;47;52;166;5,2;1,5;
2026/05/10;2100 UTC;;931,3;931,3;931,2;147,3;27,3;19,7;29,2;27,3;19,7;18,5;63;52;63;207;2,9;,6;
2026/05/10;2200 UTC;;931,5;931,5;931,3;;26,4;19,4;27,3;26,4;19,8;19,4;66;63;65;196;2,1;,9;
2026/05/10;2300 UTC;;932;932;931,5;;25,8;18,6;26,4;25,8;19,4;18,5;66;64;64;191;3,1;,4;
2026/05/11;0000 UTC;;932,8;932,8;932;;24,5;18,1;25,9;24,5;18,6;18;68;63;68;101;2,3;1,3;
2026/05/11;0100 UTC;;933,3;933,3;932,8;;25,3;18,7;25,7;24,1;18,8;18,2;71;65;67;103;2,9;2,2;
2026/05/11;0200 UTC;;933,5;933,5;933,3;;24,8;18,6;25,4;24,7;18,8;18,6;69;66;69;93;3,1;2,5;
2026/05/11;0300 UTC;;933,3;933,5;933,3;;24,9;17,8;25,1;24,5;18,5;17,8;69;64;65;86;3,3;2,7;
2026/05/11;0400 UTC;;932,7;933,3;932,7;;23,4;17,9;25;23,4;17,9;17,3;71;64;71;96;3,7;3,2;
2026/05/11;0500 UTC;;932;932,7;932;;22,3;17,3;23,5;22,3;17,9;17,2;73;68;73;96;3,8;3,2;
2026/05/11;0600 UTC;;931,7;932;931,7;;22,6;17,1;22,8;22,3;17,5;17;73;71;71;100;3,8;3,1;
2026/05/11;0700 UTC;;931,6;931,7;931,6;;22,3;17;22,6;22,2;17,1;16,9;72;71;72;101;3,6;2,8;
2026/05/11;0800 UTC;;931,6;931,7;931,6;;21,3;16,8;22,3;21,3;17;16,8;76;72;76;101;3,6;3,1;
2026/05/11;0900 UTC;;932,1;932,1;931,6;;21,1;16,5;22,3;21;16,8;16,2;76;69;75;91;4,5;3,4;
2026/05/11;1000 UTC;;932,7;932,7;932,1;100,3;21,7;16,4;21,9;21;16,7;16,3;76;71;72;85;6,6;4,2;
2026/05/11;1100 UTC;;933,2;933,3;932,7;889,1;24,1;17;24,1;21,6;17;16,2;72;64;64;54;6,6;4,3;
2026/05/11;1200 UTC;;933,6;933,7;933,2;1540,9;25,4;17,1;25,6;23,7;17,6;16,6;65;59;60;48;9;5,3;
2026/05/11;1300 UTC;;933,7;933,9;933,6;2348,4;28,1;17,7;28,1;25,3;18;16,6;60;52;53;45;8,2;4,3;
2026/05/11;1400 UTC;;933;933,7;933;2921,2;30;16;30,2;28;17,4;14,4;53;39;43;71;7,1;4,2;
2026/05/11;1500 UTC;;932,4;933;932,4;3194;30,9;15,8;30,9;29,6;16;12,9;44;34;40;151;6,4;1,6;
2026/05/11;1600 UTC;;931,6;932,4;931,6;3154,5;30,6;15,7;31,4;29,9;17,1;14,1;44;36;41;168;6,2;2,5;
2026/05/11;1700 UTC;;930,5;931,6;930,5;2927,2;30,5;18;31;30,1;18,7;15,5;49;40;47;217;6,1;3,4;
2026/05/11;1800 UTC;;930,2;930,5;930,2;2405,7;30,4;15,7;31,3;30,1;18,6;15,6;48;41;41;177;6;2,8;
2026/05/11;1900 UTC;;930,2;930,2;930,1;1733;29,9;17;30,6;29,7;17,9;16,2;48;41;46;197;5,3;2,7;
2026/05/11;2000 UTC;;930,5;930,5;930,2;932,9;29,1;17;30;29;17,4;16,4;48;45;48;203;5,4;3;
2026/05/11;2100 UTC;;930,9;930,9;930,5;158,4;27;18,5;29,1;27;18,5;16,9;60;48;60;215;4,8;2,5;
2026/05/11;2200 UTC;;931,2;931,2;930,9;;26,1;18,2;27,1;26,1;18,6;18,1;62;59;62;206;3,8;1,5;
2026/05/11;2300 UTC;;931,9;931,9;931,2;;25,9;17,5;26,2;25,9;18,4;17,5;63;59;60;196;2,4;1,2;
2026/05/12;0000 UTC;;932,5;932,5;931,9;;25,9;16,5;26;25,6;17,5;16,4;60;56;56;183;3;1,1;
2026/05/12;0100 UTC;;932,8;932,8;932,5;;23,8;17,4;26;22,8;17,4;16,1;70;55;67;76;3;1,3;
2026/05/12;0200 UTC;;932,7;932,8;932,7;;25,5;16,6;25,6;23,8;17,5;16,6;67;57;58;112;3,2;2,5;
2026/05/12;0300 UTC;;932,5;932,7;932,5;;25,1;16,3;25,8;24,9;16,7;16,3;60;57;58;101;3,1;2,4;
2026/05/12;0400 UTC;;931,8;932,5;931,8;;24,1;16,3;25,2;24;16,4;16,1;62;57;62;77;3,5;1,3;
2026/05/12;0500 UTC;;931,5;931,8;931,5;;24,1;15,9;24,5;23,7;16,3;15,8;63;59;60;77;2,7;1,8;
2026/05/12;0600 UTC;;931,3;931,5;931,3;;23,8;15,9;24,5;23,5;15,9;15,7;62;58;61;98;3,3;2,8;
2026/05/12;0700 UTC;;931,2;931,3;930,9;;23;15,5;24,1;23;15,9;15,4;63;58;63;91;4;2;
2026/05/12;0800 UTC;;931,8;931,9;931,2;;21,9;15,6;23,1;21,9;15,7;15,4;68;62;68;98;4;2,5;
2026/05/12;0900 UTC;;932,1;932,1;931,8;;20,7;15,8;22,1;20,7;15,8;15,5;73;66;73;99;6,8;4,8;
2026/05/12;1000 UTC;;932,8;932,8;932,1;128,5;21,9;15,3;22;20,3;15,8;15,3;75;66;66;102;8,4;5,8;
2026/05/12;1100 UTC;;933,3;933,3;932,8;849,4;22,7;15,6;22,7;21,9;15,6;14,8;66;62;64;98;10,7;6,5;
2026/05/12;1200 UTC;;933,7;933,7;933,3;1667,1;26,1;17,6;26,1;22,6;17,6;15,4;65;59;60;76;9,9;4,6;
2026/05/12;1300 UTC;;933,9;934;933,7;2323,9;27,7;17,1;28,5;25,9;18,1;16,7;60;50;53;49;9,8;6,2;
2026/05/12;1400 UTC;;933,5;934;933,5;2505,3;28,7;17,2;29,4;27,6;17,9;16,7;53;47;50;85;9;4,5;
2026/05/12;1500 UTC;;932,8;933,5;932,8;2849,6;29,5;17;30,3;28,6;18,1;16,2;51;44;47;99;7,3;3,8;
2026/05/12;1600 UTC;;932,2;932,8;932,2;2974,2;29,8;17;30,7;29,3;17,9;16,3;48;44;46;94;8,9;5,2;
2026/05/12;1700 UTC;;931,5;932,2;931,4;2618,6;30,6;17;30,7;29,3;18,1;16,2;48;43;44;92;7,8;2,9;
2026/05/12;1800 UTC;;931;931,5;930,9;1890;30;16,8;30,7;29,6;17,9;16;48;42;45;137;6,1;2,9;
2026/05/12;1900 UTC;;930,9;931;930,8;1331,2;30;16,9;30,1;29,6;17,7;16;49;43;46;114;5,6;3;
2026/05/12;2000 UTC;;931,2;931,2;930,8;735,1;29,4;17,9;30;29,2;17,9;16,3;50;44;50;116;5,1;1,3;
2026/05/12;2100 UTC;;931,4;931,4;931,2;162,4;27,6;17,1;29,4;27,5;18,7;17;55;49;53;127;2,7;1,8;
2026/05/12;2200 UTC;;931,6;931,6;931,4;;26,8;16;27,6;26,8;17,1;15,9;53;51;52;125;2,9;2,2;
2026/05/12;2300 UTC;;932,6;932,6;931,6;;26,8;16,1;26,9;26;16,3;15,9;55;52;52;123;3,1;2,3;
2026/05/13;0000 UTC;;933,3;933,3;932,6;;25,5;16,8;26,8;25,5;16,8;16,1;59;52;59;100;3,7;2,7;
2026/05/13;0100 UTC;;933,5;933,5;933,3;;25,3;17,1;25,5;25,1;17,3;16,8;62;59;61;119;3,6;2,3;
2026/05/13;0200 UTC;;933,4;933,5;933,4;;25,1;16,8;25,3;24,9;17,1;16,8;61;60;60;109;3,7;2,8;
2026/05/13;0300 UTC;;933,4;933,5;933,3;;23,7;17;25,1;23,5;17,1;16,7;67;60;66;99;3,7;2,6;
2026/05/13;0400 UTC;;932,8;933,4;932,8;;23,7;16,2;24;23,5;17,1;16,2;66;63;63;100;3,1;2,5;
2026/05/13;0500 UTC;;932,1;932,8;932,1;;23,5;15,7;23,7;22,9;16,2;15,7;65;62;62;100;2,8;2,6;
2026/05/13;0600 UTC;;931,9;932,1;931,9;;24,2;15,3;24,2;23,5;15,7;15,2;62;57;58;97;3;2,3;
2026/05/13;0700 UTC;;931,9;932;931,9;;22,5;15,6;24,4;22,5;15,6;15,2;65;57;65;118;3,6;2,4;
2026/05/13;0800 UTC;;932,3;932,3;931,9;;21,5;16;23,1;21,5;16;15,6;71;63;71;110;5;3,1;
2026/05/13;0900 UTC;;932,9;932,9;932,3;;21,6;16,1;21,6;20,8;16,2;16,1;75;71;71;102;4,7;2,9;
2026/05/13;1000 UTC;;933,7;933,7;932,9;119,7;23,8;15,5;23,8;21,6;16;15,4;71;60;60;109;4;2,8;
2026/05/13;1100 UTC;;934,3;934,3;933,7;794,6;25,1;15,7;25,1;23,6;16;15,2;61;56;56;107;4,8;3,2;
2026/05/13;1200 UTC;;934,8;934,8;934,3;1442,7;25,2;16,4;25,2;24,5;16,4;15,2;59;55;58;98;7;4,7;
2026/05/13;1300 UTC;;934,6;934,8;934,6;2173;26,6;17,3;26,8;25,2;17,4;16;59;54;57;92;7,6;5;
2026/05/13;1400 UTC;;934,2;934,6;934,2;2471,4;28,5;16,9;28,8;26,6;17,9;16,7;57;49;49;107;7,2;4,1;
2026/05/13;1500 UTC;;933,6;934,2;933,6;3127,7;29,9;17,2;30,1;28,3;17,8;16,4;51;45;46;101;6,9;3,9;
2026/05/13;1600 UTC;;932,6;933,6;932,6;3005,8;30,2;15,7;30,6;29,4;17,4;15,2;47;40;42;108;7,2;3,8;
2026/05/13;1700 UTC;;931,8;932,6;931,8;2532,8;29,8;16,2;31,4;29,7;17,1;15,3;45;39;44;99;7,1;3,2;
2026/05/13;1800 UTC;;931,3;931,8;931,3;2309,3;30,6;16,8;31,1;29,7;17,6;15,8;47;40;44;115;5,8;2,9;
2026/05/13;1900 UTC;;931,3;931,5;931,3;1221,4;29,8;16,9;30,8;29,4;17,8;15,9;49;42;46;176;5,7;1,9;
2026/05/13;2000 UTC;;931,6;931,6;931,3;774,2;28,8;17,9;30;28,7;18;16,1;52;43;52;189;5,2;1,6;
2026/05/13;2100 UTC;;932,2;932,2;931,6;150,5;27,2;18,4;28,8;26,8;19;17,8;62;52;59;191;4;,1;
2026/05/13;2200 UTC;;932,9;932,9;932,2;;25,7;17,5;27,2;25,6;18,9;17,4;63;58;60;231;2,1;,1;
2026/05/13;2300 UTC;;933,8;933,8;932,9;;25,8;17;26;25,5;17,4;16,8;60;58;58;231;1,7;,1;
2026/05/14;0000 UTC;;934,2;934,2;933,8;;25,9;17,2;26,6;25,5;17,7;17;61;56;59;89;3,3;2,3;
2026/05/14;0100 UTC;;934,5;934,5;934,2;;25,2;17,1;26,1;25;17,4;17;62;57;61;101;3;2,2;
2026/05/14;0200 UTC;;934,1;934,5;934,1;;25;16,6;25,2;24,8;17,1;16,6;62;60;60;108;3,9;3;
2026/05/14;0300 UTC;;933,8;934,1;933,8;;23,8;16,8;25;23,8;16,8;16,6;65;60;65;99;4;2,6;
2026/05/14;0400 UTC;;933,2;933,8;933,2;;23,5;16,8;24;23,5;16,9;16,8;66;64;66;107;3,6;2,6;
2026/05/14;0500 UTC;;932,7;933,2;932,7;;23,7;16,8;23,8;23,3;16,9;16,8;67;65;65;100;3,5;2,7;
2026/05/14;0600 UTC;;932,3;932,7;932,3;;23,3;16,8;23,7;22,9;16,8;16,6;68;65;67;111;3,6;2,9;
2026/05/14;0700 UTC;;932,2;932,4;932,2;;22,3;16,6;23,3;22,3;16,9;16,6;71;67;71;104;6,6;4,4;
2026/05/14;0800 UTC;;932,6;932,6;932,2;;21,3;16,7;22,3;21,2;16,8;16,6;75;71;75;109;6,4;3,6;
2026/05/14;0900 UTC;;933,1;933,1;932,6;;21,2;16,5;21,6;21,2;16,7;16,4;75;73;74;106;7,2;4,3;
2026/05/14;1000 UTC;;933,7;933,7;933,1;91;20,7;16,8;21,3;20,7;16,8;16,4;78;74;78;85;6,7;3;
2026/05/14;1100 UTC;;934,4;934,4;933,7;506;22;17,4;22;20,7;17,5;16,8;79;75;75;95;6,7;4,7;
2026/05/14;1200 UTC;;934,6;934,7;934,4;1730,3;25;18,4;25,4;22;18,7;17,5;76;66;67;84;7,8;5;
2026/05/14;1300 UTC;;934,6;934,7;934,6;2068,7;26,2;17,8;27,3;25;18,8;17,6;68;58;60;83;7,7;5,1;
2026/05/14;1400 UTC;;934,1;934,6;934,1;2667,5;28,7;17,6;28,9;26,2;18,3;17,1;60;50;51;87;7,4;4,8;
2026/05/14;1500 UTC;;933,6;934,2;933,6;3161,6;29,8;16,9;30,4;28,7;17,9;16,7;51;46;46;76;8,1;3,6;
2026/05/14;1600 UTC;;932,9;933,6;932,9;3324,3;30,6;17,4;30,8;29,3;18,1;16,4;50;44;45;73;7,1;2,4;
2026/05/14;1700 UTC;;932,1;932,9;932,1;2257,9;29,9;17;31,1;28,7;18;16,3;51;43;46;125;7;2;
2026/05/14;1800 UTC;;931,6;932,1;931,6;2520,5;30,6;16,9;30,9;29,9;17,6;15,9;47;42;44;177;4,6;2,3;
2026/05/14;1900 UTC;;931,5;931,6;931,5;1758,8;30,1;17;31,3;30;18,2;16,2;48;42;45;181;4,3;1,2;
2026/05/14;2000 UTC;;931,8;931,8;931,5;896;28,9;17,9;30,3;28,8;18,2;16,6;52;44;51;193;3,6;1,3;
2026/05/14;2100 UTC;;932,2;932,2;931,8;151,1;26,9;18,5;29;26,8;18,7;17,7;61;51;60;221;2,8;1,6;
2026/05/14;2200 UTC;;932,8;932,8;932,2;;26,2;17,7;27;26,2;18,6;17,7;61;59;60;207;2,8;2,1;
2026/05/14;2300 UTC;;933,5;933,5;932,8;;25,8;17,9;26,2;25,8;18;17,7;62;60;62;198;2,8;1,1;
2026/05/15;0000 UTC;;933,9;933,9;933,4;;25,7;17,1;25,8;25,5;17,9;17,1;62;59;59;180;2,4;,9;
2026/05/15;0100 UTC;;934,1;934,2;933,9;;25;17,4;25,7;25;17,5;17,1;63;59;63;123;3;1,7;
2026/05/15;0200 UTC;;934,3;934,4;934,1;;24,2;17,9;25;24,2;18;17,3;68;63;68;145;3,8;,4;
2026/05/15;0300 UTC;;934,3;934,4;934,3;;24,3;17,9;24,5;24,2;17,9;17,7;68;67;67;142;2,8;,9;
2026/05/15;0400 UTC;;934;934,3;934;;22,4;17,6;24,4;22,4;18,2;17,6;74;67;74;66;3,1;1,9;
2026/05/15;0500 UTC;;933,5;934;933,5;;23,5;17,6;23,5;22,3;18;17,5;76;69;69;93;3;1,5;
2026/05/15;0600 UTC;;933,2;933,5;933,2;;23,8;17,5;24,3;23,6;18;17,5;70;68;68;113;3,2;1,8;
2026/05/15;0700 UTC;;933;933,3;933;;23,7;17,3;24;23,5;17,6;17,3;69;67;67;107;2,6;1,3;
2026/05/15;0800 UTC;;933,1;933,1;932,9;;22,2;17;23,9;21,8;17,3;17;74;65;72;104;5,3;2,5;
2026/05/15;0900 UTC;;933,7;933,7;933,1;;21,2;17;22,3;21,2;17,1;17;77;72;77;98;4;2,8;
2026/05/15;1000 UTC;;934,4;934,4;933,7;69,4;22,3;16,8;22,3;20,7;17,1;16,7;79;71;71;103;6,2;4,8;
2026/05/15;1100 UTC;;934,9;935;934,4;605;23,6;17,5;23,6;21,7;17,8;16,7;74;69;69;85;6,2;4,2;
2026/05/15;1200 UTC;;935,4;935,4;934,9;1648,8;25,7;18;25,9;23,5;18,4;17,4;69;62;63;65;7,4;4;
2026/05/15;1300 UTC;;935,1;935,4;935,1;2338,6;27,3;17,5;27,5;25,5;19,1;17,5;64;55;55;43;9,4;6,3;
2026/05/15;1400 UTC;;934,8;935,2;934,8;2863,7;28,8;18,1;29;27,2;18,5;17,2;56;51;52;22;10,4;4,2;
2026/05/15;1500 UTC;;934,1;934,8;934,1;3169,2;30,4;17,9;30,4;28,7;18,5;17,2;53;47;47;61;6,8;2,9;
2026/05/15;1600 UTC;;933,2;934,1;933,2;1749,5;29,4;17,7;30,5;28,8;18,1;16,8;52;46;49;49;7,4;1,2;
2026/05/15;1700 UTC;;932,3;933,2;932,3;2293,8;29,5;17,7;31,4;28,8;18,2;16,9;51;44;49;105;4,4;1,6;
2026/05/15;1800 UTC;;931,6;932,3;931,6;1383,2;28,7;17;31,3;28,4;18,3;16,1;54;42;49;330;5,8;0;
2026/05/15;1900 UTC;;931,1;931,6;931,1;827,9;29,1;17,4;31,8;28,6;18,7;15,9;54;40;49;240;2,1;,8;
2026/05/15;2000 UTC;;931,2;931,2;931,1;809,8;29,1;18,5;30,5;29,1;18,7;17;53;45;53;224;3,3;1,5;
2026/05/15;2100 UTC;;931,4;931,4;931,2;158,7;26,2;18,8;29,1;26,2;19,4;18,7;64;53;64;235;3,3;2,2;
2026/05/15;2200 UTC;;931,7;931,7;931,4;;26,7;18,4;27,3;26,1;18,8;18,1;64;58;61;214;2,9;2,1;
2026/05/15;2300 UTC;;932,2;932,2;931,7;;25,7;18,4;26,7;25,6;18,5;18,2;65;60;64;203;2,9;1,5;
2026/05/16;0000 UTC;;932,8;932,8;932,2;;25,6;18,1;25,8;25,5;18,4;18;64;62;64;205;2,9;1,7;
2026/05/16;0100 UTC;;933,4;933,4;932,8;;25,4;18,1;25,6;25;18,3;18,1;66;63;64;178;2,5;,4;
2026/05/16;0200 UTC;;933,5;933,5;933,4;;23,4;17,9;25,6;23,3;18,1;17,7;72;62;71;75;2,1;0;
2026/05/16;0300 UTC;;933,3;933,6;933,3;;23,2;18,3;23,8;23,1;18,3;17,9;74;71;74;112;1,7;0;
2026/05/16;0400 UTC;;932,7;933,3;932,7;;24,2;17,5;24,2;23,1;18,3;17,5;74;66;66;61;2,4;1,4;
2026/05/16;0500 UTC;;932,4;932,7;932,4;;23;17,1;24,2;23;17,6;17,1;70;66;70;49;2,6;1,5;
2026/05/16;0600 UTC;;931,8;932,4;931,8;;22,6;16,9;23;21,7;17,3;16,8;75;70;71;27;2,6;2;
2026/05/16;0700 UTC;;931,5;931,8;931,5;;21,1;16,8;22,7;21,1;16,9;16,6;77;69;77;32;2,6;1,1;
2026/05/16;0800 UTC;;931,9;931,9;931,5;;21,1;16,8;21,6;20,9;17;16,7;78;75;77;28;2,4;1,2;
2026/05/16;0900 UTC;;932,4;932,4;931,9;;21,5;16,8;21,5;20,9;16,9;16,6;77;74;74;55;1,8;,5;
2026/05/16;1000 UTC;;933;933;932,4;122,6;23,2;17,6;23,2;21,3;17,6;16,7;76;69;71;34;1,7;,4;
2026/05/16;1100 UTC;;933,9;933,9;933;828,2;24,3;17,9;25,8;23,2;18,9;17,2;71;63;68;117;4,9;2,6;
2026/05/16;1200 UTC;;934,4;934,4;933,9;1624,4;27,1;18,9;27,1;24,3;18,9;17,7;68;60;61;100;4,2;2,5;
2026/05/16;1300 UTC;;934,4;934,5;934,4;2323,1;28;17,6;28,5;26,9;19,2;17,3;61;52;53;110;4,8;3,1;
2026/05/16;1400 UTC;;934,2;934,5;934,2;2827,7;29,4;18;29,5;27,9;18,9;17,2;56;49;50;119;5,6;2,7;
2026/05/16;1500 UTC;;933,4;934,2;933,4;3315,4;30,5;18,4;30,7;29,3;18,5;17,5;51;46;48;72;5,6;1,4;
2026/05/16;1600 UTC;;932,5;933,4;932,5;3272,8;30,5;18,2;30,9;29,6;18,7;17,3;50;45;48;110;6,1;2,1;
2026/05/16;1700 UTC;;931,6;932,5;931,6;2023,1;29,9;16,9;31,5;29,4;18,3;16,5;50;43;46;157;4,5;,9;
2026/05/16;1800 UTC;;930,9;931,6;930,9;1817,7;31,3;17,5;31,4;29,4;18,1;16,4;48;41;44;137;4,1;1,9;
2026/05/16;1900 UTC;;930,7;930,9;930,7;1291,3;30,7;17,6;31,3;29,3;18,7;16,5;53;43;45;222;4,1;1,6;
2026/05/16;2000 UTC;;930,9;930,9;930,6;910,3;29,4;19,1;30,9;29,3;19,1;16,8;54;44;54;230;3,7;1,9;
2026/05/16;2100 UTC;;931,2;931,2;930,9;166,9;27,5;19,1;29,4;27,5;19,2;18,6;60;54;60;210;3,1;1,7;
2026/05/16;2200 UTC;;931,5;931,5;931,2;;26,9;17,6;27,6;26,3;19,2;17,6;63;57;57;221;2,5;1,7;
2026/05/16;2300 UTC;;932;932;931,5;;26,2;17,5;27;25,9;17,9;17,3;61;56;59;196;2,5;,7;
2026/05/17;0000 UTC;;932,5;932,5;932;;26,1;16,9;26,3;25,9;17,6;16,9;60;56;57;197;1,9;,8;
2026/05/17;0100 UTC;;932,8;932,8;932,5;;25,2;17,6;26,1;25,2;17,6;16,6;63;57;63;108;3;2,3;
2026/05/17;0200 UTC;;932,8;932,9;932,7;;25,9;17,4;25,9;25,2;17,6;17,2;63;59;60;118;3,5;2,5;
2026/05/17;0300 UTC;;932,8;932,9;932,8;;25,1;16,7;25,9;25;17,5;16,7;62;60;60;106;3,4;2,6;
2026/05/17;0400 UTC;;932,7;933;932,7;;23,3;16,8;25,2;23,3;16,8;16,5;67;59;67;50;3,4;1,8;
2026/05/17;0500 UTC;;932;932,7;932;;23,5;16,3;23,6;23,3;17;16,2;67;63;64;41;2,6;1,9;
2026/05/17;0600 UTC;;931,8;932,1;931,8;;22,8;16,1;23,6;22,7;16,2;16;66;63;66;53;2,9;2,1;
2026/05/17;0700 UTC;;931,4;931,8;931,4;;22,8;16;23;22,7;16,1;16;66;65;66;54;2,9;2;
2026/05/17;0800 UTC;;931,5;931,5;931,3;;22,7;15,8;22,9;22,6;16;15,8;66;65;65;54;2,7;1,9;
2026/05/17;0900 UTC;;931,8;931,8;931,4;;22,8;15,7;23;22,6;15,8;15,7;66;64;64;64;2,4;1,5;
2026/05/17;1000 UTC;;932,4;932,4;931,8;110,2;23,4;16,3;23,4;22,4;16,5;15,7;67;64;65;99;4,1;2,7;
2026/05/17;1100 UTC;;933;933;932,4;808;24,9;17;24,9;23,4;17,2;16,3;66;60;62;88;5;3,1;
2026/05/17;1200 UTC;;933,4;933,5;933;1619,5;26,6;16,8;26,8;24,8;17,4;16,5;63;54;55;94;8,3;4,4;
2026/05/17;1300 UTC;;933,3;933,5;933,2;2335,8;28,2;17,6;28,4;26,3;18,3;16,6;58;53;53;84;8,3;5;
2026/05/17;1400 UTC;;932,7;933,3;932,7;2833,9;29,6;17,9;29,6;27,8;18,5;17;55;48;49;87;8,2;4,2;
2026/05/17;1500 UTC;;932;932,7;932;3042,2;30,6;16,8;30,8;29,3;17,9;16,2;49;43;43;101;8,9;4,3;
2026/05/17;1600 UTC;;931,3;932;931,3;3161,5;30,8;16,5;31,5;29,9;17,5;15,7;45;40;42;93;7,4;3,6;
2026/05/17;1700 UTC;;930,6;931,3;930,5;2652,1;31,3;16,5;31,8;30,1;17,1;15,6;44;38;41;93;6,9;2,5;
2026/05/17;1800 UTC;;930,1;930,6;930;2196,6;31,3;15,8;31,7;30,5;16,8;14,8;41;37;39;104;6,4;3,4;
2026/05/17;1900 UTC;;930;930,1;929,9;1605,7;31,1;15,1;31,6;30,5;16,2;14,6;41;36;38;124;6,4;2,2;
2026/05/17;2000 UTC;;930,2;930,2;930;886,5;30;15,7;31,2;30;16;14,6;42;37;42;125;4,7;2,3;
2026/05/17;2100 UTC;;930,7;930,7;930,2;155,8;27,6;16,6;30;27,6;17,3;15,7;52;42;51;152;3,8;1,1;
2026/05/17;2200 UTC;;931,1;931,1;930,7;;27,3;16,4;27,7;27,2;16,7;16,3;53;50;51;133;3,3;2,4;
2026/05/17;2300 UTC;;931,6;931,6;931;;26,8;15,9;27,5;26,8;16,4;15,9;51;50;51;122;4;2,7;
2026/05/18;0000 UTC;;932;932;931,6;;26,1;15,9;26,8;26;15,9;15,7;54;51;53;117;4,1;2,7;
2026/05/18;0100 UTC;;932,6;932,6;932;;25,5;16;26,2;25,4;16;15,8;56;53;56;114;4,1;2,9;
2026/05/18;0200 UTC;;932,7;932,8;932,6;;25;16;25,5;25;16,1;15,9;57;55;57;103;3,8;2,5;
2026/05/18;0300 UTC;;932,9;932,9;932,6;;24,7;16,1;25,3;24,7;16,2;16;59;57;59;65;3,3;1,4;
2026/05/18;0400 UTC;;932,8;932,9;932,7;;23,8;16,1;24,7;23,5;16,2;16,1;63;59;62;53;3;1,8;
2026/05/18;0500 UTC;;932,7;932,9;932,6;;22,7;15,9;23,9;22,4;16,2;15,9;68;62;66;35;4,7;,6;
2026/05/18;0600 UTC;;932,5;932,7;932,4;;23;16;23,3;22,1;16,4;16;69;64;65;330;3,6;1,4;
2026/05/18;0700 UTC;;932,6;932,6;932,4;;22,5;16;23,3;22,1;16,4;15,8;69;64;67;343;2,5;0;
2026/05/18;0800 UTC;;932,7;932,7;932,5;;22,4;15,9;23,1;22,1;16,4;15,8;70;64;67;86;1,6;,2;
2026/05/18;0900 UTC;;933,4;933,4;932,7;;22,1;15,9;22,4;21,4;16,2;15,8;71;67;68;120;5;3;
2026/05/18;1000 UTC;;934,1;934,1;933,3;104,7;23,2;15,8;23,2;21,7;16;15,8;70;63;63;109;4,9;3;
2026/05/18;1100 UTC;;934,7;934,7;934,1;813,5;25,6;16,1;25,6;23,2;16,1;15,2;63;55;56;104;4,5;2,7;
2026/05/18;1200 UTC;;935,1;935,1;934,7;1651;26,7;16;27,2;25,6;16,2;15,1;56;48;52;96;6;3,7;
2026/05/18;1300 UTC;;935;935,2;935;2352,4;27,7;16,3;27,9;26,4;17,3;15,7;55;50;50;99;6,8;4,1;
2026/05/18;1400 UTC;;934,8;935,1;934,8;2858,9;29,2;16,3;29,8;27,4;17,5;15,7;53;44;46;97;6,6;4;
2026/05/18;1500 UTC;;934,2;934,8;934,2;3144,9;31,2;15,7;31,2;29,1;17,1;13,8;47;36;39;95;7,7;3,4;
2026/05/18;1600 UTC;;933,4;934,2;933,4;3138,9;31,2;13,2;31,4;30,4;14,9;11,4;39;30;33;150;5,9;1,5;
2026/05/18;1700 UTC;;932,5;933,4;932,5;2866;31,1;12,9;32,2;30,7;13,8;11,9;34;31;33;150;5;2,2;
2026/05/18;1800 UTC;;931,9;932,5;931,8;2385,2;31,4;12,6;31,8;30,8;14,1;12;36;31;32;134;6,5;2,2;
2026/05/18;1900 UTC;;931,4;931,9;931,4;1695,4;30,7;14,4;31,4;30,7;15,3;12,4;39;31;37;180;6,5;1,4;
2026/05/18;2000 UTC;;931,5;931,5;931,4;892;29,4;16,6;30,9;29,4;16,6;13,4;46;35;46;215;3,6;2;
2026/05/18;2100 UTC;;931,5;931,6;931,4;157,8;27,4;16,4;29,4;27,4;17;16,4;52;46;51;198;3,3;1,4;
2026/05/18;2200 UTC;;931,6;931,7;931,5;;26,4;16,1;27,4;26,3;16,4;15,5;53;49;53;214;2,8;1,7;
2026/05/18;2300 UTC;;932,4;932,4;931,6;;26;15,7;26,7;26;16,1;15,6;53;52;53;187;3,1;1,3;
2026/05/19;0000 UTC;;933;933;932,4;;26;15,3;26,1;25,6;15,7;15,1;53;51;52;164;2,6;,4;
2026/05/19;0100 UTC;;933,5;933,5;933;;25,1;15,3;26,1;25,1;15,4;15;55;50;55;132;2,2;,3;
2026/05/19;0200 UTC;;933,8;933,8;933,5;;24,9;15,7;26,3;24,8;15,8;15,3;57;51;57;109;4,3;2,9;
2026/05/19;0300 UTC;;933,8;933,9;933,8;;23,1;15,9;24,9;22,7;15,9;15,6;65;57;64;85;4,5;2,7;
2026/05/19;0400 UTC;;933,6;933,8;933,6;;23,2;14,7;24;23;16;14,7;64;57;59;59;4;1,8;
2026/05/19;0500 UTC;;933,2;933,6;933,2;;23,2;15;24;23;15,1;14,5;60;56;60;74;3,4;1,6;
2026/05/19;0600 UTC;;932,9;933,2;932,9;;22,9;15,4;23,4;22,7;15,4;15;63;60;63;54;3,4;1,8;
2026/05/19;0700 UTC;;932,7;932,9;932,7;;22,8;15,5;22,9;22,2;15,6;15,3;65;63;64;53;3,4;2,2;
2026/05/19;0800 UTC;;932,9;932,9;932,7;;22,3;15,3;23;22;15,6;15,2;66;63;64;85;3,1;1,8;
2026/05/19;0900 UTC;;933,4;933,4;932,9;;22,3;15,5;23,5;21,9;15,5;14,9;66;59;65;121;4;3;
2026/05/19;1000 UTC;;934;934;933,4;103,6;22,5;16;22,7;22,1;16;15,4;67;64;67;117;5,6;3,4;
2026/05/19;1100 UTC;;934,6;934,6;934;817,5;25,4;16,6;25,5;22,5;16,8;15,9;67;58;58;97;5,1;3;
2026/05/19;1200 UTC;;935,1;935,1;934,6;1640,3;26,7;16;27;25,4;16,9;15,2;59;49;52;104;6,2;3,5;
2026/05/19;1300 UTC;;934,9;935,1;934,8;2345,4;28,8;16,8;28,8;26,7;16,8;15,1;53;46;48;134;6,4;3,5;
2026/05/19;1400 UTC;;934,6;934,9;934,6;2857,3;30;14;30,3;28,6;16,9;12,9;48;35;38;114;6,4;3,3;
2026/05/19;1500 UTC;;933,9;934,6;933,9;3133,9;31,3;14,2;31,4;29,4;15,8;12,5;42;33;35;141;6,3;2;
2026/05/19;1600 UTC;;932,9;933,9;932,9;3050,2;30,7;14;31,6;30,3;15,2;13,1;39;34;36;147;6,3;2,6;
2026/05/19;1700 UTC;;932,2;932,9;932,2;2950,5;31,1;12,7;31,9;30,5;14,5;12,7;36;32;32;120;6,6;3,2;
2026/05/19;1800 UTC;;931,5;932,2;931,5;2412,7;31,3;13,4;31,7;31;14,5;12,6;36;32;34;85;5,7;2,5;
2026/05/19;1900 UTC;;931,6;931,6;931,4;1697,3;31,1;13;31,7;30,8;14,4;12,7;37;32;33;120;5,9;2;
2026/05/19;2000 UTC;;931,7;931,7;931,6;885,3;29,5;16,5;31,1;29,5;16,5;12,6;46;32;46;204;4,4;1,2;
2026/05/19;2100 UTC;;931,9;931,9;931,7;153,9;27,7;16,7;29,5;27,7;16,7;16,1;51;45;51;200;2,9;1,4;
2026/05/19;2200 UTC;;932,5;932,5;931,9;;27,3;14,8;27,7;26,9;16,9;14,7;54;46;46;195;2,5;1,7;
2026/05/19;2300 UTC;;933;933;932,5;;26,4;15,2;27,3;26,4;15,4;14,7;51;46;50;192;2,5;1,2;
2026/05/20;0000 UTC;;933,4;933,4;933;;26,2;14,7;26,5;25,4;15,3;14,7;52;49;49;121;2,7;1,8;
2026/05/20;0100 UTC;;933,8;933,8;933,4;;26,2;14,2;26,6;26,2;14,9;14;49;46;47;116;3,4;2,5;
2026/05/20;0200 UTC;;933,9;933,9;933,8;;25,5;14,1;26,2;25,2;14,4;14;51;47;49;102;3,9;3;
2026/05/20;0300 UTC;;933,6;933,9;933,6;;24,8;13,7;25,7;24,8;14;13,6;50;48;50;109;4,2;2,5;
2026/05/20;0400 UTC;;933,2;933,6;933,2;;23,7;14;24,8;23,6;14;13,7;55;50;55;98;3,8;3;
2026/05/20;0500 UTC;;932,6;933,2;932,6;;23,1;14,2;23,9;22,9;14,2;13,9;58;54;57;63;3,8;,8;
2026/05/20;0600 UTC;;932,2;932,6;932,2;;24,3;13,5;24,5;22,9;14,2;13,4;58;50;51;114;2,7;2,2;
2026/05/20;0700 UTC;;931,9;932,2;931,8;;23,7;12,8;24,8;23,7;13,6;12,6;52;47;50;107;3,1;1,4;
2026/05/20;0800 UTC;;932,1;932,1;931,9;;24,3;12,5;24,3;22,8;13;12,4;52;48;48;128;3,1;2,3;
2026/05/20;0900 UTC;;932,8;932,8;932,1;;22;13,9;24,3;20,5;14,5;12,4;67;48;60;115;9,9;3,7;
2026/05/20;1000 UTC;;933,6;933,6;932,8;99,5;22,5;14;23,1;22;14;13,3;60;54;58;96;7,7;4,7;
2026/05/20;1100 UTC;;934,3;934,3;933,6;802,6;23,3;15;23,4;22,1;15,3;14;63;59;60;87;7,7;4,3;
2026/05/20;1200 UTC;;934,7;934,8;934,3;1621,9;25,4;16;25,7;23,3;16,4;15,2;61;55;56;56;6,8;4,2;
2026/05/20;1300 UTC;;934,8;934,9;934,7;2322,2;28,3;16,7;28,4;25,4;17,1;16,1;57;49;49;61;7,8;5;
2026/05/20;1400 UTC;;934,5;934,8;934,5;2826,9;29,3;15,9;29,9;27,9;17,4;15,6;51;44;45;86;7,5;3,9;
2026/05/20;1500 UTC;;934,1;934,5;934,1;3103,1;30,1;15,7;30,4;28,8;17,4;15,4;48;41;42;104;7,5;4,3;
2026/05/20;1600 UTC;;933,1;934,1;933,1;3047,4;30,5;16,5;30,9;29,9;17,2;15,5;45;40;43;127;7,2;3;
2026/05/20;1700 UTC;;932,4;933,1;932,4;2665,5;30,5;15,2;30,9;29,6;16,3;13,9;43;37;40;139;6,3;3;
2026/05/20;1800 UTC;;931,7;932,4;931,7;1779,7;30,4;15,9;31,2;28,7;16,6;14,9;46;39;41;180;6,5;2,1;
2026/05/20;1900 UTC;;931,6;931,8;931,5;1632,7;29,7;15,9;30,8;29,7;16,1;14,4;43;37;43;165;6,8;3;
2026/05/20;2000 UTC;;931,8;931,8;931,6;877,3;29,1;15,9;30;29;16,5;14,8;46;40;45;190;5,3;,9;
2026/05/20;2100 UTC;;932;932;931,8;155,4;27,3;17,1;29,1;27,3;17,1;15,9;54;45;54;198;3,1;,6;
2026/05/20;2200 UTC;;932,3;932,3;932;;26,3;15,8;27,3;26,2;17,2;15,8;56;53;53;192;2,6;,9;
2026/05/20;2300 UTC;;932,7;932,7;932,3;;26;14,8;26,3;25,9;15,8;14,8;53;50;50;163;2,8;,7;
2026/05/21;0000 UTC;;933,3;933,3;932,7;;24,7;15,9;26;24,2;15,9;14,6;58;50;58;102;3,1;2,2;
2026/05/21;0100 UTC;;933,8;933,8;933,3;;25,7;15,5;25,8;24,6;16,7;15,5;61;53;53;87;3,4;2,2;
2026/05/21;0200 UTC;;934;934;933,8;;25,2;15,4;25,7;25,2;15,6;15,3;55;53;55;109;3,3;2,6;
2026/05/21;0300 UTC;;933,7;934;933,7;;24,1;15,6;25,3;24,1;15,6;15,4;59;55;59;104;3,9;3,1;
2026/05/21;0400 UTC;;933,2;933,7;933,2;;23,6;15,1;24,2;23,6;15,6;15,1;59;58;59;99;4,2;3;
2026/05/21;0500 UTC;;932,7;933,2;932,7;;22,7;15;23,8;22,7;15,2;14,8;62;58;62;99;4,3;2,4;
2026/05/21;0600 UTC;;932,4;932,7;932,4;;23,3;14,6;23,4;22,4;15;14,6;63;58;58;106;5;2,9;
2026/05/21;0700 UTC;;932,4;932,5;932,3;;22,7;14,5;23,4;22,7;14,6;14,4;60;57;60;104;4,9;3,7;
2026/05/21;0800 UTC;;932,9;932,9;932,4;;21,5;14,8;22,8;21,5;14,8;14,4;66;59;66;104;6;4;
2026/05/21;0900 UTC;;933,2;933,2;932,9;;21,3;14,9;21,7;21;15;14,8;68;66;67;108;6,7;4,5;
2026/05/21;1000 UTC;;933,6;933,6;933,2;101,4;21,9;15,1;21,9;21;15,1;14,8;68;65;66;109;6,1;3,9;
2026/05/21;1100 UTC;;934,3;934,3;933,6;813,6;23,4;15,5;23,4;21,9;15,6;15,1;66;61;61;103;8,1;5,1;
2026/05/21;1200 UTC;;934,9;934,9;934,3;1641,8;24,5;15,9;24,8;23,2;15,9;15,2;62;57;58;98;8,1;5,5;
2026/05/21;1300 UTC;;935,1;935,1;934,9;2337,3;26,6;16;26,8;24,5;16,7;15,7;59;52;52;113;8,1;4,3;
2026/05/21;1400 UTC;;934,6;935,1;934,6;2832,4;28,3;17,1;28,6;26,6;17,2;15,9;53;48;51;94;8,1;5,7;
2026/05/21;1500 UTC;;933,8;934,6;933,8;3140;29,1;16,1;29,7;28;17,9;16,1;52;45;45;123;8,6;4,7;
2026/05/21;1600 UTC;;933,2;933,8;933,2;3048,7;29,9;14,7;30,2;28,6;16,7;13,7;47;37;40;100;8,4;5;
2026/05/21;1700 UTC;;932,6;933,2;932,5;2924,8;30,4;14,8;30,7;29,6;16,1;13,5;43;36;39;138;7,8;3,8;
2026/05/21;1800 UTC;;931,9;932,6;931,9;1897;29,1;14,7;30,7;28,6;15,6;12,7;43;34;42;123;7,5;3;
2026/05/21;1900 UTC;;931,7;931,9;931,6;1645,4;29,7;14,8;30,7;28,5;15,9;13,4;46;35;40;129;6,8;3,1;
2026/05/21;2000 UTC;;932,2;932,2;931,7;887;28,8;14,9;29,9;28,5;16,2;14,6;44;40;43;134;5,8;1,9;
2026/05/21;2100 UTC;;932,4;932,4;932,1;151,7;27,1;15,4;28,8;27,1;15,4;14,5;49;41;49;140;3,8;1,6;
2026/05/21;2200 UTC;;933,1;933,1;932,4;;26,7;14,8;27,1;26,5;15,7;14,8;51;48;48;118;3,3;2,2;
2026/05/21;2300 UTC;;933,5;933,5;933,1;;25,1;15;26,7;25,1;15,3;14,8;54;48;54;106;3,5;2,5;
2026/05/22;0000 UTC;;934;934;933,5;;24,7;14,9;25,1;24,5;15,1;14,8;56;54;54;102;3,7;2,9;
2026/05/22;0100 UTC;;934,2;934,2;934;;24,1;14,9;24,8;23,8;14,9;14,8;57;54;57;102;4;2,6;
2026/05/22;0200 UTC;;934,3;934,5;934,2;;24,1;14,8;24,5;23,7;15,2;14,8;59;55;56;116;4,5;2,7;
2026/05/22;0300 UTC;;934,3;934,5;934,3;;23,9;14,8;24,2;23,7;15;14,8;58;56;57;88;3,9;2,2;
2026/05/22;0400 UTC;;933,7;934,3;933,7;;24;14,6;24;23,4;14,9;14,5;59;55;55;85;3,9;2,7;
2026/05/22;0500 UTC;;933,3;933,8;933,3;;24,2;14,4;24,4;22,8;15,2;14,4;61;54;54;55;3,9;1,5;
2026/05/22;0600 UTC;;933,1;933,4;933,1;;23,2;14,6;24,4;22,4;15;14,4;63;54;59;129;5,3;3,1;
2026/05/22;0700 UTC;;933;933,2;933;;23;14,4;23,2;22,4;14,7;14,4;61;58;58;132;5,5;3,5;
2026/05/22;0800 UTC;;933,3;933,3;933;;21,4;14,7;23;21,4;14,7;14,3;66;58;66;110;5,9;3,3;
2026/05/22;0900 UTC;;933,7;933,7;933,3;;20,7;14,5;21,4;20,5;14,7;14,5;69;66;68;102;6,5;4,4;
2026/05/22;1000 UTC;;934,4;934,5;933,7;109,3;21;14,7;21;20,4;14,7;14,4;69;67;67;106;7,8;4,9;
2026/05/22;1100 UTC;;935,2;935,3;934,4;687,1;21,9;15,5;21,9;21;15,5;14,7;68;66;67;105;8,4;5,2;
2026/05/22;1200 UTC;;935,7;935,9;935,2;1424,3;23,7;16,1;24,5;21,9;16,6;15,3;67;60;62;104;9,4;6,1;
2026/05/22;1300 UTC;;935,6;935,8;935,6;1999,8;25,6;16,6;26;23,7;17,1;16;63;57;58;102;10,3;6,8;
2026/05/22;1400 UTC;;935,2;935,6;935,2;2479,2;27,1;16,8;27,8;25,2;17,6;16,5;60;52;53;100;10,3;6,2;
2026/05/22;1500 UTC;;934,6;935,2;934,6;2330,6;28,4;17;28,7;27;17,6;16,7;55;49;50;93;9,6;6;
2026/05/22;1600 UTC;;934,1;934,6;934,1;2554,2;28,8;16,6;29,1;27,5;17,6;16,4;53;48;48;90;8,9;4,7;
2026/05/22;1700 UTC;;933,1;934,1;933,1;2119,2;28,8;16,9;29,8;28,1;18,1;16,4;51;46;49;118;8,5;4,6;
2026/05/22;1800 UTC;;932,7;933,1;932,7;1641,6;28,9;17;29,4;28,2;17,5;16,3;50;47;49;109;8,4;4,6;
2026/05/22;1900 UTC;;933;933;932,5;1539,8;29,2;16,3;29,6;28,2;17,2;15,8;49;45;46;116;7;3,3;
2026/05/22;2000 UTC;;933,2;933,2;933;629,9;27,2;17,4;29,2;27,2;17,4;15,6;55;44;55;157;6;1,4;
2026/05/22;2100 UTC;;933,6;933,6;933,2;89;25,7;17,3;27,3;25,6;17,7;17,3;60;55;60;149;3,1;1,6;
2026/05/22;2200 UTC;;934,1;934,1;933,6;;25,2;16,6;25,7;25,2;17,3;16,6;60;58;59;134;4,3;2,8;
2026/05/22;2300 UTC;;934,9;934,9;934,1;;24,3;16,4;25,2;24,3;16,7;16,4;61;59;61;133;4,6;2,4;
2026/05/23;0000 UTC;;935,1;935,1;934,9;;23,9;16;24,4;23,9;16,4;16;62;61;61;125;3,9;2,4;
2026/05/23;0100 UTC;;935;935,1;934,9;;23,2;16;24;23,1;16,2;16;65;61;64;107;4,1;2,9;
2026/05/23;0200 UTC;;934,8;935;934,8;;23,5;15,7;23,5;23,1;16;15,7;64;61;62;120;4;2,7;
2026/05/23;0300 UTC;;935,4;935,4;934,8;;23,4;15,5;23,5;22,8;15,7;15,4;64;61;61;127;4,3;2,8;
2026/05/23;0400 UTC;;935,1;935,4;934,7;;22,2;15,5;23,6;22,1;15,7;15,4;66;60;66;116;7,2;3,6;
2026/05/23;0500 UTC;;934,1;935,1;933,9;;21,2;15,7;22,2;21,2;15,7;15,5;70;66;70;112;7,3;4,5;
2026/05/23;0600 UTC;;934,2;934,2;934;;20,4;15,8;21,2;20,4;15,8;15,6;75;71;75;123;7,1;2,6;
2026/05/23;0700 UTC;;934,3;934,4;933,9;;20,3;15,8;20,6;20;15,9;15,7;77;74;75;122;4,8;2,4;
2026/05/23;0800 UTC;;934,4;934,5;934,1;;20,2;15,9;20,6;20,1;15,9;15,8;77;74;76;124;6;3,8;
2026/05/23;0900 UTC;;935,2;935,2;934,3;;19,2;15,8;20,5;19,2;15,9;15,8;81;75;81;130;7,9;3,7;
2026/05/23;1000 UTC;;935,9;935,9;935,1;57,5;19,3;16;19,6;19,1;16;15,8;81;79;81;116;6,1;4,1;
2026/05/23;1100 UTC;;935,8;936;935,6;559,2;20,5;17;20,7;19,3;17,1;16;81;79;80;97;11,7;7,3;
2026/05/23;1200 UTC;;936,3;936,4;935,8;1137,1;22,1;18,2;22,1;20,5;18,2;17;81;78;79;95;11,7;5;
2026/05/23;1300 UTC;;936;936,3;935,8;1756,3;24,1;18,7;24,2;22,1;19,1;18,2;79;72;72;132;9,4;4,9;
2026/05/23;1400 UTC;;935,7;936,1;935,6;1867,8;24,9;18,8;25,2;23,3;19,2;18,1;74;68;69;103;9,8;5,7;
2026/05/23;1500 UTC;;935,2;935,8;935,2;2192,1;25,3;18,8;27;24,5;19,4;18,2;71;62;67;131;9,8;4,4;
2026/05/23;1600 UTC;;934,3;935,2;934,3;2060,4;26,7;17,9;27,4;25,3;19,3;17,7;68;57;58;115;8,9;4,8;
2026/05/23;1700 UTC;;933,6;934,4;933,6;2246,5;28,2;18,3;28,2;26,7;18,4;17;60;53;55;125;9,5;4,6;
2026/05/23;1800 UTC;;933,1;933,6;933;2177,9;27,6;16,3;28,7;27,1;18;16,2;55;49;50;116;9,5;4,9;
2026/05/23;1900 UTC;;933;933,1;932,8;1590,3;28,1;15,9;28,9;27,4;16,9;15,4;51;46;47;95;10,2;5,7;
2026/05/23;2000 UTC;;933,2;933,2;933;915,2;27;16,4;28,3;27;16,6;15,8;53;47;52;116;8;3,7;
2026/05/23;2100 UTC;;933,7;933,7;933,1;154,6;25,1;17,2;27;25,1;17,2;16,4;62;52;62;125;5,5;1,9;
2026/05/23;2200 UTC;;934,1;934,1;933,7;;24,1;17,9;25,1;24,1;17,9;17,2;68;62;68;135;3;2,1;
2026/05/23;2300 UTC;;934,5;934,5;934,1;;23,1;17,6;24,1;23,1;17,9;17,5;71;67;71;130;3,9;2;
2026/05/24;0000 UTC;;934,8;934,9;934,6;;22,1;17,6;23,1;22,1;17,7;17,5;76;71;76;133;3,8;2,6;
2026/05/24;0100 UTC;;934,7;934,9;934,7;;20,6;17,6;22,1;20,5;17,6;17,4;83;76;83;153;3,9;2;
2026/05/24;0200 UTC;;934,7;934,9;934,7;;20,9;17,4;21,6;20,6;17,7;17,4;83;78;80;133;4,6;3;
2026/05/24;0300 UTC;;934,6;934,7;934,5;;20,8;17,5;20,9;20,4;17,6;17,4;83;80;81;122;4,7;3;
2026/05/24;0400 UTC;;934,2;934,7;934,2;;20,4;17,5;20,8;20,4;17,6;17,4;83;81;83;125;5,3;3,1;
2026/05/24;0500 UTC;;933,9;934,2;933,9;;19,6;17,4;20,4;19,6;17,5;17,3;87;83;87;122;4,9;1,9;
2026/05/24;0600 UTC;;933,5;933,9;933,5;;19,3;17,5;19,7;19,2;17,6;17,3;89;87;89;128;4,3;2,6;
2026/05/24;0700 UTC;;933,3;933,5;933,1;;19,7;17,8;19,9;19,3;17,8;17,5;89;87;89;128;4,9;3,1;
2026/05/24;0800 UTC;;933,6;933,6;933,3;;19,8;18;20;19,6;18;17,7;89;88;89;100;5,2;3,6;
2026/05/24;0900 UTC;;933,8;933,8;933,6;;18,9;17,8;20;18,8;18;17,7;94;89;93;87;5,5;2,6;
2026/05/24;1000 UTC;;934,3;934,3;933,8;119,5;19,5;18,3;19,5;18,7;18,3;17,6;94;92;93;36;5,9;2;
2026/05/24;1100 UTC;;934,8;934,8;934,3;579,2;21,3;19;21,3;19,5;19,2;18,1;93;87;87;93;7,1;4,6;
2026/05/24;1200 UTC;;935,4;935,4;934,8;1116,1;23,2;19,4;23,2;20,8;19,6;18,7;89;79;79;100;9,4;5,4;
2026/05/24;1300 UTC;;935,5;935,6;935,4;2113,9;25,3;19,7;25,6;22,8;19,7;18,8;79;69;71;88;9,9;5,5;
2026/05/24;1400 UTC;;935,4;935,6;935,4;2244,9;25,4;18,7;26,2;24,2;20;18,7;74;65;66;108;10;5,3;
2026/05/24;1500 UTC;;934,7;935,4;934,7;2433,9;25,8;18,6;27,2;25,4;19,9;18,5;68;62;65;101;9,5;4,5;
2026/05/24;1600 UTC;;933,8;934,7;933,8;2989,2;29,1;18,9;29,1;25,8;19,8;17,6;65;52;54;107;10,6;6;
2026/05/24;1700 UTC;;933,2;933,8;933,1;2291,8;28,1;18;29,7;27,2;18,7;17,1;57;50;54;106;10,6;5,2;
2026/05/24;1800 UTC;;932,6;933,2;932,6;1999,8;28,4;17,8;29,4;27,4;18,8;17,1;56;50;53;99;9,1;5;
2026/05/24;1900 UTC;;932,5;932,6;932,5;1119,7;27,5;16,8;29,5;27,5;18,1;16;54;46;52;109;7,9;3,3;
2026/05/24;2000 UTC;;932,4;932,5;932,4;732,6;27,7;17,1;28,2;27,5;17,1;16,5;53;50;53;110;6,3;3,7;
2026/05/24;2100 UTC;;932,9;932,9;932,4;153;25,7;16,9;27,7;25,6;17,3;16,9;58;52;58;111;5,5;2,9;
2026/05/24;2200 UTC;;933,3;933,3;932,9;;24,6;16,9;25,7;24,6;17;16,8;62;58;62;108;4,8;3,1;
2026/05/24;2300 UTC;;933,9;933,9;933,3;;24,4;16,8;24,6;24;17;16,8;64;62;63;107;5,2;3,5;
2026/05/25;0000 UTC;;934,5;934,5;933,9;;23,4;16,9;24,4;23,4;16,9;16,8;67;63;67;116;5,2;3,2;
2026/05/25;0100 UTC;;934,8;934,8;934,5;;23,2;17;23,5;23,1;17;16,9;68;67;68;116;5,3;2,9;
2026/05/25;0200 UTC;;934,7;934,8;934,7;;23;17,1;23,2;22,9;17,2;16,9;70;68;70;118;5,7;3,8;
2026/05/25;0300 UTC;;934,5;934,8;934,5;;21,6;17,1;23;21,6;17,2;17,1;76;70;76;108;7,4;4,7;
2026/05/25;0400 UTC;;934,2;934,5;934,2;;20,7;17,6;21,6;20,6;17,6;17,2;82;76;82;100;7,4;4,8;
2026/05/25;0500 UTC;;933,8;934,2;933,8;;20,8;17,7;21,2;20,6;17,7;17,5;83;81;83;101;8,6;5,5;
2026/05/25;0600 UTC;;933,6;933,9;933,6;;20,5;17,7;20,8;20,5;17,7;17,7;84;82;84;104;8,2;4,8;
2026/05/25;0700 UTC;;933,6;933,6;933,5;;20,4;17,5;20,6;20,4;17,7;17,5;84;83;83;99;9;6,4;
2026/05/25;0800 UTC;;933,8;933,8;933,6;;20,8;17,9;20,8;20,4;17,9;17,5;84;83;84;99;10,4;7;
2026/05/25;0900 UTC;;934,5;934,6;933,7;;20,3;18,5;20,8;20,3;18,5;17,9;89;84;89;99;10,8;7,7;
2026/05/25;1000 UTC;;935,1;935,1;934,5;29,7;20,4;18,8;20,4;20,2;18,8;18,5;91;89;90;104;11,4;7,3;
2026/05/25;1100 UTC;;935,8;935,8;935,1;260,8;20,5;18,7;20,7;20,4;18,8;18,6;90;89;89;97;11,9;7,5;
2026/05/25;1200 UTC;;936,6;936,6;935,7;510,6;20,8;19,7;20,8;20,1;19,7;18,7;95;89;94;91;11,6;7,6;
2026/05/25;1300 UTC;;936,4;936,7;936,4;1077,2;21,3;19,6;21,3;20,6;20,1;19,3;94;90;90;100;11,7;7,2;
2026/05/25;1400 UTC;;936,1;936,4;936,1;1821,4;23,8;19,2;24,2;21,2;20,4;19;90;75;75;111;10,5;6;
2026/05/25;1500 UTC;;935,2;936,1;935,2;2474,5;25,2;19;25,8;23,7;19,8;18,8;76;68;69;110;10,2;4,9;
2026/05/25;1600 UTC;;934,3;935,2;934,3;2866,2;27,2;19,2;27,4;24,8;19,7;18,6;71;61;62;118;8,6;4,7;
2026/05/25;1700 UTC;;933,4;934,3;933,4;2680,8;27,9;18,8;28,3;26,1;19,5;18;64;55;58;91;8,7;4,1;
2026/05/25;1800 UTC;;932,7;933,4;932,7;2347,8;28,9;18,3;28,9;27,1;19,5;18;61;53;53;102;8;4,6;
2026/05/25;1900 UTC;;932,5;932,7;932,4;1487,1;27,9;18,6;28,9;27,6;19,1;17,7;58;52;57;131;8,1;3,4;
2026/05/25;2000 UTC;;932,8;932,8;932,5;730,7;27;18,8;28,7;26,9;19,4;18;63;54;61;139;6,1;1,4;
2026/05/25;2100 UTC;;933,2;933,2;932,8;90,4;25,7;19,1;27;25,7;19,2;18,7;68;60;67;138;4,3;,5;
2026/05/25;2200 UTC;;933,8;933,8;933,2;;24,9;18,4;26;24,9;19;18,4;67;65;67;113;3,3;2,5;
2026/05/25;2300 UTC;;934,5;934,5;933,8;;24;18,2;25;23,9;18,5;18,2;71;67;70;118;3,9;2,7;
2026/05/26;0000 UTC;;935;935;934,5;;23,5;18;24,1;23,5;18,2;18;71;70;71;110;3,9;2,6;
2026/05/26;0100 UTC;;935,3;935,3;935;;22,9;17,9;23,7;22,8;18;17,8;74;71;73;106;4,3;2,8;
2026/05/26;0200 UTC;;935,2;935,4;935,2;;22,3;17,9;23,1;22,3;18;17,9;76;73;76;120;5,1;3;
2026/05/26;0300 UTC;;935,1;935,2;935,1;;21,9;17,9;22,3;21,9;18;17,9;78;76;78;111;5;3,2;
2026/05/26;0400 UTC;;934,8;935,1;934,8;;21,5;17,7;22;21,5;18;17,6;79;77;79;111;5;3;
2026/05/26;0500 UTC;;934,4;934,8;934,4;;21,5;17,4;21,8;21,3;17,7;17,3;79;77;78;98;5,3;3,6;
2026/05/26;0600 UTC;;934,1;934,4;934,1;;21,1;17,3;21,7;21;17,5;17,2;79;77;79;104;5;3,1;
2026/05/26;0700 UTC;;934,2;934,2;934,1;;20,4;17,1;21,3;20,4;17,3;17;81;78;81;101;5,2;3,3;
2026/05/26;0800 UTC;;934,3;934,4;934,2;;20,1;16,7;20,6;20;17,1;16,7;82;80;81;82;5,6;3,9;
2026/05/26;0900 UTC;;934,8;934,8;934,3;;19,1;16,2;20,2;19,1;16,7;16,2;83;80;83;90;5,7;2,9;
2026/05/26;1000 UTC;;935,4;935,4;934,8;98,7;20;16,3;20;19;16,5;16,2;85;80;80;100;7,1;5,4;
2026/05/26;1100 UTC;;936;936;935,4;791;21,9;16,6;21,9;20;16,8;16,4;80;72;72;93;7,3;5,3;
2026/05/26;1200 UTC;;936,2;936,4;936;1613,4;24,2;16,3;24,5;21,8;17,3;16,3;72;61;61;92;10,6;6,3;
2026/05/26;1300 UTC;;936,3;936,4;936,2;2322,9;25,6;16,2;25,6;24;17,1;15,9;63;56;56;104;12,6;8;
2026/05/26;1400 UTC;;936,1;936,4;936;2843,5;26,4;15,4;26,7;25,3;16,6;15,2;57;51;51;98;11,3;5,8;
2026/05/26;1500 UTC;;935,2;936,1;935,2;3119,7;27,1;14,3;28,2;26,4;16,1;14,1;51;44;45;119;9,5;6,3;
2026/05/26;1600 UTC;;934,2;935,2;934,2;3104;28,5;15,5;29,3;27,1;16,3;14,1;47;43;45;97;11,6;5,3;
2026/05/26;1700 UTC;;933,2;934,2;933,2;2877,3;28,7;15,1;29,4;27,8;16,2;14,7;47;42;44;103;10,4;5,7;
2026/05/26;1800 UTC;;932,5;933,2;932,5;2238,3;29,2;15,9;29,4;28,2;16,5;15,1;49;43;45;126;9;3,2;
2026/05/26;1900 UTC;;932,4;932,5;932,4;1676,1;28,4;15,1;29,3;28,4;16,1;14,5;46;42;44;132;7,8;3,3;
2026/05/26;2000 UTC;;932,6;932,6;932,3;889,9;27,7;14,9;29;27,7;15,7;13,6;46;39;46;114;7,4;3,6;
2026/05/26;2100 UTC;;933,1;933,1;932,6;145,8;25,7;14,9;27,7;25,7;15,3;14,9;52;46;51;107;5,4;2,8;
2026/05/26;2200 UTC;;933,5;933,5;933,1;;24,1;14,8;25,7;24;15,1;14,8;57;51;56;95;4,4;2,7;
2026/05/26;2300 UTC;;934,2;934,2;933,5;;23,4;14,8;24,1;23,3;14,8;14,7;59;56;59;100;4,5;2,9;
2026/05/27;0000 UTC;;934,6;934,6;934,2;;23,1;15,1;23,4;22,6;15,2;14,8;62;59;61;105;4,3;3,3;
2026/05/27;0100 UTC;;934,9;935;934,6;;22,8;14,7;23,1;22,4;15,1;14,7;62;60;60;83;4,3;2,9;
2026/05/27;0200 UTC;;935;935,1;934,9;;21,5;15,1;22,8;21,2;15,1;14,6;67;60;67;139;4;2,1;
2026/05/27;0300 UTC;;934,6;935;934,5;;22,2;14,6;22,3;21,4;15,2;14,6;67;62;62;129;3,7;2,5;
2026/05/27;0400 UTC;;934,1;934,6;934,1;;22;14,3;22,4;21,9;14,7;14,3;63;61;62;131;4;2,5;
2026/05/27;0500 UTC;;933,8;934,1;933,8;;22;14,3;22,5;21,9;14,3;14,1;62;59;62;128;4,8;2,9;
2026/05/27;0600 UTC;;933,4;933,8;933,4;;21,1;14,4;22;21,1;14,5;14,2;66;62;66;137;5,1;3,1;
2026/05/27;0700 UTC;;933,1;933,4;933;;20,1;14,5;21,2;20,1;14,7;14,5;70;66;70;112;6,1;4,4;
2026/05/27;0800 UTC;;933,6;933,6;933,1;;18,8;14,5;20,3;18,8;14,6;14,5;76;70;76;99;6,4;3,5;
2026/05/27;0900 UTC;;933,9;933,9;933,6;;19;14,2;19,3;18,4;14,5;14,2;78;73;74;100;6,3;4,3;
2026/05/27;1000 UTC;;934,2;934,2;933,8;95,5;20;14,5;20;18,7;14,6;14,2;76;71;71;92;6,3;3,6;
2026/05/27;1100 UTC;;934,9;934,9;934,2;792;21,4;14,6;21,4;20;14,8;14,3;71;65;65;87;6,2;4,1;
2026/05/27;1200 UTC;;935,3;935,4;934,9;1616,8;23,4;15,6;23,4;21,3;15,7;14,5;66;61;61;96;7,2;4,4;
2026/05/27;1300 UTC;;935,3;935,4;935,2;2323;25,6;15,7;25,9;23,4;16,4;15,4;62;54;54;124;8,2;4;
2026/05/27;1400 UTC;;934,9;935,4;934,9;2837,2;27;15,1;27,3;25,6;15,9;14,3;55;46;48;108;8,9;5,3;
2026/05/27;1500 UTC;;934;934,9;934;3115,1;27,9;13,5;28,3;27;15,1;13;48;40;41;123;9,9;5,9;
2026/05/27;1600 UTC;;933;934;933;3099,8;28,9;13,6;29,1;27,9;14;12,4;42;37;39;116;10,7;5,1;
2026/05/27;1700 UTC;;931,9;933;931,9;2851;29,6;12,4;29,9;28,3;13,6;11,8;39;34;35;94;9,3;5;
2026/05/27;1800 UTC;;931,3;931,9;931,3;2380,2;29,3;11,1;30,4;29,1;12,9;11,1;36;32;32;96;8,7;4,6;
2026/05/27;1900 UTC;;931,3;931,3;931,1;1703,6;29,2;10,9;30;29,2;11,9;10,4;34;30;32;120;6,7;3,1;
2026/05/27;2000 UTC;;931,5;931,5;931,1;907,3;28,4;11,4;29,5;28,4;11,9;10,7;35;32;35;104;6,5;3,1;
2026/05/27;2100 UTC;;931,9;931,9;931,5;144,9;26,5;11,7;28,4;26,5;12;11,5;40;35;40;123;4,3;2,3;
2026/05/27;2200 UTC;;932,1;932,1;931,9;;26;12,3;26,5;25,9;12,3;11,7;43;40;43;123;3,6;2,4;
2026/05/27;2300 UTC;;932,6;932,6;932,1;;24,7;13,4;26;24,7;13,4;12,3;50;43;50;117;3,8;2,7;
2026/05/28;0000 UTC;;933,6;933,6;932,6;;24;14,5;24,7;23,2;14,5;13,4;56;50;55;109;3,5;1,9;
2026/05/28;0100 UTC;;934;934;933,6;;24,6;14,7;24,9;24;14,7;14,4;56;52;54;99;2,7;2,1;
2026/05/28;0200 UTC;;933,5;934,1;933,5;;23,5;14,8;24,6;23,5;14,8;14,5;58;54;58;117;4,3;3,2;
2026/05/28;0300 UTC;;933;933,6;933;;22,3;14,9;23,5;22,2;14,9;14,7;63;58;63;109;4,4;2,9;
2026/05/28;0400 UTC;;932,8;933,1;932,8;;21,6;14,7;22,7;21,5;14,9;14,6;65;62;65;102;4;2,3;
2026/05/28;0500 UTC;;932,5;932,8;932,5;;21,9;14,3;22,2;21,6;14,7;14,3;65;61;62;82;3,1;2,3;
2026/05/28;0600 UTC;;932,2;932,5;932,2;;21,2;14,1;21,9;21;14,3;14,1;66;62;64;85;3,5;2,6;
2026/05/28;0700 UTC;;932,7;932,7;932,2;;20,6;14,7;21,2;20,4;14,7;14,1;69;64;69;104;7;4,9;
2026/05/28;0800 UTC;;932,6;932,8;932,5;;20,2;15,3;20,7;20,1;15,3;14,7;74;69;74;106;7,7;5,2;
2026/05/28;0900 UTC;;932,8;932,9;932,6;;19,7;15,4;20,2;19,5;15,4;15,2;77;74;76;103;7,3;4,4;
2026/05/28;1000 UTC;;933,5;933,5;932,8;61,9;20,5;15,5;20,5;19,7;15,6;15,3;76;73;73;105;8,3;5,6;
2026/05/28;1100 UTC;;934,3;934,3;933,5;612,2;22,3;16,1;22,4;20,4;16,2;15,5;74;68;68;107;8,5;5,8;
2026/05/28;1200 UTC;;935,1;935,1;934,3;1435,6;23,3;16,8;23,6;21,7;17;15,9;71;66;67;109;9,8;5,6;
2026/05/28;1300 UTC;;935;935,1;934,8;2153;24,6;17;25,2;23,2;17,4;16,5;67;61;63;97;9,8;6,8;
2026/05/28;1400 UTC;;934,4;935;934,4;2436,6;26,2;16,5;26,8;24,4;17,4;16,3;63;54;55;107;10,9;7,2;
2026/05/28;1500 UTC;;933,5;934,4;933,5;2481,4;26,8;17,2;27,2;26;17,3;16,3;57;53;56;114;10,7;5;
2026/05/28;1600 UTC;;932,6;933,5;932,4;2629,8;27,7;16,4;28,4;26,8;17,5;16;55;49;50;97;9,8;5,4;
2026/05/28;1700 UTC;;931,6;932,6;931,5;2741,1;28,1;15,3;29,5;27,7;17;14,8;50;43;46;108;9,1;4,8;
2026/05/28;1800 UTC;;931;931,6;930,9;1963,5;28,9;15,9;29,6;27,7;16,2;14,3;49;41;45;127;8,2;2,9;
2026/05/28;1900 UTC;;931,1;931,2;931;1486,5;27,4;15,1;28,9;27,4;16,4;14,6;48;44;47;157;6,7;2,5;
2026/05/28;2000 UTC;;931,1;931,2;931;749,2;26,8;14,9;28,3;26,7;15,8;13,4;48;41;48;131;5,1;2,5;
2026/05/28;2100 UTC;;931,7;931,7;931,1;132;25,2;16,1;26,8;25,2;16,1;14,9;57;48;57;158;4;1;
2026/05/28;2200 UTC;;932,2;932,2;931,7;;24,8;15,3;25,5;24,8;16,2;15,2;58;53;55;111;3,3;2,3;
2026/05/28;2300 UTC;;932,9;932,9;932,2;;24;14,5;24,8;23,8;15,3;14,5;57;55;55;116;3,6;2,4;
2026/05/29;0000 UTC;;933,3;933,3;932,9;;23,7;14,2;24,5;23,4;14,5;14,2;57;54;55;109;3,6;2,5;
2026/05/29;0100 UTC;;933,7;933,7;933,3;;22,7;14,6;23,8;22,7;14,6;14,1;60;55;60;116;4;2,9;
2026/05/29;0200 UTC;;934;934;933,7;;22,2;14,9;22,8;22;15;14,6;64;60;63;105;4,6;3,4;
2026/05/29;0300 UTC;;934;934,2;934;;21,4;14,5;22,2;21,4;14,9;14,4;65;63;65;96;4,7;3,5;
2026/05/29;0400 UTC;;933,6;934;933,6;;20,3;14,2;21,5;20,2;14,4;14,1;68;64;68;80;5,6;2,9;
2026/05/29;0500 UTC;;933,2;933,6;933,2;;19,4;14;20,4;19,4;14,3;14;71;68;71;89;4,5;3,5;
2026/05/29;0600 UTC;;932,9;933,2;932,9;;19,8;13,3;20,1;19,4;14,1;13,3;71;66;67;92;4,6;3,5;
2026/05/29;0700 UTC;;932,7;932,9;932,7;;19,4;12,6;20,4;19,4;13,4;12,6;67;62;65;96;4,9;3;
2026/05/29;0800 UTC;;932,8;932,8;932,7;;20,2;12,3;20,4;19,2;13,2;12,3;68;60;60;118;7,3;4,6;
2026/05/29;0900 UTC;;933,2;933,2;932,8;;18,7;12,5;20,2;18,5;12,6;12,3;68;60;67;102;7,5;5,4;
2026/05/29;1000 UTC;;933,9;934;933,2;93,1;18,6;12,7;18,7;18;12,7;12,4;70;67;68;95;8;5,7;
2026/05/29;1100 UTC;;934,8;934,8;933,9;797,7;20,4;13,8;20,5;18,6;13,8;12,6;68;65;66;101;9,8;6,6;
2026/05/29;1200 UTC;;935,2;935,2;934,7;1621;22,7;14,7;22,8;20,3;15,3;13,8;66;61;61;98;9,9;6,9;
2026/05/29;1300 UTC;;935,1;935,4;935,1;2318;24,9;14,4;25,2;22,7;15,9;14,4;62;52;52;106;11,6;7,2;
2026/05/29;1400 UTC;;934,9;935,1;934,9;2834,5;26,2;14,6;26,8;24,8;15,5;14,3;54;48;49;100;11,1;6,8;
2026/05/29;1500 UTC;;934,2;935;934,2;3100,8;27,6;14,8;28,2;26,1;15,7;13,9;50;43;46;106;10,7;4,9;
2026/05/29;1600 UTC;;933,4;934,2;933,4;3074,4;28,3;12,2;29;27,6;15,3;12,2;46;37;37;125;9;4,2;
2026/05/29;1700 UTC;;932,6;933,4;932,6;2808,5;29;13,9;29,6;28,1;14,1;11,6;41;34;40;122;6,3;3,1;
2026/05/29;1800 UTC;;932,1;932,6;932,1;2331,6;28,8;13,4;29,3;28,3;14,3;12,8;41;37;39;158;7,6;2,1;
2026/05/29;1900 UTC;;931,8;932,1;931,8;1661,9;28,7;14;29,4;28,6;14,4;12,8;41;37;41;142;6,5;2,8;
2026/05/29;2000 UTC;;932,2;932,2;931,8;875,8;27,3;14,5;28,8;27,3;14,5;13;45;38;45;169;7,2;2,1;
2026/05/29;2100 UTC;;932,7;932,7;932,2;134,5;24,9;14,9;27,3;24,9;15,1;14,4;54;45;54;154;4;1,5;
2026/05/29;2200 UTC;;933,2;933,2;932,7;;24,6;14,3;25,3;24,6;14,9;14,1;54;50;53;141;3,9;2,1;
2026/05/29;2300 UTC;;933,8;933,8;933,2;;24,3;13,7;25;24,3;14,4;13,7;53;49;52;117;4,5;2,5;
2026/05/30;0000 UTC;;934,4;934,4;933,8;;23,3;13,4;24,3;23,3;13,7;13,3;54;51;54;126;4;2,9;
2026/05/30;0100 UTC;;934,5;934,5;934,4;;22,9;13,3;23,4;22,9;13,4;13,3;55;54;55;121;4,4;3,1;
2026/05/30;0200 UTC;;934,5;934,6;934,5;;21,9;13,3;23;21,9;13,4;13,3;59;55;58;104;4,7;2,9;
2026/05/30;0300 UTC;;934,5;934,6;934,4;;20,6;13,2;21,9;20,6;13,4;13,2;63;58;63;97;4,1;2,8;
2026/05/30;0400 UTC;;934,1;934,5;934,1;;21,5;12,2;21,5;20,5;13,2;12,2;63;56;56;92;3,8;2,2;
2026/05/30;0500 UTC;;933,6;934,1;933,6;;20,9;11,9;21,5;20,6;12,2;11,9;58;55;57;67;3,4;2;
2026/05/30;0600 UTC;;933,3;933,6;933,2;;20,2;12,1;21;19,1;12,2;11,8;64;56;59;82;2,9;,9;
2026/05/30;0700 UTC;;933,3;933,4;933,1;;19,3;12;20,6;19,3;12,2;11,6;63;57;63;118;9,9;3,3;
2026/05/30;0800 UTC;;933,7;933,7;933,2;;19,9;11,6;20,8;19,1;12,1;11,3;64;55;59;108;6,2;3,6;
2026/05/30;0900 UTC;;934,5;934,5;933,7;;19,6;11,2;19,9;19,1;11,7;11,1;61;58;58;106;5,1;3,6;
2026/05/30;1000 UTC;;935,1;935,1;934,5;105,1;20,4;12,7;20,4;19,5;12,7;11,1;61;57;61;107;6;4,5;
2026/05/30;1100 UTC;;935,8;935,8;935,1;609,7;21,4;15,2;21,4;20,4;15,2;12,7;68;61;68;103;6,7;4,1;
2026/05/30;1200 UTC;;936,5;936,5;935,8;1387,1;23,5;16,2;24,1;21,3;16,6;15,1;68;62;63;107;9,1;5,8;
2026/05/30;1300 UTC;;936,4;936,5;936,3;2290,2;25,8;16,9;26;23,3;17,5;16;64;58;58;96;9,1;6;
2026/05/30;1400 UTC;;935,9;936,4;935,9;2806;27,5;16,1;27,6;25,7;17,7;15,6;59;49;50;104;9,1;5,9;
2026/05/30;1500 UTC;;935;935,9;935;3061,4;29,1;16,2;29,1;27;17,3;14,2;53;42;46;106;8,6;4,3;
2026/05/30;1600 UTC;;934,3;935;934,3;2788,9;28,8;13,8;29,3;28;16;13,3;47;39;40;153;8,2;2,7;
2026/05/30;1700 UTC;;933,6;934,3;933,6;1946,2;28,4;13,8;29,5;28,3;15;12,6;43;37;41;140;6,5;2,4;
2026/05/30;1800 UTC;;933,3;933,6;933,1;1455,6;27,6;16,3;28,6;27,4;16,9;13,5;51;40;50;192;5,1;3;
2026/05/30;1900 UTC;;933,3;933,3;933,2;1164,2;26,9;16,1;28,2;26,8;17,2;15,9;54;49;52;193;5,7;2,8;
2026/05/30;2000 UTC;;933,5;933,5;933,2;556,3;25,6;16,4;26,9;25,6;16,6;16;57;51;57;188;4,8;1,9;
2026/05/30;2100 UTC;;933,5;933,5;933,4;110,7;24,4;14,8;25,5;24,4;16,5;14,8;59;55;55;157;3,9;1,9;
2026/05/30;2200 UTC;;933,8;933,9;933,5;;24,1;14,8;24,7;24,1;14,8;14,4;56;53;56;146;3,7;2,4;
2026/05/30;2300 UTC;;934,3;934,3;933,8;;24;15,1;24,3;23,8;15,1;14,8;58;56;57;145;5,1;2,7;
2026/05/31;0000 UTC;;934,5;934,5;934,3;;24;15,3;24,4;24;15,3;15,1;58;57;58;125;4,9;3,1;
2026/05/31;0100 UTC;;934,4;934,6;934,3;;22,8;15,6;24;22,6;15,7;15,3;64;58;64;104;5,7;3,8;
2026/05/31;0200 UTC;;934,4;934,5;934,3;;22,9;16;23,3;22,6;16;15,7;65;63;65;106;7,2;4,9;
2026/05/31;0300 UTC;;934,3;934,5;934,2;;22,6;16,5;23,1;22,5;16,5;16;69;65;69;106;8,8;5,7;
2026/05/31;0400 UTC;;934;934,4;934;;21,8;16,8;22,6;21,7;16,8;16,5;73;69;73;105;8,6;5,4;
2026/05/31;0500 UTC;;933,3;934,1;933,3;;21,3;16,8;21,8;21,3;16,9;16,8;75;73;75;102;9,2;6;
2026/05/31;0600 UTC;;933,1;933,3;932,5;;20,8;16,7;21,3;20,7;16,8;16,7;78;75;77;105;10,8;5,9;
2026/05/31;0700 UTC;;933;933,1;932,8;;20,4;16,6;20,8;20,4;16,7;16,5;79;77;79;105;9,3;5,6;
2026/05/31;0800 UTC;;933,9;933,9;933;;19,7;16,6;20,5;19,6;16,6;16,5;82;78;82;96;8,2;5,3;
2026/05/31;0900 UTC;;933,8;934,2;933,5;;19,2;16,6;19,7;19,2;16,7;16,5;85;82;85;99;8,9;6,2;
2026/05/31;1000 UTC;;934,3;934,4;933,8;61,9;19,5;16,8;19,5;19,1;16,8;16,6;86;84;84;99;9,1;6,4;
2026/05/31;1100 UTC;;935,1;935,3;934,3;646,7;20,8;17,2;20,8;19,5;17,3;16,7;84;80;80;93;9,6;6,1;
2026/05/31;1200 UTC;;935,4;935,6;935,1;1634,8;23,9;18,1;23,9;20,8;18,2;17,2;80;70;70;97;10,1;6,7;
2026/05/31;1300 UTC;;935,2;935,4;935,1;2210,2;25,3;18,3;25,7;23,8;18,8;17,8;70;64;65;99;9,6;6,4;
2026/05/31;1400 UTC;;935,3;935,4;935,1;2468,4;27,1;18,2;27,6;25,3;19,1;18,2;66;58;58;99;9,3;5;
2026/05/31;1500 UTC;;934,5;935,4;934,5;2601,9;28;18,1;28,5;26,8;19;17,8;59;55;55;116;8,4;3;
2026/05/31;1600 UTC;;933,7;934,5;933,7;2033,7;28,3;17,9;29,1;27,5;19,1;17,5;57;52;53;127;6,5;2,6;
2026/05/31;1700 UTC;;932,8;933,7;932,8;1902;28,1;18,3;30;27,9;18,8;17,3;55;49;55;84;5,6;2;
2026/05/31;1800 UTC;;932;932,8;932;1288,1;28,6;17,7;28,9;28;18,5;17,5;55;51;52;99;4;1,3;
2026/05/31;1900 UTC;;931,7;932;931,7;1355,8;28,2;18,3;29;28,2;19;17,5;55;51;55;203;4,1;,9;
2026/05/31;2000 UTC;;932;932;931,7;694;26,5;20;28,7;26,5;20,3;18;68;54;68;199;4;2,2;
2026/05/31;2100 UTC;;932,4;932,4;932;97;24,7;19,2;26,5;24,7;19,9;19,2;73;67;71;201;4,9;1,9;
2026/05/31;2200 UTC;;932,9;932,9;932,4;;24,4;18,9;24,7;24,2;19,3;18,9;73;71;71;178;3,3;1,9;
2026/05/31;2300 UTC;;933,6;933,6;932,9;;24,8;18,3;24,8;24,3;18,8;18,3;71;67;67;157;5,6;2,6;
2026/06/01;0000 UTC;;934,1;934,1;933,6;;24,6;18,3;25;24,6;18,3;18,2;68;66;68;135;6,2;3,1;
2026/06/01;0100 UTC;;934,5;934,5;934,1;;24,1;18,4;24,6;24,1;18,4;18,3;71;68;71;110;5,9;3,8;
2026/06/01;0200 UTC;;934,4;934,5;934,3;;22,3;18,5;24,1;22,3;18,5;18,3;79;71;79;82;6,1;3,2;
2026/06/01;0300 UTC;;934,1;934,4;934,1;;22,2;18,2;22,5;22,2;18,5;18,2;79;78;78;86;5,3;3,7;
2026/06/01;0400 UTC;;933,8;934,1;933,8;;21,9;18,1;22,2;21,8;18,2;18;80;78;79;78;5,8;3,2;
2026/06/01;0500 UTC;;933,6;933,8;933,6;;21,9;18;22;21,6;18,1;17,9;80;78;79;76;4,9;3,1;
2026/06/01;0600 UTC;;933,3;933,6;933,3;;21,4;17,8;21,9;21,4;18;17,8;80;78;80;99;4,4;2,7;
2026/06/01;0700 UTC;;933,1;933,3;933;;21,5;17,5;21,8;21,3;17,8;17,5;80;78;78;109;4,5;3,1;
2026/06/01;0800 UTC;;933,3;933,3;933,1;;20,9;17,4;21,7;20,8;17,5;17,3;81;77;81;97;4,8;3,7;
2026/06/01;0900 UTC;;933,7;933,7;933,3;;20,9;17,3;21;20,6;17,4;17,2;81;79;80;93;4,7;3,6;
2026/06/01;1000 UTC;;934,3;934,3;933,7;83,1;22,2;17,5;22,2;20,8;17,5;17,2;80;74;75;95;5,1;3,5;
2026/06/01;1100 UTC;;935,1;935,1;934,3;603;23,4;17,6;23,5;22,2;17,8;17,3;75;69;70;89;5;3,4;
2026/06/01;1200 UTC;;935,6;935,6;935,1;1330,7;25,3;17,9;25,6;23,4;18,6;17,4;70;64;64;90;5,6;3;
2026/06/01;1300 UTC;;935,8;935,8;935,6;2130,7;27,4;18,8;27,4;24,9;19,1;17,9;66;59;59;101;6,2;2,7;
2026/06/01;1400 UTC;;935,4;935,8;935,4;2654,6;28,3;17,9;28,7;26,8;19,1;17,3;61;51;53;96;5,6;3;
2026/06/01;1500 UTC;;934,8;935,5;934,8;2856,9;28,6;16,9;29,2;28;18,1;16,4;54;47;49;152;6,8;3;
2026/06/01;1600 UTC;;934,1;934,8;934,1;1601,9;29,1;15,3;29,4;27,8;18;15,3;53;43;43;193;6;2,6;
2026/06/01;1700 UTC;;933,1;934,1;933,1;2492;30;16,3;30,6;28,4;17,7;14,9;50;41;44;215;5;2,7;
2026/06/01;1800 UTC;;932,6;933,1;932,6;2264,6;29,9;17,1;30,4;29,1;17,4;16;49;42;46;200;5,1;2,3;
2026/06/01;1900 UTC;;932,4;932,6;932,3;1574,1;29,6;16,6;29,9;29,3;17,6;15,8;48;43;46;199;4,8;1,7;
2026/06/01;2000 UTC;;932,4;932,5;932,4;874,7;28,4;17,4;29,8;28,3;17,8;16,5;53;45;51;223;4,8;2,5;
2026/06/01;2100 UTC;;932,7;932,7;932,4;124,8;26,4;17,6;28,4;26,4;17,7;17,4;59;51;59;215;3,8;2,2;
2026/06/01;2200 UTC;;933,1;933,1;932,7;;25,6;16,9;26,4;25,6;17,7;16,8;60;58;59;208;2,8;2,1;
2026/06/01;2300 UTC;;933,5;933,5;933,1;;25,3;16,5;25,6;25;17;16,5;60;58;58;211;2,7;2,1;
2026/06/02;0000 UTC;;934,1;934,1;933,5;;25;16,1;25,4;24,9;16,6;16;58;56;58;207;3,2;1,9;
2026/06/02;0100 UTC;;934,4;934,4;934,1;;24,8;16,3;25,1;23,7;16,5;16,1;64;58;59;195;2,7;,5;
2026/06/02;0200 UTC;;934,5;934,5;934,4;;23,4;16,6;24,8;23,1;16,6;15,9;67;59;65;131;2,6;1,5;
2026/06/02;0300 UTC;;934,6;934,6;934,4;;23,7;16,4;24,1;23,4;16,7;16,4;66;63;64;164;3;,2;
2026/06/02;0400 UTC;;934,4;934,6;934,4;;23,3;16,1;24,1;23,3;16,5;16,1;64;62;64;151;2,4;,1;
2026/06/02;0500 UTC;;934,1;934,4;934,1;;23;16,3;23,5;22,7;16,6;16,1;68;64;66;108;3,9;2,7;
2026/06/02;0600 UTC;;933,8;934,1;933,8;;23,1;16;23,5;23;16,3;16;66;63;64;108;3,8;2,8;
2026/06/02;0700 UTC;;933,5;933,8;933,5;;22,9;15,8;23,3;22,9;16;15,8;65;63;64;111;4;2,9;
2026/06/02;0800 UTC;;933,7;933,7;933,5;;21,9;16;22,9;21,8;16;15,8;70;64;69;108;5,2;3,5;
2026/06/02;0900 UTC;;934,2;934,2;933,7;;21,1;15,9;22,1;21,1;16;15,9;72;68;72;94;5,2;3,7;
2026/06/02;1000 UTC;;934,8;934,8;934,2;90,6;22,4;16;22,4;21;16,1;15,8;72;67;67;97;4,9;3,4;
2026/06/02;1100 UTC;;935,4;935,4;934,8;687,9;23,9;15,5;24,1;22,4;16,1;15,5;67;59;59;104;5,6;3,4;
2026/06/02;1200 UTC;;936;936;935,4;1468,9;25,1;16,3;25,2;23,8;16,5;15,6;61;57;58;94;7,7;5,3;
2026/06/02;1300 UTC;;936;936,1;936;2211,4;27;17;27;25,2;17,3;16,2;59;54;54;91;7,3;3,9;
2026/06/02;1400 UTC;;935,7;936;935,7;2734,3;28,6;16,5;28,6;26,8;17,6;15,7;55;47;48;98;7,9;4,2;
2026/06/02;1500 UTC;;935,1;935,7;935,1;2976,8;29,3;16,5;29,8;28,2;17,3;15,7;49;45;46;112;7,1;3,2;
2026/06/02;1600 UTC;;934,3;935,1;934,3;2949,9;29,7;15,4;30,1;28,8;17,2;15,4;47;42;42;130;7,1;2,1;
2026/06/02;1700 UTC;;933,4;934,3;933,4;2713;30,5;14,9;30,8;29,6;16,6;13,9;44;36;39;116;5,8;2;
2026/06/02;1800 UTC;;932,9;933,4;932,9;2285,4;30;14,9;30,9;29,9;16,3;14,1;43;37;40;170;4,8;2,1;
2026/06/02;1900 UTC;;932,7;932,9;932,7;1622,4;30;15,5;30,7;29,8;16,1;14,6;43;39;42;197;4,4;1,9;
2026/06/02;2000 UTC;;932,8;932,8;932,7;847;28,8;16,6;30,3;28,8;16,9;15,6;48;41;48;188;4,2;1,5;
2026/06/02;2100 UTC;;933,1;933,1;932,8;128,8;26,8;16,7;28,8;26,8;17,1;16,5;54;48;54;209;3,1;1,5;
2026/06/02;2200 UTC;;933,4;933,4;933,1;;25,9;16,4;26,9;25,9;16,8;16,4;56;53;56;209;2,6;1,7;
2026/06/02;2300 UTC;;934;934;933,4;;25,8;16,1;25,9;25,6;16,5;16,1;57;55;55;193;2,7;1;
2026/06/03;0000 UTC;;934,7;934,7;934;;24,7;16,2;26;24,7;16,2;15,8;59;54;59;121;4,2;2,1;
2026/06/03;0100 UTC;;935;935;934,7;;25,1;16;25,2;24,4;16,5;16;61;57;57;140;3,9;1,8;
2026/06/03;0200 UTC;;935,1;935,2;935;;25;15,9;25,8;24,8;16,1;15,8;58;54;57;107;4;3,1;
2026/06/03;0300 UTC;;935;935,1;935;;24,2;15,3;25;24,1;15,9;15,3;59;56;58;104;4,1;3;
2026/06/03;0400 UTC;;934,8;935,1;934,8;;23,7;15,1;24,2;23,6;15,4;15,1;60;58;59;107;5,4;4,1;
2026/06/03;0500 UTC;;934,4;934,8;934,4;;22,7;14,9;23,8;22,7;15,1;14,8;61;58;61;105;6,3;4;
2026/06/03;0600 UTC;;934;934,4;934;;21,5;15,2;22,7;21,4;15,2;14,8;67;61;67;117;7;4;
2026/06/03;0700 UTC;;934;934;933,8;;21,5;14,6;21,6;21,3;15,2;14,6;68;65;65;111;6,9;4,8;
2026/06/03;0800 UTC;;934,4;934,4;933,9;;20,9;14,9;21,5;20,9;14,9;14,6;68;65;68;107;9,2;6,6;
2026/06/03;0900 UTC;;934,9;934,9;934,3;;20,1;15,1;20,9;20,1;15,1;14,9;73;69;73;101;9,5;5,6;
2026/06/03;1000 UTC;;935,5;935,5;934,8;75;20,2;15,5;20,2;19,6;15,5;15,1;76;73;75;103;9,3;6,1;
2026/06/03;1100 UTC;;936,3;936,3;935,5;271,5;20;15,9;20,2;19,9;15,9;15,5;77;75;77;79;9,3;4,4;
2026/06/03;1200 UTC;;936,7;936,7;936,3;1209,5;22,8;17,2;22,8;20;17,2;15,9;78;69;70;92;11,1;6,8;
2026/06/03;1300 UTC;;936,8;936,9;936,6;2116,7;25,4;17,7;25,4;22,8;17,7;16,6;70;62;62;97;11,3;7,8;
2026/06/03;1400 UTC;;936,6;936,8;936,5;2121,6;25,9;17,9;26,6;24,9;18,2;17,2;63;59;61;93;11,3;7,5;
2026/06/03;1500 UTC;;935,9;936,6;935,9;2978,7;27,8;17,9;28,5;25,9;18,6;17,5;61;52;55;93;12,1;6,7;
2026/06/03;1600 UTC;;935,2;935,9;935,1;2303,4;28,2;16,7;29,2;27,5;18,3;16,6;55;48;50;101;10,2;6,4;
2026/06/03;1700 UTC;;934,5;935,2;934,5;2772;29,1;15,6;29,7;28,1;17,6;15,1;50;42;44;113;9,5;5,8;
2026/06/03;1800 UTC;;934,3;934,6;934,1;2092,5;28,6;15,9;29,9;28,6;17;15,6;47;42;46;116;9,4;4,1;
2026/06/03;1900 UTC;;934,4;934,6;934,3;1635,5;29;16,1;29,8;28,6;16,8;15,8;47;44;46;87;7,2;4,4;
2026/06/03;2000 UTC;;934,5;934,5;934,4;603;27,5;16,7;29,1;27,2;17;15,8;54;46;52;131;7,2;3,4;
2026/06/03;2100 UTC;;934,6;934,7;934,5;123,3;25,9;17;27,5;25,8;17,1;16,6;58;51;58;119;6,1;2,2;
2026/06/03;2200 UTC;;935,2;935,2;934,5;;25;17;26;24,9;17,1;16,9;62;58;61;115;3,8;2,5;
2026/06/03;2300 UTC;;935,5;935,6;935,2;;23,8;16,5;25;23,8;17,1;16,5;64;61;64;116;3,6;2,6;
2026/06/04;0000 UTC;;935,6;935,6;935,3;;23,3;16,4;23,9;23,3;16,5;16,3;65;63;65;122;4,6;3,2;
2026/06/04;0100 UTC;;935,9;936,1;935,6;;22,9;16,2;23,3;22,9;16,4;16,2;66;65;66;116;4,9;3,3;
2026/06/04;0200 UTC;;935,9;936,1;935,9;;22,3;16,1;22,9;22,1;16,3;16;69;66;68;103;6,5;4,1;
2026/06/04;0300 UTC;;935,8;935,9;935,8;;21,7;15,8;22,3;21,4;16;15,8;70;67;69;107;6,5;4,4;
2026/06/04;0400 UTC;;935,5;935,8;935,5;;20,4;15,9;21,6;20,4;15,9;15,7;75;69;75;113;6,2;4;
2026/06/04;0500 UTC;;935,3;935,5;935,3;;21,5;15,9;21,6;20,4;15,9;15,8;75;70;71;109;9,3;6,2;
2026/06/04;0600 UTC;;934,9;935,4;934,9;;21,1;16;21,5;21;16;15,8;73;70;73;109;10,2;6,6;
2026/06/04;0700 UTC;;934,8;934,9;934,7;;20,2;16,2;21,2;20,2;16,2;16;78;72;78;102;11,1;7,3;
2026/06/04;0800 UTC;;935;935;934,8;;19,7;16,3;20,3;19,6;16,3;16,2;81;78;81;108;11,1;7,2;
2026/06/04;0900 UTC;;935,4;935,4;935;;19,1;16,3;19,7;19,1;16,4;16,2;84;81;84;102;11,9;7,2;
2026/06/04;1000 UTC;;935,9;935,9;935,4;63,4;19,7;16,5;19,7;19;16,5;16,3;84;82;82;103;12,3;8;
2026/06/04;1100 UTC;;936,6;936,6;935,9;724,7;21;16,9;21,1;19,7;16,9;16,5;82;77;77;101;13,7;9,1;
2026/06/04;1200 UTC;;936,9;936,9;936,5;1471;23,1;17,2;23,3;21;17,5;16,9;77;70;70;105;13,3;8,1;
2026/06/04;1300 UTC;;937;937;936,8;2272,5;24,8;17,4;25,3;23;17,8;17,1;70;63;63;107;14;8,6;
2026/06/04;1400 UTC;;936,9;937,1;936,8;2727;26,6;17,6;26,9;24,7;18,3;17,2;64;57;58;115;13,2;6,7;
2026/06/04;1500 UTC;;936,4;937;936,4;2913;27,2;17,4;27,6;26,3;18,2;16,9;58;54;55;120;11,6;6,2;
2026/06/04;1600 UTC;;935,6;936,4;935,6;2861,4;28;17,5;28,5;27,2;18,1;17;55;51;53;136;11,5;4,9;
2026/06/04;1700 UTC;;934,6;935,6;934,6;2627,3;29;17,3;29;27,6;18,3;17,1;55;49;50;141;8,3;4,6;
2026/06/04;1800 UTC;;933,9;934,6;933,9;2050,8;29;17,6;29,5;27,6;17,6;16,7;53;47;50;141;8,5;4,6;
2026/06/04;1900 UTC;;933,9;934;933,8;1226,4;27,6;17,4;29,7;27,3;18;16,5;54;47;54;138;8,1;3,4;
2026/06/04;2000 UTC;;934;934;933,7;852,8;27,8;16,9;28,8;27,7;17,6;16,7;54;49;52;137;7,4;3,4;
2026/06/04;2100 UTC;;934,4;934,4;934;130,4;25,9;17,2;27,8;25,8;17,3;16,7;59;51;59;124;6,8;2,2;
2026/06/04;2200 UTC;;934,7;934,7;934,4;;25;17,1;26;25;17,2;17,1;61;58;61;129;3,9;2;
2026/06/04;2300 UTC;;935;935;934,7;;24,2;17;25,1;24,2;17,1;17;64;61;64;139;4,7;3;
2026/06/05;0000 UTC;;935,4;935,4;935;;23,4;16,5;24,3;23,4;17;16,5;65;63;65;143;5,7;3,2;
2026/06/05;0100 UTC;;935,7;935,7;935,4;;22,9;16,2;23,5;22,7;16,6;16,2;67;65;66;134;5,1;2,6;
2026/06/05;0200 UTC;;935,4;935,7;935,4;;21,8;16;22,9;21,8;16,2;15,9;69;66;69;115;4,7;3,1;
2026/06/05;0300 UTC;;935,3;935,4;935,2;;21,2;16;21,8;21,2;16,2;15,9;72;69;72;104;4,7;3,3;
2026/06/05;0400 UTC;;935,1;935,3;935,1;;20,9;15,4;21,3;20,8;16;15,4;73;71;71;113;5,6;4;
2026/06/05;0500 UTC;;934,5;935,1;934,5;;20,9;14,9;21,1;20,1;15,4;14,7;73;68;68;107;8,7;6,3;
2026/06/05;0600 UTC;;934;934,5;934;;19,9;15;20,9;19,9;15,1;14,9;74;68;74;105;10,6;7,2;
2026/06/05;0700 UTC;;934,3;934,4;934;;19,3;15,1;19,9;19,2;15,2;15,1;77;74;77;103;10,6;6,9;
2026/06/05;0800 UTC;;934,7;934,7;934,3;;18,6;15;19,3;18,6;15,2;15;79;77;79;97;10,5;6,6;
2026/06/05;0900 UTC;;935;935;934,7;;18,6;14,8;18,7;18,3;15;14,8;80;78;79;104;11,7;7,6;
2026/06/05;1000 UTC;;935,5;935,6;934,9;85,9;18,8;14,8;18,8;18,3;14,8;14,7;80;77;77;101;11,7;7,5;
2026/06/05;1100 UTC;;936,1;936,2;935,5;729;20,7;15;20,8;18,8;15,2;14,8;77;70;70;100;14,4;9,1;
2026/06/05;1200 UTC;;936,4;936,5;936,1;1534,6;22,4;15,4;22,7;20,7;15,7;14,9;70;64;65;108;13,6;7,7;
2026/06/05;1300 UTC;;936,8;936,8;936,3;2219,1;24,1;15,6;24,2;22,4;16,4;15,3;65;59;59;103;13,6;8,5;
2026/06/05;1400 UTC;;936,7;936,9;936,7;2715,2;25,1;14,9;25,4;23,9;15,9;14,9;59;53;53;119;12,8;6,8;
2026/06/05;1500 UTC;;935,9;936,7;935,8;2979,5;26,7;14,6;27;25,1;15,8;14,4;54;47;47;106;11,3;6;
2026/06/05;1600 UTC;;935;935,9;935;2964,5;27,4;14;28,1;26,5;15,8;13,9;49;44;44;121;10,3;5,3;
2026/06/05;1700 UTC;;933,9;935;933,9;2721,5;28,2;14,2;28,3;26,8;14,7;13,3;46;41;42;135;9,1;2,7;
2026/06/05;1800 UTC;;933,6;933,9;933,6;2262;27,5;13,7;28,6;27,4;14,7;13,3;44;40;43;169;8;3;
2026/06/05;1900 UTC;;933,2;933,7;933,2;1596;27,4;13,3;28,4;27,4;14,4;13,2;44;40;42;161;6,4;3;
2026/06/05;2000 UTC;;933,2;933,2;933,1;835,1;26,5;14,9;27,6;26,4;14,9;13,3;49;42;49;173;5,4;1,5;
2026/06/05;2100 UTC;;933,7;933,7;933,2;123;24,3;14,8;26,5;24,2;15,1;14,4;56;48;55;155;4,1;1,5;
2026/06/05;2200 UTC;;933,9;933,9;933,7;;23,7;14;24,3;23,7;14,8;14;56;53;54;136;3,5;2,3;
2026/06/05;2300 UTC;;934,1;934,1;933,9;;23;14;23,8;23;14;13,9;57;54;57;137;3,5;2,3;
2026/06/06;0000 UTC;;934,4;934,4;934,1;;22,5;13,8;23;22,4;14,1;13,8;59;57;58;131;4,5;2,8;
2026/06/06;0100 UTC;;934,3;934,5;934,3;;21,4;13,9;22,5;21,4;13,9;13,8;62;58;62;125;4,6;3;
2026/06/06;0200 UTC;;934,3;934,3;934,2;;21;13,9;21,5;20,8;14;13,9;65;62;64;124;4,7;2,9;
2026/06/06;0300 UTC;;934,1;934,3;934,1;;20;13,8;21;20;13,9;13,7;67;64;67;123;4,7;3,1;
2026/06/06;0400 UTC;;933,7;934,2;933,7;;19,8;12,9;20;19,5;13,8;12,9;68;64;64;121;6,2;4,2;
2026/06/06;0500 UTC;;933,5;933,7;933,5;;19,1;12,5;19,8;19,1;12,9;12,5;66;64;65;110;6,6;4,5;
2026/06/06;0600 UTC;;933,4;933,8;933,4;;19,3;11,9;19,4;18,6;12,5;11,9;67;62;62;110;9,5;6;
2026/06/06;0700 UTC;;933,3;933,4;933,3;;17,7;11,9;19,3;17,7;12;11,8;69;62;69;106;9,5;4,1;
2026/06/06;0800 UTC;;933,5;933,5;933,3;;17,2;12;17,7;17;12,1;11,9;72;69;71;100;8,6;6,3;
2026/06/06;0900 UTC;;934,1;934,1;933,5;;16,2;12;17,4;16,2;12,1;12;76;70;76;87;8,8;5;
2026/06/06;1000 UTC;;934,4;934,4;934,1;84,1;17,1;12,3;17,1;16,1;12,3;12;77;73;74;100;9,6;6,5;
2026/06/06;1100 UTC;;934,8;934,8;934,3;732,4;18,8;13;18,8;17,1;13,1;12,3;74;69;69;95;10,8;7;
2026/06/06;1200 UTC;;935,1;935,3;934,8;1538,6;21,2;14,2;21,2;18,6;14,3;12,9;70;65;65;95;10,8;7,3;
2026/06/06;1300 UTC;;935,1;935,2;934,9;2230,5;23,8;15,3;23,8;21;15,3;14,2;65;58;59;95;12;7,8;
2026/06/06;1400 UTC;;934,6;935,2;934,6;2728,6;24,9;14,9;25;23,3;15,2;14,5;59;53;54;102;11,1;6,8;
2026/06/06;1500 UTC;;933,7;934,7;933,7;3006,5;25,9;14,5;26,7;24,8;15,5;14,5;54;49;50;88;10,4;5,9;
2026/06/06;1600 UTC;;933;933,8;932,9;2990,6;27,3;14,8;27,4;25,7;15,6;14,3;51;46;46;103;10,4;3,7;
2026/06/06;1700 UTC;;932,3;933;932,2;2782,8;27,6;14,6;27,7;26,6;15,4;14;49;45;45;115;7,6;2,7;
2026/06/06;1800 UTC;;931,8;932,3;931,7;2264;27,7;14,9;27,8;26,8;15,3;13,7;47;44;45;167;5,6;2,8;
2026/06/06;1900 UTC;;931,7;931,8;931,6;1637,5;27,7;14;28,2;27,3;15,2;13,6;47;42;43;110;5,4;,6;
2026/06/06;2000 UTC;;932;932;931,7;859,6;26,6;15,2;28;26,5;15,5;14;51;43;50;192;4,2;1;
2026/06/06;2100 UTC;;932,2;932,2;932;131,4;24;15,7;26,6;24;15,8;15,1;60;49;60;188;3,1;1,4;
2026/06/06;2200 UTC;;932,6;932,6;932,2;;23,2;14,9;24;23,2;15,8;14,9;61;59;59;193;2,9;1,2;
2026/06/06;2300 UTC;;933,1;933,1;932,6;;22,8;14,5;23,2;22,8;14,9;14,5;60;58;59;197;2,7;1,6;
2026/06/07;0000 UTC;;;;;;22,5;;;;;;;;;;;;
2026/06/07;0100 UTC;;933,7;933,7;933,5;;22,1;13,6;22,6;22,1;13,9;13,6;58;58;58;184;3;1,1;
2026/06/07;0200 UTC;;933,4;933,7;933,4;;22,1;13,4;22,3;22;13,6;13,4;59;58;58;136;3,5;2;
2026/06/07;0300 UTC;;933,2;933,5;933,2;;20,7;13,8;22,4;20,6;13,8;13,4;65;57;65;93;4,6;3;
2026/06/07;0400 UTC;;932,9;933,2;932,9;;20,3;13,9;20,7;20;14,1;13,7;68;65;67;97;5;3,7;
2026/06/07;0500 UTC;;932,6;932,9;932,6;;21;13,4;21;20,3;14;13,4;67;62;62;101;5,6;4;
2026/06/07;0600 UTC;;932,2;932,6;932,2;;20;13,4;21,3;20;13,4;13,3;66;61;66;86;6;3,4;
2026/06/07;0700 UTC;;932,2;932,3;932,1;;19,3;13,1;20;18,9;13,5;13,1;70;66;67;100;4,9;3,2;
2026/06/07;0800 UTC;;932,6;932,6;932,2;;19,9;12,8;19,9;19;13,1;12,8;68;63;63;101;5;3,5;
2026/06/07;0900 UTC;;932,9;932,9;932,6;;18,9;12,2;19,9;18,9;12,8;12,2;65;63;65;100;5,9;3,9;
2026/06/07;1000 UTC;;933,2;933,3;932,9;74,1;19,6;11,9;19,6;18,5;12,3;11,9;66;61;61;103;6,3;4,6;
2026/06/07;1100 UTC;;934;934;933,2;701,8;21,1;12,2;21,1;19,6;12,2;11,7;61;56;57;105;7,8;5;
2026/06/07;1200 UTC;;934,4;934,4;934;1511,8;22,9;13,4;23;21;13,4;11,9;57;54;55;99;8,1;5,1;
2026/06/07;1300 UTC;;934,2;934,4;934,2;2211,7;25,3;14,6;25,5;22,5;15,1;13;57;51;51;92;9;5,8;
2026/06/07;1400 UTC;;933,9;934,3;933,9;2714,9;26,7;15,2;27,1;25,1;15,6;14,5;53;47;49;80;8,9;5,2;
2026/06/07;1500 UTC;;933,3;934;933,3;3022,3;27,7;15;28;26,7;15,4;14,2;50;45;46;112;8,9;1,9;
2026/06/07;1600 UTC;;932,6;933,3;932,6;3097,8;28,7;15,2;29;27,3;15,6;14,1;46;42;44;148;7,1;,7;
2026/06/07;1700 UTC;;931,9;932,6;931,9;2291,2;29;14,7;29;27,6;15,2;14,1;46;41;42;1;8,8;,5;
2026/06/07;1800 UTC;;931,4;931,9;931,4;2093,3;29,3;15;29,9;27,9;15,4;13,8;44;39;42;2;4,4;1,9;
2026/06/07;1900 UTC;;931,6;931,6;931,4;1815,1;28,8;15,4;30,3;28,8;15,8;14,3;44;39;44;139;5,1;2,3;
2026/06/07;2000 UTC;;932,2;932,2;931,6;681,9;28;16,3;29;27,9;16,3;14,7;49;44;49;214;4,3;1;
2026/06/07;2100 UTC;;932,4;932,5;932,2;130,9;25,7;16,2;28;25,7;16,7;16,2;56;49;56;230;3,2;2,5;
2026/06/07;2200 UTC;;932,8;932,8;932,4;;25,1;16,1;25,7;25;16,6;16,1;59;56;58;212;3,2;2;
2026/06/07;2300 UTC;;933,3;933,3;932,8;;24,1;15,7;25,1;24;16,3;15,7;61;57;60;197;2,7;1,1;
2026/06/08;0000 UTC;;933,6;933,6;933,3;;23,1;15,2;24,3;23,1;15,7;14,9;61;56;61;116;3,6;1,4;
2026/06/08;0100 UTC;;933,8;933,9;933,6;;23,4;15,1;23,6;22,7;15,7;15,1;64;59;60;125;4,1;2;
2026/06/08;0200 UTC;;933,8;933,8;933,7;;23,1;14,5;23,6;22,9;15,1;14,5;60;58;58;109;4;2,5;
2026/06/08;0300 UTC;;933,8;934;933,8;;21,9;14,6;23,3;21,9;14,6;14,1;63;57;63;103;4,7;2,4;
2026/06/08;0400 UTC;;933,6;933,8;933,6;;21,3;14,4;22,2;21,3;14,6;14,3;65;61;65;99;3,4;2,5;
2026/06/08;0500 UTC;;933,4;933,6;933,3;;20,8;14,1;21,6;20,8;14,4;14;66;62;65;95;3,6;3,1;
2026/06/08;0600 UTC;;933,2;933,4;933,2;;20,9;13,9;21;20,5;14,2;13,9;67;64;64;97;3,8;3,1;
2026/06/08;0700 UTC;;933,3;933,3;933,2;;21,7;13,6;21,8;20,8;13,9;13,6;64;60;60;101;3,5;2,9;
2026/06/08;0800 UTC;;933,8;933,8;933,2;;21;13,5;21,9;21;13,6;13,4;63;59;62;106;4,2;3,2;
2026/06/08;0900 UTC;;934,1;934,1;933,8;;20,6;13,4;21,1;20,6;13,6;13,4;64;62;64;102;5;3,6;
2026/06/08;1000 UTC;;934,8;934,8;934,1;90,6;21,3;13,5;21,3;20,3;13,6;13,3;65;61;61;96;5,3;4;
2026/06/08;1100 UTC;;935,8;935,8;934,8;705;22,6;14,2;22,9;21,3;14,2;13,5;61;57;59;94;7,3;5,1;
2026/06/08;1200 UTC;;936,2;936,2;935,8;1499,5;24,7;14,6;24,7;22,5;14,7;13,8;59;53;54;95;8;4,9;
2026/06/08;1300 UTC;;936,2;936,3;936,1;2187,2;26,3;14,5;26,8;24,6;15,2;14,3;54;47;48;109;7,9;4,8;
2026/06/08;1400 UTC;;935,7;936,2;935,7;2693,9;28;15,2;28,4;26,3;15,8;14,3;49;44;46;111;7,1;3,6;
2026/06/08;1500 UTC;;935,1;935,7;935,1;2945,1;28,7;14,7;29,1;28;15,6;14,5;46;42;42;93;6;2,1;
2026/06/08;1600 UTC;;934,3;935,1;934,3;2938,8;28,9;14,2;29,9;28,6;16;14,2;44;40;41;212;4,8;1,5;
2026/06/08;1700 UTC;;933,7;934,3;933,7;2476,2;29,5;14,9;30,5;28,5;16;14,4;44;39;41;221;4,9;1,8;
2026/06/08;1800 UTC;;933;933,7;933;2203,1;29,6;15,8;30,9;29,1;16,2;14,5;44;39;43;164;5,2;1,6;
2026/06/08;1900 UTC;;933;933,1;932,9;1256,8;29,1;16,5;29,9;28,8;16,6;15,4;47;43;47;223;5,2;2,7;
2026/06/08;2000 UTC;;933,1;933,1;933;678,3;28;16,9;29,2;28;17,1;16,2;51;46;51;237;4,9;2,2;
2026/06/08;2100 UTC;;933,3;933,3;933,1;110;26,2;16,5;28,1;26,2;17,2;16,5;55;51;55;234;3,4;2,6;
2026/06/08;2200 UTC;;933,8;933,8;933,3;;25,4;16,2;26,2;25,4;16,7;16,2;58;54;57;216;3,5;2,5;
2026/06/08;2300 UTC;;934;934;933,8;;24,9;15,5;25,5;24,9;16,1;15,5;56;56;56;207;3,6;2,2;
2026/06/09;0000 UTC;;934,3;934,3;934;;24,8;15,2;25,1;24,7;15,5;15,1;56;54;55;207;2,8;1,8;
2026/06/09;0100 UTC;;934,6;934,6;934,3;;24,5;14,7;24,8;24,2;15,3;14,7;57;54;54;170;2,3;,2;
2026/06/09;0200 UTC;;934,5;934,6;934,5;;23,5;15,4;24,5;22,1;15,6;14,7;66;54;60;131;2,8;,9;
2026/06/09;0300 UTC;;934,5;934,6;934,4;;22,1;15,1;23,6;22;15,4;15;65;59;65;129;2,8;,4;
2026/06/09;0400 UTC;;934,3;934,5;934,3;;23,1;14,6;23,2;22;15,4;14,6;65;59;59;111;3,2;1,9;
2026/06/09;0500 UTC;;933,8;934,3;933,8;;22,4;14,6;23,1;22,3;14,8;14,5;61;59;61;76;2,4;,7;
2026/06/09;0600 UTC;;933,4;933,8;933,4;;22,8;14,5;23,1;22,4;14,8;14,4;62;58;60;85;2,7;1,8;
2026/06/09;0700 UTC;;933,2;933,4;933,1;;21,5;14,3;22,8;21,5;14,7;14,3;65;60;63;98;4,5;2,9;
2026/06/09;0800 UTC;;933,6;933,6;933,2;;21,9;13,8;22;21,4;14,3;13,8;64;60;60;108;4,8;3,5;
2026/06/09;0900 UTC;;934,3;934,3;933,6;;21,7;13,7;22,2;21,4;13,8;13,5;61;58;60;101;7,9;5,3;
2026/06/09;1000 UTC;;934,7;934,7;934,2;77,8;20,5;14;21,7;20,3;14;13,6;66;60;66;97;7,9;5,6;
2026/06/09;1100 UTC;;935,3;935,3;934,7;678,9;21,6;15,1;21,8;20,5;15,4;14;68;66;66;87;7,9;4,4;
2026/06/09;1200 UTC;;935,8;935,8;935,3;1476,8;24,6;16,6;24,7;21,6;16,8;15,1;67;61;61;72;8,4;5,2;
2026/06/09;1300 UTC;;935,6;935,8;935,6;2178,7;27;16,4;27,1;24,5;17;16,2;62;52;52;63;8,8;5,6;
2026/06/09;1400 UTC;;935,2;935,7;935,2;2668,9;27,9;16,1;28,3;26,5;17,4;16,1;54;48;49;78;8,4;4,1;
2026/06/09;1500 UTC;;934,4;935,3;934,4;2935;29,2;16;29,5;27,8;17,2;15,7;51;45;45;78;8,8;3,3;
2026/06/09;1600 UTC;;933,2;934,4;933,2;2897;29,8;15,5;30,7;28,8;16,5;15,1;47;41;42;45;8,8;2,3;
2026/06/09;1700 UTC;;932,1;933,2;932,1;2664,7;30,7;16,2;30,9;29,5;16,6;15,1;44;41;42;106;5,1;2,1;
2026/06/09;1800 UTC;;931,6;932,1;931,6;2245;31,6;16,1;31,9;30;16,5;15,4;43;38;39;351;4,4;,8;
2026/06/09;1900 UTC;;931,5;931,7;931,5;1589,1;30;16,4;31,6;30;17;14,8;45;38;44;217;4,4;2,5;
2026/06/09;2000 UTC;;931,8;931,8;931,5;799,5;29,4;17,1;30,6;29,4;17,3;16,2;48;43;48;241;4,4;2,4;
2026/06/09;2100 UTC;;932;932;931,8;140,5;26,5;17,4;29,4;26,5;17,8;16,9;57;47;57;233;3,6;2,1;
2026/06/09;2200 UTC;;932,2;932,3;932;;26,5;17,3;27;25,9;17,4;17;59;55;57;190;2,5;1,1;
2026/06/09;2300 UTC;;932,7;932,7;932,2;;26,7;16,2;26,7;25,7;17,3;16,2;57;53;53;209;2,2;1,8;
2026/06/10;0000 UTC;;933,1;933,1;932,7;;26;15,8;26,7;26;16,2;15,7;54;51;53;172;2,4;,7;
2026/06/10;0100 UTC;;933,2;933,2;933,1;;25,2;16,4;26;24,9;16,5;15,9;59;53;58;114;3,7;2,5;
2026/06/10;0200 UTC;;933;933,2;933;;24,1;16,3;25,2;24;16,5;16,2;62;58;62;98;4,2;3,1;
2026/06/10;0300 UTC;;933;933,1;933;;23,7;15,9;24,2;23,4;16,4;15,9;64;61;62;101;4,4;2,8;
2026/06/10;0400 UTC;;933,1;933,1;933;;23,3;16;24,1;22,8;16;15,8;65;60;64;92;3,7;2,2;
2026/06/10;0500 UTC;;932,7;933,1;932,7;;22,2;15,7;23,7;22,1;16;15,5;67;61;67;45;2,9;,7;
2026/06/10;0600 UTC;;932,5;932,7;932,5;;22,4;15,7;22,6;21,9;15,8;15,5;68;65;66;28;1,9;,7;
2026/06/10;0700 UTC;;932,3;932,5;932,3;;22;15,8;22,6;21,9;15,9;15,6;69;65;68;46;2;1,5;
2026/06/10;0800 UTC;;932,7;932,7;932,3;;22,2;15,8;22,4;21,3;16;15,6;71;66;67;52;2,5;1,7;
2026/06/10;0900 UTC;;933,4;933,5;932,7;;21,4;16;22,8;20,3;16,2;15,5;76;64;71;64;6,4;2,9;
2026/06/10;1000 UTC;;933,8;933,8;933,4;81;20,6;16,2;21,5;19,8;16,2;15,8;79;70;76;45;5,1;3,3;
2026/06/10;1100 UTC;;934,6;934,6;933,8;686,4;22,9;16,9;22,9;20,6;16,9;16,1;76;69;69;54;7,1;4,3;
2026/06/10;1200 UTC;;934,9;934,9;934,6;1482,7;24,6;17,2;24,6;22,7;17,4;16,8;69;63;64;53;9,6;6;
2026/06/10;1300 UTC;;934,8;934,9;934,7;2156;26,4;17;26,6;24,3;17,4;16,7;64;55;56;56;10,1;5,9;
2026/06/10;1400 UTC;;934,4;934,8;934,4;2667,5;28,2;16,5;28,4;26,1;17,7;16,5;57;49;49;59;9,1;4,6;
2026/06/10;1500 UTC;;933,8;934,4;933,8;2926;28,6;16,7;29,2;27,8;17,7;16,5;53;47;49;17;7,5;2,5;
2026/06/10;1600 UTC;;932,7;933,8;932,7;2914,1;29,7;15,5;30;28,6;17,5;15,3;50;41;42;4;6,9;2,4;
2026/06/10;1700 UTC;;931,7;932,7;931,7;2682,5;30,6;15,5;31,3;29,7;16,7;14,5;44;38;40;45;5,1;2,2;
2026/06/10;1800 UTC;;930,9;931,7;930,9;1383;29,6;16;31,2;29,6;16,7;15,2;44;40;44;19;3,9;,5;
2026/06/10;1900 UTC;;930,6;930,9;930,6;1678,7;30;16,7;31,5;29,6;17,2;15,8;46;40;45;224;5,8;3,1;
2026/06/10;2000 UTC;;930,7;930,8;930,6;848,9;29;17,7;30,1;28,9;17,7;16,6;51;45;51;224;4,7;2;
2026/06/10;2100 UTC;;931,3;931,3;930,7;129;27,5;17,2;29;27,3;17,8;17,2;55;50;54;226;3,2;2,5;
2026/06/10;2200 UTC;;931,8;931,9;931,3;;27,1;16,7;27,5;26,7;17,3;16,7;56;53;53;227;3,9;2,8;
2026/06/10;2300 UTC;;932,3;932,3;931,8;;26,1;17;27,2;25,9;17,2;16,7;58;53;57;211;4,1;2,4;
2026/06/11;0000 UTC;;932,8;932,8;932,3;;26,1;16,6;26,2;25,7;17;16,6;59;56;56;209;3,2;2,1;
2026/06/11;0100 UTC;;933,2;933,2;932,8;;25,3;16,5;26,1;25,3;16,8;16,5;58;56;58;141;2,8;,6;
2026/06/11;0200 UTC;;933,3;933,4;933,2;;25,2;16,9;25,3;24,2;17,1;16,5;64;58;60;188;2,4;,9;
2026/06/11;0300 UTC;;933,5;933,5;933,3;;24,2;16,9;25,2;24,1;17;16,7;64;59;64;128;2,5;1,2;
2026/06/11;0400 UTC;;933,4;933,6;933,4;;23,5;16,8;24,2;22,8;17;16,7;69;64;66;67;2,8;1,3;
2026/06/11;0500 UTC;;932,9;933,4;932,9;;23,9;16,8;23,9;23,1;17;16,7;68;64;64;80;2,9;2,1;
2026/06/11;0600 UTC;;932,6;932,9;932,6;;22,8;16,6;23,9;22,3;16,9;16,5;71;64;68;68;2,6;,4;
2026/06/11;0700 UTC;;932,5;932,6;932,4;;22,5;16,6;23,5;22,2;16,7;16,2;70;65;69;53;2,1;,3;
2026/06/11;0800 UTC;;932,5;932,6;932,4;;22,3;16,6;22,6;21,6;16,8;16,4;74;69;70;89;1,6;0;
2026/06/11;0900 UTC;;932,7;932,7;932,5;;21,6;15,6;22,7;21,6;16,6;15,6;72;65;69;55;2;1;
2026/06/11;1000 UTC;;933,3;933,3;932,7;87;22,6;16;22,8;21,5;16,1;15,2;70;63;66;42;2,4;,8;
2026/06/11;1100 UTC;;934,1;934,1;933,3;525,5;26,5;16,8;26,6;22,6;17,7;15,6;70;53;55;42;3,7;1,7;
2026/06/11;1200 UTC;;934,6;934,6;934,1;1413;28,1;15,9;28,6;26,3;17,4;14,8;57;43;48;24;3,7;1,9;
2026/06/11;1300 UTC;;934,7;934,9;934,6;1663,4;28,2;16,1;28,6;27;18,8;15,9;60;47;48;55;5,1;2,7;
2026/06/11;1400 UTC;;934,3;934,7;934,3;2486,7;29,2;16,5;29,6;28;16,6;15,3;48;44;46;28;6,3;3,3;
2026/06/11;1500 UTC;;933,6;934,3;933,6;2636,3;30,3;15,7;30,3;29,1;17,1;15,6;47;41;41;44;7,6;3,6;
2026/06/11;1600 UTC;;932,7;933,6;932,7;2923,1;29,8;15,2;30,6;29,4;16,5;15,1;44;40;41;28;8,8;1,9;
2026/06/11;1700 UTC;;931,6;932,7;931,6;2129,6;30,3;16,7;31,3;29,6;16,7;14,7;44;38;44;344;5,9;,9;
2026/06/11;1800 UTC;;930,9;931,6;930,9;1984,7;30,7;15,9;31,5;30,3;16,5;15,3;44;38;41;45;5;1,6;
2026/06/11;1900 UTC;;931,1;931,1;930,9;1207,8;30,1;17,2;31,1;30,1;17,2;15,7;46;40;46;9;4,2;,6;
2026/06/11;2000 UTC;;931,6;931,6;931,1;511,4;28,7;17,9;30,1;28,7;18,1;17;52;46;52;232;3,4;1,9;
2026/06/11;2100 UTC;;931,8;931,8;931,6;97,3;27,5;17,6;28,7;27,5;18,3;17,6;57;52;55;222;3;2,1;
2026/06/11;2200 UTC;;932,4;932,4;931,8;;27,4;17,2;27,5;26,6;17,9;17,2;59;54;54;224;2,6;2;
2026/06/11;2300 UTC;;933,1;933,1;932,4;;25,9;17,5;27,4;25,9;17,7;17,1;60;53;60;244;2,6;,8;
2026/06/12;0000 UTC;;933,8;933,8;933,1;;25,8;17,2;26,3;25,1;17,8;16,9;64;57;59;170;1,8;,3;
2026/06/12;0100 UTC;;934,3;934,3;933,8;;25,2;17,1;25,9;24,3;17,3;16,8;64;58;61;198;1,8;0;
2026/06/12;0200 UTC;;934,5;934,6;934,3;;24,5;17,2;25,3;24,4;17,6;17;65;60;64;28;1,5;,1;
2026/06/12;0300 UTC;;934,4;934,5;934,3;;24;17,1;25,1;23,9;17,5;17;66;61;65;73;2,4;,5;
2026/06/12;0400 UTC;;933,9;934,4;933,9;;23,7;17;24,7;23,4;17,5;17;69;63;66;58;2,8;1,2;
2026/06/12;0500 UTC;;933,4;933,9;933,4;;23;16,9;23,9;22,6;17,1;16,8;71;65;68;59;2,2;,6;
2026/06/12;0600 UTC;;933;933,4;933;;23,7;16,3;23,9;22,8;16,9;16,3;68;63;63;66;2,3;1,6;
2026/06/12;0700 UTC;;933;933,1;933;;21,9;16,2;23,7;21,9;16,5;16,1;70;63;70;45;2,6;1,3;
2026/06/12;0800 UTC;;933,2;933,2;933;;23;16,3;23;21,9;16,5;16,2;70;66;66;29;1,9;,9;
2026/06/12;0900 UTC;;933,5;933,5;933,2;;23;16,3;23,2;22,5;16,4;16,2;68;65;66;31;1,8;,7;
2026/06/12;1000 UTC;;934,1;934,1;933,5;62;23,7;16,5;23,9;22,8;16,9;16,1;67;62;64;54;2;,8;
2026/06/12;1100 UTC;;935;935;934,1;353,1;24,3;17,1;24,5;23,4;17,6;16,5;68;64;64;59;2,7;1,8;
2026/06/12;1200 UTC;;935,5;935,5;935;1523,5;26,7;17;27,2;23,9;18;17;68;55;55;62;8;5;
2026/06/12;1300 UTC;;935,5;935,6;935,4;2182,2;28,2;17,1;28,4;26,6;18,5;17;58;51;51;43;7,6;4,7;
2026/06/12;1400 UTC;;935,3;935,6;935,3;2642,4;29,7;15,2;29,8;28;17,7;14,5;53;40;41;43;7,6;4,7;
2026/06/12;1500 UTC;;934,6;935,3;934,6;2920,9;30,7;14,2;30,9;29,4;15,5;14,2;42;37;37;24;7,1;2,5;
2026/06/12;1600 UTC;;933,6;934,6;933,6;2883,7;30,9;14;31,5;30,2;15,2;13,8;39;35;36;16;7,1;2,3;
2026/06/12;1700 UTC;;932,4;933,6;932,4;2584;31,2;14,2;31,8;30,3;15;13,5;39;34;36;17;6,4;1,4;
2026/06/12;1800 UTC;;931,7;932,4;931,7;2740;31,2;15,1;32,5;31,1;15,5;13,1;38;32;38;191;4,8;1,2;
2026/06/12;1900 UTC;;931,6;931,7;931,5;1753,1;30,9;15,7;31,7;30,4;16,5;14,4;43;36;40;225;4,8;1,9;
2026/06/12;2000 UTC;;931,7;931,7;931,6;685,7;30;16,3;31;29,8;16,6;14,8;44;38;44;233;3,3;1,7;
2026/06/12;2100 UTC;;932,2;932,2;931,7;112,4;26,9;16,8;30,2;26,9;17,1;16;54;42;54;238;3;2,4;
2026/06/12;2200 UTC;;932,7;932,7;932,2;;26,1;16,7;28,1;26,1;16,9;15,8;56;48;56;220;3,2;1,4;
2026/06/12;2300 UTC;;933,3;933,3;932,7;;25,8;17,1;26,2;25,5;17,1;16,5;59;55;59;224;2,7;2;
2026/06/13;0000 UTC;;933,6;933,6;933,3;;26,2;16,7;26,4;25,6;17,1;16,6;59;55;56;191;2,4;,9;
2026/06/13;0100 UTC;;934;934;933,6;;25,3;16,8;26,2;25,3;16,9;16,5;60;56;60;86;2,9;1,5;
2026/06/13;0200 UTC;;933,9;934,1;933,9;;23,9;16,7;25,3;23,4;17,1;16,7;67;60;64;79;2,9;,6;
2026/06/13;0300 UTC;;933,9;933,9;933,8;;24,4;16;25,4;23,8;16,7;15,8;64;56;60;69;3;1,3;
2026/06/13;0400 UTC;;933,6;933,9;933,5;;23;16,1;24,4;22,6;16,3;16;67;60;65;46;2,6;,8;
2026/06/13;0500 UTC;;933,3;933,6;933,3;;22,9;15,4;24,2;22,6;16,2;15,2;67;58;63;50;2,4;1,4;
2026/06/13;0600 UTC;;933;933,3;933;;22,6;15,3;23,5;22,5;15,6;15,3;65;61;63;49;2;,9;
2026/06/13;0700 UTC;;933,1;933,2;933;;23,2;14,7;23,5;22,5;15,4;14,5;64;58;59;50;2;,6;
2026/06/13;0800 UTC;;933,5;933,5;933,1;;22,8;14,7;23,7;22,5;14,9;14,4;61;57;60;51;2;,8;
2026/06/13;0900 UTC;;934;934,1;933,5;;22,5;14,4;23,4;22,2;14,9;14,3;62;57;60;79;2;0;
2026/06/13;1000 UTC;;935;935;934;41,3;21,4;15,1;23,6;20,2;15,1;14,4;71;57;67;121;5,6;3,2;
2026/06/13;1100 UTC;;935,9;935,9;935;626,3;22,7;16,1;22,8;21,4;16,1;14,9;67;62;66;102;9,1;6;
2026/06/13;1200 UTC;;936,4;936,4;935,9;1465,2;24,2;18;24,5;22,5;18,3;16,1;71;66;68;102;9,3;5,9;
2026/06/13;1300 UTC;;936,6;936,7;936,4;2140,4;27,5;18,4;27,5;24,2;18,8;17,6;69;57;57;87;9;4,6;
2026/06/13;1400 UTC;;936;936,6;936;2639,5;29,4;16,3;29,5;27,4;18,3;15,9;58;44;45;59;7,6;4,1;
2026/06/13;1500 UTC;;935,2;936;935,2;2932,1;30,7;13,5;31;29,4;16,8;12,5;46;34;35;24;8,3;4,4;
2026/06/13;1600 UTC;;934,3;935,2;934,3;2929,4;31,4;13,2;31,7;30,1;14,4;12,6;37;32;33;110;6,6;,8;
2026/06/13;1700 UTC;;933,4;934,3;933,4;2613,8;31,9;13,3;32,3;30,6;13,8;12,2;34;32;32;19;5,8;1,7;
2026/06/13;1800 UTC;;932,8;933,4;932,8;2260,6;32,2;13,4;32,3;31,5;13,9;12,9;34;32;32;335;6,1;,8;
2026/06/13;1900 UTC;;932,5;932,8;932,5;1536,3;31,3;14,6;32,5;31,1;15,2;12,8;38;31;36;208;4,1;2,3;
2026/06/13;2000 UTC;;932,7;932,7;932,5;643;29,8;16,2;31,4;29,7;16,2;14,2;44;36;44;241;3,8;2,5;
2026/06/13;2100 UTC;;933,2;933,2;932,7;132,7;28,1;15,2;29,9;28,1;16,4;15,2;47;44;46;232;3,6;2,6;
2026/06/13;2200 UTC;;933,5;933,5;933,2;;26,4;15,5;28,2;26,3;15,8;15;52;45;51;192;3;,6;
2026/06/13;2300 UTC;;934,1;934,1;933,5;;26,4;14,4;27,3;26,2;15,5;14,4;51;46;48;192;1,9;0;
2026/06/14;0000 UTC;;934,9;934,9;934,1;;25,1;15,2;26,5;25,1;15,7;14,2;55;47;54;53;2,7;,7;
2026/06/14;0100 UTC;;935,4;935,4;934,9;;25,7;15,2;25,8;25;15,5;15;55;52;52;55;2,5;1,6;
2026/06/14;0200 UTC;;935,4;935,4;935,3;;24,8;15;25,7;24,5;15,4;14,9;57;52;54;78;2,5;,2;
2026/06/14;0300 UTC;;935,2;935,4;935,2;;24,4;15,4;25,6;24,4;15,4;14,8;57;51;57;92;3,4;2;
2026/06/14;0400 UTC;;934,7;935,2;934,7;;24,5;15,2;24,9;24,1;15,7;15,2;59;55;56;96;3,3;2,4;
2026/06/14;0500 UTC;;934;934,7;934;;23,2;15,2;24,6;23,2;15,4;15,1;61;56;61;74;3,5;,9;
2026/06/14;0600 UTC;;934;934,2;933,8;;21,9;15,6;24,1;21,9;15,6;15,1;68;59;68;170;6;2,5;
2026/06/14;0700 UTC;;933,9;934,1;933,9;;21,3;16,4;22,3;21;16,5;15,5;74;66;74;119;5,5;3,3;
2026/06/14;0800 UTC;;934,2;934,2;933,8;;20,4;16,8;21,3;20,3;16,8;16,3;80;74;80;100;6,6;4,5;
2026/06/14;0900 UTC;;934,9;935;934,2;;19,9;17,1;20,5;19,9;17,3;16,8;84;80;84;103;7,4;4,7;
2026/06/14;1000 UTC;;935,4;935,4;934,8;69,3;20,5;17,4;20,5;19,8;17,4;17,1;85;83;83;103;6,8;4,3;
2026/06/14;1100 UTC;;936,5;936,5;935,4;661,5;21,9;17,7;22;20,4;18;17,4;83;77;77;100;7,6;4;
2026/06/14;1200 UTC;;936,9;936,9;936,5;1451,9;23,6;18,1;23,7;21,9;18,3;17,6;78;70;71;100;7,8;5,7;
2026/06/14;1300 UTC;;937;937;936,8;2136,6;25,8;18,2;26;23,6;18,7;17,9;71;62;63;107;8,8;5,2;
2026/06/14;1400 UTC;;936,5;937;936,5;2635,7;27,7;17,7;28,2;25,8;18,6;17,6;63;53;55;102;7,7;4,3;
2026/06/14;1500 UTC;;935,7;936,5;935,7;2910,9;29,8;17,5;29,8;27,7;18,1;17;55;47;48;93;6,9;3,2;
2026/06/14;1600 UTC;;934,7;935,7;934,7;2903,8;30,2;17,5;30,4;29,2;18;16,4;49;45;46;156;6,1;2,6;
2026/06/14;1700 UTC;;;;;;;;;;;;;;;;;;
2026/06/14;1800 UTC;;933;933,7;933;2020,9;31,1;17,1;31,3;29,8;17,7;16,3;46;41;43;154;5,4;1,4;
2026/06/14;1900 UTC;;932,8;933;932,8;1596,8;30,7;17,2;31,4;30,4;17,6;16,8;46;42;44;174;5,5;2,4;
2026/06/14;2000 UTC;;932,9;933;932,8;838;29,6;17,9;30,8;29,3;17,9;16,8;49;44;49;195;5,3;2,1;
2026/06/14;2100 UTC;;933,3;933,3;932,9;131,4;27,6;18,3;29,7;27,6;18,4;17,9;57;49;57;214;3,4;2,2;
2026/06/14;2200 UTC;;933,8;933,8;933,3;;26,7;18,3;27,6;26,5;18,5;18,3;61;57;60;205;3,2;1,7;
2026/06/14;2300 UTC;;934,5;934,5;933,8;;26,3;17,6;26,7;26,3;18,3;17,6;60;58;59;193;2,2;,6;
2026/06/15;0000 UTC;;935,2;935,3;934,5;;26,1;17,4;26,6;26,1;17,7;17,4;59;58;59;172;2,4;,8;
2026/06/15;0100 UTC;;935,3;935,3;935,2;;25,9;17,3;26,1;25,8;17,5;17,3;60;59;59;142;2,4;1,2;
2026/06/15;0200 UTC;;935,4;935,4;935,3;;25,4;17,5;26,2;25,1;17,8;17,3;64;58;62;113;3,4;2,7;
2026/06/15;0300 UTC;;935;935,4;935;;25,6;16,8;25,9;25,4;17,5;16,8;62;58;58;111;3,4;2,5;
2026/06/15;0400 UTC;;934,7;935;934,7;;25,3;16,7;25,7;25,3;16,8;16,6;59;58;59;119;4;2,9;
2026/06/15;0500 UTC;;934,1;934,7;934,1;;24,9;16,7;25,4;24,6;16,8;16,7;61;59;61;110;4;2,9;
2026/06/15;0600 UTC;;933,7;934,1;933,7;;24,4;16,8;24,8;23,7;16,9;16,6;65;61;63;111;4,6;3,2;
2026/06/15;0700 UTC;;933,3;933,7;933,2;;22,1;16,5;24,5;22,1;16,8;16,3;70;62;70;71;4,6;2,4;
2026/06/15;0800 UTC;;933,5;933,5;933,1;;23,3;16,6;23,8;22,1;16,8;16,3;70;64;66;111;4,7;3,2;
2026/06/15;0900 UTC;;933,9;933,9;933,5;;22,3;16,5;23,4;22,3;16,6;16,5;70;66;70;99;5,5;4;
2026/06/15;1000 UTC;;934,4;934,4;933,9;68,7;22,5;16,7;22,5;22;16,7;16,5;71;70;70;89;5,9;4,3;
2026/06/15;1100 UTC;;935,1;935,1;934,4;665,2;23,9;17;24,1;22,5;17,2;16,7;70;65;65;101;9,3;5,8;
2026/06/15;1200 UTC;;935,4;935,4;935,1;1459,9;25,6;16,8;25,8;23,9;17,5;16,8;66;58;58;109;9,7;6,5;
2026/06/15;1300 UTC;;935,4;935,4;935,3;2148,4;28;17,8;28;25,3;18;16,8;60;54;54;100;9,7;5,8;
2026/06/15;1400 UTC;;935,1;935,4;935;2648,7;30,3;16,8;30,4;27,6;17,7;16,3;54;44;44;102;9;5,5;
2026/06/15;1500 UTC;;934,4;935,1;934,4;2921,2;30,5;16,6;30,7;29,4;17,2;16,2;47;43;43;103;9,1;4,8;
2026/06/15;1600 UTC;;933,5;934,4;933,5;2912;31;16,6;31,5;29,9;17,2;16,1;45;40;42;107;9,1;2,2;
2026/06/15;1700 UTC;;932,5;933,5;932,5;2684,3;31,6;14,8;32,4;30,8;17;14,8;43;36;36;129;6,3;2,9;
2026/06/15;1800 UTC;;931,8;932,6;931,8;2239;32;16,6;32,2;31,3;16,6;14,8;40;36;40;72;5,6;2;
2026/06/15;1900 UTC;;931,4;931,8;931,3;1599,5;31,4;16,7;32,2;31,2;16,9;15,6;42;38;42;185;4,7;1,6;
2026/06/15;2000 UTC;;931,9;931,9;931,4;838,8;30,5;16,9;31,4;30,5;17,2;16,2;44;41;44;206;4,5;2;
2026/06/15;2100 UTC;;932;932;931,9;132,4;28,1;17,5;30,5;28,1;18;16,9;53;44;53;211;3,4;1,6;
2026/06/15;2200 UTC;;932,5;932,5;932;;27,7;17,6;28,1;26,8;18;17,5;58;53;54;215;3,3;2,2;
2026/06/15;2300 UTC;;933;933;932,5;;27,4;17,3;27,7;27,4;17,6;17,2;55;54;54;206;2,7;1,6;
2026/06/16;0000 UTC;;933,6;933,6;933;;27,2;17;27,9;27,2;17,5;16,9;55;52;54;179;2,1;,3;
2026/06/16;0100 UTC;;933,8;933,9;933,6;;26,6;17,3;27,2;25,3;17,8;17,1;62;54;57;142;2,6;,4;
2026/06/16;0200 UTC;;933,6;933,9;933,6;;26,2;17,2;26,9;25,7;17,3;16,9;59;55;58;167;2,1;,1;
2026/06/16;0300 UTC;;933,2;933,6;933,2;;26;16,8;26,5;25,9;17,3;16,7;58;55;57;205;2,1;1,2;
2026/06/16;0400 UTC;;932,9;933,2;932,9;;24,4;16,8;26,3;24,1;16,9;16,5;64;56;63;156;2,3;0;
2026/06/16;0500 UTC;;932,5;932,8;932,5;;25;17;25,1;24,2;17,3;16,6;64;61;61;159;1,5;,5;
2026/06/16;0600 UTC;;932,4;932,5;932,3;;24;15,9;25,1;24;17;15,7;62;58;60;98;2,8;1,2;
2026/06/16;0700 UTC;;932,4;932,5;932,3;;24,1;15,7;24,5;23,8;15,9;15,7;61;58;60;117;4,4;2,5;
2026/06/16;0800 UTC;;932,9;932,9;932,4;;22,5;15,9;24,1;22,5;16;15,6;67;60;66;93;4,1;2,7;
2026/06/16;0900 UTC;;933,3;933,3;932,9;;22,6;15,7;22,8;22,1;15,9;15,6;67;64;65;102;7;4,9;
2026/06/16;1000 UTC;;933,7;933,7;933,2;51,9;22,5;16,1;22,7;21,1;16,2;15,6;72;65;67;108;9,3;6,5;
2026/06/16;1100 UTC;;934,2;934,2;933,7;654,1;24,2;16,3;24,2;22,3;16,6;16;68;61;61;105;9,3;6,1;
2026/06/16;1200 UTC;;934,8;934,8;934,2;1446,1;26,3;17,4;26,3;24,2;17,4;16,3;61;58;58;97;10,4;5,8;
2026/06/16;1300 UTC;;934,8;935;934,7;2124,8;28,8;16,9;29;25,9;17,6;16,3;58;47;49;82;9;4,8;
2026/06/16;1400 UTC;;934,3;934,9;934,3;2638;30,4;15,3;30,7;28,5;17,1;14,8;49;39;40;100;9,5;6,4;
2026/06/16;1500 UTC;;933,6;934,3;933,6;2919,5;31,3;15,4;31,5;30,2;16,1;14,5;41;37;38;102;10,4;5,5;
2026/06/16;1600 UTC;;932,8;933,6;932,8;2780,3;31,3;15,2;31,6;30;16,1;15;41;37;38;122;8,2;3,6;
2026/06/16;1700 UTC;;931,9;932,8;931,9;2734;31,3;14,4;32,4;30,6;16,1;14,4;40;35;36;142;6,6;3,2;
2026/06/16;1800 UTC;;931,2;931,9;931,2;2281,2;31,5;15,4;32,3;31,2;16;14,4;39;35;38;196;5,8;1,5;
2026/06/16;1900 UTC;;931;931,2;931;1615,8;31,3;15,5;32,3;31,1;15,7;13,7;39;33;38;195;5,1;2,3;
2026/06/16;2000 UTC;;931,3;931,3;931;842,3;30,6;17;31,4;30,6;17,1;15,1;44;38;44;210;3,8;,9;
2026/06/16;2100 UTC;;931,4;931,4;931,3;134,6;28;17,1;30,6;28;17,3;16,8;52;44;52;211;2,6;1,8;
2026/06/16;2200 UTC;;931,7;931,7;931,4;;27,1;16,8;28;27,1;17;16,6;53;51;53;206;2,2;1,4;
2026/06/16;2300 UTC;;932,1;932,1;931,7;;26,6;16,4;27,7;26,6;16,9;16,3;55;51;53;204;2,4;1,3;
2026/06/17;0000 UTC;;932,6;932,6;932,1;;26,8;15,6;27,1;26,6;16,5;15,6;54;50;50;194;2,5;1;
2026/06/17;0100 UTC;;932,9;932,9;932,6;;26;15,6;27;26;15,7;15,3;52;49;52;153;2,8;1,2;
2026/06/17;0200 UTC;;933;933;932,8;;25,5;16;26;23,8;16,6;15,6;64;52;56;106;3,5;2,6;
2026/06/17;0300 UTC;;932,8;933;932,8;;26,1;15,1;26,5;25,5;16;15,1;56;51;51;113;3,6;2,4;
2026/06/17;0400 UTC;;932,7;932,8;932,7;;25,5;14,8;26,2;25,4;15,3;14,8;53;51;52;98;3,2;2,5;
2026/06/17;0500 UTC;;932,6;932,7;932,5;;24,1;15,2;25,5;24,1;15,2;14,9;58;52;58;106;4,2;2,9;
2026/06/17;0600 UTC;;932,6;932,7;932,6;;24;15,1;24,1;23,7;15,3;14,9;59;57;58;102;6,1;4,3;
2026/06/17;0700 UTC;;932,8;932,8;932,5;;22,4;15,4;24;22,3;15,4;15;65;58;65;100;6,8;4,4;
2026/06/17;0800 UTC;;933,4;933,4;932,8;;22,2;15,8;22,5;22,2;15,8;15,4;67;65;67;102;6,8;4,6;
2026/06/17;0900 UTC;;933,8;933,8;933,4;;21,9;15,8;22,2;21,7;15,8;15,7;69;67;68;104;7,3;5;
2026/06/17;1000 UTC;;934,3;934,3;933,8;68,3;22,3;15,9;22,3;21,6;15,9;15,7;69;67;67;104;7,3;4,1;
2026/06/17;1100 UTC;;935,5;935,5;934,3;645,2;23,7;15,9;23,9;22,3;16,1;15,7;67;61;62;93;9,5;6,5;
2026/06/17;1200 UTC;;936;936;935,5;1495;25,5;16,5;25,5;23,7;16,8;16;63;58;58;114;9,6;4,6;
2026/06/17;1300 UTC;;936;936,1;935,9;2149,5;28,2;16,5;28,2;25,4;16,8;16;58;49;49;113;9,1;5,4;
2026/06/17;1400 UTC;;935,6;936;935,6;2639,7;29,6;14,9;30,1;27,7;16,4;14,3;49;39;41;115;10;5,8;
2026/06/17;1500 UTC;;935;935,6;935;2911,4;30,9;14,6;31;29,4;15,7;14;42;36;37;110;10;5,5;
2026/06/17;1600 UTC;;934,3;935;934,3;2922,5;31,5;13,9;32;30,5;15,2;13,9;38;34;34;98;10,1;4,5;
2026/06/17;1700 UTC;;933,5;934,3;933,5;2751,2;31,5;13,9;32,2;31,1;15;13,5;37;33;34;103;10;3,8;
2026/06/17;1800 UTC;;932,9;933,5;932,9;2324,4;31,8;13,5;32,6;31,3;14,4;12,9;35;32;33;85;7,9;3,4;
2026/06/17;1900 UTC;;932,8;933;932,8;1576,2;31,6;13,5;32,1;31,4;14;12,9;34;32;33;109;7,5;3,1;
2026/06/17;2000 UTC;;933;933;932,8;863,8;30,6;14,2;31,5;30,6;14,2;12,9;37;32;37;141;7,5;1,6;
2026/06/17;2100 UTC;;933,1;933,1;932,9;133,5;28,2;15,3;30,6;28,2;15,3;13,5;46;35;46;171;3,8;,5;
2026/06/17;2200 UTC;;933,4;933,5;933,1;;27;14,6;28,2;27;15,7;14,3;47;44;47;188;2;,6;
2026/06/17;2300 UTC;;933,6;933,6;933,4;;27,3;13,9;27,7;27;14,5;13,8;47;43;44;134;3;2;
2026/06/18;0000 UTC;;934,2;934,2;933,6;;26,9;14,2;27,7;26,8;14,2;13,8;46;43;46;123;3,9;2,6;
2026/06/18;0100 UTC;;934,3;934,3;934,2;;26,1;14,3;26,9;25,8;14,4;14,2;49;46;48;109;3,8;2,6;
2026/06/18;0200 UTC;;934,2;934,3;934,2;;25,9;14,4;26,1;25,7;14,6;14,3;50;48;49;108;4,6;3,2;
2026/06/18;0300 UTC;;934,3;934,3;934,1;;25,6;14,3;26;25,5;14,4;14,2;50;48;50;105;4,1;3,1;
2026/06/18;0400 UTC;;934,2;934,3;934,2;;25;14,3;25,6;24,8;14,5;14,3;52;50;51;106;4,1;3,1;
2026/06/18;0500 UTC;;934;934,2;934;;24,7;14,3;25,1;24,4;14,4;14,3;54;51;52;106;5,1;3,7;
2026/06/18;0600 UTC;;933,8;934;933,7;;23,5;14,3;24,7;23,5;14,4;14,3;56;52;56;99;5,4;3,9;
2026/06/18;0700 UTC;;933,4;933,8;933,4;;23,1;13,4;23,5;23;14,3;13,4;57;54;54;111;7,6;5;
2026/06/18;0800 UTC;;933,6;933,6;933,4;;22,2;13,4;23,2;22,2;13,5;13,2;57;54;57;104;7;4,1;
2026/06/18;0900 UTC;;933,9;933,9;933,6;;21,9;13,7;22,3;21,6;13,7;13,4;60;57;60;100;6;4,2;
2026/06/18;1000 UTC;;934,6;934,7;933,9;45,1;21,1;14,5;22;21,1;14,5;13,5;66;59;66;109;9,7;6,7;
2026/06/18;1100 UTC;;935,3;935,3;934,6;621,5;22,6;15,6;22,7;20,8;15,6;14,5;68;64;65;100;9,7;6;
2026/06/18;1200 UTC;;935,5;935,6;935,3;1429,9;24,7;15,8;24,7;22,6;16;15,3;65;57;58;109;10,8;7,3;
2026/06/18;1300 UTC;;935,5;935,5;935,4;2142;26,6;16,4;26,8;24,6;16,6;15,6;58;53;54;116;11,7;6,5;
2026/06/18;1400 UTC;;935,4;935,6;935,4;2672,8;28,5;16,2;29;26,4;17,2;16,1;55;47;47;119;10,5;6,8;
2026/06/18;1500 UTC;;934,6;935,4;934,6;2962;30,7;14,8;30,8;28,5;16,9;14;47;37;38;94;11,1;7,3;
2026/06/18;1600 UTC;;934;934,7;934;2847;31,7;14,5;32;30,1;15,7;13,7;40;35;35;100;10,8;4,8;
2026/06/18;1700 UTC;;933,1;934;933,1;2118,8;30;13,9;32,1;30;15,2;13,3;38;34;37;114;8,3;4;
2026/06/18;1800 UTC;;932,5;933,1;932,5;1870,3;31,2;13,7;31,8;29,8;15,2;13,4;39;33;34;119;8,3;3,1;
2026/06/18;1900 UTC;;932,3;932,5;932,3;1346,1;31;14,1;31,8;30,4;14,9;12,9;38;32;36;153;6,3;2,8;
2026/06/18;2000 UTC;;932,4;932,4;932,3;643,8;28,8;15,4;31,2;28,8;15,4;13,5;44;35;44;165;6,4;1;
2026/06/18;2100 UTC;;932,9;932,9;932,4;72,9;28,5;15,2;28,8;28,3;15,8;15;47;43;45;131;3,1;1,8;
2026/06/18;2200 UTC;;933,4;933,4;932,9;;27,7;14,9;28,6;27,7;15,3;14,8;46;44;46;107;2,4;1,9;
2026/06/18;2300 UTC;;933,7;933,7;933,4;;27;14,7;27,8;26,9;14,9;14,7;47;45;47;124;3,6;2,7;
2026/06/19;0000 UTC;;934,4;934,4;933,7;;26;14,9;27;25,7;15;14,7;51;47;51;109;3,8;2,4;
2026/06/19;0100 UTC;;934,8;934,8;934,4;;25,2;14,8;25,9;25,2;14,9;14,8;53;51;52;103;3,4;2,6;
2026/06/19;0200 UTC;;934,8;934,9;934,7;;24,6;14,9;25,4;24,5;14,9;14,8;55;52;55;117;4,1;2,7;
2026/06/19;0300 UTC;;934,7;934,8;934,7;;24,2;15;24,7;24,1;15;14,9;57;55;57;109;4,8;3,6;
2026/06/19;0400 UTC;;934,7;934,8;934,6;;24,1;15,4;24,4;23,7;15,4;15;59;56;59;101;6,4;4,6;
2026/06/19;0500 UTC;;934,5;934,7;934,5;;23,4;15,4;24,1;23,3;15,5;15,4;61;59;61;104;7,7;5,6;
2026/06/19;0600 UTC;;934;934,5;934;;23,4;15,4;23,5;22,9;15,5;15,3;63;61;61;107;8,8;5,6;
2026/06/19;0700 UTC;;933,9;934;933,8;;23,1;15,4;23,5;23,1;15,5;15,3;62;60;62;105;8,1;5,4;
2026/06/19;0800 UTC;;934,3;934,3;933,8;;22,1;15,7;23,1;22,1;15,7;15,4;67;62;67;97;7,5;5,2;
2026/06/19;0900 UTC;;934,5;934,5;934,2;;21,6;15,8;22,4;21,6;15,9;15,8;70;66;70;99;7,9;5,2;
2026/06/19;1000 UTC;;935,3;935,3;934,5;33,7;21;16;21,6;20,9;16;15,8;73;70;73;98;8,8;5,7;
2026/06/19;1100 UTC;;935,7;935,7;935,3;631,8;22,4;16,5;22,4;20,9;16,6;16;73;69;69;92;9,5;6,7;
2026/06/19;1200 UTC;;936,1;936,2;935,7;1431,9;24,5;17,3;24,7;22,3;17,5;16,4;70;64;64;93;10,2;6,9;
2026/06/19;1300 UTC;;936,3;936,3;936,1;2125,7;26,4;17,6;27;24,4;18,1;17,2;65;57;59;83;10,3;6,1;
2026/06/19;1400 UTC;;936,1;936,5;936,1;2611;27,4;17,9;27,8;26,2;18,3;17,5;59;55;56;101;9,5;4,9;
2026/06/19;1500 UTC;;935,3;936,1;935,3;2897,8;28,8;18,1;29;27,3;18,4;17,3;57;51;52;79;7,9;4;
2026/06/19;1600 UTC;;934,5;935,3;934,5;2874;29,9;16,7;30,1;28,3;18,2;16,6;53;45;45;110;8,1;3,5;
2026/06/19;1700 UTC;;933,5;934,5;933,5;2577,7;30;16,3;30,8;28,8;17,7;16;48;43;44;102;8,1;4,1;
2026/06/19;1800 UTC;;932,6;933,5;932,6;2281,3;30,5;15,9;30,8;29,7;16,5;15,5;45;41;41;166;7,6;2,6;
2026/06/19;1900 UTC;;932,2;932,6;932,2;1568,6;29,7;15,8;30,8;29,7;16,5;15,1;44;39;43;171;6;1,5;
2026/06/19;2000 UTC;;932,3;932,3;932,1;818,5;28,6;16,3;30,3;28,6;16,7;15,4;48;41;47;182;4,8;1,3;
2026/06/19;2100 UTC;;932,7;932,7;932,3;154,9;26,9;16,7;28,7;26,9;16,8;16,3;54;47;54;180;3;,5;
2026/06/19;2200 UTC;;933;933;932,6;;26,1;16,2;27;26;16,8;16,2;56;53;55;180;2,8;,9;
2026/06/19;2300 UTC;;933,3;933,3;933;;25,6;15,9;26,1;25,5;16,2;15,7;55;54;55;115;3,5;1,6;
2026/06/20;0000 UTC;;933,9;933,9;933,3;;25,8;15,8;26,3;25,6;16;15,6;55;52;54;115;5,9;2,8;
2026/06/20;0100 UTC;;934,2;934,3;933,9;;25,1;15,5;25,8;25,1;15,9;15,5;56;54;55;101;5,6;4,1;
2026/06/20;0200 UTC;;934,4;934,4;934,2;;23,8;15,6;25,1;23,8;15,6;15,4;60;55;60;103;5,7;4;
2026/06/20;0300 UTC;;934,4;934,4;934,3;;23,1;15,2;23,8;23,1;15,6;15,2;62;60;61;101;6,1;4,5;
2026/06/20;0400 UTC;;934,2;934,5;934,2;;22,8;14,8;23,2;22,5;15,3;14,7;63;60;61;102;6,5;3,7;
2026/06/20;0500 UTC;;933,9;934,3;933,9;;22,8;14,4;22,9;22,6;14,7;14,4;61;59;59;104;6,5;4,9;
2026/06/20;0600 UTC;;933,7;934;933,7;;21,7;14,4;22,8;21,7;14,4;14,4;63;59;63;107;7,9;4,5;
2026/06/20;0700 UTC;;933,5;933,7;933,4;;21,4;14,1;22,2;21,4;14,5;13,9;64;60;63;106;8,1;4,3;
2026/06/20;0800 UTC;;933,9;933,9;933,5;;20,9;13,8;21,8;20,8;14,1;13,8;64;61;64;99;8,1;5,5;
2026/06/20;0900 UTC;;934,2;934,2;933,9;;20,2;14,1;20,9;19,7;14,1;13,7;69;64;68;95;7,7;4,8;
2026/06/20;1000 UTC;;934,6;934,6;934,2;48,9;19,9;14,3;20,4;19,6;14,3;14;70;67;70;96;6,9;5,2;
2026/06/20;1100 UTC;;935,3;935,3;934,6;431,3;21;14,9;21,2;19,9;15,1;14,3;70;68;68;91;6,9;5;
2026/06/20;1200 UTC;;936,2;936,2;935,3;1259,2;23,6;16,1;23,6;21;16,2;14,9;69;62;63;109;6,9;3,2;
2026/06/20;1300 UTC;;936,2;936,3;936,1;2122,5;25,4;15,8;25,5;23,2;16,4;15,5;63;55;55;91;7,1;4,4;
2026/06/20;1400 UTC;;935,6;936,3;935,6;2629,1;26,8;15,2;27,4;25,4;16,1;15;56;48;49;94;7,8;4,2;
2026/06/20;1500 UTC;;934,9;935,6;934,9;2890,7;27,7;14,9;28,8;26,8;15,4;14,2;49;43;46;106;7;3,3;
2026/06/20;1600 UTC;;934,1;934,9;934,1;2899,8;28,4;14,9;28,9;27,3;16,1;14,1;49;42;44;229;5,9;1,4;
2026/06/20;1700 UTC;;932,9;934,1;932,9;2704,7;29;14,9;29,4;28;15,8;14,2;45;42;42;162;5,5;1,9;
2026/06/20;1800 UTC;;932,3;932,9;932,3;2300;29,3;14,7;30;28,7;15,8;14,2;44;39;41;148;4,9;2,6;
2026/06/20;1900 UTC;;932;932,3;932;1629,4;28,8;14,5;29,5;28,5;14,7;13,4;42;38;42;188;5,3;2,2;
2026/06/20;2000 UTC;;931,8;932;931,6;866,9;27,7;14,4;29;27,7;14,9;13,5;45;39;44;187;4;1,4;
2026/06/20;2100 UTC;;931,9;931,9;931,8;138,2;26;15,2;27,8;26;15,2;14,3;52;44;52;207;3;1,6;
2026/06/20;2200 UTC;;932,2;932,2;931,9;;24,9;15;26;24,6;15,3;14,8;55;51;54;218;2,4;1,9;
2026/06/20;2300 UTC;;932,4;932,4;932,2;;24,2;14,6;25,3;23,4;15,1;14,4;58;51;55;212;3,2;2;
2026/06/21;0000 UTC;;932,7;932,8;932,4;;24;14,2;24,6;23;14,7;14;58;53;54;225;2,5;,6;
2026/06/21;0100 UTC;;933;933;932,7;;22,7;14,1;24,6;22,6;14,2;13,8;58;52;58;289;1,7;,1;
2026/06/21;0200 UTC;;932,5;933,2;932,4;;21,2;14,4;23,2;21;14,8;14;66;56;66;48;5,7;2,9;
2026/06/21;0300 UTC;;932,5;932,6;932,4;;21,9;13,9;22,3;21;14,6;13,9;66;59;60;55;4,1;2,3;
2026/06/21;0400 UTC;;932,4;932,5;932,4;;21,5;14;22,2;21,2;14;13,6;63;58;62;92;5,5;3,2;
2026/06/21;0500 UTC;;932;932,4;932;;21,2;13,5;21,7;21;14;13,5;63;61;62;113;5,5;3,6;
2026/06/21;0600 UTC;;931,9;932;931,8;;21,3;13,2;21,6;21,2;13,5;13,2;62;59;60;106;5,1;3,4;
2026/06/21;0700 UTC;;931,6;931,9;931,6;;20,3;13,2;21,5;20,1;13,2;13;64;59;64;97;5,1;3,6;
2026/06/21;0800 UTC;;931,8;931,8;931,5;;20,7;12,9;20,9;20,2;13,2;12,8;64;61;61;97;5,3;4;
2026/06/21;0900 UTC;;932,3;932,3;931,8;;19,7;12,5;20,8;19,7;12,8;12,5;63;60;63;99;5,3;3,3;
2026/06/21;1000 UTC;;933,1;933,1;932,3;64;20,3;12,8;20,3;19,4;12,8;12,5;65;62;62;96;4,4;2,6;
2026/06/21;1100 UTC;;933,9;933,9;933,1;648,4;23,9;12,9;23,9;20,3;13,1;12,6;62;50;50;93;4;3;
2026/06/21;1200 UTC;;934,6;934,6;933,9;1447,6;25,3;13,1;25,4;23,8;13,7;12,3;51;46;47;84;4,7;,7;
2026/06/21;1300 UTC;;934,6;934,6;934,5;2142,9;26,7;13,8;26,7;25,1;13,8;12,6;47;44;45;79;4,5;2,2;
2026/06/21;1400 UTC;;934,4;934,6;934,4;2638,3;28,9;13,1;29,1;26,5;14,2;12,7;46;38;38;62;5,1;,9;
2026/06/21;1500 UTC;;933,8;934,4;933,8;2918,1;29,5;12,9;29,6;28,2;13,6;12;40;35;36;193;4,8;2,1;
2026/06/21;1600 UTC;;932,9;933,8;932,9;2932,6;29,7;12,8;30,2;28,6;13,6;11,7;38;33;36;313;5,4;1,7;
2026/06/21;1700 UTC;;932,1;932,9;932,1;2707,7;30;11,9;30,3;28,7;13,9;11,3;38;32;33;164;5,5;2,8;
2026/06/21;1800 UTC;;931,6;932,1;931,6;2262,1;29,6;12;30,5;29,5;12,9;11,6;35;32;34;189;5,5;2,5;
2026/06/21;1900 UTC;;931,5;931,6;931,5;1608,8;30;12,6;31;29,5;13,3;11,6;36;32;34;182;5;1;
2026/06/21;2000 UTC;;931,8;931,8;931,5;868,5;28,7;12,9;30,2;28,6;14,3;12,4;41;34;38;187;4,2;1,4;
2026/06/21;2100 UTC;;932,1;932,1;931,8;141,3;26,5;14,5;28,7;26,5;14,5;13,1;48;38;48;210;3,6;2;
2026/06/21;2200 UTC;;932,5;932,5;932,1;;25,4;14,3;26,5;25,2;14,6;14,2;51;48;50;206;3,1;1,6;
2026/06/21;2300 UTC;;933;933;932,5;;25,1;13,5;25,7;24,9;14,2;13,5;51;47;48;199;2,8;,9;
2026/06/22;0000 UTC;;933,7;933,7;933;;23,9;14,3;25,2;23,6;14,4;13,3;56;48;55;96;3,6;2,8;
2026/06/22;0100 UTC;;933,9;933,9;933,7;;24,3;12,6;24,7;23,8;14,3;12,6;55;48;48;101;3,9;3;
2026/06/22;0200 UTC;;933,8;933,9;933,8;;23,7;12,5;24,6;23,7;12,6;12,3;50;47;49;99;3,6;2,5;
2026/06/22;0300 UTC;;933,5;933,8;933,5;;23,4;12,5;23,9;23,2;12,7;12,5;51;49;51;95;3,4;2,9;
2026/06/22;0400 UTC;;933,2;933,5;933,2;;23,6;12,1;23,6;22,9;12,7;12,1;52;49;49;84;3,5;2,9;
2026/06/22;0500 UTC;;932,8;933,2;932,8;;23,3;11,6;23,7;22,9;12,2;11,6;51;48;48;88;4,1;2,8;
2026/06/22;0600 UTC;;932,6;932,8;932,6;;21,8;11,8;23,4;21,8;11,9;11,5;53;47;53;125;4,4;2,7;
2026/06/22;0700 UTC;;932,8;932,8;932,6;;21,8;11,8;22,2;21,6;11,9;11,8;54;52;53;113;5,3;3;
2026/06/22;0800 UTC;;933,1;933,1;932,8;;21,4;11,6;21,8;21,1;11,9;11,6;55;53;54;98;4,3;3,2;
2026/06/22;0900 UTC;;933,6;933,6;933,1;;20,8;11,3;21,5;20,8;11,5;11,2;55;52;54;105;5,6;3,3;
2026/06/22;1000 UTC;;934,5;934,5;933,6;63,5;21,4;10,9;21,4;20,7;11,3;10,9;55;51;51;113;5,7;3,9;
2026/06/22;1100 UTC;;935,3;935,3;934,5;665,4;22,8;11,1;22,8;21,4;11,2;10,8;51;47;48;113;7,5;5,4;
2026/06/22;1200 UTC;;935,7;935,7;935,3;1477,8;23,9;11,7;24,1;22,7;12,2;11;49;46;46;110;10,5;6,5;
2026/06/22;1300 UTC;;935,8;936;935,7;2180,1;26,2;11,7;26,2;23,9;12,5;11,4;47;40;40;106;10,9;6,9;
2026/06/22;1400 UTC;;935,4;935,9;935,4;2700,1;28,4;10,6;28,5;26,2;12;10,6;40;33;33;111;10,2;5,9;
2026/06/22;1500 UTC;;934,7;935,4;934,7;2981,9;29,8;9,5;30,2;28,3;11,4;9,1;34;28;28;108;8,8;4,9;
2026/06/22;1600 UTC;;933,8;934,7;933,8;2979,4;29,9;8,1;30,7;29,3;9,8;8,1;29;25;26;47;7,9;2,3;
2026/06/22;1700 UTC;;933;933,8;933;2732;30,3;8,2;30,9;29,6;9,7;8;28;25;25;127;6,9;2,7;
2026/06/22;1800 UTC;;932,4;933;932,4;2308,7;30,2;8,6;31,1;29,9;9,1;7,5;27;24;26;145;5,8;2,2;
2026/06/22;1900 UTC;;932,3;932,4;932,2;1565,7;29,7;8,8;30,7;29,6;9,3;7,3;28;24;27;200;5,5;2,2;
2026/06/22;2000 UTC;;932,5;932,5;932,3;756,1;28,8;10,4;29,8;28,8;10,4;8,7;32;27;32;213;3,8;,9;
2026/06/22;2100 UTC;;932,6;932,6;932,5;121,2;26;11,1;28,8;26;11,8;10,2;40;31;39;195;2;,7;
2026/06/22;2200 UTC;;932,9;932,9;932,6;;25,5;9,4;26;24,7;11,4;9,4;43;36;36;200;2,2;1,4;
2026/06/22;2300 UTC;;933;933;932,9;;25,6;8;25,7;25;9,5;8;37;33;33;161;2,4;1,2;
2026/06/23;0000 UTC;;933,5;933,5;933;;25,6;8,1;26,1;25,3;8,3;8;33;32;33;121;5,2;3,2;
2026/06/23;0100 UTC;;933,5;933,7;933,5;;24,5;8,3;25,7;24,4;8,3;7,9;36;32;36;128;5,4;3;
2026/06/23;0200 UTC;;933,6;933,6;933,5;;22,2;9,1;24,5;21,8;9,1;8,2;44;36;43;97;4,6;3,1;
2026/06/23;0300 UTC;;933,1;933,6;933,1;;22,5;9;22,7;21,2;9,3;8,8;46;41;42;62;3,6;2,3;
2026/06/23;0400 UTC;;932,9;933,1;932,9;;22,8;8,4;23,5;22,5;9,1;8,3;42;38;40;91;3,5;3,1;
2026/06/23;0500 UTC;;932,5;932,9;932,5;;22,5;8,4;23,2;22,5;8,5;8,2;41;38;41;94;4;3,3;
2026/06/23;0600 UTC;;932,2;932,5;932,2;;22,3;8,2;23,3;22,3;8,6;8;41;38;41;98;5;3,3;
2026/06/23;0700 UTC;;932,2;932,2;932,1;;20,7;8,7;22,3;20,1;8,9;8,3;48;41;46;65;4,4;2;
2026/06/23;0800 UTC;;932,6;932,6;932,2;;21,5;8,4;21,5;20,8;8,6;8,4;46;43;43;62;2,6;2,1;
2026/06/23;0900 UTC;;932,9;932,9;932,6;;20,2;8,5;21,5;20,1;8,7;8,4;48;43;47;76;3,7;1,2;
2026/06/23;1000 UTC;;933,3;933,3;932,9;64;21;8,6;21;19,6;8,9;8,5;50;45;45;105;5,8;4,1;
2026/06/23;1100 UTC;;934;934;933,3;666,1;22,8;8,9;22,9;21;9,3;8,5;45;41;41;112;6,5;4,2;
2026/06/23;1200 UTC;;934,7;934,8;934,1;1477;24,9;10,3;25,1;22,7;10,3;8,9;42;37;40;97;6,9;5;
2026/06/23;1300 UTC;;934,8;934,9;934,7;2181,4;26,8;10,3;27,2;24,9;10,7;9,4;40;34;36;102;8,6;5,3;
2026/06/23;1400 UTC;;934,5;934,9;934,5;2695,3;28,5;9,1;28,7;26,6;10,6;8,6;36;29;30;103;8,7;5,4;
2026/06/23;1500 UTC;;933,6;934,5;933,6;2939,5;29,9;7,8;30;28,5;9,6;7,3;31;25;25;25;8,5;1,7;
2026/06/23;1600 UTC;;932,5;933,6;932,5;2897;29,8;8,1;30,6;29,3;9,4;7,3;28;24;26;101;5,7;2,4;
2026/06/23;1700 UTC;;931,5;932,5;931,5;2669,6;30,4;8,6;30,7;29,4;9,3;7,8;28;25;26;75;5,8;1,2;
2026/06/23;1800 UTC;;931;931,5;931;2233,3;29,9;7,8;30,9;29,9;9;7,7;26;24;25;180;5,5;1,6;
2026/06/23;1900 UTC;;930,8;931;930,7;1491,6;29,7;10,5;31;29,6;10,5;7,8;30;25;30;196;4,8;,7;
2026/06/23;2000 UTC;;930,9;931;930,8;755,5;28,4;10,1;29,7;28,4;10,7;8,9;32;28;32;196;3,8;1,2;
2026/06/23;2100 UTC;;931,3;931,3;930,9;130,2;26;11,7;28,4;26;11,9;10,3;42;32;41;200;2,6;1,7;
2026/06/23;2200 UTC;;931,6;931,6;931,3;;25;9,1;26;25;11,7;9,1;41;36;36;208;2,6;1,4;
2026/06/23;2300 UTC;;932;932;931,6;;25,4;7,8;25,7;24,4;9,1;7,6;37;32;33;209;2,9;2,3;
2026/06/24;0000 UTC;;932,5;932,5;932;;23,7;8,5;25,4;23,1;9,2;7,5;41;32;38;103;4;1,8;
2026/06/24;0100 UTC;;932,7;932,7;932,5;;22,3;8,8;24,3;22,3;8,9;7,9;42;35;42;79;3,4;1,8;
2026/06/24;0200 UTC;;932,5;932,7;932,5;;23,4;7,7;23,6;22,4;9;7,6;42;36;37;108;5;3,6;
2026/06/24;0300 UTC;;932,5;932,5;932,4;;23,6;7;23,7;23,1;7,6;7;37;34;34;115;4,8;3,3;
2026/06/24;0400 UTC;;932,2;932,5;932,2;;22,8;7,1;23,7;22,8;7,3;7;37;34;36;117;4,6;3;
2026/06/24;0500 UTC;;931,9;932,2;931,9;;22,7;6,6;23,1;22,5;7,1;6,6;37;35;35;110;4,5;3,3;
2026/06/24;0600 UTC;;931,6;931,9;931,6;;23;6,2;23;22,6;6,5;6,1;35;34;34;115;4,8;3,5;
2026/06/24;0700 UTC;;931,7;931,7;931,6;;22,7;6,1;23,3;22,7;6,2;6,1;34;33;34;111;4,8;3,3;
2026/06/24;0800 UTC;;932;932;931,7;;22;6,7;22,7;21,6;6,8;6,1;38;34;37;108;5,2;3,5;
2026/06/24;0900 UTC;;932,5;932,5;932;;22,1;6,7;22,3;21,9;6,8;6,6;37;36;37;113;5,2;3,2;
2026/06/24;1000 UTC;;932,9;932,9;932,5;64;21,7;7,3;22,2;21,1;7,3;6,7;41;37;40;107;5,4;3,8;
2026/06/24;1100 UTC;;933,6;933,6;932,9;669,4;23,6;8,1;23,6;21,7;8,1;7,2;40;37;37;113;5,9;4;
2026/06/24;1200 UTC;;934,2;934,2;933,6;1485,2;26,1;8,8;26,2;23,6;9,1;8,1;37;33;33;108;6,1;3,3;
2026/06/24;1300 UTC;;934,3;934,4;934,2;2210,8;27,4;9,7;28;26,1;9,9;8,5;34;31;33;114;5,2;3,6;
2026/06/24;1400 UTC;;933,9;934,4;933,9;2712,4;29,5;8,7;29,9;27,4;10,1;8,2;33;26;27;103;7,8;4,7;
2026/06/24;1500 UTC;;933,1;933,9;933,1;2985,1;30,2;8,1;30,4;29,2;9,3;7,1;28;24;25;115;7,9;3;
2026/06/24;1600 UTC;;932,2;933,1;932,2;2979,2;30,6;7,4;31,2;29,9;8,6;7,3;26;23;24;110;6,9;2,5;
2026/06/24;1700 UTC;;931,3;932,2;931,3;2751;31;7,4;31,6;30,5;8,6;7,1;25;22;23;81;6,4;1,4;
2026/06/24;1800 UTC;;930,8;931,3;930,8;2307,1;31,3;7,5;31,8;30,7;8,8;7;25;22;23;204;4,7;1,8;
2026/06/24;1900 UTC;;930,5;930,8;930,5;1674,3;31,1;7,1;31,3;30,7;8,3;6,6;24;22;22;192;3,7;1;
2026/06/24;2000 UTC;;930,6;930,6;930,5;909,6;30,4;8,3;31,4;30,4;8,9;5,3;26;20;25;218;2,7;,6;
2026/06/24;2100 UTC;;931;931;930,6;151,1;26,6;9,6;30,4;26,5;10,5;8,3;37;25;34;226;3;2,5;
2026/06/24;2200 UTC;;931,5;931,5;931;;25,9;10,1;26,6;25,6;10,3;9,7;38;34;37;215;3;2,3;
2026/06/24;2300 UTC;;931,8;931,8;931,5;;26;8,6;26,7;25,8;10;8,4;37;32;33;203;3;2;
2026/06/25;0000 UTC;;932,2;932,2;931,8;;25,7;7,6;26;25,3;8,7;7,6;34;32;32;183;2,6;,6;
2026/06/25;0100 UTC;;932,8;932,8;932,2;;23,5;9,1;25,7;22,8;9,6;7,3;43;31;40;68;3,8;,9;
2026/06/25;0200 UTC;;932,9;932,9;932,7;;24,1;8,1;24,6;23,5;9,1;7,6;40;34;36;97;4,2;2,8;
2026/06/25;0300 UTC;;932,9;933;932,9;;23,8;7,4;24,1;23;8,5;7,3;40;34;35;115;4,4;2,7;
2026/06/25;0400 UTC;;932,7;933;932,7;;23,8;6,6;24,3;23,5;7,8;6,5;37;32;33;70;3,3;1,5;
2026/06/25;0500 UTC;;932;932,7;932;;23,3;6,3;23,8;23;6,6;6,2;34;33;33;93;3,9;3,5;
2026/06/25;0600 UTC;;931,7;932;931,7;;22,8;7,5;23,8;22,4;7,5;6,2;37;32;37;97;5;3,8;
2026/06/25;0700 UTC;;931,9;931,9;931,7;;22,9;7,6;23,8;22,8;7,7;7,5;37;36;37;121;4,8;2,8;
2026/06/25;0800 UTC;;932,2;932,2;931,8;;22,1;8,2;22,9;22;8,2;7,6;41;37;41;112;5,9;3,9;
2026/06/25;0900 UTC;;932,9;932,9;932,2;;22,4;7,2;22,7;21,9;8,2;7,2;41;37;37;117;6,5;4,3;
2026/06/25;1000 UTC;;933,6;933,6;932,9;75,1;22,2;7,4;22,4;22;7,5;7,1;39;37;39;120;6,4;4,3;
2026/06/25;1100 UTC;;934,6;934,6;933,6;657,5;23;8,3;23;22,2;8,3;7,5;39;38;39;117;8,6;5,2;
2026/06/25;1200 UTC;;935,5;935,6;934,6;1356,3;24,7;9,1;24,8;22,9;9,3;8,1;41;36;37;103;8,1;4,6;
2026/06/25;1300 UTC;;935,4;935,6;935,3;2160,4;26,1;11,5;26,2;24,5;11,5;8,6;40;35;40;101;8,1;4,7;
2026/06/25;1400 UTC;;935,2;935,5;935,2;2664,3;28,3;13;28,3;26;13,1;11,4;41;38;39;120;7,4;3,5;
2026/06/25;1500 UTC;;934,6;935,2;934,6;2951,7;29,8;10,4;30,1;28,1;13;9,7;39;29;30;93;9,1;4,8;
2026/06/25;1600 UTC;;933,6;934,6;933,6;2965,4;31,2;9,4;31,2;29,5;10,6;8,6;31;25;26;114;8,8;4,1;
2026/06/25;1700 UTC;;932,8;933,6;932,8;2741,1;31,2;9,2;31,5;30,4;9,9;8,5;27;25;26;125;8,9;4,5;
2026/06/25;1800 UTC;;932,3;932,8;932,3;2294,3;31,1;8,9;31,6;30,7;10,3;8,8;27;25;25;108;7,5;4,6;
2026/06/25;1900 UTC;;932,4;932,4;932,2;1616,5;30,9;9,5;31,6;30,7;10,5;8,8;28;25;27;149;8,6;4,4;
2026/06/25;2000 UTC;;932,6;932,6;932,4;907,8;29,8;9,9;31,2;29,8;10,4;9;29;26;29;131;8,2;3,5;
2026/06/25;2100 UTC;;933,2;933,2;932,6;156,8;27,4;10,8;29,8;27,4;10,8;9,7;35;29;35;117;6,9;2,2;
2026/06/25;2200 UTC;;933,7;933,7;933,2;;26,3;11,5;27,5;26,2;11,5;10,8;40;35;40;113;4,2;3,1;
2026/06/25;2300 UTC;;934,3;934,3;933,7;;25,6;11,2;26,3;25,3;11,6;11,1;42;40;41;118;4,3;2,8;
2026/06/26;0000 UTC;;935;935;934,3;;24,7;10,5;25,7;24,6;11,2;10,5;42;40;41;125;4,9;3,1;
2026/06/26;0100 UTC;;935,3;935,4;935;;23,2;9,9;24,8;22,7;10,8;9,9;47;41;43;99;5,3;3,9;
2026/06/26;0200 UTC;;935,4;935,5;935,3;;23,1;8,6;23,3;22,6;9,9;8,6;44;40;40;107;7,1;4,6;
2026/06/26;0300 UTC;;935,4;935,5;935,4;;22,3;8,2;23,4;22,2;8,7;8,2;42;39;41;110;7,1;4,3;
2026/06/26;0400 UTC;;935,4;935,5;935,3;;21,9;8,5;22,3;21,5;8,5;7,8;42;40;42;103;8,9;6,4;
2026/06/26;0500 UTC;;935;935,4;935;;20,7;9,2;21,9;20,7;10,2;8,6;49;42;48;98;10,7;6,6;
2026/06/26;0600 UTC;;934,7;935;934,7;;19,4;9,4;20,8;19,4;9,4;9;52;47;52;85;9,1;5;
2026/06/26;0700 UTC;;934,8;934,8;934,7;;19,2;11,2;19,5;19;11,2;9,5;60;52;60;91;7,3;5,4;
2026/06/26;0800 UTC;;935,2;935,2;934,8;;19,7;12,7;19,9;19,1;12,7;11,3;64;60;64;96;8,7;6,4;
2026/06/26;0900 UTC;;935,6;935,6;935,2;;19,4;13,4;19,7;18,9;13,4;12,7;69;64;68;97;8,7;6,5;
2026/06/26;1000 UTC;;936,1;936,2;935,6;63,2;18,9;13,9;19,4;18,5;13,9;13,3;73;68;72;90;8,3;4,3;
2026/06/26;1100 UTC;;936,9;936,9;936,1;656,7;20,9;13,8;21;18,9;14,1;13,7;72;64;64;109;10,2;6,1;
2026/06/26;1200 UTC;;937,5;937,5;936,8;1471;23,4;14,2;23,4;20,9;14,3;13,8;64;56;57;102;11;7,4;
2026/06/26;1300 UTC;;937,5;937,6;937,4;2172,3;25,2;13,8;25,6;23,1;14,5;13,4;56;48;49;101;11,5;6;
2026/06/26;1400 UTC;;937;937,6;937;2711,8;26,3;13;26,4;24,8;13,9;12,8;49;43;44;122;11,4;6,1;
2026/06/26;1500 UTC;;936,2;937;936,2;2982,9;26,8;12,8;27,9;26;13,6;12,2;45;40;42;101;11,8;5,2;
2026/06/26;1600 UTC;;935,2;936,2;935,1;2963,5;28,3;13,8;28,7;26,8;14;12,8;43;40;41;107;10,8;7,6;
2026/06/26;1700 UTC;;934,3;935,2;934,3;2736,3;29,5;14,4;29,6;28,2;14,5;13,4;42;39;40;78;10,4;4,8;
2026/06/26;1800 UTC;;934;934,3;933,9;1859,6;28,9;15;30,6;28,7;15,2;13,9;43;39;43;86;9,7;5,6;
2026/06/26;1900 UTC;;934,3;934,3;933,9;794,8;27,8;15,7;29;27,8;16;14,7;48;42;48;103;9,8;5,4;
2026/06/26;2000 UTC;;934,6;934,6;934,3;312,9;26,7;16,4;27,9;26,7;16,5;15,8;53;48;53;114;8,1;3,6;
2026/06/26;2100 UTC;;934,9;934,9;934,6;73,8;25,8;16,5;26,7;25,8;16,6;16,4;57;53;57;112;5,9;2,9;
2026/06/26;2200 UTC;;935,4;935,4;934,9;;25,4;16,4;25,8;25,4;16,6;16,4;58;56;57;117;4,7;3,1;
2026/06/26;2300 UTC;;935,7;935,7;935,4;;24,6;16,4;25,4;24,6;16,4;16,2;60;57;60;117;5,3;2,6;
2026/06/27;0000 UTC;;936;936;935,7;;23,9;16,6;24,6;23,9;16,6;16,5;64;60;64;121;5;3,3;
2026/06/27;0100 UTC;;936,5;936,5;936;;23,6;16,7;23,8;23,6;16,8;16,6;65;64;65;132;7,3;4,4;
2026/06/27;0200 UTC;;936,4;936,6;936,4;;23,2;16,8;23,6;23,2;16,9;16,7;68;65;67;134;7,3;4,1;
2026/06/27;0300 UTC;;936,1;936,4;936,1;;23;16,8;23,5;23;16,8;16,7;68;66;68;120;7,6;4,7;
2026/06/27;0400 UTC;;935,6;936,1;935,5;;22,5;16,8;23;22,5;16,9;16,8;70;68;70;118;9,7;4,9;
2026/06/27;0500 UTC;;935,2;935,6;935,2;;21,9;16,9;22,6;21,9;16,9;16,7;73;70;73;117;7,6;4,5;
2026/06/27;0600 UTC;;935;935,2;935;;21,6;17;22;21,5;17;16,8;75;72;75;123;6,7;4,2;
2026/06/27;0700 UTC;;934,8;935,1;934,7;;21,7;17,2;21,8;21,3;17,3;17;78;74;76;119;7,9;5;
2026/06/27;0800 UTC;;935,3;935,3;934,8;;21,5;17,4;22;21,5;17,4;17,2;77;75;77;109;10,8;5,5;
2026/06/27;0900 UTC;;935,9;935,9;935,3;;20,6;17,4;21,5;20,6;17,5;17,4;82;77;82;107;10,1;4,2;
2026/06/27;1000 UTC;;936,7;936,7;935,9;20,6;21;17,8;21;20,6;17,8;17,4;83;82;82;115;7,3;4,1;
2026/06/27;1100 UTC;;937,6;937,6;936,7;592,4;21,9;18;22,2;21;18,3;17,8;82;78;79;105;10,8;6,7;
2026/06/27;1200 UTC;;937,9;938;937,6;1047;23,4;18,9;23,4;21,9;18,9;18,1;79;76;76;99;11,1;7,1;
2026/06/27;1300 UTC;;938;938,1;937,8;1644,8;23,9;18,5;24,6;23,2;19,3;18,1;76;70;72;97;12,6;8,8;
2026/06/27;1400 UTC;;937,7;938,1;937,6;2356,5;25,6;18,4;26,1;23,5;18,8;17,7;72;63;65;94;13,9;8,9;
2026/06/27;1500 UTC;;937;937,7;937;2290,6;26,5;17,6;27,4;24,7;18,6;17,6;66;57;58;90;13,2;8,2;
2026/06/27;1600 UTC;;936,2;937,1;936,2;2399,6;28;18;28;26,2;18,4;17,5;59;55;55;100;11,8;6,5;
2026/06/27;1700 UTC;;935,3;936,2;935,3;2165,1;27;17,3;28,8;27;18,4;17,3;55;52;55;111;10,9;6;
2026/06/27;1800 UTC;;934,7;935,3;934,7;1425,5;28;17,9;28;26,9;17,9;17;57;53;54;90;9,7;4,9;
2026/06/27;1900 UTC;;934,4;934,7;934,3;1006,8;27,2;17,3;28,5;26,9;18;17;56;52;55;106;9,5;5,7;
2026/06/27;2000 UTC;;934,5;934,5;934,2;651,6;27;17,1;28;27;17,6;16,9;55;52;54;96;8,4;4,3;
2026/06/27;2100 UTC;;934,7;934,7;934,5;122,5;25,2;17,2;27;25,2;17,3;17;61;54;61;81;6,2;2,7;
2026/06/27;2200 UTC;;935,3;935,3;934,7;;24,3;17,1;25,2;24,3;17,3;17,1;64;61;64;109;5,6;3,1;
2026/06/27;2300 UTC;;935,5;935,5;935,2;;23,8;17;24,3;23,8;17,2;17;66;64;66;112;4,9;3,1;
2026/06/28;0000 UTC;;936;936;935,5;;24,2;17;24,2;23,7;17;16,9;66;64;64;101;4,7;3;
2026/06/28;0100 UTC;;936,2;936,3;936;;24;17,2;24,2;23,8;17,2;17;66;64;66;78;4,1;2,5;
2026/06/28;0200 UTC;;936,1;936,3;936,1;;23,2;17,3;24;23,2;17,4;17,2;69;66;69;112;3,6;2,2;
2026/06/28;0300 UTC;;935,9;936,1;935,9;;23,2;17,3;23,3;23,2;17,3;17,3;70;69;70;100;3,5;2,2;
2026/06/28;0400 UTC;;935,4;935,9;935,3;;22,7;17,4;23,2;22,6;17,5;17,3;73;70;72;85;3,5;2,2;
2026/06/28;0500 UTC;;935;935,4;935;;22,5;16,3;22,8;22,3;17,4;16,3;72;68;68;108;6,6;4,1;
2026/06/28;0600 UTC;;934,6;935;934,6;;21,2;15,4;22,6;21,2;16,3;15,4;70;67;70;113;7,2;4,7;
2026/06/28;0700 UTC;;934,6;934,7;934,5;;20,3;14,5;21,2;20,3;15,4;14,5;70;69;69;106;7,4;4,6;
2026/06/28;0800 UTC;;934,6;934,7;934,5;;19,5;14,2;20,4;19,5;14,4;14,2;71;69;71;111;8,8;5,5;
2026/06/28;0900 UTC;;935,1;935,1;934,6;;18,5;14,3;19,5;18,5;14,3;14,2;76;71;76;101;8,2;4,1;
2026/06/28;1000 UTC;;935,7;935,7;935,1;62,6;18,8;14,5;18,8;18,1;14,5;14,3;79;76;76;102;6,8;4,7;
2026/06/28;1100 UTC;;936,5;936,5;935,7;659,4;20,4;14,8;20,7;18,8;15;14,5;76;70;70;97;8,3;5,5;
2026/06/28;1200 UTC;;936,9;936,9;936,4;1453,5;22,3;15,9;22,5;20,4;16;14,8;71;66;67;106;9,9;6,6;
2026/06/28;1300 UTC;;937,3;937,3;936,8;1849,1;23,6;16,5;24,2;22,3;17;15,8;67;63;64;103;11,1;6,5;
2026/06/28;1400 UTC;;937,1;937,3;937;2452,3;25,5;17,4;26,2;23,4;18;16,5;65;59;61;124;11,6;5,1;
2026/06/28;1500 UTC;;936,1;937,1;936;2651,9;27,2;16,7;28,1;24,8;17,7;16;63;50;53;106;11,2;5,7;
2026/06/28;1600 UTC;;935;936,1;935;2923,5;28,4;14,8;28,8;26,8;16,8;14,5;53;43;44;110;11,3;6,9;
2026/06/28;1700 UTC;;934,1;935;934,1;2825,7;29,1;14,8;29,5;28,2;15,7;13,8;45;40;42;100;12,3;5,5;
2026/06/28;1800 UTC;;933,5;934,1;933,4;2342,4;29;14,3;29,6;28,5;15,6;14,3;44;41;41;105;9,3;5,3;
2026/06/28;1900 UTC;;933,4;933,5;933,3;1742,7;28,8;15,2;29,5;28,4;15,3;14,3;44;41;44;119;10,4;5,3;
2026/06/28;2000 UTC;;933,6;933,6;933,4;807,3;27,5;15,6;28,7;27,3;16;14,8;49;44;48;119;9,2;4,2;
2026/06/28;2100 UTC;;933,7;933,7;933,5;160,8;25,4;15,6;27,5;25,4;15,7;15,4;55;48;55;113;8,2;3,2;
2026/06/28;2200 UTC;;934,1;934,1;933,7;;24,2;16,1;25,4;24,2;16,2;15,6;61;55;61;130;6;3,2;
2026/06/28;2300 UTC;;934,5;934,5;934,1;;23;16,7;24,2;23;16,7;16,2;68;61;68;128;5,4;2,9;
2026/06/29;0000 UTC;;934,7;934,7;934,5;;22,5;16,8;23;22,3;16,9;16,7;71;68;70;131;4,8;3,2;
2026/06/29;0100 UTC;;935;935;934,7;;22,2;16,6;22,5;21,9;16,8;16,6;72;70;71;124;4,8;3;
2026/06/29;0200 UTC;;935,1;935,2;935;;21,6;16,4;22,2;21,4;16,6;16,4;74;71;72;105;4,3;3,1;
2026/06/29;0300 UTC;;935;935,1;934,9;;21,9;16,2;21,9;21,3;16,4;16,2;73;70;70;117;6,5;4,2;
2026/06/29;0400 UTC;;934,6;935,1;934,6;;21,2;16,1;21,9;21,1;16,2;16,1;73;70;73;111;6,5;3,9;
2026/06/29;0500 UTC;;933,9;934,6;933,9;;20,6;15,9;21,3;20,6;16,1;15,9;75;72;75;117;9,2;5;
2026/06/29;0600 UTC;;933,6;933,9;933,5;;19,5;15,9;20,6;19,5;16;15,8;80;75;80;106;8,2;3,8;
2026/06/29;0700 UTC;;933,3;933,6;933,2;;19,2;15,8;19,5;19,2;15,9;15,8;81;80;81;111;8;5,6;
2026/06/29;0800 UTC;;933,7;933,7;933,2;;19,3;15,9;19,4;19;16;15,8;82;80;81;103;10;5,6;
2026/06/29;0900 UTC;;934,4;934,4;933,6;;18,6;15,9;19,4;18,6;16;15,9;84;81;84;81;9,7;2,9;
2026/06/29;1000 UTC;;934,7;934,7;934,4;61,5;18,8;16,1;18,8;17,5;16,1;15,6;89;84;84;109;6,9;4,5;
2026/06/29;1100 UTC;;935,1;935,2;934,6;653;20,7;16,5;20,8;18,8;16,8;16,1;84;77;77;97;9,7;6,4;
2026/06/29;1200 UTC;;936,1;936,1;935,1;1437,1;23,4;17,1;23,4;20,7;17,3;16,5;78;67;68;97;9,7;6,7;
2026/06/29;1300 UTC;;936,4;936,4;936,1;2128,5;24,7;16,7;24,9;23,1;17,2;16,5;68;61;61;109;9,5;5,3;
2026/06/29;1400 UTC;;936,3;936,6;936,3;2633,2;26,1;16,5;27,1;24,6;17,2;16,4;61;53;55;122;9,4;5,4;
2026/06/29;1500 UTC;;935,8;936,3;935,8;2907,1;27,6;16,4;28,1;26,2;17,1;15,9;56;50;50;119;9,6;4,4;
2026/06/29;1600 UTC;;934,7;935,9;934,7;2687;28,5;15,7;28,8;26,8;17;15,3;52;45;46;125;11,3;5;
2026/06/29;1700 UTC;;933,7;934,8;933,6;2602;28,5;15,3;29,8;27,7;15,9;14,7;46;42;45;105;11,3;4;
2026/06/29;1800 UTC;;932,9;933,7;932,9;2173,9;29,3;15,6;30,1;28,4;16,2;15;46;42;44;145;9,4;4,1;
2026/06/29;1900 UTC;;932,6;932,9;932,5;1452,5;29,5;15,7;29,9;28,2;16,2;15;45;42;43;136;8,1;4,4;
2026/06/29;2000 UTC;;932,7;932,7;932,5;383,2;28,4;15,3;29,5;27,8;15,9;15,1;48;42;45;108;8,1;4;
2026/06/29;2100 UTC;;933;933;932,7;115,9;26;15,4;28,4;26;15,4;15,2;52;45;52;115;6,7;2,6;
2026/06/29;2200 UTC;;933,1;933,1;933;;25,3;15,3;26,1;25,2;15,5;15,3;54;52;54;111;4,9;2,9;
2026/06/29;2300 UTC;;933,7;933,7;933,1;;24,5;15,3;25,6;24;15,4;15,1;58;53;56;102;6,6;4,2;
2026/06/30;0000 UTC;;934,1;934,1;933,7;;23,9;15,2;24,5;23,9;15,3;15,2;58;56;58;100;6,6;3,3;
2026/06/30;0100 UTC;;934,3;934,3;934,1;;23;15,3;24;22,9;15,4;15,2;62;58;62;98;4,6;3;
2026/06/30;0200 UTC;;934,4;934,4;934,3;;22,9;15,4;23,1;22,1;15,5;15,2;65;62;63;103;4,8;3,3;
2026/06/30;0300 UTC;;934,4;934,5;934,3;;22;15,5;23;21,7;15,5;15,3;67;63;67;106;4,8;2,7;
2026/06/30;0400 UTC;;934;934,4;934;;21,6;15,4;22,1;21,5;15,5;15,3;68;66;68;122;4,2;2,6;
2026/06/30;0500 UTC;;933,6;934,1;933,6;;21;15,4;21,6;20,9;15,5;15,3;70;68;70;120;5,8;3,6;
2026/06/30;0600 UTC;;933,3;933,7;933,3;;20;15,1;21,2;20;15,4;14,7;73;67;73;85;6,8;3,3;
2026/06/30;0700 UTC;;933,3;933,3;933,1;;19,9;14,4;20,4;19,7;15,1;14,4;74;69;71;105;5,7;3,5;
2026/06/30;0800 UTC;;933,4;933,4;933,3;;19,8;14,2;19,9;19,7;14,5;14,2;72;70;70;105;5,9;4;
2026/06/30;0900 UTC;;933,8;933,8;933,4;;19,4;14,3;19,9;19,4;14,3;14,1;72;70;72;109;6,3;3,7;
2026/06/30;1000 UTC;;934,4;934,4;933,8;36,2;19,6;14,7;19,6;19,1;14,7;14,3;75;72;74;112;6,6;4,3;
2026/06/30;1100 UTC;;934,9;934,9;934,4;636,8;21,9;15,6;21,9;19,6;15,6;14,7;74;67;67;102;8,4;5,5;
2026/06/30;1200 UTC;;935,3;935,3;934,9;1435,4;24,5;16,6;24,5;21,9;16,8;15,5;67;62;62;106;9,9;6,9;
2026/06/30;1300 UTC;;935,2;935,4;935,1;2152,8;25,9;16,2;26,2;24,3;16,9;16,1;62;55;55;109;13,2;7,9;
2026/06/30;1400 UTC;;934,8;935,3;934,7;2672,1;27,4;16,3;27,9;25,6;17,1;16,1;57;50;51;96;13,1;7,4;
2026/06/30;1500 UTC;;934,7;935;934,6;2958,6;28,3;15,8;29;27,2;16,8;15,8;51;46;47;109;13;7,7;
2026/06/30;1600 UTC;;933,9;934,7;933,8;2915,3;29,4;14,4;30,1;28,2;16,4;14,2;47;39;40;111;13;6,9;
2026/06/30;1700 UTC;;932,9;933,9;932,9;2733,9;29,7;13,6;30,7;29,1;15,2;12,7;42;34;37;91;12;7,4;
2026/06/30;1800 UTC;;932,1;932,9;932,1;2298,9;30,7;13,8;30,9;29,7;14,2;12,4;37;33;36;107;11,3;5,2;
2026/06/30;1900 UTC;;931,8;932,1;931,8;1447,8;30;13,5;30,7;29,2;14,3;12,7;39;34;36;100;8,6;5,4;
2026/06/30;2000 UTC;;931,9;931,9;931,8;801;28;14,1;30;27,8;14,1;12,9;43;35;43;112;8,6;2,2;
2026/06/30;2100 UTC;;932,2;932,2;931,9;161,2;26,5;14,4;28,3;26,5;14,8;14,1;48;42;48;115;4,9;3,1;
2026/06/30;2200 UTC;;932,6;932,6;932,2;;25,4;14,3;26,5;25,3;14,5;14,1;51;47;50;117;5;2,8;
2026/06/30;2300 UTC;;932,9;932,9;932,6;;24,3;14,5;25,4;24,2;14,5;14,1;54;50;54;116;4,8;2,8;
