REGIAO:;S
UF:;RS
ESTACAO:;SALTO DO JACUI
CODIGO (WMO):;B838
LATITUDE:;-29,09638888
LONGITUDE:;-53,2125
ALTITUDE:;322
DATA DE FUNDACAO:;13/10/25
Data;Hora UTC;PRECIPITAÇÃO TOTAL, HORÁRIO (mm);PRESSAO ATMOSFERICA AO NIVEL DA ESTACAO, HORARIA (mB);PRESSÃO ATMOSFERICA MAX.NA HORA ANT. (AUT) (mB);PRESSÃO ATMOSFERICA MIN. NA HORA ANT. (AUT) (mB);RADIACAO GLOBAL (Kj/m²);TEMPERATURA DO AR - BULBO SECO, HORARIA (°C);TEMPERATURA DO PONTO DE ORVALHO (°C);TEMPERATURA MÁXIMA NA HORA ANT. (AUT) (°C);TEMPERATURA MÍNIMA NA HORA ANT. (AUT) (°C);TEMPERATURA ORVALHO MAX. NA HORA ANT. (AUT) (°C);TEMPERATURA ORVALHO MIN. NA HORA ANT. (AUT) (°C);UMIDADE REL. MAX. NA HORA ANT. (AUT) (%);UMIDADE REL. MIN. NA HORA ANT. (AUT) (%);UMIDADE RELATIVA DO AR, HORARIA (%);VENTO, DIREÇÃO HORARIA (gr) (° (gr));VENTO, RAJADA MAXIMA (m/s);VENTO, VELOCIDADE HORARIA (m/s);
2026/01/01;0000 UTC;;;;;;;;;;;;;;;;;;
2026/01/01;0100 UTC;;;;;;;;;;;;;;;;;;
2026/01/01;0200 UTC;;;;;;;;;;;;;;;;;;
2026/01/01;0300 UTC;;;;;;;;;;;;;;;;;;
2026/01/01;0400 UTC;;;;;;;;;;;;;;;;;;
2026/01/01;0500 UTC;;;;;;;;;;;;;;;;;;
2026/01/01;0600 UTC;;;;;;;;;;;;;;;;;;
2026/01/01;0700 UTC;;;;;;;;;;;;;;;;;;
2026/01/01;0800 UTC;;;;;;;;;;;;;;;;;;
2026/01/01;0900 UTC;;;;;;;;;;;;;;;;;;
2026/01/01;1000 UTC;;;;;;;;;;;;;;;;;;
2026/01/01;1100 UTC;;;;;;;;;;;;;;;;;;
2026/01/01;1200 UTC;;;;;;;;;;;;;;;;;;
2026/01/01;1300 UTC;;;;;;;;;;;;;;;;;;
2026/01/01;1400 UTC;;;;;;;;;;;;;;;;;;
2026/01/01;1500 UTC;;;;;;;;;;;;;;;;;;
2026/01/01;1600 UTC;;;;;;;;;;;;;;;;;;
2026/01/01;1700 UTC;;;;;;;;;;;;;;;;;;
2026/01/01;1800 UTC;;;;;;;;;;;;;;;;;;
2026/01/01;1900 UTC;;;;;;;;;;;;;;;;;;
2026/01/01;2000 UTC;;;;;;;;;;;;;;;;;;
2026/01/01;2100 UTC;;;;;;;;;;;;;;;;;;
2026/01/01;2200 UTC;;;;;;;;;;;;;;;;;;
2026/01/01;2300 UTC;;;;;;;;;;;;;;;;;;
2026/01/02;0000 UTC;;;;;;;;;;;;;;;;;;
2026/01/02;0100 UTC;;;;;;;;;;;;;;;;;;
2026/01/02;0200 UTC;;;;;;;;;;;;;;;;;;
2026/01/02;0300 UTC;;;;;;;;;;;;;;;;;;
2026/01/02;0400 UTC;;;;;;;;;;;;;;;;;;
2026/01/02;0500 UTC;;;;;;;;;;;;;;;;;;
2026/01/02;0600 UTC;;;;;;;;;;;;;;;;;;
2026/01/02;0700 UTC;;;;;;;;;;;;;;;;;;
2026/01/02;0800 UTC;;;;;;;;;;;;;;;;;;
2026/01/02;0900 UTC;;;;;;;;;;;;;;;;;;
2026/01/02;1000 UTC;;;;;;;;;;;;;;;;;;
2026/01/02;1100 UTC;;;;;;;;;;;;;;;;;;
2026/01/02;1200 UTC;;;;;;;;;;;;;;;;;;
2026/01/02;1300 UTC;;;;;;;;;;;;;;;;;;
2026/01/02;1400 UTC;;;;;;;;;;;;;;;;;;
2026/01/02;1500 UTC;;;;;;;;;;;;;;;;;;
2026/01/02;1600 UTC;;;;;;;;;;;;;;;;;;
2026/01/02;1700 UTC;;;;;;;;;;;;;;;;;;
2026/01/02;1800 UTC;;;;;;;;;;;;;;;;;;
2026/01/02;1900 UTC;;;;;;;;;;;;;;;;;;
2026/01/02;2000 UTC;;;;;;;;;;;;;;;;;;
2026/01/02;2100 UTC;;;;;;;;;;;;;;;;;;
2026/01/02;2200 UTC;;;;;;;;;;;;;;;;;;
2026/01/02;2300 UTC;;;;;;;;;;;;;;;;;;
2026/01/03;0000 UTC;;;;;;;;;;;;;;;;;;
2026/01/03;0100 UTC;;;;;;;;;;;;;;;;;;
2026/01/03;0200 UTC;;;;;;;;;;;;;;;;;;
2026/01/03;0300 UTC;;;;;;;;;;;;;;;;;;
2026/01/03;0400 UTC;;;;;;;;;;;;;;;;;;
2026/01/03;0500 UTC;;;;;;;;;;;;;;;;;;
2026/01/03;0600 UTC;;;;;;;;;;;;;;;;;;
2026/01/03;0700 UTC;;;;;;;;;;;;;;;;;;
2026/01/03;0800 UTC;;;;;;;;;;;;;;;;;;
2026/01/03;0900 UTC;;;;;;;;;;;;;;;;;;
2026/01/03;1000 UTC;;;;;;;;;;;;;;;;;;
2026/01/03;1100 UTC;;;;;;;;;;;;;;;;;;
2026/01/03;1200 UTC;;;;;;;;;;;;;;;;;;
2026/01/03;1300 UTC;;;;;;;;;;;;;;;;;;
2026/01/03;1400 UTC;;;;;;;;;;;;;;;;;;
2026/01/03;1500 UTC;;;;;;;;;;;;;;;;;;
2026/01/03;1600 UTC;;;;;;;;;;;;;;;;;;
2026/01/03;1700 UTC;;;;;;;;;;;;;;;;;;
2026/01/03;1800 UTC;;;;;;;;;;;;;;;;;;
2026/01/03;1900 UTC;;;;;;;;;;;;;;;;;;
2026/01/03;2000 UTC;;;;;;;;;;;;;;;;;;
2026/01/03;2100 UTC;;;;;;;;;;;;;;;;;;
2026/01/03;2200 UTC;;;;;;;;;;;;;;;;;;
2026/01/03;2300 UTC;;;;;;;;;;;;;;;;;;
2026/01/04;0000 UTC;;;;;;;;;;;;;;;;;;
2026/01/04;0100 UTC;;;;;;;;;;;;;;;;;;
2026/01/04;0200 UTC;;;;;;;;;;;;;;;;;;
2026/01/04;0300 UTC;;;;;;;;;;;;;;;;;;
2026/01/04;0400 UTC;;;;;;;;;;;;;;;;;;
2026/01/04;0500 UTC;;;;;;;;;;;;;;;;;;
2026/01/04;0600 UTC;;;;;;;;;;;;;;;;;;
2026/01/04;0700 UTC;;;;;;;;;;;;;;;;;;
2026/01/04;0800 UTC;;;;;;;;;;;;;;;;;;
2026/01/04;0900 UTC;;;;;;;;;;;;;;;;;;
2026/01/04;1000 UTC;;;;;;;;;;;;;;;;;;
2026/01/04;1100 UTC;;;;;;;;;;;;;;;;;;
2026/01/04;1200 UTC;;;;;;;;;;;;;;;;;;
2026/01/04;1300 UTC;;;;;;;;;;;;;;;;;;
2026/01/04;1400 UTC;;;;;;;;;;;;;;;;;;
2026/01/04;1500 UTC;;;;;;;;;;;;;;;;;;
2026/01/04;1600 UTC;;;;;;;;;;;;;;;;;;
2026/01/04;1700 UTC;;;;;;;;;;;;;;;;;;
2026/01/04;1800 UTC;;;;;;;;;;;;;;;;;;
2026/01/04;1900 UTC;;;;;;;;;;;;;;;;;;
2026/01/04;2000 UTC;;;;;;;;;;;;;;;;;;
2026/01/04;2100 UTC;;;;;;;;;;;;;;;;;;
2026/01/04;2200 UTC;;;;;;;;;;;;;;;;;;
2026/01/04;2300 UTC;;;;;;;;;;;;;;;;;;
2026/01/05;0000 UTC;;;;;;;;;;;;;;;;;;
2026/01/05;0100 UTC;;;;;;;;;;;;;;;;;;
2026/01/05;0200 UTC;;;;;;;;;;;;;;;;;;
2026/01/05;0300 UTC;;;;;;;;;;;;;;;;;;
2026/01/05;0400 UTC;;;;;;;;;;;;;;;;;;
2026/01/05;0500 UTC;;;;;;;;;;;;;;;;;;
2026/01/05;0600 UTC;;;;;;;;;;;;;;;;;;
2026/01/05;0700 UTC;;;;;;;;;;;;;;;;;;
2026/01/05;0800 UTC;;;;;;;;;;;;;;;;;;
2026/01/05;0900 UTC;;;;;;;;;;;;;;;;;;
2026/01/05;1000 UTC;;;;;;;;;;;;;;;;;;
2026/01/05;1100 UTC;;;;;;;;;;;;;;;;;;
2026/01/05;1200 UTC;;;;;;;;;;;;;;;;;;
2026/01/05;1300 UTC;;;;;;;;;;;;;;;;;;
2026/01/05;1400 UTC;;;;;;;;;;;;;;;;;;
2026/01/05;1500 UTC;;;;;;;;;;;;;;;;;;
2026/01/05;1600 UTC;;;;;;;;;;;;;;;;;;
2026/01/05;1700 UTC;;;;;;;;;;;;;;;;;;
2026/01/05;1800 UTC;;;;;;;;;;;;;;;;;;
2026/01/05;1900 UTC;;;;;;;;;;;;;;;;;;
2026/01/05;2000 UTC;;;;;;;;;;;;;;;;;;
2026/01/05;2100 UTC;;;;;;;;;;;;;;;;;;
2026/01/05;2200 UTC;;;;;;;;;;;;;;;;;;
2026/01/05;2300 UTC;;;;;;;;;;;;;;;;;;
2026/01/06;0000 UTC;;;;;;;;;;;;;;;;;;
2026/01/06;0100 UTC;;;;;;;;;;;;;;;;;;
2026/01/06;0200 UTC;;;;;;;;;;;;;;;;;;
2026/01/06;0300 UTC;;;;;;;;;;;;;;;;;;
2026/01/06;0400 UTC;;;;;;;;;;;;;;;;;;
2026/01/06;0500 UTC;;;;;;;;;;;;;;;;;;
2026/01/06;0600 UTC;;;;;;;;;;;;;;;;;;
2026/01/06;0700 UTC;;;;;;;;;;;;;;;;;;
2026/01/06;0800 UTC;;;;;;;;;;;;;;;;;;
2026/01/06;0900 UTC;;;;;;;;;;;;;;;;;;
2026/01/06;1000 UTC;;;;;;;;;;;;;;;;;;
2026/01/06;1100 UTC;;;;;;;;;;;;;;;;;;
2026/01/06;1200 UTC;;;;;;;;;;;;;;;;;;
2026/01/06;1300 UTC;;;;;;;;;;;;;;;;;;
2026/01/06;1400 UTC;;;;;;;;;;;;;;;;;;
2026/01/06;1500 UTC;;;;;;;;;;;;;;;;;;
2026/01/06;1600 UTC;;;;;;;;;;;;;;;;;;
2026/01/06;1700 UTC;;;;;;;;;;;;;;;;;;
2026/01/06;1800 UTC;;;;;;;;;;;;;;;;;;
2026/01/06;1900 UTC;;;;;;;;;;;;;;;;;;
2026/01/06;2000 UTC;;;;;;;;;;;;;;;;;;
2026/01/06;2100 UTC;;;;;;;;;;;;;;;;;;
2026/01/06;2200 UTC;;;;;;;;;;;;;;;;;;
2026/01/06;2300 UTC;;;;;;;;;;;;;;;;;;
2026/01/07;0000 UTC;;;;;;;;;;;;;;;;;;
2026/01/07;0100 UTC;;;;;;;;;;;;;;;;;;
2026/01/07;0200 UTC;;;;;;;;;;;;;;;;;;
2026/01/07;0300 UTC;;;;;;;;;;;;;;;;;;
2026/01/07;0400 UTC;;;;;;;;;;;;;;;;;;
2026/01/07;0500 UTC;;;;;;;;;;;;;;;;;;
2026/01/07;0600 UTC;;;;;;;;;;;;;;;;;;
2026/01/07;0700 UTC;;;;;;;;;;;;;;;;;;
2026/01/07;0800 UTC;;;;;;;;;;;;;;;;;;
2026/01/07;0900 UTC;;;;;;;;;;;;;;;;;;
2026/01/07;1000 UTC;;;;;;;;;;;;;;;;;;
2026/01/07;1100 UTC;;;;;;;;;;;;;;;;;;
2026/01/07;1200 UTC;;;;;;;;;;;;;;;;;;
2026/01/07;1300 UTC;;;;;;;;;;;;;;;;;;
2026/01/07;1400 UTC;;;;;;;;;;;;;;;;;;
2026/01/07;1500 UTC;;;;;;;;;;;;;;;;;;
2026/01/07;1600 UTC;;;;;;;;;;;;;;;;;;
2026/01/07;1700 UTC;;;;;;;;;;;;;;;;;;
2026/01/07;1800 UTC;;;;;;;;;;;;;;;;;;
2026/01/07;1900 UTC;;;;;;;;;;;;;;;;;;
2026/01/07;2000 UTC;;;;;;;;;;;;;;;;;;
2026/01/07;2100 UTC;;;;;;;;;;;;;;;;;;
2026/01/07;2200 UTC;;;;;;;;;;;;;;;;;;
2026/01/07;2300 UTC;;;;;;;;;;;;;;;;;;
2026/01/08;0000 UTC;;;;;;;;;;;;;;;;;;
2026/01/08;0100 UTC;;;;;;;;;;;;;;;;;;
2026/01/08;0200 UTC;;;;;;;;;;;;;;;;;;
2026/01/08;0300 UTC;;;;;;;;;;;;;;;;;;
2026/01/08;0400 UTC;;;;;;;;;;;;;;;;;;
2026/01/08;0500 UTC;;;;;;;;;;;;;;;;;;
2026/01/08;0600 UTC;;;;;;;;;;;;;;;;;;
2026/01/08;0700 UTC;;;;;;;;;;;;;;;;;;
2026/01/08;0800 UTC;;;;;;;;;;;;;;;;;;
2026/01/08;0900 UTC;;;;;;;;;;;;;;;;;;
2026/01/08;1000 UTC;;;;;;;;;;;;;;;;;;
2026/01/08;1100 UTC;;;;;;;;;;;;;;;;;;
2026/01/08;1200 UTC;;;;;;;;;;;;;;;;;;
2026/01/08;1300 UTC;;;;;;;;;;;;;;;;;;
2026/01/08;1400 UTC;;;;;;;;;;;;;;;;;;
2026/01/08;1500 UTC;;;;;;;;;;;;;;;;;;
2026/01/08;1600 UTC;;;;;;;;;;;;;;;;;;
2026/01/08;1700 UTC;;;;;;;;;;;;;;;;;;
2026/01/08;1800 UTC;;;;;;;;;;;;;;;;;;
2026/01/08;1900 UTC;;;;;;;;;;;;;;;;;;
2026/01/08;2000 UTC;;;;;;;;;;;;;;;;;;
2026/01/08;2100 UTC;;;;;;;;;;;;;;;;;;
2026/01/08;2200 UTC;;;;;;;;;;;;;;;;;;
2026/01/08;2300 UTC;;;;;;;;;;;;;;;;;;
2026/01/09;0000 UTC;;;;;;;;;;;;;;;;;;
2026/01/09;0100 UTC;;;;;;;;;;;;;;;;;;
2026/01/09;0200 UTC;;;;;;;;;;;;;;;;;;
2026/01/09;0300 UTC;;;;;;;;;;;;;;;;;;
2026/01/09;0400 UTC;;;;;;;;;;;;;;;;;;
2026/01/09;0500 UTC;;;;;;;;;;;;;;;;;;
2026/01/09;0600 UTC;;;;;;;;;;;;;;;;;;
2026/01/09;0700 UTC;;;;;;;;;;;;;;;;;;
2026/01/09;0800 UTC;;;;;;;;;;;;;;;;;;
2026/01/09;0900 UTC;;;;;;;;;;;;;;;;;;
2026/01/09;1000 UTC;;;;;;;;;;;;;;;;;;
2026/01/09;1100 UTC;;;;;;;;;;;;;;;;;;
2026/01/09;1200 UTC;;;;;;;;;;;;;;;;;;
2026/01/09;1300 UTC;;;;;;;;;;;;;;;;;;
2026/01/09;1400 UTC;;;;;;;;;;;;;;;;;;
2026/01/09;1500 UTC;;;;;;;;;;;;;;;;;;
2026/01/09;1600 UTC;;;;;;;;;;;;;;;;;;
2026/01/09;1700 UTC;;;;;;;;;;;;;;;;;;
2026/01/09;1800 UTC;;;;;;;;;;;;;;;;;;
2026/01/09;1900 UTC;;;;;;;;;;;;;;;;;;
2026/01/09;2000 UTC;;;;;;;;;;;;;;;;;;
2026/01/09;2100 UTC;;;;;;;;;;;;;;;;;;
2026/01/09;2200 UTC;;;;;;;;;;;;;;;;;;
2026/01/09;2300 UTC;;;;;;;;;;;;;;;;;;
2026/01/10;0000 UTC;;;;;;;;;;;;;;;;;;
2026/01/10;0100 UTC;;;;;;;;;;;;;;;;;;
2026/01/10;0200 UTC;;;;;;;;;;;;;;;;;;
2026/01/10;0300 UTC;;;;;;;;;;;;;;;;;;
2026/01/10;0400 UTC;;;;;;;;;;;;;;;;;;
2026/01/10;0500 UTC;;;;;;;;;;;;;;;;;;
2026/01/10;0600 UTC;;;;;;;;;;;;;;;;;;
2026/01/10;0700 UTC;;;;;;;;;;;;;;;;;;
2026/01/10;0800 UTC;;;;;;;;;;;;;;;;;;
2026/01/10;0900 UTC;;;;;;;;;;;;;;;;;;
2026/01/10;1000 UTC;;;;;;;;;;;;;;;;;;
2026/01/10;1100 UTC;;;;;;;;;;;;;;;;;;
2026/01/10;1200 UTC;;;;;;;;;;;;;;;;;;
2026/01/10;1300 UTC;;;;;;;;;;;;;;;;;;
2026/01/10;1400 UTC;;;;;;;;;;;;;;;;;;
2026/01/10;1500 UTC;;;;;;;;;;;;;;;;;;
2026/01/10;1600 UTC;;;;;;;;;;;;;;;;;;
2026/01/10;1700 UTC;;;;;;;;;;;;;;;;;;
2026/01/10;1800 UTC;;;;;;;;;;;;;;;;;;
2026/01/10;1900 UTC;;;;;;;;;;;;;;;;;;
2026/01/10;2000 UTC;;;;;;;;;;;;;;;;;;
2026/01/10;2100 UTC;;;;;;;;;;;;;;;;;;
2026/01/10;2200 UTC;;;;;;;;;;;;;;;;;;
2026/01/10;2300 UTC;;;;;;;;;;;;;;;;;;
2026/01/11;0000 UTC;;;;;;;;;;;;;;;;;;
2026/01/11;0100 UTC;;;;;;;;;;;;;;;;;;
2026/01/11;0200 UTC;;;;;;;;;;;;;;;;;;
2026/01/11;0300 UTC;;;;;;;;;;;;;;;;;;
2026/01/11;0400 UTC;;;;;;;;;;;;;;;;;;
2026/01/11;0500 UTC;;;;;;;;;;;;;;;;;;
2026/01/11;0600 UTC;;;;;;;;;;;;;;;;;;
2026/01/11;0700 UTC;;;;;;;;;;;;;;;;;;
2026/01/11;0800 UTC;;;;;;;;;;;;;;;;;;
2026/01/11;0900 UTC;;;;;;;;;;;;;;;;;;
2026/01/11;1000 UTC;;;;;;;;;;;;;;;;;;
2026/01/11;1100 UTC;;;;;;;;;;;;;;;;;;
2026/01/11;1200 UTC;;;;;;;;;;;;;;;;;;
2026/01/11;1300 UTC;;;;;;;;;;;;;;;;;;
2026/01/11;1400 UTC;;;;;;;;;;;;;;;;;;
2026/01/11;1500 UTC;;;;;;;;;;;;;;;;;;
2026/01/11;1600 UTC;;;;;;;;;;;;;;;;;;
2026/01/11;1700 UTC;;;;;;;;;;;;;;;;;;
2026/01/11;1800 UTC;;;;;;;;;;;;;;;;;;
2026/01/11;1900 UTC;;;;;;;;;;;;;;;;;;
2026/01/11;2000 UTC;;;;;;;;;;;;;;;;;;
2026/01/11;2100 UTC;;;;;;;;;;;;;;;;;;
2026/01/11;2200 UTC;;;;;;;;;;;;;;;;;;
2026/01/11;2300 UTC;;;;;;;;;;;;;;;;;;
2026/01/12;0000 UTC;;;;;;;;;;;;;;;;;;
2026/01/12;0100 UTC;;;;;;;;;;;;;;;;;;
2026/01/12;0200 UTC;;;;;;;;;;;;;;;;;;
2026/01/12;0300 UTC;;;;;;;;;;;;;;;;;;
2026/01/12;0400 UTC;;;;;;;;;;;;;;;;;;
2026/01/12;0500 UTC;;;;;;;;;;;;;;;;;;
2026/01/12;0600 UTC;;;;;;;;;;;;;;;;;;
2026/01/12;0700 UTC;;;;;;;;;;;;;;;;;;
2026/01/12;0800 UTC;;;;;;;;;;;;;;;;;;
2026/01/12;0900 UTC;;;;;;;;;;;;;;;;;;
2026/01/12;1000 UTC;;;;;;;;;;;;;;;;;;
2026/01/12;1100 UTC;;;;;;;;;;;;;;;;;;
2026/01/12;1200 UTC;;;;;;;;;;;;;;;;;;
2026/01/12;1300 UTC;;;;;;;;;;;;;;;;;;
2026/01/12;1400 UTC;;;;;;;;;;;;;;;;;;
2026/01/12;1500 UTC;;;;;;;;;;;;;;;;;;
2026/01/12;1600 UTC;;;;;;;;;;;;;;;;;;
2026/01/12;1700 UTC;;;;;;;;;;;;;;;;;;
2026/01/12;1800 UTC;;;;;;;;;;;;;;;;;;
2026/01/12;1900 UTC;;;;;;;;;;;;;;;;;;
2026/01/12;2000 UTC;;;;;;;;;;;;;;;;;;
2026/01/12;2100 UTC;;;;;;;;;;;;;;;;;;
2026/01/12;2200 UTC;;;;;;;;;;;;;;;;;;
2026/01/12;2300 UTC;;;;;;;;;;;;;;;;;;
2026/01/13;0000 UTC;;;;;;;;;;;;;;;;;;
2026/01/13;0100 UTC;;;;;;;;;;;;;;;;;;
2026/01/13;0200 UTC;;;;;;;;;;;;;;;;;;
2026/01/13;0300 UTC;;;;;;;;;;;;;;;;;;
2026/01/13;0400 UTC;;;;;;;;;;;;;;;;;;
2026/01/13;0500 UTC;;;;;;;;;;;;;;;;;;
2026/01/13;0600 UTC;;;;;;;;;;;;;;;;;;
2026/01/13;0700 UTC;;;;;;;;;;;;;;;;;;
2026/01/13;0800 UTC;;;;;;;;;;;;;;;;;;
2026/01/13;0900 UTC;;;;;;;;;;;;;;;;;;
2026/01/13;1000 UTC;;;;;;;;;;;;;;;;;;
2026/01/13;1100 UTC;;;;;;;;;;;;;;;;;;
2026/01/13;1200 UTC;;;;;;;;;;;;;;;;;;
2026/01/13;1300 UTC;;;;;;;;;;;;;;;;;;
2026/01/13;1400 UTC;;;;;;;;;;;;;;;;;;
2026/01/13;1500 UTC;;;;;;;;;;;;;;;;;;
2026/01/13;1600 UTC;;;;;;;;;;;;;;;;;;
2026/01/13;1700 UTC;;;;;;;;;;;;;;;;;;
2026/01/13;1800 UTC;;;;;;;;;;;;;;;;;;
2026/01/13;1900 UTC;;;;;;;;;;;;;;;;;;
2026/01/13;2000 UTC;;;;;;;;;;;;;;;;;;
2026/01/13;2100 UTC;;;;;;;;;;;;;;;;;;
2026/01/13;2200 UTC;;;;;;;;;;;;;;;;;;
2026/01/13;2300 UTC;;;;;;;;;;;;;;;;;;
2026/01/14;0000 UTC;;;;;;;;;;;;;;;;;;
2026/01/14;0100 UTC;;;;;;;;;;;;;;;;;;
2026/01/14;0200 UTC;;;;;;;;;;;;;;;;;;
2026/01/14;0300 UTC;;;;;;;;;;;;;;;;;;
2026/01/14;0400 UTC;;;;;;;;;;;;;;;;;;
2026/01/14;0500 UTC;;;;;;;;;;;;;;;;;;
2026/01/14;0600 UTC;;;;;;;;;;;;;;;;;;
2026/01/14;0700 UTC;;;;;;;;;;;;;;;;;;
2026/01/14;0800 UTC;;;;;;;;;;;;;;;;;;
2026/01/14;0900 UTC;;;;;;;;;;;;;;;;;;
2026/01/14;1000 UTC;;;;;;;;;;;;;;;;;;
2026/01/14;1100 UTC;;;;;;;;;;;;;;;;;;
2026/01/14;1200 UTC;;;;;;;;;;;;;;;;;;
2026/01/14;1300 UTC;;;;;;;;;;;;;;;;;;
2026/01/14;1400 UTC;;;;;;;;;;;;;;;;;;
2026/01/14;1500 UTC;;;;;;;;;;;;;;;;;;
2026/01/14;1600 UTC;;;;;;;;;;;;;;;;;;
2026/01/14;1700 UTC;;;;;;;;;;;;;;;;;;
2026/01/14;1800 UTC;;;;;;;;;;;;;;;;;;
2026/01/14;1900 UTC;;;;;;;;;;;;;;;;;;
2026/01/14;2000 UTC;;;;;;;;;;;;;;;;;;
2026/01/14;2100 UTC;;;;;;;;;;;;;;;;;;
2026/01/14;2200 UTC;;;;;;;;;;;;;;;;;;
2026/01/14;2300 UTC;;;;;;;;;;;;;;;;;;
2026/01/15;0000 UTC;;;;;;;;;;;;;;;;;;
2026/01/15;0100 UTC;;;;;;;;;;;;;;;;;;
2026/01/15;0200 UTC;;;;;;;;;;;;;;;;;;
2026/01/15;0300 UTC;;;;;;;;;;;;;;;;;;
2026/01/15;0400 UTC;;;;;;;;;;;;;;;;;;
2026/01/15;0500 UTC;;;;;;;;;;;;;;;;;;
2026/01/15;0600 UTC;;;;;;;;;;;;;;;;;;
2026/01/15;0700 UTC;;;;;;;;;;;;;;;;;;
2026/01/15;0800 UTC;;;;;;;;;;;;;;;;;;
2026/01/15;0900 UTC;;;;;;;;;;;;;;;;;;
2026/01/15;1000 UTC;;;;;;;;;;;;;;;;;;
2026/01/15;1100 UTC;;;;;;;;;;;;;;;;;;
2026/01/15;1200 UTC;;;;;;;;;;;;;;;;;;
2026/01/15;1300 UTC;;;;;;;;;;;;;;;;;;
2026/01/15;1400 UTC;;;;;;;;;;;;;;;;;;
2026/01/15;1500 UTC;;;;;;;;;;;;;;;;;;
2026/01/15;1600 UTC;;;;;;;;;;;;;;;;;;
2026/01/15;1700 UTC;;;;;;;;;;;;;;;;;;
2026/01/15;1800 UTC;;;;;;;;;;;;;;;;;;
2026/01/15;1900 UTC;;;;;;;;;;;;;;;;;;
2026/01/15;2000 UTC;;;;;;;;;;;;;;;;;;
2026/01/15;2100 UTC;;;;;;;;;;;;;;;;;;
2026/01/15;2200 UTC;;;;;;;;;;;;;;;;;;
2026/01/15;2300 UTC;;;;;;;;;;;;;;;;;;
2026/01/16;0000 UTC;;;;;;;;;;;;;;;;;;
2026/01/16;0100 UTC;;;;;;;;;;;;;;;;;;
2026/01/16;0200 UTC;;;;;;;;;;;;;;;;;;
2026/01/16;0300 UTC;;;;;;;;;;;;;;;;;;
2026/01/16;0400 UTC;;;;;;;;;;;;;;;;;;
2026/01/16;0500 UTC;;;;;;;;;;;;;;;;;;
2026/01/16;0600 UTC;;;;;;;;;;;;;;;;;;
2026/01/16;0700 UTC;;;;;;;;;;;;;;;;;;
2026/01/16;0800 UTC;;;;;;;;;;;;;;;;;;
2026/01/16;0900 UTC;;;;;;;;;;;;;;;;;;
2026/01/16;1000 UTC;;;;;;;;;;;;;;;;;;
2026/01/16;1100 UTC;;;;;;;;;;;;;;;;;;
2026/01/16;1200 UTC;;;;;;;;;;;;;;;;;;
2026/01/16;1300 UTC;;;;;;;;;;;;;;;;;;
2026/01/16;1400 UTC;;;;;;;;;;;;;;;;;;
2026/01/16;1500 UTC;;;;;;;;;;;;;;;;;;
2026/01/16;1600 UTC;;;;;;;;;;;;;;;;;;
2026/01/16;1700 UTC;;;;;;;;;;;;;;;;;;
2026/01/16;1800 UTC;;;;;;;;;;;;;;;;;;
2026/01/16;1900 UTC;;;;;;;;;;;;;;;;;;
2026/01/16;2000 UTC;;;;;;;;;;;;;;;;;;
2026/01/16;2100 UTC;;;;;;;;;;;;;;;;;;
2026/01/16;2200 UTC;;;;;;;;;;;;;;;;;;
2026/01/16;2300 UTC;;;;;;;;;;;;;;;;;;
2026/01/17;0000 UTC;;;;;;;;;;;;;;;;;;
2026/01/17;0100 UTC;;;;;;;;;;;;;;;;;;
2026/01/17;0200 UTC;;;;;;;;;;;;;;;;;;
2026/01/17;0300 UTC;;;;;;;;;;;;;;;;;;
2026/01/17;0400 UTC;;;;;;;;;;;;;;;;;;
2026/01/17;0500 UTC;;;;;;;;;;;;;;;;;;
2026/01/17;0600 UTC;;;;;;;;;;;;;;;;;;
2026/01/17;0700 UTC;;;;;;;;;;;;;;;;;;
2026/01/17;0800 UTC;;;;;;;;;;;;;;;;;;
2026/01/17;0900 UTC;;;;;;;;;;;;;;;;;;
2026/01/17;1000 UTC;;;;;;;;;;;;;;;;;;
2026/01/17;1100 UTC;;;;;;;;;;;;;;;;;;
2026/01/17;1200 UTC;;;;;;;;;;;;;;;;;;
2026/01/17;1300 UTC;;;;;;;;;;;;;;;;;;
2026/01/17;1400 UTC;;;;;;;;;;;;;;;;;;
2026/01/17;1500 UTC;;;;;;;;;;;;;;;;;;
2026/01/17;1600 UTC;;;;;;;;;;;;;;;;;;
2026/01/17;1700 UTC;;;;;;;;;;;;;;;;;;
2026/01/17;1800 UTC;;;;;;;;;;;;;;;;;;
2026/01/17;1900 UTC;;;;;;;;;;;;;;;;;;
2026/01/17;2000 UTC;;;;;;;;;;;;;;;;;;
2026/01/17;2100 UTC;;;;;;;;;;;;;;;;;;
2026/01/17;2200 UTC;;;;;;;;;;;;;;;;;;
2026/01/17;2300 UTC;;;;;;;;;;;;;;;;;;
2026/01/18;0000 UTC;;;;;;;;;;;;;;;;;;
2026/01/18;0100 UTC;;;;;;;;;;;;;;;;;;
2026/01/18;0200 UTC;;;;;;;;;;;;;;;;;;
2026/01/18;0300 UTC;;;;;;;;;;;;;;;;;;
2026/01/18;0400 UTC;;;;;;;;;;;;;;;;;;
2026/01/18;0500 UTC;;;;;;;;;;;;;;;;;;
2026/01/18;0600 UTC;;;;;;;;;;;;;;;;;;
2026/01/18;0700 UTC;;;;;;;;;;;;;;;;;;
2026/01/18;0800 UTC;;;;;;;;;;;;;;;;;;
2026/01/18;0900 UTC;;;;;;;;;;;;;;;;;;
2026/01/18;1000 UTC;;;;;;;;;;;;;;;;;;
2026/01/18;1100 UTC;;;;;;;;;;;;;;;;;;
2026/01/18;1200 UTC;;;;;;;;;;;;;;;;;;
2026/01/18;1300 UTC;;;;;;;;;;;;;;;;;;
2026/01/18;1400 UTC;;;;;;;;;;;;;;;;;;
2026/01/18;1500 UTC;;;;;;;;;;;;;;;;;;
2026/01/18;1600 UTC;;;;;;;;;;;;;;;;;;
2026/01/18;1700 UTC;;;;;;;;;;;;;;;;;;
2026/01/18;1800 UTC;;;;;;;;;;;;;;;;;;
2026/01/18;1900 UTC;;;;;;;;;;;;;;;;;;
2026/01/18;2000 UTC;;;;;;;;;;;;;;;;;;
2026/01/18;2100 UTC;;;;;;;;;;;;;;;;;;
2026/01/18;2200 UTC;;;;;;;;;;;;;;;;;;
2026/01/18;2300 UTC;;;;;;;;;;;;;;;;;;
2026/01/19;0000 UTC;;;;;;;;;;;;;;;;;;
2026/01/19;0100 UTC;;;;;;;;;;;;;;;;;;
2026/01/19;0200 UTC;;;;;;;;;;;;;;;;;;
2026/01/19;0300 UTC;;;;;;;;;;;;;;;;;;
2026/01/19;0400 UTC;;;;;;;;;;;;;;;;;;
2026/01/19;0500 UTC;;;;;;;;;;;;;;;;;;
2026/01/19;0600 UTC;;;;;;;;;;;;;;;;;;
2026/01/19;0700 UTC;;;;;;;;;;;;;;;;;;
2026/01/19;0800 UTC;;;;;;;;;;;;;;;;;;
2026/01/19;0900 UTC;;;;;;;;;;;;;;;;;;
2026/01/19;1000 UTC;;;;;;;;;;;;;;;;;;
2026/01/19;1100 UTC;;;;;;;;;;;;;;;;;;
2026/01/19;1200 UTC;;;;;;;;;;;;;;;;;;
2026/01/19;1300 UTC;;;;;;;;;;;;;;;;;;
2026/01/19;1400 UTC;;;;;;;;;;;;;;;;;;
2026/01/19;1500 UTC;;;;;;;;;;;;;;;;;;
2026/01/19;1600 UTC;;;;;;;;;;;;;;;;;;
2026/01/19;1700 UTC;;;;;;;;;;;;;;;;;;
2026/01/19;1800 UTC;;;;;;;;;;;;;;;;;;
2026/01/19;1900 UTC;;;;;;;;;;;;;;;;;;
2026/01/19;2000 UTC;;;;;;;;;;;;;;;;;;
2026/01/19;2100 UTC;;;;;;;;;;;;;;;;;;
2026/01/19;2200 UTC;;;;;;;;;;;;;;;;;;
2026/01/19;2300 UTC;;;;;;;;;;;;;;;;;;
2026/01/20;0000 UTC;;;;;;;;;;;;;;;;;;
2026/01/20;0100 UTC;;;;;;;;;;;;;;;;;;
2026/01/20;0200 UTC;;;;;;;;;;;;;;;;;;
2026/01/20;0300 UTC;;;;;;;;;;;;;;;;;;
2026/01/20;0400 UTC;;;;;;;;;;;;;;;;;;
2026/01/20;0500 UTC;;;;;;;;;;;;;;;;;;
2026/01/20;0600 UTC;;;;;;;;;;;;;;;;;;
2026/01/20;0700 UTC;;;;;;;;;;;;;;;;;;
2026/01/20;0800 UTC;;;;;;;;;;;;;;;;;;
2026/01/20;0900 UTC;;;;;;;;;;;;;;;;;;
2026/01/20;1000 UTC;;;;;;;;;;;;;;;;;;
2026/01/20;1100 UTC;;;;;;;;;;;;;;;;;;
2026/01/20;1200 UTC;;;;;;;;;;;;;;;;;;
2026/01/20;1300 UTC;;;;;;;;;;;;;;;;;;
2026/01/20;1400 UTC;;;;;;;;;;;;;;;;;;
2026/01/20;1500 UTC;;;;;;;;;;;;;;;;;;
2026/01/20;1600 UTC;;;;;;;;;;;;;;;;;;
2026/01/20;1700 UTC;;;;;;;;;;;;;;;;;;
2026/01/20;1800 UTC;;;;;;;;;;;;;;;;;;
2026/01/20;1900 UTC;;;;;;;;;;;;;;;;;;
2026/01/20;2000 UTC;;;;;;;;;;;;;;;;;;
2026/01/20;2100 UTC;;;;;;;;;;;;;;;;;;
2026/01/20;2200 UTC;;;;;;;;;;;;;;;;;;
2026/01/20;2300 UTC;;;;;;;;;;;;;;;;;;
2026/01/21;0000 UTC;;;;;;;;;;;;;;;;;;
2026/01/21;0100 UTC;;;;;;;;;;;;;;;;;;
2026/01/21;0200 UTC;;;;;;;;;;;;;;;;;;
2026/01/21;0300 UTC;;;;;;;;;;;;;;;;;;
2026/01/21;0400 UTC;;;;;;;;;;;;;;;;;;
2026/01/21;0500 UTC;;;;;;;;;;;;;;;;;;
2026/01/21;0600 UTC;;;;;;;;;;;;;;;;;;
2026/01/21;0700 UTC;;;;;;;;;;;;;;;;;;
2026/01/21;0800 UTC;;;;;;;;;;;;;;;;;;
2026/01/21;0900 UTC;;;;;;;;;;;;;;;;;;
2026/01/21;1000 UTC;;;;;;;;;;;;;;;;;;
2026/01/21;1100 UTC;;;;;;;;;;;;;;;;;;
2026/01/21;1200 UTC;;;;;;;;;;;;;;;;;;
2026/01/21;1300 UTC;;;;;;;;;;;;;;;;;;
2026/01/21;1400 UTC;;;;;;;;;;;;;;;;;;
2026/01/21;1500 UTC;;;;;;;;;;;;;;;;;;
2026/01/21;1600 UTC;;;;;;;;;;;;;;;;;;
2026/01/21;1700 UTC;;;;;;;;;;;;;;;;;;
2026/01/21;1800 UTC;;;;;;;;;;;;;;;;;;
2026/01/21;1900 UTC;;;;;;;;;;;;;;;;;;
2026/01/21;2000 UTC;;;;;;;;;;;;;;;;;;
2026/01/21;2100 UTC;;;;;;;;;;;;;;;;;;
2026/01/21;2200 UTC;;;;;;;;;;;;;;;;;;
2026/01/21;2300 UTC;;;;;;;;;;;;;;;;;;
2026/01/22;0000 UTC;;;;;;;;;;;;;;;;;;
2026/01/22;0100 UTC;;;;;;;;;;;;;;;;;;
2026/01/22;0200 UTC;;;;;;;;;;;;;;;;;;
2026/01/22;0300 UTC;;;;;;;;;;;;;;;;;;
2026/01/22;0400 UTC;;;;;;;;;;;;;;;;;;
2026/01/22;0500 UTC;;;;;;;;;;;;;;;;;;
2026/01/22;0600 UTC;;;;;;;;;;;;;;;;;;
2026/01/22;0700 UTC;;;;;;;;;;;;;;;;;;
2026/01/22;0800 UTC;;;;;;;;;;;;;;;;;;
2026/01/22;0900 UTC;;;;;;;;;;;;;;;;;;
2026/01/22;1000 UTC;;;;;;;;;;;;;;;;;;
2026/01/22;1100 UTC;;;;;;;;;;;;;;;;;;
2026/01/22;1200 UTC;;;;;;;;;;;;;;;;;;
2026/01/22;1300 UTC;;;;;;;;;;;;;;;;;;
2026/01/22;1400 UTC;;;;;;;;;;;;;;;;;;
2026/01/22;1500 UTC;;;;;;;;;;;;;;;;;;
2026/01/22;1600 UTC;;;;;;;;;;;;;;;;;;
2026/01/22;1700 UTC;;;;;;;;;;;;;;;;;;
2026/01/22;1800 UTC;;;;;;;;;;;;;;;;;;
2026/01/22;1900 UTC;;;;;;;;;;;;;;;;;;
2026/01/22;2000 UTC;;;;;;;;;;;;;;;;;;
2026/01/22;2100 UTC;;;;;;;;;;;;;;;;;;
2026/01/22;2200 UTC;;;;;;;;;;;;;;;;;;
2026/01/22;2300 UTC;;;;;;;;;;;;;;;;;;
2026/01/23;0000 UTC;;;;;;;;;;;;;;;;;;
2026/01/23;0100 UTC;;;;;;;;;;;;;;;;;;
2026/01/23;0200 UTC;;;;;;;;;;;;;;;;;;
2026/01/23;0300 UTC;;;;;;;;;;;;;;;;;;
2026/01/23;0400 UTC;;;;;;;;;;;;;;;;;;
2026/01/23;0500 UTC;;;;;;;;;;;;;;;;;;
2026/01/23;0600 UTC;;;;;;;;;;;;;;;;;;
2026/01/23;0700 UTC;;;;;;;;;;;;;;;;;;
2026/01/23;0800 UTC;;;;;;;;;;;;;;;;;;
2026/01/23;0900 UTC;;;;;;;;;;;;;;;;;;
2026/01/23;1000 UTC;;;;;;;;;;;;;;;;;;
2026/01/23;1100 UTC;;;;;;;;;;;;;;;;;;
2026/01/23;1200 UTC;;;;;;;;;;;;;;;;;;
2026/01/23;1300 UTC;;;;;;;;;;;;;;;;;;
2026/01/23;1400 UTC;;;;;;;;;;;;;;;;;;
2026/01/23;1500 UTC;;;;;;;;;;;;;;;;;;
2026/01/23;1600 UTC;;;;;;;;;;;;;;;;;;
2026/01/23;1700 UTC;;;;;;;;;;;;;;;;;;
2026/01/23;1800 UTC;;;;;;;;;;;;;;;;;;
2026/01/23;1900 UTC;;;;;;;;;;;;;;;;;;
2026/01/23;2000 UTC;;;;;;;;;;;;;;;;;;
2026/01/23;2100 UTC;;;;;;;;;;;;;;;;;;
2026/01/23;2200 UTC;;;;;;;;;;;;;;;;;;
2026/01/23;2300 UTC;;;;;;;;;;;;;;;;;;
2026/01/24;0000 UTC;;;;;;;;;;;;;;;;;;
2026/01/24;0100 UTC;;;;;;;;;;;;;;;;;;
2026/01/24;0200 UTC;;;;;;;;;;;;;;;;;;
2026/01/24;0300 UTC;;;;;;;;;;;;;;;;;;
2026/01/24;0400 UTC;;;;;;;;;;;;;;;;;;
2026/01/24;0500 UTC;;;;;;;;;;;;;;;;;;
2026/01/24;0600 UTC;;;;;;;;;;;;;;;;;;
2026/01/24;0700 UTC;;;;;;;;;;;;;;;;;;
2026/01/24;0800 UTC;;;;;;;;;;;;;;;;;;
2026/01/24;0900 UTC;;;;;;;;;;;;;;;;;;
2026/01/24;1000 UTC;;;;;;;;;;;;;;;;;;
2026/01/24;1100 UTC;;;;;;;;;;;;;;;;;;
2026/01/24;1200 UTC;;;;;;;;;;;;;;;;;;
2026/01/24;1300 UTC;;;;;;;;;;;;;;;;;;
2026/01/24;1400 UTC;;;;;;;;;;;;;;;;;;
2026/01/24;1500 UTC;;;;;;;;;;;;;;;;;;
2026/01/24;1600 UTC;;;;;;;;;;;;;;;;;;
2026/01/24;1700 UTC;;;;;;;;;;;;;;;;;;
2026/01/24;1800 UTC;;;;;;;;;;;;;;;;;;
2026/01/24;1900 UTC;;;;;;;;;;;;;;;;;;
2026/01/24;2000 UTC;;;;;;;;;;;;;;;;;;
2026/01/24;2100 UTC;;;;;;;;;;;;;;;;;;
2026/01/24;2200 UTC;;;;;;;;;;;;;;;;;;
2026/01/24;2300 UTC;;;;;;;;;;;;;;;;;;
2026/01/25;0000 UTC;;;;;;;;;;;;;;;;;;
2026/01/25;0100 UTC;;;;;;;;;;;;;;;;;;
2026/01/25;0200 UTC;;;;;;;;;;;;;;;;;;
2026/01/25;0300 UTC;;;;;;;;;;;;;;;;;;
2026/01/25;0400 UTC;;;;;;;;;;;;;;;;;;
2026/01/25;0500 UTC;;;;;;;;;;;;;;;;;;
2026/01/25;0600 UTC;;;;;;;;;;;;;;;;;;
2026/01/25;0700 UTC;;;;;;;;;;;;;;;;;;
2026/01/25;0800 UTC;;;;;;;;;;;;;;;;;;
2026/01/25;0900 UTC;;;;;;;;;;;;;;;;;;
2026/01/25;1000 UTC;;;;;;;;;;;;;;;;;;
2026/01/25;1100 UTC;;;;;;;;;;;;;;;;;;
2026/01/25;1200 UTC;;;;;;;;;;;;;;;;;;
2026/01/25;1300 UTC;;;;;;;;;;;;;;;;;;
2026/01/25;1400 UTC;;;;;;;;;;;;;;;;;;
2026/01/25;1500 UTC;;;;;;;;;;;;;;;;;;
2026/01/25;1600 UTC;;;;;;;;;;;;;;;;;;
2026/01/25;1700 UTC;;;;;;;;;;;;;;;;;;
2026/01/25;1800 UTC;;;;;;;;;;;;;;;;;;
2026/01/25;1900 UTC;;;;;;;;;;;;;;;;;;
2026/01/25;2000 UTC;;;;;;;;;;;;;;;;;;
2026/01/25;2100 UTC;;;;;;;;;;;;;;;;;;
2026/01/25;2200 UTC;;;;;;;;;;;;;;;;;;
2026/01/25;2300 UTC;;;;;;;;;;;;;;;;;;
2026/01/26;0000 UTC;;;;;;;;;;;;;;;;;;
2026/01/26;0100 UTC;;;;;;;;;;;;;;;;;;
2026/01/26;0200 UTC;;;;;;;;;;;;;;;;;;
2026/01/26;0300 UTC;;;;;;;;;;;;;;;;;;
2026/01/26;0400 UTC;;;;;;;;;;;;;;;;;;
2026/01/26;0500 UTC;;;;;;;;;;;;;;;;;;
2026/01/26;0600 UTC;;;;;;;;;;;;;;;;;;
2026/01/26;0700 UTC;;;;;;;;;;;;;;;;;;
2026/01/26;0800 UTC;;;;;;;;;;;;;;;;;;
2026/01/26;0900 UTC;;;;;;;;;;;;;;;;;;
2026/01/26;1000 UTC;;;;;;;;;;;;;;;;;;
2026/01/26;1100 UTC;;;;;;;;;;;;;;;;;;
2026/01/26;1200 UTC;;;;;;;;;;;;;;;;;;
2026/01/26;1300 UTC;;;;;;;;;;;;;;;;;;
2026/01/26;1400 UTC;;;;;;;;;;;;;;;;;;
2026/01/26;1500 UTC;;;;;;;;;;;;;;;;;;
2026/01/26;1600 UTC;;;;;;;;;;;;;;;;;;
2026/01/26;1700 UTC;;;;;;;;;;;;;;;;;;
2026/01/26;1800 UTC;;;;;;;;;;;;;;;;;;
2026/01/26;1900 UTC;;;;;;;;;;;;;;;;;;
2026/01/26;2000 UTC;;;;;;;;;;;;;;;;;;
2026/01/26;2100 UTC;;;;;;;;;;;;;;;;;;
2026/01/26;2200 UTC;;;;;;;;;;;;;;;;;;
2026/01/26;2300 UTC;;;;;;;;;;;;;;;;;;
2026/01/27;0000 UTC;;;;;;;;;;;;;;;;;;
2026/01/27;0100 UTC;;;;;;;;;;;;;;;;;;
2026/01/27;0200 UTC;;;;;;;;;;;;;;;;;;
2026/01/27;0300 UTC;;;;;;;;;;;;;;;;;;
2026/01/27;0400 UTC;;;;;;;;;;;;;;;;;;
2026/01/27;0500 UTC;;;;;;;;;;;;;;;;;;
2026/01/27;0600 UTC;;;;;;;;;;;;;;;;;;
2026/01/27;0700 UTC;;;;;;;;;;;;;;;;;;
2026/01/27;0800 UTC;;;;;;;;;;;;;;;;;;
2026/01/27;0900 UTC;;;;;;;;;;;;;;;;;;
2026/01/27;1000 UTC;;;;;;;;;;;;;;;;;;
2026/01/27;1100 UTC;;;;;;;;;;;;;;;;;;
2026/01/27;1200 UTC;;;;;;;;;;;;;;;;;;
2026/01/27;1300 UTC;;;;;;;;;;;;;;;;;;
2026/01/27;1400 UTC;;;;;;;;;;;;;;;;;;
2026/01/27;1500 UTC;;;;;;;;;;;;;;;;;;
2026/01/27;1600 UTC;;;;;;;;;;;;;;;;;;
2026/01/27;1700 UTC;;;;;;;;;;;;;;;;;;
2026/01/27;1800 UTC;;;;;;;;;;;;;;;;;;
2026/01/27;1900 UTC;;;;;;;;;;;;;;;;;;
2026/01/27;2000 UTC;;;;;;;;;;;;;;;;;;
2026/01/27;2100 UTC;;;;;;;;;;;;;;;;;;
2026/01/27;2200 UTC;;;;;;;;;;;;;;;;;;
2026/01/27;2300 UTC;;;;;;;;;;;;;;;;;;
2026/01/28;0000 UTC;;;;;;;;;;;;;;;;;;
2026/01/28;0100 UTC;;;;;;;;;;;;;;;;;;
2026/01/28;0200 UTC;;;;;;;;;;;;;;;;;;
2026/01/28;0300 UTC;;;;;;;;;;;;;;;;;;
2026/01/28;0400 UTC;;;;;;;;;;;;;;;;;;
2026/01/28;0500 UTC;;;;;;;;;;;;;;;;;;
2026/01/28;0600 UTC;;;;;;;;;;;;;;;;;;
2026/01/28;0700 UTC;;;;;;;;;;;;;;;;;;
2026/01/28;0800 UTC;;;;;;;;;;;;;;;;;;
2026/01/28;0900 UTC;;;;;;;;;;;;;;;;;;
2026/01/28;1000 UTC;;;;;;;;;;;;;;;;;;
2026/01/28;1100 UTC;;;;;;;;;;;;;;;;;;
2026/01/28;1200 UTC;;;;;;;;;;;;;;;;;;
2026/01/28;1300 UTC;;;;;;;;;;;;;;;;;;
2026/01/28;1400 UTC;;;;;;;;;;;;;;;;;;
2026/01/28;1500 UTC;;;;;;;;;;;;;;;;;;
2026/01/28;1600 UTC;;;;;;;;;;;;;;;;;;
2026/01/28;1700 UTC;;;;;;;;;;;;;;;;;;
2026/01/28;1800 UTC;;;;;;;;;;;;;;;;;;
2026/01/28;1900 UTC;;;;;;;;;;;;;;;;;;
2026/01/28;2000 UTC;;;;;;;;;;;;;;;;;;
2026/01/28;2100 UTC;;;;;;;;;;;;;;;;;;
2026/01/28;2200 UTC;;;;;;;;;;;;;;;;;;
2026/01/28;2300 UTC;;;;;;;;;;;;;;;;;;
2026/01/29;0000 UTC;;;;;;;;;;;;;;;;;;
2026/01/29;0100 UTC;;;;;;;;;;;;;;;;;;
2026/01/29;0200 UTC;;;;;;;;;;;;;;;;;;
2026/01/29;0300 UTC;;;;;;;;;;;;;;;;;;
2026/01/29;0400 UTC;;;;;;;;;;;;;;;;;;
2026/01/29;0500 UTC;;;;;;;;;;;;;;;;;;
2026/01/29;0600 UTC;;;;;;;;;;;;;;;;;;
2026/01/29;0700 UTC;;;;;;;;;;;;;;;;;;
2026/01/29;0800 UTC;;;;;;;;;;;;;;;;;;
2026/01/29;0900 UTC;;;;;;;;;;;;;;;;;;
2026/01/29;1000 UTC;;;;;;;;;;;;;;;;;;
2026/01/29;1100 UTC;;;;;;;;;;;;;;;;;;
2026/01/29;1200 UTC;;;;;;;;;;;;;;;;;;
2026/01/29;1300 UTC;;;;;;;;;;;;;;;;;;
2026/01/29;1400 UTC;;;;;;;;;;;;;;;;;;
2026/01/29;1500 UTC;;;;;;;;;;;;;;;;;;
2026/01/29;1600 UTC;;;;;;;;;;;;;;;;;;
2026/01/29;1700 UTC;;;;;;;;;;;;;;;;;;
2026/01/29;1800 UTC;;;;;;;;;;;;;;;;;;
2026/01/29;1900 UTC;;;;;;;;;;;;;;;;;;
2026/01/29;2000 UTC;;;;;;;;;;;;;;;;;;
2026/01/29;2100 UTC;;;;;;;;;;;;;;;;;;
2026/01/29;2200 UTC;;;;;;;;;;;;;;;;;;
2026/01/29;2300 UTC;;;;;;;;;;;;;;;;;;
2026/01/30;0000 UTC;;;;;;;;;;;;;;;;;;
2026/01/30;0100 UTC;;;;;;;;;;;;;;;;;;
2026/01/30;0200 UTC;;;;;;;;;;;;;;;;;;
2026/01/30;0300 UTC;;;;;;;;;;;;;;;;;;
2026/01/30;0400 UTC;;;;;;;;;;;;;;;;;;
2026/01/30;0500 UTC;;;;;;;;;;;;;;;;;;
2026/01/30;0600 UTC;;;;;;;;;;;;;;;;;;
2026/01/30;0700 UTC;;;;;;;;;;;;;;;;;;
2026/01/30;0800 UTC;;;;;;;;;;;;;;;;;;
2026/01/30;0900 UTC;;;;;;;;;;;;;;;;;;
2026/01/30;1000 UTC;;;;;;;;;;;;;;;;;;
2026/01/30;1100 UTC;;;;;;;;;;;;;;;;;;
2026/01/30;1200 UTC;;;;;;;;;;;;;;;;;;
2026/01/30;1300 UTC;;;;;;;;;;;;;;;;;;
2026/01/30;1400 UTC;;;;;;;;;;;;;;;;;;
2026/01/30;1500 UTC;;;;;;;;;;;;;;;;;;
2026/01/30;1600 UTC;;;;;;;;;;;;;;;;;;
2026/01/30;1700 UTC;;;;;;;;;;;;;;;;;;
2026/01/30;1800 UTC;;;;;;;;;;;;;;;;;;
2026/01/30;1900 UTC;;;;;;;;;;;;;;;;;;
2026/01/30;2000 UTC;;;;;;;;;;;;;;;;;;
2026/01/30;2100 UTC;;;;;;;;;;;;;;;;;;
2026/01/30;2200 UTC;;;;;;;;;;;;;;;;;;
2026/01/30;2300 UTC;;;;;;;;;;;;;;;;;;
2026/01/31;0000 UTC;;;;;;;;;;;;;;;;;;
2026/01/31;0100 UTC;;;;;;;;;;;;;;;;;;
2026/01/31;0200 UTC;;;;;;;;;;;;;;;;;;
2026/01/31;0300 UTC;;;;;;;;;;;;;;;;;;
2026/01/31;0400 UTC;;;;;;;;;;;;;;;;;;
2026/01/31;0500 UTC;;;;;;;;;;;;;;;;;;
2026/01/31;0600 UTC;;;;;;;;;;;;;;;;;;
2026/01/31;0700 UTC;;;;;;;;;;;;;;;;;;
2026/01/31;0800 UTC;;;;;;;;;;;;;;;;;;
2026/01/31;0900 UTC;;;;;;;;;;;;;;;;;;
2026/01/31;1000 UTC;;;;;;;;;;;;;;;;;;
2026/01/31;1100 UTC;;;;;;;;;;;;;;;;;;
2026/01/31;1200 UTC;;;;;;;;;;;;;;;;;;
2026/01/31;1300 UTC;;;;;;;;;;;;;;;;;;
2026/01/31;1400 UTC;;;;;;;;;;;;;;;;;;
2026/01/31;1500 UTC;;;;;;;;;;;;;;;;;;
2026/01/31;1600 UTC;;;;;;;;;;;;;;;;;;
2026/01/31;1700 UTC;;;;;;;;;;;;;;;;;;
2026/01/31;1800 UTC;;;;;;;;;;;;;;;;;;
2026/01/31;1900 UTC;;;;;;;;;;;;;;;;;;
2026/01/31;2000 UTC;;;;;;;;;;;;;;;;;;
2026/01/31;2100 UTC;;;;;;;;;;;;;;;;;;
2026/01/31;2200 UTC;;;;;;;;;;;;;;;;;;
2026/01/31;2300 UTC;;;;;;;;;;;;;;;;;;
2026/02/01;0000 UTC;;;;;;;;;;;;;;;;;;
2026/02/01;0100 UTC;;;;;;;;;;;;;;;;;;
2026/02/01;0200 UTC;;;;;;;;;;;;;;;;;;
2026/02/01;0300 UTC;;;;;;;;;;;;;;;;;;
2026/02/01;0400 UTC;;;;;;;;;;;;;;;;;;
2026/02/01;0500 UTC;;;;;;;;;;;;;;;;;;
2026/02/01;0600 UTC;;;;;;;;;;;;;;;;;;
2026/02/01;0700 UTC;;;;;;;;;;;;;;;;;;
2026/02/01;0800 UTC;;;;;;;;;;;;;;;;;;
2026/02/01;0900 UTC;;;;;;;;;;;;;;;;;;
2026/02/01;1000 UTC;;;;;;;;;;;;;;;;;;
2026/02/01;1100 UTC;;;;;;;;;;;;;;;;;;
2026/02/01;1200 UTC;;;;;;;;;;;;;;;;;;
2026/02/01;1300 UTC;;;;;;;;;;;;;;;;;;
2026/02/01;1400 UTC;;;;;;;;;;;;;;;;;;
2026/02/01;1500 UTC;;;;;;;;;;;;;;;;;;
2026/02/01;1600 UTC;;;;;;;;;;;;;;;;;;
2026/02/01;1700 UTC;;;;;;;;;;;;;;;;;;
2026/02/01;1800 UTC;;;;;;;;;;;;;;;;;;
2026/02/01;1900 UTC;;;;;;;;;;;;;;;;;;
2026/02/01;2000 UTC;;;;;;;;;;;;;;;;;;
2026/02/01;2100 UTC;;;;;;;;;;;;;;;;;;
2026/02/01;2200 UTC;;;;;;;;;;;;;;;;;;
2026/02/01;2300 UTC;;;;;;;;;;;;;;;;;;
2026/02/02;0000 UTC;;;;;;;;;;;;;;;;;;
2026/02/02;0100 UTC;;;;;;;;;;;;;;;;;;
2026/02/02;0200 UTC;;;;;;;;;;;;;;;;;;
2026/02/02;0300 UTC;;;;;;;;;;;;;;;;;;
2026/02/02;0400 UTC;;;;;;;;;;;;;;;;;;
2026/02/02;0500 UTC;;;;;;;;;;;;;;;;;;
2026/02/02;0600 UTC;;;;;;;;;;;;;;;;;;
2026/02/02;0700 UTC;;;;;;;;;;;;;;;;;;
2026/02/02;0800 UTC;;;;;;;;;;;;;;;;;;
2026/02/02;0900 UTC;;;;;;;;;;;;;;;;;;
2026/02/02;1000 UTC;;;;;;;;;;;;;;;;;;
2026/02/02;1100 UTC;;;;;;;;;;;;;;;;;;
2026/02/02;1200 UTC;;;;;;;;;;;;;;;;;;
2026/02/02;1300 UTC;;;;;;;;;;;;;;;;;;
2026/02/02;1400 UTC;;;;;;;;;;;;;;;;;;
2026/02/02;1500 UTC;;;;;;;;;;;;;;;;;;
2026/02/02;1600 UTC;;;;;;;;;;;;;;;;;;
2026/02/02;1700 UTC;;;;;;;;;;;;;;;;;;
2026/02/02;1800 UTC;;;;;;;;;;;;;;;;;;
2026/02/02;1900 UTC;;;;;;;;;;;;;;;;;;
2026/02/02;2000 UTC;;;;;;;;;;;;;;;;;;
2026/02/02;2100 UTC;;;;;;;;;;;;;;;;;;
2026/02/02;2200 UTC;;;;;;;;;;;;;;;;;;
2026/02/02;2300 UTC;;;;;;;;;;;;;;;;;;
2026/02/03;0000 UTC;;;;;;;;;;;;;;;;;;
2026/02/03;0100 UTC;;;;;;;;;;;;;;;;;;
2026/02/03;0200 UTC;;;;;;;;;;;;;;;;;;
2026/02/03;0300 UTC;;;;;;;;;;;;;;;;;;
2026/02/03;0400 UTC;;;;;;;;;;;;;;;;;;
2026/02/03;0500 UTC;;;;;;;;;;;;;;;;;;
2026/02/03;0600 UTC;;;;;;;;;;;;;;;;;;
2026/02/03;0700 UTC;;;;;;;;;;;;;;;;;;
2026/02/03;0800 UTC;;;;;;;;;;;;;;;;;;
2026/02/03;0900 UTC;;;;;;;;;;;;;;;;;;
2026/02/03;1000 UTC;;;;;;;;;;;;;;;;;;
2026/02/03;1100 UTC;;;;;;;;;;;;;;;;;;
2026/02/03;1200 UTC;;;;;;;;;;;;;;;;;;
2026/02/03;1300 UTC;;;;;;;;;;;;;;;;;;
2026/02/03;1400 UTC;;;;;;;;;;;;;;;;;;
2026/02/03;1500 UTC;;;;;;;;;;;;;;;;;;
2026/02/03;1600 UTC;;;;;;;;;;;;;;;;;;
2026/02/03;1700 UTC;;;;;;;;;;;;;;;;;;
2026/02/03;1800 UTC;;;;;;;;;;;;;;;;;;
2026/02/03;1900 UTC;;;;;;;;;;;;;;;;;;
2026/02/03;2000 UTC;;;;;;;;;;;;;;;;;;
2026/02/03;2100 UTC;;;;;;;;;;;;;;;;;;
2026/02/03;2200 UTC;;;;;;;;;;;;;;;;;;
2026/02/03;2300 UTC;;;;;;;;;;;;;;;;;;
2026/02/04;0000 UTC;;;;;;;;;;;;;;;;;;
2026/02/04;0100 UTC;;;;;;;;;;;;;;;;;;
2026/02/04;0200 UTC;;;;;;;;;;;;;;;;;;
2026/02/04;0300 UTC;;;;;;;;;;;;;;;;;;
2026/02/04;0400 UTC;;;;;;;;;;;;;;;;;;
2026/02/04;0500 UTC;;;;;;;;;;;;;;;;;;
2026/02/04;0600 UTC;;;;;;;;;;;;;;;;;;
2026/02/04;0700 UTC;;;;;;;;;;;;;;;;;;
2026/02/04;0800 UTC;;;;;;;;;;;;;;;;;;
2026/02/04;0900 UTC;;;;;;;;;;;;;;;;;;
2026/02/04;1000 UTC;;;;;;;;;;;;;;;;;;
2026/02/04;1100 UTC;;;;;;;;;;;;;;;;;;
2026/02/04;1200 UTC;;;;;;;;;;;;;;;;;;
2026/02/04;1300 UTC;;;;;;;;;;;;;;;;;;
2026/02/04;1400 UTC;;;;;;;;;;;;;;;;;;
2026/02/04;1500 UTC;;;;;;;;;;;;;;;;;;
2026/02/04;1600 UTC;;;;;;;;;;;;;;;;;;
2026/02/04;1700 UTC;;;;;;;;;;;;;;;;;;
2026/02/04;1800 UTC;;;;;;;;;;;;;;;;;;
2026/02/04;1900 UTC;;;;;;;;;;;;;;;;;;
2026/02/04;2000 UTC;;;;;;;;;;;;;;;;;;
2026/02/04;2100 UTC;;;;;;;;;;;;;;;;;;
2026/02/04;2200 UTC;;;;;;;;;;;;;;;;;;
2026/02/04;2300 UTC;;;;;;;;;;;;;;;;;;
2026/02/05;0000 UTC;;;;;;;;;;;;;;;;;;
2026/02/05;0100 UTC;;;;;;;;;;;;;;;;;;
2026/02/05;0200 UTC;;;;;;;;;;;;;;;;;;
2026/02/05;0300 UTC;;;;;;;;;;;;;;;;;;
2026/02/05;0400 UTC;;;;;;;;;;;;;;;;;;
2026/02/05;0500 UTC;;;;;;;;;;;;;;;;;;
2026/02/05;0600 UTC;;;;;;;;;;;;;;;;;;
2026/02/05;0700 UTC;;;;;;;;;;;;;;;;;;
2026/02/05;0800 UTC;;;;;;;;;;;;;;;;;;
2026/02/05;0900 UTC;;;;;;;;;;;;;;;;;;
2026/02/05;1000 UTC;;;;;;;;;;;;;;;;;;
2026/02/05;1100 UTC;;;;;;;;;;;;;;;;;;
2026/02/05;1200 UTC;;;;;;;;;;;;;;;;;;
2026/02/05;1300 UTC;;;;;;;;;;;;;;;;;;
2026/02/05;1400 UTC;;;;;;;;;;;;;;;;;;
2026/02/05;1500 UTC;;;;;;;;;;;;;;;;;;
2026/02/05;1600 UTC;;;;;;;;;;;;;;;;;;
2026/02/05;1700 UTC;;;;;;;;;;;;;;;;;;
2026/02/05;1800 UTC;;;;;;;;;;;;;;;;;;
2026/02/05;1900 UTC;;;;;;;;;;;;;;;;;;
2026/02/05;2000 UTC;;;;;;;;;;;;;;;;;;
2026/02/05;2100 UTC;;;;;;;;;;;;;;;;;;
2026/02/05;2200 UTC;;;;;;;;;;;;;;;;;;
2026/02/05;2300 UTC;;;;;;;;;;;;;;;;;;
2026/02/06;0000 UTC;;;;;;;;;;;;;;;;;;
2026/02/06;0100 UTC;;;;;;;;;;;;;;;;;;
2026/02/06;0200 UTC;;;;;;;;;;;;;;;;;;
2026/02/06;0300 UTC;;;;;;;;;;;;;;;;;;
2026/02/06;0400 UTC;;;;;;;;;;;;;;;;;;
2026/02/06;0500 UTC;;;;;;;;;;;;;;;;;;
2026/02/06;0600 UTC;;;;;;;;;;;;;;;;;;
2026/02/06;0700 UTC;;;;;;;;;;;;;;;;;;
2026/02/06;0800 UTC;;;;;;;;;;;;;;;;;;
2026/02/06;0900 UTC;;;;;;;;;;;;;;;;;;
2026/02/06;1000 UTC;;;;;;;;;;;;;;;;;;
2026/02/06;1100 UTC;;;;;;;;;;;;;;;;;;
2026/02/06;1200 UTC;;;;;;;;;;;;;;;;;;
2026/02/06;1300 UTC;;;;;;;;;;;;;;;;;;
2026/02/06;1400 UTC;;;;;;;;;;;;;;;;;;
2026/02/06;1500 UTC;;;;;;;;;;;;;;;;;;
2026/02/06;1600 UTC;;;;;;;;;;;;;;;;;;
2026/02/06;1700 UTC;;;;;;;;;;;;;;;;;;
2026/02/06;1800 UTC;;;;;;;;;;;;;;;;;;
2026/02/06;1900 UTC;;;;;;;;;;;;;;;;;;
2026/02/06;2000 UTC;;;;;;;;;;;;;;;;;;
2026/02/06;2100 UTC;;;;;;;;;;;;;;;;;;
2026/02/06;2200 UTC;;;;;;;;;;;;;;;;;;
2026/02/06;2300 UTC;;;;;;;;;;;;;;;;;;
2026/02/07;0000 UTC;;;;;;;;;;;;;;;;;;
2026/02/07;0100 UTC;;;;;;;;;;;;;;;;;;
2026/02/07;0200 UTC;;;;;;;;;;;;;;;;;;
2026/02/07;0300 UTC;;;;;;;;;;;;;;;;;;
2026/02/07;0400 UTC;;;;;;;;;;;;;;;;;;
2026/02/07;0500 UTC;;;;;;;;;;;;;;;;;;
2026/02/07;0600 UTC;;;;;;;;;;;;;;;;;;
2026/02/07;0700 UTC;;;;;;;;;;;;;;;;;;
2026/02/07;0800 UTC;;;;;;;;;;;;;;;;;;
2026/02/07;0900 UTC;;;;;;;;;;;;;;;;;;
2026/02/07;1000 UTC;;;;;;;;;;;;;;;;;;
2026/02/07;1100 UTC;;;;;;;;;;;;;;;;;;
2026/02/07;1200 UTC;;;;;;;;;;;;;;;;;;
2026/02/07;1300 UTC;;;;;;;;;;;;;;;;;;
2026/02/07;1400 UTC;;;;;;;;;;;;;;;;;;
2026/02/07;1500 UTC;;;;;;;;;;;;;;;;;;
2026/02/07;1600 UTC;;;;;;;;;;;;;;;;;;
2026/02/07;1700 UTC;;;;;;;;;;;;;;;;;;
2026/02/07;1800 UTC;;;;;;;;;;;;;;;;;;
2026/02/07;1900 UTC;;;;;;;;;;;;;;;;;;
2026/02/07;2000 UTC;;;;;;;;;;;;;;;;;;
2026/02/07;2100 UTC;;;;;;;;;;;;;;;;;;
2026/02/07;2200 UTC;;;;;;;;;;;;;;;;;;
2026/02/07;2300 UTC;;;;;;;;;;;;;;;;;;
2026/02/08;0000 UTC;;;;;;;;;;;;;;;;;;
2026/02/08;0100 UTC;;;;;;;;;;;;;;;;;;
2026/02/08;0200 UTC;;;;;;;;;;;;;;;;;;
2026/02/08;0300 UTC;;;;;;;;;;;;;;;;;;
2026/02/08;0400 UTC;;;;;;;;;;;;;;;;;;
2026/02/08;0500 UTC;;;;;;;;;;;;;;;;;;
2026/02/08;0600 UTC;;;;;;;;;;;;;;;;;;
2026/02/08;0700 UTC;;;;;;;;;;;;;;;;;;
2026/02/08;0800 UTC;;;;;;;;;;;;;;;;;;
2026/02/08;0900 UTC;;;;;;;;;;;;;;;;;;
2026/02/08;1000 UTC;;;;;;;;;;;;;;;;;;
2026/02/08;1100 UTC;;;;;;;;;;;;;;;;;;
2026/02/08;1200 UTC;;;;;;;;;;;;;;;;;;
2026/02/08;1300 UTC;;;;;;;;;;;;;;;;;;
2026/02/08;1400 UTC;;;;;;;;;;;;;;;;;;
2026/02/08;1500 UTC;;;;;;;;;;;;;;;;;;
2026/02/08;1600 UTC;;;;;;;;;;;;;;;;;;
2026/02/08;1700 UTC;;;;;;;;;;;;;;;;;;
2026/02/08;1800 UTC;;;;;;;;;;;;;;;;;;
2026/02/08;1900 UTC;;;;;;;;;;;;;;;;;;
2026/02/08;2000 UTC;;;;;;;;;;;;;;;;;;
2026/02/08;2100 UTC;;;;;;;;;;;;;;;;;;
2026/02/08;2200 UTC;;;;;;;;;;;;;;;;;;
2026/02/08;2300 UTC;;;;;;;;;;;;;;;;;;
2026/02/09;0000 UTC;;;;;;;;;;;;;;;;;;
2026/02/09;0100 UTC;;;;;;;;;;;;;;;;;;
2026/02/09;0200 UTC;;;;;;;;;;;;;;;;;;
2026/02/09;0300 UTC;;;;;;;;;;;;;;;;;;
2026/02/09;0400 UTC;;;;;;;;;;;;;;;;;;
2026/02/09;0500 UTC;;;;;;;;;;;;;;;;;;
2026/02/09;0600 UTC;;;;;;;;;;;;;;;;;;
2026/02/09;0700 UTC;;;;;;;;;;;;;;;;;;
2026/02/09;0800 UTC;;;;;;;;;;;;;;;;;;
2026/02/09;0900 UTC;;;;;;;;;;;;;;;;;;
2026/02/09;1000 UTC;;;;;;;;;;;;;;;;;;
2026/02/09;1100 UTC;;;;;;;;;;;;;;;;;;
2026/02/09;1200 UTC;;;;;;;;;;;;;;;;;;
2026/02/09;1300 UTC;;;;;;;;;;;;;;;;;;
2026/02/09;1400 UTC;;;;;;;;;;;;;;;;;;
2026/02/09;1500 UTC;;;;;;;;;;;;;;;;;;
2026/02/09;1600 UTC;;;;;;;;;;;;;;;;;;
2026/02/09;1700 UTC;;;;;;;;;;;;;;;;;;
2026/02/09;1800 UTC;;;;;;;;;;;;;;;;;;
2026/02/09;1900 UTC;;;;;;;;;;;;;;;;;;
2026/02/09;2000 UTC;;;;;;;;;;;;;;;;;;
2026/02/09;2100 UTC;;;;;;;;;;;;;;;;;;
2026/02/09;2200 UTC;;;;;;;;;;;;;;;;;;
2026/02/09;2300 UTC;;;;;;;;;;;;;;;;;;
2026/02/10;0000 UTC;;;;;;;;;;;;;;;;;;
2026/02/10;0100 UTC;;;;;;;;;;;;;;;;;;
2026/02/10;0200 UTC;;;;;;;;;;;;;;;;;;
2026/02/10;0300 UTC;;;;;;;;;;;;;;;;;;
2026/02/10;0400 UTC;;;;;;;;;;;;;;;;;;
2026/02/10;0500 UTC;;;;;;;;;;;;;;;;;;
2026/02/10;0600 UTC;;;;;;;;;;;;;;;;;;
2026/02/10;0700 UTC;;;;;;;;;;;;;;;;;;
2026/02/10;0800 UTC;;;;;;;;;;;;;;;;;;
2026/02/10;0900 UTC;;;;;;;;;;;;;;;;;;
2026/02/10;1000 UTC;;;;;;;;;;;;;;;;;;
2026/02/10;1100 UTC;;;;;;;;;;;;;;;;;;
2026/02/10;1200 UTC;;;;;;;;;;;;;;;;;;
2026/02/10;1300 UTC;;;;;;;;;;;;;;;;;;
2026/02/10;1400 UTC;;;;;;;;;;;;;;;;;;
2026/02/10;1500 UTC;;;;;;;;;;;;;;;;;;
2026/02/10;1600 UTC;;;;;;;;;;;;;;;;;;
2026/02/10;1700 UTC;;;;;;;;;;;;;;;;;;
2026/02/10;1800 UTC;;;;;;;;;;;;;;;;;;
2026/02/10;1900 UTC;;;;;;;;;;;;;;;;;;
2026/02/10;2000 UTC;;;;;;;;;;;;;;;;;;
2026/02/10;2100 UTC;;;;;;;;;;;;;;;;;;
2026/02/10;2200 UTC;;;;;;;;;;;;;;;;;;
2026/02/10;2300 UTC;;;;;;;;;;;;;;;;;;
2026/02/11;0000 UTC;;;;;;;;;;;;;;;;;;
2026/02/11;0100 UTC;;;;;;;;;;;;;;;;;;
2026/02/11;0200 UTC;;;;;;;;;;;;;;;;;;
2026/02/11;0300 UTC;;;;;;;;;;;;;;;;;;
2026/02/11;0400 UTC;;;;;;;;;;;;;;;;;;
2026/02/11;0500 UTC;;;;;;;;;;;;;;;;;;
2026/02/11;0600 UTC;;;;;;;;;;;;;;;;;;
2026/02/11;0700 UTC;;;;;;;;;;;;;;;;;;
2026/02/11;0800 UTC;;;;;;;;;;;;;;;;;;
2026/02/11;0900 UTC;;;;;;;;;;;;;;;;;;
2026/02/11;1000 UTC;;;;;;;;;;;;;;;;;;
2026/02/11;1100 UTC;;;;;;;;;;;;;;;;;;
2026/02/11;1200 UTC;;;;;;;;;;;;;;;;;;
2026/02/11;1300 UTC;;;;;;;;;;;;;;;;;;
2026/02/11;1400 UTC;;;;;;;;;;;;;;;;;;
2026/02/11;1500 UTC;;;;;;;;;;;;;;;;;;
2026/02/11;1600 UTC;;;;;;;;;;;;;;;;;;
2026/02/11;1700 UTC;;;;;;;;;;;;;;;;;;
2026/02/11;1800 UTC;;;;;;;;;;;;;;;;;;
2026/02/11;1900 UTC;;;;;;;;;;;;;;;;;;
2026/02/11;2000 UTC;;;;;;;;;;;;;;;;;;
2026/02/11;2100 UTC;;;;;;;;;;;;;;;;;;
2026/02/11;2200 UTC;;;;;;;;;;;;;;;;;;
2026/02/11;2300 UTC;;;;;;;;;;;;;;;;;;
2026/02/12;0000 UTC;;;;;;;;;;;;;;;;;;
2026/02/12;0100 UTC;;;;;;;;;;;;;;;;;;
2026/02/12;0200 UTC;;;;;;;;;;;;;;;;;;
2026/02/12;0300 UTC;;;;;;;;;;;;;;;;;;
2026/02/12;0400 UTC;;;;;;;;;;;;;;;;;;
2026/02/12;0500 UTC;;;;;;;;;;;;;;;;;;
2026/02/12;0600 UTC;;;;;;;;;;;;;;;;;;
2026/02/12;0700 UTC;;;;;;;;;;;;;;;;;;
2026/02/12;0800 UTC;;;;;;;;;;;;;;;;;;
2026/02/12;0900 UTC;;;;;;;;;;;;;;;;;;
2026/02/12;1000 UTC;;;;;;;;;;;;;;;;;;
2026/02/12;1100 UTC;;;;;;;;;;;;;;;;;;
2026/02/12;1200 UTC;;;;;;;;;;;;;;;;;;
2026/02/12;1300 UTC;;;;;;;;;;;;;;;;;;
2026/02/12;1400 UTC;;;;;;;;;;;;;;;;;;
2026/02/12;1500 UTC;;;;;;;;;;;;;;;;;;
2026/02/12;1600 UTC;;;;;;;;;;;;;;;;;;
2026/02/12;1700 UTC;;;;;;;;;;;;;;;;;;
2026/02/12;1800 UTC;;;;;;;;;;;;;;;;;;
2026/02/12;1900 UTC;;;;;;;;;;;;;;;;;;
2026/02/12;2000 UTC;;;;;;;;;;;;;;;;;;
2026/02/12;2100 UTC;;;;;;;;;;;;;;;;;;
2026/02/12;2200 UTC;;;;;;;;;;;;;;;;;;
2026/02/12;2300 UTC;;;;;;;;;;;;;;;;;;
2026/02/13;0000 UTC;;;;;;;;;;;;;;;;;;
2026/02/13;0100 UTC;;;;;;;;;;;;;;;;;;
2026/02/13;0200 UTC;;;;;;;;;;;;;;;;;;
2026/02/13;0300 UTC;;;;;;;;;;;;;;;;;;
2026/02/13;0400 UTC;;;;;;;;;;;;;;;;;;
2026/02/13;0500 UTC;;;;;;;;;;;;;;;;;;
2026/02/13;0600 UTC;;;;;;;;;;;;;;;;;;
2026/02/13;0700 UTC;;;;;;;;;;;;;;;;;;
2026/02/13;0800 UTC;;;;;;;;;;;;;;;;;;
2026/02/13;0900 UTC;;;;;;;;;;;;;;;;;;
2026/02/13;1000 UTC;;;;;;;;;;;;;;;;;;
2026/02/13;1100 UTC;;;;;;;;;;;;;;;;;;
2026/02/13;1200 UTC;;;;;;;;;;;;;;;;;;
2026/02/13;1300 UTC;;;;;;;;;;;;;;;;;;
2026/02/13;1400 UTC;;;;;;;;;;;;;;;;;;
2026/02/13;1500 UTC;;;;;;;;;;;;;;;;;;
2026/02/13;1600 UTC;;;;;;;;;;;;;;;;;;
2026/02/13;1700 UTC;;;;;;;;;;;;;;;;;;
2026/02/13;1800 UTC;;;;;;;;;;;;;;;;;;
2026/02/13;1900 UTC;;;;;;;;;;;;;;;;;;
2026/02/13;2000 UTC;;;;;;;;;;;;;;;;;;
2026/02/13;2100 UTC;;;;;;;;;;;;;;;;;;
2026/02/13;2200 UTC;;;;;;;;;;;;;;;;;;
2026/02/13;2300 UTC;;;;;;;;;;;;;;;;;;
2026/02/14;0000 UTC;;;;;;;;;;;;;;;;;;
2026/02/14;0100 UTC;;;;;;;;;;;;;;;;;;
2026/02/14;0200 UTC;;;;;;;;;;;;;;;;;;
2026/02/14;0300 UTC;;;;;;;;;;;;;;;;;;
2026/02/14;0400 UTC;;;;;;;;;;;;;;;;;;
2026/02/14;0500 UTC;;;;;;;;;;;;;;;;;;
2026/02/14;0600 UTC;;;;;;;;;;;;;;;;;;
2026/02/14;0700 UTC;;;;;;;;;;;;;;;;;;
2026/02/14;0800 UTC;;;;;;;;;;;;;;;;;;
2026/02/14;0900 UTC;;;;;;;;;;;;;;;;;;
2026/02/14;1000 UTC;;;;;;;;;;;;;;;;;;
2026/02/14;1100 UTC;;;;;;;;;;;;;;;;;;
2026/02/14;1200 UTC;;;;;;;;;;;;;;;;;;
2026/02/14;1300 UTC;;;;;;;;;;;;;;;;;;
2026/02/14;1400 UTC;;;;;;;;;;;;;;;;;;
2026/02/14;1500 UTC;;;;;;;;;;;;;;;;;;
2026/02/14;1600 UTC;;;;;;;;;;;;;;;;;;
2026/02/14;1700 UTC;;;;;;;;;;;;;;;;;;
2026/02/14;1800 UTC;;;;;;;;;;;;;;;;;;
2026/02/14;1900 UTC;;;;;;;;;;;;;;;;;;
2026/02/14;2000 UTC;;;;;;;;;;;;;;;;;;
2026/02/14;2100 UTC;;;;;;;;;;;;;;;;;;
2026/02/14;2200 UTC;;;;;;;;;;;;;;;;;;
2026/02/14;2300 UTC;;;;;;;;;;;;;;;;;;
2026/02/15;0000 UTC;;;;;;;;;;;;;;;;;;
2026/02/15;0100 UTC;;;;;;;;;;;;;;;;;;
2026/02/15;0200 UTC;;;;;;;;;;;;;;;;;;
2026/02/15;0300 UTC;;;;;;;;;;;;;;;;;;
2026/02/15;0400 UTC;;;;;;;;;;;;;;;;;;
2026/02/15;0500 UTC;;;;;;;;;;;;;;;;;;
2026/02/15;0600 UTC;;;;;;;;;;;;;;;;;;
2026/02/15;0700 UTC;;;;;;;;;;;;;;;;;;
2026/02/15;0800 UTC;;;;;;;;;;;;;;;;;;
2026/02/15;0900 UTC;;;;;;;;;;;;;;;;;;
2026/02/15;1000 UTC;;;;;;;;;;;;;;;;;;
2026/02/15;1100 UTC;;;;;;;;;;;;;;;;;;
2026/02/15;1200 UTC;;;;;;;;;;;;;;;;;;
2026/02/15;1300 UTC;;;;;;;;;;;;;;;;;;
2026/02/15;1400 UTC;;;;;;;;;;;;;;;;;;
2026/02/15;1500 UTC;;;;;;;;;;;;;;;;;;
2026/02/15;1600 UTC;;;;;;;;;;;;;;;;;;
2026/02/15;1700 UTC;;;;;;;;;;;;;;;;;;
2026/02/15;1800 UTC;;;;;;;;;;;;;;;;;;
2026/02/15;1900 UTC;;;;;;;;;;;;;;;;;;
2026/02/15;2000 UTC;;;;;;;;;;;;;;;;;;
2026/02/15;2100 UTC;;;;;;;;;;;;;;;;;;
2026/02/15;2200 UTC;;;;;;;;;;;;;;;;;;
2026/02/15;2300 UTC;;;;;;;;;;;;;;;;;;
2026/02/16;0000 UTC;;;;;;;;;;;;;;;;;;
2026/02/16;0100 UTC;;;;;;;;;;;;;;;;;;
2026/02/16;0200 UTC;;;;;;;;;;;;;;;;;;
2026/02/16;0300 UTC;;;;;;;;;;;;;;;;;;
2026/02/16;0400 UTC;;;;;;;;;;;;;;;;;;
2026/02/16;0500 UTC;;;;;;;;;;;;;;;;;;
2026/02/16;0600 UTC;;;;;;;;;;;;;;;;;;
2026/02/16;0700 UTC;;;;;;;;;;;;;;;;;;
2026/02/16;0800 UTC;;;;;;;;;;;;;;;;;;
2026/02/16;0900 UTC;;;;;;;;;;;;;;;;;;
2026/02/16;1000 UTC;;;;;;;;;;;;;;;;;;
2026/02/16;1100 UTC;;;;;;;;;;;;;;;;;;
2026/02/16;1200 UTC;;;;;;;;;;;;;;;;;;
2026/02/16;1300 UTC;;;;;;;;;;;;;;;;;;
2026/02/16;1400 UTC;;;;;;;;;;;;;;;;;;
2026/02/16;1500 UTC;;;;;;;;;;;;;;;;;;
2026/02/16;1600 UTC;;;;;;;;;;;;;;;;;;
2026/02/16;1700 UTC;;;;;;;;;;;;;;;;;;
2026/02/16;1800 UTC;;;;;;;;;;;;;;;;;;
2026/02/16;1900 UTC;;;;;;;;;;;;;;;;;;
2026/02/16;2000 UTC;;;;;;;;;;;;;;;;;;
2026/02/16;2100 UTC;;;;;;;;;;;;;;;;;;
2026/02/16;2200 UTC;;;;;;;;;;;;;;;;;;
2026/02/16;2300 UTC;;;;;;;;;;;;;;;;;;
2026/02/17;0000 UTC;;;;;;;;;;;;;;;;;;
2026/02/17;0100 UTC;;;;;;;;;;;;;;;;;;
2026/02/17;0200 UTC;;;;;;;;;;;;;;;;;;
2026/02/17;0300 UTC;;;;;;;;;;;;;;;;;;
2026/02/17;0400 UTC;;;;;;;;;;;;;;;;;;
2026/02/17;0500 UTC;;;;;;;;;;;;;;;;;;
2026/02/17;0600 UTC;;;;;;;;;;;;;;;;;;
2026/02/17;0700 UTC;;;;;;;;;;;;;;;;;;
2026/02/17;0800 UTC;;;;;;;;;;;;;;;;;;
2026/02/17;0900 UTC;;;;;;;;;;;;;;;;;;
2026/02/17;1000 UTC;;;;;;;;;;;;;;;;;;
2026/02/17;1100 UTC;;;;;;;;;;;;;;;;;;
2026/02/17;1200 UTC;;;;;;;;;;;;;;;;;;
2026/02/17;1300 UTC;;;;;;;;;;;;;;;;;;
2026/02/17;1400 UTC;;;;;;;;;;;;;;;;;;
2026/02/17;1500 UTC;;;;;;;;;;;;;;;;;;
2026/02/17;1600 UTC;;;;;;;;;;;;;;;;;;
2026/02/17;1700 UTC;;;;;;;;;;;;;;;;;;
2026/02/17;1800 UTC;;;;;;;;;;;;;;;;;;
2026/02/17;1900 UTC;;;;;;;;;;;;;;;;;;
2026/02/17;2000 UTC;;;;;;;;;;;;;;;;;;
2026/02/17;2100 UTC;;;;;;;;;;;;;;;;;;
2026/02/17;2200 UTC;;;;;;;;;;;;;;;;;;
2026/02/17;2300 UTC;;;;;;;;;;;;;;;;;;
2026/02/18;0000 UTC;;;;;;;;;;;;;;;;;;
2026/02/18;0100 UTC;;;;;;;;;;;;;;;;;;
2026/02/18;0200 UTC;;;;;;;;;;;;;;;;;;
2026/02/18;0300 UTC;;;;;;;;;;;;;;;;;;
2026/02/18;0400 UTC;;;;;;;;;;;;;;;;;;
2026/02/18;0500 UTC;;;;;;;;;;;;;;;;;;
2026/02/18;0600 UTC;;;;;;;;;;;;;;;;;;
2026/02/18;0700 UTC;;;;;;;;;;;;;;;;;;
2026/02/18;0800 UTC;;;;;;;;;;;;;;;;;;
2026/02/18;0900 UTC;;;;;;;;;;;;;;;;;;
2026/02/18;1000 UTC;;;;;;;;;;;;;;;;;;
2026/02/18;1100 UTC;;;;;;;;;;;;;;;;;;
2026/02/18;1200 UTC;;;;;;;;;;;;;;;;;;
2026/02/18;1300 UTC;;;;;;;;;;;;;;;;;;
2026/02/18;1400 UTC;;;;;;;;;;;;;;;;;;
2026/02/18;1500 UTC;;;;;;;;;;;;;;;;;;
2026/02/18;1600 UTC;;;;;;;;;;;;;;;;;;
2026/02/18;1700 UTC;;;;;;;;;;;;;;;;;;
2026/02/18;1800 UTC;;;;;;;;;;;;;;;;;;
2026/02/18;1900 UTC;;;;;;;;;;;;;;;;;;
2026/02/18;2000 UTC;;;;;;;;;;;;;;;;;;
2026/02/18;2100 UTC;;;;;;;;;;;;;;;;;;
2026/02/18;2200 UTC;;;;;;;;;;;;;;;;;;
2026/02/18;2300 UTC;;;;;;;;;;;;;;;;;;
2026/02/19;0000 UTC;;;;;;;;;;;;;;;;;;
2026/02/19;0100 UTC;;;;;;;;;;;;;;;;;;
2026/02/19;0200 UTC;;;;;;;;;;;;;;;;;;
2026/02/19;0300 UTC;;;;;;;;;;;;;;;;;;
2026/02/19;0400 UTC;;;;;;;;;;;;;;;;;;
2026/02/19;0500 UTC;;;;;;;;;;;;;;;;;;
2026/02/19;0600 UTC;;;;;;;;;;;;;;;;;;
2026/02/19;0700 UTC;;;;;;;;;;;;;;;;;;
2026/02/19;0800 UTC;;;;;;;;;;;;;;;;;;
2026/02/19;0900 UTC;;;;;;;;;;;;;;;;;;
2026/02/19;1000 UTC;;;;;;;;;;;;;;;;;;
2026/02/19;1100 UTC;;;;;;;;;;;;;;;;;;
2026/02/19;1200 UTC;;;;;;;;;;;;;;;;;;
2026/02/19;1300 UTC;;;;;;;;;;;;;;;;;;
2026/02/19;1400 UTC;;;;;;;;;;;;;;;;;;
2026/02/19;1500 UTC;;;;;;;;;;;;;;;;;;
2026/02/19;1600 UTC;;;;;;;;;;;;;;;;;;
2026/02/19;1700 UTC;;;;;;;;;;;;;;;;;;
2026/02/19;1800 UTC;;;;;;;;;;;;;;;;;;
2026/02/19;1900 UTC;;;;;;;;;;;;;;;;;;
2026/02/19;2000 UTC;;;;;;;;;;;;;;;;;;
2026/02/19;2100 UTC;;;;;;;;;;;;;;;;;;
2026/02/19;2200 UTC;;;;;;;;;;;;;;;;;;
2026/02/19;2300 UTC;;;;;;;;;;;;;;;;;;
2026/02/20;0000 UTC;;;;;;;;;;;;;;;;;;
2026/02/20;0100 UTC;;;;;;;;;;;;;;;;;;
2026/02/20;0200 UTC;;;;;;;;;;;;;;;;;;
2026/02/20;0300 UTC;;;;;;;;;;;;;;;;;;
2026/02/20;0400 UTC;;;;;;;;;;;;;;;;;;
2026/02/20;0500 UTC;;;;;;;;;;;;;;;;;;
2026/02/20;0600 UTC;;;;;;;;;;;;;;;;;;
2026/02/20;0700 UTC;;;;;;;;;;;;;;;;;;
2026/02/20;0800 UTC;;;;;;;;;;;;;;;;;;
2026/02/20;0900 UTC;;;;;;;;;;;;;;;;;;
2026/02/20;1000 UTC;;;;;;;;;;;;;;;;;;
2026/02/20;1100 UTC;;;;;;;;;;;;;;;;;;
2026/02/20;1200 UTC;;;;;;;;;;;;;;;;;;
2026/02/20;1300 UTC;;;;;;;;;;;;;;;;;;
2026/02/20;1400 UTC;;;;;;;;;;;;;;;;;;
2026/02/20;1500 UTC;;;;;;;;;;;;;;;;;;
2026/02/20;1600 UTC;;;;;;;;;;;;;;;;;;
2026/02/20;1700 UTC;;;;;;;;;;;;;;;;;;
2026/02/20;1800 UTC;;;;;;;;;;;;;;;;;;
2026/02/20;1900 UTC;;;;;;;;;;;;;;;;;;
2026/02/20;2000 UTC;;;;;;;;;;;;;;;;;;
2026/02/20;2100 UTC;;;;;;;;;;;;;;;;;;
2026/02/20;2200 UTC;;;;;;;;;;;;;;;;;;
2026/02/20;2300 UTC;;;;;;;;;;;;;;;;;;
2026/02/21;0000 UTC;;;;;;;;;;;;;;;;;;
2026/02/21;0100 UTC;;;;;;;;;;;;;;;;;;
2026/02/21;0200 UTC;;;;;;;;;;;;;;;;;;
2026/02/21;0300 UTC;;;;;;;;;;;;;;;;;;
2026/02/21;0400 UTC;;;;;;;;;;;;;;;;;;
2026/02/21;0500 UTC;;;;;;;;;;;;;;;;;;
2026/02/21;0600 UTC;;;;;;;;;;;;;;;;;;
2026/02/21;0700 UTC;;;;;;;;;;;;;;;;;;
2026/02/21;0800 UTC;;;;;;;;;;;;;;;;;;
2026/02/21;0900 UTC;;;;;;;;;;;;;;;;;;
2026/02/21;1000 UTC;;;;;;;;;;;;;;;;;;
2026/02/21;1100 UTC;;;;;;;;;;;;;;;;;;
2026/02/21;1200 UTC;;;;;;;;;;;;;;;;;;
2026/02/21;1300 UTC;;;;;;;;;;;;;;;;;;
2026/02/21;1400 UTC;;;;;;;;;;;;;;;;;;
2026/02/21;1500 UTC;;;;;;;;;;;;;;;;;;
2026/02/21;1600 UTC;;;;;;;;;;;;;;;;;;
2026/02/21;1700 UTC;;;;;;;;;;;;;;;;;;
2026/02/21;1800 UTC;;;;;;;;;;;;;;;;;;
2026/02/21;1900 UTC;;;;;;;;;;;;;;;;;;
2026/02/21;2000 UTC;;;;;;;;;;;;;;;;;;
2026/02/21;2100 UTC;;;;;;;;;;;;;;;;;;
2026/02/21;2200 UTC;;;;;;;;;;;;;;;;;;
2026/02/21;2300 UTC;;;;;;;;;;;;;;;;;;
2026/02/22;0000 UTC;;;;;;;;;;;;;;;;;;
2026/02/22;0100 UTC;;;;;;;;;;;;;;;;;;
2026/02/22;0200 UTC;;;;;;;;;;;;;;;;;;
2026/02/22;0300 UTC;;;;;;;;;;;;;;;;;;
2026/02/22;0400 UTC;;;;;;;;;;;;;;;;;;
2026/02/22;0500 UTC;;;;;;;;;;;;;;;;;;
2026/02/22;0600 UTC;;;;;;;;;;;;;;;;;;
2026/02/22;0700 UTC;;;;;;;;;;;;;;;;;;
2026/02/22;0800 UTC;;;;;;;;;;;;;;;;;;
2026/02/22;0900 UTC;;;;;;;;;;;;;;;;;;
2026/02/22;1000 UTC;;;;;;;;;;;;;;;;;;
2026/02/22;1100 UTC;;;;;;;;;;;;;;;;;;
2026/02/22;1200 UTC;;;;;;;;;;;;;;;;;;
2026/02/22;1300 UTC;;;;;;;;;;;;;;;;;;
2026/02/22;1400 UTC;;;;;;;;;;;;;;;;;;
2026/02/22;1500 UTC;;;;;;;;;;;;;;;;;;
2026/02/22;1600 UTC;;;;;;;;;;;;;;;;;;
2026/02/22;1700 UTC;;;;;;;;;;;;;;;;;;
2026/02/22;1800 UTC;;;;;;;;;;;;;;;;;;
2026/02/22;1900 UTC;;;;;;;;;;;;;;;;;;
2026/02/22;2000 UTC;;;;;;;;;;;;;;;;;;
2026/02/22;2100 UTC;;;;;;;;;;;;;;;;;;
2026/02/22;2200 UTC;;;;;;;;;;;;;;;;;;
2026/02/22;2300 UTC;;;;;;;;;;;;;;;;;;
2026/02/23;0000 UTC;;;;;;;;;;;;;;;;;;
2026/02/23;0100 UTC;;;;;;;;;;;;;;;;;;
2026/02/23;0200 UTC;;;;;;;;;;;;;;;;;;
2026/02/23;0300 UTC;;;;;;;;;;;;;;;;;;
2026/02/23;0400 UTC;;;;;;;;;;;;;;;;;;
2026/02/23;0500 UTC;;;;;;;;;;;;;;;;;;
2026/02/23;0600 UTC;;;;;;;;;;;;;;;;;;
2026/02/23;0700 UTC;;;;;;;;;;;;;;;;;;
2026/02/23;0800 UTC;;;;;;;;;;;;;;;;;;
2026/02/23;0900 UTC;;;;;;;;;;;;;;;;;;
2026/02/23;1000 UTC;;;;;;;;;;;;;;;;;;
2026/02/23;1100 UTC;;;;;;;;;;;;;;;;;;
2026/02/23;1200 UTC;;;;;;;;;;;;;;;;;;
2026/02/23;1300 UTC;;;;;;;;;;;;;;;;;;
2026/02/23;1400 UTC;;;;;;;;;;;;;;;;;;
2026/02/23;1500 UTC;;;;;;;;;;;;;;;;;;
2026/02/23;1600 UTC;;;;;;;;;;;;;;;;;;
2026/02/23;1700 UTC;;;;;;;;;;;;;;;;;;
2026/02/23;1800 UTC;;;;;;;;;;;;;;;;;;
2026/02/23;1900 UTC;;;;;;;;;;;;;;;;;;
2026/02/23;2000 UTC;;;;;;;;;;;;;;;;;;
2026/02/23;2100 UTC;;;;;;;;;;;;;;;;;;
2026/02/23;2200 UTC;;;;;;;;;;;;;;;;;;
2026/02/23;2300 UTC;;;;;;;;;;;;;;;;;;
2026/02/24;0000 UTC;;;;;;;;;;;;;;;;;;
2026/02/24;0100 UTC;;;;;;;;;;;;;;;;;;
2026/02/24;0200 UTC;;;;;;;;;;;;;;;;;;
2026/02/24;0300 UTC;;;;;;;;;;;;;;;;;;
2026/02/24;0400 UTC;;;;;;;;;;;;;;;;;;
2026/02/24;0500 UTC;;;;;;;;;;;;;;;;;;
2026/02/24;0600 UTC;;;;;;;;;;;;;;;;;;
2026/02/24;0700 UTC;;;;;;;;;;;;;;;;;;
2026/02/24;0800 UTC;;;;;;;;;;;;;;;;;;
2026/02/24;0900 UTC;;;;;;;;;;;;;;;;;;
2026/02/24;1000 UTC;;;;;;;;;;;;;;;;;;
2026/02/24;1100 UTC;;;;;;;;;;;;;;;;;;
2026/02/24;1200 UTC;;;;;;;;;;;;;;;;;;
2026/02/24;1300 UTC;;;;;;;;;;;;;;;;;;
2026/02/24;1400 UTC;;;;;;;;;;;;;;;;;;
2026/02/24;1500 UTC;;;;;;;;;;;;;;;;;;
2026/02/24;1600 UTC;;;;;;;;;;;;;;;;;;
2026/02/24;1700 UTC;;;;;;;;;;;;;;;;;;
2026/02/24;1800 UTC;;;;;;;;;;;;;;;;;;
2026/02/24;1900 UTC;;;;;;;;;;;;;;;;;;
2026/02/24;2000 UTC;;;;;;;;;;;;;;;;;;
2026/02/24;2100 UTC;;;;;;;;;;;;;;;;;;
2026/02/24;2200 UTC;;;;;;;;;;;;;;;;;;
2026/02/24;2300 UTC;;;;;;;;;;;;;;;;;;
2026/02/25;0000 UTC;;;;;;;;;;;;;;;;;;
2026/02/25;0100 UTC;;;;;;;;;;;;;;;;;;
2026/02/25;0200 UTC;;;;;;;;;;;;;;;;;;
2026/02/25;0300 UTC;;;;;;;;;;;;;;;;;;
2026/02/25;0400 UTC;;;;;;;;;;;;;;;;;;
2026/02/25;0500 UTC;;;;;;;;;;;;;;;;;;
2026/02/25;0600 UTC;;;;;;;;;;;;;;;;;;
2026/02/25;0700 UTC;;;;;;;;;;;;;;;;;;
2026/02/25;0800 UTC;;;;;;;;;;;;;;;;;;
2026/02/25;0900 UTC;;;;;;;;;;;;;;;;;;
2026/02/25;1000 UTC;;;;;;;;;;;;;;;;;;
2026/02/25;1100 UTC;;;;;;;;;;;;;;;;;;
2026/02/25;1200 UTC;;;;;;;;;;;;;;;;;;
2026/02/25;1300 UTC;;;;;;;;;;;;;;;;;;
2026/02/25;1400 UTC;;;;;;;;;;;;;;;;;;
2026/02/25;1500 UTC;;;;;;;;;;;;;;;;;;
2026/02/25;1600 UTC;;;;;;;;;;;;;;;;;;
2026/02/25;1700 UTC;;;;;;;;;;;;;;;;;;
2026/02/25;1800 UTC;;;;;;;;;;;;;;;;;;
2026/02/25;1900 UTC;;;;;;;;;;;;;;;;;;
2026/02/25;2000 UTC;;;;;;;;;;;;;;;;;;
2026/02/25;2100 UTC;;;;;;;;;;;;;;;;;;
2026/02/25;2200 UTC;;;;;;;;;;;;;;;;;;
2026/02/25;2300 UTC;;;;;;;;;;;;;;;;;;
2026/02/26;0000 UTC;;;;;;;;;;;;;;;;;;
2026/02/26;0100 UTC;;;;;;;;;;;;;;;;;;
2026/02/26;0200 UTC;;;;;;;;;;;;;;;;;;
2026/02/26;0300 UTC;;;;;;;;;;;;;;;;;;
2026/02/26;0400 UTC;;;;;;;;;;;;;;;;;;
2026/02/26;0500 UTC;;;;;;;;;;;;;;;;;;
2026/02/26;0600 UTC;;;;;;;;;;;;;;;;;;
2026/02/26;0700 UTC;;;;;;;;;;;;;;;;;;
2026/02/26;0800 UTC;;;;;;;;;;;;;;;;;;
2026/02/26;0900 UTC;;;;;;;;;;;;;;;;;;
2026/02/26;1000 UTC;;;;;;;;;;;;;;;;;;
2026/02/26;1100 UTC;;;;;;;;;;;;;;;;;;
2026/02/26;1200 UTC;;;;;;;;;;;;;;;;;;
2026/02/26;1300 UTC;;;;;;;;;;;;;;;;;;
2026/02/26;1400 UTC;0;978,1;978,2;978;3105,4;22,6;15,1;23,3;21,7;16;14,6;67;57;63;186;5,4;2,1;
2026/02/26;1500 UTC;0;977,8;978;977,5;3631,9;23,8;15,2;24,5;23,3;16,2;14,4;62;53;57;181;5,7;1,9;
2026/02/26;1600 UTC;0;977,2;977,5;976,8;3080,5;24,5;15,7;25,3;23,6;16,5;15;61;52;56;146;5,3;2;
2026/02/26;1700 UTC;0;976,6;976,9;976,4;3573,9;25,9;16;27;24,1;17,1;15,2;58;44;50;183;5;1,7;
2026/02/26;1800 UTC;;;;;;;;;;;;;;;;;;
2026/02/26;1900 UTC;;;;;;;;;;;;;;;;;;
2026/02/26;2000 UTC;0;975,1;975,1;975;1810,6;25,5;15,7;26;25,1;16,1;15,2;54;48;51;173;4,9;2,2;
2026/02/26;2100 UTC;0;975,3;975,4;975,1;1108,3;24,3;15,2;25,4;23,4;16;14,9;60;50;55;177;4,4;1,6;
2026/02/26;2200 UTC;0;975,5;975,7;975,4;187,1;22,3;15;23,3;20,8;15,4;14,8;72;59;64;149;2;,8;
2026/02/26;2300 UTC;0;975,9;976;975,8;,8;19,4;14,3;20,8;18,1;15,2;13,7;81;71;75;136;1,8;,8;
2026/02/27;0000 UTC;0;976,2;976,4;976;0;17,3;13,7;18,1;16,9;14,5;13,2;87;78;82;125;1,8;,9;
2026/02/27;0100 UTC;0;976,7;976,9;976,4;0;16,5;13,6;16,8;16;13,9;13,3;89;83;85;130;1,2;,7;
2026/02/27;0200 UTC;0;977;977,1;976,9;0;15,8;13,6;16;15,4;13,9;13,5;91;88;89;155;,6;,2;
2026/02/27;0300 UTC;0;977,3;977,5;977,1;0;14,8;13,5;15,4;14,3;13,7;13,3;95;91;93;153;1;,5;
2026/02/27;0400 UTC;0;977,3;977,4;976,9;0;13,9;13,3;14,3;13,7;13,4;13,1;98;95;97;139;1,4;,5;
2026/02/27;0500 UTC;0;976,8;977;976,5;0;14;13,5;14,2;13,7;13,7;13,2;99;97;98;164;2,2;,9;
2026/02/27;0600 UTC;0;976,3;976,4;976,1;0;14,2;13,7;14,3;14,1;13,9;13,6;98;97;97;173;3;1,1;
2026/02/27;0700 UTC;0;976,1;976,3;976;0;13,9;13,5;14,2;13,6;13,7;13,3;99;97;98;248;,8;,3;
2026/02/27;0800 UTC;0;976,3;976,4;976,2;0;13,5;13,3;13,6;13,4;13,5;13,2;100;99;99;199;1,3;,3;
2026/02/27;0900 UTC;0;976,8;977;976,3;0;13,5;13,3;13,6;13,2;13,6;13;100;99;99;257;1,2;,3;
2026/02/27;1000 UTC;0;976,9;977,3;976,8;30,3;13,7;13,4;14,1;13,5;14;13,2;100;98;99;183;2,4;,7;
2026/02/27;1100 UTC;;;;;;;;;;;;;;;;;;
2026/02/27;1200 UTC;0;979;979,2;978,7;1498,3;19;14,9;20;17,6;15,5;14,3;86;75;79;152;4,1;2;
2026/02/27;1300 UTC;0;979,1;979,2;979;2401,5;21;15,4;22,1;20,1;16,2;14,7;77;67;72;139;5,8;2,2;
2026/02/27;1400 UTC;0;978,7;979;978,6;3116,7;22,9;15,8;24,2;22;16,8;15,2;69;60;65;134;4,7;2;
2026/02/27;1500 UTC;0;978,1;978,6;977,8;3543,3;24,8;16,2;25,6;24,2;17,4;15,3;65;50;57;149;5;1,9;
2026/02/27;1600 UTC;0;977,5;977,7;977,2;3785,1;25,8;15,5;26,5;25,1;16,9;14,3;56;44;49;126;5,2;2,2;
2026/02/27;1700 UTC;0;976,9;977,3;976,6;3686,2;26,6;16;27,1;25,9;16,6;15,3;50;43;47;138;5,3;2,5;
2026/02/27;1800 UTC;;;;;;;;;;;;;;;;;;
2026/02/27;1900 UTC;;;;;;;;;;;;;;;;;;
2026/02/27;2000 UTC;0;975,5;975,6;975,4;1922,5;27,8;16,9;28,1;27,4;17,7;16,1;48;43;45;131;3,9;1,5;
2026/02/27;2100 UTC;0;975,6;975,8;975,5;1057,3;26,9;16,3;28,1;26;17,1;15,9;52;42;47;175;3,4;1,7;
2026/02/27;2200 UTC;0;976;976,2;975,8;200,9;24,8;16,9;26;23,2;17,4;16,2;70;51;61;177;3,7;1,1;
2026/02/27;2300 UTC;0;976,6;976,8;976,2;,3;21,8;16,9;23,2;20,6;17,3;16,4;79;70;75;157;2,5;,8;
2026/02/28;0000 UTC;0;977;977,2;976,8;0;19,5;15,7;20,6;18,8;16,6;15,1;83;79;81;158;3,6;,9;
2026/02/28;0100 UTC;0;977,4;977,7;977,2;0;18,2;15;18,7;17,8;15,5;14,7;87;82;84;159;1,9;,6;
2026/02/28;0200 UTC;0;977,7;977,8;977,5;0;17,6;15;17,8;17,4;15,3;14,7;89;85;87;129;1,6;,6;
2026/02/28;0300 UTC;0;977,5;977,6;977,4;0;18,1;15,5;18,4;17,5;15,6;15,3;89;86;87;136;5,4;2,7;
2026/02/28;0400 UTC;0;977,2;977,4;977;0;17,8;15,6;18,4;17,3;15,7;15,5;91;86;89;119;2,6;,8;
2026/02/28;0500 UTC;0;976,7;977;976,5;0;17;15,5;17,4;16,7;15,6;15,3;94;91;92;235;1,8;1;
2026/02/28;0600 UTC;0;976,5;976,7;976,3;0;16,5;15,3;16,9;16;15,6;15;96;92;94;218;,7;,3;
2026/02/28;0700 UTC;0;976,3;976,4;976,1;0;15,7;15;16;15,4;15,3;14,7;97;95;97;160;,8;,4;
2026/02/28;0800 UTC;0;976,3;976,5;976,2;0;15,3;14,8;15,4;15,1;15,1;14,7;99;96;97;147;,8;,5;
2026/02/28;0900 UTC;0;976,6;976,9;976,4;0;15,1;14,9;15,2;15;15;14,6;100;98;99;166;,6;,3;
2026/02/28;1000 UTC;;;;;;;;;;;;;;;;;;
2026/02/28;1100 UTC;0;977,6;977,8;977,4;645,3;17,2;15,5;19,2;14,9;16,1;14,7;99;83;91;150;2,3;1,2;
2026/02/28;1200 UTC;0;977,9;978;977,7;1499,7;20,7;16,6;21,8;19,1;17,1;16;85;75;80;145;4;1,8;
2026/02/28;1300 UTC;0;978,1;978,2;978;2260,4;22,9;17,3;24;21,8;18;16,7;77;68;72;123;3,7;1,7;
2026/02/28;1400 UTC;0;978,2;978,3;978;2537,3;24,3;17,9;24,9;23,8;18,6;17,4;71;66;68;165;3,2;1,2;
2026/02/28;1500 UTC;0;977,8;978;977,5;3068,6;26,1;18,8;27,8;24,4;19,7;18;73;57;64;159;3,4;1,1;
2026/02/28;1600 UTC;0;977,2;977,5;977,1;3686,6;27,4;19;28;26,6;19,8;18,2;61;53;58;138;4,1;1,6;
2026/02/28;1700 UTC;0;976,9;977,1;976,6;3497,8;28,8;19,3;29,8;27,4;20,4;18,5;59;49;52;191;4,3;1,2;
2026/02/28;1800 UTC;;;;;;;;;;;;;;;;;;
2026/02/28;1900 UTC;0;975,8;976;975,6;2665,1;30,2;19,4;30,6;29,8;20;18,5;50;42;46;203;4,4;1,7;
2026/02/28;2000 UTC;;;;;;;;;;;;;;;;;;
2026/02/28;2100 UTC;0;976,1;976,3;975,8;898,8;27,4;19,9;28,8;26,6;20,4;19,3;67;57;62;172;5,2;1,8;
2026/02/28;2200 UTC;0;976,4;976,6;976,3;211,7;25,1;18,9;26,6;23,6;19,6;18,5;75;63;69;160;3,3;1,3;
2026/02/28;2300 UTC;0;976,8;977;976,6;,5;22,3;18,3;23,6;21,2;18,7;18,1;85;75;80;151;1,8;,7;
2026/03/01;0000 UTC;0;977,2;977,5;977;0;20,5;17,9;21,2;20,1;18,2;17,5;89;85;87;143;2,4;,8;
2026/03/01;0100 UTC;0;977,9;978,1;977,6;0;19,9;17,2;20,1;19,8;17,6;16,8;88;84;86;159;2,3;,7;
2026/03/01;0200 UTC;0;978,1;978,3;978;0;19,6;16,6;19,9;19,5;17;16,2;87;83;85;214;2,5;1;
2026/03/01;0300 UTC;0;978,2;978,3;978,1;0;19,5;16;19,8;19,1;16,3;15,9;84;81;83;193;2,5;,9;
2026/03/01;0400 UTC;0;978,2;978,3;978;0;18,9;15,9;19,3;18,4;16,2;15,7;88;82;85;228;2,1;1;
2026/03/01;0500 UTC;0;977,9;978;977,7;0;17,8;16,1;18,4;17,4;16,3;15,9;94;88;91;280;1;,7;
2026/03/01;0600 UTC;0;977,6;977,7;977,5;0;17,1;16,1;17,4;16,9;16,1;16;96;93;95;238;1,6;1;
2026/03/01;0700 UTC;0;977,6;977,7;977,5;0;16,9;15,8;17;16,6;16,1;15,6;95;94;95;226;1,3;,6;
2026/03/01;0800 UTC;0;977,6;977,7;977,4;0;16,3;15,6;16,6;16;15,8;15,4;98;95;97;197;1,1;,5;
2026/03/01;0900 UTC;0;977,6;977,7;977,5;0;15,8;15,3;16,1;15,4;15,6;14,9;98;97;98;146;,9;,3;
2026/03/01;1000 UTC;;;;;;;;;;;;;;;;;;
2026/03/01;1100 UTC;0;978,6;978,8;978,3;619,6;18,1;15,8;19,8;15,7;16,6;15,5;99;82;89;208;2,3;,7;
2026/03/01;1200 UTC;0;978,9;978,9;978,8;1480,5;20,8;16,5;22;19,7;17,2;16;83;73;78;138;3,7;1,8;
2026/03/01;1300 UTC;0;978,9;978,9;978,8;2363,8;23,1;17,2;24,4;22;18,1;16,6;76;66;71;159;4,7;2,1;
2026/03/01;1400 UTC;0;978,5;978,8;978,3;3018,2;25;18,2;25,8;24,1;19;17,6;69;63;66;126;4,1;2,3;
2026/03/01;1500 UTC;0;978,1;978,3;977,8;3093,9;26,5;19,1;28,4;25,8;20,6;18,3;66;60;63;153;3,8;1,6;
2026/03/01;1600 UTC;0;977,6;977,9;977,5;2807,4;27,7;19,7;28,4;26,5;20,3;18,9;65;56;60;165;4;1,9;
2026/03/01;1700 UTC;0;977,2;977,5;976,9;3118,9;28,4;19,9;29,2;27,2;21;19;62;53;57;154;4,8;2;
2026/03/01;1800 UTC;;;;;;;;;;;;;;;;;;
2026/03/01;1900 UTC;;;;;;;;;;;;;;;;;;
2026/03/01;2000 UTC;0;975,4;975,5;975,2;1837,3;28,9;19,7;29,3;28,3;20,3;19,1;57;51;54;168;6;2,7;
2026/03/01;2100 UTC;0;975,2;975,3;975,2;979,7;27,4;19,2;28,4;26,6;19,9;18,7;62;54;59;164;6;2,4;
2026/03/01;2200 UTC;0;975,3;975,4;975,3;193,3;25,2;18,5;26,6;23,9;19;17,8;70;62;67;158;4,5;1,7;
2026/03/01;2300 UTC;0;975,5;975,6;975,3;,5;22,7;17,6;23,8;22,1;18;17,3;78;70;74;184;2,9;1,1;
2026/03/02;0000 UTC;0;975,8;975,9;975,6;0;21,6;17;22,1;21,1;17,5;16,7;79;76;77;186;4,5;1,2;
2026/03/02;0100 UTC;0;976,2;976,3;975,9;0;20,8;16,5;21,1;20,5;16,9;16,3;80;77;78;224;2,6;1,1;
2026/03/02;0200 UTC;0;976,4;976,5;976,2;0;20,1;16,2;20,5;19,9;16,4;15,9;82;79;80;164;5,3;1,4;
2026/03/02;0300 UTC;0;976,5;976,6;976,3;0;19,8;15,8;20,1;19,2;16;15,6;82;79;80;139;2,2;1,1;
2026/03/02;0400 UTC;0;976,1;976,3;976;0;18,2;15,7;19,2;17,5;15,9;15,5;90;82;87;171;,9;,3;
2026/03/02;0500 UTC;0;976;976,1;975,8;0;17,1;15,4;17,5;16,8;15,6;15,3;94;90;92;172;,8;,5;
2026/03/02;0600 UTC;0;975,8;975,9;975,7;0;16,6;15,5;16,8;16,3;15,7;15,3;95;93;94;137;1,4;,8;
2026/03/02;0700 UTC;0;975,5;975,7;975,4;0;16,2;15,2;16,3;16,2;15,3;15,1;95;95;95;133;2,2;1,3;
2026/03/02;0800 UTC;0;975,4;975,5;975,3;0;16,3;15,2;16,4;16,2;15,3;15,1;95;95;95;138;2,6;1,2;
2026/03/02;0900 UTC;0;975,6;975,8;975,4;0;16,2;15,2;16,4;16,1;15,4;15,2;96;95;95;143;1,2;,6;
2026/03/02;1000 UTC;;;;;;;;;;;;;;;;;;
2026/03/02;1100 UTC;0;976,5;976,6;976,4;589,8;18,6;15,9;20,1;16,4;16,7;15,5;96;82;87;150;2,4;1,1;
2026/03/02;1200 UTC;0;976,7;976,8;976,6;1440,9;22,4;17,4;24,1;20,1;18,2;16,8;83;70;75;68;3,8;1,9;
2026/03/02;1300 UTC;0;976,9;976,9;976,8;2340,4;25,2;18,2;26,2;24;19;17,6;69;61;65;79;6,4;3,4;
2026/03/02;1400 UTC;0;976,8;976,9;976,7;2924,3;26,4;18,7;27,2;25,7;19,3;18,2;65;60;61;81;6,5;3,1;
2026/03/02;1500 UTC;0;976,5;976,7;976,1;3363,3;27,8;19,5;28,8;26,9;20,3;18,9;62;56;59;81;6,4;3,1;
2026/03/02;1600 UTC;0;975,8;976,1;975,4;3560,8;29;20,2;29,7;28,5;20,9;19,6;59;53;56;102;4,5;2,1;
2026/03/02;1700 UTC;0;974,9;975,4;974,6;3466,6;30,1;20,7;30,9;29,5;21,3;20,1;58;49;53;76;4,3;2,4;
2026/03/02;1800 UTC;;;;;;;;;;;;;;;;;;
2026/03/02;1900 UTC;;;;;;;;;;;;;;;;;;
2026/03/02;2000 UTC;0;972,9;973,1;972,8;1820,6;32;20,5;32,4;31,7;21,5;19,7;48;38;42;109;2,6;1,1;
2026/03/02;2100 UTC;0;972,9;972,9;972,8;991,4;31,1;20,1;32,2;30,2;20,9;19,6;50;41;45;173;2,3;1,3;
2026/03/02;2200 UTC;0;973,1;973,4;972,9;198;28,9;20,6;30,2;26,6;21,3;20,2;68;50;58;121;5;2,6;
2026/03/02;2300 UTC;0;973,6;973,9;973,4;,6;25,1;19,9;26,5;24,2;20,2;19,6;77;68;74;118;2,9;1,7;
2026/03/03;0000 UTC;0;974,1;974,4;973,9;0;23,8;19,3;24,2;23,5;19,6;19,1;78;76;77;111;3,7;1,9;
2026/03/03;0100 UTC;0;974,7;974,9;974,4;0;23;19,1;23,5;22,7;19,2;19;82;78;81;122;3,5;1,8;
2026/03/03;0200 UTC;0;974,8;974,9;974,8;0;22,2;18,8;22,7;21,8;19;18,6;84;81;83;175;1,2;,4;
2026/03/03;0300 UTC;0;975;975,2;974,8;0;21,9;18,6;22,1;21,6;18,8;18,4;85;82;84;167;1,5;,3;
2026/03/03;0400 UTC;0;975,2;975,4;975,1;0;21,2;18,3;21,6;20,6;18,6;18,2;89;84;86;84;1,2;,7;
2026/03/03;0500 UTC;0;975,1;975,3;975;0;20,2;18,3;20,6;19,8;18,4;18,1;91;88;90;133;2,1;1,2;
2026/03/03;0600 UTC;0;975,2;975,2;975,1;0;20,4;17,9;21,6;19,9;18,2;17,4;92;79;88;86;3,3;2;
2026/03/03;0700 UTC;0;975,3;975,5;975,2;0;21,6;17,3;21,7;21,4;17,5;17,2;79;78;79;70;4,1;1,5;
2026/03/03;0800 UTC;0;975,7;975,8;975,5;0;20,8;17,2;21,4;19,7;17,4;17,1;88;79;82;161;2,4;,7;
2026/03/03;0900 UTC;0;975,8;976,1;975,7;0;20;17;20,6;19,2;17,2;16,9;89;82;85;72;3;1,6;
2026/03/03;1000 UTC;;;;;;;;;;;;;;;;;;
2026/03/03;1100 UTC;0;976,8;976,9;976,7;555,4;22,1;17,4;23,2;20,6;17,7;17;83;72;77;55;6,6;3,2;
2026/03/03;1200 UTC;0;976,9;977;976,8;1419,9;24;18;25;23,1;18,3;17,6;73;65;70;51;6,8;3,2;
2026/03/03;1300 UTC;0;977,4;977,7;977;2287,1;25,9;18,5;26,5;25;19,1;18;66;60;63;86;6,1;2,8;
2026/03/03;1400 UTC;0;977,7;977,9;977,5;2791,6;27,2;19,5;27,9;26,3;20,3;18,8;64;59;61;56;5,1;2,6;
2026/03/03;1500 UTC;0;977,2;977,6;976,5;3107,4;28,7;20,6;29,9;27,6;21,4;19,9;63;55;59;56;4,5;2;
2026/03/03;1600 UTC;0;976,2;976,5;976;3494,8;30,3;21,5;31,1;29,6;22,3;20,9;59;53;56;72;3,8;2,1;
2026/03/03;1700 UTC;0;975,7;976;975,5;2928,5;32,1;22,5;33,9;30,9;23,7;21,8;56;46;52;151;3,4;1,1;
2026/03/03;1800 UTC;;;;;;;;;;;;;;;;;;
2026/03/03;1900 UTC;;;;;;;;;;;;;;;;;;
2026/03/03;2000 UTC;0;973,6;974,1;973,4;1147,7;33,4;23;35;31,6;24,1;22,2;56;43;48;223;4,3;1,5;
2026/03/03;2100 UTC;0;974,3;974,5;974,1;452,1;29,4;21,1;31,5;28,2;22,5;20,6;67;53;59;141;1,6;,8;
2026/03/03;2200 UTC;0;974,7;975,1;974,3;83,2;27,7;21,6;28,2;27;21,9;21,2;72;66;69;164;1,5;,7;
2026/03/03;2300 UTC;0;975,8;976,3;975,1;0;26,6;21;27;26;21,8;20,1;77;68;72;253;4;1,7;
2026/03/04;0000 UTC;0;976,6;977;976,2;0;25,7;20,5;26,3;25,3;20,9;20,3;77;71;74;232;2;,9;
2026/03/04;0100 UTC;0;976,5;976,9;975,9;0;24,5;20,5;25,2;23,9;20,9;20,1;82;76;80;99;2;1,3;
2026/03/04;0200 UTC;0;976,5;976,8;975,9;0;23,8;20,4;24,4;23,2;20,8;19,8;87;78;83;222;2,3;,8;
2026/03/04;0300 UTC;0;976,5;976,9;976,2;0;23;20,4;23,1;22,9;20,7;19,9;89;84;87;232;3,8;1;
2026/03/04;0400 UTC;0;976,7;976,8;976,5;0;22,1;20,2;22,9;21,7;20,3;19,8;93;85;90;120;1,3;,7;
2026/03/04;0500 UTC;0;976,7;976,8;976,6;0;21,4;20,1;21,8;21,2;20,2;20;94;91;93;242;1,5;,7;
2026/03/04;0600 UTC;0;976,4;976,7;976,3;0;20,8;19,7;21,4;20,5;20,2;19,4;95;94;94;159;1,2;,3;
2026/03/04;0700 UTC;0;976,5;976,7;976,4;0;20,4;19,6;20,6;19,8;19,9;19,1;97;95;96;144;1,6;,7;
2026/03/04;0800 UTC;0;976,5;976,5;976,4;0;19,9;19,5;20,1;19,8;19,7;19,2;98;97;98;228;,4;,1;
2026/03/04;0900 UTC;;;;;;;;;;;;;;;;;;
2026/03/04;1000 UTC;;;;;;;;;;;;;;;;;;
2026/03/04;1100 UTC;;;;;;;;;;;;;;;;;;
2026/03/04;1200 UTC;0;977,5;977,6;977,4;1361,1;25;19,7;26,1;23,7;20,3;19,3;79;69;74;69;6,5;2,6;
2026/03/04;1300 UTC;0;977,7;978;977,4;2204,1;27,1;20,4;28,3;26,1;21;20;71;62;66;147;5,6;2,5;
2026/03/04;1400 UTC;0;977,9;978,1;977,7;2809;28,7;21,2;29,4;27,7;22;20,5;66;60;63;61;4,2;2,4;
2026/03/04;1500 UTC;0;977,5;977,8;977,2;3199,3;30,3;22,4;31,5;29,2;23,5;21,6;65;57;60;90;3,3;1,5;
2026/03/04;1600 UTC;0;977;977,2;976,7;3343,6;32,3;23,4;33,3;31,2;24,3;22,6;59;50;55;119;4,1;2;
2026/03/04;1700 UTC;0;976,4;976,7;976,1;2585,9;33,5;23,3;35,5;32,3;24,3;22,7;56;40;49;315;6,4;3,3;
2026/03/04;1800 UTC;;;;;;;;;;;;;;;;;;
2026/03/04;1900 UTC;;;;;;;;;;;;;;;;;;
2026/03/04;2000 UTC;0;975,1;975,3;975;1243,7;33;23,8;34,1;29,8;24,6;21,5;60;49;54;166;4,3;2;
2026/03/04;2100 UTC;0;975,4;975,5;975,2;667,7;28,3;20,7;29,7;27,6;21,4;20,2;64;58;62;155;5,2;1,9;
2026/03/04;2200 UTC;0;975,6;975,8;975,5;150,7;27,3;21;27,6;26,8;21,5;20,5;72;65;69;58;1,4;,6;
2026/03/04;2300 UTC;0;976,3;976,7;975,8;0;25,8;20,7;26,8;24,9;21,2;20,1;78;70;75;92;4,8;1,8;
2026/03/05;0000 UTC;0;977,2;977,6;976,7;0;24,8;20,2;25,3;24,3;20,5;19,8;81;74;77;57;2,9;1,4;
2026/03/05;0100 UTC;0;978;978,4;977,4;0;24,6;20;25,2;24;20,5;19,4;81;71;77;197;3,1;1;
2026/03/05;0200 UTC;0;978,6;979;978,2;0;23,5;20;24;23,2;20,2;19,7;85;79;82;126;1,5;,8;
2026/03/05;0300 UTC;0;978,8;979,1;978,6;0;23,6;20,4;23,7;23,4;20,6;20;86;82;84;79;1,7;,9;
2026/03/05;0400 UTC;0;978;978,6;977,6;0;22,6;20,3;23,4;22;20,7;20;91;85;88;154;2,3;1,2;
2026/03/05;0500 UTC;0;977,7;977,9;977,3;0;22,1;20,1;22,3;21,8;20,3;20;92;88;90;92;1,9;,8;
2026/03/05;0600 UTC;0;977,3;977,4;977,2;0;21,8;20;22,3;21,6;20,2;19,9;93;89;91;218;1,4;,5;
2026/03/05;0700 UTC;0;977,2;977,4;977;0;21,3;20;21,6;21;20,2;19,9;95;93;94;86;1,2;,6;
2026/03/05;0800 UTC;0;977,1;977,3;977;0;20,9;19,8;21;20,7;20;19,6;95;94;95;140;,6;,3;
2026/03/05;0900 UTC;;;;;;;;;;;;;;;;;;
2026/03/05;1000 UTC;;;;;;;;;;;;;;;;;;
2026/03/05;1100 UTC;;;;;;;;;;;;;;;;;;
2026/03/05;1200 UTC;0;978,7;979,1;978,5;1317,4;24,7;20,6;25,7;23;21,3;19,8;85;74;80;160;3,2;1,5;
2026/03/05;1300 UTC;0;978,9;979;978,7;2208,8;26,5;20,9;27,3;25,6;21,4;20,5;76;69;72;57;4,4;2,3;
2026/03/05;1400 UTC;0;978,8;979;978,7;2838,2;27,9;21,4;28,7;27,2;21,9;21;72;64;68;160;4,8;1,6;
2026/03/05;1500 UTC;0;978,6;978,8;978,4;3258,8;29,4;21,9;30,2;28,6;22,5;21,2;67;58;62;57;4;2;
2026/03/05;1600 UTC;0;978,1;978,4;977,6;3380,7;30,8;21,8;31,4;30;22,6;20,7;61;48;55;103;3,2;1,4;
2026/03/05;1700 UTC;0;977,3;977,7;976,9;3288,1;31,9;21,8;32,9;31;22,8;20,9;55;43;50;95;3,6;1,9;
2026/03/05;1800 UTC;;;;;;;;;;;;;;;;;;
2026/03/05;1900 UTC;0;976;976,2;975,6;1427,2;32,7;22,8;33,5;31,5;23,6;22;57;45;51;214;3,2;1,1;
2026/03/05;2000 UTC;0;976;976,2;975,7;1287,8;31,8;23,3;32,6;31,1;23,9;22,5;60;55;57;198;3,2;1,2;
2026/03/05;2100 UTC;0;976;976,4;975,7;542,7;30,8;22,9;32,5;28,3;23,6;22,4;71;53;61;113;5,4;3;
2026/03/05;2200 UTC;0;976,6;977,3;976,2;66,8;26,7;22,2;28,2;25,1;22,9;21,8;89;68;77;107;4,5;1,9;
2026/03/05;2300 UTC;,2;977,7;978;977,3;,1;25;22,5;25,2;24,7;22,8;22,2;90;85;87;126;3,9;1,6;
2026/03/06;0000 UTC;0;978;978,1;977,8;0;23,7;22,2;24,8;23,3;22,5;21,7;95;87;92;116;1,3;,7;
2026/03/06;0100 UTC;0;978,5;978,7;978,1;0;23,2;22,1;23,4;22,9;22,2;21,9;96;93;94;89;1,3;,8;
2026/03/06;0200 UTC;0;978,9;979;978,7;0;23,2;21,8;23,5;22,8;22,1;21,5;96;91;93;158;1,9;,9;
2026/03/06;0300 UTC;0;979,1;979,2;978,8;0;22,4;20,9;22,9;22;21,5;20,1;94;90;93;173;2,1;1;
2026/03/06;0400 UTC;0;979,1;979,3;978,8;0;21,5;19,7;22;20,9;20,1;19,4;93;89;91;154;2;,7;
2026/03/06;0500 UTC;0;978,5;978,8;978,1;0;20,8;19,4;20,9;20,6;19,6;19,3;94;92;93;179;2,5;,9;
2026/03/06;0600 UTC;0;978;978,1;977,8;0;20,6;19,3;20,8;20,4;19,5;19,1;94;92;93;174;1;,3;
2026/03/06;0700 UTC;0;977,9;978;977,9;0;20,2;19,2;20,5;20;19,4;19,1;96;93;95;187;1,4;,6;
2026/03/06;0800 UTC;0;977,9;978;977,8;0;19,7;18,9;20;19,5;19,1;18,8;97;95;96;238;1,5;,6;
2026/03/06;0900 UTC;;;;;;;;;;;;;;;;;;
2026/03/06;1000 UTC;0;978,2;978,3;978;29,7;19,2;18,5;19,4;19;18,7;18,4;97;96;96;126;1,8;1;
2026/03/06;1100 UTC;;;;;;;;;;;;;;;;;;
2026/03/06;1200 UTC;0;978,8;979;978,5;1299,2;23,3;19,7;25,1;22,4;20,5;19;85;75;82;169;2,3;1;
2026/03/06;1300 UTC;0;978,8;979;978,7;2103,2;25,6;20,5;26,4;24,7;21,3;19,8;78;71;74;234;3,4;1,7;
2026/03/06;1400 UTC;,2;978,5;978,8;978,2;2566,4;27,2;21,2;28,5;26,1;22,4;20,4;74;66;70;188;3,1;1,4;
2026/03/06;1500 UTC;0;977,6;978,2;977,1;3217,1;29,2;22,4;30;28,1;23,1;21,5;70;63;66;112;4,5;1,9;
2026/03/06;1600 UTC;0;976,9;977,2;976,6;3459,4;31;22,9;31,9;29,9;23,6;22,2;65;54;60;128;3,5;1,4;
2026/03/06;1700 UTC;0;976,2;976,6;975,7;3320,7;32,3;22,8;32,8;31,7;23,5;22,4;56;49;53;84;4,2;1,6;
2026/03/06;1800 UTC;;;;;;;;;;;;;;;;;;
2026/03/06;1900 UTC;;;;;;;;;;;;;;;;;;
2026/03/06;2000 UTC;0;973,2;973,3;972,9;1510,5;33,9;21,7;34,4;33,2;22,6;20,8;43;36;39;103;1,9;,9;
2026/03/06;2100 UTC;0;973,4;974,1;972,9;353,9;31,8;22,1;33,1;29,7;23,6;20,7;69;38;51;175;4;1,9;
2026/03/06;2200 UTC;17,6;974,8;975,6;974,1;24,2;25,5;21,3;29,7;20,7;23,8;19,2;98;60;79;149;6,9;3,2;
2026/03/06;2300 UTC;2;976,4;977,1;975,7;0;20,7;20,3;21;20,4;20,8;19,7;99;96;98;88;4,8;2,7;
2026/03/07;0000 UTC;,2;976,5;976,8;976,2;0;20,3;20;20,6;20,2;20,2;19,6;100;95;98;161;2,4;1,3;
2026/03/07;0100 UTC;0;976,9;977,3;976,3;0;20,3;20,3;20,4;20,3;20,3;20,2;100;99;100;189;2,6;1;
2026/03/07;0200 UTC;0;977;977,3;976,7;0;20,3;20,2;20,3;20,2;20,3;20,1;100;99;100;99;1,8;,9;
2026/03/07;0300 UTC;3,8;978,1;978,8;977;0;20,6;20,5;20,8;20,3;20,7;20,1;100;98;99;274;3,5;1,5;
2026/03/07;0400 UTC;4,6;978,1;978,8;976,6;0;20,6;20,6;20,7;20,5;20,7;20,5;100;100;100;72;4,8;2,2;
2026/03/07;0500 UTC;,2;976,2;976,5;976,1;0;20,5;20,5;20,6;20,3;20,6;20,2;100;100;100;130;2,4;,8;
2026/03/07;0600 UTC;,2;975,8;976,1;975,6;0;20,1;20;20,3;20;20,2;19,9;100;99;100;121;1,3;,5;
2026/03/07;0700 UTC;0;975;975,6;974,7;0;20;20;20;19,9;20;19,9;100;100;100;202;1,5;,8;
2026/03/07;0800 UTC;0;975,1;975,2;974,9;0;20;20;20;20;20,1;20;100;100;100;167;,8;,5;
2026/03/07;0900 UTC;0;975;975,2;974,9;0;20,1;20,1;20,1;20;20,2;20;100;100;100;81;,8;,5;
2026/03/07;1000 UTC;;;;;;;;;;;;;;;;;;
2026/03/07;1100 UTC;0;975,1;975,2;975;352,9;20,2;20,2;20,6;19,7;20,6;19,8;100;100;100;162;1,6;,9;
2026/03/07;1200 UTC;0;975,2;975,4;975,1;818,1;21,3;21,2;22,2;20,5;21,8;20,6;100;98;99;241;1,6;,7;
2026/03/07;1300 UTC;0;975,4;975,6;975,4;1553,5;23,9;21,8;24,5;22,3;22,8;20,8;98;85;90;220;2,2;1;
2026/03/07;1400 UTC;0;975,5;975,6;975,4;1797,7;25,3;22,3;26;24,3;23,2;21,4;91;80;85;227;3,6;1,5;
2026/03/07;1500 UTC;0;975,4;975,6;975,2;1725,1;25,8;22,4;26,8;25;23,3;21,6;89;75;83;224;3,5;1,6;
2026/03/07;1600 UTC;0;975;975,3;974,6;2321,6;27,6;22,6;29,7;26,3;23,3;21,7;82;68;75;241;5,2;2;
2026/03/07;1700 UTC;0;974,6;974,9;974,3;1704,1;27,2;22,5;28,8;26,3;23,4;21,5;81;71;77;242;4,1;2;
2026/03/07;1800 UTC;;;;;;;;;;;;;;;;;;
2026/03/07;1900 UTC;0;973,4;973,6;973,1;2002,8;29,5;22,3;30,3;29;23,3;21,7;70;58;64;246;5,6;2,9;
2026/03/07;2000 UTC;0;973,3;973,5;973,1;1421,5;29;21,8;30;28,4;22,6;21,2;67;60;64;241;5;2,1;
2026/03/07;2100 UTC;0;973,7;974;973,4;582,9;27,9;21;29,4;26,7;21,8;20,6;71;58;66;246;4;1,7;
2026/03/07;2200 UTC;0;974;974,3;974;114,4;25,9;20,8;26,7;25;21,6;20,2;78;70;75;223;2,4;,8;
2026/03/07;2300 UTC;0;974,7;975,2;974,3;0;24,1;20;25;23,2;20,7;19,8;86;76;80;177;2;,9;
2026/03/08;0000 UTC;0;975,5;975,8;975,2;0;22,9;20,6;23,3;22,4;20,9;20,2;92;85;89;183;2,4;,9;
2026/03/08;0100 UTC;0;976;976,2;975,8;0;22,2;20;22,4;21,7;20,5;19,6;91;87;89;169;2,4;,8;
2026/03/08;0200 UTC;0;976,4;976,5;976,2;0;21,1;19,4;21,6;20,7;19,7;19,1;93;90;92;172;3,6;1,7;
2026/03/08;0300 UTC;0;976,6;976,8;976,5;0;20,4;18,8;20,8;20,1;19,2;18,5;93;91;92;175;2,1;,8;
2026/03/08;0400 UTC;0;977;977;976,8;0;19,6;18,6;20,1;19,3;18,7;18,4;96;93;95;198;1;,4;
2026/03/08;0500 UTC;0;977;977,1;976,9;0;19,2;18,4;19,3;19;18,5;18,3;97;95;96;182;1,4;,6;
2026/03/08;0600 UTC;0;976,7;977;976,5;0;19;18,2;19,4;18,6;18,5;18;97;94;96;117;1,1;,4;
2026/03/08;0700 UTC;0;976,5;976,7;976,4;0;18,4;18;18,6;18,2;18,1;17,8;99;97;98;156;,7;,3;
2026/03/08;0800 UTC;0;976,8;977;976,5;0;17,9;17,6;18,2;17,6;17,9;17,3;99;98;98;144;1,2;,5;
2026/03/08;0900 UTC;0;977,1;977,2;976,9;0;17,5;17,4;17,6;17,5;17,6;17,2;100;99;99;198;2;,6;
2026/03/08;1000 UTC;;;;;;;;;;;;;;;;;;
2026/03/08;1100 UTC;0;978,2;978,5;977,9;572,6;19,8;17,3;20,7;18,5;17,6;17,1;94;83;88;151;7;2;
2026/03/08;1200 UTC;0;978,7;979,1;978,5;1501,3;22;17,8;23,4;20,8;18,3;17,2;85;73;79;146;5,7;2,4;
2026/03/08;1300 UTC;0;979,3;979,4;979,1;2084,2;23,5;18,1;24,3;23,1;18,6;17,7;76;69;73;121;8,2;3,5;
2026/03/08;1400 UTC;0;979,5;979,6;979,4;2543,1;24,8;18,4;25,8;23,9;19,6;17,9;71;65;68;124;5,8;3,4;
2026/03/08;1500 UTC;0;979,4;979,6;979,2;2307,8;25,1;18,4;26,2;24,5;19;17,7;69;62;67;101;6,5;3,4;
2026/03/08;1600 UTC;0;978,8;979,2;978,3;2308,1;25,9;18,8;27,4;25,2;19,7;18,2;67;60;65;124;5,5;2,8;
2026/03/08;1700 UTC;0;978,1;978,3;977,8;2930,2;27,3;19,3;28;26,8;19,9;18,6;64;57;60;150;5,7;2,7;
2026/03/08;1800 UTC;;;;;;;;;;;;;;;;;;
2026/03/08;1900 UTC;0;976,8;977,1;976,6;1697,4;27,3;19,5;28,1;26,2;20,3;18,9;64;57;61;146;7,5;3,3;
2026/03/08;2000 UTC;0;976,6;976,8;976,6;1660,5;26,8;19,1;27,4;25,8;19,8;18,4;65;59;61;138;7,6;3,3;
2026/03/08;2100 UTC;0;976,8;976,8;976,6;519,4;25,1;18,5;26,5;23,9;19,1;18,1;73;61;67;151;5,2;1,8;
2026/03/08;2200 UTC;0;977,1;977,4;976,8;103,3;23,4;17,8;24;22,4;18,4;17,3;75;70;72;139;6,2;2,3;
2026/03/08;2300 UTC;0;977,7;978,1;977,4;0;21,6;17,4;22,4;21,3;17,7;17,2;81;76;79;152;6,3;2,3;
2026/03/09;0000 UTC;0;978,6;979;978,2;0;20,7;17,2;21,3;20,4;17,4;16,7;84;80;82;147;5,3;2,3;
2026/03/09;0100 UTC;0;979,6;980;979;0;20,2;16,4;20,3;20,1;16,8;16,2;82;80;81;170;5,3;2,1;
2026/03/09;0200 UTC;0;980,4;980,8;980;0;19,9;16,3;20,1;19,6;16,5;16,1;84;80;82;177;1,9;,8;
2026/03/09;0300 UTC;0;980,5;980,7;980,4;0;19,6;16,5;19,8;19,3;16,6;16,3;86;83;84;154;3,1;1,2;
2026/03/09;0400 UTC;0;980,2;980,4;980;0;19,4;16,6;19,5;19,3;16,7;16,4;87;85;86;149;3,9;1,7;
2026/03/09;0500 UTC;0;980,4;980,7;980,1;0;19,2;16,3;19,4;19,1;16,5;16,2;87;84;86;173;4,4;1,8;
2026/03/09;0600 UTC;0;980,6;980,8;980,2;0;19,4;16,3;19,5;19,1;16,5;16,1;86;83;85;170;4,6;2;
2026/03/09;0700 UTC;0;979,6;980,2;979;0;18,8;16,1;19,1;18,5;16,3;16;88;85;87;141;3,9;1,4;
2026/03/09;0800 UTC;0;979,3;980;978,6;0;18,7;16,1;18,8;18,5;16,4;15,9;88;86;87;164;3,6;1,3;
2026/03/09;0900 UTC;0;980;980,3;979,7;0;18,7;16,3;18,8;18,6;16,4;16,1;89;87;88;148;3,3;1,4;
2026/03/09;1000 UTC;;;;;;;;;;;;;;;;;;
2026/03/09;1100 UTC;0;980,7;980,9;980,4;222,8;18,7;16,4;19,4;18,4;16,8;16,1;90;86;88;132;3;1,2;
2026/03/09;1200 UTC;0;981,2;981,5;980,8;902,7;20,7;16,7;21,5;19,4;17;16,3;86;75;80;135;4,7;2,3;
2026/03/09;1300 UTC;0;981,8;982;981,6;1231;22;17,1;22,7;20,9;17,6;16,7;80;72;75;140;6,4;2,8;
2026/03/09;1400 UTC;0;982;982,1;981,8;1332,7;22,9;17,5;23,8;22,4;18,2;17;75;70;73;146;5,2;2,1;
2026/03/09;1500 UTC;0;981,8;981,9;981,5;2243,2;24,1;18,1;24,9;23,7;18,7;17,7;73;68;70;156;6,2;3;
2026/03/09;1600 UTC;0;981,5;981,6;981,3;2917,9;24,7;18,3;25,3;24,1;19;17,9;71;65;68;157;6,8;2,6;
2026/03/09;1700 UTC;0;981,2;981,4;980,9;2923,1;25,6;18,8;26,3;24,8;19,4;18,2;70;63;66;170;7,5;3,2;
2026/03/09;1800 UTC;;;;;;;;;;;;;;;;;;
2026/03/09;1900 UTC;;;;;;;;;;;;;;;;;;
2026/03/09;2000 UTC;0;979,8;979,9;979,6;1538,8;24,4;18,2;25,4;23;19;17,5;73;65;69;175;7,6;3,9;
2026/03/09;2100 UTC;0;980,1;980,5;979,8;671,4;22;17,2;23;20,8;17,7;16,7;80;72;76;160;6,8;2,9;
2026/03/09;2200 UTC;0;980,7;980,9;980,5;130,1;20,2;16,7;20,7;19,8;17,2;16,5;85;80;82;162;6,1;2,7;
2026/03/09;2300 UTC;0;980,9;981;980,8;0;19,5;16,6;19,8;19,3;16,8;16,5;87;84;86;167;6,4;2,6;
2026/03/10;0000 UTC;0;981,2;981,5;980,9;0;19,3;16,9;19,3;19,2;17,1;16,7;89;87;88;156;3,9;1,4;
2026/03/10;0100 UTC;0;981,4;981,5;981,3;0;19,3;17;19,3;19,2;17,2;16,9;90;88;89;175;2,9;1,2;
2026/03/10;0200 UTC;0;981,6;981,8;981,5;0;19,3;17,2;19,3;19,3;17,5;17,1;91;89;90;154;1,9;,7;
2026/03/10;0300 UTC;0;981,7;981,8;981,5;0;19,3;17,5;19,3;19,2;17,6;17,2;92;90;91;182;3,2;1,1;
2026/03/10;0400 UTC;0;981,4;981,6;981,1;0;19,2;17,5;19,3;19,1;17,6;17,4;92;91;92;168;3,1;1,5;
2026/03/10;0500 UTC;0;981;981,2;980,7;0;18,8;17,5;19,1;18,5;17,6;17,4;94;92;93;167;3,2;1,3;
2026/03/10;0600 UTC;0;980,7;980,8;980,6;0;18,2;17,4;18,5;18,1;17,4;17,3;97;94;96;148;2,6;,9;
2026/03/10;0700 UTC;0;980,5;980,6;980,4;0;18,1;17,4;18,2;18;17,5;17,3;97;96;96;179;2,6;1,2;
2026/03/10;0800 UTC;0;980,5;980,6;980,4;0;17,7;17,1;18;17,5;17,3;17;98;96;97;172;2,1;,8;
2026/03/10;0900 UTC;0;980,7;980,9;980,5;0;17,3;17;17,5;17,3;17,2;16,9;99;98;99;184;1,7;,8;
2026/03/10;1000 UTC;0;981,2;981,5;981;19,6;17,8;17,2;18;17,5;17,3;17,1;99;96;97;158;2,1;,9;
2026/03/10;1100 UTC;;;;;;;;;;;;;;;;;;
2026/03/10;1200 UTC;0;982,3;982,4;982;501,6;20,3;18,1;20,9;19,7;18,7;17,8;91;85;89;133;3,2;1,6;
2026/03/10;1300 UTC;0;982,3;982,5;982,2;1647,5;22,4;18,6;24,1;20,9;19,2;18,1;88;74;81;132;3,8;1,6;
2026/03/10;1400 UTC;0;982,1;982,2;982;2094,4;24,5;19,1;25,1;24,1;19,8;18,6;76;69;73;105;3,1;1,5;
2026/03/10;1500 UTC;0;981,8;982;981,4;1627;25,1;19,6;26,6;24,4;20,4;19;78;65;73;165;2,7;1,2;
2026/03/10;1600 UTC;0;981,1;981,3;980,8;2626,8;27,1;20,3;28,1;26,4;21,2;19,5;70;62;66;158;2,8;1;
2026/03/10;1700 UTC;0;980,4;980,8;980,1;2541,9;28,3;21;29,2;27,5;21,9;20,4;68;58;64;231;3;1,4;
2026/03/10;1800 UTC;;;;;;;;;;;;;;;;;;
2026/03/10;1900 UTC;;;;;;;;;;;;;;;;;;
2026/03/10;2000 UTC;0;978,7;978,9;978,5;1246,3;29,4;21,4;30;27,8;22,2;20,9;68;56;60;163;6,1;2,8;
2026/03/10;2100 UTC;0;978,8;979,1;978,6;487,8;26,6;21,1;27,7;25,6;21,5;20,5;74;68;73;166;6,5;3,4;
2026/03/10;2200 UTC;0;979,2;979,5;979;99,6;24,2;20,1;25,5;23,2;20,5;19,8;84;75;79;169;5,5;1,8;
2026/03/10;2300 UTC;0;979,6;979,7;979,5;0;22,4;19,7;23,1;21,7;19,8;19,6;89;83;86;165;2,1;,9;
2026/03/11;0000 UTC;0;979,9;980,1;979,6;0;21,3;19,5;21,7;21;19,7;19,4;92;89;91;169;2,4;1;
2026/03/11;0100 UTC;0;980,3;980,5;980,1;0;20,7;19,4;21;20,5;19,5;19,3;95;92;94;133;1,6;,5;
2026/03/11;0200 UTC;0;980,3;980,5;980,2;0;20,2;19,3;20,5;20,1;19,4;19,2;96;95;96;200;1,5;,6;
2026/03/11;0300 UTC;0;980,3;980,4;980,1;0;20,2;19,1;20,3;20,1;19,2;19;96;93;95;215;1,5;,4;
2026/03/11;0400 UTC;0;980;980,1;979,9;0;20,1;19;20,3;19,8;19,1;18,8;96;94;95;122;,6;,2;
2026/03/11;0500 UTC;0;979,8;980;979,7;0;19,5;18,8;19,8;19,3;19;18,6;97;95;96;193;,9;,3;
2026/03/11;0600 UTC;0;979,4;979,7;979,1;0;19,1;18,7;19,3;18,9;18,9;18,6;99;97;98;114;1,1;,3;
2026/03/11;0700 UTC;0;978,9;979,1;978,8;0;19;18,7;19;18,9;18,9;18,6;99;98;99;126;1,4;,9;
2026/03/11;0800 UTC;0;978,7;978,8;978,6;0;19;18,7;19,1;18,9;18,8;18,6;99;98;98;221;,7;,3;
2026/03/11;0900 UTC;0;978,7;978,8;978,6;0;19,3;18,6;20,3;18,8;19;18,4;99;91;97;93;2,5;1,3;
2026/03/11;1000 UTC;0;979,1;979,5;978,8;22,8;19,4;18,4;20,3;19;18,6;18,2;96;92;95;112;1,9;1;
2026/03/11;1100 UTC;0;979,7;979,9;979,5;430,1;21;18,6;22,3;19,4;19,2;18,2;95;81;88;127;2,2;,8;
2026/03/11;1200 UTC;0;980;980,2;979,8;686,5;22,7;18,4;23,2;22,3;19,2;18;84;76;79;72;4,2;2,3;
2026/03/11;1300 UTC;0;980,2;980,3;980,1;1552,3;24,4;18,7;25,2;23,3;19,3;18,3;77;68;72;67;6,7;2,9;
2026/03/11;1400 UTC;0;980,2;980,3;980;2656,2;26,3;19,3;27,4;24,6;20,2;18,6;71;60;65;104;5,5;2,8;
2026/03/11;1500 UTC;0;979,6;980;979,2;2741,2;27,6;20;28,2;27,3;20,8;19,6;66;59;62;77;4,2;1,8;
2026/03/11;1600 UTC;0;978,9;979,2;978,5;2811,4;28,5;20,7;28,9;27,7;21,4;20,1;65;59;61;160;3,9;1,7;
2026/03/11;1700 UTC;;;;;;;;;;;;;;;;;;
2026/03/11;1800 UTC;;;;;;;;;;;;;;;;;;
2026/03/11;1900 UTC;;;;;;;;;;;;;;;;;;
2026/03/11;2000 UTC;2,8;977,5;978,4;977;26,9;17,4;16,4;17,8;16,4;17,4;14,5;99;88;95;244;1,8;,8;
2026/03/11;2100 UTC;,2;977,4;977,7;976,8;17,8;17,7;17,4;18,1;17,4;17,9;17;100;96;99;151;1,8;,9;
2026/03/11;2200 UTC;,2;977,7;978;977,4;11,8;17,7;17,4;17,9;17,5;17,8;17,1;99;97;98;171;2,8;1,7;
2026/03/11;2300 UTC;,2;977,2;977,5;976,8;0;17,6;17,3;17,8;17,5;17,7;17;99;97;98;186;2;1;
2026/03/12;0000 UTC;0;977,7;978;977,3;0;17,7;17,6;17,8;17,6;17,7;17,3;100;99;99;175;1,9;1,1;
2026/03/12;0100 UTC;0;978,6;978,7;978,1;0;17,8;17,7;17,9;17,6;17,8;17,4;100;99;99;200;1;,5;
2026/03/12;0200 UTC;0;978,7;978,8;978,6;0;17,8;17,8;17,9;17,8;17,9;17,7;100;99;100;85;1,8;,7;
2026/03/12;0300 UTC;0;978,7;978,8;978,6;0;17,8;17,7;17,9;17,6;17,8;17,6;100;99;100;165;1,1;,5;
2026/03/12;0400 UTC;0;978,3;978,6;978,2;0;17,1;17,1;17,5;16,9;17,4;16,9;100;99;100;138;1,5;,8;
2026/03/12;0500 UTC;0;977,9;978,2;977,8;0;17,3;17,4;17,6;17,1;17,7;17,1;100;100;100;210;,7;,4;
2026/03/12;0600 UTC;0;977,6;977,8;977,5;0;17,5;17,5;17,6;17,3;17,7;17,3;100;100;100;250;,9;,7;
2026/03/12;0700 UTC;0;977,5;977,5;977,4;0;17,3;17,4;17,4;17,3;17,4;17,3;100;100;100;230;,8;,4;
2026/03/12;0800 UTC;0;977,5;977,6;977,4;0;17,3;17,3;17,4;17,2;17,4;17,2;100;100;100;293;,9;,5;
2026/03/12;0900 UTC;;;;;;;;;;;;;;;;;;
2026/03/12;1000 UTC;;;;;;;;;;;;;;;;;;
2026/03/12;1100 UTC;0;978,6;978,8;978,4;427,3;17,4;17,5;18,6;16,6;18,6;16,7;100;99;100;124;1;,3;
2026/03/12;1200 UTC;0;978,6;978,7;978,4;1538,2;20,4;19,3;22,4;18,7;20,2;18,6;100;86;95;126;3,2;1,1;
2026/03/12;1300 UTC;0;978,2;978,3;978,1;2246,9;23,6;19,9;24,8;22,6;20,5;19,3;88;76;81;67;4,1;1,7;
2026/03/12;1400 UTC;0;978;978,2;977,8;2868,9;25,4;20,2;26,2;24,8;21,4;19,5;80;70;74;90;3,4;1,4;
2026/03/12;1500 UTC;0;977,5;977,8;977,2;2373,2;26,8;21;27,6;26;21,9;20;75;66;71;242;2,7;1,3;
2026/03/12;1600 UTC;0;976,8;976,9;976,7;3642,7;29,2;22;29,5;29;22,6;21,6;67;61;64;229;3,8;1,8;
2026/03/12;1700 UTC;;;;;;;;;;;;;;;;;;
2026/03/12;1800 UTC;;;;;;;;;;;;;;;;;;
2026/03/12;1900 UTC;0;974,5;974,6;974,3;2298;29,5;21,8;30,2;29;22,3;21,3;63;59;62;198;6,4;2;
2026/03/12;2000 UTC;0;974,4;974,5;974,3;1721;28,5;21,1;29,3;28;21,9;20,7;66;61;63;210;6,2;2;
2026/03/12;2100 UTC;0;974,9;975,4;974,5;888,8;27,4;20,9;28,4;26,5;21,3;20,4;71;62;68;201;4,2;1,3;
2026/03/12;2200 UTC;0;975,4;975,6;975,3;98,6;25,5;20,6;26,5;24,5;21,1;20,2;80;70;75;215;2,6;,7;
2026/03/12;2300 UTC;0;976;976,2;975,6;0;23,2;20;24,5;22,2;20,5;19,3;87;79;84;145;1,5;,5;
2026/03/13;0000 UTC;0;976,4;976,6;976,1;0;21,7;19,4;22,2;21,2;19,8;19,2;91;86;88;137;1,6;,7;
2026/03/13;0100 UTC;0;977;977,3;976,7;0;21,3;19,5;21,6;21;19,7;19,3;93;90;91;154;3,1;1,3;
2026/03/13;0200 UTC;0;977,1;977,3;977;0;21,2;18,7;21,5;20,7;19,5;18,3;91;86;87;109;3,7;1,8;
2026/03/13;0300 UTC;0;977;977;976,8;0;20;18,3;20,7;19,3;18,4;18,2;95;88;92;184;1,1;,2;
2026/03/13;0400 UTC;0;976,9;977;976,6;0;19;18,2;19,3;18,9;18,4;18;97;95;96;258;1,2;,6;
2026/03/13;0500 UTC;0;976,4;976,6;976,2;0;18,6;18,2;18,9;18,4;18,4;18;98;97;98;101;,9;,4;
2026/03/13;0600 UTC;0;976,2;976,3;976,2;0;18;17,8;18,4;17,8;18;17,6;99;98;99;135;,4;,3;
2026/03/13;0700 UTC;0;976;976,2;975,9;0;17,7;17,5;17,8;17,4;17,6;17,3;100;99;99;205;,4;,2;
2026/03/13;0800 UTC;0;975,9;976;975,8;0;17,4;17,3;17,5;17,2;17,5;17,1;100;99;100;241;1,2;,6;
2026/03/13;0900 UTC;0;976;976,2;975,9;0;17,2;17,3;17,4;17,1;17,4;17,2;100;100;100;267;1,1;,5;
2026/03/13;1000 UTC;;;;;;;;;;;;;;;;;;
2026/03/13;1100 UTC;0;977;977,1;976,7;266,9;17,8;17,8;18,1;17,6;18,2;17,6;100;100;100;139;1,3;,5;
2026/03/13;1200 UTC;0;977,5;977,7;977,1;548,9;18,9;18,9;19,5;18,1;19,4;18,2;100;100;100;185;3,3;1;
2026/03/13;1300 UTC;0;977,8;978;977,6;1305,7;20,7;19,2;22,7;19,5;19,8;18,4;100;82;92;177;2,8;1,4;
2026/03/13;1400 UTC;0;978;978,1;978;2037,5;23,5;19,1;24,2;22,6;19,8;18,6;84;73;78;160;2,3;1,1;
2026/03/13;1500 UTC;0;977,8;978;977,4;1955,9;25,2;19,6;25,9;24,1;20,4;18,7;78;67;72;213;3,4;1,3;
2026/03/13;1600 UTC;0;976,9;977,4;976,5;2377,7;25,9;19,9;27,4;24,8;20,9;18,9;76;64;70;186;4,3;1,8;
2026/03/13;1700 UTC;;;;;;;;;;;;;;;;;;
2026/03/13;1800 UTC;;;;;;;;;;;;;;;;;;
2026/03/13;1900 UTC;0;975,1;975,4;975;2157,6;27,9;19,9;28,5;27,2;20,9;19,1;64;56;60;170;4,7;2,3;
2026/03/13;2000 UTC;0;974,9;975;974,7;1926,9;28,3;19,3;28,7;27,8;20,1;18,4;60;52;55;164;3,2;1,4;
2026/03/13;2100 UTC;0;974,8;974,9;974,7;885,1;27,1;19,2;28;26,2;19,7;18,6;66;53;60;209;3,2;1,1;
2026/03/13;2200 UTC;0;975;975,2;974,9;98,9;25,1;19,1;26,2;23,8;20;18,7;75;66;70;197;1,8;,7;
2026/03/13;2300 UTC;0;975,3;975,5;975,2;0;22,8;18,5;23,7;21,8;19;18,3;83;74;79;159;1,2;,7;
2026/03/14;0000 UTC;0;975,7;975,9;975,5;0;20,9;18,3;21,7;20,1;18,5;18,2;91;83;87;124;1,3;,7;
2026/03/14;0100 UTC;0;975,9;976;975,8;0;19,7;18;20;19,5;18,3;17,8;92;90;91;149;1,1;,6;
2026/03/14;0200 UTC;0;975,7;975,9;975,5;0;19,1;17,8;19,5;18,8;18,1;17,5;95;92;94;167;,7;,3;
2026/03/14;0300 UTC;0;975,4;975,5;975,3;0;18,3;17,6;18,8;17,8;17,9;17,3;98;95;96;141;,3;,2;
2026/03/14;0400 UTC;0;975,3;975,4;975,3;0;17,8;17,3;17,8;17,5;17,5;17;99;97;98;266;,5;,2;
2026/03/14;0500 UTC;0;975,4;975,5;975,2;0;17,2;16,9;17,5;16,9;17,1;16,7;100;98;99;226;,6;,3;
2026/03/14;0600 UTC;0;975,3;975,4;975,2;0;16,8;16,8;17;16,5;17;16,5;100;99;100;240;1;,4;
2026/03/14;0700 UTC;0;975,2;975,4;975,1;0;16,4;16,5;16,6;16,3;16,6;16,3;100;100;100;133;,7;,3;
2026/03/14;0800 UTC;0;975,1;975,2;975;0;16,1;16,2;16,3;16;16,3;16;100;100;100;174;,6;,3;
2026/03/14;0900 UTC;0;975,2;975,6;975;0;16;15,9;16,3;15,5;16,3;15,3;100;99;100;216;1,2;,3;
2026/03/14;1000 UTC;0;975,9;976,2;975,6;20,5;15,7;15,7;16,1;15,4;16,1;15,3;100;99;100;159;1;,5;
2026/03/14;1100 UTC;0;976,5;976,7;976,2;553,3;17,1;16,5;19;16,1;17,2;16,1;100;90;97;199;1,4;,6;
2026/03/14;1200 UTC;0;976,7;976,8;976,6;1549,9;20,4;17,5;21,8;18,9;18,2;16,9;92;79;86;184;2,9;1,1;
2026/03/14;1300 UTC;0;976,7;976,8;976,4;2237,6;22,9;18,5;24;21,8;19,3;17,7;82;72;78;173;2,7;1,4;
2026/03/14;1400 UTC;0;976,3;976,5;976;2870,1;25,1;19;26,3;24;19,6;18;76;63;69;192;2,2;1;
2026/03/14;1500 UTC;0;975,9;976;975,8;3298,4;27,3;19,3;28,2;25,9;20,2;18,2;71;50;60;184;2,4;1,2;
2026/03/14;1600 UTC;0;975,5;975,8;975,1;3621,5;28,4;18,2;29,6;27,3;19;17,3;57;42;49;261;3,7;1,5;
2026/03/14;1700 UTC;;;;;;;;;;;;;;;;;;
2026/03/14;1800 UTC;;;;;;;;;;;;;;;;;;
2026/03/14;1900 UTC;0;973,6;973,8;973,4;2483;30;18,5;30,8;29,5;19,1;17,8;46;39;42;182;2,6;1,2;
2026/03/14;2000 UTC;0;972,9;973,3;972,7;1753;29,8;18,5;30,2;29,3;19,2;18;47;41;43;213;2,8;1,2;
2026/03/14;2100 UTC;0;973,1;973,3;973;874,2;28,9;18;29,7;27,8;18,7;17,2;50;41;46;261;2;1,2;
2026/03/14;2200 UTC;0;973,3;973,4;973,2;84,7;26,4;17,4;27,8;24,4;18,2;16,9;66;47;55;167;2,3;1;
2026/03/14;2300 UTC;0;973,5;973,8;973,3;0;22,7;17;24,3;21,3;17,6;16,2;77;66;72;143;1,4;,7;
2026/03/15;0000 UTC;0;974,1;974,3;973,8;0;20,8;16,2;21,2;20,2;16,5;15,8;80;74;77;136;2,1;,7;
2026/03/15;0100 UTC;0;974,5;974,6;974,3;0;19,4;16;20,1;19;16,3;15,8;86;79;83;90;,3;,2;
2026/03/15;0200 UTC;0;974,8;974,9;974,6;0;18,7;16,3;19;18,4;16,4;15,9;90;85;88;93;,6;,4;
2026/03/15;0300 UTC;0;974,6;974,7;974,4;0;18,1;16,5;18,4;17,8;17;16,2;95;90;92;200;,8;,4;
2026/03/15;0400 UTC;0;974,6;974,8;974,4;0;17,7;17;17,9;17,5;17,4;16,4;99;93;96;264;1,4;,7;
2026/03/15;0500 UTC;0;974;974,5;973,5;0;17,6;17,2;17,7;17,5;17,3;17;98;97;98;253;1,6;,5;
2026/03/15;0600 UTC;0;973,4;973,5;973,3;0;17,1;16,7;17,6;16,5;17,1;16;99;97;98;198;1;,4;
2026/03/15;0700 UTC;0;973,7;974;973,4;0;16,2;15,9;16,5;16;16,1;15,8;100;98;99;238;1,2;,5;
2026/03/15;0800 UTC;0;973,8;974;973,6;0;16;16;16,1;16;16,1;15,9;100;100;100;113;,9;,3;
2026/03/15;0900 UTC;;;;;;;;;;;;;;;;;;
2026/03/15;1000 UTC;0;974,1;974,3;974;24,6;15,8;15,7;16,3;15,4;16,3;15,2;100;99;100;74;1,6;,6;
2026/03/15;1100 UTC;0;974,4;974,7;974,2;552,7;17,8;16,5;19,8;16,3;17,2;16,2;100;86;93;66;2,7;1,1;
2026/03/15;1200 UTC;0;974,6;974,9;974,4;1358,6;21,6;17,9;23,5;19,9;19;17;86;76;82;238;3,2;1,6;
2026/03/15;1300 UTC;0;975;975,2;974,9;1986;24,5;19,1;25,7;23,3;19,8;18,6;79;66;73;64;4,8;2,3;
2026/03/15;1400 UTC;0;975,2;975,3;975;2798;26,6;19,6;27,7;25,7;20,3;19,1;69;62;65;81;4,2;2,3;
2026/03/15;1500 UTC;0;974,8;975,1;974,5;3171,9;28,4;20,2;29,2;27,6;21;19,6;65;54;59;143;3,8;1,8;
2026/03/15;1600 UTC;0;974,4;974,6;974,1;3142,1;29,9;20,8;31;29,1;21,5;20,2;59;49;54;264;3,2;1,5;
2026/03/15;1700 UTC;;;;;;;;;;;;;;;;;;
2026/03/15;1800 UTC;;;;;;;;;;;;;;;;;;
2026/03/15;1900 UTC;;;;;;;;;;;;;;;;;;
2026/03/15;2000 UTC;0;972,6;972,7;972,6;1495,9;33,8;20,9;34,1;33,5;21,3;20,5;37;33;35;306;4,8;2,4;
2026/03/15;2100 UTC;0;972,7;972,9;972,6;676,3;32,8;20,6;33,8;31,2;21,1;20;48;34;39;232;2;1;
2026/03/15;2200 UTC;0;973,1;973,3;972,8;62,8;29,2;20;31,1;27,1;21,2;19,4;65;48;54;138;1,3;,8;
2026/03/15;2300 UTC;0;973,6;973,9;973,3;0;26,4;19,2;27,1;25,4;19,5;18,9;69;61;64;143;1,3;,7;
2026/03/16;0000 UTC;0;974,3;974,6;973,9;0;24,3;18,9;25,3;23,4;19,4;18,5;77;67;73;142;1,9;,6;
2026/03/16;0100 UTC;0;974,7;974,8;974,5;0;22,7;18,7;23,3;22,2;19,3;18,5;85;76;80;178;1;,4;
2026/03/16;0200 UTC;0;974,7;974,8;974,7;0;22,1;19,1;22,4;21,9;19,5;18,8;88;82;85;203;,8;,3;
2026/03/16;0300 UTC;0;974,7;974,8;974,5;0;22,1;19,7;22,6;21,9;20;19,3;90;87;88;127;2,4;,7;
2026/03/16;0400 UTC;0;974,6;974,8;974,6;0;22,1;19,6;22,3;21,8;19,8;19,4;89;86;87;69;1,5;,5;
2026/03/16;0500 UTC;0;974,7;974,9;974,5;0;21,3;19,3;21,9;20,9;19,5;19;91;87;90;183;,9;,3;
2026/03/16;0600 UTC;0;974,9;975;974,9;0;20,8;19,2;21;20,4;19,3;18,9;93;90;92;158;,9;,5;
2026/03/16;0700 UTC;0;974,9;975;974,8;0;20;19;20,4;19,6;19,2;18,8;96;93;95;150;1,2;,4;
2026/03/16;0800 UTC;0;975;975,1;974,8;0;19,6;18,7;19,8;19,4;18,8;18,5;96;94;95;237;,8;,4;
2026/03/16;0900 UTC;;;;;;;;;;;;;;;;;;
2026/03/16;1000 UTC;0;976,1;976,4;975,7;29,2;19,3;18,6;19,4;19,2;18,9;18,4;98;96;97;279;,5;,2;
2026/03/16;1100 UTC;0;976,6;976,8;976,4;456,8;20,5;19,1;21,9;19,5;19,4;18,9;97;87;93;187;,8;,4;
2026/03/16;1200 UTC;0;976,7;976,8;976,7;1121;23,4;20;25,3;21,9;20,9;18,9;88;77;83;262;1,7;,8;
2026/03/16;1300 UTC;0;976,8;977;976,7;1495;26,6;19,9;28,2;25,4;20,9;19,3;75;58;67;74;3,7;1,7;
2026/03/16;1400 UTC;0;976,8;977;976,5;2412,8;29,5;20,6;30,1;28,2;21,3;19,9;61;51;56;144;3,6;2,1;
2026/03/16;1500 UTC;0;976,2;976,5;975,9;2888,2;30,9;21,3;32,1;29,9;22,2;20,4;56;48;52;121;4,5;2;
2026/03/16;1600 UTC;0;975,8;975,9;975,4;3057,2;32,7;21,8;33,2;32,1;22,8;21,2;51;42;46;92;6,4;2,4;
2026/03/16;1700 UTC;;;;;;;;;;;;;;;;;;
2026/03/16;1800 UTC;;;;;;;;;;;;;;;;;;
2026/03/16;1900 UTC;0;974,7;974,9;974,5;1190,5;31,9;22,4;32,2;31,6;22,8;21,8;55;49;52;279;4,1;2;
2026/03/16;2000 UTC;0;974,8;974,8;974,7;753,3;30,8;21,7;31,7;30,2;22,5;21,1;57;53;54;294;3,8;1,8;
2026/03/16;2100 UTC;0;975,1;975,3;974,8;355;29,4;21,6;30,1;28,8;22,2;21,3;65;56;61;238;2,1;,9;
2026/03/16;2200 UTC;0;976;976,8;975,3;37,5;26,8;20,9;28,8;23,5;22;19,1;83;63;71;83;9,6;4,9;
2026/03/16;2300 UTC;,4;976;976,4;975,6;0;22,2;19,7;23,4;21,6;20,8;18,2;95;78;88;135;4,7;2,1;
2026/03/17;0000 UTC;0;976,6;977;976,2;0;21,9;19,7;22,1;21,5;20,4;19,2;92;86;89;182;2,2;,6;
2026/03/17;0100 UTC;0;976,8;977,2;976,5;0;21,2;19,2;21,5;21;19,8;18,8;92;88;90;125;1,3;,3;
2026/03/17;0200 UTC;0;977,2;977,7;976,7;0;21,6;19,6;22,4;21;20;19;93;87;90;81;2,1;1,3;
2026/03/17;0300 UTC;0;976,6;977,1;976;0;22,2;20,2;22,7;21,6;20,3;19,9;93;87;90;135;2;1,1;
2026/03/17;0400 UTC;0;975,7;976;975,6;0;21,4;20;21,7;21,2;20,3;19,6;95;91;93;111;3,4;2,1;
2026/03/17;0500 UTC;0;975,4;975,7;975;0;21,2;19,8;21,4;21;19,9;19,6;94;91;93;147;2;,7;
2026/03/17;0600 UTC;0;974,9;975;974,8;0;20,9;19,8;21;20,8;20,1;19,7;96;94;94;59;,8;,5;
2026/03/17;0700 UTC;0;974,7;974,9;974,5;0;21,2;20;21,3;21;20,4;19,7;96;93;94;64;,8;,3;
2026/03/17;0800 UTC;,4;974,5;974,6;974,3;0;20,9;20,2;21,2;20,7;20,3;20,1;98;95;97;132;1,8;,7;
2026/03/17;0900 UTC;;;;;;;;;;;;;;;;;;
2026/03/17;1000 UTC;;;;;;;;;;;;;;;;;;
2026/03/17;1100 UTC;0;975,5;976,2;975,3;193,4;21,2;20,5;21,8;20,8;21;20,2;98;95;97;270;2,2;1;
2026/03/17;1200 UTC;0;976,8;977,1;976,2;385,9;22,1;21;22,6;21,8;21,4;20,7;96;92;95;313;2,1;1,3;
2026/03/17;1300 UTC;0;977;977,2;976,5;612,9;23,2;20,9;23,8;22,6;21,7;20,1;93;83;89;130;2,1;1,1;
2026/03/17;1400 UTC;0;976,9;977,4;976,4;957,4;24,2;20,8;24,5;23,9;22;20,3;90;80;83;124;2,5;1,2;
2026/03/17;1500 UTC;,4;976,8;977;976,3;497,8;24;21;24,5;23,4;21,8;20,3;90;80;85;104;2,6;1,4;
2026/03/17;1600 UTC;,4;976,5;976,8;976,1;766,2;23,8;21,4;24,1;23,5;22,2;20,7;92;84;88;55;2,7;1,7;
2026/03/17;1700 UTC;;;;;;;;;;;;;;;;;;
2026/03/17;1800 UTC;;;;;;;;;;;;;;;;;;
2026/03/17;1900 UTC;;;;;;;;;;;;;;;;;;
2026/03/17;2000 UTC;5,8;975,2;975,5;975,1;218,3;22,4;22;22,6;22,2;22,3;21,4;99;96;98;130;4;2,2;
2026/03/17;2100 UTC;0;975;975,1;974,9;305,7;22,8;22,1;23,2;22,3;22,6;21,6;98;94;97;41;3,4;2;
2026/03/17;2200 UTC;0;975,1;975,4;974,9;58,9;22,8;21,9;22,9;22,6;22,2;21,5;96;94;95;51;4,4;1,9;
2026/03/17;2300 UTC;0;975,6;975,8;975,4;0;22,5;21,8;22,6;22,3;22;21,7;97;96;97;77;2,8;1,3;
2026/03/18;0000 UTC;0;975,9;976,2;975,6;0;22,8;22;22,9;22,6;22,1;21,9;97;95;96;120;1,7;,9;
2026/03/18;0100 UTC;0;976,4;976,5;976,1;0;22,3;22;22,5;22,2;22;21,9;99;97;98;176;1,5;,6;
2026/03/18;0200 UTC;0;976,7;977;976,5;0;22,1;21,8;22,2;22,1;21,9;21,8;99;98;99;123;1;,3;
2026/03/18;0300 UTC;0;976,7;976,9;976,5;0;22,1;21,8;22,2;22;21,9;21,7;99;98;99;93;2,1;1,2;
2026/03/18;0400 UTC;0;976,6;976,7;976,5;0;21,8;21,7;22;21,7;21,8;21,7;100;99;99;143;1;,5;
2026/03/18;0500 UTC;0;976;976,5;975,7;0;21,3;21,4;21,7;21,1;21,7;21,1;100;100;100;155;1,3;,5;
2026/03/18;0600 UTC;0;975,5;975,6;975,3;0;21;21,1;21,1;20,9;21,2;21;100;100;100;206;1,1;,5;
2026/03/18;0700 UTC;0;975;975,3;974,8;0;21,1;21,2;21,3;20,9;21,3;20,9;100;100;100;224;1,6;,8;
2026/03/18;0800 UTC;0;975,3;975,5;975,1;0;20,9;21;21;20,9;21;20,9;100;100;100;185;1,3;,4;
2026/03/18;0900 UTC;;;;;;;;;;;;;;;;;;
2026/03/18;1000 UTC;0;976,1;976,2;976;15,7;21,6;21,6;21,6;21,2;21,7;21,3;100;99;100;42;3,4;1,8;
2026/03/18;1100 UTC;0;976,1;976,3;976;552,4;22,4;21,4;23;21,6;21,8;21,3;99;92;95;72;3,7;2,1;
2026/03/18;1200 UTC;0;976,6;977;976,1;960,8;23,5;21,6;24,1;22,8;22,2;21,3;94;87;91;224;2,4;1;
2026/03/18;1300 UTC;0;977,1;977,3;977;720,3;24;22;24,3;23,8;22,5;21,4;92;87;90;271;3,4;1,8;
2026/03/18;1400 UTC;0;977,1;977,2;977;1474;24,7;21,6;25,2;24;22,2;20,9;90;80;84;58;2,9;1,5;
2026/03/18;1500 UTC;0;976,6;977,1;976,1;2699,7;26,5;22;27,7;25,2;23;21,3;83;71;78;96;4;1,9;
2026/03/18;1600 UTC;0;975,9;976,2;975,6;2829,6;27,9;22,2;29,1;26,9;23,1;21,6;77;67;72;182;3,6;1,7;
2026/03/18;1700 UTC;;;;;;;;;;;;;;;;;;
2026/03/18;1800 UTC;;;;;;;;;;;;;;;;;;
2026/03/18;1900 UTC;0;974,6;974,9;974,3;1764,1;29,7;23,6;30,4;29;24,4;23,1;75;65;70;186;3;1,2;
2026/03/18;2000 UTC;0;974,1;974,3;974;1488,5;29,6;23,5;30,1;29,2;24;22,7;73;65;69;176;4,4;2;
2026/03/18;2100 UTC;0;974,2;974,4;974;762,6;28,5;23;29,4;27,4;23,5;22,5;77;69;73;178;3,5;1,5;
2026/03/18;2200 UTC;0;974,6;974,9;974,4;43;26,2;22,5;27,4;25,3;22,9;22,3;86;76;81;175;2,5;1,1;
2026/03/18;2300 UTC;0;975,2;975,5;974,9;0;24,7;22,2;25,2;24;22,6;22;90;86;88;170;3,1;1;
2026/03/19;0000 UTC;0;975,8;976,2;975,5;0;23,6;21,9;24;23,2;22,2;21,7;94;90;92;146;1,2;,5;
2026/03/19;0100 UTC;0;976,4;976,7;976,1;0;22,6;21,7;23;22,4;21,8;21,5;96;94;95;154;1,2;,5;
2026/03/19;0200 UTC;0;976,7;976,8;976,6;0;22,3;21,5;22,7;22,1;21,6;21,3;97;94;96;177;1,8;,8;
2026/03/19;0300 UTC;0;976,5;976,7;976,4;0;22,1;21,3;22,5;21,7;21,4;21,1;97;94;96;177;2;,5;
2026/03/19;0400 UTC;0;976,5;976,6;976,5;0;21,7;20,9;22,1;21,5;21,1;20,7;97;93;96;183;4,2;1,6;
2026/03/19;0500 UTC;0;976,3;976,5;976,2;0;22,2;20,7;22,4;22,1;21;20,4;94;91;93;176;4;1,7;
2026/03/19;0600 UTC;0;976;976,2;975,7;0;22,3;20,3;22,5;22,1;20,5;20,2;92;89;90;183;3,2;1;
2026/03/19;0700 UTC;0;975,6;975,7;975,5;0;21,9;20,1;22,1;21,5;20,5;19,8;92;90;91;165;1,7;,6;
2026/03/19;0800 UTC;;;;;;;;;;;;;;;;;;
2026/03/19;0900 UTC;;;;;;;;;;;;;;;;;;
2026/03/19;1000 UTC;0;976;976,1;975,9;16,6;21,5;20;21,6;21,3;20,3;19,7;95;91;93;134;,7;,4;
2026/03/19;1100 UTC;0;976,3;976,6;976,1;510,9;22,7;19,9;23,8;21,2;20,1;19,6;93;80;86;172;2;1;
2026/03/19;1200 UTC;0;976,7;976,9;976,6;981,3;24;20;24,4;23,5;20,4;19,2;84;75;80;143;3,8;1,8;
2026/03/19;1300 UTC;0;977;977;976,8;1085;24,1;19,5;24,5;23,9;20,1;18,9;81;73;77;164;4,2;1,9;
2026/03/19;1400 UTC;0;976,8;976,9;976,6;2151,3;25,2;20,1;26,2;24,2;20,8;19,6;78;69;74;162;5,8;3;
2026/03/19;1500 UTC;0;976,6;976,7;976,3;2717,2;26;20,3;26,5;25,6;20,9;19,8;75;69;72;157;6,1;2,4;
2026/03/19;1600 UTC;0;975,9;976,3;975,5;3429,1;27;20,7;27,6;26,1;21,3;19,8;74;65;68;140;5,5;2,9;
2026/03/19;1700 UTC;;;;;;;;;;;;;;;;;;
2026/03/19;1800 UTC;;;;;;;;;;;;;;;;;;
2026/03/19;1900 UTC;0;973,6;973,9;973,3;2304,2;29,1;21,1;29,4;28,7;21,7;20,5;62;58;60;165;6,2;2,5;
2026/03/19;2000 UTC;0;973,2;973,3;973,1;1654,7;28,5;20,7;29;28,1;21,3;20,3;63;59;61;166;6,1;2,9;
2026/03/19;2100 UTC;0;973,2;973,4;973;809,3;27,3;20,3;28,2;26,3;20,7;19,9;69;61;65;167;4,5;1,9;
2026/03/19;2200 UTC;0;973,5;973,6;973,4;35,8;25,2;20,1;26,3;23,6;20,3;19,9;82;69;75;143;1,5;,7;
2026/03/19;2300 UTC;0;973,8;974;973,6;0;22,5;19,7;23,6;21,6;20,1;19,4;90;82;86;137;1,4;,6;
2026/03/20;0000 UTC;0;974,3;974,7;974;0;21,2;19,4;21,6;20,9;19,6;19,2;93;89;91;152;,6;,3;
2026/03/20;0100 UTC;0;974,5;974,6;974,4;0;20,7;19,3;21;20,2;19,5;19,2;96;92;93;124;1,9;,6;
2026/03/20;0200 UTC;0;974,6;974,8;974,4;0;21,2;19,6;21,9;20,3;19,7;19,4;96;87;92;139;5,2;1,6;
2026/03/20;0300 UTC;0;974,8;975;974,7;0;20,9;19,2;21,8;20,3;19,4;19;93;88;91;94;1,9;,7;
2026/03/20;0400 UTC;0;975,2;975,3;975;0;19,7;18,8;20,3;19,4;19,1;18,4;97;93;95;144;,7;,5;
2026/03/20;0500 UTC;0;975,2;975,2;975;0;18,9;18,3;19,4;18,4;18,7;18;98;95;97;190;,7;,3;
2026/03/20;0600 UTC;0;974,8;975;974,5;0;18,2;18;18,4;18;18,4;17,6;100;97;99;217;,6;,2;
2026/03/20;0700 UTC;0;974,5;974,6;974,4;0;17,6;17,4;18;17,3;17,8;17,2;100;99;99;161;,6;,3;
2026/03/20;0800 UTC;0;974,4;974,6;974,2;0;17,1;17;17,4;16,8;17,4;16,8;100;99;100;133;,9;,5;
2026/03/20;0900 UTC;;;;;;;;;;;;;;;;;;
2026/03/20;1000 UTC;0;975,1;975,3;975;11,3;16,8;16,8;16,9;16,6;16,9;16,7;100;100;100;143;,8;,4;
2026/03/20;1100 UTC;0;975,6;976;975,3;541,2;18,7;17,9;20,5;16,8;18,5;16,8;100;88;96;170;1,8;,7;
2026/03/20;1200 UTC;0;976;976,1;975,9;1387,8;21,8;18,9;23,3;20,5;19,8;18,1;88;79;85;131;4,9;1,8;
2026/03/20;1300 UTC;0;976,1;976,2;976;2048;24;19,9;24,8;23;20,7;19,1;83;75;79;120;3,5;1,8;
2026/03/20;1400 UTC;0;976,1;976,3;975,8;2743,3;26,2;20,9;27,3;24,7;21,8;20,2;78;69;74;140;3,3;1,4;
2026/03/20;1500 UTC;0;975,4;975,7;975;3202,8;28,2;21,7;29;27,3;22,4;21;73;63;67;163;3,6;1,5;
2026/03/20;1600 UTC;;;;;;;;;;;;;;;;;;
2026/03/20;1700 UTC;0;973,7;974,2;973,4;2927,2;31,2;22,7;31,9;29,4;23,7;21,6;64;50;58;198;2,9;1,1;
2026/03/20;1800 UTC;;;;;;;;;;;;;;;;;;
2026/03/20;1900 UTC;0;972,2;972,5;971,9;2311,7;33,1;21,6;33,3;32,7;22,9;20,5;50;37;43;114;3;1,3;
2026/03/20;2000 UTC;0;971,6;971,8;971,5;1610,4;32,5;21,4;33,4;32,2;22,1;20,7;48;41;44;167;3,1;1,3;
2026/03/20;2100 UTC;0;971,7;971,7;971,6;754,8;31,6;20,8;32,5;30,7;21,3;20,4;51;41;46;173;1,7;,9;
2026/03/20;2200 UTC;0;971,9;972,1;971,7;34,3;28,9;21,2;30,6;26,6;21,8;20,6;73;51;61;162;3,8;1,5;
2026/03/20;2300 UTC;0;972,2;972,4;972,1;0;25,5;21,7;26,5;24,9;22,3;21,2;86;74;81;157;3,2;1,3;
2026/03/21;0000 UTC;0;972,6;972,8;972,4;0;24,4;22,1;24,9;24,1;22,2;21,9;89;86;88;136;2,1;,6;
2026/03/21;0100 UTC;0;973,1;973,3;972,9;0;23,9;21,6;24,1;23,7;21,9;21,4;90;87;89;145;3,8;1,2;
2026/03/21;0200 UTC;0;973,3;973,4;973,1;0;23,5;21,3;23,9;22,9;21,4;21,1;91;88;89;98;2,2;,8;
2026/03/21;0300 UTC;0;973,3;973,5;973,1;0;22,7;20,9;22,9;22,2;21,1;20,7;93;90;91;93;1,6;,9;
2026/03/21;0400 UTC;0;973,5;973,6;973,4;0;21,9;20,6;22,4;21,3;20,8;20,3;96;91;93;114;1,1;,7;
2026/03/21;0500 UTC;0;973,3;973,4;973,1;0;21;20,4;21,3;20,6;20,6;19,8;98;96;97;144;,7;,4;
2026/03/21;0600 UTC;0;972,9;973,1;972,5;0;20,5;20,1;20,7;20,3;20,3;19,8;99;97;98;154;1,3;,6;
2026/03/21;0700 UTC;0;972,3;972,6;972;0;20;19,8;20,2;19,8;19,9;19,6;99;98;99;229;,5;,2;
2026/03/21;0800 UTC;0;972,1;972,1;972;0;19,5;19,3;19,8;19,3;19,5;19,1;99;98;99;128;,7;,4;
2026/03/21;0900 UTC;0;972,4;972,8;972;0;19,2;19,1;19,4;19,1;19,3;18,9;99;99;99;198;1,5;,5;
2026/03/21;1000 UTC;0;973,2;973,3;972,9;11;19,2;19,1;20,2;18,9;19,9;18,7;100;98;99;62;2,4;1,3;
2026/03/21;1100 UTC;0;973,5;973,6;973,3;348,7;22,7;19,5;24,2;20,3;19,8;19,2;97;76;84;45;5,7;2,5;
2026/03/21;1200 UTC;0;973,8;974,1;973,5;1226,1;25,3;19,7;26,1;24,2;20,1;19,4;78;68;72;66;8;3,9;
2026/03/21;1300 UTC;0;973,9;974;973,7;2048,5;27;20,4;27,9;26,1;20,9;19,8;71;64;67;56;7,4;3,7;
2026/03/21;1400 UTC;0;973,6;973,8;973,5;2674,5;29;21,4;30,2;27,9;22,2;20,7;66;59;62;75;6,1;2,9;
2026/03/21;1500 UTC;0;973,4;973,6;973,1;2536,6;31,1;22,7;31,9;30,2;23,5;22,2;61;54;58;95;5,3;2,5;
2026/03/21;1600 UTC;0;972,6;973,1;972,3;1997,9;32,8;23,6;34,2;31,2;24,5;22,8;61;49;54;304;7,9;4;
2026/03/21;1700 UTC;;;;;;;;;;;;;;;;;;
2026/03/21;1800 UTC;;;;;;;;;;;;;;;;;;
2026/03/21;1900 UTC;0;970,1;970,8;969,7;305;32,9;23,1;33,9;32,2;24;22,7;57;48;51;314;3,4;1,6;
2026/03/21;2000 UTC;7,8;972,1;973,5;970,7;67,6;25,4;21,9;32,2;21,7;23,7;21;99;55;83;60;3,1;1,1;
2026/03/21;2100 UTC;0;972,3;973,4;971,8;99,4;22,5;22,2;22,8;22,1;22,7;21,9;100;97;99;237;5,2;2;
2026/03/21;2200 UTC;3,6;974,2;974,9;973,4;,3;22,5;22,3;22,6;22,3;22,5;21,9;100;98;99;149;2,6;1,1;
2026/03/21;2300 UTC;2;974,4;974,9;974;0;22,5;22,3;22,6;22,4;22,5;22,1;100;98;99;102;4,6;2,2;
2026/03/22;0000 UTC;0;975,3;975,6;974,9;0;22,5;22,3;22,6;22,4;22,3;22,2;99;98;99;140;1,8;,9;
2026/03/22;0100 UTC;0;976,1;976,4;975,7;0;22,4;22,4;22,5;22,4;22,5;22,3;100;99;100;37;2,6;1,5;
2026/03/22;0200 UTC;,2;976,2;976,5;975,9;0;22,7;22,6;22,8;22,5;22,7;22,5;100;99;99;103;2,4;,7;
2026/03/22;0300 UTC;15,8;977;977,7;976,2;0;22,5;22,5;22,9;22,3;22,8;22,4;100;99;100;97;2,6;1,5;
2026/03/22;0400 UTC;1,4;976,4;976,8;976,1;0;22,4;22,5;22,5;22,3;22,5;22,4;100;100;100;127;,7;,3;
2026/03/22;0500 UTC;0;976,2;976,4;976,1;0;22,2;22,2;22,3;22,1;22,4;22,2;100;100;100;287;,9;,5;
2026/03/22;0600 UTC;0;975,6;976;975,2;0;22;22;22,3;21,7;22,3;21,7;100;100;100;169;1,5;,8;
2026/03/22;0700 UTC;0;975,2;975,6;974,9;0;21,7;21,7;21,7;21,6;21,7;21,7;100;100;100;238;2;1;
2026/03/22;0800 UTC;0;975,7;975,8;975,6;0;21,9;22;22;21,7;22,1;21,7;100;100;100;156;,8;,3;
2026/03/22;0900 UTC;;;;;;;;;;;;;;;;;;
2026/03/22;1000 UTC;0;976,6;976,9;976,3;2,9;22,1;22,2;22,2;22,1;22,3;22,1;100;100;100;137;,8;,4;
2026/03/22;1100 UTC;0;977,1;977,2;976,9;144,5;22,4;22,4;22,5;22,2;22,6;22,3;100;100;100;122;1,4;,7;
2026/03/22;1200 UTC;0;977,5;977,9;977,2;262,3;22,8;22,8;23,1;22,5;23,2;22,5;100;100;100;154;1;,3;
2026/03/22;1300 UTC;0;978,1;978,2;977,9;228,6;23,1;23;23,3;22,8;23,2;22,6;100;99;100;169;1,5;,6;
2026/03/22;1400 UTC;0;977,9;978,2;977,7;815,1;24;23,3;24,4;23,2;23,7;22,6;99;93;96;179;2,7;1,4;
2026/03/22;1500 UTC;0;977,8;977,9;977,8;641,6;24,2;23,3;24,4;23,8;23,8;22,9;97;94;96;195;2,7;1,2;
2026/03/22;1600 UTC;0;977,4;977,8;977,2;1500,8;24,9;23,2;25,8;23,9;23,6;22,6;97;86;91;189;3,9;1,5;
2026/03/22;1700 UTC;;;;;;;;;;;;;;;;;;
2026/03/22;1800 UTC;;;;;;;;;;;;;;;;;;
2026/03/22;1900 UTC;0;975,9;975,9;975,7;1492,1;26,9;23;27,6;26,5;23,9;22,5;84;78;80;163;4,6;2,3;
2026/03/22;2000 UTC;0;975,4;975,7;975;472,5;26,4;22,8;27,3;25,9;23,1;22,6;84;77;82;166;4,7;2;
2026/03/22;2100 UTC;0;976;976,4;975,4;111,2;25,2;22,6;25,9;24,3;22,9;22,4;91;83;87;164;5,6;2;
2026/03/22;2200 UTC;,2;977;977,4;976,5;48,2;23,7;22,4;24,3;23,3;22,6;22,1;95;91;93;158;3,1;1;
2026/03/22;2300 UTC;0;977,7;978;977,4;0;23,1;21,9;23,3;22,8;22,2;21,4;95;92;94;106;3,4;1,6;
2026/03/23;0000 UTC;0;978,4;978,7;977,9;0;22,6;21,1;22,8;22,5;21,3;20,8;93;91;92;105;4,2;2,4;
2026/03/23;0100 UTC;0;978,1;978,4;977,8;0;22,1;20,9;22,4;21,7;21;20,8;96;92;94;236;1,2;,7;
2026/03/23;0200 UTC;0;977,8;978,2;977,3;0;21,5;20,9;21,7;21,4;21;20,8;97;96;97;152;1,6;,8;
2026/03/23;0300 UTC;0;977;977,3;976,8;0;21,4;20,8;21,5;21,3;20,9;20,8;98;97;97;235;,9;,3;
2026/03/23;0400 UTC;0;976,7;976,9;976,5;0;21,1;20,8;21,2;21,1;20,9;20,7;99;98;98;116;,8;,2;
2026/03/23;0500 UTC;0;976,3;976,5;975,7;0;21;20,7;21,1;20,9;20,8;20,6;99;98;99;136;2,5;1,5;
2026/03/23;0600 UTC;0;975,5;975,8;975,1;0;21,1;20,6;21,3;20,9;20,7;20,6;99;97;98;109;3,3;2;
2026/03/23;0700 UTC;0;975,2;975,4;975,1;0;21,1;20,6;21,3;20,9;20,7;20,5;98;97;97;113;3,2;1,9;
2026/03/23;0800 UTC;0;975,2;975,4;975,1;0;21;20,5;21,1;20,9;20,6;20,5;98;97;97;132;2,3;1,3;
2026/03/23;0900 UTC;0;975,4;975,6;975,3;0;20,7;20,5;21;20,5;20,6;20,3;99;98;99;118;2;1,2;
2026/03/23;1000 UTC;0;975,4;975,6;975,1;11,6;20,5;20,3;20,6;20,4;20,5;20,1;100;98;99;194;1,6;,4;
2026/03/23;1100 UTC;0;975,4;975,6;975,3;465,7;22,1;20,6;24,1;20,4;21;20,2;99;84;93;59;4,7;1,9;
2026/03/23;1200 UTC;0;975,3;975,5;975,2;948,8;24,3;21,1;24,7;24,1;21,3;20,9;85;82;84;62;7,7;3,4;
2026/03/23;1300 UTC;0;975,3;975,4;975,2;1843,4;25,7;21,6;27,1;24,8;22,2;21,2;84;74;79;88;7,1;3,2;
2026/03/23;1400 UTC;0;975,1;975,3;974,7;2245,9;27,7;22,5;28,1;27;23,3;21,9;78;72;74;75;5,2;2,8;
2026/03/23;1500 UTC;0;974,4;974,8;974,2;2016,7;29,4;23,6;29,8;28,2;24,1;22,9;75;68;71;59;5,8;2,6;
2026/03/23;1600 UTC;0;973,9;974,2;973,5;1374,5;30,4;23,5;31,1;29,6;24;23;72;62;66;323;7;3,5;
2026/03/23;1700 UTC;0;973;973,5;972,7;1187,4;30,9;24;31,5;30;24,6;23,5;69;62;65;312;8,1;3,8;
2026/03/23;1800 UTC;;;;;;;;;;;;;;;;;;
2026/03/23;1900 UTC;,4;973,4;973,7;973,2;732,3;23,6;22,6;24,3;22,9;23,3;22;97;92;95;233;2,9;1,3;
2026/03/23;2000 UTC;0;973,5;973,9;973,2;855,3;24,6;23,1;25,2;24,1;23,6;22,5;95;88;92;208;3,7;1,2;
2026/03/23;2100 UTC;0;974,1;974,3;973,9;137,2;24,2;23;24,6;24;23,3;22,4;96;89;94;141;1,6;,8;
2026/03/23;2200 UTC;,2;974,2;974,5;974;19,4;23,7;22,9;24;23,4;23,1;22,8;98;95;96;161;1,2;,5;
2026/03/23;2300 UTC;1,8;974,6;974,8;974,5;0;23,3;23;23,4;23,2;23,2;22,9;99;98;99;66;1,7;1;
2026/03/24;0000 UTC;,6;974,9;975,1;974,6;0;23,2;22,9;23,2;23,1;23;22,8;99;98;99;44;3,2;1,5;
2026/03/24;0100 UTC;0;975,1;975,2;974,9;0;23,2;22,8;23,4;23,1;23;22,6;99;97;98;38;4,1;2,1;
2026/03/24;0200 UTC;,2;974,3;974,9;973,9;0;23,4;23;23,4;23,4;23,1;22,9;98;98;98;38;3,8;2;
2026/03/24;0300 UTC;0;973,8;974,1;973,6;0;23,5;23,1;23,6;23,4;23,2;22,9;98;97;98;303;4;1,9;
2026/03/24;0400 UTC;0;974,5;974,7;974,2;0;23,2;22,7;23,5;23;23;22,5;98;97;97;310;3,4;1,9;
2026/03/24;0500 UTC;,2;974,7;974,8;974,6;0;23;22,6;23,1;22,9;22,8;22,4;100;97;98;323;2,3;1,4;
2026/03/24;0600 UTC;,2;974,4;974,6;974,2;0;22,9;22,8;22,9;22,9;22,9;22,8;100;100;100;322;2,4;1,4;
2026/03/24;0700 UTC;,6;975,1;975,4;974,4;0;21;20,6;22,9;20,2;22,9;20;100;95;98;250;4,9;2,3;
2026/03/24;0800 UTC;,2;975,5;975,8;975,3;0;20,1;20;20,2;20;20,2;19,9;100;99;100;252;2,8;1,2;
2026/03/24;0900 UTC;;;;;;;;;;;;;;;;;;
2026/03/24;1000 UTC;0;976,6;976,8;976,4;6,6;19,6;19,4;19,8;19,4;19,5;19,3;100;98;99;204;3;1;
2026/03/24;1100 UTC;,2;977,1;977,5;976,8;183,6;19,4;19,1;19,8;19,3;19,4;18,9;100;97;98;198;2,3;1;
2026/03/24;1200 UTC;0;978;978,3;977,5;525,2;20,1;18,9;20,3;19,8;19,2;18,6;97;92;94;198;3,4;1,3;
2026/03/24;1300 UTC;0;978,4;978,6;978,2;853,3;20,9;18,8;21,3;20,3;19,4;18,2;95;84;90;184;3,8;1,5;
2026/03/24;1400 UTC;0;978,5;978,6;978,5;962,6;21,8;18,9;22,1;21,3;19,8;18,2;91;83;86;183;3,6;1,5;
2026/03/24;1500 UTC;0;978,4;978,5;978,4;962,8;22,3;19,1;22,5;21,9;19,7;18,6;87;82;84;185;2,8;1,3;
2026/03/24;1600 UTC;;;;;;;;;;;;;;;;;;
2026/03/24;1700 UTC;;;;;;;;;;;;;;;;;;
2026/03/24;1800 UTC;0;977;977,3;976,5;1469,1;24,1;20,2;25,4;23,6;21,1;19,6;83;73;80;215;3,5;1,5;
2026/03/24;1900 UTC;0;976,1;976,4;975,7;1802,1;25,6;20,6;26,3;25;21,6;19,9;80;70;75;178;4,7;1,6;
2026/03/24;2000 UTC;0;975,7;975,8;975,6;778,7;25,2;20,6;26,1;24,4;21,1;20,3;82;73;77;175;4,5;1,7;
2026/03/24;2100 UTC;0;975,9;976,1;975,7;221;24,1;20,6;24,6;23,5;21;20,3;85;79;82;174;3,8;2;
2026/03/24;2200 UTC;0;976,2;976,4;976,1;19,3;22,9;20,3;23,5;22,3;20,6;19,9;89;85;87;175;5;1,9;
2026/03/24;2300 UTC;0;976,5;976,7;976,4;0;21,8;19,9;22,3;21,4;20,1;19,8;92;89;90;181;3,7;1,6;
2026/03/25;0000 UTC;0;976,9;977,2;976,7;0;21,2;19,8;21,4;21;19,9;19,6;94;92;93;173;3,3;1,1;
2026/03/25;0100 UTC;0;977,5;977,6;977,2;0;21,2;19,6;21,2;21;19,8;19,4;93;91;92;153;3,5;1,5;
2026/03/25;0200 UTC;0;977,5;977,7;977,4;0;21;19,2;21,2;20,8;19,4;19;92;90;91;148;3;1,1;
2026/03/25;0300 UTC;0;977,8;977,9;977,6;0;20,9;19;20,9;20,8;19,2;18,8;92;90;91;136;2,3;1;
2026/03/25;0400 UTC;0;977,9;977,9;977,7;0;20,7;19,1;20,9;20,6;19,3;18,9;94;90;92;179;1,5;,7;
2026/03/25;0500 UTC;0;977,6;977,9;977,4;0;20,4;19,1;20,6;20;19,3;18,9;95;92;93;160;1,9;,7;
2026/03/25;0600 UTC;0;977,6;977,8;977,2;0;19,8;18,9;19,9;19,7;19;18,8;96;95;96;155;1,8;,8;
2026/03/25;0700 UTC;0;977,3;977,4;977,2;0;19,7;19;19,8;19,7;19,1;18,9;97;95;96;151;1,6;,7;
2026/03/25;0800 UTC;0;977,3;977,6;977,2;0;19,8;19,1;19,9;19,7;19,3;19;97;96;96;192;1,3;,5;
2026/03/25;0900 UTC;0;977,8;978,1;977,5;0;19,9;19,2;19,9;19,8;19,3;19;97;96;96;172;1,3;,5;
2026/03/25;1000 UTC;0;978,5;978,8;978,1;5,9;19,9;19,3;20;19,8;19,4;19,2;97;96;97;214;1,2;,4;
2026/03/25;1100 UTC;,6;979;979,2;978,8;125,7;20,2;19,4;20,6;20;19,8;19,2;97;93;96;141;1,9;,9;
2026/03/25;1200 UTC;0;979,4;979,7;979,2;531,6;21;20,2;21,8;20,4;20,7;19,8;98;93;96;201;1,8;,7;
2026/03/25;1300 UTC;0;979,6;979,7;979,6;1328,9;22,9;20,5;24,2;21,9;21,2;19,9;94;81;88;182;1,9;,8;
2026/03/25;1400 UTC;,2;979,7;979,7;979,6;1841,2;25,3;21,3;26;24,2;22;20,5;85;77;80;251;3,6;1,4;
2026/03/25;1500 UTC;0;979,7;979,8;979,6;1580,5;26,4;21,9;27;25,9;22,6;21,4;81;76;78;238;3,3;1,3;
2026/03/25;1600 UTC;;;;;;;;;;;;;;;;;;
2026/03/25;1700 UTC;;;;;;;;;;;;;;;;;;
2026/03/25;1800 UTC;;;;;;;;;;;;;;;;;;
2026/03/25;1900 UTC;0;978;978,4;977,8;1856,5;26,5;22,4;27,5;25,7;23,2;21,8;84;75;80;183;3,1;1,2;
2026/03/25;2000 UTC;0;977,8;977,9;977,7;1401,6;27;22,4;27,6;26,6;22,9;21,9;80;74;77;207;2,8;1,1;
2026/03/25;2100 UTC;0;977,9;978;977,8;631,1;26,3;22,3;27,3;25;22,8;22,1;87;75;80;201;3,3;1,2;
2026/03/25;2200 UTC;0;978,6;979;978,1;30,6;23,6;21,5;25;22,4;22,3;21;93;86;90;208;4,9;1,2;
2026/03/25;2300 UTC;0;979,3;979,5;979,1;0;21,9;20,7;22,4;21,5;20,9;20,4;95;92;94;195;4,9;1,5;
2026/03/26;0000 UTC;0;979,9;980,1;979,6;0;21,4;20,4;21,5;21,3;20,5;20,3;95;94;95;203;2,7;1;
2026/03/26;0100 UTC;0;980,3;980,3;980,2;0;21,3;20,4;21,4;21,3;20,6;20,3;96;95;96;213;1,8;,6;
2026/03/26;0200 UTC;0;980,4;980,6;980,3;0;21,4;20,6;21,5;21,4;20,7;20,5;97;96;96;197;1,8;,8;
2026/03/26;0300 UTC;0;980,3;980,4;980,1;0;21,4;20,6;21,4;21,3;20,7;20,4;97;95;96;173;3,4;1,6;
2026/03/26;0400 UTC;0;980,2;980,2;980,1;0;21,3;20,4;21,3;21,3;20,5;20,3;96;95;95;170;3;1;
2026/03/26;0500 UTC;0;980,3;980,4;980,1;0;21,3;20,5;21,3;21,3;20,6;20,4;96;95;96;178;2,1;,9;
2026/03/26;0600 UTC;0;980,1;980,4;979,8;0;21,3;20,4;21,3;21,3;20,6;20,4;96;95;96;158;2,1;1;
2026/03/26;0700 UTC;0;979,6;979,7;979,5;0;21,3;20,5;21,3;21,3;20,6;20,4;97;96;96;131;1,3;,4;
2026/03/26;0800 UTC;0;979,5;979,5;979,4;0;21,3;20,6;21,4;21,3;20,7;20,5;97;96;96;130;1,2;,6;
2026/03/26;0900 UTC;;;;;;;;;;;;;;;;;;
2026/03/26;1000 UTC;0;980,1;980,4;979,8;5,6;21,3;20,6;21,3;21,1;20,7;20,3;97;95;96;171;2,9;1,3;
2026/03/26;1100 UTC;0;980,7;981;980,3;133,2;21,2;20,4;21,5;21,1;20,5;20,2;97;94;96;169;3;1,4;
2026/03/26;1200 UTC;0;981,1;981,3;981;375,6;22;20,5;22,7;21,5;21;20,4;95;90;93;159;3,5;1,4;
2026/03/26;1300 UTC;0;981,3;981,4;981,1;1002;23,7;21;24,7;22,6;21,5;20,5;91;82;87;177;4,2;1,7;
2026/03/26;1400 UTC;0;981,2;981,3;981;2419,5;26,3;21,7;27,3;24,7;22,6;20,8;83;72;77;187;3,5;1,6;
2026/03/26;1500 UTC;0;980,8;981,1;980,5;2904,9;28,3;22,5;29,9;27;23,7;21,6;76;65;71;186;3,8;1,6;
2026/03/26;1600 UTC;;;;;;;;;;;;;;;;;;
2026/03/26;1700 UTC;;;;;;;;;;;;;;;;;;
2026/03/26;1800 UTC;;;;;;;;;;;;;;;;;;
2026/03/26;1900 UTC;0;978,1;978,4;977,8;1841,7;31,5;23,5;32,6;30,8;24,7;22,8;65;57;60;214;3,3;1,1;
2026/03/26;2000 UTC;0;977,8;977,9;977,6;1567,3;31,8;24,3;32,5;30,7;24,8;23,8;67;57;62;188;5,9;2;
2026/03/26;2100 UTC;0;978,2;978,8;977,8;675,9;29,4;23,6;30,6;28,1;24,4;21,8;76;67;71;122;6;2,6;
2026/03/26;2200 UTC;0;978,7;979;978,4;48,1;26,5;22;28;25,2;22,4;21,2;85;69;77;181;4,7;2,1;
2026/03/26;2300 UTC;0;979,2;979,7;978,9;0;24,1;21,7;25,2;23,4;22,1;21,5;91;84;88;173;4,6;2,2;
2026/03/27;0000 UTC;0;980;980,3;979,7;0;22,9;21,5;23,3;22,7;21,6;21,4;94;91;93;179;3,6;1,3;
2026/03/27;0100 UTC;0;980,4;980,5;980,2;0;22,8;21,3;22,9;22,4;21,6;21,1;94;92;93;168;2,3;,8;
2026/03/27;0200 UTC;0;980,4;980,5;980,3;0;22,1;21;22,4;21,9;21,2;20,9;95;94;94;93;1,9;,4;
2026/03/27;0300 UTC;0;980,4;980,5;980,3;0;21,7;20,9;21,9;21,6;21;20,8;96;95;96;187;1,2;,5;
2026/03/27;0400 UTC;0;980,5;980,5;980,4;0;21,5;20,8;21,6;21,4;20,9;20,7;97;96;97;164;,7;,4;
2026/03/27;0500 UTC;0;980,4;980,4;980,3;0;21,2;20,7;21,4;21;20,8;20,5;99;97;98;142;,8;,4;
2026/03/27;0600 UTC;0;980,2;980,4;980;0;21;20,7;21,1;20,9;20,8;20,6;99;98;98;249;,6;,2;
2026/03/27;0700 UTC;0;980;980,1;979,9;0;20,7;20,5;20,9;20,6;20,6;20,4;99;99;99;196;,4;,2;
2026/03/27;0800 UTC;0;979,9;980;979,8;0;20,3;20,2;20,6;20,1;20,5;20;100;99;100;68;,5;,2;
2026/03/27;0900 UTC;;;;;;;;;;;;;;;;;;
2026/03/27;1000 UTC;0;980,7;981,1;980,4;10,6;19,9;19,9;20;19,8;20;19,8;100;100;100;285;,6;,3;
2026/03/27;1100 UTC;0;981,5;981,8;981,1;315,1;20,7;20,4;22,3;19,9;20,8;20;100;91;98;239;1,2;,4;
2026/03/27;1200 UTC;0;982;982,1;981,8;1141,7;24;21,3;25,9;22,3;22,4;20,6;92;80;87;87;3;1,5;
2026/03/27;1300 UTC;0;982,2;982,2;982,1;1930,3;27,2;22;28,3;25,9;22,6;21,6;83;70;74;59;4,9;2,6;
2026/03/27;1400 UTC;0;982,1;982,1;982;2571;29,1;22,7;29,9;28,3;23,3;22,1;72;65;68;47;5,6;3,1;
2026/03/27;1500 UTC;0;981,7;982;981,4;2963,1;31;23,5;32,1;29,9;24,1;22,8;68;58;62;84;3,7;2,1;
2026/03/27;1600 UTC;;;;;;;;;;;;;;;;;;
2026/03/27;1700 UTC;0;980,2;980,5;979,8;1828,1;32,9;23,1;34,6;31,8;24,4;22;56;45;51;288;4,3;2,2;
2026/03/27;1800 UTC;0;979,5;979,8;979,3;1386,1;33,5;23,5;35,1;32,5;24,8;22,4;58;44;50;180;2;,7;
2026/03/27;1900 UTC;0;979,2;979,3;979;644,1;32;23,1;32,5;31,6;24,9;22,3;66;49;56;147;1,6;,7;
2026/03/27;2000 UTC;0;979,1;979,2;979,1;330,2;30,5;22,9;31,5;29,3;23,9;22,3;66;57;62;320;4,6;2,6;
2026/03/27;2100 UTC;0;979,2;979,2;979;240,7;28,7;21,7;29,3;28,1;22,4;21,3;71;63;65;122;1,4;,7;
2026/03/27;2200 UTC;0;979,4;979,8;979,1;29,5;27;22,2;28,1;26;22,7;21,5;82;67;76;189;1,4;,6;
2026/03/27;2300 UTC;0;980,1;980,5;979,8;0;25,9;22,1;26,2;25,5;22,5;21,9;83;78;81;131;1,3;,8;
2026/03/28;0000 UTC;0;981,1;981,3;980,5;0;25,3;22,1;25,6;24,9;22,4;21,8;87;81;84;159;2,2;,7;
2026/03/28;0100 UTC;0;981,5;981,7;981,3;0;24,7;22;25;24,5;22,4;21,6;88;84;86;169;3,3;1,2;
2026/03/28;0200 UTC;0;981,7;981,8;981,6;0;24,3;22,1;24,8;24;22,4;21,8;91;85;89;200;1,7;,5;
2026/03/28;0300 UTC;0;981,7;981,8;981,6;0;24,1;22,4;24,3;23,8;22,5;22,3;94;90;92;227;,9;,4;
2026/03/28;0400 UTC;0;981,7;981,8;981,6;0;23,6;22,2;23,8;23,3;22,5;22,1;95;93;93;240;1,1;,5;
2026/03/28;0500 UTC;0;981,4;981,6;981,2;0;22,9;22,1;23,3;22,6;22,2;21,9;98;95;96;220;,5;,2;
2026/03/28;0600 UTC;0;981,1;981,3;981;0;22,5;22,1;22,7;22,2;22,3;21,9;99;97;98;257;,8;,4;
2026/03/28;0700 UTC;0;981;981,1;980,9;0;22,1;21,9;22,3;22,1;22,1;21,9;99;99;99;234;1;,6;
2026/03/28;0800 UTC;;;;;;;;;;;;;;;;;;
2026/03/28;0900 UTC;;;;;;;;;;;;;;;;;;
2026/03/28;1000 UTC;0;982,2;982,6;981,9;9;21,7;21,7;22,2;21,4;22,2;21,4;100;98;100;136;1,1;,5;
2026/03/28;1100 UTC;0;982,8;983,2;982,6;269,8;23,2;21,7;25,4;21,7;22,2;21,3;99;82;93;89;3,5;1,6;
2026/03/28;1200 UTC;0;983,3;983,4;983,1;1137,8;26,3;21,9;27,3;25,4;22,2;21,6;82;74;78;49;6,4;3,1;
2026/03/28;1300 UTC;0;983,5;983,6;983,4;1941,3;27,8;22,2;28,7;27,1;22,8;21,9;75;68;72;61;5;2,7;
2026/03/28;1400 UTC;0;983,6;983,6;983,5;2546,7;30;23,2;30,8;28,5;24,2;22,4;71;61;66;55;3,8;1,8;
2026/03/28;1500 UTC;0;983,3;983,6;983;2934,3;31,4;23,7;32,3;30,7;24,5;23,1;66;58;62;178;2,8;1,2;
2026/03/28;1600 UTC;;;;;;;;;;;;;;;;;;
2026/03/28;1700 UTC;0;981,8;982,3;981,3;2966;34,2;24,8;34,7;33,2;26;24,2;59;49;53;148;3,5;1,8;
2026/03/28;1800 UTC;0;980,9;981,3;980,6;2084,6;34,4;24,7;35,4;33,6;25,7;23,9;57;47;51;126;3,3;1,6;
2026/03/28;1900 UTC;0;980,4;980,7;980,3;1768,9;34,4;24,7;35,1;33,2;25,6;24;56;48;51;62;2,7;1,6;
2026/03/28;2000 UTC;0;980,3;980,3;980,1;604,5;32,4;23,9;33,2;30,9;24,5;23,1;62;54;57;315;4,4;2,4;
2026/03/28;2100 UTC;0;980,8;981,1;980,3;204,1;29,9;22,8;30,9;29;23,6;22,1;70;60;64;244;1,9;,8;
2026/03/28;2200 UTC;0;981,4;981,8;980,8;7,2;28,1;22,5;28,9;27,3;23,1;21,9;76;65;72;156;4;1,7;
2026/03/28;2300 UTC;0;981,9;982,2;981,6;0;26,8;22,2;27,3;26,5;22,5;22;79;74;77;174;2,9;1;
2026/03/29;0000 UTC;0;982,1;982,3;982;0;26;22,1;26,7;25,2;22,3;21,9;83;76;80;190;2,1;,7;
2026/03/29;0100 UTC;0;982,1;982,3;981,9;0;24,8;22;25,2;24,4;22,3;21,6;89;83;86;230;1,5;,5;
2026/03/29;0200 UTC;0;982,2;982,3;982,1;0;24,3;22,1;24,6;24,2;22,5;21,9;90;88;89;260;1,6;1;
2026/03/29;0300 UTC;0;982,4;982,5;982,2;0;24;22;24,4;23,7;22,5;21,5;91;89;90;303;1,6;1;
2026/03/29;0400 UTC;0;982,2;982,4;981,9;0;23,4;21,5;23,7;23,2;21,7;21,2;91;89;90;310;1,5;,6;
2026/03/29;0500 UTC;0;981,8;981,9;981,7;0;22,7;21,6;23,5;22,2;21,8;21,5;97;91;94;139;1,8;1;
2026/03/29;0600 UTC;0;981,8;981,9;981,7;0;22,1;21,6;22,2;22,1;21,6;21,5;97;97;97;158;,7;,4;
2026/03/29;0700 UTC;0;981,6;981,8;981,4;0;22;21,6;22,1;21,9;21,7;21,5;98;97;98;105;,7;,5;
2026/03/29;0800 UTC;0;981,6;981,6;981,5;0;22,1;21,7;22,1;22;21,8;21,6;99;98;98;302;1,1;,5;
2026/03/29;0900 UTC;;;;;;;;;;;;;;;;;;
2026/03/29;1000 UTC;0;982,2;982,4;982;7,3;21,5;21,2;21,6;21,4;21,4;21,1;99;98;99;294;,8;,4;
2026/03/29;1100 UTC;0;982,8;983,1;982,4;254,5;22,8;21,5;24;21,5;21,7;21,3;99;87;93;245;,8;,4;
2026/03/29;1200 UTC;0;983,3;983,5;983,1;1120,7;25,8;22,4;27,5;23,9;23,5;21,5;90;77;83;218;3;1;
2026/03/29;1300 UTC;0;983,6;983,6;983,5;1918,9;28,5;22,6;29,5;27,5;23;22;77;64;70;197;3,9;1,9;
2026/03/29;1400 UTC;0;983,2;983,5;982,9;2541,1;30,3;22,6;31,3;29,5;23,4;21,9;65;58;61;126;2,8;1,4;
2026/03/29;1500 UTC;0;982,7;982,9;982,4;2938,8;32,3;23,8;33,9;31;24,9;23;64;53;57;275;3,8;1,4;
2026/03/29;1600 UTC;;;;;;;;;;;;;;;;;;
2026/03/29;1700 UTC;;;;;;;;;;;;;;;;;;
2026/03/29;1800 UTC;0;979,9;980,4;979,3;2613;35,9;24,4;36,4;35,5;25,3;23,8;47;38;42;250;3,7;1,7;
2026/03/29;1900 UTC;0;979,3;979,4;979,1;1045,6;34,7;23,8;36,6;32,8;24,7;22,9;55;37;45;194;4;1,4;
2026/03/29;2000 UTC;0;979,4;979,6;979,4;506,7;32,1;23,7;32,8;31,6;24,2;23;62;54;58;219;2,2;1;
2026/03/29;2100 UTC;0;979,9;980,3;979,6;337,1;31,4;23,2;31,7;31,1;24;22,5;65;56;59;194;3,5;1,3;
2026/03/29;2200 UTC;0;980,4;980,7;980,3;51,3;29,2;22,8;31,1;27,7;24,1;21,7;74;64;68;84;2,4;1,2;
2026/03/29;2300 UTC;0;981;981,2;980,7;0;27,2;21,3;27,8;26,5;21,8;20,7;73;68;70;120;2,4;,7;
2026/03/30;0000 UTC;0;981,4;981,9;981,2;0;25,7;21;26,4;25;21,4;20,6;81;71;77;145;1;,5;
2026/03/30;0100 UTC;0;982,1;982,5;981,9;0;24,9;21,1;25,1;24,7;21,2;20,9;82;80;81;175;4,1;1,4;
2026/03/30;0200 UTC;0;982,4;982,5;982,2;0;24,6;21,7;24,8;24,2;22;21,2;89;82;86;169;2,1;,7;
2026/03/30;0300 UTC;0;982,1;982,2;981,9;0;24;22,1;24,2;23,8;22,1;22;91;89;90;246;1,2;,6;
2026/03/30;0400 UTC;0;981,7;982;981,3;0;23,5;22;23,8;23,3;22,2;21,9;94;91;93;294;1,1;,5;
2026/03/30;0500 UTC;0;981,2;981,4;981,1;0;22,8;21,8;23,3;22,2;22;21,6;97;93;95;155;2;,9;
2026/03/30;0600 UTC;0;980,8;981,1;980,6;0;21,9;21,6;22,1;21,9;21,8;21,4;99;97;98;216;,7;,2;
2026/03/30;0700 UTC;0;980,5;980,6;980,4;0;21,7;21,4;21,9;21,4;21,6;21,2;99;98;99;144;,7;,3;
2026/03/30;0800 UTC;;;;;;;;;;;;;;;;;;
2026/03/30;0900 UTC;0;980,9;981,2;980,5;0;21;20,9;21;20,8;21;20,7;100;99;100;173;,8;,4;
2026/03/30;1000 UTC;0;981,4;981,6;981,2;7,9;21;20,7;21,1;20,9;20,9;20,5;99;98;99;234;,7;,4;
2026/03/30;1100 UTC;0;981,6;981,8;981,5;251,6;21,7;21;22,9;20,9;21,3;20,7;99;90;97;295;1,4;,7;
2026/03/30;1200 UTC;0;981,9;982;981,8;1116,9;24,4;21,5;26,3;23;22,2;21;90;79;85;210;1,4;,7;
2026/03/30;1300 UTC;0;981,7;981,8;981,5;1901,9;27,7;22,8;28,7;26,4;23,5;22;80;71;75;231;1,9;,9;
2026/03/30;1400 UTC;0;981,4;981,6;981,2;2520;30,2;23,4;31,4;28,6;24,3;22,6;75;61;66;255;2,3;1,1;
2026/03/30;1500 UTC;0;980,9;981,2;980,6;2937,6;31,9;23,4;32,8;31,2;24,3;22,2;63;51;57;250;4;1,1;
2026/03/30;1600 UTC;;;;;;;;;;;;;;;;;;
2026/03/30;1700 UTC;0;979,2;979,5;978,7;3047,8;34,3;23,9;35;33,7;24,5;23,3;53;42;48;246;5,2;2,4;
2026/03/30;1800 UTC;0;978,4;978,7;978,1;1515,7;33,2;22,9;34,9;32,1;23,7;22,2;57;43;48;215;4,6;1,7;
2026/03/30;1900 UTC;0;978;978,2;977,8;1243;31,6;23,8;32,2;30,6;24,3;23,2;68;55;61;188;5,8;2,1;
2026/03/30;2000 UTC;0;978,1;978,2;977,9;834,2;30,3;23,5;31;29,5;24,6;22,3;69;62;66;175;6,6;3,3;
2026/03/30;2100 UTC;0;977,8;977,9;977,6;242;28,6;22,7;29,5;27,8;23,1;22,2;74;67;70;164;4,4;2;
2026/03/30;2200 UTC;0;978,4;978,8;978;9,7;26,9;22,1;27,8;26;22,5;21,9;81;72;76;152;2,4;1,2;
2026/03/30;2300 UTC;0;978,6;978,8;978,5;0;25,5;21,9;26;25,2;22,2;21,6;83;80;82;171;2,5;1,1;
2026/03/31;0000 UTC;0;978,8;979;978,5;0;24,8;21,7;25,1;24,2;21,9;21,6;87;83;85;139;2,1;,9;
2026/03/31;0100 UTC;0;979,1;979,3;978,9;0;23,7;21,5;24,1;23,3;21,8;21,3;90;88;89;125;1,5;,7;
2026/03/31;0200 UTC;0;979,1;979,2;979;0;22,9;21,1;23,3;22,6;21,4;21;92;90;91;130;1,8;,8;
2026/03/31;0300 UTC;0;978,8;979;978,6;0;22,2;20,9;22,5;22;21,1;20,7;95;92;94;96;1,6;,9;
2026/03/31;0400 UTC;0;978,5;978,6;978,4;0;22;20,7;22,1;21,7;20,9;20,6;96;93;94;213;1;,4;
2026/03/31;0500 UTC;0;978,2;978,4;977,8;0;21,4;20,6;21,6;21,1;20,8;20,4;97;95;96;147;2;,7;
2026/03/31;0600 UTC;0;977,5;977,8;977,2;0;20,7;20,4;21;20,5;20,5;20,2;99;97;98;224;,9;,3;
2026/03/31;0700 UTC;0;977,3;977,4;977,1;0;20,3;20,1;20,5;20,1;20,3;19,8;99;98;99;144;1,2;,6;
2026/03/31;0800 UTC;;;;;;;;;;;;;;;;;;
2026/03/31;0900 UTC;0;977,3;977,5;977,2;0;19,8;19,6;19,9;19,7;19,8;19,5;100;99;99;179;1,5;,7;
2026/03/31;1000 UTC;0;977,8;978,1;977,5;5,9;19,8;19,7;19,9;19,8;19,8;19,6;100;99;99;132;,7;,3;
2026/03/31;1100 UTC;0;978,2;978,4;978,1;230,5;21,1;19,9;22,6;19,8;20,3;19,7;99;87;94;155;2,4;1,1;
2026/03/31;1200 UTC;0;978,4;978,5;978,3;1162;23,9;20,3;24,9;22,6;20,6;19,9;89;77;82;120;5,3;2,6;
2026/03/31;1300 UTC;0;978,4;978,5;978,2;1939,1;26;20,5;27,7;24,7;21;20;78;65;72;80;4,4;2,1;
2026/03/31;1400 UTC;0;977,9;978,2;977,7;2417,4;28,4;20,8;28,9;27,6;21,3;20,3;67;57;62;148;4,9;2,3;
2026/03/31;1500 UTC;0;977,4;977,7;977;2413,9;29,3;20,9;30,1;28,3;21,6;20,3;63;54;58;135;4,6;1,9;
2026/03/31;1600 UTC;;;;;;;;;;;;;;;;;;
2026/03/31;1700 UTC;0;975,7;976,1;975,2;2462,4;31;21,4;32,1;30;22,5;20,6;56;49;52;137;3,8;1,4;
2026/03/31;1800 UTC;;;;;;;;;;;;;;;;;;
2026/03/31;1900 UTC;0;974,3;974,6;974;2134;31,9;21,6;32,5;30,6;22,3;20,9;53;46;48;148;4,4;2,2;
2026/03/31;2000 UTC;0;973,9;974;973,8;764,6;30,9;21,1;32;29,8;21,9;20,7;55;48;51;130;5,7;2,8;
2026/03/31;2100 UTC;0;973,9;974;973,8;376,8;29,1;20,8;29,7;28,4;21,2;20,4;63;55;58;162;3;1,4;
2026/03/31;2200 UTC;0;974,2;974,4;974;20,4;27;20,5;28,4;25,7;21,1;20,2;73;63;68;147;2,9;1,3;
2026/03/31;2300 UTC;0;974,7;975,2;974,4;0;25,1;20,5;25,7;24,6;20,7;20,3;80;73;77;177;3,4;1,2;
2026/04/01;0000 UTC;0;975,6;975,8;975,2;0;24;20,4;24,6;23,5;20,7;20,1;84;80;82;182;3,1;1,4;
2026/04/01;0100 UTC;0;976;976,2;975,8;0;23;20;23,5;22,6;20,2;19,8;87;83;85;207;1,4;,6;
2026/04/01;0200 UTC;0;976,2;976,3;976,1;0;22,6;19,7;22,8;22,3;19,9;19,5;87;84;85;170;2,5;1,1;
2026/04/01;0300 UTC;0;976,1;976,2;976,1;0;22,3;19,5;22,7;21,9;19,6;19,3;88;83;86;88;2,4;1,1;
2026/04/01;0400 UTC;0;976,1;976,2;976;0;21,9;19,3;22,7;21,1;19,5;19,2;91;84;87;156;1,3;,5;
2026/04/01;0500 UTC;0;975,9;976;975,6;0;20,6;19,2;21,1;20,2;19,3;19;94;91;93;100;1;,4;
2026/04/01;0600 UTC;0;975,4;975,6;975,2;0;20,1;18,9;20,3;19,6;19,1;18,7;95;93;94;157;1,1;,4;
2026/04/01;0700 UTC;0;974,8;975,2;974,7;0;19,5;18,7;19,6;19,3;18,8;18,6;97;95;96;142;1,2;,5;
2026/04/01;0800 UTC;;;;;;;;;;;;;;;;;;
2026/04/01;0900 UTC;0;975;975,4;974,7;0;20,3;17,6;20,8;19,6;17,8;17,4;90;84;86;128;2,4;1,2;
2026/04/01;1000 UTC;0;975,5;975,9;975,3;5,1;19,8;17,2;20,1;19,5;17,5;17;90;85;87;95;2,6;1,5;
2026/04/01;1100 UTC;0;976,1;976,5;975,8;219,8;21,2;17,3;22,7;20;17,9;17;86;75;81;58;3;1,5;
2026/04/01;1200 UTC;0;976,7;976,8;976,6;1194,9;23,4;17,8;24,2;22,8;18,1;17,4;75;69;72;57;4,9;2,4;
2026/04/01;1300 UTC;0;976,7;976,7;976,5;1965,3;25,2;18,7;26,1;24,3;19,4;18,1;70;65;67;69;6;2,5;
2026/04/01;1400 UTC;0;976,4;976,5;976,2;2595,2;26,7;19,4;27,7;26;20,1;18,8;67;59;63;181;4,6;2,6;
2026/04/01;1500 UTC;0;976;976,2;975,7;2972,7;28,4;20,3;29,1;27,6;21,2;19,6;65;56;60;137;3,6;1,7;
2026/04/01;1600 UTC;;;;;;;;;;;;;;;;;;
2026/04/01;1700 UTC;;;;;;;;;;;;;;;;;;
2026/04/01;1800 UTC;0;973,4;974;972,9;2363,4;32,1;21,2;32,6;31,3;22;20,5;50;41;46;222;3;1,3;
2026/04/01;1900 UTC;0;972,6;972,9;972,4;2058;32,4;20,7;32,8;31,9;21,3;20,1;44;37;42;181;3,6;1,1;
2026/04/01;2000 UTC;0;972,5;972,7;972,4;792,7;31,2;20,6;32,6;30,1;21,4;19,8;56;41;47;217;4,9;1,5;
2026/04/01;2100 UTC;0;972,8;973,1;972,6;161,5;28,2;21,3;30;27,5;21,7;20,9;70;56;65;173;4,1;1,7;
2026/04/01;2200 UTC;0;973,5;973,8;973,1;21,6;26,5;20,5;27,6;25,6;21,3;19,7;71;67;70;128;4,4;1,9;
2026/04/01;2300 UTC;0;974,2;974,6;973,8;0;25;19,5;25,6;24,7;19,7;19;75;70;72;94;3,3;1,8;
2026/04/02;0000 UTC;0;974,8;975,2;974,5;0;23,9;18,9;24,7;23,5;19,1;18,6;77;72;75;76;2,5;1,4;
2026/04/02;0100 UTC;0;975,5;975,7;975,3;0;23,5;19,2;23,8;23,1;19,5;18,9;81;76;78;71;2,6;1,4;
2026/04/02;0200 UTC;0;975,7;975,8;975,6;0;23,3;19,4;23,6;22,5;19,6;19,3;84;78;80;198;1,2;,6;
2026/04/02;0300 UTC;0;975,6;975,7;975,5;0;21,8;19,5;22,5;21,1;19,6;19,3;91;84;89;190;,7;,3;
2026/04/02;0400 UTC;0;976;976,2;975,7;0;20,9;19,6;21,1;20,7;19,7;19,4;94;92;93;252;1,2;,4;
2026/04/02;0500 UTC;0;976;976,2;975,7;0;20,3;19,3;20,7;20;19,5;19,2;97;94;95;150;1,3;,7;
2026/04/02;0600 UTC;0;975,6;975,8;975,4;0;19,9;18,9;20,3;19,7;19,3;17,7;98;87;95;71;2,7;1,2;
2026/04/02;0700 UTC;0;975,3;975,4;975,2;0;19,9;17,6;20,3;19,6;17,8;17,4;90;87;88;76;1,9;1;
2026/04/02;0800 UTC;;;;;;;;;;;;;;;;;;
2026/04/02;0900 UTC;;;;;;;;;;;;;;;;;;
2026/04/02;1000 UTC;0;975,9;976,2;975,7;4,5;17,7;17,5;17,8;17,5;17,7;17,3;100;98;99;161;,8;,3;
2026/04/02;1100 UTC;0;976,3;976,6;976,1;226,6;19;17,7;20,4;17,6;18,3;17,4;100;87;94;227;2;,8;
2026/04/02;1200 UTC;0;976,8;976,9;976,5;1178,7;22,2;18,6;24,2;20,4;19,8;17,6;88;77;82;230;2,5;1,1;
2026/04/02;1300 UTC;0;977,1;977,2;976,9;1919,3;25,2;19,9;26;24,1;20,6;19,5;78;71;74;315;5;2,7;
2026/04/02;1400 UTC;0;977,2;977,3;977,1;2558,1;27,4;20,9;28,7;26;21,8;20,1;73;63;68;297;3,9;2;
2026/04/02;1500 UTC;0;977;977,1;976,7;2945,1;29,9;21,9;31,3;28,8;22,5;21,3;65;54;60;276;4,6;1,8;
2026/04/02;1600 UTC;;;;;;;;;;;;;;;;;;
2026/04/02;1700 UTC;;;;;;;;;;;;;;;;;;
2026/04/02;1800 UTC;0;974,3;974,5;974,2;1421;32,4;20,9;33,8;30,8;21,9;20,2;51;38;43;206;4,5;1,4;
2026/04/02;1900 UTC;0;974,3;974,4;974,2;1460,6;31,5;21,5;32,5;30,5;22,6;20,5;55;44;50;176;5,5;2,5;
2026/04/02;2000 UTC;0;974,9;975,4;974,2;257,7;27,7;20,5;30,4;25,6;21,7;18,8;68;55;64;232;6,2;2,7;
2026/04/02;2100 UTC;0;975,6;976;975,3;132,5;24,6;19;25,5;24,1;19,6;18,5;76;68;72;249;4,1;1,7;
2026/04/02;2200 UTC;0;976,3;976,5;976;2,5;23,9;19,7;24;23,6;20,2;19,4;83;77;79;187;2,8;,6;
2026/04/02;2300 UTC;0;976,6;976,7;976,5;0;23;20,2;23,6;22,6;20,6;19,8;89;82;86;108;3,2;1,8;
2026/04/03;0000 UTC;0;977;977,3;976,7;0;22,8;20,2;23,2;22,2;20,9;19,8;91;84;87;294;2,8;1,5;
2026/04/03;0100 UTC;0;977,5;977,8;977,2;0;22;20,2;22,2;21,7;20,5;19,8;93;88;91;154;1,6;,8;
2026/04/03;0200 UTC;0;978;978,1;977,8;0;21,2;20,2;21,6;21;20,4;20;96;93;95;120;1,8;,8;
2026/04/03;0300 UTC;0;978;978,1;977,8;0;20,9;20,1;21,5;20,4;20,4;19,9;98;94;96;179;1,2;,5;
2026/04/03;0400 UTC;0;977,6;977,8;977,5;0;20,1;19,8;20,4;19,9;19,9;19,6;99;97;98;166;,9;,5;
2026/04/03;0500 UTC;0;977,6;977,7;977,6;0;19,9;19,6;20,1;19,7;19,9;19,4;99;98;98;283;1,2;,5;
2026/04/03;0600 UTC;0;977,4;977,6;977,3;0;19,5;19,4;19,7;19,3;19,5;19,2;100;99;100;255;1;,6;
2026/04/03;0700 UTC;0;977,3;977,4;977,2;0;18,8;18,7;19,4;18,5;19,4;18,5;100;99;100;171;1,2;,5;
2026/04/03;0800 UTC;;;;;;;;;;;;;;;;;;
2026/04/03;0900 UTC;0;977,3;977,7;977,1;0;18,2;18,2;18,3;18;18,4;18,1;100;100;100;235;1,7;,9;
2026/04/03;1000 UTC;0;978,2;978,6;977,7;5,3;18,2;18,3;18,5;17,9;18,6;18;100;100;100;185;,8;,5;
2026/04/03;1100 UTC;0;978,7;978,8;978,6;235,6;19;19;19,8;18,5;19,7;18,5;100;100;100;242;,6;,2;
2026/04/03;1200 UTC;0;979,1;979,4;978,8;1133,4;21,2;20,2;23,5;19,7;20,8;19,7;100;84;95;194;1,2;,4;
2026/04/03;1300 UTC;0;979,5;979,5;979,4;1857,5;24,7;20,8;25,8;23,5;21,6;20,3;86;76;80;263;2,5;1,3;
2026/04/03;1400 UTC;0;979,3;979,5;979,1;2521,7;26,8;21,1;27,8;25,8;21,7;20,3;78;67;71;143;4,1;1,4;
2026/04/03;1500 UTC;0;979;979,2;978,7;2941,3;28,6;21,6;30;27;22,3;20,8;72;59;65;292;4;2,1;
2026/04/03;1600 UTC;;;;;;;;;;;;;;;;;;
2026/04/03;1700 UTC;;;;;;;;;;;;;;;;;;
2026/04/03;1800 UTC;0;977,2;977,4;976,9;2507,3;32,6;21,6;33,3;31,8;22,4;21;51;41;45;247;5,4;2;
2026/04/03;1900 UTC;0;976,8;976,9;976,5;1279,7;31,9;21,2;33,1;30,9;21,8;20,6;53;41;47;263;3;1,4;
2026/04/03;2000 UTC;0;976,5;976,6;976,4;1188,9;32;21,7;33,2;30,9;22,2;21,4;54;43;48;203;5;1,7;
2026/04/03;2100 UTC;0;976,7;976,9;976,6;477,9;29,8;21,5;30,9;28,4;22,1;21,1;64;54;59;199;3,4;1,3;
2026/04/03;2200 UTC;0;977,2;977,3;977;14,3;27,2;20,9;28,3;26,1;21,1;20,6;73;64;69;176;2;1;
2026/04/03;2300 UTC;0;977,7;978,1;977,2;0;24,9;20,6;26;24;20,8;20,4;82;73;79;184;1,5;,7;
2026/04/04;0000 UTC;0;978,5;978,8;978,1;0;23,5;20,3;24;22,9;20,6;20,1;86;83;84;147;,8;,5;
2026/04/04;0100 UTC;0;979,1;979,4;978,8;0;22,5;20;22,9;22,2;20,2;19,9;90;86;88;120;,8;,5;
2026/04/04;0200 UTC;0;979,4;979,4;979,3;0;21,9;20,1;22,2;21,5;20,3;20;94;90;91;257;,8;,4;
2026/04/04;0300 UTC;0;979,3;979,3;979,2;0;21,2;20,1;21,4;20,9;20,3;19,8;96;93;95;243;,3;,1;
2026/04/04;0400 UTC;0;979,3;979,4;979,2;0;20,8;20,1;20,9;20,6;20,5;19,7;98;94;96;141;1,6;,9;
2026/04/04;0500 UTC;0;979,2;979,4;979;0;20,5;20;20,6;20,2;20,4;19,4;99;96;97;237;1;,5;
2026/04/04;0600 UTC;0;978,8;979;978,6;0;19,9;19,4;20,2;19,7;19,6;19,2;99;96;98;236;1,6;,6;
2026/04/04;0700 UTC;0;978,3;978,6;978,1;0;19,5;19,3;19,7;19,2;19,5;18,7;99;98;99;291;,8;,5;
2026/04/04;0800 UTC;;;;;;;;;;;;;;;;;;
2026/04/04;0900 UTC;;;;;;;;;;;;;;;;;;
2026/04/04;1000 UTC;0;979,4;979,6;979;6;18,5;18,6;18,8;18,4;18,8;18,4;100;100;100;308;1;,5;
2026/04/04;1100 UTC;0;979,8;979,8;979,6;251,2;18,8;18,8;19,6;18,5;19,5;18,6;100;100;100;217;1,3;,6;
2026/04/04;1200 UTC;0;980;980,1;979,8;715,4;20,7;20,3;21,8;19,6;21,2;19,5;99;95;98;180;1,5;,6;
2026/04/04;1300 UTC;0;980,4;980,6;980,1;1767,8;23,8;21,3;25,9;21,9;22,2;20,6;95;80;88;231;1,9;,9;
2026/04/04;1400 UTC;0;980,4;980,5;980,3;2506,5;27,5;22,3;28,7;25,9;22,8;21,7;82;67;74;90;2;,9;
2026/04/04;1500 UTC;;;;;;;;;;;;;;;;;;
2026/04/04;1600 UTC;;;;;;;;;;;;;;;;;;
2026/04/04;1700 UTC;;;;;;;;;;;;;;;;;;
2026/04/04;1800 UTC;0;978,5;978,7;978,3;2182;33,3;22;34,2;32,3;22,7;21,3;48;40;43;216;4,7;2,2;
2026/04/04;1900 UTC;0;978,4;978,5;978,3;1382,3;31,4;21,6;32,7;30,6;22,3;20,9;56;46;51;212;5,2;1,9;
2026/04/04;2000 UTC;0;978,6;979;978,4;1003;30,1;22,2;31,9;28,2;22,7;21,8;70;52;61;193;6,5;1,8;
2026/04/04;2100 UTC;0;979,5;979,6;979,1;359,7;26,9;21,4;28,2;25,9;22,2;20,9;76;69;72;201;6,6;2;
2026/04/04;2200 UTC;0;979,8;980,1;979,5;16,1;24,7;20,6;25,8;23,8;21,4;20,2;82;76;80;205;3,8;1,2;
2026/04/04;2300 UTC;0;980,2;980,5;979,9;0;23,2;20;23,8;22,8;20,2;19,8;85;82;84;179;2,5;1,2;
2026/04/05;0000 UTC;0;981;981,3;980,5;0;22,3;19,8;22,8;21,9;20;19,7;90;85;87;187;2,1;,9;
2026/04/05;0100 UTC;0;981,7;982;981,4;0;21,5;19,8;21,8;21,3;19,9;19,8;93;90;92;213;1,4;,5;
2026/04/05;0200 UTC;0;981,8;981,9;981,7;0;20,8;19,6;21,3;20,4;19,9;19,5;95;92;94;125;1,5;,6;
2026/04/05;0300 UTC;0;981,9;982,1;981,8;0;20,7;19,3;20,9;20,3;19,6;19;97;91;93;142;2,4;,9;
2026/04/05;0400 UTC;0;982,2;982,4;982;0;21,4;19,1;21,7;20,7;19,3;18,9;92;87;89;174;4,2;2;
2026/04/05;0500 UTC;0;982,4;982,5;982,3;0;21,4;18,8;21,7;21,1;19,3;18,5;88;86;87;177;4,7;2,3;
2026/04/05;0600 UTC;0;982,6;982,7;982,5;0;20,7;18;21,1;20,2;18,4;17,8;89;85;87;169;4,2;1,8;
2026/04/05;0700 UTC;;;;;;;;;;;;;;;;;;
2026/04/05;0800 UTC;;;;;;;;;;;;;;;;;;
2026/04/05;0900 UTC;0;983,1;983,4;982,9;0;19;17;19,3;18,8;17,1;16,9;91;88;90;178;4;1,8;
2026/04/05;1000 UTC;0;983,6;983,8;983,2;2,5;18,8;16,9;18,8;18,7;17;16,7;91;90;90;173;4,8;2,3;
2026/04/05;1100 UTC;0;984,1;984,3;983,8;90,8;18,9;16,6;19,1;18,7;16,8;16,4;90;87;89;176;5,9;2,9;
2026/04/05;1200 UTC;0;984,5;984,8;984,3;365,6;19,6;16,7;20,1;19,1;17;16,4;88;83;86;171;5,7;2,5;
2026/04/05;1300 UTC;0;984,8;984,9;984,7;651,1;20,9;16,9;21,5;20,1;17,3;16,7;84;77;80;153;5,5;2,6;
2026/04/05;1400 UTC;0;984,4;984,8;984;1183,4;22,3;17,1;23,2;21,5;17,4;16,8;78;70;74;158;7,2;3,4;
2026/04/05;1500 UTC;0;983,9;984,1;983,6;1498,2;23,6;17,5;23,9;23,2;17,9;17,2;71;68;69;153;7,2;3,2;
2026/04/05;1600 UTC;;;;;;;;;;;;;;;;;;
2026/04/05;1700 UTC;;;;;;;;;;;;;;;;;;
2026/04/05;1800 UTC;0;982,2;982,3;982;1251,3;24,6;17,8;25,1;24,1;18,1;17,3;67;65;66;150;7,9;3,5;
2026/04/05;1900 UTC;0;982,1;982,2;982;933,8;23,7;17,4;24;23,2;17,7;17,2;71;66;68;158;7;3,2;
2026/04/05;2000 UTC;0;982,2;982,6;982;607,2;21,9;17,1;23,2;21;17,5;16,8;79;71;76;167;8,7;3,8;
2026/04/05;2100 UTC;0;982,6;982,7;982,5;218,1;20,5;16,6;21;20;16,9;16,3;82;79;81;156;8,4;3,5;
2026/04/05;2200 UTC;0;982,3;982,5;982;4,6;19,7;16,1;20;19,5;16,4;15,9;83;82;82;157;7,4;2,9;
2026/04/05;2300 UTC;0;982,5;982,6;982,4;0;19,3;15,7;19,5;19,2;16;15,4;83;81;82;149;7,6;3,3;
2026/04/06;0000 UTC;0;982,9;983,2;982,6;0;18,9;15,3;19,2;18,8;15,5;15,1;83;81;82;146;6,3;2,1;
2026/04/06;0100 UTC;0;983,1;983,3;983;0;18,5;14,9;18,7;18,3;15,1;14,7;83;81;82;155;5,5;1,3;
2026/04/06;0200 UTC;0;983,3;983,5;983,1;0;18,1;14,6;18,3;18;14,8;14,4;83;81;82;126;4,1;2,2;
2026/04/06;0300 UTC;0;983,4;983,6;983,2;0;17,8;14,5;18;17,6;14,7;14,4;85;82;83;142;2,6;1;
2026/04/06;0400 UTC;0;983;983,3;982,7;0;17,3;14,6;17,6;17,1;14,8;14,4;88;85;86;159;2,1;,8;
2026/04/06;0500 UTC;0;982,6;982,8;982,5;0;16,8;14,8;17,2;16,6;15;14,6;91;88;90;163;1,4;,6;
2026/04/06;0600 UTC;0;982,1;982,5;981,6;0;16,6;14,8;17,1;16,5;14,9;14,7;92;89;91;123;3,2;1,6;
2026/04/06;0700 UTC;0;981,4;981,6;981,2;0;17,2;14,9;17,3;17,1;15,2;14,8;90;88;89;151;2,4;1,1;
2026/04/06;0800 UTC;;;;;;;;;;;;;;;;;;
2026/04/06;0900 UTC;0;981;981,1;980,9;0;17,2;15,2;17,3;17,1;15,3;15,1;91;89;90;118;3,2;1,8;
2026/04/06;1000 UTC;0;981;981,2;980,9;1,7;17,6;15,3;18;17,3;15,5;15,2;90;87;89;126;3,7;2,1;
2026/04/06;1100 UTC;0;981,2;981,3;981,1;251,9;19;15,9;20,4;18;16,4;15,5;88;79;84;145;3,4;1,5;
2026/04/06;1200 UTC;0;981,3;981,5;981,2;867,6;21,4;16,7;23,2;20,4;17,5;16,2;81;71;76;113;2,9;1;
2026/04/06;1300 UTC;0;981,5;981,6;981,3;1697,2;25,1;18,4;26,5;23,1;19,2;17,4;73;63;67;56;6;2,6;
2026/04/06;1400 UTC;0;981;981,3;980,7;2498,5;27,5;19,5;28,4;26,5;20,2;18,8;64;56;60;63;5,4;3,2;
2026/04/06;1500 UTC;0;980,1;980,6;979,5;2817,7;29,2;20,4;30,3;28,3;21,5;19,7;59;53;56;64;5,7;2,8;
2026/04/06;1600 UTC;;;;;;;;;;;;;;;;;;
2026/04/06;1700 UTC;;;;;;;;;;;;;;;;;;
2026/04/06;1800 UTC;0;976,7;977;976,4;1922,8;32,8;22,2;33,6;32,1;23;21,3;50;45;47;55;6,1;2,4;
2026/04/06;1900 UTC;,6;976,6;977,1;976,1;687,2;28,3;21,6;32,2;25,4;22,7;20,4;82;46;67;60;5,1;2,5;
2026/04/06;2000 UTC;,2;976,6;977,3;975,9;127,1;25,1;20,4;26,3;23,2;21,3;19,2;90;69;76;245;5,1;1,6;
2026/04/06;2100 UTC;11,4;977,9;979,3;977;2,1;22,9;21,4;23,4;21,6;21,8;21,1;99;89;93;235;8,8;2,6;
2026/04/06;2200 UTC;,4;978;978,4;977,4;,2;21,3;21;21,6;21;21,5;20,3;100;96;99;139;5,5;2,3;
2026/04/06;2300 UTC;2,4;978,4;978,9;977,4;0;21,2;20,9;21,4;21,1;21,1;20,7;99;98;99;156;5,7;2,6;
2026/04/07;0000 UTC;2,8;978,7;979,1;978,4;0;21,3;21;21,4;21,2;21,2;20,7;99;98;99;103;4,3;2,3;
2026/04/07;0100 UTC;0;978,8;979,1;978,6;0;21,5;20,4;21,6;21,2;20,8;20,1;98;93;95;107;6,3;3,6;
2026/04/07;0200 UTC;0;978,1;978,6;977,8;0;21,6;19,9;21,8;21,5;20,2;19,8;94;90;92;99;5,8;2,9;
2026/04/07;0300 UTC;0;977,6;977,8;977,5;0;21,4;19,7;21,7;21,1;19,9;19,5;93;90;91;91;3,5;1,8;
2026/04/07;0400 UTC;0;977,6;977,8;977,3;0;21,1;19,8;21,4;20,9;19,9;19,6;95;92;93;104;2,7;1,3;
2026/04/07;0500 UTC;0;977;977,7;976,3;0;22,6;19,8;23,1;21,5;20;19,6;91;83;86;55;5,5;3,1;
2026/04/07;0600 UTC;0;976;976,4;975,8;0;23,1;19,8;23,4;22,9;20,1;19,6;86;81;84;54;6,7;3,3;
2026/04/07;0700 UTC;0;975,8;976;975,4;0;23,5;19,7;23,6;23,4;19,9;19,6;82;80;81;49;7,5;3,5;
2026/04/07;0800 UTC;0;975,8;977,2;975,3;0;23,3;19,9;23,6;22,4;20,5;19,6;90;80;83;236;5,2;2,2;
2026/04/07;0900 UTC;20,8;977,4;977,8;976,6;1,6;19,7;19,1;22,4;18,9;20,5;18,8;100;89;97;128;2,8;1,3;
2026/04/07;1000 UTC;5,2;977,4;977,7;977,1;0;19;19,1;19,2;18,9;19,2;18,9;100;100;100;96;3;1,7;
2026/04/07;1100 UTC;6,6;977,7;978,1;977,2;1,9;19,4;19,5;19,5;19,2;19,6;19,2;100;100;100;89;2,7;1,1;
2026/04/07;1200 UTC;4,6;977,5;977,8;977,2;25,9;19,5;19,4;19,5;19,4;19,6;19,3;100;100;100;65;4,5;2,5;
2026/04/07;1300 UTC;5,8;977,2;977,7;976,8;65;19,3;19,2;19,4;19,3;19,4;19,1;100;99;99;77;4,6;2,6;
2026/04/07;1400 UTC;13,6;976,7;977,9;976,2;55,8;19,3;19,3;19,4;19,2;19,3;19,1;100;99;100;199;3,8;1,7;
2026/04/07;1500 UTC;8,4;976,4;977,1;975,8;142,1;19,5;19,5;19,6;19,3;19,7;19,3;100;100;100;107;4;2;
2026/04/07;1600 UTC;,4;975;975,9;974,4;351,3;20;19,9;20,3;19,6;20,2;19,6;100;99;100;83;4,3;1,3;
2026/04/07;1700 UTC;;;;;;;;;;;;;;;;;;
2026/04/07;1800 UTC;4,2;974,2;974,7;973,5;249;20,7;19,6;21,5;19,9;20,6;18,3;100;91;94;318;15,1;6;
2026/04/07;1900 UTC;1,2;972,8;973,3;971,6;128,1;20;18,5;20,2;19,9;18,9;18,1;95;90;93;246;9,4;4,4;
2026/04/07;2000 UTC;,4;971,7;972,3;971,1;98,7;20;19,1;20,1;19,9;19,3;18,8;97;94;95;109;6,5;3,3;
2026/04/07;2100 UTC;0;971,9;972,4;971,4;58;20,1;19,3;20,2;20;19,5;19,2;97;95;96;275;7,4;3,6;
2026/04/07;2200 UTC;0;971,9;972,4;971,7;17,2;20,1;19,2;20,2;19,9;19,4;19;96;94;96;313;5,5;2,4;
2026/04/07;2300 UTC;0;973;973,7;972,3;0;20;19,1;20,1;19,9;19,3;19;97;94;95;316;4,9;2,6;
2026/04/08;0000 UTC;0;974,1;974,2;973,7;0;20;19,1;20,3;19,6;19,4;18,8;98;93;95;309;4;2,4;
2026/04/08;0100 UTC;,2;974,1;974,2;974;0;19,6;19,4;19,7;19,6;19,5;19,3;99;98;99;320;5;2,5;
2026/04/08;0200 UTC;,6;974,2;974,3;974;0;19,7;19,5;19,8;19,6;19,7;19,4;100;98;99;326;5,2;2,8;
2026/04/08;0300 UTC;0;974,4;974,5;974,3;0;20;19,5;20;19,8;19,7;19,4;99;97;98;296;5;2,4;
2026/04/08;0400 UTC;,2;974,1;974,4;974;0;19,8;19,5;20;19,7;19,7;19,3;99;98;98;314;3,8;2,2;
2026/04/08;0500 UTC;0;973,9;974;973,7;0;19,7;19,1;19,8;19,4;19,4;18,7;98;96;97;315;4,7;2,6;
2026/04/08;0600 UTC;0;973,9;973,9;973,7;0;19,3;18,4;19,5;19,3;18,7;18,3;96;95;95;308;6,7;3,1;
2026/04/08;0700 UTC;0;974,1;974,3;973,9;0;19,1;18,1;19,3;18,9;18,5;17,5;97;93;95;291;6,2;2,6;
2026/04/08;0800 UTC;;;;;;;;;;;;;;;;;;
2026/04/08;0900 UTC;0;975,1;975,3;974,8;0;18,4;16,9;18,6;18,3;17,1;16,7;94;91;92;313;4,6;3;
2026/04/08;1000 UTC;0;975,8;976,2;975,3;3,8;18,3;16,9;18,4;18;17,1;16,5;94;91;93;302;5,8;3,4;
2026/04/08;1100 UTC;0;976,6;976,9;976,2;170,5;18,3;16,6;18,6;18;17;16,4;93;89;92;314;6,6;2,7;
2026/04/08;1200 UTC;0;977,2;977,4;976,9;580;19;17;19,8;18,3;17,3;16,6;94;84;90;308;7,1;3,3;
2026/04/08;1300 UTC;0;977,5;977,7;977,4;1184,8;20,4;16,6;21,6;19,8;17,2;16,1;86;76;81;290;6,8;3,3;
2026/04/08;1400 UTC;0;977,6;977,7;977,5;1353,4;21,3;16,8;22;20,6;17,7;16,3;81;75;77;266;6,7;3,6;
2026/04/08;1500 UTC;0;977,6;977,8;977,5;1943,4;21,5;16,7;22,7;20;17,4;16;84;71;76;281;7,7;3,3;
2026/04/08;1600 UTC;;;;;;;;;;;;;;;;;;
2026/04/08;1700 UTC;0;977,3;977,5;977,1;1332,6;21,9;16;22,6;21,4;16,4;15,7;73;66;71;270;7,3;3,1;
2026/04/08;1800 UTC;0;977,1;977,2;976,9;1089,9;21,9;16,2;22,1;21,6;16,7;15,9;75;70;72;290;6,6;3,2;
2026/04/08;1900 UTC;0;976,9;977;976,9;517,4;21,1;16,3;21,6;20,6;16,6;16,1;80;73;76;281;7,2;3,4;
2026/04/08;2000 UTC;0;977,1;977,2;977;481,3;20,9;16,2;21,2;20,6;16,6;15,8;80;74;76;283;5,4;2,2;
2026/04/08;2100 UTC;0;977,3;977,5;977,2;174,1;20,6;16,2;21;20,3;16,4;15,9;80;75;78;300;3,6;2,1;
2026/04/08;2200 UTC;0;977,7;977,9;977,4;5,5;19,8;16,7;20,3;19,4;16,9;16,3;87;80;85;305;4,4;2,1;
2026/04/08;2300 UTC;0;978,2;978,5;977,9;0;19,1;16,7;19,4;18,8;16,8;16,5;89;86;88;314;5,1;2,5;
2026/04/09;0000 UTC;0;978,8;979;978,5;0;18,5;16,6;18,8;18,3;16,8;16,5;93;89;91;315;3;1,5;
2026/04/09;0100 UTC;0;979,1;979,2;979;0;18,1;16,9;18,2;17,9;17,1;16,7;96;92;94;317;2,9;1,6;
2026/04/09;0200 UTC;0;979,3;979,4;979,2;0;17,6;16,8;17,9;17,5;17;16,7;97;95;96;319;1,9;1,1;
2026/04/09;0300 UTC;0;979,4;979,5;979,3;0;17,7;17;17,7;17,6;17,1;16,8;97;96;97;287;3,2;1,3;
2026/04/09;0400 UTC;0;979,4;979,5;979,2;0;17,3;16,8;17,6;16,9;17,1;16,6;99;97;98;222;1;,3;
2026/04/09;0500 UTC;;;;;;;;;;;;;;;;;;
2026/04/09;0600 UTC;0;979,6;979,7;979,6;0;17;16,6;17,3;16,8;16,7;16,5;99;97;98;299;1,2;,6;
2026/04/09;0700 UTC;0;979,6;979,7;979,5;0;17,1;16,3;17,2;17;16,6;16,1;98;95;96;289;2,7;,9;
2026/04/09;0800 UTC;;;;;;;;;;;;;;;;;;
2026/04/09;0900 UTC;0;980,5;980,9;980;0;16,8;16,3;16,9;16,6;16,4;16,2;98;97;98;246;1,8;,9;
2026/04/09;1000 UTC;0;981,4;981,8;980,9;2;16,6;16,2;16,7;16,6;16,3;16,1;98;97;98;303;1,6;1,1;
2026/04/09;1100 UTC;0;982,2;982,6;981,8;155,1;17,1;16,1;18,3;16,6;16,4;15,9;98;88;95;238;2,8;1,2;
2026/04/09;1200 UTC;0;982,7;982,9;982,6;717,8;18,8;15,9;19,5;18,4;16,4;15,6;89;82;86;194;2,3;1;
2026/04/09;1300 UTC;0;983,1;983,2;982,9;1189,8;19,6;16;21,6;18,7;16,5;15,4;88;70;82;233;2,8;1,2;
2026/04/09;1400 UTC;0;983,2;983,3;983,2;2141,1;21,5;15,7;22,3;20,6;16,5;14,9;76;64;71;268;4,9;2;
2026/04/09;1500 UTC;0;983,1;983,3;982,8;2084,4;21,9;15,6;23,2;20,6;16,5;15;75;60;69;198;4,4;1,4;
2026/04/09;1600 UTC;;;;;;;;;;;;;;;;;;
2026/04/09;1700 UTC;;;;;;;;;;;;;;;;;;
2026/04/09;1800 UTC;0;981,2;981,4;981;2009,2;23,4;15,7;24,3;22,2;16,7;14,9;66;57;62;221;4,6;1,7;
2026/04/09;1900 UTC;0;980,9;981,1;980,9;1373,4;23,2;15,1;24;22,1;15,9;14,4;65;54;60;209;5,6;1,8;
2026/04/09;2000 UTC;0;980,9;981,1;980,8;1216,5;23,4;14,7;23,9;22,9;15,4;14,2;59;54;56;213;3,7;1,4;
2026/04/09;2100 UTC;0;981,1;981,3;981;462,4;21,9;14,6;23,2;20,2;15,4;14;70;57;63;183;3,5;1,3;
2026/04/09;2200 UTC;0;981,5;981,6;981,3;8,1;18,9;13,4;20,2;17,9;14,3;12,8;75;70;72;178;2,4;1;
2026/04/09;2300 UTC;0;981,8;982;981,6;0;16,7;13;17,9;15,8;13,3;12,7;87;75;81;124;1,2;,7;
2026/04/10;0000 UTC;0;982,3;982,5;982;0;15,4;13,5;15,8;15;13,7;13;93;86;91;150;,9;,5;
2026/04/10;0100 UTC;0;982,5;982,6;982,5;0;14,7;13,3;15;14,4;13,7;12,9;95;91;93;157;1,1;,7;
2026/04/10;0200 UTC;0;982,7;982,7;982,6;0;14;13,1;14,4;13,8;13,3;13;97;94;96;126;1,1;,7;
2026/04/10;0300 UTC;0;982,7;982,8;982,5;0;13,6;12,9;14,1;13,2;13,1;12,6;99;94;96;165;,5;,3;
2026/04/10;0400 UTC;0;982,9;983;982,8;0;13;12,7;13,3;12,9;13;12,5;99;98;99;192;,7;,4;
2026/04/10;0500 UTC;;;;;;;;;;;;;;;;;;
2026/04/10;0600 UTC;0;983,2;983,3;983,2;0;12,1;12,1;12,5;11,8;12,6;11,8;100;100;100;239;,5;,2;
2026/04/10;0700 UTC;0;983,1;983,2;983;0;12,1;12,2;12,3;11,8;12,3;11,8;100;100;100;290;,8;,2;
2026/04/10;0800 UTC;;;;;;;;;;;;;;;;;;
2026/04/10;0900 UTC;0;983,6;983,9;983,2;0;11,3;11,3;11,6;10,9;11,6;11;100;100;100;194;,6;,3;
2026/04/10;1000 UTC;0;984,2;984,7;983,9;3;10,8;10,8;10,9;10,6;11;10,7;100;100;100;220;,6;,2;
2026/04/10;1100 UTC;0;984,9;985,1;984,7;179,6;11,8;11,9;13,1;10,6;13,1;10,7;100;100;100;271;1,2;,6;
2026/04/10;1200 UTC;0;985,3;985,5;985,1;984,8;14,3;13,6;16,1;12,9;14,7;12,9;100;87;97;261;1,4;,9;
2026/04/10;1300 UTC;0;985,5;985,6;985,3;1797,3;17,9;14,5;19,7;16;15,5;13,4;92;73;83;152;3,3;1,2;
2026/04/10;1400 UTC;0;985,2;985,3;985;2397,4;20,9;14,5;22;19,7;15,3;13,7;77;60;68;123;3,7;1,4;
2026/04/10;1500 UTC;0;984,8;985;984,6;2212,6;22,3;13,8;23,1;21,4;15,7;11,8;65;49;58;156;3,8;1,6;
2026/04/10;1600 UTC;;;;;;;;;;;;;;;;;;
2026/04/10;1700 UTC;0;983,5;983,9;983,1;2605,2;24,1;13,6;25;23;14,8;12,2;54;41;48;157;3,4;1,2;
2026/04/10;1800 UTC;0;982,7;983;982,4;2256,3;24,6;14,1;25,5;23,5;15,4;13,1;53;44;47;163;4,5;2,1;
2026/04/10;1900 UTC;0;982,3;982,4;982,2;1945,2;24,8;13,8;25,2;24,1;14,5;13,1;48;41;45;172;5,6;2,4;
2026/04/10;2000 UTC;0;982,2;982,3;982,2;1264,1;24,3;13,7;24,9;23,6;14,4;13,1;50;44;47;153;4,6;2,1;
2026/04/10;2100 UTC;0;982,3;982,5;982,2;426,5;22,2;13,5;23,5;20,7;13,9;13,1;64;51;56;169;4,5;2;
2026/04/10;2200 UTC;0;982,6;982,8;982,5;7,8;19,1;13,4;20,7;17,5;13,7;13,2;79;63;71;152;1,9;,7;
2026/04/10;2300 UTC;0;983;983,2;982,8;0;16,5;12,9;17,4;15,7;13,2;12,7;85;78;82;160;1,7;,7;
2026/04/11;0000 UTC;0;983,4;983,6;983,2;0;15,3;12,6;15,7;15;12,8;12,4;89;85;87;163;2;,8;
2026/04/11;0100 UTC;0;983,5;983,6;983,5;0;14,6;12,4;14,9;14,3;12,9;12,1;91;86;89;195;2,5;,8;
2026/04/11;0200 UTC;0;983,5;983,6;983,3;0;14,7;12;15,1;14,4;12,2;11,8;89;84;87;219;2;,7;
2026/04/11;0300 UTC;0;983,2;983,3;983;0;14,3;11,9;14,5;14,1;12,1;11,8;90;87;88;171;2;,6;
2026/04/11;0400 UTC;0;983,2;983,2;983,1;0;13,7;11,9;14,2;13,4;12,1;11,7;93;88;91;242;1,7;,6;
2026/04/11;0500 UTC;0;983,1;983,2;983;0;13,8;11,7;14,5;13,3;11,9;11,5;92;85;89;185;1,4;,4;
2026/04/11;0600 UTC;0;983;983,2;982,9;0;12,8;11,7;13,3;12,4;11,9;11,4;95;92;94;170;1,5;,9;
2026/04/11;0700 UTC;0;982,7;982,9;982,5;0;12,2;11,4;12,4;12;11,6;11,3;98;95;96;148;1,5;,7;
2026/04/11;0800 UTC;;;;;;;;;;;;;;;;;;
2026/04/11;0900 UTC;0;982,5;982,6;982,3;0;12;11,4;12,3;11,6;11,6;11,1;99;96;97;181;,8;,3;
2026/04/11;1000 UTC;0;982,6;982,7;982,6;2,4;11,6;11,4;11,7;11,5;11,6;11,2;100;98;99;153;1,2;,6;
2026/04/11;1100 UTC;0;982,9;983,1;982,7;156;13,2;12;15,4;11,6;12,9;11,3;99;86;94;131;1,8;,9;
2026/04/11;1200 UTC;0;983,3;983,5;983,1;1049,7;17,7;14;20,5;15,6;15,2;12,8;87;73;82;64;5;2,1;
2026/04/11;1300 UTC;0;983,4;983,5;983,3;2109,3;21,8;15,5;22,8;20,6;16,2;15,1;73;64;69;50;6,1;3,3;
2026/04/11;1400 UTC;0;983,4;983,5;983,3;1906,4;23,5;16,3;23,9;22,8;16,7;15,8;66;62;64;77;7;3,4;
2026/04/11;1500 UTC;0;983,2;983,4;982,9;2392,9;25;17,2;26,2;23,8;18;16,4;65;57;61;64;6,4;3,2;
2026/04/11;1600 UTC;;;;;;;;;;;;;;;;;;
2026/04/11;1700 UTC;0;981,2;981,8;980,8;2802,4;28,5;19,1;29,1;27,7;19,9;18,1;58;51;53;99;5,9;3,1;
2026/04/11;1800 UTC;;;;;;;;;;;;;;;;;;
2026/04/11;1900 UTC;0;980,1;980,2;980;874,7;28,5;19,7;30;27,5;20,5;19,2;60;49;56;101;3,7;1,7;
2026/04/11;2000 UTC;0;980,2;980,3;980,1;436,8;27,3;19,6;27,5;27;20,1;19,2;64;58;61;322;5,3;2,4;
2026/04/11;2100 UTC;0;980,5;980,7;980,3;135,9;26,3;19;26,9;25,5;19,6;18,7;66;62;64;323;5,6;2,6;
2026/04/11;2200 UTC;0;980,9;981,1;980,7;,6;24,2;18,1;25,5;23,4;18,7;17,7;73;66;69;310;4,3;2,4;
2026/04/11;2300 UTC;0;981,1;981,3;980,9;0;23,1;17,9;23,4;23;18,2;17,6;76;73;74;296;2,3;1,2;
2026/04/12;0000 UTC;0;981,4;982,1;981;0;22,5;17,8;23;22;18,3;17,4;81;72;77;128;2,2;,8;
2026/04/12;0100 UTC;,2;982,1;982,5;981,7;0;21,3;18,9;22,1;20,5;19,6;17,8;95;79;88;207;2,1;1;
2026/04/12;0200 UTC;,4;982,9;983,5;982,4;0;20,3;19,5;20,5;19,9;19,6;19,2;97;95;96;157;2,4;1;
2026/04/12;0300 UTC;3,2;983,5;984;982,9;0;19,7;19,4;19,9;19,5;19,5;19,3;99;98;98;188;1,5;,6;
2026/04/12;0400 UTC;5;983,4;983,9;982,8;0;19,4;19,3;19,5;19,3;19,4;19,3;100;99;100;145;3,2;,9;
2026/04/12;0500 UTC;5,4;982,9;983,2;982,6;0;19,2;19,2;19,3;19,1;19,3;19,1;100;100;100;126;2,4;1,4;
2026/04/12;0600 UTC;2,4;983;983,4;982,6;0;19,1;19;19,2;19;19,1;18,7;100;98;99;74;4,6;2,3;
2026/04/12;0700 UTC;;;;;;;;;;;;;;;;;;
2026/04/12;0800 UTC;3,6;983,1;983,5;982,3;0;18,7;18;18,8;18,5;18,2;17,8;97;96;97;48;6;3;
2026/04/12;0900 UTC;,2;983,2;983,5;982,6;0;18,6;17,7;18,7;18,5;17,9;17,6;97;95;96;52;7,1;3,5;
2026/04/12;1000 UTC;,2;982,8;983,3;982,7;,3;18,4;17,5;18,5;18,3;17,8;17,2;97;93;95;55;7,3;4;
2026/04/12;1100 UTC;0;983,3;983,6;983;15,8;18,6;17,2;18,7;18,4;17,4;17;95;92;93;44;9,2;4,1;
2026/04/12;1200 UTC;1,6;983,1;983,9;980,9;24,8;18,4;17,3;18,6;18,3;17,6;17;96;92;95;45;12,7;6,4;
2026/04/12;1300 UTC;,4;982;982,9;980,7;261,2;18,5;17,5;18,9;18,2;17,8;17,2;97;91;95;93;8,3;4,1;
2026/04/12;1400 UTC;,6;983,5;984,2;982,3;308,2;19;17,4;19,3;18,8;18;17;95;90;92;69;5,8;2,9;
2026/04/12;1500 UTC;;;;;;;;;;;;;;;;;;
2026/04/12;1600 UTC;;;;;;;;;;;;;;;;;;
2026/04/12;1700 UTC;0;982,3;982,6;982;1047,4;21,4;17,9;22;21,1;18,8;17,1;87;79;83;106;4;2,4;
2026/04/12;1800 UTC;0;981,9;982;981,7;1393,2;22,4;17,6;22,7;22;18,2;17;80;72;76;63;4,8;2,1;
2026/04/12;1900 UTC;;;;;;;;;;;;;;;;;;
2026/04/12;2000 UTC;0;981,3;981,5;981,2;379,7;22,1;18,1;22,3;22;18,6;17,6;83;77;80;97;4,2;1,9;
2026/04/12;2100 UTC;0;981,2;981,4;981,1;189,4;22;17,9;22,2;21,3;18,2;17,6;82;78;80;200;3,5;2,1;
2026/04/12;2200 UTC;0;981,3;981,4;981,2;3,4;20,7;17,4;21,3;20,3;17,8;17,2;85;81;84;75;2,3;1,3;
2026/04/12;2300 UTC;0;981,4;981,7;981,2;0;20;17,3;20,3;19,8;17,6;17,1;89;85;87;35;1,7;,8;
2026/04/13;0000 UTC;0;981,8;981,9;981,7;0;18,7;17,5;19,7;18,1;17,7;17,4;97;89;94;197;,8;,3;
2026/04/13;0100 UTC;0;982;982,2;981,8;0;17,7;17,2;18;17,4;17,4;17,1;99;97;98;181;,8;,3;
2026/04/13;0200 UTC;0;981,9;982,2;981,8;0;17,3;17,1;17,4;17,1;17,3;16,9;100;99;99;173;1,1;,2;
2026/04/13;0300 UTC;0;981,8;981,9;981,8;0;17;16,8;17,4;16,6;17,3;16,5;100;99;99;228;,6;,3;
2026/04/13;0400 UTC;0;981,8;982;981,7;0;16,3;16,2;16,6;16,1;16,4;16;100;99;100;201;,6;,2;
2026/04/13;0500 UTC;0;981,8;981,9;981,6;0;16;16;16,2;15,7;16,2;15,7;100;100;100;85;,6;,3;
2026/04/13;0600 UTC;0;981,7;981,8;981,6;0;15,7;15,7;15,8;15,6;15,8;15,6;100;100;100;170;1,2;,3;
2026/04/13;0700 UTC;;;;;;;;;;;;;;;;;;
2026/04/13;0800 UTC;;;;;;;;;;;;;;;;;;
2026/04/13;0900 UTC;;;;;;;;;;;;;;;;;;
2026/04/13;1000 UTC;0;981,4;981,6;981,3;,7;14,7;14,7;14,9;14,5;14,9;14,5;100;100;100;157;,5;,2;
2026/04/13;1100 UTC;0;982,1;982,5;981,6;162;15,2;15,1;16,3;14,6;15,9;14,6;100;97;99;255;1,2;,7;
2026/04/13;1200 UTC;0;982,6;983;982,4;1127,8;17,8;16,3;19,2;16,1;17,4;15,4;97;87;93;259;1,9;1;
2026/04/13;1300 UTC;0;983,2;983,3;983;1920,7;21;17,3;22,6;19,3;18,2;16,5;88;72;82;155;2,2;,8;
2026/04/13;1400 UTC;0;983;983,2;982,8;2430;23,6;17,8;24,7;22,4;18,7;16,7;76;64;71;198;3,1;1,1;
2026/04/13;1500 UTC;0;982,4;982,8;982;2837,9;25,9;18,6;27,5;24,7;19,6;17,5;69;53;63;220;3,1;1,2;
2026/04/13;1600 UTC;0;981,6;982;981,2;2953,1;27,3;17,9;28;26,7;19,1;17;59;50;53;127;3,6;1,4;
2026/04/13;1700 UTC;0;980,7;981,2;980,3;2812,5;28,4;18,3;29;27,7;19,3;17,4;56;46;50;143;3,2;,9;
2026/04/13;1800 UTC;0;980,1;980,3;979,9;2366,8;29,2;18,8;29,6;28,6;19,7;18;55;45;48;189;3,6;1,4;
2026/04/13;1900 UTC;0;979,6;979,9;979,4;1806,7;29,5;19,4;30,2;28,6;20,5;18,8;54;45;49;150;3,9;1,2;
2026/04/13;2000 UTC;0;979,3;979,4;979,2;1105;28,9;19,2;29,3;28,3;20,1;18,8;55;48;52;148;3,3;1,4;
2026/04/13;2100 UTC;0;979,4;979,6;979,3;366,9;27,2;19;28,3;25,7;19,6;18,8;68;54;59;173;2,8;1,4;
2026/04/13;2200 UTC;0;979,6;979,7;979,5;3,6;23,8;19,1;25,6;22,4;19,5;18,8;83;68;76;146;1,8;,7;
2026/04/13;2300 UTC;0;979,9;980,3;979,7;0;21,9;18,9;22,4;21,5;19,2;18,8;87;82;85;165;3,6;1,3;
2026/04/14;0000 UTC;0;980,5;980,6;980,3;0;21,4;18,6;21,8;21,1;19;18,4;87;86;86;162;3,1;,9;
2026/04/14;0100 UTC;0;980,6;981;980,4;0;21;18,3;21,2;20,8;18,4;18,2;88;86;86;196;3;,9;
2026/04/14;0200 UTC;0;981;981,1;980,8;0;20,5;18,3;20,7;20,4;18,4;18,2;89;88;89;175;2,6;,8;
2026/04/14;0300 UTC;0;980,7;980,8;980,5;0;20,3;18,1;20,5;20,1;18,4;18;90;88;89;136;3,5;1,2;
2026/04/14;0400 UTC;0;980,9;981,2;980,6;0;20,2;17,9;20,5;19,6;18;17,8;91;87;89;268;1,7;,8;
2026/04/14;0500 UTC;0;980,9;981,1;980,7;0;19,5;17,8;20;18,7;17,9;17,6;95;89;92;106;,9;,4;
2026/04/14;0600 UTC;0;980,2;980,6;980;0;18,3;17,7;18,7;17,9;17,9;17,4;98;95;97;184;,8;,3;
2026/04/14;0700 UTC;;;;;;;;;;;;;;;;;;
2026/04/14;0800 UTC;0;979,3;979,8;978,8;0;17,4;17,3;17,6;17,4;17,6;17,1;100;99;100;140;1,4;,7;
2026/04/14;0900 UTC;;;;;;;;;;;;;;;;;;
2026/04/14;1000 UTC;0;979,2;979,4;979,1;3,4;16,8;16,8;17,1;16,6;17,1;16,4;100;99;100;267;,3;,2;
2026/04/14;1100 UTC;0;980;980,7;979,4;230,9;17,6;17,2;19,2;16,6;17,8;16,6;100;92;98;147;1,2;,5;
2026/04/14;1200 UTC;0;980,9;981,1;980,7;1057,1;21,1;18,3;23,2;19,3;19,3;17,7;93;79;86;169;1,5;,6;
2026/04/14;1300 UTC;0;981;981,1;980,9;1317,4;23,5;18,6;24,1;22,7;19;18,1;80;72;75;63;4,6;2,6;
2026/04/14;1400 UTC;0;980,5;981;980,1;1818,6;24,9;19;25,7;24,1;19,6;18,3;74;67;70;46;5,4;2,8;
2026/04/14;1500 UTC;0;979,6;980;979,2;2041;26,2;19,4;26,9;25,7;20,1;18,8;69;62;66;64;3,8;2,2;
2026/04/14;1600 UTC;;;;;;;;;;;;;;;;;;
2026/04/14;1700 UTC;;;;;;;;;;;;;;;;;;
2026/04/14;1800 UTC;0;976,8;977,2;976,6;1581,1;29,1;20,6;29,4;28,8;21,7;20,1;63;54;58;116;3,2;1,5;
2026/04/14;1900 UTC;0;976,5;976,6;976,4;1285,2;29,5;20,3;29,7;29,2;21;19,6;58;49;54;79;4,5;2,5;
2026/04/14;2000 UTC;0;976,5;976,7;976,3;789,7;29,4;19,8;29,8;29,1;20,7;19,2;58;48;52;76;3,3;1,3;
2026/04/14;2100 UTC;0;976,7;976,8;976,6;193;27,8;20,2;29,5;26,4;20,6;19,1;70;50;62;122;4;2,3;
2026/04/14;2200 UTC;0;976,9;977,1;976,8;7;25,4;20,5;26,4;24,7;20,6;20,3;78;71;75;122;4,5;2,7;
2026/04/14;2300 UTC;0;977;977,1;976,9;0;24,2;20,2;24,7;23,8;20,4;20;81;78;80;105;5;2,5;
2026/04/15;0000 UTC;0;976,9;977;976,8;0;23,3;19,6;23,8;23;20;19,2;82;80;82;106;4,4;2,5;
2026/04/15;0100 UTC;0;976,7;976,9;976,5;0;22,7;19;23,1;22,2;19,2;18,7;82;80;81;114;5;2,3;
2026/04/15;0200 UTC;0;977,1;977,4;976,7;0;21,3;18,5;22,3;20,4;18,7;18,3;90;82;86;144;1,2;,7;
2026/04/15;0300 UTC;0;977,7;978,1;977,4;0;19,9;17,9;20,4;19,7;18,4;16,9;93;83;90;101;2,2;1,4;
2026/04/15;0400 UTC;0;978;978,1;977,8;0;19,9;17,1;20,8;18,8;17,4;16,6;93;80;86;145;1,8;1;
2026/04/15;0500 UTC;0;977,8;978,1;977,5;0;19,3;16,7;20,1;18,7;17,4;16,3;93;81;87;114;2,4;1,8;
2026/04/15;0600 UTC;0;976,9;977,5;976,7;0;20,8;16,5;21;20,1;16,6;16,3;81;78;79;83;4,2;2;
2026/04/15;0700 UTC;;;;;;;;;;;;;;;;;;
2026/04/15;0800 UTC;0;977,5;977,7;977,3;0;20,1;16,5;20,5;19,5;16,8;16,3;86;79;82;73;4;2,1;
2026/04/15;0900 UTC;;;;;;;;;;;;;;;;;;
2026/04/15;1000 UTC;0;978,3;978,5;978,2;1,5;20,2;15,9;20,3;20,1;16,1;15,6;79;76;78;79;5;2,8;
2026/04/15;1100 UTC;0;978,5;978,6;978,3;106,5;20,5;15,2;20,8;20,3;15,6;14,9;77;71;73;78;6,8;3,5;
2026/04/15;1200 UTC;0;978,6;978,9;978,3;473,6;21,2;15,1;22,1;20,8;15,7;14,7;71;67;69;59;6,8;3,6;
2026/04/15;1300 UTC;0;978,9;979,1;978,6;1092,2;22,7;15,8;24,1;22,1;16,4;15,4;69;60;66;53;8,3;4,2;
2026/04/15;1400 UTC;0;978,6;978,9;978,4;2164,4;24,7;16,6;25,4;23,9;17,2;16,1;62;57;60;55;7,6;4,5;
2026/04/15;1500 UTC;;;;;;;;;;;;;;;;;;
2026/04/15;1600 UTC;0;977,1;977,7;976,6;1888,6;27,1;18;27,7;26,4;18,6;17,1;58;51;55;65;7,4;3;
2026/04/15;1700 UTC;0;976,4;976,7;975,9;1827,5;27,9;18,5;29,3;27,1;19,5;17,8;56;48;53;53;7,2;3,5;
2026/04/15;1800 UTC;0;975,6;976;975,2;1630,5;28,2;18,6;29,2;27,4;19,3;17,9;57;48;52;57;6,6;3,6;
2026/04/15;1900 UTC;0;975;975,2;974,9;793,7;27,7;18,7;28,4;27,4;19,5;18,1;58;52;55;49;4,8;2,2;
2026/04/15;2000 UTC;0;974,9;975,1;974,8;270,1;27,1;18,2;27,6;26,7;18,9;17,8;57;53;55;89;2,4;1,4;
2026/04/15;2100 UTC;0;975,1;975,4;975;43,4;25,8;18,4;26,7;23,7;19,9;17,8;81;57;63;284;1,3;,6;
2026/04/15;2200 UTC;0;975,2;975,3;975;0;23,1;19,8;23,6;22,7;20,3;19,2;88;79;84;268;3;1,3;
2026/04/15;2300 UTC;0;975,1;975,2;975;0;22,3;19,9;22,8;21,9;20,5;19,5;92;86;88;163;,5;,2;
2026/04/16;0000 UTC;0;975,3;975,4;975,1;0;21,9;20;22;21,8;20,5;19,6;93;89;90;133;1,6;,9;
2026/04/16;0100 UTC;0;975,4;975,5;975,3;0;21,9;19,9;21,9;21,8;20,2;19,6;91;89;90;106;1,1;,4;
2026/04/16;0200 UTC;0;975,6;975,6;975,5;0;22,2;20;22,7;21,9;20,6;19,4;93;83;89;84;1,7;1;
2026/04/16;0300 UTC;0;975,6;975,7;975,5;0;22,4;19,7;23;21,4;20,3;18,6;93;78;87;80;2,1;,9;
2026/04/16;0400 UTC;0;975,6;975,7;975,5;0;22,5;18;23;21,4;18,9;17,5;88;73;77;56;3,5;1,8;
2026/04/16;0500 UTC;0;975,4;975,5;975,3;0;23;17,4;23;22,8;17,7;17,2;74;71;72;54;3,9;1,8;
2026/04/16;0600 UTC;0;975;975,3;974,8;0;23;17,2;23;22,9;17,4;17;72;70;71;68;4,6;2,2;
2026/04/16;0700 UTC;;;;;;;;;;;;;;;;;;
2026/04/16;0800 UTC;0;974,1;974,2;974;0;22,6;17;22,9;22,1;17,3;16,9;75;70;72;159;2,7;1,3;
2026/04/16;0900 UTC;0;974,4;974,6;974,2;0;22,2;17;22,4;22,1;17,2;16,7;75;72;74;167;5,1;2,4;
2026/04/16;1000 UTC;1,2;975;975,2;974,6;0;20,6;18,1;22,3;19,5;18,6;16,9;95;73;87;65;5,2;2,6;
2026/04/16;1100 UTC;,2;975,4;975,5;975,2;35,4;19,6;18,7;19,6;19,5;18,9;18,5;97;95;96;46;2,9;1,7;
2026/04/16;1200 UTC;2,4;975,6;975,9;975,3;71;19,7;19,2;19,7;19,5;19,4;18,8;98;96;97;76;5,2;2,6;
2026/04/16;1300 UTC;2;975,8;975,9;975,7;286,9;19,9;19,4;20,6;19,7;19,9;19,2;98;95;98;72;5,3;2,7;
2026/04/16;1400 UTC;,2;975,5;975,7;975,4;785,3;21,3;20;21,8;20,7;20,3;19,6;96;90;93;57;5;2,5;
2026/04/16;1500 UTC;;;;;;;;;;;;;;;;;;
2026/04/16;1600 UTC;,2;974,4;974,9;974,1;687,7;22,8;20,4;23,1;21,9;20,9;20,1;94;85;88;319;6,7;3,8;
2026/04/16;1700 UTC;0;973,8;974,1;973,4;1118,4;23;20,8;23,5;21,9;21,5;20,2;95;83;89;321;5,7;3,3;
2026/04/16;1800 UTC;0;973,1;973,4;972,7;1325,2;24,2;20;24,9;23,5;20,6;19,5;85;75;79;320;7,4;4;
2026/04/16;1900 UTC;0;972,7;972,9;972,5;1188,2;25,1;19,6;25,4;24,7;20,3;19,1;76;70;73;318;9,5;5,8;
2026/04/16;2000 UTC;0;972,5;972,7;972,2;895,8;25,1;18,9;25,4;24,7;19,6;18,3;74;65;69;322;8,6;4,7;
2026/04/16;2100 UTC;0;972,4;972,6;972,3;334,2;24,5;17,9;25,2;23,4;18,4;17,7;73;64;67;323;5;2,6;
2026/04/16;2200 UTC;0;972,8;972,9;972,5;2,3;22,7;17,9;23,3;22,2;18,2;17,7;80;73;76;316;4,2;2,2;
2026/04/16;2300 UTC;0;973,2;973,4;972,9;0;22,4;18,2;22,5;22,3;18,5;17,9;81;78;79;324;4,9;2,7;
2026/04/17;0000 UTC;0;973,6;973,9;973,4;0;22;18,2;22,3;21,7;18,4;18;82;80;81;318;4,7;2,5;
2026/04/17;0100 UTC;0;974,1;974,3;973,9;0;21,2;18,1;21,6;20,8;18,2;17,9;86;83;85;311;3,4;1,8;
2026/04/17;0200 UTC;0;974,2;974,4;974,1;0;20,5;18;20,7;20,4;18,2;17,9;88;86;88;315;4,8;2,3;
2026/04/17;0300 UTC;0;974,3;974,4;974,2;0;20,6;18,3;20,7;20,4;18,4;18,2;90;87;88;305;2,8;1,8;
2026/04/17;0400 UTC;0;974,1;974,2;974;0;20,1;18,4;20,4;20;18,5;18,3;93;90;91;248;3,7;1,9;
2026/04/17;0500 UTC;0;974,2;974,3;974;0;19,9;18,4;20;19,7;18,6;18,2;94;92;93;290;3,2;1,6;
2026/04/17;0600 UTC;;;;;;;;;;;;;;;;;;
2026/04/17;0700 UTC;;;;;;;;;;;;;;;;;;
2026/04/17;0800 UTC;;;;;;;;;;;;;;;;;;
2026/04/17;0900 UTC;0;974;974,3;973,8;0;19,7;18,4;19,9;19,4;18,5;18,3;95;92;93;320;3,6;2,2;
2026/04/17;1000 UTC;0;974,6;974,9;974,3;,1;19,9;18,3;19,9;19,9;18,5;18,2;93;92;92;306;4,3;1,8;
2026/04/17;1100 UTC;0;975,1;975,4;974,9;107,2;19,9;18,3;20,2;19,8;18,4;18,2;93;91;92;313;3,7;2,4;
2026/04/17;1200 UTC;0;975,5;975,7;975,4;803,2;21;17,9;22;20,2;18,4;17,6;90;78;85;299;4,5;2,3;
2026/04/17;1300 UTC;0;975,9;976;975,7;1315,7;22,4;17,6;23,4;21,7;18,2;17,1;80;70;76;309;4;2,3;
2026/04/17;1400 UTC;0;975,7;975,7;975,6;2195,5;24,3;17,5;25,4;23,4;18,1;16,9;71;60;66;294;5,2;3;
2026/04/17;1500 UTC;0;975,5;975,8;975,3;1634,2;24,8;17,3;26,1;24,1;18,6;16,8;68;58;63;266;5,1;2,8;
2026/04/17;1600 UTC;;;;;;;;;;;;;;;;;;
2026/04/17;1700 UTC;0;974;974,3;973,7;2411,9;27;17,5;27,9;25,8;18,3;16,7;59;48;52;268;6,3;3;
2026/04/17;1800 UTC;0;973,5;973,7;973,4;1579,6;26,9;17,3;28;25,7;18,7;16,5;56;48;52;262;5,5;2,8;
2026/04/17;1900 UTC;0;973,4;973,4;973,3;1583,3;27,5;17,4;28,1;26,4;18,2;16,6;52;47;49;263;4,4;2,5;
2026/04/17;2000 UTC;0;973,4;973,5;973,3;828,9;26,7;17,1;27,5;25,7;17,9;16,3;58;48;52;262;4,9;1,9;
2026/04/17;2100 UTC;0;973,5;973,6;973,4;351,3;25,6;17;26,4;24,1;18,1;16,6;63;53;57;280;1,8;1;
2026/04/17;2200 UTC;0;973,7;973,8;973,5;1,7;22,1;16,8;24;20,6;17,2;16,4;82;62;74;319;1;,5;
2026/04/17;2300 UTC;0;974,1;974,4;973,8;0;19,8;16,6;20,6;19,1;17;16,2;87;80;84;306;,8;,4;
2026/04/18;0000 UTC;0;974,7;974,8;974,4;0;18,8;16,4;19,1;18,4;16,7;16,1;91;87;88;150;,6;,2;
2026/04/18;0100 UTC;0;975,1;975,3;974,7;0;17,8;16,4;18,3;17,4;16,6;16,1;95;91;93;131;,8;,3;
2026/04/18;0200 UTC;0;975,4;975,7;975,2;0;17,4;16;17,7;17,2;16,4;15,8;95;91;93;298;1,1;,6;
2026/04/18;0300 UTC;0;975,7;975,8;975,6;0;16,6;15,7;17,1;16,1;16;15,4;98;93;95;140;,9;,6;
2026/04/18;0400 UTC;;;;;;;;;;;;;;;;;;
2026/04/18;0500 UTC;0;975,5;975,8;975,3;0;15,9;15,6;16;15,5;15,7;15,2;99;98;99;124;,9;,2;
2026/04/18;0600 UTC;;;;;;;;;;;;;;;;;;
2026/04/18;0700 UTC;;;;;;;;;;;;;;;;;;
2026/04/18;0800 UTC;;;;;;;;;;;;;;;;;;
2026/04/18;0900 UTC;0;975,6;975,7;975,5;0;13,8;13,8;14;13,6;14,1;13,7;100;100;100;134;1,1;,6;
2026/04/18;1000 UTC;0;976;976,3;975,7;,8;13,8;13,8;14,1;13,3;14,1;13,4;100;100;100;288;1,2;,7;
2026/04/18;1100 UTC;0;976,7;977;976,3;198,5;13,9;13,8;14,6;13,3;14,6;13,4;100;98;99;150;1,4;,7;
2026/04/18;1200 UTC;0;977,2;977,4;977;1065,6;16,9;15,1;18,5;14,6;15,7;14,2;99;83;91;199;1;,4;
2026/04/18;1300 UTC;0;977,5;977,7;977,4;1926,1;19,8;16,1;20,9;18,5;17,1;15;87;71;82;211;2,1;,8;
2026/04/18;1400 UTC;0;977,6;977,6;977,5;2380,9;21,7;15,7;22,6;20,8;16,6;15;78;65;70;239;3;1;
2026/04/18;1500 UTC;0;977,3;977,6;976,9;2817,7;23,2;15,9;23,8;22;16,9;15,2;70;59;64;266;3;1,3;
2026/04/18;1600 UTC;;;;;;;;;;;;;;;;;;
2026/04/18;1700 UTC;0;975,7;976;975,4;2787,2;25,9;15,6;26,7;25,3;16,8;14,6;58;44;48;235;3,8;1,6;
2026/04/18;1800 UTC;0;975,1;975,4;974,8;2310,9;27;16;27,7;26,5;16,8;15,2;48;41;45;202;3,1;1,2;
2026/04/18;1900 UTC;0;974,7;974,8;974,6;1740,4;27,6;16,1;27,9;27,1;17;15,5;47;39;43;255;3;1,6;
2026/04/18;2000 UTC;0;974,7;974,8;974,6;1083,2;27,3;15,8;27,8;27,1;17,1;15,1;50;38;42;225;3,1;1,2;
2026/04/18;2100 UTC;0;974,6;974,7;974,6;317,3;25,3;14,9;27,1;22,9;16,7;14,5;59;43;48;148;1,4;,7;
2026/04/18;2200 UTC;0;974,9;975,2;974,7;,8;20,6;14,8;22,8;19,2;15,4;14,2;77;60;71;135;1;,6;
2026/04/18;2300 UTC;0;975,4;975,6;975,2;0;18,5;13,5;19,2;18;14,3;12,9;77;73;75;156;1,2;,8;
2026/04/19;0000 UTC;0;975,9;976,1;975,6;0;17,1;13,6;17,9;16,5;13,8;13,2;86;76;83;150;,8;,5;
2026/04/19;0100 UTC;0;976,3;976,5;976,1;0;16;13,7;16,5;15,6;14;13,5;91;87;89;149;,8;,3;
2026/04/19;0200 UTC;0;976,6;976,8;976,5;0;15,4;13,8;15,7;15,1;14,2;13,6;95;89;92;130;1,6;,5;
2026/04/19;0300 UTC;0;976,8;977;976,6;0;14,8;13,7;15,4;14,5;13,9;13,5;96;92;94;127;2,2;1,5;
2026/04/19;0400 UTC;;;;;;;;;;;;;;;;;;
2026/04/19;0500 UTC;0;976,7;976,8;976,7;0;13,3;13;13,6;13,1;13,3;12,8;100;98;99;196;,8;,2;
2026/04/19;0600 UTC;0;976,6;976,7;976,5;0;12,8;12,7;13,2;12,5;13,1;12,3;100;99;99;165;,8;,6;
2026/04/19;0700 UTC;0;976,6;976,7;976,5;0;12,4;12,3;12,6;11,9;12,6;11,8;100;99;100;268;,8;,4;
2026/04/19;0800 UTC;;;;;;;;;;;;;;;;;;
2026/04/19;0900 UTC;0;977,2;977,6;976,9;0;11,2;11,3;11,8;10,9;11,9;11;100;100;100;144;,8;,4;
2026/04/19;1000 UTC;0;977,9;978,3;977,6;,7;10,5;10,5;10,9;10,2;11;10,2;100;100;100;103;,6;,3;
2026/04/19;1100 UTC;0;978,7;979,1;978,3;225,8;11,2;11,2;12,7;10,5;12,6;10,5;100;98;100;249;1;,4;
2026/04/19;1200 UTC;0;979,6;980;979,1;1172,4;14,2;12,4;16,6;12,6;13,4;11,6;97;83;91;121;1,2;,5;
2026/04/19;1300 UTC;0;979,9;980;979,8;1556,2;18,2;14,4;20,1;16,8;15,6;12,9;87;75;81;176;1,6;,7;
2026/04/19;1400 UTC;;;;;;;;;;;;;;;;;;
2026/04/19;1500 UTC;;;;;;;;;;;;;;;;;;
2026/04/19;1600 UTC;;;;;;;;;;;;;;;;;;
2026/04/19;1700 UTC;0;977,9;978,3;977,5;2758,5;28,5;16,8;29,3;27,5;17,7;16;48;36;41;254;2,8;1,2;
2026/04/19;1800 UTC;0;977,1;977,5;976,8;2265,4;29,6;17,5;30;28,9;18,2;16,8;43;36;40;250;3,4;1,6;
2026/04/19;1900 UTC;0;976,8;977,1;976,7;1723,9;29,6;16;30,1;29,3;17,9;14,2;42;24;32;161;3,6;1,6;
2026/04/19;2000 UTC;0;977,2;977,4;976,9;1075,5;28,9;15,3;29,7;27,7;16;14,1;40;24;32;181;4,5;1,7;
2026/04/19;2100 UTC;0;977,5;977,7;977,2;305,2;26,3;16;27,7;24,1;16,5;15,4;59;39;48;180;2,5;1,1;
2026/04/19;2200 UTC;0;978;978,5;977,7;,1;21,9;15,4;24,1;20,2;16;14,7;73;60;68;151;1,9;,9;
2026/04/19;2300 UTC;0;978,7;978,9;978,5;0;19,5;14,7;20,2;18,8;14,9;14,5;80;72;76;143;1,5;,6;
2026/04/20;0000 UTC;0;978,9;979,1;978,8;0;18,7;14,2;18,8;18,6;14,9;13,8;81;75;78;127;2,6;,6;
2026/04/20;0100 UTC;0;979,2;979,4;979;0;18,8;13,7;19,5;18;14;13,1;79;71;75;114;2,2;,5;
2026/04/20;0200 UTC;0;979,7;979,9;979,4;0;17;13,3;18;16;13,6;12,9;86;76;81;231;,7;,3;
2026/04/20;0300 UTC;0;979,8;980;979,6;0;15,4;13,3;16;15,2;13,6;13,2;91;86;90;165;1,1;,6;
2026/04/20;0400 UTC;0;979,6;979,7;979,4;0;14,7;13,2;15,2;14,3;13,6;12,9;96;91;93;154;,7;,2;
2026/04/20;0500 UTC;0;979,4;979,5;979,2;0;14,5;13,2;15,1;14,1;13,4;13;96;89;93;257;,7;,4;
2026/04/20;0600 UTC;;;;;;;;;;;;;;;;;;
2026/04/20;0700 UTC;;;;;;;;;;;;;;;;;;
2026/04/20;0800 UTC;0;978,5;978,9;978,2;0;13,2;12,9;13,4;13;13,2;12,4;99;97;99;294;1,2;,7;
2026/04/20;0900 UTC;0;978,9;979,2;978,6;0;12,9;12,5;13;12,8;12,8;12,3;99;97;98;180;1,3;,4;
2026/04/20;1000 UTC;0;979,2;979,5;978,8;2,8;12,5;12,2;13;12;12,8;11,6;99;97;98;164;1,5;,6;
2026/04/20;1100 UTC;0;980;980,4;979,5;189,2;12,4;12,4;13,2;12;13,3;11,9;100;99;100;233;1,4;,4;
2026/04/20;1200 UTC;0;980,2;980,3;980,1;1089;15,9;14,5;18,1;13,3;15,3;13,3;100;83;93;268;1,9;1;
2026/04/20;1300 UTC;0;980,6;980,8;980,3;1644,7;19,6;15,7;21;18,1;16,5;14,6;86;74;80;265;2,2;1,1;
2026/04/20;1400 UTC;;;;;;;;;;;;;;;;;;
2026/04/20;1500 UTC;;;;;;;;;;;;;;;;;;
2026/04/20;1600 UTC;;;;;;;;;;;;;;;;;;
2026/04/20;1700 UTC;0;979,1;979,4;978,7;1409;26,7;17,5;27,1;26,5;18,2;16,9;57;52;54;64;2,2;1,1;
2026/04/20;1800 UTC;0;978,5;978,7;978,3;1114,5;27,4;17,9;28;26,9;19,6;17,2;59;47;52;240;1,6;,7;
2026/04/20;1900 UTC;0;978,2;978,4;978,1;932,7;28,2;19,6;28,8;27,4;21;17,5;65;46;57;222;1,7;,9;
2026/04/20;2000 UTC;0;978,2;978,3;978,1;441,4;26,8;19,3;27,3;26,4;21;18,4;70;58;62;169;1,2;,8;
2026/04/20;2100 UTC;0;978;978,2;977,9;114,3;25,4;19,4;26,4;24,3;20,2;19,1;74;64;70;179;1,6;,8;
2026/04/20;2200 UTC;0;978,4;978,9;978,2;,1;23,6;19,3;24,3;23,1;19,5;19;82;74;78;215;,8;,4;
2026/04/20;2300 UTC;0;978,9;979,5;978,7;0;22,7;19,3;23,2;21,9;19,9;19,1;88;81;83;268;3,3;1,5;
2026/04/21;0000 UTC;0;979,5;979,8;979,3;0;21,7;18,8;21,9;21,4;19,4;18,2;87;84;86;243;3,6;1,6;
2026/04/21;0100 UTC;0;980,3;980,8;979,8;0;21,4;18,1;21,5;21,2;18,3;17,8;85;82;83;250;5,3;2,3;
2026/04/21;0200 UTC;0;980,5;980,8;980,2;0;20,7;18,1;21,2;20,4;18,3;18;89;85;87;207;2,5;,8;
2026/04/21;0300 UTC;0;980,3;980,5;980,1;0;20,4;17,8;20,4;20,3;18,1;17,4;89;86;87;200;3,5;1,2;
2026/04/21;0400 UTC;0;980,4;980,6;980,2;0;20;17,1;20,3;19,7;17,5;16,9;87;84;85;191;3,8;1,1;
2026/04/21;0500 UTC;0;980,5;980,6;980,2;0;19,5;17,1;19,7;19,4;17,3;17;89;87;88;196;4,9;1;
2026/04/21;0600 UTC;0;980,6;980,8;980,3;0;19,3;17,4;19,4;19,1;17,5;17,2;92;89;91;179;2,6;1,1;
2026/04/21;0700 UTC;;;;;;;;;;;;;;;;;;
2026/04/21;0800 UTC;;;;;;;;;;;;;;;;;;
2026/04/21;0900 UTC;1;981,2;981,5;980,8;0;18,5;18,3;18,7;18,4;18,4;18,2;99;98;99;84;2,6;1,3;
2026/04/21;1000 UTC;,4;981,2;981,5;981;,1;18,4;18,2;18,4;18,4;18,2;18;99;98;99;119;3,8;1,6;
2026/04/21;1100 UTC;,4;981,4;981,6;980,9;30,6;18,6;18,1;18,7;18,4;18,3;18;99;97;98;84;3,3;1,6;
2026/04/21;1200 UTC;5,2;982;982,4;981,6;51,6;18,6;18,1;18,7;18,4;18,2;17,9;98;96;98;121;5,4;2,7;
2026/04/21;1300 UTC;1,6;982,1;982,4;981,8;389,3;18,8;18,1;19,6;18,4;18,7;17,7;98;94;97;126;5;2,3;
2026/04/21;1400 UTC;0;982;982,3;981,7;835,5;20,3;18,5;20,9;19,6;19,1;18;96;87;91;93;2,6;1,5;
2026/04/21;1500 UTC;;;;;;;;;;;;;;;;;;
2026/04/21;1600 UTC;;;;;;;;;;;;;;;;;;
2026/04/21;1700 UTC;0;980,3;980,8;980;1113;21,4;19,8;22,1;20,7;20,5;19,1;95;87;92;114;2,7;1,4;
2026/04/21;1800 UTC;0;979,7;980;979,4;1731,3;23;19,8;23,4;22,1;20,6;19,2;92;80;84;73;2,8;1,5;
2026/04/21;1900 UTC;0;979,3;979,4;979,1;1075,5;23,4;19,7;24,6;22,9;20,5;19;87;76;81;235;2;,7;
2026/04/21;2000 UTC;0;979,1;979,2;979;849,5;24,6;19,8;24,9;24,2;20,7;19,3;79;74;76;73;2,2;1,1;
2026/04/21;2100 UTC;0;979,1;979,2;979,1;125,5;23,1;20;24,1;22,6;20,3;19,3;89;77;84;147;,7;,3;
2026/04/21;2200 UTC;0;979,2;979,3;979,2;1,6;21,6;20,3;22,5;20,9;20,6;20;96;88;93;133;1,2;,8;
2026/04/21;2300 UTC;0;979,5;979,7;979,3;0;20,7;19,9;21;20,5;20;19,8;97;95;96;139;1,1;,5;
2026/04/22;0000 UTC;0;979,9;980,2;979,7;0;20,8;20;21,1;20,5;20,2;20;97;95;96;189;,5;,2;
2026/04/22;0100 UTC;0;980,2;980,4;980,1;0;20,2;19,8;20,5;20;19,9;19,7;99;97;98;127;,6;,2;
2026/04/22;0200 UTC;0;980,4;980,5;980,3;0;20,5;20,1;20,9;20;20,4;19,7;100;96;98;193;1;,3;
2026/04/22;0300 UTC;0;980,3;980,4;980,3;0;20,5;20,2;20,7;20,4;20,2;20,1;99;97;98;122;1,6;1;
2026/04/22;0400 UTC;0;980,5;980,6;980,4;0;20,5;20,2;20,5;20,4;20,3;20;99;98;99;248;,8;,3;
2026/04/22;0500 UTC;0;980,5;980,6;980,3;0;20,6;20,4;20,6;20,5;20,5;20,3;99;99;99;86;,7;,3;
2026/04/22;0600 UTC;0;980,1;980,3;979,9;0;20,6;20,5;20,7;20,5;20,6;20,3;100;99;99;159;,8;,5;
2026/04/22;0700 UTC;;;;;;;;;;;;;;;;;;
2026/04/22;0800 UTC;;;;;;;;;;;;;;;;;;
2026/04/22;0900 UTC;0;980,1;980,4;979,9;0;19,9;19,9;20;19,7;20;19,8;100;100;100;222;,7;,1;
2026/04/22;1000 UTC;0;980,5;980,8;980,4;,1;19,7;19,8;19,8;19,7;19,9;19,7;100;100;100;106;1,1;,5;
2026/04/22;1100 UTC;0;981;981,2;980,8;149,4;20,3;20,3;21,1;19,7;21,2;19,8;100;100;100;232;,5;,2;
2026/04/22;1200 UTC;0;981,4;981,6;981,2;715,9;22,2;21;23,3;21,1;21,3;20,7;100;87;94;178;2,9;1,1;
2026/04/22;1300 UTC;0;981,8;982;981,6;1185,4;23,9;21,1;24,9;23,2;21,7;20,8;90;80;86;252;2,1;1,2;
2026/04/22;1400 UTC;;;;;;;;;;;;;;;;;;
2026/04/22;1500 UTC;0;981,9;982,1;981,8;2213,9;26,4;21,6;27,6;25,2;22,3;21,1;81;71;76;239;3,1;1,3;
2026/04/22;1600 UTC;;;;;;;;;;;;;;;;;;
2026/04/22;1700 UTC;0;980,6;981,1;980,2;2623,2;28,4;21,3;28,9;27,9;22,2;20,5;71;58;64;225;4,1;1,4;
2026/04/22;1800 UTC;0;979,9;980,2;979,7;2178,7;29,5;21,5;30,1;29,1;22,8;20,6;67;56;60;224;2,7;1,2;
2026/04/22;1900 UTC;0;979,7;979,8;979,6;1306,6;29,1;21;30,3;27,8;21,9;20,2;66;53;60;247;2,9;1,3;
2026/04/22;2000 UTC;0;980;980,2;979,8;359,7;27,1;20,8;29,8;26;21,6;20,3;76;53;68;169;2,7;1,1;
2026/04/22;2100 UTC;0;980,3;980,5;980;245,9;26,8;21;27,4;25,5;21,4;20,5;78;66;71;212;1,6;,6;
2026/04/22;2200 UTC;0;980,9;981,3;980,5;,5;24,3;20,7;25,5;23,5;21,4;20,3;84;79;82;131;1,6;,8;
2026/04/22;2300 UTC;0;981,6;981,9;981,3;0;22,3;20,4;23,4;21,5;20,6;20,2;94;84;90;133;1,2;,6;
2026/04/23;0000 UTC;0;982,2;982,3;981,9;0;21,1;20,1;21,5;20,8;20,3;19,9;96;93;95;147;1;,5;
2026/04/23;0100 UTC;0;982,6;982,7;982,4;0;20,6;19,8;20,8;20,3;20;19,6;97;95;96;147;,7;,4;
2026/04/23;0200 UTC;0;982,7;982,8;982,6;0;20,1;19,5;20,3;19,8;19,7;19,3;99;96;97;154;1;,5;
2026/04/23;0300 UTC;0;982,8;982,9;982,7;0;19,7;19,4;19,8;19,5;19,6;19;99;97;99;234;1,3;,6;
2026/04/23;0400 UTC;0;982,6;982,8;982,4;0;19,5;19,3;19,6;19,2;19,5;19,1;100;99;99;149;1;,5;
2026/04/23;0500 UTC;0;982,5;982,6;982,4;0;19,1;19;19,3;19;19,1;18,8;100;99;99;234;1;,5;
2026/04/23;0600 UTC;0;982,4;982,5;982,2;0;19,3;19,3;19,4;19,1;19,4;19,1;100;100;100;185;2;,7;
2026/04/23;0700 UTC;0;982,2;982,3;982,2;0;19,2;19,3;19,4;19,1;19,4;19,1;100;100;100;191;1,1;,5;
2026/04/23;0800 UTC;0;982,3;982,4;982,2;0;19;19,1;19,1;19;19,2;19;100;100;100;188;,9;,4;
2026/04/23;0900 UTC;0;982,5;982,6;982,4;0;19,2;19,2;19,2;19;19,3;19;100;100;100;183;2,2;,8;
2026/04/23;1000 UTC;0;982,7;983;982,4;,6;19;19;19,2;18,8;19,2;18,9;100;99;100;180;4,3;1,5;
2026/04/23;1100 UTC;0;983,4;983,6;983;92,6;19,4;19,1;19,8;19;19,2;18,9;99;96;98;163;2,4;1;
2026/04/23;1200 UTC;0;983,6;983,7;983,4;570,7;20,9;19,2;22;19,8;19,6;18,8;96;86;92;168;6,4;2,5;
2026/04/23;1300 UTC;0;984,2;984,6;983,7;77,5;20,7;18,8;21,2;20,5;19;18,7;92;88;91;179;6,3;2,7;
2026/04/23;1400 UTC;;;;;;;;;;;;;;;;;;
2026/04/23;1500 UTC;3,4;984,3;984,7;984,1;203,8;19,9;19,3;20,2;19,8;19,6;19,1;98;96;97;117;3,4;1,5;
2026/04/23;1600 UTC;;;;;;;;;;;;;;;;;;
2026/04/23;1700 UTC;,2;982;982,4;981,8;1010,8;21,8;20,2;22,2;21;21;19,7;96;87;92;220;2,4;,6;
2026/04/23;1800 UTC;0;981,8;981,9;981,7;489,5;22,1;20,4;22,4;21,5;21,1;19,9;94;89;92;178;5,7;2,7;
2026/04/23;1900 UTC;0;981,5;981,7;981,4;548,7;21,9;19,9;22,2;21,4;20,3;19,6;93;87;90;129;5,2;2,8;
2026/04/23;2000 UTC;0;981,6;981,7;981,4;251,8;21,9;19,9;22,1;21,6;20,2;19,6;92;89;90;180;3,5;1,6;
2026/04/23;2100 UTC;0;981,8;982;981,7;59,6;21,3;19,8;21,6;20,9;20,2;19,5;94;91;93;166;2,5;,9;
2026/04/23;2200 UTC;0;981,9;982;981,8;0;20,7;19,3;20,9;20,6;19,6;19,2;94;92;93;174;3,3;1,8;
2026/04/23;2300 UTC;0;982,5;983;981,9;0;20,4;19,3;20,5;20,4;19,4;19,2;95;93;94;186;2,9;1,1;
2026/04/24;0000 UTC;0;983,1;983,3;983;0;20,4;19,4;20,4;20,2;19,6;19,2;97;94;95;180;3,7;1,9;
2026/04/24;0100 UTC;,4;983,3;983,5;983,2;0;20;19,4;20,2;19,6;19,7;19,2;98;96;97;188;5,6;1,5;
2026/04/24;0200 UTC;,8;983,2;983,5;982,7;0;19,3;18,9;19,6;18,9;19,2;18,6;99;97;98;173;6,3;2,4;
2026/04/24;0300 UTC;1,8;982,3;982,7;982;0;18,7;18,4;18,9;18,6;18,6;18,3;99;98;98;169;5,3;2,3;
2026/04/24;0400 UTC;1,6;982,1;982,5;981,6;0;18,5;18,4;18,6;18,4;18,5;18,3;100;99;100;166;3,2;1,3;
2026/04/24;0500 UTC;4;981,8;982,4;981,4;0;18,4;18,3;18,5;18,4;18,4;18,3;100;99;100;227;3;,8;
2026/04/24;0600 UTC;8,8;982,3;982,7;981,8;0;18,3;18,4;18,4;18,2;18,4;18,3;100;100;100;167;5,2;1,5;
2026/04/24;0700 UTC;;;;;;;;;;;;;;;;;;
2026/04/24;0800 UTC;3,4;981,6;982;981,3;0;17,9;18;18;17,9;18;17,9;100;100;100;171;3,1;1,5;
2026/04/24;0900 UTC;1,6;981,1;981,5;980,8;0;17,9;17,9;17,9;17,8;17,9;17,8;100;100;100;151;5;1,9;
2026/04/24;1000 UTC;3,6;981,3;981,6;981;0;18;17,9;18;17,9;18;17,8;100;99;100;99;2,5;1,2;
2026/04/24;1100 UTC;1,2;981,6;981,9;981,3;24,8;18,1;18,1;18,3;18;18,2;17,9;100;99;100;120;2,3;1,3;
2026/04/24;1200 UTC;,2;981,6;981,8;981,4;193,3;18,7;18,5;19,1;18,3;19;18,2;100;98;99;146;1,8;,5;
2026/04/24;1300 UTC;1,4;981,7;981,9;981,5;306,6;19,4;18,9;19,6;19,1;19,4;18,6;99;96;98;188;1,5;,7;
2026/04/24;1400 UTC;;;;;;;;;;;;;;;;;;
2026/04/24;1500 UTC;0;981,5;981,8;981;437;19,9;19,5;20;19,8;19,8;19,2;99;97;98;184;2,3;1,1;
2026/04/24;1600 UTC;;;;;;;;;;;;;;;;;;
2026/04/24;1700 UTC;,2;979,5;979,8;979,1;224,2;20,3;19,4;20,6;20,2;20;18,6;99;90;95;177;1,7;,7;
2026/04/24;1800 UTC;0;978,9;979,1;978,7;142,8;20;19,7;20,4;19,6;20,2;19,2;99;97;98;170;2,8;,7;
2026/04/24;1900 UTC;,2;978,8;978,8;978,6;142,4;19,4;19,1;19,6;19,3;19,3;18,8;99;97;98;173;2,1;,8;
2026/04/24;2000 UTC;2;978,7;978,8;978,5;44,8;19;18,9;19,3;18,7;19,1;18,6;100;99;99;186;4,4;1,1;
2026/04/24;2100 UTC;,2;978,5;978,7;978,4;21,6;18,6;18,6;18,7;18,6;18,7;18,5;100;100;100;162;2,6;1,1;
2026/04/24;2200 UTC;,6;978,8;979,2;978,4;0;18,6;18,6;18,7;18,6;18,7;18,6;100;100;100;220;2,4;1;
2026/04/24;2300 UTC;1,2;978,3;979;977,8;0;18,6;18,6;18,7;18,4;18,8;18,4;100;100;100;115;4,8;1,9;
2026/04/25;0000 UTC;,4;978,9;979,6;977,7;0;18,6;18,5;18,6;18,4;18,7;18,3;100;99;100;226;2,8;1,1;
2026/04/25;0100 UTC;1;979,5;979,9;979,2;0;18,6;18,6;18,6;18,5;18,7;18,5;100;100;100;271;1,8;,5;
2026/04/25;0200 UTC;,8;979,4;979,9;979;0;18,5;18,5;18,5;18,4;18,6;18,5;100;100;100;228;2;1;
2026/04/25;0300 UTC;,6;979;979,6;978,2;0;18,4;18,4;18,5;18,3;18,5;18,4;100;100;100;73;2,6;1,6;
2026/04/25;0400 UTC;,2;977,7;978,8;977;0;18,5;18,5;18,6;18,3;18,7;18,4;100;100;100;253;7,8;2,7;
2026/04/25;0500 UTC;,4;979;979,4;978,4;0;18,5;18,5;18,6;18,4;18,6;18,5;100;100;100;253;1,2;,6;
2026/04/25;0600 UTC;;;;;;;;;;;;;;;;;;
2026/04/25;0700 UTC;0;978,3;978,5;977,9;0;18,3;18,4;18,4;18,1;18,4;18,2;100;100;100;148;1,3;,8;
2026/04/25;0800 UTC;;;;;;;;;;;;;;;;;;
2026/04/25;0900 UTC;0;978,2;978,3;978,1;0;18,2;18,2;18,3;18,1;18,3;18,2;100;100;100;46;2;1,1;
2026/04/25;1000 UTC;0;978,3;978,5;978,2;0;18,2;18,3;18,3;18,2;18,4;18,2;100;100;100;215;1;,4;
2026/04/25;1100 UTC;0;978,7;979,2;978,5;128,5;17,9;17,9;18,3;17,7;18,4;17,7;100;100;100;242;1;,5;
2026/04/25;1200 UTC;0;979,6;979,8;979,2;725,6;19,1;18,7;20,3;18,4;19,2;18,3;100;90;98;270;1,9;1;
2026/04/25;1300 UTC;,2;979,8;980;979,7;1122,8;20,7;18,4;21,3;20,2;19,1;17,8;93;84;88;302;3;1,3;
2026/04/25;1400 UTC;;;;;;;;;;;;;;;;;;
2026/04/25;1500 UTC;;;;;;;;;;;;;;;;;;
2026/04/25;1600 UTC;0;978,3;978,8;977,9;1635,6;23,3;18,2;24,2;22,3;19,4;17,3;84;67;75;291;4,3;1,9;
2026/04/25;1700 UTC;0;977,5;977,8;977;1437,8;24,2;18,1;25,2;23,7;19,1;17,4;77;62;70;225;2,9;1,4;
2026/04/25;1800 UTC;0;976,8;977;976,6;1058;23,8;18,8;24,3;23,4;19,5;18;79;69;75;252;3;1,3;
2026/04/25;1900 UTC;0;976,6;976,7;976,5;678,9;23,5;18,9;23,8;23;19,7;17,6;82;69;77;194;2,5;1;
2026/04/25;2000 UTC;0;976,7;976,8;976,6;229,5;22,6;19,1;23;22,2;19,6;18,6;86;80;83;198;1,5;,5;
2026/04/25;2100 UTC;0;976,7;976,8;976,6;65,7;22;19,1;22,2;21,6;19,5;18,6;88;83;85;232;1,5;,7;
2026/04/25;2200 UTC;0;976,7;976,8;976,6;0;21,2;19,2;21,6;20,9;19,6;19;92;87;90;107;1,5;,8;
2026/04/25;2300 UTC;0;976,7;976,8;976,6;0;20,8;18,9;21;20,4;19,4;18,5;93;88;90;171;2,3;1,4;
2026/04/26;0000 UTC;0;976,7;976,9;976,5;0;20,1;18,8;20,4;20;19,2;18,5;96;91;94;138;1,4;,7;
2026/04/26;0100 UTC;0;976,7;976,9;976,4;0;19,8;19,1;20,2;19,7;19,4;18,8;98;93;97;241;1,6;,8;
2026/04/26;0200 UTC;0;976,9;977,1;976,7;0;19,6;19,3;19,8;19,2;19,5;19;99;98;99;245;1;,6;
2026/04/26;0300 UTC;0;976,7;976,9;976,6;0;18,9;18,8;19,2;18,6;18,9;18,6;100;99;99;211;1,2;,5;
2026/04/26;0400 UTC;0;976,6;976,8;976,4;0;18,5;18,5;18,7;18,3;18,7;18,3;100;100;100;160;,8;,3;
2026/04/26;0500 UTC;0;976,1;976,6;975,7;0;18,4;18,4;18,4;18,2;18,5;18,3;100;100;100;195;1,1;,5;
2026/04/26;0600 UTC;0;975,5;975,9;975,2;0;18,3;18,3;18,4;18,1;18,4;18,2;100;100;100;213;1,4;,5;
2026/04/26;0700 UTC;0;975,1;975,4;974,9;0;18;18,1;18,1;18;18,2;18;100;100;100;206;1,6;,6;
2026/04/26;0800 UTC;0;974,8;975;974,6;0;17,9;18;18;17,9;18,1;18;100;100;100;202;1,6;,4;
2026/04/26;0900 UTC;0;974,8;975,1;974,6;0;17,7;17,7;18;17,5;18;17,5;100;100;100;171;1,6;,7;
2026/04/26;1000 UTC;0;975,4;975,8;975,2;0;17,5;17,5;17,6;17,3;17,6;17,4;100;100;100;205;1,5;,5;
2026/04/26;1100 UTC;0;975,9;976,1;975,7;82,5;17,4;17,5;17,6;17,3;17,6;17,3;100;100;100;301;1,1;,6;
2026/04/26;1200 UTC;0;976,3;976,6;976,1;364,5;17,7;17,7;18;17,4;18;17,4;100;100;100;259;2;1,1;
2026/04/26;1300 UTC;0;976,7;976,9;976,5;723,5;18;18;18,5;17,7;18,5;17,8;100;99;100;196;1,5;,6;
2026/04/26;1400 UTC;;;;;;;;;;;;;;;;;;
2026/04/26;1500 UTC;;;;;;;;;;;;;;;;;;
2026/04/26;1600 UTC;;;;;;;;;;;;;;;;;;
2026/04/26;1700 UTC;0;974,4;975;974;2368,9;26,3;17,2;27,5;25,3;18,1;16,2;60;50;54;283;5,8;2,4;
2026/04/26;1800 UTC;0;973,7;973,9;973,5;1691,9;26,1;16,2;27,1;24,7;17,2;15,6;60;44;51;226;5;1,5;
2026/04/26;1900 UTC;0;973,6;973,8;973,5;1642,8;26,7;15,9;27,3;26,3;16,9;15,4;50;43;46;265;4,8;2,3;
2026/04/26;2000 UTC;0;974,1;974,5;973,8;960;25,9;15,6;27;24,9;17,3;15;53;45;49;244;5,4;2,4;
2026/04/26;2100 UTC;0;975,1;975,6;974,5;241,9;23,7;14,3;25;22,2;15,3;13,8;60;48;53;281;2,4;1,1;
2026/04/26;2200 UTC;0;975,9;976,3;975,6;0;20,5;14,3;22,1;19,3;15;13,8;77;61;69;325;1,4;,8;
2026/04/26;2300 UTC;0;976,5;976,8;976,3;0;18,6;14,8;19,3;17,6;15,3;14,1;88;75;81;247;,6;,3;
2026/04/27;0000 UTC;0;977,1;977,4;976,8;0;17,1;15,2;17,6;16,7;15,5;14,9;93;87;91;321;1,5;,8;
2026/04/27;0100 UTC;0;977,6;977,8;977,4;0;16,4;15;16,8;16,1;15,3;14,7;94;91;93;335;1,2;,7;
2026/04/27;0200 UTC;0;978,1;978,4;977,9;0;15,6;14,4;16,1;15;14,7;14,1;97;92;94;222;,8;,4;
2026/04/27;0300 UTC;0;978,4;978,7;978,3;0;15;14,3;15,3;14,8;14,6;13,9;98;94;97;253;3,5;1,2;
2026/04/27;0400 UTC;0;978,8;978,9;978,6;0;14,8;13,6;15;14,6;13,9;13,2;96;92;94;272;3,3;,7;
2026/04/27;0500 UTC;0;979,1;979,3;978,9;0;14,8;12,7;15,1;14,3;13,3;12,3;93;87;89;257;2,4;,8;
2026/04/27;0600 UTC;;;;;;;;;;;;;;;;;;
2026/04/27;0700 UTC;0;979,2;979,5;979,1;0;13,6;9,5;14;13,4;10,8;8,1;85;74;80;289;3,2;1,3;
2026/04/27;0800 UTC;0;979,7;979,9;979,5;0;13;7,1;13,4;12,3;8,2;5,5;74;66;70;298;3,4;1,8;
2026/04/27;0900 UTC;0;980,3;980,7;979,9;0;11,7;5,3;12,3;11,2;5,9;4,7;71;66;68;298;3,1;1,4;
2026/04/27;1000 UTC;0;981,3;982;980,7;0;10,6;4,6;11,2;9,8;5,2;4,3;74;68;70;272;3,8;1,7;
2026/04/27;1100 UTC;0;982,6;983,1;982,1;187,9;9,8;4;10,5;9,6;4,7;3,1;75;64;71;276;3,5;1,4;
2026/04/27;1200 UTC;0;983,4;983,9;983,1;1038,6;11,7;4;12,6;10,6;5,5;3,2;68;54;61;264;5,6;2,4;
2026/04/27;1300 UTC;0;984;984,2;983,8;1754,1;13,2;3,7;14;12,5;4,5;2,9;58;45;53;257;6,6;3,1;
2026/04/27;1400 UTC;;;;;;;;;;;;;;;;;;
2026/04/27;1500 UTC;;;;;;;;;;;;;;;;;;
2026/04/27;1600 UTC;0;982,9;983,3;982,5;2854;17,1;5,6;17,5;16,4;6,3;4,7;47;40;42;277;4,8;2,3;
2026/04/27;1700 UTC;0;982,1;982,5;981,8;2725,3;17,8;5,9;18,4;17,2;6,6;5;45;36;40;256;5,1;1,7;
2026/04/27;1800 UTC;0;981,7;981,9;981,6;2255,3;18,5;6,2;19,1;18,1;7,2;5,5;43;35;39;273;4,7;1,8;
2026/04/27;1900 UTC;0;981,7;981,8;981,6;1700,2;18,9;6,1;19,3;18,4;6,8;5,3;41;33;36;246;5,3;2;
2026/04/27;2000 UTC;0;981,7;981,9;981,7;983,4;18,4;5,8;18,8;18,1;7,1;5,1;42;34;37;266;4,3;1,9;
2026/04/27;2100 UTC;0;982,1;982,4;981,8;235,9;16,5;5,2;18,2;14,2;6,3;4,3;53;36;44;219;2,2;,9;
2026/04/27;2200 UTC;0;982,6;982,8;982,3;0;12,6;4,8;14,2;11,5;5,6;4;70;52;61;227;1,3;,5;
2026/04/27;2300 UTC;0;983,1;983,4;982,8;0;10,7;5,6;11,5;10;6,5;4,7;82;68;74;205;1;,4;
2026/04/28;0000 UTC;0;983,7;983,9;983,4;0;9,5;5,5;10;9;6,4;4,2;85;73;80;179;1,5;,4;
2026/04/28;0100 UTC;0;984;984,1;983,9;0;8,5;6,2;8,9;7,8;6,6;5,4;91;86;89;167;1,7;,8;
2026/04/28;0200 UTC;0;984;984,1;983,9;0;7,6;5,8;7,8;7,5;6,2;5,4;93;89;91;222;,5;,3;
2026/04/28;0300 UTC;0;983,8;983,9;983,7;0;7,1;6,1;7,5;6,8;6,5;5,8;97;91;95;192;,9;,4;
2026/04/28;0400 UTC;0;983,6;983,7;983,4;0;6,3;5,7;6,8;5,9;6;5,5;99;95;97;256;1,1;,4;
2026/04/28;0500 UTC;0;983,3;983,4;983,1;0;5,9;5,8;6,3;5,4;6,2;5,3;100;99;100;147;,7;,2;
2026/04/28;0600 UTC;0;983;983,1;982,8;0;5,3;5,4;5,5;5,2;5,5;5,2;100;100;100;184;1;,4;
2026/04/28;0700 UTC;0;982,7;982,8;982,6;0;4,7;4,8;5,2;4,5;5,3;4,5;100;100;100;63;,6;,1;
2026/04/28;0800 UTC;;;;;;;;;;;;;;;;;;
2026/04/28;0900 UTC;0;982,8;983;982,6;0;4,3;4,3;4,5;4,1;4,5;4,1;100;100;100;251;1,1;,5;
2026/04/28;1000 UTC;0;983,5;983,9;983;,2;4,2;4,3;4,4;4;4,5;4;100;100;100;266;,9;,4;
2026/04/28;1100 UTC;0;984,4;984,9;983,9;132,8;4,8;4,8;5,3;4,4;5,3;4,5;100;100;100;225;,9;,4;
2026/04/28;1200 UTC;0;985,3;985,4;984,9;640,5;6;6,1;7,4;5,3;7,4;5,4;100;100;100;131;1,1;,6;
2026/04/28;1300 UTC;0;985,5;985,6;985,4;1455,7;8,6;7,7;10,4;7,1;8,5;7,1;100;84;95;188;1,8;,8;
2026/04/28;1400 UTC;;;;;;;;;;;;;;;;;;
2026/04/28;1500 UTC;;;;;;;;;;;;;;;;;;
2026/04/28;1600 UTC;;;;;;;;;;;;;;;;;;
2026/04/28;1700 UTC;0;982,7;983,3;982,1;2680,5;19,2;7,6;19,9;17,7;8,7;5,8;46;37;42;213;3,6;1,4;
2026/04/28;1800 UTC;0;981,8;982,1;981,8;2208,6;20;7,4;20,7;19,4;8,5;6,5;43;34;37;277;3,8;1,7;
2026/04/28;1900 UTC;0;981,7;981,9;981,2;1654,8;20;7,1;20,4;19,6;7,8;6,4;40;33;36;269;2;,9;
2026/04/28;2000 UTC;0;981,1;981,2;981;949,4;20;7,3;20,6;19,6;8,4;6,3;44;31;36;249;2,3;1,1;
2026/04/28;2100 UTC;0;981,1;981,2;981;219,8;18,3;7,2;19,8;15,4;8,2;6,4;62;37;44;255;,9;,3;
2026/04/28;2200 UTC;0;981,2;981,5;981,2;0;13,4;7,1;15,3;12,1;8;6,3;75;60;69;142;,8;,2;
2026/04/28;2300 UTC;0;981,4;981,6;981,2;0;11,3;6,5;12;10,5;7,3;5,3;83;68;76;156;2,2;1;
2026/04/29;0000 UTC;0;981,5;981,7;981,2;0;10,7;5,4;11,5;9,7;6,2;4,5;83;66;74;102;,7;,5;
2026/04/29;0100 UTC;0;981,9;982;981,7;0;9;6,5;9,6;8,6;7,4;6,2;94;84;88;255;,7;,3;
2026/04/29;0200 UTC;0;981,8;982;981,7;0;8,4;7,4;8,6;8;7,8;6,9;97;92;95;210;,8;,4;
2026/04/29;0300 UTC;0;981,9;982,2;981,7;0;7,5;7,1;8;7;7,5;6,7;99;95;98;322;,7;,5;
2026/04/29;0400 UTC;0;981,4;981,7;981,1;0;7;6,9;7,3;6,7;7,3;6,6;100;99;100;284;1,1;,4;
2026/04/29;0500 UTC;0;980,7;981,1;980,3;0;6,7;6,6;7;6,3;7;6,2;100;99;100;71;,9;,5;
2026/04/29;0600 UTC;;;;;;;;;;;;;;;;;;
2026/04/29;0700 UTC;0;979,5;979,8;979,2;0;5,5;5,5;6;5,2;6;5,2;100;99;100;161;1,1;,6;
2026/04/29;0800 UTC;;;;;;;;;;;;;;;;;;
2026/04/29;0900 UTC;0;979,1;979,3;978,8;0;5,3;5,4;5,7;4,8;5,7;4,9;100;100;100;197;1;,6;
2026/04/29;1000 UTC;0;979,9;980,3;979,3;0;5,2;5,2;5,4;4,8;5,4;4,9;100;100;100;188;,9;,5;
2026/04/29;1100 UTC;0;980,5;980,7;980,2;116,6;5,9;5,9;6,6;5,4;6,7;5,4;100;100;100;151;1,3;,7;
2026/04/29;1200 UTC;0;981;981,2;980,7;808,4;8,3;7,9;11;6,6;9,4;6,7;100;86;98;165;1,4;,7;
2026/04/29;1300 UTC;0;980,8;980,9;980,7;1516,5;13,3;9,2;15,3;11,2;10,7;7,7;85;74;80;235;2;,9;
2026/04/29;1400 UTC;0;980,4;980,8;980,2;2246;17,6;10,8;19,9;15,4;12,1;9,9;76;55;66;156;1,8;,9;
2026/04/29;1500 UTC;;;;;;;;;;;;;;;;;;
2026/04/29;1600 UTC;0;978,9;979,1;978,7;2708,7;23,2;11,9;24,2;22;12,8;11;49;39;44;187;3,1;1,1;
2026/04/29;1700 UTC;0;978,3;978,8;978,1;2585,6;24,7;13;25,4;24,1;13,7;12,4;47;38;42;261;3,1;1,7;
2026/04/29;1800 UTC;0;977,9;978,1;977,8;2136,8;25,1;12,7;25,4;24,8;13,4;11,5;42;32;38;224;3,4;1,5;
2026/04/29;1900 UTC;0;978;978,2;977,9;1603,9;25;12,2;25,4;24,7;12,6;11,5;39;33;36;201;3,1;1;
2026/04/29;2000 UTC;0;978,2;978,4;978,1;917,4;24,2;11,7;25;23,5;12,8;11,3;41;35;37;190;2,5;1,1;
2026/04/29;2100 UTC;0;978,7;979;978,3;210,1;21,7;10,4;23,4;19,4;11,5;8,3;47;39;44;174;2,7;1,5;
2026/04/29;2200 UTC;0;979,4;979,6;979;0;17,6;8;19,4;16,5;8,8;7,5;57;44;52;154;3,6;1,2;
2026/04/29;2300 UTC;0;979,5;979,6;979,3;0;14,7;8,4;16,4;13,9;9,3;7,7;76;58;69;156;,9;,4;
2026/04/30;0000 UTC;0;979,7;979,8;979,6;0;13,1;9,4;14;12,6;9,7;8,8;84;77;82;222;,8;,5;
2026/04/30;0100 UTC;0;980,2;980,6;979,8;0;11,8;9,5;12,6;11,4;10;9,1;93;83;88;208;,6;,2;
2026/04/30;0200 UTC;0;980,8;981;980,5;0;10,9;9,7;11,6;10,5;10,1;9,4;96;91;94;158;,5;,2;
2026/04/30;0300 UTC;0;981,4;981,7;981;0;10;9,5;10,5;9,7;9,8;9,1;100;95;97;79;,6;,4;
2026/04/30;0400 UTC;0;981,8;981,9;981,7;0;9,6;9,4;10;9,4;10;8,9;100;98;99;279;,5;,2;
2026/04/30;0500 UTC;0;981,8;981,9;981,6;0;9,1;9;9,6;8,6;9,7;8,3;100;98;99;267;,4;,2;
2026/04/30;0600 UTC;;;;;;;;;;;;;;;;;;
2026/04/30;0700 UTC;;;;;;;;;;;;;;;;;;
2026/04/30;0800 UTC;0;981,7;981,8;981,5;0;7,5;7,5;7,8;7,1;7,8;7,2;100;100;100;234;,4;,3;
2026/04/30;0900 UTC;0;981,8;981,9;981,7;0;7,3;7,3;7,6;7,1;7,6;7,1;100;100;100;247;,5;,2;
2026/04/30;1000 UTC;0;982;982,2;981,8;0;6,9;7;7,1;6,6;7,1;6,7;100;100;100;224;,8;,3;
2026/04/30;1100 UTC;0;982,5;982,7;982,2;130,8;7,3;7,4;7,8;6,6;7,9;6,6;100;100;100;159;,9;,6;
2026/04/30;1200 UTC;0;983;983,2;982,7;507,2;9,2;9,3;10,4;7,7;10,4;7,8;100;100;100;216;1,5;,6;
2026/04/30;1300 UTC;0;983,3;983,5;983,2;1676,2;12,6;11,3;14,8;10,4;12,1;10,4;100;83;93;285;2,2;1,1;
2026/04/30;1400 UTC;;;;;;;;;;;;;;;;;;
2026/04/30;1500 UTC;;;;;;;;;;;;;;;;;;
2026/04/30;1600 UTC;0;981,4;982;981;2711,3;23,8;14;25,1;22,3;14,6;13,2;58;44;51;218;2,9;1,1;
2026/04/30;1700 UTC;0;980,4;981;980;2599,3;26;12,9;27,1;24,8;14,4;11,5;47;26;34;119;4,1;1,7;
2026/04/30;1800 UTC;0;979,7;980,1;979,6;2145;27,2;13,2;27,5;26,9;14,2;12,4;35;27;30;139;3,9;1,6;
2026/04/30;1900 UTC;0;979,6;979,6;979,5;1589,3;27,3;13,5;27,5;26,9;14,6;12,8;38;28;31;97;2,9;1,4;
2026/04/30;2000 UTC;0;979,6;979,7;979,5;897,6;26,8;12,9;27,3;26,1;13,5;12,4;34;27;30;155;2,2;1;
2026/04/30;2100 UTC;0;979,8;980,1;979,6;172,5;23,3;11,9;26,1;20,2;12,7;10,5;55;33;43;129;1,7;,9;
2026/04/30;2200 UTC;0;980,3;980,4;980,1;0;18,9;10,3;20,1;18,2;11,1;9,8;60;54;57;127;3,4;1,5;
2026/04/30;2300 UTC;0;980,5;980,8;980,4;0;17,9;9,6;18,4;17;10,1;9,2;65;56;58;170;1,2;,5;
2026/05/01;0000 UTC;0;980,8;980,9;980,6;0;15,3;9,8;16,9;14,8;10,4;9,2;76;65;72;159;1,1;,6;
2026/05/01;0100 UTC;0;980,9;981,2;980,7;0;15,1;9,8;15,6;14,8;10,5;9,4;78;72;74;83;2,2;1,3;
2026/05/01;0200 UTC;0;981,4;981,6;981,2;0;15,2;10,7;16,4;14,2;11,1;9,9;85;69;78;43;2,9;1,3;
2026/05/01;0300 UTC;0;981,6;981,7;981,5;0;15,7;11,2;16,2;15,1;11,3;11;80;75;77;65;2;1,1;
2026/05/01;0400 UTC;0;981,3;981,5;981,1;0;13,6;11,2;15,1;12,8;11,3;11;92;80;88;233;1,4;,6;
2026/05/01;0500 UTC;0;980,9;981,2;980,7;0;12,4;11,1;12,8;11,8;11,3;10,7;97;92;94;258;1,3;,6;
2026/05/01;0600 UTC;;;;;;;;;;;;;;;;;;
2026/05/01;0700 UTC;;;;;;;;;;;;;;;;;;
2026/05/01;0800 UTC;0;979,4;979,7;979,3;0;14,7;12,9;16,6;11,7;13,6;11,1;100;82;91;55;4,1;2,1;
2026/05/01;0900 UTC;0;979,6;979,9;979,4;0;17,1;13,9;17,7;16,4;14,2;13,2;88;81;84;84;2,8;1,1;
2026/05/01;1000 UTC;0;980;980,2;979,9;0;15,7;13,1;17,4;14;14,3;12;94;80;87;142;,8;,4;
2026/05/01;1100 UTC;0;980,3;980,7;980;152,6;14,4;13,1;17,7;13,7;14,5;12,2;96;83;93;60;5,6;2,1;
2026/05/01;1200 UTC;0;980,5;980,6;980,3;835,3;19,5;15;21;18;15,5;14,4;82;71;77;51;5,8;3,1;
2026/05/01;1300 UTC;0;980,6;980,8;980,4;965,7;21;15,6;21,5;20,5;15,9;15,3;76;71;73;50;7;3,9;
2026/05/01;1400 UTC;;;;;;;;;;;;;;;;;;
2026/05/01;1500 UTC;0;979,5;980;978,9;1672,6;23,9;17,2;25,2;23,2;18,2;16,6;69;63;66;101;7,3;3,8;
2026/05/01;1600 UTC;0;978,2;978,9;977,5;1630,2;26;18,3;27,4;25,3;19;17,8;65;57;62;132;6,4;3,7;
2026/05/01;1700 UTC;0;976,9;977,5;976,3;1595,3;28,1;19,3;28,9;27,3;20,1;18,7;60;53;56;210;7,1;3,1;
2026/05/01;1800 UTC;0;975,8;976,3;975,6;520,1;28,1;19,9;28,6;27,5;20,3;19,7;62;56;59;313;5,2;2,8;
2026/05/01;1900 UTC;0;975,6;975,8;975,5;410,5;27,4;20,1;27,6;27,2;20,5;19,7;67;62;64;320;3,3;2;
2026/05/01;2000 UTC;0;975,9;976,1;975,7;214,1;27,1;20,3;27,6;26;20,8;20;72;62;66;165;4;1,7;
2026/05/01;2100 UTC;0;975,8;976;975,6;36,3;23,9;19,7;25,9;22,7;20,4;19,4;84;72;79;166;2,7;1;
2026/05/01;2200 UTC;0;975,3;975,6;974,9;0;21,7;19;22,7;21,1;19,5;18,6;88;84;86;119;2,8;1,6;
2026/05/01;2300 UTC;0;975,3;975,6;974,9;0;20,5;18,4;21,3;19,7;18,8;18,2;93;87;90;149;3,8;1,6;
2026/05/02;0000 UTC;4,8;976,2;977,8;975,3;0;19,5;18,6;19,7;19,2;18,9;18,2;99;93;96;195;9,1;3,9;
2026/05/02;0100 UTC;20,6;977,7;978,6;977;0;19,3;19,4;19,6;19,1;19,7;19;100;99;100;126;5,5;2,5;
2026/05/02;0200 UTC;6;977;978;976;0;19,6;19,6;19,9;19,4;19,9;19,5;100;100;100;106;5;2,2;
2026/05/02;0300 UTC;1,6;977,6;978,2;977;0;19,7;19,7;19,9;19,4;19,9;19,5;100;100;100;193;4;1,4;
2026/05/02;0400 UTC;4,8;977,3;978,2;976,3;0;19,4;19,5;19,6;19,3;19,6;19,4;100;100;100;137;2,8;1,1;
2026/05/02;0500 UTC;1,8;977,5;977,8;976,8;0;19,4;19,4;19,6;19,2;19,6;19,3;100;100;100;119;1,9;,9;
2026/05/02;0600 UTC;;;;;;;;;;;;;;;;;;
2026/05/02;0700 UTC;2;977;977,7;975,5;0;19,5;19,6;19,6;19,5;19,7;19,5;100;100;100;162;5,7;3,3;
2026/05/02;0800 UTC;0;977,1;977,8;976,7;0;19,5;19,6;19,6;19,4;19,6;19,4;100;100;100;286;1,8;,9;
2026/05/02;0900 UTC;0;978,1;978,6;977,6;0;19,3;19,4;19,4;19,2;19,5;19,3;100;100;100;220;1,6;,6;
2026/05/02;1000 UTC;0;978,9;979,3;978,5;0;19,4;19,5;19,5;19,3;19,5;19,4;100;100;100;221;2,5;,9;
2026/05/02;1100 UTC;0;979,8;980,5;979,2;39,5;19,4;19,5;19,6;19,3;19,6;19,4;100;100;100;243;2,4;,7;
2026/05/02;1200 UTC;0;981,1;981,8;980,5;138,8;19,4;19,4;19,7;18,6;19,7;18,2;100;98;100;182;7,2;2,2;
2026/05/02;1300 UTC;,2;982,7;983,1;981,8;819,7;19,3;18,5;20;18,6;18,9;18,1;99;90;96;207;4,5;1,7;
2026/05/02;1400 UTC;;;;;;;;;;;;;;;;;;
2026/05/02;1500 UTC;;;;;;;;;;;;;;;;;;
2026/05/02;1600 UTC;0;984;984,4;983,5;1165,6;21,3;17,2;21,6;21,2;18,2;16,6;83;77;79;214;3,8;1,5;
2026/05/02;1700 UTC;0;984,2;984,4;983,9;973,3;21,3;16,9;22;20,8;17,6;16,1;83;75;78;215;4,5;1,4;
2026/05/02;1800 UTC;0;983,7;983,9;983,6;1398,4;22,1;16,2;22,6;21,6;17;15,5;76;67;71;203;4,5;1,7;
2026/05/02;1900 UTC;0;984,1;984,3;983,7;986,6;21,5;15,8;21,7;21,1;16,4;15,2;76;70;72;231;5,5;2;
2026/05/02;2000 UTC;0;984,6;984,8;984,3;699,1;20,9;15,4;21,3;20,5;16,2;14,7;76;68;72;214;4,3;1,6;
2026/05/02;2100 UTC;0;985,2;985,5;984,7;184,3;19,3;13,9;20,9;17,7;15,2;13,2;79;69;73;223;3,9;1,7;
2026/05/02;2200 UTC;0;985,9;986,1;985,5;0;17;13,5;17,7;16,3;13,9;13,4;86;79;82;226;2,8;,9;
2026/05/02;2300 UTC;0;986,3;986,7;986;0;15,6;13,4;16,3;15,1;13,7;13,1;90;86;89;201;2,1;,7;
2026/05/03;0000 UTC;0;986,9;987,1;986,7;0;14,6;12;15;14,1;13,1;10,8;91;83;87;197;4,8;1,2;
2026/05/03;0100 UTC;0;987,7;988;987,2;0;13,6;9,6;14,1;13,2;10,7;7,7;85;73;80;179;5,9;2,4;
2026/05/03;0200 UTC;0;988,5;988,9;988;0;12,1;7,6;13,2;10,7;8,5;7,1;88;70;78;135;2,6;,9;
2026/05/03;0300 UTC;0;988,9;989,2;988,8;0;10,4;6,9;11;9,6;8,1;6,5;88;77;83;151;2,1;,9;
2026/05/03;0400 UTC;0;989,2;989,3;989,1;0;9,2;6,2;9,8;8,1;7,3;5,4;90;78;85;129;1;,5;
2026/05/03;0500 UTC;0;989,2;989,3;989,1;0;7,8;6,2;8,1;7,6;6,9;5,5;94;88;92;163;1,1;,5;
2026/05/03;0600 UTC;;;;;;;;;;;;;;;;;;
2026/05/03;0700 UTC;;;;;;;;;;;;;;;;;;
2026/05/03;0800 UTC;0;988,5;988,6;988,5;0;5,9;5,2;6,2;5,7;5,3;4,9;98;94;96;139;1;,6;
2026/05/03;0900 UTC;0;988,5;988,6;988,4;0;5,4;5;5,7;5,3;5,2;4,8;99;97;98;124;1;,6;
2026/05/03;1000 UTC;0;988,9;989,1;988,6;0;5,1;4,8;5,3;4,9;5,1;4,5;99;98;98;153;1;,6;
2026/05/03;1100 UTC;0;989;989,2;988,9;145,9;5,4;4,8;7,1;4,8;5,6;4,4;99;92;97;156;1,6;,7;
2026/05/03;1200 UTC;0;989,2;989,3;989,1;1132,2;9,4;5,8;11;7,2;6,4;5,4;92;73;82;135;3,1;1,6;
2026/05/03;1300 UTC;;;;;;;;;;;;;;;;;;
2026/05/03;1400 UTC;;;;;;;;;;;;;;;;;;
2026/05/03;1500 UTC;;;;;;;;;;;;;;;;;;
2026/05/03;1600 UTC;0;986,9;987,5;986,4;2769,7;17,4;7,2;18,1;16,5;8,1;6,3;54;45;49;85;5;2;
2026/05/03;1700 UTC;0;985,8;986,4;985,2;2639,6;18,9;8;19,6;18,1;9,7;7,3;53;41;46;75;4;1,9;
2026/05/03;1800 UTC;0;984,7;985,1;984,3;2158;19,9;8,7;20,2;19,4;9,5;8,1;48;41;44;116;4,5;2;
2026/05/03;1900 UTC;0;984,1;984,4;983,8;1605,6;20,2;9;20,5;19,9;10,5;8,1;52;40;44;144;3,8;1,8;
2026/05/03;2000 UTC;0;983,5;983,8;983,3;905,2;19,6;9;20;18,8;9,6;8,5;50;44;47;159;4,1;1,6;
2026/05/03;2100 UTC;0;983,3;983,5;983,2;188,4;17,2;8,8;18,8;14,6;9,5;8,5;73;50;58;138;1,6;,7;
2026/05/03;2200 UTC;0;983,3;983,5;983,1;0;13,2;8,5;14,6;12,8;9;8;80;71;76;128;2,3;1,2;
2026/05/03;2300 UTC;0;983,2;983,4;983;0;11,8;8,3;12,9;11,2;8,7;7,9;86;76;82;139;1,9;,9;
2026/05/04;0000 UTC;0;982,9;983;982,7;0;10,9;7,9;11,3;10,5;8,2;7,4;87;83;85;180;1,2;,5;
2026/05/04;0100 UTC;0;983,1;983,3;982,9;0;10,1;8,1;10,5;9,8;8,4;7,5;93;85;90;42;1,2;,5;
2026/05/04;0200 UTC;0;982,8;983;982,5;0;9,2;8,1;9,9;8,7;8,4;7,9;97;91;94;231;,5;,2;
2026/05/04;0300 UTC;;;;;;;;;;;;;;;;;;
2026/05/04;0400 UTC;0;982;982,3;981,8;0;8,2;7,9;8,4;8;8,3;7,8;100;98;99;175;,7;,4;
2026/05/04;0500 UTC;0;981,6;981,8;981,5;0;8,2;8,1;8,3;8,1;8,3;8;100;99;100;196;,8;,3;
2026/05/04;0600 UTC;;;;;;;;;;;;;;;;;;
2026/05/04;0700 UTC;;;;;;;;;;;;;;;;;;
2026/05/04;0800 UTC;0;980,2;980,4;980,1;0;8,4;8,4;8,6;8,2;8,6;8,2;100;100;100;194;,6;,3;
2026/05/04;0900 UTC;0;980,3;980,5;980,1;0;8,8;8,8;8,9;8,6;8,9;8,6;100;100;100;220;1;,5;
2026/05/04;1000 UTC;0;980,5;980,7;980,3;0;9;9;9,2;8,9;9,2;8,9;100;100;100;254;1;,5;
2026/05/04;1100 UTC;0;980,9;981,1;980,7;108;9,4;9,3;10;9,1;9,6;9;100;98;100;244;,8;,4;
2026/05/04;1200 UTC;0;981;981,3;980,8;769,1;12,4;10,3;14,2;10;11,4;9,6;98;82;90;247;1,8;,7;
2026/05/04;1300 UTC;;;;;;;;;;;;;;;;;;
2026/05/04;1400 UTC;;;;;;;;;;;;;;;;;;
2026/05/04;1500 UTC;;;;;;;;;;;;;;;;;;
2026/05/04;1600 UTC;,6;981;981,1;980,9;353,8;18,1;16,8;19,1;17,8;17,3;15,8;98;84;93;121;2,9;1,5;
2026/05/04;1700 UTC;,2;980,4;981;980,1;442,3;18,3;17,8;18,5;17,8;18,2;17,2;99;96;98;43;2,7;1,7;
2026/05/04;1800 UTC;3,8;979,8;980,2;979,5;220,4;18,4;18,1;18,5;18,3;18,4;17,9;99;97;99;61;2,5;1;
2026/05/04;1900 UTC;2,4;979,4;979,6;979,3;134,3;18,5;18,4;18,7;18,3;18,6;18,1;100;99;99;129;1,1;,4;
2026/05/04;2000 UTC;,6;979,2;979,4;979;149,3;18,9;18,9;19,1;18,7;19,1;18,6;100;99;100;247;1,6;,9;
2026/05/04;2100 UTC;1,4;979,3;979,5;979,2;32,2;19,2;19,2;19,3;19;19,3;18,9;100;100;100;73;1,8;,8;
2026/05/04;2200 UTC;0;979,7;979,8;979,5;0;19,2;19,2;19,3;19,1;19,4;19,1;100;100;100;180;1,3;,3;
2026/05/04;2300 UTC;0;979,9;980,1;979,8;0;19,1;19,1;19,2;19,1;19,2;19,1;100;100;100;152;1,3;,4;
2026/05/05;0000 UTC;0;980,3;980,4;980,1;0;19,1;19,1;19,3;19;19,1;19;100;99;100;77;2,6;1,6;
2026/05/05;0100 UTC;0;980,5;980,5;980,4;0;19,4;19;19,4;19,3;19,1;18,9;99;98;98;40;3,1;1,7;
2026/05/05;0200 UTC;0;980,5;980,5;980,4;0;19,4;19,1;19,6;19,3;19,1;18,9;99;97;98;61;3,3;1,3;
2026/05/05;0300 UTC;0;980,8;981;980,5;0;19,5;19;19,7;19,1;19;18,9;99;96;97;243;1;,5;
2026/05/05;0400 UTC;0;981;981,2;980,9;0;18,8;18,7;19,1;18,6;19;18,6;100;99;100;129;1,5;,5;
2026/05/05;0500 UTC;0;981,3;981,3;981,1;0;18,2;18,2;18,6;17,8;18,6;17,8;100;100;100;81;,8;,5;
2026/05/05;0600 UTC;0;981;981,1;981;0;17,5;17,6;17,9;17,1;18;17,1;100;100;100;215;,6;,3;
2026/05/05;0700 UTC;;;;;;;;;;;;;;;;;;
2026/05/05;0800 UTC;0;980,8;981;980,7;0;16,7;16,7;16,9;16,5;17;16,6;100;100;100;111;1,3;,5;
2026/05/05;0900 UTC;0;981;981,2;980,9;0;16,3;16,4;16,6;15,9;16,6;16;100;100;100;133;1,1;,7;
2026/05/05;1000 UTC;0;981,5;981,9;981,2;0;16,3;16,3;16,8;15,8;16,9;15,8;100;100;100;192;,8;,2;
2026/05/05;1100 UTC;0;982,1;982,4;981,9;90,9;16;16;17,3;15,5;17,4;15,5;100;100;100;290;,5;,2;
2026/05/05;1200 UTC;0;982,7;982,9;982,4;707,6;18,3;17,8;20,2;17,4;18,7;17,4;100;91;97;270;1,2;,4;
2026/05/05;1300 UTC;;;;;;;;;;;;;;;;;;
2026/05/05;1400 UTC;;;;;;;;;;;;;;;;;;
2026/05/05;1500 UTC;;;;;;;;;;;;;;;;;;
2026/05/05;1600 UTC;0;982,5;982,9;982,1;2486,1;27,7;21,6;28,1;27;22,1;21,1;73;67;70;59;4,1;2,2;
2026/05/05;1700 UTC;0;981,6;982;981,2;2390;29;22,2;29,6;28,1;22,9;21,6;71;61;66;48;4,4;2,3;
2026/05/05;1800 UTC;0;980,9;981,2;980,7;1723,6;29,7;22;30,3;29;22,7;21;67;56;61;49;4;1,9;
2026/05/05;1900 UTC;0;980,8;980,8;980,7;919,8;29,1;21,4;29,8;28,1;22,3;20,7;66;57;61;51;3,6;2,1;
2026/05/05;2000 UTC;0;980,6;980,7;980,5;679,5;29,3;20,6;29,8;28,8;20,9;20,2;60;54;57;64;3,1;1,5;
2026/05/05;2100 UTC;0;980,4;980,5;980,3;149,7;27,5;20,2;29;25,6;20,8;19,8;71;56;64;69;1,9;1,2;
2026/05/05;2200 UTC;0;980,8;981;980,5;0;24,6;19,5;25,6;24;20;19,2;77;71;75;63;2,2;1,5;
2026/05/05;2300 UTC;0;981,1;981,2;980,9;0;23,7;19,4;24;23,3;19,5;19,2;80;77;79;62;2,6;1,5;
2026/05/06;0000 UTC;0;981,4;981,6;981,1;0;22,5;19,3;23,3;21,4;19,7;19,1;90;80;84;248;,6;,3;
2026/05/06;0100 UTC;0;981,6;981,7;981,5;0;20,7;19,1;21,2;20,4;19,4;18,8;93;90;92;60;1,6;,9;
2026/05/06;0200 UTC;0;981,6;981,8;981,5;0;20,8;19;21,4;20,2;19,2;18,8;94;88;91;47;3,4;1,5;
2026/05/06;0300 UTC;0;981,4;981,6;981,3;0;20,7;19,2;21,4;20,3;19,6;19;96;88;92;60;3,1;1,2;
2026/05/06;0400 UTC;0;981,4;981,7;981,1;0;20,5;18,7;21,1;19,1;19;17,8;94;90;91;68;,8;,4;
2026/05/06;0500 UTC;0;981,7;982;981,5;0;18,5;17,9;19;18,3;18,2;17,5;98;94;97;163;1,6;,9;
2026/05/06;0600 UTC;;;;;;;;;;;;;;;;;;
2026/05/06;0700 UTC;;;;;;;;;;;;;;;;;;
2026/05/06;0800 UTC;0;981,7;982,2;981,3;0;17,5;17,3;17,8;17,3;17,5;17;100;99;99;219;,6;,2;
2026/05/06;0900 UTC;0;981,5;981,7;981,3;0;17,2;17,2;17,3;17,1;17,4;16,9;100;99;100;138;1,8;1;
2026/05/06;1000 UTC;0;981,8;982;981,7;0;17,6;17,7;17,8;17,3;17,9;17,4;100;100;100;64;,9;,6;
2026/05/06;1100 UTC;0;982,2;982,5;981,8;79,9;17,8;17,8;18,2;17,7;18,1;17,5;100;99;100;160;,4;,1;
2026/05/06;1200 UTC;0;982,7;982,9;982,5;521,7;20,1;18,5;21,3;18,2;19,3;18,1;100;87;92;199;1;,5;
2026/05/06;1300 UTC;;;;;;;;;;;;;;;;;;
2026/05/06;1400 UTC;;;;;;;;;;;;;;;;;;
2026/05/06;1500 UTC;0;982;982,2;981,5;1909,7;26,8;20,5;27,5;25,8;21,3;19,8;72;66;69;49;4,4;2,5;
2026/05/06;1600 UTC;0;980,9;981,5;980,2;2189,4;28,6;21,7;29,3;27,5;22,7;20,8;69;63;66;48;4,7;2,5;
2026/05/06;1700 UTC;0;979,6;980,2;979;2164,6;30,6;22;31,7;29,1;22,7;21;65;50;57;315;9,6;4,6;
2026/05/06;1800 UTC;0;978,6;979,1;978,3;1430;30,9;21,4;31,7;29,8;22,3;20,7;56;50;53;307;6,6;3,5;
2026/05/06;1900 UTC;0;978;978,3;977,7;1165,2;30,8;21,4;31,4;30,3;22,3;20,9;55;51;53;314;5,6;3,1;
2026/05/06;2000 UTC;0;977,7;977,8;977,6;513;29,8;21,3;31;29,2;21,7;20,9;63;51;57;316;2,9;1,4;
2026/05/06;2100 UTC;0;977,5;977,6;977,4;134,3;28,3;21,1;29,9;26,7;21,8;20,6;69;58;64;33;2,4;1,4;
2026/05/06;2200 UTC;0;977,5;977,7;977,4;0;25,9;20,4;26,7;25,3;20,8;20,3;75;69;72;37;2,6;1,5;
2026/05/06;2300 UTC;0;977,8;977,9;977,7;0;24,6;20,1;25,3;23,9;20,3;20;81;75;78;56;2,2;1,3;
2026/05/07;0000 UTC;0;977,9;978;977,8;0;23,7;20;23,9;23,4;20,1;19,9;83;81;82;60;2,8;1,6;
2026/05/07;0100 UTC;0;977,7;977,8;977,5;0;22,9;19,8;23,3;22,6;19,9;19,6;86;83;85;50;3,3;1,7;
2026/05/07;0200 UTC;0;977,4;977,7;977,1;0;22,9;19,5;23;22,7;19,6;19,3;85;82;83;41;3,7;2,1;
2026/05/07;0300 UTC;0;977;977,2;976,9;0;23,3;19;23,5;22,9;19,3;18,7;82;77;79;51;5,4;2,7;
2026/05/07;0400 UTC;0;976,5;976,9;976,2;0;23,1;18,6;23,4;22,8;18,8;18,4;79;76;77;41;5;2,6;
2026/05/07;0500 UTC;0;976,2;976,3;976,1;0;22,5;18,4;22,8;22,1;18,5;18,2;81;78;79;109;3,8;1,9;
2026/05/07;0600 UTC;;;;;;;;;;;;;;;;;;
2026/05/07;0700 UTC;;;;;;;;;;;;;;;;;;
2026/05/07;0800 UTC;0;973,7;974;973,5;0;21,9;18,1;22;21,8;18,2;18;82;80;81;56;6;3,5;
2026/05/07;0900 UTC;0;973,3;973,5;973,2;0;21,8;18;21,9;21,7;18,2;17,9;82;80;81;69;6,7;3,9;
2026/05/07;1000 UTC;0;972,8;973,2;972,4;0;21,9;17,9;22;21,8;18;17,8;81;79;80;74;8,4;4,4;
2026/05/07;1100 UTC;0;972,4;972,9;972,3;90,6;22;17,9;22,3;21,8;18;17,8;81;78;79;76;6,7;3,4;
2026/05/07;1200 UTC;0;973,3;973,5;972,9;781,1;23,3;18,2;24,3;22,3;18,5;17,9;79;70;74;77;6,6;2,8;
2026/05/07;1300 UTC;;;;;;;;;;;;;;;;;;
2026/05/07;1400 UTC;;;;;;;;;;;;;;;;;;
2026/05/07;1500 UTC;0;970,3;971,2;969,5;2310,6;29,5;19,5;30,2;28,4;20,1;19;57;46;50;284;14,2;7,5;
2026/05/07;1600 UTC;0;969,1;969,6;968,3;2333,1;30,1;19,2;30,4;29,4;19,7;18,8;48;43;45;256;16,7;8,3;
2026/05/07;1700 UTC;0;968,1;968,4;967,6;1930,7;30,2;19,2;30,9;29,1;19,9;18,6;49;43;45;266;15,9;6,5;
2026/05/07;1800 UTC;0;967,5;967,8;966,9;1224,5;29,4;19;30,2;28,7;19,5;18,5;51;44;48;271;13,4;7,5;
2026/05/07;1900 UTC;0;966,7;967;966,3;976,5;29,5;18,6;30,3;29;19,5;18,1;48;43;45;248;16,1;8,9;
2026/05/07;2000 UTC;0;966,7;967,2;966,2;503,5;28,8;18,5;29,7;28,2;19,1;18,2;52;44;48;277;8,2;4;
2026/05/07;2100 UTC;0;967,2;967,3;967;49,7;27,8;18;28,2;27,2;18,4;17,8;54;49;51;253;8,2;4;
2026/05/07;2200 UTC;0;966,7;967,2;966,2;0;26,5;17,8;27,2;25,9;18,1;17,5;58;54;56;150;7,3;3,6;
2026/05/07;2300 UTC;0;965,8;966,2;965,6;0;25,7;17,4;25,9;25,5;17,7;17,2;60;58;59;102;8,6;4;
2026/05/08;0000 UTC;,6;966,2;966,6;965,7;1,4;25,3;17,6;25,5;22,9;19;17,3;80;59;61;172;8,4;4,6;
2026/05/08;0100 UTC;6,4;969,3;970,6;966,6;3,4;20;17,8;22,6;18,3;19,1;17,3;96;79;89;321;7,9;4,1;
2026/05/08;0200 UTC;2,2;969,4;969,8;968,9;0;18,2;17,7;18,3;18,1;17,9;17,4;99;96;98;207;7,3;3,1;
2026/05/08;0300 UTC;3,6;969,2;969,9;968,1;0;18;17,7;18,1;17,9;17,9;17,4;99;97;98;287;5,9;3,1;
2026/05/08;0400 UTC;4,4;970,3;972,2;968,9;1,9;16,6;15,9;18;14,1;17,6;13,2;99;92;97;260;11,9;5,9;
2026/05/08;0500 UTC;1,8;972,3;973,2;970,8;,1;13,6;13,1;14,1;13,2;13,5;12,7;99;96;98;267;5,1;2,7;
2026/05/08;0600 UTC;;;;;;;;;;;;;;;;;;
2026/05/08;0700 UTC;;;;;;;;;;;;;;;;;;
2026/05/08;0800 UTC;0;972,6;973;972,2;0;13;11,5;13,1;12,8;11,9;10,8;95;90;92;297;8,4;4,7;
2026/05/08;0900 UTC;0;973,5;974;972,9;0;12,8;10,5;12,8;12,7;11,1;10,1;92;86;89;304;6,8;3,6;
2026/05/08;1000 UTC;0;974,6;975,2;974;0;11,9;8,2;12,8;10,9;10,4;7,3;88;78;81;305;5,4;2,8;
2026/05/08;1100 UTC;0;975,1;975,2;975;62,5;10,9;7,6;11,2;10,6;7,9;7,1;86;80;84;296;4;2,6;
2026/05/08;1200 UTC;0;975,4;975,8;975,1;706,9;12,3;7,8;13,3;11,3;8,6;7,3;81;72;77;319;7;3,8;
2026/05/08;1300 UTC;;;;;;;;;;;;;;;;;;
2026/05/08;1400 UTC;0;976,6;976,9;976,3;2136,4;14,9;7,4;15,7;14,1;8;6,7;67;56;63;308;9,6;5,1;
2026/05/08;1500 UTC;0;976,2;976,5;975,9;2537,6;16,3;7,4;17,1;15,6;8,2;6,7;61;50;55;309;8,2;4,8;
2026/05/08;1600 UTC;0;975,4;976;974,8;2631,7;17,3;7,2;17,8;16,9;8;6,3;54;43;49;291;10,4;5,3;
2026/05/08;1700 UTC;0;974,6;974,9;974,1;2477,8;18,3;6,8;19;17,7;7,3;6,1;48;40;43;290;8;4,3;
2026/05/08;1800 UTC;0;974;974,2;973,8;2020,4;19;7,3;19,4;18,5;7,7;6,7;43;38;41;301;8,5;4,4;
2026/05/08;1900 UTC;0;974,2;974,4;973,9;1504,3;18,8;6,6;19,4;18,4;7,6;5,9;42;37;39;303;8,3;4;
2026/05/08;2000 UTC;0;974,3;974,6;974;820,7;17,9;6;18,6;17,2;6,5;5,3;43;38;41;301;7,7;3,7;
2026/05/08;2100 UTC;0;974,7;975,1;974,4;153,1;15,7;5,4;17,2;14,4;5,9;4,8;54;43;48;292;4,6;1,9;
2026/05/08;2200 UTC;0;975,4;975,9;974,9;0;14,3;5,3;14,5;14,1;5,8;4,8;58;52;55;296;4,6;2,5;
2026/05/08;2300 UTC;0;976,4;976,7;975,9;0;13,9;5,9;14,1;13,7;6,3;5,4;63;57;60;300;3,3;1,8;
2026/05/09;0000 UTC;0;976,9;977,1;976,7;0;13,3;6,4;13,7;12,6;7;6,1;71;63;65;315;2,5;1,1;
2026/05/09;0100 UTC;0;977,2;977,5;977;0;11,8;6,7;12,5;11,2;7,2;6,4;77;71;75;304;1,9;1,2;
2026/05/09;0200 UTC;0;977,7;978;977,4;0;10,4;6,8;11,2;9,9;7,4;6,2;85;75;82;306;1,6;,9;
2026/05/09;0300 UTC;;;;;;;;;;;;;;;;;;
2026/05/09;0400 UTC;0;978,5;978,9;978,2;0;8;6,9;8,5;7,6;7,1;6,7;97;92;95;226;1,1;,4;
2026/05/09;0500 UTC;0;979,2;979,8;978,5;0;7,6;6,9;7,7;7,3;7,1;6,6;98;95;97;333;1,5;,9;
2026/05/09;0600 UTC;;;;;;;;;;;;;;;;;;
2026/05/09;0700 UTC;0;980,3;980,6;980,1;0;7;5,8;7,2;6,6;6,2;5;98;89;94;324;1,7;,8;
2026/05/09;0800 UTC;0;980,1;980,3;979,9;0;6,7;5;7,3;5,9;5,3;4,5;97;86;91;65;,7;,5;
2026/05/09;0900 UTC;0;980,5;980,7;980,2;0;5,6;5;5,9;5,3;5,3;4,8;98;96;97;48;1,2;,7;
2026/05/09;1000 UTC;0;981,2;981,9;980,6;0;5,3;5;5,5;5,2;5,2;4,7;99;97;98;297;,9;,4;
2026/05/09;1100 UTC;0;982,5;983;981,9;57,8;5,5;5,1;6,6;5,1;5,7;4,5;100;90;98;56;2,3;1,4;
2026/05/09;1200 UTC;0;982,9;983;982,7;680,4;8,6;3,8;10,2;6,7;5;2,7;90;65;76;308;2,4;1,4;
2026/05/09;1300 UTC;;;;;;;;;;;;;;;;;;
2026/05/09;1400 UTC;0;983,7;984,2;983,3;1556,5;12,9;4,1;14,2;11,9;5,2;3,2;63;47;56;267;4,4;2,4;
2026/05/09;1500 UTC;0;983,5;983,8;983,3;1278,9;13,9;2,3;14,4;13,1;3,5;1,2;51;36;42;234;5,4;2,4;
2026/05/09;1600 UTC;0;983,3;983,5;982,9;1498,9;14,7;3,1;16,1;13,9;4,4;1,8;46;37;42;308;6,8;3,3;
2026/05/09;1700 UTC;0;982,6;982,9;982,3;1661,1;16,3;4,6;16,8;15,7;5,5;3,5;45;38;41;302;6,8;3,7;
2026/05/09;1800 UTC;0;982,3;982,5;982,1;1568,9;16,7;5,1;17,3;16,1;5,6;4,5;45;40;42;310;8,3;4,2;
2026/05/09;1900 UTC;0;982,1;982,3;981,6;1504;17,1;5,5;17,6;16,4;6,3;4,6;44;39;42;300;7,3;4,2;
2026/05/09;2000 UTC;0;982,1;982,3;981,9;793,8;16,2;5,3;16,9;15,5;5,8;4,8;49;42;45;277;6,7;2,7;
2026/05/09;2100 UTC;0;982,7;983,2;982,2;150,9;14,4;5;15,5;13;5,6;4,5;58;48;53;296;4,4;2,3;
2026/05/09;2200 UTC;0;983,7;984,1;983,1;0;11,8;4,7;12,9;10,6;5,1;4,4;72;58;65;269;2,3;1,1;
2026/05/09;2300 UTC;0;984,8;985,3;984,1;0;10,2;5;10,6;9,5;5,5;4,6;80;71;74;257;4;1,9;
2026/05/10;0000 UTC;0;985,9;986,1;985,3;0;9,1;5,4;9,4;8,7;5,6;5,2;84;80;81;240;3,7;1,6;
2026/05/10;0100 UTC;0;986,6;987;986,1;0;8,7;5,3;9;8,6;5,7;5,1;84;81;83;292;2,4;1;
2026/05/10;0200 UTC;0;987,3;987,5;987;0;9,1;5,4;9,2;9;5,7;5;83;79;81;289;4,6;1,9;
2026/05/10;0300 UTC;0;987,4;987,6;987,1;0;9,2;4,1;9,4;8,9;5,2;3;80;70;75;293;3,6;1,8;
2026/05/10;0400 UTC;0;987,5;988;987,1;0;9,3;4,2;9,4;9,1;4,7;3,6;78;71;75;268;4,8;2,2;
2026/05/10;0500 UTC;0;987,7;987,8;987,5;0;9;4,9;9,2;8,8;5,6;4,5;84;77;80;269;2,7;1,2;
2026/05/10;0600 UTC;0;987,6;987,8;987,4;0;8,8;5,4;8,9;8,7;5,7;5,2;85;81;83;271;3,3;1,7;
2026/05/10;0700 UTC;0;987;987,5;986,7;0;8,7;5,5;8,9;8,3;5,8;5,3;88;82;84;246;3;1,4;
2026/05/10;0800 UTC;0;986,8;986,8;986,7;0;8,4;5,6;8,5;8,3;6;5,4;88;84;86;259;4,2;1,5;
2026/05/10;0900 UTC;0;986,8;986,9;986,7;0;8,3;5,6;8,4;8,3;5,9;5,4;88;85;87;299;3,8;2;
2026/05/10;1000 UTC;0;987,2;987,6;986,9;0;8,3;5,6;8,4;8,3;5,8;5,3;88;85;86;274;3,6;1,7;
2026/05/10;1100 UTC;0;987,9;988,2;987,6;30,8;8,1;6,1;8,3;7,9;6,5;5,6;92;86;90;272;4,7;2,1;
2026/05/10;1200 UTC;0;988,1;988,2;988;447;8,7;5,9;9,5;7,9;6,6;5,3;93;80;86;266;3,7;2,1;
2026/05/10;1300 UTC;;;;;;;;;;;;;;;;;;
2026/05/10;1400 UTC;0;988,5;988,6;988,2;844,9;10,5;5,2;10,7;10,1;6;4,4;78;69;74;276;3,9;1,5;
2026/05/10;1500 UTC;0;988,2;988,4;987,9;959;11,1;4,3;11,9;10,4;4,9;3,6;72;61;66;284;4,7;2,1;
2026/05/10;1600 UTC;0;987,5;987,9;987,1;1431,3;11,9;4,7;12,5;11;5,4;4,1;69;60;64;284;5,3;2,3;
2026/05/10;1700 UTC;0;986,7;987,1;986,5;1534,6;12,9;4,6;13,6;12,2;5,2;4,2;62;55;58;289;7,2;2,9;
2026/05/10;1800 UTC;0;986,5;986,6;986,4;1227;13,1;4,3;13,7;12,5;4,8;3,6;60;53;56;297;6,3;3,2;
2026/05/10;1900 UTC;0;986,4;986,5;986,3;842;13,3;4,3;14,1;12,6;5;3,7;59;52;55;286;4,6;2,2;
2026/05/10;2000 UTC;0;986,6;986,8;986,3;504,1;12,8;4,1;13,9;12;5,7;3,4;62;53;57;293;4,7;2,1;
2026/05/10;2100 UTC;0;986,7;986,8;986,5;140,1;11,8;4;12,5;10,8;4,4;3,7;65;57;61;309;4,3;2,2;
2026/05/10;2200 UTC;0;987,1;987,3;986,8;0;10,1;4;10,8;9,6;4,3;3,7;73;65;70;319;3,8;2;
2026/05/10;2300 UTC;0;987,5;987,8;987,3;0;8,7;4,5;9,6;7,8;4,9;4,1;86;73;79;295;2,5;1,4;
2026/05/11;0000 UTC;0;988,1;988,4;987,8;0;7,4;4,8;7,7;7,1;5;4,5;88;86;87;318;1,4;,9;
2026/05/11;0100 UTC;0;988,4;988,6;988,1;0;7;4,4;7,2;6,6;4,6;4,2;89;85;87;304;1,6;1,2;
2026/05/11;0200 UTC;0;988,7;988,8;988,5;0;6,2;4,4;6,6;6;4,6;4,2;91;89;91;319;2,2;1,4;
2026/05/11;0300 UTC;0;988,6;988,8;988,4;0;5,8;4,2;6,1;5,3;4,3;4,1;94;90;92;310;1;,5;
2026/05/11;0400 UTC;0;988,3;988,4;988,2;0;5,1;4;5,3;4,7;4,2;3,9;96;94;95;330;1,2;,4;
2026/05/11;0500 UTC;0;988,1;988,2;987,8;0;4,4;3,9;4,7;4,2;4,1;3,7;99;96;98;326;2,2;1,3;
2026/05/11;0600 UTC;0;987,8;987,9;987,7;0;3,9;3,3;4,6;3,4;3,8;2,8;99;95;97;150;1,2;,5;
2026/05/11;0700 UTC;0;987,5;987,7;987,3;0;3,3;3,2;3,6;3;3,6;2,8;100;98;99;102;,7;,5;
2026/05/11;0800 UTC;0;987,2;987,4;987;0;3;3,1;3,5;2,8;3,5;2,8;100;100;100;91;1,6;,9;
2026/05/11;0900 UTC;0;987,4;987,5;987,1;0;2,8;2,6;3,4;2,3;3,4;2;100;98;99;30;1,7;1,1;
2026/05/11;1000 UTC;0;987,6;987,7;987,3;0;2,7;2,7;3;2,4;3;2,3;100;99;100;128;,8;,4;
2026/05/11;1100 UTC;0;987,9;988,2;987,6;52,5;2,5;2,5;3,7;2,1;3,6;2;100;99;100;320;1,4;,9;
2026/05/11;1200 UTC;0;988,4;988,5;988,2;619,6;5,7;3,6;7,5;3,8;4;3,1;99;80;89;166;1,8;1;
2026/05/11;1300 UTC;;;;;;;;;;;;;;;;;;
2026/05/11;1400 UTC;;;;;;;;;;;;;;;;;;
2026/05/11;1500 UTC;;;;;;;;;;;;;;;;;;
2026/05/11;1600 UTC;0;987,4;987,7;987;2610,4;15,6;4,6;16,4;14,5;5,6;3,7;50;41;45;254;4;1,5;
2026/05/11;1700 UTC;0;986,7;987;986,4;2466,5;16,7;5,1;17,5;16,1;5,9;4,4;46;38;42;275;3,9;2;
2026/05/11;1800 UTC;0;986,2;986,4;986;1997,7;17,3;5;17,8;16,7;5,7;4,4;42;36;38;312;5,3;3,1;
2026/05/11;1900 UTC;0;986;986,1;985,9;1469,4;17,8;5,4;18,1;17,4;5,9;4,8;40;36;38;281;4,1;2;
2026/05/11;2000 UTC;0;986;986,1;985,9;788,7;17,3;5,1;17,8;16,9;5,5;4,5;42;37;39;301;4,3;1,9;
2026/05/11;2100 UTC;0;986,3;986,3;986,1;145,4;15,3;4,9;16,9;13,4;5,3;4,7;57;40;48;330;1,7;1;
2026/05/11;2200 UTC;0;986,5;986,5;986,3;0;12,2;4,7;13,3;11,7;5,1;4,4;67;57;63;332;2,9;1,6;
2026/05/11;2300 UTC;0;986,7;986,9;986,5;0;10,9;5,2;11,6;10,4;5,4;5;74;67;71;321;2,2;1,2;
2026/05/12;0000 UTC;0;987;987,3;986,8;0;9,5;5,1;10,3;8,4;5,4;4,8;85;74;78;315;1,3;,7;
2026/05/12;0100 UTC;0;987,2;987,3;987,2;0;7,5;5,4;8,3;7;5,6;5,2;92;86;90;309;,9;,5;
2026/05/12;0200 UTC;0;987,3;987,3;987,2;0;6,5;5,1;7;6,1;5,3;4,9;95;91;93;258;,6;,3;
2026/05/12;0300 UTC;0;987;987,2;986,8;0;5,8;4,9;6,1;5,5;5;4,6;97;93;95;157;,7;,4;
2026/05/12;0400 UTC;0;986,9;987;986,8;0;5;4,5;5,5;4,6;4,9;4,1;100;96;98;180;,6;,3;
2026/05/12;0500 UTC;0;986,6;986,8;986,3;0;4,5;4,3;4,7;4,3;4,8;4;100;98;99;246;,5;,2;
2026/05/12;0600 UTC;;;;;;;;;;;;;;;;;;
2026/05/12;0700 UTC;;;;;;;;;;;;;;;;;;
2026/05/12;0800 UTC;0;985,8;986;985,8;0;2,5;2,5;3,2;1,9;3,2;1,8;100;99;100;139;1,6;1;
2026/05/12;0900 UTC;0;985,9;986;985,8;0;2,5;2,5;2,7;2,2;2,7;2,2;100;100;100;135;1;,6;
2026/05/12;1000 UTC;0;985,8;986;985,7;0;3,1;3,1;3,4;2,4;3,5;2,4;100;100;100;213;,7;,3;
2026/05/12;1100 UTC;0;986,1;986,4;985,9;68,3;3,5;3,5;4,4;3,1;4,4;3,2;100;100;100;309;1,6;,8;
2026/05/12;1200 UTC;0;986,6;986,7;986,4;540,3;5,2;5,3;7,5;4,5;7,5;4,5;100;100;100;270;1,1;,5;
2026/05/12;1300 UTC;;;;;;;;;;;;;;;;;;
2026/05/12;1400 UTC;;;;;;;;;;;;;;;;;;
2026/05/12;1500 UTC;;;;;;;;;;;;;;;;;;
2026/05/12;1600 UTC;0;984,2;984,8;983,6;2626,7;18,1;8,4;19,2;17;9,5;7;54;45;51;92;3,6;1,9;
2026/05/12;1700 UTC;;;;;;;;;;;;;;;;;;
2026/05/12;1800 UTC;0;982,3;982,7;982;2018;21,7;8,2;22,2;21,1;8,8;7,5;38;28;32;323;5,2;2,7;
2026/05/12;1900 UTC;0;981,7;982;981,4;1495,7;22,3;8,1;22,8;21,9;9;7,6;32;27;29;310;4,6;2,4;
2026/05/12;2000 UTC;0;981,2;981,4;981,2;793,1;21,5;8;22,3;20,8;8,6;7,6;38;28;32;291;3,9;1,7;
2026/05/12;2100 UTC;0;981,3;981,3;981,2;139,9;19;7,4;20,9;16,5;8,5;6,5;50;36;42;337;1,9;1,4;
2026/05/12;2200 UTC;0;981,4;981,7;981,2;0;15;6,3;16,4;13,8;7;6;66;50;56;308;2;1,1;
2026/05/12;2300 UTC;0;981,8;981,9;981,6;0;12;6,6;13,7;11;7,2;6,2;78;65;73;322;1,5;,8;
2026/05/13;0000 UTC;0;982,2;982,4;981,9;0;10,5;6,3;11,2;9,6;6,7;5,8;84;75;79;305;2,1;1,1;
2026/05/13;0100 UTC;0;982,7;983;982,5;0;9,4;6;10,4;8,4;6,3;5,5;89;78;83;286;1,3;,6;
2026/05/13;0200 UTC;0;983,1;983,2;983;0;8,1;5,8;8,3;7,6;6,3;5,5;91;87;89;165;,8;,6;
2026/05/13;0300 UTC;0;983,3;983,4;983,1;0;7,2;5,6;7,7;6,7;6;5,3;95;89;92;38;1,1;,8;
2026/05/13;0400 UTC;0;983,2;983,3;983;0;7,6;6,9;8,2;6,7;7,8;5,6;100;94;97;304;1,7;1,1;
2026/05/13;0500 UTC;;;;;;;;;;;;;;;;;;
2026/05/13;0600 UTC;0;983,3;983,5;982,9;0;5;4,8;5,6;4,5;5,6;4,2;100;97;99;132;1,4;,9;
2026/05/13;0700 UTC;;;;;;;;;;;;;;;;;;
2026/05/13;0800 UTC;0;983;983,3;982,8;0;4,4;4,4;5,1;4;5,2;3,8;100;99;100;236;1,2;,6;
2026/05/13;0900 UTC;0;983,5;983,8;983,2;0;4,6;4,6;5,1;3,8;5,2;3,8;100;100;100;275;1,2;,6;
2026/05/13;1000 UTC;0;984;984,3;983,8;0;3,8;3,8;4,9;2,7;5;2,7;100;100;100;143;1,8;,8;
2026/05/13;1100 UTC;0;984,4;984,6;984,2;42;3,1;3,1;3,7;2,6;3,7;2,6;100;100;100;154;1,2;,3;
2026/05/13;1200 UTC;;;;;;;;;;;;;;;;;;
2026/05/13;1300 UTC;0;984,4;984,5;984,3;1364,8;9,6;7;11,9;7,9;8,4;6;96;82;87;134;1,4;,5;
2026/05/13;1400 UTC;;;;;;;;;;;;;;;;;;
2026/05/13;1500 UTC;0;983,8;983,9;983,4;2440,7;16,8;9,6;17,7;15,5;10,3;9,1;72;59;64;172;2,9;1;
2026/05/13;1600 UTC;0;983;983,4;982,6;2518,3;18,2;9,7;19,3;17,3;10,7;9;63;52;57;76;3,2;1,5;
2026/05/13;1700 UTC;0;982,2;982,6;981,8;2371,4;19,4;9,9;20;18,5;10,5;9,3;57;50;53;66;3,8;2;
2026/05/13;1800 UTC;0;981,5;981,8;981,3;1916,4;20,3;10,2;21,1;19,5;11,2;9,6;55;46;50;175;2,6;1,1;
2026/05/13;1900 UTC;0;981,2;981,3;981;1399,2;20,6;10,1;20,9;20,1;10,8;9,6;50;45;47;139;2,4;1,2;
2026/05/13;2000 UTC;0;981,2;981,2;981;728,3;20,6;10,2;21;20,1;10,8;9,6;51;45;48;47;2,2;1,4;
2026/05/13;2100 UTC;0;981,1;981,2;981,1;119,2;18,6;10;20;15,8;10,5;9,1;68;49;57;98;1,4;1;
2026/05/13;2200 UTC;0;981,3;981,4;981,2;0;14,8;8,9;15,8;14,2;9,8;8,6;74;66;70;72;2,3;1,6;
2026/05/13;2300 UTC;0;981,5;981,7;981,4;0;13,4;8,8;14,1;12,1;9,5;8,4;87;72;77;296;1,1;,5;
2026/05/14;0000 UTC;0;981,9;981,9;981,8;0;11;9,1;12;10,3;9,8;8,6;96;86;90;299;,8;,3;
2026/05/14;0100 UTC;0;982,1;982,2;981,9;0;9,7;8,9;10,2;9,2;9,2;8,6;98;93;96;155;,7;,4;
2026/05/14;0200 UTC;0;982,1;982,3;982;0;8,9;8,1;9,5;8,3;9,2;7,5;99;93;96;171;,5;,2;
2026/05/14;0300 UTC;0;981,9;982,1;981,7;0;8,2;8;8,6;8;8,7;7,2;100;95;99;318;,9;,5;
2026/05/14;0400 UTC;0;981,5;981,7;981,3;0;7,5;7,5;8,2;7,1;8,3;7;100;100;100;59;1,2;,6;
2026/05/14;0500 UTC;0;981,4;981,5;981,3;0;6,8;6,8;7,5;6,3;7,5;6,3;100;100;100;258;,9;,3;
2026/05/14;0600 UTC;;;;;;;;;;;;;;;;;;
2026/05/14;0700 UTC;0;981,5;981,8;981,3;0;6,4;6,4;6,6;5,6;6,7;5,7;100;100;100;266;,9;,4;
2026/05/14;0800 UTC;0;981,9;982;981,7;0;5,6;5,7;6,4;5,1;6,4;5,2;100;100;100;137;,6;,3;
2026/05/14;0900 UTC;0;982,2;982,3;982;0;5,3;5,3;5,6;5;5,6;5;100;100;100;310;,7;,4;
2026/05/14;1000 UTC;0;982,7;982,9;982,3;0;4,5;4,5;5,2;3,8;5,3;3,8;100;100;100;201;,4;,2;
2026/05/14;1100 UTC;0;983,4;983,6;982,9;84,4;4,5;4,6;5,2;3,8;5,2;3,8;100;100;100;263;,8;,3;
2026/05/14;1200 UTC;0;983,7;983,8;983,5;609,4;6,3;6,4;8;5,2;8;5,2;100;100;100;271;1;,5;
2026/05/14;1300 UTC;;;;;;;;;;;;;;;;;;
2026/05/14;1400 UTC;;;;;;;;;;;;;;;;;;
2026/05/14;1500 UTC;;;;;;;;;;;;;;;;;;
2026/05/14;1600 UTC;0;982,1;982,8;981,5;2528,9;20,9;11;21,9;19,7;12,1;10;61;44;50;251;2,4;1,1;
2026/05/14;1700 UTC;0;981,1;981,4;980,9;2374,3;22,3;11,4;22,6;21,9;12,2;10,7;50;42;46;262;4;1,8;
2026/05/14;1800 UTC;0;981,2;981,4;980,9;1775;22,2;11,5;22,8;21,3;12,1;11;50;43;46;216;3,7;1,4;
2026/05/14;1900 UTC;0;981,2;981,3;981,1;1079,1;21,5;11,1;22,8;20,9;12;10,3;53;42;48;187;3,1;1,5;
2026/05/14;2000 UTC;0;981,3;981,6;981,1;339,4;19,7;10,8;21;18,6;11,7;9,4;61;48;56;186;2,8;1;
2026/05/14;2100 UTC;0;981,9;982,1;981,6;61,9;17,3;9,6;18,5;16,2;10,3;9,2;68;54;61;177;2,7;,9;
2026/05/14;2200 UTC;0;982,4;982,6;982,1;0;15,4;10,2;16,2;14,6;10,6;9,8;80;68;74;172;2,3;1,1;
2026/05/14;2300 UTC;0;982,7;983,1;982,6;0;14,3;11;14,7;13,8;11,1;10,6;86;80;83;183;2,7;1;
2026/05/15;0000 UTC;0;983,3;983,4;983,1;0;13,3;10,8;13,8;12,9;11,1;10,5;88;86;87;176;2,6;1;
2026/05/15;0100 UTC;0;983,3;983,5;983,1;0;12,1;10,2;12,8;11,4;10,5;10;94;88;91;155;1,8;,8;
2026/05/15;0200 UTC;0;983,4;983,5;983,3;0;11,1;9,8;11,5;10,4;10,1;9,4;96;93;94;161;,8;,4;
2026/05/15;0300 UTC;0;983,7;984;983,5;0;10,1;9,2;10,4;9,8;9,5;8,9;98;94;96;180;2;,8;
2026/05/15;0400 UTC;0;984;984,1;983,9;0;9,7;9,3;9,9;9,5;9,6;9,1;99;97;98;126;,9;,3;
2026/05/15;0500 UTC;;;;;;;;;;;;;;;;;;
2026/05/15;0600 UTC;;;;;;;;;;;;;;;;;;
2026/05/15;0700 UTC;0;983,6;983,9;983,4;0;8,4;8,2;8,7;8,2;8,5;8;100;98;99;71;,8;,4;
2026/05/15;0800 UTC;0;983,3;983,5;983,2;0;8,4;8,4;9;8;9,1;7,7;100;99;100;146;,9;,3;
2026/05/15;0900 UTC;0;983,2;983,2;983,1;0;9,8;9,8;10,3;9;10,3;9,1;100;100;100;148;2,1;,6;
2026/05/15;1000 UTC;0;983,4;983,6;983,2;0;10,6;10,1;10,8;10,3;10,3;10;100;96;97;150;1,1;,4;
2026/05/15;1100 UTC;0;983,9;984,1;983,7;58,9;10,9;10,1;11,3;10,7;10,3;9,8;97;93;96;138;1;,5;
2026/05/15;1200 UTC;0;984,2;984,3;984,1;262,6;12;10,1;12,6;11,4;10,6;9,6;94;85;91;137;4,8;2,3;
2026/05/15;1300 UTC;;;;;;;;;;;;;;;;;;
2026/05/15;1400 UTC;0;984,1;984,3;983,8;1885,5;16,1;10,2;17,2;15;11;9,7;76;64;70;143;5;2,1;
2026/05/15;1500 UTC;;;;;;;;;;;;;;;;;;
2026/05/15;1600 UTC;0;982,5;983,1;981,9;2448,9;18,9;11;19,7;18,3;11,7;10,3;64;58;60;163;4,4;2,1;
2026/05/15;1700 UTC;0;981,3;981,9;980,8;2286,7;20,2;11,7;20,8;19,4;12,4;11;60;55;58;153;4,8;2,1;
2026/05/15;1800 UTC;0;980,4;980,7;980,2;1836;20,5;12;20,8;20;12,8;11,5;62;54;57;186;5;1,8;
2026/05/15;1900 UTC;0;980,2;980,3;980,1;1317,2;20,2;11,8;20,9;19,7;12,6;11,2;60;56;58;168;4,9;2;
2026/05/15;2000 UTC;0;980,2;980,4;980,1;677,3;19,1;11,4;19,9;18;11,8;11,2;66;58;62;161;5,9;2,6;
2026/05/15;2100 UTC;0;980,6;980,8;980,5;110;16,2;11,2;17,9;14,6;11,5;10,8;81;67;75;168;5;2;
2026/05/15;2200 UTC;0;980,8;980,9;980,6;0;13,5;10,5;14,5;12,8;10,8;10,3;88;81;85;168;3,8;1,4;
2026/05/15;2300 UTC;0;980,6;980,7;980,5;0;12,1;10,2;12,8;11,8;10,3;10;92;88;90;212;1,9;,9;
2026/05/16;0000 UTC;0;980,7;980,9;980,5;0;11,5;9,9;11,8;11,1;10;9,7;94;91;92;187;1,1;,4;
2026/05/16;0100 UTC;0;981,2;981,3;981;0;10,5;9,5;11,1;10;9,9;9,2;97;93;95;131;1,2;,6;
2026/05/16;0200 UTC;0;981,1;981,2;981,1;0;9,6;9,2;10;9,2;9,6;8,7;99;97;98;268;,8;,4;
2026/05/16;0300 UTC;0;981,4;981,6;981,2;0;9;8,8;9,3;8,9;9;8,5;99;98;99;51;,5;,2;
2026/05/16;0400 UTC;0;981,1;981,4;980,7;0;8,8;8,7;9,1;8,5;9;8,2;100;99;99;250;,6;,2;
2026/05/16;0500 UTC;;;;;;;;;;;;;;;;;;
2026/05/16;0600 UTC;;;;;;;;;;;;;;;;;;
2026/05/16;0700 UTC;0;980,1;980,2;979,9;0;7,4;7,4;7,7;7,2;7,8;7,1;100;100;100;283;,9;,4;
2026/05/16;0800 UTC;0;979,8;980;979,6;0;7,3;7,4;7,5;7,2;7,5;7,2;100;100;100;317;1;,5;
2026/05/16;0900 UTC;0;979,8;980;979,6;0;7,5;7,6;7,6;7,4;7,7;7,5;100;100;100;233;,7;,3;
2026/05/16;1000 UTC;0;980,2;980,4;980;0;7,6;7,6;7,7;7,5;7,7;7,5;100;100;100;261;,8;,4;
2026/05/16;1100 UTC;0;980,7;981;980,5;60;8;8;8,6;7,7;8,6;7,7;100;100;100;203;,9;,4;
2026/05/16;1200 UTC;0;981,3;981,5;981;263,1;9,1;9,1;9,6;8,6;9,7;8,6;100;100;100;203;1,2;,5;
2026/05/16;1300 UTC;;;;;;;;;;;;;;;;;;
2026/05/16;1400 UTC;;;;;;;;;;;;;;;;;;
2026/05/16;1500 UTC;;;;;;;;;;;;;;;;;;
2026/05/16;1600 UTC;0;980,1;980,6;979,5;2348,8;18,2;14,3;19,9;15,4;15;13,7;92;72;80;177;3,7;1,5;
2026/05/16;1700 UTC;0;978,9;979,5;978,4;2123,9;20,8;14,7;21,3;19,8;15,6;14;75;65;69;69;3;1,6;
2026/05/16;1800 UTC;0;978,1;978,4;977,9;1497,4;21,6;14,5;22;21,3;15;13,7;68;62;65;142;2,3;,8;
2026/05/16;1900 UTC;0;978;978,2;977,9;978,3;21,9;15;22,5;21,5;15,6;14,5;69;63;65;179;2;,5;
2026/05/16;2000 UTC;0;978;978,1;977,8;604,1;22;14,8;22,4;21,5;15,3;14,2;68;60;64;234;2;,9;
2026/05/16;2100 UTC;0;978,1;978,2;978;99,1;20,4;14,8;22;18,7;15,2;14,5;79;65;72;180;2;1;
2026/05/16;2200 UTC;0;978,6;978,9;978,2;0;17,7;14,3;18,7;16,9;14,6;14,2;87;79;83;142;1,5;,6;
2026/05/16;2300 UTC;0;979,1;979,6;978,8;0;16,7;14,5;16,9;16,3;14,6;14,3;91;87;89;149;2;,8;
2026/05/17;0000 UTC;0;979,8;979,8;979,6;0;16,4;14,5;16,5;16,2;14,6;14,4;92;89;90;155;2,3;,7;
2026/05/17;0100 UTC;0;980;980;979,9;0;15,9;14,5;16,3;15,6;14,6;14,3;95;91;93;224;2;,9;
2026/05/17;0200 UTC;0;980,2;980,5;980;0;15,6;14,3;15,7;15,5;14,5;14,1;95;92;93;188;2,8;1;
2026/05/17;0300 UTC;0;980,5;980,6;980,4;0;15,6;14,1;15,7;15,4;14,2;14;93;92;93;173;2,9;1;
2026/05/17;0400 UTC;;;;;;;;;;;;;;;;;;
2026/05/17;0500 UTC;;;;;;;;;;;;;;;;;;
2026/05/17;0600 UTC;;;;;;;;;;;;;;;;;;
2026/05/17;0700 UTC;0;979,7;979,9;979,4;0;13,9;13,7;14,3;13,4;13,9;13;100;98;99;125;1,5;,4;
2026/05/17;0800 UTC;0;979,4;979,6;979,2;0;13,9;13,4;14,3;13,3;13,8;12,9;98;97;97;175;1,4;,6;
2026/05/17;0900 UTC;0;979,2;979,3;979,1;0;13,2;13;13,4;13;13,2;12,7;100;98;99;127;,7;,3;
2026/05/17;1000 UTC;0;979,3;979,6;979,1;0;13,6;13,5;13,7;13,3;13,7;13,1;100;99;100;137;,7;,3;
2026/05/17;1100 UTC;0;979,5;979,9;979,3;54,2;13,9;13,5;14,1;13,7;13,7;13,4;99;97;98;305;1;,7;
2026/05/17;1200 UTC;0;980,1;980,4;979,9;61,7;14,4;13,9;14,6;14;14,1;13,7;99;97;98;101;1,2;,7;
2026/05/17;1300 UTC;;;;;;;;;;;;;;;;;;
2026/05/17;1400 UTC;;;;;;;;;;;;;;;;;;
2026/05/17;1500 UTC;0;980,2;980,9;979,5;1195,9;16,6;15,4;18;15,3;15,9;14,9;99;85;94;161;5,5;2,7;
2026/05/17;1600 UTC;0;980,1;980,3;979,8;992,1;18,2;15;18,7;17,9;15,9;14,5;87;81;84;164;2,5;1;
2026/05/17;1700 UTC;0;979,8;980,2;979,6;503;18,2;14,8;18,5;17,9;15,4;14,2;87;78;83;136;3,2;1,5;
2026/05/17;1800 UTC;0;979,8;979,9;979,6;274,2;18,1;14,5;18,4;17,9;15,1;14,1;85;79;82;145;2;,8;
2026/05/17;1900 UTC;0;980;980,2;979,9;124;17,7;14,7;18,2;16,9;15,1;14,3;89;80;85;196;3,2;1,2;
2026/05/17;2000 UTC;0;980,4;980,8;980,1;48,9;16,4;14,6;16,9;15,9;15;14,4;93;89;91;203;3,2;1;
2026/05/17;2100 UTC;0;981,1;981,4;980,8;4,8;15,6;14,3;15,9;15,4;14,5;14,2;95;93;94;205;2,7;,9;
2026/05/17;2200 UTC;0;981,7;982;981,4;0;15,1;14,3;15,4;14,8;14,4;14,1;98;94;96;213;2,4;,8;
2026/05/17;2300 UTC;,6;982,3;982,5;982,1;0;14,6;14,3;14,8;14,4;14,4;14,2;99;98;99;206;3,7;1,1;
2026/05/18;0000 UTC;,2;982,8;983,3;982,5;0;14,3;14,1;14,4;14,1;14,2;14;100;99;99;208;2,3;,9;
2026/05/18;0100 UTC;,2;983,7;984,1;983,3;0;13,9;13,7;14,1;13,6;14;13,1;100;98;99;192;4,3;1,2;
2026/05/18;0200 UTC;;;;;;;;;;;;;;;;;;
2026/05/18;0300 UTC;,8;984,9;985;984,6;0;12,8;12,6;12,9;12,6;12,7;12,5;100;98;99;192;3,7;1,3;
2026/05/18;0400 UTC;,8;985,1;985,2;984,9;0;12,5;12,4;12,6;12,4;12,5;12,3;100;99;99;192;3;,9;
2026/05/18;0500 UTC;,8;985,3;985,6;985;0;12,3;12,3;12,4;12,2;12,3;12,2;100;100;100;192;3,1;1,1;
2026/05/18;0600 UTC;;;;;;;;;;;;;;;;;;
2026/05/18;0700 UTC;,4;985,7;985,9;985,5;0;11,3;11,1;11,6;11;11,4;10,4;100;97;99;180;4,5;2,1;
2026/05/18;0800 UTC;0;986,1;986,5;985,8;0;10,8;10,3;11;10,7;10,5;10,1;98;97;97;184;3,9;1,6;
2026/05/18;0900 UTC;0;986,5;986,6;986,4;0;10,6;9,9;10,7;10,4;10,1;9,6;97;96;97;181;4,4;1,3;
2026/05/18;1000 UTC;0;986,7;987,1;986,5;0;10,2;9,7;10,4;9,9;10;9,6;99;97;98;183;2,6;,9;
2026/05/18;1100 UTC;0;987,3;987,7;987,1;68,1;9,9;9,5;10,4;9,7;9,9;9,4;99;95;98;193;2,7;,8;
2026/05/18;1200 UTC;0;988,1;988,5;987,7;316,6;10,6;9,2;11,2;10,4;9,6;8,7;95;88;93;171;4;1,3;
2026/05/18;1300 UTC;;;;;;;;;;;;;;;;;;
2026/05/18;1400 UTC;;;;;;;;;;;;;;;;;;
2026/05/18;1500 UTC;0;988,8;988,9;988,6;2280,2;14,2;8,2;15,3;12,9;9,3;7,4;77;64;70;156;3,7;1,4;
2026/05/18;1600 UTC;0;988,3;988,6;988;2409;15,8;8,6;16,7;14,9;9,8;7,9;70;56;64;146;3,4;1,7;
2026/05/18;1700 UTC;0;987,6;988;987,3;1922,2;16,4;8,7;17,2;15,6;9,5;7,7;67;57;61;175;3,2;1,3;
2026/05/18;1800 UTC;0;987,1;987,3;986,9;1805,5;17,3;9,3;18;16,6;10,3;8,4;65;56;60;235;4,3;1,8;
2026/05/18;1900 UTC;0;986,9;987;986,8;1373,1;17,3;8,8;17,9;16,9;9,9;8,2;63;54;58;246;4,2;1,9;
2026/05/18;2000 UTC;0;986,9;987;986,8;687,1;16,6;9;17,4;15,9;9,7;8,4;68;56;62;211;3,6;1,1;
2026/05/18;2100 UTC;0;987,3;987,6;987;105,9;14;8,1;15,8;12,1;9,5;6,8;74;68;70;194;2;,7;
2026/05/18;2200 UTC;0;987,9;988,2;987,6;0;11,1;6,8;12,1;10,4;7,1;6,6;82;74;78;188;1,6;,7;
2026/05/18;2300 UTC;0;988,4;988,6;988,2;0;10;7;10,4;9,4;7,4;6,8;90;82;85;185;1,6;,7;
2026/05/19;0000 UTC;0;988,8;988,9;988,6;0;8,6;7,1;9,4;7,9;7,2;6,9;95;89;93;131;,8;,4;
2026/05/19;0100 UTC;0;988,8;988,8;988,7;0;7,6;6,9;7,9;7,3;7,2;6,7;98;95;97;126;,8;,6;
2026/05/19;0200 UTC;0;988,9;989;988,8;0;7;6,6;7,5;6,7;7;6,2;99;97;98;86;,6;,1;
2026/05/19;0300 UTC;0;988,9;989;988,8;0;6,5;6,3;6,9;6,1;6,7;6;100;98;99;181;1,1;,6;
2026/05/19;0400 UTC;0;988,6;988,8;988,5;0;5,7;5,8;6,2;5,4;6,1;5,5;100;100;100;227;,6;,3;
2026/05/19;0500 UTC;;;;;;;;;;;;;;;;;;
2026/05/19;0600 UTC;0;988,2;988,4;988,1;0;5;5;5,1;4,8;5,2;4,9;100;100;100;155;,4;,2;
2026/05/19;0700 UTC;0;988;988,2;987,8;0;5,3;5,3;5,7;5;5,7;5;100;100;100;193;1,3;,4;
2026/05/19;0800 UTC;0;987,7;987,8;987,6;0;5,8;5,8;6;5,7;6;5,7;100;100;100;171;1,9;,9;
2026/05/19;0900 UTC;0;987,6;987,7;987,6;0;5,5;5,5;5,7;5,3;5,7;5,3;100;100;100;203;,8;,4;
2026/05/19;1000 UTC;0;987,9;988,1;987,6;0;5,5;5,6;5,7;5,4;5,7;5,4;100;100;100;206;1,2;,5;
2026/05/19;1100 UTC;0;988,3;988,4;988,1;58,8;5,5;5,5;5,7;5,3;5,7;5,4;100;100;100;160;1,5;,7;
2026/05/19;1200 UTC;;;;;;;;;;;;;;;;;;
2026/05/19;1300 UTC;;;;;;;;;;;;;;;;;;
2026/05/19;1400 UTC;;;;;;;;;;;;;;;;;;
2026/05/19;1500 UTC;0;989,1;989,4;988,9;767,9;9,3;9,2;10,1;8,9;9,7;8,9;100;95;99;263;2,2;1,3;
2026/05/19;1600 UTC;0;988,5;988,8;988,1;1993,3;11,8;8,3;13,7;10;9,5;6,6;94;66;83;297;2,5;1,5;
2026/05/19;1700 UTC;0;987,5;988,1;987,1;2340;15;7,9;16,2;13,5;8,8;6,8;71;59;64;269;2,8;1,5;
2026/05/19;1800 UTC;0;986,7;987,1;986,4;1879,7;16,4;8,2;16,8;15,9;8,8;7,7;63;56;59;119;2,3;1;
2026/05/19;1900 UTC;0;986,2;986,4;986;1381,5;17;8,2;17,4;16,7;8,8;7,8;59;53;56;188;2,2;1;
2026/05/19;2000 UTC;0;985,9;986;985,9;683,9;16,9;8;17,5;16;8,9;7,4;61;52;56;185;2,5;1,1;
2026/05/19;2100 UTC;0;986,2;986,6;985,9;105,4;14,5;7,2;15,9;12,5;7,7;6,9;75;56;64;164;2,1;,8;
2026/05/19;2200 UTC;0;986,9;987,1;986,6;0;10,9;7;12,5;10,1;7,9;6,1;85;75;80;149;1,3;,8;
2026/05/19;2300 UTC;0;987,3;987,4;987,1;0;9,3;6,2;10,1;8,6;6,4;6;89;80;85;152;1,2;,7;
2026/05/20;0000 UTC;0;987,5;987,7;987,4;0;8,1;6,2;8,7;7,3;6,3;6,1;95;87;91;153;1;,5;
2026/05/20;0100 UTC;0;987,8;987,8;987,7;0;6,6;5,9;7,2;6,3;6,4;5,7;98;95;97;228;,6;,3;
2026/05/20;0200 UTC;0;988;988,2;987,8;0;5,9;5,5;6,3;5,3;5,9;4,7;99;97;98;286;,7;,5;
2026/05/20;0300 UTC;0;988,2;988,3;988,2;0;5;4,9;5,3;4,7;5,2;4,4;100;98;99;305;,9;,3;
2026/05/20;0400 UTC;;;;;;;;;;;;;;;;;;
2026/05/20;0500 UTC;0;988,1;988,3;988,1;0;4,5;4,5;4,8;4,3;4,8;4,3;100;100;100;301;1,2;,7;
2026/05/20;0600 UTC;0;988;988,2;987,8;0;3,7;3,7;4,3;3,3;4,3;3,4;100;100;100;133;,7;,4;
2026/05/20;0700 UTC;0;987,6;987,8;987,5;0;2,9;2,9;3,3;2,3;3,4;2,3;100;100;100;133;1,1;,8;
2026/05/20;0800 UTC;0;987,6;987,6;987,5;0;2;2,1;2,2;1,9;2,3;1,9;100;100;100;151;,6;,4;
2026/05/20;0900 UTC;0;987,8;988;987,6;0;2;2;2,2;1,8;2,3;1,8;100;100;100;164;,6;,2;
2026/05/20;1000 UTC;0;988,2;988,6;987,9;0;2;2;2,2;1,8;2,3;1,9;100;100;100;178;,7;,4;
2026/05/20;1100 UTC;0;989;989,3;988,6;53,1;2,2;2,3;2,4;2;2,4;2,1;100;100;100;169;1,1;,5;
2026/05/20;1200 UTC;;;;;;;;;;;;;;;;;;
2026/05/20;1300 UTC;0;990;990,1;989,8;750;5,2;5,2;6,2;4;6,3;4;100;100;100;156;1,3;,6;
2026/05/20;1400 UTC;;;;;;;;;;;;;;;;;;
2026/05/20;1500 UTC;0;990;990,2;989,8;2275,5;12,8;6,7;14,1;11,1;8,1;5,3;84;60;70;208;2,1;,9;
2026/05/20;1600 UTC;0;989,4;989,8;989;2471,5;15,1;6,7;16,1;13,9;7,3;6;65;52;58;184;2,8;,9;
2026/05/20;1700 UTC;0;988,5;989;988;2316,5;16,3;7,1;17,2;15,6;7,7;6,4;57;49;54;225;3,4;1,1;
2026/05/20;1800 UTC;0;987,7;988;987,3;1866,5;17,2;7,1;17,9;16,3;7,9;6,4;56;46;50;225;3;1,2;
2026/05/20;1900 UTC;0;987,3;987,4;987,1;1375,5;18,1;6,9;18,5;17,8;7,7;6,1;48;40;44;263;5,1;2,3;
2026/05/20;2000 UTC;0;987,4;987,4;987,2;678,4;17,7;6,7;18,3;17,1;7,4;6,2;51;40;45;243;2,8;1,2;
2026/05/20;2100 UTC;0;987,8;988;987,4;102,9;14,9;6;16,9;12,8;7,1;5,3;63;48;55;224;2,3;,8;
2026/05/20;2200 UTC;0;988,3;988,5;988;0;11,6;5,4;12,8;10,4;5,9;5,1;77;62;69;151;1,1;,6;
2026/05/20;2300 UTC;0;988,6;988,9;988,5;0;9,4;5,9;10,4;8,6;6,2;5,4;87;76;83;124;,8;,6;
2026/05/21;0000 UTC;0;989,1;989,2;988,9;0;8,1;6,1;8,6;7,8;6,4;5,8;93;87;90;315;,8;,6;
2026/05/21;0100 UTC;0;989,3;989,3;989,2;0;7,8;6,2;8,3;7,2;6,7;5,7;95;88;92;126;,8;,5;
2026/05/21;0200 UTC;0;989,2;989,3;989,2;0;6,7;5,8;7,3;6,1;6,2;5,3;98;92;96;306;,6;,4;
2026/05/21;0300 UTC;0;989,6;989,7;989,3;0;5,7;5,4;6;5,5;5,8;5,1;99;96;98;139;,9;,4;
2026/05/21;0400 UTC;0;989,8;990;989,6;0;5,2;5;5,6;4,7;5,5;4,4;100;98;99;139;1;,5;
2026/05/21;0500 UTC;;;;;;;;;;;;;;;;;;
2026/05/21;0600 UTC;0;989,9;990,1;989,8;0;4,8;4,8;4,9;4,7;5;4,7;100;100;100;207;,8;,3;
2026/05/21;0700 UTC;0;989,6;989,8;989,5;0;4,5;4,5;4,8;4,3;4,9;4,4;100;100;100;197;,6;,2;
2026/05/21;0800 UTC;0;989,6;989,7;989,5;0;4,4;4,4;4,5;4,3;4,5;4,4;100;100;100;235;1,2;,6;
2026/05/21;0900 UTC;0;989,8;990;989,7;0;4,4;4,5;4,6;4;4,7;4;100;100;100;209;1,2;,6;
2026/05/21;1000 UTC;0;990,2;990,4;989,9;0;3,8;3,8;4;3,6;4;3,6;100;100;100;137;,9;,4;
2026/05/21;1100 UTC;0;990,8;991,3;990,4;51,8;3,6;3,6;4,2;3,3;4,2;3,4;100;100;100;202;1,1;,6;
2026/05/21;1200 UTC;;;;;;;;;;;;;;;;;;
2026/05/21;1300 UTC;;;;;;;;;;;;;;;;;;
2026/05/21;1400 UTC;;;;;;;;;;;;;;;;;;
2026/05/21;1500 UTC;0;991,7;991,9;991,2;2296,5;13,8;6,2;15;12,9;7,2;5,6;67;55;62;144;4,5;2;
2026/05/21;1600 UTC;0;990,9;991,2;990,5;2429,5;15;6,3;16,1;13,9;7,1;5,3;61;53;57;164;4,1;1,8;
2026/05/21;1700 UTC;0;990,1;990,5;989,8;2167,7;15,8;6,8;16,6;14,9;7,6;6;59;50;55;195;4,9;1,7;
2026/05/21;1800 UTC;0;989,6;989,8;989,4;1513,4;15,7;6,7;16,6;14,7;7,6;6,1;61;52;55;178;5,3;1,7;
2026/05/21;1900 UTC;0;989,2;989,4;989,1;1162,7;15,1;6,5;15,7;14,3;7,3;6;61;54;57;174;5,3;2,3;
2026/05/21;2000 UTC;0;989,3;989,4;989,1;642;14,4;6,3;15;13,4;6,7;6;64;56;59;192;3,9;1,6;
2026/05/21;2100 UTC;0;989,6;989,9;989,4;90,9;11,9;5,7;13,4;10,6;6,2;5,5;75;64;69;174;3,8;1,7;
2026/05/21;2200 UTC;0;990,2;990,4;989,9;0;9,4;5,3;10,6;8,3;5,6;5,1;84;75;79;162;2,3;,8;
2026/05/21;2300 UTC;0;990,9;991,3;990,4;0;7,4;5,1;8,3;6,8;5,3;4,9;92;84;88;155;1,6;,5;
2026/05/22;0000 UTC;0;991,5;991,7;991,3;0;6,4;5;6,8;6;5,3;4,7;95;92;93;154;1,2;,6;
2026/05/22;0100 UTC;0;991,2;991,5;991;0;6;4,7;6,2;5,8;4,9;4,6;95;93;94;160;2,2;,6;
2026/05/22;0200 UTC;0;990,9;991;990,8;0;5,9;4,6;6,1;5,5;4,9;4,2;95;92;94;183;1,1;,3;
2026/05/22;0300 UTC;0;990,8;991;990,7;0;5,1;4,3;5,6;4,7;4,6;4,1;97;94;96;159;,7;,5;
2026/05/22;0400 UTC;0;990,9;991,1;990,9;0;4,6;4,2;4,8;4,2;4,5;3,9;99;97;98;272;1,2;,5;
2026/05/22;0500 UTC;;;;;;;;;;;;;;;;;;
2026/05/22;0600 UTC;0;990,8;990,9;990,5;0;3,3;3,3;3,6;3;3,6;3;100;99;100;143;,5;,3;
2026/05/22;0700 UTC;0;990,2;990,5;990,1;0;2,8;2,8;3,2;2,5;3,3;2,5;100;100;100;282;,8;,3;
2026/05/22;0800 UTC;0;990;990,2;989,8;0;2,6;2,7;2,8;2,3;2,8;2,4;100;100;100;246;,8;,4;
2026/05/22;0900 UTC;0;989,8;989,9;989,6;0;2,4;2,5;2,7;2,1;2,7;2,2;100;100;100;298;1,3;,2;
2026/05/22;1000 UTC;0;989,9;990,3;989,8;0;2,3;2,4;2,5;2,1;2,6;2,2;100;100;100;307;1,5;,7;
2026/05/22;1100 UTC;0;990,7;990,9;990,3;83,5;3;3;4,3;2,4;4,4;2,5;100;100;100;179;,9;,4;
2026/05/22;1200 UTC;;;;;;;;;;;;;;;;;;
2026/05/22;1300 UTC;;;;;;;;;;;;;;;;;;
2026/05/22;1400 UTC;;;;;;;;;;;;;;;;;;
2026/05/22;1500 UTC;0;989,7;990,1;989,4;1641,7;14,8;8,2;15,9;14;8,9;7,6;70;62;67;165;5,3;2,4;
2026/05/22;1600 UTC;0;989;989,4;988,5;1110,4;15;8,5;15,5;14,5;9,1;8,1;70;65;67;152;4,2;1,9;
2026/05/22;1700 UTC;0;988,1;988,5;987,8;1110,6;15,7;9,1;16,6;15;9,9;8,6;70;64;67;171;5;1,8;
2026/05/22;1800 UTC;0;988,1;988,2;987,9;597,2;15,1;9,4;15,7;14,2;9,7;9,1;75;68;71;169;4,8;2,3;
2026/05/22;1900 UTC;0;988;988,1;987,7;160;13,6;9,1;14,2;13,1;9,4;8,9;80;75;78;167;4,6;2;
2026/05/22;2000 UTC;0;988,4;988,7;988,1;147,8;12,7;8,9;13,1;12,3;9,2;8,6;83;79;81;172;4,7;2,3;
2026/05/22;2100 UTC;0;988,8;989,1;988,6;40,5;12,1;8,8;12,3;11,7;9;8,7;85;82;83;181;4,3;1,7;
2026/05/22;2200 UTC;0;989,2;989,6;989;0;11,3;8,8;11,8;11;9;8,7;90;85;88;199;2,5;,7;
2026/05/22;2300 UTC;0;989,7;989,9;989,6;0;10,9;8,8;11;10,7;8,9;8,7;91;88;89;141;1,9;,7;
2026/05/23;0000 UTC;0;989,7;989,9;989,6;0;10,3;8,8;10,7;10;8,9;8,7;94;91;92;118;2,2;,8;
2026/05/23;0100 UTC;0;989,5;989,7;989,2;0;10,6;8,9;11;10;9,1;8,8;94;89;92;185;2,4;,8;
2026/05/23;0200 UTC;0;989,7;990;989,5;0;10,3;9,1;10,8;10;9,3;8,9;96;91;94;219;1,3;,6;
2026/05/23;0300 UTC;0;990;990,1;989,9;0;10;9,3;10,1;9,9;9,4;9,1;97;96;96;269;1,5;,6;
2026/05/23;0400 UTC;0;989,8;990;989,6;0;9,7;9,2;10;9,2;9,4;8,9;98;97;97;143;,9;,5;
2026/05/23;0500 UTC;;;;;;;;;;;;;;;;;;
2026/05/23;0600 UTC;0;989,1;989,2;988,9;0;8,9;8,9;9,2;8,7;9,2;8,6;100;99;100;250;1,3;,7;
2026/05/23;0700 UTC;0;988,7;988,9;988,6;0;8,2;8,2;8,7;7,8;8,6;7,8;100;99;100;242;1,8;1;
2026/05/23;0800 UTC;0;988,7;988,9;988,6;0;8,2;8,2;8,5;7,8;8,5;7,8;100;100;100;167;,9;,3;
2026/05/23;0900 UTC;0;988,8;988,9;988,8;0;8,6;8,6;8,8;8,5;8,8;8,5;100;100;100;195;1;,4;
2026/05/23;1000 UTC;0;989,1;989,2;988,9;0;8,8;8,8;8,8;8,7;8,9;8,7;100;100;100;217;1,7;,5;
2026/05/23;1100 UTC;0;989,3;989,4;989,2;35,5;8,7;8,7;8,7;8,6;8,7;8,6;100;100;100;196;2,1;,8;
2026/05/23;1200 UTC;;;;;;;;;;;;;;;;;;
2026/05/23;1300 UTC;;;;;;;;;;;;;;;;;;
2026/05/23;1400 UTC;0;989;989,2;988,7;1894,2;16;10,6;17,2;15;11,1;10,2;80;66;73;123;5;2,1;
2026/05/23;1500 UTC;0;988,4;988,7;988,1;2222,6;18,1;10,6;18,8;16,9;11,3;9,6;69;56;63;131;6,9;3,7;
2026/05/23;1600 UTC;0;987,7;988,1;987,2;2367,2;19,5;10,8;20,6;18,5;11,7;9,9;60;52;57;165;6,2;2,7;
2026/05/23;1700 UTC;0;986,8;987,2;986,4;1699,8;19,5;10,9;21;18,3;11,9;10,1;61;51;57;147;6,3;2,4;
2026/05/23;1800 UTC;0;986,2;986,4;986,1;1192,2;19,5;11,2;21;18,5;12,4;10,5;64;52;59;168;5,3;2,2;
2026/05/23;1900 UTC;0;986,2;986,3;986,2;769,2;18,8;11,2;19,7;18,1;11,6;10,8;65;59;62;172;5,7;2,8;
2026/05/23;2000 UTC;0;986,3;986,4;986,2;254,4;17;10,7;18,5;16,5;11,2;10,4;70;63;68;169;5,7;2,7;
2026/05/23;2100 UTC;0;986,5;987;986,3;96;15,3;10,1;16,7;14,2;10,5;9,8;78;68;74;169;5,2;2,3;
2026/05/23;2200 UTC;0;986,9;987,1;986,9;0;13,1;9,7;14,1;12,3;9,8;9,6;87;78;83;182;3,2;,9;
2026/05/23;2300 UTC;0;987,2;987,3;987,1;0;12,3;9,6;12,4;12,1;9,7;9,5;87;86;86;173;2;,7;
2026/05/24;0000 UTC;0;987,3;987,4;987,2;0;11,7;9,7;12,1;11,1;10;9,5;94;87;90;184;,9;,4;
2026/05/24;0100 UTC;0;987,4;987,5;987,2;0;11,2;10;11,3;11;10,3;9,7;95;93;94;195;,6;,3;
2026/05/24;0200 UTC;;;;;;;;;;;;;;;;;;
2026/05/24;0300 UTC;0;987,4;987,5;987,3;0;10,2;9,8;10,7;9,8;10,5;9,2;99;96;98;199;,3;,1;
2026/05/24;0400 UTC;0;987,1;987,3;986,8;0;11;10,8;11,2;10,7;11,1;10,4;100;97;99;301;1,2;,5;
2026/05/24;0500 UTC;0;986,9;987;986,8;0;10,1;9,8;10,8;9,7;10,4;9,5;99;97;98;229;,6;,3;
2026/05/24;0600 UTC;0;986,5;986,8;986,2;0;10,2;10,2;10,8;9,8;10,9;9,6;100;99;100;197;1;,4;
2026/05/24;0700 UTC;0;986,1;986,2;985,9;0;10,9;10,9;11,3;10,7;11,2;10,6;100;100;100;167;1,3;,7;
2026/05/24;0800 UTC;0;985,6;985,9;985,4;0;10,9;10,6;11,4;10,1;11,2;9,8;100;98;98;128;1,2;,4;
2026/05/24;0900 UTC;0;985,8;986;985,5;0;10,5;10,5;11,2;10,1;11,2;9,8;100;99;100;113;,9;,4;
2026/05/24;1000 UTC;0;986,2;986,3;986;0;11,6;11,6;11,8;11,2;11,8;11,2;100;99;100;158;1,2;,6;
2026/05/24;1100 UTC;0;986,4;986,5;986,3;57,7;11,6;11,3;11,8;11,5;11,6;11,2;99;98;99;150;1,1;,4;
2026/05/24;1200 UTC;;;;;;;;;;;;;;;;;;
2026/05/24;1300 UTC;0;986,6;986,8;986,4;1365,4;15,7;11,3;16,2;15,2;11,8;10,9;82;74;78;94;6,2;3,4;
2026/05/24;1400 UTC;;;;;;;;;;;;;;;;;;
2026/05/24;1500 UTC;0;986,3;986,5;986;882,9;16,1;11,1;16,9;15,8;11,5;10,8;77;72;75;88;4,2;2,3;
2026/05/24;1600 UTC;0;985,7;986;985,3;1332,8;16,8;11,2;17,6;16,1;11,6;10,9;75;68;72;131;3,2;1,7;
2026/05/24;1700 UTC;0;984,9;985,2;984,6;1868,4;18,9;11,9;20;17,7;12,5;11,4;70;61;65;141;3,9;1,7;
2026/05/24;1800 UTC;0;984,2;984,6;984;1235,3;19,5;12,1;20,3;18,6;12,8;11,5;68;60;63;116;7,4;3;
2026/05/24;1900 UTC;0;983,9;984;983,8;1114;19,8;12;20,4;19,4;12,4;11,7;63;58;61;138;6,4;2,6;
2026/05/24;2000 UTC;0;983,9;984,1;983,6;390,1;18,2;11,6;19,9;17;12,3;11,1;71;61;67;129;6,1;3,1;
2026/05/24;2100 UTC;0;984,3;984,4;984,1;94,9;15,8;10,9;17;14,2;11,1;10,7;83;70;75;164;1,5;,4;
2026/05/24;2200 UTC;0;984,2;984,4;984;0;13,1;10,6;14,2;12,7;10,9;10,4;90;83;88;173;1,6;,4;
2026/05/24;2300 UTC;0;984,6;984,8;984,4;0;12,7;10,9;13;12,3;11,1;10,7;93;89;91;242;1,3;,5;
2026/05/25;0000 UTC;0;984,6;984,7;984,5;0;11,6;10,7;12,2;11,2;11;10,1;98;93;95;140;1,6;,2;
2026/05/25;0100 UTC;0;984,6;984,8;984,4;0;11;10,5;11,2;10,8;10,8;10;98;96;98;153;1,5;,5;
2026/05/25;0200 UTC;;;;;;;;;;;;;;;;;;
2026/05/25;0300 UTC;0;984,4;984,4;984,2;0;10,2;9,9;10,7;9,8;10,4;9,3;99;97;98;166;,8;,3;
2026/05/25;0400 UTC;0;984,3;984,4;984,2;0;9,7;9,6;9,9;9,3;9,9;9,1;100;98;99;280;1,1;,4;
2026/05/25;0500 UTC;0;984,2;984,3;984,1;0;9,1;9,1;9,4;8,7;9,4;8,6;100;99;100;152;,6;,2;
2026/05/25;0600 UTC;0;983,8;984,1;983,2;0;8,7;8,8;8,8;8,7;8,9;8,7;100;100;100;101;1,8;,7;
2026/05/25;0700 UTC;0;983,5;983,8;982,9;0;9,3;9,4;10,3;8,8;10,3;8,8;100;100;100;82;1;,4;
2026/05/25;0800 UTC;0;983,3;983,4;983,2;0;9,5;9,6;9,9;9,2;9,9;9,3;100;100;100;270;,9;,4;
2026/05/25;0900 UTC;0;983,2;983,3;983,1;0;9,3;9,3;9,3;9,2;9,4;9,2;100;100;100;97;,9;,5;
2026/05/25;1000 UTC;0;983,6;984,1;983,2;0;9,3;9,4;9,5;9,2;9,5;9,2;100;100;100;220;1,1;,5;
2026/05/25;1100 UTC;0;984,3;984,6;983,8;40,8;9,9;9,9;10,4;9,2;10,4;9,3;100;98;100;159;1,7;,8;
2026/05/25;1200 UTC;;;;;;;;;;;;;;;;;;
2026/05/25;1300 UTC;0;984,6;984,8;984,5;387,2;12,9;12;13,9;12,4;12,6;11,6;97;92;96;293;1,3;,6;
2026/05/25;1400 UTC;;;;;;;;;;;;;;;;;;
2026/05/25;1500 UTC;0;984,6;984,8;984,5;330,3;15,6;13,8;16;15,2;14,5;13,4;93;88;91;48;2,8;1,5;
2026/05/25;1600 UTC;1,2;984,4;984,7;984,1;174,9;16,2;15,2;16,4;15,9;15,8;14,5;98;93;95;220;3,2;,8;
2026/05/25;1700 UTC;1;983,7;984,3;983,1;266,6;16,3;16,1;16,7;16;16,6;15,7;100;97;99;150;1,7;,8;
2026/05/25;1800 UTC;,4;983;983,3;982,7;340,3;16,9;16,6;17,2;16,6;17;16,4;99;97;98;93;1,5;,5;
2026/05/25;1900 UTC;,2;982,4;982,7;982,1;252,8;17,3;16,9;17,5;17,2;17,2;16,6;99;97;98;177;1,8;,8;
2026/05/25;2000 UTC;0;982,3;982,5;981,8;39;17,1;16,7;17,3;16,8;17;16,5;99;98;98;151;2,3;1,2;
2026/05/25;2100 UTC;,2;982,3;982,9;981,7;,1;16,6;16,5;16,8;16,5;16,7;16,5;100;99;100;53;4;2,4;
2026/05/25;2200 UTC;1,4;982,7;983,2;981,4;0;16,7;16,7;16,9;16,6;16,7;16,6;100;99;100;239;3,6;1,5;
2026/05/25;2300 UTC;1,4;983,4;983,8;983;0;16,5;16,6;16,6;16,4;16,6;16,5;100;100;100;124;1,4;,9;
2026/05/26;0000 UTC;,6;983,4;983,5;983,3;0;16,3;16,4;16,4;16,2;16,5;16,3;100;100;100;166;1,8;1;
2026/05/26;0100 UTC;0;983,4;983,5;983,2;0;16,2;16,3;16,4;16,1;16,5;16,2;100;100;100;98;3,3;1,8;
2026/05/26;0200 UTC;0;983,1;983,2;983;0;16,5;16,5;16,7;16,4;16,7;16,4;100;99;100;83;3,1;,8;
2026/05/26;0300 UTC;,2;982,7;983,1;982,6;0;16,1;16,1;16,6;15,8;16,4;15,7;100;99;100;85;2,2;1,1;
2026/05/26;0400 UTC;;;;;;;;;;;;;;;;;;
2026/05/26;0500 UTC;;;;;;;;;;;;;;;;;;
2026/05/26;0600 UTC;;;;;;;;;;;;;;;;;;
2026/05/26;0700 UTC;,2;982,2;982,4;981,9;0;15,7;15,7;15,7;15,6;15,8;15,6;100;100;100;253;1,5;,5;
2026/05/26;0800 UTC;,4;982,3;982,6;981,9;0;15,7;15,7;15,7;15,6;15,8;15,7;100;100;100;275;1,1;,5;
2026/05/26;0900 UTC;,2;982,2;982,3;982,1;0;15,8;15,8;15,8;15,7;15,9;15,8;100;100;100;239;,7;,2;
2026/05/26;1000 UTC;2,4;982,5;982,8;982,3;0;15,8;15,9;15,9;15,8;15,9;15,9;100;100;100;279;1,2;,6;
2026/05/26;1100 UTC;,4;983,1;983,3;982,8;30,5;15,9;15,9;16;15,9;16;15,9;100;100;100;210;1,3;,4;
2026/05/26;1200 UTC;;;;;;;;;;;;;;;;;;
2026/05/26;1300 UTC;;;;;;;;;;;;;;;;;;
2026/05/26;1400 UTC;;;;;;;;;;;;;;;;;;
2026/05/26;1500 UTC;;;;;;;;;;;;;;;;;;
2026/05/26;1600 UTC;0;984,2;984,3;984;609,8;17;16,2;17,9;16,4;16,6;15,8;99;91;96;233;3,4;1,3;
2026/05/26;1700 UTC;0;983,7;984;983,4;432,8;17,5;16,3;17,8;17,3;16,6;15,8;96;92;94;238;2,4;,8;
2026/05/26;1800 UTC;0;983,3;983,4;983,2;312;17,7;16,4;17,8;17,6;16,8;16;95;92;93;260;2;1,1;
2026/05/26;1900 UTC;0;983,5;983,6;983,4;171,6;17,4;16,4;17,7;17;16,7;16,1;96;94;95;209;3,5;1,1;
2026/05/26;2000 UTC;0;983,8;983,9;983,6;102,6;17;16;17,1;16,8;16,2;15,8;96;94;95;197;1,6;,7;
2026/05/26;2100 UTC;0;984;984,1;984;34,8;16,7;16;16,8;16,4;16,1;15,9;98;96;97;307;,8;,4;
2026/05/26;2200 UTC;0;984,2;984,3;984;0;16;15,6;16,4;15,3;16;15;99;98;98;176;1,2;,6;
2026/05/26;2300 UTC;0;984,6;985,1;984,3;0;14,6;14,5;15,2;14,1;15;14;100;99;99;65;,7;,4;
2026/05/27;0000 UTC;0;985,5;985,7;985,1;0;15,1;15,2;15,3;14,8;15,4;14,8;100;100;100;227;1,9;,6;
2026/05/27;0100 UTC;0;985,8;985,9;985,7;0;15,1;15,1;15,3;14,5;15,3;14,6;100;100;100;173;1,3;,6;
2026/05/27;0200 UTC;0;986;986,1;985,9;0;13,6;13,5;14,5;12,8;14,5;12,7;100;99;100;207;,9;,4;
2026/05/27;0300 UTC;0;986,2;986,3;986,1;0;12,4;12,4;12,8;11,7;12,7;11,7;100;100;100;168;1,4;,8;
2026/05/27;0400 UTC;;;;;;;;;;;;;;;;;;
2026/05/27;0500 UTC;;;;;;;;;;;;;;;;;;
2026/05/27;0600 UTC;;;;;;;;;;;;;;;;;;
2026/05/27;0700 UTC;0;985,7;985,7;985,6;0;10,8;10,9;11,1;10,3;11,1;10,3;100;100;100;162;1,4;,4;
2026/05/27;0800 UTC;0;985,8;985,8;985,7;0;10,5;10,6;10,7;10,2;10,7;10,3;100;100;100;95;,6;,2;
2026/05/27;0900 UTC;0;985,8;985,9;985,7;0;10,1;10,2;10,4;9,7;10,4;9,7;100;100;100;158;,7;,4;
2026/05/27;1000 UTC;0;986,1;986,4;985,9;0;9,5;9,6;10,1;9;10,1;9;100;100;100;126;1,2;,6;
2026/05/27;1100 UTC;0;986,8;987,2;986,4;23,1;10,8;10,8;11,2;10,1;11,3;10,1;100;100;100;258;2,2;1,1;
2026/05/27;1200 UTC;;;;;;;;;;;;;;;;;;
2026/05/27;1300 UTC;;;;;;;;;;;;;;;;;;
2026/05/27;1400 UTC;;;;;;;;;;;;;;;;;;
2026/05/27;1500 UTC;0;987,4;987,6;987,2;2044,1;18,4;12,9;19,6;17,2;13,7;12,2;79;66;73;116;5,8;2,5;
2026/05/27;1600 UTC;0;986,8;987,2;986,4;1051,7;18,3;12,6;19,2;17,9;13,1;12,1;75;68;71;125;4,7;2,5;
2026/05/27;1700 UTC;0;986,2;986,5;985,8;1768,6;19,3;12,4;21;18,1;13;11,7;72;56;66;101;5,6;2,6;
2026/05/27;1800 UTC;0;985,6;985,8;985,5;1500,3;19,9;12,3;21,1;18,7;13,4;11,4;67;58;62;121;6;3,4;
2026/05/27;1900 UTC;0;985,6;985,7;985,5;954,3;19,2;11,4;19,9;18,6;11,9;10,6;65;57;61;120;4,8;2,6;
2026/05/27;2000 UTC;0;985,8;985,8;985,7;544,8;18,8;11,3;19,4;17,8;12,2;10,5;66;59;62;142;5,8;2,3;
2026/05/27;2100 UTC;0;985,7;985,8;985,6;93,1;16,9;10,9;18;15;11,5;10,5;81;63;70;138;2,7;,9;
2026/05/27;2200 UTC;0;985,8;986;985,6;0;14,2;11,5;15;13,3;11,8;11,2;93;81;86;115;2,2;,9;
2026/05/27;2300 UTC;0;986,1;986,2;986;0;13,3;11,7;13,5;13,2;12;11,5;94;91;92;121;3,3;1,8;
2026/05/28;0000 UTC;0;986,2;986,3;986,1;0;12,9;11,6;13,2;12,4;11,7;11,2;95;92;94;114;3,1;1,7;
2026/05/28;0100 UTC;;;;;;;;;;;;;;;;;;
2026/05/28;0200 UTC;0;986,3;986,4;986,2;0;10,8;10;11,5;10,2;10,2;9,3;99;94;96;149;1,2;,5;
2026/05/28;0300 UTC;0;986,2;986,4;986;0;10,8;10,4;11,5;10,2;10,9;10;100;95;98;138;3,1;1;
2026/05/28;0400 UTC;;;;;;;;;;;;;;;;;;
2026/05/28;0500 UTC;0;985,9;986;985,8;0;9,9;9,8;10,4;9,5;10,3;9,3;100;99;100;167;1,6;,6;
2026/05/28;0600 UTC;;;;;;;;;;;;;;;;;;
2026/05/28;0700 UTC;0;985,2;985,4;985;0;8,7;8,8;9;8,4;9,1;8,4;100;100;100;150;,6;,3;
2026/05/28;0800 UTC;0;984,9;985;984,8;0;7,9;7,9;8,3;7,6;8,3;7,6;100;100;100;127;,6;,3;
2026/05/28;0900 UTC;0;984,8;985;984,7;0;7,1;7,1;7,6;6,6;7,7;6,7;100;100;100;244;,7;,1;
2026/05/28;1000 UTC;0;985,3;985,4;985;0;6,5;6,6;6,8;6,2;6,8;6,2;100;100;100;228;,5;,2;
2026/05/28;1100 UTC;0;985,8;986;985,4;46,3;6,1;6,2;6,4;6;6,5;6;100;100;100;322;,6;,1;
2026/05/28;1200 UTC;,2;986;986,1;986;658,2;8,1;7,8;9,8;6,5;8,8;6,5;100;94;98;286;1,1;,6;
2026/05/28;1300 UTC;;;;;;;;;;;;;;;;;;
2026/05/28;1400 UTC;0;986,1;986,2;986;1898,6;16,3;11,7;17,4;15,1;12,8;10,8;87;72;77;258;1,8;,8;
2026/05/28;1500 UTC;0;985,8;986;985,4;2210,9;18,1;11,9;19,2;17,3;12,5;11,2;74;65;69;275;2,5;1;
2026/05/28;1600 UTC;0;985;985,5;984,4;2320,1;20,1;12,6;21;19,2;13,4;12;68;58;63;175;2,1;,9;
2026/05/28;1700 UTC;0;983,8;984,4;983,4;2162,5;21,6;13,4;22,3;21;14,2;12,7;62;56;59;198;3;1,3;
2026/05/28;1800 UTC;0;983,2;983,4;983;1731,1;22,7;14,4;23,2;22,3;15,3;13,7;63;56;58;228;3,4;1,5;
2026/05/28;1900 UTC;0;982,9;983;982,8;1249,6;22,5;14,3;22,9;22,1;14,9;13,8;63;57;59;254;3,8;1,7;
2026/05/28;2000 UTC;0;983;983,2;982,9;566,2;21,8;14,6;22,3;21,1;15;14,3;68;61;64;256;2,3;1,4;
2026/05/28;2100 UTC;0;983,6;983,8;983,3;45,2;19,2;14,4;21,3;17,2;14,6;14,1;87;66;76;170;2,6;1,5;
2026/05/28;2200 UTC;0;984;984,3;983,8;0;16;14;17,1;15,2;14,5;13,4;92;87;90;171;3,5;1,5;
2026/05/28;2300 UTC;0;984,6;984,8;984,3;0;14,2;12,7;15,1;13,5;13,4;12,4;95;91;93;173;5,6;2,3;
2026/05/29;0000 UTC;0;985;985,3;984,8;0;13,2;12,4;13,4;13;12,4;12,3;97;95;96;187;3,8;1,6;
2026/05/29;0100 UTC;;;;;;;;;;;;;;;;;;
2026/05/29;0200 UTC;0;985,5;985,7;985,4;0;12,7;12,5;12,8;12,6;12,5;12,4;99;98;99;169;2;,7;
2026/05/29;0300 UTC;0;985,8;986;985,7;0;12,4;12,2;12,7;12;12,5;11,9;99;99;99;150;1,5;,6;
2026/05/29;0400 UTC;;;;;;;;;;;;;;;;;;
2026/05/29;0500 UTC;;;;;;;;;;;;;;;;;;
2026/05/29;0600 UTC;;;;;;;;;;;;;;;;;;
2026/05/29;0700 UTC;0;985;985,3;984,8;0;11,1;11,1;11,2;10,8;11,2;10,8;100;100;100;218;1;,4;
2026/05/29;0800 UTC;0;984,7;984,9;984,5;0;11,5;11,6;11,8;11,2;11,8;11,3;100;100;100;143;1,4;,6;
2026/05/29;0900 UTC;0;984,7;985;984,6;0;11,4;11,5;11,6;11,3;11,7;11,3;100;100;100;188;1;,5;
2026/05/29;1000 UTC;0;985,1;985,4;985;0;12,2;12,2;12,7;11,6;12,7;11,7;100;100;100;170;1,6;,7;
2026/05/29;1100 UTC;0;985,8;986,2;985,3;15,8;12,7;12,7;12,8;12,6;12,8;12,4;100;99;100;197;,8;,4;
2026/05/29;1200 UTC;0;986,2;986,4;986,1;108,2;13,3;13,1;13,9;12,9;13,5;12,8;100;98;99;179;1,5;,5;
2026/05/29;1300 UTC;;;;;;;;;;;;;;;;;;
2026/05/29;1400 UTC;0;986,1;986,4;986;291,3;14,8;13,2;15,1;14,7;13,6;12,9;93;91;92;146;4,1;1,5;
2026/05/29;1500 UTC;0;986;986,1;985,8;341,7;15,3;13,7;15,4;15,1;14,2;13,3;94;90;92;182;2,5;,9;
2026/05/29;1600 UTC;0;985,5;985,8;985,3;252,6;15,2;14,3;15,3;14,9;14,7;13,9;98;93;96;173;2,9;1,1;
2026/05/29;1700 UTC;,2;984,9;985,3;984,5;260;15,1;14,7;15,3;14,9;15;14,5;98;97;98;178;3,7;1,4;
2026/05/29;1800 UTC;0;984,6;984,7;984,5;149,2;15,3;14,8;15,3;15,2;14,9;14,6;98;97;97;224;1,4;,6;
2026/05/29;1900 UTC;0;984,6;984,7;984,5;91,8;15,3;14,9;15,3;15,2;15;14,7;99;97;98;156;,8;,3;
2026/05/29;2000 UTC;,4;984,5;984,6;984,4;31,2;15,2;15;15,2;15;15;14,9;99;98;99;149;2,7;1,1;
2026/05/29;2100 UTC;,6;984,7;984,9;984,3;2,6;14,9;14,9;15;14,9;14,9;14,8;100;99;100;162;4,2;1,5;
2026/05/29;2200 UTC;,8;984,9;985;984,7;0;14,7;14,6;14,9;14,7;14,8;14,5;100;99;99;143;2,7;1,3;
2026/05/29;2300 UTC;,2;985,3;985,6;985;0;14,5;14,3;14,7;14,3;14,7;14,1;100;98;99;163;2,3;,9;
2026/05/30;0000 UTC;,2;985,8;985,9;985,6;0;14,3;14,2;14,3;14,2;14,2;14,1;100;99;100;68;2;1,1;
2026/05/30;0100 UTC;,2;985,5;985,7;985,4;0;14,4;14;14,4;14,2;14,2;13,9;100;97;98;141;2,1;,9;
2026/05/30;0200 UTC;,2;985,4;985,6;985,3;0;14;13,9;14,2;14;13,9;13,7;99;99;99;119;2,6;1,6;
2026/05/30;0300 UTC;;;;;;;;;;;;;;;;;;
2026/05/30;0400 UTC;;;;;;;;;;;;;;;;;;
2026/05/30;0500 UTC;;;;;;;;;;;;;;;;;;
2026/05/30;0600 UTC;0;984,9;985;984,8;0;13,5;13,6;13,7;13,4;13,7;13,5;100;100;100;214;1,2;,6;
2026/05/30;0700 UTC;0;984,8;984,8;984,7;0;13,4;13,4;13,4;13,3;13,5;13,4;100;100;100;147;,6;,4;
2026/05/30;0800 UTC;0;984,9;985;984,8;0;13,4;13,4;13,4;13,3;13,4;13,4;100;100;100;156;,8;,4;
2026/05/30;0900 UTC;0;985,2;985,4;984,8;0;13,3;13,3;13,4;13,2;13,4;13,2;100;100;100;298;1,3;,7;
2026/05/30;1000 UTC;0;985,7;985,9;985,4;0;13,2;13,3;13,3;13,2;13,4;13,2;100;100;100;189;,8;,3;
2026/05/30;1100 UTC;0;986,1;986,4;985,9;50,2;13,2;13,2;13,3;13;13,4;13;100;100;100;260;1,4;,6;
2026/05/30;1200 UTC;;;;;;;;;;;;;;;;;;
2026/05/30;1300 UTC;;;;;;;;;;;;;;;;;;
2026/05/30;1400 UTC;;;;;;;;;;;;;;;;;;
2026/05/30;1500 UTC;0;986,8;987,1;986,5;1933,2;19,2;16;20,5;17,2;16,8;15,1;92;77;84;194;3,1;1,7;
2026/05/30;1600 UTC;;;;;;;;;;;;;;;;;;
2026/05/30;1700 UTC;0;985,1;985,5;984,8;1990,4;21,8;16,7;22,9;20,5;17,4;15,8;79;69;74;116;3,8;1,6;
2026/05/30;1800 UTC;0;984,6;984,8;984,4;762,6;21;16,5;23;20,4;17,2;16,1;82;68;77;128;2,2;1,2;
2026/05/30;1900 UTC;0;984,3;984,4;984,2;806,7;21;16,4;21,6;20,5;17;15,9;81;72;77;48;3,7;1,7;
2026/05/30;2000 UTC;0;984,4;984,4;984,3;407,6;20,3;16,4;20,8;20;16,7;16,2;83;77;81;43;3,2;1,7;
2026/05/30;2100 UTC;0;984,7;984,9;984,4;40,2;19,2;16,3;20,3;18,6;16,6;16,1;89;81;86;31;2,4;1,5;
2026/05/30;2200 UTC;0;985;985,4;984,8;0;18,6;16,1;18,9;18,2;16,4;15,8;89;85;87;320;3,8;2,4;
2026/05/30;2300 UTC;0;985,5;985,6;985,4;0;17,7;15,9;18,2;17,1;16;15,8;94;88;91;326;4;2,3;
2026/05/31;0000 UTC;0;985,6;985,7;985,5;0;17;15,8;17,1;16,9;15,8;15,7;94;94;94;287;2,1;,9;
2026/05/31;0100 UTC;0;985,8;985,9;985,6;0;16,9;15,9;17;16,8;16;15,8;96;94;95;281;1,8;,8;
2026/05/31;0200 UTC;0;985,9;986;985,9;0;16,8;16;16,9;16,7;16,1;16;97;96;96;291;1,4;,8;
2026/05/31;0300 UTC;0;985,7;985,9;985,5;0;16,5;15,9;16,7;16,4;16;15,8;98;97;97;249;1,6;,7;
2026/05/31;0400 UTC;;;;;;;;;;;;;;;;;;
2026/05/31;0500 UTC;;;;;;;;;;;;;;;;;;
2026/05/31;0600 UTC;0;985,6;985,7;985,5;0;16,4;15,9;16,4;16,3;16;15,9;98;97;98;324;1,6;1;
2026/05/31;0700 UTC;0;985,3;985,5;985,1;0;16,2;15,9;16,3;16,2;15,9;15,9;99;98;98;326;1,6;1;
2026/05/31;0800 UTC;0;985,1;985,1;985;0;16,2;15,9;16,2;16,1;15,9;15,9;99;99;99;237;1,1;,2;
2026/05/31;0900 UTC;0;985,1;985,2;985;0;16;15,8;16,1;15,9;15,9;15,7;100;99;99;297;,7;,4;
2026/05/31;1000 UTC;0;985,6;985,8;985,2;0;16;15,8;16;15,9;15,9;15,5;100;98;99;300;2;1,3;
2026/05/31;1100 UTC;0;986,2;986,4;985,8;23,9;15,8;15,2;16;15,6;15,5;14,9;98;96;97;247;2,4;1,1;
2026/05/31;1200 UTC;;;;;;;;;;;;;;;;;;
2026/05/31;1300 UTC;;;;;;;;;;;;;;;;;;
2026/05/31;1400 UTC;;;;;;;;;;;;;;;;;;
2026/05/31;1500 UTC;0;986,4;986,6;986,1;1744,5;19,6;13,6;20,5;18,4;14,1;13;77;63;70;299;3,2;1,4;
2026/05/31;1600 UTC;0;985,7;986;985,2;1819,8;20,4;13,1;21,7;19,2;13,7;12,3;69;56;63;293;4,6;2,5;
2026/05/31;1700 UTC;0;984,9;985,2;984,6;1647,9;21,2;12,8;22,2;20,2;13,6;11,9;63;53;58;300;3,5;1,6;
2026/05/31;1800 UTC;0;984,2;984,6;983,9;1151,8;20,6;12,1;21,9;19,6;13,2;11,2;63;52;58;311;3,8;2,1;
2026/05/31;1900 UTC;0;983,9;983,9;983,8;832,2;20,8;12,1;21,9;19,9;13,1;11,5;62;52;57;286;2,6;1,4;
2026/05/31;2000 UTC;0;984;984,1;983,8;457,2;20,5;11,6;21,7;19,3;12,4;11,1;62;51;56;293;2,2;1,3;
2026/05/31;2100 UTC;0;984,2;984,4;984;55,5;17,6;11,5;19,3;15,2;12,3;11;82;59;70;276;,9;,5;
2026/05/31;2200 UTC;0;984,8;985;984,4;0;14,2;11,4;15,2;13,5;11,7;11,2;89;81;86;336;1,1;,6;
2026/05/31;2300 UTC;0;985,3;985,5;985;0;13,3;11,6;13,7;12,9;12;11,2;95;87;92;203;1,1;,6;
2026/06/01;0000 UTC;0;985,6;985,7;985,5;0;12,2;11,5;12,9;11,6;12;11,1;99;95;97;249;,6;,3;
2026/06/01;0100 UTC;0;985,6;985,7;985,5;0;11,3;11,1;11,8;11,1;11,7;10,7;100;98;99;281;,4;,2;
2026/06/01;0200 UTC;0;985,6;985,7;985,5;0;10,7;10,6;11,2;10,2;11,2;9,9;100;98;99;263;,3;,1;
2026/06/01;0300 UTC;;;;;;;;;;;;;;;;;;
2026/06/01;0400 UTC;;;;;;;;;;;;;;;;;;
2026/06/01;0500 UTC;;;;;;;;;;;;;;;;;;
2026/06/01;0600 UTC;0;985,7;985,8;985,6;0;9,6;9,7;9,8;9,3;9,9;9,4;100;100;100;160;,6;,2;
2026/06/01;0700 UTC;0;985,5;985,6;985,4;0;9,4;9,5;9,6;9,3;9,6;9,3;100;100;100;216;1,2;,5;
2026/06/01;0800 UTC;0;985,8;985,9;985,7;0;9,8;9,9;10,2;9,5;10,2;9,5;100;100;100;232;1,2;,5;
2026/06/01;0900 UTC;;;;;;;;;;;;;;;;;;
2026/06/01;1000 UTC;0;986,2;986,3;986;0;10,6;10,6;10,8;10,5;10,9;10,5;100;100;100;99;1,2;,6;
2026/06/01;1100 UTC;0;986,7;987,1;986,3;15,2;10,9;11;11;10,8;11,1;10,9;100;100;100;185;1,3;,7;
2026/06/01;1200 UTC;;;;;;;;;;;;;;;;;;
2026/06/01;1300 UTC;;;;;;;;;;;;;;;;;;
2026/06/01;1400 UTC;0;988,2;988,4;988,1;384,6;12,4;12,4;12,7;12,2;12,8;12,3;100;100;100;259;1,6;,7;
2026/06/01;1500 UTC;0;988,1;988,3;987,8;825,4;13,1;12,8;14,1;12,5;13,4;11,6;100;88;99;197;1,9;,7;
2026/06/01;1600 UTC;0;987,4;987,8;987,1;1661,6;15,6;12,4;16,9;14;13,7;11,6;92;78;84;261;1,9;1;
2026/06/01;1700 UTC;0;986,8;987,1;986,5;1271;16,5;12,4;17,5;15,6;13,4;11,8;85;74;80;310;3,1;1,8;
2026/06/01;1800 UTC;0;986,1;986,5;985,9;1629,9;18;12;18,7;16,5;12,7;11,5;80;66;70;120;2,2;1;
2026/06/01;1900 UTC;0;985,7;985,9;985,4;1169,8;18,6;11,7;19,4;17,2;12,5;11;72;60;65;191;2,9;1,3;
2026/06/01;2000 UTC;0;985,6;985,8;985,5;568,8;18,4;11,5;18,7;18,1;12,1;11,2;69;63;65;323;2,3;1,2;
2026/06/01;2100 UTC;0;986;986,2;985,7;66,1;16,5;11,5;18,2;14,6;11,8;10,9;86;65;75;199;,8;,6;
2026/06/01;2200 UTC;0;986,4;986,8;986,2;0;13,5;11,5;14,5;12,6;11,7;11,2;93;86;90;160;1,1;,7;
2026/06/01;2300 UTC;0;986,9;987,1;986,8;0;12,6;11,3;12,8;12,3;11,5;11,2;96;92;94;176;2;,7;
2026/06/02;0000 UTC;0;987,2;987,4;987,1;0;13;12,1;13,8;12,4;12,6;11,3;98;94;96;166;2,4;1,2;
2026/06/02;0100 UTC;0;987,4;987,5;987,3;0;13,7;12,8;13,8;13,5;12,8;12,6;96;94;95;161;1,1;,5;
2026/06/02;0200 UTC;0;987,6;987,8;987,4;0;13,6;12,9;13,7;13,5;13;12,8;97;96;97;126;1,1;,6;
2026/06/02;0300 UTC;0;987,9;988;987,7;0;13,8;12,8;14,1;13,6;12,9;12,5;96;92;95;168;2,7;1;
2026/06/02;0400 UTC;;;;;;;;;;;;;;;;;;
2026/06/02;0500 UTC;;;;;;;;;;;;;;;;;;
2026/06/02;0600 UTC;0;987,7;987,8;987,6;0;12,6;11,5;12,8;12;12;10,9;96;93;95;193;3,1;1,1;
2026/06/02;0700 UTC;0;987,8;988;987,7;0;11,7;10,4;12;11,4;10,9;9,9;96;90;94;92;4,8;1,6;
2026/06/02;0800 UTC;0;987,8;988;987,7;0;11,9;10,1;12,1;11,8;10,3;9,9;92;90;91;110;4,7;1,7;
2026/06/02;0900 UTC;0;987,9;988;987,8;0;11,9;10,2;12,1;11,9;10,4;10;93;90;91;138;2,2;1;
2026/06/02;1000 UTC;0;988,1;988,6;987,8;0;11,7;10;12,1;10,7;10,4;9,6;95;89;91;178;1,7;,8;
2026/06/02;1100 UTC;0;989,1;989,5;988,6;36,3;10;9,5;10,7;9,7;9,7;9,2;99;95;98;300;,5;,2;
2026/06/02;1200 UTC;;;;;;;;;;;;;;;;;;
2026/06/02;1300 UTC;;;;;;;;;;;;;;;;;;
2026/06/02;1400 UTC;0;990,1;990,2;989,9;1398,3;15,9;10,7;16,7;15,3;11,7;10,1;77;71;74;85;4,7;2,2;
2026/06/02;1500 UTC;0;989,7;989,9;989,4;1993,6;17,7;11,3;19,1;16;12,1;10,6;74;62;68;96;3,5;1,7;
2026/06/02;1600 UTC;0;989,1;989,4;988,8;1683;18,3;11,5;19,2;17,4;12,1;11,1;70;61;66;106;4;2,4;
2026/06/02;1700 UTC;0;988,4;988,9;987,9;1633,9;18,8;11,9;20,1;17,8;12,8;11,3;70;60;65;162;4,8;2,2;
2026/06/02;1800 UTC;0;987,8;987,9;987,7;1200,3;19;12,1;19,7;18,4;12,6;11,7;70;61;66;133;4,7;2,5;
2026/06/02;1900 UTC;0;987,7;987,8;987,5;1073,8;18,4;12,2;19,3;17,6;12,9;11,7;71;66;69;159;6,3;2,5;
2026/06/02;2000 UTC;0;987,8;987,9;987,7;326,2;16,3;11,6;17,6;15,4;11,8;11,4;81;71;77;157;4,2;1,5;
2026/06/02;2100 UTC;0;988,2;988,6;987,9;63,7;14,8;11,5;15,4;14,3;11,8;11,4;86;81;83;145;2,5;1,1;
2026/06/02;2200 UTC;0;989;989,2;988,6;0;14;11,3;14,3;13,6;11,6;11,1;88;85;87;132;2,6;1,4;
2026/06/02;2300 UTC;0;989,2;989,3;989;0;12,8;10,8;13,6;11,9;11,1;10,5;94;87;90;108;2,4;,5;
2026/06/03;0000 UTC;0;989,2;989,4;989,1;0;11,5;10,5;11,9;11,2;10,6;10,3;96;93;95;115;1,8;,9;
2026/06/03;0100 UTC;0;989,1;989,2;989;0;11,1;10,4;11,4;10,7;10,6;10;98;95;96;245;1,2;,5;
2026/06/03;0200 UTC;0;989,2;989,4;989,1;0;11;10,5;11,2;10,8;10,8;10,2;99;97;98;250;1,2;,4;
2026/06/03;0300 UTC;0;989,5;989,8;989,4;0;10,8;10,5;10,9;10,7;10,7;10,3;99;98;99;105;,8;,3;
2026/06/03;0400 UTC;;;;;;;;;;;;;;;;;;
2026/06/03;0500 UTC;0;989,5;989,7;989,3;0;10,1;10;10,3;9,9;10,2;9,8;100;99;100;225;1,6;,5;
2026/06/03;0600 UTC;0;989,3;989,6;989;0;9,6;9,7;9,9;9,3;9,9;9,3;100;100;100;113;,9;,6;
2026/06/03;0700 UTC;0;988,8;989,1;988,4;0;9,2;9,3;9,5;8,9;9,6;9;100;100;100;58;2,4;1,2;
2026/06/03;0800 UTC;0;988,3;988,4;988,2;0;9,4;9,4;9,7;8,8;9,7;8,8;100;100;100;281;1,2;,6;
2026/06/03;0900 UTC;0;988,3;988,4;988,2;0;9,3;9,4;9,7;8,9;9,8;8,9;100;100;100;213;1,2;,6;
2026/06/03;1000 UTC;0;988,7;989,1;988,4;0;9,6;9,7;9,8;9,5;9,8;9,5;100;100;100;135;2;1,1;
2026/06/03;1100 UTC;;;;;;;;;;;;;;;;;;
2026/06/03;1200 UTC;0;989,8;989,9;989,6;264,6;11,1;11,1;11,7;10,4;11,7;10,5;100;100;100;160;,9;,4;
2026/06/03;1300 UTC;;;;;;;;;;;;;;;;;;
2026/06/03;1400 UTC;0;990,2;990,3;990,1;1703,7;16,4;12,8;18,2;14,5;13,7;12,1;89;72;82;116;4;1,7;
2026/06/03;1500 UTC;0;989,9;990,1;989,7;2133,9;19,1;12,8;19,7;18,2;13,5;12,4;74;65;69;82;3,5;1,8;
2026/06/03;1600 UTC;0;989,4;989,8;989,1;2247,5;20,3;13;21;19,7;13,7;12,5;68;60;64;163;4,2;2,3;
2026/06/03;1700 UTC;0;988,7;989,1;988,5;2111,6;21,1;13,4;21,6;20,5;14;13;64;58;61;72;3,4;1,8;
2026/06/03;1800 UTC;0;988,1;988,5;987,9;1712,2;22;13,7;22,4;21,3;14,1;13,1;63;55;59;84;3,5;2,2;
2026/06/03;1900 UTC;0;987,7;987,9;987,6;1245,7;22,7;13,9;23,1;22,3;14,5;13,4;59;53;56;160;3,4;1,8;
2026/06/03;2000 UTC;0;987,8;987,9;987,7;569;22,9;14,2;23,4;22,4;15;13,7;61;54;57;93;1,7;,6;
2026/06/03;2100 UTC;0;988,1;988,2;987,9;67,9;20,2;14,1;22,5;17,6;14,4;13,8;81;59;70;124;1,1;,8;
2026/06/03;2200 UTC;0;988,4;988,5;988,2;0;16,5;13,4;17,6;15,5;13,8;13,2;89;81;84;124;1,4;1,1;
2026/06/03;2300 UTC;0;988,7;988,9;988,4;0;15;13,1;15,5;14,4;13,4;12,5;92;89;90;129;1,1;,3;
2026/06/04;0000 UTC;0;989,2;989,5;988,9;0;13,5;12,4;14,4;13;12,8;12;97;91;94;278;,7;,4;
2026/06/04;0100 UTC;0;989,7;989,8;989,5;0;12,9;12,3;13,1;12,6;13;11,8;100;95;97;119;1,7;1,2;
2026/06/04;0200 UTC;0;989,8;989,9;989,7;0;12,4;11,9;13,1;11,8;12,5;11,3;99;96;98;190;1,5;,3;
2026/06/04;0300 UTC;;;;;;;;;;;;;;;;;;
2026/06/04;0400 UTC;;;;;;;;;;;;;;;;;;
2026/06/04;0500 UTC;;;;;;;;;;;;;;;;;;
2026/06/04;0600 UTC;0;990,2;990,4;990,2;0;9,7;9,3;10,2;9,1;9,6;8,8;100;97;98;86;,4;,2;
2026/06/04;0700 UTC;0;990,5;990,6;990,4;0;9;9;9,4;8,7;9,4;8,6;100;99;100;190;1,4;,6;
2026/06/04;0800 UTC;0;990,4;990,5;990,4;0;8,7;8,7;9,1;8,5;9,2;8,5;100;100;100;197;,5;,3;
2026/06/04;0900 UTC;0;990,3;990,5;990,2;0;8,2;8,1;8,5;7,9;8,5;7,8;100;99;100;236;,7;,3;
2026/06/04;1000 UTC;0;990,8;991,2;990,5;0;7,6;7,6;8;7,2;8,1;7,3;100;99;100;165;,9;,2;
2026/06/04;1100 UTC;;;;;;;;;;;;;;;;;;
2026/06/04;1200 UTC;0;991,7;991,8;991,6;430,8;9,5;8,6;11,1;7,5;9,3;7,5;100;90;95;263;1,1;,7;
2026/06/04;1300 UTC;;;;;;;;;;;;;;;;;;
2026/06/04;1400 UTC;;;;;;;;;;;;;;;;;;
2026/06/04;1500 UTC;0;991,2;991,5;990,9;2104,7;19,4;12,4;20;18,9;12,9;11,8;70;62;65;63;6,5;3;
2026/06/04;1600 UTC;0;990,5;990,9;990,2;2262,6;20,5;12,8;21,1;19,7;13,7;12,3;65;57;62;94;5,8;2,8;
2026/06/04;1700 UTC;0;989,6;990,1;989,2;2121,6;21,4;13,3;21,9;20,8;13,9;12,8;63;57;59;57;4,5;2,5;
2026/06/04;1800 UTC;0;988,8;989,2;988,5;1711;22,3;13,6;22,7;21,4;14,1;13,2;60;54;57;79;4,1;2,3;
2026/06/04;1900 UTC;0;988,3;988,6;988,2;1193,4;22,8;13,8;23,2;22,5;14,2;13,3;57;53;55;121;3,2;1,6;
2026/06/04;2000 UTC;0;988,2;988,2;988,1;517,9;22,4;13,7;23;21,6;14,2;13,3;61;54;56;78;2;1;
2026/06/04;2100 UTC;0;988,3;988,4;988,2;62;19,7;13,4;21,6;17,7;14,1;12,6;76;61;68;111;1,9;1,3;
2026/06/04;2200 UTC;0;988,3;988,4;988,2;0;17,6;12,2;17,7;17,3;12,8;12;77;72;73;97;2,9;1,4;
2026/06/04;2300 UTC;0;988,3;988,3;988,2;0;15,6;12;17,5;14,3;12,3;11,9;89;73;82;73;,8;,3;
2026/06/05;0000 UTC;0;988,4;988,5;988,2;0;14;11,8;15,1;13,5;12,3;11,7;92;83;89;83;2,7;1,9;
2026/06/05;0100 UTC;0;988,5;988,6;988,3;0;14,2;11,6;15,1;13,7;11,8;11,5;90;83;87;125;1,8;,7;
2026/06/05;0200 UTC;0;988,6;988,7;988,5;0;13;11,6;13,8;12,4;12;11,3;95;90;93;128;1,1;,5;
2026/06/05;0300 UTC;0;988,6;988,7;988,4;0;12;11,5;12,3;11,6;11,9;11,1;98;95;97;316;,5;,3;
2026/06/05;0400 UTC;;;;;;;;;;;;;;;;;;
2026/06/05;0500 UTC;0;988;988,1;987,7;0;10,6;10,4;10,9;10,3;10,8;10;100;97;99;136;,8;,5;
2026/06/05;0600 UTC;0;987,5;987,7;987,3;0;10;10;10,3;9,9;10,3;9,7;100;99;99;217;,9;,3;
2026/06/05;0700 UTC;0;987,2;987,3;987,1;0;10,3;10,2;11,6;9,7;11,6;9,6;100;98;100;56;1,6;1;
2026/06/05;0800 UTC;0;987,2;987,4;987,1;0;10,4;9,8;12,5;9,2;12,6;8,8;100;92;97;141;,7;,3;
2026/06/05;0900 UTC;0;987,8;988,3;987,4;0;9,3;9,3;9,4;9,1;9,5;9,1;100;100;100;138;,8;,3;
2026/06/05;1000 UTC;0;988,4;988,5;988,3;0;9,1;9,2;9,3;8,9;9,4;8,9;100;100;100;245;,6;,2;
2026/06/05;1100 UTC;;;;;;;;;;;;;;;;;;
2026/06/05;1200 UTC;0;988,7;988,9;988,6;474,9;11,1;10,1;13;9,1;11,1;9,2;100;89;95;294;,8;,5;
2026/06/05;1300 UTC;0;989;989,2;988,7;1247,1;14,7;11,9;16,7;13,1;13;10,7;90;80;86;259;1,7;,9;
2026/06/05;1400 UTC;0;989,1;989,3;988,8;1553,8;18,4;13,4;19,7;16,8;14,1;12,7;81;69;75;45;5,9;3;
2026/06/05;1500 UTC;0;988,3;988,8;987,9;1402,4;19,9;13,8;20,1;19,4;14,2;13,4;71;67;69;74;5,6;3,2;
2026/06/05;1600 UTC;0;987,4;987,9;987;1850,7;20,9;14,4;21,7;19,3;15;13,5;73;64;67;163;4,6;2,5;
2026/06/05;1700 UTC;0;986,5;987;986,1;1971,8;22,6;15,3;23,4;21,4;16;14,7;68;61;64;63;3,7;1,8;
2026/06/05;1800 UTC;0;985,7;986,1;985,2;1574;23,8;15,7;24,2;22,8;16,2;15,3;64;57;60;75;3,4;2;
2026/06/05;1900 UTC;0;985,1;985,3;985;1241,6;24,3;15,8;24,5;24;16,1;15,4;59;56;58;68;3,5;2,1;
2026/06/05;2000 UTC;0;984,8;985;984,7;430,2;23,2;15,3;24,3;22,3;16;15;64;56;61;67;3,1;1,6;
2026/06/05;2100 UTC;0;984,6;984,7;984,5;62,4;21,2;15,1;22,6;19,9;15,3;14,8;75;63;70;51;2,6;1,7;
2026/06/05;2200 UTC;0;984,7;984,8;984,6;0;19,2;15,1;20;18,2;15,3;14,9;85;74;79;38;1,5;,8;
2026/06/05;2300 UTC;0;984,8;984,9;984,7;0;18,5;15,2;18,8;18,2;15,4;15,1;85;82;84;280;1,4;,7;
2026/06/06;0000 UTC;0;984,9;985;984,8;0;17,6;15,2;18,2;16,3;15,4;14,8;93;86;88;182;4,1;,6;
2026/06/06;0100 UTC;0;984,9;985;984,8;0;15,7;14,5;16,1;14,9;15,1;14;97;93;94;162;,8;,3;
2026/06/06;0200 UTC;0;984,8;984,9;984,7;0;14,6;14;15,1;14,3;14,6;13,6;99;95;97;75;1,1;,7;
2026/06/06;0300 UTC;0;984,8;984,9;984,7;0;14,5;14;14,9;14;14,7;13,3;100;95;98;311;1,4;,8;
2026/06/06;0400 UTC;;;;;;;;;;;;;;;;;;
2026/06/06;0500 UTC;0;984,4;984,5;984,3;0;13,1;12,8;14,1;12,2;14,1;11,8;100;96;98;131;,9;,5;
2026/06/06;0600 UTC;0;984,2;984,3;984,1;0;11,9;11,8;12,2;11,7;12,1;11,5;100;98;99;231;,6;,3;
2026/06/06;0700 UTC;0;984;984,1;983,9;0;11,7;11,8;11,8;11,6;11,8;11,6;100;100;100;116;,6;,4;
2026/06/06;0800 UTC;0;983,8;983,9;983,8;0;11,2;11,2;11,6;10,7;11,6;10,7;100;100;100;166;,7;,5;
2026/06/06;0900 UTC;0;983,8;983,8;983,7;0;11,2;11,2;11,9;10,6;11,9;10,7;100;100;100;154;,9;,6;
2026/06/06;1000 UTC;0;983,9;984;983,8;0;10,9;10,9;11,5;10,7;11,5;10,8;100;100;100;308;,9;,6;
2026/06/06;1100 UTC;;;;;;;;;;;;;;;;;;
2026/06/06;1200 UTC;;;;;;;;;;;;;;;;;;
2026/06/06;1300 UTC;;;;;;;;;;;;;;;;;;
2026/06/06;1400 UTC;0;984,2;984,5;984;1620,8;17,7;14,8;19,2;16,5;15,5;14,4;92;78;85;161;4,4;1,7;
2026/06/06;1500 UTC;0;983,7;984;983,1;1761,4;20;15,4;20,9;19;16;14,9;82;73;77;74;3;1,4;
2026/06/06;1600 UTC;0;982,7;983,1;982,2;1959,1;21,6;16;22,3;20,9;16,5;15,3;75;69;72;65;2,6;1,1;
2026/06/06;1700 UTC;0;981,8;982,2;981,4;1180,5;22,1;16,5;22,7;21,5;17,1;16,1;76;68;72;120;2;1,1;
2026/06/06;1800 UTC;0;981,1;981,4;980,9;1310,1;23;16,9;23,5;22,3;17,2;16,4;72;67;70;66;2,8;1,8;
2026/06/06;1900 UTC;0;980,9;981;980,8;547;22,3;16,8;22,6;21,9;17,2;16,5;77;70;73;52;2,5;1,4;
2026/06/06;2000 UTC;0;980,9;981;980,8;298,4;21,9;16,8;22,5;21,4;17,4;16,6;78;71;75;175;1,7;,7;
2026/06/06;2100 UTC;0;981,1;981,2;981;30,9;20,8;17;21,4;20;17,2;16,7;86;77;81;284;,8;,4;
2026/06/06;2200 UTC;0;981,3;981,4;981,2;0;19,1;17;19,9;18,3;17,2;16,7;94;86;90;145;1;,5;
2026/06/06;2300 UTC;0;981,7;981,9;981,4;0;17,6;16,6;18,3;17,3;17,1;16,3;97;93;95;122;1;,3;
2026/06/07;0000 UTC;0;982;982;981,9;0;17,5;16,6;17,6;17,3;16,8;16,3;97;94;96;64;,6;,4;
2026/06/07;0100 UTC;;;;;;;;;;;;;;;;;;
2026/06/07;0200 UTC;0;981,7;981,9;981,6;0;17;16,6;17,2;16,9;17;16,2;99;97;98;225;1,2;,5;
2026/06/07;0300 UTC;;;;;;;;;;;;;;;;;;
2026/06/07;0400 UTC;;;;;;;;;;;;;;;;;;
2026/06/07;0500 UTC;;;;;;;;;;;;;;;;;;
2026/06/07;0600 UTC;0;981,3;981,5;981,3;0;16,2;16,1;16,6;15,7;16,5;15,5;100;99;100;110;,9;,4;
2026/06/07;0700 UTC;,2;980,9;981,2;980,7;0;15,9;15,9;16,2;15,6;16,2;15,5;100;99;100;97;1;,5;
2026/06/07;0800 UTC;0;980,7;980,8;980,5;0;15,8;15,8;15,8;15,7;15,9;15,7;100;100;100;155;2,2;1;
2026/06/07;0900 UTC;0;980,5;980,9;980,4;0;16;16;16,1;15,8;16,1;15,9;100;100;100;134;1,7;,5;
2026/06/07;1000 UTC;0;981,2;981,4;980,9;0;15,9;15,9;16;15,8;16,1;15,8;100;100;100;184;,7;,4;
2026/06/07;1100 UTC;;;;;;;;;;;;;;;;;;
2026/06/07;1200 UTC;;;;;;;;;;;;;;;;;;
2026/06/07;1300 UTC;;;;;;;;;;;;;;;;;;
2026/06/07;1400 UTC;,6;983,1;983,3;982,5;192;16,6;16,6;17,2;16,4;17,2;16,5;100;100;100;67;3,8;1,5;
2026/06/07;1500 UTC;,2;982,3;982,5;982;880;18;17,3;18,3;17,2;18,1;16,9;100;94;97;64;2,4;1,5;
2026/06/07;1600 UTC;0;981,8;982;981,4;457;17,9;16,8;18,1;17,8;17;16,4;96;93;94;94;2,2;1,4;
2026/06/07;1700 UTC;0;981,2;981,4;980,9;470,3;18,2;16,5;18,4;18;17;16;95;88;92;127;1,7;,9;
2026/06/07;1800 UTC;0;980,9;981;980,8;294,3;18,2;16,5;18,4;18,1;17;16;94;89;92;247;1,1;,6;
2026/06/07;1900 UTC;0;980,9;981;980,7;267,2;18,2;17,1;18,3;18,1;17,6;16,5;97;92;95;175;1,6;,7;
2026/06/07;2000 UTC;0;980,9;981;980,7;200,2;18,1;17,1;18,3;17,9;17,4;17;96;94;95;148;1,2;,6;
2026/06/07;2100 UTC;0;981,1;981,2;980,9;25,5;17,5;16,9;17,9;17,1;17,2;16,5;98;96;97;161;2,6;1,1;
2026/06/07;2200 UTC;0;981,2;981,4;981;0;16,5;16;17,1;16;16,5;15,8;99;97;98;175;1,7;,8;
2026/06/07;2300 UTC;0;981,8;982;981,4;0;15,9;15,7;16;15,9;15,9;15,5;99;98;99;170;2,8;1,6;
2026/06/08;0000 UTC;0;982,3;982,7;981,9;0;15,6;15,3;15,9;15,3;15,4;15,1;99;97;98;164;1,1;,3;
2026/06/08;0100 UTC;;;;;;;;;;;;;;;;;;
2026/06/08;0200 UTC;0;982,5;982,7;982,3;0;15,5;14,9;15,6;15,3;15,2;14,7;99;96;97;141;2,1;,9;
2026/06/08;0300 UTC;0;982,3;982,5;981,9;0;15,2;14,7;15,3;15,1;14,8;14,6;98;97;97;148;1,7;,8;
2026/06/08;0400 UTC;;;;;;;;;;;;;;;;;;
2026/06/08;0500 UTC;,6;982,1;982,3;981,9;0;15;14,8;15;14,9;14,9;14,7;100;99;99;181;2,9;1,2;
2026/06/08;0600 UTC;,2;981,9;982,1;981,5;0;14,8;14,8;14,8;14,7;14,8;14,8;100;100;100;181;2,8;1,3;
2026/06/08;0700 UTC;,2;981,4;981,7;981,1;0;14,7;14,7;14,8;14,6;14,8;14,5;100;100;100;165;4,1;1,2;
2026/06/08;0800 UTC;0;981;981,2;980,8;0;14,5;14,5;14,6;14,5;14,5;14,3;100;99;100;159;2,5;1;
2026/06/08;0900 UTC;0;981,3;981,5;981;0;14,5;14,3;14,5;14,4;14,4;14,2;100;99;99;146;1,8;,7;
2026/06/08;1000 UTC;0;981,4;981,6;981,3;0;14,4;14;14,4;14,3;14,2;13,9;99;97;98;154;2,5;,7;
2026/06/08;1100 UTC;;;;;;;;;;;;;;;;;;
2026/06/08;1200 UTC;;;;;;;;;;;;;;;;;;
2026/06/08;1300 UTC;;;;;;;;;;;;;;;;;;
2026/06/08;1400 UTC;0;982,6;982,6;982,4;972,2;16,9;15,4;18,3;16,1;16,4;14,9;96;86;92;299;4,3;2,1;
2026/06/08;1500 UTC;0;982,3;982,5;982,1;1006,8;18,1;15,8;18,6;17,6;16,4;15,4;91;86;88;317;3,8;2,2;
2026/06/08;1600 UTC;0;981,8;982,1;981,5;844,9;18,8;16;19,8;18,3;16,5;15,5;89;79;86;281;4,6;2;
2026/06/08;1700 UTC;0;981,1;981,5;980,9;893;19,9;15,7;20,6;19,3;16,2;15,3;83;74;79;282;4,6;1,6;
2026/06/08;1800 UTC;0;980,8;980,9;980,6;531,8;19,5;15,5;20,1;19,3;16,1;15,1;83;77;80;301;2,5;1,4;
2026/06/08;1900 UTC;,2;980,5;980,6;980,4;437,6;19,7;15,8;20,6;18,2;16,7;15,2;92;73;80;254;5,3;2;
2026/06/08;2000 UTC;0;980,8;980,9;980,6;436,6;18,8;16,3;19,6;18,1;17,4;15,8;93;84;88;291;2,1;1,3;
2026/06/08;2100 UTC;0;981,1;981,2;980,9;25,4;17,7;15,8;18,2;17,1;16,1;15,7;93;90;91;266;1,7;,4;
2026/06/08;2200 UTC;0;981,4;981,6;981,1;0;16,5;15,9;17,1;16,2;16;15,6;98;93;97;248;1,7;,6;
2026/06/08;2300 UTC;0;981,7;981,9;981,6;0;15,5;15,1;16,2;14,9;15,6;14,6;99;97;98;225;,6;,3;
2026/06/09;0000 UTC;0;982;982,2;981,9;0;14,7;14,6;14,9;14,3;14,8;14,2;100;99;99;18;,5;,2;
2026/06/09;0100 UTC;;;;;;;;;;;;;;;;;;
2026/06/09;0200 UTC;0;982,5;982,7;982,3;0;13,6;13,6;14,1;13,1;14;12,9;100;99;100;300;1,4;,6;
2026/06/09;0300 UTC;0;982,5;982,6;982,3;0;13,4;13,5;13,6;13,3;13,7;13,3;100;100;100;309;1,2;,6;
2026/06/09;0400 UTC;0;982,3;982,3;982,2;0;13;13,1;13,4;12,6;13,4;12,6;100;100;100;248;1,2;,5;
2026/06/09;0500 UTC;0;982,3;982,5;982,2;0;12,4;12,4;12,6;11,9;12,7;11,9;100;100;100;167;1,2;,5;
2026/06/09;0600 UTC;0;982,2;982,4;982;0;12,8;12,9;13,1;12,5;13,1;12,6;100;100;100;110;,9;,5;
2026/06/09;0700 UTC;0;982;982,1;981,9;0;12,9;12,9;13,1;12,6;13,1;12,7;100;100;100;296;1,4;,9;
2026/06/09;0800 UTC;0;982,1;982,2;982;0;12,3;12,3;12,7;11,4;12,8;11,4;100;100;100;237;1;,4;
2026/06/09;0900 UTC;0;982,3;982,6;982,2;0;11,2;11,3;11,8;10,8;11,8;10,8;100;100;100;127;1;,6;
2026/06/09;1000 UTC;0;983;983,3;982,5;0;11,2;11,3;11,8;10,7;11,8;10,7;100;100;100;250;1,2;,4;
2026/06/09;1100 UTC;0;983,6;983,7;983,3;10,5;12;12,1;12,2;11,8;12,3;11,8;100;100;100;302;2,8;1,9;
2026/06/09;1200 UTC;;;;;;;;;;;;;;;;;;
2026/06/09;1300 UTC;;;;;;;;;;;;;;;;;;
2026/06/09;1400 UTC;0;984,2;984,3;984;1090,1;15,7;12,2;16,7;14,7;12,9;11,7;88;77;83;301;2,6;1,7;
2026/06/09;1500 UTC;0;983,7;984,1;983,4;641,6;15,8;12,1;16,2;15,4;12,8;11,5;86;77;81;289;2,2;1,3;
2026/06/09;1600 UTC;0;983;983,4;982,7;737,9;16,3;12;16,7;15,8;13;11,2;82;74;78;288;2,1;1,2;
2026/06/09;1700 UTC;0;982,2;982,7;981,5;1439,9;17,3;12,3;18,3;16,5;13;11,4;80;66;75;259;2,4;1,2;
2026/06/09;1800 UTC;0;981,3;981,5;981,2;991,2;17,7;12,1;18,8;16,9;12,8;11,3;78;66;72;223;2;,6;
2026/06/09;1900 UTC;0;981,1;981,2;981,1;661,9;17,6;12,1;18,9;17;12,9;11,1;79;67;72;259;2,2;1,1;
2026/06/09;2000 UTC;0;981,3;981,8;981,1;235,3;16,9;11,8;17;16,6;12,5;11,2;78;71;75;278;1,8;1,1;
2026/06/09;2100 UTC;0;981,9;982;981,7;28,5;15,9;12;16,6;14,9;12,9;11,4;90;75;81;163;1,6;,9;
2026/06/09;2200 UTC;0;981,9;982,1;981,5;0;13,7;12;14,9;12,9;12,9;11,4;93;89;91;153;1,6;,9;
2026/06/09;2300 UTC;0;981,9;982,1;981,5;0;12,1;11;12,9;11,4;11,4;10,5;97;92;94;174;1,4;,4;
2026/06/10;0000 UTC;0;982,6;983,1;982,1;0;11,1;10,8;11,4;10,8;11,4;10,4;100;96;98;206;2;,6;
2026/06/10;0100 UTC;;;;;;;;;;;;;;;;;;
2026/06/10;0200 UTC;0;983,1;983,5;982,8;0;10,2;10,2;10,4;10;10,4;10;100;99;100;160;1,5;,9;
2026/06/10;0300 UTC;0;982,8;983,2;982,5;0;9,9;9,9;10,2;9,5;10,3;9,5;100;100;100;157;1;,7;
2026/06/10;0400 UTC;0;982,1;982,6;981,8;0;9,5;9,6;9,8;9,3;9,8;9,4;100;100;100;236;1,3;,8;
2026/06/10;0500 UTC;;;;;;;;;;;;;;;;;;
2026/06/10;0600 UTC;0;981,4;981,7;981,1;0;10;10;10,1;9,8;10,1;9,8;100;100;100;250;1;,3;
2026/06/10;0700 UTC;,2;980,9;981,2;980,6;0;10;10;10;9,9;10,1;9,9;100;100;100;83;,9;,4;
2026/06/10;0800 UTC;0;980,7;980,8;980,5;0;10;10;10,1;9,7;10,2;9,7;100;100;100;178;2,1;1,2;
2026/06/10;0900 UTC;0;980,9;981,3;980,5;0;9,1;9,2;9,7;8,8;9,7;8,9;100;100;100;101;,8;,3;
2026/06/10;1000 UTC;0;981,7;982;981,4;0;9,3;9,3;9,7;8,8;9,8;8,8;100;100;100;218;,8;,5;
2026/06/10;1100 UTC;0;981,5;981,7;981,4;27,4;9,1;9,1;9,8;8,8;9,8;8,9;100;100;100;153;,9;,5;
2026/06/10;1200 UTC;;;;;;;;;;;;;;;;;;
2026/06/10;1300 UTC;;;;;;;;;;;;;;;;;;
2026/06/10;1400 UTC;0;981,4;981,6;981,3;856,9;12,4;12,3;13,4;11,5;12,8;11,5;100;95;99;139;2,3;,9;
2026/06/10;1500 UTC;0;981,1;981,5;980,9;1236;14,6;11,9;15,5;13,5;12,9;11,1;94;79;87;95;2;,9;
2026/06/10;1600 UTC;0;980,6;980,8;980,3;1488,4;16,1;11,9;16,9;15,3;12,7;11,1;85;74;79;166;2,3;,8;
2026/06/10;1700 UTC;0;979,9;980,4;979,5;1158,4;17;12,4;17,2;16,7;13;11,8;79;74;77;163;2,5;1,2;
2026/06/10;1800 UTC;0;979,2;979,6;979;787,4;17,2;12,9;17,5;16,9;13,5;12,2;81;76;78;143;2,8;1,5;
2026/06/10;1900 UTC;0;978,6;979;978,4;514,8;17,3;13,2;17,5;17,2;13,8;12,9;83;78;79;136;2,4;1,1;
2026/06/10;2000 UTC;0;978,3;978,5;978,2;270,1;16,9;13,8;17,2;16,5;14,1;13,4;87;81;84;153;1,1;,6;
2026/06/10;2100 UTC;0;978,5;978,7;978,4;46,5;15,6;13,9;16,5;14,6;14,1;13,7;96;87;92;176;1;,5;
2026/06/10;2200 UTC;0;978,9;979,1;978,6;0;14;13,3;14,6;13,6;13,7;12,9;98;95;97;137;1,5;,8;
2026/06/10;2300 UTC;0;979,2;979,3;979;0;13,3;12,7;13,6;13;13;12,5;98;97;97;153;2,2;,9;
2026/06/11;0000 UTC;0;979,4;979,6;979,1;0;13,1;12,3;13,2;13;12,5;12,2;97;96;96;154;2,1;,8;
2026/06/11;0100 UTC;0;979,9;980;979,6;0;13;12,4;13,1;12,9;12,6;12,3;98;96;97;161;,9;,4;
2026/06/11;0200 UTC;0;979,8;980;979,5;0;13,2;12,6;13,3;13,1;12,8;12,6;98;97;97;151;2;,9;
2026/06/11;0300 UTC;;;;;;;;;;;;;;;;;;
2026/06/11;0400 UTC;;;;;;;;;;;;;;;;;;
2026/06/11;0500 UTC;;;;;;;;;;;;;;;;;;
2026/06/11;0600 UTC;0;979;979;978,9;0;13,3;12,8;13,4;13,2;12,9;12,7;98;97;98;124;1,2;,3;
2026/06/11;0700 UTC;0;978,9;979;978,7;0;13,1;12,9;13,2;13;13;12,8;99;98;99;168;2,1;,9;
2026/06/11;0800 UTC;0;978,8;979;978,7;0;12,9;12,7;13;12,9;12,8;12,7;99;99;99;178;2,2;1;
2026/06/11;0900 UTC;0;979,4;980;979;0;13;12,8;13,1;13;12,9;12,7;99;99;99;295;1,6;,9;
2026/06/11;1000 UTC;0;980,1;980,2;980;0;13;12,9;13,1;12,9;12,9;12,8;100;99;99;103;1,5;,7;
2026/06/11;1100 UTC;;;;;;;;;;;;;;;;;;
2026/06/11;1200 UTC;;;;;;;;;;;;;;;;;;
2026/06/11;1300 UTC;0;981;981,2;980,8;616,9;15,1;13,6;15,8;14,4;14;13,2;96;89;93;161;2,7;1,1;
2026/06/11;1400 UTC;0;980,8;981;980,6;1009,7;17;13,9;17,5;15,8;14,4;13,4;91;81;84;259;2,4;1,4;
2026/06/11;1500 UTC;0;980,7;981;980,4;738,9;17,3;14,2;17,5;17,1;14,5;13,9;86;82;84;261;1,5;,6;
2026/06/11;1600 UTC;0;980;980,4;979,5;806,3;17,7;14,4;18,1;17,3;14,9;14;87;81;84;69;2,1;,9;
2026/06/11;1700 UTC;0;979;979,4;978,6;1279,5;18,6;14,5;19,6;18;15;14,1;83;76;80;171;3,7;2;
2026/06/11;1800 UTC;0;978,2;978,6;978;622,4;18,3;14,6;18,9;18;15,1;14,4;85;78;81;134;2,8;1,5;
2026/06/11;1900 UTC;0;977,7;978;977,4;365,7;18,3;14,7;18,4;18,1;15,1;14,4;85;80;82;122;1,3;,6;
2026/06/11;2000 UTC;0;977,8;978,1;977,5;67,1;17,8;15,2;18,1;17,2;15,4;15;90;85;87;212;1,7;,7;
2026/06/11;2100 UTC;0;978,3;978,6;978,1;,7;16,4;14,9;17,1;15,7;15,2;14,7;95;90;93;173;3,4;1,5;
2026/06/11;2200 UTC;0;978,5;978,7;978,2;0;15,2;14,3;15,7;14,9;14,6;13,9;96;94;95;179;4,5;2,1;
2026/06/11;2300 UTC;0;977,4;978,2;976,8;0;14,3;13,7;14,9;13,9;14;13,5;98;95;97;168;4,2;2,3;
2026/06/12;0000 UTC;,2;977;977,2;976,7;0;13,8;13,6;14;13,6;13,8;13,4;99;98;99;172;3,6;1,8;
2026/06/12;0100 UTC;0;977,2;977,4;976,9;0;14;13,8;14,1;14;13,9;13,6;99;98;99;174;4,2;2;
2026/06/12;0200 UTC;0;976,9;977,1;976,7;0;14;13,5;14;13,9;13,7;13,4;98;97;98;172;4,8;2,3;
2026/06/12;0300 UTC;;;;;;;;;;;;;;;;;;
2026/06/12;0400 UTC;,4;975,6;976;974,8;0;13,8;13,7;13,8;13,7;13,8;13,6;100;99;100;141;5,4;2,2;
2026/06/12;0500 UTC;2;974,8;975;974,7;0;14;13,8;14;13,8;13,9;13,6;100;98;99;238;3,1;1,3;
2026/06/12;0600 UTC;8;974,2;974,8;973,3;0;13,9;13,9;13,9;13,8;13,9;13,8;100;100;100;85;5,8;3,6;
2026/06/12;0700 UTC;,6;973,2;973,4;973;0;14;14;14,1;13,9;14,1;13,9;100;100;100;156;3;1,2;
2026/06/12;0800 UTC;,2;972,8;973,2;972,5;0;14,1;14,1;14,1;14;14,2;14;100;100;100;145;2,1;,9;
2026/06/12;0900 UTC;1;972,5;972,7;972,4;0;14,2;14,2;14,2;14,1;14,3;14,2;100;100;100;285;1,3;,7;
2026/06/12;1000 UTC;1,4;972,8;973;972,6;0;14,1;14,2;14,2;14,1;14,2;14,2;100;100;100;266;2;1,1;
2026/06/12;1100 UTC;,8;973,2;973,4;973;4,5;14,1;14,2;14,2;14,1;14,2;14,2;100;100;100;287;2;1;
2026/06/12;1200 UTC;;;;;;;;;;;;;;;;;;
2026/06/12;1300 UTC;,2;975;975,4;974,5;181,3;13,9;13,8;14,1;13,7;14;13,7;100;98;100;286;4,2;1,8;
2026/06/12;1400 UTC;0;975,5;975,5;975,4;340,7;14,3;13,6;14,5;14;13,9;13,3;99;95;97;290;4,1;1,9;
2026/06/12;1500 UTC;0;975,4;975,5;975,4;253,8;14,4;13,6;14,5;14,3;13,8;13,3;97;95;96;270;4;1,9;
2026/06/12;1600 UTC;0;975,2;975,4;975;582;15,2;13,8;15,7;14,4;14,4;13,4;96;89;93;280;5,6;2,5;
2026/06/12;1700 UTC;,2;974,9;975,1;974,9;510,5;14,6;14;14,9;14,5;14,3;13,6;98;94;97;277;6,7;2,8;
2026/06/12;1800 UTC;,2;975,2;975,3;975,1;725,8;14,7;13,9;15,2;14,3;14,6;13,3;99;91;96;250;7,2;3,4;
2026/06/12;1900 UTC;0;975,5;975,8;975,3;493,2;15,1;13;15,2;15;13,8;12,5;93;87;90;247;6,6;2,8;
2026/06/12;2000 UTC;0;976,2;976,6;975,8;206,6;14,7;12,7;15;14,4;13,1;12,3;91;89;90;239;6,5;2,3;
2026/06/12;2100 UTC;0;977,1;977,4;976,7;24,4;14;12,4;14,4;13,7;12,8;12,1;96;90;92;279;3,1;1,5;
2026/06/12;2200 UTC;0;977,9;978,3;977,5;0;13,6;12,7;13,7;13,5;12,8;12,6;96;95;96;262;4,6;2,3;
2026/06/12;2300 UTC;,2;978,7;979,2;978,3;0;13,4;13,3;13,6;13,4;13,4;12,9;100;97;99;269;4,5;2,1;
2026/06/13;0000 UTC;,6;979,6;979,9;979,2;0;13,3;13,3;13,4;13,2;13,4;13,3;100;100;100;261;3,6;1,3;
2026/06/13;0100 UTC;,2;980,1;980,2;979,9;0;13,2;13,2;13,2;13;13,3;13;100;100;100;266;2,8;1,4;
2026/06/13;0200 UTC;0;980,2;980,4;980,2;0;12,9;12,8;13;12,8;13;12,7;100;99;100;252;2,5;1,2;
2026/06/13;0300 UTC;0;980,3;980,4;980,1;0;12,8;12,6;12,8;12,6;12,7;12,4;99;99;99;245;1,6;,9;
2026/06/13;0400 UTC;;;;;;;;;;;;;;;;;;
2026/06/13;0500 UTC;0;980,2;980,3;980,1;0;12,6;12,5;12,6;12,5;12,6;12,3;100;99;100;249;1,5;,9;
2026/06/13;0600 UTC;0;980,3;980,4;980,2;0;12,4;12,3;12,5;12,3;12,4;12,3;100;99;100;248;1,3;,6;
2026/06/13;0700 UTC;0;980,3;980,5;980,1;0;12,3;12,3;12,3;12,2;12,3;12,1;100;100;100;243;,9;,4;
2026/06/13;0800 UTC;0;980,2;980,4;980;0;11,8;11,8;12,2;11,5;12,3;11,5;100;100;100;232;,8;,3;
2026/06/13;0900 UTC;0;980,5;980,8;980,4;0;11,7;11,7;11,8;11,6;11,8;11,7;100;100;100;277;1,1;,4;
2026/06/13;1000 UTC;0;981,2;981,6;980,7;0;11;11,1;11,6;10,5;11,6;10,5;100;100;100;323;,8;,4;
2026/06/13;1100 UTC;0;982,2;982,7;981,7;21,6;10,4;10,4;10,8;10;10,9;10;100;100;100;319;1,1;,6;
2026/06/13;1200 UTC;;;;;;;;;;;;;;;;;;
2026/06/13;1300 UTC;0;983,7;984,2;983,3;585,2;12,3;12,1;13,1;11,8;12,4;11,8;100;95;99;289;2,1;1;
2026/06/13;1400 UTC;0;984,2;984,3;984;863,3;13,7;12,1;14,6;13;12,8;11,1;96;83;92;266;1,9;,7;
2026/06/13;1500 UTC;0;984;984,2;983,8;907,8;15;11,4;15,4;14,6;12,7;9,9;88;74;82;320;2,2;1,3;
2026/06/13;1600 UTC;;;;;;;;;;;;;;;;;;
2026/06/13;1700 UTC;0;982,6;982,9;982,4;502,3;15,6;10,7;15,9;15,5;11,4;10,1;79;72;75;303;2,2;1,2;
2026/06/13;1800 UTC;0;982;982,4;981,5;874,8;16;10,4;16,8;15,5;11,2;9,7;76;67;72;105;3;1,6;
2026/06/13;1900 UTC;0;981,5;981,6;981,4;867,6;16,7;10;17;16,1;10,9;9,2;71;62;67;150;1,6;,8;
2026/06/13;2000 UTC;0;981,5;981,5;981,3;226,6;15,8;10,1;16,1;15,7;10,8;9,3;75;67;71;87;1,8;,9;
2026/06/13;2100 UTC;0;981,5;981,6;981,4;60,6;14,8;10,4;15,6;13,7;10,9;9,6;84;71;78;86;1,3;1;
2026/06/13;2200 UTC;0;982;982,1;981,6;0;13,2;10,4;13,7;12,9;10,8;9,9;88;83;86;73;2;1,4;
2026/06/13;2300 UTC;0;982,4;982,8;982;0;13,1;9,3;13,3;12,9;10,2;8,8;86;78;81;48;2,6;1,7;
2026/06/14;0000 UTC;;;;;;;;;;;;;;;;;;
2026/06/14;0100 UTC;0;983;983,3;982,7;0;12,5;9,7;12,8;12,3;10,3;8,8;90;80;86;78;,8;,3;
2026/06/14;0200 UTC;0;983,3;983,5;983,3;0;12,3;10,1;12,5;12,2;10,4;9,6;91;86;89;194;,7;,4;
2026/06/14;0300 UTC;;;;;;;;;;;;;;;;;;
2026/06/14;0400 UTC;;;;;;;;;;;;;;;;;;
2026/06/14;0500 UTC;0;983,4;983,5;983,3;0;12,1;11,2;12,1;12;11,4;10,8;97;94;95;244;,7;,3;
2026/06/14;0600 UTC;0;983,3;983,4;983,1;0;12,2;11,5;12,3;12,1;11,7;11,3;97;95;96;108;2,3;,7;
2026/06/14;0700 UTC;0;982,9;983,1;982,7;0;11,9;11,4;12,2;11,7;11,7;11,1;98;96;97;225;1,7;,5;
2026/06/14;0800 UTC;0;982,9;983;982,8;0;11,5;11,2;11,7;11,3;11,3;11;99;98;98;248;1,4;,7;
2026/06/14;0900 UTC;0;983,1;983,5;982,9;0;11,2;11,2;11,5;11,1;11,5;11;100;99;100;284;1,5;,9;
2026/06/14;1000 UTC;0;983,8;984,2;983,5;0;11,5;11,5;11,6;11,5;11,6;11,5;100;100;100;248;1,6;,8;
2026/06/14;1100 UTC;0;984,7;985;984,3;19,9;11,6;11,3;11,7;11,5;11,6;10,7;100;95;99;241;1,7;,7;
2026/06/14;1200 UTC;;;;;;;;;;;;;;;;;;
2026/06/14;1300 UTC;0;985,3;985,6;985,1;1141,4;14,4;9,7;15,6;13,2;10,2;9,2;84;69;77;211;2,8;1,1;
2026/06/14;1400 UTC;0;985,6;985,8;985,5;1696,8;15,8;9;16,5;15,4;9,7;8,4;71;62;66;216;4,1;1,7;
2026/06/14;1500 UTC;0;985,4;985,5;985,1;1808,5;16,5;8,8;17,3;15,7;9,7;8,2;66;58;62;227;3,4;1,4;
2026/06/14;1600 UTC;0;985,1;985,3;984,9;1797,8;16,9;9;17,8;16;9,7;8,4;66;56;61;165;4,4;1,7;
2026/06/14;1700 UTC;0;984,6;985;984,3;1298,9;16,3;8,9;17,6;15,6;9,8;8,4;68;55;63;182;4,4;1,9;
2026/06/14;1800 UTC;0;984,1;984,3;984;528,5;15,7;9,1;16,5;15,1;9,8;8,3;72;62;67;187;2,4;1;
2026/06/14;1900 UTC;0;984,2;984,3;984;277,2;14,9;9,6;15,1;14,7;10,1;9,1;76;70;73;178;3,2;1,1;
2026/06/14;2000 UTC;0;984,3;984,4;984,2;185,1;14,3;9,8;14,8;14;10,3;9,2;80;72;77;202;1,8;,8;
2026/06/14;2100 UTC;0;984,7;984,9;984,4;40,8;13,4;9,9;14;12,4;10,2;9,5;88;78;83;202;1,2;,6;
2026/06/14;2200 UTC;0;985,3;985,5;984,9;0;11,6;10;12,3;10,9;10,2;9,8;95;88;92;205;1,7;,5;
2026/06/14;2300 UTC;0;985,8;986,1;985,4;0;10,3;9,6;10,9;9,9;9,9;9,2;99;95;97;200;1,3;,5;
2026/06/15;0000 UTC;0;986,3;986,4;986;0;9,6;9;9,9;9,3;9,2;8,9;98;96;97;181;1;,3;
2026/06/15;0100 UTC;0;986,5;986,6;986,3;0;9,1;8,9;9,3;8,9;9,2;8,7;100;98;99;233;1,1;,7;
2026/06/15;0200 UTC;0;986,6;986,7;986,5;0;8,4;8,4;8,9;8,1;8,9;8,2;100;99;100;248;1,1;,5;
2026/06/15;0300 UTC;;;;;;;;;;;;;;;;;;
2026/06/15;0400 UTC;;;;;;;;;;;;;;;;;;
2026/06/15;0500 UTC;0;986,7;986,8;986,6;0;7,1;7,1;7,5;6,9;7,6;6,9;100;100;100;162;1,7;,9;
2026/06/15;0600 UTC;0;986,7;986,8;986,6;0;7,2;7,2;7,6;6,9;7,6;6,9;100;100;100;194;1,2;,5;
2026/06/15;0700 UTC;0;986,4;986,7;986,3;0;7,6;7,7;7,7;7,6;7,8;7,6;100;100;100;200;1,8;,6;
2026/06/15;0800 UTC;0;986,4;986,5;986,2;0;7,4;7,4;7,7;6,8;7,8;6,8;100;100;100;165;2,8;1,1;
2026/06/15;0900 UTC;0;986,3;986,4;986,1;0;7,1;7,1;7,5;6,7;7,5;6,7;100;100;100;189;1,6;,5;
2026/06/15;1000 UTC;0;986,5;986,6;986,3;0;7,5;7,6;7,7;7,4;7,7;7,5;100;100;100;211;1,4;,6;
2026/06/15;1100 UTC;;;;;;;;;;;;;;;;;;
2026/06/15;1200 UTC;;;;;;;;;;;;;;;;;;
2026/06/15;1300 UTC;0;987,8;988,1;987,6;1404,6;10,9;8,3;12,5;9;9,2;7,6;98;79;87;239;3;1,3;
2026/06/15;1400 UTC;0;988,2;988,3;988,1;439;10,6;8;12;10,3;8,7;7,5;91;81;87;200;3,1;1;
2026/06/15;1500 UTC;0;987,8;988,2;987,4;1371,2;11,5;7,6;13,4;10,5;8,3;6,6;89;70;80;200;2,9;1,2;
2026/06/15;1600 UTC;0;986,9;987,4;986,5;1880,5;13;7,3;13,9;12,1;8,1;6,3;78;67;72;187;3,5;1,4;
2026/06/15;1700 UTC;0;986;986,5;985,6;1784,7;13,1;6,8;14,1;11,9;7,3;6,1;77;61;69;266;3,6;1,8;
2026/06/15;1800 UTC;0;985,3;985,6;985,2;798,8;12,6;6,2;13,8;12;6,8;5,1;73;58;68;213;2,1;,9;
2026/06/15;1900 UTC;0;985,3;985,4;985,2;425,8;12,5;6;13,2;11,8;6,7;5,1;74;61;68;248;2,4;1;
2026/06/15;2000 UTC;0;985,4;985,5;985,3;236,9;11,9;6,7;12,6;11,1;7,3;6,3;79;69;74;307;1,6;,8;
2026/06/15;2100 UTC;0;986;986,3;985,5;12,2;9,6;6,5;11;8,5;6,8;6,1;91;79;85;239;1;,6;
2026/06/15;2200 UTC;0;986,3;986,5;986,1;0;7,9;6,8;8,5;7,5;7,2;6,5;96;92;95;173;1,8;1,3;
2026/06/15;2300 UTC;0;986,5;986,6;986,3;0;7,2;6,5;7,9;6,8;6,9;6,2;98;94;96;151;1,2;,7;
2026/06/16;0000 UTC;0;986,6;986,8;986,3;0;6,4;6;6,9;5,9;6,3;5,5;99;96;98;235;,9;,5;
2026/06/16;0100 UTC;0;986,8;986,9;986,7;0;5,3;5,1;5,9;4,9;5,6;4,8;100;98;99;108;,4;,3;
2026/06/16;0200 UTC;0;987;987,3;986,9;0;4,7;4,7;5,1;4,4;5,2;4,3;100;99;100;254;1;,6;
2026/06/16;0300 UTC;;;;;;;;;;;;;;;;;;
2026/06/16;0400 UTC;;;;;;;;;;;;;;;;;;
2026/06/16;0500 UTC;,2;987;987,1;986,8;0;4,2;4,2;4,8;3,5;4,8;3,5;100;100;100;132;1,2;,7;
2026/06/16;0600 UTC;0;986,6;986,8;986,3;0;3,5;3,5;3,7;3,3;3,7;3,4;100;100;100;142;1;,6;
2026/06/16;0700 UTC;0;986,3;986,4;986,2;0;3,6;3,6;3,9;3,3;4;3,3;100;100;100;160;1,2;,6;
2026/06/16;0800 UTC;0;986,3;986,4;986,1;0;3,6;3,7;3,8;3,3;3,8;3,4;100;100;100;126;1,2;,6;
2026/06/16;0900 UTC;0;986,1;986,2;986;0;3,8;3,8;4,1;3,5;4,2;3,6;100;100;100;89;1,1;,6;
2026/06/16;1000 UTC;0;986,5;987;986,2;0;3,8;3,9;4,1;3,5;4,2;3,6;100;100;100;167;2,1;1;
2026/06/16;1100 UTC;;;;;;;;;;;;;;;;;;
2026/06/16;1200 UTC;0;987,3;987,5;987,2;148,1;4,5;4,6;5,1;4;5,2;4,1;100;100;100;155;1,3;,7;
2026/06/16;1300 UTC;0;987,9;988,1;987,5;332,2;5,7;5,7;6,7;5;6,7;5;100;100;100;183;2,9;1;
2026/06/16;1400 UTC;0;987,9;988,1;987,8;649,9;6,9;6,9;7,2;6,6;7,2;6,6;100;100;100;268;5;2,4;
2026/06/16;1500 UTC;0;987,8;988;987,6;823,2;7,7;7,5;8,2;7,2;8;7,1;100;96;99;282;2,4;1,3;
2026/06/16;1600 UTC;0;987,2;987,5;986,8;809,3;8,6;7,2;9,3;8,2;8;6,7;98;88;93;256;3,3;1,6;
2026/06/16;1700 UTC;0;986,2;986,7;985,8;1707,2;10,8;7,1;12,1;9,2;8,1;6,6;90;75;82;112;2,3;1,1;
2026/06/16;1800 UTC;0;985,3;985,8;985,1;1756,2;13,5;7,5;14,3;11,9;8,2;6,7;79;64;70;150;2,6;1,2;
2026/06/16;1900 UTC;0;985,1;985,3;984,8;1279;14,8;7,5;15,4;13,9;8,1;7,1;68;59;64;124;1,8;,7;
2026/06/16;2000 UTC;0;984,8;984,9;984,6;586;14,6;7,6;15,5;14;8,1;7,2;68;59;65;134;1,6;1,1;
2026/06/16;2100 UTC;0;984,8;985,1;984,6;63,4;12,1;7,5;13,9;10,1;7,7;7,2;86;67;77;121;1,9;1,3;
2026/06/16;2200 UTC;0;985,1;985,4;984,9;0;9,5;6,9;10;9,2;7,1;6,5;89;84;87;171;1,5;,4;
2026/06/16;2300 UTC;0;985,6;985,9;985,3;0;8,4;6,7;9,7;7,3;7,2;6,4;96;84;92;245;,6;,3;
2026/06/17;0000 UTC;0;986;986,1;985,9;0;7;6,5;7,3;6,6;7;6,1;99;96;98;101;1,1;,5;
2026/06/17;0100 UTC;0;986,3;986,5;986;0;6,1;5,9;6,8;5,5;6,7;5,2;100;97;99;243;,4;,2;
2026/06/17;0200 UTC;0;986,8;986,9;986,5;0;5;4,8;5,5;4,5;5,3;4,2;100;98;99;156;,5;,2;
2026/06/17;0300 UTC;0;987;987,1;986,9;0;4,6;4,6;4,8;4,3;4,9;4,3;100;100;100;93;,8;,4;
2026/06/17;0400 UTC;0;986,8;987;986,7;0;4,5;4,6;4,8;4,3;4,8;4,3;100;100;100;206;,7;,4;
2026/06/17;0500 UTC;0;987;987,2;986,8;0;4,7;4,7;5,3;4,1;5,4;4,1;100;100;100;243;1;,5;
2026/06/17;0600 UTC;0;987,1;987,2;987;0;5,7;5,7;5,9;5,3;6;5,3;100;100;100;247;1,1;,6;
2026/06/17;0700 UTC;0;987,2;987,4;987;0;5,9;5,9;6;5,7;6,1;5,7;100;100;100;247;2;1,1;
2026/06/17;0800 UTC;0;987,5;987,6;987,4;0;5,5;5,5;5,7;5,4;5,7;5,4;100;100;100;249;1,5;,6;
2026/06/17;0900 UTC;0;987,6;987,8;987,4;0;5,6;5,7;5,7;5,4;5,8;5,4;100;100;100;110;1,4;,9;
2026/06/17;1000 UTC;0;988;988,2;987,7;0;5,7;5,8;6;5,5;6,1;5,5;100;100;100;248;1,4;,8;
2026/06/17;1100 UTC;;;;;;;;;;;;;;;;;;
2026/06/17;1200 UTC;0;989,1;989,3;989;201,7;5,7;5,7;6;5,5;6,1;5,5;100;100;100;106;1,1;,6;
2026/06/17;1300 UTC;0;989,5;989,7;989,3;430;6,1;6,2;6,8;5,8;6,8;5,8;100;100;100;314;2,8;1,4;
2026/06/17;1400 UTC;0;989,8;990;989,6;728,7;7,4;7,4;8,2;6,7;8,2;6,8;100;100;100;258;1,6;,8;
2026/06/17;1500 UTC;0;989,8;990;989,6;1468,3;9,3;8,8;11,2;8;10;8;100;87;97;298;2,4;1;
2026/06/17;1600 UTC;0;989,4;989,6;989,1;2164,6;12,9;8,9;14,1;11,3;9,9;7,7;90;69;80;135;2,2;1;
2026/06/17;1700 UTC;0;988,8;989,1;988,5;2051,4;15,4;8,2;16,5;14,1;9,3;7,1;72;58;64;214;3;1,1;
2026/06/17;1800 UTC;,2;988,2;988,5;988;1737,8;16,6;9,2;17,4;15,9;10;8,5;66;59;63;167;2,7;1;
2026/06/17;1900 UTC;0;987,9;988;987,7;1134,7;17,3;9,7;17,9;16,6;10,1;9,2;65;59;62;191;1,9;,8;
2026/06/17;2000 UTC;0;987,9;988,1;987,7;566;16,8;9,5;17;16,5;9,9;9,2;66;62;64;175;2,2;1;
2026/06/17;2100 UTC;0;988,1;988,2;988,1;79,6;14,5;9,9;16,5;12,3;10,2;9,5;88;65;77;122;1,1;,9;
2026/06/17;2200 UTC;0;988,5;988,6;988,2;0;11,4;9,3;12,3;10,6;9,8;8,9;92;87;90;110;1;,4;
2026/06/17;2300 UTC;0;988,6;988,7;988,5;0;9,9;8,9;10,5;9,4;9,2;8,6;97;92;95;146;1,1;,8;
2026/06/18;0000 UTC;;;;;;;;;;;;;;;;;;
2026/06/18;0100 UTC;0;989;989;988,9;0;7,9;7,6;8,4;7,4;8;7,1;100;96;98;253;,4;,2;
2026/06/18;0200 UTC;0;988,8;988,9;988,7;0;7,1;6,9;7,5;6,6;7,5;6,6;100;98;99;122;1;,5;
2026/06/18;0300 UTC;;;;;;;;;;;;;;;;;;
2026/06/18;0400 UTC;;;;;;;;;;;;;;;;;;
2026/06/18;0500 UTC;0;987,7;988;987,5;0;5,7;5,7;5,9;5,5;5,9;5,5;100;100;100;288;1,1;,7;
2026/06/18;0600 UTC;0;987,4;987,5;987,3;0;5,3;5,4;5,9;4,9;5,9;5;100;100;100;182;,9;,4;
2026/06/18;0700 UTC;0;986,9;987,3;986,8;0;4,4;4,5;4,9;4,3;4,9;4,3;100;100;100;236;,5;,2;
2026/06/18;0800 UTC;0;986,8;986,9;986,6;0;4,6;4,7;5;4,2;5;4,3;100;100;100;304;1;,6;
2026/06/18;0900 UTC;0;986,6;986,7;986,5;0;4,9;5;5;4,8;5;4,9;100;100;100;193;1;,2;
2026/06/18;1000 UTC;0;987,1;987,6;986,7;0;4,6;4,6;4,8;4,4;4,9;4,5;100;100;100;297;1,1;,6;
2026/06/18;1100 UTC;;;;;;;;;;;;;;;;;;
2026/06/18;1200 UTC;0;987,6;987,7;987,4;183,1;4,8;4,8;5,6;4,4;5,6;4,4;100;100;100;191;1;,4;
2026/06/18;1300 UTC;0;987,4;987,7;987,2;548,6;6,7;6,7;7,6;5,6;7,6;5,6;100;100;100;289;1,6;,6;
2026/06/18;1400 UTC;0;986,9;987,3;986,3;820,6;8,8;8,9;10,8;7,5;10,8;7,5;100;100;100;119;1,3;,6;
2026/06/18;1500 UTC;0;986,1;986,4;985,7;1430,9;12,9;9,8;15,2;10,9;11;8,2;100;67;84;204;2,9;1,5;
2026/06/18;1600 UTC;0;985,1;985,7;984,5;1946,9;16,6;8,6;17,8;15,3;9,9;8,1;71;52;60;62;5,3;2,7;
2026/06/18;1700 UTC;0;984;984,5;983,7;1681,3;17,8;8,9;18,1;17,5;9,9;8,2;61;51;55;75;5;2,2;
2026/06/18;1800 UTC;0;983,4;983,8;983,1;947,8;17,8;9,6;18;17,5;10,2;9,2;63;57;59;53;3,6;1,7;
2026/06/18;1900 UTC;0;983,1;983,3;982,9;691,2;18,1;9,8;18,3;17,9;10,5;9,2;61;56;59;69;2,9;1,3;
2026/06/18;2000 UTC;0;982,6;983;982,4;326,1;17,5;9,7;18,2;16,7;10,3;9,4;64;56;61;64;3,7;1,7;
2026/06/18;2100 UTC;0;982;982,5;981,5;30,2;15,8;9,4;16,6;14,8;9,6;9,1;72;64;68;153;2,2;,9;
2026/06/18;2200 UTC;0;981,3;981,6;980,9;0;13,7;9,2;14,7;13;9,5;9;81;73;77;110;3;1,9;
2026/06/18;2300 UTC;0;981;981,1;980,7;0;13,8;9;14,2;13;9,3;8,8;81;73;76;106;4,2;2,1;
2026/06/19;0000 UTC;;;;;;;;;;;;;;;;;;
2026/06/19;0100 UTC;0;979,3;979,6;978,8;0;15,8;9,1;16,1;15,3;9,3;8,9;69;65;66;74;6,5;2,9;
2026/06/19;0200 UTC;0;978,7;979,1;978,4;0;15,8;8,9;16;15,5;9,1;8,7;66;64;65;58;7,3;3,3;
2026/06/19;0300 UTC;;;;;;;;;;;;;;;;;;
2026/06/19;0400 UTC;;;;;;;;;;;;;;;;;;
2026/06/19;0500 UTC;0;978,8;979,1;978,4;0;15,2;8,7;15,3;15;8,9;8,5;69;66;68;84;8,2;4,1;
2026/06/19;0600 UTC;0;979,3;981,2;978,3;0;15;8,9;15,2;14,2;9;8,7;73;68;69;272;6,6;2,4;
2026/06/19;0700 UTC;0;981,4;981,6;981,1;0;13,6;8,8;14,2;13,1;9;8,6;80;73;76;134;1,4;,8;
2026/06/19;0800 UTC;,4;982,1;982,8;981,2;0;12,9;9,6;13,1;12,4;10,9;8,7;92;78;84;234;6,3;2,6;
2026/06/19;0900 UTC;4;982;982,8;981,4;0;11,8;11,4;12,3;11,7;11,6;11;100;93;98;101;2,4;1,2;
2026/06/19;1000 UTC;;;;;;;;;;;;;;;;;;
2026/06/19;1100 UTC;;;;;;;;;;;;;;;;;;
2026/06/19;1200 UTC;;;;;;;;;;;;;;;;;;
2026/06/19;1300 UTC;0;980,8;981,7;979,4;153,7;13,6;11,9;14;13,3;12,1;11,7;94;89;91;327;5,8;3,5;
2026/06/19;1400 UTC;0;981,7;981,9;981,4;224,1;13,5;11,9;13,8;13,4;12,1;11,7;93;90;92;87;6;3;
2026/06/19;1500 UTC;0;981,5;981,7;981,2;312,1;14;11,9;14,1;13,8;12,1;11,7;91;88;90;97;6,3;3,4;
2026/06/19;1600 UTC;0;981;981,4;980,6;344;14,3;12;14,5;14,1;12,4;11,8;90;86;88;267;5,9;2,8;
2026/06/19;1700 UTC;,6;980,8;981,2;980,5;223;13,6;12,9;14,2;13,4;13,3;11,9;99;89;97;319;5;2,8;
2026/06/19;1800 UTC;,2;980,7;980,9;980,5;278,3;13,5;13,2;13,6;13,4;13,4;13;99;98;99;311;4;2,4;
2026/06/19;1900 UTC;,2;980,8;981;980,4;150,3;13,6;13,5;13,7;13,6;13,6;13,4;100;99;99;231;3,5;2,1;
2026/06/19;2000 UTC;,2;980,6;981,1;980,2;37,4;13,7;13,7;13,7;13,7;13,7;13,6;100;99;100;326;2,7;1,6;
2026/06/19;2100 UTC;0;980,9;981,3;980,6;2,8;13,9;13,8;13,9;13,7;13,9;13,7;100;99;100;317;2,7;1,7;
2026/06/19;2200 UTC;,2;981,7;982,3;981,1;0;13,6;13,2;14;12,7;13,8;12,2;99;97;98;241;7,7;3,1;
2026/06/19;2300 UTC;0;982,6;982,9;982,3;0;12,3;11,8;12,7;12;12,2;11,2;98;96;98;246;5;2,8;
2026/06/20;0000 UTC;0;983,1;983,3;982,7;0;11,7;11,1;12;11,4;11,3;10,7;98;96;97;208;4,7;1,6;
2026/06/20;0100 UTC;0;983,4;983,6;983,1;0;11;10,3;11,4;10,7;10,8;10;97;96;97;204;3,4;1,2;
2026/06/20;0200 UTC;0;983,5;983,7;983,2;0;10,6;10,3;10,7;10,6;10,4;10,1;99;97;98;198;1,5;,5;
2026/06/20;0300 UTC;;;;;;;;;;;;;;;;;;
2026/06/20;0400 UTC;0;984,2;984,4;984,1;0;9,8;9,3;9,9;9,8;9,4;9,2;98;96;97;214;2,1;,8;
2026/06/20;0500 UTC;0;983,9;984,1;983,5;0;9,7;9,2;9,8;9,7;9,4;9,1;98;97;98;196;1,6;,6;
2026/06/20;0600 UTC;0;983,5;983,7;983,1;0;9,7;9,2;9,7;9,6;9,3;9;98;97;98;207;1,4;,5;
2026/06/20;0700 UTC;0;983;983,2;982,9;0;9,6;9,4;9,7;9,6;9,5;9,3;99;98;99;208;2;,7;
2026/06/20;0800 UTC;0;982,8;983;982,6;0;9,4;9,1;9,6;9,3;9,3;8,9;99;98;98;220;1,6;,6;
2026/06/20;0900 UTC;0;982,6;982,7;982,5;0;9,3;9;9,3;9,2;9,1;8,8;99;98;98;235;1,7;,7;
2026/06/20;1000 UTC;;;;;;;;;;;;;;;;;;
2026/06/20;1100 UTC;;;;;;;;;;;;;;;;;;
2026/06/20;1200 UTC;;;;;;;;;;;;;;;;;;
2026/06/20;1300 UTC;0;983,4;983,5;983,3;448,6;10;8,1;10,4;9,5;8,5;7,4;94;87;90;180;2,9;1,2;
2026/06/20;1400 UTC;0;983,1;983,4;982,8;735,3;10,9;8,2;11,6;10,4;8,9;7,6;91;81;87;186;3,3;1,3;
2026/06/20;1500 UTC;0;982,2;982,8;981,6;608,5;11,6;7,9;11,8;11,3;8,5;6,8;86;76;82;221;3,2;1,1;
2026/06/20;1600 UTC;0;981,3;981,6;980,9;772,7;11,9;8,1;12,5;11,3;8,8;7,1;85;74;81;200;2,8;1;
2026/06/20;1700 UTC;0;980,8;980,9;980,6;479,3;11,9;7,1;12,5;11,6;8,3;6,3;81;73;76;198;2,4;1;
2026/06/20;1800 UTC;0;980,3;980,6;979,9;1039,6;12,5;6,9;13,4;11,7;7,7;6,1;78;65;72;150;2,5;1;
2026/06/20;1900 UTC;0;979,8;979,9;979,6;969,9;13,5;7;14,2;13;7,5;6,4;72;62;67;157;1,7;,8;
2026/06/20;2000 UTC;0;979,6;979,7;979,4;295,4;12,7;7,5;13;12,2;8,1;6,9;79;71;74;321;2,7;1,6;
2026/06/20;2100 UTC;0;979,9;980,2;979,6;24,1;11,8;8,1;12,2;11,5;9;7,6;87;77;81;238;1,3;,6;
2026/06/20;2200 UTC;0;980,1;980,3;980;0;11,3;8,4;11,5;11,1;9,1;7,8;90;82;86;114;1,3;,7;
2026/06/20;2300 UTC;0;980,5;980,7;980,2;0;11;8,7;11,1;10,8;9,1;8,1;90;86;88;163;2,5;1;
2026/06/21;0000 UTC;0;980,6;980,8;980,4;0;10,6;7,8;10,8;10,3;8,2;7,5;89;84;86;140;1,9;,7;
2026/06/21;0100 UTC;0;980,8;981,1;980,4;0;10,2;8,2;10,3;10,1;8,6;7,9;92;88;90;218;1,3;,6;
2026/06/21;0200 UTC;0;981,1;981,3;980,9;0;10;8,4;10,1;9,9;8,7;8,1;94;91;92;217;2,2;,9;
2026/06/21;0300 UTC;;;;;;;;;;;;;;;;;;
2026/06/21;0400 UTC;;;;;;;;;;;;;;;;;;
2026/06/21;0500 UTC;0;980,1;980,4;979,9;0;8,8;8;9,1;8,3;8,3;7,5;98;95;96;38;1,7;1,1;
2026/06/21;0600 UTC;0;979,8;980,1;979,5;0;8;7,7;8,3;7,7;8;7,6;100;97;99;164;2,2;1,1;
2026/06/21;0700 UTC;0;979,6;979,8;979,4;0;7,3;7,2;7,7;6,8;7,6;6,6;100;99;100;236;,6;,2;
2026/06/21;0800 UTC;0;980,2;980,5;979,8;0;6,8;6,8;7,3;6,4;7,3;6,3;100;99;100;214;,7;,3;
2026/06/21;0900 UTC;0;980,2;980,5;980;0;7,6;7,6;7,8;7,3;7,8;7,3;100;100;100;257;1,5;,7;
2026/06/21;1000 UTC;;;;;;;;;;;;;;;;;;
2026/06/21;1100 UTC;;;;;;;;;;;;;;;;;;
2026/06/21;1200 UTC;0;981,4;981,8;981,1;103,2;8,6;8,6;9,1;8;9,1;8;100;100;100;239;1,3;,8;
2026/06/21;1300 UTC;0;981,8;982,1;981,6;132,1;9,2;9,2;9,7;8,8;9,8;8,8;100;100;100;237;1,6;,7;
2026/06/21;1400 UTC;0;982;982,3;981,7;741,6;10,9;10,2;13,3;9,7;11,9;9,6;100;83;96;95;3;1,7;
2026/06/21;1500 UTC;0;981,2;981,9;980,6;985,2;13,2;9,8;14;12,5;10,4;9,3;89;79;83;69;3,2;1,8;
2026/06/21;1600 UTC;0;980;980,6;979,5;1226,7;14,4;9,8;15,1;13,8;10,4;9,3;81;73;77;60;4,6;1,9;
2026/06/21;1700 UTC;0;979,5;979,7;979,2;1224,6;15,4;9,4;16,1;15;10;8,9;74;67;70;301;4,1;1,8;
2026/06/21;1800 UTC;0;978,8;979,3;978,5;1559,7;17,1;10,1;17,8;15,9;10,8;9,3;70;62;65;285;3,1;1,7;
2026/06/21;1900 UTC;0;978,4;978,6;978,2;1041,4;17,4;10,5;18,6;16,6;11,6;9,8;68;61;65;219;2,9;1,3;
2026/06/21;2000 UTC;0;978,3;978,7;978,1;636,7;16,6;10,8;18,3;15;11,3;10,5;79;62;71;202;3,4;1,2;
2026/06/21;2100 UTC;0;978,7;978,7;978,6;76,7;13,9;10,5;15;12,7;10,8;10,4;89;78;83;174;3;1,3;
2026/06/21;2200 UTC;0;978,4;978,7;978,2;0;12,1;10,3;12,6;11,2;10,5;9,9;94;89;91;141;2,1;,6;
2026/06/21;2300 UTC;0;978,5;978,8;978;0;10,8;10,1;11,2;10,6;10,3;9,8;98;94;96;127;1,9;,9;
2026/06/22;0000 UTC;0;978,3;978,6;978,1;0;10,8;9,9;10,9;10,6;10,1;9,7;97;94;96;176;1,1;,5;
2026/06/22;0100 UTC;0;978,4;978,7;978,1;0;10,6;9,9;10,7;10,5;10;9,8;97;96;97;175;2,1;1;
2026/06/22;0200 UTC;;;;;;;;;;;;;;;;;;
2026/06/22;0300 UTC;;;;;;;;;;;;;;;;;;
2026/06/22;0400 UTC;;;;;;;;;;;;;;;;;;
2026/06/22;0500 UTC;,2;977,6;978,2;977;0;11,2;11;11,3;11,2;11,1;10,9;99;98;99;217;1,6;,5;
2026/06/22;0600 UTC;,2;977,9;978,3;977,4;0;11,3;11,1;11,3;11,2;11,2;11;100;98;99;179;1,4;,5;
2026/06/22;0700 UTC;0;977,2;977,8;976,4;0;11,2;11,2;11,2;11,1;11,2;11,1;100;100;100;186;2,7;,9;
2026/06/22;0800 UTC;,2;976,1;976,8;975,6;0;11,2;11;11,2;11,1;11,1;11;100;99;99;181;3,2;1,4;
2026/06/22;0900 UTC;9,4;975,7;977,8;975;0;11,1;11;11,1;11;11,1;11;100;99;99;207;3,6;1,4;
2026/06/22;1000 UTC;2,6;975,6;976,6;974,9;0;10,9;10,9;11;10,8;11;10,9;100;100;100;164;4,6;2;
2026/06/22;1100 UTC;;;;;;;;;;;;;;;;;;
2026/06/22;1200 UTC;;;;;;;;;;;;;;;;;;
2026/06/22;1300 UTC;2,4;975,6;976,9;973,2;116,1;11;11;11,3;10,7;11,3;10,8;100;100;100;151;2,8;1,3;
2026/06/22;1400 UTC;0;976,4;976,9;975,3;195,8;11,5;11,6;11,6;11,3;11,7;11,4;100;100;100;261;2,8;1,6;
2026/06/22;1500 UTC;,2;976,4;976,8;976;359,5;11,8;11,8;12,2;11,6;12,1;11,6;100;99;100;251;3;1,6;
2026/06/22;1600 UTC;0;975,9;976,4;975,5;420,4;12,2;11,7;12,3;11,8;12,2;11,4;99;97;98;243;5,7;2,8;
2026/06/22;1700 UTC;,2;976,1;976,4;975,5;326,7;11,5;11,2;11,8;11,3;11,5;11;100;98;99;242;5,2;2,3;
2026/06/22;1800 UTC;,2;976,3;976,7;976;369,7;11,7;11,2;11,9;11,4;11,5;11;100;96;98;259;6;3,1;
2026/06/22;1900 UTC;0;977,1;977,7;976,5;124,5;11,2;10,6;11,6;11,1;11,1;10;98;95;97;257;6,2;3,1;
2026/06/22;2000 UTC;0;978,4;979;977,8;54,7;10,3;8,7;11;9,8;9,7;7,7;94;89;92;251;7,1;2,7;
2026/06/22;2100 UTC;0;979,5;979,9;979;6,2;9,6;8,4;9,8;9,5;8,8;7,9;96;91;94;271;3,6;1,3;
2026/06/22;2200 UTC;;;;;;;;;;;;;;;;;;
2026/06/22;2300 UTC;0;981,2;981,5;980,9;0;8,4;7,5;9,2;7,7;8;7,1;97;94;96;245;1,4;,6;
2026/06/23;0000 UTC;0;981,9;982,4;981,4;0;7,1;6,9;7,6;6,8;7,1;6,7;100;97;99;183;1;,3;
2026/06/23;0100 UTC;0;982,6;982,7;982,5;0;7,1;7,2;7,4;7;7,4;7;100;100;100;226;1,5;,7;
2026/06/23;0200 UTC;;;;;;;;;;;;;;;;;;
2026/06/23;0300 UTC;;;;;;;;;;;;;;;;;;
2026/06/23;0400 UTC;0;982,8;982,9;982,6;0;4,8;4,8;4,9;4,7;5;4,7;100;100;100;271;,9;,5;
2026/06/23;0500 UTC;0;982,8;982,9;982,7;0;4,5;4,5;4,7;4,1;4,8;4,1;100;100;100;231;,6;,2;
2026/06/23;0600 UTC;0;983,6;984,1;982,9;0;4,2;4,2;4,5;3,9;4,5;4;100;100;100;319;2,3;1,4;
2026/06/23;0700 UTC;0;984,1;984,2;984;0;4,2;4,2;4,4;3,6;4,5;3,6;100;100;100;143;1,5;,5;
2026/06/23;0800 UTC;0;983,9;984,1;983,7;0;4,1;4,2;4,6;3,6;4,6;3,6;100;100;100;314;1,5;,8;
2026/06/23;0900 UTC;0;983,9;984;983,7;0;4,3;4,4;4,7;3,6;4,7;3,6;100;100;100;148;1;,6;
2026/06/23;1000 UTC;;;;;;;;;;;;;;;;;;
2026/06/23;1100 UTC;;;;;;;;;;;;;;;;;;
2026/06/23;1200 UTC;;;;;;;;;;;;;;;;;;
2026/06/23;1300 UTC;0;985,2;985,4;984,9;1016,1;7,3;5,9;8,9;5,7;6,7;4,9;100;82;93;272;3,7;1,8;
2026/06/23;1400 UTC;0;985,4;985,5;985,3;1767,4;10;5;11,1;8,9;5,8;3,7;83;64;75;279;4,9;2,9;
2026/06/23;1500 UTC;0;985,3;985,4;985;2086,8;11,7;3,4;12,2;11,1;4,6;2,2;67;51;59;270;7;3,5;
2026/06/23;1600 UTC;0;984,7;985,1;984,3;1537;11,8;2,5;12,9;10,8;3,5;1,7;58;48;53;284;6,4;3;
2026/06/23;1700 UTC;0;983,9;984,3;983,5;1459,2;11,8;2,6;13,2;10,7;3,4;1,8;58;48;54;274;5,2;3;
2026/06/23;1800 UTC;0;983,3;983,5;983,1;1470,9;12,5;2,7;13,7;10,8;3,5;2,2;59;45;51;306;7,3;3,3;
2026/06/23;1900 UTC;0;983,3;983,4;983,2;981,7;12,4;2,7;13,3;11,5;3,2;2,2;56;46;51;287;6,2;2,9;
2026/06/23;2000 UTC;0;983,2;983,3;983,1;568,5;12,3;2,5;13,3;10,7;3,1;1,9;58;47;51;291;3,5;1,8;
2026/06/23;2100 UTC;0;983,6;983,9;983,3;83,7;9,9;2;10,8;8,7;2,2;1,7;66;55;60;297;3,1;1,7;
2026/06/23;2200 UTC;0;984,2;984,5;983,9;0;7,4;2,5;8,7;6,1;3,3;1,9;86;67;75;332;1,4;,9;
2026/06/23;2300 UTC;0;984,9;985,1;984,5;0;6;2,7;6,3;5,7;3;2,2;86;81;84;321;1,8;1,1;
2026/06/24;0000 UTC;0;985,1;985,2;985,1;0;4,7;3,1;5,7;4;3,4;2,8;95;86;92;166;,9;,5;
2026/06/24;0100 UTC;0;985,3;985,5;985,2;0;3,6;2,8;3,9;3,2;3,1;2,5;98;94;96;293;1;,2;
2026/06/24;0200 UTC;0;985,7;986;985,5;0;2,9;2,6;3,2;2,7;3;2,3;100;97;98;60;1,1;,7;
2026/06/24;0300 UTC;0;986;986,1;985,9;0;2,8;2,3;3,1;2,3;2,6;1,8;98;96;98;246;1,2;,5;
2026/06/24;0400 UTC;0;986,2;986,3;986,1;0;2,8;2,6;3,3;2,4;3,1;2,1;100;97;99;201;1,5;,8;
2026/06/24;0500 UTC;0;986,2;986,2;986,1;0;3,2;2;3,6;2,3;3,2;1,5;99;91;94;206;1,3;,8;
2026/06/24;0600 UTC;0;985,8;986,1;985,7;0;2,1;1,8;2,3;1,7;2;1,4;99;98;99;254;,7;,5;
2026/06/24;0700 UTC;0;985,5;985,8;985,4;0;1,2;1,1;1,7;,8;1,4;,8;100;98;99;278;,9;,4;
2026/06/24;0800 UTC;0;985,4;985,5;985,2;0;,6;,7;1,1;,4;1,2;,4;100;100;100;293;1;,4;
2026/06/24;0900 UTC;0;985,1;985,2;985;0;1,1;1,1;1,6;,8;1,6;,8;100;100;100;135;1,4;,8;
2026/06/24;1000 UTC;;;;;;;;;;;;;;;;;;
2026/06/24;1100 UTC;0;986;986,3;985,6;17,1;1,8;1,9;2,2;1,6;2,3;1,6;100;100;100;264;1,6;,5;
2026/06/24;1200 UTC;;;;;;;;;;;;;;;;;;
2026/06/24;1300 UTC;0;986,9;987;986,8;1067,7;6,1;2,2;7,5;4,7;2,9;1,5;87;75;80;306;3,2;1,7;
2026/06/24;1400 UTC;0;986,7;986,9;986,3;1717,3;9,5;3,4;11;7,6;4,3;2,5;77;60;69;300;6,2;3,2;
2026/06/24;1500 UTC;0;986,2;986,4;985,9;2120,5;11,9;3,1;12,5;11,1;4,2;2,3;63;51;56;318;7,8;4,2;
2026/06/24;1600 UTC;0;985,4;986;984,6;2268,8;13,1;2,6;13,8;12,2;3,2;2;54;44;48;305;6,9;3,6;
2026/06/24;1700 UTC;0;984;984,5;983,4;2155,4;13,8;2,8;14,4;13,2;3,6;2,2;48;42;45;302;5,9;3,1;
2026/06/24;1800 UTC;0;983,2;983,4;982,9;1724,4;14,2;2,8;14,6;13,7;3,3;2,2;47;41;43;305;7,3;3,7;
2026/06/24;1900 UTC;0;983,2;983,4;982,9;881,7;13,5;2,6;14,3;12,7;3,3;2;48;41;45;300;5,9;2,3;
2026/06/24;2000 UTC;0;983,6;983,8;983,3;258,7;12,4;2,7;13,5;12;3,1;2,2;54;47;51;300;4,6;2,2;
2026/06/24;2100 UTC;0;983,9;984,3;983,6;86,1;11,4;2,9;12,3;10,3;3,2;2,6;64;53;57;319;2,5;1,7;
2026/06/24;2200 UTC;0;984,3;984,5;984,1;0;9,6;3;10,3;8,9;3,5;2,7;72;63;67;338;2,8;1,9;
2026/06/24;2300 UTC;0;984,9;985,2;984,5;0;8,4;3,1;8,9;7,6;3,2;2,9;78;70;74;314;3,2;1,8;
2026/06/25;0000 UTC;;;;;;;;;;;;;;;;;;
2026/06/25;0100 UTC;0;985,5;985,7;985,2;0;6;3,8;6,7;5;4,4;3,5;93;86;89;202;1;,3;
2026/06/25;0200 UTC;;;;;;;;;;;;;;;;;;
2026/06/25;0300 UTC;0;986,5;986,7;986,3;0;4,7;3,5;5,4;4;4;3,3;97;91;94;147;1,1;,8;
2026/06/25;0400 UTC;;;;;;;;;;;;;;;;;;
2026/06/25;0500 UTC;0;986,9;987,3;986,4;0;3,4;3;3,7;3;3,4;2,7;99;96;98;289;,7;,4;
2026/06/25;0600 UTC;0;987,4;987,5;987,2;0;3,4;2,9;4,3;2,8;3,5;2,5;100;95;98;25;2,9;1,7;
2026/06/25;0700 UTC;0;987,1;987,3;986,8;0;5,4;4,3;6,3;4,3;4,7;3,4;97;89;94;174;3,8;1,2;
2026/06/25;0800 UTC;0;987,6;988,1;987,1;0;4,8;3,7;6,3;4,2;4,2;3,4;98;88;95;222;1,9;,7;
2026/06/25;0900 UTC;0;988,1;988,3;987,8;0;4,3;4;4,6;4,2;4,2;3,8;99;98;98;112;2;1,2;
2026/06/25;1000 UTC;0;988,2;988,5;987,3;0;4,7;4,2;4,8;4,5;4,4;3,9;99;97;98;232;4,2;1,1;
2026/06/25;1100 UTC;0;989,4;989,9;988,6;14,7;3,9;3,7;4,5;3,6;4;3,6;100;97;99;193;1;,3;
2026/06/25;1200 UTC;;;;;;;;;;;;;;;;;;
2026/06/25;1300 UTC;0;990,4;990,8;990;732;7,6;4,8;8,6;6,7;5,7;4,2;90;80;86;178;2,2;1;
2026/06/25;1400 UTC;0;990,7;991,1;990,4;620,1;9,1;5,8;9,6;8,4;6,5;4,6;86;81;84;121;3;1,3;
2026/06/25;1500 UTC;0;990,3;990,7;989,5;957,7;10,7;5,5;11,5;9,7;6,8;4,7;85;69;74;212;3,3;1,1;
2026/06/25;1600 UTC;0;990,4;990,7;989,8;937,2;11,4;5,3;11,7;11;5,8;4,8;71;67;69;310;4,1;1,9;
2026/06/25;1700 UTC;0;989,6;990,1;989;1649,1;12,9;5,4;14,3;11,8;6,1;4,4;70;52;62;121;4,8;2,3;
2026/06/25;1800 UTC;0;988,7;989,1;988,5;1740,4;14,7;5,1;15,6;14,2;6;4,2;57;44;52;217;4,6;2,4;
2026/06/25;1900 UTC;0;988,1;988,5;987,7;1217,7;14,9;4,9;15,4;14,5;5,9;4,2;56;46;50;60;3,9;2,5;
2026/06/25;2000 UTC;0;987,7;987,8;987,5;579,5;14,3;5,7;14,7;13,3;6,3;5,4;63;54;57;54;3,2;1,7;
2026/06/25;2100 UTC;0;988,1;988,3;987,8;56,4;11,9;5,7;13,2;10,8;6;5,5;74;63;69;40;2,4;1,4;
2026/06/25;2200 UTC;0;988,4;988,7;988,2;0;9,7;5,3;10,8;8,4;5,7;5;85;74;78;199;,6;,2;
2026/06/25;2300 UTC;0;989;989,4;988,7;0;7,3;5,5;8,3;6,4;6;4,9;96;85;91;237;,6;,3;
2026/06/26;0000 UTC;0;989,6;989,7;989,4;0;5,8;5;6,3;5,5;5,5;4,5;98;94;96;103;1,1;,5;
2026/06/26;0100 UTC;0;989,5;989,7;989,3;0;5,7;5,4;6,3;5,2;6,3;4,5;100;95;98;210;2;1;
2026/06/26;0200 UTC;;;;;;;;;;;;;;;;;;
2026/06/26;0300 UTC;;;;;;;;;;;;;;;;;;
2026/06/26;0400 UTC;0;989,4;989,4;989,3;0;3,2;3,2;3,8;2,9;3,9;2,7;100;99;100;90;1,2;,7;
2026/06/26;0500 UTC;0;989,1;989,4;988,8;0;3,3;3,3;3,8;2,8;3,8;2,8;100;100;100;152;1,2;,6;
2026/06/26;0600 UTC;0;988,6;988,8;988,4;0;3,4;3,4;3,8;2,9;3,8;3;100;100;100;214;1,6;,7;
2026/06/26;0700 UTC;0;988,3;988,4;988,1;0;3;3;3,2;2,8;3,3;2,8;100;100;100;238;,8;,4;
2026/06/26;0800 UTC;0;988,2;988,4;988;0;3,4;3,4;3,6;3,2;3,7;3,3;100;100;100;119;1,3;,7;
2026/06/26;0900 UTC;0;987,9;988;987,8;0;3,8;3,8;4,1;3,4;4,2;3,5;100;100;100;254;1,3;,7;
2026/06/26;1000 UTC;0;988,4;988,7;988;0;3,2;3,3;3,4;3,2;3,5;3,2;100;100;100;189;1;,4;
2026/06/26;1100 UTC;;;;;;;;;;;;;;;;;;
2026/06/26;1200 UTC;;;;;;;;;;;;;;;;;;
2026/06/26;1300 UTC;0;989,7;990;989,5;572,7;4,4;4,5;5,2;3,7;5,2;3,8;100;100;100;221;2,4;1,3;
2026/06/26;1400 UTC;;;;;;;;;;;;;;;;;;
2026/06/26;1500 UTC;0;989,2;989,6;988,9;2125,8;11,6;7;13,7;8,4;8;6,3;93;64;77;98;4;2,2;
2026/06/26;1600 UTC;0;988,5;988,9;988;2291,8;14,8;6,7;16,2;13,6;7,3;6;67;53;60;110;2,9;1,5;
2026/06/26;1700 UTC;0;987,5;987,9;987,1;2172,5;16,5;7,3;17,3;15,8;7,9;6,6;57;50;54;104;2,8;1,5;
2026/06/26;1800 UTC;0;986,7;987;986,5;1795,1;17,6;7,6;18,3;17,1;8,1;7,1;53;46;50;179;3,2;1,5;
2026/06/26;1900 UTC;0;986,3;986,5;986,2;1309,5;18,1;6,4;18,6;17,5;8,1;4,9;51;33;41;210;2,7;1,3;
2026/06/26;2000 UTC;0;986,3;986,4;986,1;616,6;17,9;6,1;18,3;17,5;6,9;5;45;34;41;218;2,2;1,2;
2026/06/26;2100 UTC;0;986,4;986,4;986,3;85,2;15,4;6,5;17,6;12,5;6,8;6,1;69;44;56;54;1,6;1;
2026/06/26;2200 UTC;;;;;;;;;;;;;;;;;;
2026/06/26;2300 UTC;0;986,9;987,1;986,8;0;9,4;5,7;10,4;8,5;6,2;5;88;73;81;85;3,4;2,1;
2026/06/27;0000 UTC;0;987,3;987,5;987,1;0;8,9;5,3;10,4;7,2;5,8;5;93;73;82;116;1,9;1,1;
2026/06/27;0100 UTC;0;987,8;987,9;987,5;0;6,7;5,7;7,4;6,2;6;5,4;98;92;95;54;,8;,5;
2026/06/27;0200 UTC;;;;;;;;;;;;;;;;;;
2026/06/27;0300 UTC;;;;;;;;;;;;;;;;;;
2026/06/27;0400 UTC;0;987,8;987,9;987,5;0;5;4,7;5,4;4,3;5,3;3,9;99;97;99;116;,8;,4;
2026/06/27;0500 UTC;0;987,5;987,6;987,1;0;4,1;3,9;4,3;3,8;4,2;3,6;100;99;99;185;1,6;,5;
2026/06/27;0600 UTC;0;987;987,2;986,7;0;3,5;3,5;3,9;3,2;3,9;3,2;100;99;100;243;,8;,3;
2026/06/27;0700 UTC;0;986,6;986,7;986,4;0;3,1;3,1;3,2;2,9;3,3;2,9;100;100;100;143;,8;,3;
2026/06/27;0800 UTC;0;986,4;986,5;986,3;0;2,8;2,8;3,1;2,6;3,1;2,7;100;100;100;258;1,5;,5;
2026/06/27;0900 UTC;0;986,3;986,4;986,2;0;2,4;2,4;2,7;2,2;2,8;2,2;100;100;100;213;,9;,4;
2026/06/27;1000 UTC;;;;;;;;;;;;;;;;;;
2026/06/27;1100 UTC;;;;;;;;;;;;;;;;;;
2026/06/27;1200 UTC;0;987,2;987,4;986,9;411,7;4,5;4,1;6,2;3,3;4,9;3,3;100;92;98;246;1,3;,6;
2026/06/27;1300 UTC;0;987,3;987,4;987;756,6;7,2;5,8;9,7;6,3;7,1;4,6;97;85;93;188;2,6;1,1;
2026/06/27;1400 UTC;0;987,1;987,4;986,8;1501,2;11,8;7,7;13,4;9,7;9;6,2;85;76;80;287;2,4;1;
2026/06/27;1500 UTC;0;986,4;986,9;986;1818,5;15,8;9,9;18;13,7;11,4;8,7;77;63;71;203;3,3;1,9;
2026/06/27;1600 UTC;0;985,7;986,1;985,1;1237,2;17,7;11,1;18,4;17,1;11,6;10,6;70;64;67;65;2,8;1,5;
2026/06/27;1700 UTC;0;984,7;985,1;984,2;921,5;18,5;12;18,7;18;12,5;11,3;71;64;68;56;4,1;2,2;
2026/06/27;1800 UTC;0;984;984,2;983,5;646,8;18,2;12,7;18,8;18;13,2;12,1;75;70;72;67;4,1;2,1;
2026/06/27;1900 UTC;0;983,4;983,5;983,3;203,7;17,7;13,2;18;17,2;13,7;12,9;82;75;78;45;5,2;2,5;
2026/06/27;2000 UTC;,6;983,4;983,6;983,1;47;16,5;14,6;17,2;15,8;15,2;13,8;97;83;91;64;2,5;1,4;
2026/06/27;2100 UTC;0;983,2;983,3;983;51,2;15,9;15,2;16;15,5;15,3;15;98;95;97;104;1,3;,6;
2026/06/27;2200 UTC;;;;;;;;;;;;;;;;;;
2026/06/27;2300 UTC;0;982,8;983;982,7;0;14,7;14,3;15,2;13,9;14,9;13,7;99;97;98;170;1,4;,5;
2026/06/28;0000 UTC;0;983;983,3;982,6;0;13,9;13,9;14,4;13,6;14,5;13,5;100;99;100;101;2,7;1,7;
2026/06/28;0100 UTC;0;982,6;982,9;982,4;0;14,7;14,6;15,4;14,2;15;13,9;100;97;99;60;3,2;1,3;
2026/06/28;0200 UTC;;;;;;;;;;;;;;;;;;
2026/06/28;0300 UTC;;;;;;;;;;;;;;;;;;
2026/06/28;0400 UTC;0;982,1;982,4;981,5;0;15,9;14,6;16;15,8;14,7;14,5;94;93;94;42;5,9;2,7;
2026/06/28;0500 UTC;0;981,6;982,4;980,7;0;16;14,6;16,1;15,9;14,7;14,6;94;93;93;56;5,9;3,4;
2026/06/28;0600 UTC;0;981;981,6;980,7;0;15,7;14,8;16;15,4;14,9;14,7;97;94;95;183;3;1,5;
2026/06/28;0700 UTC;2;980,5;981,5;979,7;0;15,5;15;15,6;15,3;15,2;14,8;98;97;98;47;6,5;2,9;
2026/06/28;0800 UTC;,2;980,1;980,9;979,7;0;15,6;15,2;15,7;15,4;15,2;15,1;99;97;98;56;6,1;3;
2026/06/28;0900 UTC;,4;980,5;980,9;979,9;0;15,6;15,3;15,7;15,4;15,3;15,2;99;98;98;81;1,9;1,2;
2026/06/28;1000 UTC;;;;;;;;;;;;;;;;;;
2026/06/28;1100 UTC;;;;;;;;;;;;;;;;;;
2026/06/28;1200 UTC;2,4;980,2;980,9;978,5;,2;16,2;15,6;16,3;15,9;15,8;15,3;99;95;97;159;8,8;4,8;
2026/06/28;1300 UTC;;;;;;;;;;;;;;;;;;
2026/06/28;1400 UTC;4,6;980,7;981,2;980,3;27,4;16;15,9;16,1;16;15,9;15,8;100;99;99;58;4,7;2,5;
2026/06/28;1500 UTC;5;980,9;981,4;980,3;36;16,1;16;16,2;16;16,1;15,9;100;99;99;269;6,2;2,9;
2026/06/28;1600 UTC;5,6;980,9;981,1;980,6;50,7;16,2;16,1;16,3;16,1;16,2;16;100;99;100;259;6,7;4,2;
2026/06/28;1700 UTC;5;980,8;981,3;980,1;40,1;16,2;16;16,2;16,1;16,1;16;100;99;99;39;8,4;4,4;
2026/06/28;1800 UTC;1,2;980,1;980,7;979,1;80,3;16,2;16,1;16,3;16,1;16,2;15,8;100;98;99;123;9,5;4;
2026/06/28;1900 UTC;0;979,9;980,5;979,3;211,7;16,1;15,7;16,1;16;15,9;15,6;99;97;98;55;5,9;3,4;
2026/06/28;2000 UTC;,2;979,6;979,9;979,2;190,7;16;15,4;16,1;15,8;15,6;15,1;98;96;97;55;5;2,3;
2026/06/28;2100 UTC;0;979,5;979,6;979,2;74,7;15,7;15,1;15,9;15,4;15,2;14,9;98;96;97;237;3,6;2;
2026/06/28;2200 UTC;0;980,5;981;979,6;0;15,4;14,9;15,5;15,3;15,1;14,8;99;97;98;265;3,9;2,3;
2026/06/28;2300 UTC;0;981;981,5;980,3;0;15,5;15,1;15,5;15,3;15,3;15;99;97;98;310;4,7;2,6;
2026/06/29;0000 UTC;,4;981,7;982;981,1;0;15;15;15,4;14,6;15,3;14,5;100;100;100;260;3,7;1,8;
2026/06/29;0100 UTC;0;982,4;982,6;982,1;0;14,4;14,2;14,6;14,2;14,5;13,6;100;97;99;275;2,7;,8;
2026/06/29;0200 UTC;;;;;;;;;;;;;;;;;;
2026/06/29;0300 UTC;;;;;;;;;;;;;;;;;;
2026/06/29;0400 UTC;0;983;983,1;982,8;0;11,3;11,3;11,8;10,6;11,8;10,7;100;100;100;258;1,5;,7;
2026/06/29;0500 UTC;0;983,3;983,7;982,9;0;10;10;10,6;9,4;10,7;9,5;100;100;100;55;1,8;1,1;
2026/06/29;0600 UTC;0;983,7;984;983,4;0;9,3;9,4;9,9;8,5;10;8,5;100;100;100;247;1;,5;
2026/06/29;0700 UTC;0;984;984,1;983,9;0;8,3;8,3;8,5;7,8;8,6;7,8;100;100;100;245;,6;,4;
2026/06/29;0800 UTC;0;983,8;984;983,6;0;7,4;7,4;7,7;7,2;7,8;7,3;100;100;100;226;,8;,4;
2026/06/29;0900 UTC;0;983,6;983,7;983,5;0;7,6;7,6;7,8;7,2;7,9;7,3;100;100;100;205;1,3;,5;
2026/06/29;1000 UTC;;;;;;;;;;;;;;;;;;
2026/06/29;1100 UTC;;;;;;;;;;;;;;;;;;
2026/06/29;1200 UTC;;;;;;;;;;;;;;;;;;
2026/06/29;1300 UTC;0;985,7;985,8;985,7;628,7;7,5;7,6;8,3;6,9;8,4;7;100;100;100;173;2,9;1,5;
2026/06/29;1400 UTC;0;985,7;985,8;985,5;641,6;9,2;9,2;10,1;8,3;10,2;8,4;100;100;100;207;2;,9;
2026/06/29;1500 UTC;0;985,3;985,6;985;1432,6;11,3;10,9;13,6;10;12,3;10,1;100;88;98;180;4,2;1,7;
2026/06/29;1600 UTC;0;984,5;985;984;2263,1;14,9;10,7;15,9;13,7;12,1;9,7;90;69;79;173;4;1,9;
2026/06/29;1700 UTC;0;983,5;983,9;983,1;2155;16,5;10,3;17,3;15,9;11,1;9,5;74;64;69;192;3,7;1,4;
2026/06/29;1800 UTC;0;982,8;983,1;982,4;1778,9;17,5;10,3;17,9;17;10,8;9,5;69;58;64;176;2,8;1,2;
2026/06/29;1900 UTC;0;982,5;982,8;982,4;1309,9;18;9,3;18,4;17,4;10,4;8;64;51;57;168;1,9;,8;
2026/06/29;2000 UTC;0;982,7;982,8;982,6;618,5;17,7;8,9;18,2;17;9,6;8,1;61;51;56;201;1,9;,8;
2026/06/29;2100 UTC;0;982,8;982,9;982,7;89,3;15,4;9,6;17;13,2;10,3;8,9;85;60;71;200;1,6;,6;
2026/06/29;2200 UTC;;;;;;;;;;;;;;;;;;
2026/06/29;2300 UTC;0;983,4;983,7;983,2;0;10,7;10;11,4;10,2;10,1;9,6;98;94;96;183;3,4;1;
2026/06/30;0000 UTC;0;983,8;983,9;983,7;0;9,8;9,6;10,1;9,6;9,8;9,4;100;97;99;197;3,1;,9;
2026/06/30;0100 UTC;0;983,8;984;983,7;0;9,5;9,3;9,7;9,2;9,6;9,1;100;99;99;190;3,2;1,1;
2026/06/30;0200 UTC;;;;;;;;;;;;;;;;;;
2026/06/30;0300 UTC;;;;;;;;;;;;;;;;;;
2026/06/30;0400 UTC;0;984,2;984,4;984;0;9;9;9,2;8,7;9,2;8,7;100;100;100;191;1,3;,4;
2026/06/30;0500 UTC;0;983,6;984;983,4;0;8;8,1;8,7;7,3;8,8;7,4;100;100;100;208;1;,5;
2026/06/30;0600 UTC;0;983,2;983,4;982,9;0;8,1;8,2;8,8;7,3;8,8;7,3;100;100;100;212;,8;,4;
2026/06/30;0700 UTC;0;982,8;982,9;982,7;0;9;9;9,1;8,8;9,1;8,8;100;100;100;121;1,1;,4;
2026/06/30;0800 UTC;0;982,5;982,8;982,3;0;9,4;9,4;9,7;9,1;9,6;9,1;100;99;100;158;2,5;,7;
2026/06/30;0900 UTC;0;982,3;982,4;982,1;0;9,7;9,6;9,8;9,7;9,6;9,5;99;99;99;172;2,6;1,1;
2026/06/30;1000 UTC;;;;;;;;;;;;;;;;;;
2026/06/30;1100 UTC;0;983;983,3;982,8;11,7;9,9;9,5;10;9,8;9,6;9,4;98;98;98;164;1,8;,8;
2026/06/30;1200 UTC;0;983,3;983,5;983,2;159,2;10,3;9,3;10,7;10;9,6;9;98;92;95;143;4,8;2;
2026/06/30;1300 UTC;0;983,5;983,6;983,3;545,3;11,3;9,4;12,2;10,7;10;9,1;94;86;90;151;4,3;1,7;
2026/06/30;1400 UTC;0;983,5;983,7;983,1;901,2;12,6;9,9;13,3;12,1;10,3;9,4;89;83;86;177;4;1,9;
2026/06/30;1500 UTC;0;982,7;983,2;982,4;1362,1;14,3;10,4;15,2;13;11,1;9,8;86;76;80;110;3,6;1,8;
2026/06/30;1600 UTC;0;981,8;982,4;981,2;1502,6;15,8;11;16,7;14,9;11,9;10,5;81;73;76;151;3,9;1,7;
2026/06/30;1700 UTC;0;980,8;981,2;980,3;1270,8;16,9;11,8;17,4;16,4;12,3;11,3;78;72;75;145;2,8;1;
2026/06/30;1800 UTC;0;979,8;980,3;979,3;988,9;17,4;12,3;18;16,9;12,9;11,7;77;72;75;142;3,1;1,4;
2026/06/30;1900 UTC;0;979;979,4;978,8;522,5;17,3;12,7;17,6;17,1;13,2;12,2;80;75;77;161;3;1,4;
2026/06/30;2000 UTC;0;979,1;979,7;978,7;113,9;16,9;13,2;17,1;16,5;13,5;12,8;85;79;82;170;1,1;,5;
2026/06/30;2100 UTC;0;979,4;979,7;979,1;2,5;16,1;13,7;16,6;15,3;14,3;13;94;82;88;198;1,4;,6;
2026/06/30;2200 UTC;,2;979,4;979,7;979,1;0;14,8;13,7;15,3;14,2;14,1;13,4;96;93;95;190;3,3;1,2;
2026/06/30;2300 UTC;0;979,6;979,8;979,5;0;13,7;12,8;14,2;13,4;13,4;12,4;97;94;95;167;2,2;1;
