REGIAO:;NE
UF:;PE
ESTACAO:;CARUARU
CODIGO (WMO):;A341
LATITUDE:;-8,35611111
LONGITUDE:;-36,02833332
ALTITUDE:;837
DATA DE FUNDACAO:;21/11/07
Data;Hora UTC;PRECIPITAÇÃO TOTAL, HORÁRIO (mm);PRESSAO ATMOSFERICA AO NIVEL DA ESTACAO, HORARIA (mB);PRESSÃO ATMOSFERICA MAX.NA HORA ANT. (AUT) (mB);PRESSÃO ATMOSFERICA MIN. NA HORA ANT. (AUT) (mB);RADIACAO GLOBAL (Kj/m²);TEMPERATURA DO AR - BULBO SECO, HORARIA (°C);TEMPERATURA DO PONTO DE ORVALHO (°C);TEMPERATURA MÁXIMA NA HORA ANT. (AUT) (°C);TEMPERATURA MÍNIMA NA HORA ANT. (AUT) (°C);TEMPERATURA ORVALHO MAX. NA HORA ANT. (AUT) (°C);TEMPERATURA ORVALHO MIN. NA HORA ANT. (AUT) (°C);UMIDADE REL. MAX. NA HORA ANT. (AUT) (%);UMIDADE REL. MIN. NA HORA ANT. (AUT) (%);UMIDADE RELATIVA DO AR, HORARIA (%);VENTO, DIREÇÃO HORARIA (gr) (° (gr));VENTO, RAJADA MAXIMA (m/s);VENTO, VELOCIDADE HORARIA (m/s);
2026/01/01;0000 UTC;0;922,6;922,6;922;;20,4;17,4;21,2;20,4;17,7;17,3;83;80;83;48;5;2,2;
2026/01/01;0100 UTC;0;922,7;922,8;922,6;;19,8;18,1;20,4;19,8;18,1;17,4;90;83;90;53;5;1,7;
2026/01/01;0200 UTC;0;922,4;922,8;922,4;;19,7;18,5;19,8;19,6;18,5;18,1;93;90;93;48;5,3;2,1;
2026/01/01;0300 UTC;0;921,8;922,4;921,7;;19,5;18,5;19,7;19,5;18,5;18,4;94;93;94;47;6,5;2,2;
2026/01/01;0400 UTC;0;921,2;921,8;921,1;;19,5;18,7;19,6;19,4;18,7;18,5;96;94;96;44;5;1,9;
2026/01/01;0500 UTC;0;920,5;921,2;920,5;;19,4;18,8;19,5;19,3;18,8;18,7;96;96;96;30;5,9;2,9;
2026/01/01;0600 UTC;0;919,9;920,5;919,9;;19,2;18,6;19,4;19,2;18,8;18,6;97;96;97;31;5,9;2,6;
2026/01/01;0700 UTC;0;919,9;920;919,8;;19,3;18,8;19,3;19,2;18,8;18,6;97;97;97;33;5,6;2,4;
2026/01/01;0800 UTC;0;920,1;920,1;919,9;;19;18,5;19,3;19;18,8;18,5;97;97;97;39;5,1;2,1;
2026/01/01;0900 UTC;0;920,6;920,6;920,1;43,4;19,2;18,7;19,3;19;18,8;18,5;97;97;97;22;4,8;3;
2026/01/01;1000 UTC;0;920,6;920,7;920,6;204,7;20,4;19,7;20,4;19,2;19,8;18,7;97;96;96;31;6,5;3,4;
2026/01/01;1100 UTC;0;921,1;921,1;920,6;321,6;21,4;18,3;21,9;20,4;19,8;18,1;96;82;83;20;7,3;3,2;
2026/01/01;1200 UTC;0;921,2;921,3;921,1;952,1;24,3;18,7;24,4;21,4;19;18;83;70;71;33;7,2;3,5;
2026/01/01;1300 UTC;0;920,8;921,2;920,8;1362,3;25,8;18,3;25,8;23,7;18,4;17;71;63;63;25;7,5;3,3;
2026/01/01;1400 UTC;0;920,3;920,8;920,2;1993,7;25,9;17,4;27,4;24,6;18,4;16,9;64;54;59;35;8,5;3,1;
2026/01/01;1500 UTC;0;919,7;920,3;919,7;2490,9;28,6;16,5;29,6;26;17,8;16,2;59;46;48;13;8,5;2,6;
2026/01/01;1600 UTC;0;918,9;919,7;918,9;1755,8;30,1;16,5;30,3;27,2;17,2;15,9;52;44;44;14;6,5;2,3;
2026/01/01;1700 UTC;0;918,1;918,9;918,1;1829,1;28,5;15,5;30,7;28,1;16,6;15;47;41;45;53;6,7;1,9;
2026/01/01;1800 UTC;0;917,5;918,1;917,5;1474,8;29,4;15,1;30,2;28,3;15,8;14,4;46;39;42;7;5,9;1,4;
2026/01/01;1900 UTC;0;917,4;917,5;917,3;1223,9;28,4;15,5;30,1;28,3;16,2;15,2;47;41;46;35;8,2;2,8;
2026/01/01;2000 UTC;0;917,5;917,6;917,3;164,8;26,7;16,6;28,4;26,7;16,9;15,5;54;45;54;35;8,8;3,8;
2026/01/01;2100 UTC;0;918,2;918,2;917,5;29,7;23,7;18,1;26,7;23,7;18,1;16,8;71;54;71;41;10,5;3,8;
2026/01/01;2200 UTC;0;918,9;918,9;918,2;;22,3;18,2;23,7;22,3;18,2;18;78;71;78;46;8,7;3,3;
2026/01/01;2300 UTC;0;919,7;919,8;918,9;;21,2;18,4;22,3;21,2;18,4;18,1;84;78;84;46;8,5;2,4;
2026/01/02;0000 UTC;0;920,3;920,3;919,7;;20,6;18,5;21,2;20,6;18,5;18,1;88;84;88;34;7,3;3,4;
2026/01/02;0100 UTC;0;920,2;920,4;920,2;;20,6;18,2;20,6;20,5;18,5;18,1;88;86;86;24;7,5;3,5;
2026/01/02;0200 UTC;0;919,8;920,2;919,7;;20,1;17,8;20,6;20,1;18,2;17,7;87;85;87;12;8,4;4,6;
2026/01/02;0300 UTC;0;919,4;919,8;919,4;;19,9;18,2;20,1;19,9;18,5;17,8;91;87;90;15;8,4;4,4;
2026/01/02;0400 UTC;0;919;919,4;919;;19,8;18,1;20,1;19,8;18,5;18;91;89;90;12;8,3;3,7;
2026/01/02;0500 UTC;0;918,4;919;918,4;;19,7;18,5;19,8;19,6;18,5;18;93;90;93;356;7,1;2,5;
2026/01/02;0600 UTC;0;918,2;918,5;918,2;;19,8;18,5;19,8;19,7;18,7;18,5;93;93;93;3;6,8;3;
2026/01/02;0700 UTC;0;918,1;918,2;918;;19,3;18,4;19,8;19,3;18,6;18,3;94;92;94;9;6,7;3,1;
2026/01/02;0800 UTC;0;918,5;918,5;918,1;;19,4;18,6;19,4;19,3;18,7;18,4;95;94;95;9;7,5;3,5;
2026/01/02;0900 UTC;0;919,1;919,1;918,5;60,8;19,9;18,8;19,9;19,4;18,9;18,5;95;93;94;5;8,4;3,2;
2026/01/02;1000 UTC;0;919,5;919,6;919,1;265;20,4;18,1;20,5;19,9;19;17,8;94;86;86;22;8,3;4,7;
2026/01/02;1100 UTC;0;919,9;920,1;919,6;377,2;22,8;17,8;23,2;20,3;18,5;17,7;87;72;73;4;8,1;4,2;
2026/01/02;1200 UTC;0;920;920,2;919,8;638,1;24,1;17,8;24,2;22,5;18,1;17,2;74;68;68;16;9,1;4,4;
2026/01/02;1300 UTC;0;920;920,1;919,9;1713,5;25,8;17,3;26;23,8;18,3;16,2;68;57;59;28;9,1;4,9;
2026/01/02;1400 UTC;0;919,4;920;919,4;1154;26,2;17,8;26,4;24,9;17,8;16,9;62;58;60;14;9,1;3,7;
2026/01/02;1500 UTC;0;918,9;919,4;918,9;1679,2;27,4;17;28,4;25,8;17,8;16,5;60;50;53;16;8,8;3,2;
2026/01/02;1600 UTC;0;918,1;918,9;918;2342,3;28,8;16,4;30,2;26,8;17,8;16,4;55;46;47;5;8;3,5;
2026/01/02;1700 UTC;0;916,9;918,1;916,9;2224,2;28,8;16,1;30,7;28,5;17,3;15,7;49;43;46;27;7,9;3,3;
2026/01/02;1800 UTC;0;916,4;917;916,4;916,6;28,9;15,5;29,5;28;16,4;15,5;48;43;44;10;7;2,4;
2026/01/02;1900 UTC;0;916,1;916,4;916,1;499,5;28;17,5;28,9;27,4;17,5;15,5;53;44;53;30;9;3,7;
2026/01/02;2000 UTC;0;916,3;916,3;916;242,9;25,7;18,1;28,1;25,7;18,2;17,1;63;52;63;35;11,6;4,4;
2026/01/02;2100 UTC;0;916,8;916,8;916,3;43,3;23,7;19;25,7;23,7;19;18,1;75;63;75;36;10,3;3,9;
2026/01/02;2200 UTC;0;917,4;917,4;916,8;;22,4;18,6;23,7;22,4;19;18,6;79;75;79;32;10,9;5,6;
2026/01/02;2300 UTC;0;918,2;918,2;917,4;;21,4;18,9;22,4;21,4;18,9;18,5;86;79;86;35;11;3,8;
2026/01/03;0000 UTC;0;918,7;918,7;918,2;,5;20,8;18,2;21,5;20,8;18,9;18,2;86;83;85;31;10,9;5;
2026/01/03;0100 UTC;0;919,1;919,1;918,7;,3;20,6;18,2;20,8;20,6;18,5;18,2;87;85;86;26;9,5;4,9;
2026/01/03;0200 UTC;0;919;919,1;918,9;;20,3;18,4;20,6;20,2;18,5;18;89;85;89;20;9,5;5,2;
2026/01/03;0300 UTC;0;918,5;919;918,5;;19,9;18,1;20,3;19,9;18,5;18;90;87;89;16;9,9;5,5;
2026/01/03;0400 UTC;0;918,3;918,6;918,3;;19,8;18,1;19,9;19,7;18,2;18,1;91;89;90;16;9,6;5,2;
2026/01/03;0500 UTC;0;917,7;918,3;917,7;;19,7;18,4;19,8;19,7;18,5;18,1;93;90;92;16;9,6;4,5;
2026/01/03;0600 UTC;0;917,5;917,7;917,5;;19,7;18,4;19,7;19,7;18,5;18,4;93;92;92;6;8,6;3,8;
2026/01/03;0700 UTC;0;918;918;917,5;;19,4;18,4;19,6;19,3;18,4;18,3;94;92;94;11;8,2;3,2;
2026/01/03;0800 UTC;0;918,6;918,6;917,9;;19,2;18,4;19,4;19,1;18,4;18,3;95;94;95;9;6,1;3;
2026/01/03;0900 UTC;0;919,1;919,1;918,6;43,9;19,6;18,8;19,6;19,2;18,8;18,4;95;95;95;360;6,4;3;
2026/01/03;1000 UTC;0;919,6;919,6;919,1;157,3;20,2;18,8;20,2;19,6;19;18,7;95;92;92;3;7,1;2,9;
2026/01/03;1100 UTC;0;920,3;920,3;919,6;327,3;21,4;18,7;21,6;20,1;19,2;18,6;92;84;85;359;8,7;3,6;
2026/01/03;1200 UTC;0;920,6;920,6;920,3;735,2;23,5;17,5;23,5;21,3;18,7;17,4;85;69;69;360;8,6;3,9;
2026/01/03;1300 UTC;0;920,5;920,7;920,5;1366,7;26,1;17,4;26,1;23,5;17,9;16,5;69;59;59;360;9,8;4;
2026/01/03;1400 UTC;0;920,2;920,5;920,1;2361,1;27,8;16,4;28;25,4;17,4;15,8;59;49;50;15;10;4,4;
2026/01/03;1500 UTC;0;919,3;920,2;919,3;2619,1;29,1;16;29,2;27,2;16,5;15,6;51;45;45;13;10,8;4,6;
2026/01/03;1600 UTC;0;918,8;919,3;918,7;1844,4;29,2;16,1;29,8;27,7;16,4;15,3;48;43;45;8;9,3;4;
2026/01/03;1700 UTC;0;917,9;918,8;917,9;2319,8;30,1;15,9;30,9;28,8;16,4;15;45;39;42;14;9,2;3,5;
2026/01/03;1800 UTC;0;917,4;918;917,4;1137,6;28,8;15,7;30,4;28;15,9;15,1;47;41;45;20;8,3;4,1;
2026/01/03;1900 UTC;0;917,3;917,4;917,1;1192,9;28,5;15,5;29,9;28,3;16,2;15,4;46;42;45;20;8,8;4,1;
2026/01/03;2000 UTC;0;917,4;917,4;917,1;250,3;26,9;16,6;28,6;26,9;16,6;15,2;53;45;53;23;12,6;5,1;
2026/01/03;2100 UTC;0;917,7;917,7;917,2;33,1;25,1;17,5;26,9;25,1;17,5;16,6;63;53;63;27;10,7;4,8;
2026/01/03;2200 UTC;0;918,4;918,4;917,7;;22,9;18,3;25,1;22,9;18,3;17,5;75;63;75;33;11;4,5;
2026/01/03;2300 UTC;0;919,1;919,1;918,4;;21,7;18,5;22,9;21,7;18,5;18,3;82;75;82;26;11,1;5,7;
2026/01/04;0000 UTC;0;919,8;919,9;919,1;;20,7;18,6;21,7;20,7;18,7;18,5;88;82;88;34;11,7;5,4;
2026/01/04;0100 UTC;0;920,2;920,3;919,8;;20,1;18;20,7;20,1;18,6;18;89;87;88;20;11,1;5,3;
2026/01/04;0200 UTC;0;920,1;920,4;920,1;;19,6;18,1;20,1;19,6;18,2;18;91;88;91;13;9,9;5,2;
2026/01/04;0300 UTC;0;919,7;920,1;919,7;;19,7;18,3;19,8;19,6;18,4;18,1;92;91;91;10;9,9;3,5;
2026/01/04;0400 UTC;0;919,5;919,7;919,4;;19,6;18,1;19,8;19,4;18,4;18,1;92;91;91;6;7,5;3,7;
2026/01/04;0500 UTC;0;919,4;919,5;919,3;;19,2;18;19,6;19,2;18,1;17,8;92;91;92;3;8,2;3;
2026/01/04;0600 UTC;0;919,1;919,4;919,1;;18,7;17,8;19,3;18,7;18;17,8;94;92;94;13;6,4;2,9;
2026/01/04;0700 UTC;0;919,2;919,3;919,1;;18,7;17,9;18,8;18,6;18;17,8;95;94;95;12;6,4;2,8;
2026/01/04;0800 UTC;0;919,5;919,5;919,2;;18,6;18;18,7;18,5;18;17,8;96;95;96;12;5,6;2,6;
2026/01/04;0900 UTC;0;920,2;920,2;919,5;38;19;18,4;19;18,6;18,4;18;96;96;96;8;4,6;2,1;
2026/01/04;1000 UTC;0;920,4;920,4;920,1;237,4;20,8;18,8;20,8;18,9;19,3;18,3;97;88;89;2;6,9;3,5;
2026/01/04;1100 UTC;0;920,7;920,7;920,4;256,5;23;17,6;23,5;20,4;18,6;17,6;89;71;72;23;7,7;3,4;
2026/01/04;1200 UTC;0;920,9;921;920,6;1061,5;24;16,7;24,6;22,7;17,9;16,7;73;63;64;21;9,2;4;
2026/01/04;1300 UTC;0;920,8;920,9;920,7;2236,9;26,3;16,4;26,7;24;17,4;16,3;64;55;55;23;10,2;4,2;
2026/01/04;1400 UTC;0;920,5;920,8;920,5;2589,9;27,9;16,2;28,8;26;17;15,3;54;45;49;32;8,3;3;
2026/01/04;1500 UTC;0;920,1;920,5;920,1;2749,1;28,6;14,8;29,5;27,1;16,4;14,5;51;42;43;26;7,8;3;
2026/01/04;1600 UTC;0;919,4;920,1;919,3;2137,5;29,2;15,7;30,4;28,1;16,2;14,1;47;39;44;30;8,3;3,2;
2026/01/04;1700 UTC;0;918,7;919,4;918,7;2028;30;15,5;30,4;28,3;16,2;14,9;45;40;42;29;9;2,9;
2026/01/04;1800 UTC;0;918,1;918,7;918,1;1455,2;30,4;14,9;30,4;28,3;15,5;14,6;44;39;39;58;8;1,5;
2026/01/04;1900 UTC;0;917,9;918,1;917,8;900,8;28,4;16,1;30,6;28,4;16,2;14,5;47;38;47;39;9,9;3,8;
2026/01/04;2000 UTC;0;918,1;918,2;917,9;233;26,2;17,1;28,4;26,2;17,1;15,9;57;47;57;41;11;3,6;
2026/01/04;2100 UTC;0;918,9;918,9;918,1;36,1;24;18,2;26,2;24;18,2;17,2;70;58;70;37;11,6;4,7;
2026/01/04;2200 UTC;0;919,8;919,8;918,9;;22,2;18,7;24;22,2;18,7;18,1;81;70;81;41;11,1;3,9;
2026/01/04;2300 UTC;0;920,7;920,7;919,8;;21;18,6;22,2;21;18,8;18,5;86;81;86;45;8;3,1;
2026/01/05;0000 UTC;0;921;921;920,7;;20,4;18,8;21;20,3;18,8;18,5;91;86;91;43;9,5;2,7;
2026/01/05;0100 UTC;0;921;921,1;920,9;;20,1;18,7;20,4;20,1;18,9;18,7;92;91;92;40;7,3;2,6;
2026/01/05;0200 UTC;0;920,7;921,1;920,7;;20,2;18,6;20,2;20,1;18,7;18,5;92;90;91;31;7,3;2,9;
2026/01/05;0300 UTC;0;920,5;920,8;920,5;;20;18,3;20,2;19,9;18,6;18,1;91;89;90;19;7,7;2,6;
2026/01/05;0400 UTC;0;919,7;920,5;919,7;;19,7;18,6;20;19,6;18,6;18,3;94;90;94;31;7,6;3,3;
2026/01/05;0500 UTC;0;919,6;919,8;919,6;;19,6;18,6;19,7;19,5;18,6;18,5;94;93;94;31;8,4;3,5;
2026/01/05;0600 UTC;0;919,6;919,7;919,5;;19,7;18,6;19,7;19,4;18,7;18,4;94;93;93;24;6,1;2,9;
2026/01/05;0700 UTC;0;919,6;919,7;919,4;;18,9;18,1;19,7;18,9;18,6;18;95;93;95;19;6,3;3,5;
2026/01/05;0800 UTC;0;919,9;919,9;919,5;;18,7;18,1;19;18,7;18,3;18;96;95;96;24;6;3,1;
2026/01/05;0900 UTC;0;920,5;920,5;919,9;31,7;19;18,4;19,1;18,7;18,5;18,1;96;96;96;43;4,8;2;
2026/01/05;1000 UTC;0;920,6;920,7;920,5;330,9;20;18;20,7;18,9;19,7;18;96;88;88;37;4,9;2,5;
2026/01/05;1100 UTC;0;920,8;920,8;920,6;405,4;21,4;17,7;22;19,9;18,9;17,6;89;78;79;32;7;3;
2026/01/05;1200 UTC;0;920,9;920,9;920,7;1074;23,8;18,1;24,6;21,3;18,7;17,1;80;65;71;32;8,8;3,8;
2026/01/05;1300 UTC;0;920,5;920,9;920,5;1662;26,1;16,7;27,2;23,6;18,2;16,7;70;55;56;46;7,6;3,1;
2026/01/05;1400 UTC;0;920,2;920,6;920,2;2360,8;29,2;17,3;29,2;24,8;17,5;16,1;62;49;49;62;8,6;2,1;
2026/01/05;1500 UTC;0;919,6;920,2;919,6;2486,4;29,6;15,1;29,6;27,1;16,6;14,8;50;41;41;59;7,1;2,2;
2026/01/05;1600 UTC;0;919;919,6;918,9;2518,2;29,7;12,6;30;27,9;15,7;11,8;45;33;35;66;5,2;1,6;
2026/01/05;1700 UTC;0;918,1;919;918,1;2406,5;31,2;14,6;31,8;29,7;15;12,9;39;33;37;88;6;1,9;
2026/01/05;1800 UTC;0;917,5;918,1;917,5;2027,7;29,7;15,6;31,9;29,3;15,6;12,9;43;34;42;78;6,2;1,9;
2026/01/05;1900 UTC;0;917,3;917,5;917,2;1232,2;28;14,7;30,2;27,8;15,3;13,6;45;39;44;73;6;2;
2026/01/05;2000 UTC;0;917,5;917,5;917,2;180,9;26,1;16,6;28;26,1;16,7;14,3;56;44;56;88;7,9;2,1;
2026/01/05;2100 UTC;0;918,2;918,2;917,5;38,9;23,9;18,5;26,1;23,9;18,5;16,7;72;56;72;60;7,7;2,3;
2026/01/05;2200 UTC;0;918,8;918,8;918,2;;22,1;18,4;23,9;22,1;18,5;18,4;80;72;80;86;6,1;1,8;
2026/01/05;2300 UTC;0;919,3;919,3;918,8;;20,6;18,2;22,1;20,6;18,5;18,2;86;80;86;68;5,4;2;
2026/01/06;0000 UTC;0;920,2;920,2;919,3;;19,8;17,9;20,6;19,8;18,1;17,9;89;86;89;47;5,4;1,7;
2026/01/06;0100 UTC;0;920,5;920,6;920,1;;19,3;17,9;19,8;19,2;17,9;17,6;92;89;92;56;4,6;2,1;
2026/01/06;0200 UTC;0;920,2;920,5;920,2;;19,1;17,9;19,4;19,1;18;17,8;93;92;93;52;4,6;2,1;
2026/01/06;0300 UTC;0;919,6;920,2;919,6;;18,9;17,9;19,1;18,9;18;17,9;94;93;94;61;5,1;2,1;
2026/01/06;0400 UTC;0;919,3;919,6;919,3;;18,6;17,9;18,9;18,5;18,1;17,8;96;94;96;56;4,7;2,2;
2026/01/06;0500 UTC;0;919,2;919,3;919,1;;18,5;17,9;18,6;18,4;17,9;17,8;96;96;96;50;4,3;2;
2026/01/06;0600 UTC;0;919;919,2;919;;18,2;17,6;18,5;18,1;17,9;17,6;96;96;96;47;4,5;2,1;
2026/01/06;0700 UTC;0;919,1;919,2;919;;18,3;17,8;18,4;18,2;17,9;17,7;97;96;97;57;4,5;1,8;
2026/01/06;0800 UTC;0;919,7;919,7;919;;18,1;17,6;18,3;18;17,8;17,5;97;97;97;48;4,3;1,8;
2026/01/06;0900 UTC;0;920,3;920,3;919,7;50,8;18;17,5;18,2;17,9;17,6;17,4;97;97;97;52;4,5;2;
2026/01/06;1000 UTC;0;920,8;920,8;920,3;196,1;19,8;18,6;19,8;18;18,9;17,5;97;93;93;35;5,1;2,5;
2026/01/06;1100 UTC;0;921,2;921,2;920,8;221,5;23,3;16,5;23,3;19,8;18,3;16,4;93;66;66;46;8,5;3;
2026/01/06;1200 UTC;0;921,5;921,5;921,2;1133,7;23,7;16;24,9;22,1;17;15,4;69;57;62;62;7,3;2,4;
2026/01/06;1300 UTC;0;921,3;921,5;921,3;1871,4;25,9;15,2;26,6;23,5;16,4;14,7;62;50;52;44;8;3;
2026/01/06;1400 UTC;0;920,9;921,4;920,8;2491,2;28,2;15,1;28,2;25;16;13,9;54;44;45;52;9,6;2,1;
2026/01/06;1500 UTC;0;920,6;920,9;920,5;2740;28,9;16,4;29,5;27;16,4;13,6;48;41;47;63;6,2;1,8;
2026/01/06;1600 UTC;0;919,9;920,6;919,9;2561;28,4;15,7;29,9;27,6;17,3;15,2;50;43;46;53;6,4;1,6;
2026/01/06;1700 UTC;0;919,2;919,9;919,1;1633,3;30,1;16,6;30,1;27,3;16,6;15,1;51;41;44;76;7,5;1,9;
2026/01/06;1800 UTC;0;918,8;919,2;918,8;1518,5;28,1;17;30,5;27,1;17,9;15,4;53;42;51;85;6,7;1,8;
2026/01/06;1900 UTC;0;918,9;918,9;918,7;1298,5;26,9;17,2;28,4;26,7;17,9;16,7;57;51;55;72;7,1;1,9;
2026/01/06;2000 UTC;0;919;919,1;918,8;266,3;23,8;18,2;26,9;23,8;18,2;17,1;71;55;71;80;8,3;2,7;
2026/01/06;2100 UTC;0;919,7;919,7;919;48,2;21,9;17,9;23,8;21,9;18,3;17,9;78;71;78;71;7,6;2,4;
2026/01/06;2200 UTC;0;920,3;920,3;919,7;;20,8;17,6;21,9;20,8;17,9;17,6;82;78;82;81;10;2,7;
2026/01/06;2300 UTC;0;921;921;920,2;;19,9;17,9;20,8;19,9;17,9;17,5;88;82;88;84;8,4;2,6;
2026/01/07;0000 UTC;0;921,5;921,5;921;;19,2;17,6;19,9;19,2;17,9;17,6;91;88;90;77;7,9;2,4;
2026/01/07;0100 UTC;0;921,7;921,7;921,5;;18,9;17,7;19,2;18,8;17,8;17,5;93;90;93;75;6,3;2,2;
2026/01/07;0200 UTC;0;921,3;921,7;921,3;;18,7;17,8;18,9;18,7;17,8;17,7;95;93;95;81;6,3;1,6;
2026/01/07;0300 UTC;0;920,6;921,3;920,6;;18,4;17,7;18,8;18,4;18;17,7;95;95;95;75;4,8;1,5;
2026/01/07;0400 UTC;0;920,1;920,6;920,1;;18,4;17,6;18,6;18,2;17,9;17,6;96;95;95;86;4,8;1,6;
2026/01/07;0500 UTC;0;919,8;920,1;919,8;;18,5;17,6;18,5;18,3;17,6;17,4;95;95;95;74;6,4;1,3;
2026/01/07;0600 UTC;0;919,6;919,8;919,6;;18,7;17,8;18,7;18,5;17,8;17,6;95;94;95;66;4;1,6;
2026/01/07;0700 UTC;0;919,7;919,8;919,6;;18,7;17,9;18,9;18,7;18;17,8;95;95;95;83;5,6;1,5;
2026/01/07;0800 UTC;0;920,5;920,5;919,7;;18,5;17,6;18,7;18,4;17,9;17,5;95;95;95;88;6,1;1,4;
2026/01/07;0900 UTC;0;921,1;921,3;920,5;24,3;18,7;17,8;18,9;18,4;18;17,6;95;94;94;108;5,7;1,3;
2026/01/07;1000 UTC;0;921,5;921,5;920,9;256,3;19,7;18;19,8;18,6;18,4;17,7;95;89;90;82;7,5;1,8;
2026/01/07;1100 UTC;0;922;922,1;921,5;424,9;20,9;17,3;21,2;19,7;18,3;17,1;90;79;80;93;6;1,4;
2026/01/07;1200 UTC;0;922;922,1;921,9;929,5;24,7;16,3;24,9;20,9;18,4;16,2;80;60;60;74;5,8;2,2;
2026/01/07;1300 UTC;0;921,9;922,1;921,9;1479,1;24,7;15,9;26;22,6;16,9;15,1;67;55;58;85;5,9;2,1;
2026/01/07;1400 UTC;0;921,7;922;921,7;2200,5;26,6;15;26,6;23,9;16,7;14,4;59;49;49;71;7,1;2,8;
2026/01/07;1500 UTC;0;921,1;921,7;921,1;2202,9;27,6;15,5;28,1;25,3;15,7;13,4;52;44;48;69;7,1;1,7;
2026/01/07;1600 UTC;0;920,3;921,1;920,3;2283,2;27,2;14,2;29,8;26,6;15,9;13,3;48;40;45;76;7,6;1,8;
2026/01/07;1700 UTC;0;919,8;920,3;919,8;1781,1;26,7;14;28,7;26,3;15;12,8;48;40;46;55;5,9;2,7;
2026/01/07;1800 UTC;0;919,5;919,8;919,5;1301,3;27,4;15;29,4;26,5;15,3;13,5;49;40;47;68;6,7;2;
2026/01/07;1900 UTC;0;919,3;919,5;919,3;658,6;25,5;16;27,4;25,5;16;15;55;47;55;72;6,5;2,2;
2026/01/07;2000 UTC;0;919,8;919,8;919,3;239,8;24,4;16,1;25,6;24,4;16,2;15,9;60;55;60;62;6,4;1,9;
2026/01/07;2100 UTC;0;920,3;920,3;919,8;49,1;23,1;16;24,4;23,1;16,2;16;64;60;64;71;4,8;1,6;
2026/01/07;2200 UTC;0;920,6;920,6;920,3;;22,1;16,2;23,1;22,1;16,3;16;69;64;69;86;4,8;1,6;
2026/01/07;2300 UTC;0;921,1;921,1;920,6;;21,2;16,1;22,1;21,2;16,3;16;73;69;73;100;6,8;1,9;
2026/01/08;0000 UTC;0;921,4;921,4;921;;20,6;16,6;21,2;20,6;16,6;16,1;78;73;78;76;6,8;1,8;
2026/01/08;0100 UTC;0;921,4;921,6;921,3;;19,6;17,4;20,6;19,6;17,4;16,6;87;78;87;122;7,3;1,3;
2026/01/08;0200 UTC;0;920,9;921,4;920,9;;19,4;18;19,6;19,4;18;17,4;92;87;92;103;6,5;2;
2026/01/08;0300 UTC;0;920,3;920,9;920,3;;19,4;18,3;19,4;19,3;18,3;18;93;92;93;76;6,5;1,3;
2026/01/08;0400 UTC;;;;;;;;;;;;;;;;;;
2026/01/08;0500 UTC;0;919,2;919,6;919,2;;19,2;18;19,4;19,2;18,2;17,9;93;92;93;147;5,4;3,1;
2026/01/08;0600 UTC;0;918,9;919,2;918,8;;18,8;17,7;19,2;18,8;18;17,7;94;93;93;121;5,5;1,7;
2026/01/08;0700 UTC;0;919,1;919,1;918,9;;18,7;17,7;18,9;18,7;17,9;17,7;94;93;94;142;5,5;2,8;
2026/01/08;0800 UTC;0;919,7;919,7;919,1;;18,9;18;18,9;18,6;18;17,7;94;94;94;167;5,5;2,5;
2026/01/08;0900 UTC;0;920,4;920,4;919,7;28,2;19,2;18,3;19,3;18,9;18,3;17,9;95;94;95;136;4,2;1,6;
2026/01/08;1000 UTC;0;920,8;920,8;920,4;128;19,6;18,8;19,6;19,1;18,8;18,2;95;94;95;75;3,3;,7;
2026/01/08;1100 UTC;,4;921,3;921,3;920,8;423,9;20,1;19,4;21;19,2;20,3;18,5;96;95;96;70;3;1,2;
2026/01/08;1200 UTC;0;921,6;921,7;921,3;616,5;20,7;18,7;21,3;19,9;20,3;18,7;96;88;88;81;3,8;1;
2026/01/08;1300 UTC;0;921,3;921,6;921,3;1222,3;24;19,9;24,5;20,7;21;18,6;90;74;78;84;4,1;1,3;
2026/01/08;1400 UTC;0;920,9;921,4;920,9;1972,2;26,3;17,9;26,8;23,3;20,2;17,8;78;58;60;66;5,4;1,7;
2026/01/08;1500 UTC;0;920,1;920,9;920,1;2643,9;27,7;17,2;28,2;25,3;18,5;16,8;62;53;53;87;6,2;2,2;
2026/01/08;1600 UTC;0;919,5;920,1;919,5;1027,9;26,3;16,8;28,2;25,7;17,7;16,2;60;52;56;67;6,2;1,7;
2026/01/08;1700 UTC;0;919,1;919,5;919,1;1366,8;25,8;18,1;29;25,7;19,8;16,5;63;54;62;139;8,2;3;
2026/01/08;1800 UTC;0;918,7;919,1;918,7;1498,5;26,7;17,9;28,3;25,3;19,3;17,6;65;55;59;114;7,4;1,7;
2026/01/08;1900 UTC;0;918,9;918,9;918,7;1062,3;26,5;18,2;26,9;25,7;18,6;17,7;63;59;60;100;7,6;1,6;
2026/01/08;2000 UTC;0;919,3;919,3;918,8;286,4;24,4;17,8;26,5;24,4;18;17,5;67;60;67;81;7,2;1,7;
2026/01/08;2100 UTC;0;920;920;919,3;20,5;22,8;18,5;24,4;22,8;18,5;17,8;77;66;77;108;5,7;1,7;
2026/01/08;2200 UTC;0;920,5;920,6;920;;21,9;18,5;22,8;21,9;18,8;18,5;82;77;81;118;6,7;2,7;
2026/01/08;2300 UTC;0;921,3;921,3;920,5;;21,1;18,7;21,9;21,1;18,7;18,4;87;81;87;85;6,3;2,2;
2026/01/09;0000 UTC;0;921,5;921,5;921,3;;20;18,4;21,1;20;18,8;18,3;90;87;90;73;6,1;2,1;
2026/01/09;0100 UTC;0;921,3;921,6;921,3;;19,7;18,7;20;19,6;18,8;18,3;94;90;94;60;5,9;1,9;
2026/01/09;0200 UTC;0;921,1;921,4;921,1;;19,9;18,9;19,9;19,6;18,9;18,7;94;94;94;63;5,4;1,4;
2026/01/09;0300 UTC;0;920,6;921,1;920,6;;19,9;18,9;20;19,9;19;18,8;94;94;94;70;5;1,1;
2026/01/09;0400 UTC;0;920,1;920,6;920,1;;19,9;19;20;19,9;19,1;18,9;95;94;95;56;4,5;1,2;
2026/01/09;0500 UTC;0;920;920,2;920;;19,8;18,9;19,9;19,7;19;18,9;95;94;94;93;5;1,5;
2026/01/09;0600 UTC;0;920,1;920,1;919,8;;19,6;18,7;19,8;19,4;18,8;18,4;94;94;94;98;4,8;2;
2026/01/09;0700 UTC;0;920;920,1;919,9;;19,8;18,8;19,8;19,5;18,9;18,6;94;94;94;78;4,7;1;
2026/01/09;0800 UTC;0;920,2;920,2;920;;19,3;18,5;19,8;19,3;18,9;18,5;95;94;95;92;4,7;1,6;
2026/01/09;0900 UTC;0;920,8;920,8;920,2;30,9;19,7;18,9;19,7;19,3;18,9;18,6;96;95;95;83;4,8;1,6;
2026/01/09;1000 UTC;0;921,1;921,1;920,8;194,5;20,6;19,8;20,6;19,7;19,8;18,8;95;95;95;85;4,8;1,5;
2026/01/09;1100 UTC;0;921,7;921,7;921,1;472,6;22;19,1;22;20,4;19,5;18,7;95;83;84;64;4,4;1,4;
2026/01/09;1200 UTC;0;921,7;921,7;921,6;884,4;24,2;19;24,2;21,8;19,3;18,4;84;73;73;61;4;1,8;
2026/01/09;1300 UTC;0;921,4;921,7;921,4;1881,5;25,9;17,8;26,6;23,6;19,8;17,8;74;60;61;61;5,3;1,9;
2026/01/09;1400 UTC;0;921,1;921,5;921,1;2249,3;27,7;17,5;28,1;24,8;18,4;17;66;53;54;79;5,8;2,2;
2026/01/09;1500 UTC;0;920,5;921,2;920,5;1960,9;28,1;18,2;29,1;26;19,1;16,8;62;51;55;78;7,1;2;
2026/01/09;1600 UTC;0;919,7;920,5;919,7;1378,4;29,1;18,7;29,1;25,6;18,7;16,8;62;52;54;75;5,8;1,8;
2026/01/09;1700 UTC;0;919;919,7;919;2256;29,8;17,7;29,9;27,7;18,4;16,3;53;46;48;97;7,9;1,6;
2026/01/09;1800 UTC;0;918,6;919;918,5;1567,9;28,3;18,1;30,3;26,9;18,1;15,8;55;43;54;126;7;2,4;
2026/01/09;1900 UTC;0;918,6;918,7;918,4;1015,8;25,8;18,6;29,2;25,6;18,6;17,6;65;51;65;88;8,3;2,8;
2026/01/09;2000 UTC;0;919;919,2;918,6;389,8;23,9;18,7;26,2;23,9;18,9;18,5;73;63;73;111;8,5;2,6;
2026/01/09;2100 UTC;0;919,7;919,7;918,9;27,1;22,5;18,7;23,9;22,5;18,9;18,7;79;73;79;101;8,5;2,2;
2026/01/09;2200 UTC;0;920,2;920,3;919,6;;21,4;18,6;22,5;21,4;18,8;18,6;85;79;85;90;9,1;2,6;
2026/01/09;2300 UTC;0;920,6;920,6;920,2;;20,5;18,6;21,4;20,5;18,7;18,5;89;85;89;78;8;2,4;
2026/01/10;0000 UTC;0;921;921;920,6;;20,4;19,1;20,6;20,4;19,1;18,5;92;88;92;66;7,1;1,7;
2026/01/10;0100 UTC;0;921;921,2;920,9;;20,1;19;20,5;20,1;19,1;19;94;92;93;101;5,8;1,3;
2026/01/10;0200 UTC;0;920,4;921;920,4;;19,8;18,8;20,1;19,8;19;18,8;94;93;94;75;6,1;2,2;
2026/01/10;0300 UTC;0;920;920,4;920;;19,7;18,8;19,9;19,5;18,9;18,6;95;94;94;81;5,9;1;
2026/01/10;0400 UTC;0;919,4;920;919,4;;19,8;18,7;19,8;19,6;18,9;18,7;95;94;94;73;6,2;2,1;
2026/01/10;0500 UTC;0;918,9;919,4;918,9;;19,8;18,8;19,8;19,7;18,8;18,6;94;93;94;92;6,9;1,4;
2026/01/10;0600 UTC;0;918,9;919;918,9;;19,5;18,7;19,8;19,4;18,9;18,6;95;94;95;103;6,9;2;
2026/01/10;0700 UTC;0;919,3;919,3;918,9;;19,5;18,7;19,5;19,3;18,8;18,6;95;95;95;88;6,9;1,9;
2026/01/10;0800 UTC;,2;919,5;919,5;919,3;;19,3;18,6;19,7;19,2;18,9;18,5;96;95;96;77;7,7;2,2;
2026/01/10;0900 UTC;,2;919,8;919,9;919,5;48,2;19,3;18,7;19,4;19,1;18,8;18,5;96;96;96;81;6,5;2,3;
2026/01/10;1000 UTC;0;920,2;920,3;919,8;251,3;19,6;19,1;19,8;19,3;19,2;18,7;97;96;96;74;7;1,9;
2026/01/10;1100 UTC;0;920,5;920,5;920,2;458,2;21,4;19,3;21,5;19,6;20,3;19;96;88;88;67;8,6;2,2;
2026/01/10;1200 UTC;0;920,8;920,8;920,5;766,1;22,9;18,5;23;21,3;19,9;18;89;76;76;75;7,2;2,2;
2026/01/10;1300 UTC;0;920,7;920,8;920,6;1502,7;26,2;17,6;26,5;22,8;18,9;17;77;59;59;59;6,2;2,5;
2026/01/10;1400 UTC;0;920,3;920,7;920,3;2599,4;27,8;15,9;28;25,2;18;15,9;62;48;48;76;7,7;2,2;
2026/01/10;1500 UTC;0;919,6;920,3;919,6;2556,2;28,1;15,3;29,5;26,8;16,9;14,7;51;44;46;60;7,6;2,5;
2026/01/10;1600 UTC;0;918,9;919,7;918,8;1669,1;27,9;17,6;28,4;27,1;17,6;15,1;54;46;54;63;6,1;2,3;
2026/01/10;1700 UTC;0;918,3;918,9;918,2;1342,9;26,9;17,6;28,8;26,9;18,3;17;57;51;57;66;6,9;2,3;
2026/01/10;1800 UTC;0;918,1;918,3;918;1146,9;27,4;17,6;27,7;26,3;18,3;17,4;59;54;55;85;7,2;1,8;
2026/01/10;1900 UTC;0;918,1;918,1;918;1221,6;25,9;17,5;28,1;25,9;18,3;17,3;60;54;60;74;6,9;2,3;
2026/01/10;2000 UTC;0;918,4;918,4;918,1;228;24,3;17,9;26,1;24,3;17,9;17,4;68;60;68;82;7,9;2,7;
2026/01/10;2100 UTC;0;919;919;918,4;33,9;22,7;17,9;24,3;22,7;18;17,8;74;68;74;84;8,3;2,5;
2026/01/10;2200 UTC;0;919,5;919,5;919;;21,1;18,2;22,7;21,1;18,5;18;84;74;84;81;8,3;2,7;
2026/01/10;2300 UTC;0;920;920;919,5;;20,3;18,6;21,1;20,3;18,7;18,2;90;84;90;90;8,1;2,6;
2026/01/11;0000 UTC;0;920,2;920,2;920;;19,5;18,3;20,3;19,5;18,6;18,3;93;90;93;97;8,8;2,8;
2026/01/11;0100 UTC;0;920,4;920,6;920,2;;19,2;18,3;19,5;19,2;18,3;18,1;94;93;94;102;8,5;2,7;
2026/01/11;0200 UTC;0;920,1;920,4;920,1;;19,1;18,3;19,2;19;18,4;18,2;95;94;95;87;7,5;2,2;
2026/01/11;0300 UTC;0;919,6;920,1;919,6;;19,1;18,5;19,3;19,1;18,6;18,4;96;95;96;65;6,6;2,1;
2026/01/11;0400 UTC;0;918,9;919,6;918,9;;19;18,4;19,1;19;18,5;18,4;96;96;96;56;6,6;2,1;
2026/01/11;0500 UTC;0;918,8;918,9;918,8;;19,2;18,6;19,2;19;18,6;18,4;96;96;96;76;5,5;2,1;
2026/01/11;0600 UTC;0;918,7;918,8;918,6;;18,8;18,1;19,2;18,8;18,6;18,1;96;96;96;64;5,5;2,1;
2026/01/11;0700 UTC;0;918,8;918,9;918,6;;18,7;18,1;18,8;18,7;18,2;18;96;96;96;84;8,1;2,7;
2026/01/11;0800 UTC;0;919;919;918,7;;18,7;18;18,7;18,4;18;17,7;96;95;96;104;8,5;2,5;
2026/01/11;0900 UTC;0;919,5;919,5;918,9;30,7;19,3;18,1;19,3;18,5;18,1;17,8;96;93;93;95;7,8;2,2;
2026/01/11;1000 UTC;0;920,2;920,2;919,5;118,6;20,9;17,3;20,9;19,2;18,2;16,9;93;79;80;78;8,2;2,2;
2026/01/11;1100 UTC;0;920,9;920,9;920,2;233,9;22,5;17,8;22,7;20,9;18,2;17,3;82;75;75;63;5,8;1,9;
2026/01/11;1200 UTC;0;921,3;921,3;920,9;915,3;24,6;17,7;24,7;22,5;18,2;17,3;75;65;66;73;6,3;1,9;
2026/01/11;1300 UTC;0;921,3;921,4;921,2;982,8;24,8;17,7;26;23,6;18,4;17,1;68;61;65;59;6;2,1;
2026/01/11;1400 UTC;0;920,8;921,3;920,8;1332,3;27,1;17,1;27,3;24,8;17,8;16,2;65;53;54;48;8,8;2,7;
2026/01/11;1500 UTC;0;920,2;920,9;920,2;1458,4;28,8;16,5;28,8;25,7;17,8;15,3;59;47;47;42;9,1;3,3;
2026/01/11;1600 UTC;0;919,7;920,2;919,7;1102,2;27,4;15,6;29;27;16,6;14,9;51;45;49;58;8,3;2,9;
2026/01/11;1700 UTC;0;919,1;919,7;919,1;1216,7;28,4;15,8;29;27;16,4;15,2;50;43;46;74;8,3;2,6;
2026/01/11;1800 UTC;0;918,7;919,1;918,6;1795,1;28,4;16;29,4;27,2;16,5;15,1;50;42;47;67;7,6;2,4;
2026/01/11;1900 UTC;0;918,6;918,7;918,6;1189,2;26,6;17;28,7;26,5;17;15,7;56;46;56;77;7,5;2,7;
2026/01/11;2000 UTC;0;919;919;918,5;265,5;24,7;18;26,6;24,7;18,1;17;67;56;67;82;8,4;2,6;
2026/01/11;2100 UTC;0;919,6;919,6;919;38,7;22,7;18,7;24,7;22,7;18,7;18;78;67;78;88;8,5;2,6;
2026/01/11;2200 UTC;0;920;920;919,6;;21,2;18,8;22,6;21,2;18,9;18,7;86;78;86;104;8,3;2,4;
2026/01/11;2300 UTC;0;920,4;920,4;920;;20,5;17,7;21,2;20,5;18,9;17,7;87;84;84;85;8;2,8;
2026/01/12;0000 UTC;0;920,8;920,8;920,4;;19,9;18;20,5;19,9;18,1;17,7;89;84;89;80;9,2;3,7;
2026/01/12;0100 UTC;0;920,9;921;920,7;;19,7;18,4;20;19,7;18,4;18;92;89;92;78;9,6;2,1;
2026/01/12;0200 UTC;0;920,5;920,9;920,5;;19,6;18,6;19,7;19,6;18,8;18,4;94;92;94;84;6,8;2,8;
2026/01/12;0300 UTC;0;919,9;920,5;919,9;;19,7;18,9;19,9;19,5;18,9;18,5;95;94;95;82;6,9;2,2;
2026/01/12;0400 UTC;0;919,4;920;919,3;;19,7;18,9;19,8;19,6;19;18,8;96;95;95;97;6,9;2,7;
2026/01/12;0500 UTC;0;919,1;919,4;919,1;;19,7;18,9;19,9;19,6;19;18,8;95;95;95;108;7,1;2;
2026/01/12;0600 UTC;0;919;919,1;918,9;;19,8;19,1;20;19,7;19,1;18,9;95;95;95;86;7,6;2;
2026/01/12;0700 UTC;0;919,2;919,3;919;;20;19,2;20;19,8;19,2;19;96;95;96;84;6,2;2,2;
2026/01/12;0800 UTC;0;919,8;919,8;919,2;;19,8;19,1;20;19,7;19,2;19,1;96;96;96;70;6,4;1,7;
2026/01/12;0900 UTC;,4;920,3;920,3;919,8;26,1;19,6;19;19,8;19,5;19,1;18,9;96;96;96;86;7;2,6;
2026/01/12;1000 UTC;0;920,7;920,8;920,2;236,9;19,7;19,1;19,9;19,5;19,3;19;96;96;96;78;7,2;2,3;
2026/01/12;1100 UTC;0;920,9;921;920,7;374,5;20,8;19,5;20,9;19,5;20,1;18,9;96;92;92;58;7,7;2,2;
2026/01/12;1200 UTC;,4;921,2;921,2;920,9;443,1;20,7;19,6;21,7;20,3;19,8;18,9;94;88;94;91;7;2,2;
2026/01/12;1300 UTC;0;921;921,2;920,9;1643;24,2;19,5;24,7;20,7;21;19,2;94;74;75;91;7;1,9;
2026/01/12;1400 UTC;0;920,7;921;920,7;1576,8;25,2;18,4;25,8;22,9;20,4;17,9;79;63;66;74;7,8;2,8;
2026/01/12;1500 UTC;0;920,2;920,8;920,2;2052,7;26,7;18,5;27,7;24,8;19,9;18;71;59;61;100;8,5;2,3;
2026/01/12;1600 UTC;0;919,8;920,4;919,8;1586,4;26;19,8;28,2;23,6;20,4;18,1;79;59;68;108;8,1;1,7;
2026/01/12;1700 UTC;0;919,5;919,8;919,5;1123,8;25,6;18,9;27;23,7;19,9;17,9;73;60;67;103;9,1;2;
2026/01/12;1800 UTC;0;919;919,5;918,9;1128,3;25,3;17,5;26,8;24,1;18,8;17,1;68;59;62;85;8,6;3,4;
2026/01/12;1900 UTC;0;919,2;919,2;919;1202,7;24,8;16,6;27,2;24,3;18,5;16,5;64;57;61;84;10,1;2,2;
2026/01/12;2000 UTC;0;919,6;919,6;919,2;258,9;23,1;17,5;24,8;23,1;17,5;16,5;70;60;70;78;8;2,5;
2026/01/12;2100 UTC;0;920;920;919,6;43,2;21,4;17,7;23,1;21,4;17,8;17,1;80;70;80;79;7,9;2,5;
2026/01/12;2200 UTC;0;920,3;920,3;920;;20,6;17,8;21,4;20,6;17,8;17,6;84;80;84;80;8,1;2,3;
2026/01/12;2300 UTC;0;920,7;920,7;920,3;;20,3;18,4;20,6;20,3;18,4;17,8;89;84;89;87;6,8;1,9;
2026/01/13;0000 UTC;0;921,2;921,3;920,7;;20;18,7;20,3;20;18,9;18,4;92;89;92;81;6,7;2,1;
2026/01/13;0100 UTC;0;921,2;921,5;921,2;;19,6;18,2;20,1;19,6;18,8;18,2;92;92;92;77;9,1;2,8;
2026/01/13;0200 UTC;0;920,9;921,4;920,9;;19,8;18,7;19,8;19,6;18,7;18,4;94;92;94;92;9,1;1,5;
2026/01/13;0300 UTC;0;920,3;920,8;920,3;;19,5;18,6;19,8;19,4;18,7;18,5;95;93;95;77;8;2,1;
2026/01/13;0400 UTC;0;919,6;920,3;919,6;;19,4;18,5;19,5;19,2;18,7;18,4;95;95;95;83;6,1;1,7;
2026/01/13;0500 UTC;0;918,9;919,6;918,9;0;19,3;18,5;19,4;19,2;18,6;18,3;95;95;95;85;7,6;1,9;
2026/01/13;0600 UTC;0;919;919;918,8;;19,4;18,6;19,4;19,2;18,6;18,4;95;95;95;111;7,3;1,9;
2026/01/13;0700 UTC;0;918,6;919;918,6;;19,3;18,6;19,4;19,2;18,6;18,4;96;95;95;131;8,9;2,2;
2026/01/13;0800 UTC;0;918,9;918,9;918,6;;19,1;18,4;19,3;19;18,6;18,3;96;95;96;113;9,1;2,2;
2026/01/13;0900 UTC;0;919,5;919,5;918,9;28;19;18,3;19,2;19;18,5;18,3;96;96;96;84;10;2,3;
2026/01/13;1000 UTC;0;920;920;919,4;214,2;19,6;18,1;19,7;19;18,7;18,1;96;91;91;90;8,5;2,4;
2026/01/13;1100 UTC;0;920,6;920,6;920;391,7;21,9;17,7;21,9;19,6;18,5;17,3;91;76;77;76;8,5;3,1;
2026/01/13;1200 UTC;0;921;921,1;920,6;901,3;24;16,7;24;21,6;18,4;16,4;78;64;64;82;9,2;2,5;
2026/01/13;1300 UTC;0;920,9;921;920,7;1894,2;24,4;15,9;25,3;23,2;17,3;15,6;66;57;59;74;9,3;2,9;
2026/01/13;1400 UTC;0;920,2;920,9;920,2;2032,7;26;16,8;26,5;24;16,9;15,3;62;52;57;64;9,5;3,3;
2026/01/13;1500 UTC;0;919,6;920,3;919,5;2858,4;26,8;15,4;27,8;25,5;16,5;14,3;57;45;50;77;9,1;3,3;
2026/01/13;1600 UTC;0;919,2;919,6;919,2;2556,3;27,3;15,4;28,2;26,3;15,8;14,1;51;46;48;66;9,1;3;
2026/01/13;1700 UTC;0;918,7;919,3;918,7;1908,6;27,3;15;28,4;25,7;16,8;14,7;53;44;47;88;8,7;2,7;
2026/01/13;1800 UTC;0;918,6;918,8;918,6;1357,8;26,6;14,5;27,5;26,3;15,7;14;50;46;48;100;8,4;2,2;
2026/01/13;1900 UTC;0;918,6;918,7;918,5;978,1;24,7;15,7;27,1;24,7;16,1;15,3;57;48;57;71;9;2,8;
2026/01/13;2000 UTC;0;919,3;919,3;918,6;408,4;23,6;16,6;24,9;23,6;16,7;15,5;65;57;65;79;7,6;2,4;
2026/01/13;2100 UTC;0;920;920;919,3;51;21,4;17,4;23,6;21,4;17,7;16,3;79;65;78;110;7,8;1,8;
2026/01/13;2200 UTC;0;920,4;920,4;920;;20,6;17,8;21,4;20,4;17,8;17;84;78;84;77;6,8;1,3;
2026/01/13;2300 UTC;0;921;921;920,4;;20,2;18,1;20,6;20,2;18,1;17,6;87;84;87;79;6,2;1,5;
2026/01/14;0000 UTC;0;921,1;921,2;920,9;;19,9;18,5;20,2;19,9;18,6;18,1;92;87;92;81;6,6;1,4;
2026/01/14;0100 UTC;0;921,1;921,3;921;;19;17,4;20;19;18,6;17,4;92;90;90;84;6,6;1,2;
2026/01/14;0200 UTC;0;920,6;921,1;920,6;;19,2;17,7;19,3;19;17,7;17,4;91;89;91;74;4,6;1,6;
2026/01/14;0300 UTC;0;919,7;920,6;919,7;;19,2;18,3;19,3;19,2;18,3;17,7;94;91;94;85;6,2;1,6;
2026/01/14;0400 UTC;0;919;919,8;919;;18,8;18;19,3;18,8;18,3;18;95;94;95;69;7,4;2,1;
2026/01/14;0500 UTC;0;918,6;919;918,6;;18,9;18,2;18,9;18,7;18,3;18;96;95;96;82;6,8;1,9;
2026/01/14;0600 UTC;0;918,5;918,6;918,4;;18,7;17,9;18,9;18,5;18,2;17,8;96;95;95;89;6,9;1,7;
2026/01/14;0700 UTC;0;918,3;918,5;918,2;;18,6;17,9;18,9;18,6;18,1;17,8;96;95;96;84;7,6;2,2;
2026/01/14;0800 UTC;0;918,7;918,7;918,3;;18,8;18,2;18,8;18,5;18,2;17,8;96;96;96;81;6,8;2;
2026/01/14;0900 UTC;0;919,4;919,4;918,6;21,4;18,6;18;18,8;18,6;18,3;18;97;96;97;74;7,9;2,9;
2026/01/14;1000 UTC;0;920;920;919,4;204,2;19;18,5;19,1;18,6;18,5;18,1;97;96;96;84;7,7;2,4;
2026/01/14;1100 UTC;0;920,4;920,5;920;315,6;19,6;18,7;19,7;19;18,9;18,4;96;94;95;74;6,9;1,6;
2026/01/14;1200 UTC;,2;921,1;921,1;920,5;452,4;19,9;18,8;20,4;19,6;19,4;18,5;95;93;94;85;6,1;1,7;
2026/01/14;1300 UTC;0;921,1;921,2;921,1;1116;21,6;20,4;21,7;19,1;20,8;18,1;96;93;93;70;6,4;2;
2026/01/14;1400 UTC;0;920,7;921,1;920,7;1660,8;24,9;18,5;25,5;21,1;20,1;18;93;68;68;76;6,3;1,6;
2026/01/14;1500 UTC;0;920,1;920,7;920;2380,2;25,6;17,4;28,3;23,8;19,7;16,8;72;53;61;72;5,7;2,2;
2026/01/14;1600 UTC;0;919,4;920,1;919,4;1865,4;28,4;17,8;28,6;24,7;19,2;16,6;63;53;53;84;7,1;1,6;
2026/01/14;1700 UTC;,2;918,7;919,4;918,7;1730,7;28;18,5;28,8;25,3;19,1;16,7;62;52;56;123;7,1;2,3;
2026/01/14;1800 UTC;0;918,4;918,7;918,4;1806,6;27,1;17,8;28;26,1;18,8;17,6;61;55;57;107;7,3;2,1;
2026/01/14;1900 UTC;0;918,3;918,4;918,2;1250,4;26;17,3;27,1;26;18,7;17,3;62;57;59;123;7,2;2,2;
2026/01/14;2000 UTC;0;918,5;918,5;918,2;475,7;24,3;16,9;26,1;24,3;17,6;16,8;64;58;63;124;7;2,4;
2026/01/14;2100 UTC;0;919,1;919,1;918,5;96,8;22,1;16,9;24,2;22,1;17;16,8;72;63;72;136;9,4;3,6;
2026/01/14;2200 UTC;0;919,5;919,6;919;;21;17,2;22,1;21;17,2;16,8;79;72;79;143;10;4,3;
2026/01/14;2300 UTC;0;920,1;920,1;919,5;;20,2;17,9;21;20,2;17,9;17,2;87;79;87;144;10;3,9;
2026/01/15;0000 UTC;0;920,7;920,7;920,1;;19,5;17,9;20,2;19,5;18,3;17,9;90;87;90;129;10,2;3,4;
2026/01/15;0100 UTC;0;920,8;920,9;920,7;;19,3;18,1;19,5;19,3;18,2;17,9;92;90;92;130;10;2,6;
2026/01/15;0200 UTC;0;920,1;920,7;920,1;;19,3;18,3;19,4;19,2;18,3;18;94;92;94;110;8,9;2,3;
2026/01/15;0300 UTC;0;919,2;920,1;919,2;;19,4;18,4;19,4;19,2;18,4;18,3;94;94;94;108;10,5;1,5;
2026/01/15;0400 UTC;0;918,6;919,2;918,6;;19,4;18,5;19,5;19,4;18,6;18,3;95;94;95;98;6,1;2;
2026/01/15;0500 UTC;0;918,5;918,6;918,4;;19,5;18,7;19,5;19,4;18,7;18,5;95;95;95;77;6,1;1,3;
2026/01/15;0600 UTC;0;918,4;918,5;918,3;;19,3;18,5;19,5;19,3;18,7;18,5;95;95;95;73;5,5;1,1;
2026/01/15;0700 UTC;0;918,3;918,4;918,3;;19,1;18,4;19,3;19,1;18,5;18,3;96;95;96;80;6,3;2,1;
2026/01/15;0800 UTC;0;919;919;918,3;;18,7;18,1;19,1;18,7;18,5;18,1;96;96;96;98;6,3;1,2;
2026/01/15;0900 UTC;0;919,7;919,7;919;33,2;18,5;18;18,7;18,4;18,1;17,8;97;96;97;106;5,6;1,1;
2026/01/15;1000 UTC;0;920,5;920,5;919,7;206,5;18,8;18,2;19;18,5;18,5;17,9;97;97;97;131;8,2;2,9;
2026/01/15;1100 UTC;,2;920,9;920,9;920,5;516,7;19,2;18,6;19,5;18,7;19;18,1;97;97;97;154;8,2;3,2;
2026/01/15;1200 UTC;,8;921,5;921,5;920,9;804;19,6;19;20,1;19,2;19,5;18,7;97;96;96;146;7,1;2,9;
2026/01/15;1300 UTC;,4;921,6;921,7;921,4;1221,6;20,3;19,7;20,9;19,6;20,3;19;96;96;96;138;6,7;2,3;
2026/01/15;1400 UTC;,2;921,3;921,7;921,3;1199,6;20,3;19,4;20,8;19,7;20,2;19;96;94;95;113;7;2,7;
2026/01/15;1500 UTC;0;920,5;921,3;920,5;2403,9;24,4;19,2;24,9;20,2;21,4;18,8;96;71;73;110;7,9;2,1;
2026/01/15;1600 UTC;0;919,8;920,5;919,8;2484,3;25,9;18,1;26,7;23,6;20,3;18,1;76;62;62;106;6,3;1,9;
2026/01/15;1700 UTC;0;919,3;919,8;919,2;2269,5;27,6;18,1;27,9;25,8;19,7;17,7;66;56;56;109;7,3;2,1;
2026/01/15;1800 UTC;0;918,7;919,3;918,7;1818,3;27,3;18,4;27,8;26,6;18,8;17,3;59;55;58;113;5,8;1,4;
2026/01/15;1900 UTC;0;918,4;918,7;918,4;1327,2;26,4;17,7;27,4;25,9;18,5;17,4;60;56;59;106;6,6;1,6;
2026/01/15;2000 UTC;0;918,6;918,6;918,4;399,1;24,4;18,8;26,3;24,4;18,9;17,4;71;59;71;107;9,4;1,9;
2026/01/15;2100 UTC;0;919,1;919,1;918,6;63,2;22,6;19,4;24,4;22,6;19,4;18,6;82;71;82;112;7,9;2,4;
2026/01/15;2200 UTC;0;919,5;919,5;919,1;;21,4;19,4;22,6;21,3;19,4;19,3;88;82;88;131;8,4;3;
2026/01/15;2300 UTC;0;920,2;920,2;919,5;;20,5;19;21,4;20,5;19,4;18,9;91;88;91;130;10;3,6;
2026/01/16;0000 UTC;0;920,6;920,8;920,2;;19,6;18,4;20,5;19,6;19;18,3;93;91;93;127;10,8;4,3;
2026/01/16;0100 UTC;0;920,7;920,7;920,6;;19,3;18,4;19,6;19,3;18,5;18,3;94;93;94;130;10,3;3,6;
2026/01/16;0200 UTC;0;920,2;920,7;920,2;;19,2;18,4;19,3;19,1;18,4;18,2;95;94;95;130;9,2;2,8;
2026/01/16;0300 UTC;0;919,8;920,2;919,8;;19,9;19,1;19,9;19,2;19,1;18,5;95;95;95;106;8,1;1,7;
2026/01/16;0400 UTC;0;919;919,8;919;;19,6;18,9;19,9;19,5;19,1;18,8;96;95;96;81;5,8;1,2;
2026/01/16;0500 UTC;0;919;919;918,9;;19,6;18,9;19,6;19,4;18,9;18,7;96;96;96;90;6,2;1,3;
2026/01/16;0600 UTC;0;918,8;919;918,8;;19,2;18,5;19,6;19,2;18,9;18,5;96;96;96;94;5,3;1,4;
2026/01/16;0700 UTC;0;919;919;918,8;;19;18,2;19,3;19;18,5;18,2;96;95;95;120;5,6;2,2;
2026/01/16;0800 UTC;0;919,1;919,2;918,9;;18,8;18,1;19,1;18,8;18,3;18,1;96;95;95;81;6,1;1,2;
2026/01/16;0900 UTC;0;919,5;919,6;919,1;49,9;19,2;18,5;19,2;18,8;18,5;18,1;96;95;96;107;8,2;1,4;
2026/01/16;1000 UTC;0;920,2;920,2;919,5;277,6;20;18,4;20,3;19,1;19,1;18,2;96;90;90;85;4,4;1,2;
2026/01/16;1100 UTC;0;920,7;920,8;920,2;460,9;21,5;18,3;21,7;20,1;18,8;18;90;80;82;81;5,8;1,6;
2026/01/16;1200 UTC;0;921;921;920,7;1014,3;23,1;16,8;24,5;21,5;19,2;16,8;83;66;68;69;5,4;2,1;
2026/01/16;1300 UTC;0;920,9;921;920,8;1452,9;25,9;16,9;25,9;22,9;18,1;16,7;70;58;58;77;6,8;2,2;
2026/01/16;1400 UTC;0;920,5;920,9;920,5;2068,6;25,9;16,7;27,7;25,4;17,7;15,4;58;50;57;77;6,5;1,8;
2026/01/16;1500 UTC;0;920;920,5;920;2308;27,7;18,2;28,5;25,8;18,8;16,4;62;52;56;71;6,9;2,2;
2026/01/16;1600 UTC;0;919,2;920;919,2;2634,8;27,4;18,1;30;26,8;18,4;16,5;57;47;57;91;5,8;2;
2026/01/16;1700 UTC;0;918,6;919,2;918,6;2124,8;28,4;17,7;29,2;25,9;19,4;17,1;61;51;52;103;6,5;2,1;
2026/01/16;1800 UTC;0;918,3;918,6;918,3;1272,3;25,8;18,7;29;25,5;19;16,9;66;51;65;114;8,2;2;
2026/01/16;1900 UTC;0;918,3;918,4;918,3;680,8;23,9;18,8;25,8;23,5;18,9;18,1;74;65;73;122;9,6;2,2;
2026/01/16;2000 UTC;0;918,3;918,3;918,2;301,9;23,2;18,6;24;23,2;19,2;18,4;76;72;75;101;9,2;1,9;
2026/01/16;2100 UTC;0;918,4;918,5;918,2;37,5;21,8;18;23,2;21,8;18,6;18;79;75;79;132;7,5;3;
2026/01/16;2200 UTC;0;918,9;918,9;918,4;;21,3;18,5;21,8;21,2;18,5;18;84;79;84;84;7,9;1,8;
2026/01/16;2300 UTC;0;920,1;920,1;918,9;;20,9;18,6;21,3;20,9;18,7;18,5;87;84;87;81;6,5;2,2;
2026/01/17;0000 UTC;0;920,5;920,6;920,1;;20,1;18,2;20,9;20,1;18,5;17,9;89;86;89;69;6,6;1,9;
2026/01/17;0100 UTC;0;920,4;920,7;920,4;;19,4;18;20,1;19,4;18,4;18;92;89;92;85;6;1,2;
2026/01/17;0200 UTC;0;919,7;920,4;919,6;;19,4;18,2;19,4;19,3;18,2;17,9;93;91;93;75;5,9;1,6;
2026/01/17;0300 UTC;0;919,1;919,7;919,1;;19,1;18,3;19,4;19;18,4;18,2;95;93;95;62;5;1,7;
2026/01/17;0400 UTC;0;918,5;919,1;918,5;;18,9;18,3;19,1;18,9;18,4;18,2;96;95;96;64;4,4;2,1;
2026/01/17;0500 UTC;0;918,2;918,5;918,2;;18,9;18,3;19;18,8;18,4;18,2;96;96;96;76;4,8;1,6;
2026/01/17;0600 UTC;0;918;918,2;917,9;;19;18,4;19;18,8;18,4;18,2;96;96;96;59;5,5;1,8;
2026/01/17;0700 UTC;0;918,5;918,5;918;;19,1;18,5;19,2;18,9;18,6;18,3;96;96;96;65;3,6;1,3;
2026/01/17;0800 UTC;0;918,5;918,6;918,3;;19;18,4;19,2;18,9;18,6;18,3;96;96;96;83;5,9;2,1;
2026/01/17;0900 UTC;0;919,2;919,2;918,5;44;19,4;18,5;19,4;18,8;18,6;18,2;96;95;95;80;6,9;1,9;
2026/01/17;1000 UTC;0;919,9;919,9;919,2;235;20,2;18,6;20,3;19,2;19;18,3;95;90;90;66;5,9;2;
2026/01/17;1100 UTC;0;920,6;920,6;919,9;393,8;20,4;17,8;21,1;20,1;18,6;17,8;90;85;85;57;6,4;2,9;
2026/01/17;1200 UTC;0;920,7;920,7;920,5;1092,5;23,9;17,4;24,3;20,4;18,6;17,2;86;67;67;61;6,4;2,7;
2026/01/17;1300 UTC;0;920,4;920,8;920,4;1885,1;24,9;16,2;25,9;22,7;18;16,2;71;57;58;48;8,3;2,9;
2026/01/17;1400 UTC;0;920,1;920,5;920;2206,5;26,1;15,1;27,1;24,3;16,8;14,4;62;48;51;61;8,3;2,9;
2026/01/17;1500 UTC;0;919,6;920,1;919,5;1821;27,5;17;27,5;25,3;17,2;14,8;57;48;53;43;7;2,9;
2026/01/17;1600 UTC;0;918,7;919,6;918,7;2034,5;28,2;15;28,4;25,9;16,7;14,3;54;44;45;60;7;1,7;
2026/01/17;1700 UTC;0;917,7;918,7;917,6;2551,1;28,6;15,9;29,3;27,7;16,6;14,5;49;42;46;65;6,5;2,1;
2026/01/17;1800 UTC;0;917,2;917,7;917,1;1757,9;27;16,2;28,6;27;17,3;15,8;53;46;52;57;7,4;2,5;
2026/01/17;1900 UTC;0;916,9;917,2;916,9;626,2;25,9;16,6;27;25,6;17,4;16,1;58;52;57;61;6,4;2,6;
2026/01/17;2000 UTC;0;917,3;917,3;916,9;363,5;24,7;16,4;26;24,7;16,9;16,4;61;56;60;66;5,4;2;
2026/01/17;2100 UTC;0;917,5;917,6;917,3;41,1;23;16,2;24,7;23;16,6;16,2;66;60;66;66;5,2;2,1;
2026/01/17;2200 UTC;0;918,1;918,1;917,5;;21,6;16,5;23;21,6;16,5;16;73;66;73;69;5,4;1,8;
2026/01/17;2300 UTC;0;918,6;918,6;918;;20,5;17;21,6;20,5;17,1;16,5;80;73;80;57;5,6;2,2;
2026/01/18;0000 UTC;0;919,1;919,1;918,5;;19,8;17,4;20,5;19,8;17,8;17;87;81;86;53;5,3;2,3;
2026/01/18;0100 UTC;0;919,3;919,4;919,1;;19,4;16,9;19,8;19,4;17,4;16,9;86;85;86;58;4,5;2,5;
2026/01/18;0200 UTC;0;919,3;919,5;919,3;;19;17,4;19,4;19;17,5;16,9;91;86;91;64;5,1;2,1;
2026/01/18;0300 UTC;0;918,8;919,3;918,7;;18,8;17,5;19;18,8;17,5;17,3;92;90;92;54;4,2;2,2;
2026/01/18;0400 UTC;0;918,4;918,8;918,4;;18,7;17,4;18,9;18,7;17,7;17,4;93;92;93;57;4,1;2,1;
2026/01/18;0500 UTC;0;917,9;918,4;917,9;;18,5;17,6;18,8;18,5;17,8;17,4;95;93;94;54;4,1;2,2;
2026/01/18;0600 UTC;0;917,9;918,1;917,8;;18,5;17,8;18,7;18,5;17,9;17,6;96;94;96;51;4,7;1,8;
2026/01/18;0700 UTC;0;917,8;918;917,8;;18,7;18,1;18,8;18,5;18,1;17,8;96;96;96;53;4,6;2,1;
2026/01/18;0800 UTC;0;918,6;918,6;917,8;;18,5;18;18,7;18,4;18,1;17,8;97;96;97;57;4;1,8;
2026/01/18;0900 UTC;0;919,1;919,1;918,6;41,9;19,2;18,2;19,2;18,3;18,3;17,7;97;94;94;66;3,9;1,8;
2026/01/18;1000 UTC;0;919,6;919,6;919,1;242,1;20,7;18,6;20,7;19,2;18,8;18,1;94;87;87;54;4,6;2,4;
2026/01/18;1100 UTC;0;919,8;919,8;919,6;489,8;21,8;18,4;22,4;20,6;19,1;18,1;88;78;81;40;6,9;3;
2026/01/18;1200 UTC;0;919,9;920;919,8;812,3;23,8;17,8;24,6;21,8;18,7;17,7;81;67;69;38;8;3,3;
2026/01/18;1300 UTC;0;919,7;920;919,7;1212,9;25,5;16,4;26,8;23,6;18,4;16,2;70;54;57;58;8,6;2,6;
2026/01/18;1400 UTC;0;919,4;919,8;919,4;2232,1;26,3;16,4;27,5;25,5;17,2;15,6;57;50;54;61;6,9;2,5;
2026/01/18;1500 UTC;0;918,9;919,4;918,8;2542,1;26,7;14,9;29,2;26,3;16,8;14,4;54;42;48;63;7,9;2,4;
2026/01/18;1600 UTC;0;918,2;918,9;918,2;2498,4;28,1;13;29,2;26,7;15,8;13;49;39;39;65;7,9;2,4;
2026/01/18;1700 UTC;0;917,4;918,2;917,4;2430;29,2;13,8;29,6;28,1;14,4;12,7;40;37;39;61;7,9;2,6;
2026/01/18;1800 UTC;0;916,9;917,5;916,9;1888,2;28,5;14;29,4;28,2;14,3;12,9;42;37;41;58;7,8;2,1;
2026/01/18;1900 UTC;0;917;917,1;916,9;1097,1;26,5;16,4;28,5;26,4;16,4;14,1;54;41;54;76;8,4;2,8;
2026/01/18;2000 UTC;0;917,3;917,3;917;362,3;24,2;17,3;26,6;24,2;17,3;16,1;65;53;65;80;7,9;2,4;
2026/01/18;2100 UTC;0;917,7;917,7;917,3;39,4;22,2;18,1;24,2;22,2;18,1;17,3;77;65;77;69;7,9;2,1;
2026/01/18;2200 UTC;0;918,2;918,2;917,7;;21,1;18,6;22,2;21,1;18,6;18,2;86;77;86;71;6,8;1,9;
2026/01/18;2300 UTC;0;918,5;918,6;918,2;;20,7;18,7;21,1;20,7;18,9;18,6;89;86;88;66;6,4;2,3;
2026/01/19;0000 UTC;0;919,3;919,3;918,5;;20,3;18,6;20,7;20,2;18,8;18,5;90;88;90;60;6,7;2,1;
2026/01/19;0100 UTC;0;919,6;919,6;919,3;;19,9;17,8;20,4;19,8;18,6;17,8;90;88;88;60;5,1;2,7;
2026/01/19;0200 UTC;0;919,3;919,7;919,3;;19,6;17,9;19,9;19,4;18,1;17,8;91;88;90;56;4,7;2,3;
2026/01/19;0300 UTC;0;918,8;919,3;918,8;;19,4;17,9;19,8;19,4;18;17,7;91;88;91;47;4,6;1,5;
2026/01/19;0400 UTC;0;918,3;918,8;918,3;;19;18,1;19,4;19;18,1;17,9;94;91;94;46;4,2;1,8;
2026/01/19;0500 UTC;0;917,8;918,4;917,8;;19;18,4;19,2;19;18,5;18,1;96;94;96;47;4,9;2,1;
2026/01/19;0600 UTC;0;917,4;917,8;917,3;;18,7;18,1;19,1;18,6;18,4;18;96;96;96;47;4,9;2,2;
2026/01/19;0700 UTC;0;917,2;917,4;917,1;;18,9;18,3;18,9;18,6;18,3;18;96;96;96;51;4;2;
2026/01/19;0800 UTC;0;917,9;917,9;917,2;;19;18,5;19,1;18,9;18,5;18,4;97;96;97;46;5,5;2,1;
2026/01/19;0900 UTC;0;918,7;918,7;917,9;36,6;19,2;18,6;19,2;18,9;18,6;18,4;97;97;97;36;4,2;2,1;
2026/01/19;1000 UTC;0;919,4;919,4;918,6;254,6;20,2;19,6;20,3;19,1;19,7;18,6;97;96;96;43;4,7;2;
2026/01/19;1100 UTC;0;919,7;919,7;919,4;470,4;21,5;18,5;21,7;20,1;19,8;18,2;96;83;83;32;6,9;3,6;
2026/01/19;1200 UTC;0;920;920;919,6;1346,6;25,5;18,3;25,5;21,5;18,9;17,4;83;64;64;37;7,5;3,2;
2026/01/19;1300 UTC;0;919,9;920,2;919,9;1581,3;26;16,8;27,4;23,8;17,9;16,4;66;54;57;33;7,5;3,2;
2026/01/19;1400 UTC;0;919,5;919,9;919,5;2178,3;27,3;15,5;28,1;25,4;17,2;15,5;57;48;48;28;7,8;2,8;
2026/01/19;1500 UTC;0;918,6;919,5;918,6;2021,4;28;14,2;29,6;27,1;16,2;14,1;49;41;43;80;6,5;1,8;
2026/01/19;1600 UTC;0;917,8;918,6;917,8;2554,4;30,2;13,2;30,8;27,9;15,4;13;43;35;35;353;8,1;1,9;
2026/01/19;1700 UTC;0;917,2;917,8;917,2;935,9;28,6;14;30,5;28,5;14,2;12,8;41;35;41;49;5,4;2,2;
2026/01/19;1800 UTC;0;916,7;917,2;916,7;1165,7;28,1;15,3;30,8;28,1;15,3;13,3;46;36;46;51;8;2,4;
2026/01/19;1900 UTC;0;916,7;916,9;916,5;482,4;24,8;18,6;28,1;24,8;18,6;15,2;69;45;69;83;9;3,2;
2026/01/19;2000 UTC;0;917,1;917,1;916,6;370,7;24;19,1;24,8;24;19,7;18,6;76;69;74;66;9;2,2;
2026/01/19;2100 UTC;0;917,6;917,6;917,1;95,9;22,4;19;24;22,4;19,3;18,8;81;74;81;67;8,6;2,6;
2026/01/19;2200 UTC;0;918,2;918,2;917,5;;21,5;18,9;22,4;21,5;19,1;18,9;85;81;85;60;6,4;3;
2026/01/19;2300 UTC;0;918,5;918,5;918,2;;20,9;18,7;21,5;20,9;18,8;18,7;88;85;88;66;6,9;2,5;
2026/01/20;0000 UTC;0;919,1;919,4;918,5;;20,8;19,1;20,9;20,7;19,1;18,7;90;87;90;54;7;2,5;
2026/01/20;0100 UTC;0;920;920,1;919,1;;20,4;19,3;20,8;20,4;19,3;19,1;93;90;93;35;7,2;3,3;
2026/01/20;0200 UTC;0;919,7;920;919,7;;20,2;19;20,4;20,1;19,3;18,8;93;92;93;43;7,3;1,6;
2026/01/20;0300 UTC;0;919,1;919,7;919,1;;20,3;19,3;20,3;20,2;19,4;19;94;93;94;40;6,5;2;
2026/01/20;0400 UTC;0;918,7;919,1;918,7;;20;19,3;20,3;20;19,4;19,2;96;94;96;40;6,7;2,3;
2026/01/20;0500 UTC;0;918,1;918,7;918,1;;20;19,3;20;19,9;19,4;19,3;96;96;96;38;5,8;1,7;
2026/01/20;0600 UTC;0;917,9;918,1;917,8;;19,9;19,3;20;19,9;19,4;19,3;97;96;97;39;6,7;2,7;
2026/01/20;0700 UTC;0;918;918;917,7;;19,8;19,3;19,9;19,8;19,3;19,3;97;97;97;42;6;2;
2026/01/20;0800 UTC;0;918,2;918,2;917,7;;19,7;19,2;19,8;19,7;19,3;19,1;97;97;97;33;6;2,6;
2026/01/20;0900 UTC;0;918,7;918,7;918,2;6,8;19,8;19,3;19,8;19,7;19,3;19,1;97;97;97;32;5,2;2,2;
2026/01/20;1000 UTC;0;919,3;919,3;918,7;112,7;19,7;19,2;20;19,6;19,5;19,2;97;97;97;39;5,1;2,2;
2026/01/20;1100 UTC;0;919,9;920;919,3;187,7;21,1;19,6;21,1;19,6;20;19,2;97;91;91;38;7,3;2,8;
2026/01/20;1200 UTC;0;920;920,1;919,9;441,7;22,2;18,8;22,2;21,1;19,5;18,7;91;81;81;30;8,4;3,7;
2026/01/20;1300 UTC;0;919,9;920,1;919,9;752,2;23,5;18,2;23,7;22,2;18,9;18,2;81;72;72;38;6,7;2,9;
2026/01/20;1400 UTC;0;919,6;920;919,6;948,1;24,4;18,1;24,4;23,4;18,8;18;73;68;68;29;7,9;3,6;
2026/01/20;1500 UTC;0;919,1;919,6;919,1;1142,3;25;17,3;25,9;24,3;18,5;17,3;68;62;62;38;7,9;2,7;
2026/01/20;1600 UTC;0;918,6;919,1;918,6;1315,1;25,5;17,1;25,9;24,7;19;17,1;68;60;60;32;7,9;3,6;
2026/01/20;1700 UTC;0;917,9;918,6;917,9;1192,9;25,9;17,9;26,3;25,1;18;16;63;54;61;39;9,2;3;
2026/01/20;1800 UTC;0;917,3;917,9;917,3;727,6;24,9;18,1;26,4;24,8;18,5;17,7;66;61;66;77;6,4;1,8;
2026/01/20;1900 UTC;0;917,1;917,3;917,1;574,7;24,6;18,3;25,3;24,5;18,4;17,8;68;64;68;71;5,1;1,8;
2026/01/20;2000 UTC;0;917,3;917,3;917;240,4;23,5;18,6;24,5;23,5;18,6;18,2;74;68;74;68;4,9;1,8;
2026/01/20;2100 UTC;0;918;918;917,3;54,7;22,2;18,8;23,5;22,2;18,8;18,3;81;74;81;86;6,2;1,7;
2026/01/20;2200 UTC;0;918,9;918,9;918;;21,2;19,1;22,2;21,2;19,3;18,8;88;81;88;80;5,7;1,9;
2026/01/20;2300 UTC;0;919,3;919,3;918,9;;20,5;19,1;21,2;20,5;19,1;18,8;92;87;92;82;6,9;2,3;
2026/01/21;0000 UTC;0;919,5;919,6;919,2;;20,1;18,3;20,5;20;19,2;18,3;93;89;89;88;6,5;2,3;
2026/01/21;0100 UTC;0;919,7;919,8;919,5;;19,8;18,7;20,1;19,8;18,8;18,3;94;89;94;74;6,5;2,3;
2026/01/21;0200 UTC;0;919,5;919,7;919,5;;19,3;18;19,8;19,3;18,7;18;94;92;92;65;5;1,7;
2026/01/21;0300 UTC;0;919,1;919,6;919,1;;19,2;18,2;19,3;19,1;18,2;17,7;94;91;94;73;4,9;1,7;
2026/01/21;0400 UTC;0;918,4;919,1;918,4;;19,2;18,5;19,3;19,2;18,5;18,2;95;94;95;67;5,4;2,2;
2026/01/21;0500 UTC;0;918,1;918,4;918,1;;19,3;18,6;19,3;19,2;18,7;18,5;96;95;96;81;5;1,9;
2026/01/21;0600 UTC;0;917,8;918,1;917,7;;19,2;18,6;19,3;19,2;18,7;18,5;96;96;96;65;6,8;2,2;
2026/01/21;0700 UTC;0;917,9;917,9;917,7;;19,3;18,6;19,3;18,9;18,6;18,3;96;96;96;83;4,9;1,8;
2026/01/21;0800 UTC;,2;918,2;918,2;917,8;;19,2;18,6;19,4;19,2;18,7;18,5;96;95;96;77;4,6;1,6;
2026/01/21;0900 UTC;,6;918,8;918,8;918,2;10,8;19,1;18,6;19,3;19;18,6;18,4;97;96;97;84;7,7;2,5;
2026/01/21;1000 UTC;0;919,5;919,5;918,8;128,7;19,3;18,7;19,3;19,1;18,8;18,6;97;96;97;64;7,7;2,5;
2026/01/21;1100 UTC;0;920,1;920,1;919,5;400,4;20,3;19,7;20,3;19,2;19,7;18,7;97;96;96;62;5,2;2,1;
2026/01/21;1200 UTC;0;920,5;920,5;920,1;645,9;22,3;18,8;22,3;20,1;19,8;18,5;96;81;81;69;7,3;2;
2026/01/21;1300 UTC;0;920,4;920,5;920,3;2078,8;24;18;24,4;22,3;20,3;17,4;85;67;69;66;7,3;2,5;
2026/01/21;1400 UTC;0;920;920,4;920;2308;25,5;18,1;26,4;24;18,2;15,6;69;52;63;74;6,8;2,7;
2026/01/21;1500 UTC;0;919,6;920,2;919,6;2417,8;25,4;17,5;26,4;24,3;18,6;17,2;67;59;62;58;7,3;2,8;
2026/01/21;1600 UTC;0;918,8;919,6;918,7;2524,7;27,5;17,1;27,6;25,2;18,4;16,5;63;53;53;77;6,9;1,7;
2026/01/21;1700 UTC;0;917,9;918,8;917,8;1474,4;25,2;16,5;27,6;24,9;17,6;16,2;60;52;59;58;6,4;2,3;
2026/01/21;1800 UTC;0;917,4;917,9;917,4;1148,4;26,3;17,3;27,3;25;18,1;16,6;63;55;58;76;5,4;2;
2026/01/21;1900 UTC;0;917,2;917,4;917,2;1081,9;25,2;16,6;27;25,2;17,5;15,6;59;53;59;63;6,9;3,1;
2026/01/21;2000 UTC;0;917,3;917,3;917,1;328,1;23,3;17,5;25,3;23,3;17,7;16,7;70;59;70;85;8,4;2,7;
2026/01/21;2100 UTC;0;917,8;917,9;917,3;62,3;22,1;17,2;23,3;22,1;17,5;17,2;74;69;74;72;7,2;1,9;
2026/01/21;2200 UTC;0;918,6;918,6;917,8;;21;18,4;22,1;21;18,4;17,1;85;73;85;66;5,7;2,6;
2026/01/21;2300 UTC;0;919;919;918,6;;20;18,5;21;20;18,6;18,4;91;85;91;80;7,2;2,9;
2026/01/22;0000 UTC;0;919,6;919,6;919;;19,4;18;20;19,4;18,5;18;92;91;92;85;7,4;2,3;
2026/01/22;0100 UTC;0;919,9;920;919,6;;19,2;18,1;19,5;19,2;18,1;18;93;91;93;85;6,4;2;
2026/01/22;0200 UTC;0;919,4;919,9;919,4;;19,2;18,4;19,3;19,1;18,4;18;95;93;95;73;5;1,9;
2026/01/22;0300 UTC;0;919,2;919,4;919,2;;19,2;18,2;19,2;18,8;18,4;18;95;94;94;85;5,4;1,6;
2026/01/22;0400 UTC;0;918,6;919,2;918,6;;18,9;18,1;19,4;18,8;18,4;18;95;93;95;72;5,4;1,7;
2026/01/22;0500 UTC;0;918,3;918,7;918,3;;18,9;18,1;19;18,8;18,2;17,9;95;94;95;66;4,8;1,6;
2026/01/22;0600 UTC;0;918;918,4;918;;18,7;18,1;18,9;18,6;18,2;18;96;95;96;80;5,5;1,7;
2026/01/22;0700 UTC;0;918,3;918,3;918;;18,4;17,6;18,8;18,4;18,1;17,6;96;95;95;92;5,2;1,6;
2026/01/22;0800 UTC;0;918,3;918,4;918,2;;18,4;17,5;18,5;18,3;17,6;17,4;95;94;95;100;4,5;1;
2026/01/22;0900 UTC;0;918,5;918,5;918,2;38,8;18,6;17,8;18,6;18,4;17,8;17,5;95;95;95;99;6,1;1,6;
2026/01/22;1000 UTC;0;919,3;919,3;918,5;261,7;19,8;18,2;19,9;18,6;18,5;17,8;95;90;90;74;6,1;1,5;
2026/01/22;1100 UTC;0;919,7;919,7;919,3;449,4;20,8;18,5;20,8;19,8;18,5;18;90;86;87;72;6,2;2,2;
2026/01/22;1200 UTC;0;920;920,1;919,6;1094,7;23,1;17,2;23,3;20,8;19,1;17,2;87;69;69;64;7,4;2,2;
2026/01/22;1300 UTC;0;919,8;920,1;919,8;2219,8;25,2;14,8;25,9;23,1;17,4;13,9;70;49;53;65;9,1;3;
2026/01/22;1400 UTC;0;919,6;919,9;919,5;2650,4;27,5;15,2;27,5;24,9;16;13,5;55;46;47;66;9;2,8;
2026/01/22;1500 UTC;0;918,8;919,6;918,8;2688,3;27,2;14,4;28;25,4;16;13,7;52;44;45;72;9;2,4;
2026/01/22;1600 UTC;0;918,3;918,8;918,2;2781,4;27,7;14,6;28,6;26,5;15,3;13,4;48;42;45;83;7,1;2,1;
2026/01/22;1700 UTC;0;917,7;918,3;917,6;2468,2;27,6;12,5;28,3;26,9;14,9;12,2;46;38;39;65;6,8;2,4;
2026/01/22;1800 UTC;0;917,2;917,7;917,2;1937,1;27,4;13,5;28,2;26,8;13,7;12,4;44;39;42;79;6,6;1,8;
2026/01/22;1900 UTC;0;917,1;917,3;916,9;1360,3;25,7;13,5;27,6;25,7;14;12,8;47;41;47;75;7,3;2,2;
2026/01/22;2000 UTC;0;917,5;917,5;917,1;306,4;24,1;14,4;25,7;24,1;14,4;13;55;46;55;80;7,6;2,3;
2026/01/22;2100 UTC;0;917,9;917,9;917,5;40,7;22,5;15,1;24,1;22,5;15,1;14,1;63;55;63;87;6,5;1,8;
2026/01/22;2200 UTC;0;918,4;918,4;917,9;;21,4;16,1;22,5;21,4;16,1;15;72;63;72;99;7,9;2,3;
2026/01/22;2300 UTC;0;918,9;918,9;918,4;;20,3;18,4;21,3;20,3;18,5;16,1;89;72;89;87;7,9;2,5;
2026/01/23;0000 UTC;0;919,3;919,4;918,9;;20;18,7;20,3;19,9;18,7;18,4;92;89;92;99;7,6;1,6;
2026/01/23;0100 UTC;0;919,7;919,7;919,3;;19,9;18,8;20;19,8;18,8;18,6;93;92;93;107;7,3;1,7;
2026/01/23;0200 UTC;0;919,5;919,9;919,5;;19,5;18,2;19,9;19,5;18,8;18,2;93;93;93;117;7,3;2,4;
2026/01/23;0300 UTC;0;919,2;919,5;919,2;;19;17,9;19,5;19;18,4;17,9;93;93;93;133;7,3;2,6;
2026/01/23;0400 UTC;0;918,8;919,2;918,8;;18,8;17,8;19,1;18,8;18;17,8;94;93;94;119;7,3;2,5;
2026/01/23;0500 UTC;0;918,3;918,8;918,2;;18,9;18;19;18,8;18,1;17,8;95;94;95;81;5,8;1,9;
2026/01/23;0600 UTC;0;918;918,4;918;;18,9;18;19;18,7;18,1;17,8;95;94;94;75;5,6;2,3;
2026/01/23;0700 UTC;0;918,2;918,2;918;;18,7;17,9;19;18,7;18,1;17,9;95;94;95;76;6,8;2,7;
2026/01/23;0800 UTC;0;918,7;918,7;918,2;;18,9;18;19;18,7;18,2;17,9;95;95;95;83;7,2;2,7;
2026/01/23;0900 UTC;0;919,3;919,3;918,7;37;18,7;17,7;19;18,5;18,2;17,6;95;94;94;75;7,5;1,8;
2026/01/23;1000 UTC;0;920;920;919,3;198,3;19,6;17,8;19,6;18,7;17,9;17,5;94;90;90;75;4,7;1,5;
2026/01/23;1100 UTC;0;920,4;920,4;920;370,2;21,9;17;22,1;19,5;18;16,8;90;74;74;97;7,4;1,4;
2026/01/23;1200 UTC;0;920,5;920,6;920,4;1094,4;24,6;14,8;25;21,3;17,6;14,7;76;54;54;63;5,7;2,3;
2026/01/23;1300 UTC;0;920,2;920,5;920,2;1891;24,5;15,5;26,5;23,5;16,4;14,8;60;52;57;58;6,4;2,6;
2026/01/23;1400 UTC;0;919,8;920,2;919,7;2156,4;27,8;14,7;27,9;24,4;16,3;14,1;59;45;45;83;7,1;2,7;
2026/01/23;1500 UTC;0;919,4;919,8;919,3;2333,2;27,9;15,5;28,4;26,3;15,6;13,3;49;43;47;93;8,1;2,1;
2026/01/23;1600 UTC;0;918,8;919,4;918,8;2735,8;29;14,7;29,6;27,8;16,4;12,8;48;39;42;85;7,5;2,3;
2026/01/23;1700 UTC;0;918,4;918,8;918,3;2370,6;27,8;12,7;29,6;27,2;14,8;12,7;43;38;39;66;8,1;2,6;
2026/01/23;1800 UTC;0;918,2;918,4;918,1;1784,6;28,6;14,1;29;26,5;15,1;12,7;47;39;41;117;7,6;1,7;
2026/01/23;1900 UTC;0;918,4;918,4;918,2;1307,4;27,2;13,5;28,8;26,8;14,2;12,9;45;39;43;117;5,4;1,7;
2026/01/23;2000 UTC;0;919;919;918,3;322,4;24,8;14,3;27,2;24,8;14,4;13,1;52;43;52;82;7,8;2;
2026/01/23;2100 UTC;0;919,4;919,5;919;47,1;22,9;16,3;24,8;22,9;16,3;14,3;66;52;66;85;7,2;2,3;
2026/01/23;2200 UTC;0;919,7;919,7;919,4;;21,7;16,7;22,9;21,7;16,8;16,2;73;66;73;88;8,1;2,7;
2026/01/23;2300 UTC;0;920;920;919,6;;20,6;17,2;21,7;20,5;17,2;16,7;81;73;81;105;8,3;3,3;
2026/01/24;0000 UTC;0;920,2;920,2;920;;19,6;17,6;20,6;19,6;17,6;17;88;81;88;133;9,1;4,5;
2026/01/24;0100 UTC;0;920,4;920,6;920,2;;19,4;18,3;19,6;19,3;18,3;17,6;93;88;93;81;10,5;2,2;
2026/01/24;0200 UTC;0;920,3;920,5;920,3;;19,2;18,1;19,4;19,2;18,3;18,1;94;93;94;83;7,3;1,9;
2026/01/24;0300 UTC;0;919,8;920,3;919,8;;18,9;18;19,2;18,9;18,3;18;95;94;95;134;7,9;4;
2026/01/24;0400 UTC;0;919,7;919,8;919,6;;18,5;17,7;18,9;18,5;18,1;17,7;95;95;95;133;8,5;2,6;
2026/01/24;0500 UTC;0;919;919,7;919;;18,7;18;18,8;18,5;18,1;17,7;96;95;96;144;7,6;3,9;
2026/01/24;0600 UTC;0;918,9;919,2;918,9;;18,7;17,9;18,8;18,7;18,1;17,8;96;95;95;91;8,1;1,3;
2026/01/24;0700 UTC;0;918,9;918,9;918,7;;18,6;17,8;18,8;18,4;17,9;17,5;95;94;95;95;5,6;1,4;
2026/01/24;0800 UTC;0;919,3;919,4;918,9;;18,4;17,7;18,7;18,4;18;17,6;96;95;95;87;6,2;1;
2026/01/24;0900 UTC;0;920,1;920,1;919,3;30;18,9;18,1;18,9;18,4;18,1;17,6;96;95;95;66;4,7;1,2;
2026/01/24;1000 UTC;0;920,7;920,7;920,1;204,9;20,3;18,2;20,5;18,8;18,6;17,8;95;87;87;74;4,6;1,4;
2026/01/24;1100 UTC;0;920,9;921;920,7;422,7;21,7;17,8;22,3;19,9;18,8;17,7;88;78;79;130;5,8;1,9;
2026/01/24;1200 UTC;0;921,3;921,3;920,9;1270,4;23,6;17,3;24,3;21,7;18,6;17;80;66;68;65;8,5;2,3;
2026/01/24;1300 UTC;0;921,1;921,4;921,1;2238,2;26;16,3;26,6;23,6;17,9;16,1;69;53;55;72;6,3;1,9;
2026/01/24;1400 UTC;0;920,7;921,2;920,7;2478,4;26,7;15,9;28;25,4;17,8;15,2;59;48;51;58;6,3;1,9;
2026/01/24;1500 UTC;0;920,2;920,8;920,2;2632,3;27,6;14,4;29,6;26,5;18;14,4;52;44;45;138;7,4;1,7;
2026/01/24;1600 UTC;0;919,7;920,3;919,7;2150,8;27,9;13,7;29,9;26,5;15,3;13,1;47;37;42;89;6,2;1,7;
2026/01/24;1700 UTC;0;919;919,7;918,9;2146,6;27,3;14,2;30,5;27,3;15,3;12,6;45;35;45;55;6,8;2,6;
2026/01/24;1800 UTC;0;918,7;919;918,7;1689,5;27,9;14,3;29,3;27,1;15,7;13,7;47;40;43;78;6;1,9;
2026/01/24;1900 UTC;0;918,6;918,7;918,5;1416,7;27;16;29;27;16,5;14,1;51;42;51;74;7,1;1,8;
2026/01/24;2000 UTC;0;918,9;918,9;918,6;321,1;25,2;17,1;27;25,2;17,1;16,2;61;51;61;82;6,2;2,4;
2026/01/24;2100 UTC;0;919,7;919,7;918,9;35,3;23,3;17,9;25,2;23,3;17,9;17,2;71;61;71;82;7,7;2,6;
2026/01/24;2200 UTC;0;920,2;920,2;919,6;;22;18,1;23,3;22;18,2;17,9;79;71;79;80;8,8;2,6;
2026/01/24;2300 UTC;0;920,8;920,8;920,2;;21,1;18,6;22;21,1;18,6;18,1;86;79;86;77;8;2,3;
2026/01/25;0000 UTC;0;921,6;921,6;920,8;;20,4;18,4;21,1;20,4;18,7;18,3;89;86;89;73;7;2,6;
2026/01/25;0100 UTC;0;921,3;921,8;921,3;;20;18,8;20,4;20;18,8;18,4;93;89;93;73;6,8;2,1;
2026/01/25;0200 UTC;0;921,3;921,5;921,3;;20,1;19;20,1;19,9;19;18,8;94;93;93;85;5,9;1,6;
2026/01/25;0300 UTC;0;921,1;921,4;921,1;;20;19;20,2;19,9;19,1;18,9;94;93;94;80;5,8;1,2;
2026/01/25;0400 UTC;0;921,1;921,2;921;;19,7;18,9;20;19,7;19,1;18,8;95;94;95;70;5,3;1,7;
2026/01/25;0500 UTC;0;920,5;921,1;920,5;;19,5;18,7;19,8;19,5;18,9;18,5;95;94;95;78;6,6;2,2;
2026/01/25;0600 UTC;0;920,5;920,5;920,3;;19,4;18,8;19,6;19,4;18,8;18,7;96;95;96;61;6,3;2,1;
2026/01/25;0700 UTC;0;920,5;920,5;920,4;;19,1;18,4;19,4;19;18,7;18,4;96;96;96;75;6,7;2,3;
2026/01/25;0800 UTC;0;920,9;920,9;920,5;;19,1;18,3;19,1;18,9;18,4;18,1;96;95;95;83;6,4;1,9;
2026/01/25;0900 UTC;0;921,3;921,3;920,9;25,4;19,2;18,5;19,3;19;18,5;18,2;96;95;96;64;6,2;2,1;
2026/01/25;1000 UTC;0;921,7;921,7;921,3;179;19,9;18,8;20;19,2;19,1;18,5;96;93;93;56;7,2;2,4;
2026/01/25;1100 UTC;0;922;922,1;921,7;389,2;22,6;18,7;22,8;19,9;19,4;18,7;93;79;79;66;7,2;2,2;
2026/01/25;1200 UTC;0;922,1;922,1;921,9;1199;23,6;18,2;24,4;22,1;19,6;17,9;81;69;72;63;5,9;3,1;
2026/01/25;1300 UTC;0;922;922,1;921,9;1371,2;24;18,6;25,4;23,6;19,1;18;72;67;72;78;6,2;2,7;
2026/01/25;1400 UTC;0;921,7;922;921,6;1996,8;24,2;18,8;26,6;23,7;19,9;18,2;73;63;72;88;8;2,7;
2026/01/25;1500 UTC;0;921,1;921,7;921,1;1768,7;25,3;17,8;26,6;23,6;19;17,8;74;61;63;90;7,4;2,4;
2026/01/25;1600 UTC;0;920,3;921,1;920,3;2567,9;28,6;18,8;29,2;25,3;19,4;17,7;64;54;56;120;6,5;2,4;
2026/01/25;1700 UTC;0;919,4;920,3;919,4;2376,7;28,4;18,8;28,9;26,9;19,3;17,4;59;53;56;140;7,5;2,1;
2026/01/25;1800 UTC;0;918,9;919,4;918,9;1814;26,5;18,4;28,5;25,8;19,5;18,1;65;55;61;153;10,4;3,6;
2026/01/25;1900 UTC;0;919,1;919,1;918,8;1095,4;25,5;18,6;27,1;25,3;19,3;18,1;66;61;66;121;10,4;1,8;
2026/01/25;2000 UTC;0;919,4;919,4;919,1;225;23,9;18,5;25,6;23,9;18,8;18,1;72;65;72;122;9,6;2,9;
2026/01/25;2100 UTC;0;919,8;919,8;919,4;45,2;22,6;19,1;23,9;22,6;19,1;18,5;81;72;81;115;9,6;1,8;
2026/01/25;2200 UTC;0;920,5;920,5;919,8;;21,9;19,3;22,7;21,9;19,4;19,1;85;81;85;88;8,4;2;
2026/01/25;2300 UTC;0;921,2;921,2;920,5;;21,2;19;21,9;21,2;19,3;18,9;87;85;87;75;6,4;2,5;
2026/01/26;0000 UTC;0;921,8;921,8;921,2;;20,2;18,8;21,2;20,2;19;18,5;92;87;92;71;6,8;2,1;
2026/01/26;0100 UTC;0;921,8;921,9;921,7;;19,9;19;20,3;19,9;19;18,8;94;92;94;64;6,9;2,1;
2026/01/26;0200 UTC;0;921,3;921,8;921,3;;19,8;18,8;19,9;19,7;19,1;18,8;95;94;94;76;5,2;1,7;
2026/01/26;0300 UTC;0;920,8;921,3;920,8;;19,7;18,9;19,9;19,7;19;18,7;95;93;95;77;5;1,8;
2026/01/26;0400 UTC;0;920,2;920,8;920,2;;19,6;18,8;19,7;19,5;18,9;18,7;95;95;95;104;6,1;1,4;
2026/01/26;0500 UTC;0;920;920,2;920;;19,8;18,8;19,9;19,6;18,9;18,7;95;94;94;87;6;2,2;
2026/01/26;0600 UTC;0;919,8;920,1;919,8;;19,7;18,9;19,8;19,7;19;18,7;95;94;95;64;6,5;1,7;
2026/01/26;0700 UTC;0;920,2;920,2;919,7;;19,7;18,8;19,7;19,6;19;18,7;95;95;95;81;5;1,3;
2026/01/26;0800 UTC;0;920,6;920,6;920,1;;19,5;18,6;19,7;19,5;18,8;18,6;95;95;95;73;5;1,8;
2026/01/26;0900 UTC;0;921,1;921,1;920,6;22,3;19,5;18,8;19,6;19,4;18,8;18,5;96;95;96;60;4,8;1,1;
2026/01/26;1000 UTC;0;921,6;921,6;921,1;212,5;20,5;19,2;20,5;19,5;19,3;18,8;96;92;92;67;6,1;1,9;
2026/01/26;1100 UTC;0;922,4;922,4;921,6;452,6;21,8;18,6;22;20,3;19,2;18,2;92;81;82;69;6,1;2;
2026/01/26;1200 UTC;0;922,4;922,6;922,4;1063,2;24,2;18,4;24,5;21,8;19,2;17,9;82;69;70;81;5,8;1,6;
2026/01/26;1300 UTC;0;922;922,4;922;1501,2;25,5;19,2;26,4;24,1;19,4;17,7;71;62;68;109;6;1,9;
2026/01/26;1400 UTC;0;921,6;922;921,5;2131,7;27,6;18,6;28,4;25;19,1;16,5;68;52;58;106;7,4;1,7;
2026/01/26;1500 UTC;0;921;921,6;920,9;2093,1;26,4;17;29,4;26,3;19,1;16,4;58;50;56;73;7,2;2,5;
2026/01/26;1600 UTC;0;920,5;921;920,4;2213,9;27,2;17,7;30;26,4;18,5;16,6;57;48;56;97;6,7;1,7;
2026/01/26;1700 UTC;0;919,9;920,5;919,9;1116,4;28,7;17,5;28,8;26;18,2;16,8;61;51;51;121;6,4;1,5;
2026/01/26;1800 UTC;0;919,4;920;919,4;1334,8;28,2;17,7;28,8;25,6;18,9;16,5;60;50;53;93;7,7;2,5;
2026/01/26;1900 UTC;0;919,6;919,6;919,3;1514,3;26,3;18,1;29,3;26,2;18,7;17,6;61;52;61;79;8,3;2,6;
2026/01/26;2000 UTC;0;919,6;919,7;919,4;358,1;24,1;18,1;26,2;24,1;18,3;17,8;69;61;69;88;8,7;2,7;
2026/01/26;2100 UTC;0;920;920;919,6;54,5;22,6;18,2;24,1;22,6;18,6;18,1;76;69;76;104;7,9;2,2;
2026/01/26;2200 UTC;0;920,5;920,5;919,9;;21,6;18,6;22,6;21,6;18,6;18,2;83;76;83;106;8,8;2,3;
2026/01/26;2300 UTC;0;921,2;921,2;920,5;;20,9;19;21,6;20,9;19;18,6;89;83;89;114;8,8;1,7;
2026/01/27;0000 UTC;0;921,7;921,7;921,2;;20,6;19,3;20,9;20,6;19,3;18,9;92;89;92;94;6,8;1,6;
2026/01/27;0100 UTC;0;921,8;921,9;921,6;;20,2;18,8;20,6;20,2;19,4;18,8;93;92;92;88;7,3;1,8;
2026/01/27;0200 UTC;0;921,1;921,8;921,1;;20,2;19,1;20,3;20,1;19,1;18,8;93;92;93;89;5,9;1,6;
2026/01/27;0300 UTC;0;920,4;921,1;920,4;;20;19;20,3;20;19,3;19;94;93;94;84;6,9;2,1;
2026/01/27;0400 UTC;0;920;920,4;920;;19,8;19,1;20,1;19,8;19,2;19;96;94;96;73;7,1;3,1;
2026/01/27;0500 UTC;0;920,1;920,3;920;;19,6;18,8;19,9;19,6;19,2;18,8;96;95;95;80;7,6;2,2;
2026/01/27;0600 UTC;0;919,7;920,1;919,7;;19,6;18,8;19,8;19,5;18,9;18,7;95;95;95;72;5,3;1,6;
2026/01/27;0700 UTC;0;919,9;920;919,6;;19,6;18,7;19,7;19,5;18,9;18,6;95;95;95;76;6,1;2,1;
2026/01/27;0800 UTC;0;920,5;920,5;919,9;;19,3;18,6;19,7;19,3;18,8;18,5;95;94;95;64;6,5;1,8;
2026/01/27;0900 UTC;0;921,2;921,2;920,4;37,9;19,4;18,8;19,4;19,3;18,8;18,6;96;95;96;72;4,8;1,6;
2026/01/27;1000 UTC;0;921,7;921,7;921,2;227,8;20,5;19,2;20,5;19,4;19,4;18,8;96;92;92;69;4,5;1,7;
2026/01/27;1100 UTC;0;921,9;922;921,7;397,9;20,6;19,6;20,8;19,7;19,8;18,6;96;90;94;73;5,7;2,1;
2026/01/27;1200 UTC;0;922,1;922,1;921,9;591,9;21,9;19,1;21,9;20,6;19,7;18,8;94;85;85;76;7,4;1,5;
2026/01/27;1300 UTC;0;921,8;922,1;921,8;859,9;24,8;18,2;24,8;21,9;19,4;17,6;85;67;67;71;5,9;1,8;
2026/01/27;1400 UTC;0;921,5;921,8;921,5;1657,9;25,8;16,9;26,7;23,9;18,2;16,9;67;57;58;65;6,2;2,2;
2026/01/27;1500 UTC;0;921;921,5;921;1832,7;26,1;16,7;29;24,9;18,4;16,2;62;50;56;73;7,3;2,3;
2026/01/27;1600 UTC;0;920,5;921;920,4;1763,9;26,6;16,8;28,5;26,1;17,7;15,9;57;48;55;69;7,3;1,9;
2026/01/27;1700 UTC;0;920;920,5;920;1625,2;27,3;16,9;28,4;26,5;17,6;16,4;56;50;53;72;5,5;1,9;
2026/01/27;1800 UTC;0;919,8;920,1;919,8;1269,5;26,5;17,5;28,1;26,2;18,1;16,8;58;53;57;68;7,2;2,6;
2026/01/27;1900 UTC;0;919,9;919,9;919,8;780,8;25,6;17,8;26,8;25,6;18;17,2;62;57;62;81;7,4;1,9;
2026/01/27;2000 UTC;0;920,4;920,4;919,8;298,9;23,9;18,2;25,7;23,9;18,2;17,7;70;62;70;71;9,1;1,9;
2026/01/27;2100 UTC;0;921;921;920,4;71,6;22,2;18,5;23,9;22,2;18,5;18,1;79;70;79;86;6,4;2,1;
2026/01/27;2200 UTC;0;921,6;921,6;921;;21,2;18,3;22,2;21,2;18,5;18,3;83;79;83;78;6,4;1,8;
2026/01/27;2300 UTC;0;922,1;922,1;921,6;;20,5;17,9;21,2;20,5;18,3;17,9;85;83;85;80;6,1;2,2;
2026/01/28;0000 UTC;0;922,5;922,5;922;;20,1;17,9;20,5;20;17,9;17,5;87;84;87;77;6,9;2,3;
2026/01/28;0100 UTC;0;922,6;922,6;922,5;;19,6;18,4;20,1;19,6;18,5;17,9;93;87;93;63;6,5;1,8;
2026/01/28;0200 UTC;0;922,2;922,6;922,2;;19,6;18,6;19,6;19,5;18,6;18,4;94;93;94;74;6,2;2,6;
2026/01/28;0300 UTC;0;921,2;922,2;921,2;;19,6;18,8;19,6;19,5;18,8;18,6;95;94;95;61;6;2,3;
2026/01/28;0400 UTC;0;920,9;921,3;920,9;;19,3;18,4;19,6;19,3;18,8;18,4;96;95;95;66;4,4;1,6;
2026/01/28;0500 UTC;0;920,3;920,9;920,3;;19,3;18,3;19,4;19,3;18,4;18,2;95;93;94;75;5,2;1,2;
2026/01/28;0600 UTC;0;920;920,3;920;;19,5;18,6;19,5;19,3;18,6;18,2;95;94;94;71;4,4;1,5;
2026/01/28;0700 UTC;0;919,8;920;919,7;;19,5;18,7;19,5;19,3;18,7;18,4;95;94;95;64;5,5;2;
2026/01/28;0800 UTC;0;920,4;920,4;919,8;;19,5;18,8;19,5;19,4;18,8;18,6;96;95;96;67;4,7;1,7;
2026/01/28;0900 UTC;0;920,9;920,9;920,4;28,7;19,3;18,6;19,6;19,2;18,8;18,5;96;95;95;92;5,6;1,9;
2026/01/28;1000 UTC;0;921,6;921,6;920,9;161,3;19,8;18,7;19,8;19,3;18,8;18,5;95;94;94;82;5,4;1,6;
2026/01/28;1100 UTC;0;922,1;922,1;921,6;449,4;21,1;18,8;21,2;19,8;19,3;18,5;94;86;87;66;5,2;1,7;
2026/01/28;1200 UTC;0;922,2;922,2;922;784;22,2;18,6;22,5;21;19,2;18,4;88;79;80;72;5,8;2;
2026/01/28;1300 UTC;0;921,9;922,2;921,8;929,7;25,4;18,6;25,4;22,1;19,2;18,1;81;65;66;89;5,3;1,1;
2026/01/28;1400 UTC;0;922,1;922,1;921,9;1104,5;25,1;18,4;26,4;24,4;19,2;17,1;68;61;66;120;6,2;2,1;
2026/01/28;1500 UTC;0;921,4;922,1;921,4;1591,6;25,9;18;27,6;24,4;19,4;17,6;69;58;62;92;8,7;2,8;
2026/01/28;1600 UTC;0;921;921,4;920,9;2400,7;28,1;18,4;29,1;25,3;19,4;16,7;64;51;56;93;7,5;2,4;
2026/01/28;1700 UTC;0;920,5;921;920,5;1680,3;27;18,7;28,6;25,9;19,1;18,1;64;55;61;121;7,4;2;
2026/01/28;1800 UTC;0;920,2;920,5;920,1;1435,8;27,3;19,1;28;26,2;19,4;18,1;63;58;61;113;7,9;1,9;
2026/01/28;1900 UTC;0;920;920,2;919,9;1063,7;25,2;18;27,5;25,2;19,1;17,9;66;59;65;129;7,8;2,7;
2026/01/28;2000 UTC;0;920,4;920,4;920;293,8;23,7;19,1;25,2;23,7;19,1;18,1;75;65;75;105;7,3;2;
2026/01/28;2100 UTC;0;920,9;920,9;920,4;46,8;22;18,9;23,7;22;19,1;18,9;83;75;83;129;8,1;2,9;
2026/01/28;2200 UTC;0;921,4;921,4;920,8;;21,4;18,6;22,1;21,4;19;18,6;84;83;84;102;8,3;2,3;
2026/01/28;2300 UTC;0;921,9;921,9;921,4;;20,3;18,2;21,4;20,3;18,7;17,7;88;83;88;85;8,6;1,9;
2026/01/29;0000 UTC;0;922,8;922,8;921,9;;19,8;18,3;20,3;19,8;18,3;18,2;91;88;91;78;7,6;2,5;
2026/01/29;0100 UTC;0;922,7;922,9;922,7;;19,4;18,5;19,8;19,4;18,5;18,2;94;91;94;67;7,4;2,2;
2026/01/29;0200 UTC;0;922,2;922,7;922,2;;19,4;18,7;19,5;19,3;18,7;18,4;95;94;95;65;7;2,1;
2026/01/29;0300 UTC;0;922;922,3;922;;19,5;18,8;19,5;19,4;18,8;18,7;96;95;96;58;6,7;1,5;
2026/01/29;0400 UTC;0;921,3;922;921,3;;19,4;18,7;19,6;19,4;18,9;18,7;96;96;96;72;4,9;2,1;
2026/01/29;0500 UTC;0;920,8;921,3;920,8;;19,3;18,6;19,4;19,2;18,7;18,5;96;96;96;76;5,4;2,2;
2026/01/29;0600 UTC;0;920,4;920,7;920,4;;19,2;18,5;19,3;19,2;18,7;18,5;96;96;96;81;6;2;
2026/01/29;0700 UTC;0;920,5;920,6;920,3;;19,3;18,5;19,3;19,1;18,5;18,4;96;95;95;75;5,9;1,7;
2026/01/29;0800 UTC;0;921,4;921,4;920,5;;19,4;18,4;19,4;19,2;18,5;18,3;95;94;94;80;4,5;,9;
2026/01/29;0900 UTC;0;921,8;921,8;921,4;26,8;19,5;18,5;19,5;19,3;18,5;18,3;94;93;93;86;3,3;1,1;
2026/01/29;1000 UTC;0;922,4;922,4;921,8;245,1;20,7;18,6;20,7;19,5;18,9;18,4;93;88;88;59;4,6;1,7;
2026/01/29;1100 UTC;0;922,8;922,9;922,4;494,5;22,6;18,2;22,9;20,6;18,9;17,8;89;75;76;58;4,6;1,7;
2026/01/29;1200 UTC;0;922,9;923;922,8;958,7;23,7;18;24,5;22,4;19;17,7;77;69;71;62;4,6;1,9;
2026/01/29;1300 UTC;0;922,5;922,9;922,5;1459,4;26,2;18,2;27;23,7;19,1;17,5;72;58;61;68;7,6;2,2;
2026/01/29;1400 UTC;0;922,2;922,5;922,2;1771,7;26,7;17,6;28,4;25,8;18,4;17;61;52;57;78;7,6;1,5;
2026/01/29;1500 UTC;0;921,4;922,2;921,4;2098,6;27,7;17,7;29;26,4;18,9;17;60;53;55;66;6,4;1,9;
2026/01/29;1600 UTC;0;920,6;921,4;920,6;2578,7;27,5;17;30;27,2;18,4;16,5;55;46;53;64;7;2;
2026/01/29;1700 UTC;0;919,9;920,6;919,9;2328,7;29,3;16,4;30,1;27,5;18;16;53;45;46;122;7;2,1;
2026/01/29;1800 UTC;0;919,4;920;919,3;1856;29,5;17,2;30,6;28,8;17,9;15,9;49;43;48;119;6,6;1,9;
2026/01/29;1900 UTC;0;919,3;919,5;919,2;1248,2;27,7;17,5;29,6;27,4;17,9;16,3;55;46;54;67;7,1;2,3;
2026/01/29;2000 UTC;0;919,7;919,7;919,3;354,6;26;17,7;27,6;26;17,8;17,5;60;54;60;84;6,3;2,4;
2026/01/29;2100 UTC;0;920,2;920,2;919,7;41,5;23,8;18,4;26;23,8;18,4;17,7;72;60;72;82;8,5;3;
2026/01/29;2200 UTC;0;920,7;920,7;920,2;;21,9;18,6;23,8;21,9;18,7;18,4;81;72;81;78;8,9;3,1;
2026/01/29;2300 UTC;0;921,4;921,4;920,7;;20,9;18,6;21,9;20,9;18,7;18,4;87;81;87;77;8,9;2,6;
2026/01/30;0000 UTC;0;922;922;921,4;;20,2;18,6;20,9;20,2;18,9;18,4;91;87;91;82;7,5;2,7;
2026/01/30;0100 UTC;0;922;922,2;921,9;;19,7;18,5;20,2;19,7;18,6;18,4;93;91;93;64;7,3;2,2;
2026/01/30;0200 UTC;0;921,7;922;921,7;;19,4;18,4;19,7;19,3;18,5;18,3;94;93;94;62;5,6;2;
2026/01/30;0300 UTC;0;921;921,7;921;;19,4;18,4;19,4;19,2;18,4;18,2;95;94;94;67;4,3;1,4;
2026/01/30;0400 UTC;0;920,4;921;920,4;;19,3;18,2;19,5;19,3;18,4;18,2;94;93;93;65;4,7;2,1;
2026/01/30;0500 UTC;0;920;920,4;920;;19;18;19,3;18,9;18,2;18;94;93;94;60;4,7;1,3;
2026/01/30;0600 UTC;0;920;920;919,9;;19,4;18,6;19,4;19;18,6;18,1;95;94;95;52;3,9;1,4;
2026/01/30;0700 UTC;0;919,9;920;919,8;;19,2;18,5;19,4;19,2;18,7;18,4;96;95;96;52;3,2;1,6;
2026/01/30;0800 UTC;0;920,2;920,2;919,9;;19,2;18,6;19,3;19,2;18,6;18,4;96;96;96;54;3,6;1,5;
2026/01/30;0900 UTC;0;920,8;920,8;920,2;39,9;19,2;18,6;19,2;19,1;18,6;18,5;96;96;96;43;3,6;1,4;
2026/01/30;1000 UTC;0;921,3;921,3;920,8;237,4;20,1;19,2;20,2;19,2;19,4;18,6;96;94;94;47;5,3;1,8;
2026/01/30;1100 UTC;0;922;922;921,3;482;22,6;18,5;22,6;20,1;19,6;18,3;94;78;78;44;5,3;1,6;
2026/01/30;1200 UTC;0;922,4;922,4;922;773,7;23,8;18,5;23,8;22;19;17,9;80;72;72;26;6,5;2,7;
2026/01/30;1300 UTC;0;922,2;922,4;922,2;1211,8;25,6;17,7;25,7;23,7;18,6;17,1;72;62;62;31;6,9;3,5;
2026/01/30;1400 UTC;0;921,8;922,2;921,8;2343,7;27,1;16,6;27,7;25,4;17,8;16,4;62;52;53;43;6,9;2,8;
2026/01/30;1500 UTC;0;920,9;921,8;920,9;2524,5;28,3;15,8;29,1;27;17,2;15,8;54;46;47;36;7,3;2,7;
2026/01/30;1600 UTC;0;920,2;920,9;920,2;2440,6;29,5;16;29,9;27,9;16,5;15,7;49;43;44;34;10,3;2,8;
2026/01/30;1700 UTC;0;919,5;920,2;919,5;1732,9;29;14,6;29,9;28,4;16,6;14,6;47;41;41;29;8,5;2,5;
2026/01/30;1800 UTC;0;918,9;919,5;918,9;1569;29,4;15,8;30,5;28,8;16,1;14,6;45;40;44;31;6,8;3,1;
2026/01/30;1900 UTC;0;918,8;918,9;918,8;899,5;28,9;15,6;30,2;28,7;16;15;45;41;45;35;6,5;3;
2026/01/30;2000 UTC;0;919;919;918,7;332,2;27,7;15,9;28,9;27,7;16,2;15,6;49;45;49;36;7,8;2,8;
2026/01/30;2100 UTC;0;919,3;919,3;918,9;55,1;25,3;17,3;27,7;25,3;17,3;15,8;61;48;61;46;8,2;3,2;
2026/01/30;2200 UTC;0;919,6;919,6;919,2;;23,2;18,8;25,3;23,2;18,8;17,4;76;61;76;40;8,1;3,2;
2026/01/30;2300 UTC;0;920,2;920,2;919,6;;21,7;19,2;23,2;21,7;19,2;18,8;86;76;86;43;8,3;3,2;
2026/01/31;0000 UTC;0;920,5;920,5;920,2;;20,7;19;21,7;20,7;19,3;19;90;86;90;45;7,9;2,7;
2026/01/31;0100 UTC;0;920,8;920,8;920,5;;20;18,6;20,7;20;19;18,6;92;90;92;43;6,8;2,5;
2026/01/31;0200 UTC;0;920,6;920,8;920,6;;19,5;18,6;20;19,5;18,7;18,5;95;92;95;39;6;2,3;
2026/01/31;0300 UTC;0;920,3;920,7;920,3;;19,8;18,4;19,8;19,5;18,7;18,4;95;92;92;43;5,4;1,7;
2026/01/31;0400 UTC;0;919,9;920,3;919,9;;20;18,6;20;19,8;18,7;18,4;93;91;91;44;4,5;1,9;
2026/01/31;0500 UTC;0;919,8;919,9;919,7;;20;19,1;20,1;19,9;19,1;18,4;94;91;94;42;3,9;1,8;
2026/01/31;0600 UTC;0;919,7;919,8;919,6;;19,6;18,3;20;19,6;19,1;18,3;95;93;93;45;3,6;1,9;
2026/01/31;0700 UTC;0;919,7;919,7;919,6;;19,1;18;19,6;19;18,3;17,7;93;92;93;45;4,2;1,9;
2026/01/31;0800 UTC;0;919,9;919,9;919,7;;19,1;18,4;19,3;19,1;18,6;18;96;93;96;41;4,9;2,3;
2026/01/31;0900 UTC;0;920,4;920,4;919,9;21,3;19,3;18,6;19,4;18,9;18,6;18,2;96;95;96;49;4,9;1,9;
2026/01/31;1000 UTC;0;921;921;920,4;225,8;20,8;18,6;21;19,2;19,4;18,5;96;88;88;47;6;2,1;
2026/01/31;1100 UTC;0;921,5;921,5;921;403,2;22,1;18,2;22,2;20,6;18,7;17,7;88;78;78;35;6,6;3,1;
2026/01/31;1200 UTC;0;921,8;921,8;921,5;1086,6;23,9;17,5;25,1;21,6;18,4;17,1;79;63;68;33;7,6;3;
2026/01/31;1300 UTC;0;921,6;921,9;921,5;2285,7;27,2;17;27,2;23,9;18;16,6;68;53;54;33;8,4;3,8;
2026/01/31;1400 UTC;0;920,9;921,6;920,9;2650,5;29,1;16,4;29,1;26,4;17,5;15,9;57;46;46;41;9,2;3,1;
2026/01/31;1500 UTC;0;920,2;921;920,2;2905,2;29,7;16;30,1;28,4;16,6;15,2;48;42;44;26;9,2;3,6;
2026/01/31;1600 UTC;0;919,5;920,2;919,5;2834,1;30,1;15,2;31,1;29,2;16,1;15,1;44;39;40;33;10,4;2,5;
2026/01/31;1700 UTC;0;918,9;919,5;918,9;1950;30,9;15,2;31,2;29,1;15,9;14,3;43;38;39;24;8,4;3,9;
2026/01/31;1800 UTC;0;918,2;918,9;918,2;1249,4;31,1;15,4;31,8;29,5;15,6;14,1;41;35;39;56;7,4;2;
2026/01/31;1900 UTC;0;918,1;918,2;918;960,4;29,4;16;31,2;29;16,1;15;45;38;44;56;7,9;3,2;
2026/01/31;2000 UTC;0;918,3;918,3;918,1;305,6;27,9;17,6;29,4;27,9;17,6;15,8;54;44;54;52;6,1;2,7;
2026/01/31;2100 UTC;0;918,9;918,9;918,3;66,1;25,6;18,1;27,9;25,6;18,6;17,5;65;54;63;40;8,5;3,5;
2026/01/31;2200 UTC;0;919,4;919,4;918,8;;23,3;18,2;25,6;23,3;18,3;18;73;63;73;45;8,5;3,4;
2026/01/31;2300 UTC;0;920;920;919,4;;21,9;18,3;23,3;21,9;18,3;18,1;80;73;80;49;8;2,8;
2026/02/01;0000 UTC;0;920,3;920,4;920;;20,8;18,9;21,9;20,8;19;18,4;89;80;89;57;6,4;3;
2026/02/01;0100 UTC;0;920,3;920,4;920,2;;20,5;19;20,8;20,4;19;18,6;91;89;91;41;7,6;3,5;
2026/02/01;0200 UTC;0;920,3;920,4;920,2;;20,2;19,2;20,5;20,2;19,3;19;94;91;94;42;7,1;3,1;
2026/02/01;0300 UTC;0;919,7;920,3;919,7;;20;19;20,3;20;19,3;19;94;94;94;47;7,1;2,5;
2026/02/01;0400 UTC;0;919,3;919,7;919,3;;19,7;19;20;19,7;19,2;19;96;94;96;49;4,8;2,5;
2026/02/01;0500 UTC;0;918,9;919,3;918,9;;19,5;18,7;19,7;19,4;19;18,7;96;95;96;49;6,5;2,7;
2026/02/01;0600 UTC;0;918,6;919;918,6;;19,1;18,5;19,5;19;18,7;18,3;96;96;96;42;4,7;2,7;
2026/02/01;0700 UTC;0;918,5;918,7;918,5;;19;18,4;19,2;19;18,6;18,4;96;96;96;38;5,8;2,8;
2026/02/01;0800 UTC;0;919;919;918,5;;18,9;18,3;19,2;18,9;18,6;18,3;97;96;97;66;6,6;1,5;
2026/02/01;0900 UTC;0;919,5;919,5;918,9;28,4;19,3;18,7;19,3;18,7;18,7;18,1;97;96;96;47;5,2;1,9;
2026/02/01;1000 UTC;0;920,1;920,1;919,5;141,2;19,7;18,8;19,7;19,3;18,9;18,5;96;94;94;39;7,1;3;
2026/02/01;1100 UTC;0;920,4;920,4;920;438,8;22;18,2;22;19,7;19;18;95;79;79;45;7,8;2,5;
2026/02/01;1200 UTC;0;920,5;920,5;920,3;1151,8;24,6;17,8;24,8;21,8;18,5;17,6;79;66;66;49;8,1;2,8;
2026/02/01;1300 UTC;0;920,2;920,5;920,2;2213,5;27;17,7;27,2;24,5;18,3;17,4;67;57;57;41;8,2;2,9;
2026/02/01;1400 UTC;0;919,6;920,3;919,6;2386,6;29;17,2;29,3;26,3;18,2;16,6;59;48;49;44;8;2,9;
2026/02/01;1500 UTC;0;918,9;919,6;918,9;1973,8;29,1;16,4;29,6;27,1;17,5;16,4;54;46;46;50;8,1;2,4;
2026/02/01;1600 UTC;0;918,2;918,9;918,1;2507;30,1;16,1;30,7;28;17,3;15,5;50;41;43;65;8,6;2,5;
2026/02/01;1700 UTC;0;917,5;918,2;917,5;2015,2;29,7;15,7;32,2;29,4;16,5;14,9;43;37;43;75;7,1;2,4;
2026/02/01;1800 UTC;0;916,8;917,5;916,8;1892,6;29,7;15,7;31,5;29,4;16,3;15,2;44;39;43;72;5,5;2,3;
2026/02/01;1900 UTC;0;916,8;916,8;916,7;1430,9;28,9;15,3;30,9;28,9;16;15;44;39;44;81;6,2;2,3;
2026/02/01;2000 UTC;0;917;917;916,7;394,9;27,1;16,8;29;27,1;16,8;15,4;53;44;53;79;6,2;2,3;
2026/02/01;2100 UTC;0;917,6;917,6;917;75,9;24,4;17,4;27,1;24,4;17,5;16,8;65;53;65;82;8;2,4;
2026/02/01;2200 UTC;0;918,3;918,3;917,6;;22,2;17,9;24,4;22,2;17,9;17,4;77;65;77;71;7,2;2;
2026/02/01;2300 UTC;0;919,2;919,2;918,3;;20,6;17,8;22,1;20,6;17,9;17,7;84;77;84;48;5,8;2,6;
2026/02/02;0000 UTC;0;919,9;919,9;919,2;;19,9;17,6;20,6;19,8;17,9;17,3;87;83;86;52;6,8;2,8;
2026/02/02;0100 UTC;0;920,3;920,3;919,9;;19,6;18,2;20;19,6;18,3;17,6;92;86;92;53;8;2,4;
2026/02/02;0200 UTC;0;920,1;920,3;920,1;;19,1;18;19,6;19,1;18,3;18;94;92;93;56;5;2,2;
2026/02/02;0300 UTC;0;919,4;920,1;919,4;;18,9;18,1;19,1;18,8;18,1;17,9;95;93;95;52;4;2,1;
2026/02/02;0400 UTC;0;919,2;919,4;919,1;;19;18,3;19,1;18,9;18,4;18,1;96;95;96;54;5;2,4;
2026/02/02;0500 UTC;0;919,1;919,2;919,1;;19,1;18,3;19,1;19;18,3;18,2;96;95;95;52;4,6;2,2;
2026/02/02;0600 UTC;0;918,7;919,1;918,7;;18,8;18,1;19,1;18,6;18,3;17,8;96;94;96;46;4,4;1,9;
2026/02/02;0700 UTC;0;918,8;918,9;918,7;;18,7;18,1;18,9;18,6;18,2;18;96;95;96;53;4;1,7;
2026/02/02;0800 UTC;0;919,3;919,3;918,8;;18,8;18,2;19;18,7;18,4;18;96;96;96;47;6;1,8;
2026/02/02;0900 UTC;0;919,8;919,8;919,3;55,3;19;18,5;19;18,6;18,5;18,1;97;96;97;42;5;1,7;
2026/02/02;1000 UTC;0;920,6;920,6;919,8;229,9;20;19;20;19;19,2;18,5;97;94;94;36;4,9;2,5;
2026/02/02;1100 UTC;0;921,1;921,1;920,6;427,3;23,1;17,7;23,2;20;19,2;17,3;94;71;72;40;6,5;2,7;
2026/02/02;1200 UTC;0;921;921,2;921;1034,7;23,9;17;25,3;22,6;18;16,5;73;61;65;55;7,2;2,2;
2026/02/02;1300 UTC;0;921,1;921,1;920,9;1643,7;25,6;16,7;26,7;23,9;17,4;16,1;66;56;58;28;7;3,1;
2026/02/02;1400 UTC;0;920,5;921,1;920,5;2577,9;27,9;15,4;28,9;25,6;17,3;15,3;59;45;47;55;6,6;2,3;
2026/02/02;1500 UTC;0;919,9;920,5;919,8;2981,3;30,2;15;30,3;27,9;16,3;14,3;47;40;40;83;5,9;1,8;
2026/02/02;1600 UTC;0;919;919,9;919;2810,2;30,1;15,5;31;29,1;15,8;13,9;43;37;41;69;8,2;1,9;
2026/02/02;1700 UTC;0;918,2;919;918,2;2422,2;30,9;15;32;29,9;16;13,8;42;34;38;188;8,2;1,8;
2026/02/02;1800 UTC;0;917,6;918,2;917,5;1928,1;31;15;32,1;30;15,9;13,4;40;35;38;106;5,7;2,1;
2026/02/02;1900 UTC;0;917,5;917,6;917,5;1344,5;29,5;16;31,1;29,1;16,2;14,2;45;38;44;119;6,4;2,2;
2026/02/02;2000 UTC;0;917,7;917,7;917,5;298,8;27,2;17,5;29,5;27,2;17,5;15,6;55;43;55;81;6;1,9;
2026/02/02;2100 UTC;0;918,1;918,1;917,7;41,6;24,8;18,8;27,2;24,8;18,8;17,5;69;55;69;71;6,9;2,2;
2026/02/02;2200 UTC;0;918,7;918,7;918,1;;22,8;19,1;24,8;22,8;19,1;18,8;80;69;80;83;6,9;2,3;
2026/02/02;2300 UTC;0;919,3;919,3;918,7;;21,4;19,1;22,8;21,4;19,2;19;87;80;87;69;6,5;2,1;
2026/02/03;0000 UTC;0;919,9;919,9;919,3;;21,1;19;21,4;21,1;19,1;19;88;87;88;50;5,6;2,9;
2026/02/03;0100 UTC;0;920,2;920,2;919,9;;20,2;17,9;21,1;20,1;18,9;17,8;88;86;87;55;8;2,4;
2026/02/03;0200 UTC;0;919,6;920,2;919,6;;20,1;18,1;20,3;20,1;18,2;17,9;88;87;88;49;7,1;2,2;
2026/02/03;0300 UTC;0;919,1;919,6;919,1;;20,2;18,6;20,2;20,1;18,6;18,1;90;88;90;39;6,7;2,4;
2026/02/03;0400 UTC;0;919;919,2;919;;20,1;18,4;20,2;20,1;18,5;18,3;90;89;90;36;7,4;2,4;
2026/02/03;0500 UTC;0;919;919,1;919;;19,4;17,5;20,1;19,4;18,4;17,5;90;87;89;42;6,5;1,7;
2026/02/03;0600 UTC;0;919;919;918,9;;18,8;17,7;19,4;18,7;17,7;17,4;93;89;93;40;3,6;1,1;
2026/02/03;0700 UTC;0;919,3;919,3;919;;18,9;18,2;18,9;18,6;18,2;17,6;96;93;96;24;3;1,4;
2026/02/03;0800 UTC;0;919,6;919,7;919,3;;18,6;18;19;18,6;18,3;18;96;96;96;360;2,7;1,3;
2026/02/03;0900 UTC;0;919,8;919,8;919,5;19,9;18,9;18,2;18,9;18,4;18,2;17,8;96;96;96;24;2,5;1,3;
2026/02/03;1000 UTC;0;920,3;920,3;919,8;199;20,1;17,9;20,2;18,9;18,6;17,9;96;87;87;41;2,9;1,3;
2026/02/03;1100 UTC;0;920,7;920,7;920,3;222,6;23,1;17,4;23,1;19,9;18,1;17,2;88;70;70;51;3,8;1,5;
2026/02/03;1200 UTC;0;920,6;920,7;920,6;1100;25,2;15,7;25,3;22,8;17,4;15;70;55;55;23;5,9;1,8;
2026/02/03;1300 UTC;0;920,6;920,7;920,6;2392,2;27,1;15,9;27,4;25;16;15,1;55;49;50;14;5,5;1,5;
2026/02/03;1400 UTC;0;920,4;920,7;920,4;2742,2;29,9;14,1;30,2;26,8;16;13,5;50;37;38;80;5,8;1,1;
2026/02/03;1500 UTC;0;919,7;920,5;919,7;2955,2;30,2;13,7;31,2;28,6;15,4;12,5;43;33;37;50;6,6;1,7;
2026/02/03;1600 UTC;0;918,9;919,7;918,8;2882,9;31,1;12,5;32,5;30,2;13,8;12,2;36;31;32;47;5,4;2;
2026/02/03;1700 UTC;0;918,1;918,9;918,1;2102;31,7;12,4;33,8;31,1;14,3;12,3;34;28;31;59;6,1;1,7;
2026/02/03;1800 UTC;0;917,6;918,1;917,6;1766,3;32;12,3;32,7;31,3;13,6;11,9;33;30;30;67;5,1;1,6;
2026/02/03;1900 UTC;0;917,3;917,6;917,2;1331,8;31,1;13,1;32,4;31,1;13,4;12,2;34;30;34;89;6,5;2,2;
2026/02/03;2000 UTC;0;917,7;917,7;917,2;292,1;28,3;15,6;31,1;28,3;15,6;13,3;46;34;46;107;6,5;2,4;
2026/02/03;2100 UTC;0;918,3;918,3;917,7;29,1;24,8;18,5;28,3;24,8;18,5;15,6;68;46;68;80;8,2;2,7;
2026/02/03;2200 UTC;0;919,1;919,1;918,3;;22,6;18,9;24,8;22,6;18,9;18,5;80;68;80;76;8,2;2,5;
2026/02/03;2300 UTC;0;919,7;919,7;919,1;;21,8;19;22,6;21,8;19,2;18,9;85;80;84;57;8;2,6;
2026/02/04;0000 UTC;0;920,7;920,7;919,7;;21,4;18,8;21,8;21,3;19;18,7;86;84;85;58;5,5;1,9;
2026/02/04;0100 UTC;0;921;921;920,7;;21,1;18,6;21,4;21,1;19;18,4;86;83;86;64;4,4;1,7;
2026/02/04;0200 UTC;0;921,1;921,1;921;;20,9;19,1;21,1;20,8;19,1;18,6;90;86;89;58;4,8;1,7;
2026/02/04;0300 UTC;0;921;921,2;920,9;;20,8;19,4;20,9;20,8;19,4;19,1;91;89;91;40;3,7;1,8;
2026/02/04;0400 UTC;0;920,5;921;920,5;;20,8;19,1;20,9;20,8;19,5;19,1;92;90;90;36;5,5;2,1;
2026/02/04;0500 UTC;0;919,9;920,5;919,9;;20,6;18,6;20,8;20,6;19,1;18,4;90;87;89;33;5,8;1,5;
2026/02/04;0600 UTC;0;919,7;920;919,7;;20,1;18,8;20,6;20,1;18,8;18,5;92;88;92;33;6;2,2;
2026/02/04;0700 UTC;0;919,8;919,9;919,7;;19,7;19;20,2;19,7;19;18,7;95;92;95;36;6,2;2,4;
2026/02/04;0800 UTC;0;920,1;920,1;919,7;;19,6;18,9;19,8;19,5;19,1;18,8;96;95;96;34;5,4;2,2;
2026/02/04;0900 UTC;0;920,6;920,6;920,1;17,5;19,6;19;19,6;19,4;19;18,8;96;96;96;46;5;1,5;
2026/02/04;1000 UTC;0;920,9;921;920,5;246;20,9;19,8;20,9;19,5;19,8;18,9;96;93;94;39;4,5;1,8;
2026/02/04;1100 UTC;0;921,1;921,2;920,9;350,2;22,5;17,4;23,4;20,9;20,1;17,4;94;72;73;1;4,6;2,1;
2026/02/04;1200 UTC;0;921;921,1;920,9;903,6;25,5;17,4;25,6;22,5;18;16,6;74;60;61;40;5,9;1,4;
2026/02/04;1300 UTC;0;920,7;921;920,6;1979,2;26,9;16;27,4;24,9;17,3;15,8;62;51;51;30;7;3,2;
2026/02/04;1400 UTC;0;920,3;920,8;920,2;2071,7;29,9;15,6;29,9;26,7;16,5;15,4;53;42;42;58;6,6;1,1;
2026/02/04;1500 UTC;0;919,8;920,3;919,8;2979,6;31;14,5;32,1;28,6;16,4;14,4;44;37;37;196;6,4;1,5;
2026/02/04;1600 UTC;0;919;919,8;919;2624;30,4;14,8;31,9;29,3;16,3;13,6;40;35;39;56;5,9;2;
2026/02/04;1700 UTC;0;918,5;919;918,5;1980,5;30;15,3;32,5;29,6;15,7;13,8;42;34;41;76;7,1;1,8;
2026/02/04;1800 UTC;0;918,1;918,5;918,1;829,8;29,7;16;30,2;28,5;16;15,1;46;41;43;123;5,7;1,3;
2026/02/04;1900 UTC;0;917,8;918,1;917,8;1190,5;29,6;15,7;30,3;28,9;16,6;15,3;47;41;43;129;5,3;1,4;
2026/02/04;2000 UTC;0;917,8;918;917,8;199,3;27,4;17,3;29,6;27,4;17,3;15,4;54;43;54;85;6;2,1;
2026/02/04;2100 UTC;0;918,2;918,2;917,8;41;24,9;18,2;27,4;24,9;18,3;17,4;66;54;66;88;6,8;2,1;
2026/02/04;2200 UTC;0;918,7;918,7;918,2;;23,2;18;24,9;23,2;18,3;18;73;66;73;83;5,9;1,9;
2026/02/04;2300 UTC;0;919,4;919,4;918,7;;22;17,6;23,2;22;18;17,5;76;73;76;112;8,9;1,9;
2026/02/05;0000 UTC;0;920,3;920,3;919,4;;21,5;17,6;22,1;21,5;17,6;17,4;78;76;78;45;7,4;1,5;
2026/02/05;0100 UTC;0;920,6;920,6;920,3;;20,9;17,3;21,5;20,9;17,6;17,3;80;78;80;65;4;1,5;
2026/02/05;0200 UTC;0;920,1;920,6;920,1;;20,4;17,4;20,8;20,4;17,4;17,3;83;80;83;71;4,9;1,6;
2026/02/05;0300 UTC;0;919,7;920,2;919,7;;20,1;18,3;20,4;20;18,3;17,4;90;83;90;65;3,5;1,8;
2026/02/05;0400 UTC;0;919,8;919,9;919,7;;20;18,6;20,1;19,9;18,6;18,3;92;90;92;50;3,9;1,4;
2026/02/05;0500 UTC;0;919,4;919,8;919,3;;20;19,1;20;19,7;19,1;18,5;94;92;94;49;2,5;1,4;
2026/02/05;0600 UTC;0;919,3;919,4;919,1;;19,9;18,9;20;19,8;19,1;18,9;95;94;94;51;2,6;1,2;
2026/02/05;0700 UTC;0;919,6;919,6;919,3;;20;19,2;20;19,9;19,2;18,9;95;94;95;30;3;1,6;
2026/02/05;0800 UTC;0;919,6;919,7;919,5;;19,9;19,2;20;19,9;19,3;19,1;96;95;96;38;3,3;1,1;
2026/02/05;0900 UTC;0;919,7;919,8;919,6;19,6;19,8;19,2;19,9;19,4;19,3;18,8;96;96;96;44;2,1;,7;
2026/02/05;1000 UTC;0;920,2;920,2;919,7;185,9;20,6;19,5;20,6;19,8;19,9;19,2;96;94;94;23;3,2;1,9;
2026/02/05;1100 UTC;0;920,6;920,7;920,2;321,8;23,2;19,6;23,2;20,6;19,6;18,7;94;80;80;53;4,2;1,5;
2026/02/05;1200 UTC;0;920,4;920,6;920,3;1096,5;25,2;18,2;25,9;22,7;19,4;17,6;80;63;65;59;5,2;1,4;
2026/02/05;1300 UTC;0;920,1;920,4;920,1;2029;27,1;17,3;27,5;24,6;18,6;17;67;55;55;54;4,9;1,6;
2026/02/05;1400 UTC;0;919,7;920,1;919,7;2505,7;29,2;16,8;30;26,9;18,2;16,3;56;45;47;113;5,8;1,8;
2026/02/05;1500 UTC;0;919,1;919,7;919,1;2504,2;29,2;16,1;30,6;27,4;17,9;15,6;52;43;45;94;5,8;2;
2026/02/05;1600 UTC;0;918,1;919,1;918,1;2331,4;31;17,4;31,3;28,3;17,4;15,4;49;41;44;88;6,3;1,8;
2026/02/05;1700 UTC;0;917,4;918,1;917,4;2336;31,1;16;31,5;29,3;17,2;15,2;46;39;40;134;6,3;1,9;
2026/02/05;1800 UTC;0;916,6;917,4;916,6;1651,2;30,1;15,3;31,6;29,6;16,6;14,8;42;38;41;67;6,5;1,7;
2026/02/05;1900 UTC;0;916,5;916,7;916,4;1321,2;29,4;15,8;31,6;29,4;16,3;15,3;44;40;44;82;6,2;1,7;
2026/02/05;2000 UTC;0;916,7;916,7;916,5;372,2;27,6;17,2;29,5;27,6;17,3;15,9;53;44;53;100;7,3;1,6;
2026/02/05;2100 UTC;0;917,3;917,3;916,7;55,8;24,2;19,1;27,6;24,2;19,1;17,1;73;53;73;84;8;3,6;
2026/02/05;2200 UTC;0;918;918;917,3;;21,9;19,7;24,2;21,9;19,7;19,1;87;73;87;81;8,6;2,4;
2026/02/05;2300 UTC;0;919,5;919,5;918;;21,7;19,5;21,9;21,6;19,7;19,4;88;87;87;61;6,5;1,6;
2026/02/06;0000 UTC;0;919,8;919,9;919,5;;21,6;19,5;21,8;21,6;19,6;19,4;88;87;88;76;4,3;1,5;
2026/02/06;0100 UTC;0;920,1;920,4;919,8;;21,1;19,6;21,7;21,1;19,6;19,5;91;88;91;39;7,1;2,7;
2026/02/06;0200 UTC;0;919,9;920,2;919,9;;20,9;19,3;21,1;20,9;19,6;19,2;91;89;91;38;6,2;2,3;
2026/02/06;0300 UTC;0;919,3;919,9;919,3;0;20,8;19,5;20,9;20,8;19,5;19,3;92;91;92;39;6,5;2;
2026/02/06;0400 UTC;0;919;919,3;919;;20,5;19,5;20,8;20,5;19,6;19,5;94;92;94;36;5,4;2,2;
2026/02/06;0500 UTC;0;918,4;919;918,3;0;20,2;19,4;20,6;20,2;19,7;19,4;95;94;95;41;6,6;2;
2026/02/06;0600 UTC;0;918,7;918,7;918,4;;19,9;19,2;20,2;19,9;19,4;19,2;96;95;96;34;6,1;2,4;
2026/02/06;0700 UTC;0;918,7;918,7;918,5;;20,3;19,4;20,3;19,9;19,4;19,2;96;94;94;26;6,5;2,7;
2026/02/06;0800 UTC;0;919,3;919,3;918,7;;20,2;19,2;20,4;20,1;19,5;19,2;94;94;94;31;6,9;3,4;
2026/02/06;0900 UTC;0;919,8;919,8;919,3;26,1;20,1;19,1;20,2;20;19,3;19,1;94;94;94;37;6,9;1,9;
2026/02/06;1000 UTC;0;920,2;920,2;919,8;218,3;20,5;19,2;20,6;20,1;19,8;18,9;95;91;92;34;6;3,1;
2026/02/06;1100 UTC;0;920,6;920,6;920,2;517;22,4;19;23,6;20,5;19,7;18,6;92;76;81;30;7;3;
2026/02/06;1200 UTC;0;920,8;920,8;920,6;451,5;23,7;18,3;24,9;22,2;19,1;17,9;81;68;72;2;6,9;2,5;
2026/02/06;1300 UTC;0;920,8;920,9;920,7;631,7;24,4;16,9;26,2;23,3;18,6;16,9;73;62;63;8;6,6;2,5;
2026/02/06;1400 UTC;0;920,2;920,9;920,2;2222,6;27;15,8;28,9;24,4;18,2;15,6;64;47;50;16;8,1;3,4;
2026/02/06;1500 UTC;0;919,6;920,2;919,6;1878,1;28,8;15,9;29,2;26,8;16,1;14,8;51;43;45;16;8,8;2,7;
2026/02/06;1600 UTC;0;918,8;919,6;918,8;2938,2;29,9;14,5;31;28,3;16,3;14;46;38;39;19;7,8;4;
2026/02/06;1700 UTC;0;917,9;918,8;917,9;2109,2;30,6;14,8;31,5;29,6;14,9;13,4;39;35;38;337;8,4;2,3;
2026/02/06;1800 UTC;0;917,4;917,9;917,4;780,3;28;16,4;30,7;28;16,4;13,4;49;36;49;32;9,2;4,5;
2026/02/06;1900 UTC;0;917,6;917,6;917,2;184,6;26,7;17,6;28;26,7;17,7;16,5;57;49;57;24;9,2;4,6;
2026/02/06;2000 UTC;0;917,9;918;917,5;63,4;25,2;18;26,8;25,2;18,1;17,3;64;57;64;28;10,3;5,1;
2026/02/06;2100 UTC;0;918,7;918,7;917,9;17,2;24,4;18,5;25,2;24,4;18,5;17,9;70;64;70;37;9,8;4,2;
2026/02/06;2200 UTC;0;918,9;919;918,5;;22,4;18,9;24,4;22,4;19;18,2;80;70;80;33;9,4;4,1;
2026/02/06;2300 UTC;0;919,4;919,5;918,9;;21,4;18,5;22,4;21,4;18,9;18,3;84;79;84;33;9,4;4,2;
2026/02/07;0000 UTC;0;920;920,1;919,4;;20,9;19,3;21,5;20,9;19,3;18,5;90;84;90;38;8,9;3,7;
2026/02/07;0100 UTC;0;921;921;920;;20,6;18,1;21;20,6;19,3;18,1;91;85;85;35;8,5;4,1;
2026/02/07;0200 UTC;0;920,7;921;920,7;;20,2;18,4;20,6;20,2;18,9;18,1;92;85;89;31;8,5;3,7;
2026/02/07;0300 UTC;0;920,1;920,7;920,1;;20;18,4;20,2;20;18,5;18,3;91;89;90;32;6,6;1,4;
2026/02/07;0400 UTC;0;919,6;920,1;919,6;;19,9;18,5;20;19,7;18,5;18,2;91;90;91;35;3,9;1,7;
2026/02/07;0500 UTC;0;919,1;919,6;919,1;;19,8;18,7;19,9;19,7;18,7;18,3;93;91;93;38;3,6;1,6;
2026/02/07;0600 UTC;0;919;919,1;918,7;;20;18,9;20;19,8;18,9;18,7;94;93;94;33;4,4;1,8;
2026/02/07;0700 UTC;0;918,9;919;918,8;;20;19,1;20,1;19,9;19,1;18,8;95;93;95;30;6,1;3,4;
2026/02/07;0800 UTC;0;919,8;919,8;918,9;;19,9;19,1;20;19,9;19,2;19,1;95;95;95;31;7,9;3,1;
2026/02/07;0900 UTC;0;920,6;920,6;919,7;17;20;18,8;20;19,7;19,1;18,7;95;93;93;6;7,2;2,4;
2026/02/07;1000 UTC;0;921,7;921,7;920,6;206,1;20,9;18,7;21,2;20;19,2;18,6;93;87;87;17;7,5;3,6;
2026/02/07;1100 UTC;0;922,2;922,2;921,7;333,1;22,4;18,9;22,5;20,9;19,2;18,4;87;81;81;33;7,6;3,2;
2026/02/07;1200 UTC;0;922,5;922,5;922,2;451,4;22,7;18,6;23,4;22,1;19,2;18,2;81;74;78;21;7,8;3,7;
2026/02/07;1300 UTC;0;922,5;922,7;922,4;756,7;24,2;18,2;24,7;22,7;19,4;18;78;67;69;6;7,9;3,6;
2026/02/07;1400 UTC;0;922,4;922,6;922,3;522,3;22,2;18,6;24,7;22,2;18,7;17,8;80;68;80;33;10,1;5,1;
2026/02/07;1500 UTC;0;922;922,5;921,9;767,6;24,2;19;24,3;21,4;19,2;18,4;87;72;73;36;10,1;3,5;
2026/02/07;1600 UTC;0;921,7;922;921,7;1064,9;22;20;25,2;21,1;20,5;17,7;93;65;89;50;8,5;1,2;
2026/02/07;1700 UTC;0;921,4;921,7;921,1;675;21,4;17,1;22,4;21,4;20,3;16,4;89;73;77;33;9,9;3,4;
2026/02/07;1800 UTC;,8;921,2;921,6;921;276,4;20,1;18,9;21,4;19,9;19;16,9;93;77;93;36;7;2,2;
2026/02/07;1900 UTC;4;921,4;921,5;921,2;80,4;19;18,3;20,3;19;19,4;18,1;96;93;96;32;7,6;2,7;
2026/02/07;2000 UTC;2,4;921,2;921,5;921,2;47,8;19,3;18,3;19,3;18,3;18,4;17,6;96;94;94;45;4,5;1,4;
2026/02/07;2100 UTC;,2;921,3;921,4;921,2;10,6;19,7;19;19,8;19,3;19,1;18,4;96;94;96;54;4,1;1,7;
2026/02/07;2200 UTC;,2;922,1;922,1;921,3;;19,9;19,3;20;19,6;19,3;18,9;96;96;96;27;4,6;2,6;
2026/02/07;2300 UTC;,6;922,2;922,2;921,9;;20;19,4;20,1;19,7;19,5;19;96;96;96;12;4,8;2,3;
2026/02/08;0000 UTC;,2;922,9;922,9;922,2;;20,3;19,7;20,3;20;19,7;19,4;97;96;97;39;6,3;1,6;
2026/02/08;0100 UTC;,2;922,9;923,1;922,9;;20,2;19,6;20,3;20,1;19,7;19,6;97;97;97;52;5,1;1,8;
2026/02/08;0200 UTC;0;922,2;922,9;922,2;;20,2;19,7;20,3;20,2;19,8;19,6;97;97;97;39;5,5;2,2;
2026/02/08;0300 UTC;0;921,6;922,2;921,6;,2;20,1;19,6;20,3;20;19,8;19,5;97;97;97;47;6;2,3;
2026/02/08;0400 UTC;0;921;921,7;921;;19,9;19,5;20,1;19,9;19,6;19,4;97;97;97;49;4,1;1,8;
2026/02/08;0500 UTC;0;920,4;921;920,4;;19,8;19,3;19,9;19,7;19,5;19,3;97;97;97;66;4,4;2;
2026/02/08;0600 UTC;0;920,7;920,7;920,4;;19,9;19,5;19,9;19,8;19,5;19,3;97;97;97;63;3,6;1,7;
2026/02/08;0700 UTC;,4;921,2;921,2;920,7;;19,9;19,5;20;19,8;19,5;19,4;97;97;97;69;4,4;1,4;
2026/02/08;0800 UTC;,2;921,4;921,5;921,1;;20;19,5;20;19,9;19,5;19,4;97;97;97;67;3,7;1,3;
2026/02/08;0900 UTC;0;921,8;921,8;921,5;18,6;20;19,4;20,2;20;19,7;19,4;97;97;97;111;5,1;2,1;
2026/02/08;1000 UTC;0;922,7;922,7;921,8;237,2;20,9;19,8;21,3;20;20,4;19,5;97;93;94;75;5,7;1,7;
2026/02/08;1100 UTC;0;923,1;923,2;922,7;432,7;21,4;19,7;22,1;20,7;20,7;19,7;95;89;90;65;5,5;2;
2026/02/08;1200 UTC;0;923,5;923,5;923,1;701,3;22,6;20,4;22,7;21,4;20,6;19,6;92;87;87;67;5,5;2;
2026/02/08;1300 UTC;0;923,6;923,8;923,4;536,1;20,3;19,2;22,6;20,2;20,4;19,1;94;85;93;44;11,8;3,9;
2026/02/08;1400 UTC;0;923,5;924,1;923,5;131,6;20;19,3;20,4;20;19,5;19,2;96;93;96;49;10,4;2,5;
2026/02/08;1500 UTC;,4;923,1;923,7;923,1;136,6;20,1;19,5;20,2;19,9;19,6;19,3;97;96;97;22;5,7;2,1;
2026/02/08;1600 UTC;,2;922,4;923,1;922,4;274,3;20,2;19,7;20,7;19,9;20,1;19,3;97;97;97;10;4,1;1,5;
2026/02/08;1700 UTC;0;921,5;922,4;921,5;249;20,8;20,2;21,1;20,2;20,5;19,6;97;96;96;22;2,8;1,1;
2026/02/08;1800 UTC;0;921,1;921,5;921;334,5;21;20,1;21,4;20,8;20,5;20;96;94;94;61;2,6;1,3;
2026/02/08;1900 UTC;0;921,4;921,4;921;191,5;21,1;19,9;21,1;20,8;20,1;19,6;94;92;93;78;4,3;1,2;
2026/02/08;2000 UTC;0;921,9;921,9;921,4;94,6;21;19,9;21,1;20,8;20;19,7;94;93;94;66;5,7;1,8;
2026/02/08;2100 UTC;0;922,6;922,6;921,7;30,4;20,7;19,7;21;20,6;20,1;19,5;94;93;94;65;5,9;1,5;
2026/02/08;2200 UTC;0;923,1;923,1;922,5;;20,5;19,4;20,7;20,2;19,7;19,3;95;93;93;67;4,4;1;
2026/02/08;2300 UTC;0;923,6;923,6;923,1;;20,4;19,7;20,7;20,4;19,8;19,4;95;93;95;55;2,7;1;
2026/02/09;0000 UTC;0;923,4;923,7;923,4;;20,4;19,6;20,4;20,3;19,7;19,5;96;95;95;61;3,5;1,5;
2026/02/09;0100 UTC;0;923,3;923,4;923,2;;20,1;19,1;20,4;19,8;19,6;19;96;94;94;69;5,2;1,7;
2026/02/09;0200 UTC;0;922,3;923,3;922,3;;20;18,8;20,1;20;19,1;18,7;94;92;93;65;5,7;1,8;
2026/02/09;0300 UTC;0;921,8;922,4;921,8;;19,9;18,7;20;19,8;18,9;18,7;94;93;93;63;3,8;2,1;
2026/02/09;0400 UTC;0;921,3;921,9;921,3;;19,8;18,3;20;19,8;18,7;18,2;93;89;91;69;5,3;1,1;
2026/02/09;0500 UTC;0;921,3;921,4;921,2;;19,4;18,5;19,8;19,4;18,6;18,3;94;91;94;61;3,3;,8;
2026/02/09;0600 UTC;0;921,4;921,4;921,2;;19,3;18,6;19,4;19,1;18,6;18,4;96;94;96;49;3,2;1,2;
2026/02/09;0700 UTC;0;921,4;921,4;921,2;;19,3;18,4;19,3;19,2;18,6;18,4;96;94;94;60;3,4;1,5;
2026/02/09;0800 UTC;0;921,5;921,6;921,2;;19,5;18,6;19,5;19,3;18,6;18,3;94;93;94;57;3,4;1,5;
2026/02/09;0900 UTC;0;922;922;921,5;19,6;19,4;18,7;19,5;19,4;18,8;18,5;96;94;96;51;3,4;1,4;
2026/02/09;1000 UTC;0;922,9;922,9;922;102,2;20,1;19,2;20,1;19,2;19,2;18,5;96;93;95;31;2,6;1,2;
2026/02/09;1100 UTC;0;922,8;923;922,8;253,4;21,9;18,9;22,1;19,9;19,7;18,7;95;82;83;41;4,6;2,1;
2026/02/09;1200 UTC;0;923,2;923,3;922,8;802,2;23;18,2;23,3;21,8;19,3;18;84;74;74;63;5,9;1,6;
2026/02/09;1300 UTC;3,6;923,4;923,4;923,2;450,1;20;19,2;23;19,7;19,5;18;95;74;95;70;4,6;1,7;
2026/02/09;1400 UTC;0;922,6;923,4;922,6;2622,5;24,7;18,1;25;20;20,5;17,9;95;66;67;65;6,9;2,8;
2026/02/09;1500 UTC;0;922;922,6;922;2429,8;25,9;17,7;26,1;24,2;19,5;16,8;73;58;61;53;7,5;2,5;
2026/02/09;1600 UTC;0;921,5;922,1;921,5;2823,4;27,3;17,1;27,9;24,6;18,4;16,5;64;53;54;64;7,5;2,2;
2026/02/09;1700 UTC;0;920,8;921,5;920,8;1380,4;26,3;17,2;27,6;25,9;18,2;16,7;61;54;57;79;7,1;2,5;
2026/02/09;1800 UTC;0;920,4;920,8;920,3;849,7;26;18,4;26,5;25,8;18,7;17,4;63;57;63;79;6,3;1,7;
2026/02/09;1900 UTC;0;920,3;920,6;920,3;1135,6;25,8;18;26,6;25,3;19,6;17,7;69;59;62;71;5,9;2,6;
2026/02/09;2000 UTC;0;920,5;920,6;920,3;275,3;23,7;17,5;25,8;23,7;18;17,1;69;61;68;83;7,6;2,2;
2026/02/09;2100 UTC;0;921,2;921,2;920,5;54,9;22,6;17,5;23,7;22,6;17,6;17;73;68;73;84;7,8;2,4;
2026/02/09;2200 UTC;0;921,8;921,8;921,2;;21,6;18,7;22,6;21,6;18,7;17,5;83;73;83;80;7,3;2,3;
2026/02/09;2300 UTC;0;922,1;922,1;921,8;;20,9;19,3;21,6;20,9;19,3;18,7;91;83;91;74;6,9;2,1;
2026/02/10;0000 UTC;0;922,5;922,5;922,1;;20,3;19,3;20,9;20,3;19,6;19,3;94;91;94;87;6,6;2,6;
2026/02/10;0100 UTC;0;922,2;922,6;922,2;;19,9;19,1;20,3;19,9;19,4;19,1;95;94;95;84;6,9;2,7;
2026/02/10;0200 UTC;0;921,8;922,2;921,8;;19,7;18,8;20;19,6;19,2;18,7;96;94;94;85;7,7;3;
2026/02/10;0300 UTC;0;921,2;921,8;921,2;;19,5;18,8;19,7;19,5;19;18,7;96;94;96;69;7,7;2,2;
2026/02/10;0400 UTC;0;920,6;921,2;920,6;;19,6;19;19,7;19,5;19,1;18,9;96;96;96;64;5,6;2,3;
2026/02/10;0500 UTC;0;920,3;920,7;920,3;;19,2;18,7;19,7;19,2;19,1;18,7;97;96;97;85;7,6;2,6;
2026/02/10;0600 UTC;0;920,2;920,4;920,2;;19,2;18,6;19,3;19,1;18,7;18,5;97;96;96;84;6,5;2;
2026/02/10;0700 UTC;0;920,4;920,4;920,2;;19,3;18,8;19,4;19,2;18,8;18,6;97;96;97;66;6;2,3;
2026/02/10;0800 UTC;0;920,7;920,7;920,3;;19,2;18,7;19,4;19,1;18,8;18,6;97;97;97;74;6,3;2;
2026/02/10;0900 UTC;0;920,8;920,9;920,7;13,3;19,2;18,7;19,3;19,1;18,7;18,6;97;97;97;62;5,9;2,4;
2026/02/10;1000 UTC;0;921,3;921,3;920,8;176,1;19,5;19;19,5;19,2;19,1;18,7;97;97;97;61;5,2;2,5;
2026/02/10;1100 UTC;0;921,7;921,7;921,3;504,2;21,4;18,6;21,8;19,5;19,9;18,6;97;83;84;60;7,1;2,7;
2026/02/10;1200 UTC;0;921,8;921,8;921,7;751,1;23;17,8;23,4;21,3;19,1;17,5;85;71;73;76;6,3;2,3;
2026/02/10;1300 UTC;0;921,7;921,8;921,6;1887,5;26,6;17,7;26,6;22,9;18,7;16,7;74;58;58;79;6,6;2,3;
2026/02/10;1400 UTC;0;921,3;921,8;921,3;2698,1;27,4;16,7;27,4;24,7;17,5;16,1;61;52;52;98;7,4;2,7;
2026/02/10;1500 UTC;0;920,7;921,4;920,6;3023,5;27,4;15,1;28,4;25,8;16,8;14,4;55;44;47;71;8;2,5;
2026/02/10;1600 UTC;0;920,1;920,7;920;2887,6;27,3;16,6;28,8;26,5;17,2;14,2;53;43;52;67;7,6;3;
2026/02/10;1700 UTC;0;919,6;920,1;919,6;2445,9;27,5;15,7;29,1;27,1;17,1;14,9;53;45;49;98;8,9;2,5;
2026/02/10;1800 UTC;0;919,3;919,6;919,2;1723,3;27,2;15,7;29,2;26,8;16,9;15,1;52;45;49;78;8,9;2,2;
2026/02/10;1900 UTC;0;919,3;919,5;919,2;1151,1;26,6;15,4;28;25,8;16,7;15,4;54;48;50;96;6,9;1,8;
2026/02/10;2000 UTC;0;919,6;919,6;919,3;499,3;25;15,6;26,7;25;16,4;15,3;56;50;56;98;7,6;1,9;
2026/02/10;2100 UTC;0;920,1;920,1;919,6;92;23,1;15,8;25,1;23,1;15,8;14,9;64;54;64;101;7;2;
2026/02/10;2200 UTC;0;920,4;920,4;920,1;;21,9;16,9;23,1;21,9;16,9;15,8;73;64;73;76;6,4;1,7;
2026/02/10;2300 UTC;0;920,8;920,8;920,4;;21;17,7;21,9;20,9;17,7;16,9;81;73;81;74;5,4;2;
2026/02/11;0000 UTC;0;921,3;921,4;920,7;;20,2;17,9;21;20,2;17,9;17,7;86;81;86;109;5,6;1,5;
2026/02/11;0100 UTC;0;921,4;921,6;921,3;;19,8;18,4;20,3;19,8;18,4;17,9;92;86;92;136;5,4;3,2;
2026/02/11;0200 UTC;0;920,9;921,4;920,9;;19,5;18,5;19,8;19,5;18,6;18,4;94;92;94;132;5,4;2,8;
2026/02/11;0300 UTC;0;920,1;920,9;920,1;;19,5;18,4;19,6;19,3;18,5;18,3;94;93;93;151;7;3,5;
2026/02/11;0400 UTC;0;919,8;920,1;919,8;;19,6;18,5;19,6;19,4;18,5;18,3;94;93;93;158;7,6;2,4;
2026/02/11;0500 UTC;,4;919,9;920;919,8;;18,6;17,4;19,8;18,6;18,7;17,3;93;92;93;134;8,3;3,2;
2026/02/11;0600 UTC;,4;919,8;919,9;919,7;;19;18,2;19,1;17,8;18,3;16,9;95;93;95;123;8,3;2,1;
2026/02/11;0700 UTC;0;919,9;919,9;919,5;;19,1;18,4;19,3;18,9;18,5;18,2;96;95;96;130;5,4;1,6;
2026/02/11;0800 UTC;,8;920,1;920,1;919,8;;18,9;18,3;19,3;18,9;18,6;18,3;96;96;96;63;3,9;1,9;
2026/02/11;0900 UTC;,2;920,3;920,4;920,1;12,4;18,6;17,9;19;18,2;18,3;17,6;96;96;96;106;4,5;2,5;
2026/02/11;1000 UTC;0;921,3;921,3;920,3;174,9;19,9;19;20;18,5;19,2;17,9;96;95;95;102;5,9;2;
2026/02/11;1100 UTC;0;921,9;921,9;921,3;494,6;22,7;19,2;22,7;19,8;19,3;17,9;95;79;80;78;7,6;1,6;
2026/02/11;1200 UTC;0;921,9;922;921,8;1054,7;23,8;19,1;23,8;22,3;19,7;17,5;80;70;75;111;5,7;2,1;
2026/02/11;1300 UTC;0;922;922,1;921,8;1187,9;21,7;18,7;24,6;21,6;19,3;17,3;83;67;83;129;6,6;2,5;
2026/02/11;1400 UTC;0;921,8;922,1;921,8;1164,5;22,9;17,5;23,6;20,6;18,7;17,2;85;68;71;129;8;2;
2026/02/11;1500 UTC;0;921;921,8;921;1575,1;24,5;18,9;25,5;22,5;19,8;17,4;76;66;71;164;7,3;3;
2026/02/11;1600 UTC;0;920,8;921,2;920,8;817,7;24,2;19,7;24,8;21,3;20,8;18,5;90;71;76;145;7,5;2,7;
2026/02/11;1700 UTC;0;920,6;920,8;920,6;882,9;22,4;18,4;24,6;22,2;19,7;17,9;81;72;78;164;8,7;3,5;
2026/02/11;1800 UTC;0;919,8;920,6;919,8;763,8;23,6;18,4;23,6;22,4;18,6;17,4;78;72;73;141;8,5;3,7;
2026/02/11;1900 UTC;0;919,8;919,8;919,6;891,8;23;18,7;24;23;19,9;18,4;80;73;77;155;8,5;4;
2026/02/11;2000 UTC;0;920,5;920,5;919,8;277,4;23,1;18,1;23,2;22,6;19;18;79;73;74;120;8,7;2,7;
2026/02/11;2100 UTC;0;920,8;920,9;920,5;58,6;21,6;18,3;23,1;21,6;18,5;18,1;82;74;81;132;7,8;3,4;
2026/02/11;2200 UTC;0;921,1;921,1;920,7;;20,9;17,8;21,7;20,9;18,4;17,8;83;81;82;137;10,5;3,3;
2026/02/11;2300 UTC;0;921,5;921,6;921,1;;20,2;17,9;20,9;20,2;17,9;17,6;87;82;87;155;9,5;4,6;
2026/02/12;0000 UTC;0;921,8;921,8;921,4;;19,8;18,6;20,2;19,8;18,6;17,9;93;87;93;134;11,6;4,3;
2026/02/12;0100 UTC;0;922;922,1;921,7;;19,5;18,6;19,8;19,5;18,7;18,6;95;93;94;94;9,8;2,2;
2026/02/12;0200 UTC;0;921,4;922;921,4;;19,4;18,5;19,5;19,4;18,6;18,4;95;94;95;112;8,8;2,3;
2026/02/12;0300 UTC;0;921,3;921,5;921,3;;19,4;18,5;19,4;19,3;18,6;18,4;95;95;95;72;8,1;1,4;
2026/02/12;0400 UTC;0;920,9;921,4;920,9;;19,2;18,3;19,4;19,2;18,6;18,3;95;94;94;72;5,7;1,5;
2026/02/12;0500 UTC;0;920,3;921;920,3;;18,7;17,8;19,3;18,7;18,4;17,8;95;94;94;151;4,7;1,7;
2026/02/12;0600 UTC;0;920,3;920,3;920,1;;19,1;18;19,1;18,7;18,1;17,7;94;93;93;101;7,2;,7;
2026/02/12;0700 UTC;0;920,7;920,7;920,3;;18,9;17,9;19,2;18,9;18,1;17,9;94;93;94;112;3,2;1,2;
2026/02/12;0800 UTC;0;920,1;920,7;920,1;;18,9;18,1;19;18,8;18,1;17,9;95;94;95;156;6,7;2,9;
2026/02/12;0900 UTC;0;920,9;920,9;920,1;15,7;19,2;18,4;19,2;18,8;18,4;18;95;95;95;124;7,8;,8;
2026/02/12;1000 UTC;0;921,8;921,8;920,9;245,1;20,6;19,1;20,6;19,2;19,3;18,3;95;91;91;114;4,2;1,1;
2026/02/12;1100 UTC;0;922,3;922,3;921,7;441,4;21,2;18,6;21,3;20,2;19;17,9;91;85;85;146;8,8;1,4;
2026/02/12;1200 UTC;0;922,3;923;922,2;669,3;22,2;18,8;22,2;20,9;19,1;18;86;80;81;118;6,4;1,3;
2026/02/12;1300 UTC;0;922,7;922,7;922,2;668,4;22,3;18,2;22,7;21,6;19;18,1;83;76;78;58;6,3;1,8;
2026/02/12;1400 UTC;0;922,6;923;922,6;763,9;23,4;17,9;23,4;22,3;18,3;17,5;78;71;71;67;6,5;1,6;
2026/02/12;1500 UTC;0;921,5;922,6;921,5;652;23,4;17,7;23,6;22,9;18,3;17,4;73;69;70;84;5,2;1,5;
2026/02/12;1600 UTC;0;921,1;921,7;921,1;648,6;23,6;18,6;23,6;22,1;19,1;17,6;81;70;74;164;5,2;1,3;
2026/02/12;1700 UTC;0;920,4;921;920,4;1373,3;23,3;18,8;24,5;23,2;19,7;18,1;76;72;76;89;6,6;1,8;
2026/02/12;1800 UTC;0;920;920,5;920;743,9;22,2;18,5;23,3;21,3;19,2;18;85;76;80;108;6,3;2,2;
2026/02/12;1900 UTC;0;920;920,1;919,9;503,6;20,3;17,4;22,2;20;18,4;17,3;86;79;84;140;9,7;4,6;
2026/02/12;2000 UTC;0;920,1;920,1;920;211,6;19,8;17,2;20,5;19,8;17,7;17,2;86;81;85;158;7,6;3,6;
2026/02/12;2100 UTC;0;920,3;920,4;920,1;74,7;19,1;17,6;19,9;19,1;17,6;16,9;91;84;91;150;8,4;4,7;
2026/02/12;2200 UTC;0;920,8;920,8;920,3;;18,8;17,5;19,1;18,8;17,7;17,4;92;91;92;149;9,8;4,6;
2026/02/12;2300 UTC;0;921,5;921,5;920,8;;18,7;17,1;18,9;18,7;17,5;17;93;89;90;144;8,2;3,8;
2026/02/13;0000 UTC;0;921,9;921,9;921,6;;18,6;17,3;18,8;18,5;17,5;17,1;94;90;92;147;8,6;4,2;
2026/02/13;0100 UTC;0;922,2;922,2;921,8;;18,6;17,3;18,7;18,5;17,7;17,3;94;92;92;144;8,2;4,4;
2026/02/13;0200 UTC;0;921,7;922,2;921,7;;18,6;17,6;18,8;18,6;17,6;17,3;94;91;94;138;7,8;4,1;
2026/02/13;0300 UTC;0;921;921,7;921;;18,7;17,6;18,7;18,3;17,6;17,4;94;93;93;106;7;2,8;
2026/02/13;0400 UTC;0;920,4;921;920,3;;19,8;17,4;19,9;18,7;17,6;17,3;93;85;86;85;6,5;1,5;
2026/02/13;0500 UTC;0;920,2;920,4;920,2;;19,4;17,4;19,9;19,4;17,4;17,3;88;85;88;75;5,4;1,7;
2026/02/13;0600 UTC;0;920,2;920,3;920,2;;18,6;17,4;19,4;18,6;17,4;17,4;93;88;93;68;4,1;,8;
2026/02/13;0700 UTC;0;920,1;920,2;920;;18,4;17,4;18,6;18,2;17,6;17,1;94;93;94;82;2,7;1;
2026/02/13;0800 UTC;0;920,7;920,7;920,1;;18,3;17,2;18,4;18,2;17,4;17,1;94;93;93;88;3,8;,8;
2026/02/13;0900 UTC;0;921;921;920,7;27,2;18,9;17,6;18,9;18,3;17,6;17,2;94;92;92;88;4,4;,9;
2026/02/13;1000 UTC;0;921,7;921,7;921;264,3;21,2;17,8;21,2;18,8;18,1;17,5;93;81;81;65;3,4;1,6;
2026/02/13;1100 UTC;0;922,4;922,4;921,7;524,4;22,3;18,1;22,3;21,1;18,4;17,4;82;77;77;56;4,6;1,7;
2026/02/13;1200 UTC;0;922,6;922,8;922,4;685,7;23,1;18,3;23,3;22,3;18,5;17,4;78;72;74;79;5,1;1,6;
2026/02/13;1300 UTC;0;922,6;922,7;922,5;1172;24,1;18,2;24,9;23;19,1;17,8;75;67;70;58;5,1;1,4;
2026/02/13;1400 UTC;0;922,2;922,6;922,2;1655,5;24,9;18,1;27;24;19,9;17,9;72;59;66;65;5,1;2;
2026/02/13;1500 UTC;0;921,1;922,2;921,1;1429;25,4;18,8;27,3;24,7;19,5;17,9;68;58;67;64;5,3;2;
2026/02/13;1600 UTC;0;920,4;921,1;920,4;1341,8;22,9;20,1;27,1;22,8;20,2;18,7;84;62;84;118;6,7;2,9;
2026/02/13;1700 UTC;4;920,2;920,4;920,1;352,5;20;19,2;23,3;19,9;20,8;19,1;95;81;95;65;7;1,6;
2026/02/13;1800 UTC;4;920,1;920,3;920;152,8;19,8;19,1;20;19,2;19,3;18,4;96;95;95;99;3,5;,8;
2026/02/13;1900 UTC;0;919,9;920,1;919,8;208;20,8;19,8;20,8;19,7;19,8;18,7;95;93;94;71;5,5;1,6;
2026/02/13;2000 UTC;0;920,2;920,2;919,8;36,4;20,7;20;21;20,7;20,2;19,8;96;94;96;38;6,4;2,5;
2026/02/13;2100 UTC;0;920,6;920,7;920,2;4,2;20,2;19,5;20,7;20,2;20;19,5;96;96;96;54;6,4;2,3;
2026/02/13;2200 UTC;0;920,8;920,9;920,4;;20;19,3;20,2;19,9;19,5;19,2;96;96;96;79;5,1;1,5;
2026/02/13;2300 UTC;0;920,9;921;920,8;;20,4;18,1;20,4;19,6;19,3;18,1;96;86;86;71;7;1,3;
2026/02/14;0000 UTC;0;921,5;921,5;920,9;1;20;18,9;20,9;20;18,9;17,6;93;82;93;29;4,6;2,4;
2026/02/14;0100 UTC;0;921,6;921,9;921,5;;19,3;18,5;20;19,3;19;18,5;95;94;95;72;4,6;1;
2026/02/14;0200 UTC;0;921,3;921,6;921,3;;19,9;17,6;20;19,3;18,5;17,6;95;86;87;63;3,2;1,2;
2026/02/14;0300 UTC;0;920,3;921,3;920,3;;19,4;17,4;19,9;19,4;17,6;17,4;88;87;88;80;2,8;1;
2026/02/14;0400 UTC;0;919,7;920,3;919,7;;20,2;17,3;20,2;19,2;17,5;17,1;90;83;83;74;4,1;1,6;
2026/02/14;0500 UTC;0;919,4;919,7;919,4;;19,5;17,5;20,3;19,4;17,5;17,2;89;82;89;62;4,5;1,4;
2026/02/14;0600 UTC;0;919,1;919,4;919,1;;19,5;18,3;19,6;19,4;18,3;17,5;93;89;93;85;5,9;1,9;
2026/02/14;0700 UTC;0;919,2;919,2;918,9;;19,5;18,7;19,5;19,2;18,7;18,2;95;93;95;114;5,9;2;
2026/02/14;0800 UTC;0;919,4;919,5;919,2;;19,6;18,8;19,7;19,5;18,9;18,8;96;95;95;95;5,8;1,8;
2026/02/14;0900 UTC;0;919,9;920;919,4;24,4;19,9;19,1;19,9;19,5;19,1;18,8;95;95;95;116;5,6;2,1;
2026/02/14;1000 UTC;;;;;;;;;;;;;;;;;;
2026/02/14;1100 UTC;0;921;921,1;920,5;452,4;20,8;19,4;21,1;20,5;19,8;19;94;90;92;71;6,7;2;
2026/02/14;1200 UTC;0;921,2;921,4;921;667,5;22,7;20,1;23,2;20,8;20,4;18,9;92;81;85;99;4,5;1,5;
2026/02/14;1300 UTC;0;921,1;921,2;921;1565,9;24,8;19,9;24,8;22,7;21,3;19,3;86;74;74;86;5,8;1,3;
2026/02/14;1400 UTC;0;920,9;921,1;920,8;1841,3;26,2;19,6;26,4;23,8;21;18,8;77;66;67;117;6,9;2,1;
2026/02/14;1500 UTC;0;920;920,9;920;1853,8;26,4;19,2;27,3;25,2;20,3;18,4;72;61;65;124;7,5;2,2;
2026/02/14;1600 UTC;0;919,2;920,1;919,2;2176,4;27,4;18,1;28,2;25,3;20,5;18,1;68;57;57;119;7,5;2,3;
2026/02/14;1700 UTC;0;918,4;919,2;918,4;2500,3;27,7;18,2;28,5;26,7;19,4;17,1;61;52;56;85;7,1;2,3;
2026/02/14;1800 UTC;0;917,9;918,4;917,9;1761,1;25,8;19,2;29,1;25,6;19,2;17,3;67;51;67;70;8,6;3,2;
2026/02/14;1900 UTC;0;917,9;918,1;917,8;1429,2;24,9;19,1;26,7;24,7;19,7;18,5;71;62;70;79;8,1;3,1;
2026/02/14;2000 UTC;0;918,4;918,4;917,9;584,8;24,2;19,2;25;24,2;19,9;19,1;75;70;74;78;7,7;2,4;
2026/02/14;2100 UTC;0;918,9;919;918,4;56,3;22,3;19,7;24,2;22,3;19,7;18,8;85;73;85;79;8,1;2,4;
2026/02/14;2200 UTC;0;919,6;919,6;918,9;;21,4;19,6;22,3;21,4;19,7;19,5;89;85;89;64;7,4;2,2;
2026/02/14;2300 UTC;0;920,3;920,3;919,6;;20,9;19,5;21,4;20,9;19,6;19,5;92;89;92;67;6,7;1,6;
2026/02/15;0000 UTC;0;920,6;920,7;920,3;;20,5;19,3;20,9;20,4;19,6;19,2;93;92;93;94;6,3;2,3;
2026/02/15;0100 UTC;0;920,9;920,9;920,6;;20,4;19,4;20,5;20,2;19,4;19,2;94;93;94;94;7,2;2,5;
2026/02/15;0200 UTC;0;920,8;921;920,8;;20,3;19,5;20,5;20,2;19,6;19,4;95;94;95;94;7,2;1,5;
2026/02/15;0300 UTC;0;919,9;920,8;919,9;;19,9;19,2;20,2;19,9;19,4;19,2;96;95;96;77;6,5;1,7;
2026/02/15;0400 UTC;,2;919,4;919,9;919,4;;19,9;19,3;20;19,8;19,3;19,2;96;96;96;77;5,4;1,1;
2026/02/15;0500 UTC;0;918,6;919,3;918,6;;19,5;18,9;19,9;19,2;19,2;18,6;96;96;96;110;5,2;1,5;
2026/02/15;0600 UTC;,2;918,5;918,6;918,4;;19,6;19;19,6;19,3;19;18,7;96;96;96;79;5,2;1,5;
2026/02/15;0700 UTC;0;918,6;918,6;918,4;;19,4;18,8;19,6;19,3;18,9;18,7;97;96;97;75;4,8;1,7;
2026/02/15;0800 UTC;0;919;919;918,6;;19,4;18,8;19,5;19,3;18,9;18,7;97;97;97;82;4,5;1,1;
2026/02/15;0900 UTC;0;919,4;919,4;919;38,1;19,5;18,9;19,5;19,3;18,9;18,8;97;97;97;73;4,7;1,8;
2026/02/15;1000 UTC;0;920,2;920,2;919,4;164,8;19,6;19;19,6;19,2;19;18,7;97;96;96;73;6,5;1,6;
2026/02/15;1100 UTC;0;920,8;920,8;920,2;567;21,2;19,6;21,5;19,5;20,2;18,9;96;89;90;70;4,8;2,1;
2026/02/15;1200 UTC;0;920,8;920,9;920,8;1030,4;23,1;18,6;23,9;21,2;20,1;18,6;90;75;76;74;6;1,7;
2026/02/15;1300 UTC;0;920,7;920,8;920,6;1042,8;24,1;18,7;24,1;22,5;19,6;18,3;82;71;72;71;5,2;1,8;
2026/02/15;1400 UTC;0;920,3;920,7;920,3;2768,5;27,1;18,1;27,5;24,1;19,6;17,9;72;57;58;82;6,8;1,8;
2026/02/15;1500 UTC;0;919,7;920,3;919,7;2596,2;26,7;17,3;28,5;26,1;18,7;17,1;61;52;56;85;6,3;1,8;
2026/02/15;1600 UTC;0;918,8;919,7;918,8;2159,3;28,1;18,1;28,3;25,8;18,8;16,7;61;51;55;131;7;2,4;
2026/02/15;1700 UTC;0;918,4;918,8;918,4;1863,4;27;17,3;28,7;26,3;19,3;16,9;61;52;56;123;7,5;2,8;
2026/02/15;1800 UTC;0;918,1;918,4;918;1301,2;24,6;18;27,7;24,6;19;17,4;68;55;67;147;9,9;3,3;
2026/02/15;1900 UTC;0;918,3;918,4;918,1;637,6;24;17,8;24,6;23,9;18,5;17,7;70;67;69;157;10,4;4,5;
2026/02/15;2000 UTC;0;919;919;918,3;364,9;22,7;18,3;24,1;22,7;18,7;17,6;76;69;76;144;9,9;3,2;
2026/02/15;2100 UTC;0;919,8;919,9;919;66;21,5;18,9;22,7;21,5;18,9;18,1;85;76;85;126;8,6;2,5;
2026/02/15;2200 UTC;0;920,2;920,2;919,8;;20,6;18;21,5;20,6;19;17,9;86;84;85;102;6,2;1,4;
2026/02/15;2300 UTC;0;920,7;920,7;920,2;;19,9;18,2;20,6;19,9;18,2;18;90;85;90;123;7;2,4;
2026/02/16;0000 UTC;0;921,1;921,1;920,7;;19,7;18,5;19,9;19,7;18,6;18,2;93;90;93;81;7,6;2,3;
2026/02/16;0100 UTC;0;921,4;921,5;921,1;;19,5;18,3;19,7;19,3;18,6;18,1;94;92;93;80;7,6;1,9;
2026/02/16;0200 UTC;0;921,1;921,4;921;;19,1;18,2;19,5;19,1;18,4;18,1;95;93;95;67;6,8;1,4;
2026/02/16;0300 UTC;0;920,6;921,1;920,6;;18,6;17,8;19,1;18,5;18,3;17,8;96;95;95;67;4,3;1,2;
2026/02/16;0400 UTC;0;919,9;920,6;919,9;;18,8;17,9;18,8;18,6;18;17,8;95;95;95;74;4,5;1,8;
2026/02/16;0500 UTC;0;919,7;919,9;919,5;;18,7;17,9;18,8;18,6;18;17,8;95;95;95;73;4,5;,7;
2026/02/16;0600 UTC;0;920;920;919,7;;18,2;17,4;18,7;18,1;17,9;17,3;95;95;95;91;3,3;1;
2026/02/16;0700 UTC;0;919,9;920,1;919,9;;18;17,2;18,4;18;17,6;17,2;96;95;95;94;3,5;1,2;
2026/02/16;0800 UTC;0;920,4;920,4;919,9;;18,2;17,5;18,3;18;17,6;17,2;95;95;95;91;4;1,4;
2026/02/16;0900 UTC;0;920,6;920,6;920,4;20,9;18,6;17,9;18,6;18;17,9;17,2;96;95;96;77;4,3;1,3;
2026/02/16;1000 UTC;0;921,2;921,2;920,6;218,8;19,3;18,4;19,4;18,6;18,6;17,9;96;94;94;70;4,6;1,8;
2026/02/16;1100 UTC;0;921,6;921,6;921,2;485,5;21,8;18,2;21,9;19,3;18,8;17,6;95;78;80;66;5,9;1,9;
2026/02/16;1200 UTC;0;921,6;921,7;921,5;761;24,6;17,3;24,6;21,8;18,5;16,4;80;64;64;68;6,3;1,9;
2026/02/16;1300 UTC;0;921,6;921,6;921,5;2103,6;24,4;16;25,7;23,6;17,2;15,8;66;57;59;55;5;2,1;
2026/02/16;1400 UTC;0;921,3;921,6;921,3;2516,1;26,5;16,6;27,3;24;17,8;15,7;63;51;55;50;5,2;2,2;
2026/02/16;1500 UTC;0;920,5;921,3;920,5;2405;26,9;15,8;28,6;26,5;17,4;14,8;55;46;51;129;7;1,3;
2026/02/16;1600 UTC;0;919,8;920,5;919,8;2253,5;28,1;16,2;28,7;26,7;17,4;14,9;52;45;49;113;5,3;2;
2026/02/16;1700 UTC;0;919,1;919,8;919,1;1951,9;28,1;15,3;29;27;17,3;15,3;52;45;46;138;7,9;2,2;
2026/02/16;1800 UTC;0;918,9;919,1;918,9;560,6;26,4;15,8;28,4;25,8;17,1;15,3;56;46;52;84;5,6;1,2;
2026/02/16;1900 UTC;0;918,8;919;918,7;757,1;26,3;17,9;26,9;26,1;17,9;15,6;60;51;60;70;6;2;
2026/02/16;2000 UTC;0;919,1;919,2;918,7;406;24,1;19;26,3;24,1;19;17,8;73;60;73;105;7,9;2,1;
2026/02/16;2100 UTC;0;919,7;919,7;919,1;79,6;22,3;18,9;24,1;22,3;19,1;18,8;81;73;81;89;6,9;2,7;
2026/02/16;2200 UTC;0;920,1;920,2;919,5;;21,3;18,9;22,3;21,3;19,1;18,9;86;81;86;96;7;2,2;
2026/02/16;2300 UTC;0;920,7;920,7;920,1;;20,7;19;21,3;20,7;19;18,9;90;86;90;102;7,3;2,4;
2026/02/17;0000 UTC;0;921,2;921,2;920,6;;20,4;19,2;20,7;20,4;19,2;19;93;90;93;124;7,1;2,2;
2026/02/17;0100 UTC;0;921,7;921,7;921,2;;20,4;19,3;20,6;20,4;19,5;19,2;94;93;94;103;5,9;1,9;
2026/02/17;0200 UTC;0;921,1;921,7;921,1;;20,1;19;20,4;20;19,4;18,9;94;94;94;119;6,1;2;
2026/02/17;0300 UTC;0;920,5;921,1;920,5;;19,9;18,8;20,2;19,9;19;18,7;94;93;93;130;5,4;1,9;
2026/02/17;0400 UTC;0;920;920,5;920;;19,8;18,6;20;19,8;18,9;18,6;94;93;93;139;5,1;2,3;
2026/02/17;0500 UTC;0;919,7;920,1;919,7;;19,8;18,7;19,9;19,8;18,9;18,6;94;93;94;145;5,3;2,1;
2026/02/17;0600 UTC;0;919,6;919,8;919,6;;20;18,7;20;19,7;18,7;18,5;94;92;92;154;6,6;3,6;
2026/02/17;0700 UTC;0;919,6;919,6;919,5;;19,5;18,5;20;19,5;18,7;18,4;94;92;94;147;6,9;3,2;
2026/02/17;0800 UTC;0;920;920;919,5;;19,3;18,5;19,5;19,1;18,5;18,2;95;94;95;124;6,9;1,5;
2026/02/17;0900 UTC;0;920,3;920,3;920;8,5;19,2;18,3;19,4;19,2;18,6;18,3;95;95;95;156;4,8;2,5;
2026/02/17;1000 UTC;0;921;921;920,3;254,3;20,8;18,9;21;19,2;19,4;18,3;95;89;89;164;4,8;1,5;
2026/02/17;1100 UTC;0;921,5;921,5;921;332,5;20;19;20,9;19,8;19,4;18,6;94;89;94;139;5;2,2;
2026/02/17;1200 UTC;0;921,8;921,8;921,5;584,2;21;19,9;21,2;19,9;20,3;18,9;95;93;93;123;5;1;
2026/02/17;1300 UTC;0;921,6;921,8;921,5;775,9;22;20,1;22,3;20,7;20,3;19,4;94;87;89;157;5,2;2,5;
2026/02/17;1400 UTC;0;921,3;921,6;921,2;2003,3;24,7;18,9;25,9;22;21,6;18,7;90;69;70;108;5,9;2,2;
2026/02/17;1500 UTC;0;920,2;921,3;920,2;1469,7;24,7;17,9;26,3;24,5;20,3;17,9;72;64;66;150;6,2;2,3;
2026/02/17;1600 UTC;0;919,5;920,2;919,4;2476,1;27,6;17,6;28,9;24,7;19,7;17,6;69;54;54;91;7,6;2,4;
2026/02/17;1700 UTC;0;918,7;919,5;918,7;2139,1;26,5;17,8;29,2;26,5;19,2;17,4;59;52;59;93;7,6;2;
2026/02/17;1800 UTC;0;918,3;918,7;918,3;708;24,3;19,3;26,8;24,3;20,1;17,2;76;57;74;91;9,7;2,8;
2026/02/17;1900 UTC;0;918,3;918,4;918,1;1078,8;24;18,7;26,2;24;20;18,6;74;67;72;83;9,7;2,1;
2026/02/17;2000 UTC;0;918,6;918,6;918,2;206,3;22,9;18,9;24;22,8;18,9;18,2;79;72;79;111;6,7;2,1;
2026/02/17;2100 UTC;0;918,9;919;918,5;53,4;21,5;19,5;22,9;21,5;19,7;18,9;88;79;88;120;7,8;2,7;
2026/02/17;2200 UTC;0;919,7;919,7;918,9;;20,8;19,3;21,5;20,8;19,5;19,2;91;88;91;134;8,3;3,3;
2026/02/17;2300 UTC;0;919,9;920,1;919,7;;20,5;19,2;20,8;20,4;19,3;19,1;92;91;92;135;7,1;2,5;
2026/02/18;0000 UTC;0;920,5;920,6;919,9;;20,6;19,6;20,6;20,4;19,6;19,1;94;92;94;74;6,8;1,7;
2026/02/18;0100 UTC;0;920,6;920,6;920,5;;20,4;19,4;20,6;20,3;19,6;19,4;95;94;95;68;5,2;1,9;
2026/02/18;0200 UTC;0;920,2;920,6;920,1;;20;19,2;20,4;20;19,5;19,2;95;95;95;72;5,2;1,8;
2026/02/18;0300 UTC;0;919,8;920,2;919,8;;20;19,3;20,1;20;19,4;19,2;96;95;96;60;4;1,8;
2026/02/18;0400 UTC;0;919,3;919,8;919,2;;20,1;19,3;20,1;19,9;19,4;19,2;96;96;96;63;4,2;1,6;
2026/02/18;0500 UTC;0;918,8;919,3;918,8;;19,9;19,2;20,1;19,8;19,4;19,1;96;96;96;81;4,5;1,7;
2026/02/18;0600 UTC;0;919;919;918,7;;20,1;19,4;20,1;19,7;19,4;18,9;96;95;95;61;5,6;1,3;
2026/02/18;0700 UTC;0;919;919;918,9;;19,7;18,9;20,1;19,7;19,4;18,9;96;95;95;74;4,6;1,4;
2026/02/18;0800 UTC;0;919,1;919,2;919;;19,3;18,6;19,7;19,3;18,9;18,5;95;95;95;106;4,7;1,8;
2026/02/18;0900 UTC;0;919,6;919,6;919,1;10,6;19,7;19;19,8;19,3;19,1;18,6;96;95;96;77;6,2;2;
2026/02/18;1000 UTC;0;920,1;920,1;919,5;224,1;21,1;19,8;21,1;19,7;19,8;19;96;92;92;76;6,2;1,4;
2026/02/18;1100 UTC;0;920,9;920,9;920,1;514,5;22,2;19,4;22,3;21;19,7;19,1;92;84;84;77;3,7;,9;
2026/02/18;1200 UTC;0;921,3;921,3;920,9;745,7;23,5;19,2;23,6;22,2;19,7;18,9;84;77;77;55;3,8;2;
2026/02/18;1300 UTC;0;921,1;921,3;921,1;1185,7;24,7;19,4;24,9;23,4;19,9;18,7;78;71;73;66;5,2;1,5;
2026/02/18;1400 UTC;0;920,8;921,1;920,8;1513,8;25,8;18,6;26,3;24,7;19,7;17,7;72;62;65;79;7;1,6;
2026/02/18;1500 UTC;0;920;920,8;920;2569,8;27,2;18,2;28,7;25,7;19,7;17,9;65;55;58;59;5,7;1,9;
2026/02/18;1600 UTC;0;919,2;920;919,2;1161,2;27,7;19,4;27,7;25,2;20,3;18;71;57;61;68;4,8;1,1;
2026/02/18;1700 UTC;0;918,5;919,2;918,4;2072,1;27,9;18,1;29,6;27,5;19,6;17,6;60;50;55;62;4,3;2,2;
2026/02/18;1800 UTC;0;917,9;918,5;917,9;793,2;26,2;18;28,6;26,2;19,3;17,9;62;54;61;83;6;2,2;
2026/02/18;1900 UTC;0;917,9;918;917,9;357,4;25,6;18,8;26,5;25,6;18,8;18,1;66;61;66;82;6,8;2,3;
2026/02/18;2000 UTC;0;918,5;918,5;917,9;201,8;24,2;19,1;25,6;24,2;19,2;18,8;73;66;73;83;6,8;2;
2026/02/18;2100 UTC;0;918,6;918,7;918,4;20;22,9;19,8;24,2;22,9;19,8;19,1;83;73;83;90;6,5;2,2;
2026/02/18;2200 UTC;0;919,1;919,1;918,6;;21,9;20,2;22,9;21,9;20,2;19,8;90;83;90;110;6,4;2,5;
2026/02/18;2300 UTC;0;919,7;919,7;919,1;;21,2;19,9;21,9;21,2;20,2;19,9;92;90;92;108;7,9;2,7;
2026/02/19;0000 UTC;0;920,3;920,3;919,7;;21,1;19,9;21,2;21,1;19,9;19,8;93;92;93;88;7,9;1,4;
2026/02/19;0100 UTC;0;920,1;920,3;920,1;;21;20;21,1;20,9;20;19,7;94;92;94;70;5,6;1,7;
2026/02/19;0200 UTC;0;919,9;920,2;919,9;;20,7;19,8;21;20,5;19,9;19,6;95;94;95;64;5,4;1,4;
2026/02/19;0300 UTC;0;919,5;920;919,5;;20,3;19,5;20,7;20,3;19,8;19,5;95;95;95;52;4,8;1,5;
2026/02/19;0400 UTC;0;918,7;919,5;918,6;;20;19,2;20,3;19,9;19,5;19,2;95;95;95;56;3,3;1,6;
2026/02/19;0500 UTC;0;918,2;918,7;918,2;;19,7;19;20;19,7;19,2;19;96;95;96;55;3,1;1,1;
2026/02/19;0600 UTC;0;918;918,2;917,9;;19,9;19,3;20;19,7;19,4;19;96;96;96;41;3,5;1,5;
2026/02/19;0700 UTC;0;918,1;918,2;918;;19,8;19,3;19,9;19,8;19,3;19,2;97;96;97;51;3,7;1,3;
2026/02/19;0800 UTC;0;918;918,1;918;;19,9;19,3;19,9;19,8;19,4;19,3;97;97;97;41;3,3;1,4;
2026/02/19;0900 UTC;0;918,3;918,3;917,9;14,8;20,1;19,6;20,1;19,8;19,6;19,3;97;97;97;43;3,7;1,3;
2026/02/19;1000 UTC;0;919;919;918,3;94,6;20,2;19,7;20,3;20;19,8;19,5;97;97;97;40;4,7;1,7;
2026/02/19;1100 UTC;0;920;920;919;414,1;21,5;20,3;21,5;20,2;20,7;19,7;97;93;93;41;6,9;2,7;
2026/02/19;1200 UTC;0;920;920,1;919,9;773,7;23,6;19,7;23,8;21,4;20,4;19,1;93;77;78;30;6,9;2,4;
2026/02/19;1300 UTC;0;919,8;920;919,7;1147,5;25,3;18,9;25,9;23,5;19,8;18,7;78;66;68;40;5,3;2;
2026/02/19;1400 UTC;0;919,6;919,9;919,6;1108,2;27,5;18,7;27,5;25;19,4;18,5;70;59;59;42;4,6;1,5;
2026/02/19;1500 UTC;0;919;919,6;918,9;1767,4;28,9;18,1;29,6;26,6;19,4;17,5;62;52;52;76;5,2;1,1;
2026/02/19;1600 UTC;0;918,1;919;918,1;1669;27,4;18,4;29,5;27,4;20;17,7;60;51;58;166;5,6;2,1;
2026/02/19;1700 UTC;4,8;918;918,2;917,8;666,5;22,1;20,7;27,7;21;21;18,5;94;58;92;138;7,3;3,5;
2026/02/19;1800 UTC;0;917,3;918;917,1;824,6;23,3;19,3;24,2;22;22,2;19,2;91;75;78;115;6,6;3;
2026/02/19;1900 UTC;0;917,7;917,7;917,1;428,8;21,7;18,6;23,3;21,7;20,3;18,4;84;77;82;36;7,5;2,3;
2026/02/19;2000 UTC;,2;917,3;917,7;917,1;158,1;21,8;19,8;21,8;20,9;20;18,7;92;82;89;91;6,3;1,5;
2026/02/19;2100 UTC;0;918,4;918,4;917,3;20,3;22;20,6;22,3;21,8;20,6;19,9;92;88;92;86;7,8;2,1;
2026/02/19;2200 UTC;0;918,7;918,9;918,4;;21,5;20,5;22;21,5;20,7;20,5;94;92;94;85;6,9;2,3;
2026/02/19;2300 UTC;0;918,9;918,9;918,6;;21,1;20,3;21,6;21,1;20,5;20,2;95;94;95;83;6,9;1,6;
2026/02/20;0000 UTC;0;919,5;919,5;918,9;;20,8;20;21,1;20,7;20,3;20;95;95;95;63;4,8;,7;
2026/02/20;0100 UTC;0;919,8;919,9;919,5;;20,5;19,9;21,1;20,5;20,4;19,9;96;95;96;35;5,1;2,1;
2026/02/20;0200 UTC;0;919,5;919,8;919,4;;20;19,5;20,6;20;19,9;19,5;97;96;97;37;6,8;2,7;
2026/02/20;0300 UTC;0;919,5;919,6;919,5;;20;19,5;20,1;19,9;19,5;19,4;97;97;97;32;5,4;1,5;
2026/02/20;0400 UTC;0;919,1;919,5;919,1;;19,8;19,3;20;19,7;19,5;19,2;97;97;97;33;4,6;2,2;
2026/02/20;0500 UTC;0;918,9;919,3;918,9;;19,5;19;19,8;19,4;19,4;19;97;97;97;46;4,6;,8;
2026/02/20;0600 UTC;0;918,6;918,9;918,5;;19,6;19,1;19,6;19,2;19,1;18,8;97;97;97;60;2,2;1,2;
2026/02/20;0700 UTC;0;918,9;918,9;918,6;;19,6;19,1;19,6;19,4;19,1;18,9;97;97;97;54;2,4;,8;
2026/02/20;0800 UTC;0;919;919;918,8;;19,4;18,9;19,6;19,3;19,1;18,9;97;97;97;84;2,7;,8;
2026/02/20;0900 UTC;0;919,2;919,3;919;17;19,8;19,2;19,8;19,4;19,2;18,9;97;96;96;30;2,1;,6;
2026/02/20;1000 UTC;0;919,9;919,9;919,2;229,8;20,5;19,5;20,6;19,8;19,8;19,2;96;94;94;357;2;1;
2026/02/20;1100 UTC;0;920,2;920,2;919,9;419,3;22,3;19;22,6;20,5;20;18,6;94;81;81;52;3,1;1,2;
2026/02/20;1200 UTC;0;920,6;920,6;920,2;622,4;22,9;18,1;24;21,9;19,4;17,9;82;71;74;18;4,1;1,6;
2026/02/20;1300 UTC;0;920,2;920,6;920,2;2427,4;25,2;17,5;26,3;22,9;18,9;17,1;75;60;63;26;5;2,1;
2026/02/20;1400 UTC;0;919,7;920,2;919,7;2894,1;27,3;16,9;27,3;25,1;18,5;16,2;65;53;53;46;6,5;2,5;
2026/02/20;1500 UTC;0;919;919,7;919;2991,8;28,5;16,7;29,1;26,7;17,9;15,9;55;47;49;17;7,4;1,8;
2026/02/20;1600 UTC;0;918;919;918;1954,3;28,4;16,8;29,7;27,4;17,4;15,7;52;45;49;33;5,2;1,8;
2026/02/20;1700 UTC;0;917,1;918;917,1;1999,5;29,1;15,7;30,6;27,6;17;14,5;50;40;44;53;5,1;1,6;
2026/02/20;1800 UTC;0;916,6;917,1;916,5;1157,8;28;16,6;30,6;27,8;17,6;15,8;52;41;50;35;6,8;3,3;
2026/02/20;1900 UTC;0;916,6;916,6;916,4;562,2;25,6;19,1;28,7;25,6;19,1;16,5;67;48;67;36;10,9;5,2;
2026/02/20;2000 UTC;0;916,9;917,2;916,6;353,1;23,7;18,2;25,8;23,7;20;18,1;73;67;71;73;10,9;2,2;
2026/02/20;2100 UTC;0;917,4;917,4;916,8;50,4;22,6;19,7;23,7;22,6;19,8;18,1;84;71;84;73;6,6;2;
2026/02/20;2200 UTC;0;918,4;918,4;917,4;;22,1;20,2;22,6;22,1;20,3;19,8;89;84;89;92;5,9;2,1;
2026/02/20;2300 UTC;0;919,2;919,2;918,4;;21,7;20,1;22,1;21,7;20,2;20,1;91;89;91;70;6,4;1,9;
2026/02/21;0000 UTC;0;919,8;919,8;919,2;;21,3;19,8;21,7;21,2;20,1;19,7;91;91;91;53;4;1,8;
2026/02/21;0100 UTC;0;920,3;920,3;919,8;;20,7;18,8;21,3;20,5;19,9;18,7;92;89;89;67;4,6;1,3;
2026/02/21;0200 UTC;0;920;920,3;920;;20,2;18,4;20,8;20,2;18,8;18,4;90;86;90;59;2,9;1,3;
2026/02/21;0300 UTC;0;919,8;920;919,8;;19,9;19,1;20,2;19,9;19,1;18,4;95;90;95;55;4;1,7;
2026/02/21;0400 UTC;0;919,6;919,8;919,6;;19,9;19,3;19,9;19,8;19,3;19,1;96;95;96;21;5,5;2,9;
2026/02/21;0500 UTC;0;919,1;919,6;919,1;;19,6;19,1;19,9;19,6;19,3;19,1;97;96;97;22;5,5;1,7;
2026/02/21;0600 UTC;0;919,2;919,2;919;;19,7;19,2;19,7;19,4;19,2;18,9;97;97;97;3;3,3;1,1;
2026/02/21;0700 UTC;0;919,1;919,2;919;;19,5;18,9;19,8;19,5;19,3;18,9;97;97;97;19;2,9;1,6;
2026/02/21;0800 UTC;0;919,4;919,4;919;;19,5;18,9;19,5;19,2;18,9;18,7;97;97;97;11;2,9;1,2;
2026/02/21;0900 UTC;0;919,7;919,7;919,4;21,8;19,7;19,1;19,7;19,5;19,2;18,9;97;97;97;5;2,3;,7;
2026/02/21;1000 UTC;0;920,3;920,3;919,7;230,5;20;19,4;20,1;19,6;19,5;19;97;96;96;33;1,8;,9;
2026/02/21;1100 UTC;0;920,9;920,9;920,3;523,2;21,8;18,8;22,6;20;19,6;18,5;96;80;83;23;3,8;1,4;
2026/02/21;1200 UTC;0;921;921;920,9;812,4;25;18,2;25,1;21,7;19,9;17,9;83;65;66;34;5,8;2;
2026/02/21;1300 UTC;0;920,9;921;920,8;2441,8;25,8;17,6;26,3;24,2;18,7;16,8;69;58;60;32;5,6;2,1;
2026/02/21;1400 UTC;0;920,6;920,9;920,6;2917,1;28,2;18,4;28,5;25,4;18,4;17,1;61;52;55;54;5,2;2;
2026/02/21;1500 UTC;0;919,8;920,6;919,8;3146,2;28,5;17,3;29,5;27,4;18,3;16,4;55;47;51;73;5,9;1,7;
2026/02/21;1600 UTC;0;919,1;919,8;919;3059,8;29,7;16,3;30,7;28,5;18,2;15,1;51;42;45;63;5,8;1,9;
2026/02/21;1700 UTC;0;918,2;919,1;918,2;2304;30,5;13;31,6;28,7;16,9;11,5;47;31;34;65;5,8;1,9;
2026/02/21;1800 UTC;0;917,6;918,2;917,6;2032,5;30,2;17,3;31,9;30,1;17,6;11,4;47;31;46;64;6,9;2,6;
2026/02/21;1900 UTC;0;917,8;917,8;917,5;1351,2;27,8;16,9;30,1;27,8;17,7;16,9;52;46;51;59;6,9;3,4;
2026/02/21;2000 UTC;0;917,9;917,9;917,7;275,6;26,3;16,9;27,8;26,3;17,5;16,8;56;51;56;83;5,9;2,1;
2026/02/21;2100 UTC;0;918,5;918,6;917,9;36,5;24,1;20,1;26,3;24,1;20,1;17,1;78;56;78;75;7,3;2,4;
2026/02/21;2200 UTC;0;919,6;919,6;918,5;;22,7;20,1;24,1;22,7;20,3;20,1;86;78;86;85;9,2;2,9;
2026/02/21;2300 UTC;0;920,7;920,8;919,6;;22;20,1;22,7;22;20,2;20;89;86;89;84;8;2,7;
2026/02/22;0000 UTC;0;921,6;921,7;920,7;;21,4;19,9;22;21,4;20,2;19,9;91;89;91;76;7,3;2,2;
2026/02/22;0100 UTC;0;921,6;921,8;921,6;;21,1;19,9;21,5;21,1;20,1;19,9;93;91;93;69;5,4;2,2;
2026/02/22;0200 UTC;0;921,4;921,6;921,4;;20,7;19,6;21,1;20,7;19,8;19,6;93;92;93;63;5,9;1,4;
2026/02/22;0300 UTC;0;920,8;921,4;920,8;;20,6;19,4;20,7;20,6;19,6;19,4;93;93;93;50;3,2;1,4;
2026/02/22;0400 UTC;0;920,3;920,9;920,3;;20,5;19,4;20,6;20,4;19,4;19,2;93;92;93;38;2,9;1,2;
2026/02/22;0500 UTC;0;919,8;920,3;919,8;;20,1;19,4;20,5;20,1;19,5;19,4;96;93;96;46;3,9;1,7;
2026/02/22;0600 UTC;0;919,6;919,8;919,5;;20,1;19,5;20,2;20;19,5;19,3;96;96;96;39;5,2;2,1;
2026/02/22;0700 UTC;0;919,4;919,5;919,3;;20;19,4;20,2;19,9;19,5;19,3;96;96;96;52;5,2;1,5;
2026/02/22;0800 UTC;0;919,2;919,4;919,1;;19,8;19,3;20;19,8;19,5;19,3;97;96;97;38;2,8;1,1;
2026/02/22;0900 UTC;0;919,5;919,5;919,2;15;19,7;19,2;19,9;19,6;19,3;19;97;97;97;25;2,5;1,3;
2026/02/22;1000 UTC;0;920,1;920,2;919,5;130,4;20;19,4;20;19,6;19,4;19,1;97;97;97;28;2,3;1,1;
2026/02/22;1100 UTC;0;920,7;920,7;920,1;361,8;21,7;19,4;21,7;20;20,5;18,9;97;86;86;32;4,5;1,6;
2026/02/22;1200 UTC;0;920,8;920,9;920,7;821,8;24,1;18,7;24,2;21,7;20;18,4;86;72;72;32;5,5;2,7;
2026/02/22;1300 UTC;0;920,6;920,9;920,6;1983;25,2;17,9;26,4;23,9;19,3;17,5;74;60;64;28;7,7;3,5;
2026/02/22;1400 UTC;0;920,4;920,7;920,4;2015,4;26,6;17,4;27,2;24,7;18,5;17;66;56;57;39;7,6;2,9;
2026/02/22;1500 UTC;0;920;920,5;920;2667,4;28;18;28,3;25,9;18,4;17;59;53;54;45;8,3;2,7;
2026/02/22;1600 UTC;0;919,2;920;919,2;2565,9;28,6;17;29,3;27,5;18;16,2;54;47;50;36;6,6;2,5;
2026/02/22;1700 UTC;0;918,5;919,2;918,5;1704,8;28;16,1;30;27,8;17,2;15,7;51;43;48;28;9;3,2;
2026/02/22;1800 UTC;0;918,1;918,6;918,1;1529,8;28,7;16,2;30,5;28;17;15,7;49;42;47;73;5,5;1,7;
2026/02/22;1900 UTC;0;917,5;918,1;917,5;946,4;28,3;15,6;28,9;27,9;16,2;15,3;48;44;46;82;6,3;1,7;
2026/02/22;2000 UTC;0;917,5;917,5;917,4;456,2;26,3;18,3;28,8;26,3;18,6;15,7;62;46;61;74;7;2,1;
2026/02/22;2100 UTC;0;918;918,1;917,5;33,1;24,9;18,2;26,4;24,9;18,2;17,9;66;60;66;51;7,2;3,3;
2026/02/22;2200 UTC;0;918,8;918,8;918;;23,6;18,9;24,9;23,6;19;18,2;75;66;75;39;7,4;3,1;
2026/02/22;2300 UTC;0;919,3;919,3;918,8;;22,5;18,7;23,6;22,5;19,1;18,7;79;75;79;36;8,1;3,1;
2026/02/23;0000 UTC;0;919,9;919,9;919,3;;21,1;17,5;22,5;21;18,7;17,5;80;79;80;40;6,9;2,4;
2026/02/23;0100 UTC;0;920,2;920,3;919,9;;20,3;17,6;21,1;20,3;17,6;17,5;84;80;84;37;5,7;1,8;
2026/02/23;0200 UTC;0;919,9;920,3;919,9;;19,8;18,2;20,3;19,8;18,2;17,5;90;84;90;36;5,1;2;
2026/02/23;0300 UTC;0;919,2;919,9;919,2;;19,7;18,9;19,8;19,6;18,9;18,2;95;90;95;22;4,7;1,9;
2026/02/23;0400 UTC;0;918,8;919,2;918,8;;19,9;19,1;19,9;19,7;19,1;18,9;95;95;95;26;5,6;2,5;
2026/02/23;0500 UTC;0;918,6;918,8;918,6;;19,9;19,1;20,1;19,9;19,2;19;95;94;95;30;5,3;2,2;
2026/02/23;0600 UTC;0;918;918,6;917,9;;19,9;19,2;20;19,9;19,2;19;96;95;96;15;5,1;2,3;
2026/02/23;0700 UTC;0;918,3;918,3;917,9;;19,9;19,2;20;19,8;19,3;19,1;96;96;96;28;4,7;2,5;
2026/02/23;0800 UTC;0;918,6;918,6;918,2;;19,9;19,2;20;19,8;19,3;19,2;96;96;96;33;5,1;2;
2026/02/23;0900 UTC;0;918,9;919;918,6;17,5;20,1;19,5;20,1;19,9;19,5;19,2;96;96;96;41;4,7;1,5;
2026/02/23;1000 UTC;0;919,1;919,1;918,8;280,9;21,6;19,9;21,6;20,1;20,4;19,5;96;90;90;58;4,2;1,3;
2026/02/23;1100 UTC;0;919,6;919,6;919,1;442,9;21,9;19,3;22;21,2;20,1;19,1;91;84;85;33;6,1;3;
2026/02/23;1200 UTC;0;919,7;919,7;919,6;808,2;24,6;18,5;25,4;21,9;20;18,5;85;68;69;32;7,5;3,4;
2026/02/23;1300 UTC;0;919,5;919,7;919,5;1762,2;26;17,8;27,2;24,3;19,6;17,8;72;59;61;38;8,2;3,2;
2026/02/23;1400 UTC;0;919,2;919,6;919,2;2764,4;28,4;17,8;28,7;26,1;18,6;16,8;61;50;52;30;7,2;3;
2026/02/23;1500 UTC;0;918,5;919,2;918,5;3044,3;30,2;17,2;30,7;28;18,6;16,2;52;44;46;4;7,6;2;
2026/02/23;1600 UTC;0;917,8;918,5;917,8;1649,6;27,4;18,4;31;27,4;18,4;16,2;58;42;58;84;7,3;2,7;
2026/02/23;1700 UTC;0;917,2;917,8;917,2;746,1;26,5;18,7;27,4;24,1;20,2;17,9;75;58;63;68;7,5;2,2;
2026/02/23;1800 UTC;0;916,8;917,2;916,7;1001,4;25,7;19,7;26,9;25,3;20,1;18,4;70;62;70;62;7,1;2,9;
2026/02/23;1900 UTC;0;916,4;916,8;916,4;1221;24,9;19,1;26,3;24,9;19,9;18,5;70;64;70;58;8,2;2,6;
2026/02/23;2000 UTC;0;916,8;916,9;916,3;275,9;25,1;20,1;25,2;24,5;20,1;19,2;75;71;74;40;5,6;2,5;
2026/02/23;2100 UTC;0;917,2;917,3;916,8;47,4;23,7;20,6;25,1;23,7;20,6;19,9;83;73;83;47;5,6;2,5;
2026/02/23;2200 UTC;0;917,5;917,5;917,2;;23;20,7;23,7;22,9;20,7;20,5;87;83;87;48;4,7;1,9;
2026/02/23;2300 UTC;0;918,2;918,2;917,5;;22,3;20,4;22,9;22,3;20,7;20,4;89;87;89;58;5,9;2,2;
2026/02/24;0000 UTC;0;919,1;919,1;918,2;;21,7;20,3;22,4;21,7;20,8;20,3;92;89;92;46;6,6;1,7;
2026/02/24;0100 UTC;0;919,3;919,4;919;;21,4;20;21,7;21,4;20,2;19,8;92;90;92;33;4,8;2,4;
2026/02/24;0200 UTC;0;919,1;919,4;919,1;;21,3;20;21,4;21,2;20,1;19,9;93;92;93;35;4,8;1,4;
2026/02/24;0300 UTC;0;918,4;919,1;918,4;;20,9;20;21,3;20,9;20,1;20;95;93;95;45;4,3;1,6;
2026/02/24;0400 UTC;0;918,1;918,4;918,1;;20,4;19,6;20,9;20,4;20,1;19,6;95;95;95;50;2,9;1,3;
2026/02/24;0500 UTC;0;917,5;918,1;917,5;;20,1;19,4;20,6;20,1;19,9;19,4;96;95;96;49;3,9;1,5;
2026/02/24;0600 UTC;0;917,5;917,6;917,5;;20,2;19,5;20,2;20;19,5;19,3;96;96;96;50;3;1,5;
2026/02/24;0700 UTC;0;917,9;917,9;917,5;;20,4;19,7;20,4;20,1;19,7;19,4;96;95;96;47;3,2;1,2;
2026/02/24;0800 UTC;0;917,7;918;917,7;;20,3;19,7;20,4;20,3;19,8;19,6;96;96;96;45;3,1;1,4;
2026/02/24;0900 UTC;0;918,2;918,2;917,7;19,6;20,3;19,7;20,4;20,1;19,7;19,4;96;96;96;47;3;1,4;
2026/02/24;1000 UTC;0;918,7;918,7;918,2;224,9;21;20,2;21;20,3;20,4;19,7;96;95;95;44;3,5;1,8;
2026/02/24;1100 UTC;0;919,3;919,3;918,7;451;22,8;19,9;23,1;21;20,6;19,5;95;82;84;40;6,3;2,6;
2026/02/24;1200 UTC;0;919,5;919,6;919,3;757,7;23,8;19,6;24,9;22,3;20,3;19,1;85;74;77;29;6,3;2,2;
2026/02/24;1300 UTC;0;919,1;919,5;919,1;1844,8;25,2;18,7;26,3;23,8;20,1;18,5;78;63;67;43;6,4;1,9;
2026/02/24;1400 UTC;0;918,8;919,1;918,8;1374;25,5;18,9;27,9;24,9;19,8;18,6;69;58;67;73;6,2;1,1;
2026/02/24;1500 UTC;0;917,9;918,8;917,9;2298;27,8;18,6;29;25,5;19,6;18,4;68;54;57;55;5,5;2,3;
2026/02/24;1600 UTC;0;916,9;917,9;916,9;2606,8;27,4;19,3;29,8;27,2;20,4;18,2;61;53;61;55;6;2,9;
2026/02/24;1700 UTC;0;916,1;916,9;916,1;2508,3;27,8;19,6;29,3;27,3;20,4;18,4;64;55;61;36;10,2;4;
2026/02/24;1800 UTC;0;915,8;916,2;915,7;1797,7;27,4;19,3;28,3;26,3;20,4;19,1;67;58;61;35;9,5;4;
2026/02/24;1900 UTC;0;915,4;915,8;915,3;1167,7;26,5;19,3;28;26,5;19,6;18,3;65;57;65;40;9,1;3,3;
2026/02/24;2000 UTC;0;915,9;916;915,4;28,9;24,4;20;26,5;24,4;20;19,3;76;65;76;45;9,2;2,8;
2026/02/24;2100 UTC;0;916,3;916,4;915,9;6,7;23,8;20,2;24,4;23,8;20,3;20;80;76;80;46;5,9;2,3;
2026/02/24;2200 UTC;0;916,8;916,8;916,3;;22,7;20,1;23,8;22,7;20,3;20;86;80;86;40;7,3;2,5;
2026/02/24;2300 UTC;0;917,2;917,2;916,7;;22;20,7;22,7;22;20,8;20,1;93;86;93;60;5,8;2,2;
2026/02/25;0000 UTC;0;917,7;917,7;917,2;;21,6;20,3;22;21,6;20,7;20,3;93;92;92;60;4,5;1,9;
2026/02/25;0100 UTC;0;918,1;918,2;917,7;;21,1;19,8;21,7;21,1;20,4;19,8;93;92;92;53;4,6;1,9;
2026/02/25;0200 UTC;0;917,9;918,1;917,9;;21;19,6;21,1;20,9;19,8;19,4;92;90;92;43;3,9;1,4;
2026/02/25;0300 UTC;0;917,6;918;917,6;;20,3;19,6;21;20,3;19,7;19,5;95;92;95;31;4,2;1,8;
2026/02/25;0400 UTC;0;917;917,6;916,9;;20,1;19,4;20,4;20;19,6;19,4;96;95;96;32;4,5;2,1;
2026/02/25;0500 UTC;0;916,6;917;916,5;;19,9;19,3;20,1;19,7;19,5;19,1;96;96;96;42;4,5;1,7;
2026/02/25;0600 UTC;0;916,9;916,9;916,5;;20;19,4;20,1;19,9;19,5;19,3;97;96;97;26;5,1;2,3;
2026/02/25;0700 UTC;0;917;917,1;916,8;;19,8;19,3;20;19,7;19,4;19,2;97;97;97;15;4,5;2,1;
2026/02/25;0800 UTC;0;917,4;917,4;917;;19,7;19,2;20;19,7;19,4;19,2;97;97;97;7;4;1,8;
2026/02/25;0900 UTC;0;917,4;917,5;917,3;16,2;19,8;19,3;19,9;19,5;19,4;19;97;97;97;26;4,7;2,6;
2026/02/25;1000 UTC;0;918,1;918,1;917,4;157,4;20,2;19,6;20,2;19,7;19,7;19,2;97;97;97;342;4,7;1,5;
2026/02/25;1100 UTC;0;918,5;918,6;918;409;22,6;19,6;22,6;20,1;20,3;19,2;97;83;83;22;3,7;1,5;
2026/02/25;1200 UTC;0;918,6;918,7;918,5;737,8;24,5;18,2;24,8;22,6;20;17,8;83;67;68;28;6,9;3,1;
2026/02/25;1300 UTC;0;918,4;918,6;918,4;2327,7;26,6;17,7;27,2;24,3;19;17,2;69;57;58;25;7,7;3;
2026/02/25;1400 UTC;0;918;918,4;918;2720,8;28,4;16,7;28,8;26,6;17,8;15,7;58;48;49;10;7;2,7;
2026/02/25;1500 UTC;0;917;918;917;2890,8;28,5;16,2;29,6;27;17,2;15,6;53;45;47;31;6,9;1,8;
2026/02/25;1600 UTC;0;916,2;917;916,2;2442,5;29,3;16,2;30,1;27,9;17,3;15,5;50;43;45;27;6;1,8;
2026/02/25;1700 UTC;0;915,6;916,2;915,6;1559,3;29,5;15,8;30,8;29;17,3;15,5;47;42;44;131;4;,9;
2026/02/25;1800 UTC;0;915,1;915,6;915,1;1257,2;30,1;16,3;30,8;28,7;17,4;15,7;48;41;43;81;5,4;1,4;
2026/02/25;1900 UTC;0;914,7;915,1;914,7;980,7;29,1;15,6;30,2;29;16,5;15,5;46;43;44;31;4,4;1,2;
2026/02/25;2000 UTC;0;914,8;914,9;914,7;383,5;28,4;16,1;29,5;28,4;16,4;15,6;47;43;47;33;6,4;2,9;
2026/02/25;2100 UTC;0;915,4;915,4;914,8;27,3;26;18,4;28,4;26;18,4;16,3;63;47;63;40;8,6;3,2;
2026/02/25;2200 UTC;0;916;916;915,3;;23,6;20,5;26;23,6;20,5;18,6;83;63;83;36;9,6;4,2;
2026/02/25;2300 UTC;0;916,6;916,6;916;;22,6;20,4;23,6;22,6;20,5;20,3;87;83;87;32;9,6;4,1;
2026/02/26;0000 UTC;0;917,4;917,5;916,6;;21,6;19,3;22,6;21,6;20,4;19,3;89;86;87;37;7,9;3,4;
2026/02/26;0100 UTC;0;917,9;917,9;917,4;;21,1;19,3;21,6;21,1;19,3;19,2;90;87;90;14;7,6;4;
2026/02/26;0200 UTC;0;917,9;918,1;917,8;;20,7;18,9;21,1;20,6;19,3;18,8;90;89;89;11;7,2;3,5;
2026/02/26;0300 UTC;0;917,3;917,9;917,3;;20,4;18,9;20,7;20,4;19,2;18,8;92;89;91;6;7,4;2,5;
2026/02/26;0400 UTC;0;916,9;917,3;916,9;;20,5;19,2;20,5;20,3;19,3;18,9;93;91;93;9;6,1;2,3;
2026/02/26;0500 UTC;0;916,8;917;916,8;;20,4;19,3;20,5;20,4;19,3;19,1;93;92;93;337;5,4;1,9;
2026/02/26;0600 UTC;0;916,5;916,8;916,5;;20,4;19,3;20,5;20,3;19,4;19,2;94;93;94;342;4,4;1,3;
2026/02/26;0700 UTC;0;916,6;916,6;916,4;;20,2;19,3;20,4;20,1;19,3;19,2;95;94;95;342;2,7;1,2;
2026/02/26;0800 UTC;0;916,8;916,9;916,5;;20,1;19,4;20,2;20,1;19,4;19,3;95;95;95;358;4,6;2,2;
2026/02/26;0900 UTC;0;917,5;917,5;916,8;22;20,2;19,5;20,2;20,1;19,6;19,3;96;95;96;342;4,8;2;
2026/02/26;1000 UTC;0;918,2;918,2;917,5;143,1;20,5;19,8;20,5;20,1;19,8;19,5;96;96;96;346;4,3;2;
2026/02/26;1100 UTC;0;918,9;918,9;918,2;408,6;22,5;19,2;22,6;20,5;19,9;19;95;81;81;9;6,9;3,5;
2026/02/26;1200 UTC;0;919,2;919,2;918,9;827,3;24,4;18,9;24,4;22,5;19,5;18,2;82;71;72;357;7;2,6;
2026/02/26;1300 UTC;0;919,2;919,4;919,2;734,2;24,9;18,5;25,1;23,8;19,2;18,1;73;67;67;2;6,1;2,4;
2026/02/26;1400 UTC;0;918,7;919,2;918,6;1926,8;27,7;18,3;27,8;24,8;19;17,3;69;57;57;18;6,8;2,3;
2026/02/26;1500 UTC;0;918,4;918,7;918,4;1133,2;26,6;17,9;27,9;26,2;18,4;17,3;60;54;59;356;6,5;2,2;
2026/02/26;1600 UTC;0;917,9;918,4;917,9;408,4;26,2;18;26,8;26,1;18,4;17,7;61;59;61;18;5,5;2,5;
2026/02/26;1700 UTC;0;917,4;917,9;917,4;769,6;26,3;18,9;26,7;25,8;19,1;18;65;61;64;350;6,2;2,7;
2026/02/26;1800 UTC;0;916,9;917,4;916,9;907,4;26,1;18,7;26,6;25,5;19,3;18,5;67;62;64;360;6,2;2,3;
2026/02/26;1900 UTC;0;916,4;916,9;916,4;450,5;26,2;18,4;26,4;25,8;18,8;18,1;64;61;62;360;4,5;1,8;
2026/02/26;2000 UTC;0;916,2;916,4;916,2;185,3;25,4;18,3;26,2;25,4;18,5;18,1;65;61;65;37;5;2,1;
2026/02/26;2100 UTC;0;916,8;916,8;916,1;35,2;24,8;19,1;25,4;24,8;19,1;18,3;71;65;71;41;5,5;2,3;
2026/02/26;2200 UTC;0;917,6;917,6;916,8;;22,8;20,7;24,8;22,8;20,7;19,2;88;71;88;33;9,1;3,3;
2026/02/26;2300 UTC;0;918,5;918,5;917,6;;22,5;20,2;22,8;22,5;20,8;20,1;89;87;87;14;8,2;4;
2026/02/27;0000 UTC;0;919,2;919,2;918,5;;22,3;20,5;22,5;22,3;20,5;20,2;89;87;89;15;7,7;3,9;
2026/02/27;0100 UTC;0;919,3;919,4;919,1;;20,7;20;22,4;20,7;21,1;20;96;89;96;32;9,9;4,7;
2026/02/27;0200 UTC;1,8;919,1;919,5;919;;20,7;20,1;21;20,3;20,4;19,7;97;96;97;14;10;5,5;
2026/02/27;0300 UTC;5,8;918,1;919,1;918,1;,8;20,7;20,2;20,7;20,1;20,2;19,6;97;97;97;10;10;3,5;
2026/02/27;0400 UTC;0;917,7;918,1;917,6;,4;20,7;20,2;20,7;20,6;20,2;20,1;97;97;97;12;7,8;4;
2026/02/27;0500 UTC;0;917,4;917,7;917,4;,9;20,5;20;20,8;20,5;20,3;20;97;97;97;14;7,5;3,2;
2026/02/27;0600 UTC;0;917,1;917,4;917,1;,7;20,6;20,1;20,7;20,5;20,2;20;97;97;97;359;6,8;2,1;
2026/02/27;0700 UTC;0;917,3;917,3;917,1;,4;20,5;20;20,7;20,4;20,2;19,9;97;97;97;8;5,5;2,4;
2026/02/27;0800 UTC;0;917,5;917,6;917,3;,5;20,5;20,1;20,6;20,4;20,1;20;97;97;97;10;6;3,3;
2026/02/27;0900 UTC;0;918;918;917,5;14,6;20,6;20,1;20,7;20,5;20,2;20;97;97;97;353;5,9;2;
2026/02/27;1000 UTC;0;918,5;918,5;918;243;20,9;20,4;21,1;20,5;20,6;20,1;97;97;97;3;7,2;3,1;
2026/02/27;1100 UTC;0;918,9;918,9;918,4;375,9;21,5;21,1;21,5;20,5;21,1;20;97;97;97;349;7,2;2,4;
2026/02/27;1200 UTC;0;919;919,1;918,9;722,1;23,9;20,4;24,7;21,5;22,2;20,1;97;80;81;359;6,7;3,3;
2026/02/27;1300 UTC;0;918,7;919;918,6;1804,7;26,1;19,2;26,3;23,9;20,9;19,2;82;66;66;3;7,8;3,2;
2026/02/27;1400 UTC;0;918,5;918,7;918,5;1230;25,3;19,3;27,1;25,2;20,4;18,8;71;64;69;6;7;2,5;
2026/02/27;1500 UTC;0;917,7;918,5;917,7;1437,6;27,3;19,7;27,4;25,3;20,1;18,9;71;61;63;5;7,1;3;
2026/02/27;1600 UTC;0;916,8;917,7;916,8;2736,6;27,5;19,3;28,5;26,4;20;18,3;65;55;61;34;8,6;3,1;
2026/02/27;1700 UTC;0;916,3;916,8;916,2;1587,9;26;19,6;28,3;25,9;20,3;18,7;69;59;68;34;8,7;4,4;
2026/02/27;1800 UTC;0;915,5;916,3;915,4;2086,2;26,9;18,5;28;25,7;21,5;18,5;76;58;60;32;8,7;4,5;
2026/02/27;1900 UTC;0;915,3;915,5;915,2;736,2;23,4;20,2;26,9;23,4;20,6;18,5;82;60;82;33;9,7;4,8;
2026/02/27;2000 UTC;0;916;916;915,2;98,4;22;20,4;23,4;22;20,7;20,1;91;82;91;32;10,4;3,6;
2026/02/27;2100 UTC;0;916,6;916,6;916;21,9;21,5;19,8;22,4;21,5;20,4;19,4;91;85;90;32;7;3,3;
2026/02/27;2200 UTC;0;917,7;917,7;916,6;;21,7;20,2;21,7;21,4;20,3;19,6;91;89;91;20;8,6;4,8;
2026/02/27;2300 UTC;0;918,2;918,2;917,7;;21,6;20,6;21,8;21,6;20,6;20,2;94;91;94;15;9,5;3,6;
2026/02/28;0000 UTC;0;918,9;918,9;918,2;0;21,6;20,5;21,7;21,6;20,7;20,5;94;94;94;1;8,4;3;
2026/02/28;0100 UTC;0;919,4;919,4;918,9;;20,8;20;21,6;20,8;20,7;20;96;93;95;14;9,4;5,5;
2026/02/28;0200 UTC;0;918,6;919,4;918,6;;20,9;20,2;20,9;20,5;20,2;19,7;96;95;96;14;10,2;4,8;
2026/02/28;0300 UTC;0;918;918,6;918;,3;20,9;20,3;21;20,9;20,4;20,2;97;96;97;9;9,1;3,9;
2026/02/28;0400 UTC;0;917,6;918,1;917,6;,3;20,5;20;20,9;20,5;20,3;19,9;97;97;97;9;8,1;3,4;
2026/02/28;0500 UTC;0;917,3;917,6;917,3;;20,6;20;20,7;20,5;20,2;20;97;97;97;12;6,8;3,4;
2026/02/28;0600 UTC;0;917,3;917,3;917,1;;20,4;19,9;20,6;20,3;20,1;19,8;97;97;97;360;6,4;2,9;
2026/02/28;0700 UTC;0;917,3;917,3;917,2;;20,3;19,9;20,5;20,2;20;19,8;97;97;97;352;7,4;2,4;
2026/02/28;0800 UTC;0;917,5;917,5;917,2;,2;20,2;19,7;20,4;20,1;19,9;19,7;97;97;97;353;6,6;2,7;
2026/02/28;0900 UTC;0;917,8;917,8;917,5;12,7;20,1;19,7;20,2;20,1;19,8;19,7;97;97;97;360;6,3;2,9;
2026/02/28;1000 UTC;0;918,1;918,1;917,8;185,7;20,4;20;20,5;20,1;20;19,6;97;97;97;4;6,6;2,8;
2026/02/28;1100 UTC;0;919;919;918,1;388,3;21,5;20,3;21,5;20,3;20,5;19,9;97;93;93;5;6,8;2,9;
2026/02/28;1200 UTC;0;919,1;919,1;918,8;679,1;22,7;19,3;23,3;21,4;20,4;19,2;93;81;81;10;8,2;4,4;
2026/02/28;1300 UTC;0;919,1;919,1;919;1253;24,2;19,6;24,3;22,7;20;19;82;74;76;28;8,3;3,4;
2026/02/28;1400 UTC;0;918,9;919,1;918,9;1118,8;24,8;19,7;25;23,7;20;19;77;70;73;12;7;3,2;
2026/02/28;1500 UTC;0;918;918,9;918;1975;26,6;18,6;26,9;24,8;20,2;18,5;73;61;62;14;7,5;3;
2026/02/28;1600 UTC;0;917,2;918;917,2;1755,1;26,7;19,1;27,5;25,9;20,1;18,4;66;59;63;47;6,8;2,3;
2026/02/28;1700 UTC;0;916,2;917,2;916,2;1438,9;27,4;18,6;27,7;26,2;19,9;18,4;66;59;59;25;7;3,4;
2026/02/28;1800 UTC;0;915,7;916,2;915,7;845,7;25,5;20;27,4;25,5;20,2;18,3;72;59;72;36;8,1;4;
2026/02/28;1900 UTC;0;915,5;915,7;915,4;506,5;24,7;19,5;25,5;24,7;20,1;19,3;73;71;73;33;7,6;3,5;
2026/02/28;2000 UTC;0;916,3;916,3;915,4;153,7;23,6;19,3;24,7;23,6;19,8;19,2;77;73;77;35;7,6;3,5;
2026/02/28;2100 UTC;0;917;917;916,3;14,7;22,4;19,4;23,6;22,4;19,5;19,2;83;77;83;35;6,7;2,9;
2026/02/28;2200 UTC;0;917,9;917,9;917;;21,4;20,1;22,4;21,4;20,1;19,4;92;83;92;41;6,3;2,5;
2026/02/28;2300 UTC;0;918,5;918,5;917,9;;20,6;19,8;21,4;20,6;20,1;19,8;95;92;95;35;6,6;2,4;
2026/03/01;0000 UTC;0;919,1;919,1;918,5;;20,5;19,7;20,6;20,4;19,8;19,7;96;95;95;12;5,1;1,8;
2026/03/01;0100 UTC;0;919,4;919,5;919,1;;20,5;19,7;20,6;20,3;19,8;19,5;96;95;95;9;5,7;2,9;
2026/03/01;0200 UTC;0;919,2;919,5;919,2;;20,5;19,8;20,6;20,4;19,8;19,6;96;95;96;12;6,4;2,1;
2026/03/01;0300 UTC;0;918,7;919,2;918,7;;20,6;19,9;20,6;20,4;19,9;19,7;96;96;96;9;4,2;1,6;
2026/03/01;0400 UTC;0;918;918,7;918;;20,7;20,1;20,8;20,6;20,2;19,9;96;96;96;1;4,1;2;
2026/03/01;0500 UTC;0;917,3;918;917,3;;20,6;20,1;20,7;20,5;20,1;20;97;96;97;9;5,4;2,8;
2026/03/01;0600 UTC;0;917,2;917,3;917,2;,2;20,4;19,9;20,6;20,4;20,1;19,9;97;97;97;15;5,4;2,9;
2026/03/01;0700 UTC;0;917,2;917,3;917,1;;20,6;20,2;20,6;20,3;20,2;19,9;97;97;97;354;5,1;2,2;
2026/03/01;0800 UTC;0;917,4;917,4;917,2;;20,4;20;20,6;20,4;20,1;19,9;97;97;97;18;4,6;1,6;
2026/03/01;0900 UTC;0;917,8;917,8;917,4;10,5;20,5;20;20,6;20,3;20,1;19,9;97;97;97;353;3,9;1,6;
2026/03/01;1000 UTC;0;918,4;918,4;917,8;163;20,8;20,3;20,8;20,4;20,3;19,9;97;97;97;16;4,1;1,8;
2026/03/01;1100 UTC;0;919;919;918,4;419,1;22,6;20,4;23;20,6;21;20,1;97;86;87;6;4,5;1,3;
2026/03/01;1200 UTC;0;919,1;919,1;919;1009,1;25,5;19,4;25,6;22,5;20,9;19,4;87;69;69;12;4,6;2,1;
2026/03/01;1300 UTC;0;919;919,1;919;1283,5;25,1;19,5;26;24,8;20;19;74;68;71;11;4,7;2;
2026/03/01;1400 UTC;0;918,7;919,1;918,7;703,5;24,9;19,4;25,3;23,4;20,6;19,2;83;70;71;287;4,6;,5;
2026/03/01;1500 UTC;0;917,8;918,7;917,8;1264,4;27,8;19,7;27,8;24,4;20;18,3;74;59;61;186;2,8;1,2;
2026/03/01;1600 UTC;0;916,8;917,8;916,8;1501,4;26,3;20;28,2;25,9;20;17,8;69;55;68;31;7,5;3,9;
2026/03/01;1700 UTC;0;916,4;916,8;916,3;872,6;22,7;19,9;27,4;22,7;20,4;19,2;85;63;85;231;7,5;2,4;
2026/03/01;1800 UTC;2,4;915,9;916,5;915,9;96,2;21,2;20,5;22,7;21;20,6;20,1;96;85;96;211;6,9;1,4;
2026/03/01;1900 UTC;0;916,2;916,2;915,9;221,6;21,3;20,5;21,6;21,1;20,9;20,4;96;95;95;114;4,5;1,5;
2026/03/01;2000 UTC;0;916,7;916,7;916,1;47,3;21,2;20,6;21,7;21;20,9;20,3;96;95;96;42;3,6;1,5;
2026/03/01;2100 UTC;2,2;917,4;917,4;916,7;1,4;20,7;20,2;21,2;20,7;20,5;20,1;97;96;97;41;5,4;1,3;
2026/03/01;2200 UTC;1;917,9;917,9;917,4;;20,3;19,8;20,7;20,3;20,1;19,8;97;97;97;47;3,4;1,6;
2026/03/01;2300 UTC;0;918,4;918,4;917,9;;20,2;19,7;20,4;20,1;19,9;19,6;97;97;97;53;4,3;1,4;
2026/03/02;0000 UTC;0;919;919;918,4;;20,3;19,8;20,6;20,1;20;19,6;97;97;97;46;4,2;1,5;
2026/03/02;0100 UTC;0;919,3;919,4;919;;20,3;19,9;20,4;20,1;19,9;19,6;97;97;97;14;4,7;2,2;
2026/03/02;0200 UTC;0;918,9;919,5;918,9;;20,3;19,9;20,6;20,3;20,1;19,8;97;97;97;17;5,5;3;
2026/03/02;0300 UTC;0;918,4;918,9;918,4;,8;20,3;19,9;20,5;20,3;20;19,8;97;97;97;18;7,5;3,8;
2026/03/02;0400 UTC;0;917,8;918,4;917,8;,1;20,4;19,9;20,4;20,3;20;19,8;97;97;97;4;7,5;2,3;
2026/03/02;0500 UTC;0;917;917,8;916,9;,8;20,3;19,9;20,4;20,2;19,9;19,8;97;97;97;350;6;2,5;
2026/03/02;0600 UTC;0;916,6;917;916,6;,6;20,4;20;20,4;20,2;20;19,8;97;97;97;1;5,2;2;
2026/03/02;0700 UTC;,2;916,7;916,7;916,4;;20,3;19,8;20,4;20,2;20;19,8;97;97;97;16;5,1;2,6;
2026/03/02;0800 UTC;0;917,5;917,5;916,7;,7;20;19,6;20,4;20;19,9;19,5;97;97;97;358;7,1;2,9;
2026/03/02;0900 UTC;0;917,8;917,8;917,5;11,4;19,8;19,4;20;19,8;19,6;19,4;97;97;97;296;6,4;1;
2026/03/02;1000 UTC;0;918,3;918,4;917,8;152,2;20,2;19,7;20,2;19,8;19,7;19,4;97;97;97;300;3;,7;
2026/03/02;1100 UTC;0;919,1;919,1;918,3;372,2;20,5;20;20,7;20,1;20,2;19,7;97;97;97;2;4,7;1,9;
2026/03/02;1200 UTC;,2;919,7;919,7;919,1;497,7;21,5;21;21,5;20,4;21,1;20;98;97;97;349;4;1,4;
2026/03/02;1300 UTC;0;919,6;919,7;919,6;1007,7;23,7;21;23,7;21,4;21,9;20,3;97;83;84;331;3,8;1,6;
2026/03/02;1400 UTC;0;919,1;919,6;919;1959,8;26,3;20,9;26,3;23,8;21,2;19,7;84;71;72;345;4,1;1,7;
2026/03/02;1500 UTC;0;918,1;919,1;918,1;2094,3;26,7;19,5;27,5;25,5;21;18,8;73;63;64;341;4,9;1,9;
2026/03/02;1600 UTC;0;916,9;918,1;916,9;1767,9;27,3;19,8;27,8;26,1;20,4;18,8;68;60;64;9;6,3;2,7;
2026/03/02;1700 UTC;0;916,2;917;916,2;2223,2;26,3;19,2;28,6;26,3;21;19,2;66;60;65;34;6,6;3;
2026/03/02;1800 UTC;0;915,5;916,2;915,5;1698,8;26,7;19,4;28,2;26,2;20,6;19,4;68;62;64;43;6,6;2,6;
2026/03/02;1900 UTC;0;915,4;915,5;915,2;589,5;26,4;19,6;27,7;26,2;20,4;19;67;63;66;31;6,4;2;
2026/03/02;2000 UTC;0;916,3;916,3;915,4;110,2;25,4;19,4;26,5;25,4;19,7;19,2;70;65;70;38;5,5;1,7;
2026/03/02;2100 UTC;0;916,8;916,8;916,3;5,3;21;19,3;25,4;21;20,1;19,1;90;69;90;212;11,1;3,6;
2026/03/02;2200 UTC;1;917,6;917,8;916,6;;20,4;19,7;21;20,2;19,8;19,2;96;90;96;190;12,1;1,8;
2026/03/02;2300 UTC;,8;917,8;917,9;917,4;;20,1;19,4;20,4;19,8;19,7;19,2;96;96;96;164;6,5;3,2;
2026/03/03;0000 UTC;0;919,3;919,3;917,8;;19,9;19,3;20,1;19,6;19,5;19,1;97;96;97;128;6,2;2,6;
2026/03/03;0100 UTC;,4;919,6;919,6;919,3;;19,9;19,4;20;19,7;19,5;19,2;97;97;97;34;6,2;1,5;
2026/03/03;0200 UTC;1,4;919,3;919,7;919,3;0;19,7;19,3;19,9;19,6;19,4;19,2;97;97;97;12;3,5;1;
2026/03/03;0300 UTC;0;918,2;919,3;918,2;;19,5;19,1;19,9;19,5;19,4;19,1;97;97;97;58;3,3;,6;
2026/03/03;0400 UTC;0;917,4;918,2;917,4;;19,6;19,2;19,6;19,3;19,2;18,9;97;97;97;356;2,6;,8;
2026/03/03;0500 UTC;0;917,3;917,5;917,3;;19,1;18,7;19,8;19,1;19,4;18,7;98;97;98;197;3,2;,7;
2026/03/03;0600 UTC;0;917,5;917,5;917,1;;19,2;18,8;19,3;19;18,9;18,6;98;98;98;21;3,3;2,1;
2026/03/03;0700 UTC;0;917,3;917,5;917,3;;19,5;19,1;19,5;19,2;19,1;18,8;98;97;97;239;3,2;1;
2026/03/03;0800 UTC;0;917,6;917,6;917,2;;18,8;18,4;19,5;18,6;19,1;18,2;98;97;98;360;2,5;,8;
2026/03/03;0900 UTC;0;917,6;917,6;917,4;24;19,5;18,5;19,5;18,7;18,6;18,3;98;94;94;8;2,4;1,2;
2026/03/03;1000 UTC;0;917,9;917,9;917,6;223;20,5;18,7;20,7;19,4;19,4;18,4;94;90;90;8;3;1,1;
2026/03/03;1100 UTC;0;918,7;918,7;917,9;568,6;21,6;19,2;21,7;20,5;19,7;18,6;91;85;86;8;3,4;1,6;
2026/03/03;1200 UTC;0;919;919;918,6;669;21,8;19,6;22,2;21,5;20,2;18,8;89;84;87;355;3,4;1,4;
2026/03/03;1300 UTC;0;919,1;919,2;919;1368,3;24,5;19,4;24,7;21,6;20,1;19,2;89;72;73;334;4,3;1,6;
2026/03/03;1400 UTC;0;918,9;919,2;918,9;1751,8;24,7;20,2;25,4;23,7;21,1;19,1;81;72;76;359;5,2;2,5;
2026/03/03;1500 UTC;0;918,2;919;918,2;2114,1;25,8;20,2;26,7;24,5;20,7;19,4;77;68;71;46;4,7;1,5;
2026/03/03;1600 UTC;0;917,2;918,3;917,2;1316,4;25,9;19,6;26,7;25,7;20,3;19,2;71;65;68;71;4,3;1,3;
2026/03/03;1700 UTC;0;916,3;917,2;916,3;1289;26,4;20,1;28,3;25,8;20,8;19,3;73;61;69;93;4,4;1,4;
2026/03/03;1800 UTC;0;916,1;916,3;916,1;687,5;26,2;20,7;26,6;25,4;21,1;20,1;75;69;72;63;5,3;2,1;
2026/03/03;1900 UTC;0;915,5;916,1;915,4;1444,3;25,4;20,4;26,8;25,2;21,4;20,1;75;68;74;71;5,5;2,3;
2026/03/03;2000 UTC;0;916,3;916,3;915,5;231,7;23,3;20,4;25,4;23,3;20,6;19,5;84;71;84;45;6,2;1,6;
2026/03/03;2100 UTC;0;916,8;916,8;916,3;8,4;22,4;20,5;23,3;22,4;20,6;20,4;90;84;89;52;6,3;2,2;
2026/03/03;2200 UTC;0;917,6;917,6;916,8;;21,8;20,2;22,4;21,8;20,6;20;91;88;91;43;5,2;2,3;
2026/03/03;2300 UTC;0;918,3;918,3;917,6;;21;20,4;21,8;21;20,8;20,2;96;91;96;40;6,8;2,9;
2026/03/04;0000 UTC;0;919,2;919,2;918,3;;20,6;20;21,2;20,5;20,5;20;96;96;96;32;6,6;3,5;
2026/03/04;0100 UTC;0;919,5;919,5;919,2;;20,3;19,7;20,6;20,2;19,9;19,6;97;96;96;37;7,8;3,3;
2026/03/04;0200 UTC;0;919,2;919,7;919,2;;20,5;20;20,5;20,3;20;19,7;97;96;97;33;7,8;3;
2026/03/04;0300 UTC;0;918,7;919,3;918,7;,4;20,4;19,9;20,6;20,4;20;19,9;97;97;97;39;6,9;2,3;
2026/03/04;0400 UTC;0;918;918,7;918;,7;20;19,6;20,4;20;19,9;19,6;97;97;97;42;4,6;1,7;
2026/03/04;0500 UTC;0;916,5;918;916,5;,7;19,6;19,2;20;19,6;19,6;19,2;97;97;97;49;6,5;3,1;
2026/03/04;0600 UTC;0;916,6;916,7;916,5;,5;19,5;19,1;19,6;19,5;19,2;19,1;98;97;98;51;6,5;2,2;
2026/03/04;0700 UTC;0;917;917,1;916,5;,6;19,4;19;19,6;19,3;19,2;18,9;98;97;98;48;5,4;1,9;
2026/03/04;0800 UTC;0;917,1;917,1;916,9;;19,5;19,1;19,6;19,2;19,2;18,8;98;98;98;38;5,8;2,6;
2026/03/04;0900 UTC;0;917,5;917,5;917,1;14,8;19,6;19,2;19,6;19,4;19,2;19;98;98;98;41;5,8;1,9;
2026/03/04;1000 UTC;0;918,2;918,2;917,4;91,9;19,7;19,3;19,7;19,1;19,3;18,7;98;98;98;33;6;2,8;
2026/03/04;1100 UTC;0;919,2;919,2;918,2;316,1;20,3;19,8;20,3;19,5;19,9;19,1;98;97;97;46;6;1,9;
2026/03/04;1200 UTC;0;919,2;919,4;919,2;568;22,2;17,8;22,2;20,3;19,7;17,6;96;76;76;32;6,3;3,5;
2026/03/04;1300 UTC;0;919,7;919,7;919,2;575,7;21,4;18,3;23;20,9;18,8;17,5;85;74;82;55;8;1,6;
2026/03/04;1400 UTC;0;919,5;919,7;919,5;891;23,4;18,7;23,4;21,4;19;18,2;84;74;75;25;6;2,4;
2026/03/04;1500 UTC;0;919,1;919,5;919,1;1200,7;23,4;19;24,4;22,9;19,5;18,2;79;72;77;33;7,3;3,1;
2026/03/04;1600 UTC;0;918;919,1;918;1166,1;24,3;18,3;24,8;23,4;19,3;18,1;77;68;70;58;7,1;1,5;
2026/03/04;1700 UTC;0;917,4;918;917,4;959,7;25,1;18,7;25,7;24,2;19,2;18,1;71;65;68;47;5,9;1,6;
2026/03/04;1800 UTC;0;916,7;917,4;916,7;1048,7;25,6;18,3;25,8;24,3;19,3;17,7;71;64;64;36;6,1;1,7;
2026/03/04;1900 UTC;0;916,5;916,7;916,5;1192,6;25,1;17,6;26,1;24,8;19,1;17,6;68;62;63;55;6,2;2,1;
2026/03/04;2000 UTC;0;916,7;916,7;916,5;243,4;24,2;16,7;25,4;24,2;18;16,3;65;59;63;43;4,5;1,7;
2026/03/04;2100 UTC;0;917,4;917,4;916,7;37,7;22,7;15,9;24,2;22,7;16,6;15,8;66;61;65;79;3,4;1,2;
2026/03/04;2200 UTC;0;918,1;918,1;917,4;;21,8;16,2;22,7;21,8;16,3;15,7;71;65;71;72;4,8;1,5;
2026/03/04;2300 UTC;0;918,6;918,6;918;;20,7;17;21,8;20,7;17;16,2;79;71;79;59;4,2;1,9;
2026/03/05;0000 UTC;0;919,5;919,5;918,6;;20,3;15,5;20,7;20,3;17;15,5;80;73;74;60;4,6;2;
2026/03/05;0100 UTC;0;920;920;919,5;;19,6;16;20,4;19,6;16,1;14,6;80;72;80;54;4,1;1,9;
2026/03/05;0200 UTC;0;919,7;920,1;919,7;;18,9;16,8;19,6;18,9;17;16;88;80;88;53;4,4;2;
2026/03/05;0300 UTC;0;919,1;919,7;919,1;;18,7;17,1;18,9;18,5;17,2;16,8;91;88;91;50;6,5;2;
2026/03/05;0400 UTC;0;918,7;919,2;918,7;;18,4;17,2;18,8;18,4;17,5;17,2;93;91;93;63;5,2;1,3;
2026/03/05;0500 UTC;0;918,2;918,7;918,2;;18,5;17,4;18,8;18,4;17,5;17,1;93;90;93;47;4,3;1,5;
2026/03/05;0600 UTC;0;917,9;918,2;917,9;;18,4;17,6;18,6;18,3;17,6;17,4;95;93;95;60;3,3;1,2;
2026/03/05;0700 UTC;0;917,6;917,9;917,5;;18,3;17,7;18,5;18,3;17,8;17,5;96;95;96;57;3,1;1,3;
2026/03/05;0800 UTC;0;917,7;917,7;917,4;;18,3;17,8;18,5;18,2;17,9;17,7;97;96;97;59;3,1;,9;
2026/03/05;0900 UTC;0;918,3;918,3;917,7;15,6;18,8;18,3;18,8;18,3;18,3;17,8;97;97;97;50;3,9;1,7;
2026/03/05;1000 UTC;0;919,3;919,3;918,3;172,6;19,2;18,8;19,3;18,7;18,8;18,3;97;97;97;47;3,9;2;
2026/03/05;1100 UTC;0;920,1;920,2;919,3;524,9;20,4;18,9;20,4;19;19,2;18,4;97;91;91;43;6,4;2,7;
2026/03/05;1200 UTC;0;920,1;920,3;920;579,4;24,1;16,9;24,1;20,3;19;16,1;91;63;64;41;7;3,3;
2026/03/05;1300 UTC;0;920,3;920,3;920;2091,8;24,8;14,3;25,7;23,1;16,6;14,3;65;51;52;15;7,9;2,9;
2026/03/05;1400 UTC;0;920,3;920,4;920,2;2906,2;25,6;15,3;26,3;24,6;15,9;14,5;58;49;53;33;8,7;3,3;
2026/03/05;1500 UTC;0;919,6;920,3;919,6;2223;26;16,5;27,1;25,2;17;14,8;58;50;56;33;9,9;4;
2026/03/05;1600 UTC;0;919,1;919,7;919,1;1331;26,2;17,6;26,3;24,7;17,9;16,3;62;56;59;32;8;3,4;
2026/03/05;1700 UTC;0;918,6;919,1;918,6;1825,8;25,6;17,3;27,3;25,5;18,3;16,4;60;54;60;32;7,4;3,5;
2026/03/05;1800 UTC;0;918,1;918,6;918,1;830,6;25,5;17,8;26,4;25,1;18,5;17,1;64;60;63;38;7,2;2,8;
2026/03/05;1900 UTC;0;917,8;918,1;917,7;1032,3;24,9;18,1;26;24,9;18,4;17,7;66;62;66;71;7,4;2,2;
2026/03/05;2000 UTC;0;917,9;918,1;917,8;239,7;23,5;18,5;24,9;23,5;18,9;18,1;74;66;74;79;5,9;2,2;
2026/03/05;2100 UTC;0;918,7;918,7;917,9;66,1;22,2;19,3;23,5;22,2;19,3;18,6;84;74;84;81;6,4;1,9;
2026/03/05;2200 UTC;0;919,2;919,2;918,7;;20,9;18,8;22,2;20,9;19,3;18,4;88;82;88;70;6;1,5;
2026/03/05;2300 UTC;0;919,8;919,8;919,2;;20,8;19,5;21;20,8;19,5;18,8;92;88;92;40;5,9;1,6;
2026/03/06;0000 UTC;0;920,8;920,8;919,8;;20,7;19,5;20,8;20,6;19,7;19,5;93;92;93;46;5;2,2;
2026/03/06;0100 UTC;0;921;921,1;920,8;;20,3;19,7;20,7;20,3;19,7;19,4;96;93;96;40;5,7;1,6;
2026/03/06;0200 UTC;,2;920,7;921;920,7;;20,3;19,8;20,4;20,3;19,8;19,7;97;96;97;40;3,4;1,5;
2026/03/06;0300 UTC;0;920,1;920,7;920,1;;20,3;19,7;20,4;20,1;19,8;19,6;97;97;97;46;4,1;1,8;
2026/03/06;0400 UTC;0;919,5;920,1;919,5;;20,2;19,7;20,4;20,1;19,8;19,6;97;97;97;62;3,3;1,3;
2026/03/06;0500 UTC;0;919;919,5;919;;20,2;19,7;20,3;20,1;19,8;19,6;97;97;97;62;3,4;1,3;
2026/03/06;0600 UTC;0;918,6;919;918,6;,2;20,2;19,7;20,2;20,1;19,7;19,6;97;97;97;63;4,4;1,9;
2026/03/06;0700 UTC;0;918,8;918,8;918,5;;20,1;19,6;20,3;20,1;19,8;19,6;97;97;97;63;4,4;1,5;
2026/03/06;0800 UTC;0;918,8;918,8;918,6;;19,8;19,2;20,1;19,7;19,5;19,1;97;96;96;67;5;1,5;
2026/03/06;0900 UTC;0;919,4;919,4;918,7;23,7;20;19,4;20;19,8;19,4;19,2;96;96;96;61;5,5;2;
2026/03/06;1000 UTC;0;920,1;920,1;919,4;231,9;20,6;19,6;20,6;19,8;19,7;19,2;96;94;94;65;4,9;2,1;
2026/03/06;1100 UTC;0;921,1;921,1;920,1;465,2;22,1;19,5;22,1;20,6;20,1;19;94;85;85;67;7,6;2,2;
2026/03/06;1200 UTC;0;921,2;921,2;921;706,6;23;18;24,1;22;19,8;18;86;72;74;70;7,6;2,4;
2026/03/06;1300 UTC;0;920,9;921,2;920,9;2015,8;24,7;17,9;25,1;22,9;19,3;17,5;76;65;66;59;6,9;2,5;
2026/03/06;1400 UTC;0;920,8;921;920,8;2851,9;27,1;16,7;27,2;24,7;18,5;15,9;66;51;53;62;7,4;2,7;
2026/03/06;1500 UTC;0;919,9;920,8;919,9;2889,3;27,6;16,6;27,6;25,5;17,4;15,4;59;50;51;61;8;2,4;
2026/03/06;1600 UTC;0;918,9;919,9;918,9;2889,7;27,2;15,3;28,1;26,3;16,2;13,7;51;42;48;69;9,2;2,5;
2026/03/06;1700 UTC;0;918,2;918,9;918,2;2436,1;27,5;14,7;28,6;26,4;16,1;14;52;43;46;70;8,2;2,3;
2026/03/06;1800 UTC;0;917,7;918,2;917,7;1747,4;27,7;16,4;28,4;26,3;17;14,1;53;44;50;73;6,1;2,1;
2026/03/06;1900 UTC;0;917,6;917,7;917,5;1133,9;26;15,3;28,1;25,2;16,8;15,3;57;49;52;74;6,6;1,9;
2026/03/06;2000 UTC;0;917,6;917,7;917,5;171,6;24,6;16,4;26,1;24,6;16,4;15;61;51;61;94;6,9;2,2;
2026/03/06;2100 UTC;0;918,1;918,1;917,6;33;22,8;16,9;24,5;22,8;17;16,4;69;61;69;102;6,3;1,8;
2026/03/06;2200 UTC;0;918,4;918,4;918,1;;21,6;17,6;22,8;21,6;17,6;16,8;78;69;78;101;7;2,6;
2026/03/06;2300 UTC;0;919;919;918,4;;20,7;18,2;21,7;20,7;18,3;17,6;86;78;86;91;7,7;2,3;
2026/03/07;0000 UTC;0;919,4;919,4;919;;20;18,6;20,7;19,9;18,6;18,2;92;86;92;96;7,6;2;
2026/03/07;0100 UTC;0;919,9;919,9;919,4;;19,9;18,9;20;19,7;18,9;18,5;94;92;94;74;5,5;1,8;
2026/03/07;0200 UTC;0;919,3;919,9;919,3;;20;19;20;19,8;19;18,7;94;93;94;86;5,4;1,8;
2026/03/07;0300 UTC;0;919;919,2;918,9;;19,9;18,8;20,1;19,9;19,2;18,8;95;93;93;73;5,8;2;
2026/03/07;0400 UTC;0;918,6;919;918,6;;19,5;18,5;19,9;19,5;18,9;18,5;94;93;94;90;5,7;1,9;
2026/03/07;0500 UTC;0;918,2;918,6;918,2;;19,4;18,3;19,5;19,3;18,5;18,1;94;92;94;117;5,9;2,7;
2026/03/07;0600 UTC;0;918,1;918,3;918,1;;19,2;18,2;19,4;19,2;18,4;18,2;95;94;94;111;6;2,4;
2026/03/07;0700 UTC;0;918,1;918,1;918;;19,3;18,6;19,4;19,2;18,6;18,2;95;94;95;125;5,5;1,7;
2026/03/07;0800 UTC;0;918,3;918,3;918;;19,6;18,7;19,6;19,3;18,7;18,5;95;94;94;94;4,8;1,2;
2026/03/07;0900 UTC;0;918,6;918,6;918,3;18;19,7;18,9;19,7;19,4;18,9;18,5;95;94;95;139;4;1,8;
2026/03/07;1000 UTC;0;919,2;919,2;918,6;228,3;21,1;19,7;21,1;19,7;19,7;18,7;95;91;92;107;5,7;1,2;
2026/03/07;1100 UTC;0;919,6;919,7;919,2;536,9;23,1;19,3;23,3;20,9;19,8;18,6;92;78;79;123;4,4;1,7;
2026/03/07;1200 UTC;0;919,8;919,8;919,6;588,2;24,9;19,6;24,9;22,6;19,8;18,4;80;70;72;84;6,9;2,1;
2026/03/07;1300 UTC;0;919,8;919,9;919,8;1544,6;24,2;18,4;25,7;24,1;19,6;17,9;74;66;70;71;7,2;1,9;
2026/03/07;1400 UTC;0;919,3;919,8;919,3;2544,7;27,1;18,7;28,3;24,2;19,9;17,9;70;55;60;145;5,3;1,9;
2026/03/07;1500 UTC;0;918,3;919,3;918,3;2619,5;28,4;18,8;28,5;25,7;19,4;17,5;63;54;56;147;7,4;2,9;
2026/03/07;1600 UTC;0;917,4;918,3;917,4;2969,1;29,4;18,6;30,1;27,7;19,3;17,1;58;49;53;99;6,4;2,3;
2026/03/07;1700 UTC;0;916,8;917,4;916,7;2519,8;28,3;18,9;29,5;27,3;19,9;17,5;61;50;57;117;7;2,6;
2026/03/07;1800 UTC;0;916,5;916,8;916,4;1226,8;24,9;19,5;28,6;24,8;20;18,4;73;55;72;85;8,4;2,8;
2026/03/07;1900 UTC;0;916,6;916,7;916,4;1254,6;24,6;19,2;26,8;24,6;20,5;19,2;73;67;72;147;8,2;2,8;
2026/03/07;2000 UTC;0;917,1;917,1;916,5;281,3;22,1;19,1;24,6;22,1;19,8;18,9;84;72;83;95;8,5;2,3;
2026/03/07;2100 UTC;0;917,4;917,4;917,1;31,6;21,1;19,1;22,1;21,1;19,1;18,8;88;83;88;129;8,5;3,5;
2026/03/07;2200 UTC;0;917,7;917,7;917,3;;20,5;19;21,1;20,5;19,1;18,7;91;88;91;150;8,6;3,8;
2026/03/07;2300 UTC;0;918,1;918,1;917,6;;20;18,4;20,5;20;19;18,3;91;89;90;150;9,7;4,8;
2026/03/08;0000 UTC;0;918,6;918,6;918,1;;20,1;19,1;20,1;20;19,1;18,4;94;90;94;134;10,3;2,9;
2026/03/08;0100 UTC;0;918,8;918,8;918,6;;20,1;19,2;20,2;20,1;19,3;19,1;95;94;94;136;8,4;3,8;
2026/03/08;0200 UTC;0;918,5;918,8;918,5;;20,1;19,3;20,2;20;19,4;19,1;95;94;95;138;11,1;3,9;
2026/03/08;0300 UTC;0;918,2;918,5;918,2;;20,1;19,3;20,1;19,9;19,3;19,1;95;95;95;129;8,7;2,6;
2026/03/08;0400 UTC;0;917,8;918,2;917,8;;19,5;18,8;20,2;19,5;19,4;18,8;96;95;96;99;6,6;1,4;
2026/03/08;0500 UTC;0;917,5;917,8;917,5;;19,3;18,5;19,5;19,2;18,8;18,4;96;95;96;116;5,4;1,4;
2026/03/08;0600 UTC;0;917,3;917,5;917,2;;19,4;18,6;19,4;19,2;18,7;18,5;96;95;95;127;7;1,6;
2026/03/08;0700 UTC;0;917,4;917,4;917,2;;19,3;18,6;19,4;19,3;18,7;18,6;96;95;96;119;7,1;2;
2026/03/08;0800 UTC;0;917,7;917,8;917,4;;19,3;18,5;19,4;19,2;18,6;18,4;96;95;95;128;7,1;1,6;
2026/03/08;0900 UTC;0;918,1;918,1;917,7;15;19,4;18,5;19,4;19,2;18,6;18,4;96;95;95;138;6,3;1,4;
2026/03/08;1000 UTC;0;918,9;918,9;918,1;252,7;21;18,7;21,1;19,4;19,2;18,5;95;87;87;84;5,4;,8;
2026/03/08;1100 UTC;0;919,5;919,5;918,9;554,9;21,8;18,8;22;21;19,3;18,2;87;82;83;151;6,7;3;
2026/03/08;1200 UTC;0;919,6;919,7;919,5;824,3;23,4;19,5;23,4;21,4;20,2;18,4;87;79;79;126;7;2;
2026/03/08;1300 UTC;0;919,4;919,6;919,4;1675,6;26,3;18,3;26,3;21,9;20,3;17,3;80;61;62;100;6,9;1,5;
2026/03/08;1400 UTC;0;919,2;919,5;919,2;2880,3;27,7;18,6;28,4;25,9;19,1;16,8;62;54;58;87;7,5;2;
2026/03/08;1500 UTC;0;918,4;919,2;918,4;2765,9;26,9;17,9;28,3;26,8;19,2;17,5;60;54;58;50;5,8;2,3;
2026/03/08;1600 UTC;0;917,4;918,4;917,4;2777,7;29,4;18,4;29,9;26,9;19,2;17,3;59;49;52;90;5,2;1,9;
2026/03/08;1700 UTC;0;916,9;917,4;916,9;2194,6;29;18,4;30,1;27,5;19;16,8;55;49;53;63;5,1;2,3;
2026/03/08;1800 UTC;0;916,8;917;916,7;1653,1;27,2;19,2;29,9;26,8;19,2;17,5;62;51;62;100;6,1;2,3;
2026/03/08;1900 UTC;0;917,1;917,2;916,8;1200,9;26,6;19,6;28;26,4;19,9;18,9;67;60;65;46;6,3;2,8;
2026/03/08;2000 UTC;0;917,5;917,6;917,1;446,5;23;20,2;26,6;22,9;20,2;18,4;84;65;84;76;7,3;2,5;
2026/03/08;2100 UTC;0;917,8;917,8;917,5;69,7;21,8;19,7;23;21,8;20,2;19,6;88;84;88;66;7,7;2,1;
2026/03/08;2200 UTC;0;918,3;918,3;917,8;;21,3;19,6;21,8;21,3;19,8;19,5;90;88;90;64;5,4;2,4;
2026/03/08;2300 UTC;0;919;919;918,3;;21,1;19,7;21,4;21;19,7;19,4;92;88;92;69;5,4;2,2;
2026/03/09;0000 UTC;0;919,8;919,8;919;;21,1;20,1;21,2;21;20,1;19,7;94;92;94;44;6,4;2,3;
2026/03/09;0100 UTC;0;919,9;920;919,8;;20,6;19,7;20,9;20,5;19,9;19,3;95;92;94;38;5,9;2,2;
2026/03/09;0200 UTC;0;919,6;919,9;919,6;;20,5;19,9;20,6;20,4;19,9;19,6;96;94;96;48;5,4;1,3;
2026/03/09;0300 UTC;0;918,7;919,6;918,7;;20,3;19,2;20,6;19,9;19,9;19,2;96;94;94;53;3,7;1,7;
2026/03/09;0400 UTC;0;918,1;918,7;918,1;;19,8;18,6;20,4;19,8;19,2;18,6;94;92;92;57;3,4;1,1;
2026/03/09;0500 UTC;0;917,9;918,2;917,9;;19,9;17,6;20;19,7;18,6;17,6;93;87;87;62;2,7;1;
2026/03/09;0600 UTC;0;918,1;918,1;917,9;;20;18,5;20,3;19,7;18,5;17,2;91;83;91;73;4,7;1,4;
2026/03/09;0700 UTC;0;918,3;918,3;918,1;;19,7;19;20;19,6;19;18,5;96;91;96;80;3,6;1,2;
2026/03/09;0800 UTC;0;918,7;918,7;918,2;;19,7;18,9;19,9;19,6;19,2;18,8;96;95;95;64;4,5;1,3;
2026/03/09;0900 UTC;0;919,4;919,4;918,7;45,3;20,3;18,5;20,3;19,2;18,9;17,4;95;86;90;64;4;1,3;
2026/03/09;1000 UTC;0;920,3;920,3;919,4;202,7;21,4;19;21,7;20,3;19,5;18,6;90;86;86;29;2,9;1,5;
2026/03/09;1100 UTC;0;921;921;920,3;494;22;19,7;22;21,1;19,9;19;90;86;87;26;4,5;2,4;
2026/03/09;1200 UTC;0;921,4;921,4;921;713,2;23,2;19,2;23,8;22;20,3;18,8;87;76;78;31;5,2;2,7;
2026/03/09;1300 UTC;0;921,3;921,4;921,2;994,5;25;19,6;25,3;23,2;20,1;19,1;79;72;72;43;5,5;1,3;
2026/03/09;1400 UTC;0;920,8;921,3;920,8;1503,4;26,9;20;27,1;24,9;20,3;18,4;72;63;66;54;5,9;1,6;
2026/03/09;1500 UTC;0;919,9;920,8;919,9;1108,1;26,1;18,3;28,1;25,8;20,2;18;69;58;62;61;4;1,3;
2026/03/09;1600 UTC;0;919,1;919,9;919,1;2272;30,2;19,2;30,4;26,2;19,8;17,9;63;51;52;87;4,2;1,5;
2026/03/09;1700 UTC;0;918,5;919,1;918,4;1949,9;28,7;18,4;30,5;27,1;19,6;18;60;51;54;72;4,9;2,1;
2026/03/09;1800 UTC;0;918,2;918,5;918,2;1339,7;26,7;19,3;29,8;26,3;19,8;17,5;65;48;64;50;5,7;2,7;
2026/03/09;1900 UTC;0;918;918,3;918;787,8;27;20,1;27,4;26,1;20,3;19,1;69;62;66;69;5,7;2,3;
2026/03/09;2000 UTC;0;918,5;918,5;917,9;268,1;24,7;20,4;27;24,7;20,5;20,1;77;66;77;57;6,9;2,8;
2026/03/09;2100 UTC;,2;918,9;918,9;918,5;;22,7;20,8;24,7;22,3;21,1;20,4;92;77;89;59;6,5;2,6;
2026/03/09;2200 UTC;0;919,7;919,7;918,9;;22;20,3;22,7;22;20,8;20,2;90;88;90;66;6,9;2,4;
2026/03/09;2300 UTC;0;920,1;920,1;919,7;;21,6;20,4;22;21,5;20,4;20,2;93;90;93;71;6,7;2,2;
2026/03/10;0000 UTC;0;920,7;920,7;920,1;;21;20;21,6;20,9;20,4;19,6;94;92;94;77;6,5;2,2;
2026/03/10;0100 UTC;0;921,1;921,2;920,7;;20,6;19,6;21;20,6;20;19,6;94;94;94;68;5,8;2;
2026/03/10;0200 UTC;0;920,6;921,1;920,6;;20,2;19,2;20,6;20,2;19,6;19,1;95;93;94;76;6,2;1,7;
2026/03/10;0300 UTC;0;920,1;920,6;920;;19,9;19,1;20,2;19,9;19,3;19;95;94;95;78;5,4;1,5;
2026/03/10;0400 UTC;0;919,9;920,1;919,8;;19,9;19,1;19,9;19,8;19,2;19;96;95;95;69;4,1;1,5;
2026/03/10;0500 UTC;0;919,6;919,9;919,5;;19,8;19;19,9;19,7;19,1;18,8;95;95;95;71;5,6;1,2;
2026/03/10;0600 UTC;0;919,4;919,6;919,4;;19,3;18,6;19,8;19,2;19;18,5;96;95;96;89;3,7;1,2;
2026/03/10;0700 UTC;0;919,4;919,5;919,3;;19,2;18,4;19,3;19;18,6;18,3;96;95;95;90;3,9;1,3;
2026/03/10;0800 UTC;0;919,6;919,6;919,4;;19,1;18,4;19,3;19;18,5;18,2;96;95;96;126;5,2;2,5;
2026/03/10;0900 UTC;0;919,5;919,7;919,5;15,4;19,9;18,4;19,9;19;18,5;18,2;96;91;91;102;6,6;2,5;
2026/03/10;1000 UTC;0;920,1;920,1;919,5;119,9;21,6;18,4;21,6;19,8;18,7;18;91;82;82;72;7,1;2,1;
2026/03/10;1100 UTC;0;920,7;920,7;920,1;545,8;22,3;19,3;22,3;21,6;19,5;18,5;85;82;83;65;6,3;2,3;
2026/03/10;1200 UTC;0;920,9;921;920,7;699,4;22,8;19,3;23,1;21,9;19,7;19,1;85;80;81;59;5,3;2,1;
2026/03/10;1300 UTC;0;921;921,1;920,9;1420,3;25,4;19,3;25,5;22,8;20;19;82;69;69;74;5,6;1,8;
2026/03/10;1400 UTC;0;920,7;921,1;920,7;1835,9;26,1;17,9;28,5;25,1;20,1;17,9;71;56;61;83;5,5;2,2;
2026/03/10;1500 UTC;0;920,2;920,8;920,2;2967,5;29;19,3;29;25,9;19,3;17,7;63;54;56;156;6,6;2,1;
2026/03/10;1600 UTC;0;919,5;920,2;919,5;2339,3;27,8;18,9;29,1;26,6;19,4;17,7;60;53;59;99;6,6;1,8;
2026/03/10;1700 UTC;0;918,8;919,5;918,8;1785,7;28,3;19,1;29,1;26,6;19,7;17,9;62;54;57;143;7,4;3,3;
2026/03/10;1800 UTC;0;918,5;918,8;918,4;1902,2;28,7;19,3;28,9;27,1;20,1;18,1;62;55;57;105;7,5;1,5;
2026/03/10;1900 UTC;0;918,5;918,5;918,3;1296,3;26,6;19,4;28,7;26,4;19,7;18,8;65;57;65;99;6,5;1,6;
2026/03/10;2000 UTC;0;918,5;918,5;918,2;228,2;24,6;20;26,6;24,6;20;19,3;75;65;75;114;7,5;2,6;
2026/03/10;2100 UTC;0;918,8;918,8;918,4;49;22,6;19,6;24,6;22,6;20;19,5;83;75;83;96;7,8;2,7;
2026/03/10;2200 UTC;0;919,2;919,2;918,7;;21,9;19,7;22,7;21,9;19,8;19,6;87;83;87;99;7,4;1,9;
2026/03/10;2300 UTC;0;919,8;919,8;919,2;;21,2;19,2;21,9;21,1;19,7;19,2;89;87;89;113;7,3;1,5;
2026/03/11;0000 UTC;0;920,2;920,2;919,8;;20,7;19,5;21,2;20,6;19,5;19,2;93;89;93;69;5,1;1,7;
2026/03/11;0100 UTC;0;920,2;920,3;920,2;;20,2;19,1;20,7;20,2;19,6;19,1;95;93;93;70;6;2,3;
2026/03/11;0200 UTC;0;919,9;920,2;919,9;;19,9;19,1;20,2;19,8;19,1;18,9;95;93;95;84;5,5;1,1;
2026/03/11;0300 UTC;0;919,3;919,9;919,3;;19,8;18,9;20;19,7;19,1;18,8;95;94;94;80;5,6;1,8;
2026/03/11;0400 UTC;0;919,1;919,4;919,1;;19,7;18,7;20;19,7;19,1;18,7;95;94;94;80;5,5;1,8;
2026/03/11;0500 UTC;0;918,5;919,1;918,5;;19,6;18,9;20;19,5;19,1;18,7;96;94;96;65;5,5;1,6;
2026/03/11;0600 UTC;0;918,4;918,6;918,3;;19,4;18,6;19,6;19,3;18,9;18,6;96;95;95;70;3,9;1,2;
2026/03/11;0700 UTC;0;918,6;918,6;918,4;;19,3;18,5;19,4;19,1;18,6;18,3;95;95;95;81;3,7;,9;
2026/03/11;0800 UTC;0;918,9;918,9;918,6;;19,1;18,3;19,3;19;18,6;18,3;96;95;95;90;4;,8;
2026/03/11;0900 UTC;0;919,2;919,2;918,9;19;19,2;18,2;19,2;18,9;18,3;18,1;95;94;94;75;4,3;1,4;
2026/03/11;1000 UTC;0;919,6;919,6;919,2;203,9;20,9;18,7;21;19,1;19,1;18,1;95;86;87;63;4;1,6;
2026/03/11;1100 UTC;0;920,3;920,3;919,6;570;21,7;17,9;22,2;21;18,9;17,9;87;78;79;64;4,5;1,8;
2026/03/11;1200 UTC;0;920,5;920,6;920,3;640,1;24,4;18,8;24,4;21,6;19;17,8;82;70;71;66;4,9;1,8;
2026/03/11;1300 UTC;0;920,2;920,5;920,1;1765,7;25,4;17,8;26,5;24,4;18,9;17,5;71;60;63;60;5,8;2,2;
2026/03/11;1400 UTC;0;919,7;920,3;919,7;1789,8;26,3;17;27,1;24,6;18,8;16,6;65;55;57;76;5,6;1,7;
2026/03/11;1500 UTC;0;919;919,7;919;2418,1;28,5;16,8;29,7;26,3;18,1;15,9;57;46;49;129;6,5;1,7;
2026/03/11;1600 UTC;0;918,2;919;918,2;1334,5;27,2;18,1;28,5;26,8;18,5;16,5;59;50;58;117;6,6;1,8;
2026/03/11;1700 UTC;0;917,5;918,2;917,5;1270,9;27;18,1;27,6;26,4;18,7;16,8;60;54;58;75;5,9;1,4;
2026/03/11;1800 UTC;0;917;917,6;917;915;27,1;18,1;27,9;26,6;18,7;16,9;60;54;58;148;5;1,7;
2026/03/11;1900 UTC;0;917;917,1;916,9;1433,3;26,4;18,4;28,5;26,4;19,1;17,4;62;55;61;131;6,9;1,8;
2026/03/11;2000 UTC;0;917,2;917,2;916,9;140,9;24,4;19,3;26,5;24,4;19,4;18,4;73;61;73;77;6,9;2,1;
2026/03/11;2100 UTC;0;917,8;917,8;917,2;43,2;23,3;19,3;24,5;23,3;19,4;19,2;78;73;78;100;6,3;1,7;
2026/03/11;2200 UTC;0;918,2;918,2;917,8;;22,1;19;23,3;22,1;19,3;19;83;78;83;81;7,6;2,6;
2026/03/11;2300 UTC;0;919,1;919,1;918,2;;21,4;19,5;22,1;21,4;19,5;19;89;83;89;65;7,6;1,9;
2026/03/12;0000 UTC;0;919,5;919,5;919,1;;20,7;19,5;21,4;20,7;19,6;19,4;93;89;93;71;4,8;1,7;
2026/03/12;0100 UTC;0;920;920;919,5;;20,3;18,9;20,7;20,3;19,5;18,9;93;92;92;91;5;1,6;
2026/03/12;0200 UTC;0;919,5;920;919,5;;20,2;19,1;20,3;20,1;19,1;18,6;94;90;94;69;5,5;2;
2026/03/12;0300 UTC;0;918,8;919,5;918,8;;19,9;19,1;20,2;19,8;19,2;19;95;94;95;79;5,5;2,3;
2026/03/12;0400 UTC;0;918,4;918,7;918,3;;19,5;18,7;19,9;19,5;19,1;18,6;95;95;95;68;6,4;1,9;
2026/03/12;0500 UTC;0;918,1;918,4;918,1;;19,6;18,8;19,6;19,5;18,9;18,6;96;95;95;112;8,9;2;
2026/03/12;0600 UTC;0;918,2;918,2;918;;19,6;18,9;19,9;19,6;19,1;18,8;96;95;96;87;4,9;1,7;
2026/03/12;0700 UTC;0;918,2;918,2;918,1;;19,4;18,7;19,7;19,3;19,1;18,7;96;96;96;113;5,8;2;
2026/03/12;0800 UTC;0;918,5;918,5;918,2;;19,6;19;19,7;19,2;19,1;18,6;96;96;96;61;5;1,2;
2026/03/12;0900 UTC;0;919;919;918,5;27,7;19,6;19;19,7;19,5;19;18,8;96;96;96;62;3,7;1;
2026/03/12;1000 UTC;0;919,5;919,5;919;203;20,4;19,2;20,4;19,6;19,3;18,8;96;92;93;68;4,1;1,7;
2026/03/12;1100 UTC;0;920,2;920,2;919,5;596,2;21,8;18,6;22,7;20,4;19,6;18,4;93;79;82;72;5,3;2,5;
2026/03/12;1200 UTC;0;920,3;920,4;920,2;666,4;23,5;18,7;24,1;21,8;19,5;18,5;84;73;74;80;5,5;1,7;
2026/03/12;1300 UTC;0;920,1;920,4;920,1;1252;25,5;18,5;26,3;23,4;19,9;18,4;78;64;66;77;4,4;1,5;
2026/03/12;1400 UTC;0;919,6;920,1;919,6;2533,6;26;18,7;28,4;25,4;20;18;68;55;64;72;5,4;1,8;
2026/03/12;1500 UTC;0;918,8;919,7;918,8;2279,4;27,7;19,2;28,1;25,1;20,2;18,6;69;59;60;93;6,5;2,2;
2026/03/12;1600 UTC;0;917,8;918,8;917,8;1858,7;27,7;17,8;28,9;25,3;19,9;17,1;67;52;55;60;6,8;2,2;
2026/03/12;1700 UTC;0;917,1;917,8;917,1;1740,2;27,6;18;28;26,4;19,1;17,3;61;54;56;72;5,8;2,4;
2026/03/12;1800 UTC;0;916,7;917,1;916,7;1968,8;27;18;28,3;26,7;18,6;17;58;53;58;74;6,2;2,4;
2026/03/12;1900 UTC;0;916,9;917;916,7;1272,1;25,8;18,9;27,5;25,8;18,9;17,9;66;57;66;69;6,2;2,3;
2026/03/12;2000 UTC;0;917,3;917,3;916,9;147,6;24,5;17,9;25,9;24,5;19,1;17,9;67;64;67;75;6,3;2,4;
2026/03/12;2100 UTC;0;917,8;917,8;917,3;22,7;23,2;17,2;24,5;23,2;17,9;17;69;67;69;81;6,8;2,2;
2026/03/12;2200 UTC;0;918,6;918,6;917,8;;21,9;17,7;23,2;21,9;17,7;17,2;77;69;77;71;6,1;1,6;
2026/03/12;2300 UTC;0;918,9;918,9;918,6;;21,3;18,1;21,9;21,3;18,1;17,6;82;77;82;85;4,9;1,7;
2026/03/13;0000 UTC;0;919,4;919,4;918,9;;21,3;16,6;21,3;20,6;18,1;16,6;85;74;75;76;5,6;2,1;
2026/03/13;0100 UTC;0;919,7;919,7;919,5;;20,2;17,8;21,2;20,2;17,8;16,5;86;74;86;85;5,3;1,9;
2026/03/13;0200 UTC;0;919,4;919,7;919,4;;19,8;18,4;20,2;19,7;18,4;17,8;92;86;92;109;6,5;2,4;
2026/03/13;0300 UTC;0;919;919,4;918,9;;19,5;18,7;19,8;19,5;18,9;18,3;96;92;96;69;6,5;1,4;
2026/03/13;0400 UTC;0;918,5;919;918,5;;19,7;18,3;19,7;19,2;18,9;18,2;96;92;92;70;4;1,6;
2026/03/13;0500 UTC;0;918,2;918,5;918,2;;19,5;18;19,7;19,4;18,7;18;94;91;91;73;4,2;1,5;
2026/03/13;0600 UTC;0;917,9;918,3;917,9;;19,3;18,6;19,6;19,2;18,6;18;96;90;96;84;5,6;2,1;
2026/03/13;0700 UTC;0;918,3;918,3;917,8;;19,1;17,8;19,4;19,1;18,5;17,8;96;91;92;114;7,6;2,4;
2026/03/13;0800 UTC;0;918,7;918,7;918,3;;18,9;18,1;19,2;18,8;18,2;17,8;95;92;95;87;5,9;1,8;
2026/03/13;0900 UTC;0;919,6;919,6;918,7;11;19,3;18,6;19,3;18,9;18,7;18,1;96;95;96;67;4,9;1,2;
2026/03/13;1000 UTC;0;920,2;920,2;919,6;217,5;21;19,5;21;19,2;19,6;18,5;96;91;91;62;3,9;1,7;
2026/03/13;1100 UTC;0;920,7;920,8;920,2;569,8;22,7;18,9;22,7;20,8;19,5;18,6;91;79;79;75;4,2;1,6;
2026/03/13;1200 UTC;0;920,8;920,9;920,7;583,6;24,9;18,4;25,2;22,6;19,3;18,4;80;67;67;74;5,8;1,5;
2026/03/13;1300 UTC;0;920,6;920,9;920,6;2009,3;26,6;18,2;26,8;24,8;19,5;17,6;69;59;60;64;5,3;1,9;
2026/03/13;1400 UTC;0;920,3;920,6;920,3;2731,8;28,1;18,1;29,4;26,2;19;17,3;62;51;55;61;6,5;2,1;
2026/03/13;1500 UTC;0;919,3;920,3;919,3;2659,9;29,8;18,4;30,1;27,9;19,1;17,3;57;48;51;93;5,8;1,6;
2026/03/13;1600 UTC;0;918,3;919,3;918,3;2923,2;30,3;18,5;31,7;29,1;19,8;17,5;52;46;49;98;6,6;2,5;
2026/03/13;1700 UTC;0;917,4;918,3;917,4;1893,6;29,3;17,9;30,7;28,6;18,6;16,3;51;45;50;96;6,7;1,9;
2026/03/13;1800 UTC;0;917,2;917,4;917,2;1731,3;29,3;17,3;30,7;27,9;18,3;16,7;52;46;48;124;7,4;2,3;
2026/03/13;1900 UTC;0;917,2;917,2;917,1;1182,3;27,8;16,8;29,9;27,8;17,8;16,6;51;46;51;64;7,4;2;
2026/03/13;2000 UTC;0;917,5;917,5;917,2;276,4;26,7;17,9;28,2;26,6;17,9;16,8;58;51;58;90;4,9;1,5;
2026/03/13;2100 UTC;0;917,8;917,8;917,5;45,6;24,5;19,6;26,7;24,5;19,6;17,9;74;59;74;76;6;2,3;
2026/03/13;2200 UTC;0;918,5;918,5;917,8;;23,2;19,8;24,5;23,2;19,8;19,6;81;74;81;72;6,2;2,1;
2026/03/13;2300 UTC;0;919,2;919,2;918,5;;22,1;19,9;23,2;22,1;20;19,8;87;81;87;61;6,1;2,5;
2026/03/14;0000 UTC;0;919,7;919,7;919,2;;21,4;19,6;22,1;21,4;19,9;19,6;90;87;89;71;5,5;1,5;
2026/03/14;0100 UTC;0;919,8;919,9;919,7;;21,1;19,8;21,4;21,1;19,8;19,4;92;89;92;83;5,9;2,1;
2026/03/14;0200 UTC;0;919,6;919,9;919,6;;21;20;21,1;20,9;20;19,8;94;92;94;56;6,4;1,5;
2026/03/14;0300 UTC;0;919,2;919,6;919,1;;20,8;19,8;21;20,7;20,1;19,7;94;94;94;43;3;,6;
2026/03/14;0400 UTC;0;918,8;919,2;918,7;;20,3;19,5;20,8;20,3;19,8;19,5;96;94;96;28;3;1,4;
2026/03/14;0500 UTC;0;918,4;918,8;918,4;;19,9;19,2;20,3;19,8;19,6;19;96;96;96;60;2,5;1,2;
2026/03/14;0600 UTC;0;918,2;918,4;918,2;;19,9;19,1;20;19,8;19,2;19,1;96;95;95;71;3,1;1,2;
2026/03/14;0700 UTC;0;918,4;918,5;918,2;;19,8;18,8;20;19,8;19,2;18,8;96;94;94;78;3,3;1,1;
2026/03/14;0800 UTC;0;919;919;918,4;;19,5;18,8;19,9;19,5;18,9;18,7;95;93;95;48;3,2;,7;
2026/03/14;0900 UTC;0;919,2;919,2;919;23;19,8;19,1;19,8;19,5;19,1;18,8;96;95;96;47;3,3;1,7;
2026/03/14;1000 UTC;0;919,5;919,6;919,2;229,1;21,8;19,3;21,8;19,8;19,8;19,1;96;86;86;52;3,3;1,3;
2026/03/14;1100 UTC;0;920;920;919,5;609,8;23,8;19,1;23,9;21,8;19,6;18,7;86;74;75;23;5;2,3;
2026/03/14;1200 UTC;0;920;920,3;920;674,8;26,5;19,5;26,5;23,4;19,7;18,4;76;65;65;56;4,7;,9;
2026/03/14;1300 UTC;0;919,8;920,2;919,8;2269,8;27,9;19,2;28;26,3;19,5;18,1;65;57;59;62;5,6;2;
2026/03/14;1400 UTC;0;919,4;919,8;919,4;2511,6;28;17,4;29,7;27,1;19,2;17,4;61;49;53;60;6,9;2;
2026/03/14;1500 UTC;0;918,4;919,4;918,4;3016,1;29,1;17,9;30,3;27,5;19,5;17,1;56;47;51;102;6,5;2,2;
2026/03/14;1600 UTC;0;917,4;918,4;917,4;2191,9;28,1;17,6;30,8;27,7;19;16,8;54;48;53;137;7,2;2;
2026/03/14;1700 UTC;0;916,8;917,4;916,8;776,4;29,7;18;29,7;27,8;18,4;16,9;55;50;50;80;6,9;1,1;
2026/03/14;1800 UTC;0;916,4;916,8;916,4;1558,5;30,8;17,8;31,7;28,8;18,1;15,4;49;41;46;59;5,1;1,7;
2026/03/14;1900 UTC;0;916,5;916,6;916,3;951,6;28,6;17,4;31;28,6;18,2;16,8;52;44;51;104;4,5;1,4;
2026/03/14;2000 UTC;0;916,9;916,9;916,5;159,9;26,6;19,2;28,6;26,6;19,2;17,4;64;51;64;54;4,8;2;
2026/03/14;2100 UTC;0;917,2;917,3;916,9;58,1;22,9;20;26,6;22,9;20,6;18,9;86;64;84;42;10,3;2,8;
2026/03/14;2200 UTC;0;918,2;918,2;917,2;;22,6;20,7;22,9;22,2;20,8;20;90;84;89;46;6,8;2,4;
2026/03/14;2300 UTC;0;918,9;919;918,2;;22,2;19,8;22,7;22,2;20,8;19,8;89;85;87;37;8,4;3,6;
2026/03/15;0000 UTC;0;919,4;919,4;918,9;;21,5;19,7;22,2;21,5;19,9;19,4;90;86;90;36;8,4;3;
2026/03/15;0100 UTC;0;919,6;919,9;919,4;;21,1;20;21,5;21;20,1;19,8;94;90;94;47;7,8;2,1;
2026/03/15;0200 UTC;0;919,3;919,6;919,3;;20,9;20;21,1;20,9;20;19,9;94;94;94;40;5,1;1,7;
2026/03/15;0300 UTC;0;918,8;919,3;918,8;;20,8;20,2;20,9;20,7;20,2;19,9;96;94;96;28;5,3;2,4;
2026/03/15;0400 UTC;0;918,3;918,8;918,3;;20,6;20,1;20,8;20,6;20,2;20;96;96;96;9;4,7;1,5;
2026/03/15;0500 UTC;0;917,8;918,3;917,8;;20,7;20,1;20,7;20,5;20,1;19,9;96;96;96;28;3,3;1,2;
2026/03/15;0600 UTC;0;917,5;917,8;917,4;;20,6;20;20,7;20,5;20,1;19,9;96;96;96;22;2,5;1,2;
2026/03/15;0700 UTC;0;917,7;917,7;917,4;;20,2;19,5;20,7;20,1;20,1;19,5;96;96;96;336;2,4;,5;
2026/03/15;0800 UTC;0;918,1;918,1;917,7;;19,7;19,1;20,4;19,7;19,8;19;96;96;96;8;1,6;,7;
2026/03/15;0900 UTC;0;918,5;918,5;918,1;42,5;20;19,4;20,1;19,6;19,5;19;96;96;96;221;1,6;,5;
2026/03/15;1000 UTC;0;918,8;918,8;918,4;231,9;22,1;19,7;22,2;20;20,4;19,4;96;87;87;45;2,9;1,2;
2026/03/15;1100 UTC;0;919,4;919,4;918,8;567,9;23,3;19,3;23,8;21,9;20,2;18,8;88;75;78;29;5,2;2,4;
2026/03/15;1200 UTC;0;920;920;919,4;738;24,7;19,3;26,4;23,3;20,4;18,9;79;66;72;59;5,3;1,4;
2026/03/15;1300 UTC;0;919,7;920;919,7;965,5;25,9;18,5;27,6;24,4;19,8;18,5;73;61;64;50;4,8;1,8;
2026/03/15;1400 UTC;0;919,3;919,7;919,3;1681,5;27,5;17,5;29;25,8;19,9;17,5;66;54;55;57;6,3;2;
2026/03/15;1500 UTC;0;918,6;919,3;918,6;2359,3;28,1;17,5;30,3;27,4;18,8;16,8;56;46;53;67;5,4;1,5;
2026/03/15;1600 UTC;0;917,7;918,6;917,7;1560,2;28,9;17;29,9;27,5;18,3;16,4;56;47;49;69;4,4;1,8;
2026/03/15;1700 UTC;0;917;917,7;917;1190,9;28,8;17;30,5;28,1;18,6;16,6;53;45;49;64;5;2;
2026/03/15;1800 UTC;0;916,2;917;916,2;1576,2;28,8;16,7;30,3;28,8;17,7;16,2;50;45;48;137;5,9;1,9;
2026/03/15;1900 UTC;0;916,1;916,2;916;1001;28,4;17;29,6;28,1;17,7;16,2;52;45;50;80;5,3;1,4;
2026/03/15;2000 UTC;0;916,3;916,4;916,1;223,6;26,6;17,6;28,6;26,6;18;16,9;58;50;58;122;4,7;2,1;
2026/03/15;2100 UTC;0;917,2;917,2;916,3;19,6;24,2;19,7;26,7;24,2;19,7;17,6;76;58;76;67;8;2,6;
2026/03/15;2200 UTC;0;917,8;917,8;917,2;;22,7;19,6;24,2;22,7;19,8;19,6;82;76;82;71;8;2,6;
2026/03/15;2300 UTC;0;918,4;918,5;917,8;;21,9;19,5;22,7;21,9;19,6;19,5;86;82;86;67;6,5;1,8;
2026/03/16;0000 UTC;0;919,4;919,4;918,4;;21,5;19,5;21,9;21,3;19,5;19,3;88;86;88;46;4;2;
2026/03/16;0100 UTC;0;919,9;919,9;919,4;;21,1;19,7;21,5;21,1;19,7;19,3;92;88;92;44;4,8;1,9;
2026/03/16;0200 UTC;0;919,8;919,9;919,8;;20,8;20,1;21,1;20,7;20,1;19,7;96;92;96;45;4,6;1,9;
2026/03/16;0300 UTC;0;919,3;919,8;919,3;;20,7;20,1;20,8;20,7;20,2;20,1;96;96;96;36;4,3;2,1;
2026/03/16;0400 UTC;0;919,1;919,4;919,1;,3;20,5;20;20,8;20,5;20,2;19,9;97;96;97;31;4,4;2,1;
2026/03/16;0500 UTC;0;918,6;919,1;918,6;;20,4;19,8;20,6;20,2;20;19,7;97;97;97;56;4,3;1,6;
2026/03/16;0600 UTC;0;918,2;918,6;918,2;;20;19,5;20,4;19,9;19,9;19,4;97;97;97;41;2,9;1,1;
2026/03/16;0700 UTC;0;918,2;918,2;918,1;;20,1;19,6;20,2;19,9;19,7;19,4;97;97;97;40;2,2;1,2;
2026/03/16;0800 UTC;0;918,3;918,3;918,1;;20,2;19,7;20,2;20,1;19,7;19,6;97;97;97;33;3;1,1;
2026/03/16;0900 UTC;0;918,9;918,9;918,3;43,4;20,3;19,8;20,3;19,7;19,8;19,2;97;97;97;55;2,1;,8;
2026/03/16;1000 UTC;0;919,6;919,6;918,9;212,6;21,3;19,4;22;20,3;20,3;19,4;97;88;89;33;3;1,1;
2026/03/16;1100 UTC;0;919,9;919,9;919,6;569,4;23,4;19;24;21,3;20,2;18,7;90;75;76;39;5,8;2,4;
2026/03/16;1200 UTC;0;920;920,1;919,8;776,4;26;19,2;26;23,5;19,4;18,3;77;66;66;29;5,9;2,2;
2026/03/16;1300 UTC;0;920;920,1;920;1489,9;26,8;18,5;26,9;24,3;19,2;17,9;70;60;60;20;5,7;2,7;
2026/03/16;1400 UTC;0;919,4;920;919,4;2879,4;28,7;17,5;29,1;26,4;18,8;16,6;61;49;51;67;5,7;2,1;
2026/03/16;1500 UTC;0;918,5;919,5;918,5;3421,4;29,1;14,6;31,1;28,2;17,5;14,5;51;38;41;78;6,8;1,5;
2026/03/16;1600 UTC;0;917,5;918,5;917,5;1861,7;29,1;15,4;30,7;28,4;15,6;13,8;44;39;44;140;5;1,9;
2026/03/16;1700 UTC;0;917;917,6;917;1475,2;28,5;15,5;31,2;28,1;15,7;13,9;46;38;45;157;5,3;2,2;
2026/03/16;1800 UTC;0;916,7;917;916,7;1150,5;28,5;16,4;30,3;28,4;17;14,9;49;40;48;117;5,6;1,3;
2026/03/16;1900 UTC;0;916,5;916,7;916,4;934,9;27,8;16,3;29,3;27,8;16,9;16,1;51;46;50;79;5,7;2,1;
2026/03/16;2000 UTC;0;916,8;916,8;916,3;271,9;25;20,4;28,3;25;20,4;16,1;76;49;76;85;7,7;2,6;
2026/03/16;2100 UTC;0;917,5;917,5;916,8;28,8;23,3;20,1;25;23,3;20,5;20,1;82;76;82;82;7,3;2,8;
2026/03/16;2200 UTC;0;918,2;918,2;917,4;;22,4;20,2;23,3;22,3;20,2;20;88;82;88;72;8;2,1;
2026/03/16;2300 UTC;0;919,1;919,1;918,2;;21,8;19,9;22,4;21,8;20,3;19,7;90;87;89;63;7,2;2,5;
2026/03/17;0000 UTC;0;919,7;919,7;919,1;;21,5;20;21,8;21,5;20,1;19,9;92;89;91;91;5,6;2;
2026/03/17;0100 UTC;0;919,9;919,9;919,7;;21,1;19,9;21,6;21,1;20;19,7;93;90;93;71;5,6;1,8;
2026/03/17;0200 UTC;0;919,6;919,9;919,6;;21,3;19,8;21,3;21,1;20;19,8;93;91;91;52;4,5;1,9;
2026/03/17;0300 UTC;0;919,2;919,6;919,2;;21,2;19,9;21,3;21,2;19,9;19,7;92;91;92;34;4,5;1,8;
2026/03/17;0400 UTC;0;918,7;919,3;918,6;;20,9;19,8;21,2;20,7;19,9;19,6;94;92;94;47;4;1,4;
2026/03/17;0500 UTC;0;918,1;918,7;918,1;;20,5;19,8;20,9;20,5;19,9;19,8;96;94;96;62;3,4;1,8;
2026/03/17;0600 UTC;0;918,1;918,2;918,1;;20,5;19,6;20,5;20,3;19,8;19,6;96;95;95;62;3,2;1,4;
2026/03/17;0700 UTC;0;918,2;918,3;918,1;;20,5;19,7;20,6;20,5;19,7;19,6;95;94;95;49;3,7;1,8;
2026/03/17;0800 UTC;0;918,4;918,4;918,1;;19,8;19,2;20,5;19,8;19,8;19,2;96;95;96;65;3;,8;
2026/03/17;0900 UTC;0;919,1;919,1;918,4;15,7;20,2;19,3;20,2;19,6;19,3;18,9;96;94;95;51;3;1,5;
2026/03/17;1000 UTC;0;919,7;919,7;919,1;242,5;21,3;19,2;21,8;20,2;20,3;19;95;87;88;36;5,4;2,6;
2026/03/17;1100 UTC;0;920,6;920,6;919,7;515,7;22,9;19,2;23,2;21,3;19,9;18,9;89;78;80;26;5,5;2,2;
2026/03/17;1200 UTC;0;921,1;921,1;920,5;724,4;24,5;19;24,9;23;19,4;18,5;79;69;72;75;6,3;1,3;
2026/03/17;1300 UTC;0;920,8;921,2;920,8;781,3;25,3;19,4;25,4;24,1;19,6;18,5;72;68;70;81;5,4;,9;
2026/03/17;1400 UTC;0;920,2;920,8;920,2;1453,5;26,9;18,7;28,1;24,9;19,7;18,1;70;56;61;59;6,9;2,2;
2026/03/17;1500 UTC;0;919;920,2;919;1988,8;27,3;18,3;28,9;26,4;19,2;17,7;61;54;58;60;7;1,7;
2026/03/17;1600 UTC;0;917,9;919;917,9;1208,2;27;18,4;28,6;27;18,9;17,7;59;53;59;74;5,2;1,6;
2026/03/17;1700 UTC;0;917,3;917,9;917,2;989,9;26,6;19,6;28;26,4;20,3;18,4;65;59;65;69;6;2,3;
2026/03/17;1800 UTC;0;917;917,3;917;1122;26;19,7;27,6;25,7;20,3;19,4;69;63;68;66;6,8;2,3;
2026/03/17;1900 UTC;0;916,8;917;916,7;868,8;25;19,5;26,6;25;19,9;19,1;71;65;71;108;6;2;
2026/03/17;2000 UTC;0;917,1;917,1;916,7;245,8;24,2;19;25,4;24,2;20;18,9;73;70;73;92;5,9;1,6;
2026/03/17;2100 UTC;0;917,8;917,8;917,1;15,1;23,1;19,1;24,2;23,1;19,2;18,8;78;72;78;104;8,7;2,5;
2026/03/17;2200 UTC;0;918,4;918,4;917,9;;22,3;19,1;23,1;22,3;19,1;18,9;82;78;82;71;8,7;2,8;
2026/03/17;2300 UTC;0;919,1;919,1;918,4;;21,7;19,9;22,3;21,7;19,9;19,1;89;82;89;73;7,5;1,6;
2026/03/18;0000 UTC;0;919,6;919,6;919;;21,2;20,1;21,7;21,2;20,1;19,7;93;89;93;65;6,5;2,7;
2026/03/18;0100 UTC;0;919,8;919,8;919,6;;20,9;19,7;21,2;20,8;20,2;19,6;94;93;93;70;6,4;2,7;
2026/03/18;0200 UTC;0;919,6;919,8;919,6;;20,6;19,3;20,9;20,6;19,7;19,2;93;92;92;70;5,9;1,7;
2026/03/18;0300 UTC;0;919,1;919,6;919,1;;20,4;19,5;20,6;20,3;19,5;19,3;95;92;95;63;4,3;1,9;
2026/03/18;0400 UTC;0;918,6;919,2;918,6;;20,1;19,1;20,4;20,1;19,5;19,1;95;94;94;66;4,7;2,4;
2026/03/18;0500 UTC;0;918,2;918,6;918,2;;19,9;19;20,1;19,8;19,2;18,9;95;94;94;73;4,7;1,5;
2026/03/18;0600 UTC;0;917,6;918,2;917,6;;19,9;18,6;19,9;19,8;18,9;18,6;95;92;92;82;4,5;1,8;
2026/03/18;0700 UTC;0;917,8;917,8;917,4;;19,9;18,7;20;19,7;18,7;18,5;93;92;93;81;6,4;1,6;
2026/03/18;0800 UTC;0;917,9;917,9;917,7;;19,5;18,2;19,9;19,5;18,7;17,7;93;89;92;106;6,4;1,8;
2026/03/18;0900 UTC;0;918,5;918,5;917,9;56,5;19,9;19;20;19,5;19,1;18,3;95;92;94;134;6,4;2;
2026/03/18;1000 UTC;0;919,4;919,4;918,5;331,1;21,3;18,9;21,7;19,9;19,6;18,7;94;85;86;63;5,1;1,8;
2026/03/18;1100 UTC;0;919,9;919,9;919,4;678,8;23,3;18,9;23,4;21,3;19,5;18,5;87;74;76;53;5,1;2,4;
2026/03/18;1200 UTC;0;920,1;920,2;919,9;819,6;25,9;19,4;25,9;23,4;19,4;18;76;67;67;77;4,8;1,6;
2026/03/18;1300 UTC;0;920,1;920,3;920,1;1956,1;28,3;19;28,3;24,3;19,4;17,9;69;57;57;141;5,8;1,8;
2026/03/18;1400 UTC;0;919,4;920,1;919,4;2739,5;26,5;17,8;29,7;26,5;19,3;16,6;60;50;59;124;6,3;2,1;
2026/03/18;1500 UTC;0;918,4;919,4;918,4;2780,9;29,7;18,3;30,1;26,5;19,4;17,2;60;50;50;110;7,6;2,4;
2026/03/18;1600 UTC;0;917,4;918,4;917,4;2746,4;29,1;17,8;30;27,9;19,3;17,3;57;50;51;117;8,9;1,9;
2026/03/18;1700 UTC;0;916,8;917,4;916,8;2308,7;28,6;17,8;30,4;28,5;19,5;17,4;54;48;52;91;5,4;2;
2026/03/18;1800 UTC;0;916,6;916,9;916,6;1393;28,1;19,5;29,7;27,8;19,9;17,7;60;52;60;100;7,6;2,5;
2026/03/18;1900 UTC;0;916,4;916,7;916,4;1094;23,8;20,4;28,1;23,8;21,8;19,3;84;60;81;120;7,2;2,1;
2026/03/18;2000 UTC;0;916,6;916,6;916,4;253,3;23,6;19,4;24,3;23,6;20,7;19,3;81;75;77;99;8,9;1,9;
2026/03/18;2100 UTC;0;916,6;916,9;916,6;19;22,2;19,5;23,6;22,2;19,7;19,2;84;77;84;100;6,8;1,7;
2026/03/18;2200 UTC;0;917,1;917,1;916,6;;21,6;19,3;22,2;21,6;19,5;19,3;87;84;87;80;7;1,9;
2026/03/18;2300 UTC;0;917,6;917,6;917,1;;20,9;19,4;21,6;20,9;19,4;19,2;91;87;91;99;6;1,3;
2026/03/19;0000 UTC;0;918,1;918,1;917,6;;20,7;19,6;20,9;20,7;19,6;19,4;93;91;93;65;4,9;1,8;
2026/03/19;0100 UTC;0;918,4;918,4;918,1;;20,2;19;20,7;20,2;19,6;19;94;93;93;74;5,2;1,8;
2026/03/19;0200 UTC;0;918,2;918,4;918,2;;20,1;19,4;20,2;20;19,4;18,9;95;92;95;60;5,5;2,1;
2026/03/19;0300 UTC;0;917,9;918,3;917,8;;19,8;19,1;20,1;19,8;19,4;19,1;96;95;95;56;4,2;1,6;
2026/03/19;0400 UTC;0;917,7;917,9;917,5;;20,1;19,2;20,1;19,8;19,2;19;95;94;94;29;3,5;,8;
2026/03/19;0500 UTC;0;917;917,7;917;;19,6;18,9;20,2;19,6;19,3;18,9;95;94;95;63;2,5;1,1;
2026/03/19;0600 UTC;0;917;917,1;916,9;;19,9;19;20;19,6;19,1;18,7;96;94;95;95;4;1,3;
2026/03/19;0700 UTC;0;916,9;917;916,8;;20,2;18,5;20,2;19,8;19,1;18,5;95;90;90;56;3,9;1,5;
2026/03/19;0800 UTC;0;917,5;917,5;916,9;;20,1;19,3;20,2;19,9;19,3;18,5;95;90;95;85;3,6;1,4;
2026/03/19;0900 UTC;0;917,9;917,9;917,4;25,6;19,6;19;20,1;19,6;19,4;19;96;95;96;90;4,5;1,4;
2026/03/19;1000 UTC;0;918,3;918,3;917,9;194,7;20,5;19;20,5;19,6;19,2;18,8;96;91;91;67;4,6;1,7;
2026/03/19;1100 UTC;0;918,7;918,7;918,3;617,1;22,3;19,1;22,4;20,5;19,9;19;92;82;82;59;4,9;1,8;
2026/03/19;1200 UTC;0;918,9;919;918,7;553,7;22;19,6;22,6;21,5;19,8;19,1;88;82;86;75;5;1,4;
2026/03/19;1300 UTC;0;919;919,1;918,9;1017,6;23,7;19,1;24,2;22;20;18,6;86;73;75;93;5,5;1,4;
2026/03/19;1400 UTC;0;918,6;919;918,6;1319;25,8;19,2;25,8;23,2;19,7;18,3;78;66;67;78;4,9;2,1;
2026/03/19;1500 UTC;0;917,9;918,6;917,9;1579,3;25,8;18,2;27,4;25,7;19,5;17,8;67;59;63;55;5;2,1;
2026/03/19;1600 UTC;0;916,6;917,9;916,6;2096,7;27,5;17,8;29,3;25,6;20,4;17,5;64;52;56;74;5;1,8;
2026/03/19;1700 UTC;0;916;916,6;916;1302,3;27,1;18,1;28,3;26,6;18,7;17,6;60;54;58;62;5;1,8;
2026/03/19;1800 UTC;0;915,7;916;915,7;888,5;27,1;17,7;27,5;26,8;18,8;17,6;60;56;57;89;4,4;1,5;
2026/03/19;1900 UTC;0;915,5;915,7;915,5;1011,7;27;18,4;27,5;26,7;18,6;17,8;60;57;59;60;4,2;1,9;
2026/03/19;2000 UTC;0;915,5;915,5;915,4;230,8;25;18,6;27;25;18,8;18,3;68;59;68;73;5,8;1,6;
2026/03/19;2100 UTC;0;916,1;916,1;915,5;24,5;23;19,6;25;23;19,6;18,6;81;68;81;85;6,8;2,3;
2026/03/19;2200 UTC;0;916,7;916,8;916,1;;21,7;19,6;23;21,7;19,6;19,5;88;81;88;108;7,9;3,6;
2026/03/19;2300 UTC;0;917,6;917,6;916,7;;20,9;19,7;21,7;20,9;19,7;19,5;93;88;93;65;7,9;1,9;
2026/03/20;0000 UTC;0;918,5;918,6;917,6;;21;19,5;21;20,7;19,8;19,5;93;91;91;66;4,4;1,8;
2026/03/20;0100 UTC;0;919;919;918,5;;20,9;19,3;21,1;20,8;19,7;19,3;93;91;91;48;4,5;2,5;
2026/03/20;0200 UTC;0;919,2;919,3;919;;20,6;18,9;20,9;20,6;19,3;18,9;91;90;90;40;4,9;1,4;
2026/03/20;0300 UTC;0;918,5;919,2;918,5;;20,5;19,3;20,6;20,5;19,3;18,9;93;90;92;51;2,9;,8;
2026/03/20;0400 UTC;0;917,4;918,5;917,4;;19,9;18,9;20,6;19,9;19,4;18,9;94;92;94;89;4;1;
2026/03/20;0500 UTC;0;916,7;917,4;916,7;;19,8;18,2;19,9;19,5;18,9;18,2;94;91;91;86;3,7;1,4;
2026/03/20;0600 UTC;0;916,8;916,9;916,7;;19,6;18,7;19,9;19,4;18,7;17,9;95;89;95;87;4,7;1,6;
2026/03/20;0700 UTC;0;917,2;917,2;916,8;;19;18,2;19,6;19;18,8;18,2;96;95;95;52;4,5;,9;
2026/03/20;0800 UTC;0;917,4;917,4;917,2;;19,1;18,2;19,3;18,9;18,3;18;95;93;95;57;3,1;1,7;
2026/03/20;0900 UTC;0;918,1;918,1;917,4;38,6;19,4;18,8;19,5;19;18,9;18,2;96;95;96;40;3,2;1,5;
2026/03/20;1000 UTC;0;918,8;918,8;918,1;198,4;20,6;18,7;21,1;19,4;19,4;18,7;96;89;89;39;5,3;2,4;
2026/03/20;1100 UTC;0;919,3;919,3;918,8;507,9;22,4;18,7;22,9;20,5;19,6;18,4;92;79;80;28;6,3;3,4;
2026/03/20;1200 UTC;0;919,5;919,5;919,2;740,8;23,7;18,7;24,2;22,2;19,4;18,4;80;72;74;29;6,9;3,1;
2026/03/20;1300 UTC;0;919,1;919,5;919;1533,9;26,2;18,1;27;23,7;19,6;18;74;61;61;36;7,7;3,1;
2026/03/20;1400 UTC;0;918,6;919,2;918,6;2104,5;28,6;18,7;28,6;25,4;18,8;17,7;64;55;55;32;7,7;2,5;
2026/03/20;1500 UTC;0;917,9;918,6;917,9;1869,1;27;16,9;28,6;26,9;18,3;16,9;57;52;54;49;8,1;1,8;
2026/03/20;1600 UTC;0;916,6;917,9;916,6;1831,9;29,2;16,6;29,7;26,8;17,8;16,4;57;46;47;46;8,3;2,7;
2026/03/20;1700 UTC;0;916,2;916,6;916,1;1473,2;28,8;16;30,5;27,6;17,3;15,4;51;43;46;53;8,3;2,2;
2026/03/20;1800 UTC;0;915,9;916,2;915,8;1182,4;28;15,8;30,4;28;17;15,3;49;42;47;62;7,9;2,6;
2026/03/20;1900 UTC;0;915,9;916;915,9;794,3;28,3;16,1;29;27,7;17,3;15,5;52;46;47;86;5,1;1,6;
2026/03/20;2000 UTC;0;916,1;916,1;915,8;216,4;26,4;17,9;28,6;26,4;17,9;16,1;60;47;60;77;5,5;2;
2026/03/20;2100 UTC;0;916,3;916,3;916,1;19,7;24,6;18;26,4;24,6;18,2;17,8;67;60;67;68;6,2;2,2;
2026/03/20;2200 UTC;0;916,9;916,9;916,3;;22,9;19,1;24,6;22,9;19,1;18;79;67;79;82;6,6;2,1;
2026/03/20;2300 UTC;0;917,6;917,6;916,8;;21,7;19,3;22,9;21,7;19,4;18,9;87;79;87;84;6,6;1,9;
2026/03/21;0000 UTC;0;918,2;918,2;917,6;;20,7;18,9;21,7;20,6;19,4;18,9;91;87;90;59;6,3;2,4;
2026/03/21;0100 UTC;0;918,7;918,8;918,2;;20,1;19;20,7;20,1;19;18,6;93;88;93;82;5,3;1,9;
2026/03/21;0200 UTC;0;918,6;918,8;918,6;;20;19,1;20,2;19,9;19,1;18,9;95;93;95;64;6,1;2,3;
2026/03/21;0300 UTC;0;918,4;918,7;918,4;;19,8;18,8;20;19,7;19,1;18,8;95;94;94;62;4,9;1,9;
2026/03/21;0400 UTC;0;918,1;918,4;918,1;;19,7;18,9;19,9;19,7;19;18,8;95;94;95;54;3,6;1,8;
2026/03/21;0500 UTC;0;917,7;918,1;917,7;;19,7;18,8;19,8;19,5;19;18,7;95;95;95;57;4,1;1,9;
2026/03/21;0600 UTC;0;917,4;917,7;917,3;;19,7;18,9;19,8;19,6;19;18,8;96;95;96;57;4;1,9;
2026/03/21;0700 UTC;0;917,3;917,4;917,2;;19,7;19;19,9;19,5;19,1;18,8;96;95;95;68;4,2;1,5;
2026/03/21;0800 UTC;0;917,6;917,6;917,3;;19,9;19,3;19,9;19,7;19,3;19;96;95;96;65;3,8;1,8;
2026/03/21;0900 UTC;0;918;918;917,6;31,1;19,9;19,4;20;19,8;19,5;19,2;97;96;97;61;3,7;2,1;
2026/03/21;1000 UTC;0;918,6;918,7;917,9;259,6;21,5;20,1;21,5;19,9;20,2;19,4;97;91;92;66;4,5;2,1;
2026/03/21;1100 UTC;0;919,1;919,1;918,6;537,7;23,6;19,6;23,6;21,3;20,1;19,3;92;78;78;59;4,6;2,1;
2026/03/21;1200 UTC;0;919,6;919,6;919,1;901,8;25,2;19;25,4;23,1;19,7;18,1;78;66;68;63;4,6;2,2;
2026/03/21;1300 UTC;0;919,6;919,7;919,5;1902,6;27,2;18,4;27,3;25;19,7;17,8;70;58;59;29;5,7;2,7;
2026/03/21;1400 UTC;0;919,5;919,7;919,5;1822;27,2;18,6;29;26,2;19,3;17,9;62;53;59;57;5,7;2;
2026/03/21;1500 UTC;0;918,9;919,5;918,9;2383,4;28,9;17,4;30,2;26,7;18,5;16,9;60;47;50;60;5;1,7;
2026/03/21;1600 UTC;0;918,1;918,9;918,1;1713,7;29,8;18,5;30,8;27,4;18,9;17;55;46;51;76;4,9;1,8;
2026/03/21;1700 UTC;0;917,6;918,1;917,6;2072,8;28,4;17,3;31;28,4;18,9;16,9;52;46;51;80;5,8;1,8;
2026/03/21;1800 UTC;0;916,9;917,7;916,9;1023;30,1;16,9;30,5;28,2;18,1;16,4;52;44;45;99;4,5;1,6;
2026/03/21;1900 UTC;0;916,7;917;916,6;1093,3;27,7;19,1;30,6;27,7;19,3;16,1;60;43;60;78;6,2;2;
2026/03/21;2000 UTC;0;916,8;916,9;916,7;274;25,6;19,8;27,7;25,6;19,9;19,1;70;60;70;85;7,8;2,4;
2026/03/21;2100 UTC;0;917,8;917,8;916,8;52;23,8;20,1;25,6;23,8;20,2;19,9;80;70;80;86;8,3;2,1;
2026/03/21;2200 UTC;0;918,5;918,5;917,7;;22,4;19,6;23,8;22,4;20,2;19,6;85;80;84;74;7,6;2;
2026/03/21;2300 UTC;0;919,6;919,6;918,5;;21,7;18,9;22,4;21,7;19,6;18,9;85;84;84;74;6,1;1,9;
2026/03/22;0000 UTC;0;920,5;920,5;919,6;;21,2;19,3;21,7;21,1;19,3;18,9;89;84;89;81;5,9;2;
2026/03/22;0100 UTC;0;920,8;920,9;920,5;;20,9;19,4;21,2;20,9;19,5;19,3;91;89;91;76;5,7;1,9;
2026/03/22;0200 UTC;0;920,5;920,8;920,5;;20,7;19,6;20,9;20,7;19,6;19,4;93;91;93;59;5,1;1,4;
2026/03/22;0300 UTC;0;920,2;920,6;920,2;;20,5;19,3;20,7;20,5;19,6;19,3;94;92;93;55;3,7;1,4;
2026/03/22;0400 UTC;0;919,5;920,2;919,5;;20,4;19,5;20,6;20,4;19,6;19,3;94;93;94;62;3;1,3;
2026/03/22;0500 UTC;0;918,8;919,5;918,8;;20,1;19,3;20,4;20;19,5;19,3;96;94;95;91;4,1;1,5;
2026/03/22;0600 UTC;0;918,7;918,8;918,6;;20,1;19,3;20,3;20,1;19,4;19,2;95;94;95;81;4,6;1,1;
2026/03/22;0700 UTC;0;918,7;918,7;918,5;;20;19,3;20,2;19,8;19,4;19;96;95;96;56;2,7;1;
2026/03/22;0800 UTC;0;919;919;918,7;;20;19,4;20,2;19,9;19,5;19,2;96;96;96;52;2,8;1,2;
2026/03/22;0900 UTC;0;919,4;919,4;919;28,8;20,2;19,6;20,2;19,9;19,6;19,3;96;96;96;53;2,7;1,4;
2026/03/22;1000 UTC;0;919,5;919,5;919,4;321,3;21,5;19,8;21,5;20,2;20,1;19,6;96;90;90;60;4,6;2,2;
2026/03/22;1100 UTC;0;920;920;919,5;624,4;23;19,4;23,9;21,5;20,2;19;90;77;80;70;5,5;1,8;
2026/03/22;1200 UTC;0;920,3;920,3;920;716,7;24,3;20,2;25;22,9;20,5;19,3;81;74;78;57;4,5;1,6;
2026/03/22;1300 UTC;0;920,1;920,3;920,1;1523,9;26,9;19,3;27;24,3;20,2;18,8;78;63;63;76;6,4;1,6;
2026/03/22;1400 UTC;0;919,9;920,1;919,9;2071,5;28,3;18,2;28,4;26,6;20,1;17,7;65;54;54;114;5,8;1,4;
2026/03/22;1500 UTC;0;919,1;919,9;919,1;2457,8;30,1;18,4;30,1;27,2;19,5;17,2;58;50;50;99;6,4;1,4;
2026/03/22;1600 UTC;0;918;919,1;918;2309,7;30,7;18,3;31,6;28,9;18,4;16,8;52;43;48;94;5,3;1,5;
2026/03/22;1700 UTC;0;917,3;918;917,3;1887,4;31;17,7;31,6;29,2;18,7;16,7;51;42;45;114;6,3;2,2;
2026/03/22;1800 UTC;0;916,8;917,3;916,7;1328;29,8;18,7;31,8;28,6;19,9;16,6;58;44;51;155;6,7;3,1;
2026/03/22;1900 UTC;0;916,8;916,8;916,3;1179,5;24,8;20,2;30,3;24,4;20,2;18,6;76;51;75;35;7,1;3,3;
2026/03/22;2000 UTC;,6;917,6;917,6;916,7;240;23,1;21,5;24,9;23;21,5;20;90;75;90;12;7;2,6;
2026/03/22;2100 UTC;1,6;917,8;917,8;917,4;6,1;22,5;20,9;23,1;22,4;21,6;20,7;93;90;91;70;5,8;2,1;
2026/03/22;2200 UTC;0;918,8;918,8;917,6;,2;22,1;20,6;22,5;22,1;20,9;20,6;92;91;91;62;5,6;2,8;
2026/03/22;2300 UTC;0;919,8;919,8;918,4;;21,8;20,4;22,1;21,8;20,6;20,3;92;91;92;65;5,7;2;
2026/03/23;0000 UTC;0;920,3;920,3;919,8;;21,6;20,4;21,9;21,6;20,5;20,3;93;91;93;80;5,3;1,7;
2026/03/23;0100 UTC;0;920,9;920,9;920,2;;21,4;20,7;21,6;21,3;20,7;20,3;95;93;95;52;4,9;1,6;
2026/03/23;0200 UTC;0;920,5;921;920,5;;21,3;20,1;21,4;21;20,6;20;95;93;93;73;3,7;,9;
2026/03/23;0300 UTC;0;920,2;920,8;920,1;;21,4;20,7;21,4;21,3;20,7;20,1;96;93;96;35;3;1,4;
2026/03/23;0400 UTC;0;919,1;920,2;919,1;;21,1;20,5;21,4;20,9;20,7;20,3;96;96;96;38;3,1;1,4;
2026/03/23;0500 UTC;0;918,1;919,1;918,1;,7;19,8;19,3;21,2;19,8;20,6;19,2;97;96;97;44;4,5;1,2;
2026/03/23;0600 UTC;0;917,8;918,1;917,7;;20,6;20;20,6;19,8;20;19,2;97;97;97;55;3,5;1,8;
2026/03/23;0700 UTC;0;918,1;918,1;917,7;,6;20,6;20;20,7;20,5;20,1;20;97;97;97;42;4,3;1,8;
2026/03/23;0800 UTC;0;918,3;918,3;918;;20,6;20,1;20,7;20,6;20,2;20;97;97;97;49;5,2;1,5;
2026/03/23;0900 UTC;0;918,9;918,9;918,3;22;20,6;20,2;20,7;20,5;20,2;20;97;97;97;39;5;2,2;
2026/03/23;1000 UTC;0;919,6;919,6;918,9;132,8;20,7;20,2;20,8;20,5;20,3;20,1;97;97;97;33;5,1;2,2;
2026/03/23;1100 UTC;0;920,1;920,2;919,6;376,2;22,1;20,2;22,1;20,7;20,8;20,1;97;89;89;45;4,8;1,9;
2026/03/23;1200 UTC;0;920,1;920,2;920;604,4;23,3;20;23,5;21,8;20,4;19,8;89;81;81;44;5,5;2,3;
2026/03/23;1300 UTC;0;919,8;920,2;919,8;655,5;23,8;19,4;24,3;23,3;20,1;19,2;82;74;76;31;6;3;
2026/03/23;1400 UTC;0;919,1;919,9;919,1;1101,9;26,6;19,7;26,7;23,8;20,1;18,9;77;65;66;17;6,2;2,6;
2026/03/23;1500 UTC;0;918,3;919,1;918,3;1216,2;26,7;19;27,2;25,9;19,9;18,6;67;62;63;22;6;1,9;
2026/03/23;1600 UTC;0;917,5;918,3;917,5;935,8;27,1;19,2;28,7;26,1;19,8;18,9;68;58;62;57;6,5;1,9;
2026/03/23;1700 UTC;0;917,2;917,5;917,1;1081;27,4;18,9;28,8;27,1;20;18,3;62;56;60;49;5,2;1,6;
2026/03/23;1800 UTC;1,8;916,7;917,2;916,7;851,8;23,8;21,2;28,3;23,8;21,4;18,6;86;56;86;98;5,7;2,5;
2026/03/23;1900 UTC;7,4;916,5;916,9;916,4;951,1;22,9;21,7;23,8;21,5;21,8;19,3;93;84;93;66;7,8;1,6;
2026/03/23;2000 UTC;0;917,1;917,1;916,5;399,2;23,1;21;23,7;22,9;22,1;20,9;93;86;88;84;7,3;2,7;
2026/03/23;2100 UTC;0;917,1;917,5;917;24,1;22;20,4;23,1;22;21;20,4;91;87;91;80;7,7;2,8;
2026/03/23;2200 UTC;0;918;918,1;917,1;;21,5;20,3;22;21,5;20,5;20,3;93;91;93;73;7,5;1,8;
2026/03/23;2300 UTC;0;919;919;918;;21,2;20,1;21,5;21,2;20,4;20,1;93;92;93;67;6,1;2,1;
2026/03/24;0000 UTC;0;919,4;919,4;918,9;;20,7;19,6;21,2;20,6;20,1;19,6;95;93;93;77;7,8;2,3;
2026/03/24;0100 UTC;0;919,6;919,6;919,3;;20,4;19,6;20,7;20,4;19,6;19,4;95;93;95;64;7,8;2,1;
2026/03/24;0200 UTC;0;918,9;919,6;918,9;;20;19,3;20,4;19,9;19,6;19,2;96;95;96;86;6,1;2,4;
2026/03/24;0300 UTC;0;918,6;918,9;918,4;;19,8;19,1;20;19,8;19,3;19,1;96;95;96;78;6,3;1,9;
2026/03/24;0400 UTC;0;918,2;918,6;918,2;;19,8;19;19,9;19,7;19,1;19;96;95;95;78;5,8;2,3;
2026/03/24;0500 UTC;0;918,1;918,2;918;;19,6;18,3;19,9;19,4;19,1;18,3;96;92;92;84;5,5;1,8;
2026/03/24;0600 UTC;0;918,1;918,2;918;;19,5;18,5;19,7;19,4;18,5;18,2;94;92;94;86;5,4;1,9;
2026/03/24;0700 UTC;0;918,1;918,2;918;;19,3;18,6;19,5;19,3;18,6;18,4;95;94;95;76;5,5;1,6;
2026/03/24;0800 UTC;0;918,5;918,5;918,1;;19,4;18,7;19,4;19,2;18,7;18,6;96;95;96;79;4,8;1,8;
2026/03/24;0900 UTC;0;918,9;918,9;918,4;52,3;19,7;19,2;19,7;19,3;19,2;18,6;97;96;97;72;4,5;1,8;
2026/03/24;1000 UTC;0;919,4;919,4;918,9;231,7;20,3;19,4;20,4;19,6;19,6;19;97;94;95;60;6,7;2,7;
2026/03/24;1100 UTC;0;920,1;920,1;919,4;603,3;22,1;19,5;22,3;20,3;20,3;19;95;83;86;51;5,5;2,4;
2026/03/24;1200 UTC;0;920,8;920,8;920,1;711,3;23,2;18,5;23,8;21,9;19,9;18,4;86;75;75;54;5,4;2,5;
2026/03/24;1300 UTC;0;920,3;920,8;920,3;1511,9;26,9;17,8;26,9;23,1;19,9;17,8;75;57;57;53;6,2;3;
2026/03/24;1400 UTC;0;920;920,4;919,9;2470,5;28,7;17,7;28,9;26,1;18,5;16,8;60;51;51;57;7,2;2,6;
2026/03/24;1500 UTC;0;919,4;920;919,4;2236,8;27,4;16,3;29;26,9;18;16,3;56;49;51;54;6,4;2,6;
2026/03/24;1600 UTC;0;918,8;919,4;918,7;1256,9;27,1;20,5;27,4;25;20,8;16,6;72;51;67;85;7,6;1,8;
2026/03/24;1700 UTC;0;918,5;918,9;918,4;1194,2;25,1;19,6;27,2;24,8;21,1;19,1;72;66;72;105;6,4;2,2;
2026/03/24;1800 UTC;0;918,2;918,5;918,1;811,6;25,1;18,6;27,7;24,5;20,4;18,3;74;61;67;101;6,4;2,3;
2026/03/24;1900 UTC;0;918,1;918,2;918;780;24,4;18,4;25,7;24,4;19,4;18,2;70;67;69;81;6,9;2,1;
2026/03/24;2000 UTC;0;918,1;918,2;918,1;171,6;23;17,9;24,4;23;18,5;17,7;73;69;73;82;8;2,4;
2026/03/24;2100 UTC;0;918,4;918,4;917,9;18,2;21,6;17,9;23;21,6;17,9;17,4;80;73;80;109;7,1;2,5;
2026/03/24;2200 UTC;0;919,2;919,2;918,3;;21,2;19,1;21,6;21,2;19,2;17,6;88;79;88;77;7,7;2,2;
2026/03/24;2300 UTC;0;919,9;919,9;919,2;;21,2;19;21,4;21;19,1;18,2;88;83;87;77;6,8;2,2;
2026/03/25;0000 UTC;0;920,2;920,2;919,9;;20,8;19,2;21,2;20,8;19,2;18,9;91;87;91;67;6,8;1,6;
2026/03/25;0100 UTC;0;920,3;920,3;920,2;;20,4;19,5;20,8;20,4;19,5;19,2;94;91;94;64;4,6;2;
2026/03/25;0200 UTC;0;920;920,3;920;;20,5;19,7;20,5;20,4;19,7;19,5;95;94;95;52;5,1;2;
2026/03/25;0300 UTC;0;919,7;920,1;919,7;;20,2;19,5;20,5;20,2;19,7;19,5;96;95;96;46;4,3;1,8;
2026/03/25;0400 UTC;0;919,1;919,7;919,1;;19,7;19,1;20,2;19,7;19,5;19,1;96;96;96;66;3,4;1,4;
2026/03/25;0500 UTC;0;918,5;919,1;918,5;;19,7;19,1;19,8;19,7;19,2;19,1;96;96;96;71;4,1;1,6;
2026/03/25;0600 UTC;0;917,8;918,5;917,8;;19,6;18,9;19,7;19,5;19,1;18,8;96;96;96;94;5,4;1,8;
2026/03/25;0700 UTC;0;918,3;918,3;917,8;;19,7;19,1;19,8;19,3;19,2;18,7;96;96;96;56;5,2;1,5;
2026/03/25;0800 UTC;0;918,6;918,6;918,3;;19,3;18,7;19,7;19,3;19,1;18,7;97;96;97;82;4,4;1,7;
2026/03/25;0900 UTC;0;919,1;919,1;918,6;30,3;19,3;18,6;19,3;18,8;18,7;18,2;97;96;96;99;5,5;1,7;
2026/03/25;1000 UTC;0;919,5;919,5;919,1;232,2;21,2;19,4;21,2;19,2;19,6;18,5;96;90;90;69;5,5;1,6;
2026/03/25;1100 UTC;0;920,2;920,2;919,5;539,9;22,7;19;23;20,9;19,6;18,4;90;79;80;51;5,3;2,1;
2026/03/25;1200 UTC;0;920,5;920,5;920,1;699,8;24,6;18,7;24,6;22,7;19,4;18,5;80;70;70;55;4,9;2,3;
2026/03/25;1300 UTC;0;920,5;920,6;920,4;1941,1;27;18,9;27;24,2;19,2;18;70;61;61;89;5,8;1,7;
2026/03/25;1400 UTC;0;919,9;920,5;919,9;2716,1;27;16,6;28;26,4;19,6;16,4;62;51;53;79;5,9;2,1;
2026/03/25;1500 UTC;0;919,4;919,9;919,4;2075,5;26,7;17,5;29,6;25,8;18,4;16,6;61;49;57;94;6,1;2,1;
2026/03/25;1600 UTC;0;918,6;919,5;918,6;2459,6;29,6;16,4;30,4;26,7;18,8;15,9;57;44;45;76;6,2;1,5;
2026/03/25;1700 UTC;0;918,1;918,6;918,1;1982,2;29,2;16,3;29,8;27,5;17;14,1;48;41;46;103;7,4;1,6;
2026/03/25;1800 UTC;0;917,7;918,1;917,7;719,7;28,4;17,5;30,2;27,2;17,8;15,5;52;44;52;105;7,1;2,3;
2026/03/25;1900 UTC;0;917,9;917,9;917,6;789,3;26,9;18,1;29,4;26,8;18,5;17,2;59;50;59;86;7,1;2,6;
2026/03/25;2000 UTC;0;918,2;918,2;917,8;177,9;24,9;18,7;26,9;24,9;18,8;18;69;59;69;85;7,9;2,7;
2026/03/25;2100 UTC;0;918,5;918,5;918,2;21,5;23,1;19;24,9;23,1;19,1;18,7;77;69;77;92;7,1;2,7;
2026/03/25;2200 UTC;0;918,9;919;918,5;;21,9;18,8;23,1;21,9;19,1;18,8;83;77;83;100;8,6;2,4;
2026/03/25;2300 UTC;0;919,5;919,5;918,9;;21;18,8;21,9;20,9;19,2;18,8;88;83;87;93;9,6;2,8;
2026/03/26;0000 UTC;0;920;920,1;919,4;;20,5;19,3;21;20,5;19,3;18,9;93;88;93;120;9,6;2,4;
2026/03/26;0100 UTC;0;920,2;920,2;920;;20,4;19,4;20,5;20,4;19,5;19,2;94;93;94;126;7,4;1,9;
2026/03/26;0200 UTC;0;919,9;920,2;919,8;;20,5;19,4;20,6;20,4;19,6;19,4;95;94;94;118;5,7;1,4;
2026/03/26;0300 UTC;0;919,4;919,8;919,4;;20,5;19,5;20,6;20,4;19,5;19,3;94;93;94;91;5,2;1,4;
2026/03/26;0400 UTC;0;919,1;919,4;919,1;;20,5;19,6;20,6;20,4;19,6;19,4;94;94;94;129;5,8;1,8;
2026/03/26;0500 UTC;0;918,7;919,1;918,6;,2;20;18,7;20,6;20;19,6;18,6;94;92;92;169;9;1,5;
2026/03/26;0600 UTC;0;918,6;918,8;918,6;;19,5;18,4;20;19,5;18,7;18,3;93;92;93;102;5,6;1,1;
2026/03/26;0700 UTC;2;918,6;918,6;918,5;;19,1;18,5;19,6;19,1;18,7;18,4;96;93;96;121;7,2;2,3;
2026/03/26;0800 UTC;1,2;919;919,1;918,6;;19;18,4;19,2;18,9;18,6;18,4;97;96;96;144;6,6;2,4;
2026/03/26;0900 UTC;0;919,4;919,4;919;23;19;18,5;19,1;18,8;18,5;18,3;97;96;97;170;6,4;2;
2026/03/26;1000 UTC;0;919,8;919,8;919,4;250;19,7;19,1;19,7;19;19,2;18,4;97;97;97;168;5,2;2,4;
2026/03/26;1100 UTC;0;920,1;920,2;919,8;622,1;21,1;19,5;21,4;19,7;20,2;19,2;97;91;91;165;6;1,9;
2026/03/26;1200 UTC;0;920,3;920,3;920,1;813;22,1;19,1;22,3;20,9;20,3;18,3;92;82;83;167;5,9;2;
2026/03/26;1300 UTC;0;920,1;920,3;920,1;1494;23,5;19,4;24,7;22,1;20,4;18,3;84;72;78;187;5,9;1,3;
2026/03/26;1400 UTC;0;919,5;920,1;919,4;1883,4;25,8;17,6;26,4;23,2;19,7;17;79;58;60;98;5,1;1,7;
2026/03/26;1500 UTC;,2;919;919,5;919;1275,3;23;19,4;25,9;21,7;20,6;17;90;60;80;157;7,9;3,5;
2026/03/26;1600 UTC;0;918;919;918;1644,5;24,6;18,6;25,1;22,8;20,1;18,6;82;69;69;154;7,9;2,7;
2026/03/26;1700 UTC;0;917,3;918;917,2;1938,8;26,8;18,9;26,8;24,6;20,2;17,9;72;61;62;167;6,5;2,2;
2026/03/26;1800 UTC;,6;917,7;917,7;917,2;976,1;20,9;19,4;27,2;20,9;20,3;17,9;91;62;91;161;11,2;4,5;
2026/03/26;1900 UTC;2,2;917,8;917,8;917,5;199,8;20,5;19,8;21,1;20,5;20,3;19,5;96;91;96;147;8,9;3;
2026/03/26;2000 UTC;0;918,4;918,4;917,8;121,6;20,3;19,4;20,9;20,3;20,2;19,4;96;94;95;86;7,6;2,2;
2026/03/26;2100 UTC;1,4;918,8;918,8;918,4;6,4;20;19,4;20,3;19,9;19,5;19,2;96;95;96;145;6,3;2;
2026/03/26;2200 UTC;,2;919,3;919,4;918,8;;19,9;19,3;20;19,7;19,4;19,1;97;96;97;126;6,4;2,2;
2026/03/26;2300 UTC;0;919,8;919,8;919,3;;20;19,5;20,1;19,9;19,6;19,3;97;97;97;115;6,4;1,6;
2026/03/27;0000 UTC;,6;919,7;919,9;919,7;,1;19,8;19,3;20,1;19,8;19,6;19,3;97;97;97;115;6,5;1,9;
2026/03/27;0100 UTC;0;919,6;919,7;919,5;;19,7;19,1;19,9;19,6;19,4;19;97;97;97;133;8,6;2,5;
2026/03/27;0200 UTC;0;919,2;919,6;919,2;;19,5;18,9;19,8;19,4;19,3;18,9;97;97;97;141;7,7;3,2;
2026/03/27;0300 UTC;0;918,3;919,2;918,3;;19,3;18,8;19,5;19,3;19;18,8;97;97;97;144;8;3;
2026/03/27;0400 UTC;0;917,9;918,3;917,9;;19,3;18,7;19,4;19,1;18,8;18,6;97;97;97;143;8;2,3;
2026/03/27;0500 UTC;0;917,5;917,9;917,4;;19;18,4;19,3;19;18,7;18,4;97;96;96;166;7,3;2,9;
2026/03/27;0600 UTC;0;917,8;917,8;917,5;;19;18,4;19,1;18,8;18,4;18,2;96;96;96;168;7,3;2,4;
2026/03/27;0700 UTC;0;917,8;917,8;917,7;;18,9;18,2;19,1;18,9;18,4;18,2;96;95;96;173;6,5;2,3;
2026/03/27;0800 UTC;0;918;918;917,8;;19,3;18,5;19,3;18,9;18,5;18,2;96;95;95;147;7,4;2,7;
2026/03/27;0900 UTC;0;918,5;918,5;918;16,9;19,1;18,3;19,5;19,1;18,7;18,3;95;95;95;165;6,3;2,5;
2026/03/27;1000 UTC;,2;919,1;919,1;918,5;182,6;19,6;18,9;19,7;19,1;18,9;18,3;96;94;96;172;6,1;2;
2026/03/27;1100 UTC;0;919,5;919,5;919,1;476,6;20,6;19,9;20,7;19,5;20,1;18,9;96;95;95;184;6,1;1,9;
2026/03/27;1200 UTC;,2;920;920;919,5;632,9;20,7;19,7;21,5;20,6;20,6;19,2;95;90;94;154;7,9;2,2;
2026/03/27;1300 UTC;,8;919,7;920,1;919,7;1230,7;21,4;20,4;21,6;20,6;20,8;19,5;96;94;94;156;8,3;3,8;
2026/03/27;1400 UTC;0;919,2;919,7;919,2;1896,1;24,5;20,6;24,9;21,2;21,8;19,9;95;79;79;121;7,5;1,9;
2026/03/27;1500 UTC;0;918,2;919,2;918,2;1694,4;24,6;20,9;25,5;23,5;22;19,5;83;74;80;114;6,4;1,8;
2026/03/27;1600 UTC;3,6;917,8;918,2;917,7;918,5;20,7;19,9;25,3;20,3;21,1;19,2;95;74;95;158;10,2;4,7;
2026/03/27;1700 UTC;,6;917,5;917,9;917,5;374,3;20,5;19,8;20,9;20,4;20,3;19,7;96;95;96;157;9,8;3,1;
2026/03/27;1800 UTC;1,2;917,2;917,5;917,2;333,4;20,5;19,9;20,9;20,4;20,3;19,8;96;96;96;173;8,5;3,2;
2026/03/27;1900 UTC;,8;917,3;917,5;917,1;250,6;20,4;19,8;20,6;20,3;20;19,7;97;96;97;163;10;4,2;
2026/03/27;2000 UTC;3,8;917,9;918;917,3;81,1;20,5;19,9;20,5;20,3;19,9;19,7;97;96;97;124;12;2,8;
2026/03/27;2100 UTC;1;918,1;918,1;917,8;5;20,4;19,9;20,6;20,4;20;19,9;97;97;97;143;9,4;3;
2026/03/27;2200 UTC;;;;;;;;;;;;;;;;;;
2026/03/27;2300 UTC;1,6;919,5;919,6;919,3;,7;20,1;19,6;20,1;20;19,6;19,5;97;97;97;133;8,3;3;
2026/03/28;0000 UTC;1;919,9;919,9;919,5;,2;20,1;19,6;20,2;20,1;19,7;19,6;97;97;97;146;8,5;3,7;
2026/03/28;0100 UTC;,2;920;920,2;919,8;,6;20,1;19,6;20,2;20;19,7;19,5;97;97;97;119;8,5;1,9;
2026/03/28;0200 UTC;,2;919,4;920;919,4;,5;20;19,6;20,2;20;19,7;19,5;97;97;97;113;6,4;1,4;
2026/03/28;0300 UTC;,4;919,2;919,4;919,1;1,2;19,9;19,5;20,1;19,9;19,7;19,5;98;97;98;93;5,2;1,5;
2026/03/28;0400 UTC;,4;918,7;919,2;918,7;,4;19,7;19,3;20;19,7;19,6;19,3;98;97;98;129;4,8;1,6;
2026/03/28;0500 UTC;0;918,1;918,7;918,1;;19,7;19,3;19,8;19,6;19,4;19,2;98;98;98;144;5,1;1,9;
2026/03/28;0600 UTC;0;917,7;918,1;917,7;;19,7;19,3;19,7;19,6;19,3;19,2;98;98;98;94;5,8;1;
2026/03/28;0700 UTC;0;917,9;918;917,6;,2;19,5;19,2;19,7;19,4;19,3;19;98;98;98;103;6,6;1,4;
2026/03/28;0800 UTC;,2;917,9;917,9;917,8;;19,6;19,2;19,6;19,5;19,3;19,1;98;98;98;112;5,4;2,2;
2026/03/28;0900 UTC;,8;918,5;918,5;917,9;10,6;19,8;19,4;19,8;19,5;19,5;19,2;98;98;98;102;5,4;1,3;
2026/03/28;1000 UTC;,2;919,1;919,1;918,5;134,3;20;19,6;20,2;19,8;19,8;19,4;98;98;98;83;5,5;1,9;
2026/03/28;1100 UTC;0;919,6;919,6;919,1;434,3;20,4;20;20,5;19,9;20,1;19,5;98;98;98;63;6,5;1,7;
2026/03/28;1200 UTC;0;920,1;920,2;919,6;638,9;21,6;20,5;21,7;20,2;21;19,8;98;93;93;57;6;2,1;
2026/03/28;1300 UTC;0;920;920,2;920;1511,5;22,6;20,4;23,8;21,3;21,8;20;94;84;88;65;5,8;2;
2026/03/28;1400 UTC;,2;919,5;920;919,5;1380,4;23,8;21,3;23,9;21,7;22,3;20,4;95;84;86;68;6;2;
2026/03/28;1500 UTC;0;918,8;919,5;918,8;1992,3;25,3;21,3;25,3;23,6;21,6;19,9;86;76;78;110;5,8;2;
2026/03/28;1600 UTC;1,6;918,2;918,9;918,2;1021;21,3;20,1;25,7;20,9;21,8;19,8;95;75;93;89;7,7;1,9;
2026/03/28;1700 UTC;0;917,6;918,2;917,6;1104,4;22,9;21,2;23,7;21,2;21,7;20;93;85;90;107;7,3;2,3;
2026/03/28;1800 UTC;0;917,4;917,7;917,3;1448,6;24,6;21,3;24,6;22,9;21,8;20,3;91;81;82;115;7,3;2;
2026/03/28;1900 UTC;0;917,6;917,7;917,4;743,6;23,3;21;24,7;22,9;21,5;20,4;88;80;87;129;8;2,4;
2026/03/28;2000 UTC;6,2;918,2;918,5;917,6;144,6;20,8;20,2;23,3;19,8;20,9;18,8;96;86;96;139;10,2;2,8;
2026/03/28;2100 UTC;0;918,7;918,8;918,2;13,5;21,2;20,6;21,2;20,8;20,6;20,2;97;96;97;107;7,7;1,5;
2026/03/28;2200 UTC;0;919,4;919,4;918,7;;20,9;20,4;21,2;20,9;20,6;20,3;97;97;97;139;6,4;2,4;
2026/03/28;2300 UTC;0;920,6;920,6;919,4;;20,6;20;21;20,6;20,5;20;97;97;97;106;6,3;1,8;
2026/03/29;0000 UTC;0;920,8;920,9;920,6;;20,3;19,6;20,7;20,2;20,1;19,6;97;96;96;129;4,5;1,9;
2026/03/29;0100 UTC;0;920,7;920,9;920,7;;20,2;19,6;20,3;20;19,6;19,4;96;96;96;128;5,1;1,5;
2026/03/29;0200 UTC;0;920,4;920,7;920,4;;20,1;19,5;20,2;20;19,6;19,4;96;96;96;93;4,3;1,3;
2026/03/29;0300 UTC;0;919,8;920,4;919,7;;20,1;19,5;20,1;20;19,5;19,4;96;96;96;108;4,2;1,5;
2026/03/29;0400 UTC;0;918,8;919,8;918,8;;19,8;19,2;20,1;19,7;19,5;19,1;96;96;96;147;4,5;2;
2026/03/29;0500 UTC;0;918,3;918,8;918,3;;19,6;19;19,8;19,4;19,1;18,7;96;96;96;149;4,4;2,2;
2026/03/29;0600 UTC;0;917,9;918,3;917,9;;19,9;19,4;20;19,6;19,4;19;97;96;97;136;4,5;1,8;
2026/03/29;0700 UTC;0;918;918;917,8;;19,9;19,3;20,1;19,9;19,5;19,3;97;97;97;134;5,5;2,2;
2026/03/29;0800 UTC;,2;918,4;918,4;918;;19,8;19,2;20;19,8;19,5;19,2;97;97;97;122;5,5;1,8;
2026/03/29;0900 UTC;0;918,9;918,9;918,3;21,9;19,7;19,2;19,8;19,6;19,3;19,1;97;97;97;106;4,3;,9;
2026/03/29;1000 UTC;0;919,3;919,3;918,9;267,4;20,3;19,5;20,5;19,6;19,9;19,1;97;96;96;55;3,6;1,5;
2026/03/29;1100 UTC;0;920;920,1;919,3;517,2;23,1;19,6;23,5;20,2;20,8;19,4;96;80;81;71;3,4;1,3;
2026/03/29;1200 UTC;0;920,2;920,2;920;832,8;23,9;19;24,2;22,9;20,6;18,4;82;74;74;118;5,5;1,6;
2026/03/29;1300 UTC;0;920,1;920,3;920,1;1247,8;25,1;19,7;25,1;23,3;20,2;18,9;80;72;72;79;4,9;1,1;
2026/03/29;1400 UTC;0;919,6;920,1;919,6;1543,7;24,4;19,5;25,9;23,9;20,7;18,5;77;67;74;149;4,9;1,9;
2026/03/29;1500 UTC;0;918,7;919,6;918,7;1479,5;25,3;18,8;25,6;24,4;20,2;18,4;74;66;68;55;4,6;1,5;
2026/03/29;1600 UTC;0;917,9;918,7;917,9;1833,7;26,3;19,6;26,4;24,9;20,1;18,5;71;65;67;46;4,5;1,4;
2026/03/29;1700 UTC;0;917,1;917,9;917,1;1323,9;25,8;19,5;26,8;25,6;20,1;18,5;70;64;68;24;4,9;2,1;
2026/03/29;1800 UTC;0;916,9;917,1;916,9;999,6;25,3;21,1;26,9;24,9;21,8;18,9;80;64;78;108;6,1;2,3;
2026/03/29;1900 UTC;,8;917,1;917,1;916,8;601,8;22,1;20,8;25,3;22;21,3;19,9;93;77;93;117;6,9;2,9;
2026/03/29;2000 UTC;0;917,6;917,6;917;212,4;21,6;20,6;22,1;21,6;20,7;20,4;94;91;94;153;8;3,4;
2026/03/29;2100 UTC;0;918,1;918,1;917,6;12,2;21;20,1;21,7;21;20,6;20,1;95;94;95;130;8,3;3,7;
2026/03/29;2200 UTC;0;918,8;918,8;918,1;;20,8;20,1;21,2;20,8;20,5;20;96;95;96;132;7;2,2;
2026/03/29;2300 UTC;0;919,5;919,5;918,8;;20,6;20;21;20,6;20,3;20;96;96;96;111;5,5;2,4;
2026/03/30;0000 UTC;,2;919,8;919,9;919,5;;20,8;20,3;20,8;20,5;20,3;20;97;96;97;75;5,1;1,2;
2026/03/30;0100 UTC;2,4;920;920,2;919,8;;20,3;19,7;20,8;20,1;20,3;19,6;97;97;97;66;6;1,3;
2026/03/30;0200 UTC;,6;919,8;920;919,7;;20,2;19,8;20,3;20,2;19,8;19,7;97;97;97;87;4,9;1,7;
2026/03/30;0300 UTC;,2;919,1;919,8;919,1;;20,4;19,9;20,4;20,2;20;19,7;97;97;97;53;4,2;1,1;
2026/03/30;0400 UTC;0;918,8;919,1;918,8;,1;20;19,6;20,4;19,9;19,9;19,5;97;97;97;83;4,7;1,9;
2026/03/30;0500 UTC;0;918,3;918,8;918,3;;19,6;19,2;20;19,5;19,6;19,1;97;97;97;145;6,8;2,8;
2026/03/30;0600 UTC;0;918,4;918,4;918,3;;19,5;19,1;19,7;19,4;19,2;19;98;97;97;130;4,5;1,9;
2026/03/30;0700 UTC;0;918,1;918,5;918,1;;19,5;19,1;19,7;19,5;19,2;19,1;98;97;97;138;3,8;1,4;
2026/03/30;0800 UTC;0;918,3;918,3;918,1;;19,5;19,1;19,5;19,4;19,1;19;98;97;97;134;5,2;3;
2026/03/30;0900 UTC;0;918,7;918,7;918,3;21,3;19,5;19,1;19,5;19,5;19,1;19;97;97;97;142;5,7;2;
2026/03/30;1000 UTC;0;919,1;919,1;918,7;236,6;20;19,6;20;19,5;19,6;19,1;97;97;97;149;4,9;2,7;
2026/03/30;1100 UTC;0;919,5;919,5;919,1;436,3;21,3;20,6;21,3;19,9;20,8;19,5;97;96;96;98;5,4;1,2;
2026/03/30;1200 UTC;0;919,5;919,5;919,4;705,6;23,1;19,6;23,6;21,3;21,2;19,5;96;80;81;158;5;1,7;
2026/03/30;1300 UTC;0;919,4;919,6;919,4;1698;23,8;19,3;25,2;22,6;21,3;19,1;84;74;76;154;5,8;2,2;
2026/03/30;1400 UTC;,2;918,8;919,4;918,7;2062,4;24,5;20;25,9;22,9;21,4;19,1;83;72;76;126;6;1,9;
2026/03/30;1500 UTC;;;;;;;;;;;;;;;;;;
2026/03/30;1600 UTC;0;917,2;918;917,2;1904,9;27;19,9;27,6;24,6;20,9;18,9;74;62;65;127;5,9;2,1;
2026/03/30;1700 UTC;,2;916,7;917,2;916,7;2150;23,9;20,4;27,5;23,9;21,7;19,4;82;65;81;150;7,4;4,3;
2026/03/30;1800 UTC;;;;;;;;;;;;;;;;;;
2026/03/30;1900 UTC;;;;;;;;;;;;;;;;;;
2026/03/30;2000 UTC;;;;;;;;;;;;;;;;;;
2026/03/30;2100 UTC;;;;;;;;;;;;;;;;;;
2026/03/30;2200 UTC;;;;;;;;;;;;;;;;;;
2026/03/30;2300 UTC;;;;;;;;;;;;;;;;;;
2026/03/31;0000 UTC;1,8;919,5;919,5;919,1;;19,7;19,3;20;19,7;19,5;19,3;97;97;97;132;7,4;2,8;
2026/03/31;0100 UTC;0;919,6;919,6;919,4;;20;19,6;20;19,7;19,6;19,3;97;97;97;135;7;1,7;
2026/03/31;0200 UTC;0;919,1;919,6;919,1;,4;19,7;19,2;20,1;19,7;19,7;19,2;97;97;97;156;6,9;3,3;
2026/03/31;0300 UTC;0;918,2;919,1;918,2;;19,7;19,3;19,7;19,6;19,3;19,2;98;97;98;152;8,2;4;
2026/03/31;0400 UTC;0;917,8;918,3;917,8;;19,7;19,3;19,7;19,6;19,3;19,2;98;98;98;153;7,9;3,7;
2026/03/31;0500 UTC;,2;917,2;917,8;917,2;;19,9;19,5;19,9;19,7;19,5;19,3;98;98;98;177;7,4;1,1;
2026/03/31;0600 UTC;0;917,3;917,3;917,1;,4;19,9;19,5;20;19,8;19,6;19,4;98;98;98;352;3,7;,6;
2026/03/31;0700 UTC;0;917,6;917,6;917,3;;19,8;19,5;20,1;19,8;19,7;19,5;98;98;98;146;4;1,7;
2026/03/31;0800 UTC;,2;917,5;917,6;917,4;;19,6;19,2;19,9;19,6;19,5;19,2;98;98;98;161;5,7;2,1;
2026/03/31;0900 UTC;0;918,1;918,1;917,5;15,7;19,7;19,4;19,7;19,5;19,4;19,2;98;98;98;59;5,1;1,6;
2026/03/31;1000 UTC;0;918,4;918,4;918,1;164,6;19,9;19,6;20;19,7;19,6;19,3;98;98;98;132;4,8;1,1;
2026/03/31;1100 UTC;0;919,2;919,2;918,4;619,9;21,3;20,9;21,5;19,9;21;19,6;98;97;97;109;5,6;1,4;
2026/03/31;1200 UTC;0;919,8;919,8;919,2;927,7;22,9;20,5;23,8;21,3;21,8;20,2;97;85;86;69;6;1,5;
2026/03/31;1300 UTC;0;919,9;920;919,8;1203,1;24,3;21,3;24,6;22,4;21,5;20,1;89;78;83;112;4,6;1,6;
2026/03/31;1400 UTC;;;;;;;;;;;;;;;;;;
2026/03/31;1500 UTC;;;;;;;;;;;;;;;;;;
2026/03/31;1600 UTC;;;;;;;;;;;;;;;;;;
2026/03/31;1700 UTC;;;;;;;;;;;;;;;;;;
2026/03/31;1800 UTC;;;;;;;;;;;;;;;;;;
2026/03/31;1900 UTC;;;;;;;;;;;;;;;;;;
2026/03/31;2000 UTC;,6;916,7;916,8;916,6;92,6;20,9;20,3;21,2;20,7;20,6;20,2;97;96;97;133;6,4;2;
2026/03/31;2100 UTC;0;917,3;917,3;916,7;12,9;20,6;20,1;20,9;20,6;20,3;20,1;97;97;97;123;7,1;2,1;
2026/03/31;2200 UTC;,2;918,1;918,1;917,3;;20,3;19,8;20,7;20,2;20,1;19,7;97;97;97;146;8,2;4;
2026/03/31;2300 UTC;,2;918,8;918,8;918,1;;20,3;19,9;20,4;20,2;19,9;19,7;97;97;97;138;8,2;2,5;
2026/04/01;0000 UTC;,4;919,3;919,4;918,8;,3;20,3;19,9;20,4;20,2;19,9;19,8;97;97;97;146;5,7;2;
2026/04/01;0100 UTC;,4;919,3;919,4;919,2;;20,2;19,7;20,5;20,2;20;19,7;97;97;97;144;6,5;1,6;
2026/04/01;0200 UTC;0;918,8;919,4;918,8;;20,2;19,7;20,2;20,1;19,8;19,6;97;97;97;122;7,1;2,1;
2026/04/01;0300 UTC;,8;918,1;918,8;918,1;;20,2;19,7;20,3;20,1;19,9;19,7;97;97;97;160;6,7;3,7;
2026/04/01;0400 UTC;,2;917,9;918,3;917,9;;20,1;19,7;20,3;20,1;19,9;19,7;97;97;97;125;6,7;1,5;
2026/04/01;0500 UTC;0;917,6;917,9;917,6;;19,9;19,5;20,1;19,8;19,7;19,4;98;97;98;108;4,6;1,6;
2026/04/01;0600 UTC;0;917,4;917,7;917,4;;20,1;19,6;20,1;19,9;19,6;19,5;98;98;98;91;5,8;,9;
2026/04/01;0700 UTC;0;917,3;917,5;917,3;;19,9;19,5;20,1;19,8;19,7;19,4;98;98;98;119;4,6;2,2;
2026/04/01;0800 UTC;,2;917,2;917,4;917,2;;20,1;19,7;20,1;19,8;19,7;19,4;98;98;98;181;6,8;2,1;
2026/04/01;0900 UTC;,4;918,3;918,3;917,2;15,9;20,2;19,8;20,3;20,1;19,8;19,7;98;98;98;111;7,3;,5;
2026/04/01;1000 UTC;,2;918,8;918,8;918,2;207,7;20,7;20,2;20,7;20,2;20,3;19,8;98;98;98;92;4,2;1,3;
2026/04/01;1100 UTC;0;919,3;919,3;918,8;564,9;21,3;20,9;21,4;20,5;21;20,1;98;97;97;88;4,4;1,2;
2026/04/01;1200 UTC;0;920,1;920,1;919,3;551,8;21,4;20,9;21,6;20,8;21,2;20,4;97;97;97;94;4,9;1;
2026/04/01;1300 UTC;,2;920,2;920,3;920;474,4;21,3;20,9;21,7;20,9;21,3;20,5;97;97;97;71;4,1;1,7;
2026/04/01;1400 UTC;1;919,6;920,2;919,6;338,4;20,8;20,4;21,3;20,8;20,8;20,3;97;97;97;45;6;2,3;
2026/04/01;1500 UTC;;;;;;;;;;;;;;;;;;
2026/04/01;1600 UTC;1;918;919;918;394,5;21,3;20,8;21,4;20,8;20,9;20,4;97;97;97;64;4,5;1,5;
2026/04/01;1700 UTC;0;917,2;918;917,2;677,4;21,1;20,5;21,7;21;21,1;20,3;97;95;96;80;5,5;1,9;
2026/04/01;1800 UTC;0;917;917,2;916,9;587,5;21,3;20,6;21,6;21,1;21;20,4;96;96;96;86;6,6;2,1;
2026/04/01;1900 UTC;,4;917,1;917,3;917;421;21,2;20,6;21,4;21,1;20,8;20,4;97;96;96;65;6,6;1,6;
2026/04/01;2000 UTC;,2;917,4;917,4;917,1;112,3;20,7;20,1;21,4;20,6;20,7;20,1;97;96;97;96;4,9;1,4;
2026/04/01;2100 UTC;0;917,9;917,9;917,4;5,6;20,6;20,2;20,8;20,6;20,3;20,1;97;97;97;67;4,6;1,3;
2026/04/01;2200 UTC;2,6;918,5;918,5;917,9;;20,6;20,1;20,9;20,5;20,3;20,1;97;97;97;41;4,9;1,6;
2026/04/01;2300 UTC;;;;;;;;;;;;;;;;;;
2026/04/02;0000 UTC;;;;;;;;;;;;;;;;;;
2026/04/02;0100 UTC;;;;;;;;;;;;;;;;;;
2026/04/02;0200 UTC;,2;919,7;919,9;919,7;;20,1;19,7;20,3;20,1;19,9;19,7;98;98;98;38;7,5;3,3;
2026/04/02;0300 UTC;0;919,2;919,7;919,2;,6;20;19,6;20,1;19,7;19,7;19,3;98;98;98;41;6,5;2;
2026/04/02;0400 UTC;0;918,6;919,2;918,6;,2;19,6;19,2;20;19,6;19,6;19,2;98;98;98;48;6,1;1,7;
2026/04/02;0500 UTC;0;917,9;918,6;917,9;;19,8;19,4;19,8;19,6;19,4;19,2;98;98;98;33;3,6;1,6;
2026/04/02;0600 UTC;0;917,7;917,9;917,7;,2;19,7;19,3;19,8;19,7;19,4;19,3;98;98;98;55;4,5;1,6;
2026/04/02;0700 UTC;,6;917,9;917,9;917,7;,8;19,3;18,9;19,8;19,3;19,4;18,9;98;98;98;52;3,7;1,6;
2026/04/02;0800 UTC;0;918;918;917,8;;19,6;19,3;19,7;19,3;19,3;19;98;98;98;35;3,6;1,4;
2026/04/02;0900 UTC;0;918,6;918,7;918;15;19,6;19,2;19,6;19,3;19,3;19;98;98;98;47;2,5;1,3;
2026/04/02;1000 UTC;0;919,2;919,2;918,6;178,1;20,3;19,9;20,4;19,6;20;19,3;98;98;98;59;3,5;1,9;
2026/04/02;1100 UTC;0;920,1;920,1;919,2;371;20,6;20,2;20,8;20,3;20,4;19,9;98;98;98;71;4,2;1,6;
2026/04/02;1200 UTC;1,2;920,6;920,7;920,1;818,8;21,6;21,2;21,8;19,8;21,4;19,5;98;98;98;91;7,8;1,9;
2026/04/02;1300 UTC;0;920,6;920,7;920,6;1602,1;22,8;20,4;23,3;21,4;21,5;20,4;98;86;87;63;5,7;2,5;
2026/04/02;1400 UTC;0;920;920,6;920;1477,8;23,6;21,4;24;21,4;21,4;19,5;92;81;88;76;5,7;2;
2026/04/02;1500 UTC;0;919,3;920;919,3;1621,4;22,5;20,7;25;22,3;21,3;20;90;76;90;132;5,7;2,6;
2026/04/02;1600 UTC;0;918,8;919,3;918,8;1166,6;21,9;20,1;24;21,8;21,9;19,7;92;79;90;80;6,8;2,4;
2026/04/02;1700 UTC;,2;918,4;918,8;918,4;1719,7;24,6;19,9;24,6;21,7;21,3;19,1;92;73;75;68;6,8;2,1;
2026/04/02;1800 UTC;0;918,2;918,4;918,2;1106,7;24,3;20;24,9;23,9;20,7;19;79;73;77;46;5,3;2;
2026/04/02;1900 UTC;,2;918,1;918,2;917,9;572,3;22,1;20,6;24,4;22,1;21,4;20,3;92;77;91;31;4,7;1,8;
2026/04/02;2000 UTC;0;918,5;918,6;918,1;147,2;22,3;20,7;22,4;22;20,9;20,3;91;89;91;33;4,1;1;
2026/04/02;2100 UTC;3;919,1;919,1;918,5;8,5;21,7;21;22,3;21,6;21;20,6;96;91;96;57;2,9;1,1;
2026/04/02;2200 UTC;0;919,6;919,6;919,1;,9;21,4;20,6;21,8;21,4;21,1;20,6;96;95;95;74;4,2;1,7;
2026/04/02;2300 UTC;0;920,5;920,5;919,6;;21,1;20,4;21,4;21,1;20,6;20,4;96;95;96;63;5,4;2;
2026/04/03;0000 UTC;0;921,3;921,3;920,5;0;20,7;20,2;21,1;20,7;20,4;20,2;97;96;97;53;5,3;2,2;
2026/04/03;0100 UTC;0;921,7;921,7;921,3;,2;20,6;20,1;20,8;20,5;20,2;20;97;97;97;63;4,9;1,6;
2026/04/03;0200 UTC;0;921,4;921,8;921,4;;20,3;19,8;20,6;20,3;20,1;19,7;97;96;96;87;4,4;1,4;
2026/04/03;0300 UTC;0;920,7;921,4;920,6;;20,4;19,7;20,5;20,3;19,9;19,7;96;96;96;85;6,1;1,4;
2026/04/03;0400 UTC;0;920,3;920,7;920,3;;20,3;19,5;20,5;20,2;19,8;19,5;96;95;95;77;5,1;1,5;
2026/04/03;0500 UTC;0;919,8;920,3;919,8;;19,7;19,1;20,3;19,7;19,5;19,1;96;95;96;119;5,7;1,7;
2026/04/03;0600 UTC;,2;919,6;919,8;919,6;;19,7;19,1;19,9;19,7;19,3;19;96;96;96;133;5,7;2,1;
2026/04/03;0700 UTC;0;919,6;919,7;919,6;;19,6;19;19,7;19,5;19,1;18,9;96;96;96;127;5;2,8;
2026/04/03;0800 UTC;0;920;920;919,6;;19,6;19;19,7;19,4;19,1;18,8;96;96;96;134;5,6;2,4;
2026/04/03;0900 UTC;0;920,5;920,5;920;39,8;20;19,5;20;19,6;19,5;19;97;96;97;81;4;,8;
2026/04/03;1000 UTC;0;921;921;920,5;308,4;21,1;19,8;21,2;20;20,1;19,5;97;92;92;119;4;,8;
2026/04/03;1100 UTC;;;;;;;;;;;;;;;;;;
2026/04/03;1200 UTC;;;;;;;;;;;;;;;;;;
2026/04/03;1300 UTC;;;;;;;;;;;;;;;;;;
2026/04/03;1400 UTC;;;;;;;;;;;;;;;;;;
2026/04/03;1500 UTC;;;;;;;;;;;;;;;;;;
2026/04/03;1600 UTC;;;;;;;;;;;;;;;;;;
2026/04/03;1700 UTC;;;;;;;;;;;;;;;;;;
2026/04/03;1800 UTC;;;;;;;;;;;;;;;;;;
2026/04/03;1900 UTC;;;;;;;;;;;;;;;;;;
2026/04/03;2000 UTC;;;;;;;;;;;;;;;;;;
2026/04/03;2100 UTC;;;;;;;;;;;;;;;;;;
2026/04/03;2200 UTC;;;;;;;;;;;;;;;;;;
2026/04/03;2300 UTC;;;;;;;;;;;;;;;;;;
2026/04/04;0000 UTC;;;;;;;;;;;;;;;;;;
2026/04/04;0100 UTC;;;;;;;;;;;;;;;;;;
2026/04/04;0200 UTC;;;;;;;;;;;;;;;;;;
2026/04/04;0300 UTC;;;;;;;;;;;;;;;;;;
2026/04/04;0400 UTC;;;;;;;;;;;;;;;;;;
2026/04/04;0500 UTC;;;;;;;;;;;;;;;;;;
2026/04/04;0600 UTC;;;;;;;;;;;;;;;;;;
2026/04/04;0700 UTC;;;;;;;;;;;;;;;;;;
2026/04/04;0800 UTC;;;;;;;;;;;;;;;;;;
2026/04/04;0900 UTC;;;;;;;;;;;;;;;;;;
2026/04/04;1000 UTC;;;;;;;;;;;;;;;;;;
2026/04/04;1100 UTC;;;;;;;;;;;;;;;;;;
2026/04/04;1200 UTC;;;;;;;;;;;;;;;;;;
2026/04/04;1300 UTC;;;;;;;;;;;;;;;;;;
2026/04/04;1400 UTC;;;;;;;;;;;;;;;;;;
2026/04/04;1500 UTC;;;;;;;;;;;;;;;;;;
2026/04/04;1600 UTC;;;;;;;;;;;;;;;;;;
2026/04/04;1700 UTC;;;;;;;;;;;;;;;;;;
2026/04/04;1800 UTC;;;;;;;;;;;;;;;;;;
2026/04/04;1900 UTC;;;;;;;;;;;;;;;;;;
2026/04/04;2000 UTC;;;;;;;;;;;;;;;;;;
2026/04/04;2100 UTC;;;;;;;;;;;;;;;;;;
2026/04/04;2200 UTC;;;;;;;;;;;;;;;;;;
2026/04/04;2300 UTC;;;;;;;;;;;;;;;;;;
2026/04/05;0000 UTC;;;;;;;;;;;;;;;;;;
2026/04/05;0100 UTC;;;;;;;;;;;;;;;;;;
2026/04/05;0200 UTC;;;;;;;;;;;;;;;;;;
2026/04/05;0300 UTC;;;;;;;;;;;;;;;;;;
2026/04/05;0400 UTC;;;;;;;;;;;;;;;;;;
2026/04/05;0500 UTC;;;;;;;;;;;;;;;;;;
2026/04/05;0600 UTC;;;;;;;;;;;;;;;;;;
2026/04/05;0700 UTC;;;;;;;;;;;;;;;;;;
2026/04/05;0800 UTC;;;;;;;;;;;;;;;;;;
2026/04/05;0900 UTC;;;;;;;;;;;;;;;;;;
2026/04/05;1000 UTC;;;;;;;;;;;;;;;;;;
2026/04/05;1100 UTC;;;;;;;;;;;;;;;;;;
2026/04/05;1200 UTC;;;;;;;;;;;;;;;;;;
2026/04/05;1300 UTC;;;;;;;;;;;;;;;;;;
2026/04/05;1400 UTC;;;;;;;;;;;;;;;;;;
2026/04/05;1500 UTC;;;;;;;;;;;;;;;;;;
2026/04/05;1600 UTC;;;;;;;;;;;;;;;;;;
2026/04/05;1700 UTC;;;;;;;;;;;;;;;;;;
2026/04/05;1800 UTC;;;;;;;;;;;;;;;;;;
2026/04/05;1900 UTC;;;;;;;;;;;;;;;;;;
2026/04/05;2000 UTC;;;;;;;;;;;;;;;;;;
2026/04/05;2100 UTC;;;;;;;;;;;;;;;;;;
2026/04/05;2200 UTC;;;;;;;;;;;;;;;;;;
2026/04/05;2300 UTC;;;;;;;;;;;;;;;;;;
2026/04/06;0000 UTC;;;;;;;;;;;;;;;;;;
2026/04/06;0100 UTC;;;;;;;;;;;;;;;;;;
2026/04/06;0200 UTC;;;;;;;;;;;;;;;;;;
2026/04/06;0300 UTC;;;;;;;;;;;;;;;;;;
2026/04/06;0400 UTC;;;;;;;;;;;;;;;;;;
2026/04/06;0500 UTC;;;;;;;;;;;;;;;;;;
2026/04/06;0600 UTC;;;;;;;;;;;;;;;;;;
2026/04/06;0700 UTC;;;;;;;;;;;;;;;;;;
2026/04/06;0800 UTC;;;;;;;;;;;;;;;;;;
2026/04/06;0900 UTC;;;;;;;;;;;;;;;;;;
2026/04/06;1000 UTC;;;;;;;;;;;;;;;;;;
2026/04/06;1100 UTC;;;;;;;;;;;;;;;;;;
2026/04/06;1200 UTC;;;;;;;;;;;;;;;;;;
2026/04/06;1300 UTC;;;;;;;;;;;;;;;;;;
2026/04/06;1400 UTC;;;;;;;;;;;;;;;;;;
2026/04/06;1500 UTC;;;;;;;;;;;;;;;;;;
2026/04/06;1600 UTC;;;;;;;;;;;;;;;;;;
2026/04/06;1700 UTC;;;;;;;;;;;;;;;;;;
2026/04/06;1800 UTC;;;;;;;;;;;;;;;;;;
2026/04/06;1900 UTC;;;;;;;;;;;;;;;;;;
2026/04/06;2000 UTC;;;;;;;;;;;;;;;;;;
2026/04/06;2100 UTC;;;;;;;;;;;;;;;;;;
2026/04/06;2200 UTC;;;;;;;;;;;;;;;;;;
2026/04/06;2300 UTC;;;;;;;;;;;;;;;;;;
2026/04/07;0000 UTC;;;;;;;;;;;;;;;;;;
2026/04/07;0100 UTC;;;;;;;;;;;;;;;;;;
2026/04/07;0200 UTC;;;;;;;;;;;;;;;;;;
2026/04/07;0300 UTC;;;;;;;;;;;;;;;;;;
2026/04/07;0400 UTC;;;;;;;;;;;;;;;;;;
2026/04/07;0500 UTC;;;;;;;;;;;;;;;;;;
2026/04/07;0600 UTC;;;;;;;;;;;;;;;;;;
2026/04/07;0700 UTC;;;;;;;;;;;;;;;;;;
2026/04/07;0800 UTC;;;;;;;;;;;;;;;;;;
2026/04/07;0900 UTC;;;;;;;;;;;;;;;;;;
2026/04/07;1000 UTC;;;;;;;;;;;;;;;;;;
2026/04/07;1100 UTC;;;;;;;;;;;;;;;;;;
2026/04/07;1200 UTC;;;;;;;;;;;;;;;;;;
2026/04/07;1300 UTC;0;921,7;922,5;921,7;938,2;21,6;21,3;21,8;20,2;21,4;19,8;98;98;98;87;8,2;2;
2026/04/07;1400 UTC;0;921,6;921,8;921,4;1059,7;22,5;20,9;23;21,6;22,2;20,7;98;90;91;117;7,6;1,8;
2026/04/07;1500 UTC;0;920,8;921,7;920,7;733,5;22,4;20,5;22,5;22,2;20,9;19,9;91;87;89;113;8,1;2,3;
2026/04/07;1600 UTC;0;920,3;920,8;920,3;648,5;22,1;20,1;22,5;21,9;20,8;19,7;90;87;88;87;6,6;1,6;
2026/04/07;1700 UTC;;;;;;;;;;;;;;;;;;
2026/04/07;1800 UTC;,2;919,9;920,1;919,9;617;22,7;20,4;22,7;22,2;20,4;19,4;87;84;87;98;6,1;1,4;
2026/04/07;1900 UTC;0;920,1;920,2;919,9;358,1;22,1;19,5;22,8;22,1;20,4;19,3;86;83;85;91;4,9;1,3;
2026/04/07;2000 UTC;,2;920,4;920,4;920,1;93,8;20,3;19,1;22,1;19,9;19,7;19;95;85;93;86;5,4;1,7;
2026/04/07;2100 UTC;0;921;921;920,4;12,9;20,7;19,8;20,8;20,3;19,8;19,1;94;93;94;82;5,3;1,3;
2026/04/07;2200 UTC;1;921,2;921,2;921;;20,5;19,9;20,8;20,4;19,9;19,8;96;94;96;90;3,8;1,2;
2026/04/07;2300 UTC;2,6;921,7;921,7;921,2;;20,6;20,1;20,6;20,5;20,1;19,9;97;96;97;80;6,9;1,3;
2026/04/08;0000 UTC;,6;921,8;922;921,7;,5;20,4;19,9;20,6;20,3;20,1;19,9;97;97;97;95;6,4;2,2;
2026/04/08;0100 UTC;,2;921,8;922;921,7;,5;20,6;20,2;20,6;20,3;20,2;19,9;98;97;98;87;5,9;1,9;
2026/04/08;0200 UTC;2;921,5;921,9;921,5;1,1;20,2;19,9;20,6;20,2;20,2;19,9;98;98;98;81;7,3;2,2;
2026/04/08;0300 UTC;0;920,9;921,5;920,9;,1;20,3;19,9;20,3;20,1;20;19,8;98;98;98;48;6,6;1,6;
2026/04/08;0400 UTC;,6;920;920,9;920;,5;20,1;19,7;20,3;20,1;19,9;19,7;98;98;98;78;4,6;1,8;
2026/04/08;0500 UTC;0;919,4;920;919,4;;20,3;20;20,3;20,1;20;19,7;98;98;98;74;6,7;2,3;
2026/04/08;0600 UTC;0;919,2;919,4;919,2;;20,3;19,9;20,3;20,2;20;19,9;98;98;98;91;6,3;2,3;
2026/04/08;0700 UTC;,2;919,1;919,2;919,1;;20,3;19,9;20,3;20,3;20;19,9;98;98;98;110;6,3;1,6;
2026/04/08;0800 UTC;1;919,5;919,5;919,1;,2;20;19,7;20,3;20;20;19,6;98;98;98;127;5,6;1,5;
2026/04/08;0900 UTC;,6;919,9;919,9;919,5;8;20;19,6;20,1;19,9;19,7;19,5;98;98;98;133;6,6;2,5;
2026/04/08;1000 UTC;,6;920,4;920,4;919,9;207,5;20,6;20,2;20,6;19,9;20,3;19,6;98;98;98;74;6,8;1,5;
2026/04/08;1100 UTC;,2;921,1;921,1;920,4;189;20,5;20,1;20,6;20,2;20,3;19,9;98;98;98;115;7,1;1,4;
2026/04/08;1200 UTC;,2;921,5;921,6;921,1;447,1;20,8;20,5;21,1;20,3;20,7;20;98;98;98;132;6,9;1,9;
2026/04/08;1300 UTC;0;921,6;921,6;921,4;1078,3;22,6;21,1;23,5;20,8;22,9;20,5;98;90;91;138;7,8;2;
2026/04/08;1400 UTC;0;921,1;921,6;921,1;2322,8;24,6;20;25,5;22,5;22,1;19,4;92;72;76;115;7,7;2,4;
2026/04/08;1500 UTC;,2;920,2;921,1;920,2;2736,2;24,3;17,9;26;24,3;21,3;17,9;79;66;68;163;8,9;3,6;
2026/04/08;1600 UTC;0;919,5;920,2;919,5;2142,6;25,6;20,8;26,7;24,3;20,9;18,2;77;64;75;77;8,9;1,7;
2026/04/08;1700 UTC;0;919,2;919,6;919,2;1572,8;24,2;20,5;26,4;23,6;21,5;19,7;81;70;80;72;6,6;2,7;
2026/04/08;1800 UTC;0;918,9;919,2;918,9;1040,3;24,9;20,5;25,1;23,3;21,5;19,7;84;77;77;114;7,8;1,6;
2026/04/08;1900 UTC;0;919;919,1;918,8;702,5;23,1;16,8;25,2;23,1;20,8;16,8;78;67;67;107;7,8;2;
2026/04/08;2000 UTC;0;919;919;918,9;193,3;21,9;17,4;23,2;21,9;17,6;17;75;67;75;137;6,9;2,8;
2026/04/08;2100 UTC;0;919,3;919,3;918,9;8,1;21;17,6;21,9;21;17,9;17,3;81;75;81;136;11,4;3,8;
2026/04/08;2200 UTC;0;919,8;919,8;919,3;;20,3;18,4;21;20,2;18,4;17,6;89;81;89;85;9;1,2;
2026/04/08;2300 UTC;0;920,6;920,6;919,8;;19,9;18,4;20,5;19,9;18,5;18,3;91;88;91;76;5,3;1,5;
2026/04/09;0000 UTC;0;921,4;921,4;920,6;;19,9;19;20,1;19,8;19;18,4;95;91;95;63;4,6;1,4;
2026/04/09;0100 UTC;0;921,4;921,4;921,2;;19,7;19,1;19,9;19,7;19,2;19;96;95;96;82;4,3;1,2;
2026/04/09;0200 UTC;0;920,8;921,4;920,8;;19,5;18,9;19,7;19,5;19,2;18,9;97;96;97;104;3,7;1,4;
2026/04/09;0300 UTC;0;920;920,8;920;;19,7;19,1;19,7;19,4;19,2;18,8;97;97;97;66;3,6;,8;
2026/04/09;0400 UTC;0;919,2;920;919,2;;19,5;19;19,7;19,4;19,1;18,9;97;97;97;154;3,6;1,4;
2026/04/09;0500 UTC;0;918,6;919,2;918,6;;19,1;18,5;19,5;18,9;19;18,3;97;96;97;173;4,3;1,4;
2026/04/09;0600 UTC;0;918,3;918,6;918,2;;19,2;18,7;19,3;19,1;18,8;18,5;97;97;97;165;5,3;1,6;
2026/04/09;0700 UTC;0;918,6;918,6;918,2;;19,1;18,5;19,3;19,1;18,8;18,5;97;97;97;136;4,6;1,2;
2026/04/09;0800 UTC;0;919;919;918,6;;19,4;18,9;19,4;19,1;18,9;18,6;97;96;97;140;5,3;1,1;
2026/04/09;0900 UTC;0;919,4;919,4;918,9;43,2;19,6;19;19,6;19,4;19;18,8;97;96;96;160;4,1;1,2;
2026/04/09;1000 UTC;0;919,8;919,8;919,4;433,5;20,8;18,9;20,9;19,5;19,5;18,7;96;89;89;170;5,6;1,3;
2026/04/09;1100 UTC;0;920,4;920,4;919,7;620,7;21,4;18,8;21,5;20,7;19,3;18,6;89;85;85;160;7,1;3,3;
2026/04/09;1200 UTC;0;920,8;920,8;920,4;940,2;23;19,4;23,1;21,4;19,8;18,5;86;78;80;157;7,6;3,5;
2026/04/09;1300 UTC;0;920,9;921;920,8;1523;25,1;20,3;25,1;22,7;20,6;18,7;81;74;75;148;7,4;1,9;
2026/04/09;1400 UTC;0;920,2;920,9;920,2;2737,5;25,4;19,3;26;24,2;20,6;18,4;74;65;69;140;5,8;2,4;
2026/04/09;1500 UTC;0;919,5;920,2;919,4;2424;25,2;18,7;27,1;24,8;20,7;18;72;62;67;147;5,9;2,3;
2026/04/09;1600 UTC;0;918,9;919,5;918,9;1794,9;27,3;18,9;27,6;24,7;20,7;17,8;73;59;60;162;6,5;2,8;
2026/04/09;1700 UTC;0;918,5;918,9;918,4;2154,5;26,5;17,7;28,4;26,3;20;17,5;65;54;58;160;6,5;2,3;
2026/04/09;1800 UTC;0;918,3;918,5;918,2;1004,6;26;19,3;27,3;24,6;20,3;17,5;73;58;67;145;6,3;2,6;
2026/04/09;1900 UTC;0;918,1;918,3;918,1;1010,4;25,2;19,9;26,3;25,1;20,2;18,8;72;66;72;124;7,4;1,5;
2026/04/09;2000 UTC;0;918,3;918,3;918;118,6;23,4;19,6;25,2;23,4;19,8;19;80;70;80;126;5,9;2,2;
2026/04/09;2100 UTC;0;918,8;918,8;918,3;15;22,1;19,6;23,4;22,1;19,8;19,5;86;79;86;129;6,4;3,1;
2026/04/09;2200 UTC;0;919,3;919,3;918,8;;21,4;20,1;22,1;21,4;20,1;19,6;92;86;92;127;8,8;3,2;
2026/04/09;2300 UTC;,4;919,6;919,7;919,3;;20,9;20,3;21,4;20,9;20,4;20,1;96;92;96;137;7,9;2,6;
2026/04/10;0000 UTC;0;920,1;920,2;919,6;;19,8;19,2;21;19,8;20,3;19,2;97;96;96;133;8,1;2,8;
2026/04/10;0100 UTC;0;920,4;920,4;920,1;;19,3;18,5;19,8;19,2;19,2;18,5;96;95;95;130;7;3;
2026/04/10;0200 UTC;0;920,3;920,5;920,2;;19,6;18,2;19,6;19,2;18,4;18,2;95;91;91;139;7,5;4;
2026/04/10;0300 UTC;0;919,7;920,3;919,7;;19,3;18,3;19,8;19,3;18,4;18;94;90;94;151;7,2;3,5;
2026/04/10;0400 UTC;0;919,4;919,8;919,4;;19,6;18,8;19,6;19,2;18,8;18,3;95;94;95;148;7,1;3,2;
2026/04/10;0500 UTC;0;918,7;919,4;918,7;;19,3;18,7;19,6;19,3;18,8;18,5;96;95;96;154;7,1;3,8;
2026/04/10;0600 UTC;0;918,8;918,8;918,6;;19;18,5;19,4;19;18,8;18,5;96;96;96;154;9;3,6;
2026/04/10;0700 UTC;0;918,9;919;918,8;;18,8;18,2;19,1;18,7;18,5;18,1;96;96;96;172;6,4;1,1;
2026/04/10;0800 UTC;0;919,1;919,2;918,9;;19,3;18,7;19,3;18,8;18,7;18,2;96;96;96;150;6;1,7;
2026/04/10;0900 UTC;0;919,7;919,7;919,1;24,3;19,3;18,7;19,3;19,1;18,7;18,5;96;96;96;165;6,9;2;
2026/04/10;1000 UTC;0;920,3;920,3;919,7;255;20,3;19,1;20,3;19,3;19,3;18,7;96;93;93;133;5,3;,9;
2026/04/10;1100 UTC;0;920,8;920,8;920,3;669,1;21,5;18,6;22,1;20,3;19,7;18,6;93;83;83;165;5,1;2,3;
2026/04/10;1200 UTC;0;921,3;921,3;920,8;1069,9;22,9;19,2;23,7;21,5;19,9;18,4;85;76;80;184;5,7;1,5;
2026/04/10;1300 UTC;0;921,2;921,4;921,2;1725,6;25,2;19,2;25,2;22,2;20,5;18,1;81;67;69;106;4,7;1,1;
2026/04/10;1400 UTC;0;920,5;921,2;920,5;2170,3;25,1;17,4;26,6;23,6;19,8;16,6;74;60;62;151;5,7;1,9;
2026/04/10;1500 UTC;0;919,9;920,5;919,9;2361,2;26,9;18,8;27,7;24,8;19,9;17,1;68;56;61;157;5,7;2;
2026/04/10;1600 UTC;0;919,2;919,9;919,2;2662,2;26,1;17;27,7;26,1;19,8;16,2;65;52;57;159;6,3;2,7;
2026/04/10;1700 UTC;0;918,6;919,2;918,6;2175,8;27,7;16,7;28,4;25,4;18,9;15,9;60;50;51;139;5,7;1,5;
2026/04/10;1800 UTC;0;918,3;918,6;918,3;1636,7;26,8;17,9;28,7;25,3;18,5;16,3;64;49;58;69;5,3;1,6;
2026/04/10;1900 UTC;0;918,5;918,5;918,2;1149,8;25,7;18,4;27,6;25,6;18,8;17,3;65;55;64;115;5,8;1,5;
2026/04/10;2000 UTC;0;918,8;918,8;918,5;118;23,7;19,4;25,6;23,7;19,4;18,1;77;64;77;110;6;1,4;
2026/04/10;2100 UTC;0;919,4;919,4;918,8;10,5;22,3;20,3;23,7;22,3;20,5;19,3;89;77;88;136;7,2;2,6;
2026/04/10;2200 UTC;0;920,1;920,1;919,3;;21,5;20,3;22,3;21,5;20,3;20;93;88;93;103;7,6;1,8;
2026/04/10;2300 UTC;0;920,7;920,8;920;;21;19,8;21,5;21;20,3;19,8;93;93;93;106;7;2,3;
2026/04/11;0000 UTC;0;921,3;921,4;920,7;;20,7;19,7;21;20,6;19,8;19,5;94;93;94;119;7,3;1,5;
2026/04/11;0100 UTC;0;921,4;921,4;921,3;;20,4;19,5;20,8;20,3;19,8;19,5;95;94;95;129;5,8;1,8;
2026/04/11;0200 UTC;0;921,2;921,4;921,2;;20,2;19,5;20,4;20,2;19,6;19,4;95;95;95;67;7,2;2;
2026/04/11;0300 UTC;0;920,9;921,3;920,9;;20,2;19,4;20,3;20,1;19,5;19,4;96;95;96;106;6,8;1,9;
2026/04/11;0400 UTC;0;920,2;920,9;920,2;;20,1;19,4;20,3;20,1;19,6;19,4;96;95;95;150;5,5;1,8;
2026/04/11;0500 UTC;0;919,5;920,2;919,4;;20;19,3;20,3;19,9;19,6;19,2;96;95;96;118;7,7;1,7;
2026/04/11;0600 UTC;0;919,4;919,5;919,3;;19,9;19,3;20,1;19,9;19,5;19,3;96;96;96;75;7,7;1,7;
2026/04/11;0700 UTC;0;919,5;919,6;919,4;;19,9;19,3;20;19,8;19,5;19,2;97;96;96;78;5,9;1,7;
2026/04/11;0800 UTC;0;919,5;919,5;919,3;;19,8;19,1;19,9;19,8;19,3;19,1;96;96;96;97;5,6;1,1;
2026/04/11;0900 UTC;0;920,1;920,1;919,5;17,3;19,8;19,2;19,8;19,6;19,2;18,9;96;96;96;60;5,6;1,4;
2026/04/11;1000 UTC;0;920,7;920,7;920,1;303,1;20,8;19,3;21,1;19,8;20;19,2;96;91;91;100;3,7;1,1;
2026/04/11;1100 UTC;0;921,2;921,2;920,7;588,9;21,9;19,3;22,4;20,8;20,2;18,9;92;83;85;68;4,9;2;
2026/04/11;1200 UTC;0;921,3;921,4;921,2;1034,6;24,3;18,9;24,8;21,8;20;18,4;86;70;72;103;4,9;1,3;
2026/04/11;1300 UTC;0;921,3;921,4;921,3;1452,2;24,2;18,1;25,5;23,9;20,9;18,1;78;67;68;104;4,9;1,5;
2026/04/11;1400 UTC;0;920,6;921,3;920,6;2100,2;25;18,8;26,3;24,2;20,4;18,2;73;65;68;97;6;1,8;
2026/04/11;1500 UTC;0;920;920,6;920;2992,6;26,6;18,4;28,2;25;20,7;18,3;72;59;61;101;6;1,6;
2026/04/11;1600 UTC;0;919,4;920;919,4;1961;26,7;19,3;27,4;25,5;19,8;17,9;68;60;64;73;6;2,1;
2026/04/11;1700 UTC;0;919,1;919,4;919,1;1782;26,5;20;27,3;25,4;20,3;18,7;69;62;68;124;5,3;1,8;
2026/04/11;1800 UTC;0;918,6;919,1;918,6;1347,3;26,6;19,5;27;25,5;20,4;19,1;72;64;65;103;5,1;1,7;
2026/04/11;1900 UTC;0;918,8;918,8;918,5;982,3;24,8;19,6;26,6;24,8;20;18,7;73;64;73;74;5,2;2,1;
2026/04/11;2000 UTC;0;919,1;919,2;918,8;93,4;23,4;19,4;24,8;23,4;19,9;19,3;79;73;79;111;5,5;2;
2026/04/11;2100 UTC;0;919,6;919,6;919,1;5,6;22,2;19,2;23,4;22,1;19,5;19,2;83;79;83;134;5,9;2,5;
2026/04/11;2200 UTC;0;920;920;919,6;;21,7;19;22,2;21,7;19,3;18,9;85;83;84;137;6,9;3,1;
2026/04/11;2300 UTC;0;920,8;920,8;920;;21;19,3;21,7;20,9;19,3;18,8;90;84;90;134;8,4;3,5;
2026/04/12;0000 UTC;0;921,1;921,3;920,8;;20,8;19,7;21,1;20,8;19,7;19,4;93;90;93;148;9,3;3,8;
2026/04/12;0100 UTC;0;921,6;921,6;921,1;;20,5;19,5;20,8;20,5;19,7;19,5;94;93;94;138;9,3;3,2;
2026/04/12;0200 UTC;0;921,4;921,8;921,4;;20,2;19;20,6;20,2;19,6;19;94;93;93;146;10,3;3,2;
2026/04/12;0300 UTC;0;920,9;921,5;920,9;;19,9;18,6;20,3;19,9;19,1;18,6;93;92;92;141;8;2,1;
2026/04/12;0400 UTC;0;920,3;920,9;920,3;;20,1;18,9;20,1;19,8;18,9;18,5;93;92;93;100;6,7;,8;
2026/04/12;0500 UTC;0;919,7;920,3;919,7;;19,9;18,7;20,2;19,6;18,9;18,4;93;92;93;158;7,3;2,3;
2026/04/12;0600 UTC;0;919,5;919,9;919,5;;19,8;18,6;19,9;19,7;18,8;18,6;93;93;93;164;8,3;2,9;
2026/04/12;0700 UTC;0;919;919,6;919;;19,6;18,5;19,8;19,6;18,7;18,5;94;93;93;162;8,8;4,4;
2026/04/12;0800 UTC;0;919,3;919,3;918,9;;19,5;18,5;19,6;19,5;18,6;18,5;94;93;94;169;9;3,3;
2026/04/12;0900 UTC;0;920,1;920,1;919,3;32,3;19,5;18,5;19,5;19,3;18,5;18,4;95;94;94;175;7,6;3,4;
2026/04/12;1000 UTC;0;921;921;920,1;359,6;20,4;18,2;20,5;19,5;18,5;18;94;87;87;166;8,9;3,1;
2026/04/12;1100 UTC;0;921,2;921,2;921;741,9;21,3;18,8;21,5;20,4;19;18,4;88;85;85;163;8,8;3,5;
2026/04/12;1200 UTC;0;921,7;921,7;921,2;608,6;21,7;19,8;22,1;21,2;19,9;18,6;89;84;89;149;8,5;1;
2026/04/12;1300 UTC;0;921,4;921,7;921,4;924;22,2;19,5;22,8;21,3;20,7;19,5;92;84;85;148;5,6;1,5;
2026/04/12;1400 UTC;0;920,8;921,4;920,8;1311,6;22,9;19,8;24;22,1;20,9;19,4;87;77;82;160;7,4;2,7;
2026/04/12;1500 UTC;;;;;;;;;;;;;;;;;;
2026/04/12;1600 UTC;;;;;;;;;;;;;;;;;;
2026/04/12;1700 UTC;;;;;;;;;;;;;;;;;;
2026/04/12;1800 UTC;0;918,5;918,8;918,4;794,8;21,9;18,6;22,6;21,9;19,9;18,6;86;81;82;157;8,7;3,3;
2026/04/12;1900 UTC;0;918,7;918,7;918,4;360,4;20,6;18,7;22,1;20,6;19,3;18,6;89;81;89;121;8,3;2,7;
2026/04/12;2000 UTC;0;919;919;918,7;136,3;19,9;18,4;20,7;19,8;18,7;18;91;88;91;115;8,3;2;
2026/04/12;2100 UTC;0;919,6;919,6;919;8,2;20,1;19,1;20,2;19,8;19,1;18,4;94;91;94;95;6,6;1,1;
2026/04/12;2200 UTC;0;920,3;920,3;919,6;;20,1;19,2;20,1;20;19,3;19;95;94;95;83;5;1,3;
2026/04/12;2300 UTC;,6;920,5;920,6;920,3;,2;19,1;18,3;20,1;18,9;19,3;18;95;94;95;154;8,4;3,2;
2026/04/13;0000 UTC;0;920,8;920,9;920,5;;19,6;18,7;19,6;18,8;18,7;17,8;95;94;94;122;7,4;1,6;
2026/04/13;0100 UTC;0;920,6;920,8;920,6;;19,9;19;19,9;19,6;19;18,7;95;94;94;117;5,5;1,4;
2026/04/13;0200 UTC;0;920,3;920,6;920,3;;20,2;19,4;20,2;19,9;19,4;18,9;95;94;95;87;5,9;1;
2026/04/13;0300 UTC;0;919,6;920,3;919,6;;20,2;19,4;20,2;20,1;19,4;19,3;95;95;95;93;3,4;,9;
2026/04/13;0400 UTC;0;918,7;919,6;918,7;;20,1;19,3;20,2;20,1;19,4;19,3;95;95;95;131;5;1;
2026/04/13;0500 UTC;0;918,1;918,8;918,1;;20,1;19,3;20,1;20;19,4;19,2;95;95;95;141;6,3;1,3;
2026/04/13;0600 UTC;0;918,1;918,2;918;;20,1;19,4;20,2;20,1;19,4;19,3;95;95;95;108;5,5;,7;
2026/04/13;0700 UTC;0;918,1;918,1;918;0;20;19,2;20,2;20;19,4;19,1;95;95;95;70;3,4;1,3;
2026/04/13;0800 UTC;0;918,4;918,4;918;;19,6;18,8;20;19,6;19,1;18,8;95;94;95;141;3,9;1,7;
2026/04/13;0900 UTC;0;918,8;918,8;918,4;17,4;20,1;19,3;20,1;19,6;19,3;18,8;95;95;95;73;5,4;1,3;
2026/04/13;1000 UTC;0;919,6;919,6;918,8;188,7;20,7;19,8;20,9;20;20;19,3;95;94;94;144;3,9;1,4;
2026/04/13;1100 UTC;0;920,1;920,1;919,6;568,3;21,6;19,7;22,6;20,7;20,7;19,1;94;85;89;74;3,9;1,2;
2026/04/13;1200 UTC;0;920,7;920,7;920,1;1045,7;22,9;19,6;23,3;21,5;20,6;19,1;90;79;82;63;4,7;1,9;
2026/04/13;1300 UTC;0;920,5;920,7;920,5;1710,5;24;19,6;24,7;22,9;20,2;18,9;83;73;77;66;4,9;1,6;
2026/04/13;1400 UTC;0;919,7;920,5;919,7;2395,2;26;20,3;26,3;24;20,7;18,6;78;65;71;81;5,7;1,5;
2026/04/13;1500 UTC;0;918,8;919,7;918,7;2820,3;27,2;19,1;27,3;26;20,9;18,5;73;60;62;80;5,6;1,5;
2026/04/13;1600 UTC;0;917,9;918,8;917,9;2725;27,1;17,9;28,1;26,8;20,2;17,7;65;55;57;140;5,9;1,9;
2026/04/13;1700 UTC;0;917,3;917,9;917,3;2172,5;28,3;19,1;28,7;26,5;20,1;17,7;62;56;58;137;5,4;1,4;
2026/04/13;1800 UTC;0;917,2;917,3;917,1;1417,3;24,8;20,8;28,3;24,7;21;18,3;79;57;78;91;7;2,1;
2026/04/13;1900 UTC;0;917,3;917,4;917,1;645,5;24,4;20,8;24,8;23,7;21,1;20,5;83;78;81;132;7,2;1,7;
2026/04/13;2000 UTC;0;918;918;917,3;189,8;22,8;20,5;24,4;22,8;20,8;20,3;87;80;87;85;5,2;1,1;
2026/04/13;2100 UTC;0;917,9;918;917,9;3,9;21,3;19,4;22,8;21,3;20,6;19,4;89;87;89;128;6,4;2,9;
2026/04/13;2200 UTC;0;918,6;918,6;917,9;;21,3;20,2;21,5;21,2;20,4;19,4;94;89;93;132;7,5;2,6;
2026/04/13;2300 UTC;0;919,3;919,3;918,6;;21,1;20,4;21,4;21,1;20,6;20,2;96;93;96;112;8;2;
2026/04/14;0000 UTC;,2;919,7;919,7;919,3;;20,7;20,1;21,1;20,7;20,4;20,1;97;96;97;127;8;1,7;
2026/04/14;0100 UTC;0;919,6;919,8;919,6;;20,5;20;20,7;20,5;20,1;19,9;97;97;97;99;7,9;1,7;
2026/04/14;0200 UTC;0;919,5;919,7;919,5;;20,3;19,8;20,7;20,2;20,1;19,6;97;97;97;80;5,6;1;
2026/04/14;0300 UTC;1,2;918,8;919,5;918,8;;19,7;19,2;20,4;19,2;19,9;18,7;97;97;97;104;7;2,2;
2026/04/14;0400 UTC;,2;917,9;918,8;917,9;;19,9;19,5;20;19,6;19,5;19,2;97;97;97;109;7,8;1,2;
2026/04/14;0500 UTC;0;917,4;917,9;917,3;;19,9;19,5;20;19,8;19,5;19,4;97;97;97;130;5,7;2,2;
2026/04/14;0600 UTC;0;917,2;917,4;917,1;;19,6;19,3;19,9;19,6;19,5;19,2;98;97;98;138;6,1;1,4;
2026/04/14;0700 UTC;0;917,1;917,2;917,1;;19,8;19,5;19,9;19,6;19,5;19,3;98;98;98;117;6,1;1,2;
2026/04/14;0800 UTC;0;917,3;917,3;917,1;;19,9;19,6;19,9;19,7;19,6;19,4;98;98;98;59;4,3;1,3;
2026/04/14;0900 UTC;,2;917,7;917,7;917,2;9,1;19,9;19,6;19,9;19,7;19,6;19,4;98;98;98;80;6,6;1,3;
2026/04/14;1000 UTC;,2;918,3;918,3;917,7;123,8;19,8;19,5;20;19,5;19,7;19,2;98;98;98;88;7;1,5;
2026/04/14;1100 UTC;0;919,1;919,2;918,3;381,9;20,4;20,1;20,4;19,8;20,1;19,5;98;98;98;77;7;1,7;
2026/04/14;1200 UTC;,2;919,4;919,4;919,1;698,8;21,7;20,1;21,7;20,2;20,5;19,8;98;91;91;81;7;2,5;
2026/04/14;1300 UTC;0;919;919,5;919;894,6;22,9;20,3;22,9;21,6;20,6;19,6;92;84;85;72;6,8;2,2;
2026/04/14;1400 UTC;0;918,6;919,1;918,6;1414,8;24;19,8;24,6;22,5;21,1;19,4;87;77;77;76;6,3;1,5;
2026/04/14;1500 UTC;0;918,1;918,6;918,1;1113,8;20,9;20;24;20,7;20,8;19,3;96;76;94;76;7;1,5;
2026/04/14;1600 UTC;0;917,2;918,1;917,2;1472,3;23,5;19,7;24,2;20,9;21,5;19,7;95;79;79;98;4,8;1,6;
2026/04/14;1700 UTC;0;916,5;917,2;916,5;998,2;23,6;20,7;23,9;22,9;21,1;19,7;85;79;84;125;4,7;1,8;
2026/04/14;1800 UTC;0;916;916,5;916;783,7;22,5;19,9;23,6;22,3;20,5;19,9;88;82;86;155;8,3;3;
2026/04/14;1900 UTC;0;916,5;916,5;916;495,1;22,4;20,4;22,9;22;20,5;19,8;89;85;88;93;7,5;1,1;
2026/04/14;2000 UTC;0;916,9;916,9;916,5;163,6;21,5;20;22,4;21,5;20,6;20;92;88;92;101;6,3;1,6;
2026/04/14;2100 UTC;0;917,3;917,3;916,9;6,1;21;20,3;21,5;20,8;20,3;19,9;96;92;96;101;6,3;1,4;
2026/04/14;2200 UTC;0;918,2;918,2;917,3;;20;19,2;21;20;20,3;19,2;96;95;95;98;6,3;2,2;
2026/04/14;2300 UTC;0;918,7;918,8;918,2;;20,1;19,5;20,2;20;19,5;19,2;96;95;96;123;6,8;2,5;
2026/04/15;0000 UTC;0;919,1;919,1;918,7;;19,8;19,1;20,2;19,8;19,5;19,1;96;96;96;120;7,8;1,9;
2026/04/15;0100 UTC;0;919,1;919,2;919;;19,7;19,1;19,8;19,6;19,2;18,9;96;96;96;145;8,3;3,3;
2026/04/15;0200 UTC;0;918,8;919,2;918,7;;19,5;18,8;19,8;19,5;19,1;18,8;96;95;96;145;8,3;3,2;
2026/04/15;0300 UTC;0;918,3;918,8;918,2;;19,5;18,7;19,7;19,5;19;18,6;96;95;95;155;8,4;3,5;
2026/04/15;0400 UTC;0;917,6;918,2;917,6;;19,5;18,7;19,6;19,4;18,8;18,6;96;95;95;158;8,6;5;
2026/04/15;0500 UTC;0;917,4;917,7;917,3;;19,9;19,2;19,9;19,5;19,2;18,6;96;95;96;133;8,6;2,5;
2026/04/15;0600 UTC;,2;916,9;917,4;916,9;;19;18,5;19,9;19;19,2;18,4;97;96;97;140;8,5;1,7;
2026/04/15;0700 UTC;0;916,8;917;916,8;;19,4;18,9;19,4;19;18,9;18,5;97;97;97;124;6,1;2,2;
2026/04/15;0800 UTC;0;917,4;917,4;916,8;;19,5;19;19,5;19,4;19,1;18,9;97;97;97;170;5,9;1,4;
2026/04/15;0900 UTC;0;917,9;917,9;917,4;31,6;19,8;19,3;19,8;19,5;19,4;19;97;97;97;141;8,5;3,3;
2026/04/15;1000 UTC;0;918,8;918,8;917,9;319,8;20,2;19,5;20,3;19,6;19,7;19,1;97;96;96;73;8,5;2;
2026/04/15;1100 UTC;0;919,4;919,4;918,8;514,7;21,3;20,6;21,4;20,1;20,6;19,4;97;94;96;77;5,9;1,4;
2026/04/15;1200 UTC;,6;919,7;919,9;919,4;822,2;21,1;20,2;21,8;20,3;20,5;19,2;95;90;95;130;8,7;2,4;
2026/04/15;1300 UTC;0;919,6;919,8;919,6;1491,1;22,9;20,3;24,2;21,1;21,8;19,6;95;79;85;82;6;1,7;
2026/04/15;1400 UTC;0;919,1;919,7;919,1;1027,7;24,2;20,4;24,2;22,5;20,9;19,3;87;76;79;81;6,5;1,8;
2026/04/15;1500 UTC;0;918,5;919,1;918,4;1387,5;24;19,3;24,4;23,2;20,2;17,7;80;69;75;128;5,8;2;
2026/04/15;1600 UTC;,2;918;918,5;918;1287,6;23,9;19,4;25,2;23,2;20,5;18,3;78;70;76;123;6,4;1,3;
2026/04/15;1700 UTC;0;917,6;918;917,5;866,2;23,5;19,2;24;23,2;19,6;17,9;78;72;77;88;4,9;1,4;
2026/04/15;1800 UTC;0;916,9;917,6;916,9;1061;24,1;19;24,2;23,2;19,4;18,1;77;72;73;64;4,8;1,9;
2026/04/15;1900 UTC;0;917;917;916,7;458,3;22,4;19;24,2;22,4;19,5;18;81;72;81;147;4,6;1,7;
2026/04/15;2000 UTC;0;917,4;917,4;916,9;150;21,9;19,5;22,5;21,8;19,5;18,5;87;80;87;58;6;,8;
2026/04/15;2100 UTC;0;917,7;917,7;917,3;3,7;20,9;19,7;21,8;20,9;19,9;19,3;93;87;92;68;3,5;1,3;
2026/04/15;2200 UTC;0;918,3;918,3;917,7;;20,9;19,9;21,1;20,9;19,9;19,7;94;92;94;110;5;1,4;
2026/04/15;2300 UTC;0;919;919;918,3;;20,7;20;20,9;20,6;20,1;19,8;96;94;95;150;5,8;1,5;
2026/04/16;0000 UTC;0;919,4;919,4;919;;20,4;19,8;20,7;20,3;19,9;19,5;97;95;97;103;5,8;1,4;
2026/04/16;0100 UTC;0;919,3;919,4;919,3;;20;19,5;20,4;20;19,9;19,5;97;97;97;87;6,3;,8;
2026/04/16;0200 UTC;0;919;919,3;919;;20,2;19,6;20,2;19,9;19,7;19,4;97;97;97;135;4,7;1,3;
2026/04/16;0300 UTC;,2;918,5;919;918,5;;20;19,6;20,2;20;19,7;19,5;97;97;97;109;5,2;1;
2026/04/16;0400 UTC;,2;917,8;918,5;917,8;;19,8;19,4;20;19,8;19,6;19,3;97;97;97;121;4;1,3;
2026/04/16;0500 UTC;1;917,4;917,8;917,4;;19,8;19,4;19,9;19,8;19,5;19,4;97;97;97;136;4,3;1,6;
2026/04/16;0600 UTC;,6;917,1;917,4;917;;19,5;19,1;19,8;19,5;19,4;19,1;98;97;98;149;5,6;2;
2026/04/16;0700 UTC;0;917,5;917,5;917,1;;19,5;19,1;19,6;19,4;19,2;19;98;98;98;114;5,5;1,1;
2026/04/16;0800 UTC;,2;917,4;917,6;917,4;;19,4;19,1;19,6;19,4;19,3;19;98;98;98;174;6,2;1,4;
2026/04/16;0900 UTC;0;917,9;917,9;917,4;11,6;19,4;19;19,6;19,4;19,2;19;98;98;98;148;7,2;2,4;
2026/04/16;1000 UTC;0;918,7;918,7;917,9;304,3;20;19,6;20,2;19,4;19,8;19;98;97;97;124;5,8;1,5;
2026/04/16;1100 UTC;0;919,4;919,5;918,7;417,2;20,9;20,2;21;20;20,4;19,6;97;96;96;137;6,7;2,1;
2026/04/16;1200 UTC;0;919,8;919,8;919,4;1211,6;23,8;20,2;23,8;20,8;21,2;19,2;96;81;81;153;7,1;1,9;
2026/04/16;1300 UTC;0;919,7;919,9;919,7;1639,4;24,6;19,6;25,1;22,3;20,9;18,7;85;74;74;64;6;2,1;
2026/04/16;1400 UTC;,2;919;919,7;918,9;2284,3;25,2;19,7;25,9;24,3;20,5;19;77;66;72;72;6;2,1;
2026/04/16;1500 UTC;0;917,9;919;917,9;2590,1;25,6;19,1;26,4;24,5;21;18,5;76;63;67;60;6,7;2,3;
2026/04/16;1600 UTC;0;917;917,9;917;2426,6;26,8;19,5;27,3;25,2;20,1;18,1;69;58;65;128;5,6;1,6;
2026/04/16;1700 UTC;0;916,4;917;916,4;2155,9;26,7;19,2;27,8;26,5;19,9;17,7;64;57;63;131;5,4;1,8;
2026/04/16;1800 UTC;0;916;916,4;916;1595,8;26,3;19,2;27,8;25,7;20;18,3;67;59;65;125;6,2;2,1;
2026/04/16;1900 UTC;0;916,1;916,1;915,9;971,5;24,6;19,8;26,9;24,6;20,4;19;75;64;75;122;6,4;2,3;
2026/04/16;2000 UTC;0;916,2;916,2;916,1;98,4;23;20,2;24,7;23;20,2;19,7;84;75;84;137;7,5;3,1;
2026/04/16;2100 UTC;0;916,8;916,8;916,2;30;21,8;20,3;23,1;21,7;20,4;20;92;84;92;136;8,2;3;
2026/04/16;2200 UTC;0;917,5;917,5;916,8;;21,2;19,9;21,8;21,2;20,4;19,8;92;91;92;131;8,4;3,5;
2026/04/16;2300 UTC;0;918,4;918,4;917,5;;20,7;19,3;21,2;20,6;19,9;18,9;93;90;92;138;8,6;3,4;
2026/04/17;0000 UTC;0;918,7;918,7;918,4;;20,4;19,2;20,7;20,4;19,4;19,2;94;92;93;149;8,6;4,2;
2026/04/17;0100 UTC;0;918,8;918,9;918,7;;20,2;19,1;20,4;20,2;19,3;19;93;93;93;142;9,7;3,3;
2026/04/17;0200 UTC;0;918,4;918,8;918,4;;19,8;18,3;20,2;19,8;19,1;18,3;93;91;91;154;10;4,6;
2026/04/17;0300 UTC;0;917,9;918,4;917,9;;19,7;18,5;19,8;19,7;18,6;18,3;93;91;93;156;9,6;4,8;
2026/04/17;0400 UTC;0;916,9;917,9;916,9;;19,7;18,6;19,8;19,6;18,7;18,4;94;93;93;162;9,5;4,9;
2026/04/17;0500 UTC;0;916,2;917;916,2;;19,7;18,7;19,7;19,6;18,8;18,6;94;93;94;157;8,9;4,6;
2026/04/17;0600 UTC;0;916;916,2;915,9;;19,7;18,8;19,7;19,6;18,8;18,6;95;94;95;162;8,9;4,6;
2026/04/17;0700 UTC;0;915,8;916;915,6;;19,8;18,9;19,8;19,5;18,9;18,7;95;94;95;161;9,4;4,3;
2026/04/17;0800 UTC;0;916,1;916,1;915,8;;19,5;18,6;19,8;19,5;19;18,6;95;94;94;157;8,3;4,3;
2026/04/17;0900 UTC;0;916,4;916,4;916,1;24,7;19,6;18,8;19,6;19,4;18,8;18,4;95;94;95;156;8,3;2,5;
2026/04/17;1000 UTC;;;;;;;;;;;;;;;;;;
2026/04/17;1100 UTC;0;917,5;917,5;916,9;638,3;21,2;19,2;21,3;20,6;19,5;18,9;92;88;88;158;9,5;4,7;
2026/04/17;1200 UTC;;;;;;;;;;;;;;;;;;
2026/04/17;1300 UTC;0;918,3;918,3;918;1191,9;23;19,9;24,1;21,9;21,1;19,4;87;79;83;156;8,1;3,6;
2026/04/17;1400 UTC;;;;;;;;;;;;;;;;;;
2026/04/17;1500 UTC;0;916,9;917,5;916,8;1844,3;25,9;21,6;25,9;23,3;22,1;19,9;90;76;77;139;6,2;2,1;
2026/04/17;1600 UTC;;;;;;;;;;;;;;;;;;
2026/04/17;1700 UTC;0;915,5;916,3;915,5;1837,8;25,9;20,8;26,2;24,5;21,3;19,5;78;69;73;147;7,2;2,9;
2026/04/17;1800 UTC;;;;;;;;;;;;;;;;;;
2026/04/17;1900 UTC;;;;;;;;;;;;;;;;;;
2026/04/17;2000 UTC;;;;;;;;;;;;;;;;;;
2026/04/17;2100 UTC;;;;;;;;;;;;;;;;;;
2026/04/17;2200 UTC;;;;;;;;;;;;;;;;;;
2026/04/17;2300 UTC;;;;;;;;;;;;;;;;;;
2026/04/18;0000 UTC;,6;917,8;917,8;917,4;;20,7;20,3;20,9;20,7;20,5;20,3;97;97;97;133;6,3;1,3;
2026/04/18;0100 UTC;1,2;917,8;917,9;917,7;;20,7;20,3;20,8;20,6;20,4;20,2;98;97;98;131;7,1;1,4;
2026/04/18;0200 UTC;,6;917,7;918;917,7;,5;20,4;20,1;20,7;20,4;20,3;20;98;98;98;144;5,7;2,1;
2026/04/18;0300 UTC;,4;917,2;917,8;917,2;,7;20,3;20;20,4;20,2;20,1;19,9;98;98;98;131;7,6;1,9;
2026/04/18;0400 UTC;,2;916,4;917,2;916,4;;20,3;20;20,4;20,1;20,1;19,8;98;98;98;135;7;1,2;
2026/04/18;0500 UTC;,2;915,9;916,4;915,9;;20,1;19,8;20,3;20;20;19,7;98;98;98;77;6,5;1,8;
2026/04/18;0600 UTC;,2;915,7;915,9;915,5;;20,1;19,8;20,2;20;19,9;19,7;98;98;98;98;5,8;1,6;
2026/04/18;0700 UTC;,2;915,7;915,8;915,6;0;20,2;19,9;20,2;19,9;19,9;19,6;98;98;98;89;6;1,5;
2026/04/18;0800 UTC;0;915,8;915,8;915,7;;20,2;19,9;20,2;20;19,9;19,8;98;98;98;99;6,3;1,4;
2026/04/18;0900 UTC;,6;916;916,1;915,8;21,8;20,3;20;20,3;20,1;20,1;19,8;98;98;98;141;5,5;1,5;
2026/04/18;1000 UTC;,2;916,4;916,4;916;216,1;20,6;20,3;20,9;20,2;20,6;20;98;98;98;76;5,8;1,5;
2026/04/18;1100 UTC;0;917,3;917,3;916,4;380,5;20,9;20,7;21;20,3;20,7;20,1;98;98;98;67;5,3;1,9;
2026/04/18;1200 UTC;,6;917,8;917,8;917,3;807;21,5;21,2;22;20,6;21,7;20,4;98;98;98;118;6,6;2;
2026/04/18;1300 UTC;0;917,7;917,8;917,6;1301,8;22,7;21;24;21,5;22,5;21;98;88;90;94;4,7;1,6;
2026/04/18;1400 UTC;0;917;917,7;917;1793,3;23,8;21,3;24,7;22,5;22,8;20,9;95;84;86;103;4,5;1,5;
2026/04/18;1500 UTC;,2;916,3;917,1;916,3;912,7;22,7;21,4;25,2;22,7;23;20,8;93;83;92;144;6,5;2;
2026/04/18;1600 UTC;,2;915,8;916,3;915,7;1565,5;24,7;22,4;25,2;22,7;23,5;20,8;94;83;87;99;5,6;1,6;
2026/04/18;1700 UTC;,2;915,4;915,8;915,4;798,8;22,3;20,7;24,9;22,3;22,5;20,7;95;86;91;72;7,7;2;
2026/04/18;1800 UTC;,4;914,9;915,4;914,9;650,1;22,9;21,9;22,9;21,6;22;20,3;96;91;94;128;7,7;1,3;
2026/04/18;1900 UTC;0;914,9;915;914,8;444;23;20,8;23,3;22,7;22,2;20,8;94;87;87;102;5,8;1,8;
2026/04/18;2000 UTC;0;915,1;915,2;914,8;137,5;22,2;21,2;23,1;22,2;21,4;20,8;94;87;94;130;8,4;1,5;
2026/04/18;2100 UTC;0;915,4;915,4;915,1;6,7;21,5;20,9;22,3;21,4;21,3;20,5;96;93;96;80;7,8;1,8;
2026/04/18;2200 UTC;0;915,5;915,5;915,3;;21,3;20,8;21,7;21,3;21,2;20,8;97;96;97;73;6,4;2,7;
2026/04/18;2300 UTC;0;916,5;916,5;915,5;;20,9;20,6;21,4;20,9;21;20,6;98;97;98;62;6,4;2,4;
2026/04/19;0000 UTC;0;917,1;917,1;916,5;;20,7;20,4;20,9;20,6;20,6;20,3;98;98;98;67;5,5;2,1;
2026/04/19;0100 UTC;0;917,2;917,4;917,1;;20,4;20,1;20,7;20,4;20,4;20,1;98;98;98;77;7,6;2,4;
2026/04/19;0200 UTC;0;917,6;917,7;917,2;;20,2;19,9;20,4;20,1;20,1;19,8;98;98;98;88;6,8;2;
2026/04/19;0300 UTC;0;917,3;917,7;917,3;;20,1;19,8;20,4;20,1;20,1;19,8;98;98;98;77;6,7;2,3;
2026/04/19;0400 UTC;0;917;917,3;917;;19,9;19,6;20,2;19,9;19,9;19,6;98;98;98;72;5,5;1,5;
2026/04/19;0500 UTC;0;916,8;917,1;916,8;;19,8;19,5;19,9;19,8;19,7;19,5;98;98;98;79;4,9;1,6;
2026/04/19;0600 UTC;0;916,6;916,8;916,6;;19,9;19,5;20;19,8;19,6;19,5;98;98;98;88;4,1;,9;
2026/04/19;0700 UTC;0;916,5;916,6;916,4;;19,6;19,2;19,9;19,6;19,5;19,2;98;98;98;85;3,8;1,1;
2026/04/19;0800 UTC;0;916,9;916,9;916,5;;19,6;19,2;19,7;19,5;19,4;19,1;98;98;98;90;4,3;1,2;
2026/04/19;0900 UTC;0;917,3;917,4;916,9;20,7;19,6;19,2;19,6;19,4;19,3;19;98;98;98;82;5,6;1,2;
2026/04/19;1000 UTC;0;917,8;917,8;917,3;283,9;20;19,5;20;19,5;19,5;19,1;98;97;97;134;6,6;3,6;
2026/04/19;1100 UTC;0;918,4;918,4;917,8;620,4;22,5;20,2;22,5;20;20,2;19,2;97;85;87;132;6,1;1;
2026/04/19;1200 UTC;0;919;919,1;918,4;848,4;23,4;19,4;23,4;22,4;20,2;18,9;87;78;78;75;4,3;1,4;
2026/04/19;1300 UTC;0;919,2;919,2;919;1316;24,3;19,3;24,4;23,1;20,2;18,7;80;74;74;44;4,2;1,4;
2026/04/19;1400 UTC;0;918,5;919,2;918,5;1981,7;25;19,9;25,4;23,9;20,5;18,5;77;69;74;44;4,3;1,6;
2026/04/19;1500 UTC;0;917,5;918,5;917,5;2197,8;26,2;19;26,3;24,9;20,3;17,9;74;62;65;43;4;1,1;
2026/04/19;1600 UTC;0;917,3;917,5;917,3;2584,1;26,6;18,4;27;25,8;20,5;18,1;69;60;61;30;4;1,3;
2026/04/19;1700 UTC;0;916,8;917,3;916,8;1624,6;26,5;18,3;27,5;25,8;20,5;18,3;68;60;61;59;5,3;1,6;
2026/04/19;1800 UTC;0;916,5;916,8;916,5;1380,3;26,5;19,4;27,3;25,8;20,5;18,4;68;61;65;69;4,8;1,5;
2026/04/19;1900 UTC;0;916,4;916,6;916,4;724,2;24,8;19,1;26,5;24,8;20;18,3;71;65;71;91;4,8;2;
2026/04/19;2000 UTC;0;916,3;916,5;916,3;205,7;23,7;19;24,8;23,7;19,5;19;75;71;75;109;4,8;1,6;
2026/04/19;2100 UTC;0;916,7;916,7;916,3;6,8;22,8;19,1;23,7;22,6;19,1;18,8;80;75;80;124;4,8;2,2;
2026/04/19;2200 UTC;0;917,4;917,4;916,7;;22;20,3;22,8;22;20,3;19;90;80;90;131;7,1;2,9;
2026/04/19;2300 UTC;0;918,2;918,2;917,3;;21,7;21;22;21,6;21;20,3;96;90;96;107;5,9;1,7;
2026/04/20;0000 UTC;0;918,9;918,9;918,2;;21,4;20,8;21,7;21,4;21;20,8;97;96;96;73;5,6;1,7;
2026/04/20;0100 UTC;0;919,1;919,1;918,8;;21,2;20,6;21,4;21,2;20,9;20,6;97;96;97;112;5,3;1,7;
2026/04/20;0200 UTC;0;919,5;919,5;919,1;;21;20,5;21,2;20,9;20,7;20,4;97;96;97;90;4,7;1,2;
2026/04/20;0300 UTC;0;919;919,5;919;;20,6;20,1;21;20,6;20,5;20,1;97;97;97;105;5;2;
2026/04/20;0400 UTC;0;918,6;919;918,5;;20,9;20,2;20,9;20,6;20,2;20,1;97;96;96;68;5;1;
2026/04/20;0500 UTC;0;918;918,6;918;;20,6;20;20,9;20,6;20,2;20;96;96;96;120;3;,7;
2026/04/20;0600 UTC;0;917,6;918;917,6;;20,3;19,8;20,6;20,3;20;19,7;97;96;97;141;4,1;1,4;
2026/04/20;0700 UTC;0;917,5;917,7;917,5;;20,5;20;20,5;20,3;20;19,8;97;97;97;152;6,4;3;
2026/04/20;0800 UTC;0;917,9;917,9;917,5;;20,6;20;20,6;20,5;20,1;19,9;97;96;97;122;6,8;1,7;
2026/04/20;0900 UTC;0;918,4;918,4;917,9;14,4;20,5;20;20,6;20,4;20,1;19,9;97;97;97;108;4,5;1,4;
2026/04/20;1000 UTC;0;919;919;918,4;116,3;20,9;20,2;21;20,4;20,4;19,9;97;96;96;137;5,2;1,4;
2026/04/20;1100 UTC;0;919,5;919,5;918,9;385;21,8;20,8;21,8;20,8;20,8;20,1;96;92;94;104;4,7;1,5;
2026/04/20;1200 UTC;0;919,9;919,9;919,5;654,6;22,8;21,1;23,2;21,5;21,8;20,3;95;88;90;106;3,7;1,3;
2026/04/20;1300 UTC;,2;919,7;920;919,7;1302,5;24;22,6;24;21,5;22,6;20;95;89;92;119;6;1,2;
2026/04/20;1400 UTC;2;919,3;919,8;919,3;1535,7;21,3;20,1;25,5;21,3;22,6;19,7;93;76;93;154;7,6;3,8;
2026/04/20;1500 UTC;6,4;918,9;919,4;918,9;733,5;21,8;21,2;22,2;20,7;21,7;20,1;97;93;96;79;7,6;1,4;
2026/04/20;1600 UTC;6;918,8;919,1;918,8;188,9;20,5;20;21,8;20,4;21,1;19,9;97;95;97;134;8;2;
2026/04/20;1700 UTC;5,2;918,4;918,8;918,4;145,2;20,5;20,1;20,6;20,3;20,1;19,8;98;97;98;154;7,7;1,5;
2026/04/20;1800 UTC;2,2;918;918,4;917,9;223,5;20;19,7;20,5;20;20,1;19,6;98;98;98;184;7,8;2,4;
2026/04/20;1900 UTC;,8;918;918;917,7;308,3;19,6;19,2;20,2;19,5;19,8;19,1;98;98;98;163;9,4;2,1;
2026/04/20;2000 UTC;0;918,2;918,3;918;86,1;19;18,5;19,8;18,9;19,4;18,5;98;97;97;160;5,5;2,3;
2026/04/20;2100 UTC;0;918,3;918,4;918,2;4,4;19,8;18,8;19,8;19;18,9;18,5;97;94;94;144;5,8;2,9;
2026/04/20;2200 UTC;0;918,2;918,3;918,2;;20;19,2;20,1;19,7;19,2;18,8;95;93;95;154;5,5;3,4;
2026/04/20;2300 UTC;0;919,3;919,3;918,2;;20,2;18,9;20,2;19,9;19,3;18,7;95;93;93;127;6,2;1,2;
2026/04/21;0000 UTC;0;919,7;919,7;919,3;;20,1;19;20,4;20;19;18,8;94;92;94;130;4,6;2,1;
2026/04/21;0100 UTC;0;919,9;919,9;919,6;;19,7;19,2;20,1;19,7;19,2;18,9;96;94;96;129;4,8;1,5;
2026/04/21;0200 UTC;0;919,5;919,9;919,5;;19,5;19,1;19,8;19,5;19,3;19,1;97;96;97;147;6,5;3,7;
2026/04/21;0300 UTC;0;919,1;919,6;919,1;;19,6;19,2;19,7;19,5;19,3;19,1;98;97;98;140;6,6;2,9;
2026/04/21;0400 UTC;0;918,6;919,1;918,6;;19,4;19;19,6;19,3;19,2;18,9;98;98;98;137;6,4;3;
2026/04/21;0500 UTC;0;917,8;918,6;917,8;;19,2;18,8;19,4;19,2;19;18,8;98;97;97;131;6,9;3,5;
2026/04/21;0600 UTC;0;917,6;917,8;917,5;;19,1;18,7;19,4;19,1;18,9;18,7;97;97;97;116;7,5;1,8;
2026/04/21;0700 UTC;0;917,8;917,8;917,5;;18,9;18,5;19,3;18,9;18,9;18,5;97;97;97;122;5,4;1,6;
2026/04/21;0800 UTC;0;918,2;918,2;917,7;;19,3;18,9;19,3;18,9;18,9;18,5;98;97;98;60;4,9;1,1;
2026/04/21;0900 UTC;0;918,7;918,7;918,2;40,1;19,7;19,3;19,7;19,3;19,3;18,9;98;97;97;137;4,3;1,4;
2026/04/21;1000 UTC;0;919,4;919,4;918,7;377,4;21,2;20,1;21,5;19,7;20,7;19,3;98;93;94;87;3,6;1,1;
2026/04/21;1100 UTC;0;920,1;920,1;919,4;608,9;22,2;19,9;22,8;20,9;20,9;19,7;94;85;87;74;4,9;1,6;
2026/04/21;1200 UTC;0;920,2;920,3;920;893,4;24,3;20;24,3;22,2;20,9;19,3;88;77;77;59;4,8;2,7;
2026/04/21;1300 UTC;0;920,4;920,4;920,2;1230,4;23,6;19,4;24,7;23,3;20,8;19;82;75;77;60;4,8;2;
2026/04/21;1400 UTC;0;919,9;920,4;919,9;1312,9;24,2;19,8;24,7;23,5;20,9;18,8;81;73;76;140;4,6;1,5;
2026/04/21;1500 UTC;0;919,1;919,9;919;2211,3;26,2;19,6;26,5;24,2;20,9;18,4;77;63;67;75;4,8;1,2;
2026/04/21;1600 UTC;0;918,6;919,1;918,6;1686,6;25,8;19;26,5;25;20,5;18,7;71;63;66;104;4,7;1,1;
2026/04/21;1700 UTC;0;917,9;918,6;917,9;1722,3;26,9;19,8;27,2;25,6;20,4;18,9;71;61;65;87;3,8;1;
2026/04/21;1800 UTC;0;917,7;917,9;917,6;1416,7;25,6;19,9;27,5;25;20,5;18,2;73;61;71;71;4,8;1,7;
2026/04/21;1900 UTC;0;918,2;918,2;917,6;241,3;22,6;20,1;25,6;22,6;20,7;19;86;69;86;134;7;2,8;
2026/04/21;2000 UTC;5,2;919,1;919,1;918,2;31,2;20,2;19,5;22,6;20,2;19,9;19,2;95;85;95;128;12,3;3;
2026/04/21;2100 UTC;9,6;919,5;919,6;919;2,7;19,6;19,2;20,3;19,4;19,6;19;98;95;98;145;11,4;2,8;
2026/04/21;2200 UTC;,6;919,6;919,7;919,5;;19,9;19,6;20;19,6;19,7;19,2;98;98;98;142;8,4;3;
2026/04/21;2300 UTC;0;920,1;920,1;919,6;;20;19,7;20,1;19,8;19,8;19,5;98;98;98;137;7,8;2,7;
2026/04/22;0000 UTC;0;920,6;920,7;920,1;;19,8;19,5;20,2;19,8;19,9;19,5;98;98;98;130;6,5;2,9;
2026/04/22;0100 UTC;0;920,4;920,7;920,4;,4;19,6;19,2;19,8;19,5;19,5;19,2;98;98;98;153;7,5;3,7;
2026/04/22;0200 UTC;0;920;920,4;920;;19,4;18,8;19,6;19,1;19,3;18,7;98;97;97;134;7,6;3,7;
2026/04/22;0300 UTC;0;919,4;920;919,4;0;19,3;18,8;19,4;19,2;18,9;18,6;97;96;97;157;8,7;3,7;
2026/04/22;0400 UTC;0;918,9;919,4;918,9;;19,2;18,5;19,3;18,9;18,7;17,7;97;93;96;166;7,5;3;
2026/04/22;0500 UTC;0;919;919;918,9;;19,1;18,6;19,3;19,1;18,7;18,5;97;96;97;158;7,2;1,7;
2026/04/22;0600 UTC;0;918,7;919;918,7;;19,2;18,7;19,2;18,9;18,7;18,3;97;96;97;128;5,1;1,4;
2026/04/22;0700 UTC;0;918,7;918,9;918,6;;19;18,6;19,2;18,9;18,8;18,5;98;97;98;159;5;1,8;
2026/04/22;0800 UTC;,2;918,8;918,8;918,5;;18,6;18,3;19;18,6;18,6;18,3;98;98;98;135;5;1,2;
2026/04/22;0900 UTC;0;919,3;919,3;918,8;37;18,9;18,5;18,9;18,5;18,5;18,2;98;98;98;158;5,7;3,2;
2026/04/22;1000 UTC;0;920,3;920,3;919,3;453,6;19,7;18,9;19,7;18,9;19;18,5;98;96;96;161;6,6;3,1;
2026/04/22;1100 UTC;0;921;921;920,3;538,3;21,1;19,2;21,3;19,5;19,7;18,8;96;89;89;143;5,7;1,4;
2026/04/22;1200 UTC;0;921,4;921,5;921;786,2;22,6;19;22,8;20,8;20,4;19;91;80;80;92;5,1;1,1;
2026/04/22;1300 UTC;0;921,4;921,6;921,4;1490,8;23,6;19,7;24;22,5;20,2;18,8;83;76;79;158;5,6;1,9;
2026/04/22;1400 UTC;0;920,7;921,4;920,7;1596,7;24,4;19,4;24,8;23,1;19,8;18;79;68;73;183;4,4;1,1;
2026/04/22;1500 UTC;0;919,6;920,7;919,6;2388,4;26,2;18,6;27;24,2;20,1;18;75;61;63;67;3,7;1,1;
2026/04/22;1600 UTC;0;918,8;919,6;918,8;2307,8;25,1;19,9;27,4;24,7;20,7;18,5;73;62;73;91;4,7;1,3;
2026/04/22;1700 UTC;0;918,1;918,8;918,1;2133,8;25,9;19,5;27,1;24,9;21;19,2;75;66;68;145;5,9;2,7;
2026/04/22;1800 UTC;0;917,8;918,1;917,8;1649,7;25,1;19,1;26,7;24,9;20,6;18,8;72;65;70;155;6,1;2,8;
2026/04/22;1900 UTC;0;918;918;917,8;972,4;24;19,3;25,4;23,9;19,8;18,8;75;69;75;164;7,9;2,7;
2026/04/22;2000 UTC;0;918,2;918,2;918;75,2;23;19,1;24,1;22,9;19,4;19;79;74;79;140;6,1;2;
2026/04/22;2100 UTC;0;919;919;918,2;2;21,8;19,6;23;21,8;19,6;18,8;88;79;88;127;7,6;2,5;
2026/04/22;2200 UTC;0;919,3;919,3;919;;21,3;20,1;21,8;21,3;20,2;19,6;93;88;93;96;6,7;2;
2026/04/22;2300 UTC;0;920;920;919,3;;20,9;20,1;21,3;20,9;20,3;20,1;96;93;95;163;7,6;2,3;
2026/04/23;0000 UTC;0;920,7;920,8;920;,1;20,8;20,4;21;20,8;20,4;20,1;97;95;97;147;7,2;1,8;
2026/04/23;0100 UTC;0;920,9;920,9;920,7;0;20,1;19,7;20,9;20,1;20,5;19,7;98;97;98;113;5,9;1,9;
2026/04/23;0200 UTC;0;920,4;920,9;920,4;;20,1;19,8;20,2;20;19,9;19,7;98;98;98;127;6,8;1,8;
2026/04/23;0300 UTC;0;919,8;920,4;919,8;;20;19,6;20,1;19,9;19,8;19,6;98;98;98;136;7,4;2,2;
2026/04/23;0400 UTC;0;919,1;919,8;919,1;;20;19,6;20,1;19,9;19,7;19,6;98;98;98;143;6,7;1,2;
2026/04/23;0500 UTC;0;918,6;919,1;918,6;;19,8;19,5;20;19,8;19,7;19,5;98;98;98;123;6,9;1,4;
2026/04/23;0600 UTC;0;918,5;918,7;918,4;;19,8;19,5;19,9;19,7;19,6;19,4;98;98;98;142;5,6;1,6;
2026/04/23;0700 UTC;,4;918,4;918,5;918,4;;19,9;19,5;20;19,8;19,6;19,5;98;98;98;172;4,6;1,5;
2026/04/23;0800 UTC;,8;918,6;918,6;918,3;;19,9;19,6;20;19,9;19,7;19,5;98;98;98;59;3,8;,6;
2026/04/23;0900 UTC;0;919,1;919,1;918,6;23,1;19,9;19,7;20;19,7;19,7;19,4;98;98;98;93;5,2;1,7;
2026/04/23;1000 UTC;;;;;;;;;;;;;;;;;;
2026/04/23;1100 UTC;;;;;;;;;;;;;;;;;;
2026/04/23;1200 UTC;;;;;;;;;;;;;;;;;;
2026/04/23;1300 UTC;;;;;;;;;;;;;;;;;;
2026/04/23;1400 UTC;;;;;;;;;;;;;;;;;;
2026/04/23;1500 UTC;;;;;;;;;;;;;;;;;;
2026/04/23;1600 UTC;;;;;;;;;;;;;;;;;;
2026/04/23;1700 UTC;;;;;;;;;;;;;;;;;;
2026/04/23;1800 UTC;;;;;;;;;;;;;;;;;;
2026/04/23;1900 UTC;;;;;;;;;;;;;;;;;;
2026/04/23;2000 UTC;;;;;;;;;;;;;;;;;;
2026/04/23;2100 UTC;;;;;;;;;;;;;;;;;;
2026/04/23;2200 UTC;;;;;;;;;;;;;;;;;;
2026/04/23;2300 UTC;;;;;;;;;;;;;;;;;;
2026/04/24;0000 UTC;;;;;;;;;;;;;;;;;;
2026/04/24;0100 UTC;;;;;;;;;;;;;;;;;;
2026/04/24;0200 UTC;;;;;;;;;;;;;;;;;;
2026/04/24;0300 UTC;;;;;;;;;;;;;;;;;;
2026/04/24;0400 UTC;;;;;;;;;;;;;;;;;;
2026/04/24;0500 UTC;;;;;;;;;;;;;;;;;;
2026/04/24;0600 UTC;;;;;;;;;;;;;;;;;;
2026/04/24;0700 UTC;;;;;;;;;;;;;;;;;;
2026/04/24;0800 UTC;;;;;;;;;;;;;;;;;;
2026/04/24;0900 UTC;;;;;;;;;;;;;;;;;;
2026/04/24;1000 UTC;;;;;;;;;;;;;;;;;;
2026/04/24;1100 UTC;;;;;;;;;;;;;;;;;;
2026/04/24;1200 UTC;;;;;;;;;;;;;;;;;;
2026/04/24;1300 UTC;;;;;;;;;;;;;;;;;;
2026/04/24;1400 UTC;;;;;;;;;;;;;;;;;;
2026/04/24;1500 UTC;;;;;;;;;;;;;;;;;;
2026/04/24;1600 UTC;;;;;;;;;;;;;;;;;;
2026/04/24;1700 UTC;;;;;;;;;;;;;;;;;;
2026/04/24;1800 UTC;;;;;;;;;;;;;;;;;;
2026/04/24;1900 UTC;;;;;;;;;;;;;;;;;;
2026/04/24;2000 UTC;;;;;;;;;;;;;;;;;;
2026/04/24;2100 UTC;;;;;;;;;;;;;;;;;;
2026/04/24;2200 UTC;;;;;;;;;;;;;;;;;;
2026/04/24;2300 UTC;;;;;;;;;;;;;;;;;;
2026/04/25;0000 UTC;;;;;;;;;;;;;;;;;;
2026/04/25;0100 UTC;;;;;;;;;;;;;;;;;;
2026/04/25;0200 UTC;;;;;;;;;;;;;;;;;;
2026/04/25;0300 UTC;;;;;;;;;;;;;;;;;;
2026/04/25;0400 UTC;;;;;;;;;;;;;;;;;;
2026/04/25;0500 UTC;;;;;;;;;;;;;;;;;;
2026/04/25;0600 UTC;;;;;;;;;;;;;;;;;;
2026/04/25;0700 UTC;;;;;;;;;;;;;;;;;;
2026/04/25;0800 UTC;;;;;;;;;;;;;;;;;;
2026/04/25;0900 UTC;;;;;;;;;;;;;;;;;;
2026/04/25;1000 UTC;;;;;;;;;;;;;;;;;;
2026/04/25;1100 UTC;,2;919,6;919,7;919,4;457,3;20,3;19,6;20,6;19,8;19,9;19,1;96;96;96;103;6,4;1,5;
2026/04/25;1200 UTC;0;919,9;919,9;919,6;716,8;21,5;20;22,1;20,3;21,3;19,6;96;90;91;78;6;2,1;
2026/04/25;1300 UTC;,8;920;920,2;919,9;1199,9;21,7;20,5;22,2;20,3;21,2;19,1;95;91;93;92;8;1,7;
2026/04/25;1400 UTC;0;919,4;920,1;919,4;1965,6;23,6;20,9;24,2;21,6;21,2;19,4;93;78;85;111;6,8;1,4;
2026/04/25;1500 UTC;,2;918,7;919,4;918,7;1545,9;23,6;20,1;24,7;21,8;21,4;19,3;89;78;81;107;6,1;1,7;
2026/04/25;1600 UTC;,6;918,3;918,7;918,3;869,9;20,8;19,4;24,2;20,6;21,3;19,1;92;78;92;133;6;2,2;
2026/04/25;1700 UTC;0;918;918,3;918;1001,9;21,9;19,7;22,1;20,7;20;19,2;93;86;87;163;6,8;2,9;
2026/04/25;1800 UTC;0;917,9;918,1;917,9;561,2;21,4;19,8;21,9;21,1;20,4;19,2;92;87;90;157;7,4;3,2;
2026/04/25;1900 UTC;0;918,2;918,2;917,9;473,2;21,1;19,6;21,7;21,1;20;19,4;91;89;91;150;8,6;3,1;
2026/04/25;2000 UTC;1,2;918,8;918,8;918,2;141,1;20;19,2;21,1;19,8;19,7;18,9;95;91;95;146;8,6;3,6;
2026/04/25;2100 UTC;0;919,2;919,2;918,7;6,1;19,9;19,1;20,2;19,8;19,3;19;95;95;95;128;8,8;1;
2026/04/25;2200 UTC;,6;919,8;919,8;919,2;;19,7;18,9;20,2;19,7;19,4;18,9;95;95;95;89;7,1;1,9;
2026/04/25;2300 UTC;,6;920;920,1;919,8;,4;19,6;18,8;20;19,6;19,2;18,8;95;95;95;153;6,1;2;
2026/04/26;0000 UTC;0;920,2;920,2;919,8;;19,7;19;19,9;19,5;19,2;18,7;96;95;96;141;9,3;2,9;
2026/04/26;0100 UTC;,2;920,1;920,2;920,1;0;19,6;18,9;19,8;19,4;19,1;18,6;96;95;95;150;9,3;3,2;
2026/04/26;0200 UTC;0;920;920,2;920;;19,6;18,9;19,7;19,4;18,9;18,6;95;95;95;138;9,7;1,1;
2026/04/26;0300 UTC;0;919,4;920;919,4;0;19,4;18,7;19,6;19,4;18,8;18,6;96;95;96;167;8,4;2,8;
2026/04/26;0400 UTC;0;919,1;919,4;919,1;,2;19,5;18,7;19,5;19,3;18,7;18,5;96;95;95;164;7,8;3,5;
2026/04/26;0500 UTC;0;918,7;919,1;918,7;,4;19,5;18,6;19,6;19,4;18,8;18,6;95;94;94;162;8,2;3,1;
2026/04/26;0600 UTC;0;918,8;918,8;918,6;,2;19,6;18,7;19,6;19,5;18,8;18,6;95;94;94;167;9,2;3,2;
2026/04/26;0700 UTC;0;919;919;918,7;0;19,4;18,5;19,6;19,4;18,7;18,4;95;94;94;149;7,7;3,4;
2026/04/26;0800 UTC;0;919,4;919,5;919;;19,3;18,4;19,6;19,3;18,7;18,4;95;94;94;148;7,6;2,2;
2026/04/26;0900 UTC;0;919,8;919,9;919,4;26,7;19,3;18,4;19,3;19;18,4;18;95;94;95;160;7,5;2,7;
2026/04/26;1000 UTC;0;920,4;920,4;919,8;344,8;20,5;19,3;20,6;19,3;19,4;18,4;95;93;93;125;7,7;1,7;
2026/04/26;1100 UTC;0;920,5;920,6;920,3;600;20,9;19,1;21,1;20,3;19,7;18,5;93;89;89;163;8,7;3,6;
2026/04/26;1200 UTC;0;920,7;920,7;920,5;882,7;21,7;18,1;22,9;20,6;20,1;17,9;89;78;80;151;9,4;4,1;
2026/04/26;1300 UTC;0;920,7;920,9;920,6;937,2;22,4;18,6;23,8;21,1;20,6;18,2;87;77;79;154;8,6;2,7;
2026/04/26;1400 UTC;0;920;920,7;920;1888,4;24,1;19;24,7;22,4;20,3;18;80;70;73;151;8,1;2,6;
2026/04/26;1500 UTC;0;919,1;920;919;1763,2;24,8;19,6;25,4;23,4;20,7;18,4;77;68;73;144;8,1;2,2;
2026/04/26;1600 UTC;0;918,6;919,1;918,5;2343,4;25,6;19,2;26,3;23,4;19,8;16,8;76;63;68;159;10,6;2,3;
2026/04/26;1700 UTC;0;918,5;918,6;918,4;1512;24,4;18,8;25,7;23,2;19,6;18,1;75;64;71;159;7,9;4,1;
2026/04/26;1800 UTC;0;918,5;918,5;918,3;1121,2;22;19,6;25,9;21,8;20,3;17,8;86;67;86;135;7,9;2,9;
2026/04/26;1900 UTC;0;918,9;918,9;918,4;563,7;22,2;19,1;22,9;21,7;19,6;18,8;86;80;83;155;7,9;2,2;
2026/04/26;2000 UTC;0;919;919,1;918,8;87;21,1;18,5;22,2;21,1;19,4;18,4;86;83;85;138;7,5;2,8;
2026/04/26;2100 UTC;0;919,4;919,4;918,9;1,9;20,8;19;21,2;20,7;19;18,5;89;85;89;139;9,5;3,5;
2026/04/26;2200 UTC;0;920;920;919,4;;20,5;19,2;20,9;20,5;19,2;19;93;89;92;134;9,9;3,6;
2026/04/26;2300 UTC;0;920,4;920,4;920;;20,1;19;20,5;20,1;19,2;18,9;93;92;93;141;10,4;4;
2026/04/27;0000 UTC;0;920,8;920,8;920,4;;19,9;19;20,2;19,8;19,1;18,8;94;93;94;137;10,1;3,7;
2026/04/27;0100 UTC;0;920,9;920,9;920,8;;19,9;19,1;20;19,8;19,2;18,9;95;94;95;138;13,2;3,8;
2026/04/27;0200 UTC;0;920,6;920,9;920,6;;19,7;19;19,9;19,6;19,2;18,9;96;95;96;148;11;4,7;
2026/04/27;0300 UTC;0;920,2;920,6;920,2;;19,3;18,5;19,7;19,2;19;18,5;96;95;95;149;10,9;4,6;
2026/04/27;0400 UTC;0;919,7;920,2;919,7;;19,3;18,7;19,5;19,2;18,7;18,4;96;95;96;140;9,9;2,5;
2026/04/27;0500 UTC;0;919,2;919,7;919,2;;19,3;18,7;19,3;19;18,7;18,3;97;96;97;146;10;3,8;
2026/04/27;0600 UTC;0;919;919,2;918,9;;19,1;18,4;19,4;19,1;18,9;18,4;97;96;96;158;9,6;4,4;
2026/04/27;0700 UTC;0;918,8;919,1;918,7;;19,1;18,6;19,1;19;18,6;18,4;97;96;97;158;10,3;5;
2026/04/27;0800 UTC;0;919,3;919,3;918,7;;19,2;18,6;19,3;19,1;18,7;18,6;97;96;96;153;10,7;4,3;
2026/04/27;0900 UTC;0;919,8;919,8;919,3;71,6;19,4;18,6;19,4;19,1;18,6;18,5;97;95;95;156;10,7;4,7;
2026/04/27;1000 UTC;0;920,6;920,6;919,8;351,5;20;18,5;20;19,4;18,7;18,4;95;91;91;161;10,7;5,7;
2026/04/27;1100 UTC;0;921,1;921,1;920,5;564,8;21,1;18,4;21,1;19,9;18,7;18,2;91;85;85;154;11,9;5,1;
2026/04/27;1200 UTC;0;921,5;921,5;921,1;638,6;22,4;18,6;22,5;21,1;19,1;18,4;86;79;79;156;9,9;5,2;
2026/04/27;1300 UTC;0;921,6;921,8;921,5;1589,4;24;18,9;25,4;22,3;20,5;18,2;81;72;73;91;9,6;1,5;
2026/04/27;1400 UTC;0;921;921,7;921;835,7;22;19,5;24;22;20,4;18,9;86;73;86;174;5,9;2,4;
2026/04/27;1500 UTC;,2;920,3;921;920,3;1075,5;22;20,3;23,6;21,7;20,8;19,4;91;82;90;163;8;3;
2026/04/27;1600 UTC;0;919,4;920,3;919,4;2120;24,4;20,3;24,4;21,5;21,3;19,6;92;78;78;155;7,3;3,2;
2026/04/27;1700 UTC;0;918,7;919,4;918,7;2304,9;25,5;20,2;26,1;24;21;19,7;80;71;73;158;8;3,3;
2026/04/27;1800 UTC;0;918,7;918,8;918,6;947,8;23,6;20,1;25,7;23,6;21,1;19,7;82;72;81;135;8,7;2,1;
2026/04/27;1900 UTC;0;919,1;919,1;918,7;192,3;21,4;20,1;23,6;21,3;20,3;19,7;93;81;93;102;10,1;1,5;
2026/04/27;2000 UTC;,2;919,5;919,5;919,1;103,5;20,8;19,8;21,4;20,8;20,5;19,8;95;93;94;101;5,7;1,3;
2026/04/27;2100 UTC;,4;920;920,1;919,5;3,3;20,2;19,4;20,9;20,1;20;19,2;95;94;95;155;8,5;3,3;
2026/04/27;2200 UTC;0;920,2;920,3;920;;20,4;19,8;20,5;20,2;19,9;19,4;97;95;96;131;8,1;2,8;
2026/04/27;2300 UTC;,4;920,4;920,5;920,2;,2;20;19,6;20,5;19,9;20;19,5;98;96;97;155;10,7;5,1;
2026/04/28;0000 UTC;,2;920,6;920,7;920,2;,1;19,7;19,4;20,1;19,7;19,8;19,4;98;97;98;152;10,7;4,4;
2026/04/28;0100 UTC;0;921;921,2;920,6;;20;19,7;20,1;19,7;19,8;19,5;99;98;99;138;11,1;1,5;
2026/04/28;0200 UTC;,6;920,8;921;920,4;,6;20,1;19,9;20,2;20;20;19,7;99;99;99;141;7,7;2;
2026/04/28;0300 UTC;,4;920,1;920,8;920,1;,9;19,7;19,6;20,2;19,7;20;19,6;99;99;99;155;12,7;4,1;
2026/04/28;0400 UTC;,8;919,4;920,2;919,4;;19,7;19,5;19,8;19,7;19,6;19,5;99;99;99;150;11,6;3,3;
2026/04/28;0500 UTC;1,2;918,8;919,4;918,7;0;19,6;19,4;19,7;19,5;19,6;19,4;99;99;99;175;9,1;3,6;
2026/04/28;0600 UTC;1,8;918,9;918,9;918,7;;19,7;19,5;19,7;19,5;19,5;19,4;99;99;99;170;8,2;2,5;
2026/04/28;0700 UTC;,8;919;919;918,6;;19,8;19,6;19,9;19,7;19,7;19,5;99;99;99;176;7,9;2,6;
2026/04/28;0800 UTC;4,4;919,8;919,8;919;;19,8;19,6;19,9;19,8;19,7;19,6;99;99;99;138;6,9;1,6;
2026/04/28;0900 UTC;2,6;920,4;920,4;919,8;14,7;19,2;19;19,8;19,1;19,6;19;99;99;99;86;7,6;2,8;
2026/04/28;1000 UTC;,8;920,9;920,9;920,4;141,1;19,7;19,5;19,7;19,1;19,5;19;99;99;99;88;9;2,3;
2026/04/28;1100 UTC;,4;921,6;921,6;920,9;267,4;20,2;20;20,2;19,6;20;19,5;99;99;99;57;6,7;1,6;
2026/04/28;1200 UTC;,2;921,9;922,1;921,6;606,5;21,3;21,1;21,5;20,2;21,3;20;99;99;99;150;4,4;1,8;
2026/04/28;1300 UTC;,4;921,7;922;921,7;678,3;21,1;20,9;21,4;20,7;21,2;20,6;99;99;99;98;5,1;1,2;
2026/04/28;1400 UTC;,4;920,9;921,8;920,9;1680,6;23,4;22,1;23,5;21;22,3;20,8;99;92;93;61;7,9;2,1;
2026/04/28;1500 UTC;;;;;;;;;;;;;;;;;;
2026/04/28;1600 UTC;7,8;919,3;920,2;919,3;479,5;21,1;20,7;21,2;20,6;20,9;20;98;94;98;72;4,9;1,5;
2026/04/28;1700 UTC;1,8;918,7;919,3;918,7;719,3;21,2;20,8;22,4;21,1;22,1;20,8;98;98;98;92;4,3;1,7;
2026/04/28;1800 UTC;1,6;918,2;918,7;918,1;460,5;20,9;20,6;21,5;20,7;21,2;20,3;98;98;98;67;7;2,4;
2026/04/28;1900 UTC;1,4;918,5;918,6;918,2;213,1;20,1;19,8;20,9;20,1;20,6;19,8;98;98;98;76;7,2;2,2;
2026/04/28;2000 UTC;,2;919,1;919,1;918,5;68,2;20;19,8;20,1;19,9;19,8;19,7;99;98;99;70;8,4;1,7;
2026/04/28;2100 UTC;0;919,4;919,4;919,1;2,5;20,2;20;20,2;20;20;19,8;99;99;99;116;5,4;1,7;
2026/04/28;2200 UTC;;;;;;;;;;;;;;;;;;
2026/04/28;2300 UTC;;;;;;;;;;;;;;;;;;
2026/04/29;0000 UTC;2;920,7;920,8;920,6;,7;20,1;19,9;20,2;19,8;20;19,6;99;98;99;79;7;2,2;
2026/04/29;0100 UTC;,2;920,6;920,8;920,5;,5;19,7;19,5;20,1;19,7;19,9;19,4;99;98;99;84;9,5;2,9;
2026/04/29;0200 UTC;,2;920,6;920,6;920,5;,4;19,7;19,4;19,9;19,7;19,7;19,4;99;98;98;80;7,7;2,9;
2026/04/29;0300 UTC;0;920,2;920,7;920,2;,6;19,4;19;19,7;19,4;19,4;19;98;97;98;94;7,7;2,3;
2026/04/29;0400 UTC;0;919,5;920,2;919,5;;19,2;18,7;19,4;19;19;18,6;98;97;97;77;6;2;
2026/04/29;0500 UTC;,4;919,1;919,5;919,1;0;18,8;18,2;19,4;18,6;18,9;18;97;96;96;110;7;2;
2026/04/29;0600 UTC;,2;918,8;919,1;918,8;;18,5;18;19,2;18,3;18,6;17,7;97;96;97;130;6,1;1,9;
2026/04/29;0700 UTC;0;918,8;918,8;918,6;;18,8;18,3;18,9;18,5;18,5;18;97;97;97;100;5,8;1,9;
2026/04/29;0800 UTC;0;918,9;919;918,8;;19;18,6;19,1;18,8;18,6;18,3;97;97;97;102;6,8;1,9;
2026/04/29;0900 UTC;0;919,2;919,2;918,8;23,7;19,2;18,6;19,2;19;18,6;18,5;97;96;96;129;8,3;3,1;
2026/04/29;1000 UTC;0;919,9;919,9;919,2;397,9;20,2;19,6;20,3;19,2;19,7;18,6;97;96;97;123;7,5;1,8;
2026/04/29;1100 UTC;0;920,5;920,5;919,9;617,1;20,6;18,8;20,9;19,9;20,2;18,3;97;90;90;140;10,2;3,6;
2026/04/29;1200 UTC;0;920,5;920,6;920,4;749;21,2;18,2;21,6;20,5;19,2;17,5;91;80;83;157;11,7;4,1;
2026/04/29;1300 UTC;0;920,7;920,7;920,4;1767,5;23,7;18,2;24,3;21,2;19,3;17,4;83;71;71;127;10,6;2,1;
2026/04/29;1400 UTC;,2;920;920,7;920;2419,2;24,7;18,4;24,9;22,4;19,7;17,4;78;68;68;92;7,4;1,9;
2026/04/29;1500 UTC;0;919,2;920;919,2;2338,1;24,9;18,5;25,2;23,7;19,9;17,5;76;66;68;128;6,1;1,6;
2026/04/29;1600 UTC;0;918,6;919,2;918,6;2078,7;24,5;18,3;26,1;24,2;20,5;17,7;75;62;69;132;5,4;1,9;
2026/04/29;1700 UTC;0;918,3;918,6;918,3;987,6;22,9;19;24,6;22,5;20,7;18,2;85;69;79;87;6,9;2,4;
2026/04/29;1800 UTC;0;918,1;918,3;918;522,4;21;19,1;22,9;21;19,7;18,3;89;79;89;77;6,3;2;
2026/04/29;1900 UTC;0;918,3;918,3;918;555,9;21,4;19,4;22,4;21;20,5;19,1;90;87;88;134;7,4;3,1;
2026/04/29;2000 UTC;0;918,6;918,6;918,3;185,2;21;17,7;21,6;21;19,5;17,6;88;81;82;135;7,4;1,9;
2026/04/29;2100 UTC;0;919;919;918,5;14,4;20,5;18,1;21,1;20,4;18,2;17,5;87;81;86;76;6,1;1,1;
2026/04/29;2200 UTC;0;919,4;919,4;919;;20,2;18,3;20,5;20,2;18,5;18;89;86;89;138;4,7;1,6;
2026/04/29;2300 UTC;0;919,8;919,9;919,3;;19,7;18,3;20,2;19,6;18,5;18,1;92;89;92;114;5;1,3;
2026/04/30;0000 UTC;0;920;920;919,8;;19,7;18,3;19,8;19,6;18,5;18,2;92;91;92;128;5,8;2;
2026/04/30;0100 UTC;,4;919,9;920;919,8;;19,1;18,1;19,6;19,1;18,5;17,9;94;91;94;154;7,7;3,1;
2026/04/30;0200 UTC;,4;919,5;919,9;919,5;;19,1;18,3;19,1;18,9;18,3;17,9;96;94;95;155;7,7;3,1;
2026/04/30;0300 UTC;0;918,8;919,6;918,8;;19,1;18,4;19,2;19,1;18,5;18,3;96;95;96;122;7,6;2,1;
2026/04/30;0400 UTC;0;918;918,9;918;;19,2;18,5;19,2;19;18,5;18,3;96;95;96;121;6,7;1,8;
2026/04/30;0500 UTC;0;917,6;918,1;917,6;;19,1;18,4;19,3;19,1;18,7;18,4;98;96;96;136;6,1;,8;
2026/04/30;0600 UTC;0;917,3;917,6;917,2;,1;19,2;18,5;19,2;19,1;18,7;18,4;97;96;96;106;7,5;2,1;
2026/04/30;0700 UTC;0;917,3;917,3;917,1;;19,1;18,5;19,3;19,1;18,7;18,4;96;96;96;88;7,5;2;
2026/04/30;0800 UTC;,2;917,5;917,5;917,2;;19,2;18,5;19,2;19;18,6;18,3;97;96;96;91;7,5;2,2;
2026/04/30;0900 UTC;0;917,9;918;917,5;24,8;18,9;18,2;19,2;18,8;18,4;18,1;96;96;96;122;7,5;1,8;
2026/04/30;1000 UTC;0;918,7;918,7;917,9;224,7;19,6;18,9;19,6;18,8;18,9;18,1;97;96;96;86;6,6;1,3;
2026/04/30;1100 UTC;0;919,5;919,5;918,7;540,3;20,4;19,2;21;19,7;20;18,8;96;92;93;94;6,6;1,6;
2026/04/30;1200 UTC;0;920,2;920,2;919,5;828,6;21,5;19,3;22,5;20,2;20,5;18,8;94;85;88;97;6,7;1,7;
2026/04/30;1300 UTC;0;920,3;920,3;920,1;1332,8;23,6;20;23,6;21,5;20,6;18,9;89;79;80;59;7,2;2;
2026/04/30;1400 UTC;0;920,1;920,4;920,1;2371,9;24,8;19,6;24,8;23;20,3;18;82;68;73;95;7;2,1;
2026/04/30;1500 UTC;0;919,6;920,1;919,6;2368,4;25;18;25,3;23,6;19,4;17,5;75;64;65;71;6,6;2,5;
2026/04/30;1600 UTC;0;918,8;919,6;918,8;2655,4;26;18,6;26,2;24,6;19,5;16,9;69;61;64;102;6,4;2;
2026/04/30;1700 UTC;0;918;918,8;918;2072,5;26,1;19,4;26,4;25,1;19,7;17,6;69;61;67;147;7;1,9;
2026/04/30;1800 UTC;0;917,7;918;917,7;1577,5;25,1;18,7;26,8;25,1;20,2;18,6;69;63;68;89;7,4;2,1;
2026/04/30;1900 UTC;0;917,9;917,9;917,7;1000,4;24;18,5;25,4;24;19,5;18,2;73;66;71;117;8,6;2,3;
2026/04/30;2000 UTC;0;918,1;918,1;917,8;111,9;22,5;18,8;24;22,5;19,2;18,3;80;71;79;120;6,2;1,7;
2026/04/30;2100 UTC;0;918,4;918,4;918,1;3,6;21,4;19,3;22,5;21,3;19,3;18,6;88;80;88;117;7,1;2,4;
2026/04/30;2200 UTC;0;919,2;919,2;918,4;;21;19,6;21,4;21;20;19,3;93;88;92;103;7,7;2,1;
2026/04/30;2300 UTC;0;919,6;919,6;919,2;;20,6;19,2;21;20,5;19,7;19,1;92;92;92;126;7,1;3;
2026/05/01;0000 UTC;0;920;920;919,6;;20,5;19,3;20,8;20,4;19,4;19,1;92;92;92;97;6,7;1,7;
2026/05/01;0100 UTC;0;920,2;920,2;920;;20,4;19,3;20,6;20,4;19,4;19;94;92;93;108;6,2;2;
2026/05/01;0200 UTC;0;919,8;920,2;919,8;;20,3;19,4;20,5;20,3;19,5;19,3;94;93;94;118;6,1;2,3;
2026/05/01;0300 UTC;,4;919,2;919,8;919,2;;20,3;19,5;20,4;20,2;19,5;19,3;95;94;95;121;8,1;2,3;
2026/05/01;0400 UTC;,4;918,9;919,3;918,9;,3;20,1;19,2;20,3;20;19,6;19,2;96;95;95;91;7,6;1,7;
2026/05/01;0500 UTC;0;918,3;918,9;918,3;,3;19,7;18,9;20,2;19,6;19,4;18,9;96;95;95;133;7,6;2,2;
2026/05/01;0600 UTC;,6;918,1;918,4;918;;20;19,3;20;19,6;19,3;18,8;96;95;95;112;7,5;1,4;
2026/05/01;0700 UTC;0;918,3;918,5;918;;19,8;19,1;20;19,7;19,3;19;96;95;96;118;5,1;1,3;
2026/05/01;0800 UTC;1;918,8;918,8;918,3;;19,9;19,2;20;19,7;19,3;19;96;95;96;118;6,2;1,7;
2026/05/01;0900 UTC;,2;919,5;919,5;918,8;3,8;19,9;19,2;19,9;19,6;19,2;18,9;96;95;96;125;5,8;1,3;
2026/05/01;1000 UTC;4,2;920,6;920,7;919,5;44,2;19,3;18,6;20;19,3;19,3;18,6;96;96;96;113;9,1;1,8;
2026/05/01;1100 UTC;1,2;921;921;920,6;150,8;19,3;18,6;19,5;19,1;18,8;18,4;96;95;96;144;6,9;2,9;
2026/05/01;1200 UTC;,8;921,8;922;921;183,4;19,5;18,8;19,6;19,3;18,9;18,6;96;96;96;131;8,4;1,6;
2026/05/01;1300 UTC;1,8;922,1;922,1;921,5;196,1;19,7;19;19,8;19,2;19,1;18,5;96;95;96;157;8,5;3,5;
2026/05/01;1400 UTC;1,6;921,7;922,2;921,4;344,1;20;19,3;20,1;19,7;19,4;19;96;96;96;260;8,5;,7;
2026/05/01;1500 UTC;,4;920,8;921,8;920,8;237,6;19,1;18,3;20,2;18,9;19,5;18,2;96;95;96;182;7,8;2,9;
2026/05/01;1600 UTC;,8;921;921;920,7;268,8;19,3;18,6;19,5;18,9;18,8;18,2;96;95;95;196;8,6;1,1;
2026/05/01;1700 UTC;4,6;920,4;921,1;920,4;100,9;19,2;18,4;19,7;19;18,9;18,3;96;95;96;120;4,9;,9;
2026/05/01;1800 UTC;2,6;919,9;920,4;919,5;78,2;18,6;17,9;19,2;18,4;18,5;17,8;96;96;96;164;11,3;5,7;
2026/05/01;1900 UTC;1,6;920,1;920,2;919,8;88,6;18,6;17,9;18,6;18,5;17,9;17,8;96;96;96;166;12,2;5,7;
2026/05/01;2000 UTC;1,6;919,5;920,1;919,5;19,5;18,6;18;18,6;18,2;18;17,5;96;96;96;194;10,8;3,2;
2026/05/01;2100 UTC;,6;920;920;919,5;,4;18,5;18;18,7;18,5;18;17,9;97;96;97;187;9,6;1,9;
2026/05/01;2200 UTC;,2;920,3;920,3;920;0;18,5;18,3;18,7;18,2;18,3;17,9;99;97;99;170;12;6;
2026/05/01;2300 UTC;0;920,5;920,6;920,2;;19;18,7;19;18,5;18,7;18,3;99;98;98;173;13,1;6,6;
2026/05/02;0000 UTC;0;920,1;920,7;919,9;;18,8;18,4;19,1;18,8;18,8;18,4;98;98;98;174;14,5;7,2;
2026/05/02;0100 UTC;0;920,5;920,5;920,1;;18,6;18,1;18,8;18,6;18,4;18,1;98;97;97;160;14,6;6,7;
2026/05/02;0200 UTC;0;920,9;921,2;920,5;;18,6;18,3;18,8;18,6;18,3;18;98;96;98;158;13,5;5,3;
2026/05/02;0300 UTC;0;920,4;921;920,4;;18,9;18,7;18,9;18,6;18,7;18,3;99;98;99;161;11,8;6,5;
2026/05/02;0400 UTC;0;919,8;920,4;919,7;;19,1;18,9;19,1;18,9;18,9;18,7;99;99;99;158;12,2;5,9;
2026/05/02;0500 UTC;,2;919;919,8;919;,2;19,2;19;19,2;19,1;19;18,9;99;99;99;164;11,3;5,4;
2026/05/02;0600 UTC;,4;918,8;919;918,7;0;19,2;19,1;19,3;19,1;19,1;19;99;99;99;159;11,5;5,1;
2026/05/02;0700 UTC;,4;919,1;919,1;918,7;0;19,3;19,1;19,3;19,2;19,2;19,1;99;99;99;156;9,7;3,8;
2026/05/02;0800 UTC;,2;919,5;919,5;919,1;0;19,3;19,2;19,3;19,3;19,2;19,1;99;99;99;139;9;2,1;
2026/05/02;0900 UTC;,2;919,7;919,8;919,5;19,6;19,5;19,4;19,5;19,3;19,4;19,2;99;99;99;162;9,2;5,1;
2026/05/02;1000 UTC;,4;920,6;920,7;919,7;242,4;19,5;19,4;19,6;19,4;19,5;19,3;99;99;99;157;12,4;5;
2026/05/02;1100 UTC;1,8;921,6;921,7;920,6;301,6;19,4;19,3;19,7;19,4;19,6;19,2;99;99;99;142;12,4;4,5;
2026/05/02;1200 UTC;3;922,2;922,2;921,6;408,3;18,7;18,6;19,5;18,7;19,3;18,6;99;99;99;121;13,9;2,8;
2026/05/02;1300 UTC;;;;;;;;;;;;;;;;;;
2026/05/02;1400 UTC;;;;;;;;;;;;;;;;;;
2026/05/02;1500 UTC;;;;;;;;;;;;;;;;;;
2026/05/02;1600 UTC;0;919,8;920,7;919,8;1039,1;22;20,2;23;21,7;21,3;19,9;95;86;90;84;5,1;1,1;
2026/05/02;1700 UTC;0;919,1;919,8;919,1;1443,3;22,8;19,7;24,4;21,8;21,4;19,1;92;76;82;72;6,1;1,6;
2026/05/02;1800 UTC;0;919;919,1;918,8;469,9;21,5;19,7;23,1;21,4;20,2;19,2;90;81;89;95;5,4;1,3;
2026/05/02;1900 UTC;,4;919,4;919,4;918,9;165,7;20,5;19,7;21,7;20,1;19,9;18,4;95;87;95;96;7,8;1,7;
2026/05/02;2000 UTC;,2;919,7;919,7;919,4;51,2;20,3;19,8;20,6;20,3;20;19,6;97;95;97;145;6,6;2,3;
2026/05/02;2100 UTC;,4;920,3;920,3;919,7;2,5;20;19,3;20,4;19,9;19,9;19,2;97;95;96;81;8,8;2,1;
2026/05/02;2200 UTC;,2;920,7;920,7;920,3;;20,2;19,5;20,2;19,9;19,6;19,1;97;95;96;75;6,3;2,4;
2026/05/02;2300 UTC;1,4;921,3;921,3;920,7;;19,9;19,3;20,2;19,7;19,6;19;97;96;96;117;8,2;2,3;
2026/05/03;0000 UTC;0;921,8;921,8;921,2;;19,9;19,3;20,1;19,8;19,5;19,2;97;96;96;95;7,6;1,9;
2026/05/03;0100 UTC;0;921,9;922;921,8;;19,8;19,2;20;19,8;19,4;19,2;97;96;96;117;10,2;1,7;
2026/05/03;0200 UTC;0;921,8;922;921,8;;19,8;19,1;19,8;19,7;19,2;18,9;96;95;96;161;7;1,5;
2026/05/03;0300 UTC;0;921,5;921,8;921,4;;19,8;19,1;19,8;19,7;19,1;19;96;96;96;102;8,5;1,5;
2026/05/03;0400 UTC;0;920,5;921,5;920,4;;19,5;18,8;19,8;19,5;19,1;18,8;96;95;96;116;5,1;1,3;
2026/05/03;0500 UTC;0;920;920,5;920;;19,4;18,7;19,6;19,4;18,9;18,6;96;95;96;111;6,2;1,6;
2026/05/03;0600 UTC;0;919,7;920;919,7;;19,5;18,9;19,5;19,4;18,9;18,6;96;95;96;107;7,5;1,5;
2026/05/03;0700 UTC;0;919,7;919,8;919,6;,2;19,4;18,7;19,5;19,3;18,9;18,6;96;96;96;125;6,1;1,1;
2026/05/03;0800 UTC;0;919,9;919,9;919,7;,1;19,4;18,7;19,4;19,3;18,9;18,7;97;96;96;98;5,8;1,3;
2026/05/03;0900 UTC;0;920,6;920,6;919,9;21,6;19,4;18,8;19,5;19,2;18,9;18,6;97;96;96;83;5,6;1,1;
2026/05/03;1000 UTC;0;921,2;921,2;920,6;219;20,2;19,6;20,2;19,4;19,6;18,8;97;96;96;105;6,3;1,5;
2026/05/03;1100 UTC;0;921,7;921,8;921,2;595,1;21,3;19,2;21,7;20,1;20,3;19,1;97;88;88;93;6,4;1,3;
2026/05/03;1200 UTC;0;921,9;922;921,7;842,7;22,6;19,5;23,1;21,1;20,4;19;90;81;83;71;5,7;1,4;
2026/05/03;1300 UTC;0;922;922,2;921,9;1420,2;23,8;19,6;24,1;22,4;20,7;18,8;85;73;77;67;5,6;2,2;
2026/05/03;1400 UTC;,2;921,5;922;921,5;1420,7;23,4;19,1;24,4;23,2;20,5;18,7;81;74;77;102;5,7;1,6;
2026/05/03;1500 UTC;0;920,6;921,5;920,6;1608,7;24,5;19,4;24,9;23,3;20,5;18,6;81;71;73;99;5;1,1;
2026/05/03;1600 UTC;0;919,8;920,6;919,8;1970,7;24,9;19,5;25,6;24,1;20,8;18,3;77;68;72;76;5,1;1,8;
2026/05/03;1700 UTC;0;919,2;919,8;919,2;1767;24,3;18,7;25,8;24,3;20,4;18,5;75;67;71;58;5,5;2,4;
2026/05/03;1800 UTC;0;918,9;919,3;918,9;1433,6;24,8;19,1;25,1;24;19,4;18,3;73;67;70;63;5,5;2,1;
2026/05/03;1900 UTC;0;919,2;919,2;918,9;859,4;23,7;19,5;24,9;23,7;19,6;18,1;77;69;77;114;5;1,7;
2026/05/03;2000 UTC;0;919,7;919,7;919,2;138,7;21,1;19,1;23,7;21,1;19,9;19,1;89;77;89;88;6,4;2,5;
2026/05/03;2100 UTC;0;919,8;919,9;919,7;1,3;20,3;19;21,1;20,2;19,3;19;93;89;92;140;9,4;2,8;
2026/05/03;2200 UTC;0;920,2;920,3;919,8;;20,3;19,3;20,4;20,2;19,3;19;94;92;94;125;7,8;3,3;
2026/05/03;2300 UTC;0;920,7;920,7;920,2;;20,1;19;20,3;20;19,2;19;94;93;94;138;8,3;3,8;
2026/05/04;0000 UTC;0;920,9;921;920,7;;19,8;18,6;20,2;19,7;19,1;18,5;94;92;92;147;11,2;4,4;
2026/05/04;0100 UTC;0;921;921;920,8;;19,8;18,5;19,9;19,7;18,6;18,4;93;92;92;143;10,5;4,9;
2026/05/04;0200 UTC;0;920,9;921,1;920,9;;19,6;18,6;19,8;19,6;18,8;18,5;94;92;94;150;10,5;4,2;
2026/05/04;0300 UTC;0;920,4;920,9;920,4;;19,5;18,5;19,7;19,5;18,8;18,5;95;94;94;157;10,4;4,9;
2026/05/04;0400 UTC;0;919,8;920,4;919,8;;19,6;18,5;19,6;19,4;18,6;18,4;94;93;93;155;10,1;5,4;
2026/05/04;0500 UTC;0;919,4;919,8;919,4;;19,5;18,5;19,6;19,4;18,6;18,3;95;93;94;158;11,5;6;
2026/05/04;0600 UTC;0;919,3;919,4;919,1;;19,6;18,6;19,7;19,5;18,7;18,5;94;94;94;162;11,1;4,7;
2026/05/04;0700 UTC;0;919,3;919,3;919,1;;19,3;18,5;19,6;19,2;18,6;18,3;95;94;95;157;10,4;4,1;
2026/05/04;0800 UTC;0;919,5;919,5;919,2;0;19,4;18,6;19,4;19,2;18,7;18,4;96;95;95;155;10,8;5,2;
2026/05/04;0900 UTC;0;920,1;920,1;919,5;31,1;19,2;18,4;19,4;19,2;18,6;18,3;96;95;95;160;11,6;5,3;
2026/05/04;1000 UTC;0;920,4;920,4;920,1;354,2;19,9;18,7;19,9;19,2;18,8;18,3;95;93;93;161;12,7;6,5;
2026/05/04;1100 UTC;0;921,1;921,2;920,4;641,9;20,8;18,6;20,9;19,8;19;18,4;93;87;87;157;12,7;5,4;
2026/05/04;1200 UTC;0;921,7;921,8;921,1;904,9;21,6;18,6;22;20,7;19,4;18,4;88;83;83;159;11,2;4,7;
2026/05/04;1300 UTC;0;921,7;922;921,7;1518,9;24,5;19,7;24,5;21,4;20,8;18,5;86;74;75;135;10,1;2,4;
2026/05/04;1400 UTC;,2;921,4;921,7;921,3;2039,4;23,5;19;25,2;23,3;20,6;18,3;79;72;76;149;9,3;3,2;
2026/05/04;1500 UTC;0;920,9;921,4;920,9;2580,2;25,7;20,1;25,7;23,5;20,5;18,7;77;70;71;161;9,6;3,5;
2026/05/04;1600 UTC;0;920,4;921;920,4;2188,4;25,2;18,8;26;23,4;20,2;17,4;77;64;68;152;8,4;3;
2026/05/04;1700 UTC;0;919,9;920,4;919,9;1420,5;23,7;20,3;26,7;23,4;20,7;18,9;82;65;81;107;7,6;2;
2026/05/04;1800 UTC;0;919,5;919,9;919,4;739,5;23,4;20,3;24,3;22,3;20,8;19,4;84;77;83;127;8;2,9;
2026/05/04;1900 UTC;0;919,6;919,7;919,4;927,6;22,3;19,1;23,9;22,3;20,3;19,1;83;78;82;160;9,7;5;
2026/05/04;2000 UTC;0;920;920;919,6;107;21,3;19,1;22,3;21,3;19,6;19,1;88;82;87;137;9,9;3;
2026/05/04;2100 UTC;0;920,1;920,2;919,9;1,9;20,8;19,3;21,3;20,7;19,3;19;91;87;91;142;8,5;3,9;
2026/05/04;2200 UTC;0;920,8;920,9;920,1;;20,7;19,3;20,8;20,6;19,4;19,2;92;91;91;153;9,9;3,9;
2026/05/04;2300 UTC;0;921,6;921,6;920,9;;20,5;19;20,8;20,4;19,4;19;92;91;91;146;9,5;3,5;
2026/05/05;0000 UTC;0;922,1;922,2;921,5;;20,1;18,6;20,5;20,1;19;18,5;92;91;91;158;11,3;4,4;
2026/05/05;0100 UTC;,8;922,8;922,8;922,1;;19,7;18,4;20,2;19,7;18,8;18,4;93;91;92;148;10,6;3,5;
2026/05/05;0200 UTC;1,4;922,5;922,9;922,5;;19,4;18,4;19,7;19;18,5;18;94;92;94;160;11,1;3,8;
2026/05/05;0300 UTC;0;922;922,6;922;;19,4;18,5;19,4;19,3;18,5;18,4;95;94;95;165;8,7;3,7;
2026/05/05;0400 UTC;0;921,3;922;921,3;;19,4;18,6;19,5;19,2;18,6;18,3;95;95;95;169;10,4;3,8;
2026/05/05;0500 UTC;0;921,1;921,3;921;;19,4;18,5;19,5;19,3;18,6;18,5;95;95;95;151;10,7;4,9;
2026/05/05;0600 UTC;,6;921,2;921,3;921,1;,2;19,2;18,3;19,5;19,2;18,6;18,3;95;95;95;148;10,8;2,4;
2026/05/05;0700 UTC;,8;921,4;921,5;921,1;,6;18,7;17,8;19,2;18,7;18,4;17,8;95;95;95;153;8,5;2,7;
2026/05/05;0800 UTC;0;921,7;921,8;921,4;,3;18,8;17,9;18,8;18,6;17,9;17,7;95;95;95;162;8,4;4,1;
2026/05/05;0900 UTC;,6;922,5;922,5;921,7;4;19;18,2;19,2;18,8;18,3;17,9;95;95;95;129;9,7;2,4;
2026/05/05;1000 UTC;,8;923;923;922,5;143,6;19,3;18,5;19,4;19;18,5;18,1;95;94;95;100;7;2,4;
2026/05/05;1100 UTC;,6;922,7;923,1;922,6;288,8;19,3;18,6;19,5;19,2;18,7;18,4;95;95;95;159;10,9;5,1;
2026/05/05;1200 UTC;0;922,8;922,8;922,6;513,4;19,6;18,8;19,7;19,2;18,9;18,4;95;95;95;158;11,9;5,6;
2026/05/05;1300 UTC;0;922,4;922,8;922,4;455;19,9;19,2;20;19,5;19,2;18,8;96;95;96;159;12,8;5,4;
2026/05/05;1400 UTC;0;921,8;922,5;921,8;792;20,9;19,4;20,9;19,8;19,5;19;96;91;91;160;12,9;6,5;
2026/05/05;1500 UTC;0;921,3;921,9;921,3;994;21,3;19,4;21,5;20,9;19,7;19;91;87;89;162;12,3;3,3;
2026/05/05;1600 UTC;0;920,6;921,3;920,6;1216,8;22,5;19,3;22,9;21,3;20,1;19,3;90;81;82;152;10,5;4,7;
2026/05/05;1700 UTC;0;920,2;920,6;920,2;814,7;22,2;18,8;22,7;22,2;19,8;18,8;84;81;81;155;9,4;3,5;
2026/05/05;1800 UTC;0;919,9;920,3;919,9;427,6;22,1;19,6;22,4;22,1;19,9;18,8;86;81;86;166;8,2;1,3;
2026/05/05;1900 UTC;0;920,2;920,2;919,8;170,1;21,9;20,1;22,2;21,8;20,2;19,6;90;86;90;115;6,6;1,1;
2026/05/05;2000 UTC;0;920,2;920,3;920,1;43,8;21,3;19,9;21,8;21,2;20,2;19,7;92;90;92;153;8,8;1,9;
2026/05/05;2100 UTC;0;920,5;920,5;920,2;,4;20,1;18,1;21,3;20,1;19,9;17,9;93;87;88;153;9,7;3,2;
2026/05/05;2200 UTC;0;921;921,1;920,5;;20,1;18,7;20,2;20;18,8;18;92;88;92;156;10,8;3,6;
2026/05/05;2300 UTC;0;921,6;921,6;921;;20;18,9;20,1;19,7;18,9;18,5;93;92;93;176;10;1,2;
2026/05/06;0000 UTC;,8;921,9;921,9;921,6;;19,9;18,9;20;19,8;18,9;18,8;94;93;94;145;9,7;3,5;
2026/05/06;0100 UTC;0;921,7;922;921,7;,6;19,7;18,8;20;19,7;19;18,8;95;94;95;155;12,4;4,4;
2026/05/06;0200 UTC;,4;921,8;922;921,6;;19,6;18,7;19,8;19,5;19;18,6;95;94;95;158;14,6;5,2;
2026/05/06;0300 UTC;0;921,5;921,9;921,5;;19,5;18,6;19,7;19,4;18,9;18,5;95;95;95;139;12,7;3,5;
2026/05/06;0400 UTC;0;920,9;921,6;920,9;;19,4;18,5;19,5;19,4;18,6;18,5;95;95;95;144;12,5;2,8;
2026/05/06;0500 UTC;0;920,3;921;920,3;,1;19,3;18,4;19,5;19,3;18,6;18,4;95;95;95;163;9,8;3,9;
2026/05/06;0600 UTC;,6;920,1;920,3;920;;19,4;18,5;19,5;19,3;18,6;18,4;95;95;95;124;9,8;2,3;
2026/05/06;0700 UTC;0;919,9;920,1;919,8;,6;19,3;18,5;19,4;19,2;18,5;18,3;95;95;95;133;8,8;2,5;
2026/05/06;0800 UTC;0;919,8;920;919,7;,2;19,1;18,3;19,4;19;18,5;18,2;95;95;95;125;11,5;2,5;
2026/05/06;0900 UTC;0;920;920,1;919,8;27,8;19,1;18,3;19,2;19;18,4;18,2;95;95;95;121;11,2;2,9;
2026/05/06;1000 UTC;0;920,6;920,7;920;250,6;19,3;18,6;19,5;19;18,7;18,2;96;95;95;124;9;3,2;
2026/05/06;1100 UTC;0;921,2;921,2;920,6;498,1;20,5;19,7;20,5;19,2;19,7;18,4;95;95;95;130;10,9;2,3;
2026/05/06;1200 UTC;0;921,9;921,9;921,2;660;20,2;18,2;21,7;20,1;19,9;18,2;95;87;88;144;10,5;3,1;
2026/05/06;1300 UTC;0;921,9;922,1;921,8;1570,8;23,3;18,6;23,6;20,2;20,2;18,2;90;74;75;99;7,7;2,2;
2026/05/06;1400 UTC;0;921,4;922;921,4;2280,9;24,3;18,9;24,6;22,8;20,3;18,1;81;71;72;70;6,6;2,4;
2026/05/06;1500 UTC;0;920,9;921,4;920,8;1788,1;23,6;19,8;25,4;22,7;20,2;18,4;84;70;79;68;6,6;1,7;
2026/05/06;1600 UTC;0;920,1;920,9;920,1;1965,3;25,2;19,8;25,2;23,4;20,5;18,5;80;69;72;96;6,5;1,8;
2026/05/06;1700 UTC;0;919,7;920,2;919,7;1718,2;24,6;17,8;25,5;24,4;19,6;17,7;72;65;66;70;5,9;1,9;
2026/05/06;1800 UTC;0;919,6;919,7;919,5;1364,4;24,9;18,3;25,5;24;19,3;17,2;71;64;67;96;6,1;1,7;
2026/05/06;1900 UTC;0;919,7;919,8;919,5;835;23;16,6;25,1;22,9;18,1;16,3;69;61;67;126;5,3;1,8;
2026/05/06;2000 UTC;0;919,7;919,8;919,6;69,1;21,3;16,8;23;21,3;17,5;16,6;77;67;75;134;6,4;1,8;
2026/05/06;2100 UTC;0;919,9;919,9;919,7;;20,2;17,2;21,3;20,2;17,3;16,8;83;75;83;137;4,3;1,9;
2026/05/06;2200 UTC;0;920,2;920,2;919,8;;20;17,1;20,4;19,9;17,4;16,9;84;82;83;157;8,5;3,8;
2026/05/06;2300 UTC;0;920,6;920,7;920,2;;19,8;17,9;20,1;19,8;18;17,2;89;83;89;158;8,7;4,2;
2026/05/07;0000 UTC;0;920,6;920,6;920,5;;19,5;18;19,8;19,5;18,2;17,9;91;89;91;165;9,4;4,4;
2026/05/07;0100 UTC;0;920,8;920,9;920,6;;19,5;18,2;19,7;19,4;18,3;18;92;91;92;157;9,4;5;
2026/05/07;0200 UTC;0;920,8;921;920,8;;19,3;18,1;19,6;19,3;18,3;18;93;92;93;156;9,8;3,2;
2026/05/07;0300 UTC;0;920,6;920,9;920,5;;19,1;18,1;19,3;18,9;18,1;17,8;94;93;94;142;9,7;2,7;
2026/05/07;0400 UTC;0;920,1;920,6;920,1;;19,1;18,1;19,3;19,1;18,2;18;94;93;94;137;8,5;2,7;
2026/05/07;0500 UTC;0;919,4;920,1;919,4;;18,9;17,7;19,1;18,8;18,1;17,6;94;92;93;157;9,5;3,7;
2026/05/07;0600 UTC;0;919,2;919,4;919,2;;18,6;17,1;18,9;18,4;17,6;16,8;93;89;91;154;10,5;4,3;
2026/05/07;0700 UTC;0;919,2;919,3;919,1;;18,7;17,7;18,8;18,5;17,7;17;94;91;94;136;9,9;2,4;
2026/05/07;0800 UTC;0;919,4;919,4;919,2;;19,1;18,2;19,2;18,7;18,2;17,7;94;94;94;161;8,3;3,4;
2026/05/07;0900 UTC;0;919,5;919,5;919,4;30,7;19,3;18,5;19,3;19,1;18,5;18,2;95;94;95;159;10,6;5;
2026/05/07;1000 UTC;0;919,9;919,9;919,4;283,8;19,9;19,1;20;19,3;19,1;18,5;95;95;95;146;10,6;3,4;
2026/05/07;1100 UTC;0;920,2;920,2;919,9;604,8;20,5;19,6;20,6;19,9;19,8;19;95;95;95;143;10,9;4,9;
2026/05/07;1200 UTC;0;920,5;920,6;920,1;1042,4;22,3;20,1;22,7;20,5;20,8;19,4;96;85;87;139;11,1;2,7;
2026/05/07;1300 UTC;,2;920,6;920,7;920,4;883,1;21,4;20,2;22,6;21,3;20,8;19,1;93;84;93;87;7,8;1,7;
2026/05/07;1400 UTC;0;920,1;920,6;920,1;1329;22,2;20,3;24,1;21,4;21,8;19,7;94;82;89;137;7,2;2,3;
2026/05/07;1500 UTC;1,2;919,2;920,1;919,2;911,4;22;21,1;22,4;21,3;21,3;20;95;89;94;143;7,2;2;
2026/05/07;1600 UTC;3;918,7;919,3;918,7;758,2;21,5;20,6;22,3;21,3;21,4;20,1;95;93;95;85;7,8;2;
2026/05/07;1700 UTC;0;918,2;918,7;918,1;1065,1;22,3;21,1;22,8;21,4;21,9;20,5;95;93;93;119;6,3;1,7;
2026/05/07;1800 UTC;0;918,1;918,3;918;1272,2;24,2;21,6;24,2;21,7;22,3;20,4;94;85;85;105;6,6;1,4;
2026/05/07;1900 UTC;,2;918,5;918,5;918,1;705,1;23,1;20,4;24,5;22,8;21,5;19,2;87;79;85;125;5,3;1,4;
2026/05/07;2000 UTC;0;919;919;918,5;184,1;21,2;19,6;23,1;21,2;20,5;19,6;92;84;91;75;7,2;2;
2026/05/07;2100 UTC;0;919,3;919,3;918,9;8;20,6;19,3;21,2;20,6;19,6;19,3;93;91;93;120;6,9;1,9;
2026/05/07;2200 UTC;0;919,6;919,6;919,2;;20,1;19,1;20,6;20,1;19,5;19,1;94;93;94;148;6,8;2,7;
2026/05/07;2300 UTC;,6;920;920;919,5;;19,9;19,1;20,1;19,8;19,1;18,9;95;94;95;148;8,5;2;
2026/05/08;0000 UTC;1,4;920,3;920,3;920;;20,2;19,4;20,2;19,9;19,4;19,1;95;95;95;154;6,5;1,8;
2026/05/08;0100 UTC;,4;920,3;920,4;920,2;,6;20;19,2;20,3;19,9;19,5;19,2;96;95;95;167;5,9;1,1;
2026/05/08;0200 UTC;,6;920,2;920,3;920,1;,1;20;19,3;20,1;20;19,4;19,2;96;95;96;156;4,3;1,9;
2026/05/08;0300 UTC;1,2;919,7;920,2;919,6;;20,2;19,5;20,2;20;19,5;19,3;96;96;96;12;4,3;1,1;
2026/05/08;0400 UTC;1;919;919,7;919;;20,2;19,5;20,2;20;19,6;19,4;96;96;96;53;2,1;,9;
2026/05/08;0500 UTC;4,2;918,2;919;918,2;,1;20;19,3;20,2;19,9;19,5;19,2;96;96;96;103;8;2,3;
2026/05/08;0600 UTC;1,6;918,5;918,5;918,2;0;20;19,4;20,1;19,9;19,5;19,3;96;96;96;54;8;1,7;
2026/05/08;0700 UTC;9,8;918,7;918,8;918,5;1,2;19,3;18,7;20;18,9;19,2;18,2;97;96;96;34;4,7;,9;
2026/05/08;0800 UTC;,2;919;919;918,5;,1;19,6;19;19,6;19,3;19;18,7;97;96;96;147;5,8;3,4;
2026/05/08;0900 UTC;0;919,7;919,7;919;14,3;19,7;19,1;19,7;19,6;19,1;19;97;96;96;83;5,8;1,6;
2026/05/08;1000 UTC;0;920,2;920,2;919,7;206,8;20,1;19,5;20,1;19,7;19,5;19,1;97;96;96;90;5;1,8;
2026/05/08;1100 UTC;,2;921;921;920,2;309,9;20,2;19,6;20,4;20;19,8;19,4;97;96;96;78;4,5;1,8;
2026/05/08;1200 UTC;,2;921,1;921,1;920,9;1081,8;21,6;21;22,1;20,2;21,5;19,6;97;96;96;70;4,8;1,7;
2026/05/08;1300 UTC;0;921;921,1;921;1104,1;22,4;21,5;22,6;21,4;21,9;20,2;96;91;95;101;5,1;1,9;
2026/05/08;1400 UTC;1;920,8;921,1;920,8;859,6;21,3;20,4;22,6;21,2;21,7;20,2;95;92;95;134;5,9;2,6;
2026/05/08;1500 UTC;2;920,1;920,8;920;686,2;21,2;20,4;21,3;20,5;20,5;19,6;95;94;95;109;7,9;3,1;
2026/05/08;1600 UTC;,6;919,4;920,1;919,4;1027,4;21,8;21;21,9;21;21;20,1;95;94;95;122;7,9;2,7;
2026/05/08;1700 UTC;0;918,8;919,5;918,8;1000,8;21,7;20;22,3;21;20,9;19,9;95;90;90;144;11,1;3,8;
2026/05/08;1800 UTC;0;918,6;918,9;918,6;594,4;22,5;20,5;22,5;21,7;20,5;19,9;91;88;88;134;8,5;1,9;
2026/05/08;1900 UTC;0;919,1;919,2;918,6;328,9;20,4;19,3;22,5;20,4;20,5;19,2;94;86;94;134;8,5;3,1;
2026/05/08;2000 UTC;0;919,2;919,2;918,8;87,4;20,5;19,7;20,5;19,9;19,7;18,8;95;93;95;135;9,7;3,1;
2026/05/08;2100 UTC;,6;919,5;919,5;919,1;1,6;20,3;19,5;20,5;19,9;19,7;19,1;96;95;96;138;10,9;2,4;
2026/05/08;2200 UTC;0;920;920;919,5;,6;20,2;19,5;20,3;20,1;19,5;19,3;96;95;96;125;9,9;2,8;
2026/05/08;2300 UTC;1;920,5;920,5;920;0;20,3;19,6;20,4;20,1;19,7;19,5;96;96;96;140;8,1;1,6;
2026/05/09;0000 UTC;1;920,6;920,6;920,4;,9;20,2;19,5;20,3;20,1;19,7;19,5;96;96;96;128;9,3;2,2;
2026/05/09;0100 UTC;,6;920,5;920,6;920,3;,4;20,1;19,4;20,2;20;19,5;19,4;96;96;96;140;9;2,9;
2026/05/09;0200 UTC;,8;920,4;920,6;920,4;,2;20;19,4;20,1;20;19,5;19,4;96;96;96;117;8,8;2,7;
2026/05/09;0300 UTC;1,6;920,1;920,5;920,1;,1;20,1;19,5;20,1;20;19,5;19,4;96;96;96;84;8,8;2,4;
2026/05/09;0400 UTC;,2;919,4;920,1;919,4;,2;20;19,4;20,1;20;19,5;19,4;96;96;96;96;7,3;2,5;
2026/05/09;0500 UTC;0;919,1;919,4;919;;20;19,5;20,1;20;19,5;19,3;97;96;96;71;7,3;1,9;
2026/05/09;0600 UTC;,4;919,1;919,2;919;,2;20;19,4;20,1;20;19,5;19,4;97;96;96;89;6,7;1,7;
2026/05/09;0700 UTC;,2;919,1;919,2;918,9;;19,9;19,3;20;19,8;19,4;19,2;97;96;96;81;8,1;2,7;
2026/05/09;0800 UTC;0;919,6;919,6;919,1;0;19,9;19,3;19,9;19,8;19,3;19,2;97;96;96;77;6,3;2,4;
2026/05/09;0900 UTC;0;920,2;920,2;919,5;17,6;20;19,4;20;19,9;19,4;19,2;96;96;96;83;6,1;1,5;
2026/05/09;1000 UTC;0;920,4;920,4;920,2;257;20,8;20,1;20,8;20;20,1;19,4;96;96;96;66;4,9;1,4;
2026/05/09;1100 UTC;0;920,9;920,9;920,4;440,4;21,2;20,1;21,5;20,4;20,8;19,8;96;93;93;78;4,7;1,8;
2026/05/09;1200 UTC;0;921,3;921,3;920,9;952,9;23;19,7;23,9;21,2;21,1;19,7;94;81;82;85;4,8;1,8;
2026/05/09;1300 UTC;0;921;921,3;920,9;1018,7;22,8;20,5;24,4;22,3;21,2;19,2;88;79;87;84;4,9;1,3;
2026/05/09;1400 UTC;,2;920,4;921;920,4;1705,1;23,3;20,9;25,5;22,8;22,3;20;88;78;86;62;4,6;1,7;
2026/05/09;1500 UTC;0;919,8;920,4;919,8;882,8;23,5;22,9;23,6;21,8;23,2;20,8;98;86;96;139;5,5;1,5;
2026/05/09;1600 UTC;0;919,2;919,8;919,2;1704,1;24;21,3;24,9;22,8;23;20,6;96;83;85;60;6,2;1,6;
2026/05/09;1700 UTC;,2;918,8;919,3;918,7;1037,1;23,7;21,4;24,3;22,7;22,3;20,8;92;83;87;61;4,8;2,4;
2026/05/09;1800 UTC;0;918,5;918,8;918,5;1195,2;23,7;20,6;24;22,8;21,9;20,4;91;81;83;83;5,7;1,9;
2026/05/09;1900 UTC;,2;918,7;918,7;918,3;739;21,9;20,6;24,1;21,9;21,4;20,6;92;82;92;140;6,1;2,4;
2026/05/09;2000 UTC;3,8;919,4;919,4;918,7;62,2;21,3;21;22;21,3;21,1;20,6;98;92;98;89;7,1;1,7;
2026/05/09;2100 UTC;2,4;919,9;919,9;919,4;6;21,3;21,1;21,4;21,2;21,2;20,9;99;98;99;72;5,3;2,1;
2026/05/09;2200 UTC;1,4;920,5;920,5;919,9;1,1;20,7;20,2;21,3;20,6;21,1;20,1;99;97;97;67;9,8;2,2;
2026/05/09;2300 UTC;0;920,7;920,7;920,5;,6;20,7;20,2;20,7;20,6;20,3;20,1;98;97;97;110;6,3;2,2;
2026/05/10;0000 UTC;3;921,5;921,6;920,7;1,8;19,6;19,1;20,7;19,5;20,3;18,9;97;96;97;143;8;3;
2026/05/10;0100 UTC;7,4;921,3;921,5;921,3;,4;19,6;19;19,9;19,5;19,4;19;97;97;97;108;8,5;2,7;
2026/05/10;0200 UTC;,6;921,4;921,4;921;;19,9;19,3;19,9;19,5;19,3;18,9;97;96;97;133;6,9;1,8;
2026/05/10;0300 UTC;,4;920,9;921,5;920,9;0;20;19,5;20;19,9;19,5;19,4;97;97;97;110;6,2;2,8;
2026/05/10;0400 UTC;,8;920,3;920,9;920,2;,3;19,5;19;20;19,5;19,6;19;97;97;97;76;6,9;2,3;
2026/05/10;0500 UTC;,6;919,6;920,4;919,6;,2;19,9;19,3;19,9;19,5;19,4;19;97;97;97;62;6,9;2;
2026/05/10;0600 UTC;0;919,3;919,6;919,2;,7;19,8;19,3;19,9;19,7;19,4;19,2;97;97;97;66;4,9;2,1;
2026/05/10;0700 UTC;,4;919,4;919,4;919,3;,4;20;19,4;20;19,8;19,4;19,3;97;97;97;71;5,3;2,1;
2026/05/10;0800 UTC;0;919,7;919,7;919,4;,5;19,9;19,4;20;19,9;19,4;19,4;97;97;97;83;6,1;1,7;
2026/05/10;0900 UTC;,2;920,3;920,3;919,7;12,5;19,8;19,3;19,9;19,6;19,4;19;97;97;97;81;6,2;2,5;
2026/05/10;1000 UTC;0;921;921;920,3;133,1;20;19,5;20;19,8;19,5;19,3;97;97;97;77;6,2;1,8;
2026/05/10;1100 UTC;,6;921,9;921,9;921;364,6;20,4;19,9;20,6;20;20,1;19,5;97;97;97;69;6;2;
2026/05/10;1200 UTC;1,4;922,2;922,3;921,9;476,4;20,6;20,1;20,7;20,2;20,2;19,7;97;97;97;75;5,4;1,9;
2026/05/10;1300 UTC;,6;922,1;922,3;922,1;696,2;21;20,5;21;20,4;20,5;19,9;97;97;97;76;6,3;2,2;
2026/05/10;1400 UTC;,2;921,5;922,1;921,5;1211,6;22,1;21,5;22,4;21;21,8;20,4;97;97;97;116;5,8;1,8;
2026/05/10;1500 UTC;0;920,7;921,6;920,7;1726,9;23,7;22,3;24,1;21,4;23,2;20,8;97;92;92;95;6,7;1,8;
2026/05/10;1600 UTC;0;920,1;920,7;920,1;1534,9;23,5;21,9;24;22,3;23;21,3;96;89;91;119;5,8;1,9;
2026/05/10;1700 UTC;,6;919,6;920,1;919,6;1660,5;23,1;21,6;25;22,9;22,9;21,1;92;84;91;89;5,5;1,4;
2026/05/10;1800 UTC;0;919,7;919,7;919,4;1157,5;23,4;21,7;24,1;22,6;22,6;21,1;93;87;90;128;6,3;2,7;
2026/05/10;1900 UTC;0;919,9;919,9;919,6;592,6;21,7;20,3;23,6;21,7;22,1;20,3;92;89;92;134;8,6;2,9;
2026/05/10;2000 UTC;0;920,2;920,2;919,9;121,4;20,8;19,9;21,8;20,8;20,5;19,9;95;92;95;125;9,3;3,4;
2026/05/10;2100 UTC;0;920,9;921;920,2;1;20,6;20,1;20,8;20,6;20,1;19,8;97;95;97;138;9,3;3,1;
2026/05/10;2200 UTC;0;920,9;920,9;920,6;;20,1;19,6;20,6;20,1;20;19,6;97;97;97;155;10,5;5,2;
2026/05/10;2300 UTC;0;921;921;920,8;;19,4;18,6;20,1;19,4;19,6;18,5;97;94;95;154;10,5;4,6;
2026/05/11;0000 UTC;0;920,9;921;920,9;;19,3;18,6;19,4;19,2;18,7;18,2;96;94;96;162;8,8;4,9;
2026/05/11;0100 UTC;0;920,5;920,9;920,5;;19,1;17,6;19,4;19,1;18,8;17,5;97;90;91;172;8,7;4,1;
2026/05/11;0200 UTC;0;920,4;920,6;920,4;;19;16,8;19,3;19;17,6;16,6;91;85;87;166;9,5;4,8;
2026/05/11;0300 UTC;0;920,1;920,4;920;;18,9;16,9;19,2;18,8;16,9;16,6;88;85;88;154;8,6;4,6;
2026/05/11;0400 UTC;0;920,1;920,1;920;;18,6;17,5;18,9;18,6;17,5;16,8;93;88;93;148;9,2;3,6;
2026/05/11;0500 UTC;0;919,8;920,1;919,7;;18,8;17,8;18,9;18,6;17,9;17,5;94;93;94;158;11,2;4,9;
2026/05/11;0600 UTC;0;919,4;919,8;919,3;;18,8;17,9;18,9;18,7;18;17,8;95;94;95;164;10,2;5;
2026/05/11;0700 UTC;0;919,4;919,4;919,2;;18,7;17,9;18,8;18,6;17,9;17,7;95;94;95;167;9,6;5;
2026/05/11;0800 UTC;0;919,5;919,6;919,4;;18,8;18;18,9;18,7;18,1;17,9;95;95;95;173;9,7;4,7;
2026/05/11;0900 UTC;0;920;920;919,5;31,5;18,7;17,6;18,8;18,6;18;17,6;95;93;93;166;9,8;5;
2026/05/11;1000 UTC;0;920,4;920,4;920;319,3;19,6;17,3;19,6;18,7;17,7;17,3;93;87;87;163;9,1;5,1;
2026/05/11;1100 UTC;0;921,2;921,2;920,4;283,1;20,6;17,2;20,6;19,6;17,4;16,7;87;80;81;154;10,5;5,9;
2026/05/11;1200 UTC;0;921,7;921,7;921,2;950;22;18,9;22,1;20,6;19,2;17,1;84;79;82;158;11,2;4,9;
2026/05/11;1300 UTC;0;921,5;921,7;921,5;1512,3;23,9;19,3;24;21,7;20;18,4;84;76;76;134;10,5;2,3;
2026/05/11;1400 UTC;0;920,7;921,6;920,7;2021,3;24,3;19,9;24,5;22,9;20,1;18,2;79;71;77;181;6,4;1,8;
2026/05/11;1500 UTC;0;920;920,7;920;2040,2;24,2;19,8;25,3;23,3;20,5;18,6;78;71;76;163;7,3;2,6;
2026/05/11;1600 UTC;0;919,4;920;919,4;2106,1;24,7;19,6;25,6;23,9;20,5;19;78;70;73;127;6,3;2,1;
2026/05/11;1700 UTC;0;918,9;919,4;918,8;1705,7;24,4;19,3;26,3;24,3;21,6;19,1;77;69;73;115;7,1;1,6;
2026/05/11;1800 UTC;0;918,6;918,9;918,5;1265,4;24,2;20,3;25,2;23,9;20,8;19,1;80;73;79;148;7,8;2,9;
2026/05/11;1900 UTC;0;919,1;919,1;918,5;663,4;22,6;19,5;24,5;22,6;20,7;19;83;76;83;151;7,8;2,8;
2026/05/11;2000 UTC;0;919,7;919,7;919,1;121,4;22,1;19,6;22,8;22,1;20,1;19,3;87;82;86;143;6;1,1;
2026/05/11;2100 UTC;0;920,2;920,2;919,7;1;21,5;18,8;22,1;21,5;19,7;18,7;89;84;84;130;6,7;2,8;
2026/05/11;2200 UTC;0;920,6;920,6;920,2;;20,5;18,6;21,6;20,5;19;18,5;89;84;89;147;7,1;1,1;
2026/05/11;2300 UTC;0;921,1;921,2;920,6;;20,4;18,6;20,6;20,4;18,7;18,5;90;88;90;144;8,8;3,2;
2026/05/12;0000 UTC;0;921,7;921,7;921,1;;20,1;18,4;20,4;20,1;18,7;18,3;90;89;90;140;9,5;1,4;
2026/05/12;0100 UTC;0;921,5;921,8;921,4;;19,8;17,6;20,2;19,7;18,7;17,6;92;87;87;160;6,3;2,2;
2026/05/12;0200 UTC;0;921,2;921,6;921,2;;19,7;17,5;19,9;19,7;17,6;16,8;88;83;88;159;8,1;2,5;
2026/05/12;0300 UTC;0;920,7;921,2;920,7;;19,6;18,6;19,7;19,5;18,6;17,6;94;88;94;163;10;4,7;
2026/05/12;0400 UTC;0;920;920,7;920;;19,6;18,9;19,7;19,5;18,9;18,6;96;94;96;161;11,4;2,8;
2026/05/12;0500 UTC;0;919,8;920;919,6;;19,7;19,1;19,7;19,5;19,2;18,8;97;95;97;154;10,7;3,5;
2026/05/12;0600 UTC;0;919,5;919,8;919,5;;19,8;19,3;19,8;19,7;19,3;19,1;97;97;97;164;10,7;4;
2026/05/12;0700 UTC;0;919,6;919,7;919,4;;19,9;19,4;19,9;19,8;19,4;19,3;97;97;97;173;9,5;3;
2026/05/12;0800 UTC;0;920;920;919,6;0;19,8;19,5;19,9;19,8;19,5;19,4;98;97;98;153;7,5;2,5;
2026/05/12;0900 UTC;0;920,4;920,4;919,6;12,1;20;19,7;20,1;19,8;19,7;19,5;98;98;98;156;10,4;3,4;
2026/05/12;1000 UTC;0;920,8;920,8;920,2;100,3;20,2;19,7;20,2;20;19,7;19,6;98;97;97;157;9,3;3,4;
2026/05/12;1100 UTC;0;921,6;921,6;920,8;300,6;20,7;20;20,9;20,2;20,1;19,6;97;94;96;136;9;1,8;
2026/05/12;1200 UTC;0;921,8;921,8;921,6;296,6;20,7;20;21,2;20,6;20,3;19,7;96;94;95;157;8,8;3,7;
2026/05/12;1300 UTC;,6;921,4;921,9;921,4;532,4;20,7;20,2;21,9;20,4;20,7;19,7;97;90;97;135;9,7;2,9;
2026/05/12;1400 UTC;0;920,8;921,5;920,8;710,9;22,1;21;22,2;20,7;21,3;20,3;98;93;93;111;7,6;1,3;
2026/05/12;1500 UTC;,6;920;920,8;920;598,7;21;19,6;22,8;21;21,1;19,5;94;88;92;161;9,6;4,7;
2026/05/12;1600 UTC;1,8;919,4;920,1;919,4;648,2;19,6;18,5;21;19,6;19,8;18,4;94;92;93;146;10,8;4,9;
2026/05/12;1700 UTC;,6;918,9;919,5;918,9;453,5;19,5;18,4;20,7;19,5;19,8;18,4;94;93;94;150;10,8;3,9;
2026/05/12;1800 UTC;,2;918,7;918,9;918,6;509,3;20,3;19,2;20,5;19,2;19,5;18;94;92;93;148;12,3;2,2;
2026/05/12;1900 UTC;1;919,1;919,1;918,6;180,8;19,9;19;20,4;19,5;19,4;18,4;94;93;94;129;10,9;2,9;
2026/05/12;2000 UTC;0;919,8;919,8;919,1;46,6;19,9;19,1;20,2;19,8;19,3;19;95;94;95;107;8;1,5;
2026/05/12;2100 UTC;0;920,1;920,1;919,7;2,1;20;19,2;20,2;19,9;19,4;19,1;95;95;95;155;6,8;3,5;
2026/05/12;2200 UTC;2,8;920,8;920,9;920,1;1,6;19,1;18,3;20,1;18,7;19,3;17,8;95;94;95;133;12,7;2,4;
2026/05/12;2300 UTC;,2;921,1;921,1;920,7;,1;19,5;18,7;19,5;18,9;18,7;18,1;95;95;95;138;8,6;2,2;
2026/05/13;0000 UTC;0;921,4;921,6;921;1;19,1;18,3;19,7;19,1;18,9;18,3;95;95;95;155;12,5;4,9;
2026/05/13;0100 UTC;,4;921,5;921,7;921,3;,4;19,1;18,3;19,6;18,7;18,8;17,9;95;95;95;152;11;4;
2026/05/13;0200 UTC;,2;921,3;921,6;921,3;;19,6;18,8;19,7;19,2;18,8;18,4;95;95;95;153;11;2,3;
2026/05/13;0300 UTC;1,4;921;921,4;921;,8;19,1;18,2;19,7;18,9;18,9;18;95;95;95;130;10,5;2,2;
2026/05/13;0400 UTC;,4;920,4;921;920,4;,3;18,9;18;19,4;18,8;18,6;18;95;95;95;145;9,6;2,8;
2026/05/13;0500 UTC;0;919,7;920,4;919,7;,1;19,4;18,6;19,6;18,8;18,8;18;95;95;95;133;10;2,8;
2026/05/13;0600 UTC;,2;919,8;919,8;919,5;,5;19,5;18,7;19,6;19,4;18,8;18,6;95;95;95;154;10,9;2,3;
2026/05/13;0700 UTC;1,2;920,2;920,2;919,7;0;19,5;18,7;19,6;19,2;18,8;18,4;95;95;95;96;8,3;1,4;
2026/05/13;0800 UTC;,6;920,3;920,3;920,1;;19,2;18,4;19,5;19,1;18,8;18,3;96;95;95;83;7,8;2,1;
2026/05/13;0900 UTC;,6;921;921;920,3;6,4;19,4;18,6;19,5;19,1;18,7;18,3;96;95;95;75;7,8;2,4;
2026/05/13;1000 UTC;,6;921,8;921,8;920,9;92,8;19,6;18,8;19,6;19,3;18,9;18,6;96;95;95;103;7,2;2,5;
2026/05/13;1100 UTC;0;922,4;922,5;921,8;360,8;20,2;19,4;20,2;19,4;19,4;18,6;96;95;95;131;8,1;1,6;
2026/05/13;1200 UTC;0;923;923;922,4;584,3;20,8;19,6;20,9;19,9;19,9;19,2;96;92;93;98;7,8;1,9;
2026/05/13;1300 UTC;0;922,8;923;922,8;570,3;20,7;19,9;21,3;20,6;20,1;19,1;95;90;95;86;5,8;1,8;
2026/05/13;1400 UTC;0;922,2;922,8;922,2;1147,5;22,1;19,9;22,6;20,7;21;19,6;96;86;87;77;5,5;1,8;
2026/05/13;1500 UTC;0;921,4;922,2;921,4;1521,9;24,1;19,3;24,6;22,1;21,2;19,1;89;74;74;92;6,7;2;
2026/05/13;1600 UTC;,2;920,7;921,4;920,7;1324;23,3;18,8;24,3;22,6;20,4;17,9;80;74;76;67;6,6;2,1;
2026/05/13;1700 UTC;0;920,3;920,7;920,3;991,4;22,7;18,9;23,8;22,7;20,3;18,2;81;73;79;72;6,2;1,6;
2026/05/13;1800 UTC;0;920,2;920,3;920,1;482,6;22,4;19,3;23;22,3;19,7;18,7;83;79;83;93;5,7;1,4;
2026/05/13;1900 UTC;0;920,4;920,4;920,1;407,6;21,7;18,7;22,5;21,7;19,6;18,4;84;80;83;65;5,3;1,4;
2026/05/13;2000 UTC;0;920,5;920,5;920,4;104,2;20,5;18,8;21,7;20,5;19,3;18,7;90;83;90;138;7,1;2,4;
2026/05/13;2100 UTC;0;920,6;920,7;920,5;1,8;20,1;19,2;20,6;20,1;19,3;18,4;95;89;95;154;10;5;
2026/05/13;2200 UTC;0;921,3;921,3;920,6;;19,8;19,1;20,2;19,8;19,3;19,1;95;94;95;141;12,1;4,1;
2026/05/13;2300 UTC;0;922;922;921,3;;19,6;18,9;19,8;19,6;19,1;18,9;96;95;96;148;11,9;4,2;
2026/05/14;0000 UTC;0;922,2;922,3;921,9;;19,5;18,9;19,6;19,4;19;18,7;96;96;96;156;11,1;3,8;
2026/05/14;0100 UTC;0;922;922,2;922;;19,4;18,9;19,5;19,3;19;18,8;97;96;97;152;11,4;4,4;
2026/05/14;0200 UTC;0;921,7;922;921,7;;19,3;18,8;19,4;19,3;18,9;18,8;97;97;97;158;12,6;5,3;
2026/05/14;0300 UTC;0;921,2;921,7;921,2;;19,4;19;19,4;19,3;19;18,8;97;97;97;154;13,9;5;
2026/05/14;0400 UTC;0;920,4;921,2;920,4;;19,2;18,7;19,4;19,2;19;18,6;97;96;96;155;11,1;5,2;
2026/05/14;0500 UTC;0;919,9;920,4;919,9;;19,1;18,5;19,2;19,1;18,7;18,5;97;96;96;142;11,6;4,2;
2026/05/14;0600 UTC;0;919,7;919,9;919,7;;19,1;18,5;19,2;19,1;18,7;18,5;97;96;96;156;10,6;4,6;
2026/05/14;0700 UTC;0;919,6;919,7;919,5;;19,2;18,7;19,2;18,9;18,7;18,3;97;96;97;159;11,6;5,2;
2026/05/14;0800 UTC;0;920,3;920,3;919,6;;19,1;18,6;19,3;19,1;18,8;18,6;97;96;97;150;12,3;4,3;
2026/05/14;0900 UTC;0;921,2;921,2;920,3;22,5;19,3;18,9;19,3;19,1;18,9;18,6;97;97;97;108;10;2;
2026/05/14;1000 UTC;0;921,9;921,9;921,1;252,8;20;19,2;20,1;19,3;19,5;18,8;97;95;95;118;7,2;1,7;
2026/05/14;1100 UTC;0;922,5;922,6;921,9;654,9;20,6;18,6;21,5;20;20;18,6;96;88;89;159;7,7;3,7;
2026/05/14;1200 UTC;0;923;923;922,5;858,3;22,1;20,1;22,2;20,4;20,1;18,4;92;85;88;145;8,2;1,7;
2026/05/14;1300 UTC;0;922,9;923,1;922,8;770;22,4;20,4;22,4;21,4;20,4;19;90;84;89;87;5,7;1,4;
2026/05/14;1400 UTC;0;922,4;922,9;922,4;1692,3;23;18,9;24,4;21,6;20,8;18,7;90;75;78;79;6;1,7;
2026/05/14;1500 UTC;0;921,6;922,4;921,6;1733,1;23,8;19,4;24,9;22,2;21,2;18,7;85;72;76;127;5,3;1,8;
2026/05/14;1600 UTC;0;920,8;921,6;920,8;2312;25,3;19,7;25,7;23,8;21,5;19,1;81;69;71;103;6,4;1,6;
2026/05/14;1700 UTC;0;920,1;920,8;920,1;1512;23,3;20,9;25,3;22,8;21,4;19;86;70;86;134;7,2;2,8;
2026/05/14;1800 UTC;0;919,9;920,1;919,8;1404,3;22,4;19,4;24,8;22,4;21,5;19,4;87;78;83;149;8,8;3,6;
2026/05/14;1900 UTC;0;920,1;920,1;919,9;384,5;21,2;19,5;22,5;21,2;20;19,2;90;83;90;156;8,9;3,8;
2026/05/14;2000 UTC;0;920,3;920,3;920,1;150,4;20,4;19,2;21,4;20,4;19,6;19;93;88;93;151;9,1;4,2;
2026/05/14;2100 UTC;0;920,9;920,9;920,3;2,6;20;19;20,4;20;19,3;18,9;94;92;94;159;9,1;4,9;
2026/05/14;2200 UTC;0;921,5;921,5;920,9;;20;18,6;20;19,9;19;18,3;94;90;91;151;9,1;4,2;
2026/05/14;2300 UTC;0;922,2;922,2;921,5;;20;18,7;20;19,9;18,7;18,5;92;91;92;158;9,9;4,1;
2026/05/15;0000 UTC;0;922,5;922,5;922,2;;19,8;18,4;20;19,7;18,7;18,3;93;92;92;159;9,8;5;
2026/05/15;0100 UTC;0;922,4;922,5;922,4;;19,6;18,1;19,8;19,6;18,4;18;92;91;91;164;9,8;5;
2026/05/15;0200 UTC;0;922,3;922,5;922,3;;19,6;18,2;19,7;19,6;18,2;18;92;91;92;166;10,4;4,2;
2026/05/15;0300 UTC;0;921,8;922,3;921,8;;19,2;18,1;19,6;19,2;18,2;18,1;93;92;93;179;9,2;3,2;
2026/05/15;0400 UTC;0;921;921,8;921;;18,7;17,7;19,2;18,7;18,1;17,7;94;93;94;178;9,3;4,2;
2026/05/15;0500 UTC;;;;;;;;;;;;;;;;;;
2026/05/15;0600 UTC;0;920,2;920,5;920,1;1,6;18,2;17,1;18,4;18,2;17,2;17,1;93;93;93;175;11,5;6;
2026/05/15;0700 UTC;;;;;;;;;;;;;;;;;;
2026/05/15;0800 UTC;;;;;;;;;;;;;;;;;;
2026/05/15;0900 UTC;;;;;;;;;;;;;;;;;;
2026/05/15;1000 UTC;;;;;;;;;;;;;;;;;;
2026/05/15;1100 UTC;;;;;;;;;;;;;;;;;;
2026/05/15;1200 UTC;;;;;;;;;;;;;;;;;;
2026/05/15;1300 UTC;;;;;;;;;;;;;;;;;;
2026/05/15;1400 UTC;;;;;;;;;;;;;;;;;;
2026/05/15;1500 UTC;;;;;;;;;;;;;;;;;;
2026/05/15;1600 UTC;;;;;;;;;;;;;;;;;;
2026/05/15;1700 UTC;;;;;;;;;;;;;;;;;;
2026/05/15;1800 UTC;;;;;;;;;;;;;;;;;;
2026/05/15;1900 UTC;;;;;;;;;;;;;;;;;;
2026/05/15;2000 UTC;;;;;;;;;;;;;;;;;;
2026/05/15;2100 UTC;;;;;;;;;;;;;;;;;;
2026/05/15;2200 UTC;;;;;;;;;;;;;;;;;;
2026/05/15;2300 UTC;;;;;;;;;;;;;;;;;;
2026/05/16;0000 UTC;;;;;;;;;;;;;;;;;;
2026/05/16;0100 UTC;;;;;;;;;;;;;;;;;;
2026/05/16;0200 UTC;;;;;;;;;;;;;;;;;;
2026/05/16;0300 UTC;;;;;;;;;;;;;;;;;;
2026/05/16;0400 UTC;;;;;;;;;;;;;;;;;;
2026/05/16;0500 UTC;;;;;;;;;;;;;;;;;;
2026/05/16;0600 UTC;;;;;;;;;;;;;;;;;;
2026/05/16;0700 UTC;;;;;;;;;;;;;;;;;;
2026/05/16;0800 UTC;;;;;;;;;;;;;;;;;;
2026/05/16;0900 UTC;;;;;;;;;;;;;;;;;;
2026/05/16;1000 UTC;;;;;;;;;;;;;;;;;;
2026/05/16;1100 UTC;;;;;;;;;;;;;;;;;;
2026/05/16;1200 UTC;;;;;;;;;;;;;;;;;;
2026/05/16;1300 UTC;;;;;;;;;;;;;;;;;;
2026/05/16;1400 UTC;;;;;;;;;;;;;;;;;;
2026/05/16;1500 UTC;;;;;;;;;;;;;;;;;;
2026/05/16;1600 UTC;;;;;;;;;;;;;;;;;;
2026/05/16;1700 UTC;;;;;;;;;;;;;;;;;;
2026/05/16;1800 UTC;;;;;;;;;;;;;;;;;;
2026/05/16;1900 UTC;;;;;;;;;;;;;;;;;;
2026/05/16;2000 UTC;;;;;;;;;;;;;;;;;;
2026/05/16;2100 UTC;;;;;;;;;;;;;;;;;;
2026/05/16;2200 UTC;;;;;;;;;;;;;;;;;;
2026/05/16;2300 UTC;;;;;;;;;;;;;;;;;;
2026/05/17;0000 UTC;;;;;;;;;;;;;;;;;;
2026/05/17;0100 UTC;;;;;;;;;;;;;;;;;;
2026/05/17;0200 UTC;;;;;;;;;;;;;;;;;;
2026/05/17;0300 UTC;;;;;;;;;;;;;;;;;;
2026/05/17;0400 UTC;;;;;;;;;;;;;;;;;;
2026/05/17;0500 UTC;;;;;;;;;;;;;;;;;;
2026/05/17;0600 UTC;;;;;;;;;;;;;;;;;;
2026/05/17;0700 UTC;;;;;;;;;;;;;;;;;;
2026/05/17;0800 UTC;;;;;;;;;;;;;;;;;;
2026/05/17;0900 UTC;;;;;;;;;;;;;;;;;;
2026/05/17;1000 UTC;;;;;;;;;;;;;;;;;;
2026/05/17;1100 UTC;;;;;;;;;;;;;;;;;;
2026/05/17;1200 UTC;;;;;;;;;;;;;;;;;;
2026/05/17;1300 UTC;;;;;;;;;;;;;;;;;;
2026/05/17;1400 UTC;;;;;;;;;;;;;;;;;;
2026/05/17;1500 UTC;;;;;;;;;;;;;;;;;;
2026/05/17;1600 UTC;;;;;;;;;;;;;;;;;;
2026/05/17;1700 UTC;;;;;;;;;;;;;;;;;;
2026/05/17;1800 UTC;;;;;;;;;;;;;;;;;;
2026/05/17;1900 UTC;;;;;;;;;;;;;;;;;;
2026/05/17;2000 UTC;;;;;;;;;;;;;;;;;;
2026/05/17;2100 UTC;;;;;;;;;;;;;;;;;;
2026/05/17;2200 UTC;;;;;;;;;;;;;;;;;;
2026/05/17;2300 UTC;;;;;;;;;;;;;;;;;;
2026/05/18;0000 UTC;;;;;;;;;;;;;;;;;;
2026/05/18;0100 UTC;;;;;;;;;;;;;;;;;;
2026/05/18;0200 UTC;;;;;;;;;;;;;;;;;;
2026/05/18;0300 UTC;;;;;;;;;;;;;;;;;;
2026/05/18;0400 UTC;;;;;;;;;;;;;;;;;;
2026/05/18;0500 UTC;;;;;;;;;;;;;;;;;;
2026/05/18;0600 UTC;;;;;;;;;;;;;;;;;;
2026/05/18;0700 UTC;;;;;;;;;;;;;;;;;;
2026/05/18;0800 UTC;;;;;;;;;;;;;;;;;;
2026/05/18;0900 UTC;;;;;;;;;;;;;;;;;;
2026/05/18;1000 UTC;;;;;;;;;;;;;;;;;;
2026/05/18;1100 UTC;;;;;;;;;;;;;;;;;;
2026/05/18;1200 UTC;;;;;;;;;;;;;;;;;;
2026/05/18;1300 UTC;;;;;;;;;;;;;;;;;;
2026/05/18;1400 UTC;;;;;;;;;;;;;;;;;;
2026/05/18;1500 UTC;;;;;;;;;;;;;;;;;;
2026/05/18;1600 UTC;;;;;;;;;;;;;;;;;;
2026/05/18;1700 UTC;;;;;;;;;;;;;;;;;;
2026/05/18;1800 UTC;;;;;;;;;;;;;;;;;;
2026/05/18;1900 UTC;;;;;;;;;;;;;;;;;;
2026/05/18;2000 UTC;;;;;;;;;;;;;;;;;;
2026/05/18;2100 UTC;;;;;;;;;;;;;;;;;;
2026/05/18;2200 UTC;;;;;;;;;;;;;;;;;;
2026/05/18;2300 UTC;;;;;;;;;;;;;;;;;;
2026/05/19;0000 UTC;;;;;;;;;;;;;;;;;;
2026/05/19;0100 UTC;;;;;;;;;;;;;;;;;;
2026/05/19;0200 UTC;;;;;;;;;;;;;;;;;;
2026/05/19;0300 UTC;;;;;;;;;;;;;;;;;;
2026/05/19;0400 UTC;;;;;;;;;;;;;;;;;;
2026/05/19;0500 UTC;;;;;;;;;;;;;;;;;;
2026/05/19;0600 UTC;;;;;;;;;;;;;;;;;;
2026/05/19;0700 UTC;;;;;;;;;;;;;;;;;;
2026/05/19;0800 UTC;;;;;;;;;;;;;;;;;;
2026/05/19;0900 UTC;;;;;;;;;;;;;;;;;;
2026/05/19;1000 UTC;;;;;;;;;;;;;;;;;;
2026/05/19;1100 UTC;;;;;;;;;;;;;;;;;;
2026/05/19;1200 UTC;;;;;;;;;;;;;;;;;;
2026/05/19;1300 UTC;;;;;;;;;;;;;;;;;;
2026/05/19;1400 UTC;;;;;;;;;;;;;;;;;;
2026/05/19;1500 UTC;;;;;;;;;;;;;;;;;;
2026/05/19;1600 UTC;;;;;;;;;;;;;;;;;;
2026/05/19;1700 UTC;;;;;;;;;;;;;;;;;;
2026/05/19;1800 UTC;;;;;;;;;;;;;;;;;;
2026/05/19;1900 UTC;;;;;;;;;;;;;;;;;;
2026/05/19;2000 UTC;;;;;;;;;;;;;;;;;;
2026/05/19;2100 UTC;;;;;;;;;;;;;;;;;;
2026/05/19;2200 UTC;;;;;;;;;;;;;;;;;;
2026/05/19;2300 UTC;;;;;;;;;;;;;;;;;;
2026/05/20;0000 UTC;;;;;;;;;;;;;;;;;;
2026/05/20;0100 UTC;;;;;;;;;;;;;;;;;;
2026/05/20;0200 UTC;;;;;;;;;;;;;;;;;;
2026/05/20;0300 UTC;;;;;;;;;;;;;;;;;;
2026/05/20;0400 UTC;;;;;;;;;;;;;;;;;;
2026/05/20;0500 UTC;;;;;;;;;;;;;;;;;;
2026/05/20;0600 UTC;;;;;;;;;;;;;;;;;;
2026/05/20;0700 UTC;;;;;;;;;;;;;;;;;;
2026/05/20;0800 UTC;;;;;;;;;;;;;;;;;;
2026/05/20;0900 UTC;;;;;;;;;;;;;;;;;;
2026/05/20;1000 UTC;;;;;;;;;;;;;;;;;;
2026/05/20;1100 UTC;;;;;;;;;;;;;;;;;;
2026/05/20;1200 UTC;;;;;;;;;;;;;;;;;;
2026/05/20;1300 UTC;;;;;;;;;;;;;;;;;;
2026/05/20;1400 UTC;;;;;;;;;;;;;;;;;;
2026/05/20;1500 UTC;;;;;;;;;;;;;;;;;;
2026/05/20;1600 UTC;;;;;;;;;;;;;;;;;;
2026/05/20;1700 UTC;;;;;;;;;;;;;;;;;;
2026/05/20;1800 UTC;;;;;;;;;;;;;;;;;;
2026/05/20;1900 UTC;;;;;;;;;;;;;;;;;;
2026/05/20;2000 UTC;;;;;;;;;;;;;;;;;;
2026/05/20;2100 UTC;;;;;;;;;;;;;;;;;;
2026/05/20;2200 UTC;;;;;;;;;;;;;;;;;;
2026/05/20;2300 UTC;;;;;;;;;;;;;;;;;;
2026/05/21;0000 UTC;;;;;;;;;;;;;;;;;;
2026/05/21;0100 UTC;;;;;;;;;;;;;;;;;;
2026/05/21;0200 UTC;;;;;;;;;;;;;;;;;;
2026/05/21;0300 UTC;;;;;;;;;;;;;;;;;;
2026/05/21;0400 UTC;;;;;;;;;;;;;;;;;;
2026/05/21;0500 UTC;;;;;;;;;;;;;;;;;;
2026/05/21;0600 UTC;;;;;;;;;;;;;;;;;;
2026/05/21;0700 UTC;;;;;;;;;;;;;;;;;;
2026/05/21;0800 UTC;;;;;;;;;;;;;;;;;;
2026/05/21;0900 UTC;;;;;;;;;;;;;;;;;;
2026/05/21;1000 UTC;;;;;;;;;;;;;;;;;;
2026/05/21;1100 UTC;;;;;;;;;;;;;;;;;;
2026/05/21;1200 UTC;;;;;;;;;;;;;;;;;;
2026/05/21;1300 UTC;;;;;;;;;;;;;;;;;;
2026/05/21;1400 UTC;;;;;;;;;;;;;;;;;;
2026/05/21;1500 UTC;;;;;;;;;;;;;;;;;;
2026/05/21;1600 UTC;;;;;;;;;;;;;;;;;;
2026/05/21;1700 UTC;;;;;;;;;;;;;;;;;;
2026/05/21;1800 UTC;;;;;;;;;;;;;;;;;;
2026/05/21;1900 UTC;;;;;;;;;;;;;;;;;;
2026/05/21;2000 UTC;;;;;;;;;;;;;;;;;;
2026/05/21;2100 UTC;;;;;;;;;;;;;;;;;;
2026/05/21;2200 UTC;;;;;;;;;;;;;;;;;;
2026/05/21;2300 UTC;;;;;;;;;;;;;;;;;;
2026/05/22;0000 UTC;;;;;;;;;;;;;;;;;;
2026/05/22;0100 UTC;;;;;;;;;;;;;;;;;;
2026/05/22;0200 UTC;;;;;;;;;;;;;;;;;;
2026/05/22;0300 UTC;;;;;;;;;;;;;;;;;;
2026/05/22;0400 UTC;;;;;;;;;;;;;;;;;;
2026/05/22;0500 UTC;;;;;;;;;;;;;;;;;;
2026/05/22;0600 UTC;;;;;;;;;;;;;;;;;;
2026/05/22;0700 UTC;;;;;;;;;;;;;;;;;;
2026/05/22;0800 UTC;;;;;;;;;;;;;;;;;;
2026/05/22;0900 UTC;;;;;;;;;;;;;;;;;;
2026/05/22;1000 UTC;;;;;;;;;;;;;;;;;;
2026/05/22;1100 UTC;;;;;;;;;;;;;;;;;;
2026/05/22;1200 UTC;;;;;;;;;;;;;;;;;;
2026/05/22;1300 UTC;;;;;;;;;;;;;;;;;;
2026/05/22;1400 UTC;;;;;;;;;;;;;;;;;;
2026/05/22;1500 UTC;;;;;;;;;;;;;;;;;;
2026/05/22;1600 UTC;;;;;;;;;;;;;;;;;;
2026/05/22;1700 UTC;;;;;;;;;;;;;;;;;;
2026/05/22;1800 UTC;;;;;;;;;;;;;;;;;;
2026/05/22;1900 UTC;;;;;;;;;;;;;;;;;;
2026/05/22;2000 UTC;;;;;;;;;;;;;;;;;;
2026/05/22;2100 UTC;;;;;;;;;;;;;;;;;;
2026/05/22;2200 UTC;;;;;;;;;;;;;;;;;;
2026/05/22;2300 UTC;;;;;;;;;;;;;;;;;;
2026/05/23;0000 UTC;;;;;;;;;;;;;;;;;;
2026/05/23;0100 UTC;;;;;;;;;;;;;;;;;;
2026/05/23;0200 UTC;;;;;;;;;;;;;;;;;;
2026/05/23;0300 UTC;;;;;;;;;;;;;;;;;;
2026/05/23;0400 UTC;;;;;;;;;;;;;;;;;;
2026/05/23;0500 UTC;;;;;;;;;;;;;;;;;;
2026/05/23;0600 UTC;;;;;;;;;;;;;;;;;;
2026/05/23;0700 UTC;;;;;;;;;;;;;;;;;;
2026/05/23;0800 UTC;;;;;;;;;;;;;;;;;;
2026/05/23;0900 UTC;;;;;;;;;;;;;;;;;;
2026/05/23;1000 UTC;;;;;;;;;;;;;;;;;;
2026/05/23;1100 UTC;;;;;;;;;;;;;;;;;;
2026/05/23;1200 UTC;;;;;;;;;;;;;;;;;;
2026/05/23;1300 UTC;;;;;;;;;;;;;;;;;;
2026/05/23;1400 UTC;;;;;;;;;;;;;;;;;;
2026/05/23;1500 UTC;;;;;;;;;;;;;;;;;;
2026/05/23;1600 UTC;;;;;;;;;;;;;;;;;;
2026/05/23;1700 UTC;;;;;;;;;;;;;;;;;;
2026/05/23;1800 UTC;;;;;;;;;;;;;;;;;;
2026/05/23;1900 UTC;;;;;;;;;;;;;;;;;;
2026/05/23;2000 UTC;;;;;;;;;;;;;;;;;;
2026/05/23;2100 UTC;;;;;;;;;;;;;;;;;;
2026/05/23;2200 UTC;;;;;;;;;;;;;;;;;;
2026/05/23;2300 UTC;;;;;;;;;;;;;;;;;;
2026/05/24;0000 UTC;;;;;;;;;;;;;;;;;;
2026/05/24;0100 UTC;;;;;;;;;;;;;;;;;;
2026/05/24;0200 UTC;;;;;;;;;;;;;;;;;;
2026/05/24;0300 UTC;;;;;;;;;;;;;;;;;;
2026/05/24;0400 UTC;;;;;;;;;;;;;;;;;;
2026/05/24;0500 UTC;;;;;;;;;;;;;;;;;;
2026/05/24;0600 UTC;;;;;;;;;;;;;;;;;;
2026/05/24;0700 UTC;;;;;;;;;;;;;;;;;;
2026/05/24;0800 UTC;;;;;;;;;;;;;;;;;;
2026/05/24;0900 UTC;;;;;;;;;;;;;;;;;;
2026/05/24;1000 UTC;;;;;;;;;;;;;;;;;;
2026/05/24;1100 UTC;;;;;;;;;;;;;;;;;;
2026/05/24;1200 UTC;;;;;;;;;;;;;;;;;;
2026/05/24;1300 UTC;;;;;;;;;;;;;;;;;;
2026/05/24;1400 UTC;;;;;;;;;;;;;;;;;;
2026/05/24;1500 UTC;;;;;;;;;;;;;;;;;;
2026/05/24;1600 UTC;;;;;;;;;;;;;;;;;;
2026/05/24;1700 UTC;;;;;;;;;;;;;;;;;;
2026/05/24;1800 UTC;;;;;;;;;;;;;;;;;;
2026/05/24;1900 UTC;;;;;;;;;;;;;;;;;;
2026/05/24;2000 UTC;;;;;;;;;;;;;;;;;;
2026/05/24;2100 UTC;;;;;;;;;;;;;;;;;;
2026/05/24;2200 UTC;;;;;;;;;;;;;;;;;;
2026/05/24;2300 UTC;;;;;;;;;;;;;;;;;;
2026/05/25;0000 UTC;;;;;;;;;;;;;;;;;;
2026/05/25;0100 UTC;;;;;;;;;;;;;;;;;;
2026/05/25;0200 UTC;;;;;;;;;;;;;;;;;;
2026/05/25;0300 UTC;;;;;;;;;;;;;;;;;;
2026/05/25;0400 UTC;;;;;;;;;;;;;;;;;;
2026/05/25;0500 UTC;;;;;;;;;;;;;;;;;;
2026/05/25;0600 UTC;;;;;;;;;;;;;;;;;;
2026/05/25;0700 UTC;;;;;;;;;;;;;;;;;;
2026/05/25;0800 UTC;;;;;;;;;;;;;;;;;;
2026/05/25;0900 UTC;;;;;;;;;;;;;;;;;;
2026/05/25;1000 UTC;;;;;;;;;;;;;;;;;;
2026/05/25;1100 UTC;;;;;;;;;;;;;;;;;;
2026/05/25;1200 UTC;;;;;;;;;;;;;;;;;;
2026/05/25;1300 UTC;;;;;;;;;;;;;;;;;;
2026/05/25;1400 UTC;;;;;;;;;;;;;;;;;;
2026/05/25;1500 UTC;;;;;;;;;;;;;;;;;;
2026/05/25;1600 UTC;;;;;;;;;;;;;;;;;;
2026/05/25;1700 UTC;;;;;;;;;;;;;;;;;;
2026/05/25;1800 UTC;;;;;;;;;;;;;;;;;;
2026/05/25;1900 UTC;;;;;;;;;;;;;;;;;;
2026/05/25;2000 UTC;;;;;;;;;;;;;;;;;;
2026/05/25;2100 UTC;;;;;;;;;;;;;;;;;;
2026/05/25;2200 UTC;;;;;;;;;;;;;;;;;;
2026/05/25;2300 UTC;;;;;;;;;;;;;;;;;;
2026/05/26;0000 UTC;;;;;;;;;;;;;;;;;;
2026/05/26;0100 UTC;;;;;;;;;;;;;;;;;;
2026/05/26;0200 UTC;;;;;;;;;;;;;;;;;;
2026/05/26;0300 UTC;;;;;;;;;;;;;;;;;;
2026/05/26;0400 UTC;;;;;;;;;;;;;;;;;;
2026/05/26;0500 UTC;;;;;;;;;;;;;;;;;;
2026/05/26;0600 UTC;;;;;;;;;;;;;;;;;;
2026/05/26;0700 UTC;;;;;;;;;;;;;;;;;;
2026/05/26;0800 UTC;;;;;;;;;;;;;;;;;;
2026/05/26;0900 UTC;;;;;;;;;;;;;;;;;;
2026/05/26;1000 UTC;;;;;;;;;;;;;;;;;;
2026/05/26;1100 UTC;;;;;;;;;;;;;;;;;;
2026/05/26;1200 UTC;;;;;;;;;;;;;;;;;;
2026/05/26;1300 UTC;;;;;;;;;;;;;;;;;;
2026/05/26;1400 UTC;;;;;;;;;;;;;;;;;;
2026/05/26;1500 UTC;;;;;;;;;;;;;;;;;;
2026/05/26;1600 UTC;;;;;;;;;;;;;;;;;;
2026/05/26;1700 UTC;;;;;;;;;;;;;;;;;;
2026/05/26;1800 UTC;;;;;;;;;;;;;;;;;;
2026/05/26;1900 UTC;;;;;;;;;;;;;;;;;;
2026/05/26;2000 UTC;;;;;;;;;;;;;;;;;;
2026/05/26;2100 UTC;;;;;;;;;;;;;;;;;;
2026/05/26;2200 UTC;;;;;;;;;;;;;;;;;;
2026/05/26;2300 UTC;;;;;;;;;;;;;;;;;;
2026/05/27;0000 UTC;;;;;;;;;;;;;;;;;;
2026/05/27;0100 UTC;;;;;;;;;;;;;;;;;;
2026/05/27;0200 UTC;;;;;;;;;;;;;;;;;;
2026/05/27;0300 UTC;;;;;;;;;;;;;;;;;;
2026/05/27;0400 UTC;;;;;;;;;;;;;;;;;;
2026/05/27;0500 UTC;;;;;;;;;;;;;;;;;;
2026/05/27;0600 UTC;;;;;;;;;;;;;;;;;;
2026/05/27;0700 UTC;;;;;;;;;;;;;;;;;;
2026/05/27;0800 UTC;;;;;;;;;;;;;;;;;;
2026/05/27;0900 UTC;;;;;;;;;;;;;;;;;;
2026/05/27;1000 UTC;;;;;;;;;;;;;;;;;;
2026/05/27;1100 UTC;;;;;;;;;;;;;;;;;;
2026/05/27;1200 UTC;;;;;;;;;;;;;;;;;;
2026/05/27;1300 UTC;;;;;;;;;;;;;;;;;;
2026/05/27;1400 UTC;;;;;;;;;;;;;;;;;;
2026/05/27;1500 UTC;;;;;;;;;;;;;;;;;;
2026/05/27;1600 UTC;;;;;;;;;;;;;;;;;;
2026/05/27;1700 UTC;;;;;;;;;;;;;;;;;;
2026/05/27;1800 UTC;;;;;;;;;;;;;;;;;;
2026/05/27;1900 UTC;;;;;;;;;;;;;;;;;;
2026/05/27;2000 UTC;;;;;;;;;;;;;;;;;;
2026/05/27;2100 UTC;;;;;;;;;;;;;;;;;;
2026/05/27;2200 UTC;;;;;;;;;;;;;;;;;;
2026/05/27;2300 UTC;;;;;;;;;;;;;;;;;;
2026/05/28;0000 UTC;;;;;;;;;;;;;;;;;;
2026/05/28;0100 UTC;;;;;;;;;;;;;;;;;;
2026/05/28;0200 UTC;;;;;;;;;;;;;;;;;;
2026/05/28;0300 UTC;;;;;;;;;;;;;;;;;;
2026/05/28;0400 UTC;;;;;;;;;;;;;;;;;;
2026/05/28;0500 UTC;;;;;;;;;;;;;;;;;;
2026/05/28;0600 UTC;;;;;;;;;;;;;;;;;;
2026/05/28;0700 UTC;;;;;;;;;;;;;;;;;;
2026/05/28;0800 UTC;;;;;;;;;;;;;;;;;;
2026/05/28;0900 UTC;;;;;;;;;;;;;;;;;;
2026/05/28;1000 UTC;;;;;;;;;;;;;;;;;;
2026/05/28;1100 UTC;;;;;;;;;;;;;;;;;;
2026/05/28;1200 UTC;;;;;;;;;;;;;;;;;;
2026/05/28;1300 UTC;;;;;;;;;;;;;;;;;;
2026/05/28;1400 UTC;;;;;;;;;;;;;;;;;;
2026/05/28;1500 UTC;;;;;;;;;;;;;;;;;;
2026/05/28;1600 UTC;;;;;;;;;;;;;;;;;;
2026/05/28;1700 UTC;;;;;;;;;;;;;;;;;;
2026/05/28;1800 UTC;;;;;;;;;;;;;;;;;;
2026/05/28;1900 UTC;;;;;;;;;;;;;;;;;;
2026/05/28;2000 UTC;;;;;;;;;;;;;;;;;;
2026/05/28;2100 UTC;;;;;;;;;;;;;;;;;;
2026/05/28;2200 UTC;;;;;;;;;;;;;;;;;;
2026/05/28;2300 UTC;;;;;;;;;;;;;;;;;;
2026/05/29;0000 UTC;;;;;;;;;;;;;;;;;;
2026/05/29;0100 UTC;;;;;;;;;;;;;;;;;;
2026/05/29;0200 UTC;;;;;;;;;;;;;;;;;;
2026/05/29;0300 UTC;;;;;;;;;;;;;;;;;;
2026/05/29;0400 UTC;;;;;;;;;;;;;;;;;;
2026/05/29;0500 UTC;;;;;;;;;;;;;;;;;;
2026/05/29;0600 UTC;;;;;;;;;;;;;;;;;;
2026/05/29;0700 UTC;;;;;;;;;;;;;;;;;;
2026/05/29;0800 UTC;;;;;;;;;;;;;;;;;;
2026/05/29;0900 UTC;;;;;;;;;;;;;;;;;;
2026/05/29;1000 UTC;;;;;;;;;;;;;;;;;;
2026/05/29;1100 UTC;;;;;;;;;;;;;;;;;;
2026/05/29;1200 UTC;;;;;;;;;;;;;;;;;;
2026/05/29;1300 UTC;;;;;;;;;;;;;;;;;;
2026/05/29;1400 UTC;;;;;;;;;;;;;;;;;;
2026/05/29;1500 UTC;;;;;;;;;;;;;;;;;;
2026/05/29;1600 UTC;;;;;;;;;;;;;;;;;;
2026/05/29;1700 UTC;;;;;;;;;;;;;;;;;;
2026/05/29;1800 UTC;;;;;;;;;;;;;;;;;;
2026/05/29;1900 UTC;;;;;;;;;;;;;;;;;;
2026/05/29;2000 UTC;;;;;;;;;;;;;;;;;;
2026/05/29;2100 UTC;;;;;;;;;;;;;;;;;;
2026/05/29;2200 UTC;;;;;;;;;;;;;;;;;;
2026/05/29;2300 UTC;;;;;;;;;;;;;;;;;;
2026/05/30;0000 UTC;;;;;;;;;;;;;;;;;;
2026/05/30;0100 UTC;;;;;;;;;;;;;;;;;;
2026/05/30;0200 UTC;;;;;;;;;;;;;;;;;;
2026/05/30;0300 UTC;;;;;;;;;;;;;;;;;;
2026/05/30;0400 UTC;;;;;;;;;;;;;;;;;;
2026/05/30;0500 UTC;;;;;;;;;;;;;;;;;;
2026/05/30;0600 UTC;;;;;;;;;;;;;;;;;;
2026/05/30;0700 UTC;;;;;;;;;;;;;;;;;;
2026/05/30;0800 UTC;;;;;;;;;;;;;;;;;;
2026/05/30;0900 UTC;;;;;;;;;;;;;;;;;;
2026/05/30;1000 UTC;;;;;;;;;;;;;;;;;;
2026/05/30;1100 UTC;;;;;;;;;;;;;;;;;;
2026/05/30;1200 UTC;;;;;;;;;;;;;;;;;;
2026/05/30;1300 UTC;;;;;;;;;;;;;;;;;;
2026/05/30;1400 UTC;;;;;;;;;;;;;;;;;;
2026/05/30;1500 UTC;;;;;;;;;;;;;;;;;;
2026/05/30;1600 UTC;;;;;;;;;;;;;;;;;;
2026/05/30;1700 UTC;;;;;;;;;;;;;;;;;;
2026/05/30;1800 UTC;;;;;;;;;;;;;;;;;;
2026/05/30;1900 UTC;;;;;;;;;;;;;;;;;;
2026/05/30;2000 UTC;;;;;;;;;;;;;;;;;;
2026/05/30;2100 UTC;;;;;;;;;;;;;;;;;;
2026/05/30;2200 UTC;;;;;;;;;;;;;;;;;;
2026/05/30;2300 UTC;;;;;;;;;;;;;;;;;;
2026/05/31;0000 UTC;;;;;;;;;;;;;;;;;;
2026/05/31;0100 UTC;;;;;;;;;;;;;;;;;;
2026/05/31;0200 UTC;;;;;;;;;;;;;;;;;;
2026/05/31;0300 UTC;;;;;;;;;;;;;;;;;;
2026/05/31;0400 UTC;;;;;;;;;;;;;;;;;;
2026/05/31;0500 UTC;;;;;;;;;;;;;;;;;;
2026/05/31;0600 UTC;;;;;;;;;;;;;;;;;;
2026/05/31;0700 UTC;;;;;;;;;;;;;;;;;;
2026/05/31;0800 UTC;;;;;;;;;;;;;;;;;;
2026/05/31;0900 UTC;;;;;;;;;;;;;;;;;;
2026/05/31;1000 UTC;;;;;;;;;;;;;;;;;;
2026/05/31;1100 UTC;;;;;;;;;;;;;;;;;;
2026/05/31;1200 UTC;;;;;;;;;;;;;;;;;;
2026/05/31;1300 UTC;;;;;;;;;;;;;;;;;;
2026/05/31;1400 UTC;;;;;;;;;;;;;;;;;;
2026/05/31;1500 UTC;;;;;;;;;;;;;;;;;;
2026/05/31;1600 UTC;;;;;;;;;;;;;;;;;;
2026/05/31;1700 UTC;;;;;;;;;;;;;;;;;;
2026/05/31;1800 UTC;;;;;;;;;;;;;;;;;;
2026/05/31;1900 UTC;;;;;;;;;;;;;;;;;;
2026/05/31;2000 UTC;;;;;;;;;;;;;;;;;;
2026/05/31;2100 UTC;;;;;;;;;;;;;;;;;;
2026/05/31;2200 UTC;;;;;;;;;;;;;;;;;;
2026/05/31;2300 UTC;;;;;;;;;;;;;;;;;;
2026/06/01;0000 UTC;;;;;;;;;;;;;;;;;;
2026/06/01;0100 UTC;;;;;;;;;;;;;;;;;;
2026/06/01;0200 UTC;;;;;;;;;;;;;;;;;;
2026/06/01;0300 UTC;;;;;;;;;;;;;;;;;;
2026/06/01;0400 UTC;;;;;;;;;;;;;;;;;;
2026/06/01;0500 UTC;;;;;;;;;;;;;;;;;;
2026/06/01;0600 UTC;;;;;;;;;;;;;;;;;;
2026/06/01;0700 UTC;;;;;;;;;;;;;;;;;;
2026/06/01;0800 UTC;;;;;;;;;;;;;;;;;;
2026/06/01;0900 UTC;;;;;;;;;;;;;;;;;;
2026/06/01;1000 UTC;;;;;;;;;;;;;;;;;;
2026/06/01;1100 UTC;;;;;;;;;;;;;;;;;;
2026/06/01;1200 UTC;;;;;;;;;;;;;;;;;;
2026/06/01;1300 UTC;;;;;;;;;;;;;;;;;;
2026/06/01;1400 UTC;;;;;;;;;;;;;;;;;;
2026/06/01;1500 UTC;;;;;;;;;;;;;;;;;;
2026/06/01;1600 UTC;;;;;;;;;;;;;;;;;;
2026/06/01;1700 UTC;;;;;;;;;;;;;;;;;;
2026/06/01;1800 UTC;;;;;;;;;;;;;;;;;;
2026/06/01;1900 UTC;;;;;;;;;;;;;;;;;;
2026/06/01;2000 UTC;;;;;;;;;;;;;;;;;;
2026/06/01;2100 UTC;;;;;;;;;;;;;;;;;;
2026/06/01;2200 UTC;;;;;;;;;;;;;;;;;;
2026/06/01;2300 UTC;;;;;;;;;;;;;;;;;;
2026/06/02;0000 UTC;;;;;;;;;;;;;;;;;;
2026/06/02;0100 UTC;;;;;;;;;;;;;;;;;;
2026/06/02;0200 UTC;;;;;;;;;;;;;;;;;;
2026/06/02;0300 UTC;;;;;;;;;;;;;;;;;;
2026/06/02;0400 UTC;;;;;;;;;;;;;;;;;;
2026/06/02;0500 UTC;;;;;;;;;;;;;;;;;;
2026/06/02;0600 UTC;;;;;;;;;;;;;;;;;;
2026/06/02;0700 UTC;;;;;;;;;;;;;;;;;;
2026/06/02;0800 UTC;;;;;;;;;;;;;;;;;;
2026/06/02;0900 UTC;;;;;;;;;;;;;;;;;;
2026/06/02;1000 UTC;;;;;;;;;;;;;;;;;;
2026/06/02;1100 UTC;;;;;;;;;;;;;;;;;;
2026/06/02;1200 UTC;;;;;;;;;;;;;;;;;;
2026/06/02;1300 UTC;;;;;;;;;;;;;;;;;;
2026/06/02;1400 UTC;;;;;;;;;;;;;;;;;;
2026/06/02;1500 UTC;;;;;;;;;;;;;;;;;;
2026/06/02;1600 UTC;;;;;;;;;;;;;;;;;;
2026/06/02;1700 UTC;;;;;;;;;;;;;;;;;;
2026/06/02;1800 UTC;;;;;;;;;;;;;;;;;;
2026/06/02;1900 UTC;;;;;;;;;;;;;;;;;;
2026/06/02;2000 UTC;;;;;;;;;;;;;;;;;;
2026/06/02;2100 UTC;;;;;;;;;;;;;;;;;;
2026/06/02;2200 UTC;;;;;;;;;;;;;;;;;;
2026/06/02;2300 UTC;;;;;;;;;;;;;;;;;;
2026/06/03;0000 UTC;;;;;;;;;;;;;;;;;;
2026/06/03;0100 UTC;;;;;;;;;;;;;;;;;;
2026/06/03;0200 UTC;;;;;;;;;;;;;;;;;;
2026/06/03;0300 UTC;;;;;;;;;;;;;;;;;;
2026/06/03;0400 UTC;;;;;;;;;;;;;;;;;;
2026/06/03;0500 UTC;;;;;;;;;;;;;;;;;;
2026/06/03;0600 UTC;;;;;;;;;;;;;;;;;;
2026/06/03;0700 UTC;;;;;;;;;;;;;;;;;;
2026/06/03;0800 UTC;;;;;;;;;;;;;;;;;;
2026/06/03;0900 UTC;;;;;;;;;;;;;;;;;;
2026/06/03;1000 UTC;;;;;;;;;;;;;;;;;;
2026/06/03;1100 UTC;;;;;;;;;;;;;;;;;;
2026/06/03;1200 UTC;;;;;;;;;;;;;;;;;;
2026/06/03;1300 UTC;;;;;;;;;;;;;;;;;;
2026/06/03;1400 UTC;;;;;;;;;;;;;;;;;;
2026/06/03;1500 UTC;;;;;;;;;;;;;;;;;;
2026/06/03;1600 UTC;;;;;;;;;;;;;;;;;;
2026/06/03;1700 UTC;;;;;;;;;;;;;;;;;;
2026/06/03;1800 UTC;;;;;;;;;;;;;;;;;;
2026/06/03;1900 UTC;;;;;;;;;;;;;;;;;;
2026/06/03;2000 UTC;;;;;;;;;;;;;;;;;;
2026/06/03;2100 UTC;;;;;;;;;;;;;;;;;;
2026/06/03;2200 UTC;;;;;;;;;;;;;;;;;;
2026/06/03;2300 UTC;;;;;;;;;;;;;;;;;;
2026/06/04;0000 UTC;;;;;;;;;;;;;;;;;;
2026/06/04;0100 UTC;;;;;;;;;;;;;;;;;;
2026/06/04;0200 UTC;;;;;;;;;;;;;;;;;;
2026/06/04;0300 UTC;;;;;;;;;;;;;;;;;;
2026/06/04;0400 UTC;;;;;;;;;;;;;;;;;;
2026/06/04;0500 UTC;;;;;;;;;;;;;;;;;;
2026/06/04;0600 UTC;;;;;;;;;;;;;;;;;;
2026/06/04;0700 UTC;;;;;;;;;;;;;;;;;;
2026/06/04;0800 UTC;;;;;;;;;;;;;;;;;;
2026/06/04;0900 UTC;;;;;;;;;;;;;;;;;;
2026/06/04;1000 UTC;;;;;;;;;;;;;;;;;;
2026/06/04;1100 UTC;;;;;;;;;;;;;;;;;;
2026/06/04;1200 UTC;;;;;;;;;;;;;;;;;;
2026/06/04;1300 UTC;;;;;;;;;;;;;;;;;;
2026/06/04;1400 UTC;;;;;;;;;;;;;;;;;;
2026/06/04;1500 UTC;;;;;;;;;;;;;;;;;;
2026/06/04;1600 UTC;;;;;;;;;;;;;;;;;;
2026/06/04;1700 UTC;;;;;;;;;;;;;;;;;;
2026/06/04;1800 UTC;;;;;;;;;;;;;;;;;;
2026/06/04;1900 UTC;;;;;;;;;;;;;;;;;;
2026/06/04;2000 UTC;;;;;;;;;;;;;;;;;;
2026/06/04;2100 UTC;;;;;;;;;;;;;;;;;;
2026/06/04;2200 UTC;;;;;;;;;;;;;;;;;;
2026/06/04;2300 UTC;;;;;;;;;;;;;;;;;;
2026/06/05;0000 UTC;;;;;;;;;;;;;;;;;;
2026/06/05;0100 UTC;;;;;;;;;;;;;;;;;;
2026/06/05;0200 UTC;;;;;;;;;;;;;;;;;;
2026/06/05;0300 UTC;;;;;;;;;;;;;;;;;;
2026/06/05;0400 UTC;;;;;;;;;;;;;;;;;;
2026/06/05;0500 UTC;;;;;;;;;;;;;;;;;;
2026/06/05;0600 UTC;;;;;;;;;;;;;;;;;;
2026/06/05;0700 UTC;;;;;;;;;;;;;;;;;;
2026/06/05;0800 UTC;;;;;;;;;;;;;;;;;;
2026/06/05;0900 UTC;;;;;;;;;;;;;;;;;;
2026/06/05;1000 UTC;;;;;;;;;;;;;;;;;;
2026/06/05;1100 UTC;;;;;;;;;;;;;;;;;;
2026/06/05;1200 UTC;;;;;;;;;;;;;;;;;;
2026/06/05;1300 UTC;;;;;;;;;;;;;;;;;;
2026/06/05;1400 UTC;;;;;;;;;;;;;;;;;;
2026/06/05;1500 UTC;;;;;;;;;;;;;;;;;;
2026/06/05;1600 UTC;;;;;;;;;;;;;;;;;;
2026/06/05;1700 UTC;;;;;;;;;;;;;;;;;;
2026/06/05;1800 UTC;;;;;;;;;;;;;;;;;;
2026/06/05;1900 UTC;;;;;;;;;;;;;;;;;;
2026/06/05;2000 UTC;;;;;;;;;;;;;;;;;;
2026/06/05;2100 UTC;;;;;;;;;;;;;;;;;;
2026/06/05;2200 UTC;;;;;;;;;;;;;;;;;;
2026/06/05;2300 UTC;;;;;;;;;;;;;;;;;;
2026/06/06;0000 UTC;;;;;;;;;;;;;;;;;;
2026/06/06;0100 UTC;;;;;;;;;;;;;;;;;;
2026/06/06;0200 UTC;;;;;;;;;;;;;;;;;;
2026/06/06;0300 UTC;;;;;;;;;;;;;;;;;;
2026/06/06;0400 UTC;;;;;;;;;;;;;;;;;;
2026/06/06;0500 UTC;;;;;;;;;;;;;;;;;;
2026/06/06;0600 UTC;;;;;;;;;;;;;;;;;;
2026/06/06;0700 UTC;;;;;;;;;;;;;;;;;;
2026/06/06;0800 UTC;;;;;;;;;;;;;;;;;;
2026/06/06;0900 UTC;;;;;;;;;;;;;;;;;;
2026/06/06;1000 UTC;;;;;;;;;;;;;;;;;;
2026/06/06;1100 UTC;;;;;;;;;;;;;;;;;;
2026/06/06;1200 UTC;;;;;;;;;;;;;;;;;;
2026/06/06;1300 UTC;;;;;;;;;;;;;;;;;;
2026/06/06;1400 UTC;;;;;;;;;;;;;;;;;;
2026/06/06;1500 UTC;;;;;;;;;;;;;;;;;;
2026/06/06;1600 UTC;;;;;;;;;;;;;;;;;;
2026/06/06;1700 UTC;;;;;;;;;;;;;;;;;;
2026/06/06;1800 UTC;;;;;;;;;;;;;;;;;;
2026/06/06;1900 UTC;;;;;;;;;;;;;;;;;;
2026/06/06;2000 UTC;;;;;;;;;;;;;;;;;;
2026/06/06;2100 UTC;;;;;;;;;;;;;;;;;;
2026/06/06;2200 UTC;;;;;;;;;;;;;;;;;;
2026/06/06;2300 UTC;;;;;;;;;;;;;;;;;;
2026/06/07;0000 UTC;;;;;;;;;;;;;;;;;;
2026/06/07;0100 UTC;;;;;;;;;;;;;;;;;;
2026/06/07;0200 UTC;;;;;;;;;;;;;;;;;;
2026/06/07;0300 UTC;;;;;;;;;;;;;;;;;;
2026/06/07;0400 UTC;;;;;;;;;;;;;;;;;;
2026/06/07;0500 UTC;;;;;;;;;;;;;;;;;;
2026/06/07;0600 UTC;;;;;;;;;;;;;;;;;;
2026/06/07;0700 UTC;;;;;;;;;;;;;;;;;;
2026/06/07;0800 UTC;;;;;;;;;;;;;;;;;;
2026/06/07;0900 UTC;;;;;;;;;;;;;;;;;;
2026/06/07;1000 UTC;;;;;;;;;;;;;;;;;;
2026/06/07;1100 UTC;;;;;;;;;;;;;;;;;;
2026/06/07;1200 UTC;;;;;;;;;;;;;;;;;;
2026/06/07;1300 UTC;;;;;;;;;;;;;;;;;;
2026/06/07;1400 UTC;;;;;;;;;;;;;;;;;;
2026/06/07;1500 UTC;;;;;;;;;;;;;;;;;;
2026/06/07;1600 UTC;;;;;;;;;;;;;;;;;;
2026/06/07;1700 UTC;;;;;;;;;;;;;;;;;;
2026/06/07;1800 UTC;;;;;;;;;;;;;;;;;;
2026/06/07;1900 UTC;;;;;;;;;;;;;;;;;;
2026/06/07;2000 UTC;;;;;;;;;;;;;;;;;;
2026/06/07;2100 UTC;;;;;;;;;;;;;;;;;;
2026/06/07;2200 UTC;;;;;;;;;;;;;;;;;;
2026/06/07;2300 UTC;;;;;;;;;;;;;;;;;;
2026/06/08;0000 UTC;;;;;;;;;;;;;;;;;;
2026/06/08;0100 UTC;;;;;;;;;;;;;;;;;;
2026/06/08;0200 UTC;;;;;;;;;;;;;;;;;;
2026/06/08;0300 UTC;;;;;;;;;;;;;;;;;;
2026/06/08;0400 UTC;;;;;;;;;;;;;;;;;;
2026/06/08;0500 UTC;;;;;;;;;;;;;;;;;;
2026/06/08;0600 UTC;;;;;;;;;;;;;;;;;;
2026/06/08;0700 UTC;;;;;;;;;;;;;;;;;;
2026/06/08;0800 UTC;;;;;;;;;;;;;;;;;;
2026/06/08;0900 UTC;;;;;;;;;;;;;;;;;;
2026/06/08;1000 UTC;;;;;;;;;;;;;;;;;;
2026/06/08;1100 UTC;;;;;;;;;;;;;;;;;;
2026/06/08;1200 UTC;;;;;;;;;;;;;;;;;;
2026/06/08;1300 UTC;;;;;;;;;;;;;;;;;;
2026/06/08;1400 UTC;;;;;;;;;;;;;;;;;;
2026/06/08;1500 UTC;;;;;;;;;;;;;;;;;;
2026/06/08;1600 UTC;;;;;;;;;;;;;;;;;;
2026/06/08;1700 UTC;;;;;;;;;;;;;;;;;;
2026/06/08;1800 UTC;;;;;;;;;;;;;;;;;;
2026/06/08;1900 UTC;;;;;;;;;;;;;;;;;;
2026/06/08;2000 UTC;;;;;;;;;;;;;;;;;;
2026/06/08;2100 UTC;;;;;;;;;;;;;;;;;;
2026/06/08;2200 UTC;;;;;;;;;;;;;;;;;;
2026/06/08;2300 UTC;;;;;;;;;;;;;;;;;;
2026/06/09;0000 UTC;;;;;;;;;;;;;;;;;;
2026/06/09;0100 UTC;;;;;;;;;;;;;;;;;;
2026/06/09;0200 UTC;;;;;;;;;;;;;;;;;;
2026/06/09;0300 UTC;;;;;;;;;;;;;;;;;;
2026/06/09;0400 UTC;;;;;;;;;;;;;;;;;;
2026/06/09;0500 UTC;;;;;;;;;;;;;;;;;;
2026/06/09;0600 UTC;;;;;;;;;;;;;;;;;;
2026/06/09;0700 UTC;;;;;;;;;;;;;;;;;;
2026/06/09;0800 UTC;;;;;;;;;;;;;;;;;;
2026/06/09;0900 UTC;;;;;;;;;;;;;;;;;;
2026/06/09;1000 UTC;;;;;;;;;;;;;;;;;;
2026/06/09;1100 UTC;;;;;;;;;;;;;;;;;;
2026/06/09;1200 UTC;;;;;;;;;;;;;;;;;;
2026/06/09;1300 UTC;;;;;;;;;;;;;;;;;;
2026/06/09;1400 UTC;;;;;;;;;;;;;;;;;;
2026/06/09;1500 UTC;;;;;;;;;;;;;;;;;;
2026/06/09;1600 UTC;;;;;;;;;;;;;;;;;;
2026/06/09;1700 UTC;;;;;;;;;;;;;;;;;;
2026/06/09;1800 UTC;;;;;;;;;;;;;;;;;;
2026/06/09;1900 UTC;;;;;;;;;;;;;;;;;;
2026/06/09;2000 UTC;;;;;;;;;;;;;;;;;;
2026/06/09;2100 UTC;;;;;;;;;;;;;;;;;;
2026/06/09;2200 UTC;;;;;;;;;;;;;;;;;;
2026/06/09;2300 UTC;;;;;;;;;;;;;;;;;;
2026/06/10;0000 UTC;;;;;;;;;;;;;;;;;;
2026/06/10;0100 UTC;;;;;;;;;;;;;;;;;;
2026/06/10;0200 UTC;;;;;;;;;;;;;;;;;;
2026/06/10;0300 UTC;;;;;;;;;;;;;;;;;;
2026/06/10;0400 UTC;;;;;;;;;;;;;;;;;;
2026/06/10;0500 UTC;;;;;;;;;;;;;;;;;;
2026/06/10;0600 UTC;;;;;;;;;;;;;;;;;;
2026/06/10;0700 UTC;;;;;;;;;;;;;;;;;;
2026/06/10;0800 UTC;;;;;;;;;;;;;;;;;;
2026/06/10;0900 UTC;;;;;;;;;;;;;;;;;;
2026/06/10;1000 UTC;;;;;;;;;;;;;;;;;;
2026/06/10;1100 UTC;;;;;;;;;;;;;;;;;;
2026/06/10;1200 UTC;;;;;;;;;;;;;;;;;;
2026/06/10;1300 UTC;;;;;;;;;;;;;;;;;;
2026/06/10;1400 UTC;;;;;;;;;;;;;;;;;;
2026/06/10;1500 UTC;;;;;;;;;;;;;;;;;;
2026/06/10;1600 UTC;;;;;;;;;;;;;;;;;;
2026/06/10;1700 UTC;;;;;;;;;;;;;;;;;;
2026/06/10;1800 UTC;;;;;;;;;;;;;;;;;;
2026/06/10;1900 UTC;;;;;;;;;;;;;;;;;;
2026/06/10;2000 UTC;;;;;;;;;;;;;;;;;;
2026/06/10;2100 UTC;;;;;;;;;;;;;;;;;;
2026/06/10;2200 UTC;;;;;;;;;;;;;;;;;;
2026/06/10;2300 UTC;;;;;;;;;;;;;;;;;;
2026/06/11;0000 UTC;;;;;;;;;;;;;;;;;;
2026/06/11;0100 UTC;;;;;;;;;;;;;;;;;;
2026/06/11;0200 UTC;;;;;;;;;;;;;;;;;;
2026/06/11;0300 UTC;;;;;;;;;;;;;;;;;;
2026/06/11;0400 UTC;;;;;;;;;;;;;;;;;;
2026/06/11;0500 UTC;;;;;;;;;;;;;;;;;;
2026/06/11;0600 UTC;;;;;;;;;;;;;;;;;;
2026/06/11;0700 UTC;;;;;;;;;;;;;;;;;;
2026/06/11;0800 UTC;;;;;;;;;;;;;;;;;;
2026/06/11;0900 UTC;;;;;;;;;;;;;;;;;;
2026/06/11;1000 UTC;;;;;;;;;;;;;;;;;;
2026/06/11;1100 UTC;;;;;;;;;;;;;;;;;;
2026/06/11;1200 UTC;;;;;;;;;;;;;;;;;;
2026/06/11;1300 UTC;;;;;;;;;;;;;;;;;;
2026/06/11;1400 UTC;;;;;;;;;;;;;;;;;;
2026/06/11;1500 UTC;;;;;;;;;;;;;;;;;;
2026/06/11;1600 UTC;;;;;;;;;;;;;;;;;;
2026/06/11;1700 UTC;;;;;;;;;;;;;;;;;;
2026/06/11;1800 UTC;;;;;;;;;;;;;;;;;;
2026/06/11;1900 UTC;;;;;;;;;;;;;;;;;;
2026/06/11;2000 UTC;;;;;;;;;;;;;;;;;;
2026/06/11;2100 UTC;;;;;;;;;;;;;;;;;;
2026/06/11;2200 UTC;;;;;;;;;;;;;;;;;;
2026/06/11;2300 UTC;;;;;;;;;;;;;;;;;;
2026/06/12;0000 UTC;;;;;;;;;;;;;;;;;;
2026/06/12;0100 UTC;;;;;;;;;;;;;;;;;;
2026/06/12;0200 UTC;;;;;;;;;;;;;;;;;;
2026/06/12;0300 UTC;;;;;;;;;;;;;;;;;;
2026/06/12;0400 UTC;;;;;;;;;;;;;;;;;;
2026/06/12;0500 UTC;;;;;;;;;;;;;;;;;;
2026/06/12;0600 UTC;;;;;;;;;;;;;;;;;;
2026/06/12;0700 UTC;;;;;;;;;;;;;;;;;;
2026/06/12;0800 UTC;;;;;;;;;;;;;;;;;;
2026/06/12;0900 UTC;;;;;;;;;;;;;;;;;;
2026/06/12;1000 UTC;;;;;;;;;;;;;;;;;;
2026/06/12;1100 UTC;;;;;;;;;;;;;;;;;;
2026/06/12;1200 UTC;;;;;;;;;;;;;;;;;;
2026/06/12;1300 UTC;;;;;;;;;;;;;;;;;;
2026/06/12;1400 UTC;;;;;;;;;;;;;;;;;;
2026/06/12;1500 UTC;;;;;;;;;;;;;;;;;;
2026/06/12;1600 UTC;;;;;;;;;;;;;;;;;;
2026/06/12;1700 UTC;;;;;;;;;;;;;;;;;;
2026/06/12;1800 UTC;;;;;;;;;;;;;;;;;;
2026/06/12;1900 UTC;;;;;;;;;;;;;;;;;;
2026/06/12;2000 UTC;;;;;;;;;;;;;;;;;;
2026/06/12;2100 UTC;;;;;;;;;;;;;;;;;;
2026/06/12;2200 UTC;;;;;;;;;;;;;;;;;;
2026/06/12;2300 UTC;;;;;;;;;;;;;;;;;;
2026/06/13;0000 UTC;;;;;;;;;;;;;;;;;;
2026/06/13;0100 UTC;;;;;;;;;;;;;;;;;;
2026/06/13;0200 UTC;;;;;;;;;;;;;;;;;;
2026/06/13;0300 UTC;;;;;;;;;;;;;;;;;;
2026/06/13;0400 UTC;;;;;;;;;;;;;;;;;;
2026/06/13;0500 UTC;;;;;;;;;;;;;;;;;;
2026/06/13;0600 UTC;;;;;;;;;;;;;;;;;;
2026/06/13;0700 UTC;;;;;;;;;;;;;;;;;;
2026/06/13;0800 UTC;;;;;;;;;;;;;;;;;;
2026/06/13;0900 UTC;;;;;;;;;;;;;;;;;;
2026/06/13;1000 UTC;;;;;;;;;;;;;;;;;;
2026/06/13;1100 UTC;;;;;;;;;;;;;;;;;;
2026/06/13;1200 UTC;;;;;;;;;;;;;;;;;;
2026/06/13;1300 UTC;;;;;;;;;;;;;;;;;;
2026/06/13;1400 UTC;;;;;;;;;;;;;;;;;;
2026/06/13;1500 UTC;;;;;;;;;;;;;;;;;;
2026/06/13;1600 UTC;;;;;;;;;;;;;;;;;;
2026/06/13;1700 UTC;;;;;;;;;;;;;;;;;;
2026/06/13;1800 UTC;;;;;;;;;;;;;;;;;;
2026/06/13;1900 UTC;;;;;;;;;;;;;;;;;;
2026/06/13;2000 UTC;;;;;;;;;;;;;;;;;;
2026/06/13;2100 UTC;;;;;;;;;;;;;;;;;;
2026/06/13;2200 UTC;;;;;;;;;;;;;;;;;;
2026/06/13;2300 UTC;;;;;;;;;;;;;;;;;;
2026/06/14;0000 UTC;;;;;;;;;;;;;;;;;;
2026/06/14;0100 UTC;;;;;;;;;;;;;;;;;;
2026/06/14;0200 UTC;;;;;;;;;;;;;;;;;;
2026/06/14;0300 UTC;;;;;;;;;;;;;;;;;;
2026/06/14;0400 UTC;;;;;;;;;;;;;;;;;;
2026/06/14;0500 UTC;;;;;;;;;;;;;;;;;;
2026/06/14;0600 UTC;;;;;;;;;;;;;;;;;;
2026/06/14;0700 UTC;;;;;;;;;;;;;;;;;;
2026/06/14;0800 UTC;;;;;;;;;;;;;;;;;;
2026/06/14;0900 UTC;;;;;;;;;;;;;;;;;;
2026/06/14;1000 UTC;;;;;;;;;;;;;;;;;;
2026/06/14;1100 UTC;;;;;;;;;;;;;;;;;;
2026/06/14;1200 UTC;;;;;;;;;;;;;;;;;;
2026/06/14;1300 UTC;;;;;;;;;;;;;;;;;;
2026/06/14;1400 UTC;;;;;;;;;;;;;;;;;;
2026/06/14;1500 UTC;;;;;;;;;;;;;;;;;;
2026/06/14;1600 UTC;;;;;;;;;;;;;;;;;;
2026/06/14;1700 UTC;;;;;;;;;;;;;;;;;;
2026/06/14;1800 UTC;;;;;;;;;;;;;;;;;;
2026/06/14;1900 UTC;;;;;;;;;;;;;;;;;;
2026/06/14;2000 UTC;;;;;;;;;;;;;;;;;;
2026/06/14;2100 UTC;;;;;;;;;;;;;;;;;;
2026/06/14;2200 UTC;;;;;;;;;;;;;;;;;;
2026/06/14;2300 UTC;;;;;;;;;;;;;;;;;;
2026/06/15;0000 UTC;;;;;;;;;;;;;;;;;;
2026/06/15;0100 UTC;;;;;;;;;;;;;;;;;;
2026/06/15;0200 UTC;;;;;;;;;;;;;;;;;;
2026/06/15;0300 UTC;;;;;;;;;;;;;;;;;;
2026/06/15;0400 UTC;;;;;;;;;;;;;;;;;;
2026/06/15;0500 UTC;;;;;;;;;;;;;;;;;;
2026/06/15;0600 UTC;;;;;;;;;;;;;;;;;;
2026/06/15;0700 UTC;;;;;;;;;;;;;;;;;;
2026/06/15;0800 UTC;;;;;;;;;;;;;;;;;;
2026/06/15;0900 UTC;;;;;;;;;;;;;;;;;;
2026/06/15;1000 UTC;;;;;;;;;;;;;;;;;;
2026/06/15;1100 UTC;;;;;;;;;;;;;;;;;;
2026/06/15;1200 UTC;;;;;;;;;;;;;;;;;;
2026/06/15;1300 UTC;;;;;;;;;;;;;;;;;;
2026/06/15;1400 UTC;;;;;;;;;;;;;;;;;;
2026/06/15;1500 UTC;;;;;;;;;;;;;;;;;;
2026/06/15;1600 UTC;;;;;;;;;;;;;;;;;;
2026/06/15;1700 UTC;;;;;;;;;;;;;;;;;;
2026/06/15;1800 UTC;;;;;;;;;;;;;;;;;;
2026/06/15;1900 UTC;;;;;;;;;;;;;;;;;;
2026/06/15;2000 UTC;;;;;;;;;;;;;;;;;;
2026/06/15;2100 UTC;;;;;;;;;;;;;;;;;;
2026/06/15;2200 UTC;;;;;;;;;;;;;;;;;;
2026/06/15;2300 UTC;;;;;;;;;;;;;;;;;;
2026/06/16;0000 UTC;;;;;;;;;;;;;;;;;;
2026/06/16;0100 UTC;;;;;;;;;;;;;;;;;;
2026/06/16;0200 UTC;;;;;;;;;;;;;;;;;;
2026/06/16;0300 UTC;;;;;;;;;;;;;;;;;;
2026/06/16;0400 UTC;;;;;;;;;;;;;;;;;;
2026/06/16;0500 UTC;;;;;;;;;;;;;;;;;;
2026/06/16;0600 UTC;;;;;;;;;;;;;;;;;;
2026/06/16;0700 UTC;;;;;;;;;;;;;;;;;;
2026/06/16;0800 UTC;;;;;;;;;;;;;;;;;;
2026/06/16;0900 UTC;;;;;;;;;;;;;;;;;;
2026/06/16;1000 UTC;;;;;;;;;;;;;;;;;;
2026/06/16;1100 UTC;;;;;;;;;;;;;;;;;;
2026/06/16;1200 UTC;;;;;;;;;;;;;;;;;;
2026/06/16;1300 UTC;;;;;;;;;;;;;;;;;;
2026/06/16;1400 UTC;;;;;;;;;;;;;;;;;;
2026/06/16;1500 UTC;;;;;;;;;;;;;;;;;;
2026/06/16;1600 UTC;;;;;;;;;;;;;;;;;;
2026/06/16;1700 UTC;;;;;;;;;;;;;;;;;;
2026/06/16;1800 UTC;;;;;;;;;;;;;;;;;;
2026/06/16;1900 UTC;;;;;;;;;;;;;;;;;;
2026/06/16;2000 UTC;;;;;;;;;;;;;;;;;;
2026/06/16;2100 UTC;;;;;;;;;;;;;;;;;;
2026/06/16;2200 UTC;;;;;;;;;;;;;;;;;;
2026/06/16;2300 UTC;;;;;;;;;;;;;;;;;;
2026/06/17;0000 UTC;;;;;;;;;;;;;;;;;;
2026/06/17;0100 UTC;;;;;;;;;;;;;;;;;;
2026/06/17;0200 UTC;;;;;;;;;;;;;;;;;;
2026/06/17;0300 UTC;;;;;;;;;;;;;;;;;;
2026/06/17;0400 UTC;;;;;;;;;;;;;;;;;;
2026/06/17;0500 UTC;;;;;;;;;;;;;;;;;;
2026/06/17;0600 UTC;;;;;;;;;;;;;;;;;;
2026/06/17;0700 UTC;;;;;;;;;;;;;;;;;;
2026/06/17;0800 UTC;;;;;;;;;;;;;;;;;;
2026/06/17;0900 UTC;;;;;;;;;;;;;;;;;;
2026/06/17;1000 UTC;;;;;;;;;;;;;;;;;;
2026/06/17;1100 UTC;;;;;;;;;;;;;;;;;;
2026/06/17;1200 UTC;;;;;;;;;;;;;;;;;;
2026/06/17;1300 UTC;;;;;;;;;;;;;;;;;;
2026/06/17;1400 UTC;;;;;;;;;;;;;;;;;;
2026/06/17;1500 UTC;;;;;;;;;;;;;;;;;;
2026/06/17;1600 UTC;;;;;;;;;;;;;;;;;;
2026/06/17;1700 UTC;;;;;;;;;;;;;;;;;;
2026/06/17;1800 UTC;;;;;;;;;;;;;;;;;;
2026/06/17;1900 UTC;;;;;;;;;;;;;;;;;;
2026/06/17;2000 UTC;;;;;;;;;;;;;;;;;;
2026/06/17;2100 UTC;;;;;;;;;;;;;;;;;;
2026/06/17;2200 UTC;;;;;;;;;;;;;;;;;;
2026/06/17;2300 UTC;;;;;;;;;;;;;;;;;;
2026/06/18;0000 UTC;;;;;;;;;;;;;;;;;;
2026/06/18;0100 UTC;;;;;;;;;;;;;;;;;;
2026/06/18;0200 UTC;;;;;;;;;;;;;;;;;;
2026/06/18;0300 UTC;;;;;;;;;;;;;;;;;;
2026/06/18;0400 UTC;;;;;;;;;;;;;;;;;;
2026/06/18;0500 UTC;;;;;;;;;;;;;;;;;;
2026/06/18;0600 UTC;;;;;;;;;;;;;;;;;;
2026/06/18;0700 UTC;;;;;;;;;;;;;;;;;;
2026/06/18;0800 UTC;;;;;;;;;;;;;;;;;;
2026/06/18;0900 UTC;;;;;;;;;;;;;;;;;;
2026/06/18;1000 UTC;;;;;;;;;;;;;;;;;;
2026/06/18;1100 UTC;;;;;;;;;;;;;;;;;;
2026/06/18;1200 UTC;;;;;;;;;;;;;;;;;;
2026/06/18;1300 UTC;;;;;;;;;;;;;;;;;;
2026/06/18;1400 UTC;;;;;;;;;;;;;;;;;;
2026/06/18;1500 UTC;;;;;;;;;;;;;;;;;;
2026/06/18;1600 UTC;;;;;;;;;;;;;;;;;;
2026/06/18;1700 UTC;;;;;;;;;;;;;;;;;;
2026/06/18;1800 UTC;;;;;;;;;;;;;;;;;;
2026/06/18;1900 UTC;;;;;;;;;;;;;;;;;;
2026/06/18;2000 UTC;;;;;;;;;;;;;;;;;;
2026/06/18;2100 UTC;;;;;;;;;;;;;;;;;;
2026/06/18;2200 UTC;;;;;;;;;;;;;;;;;;
2026/06/18;2300 UTC;;;;;;;;;;;;;;;;;;
2026/06/19;0000 UTC;;;;;;;;;;;;;;;;;;
2026/06/19;0100 UTC;;;;;;;;;;;;;;;;;;
2026/06/19;0200 UTC;;;;;;;;;;;;;;;;;;
2026/06/19;0300 UTC;;;;;;;;;;;;;;;;;;
2026/06/19;0400 UTC;;;;;;;;;;;;;;;;;;
2026/06/19;0500 UTC;;;;;;;;;;;;;;;;;;
2026/06/19;0600 UTC;;;;;;;;;;;;;;;;;;
2026/06/19;0700 UTC;;;;;;;;;;;;;;;;;;
2026/06/19;0800 UTC;;;;;;;;;;;;;;;;;;
2026/06/19;0900 UTC;;;;;;;;;;;;;;;;;;
2026/06/19;1000 UTC;;;;;;;;;;;;;;;;;;
2026/06/19;1100 UTC;;;;;;;;;;;;;;;;;;
2026/06/19;1200 UTC;;;;;;;;;;;;;;;;;;
2026/06/19;1300 UTC;;;;;;;;;;;;;;;;;;
2026/06/19;1400 UTC;;;;;;;;;;;;;;;;;;
2026/06/19;1500 UTC;;;;;;;;;;;;;;;;;;
2026/06/19;1600 UTC;;;;;;;;;;;;;;;;;;
2026/06/19;1700 UTC;;;;;;;;;;;;;;;;;;
2026/06/19;1800 UTC;;;;;;;;;;;;;;;;;;
2026/06/19;1900 UTC;;;;;;;;;;;;;;;;;;
2026/06/19;2000 UTC;;;;;;;;;;;;;;;;;;
2026/06/19;2100 UTC;;;;;;;;;;;;;;;;;;
2026/06/19;2200 UTC;;;;;;;;;;;;;;;;;;
2026/06/19;2300 UTC;;;;;;;;;;;;;;;;;;
2026/06/20;0000 UTC;;;;;;;;;;;;;;;;;;
2026/06/20;0100 UTC;;;;;;;;;;;;;;;;;;
2026/06/20;0200 UTC;;;;;;;;;;;;;;;;;;
2026/06/20;0300 UTC;;;;;;;;;;;;;;;;;;
2026/06/20;0400 UTC;;;;;;;;;;;;;;;;;;
2026/06/20;0500 UTC;;;;;;;;;;;;;;;;;;
2026/06/20;0600 UTC;;;;;;;;;;;;;;;;;;
2026/06/20;0700 UTC;;;;;;;;;;;;;;;;;;
2026/06/20;0800 UTC;;;;;;;;;;;;;;;;;;
2026/06/20;0900 UTC;;;;;;;;;;;;;;;;;;
2026/06/20;1000 UTC;;;;;;;;;;;;;;;;;;
2026/06/20;1100 UTC;;;;;;;;;;;;;;;;;;
2026/06/20;1200 UTC;;;;;;;;;;;;;;;;;;
2026/06/20;1300 UTC;;;;;;;;;;;;;;;;;;
2026/06/20;1400 UTC;;;;;;;;;;;;;;;;;;
2026/06/20;1500 UTC;;;;;;;;;;;;;;;;;;
2026/06/20;1600 UTC;;;;;;;;;;;;;;;;;;
2026/06/20;1700 UTC;;;;;;;;;;;;;;;;;;
2026/06/20;1800 UTC;;;;;;;;;;;;;;;;;;
2026/06/20;1900 UTC;;;;;;;;;;;;;;;;;;
2026/06/20;2000 UTC;;;;;;;;;;;;;;;;;;
2026/06/20;2100 UTC;;;;;;;;;;;;;;;;;;
2026/06/20;2200 UTC;;;;;;;;;;;;;;;;;;
2026/06/20;2300 UTC;;;;;;;;;;;;;;;;;;
2026/06/21;0000 UTC;;;;;;;;;;;;;;;;;;
2026/06/21;0100 UTC;;;;;;;;;;;;;;;;;;
2026/06/21;0200 UTC;;;;;;;;;;;;;;;;;;
2026/06/21;0300 UTC;;;;;;;;;;;;;;;;;;
2026/06/21;0400 UTC;;;;;;;;;;;;;;;;;;
2026/06/21;0500 UTC;;;;;;;;;;;;;;;;;;
2026/06/21;0600 UTC;;;;;;;;;;;;;;;;;;
2026/06/21;0700 UTC;;;;;;;;;;;;;;;;;;
2026/06/21;0800 UTC;;;;;;;;;;;;;;;;;;
2026/06/21;0900 UTC;;;;;;;;;;;;;;;;;;
2026/06/21;1000 UTC;;;;;;;;;;;;;;;;;;
2026/06/21;1100 UTC;;;;;;;;;;;;;;;;;;
2026/06/21;1200 UTC;;;;;;;;;;;;;;;;;;
2026/06/21;1300 UTC;;;;;;;;;;;;;;;;;;
2026/06/21;1400 UTC;;;;;;;;;;;;;;;;;;
2026/06/21;1500 UTC;;;;;;;;;;;;;;;;;;
2026/06/21;1600 UTC;;;;;;;;;;;;;;;;;;
2026/06/21;1700 UTC;;;;;;;;;;;;;;;;;;
2026/06/21;1800 UTC;;;;;;;;;;;;;;;;;;
2026/06/21;1900 UTC;;;;;;;;;;;;;;;;;;
2026/06/21;2000 UTC;;;;;;;;;;;;;;;;;;
2026/06/21;2100 UTC;;;;;;;;;;;;;;;;;;
2026/06/21;2200 UTC;;;;;;;;;;;;;;;;;;
2026/06/21;2300 UTC;;;;;;;;;;;;;;;;;;
2026/06/22;0000 UTC;;;;;;;;;;;;;;;;;;
2026/06/22;0100 UTC;;;;;;;;;;;;;;;;;;
2026/06/22;0200 UTC;;;;;;;;;;;;;;;;;;
2026/06/22;0300 UTC;;;;;;;;;;;;;;;;;;
2026/06/22;0400 UTC;;;;;;;;;;;;;;;;;;
2026/06/22;0500 UTC;;;;;;;;;;;;;;;;;;
2026/06/22;0600 UTC;;;;;;;;;;;;;;;;;;
2026/06/22;0700 UTC;;;;;;;;;;;;;;;;;;
2026/06/22;0800 UTC;;;;;;;;;;;;;;;;;;
2026/06/22;0900 UTC;;;;;;;;;;;;;;;;;;
2026/06/22;1000 UTC;;;;;;;;;;;;;;;;;;
2026/06/22;1100 UTC;;;;;;;;;;;;;;;;;;
2026/06/22;1200 UTC;;;;;;;;;;;;;;;;;;
2026/06/22;1300 UTC;;;;;;;;;;;;;;;;;;
2026/06/22;1400 UTC;;;;;;;;;;;;;;;;;;
2026/06/22;1500 UTC;;;;;;;;;;;;;;;;;;
2026/06/22;1600 UTC;;;;;;;;;;;;;;;;;;
2026/06/22;1700 UTC;;;;;;;;;;;;;;;;;;
2026/06/22;1800 UTC;;;;;;;;;;;;;;;;;;
2026/06/22;1900 UTC;;;;;;;;;;;;;;;;;;
2026/06/22;2000 UTC;;;;;;;;;;;;;;;;;;
2026/06/22;2100 UTC;;;;;;;;;;;;;;;;;;
2026/06/22;2200 UTC;;;;;;;;;;;;;;;;;;
2026/06/22;2300 UTC;;;;;;;;;;;;;;;;;;
2026/06/23;0000 UTC;;;;;;;;;;;;;;;;;;
2026/06/23;0100 UTC;;;;;;;;;;;;;;;;;;
2026/06/23;0200 UTC;;;;;;;;;;;;;;;;;;
2026/06/23;0300 UTC;;;;;;;;;;;;;;;;;;
2026/06/23;0400 UTC;;;;;;;;;;;;;;;;;;
2026/06/23;0500 UTC;;;;;;;;;;;;;;;;;;
2026/06/23;0600 UTC;;;;;;;;;;;;;;;;;;
2026/06/23;0700 UTC;;;;;;;;;;;;;;;;;;
2026/06/23;0800 UTC;;;;;;;;;;;;;;;;;;
2026/06/23;0900 UTC;;;;;;;;;;;;;;;;;;
2026/06/23;1000 UTC;;;;;;;;;;;;;;;;;;
2026/06/23;1100 UTC;;;;;;;;;;;;;;;;;;
2026/06/23;1200 UTC;;;;;;;;;;;;;;;;;;
2026/06/23;1300 UTC;;;;;;;;;;;;;;;;;;
2026/06/23;1400 UTC;;;;;;;;;;;;;;;;;;
2026/06/23;1500 UTC;;;;;;;;;;;;;;;;;;
2026/06/23;1600 UTC;;;;;;;;;;;;;;;;;;
2026/06/23;1700 UTC;;;;;;;;;;;;;;;;;;
2026/06/23;1800 UTC;;;;;;;;;;;;;;;;;;
2026/06/23;1900 UTC;;;;;;;;;;;;;;;;;;
2026/06/23;2000 UTC;;;;;;;;;;;;;;;;;;
2026/06/23;2100 UTC;;;;;;;;;;;;;;;;;;
2026/06/23;2200 UTC;;;;;;;;;;;;;;;;;;
2026/06/23;2300 UTC;;;;;;;;;;;;;;;;;;
2026/06/24;0000 UTC;;;;;;;;;;;;;;;;;;
2026/06/24;0100 UTC;;;;;;;;;;;;;;;;;;
2026/06/24;0200 UTC;;;;;;;;;;;;;;;;;;
2026/06/24;0300 UTC;;;;;;;;;;;;;;;;;;
2026/06/24;0400 UTC;;;;;;;;;;;;;;;;;;
2026/06/24;0500 UTC;;;;;;;;;;;;;;;;;;
2026/06/24;0600 UTC;;;;;;;;;;;;;;;;;;
2026/06/24;0700 UTC;;;;;;;;;;;;;;;;;;
2026/06/24;0800 UTC;;;;;;;;;;;;;;;;;;
2026/06/24;0900 UTC;;;;;;;;;;;;;;;;;;
2026/06/24;1000 UTC;;;;;;;;;;;;;;;;;;
2026/06/24;1100 UTC;;;;;;;;;;;;;;;;;;
2026/06/24;1200 UTC;;;;;;;;;;;;;;;;;;
2026/06/24;1300 UTC;;;;;;;;;;;;;;;;;;
2026/06/24;1400 UTC;;;;;;;;;;;;;;;;;;
2026/06/24;1500 UTC;;;;;;;;;;;;;;;;;;
2026/06/24;1600 UTC;;;;;;;;;;;;;;;;;;
2026/06/24;1700 UTC;;;;;;;;;;;;;;;;;;
2026/06/24;1800 UTC;;;;;;;;;;;;;;;;;;
2026/06/24;1900 UTC;;;;;;;;;;;;;;;;;;
2026/06/24;2000 UTC;;;;;;;;;;;;;;;;;;
2026/06/24;2100 UTC;;;;;;;;;;;;;;;;;;
2026/06/24;2200 UTC;;;;;;;;;;;;;;;;;;
2026/06/24;2300 UTC;;;;;;;;;;;;;;;;;;
2026/06/25;0000 UTC;;;;;;;;;;;;;;;;;;
2026/06/25;0100 UTC;;;;;;;;;;;;;;;;;;
2026/06/25;0200 UTC;;;;;;;;;;;;;;;;;;
2026/06/25;0300 UTC;;;;;;;;;;;;;;;;;;
2026/06/25;0400 UTC;;;;;;;;;;;;;;;;;;
2026/06/25;0500 UTC;;;;;;;;;;;;;;;;;;
2026/06/25;0600 UTC;;;;;;;;;;;;;;;;;;
2026/06/25;0700 UTC;;;;;;;;;;;;;;;;;;
2026/06/25;0800 UTC;;;;;;;;;;;;;;;;;;
2026/06/25;0900 UTC;;;;;;;;;;;;;;;;;;
2026/06/25;1000 UTC;;;;;;;;;;;;;;;;;;
2026/06/25;1100 UTC;;;;;;;;;;;;;;;;;;
2026/06/25;1200 UTC;;;;;;;;;;;;;;;;;;
2026/06/25;1300 UTC;;;;;;;;;;;;;;;;;;
2026/06/25;1400 UTC;;;;;;;;;;;;;;;;;;
2026/06/25;1500 UTC;;;;;;;;;;;;;;;;;;
2026/06/25;1600 UTC;;;;;;;;;;;;;;;;;;
2026/06/25;1700 UTC;;;;;;;;;;;;;;;;;;
2026/06/25;1800 UTC;;;;;;;;;;;;;;;;;;
2026/06/25;1900 UTC;;;;;;;;;;;;;;;;;;
2026/06/25;2000 UTC;;;;;;;;;;;;;;;;;;
2026/06/25;2100 UTC;;;;;;;;;;;;;;;;;;
2026/06/25;2200 UTC;;;;;;;;;;;;;;;;;;
2026/06/25;2300 UTC;;;;;;;;;;;;;;;;;;
2026/06/26;0000 UTC;;;;;;;;;;;;;;;;;;
2026/06/26;0100 UTC;;;;;;;;;;;;;;;;;;
2026/06/26;0200 UTC;;;;;;;;;;;;;;;;;;
2026/06/26;0300 UTC;;;;;;;;;;;;;;;;;;
2026/06/26;0400 UTC;;;;;;;;;;;;;;;;;;
2026/06/26;0500 UTC;;;;;;;;;;;;;;;;;;
2026/06/26;0600 UTC;;;;;;;;;;;;;;;;;;
2026/06/26;0700 UTC;;;;;;;;;;;;;;;;;;
2026/06/26;0800 UTC;;;;;;;;;;;;;;;;;;
2026/06/26;0900 UTC;;;;;;;;;;;;;;;;;;
2026/06/26;1000 UTC;;;;;;;;;;;;;;;;;;
2026/06/26;1100 UTC;;;;;;;;;;;;;;;;;;
2026/06/26;1200 UTC;;;;;;;;;;;;;;;;;;
2026/06/26;1300 UTC;;;;;;;;;;;;;;;;;;
2026/06/26;1400 UTC;;;;;;;;;;;;;;;;;;
2026/06/26;1500 UTC;;;;;;;;;;;;;;;;;;
2026/06/26;1600 UTC;;;;;;;;;;;;;;;;;;
2026/06/26;1700 UTC;;;;;;;;;;;;;;;;;;
2026/06/26;1800 UTC;;;;;;;;;;;;;;;;;;
2026/06/26;1900 UTC;;;;;;;;;;;;;;;;;;
2026/06/26;2000 UTC;;;;;;;;;;;;;;;;;;
2026/06/26;2100 UTC;;;;;;;;;;;;;;;;;;
2026/06/26;2200 UTC;;;;;;;;;;;;;;;;;;
2026/06/26;2300 UTC;;;;;;;;;;;;;;;;;;
2026/06/27;0000 UTC;;;;;;;;;;;;;;;;;;
2026/06/27;0100 UTC;;;;;;;;;;;;;;;;;;
2026/06/27;0200 UTC;;;;;;;;;;;;;;;;;;
2026/06/27;0300 UTC;;;;;;;;;;;;;;;;;;
2026/06/27;0400 UTC;;;;;;;;;;;;;;;;;;
2026/06/27;0500 UTC;;;;;;;;;;;;;;;;;;
2026/06/27;0600 UTC;;;;;;;;;;;;;;;;;;
2026/06/27;0700 UTC;;;;;;;;;;;;;;;;;;
2026/06/27;0800 UTC;;;;;;;;;;;;;;;;;;
2026/06/27;0900 UTC;;;;;;;;;;;;;;;;;;
2026/06/27;1000 UTC;;;;;;;;;;;;;;;;;;
2026/06/27;1100 UTC;;;;;;;;;;;;;;;;;;
2026/06/27;1200 UTC;;;;;;;;;;;;;;;;;;
2026/06/27;1300 UTC;;;;;;;;;;;;;;;;;;
2026/06/27;1400 UTC;;;;;;;;;;;;;;;;;;
2026/06/27;1500 UTC;;;;;;;;;;;;;;;;;;
2026/06/27;1600 UTC;;;;;;;;;;;;;;;;;;
2026/06/27;1700 UTC;;;;;;;;;;;;;;;;;;
2026/06/27;1800 UTC;;;;;;;;;;;;;;;;;;
2026/06/27;1900 UTC;;;;;;;;;;;;;;;;;;
2026/06/27;2000 UTC;;;;;;;;;;;;;;;;;;
2026/06/27;2100 UTC;;;;;;;;;;;;;;;;;;
2026/06/27;2200 UTC;;;;;;;;;;;;;;;;;;
2026/06/27;2300 UTC;;;;;;;;;;;;;;;;;;
2026/06/28;0000 UTC;;;;;;;;;;;;;;;;;;
2026/06/28;0100 UTC;;;;;;;;;;;;;;;;;;
2026/06/28;0200 UTC;;;;;;;;;;;;;;;;;;
2026/06/28;0300 UTC;;;;;;;;;;;;;;;;;;
2026/06/28;0400 UTC;;;;;;;;;;;;;;;;;;
2026/06/28;0500 UTC;;;;;;;;;;;;;;;;;;
2026/06/28;0600 UTC;;;;;;;;;;;;;;;;;;
2026/06/28;0700 UTC;;;;;;;;;;;;;;;;;;
2026/06/28;0800 UTC;;;;;;;;;;;;;;;;;;
2026/06/28;0900 UTC;;;;;;;;;;;;;;;;;;
2026/06/28;1000 UTC;;;;;;;;;;;;;;;;;;
2026/06/28;1100 UTC;;;;;;;;;;;;;;;;;;
2026/06/28;1200 UTC;;;;;;;;;;;;;;;;;;
2026/06/28;1300 UTC;;;;;;;;;;;;;;;;;;
2026/06/28;1400 UTC;;;;;;;;;;;;;;;;;;
2026/06/28;1500 UTC;;;;;;;;;;;;;;;;;;
2026/06/28;1600 UTC;;;;;;;;;;;;;;;;;;
2026/06/28;1700 UTC;;;;;;;;;;;;;;;;;;
2026/06/28;1800 UTC;;;;;;;;;;;;;;;;;;
2026/06/28;1900 UTC;;;;;;;;;;;;;;;;;;
2026/06/28;2000 UTC;;;;;;;;;;;;;;;;;;
2026/06/28;2100 UTC;;;;;;;;;;;;;;;;;;
2026/06/28;2200 UTC;;;;;;;;;;;;;;;;;;
2026/06/28;2300 UTC;;;;;;;;;;;;;;;;;;
2026/06/29;0000 UTC;;;;;;;;;;;;;;;;;;
2026/06/29;0100 UTC;;;;;;;;;;;;;;;;;;
2026/06/29;0200 UTC;;;;;;;;;;;;;;;;;;
2026/06/29;0300 UTC;;;;;;;;;;;;;;;;;;
2026/06/29;0400 UTC;;;;;;;;;;;;;;;;;;
2026/06/29;0500 UTC;;;;;;;;;;;;;;;;;;
2026/06/29;0600 UTC;;;;;;;;;;;;;;;;;;
2026/06/29;0700 UTC;;;;;;;;;;;;;;;;;;
2026/06/29;0800 UTC;;;;;;;;;;;;;;;;;;
2026/06/29;0900 UTC;;;;;;;;;;;;;;;;;;
2026/06/29;1000 UTC;;;;;;;;;;;;;;;;;;
2026/06/29;1100 UTC;;;;;;;;;;;;;;;;;;
2026/06/29;1200 UTC;;;;;;;;;;;;;;;;;;
2026/06/29;1300 UTC;;;;;;;;;;;;;;;;;;
2026/06/29;1400 UTC;;;;;;;;;;;;;;;;;;
2026/06/29;1500 UTC;;;;;;;;;;;;;;;;;;
2026/06/29;1600 UTC;;;;;;;;;;;;;;;;;;
2026/06/29;1700 UTC;;;;;;;;;;;;;;;;;;
2026/06/29;1800 UTC;;;;;;;;;;;;;;;;;;
2026/06/29;1900 UTC;;;;;;;;;;;;;;;;;;
2026/06/29;2000 UTC;;;;;;;;;;;;;;;;;;
2026/06/29;2100 UTC;;;;;;;;;;;;;;;;;;
2026/06/29;2200 UTC;;;;;;;;;;;;;;;;;;
2026/06/29;2300 UTC;;;;;;;;;;;;;;;;;;
2026/06/30;0000 UTC;;;;;;;;;;;;;;;;;;
2026/06/30;0100 UTC;;;;;;;;;;;;;;;;;;
2026/06/30;0200 UTC;;;;;;;;;;;;;;;;;;
2026/06/30;0300 UTC;;;;;;;;;;;;;;;;;;
2026/06/30;0400 UTC;;;;;;;;;;;;;;;;;;
2026/06/30;0500 UTC;;;;;;;;;;;;;;;;;;
2026/06/30;0600 UTC;;;;;;;;;;;;;;;;;;
2026/06/30;0700 UTC;;;;;;;;;;;;;;;;;;
2026/06/30;0800 UTC;;;;;;;;;;;;;;;;;;
2026/06/30;0900 UTC;;;;;;;;;;;;;;;;;;
2026/06/30;1000 UTC;;;;;;;;;;;;;;;;;;
2026/06/30;1100 UTC;;;;;;;;;;;;;;;;;;
2026/06/30;1200 UTC;;;;;;;;;;;;;;;;;;
2026/06/30;1300 UTC;;;;;;;;;;;;;;;;;;
2026/06/30;1400 UTC;;;;;;;;;;;;;;;;;;
2026/06/30;1500 UTC;;;;;;;;;;;;;;;;;;
2026/06/30;1600 UTC;;;;;;;;;;;;;;;;;;
2026/06/30;1700 UTC;;;;;;;;;;;;;;;;;;
2026/06/30;1800 UTC;;;;;;;;;;;;;;;;;;
2026/06/30;1900 UTC;;;;;;;;;;;;;;;;;;
2026/06/30;2000 UTC;;;;;;;;;;;;;;;;;;
2026/06/30;2100 UTC;;;;;;;;;;;;;;;;;;
2026/06/30;2200 UTC;;;;;;;;;;;;;;;;;;
2026/06/30;2300 UTC;;;;;;;;;;;;;;;;;;
