REGIAO:;CO
UF:;MS
ESTACAO:;COSTA RICA
CODIGO (WMO):;A760
LATITUDE:;-18,49277777
LONGITUDE:;-53,17138888
ALTITUDE:;727,34
DATA DE FUNDACAO:;04/12/12
Data;Hora UTC;PRECIPITAÇÃO TOTAL, HORÁRIO (mm);PRESSAO ATMOSFERICA AO NIVEL DA ESTACAO, HORARIA (mB);PRESSÃO ATMOSFERICA MAX.NA HORA ANT. (AUT) (mB);PRESSÃO ATMOSFERICA MIN. NA HORA ANT. (AUT) (mB);RADIACAO GLOBAL (Kj/m²);TEMPERATURA DO AR - BULBO SECO, HORARIA (°C);TEMPERATURA DO PONTO DE ORVALHO (°C);TEMPERATURA MÁXIMA NA HORA ANT. (AUT) (°C);TEMPERATURA MÍNIMA NA HORA ANT. (AUT) (°C);TEMPERATURA ORVALHO MAX. NA HORA ANT. (AUT) (°C);TEMPERATURA ORVALHO MIN. NA HORA ANT. (AUT) (°C);UMIDADE REL. MAX. NA HORA ANT. (AUT) (%);UMIDADE REL. MIN. NA HORA ANT. (AUT) (%);UMIDADE RELATIVA DO AR, HORARIA (%);VENTO, DIREÇÃO HORARIA (gr) (° (gr));VENTO, RAJADA MAXIMA (m/s);VENTO, VELOCIDADE HORARIA (m/s);
2026/01/01;0000 UTC;0;931,4;931,4;930,9;;24,2;20,9;24,7;23,9;21,2;20,7;84;80;82;59;5;3,1;
2026/01/01;0100 UTC;,2;931,9;931,9;931,4;;23,3;20,9;24,2;23;21,3;20,8;90;82;86;33;5,7;3,8;
2026/01/01;0200 UTC;0;932,6;932,6;931,9;;22,9;20,9;23,4;22,7;21;20,6;89;85;89;8;5,2;3,4;
2026/01/01;0300 UTC;0;932,4;932,7;932,4;;22,7;21;23,1;22,7;21,2;20,9;91;89;90;4;4,3;2,8;
2026/01/01;0400 UTC;0;931,9;932,4;931,9;;22,7;21;22,9;22,3;21,2;20,9;92;90;90;15;3,8;2,8;
2026/01/01;0500 UTC;0;931,5;931,9;931,5;;23;21,2;23,5;22,2;21,4;20,6;92;87;89;29;4,4;3,6;
2026/01/01;0600 UTC;0;931;931,5;931;;22,3;21;23;22,2;21,1;20,9;92;89;92;12;4,1;2,4;
2026/01/01;0700 UTC;0;930,8;931,1;930,8;;22;21;22,4;22;21;20,9;94;91;94;48;3,5;2,6;
2026/01/01;0800 UTC;0;931,1;931,1;930,7;;21,9;20,7;22;21,3;21;20,7;96;93;93;317;3,9;1,6;
2026/01/01;0900 UTC;0;931,4;931,4;931;;21,8;20,5;22,2;21,8;20,7;20,3;93;90;92;41;3,6;2,3;
2026/01/01;1000 UTC;0;931,7;931,7;931,4;215,3;22,8;20,9;22,8;21,3;20,9;20,3;95;89;89;38;4,5;3,1;
2026/01/01;1100 UTC;0;931,9;932;931,7;1018,8;25,4;20,9;25,4;22,8;21,5;20,7;89;76;76;28;4,1;2,4;
2026/01/01;1200 UTC;0;932,3;932,4;931,9;1772,3;27,3;20,9;27,6;25,4;21,5;20,3;77;67;68;307;4,5;2,9;
2026/01/01;1300 UTC;0;932,4;932,5;932,3;2652,2;28,9;20,7;29,5;27,3;22,8;20,6;69;60;61;306;7;4,2;
2026/01/01;1400 UTC;0;932,2;932,4;932,2;2747,6;30;21,8;30,2;28,4;21,8;19,9;65;56;61;307;7,2;4,1;
2026/01/01;1500 UTC;0;931,5;932,3;931,5;3147,4;30,9;20,1;31;29;21,5;19,2;61;51;53;310;7,6;4,4;
2026/01/01;1600 UTC;0;930,9;931,5;930,9;3541,6;31,3;20,3;32,2;30,1;21,4;19,3;57;49;52;280;10,1;5,1;
2026/01/01;1700 UTC;0;929,4;930,9;929,4;3011,8;31,8;20,1;32;29,8;21,3;18,7;56;47;50;311;11,9;5,3;
2026/01/01;1800 UTC;0;928,4;929,4;928,4;2878,8;31,9;19,2;32,9;30,9;20,4;17,9;51;44;47;273;10,2;4,3;
2026/01/01;1900 UTC;0;927,5;928,4;927,5;2280,8;31;19,8;32,8;30,7;20,8;18,5;52;45;51;283;9,9;3,6;
2026/01/01;2000 UTC;0;927,2;927,5;927,1;1345,5;30,8;20;31,8;30,5;20,4;19;54;49;52;290;7,2;3,7;
2026/01/01;2100 UTC;0;927;927,2;927;807,5;30,4;19,7;31,1;30,4;20,4;19,2;54;50;53;275;7,3;4,1;
2026/01/01;2200 UTC;0;927,6;927,6;927;341,6;27,8;20;30,4;27,8;20,6;19,5;64;52;62;307;7,4;3,9;
2026/01/01;2300 UTC;0;928,3;928,3;927,6;8,3;25,6;20,3;27,8;25,6;20,4;19,5;73;62;73;332;6,3;1,4;
2026/01/02;0000 UTC;0;929;929;928,3;;24,5;20;25,9;24,4;20,5;20;77;72;76;355;3;2;
2026/01/02;0100 UTC;0;930;930;929;;23,7;20,1;24,5;23,7;20,1;19,9;80;76;80;23;3,5;2,7;
2026/01/02;0200 UTC;0;930,6;930,6;930;;22,8;19,4;23,7;22,8;20,1;19,3;81;77;81;23;5,5;3,5;
2026/01/02;0300 UTC;0;930,5;930,9;930,4;;22,3;19,7;23;22,2;19,8;19,4;85;81;85;34;4,3;3,2;
2026/01/02;0400 UTC;0;929,9;930,5;929,9;;22,3;20,3;22,5;22;20,3;19,6;89;85;88;24;4,8;3,6;
2026/01/02;0500 UTC;0;929;929,9;929;;21,9;20,1;22,3;21,8;20,4;20;90;88;90;22;5;3,2;
2026/01/02;0600 UTC;0;928,7;929;928,7;;22;20,1;22,1;21,4;20,2;20;92;89;89;342;4,4;2,4;
2026/01/02;0700 UTC;0;928,6;928,8;928,6;;22,3;20,2;22,5;21,8;20,3;19,9;90;87;88;6;3;2,1;
2026/01/02;0800 UTC;0;928;928,6;927,9;;21,6;20;22,3;21,6;20,2;20;90;88;90;9;3;2,6;
2026/01/02;0900 UTC;0;928,3;928,4;927,9;;21,4;19,9;22;21,4;20,1;19,8;91;89;91;1;3,8;2,7;
2026/01/02;1000 UTC;0;929,2;929,2;928,3;200,9;23,3;20,7;23,3;21,4;20,7;19,9;91;85;86;338;3,6;1,9;
2026/01/02;1100 UTC;0;929,6;929,6;929,2;957,8;25,8;21,5;25,8;23,3;21,7;20,7;86;77;77;344;4,9;2,8;
2026/01/02;1200 UTC;0;930,1;930,1;929,6;1652,4;27,6;21,5;27,6;25,7;22,2;21;78;69;69;335;6,9;4,5;
2026/01/02;1300 UTC;0;930,1;930,3;930,1;2197,2;28,3;20,8;29;27,1;22,2;20,5;71;64;64;303;8,1;5;
2026/01/02;1400 UTC;0;929,8;930,3;929,8;2772,1;29,2;20,9;30;28;21,7;20;65;59;61;317;9,7;6;
2026/01/02;1500 UTC;0;928,8;929,9;928,8;2899,2;28,9;21,7;30,1;28,5;22,4;19,9;67;58;65;302;8,9;5,4;
2026/01/02;1600 UTC;0;928,4;928,8;928,4;2370,1;28,5;21,3;31,2;26,8;22,7;20,1;75;55;65;293;9,6;5,8;
2026/01/02;1700 UTC;0;928,2;928,4;927,5;1712,2;24,3;20,1;30,9;24,3;21,9;18,3;77;52;77;226;18,3;10,7;
2026/01/02;1800 UTC;0;927;928,4;927;486,3;22;21,5;24,3;21,1;22,1;19,8;100;77;97;289;18,3;6,4;
2026/01/02;1900 UTC;0;926,4;927;926,3;417,1;22,3;21,7;22,4;22;22;21,5;98;96;96;249;9,6;4,1;
2026/01/02;2000 UTC;0;926,1;926,8;926,1;642;22,8;22;22,8;22,3;22;21,5;97;94;95;287;6,3;3,8;
2026/01/02;2100 UTC;0;926,6;926,6;926;397,7;22,7;22;23,1;22,6;22;21,5;95;92;95;296;6,2;3,5;
2026/01/02;2200 UTC;0;927,2;927,2;926,5;211,3;22,5;21,4;23;22,5;22,1;21,4;96;93;93;300;5,4;3,2;
2026/01/02;2300 UTC;0;927,9;928,1;927,2;7;21,7;21,1;22,5;21,7;21,4;21;96;93;96;285;5,6;3,4;
2026/01/03;0000 UTC;0;928,6;928,6;927,9;;21,4;21,4;21,7;21,4;21,6;21;100;96;100;333;5,6;2,6;
2026/01/03;0100 UTC;0;929,5;929,6;928,6;;21,1;21,1;21,5;21,1;21,5;21,1;100;100;100;295;4,3;3,1;
2026/01/03;0200 UTC;0;929,5;929,6;929,4;;20,9;19,8;21,2;20,9;21,1;19,8;100;93;94;289;5,3;2,9;
2026/01/03;0300 UTC;0;929,4;929,5;929,1;;20,9;19,8;21;20,8;19,9;19,8;94;93;94;296;4,8;2,3;
2026/01/03;0400 UTC;0;929,3;929,5;929,2;;21,1;20,5;21,2;20,8;20,6;19,9;97;94;96;319;4;2;
2026/01/03;0500 UTC;0;928,1;929,4;928,1;;21,1;20,5;21,2;21,1;20,6;20,4;97;96;97;340;4,6;2,9;
2026/01/03;0600 UTC;0;928;928,1;927,8;;20,9;20,6;21,1;20,9;20,8;20,5;98;97;98;297;4,2;1,4;
2026/01/03;0700 UTC;0;927,4;928;927,3;;20,9;20,4;21;20,8;20,8;20,3;99;97;97;334;3,9;2,6;
2026/01/03;0800 UTC;0;927,6;927,7;927,1;;20;20;20,9;20;20,5;20;100;97;100;178;4,1;,7;
2026/01/03;0900 UTC;0;928,2;928,2;927,3;;20;20;20,5;20;20,5;20;100;100;100;238;4,3;1,7;
2026/01/03;1000 UTC;0;929,2;929,2;928,2;134,8;21;;21;19,9;;;;;;316;2,8;1,4;
2026/01/03;1100 UTC;0;929,9;929,9;929,1;645,3;22,4;21,4;22,4;21;21,6;20,9;100;93;94;293;5;3,5;
2026/01/03;1200 UTC;0;930,3;930,3;929,9;944,9;23,5;21,2;23,6;22,4;21,5;20,9;94;86;87;260;9,4;5;
2026/01/03;1300 UTC;0;930,5;930,5;930,2;1319,8;24;21;24,9;23,3;21,8;20,7;87;80;83;273;9,4;5,1;
2026/01/03;1400 UTC;0;930,6;930,7;930,5;942,1;24,1;21;24,7;23,7;21,5;20,6;86;81;83;256;9,2;5,7;
2026/01/03;1500 UTC;,8;930,3;930,6;930,3;1559,4;25;21,4;26,1;24,1;22,4;20,6;84;76;81;260;8,7;4,2;
2026/01/03;1600 UTC;1,8;929,7;930,3;929,7;2108;26,6;21,4;26,9;25;22,2;21,2;82;72;73;252;8;5;
2026/01/03;1700 UTC;,4;929,2;929,7;929,2;1893,7;26,6;21,7;27,4;26,2;22,2;21;77;72;74;248;7,6;4,8;
2026/01/03;1800 UTC;0;928,2;929,3;928,2;1848,5;27,7;21,8;27,8;26,6;22,4;21,3;76;69;70;252;7,7;4,9;
2026/01/03;1900 UTC;0;927,4;928,2;927,3;2331,8;28,7;21,3;29,4;27,5;22,4;20,8;71;62;64;257;8,1;4,7;
2026/01/03;2000 UTC;0;926,7;927,4;926,7;1709,6;28,4;21,7;29,2;27,6;21,9;21;70;63;67;248;8,1;4,5;
2026/01/03;2100 UTC;0;926,8;926,8;926,4;1166,8;28;21,4;28,8;27,4;22,2;21;71;64;68;231;7,3;3,9;
2026/01/03;2200 UTC;,2;927,7;927,7;926,8;315,2;21,3;19,5;28,3;21,3;22,3;18,7;89;67;89;170;13,7;6,9;
2026/01/03;2300 UTC;,4;927,7;928,3;927,7;4,6;22;19,4;22,2;19,9;20,7;19,2;100;84;86;75;13,7;2;
2026/01/04;0000 UTC;,6;928,7;928,7;927,7;2,5;22;19,2;22,4;21,9;19,7;18,9;87;80;84;66;3,5;2,1;
2026/01/04;0100 UTC;1;929,3;929,3;928,7;1,2;21,2;20,3;22,7;21,2;20,3;19,2;95;81;95;330;2,9;1,7;
2026/01/04;0200 UTC;1,2;929,7;929,7;929,3;;21,6;20,9;21,8;21,2;21,2;20,4;98;95;96;352;2,1;,6;
2026/01/04;0300 UTC;1,2;929,3;929,7;929,3;;21,6;19,6;22,1;21,1;20,9;19,1;96;86;88;87;2,5;1,3;
2026/01/04;0400 UTC;1,4;928,6;929,3;928,6;;20,2;18,8;21,6;20,2;20,2;18,8;94;87;92;42;2,5;1,7;
2026/01/04;0500 UTC;1;928,5;928,6;928,4;;19,6;18,7;20,2;19,4;19,1;18,6;95;92;95;16;2;1,3;
2026/01/04;0600 UTC;1;928;928,5;928;;19,3;18,8;20;19,2;19,1;18,7;97;94;97;39;3;1,9;
2026/01/04;0700 UTC;1;927,8;928;927,8;;19;18,3;19,3;18,8;18,9;18,1;98;95;96;40;3,2;1,7;
2026/01/04;0800 UTC;,4;928;928;927,8;;18,3;17,4;19,2;18,3;18,5;17,4;96;94;94;20;3;1,3;
2026/01/04;0900 UTC;0;928,8;928,8;928;;18,7;18;18,8;18,2;18,2;17,4;97;94;96;49;3;2,5;
2026/01/04;1000 UTC;0;929,8;929,8;928,8;217,6;20;18,7;20;18,7;18,8;18;96;92;92;38;3;2,1;
2026/01/04;1100 UTC;0;930,4;930,4;929,8;1071,8;22,9;20;23;20;20,6;18,9;93;83;84;40;3,2;2,3;
2026/01/04;1200 UTC;0;930,7;930,7;930,4;1654,9;25,6;21;25,9;22,7;21,6;19,9;87;74;76;70;3,1;1,7;
2026/01/04;1300 UTC;0;931,1;931,1;930,7;2580;27,8;20,5;27,9;25,5;22,1;20,4;77;65;65;85;3,6;1,8;
2026/01/04;1400 UTC;0;930,9;931,1;930,9;3321,6;29,6;20,9;29,6;27,4;21,9;20,1;68;60;60;158;7,8;1,5;
2026/01/04;1500 UTC;0;930,6;931;930,6;3497,9;29,4;19,7;30,6;28,9;21,7;18,9;63;51;56;108;5,3;2,2;
2026/01/04;1600 UTC;0;930,1;930,6;930;3305;30,7;17,8;31;29,1;20,2;17,2;57;44;46;81;5,5;2;
2026/01/04;1700 UTC;0;929,4;930,1;929,4;2797,2;30,8;16,6;31,9;29,6;18,7;15,5;49;39;43;166;4,7;2,1;
2026/01/04;1800 UTC;0;928,5;929,4;928,5;2746,6;31,9;18,4;32,1;30,3;18,8;16,1;49;40;45;167;5,5;2,3;
2026/01/04;1900 UTC;0;927,8;928,6;927,8;2623,9;32,1;15,9;32,4;30,7;18,4;14,9;45;36;38;201;6,3;3;
2026/01/04;2000 UTC;0;927,5;927,8;927,5;1272,9;29,6;17,7;32,1;29,6;18;14,2;50;35;49;197;5,8;2,5;
2026/01/04;2100 UTC;0;927,4;927,5;927,2;647,6;29,2;19;29,6;29;19,2;17,7;55;49;54;205;4,6;2,1;
2026/01/04;2200 UTC;0;928;928;927,3;401,8;27,2;20,5;29,6;27,2;20,8;19,1;67;54;67;237;3,8;1,6;
2026/01/04;2300 UTC;0;928,8;928,8;928;5,8;25,5;19,4;27,2;25,5;20,6;19,4;69;66;69;220;6,2;2,8;
2026/01/05;0000 UTC;0;929,9;930,1;928,8;;21,7;21,7;25,5;21;21,9;18,6;100;69;100;5;10,7;2,3;
2026/01/05;0100 UTC;,6;930;930,1;929,9;;22,1;20,8;22,9;21,7;22;20,3;100;88;92;342;6;1,9;
2026/01/05;0200 UTC;1,8;930,5;930,5;930;3,3;22,2;20;22,8;21,8;21,4;19,9;93;85;87;13;6,5;3,5;
2026/01/05;0300 UTC;2;930,4;930,5;930,2;1,9;21,5;20,5;22,2;21,5;20,6;20,1;94;87;94;189;6,3;2,3;
2026/01/05;0400 UTC;1,8;930;930,4;930;;21,8;20,6;22,1;21,3;21,3;20,5;98;92;92;173;4,4;1,8;
2026/01/05;0500 UTC;1,6;929,5;930;929,5;;21,6;20,3;21,9;21,5;20,7;20,1;94;91;92;150;3,9;2,3;
2026/01/05;0600 UTC;1,4;929,1;929,5;929,1;;20,8;20;21,6;20,6;20,4;19,8;96;92;95;161;3,6;2,2;
2026/01/05;0700 UTC;1,4;929,2;929,4;929;;20,4;20;20,9;20,4;20,1;19,8;98;94;98;22;3,6;,4;
2026/01/05;0800 UTC;1;929,4;929,4;929;;20,2;19,5;20,7;20;20,4;19,4;99;95;95;103;2,8;1,4;
2026/01/05;0900 UTC;0;929,9;929,9;929,3;;19,9;18,9;20,3;19,9;19,4;18,7;95;92;94;68;3,2;,9;
2026/01/05;1000 UTC;,2;930,2;930,2;929,9;218,4;20,8;20;20,8;19,9;20;18,9;96;94;95;23;3;1,7;
2026/01/05;1100 UTC;0;930,5;930,5;930,2;957,7;23,4;19,7;23,4;20,8;20,7;19,5;96;79;80;108;3,9;2,1;
2026/01/05;1200 UTC;0;931,1;931,1;930,5;1826,3;24,6;19,5;24,6;23,2;20,1;18,6;81;71;73;114;4,9;2,4;
2026/01/05;1300 UTC;0;931,2;931,3;931,1;2431,9;25,6;20,1;25,8;23,9;20,9;18,7;76;70;72;119;6,3;2,8;
2026/01/05;1400 UTC;0;931,2;931,3;931,1;3136,9;27,5;20,1;27,7;25,6;21,3;19,7;74;64;64;112;6,3;2,8;
2026/01/05;1500 UTC;0;930,6;931,2;930,6;3534,1;28,7;20,1;29;27,3;21,8;19,3;69;58;60;98;5,4;2;
2026/01/05;1600 UTC;0;929,8;930,6;929,8;3811,8;30,3;20,7;30,3;28,5;21;19,1;62;53;56;83;5,4;1,4;
2026/01/05;1700 UTC;0;928,8;929,8;928,8;3270,2;30,9;19,2;31,3;29,6;20,7;18,4;56;48;50;220;4,4;,9;
2026/01/05;1800 UTC;0;927,8;929,1;927,8;2302,1;27,8;20,1;31,7;24,9;21;18,8;76;50;63;28;12,4;4,2;
2026/01/05;1900 UTC;0;927,5;927,9;927,5;2935,3;29,5;20,3;29,6;27,8;21,1;19,2;65;55;58;23;7,5;2,3;
2026/01/05;2000 UTC;0;926,7;927,6;926,6;2173,3;29,8;20;30,6;29,5;21,5;19,1;59;52;56;335;5,1;3,4;
2026/01/05;2100 UTC;0;928,1;928,2;926,7;418,9;25,9;18,5;29,9;25,3;20,4;16,8;71;54;64;316;8,1;1,4;
2026/01/05;2200 UTC;0;928,8;928,8;928;175,2;23,8;19,3;25,9;23,8;20,8;18,1;76;64;76;79;8;3,8;
2026/01/05;2300 UTC;0;929,6;929,6;928,8;2;23,4;19,5;23,8;23,3;19,5;19;80;75;79;52;6,7;3,7;
2026/01/06;0000 UTC;0;930;930,3;929,6;;22,3;19,7;23,4;22,1;19,9;19,4;86;79;85;280;6,1;1,8;
2026/01/06;0100 UTC;0;929,7;930,1;929,6;;21,9;19,9;22,3;21,7;20;19,7;89;85;88;323;3,2;,8;
2026/01/06;0200 UTC;0;930,4;930,5;929,7;;21,2;20;21,9;21,1;20,2;19,7;93;88;93;73;4;2,2;
2026/01/06;0300 UTC;0;930,4;930,7;930,4;;21,4;19,9;21,5;20,9;20,3;19,9;95;91;92;41;3,8;2,4;
2026/01/06;0400 UTC;0;929,6;930,4;929,6;;20,6;20,4;21,4;20,4;20,4;19,7;99;92;99;259;3,5;,5;
2026/01/06;0500 UTC;0;929;929,6;929;;20,4;20,4;20,6;19,8;20,5;19,5;100;97;100;57;2,8;1,2;
2026/01/06;0600 UTC;0;928,9;929,1;928,9;;20,5;19,8;20,5;19,6;20,5;18,8;100;94;96;103;3,7;1,3;
2026/01/06;0700 UTC;0;928,7;929;928,6;;20;19,1;20,5;19,9;19,9;19,1;98;95;95;48;3,6;1,6;
2026/01/06;0800 UTC;0;929,3;929,3;928,7;;20;19,6;20;19,5;19,6;18,8;99;94;98;106;2,5;1,4;
2026/01/06;0900 UTC;0;930;930,1;929,2;;19,7;18,5;20,3;19,7;19,6;18,5;98;93;93;56;5,2;2,7;
2026/01/06;1000 UTC;0;931;931;930;49,9;20,4;19,4;20,4;19,4;19,4;18,4;95;93;94;84;4,6;2,5;
2026/01/06;1100 UTC;0;930,9;931,2;930,9;303,2;21,4;19,9;21,5;20,4;20,2;19,4;94;91;91;91;4,4;2,4;
2026/01/06;1200 UTC;0;930,5;930,9;930,5;1590,4;24,5;20,4;24,9;21,4;21,4;19,9;92;78;78;37;6,6;4,2;
2026/01/06;1300 UTC;0;931;931;930,5;2588,1;26,8;20,4;27;24,1;21,2;19,8;81;67;68;32;6,4;2,8;
2026/01/06;1400 UTC;0;931;931;930,9;2981,6;26,8;19,7;27,6;26,5;21;19,7;70;64;65;346;5,4;2,1;
2026/01/06;1500 UTC;0;930,5;931;930,5;1711,9;28,1;20,1;28,6;26,8;21,2;19,5;67;59;62;19;4,1;1,6;
2026/01/06;1600 UTC;0;930;930,5;930;2610,5;28,9;19,5;30,3;27,7;21,3;18,8;65;53;57;293;5,3;1,6;
2026/01/06;1700 UTC;0;929,2;930,1;929,2;2456,5;28,8;20,9;30,2;26;23,3;19,4;73;55;62;270;7,1;1,6;
2026/01/06;1800 UTC;0;928,5;929,2;928,5;854;25,6;20,4;29,2;25,6;21;18,7;73;56;73;90;9,7;2,6;
2026/01/06;1900 UTC;0;928,3;928,7;928,3;807,2;26,2;19,7;26,3;24,9;21,1;19,6;75;67;67;145;4;1,6;
2026/01/06;2000 UTC;0;927,8;928,5;927,8;911,2;26,1;21,1;27,3;25,7;21,1;19;74;61;74;166;5,4;1,9;
2026/01/06;2100 UTC;0;929;929;927,7;793,3;25;20;26,5;25;21;20;74;70;74;36;6,5;4,7;
2026/01/06;2200 UTC;0;929;929,5;929;202,8;23,9;20,6;25;23,9;21;20;83;74;82;35;6,5;3,3;
2026/01/06;2300 UTC;0;929,5;929,5;928,6;,7;22,3;18,9;23,9;22,3;20,6;18,9;86;81;81;74;5;3,4;
2026/01/07;0000 UTC;0;929,7;929,7;929;;21,7;18,7;22,6;21,7;18,9;18,5;83;79;83;60;6,3;3,2;
2026/01/07;0100 UTC;0;930,5;930,6;929,7;;21,2;18,9;21,7;20,7;19,2;18,6;90;83;87;35;5,3;4,3;
2026/01/07;0200 UTC;0;931,1;931,3;930,5;;21,8;19,2;21,8;20,9;19,3;18,7;89;85;85;63;6,5;4,4;
2026/01/07;0300 UTC;0;930,6;931,1;930,6;;20,9;19,6;21,8;20,7;19,6;19,1;93;85;93;54;6,5;2,4;
2026/01/07;0400 UTC;0;930,2;930,6;930,2;;21;19,7;21,3;20,8;19,8;19,6;93;90;92;41;6,1;4,5;
2026/01/07;0500 UTC;0;930;930,2;929,9;;20,5;19,6;21,3;20,5;19,7;19,6;95;90;95;48;6,8;3,6;
2026/01/07;0600 UTC;0;929,6;930;929,5;;20,8;19,8;20,8;20,4;19,9;19,6;96;94;94;53;5,5;4,1;
2026/01/07;0700 UTC;0;929,4;929,6;929,3;;20;19,2;20,8;20;19,8;19,1;95;94;95;27;5,8;3,2;
2026/01/07;0800 UTC;0;929,5;929,5;929,3;;19,8;19,2;20;19,8;19,4;19,1;97;95;97;25;5,7;3,7;
2026/01/07;0900 UTC;0;930,3;930,3;929,5;;19,4;19,3;19,7;19,4;19,5;19,2;100;97;99;39;5,1;3;
2026/01/07;1000 UTC;0;931,1;931,1;930,3;236,8;21,3;19,5;21,3;19,3;19,7;19,2;100;89;89;55;4;1;
2026/01/07;1100 UTC;0;932,1;932,1;931,1;969,9;22,7;20,1;22,7;21,2;20,2;19,2;89;82;86;69;4,7;3;
2026/01/07;1200 UTC;0;932,4;932,5;932,1;1839,6;24,3;20;24,4;22,7;20,1;19,3;86;76;77;32;6,1;3,9;
2026/01/07;1300 UTC;0;932,5;932,6;932,4;2615,3;25,9;20;26;24,3;20,8;19,5;78;70;70;10;8;4,4;
2026/01/07;1400 UTC;0;932,5;932,6;932,4;3204,9;27,4;20,1;28;25,7;20,8;19,3;71;61;64;33;6,1;3,2;
2026/01/07;1500 UTC;0;931,9;932,5;931,9;3595,9;28,7;19,4;28,9;27,2;20,4;18,6;65;56;57;61;5,6;2,3;
2026/01/07;1600 UTC;0;931,6;931,9;931,6;3479;30,7;19,1;30,8;28,1;21;17,8;60;49;50;284;5,2;2,7;
2026/01/07;1700 UTC;0;930,8;931,6;930,8;2089,9;29,5;18,8;31;28,7;20,2;17,5;57;47;53;153;5;1,4;
2026/01/07;1800 UTC;0;929,6;930,8;929,6;3214,5;29,7;18,4;31,9;29,5;20,1;17,4;55;43;51;75;5,1;1,9;
2026/01/07;1900 UTC;0;928,9;929,6;928,7;2206,3;31,4;18,5;31,9;29,7;19,9;17,4;55;43;46;108;7;2,3;
2026/01/07;2000 UTC;0;928,6;928,9;928,3;852,5;25,6;21;31,4;25,3;21,5;18,2;78;46;76;216;5,2;1,7;
2026/01/07;2100 UTC;0;928,7;928,7;928,1;174,3;24,4;20,8;25,9;24,4;21,4;20,4;81;72;80;279;4,2;2,1;
2026/01/07;2200 UTC;0;929,5;929,5;928,7;35,8;23,1;19,2;24,4;22,8;20,7;19,1;83;78;79;257;4,5;2,2;
2026/01/07;2300 UTC;0;930,3;930,3;929,5;;22,4;19,8;23,1;22,2;19,9;19;86;79;85;196;3,4;1,3;
2026/01/08;0000 UTC;0;931;931;930,3;;22,6;19,9;22,8;22,2;20,1;19,4;88;81;85;220;5,4;1,4;
2026/01/08;0100 UTC;0;931,6;932,1;931;,4;21,9;20,4;23,6;19,5;20,6;17,5;95;77;92;62;21,7;4,4;
2026/01/08;0200 UTC;,2;931,9;932;931,6;;20,2;18,3;21,9;20,2;20,5;18,3;94;87;89;26;7,2;4,6;
2026/01/08;0300 UTC;0;932,1;932,4;931,9;;20,4;18,6;20,9;20,1;18,9;18,2;92;85;89;38;6,7;4,6;
2026/01/08;0400 UTC;;;;;;;;;;;;;;;;;;
2026/01/08;0500 UTC;,2;931,5;931,8;931,4;;20;19,7;20,2;19,8;19,8;19,2;98;94;98;47;4;1,9;
2026/01/08;0600 UTC;,4;931,5;931,9;931,5;;20;19,5;20,2;19,6;20,2;19,5;100;97;97;354;3,1;2,5;
2026/01/08;0700 UTC;,4;931,1;931,5;931,1;;20,3;19,7;20,5;20;20,1;19,6;98;95;96;50;3,4;2,8;
2026/01/08;0800 UTC;,4;930,7;931,2;930,7;;20,4;20,4;20,4;20,2;20,4;19,7;100;96;100;52;3,8;2,7;
2026/01/08;0900 UTC;,4;931,4;931,4;930,6;;20,3;20,3;20,5;20,2;20,5;20,1;100;99;100;43;3,6;1,8;
2026/01/08;1000 UTC;,4;932,3;932,3;931,4;109,4;20,9;20,9;20,9;20,2;20,9;20,2;100;100;100;55;3;,3;
2026/01/08;1100 UTC;,4;932,8;932,8;932,3;656,1;22,8;21,4;22,9;20,8;21,4;20,8;100;91;92;6;3,8;2,3;
2026/01/08;1200 UTC;,6;933,2;933,2;932,8;1835;24,8;21,7;24,8;22,5;21,7;20,6;92;81;83;24;4,8;3,3;
2026/01/08;1300 UTC;,6;933,2;933,3;933,1;2659,4;25,9;20,8;26,9;24,4;21,9;20,4;82;72;73;15;5,7;2,9;
2026/01/08;1400 UTC;,4;932,9;933,2;932,9;2274,5;26,2;20,6;27,2;25,8;22;20,1;76;69;71;27;6,1;3,6;
2026/01/08;1500 UTC;,6;932,3;932,9;932,3;1901,3;27,1;20,2;27,5;26,2;21,5;19,7;71;64;66;43;5,7;3;
2026/01/08;1600 UTC;,4;931,7;932,3;931,7;2808,3;27,4;20,4;29;26,7;21,7;19,6;69;59;66;37;6,5;4,5;
2026/01/08;1700 UTC;,4;931,1;931,7;931,1;2894,3;28,5;20,5;29,5;27,4;21,4;19,6;66;57;62;14;6,8;3,8;
2026/01/08;1800 UTC;0;930,2;931,1;930,2;3336,9;29,7;19;30,5;28,4;21,6;18,9;64;52;53;65;6,3;2,7;
2026/01/08;1900 UTC;0;929,4;930,2;929,4;2645,4;30,5;18,9;30,7;29;20,5;18,5;58;49;50;90;5,6;1,5;
2026/01/08;2000 UTC;0;928,7;929,4;928,7;2406;29,8;19,8;31;29,7;21;18,5;59;49;55;360;5,6;3,6;
2026/01/08;2100 UTC;0;928,5;928,7;928,4;1238,2;29,3;19,9;30,4;29,2;20,5;18,6;58;50;57;4;5,3;1,3;
2026/01/08;2200 UTC;0;929,3;929,3;928,5;370,1;27,6;20,1;29,5;27,6;20,2;19;64;54;64;29;2,8;2;
2026/01/08;2300 UTC;0;929,7;929,7;929,3;2,3;26,1;20,2;27,6;26,1;21;19,7;70;64;70;109;2,8;1,2;
2026/01/09;0000 UTC;0;930,9;930,9;929,7;;23,8;19,9;26,1;23,8;21,1;19,4;79;70;79;16;7,6;4,8;
2026/01/09;0100 UTC;0;932,3;932,3;930,9;;21,6;21,1;23,8;21,4;21,1;19,7;97;79;97;349;9,7;1,7;
2026/01/09;0200 UTC;0;932,5;932,6;932,3;;21,3;20,9;21,8;21,3;21,2;20,7;97;95;97;18;3,6;2,6;
2026/01/09;0300 UTC;0;932,4;932,7;932,3;;21,4;21,4;21,6;21,3;21,5;20,9;100;96;100;28;4,5;3,1;
2026/01/09;0400 UTC;0;931,4;932,4;931,4;;21,3;21,1;21,6;21,3;21,5;20,7;100;95;99;25;5,6;2,6;
2026/01/09;0500 UTC;0;931,2;931,5;931,1;;21,2;21,2;21,5;21,2;21,4;21;100;98;100;40;4,6;2,6;
2026/01/09;0600 UTC;,2;930,9;931,2;930,8;;21,1;21,1;21,2;21,1;21,2;21,1;100;100;100;39;4,1;2,7;
2026/01/09;0700 UTC;0;930,8;930,9;930,7;;21;20,1;21,2;20,9;21,2;20,1;100;95;95;33;7,2;4,9;
2026/01/09;0800 UTC;0;931,2;931,2;930,8;;20,6;19,8;21;20,5;20,1;19,7;95;93;95;31;7,4;3,8;
2026/01/09;0900 UTC;0;931,5;931,5;931,2;;20,4;19,7;20,8;20,4;19,9;19,6;96;94;96;31;7,9;5,4;
2026/01/09;1000 UTC;0;932,3;932,3;931,5;108,5;20,6;20;20,6;20,4;20;19,7;97;95;97;39;7,5;3,5;
2026/01/09;1100 UTC;0;932,5;932,5;932,2;818,3;22,6;20,5;22,8;20,6;20,8;20,1;97;87;88;24;6;3,9;
2026/01/09;1200 UTC;0;933;933;932,4;1923,5;25,5;20,7;25,8;22,6;21,6;20,3;89;73;75;33;6,2;3,8;
2026/01/09;1300 UTC;0;933;933,2;932,9;2683,2;26,8;20,3;27,3;25,4;21,5;20;77;67;68;19;6,8;4,6;
2026/01/09;1400 UTC;0;933;933,1;932,9;2832,2;28,4;19,4;29;26,7;21,4;18,9;70;57;58;358;7,2;3,6;
2026/01/09;1500 UTC;0;932,5;933;932,5;3575,9;29,8;20;29,8;27,9;21;18,9;63;56;56;9;8;4,6;
2026/01/09;1600 UTC;0;931,9;932,5;931,9;3827,7;30,4;18,6;31;29,4;21;18,5;58;48;50;3;9,5;6,4;
2026/01/09;1700 UTC;0;931;931,9;931;3970,6;31,3;15,3;32;29,9;20,1;14,5;52;36;38;7;10,8;6,7;
2026/01/09;1800 UTC;0;930,5;931;930,4;3158,6;29,9;15,4;32,2;29,9;17,5;14,6;44;35;41;5;10,5;5,7;
2026/01/09;1900 UTC;0;930,2;930,5;930,1;1590,2;30,1;16,3;30,4;29,8;17,5;14,9;47;39;43;358;8,7;4,8;
2026/01/09;2000 UTC;0;929,7;930,3;929,7;1636;30,2;17;31;29,6;18,5;15,6;49;40;45;4;8,5;4,2;
2026/01/09;2100 UTC;0;930;930,1;929,7;530,8;28,1;18,6;30,1;28;19;16,7;58;44;57;358;8;2,3;
2026/01/09;2200 UTC;0;930,4;930,4;930;167,5;26,7;18,8;28,1;26,7;19;18,5;62;56;62;359;3,8;2,8;
2026/01/09;2300 UTC;0;931,3;931,3;930,4;2,7;25;20,1;26,8;24,7;20,1;18,6;74;61;74;4;4,5;2,9;
2026/01/10;0000 UTC;0;932;932,1;931,3;;23,6;17;25,7;23,6;20,2;16,4;76;61;66;91;9,7;2,2;
2026/01/10;0100 UTC;0;932,2;932,2;931,9;;22,7;17,5;23,6;22,5;17,7;16,7;74;65;72;53;4,8;3,3;
2026/01/10;0200 UTC;0;932,5;932,5;932,2;;22,3;17,6;23;22,3;17,6;17,2;75;70;75;36;5,4;3,5;
2026/01/10;0300 UTC;0;932,2;932,5;932,2;;22,7;18,4;22,8;22,3;18,5;17,5;78;73;77;28;4,9;3,8;
2026/01/10;0400 UTC;0;931,7;932,2;931,7;;21,7;18,6;22,8;21,6;18,6;18,3;83;76;83;31;4,8;3,3;
2026/01/10;0500 UTC;0;931,7;931,7;931,5;;20,8;18,7;21,9;20,7;18,7;18,2;88;81;88;59;4,7;1,1;
2026/01/10;0600 UTC;0;931,5;931,7;931,5;;20,9;18,5;21;19,9;18,9;18,3;92;86;86;18;3,9;3,3;
2026/01/10;0700 UTC;0;931,5;931,6;931,4;;19,9;18,3;21,3;19,9;18,4;17,9;91;82;91;108;4,4;,3;
2026/01/10;0800 UTC;0;931,5;931,7;931,5;;20,1;18,3;20,3;19,8;18,5;18,1;92;88;90;46;2,7;1,6;
2026/01/10;0900 UTC;0;932;932;931,5;;20,5;18,6;20,7;20,1;18,7;18,3;90;88;89;37;2,5;2,1;
2026/01/10;1000 UTC;0;932,4;932,4;932;115,8;20,6;19,1;20,7;20,2;19,1;18,4;91;88;91;347;3;1,8;
2026/01/10;1100 UTC;0;932,7;932,7;932,4;610,7;22,9;18,9;23,3;20,6;19,3;18,4;91;75;78;31;3,5;2,8;
2026/01/10;1200 UTC;0;933;933;932,7;1493,1;26,6;19;26,7;22,9;19,9;18,9;81;63;63;21;4,9;2,6;
2026/01/10;1300 UTC;0;933,1;933,2;932,9;2563;29;19;29;26,6;20,2;18,2;65;52;55;318;4;2,2;
2026/01/10;1400 UTC;0;932,4;933,1;932,4;3216,4;30,2;17,8;30,9;29;20;17,5;56;46;48;23;4,4;2,2;
2026/01/10;1500 UTC;0;931,4;932,4;931,4;3038,9;30;18,2;31,8;29,8;19,5;16,4;52;43;49;283;4,2;1,8;
2026/01/10;1600 UTC;0;931,5;931,6;931,3;1089,6;25;20;31,5;25;20,5;17,3;74;43;74;107;7,4;2,4;
2026/01/10;1700 UTC;0;931,3;931,5;930,8;460,4;24,4;18,8;25;22,5;20,2;17,9;82;70;71;141;8,9;1,3;
2026/01/10;1800 UTC;0;930,5;931,3;930,5;1126,1;27;19,2;27;24,5;22,4;18,6;79;62;62;77;5,7;4;
2026/01/10;1900 UTC;0;929,9;930,5;929,5;2425,3;26,8;19,7;27,8;26,8;20,8;18,9;68;60;65;9;12,3;7,9;
2026/01/10;2000 UTC;0;929,4;930;929,3;1361,5;25,6;17,2;26,8;25,6;19,6;16,1;67;54;60;12;12,7;3;
2026/01/10;2100 UTC;0;929,6;929,6;928,9;453,7;24,4;19,4;25,6;24,4;19,9;17,1;74;60;74;44;7,2;4,7;
2026/01/10;2200 UTC;0;930,3;930,4;929,5;162,7;23,8;18,6;24,4;23,8;19,6;18,5;75;72;73;82;6,6;2,4;
2026/01/10;2300 UTC;0;930,7;930,7;930,3;;22,6;18,1;23,8;22,6;18,8;17,9;76;73;76;62;5,5;3,7;
2026/01/11;0000 UTC;0;931,2;931,2;930,7;;21,4;18,4;22,6;21,4;18,4;17,9;83;75;83;86;6,3;1,9;
2026/01/11;0100 UTC;0;931,7;931,7;931,1;;20,5;18,5;21,4;20,5;18,7;18,2;88;83;88;151;5,4;1,7;
2026/01/11;0200 UTC;0;931,9;931,9;931,6;;21,6;18,1;21,6;20,5;18,8;18,1;89;81;81;88;2,5;1,8;
2026/01/11;0300 UTC;0;931,4;931,9;931,3;;21;17,9;22,1;21;18,2;17,2;82;74;82;67;3,2;2,1;
2026/01/11;0400 UTC;0;931,4;931,7;931,4;;21,2;17,7;21,2;20,5;18,7;17,7;89;80;80;73;3,3;2,1;
2026/01/11;0500 UTC;0;931,4;931,5;931,2;;20,5;18,1;21,4;20,5;18,6;17,4;88;79;86;49;4,2;2,2;
2026/01/11;0600 UTC;0;930,6;931,4;930,6;;20,7;18,2;21,1;20,1;18,6;17,9;91;83;86;69;4,4;2,4;
2026/01/11;0700 UTC;0;930,4;930,6;930,3;;20,2;18;20,7;20,1;18,3;17,9;88;85;87;53;4,2;1,9;
2026/01/11;0800 UTC;0;930,6;930,6;930,4;;20,6;18,2;20,6;19,8;18,4;18;91;86;86;71;3,5;2,3;
2026/01/11;0900 UTC;0;931;931;930,5;;20,5;17,9;20,9;20,5;18,2;17,5;86;81;85;51;4;3;
2026/01/11;1000 UTC;0;931,7;931,7;931;99,7;20,5;18,5;20,5;19,7;18,6;18;92;85;89;358;4,4;2,5;
2026/01/11;1100 UTC;0;932,1;932,1;931,7;809,7;23,2;19,2;23,2;20,5;19,2;18,2;90;77;78;57;5,9;2,6;
2026/01/11;1200 UTC;0;932,2;932,2;931,9;1276,7;24,3;20,1;24,6;23,2;20,2;18,9;78;75;78;87;4,8;2,8;
2026/01/11;1300 UTC;0;931,6;932,2;931,6;1686,2;26,8;19,7;26,8;24,3;21,2;19,4;79;64;65;74;6,8;4,3;
2026/01/11;1400 UTC;0;931,5;931,7;931,5;2829,1;28,7;19,4;28,8;26,8;20;18,3;65;55;57;52;6,8;4,3;
2026/01/11;1500 UTC;0;931,2;931,5;931,2;3693,5;30,5;19,8;30,6;28,6;20,7;18,4;60;49;53;40;7;2,6;
2026/01/11;1600 UTC;0;931;931,3;931;3407,9;31,2;18,5;31,2;29,4;20,2;17,4;54;45;47;16;7,7;3;
2026/01/11;1700 UTC;0;929,9;931;929,9;3435,1;30,9;17,8;32,4;29,7;18,5;14,1;48;35;46;37;7,8;3,7;
2026/01/11;1800 UTC;0;928,5;929,9;928,5;3533,5;32,1;16,3;32,5;30,8;18,5;15,1;48;35;39;328;5,3;2,7;
2026/01/11;1900 UTC;0;927,9;928,5;927,9;2744,5;31,7;15,4;32,7;31,5;17;14,2;40;34;37;7;4,7;1,3;
2026/01/11;2000 UTC;0;927,3;928;927,3;1493;30,8;16,8;32,2;30,8;17,3;14,5;45;36;43;264;4,1;2,4;
2026/01/11;2100 UTC;0;928;928,1;927,2;507,9;29,7;18,7;30,8;29,7;18,7;16,6;52;43;52;248;3,6;2,1;
2026/01/11;2200 UTC;0;929,1;929,1;928;97,2;23,7;19,9;29,7;23,6;19,9;16,6;79;51;79;315;13,2;5,5;
2026/01/11;2300 UTC;0;930,7;930,7;929,1;,4;20,4;20,4;24,6;20,3;20,6;17,8;100;78;100;185;15;4,7;
2026/01/12;0000 UTC;0;932,3;932,3;930,7;;20,8;;21;20,2;;;;;;251;7,6;2,8;
2026/01/12;0100 UTC;,2;932,1;932,6;932,1;;20,3;;20,9;20,3;;;;;;239;6,7;4,2;
2026/01/12;0200 UTC;0;932,9;933,1;932,1;;20,3;;20,4;20,2;;;;;;237;6,7;2,7;
2026/01/12;0300 UTC;,8;933;933,3;932,9;;20,1;;20,3;20;;;;;;140;5,4;1,4;
2026/01/12;0400 UTC;,8;933,3;933,3;933;;20,2;;20,5;20,1;;;;;;31;4,2;2,4;
2026/01/12;0500 UTC;1,2;932,5;933,3;932,5;;20;;20,2;20;;;;;;318;4;1,9;
2026/01/12;0600 UTC;1,2;931,4;932,5;931,4;;19,6;;20;19,5;;;;;;238;3,5;1,6;
2026/01/12;0700 UTC;1,2;931,8;931,8;931,4;;19,7;;19,8;19,6;;;;;;130;2,6;,7;
2026/01/12;0800 UTC;1,2;931,7;931,8;931,7;;19,8;;19,9;19,6;;;;;;224;1,5;,8;
2026/01/12;0900 UTC;1,4;931,5;931,8;931,5;;19,8;;19,8;19,7;;;;;;127;2;1,6;
2026/01/12;1000 UTC;1,2;932,2;932,2;931,5;42,8;20,2;;20,2;19,8;;;;;;36;2,5;1,5;
2026/01/12;1100 UTC;1,2;932,6;932,7;932,2;235;20,2;;20,2;20;;;;;;44;4,3;2,2;
2026/01/12;1200 UTC;1,2;932,8;933;932,6;870,2;22,2;20,8;22,2;20,2;;;;;92;58;3,3;2,1;
2026/01/12;1300 UTC;1,2;932,8;932,8;932,6;909,1;22,3;20,3;22,7;22,1;21;19,8;93;85;88;119;4,7;3;
2026/01/12;1400 UTC;1,2;933,2;933,3;932,8;869,2;23,6;20,5;23,6;22,2;21,1;20,3;90;83;83;137;4,3;1,1;
2026/01/12;1500 UTC;1,2;933,1;933,2;933;785,9;23,6;20,4;24,1;23,5;20,9;20,1;84;80;83;160;2,5;1,1;
2026/01/12;1600 UTC;1;933,1;933,3;933,1;841,3;24,2;21,6;24,2;23,6;21,9;20,4;89;82;85;233;2,3;,7;
2026/01/12;1700 UTC;1;932,4;933,1;932,4;1255,6;24,5;21,3;24,7;24;22,6;21;89;81;82;107;3,6;2,1;
2026/01/12;1800 UTC;1;931,3;932,4;931,3;1944;26;20,2;26,3;24,6;21,8;19,2;84;66;71;79;3,3;2;
2026/01/12;1900 UTC;1;929,8;931,3;929,8;2330,9;27,2;19,7;27,5;26;21,6;19,6;73;62;63;35;4;2,1;
2026/01/12;2000 UTC;1;929,7;929,8;929,6;1126,3;26,7;21,1;27,5;26,4;21,7;19,8;75;64;72;22;5,4;2,7;
2026/01/12;2100 UTC;1;930,3;930,3;929,7;682,5;25,9;19,8;26,8;25,8;21,3;19,6;75;65;69;25;4,6;2,7;
2026/01/12;2200 UTC;,8;930,4;930,6;930,3;352,6;22,9;18,9;25,9;22,9;19,7;18,5;78;67;78;353;8,7;5,6;
2026/01/12;2300 UTC;,8;931,1;931,1;930,4;6,7;21,8;19;22,9;21,6;19;18,4;84;78;84;322;8,3;2,5;
2026/01/13;0000 UTC;1;931,5;931,5;931,1;;21,3;19,5;21,8;21,2;19,5;19;90;84;89;315;4,1;1,7;
2026/01/13;0100 UTC;,8;932,1;932,1;931,5;;21;19,3;21,6;21;19,6;19,2;90;87;90;180;2,8;1;
2026/01/13;0200 UTC;,6;932,5;932,6;932;;20,8;19,6;21,4;20,8;19,6;19,3;93;89;93;351;2,5;2;
2026/01/13;0300 UTC;,8;932,1;932,5;932,1;;20,2;19,6;20,9;20,2;19,8;19,5;96;93;96;17;3;2,2;
2026/01/13;0400 UTC;,8;931,7;932,1;931,7;;20,1;19,7;20,3;20,1;19,8;19,5;97;95;97;54;4;2,9;
2026/01/13;0500 UTC;,8;931,7;931,8;931,6;;19,9;19,3;20,2;19,9;19,7;19,2;97;95;96;89;3,9;,8;
2026/01/13;0600 UTC;,6;931,5;931,7;931,5;;20;19,5;20;19,9;19,6;19,2;97;96;97;62;2,9;1,9;
2026/01/13;0700 UTC;,8;931,3;931,5;931,3;;19,9;19,5;20;19,9;19,7;19,5;99;97;97;44;5,1;3,8;
2026/01/13;0800 UTC;,6;931,5;931,5;931,3;;20;19,6;20;19,9;19,6;19,4;98;97;97;38;5,1;4;
2026/01/13;0900 UTC;,6;931,7;931,7;931,5;;19,9;19,7;20,1;19,9;19,7;19,5;99;97;99;36;5,1;3;
2026/01/13;1000 UTC;,6;932,5;932,5;931,7;79,2;20,4;19,6;20,4;19,9;19,9;19,6;100;95;95;45;4,3;1,7;
2026/01/13;1100 UTC;,6;933;933;932,5;534,6;22,1;19,4;22,2;20,4;20;19,4;95;85;85;8;3,7;1,9;
2026/01/13;1200 UTC;,4;933,4;933,4;933;714;22,6;19,2;22,6;22,1;19,7;19;85;81;81;27;6,3;4,6;
2026/01/13;1300 UTC;,6;933,9;933,9;933,4;696,2;23,6;18,9;23,6;22,5;19,5;18,7;82;74;75;31;6,3;4;
2026/01/13;1400 UTC;,4;934,1;934,1;933,9;1383,7;25,7;19,1;25,7;23,6;19,4;18,2;75;67;67;13;6,5;3,3;
2026/01/13;1500 UTC;,2;934,2;934,2;934,1;1822,3;26,4;19;26,5;25,7;19,7;18;68;61;64;358;5,6;1,9;
2026/01/13;1600 UTC;0;933,4;934,2;933,4;2610,1;27,6;18,7;28,1;26,2;20,9;18,1;66;56;58;278;5;2,7;
2026/01/13;1700 UTC;0;932,4;933,4;932,4;3339,7;27,8;16,3;30,1;27,6;18,4;14,2;58;41;50;344;6;2,5;
2026/01/13;1800 UTC;0;931,3;932,4;931,3;2129,7;27,4;18,3;28,5;27;20,6;15,8;67;48;58;27;7,6;3,5;
2026/01/13;1900 UTC;0;930,5;931,3;930,5;2390,5;27;18,8;29;27;20,1;17,4;63;51;61;357;5,7;3,4;
2026/01/13;2000 UTC;0;930,3;930,6;930,3;1160,3;27;19,6;28,1;26,6;20,2;18,8;66;59;64;336;5,3;3,4;
2026/01/13;2100 UTC;0;930,1;930,3;930;918,7;28,3;16,9;28,3;26,7;20,3;16,9;67;50;50;296;5;1,3;
2026/01/13;2200 UTC;0;930,5;930,5;930;622,8;26,7;18;28,3;26,7;18,5;16,1;60;49;59;14;2,8;1,2;
2026/01/13;2300 UTC;0;931,3;931,3;930,5;;25,4;19,2;26,7;25,2;19,7;18,1;70;59;69;15;1,6;1,3;
2026/01/14;0000 UTC;0;932;932;931,3;;24,9;18,6;25,4;24,7;19,7;18,6;74;68;68;79;2,1;1,8;
2026/01/14;0100 UTC;0;932,9;932,9;932;;24,1;19,5;25,3;24;19,6;18,2;77;65;76;79;2,9;2,3;
2026/01/14;0200 UTC;0;933,4;933,4;932,9;;23,6;19,5;24,1;23,2;19,8;19,4;81;75;78;71;3,7;2,5;
2026/01/14;0300 UTC;0;933,1;933,5;933;;22,2;19,7;23,6;22,2;19,8;19,5;86;78;86;50;4,5;3;
2026/01/14;0400 UTC;0;932;933,1;932;;21,8;20,1;22,2;21,6;20,2;19,7;90;86;90;39;4,7;3,6;
2026/01/14;0500 UTC;0;931,7;932;931,7;;21,3;19,9;21,8;21,2;20,2;19,9;93;90;92;49;4,7;2,8;
2026/01/14;0600 UTC;0;931,9;932;931,7;;21,4;19,6;21,5;21,2;20;19,6;92;89;89;55;4,6;3,5;
2026/01/14;0700 UTC;0;931,7;932;931,7;;21,5;19,7;21,6;21,3;19,9;19,5;91;89;89;50;4,5;3,7;
2026/01/14;0800 UTC;0;932;932;931,5;;20,8;19,8;21,5;20,7;19,8;19,5;94;89;94;49;4,6;2,4;
2026/01/14;0900 UTC;0;932,5;932,5;932;;20,6;19,5;21,4;20,6;19,8;19,4;94;90;93;47;4,4;3,1;
2026/01/14;1000 UTC;0;933;933;932,5;208,7;21,7;20,2;21,7;20,5;20,3;19,5;95;91;91;30;4;2,6;
2026/01/14;1100 UTC;0;933,4;933,4;932,9;739,9;23,6;20,6;23,6;21,7;20,9;20,2;91;83;83;32;4,2;2,2;
2026/01/14;1200 UTC;0;933,9;933,9;933,4;1082,5;25,3;19,9;25,8;23,6;21,4;19,9;84;72;72;170;3,2;,8;
2026/01/14;1300 UTC;0;934,2;934,2;933,9;1645,4;26,4;20,3;26,7;25,3;21,1;19,8;74;69;69;6;2,7;1,2;
2026/01/14;1400 UTC;0;934,1;934,2;934,1;1758,6;27,3;20,2;28,1;26,4;21,3;19,1;71;61;65;40;4,3;1,7;
2026/01/14;1500 UTC;0;933,5;934,1;933,4;2457,6;27,6;20,4;29,5;27;22;19,4;69;60;65;78;5,1;1,2;
2026/01/14;1600 UTC;0;933,1;933,6;933,1;439,4;21,9;19,2;27,6;21,3;20;15,1;85;57;85;40;12,4;5;
2026/01/14;1700 UTC;0;931,9;933,1;931,8;640;22,9;18,6;23,8;21,9;19,2;17,3;85;67;77;42;7;3,6;
2026/01/14;1800 UTC;0;930,6;931,9;930,6;2046,4;26,1;19,8;26,8;22,6;21,2;18,8;82;66;68;46;5,9;3,1;
2026/01/14;1900 UTC;0;931,2;931,2;930,6;1259;26,2;20,4;26,7;26,1;20,4;19;71;64;71;122;4,6;1,8;
2026/01/14;2000 UTC;0;931,6;931,6;931,1;475,3;22,4;18,7;26,2;22,4;20,9;18,5;80;69;80;225;10,8;6,2;
2026/01/14;2100 UTC;0;930,7;931,9;930,7;298,9;20;18,8;22,4;20;19;18,4;93;79;92;208;9,7;4;
2026/01/14;2200 UTC;0;930,6;930,7;930,2;162,7;20,2;18,4;20,2;19,9;18,8;18,2;93;89;90;192;7,6;1,9;
2026/01/14;2300 UTC;0;930,9;930,9;930,6;,6;19,4;18,5;20,2;19,3;18,6;18,3;95;89;95;351;3,5;,6;
2026/01/15;0000 UTC;0;931,9;931,9;930,9;;19,1;18,5;19,4;18,9;18,7;18,3;97;95;97;8;2,8;1,6;
2026/01/15;0100 UTC;0;932,2;932,3;931,9;;19,8;18,4;19,8;19,1;18,8;18,4;97;92;92;67;5,6;3,9;
2026/01/15;0200 UTC;0;932,4;932,5;932,1;;20;18;20,1;19,6;18,3;18;92;88;88;69;6,1;2,6;
2026/01/15;0300 UTC;0;932,8;932,8;932,4;;19,5;17,7;20;19,5;18,2;17,7;90;87;89;56;5,2;1,4;
2026/01/15;0400 UTC;0;932,2;932,9;932,2;;20;17,8;20,1;19,2;18;17,6;92;86;87;63;6,1;3,8;
2026/01/15;0500 UTC;0;931,8;932,2;931,8;;19,1;17,8;20,1;19,1;17,9;17,8;92;87;92;49;6,5;2,9;
2026/01/15;0600 UTC;0;931,5;931,9;931,5;;18,9;18;19,4;18,8;18;17,7;95;91;95;45;6,6;4,9;
2026/01/15;0700 UTC;0;931,2;931,7;931,1;;18,8;18,2;19;18,7;18,4;18;96;95;96;35;7;4,8;
2026/01/15;0800 UTC;0;931,1;931,3;931;;19,3;18,3;19,4;18,6;18,5;18,1;97;94;94;34;7,2;4,8;
2026/01/15;0900 UTC;0;931,6;931,6;931;;19,5;18,3;19,5;18,9;18,4;18,1;96;93;93;33;7,6;4;
2026/01/15;1000 UTC;0;932,5;932,5;931,6;119,6;20,1;19,1;20,1;19,4;19,1;18,2;95;93;94;31;5,4;,6;
2026/01/15;1100 UTC;0;933;933;932,5;645,4;22,4;19,1;22,4;20,1;19,6;18,8;94;82;82;42;2,3;1,7;
2026/01/15;1200 UTC;0;933,4;933,4;933;1462;25,5;18,7;26,2;22,3;20,1;18,4;82;65;66;70;3,1;1,3;
2026/01/15;1300 UTC;0;933,5;933,6;933,3;1648,3;26,1;20,7;26,7;25,2;20,8;18,8;72;65;72;108;3,2;,9;
2026/01/15;1400 UTC;0;933,5;933,6;933,4;1360,8;26,7;20,3;27,2;26,1;21;19,3;72;64;68;62;3,4;2,1;
2026/01/15;1500 UTC;0;933,3;933,5;933,3;1894,8;28,2;20,3;28,2;26,7;20,6;19,3;68;60;62;61;4,3;2,5;
2026/01/15;1600 UTC;0;932,5;933,3;932,5;3431,2;28,9;19,7;29,5;28,2;21,3;19;64;54;58;36;6;3,6;
2026/01/15;1700 UTC;0;932;932,6;931,9;2289,3;26,1;18;29,7;26,1;20,5;17;61;52;61;353;7,2;3,7;
2026/01/15;1800 UTC;0;932;932,4;932;467,8;21,2;19,2;26,1;21,1;19,2;17,9;88;61;88;51;13,1;4,8;
2026/01/15;1900 UTC;0;930,7;932;930,7;311,1;22,2;20,2;22,6;21,2;20,5;18,8;91;80;89;224;6,5;1;
2026/01/15;2000 UTC;0;930,2;930,7;929,8;707,6;23,6;19,9;24,2;22,2;20,4;19;89;73;80;217;2,7;1,7;
2026/01/15;2100 UTC;0;930,4;930,5;930,2;613,6;23,7;20,4;23,9;23,5;21,3;20;87;80;82;195;2,9;1,1;
2026/01/15;2200 UTC;0;930,6;930,6;930,3;221,8;23,5;20,8;23,7;23,4;21;20,2;86;81;85;348;2,5;,5;
2026/01/15;2300 UTC;0;931,4;931,5;930,5;4,3;22,5;20,6;23,5;22,2;21,1;20,5;92;85;89;47;5,7;2,1;
2026/01/16;0000 UTC;,2;932,1;932,1;931,3;;21,7;20,2;22,8;21,6;20,6;19,9;91;85;91;88;5,1;1,6;
2026/01/16;0100 UTC;0;932,6;932,6;932,1;;22,2;18,8;22,3;21,3;20,2;18,8;92;81;81;65;4,5;3,4;
2026/01/16;0200 UTC;0;932,7;932,7;932,6;;21,7;18,7;22,2;21,5;19;18,7;86;81;83;64;5,1;3,8;
2026/01/16;0300 UTC;0;932,3;932,7;932,3;;21,4;18,5;21,7;21,3;18,9;18,3;86;81;83;53;5,7;4,1;
2026/01/16;0400 UTC;,2;931,7;932,3;931,7;;21,2;18,5;21,5;20,8;18,7;18,4;88;83;85;52;5,4;4;
2026/01/16;0500 UTC;0;932;932;931,6;;20,5;18,8;21,2;20,5;18,9;18,5;90;85;90;32;5,3;2,9;
2026/01/16;0600 UTC;0;931,7;932;931,7;;20,7;18,6;20,7;20,3;18,8;18,6;91;88;88;29;5,1;2,7;
2026/01/16;0700 UTC;0;931,7;931,8;931,6;;20,8;18,5;21,1;20,7;18,6;18,3;88;84;87;36;5;3,2;
2026/01/16;0800 UTC;0;931,7;931,8;931,6;;21;18,5;21,1;20,8;18,5;18,4;87;85;86;37;4,1;3,5;
2026/01/16;0900 UTC;,2;931,7;931,9;931,7;;21;18,7;21;20,8;18,7;18,5;88;86;87;37;4,6;3,6;
2026/01/16;1000 UTC;0;932,3;932,3;931,7;82,1;21,6;18,7;21,7;21;19;18,6;88;82;84;46;4,2;3;
2026/01/16;1100 UTC;0;932,5;932,5;932,3;387,1;22,7;19;22,7;21,4;19,4;18,7;87;79;80;58;4,4;2,7;
2026/01/16;1200 UTC;0;932,8;932,9;932,5;1685,3;26,2;20;26,2;22,7;20;18,8;80;67;69;55;5,5;3,8;
2026/01/16;1300 UTC;0;933,4;933,4;932,8;2549,8;27,6;20,3;28,2;26,2;21,2;19,6;70;61;64;28;5,7;3,1;
2026/01/16;1400 UTC;,2;933,3;933,5;933,3;2963,8;29,4;19,4;29,8;27,7;21,5;19,2;66;55;55;13;4,8;2,7;
2026/01/16;1500 UTC;0;933;933,4;933;2021,2;27,4;17,2;30,3;26,7;20,5;15,2;58;47;54;308;10;4,8;
2026/01/16;1600 UTC;0;932,6;933;932,6;2593,5;28,8;17;30;27,5;19,5;15,6;57;44;49;317;8,7;3,2;
2026/01/16;1700 UTC;0;931,5;932,7;931,5;771,9;26,4;19,2;28,8;26,4;20;16,3;66;48;65;153;5,3;3,2;
2026/01/16;1800 UTC;0;932,2;932,2;931,5;506;24,9;19,3;26,4;24,6;19,8;19;74;65;71;87;7,2;3;
2026/01/16;1900 UTC;0;931,1;932,3;931,1;582;24,1;18,2;25,2;23,4;19,3;17,2;72;64;70;32;10,9;3,3;
2026/01/16;2000 UTC;0;930,5;931,1;930,4;535;22,8;18,9;24,4;22,4;19,4;17,8;83;68;78;296;5,3;,8;
2026/01/16;2100 UTC;0;931,8;931,8;930,5;463,7;23,4;19,9;23,6;22,8;20,1;19;83;78;81;242;2,9;2;
2026/01/16;2200 UTC;0;931,9;931,9;931,7;184,7;23,2;19,8;23,6;23,2;20,3;19,8;84;80;81;305;5,8;2;
2026/01/16;2300 UTC;0;932,4;932,4;931,8;4,1;21,9;20,7;23,2;21,8;20,7;19,4;93;80;93;41;5,8;2,1;
2026/01/17;0000 UTC;0;932,6;932,6;932,3;;21,8;20,3;22,2;21,7;20,8;20,3;94;90;92;48;4,6;3,5;
2026/01/17;0100 UTC;0;932,1;932,6;932,1;;21,7;19,7;21,9;21,5;20,3;19,5;92;88;88;63;5,9;3,3;
2026/01/17;0200 UTC;0;932,1;932,3;932;;20,8;19,3;22;20,8;19,7;19,2;91;86;91;41;4,9;2;
2026/01/17;0300 UTC;0;932,2;932,2;931,9;;20,8;19,5;20,8;20,2;19,5;18,8;94;91;92;70;3;1,5;
2026/01/17;0400 UTC;0;931,6;932,2;931,6;;20,6;19,8;21,2;20,2;19,8;19,2;95;91;95;59;2,9;1;
2026/01/17;0500 UTC;0;931,2;931,6;931,2;;20;19,1;20,6;19,7;19,7;18,8;96;94;95;22;4,9;3,7;
2026/01/17;0600 UTC;0;930,8;931,2;930,8;;20,2;18,9;20,3;19,9;19,1;18,9;95;92;93;30;5,5;3,3;
2026/01/17;0700 UTC;0;930,3;930,8;930,3;;19,3;18,5;20,2;19,3;18,9;18,4;95;92;95;27;5,6;2,7;
2026/01/17;0800 UTC;0;930,4;930,4;930,2;;18,9;18,1;19,3;18,8;18,5;18,1;97;95;95;14;4,5;3,4;
2026/01/17;0900 UTC;0;930,6;930,6;930,4;;18,7;17,8;19;18,4;18;17,5;96;94;95;36;5;3,7;
2026/01/17;1000 UTC;0;931,3;931,3;930,6;105,5;19,5;18,2;19,5;18,5;18,3;17,7;96;92;92;55;5;1,7;
2026/01/17;1100 UTC;0;931,7;931,7;931,2;821,1;22,1;19,1;22,1;19,5;19,2;18,3;92;82;83;49;4,3;2,6;
2026/01/17;1200 UTC;0;931,8;931,8;931,7;1668,7;25,6;20;25,6;22,1;20;18,9;84;71;71;30;5;2,5;
2026/01/17;1300 UTC;0;931,9;931,9;931,8;2525,9;27,6;19,7;27,6;25,5;20,2;18,2;71;57;62;19;4,3;2,2;
2026/01/17;1400 UTC;0;931,6;931,9;931,6;3144,9;29,5;16,7;29,5;27,7;20,4;16,4;62;46;46;65;3,6;1,3;
2026/01/17;1500 UTC;0;931,2;931,6;931,2;3531,2;30,4;15,8;31,1;29,4;19,7;15,5;54;40;41;48;4,8;2,1;
2026/01/17;1600 UTC;0;930,7;931,2;930,7;3023,9;30,5;18;31,8;29,8;18;14,9;47;39;47;299;5,8;1,8;
2026/01/17;1700 UTC;0;930;930,7;930;2301,3;31,4;17,4;32,5;29,6;19;16;49;40;43;250;6,1;3,7;
2026/01/17;1800 UTC;0;929,1;930;929,1;2650;30;18,1;31,6;29,7;19,3;16,2;50;42;49;246;7,1;1,2;
2026/01/17;1900 UTC;0;927,8;929,1;927,8;2664,8;31,6;16,4;32;29,6;19,3;15,1;52;37;40;264;7,3;5;
2026/01/17;2000 UTC;0;927,4;927,8;927,3;1832,9;30;16;32;30;16,9;15;43;37;43;263;7,3;4;
2026/01/17;2100 UTC;0;927,6;927,6;927,4;1109,6;30,5;16;31,2;29,8;17,3;15,8;47;40;42;296;5,3;2,6;
2026/01/17;2200 UTC;0;927,6;927,7;927,4;534,2;28,4;17,2;30,7;28,4;17,2;16,3;51;42;51;255;4,2;2,3;
2026/01/17;2300 UTC;0;928,1;928,1;927,6;5,2;25,3;18,3;28,4;25;18,6;17,2;67;51;65;71;2,9;1,1;
2026/01/18;0000 UTC;0;929;929;928,1;;25,3;19,2;26,2;25,3;19,3;17,8;69;60;69;74;2,6;1,1;
2026/01/18;0100 UTC;0;929,8;929,8;929;;22,8;20,1;25,3;22,7;20,1;18,6;85;69;85;34;3,3;2,2;
2026/01/18;0200 UTC;0;930,5;930,5;929,8;;23;19,7;23;22,5;20,1;19,7;85;82;82;333;4,9;1,3;
2026/01/18;0300 UTC;0;930,6;930,7;930,5;;21,9;19,6;23,3;21,8;19,6;19;87;78;87;6;3,1;2,4;
2026/01/18;0400 UTC;0;929,8;930,6;929,8;;21,4;19,4;22,3;21,4;19,6;18,9;88;82;88;9;3,2;2,9;
2026/01/18;0500 UTC;0;929,3;929,8;929,3;;21;19,3;21,5;21;19,5;19,3;90;88;90;360;4,2;2,7;
2026/01/18;0600 UTC;0;929,1;929,3;929,1;;21,1;19;21,3;21;19,3;19;90;87;88;352;3,4;2,2;
2026/01/18;0700 UTC;0;929,1;929,1;929;;20,6;19,1;21,2;20,4;19,1;18,9;92;87;91;1;3,6;2,3;
2026/01/18;0800 UTC;0;929,2;929,2;929;;20,3;18,7;20,9;20,3;19,1;18,7;91;88;90;20;3,1;2,7;
2026/01/18;0900 UTC;0;929,5;929,5;929,1;;20,3;18,9;20,7;20,1;18,9;18,6;92;89;92;349;3,1;1;
2026/01/18;1000 UTC;0;930,4;930,4;929,5;143,6;21,6;19,8;21,6;20,3;19,8;18,6;92;87;89;26;3;1,5;
2026/01/18;1100 UTC;0;931;931;930,4;659,9;23,9;20,5;24,1;21,6;20,5;19,1;89;75;81;325;2,2;1,6;
2026/01/18;1200 UTC;0;931,2;931,2;930,9;1197,7;26,3;20,5;26,5;23,9;21,1;20,1;82;69;71;298;3,6;2,2;
2026/01/18;1300 UTC;0;931,3;931,3;931,2;2495,6;28,5;20,2;28,9;26,3;21,4;19,1;72;58;61;257;5,3;3,4;
2026/01/18;1400 UTC;0;931,1;931,3;931,1;3029,2;29,7;18,8;30,5;28,2;21;18,8;64;52;52;280;7,6;4,1;
2026/01/18;1500 UTC;0;930,7;931,1;930,7;3232,7;29,6;19,8;30,8;29;21;19;59;52;56;253;8;4,2;
2026/01/18;1600 UTC;0;929,2;930,7;929,2;3662,4;30,1;20;31,6;29,5;21,7;18,7;58;48;55;279;8,1;4,3;
2026/01/18;1700 UTC;0;928,7;929,2;928,6;3987,4;31,4;19,9;33,1;30,2;20,9;17,9;54;43;51;265;9;5,5;
2026/01/18;1800 UTC;0;927,6;928,7;927,6;2138,4;29,3;18,9;31,5;28,6;21,4;18,3;61;51;54;284;11,6;5,2;
2026/01/18;1900 UTC;0;927,8;928,1;927,6;751,2;25,4;19,6;29,3;25,4;19,6;16,4;70;48;70;231;10,6;6,7;
2026/01/18;2000 UTC;0;927,2;927,8;927;175,8;24,2;20;25,4;24,1;20,2;19,7;78;70;77;216;10,6;1,8;
2026/01/18;2100 UTC;0;927,4;927,8;927,2;286,6;24;20,6;24,3;23,7;20,7;19,8;82;77;81;170;4,3;,4;
2026/01/18;2200 UTC;0;927,5;927,6;927,3;214,7;23,7;20,3;24,3;23,7;20,6;19,7;81;76;81;35;3,7;2,6;
2026/01/18;2300 UTC;0;927,8;927,9;927,5;4,1;22,7;20,6;23,7;22,7;20,8;20,1;89;80;87;29;4,7;3,7;
2026/01/19;0000 UTC;0;928;928;927,8;;22;20,1;22,8;21,8;20,5;19,7;90;85;89;2;4,7;1,5;
2026/01/19;0100 UTC;0;928,8;928,8;927,9;;22,8;20,2;22,8;21,8;20,6;20,1;91;85;85;23;2,9;2,5;
2026/01/19;0200 UTC;0;929,8;929,8;928,8;;21,9;20,6;22,8;21,8;20,6;20;92;85;92;22;3;1,5;
2026/01/19;0300 UTC;0;929,7;930;929,6;;21,4;20,4;22,2;21,4;20,8;20,1;94;91;94;18;3,4;2,7;
2026/01/19;0400 UTC;0;929,2;929,8;929,2;;21,2;20,1;21,5;21,2;20,4;19,9;94;91;93;24;3,5;2,4;
2026/01/19;0500 UTC;0;928,7;929,2;928,7;;21,5;20;21,5;20,8;20,1;19,9;95;91;91;351;2,8;1,9;
2026/01/19;0600 UTC;0;928,2;928,7;928,2;;21;19,8;22;21;20,3;19,8;93;89;93;19;2,9;1,6;
2026/01/19;0700 UTC;0;927,6;928,2;927,6;;20,5;19,6;21,1;20,5;20;19,6;95;93;95;8;3,4;2,7;
2026/01/19;0800 UTC;0;927,2;927,6;927,2;;21,2;20;21,2;20,5;20,2;19,6;96;93;93;346;3;1,7;
2026/01/19;0900 UTC;0;927,7;927,7;927,2;;21,1;20,1;21,2;20,9;20,1;19,8;94;93;94;344;2,4;1,5;
2026/01/19;1000 UTC;0;928,6;928,6;927,7;116,8;22,1;20,4;22,2;21;20,6;19,9;94;90;90;306;2,3;1,5;
2026/01/19;1100 UTC;0;929,4;929,4;928,6;678,7;24,5;21,2;24,5;22,1;21,4;20,5;91;82;82;253;2,1;1,1;
2026/01/19;1200 UTC;0;929,9;929,9;929,4;1569,7;26,8;21,2;26,8;24,3;21,5;20,3;83;69;71;267;3,6;1,5;
2026/01/19;1300 UTC;0;930;930,2;929,9;2536,6;28,9;21,2;28,9;26,5;21,4;19,6;71;61;63;212;4,3;2,1;
2026/01/19;1400 UTC;0;929,6;930;929,6;2388,2;28,2;20,3;29,8;27,8;21,5;19;64;54;62;252;5,2;1,6;
2026/01/19;1500 UTC;0;928,9;929,6;928,9;2636,1;29,8;20,1;30,8;28,2;20,6;18,4;62;51;56;281;5,2;1,7;
2026/01/19;1600 UTC;0;928,6;928,9;928,3;1551,8;27,7;21;30,9;27,7;21,2;19;67;53;67;216;6,9;4;
2026/01/19;1700 UTC;0;927,4;928,7;927,4;1041,3;25,6;20,4;27,7;23,3;21,5;19,3;81;67;73;209;9,3;3,2;
2026/01/19;1800 UTC;0;926,7;927,4;926,7;3100,1;29,2;18,6;30,7;25,5;22,3;18,6;73;51;53;214;5,3;2;
2026/01/19;1900 UTC;0;925,7;926,7;925,5;1241,5;28,1;20,3;29,3;28;21,2;18,3;64;53;63;206;5,4;2,7;
2026/01/19;2000 UTC;0;925,6;925,7;925,4;1017,1;27,9;19,6;28,3;27,9;20,8;19,3;64;58;60;219;4,6;3,2;
2026/01/19;2100 UTC;0;926,2;926,2;925,5;538,4;27,2;20,9;27,9;27,2;20,9;19,5;69;60;68;207;5;2,7;
2026/01/19;2200 UTC;0;927,1;927,1;926,2;160,3;24,4;20,3;27,2;24,4;21,8;20,2;78;68;78;357;7,5;4;
2026/01/19;2300 UTC;0;928,5;928,5;927,1;3;21,4;20,3;24,4;20,4;20,4;18,5;94;78;93;346;12,5;6,5;
2026/01/20;0000 UTC;0;929;929;928,3;;21,1;19,9;21,5;21,1;20,4;19,8;94;90;93;266;9,6;2,2;
2026/01/20;0100 UTC;0;929;929,1;928,6;;21,2;20;21,6;20,7;20,7;19,9;97;93;93;270;7,1;2,5;
2026/01/20;0200 UTC;0;929,6;929,8;929;;20,9;20,4;21,3;20,9;21;19,9;99;93;97;358;5,1;1,5;
2026/01/20;0300 UTC;0;929,5;929,6;929,5;;21;21;21,1;20,7;21,1;20,4;100;97;100;343;3,5;1,7;
2026/01/20;0400 UTC;0;929,4;929,7;929,4;;21,1;;21,1;20,9;;;;;;141;3,3;1,8;
2026/01/20;0500 UTC;0;928,2;929,4;928,2;;21;;21,2;21;;;;;;108;3,3;1,7;
2026/01/20;0600 UTC;0;927,5;928,2;927,5;;20,7;;21;20,7;;;;;;20;2,6;1,5;
2026/01/20;0700 UTC;,2;927,1;927,5;927,1;;20,4;;20,7;20,4;;;;;;4;2,6;2;
2026/01/20;0800 UTC;0;926,9;927,1;926,8;;20,1;;20,4;20,1;;;;;;36;2,7;2;
2026/01/20;0900 UTC;0;927,2;927,2;926,8;;19,7;;20,2;19,5;;;;;;164;2,4;1,2;
2026/01/20;1000 UTC;0;928,1;928,1;927,2;135,7;20,2;20,2;20,3;19,6;;;;;100;174;1,5;,4;
2026/01/20;1100 UTC;0;928,8;928,8;928,1;572,2;21,6;;21,6;20,2;;;;;;197;1;,5;
2026/01/20;1200 UTC;0;929,5;929,5;928,8;925;22,6;20,9;22,9;21,6;;;;;90;165;4,5;2,8;
2026/01/20;1300 UTC;,2;930,1;930,1;929,5;1078,4;23,8;20,7;23,9;22,5;21,6;20,4;92;82;83;123;5;2,2;
2026/01/20;1400 UTC;,2;930;930,2;930;2389,9;26,9;21,2;26,9;23,9;21,3;19,7;83;69;71;105;4,4;1,1;
2026/01/20;1500 UTC;0;929,7;930;929,7;1570,7;26,1;20,7;27;25,6;21,3;19,5;75;66;72;86;4,3;2,1;
2026/01/20;1600 UTC;,2;929;929,7;929;3054,9;28,4;20,3;28,4;26,1;21,6;19,8;73;62;62;117;5,4;2;
2026/01/20;1700 UTC;,2;928,3;929;928,3;2840,4;28,5;20,5;29,3;27,1;21,4;18,9;69;57;62;100;5;1,1;
2026/01/20;1800 UTC;0;927,4;928,3;927,4;3245,7;28,8;18,4;30,1;28,3;21,3;17,9;62;52;53;194;5,6;2,6;
2026/01/20;1900 UTC;,2;926,5;927,4;926,5;2509,1;29,8;18,3;30,4;28,5;19,8;17,7;57;48;50;167;6,8;3,8;
2026/01/20;2000 UTC;0;926;926,5;925,9;1636,9;29,1;19,5;29,9;28;19,9;17,4;57;48;56;163;7,9;4,2;
2026/01/20;2100 UTC;0;926,2;926,2;925,9;1386,9;28,2;18,8;29,3;27,8;19,6;18,4;59;53;57;128;7;4,3;
2026/01/20;2200 UTC;0;927;927;926,1;493,5;26,1;19,3;28,2;26,1;19,3;18,4;66;56;66;131;7,7;3,6;
2026/01/20;2300 UTC;0;927,9;927,9;927;10,9;22,9;19,7;26,1;22,9;19,8;19,2;82;66;82;129;5,6;2,9;
2026/01/21;0000 UTC;0;928,5;928,5;927,9;;22,2;19,8;23,2;21,7;19,8;19,2;87;80;86;120;4;2,9;
2026/01/21;0100 UTC;,2;929,1;929,1;928,5;;21,9;19,5;22,6;21,8;19,8;19,4;86;83;86;115;3,9;2,6;
2026/01/21;0200 UTC;0;929,5;929,5;929,1;;21,8;19;22,2;21,5;19,5;18,9;87;82;84;88;4,6;2,3;
2026/01/21;0300 UTC;0;929,6;929,6;929,5;;21,5;19,2;22,1;21,5;19,4;19;87;84;87;78;6;3,8;
2026/01/21;0400 UTC;,2;929,4;929,6;929,3;;20,9;18,8;21,5;20,9;19,3;18,8;88;86;88;71;5,9;4;
2026/01/21;0500 UTC;0;928,9;929,4;928,8;;20,1;18,7;20,9;20,1;18,8;18,6;92;88;92;75;5,6;2,4;
2026/01/21;0600 UTC;0;928,6;928,9;928,4;;19,3;17,9;20,3;19,2;18,7;17,8;92;90;92;108;5,6;2,7;
2026/01/21;0700 UTC;0;928,2;928,6;928,2;;19,7;18,3;19,9;19,2;18,7;18;94;92;92;90;5,6;2,1;
2026/01/21;0800 UTC;0;928,2;928,2;928,1;;19,2;18;19,8;19,2;18,4;17,9;93;91;92;98;4,3;1,9;
2026/01/21;0900 UTC;,2;928,6;928,6;928,2;;19,3;17,9;19,4;19;18,1;17,8;93;91;91;105;5,8;3,3;
2026/01/21;1000 UTC;0;929,1;929,2;928,6;146,5;20;18,1;20;19,2;18,1;17,8;92;89;89;97;6,2;3,1;
2026/01/21;1100 UTC;0;929,8;929,8;929,2;850,1;21,9;18,1;21,9;20;18,5;18;89;79;79;97;8,8;4,6;
2026/01/21;1200 UTC;0;930,2;930,2;929,8;1754;23,8;18,7;23,8;21,8;18,8;18;80;73;73;93;9,5;4,6;
2026/01/21;1300 UTC;,2;930,6;930,6;930,2;2558,8;25,1;19;25,5;23,7;19,8;18,5;74;68;69;85;8,7;4,5;
2026/01/21;1400 UTC;0;930,2;930,6;930,2;3202,5;27,3;19,9;27,3;25,1;20,2;18,6;70;62;64;103;8,5;3,9;
2026/01/21;1500 UTC;0;929,8;930,2;929,8;3676,7;27,5;19,5;28,3;26,6;20,1;18,4;65;58;61;83;7,5;3,4;
2026/01/21;1600 UTC;0;929,3;929,8;929,3;2894,5;27,3;18,9;29;27,1;20,3;18,3;64;54;60;98;7,2;2,6;
2026/01/21;1700 UTC;0;928,4;929,3;928,4;3142,1;29,4;18,1;29,8;27,3;19,6;17,4;60;50;51;101;6,3;2,6;
2026/01/21;1800 UTC;0;927,6;928,4;927,6;2077;29,9;18,6;29,9;28,2;18,9;17;54;48;51;130;6,4;2,9;
2026/01/21;1900 UTC;,2;926,9;927,6;926,9;2187;30,3;17,3;30,3;28,2;18,3;16,1;51;44;46;141;8,2;5,1;
2026/01/21;2000 UTC;0;926,6;927;926,6;2134,1;29,1;17,1;30,4;28,8;17,9;15,9;49;44;48;140;7,9;5,1;
2026/01/21;2100 UTC;0;926,7;926,7;926,5;1150,4;28,1;16,7;29,2;27,9;18,1;16,3;52;47;50;131;8,8;5;
2026/01/21;2200 UTC;0;926,9;926,9;926,6;466;26,6;16,2;28,2;26,6;16,8;15,5;53;47;53;140;9;5,1;
2026/01/21;2300 UTC;0;928,2;928,2;926,9;10,7;23,5;17,4;26,5;23,5;17,4;16,2;69;53;69;126;8;2,9;
2026/01/22;0000 UTC;0;928,8;928,8;928,2;;21,6;17,4;23,5;21,6;17,7;17,3;77;69;77;116;4,5;3,1;
2026/01/22;0100 UTC;0;929;929;928,8;;21,5;16,9;21,8;21,3;17,4;16,9;78;75;75;102;4,5;2,3;
2026/01/22;0200 UTC;0;929,7;929,8;929;;21;17,4;21,6;20,8;17,4;16,8;80;75;80;81;6,6;3,5;
2026/01/22;0300 UTC;0;929,6;929,9;929,6;;20,3;18,6;21;20,3;18,7;17,4;90;80;90;67;5,1;3,7;
2026/01/22;0400 UTC;0;929,2;929,6;929,2;;18,6;17,7;20,3;18,6;18,8;17,6;95;90;95;129;5,2;2,1;
2026/01/22;0500 UTC;0;928,6;929,2;928,6;;18,8;;18,9;18,3;18,8;17,7;100;95;;105;2,7;1,5;
2026/01/22;0600 UTC;0;928,6;928,6;928,5;;18,9;18,5;19;18,6;;;;;97;76;3,5;2,3;
2026/01/22;0700 UTC;0;928,6;928,6;928,5;;19,3;18;19,3;18,9;18,6;18;98;92;92;72;4;2,9;
2026/01/22;0800 UTC;,2;928,7;928,7;928,5;;18,3;17,4;19,3;18,1;18;16,9;95;91;95;63;4,1;2,6;
2026/01/22;0900 UTC;0;929;929;928,7;;18,5;17,5;18,9;18,3;17,7;17,4;95;92;94;82;4,1;2,1;
2026/01/22;1000 UTC;0;929,6;929,6;929;144,7;19,5;17,8;19,5;17,9;17,9;17,1;96;90;90;99;3,1;1,2;
2026/01/22;1100 UTC;0;930,3;930,3;929,6;851;21,8;18,4;21,8;19,5;18,6;17,7;90;80;81;108;3,5;2,1;
2026/01/22;1200 UTC;0;930,7;930,7;930,3;1746;24;18,6;24,2;21,8;19,1;18;81;71;72;103;4,7;2,7;
2026/01/22;1300 UTC;0;930,8;930,8;930,7;2559,7;25,7;18,3;26,2;24;19,5;18,1;73;62;64;92;6,9;4;
2026/01/22;1400 UTC;0;930,5;930,8;930,5;3218;27,3;18,7;27,7;25,7;19,4;17,8;65;58;59;120;8,1;3,6;
2026/01/22;1500 UTC;0;930,2;930,6;930,2;3050,4;26,8;17;28,4;26,7;19,5;16,4;60;49;55;91;6,9;2,3;
2026/01/22;1600 UTC;,2;929,5;930,2;929,5;3486,7;29,6;15,7;29,6;26,8;18,3;14,4;58;43;43;119;7,2;2,3;
2026/01/22;1700 UTC;0;928,9;929,5;928,9;3173,6;29;15,8;30,5;27,8;17,2;14,2;49;38;45;109;6,1;2,5;
2026/01/22;1800 UTC;0;928,3;928,9;928,3;2795,7;28,9;14,6;30,6;28,2;16,5;13,6;48;37;42;173;6,9;2,8;
2026/01/22;1900 UTC;,2;927,6;928,3;927,6;3089,6;30,1;13,5;30,6;28,8;16,2;12,9;45;35;36;207;7,9;2,9;
2026/01/22;2000 UTC;0;927,2;927,6;927,2;2207,9;29,6;12,6;30,5;29,2;15,4;11,6;42;33;35;168;7,6;3,8;
2026/01/22;2100 UTC;,2;927,3;927,3;927,1;1308,4;28,7;12,7;29,9;28,7;13,3;11,2;38;33;37;185;7,7;3,4;
2026/01/22;2200 UTC;0;927,7;927,7;927,2;455,5;25,9;13,7;28,7;25,9;14,2;12,5;48;37;47;165;7;3,6;
2026/01/22;2300 UTC;,2;928,3;928,3;927,7;10,1;23,9;14,2;26;23,7;14,4;13,6;56;46;55;152;6,3;3,2;
2026/01/23;0000 UTC;,2;928,8;928,8;928,3;;21,7;14,6;24,1;21,7;14,6;13,9;64;54;64;140;5,2;2,6;
2026/01/23;0100 UTC;,4;929,2;929,2;928,8;;20,7;14,8;21,8;20,7;14,9;14,7;70;64;69;129;4,7;3,4;
2026/01/23;0200 UTC;0;929,7;929,7;929,2;;20;14,7;20,7;19,9;14,9;14,7;72;69;71;124;4,7;3,3;
2026/01/23;0300 UTC;0;929,8;929,9;929,7;;19,8;14,4;20,5;19,6;14,7;14,3;73;68;71;122;4,4;3;
2026/01/23;0400 UTC;0;929,6;929,9;929,6;;19,2;14,7;20,3;19;14,7;14,4;76;69;75;125;5,2;2,9;
2026/01/23;0500 UTC;0;929,2;929,6;929,2;;18,8;14,7;20,2;18,8;14,8;14,5;77;71;77;129;4,7;2,6;
2026/01/23;0600 UTC;0;929,2;929,2;929,1;;19,2;15,3;19,3;18,7;15,3;14,7;79;77;78;105;3,8;2,1;
2026/01/23;0700 UTC;0;929,3;929,3;929,1;;18,9;15,8;19,3;18,7;15,9;15,2;83;78;83;99;3,6;1,5;
2026/01/23;0800 UTC;0;929,3;929,3;929,2;;17,7;16,3;19,5;17,7;16,8;15,9;91;83;91;112;5,4;2,4;
2026/01/23;0900 UTC;0;929,8;929,8;929,2;;17,7;17;18,6;17,3;17,5;16,4;96;91;96;48;5,2;2,7;
2026/01/23;1000 UTC;0;930,2;930,2;929,7;83,3;19,3;19;19,3;17,7;19;17;98;96;98;65;5,6;3,6;
2026/01/23;1100 UTC;,2;930,9;930,9;930,2;415,9;20,5;18,8;20,6;19,3;19,1;18,8;98;90;90;83;5,6;3,2;
2026/01/23;1200 UTC;0;931,4;931,4;930,9;1133,6;22,6;19,1;22,6;20,5;19,2;18,5;90;79;81;75;6,8;4,5;
2026/01/23;1300 UTC;0;931,8;931,8;931,4;1726,9;24;18,7;24,5;22;19,7;18,3;81;72;72;77;7,5;4,7;
2026/01/23;1400 UTC;0;931,6;931,8;931,6;3191,7;26,1;19,4;26,1;23,9;19,8;18,1;74;63;66;86;7,1;3,6;
2026/01/23;1500 UTC;0;931,3;931,7;931,3;3556,7;26,9;18,8;27,6;26;19,6;18,2;67;58;61;70;6,6;2,8;
2026/01/23;1600 UTC;0;930,8;931,3;930,8;2726,1;28,9;16,5;29,1;26,3;19,8;15,7;65;45;47;140;5,8;2,4;
2026/01/23;1700 UTC;0;930;930,8;930;2797,2;29,5;15,5;30,2;27,7;17,9;15,1;53;43;43;207;5;1,9;
2026/01/23;1800 UTC;0;929,3;930;929,3;2136,6;29,9;16,1;30,5;28,1;17;14,3;46;40;43;222;4,9;2,3;
2026/01/23;1900 UTC;0;928,4;929,3;928,4;3085,9;30,2;13,6;31,2;29,9;16,2;12,8;43;34;36;264;5,7;2,9;
2026/01/23;2000 UTC;0;928,1;928,4;928,1;1972,1;29,9;16;30,7;29,2;16,7;13,3;45;35;43;177;6,5;3,4;
2026/01/23;2100 UTC;0;928,1;928,1;928;1333,3;28,2;16,2;29,9;28,2;17,5;15,3;50;41;48;164;8,1;4,8;
2026/01/23;2200 UTC;0;928,5;928,5;928,1;445,3;25,8;16,2;28,2;25,8;16,6;16;55;48;55;140;7,6;3,2;
2026/01/23;2300 UTC;0;929;929;928,5;3,6;23,5;16,1;25,8;23,5;16,4;15,5;63;55;63;127;5,3;3,1;
2026/01/24;0000 UTC;0;929,7;929,7;929;;22,4;17,3;23,5;22,4;17,3;16,2;73;63;73;106;4,5;2,6;
2026/01/24;0100 UTC;0;930,2;930,2;929,7;;21,6;17,3;22,4;21,3;17,5;17,2;78;73;77;108;4,9;3;
2026/01/24;0200 UTC;0;930,7;930,7;930,2;;21,7;17;21,7;20,7;17,3;16,9;80;75;75;96;4,7;2,4;
2026/01/24;0300 UTC;0;930,8;930,8;930,6;;21,3;16,9;21,8;21,1;17;16,8;77;74;76;94;5,7;2,6;
2026/01/24;0400 UTC;0;930,5;930,8;930,4;;20,8;17,4;21,4;20,3;17,4;16,8;82;76;81;76;4,9;3;
2026/01/24;0500 UTC;0;930;930,5;930;;19,6;17,2;21,1;19,6;17,6;17,1;86;80;86;48;5,6;3,6;
2026/01/24;0600 UTC;0;929,8;930,1;929,5;;19,5;17,4;20;19,3;17,7;17,3;88;86;88;46;5,4;3,1;
2026/01/24;0700 UTC;0;929,8;930;929,7;;18,7;17,4;19,5;18,5;17,7;17,1;93;88;92;39;4,3;3,3;
2026/01/24;0800 UTC;0;930,1;930,1;929,8;;18,5;17,4;18,7;18,4;17,5;17,3;94;92;93;41;4,8;4,1;
2026/01/24;0900 UTC;0;930,2;930,3;930;;19;17,5;19,1;18,5;17,7;17,4;94;91;91;60;5,3;3;
2026/01/24;1000 UTC;0;930,8;930,8;930,2;139,3;19,4;17,8;19,4;18,5;17,8;17,1;93;90;90;44;4,5;3,4;
2026/01/24;1100 UTC;0;931,2;931,2;930,8;835,4;22,5;18,6;22,5;19,4;18,6;17,7;90;78;79;44;5,8;4,2;
2026/01/24;1200 UTC;0;931,4;931,4;931,1;1705,5;24,7;18,9;24,9;22,3;19,5;18,3;79;70;70;53;7,5;5,8;
2026/01/24;1300 UTC;0;931,8;931,8;931,4;2535,8;26,4;18,8;26,7;24,6;19,5;18,2;70;62;63;62;10,1;6,4;
2026/01/24;1400 UTC;0;931,7;931,9;931,7;3153,1;27,8;19;28,1;26,4;19,6;18,4;64;58;59;69;9,4;5,1;
2026/01/24;1500 UTC;0;931,7;931,8;931,6;3611,2;29,1;18,4;29,3;27,4;19,3;17,5;60;51;53;60;8,4;3,7;
2026/01/24;1600 UTC;0;931,2;931,7;931,2;2944,6;29,2;17;30,6;28,8;18,7;16,2;54;45;48;76;7,4;4,1;
2026/01/24;1700 UTC;0;930,8;931,2;930,8;2193,8;29,2;16,7;30,5;28,7;17,9;16,4;51;44;47;49;7;3,6;
2026/01/24;1800 UTC;0;930,1;930,8;930,1;2513,6;29,1;17;31,1;28,7;18,7;16,4;51;43;48;81;7,6;3,4;
2026/01/24;1900 UTC;0;929,4;930,1;929,4;2272;30,3;16,5;30,6;28,8;18;16,5;50;43;43;78;6,4;3,2;
2026/01/24;2000 UTC;0;928,9;929,4;928,9;1853,1;30,1;17,1;31,1;29,1;17,9;16,2;49;42;46;115;7,7;2,6;
2026/01/24;2100 UTC;0;928,9;929;928,9;1368,3;30;17,2;30,5;29,9;17,5;16;48;43;46;103;5,6;1,8;
2026/01/24;2200 UTC;0;929,2;929,2;928,9;458,4;27,6;18,1;30;27,6;18,1;16,8;56;46;56;100;4;1,4;
2026/01/24;2300 UTC;0;929,7;929,7;929,2;6,8;26;17,7;27,6;25,8;18,2;17,5;61;56;60;95;2,9;1,5;
2026/01/25;0000 UTC;0;930,3;930,3;929,7;;24,6;18,5;26;24,6;18,5;17,7;69;60;69;97;3,4;1,6;
2026/01/25;0100 UTC;0;931;931;930,3;;22,8;18,3;24,7;22,7;18,5;18,2;76;68;76;54;4,5;2,9;
2026/01/25;0200 UTC;0;931,7;931,7;931;;22,8;18,1;23,2;22,5;18,3;18;77;73;75;52;5,4;3,3;
2026/01/25;0300 UTC;0;931,7;931,8;931,6;;22,5;18,7;22,8;22;18,8;18;79;75;79;42;4,8;3,8;
2026/01/25;0400 UTC;0;931,3;931,7;931,2;;22;19,2;22,5;22;19,2;18,7;84;79;84;48;4,7;3,3;
2026/01/25;0500 UTC;0;931,1;931,3;931;;21,2;19,3;22;20,8;19,3;18,9;89;84;89;51;4,5;3,2;
2026/01/25;0600 UTC;0;930,9;931,1;930,9;;21,2;19,7;21,2;20,9;19,7;19,2;91;89;91;33;4,9;3,9;
2026/01/25;0700 UTC;0;931;931;930,7;;21;19,7;21,2;21;19,7;19,4;92;90;92;51;6,4;3,2;
2026/01/25;0800 UTC;0;931,2;931,2;931;;20,7;19,6;21,1;20,7;19,9;19,6;94;92;94;38;4,9;3;
2026/01/25;0900 UTC;0;931,6;931,7;931,2;;20,6;19,7;21,2;20,6;20;19,6;95;93;95;34;5,3;2,2;
2026/01/25;1000 UTC;0;932,3;932,3;931,6;138,3;21,8;20,4;21,8;20,3;20,4;19,5;96;92;92;54;4,1;2,2;
2026/01/25;1100 UTC;0;932,8;932,8;932,3;832,7;23,6;20,7;23,6;21,8;20,9;20,3;92;83;84;29;6,1;4;
2026/01/25;1200 UTC;0;933,1;933,1;932,8;1707,5;25,8;21,3;25,8;23,6;21,3;20,5;84;75;76;23;8,7;5,4;
2026/01/25;1300 UTC;0;933,3;933,3;933,1;2352,3;27,2;20,7;27,7;25,7;21,8;20,5;76;67;68;10;8,3;5,2;
2026/01/25;1400 UTC;0;933,6;933,6;933,3;2794,3;28,4;21;28,5;27;21,5;20,4;69;63;64;13;9;5,3;
2026/01/25;1500 UTC;0;933,5;933,8;933,4;1665,7;25,6;22,9;29;22,8;23,2;19,9;92;62;85;9;10,7;2;
2026/01/25;1600 UTC;0;932,8;933,5;932,8;1942,8;27,5;20,5;28,4;25,4;23,8;20,5;85;64;66;7;7,7;4,7;
2026/01/25;1700 UTC;,2;931,6;932,8;931,6;2960,9;30,3;20,4;30,8;27,5;22;19,4;68;52;56;1;7,6;2,5;
2026/01/25;1800 UTC;,2;931,3;931,8;931,3;1336,8;25,3;22,5;31;22,5;22,6;19,1;90;52;85;342;14,2;3,5;
2026/01/25;1900 UTC;,2;931,3;931,6;931,2;1048,8;25,1;21,4;26,1;24,8;22,5;21,2;85;76;80;349;7,6;3,6;
2026/01/25;2000 UTC;,2;930,3;931,3;930,3;1362,2;26,8;21,8;26,8;24,9;22,4;21;82;74;74;350;8,2;4;
2026/01/25;2100 UTC;,2;930,7;930,7;930,2;377,2;25,5;20,6;26,8;25,3;21,8;20,4;77;72;75;359;6,2;2,3;
2026/01/25;2200 UTC;,4;931,4;931,4;930,7;294,1;24,5;20,9;26;24,5;21,1;20,5;81;73;80;21;3,8;2,1;
2026/01/25;2300 UTC;,2;932;932;931,4;,8;23,4;20;24,5;23,4;20,9;19,9;84;80;81;21;4,4;3;
2026/01/26;0000 UTC;,2;932,1;932,3;932;;22,4;19,8;23,4;22,4;20;19,5;85;79;85;28;4,1;3,1;
2026/01/26;0100 UTC;,2;932,5;932,5;932,1;;21,7;19,7;22,5;21,7;20;19,6;89;85;89;1;4,4;2,6;
2026/01/26;0200 UTC;,2;933;933,1;932,5;;21,5;19,7;21,9;21,3;20;19,7;92;88;90;10;6,2;4,4;
2026/01/26;0300 UTC;,2;932,9;933,2;932,9;;20,7;19,6;21,5;20,7;19,7;19,5;93;90;93;4;6,2;2,5;
2026/01/26;0400 UTC;,2;932,7;932,9;932,7;;20,4;19,5;20,9;20,2;19,6;19,3;95;92;94;15;4,1;2;
2026/01/26;0500 UTC;,4;932,5;932,7;932,4;;20,4;19,2;20,5;20,3;19,5;19,2;94;93;93;357;4;2,8;
2026/01/26;0600 UTC;,4;932;932,5;932;;19,9;19,3;20,4;19,9;19,3;19,1;96;93;96;329;3,7;,4;
2026/01/26;0700 UTC;,4;931,7;932;931,6;;19,4;18,7;20;19,4;19,3;18,6;96;95;96;12;2,7;1,7;
2026/01/26;0800 UTC;,6;932,1;932,1;931,7;;19,6;18,8;19,7;19,4;19;18,6;96;95;95;29;3,4;2;
2026/01/26;0900 UTC;,4;932,7;932,7;932,1;;19,5;18,9;19,6;19,3;18,9;18,5;96;95;96;351;3;1,6;
2026/01/26;1000 UTC;,4;933,2;933,2;932,7;125,7;21,2;19,2;21,3;19,2;19,7;18,6;97;89;89;150;1,8;,7;
2026/01/26;1100 UTC;,4;933,7;933,7;933,2;809,8;24,3;20,2;24,8;20,8;20,2;18,7;91;73;78;59;1,5;,8;
2026/01/26;1200 UTC;,2;934,2;934,3;933,7;1689,6;24,9;20,7;24,9;23,6;21,2;19;83;74;77;4;3,7;1,9;
2026/01/26;1300 UTC;0;934,5;934,5;934,2;2498,3;26,8;20,9;27;24,9;21,3;20;78;69;70;19;5,1;3,2;
2026/01/26;1400 UTC;0;934,6;934,7;934,5;2875,3;28;20,5;28,9;26,8;21,6;19,7;72;60;64;330;5,3;1,9;
2026/01/26;1500 UTC;0;934,3;934,6;934,2;2751,5;25,4;20,2;29,9;25,4;21;18,3;73;54;73;9;7,5;3,6;
2026/01/26;1600 UTC;,2;934,1;934,4;933,9;1214,3;23,1;21,7;27,3;22,4;22,3;19,5;93;69;92;288;9,8;5,3;
2026/01/26;1700 UTC;,4;932,9;934,1;932,9;2178,7;28;21,4;28,4;23,1;23,6;21,3;93;67;67;340;7,7;2,9;
2026/01/26;1800 UTC;,2;933,1;933,1;932,9;2980,1;25,5;21,3;29,7;25,5;22,5;19,8;77;59;77;281;8,5;5,8;
2026/01/26;1900 UTC;,2;932,2;933,1;932,2;838,1;24,2;20,9;25,5;23,6;21,4;20,2;85;76;82;7;7,9;1,5;
2026/01/26;2000 UTC;,4;932,3;932,3;931,8;580,6;25;20,6;25;24,2;21;20,1;82;75;77;70;2,9;1,5;
2026/01/26;2100 UTC;,2;931,5;932,3;931,5;657,4;26,1;20,6;26,1;24,7;21,4;20,4;81;71;71;14;3;2;
2026/01/26;2200 UTC;,2;931,8;931,9;931,3;421;24,4;21,3;26,3;24,4;21,3;19,6;83;67;83;41;3,9;2,2;
2026/01/26;2300 UTC;,2;932,3;932,7;931,8;2,4;23,2;21,5;24,3;23,2;21,6;21,2;90;83;90;24;4,6;2,8;
2026/01/27;0000 UTC;,2;932,9;932,9;932,3;;22,5;21,3;23,2;22,5;21,6;21,3;93;90;93;61;4,1;1,8;
2026/01/27;0100 UTC;,2;933;933,3;932,9;;22,1;20,8;22,5;21,9;21,4;20,8;96;92;92;37;4,5;3,7;
2026/01/27;0200 UTC;,2;933,9;933,9;933;;21,9;20,1;22,7;21,7;20,8;20;94;86;90;30;5,4;2,3;
2026/01/27;0300 UTC;,2;933,1;933,9;933,1;;21,4;20,1;21,9;21,2;20,5;20;95;90;92;55;4,7;3,2;
2026/01/27;0400 UTC;,2;932,8;933,3;932,8;;20,7;19,6;21,4;20,5;20;19,5;95;92;94;8;5,3;3,1;
2026/01/27;0500 UTC;0;931,9;932,8;931,9;;20,1;18,8;20,7;20,1;19,5;18,8;94;91;93;356;4,4;2,8;
2026/01/27;0600 UTC;,2;932,1;932,1;931,9;;19,6;18,7;20,4;19,6;19,1;18,6;95;91;95;333;4,2;2,4;
2026/01/27;0700 UTC;,2;932,3;932,3;932,1;;20;18,3;20,1;19,5;19;18,3;96;90;90;35;4,1;2,9;
2026/01/27;0800 UTC;,2;932,7;932,7;932,3;;19,4;18,5;20;19,4;18,8;18,3;95;90;95;164;4,1;,9;
2026/01/27;0900 UTC;0;933,4;933,5;932,7;;19,8;19,8;19,8;19,3;19,8;18,5;100;95;100;246;1,8;,7;
2026/01/27;1000 UTC;0;933,8;933,8;933,4;98,7;21;19,4;21;19,8;20,3;19,4;100;90;90;41;3,1;1,8;
2026/01/27;1100 UTC;0;934,4;934,4;933,8;395,1;22,1;20,1;22,1;21;20,1;19,3;91;88;88;348;2,9;1,5;
2026/01/27;1200 UTC;0;934,5;934,5;934,4;517,7;23,6;20,9;23,6;22;20,9;20;90;83;85;7;3,4;2,4;
2026/01/27;1300 UTC;0;934,7;934,7;934,4;2195,1;27,4;21,1;27,7;23,5;21,5;20;85;67;68;51;3,4;2;
2026/01/27;1400 UTC;0;934,4;934,8;934,4;3024,8;30,3;21,1;30,3;27,1;21,4;19,2;69;56;58;283;3,9;1,6;
2026/01/27;1500 UTC;0;933,7;934,4;933,7;3473,4;30,2;18,3;30,6;28,9;21,1;17,5;58;46;49;321;5,9;3,1;
2026/01/27;1600 UTC;0;933;933,7;932,9;2778,6;31,1;18,4;31,5;29;21,1;16,7;59;43;47;330;7,1;2,2;
2026/01/27;1700 UTC;0;931,8;933;931,8;3127,1;31,2;17,3;32,2;29,9;20;16;52;39;43;296;7,3;2,8;
2026/01/27;1800 UTC;0;930,5;931,8;930,5;1654,8;29,6;18,5;31,2;29,5;19,4;16,9;53;43;52;248;7,9;3,3;
2026/01/27;1900 UTC;0;930,5;930,5;930,2;1534,9;27,4;20,2;30,2;27,4;20,8;18,1;65;48;65;30;9,4;5,4;
2026/01/27;2000 UTC;0;930,7;930,9;930,5;1012,5;24,6;19,2;27,3;24,4;20,5;18,8;73;64;72;48;11,7;3,6;
2026/01/27;2100 UTC;0;930,6;930,9;930,5;307,6;23,9;19,7;24,8;23,9;19,7;18,7;77;69;77;141;6,4;2,6;
2026/01/27;2200 UTC;0;931,5;931,5;930,3;81;23,3;19,9;24;23,3;19,9;19,2;81;76;81;94;4,5;2,2;
2026/01/27;2300 UTC;0;932,2;932,3;931,5;;22,5;19,3;23,3;22,4;20;19,2;84;81;82;47;5,5;4,3;
2026/01/28;0000 UTC;0;932,9;932,9;932,2;;22,4;19,2;22,6;22,2;19,4;19,1;84;81;82;68;5,5;3,6;
2026/01/28;0100 UTC;0;933,6;933,6;932,9;;22,6;19,5;22,6;22,1;19,6;19,2;85;82;83;58;5,3;2,7;
2026/01/28;0200 UTC;0;934,2;934,2;933,6;;22,1;19,8;22,7;22,1;19,8;19,4;87;82;86;47;6,3;3;
2026/01/28;0300 UTC;0;934,2;934,5;934,1;;21,4;20,3;22,1;21,3;20,3;19,7;93;86;93;320;4,9;,6;
2026/01/28;0400 UTC;0;933,9;934,2;933,8;;21,6;20,2;21,6;21,2;20,4;20,1;94;92;92;292;2,9;2,2;
2026/01/28;0500 UTC;0;934;934;933,7;;21;20,1;21,6;21;20,2;19,6;95;90;95;239;5,3;2,7;
2026/01/28;0600 UTC;0;934;934;933,8;;20,7;;21;20,7;21;20,1;100;95;;237;6,9;4,1;
2026/01/28;0700 UTC;0;933,6;934;933,5;;20,4;;20,7;20,4;;;;;;258;6,9;2,7;
2026/01/28;0800 UTC;0;933;933,6;933;;20,4;;20,5;20,3;;;;;;231;5,9;1,7;
2026/01/28;0900 UTC;0;933,1;933,1;932,9;;20,3;;20,4;20,2;;;;;;76;2,6;1,8;
2026/01/28;1000 UTC;0;933,6;933,7;933,1;53,4;20,5;;20,5;20,3;;;;;;54;3,5;1,8;
2026/01/28;1100 UTC;0;933,6;933,7;933,5;425,8;21,7;20,6;21,7;20,4;;;;;93;37;5,1;3,5;
2026/01/28;1200 UTC;0;934,1;934,1;933,6;866,4;23;20,7;23,1;21,7;21,3;20,4;93;87;87;43;6,9;5,5;
2026/01/28;1300 UTC;0;934,4;934,5;934,1;2033,5;25,8;21,3;25,8;23;21,4;20,6;88;76;76;23;6,9;3,8;
2026/01/28;1400 UTC;0;934,4;934,5;934,4;2058,9;27,1;21,3;27,1;25,4;21,5;19,8;77;67;70;39;6,3;2,4;
2026/01/28;1500 UTC;0;934,7;934,8;934,4;1797;27,7;21,6;27,7;26,6;21,6;20;71;66;70;17;4,5;1,9;
2026/01/28;1600 UTC;0;934,4;934,8;934,4;2733,8;28,1;20,2;29,6;27,1;21,6;18,9;69;55;62;316;5,5;2,5;
2026/01/28;1700 UTC;0;933,5;934,4;933,5;1711,8;20,9;19,5;30,5;19,9;21,2;17;95;51;92;245;9,9;5,8;
2026/01/28;1800 UTC;,2;932,8;933,5;932,8;348,6;22,1;21;22,1;20,9;21;19,2;93;87;93;85;9;2,5;
2026/01/28;1900 UTC;0;931,7;932,8;931,7;785,3;23,4;21,3;23,4;21,8;21,5;20,7;95;88;88;47;4,9;1,6;
2026/01/28;2000 UTC;,2;931,1;931,7;931;1332,6;24,5;22;24,5;23,3;22,1;21,1;90;85;86;52;5,5;3,2;
2026/01/28;2100 UTC;,2;931,1;931,1;930,9;979,6;25;20,7;25,4;24,1;21,9;20,7;86;77;77;311;4,5;2;
2026/01/28;2200 UTC;,2;932;932,2;931,1;244;23,7;21,7;25,1;23,7;21,7;20,7;89;77;89;63;4,3;2,9;
2026/01/28;2300 UTC;,2;933;933;931,8;2;22,7;20,2;23,7;22,5;22;20,2;97;85;85;306;7,7;4,2;
2026/01/29;0000 UTC;,2;934;934;933;;22;19,9;22,8;21,8;19,9;18,6;88;78;88;300;8,1;3,2;
2026/01/29;0100 UTC;0;934,9;934,9;934;;21,9;19,8;22,2;21,8;20;19,5;88;86;88;321;4,6;1,9;
2026/01/29;0200 UTC;,2;935,4;935,5;934,9;;20;18,7;21,9;20;19,9;18,6;92;87;92;346;8,9;4,9;
2026/01/29;0300 UTC;,2;935,2;935,4;935,2;;20;19,1;20,2;19,9;19,3;18,7;96;92;94;2;7;2,6;
2026/01/29;0400 UTC;0;934;935,2;934;;19,8;19,8;20,1;19,8;19,8;19,1;100;94;100;40;3,9;1,2;
2026/01/29;0500 UTC;,2;933,3;934;933,3;;19,9;19,4;20,1;19,8;20,1;19,3;100;96;96;359;2,7;1,9;
2026/01/29;0600 UTC;0;932,8;933,3;932,7;;19,8;19,8;20;19,8;19,9;19,3;100;96;100;69;3,2;1,3;
2026/01/29;0700 UTC;,2;932,5;932,8;932,5;;19,9;;19,9;19,7;;;;;;52;2,5;1,4;
2026/01/29;0800 UTC;0;932,6;932,6;932,4;;19,9;;19,9;19,7;;;;;;61;2,3;,9;
2026/01/29;0900 UTC;,2;933,2;933,2;932,6;;19,8;19,8;20;19,8;;;;;100;158;2,7;,8;
2026/01/29;1000 UTC;0;933,6;933,6;933,2;55;20,1;20,1;20,1;19,7;;;;;100;3;2;1,4;
2026/01/29;1100 UTC;,2;933,9;934;933,6;353,8;21,3;20;21,3;20,1;20,4;19,7;100;93;93;22;3,6;2,5;
2026/01/29;1200 UTC;0;934,6;934,6;933,9;1005,3;23,3;19,8;23,4;21,3;20,4;19,7;93;80;81;4;3,7;2,8;
2026/01/29;1300 UTC;,2;934,6;934,8;934,6;2139,7;25,6;19,7;26,1;23,3;20,7;19;82;67;70;358;4,4;2,3;
2026/01/29;1400 UTC;0;934,5;934,6;934,5;1974,5;26,5;19,5;26,6;25,5;20,2;18,8;71;64;66;18;4,9;2,2;
2026/01/29;1500 UTC;0;934;934,5;934;2836,4;27,5;19,9;28,1;26,4;20,6;18,1;68;58;63;313;5,5;3;
2026/01/29;1600 UTC;,2;933,4;934;933,4;2323,8;28,3;19,3;28,6;27,2;21;19,2;66;58;58;290;5,8;3,2;
2026/01/29;1700 UTC;0;932,3;933,4;932,3;3090,9;28,9;18,4;29,5;27,6;21,2;18,4;64;52;53;275;6,4;4,3;
2026/01/29;1800 UTC;0;931,2;932,3;931,2;2621,7;29,5;19,3;30,2;28,7;20,2;17,1;56;48;55;283;7,4;4,7;
2026/01/29;1900 UTC;0;930,3;931,2;930,3;1824,5;27,9;18,7;30,3;27,9;21;18,2;61;53;57;251;7;3,4;
2026/01/29;2000 UTC;0;930;930,3;929,6;1186,4;28;19,1;28,9;27,8;19,7;18,2;60;54;58;273;5,4;3,2;
2026/01/29;2100 UTC;0;930;930,1;929,8;261,6;25;19,3;28;25;20,5;18,9;71;58;71;295;9;4,1;
2026/01/29;2200 UTC;,2;930,4;930,5;930;100,6;23,6;20,7;24,9;22,9;20,8;19,4;86;71;84;231;9;,9;
2026/01/29;2300 UTC;0;930,5;930,6;930,4;7,9;22,6;20,8;23,8;22,6;20,8;20,3;90;81;90;319;2,7;1,8;
2026/01/30;0000 UTC;0;931,2;931,2;930,4;;22,1;20,3;22,7;22,1;20,8;20,2;90;88;89;22;3,4;2,2;
2026/01/30;0100 UTC;0;931,7;931,7;931,2;;21,7;20,6;22,2;21,6;20,9;20,3;94;89;94;65;3,4;1,5;
2026/01/30;0200 UTC;0;931,9;932,1;931,7;;21,3;20,3;21,7;21,2;20,6;20,3;95;93;94;25;3,5;2,9;
2026/01/30;0300 UTC;0;932;932;931,8;;21,5;20,3;21,6;20,9;20,5;20,2;96;93;93;27;4,2;3,4;
2026/01/30;0400 UTC;0;931,6;932;931,6;;21,2;20,2;21,5;21;20,3;20,2;95;93;94;29;4,4;3,2;
2026/01/30;0500 UTC;0;931,1;931,6;931,1;;20,9;19,7;21,3;20,9;20,2;19,7;94;92;93;24;4,2;2,7;
2026/01/30;0600 UTC;0;930,6;931,1;930,6;;21,5;19,7;21,6;20,8;19,9;19,6;93;89;89;353;3,3;2,1;
2026/01/30;0700 UTC;0;930,3;930,6;930,1;;21,5;19,8;21,5;21,3;19,8;19,6;90;89;90;340;2,7;1,6;
2026/01/30;0800 UTC;0;930,2;930,4;930,1;;21;19,5;21,5;21;19,9;19,5;91;90;91;341;2,5;1,8;
2026/01/30;0900 UTC;0;930,8;930,8;930,2;;20,9;19,4;21;20,8;19,7;19,4;92;91;92;291;2,8;2;
2026/01/30;1000 UTC;0;931,5;931,5;930,8;26,1;21,6;19,9;21,6;20,7;19,9;19,4;93;90;90;317;3;2,1;
2026/01/30;1100 UTC;0;932,5;932,5;931,5;242,6;22,5;20,5;22,5;21,6;20,5;19,9;90;88;89;295;3,2;1,4;
2026/01/30;1200 UTC;0;932,9;932,9;932,5;777;24,5;21;24,6;22,5;21,8;20,5;89;81;81;276;3,5;2,2;
2026/01/30;1300 UTC;0;932,6;932,9;932,6;1697,1;26,8;21,1;27,4;24,2;21,8;20,5;82;69;71;288;7,1;4,3;
2026/01/30;1400 UTC;0;932,6;932,7;932,5;2549,5;27,5;19,5;28,4;26,7;22,2;19,4;72;61;61;288;10;6,8;
2026/01/30;1500 UTC;0;931,9;932,6;931,9;3044,7;29,4;20,8;29,4;27,1;20,8;19,2;64;58;60;285;9,8;6,3;
2026/01/30;1600 UTC;0;931;931,9;931;2275;28,5;20,6;29,7;27,8;21,3;19;65;55;62;274;11,1;6;
2026/01/30;1700 UTC;,2;930;931;930;3377,1;29,8;20,7;30,1;28,1;21,5;18,6;65;52;58;279;10,9;6,5;
2026/01/30;1800 UTC;0;928,8;930;928,8;3076,6;30,2;20,7;30,5;28,8;21,8;19,6;61;55;57;256;10,5;5,7;
2026/01/30;1900 UTC;0;927,7;928,8;927,7;2586,8;30,2;19,9;30,6;29,2;20,9;19,2;58;52;54;268;10,7;5,3;
2026/01/30;2000 UTC;0;927,4;927,7;927,1;1787,8;30,1;20,2;30,5;28,7;21,1;19,2;60;54;56;281;9,8;5,5;
2026/01/30;2100 UTC;0;928,4;928,4;927,4;631,3;24,3;20,4;30,6;24,3;21,1;19,6;81;55;79;295;15;7,3;
2026/01/30;2200 UTC;0;928,3;928,5;928,1;309,8;23,6;19,6;24,3;23,5;20,7;19,6;83;78;78;304;10,8;4,5;
2026/01/30;2300 UTC;0;928,7;928,8;928,3;6,9;22,4;20,2;23,6;22,3;20,2;19,4;88;78;87;306;7,5;3,5;
2026/01/31;0000 UTC;0;929;929,1;928,7;;21,9;19,9;22,4;21,9;20,3;19,9;89;87;88;317;5,7;2,3;
2026/01/31;0100 UTC;0;929,6;929,6;929;;21,8;19,5;22;21,5;19,8;19,4;88;87;87;317;4,5;2,3;
2026/01/31;0200 UTC;0;930,3;930,3;929,5;;21,2;19,4;21,8;21,1;19,6;19,1;90;86;89;304;3,6;1,3;
2026/01/31;0300 UTC;0;930,2;930,4;930,2;;21,5;20;21,5;21,1;20;19,4;91;89;91;349;5,1;3,3;
2026/01/31;0400 UTC;0;929,7;930,2;929,7;;20,7;19,6;21,7;20,5;20,2;19,4;94;90;93;41;4,4;2;
2026/01/31;0500 UTC;0;929;929,7;929;;20,5;19,7;21;20,4;20,2;19,4;95;93;95;35;3,5;2,4;
2026/01/31;0600 UTC;,2;928,5;929;928,5;;20,1;19,7;20,5;20,1;20;19,6;98;95;98;15;3,9;1,9;
2026/01/31;0700 UTC;0;928,9;928,9;928,3;;20,7;20;20,7;20,1;20,4;19,7;100;95;96;346;3,5;1,1;
2026/01/31;0800 UTC;0;929,1;929,1;928,8;;20,7;19,7;20,7;19,8;20,1;19;100;94;94;352;3,3;2,5;
2026/01/31;0900 UTC;0;929,2;929,2;929;;19,9;19,9;20,8;19,9;20,1;19,5;100;94;100;36;3,8;3;
2026/01/31;1000 UTC;0;929,3;929,3;929,1;106,3;20,7;19,7;20,7;19,9;20,2;19,4;100;94;94;27;4,2;2,6;
2026/01/31;1100 UTC;0;929,9;929,9;929,3;792,7;24,4;20,6;24,5;20,7;21,1;19,6;94;80;80;341;3,6;1,9;
2026/01/31;1200 UTC;0;930,7;930,7;929,9;915,3;24,2;20,9;24,9;23,4;21,4;20,4;86;79;82;334;8,7;5,3;
2026/01/31;1300 UTC;0;930,9;931,1;930,7;2495,1;26,6;21,5;26,9;24,2;22;20,6;82;73;74;338;9,1;4,7;
2026/01/31;1400 UTC;0;931;931,1;930,7;2465,1;26,9;21,3;28,3;25,7;22,6;20,9;77;70;71;331;10;6,3;
2026/01/31;1500 UTC;,2;930,4;931;930,4;2899;28;21,7;28,6;26,3;22,3;20,8;74;66;69;322;10,1;6,3;
2026/01/31;1600 UTC;0;929,6;930,5;929,6;2829,6;28,3;21,9;29,1;26,9;22,6;20,5;71;64;68;314;10,1;6,2;
2026/01/31;1700 UTC;0;928,8;929,7;928,8;3280,9;27,5;21,3;29,2;27,1;22,1;20,5;69;63;69;300;12,2;5,7;
2026/01/31;1800 UTC;0;928;928,8;928;701,9;26,7;21,2;27,6;26,4;21,5;20,6;73;68;72;284;8,9;3,7;
2026/01/31;1900 UTC;0;926,9;928;926,9;2327,2;28,8;20,2;30;26,6;22,1;20,2;73;57;60;274;10,1;6,1;
2026/01/31;2000 UTC;0;926,3;927;926,3;1534,7;29;21;29,8;27,9;21,8;19,9;66;57;62;293;9;5,2;
2026/01/31;2100 UTC;0;926,5;926,5;926,3;1177,9;27,5;20,5;29,6;27,5;21,1;20,2;66;58;66;298;7,9;4,8;
2026/01/31;2200 UTC;0;927,3;927,3;926,5;401,7;26,3;21,2;28,2;26,3;21,6;20,6;73;66;73;314;6,9;3,7;
2026/01/31;2300 UTC;0;928;928;927,3;5,2;24,5;21,8;26,3;24,3;21,9;21,2;85;73;85;331;5,8;2,6;
2026/02/01;0000 UTC;0;928,6;928,6;928;;23,9;21,7;24,5;23,8;22;21,7;88;85;88;333;5;3;
2026/02/01;0100 UTC;0;929,3;929,4;928,6;;23,6;21,3;24;23,5;21,7;21,3;88;86;87;313;4,9;3;
2026/02/01;0200 UTC;0;929,3;929,6;929,3;;22,7;21,3;23,6;22,7;21,5;21,2;92;87;92;355;4,7;2,9;
2026/02/01;0300 UTC;0;928,8;929,5;928,8;;22,4;21,5;22,8;22,2;21,6;21,1;95;92;95;354;4,9;3,3;
2026/02/01;0400 UTC;0;928,2;928,8;928,2;;21,9;21,1;22,8;21,9;21,8;21,1;96;93;95;32;6,7;3,7;
2026/02/01;0500 UTC;0;927,8;928,2;927,8;;21,7;20,9;22,1;21,4;21,1;20,6;96;93;95;19;7,7;3,2;
2026/02/01;0600 UTC;0;928;928;927,7;;21,9;20,8;22,1;21,7;21,1;20,8;95;93;94;1;6,3;3;
2026/02/01;0700 UTC;0;927,9;928,1;927,9;;21,7;20,3;22,3;21,7;20,9;20,3;94;91;92;344;6,6;3,3;
2026/02/01;0800 UTC;0;928,2;928,2;927,9;;21,2;20,2;21,7;21,2;20,4;20,1;94;92;94;1;5,3;3,2;
2026/02/01;0900 UTC;0;928,5;928,5;928,1;;21,3;20,2;21,8;21,2;20,4;20;94;91;94;19;5,6;3,4;
2026/02/01;1000 UTC;0;929,4;929,4;928,5;74,6;21,6;20,6;21,6;21,1;20,7;20,1;95;94;95;17;5,8;3,4;
2026/02/01;1100 UTC;0;929,9;929,9;929,4;643;24;21,3;24,2;21,6;21,6;20,6;95;84;85;343;7;4,5;
2026/02/01;1200 UTC;0;930,4;930,4;929,9;1551,2;25,6;20,9;25,8;23,8;21,9;20,8;85;75;75;336;10;6,7;
2026/02/01;1300 UTC;0;930,5;930,6;930,4;2195,7;27,6;20,1;28,3;25,6;21,3;19,9;76;63;64;326;9,3;5,7;
2026/02/01;1400 UTC;0;931,1;931,1;930,4;2710,3;27,1;20;28,8;26,9;21,2;19,3;66;61;65;315;10,5;6,3;
2026/02/01;1500 UTC;0;930,4;931,1;930,4;2255,4;28,3;20,9;28,9;26,5;21,8;20;69;64;64;316;10,5;6,1;
2026/02/01;1600 UTC;0;929,3;930,4;929,3;3529,8;30;21,5;30;28,1;21,6;20,1;65;58;60;318;9,1;5,8;
2026/02/01;1700 UTC;0;927,9;929,3;927,9;3682,6;29,7;20,9;30,4;28,5;21,7;19,9;64;56;59;306;10,9;6,6;
2026/02/01;1800 UTC;0;927;927,9;927;2933,1;29,6;21,7;30,4;28,5;21,9;20,4;64;57;63;318;10,7;5,7;
2026/02/01;1900 UTC;0;926,8;927,6;926,8;482,1;24,2;22,3;29,6;21,7;22,5;19;94;62;89;310;15,6;2,7;
2026/02/01;2000 UTC;0;926,7;926,8;926,3;935,2;26,3;21,4;26,3;24,2;23,1;21,4;89;74;75;321;8;5,3;
2026/02/01;2100 UTC;0;926,9;927,1;926,7;640;26;21,7;26,6;26;22,1;21,2;77;73;77;334;8;3,8;
2026/02/01;2200 UTC;0;928,2;928,2;926,9;164,8;25,2;21,3;26;25,2;21,7;21,2;79;76;79;324;6;2,8;
2026/02/01;2300 UTC;0;928,2;928,7;928,2;;24,5;21,3;25,2;24,5;21,4;21,1;82;79;82;324;4,8;2,1;
2026/02/02;0000 UTC;0;929,2;929,2;928,1;;24,1;21,4;24,5;24;21,4;21,3;85;82;85;316;3,8;1,9;
2026/02/02;0100 UTC;0;929,8;929,8;929,2;;23,3;21,4;24,1;23,3;21,6;21,3;89;85;89;337;3;1,6;
2026/02/02;0200 UTC;0;929,8;930;929,8;;22,8;21,3;23,3;22,7;21,6;21,3;92;89;91;31;5,5;3,7;
2026/02/02;0300 UTC;0;930;930,2;929,7;;22,3;21,3;22,8;22,3;21,3;21,1;94;90;94;3;6;3,6;
2026/02/02;0400 UTC;0;930,9;931,1;930;;19,8;19,8;22,5;19,8;21,7;19,1;100;90;100;203;13,4;2,7;
2026/02/02;0500 UTC;0;930;930,9;929,8;;19,6;19,6;19,8;19,4;;;;;100;200;7,2;1,8;
2026/02/02;0600 UTC;0;929,2;930;929,2;;19,9;19,9;19,9;19,5;19,9;19,5;100;100;100;44;4,1;2,9;
2026/02/02;0700 UTC;0;928,8;929,2;928,7;;19,6;19,6;19,9;19,6;19,9;19,6;100;100;100;31;4,5;3,3;
2026/02/02;0800 UTC;0;929;929,1;928,8;;20,1;20,1;20,1;19,5;20,1;19,5;100;100;100;19;6,1;3,7;
2026/02/02;0900 UTC;0;929,5;929,8;929;;20,9;20,9;20,9;20,1;20,9;20,2;100;100;100;359;7;2,7;
2026/02/02;1000 UTC;0;929,7;929,8;929,5;3,5;21,1;;21,1;20,9;;;;;;348;5,6;3,6;
2026/02/02;1100 UTC;0;929,9;929,9;929,7;165,5;21,6;;21,6;21,1;;;;;;358;6,1;3,5;
2026/02/02;1200 UTC;0;930,9;930,9;929,9;667,1;22,8;21,6;22,8;21,6;22,1;21,5;100;93;93;336;6;3,5;
2026/02/02;1300 UTC;0;931,5;931,5;930,9;737,6;23,1;20,9;23,6;22,8;21,8;20,8;93;86;88;324;8,3;5,2;
2026/02/02;1400 UTC;0;931,2;931,6;931,2;1072,3;24,3;21,2;24,7;23,1;22,1;20,9;89;81;83;329;8,3;5,3;
2026/02/02;1500 UTC;0;930,7;931,2;930,7;1299,8;24,8;21,4;25,2;24,3;21,9;21;84;80;81;318;10,3;6,8;
2026/02/02;1600 UTC;,2;930,1;930,7;930;1830,9;25,4;21,4;26,1;24,6;22,2;21,1;83;76;78;307;11,4;7,8;
2026/02/02;1700 UTC;0;929,3;930,1;929,2;1292,4;23,1;22,6;25,8;22,6;22,7;21;98;78;97;310;11,8;4,7;
2026/02/02;1800 UTC;0;928,2;929,3;928,2;1348,1;23,6;22,2;25,2;23,1;24;21,7;100;84;92;276;9,1;4;
2026/02/02;1900 UTC;0;927,9;928,5;927,9;342,8;21,1;;23,6;20,9;;;;;;141;9,1;2,8;
2026/02/02;2000 UTC;0;927,8;928,1;927,7;130,9;20,8;;21,1;20,6;;;;;;101;6,1;2,5;
2026/02/02;2100 UTC;0;928,3;928,3;927,6;75,4;21,2;;21,4;20,5;;;;;;124;5,1;,8;
2026/02/02;2200 UTC;0;929,3;929,4;928,3;22,2;20,1;;21,2;19,8;;;;;;230;12;3,1;
2026/02/02;2300 UTC;0;929,6;929,6;929,2;,4;20,3;;20,3;20;;;;;;316;5,4;3,7;
2026/02/03;0000 UTC;,4;930,2;930,2;929,6;;20,7;;20,7;20,3;;;;;;321;5,5;2,8;
2026/02/03;0100 UTC;,4;930,8;930,8;930,2;;20,7;;20,8;20,6;;;;;;328;4,5;2,4;
2026/02/03;0200 UTC;,4;930,9;931;930,8;;20,8;;20,8;20,7;;;;;;359;4,5;1,6;
2026/02/03;0300 UTC;,4;930,7;930,9;930,6;;20,7;;20,8;20,6;;;;;;336;3,5;2,2;
2026/02/03;0400 UTC;,4;929,9;930,7;929,9;;20,7;;20,8;20,7;;;;;;352;3,3;1,6;
2026/02/03;0500 UTC;,6;929,5;929,9;929,5;;20,6;;20,7;20,6;;;;;;39;3,5;2,8;
2026/02/03;0600 UTC;,4;929,1;929,5;929,1;;20,7;;20,7;20,6;;;;;;31;5,1;1,8;
2026/02/03;0700 UTC;,4;929,3;929,3;929;;21;;21;20,7;;;;;;329;4,2;2,4;
2026/02/03;0800 UTC;,4;929,5;929,5;929,3;;21,3;;21,3;21;;;;;;344;5,7;3,3;
2026/02/03;0900 UTC;,4;929,7;929,8;929,5;;20,9;20,9;21,3;20,9;21,3;20,9;100;100;100;328;5,9;1,7;
2026/02/03;1000 UTC;,4;930,2;930,2;929,6;15,3;21,2;20,7;21,3;20,9;21,1;20,6;100;96;97;342;4,6;2,6;
2026/02/03;1100 UTC;,6;931,1;931,1;930,2;114,2;21,6;20,8;21,6;21,1;20,8;20,6;97;95;95;331;5,5;2,3;
2026/02/03;1200 UTC;,4;931,8;931,8;931,1;472,8;22,5;21,2;22,5;21,6;21,3;20,7;95;91;92;328;5,8;3,4;
2026/02/03;1300 UTC;,4;932,1;932,2;931,8;1010,4;23,6;21,1;23,6;22,5;21,4;20,8;92;85;86;323;8,6;5,3;
2026/02/03;1400 UTC;,4;932,1;932,3;932,1;1371,8;25;21;25,2;23,6;21,8;20,8;87;78;78;309;10,2;5,7;
2026/02/03;1500 UTC;,4;931,6;932,2;931,6;1769,9;26;21,2;26,3;24,7;21,9;20,6;81;75;75;307;10,2;6;
2026/02/03;1600 UTC;,4;931;931,6;931;2655,5;27,6;21,2;28,2;25,7;22;20,8;77;67;68;298;12,5;7,5;
2026/02/03;1700 UTC;,4;929,9;931;929,9;2886,4;29;21,9;29;26,7;22,5;20,8;73;66;66;299;11,2;6,8;
2026/02/03;1800 UTC;,4;929,1;929,9;929;2550,5;27;21,7;29,2;26,6;23,3;20,7;77;64;73;305;10,9;5,4;
2026/02/03;1900 UTC;,4;928,2;929,1;928,2;2328,1;27,2;21,7;28,3;26;24,2;21,5;84;70;72;299;8,9;5,5;
2026/02/03;2000 UTC;,2;927,7;928,2;927,7;1190,8;27,2;21,8;28,3;26,7;22,6;21;76;67;72;299;8,8;5,4;
2026/02/03;2100 UTC;,4;928;928;927,7;875,7;25,9;21,4;27,3;25,9;22,3;21,2;76;72;76;314;9,3;5,8;
2026/02/03;2200 UTC;,2;928,6;928,7;928;211,2;24,8;22,5;26;24,8;22,5;21,3;87;76;87;347;9,3;1,3;
2026/02/03;2300 UTC;,4;929,1;929,1;928,6;,5;23,7;22,1;24,8;23,7;22,5;22,1;91;87;91;306;2,7;1,4;
2026/02/04;0000 UTC;,2;929,7;929,7;929,1;;23;22;24;23;22,4;21,9;94;90;94;28;2,1;1,5;
2026/02/04;0100 UTC;,4;931,4;931,4;929,6;,2;20,3;;23,1;20,2;22,1;19,9;100;91;;243;16,3;3;
2026/02/04;0200 UTC;,2;931,7;932;931,4;;20,7;;20,7;20,3;;;;;;38;5,9;1,1;
2026/02/04;0300 UTC;,4;931,2;932,3;931,2;;20,6;;20,7;20,5;;;;;;53;6,3;3,2;
2026/02/04;0400 UTC;,2;930,8;931,2;930,8;;20,3;;20,6;20,3;;;;;;9;6,3;3,8;
2026/02/04;0500 UTC;,2;931,3;931,5;930,8;;20;;20,3;20;;;;;;311;9,9;4,6;
2026/02/04;0600 UTC;,4;930,8;931,3;930,8;;20;;20,3;20;;;;;;277;9,9;3,8;
2026/02/04;0700 UTC;,2;930,8;931;930,8;;19,5;;20;19,5;;;;;;273;7,1;4,7;
2026/02/04;0800 UTC;,2;930,9;931;930,8;;19,4;;19,5;19,4;;;;;;279;6,4;3,3;
2026/02/04;0900 UTC;,2;930,6;931;930,6;;19,4;;19,5;19,3;;;;;;330;4,3;1,6;
2026/02/04;1000 UTC;,4;930,6;931,2;930,6;10,4;19,4;;19,4;19,3;;;;;;336;4,2;2,6;
2026/02/04;1100 UTC;,2;931,4;931,4;930,4;94,9;19,7;;19,8;19,4;;;;;;290;8,2;4,7;
2026/02/04;1200 UTC;,2;932,1;932,2;931,2;158,3;19,9;;20;19,7;;;;;;291;7,2;3;
2026/02/04;1300 UTC;,2;932,3;932,5;932,1;303,8;20,3;20,3;20,3;19,6;;;;;100;339;5,6;1,2;
2026/02/04;1400 UTC;,2;932,2;932,5;932;979,6;22,1;21;22,3;20,2;21,6;19,7;100;93;93;37;2,7;1,7;
2026/02/04;1500 UTC;,2;932,3;932,3;931,3;649,2;20;;23;19,9;21,9;19,6;100;90;;200;10,5;5,9;
2026/02/04;1600 UTC;,2;932;932,6;932;511,6;20,2;;20,3;19,6;;;;;;204;10,5;2,9;
2026/02/04;1700 UTC;,2;931,4;932,1;931,4;669,1;19,6;19,1;20,6;19,5;;;;;97;160;6,4;4;
2026/02/04;1800 UTC;,2;931,2;931,4;931;667,6;19,3;19,3;20,4;19,1;19,9;18,7;100;93;100;185;8,8;3,5;
2026/02/04;1900 UTC;,2;930,3;931,2;930,3;801;19,8;19,2;19,8;19;;;;;96;182;8,2;3,6;
2026/02/04;2000 UTC;,2;930;930,3;929,9;576;20,4;18,5;20,8;19,8;19,7;18,1;97;87;89;128;6,3;1,2;
2026/02/04;2100 UTC;,2;929,3;930,1;929,3;359,8;20,5;19,3;20,6;20,3;19,6;18,3;94;88;93;5;2,7;1,9;
2026/02/04;2200 UTC;0;928,4;929,2;928,2;243,4;19,7;19,3;20,6;19,7;19,4;19,1;98;92;98;25;7,2;5,1;
2026/02/04;2300 UTC;,2;929,8;929,8;928,4;5,6;19,8;19,8;19,8;19,6;;;;;100;2;7,2;2,4;
2026/02/05;0000 UTC;,2;930,6;930,6;929,8;;19,9;19,9;20;19,8;19,9;19,4;100;97;100;334;3,3;1,6;
2026/02/05;0100 UTC;,2;931;931;930,5;;19,5;;19,9;19,3;;;;;;64;2,1;1,2;
2026/02/05;0200 UTC;,2;931,5;931,5;931;;20,1;20,1;20,1;19,4;;;;;100;37;3,8;2,6;
2026/02/05;0300 UTC;0;931,2;931,6;931,2;;20,4;19,9;20,4;19,8;20,3;19,8;100;97;97;35;4,1;2,8;
2026/02/05;0400 UTC;,2;930,8;931,2;930,8;;20;19,9;20,4;19,9;19,9;19,6;100;96;99;30;3,9;2,3;
2026/02/05;0500 UTC;,2;930,4;930,8;930,4;;20;19,2;20,1;19,9;19,8;19,2;99;95;95;46;3;1,6;
2026/02/05;0600 UTC;,2;930,2;930,4;930,2;;19,9;19,2;20,1;19,9;19,3;19;96;94;96;45;4,1;2,7;
2026/02/05;0700 UTC;0;930;930,2;929,9;;19,9;19,5;20;19,7;19,5;19,3;97;96;97;40;3,9;3,1;
2026/02/05;0800 UTC;,2;930,2;930,5;929,9;;19,6;;20,1;19,6;19,9;19,5;100;97;;292;4,2;2,3;
2026/02/05;0900 UTC;0;930,4;930,4;930;;20,1;;20,2;19,5;;;;;;348;5;1,5;
2026/02/05;1000 UTC;,2;931;931;930,4;89,3;20,5;;20,5;19,9;;;;;;21;3,9;1,8;
2026/02/05;1100 UTC;,2;931,6;931,6;931;421,7;21,7;21,2;21,7;20,4;;;;;96;24;2,9;2;
2026/02/05;1200 UTC;0;931,9;931,9;931,5;1197,5;23,5;21,3;23,6;21,7;21,8;20,7;96;87;88;359;4,4;2,2;
2026/02/05;1300 UTC;0;932,3;932,3;931,9;844,6;23,6;21;24,2;23,3;21,9;20,6;90;83;85;304;5,2;2,2;
2026/02/05;1400 UTC;,2;932,7;932,7;932,3;449,9;21,2;;23,6;21;;;;;;236;7,5;2,3;
2026/02/05;1500 UTC;0;932,3;932,7;932,3;585,8;22,1;;22,1;21;;;;;;80;3,6;,7;
2026/02/05;1600 UTC;,2;932;932,4;932;1091,8;22,5;21,8;23,2;22,1;;;;;96;256;4,6;3;
2026/02/05;1700 UTC;0;930,9;932;930,9;1623,6;22,9;21,3;23,7;22,4;23,2;21,2;98;90;90;219;5,5;3,7;
2026/02/05;1800 UTC;0;929,6;930,9;929,6;2319,9;24,9;21,9;25,2;22,9;23,2;21,1;93;81;83;236;5,5;2,9;
2026/02/05;1900 UTC;0;928,2;929,6;928,2;2694,2;26,2;21,1;27;24,6;22,4;20,5;83;71;73;250;7,1;3,6;
2026/02/05;2000 UTC;,2;927,6;928,2;927,6;1693,7;26,7;21;27,5;25,4;22,3;21;80;70;71;258;7,6;4,2;
2026/02/05;2100 UTC;0;928,1;928,2;927,5;947,9;26,2;21,4;26,7;25,8;21,9;21;77;71;75;247;6,3;4,5;
2026/02/05;2200 UTC;0;928,7;928,7;928,1;495,1;25,2;21,7;26,5;25,2;21,9;21,3;81;74;81;282;6,4;2,6;
2026/02/05;2300 UTC;,2;929,3;929,3;928,7;9,2;23,2;22;25,2;23,2;22,1;21,7;93;81;93;250;3,7;1,7;
2026/02/06;0000 UTC;0;929,7;929,7;929,3;;22,4;21,5;23,2;22,4;22;21,5;95;93;95;299;2;1,5;
2026/02/06;0100 UTC;0;930,5;930,5;929,7;;21,8;21,4;22,4;21,7;21,8;21,3;99;95;97;26;2,3;1,3;
2026/02/06;0200 UTC;0;930,8;930,9;930,5;;21,6;21,6;22;21,4;21,9;21,2;100;97;100;37;3,2;,7;
2026/02/06;0300 UTC;0;930,5;930,8;930,5;;21,3;;21,8;21,3;21,8;21,3;100;100;;39;3,3;2,7;
2026/02/06;0400 UTC;,2;929,9;930,5;929,9;;21,1;21,1;21,4;21,1;;;;;100;32;3,6;2,5;
2026/02/06;0500 UTC;0;929,8;929,9;929,7;;20,7;;21,1;20,6;;;;;;21;3,3;2,6;
2026/02/06;0600 UTC;0;929,5;929,8;929,5;;20,3;;20,8;20,3;;;;;;26;3,5;3,2;
2026/02/06;0700 UTC;0;929,4;929,6;929,4;;20,4;;20,4;20,3;;;;;;21;3,7;2,8;
2026/02/06;0800 UTC;0;929,4;929,5;929,3;;20,1;;20,4;20,1;;;;;;22;3,6;2,5;
2026/02/06;0900 UTC;,2;930;930;929,4;;19,6;;20,2;19,4;;;;;;3;3,8;1,4;
2026/02/06;1000 UTC;,4;930,7;930,7;930;79,7;21,1;21,1;21,1;19,5;;;;;100;348;3,2;1,1;
2026/02/06;1100 UTC;,4;930,8;930,8;930,6;748,5;23,4;20,9;23,6;21,1;21,5;20,7;100;86;86;47;1,9;1,4;
2026/02/06;1200 UTC;,4;931,3;931,3;930,8;1631,3;26,2;21;26,5;23,3;21,6;20,5;87;71;73;193;1,9;,8;
2026/02/06;1300 UTC;,4;931,4;931,5;931,3;2437,2;28,2;20,7;28,3;26;21,7;20,6;74;64;64;157;3,1;1,3;
2026/02/06;1400 UTC;,8;931,4;931,5;931,3;2936,9;29,1;19,5;29,5;27,4;21,5;18,6;67;53;56;112;5,1;2;
2026/02/06;1500 UTC;2;931,1;931,5;931,1;3409,1;30,1;19,8;30,6;28,3;21;18,5;61;50;54;221;6,6;2,1;
2026/02/06;1600 UTC;9,2;930,5;931,2;930,5;2980,2;30,7;19,1;30,9;28,6;20,5;18,2;59;48;50;245;5,9;1,7;
2026/02/06;1700 UTC;9,2;929,4;930,5;929,4;3418,7;31,6;19;32,4;29,4;20,9;16,7;56;42;47;235;5,5;2;
2026/02/06;1800 UTC;8,8;928,3;929,4;928,3;2900,5;31,4;17,8;32,3;29,8;20,1;17,7;55;44;44;217;6;2,7;
2026/02/06;1900 UTC;8,4;927,3;928,3;927,3;2725;31,5;19,1;31,8;30,7;19,6;17,4;51;43;48;227;6,1;3;
2026/02/06;2000 UTC;8;926,8;927,3;926,7;1825,3;30,1;19,4;32,1;30,1;20;17,8;53;44;53;165;8,4;4;
2026/02/06;2100 UTC;7,2;926,9;926,9;926,6;851,1;28,6;20,7;30,1;27,8;20,9;19,4;64;53;62;133;8,4;2,3;
2026/02/06;2200 UTC;6,4;927,5;927,5;926,8;416,6;26,7;20,1;29;26,7;20,9;19,3;67;56;67;131;4,7;2,7;
2026/02/06;2300 UTC;2;928,5;928,5;927,5;3,6;25,8;20,5;26,7;25,8;20,7;20,2;73;67;73;144;3,9;1,5;
2026/02/07;0000 UTC;0;929,2;929,2;928,5;;25;20,3;26;25;20,6;20,1;75;71;75;122;5,7;3,4;
2026/02/07;0100 UTC;0;929,8;929,8;929,1;;23,5;19,8;25;23,5;20,4;19,7;80;74;80;105;5,7;2;
2026/02/07;0200 UTC;0;930,7;930,7;929,8;;23,6;19,6;23,8;23,1;19,8;19,6;82;78;78;107;5,7;3,5;
2026/02/07;0300 UTC;,2;930,2;930,7;930,2;;22;20,2;23,7;22;20,4;19,6;90;78;90;41;6,8;3,8;
2026/02/07;0400 UTC;0;929,7;930,2;929,7;;21,6;20,3;22;21,5;20,4;20,1;93;90;93;35;6,7;4,9;
2026/02/07;0500 UTC;0;929,4;929,8;929,4;;21,4;20,2;21,6;21,4;20,4;20,2;94;93;93;39;6,7;3,8;
2026/02/07;0600 UTC;0;928,9;929,4;928,9;;21,3;20;21,4;21,1;20,2;20;94;92;92;36;5,7;4,3;
2026/02/07;0700 UTC;,2;929,1;929,2;928,9;;20,6;20,1;21,3;20,5;20,1;19,8;97;92;97;30;5,4;3;
2026/02/07;0800 UTC;0;929,4;929,5;929,1;;20,4;20;20,7;20,4;20,2;19,9;98;96;98;31;4;1,5;
2026/02/07;0900 UTC;0;930;930;929,3;;19,6;;20,4;19,5;;;;;;67;1,9;,9;
2026/02/07;1000 UTC;0;930,4;930,4;930;76,1;21;20,7;21;19,5;;;;;98;46;3,1;2,3;
2026/02/07;1100 UTC;0;931,4;931,4;930,4;668,3;23,2;20,6;23,2;21;20,9;20,4;98;85;85;16;3,6;2,1;
2026/02/07;1200 UTC;0;932,2;932,2;931,4;1564,1;25,3;20,4;26;23,2;21,4;20;86;72;74;244;3;1,3;
2026/02/07;1300 UTC;,2;932,4;932,5;932,2;2361,9;27,4;20,4;27,8;24,9;21,2;19,7;77;64;66;1;3;1,5;
2026/02/07;1400 UTC;0;932,1;932,7;932,1;2773,6;28,6;20,4;29;27,3;21,6;19,8;68;60;61;344;3,8;2;
2026/02/07;1500 UTC;0;931,9;932,3;931,9;1781,3;23,8;20,5;30,3;23,8;21,5;19;81;54;81;39;7,9;5,3;
2026/02/07;1600 UTC;0;930,8;932;930,8;702,9;24,6;20,7;25;23,5;21,4;20,4;87;77;79;41;8,1;3,8;
2026/02/07;1700 UTC;0;930,4;931;930,4;1618,1;28,1;21,9;28,1;24,6;22,5;20,7;81;69;69;29;6,8;3,1;
2026/02/07;1800 UTC;0;929,5;930,4;929,4;2031,5;28,4;21,6;29,5;28,1;22,9;21,2;73;64;67;55;6,8;4,2;
2026/02/07;1900 UTC;0;929,4;929,6;929,2;1020,5;24,7;20,6;29,3;24,7;22,8;19,2;78;64;78;210;8,6;3,2;
2026/02/07;2000 UTC;0;929,8;929,9;929,3;649,4;25,4;20,9;26;24,5;21,6;19,9;81;71;76;322;5,8;2,3;
2026/02/07;2100 UTC;0;930,1;930,2;929,6;223,8;23,4;20,5;25,4;23,4;22,2;20,4;87;76;84;39;7,2;4;
2026/02/07;2200 UTC;0;931;931;929,9;69,5;23;21;23,5;23;21,1;20,4;89;83;89;286;5,4;2,2;
2026/02/07;2300 UTC;0;931,2;931,3;931;;22,2;21,7;23;22,1;21,8;21,1;97;89;97;304;5,2;1,3;
2026/02/08;0000 UTC;0;931,8;931,8;931,2;;22,3;21,4;22,4;22,2;21,8;21,3;97;95;95;311;4;2,3;
2026/02/08;0100 UTC;0;932,2;932,3;931,8;;21,8;21,1;22,3;21,8;21,3;21,1;97;95;96;299;3,7;2,1;
2026/02/08;0200 UTC;0;932,7;932,8;932,2;;21,3;20,8;21,8;21,3;21,5;20,7;100;96;97;344;2,8;2,3;
2026/02/08;0300 UTC;0;932,3;932,7;932,3;;21,5;;21,5;21,2;;;;;;8;3,3;2,3;
2026/02/08;0400 UTC;0;931,7;932,2;931,7;;21,2;21,2;21,7;21,2;21,7;21,2;100;98;100;30;3,5;1,6;
2026/02/08;0500 UTC;0;931;931,7;931;;21,1;;21,3;20,7;;;;;;88;3,4;1,9;
2026/02/08;0600 UTC;0;930,4;931;930,4;;21,2;21,2;21,3;21,1;;;;;100;50;4,3;3,5;
2026/02/08;0700 UTC;0;930,2;930,4;930,2;;21,1;20,8;21,2;21,1;21,2;20,8;100;98;98;40;5,3;3,4;
2026/02/08;0800 UTC;0;930,6;930,6;930,1;;21;20,6;21,1;21;20,9;20,5;99;97;98;283;4,5;1,2;
2026/02/08;0900 UTC;0;931,1;931,1;930,6;;21,1;20,8;21,3;20,8;21,2;20,5;100;96;98;291;2,8;,3;
2026/02/08;1000 UTC;0;931,7;931,7;931,1;33,9;21,4;20,7;21,4;20,9;21,2;20,5;100;96;96;332;1,3;,7;
2026/02/08;1100 UTC;0;932,2;932,2;931,7;230,5;22,5;20,7;22,6;21,4;20,9;20,5;96;89;90;44;4;2,8;
2026/02/08;1200 UTC;0;932,5;932,5;932,2;682,5;24,1;21,2;24,2;22,4;21,4;20,6;91;83;83;10;4,8;2,5;
2026/02/08;1300 UTC;0;932,7;932,7;932,5;1455,6;25,1;21;26,1;24,1;22;20,7;84;76;78;321;5,6;3,7;
2026/02/08;1400 UTC;0;932,5;932,7;932,5;875,7;24,1;22,2;25,4;23,5;22,7;20,9;89;78;89;319;5,3;3,3;
2026/02/08;1500 UTC;,2;932,2;932,5;932,2;1360,8;25,4;21,5;25,9;24,1;22,7;21,1;89;76;79;316;5,7;4,1;
2026/02/08;1600 UTC;0;931,6;932,2;931,6;935,3;22,9;21,7;26;22,9;22;20,1;93;75;93;311;7,4;2,9;
2026/02/08;1700 UTC;0;930,8;931,6;930,8;1206,8;23,6;21,8;24,2;22,9;22,9;21,3;96;86;90;312;6;3,5;
2026/02/08;1800 UTC;0;930;930,9;930;690,5;22,7;21,8;23,7;22,6;22,2;21,2;96;86;95;280;6;3,9;
2026/02/08;1900 UTC;0;929,2;930;929,2;1367,9;24,6;22,7;24,7;22,5;22,9;21,7;96;87;89;317;5,5;2,8;
2026/02/08;2000 UTC;0;928,8;929,2;928,8;1261,2;24,9;21,8;25,5;24,6;22,6;21;89;78;83;317;6,3;2,9;
2026/02/08;2100 UTC;0;929,6;929,6;928,7;962,8;25,4;21,1;25,7;24,8;21,9;20,7;83;75;77;270;4,8;2,1;
2026/02/08;2200 UTC;0;930;930;929,6;251;23,5;21,6;25,5;23,5;21,6;20,6;89;75;89;45;3,5;2;
2026/02/08;2300 UTC;0;930,5;930,5;930;,1;22,5;21,6;23,5;22,4;21,6;21,4;95;89;94;19;3;2,7;
2026/02/09;0000 UTC;0;931,4;931,4;930,4;;22,6;21,5;22,7;22,3;21,6;21,3;95;93;94;25;3,8;2,1;
2026/02/09;0100 UTC;0;931,9;931,9;931,4;;21,4;21,1;22,6;21,4;21,8;21;98;94;98;194;4,8;2,8;
2026/02/09;0200 UTC;0;931,7;932,1;931,7;;20,3;;21,6;20,1;;;100;97;;327;7,8;3,9;
2026/02/09;0300 UTC;0;931,4;931,7;931,4;;20,7;;20,7;20,2;;;;;;68;6,5;2,1;
2026/02/09;0400 UTC;0;930,9;931,4;930,8;;21,2;;21,2;20,7;;;;;;24;4,1;2,5;
2026/02/09;0500 UTC;0;930,1;930,9;930,1;;21,1;;21,2;21;;;;;;21;4,6;2,8;
2026/02/09;0600 UTC;0;929,8;930,2;929,8;;21;;21,1;21;;;;;;42;4,4;1,7;
2026/02/09;0700 UTC;0;930;930;929,7;;20,7;;21;20,7;;;;;;224;3,5;1,7;
2026/02/09;0800 UTC;0;929,7;930;929,7;;20,8;;20,9;20,7;;;;;;227;2,5;1,3;
2026/02/09;0900 UTC;0;929,3;929,8;929,3;;20,6;;20,8;20,6;;;;;;14;3;2,4;
2026/02/09;1000 UTC;0;929,8;929,8;929,3;37,5;20,6;;20,7;20,4;;;;;;31;3,7;2,7;
2026/02/09;1100 UTC;0;930,1;930,1;929,8;308,2;21,6;;21,6;20,6;;;;;;9;5,9;3,6;
2026/02/09;1200 UTC;0;931;931;930,1;704,3;23;21,7;23;21,6;22,1;21,4;100;92;93;336;5,9;2,9;
2026/02/09;1300 UTC;0;931,4;931,4;931;1352,9;24,2;21;24,3;23;22,4;20,5;93;81;82;314;6;4,1;
2026/02/09;1400 UTC;0;931,1;931,4;931;2119,1;24,6;20,9;25,9;24,2;21,7;20,2;83;74;80;330;6,7;4,3;
2026/02/09;1500 UTC;0;930,4;931,1;930,4;1800,1;26,2;21;27,1;24,4;22,3;19,9;83;68;73;300;6,9;3,1;
2026/02/09;1600 UTC;0;929,5;930,4;929,5;1464,4;26,4;20,4;27,3;25,5;21,4;19,8;76;66;70;269;8,1;4,8;
2026/02/09;1700 UTC;0;928,8;929,6;928,8;2878,4;27,9;20,5;28,4;26,4;21,4;19,4;71;61;64;261;8,8;4,6;
2026/02/09;1800 UTC;0;928,1;928,8;928,1;3545,8;29,2;19,1;29,7;27,3;21,3;17,8;66;50;54;242;6,9;3,9;
2026/02/09;1900 UTC;0;927,5;928,1;927,5;2521,3;27,3;18,7;29,3;27,3;20,1;18,1;61;51;60;232;8,4;4,2;
2026/02/09;2000 UTC;0;927,5;927,5;927,4;1358,2;27,4;19;28,5;27,1;20,1;18,3;62;57;60;244;6,3;3,7;
2026/02/09;2100 UTC;0;927,7;927,7;927,3;895,7;26,6;19,6;28,4;26,6;20;18,4;65;57;65;254;5,8;2;
2026/02/09;2200 UTC;0;928,4;928,4;927,7;277,4;24,5;20,9;26,7;24,5;21,5;19,4;81;64;81;5;5,3;3,3;
2026/02/09;2300 UTC;0;929,6;929,6;928,4;8,7;22,3;20,1;24,5;22,3;21;20;87;81;87;41;7,2;2,7;
2026/02/10;0000 UTC;0;930,2;930,3;929,6;;20,8;19,6;22,3;20,8;20,2;19,6;94;86;93;33;6,3;4,1;
2026/02/10;0100 UTC;0;930,6;930,6;930,1;;20,6;19,4;20,9;20,6;19,9;19,4;94;93;93;39;6,5;4,7;
2026/02/10;0200 UTC;0;930,9;931;930,6;;20,4;19;20,6;20,2;19,4;18,9;93;91;91;27;7,3;3,7;
2026/02/10;0300 UTC;0;930,6;930,9;930,6;;20,3;19,2;20,6;20,3;19,2;18,8;93;90;93;31;5,2;3,6;
2026/02/10;0400 UTC;0;930,2;930,6;930,2;;20,5;19,8;20,7;20,3;19,8;19,2;95;93;95;34;5,7;3,8;
2026/02/10;0500 UTC;0;929,7;930,2;929,7;;20,4;19,9;20,7;20,4;20;19,8;97;95;97;24;5,9;3,3;
2026/02/10;0600 UTC;,2;929,3;929,7;929,3;;20,6;20,4;20,6;20,2;20,4;19,8;100;97;99;25;4,5;1,8;
2026/02/10;0700 UTC;0;929,3;929,4;929,3;;20,7;20,4;20,8;20,6;20,6;20,3;100;98;98;25;4,3;2,4;
2026/02/10;0800 UTC;0;929,4;929,4;929,2;;20,6;20,1;20,8;20,5;20,4;20;98;96;97;31;5;2,4;
2026/02/10;0900 UTC;0;929,6;929,6;929,3;;20,5;20,3;20,6;20,4;20,3;20;99;97;99;42;3,9;1,6;
2026/02/10;1000 UTC;0;929,9;929,9;929,5;34,3;20,6;20,1;20,6;20,4;20,5;20,1;100;97;97;17;3,5;2,4;
2026/02/10;1100 UTC;0;930,8;930,8;929,9;287;21,4;20,4;21,4;20,6;20,6;20,1;98;94;94;8;4,9;3,2;
2026/02/10;1200 UTC;0;931,1;931,2;930,8;819,4;22,8;20,4;22,9;21,4;20,7;20,2;94;86;86;7;6,1;3,4;
2026/02/10;1300 UTC;0;931,2;931,3;931,1;1466;24,3;20,5;24,7;22,8;21,1;19,9;87;79;79;2;6,8;3,9;
2026/02/10;1400 UTC;0;931,4;931,4;931,2;2473,3;26,4;21,7;26,4;24,3;21,7;20;82;72;75;339;6,2;3,4;
2026/02/10;1500 UTC;0;931;931,5;931;1548,3;22,5;21;26,6;22,2;21,9;20,2;95;71;92;279;6,6;2;
2026/02/10;1600 UTC;0;930,3;931;930,3;915;21,5;;23,5;21,1;22,6;20,2;100;90;;180;8,4;2,2;
2026/02/10;1700 UTC;0;929,4;930,3;929,4;1847;24,5;21,9;25,1;21,5;;;100;84;86;238;6,7;4,4;
2026/02/10;1800 UTC;0;928,6;929,4;928,6;1940,9;26,1;20,4;26,2;23,7;23,1;20,4;91;70;71;264;6,7;1,9;
2026/02/10;1900 UTC;0;927,6;928,6;927,6;1474,7;25,6;21,8;26,9;24,8;22,5;19,8;84;68;79;47;5;1,9;
2026/02/10;2000 UTC;0;928,3;928,3;927,5;575,2;20,1;;25,6;20,1;22,3;19,2;100;80;;185;11,6;6,3;
2026/02/10;2100 UTC;0;927,9;928,5;927,9;346,5;21,7;20,8;21,7;19,9;;;;;94;77;10,8;2,4;
2026/02/10;2200 UTC;0;928,5;928,7;927,9;186,7;20,6;20,6;21,9;20,6;20,8;19,7;100;92;100;48;6,1;4,3;
2026/02/10;2300 UTC;0;929,2;929,3;928,5;6,2;20,7;20;20,7;20,5;;;;;96;34;6,1;3,5;
2026/02/11;0000 UTC;0;929,9;929,9;929,2;,9;20,7;19,9;20,8;20,6;20;19,9;96;95;95;55;6;4,3;
2026/02/11;0100 UTC;0;930,2;930,2;929,9;,3;20,6;19,9;20,7;20,4;20,1;19,9;98;95;96;26;6,6;4,6;
2026/02/11;0200 UTC;0;930,8;930,8;930,2;0;20,4;20;20,7;20,4;20,2;19,9;97;96;97;27;6,6;4,2;
2026/02/11;0300 UTC;0;930,3;930,8;930,3;;20,3;20,3;20,4;20,2;20,4;20;100;97;100;17;6,2;3,8;
2026/02/11;0400 UTC;0;929,6;930,3;929,6;;20,2;19,7;20,3;20,2;20,3;19,7;100;97;97;31;6,8;4,8;
2026/02/11;0500 UTC;0;929,4;929,6;929,3;;19,9;19,9;20,2;19,9;20;19,7;100;97;100;31;7;1,6;
2026/02/11;0600 UTC;0;928,7;929,4;928,7;;20,3;20,3;20,4;19,9;20,4;20;100;98;100;27;7,4;4,5;
2026/02/11;0700 UTC;0;928,7;928,9;928,7;;20,5;20,5;20,5;20,2;;;100;100;100;13;6,6;4,4;
2026/02/11;0800 UTC;0;929,2;929,2;928,7;;20,1;20,1;20,6;20,1;20,6;20,1;100;99;100;8;7;3,1;
2026/02/11;0900 UTC;0;929,7;929,7;929,2;;19,9;19,9;20,2;19,9;20,2;19,9;100;100;100;360;5,1;2,8;
2026/02/11;1000 UTC;,2;930,6;930,6;929,7;35,1;20,3;20,3;20,3;19,8;;;;;100;7;4,5;1,9;
2026/02/11;1100 UTC;,2;931,6;931,6;930,6;282,9;21,2;20,3;21,3;20,3;20,7;20,3;100;94;94;328;4,5;2,6;
2026/02/11;1200 UTC;0;932,1;932,1;931,6;944,7;23;20,7;23;21,2;21,3;20,3;95;87;87;317;5,5;3,9;
2026/02/11;1300 UTC;,2;932,5;932,6;932,1;1209,5;24;20,9;24;23;21,3;20,5;88;82;83;313;5,5;3,1;
2026/02/11;1400 UTC;,2;932,2;932,6;932,2;1723,2;25,3;21;25,6;23,9;21,7;20,3;83;75;77;298;6;3,7;
2026/02/11;1500 UTC;0;931,6;932,2;931,6;2096,2;25,6;20,9;27,1;25,3;21,7;20,1;77;69;75;258;6,4;3,4;
2026/02/11;1600 UTC;,2;930,6;931,6;930,6;1687,8;27,5;19,7;28,6;24,8;21,9;19,7;80;62;62;256;6,5;3,4;
2026/02/11;1700 UTC;,2;929,9;930,6;929,9;2364,2;25,2;21,8;28,8;25,1;22,4;20,1;82;62;82;34;6,5;3,7;
2026/02/11;1800 UTC;0;929,9;929,9;929,5;990,2;21,8;21,3;26;21,8;22,1;20,9;97;77;97;27;9;6,7;
2026/02/11;1900 UTC;,2;929,8;930,3;929,8;158,3;21,1;;21,8;20,8;;;;;;21;9,7;3,9;
2026/02/11;2000 UTC;0;929,2;929,8;929,2;268,5;21,6;;21,6;21,1;;;;;;39;7;4,4;
2026/02/11;2100 UTC;,2;929,2;929,3;929,1;464,2;22,2;;22,2;21,5;;;100;96;;39;6,1;3,5;
2026/02/11;2200 UTC;,2;929,7;929,7;929,2;256,4;22,3;21,4;22,4;22,2;;;;;95;22;5,3;3,7;
2026/02/11;2300 UTC;0;930,6;930,6;929,7;5,5;21,9;21,2;22,3;21,8;21,3;20,9;96;94;96;43;5,4;3,9;
2026/02/12;0000 UTC;,2;931,1;931,1;930,6;;21,6;21,2;21,9;21,5;21,4;21;99;96;98;33;5,4;3;
2026/02/12;0100 UTC;,2;931,5;931,5;931,1;;21,3;21,3;21,6;21,3;21,3;21;100;97;100;17;4,2;2,1;
2026/02/12;0200 UTC;0;932;932,1;931,5;;21,2;;21,3;21,1;;;;;;18;2,9;1,5;
2026/02/12;0300 UTC;,2;931,8;932,1;931,7;;21,1;21,1;21,2;21;;;;;100;7;4,5;3;
2026/02/12;0400 UTC;,2;931,4;931,8;931,4;;21;21;21,1;21;21,1;21;100;100;100;3;4,5;1,8;
2026/02/12;0500 UTC;,2;930,7;931,4;930,7;;21;;21,1;21;21,1;20,7;100;98;;21;6,4;4,2;
2026/02/12;0600 UTC;0;930,7;930,7;930,6;;21;;21;20,9;;;;;;342;6,4;2,3;
2026/02/12;0700 UTC;,2;930,7;930,8;930,6;;21,1;20,8;21,1;21;;;;;98;360;6,4;3,1;
2026/02/12;0800 UTC;,2;930,7;930,7;930,6;;21;20,9;21,1;21;21;20,8;100;98;100;357;5;3,1;
2026/02/12;0900 UTC;,2;931,3;931,3;930,7;;21,1;21,1;21,1;21;21,1;20,9;100;99;100;1;5,5;2,7;
2026/02/12;1000 UTC;,2;932;932;931,3;30,6;21,4;20,8;21,4;21,1;21,1;20,7;100;97;97;9;6;3,5;
2026/02/12;1100 UTC;,2;932,8;932,8;932;301,8;22;21,1;22;21,3;21,2;20,8;97;94;94;8;5,3;3,2;
2026/02/12;1200 UTC;0;933,2;933,2;932,8;1260,2;24,8;22,1;24,8;22;22,5;20,7;95;82;85;345;7,4;4,6;
2026/02/12;1300 UTC;,2;933,4;933,4;933,1;1741,1;26,4;21,8;26,5;24,2;22,4;20,6;85;76;76;346;7,4;4,6;
2026/02/12;1400 UTC;0;933,1;933,5;933,1;2179,6;26,5;21,2;26,9;25,6;21,8;20,4;77;71;73;347;7,1;3,8;
2026/02/12;1500 UTC;,2;932,4;933,2;932,4;1773,4;26,3;21,9;26,9;22,8;23,9;19,8;93;72;76;10;8,6;3,3;
2026/02/12;1600 UTC;,2;931,6;932,6;931,6;1155,6;23,3;22,2;26,4;21,1;;;;;94;305;11,9;2,4;
2026/02/12;1700 UTC;0;930,7;931,6;930,7;2165,7;25,9;21,8;27,2;23,3;23,7;21,2;94;73;78;244;4,3;2,7;
2026/02/12;1800 UTC;,2;930,5;930,9;930,5;635,6;23,6;21,9;25,9;22,2;22,9;20,5;96;75;90;240;8,4;1,3;
2026/02/12;1900 UTC;0;930,1;930,5;930,1;423,2;22,9;22,3;24,3;22,1;22,3;20,8;97;86;96;28;6,1;1,3;
2026/02/12;2000 UTC;,2;930;930,1;929,8;379,2;23,4;22,2;23,5;22,9;22,6;22;97;92;93;355;3,1;1,4;
2026/02/12;2100 UTC;0;930,1;930,2;929,9;480,9;23,6;22,4;23,8;23,4;22,7;22,1;95;91;93;50;2,9;1,8;
2026/02/12;2200 UTC;,4;931,2;931,2;930,1;178,6;23;22,4;23,7;23;22,6;22,2;96;92;96;36;3,3;2,3;
2026/02/12;2300 UTC;,2;932,3;932,3;931,2;1,6;22,5;21,5;23;22,5;22,4;21,4;97;92;94;15;5,5;3,1;
2026/02/13;0000 UTC;,2;932,7;932,7;932,3;;21,8;21,3;22,5;21,8;21,6;21;97;92;97;26;5,2;2,9;
2026/02/13;0100 UTC;,4;933,5;933,5;932,6;;21,6;21,5;21,9;21,5;21,5;21,1;99;96;99;35;5,4;3,2;
2026/02/13;0200 UTC;,2;933,9;933,9;933,5;;21,7;21,7;21,8;21,6;21,8;21,5;100;99;100;45;5;3,6;
2026/02/13;0300 UTC;,4;933,7;933,9;933,7;;21,7;20,8;21,8;21,6;21,7;20,8;100;95;95;36;5,4;2,9;
2026/02/13;0400 UTC;,2;933,6;933,7;933,6;;21;20;21,8;21;20,9;20;96;92;94;39;6;4,6;
2026/02/13;0500 UTC;,2;933,5;933,7;933,5;;20,9;20,4;21,2;20,9;20,5;19,9;97;93;97;33;6;2,9;
2026/02/13;0600 UTC;,2;933,2;933,5;933,2;;21;20,9;21,1;20,9;20,9;20,5;100;97;99;20;5,2;2,9;
2026/02/13;0700 UTC;,4;933,1;933,2;933,1;;21;20,9;21,1;20,9;21;20,7;100;98;100;22;4,5;2,7;
2026/02/13;0800 UTC;,2;933,4;933,4;933,1;;21;;21;20,9;21;20,8;100;99;;14;4,1;2,3;
2026/02/13;0900 UTC;,4;933,8;933,8;933,4;;21,2;21,2;21,3;20,9;;;;;100;12;3,7;1,9;
2026/02/13;1000 UTC;,2;934,2;934,2;933,8;46,2;21,4;20,8;21,5;21,2;21,4;20,8;100;96;96;356;5,1;2,9;
2026/02/13;1100 UTC;,4;934,9;934,9;934,2;266,9;21,8;20,9;21,8;21,5;21;20,7;96;95;95;12;5,1;2,6;
2026/02/13;1200 UTC;,2;935,9;935,9;934,8;371,2;22,3;20,5;22,3;21,8;20,9;20,4;95;89;90;10;6;3,2;
2026/02/13;1300 UTC;,4;936,5;936,5;935,9;1176,6;23,8;21,7;23,8;22,3;21,7;20,3;90;85;88;31;5,9;3,8;
2026/02/13;1400 UTC;,6;936,4;936,5;936,3;1541,6;24,1;19,9;24,3;23,3;21,5;19,9;88;77;77;38;7,8;4,7;
2026/02/13;1500 UTC;,6;936,1;936,4;936,1;1758,1;24,8;20,6;24,8;23,9;20,6;19;80;73;77;356;8;4,7;
2026/02/13;1600 UTC;,6;934,7;936,1;934,7;2125,7;25,5;19;25,8;24,4;20,4;18,4;77;66;68;342;8,9;5;
2026/02/13;1700 UTC;,6;934;934,7;934;1972,6;26,3;19,7;27;25,2;20,6;18,8;71;65;67;313;7,9;4,9;
2026/02/13;1800 UTC;,6;932,6;934;932,6;2231,6;27,3;20,8;28,4;26,3;21,8;19,2;72;61;68;318;7,4;3,1;
2026/02/13;1900 UTC;,6;931,6;932,6;931,6;2385,4;27,3;20,2;29,7;27,2;21,5;19,6;68;60;65;351;7,9;3,8;
2026/02/13;2000 UTC;,4;931,2;931,6;931,2;1573,4;28,4;19,4;28,7;27,3;20,8;19;67;57;58;11;6,2;3,8;
2026/02/13;2100 UTC;,6;931,7;931,7;931,2;878,6;26,9;18,6;28,5;26,9;19,5;18,5;63;56;61;5;6,2;2,4;
2026/02/13;2200 UTC;,6;932,2;932,3;931,7;178,1;24,2;21,7;26,9;24,2;21,7;18,6;86;61;86;230;5;1,4;
2026/02/13;2300 UTC;,6;932,9;932,9;932,2;;22,7;21,6;24,2;22,7;21,7;21,1;94;86;93;226;2;1,6;
2026/02/14;0000 UTC;,6;933,6;933,6;932,9;;22,1;21,1;22,8;22;21,6;21;94;92;94;246;3;2,1;
2026/02/14;0100 UTC;,6;933,9;933,9;933,6;;21,5;21,5;22,2;21,4;21,5;20,9;100;94;100;280;4,5;2,2;
2026/02/14;0200 UTC;,6;934,5;934,5;933,8;;21;;21,5;21;;;;;;232;3,3;,8;
2026/02/14;0300 UTC;,6;934,9;934,9;934,5;;21,5;;21,5;20,8;;;;;;224;2,1;,8;
2026/02/14;0400 UTC;,4;934,6;934,9;934,6;0;21,5;;21,7;21,5;;;;;;218;3,1;1,8;
2026/02/14;0500 UTC;,6;934,3;934,6;934,3;;21,3;;21,6;21,3;;;;;;170;3,1;,9;
2026/02/14;0600 UTC;,6;933,8;934,4;933,7;;20,8;;21,5;20,8;;;;;;96;2,8;1,3;
2026/02/14;0700 UTC;,6;933,5;933,8;933,5;;20,7;;20,8;20,7;;;;;;90;2,7;1,3;
2026/02/14;0800 UTC;,6;933,4;933,5;933,3;;20,4;;20,7;20,3;;;;;;108;3,2;1,9;
2026/02/14;0900 UTC;,4;933,9;933,9;933,4;;20;20;20,5;20;;;;;100;80;3,2;,6;
2026/02/14;1000 UTC;,6;934,1;934,1;933,8;46,4;19,9;19,9;20;19,6;20;19,6;100;100;100;60;3,2;2,5;
2026/02/14;1100 UTC;,4;934,2;934,3;934;663;22,2;;22,2;19,9;22,1;20;100;100;;86;3,3;2,1;
2026/02/14;1200 UTC;,4;934,5;934,5;934,2;1638;25,2;22,4;25,2;22,2;;;;;84;90;4;2,1;
2026/02/14;1300 UTC;,4;934,8;934,8;934,5;2143;26,3;21,5;26,8;24,8;22,6;20,5;84;73;75;91;5,9;2,5;
2026/02/14;1400 UTC;,4;934,9;934,9;934,7;2054,3;26,1;21,3;26,9;26;22,1;20,4;76;71;75;83;7;4,1;
2026/02/14;1500 UTC;,2;934,2;934,9;934,2;2215,6;28,5;22,3;28,5;26;22,3;20,7;75;67;69;92;6,6;2,6;
2026/02/14;1600 UTC;,4;933,5;934,2;933,4;3072,5;29,7;20,5;30,3;27,9;22;19,8;69;54;58;64;8,4;4,3;
2026/02/14;1700 UTC;,4;932,5;933,5;932,5;3349,7;30,7;19,2;31;29,2;21,2;18,7;61;49;51;71;7,5;2,7;
2026/02/14;1800 UTC;,4;931,4;932,5;931,4;2182,8;30,9;18,6;31,5;29,6;20,2;17,9;53;47;48;74;6,1;2,7;
2026/02/14;1900 UTC;,2;930,5;931,4;930,5;2038,7;30,4;18,7;32,3;30,4;19,9;17,6;50;43;50;133;5,7;2,1;
2026/02/14;2000 UTC;,4;930,3;930,5;930,3;1233,6;30,8;19,3;30,9;28,9;21,5;18,5;64;48;51;95;4;1,9;
2026/02/14;2100 UTC;,2;930,6;930,6;930;937;24;21;31,7;23,1;21;17,8;85;44;84;325;13,8;6,2;
2026/02/14;2200 UTC;,2;931;931,3;930,3;58,9;22;20,2;24,1;21,4;21,5;20,2;96;84;90;231;9,4;2,9;
2026/02/14;2300 UTC;,2;931,8;931,8;931;2,2;21,7;19,9;22,2;21,4;20,4;19,3;93;85;89;57;5,5;1,2;
2026/02/15;0000 UTC;,2;932,4;932,5;931,8;;21,5;20,2;22,4;21,5;20,7;20;92;89;92;9;5,8;2;
2026/02/15;0100 UTC;,2;933,6;933,7;932,4;;22,2;20,6;22,2;21,4;20,6;20,1;94;89;90;42;8,3;5;
2026/02/15;0200 UTC;,2;932,5;933,6;932,5;;20,5;19,7;22,4;20,5;20,4;19,5;95;87;95;118;8,3;2,4;
2026/02/15;0300 UTC;,2;932,8;933;932,5;;20,1;20,1;20,9;20,1;20,1;19,5;100;94;100;304;4,4;2,2;
2026/02/15;0400 UTC;,2;932,5;933;932,5;;20;20;20,1;19,8;20,1;19,8;100;100;100;256;3,2;,8;
2026/02/15;0500 UTC;,2;932;932,5;932;;20;;20,3;19,9;20,3;19,9;100;100;;135;1,9;1,2;
2026/02/15;0600 UTC;,2;932,2;932,2;932;;19,3;;20,4;19,3;;;;;;13;3;2,1;
2026/02/15;0700 UTC;0;931,9;932,2;931,9;;20;20;20,2;19,3;;;;;100;74;2,8;1,4;
2026/02/15;0800 UTC;,2;932,1;932,1;931,9;;19,5;;20;19,5;20;19,4;100;98;;53;3;2,3;
2026/02/15;0900 UTC;,2;932,4;932,4;932,1;;19,4;;19,6;19,2;;;;;;54;3,5;2,8;
2026/02/15;1000 UTC;,2;933;933;932,4;58,8;20,2;20,2;20,2;19,3;;;;;100;58;3,9;2,1;
2026/02/15;1100 UTC;0;933,3;933,3;933;727,9;24,4;20,6;24,4;20,2;20,8;20,1;100;78;79;89;3,2;1,7;
2026/02/15;1200 UTC;,2;934;934;933,3;1599,3;26,8;21,6;26,8;24,4;21,7;20,3;80;71;74;108;3,2;1,9;
2026/02/15;1300 UTC;0;933,9;934;933,9;2395;28,6;21,7;28,9;26,8;22,4;20,8;74;66;66;83;5,5;3,2;
2026/02/15;1400 UTC;,2;933,5;933,9;933,5;2951,8;30;21;30,2;28,3;22,1;19,8;68;55;59;95;6,3;3,1;
2026/02/15;1500 UTC;0;933;933,5;933;2868,4;31,3;19,6;31,3;30;21,3;19,3;59;49;50;70;6,7;3,8;
2026/02/15;1600 UTC;0;932,4;933;932,4;3204,9;30,9;18;32,5;30,7;20,3;17,7;51;42;46;94;6,5;2,9;
2026/02/15;1700 UTC;,2;931,9;932,4;931,9;2794,9;32,7;17,7;33,1;30,8;20,5;17;53;40;41;86;5,8;3;
2026/02/15;1800 UTC;0;931,2;931,9;931,2;2453,7;33;18,3;33,4;31,1;19,5;16,7;47;37;42;116;5,3;2,5;
2026/02/15;1900 UTC;0;930,3;931,2;930,3;2621,7;33,2;17,4;33,6;31,9;18,7;15,7;45;35;39;46;6,8;1,9;
2026/02/15;2000 UTC;0;929,7;930,3;929,7;2070,2;32,9;17,5;33,4;32,7;18,1;15,6;41;35;40;92;4,6;2,1;
2026/02/15;2100 UTC;0;929,7;929,7;929,4;1217,2;32,3;18,5;33,1;32,3;18,5;15,6;44;36;44;127;4;1,2;
2026/02/15;2200 UTC;0;930,2;930,2;929,6;330,2;28,6;20,8;32,5;28,5;20,8;16,1;63;37;63;186;2,9;1;
2026/02/15;2300 UTC;0;930,7;930,7;930,2;;26,2;20,5;28,6;26,2;21,5;19,8;71;63;71;255;4,5;,8;
2026/02/16;0000 UTC;,2;930,5;930,8;930,4;;25,2;19,8;26,2;24,9;21,5;19,8;79;71;72;116;5;2,7;
2026/02/16;0100 UTC;0;932,1;932,1;930,5;;25,1;19,5;26,1;24,4;20;19,3;76;66;71;63;4,3;2,8;
2026/02/16;0200 UTC;0;933;933;932,1;;23,4;19,6;25,1;23,4;19,8;19,4;79;71;79;32;4,6;3,3;
2026/02/16;0300 UTC;0;932,9;933,1;932,8;;23,1;19,5;23,5;23,1;19,8;19,5;81;79;80;36;5,2;4,3;
2026/02/16;0400 UTC;0;932,4;932,9;932,3;;24;18,9;24,2;22,5;19,6;18,9;83;73;73;64;5;3,1;
2026/02/16;0500 UTC;,2;932,7;932,7;932,4;;21,3;19,1;24;21,3;19,2;18,9;87;73;87;269;4,1;1,8;
2026/02/16;0600 UTC;0;932,5;932,7;932,3;;21,5;20,1;21,5;20,9;20,1;19,2;93;87;92;71;2,7;,5;
2026/02/16;0700 UTC;0;932,4;932,6;932,3;;21,4;19,5;21,6;20,6;20,1;19,3;94;88;89;338;3;1,6;
2026/02/16;0800 UTC;0;932,1;932,4;932,1;;21,9;19,9;22,3;21,4;19,9;19,4;89;86;88;317;3,7;1,7;
2026/02/16;0900 UTC;0;932;932,2;932;;19,8;19,4;21,9;19,8;19,9;19;97;88;97;124;2,5;,9;
2026/02/16;1000 UTC;,2;932,8;932,9;932;40,1;21,3;20,8;21,3;19,8;20,8;19,4;100;97;97;7;2,1;,8;
2026/02/16;1100 UTC;0;933,4;933,4;932,8;656,4;25,5;21,4;25,5;21,3;21,7;20,4;97;78;78;116;2,8;,8;
2026/02/16;1200 UTC;0;933,4;933,4;933,3;1552,7;28,1;20,9;28,1;25;21,5;19,9;78;65;65;212;1,4;,4;
2026/02/16;1300 UTC;0;933,7;933,8;933,4;2355,1;29,9;21,8;29,9;27,4;22,2;20,3;68;60;62;145;3,1;1,4;
2026/02/16;1400 UTC;0;933,7;933,9;933,7;2994,1;31,7;20,7;31,7;29,4;21,6;19,6;62;50;52;116;4,8;1,6;
2026/02/16;1500 UTC;0;933,1;933,7;933,1;3169,5;32,6;19,1;32,6;30,7;20,9;18,5;54;45;45;202;4,9;1,6;
2026/02/16;1600 UTC;,2;932,5;933,1;932,5;2888,3;33,2;19,7;33,8;31,3;21,1;18,5;52;43;45;233;4,6;1,8;
2026/02/16;1700 UTC;0;931,7;932,5;931,7;3230,6;33,3;19,3;33,9;31,6;20,5;17,9;50;41;44;184;5,8;3;
2026/02/16;1800 UTC;0;931;931,7;931;2276,6;27,7;20,5;34;27,7;21;18,4;65;42;65;178;9,7;5,3;
2026/02/16;1900 UTC;0;931,5;931,5;930,7;486,7;26;19,9;27,9;26;21,2;19;69;64;69;248;12,3;4,2;
2026/02/16;2000 UTC;0;930,3;931,6;930,3;185,9;23,1;20,7;26;22,5;21,2;19;91;66;86;290;9,8;4;
2026/02/16;2100 UTC;0;930,2;930,6;930,1;519,1;25,3;21,1;25,3;22,8;22,2;20,6;90;78;78;345;8;1,4;
2026/02/16;2200 UTC;,2;931,1;931,1;930,2;218,1;24;21,5;25,4;23,9;22,5;20,5;89;74;86;100;5,9;2,8;
2026/02/16;2300 UTC;0;931,6;931,6;931;;22,4;20,6;24,5;22,4;21,5;20,6;93;79;90;348;5,4;3,3;
2026/02/17;0000 UTC;0;932,6;932,6;931,6;;21,4;20;22,4;21,4;20,6;19,8;92;88;92;345;5,7;2;
2026/02/17;0100 UTC;0;933,5;933,6;932,6;;21,2;19,9;21,6;21,1;20,2;19,6;94;89;92;81;8;3,7;
2026/02/17;0200 UTC;0;933,6;933,6;933,1;;20,5;19,5;21,2;20,5;20,2;19,4;94;91;94;22;8;2,9;
2026/02/17;0300 UTC;0;933,2;933,6;933,1;;20,7;19,5;20,9;20,3;19,9;19,4;96;93;93;357;4,3;2,6;
2026/02/17;0400 UTC;0;932,9;933,2;932,9;;20,3;19,3;20,9;20,3;19,5;19,3;95;91;94;24;5,1;3,9;
2026/02/17;0500 UTC;0;932,7;932,9;932,7;;20,8;19,1;20,8;20;19,5;19,1;96;90;90;33;5;2,9;
2026/02/17;0600 UTC;0;932,2;932,7;932,2;;20,5;19;20,8;20,5;19;18,8;91;89;91;37;5;4,1;
2026/02/17;0700 UTC;0;932,2;932,4;932,2;;19,6;19,2;20,5;19,4;19,2;18,7;98;91;98;37;4,6;,4;
2026/02/17;0800 UTC;0;932,3;932,3;932,1;;19,8;18,6;20,3;19,6;19,8;18,6;100;92;93;19;1,9;,5;
2026/02/17;0900 UTC;0;932,8;932,8;932,3;;20;18,7;20,5;19,7;19,5;18,5;95;89;93;341;2;1,2;
2026/02/17;1000 UTC;0;933,2;933,2;932,8;37;20,6;19,4;20,6;19,8;19,4;18,5;93;91;92;28;2,1;,9;
2026/02/17;1100 UTC;0;933,6;933,6;933,1;466,5;24;19,7;24;20,6;20,8;19,3;94;77;77;12;1,8;,5;
2026/02/17;1200 UTC;,2;934,2;934,2;933,6;1547,3;26,2;20,5;26,3;24;20,8;18,4;77;65;71;273;3,5;1,8;
2026/02/17;1300 UTC;0;934,4;934,4;934,2;2340,6;28,2;21,2;28,3;26;22;20,2;73;66;66;254;4;1;
2026/02/17;1400 UTC;0;934,3;934,4;934,3;2963,1;29,4;21,6;29,5;28;22,5;20,9;68;61;63;176;4,3;2,2;
2026/02/17;1500 UTC;0;933,8;934,3;933,8;3368,7;30,9;22;31;28,9;22,6;20,6;64;55;59;94;4,8;1,7;
2026/02/17;1600 UTC;0;932,9;933,8;932,9;3442,9;30,9;19,9;32,7;30,7;22,5;19,7;59;49;52;323;4;1,6;
2026/02/17;1700 UTC;0;931,6;932,9;931,6;2590;32,5;19,9;32,7;30,7;21,4;18,9;57;46;48;359;3,8;1,9;
2026/02/17;1800 UTC;,2;930,6;931,6;930,6;1783,2;29,5;21,1;33,7;29,5;21,2;18,9;61;43;61;159;5,8;3,1;
2026/02/17;1900 UTC;0;930,6;930,6;929,9;1049,6;25;20,2;31,5;25;22,6;20;76;55;75;283;11,5;6;
2026/02/17;2000 UTC;0;930,7;931;930,4;446,2;24,3;19,6;25;23,9;19,9;19,1;76;72;75;115;9,6;1,5;
2026/02/17;2100 UTC;0;930;930,7;929,5;373,8;23,4;21,5;24,3;22,9;22,4;19,6;92;75;89;308;6,2;1,8;
2026/02/17;2200 UTC;0;930,2;930,4;929,9;91,8;23;21,2;23,8;22,9;22,1;21,2;92;87;89;213;3,6;1,3;
2026/02/17;2300 UTC;0;931,1;931,1;930,2;;22,3;20,5;23;22,1;21,2;20,1;92;87;90;201;3,1;,9;
2026/02/18;0000 UTC;,2;931,9;931,9;930,9;;22,5;20,9;22,7;22,3;21,1;20,4;92;88;91;144;1,9;1,1;
2026/02/18;0100 UTC;0;932,5;932,5;931,9;;21,8;20,3;23;21,7;21,2;20,3;93;89;91;9;7,6;3,1;
2026/02/18;0200 UTC;0;932,8;932,9;932,5;;21,5;20;22,3;21,5;20,4;19,8;92;87;91;350;4;2,3;
2026/02/18;0300 UTC;0;932,5;932,8;932,5;;20,9;19,9;21,6;20,9;20,2;19,9;95;91;94;323;3;1,5;
2026/02/18;0400 UTC;0;932,2;932,5;932,2;;20,6;19,8;21,1;20,2;19,9;19,1;95;92;95;319;3,3;1,1;
2026/02/18;0500 UTC;0;931,7;932,2;931,7;;20,3;19,8;20,6;20,3;20,1;19,5;98;95;97;28;2,4;1,7;
2026/02/18;0600 UTC;0;931,1;931,7;931,1;;20,5;19,5;20,7;20,3;20;19,5;97;94;94;68;3,8;2,7;
2026/02/18;0700 UTC;0;930,9;931,1;930,9;;20,5;19,4;20,6;20,2;19,7;19,4;95;94;94;48;3,5;2,4;
2026/02/18;0800 UTC;0;931,1;931,1;930,8;;20,2;19,4;20,5;20,2;19,6;19,4;95;93;95;36;3,8;2,8;
2026/02/18;0900 UTC;0;931,8;931,8;931,1;;19,7;18,9;20,2;19,7;19,5;18,9;96;95;95;9;3,6;1,8;
2026/02/18;1000 UTC;0;932,1;932,2;931,7;58,1;21,1;19,9;21,1;19,6;19,9;18,9;96;92;92;2;2,8;1,3;
2026/02/18;1100 UTC;0;932,5;932,5;932,1;497,3;21,6;20,4;23;21,1;20,5;19,7;93;84;93;24;3,3;2,5;
2026/02/18;1200 UTC;0;933,2;933,3;932,5;1249,4;25,5;21,2;25,5;21,6;21,6;20,1;93;77;77;230;3,2;1;
2026/02/18;1300 UTC;,2;933,4;933,4;933,2;2376,5;28,2;20,4;28,6;25,5;21,8;20,2;78;62;63;204;3;1,8;
2026/02/18;1400 UTC;0;933;933,4;933;2980,2;29,9;21,3;29,9;28,1;21,7;19,1;64;56;60;159;4,2;1,7;
2026/02/18;1500 UTC;0;932,8;933,1;932,8;3318,4;31,2;21;31,8;29,3;22,2;20;61;52;55;345;3,9;1,3;
2026/02/18;1600 UTC;0;931,9;932,8;931,9;2744;31,2;21,3;32,3;29,9;22,4;19,4;62;48;56;241;5,4;3,6;
2026/02/18;1700 UTC;0;930,8;931,9;930,7;2899,3;30,7;20;32,4;30,2;21,9;20;58;51;53;248;6,4;3,8;
2026/02/18;1800 UTC;0;931,7;933,5;930,5;324,8;20,1;;30,8;18,7;21,7;17,2;100;52;;344;18,7;8;
2026/02/18;1900 UTC;0;930,1;931,7;930,1;231,7;21,2;20,3;21,2;20;20,6;19,3;100;94;95;20;14,3;2,7;
2026/02/18;2000 UTC;0;929,4;930;929,4;886,9;22,1;20,2;22,4;21;21,1;20,2;97;89;89;233;7,8;3,4;
2026/02/18;2100 UTC;,2;929,2;929,4;929;373;21,7;19,7;22,1;21,7;20,1;19,6;89;86;89;289;6,4;2,4;
2026/02/18;2200 UTC;0;929,9;929,9;929,2;114,4;20,7;19,5;21,7;20,7;19,7;19,3;93;88;93;220;3,6;1,4;
2026/02/18;2300 UTC;0;930,6;930,6;929,9;;20,3;19,7;20,7;20,3;20;19,5;97;93;96;29;3,5;1,6;
2026/02/19;0000 UTC;0;930,5;930,7;930,3;;20,4;19,1;20,6;20,2;19,8;19,1;97;92;92;28;4,7;3,2;
2026/02/19;0100 UTC;0;931,1;931,1;930,4;;20,4;19,3;20,5;20,2;19,7;19,1;96;92;94;37;6,6;3,7;
2026/02/19;0200 UTC;0;931,1;931,1;930,8;;20,5;19,3;20,7;20,1;19,6;19,1;95;92;93;7;5,7;3,7;
2026/02/19;0300 UTC;0;931;931,5;931;;20,6;19,2;20,8;20;19,7;19,1;96;91;92;21;4,8;3,8;
2026/02/19;0400 UTC;0;930,4;931;930,4;;20,3;19,2;20,8;19,9;19,3;18,9;95;90;94;26;5,1;4,1;
2026/02/19;0500 UTC;0;930,7;930,8;930,4;;20,1;19,3;20,4;19,7;19,4;18,9;96;93;95;89;5,2;2,4;
2026/02/19;0600 UTC;0;930,8;931,3;930,7;;20,2;19;20,4;19,5;20,2;19;100;93;93;137;6,6;1,6;
2026/02/19;0700 UTC;0;930,3;930,8;930,3;;20;19,2;20,3;20;19,4;18,9;95;93;95;157;6,5;2,5;
2026/02/19;0800 UTC;0;929,6;930,3;929,6;;19,5;19,1;20;19,5;19,3;19;97;95;97;224;4,8;1,1;
2026/02/19;0900 UTC;0;929,2;929,6;929;;19,3;19,3;19,6;19,3;19,6;19;100;97;100;38;4,1;3,1;
2026/02/19;1000 UTC;0;929,8;929,8;929,2;25,5;19,5;;19,5;19,2;;;;;;52;5,7;2,6;
2026/02/19;1100 UTC;0;930,1;930,1;929,8;285,7;21;20,3;21;19,5;20,3;19,7;100;94;96;352;4;2,2;
2026/02/19;1200 UTC;0;930,5;930,5;930,1;660,2;22,8;20,6;22,8;21;20,8;20,2;96;87;88;44;4,4;2,8;
2026/02/19;1300 UTC;,2;930,8;930,8;930,5;1637,6;25,9;20,3;25,9;22,7;21,7;19,8;90;70;71;8;5,5;1,9;
2026/02/19;1400 UTC;0;930,8;930,8;930,6;2363;28,8;19,5;29,4;25,9;20,8;18,2;72;55;57;4;3,2;1,9;
2026/02/19;1500 UTC;0;930,5;930,8;930,4;3294,8;30,3;19,2;30,8;28,8;21,1;18,1;61;49;52;279;5,9;3;
2026/02/19;1600 UTC;0;929,4;930,5;929,4;3391,6;30,8;18,5;31,4;30,1;20,6;17,7;55;46;48;334;5,9;1,7;
2026/02/19;1700 UTC;0;928,8;929,4;928,8;2948,8;30,3;19;31,8;30,1;20,2;17,4;51;43;51;236;6,1;3;
2026/02/19;1800 UTC;0;928;928,8;928;1323;29,8;21,8;31,6;28,4;21,8;18,3;66;49;62;233;7,1;3,7;
2026/02/19;1900 UTC;0;927,6;928;927,5;2767,5;31,3;19,9;32;29,9;22,2;19,5;63;47;51;263;5,8;3,4;
2026/02/19;2000 UTC;0;927,3;927,6;927,3;2149,1;30,1;17,7;31,4;30,1;20,6;17,3;54;44;47;251;6,8;4,1;
2026/02/19;2100 UTC;0;927,5;927,6;927,2;1147,3;29,9;19,2;30,6;29,8;19,5;17,7;54;47;53;269;6,8;2,9;
2026/02/19;2200 UTC;0;927,6;927,8;927,5;315,3;25,1;20,9;29,9;25,1;21;18,2;78;50;78;18;6,4;4,1;
2026/02/19;2300 UTC;0;928,4;928,4;927,5;,4;24,1;21,2;25,1;24,1;21,2;20,9;84;78;84;24;6,1;3;
2026/02/20;0000 UTC;0;929,4;929,4;928,4;;23,6;20,9;24,1;23,6;21,4;20,8;85;83;85;22;6,2;3,5;
2026/02/20;0100 UTC;,2;930,3;930,3;929,4;;23,3;21;23,6;23,3;21,1;20,9;87;85;87;17;5;3,1;
2026/02/20;0200 UTC;0;931,1;931,1;930,3;;23,3;21,2;23,4;23,1;21,2;21;89;86;88;334;5,3;2,7;
2026/02/20;0300 UTC;0;931,2;931,4;931,1;;22,7;21,1;23,4;22,7;21,3;21;91;87;91;178;4,2;1;
2026/02/20;0400 UTC;0;930,8;931,2;930,8;;22,5;21,4;23;22,5;21,9;21,2;94;91;93;103;2,4;1,5;
2026/02/20;0500 UTC;0;930,1;930,8;930,1;;22;21,2;22,7;22;21,7;21,2;96;94;96;318;2,4;1,7;
2026/02/20;0600 UTC;0;929,5;930,1;929,5;;21,7;20,9;22;21,7;21,3;20,9;97;95;95;326;2,5;1,8;
2026/02/20;0700 UTC;0;929,5;929,5;929,3;;21;20,3;21,7;21;20,9;20,3;96;95;95;275;2,2;,7;
2026/02/20;0800 UTC;0;929,5;929,6;929,4;;21;20,4;21,2;20,7;20,8;20,1;98;95;97;344;3;2,1;
2026/02/20;0900 UTC;0;929,7;929,8;929,4;;20,5;20,5;21,1;20,2;20,5;19,6;100;95;100;160;2,6;,2;
2026/02/20;1000 UTC;0;930;930;929,5;36,5;21;21;21;20;21;19,7;100;97;100;335;2,1;1,6;
2026/02/20;1100 UTC;0;930,6;930,6;930;670,6;23,8;20,7;24,4;21;22;20,1;100;80;83;294;2,2;1,3;
2026/02/20;1200 UTC;0;930,7;930,9;930,6;1580,8;26,3;21,9;26,5;23,8;22,3;20,7;85;76;77;269;4,2;2,6;
2026/02/20;1300 UTC;,2;931;931;930,7;2391,3;28;21,7;28,2;26,3;22,2;21;76;68;68;253;4,8;2,5;
2026/02/20;1400 UTC;0;930,6;931;930,6;3059,7;29,7;21,5;29,8;28;22,4;20,9;70;60;61;263;5,5;2,4;
2026/02/20;1500 UTC;0;930,5;930,8;930,5;3699,7;30,3;20,5;31,1;29,2;22,4;20,3;65;54;56;202;5,6;2,6;
2026/02/20;1600 UTC;0;929,4;930,5;929,4;3604,1;30,4;20,1;32,3;30;22,3;19,2;60;47;54;225;6,9;3;
2026/02/20;1700 UTC;,2;928,1;929,4;928;3360,3;31,9;20;32,5;30,4;21,7;19,1;56;48;49;249;8,8;2,7;
2026/02/20;1800 UTC;0;927,4;928,1;927;1482,6;22,6;19,4;33,1;22,6;21,4;17,7;82;45;82;82;15,6;9,1;
2026/02/20;1900 UTC;0;926,8;927,7;926,7;393,4;23,4;20,1;23,9;22,4;22,2;20,1;93;82;82;302;15,6;4,7;
2026/02/20;2000 UTC;0;926,6;926,9;926,4;604,1;24,2;21,3;24,2;23,1;21,3;19,7;85;80;84;344;7,6;3,8;
2026/02/20;2100 UTC;0;926,6;926,8;926,5;619,9;25,8;20,9;26,3;24,2;21,6;20,5;84;71;75;320;5,7;2,3;
2026/02/20;2200 UTC;,2;926,4;926,6;926,2;107;22,6;20,1;25,7;22,6;20,7;19,9;86;73;86;347;5,3;3,4;
2026/02/20;2300 UTC;0;928;928;926,4;;21,8;20,5;22,9;21,6;20,7;20,1;93;85;93;332;4,9;1,4;
2026/02/21;0000 UTC;0;929,2;929,2;928;;22;20,5;22,1;21,7;20,6;20,3;93;90;91;301;5,6;3,3;
2026/02/21;0100 UTC;0;930,7;930,7;929,2;;21,7;20,7;22,2;21,7;20,8;20,5;94;90;94;286;5,4;2,9;
2026/02/21;0200 UTC;0;931,1;931,3;930,7;;21,7;21,2;21,9;21,4;21,3;20,6;97;94;97;237;5,2;2,4;
2026/02/21;0300 UTC;0;930,5;931,1;930,5;;21,2;;21,7;21,2;;;;;;332;3,8;1,4;
2026/02/21;0400 UTC;0;930,3;930,7;930,3;;21;;21,2;20,9;;;;;;191;2,6;,5;
2026/02/21;0500 UTC;,2;929,4;930,3;929,4;;20,5;;21;20,5;;;;;;27;3,2;2,5;
2026/02/21;0600 UTC;0;928,8;929,4;928,8;;20,3;;20,5;20,3;;;;;;354;3,4;1,7;
2026/02/21;0700 UTC;0;928,5;928,8;928,2;;20,4;;20,4;20,2;;;;;;317;2,8;,6;
2026/02/21;0800 UTC;0;928,3;928,5;928,3;;20,4;;20,5;19,9;;;;;;49;2,6;1,8;
2026/02/21;0900 UTC;0;928,7;928,7;928,2;;20,1;;20,5;20,1;;;;;;44;3,5;2,6;
2026/02/21;1000 UTC;0;929,2;929,2;928,7;34,3;20,3;;20,3;19,8;;;;;;42;3,8;2,8;
2026/02/21;1100 UTC;0;929,9;929,9;929,2;330,5;21,3;;21,3;20,3;;;;;;27;4,3;2,3;
2026/02/21;1200 UTC;0;930,6;930,6;929,9;631,7;22,8;21,9;22,8;21,2;21,9;21,3;100;94;95;27;4;2,9;
2026/02/21;1300 UTC;0;931,4;931,4;930,6;1802,6;26,5;21,9;26,6;22,8;22,5;21,1;95;73;76;334;4,4;2,4;
2026/02/21;1400 UTC;0;931,2;931,4;931,2;2515;28,3;22,8;28,3;26,1;22,8;20,9;76;68;72;346;6,2;2,5;
2026/02/21;1500 UTC;0;930,4;931,2;930,4;3072,4;29,5;21,5;30,1;27,6;23,1;21,1;72;62;62;318;5,8;1,9;
2026/02/21;1600 UTC;0;929,4;930,4;929,4;2309,2;27,5;22,4;30,2;27,5;22,8;21,3;75;62;74;242;6,7;4,3;
2026/02/21;1700 UTC;,2;930,3;930,4;929,2;178,2;22,3;19,5;27,5;22,3;22,6;19,5;84;74;84;121;12,9;7,1;
2026/02/21;1800 UTC;0;929,1;930,4;929,1;34;21,4;20,2;22,3;21,1;20,3;19,5;94;84;93;112;12,9;1,6;
2026/02/21;1900 UTC;0;928,5;929,2;928,5;80,6;21,1;20,5;21,7;21,1;20,6;20,1;96;92;96;23;3,3;1,4;
2026/02/21;2000 UTC;0;927,8;928,5;927,8;191,6;21;21;21,4;20,8;21;20,3;100;95;100;30;5,6;3,3;
2026/02/21;2100 UTC;,2;927,9;927,9;927,6;237,6;21,3;20,7;21,4;21;21,3;20,7;100;96;96;14;4,8;2,9;
2026/02/21;2200 UTC;0;928,1;928,2;927,9;82,4;21,4;20,7;21,4;21,3;20,8;20,6;97;95;96;44;4,8;,9;
2026/02/21;2300 UTC;0;928,6;928,6;928,1;;21,1;20,2;21,4;21;21,1;20,2;100;94;94;48;4,7;3,8;
2026/02/22;0000 UTC;0;929,4;929,4;928,6;;20,9;;21,1;20,7;20,8;20,2;100;95;;45;5,9;2,8;
2026/02/22;0100 UTC;0;930,4;930,4;929,4;;20,9;20,3;21,2;20,9;21;20,3;100;96;96;19;4;1,5;
2026/02/22;0200 UTC;0;931,3;931,3;930,3;;20,8;20,7;20,9;20,5;20,8;20,2;100;96;99;11;2,8;1,9;
2026/02/22;0300 UTC;,2;931,3;931,3;930,9;;20,5;;21,1;20,5;21;20,1;100;95;;190;4,5;2,2;
2026/02/22;0400 UTC;0;930,4;931,3;930,4;;20,7;;20,7;20,4;;;;;;19;4,1;,8;
2026/02/22;0500 UTC;0;929,8;930,5;929,8;;20,7;20,7;21,2;20,6;;;;;100;44;2,3;1,8;
2026/02/22;0600 UTC;0;929,1;929,8;929,1;;20,4;;20,8;20,4;;;;;;35;2,7;2,1;
2026/02/22;0700 UTC;0;929;929,2;929;;20,4;;20,5;20,3;;;;;;44;3,8;2,1;
2026/02/22;0800 UTC;,2;928,6;929;928,6;;20,1;;20,5;20,1;;;;;;27;4,1;3;
2026/02/22;0900 UTC;0;928,7;928,7;928,6;;20,3;20,2;20,3;20,1;20,3;20,2;100;100;100;46;4,1;2,3;
2026/02/22;1000 UTC;0;929,5;929,5;928,7;37;20,4;19,8;20,4;19,7;;;;;96;23;3,6;2,7;
2026/02/22;1100 UTC;0;930,5;930,5;929,5;491,5;21,9;20,5;21,9;20,4;20,7;19,8;97;91;92;22;4,1;2,7;
2026/02/22;1200 UTC;0;931,2;931,3;930,5;491,4;22,7;20,9;22,7;21,9;21,1;20,4;94;90;90;351;3,8;2;
2026/02/22;1300 UTC;0;931,9;931,9;931,2;1015,5;24,3;20,7;24,4;22,7;21,7;20,2;90;80;81;351;4,9;2,4;
2026/02/22;1400 UTC;0;931,7;932,1;931,7;1383,7;25,5;21,4;26,1;24;22,3;20,1;84;73;78;270;5;3,1;
2026/02/22;1500 UTC;0;930,5;931,7;930,5;1784,7;26,9;20,5;26,9;25,5;21,7;20,1;79;68;68;265;5;1,4;
2026/02/22;1600 UTC;,2;930,2;930,6;930,2;1934,4;25,7;21,7;27,2;25,6;22,3;19,6;81;65;78;214;5,8;3,4;
2026/02/22;1700 UTC;0;928,6;930,2;928,6;2167,1;27,7;21,4;27,8;25,5;22,6;20,8;80;69;69;231;5,8;2,8;
2026/02/22;1800 UTC;,2;926,9;928,6;926,9;3150,8;28,4;20,2;29,6;27,7;21,8;20;69;59;61;253;4,6;2,4;
2026/02/22;1900 UTC;0;926,2;926,9;926,1;2601;29;20,1;30;28,4;21,9;20,1;65;58;59;197;4,8;2,3;
2026/02/22;2000 UTC;0;926,1;926,4;926,1;2140;29,5;21,3;30;28,9;21,3;19,4;62;54;61;185;5,2;1,6;
2026/02/22;2100 UTC;,2;926,7;926,8;926,1;404,2;23,7;21,4;29,5;23,4;21,9;19,6;91;57;87;281;9,4;2;
2026/02/22;2200 UTC;0;927,2;927,2;926,6;146,2;22,9;21,6;23,7;22,9;21,6;20,6;92;85;92;121;3,8;,6;
2026/02/22;2300 UTC;0;928,1;928,1;927,2;;22,3;21,4;23,1;22,3;22,1;21,2;95;91;95;31;4,4;3,2;
2026/02/23;0000 UTC;0;928,9;929;928,1;1;22,5;21,7;22,8;22,2;21,7;20,9;96;89;95;4;4,6;1;
2026/02/23;0100 UTC;0;929,9;929,9;928,8;;22,2;21,1;22,5;22;21,6;21,1;96;93;94;92;5,3;2,2;
2026/02/23;0200 UTC;0;930,3;930,3;929,9;;21,5;;22,2;21,1;21,6;20,9;100;94;;75;5,3;1,6;
2026/02/23;0300 UTC;0;930;930,3;930;;21,4;;21,9;21,4;;;;;;67;6,5;3,4;
2026/02/23;0400 UTC;0;929,2;930;929,2;;21,2;;21,4;21,1;;;;;;360;5,3;2;
2026/02/23;0500 UTC;0;928,6;929,2;928,6;;21,1;;21,3;21,1;;;;;;334;2,9;1,5;
2026/02/23;0600 UTC;0;927,9;928,6;927,9;;21,1;;21,2;21,1;;;;;;67;2;,3;
2026/02/23;0700 UTC;0;927,4;927,9;927,4;;20,9;;21,3;20,9;;;;;;128;1,8;1,5;
2026/02/23;0800 UTC;0;927,6;927,6;927,3;;21;;21;20,8;;;;;;175;3,9;1,7;
2026/02/23;0900 UTC;0;927,8;927,8;927,6;;21,2;;21,2;20,9;;;;;;125;3,1;1,4;
2026/02/23;1000 UTC;0;928,2;928,2;927,8;24,3;21,1;;21,2;21,1;;;;;;91;4;1,8;
2026/02/23;1100 UTC;,2;928,6;928,6;928,2;219,1;21,5;;21,5;21,1;;;;;;39;4,4;3,1;
2026/02/23;1200 UTC;0;929,2;929,2;928,6;1099,5;23,6;22,3;23,6;21,5;;;;;92;27;6,1;4,2;
2026/02/23;1300 UTC;0;929,8;929,9;929,2;1156,5;24;22,1;24;23,1;22,4;21,3;93;88;89;20;6,4;3,6;
2026/02/23;1400 UTC;0;929,8;929,9;929,7;1010,1;24,5;21;24,8;23,9;22,4;20,8;89;80;81;359;5,3;3,1;
2026/02/23;1500 UTC;0;929,4;929,8;929,4;484,4;22,5;21,3;25;22,4;21,8;20,6;95;78;93;250;6,8;2,1;
2026/02/23;1600 UTC;0;928,4;929,4;928,4;447,2;22,4;21,8;22,6;22,3;21,8;21,2;97;92;97;211;3,6;1,5;
2026/02/23;1700 UTC;0;927,4;928,4;927,4;849,9;24,2;22,3;24,2;22,4;22,7;21,8;97;89;89;260;3,8;2,1;
2026/02/23;1800 UTC;0;926,6;927,4;926,6;2111,2;27,2;21,1;27,8;24,1;22,8;21;89;67;69;300;6;3,4;
2026/02/23;1900 UTC;,4;925,6;926,6;925,6;2196,4;26,2;21,9;28,3;25,6;22,3;20,3;78;65;77;242;6;3,7;
2026/02/23;2000 UTC;0;925,1;925,6;925,1;1915,9;25,8;21,9;27,3;25,6;22,3;20,7;79;69;79;258;6,5;4,3;
2026/02/23;2100 UTC;,2;925,4;925,4;925,1;1102,5;25,5;20,5;26;25,3;22;20,4;80;73;74;268;6,9;4,9;
2026/02/23;2200 UTC;,2;925,7;925,7;925,3;414,2;23,3;21,2;25,5;23,3;21,4;20,5;88;74;88;259;7,1;4;
2026/02/23;2300 UTC;,4;926,5;926,5;925,7;;22,1;21,3;23,3;22;21,5;21,2;96;88;95;300;5,7;2,9;
2026/02/24;0000 UTC;0;927,6;927,6;926,5;;21,7;20,9;22,1;21,7;21,3;20,9;97;95;95;295;4;2,3;
2026/02/24;0100 UTC;,2;928,2;928,2;927,6;;21,1;21;21,7;21,1;21,4;20,9;100;95;100;311;3,3;1,5;
2026/02/24;0200 UTC;0;928,9;928,9;928,2;;21,3;;21,3;20,8;;;;;;310;2,3;1;
2026/02/24;0300 UTC;0;928,8;929;928,8;;21,1;;21,3;21,1;;;;;;310;2;1,4;
2026/02/24;0400 UTC;0;928,1;928,8;928,1;;21,1;;21,1;21;;;;;;323;2,6;1,6;
2026/02/24;0500 UTC;0;927,8;928,1;927,8;;21;;21,3;21;;;;;;320;3;1,9;
2026/02/24;0600 UTC;,2;927,2;927,8;927,2;;20,7;;21;20,7;;;;;;320;3;1,9;
2026/02/24;0700 UTC;0;926,8;927,2;926,7;;20,6;;20,7;20,5;;;;;;305;3,4;2,3;
2026/02/24;0800 UTC;0;926,8;926,8;926,7;;20,7;;20,7;20,5;;;;;;343;3,4;1,5;
2026/02/24;0900 UTC;0;927,3;927,3;926,7;;20,5;;20,7;20,5;;;;;;330;3,5;2,4;
2026/02/24;1000 UTC;0;927,7;927,7;927,2;30,9;20,5;;20,5;20,4;;;;;;331;4,1;1,3;
2026/02/24;1100 UTC;0;928,3;928,3;927,7;553,1;22,3;21;22,3;20,4;;;;;93;325;3,7;2,6;
2026/02/24;1200 UTC;0;929,1;929,1;928,3;1249,3;23,3;20,4;23,7;21,9;21,3;20,2;92;83;84;303;5,9;3,9;
2026/02/24;1300 UTC;0;929,4;929,4;929,1;1516,2;24,3;20,5;24,5;23,2;21,5;20;86;78;79;291;6,8;4;
2026/02/24;1400 UTC;,2;929,1;929,5;929,1;1625,1;24,7;21,7;25,9;22,1;21,7;19,6;95;73;83;296;9,5;3,9;
2026/02/24;1500 UTC;,2;928,6;929,1;928,6;2136,2;25;20,7;25,4;23,8;21,3;20;83;75;77;328;8,1;4,8;
2026/02/24;1600 UTC;,2;927,7;928,6;927,7;3152,5;27;20,1;27,9;24,9;21,8;19,7;79;64;66;312;6,8;4,1;
2026/02/24;1700 UTC;,2;927,1;927,7;927,1;2218,2;26,8;20,3;28;26,4;21,3;19,7;70;65;68;280;7,1;5,1;
2026/02/24;1800 UTC;,2;926,4;927,2;926,4;1028,7;22,9;22,4;26,8;22,2;22,4;19,9;97;67;97;315;11;4,5;
2026/02/24;1900 UTC;,4;925,5;926,4;925,5;1263,6;23,3;21,5;24;22,9;23;21,1;99;86;90;304;7,6;4;
2026/02/24;2000 UTC;,2;925,1;925,5;925,1;468,9;22,6;21,7;23,3;22,4;21,9;21,2;97;89;95;309;6,6;2,6;
2026/02/24;2100 UTC;,4;925,3;925,3;924,9;830,2;23,8;21,7;24;22,6;22,2;21,4;95;87;88;303;4,7;3,3;
2026/02/24;2200 UTC;,2;925,7;925,7;925,2;113,1;22,6;21,4;23,8;22,6;21,8;21,3;93;87;93;298;8,9;3,4;
2026/02/24;2300 UTC;,2;926,6;926,6;925,7;;21,7;20,9;22,6;21,7;21,4;20,9;95;93;95;297;5,8;2,7;
2026/02/25;0000 UTC;,2;927,5;927,5;926,6;;21,8;21,4;21,8;21,6;21,4;21;98;95;98;289;4,5;2,8;
2026/02/25;0100 UTC;,2;927,9;927,9;927,5;;21,9;21,9;22;21,8;21,9;21,3;100;96;100;300;5,8;2,7;
2026/02/25;0200 UTC;,2;928;928,1;927,9;;21,5;;21,9;21,5;;;;;;288;8,9;3,3;
2026/02/25;0300 UTC;,2;927,8;928;927,8;;21,6;;21,6;21,5;;;;;;288;6,2;4;
2026/02/25;0400 UTC;,2;927,3;927,8;927,3;;21,6;;21,6;21,5;;;;;;297;7,3;4,1;
2026/02/25;0500 UTC;0;926,9;927,3;926,9;;21,5;;21,6;21,5;;;;;;278;7,3;3,3;
2026/02/25;0600 UTC;,2;926,5;926,9;926,5;;21,2;;21,5;21,2;;;;;;281;7,2;3,8;
2026/02/25;0700 UTC;0;926,5;926,5;926,4;;21;;21,3;21;;;;;;269;7,9;4,2;
2026/02/25;0800 UTC;,2;926,6;926,6;926,4;,2;20,9;;21,1;20,8;;;;;;299;6,8;4,1;
2026/02/25;0900 UTC;0;926,8;926,8;926,6;;20,9;;20,9;20,8;;;;;;276;6,9;4,4;
2026/02/25;1000 UTC;0;927,3;927,3;926,8;16,4;21;;21;20,9;;;;;;266;6,9;4;
2026/02/25;1100 UTC;0;927,8;927,8;927,3;180,7;21,3;;21,3;21;;;;;;280;6,5;3,2;
2026/02/25;1200 UTC;0;928,1;928,1;927,8;632,3;22,5;;22,5;21,3;;;;;;281;7;4,1;
2026/02/25;1300 UTC;,2;928,2;928,3;928,1;1364,4;23,5;22,8;24,4;22,4;23,5;21,7;100;89;96;284;13,7;4,3;
2026/02/25;1400 UTC;0;927,8;928,2;927,8;1570,9;23,3;22,2;25,6;23;23,7;21,1;96;83;94;294;8,6;5,7;
2026/02/25;1500 UTC;0;927,4;927,9;927,3;1159,5;23,1;22,5;24,2;22,6;23,9;21,8;99;94;97;292;10,2;6,6;
2026/02/25;1600 UTC;,2;926,9;927,4;926,9;981,1;22,9;21,9;23,4;22,7;23;21,6;100;94;94;281;11,2;6,7;
2026/02/25;1700 UTC;0;926,2;926,9;926,2;1101,4;23,5;22;24;22,8;22,5;21,6;95;90;91;277;9,4;4,8;
2026/02/25;1800 UTC;,2;925,4;926,2;925,4;2181,9;25;22,4;25,4;23;23,6;22;98;83;86;277;8;4,9;
2026/02/25;1900 UTC;,2;924,7;925,4;924,7;1564;25,1;21,8;25,8;24,6;23;21,5;89;81;82;260;7,8;4,7;
2026/02/25;2000 UTC;,4;924,2;924,6;924,2;1067;24,9;21,5;25,4;24,7;22;20,9;83;78;81;277;7,6;3,9;
2026/02/25;2100 UTC;,2;924,2;924,3;924,2;521,5;23,2;21,7;24,9;23,2;21,9;21;91;81;91;296;6,6;4,1;
2026/02/25;2200 UTC;,2;925,1;925,1;924,2;82;21,6;20,8;23,2;21,6;22,1;20,8;98;91;95;284;6;2,9;
2026/02/25;2300 UTC;,2;925,7;925,7;925,1;;20,9;20,5;21,6;20,9;20,8;20,4;98;95;98;247;4,3;1,3;
2026/02/26;0000 UTC;,2;926,9;926,9;925,7;;20,4;;21,1;20,4;;;;;;215;7,4;2,3;
2026/02/26;0100 UTC;,2;927,4;927,4;926,9;;20,2;;20,5;20,1;;;;;;312;4,5;2;
2026/02/26;0200 UTC;,2;927,3;927,5;927,3;;20,2;;20,2;20;;;;;;318;3,7;2;
2026/02/26;0300 UTC;,2;926,6;927,4;926,6;;20,4;;20,5;20,2;;;;;;359;2,8;1,3;
2026/02/26;0400 UTC;0;926,3;926,6;926,3;;20,4;;20,5;20,4;;;;;;347;2,5;1,1;
2026/02/26;0500 UTC;,2;925,9;926,4;925,9;;20,5;;20,5;20,4;;;;;;318;2,5;1,9;
2026/02/26;0600 UTC;,2;925,7;925,9;925,6;;20,6;;20,6;20,4;;;;;;262;3,8;2,6;
2026/02/26;0700 UTC;0;925,7;925,8;925,7;;20,5;;20,6;20,5;;;;;;282;5,2;3,4;
2026/02/26;0800 UTC;,2;925,9;925,9;925,6;;20,1;;20,5;20;;;;;;36;4,6;,8;
2026/02/26;0900 UTC;,2;926,4;926,4;925,9;;20,3;;20,3;20,1;;;;;;283;4;2,4;
2026/02/26;1000 UTC;0;926,9;926,9;926,3;21,7;20,8;;20,8;20,3;;;;;;310;4,8;3,3;
2026/02/26;1100 UTC;,2;927,8;927,8;926,9;171;21,2;;21,2;20,7;;;;;;277;5,5;2,9;
2026/02/26;1200 UTC;0;928,6;928,6;927,8;510,5;22,5;;22,5;21,2;;;;;;279;5,9;4,3;
2026/02/26;1300 UTC;0;929,1;929,1;928,6;1324,3;23,3;21,9;23,5;21,9;22,9;21,2;100;92;92;269;8;3,7;
2026/02/26;1400 UTC;,2;929;929,2;928,9;2588,8;25,6;21,5;26;23,1;22,4;21,1;92;76;78;266;6,9;4,2;
2026/02/26;1500 UTC;0;928,6;929;928,6;2880;26,5;21,1;27,2;24,5;22,6;20,3;83;70;72;248;6,9;3,4;
2026/02/26;1600 UTC;,2;927,7;928,6;927,7;3143,4;27,5;20,5;27,9;25,8;22,4;19,9;74;65;66;249;6,9;3,8;
2026/02/26;1700 UTC;0;926,9;927,7;926,9;3186,3;28,6;20,5;29;26,8;21,7;19,2;69;61;61;268;7,4;3,9;
2026/02/26;1800 UTC;0;926;926,9;926;3244,4;28,8;20,7;29,3;27,8;21,4;18,4;64;55;62;255;7,4;3,7;
2026/02/26;1900 UTC;,2;925,1;926;925,1;2702,5;29,1;20;29,6;28,3;21;17,8;62;51;58;261;7,3;4,7;
2026/02/26;2000 UTC;,2;924,7;925,1;924,6;2001,3;28,6;19,2;29,3;28,4;20,6;18,7;61;55;57;263;8,1;4,3;
2026/02/26;2100 UTC;0;924,9;924,9;924,6;1139,2;27,7;19,6;28,9;27,7;20;19,1;62;57;62;253;6,9;3,9;
2026/02/26;2200 UTC;,2;925,5;925,5;924,9;295,5;25,3;20,5;27,8;25,3;20,5;19,4;75;60;75;272;6,1;2,8;
2026/02/26;2300 UTC;0;926,3;926,3;925,5;;23,4;21;25,3;23,3;21;20,4;87;75;86;315;3,9;2,4;
2026/02/27;0000 UTC;,2;926,8;926,8;926,3;;22,8;20,1;23,7;22,8;21;20,1;86;84;85;302;4,7;2,5;
2026/02/27;0100 UTC;;;;;;22,1;19,9;23;22,1;20,1;;87;84;87;;;;
2026/02/27;0200 UTC;,2;927,8;927,8;927,4;;21,9;20,3;22,1;21,6;20,3;19,9;91;87;90;311;2,9;2,3;
2026/02/27;0300 UTC;0;927,4;927,8;927,4;;21,3;20;22,4;21,1;20,4;19,7;93;88;92;343;2,9;2,3;
2026/02/27;0400 UTC;0;927;927,4;927;;21,7;19,9;21,7;21,1;20,1;19,7;93;90;90;303;3,1;2,1;
2026/02/27;0500 UTC;0;926,9;927,1;926,9;;20,5;19,5;21,6;20,5;19,9;19,4;94;90;94;346;2,8;2,3;
2026/02/27;0600 UTC;,2;926,4;926,9;926,4;;20,8;19,6;21;20,5;19,9;19,5;95;92;93;314;2,8;1,9;
2026/02/27;0700 UTC;0;926,2;926,4;926,2;;20,1;19,3;20,8;20;19,6;19,2;96;93;95;1;2,7;2,3;
2026/02/27;0800 UTC;0;926,3;926,3;926,1;;19,8;19,5;20,1;19,7;19,6;19,1;98;95;98;359;3,3;2;
2026/02/27;0900 UTC;0;926,8;926,8;926,3;;20;19,3;20,2;19,8;19,6;19,3;98;96;96;320;2,4;1,3;
2026/02/27;1000 UTC;0;927,3;927,3;926,8;53,1;20,7;19,8;20,7;19,8;19,8;19,1;97;95;95;320;2;1,6;
2026/02/27;1100 UTC;,2;927,9;928;927,3;631,8;23,6;20,5;23,6;20,7;20,9;19,8;95;83;83;289;2;,7;
2026/02/27;1200 UTC;0;928,8;928,8;927,9;1152;25,1;20,7;25,1;23,6;21,3;20,2;83;76;77;267;2,3;1,5;
2026/02/27;1300 UTC;0;929,2;929,2;928,8;2299,3;26,9;20,5;26,9;25,1;21,2;19,4;77;65;68;226;5,1;2,8;
2026/02/27;1400 UTC;,2;929,2;929,3;929,2;2872,6;27,2;19,7;28,4;26,6;21,4;19,3;69;60;63;232;5,1;2,6;
2026/02/27;1500 UTC;0;928,8;929,2;928,8;2644,6;29,2;18,4;29,5;26,9;21,1;18,4;64;52;52;243;5,1;2,2;
2026/02/27;1600 UTC;0;928,1;928,8;928,1;3652;30,5;19,9;30,7;28,6;21,5;18,3;59;51;53;232;6,4;2,8;
2026/02/27;1700 UTC;0;927,3;928,1;927,3;2765,3;29,7;18,5;30,8;29,1;20,7;17,9;58;48;51;211;6,4;3,2;
2026/02/27;1800 UTC;0;926,6;927,3;926,6;1844,5;28;19,6;30,8;28;21;18,3;61;49;60;215;8;4,4;
2026/02/27;1900 UTC;0;926,2;926,6;926,2;1487;29,1;20,1;29,9;27,5;21,3;19,4;65;56;58;216;7,2;4,4;
2026/02/27;2000 UTC;0;925,7;926,2;925,7;1900,7;29;18,5;30,1;28,9;20,1;18,2;59;50;53;226;7,2;3,4;
2026/02/27;2100 UTC;,2;925,9;925,9;925,7;1060,9;29;20,2;29,4;28,6;20,3;18,4;60;51;59;234;6;2;
2026/02/27;2200 UTC;0;926,4;926,4;925,9;332,7;26,3;19,7;29;26,3;20,4;19,6;69;57;67;243;7,8;3,5;
2026/02/27;2300 UTC;0;927,1;927,2;926,4;;23,5;19,4;26,3;23,4;19,5;18,6;78;67;78;258;10,4;5,4;
2026/02/28;0000 UTC;0;927,6;927,6;927,1;;23,2;20;23,5;22,7;20,1;19,1;85;76;82;277;8,7;4,2;
2026/02/28;0100 UTC;0;928,3;928,3;927,6;;23,4;20,6;23,4;22,6;20,6;19,8;86;81;84;299;5,5;,8;
2026/02/28;0200 UTC;0;929;929;928,3;;22,6;19,7;23,4;22,6;20,9;19,7;86;83;84;65;3,8;2;
2026/02/28;0300 UTC;0;928,8;929;928,8;;23;19,6;23,3;22,6;19,8;19,5;84;79;81;64;3;2;
2026/02/28;0400 UTC;0;928,4;928,8;928,4;;21,7;19,6;23;21,6;19,7;19,4;88;81;88;36;3,8;3,3;
2026/02/28;0500 UTC;0;927,7;928,4;927,7;;20,9;19,5;21,9;20,9;19,7;19,4;92;87;92;25;3,9;1,7;
2026/02/28;0600 UTC;0;927,4;927,7;927,4;;20,5;19,3;21,1;20,5;19,6;19,2;93;91;93;23;4,3;2,4;
2026/02/28;0700 UTC;0;927,2;927,4;927,2;;20,4;19,3;20,7;20,4;19,4;19,2;93;91;93;39;3,3;2,7;
2026/02/28;0800 UTC;0;927,4;927,4;927,2;;20,2;19,3;20,4;20,1;19,5;19,2;96;93;94;43;3,7;3,2;
2026/02/28;0900 UTC;0;927,8;927,8;927,4;;20;18,9;20,4;20;19,3;18,9;95;92;94;45;3,9;3,1;
2026/02/28;1000 UTC;0;928,5;928,5;927,8;25,6;20;19,3;20;19,6;19,3;18,9;96;94;96;31;3,9;2,8;
2026/02/28;1100 UTC;0;929,1;929,2;928,5;580,5;23;20,3;23;20;20,5;19,3;96;84;85;35;3,7;2,3;
2026/02/28;1200 UTC;0;929,8;929,8;929,1;1346,5;25,7;21,4;25,7;23;21,5;20;85;76;78;62;5,4;3;
2026/02/28;1300 UTC;0;929,9;929,9;929,7;2328,1;28;21,5;28;25,7;21,8;20,6;78;67;68;52;6,8;3,7;
2026/02/28;1400 UTC;0;929,7;930;929,7;2731,6;29,7;19,9;29,7;27,2;21,8;18,6;68;53;56;44;6;2,1;
2026/02/28;1500 UTC;0;929,4;929,7;929,4;3735;30,9;17,8;31,7;29,6;20,2;15,9;57;40;46;226;4,7;1,3;
2026/02/28;1600 UTC;0;928,7;929,4;928,7;3586,4;31,2;15,7;31,6;30,2;19,5;15,7;52;39;39;218;4,4;1,8;
2026/02/28;1700 UTC;0;927,9;928,7;927,9;2460,1;30,5;18;31,7;29,8;18,9;15;51;38;47;229;5,3;2,9;
2026/02/28;1800 UTC;0;927,3;927,9;927,3;3108,2;31,7;17,1;32,1;30,6;18,6;16;47;38;42;219;6,7;2,9;
2026/02/28;1900 UTC;,2;926,8;927,3;926,8;2546,3;31;18,6;32;30,9;19,4;17;49;41;48;223;6,7;2,9;
2026/02/28;2000 UTC;0;926,7;926,8;926,5;1624,7;30,3;18,3;31,2;30,2;19,4;17,9;51;46;49;220;6,5;3,4;
2026/02/28;2100 UTC;0;926,6;926,7;926,5;1106,2;29,6;18,7;30,7;29,6;19,3;18;52;47;52;223;5,9;3,4;
2026/02/28;2200 UTC;0;927,1;927,1;926,6;240,1;27,5;19,7;29,6;27,5;19,8;18,5;63;51;63;244;5,1;1,9;
2026/02/28;2300 UTC;0;927,9;927,9;927,1;;25,8;19,9;27,5;25,8;20,3;19,5;70;63;70;68;3,5;1,3;
2026/03/01;0000 UTC;;928,6;928,6;927,9;;25;20,3;25,8;24,9;21,2;19,9;79;70;75;200;3,6;1,2;
2026/03/01;0100 UTC;;929,1;929,1;928,6;;23,7;20,4;25;23,7;20,9;20,1;82;75;82;107;1,6;,6;
2026/03/01;0200 UTC;;929,7;929,7;929,1;;23,7;19,9;24,1;23,3;20,8;19,8;84;77;79;70;2,8;2;
2026/03/01;0300 UTC;;929,7;929,8;929,6;;23,2;19,5;24;23,2;19,9;19,5;80;77;80;94;3,6;1,9;
2026/03/01;0400 UTC;;929,4;929,8;929,4;;22;19,5;23,2;21,9;19,7;19,2;85;80;85;93;3,6;1,4;
2026/03/01;0500 UTC;;929,3;929,5;929,3;;21,9;19;22,3;21,9;19,5;19;85;83;84;87;3,7;1,8;
2026/03/01;0600 UTC;;928,7;929,3;928,7;;21,5;18,8;21,9;21,4;19;18,8;86;84;85;80;3,8;2,5;
2026/03/01;0700 UTC;;928,7;928,8;928,6;;20,9;18,7;21,7;20,6;18,8;18,4;89;84;87;53;4,4;2,7;
2026/03/01;0800 UTC;;928,9;928,9;928,7;;19,9;18,5;21,1;19,9;18,9;18,5;92;86;92;39;4,3;3;
2026/03/01;0900 UTC;;929,3;929,3;928,9;;19,8;18;20;19,4;18,8;18;95;90;90;54;4,7;3,4;
2026/03/01;1000 UTC;;929,7;929,7;929,3;38,9;19,9;18,1;19,9;19,3;18,1;17,9;92;90;90;59;4,3;2,5;
2026/03/01;1100 UTC;;930,5;930,5;929,7;553,6;22,8;18,4;22,8;19,9;18,8;18,1;90;77;77;88;5,1;2,2;
2026/03/01;1200 UTC;;930,7;930,7;930,5;1455,7;25,1;18,9;25,1;22,7;19,2;18,4;77;68;68;79;6,7;4,4;
2026/03/01;1300 UTC;;930,6;930,8;930,6;2345;27,1;18,8;27,2;25,1;19,7;18,4;69;61;61;73;8,3;5,6;
2026/03/01;1400 UTC;;930,4;930,6;930,3;3012,5;28,5;18,7;29;27;19,6;17,8;62;52;56;111;8,2;3,1;
2026/03/01;1500 UTC;;930,1;930,4;930,1;3423;29,6;15;30,5;28,5;19,4;15;56;41;41;92;6,7;3,2;
2026/03/01;1600 UTC;;929,4;930,1;929,4;3407,3;30,2;15,6;31,4;29,4;17,3;14,1;46;36;41;155;6,9;2,7;
2026/03/01;1700 UTC;;928,4;929,4;928,4;3117,6;31,5;15,2;31,8;29,9;17,1;14,8;44;36;37;139;5,8;2,6;
2026/03/01;1800 UTC;;927,5;928,4;927,5;3272,6;31,9;14,2;32,7;31,3;15,9;13,4;39;33;34;154;5,6;2,5;
2026/03/01;1900 UTC;;926,8;927,5;926,8;2679,4;31,9;13,7;32,6;31,4;15,8;13,3;37;33;33;275;5,6;1,6;
2026/03/01;2000 UTC;;926,3;926,8;926,3;1816,1;30,9;16,5;32,6;30,7;16,9;13,7;43;33;42;112;4,1;1,8;
2026/03/01;2100 UTC;;926,6;926,6;926,2;898,2;29,4;15,9;31,1;29,4;17,3;14,7;45;38;44;172;6,3;2,3;
2026/03/01;2200 UTC;;927,1;927,1;926,6;194;26,3;17,2;29,4;26,3;17,2;15,7;57;44;57;125;5,2;2,5;
2026/03/01;2300 UTC;;927,7;927,7;927,1;;24,4;17,7;26,3;24,4;17,7;17,2;66;57;66;112;3,9;2,7;
2026/03/02;0000 UTC;;928,1;928,1;927,7;;23,7;17,5;24,6;23,7;17,7;17,4;68;65;68;100;4,3;1,7;
2026/03/02;0100 UTC;;929,1;929,1;928,2;;22,3;17,5;23,8;22,3;17,6;17,3;75;67;75;105;3,1;1,5;
2026/03/02;0200 UTC;;929,4;929,5;929,1;;22,5;17,5;23,1;21,6;17,7;17,4;78;70;73;94;3,4;1,6;
2026/03/02;0300 UTC;;929,1;929,4;928,9;;22,2;17,9;22,5;21,6;18;17,4;78;73;77;84;4,1;2,6;
2026/03/02;0400 UTC;;928,9;929,2;928,9;;21,2;17,9;22,2;21,1;18;17,8;82;77;81;74;4,1;2,3;
2026/03/02;0500 UTC;;928,6;928,9;928,6;;21,5;17,5;21,6;20,6;18;17,5;84;78;78;70;5,3;4,1;
2026/03/02;0600 UTC;;928,3;928,7;928,3;;21;17,2;21,5;20,9;17,5;17,2;80;78;79;69;5,4;3,7;
2026/03/02;0700 UTC;;928,3;928,3;928,2;;19,4;17,2;21,2;19,4;17,4;17;87;78;87;49;5,3;3,5;
2026/03/02;0800 UTC;;928,3;928,4;928,2;;19,1;17;19,4;19,1;17,3;17;88;86;87;57;4,7;3,2;
2026/03/02;0900 UTC;;928,7;928,7;928,2;;19,2;16,8;19,5;19;17,1;16,7;88;85;86;42;5,2;3,7;
2026/03/02;1000 UTC;;928,8;928,9;928,6;44,2;19,6;17;20,2;19,2;17;16,7;86;81;85;54;6,5;3,5;
2026/03/02;1100 UTC;;929,4;929,4;928,8;583,8;22,2;17,7;22,2;19,3;17,7;17;87;75;76;50;6,2;4,4;
2026/03/02;1200 UTC;;929,9;929,9;929,4;1495,1;25,3;17,9;25,3;22,2;18,4;17,5;76;63;64;62;8,8;5,8;
2026/03/02;1300 UTC;;930,2;930,2;929,9;2223,6;26,6;18,1;26,8;25,2;18,7;17,6;64;59;60;49;8,8;4,8;
2026/03/02;1400 UTC;;929,9;930,2;929,9;2919,8;28,7;18,8;28,9;26,5;19,3;17,8;62;52;55;77;7,1;2,9;
2026/03/02;1500 UTC;;929,4;929,9;929,4;3526;30,1;16,7;31,2;28,7;18,9;16;55;42;45;54;5,3;2,1;
2026/03/02;1600 UTC;;928,9;929,4;928,9;3083,7;30,6;15,9;30,7;29,4;17,7;15,6;48;41;41;81;4,4;,9;
2026/03/02;1700 UTC;;928;928,9;928;3871,7;31,6;17;32,8;30,6;18,2;15,5;45;38;41;135;4,6;2,3;
2026/03/02;1800 UTC;;927,4;928;927,4;3121,8;32,3;14,6;32,7;30,8;17,3;13,7;42;34;34;239;4,9;1,8;
2026/03/02;1900 UTC;;926,3;927,4;926,3;2497,4;32,1;14;32,7;30,7;16,3;13;41;31;33;202;4,5;2;
2026/03/02;2000 UTC;;926;926,4;926;1952,9;31,6;15,4;32,3;31,5;16,7;13,8;41;33;38;172;5,1;2,3;
2026/03/02;2100 UTC;;926,4;926,4;926;598,4;28,9;17,7;31,5;28,9;18,1;14,4;52;36;51;153;5;1,4;
2026/03/02;2200 UTC;;927;927;926,4;123,8;27,5;17,7;29,1;27,5;18,1;16,8;55;47;55;180;2,9;1,6;
2026/03/02;2300 UTC;;927,5;927,6;927;;25,6;15,9;27,5;25,6;17,5;15,3;55;50;55;107;3,9;2;
2026/03/03;0000 UTC;;928,1;928,2;927,5;;24,8;15,2;25,8;24,8;16,1;14,6;57;51;55;72;4,7;2,6;
2026/03/03;0100 UTC;;929;929;928,1;;23,2;15,6;24,8;23;15,9;15,1;63;55;62;46;5,4;4,1;
2026/03/03;0200 UTC;;929,3;929,5;929;;22,8;15,6;23,3;22,6;15,9;15,5;66;62;64;50;5,7;4,3;
2026/03/03;0300 UTC;;929,4;929,4;929,3;;21,8;16;23;21,8;16;15,6;69;63;69;49;5,7;4;
2026/03/03;0400 UTC;;928,8;929,4;928,8;;22,1;15,8;22,4;21,2;16,2;15,7;73;66;67;62;5,8;3,4;
2026/03/03;0500 UTC;;928,8;928,9;928,7;;20,1;16;22,1;20,1;16;15,7;78;67;78;37;5,8;3,3;
2026/03/03;0600 UTC;;928,4;928,8;928,4;;21,1;15,6;21,7;20;16,2;15,5;78;68;71;56;5,8;3,7;
2026/03/03;0700 UTC;;928,2;928,4;928,2;;19,7;16,1;21,5;19,7;16,1;15,4;80;68;80;45;5,3;3,3;
2026/03/03;0800 UTC;;928,2;928,2;927,9;;20,3;15,5;21;19,5;16,2;15,4;81;71;74;60;5,9;3,4;
2026/03/03;0900 UTC;;928,6;928,6;928,2;;19,6;15,6;20,4;19,6;15,7;15,5;78;74;78;48;5,8;3,3;
2026/03/03;1000 UTC;;929,1;929,1;928,6;40,7;19;16,2;19,5;18,7;16,2;15,6;84;78;83;35;4,1;2,4;
2026/03/03;1100 UTC;;929,9;929,9;929,1;670;23;16,6;23;19;16,9;16,1;84;67;67;62;6;4,3;
2026/03/03;1200 UTC;;930,6;930,6;929,9;1366,5;25;16,8;25;23;17,1;16,2;67;60;61;61;7,9;4,7;
2026/03/03;1300 UTC;;930,6;930,7;930,6;2285,8;27,9;17,4;28;25;18,1;16,6;61;52;53;54;7,4;4,3;
2026/03/03;1400 UTC;;930,7;930,7;930,6;2993,1;29,6;17,4;29,7;27,8;18,4;16,7;54;47;48;62;6,5;3,3;
2026/03/03;1500 UTC;;930,3;930,7;930,3;3388,8;31,2;13;31,8;29,6;18,3;13;50;32;33;353;5,5;1,5;
2026/03/03;1600 UTC;;929,7;930,3;929,7;3560,6;32,7;14,6;32,8;31,1;15,4;10,1;37;26;33;331;5;1,2;
2026/03/03;1700 UTC;;928,7;929,7;928,7;3546,8;32,7;13,3;33,1;31,8;15,5;12,9;36;31;31;244;4,7;2,5;
2026/03/03;1800 UTC;;927,7;928,7;927,6;2980,8;32,8;14,9;33,6;31,4;16,3;12,5;37;30;34;163;6,5;3,3;
2026/03/03;1900 UTC;;926,8;927,7;926,8;2641,5;32,5;14,1;33,1;32;15,3;13,4;35;31;33;228;6,5;3,1;
2026/03/03;2000 UTC;;926,9;927;926,6;1079,4;30,5;15,1;32,5;30,5;15,4;13,1;40;32;40;221;5,2;2,2;
2026/03/03;2100 UTC;;927;927;926,9;395,4;28,9;17,7;30,5;28,9;17,9;15,5;51;40;51;209;4,1;1,9;
2026/03/03;2200 UTC;;927,9;927,9;927;42,6;27;18,8;28,9;26,4;18,9;17,6;63;51;61;116;5;,8;
2026/03/03;2300 UTC;;928,3;928,4;927,9;;25,5;19,6;26,9;25,3;19,8;18,6;71;61;70;34;4;1,6;
2026/03/04;0000 UTC;;929,2;929,2;928,3;;24,4;18,8;25,6;24,1;19,6;18,6;72;68;71;241;4,6;1,5;
2026/03/04;0100 UTC;;930;930;929,2;;23,2;19;24,4;22,9;19,3;18,8;80;71;77;109;2,8;,8;
2026/03/04;0200 UTC;;930,8;930,8;930;;23,3;19,1;23,4;22,7;19,5;18,7;80;76;77;102;2,1;1,6;
2026/03/04;0300 UTC;;931;931,2;930,8;;21,8;19;23,3;21,7;19,4;19;85;77;84;56;3,2;1,7;
2026/03/04;0400 UTC;;930,7;931;930,7;;22,7;16,8;22,8;21,8;19;16,6;84;69;70;99;2,7;1,5;
2026/03/04;0500 UTC;;930,5;930,7;930,5;;21,6;16,6;23;21,6;16,8;16,1;73;66;73;93;3,2;1,3;
2026/03/04;0600 UTC;;930;930,5;929,9;;21,2;16,4;21,8;20,9;16,9;16,4;77;72;74;91;3,2;1,8;
2026/03/04;0700 UTC;;929,6;930;929,6;;19,4;17;21,4;19,4;17;16,2;86;72;86;48;3;2,1;
2026/03/04;0800 UTC;;929,7;929,8;929,6;;19;17,3;19,5;18,9;17,5;17,1;91;86;90;47;4,2;3;
2026/03/04;0900 UTC;;930,1;930,1;929,7;;19,3;16;19,5;19;17,3;16;90;82;82;55;3,8;3;
2026/03/04;1000 UTC;;930,8;930,8;930,1;25,3;19,3;15,4;19,3;18,8;16;15,3;82;79;79;53;4,2;3,5;
2026/03/04;1100 UTC;;931,3;931,4;930,8;647,6;23,1;15,5;23,1;19,3;15,9;14,9;79;62;62;69;5,2;3,6;
2026/03/04;1200 UTC;;931,7;931,8;931,3;1507,6;25,7;15,7;25,8;23,1;16,6;15,3;63;54;54;78;7,7;4,8;
2026/03/04;1300 UTC;;931,8;931,9;931,7;2312,1;27,8;14,9;28,1;25,7;16,9;14,5;56;44;45;70;8;5,1;
2026/03/04;1400 UTC;;931,5;931,9;931,5;2915,7;29,6;15,2;30,4;27,8;16,9;14;48;38;42;62;7,2;3,5;
2026/03/04;1500 UTC;;930,8;931,6;930,8;3370,6;30,9;14,2;31,3;29,6;16,3;12,5;44;32;36;59;6,8;2,9;
2026/03/04;1600 UTC;;930;930,8;930;3311,8;31,8;13,3;32,1;30,8;14,6;11,9;37;30;32;43;6,8;2,6;
2026/03/04;1700 UTC;;929,1;930;929,1;3367,3;33;12,5;33,3;31,3;13,4;11;33;27;29;126;6,8;1,7;
2026/03/04;1800 UTC;;928,1;929,1;928,1;3209,5;33,5;13,7;33,6;32,3;13,7;11,4;31;26;30;86;6,8;2,5;
2026/03/04;1900 UTC;;927,6;928,1;927,6;1994,4;32,2;14,4;33,9;31,5;14,4;11,2;34;27;34;175;6,8;2,2;
2026/03/04;2000 UTC;;927,1;927,6;927,1;1930,5;32,5;13,8;33,5;32,2;15,2;12,3;34;29;32;198;5,2;2,6;
2026/03/04;2100 UTC;;926,9;927,1;926,8;1171,8;31;12,1;32,6;31;13,6;10,7;32;26;31;138;7,9;4,9;
2026/03/04;2200 UTC;;927,5;927,5;926,9;241,2;27,3;13,6;31;27,2;13,6;12;43;31;43;134;7,9;3,2;
2026/03/04;2300 UTC;;927,8;927,9;927,5;;24,5;14,5;27,3;24,4;14,6;13,6;54;43;54;118;4,8;2,9;
2026/03/05;0000 UTC;;929,1;929,1;927,8;;24,3;14,7;25,1;23,9;14,8;14,2;56;51;55;114;5,1;3,5;
2026/03/05;0100 UTC;;930,1;930,1;929,1;;23,4;14,7;24,8;23,3;14,8;14,4;58;53;58;94;5,5;2,1;
2026/03/05;0200 UTC;;930,9;930,9;930,1;;22,4;14,7;23,7;22,4;14,8;14,7;62;57;62;104;4,2;1,9;
2026/03/05;0300 UTC;;930,8;931;930,8;;21,7;14,8;22,8;21,6;15,1;14,7;66;60;65;126;3,3;2,1;
2026/03/05;0400 UTC;;930,5;930,9;930,5;;20,2;15,5;21,8;19,9;15,5;14,8;76;65;74;83;2,9;1;
2026/03/05;0500 UTC;;930,2;930,5;930,2;;19,8;14,6;22,2;19,8;15,5;14,1;74;61;72;64;4,4;3,5;
2026/03/05;0600 UTC;;929,7;930,2;929,7;;21;14,7;21;18,3;15,7;14,7;84;67;67;96;4,4;2,1;
2026/03/05;0700 UTC;;929,5;929,7;929,4;;20,6;14,3;21,2;20,2;14,7;14,2;69;65;67;95;4,4;1,6;
2026/03/05;0800 UTC;;929,4;929,5;929,2;;20,6;13,9;21,3;20,2;14,3;13,8;67;63;65;76;4,8;3,3;
2026/03/05;0900 UTC;;929,7;929,7;929,4;;21,3;13,4;21,4;20,6;13,9;13,4;65;61;61;92;4,8;2,3;
2026/03/05;1000 UTC;;930,2;930,2;929,7;26,1;21,3;13,4;21,6;20,9;13,4;13,1;62;59;61;76;5,4;4;
2026/03/05;1100 UTC;;930,9;930,9;930,2;584,9;23,6;13,2;23,7;21,3;13,5;12,9;61;51;52;81;5,7;3,3;
2026/03/05;1200 UTC;;931,5;931,5;930,9;1339,4;26,1;13,2;26,2;23,6;14,4;13,1;53;45;45;82;8,9;4,8;
2026/03/05;1300 UTC;;931,4;931,6;931,4;2303,7;28,7;13,4;28,7;26;14,8;13;47;39;39;74;8,9;6;
2026/03/05;1400 UTC;;931,5;931,6;931,4;2928,2;30,6;14;30,6;28,7;14,7;12,6;40;35;36;72;9,6;4,2;
2026/03/05;1500 UTC;;931,3;931,6;931,3;3363;32;14,5;32,2;30,6;15,8;13,5;38;34;35;52;8,6;4;
2026/03/05;1600 UTC;;930,4;931,3;930,3;3137,6;32;13,5;32,8;30,9;15,4;13,3;37;32;33;62;7,6;3;
2026/03/05;1700 UTC;;929,6;930,4;929,6;3242,4;33,5;11,2;33,6;31,2;14,6;10,5;35;25;26;99;6,9;2;
2026/03/05;1800 UTC;;928,7;929,6;928,7;3098;32,6;11,8;34,2;32,6;13,7;10,2;30;24;28;55;6,9;1,7;
2026/03/05;1900 UTC;;927,8;928,7;927,8;1997,8;33;12,2;33,9;31,1;14,1;11,4;34;27;28;101;5,4;2,6;
2026/03/05;2000 UTC;;927,4;927,8;927,4;1402,8;32,1;13,4;33,4;30,8;14,3;11,5;36;27;32;191;4,4;1,2;
2026/03/05;2100 UTC;;927,3;927,4;927,3;1078,3;30,9;14,1;32,5;30,9;14,3;11,7;36;28;36;134;5,5;3,3;
2026/03/05;2200 UTC;;928;928;927,3;213,2;27,3;14,5;30,9;27,3;14,9;14;46;36;46;121;5,4;2,7;
2026/03/05;2300 UTC;;928,9;928,9;928;;25,2;14;27,3;25,2;14,7;13,9;50;46;50;130;4,7;3;
2026/03/06;0000 UTC;;929,9;929,9;928,9;;24,2;13,6;25,2;24,1;14;13,6;52;50;52;116;4,7;2,6;
2026/03/06;0100 UTC;;930,6;930,6;930;;24,4;12,6;24,4;24;13,6;12,6;52;48;48;98;4,9;2,2;
2026/03/06;0200 UTC;;930,8;930,9;930,6;;22,7;13,2;24,4;22,2;13,3;12,6;57;48;55;119;4;3,4;
2026/03/06;0300 UTC;;930,6;930,8;930,5;;24,1;12,6;24,1;22,6;13,4;12,5;56;49;49;98;5;2,4;
2026/03/06;0400 UTC;;930,6;930,6;930,5;;21,9;13,5;24,1;21,9;13,5;12,6;59;49;59;72;4,7;1,8;
2026/03/06;0500 UTC;;930,4;930,6;930,4;;21,4;14;21,9;21;14,1;13,4;63;59;63;53;3,8;2,7;
2026/03/06;0600 UTC;;930,1;930,4;930,1;;20,6;14,6;22,5;20,6;14,7;13,3;69;56;68;37;5,2;3,5;
2026/03/06;0700 UTC;;929,9;930,2;929,9;;20,4;14,6;21,1;20,4;14,7;14,4;70;66;70;36;5,2;3,2;
2026/03/06;0800 UTC;;929,8;929,9;929,7;;20,6;14,1;21,3;20,3;14,7;13,8;70;62;66;58;4,1;2,5;
2026/03/06;0900 UTC;;929,8;929,8;929,7;;20,7;14,4;21,5;20,4;14,4;14,1;67;63;67;76;4;2,7;
2026/03/06;1000 UTC;;930,1;930,1;929,8;24,6;21,8;14,4;21,8;20,7;14,4;14,2;67;63;63;76;4,6;3,3;
2026/03/06;1100 UTC;;931;931;930,1;334;21,8;15,3;22,7;21,8;15,3;14,2;67;59;67;40;5;3,7;
2026/03/06;1200 UTC;;931,6;931,6;931;614,2;23,9;17,1;23,9;21,7;17,1;15,3;69;60;66;36;4,9;2,8;
2026/03/06;1300 UTC;;931,6;931,7;931,6;2009,4;28,5;16,7;28,8;23,9;17,7;15,3;66;48;49;52;8,8;6;
2026/03/06;1400 UTC;;931,5;931,6;931,5;2019,8;29,2;17,7;29,6;27,7;18,6;16,7;53;49;50;57;9;5,3;
2026/03/06;1500 UTC;;931;931,5;931;2966;31;18,7;31,5;28,8;19,3;17,5;52;47;48;69;7,8;3,8;
2026/03/06;1600 UTC;;929,8;931;929,8;3112,5;31,6;19;32,9;30,1;20,2;18,3;53;45;47;58;6,3;3;
2026/03/06;1700 UTC;;928,9;929,8;928,9;2773,2;32,5;18,7;32,6;31,3;19,9;17,7;49;43;44;8;5;1,6;
2026/03/06;1800 UTC;;927,8;928,9;927,8;2244,3;32,5;18,9;32,9;31,9;19,4;17,3;46;40;45;297;3,8;1,8;
2026/03/06;1900 UTC;;927,4;927,8;927,4;1585,5;30,5;18,6;32,6;30,5;20,7;18,1;54;45;49;102;5,2;2,1;
2026/03/06;2000 UTC;;928;928,2;927,1;285,9;23,6;19,2;30,8;23,5;20,5;18,6;77;49;77;239;13,2;6,3;
2026/03/06;2100 UTC;;928;928,3;927,7;27,1;21;19,4;23,6;21;19,6;18,7;91;77;90;305;13,2;2,6;
2026/03/06;2200 UTC;;928,7;928,8;927,8;5,7;21,8;19,9;21,9;21;20,1;19,5;91;87;89;59;4,9;2,8;
2026/03/06;2300 UTC;;928,9;928,9;928,6;;22,3;20,4;22,3;21,8;20,4;19,7;90;85;89;61;6,4;3,1;
2026/03/07;0000 UTC;;929,5;929,5;928,9;;22,7;21;22,7;22;21;20,4;93;89;91;38;4,3;2;
2026/03/07;0100 UTC;;930,2;930,2;929,5;;22,6;21;23,2;22,5;21,3;20,4;91;85;91;60;5,4;3,9;
2026/03/07;0200 UTC;;931;931,1;930,2;;22,4;21,6;22,7;22,3;21,6;20,8;96;89;96;98;5,6;1,5;
2026/03/07;0300 UTC;;930,6;931;930,6;;22,1;;22,5;22;22,1;21,5;100;96;;272;3,3;1,5;
2026/03/07;0400 UTC;;930,4;930,6;930,4;;21,8;;22,1;21,8;;;;;;129;2,3;1,4;
2026/03/07;0500 UTC;;930,6;930,8;930,4;;21,2;21,2;21,9;21,2;;;;;100;128;4,1;1,9;
2026/03/07;0600 UTC;;929,9;930,6;929,9;;20,7;;21,2;20,7;;;;;;257;4,4;1,5;
2026/03/07;0700 UTC;;929,5;929,9;929,5;;20,6;;20,8;20,6;;;;;;229;2,9;1;
2026/03/07;0800 UTC;;929,9;929,9;929,5;;20,9;;20,9;20,5;;;;;;73;4,3;3,2;
2026/03/07;0900 UTC;;929,8;930;929,8;;20,7;;21,1;20,7;;;;;;102;4,7;2,6;
2026/03/07;1000 UTC;;930;930;929,6;5,2;20,7;;20,8;20,7;;;;;;96;5,2;2,1;
2026/03/07;1100 UTC;;930,7;930,7;930;173,9;21,1;;21,1;20,7;;;;;;99;4,8;1,9;
2026/03/07;1200 UTC;;931,1;931,1;930,7;544;22;21,4;22,2;21,1;;;;;97;76;3,8;2,1;
2026/03/07;1300 UTC;;931,4;931,4;931,1;1259,5;23,8;21,8;23,9;22;22,1;21,4;97;88;88;78;5,5;2,9;
2026/03/07;1400 UTC;;931;931,5;931;1908,6;25,8;21,7;26;23,8;22,1;20,9;89;74;78;79;4,5;1,6;
2026/03/07;1500 UTC;;930,6;931;930,6;1848;26,1;20,9;26,5;25,6;22;19,9;79;70;73;127;4;1,5;
2026/03/07;1600 UTC;;929,6;930,6;929,6;1677,6;25,9;21,9;26,6;25,7;21,9;20,5;79;71;79;220;4,9;3,2;
2026/03/07;1700 UTC;;928,6;929,6;928,6;2011,1;26,1;21,6;27,2;25,6;22,6;20,8;79;72;76;207;5,9;2,7;
2026/03/07;1800 UTC;;927,9;928,6;927,7;1659,9;22,1;21,1;27,1;22,1;22,1;20,3;94;70;94;201;10,2;5,5;
2026/03/07;1900 UTC;;927,2;927,9;927,2;409,4;22,8;22,8;22,8;21,5;;;;;100;267;10,2;3,1;
2026/03/07;2000 UTC;;926,5;927,2;926,5;479,9;23,7;21,6;23,7;22,7;22,8;21,5;100;88;88;35;7,3;3,9;
2026/03/07;2100 UTC;;926,7;926,8;926,4;70,8;21,3;20,9;23,7;21,3;21,9;20,9;99;88;98;127;7,3;3,9;
2026/03/07;2200 UTC;;927,3;927,3;926,7;21,8;21,3;21;21,5;21,1;21,2;20,4;100;94;98;58;6,7;2,9;
2026/03/07;2300 UTC;;928;928;927,2;;21,4;21,4;21,6;21,2;21,4;20,8;100;96;100;107;4;1,6;
2026/03/08;0000 UTC;;928,4;928,5;927,9;;21,3;20,7;21,6;21,3;21,4;20,6;100;95;97;276;5,4;,5;
2026/03/08;0100 UTC;;928,8;928,8;928,4;;20,8;20,8;21,2;20,8;21,1;20,7;100;97;100;286;3,3;2,2;
2026/03/08;0200 UTC;;929,5;929,5;928,8;;21;;21;20,8;;;;;;326;3,7;1,8;
2026/03/08;0300 UTC;;929,5;929,8;929,5;;21,2;;21,2;20,9;;;;;;314;2,3;,7;
2026/03/08;0400 UTC;;928,9;929,5;928,8;;21;;21,2;21;;;;;;290;1,7;,7;
2026/03/08;0500 UTC;;928,7;929;928,7;;21,1;;21,2;20,7;;;;;;303;2,5;1,7;
2026/03/08;0600 UTC;;928,2;928,7;928,2;;21,3;;21,4;21,1;;;;;;282;3;1,9;
2026/03/08;0700 UTC;;928;928,2;928;0;21,6;;21,6;21,3;;;;;;275;4,5;2,4;
2026/03/08;0800 UTC;;928,1;928,1;927,9;,2;21,5;;21,6;21,5;;;;;;275;5,7;3,7;
2026/03/08;0900 UTC;;928,2;928,2;928;,3;21,4;;21,5;21,4;;;;;;283;7,1;4,7;
2026/03/08;1000 UTC;;928,5;928,6;928,2;3,8;21,2;;21,5;21,1;;;;;;274;8,1;4,3;
2026/03/08;1100 UTC;;929,2;929,2;928,5;61;21,3;;21,4;21,2;;;;;;281;7;3,3;
2026/03/08;1200 UTC;;929,9;930;929,2;209,1;21,3;;21,5;21,1;;;;;;291;5,7;4,1;
2026/03/08;1300 UTC;;930,1;930,2;929,9;411,8;21,3;;21,6;21;;;;;;277;5,7;1,4;
2026/03/08;1400 UTC;;929,8;930,2;929,8;270,4;21,4;;21,7;21,3;;;;;;278;7,8;5,5;
2026/03/08;1500 UTC;;929,7;929,9;929,7;221,9;21,3;;21,6;21,2;;;;;;281;10,5;5,9;
2026/03/08;1600 UTC;;929,6;929,7;929,3;402,2;21,6;;21,7;21,1;;;;;;323;9,5;4;
2026/03/08;1700 UTC;;929,3;929,7;929,3;56,6;20,7;;21,6;20,7;;;;;;284;8,7;5,8;
2026/03/08;1800 UTC;;928;929,3;928;45;20,5;;20,8;20,4;;;;;;289;8,7;4,2;
2026/03/08;1900 UTC;;928;928;927,4;74,7;20,9;;20,9;20,4;;;;;;239;6,1;3;
2026/03/08;2000 UTC;;927,1;928;927,1;149,5;21,2;;21,3;20,9;;;;;;270;4,8;,7;
2026/03/08;2100 UTC;;927;927,1;926,8;145,3;21,2;;21,5;21,2;;;;;;37;3,2;2;
2026/03/08;2200 UTC;;927,6;927,7;927;36,6;21;;21,3;21;;;;;;2;3,8;2,7;
2026/03/08;2300 UTC;;928;928;927,4;;20,8;;21,1;20,7;;;;;;28;4,3;,6;
2026/03/09;0000 UTC;;928,9;928,9;928;;20,9;;21,1;20,7;;;;;;23;5,3;3;
2026/03/09;0100 UTC;;929,8;929,8;928,9;;20,9;;20,9;20,7;;;;;;6;4,8;2,9;
2026/03/09;0200 UTC;;930,3;930,4;929,8;;21,3;21;21,4;20,9;21,4;20,9;100;98;98;8;5,6;3,2;
2026/03/09;0300 UTC;;930,1;930,4;930,1;;21,3;21,2;21,4;21,2;21,3;20,9;100;98;100;21;4,7;2,9;
2026/03/09;0400 UTC;;929,8;930,1;929,8;;21,6;21,2;21,7;21,3;21,4;21,1;100;97;98;8;5,2;3,2;
2026/03/09;0500 UTC;;929,2;929,8;929,2;;21,6;21,6;21,7;21,4;21,6;21,2;100;98;100;360;5,2;3,3;
2026/03/09;0600 UTC;;928,9;929,2;928,9;;21,3;21,1;21,7;21,2;21,6;20,9;100;96;99;342;5,1;2,2;
2026/03/09;0700 UTC;;928,9;929;928,9;;21;20,5;21,5;21;21,1;20,4;99;95;97;5;3,5;2,3;
2026/03/09;0800 UTC;;929,1;929,1;928,8;;21;20,4;21,3;20,9;20,6;20,3;97;95;97;13;3,8;2,5;
2026/03/09;0900 UTC;;929,6;929,6;929,1;;20,8;20,5;21,2;20,8;20,6;20,4;98;96;98;19;4,3;1,4;
2026/03/09;1000 UTC;;930,7;930,7;929,6;24,7;21;21;21,1;20,5;21,1;20,4;100;98;100;23;3,4;2,2;
2026/03/09;1100 UTC;;931,9;931,9;930,7;267,6;21,9;21,7;21,9;21;21,9;21;100;98;99;216;2,9;,6;
2026/03/09;1200 UTC;;932,3;932,3;931,9;907,6;24,3;21,9;24,3;21,9;22,4;21,5;100;86;86;317;3,8;2,5;
2026/03/09;1300 UTC;;932,6;932,6;932,3;1292,6;25,4;21,8;25,4;24,2;22,1;21,3;86;80;80;313;5,8;3,6;
2026/03/09;1400 UTC;;932,8;932,8;932,6;1292,8;25,3;21,5;25,9;25,1;22,6;21,4;83;79;79;304;6,6;4,2;
2026/03/09;1500 UTC;;932,6;932,8;932,6;1843;26,3;21,3;26,5;25,2;22;20,9;81;74;74;309;7;4,6;
2026/03/09;1600 UTC;;930,8;932,6;930,8;3141,7;27,7;21,6;28,1;26,2;22,8;20,8;78;68;70;301;7,8;4,8;
2026/03/09;1700 UTC;;930;930,8;930;2261,8;27,1;20,4;29,4;26,5;22,2;20,3;73;62;67;290;8,3;5,6;
2026/03/09;1800 UTC;;929,8;930;929,8;1584,8;26,4;19,5;27,2;26;21,4;19,1;73;63;66;321;7,9;5,2;
2026/03/09;1900 UTC;;930;930;929,7;631,5;23,8;21,2;26,4;23,8;21,4;19,4;86;66;86;267;9,5;3,6;
2026/03/09;2000 UTC;;930,6;930,6;929,7;356,3;22,2;20;23,8;22,2;21,5;20;91;86;87;306;9,8;4,4;
2026/03/09;2100 UTC;;931,2;931,2;930,6;145;19,7;;22,2;19,4;;;;;;322;10,9;4,1;
2026/03/09;2200 UTC;;931,5;931,5;931,2;21,9;19,8;19,6;19,8;19,6;;;;;99;26;6,7;1,6;
2026/03/09;2300 UTC;;931,8;931,8;931,4;;19,5;19,5;19,8;19,5;19,8;19,4;100;98;100;132;2,9;,9;
2026/03/10;0000 UTC;;932,2;932,2;931,7;;19,7;;19,7;19,5;;;;;;80;2,3;1,4;
2026/03/10;0100 UTC;;932,7;932,9;932,2;;19,8;19,8;20;19,7;;;;;100;140;3;,5;
2026/03/10;0200 UTC;;933;933;932,7;;20,1;20,1;20,2;19,7;;;;;100;80;2,3;1,2;
2026/03/10;0300 UTC;;932,7;933;932,7;;20,3;19,8;20,3;19,9;20,3;19,7;100;97;97;54;3,5;2,8;
2026/03/10;0400 UTC;;932,3;932,7;932,3;;20,3;20,3;20,3;20,1;20,3;19,7;100;97;100;51;3,5;2,4;
2026/03/10;0500 UTC;;931,3;932,3;931,3;;20,1;;20,3;20;;;;;;34;3,7;2,7;
2026/03/10;0600 UTC;;930,8;931,3;930,8;;20;;20,1;20;;;;;;27;3,8;2,7;
2026/03/10;0700 UTC;;930,4;930,8;930,4;;20,3;20,3;20,4;20;;;;;100;350;4,1;2,2;
2026/03/10;0800 UTC;;930,2;930,5;930,2;;20,3;20,3;20,5;20,3;20,5;20,3;100;99;100;24;3,7;1,8;
2026/03/10;0900 UTC;;930,3;930,3;930,1;;20,2;20,2;20,5;20,2;20,5;20,2;100;100;100;28;3,5;2,5;
2026/03/10;1000 UTC;;931;931;930,3;11;20,4;;20,4;20,2;;;;;;10;3,9;1,7;
2026/03/10;1100 UTC;;932,2;932,2;931;137,4;20,8;;20,9;20,4;;;;;;352;3,9;2,5;
2026/03/10;1200 UTC;;932,9;932,9;932,2;334,3;21,3;;21,4;20,8;;;;;;357;3,5;1,7;
2026/03/10;1300 UTC;;933,1;933,2;932,9;866,3;22,8;21,5;23,1;21,3;;;;;92;326;4;1,8;
2026/03/10;1400 UTC;;933,2;933,3;933,1;1576;24,8;21,3;24,9;22,4;22,5;20,9;95;81;81;291;4,1;1,8;
2026/03/10;1500 UTC;;933,1;933,3;933,1;2324,7;26,5;22,4;26,6;23,7;22,5;20,9;87;77;78;3;5,5;2,3;
2026/03/10;1600 UTC;;932,7;933,2;932,7;2916,1;26,7;22,6;27;24,5;23,3;20,9;88;74;78;333;6,6;3,6;
2026/03/10;1700 UTC;;931,6;932,7;931,6;1719,4;25;22,2;26,9;23;24,2;20,8;96;75;84;223;5,5;2,1;
2026/03/10;1800 UTC;;931;931,6;931;1852;25,6;21,9;26,9;24,6;23,9;21,6;89;77;80;235;6,8;3,9;
2026/03/10;1900 UTC;;929,9;931;929,9;2293,1;26,8;21,3;27,6;25,4;23,1;21,2;83;70;72;228;6,1;2,5;
2026/03/10;2000 UTC;;930,1;930,1;929,7;600,3;22,9;22,2;27,1;22,9;22,2;21,1;96;72;96;269;7,5;3,1;
2026/03/10;2100 UTC;;930,5;930,6;929,8;221,4;22,1;;22,9;22,1;22,4;22;100;96;;242;7,2;3;
2026/03/10;2200 UTC;;930,3;930,5;930,3;42,1;21,7;;22,2;21,7;;;;;;241;4,4;2;
2026/03/10;2300 UTC;;930,9;931;930,2;;21,7;;21,8;21,6;;;;;;33;2,8;1,5;
2026/03/11;0000 UTC;;931,6;931,6;930,9;;21,6;;21,8;21,6;;;;;;56;3,4;2,3;
2026/03/11;0100 UTC;;931,9;932;931,6;;21,7;;21,8;21,6;;;;;;53;3,7;1,2;
2026/03/11;0200 UTC;;931,9;931,9;931,7;;21,8;;21,8;21,5;;;;;;55;1,9;1,3;
2026/03/11;0300 UTC;;931,6;932,1;931,6;;21,2;;21,8;21,2;;;;;;23;3;2,1;
2026/03/11;0400 UTC;;931,1;931,6;931,1;;21,1;;21,2;21;;;;;;38;2,6;,7;
2026/03/11;0500 UTC;;930,5;931,1;930,5;;20,8;;21,1;20,8;;;;;;352;2,3;,8;
2026/03/11;0600 UTC;;930;930,6;930;;21,1;;21,2;20,7;;;;;;30;3,5;2,8;
2026/03/11;0700 UTC;;929,7;930;929,6;;21;;21,2;21;;;;;;19;3,9;3;
2026/03/11;0800 UTC;;929,9;929,9;929,7;;21;;21,1;21;;;;;;32;4,9;3,2;
2026/03/11;0900 UTC;;930,2;930,2;929,9;;21,2;21,2;21,2;21;;;;;100;33;4,6;3,1;
2026/03/11;1000 UTC;;930,7;930,7;930,2;8,9;21;;21,2;20,9;21,2;21;100;100;;37;5;3,6;
2026/03/11;1100 UTC;;931,2;931,2;930,7;263,2;21,9;21,3;21,9;21;;;;;97;34;4,8;2,9;
2026/03/11;1200 UTC;;931,8;931,8;931,2;867;24,3;22;24,3;21,9;22,5;21,3;97;87;87;29;4,6;3,2;
2026/03/11;1300 UTC;;932;932,1;931,8;2012,9;27,2;21,7;27,2;24,3;22,5;20,9;88;71;72;359;5,2;2,6;
2026/03/11;1400 UTC;;931,7;932;931,7;2686,4;29,2;21,5;29,3;27,2;22,5;20,3;74;60;63;296;6,3;3,3;
2026/03/11;1500 UTC;;931,5;931,8;931,5;2088,7;27,9;20,8;29,4;27,9;22,3;20,3;69;60;66;246;7,3;3,4;
2026/03/11;1600 UTC;;930,6;931,5;930,6;2188,5;28,9;21;30,1;27,8;22,4;20,1;68;58;62;271;6,7;3,8;
2026/03/11;1700 UTC;;929,4;930,6;929,4;2362,9;29;21,4;31,2;28,5;22,4;19,5;66;54;64;267;7,2;4,2;
2026/03/11;1800 UTC;;928,1;929,4;928,1;2011,3;29,7;21;30,6;29;22,6;19,9;66;57;60;287;7,5;4,1;
2026/03/11;1900 UTC;;927,4;928,2;927,4;2323,6;30,4;19,2;31,1;28,9;21,9;18,6;61;49;51;343;7,2;4,2;
2026/03/11;2000 UTC;;927,2;927,5;927,2;662,3;26,2;21,6;30,6;26,2;21,6;17,8;76;49;76;256;7,3;3,3;
2026/03/11;2100 UTC;;927,7;927,7;927,1;606,9;25,2;21,2;27,1;25,2;22,2;21,2;79;73;79;230;4,9;2,6;
2026/03/11;2200 UTC;;928,6;928,6;927,6;36,6;23,7;21,3;25,2;23,7;21,4;20,9;87;79;87;276;4,1;1,5;
2026/03/11;2300 UTC;;929,5;929,5;928,6;;23,3;21,2;24;23,3;21,8;21,2;90;87;88;242;2,8;1,5;
2026/03/12;0000 UTC;;930,2;930,3;929,5;;22,5;21,2;23,3;22,5;21,5;21;93;88;93;170;2,6;1,6;
2026/03/12;0100 UTC;;931,2;931,2;930,2;;22,3;21,5;22,5;22,2;21,5;21,2;96;93;96;196;2,3;,9;
2026/03/12;0200 UTC;;931,5;931,7;931,2;;21,9;21,4;22,3;21,9;21,6;21,3;97;95;97;221;2,1;,2;
2026/03/12;0300 UTC;;931,2;931,5;931,2;;21,7;21,4;21,9;21,7;21,6;21,4;99;97;98;250;2,3;1,9;
2026/03/12;0400 UTC;;930,8;931,2;930,8;;21,9;21,6;21,9;21,7;21,8;21,4;100;98;98;291;2,3;,9;
2026/03/12;0500 UTC;;929,8;930,8;929,8;;21,4;21,4;21,9;21,4;21,7;21,4;100;97;100;52;1,8;1,5;
2026/03/12;0600 UTC;;929,4;929,8;929,4;;21,1;;21,4;21,1;;;;;;43;3,4;2,6;
2026/03/12;0700 UTC;;929,3;929,4;929,3;;21,1;;21,3;21,1;;;;;;36;3,9;2,6;
2026/03/12;0800 UTC;;929,5;929,6;929,2;;21,2;;21,2;21,1;;;;;;27;3,3;2,4;
2026/03/12;0900 UTC;;929,7;929,8;929,5;;21,1;;21,2;21;;;;;;67;4,4;1,3;
2026/03/12;1000 UTC;;930,2;930,2;929,7;9,2;21,4;;21,4;21,1;;;;;;43;3,2;2,4;
2026/03/12;1100 UTC;;930,9;930,9;930,2;163,1;21,9;21,6;21,9;21,4;;;;;98;26;3,4;2,2;
2026/03/12;1200 UTC;;931,1;931,2;930,9;728,6;23,9;21,8;23,9;21,9;22,4;21,6;98;88;88;359;3,4;1,3;
2026/03/12;1300 UTC;;930,9;931,1;930,9;1330,3;25,8;21,4;25,9;23,9;22,5;20,7;89;75;77;341;3,7;1,9;
2026/03/12;1400 UTC;;930,7;930,9;930,6;1904,9;27,5;20,7;28,4;25,8;21,8;20,3;77;64;66;314;7,2;4,2;
2026/03/12;1500 UTC;;929,9;930,7;929,9;1958,1;28,4;21,1;28,8;27,1;22,1;20,2;70;64;65;326;6,4;3,1;
2026/03/12;1600 UTC;;929,6;930;929,3;1411,3;22,6;21,8;28,8;21,5;22,3;19,1;95;61;95;257;13,1;4,6;
2026/03/12;1700 UTC;;928,5;929,6;928,5;1000,4;23,6;22,4;23,9;22;22,5;20,6;95;89;93;265;9,5;4,1;
2026/03/12;1800 UTC;;926,8;928,5;926,8;1974,9;25,1;22,3;25,6;23,4;23,4;22,1;95;83;84;238;7,6;5,3;
2026/03/12;1900 UTC;;926,7;926,8;926,4;2456;26,6;21,5;27,2;25;22,9;21;86;74;74;251;11,8;4,2;
2026/03/12;2000 UTC;;926,8;926,9;926,6;1414;25,4;21,6;26,9;25,2;22,1;21;81;73;80;252;7,7;3,9;
2026/03/12;2100 UTC;;927,3;927,3;926,7;374,4;24,5;21,6;25,4;24,4;21,9;21,3;85;80;84;247;6,1;2,4;
2026/03/12;2200 UTC;;927,9;928;927,3;89,9;23,6;21,8;24,5;23,6;21,8;21,6;90;84;90;238;3,2;1,8;
2026/03/12;2300 UTC;;928,6;928,7;927,9;;23,2;22,2;23,6;23,2;22,3;21,8;94;90;94;55;2,4;,6;
2026/03/13;0000 UTC;;929,1;929,2;928,6;;22,2;21,1;23,2;22,2;22,3;21,1;96;93;93;349;7;4,1;
2026/03/13;0100 UTC;;929,8;929,8;929,1;;20,8;;22,2;20,6;;;;;;321;7;2,6;
2026/03/13;0200 UTC;;930,1;930,1;929,8;;21,1;;21,2;20,8;;;;;;337;4,9;2,4;
2026/03/13;0300 UTC;;929,8;930,4;929,8;;21,1;;21,3;21,1;;;;;;311;4,2;3,2;
2026/03/13;0400 UTC;;929,1;929,9;929,1;;21,1;;21,1;21;;;;;;315;4,1;1,9;
2026/03/13;0500 UTC;;928,7;929,1;928,7;;21,1;;21,1;21;;;;;;343;2,7;1,3;
2026/03/13;0600 UTC;;928,5;928,8;928,5;;21,1;;21,2;21;;;;;;306;2,6;1,7;
2026/03/13;0700 UTC;;928,1;928,5;928;;20,7;;21,1;20,7;;;;;;355;2,4;1,1;
2026/03/13;0800 UTC;;928,5;928,5;928;;20,7;;20,8;20,7;;;;;;318;2,9;1,9;
2026/03/13;0900 UTC;;928,7;928,7;928,5;;20,6;;20,8;20,6;;;;;;328;2,8;1,7;
2026/03/13;1000 UTC;;929,2;929,2;928,6;13,5;20,7;;20,7;20,5;;;;;;306;2,7;2;
2026/03/13;1100 UTC;;929,8;929,8;929,2;165,1;21,1;;21,2;20,7;;;;;;286;2,7;2,1;
2026/03/13;1200 UTC;;930,3;930,3;929,8;622,3;22,3;;22,4;21;;;;;;270;3,2;2;
2026/03/13;1300 UTC;;930,2;930,4;930,2;1481,8;24;21,5;25;22,3;;;;;86;252;5;3,3;
2026/03/13;1400 UTC;;930,4;930,4;930,2;1557,5;25,1;21,9;25,4;24;22,8;21,5;88;80;82;265;5,5;3,6;
2026/03/13;1500 UTC;;930,2;930,4;930,2;1928,7;26,3;22,1;26,4;24,9;22,5;21,5;83;75;78;261;5,5;3;
2026/03/13;1600 UTC;;929,6;930,2;929,5;3035,6;28,2;21,3;28,4;26,2;22,8;20,6;79;66;66;254;7,3;4,2;
2026/03/13;1700 UTC;;929;929,6;929;2512,4;26,6;21,9;28,7;26,4;22,9;20,5;76;66;75;308;7,3;4,6;
2026/03/13;1800 UTC;;928,1;929;928,1;1542,6;27,9;21;28,8;26,5;22,7;20,9;77;63;66;250;6,8;2,6;
2026/03/13;1900 UTC;;927,3;928,1;927,3;1895,4;29,3;20,8;29,7;27,4;21,9;20;69;58;60;257;6,1;2,6;
2026/03/13;2000 UTC;;926,8;927,3;926,7;1777,3;28,7;20,1;29,8;28,1;21,1;19,8;62;57;60;233;5,3;3;
2026/03/13;2100 UTC;;927,3;927,3;926,7;1009;27,1;21,2;29,3;26,6;21,4;20,1;71;59;70;230;6,5;2,6;
2026/03/13;2200 UTC;;927,6;927,6;927,2;172,7;25,4;21,2;27,2;25,4;21,8;21,2;79;70;78;258;3,8;1,8;
2026/03/13;2300 UTC;;928,5;928,5;927,6;;23,7;21,6;25,4;23,7;21,7;21,2;88;78;88;327;2,6;2,1;
2026/03/14;0000 UTC;;928,9;928,9;928,5;;23,2;20;23,8;23,1;21,7;19,9;89;82;82;107;3,3;1,6;
2026/03/14;0100 UTC;;929,8;929,8;928,9;;22,6;20,4;23,3;22,4;21,2;19,9;90;82;87;327;2,6;1,5;
2026/03/14;0200 UTC;;930,1;930,1;929,8;;22,4;21,1;22,9;22,3;21,6;20,4;93;87;93;346;2,6;1,7;
2026/03/14;0300 UTC;;930,2;930,3;930;;21,6;19,3;22,9;21,6;21,9;19,3;95;86;87;89;6,3;3,6;
2026/03/14;0400 UTC;;929,8;930,3;929,7;;20,6;18,2;21,6;20,5;19,2;18,2;88;83;86;52;7,4;2,8;
2026/03/14;0500 UTC;;929,2;929,8;929,2;;19,9;18,5;20,6;19,9;18,9;18,2;93;86;92;13;4,2;2,5;
2026/03/14;0600 UTC;;929;929,2;929;;19,7;18,6;20,1;19,5;18,6;17,9;94;87;93;23;4,3;2,3;
2026/03/14;0700 UTC;;928,5;929;928,5;;20;18,5;20;19,7;18,6;18,2;93;90;91;32;3,3;1,6;
2026/03/14;0800 UTC;;928,8;928,8;928,5;;19,7;18,6;20,2;19,6;18,6;18,2;94;89;93;30;4,5;3,2;
2026/03/14;0900 UTC;;929,2;929,2;928,7;;19,1;18,6;19,9;18,9;18,8;18,2;97;93;97;17;3,8;2,9;
2026/03/14;1000 UTC;;929,6;929,6;929,2;18;19,8;18,5;19,8;19,1;18,8;18,4;97;92;92;31;4,1;3,4;
2026/03/14;1100 UTC;;930;930;929,6;589,2;22,8;19,7;22,8;19,8;19,9;18,5;93;82;83;24;4,2;2,5;
2026/03/14;1200 UTC;;930,6;930,6;930;1459,5;25,7;22;25,7;22,8;22;19,6;84;78;80;315;3,1;1,1;
2026/03/14;1300 UTC;;930,8;930,8;930,6;2169,9;26,9;21;28,1;25,6;22,4;20,8;80;66;70;262;3,6;1,5;
2026/03/14;1400 UTC;;930,7;930,8;930,7;2023,8;27,4;21,6;29,7;26,4;22,3;19,8;75;60;71;266;3,4;1,8;
2026/03/14;1500 UTC;;930,4;930,7;930,4;1820,8;27,9;21,3;29,2;27,5;22,3;20,5;71;62;67;217;4,6;1,5;
2026/03/14;1600 UTC;;929,6;930,4;929,6;1528,3;29,6;21,4;29,6;27,8;23,2;20,2;70;62;62;199;4;1,9;
2026/03/14;1700 UTC;;928,2;929,6;928,2;1667,5;29,9;21,4;30,5;28,3;22,1;19,8;66;55;60;219;4,1;1,9;
2026/03/14;1800 UTC;;927,6;928,2;927,6;3399,8;31,5;19,8;32;29,9;22;19,6;61;50;50;231;6,1;2,4;
2026/03/14;1900 UTC;;927,4;927,6;926,9;2507;26,1;19,3;31,9;26,1;20,8;18,4;66;46;66;15;11,6;7,6;
2026/03/14;2000 UTC;;927,2;927,8;927,2;358,2;23,2;19,5;26,1;23;19,8;19,3;82;66;80;16;13,2;4,6;
2026/03/14;2100 UTC;;927,5;927,5;927;267,6;23,3;19,7;23,9;23,1;19,7;19,2;81;75;80;16;7,1;3,3;
2026/03/14;2200 UTC;;928,3;928,4;927,5;115,3;22,7;20,5;23,7;22,7;20,5;19,7;87;80;87;40;5,3;2,9;
2026/03/14;2300 UTC;;928,3;928,3;928,1;;22,2;21;22,8;21,9;21;20,2;93;87;93;25;4,7;1,8;
2026/03/15;0000 UTC;;929;929;928,3;;21,9;20,9;22,7;21,9;21,3;20,7;94;89;94;38;4,9;1,7;
2026/03/15;0100 UTC;;929,9;929,9;928,9;;21,5;20,4;21,9;21,4;21;20,4;95;93;93;31;4,5;2,6;
2026/03/15;0200 UTC;;929,8;930;929,7;;20,9;20;21,5;20,9;20,3;19,8;94;92;94;16;6,4;4,2;
2026/03/15;0300 UTC;;929,9;930,1;929,8;;20,3;19,9;20,9;20,2;20;19,7;97;94;97;14;5,8;2,5;
2026/03/15;0400 UTC;;929,5;929,9;929,5;;20,4;19,3;20,5;20,2;19,9;19,2;97;93;93;22;3,6;2;
2026/03/15;0500 UTC;;929;929,5;929;;19,7;19,1;20,6;19,6;19,3;18,9;97;91;97;39;4;2,6;
2026/03/15;0600 UTC;;928,7;929;928,7;;19,5;19;19,8;19,4;19,2;18,8;97;96;97;28;4,8;3,7;
2026/03/15;0700 UTC;;928,7;928,7;928,6;;19;19;19,5;19;19,1;18,9;100;97;100;44;5,2;2,2;
2026/03/15;0800 UTC;;928,7;928,7;928,6;;19,2;;19,3;18,9;;;;;;17;3,7;2,6;
2026/03/15;0900 UTC;;928,9;928,9;928,6;;19,1;;19,5;19;;;;;;38;4,6;3,1;
2026/03/15;1000 UTC;;929,2;929,2;928,9;17,1;19,3;;19,3;18,9;;;;;;59;4,3;2,1;
2026/03/15;1100 UTC;;930;930,1;929,2;576,4;22;20,8;22;19,3;21;20,2;100;91;93;33;3,9;2,5;
2026/03/15;1200 UTC;;930,8;930,8;930;1461,2;24,9;21;24,9;22;21,5;20,3;93;78;79;1;4,5;2,4;
2026/03/15;1300 UTC;;931,1;931,1;930,8;2268,7;27,7;20,8;27,7;24,8;21,9;20,2;79;66;66;341;5,2;3;
2026/03/15;1400 UTC;;930,8;931,1;930,8;2707,4;28,3;20,4;28,7;26,4;20,9;19,2;67;60;62;300;7;3,9;
2026/03/15;1500 UTC;;930,3;930,9;930,3;3092,5;28,9;19,6;29,8;28;20,9;19,2;64;56;57;282;6,7;3,5;
2026/03/15;1600 UTC;;929,4;930,3;929,4;3432,8;29,4;20;30,4;28,6;21,4;19,3;62;53;57;282;6,4;3,3;
2026/03/15;1700 UTC;;928,5;929,4;928,5;2428,1;28,5;20;30,6;28,5;21,9;19,3;61;53;60;267;7,1;4,5;
2026/03/15;1800 UTC;;927,4;928,5;927,4;2156,5;30,9;21,3;30,9;28,5;21,9;20,1;64;56;57;267;7,6;4,1;
2026/03/15;1900 UTC;;926,7;927,4;926,7;1937,5;29,1;22,3;31,8;26,1;22,7;20,1;73;53;67;242;7,7;3,5;
2026/03/15;2000 UTC;;926,9;927,1;926,7;1090,9;24,4;20,8;29,4;24,3;22,5;20,1;81;63;81;83;9,4;4;
2026/03/15;2100 UTC;;926,9;927,1;926,8;768,3;25;21,7;25;22,4;22,9;21;96;80;82;68;7,3;3,3;
2026/03/15;2200 UTC;;927,3;927,3;926,8;194,6;22,9;22;25;22,9;22,5;21,4;94;81;94;101;4,2;1,8;
2026/03/15;2300 UTC;;928,1;928,1;927,3;;22,9;21,2;23,1;22,8;22;21,2;95;90;90;57;4;3,2;
2026/03/16;0000 UTC;;929,3;929,3;928,1;;22,7;21,3;23;22,5;21,4;21,1;93;90;92;49;4,1;3,4;
2026/03/16;0100 UTC;;930,2;930,2;929,3;;22,2;21,3;22,7;22,2;21,4;21,3;95;92;95;26;4,7;3,3;
2026/03/16;0200 UTC;;930,3;930,4;930,1;;22;21,4;22,6;22;21,6;21,3;97;94;97;37;4,4;3,1;
2026/03/16;0300 UTC;;930,4;930,5;930,3;;21,9;21,4;22,6;21,8;21,6;21;97;93;97;113;4,5;2,6;
2026/03/16;0400 UTC;;930,2;930,5;930,2;;22;21,5;22,2;21,8;21,5;21,2;97;95;97;85;4,7;2,7;
2026/03/16;0500 UTC;;929,9;930,3;929,9;;21,8;21,8;22,1;21,8;21,8;21,3;100;96;100;102;5,4;2;
2026/03/16;0600 UTC;;929,3;929,9;929,3;;21,6;;21,8;21,5;;;;;;77;4,9;3,3;
2026/03/16;0700 UTC;;929,1;929,5;929,1;;21,1;;21,6;21;;;;;;57;6,1;3,5;
2026/03/16;0800 UTC;;929,2;929,2;928,9;;20,8;;21,1;20,8;;;;;;53;7;3,8;
2026/03/16;0900 UTC;;929,5;929,5;929,1;;20,8;;20,9;20,7;;;;;;38;5,6;4,1;
2026/03/16;1000 UTC;;930,3;930,3;929,5;25,1;21,3;21,2;21,3;20,7;21,3;20,8;100;99;99;35;6,3;3,7;
2026/03/16;1100 UTC;;930,6;930,7;930,3;428;22,8;21,7;22,8;21,3;22;21,1;99;93;93;35;7,1;4,4;
2026/03/16;1200 UTC;;931,1;931,1;930,6;1389,6;25,1;21,6;25,4;22,9;22,5;21,2;94;81;81;23;8;4,8;
2026/03/16;1300 UTC;;931,5;931,5;931,1;2159,3;25,8;21,5;26,3;25,1;22,2;21;82;76;77;2;8,9;4,8;
2026/03/16;1400 UTC;;931;931,5;931;2653,7;27,1;21,3;27,6;25,7;22,7;21;79;70;71;353;8,1;5,1;
2026/03/16;1500 UTC;;930,6;931;930,6;2526,7;28,4;20,7;29,4;27,1;22,9;20,5;74;63;63;304;7,8;5,1;
2026/03/16;1600 UTC;;929,9;930,6;929,9;2956,7;29,5;21,2;30,2;28,2;22,5;20,3;67;58;61;293;9,5;5,8;
2026/03/16;1700 UTC;;928,8;930;928,8;2914,7;30,5;21,2;30,8;28,9;22,6;19,7;64;55;57;290;9;4,5;
2026/03/16;1800 UTC;;927,3;928,8;927,3;2219,9;29;22,1;31;27,7;22,7;19,8;70;52;66;243;7,7;4,3;
2026/03/16;1900 UTC;;926,4;927,3;926,3;1862,3;29,4;22,2;30,2;28,4;22,6;21,1;68;61;65;270;9,7;6,2;
2026/03/16;2000 UTC;;926,2;926,4;926,1;1259,1;28,7;21,1;29,4;26,8;22,1;20,8;73;63;64;268;9,7;5,4;
2026/03/16;2100 UTC;;926,6;926,6;926;937,9;27,6;21,6;28,7;27,5;22,4;21,1;72;63;70;264;7,7;3,3;
2026/03/16;2200 UTC;;927,5;927,5;926,6;161,5;25,1;21,6;27,6;25,1;21,9;21,2;81;70;81;255;5,2;1,1;
2026/03/16;2300 UTC;;928,6;928,6;927,5;;24,2;21,9;25,1;23,7;22;21,6;89;81;87;101;1,7;1,2;
2026/03/17;0000 UTC;;929,2;929,2;928,6;;23,8;21,3;24,4;23,5;21,9;21;89;83;86;111;2,3;,9;
2026/03/17;0100 UTC;;930;930;929,2;;22,8;21,4;24,1;22,8;21,6;21,1;91;85;91;42;4,1;3;
2026/03/17;0200 UTC;;930,2;930,4;929,9;;22,6;20,9;23;22,5;21,8;20,9;93;90;90;69;4,5;2,9;
2026/03/17;0300 UTC;;930,3;930,4;930,1;;21,8;21,1;22,6;21,7;21,2;20,8;96;90;96;35;4,4;3,2;
2026/03/17;0400 UTC;;930,3;930,4;930,2;;21,8;20,6;22,1;21,8;21,2;20,6;96;92;93;56;6,5;4;
2026/03/17;0500 UTC;;929,6;930,4;929,6;;21,6;20,9;21,8;21,3;21;20,3;96;93;96;48;8,2;4,9;
2026/03/17;0600 UTC;;929;929,6;929;;21,4;21,1;21,6;21,4;21,2;20,9;98;96;98;26;7,5;4;
2026/03/17;0700 UTC;;928,5;929;928,5;;21,2;20,5;21,6;21,2;21,1;20,5;98;95;96;16;6,2;4,1;
2026/03/17;0800 UTC;;928,7;928,7;928,4;;21,3;20,6;21,4;21,1;20,8;20,5;97;96;96;2;5,8;3,9;
2026/03/17;0900 UTC;;929,2;929,2;928,7;;21,6;20,4;21,6;21;20,6;20,1;96;93;93;3;5,4;3,2;
2026/03/17;1000 UTC;;929,9;929,9;929,2;16,6;21,1;20,7;21,8;20,9;20,7;20,3;97;93;97;49;5,2;2,4;
2026/03/17;1100 UTC;;931,1;931,1;929,9;367,1;22,4;21,2;22,4;21,1;21,4;20,7;98;93;93;62;4,6;3;
2026/03/17;1200 UTC;;932,1;932,1;931,1;1325,7;24,6;21,1;25,5;22,4;22,3;21,1;94;79;81;19;5,8;4,4;
2026/03/17;1300 UTC;;932,2;932,3;932,2;1385,6;26;21,8;26,9;24,5;22,9;21,3;84;75;78;15;6,1;3,8;
2026/03/17;1400 UTC;;931,9;932,3;931,9;1132,2;25,7;21,6;27,5;25,7;23,1;21,4;80;74;78;342;5,4;3,7;
2026/03/17;1500 UTC;;931,4;931,9;931,2;514,6;23,7;21,5;25,7;23,2;22;20,7;90;78;87;45;6,8;3,8;
2026/03/17;1600 UTC;;930;931,4;930;2392,7;26,6;21,8;28,7;23,7;23,3;21,2;87;65;75;205;6,1;2,4;
2026/03/17;1700 UTC;;928,4;930;928,4;1900,7;29,3;21,5;29,7;26,2;23,1;21,5;79;63;63;199;5,6;1,6;
2026/03/17;1800 UTC;;927,7;928,4;927,6;2433;28,5;21,4;31,1;28,5;22,8;19,4;67;52;65;248;5;2,9;
2026/03/17;1900 UTC;;927;927,7;927;1982,8;30;21,9;30;27,7;21,9;19,6;68;60;62;335;7,9;2;
2026/03/17;2000 UTC;;926,8;927;926,6;1873,3;28,4;22,5;31;28,1;22,5;19,9;70;54;70;19;6;3,5;
2026/03/17;2100 UTC;;927,7;927,7;926,6;255,7;25;20,8;28,6;25;22,8;20,4;80;68;78;323;5,9;2,7;
2026/03/17;2200 UTC;;929,3;929,3;927,7;25,5;23;21;25;23;21,7;20,5;89;78;89;211;6,6;2,6;
2026/03/17;2300 UTC;;929,5;929,5;929,1;1,2;23,1;21,5;23,1;22,3;21,8;20,6;95;88;91;2;5,7;2,8;
2026/03/18;0000 UTC;;929,6;929,9;929,4;;22;21,6;23,3;22;21,8;21,2;97;90;97;48;5,5;2,5;
2026/03/18;0100 UTC;;930,2;930,2;929,6;;21,8;;22,3;21,8;22,3;21,6;100;97;;38;4,2;2,6;
2026/03/18;0200 UTC;;930,9;930,9;930,2;;21,6;21,3;22;21,6;;;;;98;49;4;2,5;
2026/03/18;0300 UTC;;931,4;931,4;930,9;;21,5;;21,6;21,5;;;;;;96;4;1;
2026/03/18;0400 UTC;;930,9;931,4;930,9;;21,5;21,1;21,8;21,5;21,8;20,9;100;96;97;52;7,8;3,6;
2026/03/18;0500 UTC;;931,3;931,6;930,9;;20,7;;21,5;20,7;;;;;;99;7,1;4,3;
2026/03/18;0600 UTC;;930,6;931,4;930,6;,4;19,7;19,4;20,8;19,7;;;;;98;46;12,3;6,1;
2026/03/18;0700 UTC;;929,7;930,6;929,7;;19,9;19,4;19,9;19,6;19,8;19,4;100;97;97;32;8,9;5,2;
2026/03/18;0800 UTC;;929,4;929,7;929,4;;19,8;19,5;20;19,8;19,5;19,3;98;97;98;25;7,3;4,7;
2026/03/18;0900 UTC;;929,6;929,7;929,4;;19,8;19,6;19,9;19,7;19,8;19,5;100;98;99;4;6,4;2,6;
2026/03/18;1000 UTC;;929,9;929,9;929,6;28,4;20,4;19,7;20,4;19,7;19,8;19,5;100;96;96;5;5,5;3,6;
2026/03/18;1100 UTC;;930,2;930,2;929,9;568,6;22,1;19,8;22,1;20,5;20,1;19,6;95;87;87;23;6,1;4,2;
2026/03/18;1200 UTC;;931,1;931,1;930,2;1420,4;24,6;20,3;24,6;22;20,5;19,4;87;77;77;9;6,1;3,6;
2026/03/18;1300 UTC;;931,4;931,5;931,1;2179,4;27,1;20,6;27,1;24,6;21;19,7;77;65;68;35;5,7;1,9;
2026/03/18;1400 UTC;;931,1;931,4;931,1;2817;28,6;21,1;28,9;27;21,2;19,7;68;59;64;288;3,9;1,7;
2026/03/18;1500 UTC;;930,3;931,1;930,3;2868,7;29;20,4;29,7;28,3;21,7;19,8;65;57;60;210;6;2,6;
2026/03/18;1600 UTC;;929,4;930,3;929,4;2518,3;29,4;21,4;30,4;28,6;22,2;19,4;64;55;62;231;5,5;2,5;
2026/03/18;1700 UTC;;928,1;929,4;928,1;3460,1;29,9;19,8;31,4;28,9;22;19,8;63;53;55;248;6;3,1;
2026/03/18;1800 UTC;;927,1;928,1;927;2397;30,3;20,3;31,8;29,1;22,3;19,6;63;53;55;268;7;3,3;
2026/03/18;1900 UTC;;927;927,1;926,8;989,7;26,7;21,5;31;26,7;21,9;20,6;73;55;73;222;8,5;5,7;
2026/03/18;2000 UTC;;927,2;927,2;926,8;419,7;24,1;21,6;26,7;24,1;22,1;21,3;86;73;86;185;8,5;4,1;
2026/03/18;2100 UTC;;928,1;928,1;927,2;287,3;23,4;21;24,1;23,4;21,4;20,6;87;83;86;98;7,1;1,6;
2026/03/18;2200 UTC;;928,4;928,6;928,1;21,9;22,6;20,9;23,6;22,6;21,2;20,8;90;85;90;350;4,1;2;
2026/03/18;2300 UTC;;929,4;929,4;928,4;;21,9;20,2;22,6;21,9;21;19,8;91;86;90;337;4,8;2,6;
2026/03/19;0000 UTC;;929,4;929,6;929,1;;21,7;20,8;22;21,7;20,8;20,1;94;89;94;23;3,8;1,9;
2026/03/19;0100 UTC;;930,9;930,9;929,4;;21,6;21;21,7;21,4;21,1;20,7;97;94;97;234;4,5;,5;
2026/03/19;0200 UTC;;931,2;931,4;930,8;;21,8;21,1;21,9;21,6;21,4;21;97;96;96;315;5,4;3,4;
2026/03/19;0300 UTC;;930,3;931,2;930,3;;21,3;;21,8;21,3;;;;;;334;5,6;2,9;
2026/03/19;0400 UTC;;929,6;930,3;929,5;;21,1;;21,3;21,1;;;;;;16;5;2,2;
2026/03/19;0500 UTC;;929,3;929,6;929,3;;20,9;20,9;21,2;20,9;;;;;100;21;3,1;1,7;
2026/03/19;0600 UTC;;928,6;929,3;928,6;;20,5;;20,9;20,5;20,9;20,7;100;100;;13;3,2;1,3;
2026/03/19;0700 UTC;;927,7;928,6;927,7;;20,6;;20,6;20,4;;;;;;56;3,2;,9;
2026/03/19;0800 UTC;;927,5;927,7;927,5;;20,2;;20,7;20,2;;;;;;151;3;1;
2026/03/19;0900 UTC;;927,7;927,7;927,5;;20,3;;20,3;20,1;;;;;;84;2,6;1,7;
2026/03/19;1000 UTC;;928;928;927,7;21,2;20,3;;20,3;20;;;;;;56;3,2;2,2;
2026/03/19;1100 UTC;;928,7;928,7;928;552,4;23,2;20,4;23,6;20,3;;;;;84;43;4,2;1,1;
2026/03/19;1200 UTC;;929,2;929,2;928,7;1455;25;21,5;25;22,9;21,7;20,2;87;81;81;50;3,5;2,3;
2026/03/19;1300 UTC;;929,6;929,6;929,2;1989,6;27;21,5;27;24,9;22,1;20,3;82;69;72;58;3,6;1,2;
2026/03/19;1400 UTC;;929,5;929,6;929,4;2724,9;28,1;19,4;28,4;26,7;21,6;19,4;72;59;59;303;4,5;2,1;
2026/03/19;1500 UTC;;928,9;929,5;928,9;2112;28,2;20,4;30;27,4;21,2;19,1;65;56;63;294;5,4;2,2;
2026/03/19;1600 UTC;;928,1;928,9;928,1;2853,3;29,8;21,7;30,8;28,2;22,4;19,7;65;56;62;267;7,3;4;
2026/03/19;1700 UTC;;926,8;928,1;926,8;2282,2;28,9;20,6;29,9;28,2;21,7;20,1;65;58;61;284;6,9;4,3;
2026/03/19;1800 UTC;;925,7;926,8;925,7;2093,9;28,8;20,3;30,8;28,6;21,6;19,8;62;56;60;247;6,9;4,1;
2026/03/19;1900 UTC;;925,2;925,7;925,2;1797;29,4;20,8;30,9;28,4;21,8;20,1;63;56;60;252;6,1;4,1;
2026/03/19;2000 UTC;;925,4;925,4;924,9;1919,5;28,1;21,2;30,3;28,1;21,8;20,2;66;57;66;347;6,8;3,5;
2026/03/19;2100 UTC;;925,7;925,9;925,4;627,6;24,1;20,8;28;24,1;21,2;20,2;82;66;82;40;8,4;4,8;
2026/03/19;2200 UTC;;926,2;926,2;925,6;131,2;23;21,4;24,1;23;21,5;20,8;91;82;91;38;6,4;3,1;
2026/03/19;2300 UTC;;926,9;926,9;926,2;;22,9;21,9;23,1;22,8;21,9;21,4;94;91;94;19;4,2;2,5;
2026/03/20;0000 UTC;;927,6;927,6;926,8;;22,8;21,8;23;22,8;22;21,8;95;93;94;61;3,5;1,9;
2026/03/20;0100 UTC;;928,5;928,5;927,6;;22,6;21,4;22,8;22,5;22;21,4;96;93;93;14;3,9;1,9;
2026/03/20;0200 UTC;;928,8;928,8;928,5;;22,3;21,1;22,6;22,3;21,6;21;95;92;93;11;3,6;2,1;
2026/03/20;0300 UTC;;928,7;929;928,6;;22;20,9;22,3;22;21,2;20,9;95;93;93;20;4,4;2,8;
2026/03/20;0400 UTC;;928,2;928,7;928,2;;21,9;20,9;22,2;21,9;21,1;20,9;94;93;94;36;4,2;1,8;
2026/03/20;0500 UTC;;928,1;928,2;928;;21,5;20,6;21,9;21,3;20,8;20,5;96;94;95;30;4,1;2,6;
2026/03/20;0600 UTC;;927,8;928,1;927,8;;21,1;20,2;21,5;21,1;20,6;20,2;96;94;95;27;4,3;2,9;
2026/03/20;0700 UTC;;927,5;927,8;927,5;;20,8;20,1;21,1;20,8;20,3;20;96;95;95;38;4,1;3;
2026/03/20;0800 UTC;;927,5;927,5;927,4;;20,8;20,1;20,9;20,7;20,2;20;96;95;96;32;4,2;3;
2026/03/20;0900 UTC;;927,6;927,6;927,5;;20,5;20;20,9;20,4;20,2;20;97;96;97;45;4;3,4;
2026/03/20;1000 UTC;;928,2;928,2;927,6;18,8;20,9;20,7;20,9;20,4;20,7;20;99;97;99;37;4,2;3,2;
2026/03/20;1100 UTC;;929;929;928,2;575;23,5;21,5;23,6;20,9;21,8;20,6;99;88;89;7;4,4;2,5;
2026/03/20;1200 UTC;;929,7;929,7;929;940,3;24,7;21,6;25,4;23,4;22,1;21,1;89;80;83;359;5,3;2,8;
2026/03/20;1300 UTC;;930,3;930,3;929,7;1234,4;26,4;21,7;26,6;24,6;22,3;21,2;84;75;75;341;7,5;4,5;
2026/03/20;1400 UTC;;930,1;930,4;930,1;1346,8;26,2;21,6;27,4;25;22,7;21,1;83;72;76;351;8,2;4,8;
2026/03/20;1500 UTC;;929,6;930,3;929,6;1784,7;26,8;21,7;27,6;26,2;22,7;21,3;76;71;74;344;6,8;3;
2026/03/20;1600 UTC;;928,3;929,6;928,3;2435,8;30;21,7;30,1;26,6;22,8;20,9;75;61;61;292;7,5;3,4;
2026/03/20;1700 UTC;;927,8;928,3;927,7;1561,7;25,5;21,2;30,3;25,5;22,6;20,3;77;59;77;248;8,8;4,8;
2026/03/20;1800 UTC;;927;927,8;927;1887,1;27,2;23,1;27,2;23,3;23,6;21,3;92;75;79;303;8,8;2,7;
2026/03/20;1900 UTC;;925,9;927;925,9;1748,9;29;23;29;27;23,2;21,5;79;70;70;266;6;3;
2026/03/20;2000 UTC;;925,9;926;925,8;1995,9;28,8;21,7;29,3;27,6;22,7;21,1;72;64;66;258;6,4;3,8;
2026/03/20;2100 UTC;;926,6;926,6;925,9;305,6;24,2;21,7;28,8;24,2;22,3;20,9;87;64;86;295;9;3,7;
2026/03/20;2200 UTC;;927,5;927,5;926,6;47,4;22,6;20,4;24,2;22,6;22,4;20,4;93;86;87;33;6,6;3,8;
2026/03/20;2300 UTC;;928,6;928,6;927,5;;22,1;21,4;22,6;22,1;21,4;20,2;96;87;96;42;5,9;3;
2026/03/21;0000 UTC;;929,2;929,2;928,6;;21,8;21,6;22,1;21,8;21,7;21,4;99;96;98;43;4,7;3,1;
2026/03/21;0100 UTC;;930,1;930,1;929,2;;21,7;21,4;22,2;21,7;22;21,2;100;96;98;245;6,7;1,3;
2026/03/21;0200 UTC;;930,1;930,3;930,1;;21,4;21,4;21,7;21,4;21,5;21,2;100;98;100;45;2,9;2,3;
2026/03/21;0300 UTC;;929,3;930,1;929,3;;21,4;;21,7;21,4;;;;;;355;4,5;1,5;
2026/03/21;0400 UTC;;928,7;929,3;928,7;;21,1;;21,4;21,1;;;;;;266;3,8;,8;
2026/03/21;0500 UTC;;928,4;928,7;928,3;;21,1;;21,2;20,9;;;;;;54;2,5;1,5;
2026/03/21;0600 UTC;;928,1;928,4;928,1;;21,3;21,3;21,4;21,1;;;;;100;27;4,7;2,1;
2026/03/21;0700 UTC;;928,2;928,3;927,9;;20,7;;21,5;20,7;21,3;20,8;100;96;;108;3,4;1,5;
2026/03/21;0800 UTC;;928,6;928,6;928;;21;;21;20,7;;;;;;48;3,4;2,4;
2026/03/21;0900 UTC;;928,7;928,7;928,6;;20,8;;21;20,8;;;;;;31;4,6;2,9;
2026/03/21;1000 UTC;;929,1;929,1;928,7;25;20,8;20,8;20,8;20,6;;;;;100;37;4,7;3,2;
2026/03/21;1100 UTC;;929,9;929,9;929,1;441,3;22,2;21,4;22,2;20,8;21,5;20,8;100;95;96;30;5,4;3,8;
2026/03/21;1200 UTC;;930,5;930,5;929,9;1459,7;25,7;22;25,8;22,2;22,5;21,3;96;80;80;18;6,1;3,4;
2026/03/21;1300 UTC;;931;931;930,5;2248,2;27,4;21,2;28;25,6;22,8;21,2;82;67;69;343;7,5;4,9;
2026/03/21;1400 UTC;;931,1;931,1;931;2421,8;28,1;21,1;29,2;27,1;22,7;20,5;72;63;65;320;7,6;3,9;
2026/03/21;1500 UTC;;930,8;931,1;930,8;2541,1;28,8;20,4;30,4;27,8;22,9;20,1;68;58;61;309;6,9;4,3;
2026/03/21;1600 UTC;;930,2;930,9;930,2;2370,3;30,5;21,6;30,6;28,7;22;20,2;64;56;59;307;8,3;4,5;
2026/03/21;1700 UTC;;929,5;930,2;929,5;3091;30,4;20,3;31,9;29,5;21,5;19,3;60;50;55;310;8;4,5;
2026/03/21;1800 UTC;;928,7;929,5;928,7;2629,3;31,8;21,3;32;29,6;21,4;19,2;58;50;54;304;8;4,4;
2026/03/21;1900 UTC;;928,1;928,7;928,1;2099,6;31,5;20,8;31,8;29,5;22;19,3;60;50;53;307;7,7;4,1;
2026/03/21;2000 UTC;;927,9;928,3;927,9;1719,8;30;20,4;31,7;29,9;21,1;18,8;56;49;56;268;7,3;3,8;
2026/03/21;2100 UTC;;928,6;928,6;927,9;778,8;28,5;21,3;30,3;28,5;21,3;19,3;65;53;65;264;7,3;4;
2026/03/21;2200 UTC;;928,8;928,9;928,6;140,4;26,2;21,6;28,5;26,2;22;21,4;76;65;76;5;7,3;,6;
2026/03/21;2300 UTC;;929,5;929,5;928,8;;24,2;21,4;26,2;24,1;21,9;21,2;84;76;84;64;4,6;2,2;
2026/03/22;0000 UTC;;930,2;930,2;929,5;;23,6;21,3;24,2;23,6;21,7;21,3;87;84;87;23;3,2;1,4;
2026/03/22;0100 UTC;;931;931;930,2;;23,1;21,6;23,6;23,1;21,7;21,3;91;87;91;47;3,6;2,4;
2026/03/22;0200 UTC;;931,4;931,4;931;;22,7;21,9;23,1;22,7;21,9;21,6;95;91;95;29;4,5;3,1;
2026/03/22;0300 UTC;;931,4;931,5;931,4;;23,1;22;23,1;22,4;22;21,6;96;93;93;3;4,5;2,1;
2026/03/22;0400 UTC;;931;931,5;931;;22,9;21,7;23,3;22,9;22;21,7;93;92;93;16;3,3;2,8;
2026/03/22;0500 UTC;;930,8;931;930,7;;22,6;21,6;23;22,6;21,9;21,6;94;93;94;34;4;2,7;
2026/03/22;0600 UTC;;930,7;930,8;930,4;;22,1;21,3;22,7;22,1;21,7;21,2;95;94;95;41;3,9;3;
2026/03/22;0700 UTC;;930,5;930,7;930,5;;22,9;21,7;22,9;22,1;21,7;21,3;96;93;93;33;4;3,2;
2026/03/22;0800 UTC;;930,6;930,6;930,3;;21,9;21,2;22,9;21,9;21,6;21,2;96;92;96;49;4;1,9;
2026/03/22;0900 UTC;;931,1;931,2;930,6;;22,3;21,3;22,4;21,9;21,4;21,1;96;94;94;35;3,9;2,9;
2026/03/22;1000 UTC;;931,5;931,5;931,1;16,3;22,7;21,3;22,7;22,3;21,4;21,2;95;92;92;356;4,2;1,6;
2026/03/22;1100 UTC;;932,6;932,6;931,5;249,1;23,4;21,6;23,6;22,7;21,9;21,3;92;89;90;35;4,2;3;
2026/03/22;1200 UTC;;933,2;933,2;932,6;1119,7;26,6;22;26,6;23,3;23,2;21,6;91;76;76;344;4,5;2,4;
2026/03/22;1300 UTC;;933,1;933,3;933,1;1914,7;27,9;21,4;28,5;26,5;22,4;21,1;76;67;68;306;4,5;1,5;
2026/03/22;1400 UTC;;932,6;933,1;932,6;1844,6;28,1;21,7;30;27,5;22,8;20,5;70;62;68;266;4,8;2,1;
2026/03/22;1500 UTC;;932;932,7;932;1123,6;28,9;21,9;29,2;28,1;22,5;21;70;64;66;166;4,8;1,5;
2026/03/22;1600 UTC;;930,9;932;930,9;3135,7;31,8;22,6;31,8;28,8;22,7;21;66;56;58;344;4,5;2,2;
2026/03/22;1700 UTC;;930;931;930;2862,6;30,2;20,8;32,2;30,1;22,1;19,9;59;52;57;324;5;1,5;
2026/03/22;1800 UTC;;929,1;930;929,1;1862,6;30,9;20,9;31,7;29,8;22,7;20,5;62;54;55;216;5,3;1,5;
2026/03/22;1900 UTC;;928,1;929,1;928,1;1989,3;32,2;21,7;32,8;30,2;22,3;20,3;60;51;54;230;7,6;2,7;
2026/03/22;2000 UTC;;928,5;928,6;927,5;1614,8;26,2;21;32,6;26,2;22,3;20,6;73;52;73;149;15,9;4,1;
2026/03/22;2100 UTC;;929,5;929,9;928,5;44,1;21,7;;26,1;20,7;;;;;;178;23,9;5,5;
2026/03/22;2200 UTC;;929,2;929,6;928,7;9,4;21,3;20,6;22,1;21,3;21,5;20,5;100;92;96;175;11,2;1,8;
2026/03/22;2300 UTC;;929,7;929,9;929,1;;21,5;21,1;22,1;21,3;21,6;20,8;98;95;97;178;3,3;,5;
2026/03/23;0000 UTC;;930;930,1;929,7;;21,8;21,3;22,1;21,2;21,6;20,9;100;96;97;61;3,4;2,4;
2026/03/23;0100 UTC;;930,5;930,5;930;;21,3;20,9;21,8;21,3;21,5;20,8;100;97;98;14;4,8;2,9;
2026/03/23;0200 UTC;;931,1;931,1;930,5;;22;20,9;22;21,3;21,1;20,6;98;94;94;44;4,7;3,4;
2026/03/23;0300 UTC;;931;931,2;931;;21,5;20,8;22;21,1;21,1;20,4;98;93;96;39;5,7;4;
2026/03/23;0400 UTC;;930,5;931,1;930,5;;21,7;20,4;21,7;21,4;20,8;20,4;96;92;92;32;5,5;3,7;
2026/03/23;0500 UTC;;930,4;930,6;930,4;;21,6;20,3;21,8;21,4;20,6;20,3;95;92;93;42;4,5;3,5;
2026/03/23;0600 UTC;;930,6;930,6;930,4;;20,9;20,2;21,6;20,9;20,5;20,2;96;93;96;17;4,2;2,4;
2026/03/23;0700 UTC;;930;930,6;929,9;;21,1;20;21,7;20,8;20,7;20;97;92;94;31;4,5;3,3;
2026/03/23;0800 UTC;;930,2;930,2;930;;20,3;20;21,1;20,3;20,3;19,9;99;94;99;116;4,5;,4;
2026/03/23;0900 UTC;;930,4;930,5;930,1;;19,9;;20,3;19,7;;;;;;357;2,6;2,2;
2026/03/23;1000 UTC;;930,3;930,4;930,1;13,6;20,1;20,1;20,6;19,9;20,5;19,4;100;96;100;79;3,8;1,6;
2026/03/23;1100 UTC;;930,7;930,7;930,2;466,5;23,6;20,9;23,8;19,9;21,6;19,7;100;85;85;37;3,8;2,1;
2026/03/23;1200 UTC;;931,1;931,1;930,7;1437,7;26,3;22,3;26,6;23,5;23,2;20,8;87;77;79;16;4,4;2,1;
2026/03/23;1300 UTC;;931,2;931,2;931,1;2224,7;28,3;21,3;28,4;26;23,2;20,5;81;64;66;11;3,8;2,2;
2026/03/23;1400 UTC;;930,8;931,2;930,8;2705,5;30,1;22,5;30,1;28;23;21,1;71;61;64;75;5,7;1,7;
2026/03/23;1500 UTC;;930,5;930,8;930,4;2481,9;29,7;20,9;30,9;29;22,4;19,9;65;56;59;341;5,9;1,2;
2026/03/23;1600 UTC;;930;930,5;929,9;2732,1;30;20,8;32;29,2;23;19,2;64;50;58;334;5,6;2,7;
2026/03/23;1700 UTC;;929;930;929;2717,4;30;20,7;32;29,6;22,6;19,9;61;52;58;318;5,8;2,1;
2026/03/23;1800 UTC;;928,4;929;928,4;2575;30,9;22,3;32,8;29,6;23;20,4;63;51;60;220;7,8;4;
2026/03/23;1900 UTC;;927,7;928,4;927,7;2459,6;30,7;21;32,2;30,4;22,6;20,8;61;54;56;223;7,8;3,9;
2026/03/23;2000 UTC;;927,3;927,7;927,2;1691,2;30,6;20,7;30,9;30,4;21,4;20,2;57;53;56;235;6,4;3,3;
2026/03/23;2100 UTC;;927,2;927,3;927,1;819,2;29,4;21,3;30,6;29,4;21,5;20;62;55;62;215;5,1;1,5;
2026/03/23;2200 UTC;;927,6;927,6;927,2;81,1;26,2;22,7;29,4;26,2;22,7;21,3;81;62;81;178;2,2;,9;
2026/03/23;2300 UTC;;928,4;928,4;927,6;;24,9;21,5;26,4;24,9;22,4;21;82;73;82;251;2,2;1;
2026/03/24;0000 UTC;;929;929;928,3;;24,2;21,6;25,2;24;22,3;21,2;89;80;85;294;2,8;1,3;
2026/03/24;0100 UTC;;929,6;929,6;929;;23,8;20,6;24,9;23,8;21,6;20,6;85;80;82;314;2,3;2;
2026/03/24;0200 UTC;;930,1;930,3;929,6;;23,9;21,2;24,3;23,3;21,3;20,4;88;79;85;108;2,8;2,1;
2026/03/24;0300 UTC;;930;930,1;930;;24;20,9;24;23,3;21,5;20,8;88;83;83;124;3,2;1,9;
2026/03/24;0400 UTC;;929,7;930;929,7;;22,7;21,6;24,1;22,3;21,6;20,5;94;82;94;44;3,7;2,7;
2026/03/24;0500 UTC;;929,4;929,8;929,4;;22,3;21,6;23,1;22,3;22;21,4;95;92;95;326;3,6;2,8;
2026/03/24;0600 UTC;;929,5;929,5;929,3;;22,6;21,1;22,6;22,2;21,7;21,1;96;92;92;323;3,6;1,7;
2026/03/24;0700 UTC;;929,3;929,5;929,3;;21,9;20,7;22,7;21,7;21,1;20,3;94;90;93;343;2,5;1,4;
2026/03/24;0800 UTC;;929,5;929,7;929,3;;21,5;20,9;21,9;21,1;21,1;20,3;98;93;97;92;4,8;,7;
2026/03/24;0900 UTC;;929,4;929,6;929,4;;21,3;20,8;21,5;21,1;21;20,3;97;95;97;46;3,1;2,3;
2026/03/24;1000 UTC;;929,8;929,8;929,4;17,3;20,9;20,5;21,4;20,5;21,3;20,2;100;97;97;18;3,1;2;
2026/03/24;1100 UTC;;930,2;930,2;929,8;546,1;23,5;21,8;23,5;20,9;22,1;20,5;100;90;90;326;4,5;2,9;
2026/03/24;1200 UTC;;930,6;930,6;930,2;1415,4;27,3;22,1;27,3;23,5;22,7;21,3;91;73;73;315;4,6;1,3;
2026/03/24;1300 UTC;;930,8;930,9;930,6;1803,3;29;20,7;29;26,8;22,1;19,9;74;59;61;58;3,7;2,1;
2026/03/24;1400 UTC;;930,5;930,8;930,5;2719,4;30,2;21,1;30,3;28,8;21,7;20;63;56;58;46;5,7;3,6;
2026/03/24;1500 UTC;;930,5;930,7;930,4;2587,8;30,8;19,4;31;29,9;21,1;18,4;58;48;51;82;6,2;2;
2026/03/24;1600 UTC;;929,7;930,5;929,7;2746,7;30,5;19,1;32,8;30,5;20,7;18,4;52;46;51;106;5,9;2,6;
2026/03/24;1700 UTC;;928,3;929,7;928,3;3306,5;32;18,4;33,2;30,5;20,4;16,9;52;41;44;84;6,1;2,8;
2026/03/24;1800 UTC;;927,5;928,3;927,5;1249,5;29,6;21,3;32,2;29,3;21,3;16,8;61;40;61;214;5,9;1,4;
2026/03/24;1900 UTC;;927,2;927,5;927,1;455;27,5;21,3;29,7;27,5;22;20,1;69;56;69;212;4,3;2,4;
2026/03/24;2000 UTC;;926,9;927,2;926,8;516,1;27,2;21,1;27,6;26,7;21,5;20;72;65;69;172;4,1;,9;
2026/03/24;2100 UTC;;927,7;927,7;926,9;552,6;27,4;20,7;29,1;27,2;21,7;19,9;70;58;67;88;5,5;2,4;
2026/03/24;2200 UTC;;928,7;928,7;927,7;36,7;25,2;21,8;27,4;25,2;22;20,8;83;67;81;51;5,9;2,9;
2026/03/24;2300 UTC;;929,1;929,3;928,7;;24;21,4;25,3;24;21,8;21,3;86;80;86;360;4,3;1,4;
2026/03/25;0000 UTC;;930,5;930,5;929,1;;23;20,5;24,1;23;21,5;20,5;87;84;86;265;5;3;
2026/03/25;0100 UTC;;931,5;931,5;930,5;;21,6;20,8;22,9;21,6;21,1;20,5;95;86;95;269;8,7;4;
2026/03/25;0200 UTC;;931,3;931,7;931,3;;21,1;20,9;21,6;21,1;21;20,7;99;95;99;287;5,7;1,9;
2026/03/25;0300 UTC;;930,8;931,3;930,8;;20,7;20,7;21,1;20,6;21;20,6;100;99;100;348;3,5;1,6;
2026/03/25;0400 UTC;;930,1;930,9;930,1;;20,7;20,6;20,8;20,6;20,8;20,5;100;99;99;11;2,7;2;
2026/03/25;0500 UTC;;929,8;930,1;929,8;;20,7;;21;20,6;21;20,6;100;99;;35;2,7;1,5;
2026/03/25;0600 UTC;;929,9;929,9;929,6;;20,8;;20,8;20,6;;;;;;82;2,8;1,9;
2026/03/25;0700 UTC;;929,9;929,9;929,8;;20,9;;20,9;20,8;;;;;;34;3,3;2,5;
2026/03/25;0800 UTC;;930,3;930,4;929,9;;21,1;21,1;21,1;20,9;;;;;100;61;3,3;1,8;
2026/03/25;0900 UTC;;930,9;930,9;930,2;;20,9;;21,1;20,8;;;;;;82;2,9;1,1;
2026/03/25;1000 UTC;;931;931;930,7;10,9;21,1;;21,1;20,9;;;;;;33;2;1;
2026/03/25;1100 UTC;;932,1;932,1;931;253,1;21,8;21,6;21,8;21,1;;;;;98;46;2,6;1,8;
2026/03/25;1200 UTC;;932,5;932,5;932,1;987,9;24,8;21,3;24,9;21,8;22,1;21,3;98;81;81;95;3,6;2,2;
2026/03/25;1300 UTC;;932,6;932,8;932,5;1347,7;25,3;21,4;25,4;24,5;21,8;20,8;82;78;79;61;5,7;2,7;
2026/03/25;1400 UTC;;932,6;932,8;932,6;1724,5;26,5;21,3;26,5;25,3;22;21;79;73;73;45;5,8;3,5;
2026/03/25;1500 UTC;;932,1;932,6;932,1;2212,5;27,8;21,1;28;26,6;22,3;20,3;75;64;67;45;4,9;2,1;
2026/03/25;1600 UTC;;931,1;932,1;931,1;2703,7;28,8;21,3;29,8;27,9;22,4;20,3;68;61;64;55;5,2;2,4;
2026/03/25;1700 UTC;;930,3;931,1;930,2;1454,5;28,1;19,8;30,6;28,1;21,9;19,2;65;54;61;265;4,9;1,3;
2026/03/25;1800 UTC;;931,3;931,6;930;78,9;20,3;;28,1;20,2;20,8;19,5;100;60;;45;11,7;7,6;
2026/03/25;1900 UTC;;929,7;931,3;929,7;351,5;21,8;;21,8;19,7;;;;;;329;11,6;2,7;
2026/03/25;2000 UTC;;929,4;929,7;929,4;931,9;24,2;21,1;24,5;21,8;;;;;83;10;4,7;1,8;
2026/03/25;2100 UTC;;929,2;929,4;929,2;441,2;23,7;20,7;24,2;23,3;21,5;20,5;89;81;83;357;3,1;,6;
2026/03/25;2200 UTC;;930,4;930,4;929,2;101;21,7;20,8;23,8;21,7;21,3;20,5;96;82;94;344;4,3;2,3;
2026/03/25;2300 UTC;;931,1;931,1;930,4;;21,4;21,2;21,7;21,1;21,2;20,4;99;94;99;333;3,3;1,8;
2026/03/26;0000 UTC;;931,7;931,7;931,1;;21,3;20,8;21,8;21,2;21,4;20,6;99;96;97;255;3,2;1,3;
2026/03/26;0100 UTC;;932,6;932,6;931,7;;21;20,7;21,4;21;21;20,7;99;97;99;262;2,7;,8;
2026/03/26;0200 UTC;;932,6;932,6;932,3;;20,5;;21;20,4;;;;;;257;4,1;1,9;
2026/03/26;0300 UTC;;932,5;932,6;932,2;;20;;20,5;20;;;;;;225;2,8;,8;
2026/03/26;0400 UTC;;932,5;932,5;932,3;;20,3;;20,3;19,8;;;;;;133;2;,6;
2026/03/26;0500 UTC;;932,1;932,7;932,1;;20,5;;20,5;20,2;;;;;;249;2,8;1,6;
2026/03/26;0600 UTC;;931,7;932,1;931,4;;20,8;;20,8;20,5;;;;;;25;5;,9;
2026/03/26;0700 UTC;;930,8;931,7;930,7;;20,4;;20,8;20,4;;;;;;35;2,6;1,1;
2026/03/26;0800 UTC;;930,8;930,9;930,5;;20,4;;20,4;20,4;;;;;;32;3;2;
2026/03/26;0900 UTC;;931,4;931,4;930,8;;20,5;;20,5;20,3;;;;;;58;3,6;2,5;
2026/03/26;1000 UTC;;932,1;932,1;931,4;9,7;20,4;;20,6;20,2;;;;;;61;3,7;2,4;
2026/03/26;1100 UTC;;932,6;932,6;932,1;443;22,1;21,8;22,2;20,4;;;;;98;35;5;2,6;
2026/03/26;1200 UTC;;933,1;933,1;932,5;878,7;22,9;20,7;23,1;21,6;21,9;20,6;98;88;88;17;6;3,2;
2026/03/26;1300 UTC;;933,3;933,3;933,1;2104,8;25,6;21,4;25,6;22,7;22;20,6;89;77;78;39;5,3;2,6;
2026/03/26;1400 UTC;;933,2;933,4;933,2;2717,5;27,4;21,2;27,7;25,3;22,1;19,9;78;67;69;360;5,3;2,6;
2026/03/26;1500 UTC;;932,8;933,2;932,8;2153,9;27,4;20,5;27,9;24,5;22,4;19,4;86;64;66;349;5,2;2,6;
2026/03/26;1600 UTC;;932,6;932,8;932,4;1774,6;21,8;18,9;27,4;21,8;21,8;18,2;83;66;83;315;11,6;7,2;
2026/03/26;1700 UTC;;931,6;932,7;931,5;236,9;20;19;21,8;19,6;19,5;18,6;96;84;94;12;10,5;4;
2026/03/26;1800 UTC;;930,2;931,7;930,2;511,5;22,3;20;22,3;20;20;18,3;94;85;87;21;5,7;2,2;
2026/03/26;1900 UTC;;929,9;930,2;929,6;2255,5;25,8;20,6;26,8;22,4;21,6;19,2;87;67;73;268;4,2;2,2;
2026/03/26;2000 UTC;;929,9;929,9;929,6;1298,4;25,4;20,4;26,5;25,1;21,6;19,9;77;71;74;244;4,3;1,7;
2026/03/26;2100 UTC;;929,9;929,9;929,7;479,6;23,6;21;25,5;23,6;21,2;20,2;86;73;86;240;3,8;1,8;
2026/03/26;2200 UTC;;930,6;930,6;929,8;42,9;22;21,3;23,6;22;21,4;20,9;96;85;96;246;2,8;,2;
2026/03/26;2300 UTC;;931,7;931,7;930,6;;22;21,6;22,1;21,7;21,7;21,1;98;96;98;152;1,9;,8;
2026/03/27;0000 UTC;;932,6;932,6;931,7;;21,5;20,8;22;21,5;21,6;20,6;98;93;96;88;6,3;2,7;
2026/03/27;0100 UTC;;934;934;932,6;;20,3;;21,5;20,1;;;;;;55;10,1;4,1;
2026/03/27;0200 UTC;;934,2;934,4;933,9;;19,8;;20,3;19,8;;;;;;30;6,6;2,5;
2026/03/27;0300 UTC;;933,7;934,2;933,7;;19,7;;19,8;19,7;;;;;;22;3,7;1,5;
2026/03/27;0400 UTC;;933,2;933,7;933,2;;19,5;;19,7;19,5;;;;;;123;2,1;1,5;
2026/03/27;0500 UTC;;932,5;933,3;932,3;;19,5;;19,5;19,5;;;;;;81;2,6;1,4;
2026/03/27;0600 UTC;;931,7;932,5;931,7;;19,1;;19,6;19;;;;;;2;4;2,9;
2026/03/27;0700 UTC;;931,4;931,7;931,4;;18,8;;19,1;18,8;;;;;;7;4;2,1;
2026/03/27;0800 UTC;;931,8;931,8;931,3;;18,5;;19,1;18,4;;;;;;87;5,6;,8;
2026/03/27;0900 UTC;;932,3;932,3;931,8;;18,8;;19,3;18,4;;;;;;54;6,4;3,9;
2026/03/27;1000 UTC;;932,8;932,8;932,3;21,7;18,8;;18,8;18,5;;;;;;53;4,9;3,8;
2026/03/27;1100 UTC;;933,6;933,6;932,8;502;20,9;19,7;20,9;18,8;19,7;19,1;100;93;93;23;4,9;3,4;
2026/03/27;1200 UTC;;934,1;934,1;933,6;1345,3;24,2;20,9;24,2;20,9;21,3;19,5;93;81;82;26;4,8;3,6;
2026/03/27;1300 UTC;;934,1;934,1;934;2003,5;26,4;20,9;26,6;24,2;22;20,7;82;72;72;48;5,9;3,9;
2026/03/27;1400 UTC;;933,9;934,3;933,9;2843,8;27,8;20,8;28,1;26,3;21,6;20;74;64;66;50;7,1;4,2;
2026/03/27;1500 UTC;;933,7;934;933,7;3000,2;28,3;20,2;29,2;27,7;21,6;19,6;67;59;61;51;7,3;3,3;
2026/03/27;1600 UTC;;932,4;933,7;932,4;3098,8;30,4;19,9;30,6;28;21,5;19,7;64;53;54;118;6,2;,9;
2026/03/27;1700 UTC;;931,4;932,4;931,4;2411,6;28,3;20;31,8;28,3;21;17,9;61;46;61;83;5,1;2,5;
2026/03/27;1800 UTC;;930,9;931,4;930,6;1149,5;25;20,9;29,2;24,6;21,4;18,9;79;55;78;324;7,3;4,4;
2026/03/27;1900 UTC;;931,4;931,5;930,5;235,3;21,4;20,6;25;21,4;21,2;19,7;95;78;95;351;11;4,4;
2026/03/27;2000 UTC;;931,5;931,5;931;409,6;22,7;20,8;22,7;21,3;21,1;20,5;97;89;89;39;7,8;2,7;
2026/03/27;2100 UTC;;932,2;932,2;931,5;295;22,8;20,9;22,9;22,6;21;20,4;90;87;89;148;4,1;,6;
2026/03/27;2200 UTC;;932,7;932,7;932,2;35,3;21,6;21,2;22,8;21,5;21,2;20,8;98;89;98;262;3,6;,4;
2026/03/27;2300 UTC;;932,9;932,9;932,7;;21,1;20,9;21,7;21,1;21,3;20,8;98;96;98;225;2;1,5;
2026/03/28;0000 UTC;;933,6;933,6;932,9;;20,8;;21,2;20,8;20,9;20,7;100;98;;147;2,3;1,3;
2026/03/28;0100 UTC;;933,8;933,8;933,5;;20,9;20,7;21,1;20,8;21,1;20,5;100;97;99;114;2,4;1,7;
2026/03/28;0200 UTC;;934;934;933,8;;20,4;20,4;21;20,3;20,7;20,1;100;96;100;71;2,2;1,2;
2026/03/28;0300 UTC;;933,7;934;933,7;;20,4;;20,4;20,2;;;;;;54;2,6;2,2;
2026/03/28;0400 UTC;;933,2;933,7;933,2;;19,8;;20,4;19,5;;;;;;32;2,9;2;
2026/03/28;0500 UTC;;932,9;933,2;932,9;;19,5;;19,8;19,5;;;;;;98;3,7;1,1;
2026/03/28;0600 UTC;;932,7;932,9;932,7;;19;;19,6;19;;;;;;352;2,8;1,6;
2026/03/28;0700 UTC;;932,5;932,7;932,5;;19,8;;19,9;19;;;;;;81;2,4;1,7;
2026/03/28;0800 UTC;;932,8;932,8;932,4;;19,2;;19,8;19,1;;;;;;59;2,7;1,8;
2026/03/28;0900 UTC;;933,2;933,2;932,8;;19;;19,4;19;;;;;;45;3,5;2,9;
2026/03/28;1000 UTC;;933,7;933,7;933,2;14,3;19,3;;19,5;19;;;;;;48;3,5;2,4;
2026/03/28;1100 UTC;;934,5;934,5;933,7;468,2;22,4;20,3;22,4;19,3;20,5;19,9;100;88;88;103;3,9;1,7;
2026/03/28;1200 UTC;;935,1;935,1;934,5;1414,4;24,7;20,8;24,7;22,4;21,1;20,1;89;79;79;82;6,9;4,3;
2026/03/28;1300 UTC;;935,4;935,4;935,1;2222,4;26,8;20,1;27;24,6;21,2;20;79;66;67;68;9,1;6,2;
2026/03/28;1400 UTC;;935,1;935,4;935,1;2832,3;28;19,6;28,2;26,8;20,6;19,5;67;59;60;66;10,5;6,6;
2026/03/28;1500 UTC;;934,8;935,1;934,7;3035,8;29,2;20;29,5;28;20,5;18,7;63;55;58;66;10,3;5,3;
2026/03/28;1600 UTC;;934,2;934,8;934,2;3077,2;29,2;19,2;30,1;28,6;20,5;18,7;60;52;55;65;9,2;4,8;
2026/03/28;1700 UTC;;933,5;934,3;933,5;3076,5;30,1;18,7;30,7;28,9;20,3;17,2;58;45;51;55;9,1;5;
2026/03/28;1800 UTC;;932,9;933,5;932,9;1676,1;28,3;18,2;30,2;28,2;19,7;17,8;56;49;55;91;8,6;2,8;
2026/03/28;1900 UTC;;932,4;932,9;932,4;2043,1;29,9;16,8;30,4;28,2;19,3;16,8;57;44;45;94;7,4;3,4;
2026/03/28;2000 UTC;;932,1;932,4;932;1706,4;29,7;17,6;30,2;29,6;18,2;16,2;50;43;48;64;6,7;4,3;
2026/03/28;2100 UTC;;932,3;932,3;932,1;885,7;28,3;17,5;29,7;28,3;18,6;17,3;54;48;52;104;7;3;
2026/03/28;2200 UTC;;932,5;932,5;932,3;85,9;25;19,1;28,3;25;19,1;17,6;70;52;70;96;5,7;1,3;
2026/03/28;2300 UTC;;932,9;932,9;932,5;;24;18,3;25;23,5;19;18,2;75;70;70;93;3,4;1,9;
2026/03/29;0000 UTC;;933,7;933,7;932,9;;23,3;18,1;24;23,1;18,2;18;73;70;73;92;4;2,2;
2026/03/29;0100 UTC;;934,1;934,1;933,7;;22,8;17,3;23,3;22,6;18,1;17,3;74;71;71;100;5;2,7;
2026/03/29;0200 UTC;;934,3;934,3;934,1;;22,2;16,8;22,9;21,9;17,4;16,8;74;71;72;97;5,2;2,4;
2026/03/29;0300 UTC;;934,4;934,5;934,3;;21,6;16;22,2;21,6;16,8;16;72;69;71;98;4,8;2;
2026/03/29;0400 UTC;;934,4;934,4;934,3;;20,4;15,8;21,6;19,9;16,2;15,6;79;71;75;97;4;1,6;
2026/03/29;0500 UTC;;934;934,5;934;;19,1;16,1;21,4;19;16,2;15,7;83;71;83;61;4,3;2,6;
2026/03/29;0600 UTC;;933,6;934;933,5;;19,4;15,9;19,9;19,1;16,1;15,8;83;78;80;78;3,5;2,4;
2026/03/29;0700 UTC;;933,3;933,6;933,3;;18,1;15,6;19,4;18,1;16;15,6;85;80;85;48;3,4;2,1;
2026/03/29;0800 UTC;;933,3;933,4;933,3;;17,9;16;18,9;17,7;16,2;15,6;90;84;89;46;3,9;3,1;
2026/03/29;0900 UTC;;933,7;933,7;933,3;;18;15,9;18,3;17,7;16,2;15,8;89;86;88;39;4,7;3,7;
2026/03/29;1000 UTC;;934,6;934,6;933,7;12,2;18,1;15,7;18,2;17,6;15,9;15,6;88;85;86;49;4,5;2,8;
2026/03/29;1100 UTC;;935,1;935,1;934,6;566,4;22,2;16,7;22,2;18,1;16,7;15,8;86;70;71;66;4,5;2,8;
2026/03/29;1200 UTC;;935,4;935,5;935,1;1452,8;24,1;17,6;24,1;22,1;17,8;16,2;71;65;67;42;4,7;3,2;
2026/03/29;1300 UTC;;935,4;935,6;935,3;2250,2;27,1;17,7;27,5;24,2;19,2;17,4;67;56;57;67;6;3,1;
2026/03/29;1400 UTC;;935;935,4;935;2877,2;29,2;16,2;29,6;27,1;18,9;16,2;60;45;45;87;7,8;3,5;
2026/03/29;1500 UTC;;934,5;935;934,5;3155,7;30;15,9;30,2;28,9;17,3;15,1;49;40;43;48;7,6;4,2;
2026/03/29;1600 UTC;;933,8;934,5;933,8;3272,8;30,1;16,3;30,6;29,6;17,1;15,1;46;40;43;49;7,4;3,3;
2026/03/29;1700 UTC;;933,2;933,8;933,2;3386,6;30,8;15,1;32,2;30,1;17,8;13,9;44;33;39;104;5,7;1,7;
2026/03/29;1800 UTC;;932,6;933,2;932,6;3038,4;30,5;15,1;32,1;30,2;16,5;13,7;42;34;39;119;5,5;1,3;
2026/03/29;1900 UTC;;932,2;932,6;932,2;2306,7;30,8;16;31,8;29,6;17,5;13,9;44;35;41;149;5;2,5;
2026/03/29;2000 UTC;;932;932,2;931,9;1720,5;30,7;16,1;32,1;30,7;16,8;14,3;42;36;41;161;4,7;1,4;
2026/03/29;2100 UTC;;932,1;932,1;931,9;767,1;28,5;16,6;30,8;28,5;16,9;14,6;49;38;49;136;2,9;2;
2026/03/29;2200 UTC;;932,1;932,2;932;80,4;26,1;17,2;28,5;26;17,8;16,8;60;49;58;111;3;1,9;
2026/03/29;2300 UTC;;932,3;932,3;932,1;;24,8;17,4;26,2;24,5;17,6;17,1;65;58;63;122;3,4;2,9;
2026/03/30;0000 UTC;;932,9;932,9;932,3;;22,6;17,6;24,8;22,4;17,6;17,3;74;63;74;126;4,2;2,7;
2026/03/30;0100 UTC;;933,6;933,6;932,9;;22,2;17,5;22,6;21,6;17,9;17,4;78;73;75;120;4,8;3;
2026/03/30;0200 UTC;;934;934;933,6;;22,1;17,5;22,4;21,6;17,6;17,4;78;74;75;116;5;3,1;
2026/03/30;0300 UTC;;933,9;934;933,8;;21,8;17,4;22,4;21,7;17,5;17,3;77;74;76;112;4,5;3,2;
2026/03/30;0400 UTC;;934;934;933,8;;21,8;17,4;22,1;21,6;17,5;17,3;77;75;76;89;4,5;1,9;
2026/03/30;0500 UTC;;933,5;934;933,5;;20,2;17,5;21,8;20,2;17,5;17,3;84;76;84;71;2,9;1,8;
2026/03/30;0600 UTC;;932,9;933,4;932,9;;20,6;17,1;21,1;20,2;17,5;17,1;84;79;80;82;3,5;2,4;
2026/03/30;0700 UTC;;932,7;932,9;932,7;;20,8;16,7;21,3;20,4;17,2;16,7;82;76;77;76;4,1;2,9;
2026/03/30;0800 UTC;;932,6;932,7;932,6;;20,6;16,5;20,8;19,9;16,7;16,5;81;77;77;82;3,5;2,2;
2026/03/30;0900 UTC;;932,8;932,8;932,6;;20,3;16,5;20,6;19,9;16,6;16,4;81;77;79;81;3,6;2,7;
2026/03/30;1000 UTC;;933,2;933,2;932,8;12,4;21;16,6;21;20,2;16,6;16,4;79;76;76;88;3,8;2,3;
2026/03/30;1100 UTC;;933,6;933,6;933,2;541,2;23,7;17,7;23,7;21;17,7;16,5;76;68;69;97;3,9;2,1;
2026/03/30;1200 UTC;;933,9;933,9;933,6;1422;26;18,1;26;23,7;18,5;17,5;69;61;62;95;5,4;2,8;
2026/03/30;1300 UTC;;933,9;934;933,9;2227,1;27,9;17,7;28,2;26;19,3;17,6;63;53;54;91;7,8;4,5;
2026/03/30;1400 UTC;;933,8;934;933,8;2854,8;29,1;18,1;29,1;27,9;18,6;17,3;56;50;52;101;8,7;3,8;
2026/03/30;1500 UTC;;933,1;933,8;933,1;3191,5;30,2;18;30,2;28,8;19,1;17,1;54;46;48;109;7;3,3;
2026/03/30;1600 UTC;;932,4;933,1;932,4;3024,2;30,2;18,1;30,9;28,8;19,2;17;53;45;48;108;7;3,3;
2026/03/30;1700 UTC;;931,6;932,4;931,6;3239;31,3;18,1;31,6;28,9;18,8;16,9;51;42;45;60;6,3;2,3;
2026/03/30;1800 UTC;;930,8;931,6;930,8;2884,7;31,6;18,3;32,8;30,3;18,5;16;46;39;45;72;5,5;1,4;
2026/03/30;1900 UTC;;930;930,8;930;1266,5;31,9;17,8;32,1;29,3;18,8;16;51;39;43;161;3,4;1,8;
2026/03/30;2000 UTC;;929,8;930;929,7;786,1;29,1;17,6;32;29,1;18,4;15,6;52;38;50;170;3,4;1,1;
2026/03/30;2100 UTC;;929,5;929,8;929,5;289;27,5;18,8;29,1;27,3;21,1;17,6;65;50;59;169;2,8;1,4;
2026/03/30;2200 UTC;;929,6;929,6;929,5;49,8;25,7;18,1;27,5;25,6;19,8;18,1;67;58;63;130;2,8;2,2;
2026/03/30;2300 UTC;;930;930;929,6;;24,6;17,8;25,8;23,8;18,8;17,7;73;62;66;135;6,4;3,3;
2026/03/31;0000 UTC;;930,3;930,3;930;;23,1;17,8;24,6;23;17,8;17,7;72;66;72;125;5,2;3,7;
2026/03/31;0100 UTC;;930,7;930,7;930,3;;22,5;17,7;23,1;22,1;17,8;17,6;77;72;74;123;4,9;3,3;
2026/03/31;0200 UTC;;930,7;930,8;930,7;;22,1;17,6;22,5;21,8;17,7;17,6;77;74;76;123;4,7;3,4;
2026/03/31;0300 UTC;;930,7;930,8;930,6;;22,2;17,5;22,4;22;17,6;17,3;76;73;75;87;4,7;2,4;
2026/03/31;0400 UTC;;930,4;930,7;930,4;;20,7;17,3;22,3;20,7;17,5;17,2;81;74;81;67;3,8;2,8;
2026/03/31;0500 UTC;;930,1;930,4;930,1;;20,5;17,3;21,9;20,5;17,6;17,3;82;76;82;71;4,2;2,3;
2026/03/31;0600 UTC;;929,7;930,1;929,7;;20,3;17,4;20,5;19,7;17,6;17,2;87;82;84;73;3,9;2,7;
2026/03/31;0700 UTC;;929,4;929,7;929,4;;20,1;17,2;21;20,1;17,5;17;84;79;83;69;3,9;2,4;
2026/03/31;0800 UTC;;929,4;929,5;929,4;;18,8;17,1;20,5;18,8;17,2;16,8;90;81;90;41;3,9;3,1;
2026/03/31;0900 UTC;;929,6;929,7;929,4;;18,5;16,8;19,1;18,5;17,1;16,8;91;88;90;37;4,6;3,9;
2026/03/31;1000 UTC;;930,1;930,1;929,6;13,1;18,7;16,9;18,7;18;16,9;16,5;92;89;89;35;5,5;3,9;
2026/03/31;1100 UTC;;930,7;930,7;930,1;517,1;21,7;17,6;21,7;18,7;17,6;16,9;89;77;77;29;5,4;3,7;
2026/03/31;1200 UTC;;931,1;931,1;930,7;1338;25,4;18,4;25,5;21,7;19;17,5;78;65;65;14;4,9;2,7;
2026/03/31;1300 UTC;;931,5;931,5;931,1;2045,2;28,1;18,7;28,2;25,3;19,4;18;68;56;57;36;5;3;
2026/03/31;1400 UTC;;931,3;931,6;931,3;2638,7;29,6;18,9;29,8;28,1;19,9;18,2;58;51;53;32;6,4;3,2;
2026/03/31;1500 UTC;;930,6;931,3;930,6;2972,6;30,6;15,5;31,5;29,2;19,8;13,3;54;36;40;20;6,4;2,7;
2026/03/31;1600 UTC;;929,6;930,6;929,6;2348,2;31,3;15,3;32,4;29,1;18,2;13,7;46;35;38;326;5,4;2,6;
2026/03/31;1700 UTC;;928,9;929,6;928,8;2212,1;32,3;14,8;32,6;29,4;16,5;12,8;43;34;35;311;6,5;3,2;
2026/03/31;1800 UTC;;927,9;928,9;927,9;2723,4;32,1;14,5;33,2;30,2;17;13,8;43;33;34;270;6,3;1,7;
2026/03/31;1900 UTC;;927,3;927,9;927,3;1941,7;29,7;16;33;29,7;18,1;14;45;33;44;288;5,5;2,4;
2026/03/31;2000 UTC;;926,9;927,3;926,8;1370,6;29,2;16,3;31,7;29,2;17,9;15,5;47;40;46;262;5,5;2,7;
2026/03/31;2100 UTC;;927;927,1;926,9;598,4;27,9;17,7;29,8;27,9;17,9;16,1;54;46;54;240;5;2,5;
2026/03/31;2200 UTC;;927,4;927,4;927;66;25,4;17,6;27,9;25,4;17,9;17,4;62;54;62;241;3,8;2,4;
2026/03/31;2300 UTC;;928,1;928,1;927,4;;23,8;17,8;25,4;23,7;18;17,6;70;62;69;280;3,1;1;
2026/04/01;0000 UTC;;928,9;928,9;928,1;;23;17,9;24,7;23;18,2;17,5;73;65;73;301;1,9;1,6;
2026/04/01;0100 UTC;;929,6;929,6;928,9;;22,2;18,1;23,8;22,2;18,1;17;77;66;77;162;1,9;1;
2026/04/01;0200 UTC;;930;930;929,6;;21;18,3;22,6;20,9;18,3;17,4;85;73;85;42;2,8;2,1;
2026/04/01;0300 UTC;;929,8;930,1;929,7;;21,2;18,2;21,2;20,3;18,6;18;87;83;83;50;2,9;2,1;
2026/04/01;0400 UTC;;929,4;929,8;929,4;;20,5;18;21,5;20,5;18,4;17,9;86;82;86;48;3,3;2,1;
2026/04/01;0500 UTC;;929,3;929,5;929,2;;20,3;17,7;20,8;20,1;18,1;17,7;88;84;85;72;3;1,2;
2026/04/01;0600 UTC;;928,9;929,3;928,9;;19,8;17,9;20,3;19,3;18,2;17,5;92;85;89;46;3,2;2,4;
2026/04/01;0700 UTC;;928,7;928,9;928,7;;19,3;17,9;19,8;19,3;18,1;17,7;92;89;91;47;3,5;2,2;
2026/04/01;0800 UTC;;928,6;928,8;928,6;;18,5;17,5;19,4;18,5;18;17,5;95;91;94;27;4,9;2,7;
2026/04/01;0900 UTC;;928,9;929;928,6;;18,3;17,2;19;18,3;17,8;17,2;95;92;93;24;4,9;2,7;
2026/04/01;1000 UTC;;929,5;929,5;928,9;14,4;18;17,1;18,5;17,9;17,3;16,8;94;92;94;55;3,9;,4;
2026/04/01;1100 UTC;;930,2;930,2;929,5;511,6;22,6;18,1;22,6;18;18,9;17,2;95;76;76;11;3,7;1,5;
2026/04/01;1200 UTC;;930,8;930,8;930,2;1306,5;25,5;18,6;25,6;22,6;19,7;18;77;66;66;360;4,2;2,6;
2026/04/01;1300 UTC;;931,1;931,1;930,8;2048,4;28,6;18,9;28,6;25,5;20,2;18;67;54;56;263;3,8;1,7;
2026/04/01;1400 UTC;;930,9;931,2;930,9;2693,4;30,8;19,8;30,8;28,3;19,8;17,6;57;48;52;309;4;1,9;
2026/04/01;1500 UTC;;930,2;930,9;930,2;1719,6;30,7;17,6;30,9;28,3;19,5;17,3;57;45;46;288;4,9;2,6;
2026/04/01;1600 UTC;;929,7;930,3;929,7;2908,3;31,1;18,3;32,5;29,2;18,9;16,7;51;42;46;278;5,4;2,2;
2026/04/01;1700 UTC;;928,9;929,7;928,9;2539,9;29,8;17,5;31,4;29,3;19,5;17,4;53;46;48;215;6;2,4;
2026/04/01;1800 UTC;;927,7;928,9;927,7;2580,1;32,4;18;32,4;29,8;19,5;17,3;52;42;42;277;6,7;3,9;
2026/04/01;1900 UTC;;927,1;927,8;927,1;2183,1;31,4;17,3;32,3;29,9;18,8;16,5;48;41;43;245;9;2,4;
2026/04/01;2000 UTC;;927,2;927,3;926,9;1626,5;30,4;17,1;31,4;30,4;17,8;16,3;45;42;45;228;5,9;3,2;
2026/04/01;2100 UTC;;927,8;927,8;927,1;674,7;29,3;18,4;30,5;28,8;18,6;16,4;53;43;52;263;5;2,4;
2026/04/01;2200 UTC;;928,9;928,9;927,8;142,4;24,4;17,4;29,6;24,4;19;17,4;67;51;65;118;7,6;3,3;
2026/04/01;2300 UTC;;929,5;929,5;928,9;;22,7;17,5;24,4;22,6;17,8;17,2;74;64;73;74;5,7;3,9;
2026/04/02;0000 UTC;;930,6;930,6;929,5;;21,9;17,4;22,7;21,5;17,5;17,4;78;73;76;66;5,7;3,5;
2026/04/02;0100 UTC;;931,1;931,2;930,6;;21,2;17,6;21,9;21;17,8;17,4;81;76;80;54;5,1;3,5;
2026/04/02;0200 UTC;;931,3;931,5;931,1;;20,4;18;21,2;20,4;18;17,7;86;80;86;36;5,7;3,9;
2026/04/02;0300 UTC;;931,4;931,5;931,1;;20,6;18,2;20,6;19,9;18,2;18;89;86;86;48;6,9;3,9;
2026/04/02;0400 UTC;;931,2;931,5;931,2;;19,4;18;21,1;19,4;18,2;17,7;92;82;91;321;5,3;,6;
2026/04/02;0500 UTC;;930,5;931,2;930,5;;20;17,6;20;19,1;18,2;17,6;93;86;86;30;4,7;3,4;
2026/04/02;0600 UTC;;930,8;931,1;930,4;;18,8;17,8;20,1;18,7;17,8;16,9;94;83;94;144;5,6;2;
2026/04/02;0700 UTC;;930,6;930,9;930,5;;19,1;17,8;19,7;18,7;18;17,1;94;88;92;77;3,9;2,2;
2026/04/02;0800 UTC;;931;931;930,4;;18,4;17,6;19,5;18,3;17,9;17,4;95;89;95;81;4,3;1,6;
2026/04/02;0900 UTC;;931,1;931,1;930,8;;18,5;17,8;18,9;18,2;18;17,4;96;93;96;79;4,4;1,7;
2026/04/02;1000 UTC;;931,5;931,5;931,1;11,8;17,9;17,6;18,6;17,8;17,8;17,1;98;94;98;115;3;1,7;
2026/04/02;1100 UTC;;931,9;931,9;931,5;452,5;22,1;18,8;22,2;17,9;19,3;17,6;100;81;82;82;4;1,9;
2026/04/02;1200 UTC;;933;933;931,9;1316,9;24;19,4;24;22;19,6;18,8;83;75;76;44;6,7;4;
2026/04/02;1300 UTC;;933,1;933,3;933;1901,5;26,3;19,4;26,7;24;20,2;18,5;76;63;66;18;5,9;2,9;
2026/04/02;1400 UTC;;933,1;933,1;933;2300,9;29;19,6;29;26,3;20,2;18,5;66;54;57;31;5,7;3;
2026/04/02;1500 UTC;;932,6;933,2;932,6;2844,2;29,9;16,5;31,3;28,4;19,1;16;57;42;44;339;6,3;3,3;
2026/04/02;1600 UTC;;931,9;932,6;931,9;3004;31,6;19;31,6;29,2;19;16,4;51;43;47;8;6,3;2,1;
2026/04/02;1700 UTC;;930,6;931,9;930,6;3322,1;32;18,3;32,1;29,8;18,9;15,4;49;37;44;257;6,1;1,8;
2026/04/02;1800 UTC;;930;930,6;929,9;2383,7;30,1;17,8;32,3;29,8;18,7;16,3;48;40;48;229;5,5;1,7;
2026/04/02;1900 UTC;;929,4;930;929,3;1860,2;31,6;18,4;31,8;29,7;20,1;17,6;54;45;46;266;7,4;3,8;
2026/04/02;2000 UTC;;930,1;930,6;929,3;1176,9;24,6;19,4;31,8;22,7;19,7;17,1;81;44;73;33;17,8;6,7;
2026/04/02;2100 UTC;;931,1;931,1;930;670,3;22,9;19,2;24,8;22,9;19,7;18,6;80;72;80;52;9,9;5,7;
2026/04/02;2200 UTC;;931,3;931,4;931,1;35,1;21,7;19,2;22,9;21,6;19,3;19,1;86;80;86;41;7,5;4,4;
2026/04/02;2300 UTC;;931,4;931,4;931,1;;21,3;18,8;21,7;21,1;19,3;18,8;89;86;86;29;6,5;4,2;
2026/04/03;0000 UTC;;932,6;932,6;931,4;;20,7;18,6;21,3;20,7;18,8;18,3;87;83;87;41;5,8;4,1;
2026/04/03;0100 UTC;;933,8;933,9;932,6;;21;18,1;21,9;20,6;19,1;18,1;88;82;83;157;8,7;2,1;
2026/04/03;0200 UTC;;933,7;933,9;933,7;;20,9;18,2;21,2;20,1;18,3;17,9;88;83;85;107;3,5;2,2;
2026/04/03;0300 UTC;;933,6;933,8;933,5;;20;18,2;21,3;19,9;18,4;17,8;89;83;89;95;3,5;1,6;
2026/04/03;0400 UTC;;933,2;933,7;933,2;;19,4;18,2;20,2;19,4;18,2;17,9;92;88;92;45;5;3,5;
2026/04/03;0500 UTC;;932,8;933,2;932,8;;19;18;19,4;19;18,2;17,9;94;92;94;53;5;2,2;
2026/04/03;0600 UTC;;932,5;932,9;932,5;;18,8;17,7;19;18,6;18,1;17,7;96;93;93;27;4;3;
2026/04/03;0700 UTC;;932,2;932,5;932,1;;19,2;17,9;19,5;18,8;18;17,7;94;91;92;18;5,1;3,4;
2026/04/03;0800 UTC;;932,1;932,2;932,1;;18,4;17,7;19,4;18,1;17,9;17;96;91;96;32;5,3;2,8;
2026/04/03;0900 UTC;;932,5;932,5;932;;18,7;18,2;18,7;18,4;18,2;17,7;97;96;97;46;5,5;3,6;
2026/04/03;1000 UTC;;932,9;932,9;932,4;15,9;19,1;18,6;19,4;18,7;18,6;18,2;97;95;97;27;6,4;4,5;
2026/04/03;1100 UTC;;933,7;933,7;932,9;474,7;21,8;19,5;21,8;19,1;19,7;18,7;97;87;87;35;6,4;4,2;
2026/04/03;1200 UTC;;934,3;934,4;933,7;1151,3;24,5;20,1;24,6;21,8;20,3;19,5;87;76;77;33;6,7;4,8;
2026/04/03;1300 UTC;;934,5;934,6;934,3;1931,8;27,2;21,1;27,2;24,4;21,2;20;78;69;69;17;7,2;4,4;
2026/04/03;1400 UTC;;934,6;934,6;934,5;2279,2;28,9;20,3;28,9;26,9;21,6;19,7;72;59;60;15;7,4;3,5;
2026/04/03;1500 UTC;;934;934,6;934;2861,5;30,2;18,6;30,3;28,4;21,1;18,4;61;49;50;7;6,3;2;
2026/04/03;1600 UTC;;933,1;934;933,1;2247,7;30,3;19,2;31;29,1;21;17,9;57;47;52;12;5,5;1,7;
2026/04/03;1700 UTC;;932,1;933,1;932,1;1815,1;31,2;18,3;31,2;29,2;19,6;17,9;54;46;46;73;5;1,3;
2026/04/03;1800 UTC;;931,4;932,1;931,4;1601;29,2;19,3;32,4;29,1;20;17,6;57;43;55;171;5,1;1,3;
2026/04/03;1900 UTC;;931,7;931,8;931,4;529,2;21,8;19,8;29,2;21,8;21,9;19,3;88;55;88;349;9,8;5,7;
2026/04/03;2000 UTC;;931,3;932,1;931,3;196,8;21,4;19,7;22,1;21,2;20,9;19,4;94;88;90;350;10,9;2,5;
2026/04/03;2100 UTC;;931,1;931,5;931;760,2;24,4;20,8;24,4;21,4;21,2;19,8;92;80;80;81;5,2;2,7;
2026/04/03;2200 UTC;;932;932;931,1;125,1;22;19,6;24,5;21,9;20,9;19;88;73;87;125;4,5;1,9;
2026/04/03;2300 UTC;;932,3;932,3;932;;21,7;19,8;22,8;21,7;20;19,3;90;81;89;54;4,5;1,8;
2026/04/04;0000 UTC;;932,9;932,9;932,3;;20,8;19,7;21,8;20,7;20,1;19,5;94;88;94;28;2,8;2;
2026/04/04;0100 UTC;;933,4;933,4;932,9;;20,3;19,7;21,1;20,3;20,2;19,6;96;94;96;26;4,4;2;
2026/04/04;0200 UTC;;934;934,1;933,4;;20,5;19,9;20,8;20,3;20,2;19,8;97;95;97;45;4,3;2,3;
2026/04/04;0300 UTC;;933,8;934,1;933,7;;20,8;19,8;20,9;20,2;20,2;19,8;98;94;94;43;4,3;2,9;
2026/04/04;0400 UTC;;933,5;933,8;933,5;;20,8;19,5;20,8;20,5;19,9;19,4;96;92;92;54;4,3;2,8;
2026/04/04;0500 UTC;;933,2;933,5;933,1;;20,8;19,4;20,9;20,6;19,6;19,3;93;92;92;59;5,8;3,9;
2026/04/04;0600 UTC;;932,6;933,2;932,6;;20,9;19,2;21,1;20,6;19,4;19,2;92;89;90;59;5,8;3,4;
2026/04/04;0700 UTC;;932,4;932,6;932,3;;20,1;19,2;21,3;20,1;19,4;19,2;94;89;94;43;5,6;4,2;
2026/04/04;0800 UTC;;932,4;932,4;932,3;;19,8;19,2;20,1;19,8;19,3;19,1;96;94;96;19;5,6;3,2;
2026/04/04;0900 UTC;;932,6;932,6;932,3;;20,2;19,3;20,2;19,8;19,4;19,2;97;95;95;21;4,3;3,2;
2026/04/04;1000 UTC;;933,2;933,2;932,6;13,2;20;19,4;20,5;19,6;19,4;18,6;96;92;96;39;4,2;2,3;
2026/04/04;1100 UTC;;934;934;933,2;384;22,7;20;22,8;20;20,4;19,4;96;84;84;46;4,6;2,5;
2026/04/04;1200 UTC;;934,6;934,6;934;1140,4;25,4;20,8;25,4;22,6;21,1;19,8;86;75;76;49;5,3;3,7;
2026/04/04;1300 UTC;;935;935;934,6;1786,5;27,9;21,9;27,9;25,3;22,2;20,7;78;68;70;45;5,5;3,2;
2026/04/04;1400 UTC;;934,7;935;934,7;2244,8;29,4;21,4;29,9;27,9;22,4;19,9;70;58;62;18;5,1;2,2;
2026/04/04;1500 UTC;;934,1;934,7;934,1;2370;30;20,1;30,9;28,2;22,3;19,3;65;52;55;59;6,1;2,3;
2026/04/04;1600 UTC;;933,2;934,1;933,2;2644,5;30,7;19,8;31,8;29,3;22,5;19;61;48;52;24;5,2;2,5;
2026/04/04;1700 UTC;;932,2;933,2;932,2;1523,5;29,6;21,4;32,7;29,4;21,4;18,1;61;48;61;358;4,9;2,8;
2026/04/04;1800 UTC;;931,4;932,2;931,4;2429,4;30,1;19,5;31;29,1;22,6;19,5;66;53;53;260;6,5;1,7;
2026/04/04;1900 UTC;;930,9;931,4;930,9;1731,8;27,7;20,1;30,8;27;21,8;19,8;68;53;63;191;7,1;2,7;
2026/04/04;2000 UTC;;931,1;931,1;930,9;1274,5;27,8;20,3;28,4;27,1;21,2;19,7;67;61;64;132;7;3,6;
2026/04/04;2100 UTC;;931,4;931,4;930,9;451,9;25,6;20,6;27,8;25,6;20,7;19,7;74;63;74;90;7,5;2;
2026/04/04;2200 UTC;;931,8;931,8;931,3;18,7;23,2;18,7;25,7;23,2;20,5;18,6;75;69;75;44;9,6;4,1;
2026/04/04;2300 UTC;;932;932,2;931,8;;22,4;18,3;23,4;22,3;18,7;17,9;78;72;78;47;6,9;4,5;
2026/04/05;0000 UTC;;933,5;933,6;932;;22;18,6;22,7;22;18,6;18,1;81;76;81;314;6,3;2,4;
2026/04/05;0100 UTC;;933,5;933,5;933,2;;21,5;18,5;22,1;21,5;18,6;18,3;83;80;83;123;3,3;1;
2026/04/05;0200 UTC;;933,4;933,5;933,2;;20,8;19,9;21,5;20,7;20;18,5;94;83;94;357;2,8;,9;
2026/04/05;0300 UTC;;933,7;933,8;933,3;;20,1;19,5;20,9;19,9;20;19,3;97;94;96;334;3,9;1,4;
2026/04/05;0400 UTC;;933,6;934;933,5;;20,2;19,4;20,2;20;19,7;19,4;97;96;96;185;2,8;,6;
2026/04/05;0500 UTC;;933,2;933,6;933,2;;20,5;19,2;20,5;19,7;19,9;19,1;98;93;93;103;2,5;1,5;
2026/04/05;0600 UTC;;933,2;933,3;933,1;;20;19,6;20,9;19,9;19,6;18,7;97;90;97;229;2,6;,5;
2026/04/05;0700 UTC;;933,1;933,2;933,1;;19,6;;20;19,6;;;;;;325;2,3;,3;
2026/04/05;0800 UTC;;932,9;933,1;932,8;;19,9;19,9;19,9;19,6;19,9;19,6;100;100;100;359;1,9;,6;
2026/04/05;0900 UTC;;932,8;933;932,8;;19,9;19,5;20;19,7;20;19,5;100;97;97;52;1,7;1,4;
2026/04/05;1000 UTC;;933;933;932,8;17,5;19,5;;20;19,4;19,5;19,1;100;96;;30;3,6;2,2;
2026/04/05;1100 UTC;;933,5;933,5;933;482,2;23,6;20,6;23,6;19,5;20,8;19,6;100;83;83;33;3,8;2,1;
2026/04/05;1200 UTC;;933,8;933,9;933,5;1319,4;27,2;20,7;27,2;23,4;21,2;19,5;84;66;67;32;3,6;1,9;
2026/04/05;1300 UTC;;934;934,1;933,8;2084,6;28,1;19,7;29,1;27;21,6;18,8;70;56;60;70;4,5;2,6;
2026/04/05;1400 UTC;;934,1;934,1;934;1778,6;28,8;20,3;29,1;28;21,1;19,5;64;59;60;28;5,5;2,3;
2026/04/05;1500 UTC;;933,7;934,1;933,7;2046,2;29,2;19,8;30,7;28,8;21,1;19,5;62;54;57;353;4,7;2,3;
2026/04/05;1600 UTC;;933,1;933,7;933,1;857,7;24,2;18,5;29,2;24,2;21,3;18,5;73;57;71;62;10,6;6,9;
2026/04/05;1700 UTC;;932,4;933,1;932,4;146,5;20,1;19;24,3;19,7;19,6;16,3;93;69;93;287;11,3;2,9;
2026/04/05;1800 UTC;;931,4;932,4;931,4;383,7;21,5;20,4;21,5;19,9;20,6;19;97;93;93;353;4,7;,3;
2026/04/05;1900 UTC;;931,7;931,8;931,3;512,9;22,7;21,4;23,2;21,5;21,4;20,2;94;86;92;129;3;1,7;
2026/04/05;2000 UTC;;931,4;931,7;931,4;215,6;22,8;21,8;23,1;22,6;21,8;21;94;89;94;51;3;1,1;
2026/04/05;2100 UTC;;932,4;932,4;931,4;162,2;22,2;21;23;22,2;22;21;95;92;93;28;8,7;5,6;
2026/04/05;2200 UTC;;933;933,1;932,4;9,5;20,4;19,4;22,2;20,3;20,9;19,2;95;88;94;46;9,2;5,8;
2026/04/05;2300 UTC;;933,2;933,2;932,9;;19,8;19,4;20,4;19,7;19,5;19,1;98;94;98;36;8,3;3,8;
2026/04/06;0000 UTC;;933,3;933,4;933,2;;19,9;19,4;19,9;19,7;19,9;19,4;100;97;97;30;5,8;2,7;
2026/04/06;0100 UTC;;933,7;933,7;933,3;;19,7;19,7;20;19,6;19,7;19,3;100;96;100;240;4,1;1;
2026/04/06;0200 UTC;;933,6;933,7;933,5;;19,8;19,6;19,8;19,6;19,8;19,6;100;99;99;21;3,6;2,2;
2026/04/06;0300 UTC;;933,6;933,8;933,5;;19,9;19,9;20;19,7;19,9;19,2;100;96;100;24;4;1,8;
2026/04/06;0400 UTC;;933;933,6;933;;19,5;19,5;20;19,5;19,9;19,5;100;97;100;83;2,4;1,1;
2026/04/06;0500 UTC;;932,3;933;932,3;;19,5;18,7;19,7;19,4;19,5;18,6;100;95;95;30;3,8;2,7;
2026/04/06;0600 UTC;;932;932,3;931,9;;19,2;18,7;19,7;19;18,9;18,4;97;94;97;31;4,1;,9;
2026/04/06;0700 UTC;;931,5;932;931,5;;19,1;19,1;19,4;18,8;19,1;18,3;100;97;100;75;4,4;2,1;
2026/04/06;0800 UTC;;932,1;932,1;931,2;;19,4;18,8;19,5;18,7;;;;;96;83;4,3;2,9;
2026/04/06;0900 UTC;;932,6;932,6;931,9;;19,1;18,9;19,6;18,9;18,9;18,5;99;95;99;29;5;2,3;
2026/04/06;1000 UTC;;932,7;932,7;932,4;15,6;19,2;18,9;19,4;19,1;19;18,6;99;96;98;57;5;1;
2026/04/06;1100 UTC;;932,8;932,9;932,7;257,9;19,9;19,1;20,2;19,2;19,3;18,9;98;94;95;41;4,3;2,9;
2026/04/06;1200 UTC;;933,5;933,5;932,8;655,1;21,2;20,1;21,6;19,9;20,6;19,1;97;91;93;44;6,1;4,4;
2026/04/06;1300 UTC;;933,8;933,8;933,5;1409,4;25,3;21,5;25,3;21,2;21,8;20;93;75;79;48;6,2;4,3;
2026/04/06;1400 UTC;;933,8;933,9;933,8;1602,5;26,4;20,8;26,4;24,9;21,3;19,9;79;71;71;43;6,2;4;
2026/04/06;1500 UTC;;933,2;933,7;933,2;2465,8;29,2;20,9;29,2;26,4;21,9;20,2;74;59;61;45;7,4;4,2;
2026/04/06;1600 UTC;;932,8;933,2;932,8;2331,1;29,9;20,6;30,9;28,7;21,7;19,3;62;54;57;36;7,9;4;
2026/04/06;1700 UTC;;932;932,8;932;2769,8;30,5;21,3;31,1;29,5;21,5;20;60;54;58;56;7,2;4;
2026/04/06;1800 UTC;;931,1;932;931,1;1316,1;28,7;20,2;30,6;28,4;21,7;18,3;64;54;60;6;6,8;2,1;
2026/04/06;1900 UTC;;930,5;931,1;930,5;1344,8;28,9;20,5;30,3;28,8;21,9;18,2;64;48;61;102;4,2;1,7;
2026/04/06;2000 UTC;;930,8;930,8;930,1;365,9;26,4;21,2;28,9;26,3;21,5;20,1;75;59;73;355;5,5;2,1;
2026/04/06;2100 UTC;;930,7;932,2;930,7;109,3;20,1;;26,4;18,7;;;;;;144;21,8;2,3;
2026/04/06;2200 UTC;;931,2;931,2;930,5;48,4;21;;21,6;20,1;;;;;;67;5,9;4,2;
2026/04/06;2300 UTC;;932,5;932,5;931,1;2,8;21,1;19,7;22,3;21;21,4;19,7;100;89;92;8;8,8;6,2;
2026/04/07;0000 UTC;;932,4;932,5;932,2;,7;20,8;20,5;21,1;20,3;20,5;19,4;98;92;98;53;10,9;3,9;
2026/04/07;0100 UTC;;933;933;932,4;,2;20,6;19,9;20,9;20,6;20,6;19,9;99;96;96;39;5,7;4,3;
2026/04/07;0200 UTC;;933,4;933,5;933;,3;20,9;20,4;21;20,6;20,4;19,8;97;93;97;60;6,9;3,5;
2026/04/07;0300 UTC;;933,9;934,2;933,4;,1;21,1;20,3;21,2;20,8;20,6;20,3;99;95;96;17;7,8;5,3;
2026/04/07;0400 UTC;;933,6;933,9;933,5;0;20,5;20,5;21,1;20,3;20,5;19,6;100;93;100;64;11,4;2,8;
2026/04/07;0500 UTC;;932,5;933,6;932,5;;20,5;20,2;20,6;20,5;20,6;20,2;100;98;98;69;4,8;3,6;
2026/04/07;0600 UTC;;932;932,5;932;;20,1;19,8;20,5;20,1;20,4;19,8;100;97;99;43;5,7;4,4;
2026/04/07;0700 UTC;;931,9;932;931,7;;19,6;;20,1;19,6;;;;;;47;5,7;3,3;
2026/04/07;0800 UTC;;932;932,1;931,9;;19,8;;19,8;19,6;;;;;;50;5,8;4,6;
2026/04/07;0900 UTC;;932,4;932,4;932;;20;19,5;20,1;19,6;;;;;97;51;6;4,7;
2026/04/07;1000 UTC;;933;933;932,4;10,4;20;19,7;20;19,7;19,7;19,4;99;97;98;40;6;3,9;
2026/04/07;1100 UTC;;933,7;933,7;933;461,1;23,1;20,7;23,2;20;21,2;19,7;98;86;86;43;6;3,3;
2026/04/07;1200 UTC;;934,6;934,6;933,7;781,6;24,1;21,3;24,3;22,9;21,8;20,6;90;83;84;5;4,6;2,6;
2026/04/07;1300 UTC;;934,8;934,8;934,6;1690,1;27,4;22,5;27,4;24,1;22,5;20,8;85;73;75;350;5,6;3,3;
2026/04/07;1400 UTC;;934,5;934,8;934,5;2216,7;28,4;20,7;29,1;27,3;22,8;20,3;75;61;63;307;5,8;3,3;
2026/04/07;1500 UTC;;934,3;934,5;934,3;1824,1;29;20,3;29,6;28,3;21,4;19,3;64;56;59;326;5,6;3,2;
2026/04/07;1600 UTC;;933,5;934,3;933,5;2161,6;29,4;19,3;30,9;29;21;19;62;51;55;307;6,7;4,3;
2026/04/07;1700 UTC;;932,5;933,5;932,5;1645,2;28,6;20,9;29,4;28,6;21,7;19;65;54;63;333;6,6;3,8;
2026/04/07;1800 UTC;;931,3;932,5;931,3;2146,7;28,7;21;30,9;28,3;22,2;19;65;52;63;353;5,9;2,3;
2026/04/07;1900 UTC;;930,7;931,3;930,7;1787,1;29,7;19,5;31,2;28,6;21,8;18,1;63;50;55;355;6,7;3,7;
2026/04/07;2000 UTC;;930,7;930,7;930,6;1274,1;29,7;18,1;30,4;28,3;20,5;16,8;58;48;50;345;6,5;2,6;
2026/04/07;2100 UTC;;931,2;931,2;930,7;159,1;26;21,3;29,7;26;21,3;17,7;76;49;76;344;3,8;1,2;
2026/04/07;2200 UTC;;931,9;931,9;931,2;11;24,4;18,9;26;24,4;21,6;18,9;79;71;72;359;5,9;3,5;
2026/04/07;2300 UTC;;932,8;932,8;931,8;;23,6;19,9;24,4;23,2;19,9;18,9;80;72;80;313;5,6;3,1;
2026/04/08;0000 UTC;;933,8;933,8;932,8;;22,8;20,6;23,6;22,8;20,6;19,6;87;79;87;47;6,2;2,4;
2026/04/08;0100 UTC;;934,1;934,2;933,8;;22,9;20,9;23;22,8;20,9;20,6;89;87;89;18;4,6;2,9;
2026/04/08;0200 UTC;;934;934,3;934;;22,2;21;22,9;22,2;21,1;20,9;93;89;93;281;4,1;1,6;
2026/04/08;0300 UTC;;933,7;934;933,7;;21,8;20,9;22,2;21,7;21,1;20,7;96;93;94;23;2,4;1,5;
2026/04/08;0400 UTC;;933,6;933,7;933,6;;21;20,5;21,9;21;20,9;20,4;97;94;97;118;2,8;1;
2026/04/08;0500 UTC;;933,3;933,7;933,3;;21,3;21,1;21,4;20,8;;;;;99;77;2,3;1,6;
2026/04/08;0600 UTC;;932,8;933,3;932,7;;21;20,7;21,4;20,5;21,1;20,3;100;97;98;95;2,2;1,5;
2026/04/08;0700 UTC;;932,6;932,8;932,6;;21;20,3;21,2;20,8;20,7;20,1;98;96;96;68;4,5;3;
2026/04/08;0800 UTC;;932,3;932,6;932,2;;20,4;20;21;20,1;20,4;19,9;100;96;98;31;5;2,8;
2026/04/08;0900 UTC;;932,6;932,6;932,3;;20,3;20,3;20,4;20,1;20,4;19,9;100;98;100;35;3,8;2,6;
2026/04/08;1000 UTC;;933,1;933,1;932,5;7,5;20,6;20,2;20,6;20,3;20,5;20,1;100;97;97;42;4,5;3,8;
2026/04/08;1100 UTC;;933,7;933,7;933,1;182,3;21,4;20,6;21,4;20,6;20,6;20,1;97;95;95;47;5,1;3,6;
2026/04/08;1200 UTC;;934,4;934,4;933,7;554,7;23,4;21,6;23,4;21,4;21,8;20,6;95;89;89;9;5,1;2,1;
2026/04/08;1300 UTC;;934,9;934,9;934,4;565,5;24,2;22,1;24,2;23,4;22,5;21,3;90;87;88;66;3,6;1,2;
2026/04/08;1400 UTC;;934,6;934,9;934,6;2160,8;28,1;21,7;29;24,1;23,9;20,6;89;64;68;293;4,5;2,6;
2026/04/08;1500 UTC;;933,7;934,6;933,7;2943,5;29,8;21,9;30,4;27,9;22,7;20,6;70;59;63;293;6,3;3,7;
2026/04/08;1600 UTC;;932,7;933,7;932,7;2314,8;30,8;20,9;30,8;28,3;22,6;20,5;68;56;56;266;7,9;3,9;
2026/04/08;1700 UTC;;931,7;932,7;931,7;3052,7;30,9;18,5;31,3;29;21,9;17,6;60;43;47;271;8,3;5,2;
2026/04/08;1800 UTC;;931;931,7;931;2720,6;30,4;20;31,5;29,5;21,1;18,2;56;46;54;257;7,7;4,2;
2026/04/08;1900 UTC;;930,5;931;930,5;2026,7;30,2;20,3;31,3;29,4;21;19,6;60;52;55;263;7,1;4,4;
2026/04/08;2000 UTC;;930,4;930,7;930,4;1071,6;28,7;19,9;30,6;28,6;21,4;19,5;61;55;59;271;7,5;3,8;
2026/04/08;2100 UTC;;930,7;930,8;930,4;329,4;24,7;20,5;29,2;24,6;21,1;19,9;77;59;77;28;8,3;5,1;
2026/04/08;2200 UTC;;931,2;931,3;930,7;33,7;23,4;20,9;24,7;23,4;20,9;20,4;86;77;86;348;7,7;2,6;
2026/04/08;2300 UTC;;932,1;932,2;931,1;;23,4;20,7;23,5;22,7;21,1;19,9;89;83;85;115;5;1,9;
2026/04/09;0000 UTC;;932,6;932,6;932;;22,1;21,8;23,4;21,9;21,8;20,7;98;85;98;62;3,8;1,4;
2026/04/09;0100 UTC;;932,8;932,9;932,6;;21,8;21,2;22,2;21,7;21,8;21,2;98;96;97;80;3,6;1,9;
2026/04/09;0200 UTC;;932,6;932,9;932,6;;21,2;20,9;21,8;21,2;21,3;20,9;100;97;98;34;4,5;3,4;
2026/04/09;0300 UTC;;932,4;932,6;932,4;;20,8;;21,2;20,7;21;20,7;100;98;;35;4,5;,7;
2026/04/09;0400 UTC;;932,5;932,6;932,4;;20,7;20,7;21;20,7;21;20,7;100;99;100;23;4;2,8;
2026/04/09;0500 UTC;;932,1;932,5;932;;20,8;20,5;20,8;20,6;20,7;20,5;100;98;98;37;4,3;3,3;
2026/04/09;0600 UTC;;932,3;932,4;932,1;;20,4;;20,9;20,3;20,5;20,3;100;97;;53;4,5;2,9;
2026/04/09;0700 UTC;;932,4;932,4;932,2;;20,4;;20,4;19,9;;;;;;39;3,8;1,8;
2026/04/09;0800 UTC;;932,4;932,5;932,3;;20,3;20,3;20,4;19,9;20,4;19,6;100;98;100;22;4,9;2,3;
2026/04/09;0900 UTC;;932,6;932,6;932,4;;20;19,6;20,5;20;20,4;19,5;100;97;97;30;3,5;2,4;
2026/04/09;1000 UTC;;932,9;932,9;932,6;13,4;19,9;19,9;20,1;19,6;19,9;19,4;100;97;100;39;3,7;1,9;
2026/04/09;1100 UTC;;933,3;933,3;932,9;487,7;23,7;20,7;23,8;19,9;21,2;19,9;100;82;83;131;2,8;,5;
2026/04/09;1200 UTC;;933,7;933,8;933,3;1237;25,3;21,6;25,7;23,7;21,9;20,8;87;76;80;152;3,3;1,7;
2026/04/09;1300 UTC;;934,3;934,3;933,7;2117,2;27;21,8;27;25,2;22,6;20,9;81;73;73;135;5,4;3,2;
2026/04/09;1400 UTC;;934,2;934,3;934,2;2824,9;27,8;21,4;28,3;25,9;23;21,1;79;68;68;143;6,2;2,9;
2026/04/09;1500 UTC;;933,8;934,2;933,8;3013,3;28,8;20,5;29,5;27,8;23;20,5;73;60;61;193;5,8;1,9;
2026/04/09;1600 UTC;;933;933,8;932,9;2295,5;28,3;20,6;29,6;27,9;22,2;19,8;67;59;63;179;5,5;2,1;
2026/04/09;1700 UTC;;931,7;933;931,7;2110,1;28,7;20,4;31,6;28;22,5;19,5;67;52;61;216;4,7;1,9;
2026/04/09;1800 UTC;;930,7;931,7;930,7;2420,8;30,9;19,8;31,1;28,7;21,3;18,6;62;52;52;215;5,2;2,8;
2026/04/09;1900 UTC;;930,4;930,7;930,4;1536,1;29,8;21,4;31,1;28,5;22,2;19;65;49;61;203;6,1;3,1;
2026/04/09;2000 UTC;;930,4;930,4;930,1;1339,7;28,5;20,3;30,1;28,3;22,1;19,8;63;58;61;183;7,2;2,7;
2026/04/09;2100 UTC;;930,7;930,8;930,4;480,5;26,1;20,4;28,9;25,9;20,9;19,7;71;59;71;353;5,1;2,6;
2026/04/09;2200 UTC;;930,9;930,9;930,5;33,8;23,2;19,8;26,4;23,1;20,6;19,7;84;70;81;30;5,5;2,6;
2026/04/09;2300 UTC;;931,7;931,7;930,9;;23,1;20,3;23,5;23,1;20,3;19,5;84;79;84;321;5,5;1,2;
2026/04/10;0000 UTC;;932,4;932,4;931,7;;22,6;20,5;23,1;22,5;20,8;20,2;89;84;88;7;4,9;2,4;
2026/04/10;0100 UTC;;932,8;932,8;932,4;;22,2;21,1;22,6;22,1;21,1;20,5;93;88;93;99;3,5;,5;
2026/04/10;0200 UTC;;933,1;933,1;932,8;;22,3;21,1;22,3;21,7;21,5;20,6;95;93;93;56;2,4;1,3;
2026/04/10;0300 UTC;;933;933,1;932,9;;21,9;20,6;23;21,9;21,3;20,6;93;88;93;53;3,3;1,9;
2026/04/10;0400 UTC;;932,7;933;932,7;;21,4;20,7;21,9;21,2;21;20,4;96;93;96;51;3,2;2,7;
2026/04/10;0500 UTC;;932,4;932,8;932,4;;21,1;20,6;21,4;21;21;20,6;99;96;97;47;3,2;2,2;
2026/04/10;0600 UTC;;932,1;932,4;932,1;;21,6;20,8;21,7;21;21,5;20,6;100;96;96;77;3,3;2,5;
2026/04/10;0700 UTC;;931,7;932,1;931,7;;20,5;20,5;21,6;20,5;20,8;20;100;95;100;41;3,8;2,8;
2026/04/10;0800 UTC;;932,1;932,1;931,7;;20,3;;20,5;20,2;;;;;;36;4,3;3;
2026/04/10;0900 UTC;;932,5;932,5;932,1;;21;20,4;21,2;20,3;;;;;96;79;4;2,2;
2026/04/10;1000 UTC;;933,1;933,1;932,5;9,6;21;20,6;21,2;20,9;20,8;20,4;98;96;98;56;3,7;2,2;
2026/04/10;1100 UTC;;934;934;933,1;469,9;23,3;21,1;23,4;20,9;21,6;20,6;99;88;88;121;4;1,6;
2026/04/10;1200 UTC;;934,6;934,6;934;1287,7;25,2;21,8;25,8;22,9;22,4;20,7;90;79;81;83;5;3,2;
2026/04/10;1300 UTC;;934,8;934,9;934,6;2014,5;27,9;22,3;27,9;25,2;22,4;21,6;82;72;72;78;5,5;3;
2026/04/10;1400 UTC;;934,6;934,9;934,6;2293,3;28,1;21,3;28,7;26,8;22,4;20,6;74;64;67;47;5,9;3;
2026/04/10;1500 UTC;;933,9;934,6;933,9;2625,8;29,8;21,3;29,8;27,5;21,8;20,2;68;58;60;47;5,8;2,6;
2026/04/10;1600 UTC;;933;933,9;933;3095,8;30,2;19,3;31,5;28,6;21,2;19,1;62;49;52;2;6,4;1,9;
2026/04/10;1700 UTC;;931,9;933;931,9;3038;30,9;18,2;31,9;30,2;19,9;18,1;53;46;47;96;5,2;1,4;
2026/04/10;1800 UTC;;930,9;931,9;930,9;2457,3;30,6;18,5;33;30,2;19,7;18,1;50;43;49;11;5,3;2,3;
2026/04/10;1900 UTC;;930,4;930,9;930,4;1737,9;30,5;18,6;32,6;30,5;19,1;17,3;49;43;49;342;4,2;1,1;
2026/04/10;2000 UTC;;930,8;930,8;930,2;300,2;23,5;20;30,5;23,5;20,4;18,2;81;48;81;168;12,5;3,4;
2026/04/10;2100 UTC;;931,8;931,8;930,8;209,2;23,2;20,1;24,1;23,2;21;19,7;84;78;83;299;6,9;3,7;
2026/04/10;2200 UTC;;931,9;932,2;931,4;10,9;22,3;19,7;23,2;22,2;20,1;18,7;85;79;85;49;6,5;,7;
2026/04/10;2300 UTC;;932,3;932,3;931,9;;21,7;20,2;22,3;21,4;20,2;19,5;92;85;91;284;2,6;,4;
2026/04/11;0000 UTC;;933,4;933,4;932,3;;22;19,6;22,2;21,3;20,8;19,4;92;86;86;86;9,3;3,6;
2026/04/11;0100 UTC;;933,2;933,4;933;;22,2;19,1;22,3;21,5;19,6;18,3;86;80;82;76;8;3,1;
2026/04/11;0200 UTC;;933,2;933,3;933,1;;21,1;19,2;22,8;20,5;19,3;18,3;92;76;89;63;4,3;1,1;
2026/04/11;0300 UTC;;932,9;933,3;932,9;;22,8;19,5;23,2;20,7;19,5;18,5;90;80;82;106;4;2,3;
2026/04/11;0400 UTC;;932,8;933;932,8;;21,8;20;22,8;21,5;20;19,5;90;82;89;136;5,4;3,2;
2026/04/11;0500 UTC;;932,5;932,8;932,5;;21,2;20;21,8;21,2;20,1;19,9;93;89;93;115;5;2,2;
2026/04/11;0600 UTC;;932,2;932,5;932,2;;21,2;20,2;21,3;21,1;20,4;20;95;93;94;104;5,5;2,1;
2026/04/11;0700 UTC;;932,2;932,2;932,1;;21;20,2;21,2;20,9;20,2;20,1;95;94;95;88;4,2;2,5;
2026/04/11;0800 UTC;;932,3;932,3;932,2;;20,8;20,3;21,1;20,7;20,3;20,1;97;95;97;78;6,6;4,6;
2026/04/11;0900 UTC;;932,6;932,6;932,3;;20,6;20,3;20,8;20,6;20,3;20,2;98;97;98;85;6,6;2,9;
2026/04/11;1000 UTC;;933,1;933,1;932,6;17,8;20,9;20,4;20,9;20,5;20,6;20,2;100;97;97;67;5,7;3,7;
2026/04/11;1100 UTC;;933,8;933,9;933,1;471,2;22;20,7;22;20,8;20,8;20,2;97;92;92;65;7,1;4,9;
2026/04/11;1200 UTC;;934,1;934,2;933,8;1312,7;23,6;21;23,9;22;21,5;20,7;93;85;85;62;8,8;5,1;
2026/04/11;1300 UTC;;934,4;934,5;934,1;2117,4;26;21,2;26,1;23,6;21,8;20,9;86;74;75;72;9,9;6;
2026/04/11;1400 UTC;;934,3;934,5;934,3;2537,9;27,6;21,9;27,6;26;22;21,1;75;70;71;90;9;4,2;
2026/04/11;1500 UTC;;933,7;934,3;933,7;2970,6;29,4;21,7;29,6;27,5;22,3;21,1;71;62;63;71;8,6;4,8;
2026/04/11;1600 UTC;;933;933,7;933;3053,4;29,8;20,1;30,5;28,8;21,8;20,1;64;56;56;75;8,9;5,1;
2026/04/11;1700 UTC;;932,4;933;932,4;2915,1;31,3;20,2;31,7;29,3;21,4;19,7;58;51;52;74;8,9;3,6;
2026/04/11;1800 UTC;;931,8;932,4;931,8;2637,3;30,9;19,6;31,6;30;20,8;19,1;55;49;51;88;7,5;3,4;
2026/04/11;1900 UTC;;930,8;931,8;930,8;2165,4;30,9;18,9;31,4;30,3;20,4;18,5;54;48;49;94;6,6;3,3;
2026/04/11;2000 UTC;;930,6;930,8;930,6;1450,7;30,6;19,1;31,3;30,4;19,7;18,7;51;48;50;95;5,8;2,6;
2026/04/11;2100 UTC;;931,2;931,2;930,6;501,7;28,3;19,7;30,6;28,3;19,9;18,7;60;50;60;86;4,9;1,8;
2026/04/11;2200 UTC;;931,4;931,5;931,1;17,1;26,6;20,2;28,3;26,6;20,3;19,8;68;60;68;90;3,1;1,7;
2026/04/11;2300 UTC;;932,3;932,3;931,4;;25,4;20,1;26,6;25,3;20,3;20;73;68;72;110;3,4;2,3;
2026/04/12;0000 UTC;;932,8;932,8;932,3;;24,2;20,3;25,5;24,2;20,3;20;79;72;79;103;3,6;1,6;
2026/04/12;0100 UTC;;933,3;933,3;932,8;;24,8;20,5;24,9;24,2;20,5;20,4;79;76;77;86;4,6;2,2;
2026/04/12;0200 UTC;;933,5;933,5;933,3;;23,5;20,7;24,8;23,3;20,7;20,5;85;77;84;101;4,5;2,1;
2026/04/12;0300 UTC;;933,4;933,6;933,4;;23,8;20,2;24;23,4;20,7;20,2;84;80;80;99;5,8;3;
2026/04/12;0400 UTC;;933,2;933,5;933,2;;23,2;20,3;23,8;23,1;20,3;20,2;84;80;84;91;5,8;2,6;
2026/04/12;0500 UTC;;932,6;933,1;932,6;;22,5;20,2;23,2;22,4;20,3;20,2;87;84;87;81;5,3;3,1;
2026/04/12;0600 UTC;;932,4;932,6;932,4;;22;20,1;22,5;22;20,2;20;89;87;89;75;4,7;2,5;
2026/04/12;0700 UTC;;932,3;932,5;932,3;;22;19,9;22,2;21,5;20,1;19,7;91;88;88;65;4,5;2,9;
2026/04/12;0800 UTC;;932,5;932,5;932,3;;21,7;19,8;22;21,5;20;19,7;90;88;89;77;5;3,3;
2026/04/12;0900 UTC;;933,1;933,1;932,5;;21,5;19,9;21,7;21,4;19,9;19,8;91;89;91;89;5,3;2,1;
2026/04/12;1000 UTC;;933,8;933,8;933,1;11,6;21,5;20;21,5;21,2;20,1;19,8;93;91;91;87;4,7;2,5;
2026/04/12;1100 UTC;;934,5;934,5;933,8;480,8;23,3;20,4;23,3;21,5;20,6;20;91;84;84;83;5,8;3,4;
2026/04/12;1200 UTC;;934,8;934,9;934,5;1321,8;25,9;20,6;26;23,3;21,1;20,4;84;72;72;74;8,3;5,2;
2026/04/12;1300 UTC;;935;935;934,8;2105,3;28,1;21,1;28,2;25,9;21,4;20,3;73;63;66;53;9,4;5,8;
2026/04/12;1400 UTC;;934,6;935;934,6;2701,6;29,4;21;29,4;27,8;21,2;20,3;66;61;61;66;10,3;5,4;
2026/04/12;1500 UTC;;933,8;934,7;933,8;3086,1;30,4;20,4;30,5;29,1;21,2;19,9;62;55;55;57;9,8;5,3;
2026/04/12;1600 UTC;;933;933,8;933;2754;30,5;19,9;31,4;29,8;20,7;19,3;56;50;53;57;8,7;4,6;
2026/04/12;1700 UTC;;932,1;933;932,1;3002,4;32;19,9;32,6;30,3;20,9;18,7;54;47;49;40;9,2;4,7;
2026/04/12;1800 UTC;;931,3;932,1;931,3;2872;32,4;19;32,7;31,3;20;17,5;50;43;45;75;7;3,8;
2026/04/12;1900 UTC;;930,7;931,3;930,7;2229,7;31,9;18,4;32,5;31,1;19,4;18;48;43;45;75;6,6;3,9;
2026/04/12;2000 UTC;;930,4;930,8;930,4;1325,3;29,4;19;32,1;29,4;19,4;17,9;54;44;54;46;6,1;2,9;
2026/04/12;2100 UTC;;930,6;930,6;930,4;301,5;27,8;19,9;29,7;27,8;20,1;19,2;62;54;62;60;4,4;1,8;
2026/04/12;2200 UTC;;931,1;931,1;930,6;15,4;26,8;19,6;27,8;26,6;20,2;19,6;68;62;65;71;3,8;2,8;
2026/04/12;2300 UTC;;932;932;931,1;;25;20,1;26,8;25;20,1;19,6;74;65;74;64;3,7;2,4;
2026/04/13;0000 UTC;;932,7;932,7;932;;24,3;20;25;24,3;20,1;20;77;74;77;70;3,7;2,5;
2026/04/13;0100 UTC;;932,9;932,9;932,7;;23,5;19,9;24,3;23,4;20,1;19,8;81;77;80;57;3,5;2,5;
2026/04/13;0200 UTC;;933;933,1;932,9;;22,5;19,7;23,5;22,5;20,1;19,5;84;80;84;49;4;2,9;
2026/04/13;0300 UTC;;932,8;933;932,5;;22;19,6;22,7;22;19,8;19,5;86;83;86;45;4;2,9;
2026/04/13;0400 UTC;;932,5;932,8;932,5;;22,8;19,5;22,8;21,8;19,9;19,5;88;82;82;69;4;3;
2026/04/13;0500 UTC;;931,9;932,5;931,9;;22,6;19,4;23;22,5;19,5;19,4;83;80;82;62;4,7;3;
2026/04/13;0600 UTC;;931,5;931,9;931,5;;21,1;19,3;22,6;21;19,5;19,3;90;82;90;29;4,1;3,4;
2026/04/13;0700 UTC;;931,5;931,6;931,5;;20,9;19,4;21,1;20,8;19,5;19,3;92;90;91;42;3,9;3,3;
2026/04/13;0800 UTC;;931,8;931,8;931,4;;20,6;19,4;21;20,6;19,5;19,4;93;91;93;48;4;3,4;
2026/04/13;0900 UTC;;932,8;932,8;931,8;;21,4;19,5;21,5;20,6;19,6;19,3;93;89;89;68;4,8;3,6;
2026/04/13;1000 UTC;;933,5;933,5;932,8;7,2;20,2;19,3;21,4;19,9;19,4;18,9;95;88;94;38;4,9;3,1;
2026/04/13;1100 UTC;;934,2;934,2;933,5;297,3;21,4;19,7;21,5;20;20,3;19,1;96;90;90;115;6,7;2,2;
2026/04/13;1200 UTC;;934,2;934,4;934,1;726,3;22,7;20,2;22,8;21,4;20,5;19,8;90;85;86;108;8,2;4,9;
2026/04/13;1300 UTC;;934,9;934,9;934,2;1013,4;23,9;20;24;22,2;20,4;19,6;88;77;79;110;9;4;
2026/04/13;1400 UTC;;934,3;934,9;934,3;2766,9;26,8;20,4;27,2;23,9;20,6;19,6;79;65;68;77;8,7;5,1;
2026/04/13;1500 UTC;;933,5;934,3;933,5;3068,1;28,4;20,1;28,7;26,8;20,8;19,6;68;60;61;61;9,2;5,5;
2026/04/13;1600 UTC;;932,6;933,5;932,6;3115,8;29,2;20,7;29,5;27,6;20,9;19,7;63;58;60;66;8,5;4,2;
2026/04/13;1700 UTC;;931,2;932,6;931,2;3062,4;29,7;19,3;30,4;28,8;20,7;19,3;60;53;54;41;7,9;3,6;
2026/04/13;1800 UTC;;930,5;931,2;930,5;2276,8;29,4;18,6;30,8;29,4;20;18,4;54;49;52;72;7,1;3,3;
2026/04/13;1900 UTC;;929,9;930,5;929,8;1266,6;29,8;18,6;30,6;28,9;19,3;17,6;54;47;51;55;5;2,9;
2026/04/13;2000 UTC;;930;930;929,6;256,1;27,6;19,5;29,8;27,6;19,5;18,4;61;51;61;97;5,1;1,6;
2026/04/13;2100 UTC;;930,6;930,6;930;185,3;26,9;18,5;27,8;26,9;20,1;18,3;64;59;60;128;5,3;1,7;
2026/04/13;2200 UTC;;931,5;931,5;930,6;2,1;22,8;18,9;26,9;22,8;19,8;17,8;79;60;79;331;7,5;3;
2026/04/13;2300 UTC;;931,4;931,6;931,1;;22;20,1;22,9;22;20,3;18,9;89;78;89;34;4,8;3,7;
2026/04/14;0000 UTC;;931,8;931,8;931,3;;22,4;20;22,6;21,8;20,3;20;91;85;86;38;4,8;3,4;
2026/04/14;0100 UTC;;932,3;932,4;931,9;;21,3;20,7;22,3;21,3;20,7;20;96;87;96;48;3,5;2,4;
2026/04/14;0200 UTC;;932,4;932,5;932,3;;21,7;20,3;22,1;21,3;20,8;20,1;96;90;92;94;3,4;1,7;
2026/04/14;0300 UTC;;932;932,4;932;;21;19,8;22;21;20,3;19,6;93;89;93;48;5;3;
2026/04/14;0400 UTC;;931,8;932,1;931,8;;21;20;21,6;20,6;20,2;19,6;95;91;94;34;4,3;2,9;
2026/04/14;0500 UTC;;932;932,1;931,8;;21,1;20,1;21,1;20,8;20,2;19,9;95;94;94;10;4;1,1;
2026/04/14;0600 UTC;;931,5;932;931,5;;21;19,9;21,2;20,6;20,2;19,7;97;93;93;85;3,1;2;
2026/04/14;0700 UTC;;931;931,5;931;;20,8;19,9;21;20,2;20,2;19,6;98;93;95;111;5;3,1;
2026/04/14;0800 UTC;;931;931,2;930,9;;20,4;19,7;20,9;20,4;19,9;19,6;96;93;95;38;4,8;1,4;
2026/04/14;0900 UTC;;931,5;931,6;931;;20,1;19,4;20,4;20;19,7;19,4;97;95;96;42;3,8;2,5;
2026/04/14;1000 UTC;;931,7;931,7;931,3;21,7;20,3;18,7;20,3;20;19,4;18,6;96;90;90;72;4,9;3,1;
2026/04/14;1100 UTC;;931,7;932;931,7;480,7;22,1;18,8;22,1;20,3;18,9;18,4;90;81;82;64;5,5;3,7;
2026/04/14;1200 UTC;;931,8;931,8;931,6;898,6;23,4;18,3;23,5;22;18,8;18,1;81;73;73;75;6,2;4,4;
2026/04/14;1300 UTC;;931,7;931,8;931,5;1911,4;26,4;18,9;26,5;23,4;19,5;18;74;63;63;68;9,7;5,7;
2026/04/14;1400 UTC;;931,8;932;931,7;2729,1;27,7;18;28,2;26,3;19,4;18;65;56;56;76;9,7;4,3;
2026/04/14;1500 UTC;;931;931,8;931;3045,2;29,4;18,5;29,4;27,5;18,9;17,1;58;49;52;37;7,1;3,6;
2026/04/14;1600 UTC;;930,3;931;930,3;3165,7;29,6;15,4;30,2;28,7;18,2;15,4;52;42;42;4;6,6;2,5;
2026/04/14;1700 UTC;;929,4;930,3;929,4;2577,9;29,9;15,5;31,2;28,7;16,7;15,2;46;40;42;50;5,1;2;
2026/04/14;1800 UTC;;928,7;929,4;928,7;1382,8;29,5;17,6;32,4;28,8;17,6;14,6;49;38;49;88;4,3;1,1;
2026/04/14;1900 UTC;;928,2;928,7;928,2;1618,6;29,7;16;30,9;29,1;17,4;15,6;49;40;44;177;2,8;1,4;
2026/04/14;2000 UTC;;928,2;928,3;928,1;986,4;30,9;16,5;31,5;29,6;17,2;15,5;46;39;42;216;3;,3;
2026/04/14;2100 UTC;;928,4;928,4;928,2;261,9;27,9;18,3;30,9;27,9;18,4;16,2;56;42;56;241;1,9;1,2;
2026/04/14;2200 UTC;;928,6;928,6;928,4;13,2;25,2;19,1;28;25;19,3;18,1;70;55;69;302;6;1,2;
2026/04/14;2300 UTC;;928,9;928,9;928,6;;23,4;19,3;25,5;23,4;19,5;19;78;68;78;326;5,1;1,9;
2026/04/15;0000 UTC;;929,7;929,7;928,9;;23,2;19;23,6;22,4;19,3;18,8;81;75;77;79;2,6;1,7;
2026/04/15;0100 UTC;;929,8;929,9;929,7;;23;19,2;24,1;23;19,2;18,9;79;73;79;84;4,1;2,4;
2026/04/15;0200 UTC;;930,2;930,2;929,8;;23;18,9;23,4;22,8;19,2;18,9;80;76;77;67;4,2;3,1;
2026/04/15;0300 UTC;;929,8;930,2;929,7;;22,4;18,6;23,1;21,9;18,9;18,6;82;76;79;57;4,6;3,4;
2026/04/15;0400 UTC;;929,6;929,9;929,6;;21;18,6;22,5;20,8;18,6;18,4;87;78;86;59;4,3;2,3;
2026/04/15;0500 UTC;;929,1;929,6;929,1;;21,1;18,4;21,3;20,5;18,6;18,4;89;84;85;65;5;3,4;
2026/04/15;0600 UTC;;928,4;929,1;928,4;;20,3;18,3;21,1;20,1;18,5;18,2;90;85;89;54;5;3;
2026/04/15;0700 UTC;;928,5;928,5;928,2;;19,7;18,4;20,3;19,6;18,4;18,2;92;89;92;39;4,5;3,3;
2026/04/15;0800 UTC;;929,2;929,2;928,5;;19,7;18,3;20,3;19,7;18,6;18,2;92;89;92;36;4,2;2,5;
2026/04/15;0900 UTC;;930,5;930,5;929,2;;20,1;18,8;20,1;18,8;18,9;17,8;95;92;92;47;2,9;1,7;
2026/04/15;1000 UTC;;930,9;930,9;930,5;11,4;19,4;18,4;20,4;19,2;18,8;18,1;94;89;94;47;4,5;3,6;
2026/04/15;1100 UTC;;931,7;931,7;930,9;474,5;22,2;19;22,2;19,4;19,2;18,4;94;82;82;52;4,4;3,1;
2026/04/15;1200 UTC;;932;932,1;931,7;1305,9;24,5;18,9;24,8;22,2;19,8;18,9;84;71;71;39;6,5;4,3;
2026/04/15;1300 UTC;;932,2;932,4;932;2073;27,3;19,4;27,5;24,5;19,7;18,9;72;61;62;43;8,3;5;
2026/04/15;1400 UTC;;932,5;932,5;932,2;2635,4;29,5;19,4;29,5;27,1;19,5;17,9;62;53;55;38;7,1;3,7;
2026/04/15;1500 UTC;;932;932,5;932;3016,9;29,9;17,6;30,1;28,6;19;16,6;54;46;48;53;7,7;3,4;
2026/04/15;1600 UTC;;931,2;932;931,2;1628,2;28,9;17,3;30,9;28,3;18,3;16,4;53;44;50;53;6,4;2,3;
2026/04/15;1700 UTC;;930;931,2;930;2678,5;30,9;17,4;32,1;28,9;18;15,5;51;39;45;39;5,6;3,1;
2026/04/15;1800 UTC;;929,2;930;929,2;892;29;18,2;31,1;28,8;18,3;15,9;53;42;52;19;5,4;2;
2026/04/15;1900 UTC;;928,4;929,2;928,4;721,2;27,9;18,5;29,6;27,9;18,9;17,6;58;49;56;294;5;2,3;
2026/04/15;2000 UTC;;928,7;928,7;928,3;509,4;28,7;19,7;28,9;27,9;19,8;18,3;59;53;58;259;3,2;,9;
2026/04/15;2100 UTC;;928,5;928,8;928,4;201,1;26,4;20,4;28,7;26,4;20,7;19,7;70;58;70;151;2;,9;
2026/04/15;2200 UTC;;928,6;928,7;928,5;9,5;25;19,2;26,5;24,9;20,5;18,4;72;62;70;117;2,3;1,8;
2026/04/15;2300 UTC;;929,9;929,9;928,6;;24,8;19,7;25,3;24,3;19,9;19,1;77;69;73;89;2,4;,4;
2026/04/16;0000 UTC;;930,6;930,6;929,9;;24,4;19,2;24,9;24,1;20;19;77;71;73;346;,8;,2;
2026/04/16;0100 UTC;;931,5;931,6;930,6;;23;19,6;24,5;22,4;19,8;18,7;83;71;81;276;5,1;,4;
2026/04/16;0200 UTC;;931,3;931,6;931,3;;23,6;20,5;23,7;22,9;20,6;19,5;84;79;83;12;2;,5;
2026/04/16;0300 UTC;;931,2;931,3;931,2;;23,4;20,8;23,7;23,3;21,2;20,5;88;83;86;341;,9;,6;
2026/04/16;0400 UTC;;930,9;931,2;930,9;;21,5;20,2;23,5;21,5;20,9;20,1;93;85;93;236;2;,3;
2026/04/16;0500 UTC;;930,4;930,9;930,4;;22,1;20,5;22,7;21,5;21;19,8;93;88;91;53;1,4;,7;
2026/04/16;0600 UTC;;929,9;930,4;929,9;;21,1;20,6;22,1;21,1;20,7;19,9;97;91;97;47;3,3;2,4;
2026/04/16;0700 UTC;;929,1;929,9;929,1;;20,6;;21,1;20,6;;;;;;45;4,3;3,8;
2026/04/16;0800 UTC;;928,8;929,1;928,7;;20,6;19,4;20,7;20,5;20,7;19,4;100;93;93;47;4,7;3,8;
2026/04/16;0900 UTC;;928,8;928,8;928,7;;20,1;18,6;20,6;20,1;19,4;18,6;93;90;91;45;4,5;3,6;
2026/04/16;1000 UTC;;929,4;929,4;928,7;14;20,5;18,7;20,5;20;18,8;18,4;92;89;89;32;5;4,1;
2026/04/16;1100 UTC;;930,6;930,6;929,4;485,3;22,4;19,4;22,4;20,5;19,4;18,7;90;82;83;23;5;3,2;
2026/04/16;1200 UTC;;931,3;931,3;930,6;1126,8;24,2;19,8;24,3;22,4;20,1;19,3;83;74;77;43;5,7;3,3;
2026/04/16;1300 UTC;;931,6;931,6;931,3;1474,3;27,1;20,2;27,1;24,2;20,7;19,8;78;66;66;37;5,1;3,3;
2026/04/16;1400 UTC;;931,2;931,6;931,2;2566,5;29,4;19,6;29,5;26,9;20,6;19,2;67;55;56;17;6,4;3,2;
2026/04/16;1500 UTC;;930,5;931,2;930,4;2224,7;29,3;19,1;30,8;28,4;20,9;17,6;58;49;54;10;7,5;2,4;
2026/04/16;1600 UTC;;929,3;930,5;929,3;1313,9;30,5;18,2;30,8;28,4;19,2;18,2;57;48;48;13;6;2,8;
2026/04/16;1700 UTC;;928,6;929,3;928,6;1308,9;27,5;19,3;30,6;27,5;19,4;17,2;62;46;61;255;7,7;2,2;
2026/04/16;1800 UTC;;928;928,6;927,9;851,7;27,3;20,6;28,5;27;20,6;19,1;67;57;67;259;6,9;3,8;
2026/04/16;1900 UTC;;927,3;928;927,3;1108,5;29,4;18,7;29,4;25,8;20,7;18,4;70;52;53;297;7,1;2,4;
2026/04/16;2000 UTC;;927,5;927,5;927,2;992,2;27;19,1;30,7;27;19,5;17,7;62;47;62;163;5,7;2,6;
2026/04/16;2100 UTC;;928;928,1;927,4;185,7;25,6;19,9;27,1;25,6;20;18,9;71;62;71;14;3,6;1,7;
2026/04/16;2200 UTC;;928;928,1;927,9;7,7;24,3;19,4;26;24,3;20,1;19;74;65;74;348;4,6;1,7;
2026/04/16;2300 UTC;;928,6;928,6;928;;23,1;19,4;24,3;23,1;19,7;19,3;80;74;80;1;3,8;,9;
2026/04/17;0000 UTC;;929,3;929,3;928,5;;22,2;19,8;23,1;21,8;19,8;19,3;87;80;86;29;2;,4;
2026/04/17;0100 UTC;;929,6;929,7;929,3;;22,8;19,4;23,1;22,1;19,8;19,3;87;80;81;103;2,8;1,6;
2026/04/17;0200 UTC;;929,5;929,7;929,5;;21,1;19,5;22,8;20,8;19,8;18,7;92;81;90;28;3,8;2,8;
2026/04/17;0300 UTC;;929,5;929,5;929,4;;21,7;19,1;21,9;20,8;19,7;19,1;90;85;85;42;3,8;1,5;
2026/04/17;0400 UTC;;929;929,5;929;;21,2;18,9;21,9;21,1;19,3;18,7;87;84;87;47;1,8;1,5;
2026/04/17;0500 UTC;;928,6;929;928,6;;20,1;18,9;21,5;20,1;19;18,5;92;85;92;40;2,4;1,4;
2026/04/17;0600 UTC;;928,2;928,6;928,2;;20;18,8;20,2;19,8;18,9;18,7;94;92;92;34;3,6;3;
2026/04/17;0700 UTC;;928;928,2;927,9;;19,3;17,9;20,1;19,3;18,7;17,9;95;91;92;79;3,6;1,4;
2026/04/17;0800 UTC;;928,2;928,2;927,9;;19;17,6;20,1;18,7;19;17,6;97;91;92;265;3,3;,6;
2026/04/17;0900 UTC;;928,4;928,5;928,2;;19;19;19,1;18,1;19;17,6;100;92;100;46;3,7;2,3;
2026/04/17;1000 UTC;;928,7;928,7;928,4;10,1;18,7;18,1;19,2;18,7;19;18,1;100;95;96;46;5,5;4,7;
2026/04/17;1100 UTC;;929,6;929,6;928,7;457,9;21,4;18,7;21,4;18,6;19;18,1;97;84;85;27;5,5;3,5;
2026/04/17;1200 UTC;;930,4;930,4;929,6;944,8;23,3;19,1;23,8;21,3;19,8;18,6;85;76;78;50;6;3;
2026/04/17;1300 UTC;;930,7;930,7;930,4;1967,7;27,6;20,3;27,6;23,3;20,6;19,2;79;64;65;47;5,8;4,3;
2026/04/17;1400 UTC;;930,5;930,7;930,4;2622,8;29,3;19,5;29,8;27,6;20,3;19;64;54;56;34;6,9;3,7;
2026/04/17;1500 UTC;;929,7;930,5;929,7;2875;30,9;18,5;31;29,1;19,8;17,5;57;47;48;34;6,7;3;
2026/04/17;1600 UTC;;928,9;929,7;928,9;2204,1;30;17,8;31,5;28,9;19,1;16,6;53;43;48;16;6,3;2,7;
2026/04/17;1700 UTC;;927,9;928,9;927,9;2626,4;30,6;17,7;32,4;30;18,6;15,4;49;39;46;65;6,3;1,2;
2026/04/17;1800 UTC;;927,1;927,9;927,1;1219,7;30,3;18,4;30,7;27,9;19,7;16,7;59;46;49;265;7;3,6;
2026/04/17;1900 UTC;;926,6;927,1;926,6;2217,9;31,8;17,8;32,4;30,3;19,2;16,6;50;41;43;282;5,1;2,3;
2026/04/17;2000 UTC;;926,6;926,6;926,4;1311,4;30,6;17;31,9;30,5;17,8;16,7;46;42;44;317;4,5;1,4;
2026/04/17;2100 UTC;;927;927;926,6;492,2;27,1;20,1;31;27,1;20,3;16,6;65;42;65;295;4,8;2,3;
2026/04/17;2200 UTC;;927,3;927,3;926,9;11,4;25,3;20;27,1;25,2;20,2;20;74;65;73;341;3,7;1,6;
2026/04/17;2300 UTC;;928,4;928,4;927,3;;25,6;20,3;25,6;23,9;20,3;19,8;78;72;72;353;3,9;,3;
2026/04/18;0000 UTC;;928,6;928,6;928,4;;23,6;19,8;25,6;23,6;20,3;19,8;79;72;79;273;3,1;1,3;
2026/04/18;0100 UTC;;929,5;929,5;928,6;;23,6;20,1;23,7;22,6;20,3;19,7;85;79;81;300;3,1;1,4;
2026/04/18;0200 UTC;;929,9;930;929,5;;22,2;20,1;23,6;22;20,5;19,4;89;81;88;77;3,8;1,1;
2026/04/18;0300 UTC;;929,5;930;929,5;;22,2;19,7;23,2;22,1;20,3;19,6;88;82;86;53;1,5;,3;
2026/04/18;0400 UTC;;929,3;929,6;929,2;;21,3;19,9;22,5;21,2;19,9;19,3;92;84;92;348;2,1;1,5;
2026/04/18;0500 UTC;;928,9;929,3;928,9;;21,4;19,8;21,4;21,2;20;19,7;92;91;91;345;2,8;2,3;
2026/04/18;0600 UTC;;928,6;929;928,6;;20,4;19,3;21,4;20,3;19,8;19,1;94;90;94;355;3,1;1,2;
2026/04/18;0700 UTC;;928,5;928,7;928,5;;20,3;19,5;20,4;19,8;19,6;19;97;94;96;119;2;,6;
2026/04/18;0800 UTC;;928,6;928,6;928,5;;20,2;19,5;20,4;19,8;19,7;19,1;97;94;96;2;1,4;,7;
2026/04/18;0900 UTC;;928,8;928,9;928,5;;19,5;;20,2;19,3;19,6;18,9;100;95;;104;1,6;,6;
2026/04/18;1000 UTC;;929,3;929,3;928,7;12,5;19,9;;19,9;19,5;;;;;;259;2;,6;
2026/04/18;1100 UTC;;929,7;929,8;929,3;238,1;21;;21,1;19,9;;;;;;207;1,7;,7;
2026/04/18;1200 UTC;;929,8;929,9;929,7;698,3;21,9;21,3;22,1;21;;;;;96;344;2,6;1,4;
2026/04/18;1300 UTC;;930,2;930,2;929,7;1909,2;26,2;21,2;26,6;21,9;22,6;20,8;97;73;74;206;3;1,3;
2026/04/18;1400 UTC;;930,2;930,3;930,2;2313,8;27,6;20,8;27,9;25,9;22,2;20,3;75;66;67;202;4,3;2,1;
2026/04/18;1500 UTC;;929,6;930,2;929,6;2805,9;29,2;19,6;30,1;27,5;21,6;19,1;67;56;56;281;4,3;1,3;
2026/04/18;1600 UTC;;928,7;929,6;928,7;2670,6;30,5;18,2;31,7;28,4;20,6;17;58;44;48;229;4,4;1,2;
2026/04/18;1700 UTC;;927,8;928,7;927,8;2807,3;31,8;18;32;29,9;19,1;16,4;50;42;44;185;4,2;2,1;
2026/04/18;1800 UTC;;927;927,8;927;2709,9;32,3;18;32,3;30,9;18,2;16,1;46;40;43;203;4,4;2,1;
2026/04/18;1900 UTC;;926,3;927;926,2;2264,7;31,5;18,6;32,9;30,8;19;16,8;47;41;46;227;5,6;2,3;
2026/04/18;2000 UTC;;926;926,3;926;1242,6;29,9;19,6;31,5;29,6;20;17,7;55;45;54;211;5,4;2;
2026/04/18;2100 UTC;;926,3;926,4;926;583;28,5;19,3;30,1;28,5;19,8;18,8;58;52;57;226;4,2;1,8;
2026/04/18;2200 UTC;;926,7;926,7;926,3;50,9;26,4;19,6;28,5;26,4;19,8;19,2;67;57;67;244;3,3;2,1;
2026/04/18;2300 UTC;;927,6;927,6;926,7;;24,7;20,1;26,4;24,7;20,1;19,5;76;67;76;15;3,4;1,8;
2026/04/19;0000 UTC;;928,5;928,5;927,6;;23;20,3;25,3;22,7;20,4;19,4;86;73;85;61;5;,7;
2026/04/19;0100 UTC;;928,8;928,9;928,5;;23,3;19,8;23,5;22,6;20,3;19,8;86;80;81;41;3,5;3,2;
2026/04/19;0200 UTC;;929,3;929,3;928,8;;23,1;19,5;23,4;22,4;19,9;19,4;85;80;80;6;4,3;2,9;
2026/04/19;0300 UTC;;929,2;929,3;929,1;;22,3;19,3;23,1;21,9;19,5;19,2;85;80;83;4;5,4;3,3;
2026/04/19;0400 UTC;;929,3;929,3;929,2;;21,3;19,3;22,3;21,2;19,3;19;89;83;89;26;4,5;3,4;
2026/04/19;0500 UTC;;928,9;929,3;928,9;;21,4;19,5;21,5;20,6;19,7;18,9;92;88;89;63;4,4;2,3;
2026/04/19;0600 UTC;;928,8;928,9;928,8;;21;19,5;21,4;20,8;19,5;19,3;92;89;91;38;3,5;3,1;
2026/04/19;0700 UTC;;929,2;929,2;928,8;;20,2;19,3;21,1;20,2;19,5;19,1;94;90;94;66;3,5;1,6;
2026/04/19;0800 UTC;;929;929,2;929;;20,5;19,3;20,7;20,1;19,5;19;95;92;93;21;4,1;2,7;
2026/04/19;0900 UTC;;929,2;929,3;929;;20,3;19,2;20,6;20,2;19,5;19,1;94;93;93;37;4,1;3,2;
2026/04/19;1000 UTC;;929,9;929,9;929,2;11,9;20,1;19,2;20,4;19,2;19,4;18,2;97;92;95;76;4,1;1,2;
2026/04/19;1100 UTC;;930,4;930,4;929,9;453,5;23,2;19,2;23,2;19,7;19,6;18,3;95;78;78;61;4;2,8;
2026/04/19;1200 UTC;;931,1;931,1;930,4;1275,3;26,1;19,2;26,2;23,3;19,9;18,9;78;65;66;41;4;2,2;
2026/04/19;1300 UTC;;931,4;931,5;931,1;2008,7;28,2;19,9;28,4;26;20,5;18,7;67;61;61;16;4,3;2,3;
2026/04/19;1400 UTC;;931,4;931,6;931,4;2578,7;29,5;19,2;30;28,2;20,6;19;62;53;54;31;6;3,1;
2026/04/19;1500 UTC;;930,8;931,4;930,8;2968,1;31,1;19;31,1;29,4;19,5;17,9;54;46;49;55;6,5;1,8;
2026/04/19;1600 UTC;;930,2;930,8;930,2;3203,1;32;18;32,1;30,6;18,5;16,5;48;42;43;26;5,1;1,7;
2026/04/19;1700 UTC;;929,6;930,2;929,6;2217,6;30,5;18;32,6;30,1;19,1;16,6;49;40;47;81;4,7;1,6;
2026/04/19;1800 UTC;;929;929,6;929;1444,1;32,5;17,9;32,7;30,2;19;17,4;49;42;42;84;4,2;2;
2026/04/19;1900 UTC;;928,5;929;928,5;1030,3;30,9;17,9;32,7;30,8;18,3;16,5;47;40;46;304;4,2;,9;
2026/04/19;2000 UTC;;928,2;928,6;928,2;746,9;30,6;19,2;30,9;29,4;20;18;54;46;51;289;5,9;2,3;
2026/04/19;2100 UTC;;928,5;928,5;928,2;628,2;28,8;19,8;30,9;28,8;19,8;18,3;58;48;58;342;4;1,4;
2026/04/19;2200 UTC;;929;929;928,5;21,6;26,3;19,3;28,8;26,1;20,1;19,2;67;58;65;123;2;1,1;
2026/04/19;2300 UTC;;929,6;929,6;929;;24,9;19,6;26,4;24,3;19,6;18,7;73;64;73;84;2,9;1,5;
2026/04/20;0000 UTC;;930,2;930,3;929,6;;24,3;20,2;25,3;24,3;20,3;19,6;78;72;78;41;3;1,6;
2026/04/20;0100 UTC;;930,7;930,8;930,2;;23,1;20,7;24,9;22,9;20,8;19,8;86;77;86;119;3,6;1,3;
2026/04/20;0200 UTC;;930,7;930,9;930,7;;24,6;19,7;24,7;22,8;21,1;19,7;88;74;74;57;3,4;2,3;
2026/04/20;0300 UTC;;930,9;930,9;930,7;;22,3;20;24,8;22,3;20;19;87;70;87;44;4;3,3;
2026/04/20;0400 UTC;;931;931,1;930,9;;22,1;19,8;22,3;21,9;20,4;19,8;91;87;87;46;4,7;3,8;
2026/04/20;0500 UTC;;930,8;931;930,8;;21,1;19,5;22,3;21,1;19,8;19,3;90;85;90;43;4,4;2,9;
2026/04/20;0600 UTC;;930,8;930,9;930,7;;20,8;19,3;21,1;20,7;19,6;19,3;92;90;91;50;3,9;3,2;
2026/04/20;0700 UTC;;930,9;930,9;930,8;;20,8;18,5;21,2;20,4;19,4;18,5;92;87;87;56;4,3;3;
2026/04/20;0800 UTC;;930,8;930,9;930,7;;20,1;19;20,8;20;19;18,5;94;87;94;42;4,1;3,6;
2026/04/20;0900 UTC;;931,2;931,3;930,8;;20,2;18,3;20,4;19,9;19;18,2;94;88;89;37;5,2;4;
2026/04/20;1000 UTC;;931,8;931,8;931,2;10,2;20,1;18;20,1;19,8;18,2;18;90;88;88;54;5,1;4,1;
2026/04/20;1100 UTC;;932,4;932,4;931,8;426,8;22,1;18,8;22,1;20,1;18,8;18;88;81;81;51;5,2;4;
2026/04/20;1200 UTC;;933;933;932,4;1260;25,1;19,5;25,2;22,1;19,7;18,7;81;70;71;38;4,9;3,5;
2026/04/20;1300 UTC;;933,4;933,5;933;2008,1;28,3;20,6;28,5;25,1;20,9;19,6;72;62;63;42;4,4;2,4;
2026/04/20;1400 UTC;;933,1;933,4;933,1;2665,6;30,5;18,9;30,8;28,3;20,6;17,7;63;46;50;43;5,3;3;
2026/04/20;1500 UTC;;932,7;933,1;932,7;2969,9;30,6;19,3;31,4;29,1;20,6;17,6;58;48;51;10;6,7;2,8;
2026/04/20;1600 UTC;;932,2;932,7;932,2;2961,3;31;19,1;31,6;29,6;20,3;18,6;53;48;49;315;7,5;1,7;
2026/04/20;1700 UTC;;931,6;932,2;931,6;2844,5;31,3;19,4;32,1;30,2;20;17,8;51;44;49;346;5,5;2,5;
2026/04/20;1800 UTC;;930,7;931,6;930,7;2234,4;32,5;18,7;32,7;30;20;17,1;52;42;44;319;6,8;3,2;
2026/04/20;1900 UTC;;930,1;930,7;930,1;1971;31,7;17,9;32,5;30,6;18,1;16,5;45;40;44;57;5,7;1,7;
2026/04/20;2000 UTC;;929,7;930,2;929,5;947,2;29,9;19,2;31,9;29,3;19,5;17,7;55;43;53;187;5;1,9;
2026/04/20;2100 UTC;;929,6;929,7;929,5;281,5;27,9;20,1;29,9;27,9;20,1;19,3;62;53;62;201;2,8;1,6;
2026/04/20;2200 UTC;;930;930;929,6;13,5;25;20;27,9;25;20,4;19,8;74;63;74;158;2,8;1,5;
2026/04/20;2300 UTC;;930,5;930,5;929,9;;23,5;19,9;25;23,5;20,2;19,8;80;74;80;210;2,1;,9;
2026/04/21;0000 UTC;;931,1;931,1;930,5;;23,4;20,1;23,9;23,2;20,5;19,8;83;80;81;90;1,9;1,1;
2026/04/21;0100 UTC;;931,3;931,4;931,1;;22,6;19,8;24,9;22,5;20,1;19,3;84;72;84;114;4,3;2,9;
2026/04/21;0200 UTC;;931,1;931,5;931,1;;23,9;18,7;24,2;22,6;20;18,7;85;72;73;101;4,3;1,7;
2026/04/21;0300 UTC;;931,4;931,5;931,1;;21,4;19,6;24,1;21;19,6;18,2;90;72;90;38;4;1,9;
2026/04/21;0400 UTC;;931,5;931,6;931,4;;22,1;19,1;22,1;21,4;19,9;19,1;90;83;83;37;3,9;3,1;
2026/04/21;0500 UTC;;931,5;931,5;931,3;;21,4;19;22,4;21,2;19,5;18,8;88;81;86;53;4,2;3,1;
2026/04/21;0600 UTC;;931,4;931,5;931,3;;21,9;18,4;22,3;21,4;18,9;18,3;86;79;80;48;5,2;3,7;
2026/04/21;0700 UTC;;931,6;931,7;931,3;;21;18,2;22;21;18,4;18,2;84;80;84;36;5,2;3,6;
2026/04/21;0800 UTC;;931,7;931,8;931,6;;20,9;18,1;21,1;20,7;18,4;18;86;83;84;27;4,5;3,5;
2026/04/21;0900 UTC;;931,9;931,9;931,7;;20,4;18;21;20,4;18,1;17,9;86;83;86;47;4;3,2;
2026/04/21;1000 UTC;;932,5;932,5;931,9;8;20,4;18,1;21;20;18,2;17,7;88;84;87;53;4,7;3,7;
2026/04/21;1100 UTC;;933,4;933,4;932,5;409,1;22,8;18,2;22,8;20,4;18,3;17,3;87;75;75;43;5,6;3,6;
2026/04/21;1200 UTC;;933,8;933,8;933,4;1266,1;25,2;18,2;25,4;22,8;18,9;17,7;76;63;65;53;5;3,3;
2026/04/21;1300 UTC;;933,9;933,9;933,8;1965,5;27,7;17,6;27,9;25,2;18,8;17,4;65;54;54;50;7;4,8;
2026/04/21;1400 UTC;;933,7;934;933,7;2492,5;29,1;18;29,3;27,7;18,5;17,6;55;50;51;56;7;4,4;
2026/04/21;1500 UTC;;932,8;933,7;932,8;2857,7;29,8;18,3;30,4;29,1;18,9;17,5;52;48;50;34;7,8;3,1;
2026/04/21;1600 UTC;;932;932,8;932;2935,8;30,2;17,4;32;29,6;18,9;15,8;51;40;46;36;5,9;2,1;
2026/04/21;1700 UTC;;931,3;932;931,3;3250,8;31,5;17,2;32,2;30,2;18,3;16,5;47;40;43;40;5,9;2,9;
2026/04/21;1800 UTC;;930,8;931,3;930,7;1979,5;28,7;18,1;32,4;28,7;18,4;15,3;53;37;53;312;6,2;3,4;
2026/04/21;1900 UTC;;930,4;930,8;930,4;977,6;28,4;17,9;28,9;27,1;18,8;17,5;59;53;53;7;7,2;3,4;
2026/04/21;2000 UTC;;930,2;930,6;930,2;963,2;28,4;18,4;29;27,1;18,5;16,7;56;49;55;358;5,7;2,7;
2026/04/21;2100 UTC;;930,6;930,6;930;268,2;26,5;19,3;28,4;26,5;19,4;18,1;65;55;65;215;4,4;1,6;
2026/04/21;2200 UTC;;931;931;930,5;5,4;25,1;19,8;26,5;24,6;19,8;19,2;73;65;73;90;2,8;1,5;
2026/04/21;2300 UTC;;931,9;931,9;931;;23,2;19,8;25,1;23,2;19,8;19,2;81;72;81;6;3,8;1,7;
2026/04/22;0000 UTC;;932,6;932,6;931,9;;22,1;19,2;24,5;22,1;19,8;19,2;84;74;84;134;4,8;1,9;
2026/04/22;0100 UTC;;933;933,1;932,6;;22,9;19,3;23,5;22;19,6;19,2;84;77;80;143;3,3;1,1;
2026/04/22;0200 UTC;;933,1;933,3;933;;21,8;19,3;23,2;21,7;19,3;19;86;78;86;81;4,8;,4;
2026/04/22;0300 UTC;;933,1;933,1;932,9;;20,1;18,8;21,8;20,1;19,4;18,6;92;85;92;297;2,6;1,9;
2026/04/22;0400 UTC;;933,1;933,1;932,9;;20,8;19;20,8;20,1;19,4;18,6;93;90;90;115;2,3;,3;
2026/04/22;0500 UTC;;932,6;933,1;932,6;;20,9;18,7;20,9;20,5;19;18,4;90;87;87;119;2,7;2,2;
2026/04/22;0600 UTC;;932,6;932,6;932,5;;20,8;17,9;21,2;20,6;18,7;17,9;87;82;84;80;3,4;2,1;
2026/04/22;0700 UTC;;932,7;932,7;932,5;;20,5;17,6;21;20,3;18,4;17,2;88;80;84;79;3,6;2,2;
2026/04/22;0800 UTC;;932,3;932,7;932,3;;20;18,1;20,5;19,4;18,6;17,6;94;83;88;66;3,1;1,9;
2026/04/22;0900 UTC;;932,4;932,5;932,2;;19,8;17,1;20,3;19,8;18;17,1;88;82;85;55;3,6;2,7;
2026/04/22;1000 UTC;;932,8;932,8;932,4;9,2;19,5;17,1;20;19,2;17,5;16,9;89;83;86;49;5,4;4,3;
2026/04/22;1100 UTC;;933,4;933,5;932,8;253,2;20,9;17,4;20,9;19,3;18,2;17;91;81;81;55;5,8;2,9;
2026/04/22;1200 UTC;;933,6;933,6;933,4;1238,5;24,1;15,1;24,2;20,9;17,3;15,1;81;57;57;81;6,7;3,9;
2026/04/22;1300 UTC;;934;934;933,6;2012,4;26,8;15,9;26,8;24,1;16,3;14,8;58;51;52;92;6,5;3,2;
2026/04/22;1400 UTC;;933,7;934;933,7;2550,6;29,3;15,6;29,3;26,7;16,9;15,5;51;43;43;79;6,3;3,1;
2026/04/22;1500 UTC;;933,1;933,7;933,1;2871,8;30,1;14,3;30,4;28,6;16,1;13,7;46;37;38;114;5,2;2,1;
2026/04/22;1600 UTC;;932,4;933,1;932,4;3040,6;31,3;15,9;31,4;29,5;15,9;13,3;40;35;40;75;4,7;1,7;
2026/04/22;1700 UTC;;931,8;932,5;931,8;1311,5;31,5;15,9;31,9;29,5;16,4;14,2;43;35;39;211;5,2;1,4;
2026/04/22;1800 UTC;;931,2;931,8;931,2;2051,2;31,1;14,7;32,7;29,7;16,1;14,4;43;36;37;98;5,4;1;
2026/04/22;1900 UTC;;930,8;931,2;930,7;1635,3;30,9;14,1;31,9;29,9;16,4;13,5;43;34;36;137;6,1;2,2;
2026/04/22;2000 UTC;;930,8;930,9;930,8;635,4;30,2;15,7;30,8;28,9;16,7;14;47;36;42;89;6,1;1,7;
2026/04/22;2100 UTC;;931,2;931,2;930,7;402,8;28;16,1;30,3;28;16,1;14,7;48;40;48;92;4,1;1,4;
2026/04/22;2200 UTC;;931,8;931,8;931,2;6,9;25;16,1;28;25;16,6;15,8;58;49;58;126;4,8;2,5;
2026/04/22;2300 UTC;;932,7;932,7;931,8;;23,6;16,3;25,1;23,6;16,4;16;64;57;64;128;5,1;3,5;
2026/04/23;0000 UTC;;933,4;933,4;932,7;;22,9;15,7;23,6;22,8;16,4;15,7;66;63;64;121;5,5;3,7;
2026/04/23;0100 UTC;;933,5;933,5;933,4;;22,4;14,6;23;22,1;15,7;14,6;66;61;61;125;5,5;3,6;
2026/04/23;0200 UTC;;933,6;933,6;933,5;;21,6;13,3;22,4;21,5;14,6;13,3;62;59;59;114;5,2;1,5;
2026/04/23;0300 UTC;;933,5;933,7;933,5;;20,4;14,3;21,7;18,9;14,3;13,2;74;59;68;80;2,7;1,8;
2026/04/23;0400 UTC;;933,6;933,6;933,4;;18,9;14,6;20,7;18,9;14,7;14,2;76;67;76;41;3,4;2,4;
2026/04/23;0500 UTC;;933,1;933,6;933,1;;19,5;14,3;20,6;18,4;14,9;14,3;79;68;72;69;4,5;2,6;
2026/04/23;0600 UTC;;932,7;933,1;932,6;;19,2;14,5;19,5;18;14,8;14,2;80;72;74;65;3,7;2,6;
2026/04/23;0700 UTC;;932,7;932,8;932,7;;18,2;14,7;19,2;16,9;14,8;14;87;74;80;75;3,7;2,3;
2026/04/23;0800 UTC;;932,8;932,9;932,6;;16,6;14,3;18,6;16,6;14,7;14,2;86;77;86;46;3,4;2,4;
2026/04/23;0900 UTC;;932,7;932,9;932,7;;19;14,3;19,2;16,5;14,8;14,3;87;74;74;94;4,5;2,2;
2026/04/23;1000 UTC;;933,2;933,2;932,7;9;18,3;14,3;19;18,3;14,4;14,2;77;74;77;86;5,7;1,9;
2026/04/23;1100 UTC;;934;934;933,2;460,1;19,3;15,2;19,3;17,6;15,2;13,9;81;77;77;28;3,9;2,9;
2026/04/23;1200 UTC;;934,2;934,2;934;1303,9;24;15,6;24;19,3;15,9;15;77;59;59;85;6,1;3,6;
2026/04/23;1300 UTC;;934,6;934,6;934,2;2059;26,3;15,4;26,3;24;16;15;59;50;51;72;9,3;6,8;
2026/04/23;1400 UTC;;934,4;934,7;934,4;2611,9;28,3;15,5;28,3;26,2;16,7;15;52;46;46;68;9,3;5,5;
2026/04/23;1500 UTC;;933,5;934,4;933,5;2966,7;30;15;30;28;16,4;13,8;46;40;40;58;7,6;3,7;
2026/04/23;1600 UTC;;932,6;933,5;932,6;3101,3;30,5;13,8;30,9;29,2;14,9;11;41;31;36;86;5,8;2,4;
2026/04/23;1700 UTC;;931,9;932,6;931,9;2955,8;31;13;31,4;30;14,4;12,1;37;32;33;74;5,7;1,8;
2026/04/23;1800 UTC;;931,2;931,9;931,1;2479,8;30,9;13,5;31,6;30,5;13,9;11,9;35;31;35;29;5,3;2,9;
2026/04/23;1900 UTC;;930,8;931,2;930,8;1970,3;31,3;11,7;32;30,6;13,8;11,5;36;29;30;339;5,3;2,5;
2026/04/23;2000 UTC;;930,9;930,9;930,7;1305,8;30,7;10,5;31,8;30,7;12,3;9,8;31;26;29;33;5,4;1,5;
2026/04/23;2100 UTC;;931,1;931,1;930,9;460,2;28,6;16,1;31,6;28,6;16,1;10;47;26;47;41;2,3;,4;
2026/04/23;2200 UTC;;931,2;931,3;931,1;7,4;25,3;14,7;28,7;25;16,2;13;52;43;52;252;2,9;1,4;
2026/04/23;2300 UTC;;931,6;931,6;931,2;;23,8;15,1;25,5;23,8;15,4;14,4;59;51;58;94;3,1;,9;
2026/04/24;0000 UTC;;932,3;932,3;931,6;;22,6;14,8;24,5;22,4;15,4;13,2;62;50;61;80;1,9;,6;
2026/04/24;0100 UTC;;932,9;932,9;932,3;;21;13,6;23,4;21;14,7;13,5;64;54;63;57;4,8;2,2;
2026/04/24;0200 UTC;;932,9;933;932,9;;21,8;14,9;21,8;19,6;15,7;13,5;76;63;65;89;4,8;2,5;
2026/04/24;0300 UTC;;932,9;933;932,9;;22,3;14,7;22,9;21,5;15,1;14,4;67;61;62;86;4,3;2,6;
2026/04/24;0400 UTC;;932,8;933;932,8;;19,7;15,8;22,3;19,1;15,8;14,7;80;62;78;57;4,3;3;
2026/04/24;0500 UTC;;932,5;932,8;932,5;;18,2;15,6;20,2;18;16;15,3;85;76;85;359;3,8;2;
2026/04/24;0600 UTC;;932,4;932,6;932,4;;18,9;15,8;19,2;18,2;16,1;15,5;85;82;82;33;5,5;4,5;
2026/04/24;0700 UTC;;932,4;932,5;932,4;;19,1;16;19,1;18,5;16,2;15,8;85;82;82;43;8,1;4,6;
2026/04/24;0800 UTC;;932,2;932,4;932,2;;19,6;15,6;19,7;18,9;16,1;15,6;83;78;78;56;5,3;3,4;
2026/04/24;0900 UTC;;932,4;932,4;932,2;;19,8;16;20;19,3;16;15,6;79;77;79;60;4,3;3;
2026/04/24;1000 UTC;;932,9;932,9;932,4;5,5;19,8;16,1;19,9;19,4;16,1;15,9;81;79;79;60;4,2;3,1;
2026/04/24;1100 UTC;;933,7;933,7;932,9;376,7;22,5;17,4;22,5;19,6;17,4;16,1;80;73;73;53;4,3;3,5;
2026/04/24;1200 UTC;;933,9;933,9;933,7;1212,5;25,4;18,9;25,4;22,5;18,9;17,3;73;67;67;63;5,6;4,1;
2026/04/24;1300 UTC;;934,2;934,2;933,9;1966,1;27,8;19,3;28;25,4;19,7;18,5;67;59;60;42;6;3,9;
2026/04/24;1400 UTC;;934;934,2;934;2494,4;30,2;18,7;30,2;27,5;19,9;17,5;61;49;50;36;6,3;3,7;
2026/04/24;1500 UTC;;933,3;934;933,3;2915,4;31;15,2;31,6;29,6;18,3;14,3;50;36;38;339;6,6;3,5;
2026/04/24;1600 UTC;;932,4;933,3;932,4;3192,5;30,9;16,1;32,2;30,8;16,3;12,7;41;32;41;15;6,6;3,5;
2026/04/24;1700 UTC;;931,8;932,4;931,8;2424,4;32;14,2;33;29,8;16,1;13,7;41;32;34;344;7;3,5;
2026/04/24;1800 UTC;;931,3;931,8;931;2071,7;32,2;15;32,7;30,5;15,4;12,9;38;32;35;8;7,9;2,5;
2026/04/24;1900 UTC;;931,2;931,3;931,2;1117,2;30,1;15,4;32,3;30;16,4;14,4;42;35;41;54;8,8;2,2;
2026/04/24;2000 UTC;;931,3;931,3;931,1;1049,3;30,8;17,5;31,2;30;18,1;15,2;48;40;45;57;5,2;1,3;
2026/04/24;2100 UTC;;931,4;931,5;931,2;575;28,8;16,5;31,2;28,8;17,5;15,2;47;39;47;250;4,1;1,8;
2026/04/24;2200 UTC;;931,4;931,5;931,4;14,2;25,8;17,8;28,8;25,7;17,9;16,6;62;47;62;94;2,9;,6;
2026/04/24;2300 UTC;;931,9;931,9;931,4;;24,7;18,9;26,3;24,7;18,9;17,7;70;59;70;42;3,7;2,6;
2026/04/25;0000 UTC;;932,5;932,5;931,9;;23,5;18,9;24,7;23,5;19,3;18,9;76;70;76;33;4,1;2,8;
2026/04/25;0100 UTC;;932,6;932,6;932,5;;22,5;18,8;23,6;22,5;19;18,7;80;75;79;13;3,6;2,3;
2026/04/25;0200 UTC;;932,5;932,6;932,4;;22,5;18,6;22,6;22,2;18,8;18,6;81;78;79;357;2,6;,9;
2026/04/25;0300 UTC;;932,4;932,5;932,3;;22,1;18,8;22,9;21,8;19,1;18,5;83;78;82;19;3,2;2,8;
2026/04/25;0400 UTC;;932,2;932,4;932,2;;22,2;19,2;22,6;21,9;19,2;18,7;84;79;83;61;3,5;1,5;
2026/04/25;0500 UTC;;932;932,2;931,9;;21,7;18,9;22,3;21,5;19,1;18,6;85;80;84;38;4,8;3,8;
2026/04/25;0600 UTC;;931,9;932;931,8;;21,5;18,6;22,2;21,4;18,9;18,2;84;79;84;23;4,8;2,6;
2026/04/25;0700 UTC;;931,9;932;931,8;;21;18;21,5;21;18,7;18;85;82;83;21;3,5;2,1;
2026/04/25;0800 UTC;;931,5;931,9;931,5;;21,1;17,7;21,4;20,4;18,3;17,7;86;80;81;356;3,8;3,2;
2026/04/25;0900 UTC;;932;932;931,5;;20,9;18;21,5;20,8;18;17,7;84;79;84;22;3,9;3,3;
2026/04/25;1000 UTC;;932,5;932,5;932;8,2;20,9;18,1;21,2;20,9;18,3;18;84;83;84;39;4,4;3,2;
2026/04/25;1100 UTC;;933;933;932,5;336,4;23,3;19;23,3;20,8;19;18,1;85;76;77;22;4,3;2,2;
2026/04/25;1200 UTC;;933,4;933,4;933;1008,9;27,1;19,3;27,1;22,9;20,2;18,8;79;62;62;341;3,2;1,6;
2026/04/25;1300 UTC;;933,7;933,7;933,4;1903,6;29,6;17,3;29,8;27;19,3;15,6;62;45;48;6;2,6;1,1;
2026/04/25;1400 UTC;;933,4;933,7;933,4;2222;30,6;17,4;31;28,6;18,3;16,5;51;44;45;299;4,3;1,5;
2026/04/25;1500 UTC;;932,7;933,4;932,7;928,3;27,8;19,7;30,6;26,6;22,1;17,2;75;45;61;100;4,8;,9;
2026/04/25;1600 UTC;;932,1;932,7;932,1;551,3;23,4;20,1;27,8;23,3;21,1;18,6;82;59;82;28;6,5;3,8;
2026/04/25;1700 UTC;;931,6;932,1;931,6;607,4;23,8;20,4;25,4;23;22,2;19,8;87;77;81;24;7;5;
2026/04/25;1800 UTC;;931,1;931,7;931,1;374;23,1;19,1;23,8;22,2;20,5;18,9;85;78;79;8;8,4;4,3;
2026/04/25;1900 UTC;;930,6;931,1;930,5;802,2;25,8;20,8;25,8;23;21,6;19,2;83;72;74;340;5,6;2;
2026/04/25;2000 UTC;;930,3;930,6;930,3;1125,6;29,4;19,4;29,4;25,8;21;18,4;74;52;55;322;3,9;2;
2026/04/25;2100 UTC;;930,5;930,5;930,2;516,5;26,7;20,7;29,4;26,7;20,7;18,7;70;53;70;300;4,2;1,8;
2026/04/25;2200 UTC;;930,6;930,7;930,4;9,6;24,1;20,3;26,7;24,1;20,9;20,3;80;70;79;339;3,3;2,2;
2026/04/25;2300 UTC;;931;931;930,6;;23,9;20,4;25,5;23,9;20,4;19,5;81;69;81;53;4,8;3,3;
2026/04/26;0000 UTC;;931,4;931,5;931;;22,6;20,4;23,9;22,6;20,4;20,2;87;80;87;16;5,2;3,4;
2026/04/26;0100 UTC;;931,8;931,8;931,5;;21,8;20,2;22,6;21,7;20,5;20,1;91;87;91;24;4;2,1;
2026/04/26;0200 UTC;;931,8;931,9;931,8;;21,7;20,2;22;21,5;20,3;20,1;92;90;91;36;4,2;3,2;
2026/04/26;0300 UTC;;931,9;931,9;931,8;;21,3;19,9;21,7;21,3;20,2;19,9;93;91;92;34;4,3;3,3;
2026/04/26;0400 UTC;;931,7;931,9;931,7;;21;19,4;21,4;20,9;19,9;19,3;92;90;91;66;4,1;2,9;
2026/04/26;0500 UTC;;931,2;931,7;931,2;;20,6;19,2;21,2;20,6;19,5;19,1;92;90;92;37;4,1;3;
2026/04/26;0600 UTC;;931,2;931,2;931,1;;20,5;19,4;20,6;19,8;19,5;18,7;95;92;93;35;3,9;2,7;
2026/04/26;0700 UTC;;931,2;931,2;931;;20,4;19,2;20,5;20,3;19,4;19,2;94;93;93;48;4,8;3,3;
2026/04/26;0800 UTC;;930,8;931,2;930,8;;20;19;20,9;19,8;19,3;18,7;94;89;94;52;5,7;3,9;
2026/04/26;0900 UTC;;931,2;931,2;930,8;;20,3;18,9;20,3;20;19;18,8;94;92;92;45;4,6;3,8;
2026/04/26;1000 UTC;;932;932;931,2;4,9;19,8;19;20,4;19,7;19;18,7;95;91;95;33;4,4;3,3;
2026/04/26;1100 UTC;;932,6;932,6;932;401,1;22,3;19,9;22,3;19,8;19,9;19;95;86;86;26;4,7;3;
2026/04/26;1200 UTC;;933,1;933,1;932,6;1207;24,1;20,3;24,2;22,3;20,7;19,7;86;79;79;24;5,1;3,6;
2026/04/26;1300 UTC;;933,2;933,2;933;1955,7;27,5;20,6;27,5;24,1;21,4;19,9;82;66;66;358;4,7;2,7;
2026/04/26;1400 UTC;;933;933,2;933;2511,6;29,3;19,1;29,7;27,2;20,8;19,1;67;54;54;323;6,6;3,3;
2026/04/26;1500 UTC;;932,2;933,1;932,2;2034,1;30,4;18,2;31,1;28,2;19,6;17,8;59;46;48;325;7,9;4,5;
2026/04/26;1600 UTC;;931,5;932,2;931,5;3151,5;31,5;17,7;31,9;30,2;18,9;16,6;49;42;44;336;8,4;4,6;
2026/04/26;1700 UTC;;930,5;931,5;930,5;2778,5;31,2;17,4;31,8;29,9;18,4;16,7;47;41;44;319;7,8;4,4;
2026/04/26;1800 UTC;;929,9;930,6;929,9;2503,8;31,5;16,3;32,3;30,2;18,7;16,3;46;40;40;317;8;4,3;
2026/04/26;1900 UTC;;929,7;929,9;929,7;2001,3;31;15,8;31,7;30,9;17,1;15;43;37;40;306;7,7;4,3;
2026/04/26;2000 UTC;;929,9;929,9;929,7;1245,8;30,4;16,4;31,6;30;16,6;15,1;44;38;43;288;7,4;3,9;
2026/04/26;2100 UTC;;930;930;929,8;413,8;28,1;18,2;30,6;28,1;18,3;16,1;55;42;55;309;5,7;1,7;
2026/04/26;2200 UTC;;930,2;930,2;930;10;25,8;18,7;28,1;25,8;18,7;18,2;65;55;65;304;2,4;1,6;
2026/04/26;2300 UTC;;930,4;930,4;930,2;;24,4;18,6;25,8;24,1;18,8;18,5;71;65;70;337;2,1;1,9;
2026/04/27;0000 UTC;;931,2;931,2;930,4;;24,4;18,5;24,5;23,9;18,7;18,5;73;69;70;331;2,1;1,9;
2026/04/27;0100 UTC;;931,7;931,7;931,2;;23,6;18,4;24,6;23,2;18,8;18,4;75;69;73;307;2,6;2,3;
2026/04/27;0200 UTC;;931,7;931,8;931,7;;22,9;18,8;23,6;22,4;18,8;18,4;79;73;78;313;2,8;1,6;
2026/04/27;0300 UTC;;931,8;931,8;931,7;;21,3;19,4;22,9;21,1;19,4;18,6;90;77;89;11;2,9;1,4;
2026/04/27;0400 UTC;;931,8;931,9;931,8;;20,9;19,1;21,5;20,9;19,4;19;90;87;90;30;3,5;3,1;
2026/04/27;0500 UTC;;931,4;931,8;931,4;;20,9;19;21,3;20,8;19,2;18,8;90;87;89;357;3,5;2,8;
2026/04/27;0600 UTC;;931,1;931,4;931,1;;21,1;18,8;21,2;20,8;19;18,8;89;86;87;344;3,2;2,5;
2026/04/27;0700 UTC;;931,2;931,2;931;;20,4;18,8;21,2;20,1;18,8;18,6;92;86;91;359;3;2,6;
2026/04/27;0800 UTC;;931,3;931,3;931,1;;20;18,6;20,4;19,9;18,8;18,5;92;90;92;29;3,8;3,5;
2026/04/27;0900 UTC;;931,5;931,5;931,3;;20,1;18,7;20,1;19,8;18,8;18,6;93;92;92;33;3,8;3,4;
2026/04/27;1000 UTC;;932,4;932,4;931,5;11,6;20,3;18,8;20,3;19,8;18,8;18,5;93;91;91;34;4,5;3,4;
2026/04/27;1100 UTC;;933;933;932,4;403,6;22,9;19,9;22,9;20,3;19,9;18,9;91;83;83;29;4;2,7;
2026/04/27;1200 UTC;;933,8;933,8;933;1155;25,7;20,4;26,1;22,9;21,6;19,6;83;72;72;338;3,5;,9;
2026/04/27;1300 UTC;;934;934;933,8;1940,3;27,7;20,4;28,1;25,7;21,4;20;73;64;65;319;3,4;1,7;
2026/04/27;1400 UTC;;933,8;934;933,7;2339,5;28,6;20;29,9;27,5;21,1;19,6;66;57;60;252;5;2,7;
2026/04/27;1500 UTC;;933,1;933,8;933;1329,1;28,9;19,1;29,7;28,4;20,7;18,7;62;54;55;256;6,4;3,9;
2026/04/27;1600 UTC;;932,3;933,1;932,2;1093,1;29,4;17,8;29,8;28,6;20,1;17,6;60;49;50;309;8,3;3,9;
2026/04/27;1700 UTC;;931,5;932,3;931,5;1838,7;30,6;19,3;30,9;29;20,2;17,6;56;46;51;252;8,4;4,7;
2026/04/27;1800 UTC;;931;931,5;930,9;1435,7;28,9;19;30,7;28,9;19,7;18,3;55;49;55;261;8,3;5,2;
2026/04/27;1900 UTC;;931,5;931,8;931;507,6;23,4;20,4;28,8;23,3;20,4;19,1;83;55;83;237;15,8;5,6;
2026/04/27;2000 UTC;;932,1;932,1;931,5;396,5;23,1;20,3;23,4;23;20,5;19,8;85;82;85;189;8,2;3,3;
2026/04/27;2100 UTC;;932,5;932,5;932,1;197,6;22,3;19,9;23,1;22,3;20,3;19,8;86;84;86;173;5,7;1,6;
2026/04/27;2200 UTC;;932,5;932,7;932,2;,8;21,4;19,9;22,3;21,4;19,9;19,8;91;86;91;103;4,6;1,4;
2026/04/27;2300 UTC;;932,9;933,2;932,5;;20,5;19,5;21,4;20,5;19,9;19,5;95;91;94;250;3,5;1;
2026/04/28;0000 UTC;;933,5;933,6;932,8;;20,1;19,5;20,6;20,1;19,7;19,2;97;94;97;48;5,4;4;
2026/04/28;0100 UTC;;933,4;933,8;933,4;;20,3;19,9;20,3;20;20,1;19,5;100;97;97;66;5,4;1,6;
2026/04/28;0200 UTC;;933,3;933,5;933,3;;19,9;19,5;20,3;19,6;20;19,1;100;95;98;18;3,7;1,9;
2026/04/28;0300 UTC;;933;933,3;933;;19,9;19,4;20,1;19,7;19,8;19,3;99;97;97;33;3,6;2,8;
2026/04/28;0400 UTC;;932,5;933,1;932,5;;19,6;19,6;19,9;19,6;19,7;19,4;100;97;100;36;5,1;4;
2026/04/28;0500 UTC;;931,7;932,5;931,7;;19,6;19,1;19,8;19,3;;;;;97;43;5,3;3,8;
2026/04/28;0600 UTC;;931,3;931,8;931,3;;19,1;18,8;19,6;19,1;19,4;18,7;100;97;98;50;4,8;3,2;
2026/04/28;0700 UTC;;931,2;931,3;931;;19,1;18,7;19,3;19,1;18,9;18,7;98;97;98;21;5;2,9;
2026/04/28;0800 UTC;;931,5;931,5;931,2;;19,4;18,7;19,5;19,1;19;18,7;98;95;96;28;4,9;3,9;
2026/04/28;0900 UTC;;932;932;931,5;;18,8;18,6;19,4;18,8;18,7;18,5;99;96;99;327;4,9;,7;
2026/04/28;1000 UTC;;932,5;932,6;932;5,5;19,1;18,9;19,1;18,6;19,1;18,5;100;99;99;41;5,3;3,8;
2026/04/28;1100 UTC;;933,2;933,2;932,5;393,8;21,1;19,3;21,1;19;19,3;18,5;99;89;89;21;6;2,8;
2026/04/28;1200 UTC;;933,8;933,8;933,2;1197,5;24,2;19,8;24,2;21;19,8;18,9;89;74;76;73;3,9;2,5;
2026/04/28;1300 UTC;;934;934;933,7;1920,6;26,5;19,9;26,8;24,2;20,6;19,5;76;66;67;35;5,1;3,3;
2026/04/28;1400 UTC;;933,8;934,1;933,8;2454,8;28,5;20,5;28,5;26,5;20,5;19,3;68;60;62;53;6,3;3,8;
2026/04/28;1500 UTC;;932,9;933,8;932,9;2809,8;29,3;19,7;29,7;28;20,6;19,2;62;56;56;27;6,6;2,4;
2026/04/28;1600 UTC;;931,9;932,9;931,9;2963,8;30,6;18,8;31,1;29;20,3;18,6;57;49;49;16;6,2;3;
2026/04/28;1700 UTC;;931,3;931,9;931,3;1393,9;26,4;20,2;31,8;26,3;20,9;17,1;72;45;69;270;6,1;3,3;
2026/04/28;1800 UTC;;931;931,4;931;691;24,3;21,7;26,4;24,3;22,9;20,7;90;69;85;121;6,2;2,4;
2026/04/28;1900 UTC;;931,3;931,3;930,6;250,3;21,7;21,3;24,2;21,5;22,2;19,7;98;82;98;328;9;5,4;
2026/04/28;2000 UTC;;930,5;931,4;930,4;432;22,1;20,9;22,1;21,2;22;20,5;100;91;93;127;8,1;1,8;
2026/04/28;2100 UTC;;931,2;931,3;930,6;247,9;22,7;21,7;23,1;21,9;22,1;20,6;95;91;94;331;3,5;,8;
2026/04/28;2200 UTC;;931,4;931,6;931,2;8,3;22,2;;22,7;21,8;22;21,2;100;94;;58;2,7;,9;
2026/04/28;2300 UTC;;931,9;931,9;931,4;;21,8;;22,4;21,5;;;;;;194;2;1;
2026/04/29;0000 UTC;;932,2;932,2;931,9;;22;21,7;22;21,7;;;;;98;42;2,4;,9;
2026/04/29;0100 UTC;;933,2;933,2;932,2;;22,2;;22,4;22;22,1;21,4;100;96;;63;3,1;,9;
2026/04/29;0200 UTC;;933,1;933,4;933;;21,6;;22,4;21,6;;;;;;360;4,6;1;
2026/04/29;0300 UTC;;933,1;933,3;933,1;;21;;21,6;21;;;;;;139;2,4;1,2;
2026/04/29;0400 UTC;;932,6;933,1;932,6;;21,1;20,9;21,4;20,9;;;;;98;89;3,1;1,8;
2026/04/29;0500 UTC;;931,8;932,6;931,8;;20,5;;21,2;20,4;;;;;;51;3,1;1,5;
2026/04/29;0600 UTC;;931,2;931,8;931,2;;20,3;;20,6;20,3;;;;;;46;4,6;3,2;
2026/04/29;0700 UTC;;931,1;931,2;931,1;;20,7;;20,7;20,3;;;;;;84;4,1;1,2;
2026/04/29;0800 UTC;;930,8;931,1;930,7;;21;20,2;21,2;20,7;21,1;20,2;100;95;95;71;4,2;3,1;
2026/04/29;0900 UTC;;931,1;931,1;930,8;;20,3;20,3;21;20,3;20,4;19,9;100;95;100;53;4,2;2;
2026/04/29;1000 UTC;;931,6;931,6;931,1;12,5;20,4;20,4;20,5;20,3;20,5;20,1;100;98;100;51;4,9;3,3;
2026/04/29;1100 UTC;;932;932;931,6;466,4;22;21;22;20,4;21,2;20,4;100;94;94;48;4,8;3,7;
2026/04/29;1200 UTC;;932,6;932,6;932;1221;24,4;21,3;24,5;22;21,9;20,9;95;83;83;60;6,7;5;
2026/04/29;1300 UTC;;933,1;933,1;932,5;1701,9;26;21,5;26,2;24,2;22,2;21,1;85;75;76;53;6,7;4,3;
2026/04/29;1400 UTC;;933;933,1;933;1609,2;27,2;21,9;27,2;25,8;22,5;21,3;79;73;73;12;5,6;2;
2026/04/29;1500 UTC;;931,9;933;931,9;2273,2;30,1;21,1;30,2;27;23,1;20,6;74;59;59;50;4,9;2,2;
2026/04/29;1600 UTC;;931,2;931,9;931,2;2901,7;31;20,1;31,2;29,6;20,9;18,4;59;50;52;14;6,5;3,5;
2026/04/29;1700 UTC;;930,6;931,2;930,6;2154,4;31;19,3;31,2;29;20,7;18,7;59;49;50;15;6,5;3;
2026/04/29;1800 UTC;;929,9;930,6;929,9;1868,3;30,3;19,7;31,5;29,5;20,5;18,4;56;49;53;38;5,5;3,1;
2026/04/29;1900 UTC;;929,4;929,9;929,4;1008,3;30,5;19,9;30,8;29,2;20,6;19,1;59;52;53;23;4,9;2,8;
2026/04/29;2000 UTC;;929,6;929,6;929,3;577,3;27,8;20,6;30,5;27,8;20,7;19,6;65;53;65;49;5,3;3,6;
2026/04/29;2100 UTC;;930,4;930,4;929,5;121,5;25;20,5;27,8;25;21,2;20,1;76;65;76;208;5,9;2,1;
2026/04/29;2200 UTC;;930,4;930,9;930,4;;21,9;20;25;21,9;21;19,2;89;76;89;155;11;2;
2026/04/29;2300 UTC;;930,6;930,6;930,3;;23,4;20,2;23,6;21,9;20,8;20;89;81;82;82;3;1,9;
2026/04/30;0000 UTC;;931,3;931,3;930,6;;22,1;20,3;23,5;22,1;20,5;19,7;89;81;89;45;3,5;2,4;
2026/04/30;0100 UTC;;931,7;931,8;931,3;;22,4;20,8;22,4;22,1;20,8;20,3;91;89;90;32;3,3;2,5;
2026/04/30;0200 UTC;;931,9;931,9;931,7;;22;20,6;22,5;21,9;20,7;20,3;92;88;92;31;3,8;2,7;
2026/04/30;0300 UTC;;932,1;932,1;931,9;;22,8;20,8;23;22;20,9;20,6;92;87;89;41;3,7;2,2;
2026/04/30;0400 UTC;;931,8;932,1;931,8;;22,7;20,6;23,2;22,5;21,1;20,6;91;86;88;3;3,1;1,1;
2026/04/30;0500 UTC;;931,8;931,8;931,6;;22,9;21,1;23;21,8;21,1;20,6;94;88;89;50;6,6;3,4;
2026/04/30;0600 UTC;;931,4;931,8;931,4;;22,3;21,1;23,5;22,2;21,1;20,7;93;85;93;115;6,1;2,5;
2026/04/30;0700 UTC;;931,7;931,7;931,4;;22;21,2;22,4;22;21,4;21,1;96;93;95;240;3,5;1,4;
2026/04/30;0800 UTC;;932;932;931,7;;21,8;21;22,5;21,8;21,4;21;96;92;95;173;4,1;1,9;
2026/04/30;0900 UTC;;932,3;932,3;932;;21,3;;21,9;21,3;21,5;20,9;100;95;;112;4,1;2,1;
2026/04/30;1000 UTC;;932,6;932,6;932,3;2,1;21,7;21;21,8;21,3;21,5;20,9;100;95;95;111;4,1;2,4;
2026/04/30;1100 UTC;;933,5;933,5;932,6;116,3;22,1;21,6;22,1;21,7;21,6;21;97;95;97;113;5,1;2,8;
2026/04/30;1200 UTC;;934,1;934,1;933,5;167,1;22,1;21,2;22,2;21,9;21,7;21,1;97;94;95;105;6,1;2,9;
2026/04/30;1300 UTC;;934,5;934,5;934;520;23,2;21,9;23,2;22,1;21,9;21,1;95;92;92;109;6,6;3;
2026/04/30;1400 UTC;;934,1;934,5;934,1;1587,3;26;21,5;26;23,2;22,6;21;92;75;76;80;7,8;4,8;
2026/04/30;1500 UTC;;933,4;934,1;933,4;1327,3;26,9;20,7;26,9;25,9;21,7;19,9;77;66;69;73;7,8;4,1;
2026/04/30;1600 UTC;;932,5;933,4;932,5;2135,1;29,3;19,5;29,3;26,9;21;18,6;69;55;56;59;7,3;3,5;
2026/04/30;1700 UTC;;931,6;932,5;931,6;2667,5;30;18,7;30,2;28,7;20,2;17,6;58;48;51;59;6,9;3,1;
2026/04/30;1800 UTC;;930,8;931,6;930,8;2409,8;29,9;17,5;30,3;29,6;18,7;17;52;46;47;33;6,6;3,9;
2026/04/30;1900 UTC;;930,4;930,8;930,4;1883,2;30;17,1;30,2;29,8;18,2;16,7;49;45;46;73;5,9;2,7;
2026/04/30;2000 UTC;;930,4;930,4;930,3;1125,3;29;18,2;30;29;19,4;16,8;55;45;52;87;4,9;2,2;
2026/04/30;2100 UTC;;930,5;930,6;930,4;292,2;26,3;18,5;28,9;26,3;18,8;18,3;63;52;62;86;4,2;1,9;
2026/04/30;2200 UTC;;930,8;930,9;930,5;,5;24,8;18,8;26,3;24,5;19,4;18,5;72;62;69;80;3,8;2,6;
2026/04/30;2300 UTC;;931,4;931,4;930,8;;24;18,4;24,8;23,7;19;18,2;73;69;71;68;3,9;3;
2026/05/01;0000 UTC;;931,7;931,8;931,4;;23,3;18,7;24,1;22,3;19;18,3;81;70;75;69;4,1;2,8;
2026/05/01;0100 UTC;;931,8;932;931,7;;22,7;18,7;23,7;22,5;18,8;18,4;80;72;78;86;4;2,3;
2026/05/01;0200 UTC;;932,2;932,2;931,8;;22,3;18,3;22,8;22,2;18,8;18,3;81;78;78;73;4,6;3,4;
2026/05/01;0300 UTC;;932;932,2;932;;21,9;17,8;22,3;21,8;18,3;17,8;79;78;78;76;5,9;4,2;
2026/05/01;0400 UTC;;931,8;932;931,8;;21,3;17,3;22;21,3;17,8;17,3;78;76;78;86;6,3;2,9;
2026/05/01;0500 UTC;;931,6;931,8;931,6;;20,2;17,3;21,3;20,2;17,4;17,2;84;78;83;73;4,6;2,9;
2026/05/01;0600 UTC;;931,3;931,6;931,3;;19,5;17,1;20,3;19,5;17,3;17,1;86;83;86;78;4,3;2,5;
2026/05/01;0700 UTC;;931,4;931,6;931,3;;19,6;17;19,7;19,3;17,2;17;88;85;85;66;3,8;2,7;
2026/05/01;0800 UTC;;931,7;931,7;931,4;;19,2;16,8;19,7;19;17;16,8;88;84;86;53;5,1;3,6;
2026/05/01;0900 UTC;;932,3;932,3;931,7;;18,1;16,6;19,2;18,1;16,9;16,5;91;86;91;47;4,6;2,6;
2026/05/01;1000 UTC;;933;933;932,3;2,3;18,2;16,7;18,2;17,6;16,9;16,5;94;91;91;63;3,5;2,5;
2026/05/01;1100 UTC;;933,9;934;933;309,3;19,8;17,4;19,8;18,1;17,5;16,6;92;86;86;40;3,1;1,6;
2026/05/01;1200 UTC;;934,6;934,6;933,9;1243,1;23,8;17,7;23,9;19,8;18,3;17,2;86;67;69;54;6,5;3,9;
2026/05/01;1300 UTC;;935;935;934,5;1976,3;26,4;17,5;26,4;23,6;18,2;17,2;69;57;58;55;9,3;6;
2026/05/01;1400 UTC;;935,1;935,2;935;2546,3;28,2;16;28,5;26,4;17,8;15,9;59;47;47;57;10,4;6,7;
2026/05/01;1500 UTC;;934,4;935,1;934,4;2850,7;29;15,3;29,3;28;16,8;15,3;50;43;43;34;12,3;7;
2026/05/01;1600 UTC;;933,6;934,4;933,6;2998;29,7;14,4;30,1;28,8;16,2;13,7;45;37;39;42;10,7;5,8;
2026/05/01;1700 UTC;;932,9;933,6;932,9;2885,5;29,9;14,9;30,4;29,5;16,3;14;43;38;40;35;9,1;5,5;
2026/05/01;1800 UTC;;932,2;932,9;932,2;2551;30;15,2;30,7;29,7;16,6;14,7;44;39;41;48;9,1;4,3;
2026/05/01;1900 UTC;;931,9;932,2;931,8;1994;30;16;30,7;29,6;17,2;14,6;46;39;43;21;6,8;3,2;
2026/05/01;2000 UTC;;932;932;931,8;1317;29,5;16,1;30,4;29,3;17,2;15,8;47;42;44;6;6,2;3;
2026/05/01;2100 UTC;;932,4;932,4;932;423,6;27,2;17,3;29,5;27,2;17,4;15,9;55;44;55;15;5,2;1,9;
2026/05/01;2200 UTC;;932,7;932,7;932,4;2,2;24,9;18,6;27,2;24,9;19;17,4;68;55;68;36;3,8;2,7;
2026/05/01;2300 UTC;;933,4;933,4;932,7;;22,9;18,3;24,9;22,9;18,6;18,3;76;68;76;36;3,5;2,8;
2026/05/02;0000 UTC;;933,9;933,9;933,4;;21,8;17,3;22,9;21,8;18,4;17,3;77;74;76;34;4;3,6;
2026/05/02;0100 UTC;;934,2;934,2;933,9;;21;17,4;21,8;21;17,8;17,4;81;76;79;47;4,7;4,3;
2026/05/02;0200 UTC;;934,2;934,2;934,1;;20,1;17,1;21,1;20,1;17,3;17,1;83;79;83;34;4,8;3,8;
2026/05/02;0300 UTC;;934;934,2;934;;20,2;17,1;20,4;19,8;17,3;17;84;82;82;40;4,7;4,1;
2026/05/02;0400 UTC;;933,8;934,1;933,8;;19,6;16,8;20,4;19,4;17,1;16,7;85;81;84;43;6,4;4,4;
2026/05/02;0500 UTC;;933,3;933,8;933,3;;19;16,4;19,8;18,9;16,8;16,2;85;81;85;27;5,1;4,1;
2026/05/02;0600 UTC;;933,2;933,3;933,1;;18,2;16,2;19,5;18;16,5;16;89;82;88;21;5;3,9;
2026/05/02;0700 UTC;;933,2;933,3;933,1;;18,2;15,7;18,5;17,7;16,1;15,6;88;85;85;27;4,6;3,9;
2026/05/02;0800 UTC;;933,3;933,3;933,2;;18,4;15,6;18,5;18,1;15,8;15,6;86;83;83;33;5,1;4,1;
2026/05/02;0900 UTC;;933,8;933,8;933,3;;18,2;15,1;18,5;17,9;15,6;15,1;85;82;82;32;5,1;4,1;
2026/05/02;1000 UTC;;934,5;934,5;933,8;6;17,7;14,9;18,3;17,6;15,2;14,9;85;82;84;37;5,4;4,5;
2026/05/02;1100 UTC;;935,3;935,3;934,5;371,3;20,3;15,3;20,3;17,7;15,5;14,9;84;73;73;34;5,4;3,5;
2026/05/02;1200 UTC;;936,1;936,1;935,3;1252,1;24,7;14,7;24,7;20,3;16,2;14,7;73;53;54;350;4,7;2;
2026/05/02;1300 UTC;;936,5;936,5;936,1;1993,5;27,4;14,5;27,5;24,7;16,2;14;54;44;45;343;4,7;3;
2026/05/02;1400 UTC;;936,6;936,7;936,5;2566,8;28,8;14,5;28,9;27,4;15,6;13;47;39;42;3;8,3;4;
2026/05/02;1500 UTC;;936,3;936,7;936,2;2861,6;29,8;13,3;29,9;28,3;14,5;12,1;42;35;36;359;8;3;
2026/05/02;1600 UTC;;935,7;936,3;935,7;3003,3;29,9;11,8;30,2;28,9;13,8;11,2;39;32;33;356;6;1,9;
2026/05/02;1700 UTC;;935;935,7;935;2811;29,7;11,8;30,9;29,4;13,3;11,6;36;32;33;233;7,1;2,5;
2026/05/02;1800 UTC;;934,7;935;934,7;2548,4;30;12,8;31,2;29,7;13,7;11,5;36;32;35;193;6,6;2,6;
2026/05/02;1900 UTC;;934,4;934,7;934,4;1992,1;29,5;11,7;30,3;29,3;12,6;11;35;31;33;204;6,2;2,8;
2026/05/02;2000 UTC;;934,3;934,4;934,3;1295,9;29,6;12,1;30,2;29,4;12,5;10,7;35;31;34;227;4,5;1,3;
2026/05/02;2100 UTC;;934,3;934,4;934,3;372,5;27,2;15,3;30,5;27,2;16,4;12;50;32;48;233;2,1;,5;
2026/05/02;2200 UTC;;934,4;934,4;934,2;5,1;22,7;15,4;27,2;22,7;17,8;12,8;66;42;63;306;1,5;,8;
2026/05/02;2300 UTC;;934,7;934,7;934,4;;23;14,5;24,3;22,3;15,5;13,9;63;55;59;110;3,3;1;
2026/05/03;0000 UTC;;935,3;935,4;934,7;;22,2;14,4;23,1;21,4;17,4;13,9;77;58;61;166;2,9;1;
2026/05/03;0100 UTC;;935,5;935,5;935,3;;21,6;15,6;22,4;21;16;14,1;74;60;69;124;3,8;3;
2026/05/03;0200 UTC;;935,5;935,6;935,4;;21,7;15,4;21,8;20,8;15,6;15,3;72;67;67;108;4,4;2,5;
2026/05/03;0300 UTC;;935,7;935,7;935,5;;21,3;15,2;21,8;20,8;15,5;15,2;72;67;68;94;5,8;2,5;
2026/05/03;0400 UTC;;935,7;935,9;935,6;;20,6;14,9;21,3;20,4;15,2;14,9;72;68;70;97;4,4;2;
2026/05/03;0500 UTC;;935;935,7;935;;20,7;14,6;20,9;20,5;14,9;14,6;70;68;68;87;4,7;2,7;
2026/05/03;0600 UTC;;934,6;935;934,5;;19,6;14,5;20,7;19,6;14,7;14,5;73;68;72;91;4,2;2,6;
2026/05/03;0700 UTC;;933,9;934,7;933,9;;18,8;14,8;19,9;18,4;14,9;14,3;78;71;77;102;4,8;1,9;
2026/05/03;0800 UTC;;933,8;934,1;933,8;;19,1;15,4;19,7;18,5;15,4;14,6;80;76;79;73;4,2;2,3;
2026/05/03;0900 UTC;;933,2;933,8;933,2;;17,4;14,6;19,1;17,4;15,4;14,6;85;79;84;35;5,7;4,2;
2026/05/03;1000 UTC;;933,9;933,9;933,1;;17,6;14,8;18;17,1;14,9;14,6;85;82;84;72;5,5;4,2;
2026/05/03;1100 UTC;;934,5;934,6;933,8;358,1;20,1;15,6;20,1;17,4;15,7;14,7;85;75;75;62;5,5;3;
2026/05/03;1200 UTC;;935,3;935,3;934,5;1368,2;23;16,2;23,3;20,1;16,8;15,3;75;65;66;68;6,4;3,9;
2026/05/03;1300 UTC;;935,8;935,8;935,3;2051,6;24,9;16,6;25,6;22,2;17,1;15,8;68;58;60;82;6;3,2;
2026/05/03;1400 UTC;;935,9;935,9;935,8;1982,6;26,5;17,2;26,6;24,5;18,2;16,8;64;55;57;62;6;2,5;
2026/05/03;1500 UTC;;934,9;935,9;934,9;2749,7;27,4;16,1;27,8;26,3;17,8;15,5;57;48;50;83;5,9;3,2;
2026/05/03;1600 UTC;;933,8;934,9;933,8;2955,3;28,6;15;29;27,3;16,1;13,9;50;41;44;105;7,2;2,8;
2026/05/03;1700 UTC;;932,7;933,8;932,7;2719,4;28,8;14,8;29,4;28,3;15,6;13,8;45;40;42;98;7,5;2,9;
2026/05/03;1800 UTC;;932,1;932,7;932,1;2463,1;29,3;14,7;29,5;28,5;15,7;14;45;39;41;75;6,7;3;
2026/05/03;1900 UTC;;931,7;932,1;931,6;1869,2;29,1;14,8;29,8;28,8;15,1;13,3;42;38;42;107;6,1;2,1;
2026/05/03;2000 UTC;;931,8;931,8;931,6;1082,2;28,3;15,1;29,4;28,2;15,4;13,7;46;38;45;99;5;1,7;
2026/05/03;2100 UTC;;932;932;931,8;425,6;26,7;16,4;28,5;26,7;16,4;14,9;53;44;53;84;3,4;1,3;
2026/05/03;2200 UTC;;932,2;932,2;932;1,5;25;16,4;26,7;24,5;17;16,3;62;53;59;91;2,4;1,5;
2026/05/03;2300 UTC;;932,4;932,5;932,1;;23,8;16,4;25,1;23,1;16,6;16,1;66;58;63;99;3,5;1,5;
2026/05/04;0000 UTC;;932,8;932,8;932,4;;21,7;16,5;23,9;21,7;16,5;16;72;61;72;100;3,3;1,5;
2026/05/04;0100 UTC;;932,9;933,1;932,8;;21,1;16,1;22,7;20,3;16,6;15,6;78;67;73;113;5,7;3,1;
2026/05/04;0200 UTC;;932,8;933;932,8;;20,8;16,7;21,2;20,8;16,7;15,8;77;73;77;95;4,2;1,9;
2026/05/04;0300 UTC;;932,8;932,9;932,7;;20,1;16,8;20,8;20,1;16,9;16,7;82;77;82;99;4,3;1,6;
2026/05/04;0400 UTC;;932,7;932,9;932,6;;19,8;16,6;20,1;19,8;16,9;16,6;83;82;82;85;3,5;1,8;
2026/05/04;0500 UTC;;932,3;932,7;932,2;;18,4;16,4;19,9;18,4;16,7;16,2;88;81;88;64;3,4;1,8;
2026/05/04;0600 UTC;;932,3;932,4;932,3;;18;16,1;18,7;18;16,6;16,1;88;86;88;51;2,8;2,3;
2026/05/04;0700 UTC;;932,3;932,4;932,3;;17,4;15,9;18;17,4;16,3;15,9;92;88;91;32;4,9;4;
2026/05/04;0800 UTC;;932,3;932,3;932,2;;17,3;15,8;17,7;17,3;16,1;15,8;92;90;91;33;5,4;3,3;
2026/05/04;0900 UTC;;932,7;932,7;932,3;;17,2;15,8;17,5;17,2;16;15,7;91;90;91;34;4,3;3,3;
2026/05/04;1000 UTC;;933,2;933,2;932,7;1,2;18,2;15,4;18,8;16,9;16;15,4;92;82;84;71;4,5;3,2;
2026/05/04;1100 UTC;;933,9;934;933,2;418,7;19,9;16,2;20,9;18,2;16,8;15,4;84;75;79;107;4,4;2;
2026/05/04;1200 UTC;;934,5;934,5;933,9;1109,4;22,5;16,5;22,9;19,9;17,2;16;79;68;69;88;6,2;2,9;
2026/05/04;1300 UTC;;935,1;935,2;934,5;1938,3;24,9;17;25,1;22,5;17,8;16,5;70;62;62;49;6,2;3,1;
2026/05/04;1400 UTC;;934,9;935,2;934,8;2485,3;27,3;16,1;27,6;24,9;17,4;16,1;62;50;50;56;7,9;4,9;
2026/05/04;1500 UTC;;934,1;934,9;934,1;2793,2;29,2;15,8;29,3;27,3;17,2;14,8;53;42;44;52;8,8;5;
2026/05/04;1600 UTC;;933,4;934,1;933,4;2867,9;30,8;15,5;30,8;29;16,9;13,7;47;38;40;41;8;3,2;
2026/05/04;1700 UTC;;933;933,4;933;2079,1;30,2;15,2;31,2;28,9;16,1;13,5;43;36;40;42;7,5;3,2;
2026/05/04;1800 UTC;;932,2;933;932,2;2586;30,7;15,3;31,2;29,7;16,2;13,9;42;36;39;359;8;4,7;
2026/05/04;1900 UTC;;931,9;932,2;931,9;1919,1;30,4;15,7;31;30,1;16,1;14,5;42;38;41;1;8;4;
2026/05/04;2000 UTC;;932,1;932,1;931,9;1158;29,5;15,1;30,8;29,5;16;14,4;42;38;42;337;6,6;2,9;
2026/05/04;2100 UTC;;932,5;932,5;932,1;374,9;26,9;15,9;29,5;26,9;16,3;14,9;51;41;51;8;4,6;2,1;
2026/05/04;2200 UTC;;932,7;932,8;932,5;3,3;24,6;16,4;26,9;24,6;17;16,1;62;51;60;8;3,3;2,9;
2026/05/04;2300 UTC;;933,2;933,2;932,7;;22,8;17,6;24,7;22,8;17,6;16,1;72;59;72;38;4,2;3,1;
2026/05/05;0000 UTC;;933,8;933,8;933,2;;22,3;16,5;22,9;22,2;17,6;16,5;72;70;70;39;4,4;3,8;
2026/05/05;0100 UTC;;934,1;934,1;933,8;;21,8;16;22,3;21,6;16,8;16;74;70;70;38;4,6;3,9;
2026/05/05;0200 UTC;;934,3;934,3;934,1;;21;16,2;21,8;20,8;16,3;16,1;76;70;74;44;4,4;4;
2026/05/05;0300 UTC;;934,2;934,4;934,2;;20,5;16;21,7;20,5;16,3;15,8;76;69;76;39;4,4;3,4;
2026/05/05;0400 UTC;;934,4;934,4;934,2;;19,8;15,5;20,6;19,8;16;15,5;76;74;76;35;5,8;4,2;
2026/05/05;0500 UTC;;934,2;934,5;934,2;;18,8;15,8;19,8;18,4;16;15,5;85;76;83;45;6,4;4,1;
2026/05/05;0600 UTC;;933,9;934,2;933,8;;19,3;15,4;19,5;18,8;15,8;15,4;83;78;78;40;5,1;4,2;
2026/05/05;0700 UTC;;933,8;933,9;933,8;;18,8;15,4;19,5;18,7;15,5;15,3;81;77;81;39;5,4;4,1;
2026/05/05;0800 UTC;;933,9;933,9;933,8;;19;15,6;19,5;18,8;15,6;15,4;81;78;80;42;5,1;4,5;
2026/05/05;0900 UTC;;934,2;934,2;933,8;;18,9;15,5;19,1;18,4;15,6;15,4;83;80;81;41;5,2;4,7;
2026/05/05;1000 UTC;;934,9;934,9;934,2;4,2;18,6;15,7;18,9;18,3;15,7;15,5;84;81;83;37;5,4;4,3;
2026/05/05;1100 UTC;;935,4;935,4;934,9;397;21,4;16,5;21,4;18,6;16,8;15,7;83;74;74;41;5;3,8;
2026/05/05;1200 UTC;;936,4;936,4;935,4;1190,4;24,1;17,8;24,1;21,3;18;16,5;74;68;68;52;5,8;4,4;
2026/05/05;1300 UTC;;936,9;936,9;936,4;1915,8;26,9;18,8;27;24,1;19,3;17,9;69;61;61;45;7,6;5,1;
2026/05/05;1400 UTC;;936,9;937,1;936,9;2463,5;28,8;18,9;28,9;26,9;19,9;18,5;63;55;55;42;9,3;5,3;
2026/05/05;1500 UTC;;936,2;936,9;936,2;2844,6;29,9;17,9;30,2;28,8;18,9;17,2;55;47;49;37;8,1;4,2;
2026/05/05;1600 UTC;;935,5;936,2;935,5;2397,1;30,5;15,6;31;29,1;17,9;14,5;50;38;40;35;6,5;3,1;
2026/05/05;1700 UTC;;934,8;935,5;934,8;2825,6;31;16,1;31,6;30,3;17;14,6;43;38;41;73;6,3;2,6;
2026/05/05;1800 UTC;;934,2;934,8;934,2;1402,3;29,4;16,1;31;29,3;17,3;15,4;47;40;45;65;6,2;2,3;
2026/05/05;1900 UTC;;933,8;934,2;933,8;1930,8;30,5;15,5;31,2;29,4;16,9;15,2;45;39;40;108;5,2;2,1;
2026/05/05;2000 UTC;;933,9;933,9;933,7;1144;30;16;30,9;30;16,7;15;44;39;43;87;3,7;1,9;
2026/05/05;2100 UTC;;934,2;934,2;933,9;335,4;27,5;17,2;30;27,5;17,3;15,8;54;42;54;101;3,3;1,3;
2026/05/05;2200 UTC;;934,5;934,5;934,2;1,5;25,8;17,4;27,5;25,8;17,7;17,2;60;53;60;85;3;2,1;
2026/05/05;2300 UTC;;935;935;934,5;;23,4;17,9;25,8;23,4;17,9;17,3;71;59;71;44;3,3;2,8;
2026/05/06;0000 UTC;;935,3;935,3;935;;23,7;17,8;24,1;23,4;18;17,5;71;67;70;72;3,7;2,8;
2026/05/06;0100 UTC;;935,4;935,5;935,3;;22,5;17,8;23,7;21,8;18,1;17,5;77;70;75;57;4,3;3,3;
2026/05/06;0200 UTC;;935,2;935,4;935,2;;21,1;17;22,5;21,1;17,8;17;78;73;77;67;4,3;2,6;
2026/05/06;0300 UTC;;935,1;935,3;935,1;;21,1;16,4;21,2;20,1;17,1;16,4;82;75;75;78;4,8;3,4;
2026/05/06;0400 UTC;;934,8;935,1;934,8;;19,8;16,2;21,1;19,7;16,3;16,1;80;74;80;78;5;3,1;
2026/05/06;0500 UTC;;934,6;934,8;934,6;;22,4;15,2;22,4;19,8;16,2;15,2;80;64;64;65;6,6;4,5;
2026/05/06;0600 UTC;;934,2;934,6;934,2;;20,6;15,2;22,5;20,4;15,2;15;72;63;71;61;6,4;3,4;
2026/05/06;0700 UTC;;934,1;934,2;934,1;;19,7;15,1;21;19,5;15,2;15;75;69;75;67;5,3;3,6;
2026/05/06;0800 UTC;;934,3;934,3;934,1;;18,1;15;19,7;18;15,2;14,9;82;75;82;38;4,5;3,4;
2026/05/06;0900 UTC;;934,6;934,6;934,3;;18,2;15;18,2;17,9;15;14,8;82;81;82;45;5,4;4,4;
2026/05/06;1000 UTC;;935,1;935,1;934,6;3,3;18,6;15;18,6;17,8;15;14,8;83;80;80;37;6,1;4,7;
2026/05/06;1100 UTC;;935,8;935,8;935,1;404,6;20,8;15,6;20,8;18,5;15,6;15;80;72;72;40;7,1;4,8;
2026/05/06;1200 UTC;;936,4;936,4;935,8;1213,5;23,7;16,5;23,7;20,8;16,5;15,6;72;63;64;44;8,5;5,7;
2026/05/06;1300 UTC;;936,5;936,6;936,4;1960,5;26,9;16,1;26,9;23,7;16,7;15,6;64;50;52;50;9,9;6;
2026/05/06;1400 UTC;;936,3;936,6;936,2;2525;28,4;14;28,6;26,8;16,2;13;52;39;41;50;13,4;8,3;
2026/05/06;1500 UTC;;935,6;936,3;935,6;2838,3;29,5;13;29,5;28;14,7;12,6;42;36;36;48;12,7;6,9;
2026/05/06;1600 UTC;;934,8;935,6;934,8;2972,2;29;12,5;29,6;28,9;13,7;11,7;38;34;36;42;11,5;6,4;
2026/05/06;1700 UTC;;934,1;934,8;934,1;2834,2;29,9;13,6;30;28,9;14;11,8;38;33;37;53;9,4;5;
2026/05/06;1800 UTC;;933,3;934,1;933,3;2417;29,6;12,7;30,3;29,2;14,1;12,1;38;33;36;47;7,7;4,2;
2026/05/06;1900 UTC;;932,7;933,3;932,7;1816,5;29,8;13,7;30,2;28,7;14,1;12,1;40;34;37;38;6,1;3,3;
2026/05/06;2000 UTC;;932,8;932,8;932,7;1248,8;29,3;13,6;29,9;29,1;14;12,8;39;35;38;37;5,6;2,8;
2026/05/06;2100 UTC;;933;933;932,8;411,3;26,3;15,7;29,3;26,3;15,7;13,6;52;38;52;22;4,1;2,1;
2026/05/06;2200 UTC;;933,1;933,1;932,9;2;23,9;16,2;26,3;23,5;16,4;15,6;64;52;62;62;3,5;2,6;
2026/05/06;2300 UTC;;933,5;933,5;933,1;;22,8;15,1;24;22,8;16,2;15;63;60;62;66;3,7;2,9;
2026/05/07;0000 UTC;;934;934;933,5;;22,1;14,9;22,9;21,9;15,1;14,7;64;60;64;40;4,8;4,1;
2026/05/07;0100 UTC;;933,8;934,1;933,8;;21,2;14,9;22,1;21,2;15,1;14,9;68;64;67;35;4,6;3,7;
2026/05/07;0200 UTC;;933,8;933,8;933,7;;19,9;15,2;21,2;19,6;15,3;14,9;76;67;74;36;4,4;3,9;
2026/05/07;0300 UTC;;933,4;933,8;933,4;;19,4;15,2;20,1;19,3;15,3;15;77;73;77;37;4,7;3,8;
2026/05/07;0400 UTC;;933,2;933,4;933,2;;19,3;15,2;19,4;18,5;15,4;15,2;82;77;77;62;5,7;4,1;
2026/05/07;0500 UTC;;932,6;933,2;932,6;;18,4;14,6;19,3;18,3;15,1;14,6;80;76;79;57;5,3;3,6;
2026/05/07;0600 UTC;;932,1;932,6;932,1;;17,4;14,7;18,5;17,4;14,8;14,5;84;78;84;53;5;4,1;
2026/05/07;0700 UTC;;931,7;932,1;931,7;;17,8;14,4;17,9;17;14,9;14,4;86;81;81;34;5,1;3,6;
2026/05/07;0800 UTC;;931,4;931,8;931,4;;17,8;14,4;18;16,8;14,6;14,2;85;80;81;39;4,7;4;
2026/05/07;0900 UTC;;931,6;931,6;931,3;;17;14,4;17,8;17;14,5;14,2;85;81;85;36;4,8;3,4;
2026/05/07;1000 UTC;;931,7;931,7;931,6;2,7;16,5;14,6;17;16,2;14,6;14,2;89;85;88;51;4,4;3,6;
2026/05/07;1100 UTC;;932,1;932,1;931,7;388,2;19,3;15,6;19,3;16,5;15,7;14,7;89;79;79;46;5,7;4,1;
2026/05/07;1200 UTC;;932,4;932,4;932,1;1194;22,7;17;22,8;19,3;17,3;15,6;80;70;70;39;5,7;3;
2026/05/07;1300 UTC;;932,5;932,6;932,4;1931,4;25,9;17,3;26;22,7;18,2;16,9;71;59;59;35;7,7;4,4;
2026/05/07;1400 UTC;;931,9;932,5;931,8;2474,7;28,3;17,4;28,3;25,9;17,8;16,7;61;50;52;23;8,5;5,2;
2026/05/07;1500 UTC;;931;931,9;931;2538,1;28,4;16;29,1;27,6;17,6;15,2;52;45;47;16;10,5;6,3;
2026/05/07;1600 UTC;;930,2;931;930,2;2806,6;29,2;15,1;29,9;28;16,4;15;47;42;42;356;12,1;6,9;
2026/05/07;1700 UTC;;929,6;930,2;929,6;2851,5;29,4;14,7;30;29;15,6;14,1;43;39;41;353;11,8;8;
2026/05/07;1800 UTC;;928,9;929,6;928,8;2523,3;29,3;15,3;30,3;28,9;16,8;14,7;46;40;43;348;11,8;6,7;
2026/05/07;1900 UTC;;928,6;928,9;928,6;1486,7;29,4;14,5;29,9;28,1;16;14,1;46;40;40;335;11;5,4;
2026/05/07;2000 UTC;;928,8;928,8;928,6;1133,6;28,1;14,5;29,4;28;15,2;14,1;43;40;43;343;10,8;5,4;
2026/05/07;2100 UTC;;929,1;929,1;928,8;276,6;26,1;15,3;28,1;25,9;15,6;14,5;53;43;52;359;8;3;
2026/05/07;2200 UTC;;929,4;929,4;929,1;,5;24,3;16;26,1;24,3;16;15,2;60;51;60;6;5,5;2,7;
2026/05/07;2300 UTC;;929,9;929,9;929,3;;22,8;16,3;24,3;22,4;16,5;16;69;60;67;14;4,6;3,2;
2026/05/08;0000 UTC;;930,4;930,4;929,9;;21,4;16,1;23,4;21,3;16,3;15,8;72;63;72;36;5,1;3,2;
2026/05/08;0100 UTC;;930,5;930,5;930,4;;20,6;16;21,6;20,6;16,2;15,8;75;71;75;28;4,2;3,3;
2026/05/08;0200 UTC;;930,6;930,6;930,3;;20,3;15,8;20,9;19,9;16;15,7;77;73;75;24;4,6;3,7;
2026/05/08;0300 UTC;;930,1;930,6;930,1;;20,4;15,6;21,1;20,3;16;15,5;75;71;74;21;5,5;3,8;
2026/05/08;0400 UTC;;930,1;930,1;929,9;;20;15,8;20,6;19,7;15,9;15,4;78;74;77;10;5,7;2,3;
2026/05/08;0500 UTC;;929,6;930,1;929,6;;20,5;15,4;20,7;19,6;15,8;15,3;77;72;72;14;6,2;3,9;
2026/05/08;0600 UTC;;930;930;929,6;;19,6;15,3;20,5;19,6;15,5;15,3;76;72;76;25;6,2;3,5;
2026/05/08;0700 UTC;;930,7;930,8;930;;19,1;15,3;19,6;18,2;15,5;15,1;83;76;79;7;5;2,1;
2026/05/08;0800 UTC;;930,9;930,9;930,6;;18,3;15,2;19,2;18,2;15,3;15,1;82;78;82;48;4,1;3,4;
2026/05/08;0900 UTC;;931,1;931,2;930,9;;17,3;15;18,5;17,3;15,2;14,9;86;81;86;45;6;5,2;
2026/05/08;1000 UTC;;931,5;931,5;931,1;5,4;16,7;14,8;17,3;16,6;15,1;14,8;89;86;89;41;6;3,8;
2026/05/08;1100 UTC;;931,9;931,9;931,4;411;19,6;15,5;19,6;16,6;15,6;14,8;89;77;77;21;6,3;4,3;
2026/05/08;1200 UTC;;932,3;932,3;931,9;1171,1;23,4;16,4;23,4;19,6;16,4;15,6;77;65;65;357;8,7;5,6;
2026/05/08;1300 UTC;;932,7;932,8;932,3;1888,9;26,7;15,1;26,7;23,2;16,7;14,9;65;49;49;353;10,5;6,1;
2026/05/08;1400 UTC;;932,1;932,7;932,1;2462,3;27,7;14,4;28,2;26,4;15,7;14,4;50;44;44;345;12;7,5;
2026/05/08;1500 UTC;;931,3;932,1;931,3;2793,9;29,1;16,5;29,1;27,7;16,5;14,2;48;42;47;352;12,4;6,5;
2026/05/08;1600 UTC;;930,1;931,3;930,1;2718;29,7;13,6;29,7;27,9;16,5;13,1;46;36;37;331;11,2;6,7;
2026/05/08;1700 UTC;;929,5;930,1;929,5;2639,8;28,3;14,1;30,3;28,2;16,4;12,8;44;35;42;316;11,2;5,2;
2026/05/08;1800 UTC;;928,9;929,5;928,8;2170,6;28,8;14;30,4;28,2;15,9;13,5;44;37;40;338;10,8;5,3;
2026/05/08;1900 UTC;;928,3;928,9;928,3;1685,6;29,2;14;30,3;28,3;15,4;13,6;44;37;40;336;10,8;5,7;
2026/05/08;2000 UTC;;928,9;929;928,3;1090;28,2;14,8;29,7;28,2;14,9;13,8;44;39;44;332;9;4,3;
2026/05/08;2100 UTC;;929,1;929,3;928,9;375,3;25,7;15,9;28,7;25,7;15,9;14,7;55;43;55;343;7,4;2,6;
2026/05/08;2200 UTC;;929,3;929,3;929,1;;23,8;16,5;25,7;23,8;16,5;15,9;64;55;64;12;4,1;2,3;
2026/05/08;2300 UTC;;929,4;929,4;929,3;;22,6;17;23,9;22,4;17,4;16,6;73;64;71;16;4;2,8;
2026/05/09;0000 UTC;;929,9;929,9;929,4;;22,2;16,8;22,7;22,2;17,1;16,8;72;70;72;15;5;2,5;
2026/05/09;0100 UTC;;930,1;930,2;929,9;;22;16,8;22,3;21,5;17;16,5;74;71;72;20;5,1;3,2;
2026/05/09;0200 UTC;;930,4;930,4;930,1;;22;16,3;22,2;21;16,8;16,3;75;70;70;9;5,2;3;
2026/05/09;0300 UTC;;930,3;930,4;930,3;;21,4;16;22,6;21,4;16,4;16;72;67;71;27;5,1;3,4;
2026/05/09;0400 UTC;;930,4;930,5;930,3;;21,4;15,9;21,6;19,6;16,3;15,8;80;71;71;344;4,9;3,2;
2026/05/09;0500 UTC;;929,6;930,4;929,5;;21,4;16;21,4;20,7;16;15,8;74;71;71;5;6;3,7;
2026/05/09;0600 UTC;;929,5;929,6;929,4;;20,9;15,9;21,4;20,8;16,1;15,8;74;71;73;3;5,7;3,7;
2026/05/09;0700 UTC;;929,8;929,8;929,5;;20,4;16;20,9;19,7;16;15,6;78;73;76;6;5,5;3,1;
2026/05/09;0800 UTC;;929,8;929,9;929,7;;19,8;16;21,1;19,8;16,2;15,8;79;73;79;29;5,9;4,3;
2026/05/09;0900 UTC;;930,5;930,5;929,8;;20,5;16,3;21;19,7;16,5;16;79;75;77;13;7,5;4;
2026/05/09;1000 UTC;;931,1;931,1;930,5;,8;20,6;16,7;20,6;19,6;16,7;16;80;77;78;13;7,1;3,7;
2026/05/09;1100 UTC;;932;932;931,1;265,8;22,9;17,3;22,9;20,6;17,3;16,3;78;71;71;4;8,8;5,7;
2026/05/09;1200 UTC;;932,4;932,5;932;1153,5;25,3;18,6;25,3;22,8;18,6;17,2;71;66;66;353;9,8;6;
2026/05/09;1300 UTC;;933,4;933,4;932,4;1819,1;26,5;18,8;26,6;25,2;19,2;18,3;66;62;63;348;10,7;6,9;
2026/05/09;1400 UTC;;933,6;933,8;933,4;2082,6;27,2;19,1;28,2;26,1;19,5;18,1;63;57;61;330;11,2;6,7;
2026/05/09;1500 UTC;;932,9;933,7;932,9;2214,2;27,9;18,1;29,1;26,8;19,8;17,8;62;54;55;336;11;6,2;
2026/05/09;1600 UTC;;932;932,9;932;2204,5;30;17,6;30,1;27,6;18,8;15,8;57;45;47;312;11,9;5,7;
2026/05/09;1700 UTC;;931;932;931;2606,3;29,7;16,3;30,7;28,2;18,4;14,8;51;40;44;336;11,3;5,8;
2026/05/09;1800 UTC;;930,2;931;930,2;2294,9;30,5;17;30,8;29,2;17,4;15,4;46;42;44;308;10,1;5,5;
2026/05/09;1900 UTC;;930,4;930,4;930,2;1844,9;29,7;16;30,6;29,7;17,2;15,2;46;41;44;320;9,6;6,2;
2026/05/09;2000 UTC;;930,7;930,7;930,3;835,6;29;16,4;29,9;28,6;16,9;15,8;47;43;47;310;9,3;4,7;
2026/05/09;2100 UTC;;931,3;931,3;930,7;183,3;26,2;16,8;29;26,2;16,9;15,9;56;46;56;313;7,9;1,7;
2026/05/09;2200 UTC;;931,9;931,9;931,3;;25;16,8;26,2;25;16,9;16,8;61;56;61;309;3;1,9;
2026/05/09;2300 UTC;;932,6;932,6;931,9;;24,2;16,7;25;24,2;16,8;16,7;63;61;63;300;2,8;2,3;
2026/05/10;0000 UTC;;933,3;933,3;932,6;;23,4;16,9;24,2;23;17;16,6;68;63;67;262;4,3;3,2;
2026/05/10;0100 UTC;;934,9;934,9;933,3;;17,6;15,4;23,4;17,6;17,5;15,4;87;67;87;178;10,8;6,9;
2026/05/10;0200 UTC;;935,7;935,7;934,8;;15,9;14,4;17,6;15,9;15,4;14,4;91;87;91;175;11,4;5,3;
2026/05/10;0300 UTC;;936,2;936,3;935,6;;14,3;12,8;15,9;14,3;14,3;12,7;91;89;91;158;9,8;4,8;
2026/05/10;0400 UTC;;936,6;936,7;936,3;;13,4;12,2;14,3;13,3;12,8;12,1;92;91;92;166;8,7;5,2;
2026/05/10;0500 UTC;;936,1;936,8;936,1;;12,8;11,5;13,5;12,7;12,2;11,5;92;89;92;149;8,7;4,4;
2026/05/10;0600 UTC;;936,2;936,2;935,9;;12,8;11,2;12,9;12,7;11,5;11,1;92;90;90;169;6,9;3,8;
2026/05/10;0700 UTC;;935,7;936,3;935,7;;12,5;10,8;12,9;12,5;11,3;10,8;90;89;89;172;8;4,7;
2026/05/10;0800 UTC;;936;936,3;935,7;;12,5;10,8;12,6;12,4;10,9;10,6;90;88;89;162;7,7;3,7;
2026/05/10;0900 UTC;;936,6;936,6;935,9;;12,1;10,5;12,5;12,1;10,8;10,4;90;89;90;153;7,9;3,7;
2026/05/10;1000 UTC;;937,3;937,3;936,6;,9;11,9;10,7;12,1;11,8;10,8;10,5;93;90;93;158;6,4;3,3;
2026/05/10;1100 UTC;;937,9;937,9;937,3;123,7;11,9;10,6;12;11,7;10,7;10,3;93;91;92;134;8,9;4,8;
2026/05/10;1200 UTC;;939,3;939,3;938;205,4;11,9;11;12,1;11,6;11;10,3;94;91;94;160;7,8;3,2;
2026/05/10;1300 UTC;;940,2;940,2;939,3;449,3;12,6;10,5;13,3;11,9;11,2;10,5;94;85;87;182;6,9;4;
2026/05/10;1400 UTC;;939,6;940,4;939,6;760,5;12,9;10,5;13,5;12,5;10,8;10,1;88;83;85;147;7,8;3,3;
2026/05/10;1500 UTC;;939,5;939,8;939,4;694,9;13,2;10,6;13,4;12,5;10,9;10,3;87;84;84;166;6,1;2,9;
2026/05/10;1600 UTC;;938,7;939,5;938,7;565,2;13,1;10,5;13,8;12,9;10,9;10,1;85;81;84;192;6,2;3,5;
2026/05/10;1700 UTC;;937,8;938,6;937,7;806,5;13,2;10,1;13,8;13,1;10,9;10,1;85;80;82;164;7,2;4,9;
2026/05/10;1800 UTC;;937,1;937,8;937;826,1;14,1;10,6;14,4;13,2;10,8;10,1;82;78;80;158;7,3;4,3;
2026/05/10;1900 UTC;;936,9;937,2;936,9;650,8;13,4;10,2;14,3;13,3;10,9;10;81;79;81;173;6,7;3,6;
2026/05/10;2000 UTC;;937,3;937,3;936,7;442,9;12,8;9,9;13,8;12,8;10,4;9,8;84;79;82;170;9,1;5,3;
2026/05/10;2100 UTC;;937,3;937,4;937,1;113,9;12,1;9,8;13;12,1;10;9,7;86;82;86;130;8;3,5;
2026/05/10;2200 UTC;;937,4;937,6;937,3;,3;12,1;9,7;12,1;11,9;10;9,6;87;85;85;118;5,3;2,7;
2026/05/10;2300 UTC;;937,7;937,8;937,3;;12,1;8,8;12,2;12,1;9,8;8,7;86;80;80;132;5,6;2,6;
2026/05/11;0000 UTC;;937,8;937,8;937,4;;12,3;8,4;12,3;12,1;8,8;8,4;81;77;77;112;4,7;2,8;
2026/05/11;0100 UTC;;937,9;938;937,8;;12,1;8,6;12,3;12;8,6;8,4;80;77;79;126;4,8;2,4;
2026/05/11;0200 UTC;;938,1;938,2;937,7;;12;8,7;12,1;11,9;8,7;8,5;81;79;81;142;4,8;2,2;
2026/05/11;0300 UTC;;937,7;938,1;937,7;;11,8;9;12,1;11,8;9;8,7;83;80;83;136;6,7;3,2;
2026/05/11;0400 UTC;;937,4;937,8;937,4;;11,5;9,1;11,8;11,3;9,3;9;86;83;85;121;5,8;2,4;
2026/05/11;0500 UTC;;936,8;937,4;936,7;;11,2;8,7;11,6;11,2;9,1;8,6;85;82;85;140;6,8;3;
2026/05/11;0600 UTC;;936,5;936,9;936,5;;11,2;8,2;11,3;11,1;8,7;8,2;85;81;82;132;5,8;3,4;
2026/05/11;0700 UTC;;936,4;936,5;936,3;;10,9;7,5;11,2;10,7;8,2;7,5;82;79;79;117;5,8;2,4;
2026/05/11;0800 UTC;;936,4;936,5;936,3;;11,3;6,9;11,4;10,9;7,4;6,6;79;73;74;97;4,7;2;
2026/05/11;0900 UTC;;936,8;936,8;936,3;;11,6;7,4;11,6;11,3;7,4;6,7;75;73;75;117;4,5;2,7;
2026/05/11;1000 UTC;;937;937,1;936,8;2,4;11,8;7,4;11,8;11,6;7,5;7,3;75;74;74;107;5,7;3,3;
2026/05/11;1100 UTC;;937,4;937,4;937;196,2;12,5;7,3;12,5;11,8;7,6;7,3;75;71;71;119;6;3,6;
2026/05/11;1200 UTC;;937,5;937,7;937,3;832,5;14,8;7,1;14,8;12,5;7,9;6,5;72;60;60;116;7,3;4,3;
2026/05/11;1300 UTC;;937,7;937,8;937,4;1777;16;5;16,7;14,8;7;4,6;60;47;48;124;8,6;4,3;
2026/05/11;1400 UTC;;937,3;937,8;937,3;2098,8;19,2;5,9;19,2;15,9;6,7;4,6;49;42;42;115;8;3,6;
2026/05/11;1500 UTC;;936,8;937,4;936,8;2874,7;19,7;6,6;20,2;18,3;7;5,2;45;40;42;117;8;3,5;
2026/05/11;1600 UTC;;935,9;936,8;935,9;2617,5;21,1;8,6;21,5;19,4;8,6;6,5;46;41;45;161;6,7;3,8;
2026/05/11;1700 UTC;;935;935,9;935;2560,9;21,8;9,1;22,5;20,4;9,6;7,6;46;41;44;135;6,3;2,8;
2026/05/11;1800 UTC;;934,8;935;934,7;2015,7;21,9;9,8;22,7;21,3;10,1;8,8;47;43;46;156;7;2,7;
2026/05/11;1900 UTC;;934,7;934,8;934,6;1362,3;21,9;8,3;22,3;21,6;10,1;8,2;47;41;42;114;4,8;2,4;
2026/05/11;2000 UTC;;934,7;934,7;934,6;800,4;21,4;9,1;22,1;21,4;9,1;7,8;45;40;45;136;5,1;2,8;
2026/05/11;2100 UTC;;935,1;935,1;934,6;309,5;19,3;9,1;21,4;19,3;9,1;8,4;52;44;52;125;5,1;2,6;
2026/05/11;2200 UTC;;935,5;935,5;935,1;,1;17,3;9,8;19,3;17,2;10;9,1;62;52;62;155;4,3;2,6;
2026/05/11;2300 UTC;;935,8;935,9;935,5;;17;8,7;17,7;17;9,8;8,7;62;56;58;139;5,9;3,5;
2026/05/12;0000 UTC;;936,3;936,3;935,8;;16,1;8,3;17;16,1;9,1;8,3;62;58;60;127;5,9;2,9;
2026/05/12;0100 UTC;;936,3;936,4;936,2;;15,6;7,9;16,1;15,4;8,3;7,9;62;60;60;128;4,7;3,1;
2026/05/12;0200 UTC;;936,4;936,4;936,3;;15,3;7,9;15,6;15,1;8;7,9;62;60;62;107;4,7;2,7;
2026/05/12;0300 UTC;;936,1;936,5;936;;14,3;7,6;15,3;14,3;8;7,6;64;62;64;113;4,6;2,6;
2026/05/12;0400 UTC;;935,6;936,1;935,6;;14,4;7,1;14,5;14,1;7,7;6,8;65;60;62;100;4,6;2,5;
2026/05/12;0500 UTC;;935,2;935,7;935,2;;13,6;7,2;14,4;13,6;7,3;6,8;65;60;65;97;5,2;1,7;
2026/05/12;0600 UTC;;934,5;935,2;934,5;;13,4;7,3;13,6;13,4;7,4;7,2;67;65;66;104;5;2,4;
2026/05/12;0700 UTC;;934,6;934,7;934,4;;13;7,1;13,4;12,8;7,3;7,1;69;66;67;106;5,1;2,3;
2026/05/12;0800 UTC;;934,3;934,6;934,3;;12,7;7,1;13;12,5;7,4;7,1;71;67;69;91;4,9;2,5;
2026/05/12;0900 UTC;;934,5;934,5;934,2;;12;6,9;12,8;12;7,1;6,8;71;68;71;102;4,9;2;
2026/05/12;1000 UTC;;935,4;935,4;934,5;5,5;11,7;7,4;12;11,3;7,4;6,9;77;71;75;64;4,1;2,1;
2026/05/12;1100 UTC;;935,9;936;935,4;375,3;14,2;7,6;14,3;11,6;8,1;7,4;76;64;64;70;4,7;3,2;
2026/05/12;1200 UTC;;936,3;936,4;935,9;1147,8;17,2;7,3;17,2;14,2;7,9;7;65;52;52;79;7,3;4,2;
2026/05/12;1300 UTC;;936,5;936,5;936,3;1871;19,5;8;19,6;17,1;8,5;7,1;53;47;47;69;7,6;4,7;
2026/05/12;1400 UTC;;936,2;936,5;936,1;2418,3;21,7;9,7;21,8;19,4;10;8;49;46;46;87;7,6;2,9;
2026/05/12;1500 UTC;;935,3;936,2;935,3;2731,5;23,7;10,5;23,7;21,4;11,4;9,3;48;43;43;101;5,1;2,3;
2026/05/12;1600 UTC;;934,6;935,3;934,6;2836,4;24,6;10,1;25,4;23,1;11,9;10;46;39;40;164;5,1;1;
2026/05/12;1700 UTC;;933,9;934,6;933,8;2712,2;26,3;11,4;26,5;24,4;12;10,2;43;39;40;262;3,8;1,9;
2026/05/12;1800 UTC;;933,3;933,9;933,2;2242,8;26,8;11,6;27,6;25,7;12,4;10,7;41;36;39;271;3,8;1,5;
2026/05/12;1900 UTC;;933;933,3;932,9;1622,1;26,6;12,3;27,3;25,7;12,4;11;42;38;41;203;4,6;1,7;
2026/05/12;2000 UTC;;933,1;933,1;932,9;865,7;25,6;13,3;26,8;25,6;13,3;11,3;47;40;47;203;3,3;1,1;
2026/05/12;2100 UTC;;933,5;933,5;933,1;300,7;24,1;14,5;25,7;23,6;14,7;13,2;57;47;55;202;2,2;,4;
2026/05/12;2200 UTC;;934;934;933,5;;20,5;14;24,1;20,5;14,9;13,3;67;55;67;291;2,8;2,2;
2026/05/12;2300 UTC;;934,9;934,9;934;;19,7;13,3;20,5;19,1;14,2;13,2;71;66;66;275;3,2;2,6;
2026/05/13;0000 UTC;;935,3;935,3;934,9;;19;12,9;20,4;19;13,6;12,9;69;64;68;246;3,2;,9;
2026/05/13;0100 UTC;;935,3;935,4;935,3;;17,3;13,3;19;17,3;13,4;12,8;78;67;77;41;2,8;2,4;
2026/05/13;0200 UTC;;935,2;935,3;935,1;;16,9;14,4;17,3;16,8;14,4;13,3;85;77;85;34;3,3;2,8;
2026/05/13;0300 UTC;;934,9;935,2;934,9;;16,7;14,2;17;16,6;14,5;14,1;87;84;85;33;3,9;3,2;
2026/05/13;0400 UTC;;934,5;934,9;934,5;;16,5;13,9;17;16,4;14,3;13,8;86;82;85;47;3,9;2,4;
2026/05/13;0500 UTC;;934,1;934,5;934,1;;16,3;12,8;17,2;16,3;13,9;12,7;85;76;80;71;3,4;2,3;
2026/05/13;0600 UTC;;933,6;934,1;933,6;;16,1;12,6;16,5;15,9;12,9;12,4;81;77;80;61;3,9;2,6;
2026/05/13;0700 UTC;;933,6;933,7;933,5;;15,4;12,4;16,1;14,5;13;12,3;88;80;82;73;4;1,5;
2026/05/13;0800 UTC;;933,2;933,6;933,2;;16,4;12,1;16,4;15,4;12,6;12,1;82;76;76;61;5,2;3,8;
2026/05/13;0900 UTC;;933,6;933,6;933,2;;15,3;12,1;16,4;15,2;12,5;11,9;82;76;81;55;5,2;3,6;
2026/05/13;1000 UTC;;934,6;934,6;933,6;1,3;15,8;11,6;15,8;15,3;12,1;11,5;81;76;76;59;4,4;3,4;
2026/05/13;1100 UTC;;935,4;935,5;934,6;192,1;16,4;12,1;16,4;15,5;12,1;11,6;79;74;76;64;4,2;2,2;
2026/05/13;1200 UTC;;935,7;935,7;935,4;877,9;19,9;13,3;19,9;16,4;13,4;11,9;75;65;66;69;3,9;2,3;
2026/05/13;1300 UTC;;935,7;935,8;935,6;1829;22,4;12,4;22,5;19,8;13,2;11,9;66;52;53;60;6,8;4,6;
2026/05/13;1400 UTC;;935,6;935,8;935,6;2181;23;13,3;24;22,4;13,6;12,1;55;50;54;63;6,3;2,7;
2026/05/13;1500 UTC;;935,2;935,6;935,2;2350,7;26,1;14,7;26,2;23;15,1;13,3;56;49;49;13;4,3;1,7;
2026/05/13;1600 UTC;;934,3;935,2;934,3;2510,3;26,7;14,7;27,2;25,4;15,7;14,2;52;46;48;347;3,9;1,7;
2026/05/13;1700 UTC;;933,2;934,3;933,2;2689,3;27,9;15,2;28,9;26,6;15,7;14,4;49;43;46;277;6,8;2,8;
2026/05/13;1800 UTC;;932,8;933,3;932,8;2159,9;28;15,2;29,1;27,5;15,6;13,8;47;40;46;250;7,3;3,8;
2026/05/13;1900 UTC;;932,9;932,9;932,8;1760,3;27,8;15,1;29,2;27,6;16,1;14,4;47;43;46;243;6,8;2,9;
2026/05/13;2000 UTC;;933,2;933,2;932,8;838,1;26,3;15,2;28;26,1;15,7;14,2;51;45;50;247;6,2;2,3;
2026/05/13;2100 UTC;;933,5;933,6;933,2;258,4;24,1;15,3;26,3;24,1;15,7;15,1;58;50;58;253;3,9;2,7;
2026/05/13;2200 UTC;;933,8;933,9;933,5;;22,2;15,4;24,1;22,2;15,7;15,1;65;58;65;276;3,5;1,7;
2026/05/13;2300 UTC;;934,2;934,2;933,8;;21,8;15,5;22,8;21,7;15,8;15,3;68;63;67;307;2,2;1,5;
2026/05/14;0000 UTC;;934,4;934,4;934,2;;20,9;15,3;21,8;20,8;15,5;15,3;71;67;71;316;2,1;1,1;
2026/05/14;0100 UTC;;934,4;934,5;934,3;;19,9;15,5;20,9;19,4;15,6;15,2;78;71;76;132;1,4;1;
2026/05/14;0200 UTC;;934,3;934,4;934,3;;19,8;15,5;20,4;19,8;15,6;15,3;76;74;76;68;2,8;2,2;
2026/05/14;0300 UTC;;934,1;934,3;934;;18,6;15,5;19,8;18,6;15,7;15,5;82;76;82;49;3,3;2,5;
2026/05/14;0400 UTC;;933,6;934,1;933,6;;17,9;15,3;18,6;17,9;15,5;15,2;85;82;85;42;4,7;3,5;
2026/05/14;0500 UTC;;933,3;933,6;933,2;;17,9;15,3;18,1;17,8;15,5;15,3;86;84;85;40;4,5;1,3;
2026/05/14;0600 UTC;;932,5;933,3;932,5;;18,4;15,1;18,6;17,9;15,4;15,1;85;80;81;46;5,3;4,2;
2026/05/14;0700 UTC;;932,4;932,6;932,3;;17,9;15;18,4;17,9;15,1;14,9;83;80;83;34;5,3;3,8;
2026/05/14;0800 UTC;;932,7;932,7;932,1;;18,2;14,9;18,2;17,9;15,1;14,9;84;81;81;19;5,4;2,7;
2026/05/14;0900 UTC;;933,1;933,1;932,7;;18,6;14,7;18,9;18,2;14,9;14,7;81;77;78;42;4,7;3,7;
2026/05/14;1000 UTC;;933,8;933,8;933,1;1,2;18,2;14,8;18,6;18,2;14,8;14,7;80;78;80;41;4,6;3,6;
2026/05/14;1100 UTC;;934,6;934,6;933,8;367,1;21,1;15,6;21,2;18,2;15,7;14,8;81;70;71;35;4,5;1,6;
2026/05/14;1200 UTC;;934,8;935;934,4;995,4;23,8;15,7;24,1;21,1;16,3;15,4;72;60;60;41;4,8;2,6;
2026/05/14;1300 UTC;;935,4;935,4;934,8;1605,3;25,7;16,7;25,7;23,7;16,8;14,9;61;56;58;38;5,3;3,2;
2026/05/14;1400 UTC;;935,1;935,5;935,1;2144,9;28,1;17;28,1;25,7;17,2;16,2;58;50;51;53;5,5;3;
2026/05/14;1500 UTC;;934,5;935,2;934,5;2564,6;28,2;16,1;30;28;17,2;15,5;51;44;48;347;7,1;4;
2026/05/14;1600 UTC;;933,7;934,6;933,7;2469;29,9;15,6;30,9;28;17,4;15,1;50;40;42;319;7,1;3,3;
2026/05/14;1700 UTC;;933,1;933,7;933,1;1794,5;29,2;15,7;30,9;28,3;17,3;15;49;39;44;252;6,4;2,8;
2026/05/14;1800 UTC;;932,5;933,1;932,4;1040,1;29,5;16;29,6;28,5;16,2;15,2;46;43;44;237;5,5;3,1;
2026/05/14;1900 UTC;;932,1;932,5;932,1;1768,5;29,5;16,4;30,6;29,2;16,6;15,2;45;41;45;245;7,1;3,6;
2026/05/14;2000 UTC;;932,6;932,6;932,1;1027,3;28,3;16,4;29,8;28,3;16,6;15,7;49;44;48;240;6,2;2,9;
2026/05/14;2100 UTC;;933,2;933,2;932,6;218,4;25,6;16,4;28,3;25,6;16,6;16,1;57;48;57;251;4,6;2,6;
2026/05/14;2200 UTC;;933,6;933,6;933,2;;24,9;16,4;25,6;24,7;16,5;16,3;60;57;59;247;3,4;2,1;
2026/05/14;2300 UTC;;934,1;934,1;933,6;;24,5;16,5;24,9;24,4;16,8;16,4;62;59;61;210;2,6;,9;
2026/05/15;0000 UTC;;934,7;934,7;934,1;;23,4;17,2;24,5;23,3;17,5;16,4;69;61;68;34;3,7;2,5;
2026/05/15;0100 UTC;;935,1;935,1;934,7;;22,4;17,9;23,4;22,2;18;17,1;77;68;76;30;6,9;3,5;
2026/05/15;0200 UTC;;935,3;935,4;935,1;;21,5;18,1;22,4;21,5;18,1;17,9;81;76;81;18;5;3;
2026/05/15;0300 UTC;;935,2;935,4;935,2;;21,2;18,2;21,7;21,2;18,5;18,1;83;81;83;18;4,7;2,3;
2026/05/15;0400 UTC;;934,6;935,3;934,6;;20,7;18,5;21,2;20,5;18,5;18,2;87;83;87;23;3,5;2,1;
2026/05/15;0500 UTC;;934,3;934,7;934,2;;20,8;18,4;21;20,3;18,6;18,1;89;85;86;9;3,6;2,1;
2026/05/15;0600 UTC;;933,6;934,2;933,6;;20,2;18,5;21;20,2;18,7;18,4;90;86;90;14;3,6;2,5;
2026/05/15;0700 UTC;;933,5;933,8;933,4;;20,4;18,4;20,6;20,2;18,5;18,4;90;87;88;32;4,2;3;
2026/05/15;0800 UTC;;933,2;933,5;933;;19,8;18,3;20,4;19,8;18,4;18,2;91;88;91;57;4,5;3,4;
2026/05/15;0900 UTC;;933,8;933,9;933,2;;19,4;17,9;19,8;19,4;18,4;17,9;92;90;91;46;4,9;3,6;
2026/05/15;1000 UTC;;934,1;934,1;933,7;;18,7;17,8;19,4;18,7;18;17,7;94;91;94;32;6,4;4;
2026/05/15;1100 UTC;;935,1;935,1;934,1;286,4;21,4;18,8;21,4;18,7;18,8;17,8;94;85;85;23;5;3,9;
2026/05/15;1200 UTC;;935,5;935,5;934,9;708,6;22,3;19;22,3;21,4;19,1;18,3;85;80;82;16;5,7;2,3;
2026/05/15;1300 UTC;;936,2;936,2;935,5;750,4;24;18,4;24;22,3;19,3;18,4;82;71;71;331;3,7;1,5;
2026/05/15;1400 UTC;;937;937,2;936,2;638,4;20,8;19,1;25,1;20,8;20;18,5;91;68;90;216;9,3;5,4;
2026/05/15;1500 UTC;;936,1;937;936,1;1010,9;21,9;20;21,9;20,6;20,1;19;93;89;89;161;8,9;2,3;
2026/05/15;1600 UTC;;935;936,1;935;1321,6;23,1;19,2;23,6;21,9;20,6;18,9;89;76;79;100;3,8;,9;
2026/05/15;1700 UTC;;934,3;935;934,2;736,5;23,7;19,2;23,7;23,1;19,7;19;80;76;76;247;2;,7;
2026/05/15;1800 UTC;;933,7;934,3;933,7;715,5;23;19;23,7;22,8;20,1;18,9;84;76;78;239;5,7;3,5;
2026/05/15;1900 UTC;;933;933,7;933;465,8;22,3;19,2;23,2;22,3;19,2;18,7;83;77;83;242;5,7;1,4;
2026/05/15;2000 UTC;;932,9;933;932,6;386,5;22,2;19,5;22,4;22,1;19,9;19,2;87;82;85;206;2,9;,7;
2026/05/15;2100 UTC;;933,3;933,4;932,8;274,9;21,7;19,5;22,7;21,7;20,1;19,5;88;84;87;231;4;1,3;
2026/05/15;2200 UTC;;933,1;933,4;933,1;;20,1;19,1;21,7;20,1;19,5;19;94;87;94;108;1,7;1;
2026/05/15;2300 UTC;;933,3;933,3;933,1;;19,7;18,9;20,3;19,7;19,4;18,8;95;94;95;78;2,7;2,3;
2026/05/16;0000 UTC;;933,5;933,5;933,3;;19,9;19,6;20;19,4;19,9;18,8;100;95;98;69;3,5;2,4;
2026/05/16;0100 UTC;;933,5;933,6;933,5;;18,5;;20,5;18,5;19,9;18,6;100;95;;41;6,4;3,6;
2026/05/16;0200 UTC;;933,4;933,6;933,4;;19,2;19;19,2;18,5;;;;;99;56;5,9;4,5;
2026/05/16;0300 UTC;;933,3;933,4;933,2;;18,1;18,1;19,2;18,1;19,2;18,1;100;97;100;50;7,2;4,7;
2026/05/16;0400 UTC;;933;933,4;933;;17,7;;18,1;17,7;;;;;;32;5,7;2,6;
2026/05/16;0500 UTC;;932,7;933;932,7;;17,5;;17,8;17,1;;;;;;42;3,4;1,5;
2026/05/16;0600 UTC;;932,4;932,7;932,4;;17;;17,5;16,9;;;;;;52;3,1;,7;
2026/05/16;0700 UTC;;932,2;932,5;932,2;;17,3;;17,4;17;;;;;;45;4,5;3,6;
2026/05/16;0800 UTC;;932,4;932,4;932,1;;17;;17,4;16,9;;;;;;50;4,7;1,8;
2026/05/16;0900 UTC;;932,7;932,7;932,3;;17;;17,3;17;;;;;;38;5,1;4;
2026/05/16;1000 UTC;;933,3;933,3;932,7;;17,5;17;17,5;17;17,2;16,9;100;97;97;36;5,5;3,9;
2026/05/16;1100 UTC;;934;934;933,3;217,7;18,3;17,6;18,3;17,5;17,6;16,9;97;96;96;12;5,1;3,4;
2026/05/16;1200 UTC;;934,5;934,5;934;691,7;20;18,7;20;18,3;18,7;17,6;96;91;92;27;5,5;3,5;
2026/05/16;1300 UTC;;934,9;935;934,5;1057,8;21,7;19,2;21,8;20;19,6;18,4;92;85;86;37;5;3,4;
2026/05/16;1400 UTC;;934,6;935;934,6;1273,4;23,8;19,4;23,8;21,7;19,7;18,8;87;75;76;20;5;2,7;
2026/05/16;1500 UTC;;934,1;934,6;934,1;1478;25,8;18,5;25,8;23,8;19,9;18,5;76;64;64;31;4,2;2,2;
2026/05/16;1600 UTC;;933,3;934,1;933,3;1909,7;27,8;19,2;28,1;25,8;19,8;18,3;67;58;60;45;5,1;2,1;
2026/05/16;1700 UTC;;932,5;933,3;932,5;1419;27,6;18,4;28,4;27,3;19,8;18,2;61;57;57;13;6,1;3,1;
2026/05/16;1800 UTC;;932;932,5;932;1358,1;27,8;18,6;28,8;27,6;19,3;18,1;59;55;58;350;5,9;3,8;
2026/05/16;1900 UTC;;931,6;932;931,6;892,8;27,1;18,8;27,9;27;19;18,2;62;56;61;5;5,9;3;
2026/05/16;2000 UTC;;931,5;931,6;931,4;478,6;26,1;19,3;27,2;26,1;19,3;18,1;67;59;67;35;5,4;1,5;
2026/05/16;2100 UTC;;931,5;931,6;931,3;135,9;24,3;19,1;26,1;24,3;19,7;18,9;73;67;73;12;3;2,3;
2026/05/16;2200 UTC;;931,9;932;931,5;;22,9;18,8;24,2;22,9;19,3;18,7;78;73;78;341;2,8;1,8;
2026/05/16;2300 UTC;;932,7;932,7;931,9;;22,1;19;22,9;21,9;19;18,4;83;77;82;34;3,5;3,2;
2026/05/17;0000 UTC;;933,2;933,2;932,7;;21,3;19,3;22,2;21,3;19,4;19;88;82;88;44;3,6;2,9;
2026/05/17;0100 UTC;;933,3;933,3;933,1;;20,8;19,6;21,4;20,8;19,7;19,2;93;88;93;41;3,7;3,3;
2026/05/17;0200 UTC;;933,4;933,5;933,3;;19,9;19,2;20,8;19,9;19,7;19,2;96;93;96;36;3,7;2,8;
2026/05/17;0300 UTC;;933,1;933,4;933,1;;19,8;18,8;20,3;19,8;19,3;18,8;96;93;94;39;3,6;1,8;
2026/05/17;0400 UTC;;932,8;933,1;932,8;;20;18,6;20,2;19,7;18,9;18,5;95;91;92;34;4,5;3,7;
2026/05/17;0500 UTC;;931,9;932,8;931,9;;20,4;18,4;20,6;20;18,6;18,4;92;88;88;33;5,9;4;
2026/05/17;0600 UTC;;931,3;931,9;931,3;;20,1;18,1;20,4;20,1;18,4;18,1;89;88;88;37;5;4,1;
2026/05/17;0700 UTC;;931,2;931,4;931,1;;19,1;17,9;20,1;19,1;18,2;17,9;93;88;93;33;5;3,7;
2026/05/17;0800 UTC;;931;931,2;931;;19,4;17,9;19,7;19;18,1;17,7;93;90;91;40;5,4;4,4;
2026/05/17;0900 UTC;;931,3;931,3;930,9;;19,3;17,8;19,5;19,1;17,9;17,7;92;91;91;32;5,6;3,8;
2026/05/17;1000 UTC;;931,9;931,9;931,3;;19,3;17,7;19,6;18,8;17,9;17,6;93;89;90;34;5,6;3,7;
2026/05/17;1100 UTC;;932,8;932,8;931,9;183,8;20,5;18,1;20,5;19,1;18,3;17,6;92;87;87;37;4,7;2,8;
2026/05/17;1200 UTC;;933,2;933,2;932,8;899,3;23,6;19,1;23,6;20,5;19,2;18,2;87;76;76;29;5,5;4,2;
2026/05/17;1300 UTC;;933,4;933,5;933,2;1653,5;27,1;19,3;27,1;23,6;19,6;18,8;76;62;62;18;6,3;3,9;
2026/05/17;1400 UTC;;933,4;933,5;933,2;2282,4;29,5;18,1;29,8;26,9;19,8;17,6;63;50;50;323;7,8;5,4;
2026/05/17;1500 UTC;;933,1;933,4;933,1;2075;29,1;17,7;30,3;28,8;18,3;17,1;52;47;50;289;10;6;
2026/05/17;1600 UTC;;932,6;933,1;932,6;1536,6;28,6;17,5;29,3;28,3;18;17,2;52;49;51;303;10;5,6;
2026/05/17;1700 UTC;;932;932,6;932;1732,3;28,5;17,8;30,6;28,5;18,5;17,2;53;47;53;293;9,4;5,2;
2026/05/17;1800 UTC;;931,1;932;931,1;1059,5;28,5;18,3;29,7;28,2;18,9;17,6;55;50;54;312;7,5;4,1;
2026/05/17;1900 UTC;;930,8;931,1;930,8;947;28,1;18,4;29,3;28,1;18,8;17,9;56;52;56;270;7,8;3,3;
2026/05/17;2000 UTC;;931,1;931,1;930,8;341,2;27,1;18,5;28,1;27,1;18,9;18,3;61;56;59;262;5,6;2,5;
2026/05/17;2100 UTC;;931,7;931,7;931,1;130,2;25,6;18,8;27,1;25,6;18,8;18,3;66;59;66;273;4,3;1,2;
2026/05/17;2200 UTC;;932,6;932,6;931,6;;24,3;18,8;25,6;24,3;18,9;18,4;71;66;71;269;2,3;1,3;
2026/05/17;2300 UTC;;933,4;933,4;932,5;;20,2;18;24,4;20,2;19,1;18;87;71;87;136;10,8;6,3;
2026/05/18;0000 UTC;;934,6;934,7;933,4;;19,3;18,3;20,2;19,2;18,3;17,8;94;87;94;119;10,8;3,9;
2026/05/18;0100 UTC;;935;935,2;934,6;;18,7;18,7;19,3;18,6;18,7;17,9;100;94;100;122;7;3;
2026/05/18;0200 UTC;;935,2;935,3;935;;18,8;18,7;18,8;18,5;18,7;18,5;100;100;100;91;5,3;2,7;
2026/05/18;0300 UTC;;935,4;935,6;935,2;;18,8;18,8;18,9;18,8;18,8;18,5;100;98;100;56;7,9;5,3;
2026/05/18;0400 UTC;;935,4;935,6;935,2;;18,6;18,6;18,9;18,6;18,9;18,6;100;99;100;58;7,6;4,4;
2026/05/18;0500 UTC;;934,7;935,4;934,7;;18,5;;18,6;18,5;;;;;;50;7;5,1;
2026/05/18;0600 UTC;;933,9;934,7;933,8;;18,4;;18,6;18,4;;;;;;61;7,6;4,5;
2026/05/18;0700 UTC;;933,6;934,1;933,6;;18,3;;18,4;18,2;;;;;;35;6,6;4,6;
2026/05/18;0800 UTC;;934;934;933,6;;18,2;;18,3;18,2;;;;;;17;6,2;3;
2026/05/18;0900 UTC;;934,4;934,4;934;;18,3;18,3;18,3;18,2;;;;;100;27;6;3,5;
2026/05/18;1000 UTC;;934,9;934,9;934,4;;18,2;;18,3;18,2;;;;;;64;5,1;2,2;
2026/05/18;1100 UTC;;935,7;935,7;934,9;51,2;18,4;;18,4;18,2;;;;;;55;3,6;2,2;
2026/05/18;1200 UTC;;936,3;936,3;935,7;293,7;19,3;18,7;19,3;18,4;;;;;96;33;3,5;,8;
2026/05/18;1300 UTC;;936,5;936,5;936,2;638,4;20,8;19;20,8;19,3;19,1;18,2;96;89;89;97;1,9;,9;
2026/05/18;1400 UTC;;936,6;936,6;936,4;1879,2;23,8;19,3;24;20,9;20;18,3;89;76;76;174;2,4;,9;
2026/05/18;1500 UTC;;936,4;936,6;936,4;1361,7;22,6;18,7;23,8;22,6;20;18,4;81;75;79;212;3,4;2,2;
2026/05/18;1600 UTC;;936;936,4;936;955,5;22,5;19,1;23,6;22,4;19,6;18,4;82;75;81;217;4,5;2,5;
2026/05/18;1700 UTC;;935,8;936;935,8;764;21,7;19,7;22,7;21,6;19,9;19;89;81;88;214;5,7;3,2;
2026/05/18;1800 UTC;;935,5;935,8;935,5;468,2;20,3;19,8;21,7;20,2;19,9;19,4;97;87;97;205;6,6;3,2;
2026/05/18;1900 UTC;;935,2;935,6;935,2;201,2;19,5;;20,3;19,3;;;;;;169;6,4;3,5;
2026/05/18;2000 UTC;;934,7;935,2;934,6;271,8;19,6;;19,7;19,4;;;;;;135;6,2;2,8;
2026/05/18;2100 UTC;;935,1;935,1;934,6;96,8;19,1;;19,6;19,1;;;;;;181;5,1;3,1;
2026/05/18;2200 UTC;;935,8;935,8;935,1;1,2;18,3;;19,2;18,2;;;;;;166;7;4,4;
2026/05/18;2300 UTC;;936,3;936,3;935,8;,2;18;;18,3;18;;;;;;161;6,8;3;
2026/05/19;0000 UTC;;936,5;936,5;936,2;0;17,8;;18;17,8;;;;;;147;6,1;3,5;
2026/05/19;0100 UTC;;936,7;936,7;936,5;;17,9;;17,9;17,8;;;;;;143;6,6;3,4;
2026/05/19;0200 UTC;;936,8;936,8;936,4;;17,6;;17,9;17,6;;;;;;171;6,1;3,3;
2026/05/19;0300 UTC;;936,4;936,8;936,3;,2;17,4;;17,6;17,3;;;;;;143;6,1;3,4;
2026/05/19;0400 UTC;;936,5;936,7;936,3;,3;16,7;;17,4;16,7;;;;;;160;7,1;4,3;
2026/05/19;0500 UTC;;936,3;936,5;936;;16,6;;16,7;16,6;;;;;;156;7,4;3,5;
2026/05/19;0600 UTC;;935,7;936,3;935,7;;16,1;;16,6;16,1;;;;;;106;6,5;3,3;
2026/05/19;0700 UTC;;935,2;935,8;935,2;;16,2;;16,3;16,1;;;;;;100;5,4;2,4;
2026/05/19;0800 UTC;;935,8;935,9;935,2;;16,3;;16,4;16,2;;;;;;192;4;1,5;
2026/05/19;0900 UTC;;936;936;935,5;;15,9;;16,3;15,9;;;;;;152;6;3,3;
2026/05/19;1000 UTC;;936,3;936,3;936;1;15,3;;15,9;15,3;;;;;;137;6;2,8;
2026/05/19;1100 UTC;;936,9;936,9;936,3;66,8;15,4;;15,5;15,3;;;;;;134;5,2;3,4;
2026/05/19;1200 UTC;;937,7;937,8;936,9;332,6;15,9;;16;15,3;;;;;;107;5,7;3;
2026/05/19;1300 UTC;;937,7;937,8;937,5;1005,7;17,8;;17,8;15,9;;;;;;74;6,2;3,9;
2026/05/19;1400 UTC;;937,8;937,9;937,6;1185,4;19,3;17,3;19,3;17,8;17,9;16,9;100;88;88;92;6,2;2,3;
2026/05/19;1500 UTC;;937,2;937,8;937,2;1191,1;20,6;17,5;20,7;19,3;17,9;17,2;88;82;82;84;5,4;2,9;
2026/05/19;1600 UTC;;936,5;937,3;936,5;2216,8;23;18,6;23;20,6;18,7;17,3;83;76;76;82;4,5;2,1;
2026/05/19;1700 UTC;;935,6;936,5;935,6;1670,1;23,1;18,5;23,1;22,2;18,7;17,6;78;73;75;166;4,1;1,5;
2026/05/19;1800 UTC;;935,4;935,7;935,4;760;22,4;18,3;23,1;22,4;18,6;17,8;78;73;78;195;3,8;2,1;
2026/05/19;1900 UTC;;935,1;935,4;935;599,5;22,4;18,7;22,9;22,2;19,1;18,3;80;76;80;207;3,6;1,3;
2026/05/19;2000 UTC;;935;935,1;934,9;322;21,8;18,9;22,4;21,8;19;18,6;84;79;84;203;3,4;1,4;
2026/05/19;2100 UTC;;935,2;935,2;935;83,7;21,3;19,2;21,8;21,3;19,3;18,8;88;83;88;190;2,3;1;
2026/05/19;2200 UTC;;935,5;935,5;935,1;0;20,4;18,6;21,3;20,4;19,3;18,5;89;87;89;146;4,5;2,2;
2026/05/19;2300 UTC;;935,9;936;935,5;;19,4;18,6;20,4;19,4;18,7;18,6;95;89;95;131;3,5;1,5;
2026/05/20;0000 UTC;;936,3;936,4;935,9;;18,6;18,5;19,4;18,6;18,6;18,3;100;95;100;161;3,4;2,1;
2026/05/20;0100 UTC;;937,1;937,1;936,3;;18,2;;18,6;18,2;;;;;;169;4,3;2,3;
2026/05/20;0200 UTC;;937;937,4;937;;17,8;;18,2;17,7;;;;;;133;5,5;3;
2026/05/20;0300 UTC;;937;937,1;936,9;;17,3;;17,8;17,3;;;;;;137;4,8;2,7;
2026/05/20;0400 UTC;;936,7;937,1;936,7;;17;;17,4;17;;;;;;147;5,2;3,3;
2026/05/20;0500 UTC;;936,2;936,7;936,1;;16,6;;17;16,6;;;;;;141;5,3;3,1;
2026/05/20;0600 UTC;;936;936,2;936;;16,3;;16,6;16,3;;;;;;143;5,7;3,5;
2026/05/20;0700 UTC;;935,6;936;935,5;;16;;16,3;16;;;;;;127;5,7;3,1;
2026/05/20;0800 UTC;;935,8;935,8;935,6;;15,7;;16,1;15,7;;;;;;118;5;3,2;
2026/05/20;0900 UTC;;936;936;935,7;;15,8;;15,8;15,7;;;;;;105;5,5;2,2;
2026/05/20;1000 UTC;;936,8;936,8;936;,6;15,8;;15,8;15,7;;;;;;106;5;2,9;
2026/05/20;1100 UTC;;937,6;937,6;936,8;66,5;16,1;;16,2;15,8;;;;;;97;5,7;2,5;
2026/05/20;1200 UTC;;938,3;938,3;937,6;339,2;17,1;16,5;17,1;16,1;;;;;96;108;5,4;3,1;
2026/05/20;1300 UTC;;938,4;938,5;938,2;793,4;18;16,6;18,3;17,1;17;16,2;96;90;92;98;7;3,5;
2026/05/20;1400 UTC;;938,1;938,5;938,1;1622;20;17;20,4;18;17,9;16,5;92;82;83;81;7,1;4,2;
2026/05/20;1500 UTC;;937,7;938,2;937,7;2339,3;22;17,7;22,3;20;18,1;17;83;76;76;76;6,9;3,3;
2026/05/20;1600 UTC;;937;937,7;937;2221,6;22,9;17,9;23,6;22;18,6;17,3;77;71;73;111;5,3;2,5;
2026/05/20;1700 UTC;;936,2;937;936,2;1850;23,8;18,5;24,1;22,8;18,9;17,5;74;71;72;75;5,3;1,5;
2026/05/20;1800 UTC;;935,6;936,2;935,6;1382,4;23,8;18,3;24,4;23,4;19;17,7;74;70;71;98;3,6;1,6;
2026/05/20;1900 UTC;;935,6;935,6;935,5;790,3;23,9;18,5;24,3;23,6;18,7;17,9;72;69;72;222;3;1;
2026/05/20;2000 UTC;;935,7;935,7;935,6;310,7;23,6;18,4;23,9;23,5;18,7;18,1;74;71;73;204;1,9;,8;
2026/05/20;2100 UTC;;936;936;935,7;117,5;21,7;18,8;23,5;21,7;18,9;18,4;83;73;83;215;4,3;1,8;
2026/05/20;2200 UTC;;936,3;936,3;936;;20,2;18,2;21,7;20,2;19;18,1;88;83;88;178;5;2,7;
2026/05/20;2300 UTC;;936,8;936,8;936,3;;18,9;18;20,2;18,9;18,3;18;94;88;94;152;5,1;2,6;
2026/05/21;0000 UTC;;937,2;937,2;936,8;;18,1;17,8;18,9;18,1;18,1;17,8;98;95;98;150;4;2;
2026/05/21;0100 UTC;;937,2;937,2;937,1;;17,6;;18,1;17,6;18;17,6;100;98;;168;3,5;2,2;
2026/05/21;0200 UTC;;937,2;937,3;937,1;;17,5;;17,7;17,3;;;;;;158;5,1;2;
2026/05/21;0300 UTC;;937;937,2;937;;17,3;;17,5;17,3;;;;;;115;4,9;2,7;
2026/05/21;0400 UTC;;937;937,1;936,9;;17,2;;17,3;17,1;;;;;;93;4,2;1,1;
2026/05/21;0500 UTC;;936,5;937;936,5;;17,3;;17,3;16,8;;;;;;133;4,1;2,2;
2026/05/21;0600 UTC;;936;936,5;936;;17,5;;17,5;17,3;;;;;;145;5,2;2,9;
2026/05/21;0700 UTC;;936;936;935,8;;17,6;;17,6;17,5;;;;;;135;6,4;2,9;
2026/05/21;0800 UTC;;936,4;936,4;936;;17,2;;17,6;17,2;;;;;;136;7,7;4,3;
2026/05/21;0900 UTC;;936,5;936,5;936,4;;16,9;;17,2;16,8;;;;;;129;7,7;3,4;
2026/05/21;1000 UTC;;937;937;936,5;;16,9;;16,9;16,8;;;;;;144;5,1;2,4;
2026/05/21;1100 UTC;;937,7;937,7;937;71,1;17,3;17,1;17,3;16,9;;;;;99;123;4,3;2,2;
2026/05/21;1200 UTC;;938,2;938,2;937,7;296,6;18;17,1;18;17,3;17,3;17;99;94;95;138;5,3;3,4;
2026/05/21;1300 UTC;;938,5;938,5;938,2;717,5;19,2;17,2;19,2;18;17,3;16,9;95;88;88;142;6,2;3,7;
2026/05/21;1400 UTC;;938,2;938,6;938,2;1072,8;19,9;17,3;20,2;18,9;17,6;16,8;88;83;85;134;6,3;4;
2026/05/21;1500 UTC;;937,7;938,2;937,7;1907,9;21,6;16,9;22;19,8;17,7;16,8;85;74;75;97;6,4;3;
2026/05/21;1600 UTC;;937;937,7;937;1585;22;16,5;22,7;21,3;17,7;16,5;77;71;71;98;7,2;3,1;
2026/05/21;1700 UTC;;936,4;937;936,4;1339,4;22,4;17,2;22,9;21,9;17,5;16,5;74;70;72;110;6,1;2,6;
2026/05/21;1800 UTC;;935,5;936,4;935,5;1507,4;23,5;16,8;23,7;22,3;17,5;16,7;72;66;66;68;5,2;2,5;
2026/05/21;1900 UTC;;935,6;935,6;935,5;1128,5;23,2;17,5;23,9;22,6;17,6;16,6;71;65;70;102;5,1;1,7;
2026/05/21;2000 UTC;;935,7;935,8;935,6;450,2;22,5;16,6;23,2;22,4;17,3;16,6;72;69;69;102;4,1;1,7;
2026/05/21;2100 UTC;;936;936;935,7;117,5;21,5;17;22,5;21,5;17;16,3;75;69;75;101;3,5;1,2;
2026/05/21;2200 UTC;;936,6;936,6;936;;20,1;17,1;21,5;20,1;17,3;17;83;76;83;107;3,3;1,8;
2026/05/21;2300 UTC;;937,1;937,1;936,6;;18,9;17;20;18,9;17;16,9;88;83;88;119;3,5;2,5;
2026/05/22;0000 UTC;;937,8;937,8;937;;18,5;17;19,1;18,4;17,1;16,9;91;88;91;110;3,6;2,4;
2026/05/22;0100 UTC;;937,4;937,8;937,4;;17,8;16,6;18,5;17,7;17;16,4;93;90;92;106;4,5;2,3;
2026/05/22;0200 UTC;;937,1;937,4;937,1;;16,9;16,4;17,8;16,7;16,5;16,1;97;92;97;111;4,5;2,1;
2026/05/22;0300 UTC;;936,9;937,2;936,9;;16,5;16,2;17,1;16,3;16,5;15,9;98;96;98;119;3,5;3;
2026/05/22;0400 UTC;;936,3;936,9;936,3;;16,8;16,3;17,1;16,5;16,6;16,2;99;96;97;84;3,8;2,2;
2026/05/22;0500 UTC;;936,1;936,3;936,1;;16,4;16;16,9;16,4;16,3;16;97;96;97;94;3,8;1,7;
2026/05/22;0600 UTC;;935,9;936,1;935,8;;15,9;;16,4;15,7;16;15,7;100;97;;123;3,6;2,3;
2026/05/22;0700 UTC;;935,7;936;935,5;;16,3;;16,4;15,8;;;;;;95;4;1,8;
2026/05/22;0800 UTC;;935,7;936;935,7;;16;;16,3;15,7;;;;;;94;3,7;1,5;
2026/05/22;0900 UTC;;936,5;936,5;935,5;;16;16;16,2;16;;;;;100;102;3,6;1,2;
2026/05/22;1000 UTC;;936,8;937,1;936,3;;16,3;15,7;16,4;15,8;16,3;15,7;100;96;96;89;4,4;2,6;
2026/05/22;1100 UTC;;937,7;937,7;936,8;161,4;17,1;16,3;17,1;16,2;16,3;15,6;97;95;95;95;4,4;1,7;
2026/05/22;1200 UTC;;937,6;938;937,3;696,2;18,4;17;18,4;17,1;17,2;16,3;95;92;92;110;6,5;3,2;
2026/05/22;1300 UTC;;938,6;938,6;937,6;845,5;19,7;17,3;19,9;18,4;17,7;17;92;84;86;123;7,2;3,6;
2026/05/22;1400 UTC;;938,3;938,7;937,7;1682,4;21,8;17,7;22,4;19,8;18,5;17,1;86;74;77;101;7,1;3,4;
2026/05/22;1500 UTC;;937,8;938,3;937,6;1678,4;22,2;17,3;23,6;21,5;18,4;17,1;78;70;74;83;7,1;3,9;
2026/05/22;1600 UTC;;937,1;937,8;937;677,5;22,2;18,8;22,4;21,3;18,8;17;84;73;81;111;5,9;1,3;
2026/05/22;1700 UTC;;936,4;937,1;936,4;657,5;22,5;17,9;22,8;22,2;18,8;17,5;81;72;75;119;4,4;2,1;
2026/05/22;1800 UTC;;935,9;936,4;935,9;1329,8;23,7;18,2;24;22,4;19;17,7;80;69;71;147;4,3;2,3;
2026/05/22;1900 UTC;;935,9;935,9;935,7;910,6;22,9;19,3;24,1;22,9;19,3;17,8;80;69;80;197;4,3;2,2;
2026/05/22;2000 UTC;;936,1;936,2;935,7;504;22;19,4;23;21,9;19,6;19,1;86;80;86;192;4,4;2,1;
2026/05/22;2100 UTC;;936,2;936,5;936;91,6;21,1;19,1;22;21,1;19,4;19,1;89;85;89;171;3,5;1,4;
2026/05/22;2200 UTC;;936,4;936,5;936,1;;20,4;19,1;21,1;20,3;19,2;19,1;93;89;92;162;3,2;2,1;
2026/05/22;2300 UTC;;937,2;937,2;936,4;;20,1;19;20,4;20,1;19,1;18,9;93;92;93;164;3,2;1,3;
2026/05/23;0000 UTC;;937,6;937,6;937,1;;19,9;18,8;20,1;19,9;19,1;18,8;94;93;93;145;2,6;1,7;
2026/05/23;0100 UTC;;937,7;937,7;937,5;;19,1;18,4;19,9;19,1;18,8;18,4;95;93;95;136;3,4;1,9;
2026/05/23;0200 UTC;;937,6;937,8;937,4;;18,8;18,3;19,1;18,7;18,4;18,1;97;95;97;168;2,6;1,3;
2026/05/23;0300 UTC;;937,3;937,7;937,2;;18,7;17,8;18,8;18,5;18,3;17,7;97;95;95;121;3,1;2,1;
2026/05/23;0400 UTC;;937,4;937,5;937,2;;18,3;17,6;18,7;18,3;17,8;17,6;96;94;96;139;3,3;2,1;
2026/05/23;0500 UTC;;936,9;937,4;936,8;;18,1;17,6;18,3;18,1;17,8;17,6;97;96;97;118;3,5;1,5;
2026/05/23;0600 UTC;;936,5;936,9;936,4;;17,5;;18,1;17,5;17,8;17,3;100;97;;130;2,8;2,1;
2026/05/23;0700 UTC;;936,5;936,7;936,4;;17,6;17,2;17,8;17,4;;;;;98;129;5;2,2;
2026/05/23;0800 UTC;;936,4;936,6;936,3;;17,5;16,8;17,6;17,4;17,2;16,8;98;96;96;106;4,6;2,7;
2026/05/23;0900 UTC;;936,9;936,9;936,4;;17,3;16,6;17,5;17;16,8;16,5;98;96;96;96;4,6;1,5;
2026/05/23;1000 UTC;;937,3;937,3;936,8;;17;16,5;17,3;17;16,7;16,4;97;95;97;91;3,7;1,2;
2026/05/23;1100 UTC;;937,8;937,8;937,3;118,5;17,6;16,8;17,6;16,8;16,9;16,4;98;95;95;111;3,7;2;
2026/05/23;1200 UTC;;938;938;937,7;450,6;18,7;17,3;18,7;17,6;17,4;16,8;95;91;91;109;5,7;2,4;
2026/05/23;1300 UTC;;938,2;938,2;937,9;676,4;20,3;18,1;20,3;18,7;18,1;17,2;92;86;87;92;4,6;2,3;
2026/05/23;1400 UTC;;938,1;938,2;938,1;1165,7;23,4;19,1;23,4;20,4;19,5;17,8;87;77;77;99;6,2;2,3;
2026/05/23;1500 UTC;;937,4;938,1;937,4;1653,3;23,9;18,7;24,1;22,7;19,3;18,1;78;72;73;86;6,5;3,4;
2026/05/23;1600 UTC;;936,5;937,4;936,5;1417;24,6;18,7;24,9;23,5;19,2;18,1;73;69;69;97;5,8;2,7;
2026/05/23;1700 UTC;;935,8;936,5;935,8;1448,4;25,3;18,9;25,5;24,5;19,2;18,4;70;66;67;109;6,2;2,1;
2026/05/23;1800 UTC;;935,2;935,8;935,2;994;25,3;18;25,5;25,1;18,9;17,6;67;63;64;98;4,5;2,3;
2026/05/23;1900 UTC;;935;935,2;935;793;25,8;18,4;25,8;25,2;18,5;17,6;66;62;63;108;3,6;1,9;
2026/05/23;2000 UTC;;935,2;935,2;935;642,6;24,8;18;26,4;24,8;18,9;17,7;66;60;66;99;3,8;1,5;
2026/05/23;2100 UTC;;935,4;935,5;935,2;116,3;22,7;18,4;24,8;22,7;18,8;18;77;66;77;119;2,7;2,2;
2026/05/23;2200 UTC;;935,2;935,5;935,2;;21,6;18,6;22,7;21,6;18,6;18,3;83;77;83;100;3,8;1,9;
2026/05/23;2300 UTC;;935,5;935,5;935,2;;20,7;18,5;21,7;20,6;18,6;18,1;87;82;87;98;3,8;1,3;
2026/05/24;0000 UTC;;935,7;935,8;935,4;;19,9;18;20,9;19,9;18,6;17,9;89;86;89;102;3,1;1,5;
2026/05/24;0100 UTC;;935,9;935,9;935,5;;19,9;17,8;20,3;19,1;18,2;17,4;91;86;88;78;3,9;2,7;
2026/05/24;0200 UTC;;935,7;936;935,7;;19,7;17,7;20,1;19,6;18;17,6;89;87;88;67;5,3;4,2;
2026/05/24;0300 UTC;;935,5;935,7;935,5;;18,3;17,1;19,8;18,3;17,8;17,1;93;88;93;47;5,3;2,8;
2026/05/24;0400 UTC;;935,2;935,5;935,2;;18,3;17,4;19,6;18,2;18,2;17,1;95;89;94;52;4,9;3;
2026/05/24;0500 UTC;;935,3;935,3;935,2;;17,7;17,2;18,3;17,6;17,6;17,1;97;94;97;285;3,7;,3;
2026/05/24;0600 UTC;;934,6;935,3;934,5;;18,6;17,5;18,8;17,6;18,3;17,2;100;93;93;50;2,7;1,8;
2026/05/24;0700 UTC;;933,8;934,6;933,7;;18,5;17,5;18,6;17,7;17,8;16,8;98;93;94;77;2,9;1,8;
2026/05/24;0800 UTC;;934,4;934,4;933,8;;17,4;17,4;18,5;17,4;17,5;16,7;100;94;100;211;2,7;1;
2026/05/24;0900 UTC;;934,8;934,8;934,3;;17,5;;17,6;17,3;;;;;;342;1,6;,3;
2026/05/24;1000 UTC;;935,7;935,7;934,8;;16,8;;17,6;16,7;;;;;;158;,9;,5;
2026/05/24;1100 UTC;;936;936;935,6;112,8;18;17,3;18,1;16,8;;;;;95;54;3,9;2,9;
2026/05/24;1200 UTC;;936,3;936,3;935,9;733,8;20;17,8;20,1;17,7;18;17,1;97;87;87;52;6,3;5;
2026/05/24;1300 UTC;;936,5;936,6;936,3;1323,1;22,2;18,1;22,5;20;18,7;17,6;88;77;77;51;6,3;3,6;
2026/05/24;1400 UTC;;936,3;936,6;936,3;1542,7;23,9;17,7;25,3;21,9;19,5;17,6;81;65;68;30;6,6;4,6;
2026/05/24;1500 UTC;;935,8;936,3;935,8;2186;26,6;17,5;26,9;23,8;19,1;17,5;70;57;58;21;6,6;4;
2026/05/24;1600 UTC;;935,1;935,8;935,1;2741,7;27,8;16,2;27,9;26,4;18;15,5;59;48;49;11;7,2;4,1;
2026/05/24;1700 UTC;;934,3;935,1;934,3;1946,3;28,6;15,6;28,6;26,7;16,7;12,1;53;40;45;348;8,5;2,6;
2026/05/24;1800 UTC;;933,9;934,3;933,9;1416,2;28,1;16,4;28,9;26,4;17,5;14,4;54;42;49;28;6;2,5;
2026/05/24;1900 UTC;;933,6;933,9;933,5;1671,8;27,4;14,1;28,9;27,2;15,6;13,5;49;40;44;7;5,7;2,2;
2026/05/24;2000 UTC;;933,5;933,6;933,5;1014,4;27,6;15,4;28,3;27,4;16;14,3;49;44;47;353;3,5;,8;
2026/05/24;2100 UTC;;933,8;933,8;933,5;175,3;24,1;16,9;27,6;24,1;17,5;14,7;66;46;64;216;2,3;1,1;
2026/05/24;2200 UTC;;934,1;934,1;933,8;;23,1;16,9;24,1;22,7;17,2;16,2;71;64;68;267;1,7;,7;
2026/05/24;2300 UTC;;934,5;934,5;934,1;;21,6;16,8;23,1;21,5;17,5;16,6;78;68;74;89;2,9;1,6;
2026/05/25;0000 UTC;;934,8;934,8;934,5;;21,5;16,3;21,7;20,9;16,9;16,3;77;72;72;46;2,7;1,5;
2026/05/25;0100 UTC;;934,8;934,8;934,6;;20,6;16,2;21,7;20,1;16,5;16,1;79;71;76;60;3,5;2,2;
2026/05/25;0200 UTC;;934,8;935;934,8;;19,1;17,5;20,5;18,7;17,7;16,2;92;76;90;40;3,7;2,4;
2026/05/25;0300 UTC;;934,6;934,8;934,5;;18,5;16,5;19,5;18,5;17,5;16,1;90;86;88;80;2,8;1,6;
2026/05/25;0400 UTC;;934,1;934,6;934,1;;18,4;15,9;19,2;18,4;17;15,9;90;82;85;74;3,8;2,4;
2026/05/25;0500 UTC;;933,8;934,2;933,8;;17,8;15,3;18,5;17,7;15,9;15,3;88;82;86;44;5,5;4,3;
2026/05/25;0600 UTC;;933,8;933,9;933,7;;17,1;15,6;17,9;17;15,8;15,3;91;85;91;41;5,5;2,6;
2026/05/25;0700 UTC;;933,6;933,8;933,6;;17,6;14,8;17,6;17;15,6;14,8;91;84;84;19;4,8;4,4;
2026/05/25;0800 UTC;;933,7;933,7;933,5;;17,5;14,6;17,6;17,1;14,9;14,5;85;83;83;27;4,8;4;
2026/05/25;0900 UTC;;934,4;934,4;933,7;;16,7;14,7;17,5;16,6;14,7;14,5;88;83;88;48;4,5;3,1;
2026/05/25;1000 UTC;;935,2;935,2;934,4;;16;14,7;17,4;15,6;15,5;13,8;92;86;92;101;3,9;,9;
2026/05/25;1100 UTC;;936;936;935,2;217,7;17,9;15,2;18;16;15,6;14,9;93;84;84;50;4,8;4;
2026/05/25;1200 UTC;;936,6;936,6;936;823,8;22,1;15,9;22,1;17,9;16,5;15,1;84;68;68;37;4,8;1,1;
2026/05/25;1300 UTC;;937;937;936,6;1586,6;24,5;16,3;24,6;22,1;17,2;15,9;69;60;60;16;2,5;1,4;
2026/05/25;1400 UTC;;937;937,1;936,9;2054;26,9;16,2;26,9;24,5;17,2;15,6;61;51;52;72;3,3;1,6;
2026/05/25;1500 UTC;;936,4;937;936,4;2361,9;28;17,2;28;26,9;17,6;15,5;55;48;52;21;5;2,1;
2026/05/25;1600 UTC;;935,5;936,4;935,5;2554,4;28,2;14,8;29,4;27,2;17,1;14,6;52;42;44;335;6,5;3,3;
2026/05/25;1700 UTC;;934,7;935,5;934,7;2052,9;28,2;15,5;28,9;27,6;16,4;14,7;48;43;46;38;5,5;1,3;
2026/05/25;1800 UTC;;934,3;934,7;934,3;937,1;27,1;17,1;28,8;26,9;17,6;14,9;56;44;54;189;5,2;2,3;
2026/05/25;1900 UTC;;934,2;934,3;934,2;871,6;26,9;16,6;27,6;26,9;17,3;16,3;55;52;53;226;3,6;2;
2026/05/25;2000 UTC;;934,2;934,3;934,2;933,6;28,3;16,6;28,6;26,9;17,3;16;53;48;49;248;3,1;1,4;
2026/05/25;2100 UTC;;934,6;934,6;934,2;298,4;25,6;17,5;28,4;25,5;17,7;16;62;49;61;285;2,3;1,3;
2026/05/25;2200 UTC;;935,1;935,1;934,6;;22,4;18,4;25,6;22,4;18,4;17,3;78;61;78;305;2,1;,4;
2026/05/25;2300 UTC;;935,9;935,9;935,1;;21;17,4;22,7;21;18,3;17,3;80;73;80;166;1,1;,5;
2026/05/26;0000 UTC;;936,3;936,3;935,9;;21,3;16,9;21,6;20,7;17,8;16,9;83;76;76;111;1,8;1,3;
2026/05/26;0100 UTC;;936,5;936,5;936,3;;20,3;16,8;21,7;20,3;17,2;16,8;81;75;81;87;2;1,4;
2026/05/26;0200 UTC;;936,4;936,6;936,4;;20;16,9;21,2;19,9;17,3;16,8;84;77;83;77;2,7;1,7;
2026/05/26;0300 UTC;;936,3;936,4;936,3;;20,8;16,4;20,8;19,8;17,2;16,4;84;76;76;92;3,6;2;
2026/05/26;0400 UTC;;936,1;936,3;936,1;;19,4;16,2;20,9;19,4;16,5;16,2;82;76;82;69;3,6;2,4;
2026/05/26;0500 UTC;;936;936,1;936;;18,4;16,5;19,4;18,3;16,5;16,1;89;82;89;55;4,8;4;
2026/05/26;0600 UTC;;935,6;936;935,6;;18,3;16,6;18,5;18,2;16,8;16,5;91;89;90;46;4,8;3,9;
2026/05/26;0700 UTC;;935,7;935,8;935,5;;18,9;16,5;19,4;18,3;16,8;16,5;90;84;86;52;4,7;3,2;
2026/05/26;0800 UTC;;935,7;935,7;935,6;;18,8;16,4;19,3;18,7;16,7;16,4;87;85;86;53;4,4;3,8;
2026/05/26;0900 UTC;;935,8;935,8;935,7;;18,5;16,3;18,8;18,5;16,6;16,3;87;86;87;53;4,5;3,7;
2026/05/26;1000 UTC;;936,4;936,4;935,8;;18,5;16,4;18,5;18,2;16,5;16,3;89;87;88;47;4,5;4;
2026/05/26;1100 UTC;;937,2;937,2;936,4;214,5;20,3;16,9;20,3;18,5;16,9;16,4;88;81;81;56;5,4;4,2;
2026/05/26;1200 UTC;;937,7;937,7;937,2;1035,2;22,8;17;23,1;20,2;17,7;16,8;81;70;70;51;5,4;3,9;
2026/05/26;1300 UTC;;938;938;937,7;1430,7;25,9;17,5;26,1;22,4;18,4;17,1;74;60;60;62;5,7;3,8;
2026/05/26;1400 UTC;;937,8;938,1;937,8;1925,9;27,8;16,3;28,4;25,4;18,6;16,3;64;50;50;72;6;3,5;
2026/05/26;1500 UTC;;937,2;937,8;937,2;2323,2;28,7;16;29,4;27,7;17,7;16;53;46;46;82;5,7;1,7;
2026/05/26;1600 UTC;;936,2;937,2;936,2;2467,1;28,9;15,7;29,6;28;17,2;15,2;49;44;45;135;4,3;1,6;
2026/05/26;1700 UTC;;935,3;936,2;935,3;1098,9;28,4;17,1;30;27,6;17,4;15;52;42;50;221;4;2,1;
2026/05/26;1800 UTC;;934,6;935,3;934,6;1343,2;29,6;15,7;30,5;28,1;17,2;14,9;51;41;43;11;3,4;,7;
2026/05/26;1900 UTC;;934,3;934,6;934,3;1751,4;30,2;14,8;31,4;29,6;16,8;14,2;45;37;39;318;3,1;1,6;
2026/05/26;2000 UTC;;934,3;934,3;934,3;991,1;28,5;15,6;30,7;28,5;15,9;14,6;45;39;45;261;2,9;1,3;
2026/05/26;2100 UTC;;934,6;934,6;934,3;192,6;26,8;17,6;28,5;26,8;18,5;15,3;59;45;57;196;1,8;,5;
2026/05/26;2200 UTC;;934,9;934,9;934,6;;23,8;17,5;26,8;23,7;17,9;16,2;69;55;68;339;1,1;,5;
2026/05/26;2300 UTC;;935,4;935,4;934,9;;22,8;16,9;24,1;22,7;17,5;16,6;71;64;69;170;2,1;,8;
2026/05/27;0000 UTC;;935,8;935,8;935,4;;22,1;17,2;23,1;21,7;17,3;16,5;76;67;74;93;1,8;1,1;
2026/05/27;0100 UTC;;936;936,1;935,8;;20,4;17,2;22,4;20;17,2;16,4;83;72;81;117;3,1;,6;
2026/05/27;0200 UTC;;936,1;936,2;936;;21,4;16,9;21,4;20;17,4;16,8;84;76;76;88;2,4;1,6;
2026/05/27;0300 UTC;;936;936,1;936;;21,2;17,5;21,5;21,2;17,5;16,9;79;76;79;93;3,3;1,9;
2026/05/27;0400 UTC;;935,4;936;935,4;;20,9;17,4;21,3;20,8;17,6;17,4;81;79;81;98;4;1,9;
2026/05/27;0500 UTC;;934,9;935,4;934,9;;20,3;17,5;20,9;20,3;17,5;17,2;84;81;84;89;4,3;1,8;
2026/05/27;0600 UTC;;934,5;934,9;934,5;;19,6;17,3;20,7;19,6;17,7;17,3;86;83;86;71;3,4;1,9;
2026/05/27;0700 UTC;;934,2;934,5;934,2;;20,8;17,8;21;19,6;17,9;17,3;87;82;83;101;3,3;1,4;
2026/05/27;0800 UTC;;934,2;934,2;934,1;;20,4;17,7;21,1;19,9;17,9;17,6;86;82;84;59;3,9;3;
2026/05/27;0900 UTC;;934,6;934,6;934,2;;20,6;17,3;20,8;20;17,7;17,3;85;81;82;80;3,9;2,1;
2026/05/27;1000 UTC;;935;935;934,6;;20,7;17,2;20,8;20,3;17,3;17,2;83;80;81;79;3,8;2,3;
2026/05/27;1100 UTC;;935,7;935,7;935;184,6;21,4;17,4;21,6;20,2;17,5;17,2;83;77;78;88;4,8;2,2;
2026/05/27;1200 UTC;;936,3;936,3;935,7;733,5;23,4;18,2;23,4;21,4;18,6;17,4;79;73;73;107;6,2;3,6;
2026/05/27;1300 UTC;;936,7;936,7;936,3;1331,2;24,8;18,7;24,9;23,4;19,3;18,1;73;69;69;91;6,8;3,8;
2026/05/27;1400 UTC;;936,5;936,7;936,5;2231;27;18,5;27,1;24,7;19,3;17,8;70;58;60;79;7,2;4,4;
2026/05/27;1500 UTC;;935,7;936,5;935,7;2512,1;27,7;17,9;28,1;27;18,7;17,4;60;54;55;101;7,1;3,6;
2026/05/27;1600 UTC;;934,7;935,7;934,7;2349,2;27,4;17,4;29,1;27,4;18,6;17;56;50;54;87;7;3,4;
2026/05/27;1700 UTC;;933,7;934,7;933,7;1493,4;28,7;17,1;29,1;27,4;18,3;17,1;56;49;49;77;6,4;2,5;
2026/05/27;1800 UTC;;933,1;933,7;933;1439,3;28,7;16,6;29,4;28,3;17,6;16;52;45;48;102;5;1,8;
2026/05/27;1900 UTC;;932,9;933,1;932,9;1255,3;28,3;17,1;29,9;28,1;17,6;16,3;52;45;51;116;4,7;,7;
2026/05/27;2000 UTC;;933;933;932,9;421,7;27;17,4;28,5;27;17,9;16,8;56;50;56;122;4,1;1,6;
2026/05/27;2100 UTC;;933,4;933,4;933;100,6;24,8;17,5;27;24,7;18;17,3;65;56;64;104;2,7;1,4;
2026/05/27;2200 UTC;;933,6;933,6;933,4;;23,4;17,7;24,8;23,4;17,7;17,4;70;64;70;118;3,1;2,6;
2026/05/27;2300 UTC;;934,3;934,3;933,6;;22,6;18;23,5;22,4;18,1;17,6;75;70;75;108;4,3;2,9;
2026/05/28;0000 UTC;;934,9;934,9;934,3;;22,2;18,6;22,6;21,6;18,6;17,9;80;76;80;110;4,5;3;
2026/05/28;0100 UTC;;935,1;935,1;934,9;;21,8;18,5;22,6;21,8;18,7;18,5;82;78;81;112;5,4;3;
2026/05/28;0200 UTC;;935,2;935,2;935;;21,7;18,4;22,2;21,5;18,5;18,2;82;79;82;103;4,9;2,5;
2026/05/28;0300 UTC;;935;935,2;935;;21;18,3;21,7;20,9;18,4;18,1;85;82;85;111;5;3,1;
2026/05/28;0400 UTC;;934,7;935;934,7;;20,8;17,9;21,2;20,7;18,4;17,9;85;83;83;106;5,2;3;
2026/05/28;0500 UTC;;934,4;934,7;934,4;;20,1;17,7;20,8;20,1;17,9;17,7;86;83;86;108;5,5;3,3;
2026/05/28;0600 UTC;;934,2;934,4;934,2;;20,3;17,7;20,5;20,1;17,8;17,5;86;84;85;110;5,7;3,6;
2026/05/28;0700 UTC;;934,1;934,2;934;;19;17,2;20,4;19;17,6;17,2;89;84;89;116;5,7;2,2;
2026/05/28;0800 UTC;;934;934,1;934;;20,6;17,4;20,6;18,9;17,6;17,2;90;82;82;101;5,2;2,6;
2026/05/28;0900 UTC;;934,3;934,3;934;;20;17,2;20,7;19,9;17,4;17,1;84;81;84;105;6,5;3,5;
2026/05/28;1000 UTC;;934,8;934,8;934,3;;19,8;16,9;20,2;19,7;17,2;16,9;85;83;84;90;6,5;2,4;
2026/05/28;1100 UTC;;935,5;935,5;934,8;270,2;21,5;17,3;21,5;19,7;17,4;16,9;84;77;77;78;7,6;4,7;
2026/05/28;1200 UTC;;935,9;936;935,5;995,3;23,4;17,6;23,4;21,5;17,8;17,3;77;70;70;84;9,9;5,1;
2026/05/28;1300 UTC;;936,2;936,2;935,9;1709,3;25,3;17,9;25,4;23,4;18,3;17,3;70;62;64;88;9,8;5;
2026/05/28;1400 UTC;;935,8;936,2;935,8;2262,9;27;17,7;27,3;25,3;18,6;17,7;65;56;57;68;9,1;5,9;
2026/05/28;1500 UTC;;935,2;935,8;935,2;2400,6;28,6;15,9;28,8;27;18,4;15,9;58;46;46;75;9,1;4,7;
2026/05/28;1600 UTC;;934,4;935,2;934,4;2410,3;28,1;14,9;29,4;27,8;16,9;13,8;49;40;45;92;8,7;3,7;
2026/05/28;1700 UTC;;933,5;934,4;933,5;2129;29,2;13,9;30;27,8;15,5;13,2;45;38;39;70;8,4;3,1;
2026/05/28;1800 UTC;;932,8;933,5;932,8;2367,5;28,8;13,9;30;28,8;14,5;11,8;41;33;40;107;6,6;3,6;
2026/05/28;1900 UTC;;932,6;932,8;932,6;1610,9;29;13,6;29,5;28,1;15;13,1;44;37;39;92;5,8;2,4;
2026/05/28;2000 UTC;;932,7;932,7;932,6;856;28;13,7;29;27,6;14,8;13,1;44;38;41;110;4,4;2,3;
2026/05/28;2100 UTC;;933,1;933,1;932,7;287,4;25,7;15,5;28,1;25,7;15,5;13,6;53;41;53;95;4,1;1,1;
2026/05/28;2200 UTC;;933,6;933,6;933,1;;23,4;15,4;25,7;23,4;15,8;15,4;61;53;61;105;2,9;1,7;
2026/05/28;2300 UTC;;934,1;934,1;933,6;;22,8;15,6;23,9;22,8;15,6;15,2;64;58;64;82;3,3;2,2;
2026/05/29;0000 UTC;;934,6;934,6;934,1;;20,6;15,5;23;20,6;15,7;15,3;73;63;73;47;3,6;2,4;
2026/05/29;0100 UTC;;935;935;934,6;;21,5;15,6;21,8;20;16,2;15,5;77;68;69;95;6,5;1,8;
2026/05/29;0200 UTC;;935,2;935,3;935;;20,1;15,8;21,5;19,9;15,8;15,4;77;69;77;108;3,6;2,4;
2026/05/29;0300 UTC;;935;935,3;935;;20,3;16,1;20,6;19,7;16,2;15,6;78;76;77;97;4,3;1,8;
2026/05/29;0400 UTC;;934,9;935,1;934,8;;19,2;16,1;20,6;19,2;16,4;16,1;82;76;82;109;4,4;2,3;
2026/05/29;0500 UTC;;934,3;934,9;934,3;;18,3;16,3;19,2;18;16,4;15,9;89;82;88;112;3,6;2,7;
2026/05/29;0600 UTC;;934,2;934,3;934,2;;19,1;16,5;19,5;18,3;16,8;16,3;88;84;85;90;4,3;1,6;
2026/05/29;0700 UTC;;934;934,2;934;;18,5;16,3;19,1;18,5;16,6;16,3;87;85;87;108;4,3;2,4;
2026/05/29;0800 UTC;;934;934;933,8;;18,7;16,4;18,9;17,9;16,7;16,2;91;86;86;99;5,8;2;
2026/05/29;0900 UTC;;934,7;934,7;934;;18,5;16,4;18,8;18,1;16,5;16,2;89;86;87;109;6,6;3,4;
2026/05/29;1000 UTC;;935,7;935,7;934,7;;17,8;16,1;18,6;17,8;16,4;16;90;87;90;95;5,9;1,6;
2026/05/29;1100 UTC;;936,3;936,3;935,7;111,4;18;16,1;18,2;17,7;16,3;15,9;90;88;89;71;4,9;3,6;
2026/05/29;1200 UTC;;937;937;936,3;606,8;19,9;16,6;19,9;18;16,7;16,2;89;81;81;71;7,6;5;
2026/05/29;1300 UTC;;937,1;937,2;937;1448,9;23,2;17,1;23,2;19,9;17,3;16,5;82;68;68;78;7,6;4,3;
2026/05/29;1400 UTC;;937,1;937,2;937;2201,7;25,3;16,5;25,7;23,2;17,5;16,4;69;57;58;95;8,2;4;
2026/05/29;1500 UTC;;936,6;937,1;936,6;1968;26,8;16,9;26,8;25,3;17,2;16,3;59;54;55;100;7,1;3,5;
2026/05/29;1600 UTC;;935,5;936,6;935,5;2244,7;27,7;16,8;28;26,7;16,8;15,8;55;49;52;83;8,5;4,5;
2026/05/29;1700 UTC;;934,4;935,5;934,4;2031,3;27,9;16,7;28,2;26,6;17;15,4;52;48;51;96;8;3,8;
2026/05/29;1800 UTC;;933,5;934,4;933,5;1471;27,2;15,9;28,5;26,9;16,6;15,1;51;47;50;96;7,3;2,5;
2026/05/29;1900 UTC;;933;933,5;933;1821,1;28;16,2;28,5;26,9;16,7;15,4;53;46;49;65;6,7;4,1;
2026/05/29;2000 UTC;;932,9;933,1;932,9;1017,7;26,6;15,8;28,2;26,6;16,3;15,1;51;46;51;84;5,9;3,2;
2026/05/29;2100 UTC;;933,6;933,6;932,9;180,2;24,2;16,5;26,6;24,1;16,5;15,7;62;51;62;57;5,5;2,9;
2026/05/29;2200 UTC;;933,9;934;933,6;;22,8;16,5;24,2;22,5;16,5;16,2;68;62;68;68;4,7;3,2;
2026/05/29;2300 UTC;;934,9;934,9;933,9;;20,9;16,7;22,8;20,9;16,7;16,3;77;67;77;73;4,3;2,5;
2026/05/30;0000 UTC;;935,5;935,5;934,9;;20,4;16,6;21,1;20,3;16,9;16,4;79;76;79;96;3,3;1,3;
2026/05/30;0100 UTC;;936,1;936,1;935,4;;20;16,4;20,9;20;16,7;16,3;79;76;79;96;3,9;1,6;
2026/05/30;0200 UTC;;936,6;936,6;936,1;;20,2;16;20,9;20;16,5;16;80;74;77;77;3,9;2,9;
2026/05/30;0300 UTC;;936,7;936,9;936,5;;19,3;15,7;20,3;19,3;16,2;15,7;80;77;80;60;4,3;2,7;
2026/05/30;0400 UTC;;936,9;936,9;936,7;;19,2;14,9;19,6;18,9;15,7;14,9;80;76;76;69;4,1;2;
2026/05/30;0500 UTC;;936,6;936,9;936,6;;18,7;14,9;19,2;18,4;15,1;14,8;81;76;79;77;3,2;1,9;
2026/05/30;0600 UTC;;935,7;936,6;935,7;;17,6;14,4;18,7;17,6;14,7;14,4;82;78;82;52;3,9;3,1;
2026/05/30;0700 UTC;;935,2;935,7;935,2;;17,4;14,8;17,8;17,2;14,9;14,4;86;81;84;61;4,3;3;
2026/05/30;0800 UTC;;935,1;935,7;935,1;;17;14,7;17,8;16,5;15;13,9;87;82;87;142;7;3,1;
2026/05/30;0900 UTC;;935,8;935,8;935,1;;16;14,5;17;16;14,9;14,5;91;87;91;133;5,4;2,2;
2026/05/30;1000 UTC;;936,2;936,2;935,7;;15,7;14,3;16,1;15,3;14,7;14,1;93;91;92;78;4,5;2,8;
2026/05/30;1100 UTC;;936,6;936,6;936;262,9;16,5;14,6;16,5;15,4;14,6;14;93;89;89;43;6;4,3;
2026/05/30;1200 UTC;;937,6;937,6;936,6;985,2;20,3;14,8;20,4;16,4;15,5;14,5;89;70;71;103;5,6;2,2;
2026/05/30;1300 UTC;;938,1;938,1;937,6;1674,9;23,4;15,9;23,4;20,1;15,9;14,4;71;62;62;91;5;2,6;
2026/05/30;1400 UTC;;937,9;938,1;937,8;2205,1;25,7;16,3;25,7;23,3;16,4;15;62;55;56;91;4,7;2,4;
2026/05/30;1500 UTC;;937,2;937,9;937,2;2526;27,4;15,8;27,5;25,2;16,6;15,3;57;49;49;80;6;3,1;
2026/05/30;1600 UTC;;936,3;937,2;936,3;2611;28,3;13,4;28,7;27,1;16,4;13;50;39;40;94;5,3;2,2;
2026/05/30;1700 UTC;;935,4;936,3;935,4;2661,5;29,2;14;29,5;28,4;14,5;12,5;42;36;40;197;4,8;2,7;
2026/05/30;1800 UTC;;934,7;935,4;934,7;2065,3;29;13,6;29,5;27,6;14,3;12,3;42;37;39;123;6,1;1,7;
2026/05/30;1900 UTC;;934,7;934,7;934,5;1184,2;28,2;14,1;30,1;26,8;14,4;12;46;34;42;134;6,2;3,2;
2026/05/30;2000 UTC;;934,5;934,7;934,5;743,1;26,9;13,6;28,2;26,9;14,5;13,2;46;42;44;132;6,2;3;
2026/05/30;2100 UTC;;934,9;934,9;934,5;246,1;23,7;14,5;26,9;23,7;14,7;13,7;57;44;57;137;4,8;2,5;
2026/05/30;2200 UTC;;935,5;935,5;934,9;;22;14,2;23,7;22;14,7;13,9;61;57;61;118;3,9;2,9;
2026/05/30;2300 UTC;;935,9;935,9;935,5;;20,5;13,6;22;20,4;14,2;13,6;65;60;65;119;4,4;3,1;
2026/05/31;0000 UTC;;936,1;936,1;935,9;;20;13,6;20,8;19,9;13,6;13,4;67;63;67;109;4,1;2,5;
2026/05/31;0100 UTC;;936,3;936,4;936,1;;20,1;13,1;20,1;19,3;13,6;13,1;69;64;64;93;4,2;2,4;
2026/05/31;0200 UTC;;936,6;936,6;936,3;;19,8;13,5;20,2;19,4;13,5;13;68;64;67;89;3,9;2,5;
2026/05/31;0300 UTC;;936,4;936,6;936,4;;19,2;14,4;19,8;18,7;14,4;13,4;74;67;74;97;4,8;2;
2026/05/31;0400 UTC;;936;936,4;936;;18,8;15;19,3;18,5;15;14,3;79;74;79;101;4,5;2,1;
2026/05/31;0500 UTC;;935,6;936;935,5;;18,4;14,9;18,9;18,2;15;14,8;80;78;80;99;4,5;2,3;
2026/05/31;0600 UTC;;935,1;935,6;935,1;;18,2;14,8;18,7;18,1;14,9;14,7;81;79;81;87;4,6;2,7;
2026/05/31;0700 UTC;;934,9;935,1;934,9;;18;14,8;18,4;17,9;14,9;14,7;82;80;82;91;4,4;2,3;
2026/05/31;0800 UTC;;935,1;935,1;934,9;;15,9;12,9;18;15,9;14,8;12,9;87;82;83;67;3,8;1,7;
2026/05/31;0900 UTC;;935,8;935,8;935,1;;14,4;13,4;15,8;14,4;13,9;12,5;93;83;93;35;3,5;1,5;
2026/05/31;1000 UTC;;936,2;936,3;935,8;;15,9;14,6;15,9;14,4;14,6;13,4;95;92;92;71;4,1;2,7;
2026/05/31;1100 UTC;;936,9;936,9;936,2;260,7;17,9;15;17,9;16;15,1;14,3;92;83;83;71;4,4;2,9;
2026/05/31;1200 UTC;;937,6;937,6;936,9;986,1;20,7;15,7;20,7;17,9;15,9;15;83;73;73;77;6,4;4;
2026/05/31;1300 UTC;;937,9;937,9;937,6;1699,2;23,2;15,8;23,2;20,7;16,2;15,4;73;63;63;85;6;3,5;
2026/05/31;1400 UTC;;937,6;937,9;937,6;2238,1;25,3;15,2;25,3;22,9;15,9;14,4;63;51;53;84;6,5;3,9;
2026/05/31;1500 UTC;;936,9;937,6;936,9;2542,2;26,5;14,2;26,7;24,8;15,5;13,9;54;47;47;89;6,4;3,4;
2026/05/31;1600 UTC;;935,8;937;935,8;2629,2;27,1;14,5;27,3;26;15,2;13,4;50;44;46;120;6,2;2,9;
2026/05/31;1700 UTC;;934,7;935,8;934,7;2533,3;27,7;13,9;28,2;26,9;15,3;13;48;41;43;83;5,5;2,1;
2026/05/31;1800 UTC;;933,9;934,7;933,9;2215,4;27,1;12,7;28,6;27,1;14,7;12,7;44;39;41;160;5,6;2,4;
2026/05/31;1900 UTC;;933,5;933,9;933,5;1307,8;26,1;13,3;28,2;26,1;14,3;12,4;45;39;45;103;6,1;1,6;
2026/05/31;2000 UTC;;933,8;933,8;933,5;1018,9;26,6;13,5;27,5;26;14;12,8;47;41;45;116;5,4;2,5;
2026/05/31;2100 UTC;;934,1;934,1;933,8;271,8;23,4;14,8;26,7;23,4;14,8;13,3;58;44;58;115;4,4;2,1;
2026/05/31;2200 UTC;;934,7;934,7;934,1;;21,8;15;23,4;21,7;15,2;14,8;65;58;65;112;3,6;2,6;
2026/05/31;2300 UTC;;935,3;935,3;934,7;;20,6;14,7;21,9;20,6;15;14,7;69;65;69;104;3,6;1,9;
2026/06/01;0000 UTC;;935,8;935,9;935,3;;20,4;13,6;20,9;20,2;14,7;13,6;69;65;65;99;4,2;1,8;
2026/06/01;0100 UTC;;936,1;936,1;935,8;;19,5;13,9;20,5;19,5;14;13,5;70;65;70;85;4,1;2,4;
2026/06/01;0200 UTC;;936,3;936,4;936,1;;18,8;14;19,6;18,8;14,2;13,9;74;70;74;103;3,9;2,2;
2026/06/01;0300 UTC;;936;936,3;936;;18,6;14,4;18,8;18,2;14,5;14;78;74;77;88;4;2,2;
2026/06/01;0400 UTC;;935,9;936,1;935,9;;18,1;14,6;18,6;17,6;14,7;14,2;81;77;80;88;4,1;2,1;
2026/06/01;0500 UTC;;935,5;935,9;935,5;;17,5;14,5;18,1;17,1;14,7;14,1;84;80;83;79;4;2,2;
2026/06/01;0600 UTC;;935,1;935,5;935,1;;17,1;14,5;17,7;17,1;14,7;14,4;85;82;85;93;3,2;1,8;
2026/06/01;0700 UTC;;934,7;935,1;934,7;;16,8;14,2;17,4;16,6;14,7;14,2;87;84;85;87;4,1;2,7;
2026/06/01;0800 UTC;;934,6;934,7;934,5;;15,9;13,8;16,8;15,9;14,2;13,8;88;85;88;85;4,5;2,5;
2026/06/01;0900 UTC;;934,7;934,7;934,6;;15,3;13,5;15,9;15,3;14;13,5;90;88;89;78;4,1;2,9;
2026/06/01;1000 UTC;;935,6;935,6;934,7;;15,5;13,5;15,5;14,7;13,6;13,1;91;88;88;86;3,6;2,5;
2026/06/01;1100 UTC;;936,6;936,6;935,6;268;16,6;13,7;16,9;15;13,9;13,2;90;82;83;51;4,3;2,2;
2026/06/01;1200 UTC;;937,3;937,3;936,6;1002;19,3;15,1;19,3;16,4;15,1;13,7;85;77;77;61;3,8;2,1;
2026/06/01;1300 UTC;;937,7;937,7;937,3;1721,8;22;15,1;22,1;19,3;15,5;14,3;76;64;65;100;6,2;2,8;
2026/06/01;1400 UTC;;937,7;937,7;937,6;2277,9;24,5;15;24,7;21,8;15,7;14,5;67;53;55;90;5,4;2,7;
2026/06/01;1500 UTC;;937;937,7;937;2582,3;27;12,9;27;24,3;14,9;12,6;55;41;42;90;5;2,2;
2026/06/01;1600 UTC;;936,2;937;936,2;2660,7;27,8;9,3;27,9;26,7;13,1;9,2;42;31;31;175;5,8;2,4;
2026/06/01;1700 UTC;;935,6;936,2;935,6;2542,6;28;9,4;28,7;27,2;11,5;8,9;37;30;31;131;5,1;1,8;
2026/06/01;1800 UTC;;934,7;935,6;934,7;2224,6;28,2;11,2;28,8;27,7;11,4;9;36;31;35;201;4,5;2,2;
2026/06/01;1900 UTC;;934,5;934,7;934,4;1724;27,7;13,1;29;27,3;13,2;9,4;41;32;41;100;11,4;2,5;
2026/06/01;2000 UTC;;934,6;934,6;934,5;1054,7;26,4;12,5;27,9;26,4;13,2;11,6;42;38;42;118;4,5;2,2;
2026/06/01;2100 UTC;;934,9;934,9;934,6;279,1;22,6;13,3;26,4;22,5;13,5;12,4;56;42;56;141;4,1;2,3;
2026/06/01;2200 UTC;;935,4;935,4;934,9;;20,8;12,6;23,4;20,8;13,3;12,5;60;51;59;122;4,8;3,1;
2026/06/01;2300 UTC;;935,9;935,9;935,3;;19,6;13;20,8;19,5;13,1;12,6;66;59;66;123;4;2,9;
2026/06/02;0000 UTC;;936,2;936,2;935,9;;18,9;13;20;18,8;13;12,7;69;63;69;110;5;2,8;
2026/06/02;0100 UTC;;936,5;936,5;936,2;;18,9;12,8;19,2;18,7;13;12,8;69;67;68;94;4,7;2,6;
2026/06/02;0200 UTC;;936,7;936,7;936,5;;18,2;12,9;19,1;18,2;12,9;12,7;71;68;71;90;5,4;2,4;
2026/06/02;0300 UTC;;936,5;936,7;936,5;;17,9;13,3;18,4;17,8;13,4;12,9;74;71;74;95;5,5;2,6;
2026/06/02;0400 UTC;;936,7;936,7;936,4;;16,5;13,2;17,9;16,5;13,4;13,1;81;74;81;75;5;3,1;
2026/06/02;0500 UTC;;936,5;936,8;936,5;;15;12,6;16,6;15;13,2;12,6;86;80;86;53;4,2;3;
2026/06/02;0600 UTC;;936,3;936,5;936,2;;15,6;13,1;15,6;14,6;13,2;12,5;88;85;85;78;4,5;3,3;
2026/06/02;0700 UTC;;936,2;936,4;936,2;;13,8;12,3;15,7;13,8;13,1;12,2;91;84;91;48;4,5;2,3;
2026/06/02;0800 UTC;;936,2;936,2;936;;14,8;12,6;14,9;13,5;13;12,2;92;87;87;74;4,1;2,1;
2026/06/02;0900 UTC;;936,8;936,8;936,2;;14,8;12,1;15,1;14,5;12,7;12,1;88;84;84;82;3,6;2;
2026/06/02;1000 UTC;;937,4;937,4;936,8;;13,4;11,3;15;13,3;12,1;10,9;88;81;87;50;3,6;1,7;
2026/06/02;1100 UTC;;938;938;937,4;266,8;16,7;11,8;16,7;13,4;11,8;11,2;87;72;73;83;4,8;2,5;
2026/06/02;1200 UTC;;938,7;938,7;938,1;1003,4;19,3;11,7;19,4;16,7;12,4;11,6;73;61;62;99;6,3;3,3;
2026/06/02;1300 UTC;;939,1;939,2;938,7;1724,9;21,3;12,1;21,3;19,3;12,7;11,6;62;55;56;94;6,8;3,4;
2026/06/02;1400 UTC;;938,9;939,2;938,8;2284,2;23,7;12,1;23,9;21,3;13;11,2;56;45;48;86;7,8;3,6;
2026/06/02;1500 UTC;;938,5;938,9;938,5;2588,3;25,3;10,4;25,4;23,6;11,9;9,7;48;38;39;113;7,4;3,9;
2026/06/02;1600 UTC;;937,6;938,5;937,6;2667,8;25,7;10,3;26,8;25,3;11,3;9,4;41;35;38;118;7,8;4;
2026/06/02;1700 UTC;;936,8;937,6;936,8;2554,6;27,1;10,7;27,4;25,8;11,6;9,9;39;35;36;100;7,8;3;
2026/06/02;1800 UTC;;936,1;936,8;936,1;2241,8;26,9;9,7;27,6;26,4;11,3;9,5;38;33;34;119;6,3;2,5;
2026/06/02;1900 UTC;;935,7;936,1;935,7;1702,7;27,1;10,1;27,6;26,8;10,3;8,7;35;31;35;139;6,3;2,9;
2026/06/02;2000 UTC;;935,7;935,8;935,7;1033,5;25,6;9,1;27,2;25,6;10,1;8,2;35;31;35;132;6,5;3,8;
2026/06/02;2100 UTC;;935,9;935,9;935,7;307,4;22,1;9,4;25,6;22,1;9,9;8,8;44;35;44;125;6;2,8;
2026/06/02;2200 UTC;;936,3;936,3;935,9;;19,8;8,2;22,1;19,8;9,5;8,2;49;44;47;127;4,7;3,5;
2026/06/02;2300 UTC;;936,8;936,9;936,3;;19,1;8,6;19,9;18,6;8,8;8,1;53;47;50;119;6,4;3,8;
2026/06/03;0000 UTC;;937,2;937,3;936,8;;17,7;9,8;19,3;17,6;9,8;8,4;60;50;60;114;6,4;4,2;
2026/06/03;0100 UTC;;937,7;937,7;937,2;;17;10,3;17,7;16,9;10,3;9,7;65;60;65;116;6;4;
2026/06/03;0200 UTC;;938,2;938,2;937,6;;16,1;10,5;17;16;10,6;10,2;70;65;70;88;6,5;2,3;
2026/06/03;0300 UTC;;938,2;938,4;938,2;;15,1;10,3;16,1;15;10,5;10,2;74;69;73;89;4,3;1,7;
2026/06/03;0400 UTC;;938,1;938,3;938,1;;12,5;9,9;15,3;11,7;10,3;8,6;86;72;84;44;3,8;1,4;
2026/06/03;0500 UTC;;;;;;;;;;;;;;;;;;
2026/06/03;0600 UTC;;937,7;937,9;937,7;;10,9;9,2;13,2;10,4;9,6;8,6;91;79;89;32;4,2;2,4;
2026/06/03;0700 UTC;;937,4;937,7;937,4;;12,6;9;12,7;10,5;9,4;8,7;89;78;78;78;3,5;2,3;
2026/06/03;0800 UTC;;937,5;937,6;937,4;;10,8;8,5;12,8;10,5;9;7,9;87;76;85;92;2,9;1,3;
2026/06/03;0900 UTC;;937,6;937,6;937,4;;12,1;8,4;12,2;10,9;8,8;8,3;86;78;78;92;4,2;1,6;
2026/06/03;1000 UTC;;938,4;938,4;937,6;;8,9;7,6;12,1;8,9;8,5;7,4;91;78;91;39;4;1,8;
2026/06/03;1100 UTC;;938,8;938,8;938,4;287,8;13,5;9,4;13,5;9;9,5;7,7;91;76;76;64;4,4;2,8;
2026/06/03;1200 UTC;;939,3;939,3;938,8;1087,5;17,1;9,9;17,2;13,5;10,5;9,4;76;63;63;78;5,5;3,6;
2026/06/03;1300 UTC;;939,4;939,5;939,2;1668,5;20;9,8;20;17;10,7;9,5;63;52;52;91;6,1;3,3;
2026/06/03;1400 UTC;;939;939,5;939;2326,1;22;9,7;22,2;19,7;10,6;9,2;53;45;45;80;7,2;3,5;
2026/06/03;1500 UTC;;938,6;939;938,5;2607,6;24,4;8,7;24,7;22;10,7;7,3;46;36;37;79;5,7;3;
2026/06/03;1600 UTC;;938;938,6;938;2687,9;25,7;6,5;25,8;24,1;9,5;6,5;39;29;29;57;6;2,9;
2026/06/03;1700 UTC;;937,1;938;937,1;2568,3;26,4;6,7;27,3;25,4;7,5;4,8;32;26;28;44;5,2;2,3;
2026/06/03;1800 UTC;;936,3;937;936,3;2241,2;26,9;5,4;28,1;26,3;7,4;5,3;30;25;25;40;5,5;1,7;
2026/06/03;1900 UTC;;936,1;936,3;936;1703,7;27,9;6,7;28,2;26,8;7,4;5,3;27;25;26;299;4,3;2;
2026/06/03;2000 UTC;;936,1;936,1;936;1026,8;26,9;6,8;27,9;26,7;7,5;6,2;29;26;28;324;4,5;1,5;
2026/06/03;2100 UTC;;936,3;936,3;936,1;299,8;22,8;10,7;26,9;22,8;11;6,8;46;28;46;208;2,8;1,3;
2026/06/03;2200 UTC;;936,5;936,5;936,3;;19,2;10,2;22,8;19,2;10,9;9,8;56;46;56;147;1,7;1,1;
2026/06/03;2300 UTC;;937,3;937,3;936,5;;18,6;10,6;20,1;18,6;10,6;9,2;60;50;60;109;4,5;2,8;
2026/06/04;0000 UTC;;937,8;937,8;937,3;;17,5;10,8;19,1;17,3;10,8;10,6;65;58;65;117;5,3;3,5;
2026/06/04;0100 UTC;;938;938;937,8;;17,4;9,9;18,3;17,3;10,8;9,8;65;59;61;86;5;2,6;
2026/06/04;0200 UTC;;938,2;938,3;938;;17;9,8;17,4;16,7;9,9;9,6;64;61;63;102;4,3;2,2;
2026/06/04;0300 UTC;;938,2;938,3;938,2;;15,2;10,1;17;13,8;10,3;9,1;77;63;71;103;4,3;1,7;
2026/06/04;0400 UTC;;938,1;938,2;938,1;;14,1;10;16,1;14,1;10,3;9,8;76;68;76;66;4,3;2;
2026/06/04;0500 UTC;;937,9;938,1;937,8;;12,8;10;14,2;12,8;10,3;10;83;76;83;36;3,6;2,4;
2026/06/04;0600 UTC;;937,7;937,9;937,7;;12,8;10,1;12,9;12,3;10,2;9,9;86;83;83;41;4,8;3,9;
2026/06/04;0700 UTC;;937,6;937,7;937,5;;12,8;9,8;13;12,6;10,1;9,7;84;81;82;53;5,4;3,9;
2026/06/04;0800 UTC;;937,9;937,9;937,6;;13,1;9,6;14;12,9;10;9,6;82;76;80;56;4,9;3,7;
2026/06/04;0900 UTC;;938,4;938,4;937,9;;13,4;9,9;13,5;13;9,9;9,6;80;79;79;54;4,8;4;
2026/06/04;1000 UTC;;939;939;938,4;;12,7;9,6;13,4;12,5;9,9;9,5;82;79;82;43;4,9;3,7;
2026/06/04;1100 UTC;;939,6;939,6;939;252,6;16,1;10,7;16,1;12,7;10,7;9,7;82;70;70;50;4,8;3,3;
2026/06/04;1200 UTC;;940,3;940,3;939,6;977,2;20,8;11,8;20,8;16,1;12,1;10,6;70;57;57;79;4,9;3,2;
2026/06/04;1300 UTC;;940,4;940,4;940,3;1689;23,3;13;23,3;20,7;13;11,6;57;51;52;75;7,3;4,6;
2026/06/04;1400 UTC;;939,9;940,4;939,9;2228,6;25,9;13,8;26,3;23,4;14,3;12,2;52;46;47;54;8;5,4;
2026/06/04;1500 UTC;;939,3;939,9;939,3;2527,9;27,1;13,4;27,3;25,9;14,5;13;48;42;43;82;9,1;4,2;
2026/06/04;1600 UTC;;938,4;939,3;938,4;2632,9;27,1;11,9;28,2;26,9;13,7;11,9;43;37;39;53;7,2;2,8;
2026/06/04;1700 UTC;;937,4;938,4;937,4;2499,2;28,6;10;29,2;26,6;12,6;9,4;41;30;31;17;7,4;2,5;
2026/06/04;1800 UTC;;936,8;937,4;936,8;2214,7;28,1;10,3;29;28;11,4;9,6;34;30;33;65;6;3,1;
2026/06/04;1900 UTC;;936,7;936,8;936,7;1646,7;28,3;10,5;28,7;27,5;11,2;10,1;36;32;33;47;6;2,2;
2026/06/04;2000 UTC;;936,6;936,7;936,6;1000,2;27;11;28,3;27;11,3;9,9;37;33;37;105;6,7;2,5;
2026/06/04;2100 UTC;;936,8;936,8;936,6;283,4;24,1;12,1;27;24,1;12,3;11;47;37;47;107;4,5;1,8;
2026/06/04;2200 UTC;;937;937;936,8;;21,3;11,1;24,1;21,3;12;10,8;52;46;52;104;3,3;1,7;
2026/06/04;2300 UTC;;937,4;937,4;937;;21,4;11,4;22,2;21;11,5;10,9;54;49;53;102;4,3;2,1;
2026/06/05;0000 UTC;;937,9;937,9;937,4;;20,8;12,3;21,4;19,9;12,3;11,3;59;53;58;87;4,8;2,2;
2026/06/05;0100 UTC;;938,1;938,1;937,9;;19,2;12;21,1;19,2;12,3;12;63;57;63;98;4,7;1,9;
2026/06/05;0200 UTC;;938,1;938,2;938,1;;19;12,3;19,2;18,4;12,4;12;67;63;65;97;3,6;1,9;
2026/06/05;0300 UTC;;938,1;938,2;938,1;;18,4;12,1;19;18,1;12,5;12,1;69;65;67;107;4,6;2,2;
2026/06/05;0400 UTC;;937,7;938,1;937,7;;19,3;12;19,3;17,9;12,4;12;70;63;63;104;6,7;3,6;
2026/06/05;0500 UTC;;937,6;937,8;937,6;;18,2;11,9;20;18,2;12;11,8;67;60;67;106;7,2;2,9;
2026/06/05;0600 UTC;;937,4;937,7;937,4;;18,5;12,3;18,5;17,3;12,3;11,9;71;67;67;101;5,4;2,4;
2026/06/05;0700 UTC;;937,1;937,4;937,1;;17,1;12,1;18,5;17,1;12,3;12;73;67;73;99;5,1;2,3;
2026/06/05;0800 UTC;;937;937,1;937;;16,4;12,1;17,7;16,4;12,3;12;76;71;76;95;5,7;2,1;
2026/06/05;0900 UTC;;937,4;937,4;937;;16,9;12,1;17,1;16,3;12,2;12;76;73;74;92;6,2;2,9;
2026/06/05;1000 UTC;;938;938;937,3;;15,5;12,1;16,9;15,5;12,2;12;80;74;80;83;5,6;3;
2026/06/05;1100 UTC;;938,8;938,8;938;247,7;16,8;12,5;16,8;15;12,5;11,9;83;76;76;66;6,3;4,1;
2026/06/05;1200 UTC;;939,3;939,3;938,8;973;20;13,1;20;16,8;13,3;12,5;76;65;65;66;7,1;3,9;
2026/06/05;1300 UTC;;939,1;939,3;939,1;1697,1;23,2;13,7;23,2;19,9;13,8;12,8;65;55;55;58;8,4;4,9;
2026/06/05;1400 UTC;;938,8;939,1;938,7;2245,6;24,6;12,4;25,3;22,8;13,8;12,3;55;46;46;47;9,2;6;
2026/06/05;1500 UTC;;938,4;938,8;938,4;2562,7;25,2;11,5;25,9;24,4;13;10,9;48;40;42;74;11,1;6,2;
2026/06/05;1600 UTC;;937,6;938,4;937,6;2647,8;26;11,4;26,4;25,2;12,3;10,7;43;38;40;85;9,9;4,4;
2026/06/05;1700 UTC;;936,7;937,6;936,7;2559,1;26,7;11,4;27;25,9;12,4;10,5;41;37;38;83;7,5;2,8;
2026/06/05;1800 UTC;;936,3;936,7;936,2;2220,3;26,8;12,1;27,2;26,2;12,4;11,1;41;38;40;131;8,2;2,7;
2026/06/05;1900 UTC;;935,9;936,3;935,9;1668,6;26,6;11,5;27,2;26,3;12,7;11,3;41;38;39;107;5,6;2,7;
2026/06/05;2000 UTC;;935,8;936;935,8;1009,1;26,1;10,9;26,8;26,1;12;10,5;40;37;39;79;5,7;2,5;
2026/06/05;2100 UTC;;936,1;936,1;935,8;286,4;23,3;12,5;26,1;23,3;12,5;10,8;51;38;51;100;4,3;1,4;
2026/06/05;2200 UTC;;936,4;936,4;936,1;;20,5;12,3;23,3;20,2;12,5;12,3;61;51;59;116;2,5;2;
2026/06/05;2300 UTC;;936,7;936,7;936,4;;19,4;11,6;20,5;19,4;12,5;11,6;62;58;61;111;4,5;3,2;
2026/06/06;0000 UTC;;936,9;936,9;936,7;;18,1;11,5;19,5;17,4;11,8;11,4;68;60;66;114;4,5;2,6;
2026/06/06;0100 UTC;;936,8;936,9;936,8;;17,1;11,5;18,1;16,6;11,6;11,3;71;65;69;116;3,9;3;
2026/06/06;0200 UTC;;936,5;936,8;936,5;;15,8;11,4;17,1;15,2;11,5;11,1;77;69;75;110;3,9;2,7;
2026/06/06;0300 UTC;;936,1;936,5;936,1;;15,9;11,1;16,2;15,4;11,6;11,1;76;72;73;111;4;2,8;
2026/06/06;0400 UTC;;936;936,1;936;;13,9;10,1;16,2;13,9;11,2;10,1;78;72;78;124;3,8;1,7;
2026/06/06;0500 UTC;;935,7;936,1;935,7;;15,5;10,8;15,5;13,9;11;10,3;80;74;74;93;3,1;1,6;
2026/06/06;0600 UTC;;935,5;935,7;935,4;;15,8;10,6;15,9;15,2;10,8;10,6;74;71;71;91;4,2;2,1;
2026/06/06;0700 UTC;;935,1;935,5;935,1;;14,2;10,4;15,9;14,2;10,7;10,3;78;71;78;78;5,8;3;
2026/06/06;0800 UTC;;935,2;935,2;935;;13,7;10,1;14,6;13,7;10,5;10,1;79;76;79;80;4,4;2,5;
2026/06/06;0900 UTC;;935,3;935,3;935,2;;14,2;10,2;14,9;13,5;10,5;10,1;80;75;77;69;6,8;4,8;
2026/06/06;1000 UTC;;935,8;935,8;935,3;;13,5;10,3;14,2;13,4;10,5;10,2;81;77;81;72;6,4;4,6;
2026/06/06;1100 UTC;;936,3;936,3;935,8;256,9;15,2;11;15,2;13,3;11;10,2;82;76;76;59;5,8;3,5;
2026/06/06;1200 UTC;;936,9;936,9;936,3;1014,9;17,6;11,7;17,6;15,2;11,7;11;76;68;68;56;5,4;3,5;
2026/06/06;1300 UTC;;937,1;937,1;936,9;1748,3;21,1;12,9;21,3;17,5;13,1;11,4;69;58;59;41;7,9;4,4;
2026/06/06;1400 UTC;;937;937,2;937;2280;23,7;11,6;23,7;21,1;13,2;11,6;60;47;47;61;7,9;4,5;
2026/06/06;1500 UTC;;936,3;937;936,3;2582,9;25;11,1;25,4;23,6;12;10,5;48;41;42;34;7,5;3,3;
2026/06/06;1600 UTC;;935,2;936,3;935,2;2658,7;25,5;10,5;25,8;24,4;11,5;9,4;43;37;39;204;6,1;1,8;
2026/06/06;1700 UTC;;934,2;935,2;934,2;2545;25,9;9,5;26,1;25,1;11,2;8,9;40;35;36;106;8;2,7;
2026/06/06;1800 UTC;;933,7;934,2;933,7;2234,5;26,5;7,4;26,7;25,5;9,9;7,4;37;29;30;113;5,2;1,8;
2026/06/06;1900 UTC;;933,3;933,7;933,3;1709,8;26,2;7,4;27,1;25,8;8,5;6,8;33;28;30;84;5,5;1,8;
2026/06/06;2000 UTC;;933;933,3;932,9;1037,9;25,6;8,5;26,5;25,6;8,5;7,3;34;30;34;61;4,5;2,4;
2026/06/06;2100 UTC;;933,2;933,2;932,9;303,8;22,1;9,4;25,6;22,1;10,2;8,3;45;33;44;116;4;2,6;
2026/06/06;2200 UTC;;933,5;933,5;933,1;;20,9;9,3;22,1;20,2;9,8;9,3;51;44;48;101;3,5;2,1;
2026/06/06;2300 UTC;;934;934;933,5;;19,3;10,4;20,8;19,2;10,4;9,3;56;48;56;99;4,1;1,8;
2026/06/07;0000 UTC;;934,4;934,4;934;;18,7;9,8;19,3;18,2;10,7;9,8;61;56;56;109;4,1;2,4;
2026/06/07;0100 UTC;;934,7;934,7;934,4;;16,8;9,9;18,7;16,8;10,2;9,8;64;56;64;103;4,3;1,9;
2026/06/07;0200 UTC;;934,4;934,7;934,4;;15,9;10,4;16,8;15,4;10,5;9,9;71;64;70;80;3,9;2,5;
2026/06/07;0300 UTC;;933,8;934,4;933,8;;15,3;11;16,2;15,2;11;10,3;76;69;76;76;4,1;3,3;
2026/06/07;0400 UTC;;933,8;934;933,8;;15,3;10,9;15,9;14;11,2;10,3;80;74;75;98;4,9;1,9;
2026/06/07;0500 UTC;;933,8;933,9;933,8;;14,5;10,6;15,4;14,4;10,9;10,5;78;74;78;76;3,6;2,7;
2026/06/07;0600 UTC;;933,4;933,8;933,3;;13,6;9,8;14,6;13,6;10,6;9,8;79;76;78;57;3,9;3,2;
2026/06/07;0700 UTC;;933,2;933,4;933,2;;12,4;9,3;13,6;12,3;9,8;9,3;84;78;81;52;4,5;3,8;
2026/06/07;0800 UTC;;933,3;933,3;933,1;;12,1;9,2;12,7;12,1;9,5;9,2;83;80;83;51;4,7;3,8;
2026/06/07;0900 UTC;;933,6;933,6;933,3;;12,7;9,4;12,7;11,5;9,4;8,9;85;80;80;55;5,3;4;
2026/06/07;1000 UTC;;933,9;933,9;933,6;;13,8;9,5;14,5;12,8;9,7;9,2;80;72;75;64;6,2;4;
2026/06/07;1100 UTC;;934,3;934,3;933,9;257,6;14,2;9,6;15,2;13,8;10;9,4;75;71;74;56;6,1;3,9;
2026/06/07;1200 UTC;;935;935;934,3;1004,9;19,2;11,5;19,2;14,1;11,7;9,7;75;60;61;63;5,5;3,2;
2026/06/07;1300 UTC;;935,3;935,4;934,9;1707,6;21,9;11,5;21,9;18,8;12,2;11,2;62;51;52;45;7,2;4,6;
2026/06/07;1400 UTC;;934,8;935,3;934,8;2264,7;24;9,2;24,1;21,8;12,3;9,2;53;39;39;58;8,4;5,4;
2026/06/07;1500 UTC;;934,6;934,8;934,6;2578,3;25,3;9,1;25,4;24;10,4;8,5;42;35;36;57;8,4;3,4;
2026/06/07;1600 UTC;;933,7;934,6;933,7;2651,4;26,9;7,6;27,1;25;9,3;7,5;36;30;30;6;7,1;3,8;
2026/06/07;1700 UTC;;932,7;933,7;932,7;2537,5;26,7;7,4;27;25,6;8,5;7,1;32;29;29;336;6,6;3;
2026/06/07;1800 UTC;;932,4;932,7;932,4;2209,7;27;7,6;27,1;26,1;8,4;6,5;32;28;29;343;6,1;3,4;
2026/06/07;1900 UTC;;932,3;932,4;932,2;1694,4;26,7;7,3;27,5;26,4;8,1;6,5;30;28;29;344;6,1;2,1;
2026/06/07;2000 UTC;;932,4;932,4;932,3;1013,1;25,7;8;26,9;25,7;8,4;7;33;29;33;31;5;2;
2026/06/07;2100 UTC;;932,5;932,6;932,4;270,9;22,6;10,1;25,7;22,6;10,4;7;45;30;45;357;4;1,2;
2026/06/07;2200 UTC;;932,9;932,9;932,5;;19,6;9,7;22,5;19,6;10,2;9,4;53;45;53;313;2,2;1,3;
2026/06/07;2300 UTC;;933,6;933,6;932,9;;19,9;8,7;20,4;19,1;9,7;8,7;53;47;49;308;2,3;1,8;
2026/06/08;0000 UTC;;934,1;934,2;933,6;;19,7;9,7;20;18,1;10,3;8,7;58;48;53;83;3;1,9;
2026/06/08;0100 UTC;;934,4;934,4;934;;19,7;9,5;20;18,1;11;9,3;63;50;52;75;4,7;2,2;
2026/06/08;0200 UTC;;934,7;934,7;934,4;;17,4;11;19,7;16,2;11,4;9,3;73;52;66;30;5,3;4,4;
2026/06/08;0300 UTC;;934,3;934,7;934,3;;18,8;9,1;19,4;16,7;10,9;9,1;67;51;53;81;4,8;2,1;
2026/06/08;0400 UTC;;934;934,3;934;;15,4;10,7;18,8;14,3;11,2;9,1;81;53;73;51;5,5;4,4;
2026/06/08;0500 UTC;;933,9;934;933,8;;14,1;10;16,1;13,9;10,6;9,5;78;69;76;70;5,4;1,4;
2026/06/08;0600 UTC;;933,5;933,9;933,5;;15,1;9,1;15,6;13,8;10,3;9,1;78;66;67;72;6,6;3,5;
2026/06/08;0700 UTC;;933,4;933,5;933,3;;13,5;8,9;15,5;13,5;9,1;8,5;73;65;73;48;5,4;3,8;
2026/06/08;0800 UTC;;933,9;933,9;933,4;;14,2;9,1;14,2;13,1;9,3;8,9;78;71;71;60;5,7;2,5;
2026/06/08;0900 UTC;;934,6;934,6;933,9;;13,9;9,4;14,7;13,3;9,4;8,9;76;69;74;56;5,1;4;
2026/06/08;1000 UTC;;935,2;935,3;934,6;;14,8;9,3;14,8;13,8;9,5;9,2;74;70;70;45;5,7;4,4;
2026/06/08;1100 UTC;;936,2;936,2;935,2;144,6;16,5;9,7;16,5;14,5;9,7;9,2;70;64;64;48;5,6;4,1;
2026/06/08;1200 UTC;;936,8;936,8;936,2;844,4;20,4;10,2;20,4;16,5;11,1;9,5;64;52;52;78;6,4;4,3;
2026/06/08;1300 UTC;;937;937,1;936,8;1684,8;22,8;10,6;22,8;20,3;11,5;9,9;53;46;46;79;6,4;3,8;
2026/06/08;1400 UTC;;936,6;937;936,6;2040,4;25;10,8;25,4;22,8;11,4;10;46;39;41;44;5,6;3,3;
2026/06/08;1500 UTC;;935,8;936,6;935,8;2509,9;25,9;8,5;26,5;24,9;11;7,3;41;31;33;79;5,2;1,5;
2026/06/08;1600 UTC;;935;935,8;934,9;2316,5;26,5;7,6;27,4;25,3;10,3;7,6;37;29;30;322;5,6;3,1;
2026/06/08;1700 UTC;;934,2;934,9;934,2;2447,8;27,2;8,1;27,9;26,5;9,4;7,9;32;29;30;15;6,3;2,8;
2026/06/08;1800 UTC;;933,6;934,2;933,6;2154,2;28;8,4;28,1;26,8;9,3;7,9;31;29;29;96;5,5;1,5;
2026/06/08;1900 UTC;;933,3;933,6;933,3;1625,2;27,7;8,6;28,5;27;9,2;7,7;32;28;30;344;5,4;2,2;
2026/06/08;2000 UTC;;933,4;933,4;933,2;966,5;27,2;8,9;28,3;27;9,2;7,9;32;29;32;330;4,1;1,4;
2026/06/08;2100 UTC;;933,8;933,8;933,4;237,3;23;10,5;27,2;22,9;10,5;8,5;45;31;45;284;3,4;1,5;
2026/06/08;2200 UTC;;934,3;934,3;933,8;;21,3;10,8;23;19,8;11,2;10,6;57;45;51;288;2,6;,9;
2026/06/08;2300 UTC;;934,7;934,7;934,2;;18,6;10,5;21,4;18,6;10,6;10;59;49;59;237;2,2;,8;
2026/06/09;0000 UTC;;934,9;935;934,7;;18,1;10,8;18,6;17,2;11,3;10,4;67;59;62;96;3;1,2;
2026/06/09;0100 UTC;;935,5;935,5;934,9;;16;10,2;18,2;16;10,9;10,2;69;62;69;83;3;2;
2026/06/09;0200 UTC;;935,1;935,5;935,1;;18,4;10,2;18,4;15,3;11,5;10,2;77;59;59;105;4,2;2,6;
2026/06/09;0300 UTC;;935;935,1;934,8;;17,8;9,9;18,9;17,8;10,2;9,6;60;56;60;81;4,2;2,2;
2026/06/09;0400 UTC;;935,1;935,2;935;;14,5;10,7;17,8;14,5;11;9,9;79;60;78;58;3,4;2,7;
2026/06/09;0500 UTC;;935;935,2;935;;13,4;10,6;14,5;13,4;10,7;10,3;83;76;83;47;3,4;2,6;
2026/06/09;0600 UTC;;934,6;935;934,6;;15,6;9,9;16;13,3;10,6;9,9;83;67;69;71;3,5;2,3;
2026/06/09;0700 UTC;;934,9;934,9;934,6;;13,4;10;15,6;12,7;10,4;9,8;84;69;80;38;3;1,2;
2026/06/09;0800 UTC;;934,9;935;934,8;;13,5;9,9;14,8;13,2;10,4;9,8;81;73;79;47;3,7;2,2;
2026/06/09;0900 UTC;;934,9;935,1;934,9;;13,7;9,7;14,1;13,3;9,9;9,4;79;74;77;52;3,5;2,9;
2026/06/09;1000 UTC;;935,3;935,3;934,9;;13,8;9,5;14,3;13,5;9,7;9,4;77;73;76;41;5,1;4,4;
2026/06/09;1100 UTC;;936,1;936,1;935,3;97;16;9,8;16;13,8;9,8;9,5;76;67;67;50;6,4;4,2;
2026/06/09;1200 UTC;;936,4;936,4;936,1;456,7;19;10,3;19;16;10,3;9,7;67;56;57;69;5,3;3,5;
2026/06/09;1300 UTC;;936,1;936,5;936,1;1469,5;23,3;10,9;23,5;19;12,5;9,9;58;43;46;69;8,7;5,2;
2026/06/09;1400 UTC;;935,6;936,2;935,6;2224,4;25,3;9,9;25,7;23,2;11,3;9,6;46;37;38;70;8,7;4,7;
2026/06/09;1500 UTC;;934,6;935,6;934,6;2324,8;26,9;10,6;26,9;25,2;11,4;9,4;40;35;36;62;8,2;3,4;
2026/06/09;1600 UTC;;933,8;934,6;933,8;2442;27,5;9,6;28,2;26,3;11,4;8,9;38;31;33;88;6,5;2,4;
2026/06/09;1700 UTC;;933;933,8;933;2494,3;27,9;9;29,1;27,1;9,8;7,7;33;29;30;93;4,6;1,9;
2026/06/09;1800 UTC;;932,6;933;932,4;1866;27,9;9,2;29,6;27,8;10,6;8,6;32;29;31;146;3,8;1,6;
2026/06/09;1900 UTC;;932,4;932,6;932,3;1357,7;27,3;9,8;29;27,3;10,2;8,9;34;29;33;37;5,3;1,9;
2026/06/09;2000 UTC;;932,2;932,4;932,2;899,4;26,9;9,7;29,2;26,9;10,6;9,2;34;30;34;89;4,1;1,7;
2026/06/09;2100 UTC;;932,6;932,6;932,1;105;25,1;11,2;26,9;25,1;11,6;9,6;42;34;42;58;3,1;1,8;
2026/06/09;2200 UTC;;933,1;933,2;932,6;;23,6;11,7;25,1;23,1;12,6;11,1;51;42;47;337;2,5;1,4;
2026/06/09;2300 UTC;;933,6;933,7;933,1;;22,7;12,1;23,9;22;13;11,7;57;47;51;49;2,5;2,1;
2026/06/10;0000 UTC;;933,8;933,9;933,6;;20,9;12,5;22,7;20,9;12,7;12,1;59;51;59;31;3,1;2,4;
2026/06/10;0100 UTC;;934;934,1;933,8;;18,6;13,4;21,1;18,3;13,5;12,4;73;58;72;356;3;1,6;
2026/06/10;0200 UTC;;933,3;934;933,3;;19,3;13,3;19,9;18,1;13,5;12,6;72;64;68;40;4,9;3,6;
2026/06/10;0300 UTC;;933,2;933,3;933,1;;18,4;13,1;19,4;17,9;13,2;12,8;73;67;71;32;4,6;3,7;
2026/06/10;0400 UTC;;933,1;933,2;932,9;;16,4;12,6;18,6;16,4;13,3;12,4;78;70;78;97;4,3;,4;
2026/06/10;0500 UTC;;932,7;933,1;932,7;;16,7;12,7;17,3;16,2;13,1;12,5;79;76;77;48;4,9;3,9;
2026/06/10;0600 UTC;;932,3;932,7;932,3;;17,7;11,4;17,8;16,6;12,7;11,4;77;66;67;33;5,5;4,1;
2026/06/10;0700 UTC;;932,4;932,4;932,2;;16,7;11,5;17,7;16,7;11,7;11,4;72;67;71;19;5;4;
2026/06/10;0800 UTC;;932,3;932,4;932,2;;17,7;11;17,9;16,7;11,5;10,9;71;64;65;34;5,9;4,9;
2026/06/10;0900 UTC;;932,6;932,6;932,2;;16,5;11;17,7;16,5;11,1;10,9;70;65;70;24;5,9;3,2;
2026/06/10;1000 UTC;;932,8;932,8;932,5;;16,7;11,1;17,7;16,2;11,2;10,9;72;65;69;39;5;4,4;
2026/06/10;1100 UTC;;933,4;933,4;932,8;102,5;18,3;11,5;18,3;16,6;11,5;11;70;65;65;33;5,5;3,7;
2026/06/10;1200 UTC;;933,8;933,8;933,4;591,9;20,1;12,4;20,2;18,3;12,4;11,5;65;59;61;34;5,4;3,4;
2026/06/10;1300 UTC;;933,8;934;933,8;1126,3;23,7;12,3;23,8;20,1;13,2;12,3;62;49;49;37;6,5;3,3;
2026/06/10;1400 UTC;;933,5;933,9;933,5;1711,6;24,9;13,4;25,8;23,7;13,4;11,6;49;44;49;38;7;3,7;
2026/06/10;1500 UTC;;933,1;933,6;933,1;1492,3;27,3;12,1;27,8;24,9;14,1;11,8;50;38;39;340;7;4;
2026/06/10;1600 UTC;;932,3;933,1;932,2;1493,5;27,9;11,3;28,9;27,1;12,7;10,4;40;34;36;332;8,3;5,3;
2026/06/10;1700 UTC;;931,2;932,3;931,2;1464,7;28;12,2;28,5;27,6;12,2;10,8;38;35;38;338;8,6;4,5;
2026/06/10;1800 UTC;;930,7;931,2;930,7;1815,9;28,6;10,6;29,7;27,6;12,7;10,6;38;33;33;332;8,3;4,7;
2026/06/10;1900 UTC;;930,6;930,7;930,5;856,3;26,9;12,1;28,7;26,8;12,2;10,2;40;32;40;324;8,5;3;
2026/06/10;2000 UTC;;930,7;930,7;930,4;367,6;26,3;13;26,9;26,3;13,6;12;45;40;44;316;4,7;1,5;
2026/06/10;2100 UTC;;931,2;931,2;930,7;101,9;24,7;14,5;26,3;24,7;14,5;12,9;53;44;53;309;2,5;,8;
2026/06/10;2200 UTC;;931,6;931,6;931,2;;23,7;14,5;24,7;23,7;14,9;14,4;57;53;57;283;1,8;1,4;
2026/06/10;2300 UTC;;931,9;931,9;931,5;;22,7;14,6;23,7;22,7;14,9;14,2;60;56;60;312;2,1;1,5;
2026/06/11;0000 UTC;;931,9;932,1;931,8;;21,5;15,4;22,7;21,4;15,6;14,6;69;60;69;33;6;4,1;
2026/06/11;0100 UTC;;931,7;932,6;931,7;;21,9;14,6;21,9;21,2;15,5;14,6;69;63;63;31;5,4;3,4;
2026/06/11;0200 UTC;;932,8;932,8;931,7;;20,2;15,7;21,9;20,2;15,8;14,5;76;63;75;343;5,2;1,4;
2026/06/11;0300 UTC;;933,1;933,1;932,8;;20;15,8;20,2;19,4;16,2;15,7;81;75;77;71;2,5;1,4;
2026/06/11;0400 UTC;;933,2;933,3;932,7;;19,5;15,3;20,4;19,5;16,1;14,7;79;70;77;109;1,9;,5;
2026/06/11;0500 UTC;;932,5;933,3;932,5;;19,5;14,1;19,7;19;15,5;13,7;80;68;71;70;3,3;2,5;
2026/06/11;0600 UTC;;932;932,7;932;;19;14,2;19,6;18,8;14,4;14,2;75;71;74;52;3,6;2,5;
2026/06/11;0700 UTC;;931,9;932,3;931,9;;17,8;14,8;19;17,8;14,8;14,1;82;74;82;29;3,5;1,3;
2026/06/11;0800 UTC;;932,1;932,1;931,7;;17;14,3;17,8;16,9;14,8;14,2;85;82;84;29;3,6;2,9;
2026/06/11;0900 UTC;;932,5;932,5;932;;17,9;14,2;17,9;17;14,4;14;84;79;79;31;4,3;3,1;
2026/06/11;1000 UTC;;933,3;933,3;932,5;;16,3;14,3;18;15,9;14,3;13,8;88;78;88;101;3,6;1,9;
2026/06/11;1100 UTC;;934,1;934,1;933,3;97,1;17,9;14,4;17,9;16,3;14,6;14,1;88;80;80;53;2,9;2;
2026/06/11;1200 UTC;;934,8;934,8;934,1;780,1;21,5;15,1;21,6;17,9;15,4;14,5;80;66;67;50;5,1;3,6;
2026/06/11;1300 UTC;;935;935;934,8;1577,7;24,3;15,2;24,3;21,3;15,3;14,5;68;57;57;46;5,5;3,7;
2026/06/11;1400 UTC;;934,8;935;934,8;2107,9;26,5;14,7;26,6;24,3;15,3;14;57;48;48;49;5,5;2,6;
2026/06/11;1500 UTC;;934,3;934,8;934,3;2011,1;27,4;14;28,2;25,5;15,3;13,4;50;42;44;16;6,1;2,8;
2026/06/11;1600 UTC;;933,3;934,3;933,3;1725,5;28,3;14,2;28,6;26,7;15,2;13,6;47;42;42;276;6,1;1,9;
2026/06/11;1700 UTC;;932,4;933,3;932,4;1555,7;27,4;13,9;29;26,8;15;13,1;46;38;44;320;7,1;3;
2026/06/11;1800 UTC;;931,7;932,4;931,7;1893,1;28,4;13;30,4;27,4;15;11,8;45;34;39;296;9,6;4,7;
2026/06/11;1900 UTC;;931,4;931,7;931,4;1405,8;28,2;13,7;29,7;27,8;14,2;12,6;42;37;41;300;7,9;4,8;
2026/06/11;2000 UTC;;931,5;931,5;931,4;775,1;27,4;14,4;28,5;27,1;14,4;13,3;45;40;45;288;7,5;3,4;
2026/06/11;2100 UTC;;931,6;931,7;931,4;176,4;24,5;15,1;27,7;24,5;15,1;14,2;56;44;56;277;4,7;1,4;
2026/06/11;2200 UTC;;931,9;932;931,6;;21,9;16,4;24,5;21,9;16,4;15,2;71;56;71;294;5,6;2,4;
2026/06/11;2300 UTC;;932,3;932,3;931,9;;21,8;16,5;22,5;21,2;16,7;16,2;75;68;72;33;5,7;3,9;
2026/06/12;0000 UTC;;933;933;932,3;;21,3;17;22,3;21,2;17;16,5;77;71;77;24;6,8;4,3;
2026/06/12;0100 UTC;;933,3;933,3;933;;21;17,2;21,5;21;17,3;17;79;76;79;9;6,3;3,7;
2026/06/12;0200 UTC;;933,4;933,6;933,3;;21,3;17,3;21,4;20,9;17,3;17;79;77;78;6;7,9;4,7;
2026/06/12;0300 UTC;;933,3;933,7;933,3;;21,2;17,4;21,4;21;17,4;17,1;79;77;79;7;7,9;3,1;
2026/06/12;0400 UTC;;933,1;933,6;933,1;;20;16,9;21,2;20;17,4;16,9;83;79;83;357;4,8;2,3;
2026/06/12;0500 UTC;;933;933,1;932,8;;20;17,2;20,1;19,6;17,3;16,8;85;83;84;28;4;2,4;
2026/06/12;0600 UTC;;933,1;933,2;932,9;;19,6;17,5;20,3;19,5;17,5;17,2;88;84;88;351;5,3;2;
2026/06/12;0700 UTC;;932,5;933,1;932,5;;19,5;17,6;19,6;19,2;17,6;17,4;89;88;89;357;4,4;2,8;
2026/06/12;0800 UTC;;932,7;932,8;932,4;;18,5;17;19,6;18,2;17,6;16,7;92;88;91;323;4;1,3;
2026/06/12;0900 UTC;;933,1;933,1;932,6;;18,3;17,2;18,6;17,8;17,2;16,5;94;91;93;341;3,1;,9;
2026/06/12;1000 UTC;;933,5;933,5;933,1;;18,3;17,1;18,8;18,3;17,4;16,9;93;91;93;1;2,5;1,8;
2026/06/12;1100 UTC;;934,4;934,4;933,5;141,6;19,6;18;19,6;18,1;18,1;17;94;90;90;358;3,8;1,5;
2026/06/12;1200 UTC;;934,9;934,9;934,4;489,9;21,2;18,6;21,2;19,6;18,7;18;90;85;85;344;4,7;2,3;
2026/06/12;1300 UTC;;935,4;935,4;934,9;895,4;22,8;19;22,9;21,2;19,1;18,5;85;78;79;311;6,4;4,1;
2026/06/12;1400 UTC;;935,2;935,4;935,1;1383,6;24,3;18,9;24,6;22,6;19,4;18,6;79;72;72;314;6,4;4,5;
2026/06/12;1500 UTC;;934,6;935,2;934,6;1973,1;25,7;18,6;26,3;24,2;19,3;18,2;73;63;65;319;8,6;4,8;
2026/06/12;1600 UTC;;933,5;934,6;933,5;1782,9;27;18,3;27,7;24,8;19;18;67;57;59;319;8,5;5,4;
2026/06/12;1700 UTC;;932,8;933,6;932,8;2099,5;27,5;18,5;28,6;25,8;19,1;17;60;54;58;306;9,3;5,7;
2026/06/12;1800 UTC;;932,1;932,8;932,1;1550,3;26,2;17,7;28,5;26,2;18,6;17,3;60;53;60;316;8,7;4,8;
2026/06/12;1900 UTC;;931,3;932,1;931,1;1245,4;26,8;18;28,2;26,2;18,7;17,3;60;54;58;313;7,6;4,5;
2026/06/12;2000 UTC;;931,1;931,4;931;499,2;25,7;18,3;27,5;25,6;18,4;17,4;64;57;64;303;7,5;2,8;
2026/06/12;2100 UTC;;931,5;931,8;931,1;98,8;22,3;16,9;25,7;22,3;18,8;16,9;78;64;71;330;8;3,8;
2026/06/12;2200 UTC;;931,6;931,7;931,3;;19,9;18;22,3;19,8;18,1;16,6;90;71;89;332;6,7;1,5;
2026/06/12;2300 UTC;;932,4;932,4;931,6;;19,7;17,6;20,7;19,7;18;17,5;89;84;88;337;3;,5;
2026/06/13;0000 UTC;;933;933,1;932,4;;20,3;18,7;20,3;19,5;18,7;17,7;93;88;90;53;2,3;1,3;
2026/06/13;0100 UTC;;933,6;933,6;933;;19,8;17,9;20,7;19,8;18,7;17,7;90;86;89;20;3,4;2,7;
2026/06/13;0200 UTC;;933;933,6;933;;20;17,9;20,5;19,8;18,2;17,7;89;85;88;345;3,4;2,1;
2026/06/13;0300 UTC;;933,7;933,7;932,9;;19,9;18,4;20;18,5;18,4;17,3;94;88;91;27;6,5;4,4;
2026/06/13;0400 UTC;;933,2;933,7;933,2;;19,8;18,6;20,7;19,6;19,2;18,3;93;89;93;18;6,4;2,3;
2026/06/13;0500 UTC;;933;933,3;933;;19,1;18,1;19,9;19,1;18,6;18,1;94;92;94;21;4,2;2,3;
2026/06/13;0600 UTC;;932,4;933;932,3;;18,8;17,8;19,3;18,8;18,4;17,8;95;93;94;32;4,1;2,1;
2026/06/13;0700 UTC;;932,2;932,4;932,1;;18,7;17,8;18,9;18,7;18;17,8;95;94;95;41;4,1;3,3;
2026/06/13;0800 UTC;;931,9;932,2;931,6;;18,5;17,7;18,8;18,3;17,9;17,5;95;94;95;32;3,9;3,1;
2026/06/13;0900 UTC;;932,1;932,3;931,8;;18,1;17,4;18,9;18,1;17,9;17,2;95;93;95;42;4,4;2,7;
2026/06/13;1000 UTC;;933,5;933,8;931,9;;19,4;18,6;20,1;17,9;19,5;17,3;100;90;95;316;8,4;3,3;
2026/06/13;1100 UTC;;934,2;934,2;933,5;45,5;18,9;;19,7;18,8;19,1;18,4;100;95;;73;5,3;3,9;
2026/06/13;1200 UTC;;936,3;936,4;933,8;10,8;18,7;;19,2;18,7;;;;;;184;7,4;3,4;
2026/06/13;1300 UTC;;936,3;936,7;935,8;196,5;18,8;;18,8;18,1;;;;;;137;6,3;2;
2026/06/13;1400 UTC;;935,6;936,3;935,2;405,9;19,4;19,4;19,4;18,6;;;;;100;53;8;5,4;
2026/06/13;1500 UTC;;934,6;935,6;934,6;296,1;20,1;19,7;20,1;19,2;19,7;18,9;100;97;97;38;7,2;4,3;
2026/06/13;1600 UTC;;934,3;934,9;934,3;1629;24,4;21,1;24,4;20,1;21,2;19,7;98;80;82;354;6,7;1,8;
2026/06/13;1700 UTC;;933,3;934,3;933,3;1597,9;23,8;20,7;24,9;22,6;21,5;19,8;90;79;83;98;4,3;1,9;
2026/06/13;1800 UTC;;932,4;933,3;932,3;1970,5;26,7;20,8;27,2;23,8;22,1;20,2;84;69;70;256;6,3;1,8;
2026/06/13;1900 UTC;;932,1;932,5;932;635;24,9;21,6;26,7;24,8;21,6;20,7;82;70;82;184;5,9;2,1;
2026/06/13;2000 UTC;;932,6;932,6;932;619,8;22,6;20,3;25,2;22,6;21,6;20,1;87;78;87;84;5,4;3,8;
2026/06/13;2100 UTC;;933,1;933,1;932,6;139,4;21,4;20,1;22,6;21,4;20,5;20;93;87;93;67;7,1;4,4;
2026/06/13;2200 UTC;;933,4;933,4;933,1;1,2;20,1;19,5;21,4;20,1;20,1;19,5;96;91;96;47;6,5;4,8;
2026/06/13;2300 UTC;;934,1;934,1;933,4;;19,6;19,6;20,1;19,6;19,8;19,5;100;96;100;58;6,5;3,3;
2026/06/14;0000 UTC;;934,8;934,9;934,1;;19,6;19,6;19,7;19,5;19,7;19,4;100;99;100;45;5,9;4,2;
2026/06/14;0100 UTC;;935,2;935,3;934,8;;19,6;19,2;19,9;19,6;19,7;19,1;100;96;98;54;6,1;4,1;
2026/06/14;0200 UTC;;934,7;935,2;934,7;;19;19;19,6;19;19,4;19;100;97;100;62;6;4,2;
2026/06/14;0300 UTC;;934,7;934,8;934,7;;18,8;;19,1;18,8;;;;;;43;6,8;4,5;
2026/06/14;0400 UTC;;935;935;934,7;;18,7;18,7;18,9;18,7;;;;;100;60;6,4;4,3;
2026/06/14;0500 UTC;;934,3;935;934,3;;18,3;;18,7;18,3;;;;;;53;7,7;5,3;
2026/06/14;0600 UTC;;934,3;934,4;934;;18,3;;18,4;18,2;;;;;;50;7,1;3,4;
2026/06/14;0700 UTC;;934,3;934,4;934,1;;18,5;;18,5;18,3;;;;;;86;5,7;2;
2026/06/14;0800 UTC;;933,9;934,3;933,8;;18,3;;18,5;18,3;;;;;;48;6,9;5,2;
2026/06/14;0900 UTC;;934,3;934,3;933,9;;18,3;18,3;18,4;18,1;;;;;100;38;7,7;5,5;
2026/06/14;1000 UTC;;934,7;934,9;934,3;;18,1;18,1;18,4;18,1;18,4;18,1;100;100;100;41;7,5;5,7;
2026/06/14;1100 UTC;;935,2;935,2;934,7;139,2;18,4;;18,4;18;;;;;;29;7,1;4,4;
2026/06/14;1200 UTC;;935,6;935,6;935,1;482,1;19,7;18,9;19,7;18,4;19;18,4;100;95;95;37;6,5;3,9;
2026/06/14;1300 UTC;;935,9;936,1;935,6;676,1;21,3;19,6;21,4;19,7;19,9;18,9;95;90;90;37;6,6;2,9;
2026/06/14;1400 UTC;;935,8;936,1;935,7;1254,4;24,3;20,2;24,3;21,3;20,7;19,4;90;77;78;23;6,1;3,2;
2026/06/14;1500 UTC;;935,5;935,9;935,5;1713,9;27,8;20,7;27,8;24,4;21,2;20;78;65;65;5;6,3;3,3;
2026/06/14;1600 UTC;;935;935,5;934,7;1026,9;22,5;16,9;28,3;22,5;21,1;16,9;70;61;70;304;20,9;8,4;
2026/06/14;1700 UTC;;933,9;935,1;933,9;1421,2;25,2;21;25,4;20,6;21,3;16,9;92;71;77;302;22,8;4,8;
2026/06/14;1800 UTC;;933,5;934;933,5;915,2;24,6;20,9;25,5;24,5;21,4;20,5;81;77;80;300;8;2,3;
2026/06/14;1900 UTC;;933,7;933,7;933,3;532,7;24,8;20,7;25,1;24,5;20,8;20,2;80;75;78;297;4,9;1,5;
2026/06/14;2000 UTC;;934;934;933,4;216,1;23,9;20,7;24,8;23,7;21;20,4;85;77;82;3;3,9;2,1;
2026/06/14;2100 UTC;;934;934;933,7;126,2;22,6;20,8;23,9;22,6;20,9;20,6;90;82;90;52;3,1;1,9;
2026/06/14;2200 UTC;;934,7;934,7;934;;21,8;20,7;22,6;21,7;20,9;20,6;94;90;94;65;2,7;1,5;
2026/06/14;2300 UTC;;935,6;935,7;934,7;;21,6;21,1;21,9;21,2;21,1;20,3;97;93;97;304;3,1;1,4;
2026/06/15;0000 UTC;;936,1;936,3;935,6;;21,5;21,1;22,1;21,5;21,5;21;98;95;98;196;3,5;2,3;
2026/06/15;0100 UTC;;936,4;936,4;936;;20,3;;21,5;20,3;;;;;;137;3,2;1,5;
2026/06/15;0200 UTC;;935,8;936,4;935,7;;19,8;;20,5;19,8;;;;;;49;2,6;1,6;
2026/06/15;0300 UTC;;935,7;936;935,6;;19,8;;19,8;19,3;;;;;;82;2,4;1,1;
2026/06/15;0400 UTC;;935,5;935,8;935,5;;19,7;;20;19,3;;;;;;57;4,8;3;
2026/06/15;0500 UTC;;935,2;935,6;935,2;;19;;19,7;19;;;;;;47;5,1;4;
2026/06/15;0600 UTC;;935;935,3;934,8;;18,5;;19;18,5;;;;;;33;5,1;1,9;
2026/06/15;0700 UTC;;934,9;935;934,8;;18,7;;18,7;18,4;;;;;;29;3,4;1,1;
2026/06/15;0800 UTC;;934,8;934,9;934,6;;18,7;;18,8;18,4;;;;;;17;4,7;2,9;
2026/06/15;0900 UTC;;935,1;935,1;934,7;;18,9;;19;18,7;;;;;;23;4,8;3,4;
2026/06/15;1000 UTC;;935,6;935,7;935,1;;19,1;;19,1;18,9;;;;;;71;4,1;1,1;
2026/06/15;1100 UTC;;936,2;936,2;935,6;105,4;19,9;;19,9;19,1;;;;;;48;2,3;,9;
2026/06/15;1200 UTC;;937;937;936,2;340,4;20,6;20,2;20,6;19,9;20,3;19,5;100;96;98;19;3;1,8;
2026/06/15;1300 UTC;;937;937,1;936,9;1194;23,2;20,5;23,4;20,6;21;20,1;98;85;85;18;3,3;1,7;
2026/06/15;1400 UTC;;937,1;937,3;937;1738,4;24,8;20,5;25;23,1;21,2;20;86;77;77;326;3,7;1,9;
2026/06/15;1500 UTC;;936,5;937,1;936,5;1865,8;26,2;19,4;26,7;24,3;20,6;19;79;66;66;236;5,5;3,2;
2026/06/15;1600 UTC;;935,7;936,5;935,7;2387,3;27;19,4;27,5;26;20,2;18,4;67;61;63;269;6,6;3,6;
2026/06/15;1700 UTC;;935,2;935,8;935,2;1647,1;26,2;19,3;27,1;24,9;20,3;18,8;73;63;66;259;6,8;4,8;
2026/06/15;1800 UTC;;934,5;935,2;934,4;1942,5;25,6;18,4;27,2;25,2;20,1;17,8;69;59;64;236;6,8;3,1;
2026/06/15;1900 UTC;;934,3;934,5;934,3;976,3;25,2;19,5;26,6;25,1;19,7;18,4;71;63;71;242;6,4;4,3;
2026/06/15;2000 UTC;;934,3;934,5;934,2;620,6;25,4;19,5;25,8;25;20;19,2;72;68;70;263;6;3,7;
2026/06/15;2100 UTC;;934,6;934,6;934,3;252,2;22,7;19,7;25,4;22,7;19,8;19,4;83;70;83;252;5,2;2,4;
2026/06/15;2200 UTC;;934,8;934,8;934,6;;22,1;19,8;22,7;22,1;19,9;19,7;87;83;87;244;4;2,3;
2026/06/15;2300 UTC;;935,3;935,4;934,8;;21,7;19,6;22,1;21,6;19,8;19,5;88;86;88;225;3,5;1,8;
2026/06/16;0000 UTC;;935,8;935,9;935,3;;21,2;19,4;21,7;21,1;19,6;19,3;90;88;90;234;3,1;,7;
2026/06/16;0100 UTC;;935,9;935,9;935,7;;20,4;19,3;21,2;20,3;19,4;19,1;93;90;93;217;2,5;1,7;
2026/06/16;0200 UTC;;936;936,1;935,8;;19,9;19,5;20,4;19,8;19,5;19;97;93;97;123;3,5;2,2;
2026/06/16;0300 UTC;;935,7;936,2;935,7;;19,5;;19,9;19,5;;;;;;122;4,5;2,2;
2026/06/16;0400 UTC;;935,6;935,7;935,5;;19,7;;19,7;19,5;;;;;;110;4,2;1,9;
2026/06/16;0500 UTC;;935,3;935,7;935,3;;19,7;;19,7;19,6;;;;;;132;3,2;1,8;
2026/06/16;0600 UTC;;935,1;935,3;935,1;;19,6;;19,7;19,6;;;;;;130;3,1;1,4;
2026/06/16;0700 UTC;;934,6;935,1;934,6;;19,3;;19,6;19,3;;;;;;141;4,4;2,3;
2026/06/16;0800 UTC;;935;935;934,6;;18,6;;19,3;18,6;;;;;;130;4,1;2,5;
2026/06/16;0900 UTC;;935,1;935,2;935;;18,2;;18,6;18,2;;;;;;116;4;2,2;
2026/06/16;1000 UTC;;935,8;935,8;935,1;;17,8;;18,2;17,8;;;;;;118;3,5;1;
2026/06/16;1100 UTC;;936,3;936,3;935,8;198,5;18,8;;18,8;17,7;;;;;;91;2,8;1,5;
2026/06/16;1200 UTC;;937,2;937,2;936,3;598,9;19,1;18,4;19,4;18,8;;;;;96;145;3,9;1,8;
2026/06/16;1300 UTC;;937,8;937,8;937,2;541,9;19,6;18,1;19,8;18,7;18,7;17,9;97;90;91;137;4,9;2,8;
2026/06/16;1400 UTC;;937,4;937,8;937,4;697,5;20,5;18,4;20,6;19,5;18,7;18;92;87;87;142;4,3;1,6;
2026/06/16;1500 UTC;;937;937,6;937;922,1;21,8;18,6;21,8;20,5;18,6;18,1;88;81;82;99;3,9;1,4;
2026/06/16;1600 UTC;;936,5;937;936,5;1112,8;22;18,4;23;21,5;19,1;18,1;83;76;80;161;4,4;2,3;
2026/06/16;1700 UTC;;935,7;936,5;935,7;859,6;22,9;18,7;22,9;21,8;18,8;18,1;81;77;77;169;4,7;2;
2026/06/16;1800 UTC;;935,3;935,7;935,2;894,1;22,9;18,3;23,7;22,4;19,3;17,8;78;73;75;183;4,8;1,8;
2026/06/16;1900 UTC;;935;935,3;935;563,7;22,8;18,3;23;22,5;18,6;17,9;77;75;76;199;3,6;1,6;
2026/06/16;2000 UTC;;935,2;935,2;935;287,5;22,4;18,7;22,8;22,2;18,8;18,2;80;75;80;217;3,1;1,5;
2026/06/16;2100 UTC;;935,3;935,3;935,1;174,1;21,3;18,3;22,5;21,3;19;18,3;85;79;83;170;2,5;1,5;
2026/06/16;2200 UTC;;935,5;935,5;935,3;;19,9;18,2;21,3;19,9;18,4;18,2;90;83;90;126;2,4;1,1;
2026/06/16;2300 UTC;;935,8;935,8;935,5;;19,5;17,9;20,2;19,5;18,4;17,9;91;88;91;114;2,6;1,6;
2026/06/17;0000 UTC;;936,1;936,1;935,8;;18,8;17,5;19,5;18,7;18;17,5;94;91;92;113;4,9;2,5;
2026/06/17;0100 UTC;;936,3;936,3;936,1;;18;17;18,8;18;17,5;17;94;92;94;107;4,2;2;
2026/06/17;0200 UTC;;936,2;936,3;936,2;;18;16,8;18,1;17,8;17,2;16,8;95;93;93;86;3,5;1,8;
2026/06/17;0300 UTC;;936,2;936,3;936,2;;17,1;16,5;18;17,1;17;16,5;96;93;96;53;4;3;
2026/06/17;0400 UTC;;936;936,2;936;;17,2;16,7;17,3;16,9;16,8;16,4;98;96;96;57;5,6;4,1;
2026/06/17;0500 UTC;;935,6;936;935,6;;17;16,4;17,2;16,9;16,7;16,4;97;96;96;71;5,4;2,8;
2026/06/17;0600 UTC;;935,5;935,7;935,5;;16,4;16,3;17;16,4;16,4;16;99;96;99;83;3,9;1,7;
2026/06/17;0700 UTC;;935,3;935,6;935,2;;16,7;16,7;16,7;16,2;16,7;16,2;100;99;100;62;3,5;2,6;
2026/06/17;0800 UTC;;935,6;935,6;935,3;;16,7;16,7;16,7;16,4;16,7;16,4;100;100;100;83;3,5;1,1;
2026/06/17;0900 UTC;;936;936;935,6;;16,7;;16,8;16,6;;;100;100;;91;3;1,3;
2026/06/17;1000 UTC;;936,7;936,7;936;;17;16,1;17;16,7;16,8;16,1;100;95;95;88;5,7;2,9;
2026/06/17;1100 UTC;;937,4;937,4;936,7;104,6;17,2;16,1;17,2;17;16,1;15,9;95;93;93;66;6,3;4,1;
2026/06/17;1200 UTC;;938,1;938,1;937,4;575,4;18,3;16,6;18,3;17,2;17;16,1;95;90;90;67;6;3,7;
2026/06/17;1300 UTC;;938,9;938,9;938,1;1135,6;19,7;17,2;19,8;18,3;17,5;16,6;91;84;86;78;5,8;2,3;
2026/06/17;1400 UTC;;939;939;938,9;1396;21,5;17,4;21,5;19,7;17,6;16,7;86;77;78;101;5,2;2,2;
2026/06/17;1500 UTC;;938,4;939;938,4;2137,9;23,8;17,4;23,9;21,3;18,5;17;78;67;67;118;5,2;3,2;
2026/06/17;1600 UTC;;937,7;938,4;937,7;2233,9;25,3;17,6;25,6;23,3;18,3;16,8;69;62;62;165;5,3;1,8;
2026/06/17;1700 UTC;;936,8;937,7;936,8;2404,2;25,8;17,1;26,5;24,7;18;16,4;64;58;59;131;6,4;2,4;
2026/06/17;1800 UTC;;936,3;936,8;936,3;1549,5;25,1;16,7;26,8;25,1;17,8;16,1;60;55;60;150;6,7;2,8;
2026/06/17;1900 UTC;;936,2;936,3;936;1383;25,7;15,9;26,7;25,1;17,4;15,9;60;54;55;157;6,4;3,9;
2026/06/17;2000 UTC;;936,2;936,2;936,1;783,7;25,1;16,4;25,7;25,1;16,8;15,7;59;55;59;133;6,4;3,5;
2026/06/17;2100 UTC;;936,7;936,7;936,2;307,9;22,8;16,9;25,1;22,7;16,9;16,5;69;59;69;137;6;3,4;
2026/06/17;2200 UTC;;936,9;937;936,7;;21,1;16,9;22,9;21,1;17;16,8;77;69;77;128;6;2,9;
2026/06/17;2300 UTC;;937,2;937,2;936,9;;19,8;16,9;21,2;19,8;17;16,8;84;77;84;127;5,6;3,5;
2026/06/18;0000 UTC;;937,3;937,3;937,2;;18,6;16,6;19,7;18,5;16,9;16,6;89;84;88;111;7,1;3,3;
2026/06/18;0100 UTC;;937,3;937,3;937;;17,8;16,4;18,6;17,8;16,6;16,3;91;88;91;112;5,9;3,4;
2026/06/18;0200 UTC;;937,3;937,4;937,2;;17,7;16,4;17,9;17,5;16,5;16,2;93;91;92;101;6,1;3,2;
2026/06/18;0300 UTC;;937,6;937,8;937,3;;17,4;16,1;17,8;17,1;16,4;16;94;91;92;84;5,9;2,2;
2026/06/18;0400 UTC;;937,5;937,6;937,4;;16,3;15,5;17,4;16,3;16,1;15,5;95;92;95;64;4,3;2,2;
2026/06/18;0500 UTC;;937,2;937,5;937,2;;16,1;15,2;16,4;15,9;15,8;15,2;97;94;94;62;4,3;3,1;
2026/06/18;0600 UTC;;936,7;937,3;936,7;;16,4;15,2;16,6;16,1;15,6;15,2;95;92;92;80;5,8;3,6;
2026/06/18;0700 UTC;;936,1;936,7;936,1;;16,1;14,7;16,4;16;15,2;14,6;93;91;91;78;6,4;4,3;
2026/06/18;0800 UTC;;935,6;936,1;935,6;;15,8;13,7;16,2;15,7;14,7;13,7;91;87;87;67;7,4;4,8;
2026/06/18;0900 UTC;;935,8;935,8;935,6;;14,3;12,8;15,8;14,3;13,6;12,8;91;87;91;51;6,4;4,5;
2026/06/18;1000 UTC;;936,1;936,1;935,8;;14,3;12,4;14,4;14,1;12,8;12,4;91;89;89;58;6,7;5;
2026/06/18;1100 UTC;;936,4;936,4;936,1;226,3;15,9;13,1;15,9;14,2;13,1;12,2;89;83;83;59;8,5;6;
2026/06/18;1200 UTC;;936,7;936,8;936,4;937;18,1;13,4;18,4;15,9;14;13,1;84;74;74;57;8,6;6,1;
2026/06/18;1300 UTC;;937;937;936,7;1646,9;20,9;13,4;21;18,1;14,1;13,1;75;61;62;59;10,3;7,3;
2026/06/18;1400 UTC;;936,7;937;936,7;2156,1;24,1;13,7;24,2;20,9;14,6;13,4;63;52;52;49;9,8;5,9;
2026/06/18;1500 UTC;;936;936,7;936;2492,6;26,3;13,7;26,4;23,7;14,1;12,8;54;44;46;48;8,3;5,3;
2026/06/18;1600 UTC;;935,1;936;935,1;2631,6;27,7;12,3;27,8;26;14,1;12;46;38;39;46;7,9;4,5;
2026/06/18;1700 UTC;;934,3;935,1;934,3;2506,5;28,3;12;28,7;27,3;13,4;11,4;40;35;36;24;7;3,7;
2026/06/18;1800 UTC;;933,5;934,3;933,5;2156,7;28,6;11,7;28,9;28,1;13,4;11,5;40;34;35;64;6,1;2,6;
2026/06/18;1900 UTC;;933,2;933,5;933,2;1694,4;28,3;12,7;28,9;28;13,8;11,9;40;35;38;97;6,1;2,7;
2026/06/18;2000 UTC;;933,2;933,2;933,1;1022,9;27;13,3;28,3;27;13,4;11,9;43;37;43;103;6,3;2,5;
2026/06/18;2100 UTC;;933,4;933,5;933,2;312,8;24,3;14,1;27;24,3;14,3;13,2;53;42;53;86;4,6;2;
2026/06/18;2200 UTC;;933,9;933,9;933,4;;21,9;14,7;24,3;21,9;14,9;14,1;64;53;64;79;3,9;2,9;
2026/06/18;2300 UTC;;934,2;934,2;933,9;;20,5;14,6;22,1;20,4;14,8;14,5;69;63;69;81;4,9;2,7;
2026/06/19;0000 UTC;;934,6;934,6;934,2;;19,8;14,5;21,1;19,7;14,6;14,3;72;65;71;77;5,1;3,2;
2026/06/19;0100 UTC;;935,2;935,2;934,6;;19,2;14,4;20;18,8;14,5;14,4;76;71;74;64;5,5;3,7;
2026/06/19;0200 UTC;;935,6;935,6;935,2;;18;14,2;19,1;18;14,4;14,2;79;74;79;60;5,2;3,3;
2026/06/19;0300 UTC;;935,8;935,8;935,6;;17,3;14;18;17,1;14,3;14;82;79;81;47;5,7;4,8;
2026/06/19;0400 UTC;;935,3;935,8;935,3;;17,3;13,3;17,6;16,8;14;13,3;81;77;77;53;7,7;5;
2026/06/19;0500 UTC;;934,9;935,3;934,9;;16,9;12,9;17,4;16,4;13,3;12,9;81;76;78;52;6,7;5,1;
2026/06/19;0600 UTC;;934,3;934,9;934,2;;16,6;12,1;18,6;16,6;12,9;11,5;78;64;75;52;8,1;5;
2026/06/19;0700 UTC;;933,9;934,3;933,8;;16,2;11,8;16,8;16,2;12,1;11,8;76;73;75;51;6,6;4,9;
2026/06/19;0800 UTC;;933,9;934;933,8;;15,8;11,6;16,2;15,7;11,8;11,6;77;75;76;44;6;5;
2026/06/19;0900 UTC;;934,2;934,2;933,9;;16,1;11,5;16,2;15,8;11,6;11,4;76;74;74;42;6;4,7;
2026/06/19;1000 UTC;;934,6;934,6;934,1;;16,2;11,5;16,4;15,7;11,7;11,4;76;73;74;38;6,3;4,7;
2026/06/19;1100 UTC;;935,3;935,3;934,6;215,5;18,1;12,4;18,1;15,9;12,4;11,5;76;69;69;24;6;3,5;
2026/06/19;1200 UTC;;935,8;935,8;935,3;901,5;21,5;13,3;21,5;18,1;13,4;12,4;69;59;60;29;6,3;4,5;
2026/06/19;1300 UTC;;936;936;935,8;1592,8;25,5;13,8;25,5;21,5;14,5;13,1;60;48;48;31;6,8;4,9;
2026/06/19;1400 UTC;;936;936;935,9;2090,5;28,4;13,2;28,4;25,5;14,4;12,8;48;38;39;5;7,3;4,3;
2026/06/19;1500 UTC;;935,5;936;935,5;2398,9;30,1;13,7;30,2;28,3;14,1;12,7;41;36;37;357;8,1;4,9;
2026/06/19;1600 UTC;;934,9;935,5;934,9;2549,3;30,3;13;30,5;29,6;14,5;12,2;38;33;35;328;10,2;6,4;
2026/06/19;1700 UTC;;933,9;934,9;933,9;2471;29,9;13,5;30,7;29,8;14,1;12,5;38;34;37;319;10,5;6,3;
2026/06/19;1800 UTC;;933;933,9;933;2097,4;30,4;14;30,7;29,2;14,4;12,9;38;35;37;318;12;5,5;
2026/06/19;1900 UTC;;932,5;933;932,4;1631,6;29,9;14,1;30,6;29,4;14,5;12,8;39;35;38;315;9,5;5,1;
2026/06/19;2000 UTC;;932,6;932,6;932,4;755,8;28,4;13,9;30;28,4;15,2;13,4;43;38;41;316;9,5;4,4;
2026/06/19;2100 UTC;;933,3;933,3;932,6;132,8;25,6;15;28,4;25,6;15;13,5;52;40;52;288;7;2;
2026/06/19;2200 UTC;;933,7;933,7;933,3;;24,3;15,6;25,6;24,1;15,8;15;60;52;58;258;4,1;2,8;
2026/06/19;2300 UTC;;934,4;934,4;933,7;;23;16,2;24,5;23;16,2;15,7;65;58;65;226;5;3;
2026/06/20;0000 UTC;;935,4;935,4;934,4;;22,6;17,2;23;22,1;17,3;16,2;72;65;72;231;6,8;3,4;
2026/06/20;0100 UTC;;936,2;936,2;935,4;;21,2;17,2;22,5;21,2;17,5;17,2;79;72;78;230;7,7;4,4;
2026/06/20;0200 UTC;;937,1;937,1;936,1;;18,9;17,8;21,2;18,9;17,9;17,1;93;78;93;231;10;,9;
2026/06/20;0300 UTC;;937;937,2;936,5;;17,8;;18,9;17,7;;;;;;236;7,1;2,7;
2026/06/20;0400 UTC;;936,3;937;936,3;;17,5;;17,8;17,2;;;;;;125;5,6;1;
2026/06/20;0500 UTC;;935,8;936,3;935,6;;17,4;;17,5;17;;;;;;277;2,8;,9;
2026/06/20;0600 UTC;;935;936,1;935;;17,3;;17,5;17,2;;;;;;323;4,1;1;
2026/06/20;0700 UTC;;934,4;935;934,3;;17,2;;17,4;17,2;;;;;;39;3,1;2,5;
2026/06/20;0800 UTC;;934,9;935;934,3;;17,4;;17,5;17,1;;;;;;28;4,7;3,4;
2026/06/20;0900 UTC;;934,6;934,9;934,5;;17,3;;17,5;17,2;;;;;;20;5,2;2,6;
2026/06/20;1000 UTC;;933,8;934,7;933,8;;17,3;;17,3;17,3;;;;;;36;5,7;4,3;
2026/06/20;1100 UTC;;934,2;934,2;933,8;53,9;17,7;17,7;17,7;17,3;;;;;100;19;6,8;3,3;
2026/06/20;1200 UTC;;934,6;934,8;934;183,7;18,2;17,4;18,2;17,6;17,7;17,4;100;95;95;15;7,9;3,8;
2026/06/20;1300 UTC;;935,3;935,3;934,6;627,4;19,4;18,2;19,4;18,2;18,2;17,4;96;91;93;329;6,8;3,7;
2026/06/20;1400 UTC;;934,9;935,4;934,9;1510,5;20,7;17,6;21,3;19,3;18,6;17,3;93;81;82;299;7,4;5;
2026/06/20;1500 UTC;;934,3;934,9;934,3;1522,6;19,8;17,8;22,7;19,8;18,8;17,1;88;77;88;255;7,7;4,6;
2026/06/20;1600 UTC;;933,9;934,3;933,9;1362,7;18,3;17,4;20,1;18,3;18,5;17,3;95;87;95;244;6,6;4,4;
2026/06/20;1700 UTC;;933;933,9;933;995,8;17,9;17;18,7;17,3;18,5;16,8;100;93;95;247;6,6;3,9;
2026/06/20;1800 UTC;;932,6;933;932,6;632,6;18,4;17,1;19,1;17,7;18,1;16,9;98;91;92;246;6;3,4;
2026/06/20;1900 UTC;;932,4;932,7;932,4;418,9;17,3;;18,5;17,2;17,7;16,8;100;93;;240;6,3;3,6;
2026/06/20;2000 UTC;;932,6;932,6;932,4;207,6;17;;17,5;16,9;;;;;;237;5,9;3,7;
2026/06/20;2100 UTC;;932,9;932,9;932,6;91,8;16,8;;17,1;16,8;;;;;;244;5,4;3,2;
2026/06/20;2200 UTC;;933,3;933,3;932,9;2,3;16,6;;16,8;16,4;;;;;;241;5,7;2,6;
2026/06/20;2300 UTC;;933,5;933,5;933,3;;16,7;;16,8;16,6;;;;;;226;4,1;1,8;
2026/06/21;0000 UTC;;933,8;933,8;933,5;;16,6;16,6;16,7;16,4;;;;;100;244;4,3;1,5;
2026/06/21;0100 UTC;;934;934;933,8;;16,2;;16,6;16,1;;;;;;195;2,7;,6;
2026/06/21;0200 UTC;;933,7;934,1;933,7;;15,2;;16,3;15,1;;;;;;112;1,1;,2;
2026/06/21;0300 UTC;;933,3;933,7;933,3;;15,3;;15,5;15;;;;;;71;2,7;2,1;
2026/06/21;0400 UTC;;933,2;933,4;933,2;;15;;15,3;14,9;;;;;;45;3,8;3;
2026/06/21;0500 UTC;;932,8;933,2;932,8;;14,2;;15;14,2;;;;;;42;3,9;2,8;
2026/06/21;0600 UTC;;932,5;932,8;932,5;;14,3;;14,4;14,1;;;;;;47;5,7;4,4;
2026/06/21;0700 UTC;;932;932,6;932;;14,6;;14,6;13,8;;;;;;46;6,5;4,6;
2026/06/21;0800 UTC;;931,9;932;931,9;;15,1;;15,1;14,6;;;;;;37;7,7;5,8;
2026/06/21;0900 UTC;;932,3;932,3;931,9;;15,8;;15,8;15;;;;;;36;7,7;5;
2026/06/21;1000 UTC;;932,8;932,8;932,3;;16,2;;16,2;15,8;;;;;;35;7,6;5,5;
2026/06/21;1100 UTC;;933,6;933,6;932,7;90,4;16,6;;16,6;16,2;;;;;;37;7,5;4,1;
2026/06/21;1200 UTC;;934,6;934,6;933,6;333,3;17,3;;17,3;16,6;;;;;;45;6,9;5;
2026/06/21;1300 UTC;;934,8;934,9;934,6;802,3;18,8;18,4;19;17,3;;;;;98;54;7,2;4,5;
2026/06/21;1400 UTC;;934,6;934,8;934,6;2079,6;21,6;18,7;21,7;18,8;19,3;18,2;98;83;83;45;7,2;4,2;
2026/06/21;1500 UTC;;933,9;934,6;933,9;2480,7;24,6;19,4;24,6;21,6;19,5;18,4;84;72;73;23;7,9;3,5;
2026/06/21;1600 UTC;;933;933,9;933;2384;25,6;19;27,7;24,6;20,4;18;73;59;67;317;7,5;4,3;
2026/06/21;1700 UTC;;932,1;933;932,1;2517;27,8;17,2;28,5;25,6;19,3;17,2;67;52;53;322;8,3;5;
2026/06/21;1800 UTC;;931,4;932,1;931,4;2119,3;28,1;17,1;28,3;26,8;18,4;16,8;58;51;51;319;8,7;4,1;
2026/06/21;1900 UTC;;931;931,4;931;1755,6;27,8;16,5;28,5;27,7;17,3;15,4;52;46;50;309;7,6;4,5;
2026/06/21;2000 UTC;;931,1;931,1;931;1042,2;27,5;17,3;28,3;27,4;17,4;16,2;54;49;54;312;7,1;2,8;
2026/06/21;2100 UTC;;931,4;931,4;931,1;309,4;25,1;18,7;27,6;25,1;18,7;17,2;68;54;68;336;4,3;1,2;
2026/06/21;2200 UTC;;931,6;931,6;931,4;;23,1;17,8;25,1;22,7;18,7;17,8;75;68;72;5;2,6;2,1;
2026/06/21;2300 UTC;;932;932;931,6;;21,7;17,7;23;21,4;18,1;17,7;80;72;78;43;4,4;3,4;
2026/06/22;0000 UTC;;932,2;932,2;932;;21,2;17,6;21,7;21,2;17,8;17,6;80;78;80;37;4,2;3;
2026/06/22;0100 UTC;;932,4;932,5;932,2;;20,3;17,4;21,3;20,3;17,7;17,3;83;79;83;32;4,7;3,5;
2026/06/22;0200 UTC;;932,6;932,6;932,4;;19,7;17,4;20,4;19,6;17,4;17,2;87;83;87;35;4,6;3,5;
2026/06/22;0300 UTC;;932,6;932,7;932,6;;19,3;17,3;19,7;19;17,4;17,1;89;86;88;38;4,5;3,7;
2026/06/22;0400 UTC;;932,7;932,7;932,6;;19,2;17,1;19,4;18,9;17,3;17;89;87;88;39;4,9;4;
2026/06/22;0500 UTC;;932,4;932,7;932,4;;19,1;17;19,2;18,4;17,2;16,9;91;87;88;51;5,4;4,2;
2026/06/22;0600 UTC;;932,2;932,4;932,2;;18,7;17;19,2;18,5;17,1;16,8;90;88;90;45;5,1;3,9;
2026/06/22;0700 UTC;;932;932,2;932;;18,5;17;18,7;18,3;17,2;16,8;91;90;91;40;5,1;3,8;
2026/06/22;0800 UTC;;932,4;932,4;932;;18,3;16,9;18,6;18,1;17,1;16,9;93;91;92;42;6,1;4,8;
2026/06/22;0900 UTC;;933;933;932,4;;18,4;16,9;18,6;17,9;17,2;16,8;94;91;91;45;6,1;4,6;
2026/06/22;1000 UTC;;933,7;933,7;933;;18,1;16,9;18,7;18,1;17,1;16,8;92;90;92;26;6,5;3,8;
2026/06/22;1100 UTC;;934,6;934,6;933,7;172,9;20,2;17,3;20,2;18,1;17,3;16,9;92;83;84;28;6,8;4,9;
2026/06/22;1200 UTC;;935,5;935,5;934,6;831;22,7;18,4;22,7;19,9;18,6;17,2;85;77;77;21;6,5;4;
2026/06/22;1300 UTC;;935,7;935,7;935,5;1479,1;25;19;25,1;22,7;19;18,2;78;67;69;10;8,9;5,7;
2026/06/22;1400 UTC;;935,3;935,7;935,2;1925,5;26;18,4;26,7;25;19,3;18,2;69;61;63;3;10,5;6,1;
2026/06/22;1500 UTC;;934,9;935,3;934,9;1416,1;26,9;18,2;27,4;25,9;19,1;18;64;58;59;334;9,6;6;
2026/06/22;1600 UTC;;933,9;934,9;933,9;961;27,1;19,2;27,1;26,1;19,4;17,9;65;59;62;318;9,2;4,1;
2026/06/22;1700 UTC;;932,5;933,9;932,5;1803,2;28,3;17,5;28,9;27;19,4;17,2;62;50;52;321;9,8;6,2;
2026/06/22;1800 UTC;;931,4;932,5;931,4;1141;27,1;18,2;28,8;27,1;18,7;17,4;58;51;58;319;9,9;3,6;
2026/06/22;1900 UTC;;932,8;933,1;931,4;98,4;18,8;18,1;27;18,8;18,9;17,5;96;58;96;289;14,5;7,8;
2026/06/22;2000 UTC;;932;932,9;932;318;21;19;21;18,4;19,5;18;99;88;88;318;14,1;2,5;
2026/06/22;2100 UTC;;932,5;932,5;932;147,7;20,7;19,4;21,2;20,6;19,5;18,9;93;87;92;289;4;2,1;
2026/06/22;2200 UTC;;932,6;932,6;932,4;3,1;20,2;19,1;20,8;20;19,4;19;94;91;93;5;4,1;3,1;
2026/06/22;2300 UTC;;932,9;933,1;932,6;;20,2;18,8;20,5;20,1;19,1;18,7;94;91;92;336;4,1;1,5;
2026/06/23;0000 UTC;;933,5;933,5;932,9;;20,1;19;20,4;19,8;19;18,7;94;91;94;21;3,6;2,9;
2026/06/23;0100 UTC;;934;934;933,4;;20,3;19,1;20,4;19,6;19,4;18,9;97;93;93;14;5,1;2,5;
2026/06/23;0200 UTC;;933,2;934;933,2;;20;19,1;20,3;19,6;19,2;18,7;96;93;95;33;5;2,3;
2026/06/23;0300 UTC;;933;933,3;933;;19,9;19,3;20,1;19,8;19,4;19,1;96;95;96;35;4,1;2,7;
2026/06/23;0400 UTC;;933,2;933,6;933;;19,3;;20;19,2;;;;;;289;7,3;2,8;
2026/06/23;0500 UTC;;932,9;933,5;932,9;;19,3;;19,4;19,2;;;;;;163;4;,8;
2026/06/23;0600 UTC;;932,8;933;932,7;;19,4;;19,5;19,2;;;;;;288;1,5;,9;
2026/06/23;0700 UTC;;932,7;932,9;932,7;;19,5;;19,5;19,4;;;;;;353;1,8;1;
2026/06/23;0800 UTC;;932,8;932,8;932,4;;19,4;;19,5;19,3;;;;;;123;2,1;1,1;
2026/06/23;0900 UTC;;933,1;933,1;932,6;;19,4;;19,5;19,3;;;;;;29;2,5;1,4;
2026/06/23;1000 UTC;;933,1;933,4;932,9;;19;;19,4;19;;;;;;118;4,4;1,4;
2026/06/23;1100 UTC;;933,4;933,4;932,9;99,6;19,4;;19,4;19;;;;;;112;3,6;2,3;
2026/06/23;1200 UTC;;934,4;934,4;933,4;213,7;19,1;;19,4;19,1;;;;;;141;3,6;2,3;
2026/06/23;1300 UTC;;934,6;934,6;934,3;417,8;19,5;;19,5;19;;;;;;160;3,8;1,9;
2026/06/23;1400 UTC;;934,8;934,9;934,6;176,3;19,1;;19,7;19,1;;;;;;204;4,1;2,1;
2026/06/23;1500 UTC;;934,2;934,8;934,2;824,1;19,5;19,5;19,7;19,1;;;;;100;160;4,6;2,5;
2026/06/23;1600 UTC;;933,7;934,2;933,7;602;19,6;19,5;19,8;19,5;19,8;19,2;100;98;99;211;3,6;1,7;
2026/06/23;1700 UTC;;932,6;933,7;932,6;831,1;20,4;20,2;20,6;19,2;;;;;99;179;3,7;,7;
2026/06/23;1800 UTC;;932;932,6;931,8;957;21,4;19,8;21,7;20,3;20,2;19,6;99;91;91;177;2,1;,9;
2026/06/23;1900 UTC;;932;932,1;931,8;816,5;20;19,7;21,9;20;20,9;19,5;98;91;98;208;5,7;3,1;
2026/06/23;2000 UTC;;932,3;932,3;931,9;473,5;19,8;19,3;20,4;19,6;20,1;19,2;99;96;97;229;5,7;2,8;
2026/06/23;2100 UTC;;932,9;932,9;932,3;110,9;18,7;18,7;19,9;18,7;19,4;18,7;100;96;100;213;4,7;2,7;
2026/06/23;2200 UTC;;933,2;933,2;932,9;1,3;16,3;;18,7;16,2;;;;;;159;7,2;4;
2026/06/23;2300 UTC;;934,1;934,1;933,2;0;15,9;;16,3;15,9;;;;;;174;6,7;2,7;
2026/06/24;0000 UTC;;934;934,1;933,8;,6;15,6;;16;15,6;;;;;;147;4,3;2,7;
2026/06/24;0100 UTC;;935;935;933,9;;15,1;;15,8;15,1;;;;;;189;5;2,8;
2026/06/24;0200 UTC;;935,4;935,4;934,9;,4;13,8;;15,1;13,8;;;;;;173;5,8;4,2;
2026/06/24;0300 UTC;;934,6;935,4;934,5;,2;12,6;;13,8;12,6;;;;;;129;7,5;4,3;
2026/06/24;0400 UTC;;934,5;934,6;934,4;0;12,5;;12,7;12,5;;;;;;129;7;3,1;
2026/06/24;0500 UTC;;934,7;934,8;934,5;0;12,2;;12,6;12,2;;;;;;168;7,8;5;
2026/06/24;0600 UTC;;934,3;934,7;934;0;12,1;;12,2;12,1;;;;;;139;7,8;3,5;
2026/06/24;0700 UTC;;933,7;934,4;933,7;;11,8;;12,2;11,8;;;;;;145;5,7;3,1;
2026/06/24;0800 UTC;;934,5;934,5;933,6;;11,6;;11,9;11,6;;;;;;169;6,2;3,3;
2026/06/24;0900 UTC;;934,8;934,8;934,3;,5;11,2;;11,6;11,2;;;;;;135;6,2;2,9;
2026/06/24;1000 UTC;;935,2;935,3;934,8;,1;11,2;;11,2;11,2;;;;;;155;5,5;2,7;
2026/06/24;1100 UTC;;935,9;935,9;935,1;45,8;10;;11,3;10;;;;;;144;5,9;4,1;
2026/06/24;1200 UTC;;937,2;937,2;935,9;151,7;10;10;10,3;10;;;;;100;152;6,8;4;
2026/06/24;1300 UTC;;938,1;938,1;937,2;331,4;9,9;;10,2;9,8;;;;;;165;7,2;4,3;
2026/06/24;1400 UTC;;937,9;938,2;937,8;537,5;10,4;;10,5;9,9;;;;;;128;6,4;3,1;
2026/06/24;1500 UTC;;937,9;938,5;937,9;377,5;10,2;;10,7;9,9;;;;;;144;6;2,5;
2026/06/24;1600 UTC;;936,6;937,9;936,6;404,9;12;12;12;10,2;12;10,6;100;98;100;61;6,7;2,4;
2026/06/24;1700 UTC;;936,1;936,6;936,1;368,3;11,9;11,9;12,2;11,8;12,2;11,5;100;98;100;193;4,1;1,1;
2026/06/24;1800 UTC;;935,1;936,1;935;478,8;12,2;12,1;12,3;11,8;12,3;11,7;100;98;99;158;3,6;2,2;
2026/06/24;1900 UTC;;935,1;935,1;934,4;247,1;12,4;12,4;12,5;12,1;12,5;11,9;100;99;100;190;4,7;2,5;
2026/06/24;2000 UTC;;934,8;935,5;934,6;75,1;11,6;;12,4;11,6;;;;;;135;5;2,9;
2026/06/24;2100 UTC;;934,9;935,1;934,7;44,5;11,2;;11,7;11,2;;;;;;144;7,1;4,4;
2026/06/24;2200 UTC;;935,1;935,4;934,9;0;10,8;;11,3;10,8;;;;;;122;7;3,7;
2026/06/24;2300 UTC;;935,5;935,9;935,1;;10,9;10,8;11;10,8;10,9;10,8;100;100;100;103;6,8;2,6;
2026/06/25;0000 UTC;;935;935,6;934,9;;11;10,8;11,1;10,9;11;10,7;100;98;98;65;6,8;4,6;
2026/06/25;0100 UTC;;935,6;936;934,9;;11,4;11;11,4;11;11,2;10,8;100;97;97;56;9,1;5,9;
2026/06/25;0200 UTC;;935,2;936,2;935,1;;11,3;11,2;11,5;11,3;11,2;10,9;99;97;99;70;9,5;6,5;
2026/06/25;0300 UTC;;934,9;936,5;934,9;;11,7;;11,7;11,3;;;;;;62;8,5;5,5;
2026/06/25;0400 UTC;;934;935,2;934;;11,6;;11,7;11,6;;;;;;64;8,4;5,1;
2026/06/25;0500 UTC;;934,3;935,3;933,9;;11,8;;11,8;11,6;;;;;;73;6,8;1,4;
2026/06/25;0600 UTC;;933,7;934,3;933,6;;12,1;;12,2;11,7;;;;;;64;4,6;2,8;
2026/06/25;0700 UTC;;935,4;935,4;933,7;;11,7;;12,2;11,7;;;;;;204;6,1;1,6;
2026/06/25;0800 UTC;;934,7;935,5;934,7;;12;;12;11,6;;;;;;89;4,4;2,7;
2026/06/25;0900 UTC;;934,8;934,8;934,2;;12,4;;12,4;12;;;;;;50;8,1;2,3;
2026/06/25;1000 UTC;;934,5;934,8;934;;12,8;12,8;12,9;12,4;;;;;100;40;11,8;7,8;
2026/06/25;1100 UTC;;936,2;936,3;933,5;7,1;13,6;13,1;14,1;12,8;13,6;12,8;100;96;97;281;11,8;4,7;
2026/06/25;1200 UTC;;936,9;936,9;935,7;123,1;13,8;;14,6;13,4;14;13,1;100;95;;170;8,9;1,7;
2026/06/25;1300 UTC;;937,9;937,9;936,8;366,9;13,2;;13,8;13;;;;;;163;7,2;3,5;
2026/06/25;1400 UTC;;937,8;938;937,4;1084,3;14,5;13,9;14,5;12,9;;;;;96;139;7,3;4,1;
2026/06/25;1500 UTC;;937,3;938;937,3;1344,6;16,1;14,4;16,1;14,4;14,5;13,5;96;90;90;140;6,9;3,6;
2026/06/25;1600 UTC;;937,5;937,5;936,9;1603;17,6;14,9;17,8;15,9;15,2;14,1;90;83;85;178;5,4;2,2;
2026/06/25;1700 UTC;;936,6;937,5;936,5;744,7;17;14,8;17,7;17;15,2;14,6;87;84;87;140;5,1;2,8;
2026/06/25;1800 UTC;;936,4;936,8;936,4;604,4;17,1;14,9;17,4;16,7;15,5;14,7;89;86;86;131;5,1;2,8;
2026/06/25;1900 UTC;;936,6;936,7;936,4;686,8;17,5;15;17,7;17,1;15,3;14,7;88;85;85;139;5,2;3,6;
2026/06/25;2000 UTC;;936,6;936,7;936,5;459,3;17,6;15,3;18;17,3;15,7;14,9;88;85;87;90;5,2;2,5;
2026/06/25;2100 UTC;;937,6;937,6;936,6;117,4;16,6;15,2;17,6;16,6;15,4;15,2;92;87;92;69;4,8;2;
2026/06/25;2200 UTC;;937,8;938;937,6;;15,6;14,9;16,6;15,6;15,3;14,9;96;92;96;94;3,6;1,6;
2026/06/25;2300 UTC;;938,4;938,4;937,7;;15,1;14,7;15,6;15,1;15;14,7;98;96;98;97;4;1,1;
2026/06/26;0000 UTC;;938,6;938,7;938,4;;14,4;;15,1;14,3;14,7;14,3;100;98;;65;2,7;1,2;
2026/06/26;0100 UTC;;938,8;938,8;938,4;;13,8;;14,4;13,8;;;;;;99;3,5;1,5;
2026/06/26;0200 UTC;;938,5;938,9;938,5;;13,4;;13,8;13,3;;;;;;96;4;1,6;
2026/06/26;0300 UTC;;938,2;938,5;938,2;;13,1;;13,4;13,1;;;;;;64;4,1;1,6;
2026/06/26;0400 UTC;;937,8;938,2;937,8;;12,8;;13,1;12,8;;;;;;79;3,4;2;
2026/06/26;0500 UTC;;937,3;937,9;937,3;;13;;13;12,7;;;;;;57;5,3;3,8;
2026/06/26;0600 UTC;;936,9;937,4;936,9;;13,2;;13,3;13;;;;;;73;7,4;2,6;
2026/06/26;0700 UTC;;936,6;937,1;936,6;;13,3;;13,3;13,2;;;;;;62;6,9;4,5;
2026/06/26;0800 UTC;;936,9;936,9;936,6;;13,1;;13,3;13,1;;;;;;57;6,9;3,9;
2026/06/26;0900 UTC;;936,8;936,9;936,6;;13,1;;13,2;13,1;;;;;;50;7;4,9;
2026/06/26;1000 UTC;;937,2;937,2;936,8;;13,2;;13,2;12,9;;;;;;51;6,6;4,6;
2026/06/26;1100 UTC;;937,8;937,8;937,2;68,5;13,4;;13,4;12,8;;;;;;48;6,4;4,5;
2026/06/26;1200 UTC;;938,3;938,3;937,8;807,6;16,2;14,8;16,2;13,4;14,9;14,1;100;91;91;44;6,1;4,3;
2026/06/26;1300 UTC;;938,6;938,6;938,3;1585,4;19,8;15,9;19,8;16,2;16,2;14,7;92;78;78;41;5,4;3,8;
2026/06/26;1400 UTC;;938,2;938,6;938,2;2123,1;23,5;16,2;23,6;19,7;16,6;15,6;78;62;63;52;7,3;4,8;
2026/06/26;1500 UTC;;937,8;938,2;937,8;2443,3;25,2;16,3;25,6;23,5;17,1;16;65;57;58;76;6,9;2,6;
2026/06/26;1600 UTC;;937,1;937,8;937,1;2567;26;15,6;26,8;25;17;15,6;59;52;53;63;7,5;4,3;
2026/06/26;1700 UTC;;936,1;937,1;936,1;2487,3;27,1;16;27,1;25,9;16,8;15,6;55;50;51;85;7,5;3,4;
2026/06/26;1800 UTC;;935,4;936,1;935,4;2205,4;27,6;15,9;27,8;26,9;16,3;15,3;52;48;49;70;7,8;4;
2026/06/26;1900 UTC;;935,2;935,5;935,2;1685;27,3;16,1;27,7;26,9;16,5;15,3;52;48;51;82;6,3;3,3;
2026/06/26;2000 UTC;;935,3;935,3;935,2;1017,2;27;16,3;27,6;26,9;16,6;15,1;53;47;52;82;5,9;2,4;
2026/06/26;2100 UTC;;935,7;935,7;935,3;309,8;24,3;16,7;27;24,3;16,8;15,7;63;51;63;81;5,1;2,4;
2026/06/26;2200 UTC;;936,1;936,1;935,7;;22,7;17;24,3;22,7;17;16,7;70;63;70;91;3,4;1,7;
2026/06/26;2300 UTC;;936,4;936,4;936,1;;21,6;16,9;22,7;21,6;17;16,8;75;70;75;97;3,2;1,7;
2026/06/27;0000 UTC;;937;937;936,4;;20,5;17,3;21,7;20,5;17,3;16,9;82;74;82;87;4,3;2,3;
2026/06/27;0100 UTC;;937,5;937,5;937;;19,6;17,3;20,6;19,6;17,3;17,2;86;82;86;75;5;3,4;
2026/06/27;0200 UTC;;937,9;937,9;937,5;;19,4;17,2;19,9;19,4;17,5;17,2;87;85;87;96;4,7;1,6;
2026/06/27;0300 UTC;;937,9;938,1;937,9;;19;17,2;19,7;18,9;17,4;17;89;86;89;86;4,3;2,3;
2026/06/27;0400 UTC;;937,4;937,9;937,4;;18,4;16,9;19;17,9;17,3;16,6;94;89;91;60;6,6;4,1;
2026/06/27;0500 UTC;;936,7;937,4;936,7;;17,9;16,7;18,4;17,7;17;16,6;95;91;93;56;7,4;5,2;
2026/06/27;0600 UTC;;936,3;936,7;936,3;;18,4;16,7;18,4;17,4;16,8;16,3;94;90;90;63;6,7;4,1;
2026/06/27;0700 UTC;;936;936,3;935,9;;18,3;16,5;18,4;18,2;16,7;16,4;90;89;89;63;7,3;3,3;
2026/06/27;0800 UTC;;936,1;936,1;936;;17,5;16,2;18,3;17,4;16,5;16;92;89;92;65;5,8;2,3;
2026/06/27;0900 UTC;;936,5;936,5;936;;17,4;16,1;18;17,2;16,6;16;94;90;92;75;5,6;3;
2026/06/27;1000 UTC;;937,2;937,2;936,5;;17,6;16,2;17,6;17,3;16,3;16;93;92;92;58;5,1;3,6;
2026/06/27;1100 UTC;;937,8;937,8;937,2;160,5;19,3;16,4;19,3;17,5;16,4;16,1;92;83;83;71;8,2;5;
2026/06/27;1200 UTC;;938,2;938,2;937,8;832,9;21,3;16,4;21,3;19,3;16,9;16,3;83;74;74;67;7,1;4,3;
2026/06/27;1300 UTC;;938,4;938,5;938,2;1481,2;24,3;15,8;24,7;21,2;16,8;15,8;74;59;59;51;7,8;4,8;
2026/06/27;1400 UTC;;937,7;938,5;937,7;2138,1;26,4;15,7;26,5;24,3;16,3;15,5;60;52;52;55;9,4;6,6;
2026/06/27;1500 UTC;;937,3;937,8;937,3;2477,3;27,5;15,7;27,6;26,3;16,5;14,9;54;48;49;44;12,2;6,3;
2026/06/27;1600 UTC;;936,3;937,3;936,3;2599,5;28,2;14;28,9;27,3;16,2;14;50;41;42;38;9,6;6,1;
2026/06/27;1700 UTC;;935,6;936,3;935,6;2526,4;29;13,8;29,1;28,2;15,5;13,1;45;38;39;26;9,3;5,3;
2026/06/27;1800 UTC;;934,6;935,6;934,6;2231,6;29,3;13,2;29,8;28,8;14,7;13;41;36;37;31;7,7;4,5;
2026/06/27;1900 UTC;;934,1;934,6;934,1;1718,1;29;12,8;29,7;28,9;14,1;12,3;39;35;37;28;7,7;4,7;
2026/06/27;2000 UTC;;934,1;934,2;934,1;1041,1;28,3;14,1;29,1;28,3;14,5;12,9;43;37;42;35;7,7;3,7;
2026/06/27;2100 UTC;;934,3;934,3;934,1;319;25,3;15,4;28,3;25,3;15,7;14,1;54;41;54;53;5,9;2,4;
2026/06/27;2200 UTC;;934,6;934,6;934,3;;22,2;15,7;25,3;22;15,9;15,1;68;54;67;15;3,5;2,1;
2026/06/27;2300 UTC;;935;935;934,6;;21,5;16;22,6;21,3;16;15,2;71;65;71;27;3,3;3;
2026/06/28;0000 UTC;;935,3;935,3;934,9;;20,6;16;21,5;20,6;16,1;15,9;75;71;75;36;3,8;3,3;
2026/06/28;0100 UTC;;935,9;935,9;935,3;;20,2;15,8;20,7;19,9;16,3;15,7;79;74;76;69;4,1;3,3;
2026/06/28;0200 UTC;;936,1;936,1;935,9;;19,5;15;21,3;19,5;15,6;15;76;68;75;48;5,1;3,3;
2026/06/28;0300 UTC;;936;936,1;935,9;;18,1;15,3;19,5;17,9;15,3;15;84;75;84;44;5,5;4,1;
2026/06/28;0400 UTC;;935,7;936;935,7;;18,1;15;18,3;17,6;15,3;15;86;82;82;35;5,5;3,9;
2026/06/28;0500 UTC;;935,2;935,7;935,2;;18;14,7;18,2;17,8;15,1;14,7;83;81;82;51;4,6;4,1;
2026/06/28;0600 UTC;;934,9;935,2;934,9;;18;14,5;18,4;17,7;14,8;14,5;82;79;80;56;5,8;4,9;
2026/06/28;0700 UTC;;934,8;934,9;934,7;;17,8;14,3;18;17;14,6;14,3;86;80;80;38;5,8;4,7;
2026/06/28;0800 UTC;;934,9;934,9;934,6;;17;14;17,8;17;14,3;13,9;83;80;83;49;5,6;3,9;
2026/06/28;0900 UTC;;935;935,2;934,9;;16,6;13,9;17;16,3;14,1;13,8;86;83;84;46;5,6;4,8;
2026/06/28;1000 UTC;;935,6;935,6;935;;16,9;14;17;16,3;14,1;13,8;85;82;83;29;5,6;4,1;
2026/06/28;1100 UTC;;936,2;936,2;935,6;198,9;18,8;14,4;18,8;17;14,4;13,8;83;75;76;32;5,4;4,2;
2026/06/28;1200 UTC;;936,8;936,8;936,2;875,8;21,5;15,7;21,5;18,8;15,7;14,4;76;69;70;44;6;4,4;
2026/06/28;1300 UTC;;937,3;937,3;936,8;1573,1;24,7;16,4;24,8;21,4;16,6;15,4;70;59;60;29;5,8;3,8;
2026/06/28;1400 UTC;;937,1;937,4;937,1;2109,7;27,4;16,9;27,7;24,7;17,6;16,2;60;52;53;23;6,6;4;
2026/06/28;1500 UTC;;936,5;937,1;936,5;2454,6;28,7;16,6;28,8;27,4;17,7;16;53;47;48;9;8,1;5;
2026/06/28;1600 UTC;;935,4;936,5;935,3;2585,1;29,2;16;29,6;28,2;17,4;15,8;50;45;45;341;9,5;4,8;
2026/06/28;1700 UTC;;934,6;935,4;934,6;2611,2;29,4;16,9;30;28,5;17,3;15,9;48;44;47;343;9,5;5,2;
2026/06/28;1800 UTC;;933,8;934,6;933,8;1801,1;28,4;16,1;30,2;28,1;17,4;15,7;50;44;47;341;8,5;4,2;
2026/06/28;1900 UTC;;933,5;933,8;933,5;1246,8;29,4;17,1;29,9;28;17,5;15,7;50;44;48;305;8;4,2;
2026/06/28;2000 UTC;;933,8;933,8;933,5;913,3;27,8;17,3;29,5;27,2;17,3;16,2;53;46;53;313;6,6;3,3;
2026/06/28;2100 UTC;;934;934,1;933,7;327,7;25,7;17;28,4;25,7;17,5;16,4;59;50;59;305;5,9;2,3;
2026/06/28;2200 UTC;;934,3;934,3;934;;23,1;17,3;25,7;23,1;17,5;17;70;59;70;320;3,1;1,4;
2026/06/28;2300 UTC;;934,7;934,7;934,3;;22,1;17,3;23,2;22,1;17,3;17,2;74;69;74;9;2,4;2,1;
2026/06/29;0000 UTC;;934,9;934,9;934,7;;21,4;17,7;22,1;21,3;17,9;17,2;80;74;80;37;3,6;3,3;
2026/06/29;0100 UTC;;935,1;935,1;934,9;;20,8;17,6;21,4;20,8;17,8;17,5;82;80;82;34;4,4;3,9;
2026/06/29;0200 UTC;;935,4;935,4;935,1;;20,2;17,3;20,8;20;17,7;17,2;85;82;83;36;4,4;3,5;
2026/06/29;0300 UTC;;935,3;935,4;935,3;;20,3;17,1;20,6;20;17,4;17,1;84;81;82;33;4,2;3,8;
2026/06/29;0400 UTC;;935,5;935,8;935,3;;19;16,9;20,5;18,8;17,2;16,3;88;81;87;351;4,2;1,4;
2026/06/29;0500 UTC;;935,2;935,5;935,2;;19,8;16,7;19,9;18,9;17,1;16,6;88;82;82;2;2,6;2,3;
2026/06/29;0600 UTC;;934,9;935,2;934,9;;17,8;16,5;19,8;17,8;16,8;16,3;93;82;92;359;3,1;1,8;
2026/06/29;0700 UTC;;934,5;934,9;934,5;;18,7;16,8;19,2;17,8;17,1;16,2;93;86;89;60;2,3;,9;
2026/06/29;0800 UTC;;934,5;934,6;934,5;;18,1;16,8;18,7;17,8;16,8;16,5;93;88;92;55;3,6;3,1;
2026/06/29;0900 UTC;;934,4;934,5;934,2;;17,7;16,3;18,3;17,6;16,8;16,3;92;90;91;42;5,4;2,6;
2026/06/29;1000 UTC;;934,8;934,8;934,4;;18;16,1;18,6;17,2;16,8;15,8;94;88;89;55;6;4,3;
2026/06/29;1100 UTC;;935,3;935,3;934,8;200,2;20,6;16,9;20,6;17,4;17;16;92;80;80;67;5,9;3,8;
2026/06/29;1200 UTC;;936,1;936,1;935,3;872,7;21,5;17,6;21,8;20,5;17,8;16,8;80;77;78;31;5;2,7;
2026/06/29;1300 UTC;;936,5;936,5;936,1;1570,9;24,8;18,3;24,9;21,5;18,9;17,5;79;66;67;41;5,3;3,6;
2026/06/29;1400 UTC;;936,2;936,5;936,2;2125,3;27,5;17,5;27,7;24,8;18,9;17,5;67;54;54;34;5,6;3;
2026/06/29;1500 UTC;;935,7;936,2;935,7;2281,6;28,1;17,3;28,7;27,1;18,3;17,2;58;51;52;27;5;2,7;
2026/06/29;1600 UTC;;934,9;935,7;934,9;1873,2;29;15,5;30,3;27,4;17,5;14,2;54;39;44;351;5,6;3,5;
2026/06/29;1700 UTC;;933,9;934,9;933,9;2748,4;29,7;14,5;30,7;29;16,2;14,1;45;38;40;314;6,9;3,7;
2026/06/29;1800 UTC;;933,4;934;933,4;794,3;28,6;14,8;29,8;28,2;15,9;14,1;47;40;43;299;6,9;1,3;
2026/06/29;1900 UTC;;933;933,4;933;676,7;29,3;17;29,3;27,6;18,1;14,9;55;43;48;223;3,5;1,6;
2026/06/29;2000 UTC;;932,9;933;932,9;1167,9;28,6;17,3;29,5;28,3;18;16,4;52;47;51;187;4;2,1;
2026/06/29;2100 UTC;;933,3;933,3;932,9;321,2;26;18,1;28,9;26;18,5;17,4;62;51;62;212;3,4;1,3;
2026/06/29;2200 UTC;;933,4;933,4;933,2;;24,6;18;26;23,9;18,4;17,8;70;62;67;250;1,9;,8;
2026/06/29;2300 UTC;;933,7;933,7;933,4;;22,3;17,8;24,6;21,9;18,4;17,7;78;67;76;71;3,3;2,3;
2026/06/30;0000 UTC;;934,1;934,1;933,7;;22,3;17,7;22,9;22,1;17,9;17,6;77;72;75;59;3,2;1,1;
2026/06/30;0100 UTC;;934,5;934,5;934,1;;21,4;17,9;22,8;20,5;17,9;17,1;83;73;80;86;3,2;1,8;
2026/06/30;0200 UTC;;934,4;934,5;934,4;;21,5;17,3;22,3;21;17,8;17,1;80;73;77;97;3,3;1,8;
2026/06/30;0300 UTC;;934,4;934,5;934,4;;19,4;17,4;22;19,4;17,4;16,7;88;73;88;52;3,7;2,8;
2026/06/30;0400 UTC;;934,4;934,4;934,3;;19;17,2;19,4;18,9;17,4;16,9;89;87;89;41;4,5;3,8;
2026/06/30;0500 UTC;;934,1;934,4;934,1;;18,8;16,5;19,2;18,7;17,2;16,5;90;87;87;56;4,6;2,9;
2026/06/30;0600 UTC;;933,6;934,1;933,5;;18,2;16,1;18,8;18,2;16,5;16,1;88;86;88;54;3,3;3,1;
2026/06/30;0700 UTC;;933,5;933,6;933,4;;18,5;15,5;18,5;17,8;16,2;15,4;90;83;83;68;3,5;2,8;
2026/06/30;0800 UTC;;933,5;933,5;933,4;;18,3;15,1;19;18;15,5;15,1;84;79;82;56;5,6;4,2;
2026/06/30;0900 UTC;;933,7;933,7;933,5;;17,5;15,5;18,3;17,2;15,5;15;88;82;88;48;5;4,3;
2026/06/30;1000 UTC;;934,2;934,2;933,7;;17,1;15;17,6;17,1;15,5;15;88;86;87;33;5,1;4,2;
2026/06/30;1100 UTC;;935;935;934,2;200,6;19,1;15,4;19,1;17,1;15,4;15;87;79;79;46;6,1;4,9;
2026/06/30;1200 UTC;;935,6;935,6;935;875,4;21,5;16,1;21,5;19,1;16,2;15,4;79;71;71;46;6,4;4,7;
2026/06/30;1300 UTC;;935,9;935,9;935,6;1582,5;24,9;16,8;24,9;21,5;17,1;15,9;71;61;61;36;6,7;4,5;
2026/06/30;1400 UTC;;935,7;935,9;935,7;2128,4;27,7;16,2;27,7;24,9;17,4;15,7;62;49;50;19;7,2;5,2;
2026/06/30;1500 UTC;;935,2;935,7;935,2;2467,2;28,5;15,4;29,1;27,3;16,4;14,9;50;44;45;23;7,2;3,6;
2026/06/30;1600 UTC;;934,4;935,2;934,4;2309,2;29,7;14,6;29,8;27,6;16,5;13,9;47;40;40;39;6,4;2,8;
2026/06/30;1700 UTC;;933,2;934,4;933,2;1918,9;29,5;14,1;30,1;28;15,4;14;45;39;39;58;6,4;3;
2026/06/30;1800 UTC;;932,3;933,2;932,3;2452,6;30;13,4;30,6;29,3;15;13;41;35;36;16;7,1;3,8;
2026/06/30;1900 UTC;;932;932,4;932;1557,6;29,5;14,3;30;28,3;15,1;12,8;43;36;40;14;7,1;2,5;
2026/06/30;2000 UTC;;931,8;932;931,8;1156,6;29,4;14,6;29,9;29;14,7;13,3;41;37;41;345;5,5;1,4;
2026/06/30;2100 UTC;;932;932;931,8;349;26,2;15,7;29,4;26,2;15,9;14,2;53;40;52;49;3;2,1;
2026/06/30;2200 UTC;;932,4;932,4;932;,8;23,3;15,5;26,3;23;16;15,4;63;52;62;44;3,3;2,9;
2026/06/30;2300 UTC;;932,9;932,9;932,4;;21,4;15,7;23,3;21,4;15,7;15,2;70;61;70;48;3,4;3,1;
