REGIAO:;SE
UF:;RJ
ESTACAO:;SILVA JARDIM
CODIGO (WMO):;A659
LATITUDE:;-22,64583333
LONGITUDE:;-42,41555555
ALTITUDE:;19
DATA DE FUNDACAO:;28/08/15
Data;Hora UTC;PRECIPITAÇÃO TOTAL, HORÁRIO (mm);PRESSAO ATMOSFERICA AO NIVEL DA ESTACAO, HORARIA (mB);PRESSÃO ATMOSFERICA MAX.NA HORA ANT. (AUT) (mB);PRESSÃO ATMOSFERICA MIN. NA HORA ANT. (AUT) (mB);RADIACAO GLOBAL (Kj/m²);TEMPERATURA DO AR - BULBO SECO, HORARIA (°C);TEMPERATURA DO PONTO DE ORVALHO (°C);TEMPERATURA MÁXIMA NA HORA ANT. (AUT) (°C);TEMPERATURA MÍNIMA NA HORA ANT. (AUT) (°C);TEMPERATURA ORVALHO MAX. NA HORA ANT. (AUT) (°C);TEMPERATURA ORVALHO MIN. NA HORA ANT. (AUT) (°C);UMIDADE REL. MAX. NA HORA ANT. (AUT) (%);UMIDADE REL. MIN. NA HORA ANT. (AUT) (%);UMIDADE RELATIVA DO AR, HORARIA (%);VENTO, DIREÇÃO HORARIA (gr) (° (gr));VENTO, RAJADA MAXIMA (m/s);VENTO, VELOCIDADE HORARIA (m/s);
2026/01/01;0000 UTC;0;1009,5;1009,7;1009,4;;27,6;22,5;28,5;27,5;22,7;22,3;74;70;74;70;2,6;1,1;
2026/01/01;0100 UTC;0;1009,9;1010;1009,5;;25,7;22,7;27,6;25,6;22,8;22,4;84;74;83;15;1,9;,6;
2026/01/01;0200 UTC;0;1009,4;1009,9;1009,4;;24,8;22,6;25,7;24,8;22,9;22,5;88;83;88;322;1,3;,4;
2026/01/01;0300 UTC;0;1009;1009,4;1009;;24,3;22,4;24,8;24,2;22,7;22,3;90;88;90;188;1,5;,3;
2026/01/01;0400 UTC;0;1008,1;1009;1008,1;;23,9;22,5;24,3;23,9;22,5;22,2;91;90;91;214;1,2;,4;
2026/01/01;0500 UTC;0;1007,7;1008,1;1007,7;;23,6;22,3;23,9;23,6;22,5;22,3;92;91;92;255;1,5;,8;
2026/01/01;0600 UTC;0;1007,2;1007,8;1007,1;;23,3;22,1;23,7;23,3;22,4;22,1;93;92;93;327;1,5;,4;
2026/01/01;0700 UTC;0;1006,6;1007,2;1006,6;;23,1;22,2;23,4;23,1;22,3;22,1;94;93;94;267;1,1;,7;
2026/01/01;0800 UTC;0;1006,7;1006,7;1006,4;;23;22,1;23,1;23;22,2;22;95;94;95;234;1,8;,8;
2026/01/01;0900 UTC;0;1007,3;1007,3;1006,7;193,9;24,4;23,6;24,4;23;23,6;22,1;95;95;95;271;1,8;,5;
2026/01/01;1000 UTC;0;1007,4;1007,5;1007,1;656,2;26,7;23,7;26,7;24,4;24,9;23,5;95;84;84;9;1,3;,4;
2026/01/01;1100 UTC;0;1007,5;1007,5;1007,4;1467,4;30,1;24,1;30,2;26,6;24,2;23,3;84;70;70;226;2,3;1,1;
2026/01/01;1200 UTC;0;1007,4;1007,6;1007,4;2025,9;31,6;24;31,6;30,1;24,4;23,5;71;63;64;142;2,4;,9;
2026/01/01;1300 UTC;0;1007,2;1007,5;1007,2;2883,8;34,1;24,7;34,1;31,6;24,8;23,5;64;56;58;144;3,5;1,3;
2026/01/01;1400 UTC;0;1006,7;1007,2;1006,7;3383,7;35,5;22,6;35,8;34;24,4;22,6;58;47;47;115;3,6;1,4;
2026/01/01;1500 UTC;0;1005,7;1006,7;1005,7;3583,9;37,4;21,4;37,7;35,5;24,1;21,4;51;40;40;266;3,4;1,5;
2026/01/01;1600 UTC;0;1004,9;1005,7;1004,8;3112,3;37,7;23,2;38,5;36,7;24,4;21,5;46;39;44;126;6,1;2,4;
2026/01/01;1700 UTC;0;1004,1;1004,9;1004,1;3207,7;37,1;23,2;38,1;36,9;24,1;22,7;46;42;45;151;7,1;3,3;
2026/01/01;1800 UTC;0;1003,1;1004,1;1003,1;1978;34,4;22,4;37,3;34,4;23,6;21,7;50;44;50;178;6,6;2,5;
2026/01/01;1900 UTC;0;1005,9;1006;1003,1;482,5;26,3;21,6;34,6;26,3;22,6;20,1;75;49;75;20;13;4,9;
2026/01/01;2000 UTC;22,2;1005,1;1006,1;1005;59,4;24;22,7;26,4;23,4;22,9;21,1;93;74;92;15;13,9;1,9;
2026/01/01;2100 UTC;0;1004,8;1005,2;1004,5;161,9;25,4;24,1;25,4;24;24,1;22,7;93;92;92;263;5,5;,4;
2026/01/01;2200 UTC;0;1004,9;1005;1004,8;100,4;24,9;23,4;25,6;24,9;24,2;23,3;92;90;91;348;1,9;,9;
2026/01/01;2300 UTC;0;1005,1;1005,2;1004,9;;24,3;23;24,9;24,2;23,4;22,9;93;91;93;2;2,8;,6;
2026/01/02;0000 UTC;0;1005,3;1005,6;1005,1;;24,2;23,1;24,3;24,2;23,2;22,9;94;93;94;278;2,1;,5;
2026/01/02;0100 UTC;0;1006;1006,1;1005,3;;24,2;23,2;24,3;24,2;23,3;23,1;94;94;94;282;1,5;,5;
2026/01/02;0200 UTC;0;1006;1006,2;1005,9;;24,5;23,5;24,5;24,2;23,6;23,2;94;94;94;351;1,8;,8;
2026/01/02;0300 UTC;,8;1004,6;1006;1004,6;0;24,2;23,3;24,5;24,2;23,6;23,2;95;94;95;43;3,2;1,4;
2026/01/02;0400 UTC;,2;1004,1;1004,6;1004,1;;24,3;23,4;24,3;24,1;23,4;23,2;95;94;95;196;3;,8;
2026/01/02;0500 UTC;0;1003,6;1004,2;1003,6;;23,9;23,1;24,3;23,9;23,4;23,1;95;95;95;334;2,2;,4;
2026/01/02;0600 UTC;0;1002,9;1003,6;1002,9;;23,7;23;23,9;23,6;23,1;22,9;96;95;96;275;1,4;,6;
2026/01/02;0700 UTC;0;1002,4;1002,9;1002,4;;23,7;23;23,7;23,6;23,1;22,9;96;96;96;253;2,1;,5;
2026/01/02;0800 UTC;0;1003,2;1003,3;1002,4;;23,7;23,2;23,8;23,6;23,2;23;97;96;97;258;2,8;1;
2026/01/02;0900 UTC;0;1004,2;1004,2;1003,2;93,9;24,3;23,7;24,3;23,7;23,7;23,1;97;97;97;312;2,8;,7;
2026/01/02;1000 UTC;0;1004,6;1004,6;1004,1;497,4;26,3;25,5;26,4;24,3;25,7;23,8;97;96;96;287;2;,8;
2026/01/02;1100 UTC;0;1004,7;1004,7;1004,6;966,8;28,8;24,5;29;26,3;25,7;24,5;95;78;78;180;1,5;,7;
2026/01/02;1200 UTC;0;1004,6;1004,7;1004,5;2479,6;31,3;23,9;31,3;28,7;24,8;23,3;78;63;65;43;2,9;,9;
2026/01/02;1300 UTC;,2;1004,3;1004,6;1004,3;2934,3;31,7;24,4;32,2;30,6;24,8;23;68;61;65;115;2,9;1,2;
2026/01/02;1400 UTC;0;1003,9;1004,3;1003,9;2952,6;32,9;23,3;33,2;31,7;25;23,3;67;57;57;31;3,2;1,2;
2026/01/02;1500 UTC;0;1003,2;1003,9;1003,2;3836,2;34,3;24,8;34,5;32,8;25,1;23;60;55;58;52;3,8;1,6;
2026/01/02;1600 UTC;0;1002,2;1003,2;1002,2;3275,3;35,3;25;35,8;34,2;25,5;23,5;60;51;55;212;3,4;1,4;
2026/01/02;1700 UTC;0;1001,1;1002,2;1001,1;3095,7;37,3;22,4;37,7;35,3;25,9;20,7;55;39;43;189;5,2;2,2;
2026/01/02;1800 UTC;0;1000,6;1001,1;1000,6;1865;34,7;22,9;37,5;33,8;23,9;21,3;53;42;50;145;6;2,2;
2026/01/02;1900 UTC;0;1001,6;1002,2;1000,5;863,5;29,1;23,5;34,7;28,7;23,9;22;74;50;72;84;9;3,2;
2026/01/02;2000 UTC;0;1002,1;1002,3;1001,6;568;28,2;23,2;29,1;28;23,5;22,9;75;71;74;40;8,4;1,7;
2026/01/02;2100 UTC;0;1002,4;1002,4;1002;282,6;27,6;22,6;28,3;27,5;23,4;22,4;75;72;74;75;5;,7;
2026/01/02;2200 UTC;0;1003,1;1003,1;1002,4;7,8;26,7;23;27,5;26,7;23;22,4;80;74;80;261;2,1;,7;
2026/01/02;2300 UTC;,2;1004;1004;1003;;25,5;23,3;26,8;25,5;23,5;22,9;88;80;88;309;2,8;,6;
2026/01/03;0000 UTC;,4;1005,2;1005,2;1004;;25,4;23,7;25,5;25,3;23,8;23,2;90;88;90;47;1,6;,6;
2026/01/03;0100 UTC;3,2;1005,2;1005,4;1005,2;;24,7;23,4;25,5;24,7;23,8;23,3;92;90;92;268;2,2;,9;
2026/01/03;0200 UTC;0;1005;1005,2;1005;;24,2;23,2;24,7;24,2;23,5;23,2;94;92;94;1;1,9;,6;
2026/01/03;0300 UTC;0;1003,8;1005;1003,8;;24;23,1;24,3;23,7;23,2;22,7;95;94;95;28;2,7;,6;
2026/01/03;0400 UTC;0;1003,3;1003,8;1003,3;;23,7;22,9;24;23,7;23,1;22,9;95;95;95;5;1,6;,5;
2026/01/03;0500 UTC;0;1002,6;1003,3;1002,5;;23,4;22,7;23,8;23,3;22,9;22,5;96;95;96;312;1,3;,2;
2026/01/03;0600 UTC;0;1003,2;1003,2;1002,4;;23,3;22,6;23,4;23,2;22,7;22,5;96;96;96;84;1,7;,3;
2026/01/03;0700 UTC;0;1003,5;1003,5;1003,2;;23,4;22,8;23,4;23,3;22,8;22,6;97;96;97;253;1,1;,6;
2026/01/03;0800 UTC;0;1003,6;1003,7;1003,4;;23,2;22,7;23,5;23,2;22,9;22,7;97;96;97;349;1,7;,7;
2026/01/03;0900 UTC;0;1004,2;1004,2;1003,6;83,9;23,7;23,2;23,7;23,2;23,2;22,7;97;97;97;236;2;1,1;
2026/01/03;1000 UTC;0;1004,3;1004,3;1004;494,7;25,6;24,9;25,6;23,7;25;23,2;97;96;96;261;2,3;,5;
2026/01/03;1100 UTC;0;1004,2;1004,4;1004;699,2;26,1;23,9;26,1;25,1;24,7;23,9;96;88;88;9;1,7;,3;
2026/01/03;1200 UTC;0;1004,6;1004,6;1004,2;2010,9;29,1;22,9;29,5;26,1;24,2;22,1;88;67;69;225;2,3;,8;
2026/01/03;1300 UTC;0;1004,3;1004,6;1004,2;2649,7;31;22,6;31,2;28,9;23,8;22,4;71;60;61;167;3,9;1,4;
2026/01/03;1400 UTC;0;1003,8;1004,3;1003,8;3385,5;32,2;23,2;32,9;31;24,4;22,2;64;57;59;167;4,1;1,4;
2026/01/03;1500 UTC;,2;1003,5;1003,9;1003,5;2191,2;32,9;21,7;33,3;32,2;23,6;21,7;59;52;52;227;4,1;1,3;
2026/01/03;1600 UTC;0;1003,3;1003,5;1003,3;1332,6;31,3;23,5;33,1;30,9;23,7;21,9;64;52;63;170;6,3;2,7;
2026/01/03;1700 UTC;0;1003,1;1003,4;1003,1;1800,4;30,8;22,5;32,3;30,8;24,2;22,5;64;60;61;178;6;2,4;
2026/01/03;1800 UTC;0;1003,1;1003,3;1003,1;2014,1;30,8;23,2;32,2;30,7;24,4;22,7;68;60;64;159;6;2,4;
2026/01/03;1900 UTC;,4;1002,8;1003,1;1002,6;691,3;27,2;24,4;31,1;27,2;24,4;22,6;84;62;84;44;6,7;3,3;
2026/01/03;2000 UTC;54,2;1004,6;1005,2;1002,8;39,4;23,1;21,8;27,2;22,7;24,3;21,3;93;85;92;226;10,6;1,8;
2026/01/03;2100 UTC;3,2;1004,4;1004,7;1004,3;16,3;23,5;22,5;23,5;22,9;22,5;21,7;94;92;94;15;5,3;,8;
2026/01/03;2200 UTC;2,6;1005,4;1005,4;1004,4;2;23,5;22,6;23,6;23,3;22,7;22,3;95;94;95;307;2,9;,4;
2026/01/03;2300 UTC;;;;;;;;;;;;;;;;;;
2026/01/04;0000 UTC;;;;;;;;;;;;;;;;;;
2026/01/04;0100 UTC;;;;;;;;;;;;;;;;;;
2026/01/04;0200 UTC;;;;;;;;;;;;;;;;;;
2026/01/04;0300 UTC;;;;;;;;;;;;;;;;;;
2026/01/04;0400 UTC;;;;;;;;;;;;;;;;;;
2026/01/04;0500 UTC;;;;;;;;;;;;;;;;;;
2026/01/04;0600 UTC;;;;;;;;;;;;;;;;;;
2026/01/04;0700 UTC;;;;;;;;;;;;;;;;;;
2026/01/04;0800 UTC;;;;;;;;;;;;;;;;;;
2026/01/04;0900 UTC;0;1006,3;;;44,8;22,9;22,7;;;;;;;99;342;;,3;
2026/01/04;1000 UTC;;;;;;;;;;;;;;;;;;
2026/01/04;1100 UTC;;;;;;;;;;;;;;;;;;
2026/01/04;1200 UTC;0;1008,4;1008,4;1007,9;579,8;26,3;25,3;26,3;24,9;25,5;24,9;100;94;94;314;;,6;
2026/01/04;1300 UTC;,2;1008,8;1008,8;1008,4;865,6;26,7;24,3;27,1;26,3;25,5;24,3;94;87;87;291;1,6;,6;
2026/01/04;1400 UTC;,2;1008,9;1008,9;1008,7;554,6;26,5;23,8;26,9;26,4;24,6;23,8;87;85;85;71;2,2;,8;
2026/01/04;1500 UTC;9,4;1009,2;1009,4;1008,9;399,4;23,9;22,8;26,6;22,9;24;21,3;94;83;94;321;5,8;,7;
2026/01/04;1600 UTC;0;1008,9;1009,2;1008,7;2729,9;27,6;23,3;28;23,9;25,4;22,7;95;76;77;165;3,1;1,2;
2026/01/04;1700 UTC;9;1009,3;1009,3;1008,8;932,5;24,6;22,2;27,7;23;23,3;21;93;76;87;156;9,8;3,3;
2026/01/04;1800 UTC;0;1009,1;1009,3;1009;685,4;24,8;21,8;24,8;24,3;22,5;21,7;88;83;83;157;8,1;3,4;
2026/01/04;1900 UTC;0;1009,1;1009,3;1009,1;270,2;24,5;21,5;24,9;24,5;21,8;21,4;83;82;83;133;6,5;1,6;
2026/01/04;2000 UTC;,4;1009,9;1009,9;1009,1;80;23,5;21,3;24,5;23,5;21,9;21,2;87;83;87;13;3;,4;
2026/01/04;2100 UTC;4;1010,8;1010,8;1009,9;34,1;22,6;21,2;23,6;22,6;21,7;21,1;92;87;92;90;3,1;1,1;
2026/01/04;2200 UTC;2,4;1011,8;1011,8;1010,8;4,3;22,3;21,4;22,6;22,2;21,5;21,2;95;92;95;342;2,8;,7;
2026/01/04;2300 UTC;1,2;1012,7;1012,7;1011,8;;22,1;21,1;22,4;22;21,6;21;95;94;94;88;4,4;1,1;
2026/01/05;0000 UTC;,4;1013,2;1013,2;1012,7;;22;21,2;22,2;21,9;21,3;21,1;95;94;95;285;2,1;,7;
2026/01/05;0100 UTC;,2;1013,9;1013,9;1013,2;;22;21,4;22,1;22;21,4;21,2;96;95;96;256;2,1;,8;
2026/01/05;0200 UTC;0;1013,6;1013,9;1013,5;;21,9;21,3;22;21,9;21,4;21,3;97;96;97;261;2,6;,6;
2026/01/05;0300 UTC;,2;1013,4;1013,6;1013,4;;21,8;21,1;22;21,8;21,4;21,1;97;96;96;226;3,3;1,4;
2026/01/05;0400 UTC;0;1013,2;1013,4;1013,2;;21,6;20,9;21,8;21,5;21,1;20,7;96;96;96;263;2,7;,5;
2026/01/05;0500 UTC;0;1012,8;1013,2;1012,8;;21,3;20,6;21,6;21,3;20,9;20,6;96;96;96;293;2,2;1,1;
2026/01/05;0600 UTC;,4;1012,7;1012,9;1012,7;;21;20,3;21,3;21;20,6;20,3;96;96;96;295;3,3;,7;
2026/01/05;0700 UTC;,8;1013,5;1013,5;1012,7;;21;20,4;21,1;20,9;20,4;20,2;96;96;96;234;2,8;1;
2026/01/05;0800 UTC;2;1014;1014;1013,5;;20,5;20;21;20,5;20,4;19,9;97;96;97;236;3,5;,9;
2026/01/05;0900 UTC;0;1014,5;1014,5;1014;12,2;20,5;19,9;20,5;20,3;20;19,8;97;96;96;90;1,8;,5;
2026/01/05;1000 UTC;,2;1014,9;1014,9;1014,5;96,5;20,7;20,1;20,7;20,5;20,2;20;97;96;97;281;2,6;,9;
2026/01/05;1100 UTC;,4;1015,4;1015,5;1014,9;219,1;21,1;20,5;21,2;20,6;20,6;19,9;97;96;96;352;2,8;1;
2026/01/05;1200 UTC;0;1015,9;1015,9;1015,4;556,6;22,1;20,9;22,1;21;21,3;20,4;96;93;93;295;2,3;,8;
2026/01/05;1300 UTC;0;1016,2;1016,2;1015,9;678,8;23,1;20,3;23,1;21,9;21;20,2;93;85;85;332;2,1;,7;
2026/01/05;1400 UTC;0;1016;1016,2;1016;792,6;23,8;19,3;23,8;23,1;20,7;19,2;85;76;76;306;2,3;,7;
2026/01/05;1500 UTC;0;1015,8;1016;1015,8;1146,6;24,7;18,2;24,7;23,8;19,7;17,8;77;66;67;289;2,3;,7;
2026/01/05;1600 UTC;0;1015,6;1015,8;1015,6;1308,1;24,8;17,5;25,4;24,4;19,1;16,5;69;61;64;268;1,9;,8;
2026/01/05;1700 UTC;0;1015,3;1015,6;1015,3;1179,2;24,7;17,4;25,7;24,6;18,4;16,4;67;57;64;309;1,8;,7;
2026/01/05;1800 UTC;0;1015,1;1015,3;1015;508;24,4;19;25;23,8;19,5;17,4;76;63;72;301;1,7;,9;
2026/01/05;1900 UTC;0;1015;1015,1;1014,9;422,4;24;19,1;24,4;23,6;19,3;18,6;75;71;74;262;2,1;,7;
2026/01/05;2000 UTC;0;1015,6;1015,6;1015;331,2;23,7;19,4;24,1;23,7;19,8;18,7;78;74;77;307;2;,4;
2026/01/05;2100 UTC;0;1016,1;1016,1;1015,6;132,1;22,4;18,9;23,7;22,4;20;18,9;82;77;80;45;2,4;1,2;
2026/01/05;2200 UTC;0;1016,6;1016,6;1016,1;13,7;21,6;18,9;22,4;21,6;19;18,6;85;80;85;360;2,5;,7;
2026/01/05;2300 UTC;0;1017,2;1017,2;1016,6;;21,2;19;21,7;21,2;19,1;18,9;87;85;87;352;2,3;,7;
2026/01/06;0000 UTC;0;1017,6;1017,6;1017,2;;21,1;19,3;21,3;21,1;19,3;19;89;87;89;277;1,9;,4;
2026/01/06;0100 UTC;0;1017,5;1017,6;1017,4;;20,8;19,3;21,1;20,7;19,3;19,1;91;89;91;321;1;,4;
2026/01/06;0200 UTC;0;1017,3;1017,5;1017,3;;20,5;19,1;20,8;20,5;19,3;19;92;91;92;290;2,2;,4;
2026/01/06;0300 UTC;0;1016,9;1017,3;1016,9;;20,4;19,1;20,6;20,4;19,3;19;92;92;92;278;1,1;,6;
2026/01/06;0400 UTC;0;1016,2;1016,9;1016,2;;20,3;19,2;20,5;20,3;19,3;19,1;93;92;93;326;1,2;,4;
2026/01/06;0500 UTC;0;1016;1016,2;1015,9;;20;19;20,3;19,9;19,1;18,9;94;93;94;282;1,7;,4;
2026/01/06;0600 UTC;0;1015,7;1015,9;1015,7;;19,7;18,9;19,9;19,7;19;18,9;95;94;95;8;1;,3;
2026/01/06;0700 UTC;0;1016,1;1016,1;1015,8;;19,7;19;19,8;19,6;19;18,8;96;95;95;263;1,7;,9;
2026/01/06;0800 UTC;0;1016,2;1016,3;1015,7;;19,4;18,7;19,7;19,4;19;18,7;96;96;96;311;1,5;,3;
2026/01/06;0900 UTC;0;1016,6;1016,6;1016,2;74,3;19,5;18,9;19,5;19,2;18,9;18,6;96;96;96;281;,9;,5;
2026/01/06;1000 UTC;0;1017,1;1017,1;1016,6;378,9;20,8;20;20,8;19,5;20;18,9;96;95;95;278;1,1;,6;
2026/01/06;1100 UTC;0;1017,3;1017,3;1016,9;756,7;22,8;19,8;22,8;20,8;20,3;19,6;95;83;83;342;1,4;,5;
2026/01/06;1200 UTC;0;1017,8;1017,8;1017,3;1151,4;24,7;18,6;24,8;22,8;20,2;18,6;83;69;69;34;2,8;1,3;
2026/01/06;1300 UTC;0;1017,7;1017,8;1017,7;1159,8;25,3;19,1;25,3;24,4;19,1;18,2;71;66;69;46;3,2;1,6;
2026/01/06;1400 UTC;0;1017,7;1017,8;1017,7;1256,7;25,5;19,3;26;25,2;19,7;18,3;70;65;69;80;3,7;1,4;
2026/01/06;1500 UTC;0;1017,3;1017,7;1017,3;969,7;24,6;20,2;25,5;23,9;21;18,8;80;67;76;12;5,7;1,4;
2026/01/06;1600 UTC;0;1017,2;1017,4;1017,2;1232,9;24,9;19,7;24,9;24;20,6;18,9;80;71;73;37;4,4;1,3;
2026/01/06;1700 UTC;0;1017;1017,3;1017;1166,5;24,8;18,9;25,3;24,6;19,5;18,6;73;67;70;90;3,1;1,1;
2026/01/06;1800 UTC;0;1016,4;1017;1016,4;714,7;24,7;19,2;24,9;24,2;20;18,6;76;68;71;98;3,5;1;
2026/01/06;1900 UTC;0;1016,1;1016,4;1016;344,8;24,3;19,1;24,7;24,2;19,5;18,8;75;71;73;71;3,1;1,8;
2026/01/06;2000 UTC;,2;1015,7;1016,2;1015,7;413,3;24,2;19,3;24,3;24;19,3;18,6;74;71;74;79;5,2;2,1;
2026/01/06;2100 UTC;0;1016;1016,1;1015,7;230,9;23,4;19,5;24,2;23,3;19,5;19;79;74;79;91;5,3;1,3;
2026/01/06;2200 UTC;0;1016,4;1016,5;1016;37,1;22,6;19;23,4;22,6;19,6;19;80;79;80;105;4,1;1,7;
2026/01/06;2300 UTC;0;1016,8;1016,9;1016,4;;22,2;19,1;22,6;22,2;19,2;19;83;80;83;54;3,9;1,2;
2026/01/07;0000 UTC;0;1017,2;1017,2;1016,7;;21,8;19;22,2;21,8;19,1;18,9;84;82;84;30;3,3;,8;
2026/01/07;0100 UTC;0;1017,5;1017,6;1017,1;;21,7;19,4;21,8;21,6;19,4;18,9;87;84;87;60;2,1;1,2;
2026/01/07;0200 UTC;0;1017,1;1017,7;1017,1;;21,4;19,3;21,7;21,4;19,4;19,2;88;87;88;32;1,9;,9;
2026/01/07;0300 UTC;0;1016,2;1017,2;1016,2;;21;19,2;21,4;21;19,3;19,1;89;88;89;41;2;,5;
2026/01/07;0400 UTC;0;1015,6;1016,2;1015,6;;20,7;19,2;21;20,6;19,3;19;91;89;91;293;1,1;,5;
2026/01/07;0500 UTC;0;1015;1015,6;1015;;20,7;19,4;20,8;20,6;19,5;19,3;93;91;93;130;1,5;,5;
2026/01/07;0600 UTC;,4;1014,9;1015,1;1014,9;;20,7;19,6;20,8;20,6;19,7;19,5;94;93;94;33;1,7;,8;
2026/01/07;0700 UTC;0;1014,9;1014,9;1014,7;;20,6;19,7;20,7;20,6;19,7;19,7;94;94;94;98;1,9;,7;
2026/01/07;0800 UTC;0;1015,3;;;,6;20,8;20;;;;;;;95;;;;
2026/01/07;0900 UTC;0;1015,5;;;16,9;20,9;20,2;;;;;;;95;55;;,3;
2026/01/07;1000 UTC;0;1016;1016;1015,5;279,8;21,7;20,8;21,7;21;20,9;20,2;96;95;95;60;1;,6;
2026/01/07;1100 UTC;,2;1016,2;1016,2;1016;616,3;22,9;21,1;22,9;21,7;21,3;20,8;95;89;90;51;1,6;,4;
2026/01/07;1200 UTC;0;1016,2;1016,3;1016,2;1079,7;24,3;21,3;24,3;22,8;21,6;20,7;90;82;83;40;1,6;,7;
2026/01/07;1300 UTC;0;1016;1016,3;1016;1519,9;26,7;22,1;26,7;24,3;22,4;21;83;74;76;34;2,5;1,1;
2026/01/07;1400 UTC;0;1015,8;1016;1015,8;1921,1;27,9;22,9;28,2;26,7;22,9;21,3;77;69;74;274;2,8;,8;
2026/01/07;1500 UTC;0;1015,7;1015,8;1015,6;1111,8;27,3;21,8;28,2;27,1;22,7;21,6;75;71;72;258;3,5;1,4;
2026/01/07;1600 UTC;0;1015,5;1015,9;1015,3;1503,6;28,7;22,1;28,8;27,3;22,9;21,8;74;67;67;231;3,7;1,7;
2026/01/07;1700 UTC;0;1014,8;1015,5;1014,8;1236,1;28,4;22,4;29,1;28,3;23,2;21,7;71;67;70;268;3;1;
2026/01/07;1800 UTC;0;1014,7;1014,8;1014,7;1177,7;29,4;22,2;29,9;28,2;23,3;22;73;65;65;220;2,6;1,1;
2026/01/07;1900 UTC;0;1014,1;1014,7;1014,1;1239,4;28,7;22,3;29,4;28,5;23,1;22;71;65;69;93;4,5;2,1;
2026/01/07;2000 UTC;0;1013,8;1014,1;1013,8;709,7;27,5;21,2;28,7;27,4;22,2;21,2;71;68;69;86;4,5;2,4;
2026/01/07;2100 UTC;0;1013,7;1013,9;1013,6;441,3;26,6;21;27,7;26,6;21,8;20,9;72;68;72;101;4,5;1,8;
2026/01/07;2200 UTC;0;1014,1;1014,1;1013,6;45,7;24,6;21;26,6;24,6;21,1;20,7;80;71;80;117;3,7;1;
2026/01/07;2300 UTC;0;1014,4;1014,4;1014;;23,3;21,2;24,6;23,3;21,2;20,9;88;80;88;206;1,7;,3;
2026/01/08;0000 UTC;0;1014,2;1014,4;1014,1;;23,5;21,5;23,6;23,2;21,7;21,2;90;88;89;43;2,1;,7;
2026/01/08;0100 UTC;0;1014,5;1014,6;1014,2;;23,7;21,4;24,1;23,5;21,7;21,1;89;85;87;193;2,3;,6;
2026/01/08;0200 UTC;0;1014,2;1014,6;1014,2;;23;20,9;23,8;23;21,5;20,9;88;86;88;94;2,4;,4;
2026/01/08;0300 UTC;0;1013,9;1014,2;1013,9;;22,7;21,1;23,2;22,6;21,3;20,9;91;88;91;266;2,3;,8;
2026/01/08;0400 UTC;0;1013,6;1013,9;1013,6;;22,3;21,1;22,7;22,3;21,2;21;92;91;92;237;2,4;,6;
2026/01/08;0500 UTC;0;1013,4;1013,6;1013,3;;21,9;20,9;22,3;21,9;21,1;20,9;94;92;94;280;1,4;,4;
2026/01/08;0600 UTC;0;1013,3;1013,4;1013,2;;21,5;20,6;21,9;21,5;20,9;20,6;95;94;95;276;1,3;,5;
2026/01/08;0700 UTC;0;1013,2;1013,3;1013;;20,9;20,2;21,5;20,9;20,6;20,2;96;95;96;224;1,1;,4;
2026/01/08;0800 UTC;0;1013,7;1013,7;1013,2;;20,9;20,3;21,2;20,8;20,6;20,1;96;96;96;42;1,1;,4;
2026/01/08;0900 UTC;0;1014;1014,1;1013,7;78,1;21,2;20,7;21,2;20,7;20,7;20;97;96;97;236;1,1;,5;
2026/01/08;1000 UTC;0;1014,5;1014,5;1014;378;22,2;21,7;22,2;21,2;21,7;20,7;97;97;97;264;1,8;,5;
2026/01/08;1100 UTC;0;1014,5;1014,6;1014,4;1127,2;25,2;23,6;25,2;22,1;24,4;21,6;97;91;91;128;1,5;,5;
2026/01/08;1200 UTC;0;1014,5;1014,5;1014,4;2612,5;28,3;21,3;28,6;25,2;23,7;20,9;91;64;66;121;2,5;1;
2026/01/08;1300 UTC;0;1014,4;1014,5;1014,4;2540;29,6;22;30;28,2;22,6;21;68;61;64;122;2,7;1,1;
2026/01/08;1400 UTC;0;1014,1;1014,5;1014,1;2980,2;31,4;20,9;31,8;29,4;22,6;20,9;66;54;54;91;3,4;1,2;
2026/01/08;1500 UTC;0;1013,4;1014,1;1013,4;2926,9;32;20;32,4;31,3;22,7;19,5;59;48;49;30;3;,7;
2026/01/08;1600 UTC;0;1013,1;1013,4;1013,1;1606,3;32,6;22,3;32,7;31,7;22,3;19,3;56;47;55;289;2,3;,6;
2026/01/08;1700 UTC;0;1012,6;1013,1;1012,6;2434,1;33,2;22,2;33,9;32,4;22,6;20,1;56;45;52;109;4,3;1,3;
2026/01/08;1800 UTC;0;1012,3;1012,6;1012,3;1754,2;31,9;22,7;33,2;31,4;22,9;21,5;61;52;58;104;4,8;2,4;
2026/01/08;1900 UTC;0;1012,1;1012,3;1012;1757,7;31,4;22,5;31,9;30,8;23,2;22;62;57;59;91;5,9;2,4;
2026/01/08;2000 UTC;0;1012;1012,1;1011,9;991,3;29,8;22;31,5;29,8;22,8;21,7;63;58;63;91;5,1;1,9;
2026/01/08;2100 UTC;0;1012,4;1012,4;1012;293,9;28,3;22,3;29,8;28,3;22,5;22;70;63;70;136;3,8;1,7;
2026/01/08;2200 UTC;0;1013;1013;1012,4;33,6;26,5;22;28,3;26,5;22,3;21,9;76;70;76;133;3;1,2;
2026/01/08;2300 UTC;0;1013,3;1013,4;1013;;25,2;21,9;26,5;25,2;22;21,7;82;76;82;25;2,4;,5;
2026/01/09;0000 UTC;0;1013,5;1013,6;1013,3;;24,3;22,2;25,2;24,3;22,2;21,8;88;82;88;232;1,1;,5;
2026/01/09;0100 UTC;0;1014;1014;1013,5;;23,7;22,1;24,3;23,7;22,3;22;91;88;91;272;1,2;,4;
2026/01/09;0200 UTC;0;1014,1;1014,1;1013,8;;23,3;22;23,7;23,3;22,3;21,9;92;91;92;327;1,7;,2;
2026/01/09;0300 UTC;0;1013,9;1014,1;1013,8;;22,8;21,7;23,3;22,8;22,1;21,7;94;92;94;263;1,8;,5;
2026/01/09;0400 UTC;0;1013,5;1013,9;1013,5;;22,5;21,6;22,9;22,5;21,9;21,6;95;94;95;250;1,6;,7;
2026/01/09;0500 UTC;0;1013,1;1013,6;1013,1;;22,3;21,5;22,5;22,2;21,7;21,4;95;95;95;40;1,5;,7;
2026/01/09;0600 UTC;0;1013,2;1013,4;1013;;21,9;21,3;22,3;21,8;21,6;21,2;96;95;96;348;1,8;,4;
2026/01/09;0700 UTC;0;1013,6;1013,6;1013,2;;21,6;21;21,9;21,5;21,3;20,9;96;96;96;262;1,4;,6;
2026/01/09;0800 UTC;0;1014,3;1014,3;1013,6;;21,7;21,2;21,8;21,5;21,2;20,9;97;96;97;261;1,4;,5;
2026/01/09;0900 UTC;0;1014,8;1014,8;1014,3;101,9;22;21,6;22;21,6;21,6;21,1;97;97;97;302;1,1;,3;
2026/01/09;1000 UTC;0;1014,9;1015;1014,8;582,1;24,7;24,2;24,7;22;24,2;21,6;98;97;97;102;1;,3;
2026/01/09;1100 UTC;0;1014,6;1014,9;1014,6;1649,2;27,3;22,7;27,3;24,6;25,1;22,5;97;75;76;52;3,9;2,1;
2026/01/09;1200 UTC;0;1014,5;1014,6;1014,4;2406,9;29,8;23;29,9;27,2;23,5;22,3;76;66;67;93;4,2;1,6;
2026/01/09;1300 UTC;0;1014,5;1014,7;1014,5;2986,9;31,2;22,6;31,2;29,7;23,6;22,3;68;60;60;105;5,4;2,9;
2026/01/09;1400 UTC;0;1014,2;1014,5;1014,1;2956,4;32,2;23,2;32,4;30,8;23,6;22,5;64;58;59;109;5,7;3,2;
2026/01/09;1500 UTC;0;1013,5;1014,2;1013,4;3535,2;33,5;23,5;33,6;32;23,9;22,3;61;54;56;90;6,1;3,3;
2026/01/09;1600 UTC;0;1013;1013,5;1013;3745,6;34,4;23,4;34,4;33,2;23,8;22,7;57;51;53;89;8,7;3,7;
2026/01/09;1700 UTC;0;1012,5;1013;1012,5;3488;34,5;23,5;34,9;33,8;23,9;22,4;54;51;53;95;8,7;3,9;
2026/01/09;1800 UTC;0;1011,8;1012,5;1011,8;2979,9;33,9;22,7;34,5;33,5;23,5;22,1;54;50;52;90;8,8;3,6;
2026/01/09;1900 UTC;0;1011,4;1011,8;1011,3;2384,5;32,8;21,8;34,1;32,8;23;21,6;54;50;52;95;8,9;3,7;
2026/01/09;2000 UTC;0;1011,5;1011,6;1011,4;1330,8;31,2;21,9;32,8;31,2;22,3;21,4;58;52;58;109;8,9;4,4;
2026/01/09;2100 UTC;0;1012,2;1012,2;1011,5;280,1;29,2;21,9;31,3;29,2;22,1;21,8;65;57;65;91;8,9;2,9;
2026/01/09;2200 UTC;0;1012,8;1012,8;1012,2;53,9;27,1;21,8;29,2;27,1;22;21,7;73;65;73;95;5,8;1,8;
2026/01/09;2300 UTC;0;1013,3;1013,3;1012,8;;26,6;21,4;27,2;26,1;21,8;21,4;77;73;73;69;5;1,9;
2026/01/10;0000 UTC;0;1014;1014,1;1013,3;;25,8;21;26,6;25,8;21,4;21;75;72;75;70;4,3;1,6;
2026/01/10;0100 UTC;0;1014,3;1014,4;1014;;25,2;20,9;25,8;25,2;21;20,9;77;75;77;64;4,1;1,9;
2026/01/10;0200 UTC;0;1013,9;1014,4;1013,9;;24,6;20,7;25,2;24,6;21;20,7;79;77;79;65;3,9;1,5;
2026/01/10;0300 UTC;0;1013,6;1014;1013,6;;24,2;20,4;24,7;23,8;20,7;20,3;81;78;79;48;3,5;1,5;
2026/01/10;0400 UTC;0;1013,1;1013,6;1013,1;;23,4;20,6;24,2;22,9;20,7;20,1;85;79;84;67;3,5;1,4;
2026/01/10;0500 UTC;0;1013;1013,1;1012,8;;22,3;20,6;23,4;22;20,6;19,9;90;84;90;248;2,7;1,4;
2026/01/10;0600 UTC;0;1013;1013,1;1013;;21,7;20,2;22,3;21,6;20,6;20,2;92;90;92;275;2,4;,4;
2026/01/10;0700 UTC;0;1012,9;1013,1;1012,8;;21;19,9;21,7;20,9;20,3;19,7;93;92;93;289;1;,5;
2026/01/10;0800 UTC;0;1013,6;1013,6;1012,9;;20,4;19,5;21;20,4;19,8;19,4;94;93;94;341;,9;,2;
2026/01/10;0900 UTC;0;1013,9;1013,9;1013,6;105,8;21,3;20,6;21,3;20,3;20,6;19,4;96;94;96;230;1,3;,6;
2026/01/10;1000 UTC;0;1013,8;1013,9;1013,8;756,1;25,7;21,8;25,9;21,3;23;20,8;96;79;79;19;1,9;,6;
2026/01/10;1100 UTC;0;1014,1;1014,2;1013,8;1622;28,4;21,7;28,4;25,3;21,8;20,9;79;66;67;60;5,1;2,3;
2026/01/10;1200 UTC;0;1013,8;1014,1;1013,8;2427;30,4;21,2;30,6;28,2;22,3;20,9;67;58;58;43;5,4;2,3;
2026/01/10;1300 UTC;0;1013,7;1013,9;1013,7;3063,8;31,6;21,1;32;30,2;22,6;20,9;60;54;54;84;5,5;3,1;
2026/01/10;1400 UTC;0;1012,9;1013,7;1012,9;3568,5;33,6;19,9;33,7;31,6;22,3;18,9;57;42;45;36;6,8;3,4;
2026/01/10;1500 UTC;0;1012,2;1012,9;1012,2;3855,3;34,2;18,5;34,5;33,5;20,3;17,9;45;38;39;53;7,9;3,3;
2026/01/10;1600 UTC;0;1011,4;1012,2;1011,4;3770,2;34,6;19,5;35;34,2;21;17,4;46;36;41;77;8,5;2,6;
2026/01/10;1700 UTC;0;1010,4;1011,4;1010,4;3511,8;34,7;19,7;34,8;34,1;20,6;18,9;44;40;41;97;8,4;3,9;
2026/01/10;1800 UTC;0;1010,1;1010,4;1010,1;3083,7;33,7;19,1;35;33,7;20,4;18,1;43;38;42;104;9,9;4,9;
2026/01/10;1900 UTC;0;1009,5;1010,1;1009,5;2444,2;33,1;19,2;34;32,8;19,6;18,3;45;41;44;92;9,2;3,8;
2026/01/10;2000 UTC;0;1009;1009,5;1009;1318,1;31;20,5;33,1;31;20,5;18,9;54;44;54;90;9,6;3,6;
2026/01/10;2100 UTC;0;1009,3;1009,3;1009;254,6;28,6;20;31,1;28,6;20,5;20;60;53;60;76;8,6;4;
2026/01/10;2200 UTC;0;1009,9;1009,9;1009,3;53;26,8;20,4;28,6;26,8;20,4;19,9;68;60;68;69;8,3;2,7;
2026/01/10;2300 UTC;0;1010,6;1010,6;1009,9;;25,8;20,5;26,8;25,8;20,6;20,3;73;68;73;66;6,4;2,2;
2026/01/11;0000 UTC;0;1011,5;1011,5;1010,6;;24,3;20,6;25,8;24,1;20,6;20,2;80;73;80;79;4,9;1;
2026/01/11;0100 UTC;0;1012,2;1012,3;1011,5;;23,6;20,1;24,9;23,6;20,6;20,1;81;76;81;360;4,4;,8;
2026/01/11;0200 UTC;0;1012,3;1012,5;1012,2;;22,4;20,3;23,6;22,4;20,6;20;88;81;88;262;1,7;,9;
2026/01/11;0300 UTC;0;1012,1;1012,4;1012,1;;21,4;19,8;22,4;21,4;20,4;19,8;91;88;91;237;1,7;,5;
2026/01/11;0400 UTC;0;1011,5;1012,1;1011,5;;21;19,7;21,4;21;20,1;19,7;92;91;92;254;1,5;,7;
2026/01/11;0500 UTC;0;1011;1011,5;1011;;20,6;19,5;21;20,5;19,7;19,4;94;92;94;324;1,5;,4;
2026/01/11;0600 UTC;0;1010,8;1011;1010,8;;20,2;19,2;20,6;20,1;19,6;19,1;94;94;94;237;1,6;,6;
2026/01/11;0700 UTC;0;1010,8;1010,9;1010,8;;19,8;19;20,3;19,7;19,4;18,9;95;94;95;284;1,6;,5;
2026/01/11;0800 UTC;0;1011,1;1011,1;1010,7;;19,7;19;19,8;19,5;19,1;18,8;96;95;96;266;1,7;,6;
2026/01/11;0900 UTC;0;1011,6;1011,7;1011,1;97,1;20,1;19,5;20,2;19,3;19,6;18,6;96;96;96;322;1,5;,5;
2026/01/11;1000 UTC;0;1011,9;1011,9;1011,6;816,9;23,4;22,3;23,4;20,1;22,3;19,5;97;93;93;266;1,7;,7;
2026/01/11;1100 UTC;0;1011,8;1011,9;1011,8;1672,9;27,4;21,4;27,4;23,4;22,7;20,9;93;70;70;306;1,8;,7;
2026/01/11;1200 UTC;0;1011,7;1011,8;1011,6;2449,8;29,3;21,6;30,1;26,9;22,4;21;72;61;63;208;2,7;,9;
2026/01/11;1300 UTC;0;1011,6;1011,7;1011,6;3052,8;32;21,9;32,1;29,3;23,1;21,5;64;55;55;117;3,8;1,7;
2026/01/11;1400 UTC;0;1011;1011,6;1011;3536,5;33,4;21,3;33,5;31,9;22,8;21,1;58;49;49;102;5,4;2,4;
2026/01/11;1500 UTC;0;1010,4;1011;1010,4;3815,3;34,5;20,6;34,6;33,2;22,2;20,1;50;43;44;127;5,6;2,6;
2026/01/11;1600 UTC;0;1009,9;1010,4;1009,9;3690,1;35,3;20,4;35,4;34,5;22,3;19,4;48;40;42;107;6;2,6;
2026/01/11;1700 UTC;0;1009,5;1009,9;1009,5;3360,4;34,1;20,6;35,5;34,1;21,7;19,3;47;39;45;93;7,9;4,1;
2026/01/11;1800 UTC;0;1008,9;1009,5;1008,8;2985,1;33,5;20,6;34,2;33,3;21,5;20,3;48;45;47;97;8,6;4,1;
2026/01/11;1900 UTC;0;1008,3;1008,9;1008,3;2358,9;32,7;20,8;33,7;32,7;21,8;20,6;51;47;50;98;8;3,6;
2026/01/11;2000 UTC;0;1008,3;1008,4;1008,2;1246,5;31,6;20,9;32,7;31,4;21,2;20,3;54;49;53;89;8,8;2,4;
2026/01/11;2100 UTC;0;1008,4;1008,4;1008,2;262,2;29,8;20,5;31,6;29,8;21,1;20,5;58;53;57;90;6,4;2,5;
2026/01/11;2200 UTC;0;1008,9;1008,9;1008,4;54,1;27,7;20,5;29,8;27,6;20,5;20,3;65;57;65;93;5,5;1,5;
2026/01/11;2300 UTC;0;1009,5;1009,5;1008,9;;26,8;19,7;27,7;26,8;20,5;19,7;66;63;65;69;5;2;
2026/01/12;0000 UTC;0;1010;1010;1009,5;;25,4;20;26,8;25,4;20;19,7;72;65;72;88;4;1,5;
2026/01/12;0100 UTC;0;1010,5;1010,5;1010;;22,6;20,1;25,4;22,6;20,2;19,9;86;72;86;305;2,6;,4;
2026/01/12;0200 UTC;0;1010,4;1010,5;1010,4;;21,7;20;22,6;21,7;20,2;19,9;90;86;90;277;1,2;,5;
2026/01/12;0300 UTC;0;1009,7;1010,4;1009,7;;20,9;19,6;21,7;20,9;20;19,5;92;90;92;273;1,2;,4;
2026/01/12;0400 UTC;0;1009,5;1009,7;1009,5;;20,5;19,4;21;20,5;19,9;19,4;93;92;93;250;2,1;,5;
2026/01/12;0500 UTC;0;1009;1009,5;1009;;20,1;19,2;20,6;19,9;19,6;18,9;94;93;94;339;1,2;,4;
2026/01/12;0600 UTC;0;1009,2;1009,2;1008,9;;19,4;18,6;20,1;19,4;19,2;18,6;95;94;95;281;1;,3;
2026/01/12;0700 UTC;0;1009,4;1009,5;1009,2;;19,2;18,5;19,6;19,1;18,9;18,4;96;95;96;261;1,1;,5;
2026/01/12;0800 UTC;0;1010;1010;1009,4;;18,7;18,1;19,2;18,6;18,5;18;96;96;96;299;1,1;,5;
2026/01/12;0900 UTC;0;1010,7;1010,7;1010;90,9;19,5;18,9;19,5;18,6;18,9;18;97;96;97;257;1,4;,6;
2026/01/12;1000 UTC;0;1011;1011;1010,7;805;23;22,2;23;19,5;22,2;18,9;97;95;95;246;1,9;,9;
2026/01/12;1100 UTC;0;1011,2;1011,3;1011;1664,3;26,9;21,7;26,9;23;23,2;21,4;95;73;73;144;2,6;,7;
2026/01/12;1200 UTC;0;1011,2;1011,3;1011,2;2421,4;29,9;22,8;30;26,9;23,2;21;73;65;66;64;2,8;1,1;
2026/01/12;1300 UTC;0;1011,1;1011,3;1011,1;3037,5;32,4;21,9;32,6;29,9;23,5;21,8;66;54;54;182;2,7;1;
2026/01/12;1400 UTC;0;1010,7;1011,1;1010,7;3493;34,7;20,7;34,7;32,4;22,6;20,3;55;43;44;175;3,6;1;
2026/01/12;1500 UTC;0;1010,2;1010,7;1010,2;3416,3;36,2;15,9;36,5;34,7;21,7;13,4;46;25;30;119;3,5;1,8;
2026/01/12;1600 UTC;0;1009,5;1010,2;1009,5;3360,8;36,9;15,5;37,3;35,9;17,2;14,7;33;27;28;143;4,3;1,3;
2026/01/12;1700 UTC;0;1009,2;1009,5;1009;3484,5;35,4;20,2;37,7;35,4;21,2;13,9;42;24;41;99;7,5;3,9;
2026/01/12;1800 UTC;0;1008,7;1009,2;1008,7;3069,6;34,9;21;35,5;34,8;21,7;19,8;46;41;44;89;7,5;3,3;
2026/01/12;1900 UTC;0;1008,6;1008,8;1008,5;2397;33,1;21,1;35;33;21,7;20,6;50;43;50;99;7,7;3,4;
2026/01/12;2000 UTC;0;1008,5;1008,7;1008,4;1310,5;31,7;21,3;33,4;31,7;21,9;20,8;55;49;54;91;8,1;3;
2026/01/12;2100 UTC;0;1008,7;1008,8;1008,4;248,2;29,9;21,4;31,7;29,9;21,6;21,1;61;54;61;101;6,7;2,5;
2026/01/12;2200 UTC;0;1009,2;1009,2;1008,6;54,9;27,7;21,4;29,9;27,7;21,5;21,2;69;61;69;74;5,1;1,7;
2026/01/12;2300 UTC;0;1010;1010;1009,2;;26,3;21,4;27,7;26,3;21,5;21,3;75;69;75;127;4,1;1,3;
2026/01/13;0000 UTC;0;1010,7;1010,7;1010;;25,2;21,5;26,3;25,2;21,5;21,4;80;75;80;52;2,8;,5;
2026/01/13;0100 UTC;0;1011,1;1011,1;1010,7;;24,5;21,7;25,3;24,5;21,9;21,5;85;80;85;231;1,5;,7;
2026/01/13;0200 UTC;0;1011,2;1011,4;1011,1;;23,8;21,8;24,4;23,7;22;21,6;89;85;88;217;1,7;,8;
2026/01/13;0300 UTC;0;1010,7;1011,2;1010,7;;24,5;22,1;24,6;23,5;22,5;21,6;90;86;86;68;3,3;1,5;
2026/01/13;0400 UTC;0;1010,1;1010,7;1010,1;;24,2;21,9;24,6;24;22,1;21,6;88;86;87;75;3,8;1,7;
2026/01/13;0500 UTC;0;1009,9;1010,1;1009,9;;22,6;21;24,2;22,6;21,9;20,9;90;87;90;322;3,3;,2;
2026/01/13;0600 UTC;0;1009,5;1009,9;1009,5;;21,8;20,5;22,6;21,8;21;20,5;92;90;92;269;1,1;,3;
2026/01/13;0700 UTC;0;1009,8;1009,8;1009,4;;21,9;20,9;21,9;21,5;20,9;20,4;94;92;94;251;1,9;1;
2026/01/13;0800 UTC;0;1010,3;1010,3;1009,8;;21,7;20,8;21,9;21,5;20,9;20,6;95;94;95;251;1,9;,8;
2026/01/13;0900 UTC;0;1011,2;1011,2;1010,3;54,6;22,2;21,4;22,2;21,6;21,4;20,7;95;95;95;255;2;,2;
2026/01/13;1000 UTC;0;1012;1012;1011,2;393,6;24;23,2;24;22,2;23,2;21,4;96;95;96;252;1,8;,9;
2026/01/13;1100 UTC;0;1012,4;1012,4;1012;1518,2;26,8;23,2;27;24;25,4;22,8;96;80;81;3;2,7;,7;
2026/01/13;1200 UTC;0;1012,9;1012,9;1012,4;2441,1;29,8;23,2;29,8;26,8;23,7;22,5;81;68;68;239;2,5;1,1;
2026/01/13;1300 UTC;0;1013;1013;1012,9;3022,3;32,3;23,5;32,4;29,7;24,2;22,9;69;59;60;89;2,9;1;
2026/01/13;1400 UTC;0;1012,9;1013;1012,8;3449,8;34,3;22,3;34,4;32,2;23,9;21,5;61;49;50;125;4,5;1,6;
2026/01/13;1500 UTC;0;1012,5;1012,9;1012,5;3402,9;33,8;21;35,6;33,8;23,3;20,8;53;44;47;98;4,6;2;
2026/01/13;1600 UTC;0;1011,5;1012,5;1011,5;2854,9;35,2;21,5;35,5;33,6;23;21;51;45;45;108;6;2,6;
2026/01/13;1700 UTC;0;1011,4;1011,8;1011,3;2648,4;32,8;21,4;35,5;32,8;22,3;20,9;51;44;51;66;7,3;3,9;
2026/01/13;1800 UTC;0;1013,4;1013,6;1011,4;215,6;27,5;19,6;32,8;27,4;21,7;19,6;69;51;62;277;10,1;3;
2026/01/13;1900 UTC;0;1011,9;1013,4;1011,5;334,7;26,5;19,7;27,5;25,7;19,9;19,1;68;62;66;227;9,7;1;
2026/01/13;2000 UTC;0;1012,3;1012,5;1011,9;385,4;26,5;19,9;26,6;26,2;21,1;19,5;73;66;67;34;3,4;,6;
2026/01/13;2100 UTC;0;1012,7;1012,9;1012,3;201,5;25,5;21,3;26,6;25,5;21,3;19,8;78;67;78;31;2,4;1,1;
2026/01/13;2200 UTC;0;1013,2;1013,3;1012,7;32,8;24,2;21,3;25,5;24,2;21,4;21,3;84;78;84;9;2,4;,8;
2026/01/13;2300 UTC;0;1013,3;1013,5;1013,2;;23,8;21,2;24,2;23,5;21,4;21;86;84;85;68;2,3;1,1;
2026/01/14;0000 UTC;0;1014,2;1014,2;1013,3;;23,2;21;23,9;22,9;21,2;20,5;87;84;87;229;2,2;,9;
2026/01/14;0100 UTC;0;1015;1015;1014,1;;22,7;21;23,3;22,4;21,1;20,6;90;87;90;250;1,8;,8;
2026/01/14;0200 UTC;0;1014,8;1015;1014,8;;22,3;20,7;23;22,3;21,3;20,7;91;90;91;284;2;,6;
2026/01/14;0300 UTC;0;1014,5;1014,9;1014,5;;21,9;20,7;22,3;21,8;20,7;20,4;93;91;92;355;1,3;,6;
2026/01/14;0400 UTC;0;1013,7;1014,5;1013,7;;21,6;20,5;22;21,5;20,7;20,3;94;92;94;249;1,1;,6;
2026/01/14;0500 UTC;0;1013,1;1013,7;1013,1;;21,3;20,4;21,6;21,1;20,5;20,1;95;94;95;40;1,4;,7;
2026/01/14;0600 UTC;0;1012,8;1013,1;1012,8;;20,9;20,1;21,3;20,9;20,4;20;95;95;95;275;1,4;,3;
2026/01/14;0700 UTC;0;1013;1013,1;1012,8;;20,5;19,8;21;20,5;20,3;19,8;96;95;96;263;1,4;,7;
2026/01/14;0800 UTC;0;1013,3;1013,4;1013;;20,9;20,3;20,9;20,5;20,3;19,8;96;96;96;334;1,5;,4;
2026/01/14;0900 UTC;0;1014;1014;1013,3;54;21,7;21,1;21,7;20,9;21,1;20,3;96;96;96;310;1,3;,7;
2026/01/14;1000 UTC;0;1014,4;1014,4;1013,9;356,3;23,4;22,8;23,5;21,7;22,8;21;97;96;96;17;2,2;,7;
2026/01/14;1100 UTC;0;1014,4;1014,5;1014,4;1076;26,2;23,2;26,4;23,4;23,9;22,8;96;83;83;353;2,6;1,1;
2026/01/14;1200 UTC;0;1014,5;1014,6;1014,4;2308,1;29,8;23,1;30;26,2;23,9;22,3;83;67;68;22;2,7;,9;
2026/01/14;1300 UTC;0;1014,3;1014,6;1014,3;2989,2;31,4;23,1;31,8;29,7;23,5;22,2;68;59;62;86;7;3,3;
2026/01/14;1400 UTC;0;1013,9;1014,4;1013,9;3495,4;32,1;22,3;32,6;31;23,3;22,3;62;56;57;102;8,1;4,4;
2026/01/14;1500 UTC;0;1013,3;1013,9;1013,2;3433,7;33,1;22,4;33,5;31,4;23,2;22,1;58;53;53;90;9,1;4,1;
2026/01/14;1600 UTC;0;1012,7;1013,3;1012,7;3684,5;34;22,6;34,2;33,1;23;21,8;54;49;51;105;9,1;4,5;
2026/01/14;1700 UTC;0;1012,2;1012,7;1012,1;3368,7;33;21;34,3;33;22,8;21;52;48;49;95;9,4;4,9;
2026/01/14;1800 UTC;0;1011,3;1012,2;1011,3;2969,2;32,7;21,1;33,3;32,5;21,9;20,8;53;49;50;93;10,6;4,6;
2026/01/14;1900 UTC;0;1011,1;1011,3;1010,8;2112,5;31,6;20,9;32,9;31,6;21,4;20,6;53;50;53;93;11;3,9;
2026/01/14;2000 UTC;0;1011;1011,1;1010,7;569,2;29,8;20,7;31,6;29,8;21,2;20,7;59;53;58;91;9,5;2,9;
2026/01/14;2100 UTC;0;1011,4;1011,5;1011;143,5;28,7;20,6;29,8;28,7;20,9;20,6;62;58;61;82;6;2,6;
2026/01/14;2200 UTC;0;1011,7;1011,7;1011,3;26,6;28,2;19,1;29,1;28,2;20,6;19,1;62;57;58;68;8,4;3,9;
2026/01/14;2300 UTC;0;1012,5;1012,5;1011,6;;27,2;19;28,3;27,2;19,1;18,9;61;57;61;70;10,6;3,5;
2026/01/15;0000 UTC;0;1013,2;1013,2;1012,5;;26,2;19,6;27,2;26,2;19,6;19;67;61;67;71;7,5;3,2;
2026/01/15;0100 UTC;0;1014;1014;1013,2;;25,5;20,4;26,2;25,5;20,4;19,6;73;67;73;68;7,4;2,8;
2026/01/15;0200 UTC;0;1013,8;1014;1013,8;;25;20,6;25,5;25;20,6;20,3;76;73;76;73;5,8;1,8;
2026/01/15;0300 UTC;0;1013,6;1013,9;1013,6;;24,9;20,6;25,1;24,8;20,7;20,5;77;76;77;66;5,4;2,5;
2026/01/15;0400 UTC;0;1013,3;1013,6;1013,3;;24,3;20,5;25;24,1;20,6;20,3;80;77;79;65;5,2;1,3;
2026/01/15;0500 UTC;0;1013,2;1013,3;1013;;23,8;20,3;24,3;23,7;20,6;20,2;82;79;81;53;4,2;1;
2026/01/15;0600 UTC;0;1012,9;1013,2;1012,9;;22,1;19,9;23,8;22,1;20,3;19,8;87;81;87;325;2,3;,5;
2026/01/15;0700 UTC;0;1012,7;1012,9;1012,7;;21,7;20,1;22,1;21,5;20,2;19,8;91;87;91;22;1,9;,6;
2026/01/15;0800 UTC;0;1013,3;1013,3;1012,7;;22,8;20,2;22,8;21,3;20,6;19,7;91;85;85;42;3,3;1,4;
2026/01/15;0900 UTC;0;1014;1014;1013,3;82,4;23,1;19,8;23,1;22,7;20,2;19,4;85;81;82;303;3,2;,5;
2026/01/15;1000 UTC;0;1014,6;1014,6;1014;740;26,2;19,7;26,2;23,1;21;19,3;83;67;67;39;3,4;1,5;
2026/01/15;1100 UTC;0;1015;1015;1014,6;1600,9;29,2;19,2;29,2;26,2;19,9;18,5;68;53;55;53;5,1;1,7;
2026/01/15;1200 UTC;0;1014,9;1015;1014,8;2381,9;30,6;17,7;30,9;29,1;18,9;17,5;55;45;46;72;6,9;3,3;
2026/01/15;1300 UTC;0;1015;1015;1014,9;3013,1;32,1;17,4;32,8;30,6;18,4;16,1;47;38;42;65;7,2;3,1;
2026/01/15;1400 UTC;0;1014,5;1015;1014,5;3522,3;33,1;16,4;33,7;32,1;18,2;15,7;42;36;37;90;7,5;3,6;
2026/01/15;1500 UTC;0;1014;1014,6;1013,9;3792;34,1;16,3;34,2;33,1;17,9;15,7;40;34;35;80;8,7;4,3;
2026/01/15;1600 UTC;0;1013,3;1014;1013,2;3667,9;34,6;17,6;34,6;33,7;17,6;15,9;37;34;37;92;9,3;4,3;
2026/01/15;1700 UTC;0;1012,6;1013,3;1012,6;3444,9;33,2;18,5;34,9;33;19,2;16,3;44;34;42;88;11,5;4,9;
2026/01/15;1800 UTC;0;1012;1012,6;1012;3044,3;32,1;19,6;33,2;31,9;19,7;18,3;48;42;48;105;10,8;5,8;
2026/01/15;1900 UTC;0;1012;1012;1011,7;2339,9;31,4;18,6;32,5;31,3;20,4;18,6;50;47;47;84;11,1;4,4;
2026/01/15;2000 UTC;0;1012;1012;1011,9;1411,3;30,2;18,6;31,8;30,2;19,6;17,8;50;46;50;80;10,2;4,2;
2026/01/15;2100 UTC;0;1012,9;1012,9;1012;190,5;27,7;19,2;30,3;27,7;19,2;18,1;60;49;60;73;10,2;2,9;
2026/01/15;2200 UTC;0;1013,6;1013,6;1012,9;45,8;26,3;19,6;27,7;26,3;19,6;19,1;67;60;67;74;6,8;2,3;
2026/01/15;2300 UTC;0;1014;1014;1013,6;;25,9;19,4;26,5;25,9;19,7;19,4;68;66;68;65;6;2,2;
2026/01/16;0000 UTC;0;1014,7;1014,7;1014;;24,5;19,1;25,9;24,5;19,4;19;72;67;72;71;4,8;,5;
2026/01/16;0100 UTC;0;1015;1015;1014,7;;24,6;19,2;24,6;23,7;19,6;19,1;77;72;72;83;2,3;1,2;
2026/01/16;0200 UTC;0;1015,3;1015,3;1015;;22,1;19,3;24,6;22,1;19,4;18,9;84;72;84;246;2,5;,5;
2026/01/16;0300 UTC;0;1014,6;1015,3;1014,6;;21,5;19,5;22,1;21,5;19,8;19,3;89;84;89;334;1,8;,4;
2026/01/16;0400 UTC;0;1013,9;1014,6;1013,9;;20,9;19,3;21,5;20,9;19,6;19,2;91;89;91;282;1,3;,5;
2026/01/16;0500 UTC;0;1013,6;1013,9;1013,6;;20,8;19,4;20,9;20,7;19,4;19,2;92;91;92;256;2;,9;
2026/01/16;0600 UTC;0;1013,3;1013,6;1013,3;;20,4;19,1;20,9;20,4;19,6;19,1;93;92;93;288;2;,6;
2026/01/16;0700 UTC;0;1013,4;1013,4;1013,2;;20;18,9;20,4;19,9;19,2;18,8;93;93;93;263;1,2;,5;
2026/01/16;0800 UTC;0;1013,7;1013,7;1013,4;;19,7;18,7;20;19,7;18,9;18,6;94;93;94;280;1,4;,5;
2026/01/16;0900 UTC;0;1014,2;1014,3;1013,7;96,8;20,5;19,6;20,5;19,5;19,6;18,5;95;94;95;302;1,6;,6;
2026/01/16;1000 UTC;0;1014,3;1014,5;1014,2;682,3;24,5;21,3;24,5;20,5;22,1;19,7;95;82;82;235;1,7;,5;
2026/01/16;1100 UTC;0;1014,3;1014,4;1014,2;1557,1;28,4;20,6;28,4;24,5;21,5;20,1;82;61;62;57;4,5;1,6;
2026/01/16;1200 UTC;0;1014,5;1014,5;1014,3;2341,1;30,7;20,6;30,7;28,5;20,6;19,4;62;53;55;72;5,4;2,4;
2026/01/16;1300 UTC;0;1014,3;1014,5;1014,3;2978,7;32,1;19,9;32,2;30,7;20,7;19,3;55;48;48;58;6;3;
2026/01/16;1400 UTC;0;1013,8;1014,3;1013,8;3457,7;33,6;19,7;33,7;31,9;21,1;19,4;51;44;44;51;6,8;2,4;
2026/01/16;1500 UTC;0;1013,3;1013,8;1013,3;3662,1;34,2;19,7;34,3;32,4;21,1;19,2;48;42;43;72;7,1;3,2;
2026/01/16;1600 UTC;0;1012,6;1013,4;1012,6;3427,3;33,4;20;34,9;33,1;20,4;18,8;46;40;46;64;7,7;3,2;
2026/01/16;1700 UTC;0;1011,9;1012,6;1011,9;3204,6;32,9;21,2;33,8;32,4;21,9;20,3;51;46;50;82;10,1;4,6;
2026/01/16;1800 UTC;0;1011,3;1011,9;1011,3;2581,3;31,9;21;33,3;31,6;21,5;20,4;54;49;53;98;10,1;4,6;
2026/01/16;1900 UTC;0;1010,6;1011,3;1010,6;2282,2;30,5;20,7;31,9;30,5;21,5;20,6;56;52;56;87;9,9;4,3;
2026/01/16;2000 UTC;0;1010,7;1010,7;1010,4;1396;30,5;20,6;31,4;30,4;21,4;20,2;57;54;56;89;9,9;3,6;
2026/01/16;2100 UTC;0;1011,1;1011,1;1010,6;374,4;28,6;20,5;30,5;28,6;21;20,3;62;55;62;79;8,9;3,3;
2026/01/16;2200 UTC;0;1011,3;1011,3;1011;119,4;26,8;20,7;28,6;26,8;20,7;20,4;69;62;69;70;7,7;1,9;
2026/01/16;2300 UTC;0;1011,5;1011,6;1011,3;;26,2;20,6;26,8;26,2;20,8;20,6;72;69;71;71;5,6;1,8;
2026/01/17;0000 UTC;0;1012;1012,1;1011,5;;25,3;20,2;26,2;25,3;20,6;20,2;74;70;74;56;5,5;1;
2026/01/17;0100 UTC;0;1012,8;1012,9;1012;;25,4;20,5;25,5;24,9;20,5;20,2;76;73;74;73;3,1;1,4;
2026/01/17;0200 UTC;0;1012,9;1013;1012,8;;24,8;20,7;25,4;24,1;20,9;20,4;81;74;78;83;3,1;1;
2026/01/17;0300 UTC;0;1012,3;1012,9;1012,2;;23,5;20,6;24,8;23,5;21;20,5;84;78;84;338;2,7;,4;
2026/01/17;0400 UTC;0;1011,5;1012,3;1011,5;;22,7;20,7;23,5;22,7;20,7;20,6;88;84;88;286;1,3;,7;
2026/01/17;0500 UTC;0;1011,1;1011,6;1011,1;;22,3;20,6;22,7;22,3;20,7;20,6;90;88;90;291;1,8;,4;
2026/01/17;0600 UTC;0;1010,5;1011,1;1010,5;;21,8;20,5;22,3;21,8;20,6;20,3;92;90;92;247;1,2;,4;
2026/01/17;0700 UTC;0;1010,2;1010,5;1010,1;;21,4;20,2;21,9;21,4;20,5;20,2;93;92;93;252;1,2;,5;
2026/01/17;0800 UTC;0;1010,4;1010,5;1010,1;;21,6;20,6;21,7;21,2;20,6;20,1;94;93;94;256;2,6;,8;
2026/01/17;0900 UTC;0;1010,8;1010,8;1010,4;95;22,3;21,4;22,3;21,6;21,4;20,6;95;94;94;296;1,8;,5;
2026/01/17;1000 UTC;0;1010,9;1010,9;1010,8;399;24,3;22,4;24,3;22,3;22,4;21,4;95;89;89;166;1,4;,3;
2026/01/17;1100 UTC;0;1011,1;1011,1;1010,9;1159,3;27,8;22,1;27,8;24,3;22,7;21,4;89;70;71;63;3,8;1,2;
2026/01/17;1200 UTC;0;1011,2;1011,2;1011;1777,3;29,6;21,5;29,6;27,9;22;21,1;71;61;62;94;3,8;1,6;
2026/01/17;1300 UTC;0;1011;1011,3;1011;2383,5;31,3;22,3;31,3;29,6;22,5;21,2;63;58;59;78;4,5;1,8;
2026/01/17;1400 UTC;0;1010,5;1011;1010,5;2941;33;21,5;33,4;31,1;22,6;21;59;49;51;65;4,2;1,7;
2026/01/17;1500 UTC;0;1009,7;1010,5;1009,7;3248;33,9;20,9;34,3;33;22,6;20,4;52;46;47;119;4,4;1,6;
2026/01/17;1600 UTC;0;1008,9;1009,7;1008,9;3394,9;35;20,4;35,3;33,9;21,8;19,8;47;41;42;88;5,8;2,2;
2026/01/17;1700 UTC;0;1008,1;1008,9;1008,1;3045;33,8;20,3;35,5;33,8;21,4;19,8;47;41;45;101;7,7;3,8;
2026/01/17;1800 UTC;2,6;1008,5;1009,4;1008,1;1117;24,2;20,3;33,8;23,4;20,7;18,1;84;44;79;46;11,4;2,6;
2026/01/17;1900 UTC;,2;1007,9;1008,5;1007,8;703,2;24,5;20,9;24,5;23,8;20,9;20,1;82;78;80;39;5,5;1,7;
2026/01/17;2000 UTC;0;1008;1008,1;1007,8;784,2;25,8;21,2;26;24,5;21,6;20,8;81;74;76;112;3,5;,8;
2026/01/17;2100 UTC;0;1008,3;1008,3;1007,9;328,4;25,4;22,3;26;25,4;22,3;21;83;75;83;274;1,8;,8;
2026/01/17;2200 UTC;0;1008,8;1008,8;1008,2;45,3;24,2;21,9;25,5;24,2;22,5;21,9;87;83;87;326;1,8;,6;
2026/01/17;2300 UTC;0;1009,1;1009,1;1008,6;;23,3;21,5;24,3;23,2;22;21,4;90;87;90;290;1,8;,9;
2026/01/18;0000 UTC;0;1009,3;1009,4;1009,1;;23,1;21,6;23,4;23,1;21,8;21,5;91;90;91;312;2;,5;
2026/01/18;0100 UTC;0;1009,7;1009,7;1009,3;;22,6;21,3;23,1;22,6;21,6;21,3;92;91;92;17;1,3;,5;
2026/01/18;0200 UTC;0;1009,4;1009,8;1009,4;;22,3;21,2;22,7;22,3;21,5;21,2;93;92;93;294;1,1;,4;
2026/01/18;0300 UTC;0;1009,1;1009,6;1009,1;;22,3;21,3;22,4;22,1;21,5;21,1;94;93;94;241;2,5;,3;
2026/01/18;0400 UTC;0;1008,6;1009,1;1008,5;;21,8;20,9;22,3;21,8;21,4;20,9;95;94;95;261;1,2;,4;
2026/01/18;0500 UTC;0;1008,1;1008,6;1008,1;;21,3;20,6;21,8;21,3;21;20,6;96;95;95;270;1,3;,3;
2026/01/18;0600 UTC;0;1007,7;1008,1;1007,7;;21,2;20,6;21,6;21,2;20,9;20,5;96;95;96;273;1,6;,3;
2026/01/18;0700 UTC;0;1007,5;1007,7;1007,4;;21,1;20,5;21,4;21,1;20,7;20,4;96;96;96;339;1,2;,3;
2026/01/18;0800 UTC;0;1007,4;1007,6;1007,3;;21,2;20,6;21,2;21;20,6;20,4;96;96;96;73;1,8;,5;
2026/01/18;0900 UTC;0;1008;1008;1007,4;95,1;21,6;21,1;21,6;21;21,1;20,4;97;96;97;282;1,3;,4;
2026/01/18;1000 UTC;0;1008,5;1008,5;1008;405,5;23;22,4;23;21,6;22,4;21,1;97;96;97;297;1,8;,4;
2026/01/18;1100 UTC;0;1008,7;1008,8;1008,5;947,4;24,9;23,2;25;22,9;23,9;22,3;97;90;90;248;1,4;,4;
2026/01/18;1200 UTC;0;1008,8;1008,8;1008,7;1478,1;27,3;22,3;27,3;25;23,5;22;90;74;74;65;1,7;,9;
2026/01/18;1300 UTC;0;1008,7;1008,9;1008,6;1967,7;29,7;22;29,9;27,3;23,1;22;74;63;63;42;2,3;1,1;
2026/01/18;1400 UTC;0;1008,4;1008,7;1008,4;2456,6;32,5;21,7;32,6;29,6;23,6;21,4;67;52;53;349;2,4;1,1;
2026/01/18;1500 UTC;,2;1008,1;1008,4;1008,1;1842,3;32,7;20,4;32,9;32,1;22,1;19,9;55;48;48;303;2,1;,7;
2026/01/18;1600 UTC;0;1007,6;1008,1;1007,6;1471,6;33;20,5;33,1;31,7;22,3;18,7;57;43;48;255;3;,7;
2026/01/18;1700 UTC;0;1007;1007,6;1007;1067,1;30,9;20,6;33,1;30,9;21,3;18,8;56;44;54;24;3,9;,8;
2026/01/18;1800 UTC;0;1006,5;1007;1006,5;808;31,5;22,3;31,5;30,8;23,9;19,9;64;51;58;350;1,8;,6;
2026/01/18;1900 UTC;0;1005,8;1006,5;1005,8;1466,2;31,6;19,8;32,5;31,4;22,7;19,6;60;48;50;41;3,6;1,5;
2026/01/18;2000 UTC;0;1005,4;1005,8;1005,4;1551;31,6;21;32,2;31,3;22,3;19,9;57;49;54;32;4,2;2,1;
2026/01/18;2100 UTC;0;1005,3;1005,5;1005,3;271,5;29,6;19,9;31,7;29,6;21,1;19,5;57;51;56;65;4,2;1,4;
2026/01/18;2200 UTC;0;1005,5;1005,5;1005,3;40,3;27,2;18,3;29,7;27,1;20,2;18,3;62;56;58;48;3,8;1,3;
2026/01/18;2300 UTC;0;1006,1;1006,1;1005,5;;27,1;17,7;27,2;26,1;18,4;17,7;62;56;56;31;6,1;2,5;
2026/01/19;0000 UTC;0;1006,2;1006,2;1006;;24,5;18,5;27,1;24,5;18,6;17,6;69;56;69;200;6,1;,8;
2026/01/19;0100 UTC;0;1006,3;1006,5;1006,2;;23,7;18,3;24,5;23,1;18,9;18,3;76;69;72;332;2,5;,6;
2026/01/19;0200 UTC;0;1006,1;1006,4;1006,1;;22,5;18,5;23,7;22,4;18,6;18,2;78;72;78;228;2,5;,5;
2026/01/19;0300 UTC;0;1006,1;1006,1;1006;;24,9;17,7;25,2;22,2;18,7;17,6;80;64;64;38;3,5;1,3;
2026/01/19;0400 UTC;0;1005,9;1006,4;1005,9;;22;18,6;25;21,8;18,6;17,5;81;64;81;136;2,8;,7;
2026/01/19;0500 UTC;0;1005,1;1005,9;1005,1;;21,6;18,7;22,5;21,3;18,8;18,2;84;78;84;179;2,6;,7;
2026/01/19;0600 UTC;0;1004,3;1005,2;1004,2;;20,5;18,5;21,6;20,3;18,6;18,2;89;83;88;18;1,9;,5;
2026/01/19;0700 UTC;0;1003,8;1004,3;1003,8;;21;18,7;21,5;20,3;19,5;18,4;90;87;87;232;2,9;1;
2026/01/19;0800 UTC;0;1004,3;1004,3;1003,8;;20,3;18,4;21;20,3;18,9;18,4;89;87;89;279;2,1;,5;
2026/01/19;0900 UTC;0;1004,6;1004,8;1004,3;83,1;21,2;19,3;21,2;20,2;19,3;18,4;90;89;89;228;2;,7;
2026/01/19;1000 UTC;0;1004,8;1004,9;1004,6;887,8;25,5;20,1;25,5;21,2;20,7;19,3;89;72;72;262;1,9;,9;
2026/01/19;1100 UTC;0;1004,6;1004,9;1004,6;1737,5;30;20,4;30;25,5;20,9;19,4;73;57;57;55;2,1;,5;
2026/01/19;1200 UTC;0;1004,2;1004,6;1004,1;2261,4;32,9;18,3;32,9;29,7;21,1;18,3;58;42;42;355;2,5;1,1;
2026/01/19;1300 UTC;0;1004,2;1004,3;1004,1;2991,5;33,8;18,1;33,9;32,6;19,4;16,4;45;36;39;132;3,5;1,2;
2026/01/19;1400 UTC;0;1004,1;1004,3;1004,1;3129,5;34,5;17,8;34,8;33,4;19,2;16,2;42;35;37;234;3,9;1,4;
2026/01/19;1500 UTC;0;1003,7;1004,1;1003,6;3534,6;35,6;17,7;35,6;33,9;19;16,4;39;34;35;248;6,1;1,9;
2026/01/19;1600 UTC;0;1003,6;1003,8;1003,6;2655,8;33,7;18,2;35,6;33,7;20,1;16,8;41;33;40;268;7,3;2,3;
2026/01/19;1700 UTC;0;1003,2;1003,6;1003,2;2257,8;34;19;34,3;33,4;20,1;18,3;44;40;41;261;6,4;2,5;
2026/01/19;1800 UTC;0;1002,6;1003,2;1002,6;2040,9;33,1;18,2;35,1;32,9;20,2;17,8;44;38;41;263;6;2,1;
2026/01/19;1900 UTC;0;1002,2;1002,6;1002,2;1779,9;33,5;17,7;34,8;32,7;19,8;17,3;44;36;39;237;4,7;2,1;
2026/01/19;2000 UTC;0;1002,5;1002,5;1002,2;876,2;30,9;18,2;33,5;30,9;19,1;17,1;47;38;47;174;6,1;3,3;
2026/01/19;2100 UTC;0;1003,4;1003,5;1002,5;266,1;29,4;18,3;30,8;29,4;18,7;18,1;52;47;51;212;6,1;1,5;
2026/01/19;2200 UTC;0;1004,2;1004,2;1003,4;24,3;27,7;19,4;29,4;27,7;19,4;18,2;61;51;61;16;3,2;1;
2026/01/19;2300 UTC;0;1004,6;1004,6;1004,2;;25,7;20,6;27,7;25,7;20,6;19,4;73;61;73;354;3,4;1,1;
2026/01/20;0000 UTC;0;1005,4;1005,4;1004,6;;25,1;20,7;25,7;25,1;20,9;20,5;77;73;77;257;3,4;,5;
2026/01/20;0100 UTC;0;1005,9;1005,9;1005,3;;24,7;21;25,1;24,7;21;20,7;80;77;80;299;1,8;,9;
2026/01/20;0200 UTC;,2;1006,7;1006,7;1005,9;;23,7;20,9;25,1;23,7;21,2;20,6;84;78;84;241;7,3;2,5;
2026/01/20;0300 UTC;5,2;1006,8;1007,1;1006,7;;23;21,4;23,8;23;21,4;20,9;91;84;91;253;6,3;,9;
2026/01/20;0400 UTC;3;1006,6;1007;1006,6;;22,9;21,6;23;22,8;21,6;21,3;92;91;92;240;4,1;1,8;
2026/01/20;0500 UTC;1;1006,1;1006,6;1006,1;;22,1;20,9;22,9;22,1;21,6;20,9;93;92;93;299;4,2;,6;
2026/01/20;0600 UTC;,8;1006,5;1006,6;1006;;22,1;21;22,2;21,9;21,1;20,7;94;93;94;219;2,4;1,3;
2026/01/20;0700 UTC;,2;1006,8;1006,8;1006,4;;22;21,1;22,2;22;21,2;21;94;94;94;298;2,4;,7;
2026/01/20;0800 UTC;1,6;1007,3;1007,3;1006,8;;22,1;21,2;22,1;22;21,2;21,1;95;94;95;253;2,6;1,2;
2026/01/20;0900 UTC;2,6;1008,3;1008,3;1007,3;4,2;22;21,2;22,4;22;21,6;21,1;95;95;95;198;3,7;1,4;
2026/01/20;1000 UTC;,2;1009,2;1009,2;1008,2;63;22,1;21,3;22,1;21,9;21,3;21,1;95;95;95;274;3,7;,7;
2026/01/20;1100 UTC;,2;1010;1010;1009,2;132,8;22,1;21,2;22,3;22;21,5;21,2;95;95;95;271;3;1,2;
2026/01/20;1200 UTC;,8;1010,7;1010,7;1010;546,5;23;22,1;23,1;22;22,2;21,2;95;95;95;266;3,5;1,3;
2026/01/20;1300 UTC;2,6;1011,5;1011,5;1010,7;600,4;22,5;21,5;23,3;22,4;22,4;21,3;95;93;94;243;4,6;1,8;
2026/01/20;1400 UTC;4,8;1012;1012;1011,5;656,9;22,7;21,6;22,8;22,3;21,8;21,2;94;93;94;228;5,5;1,6;
2026/01/20;1500 UTC;4,6;1012,1;1012,3;1012;744,8;22,7;21,6;22,8;21,9;21,7;20,7;94;93;93;279;4,9;1,4;
2026/01/20;1600 UTC;,2;1011,9;1012,1;1011,9;1426,6;24,7;21,4;24,8;22,7;22,6;21,2;94;82;82;284;3,7;1,4;
2026/01/20;1700 UTC;0;1011,6;1011,9;1011,5;797,5;25,2;21,7;25,2;24,3;22;20,8;83;80;81;300;3,5;1,1;
2026/01/20;1800 UTC;0;1011,3;1011,6;1011,3;761,1;25,8;20,3;25,8;25;21,7;20,2;81;72;72;204;3,6;1,7;
2026/01/20;1900 UTC;0;1011,4;1011,4;1011,3;788,6;25,3;19,5;26;25,3;20,4;19,1;72;67;70;213;5,2;2,4;
2026/01/20;2000 UTC;0;1011,8;1011,8;1011,4;248,4;24,3;19,2;25,3;24,2;19,5;18,6;74;69;73;229;6;1,4;
2026/01/20;2100 UTC;,6;1012,6;1012,6;1011,8;103;22,3;20;24,3;22,1;20,1;19,1;88;73;87;246;5,8;1,9;
2026/01/20;2200 UTC;1,2;1013,2;1013,2;1012,6;16,6;21,3;19,9;22,3;21,3;20;19,5;92;87;92;261;4,2;1,7;
2026/01/20;2300 UTC;0;1013,4;1013,5;1013,2;;20,4;18,9;21,3;20,4;19,9;18,9;92;91;91;261;5,6;1,5;
2026/01/21;0000 UTC;0;1013,5;1013,5;1013,3;;20,7;19,2;20,7;20,4;19,2;18,9;91;91;91;250;4,6;,9;
2026/01/21;0100 UTC;0;1013,9;1013,9;1013,5;;20,6;19,3;20,7;20,5;19,3;19;92;91;92;275;2,5;,9;
2026/01/21;0200 UTC;0;1013,7;1013,9;1013,6;;20,7;19,5;20,7;20,6;19,5;19,3;93;92;93;262;2,5;,8;
2026/01/21;0300 UTC;0;1013,3;1013,8;1013,3;;20,7;19,4;20,8;20,7;19,6;19,4;93;92;92;256;3,6;1,2;
2026/01/21;0400 UTC;0;1012,8;1013,4;1012,8;;20,6;19,3;20,8;20,6;19,4;19,2;92;92;92;258;3,4;1,3;
2026/01/21;0500 UTC;0;1012,1;1012,8;1012,1;;20,6;19,1;20,7;20,6;19,3;19,1;92;91;91;251;3,4;1,3;
2026/01/21;0600 UTC;0;1011,7;1012,1;1011,7;;20,4;18,8;20,6;20,4;19,1;18,8;91;90;91;259;3,3;1;
2026/01/21;0700 UTC;0;1011,7;1011,8;1011,7;;20,3;18,7;20,5;20,3;18,8;18,6;91;90;90;272;3,2;1,1;
2026/01/21;0800 UTC;0;1011,9;1011,9;1011,7;;20,3;18,8;20,3;20,2;18,8;18,6;91;90;91;258;2,9;1,3;
2026/01/21;0900 UTC;,2;1012,6;1012,6;1011,9;24,2;20,5;18,9;20,5;20,3;18,9;18,7;91;90;91;248;3,1;1,1;
2026/01/21;1000 UTC;0;1013;1013;1012,6;213,1;21,3;19,5;21,3;20,5;19,6;18,9;91;90;90;251;2,5;1;
2026/01/21;1100 UTC;,2;1013,5;1013,5;1013;419,7;21,7;19,3;22,2;21,3;19,9;19,3;90;85;86;273;3;1;
2026/01/21;1200 UTC;2,4;1014;1014;1013,5;469,7;21,8;20,2;22;21,5;20,2;19,3;90;86;90;303;2,8;,6;
2026/01/21;1300 UTC;6;1014,4;1014,4;1014;646,5;21,7;20,1;22,1;21,6;20,5;19,9;91;90;91;309;2,4;1;
2026/01/21;1400 UTC;3,8;1014,4;1014,4;1014,3;981,5;22,4;20,6;22,7;21,6;21;20;92;90;90;271;3;1;
2026/01/21;1500 UTC;2,8;1014,1;1014,4;1014,1;1021,4;22,3;20,5;22,6;21,9;20,9;20,1;90;89;90;316;2,9;,7;
2026/01/21;1600 UTC;,6;1013,9;1014,3;1013,9;917;22,8;20,8;22,8;22,2;21,3;20,3;91;88;88;283;2,9;1,3;
2026/01/21;1700 UTC;,2;1013,8;1013,9;1013,6;779,8;22,1;19,7;22,8;22,1;20,7;19,6;88;85;86;292;3,5;1;
2026/01/21;1800 UTC;5,8;1013,7;1013,9;1013,7;474,2;21,2;19,8;22,1;20,7;19,8;19;92;86;92;300;4,1;1;
2026/01/21;1900 UTC;,2;1013,4;1013,7;1013,4;601,1;21,1;19,8;21,6;21,1;20,2;19,6;92;91;92;274;3,5;1,2;
2026/01/21;2000 UTC;,4;1013,6;1013,6;1013,3;248,5;20,8;19,6;21,2;20,7;19,9;19,4;93;92;93;263;3,3;1,2;
2026/01/21;2100 UTC;1,8;1014,2;1014,2;1013,6;109,1;20,6;19,5;20,8;20,6;19,5;19,3;93;92;93;260;3,7;,8;
2026/01/21;2200 UTC;1,2;1014,8;1014,8;1014,2;12;19,6;18,5;20,6;19,6;19,5;18,5;94;93;93;46;2,6;1;
2026/01/21;2300 UTC;2,2;1015,2;1015,2;1014,8;;19,6;18,6;19,6;19,3;18,6;18,2;94;93;94;31;2,2;,4;
2026/01/22;0000 UTC;1,6;1015,5;1015,5;1015,2;;19,3;18,4;19,7;19,3;18,8;18,4;95;94;95;348;2,8;1,1;
2026/01/22;0100 UTC;3,8;1015,6;1015,9;1015,5;;19;18,2;19,3;18,9;18,5;18,1;95;95;95;331;3,3;1,1;
2026/01/22;0200 UTC;0;1014,9;1015,6;1014,9;;19,1;18,4;19,1;18,8;18,4;18;96;95;96;345;2,7;,5;
2026/01/22;0300 UTC;0;1014,3;1014,9;1014,3;;19,2;18,5;19,3;19;18,6;18,3;96;96;96;305;1,2;,4;
2026/01/22;0400 UTC;0;1013,7;1014,3;1013,7;;19,4;18,7;19,4;19,2;18,8;18,5;96;96;96;49;1;,5;
2026/01/22;0500 UTC;0;1013;1013,7;1013;;19,3;18,7;19,4;19,2;18,8;18,5;96;96;96;211;1,6;,6;
2026/01/22;0600 UTC;0;1012,6;1013;1012,3;;19,2;18,6;19,4;19,2;18,8;18,5;96;96;96;325;1,2;,4;
2026/01/22;0700 UTC;0;1012,3;1012,7;1012,3;;19,3;18,8;19,5;19,2;18,9;18,6;97;96;96;284;1,2;,5;
2026/01/22;0800 UTC;0;1012,7;1012,7;1012,3;;19,4;18,9;19,5;19,3;18,9;18,8;97;96;97;43;1,9;,6;
2026/01/22;0900 UTC;0;1013,6;1013,6;1012,7;49,4;19,6;19;19,6;19,3;19,1;18,8;97;97;97;334;1,3;,5;
2026/01/22;1000 UTC;0;1014;1014,1;1013,5;213;20,3;19,7;20,4;19,5;19,9;19;97;96;96;23;1,9;,9;
2026/01/22;1100 UTC;0;1014,8;1014,8;1014;279,7;20,8;20,1;20,9;20,3;20,2;19,7;97;96;96;270;1,9;,6;
2026/01/22;1200 UTC;,2;1014,6;1014,9;1014,6;283,5;21,1;20,1;21,1;20,7;20,2;19,9;96;94;94;13;1,4;,6;
2026/01/22;1300 UTC;0;1014,9;1014,9;1014,5;436,2;21,6;20,2;21,6;21;20,4;19,9;94;91;92;10;2,4;,7;
2026/01/22;1400 UTC;0;1014,8;1015,1;1014,7;575,8;22,4;20,2;22,4;21,5;20,5;19,9;92;88;88;52;1,9;1;
2026/01/22;1500 UTC;0;1014,7;1015;1014,7;771,6;22,8;19,7;23,3;22,4;20,3;19,4;88;79;83;259;3;,9;
2026/01/22;1600 UTC;0;1014,2;1014,7;1014,2;655,7;22,7;19,7;23,3;22,6;20,1;19,4;84;80;83;42;2,3;1,2;
2026/01/22;1700 UTC;,6;1013,8;1014,2;1013,8;563;22,2;19,9;22,7;22,1;20;19,2;87;83;87;24;2,3;,9;
2026/01/22;1800 UTC;,4;1013,1;1013,8;1013,1;508,4;22,2;20,1;22,6;22,1;20,4;19,8;88;86;88;11;1,9;,8;
2026/01/22;1900 UTC;,8;1013;1013,1;1012,9;287,7;21,8;20,1;22,1;21,8;20,2;19,9;90;88;90;335;1,6;,5;
2026/01/22;2000 UTC;,6;1012,9;1013;1012,9;115,8;21,4;20;21,8;21,3;20,2;19,6;92;90;92;60;1,6;,9;
2026/01/22;2100 UTC;,8;1013,5;1013,5;1012,9;79,3;21,4;20,3;21,5;21,3;20,3;19,9;93;92;93;282;1,8;,5;
2026/01/22;2200 UTC;,6;1014;1014;1013,5;19,6;21,1;20,2;21,4;21,1;20,4;20,2;95;93;95;294;1,2;,4;
2026/01/22;2300 UTC;,2;1014,2;1014,2;1014;;21;20,3;21,1;21;20,3;20,2;95;95;95;356;,9;,2;
2026/01/23;0000 UTC;,4;1014,6;1014,6;1014,2;;20,9;20,2;21,1;20,9;20,3;20,2;96;95;96;328;1,2;,3;
2026/01/23;0100 UTC;,4;1014,5;1014,6;1014,5;;20,9;20,3;20,9;20,9;20,3;20,2;96;96;96;303;,8;,5;
2026/01/23;0200 UTC;,2;1014,3;1014,5;1014,3;;20,7;20,2;20,9;20,7;20,3;20,1;97;96;97;356;1,4;,5;
2026/01/23;0300 UTC;,2;1013,9;1014,3;1013,9;;20,7;20,2;20,7;20,7;20,2;20,1;97;97;97;292;1,2;,3;
2026/01/23;0400 UTC;0;1013,1;1013,9;1013,1;;20,5;20;20,8;20,4;20,2;20;97;97;97;11;1,2;,3;
2026/01/23;0500 UTC;0;1012,5;1013,1;1012,5;;20,4;19,9;20,5;20,4;20;19,9;97;97;97;35;1,4;,7;
2026/01/23;0600 UTC;,2;1012,4;1012,5;1012,3;;20,4;20;20,4;20,3;20;19,9;97;97;97;37;1,6;,3;
2026/01/23;0700 UTC;,2;1012,5;1012,5;1012,3;;20,2;19,8;20,4;20,2;20;19,8;98;97;97;310;1;,4;
2026/01/23;0800 UTC;,2;1012,8;1012,8;1012,4;;20,4;20;20,4;20,2;20;19,8;98;97;97;95;1;,4;
2026/01/23;0900 UTC;1,4;1013,6;1013,6;1012,8;11,4;20,4;20;20,5;20,3;20;19,9;98;97;98;20;1,3;,2;
2026/01/23;1000 UTC;1,8;1013,9;1014;1013,6;83,8;20,7;20,2;20,7;20,4;20,3;20;98;97;98;80;,9;,2;
2026/01/23;1100 UTC;0;1014,4;1014,4;1013,8;200,1;21;20,6;21;20,6;20,6;20,2;98;97;97;68;1,4;,4;
2026/01/23;1200 UTC;,2;1014,9;1014,9;1014,4;379,5;21,7;21,2;21,7;21;21,2;20,5;97;97;97;65;1,5;,6;
2026/01/23;1300 UTC;0;1015;1015;1014,8;469,1;22,1;21,2;22,1;21,5;21,5;21;97;95;95;70;2,9;1,3;
2026/01/23;1400 UTC;0;1014,6;1015;1014,6;953,5;23,2;21,3;23,2;22;21,4;20,7;95;89;89;72;2,9;1,4;
2026/01/23;1500 UTC;0;1014,2;1014,6;1014,2;592,4;23,1;20,5;23,2;22,5;21,3;20,2;89;85;85;104;3,5;1,7;
2026/01/23;1600 UTC;,2;1013,8;1014,2;1013,8;835,1;23,6;20,7;23,7;23,1;21;20,3;86;82;84;81;3,8;1,7;
2026/01/23;1700 UTC;0;1013,4;1013,8;1013,4;730,5;23,6;20,8;23,7;23,3;21;20,4;86;82;84;78;3,8;1,3;
2026/01/23;1800 UTC;0;1013,2;1013,4;1013,2;390,8;23,2;20,8;23,6;23,2;20,9;20,5;86;84;86;62;3,1;,8;
2026/01/23;1900 UTC;2,4;1013,1;1013,3;1013,1;343;22,7;21;23,4;22,6;21,3;20,7;90;86;90;107;2,2;1,3;
2026/01/23;2000 UTC;1;1013,1;1013,1;1012,9;306,4;22,3;21;22,8;22,3;21,2;21;92;90;92;129;2,6;1,4;
2026/01/23;2100 UTC;1,4;1013,3;1013,3;1013;77,4;21,8;20,8;22,4;21,8;21,2;20,6;94;92;94;86;3,2;1,3;
2026/01/23;2200 UTC;1,4;1013,7;1013,7;1013,3;21,1;21,5;20,6;21,8;21,5;20,8;20,6;95;94;95;75;3,4;,9;
2026/01/23;2300 UTC;1;1013,8;1013,8;1013,7;;21,3;20,6;21,5;21,3;20,7;20,5;96;95;95;97;2,1;1;
2026/01/24;0000 UTC;0;1014,2;1014,3;1013,8;;21,2;20,6;21,4;21,2;20,6;20,5;96;95;96;64;2;,8;
2026/01/24;0100 UTC;0;1014,3;1014,4;1014,2;;21,3;20,7;21,3;21,2;20,7;20,6;96;96;96;61;2,1;,8;
2026/01/24;0200 UTC;0;1014,2;1014,4;1014,1;,6;21,4;20,8;21,4;21,3;20,8;20,7;97;96;97;88;1,7;,4;
2026/01/24;0300 UTC;0;1014;1014,3;1013,8;,2;21,6;21;21,6;21,4;21;20,8;97;97;97;334;1,4;,4;
2026/01/24;0400 UTC;0;1013,2;1014;1013,2;;21,5;21;21,6;21,5;21,1;20,9;97;97;97;243;1,1;,4;
2026/01/24;0500 UTC;0;1012,8;1013,2;1012,8;;21,5;21;21,6;21,5;21,1;21;97;97;97;263;2,3;,7;
2026/01/24;0600 UTC;0;1012,4;1012,9;1012,4;;21,6;21,1;21,6;21,5;21,1;21;97;97;97;212;2,3;,5;
2026/01/24;0700 UTC;0;1012,4;1012,4;1012,3;;21,6;21,1;21,6;21,5;21,1;21;97;97;97;261;1,2;,2;
2026/01/24;0800 UTC;0;1012,4;1012,7;1012,3;0;21,6;21,2;21,7;21,6;21,2;21,1;97;97;97;41;1;,4;
2026/01/24;0900 UTC;0;1012,8;1012,8;1012,4;69,8;21,9;21,4;21,9;21,5;21,4;21,1;97;97;97;232;,9;,5;
2026/01/24;1000 UTC;0;1013,5;1013,5;1012,8;400,1;22,9;22,3;22,9;21,9;22,3;21,5;97;97;97;274;1,5;,6;
2026/01/24;1100 UTC;0;1014;1014;1013,5;689,6;23,6;21,7;23,8;22,9;22,6;21,5;97;88;89;247;1,8;,6;
2026/01/24;1200 UTC;0;1014,5;1014,5;1014;950,6;25;21,3;25,1;23,6;22,1;21;89;80;80;278;1,7;,6;
2026/01/24;1300 UTC;0;1014,5;1014,5;1014,3;1000,4;25,3;21,8;25,4;24,4;22;20,7;82;79;81;267;2,5;1,1;
2026/01/24;1400 UTC;0;1014,6;1014,6;1014,2;1090,9;25,4;21,5;26;25,2;22;21,1;81;76;79;266;3,4;1,3;
2026/01/24;1500 UTC;1,6;1014,6;1014,9;1014,6;461,7;23,3;21,5;25,4;23,2;21,7;21,2;90;79;90;242;4,1;1,4;
2026/01/24;1600 UTC;,4;1014,2;1014,6;1014,2;326,2;23,6;22;23,7;23,2;22,1;21,5;91;90;91;281;3,6;,6;
2026/01/24;1700 UTC;,4;1013,8;1014,2;1013,8;1803,6;26,4;22,6;27;23,5;23,7;22;91;80;80;109;2,1;,8;
2026/01/24;1800 UTC;0;1013,3;1013,8;1013,2;1410,7;26,1;22,3;26,8;25,9;23,2;22,1;81;78;80;64;2,7;1,3;
2026/01/24;1900 UTC;0;1012,9;1013,4;1012,9;905,2;26,2;22,5;26,6;26,1;22,6;22,1;80;77;80;51;2,5;1,1;
2026/01/24;2000 UTC;0;1012,8;1013;1012,8;500,4;26;22,3;26,5;26;22,7;22,3;81;78;80;69;2,2;,6;
2026/01/24;2100 UTC;0;1013;1013;1012,7;133,9;25,4;22,9;26;25,3;22,9;22,4;86;80;86;336;1,6;,6;
2026/01/24;2200 UTC;0;1013,3;1013,3;1012,9;31,3;24,3;22,5;25,4;24,3;22,9;22,4;90;86;90;316;1,6;,3;
2026/01/24;2300 UTC;0;1014,3;1014,3;1013,3;;24,5;23,1;24,5;24,2;23,1;22,5;92;90;92;200;1,1;,5;
2026/01/25;0000 UTC;,4;1014,3;1014,4;1014,1;;24,2;23,1;24,5;24,2;23,1;23;94;92;94;137;2;,6;
2026/01/25;0100 UTC;0;1015,1;1015,1;1014,3;;24;23,2;24,2;24;23,2;23;95;94;95;213;1,4;,2;
2026/01/25;0200 UTC;,2;1014,8;1015,3;1014,8;;23,9;23,1;24,1;23,9;23,3;23,1;95;95;95;233;1,4;,7;
2026/01/25;0300 UTC;0;1014,9;1015;1014,7;;23,8;23,1;23,9;23,8;23,1;23;96;95;96;281;1,4;,5;
2026/01/25;0400 UTC;0;1014,5;1014,9;1014,5;;23,8;23,1;23,8;23,7;23,2;23;96;96;96;43;1,4;,7;
2026/01/25;0500 UTC;0;1013,9;1014,5;1013,9;;23,6;23;23,8;23,6;23,2;23;97;96;97;244;1,7;1;
2026/01/25;0600 UTC;0;1013,5;1013,9;1013,5;;23,3;22,8;23,6;23,3;23;22,7;97;97;97;356;1,9;,4;
2026/01/25;0700 UTC;0;1013,9;1013,9;1013,5;;23,2;22,7;23,3;23,1;22,8;22,6;97;97;97;110;1,4;,8;
2026/01/25;0800 UTC;0;1014,4;1014,4;1013,9;,2;23,2;22,8;23,3;23,2;22,8;22,7;97;97;97;194;1,5;,8;
2026/01/25;0900 UTC;0;1015;1015;1014,4;26,2;23,1;22,7;23,4;23;23;22,5;97;97;97;335;2,3;,6;
2026/01/25;1000 UTC;0;1015,4;1015,4;1015;117,6;23,7;23,2;23,7;23,2;23,3;22,7;97;97;97;79;1,3;,7;
2026/01/25;1100 UTC;0;1015,4;1015,5;1015,2;324,5;24,2;23,4;24,2;23,7;23,6;23,3;97;95;95;159;2;,8;
2026/01/25;1200 UTC;0;1015,7;1015,8;1015,4;573,5;25,3;23,5;25,3;24,1;24;23,3;95;89;89;98;1,6;,8;
2026/01/25;1300 UTC;0;1015,7;1015,9;1015,7;1550;27,2;23,1;27,2;25,3;23,8;23;89;79;79;84;3;1,2;
2026/01/25;1400 UTC;,2;1015,5;1015,7;1015,5;2147,9;28,7;23;28,8;27,1;23,6;22,2;79;70;71;269;3;,9;
2026/01/25;1500 UTC;0;1014,8;1015,5;1014,8;2769,6;30,3;23;30,5;28,6;24,2;22,2;73;64;65;81;3,1;,8;
2026/01/25;1600 UTC;0;1014,1;1014,8;1014,1;3564,3;30,8;23,1;31,7;30;24,2;22,3;67;61;63;161;4,3;1,3;
2026/01/25;1700 UTC;0;1013,5;1014,1;1013,5;1489,7;30,4;24;31,1;29,5;24,9;22,4;72;62;69;175;5,4;2,3;
2026/01/25;1800 UTC;,6;1013,8;1014;1013,2;353,8;24,9;22,1;30,4;24,9;24,1;22,1;86;68;85;186;6,3;2,1;
2026/01/25;1900 UTC;6,2;1015;1015;1013,7;24,9;23,7;22,2;24,9;23,7;22,3;21,6;92;85;92;277;4,5;1,5;
2026/01/25;2000 UTC;4;1014,7;1015;1014,3;28,5;23,5;22,4;23,9;23,4;22,7;22;94;92;94;62;4,3;1,5;
2026/01/25;2100 UTC;0;1015,3;1015,4;1014,6;25,8;22,8;21,8;23,5;22,7;22,4;21,7;94;94;94;273;3,9;,7;
2026/01/25;2200 UTC;0;1015,4;1015,4;1015,3;12;22,9;22;23,1;22,8;22,2;21,8;95;94;95;295;2,6;,8;
2026/01/25;2300 UTC;0;1015,8;1015,8;1015,4;;22,4;21,7;22,9;22,3;22;21,6;96;95;96;321;1,6;,6;
2026/01/26;0000 UTC;0;1016,2;1016,3;1015,9;;22,2;21,6;22,4;22,2;21,6;21,5;96;96;96;355;1,4;,3;
2026/01/26;0100 UTC;0;1016,5;1016,7;1016,2;;21,9;21,3;22,2;21,9;21,6;21,3;97;96;97;37;1,3;,7;
2026/01/26;0200 UTC;0;1016,3;1016,6;1016,2;;21,6;21,1;21,9;21,6;21,3;21,1;97;97;97;65;1,5;,7;
2026/01/26;0300 UTC;0;1016,1;1016,3;1015,9;;21,7;21,2;21,8;21,6;21,3;21,1;97;97;97;323;1,4;,3;
2026/01/26;0400 UTC;0;1015;1016,1;1015;;21,4;21;21,8;21,4;21,3;21;97;97;97;357;,9;,5;
2026/01/26;0500 UTC;0;1014,3;1015;1014,3;;21,3;20,9;21,5;21,2;21,1;20,8;98;97;97;340;2;,4;
2026/01/26;0600 UTC;0;1013,8;1014,4;1013,8;;21,3;20,9;21,3;21,1;20,9;20,7;98;97;98;304;1,2;,3;
2026/01/26;0700 UTC;,2;1013,6;1013,9;1013,5;;21,3;20,9;21,4;21,3;21;20,9;98;98;98;33;1,2;,7;
2026/01/26;0800 UTC;0;1014,2;1014,2;1013,6;;21;20,6;21,3;21;20,9;20,6;98;97;98;350;1,3;,3;
2026/01/26;0900 UTC;0;1015;1015;1014,2;36,7;21,4;21;21,4;20,9;21,1;20,5;98;98;98;4;2,4;,6;
2026/01/26;1000 UTC;0;1015,3;1015,4;1015;581,7;23;22,6;23;21,4;22,6;21;98;98;98;11;2,2;,8;
2026/01/26;1100 UTC;0;1015,9;1015,9;1015,3;1537,4;26,1;23,6;26,1;23;24,9;22,7;98;85;86;20;2,4;,5;
2026/01/26;1200 UTC;0;1016,2;1016,2;1015,9;1843,6;27,1;22,1;27,7;26;24;22,1;86;74;74;350;2,3;,8;
2026/01/26;1300 UTC;0;1016,3;1016,4;1016,2;2411,1;29,3;22,6;29,7;26,6;23,6;21,8;78;67;67;208;3,5;1;
2026/01/26;1400 UTC;0;1015,8;1016,4;1015,8;3350,8;31,4;24,1;31,4;28,8;24,1;22,1;70;63;66;161;3,4;,8;
2026/01/26;1500 UTC;0;1015,2;1015,9;1015,2;3737,7;32,2;22,9;32,2;30,9;23,6;21,2;65;53;58;92;5,8;2,8;
2026/01/26;1600 UTC;0;1014,8;1015,2;1014,8;3636,7;32,2;21,8;32,6;31,7;23,4;21,5;60;54;54;93;6,3;2,7;
2026/01/26;1700 UTC;0;1014,3;1014,8;1014,2;2081;30,5;21,6;32,5;30,5;23,2;21;59;54;59;86;6,2;2,6;
2026/01/26;1800 UTC;0;1013,9;1014,4;1013,9;323,9;27,9;21,7;30,5;27,9;22,1;21,1;69;59;69;84;5,8;1,9;
2026/01/26;1900 UTC;0;1014,3;1014,6;1013,9;254,5;27,8;21,2;27,9;26,9;22,8;21,1;78;67;68;103;4,5;2;
2026/01/26;2000 UTC;0;1014,4;1014,5;1014,3;595,5;27,3;21,1;27,9;27,3;21,2;20,6;69;66;69;102;5,9;2,1;
2026/01/26;2100 UTC;0;1014,5;1014,5;1014,2;318,2;26,2;21;27,3;26,2;21,5;20,9;73;69;73;93;4,5;2;
2026/01/26;2200 UTC;0;1015;1015;1014,5;40;25,2;20,8;26,2;25;21;20,8;78;73;77;94;4,5;1,8;
2026/01/26;2300 UTC;0;1015,5;1015,5;1015;;24,5;20,8;25,4;24,5;20,9;20,5;80;75;80;67;4,5;1,3;
2026/01/27;0000 UTC;0;1016;1016;1015,5;;23,5;21,4;24,6;23,4;21,5;20,8;88;80;88;243;2,2;,9;
2026/01/27;0100 UTC;0;1016,2;1016,3;1016;;23,1;21,5;23,6;23,1;21,6;21,3;91;88;91;236;1,7;,7;
2026/01/27;0200 UTC;0;1015,6;1016,2;1015,6;;22,7;21,4;23,1;22,6;21,5;21,3;93;91;93;21;1,4;,6;
2026/01/27;0300 UTC;0;1014,9;1015,6;1014,9;;22,1;21,1;22,7;22,1;21,4;21;94;93;94;215;1,4;,7;
2026/01/27;0400 UTC;0;1014,4;1014,9;1014,4;;21,7;20,8;22,1;21,6;21,1;20,8;95;94;95;244;1,4;,5;
2026/01/27;0500 UTC;0;1014,2;1014,4;1014,2;;21,6;20,9;21,8;21,6;21;20,8;96;95;96;240;2;,4;
2026/01/27;0600 UTC;0;1014;1014,2;1013,9;;21;20,4;21,6;21;20,9;20,4;96;96;96;205;1,3;,4;
2026/01/27;0700 UTC;0;1014,2;1014,2;1013,9;;20,8;20,3;21,1;20,7;20,4;20,1;97;96;97;290;1;,2;
2026/01/27;0800 UTC;0;1014,6;1014,6;1014,2;;20,3;19,9;20,8;20,3;20,3;19,9;97;97;97;307;1;,4;
2026/01/27;0900 UTC;0;1015,3;1015,3;1014,6;35,4;20,7;20,3;20,8;20,3;20,3;19,8;97;97;97;279;1,7;,5;
2026/01/27;1000 UTC;0;1016;1016;1015,3;631,5;23;22,6;23;20,7;22,6;20,3;98;97;97;248;2,1;1;
2026/01/27;1100 UTC;0;1016;1016;1015,9;1522,8;26,4;21,7;26,6;23;23,6;20,8;97;73;76;243;2,6;,6;
2026/01/27;1200 UTC;0;1015,9;1016;1015,8;2334,2;28,8;20,8;29,1;26,4;22,1;20,2;76;60;62;44;5,7;2,6;
2026/01/27;1300 UTC;0;1015,5;1016;1015,5;2945,7;30,5;20,4;30,5;28,8;21,3;19,6;63;53;55;76;6,2;2,8;
2026/01/27;1400 UTC;0;1014,9;1015,5;1014,9;2846;30;20,5;30,7;29,8;21,4;19,2;59;52;57;75;7,1;3,1;
2026/01/27;1500 UTC;0;1014,5;1014,9;1014,5;3192,4;31,9;20,4;32,1;29,9;21,3;20;59;49;51;91;6,6;3,5;
2026/01/27;1600 UTC;0;1014,1;1014,5;1014,1;3779,7;31,8;21,6;32,7;31,4;21,6;19,6;55;48;55;103;8,3;4,2;
2026/01/27;1700 UTC;0;1013,5;1014,1;1013,5;3452,2;31,9;20,9;32,2;31,2;22,2;20,6;57;52;52;92;8,5;3,8;
2026/01/27;1800 UTC;0;1013,2;1013,5;1013,1;2942,6;30,4;20,3;32,2;30,4;22,1;20,1;56;51;55;98;8,3;4,4;
2026/01/27;1900 UTC;0;1013,3;1013,3;1013;689,5;27,7;20,5;30,4;27,7;21;20,4;65;55;65;82;9;3;
2026/01/27;2000 UTC;0;1013,7;1013,7;1013,1;134,1;26,3;20,8;27,7;26,3;20,8;20,5;72;65;72;82;8,3;2,4;
2026/01/27;2100 UTC;0;1014,3;1014,3;1013,3;29;25,7;21,1;26,3;25,6;21,1;20,8;76;72;76;71;6,9;,9;
2026/01/27;2200 UTC;0;1014,4;1014,4;1014,2;2,9;25;21,1;25,7;25;21,2;21;79;76;79;54;4;1,1;
2026/01/27;2300 UTC;0;1014,4;1014,4;1014,1;;24,7;20,9;25,1;24,7;21;20,9;79;78;79;56;5,8;2,1;
2026/01/28;0000 UTC;0;1015;1015;1014,4;;24,3;20,9;24,8;24,3;21;20,8;81;79;81;82;4,4;1,7;
2026/01/28;0100 UTC;0;1014,9;1015,1;1014,9;;23,4;20,6;24,3;23,4;21;20,6;84;81;84;11;3,4;,8;
2026/01/28;0200 UTC;0;1014,5;1015;1014,5;;22;20,4;23,4;21,9;20,8;20,2;91;84;91;149;2,1;,7;
2026/01/28;0300 UTC;0;1014;1014,5;1014;;21,3;20;22,1;21,3;20,5;20;92;91;92;256;1,7;,3;
2026/01/28;0400 UTC;0;1013,6;1014;1013,6;;20,9;19,8;21,3;20,9;20,1;19,8;94;92;94;283;1,6;,4;
2026/01/28;0500 UTC;0;1013,3;1013,7;1013,3;;20,7;19,8;20,9;20,5;19,9;19,6;95;94;95;220;1,4;,7;
2026/01/28;0600 UTC;0;1013,2;1013,3;1013,1;;20,5;19,7;20,7;20,3;19,8;19,5;96;95;96;328;1,8;,4;
2026/01/28;0700 UTC;0;1013,3;1013,3;1013,1;;19,8;19,1;20,5;19,6;19,7;18,9;96;95;96;259;1;,5;
2026/01/28;0800 UTC;0;1013,8;1013,8;1013,3;;19,6;19,1;19,8;19,5;19,1;18,8;96;96;96;247;2;,7;
2026/01/28;0900 UTC;0;1014,4;1014,4;1013,8;41,9;19,5;19;19,7;19,2;19,1;18,7;97;96;97;284;1,4;,5;
2026/01/28;1000 UTC;0;1014,9;1014,9;1014,4;464,1;21,4;20,9;21,7;19,6;21,2;19,1;97;97;97;319;1,1;,4;
2026/01/28;1100 UTC;0;1015,1;1015,1;1014,9;1232;25,1;21,8;25,1;21,4;22,8;21,1;97;82;82;259;1,8;,6;
2026/01/28;1200 UTC;0;1015,1;1015,2;1015;1999,3;27,5;21,2;28,3;25,1;22,3;20,4;82;64;68;264;1,9;,7;
2026/01/28;1300 UTC;0;1015,2;1015,2;1015;1904,2;28,7;21,2;28,8;27;21,9;20,3;70;64;64;112;3;1,1;
2026/01/28;1400 UTC;0;1014,7;1015,2;1014,7;3289,3;30,7;20,5;31,3;28,5;22,3;20,5;67;53;54;131;4;1,4;
2026/01/28;1500 UTC;0;1014,2;1014,7;1014,2;3480,7;31,8;19,7;32,2;30,7;21,5;19,2;56;47;49;91;3,6;1,7;
2026/01/28;1600 UTC;0;1013,5;1014,2;1013,5;3593,7;33,3;20,7;33,6;31,8;21,9;19,7;52;46;48;108;4,7;2,2;
2026/01/28;1700 UTC;0;1012,4;1013,5;1012,4;3294,1;33,7;21,4;34;32,3;21,9;19,8;50;44;49;77;5,7;3;
2026/01/28;1800 UTC;0;1012,4;1012,6;1012,4;2020,5;30,7;20,9;33,7;30,7;22,2;20,6;57;48;56;76;8;4,2;
2026/01/28;1900 UTC;0;1012,1;1012,4;1012;2017,8;29,8;20,7;31,9;29,8;22,3;20,5;60;55;58;97;7,3;3;
2026/01/28;2000 UTC;0;1011,7;1012,1;1011,7;1546;29,8;20,9;30,6;29,6;21,6;20,5;61;56;59;105;6,4;3,5;
2026/01/28;2100 UTC;0;1012,2;1012,2;1011,6;339;28,5;20,9;29,9;28,5;21,6;20,8;64;59;63;95;6,4;2,2;
2026/01/28;2200 UTC;0;1012,5;1012,5;1012,2;40,8;26,3;20,6;28,5;26,3;20,9;20,3;71;63;71;70;4,6;2,2;
2026/01/28;2300 UTC;0;1013,3;1013,3;1012,5;;25,9;20,4;26,3;25,8;20,8;20,4;74;71;72;78;4,1;1,1;
2026/01/29;0000 UTC;0;1013,7;1013,7;1013,3;;25,4;19,6;26;25,2;20,5;19,6;74;70;70;63;4,8;1,7;
2026/01/29;0100 UTC;0;1014,2;1014,3;1013,7;;24,7;19,4;25,4;24,6;19,6;19,4;73;70;73;74;4,8;1,4;
2026/01/29;0200 UTC;0;1014;1014,3;1013,9;;22,7;20,5;24,7;22,6;20,5;19,4;87;73;87;278;2,6;,8;
2026/01/29;0300 UTC;0;1013,6;1014,1;1013,6;;22;20,4;22,7;22;20,6;20,4;90;87;90;66;2;,3;
2026/01/29;0400 UTC;0;1013;1013,6;1013;;21,7;20,3;22,1;21,7;20,5;20,2;92;90;92;263;2;,9;
2026/01/29;0500 UTC;0;1012,6;1013;1012,6;;21,3;20,1;21,8;21,3;20,5;20,1;93;92;93;264;2;,2;
2026/01/29;0600 UTC;0;1012,4;1012,7;1012,4;;21,1;20,2;21,4;21;20,3;20;94;93;94;216;1,9;,5;
2026/01/29;0700 UTC;0;1011,9;1012,4;1011,9;;20,8;20;21,1;20,7;20,2;19,9;95;94;95;27;1,5;,7;
2026/01/29;0800 UTC;0;1012,2;1012,2;1011,8;;20,7;20;20,8;20,6;20,1;19,8;96;95;96;195;1,4;,4;
2026/01/29;0900 UTC;0;1012,6;1012,6;1012,2;46,9;21;20,3;21;20,5;20,3;19,8;96;96;96;245;1,7;1;
2026/01/29;1000 UTC;0;1012,8;1012,9;1012,6;569,5;23,4;21,8;23,8;21;22,7;20,3;96;91;91;237;2,6;1;
2026/01/29;1100 UTC;0;1012,9;1012,9;1012,8;1366,1;26,8;21,2;26,8;23,4;22,5;20,2;91;71;71;79;1,7;,6;
2026/01/29;1200 UTC;0;1012,9;1013;1012,9;2197,3;28,2;21,2;28,6;26,3;22,4;20,6;71;64;66;103;2,6;1,3;
2026/01/29;1300 UTC;0;1012,7;1012,9;1012,7;2839,4;30,7;21,8;30,7;28,2;22,5;21,2;67;58;59;73;3,1;1,5;
2026/01/29;1400 UTC;0;1012,2;1012,7;1012,2;2866,3;31,8;20,6;31,8;30,7;22,4;19,1;60;48;51;149;3,5;1,1;
2026/01/29;1500 UTC;0;1011,4;1012,2;1011,4;3191,5;33,5;20,6;33,7;31,7;21,9;20,1;54;46;47;107;5,1;1,6;
2026/01/29;1600 UTC;0;1010,7;1011,4;1010,7;3227,8;33,3;20,9;34,7;33,3;22,6;20,1;52;44;48;102;4,4;1,4;
2026/01/29;1700 UTC;0;1009,5;1010,7;1009,5;2956,4;34,4;19,8;35,2;33,3;22,3;18,8;50;40;42;100;3,6;1,8;
2026/01/29;1800 UTC;0;1008,7;1009,5;1008,7;990,8;29,1;20,6;34,3;29,1;21,9;20;60;43;60;18;7;3;
2026/01/29;1900 UTC;34;1011;1011,7;1008,4;43,3;21,9;20,5;29,1;20,8;22,4;18,7;92;60;91;251;12,2;3,2;
2026/01/29;2000 UTC;4;1010,7;1011,4;1010,5;23,1;21,5;20,2;21,9;21,1;20,4;19,8;92;91;92;193;7,3;,7;
2026/01/29;2100 UTC;1,2;1011,4;1011,7;1010,7;14,9;22,2;21;22,2;21,3;21;20;93;92;93;302;2,7;,9;
2026/01/29;2200 UTC;1,8;1010,9;1011,6;1010,9;2,3;22,1;20,8;22,5;22;21,2;20,6;93;92;92;25;2,7;,8;
2026/01/29;2300 UTC;,6;1010,5;1010,9;1010,5;;22,3;20,4;22,3;22;20,8;20,4;92;89;89;77;4,2;1,6;
2026/01/30;0000 UTC;0;1010,6;1010,6;1010,3;;21,8;20,5;22,3;21,6;20,5;20,2;92;89;92;87;3,5;1,3;
2026/01/30;0100 UTC;0;1011,1;1011,1;1010,6;;21,7;20,5;21,9;21,6;20,6;20,5;93;92;93;255;2,5;,8;
2026/01/30;0200 UTC;0;1010,4;1011,1;1010,4;;21,4;20,5;21,7;21,4;20,6;20,4;94;93;94;266;2,5;,6;
2026/01/30;0300 UTC;0;1010,1;1010,4;1010;;21,3;20,4;21,5;21,3;20,6;20,4;95;94;95;296;2,1;,6;
2026/01/30;0400 UTC;0;1009,3;1010,1;1009,3;;20,9;20,2;21,3;20,9;20,4;20,1;96;95;96;30;1,1;,5;
2026/01/30;0500 UTC;0;1008,5;1009,3;1008,5;;20,5;19,9;21;20,5;20,2;19,8;96;96;96;10;2,4;,3;
2026/01/30;0600 UTC;0;1008,5;1008,8;1008,5;;20,3;19,7;20,6;20,3;19,9;19,7;96;96;96;292;1,4;,6;
2026/01/30;0700 UTC;0;1008,5;1008,5;1008,2;;20,1;19,6;20,3;20;19,7;19,5;97;96;97;250;1,5;,8;
2026/01/30;0800 UTC;0;1008,3;1008,5;1008,2;;19,7;19,2;20,1;19,7;19,5;19,2;97;97;97;306;1,5;,4;
2026/01/30;0900 UTC;0;1008,7;1008,8;1008,2;47;20;19,6;20;19,7;19,6;19,2;97;97;97;275;1,5;,7;
2026/01/30;1000 UTC;0;1009,2;1009,2;1008,7;620,2;22,1;21,5;22,1;20;21,6;19,6;97;96;96;249;2,5;,3;
2026/01/30;1100 UTC;0;1009,6;1009,7;1009,2;847,5;23,8;21,5;23,8;22;22,3;21,4;96;87;87;67;2,1;,6;
2026/01/30;1200 UTC;0;1009,6;1009,7;1009,5;1118,8;25,2;21,6;25,2;23,8;22,2;20,8;87;78;81;27;1,9;,8;
2026/01/30;1300 UTC;0;1009,7;1009,7;1009,4;656,3;24,6;21,5;25,7;24,6;21,9;20,4;83;73;83;286;1,9;,6;
2026/01/30;1400 UTC;,2;1009,7;1009,8;1009,6;723,7;26;22,2;26,1;24,5;22,8;21,5;86;79;80;281;2;,5;
2026/01/30;1500 UTC;0;1009,2;1009,7;1009,1;994,5;27;22,9;27;26;23;22,2;82;77;78;192;2,1;,9;
2026/01/30;1600 UTC;4,4;1009;1010,1;1009;403,6;25,1;23,3;27;24,7;23,6;22,5;91;78;90;33;4,1;1,1;
2026/01/30;1700 UTC;,2;1007,8;1009;1007,8;1799,3;27,4;23,6;27,7;25,1;24,5;22,7;90;76;80;194;2,2;,5;
2026/01/30;1800 UTC;,2;1006,9;1007,8;1006,9;822,9;25,9;23,4;27,4;25,9;23,6;22,8;86;78;86;20;3,2;1,7;
2026/01/30;1900 UTC;0;1006,5;1006,9;1006,5;343,5;26;23,7;26;25,5;23,8;23,2;88;86;87;35;3,2;,8;
2026/01/30;2000 UTC;0;1006,4;1006,7;1006,4;705,2;26,6;23,4;27,1;25,9;24;23,4;87;82;83;51;3,9;1,9;
2026/01/30;2100 UTC;0;1006,2;1006,4;1006,1;332,6;26,1;23,6;26,8;26;23,9;23,3;86;83;86;39;4,1;,3;
2026/01/30;2200 UTC;0;1006,5;1006,5;1006,2;26,5;25,1;23,3;26,1;25,1;23,6;23,3;90;86;90;176;1,6;,5;
2026/01/30;2300 UTC;0;1006,9;1006,9;1006,4;;24,4;23,2;25,1;24,3;23,3;23;93;90;93;252;2;,8;
2026/01/31;0000 UTC;0;1007,5;1007,5;1006,9;;24,3;23,4;24,4;24,3;23,5;23,2;95;93;95;277;2,1;,9;
2026/01/31;0100 UTC;,8;1008,3;1008,3;1007,5;;23,9;23,1;24,3;23,9;23,7;23,1;96;95;95;1;2,4;1;
2026/01/31;0200 UTC;4,6;1008,3;1008,6;1008,3;;23,4;22,7;23,9;23,4;23,2;22,7;96;95;96;15;2,4;,9;
2026/01/31;0300 UTC;5;1006,9;1008,3;1006,8;;23,1;22,5;23,4;23;22,7;22,5;97;96;97;72;2,8;1,3;
2026/01/31;0400 UTC;0;1005,7;1006,9;1005,7;;23;22,5;23,1;23;22,7;22,5;97;97;97;265;2,8;,3;
2026/01/31;0500 UTC;0;1005;1005,7;1005;;22,8;22,3;23,1;22,8;22,6;22,3;97;97;97;250;1,5;,5;
2026/01/31;0600 UTC;0;1004,3;1005;1004,3;;22,3;21,9;22,8;22,3;22,3;21,9;98;97;98;277;1,2;,6;
2026/01/31;0700 UTC;0;1004,2;1004,4;1004,1;;22,2;21,8;22,3;22,2;22;21,8;98;97;98;232;2;,5;
2026/01/31;0800 UTC;0;1004,6;1004,6;1004,1;;21,8;21,5;22,2;21,8;21,8;21,4;98;98;98;327;1,4;,5;
2026/01/31;0900 UTC;0;1005,3;1005,3;1004,6;56,2;22,1;21,8;22,1;21,6;21,8;21,3;98;98;98;320;1,2;,6;
2026/01/31;1000 UTC;,2;1005,7;1005,7;1005,2;340,5;22,9;22,6;22,9;22;22,6;21,7;98;98;98;1;1,3;,5;
2026/01/31;1100 UTC;0;1006;1006,1;1005,7;1281,4;26,8;23,9;26,8;22,8;25,3;22,5;98;84;84;113;2,1;,5;
2026/01/31;1200 UTC;0;1006,3;1006,4;1006;1967,3;28,7;23,1;28,7;26,8;24,1;22,4;84;72;72;170;2,4;,7;
2026/01/31;1300 UTC;0;1006,3;1006,4;1006,2;2753,1;30,4;22,7;30,5;28,4;24,5;22,2;76;62;64;244;4;1,4;
2026/01/31;1400 UTC;0;1006;1006,3;1006;3412,7;31,9;22,3;32,1;29,9;24;22;65;57;57;183;5,1;2,2;
2026/01/31;1500 UTC;0;1005,9;1006;1005,9;2990,8;30,6;23,9;32,8;30,6;25,1;21,9;68;52;67;131;6,3;3,7;
2026/01/31;1600 UTC;0;1005,6;1005,9;1005,6;1338,9;30;23,8;31,2;29,9;24,7;23,3;71;67;70;85;6,3;2,3;
2026/01/31;1700 UTC;0;1005,5;1005,6;1005,2;1521,7;29,2;23,2;31,7;28,8;25;22,9;72;64;70;155;8;3,1;
2026/01/31;1800 UTC;,2;1005,8;1005,8;1004,9;562,6;27;21,2;29,5;27;23,3;21,2;75;68;70;160;7,6;3,5;
2026/01/31;1900 UTC;19,4;1006,4;1007,3;1005,8;1061,8;25,9;23,5;27;23,4;23,5;20,9;91;70;86;45;7,6;2;
2026/01/31;2000 UTC;0;1006,5;1006,6;1006,3;865,7;25,3;22,4;26,6;25,3;23,3;22,3;86;80;84;20;4,5;1,8;
2026/01/31;2100 UTC;0;1006,3;1006,7;1006,1;287,3;25;22,6;25,7;25;23,1;22,4;86;84;86;30;4,1;,9;
2026/01/31;2200 UTC;0;1007,1;1007,2;1006,3;41;24;22,6;25;24;22,6;22,4;92;87;92;309;1,8;,5;
2026/01/31;2300 UTC;0;1007,8;1007,8;1007;;23,4;22,5;24;23,4;22,7;22,4;94;92;94;257;2,4;,8;
2026/02/01;0000 UTC;0;1007,9;1008,1;1007,6;;23,1;22,4;23,4;23;22,5;22,2;96;94;96;56;1,8;,8;
2026/02/01;0100 UTC;0;1008,2;1008,3;1007,9;;22,9;22,3;23,1;22,8;22,5;22,2;97;96;97;323;1,7;,6;
2026/02/01;0200 UTC;0;1008;1008,3;1008;;22,3;21,9;22,9;22,3;22,4;21,9;97;97;97;192;1,3;,2;
2026/02/01;0300 UTC;0;1007,2;1008;1007,2;;22,2;21,8;22,4;22,2;22;21,7;98;97;98;161;1,1;,3;
2026/02/01;0400 UTC;0;1007;1007,3;1007;;21,9;21,6;22,3;21,9;21,9;21,6;98;98;98;251;1,3;,4;
2026/02/01;0500 UTC;0;1006;1007;1006;;21,6;21,4;22;21,6;21,7;21,4;98;98;98;294;1,1;,5;
2026/02/01;0600 UTC;0;1005,4;1006;1005,3;;21,5;21,3;21,7;21,4;21,4;21,2;99;98;99;339;1,1;,5;
2026/02/01;0700 UTC;0;1005,3;1005,4;1005,2;;21,4;21,2;21,6;21,4;21,4;21,2;99;98;99;262;1,1;,4;
2026/02/01;0800 UTC;0;1005,2;1005,3;1005;;21,1;21;21,4;21;21,2;21;100;99;99;295;1,3;,5;
2026/02/01;0900 UTC;0;1005,4;1005,4;1005,1;28,6;20,8;20,8;21,1;20,8;21;20,7;100;99;100;320;1,3;,4;
2026/02/01;1000 UTC;0;1005,6;1005,7;1005,3;419,2;22,3;22,3;22,4;20,8;22,3;20,8;100;99;100;50;1,3;,3;
2026/02/01;1100 UTC;0;1005,9;1006;1005,5;1421,4;26,5;25,4;26,5;22,3;25,6;22,3;100;94;94;147;1,8;,6;
2026/02/01;1200 UTC;0;1006;1006;1005,8;2209,3;29,5;24,1;29,5;26,5;25,3;23,4;93;71;73;50;1,9;,6;
2026/02/01;1300 UTC;,2;1006;1006,1;1005,9;2870;32,3;24,4;32,3;29,3;25,1;23,6;74;61;63;94;2,5;,7;
2026/02/01;1400 UTC;0;1005,3;1006;1005,3;3334,8;34,3;22,1;34,3;32,3;25,1;22,1;63;48;49;232;2,8;1,2;
2026/02/01;1500 UTC;0;1004,9;1005,3;1004,9;3506;35,3;20,6;35,3;34,3;23,3;20,3;52;41;42;253;3,1;,8;
2026/02/01;1600 UTC;0;1003,9;1004,9;1003,9;3014,1;36,4;22,1;36,4;35,3;24;20,4;49;39;44;223;3,1;1,4;
2026/02/01;1700 UTC;0;1003;1003,9;1002,9;2971,3;37,1;22,5;37,2;36;23,9;20,3;47;39;43;11;3,7;,8;
2026/02/01;1800 UTC;0;1002;1003;1002;3079,5;37,5;21;37,6;36,6;23,3;19,3;45;35;38;353;3,6;1;
2026/02/01;1900 UTC;0;1002;1002,2;1002;2485,1;35,7;22,4;37,8;35;23,6;19,1;50;34;46;153;6,7;3,4;
2026/02/01;2000 UTC;0;1004,6;1004,6;1001,7;390,9;25,8;21,1;35,7;25,8;23,2;20,9;75;46;75;13;13,8;6,1;
2026/02/01;2100 UTC;5;1005,9;1006;1004;190,2;23,5;21,4;25,8;23,4;21,8;20,2;88;75;88;360;13,8;2,2;
2026/02/01;2200 UTC;5,6;1006,6;1006,6;1005,6;7,2;23,3;22;23,6;23,1;22;21,3;92;88;92;216;6,9;1;
2026/02/01;2300 UTC;0;1005,5;1006,6;1005,5;;23,2;22,3;23,3;23,1;22,3;21,9;94;92;94;263;3,3;,6;
2026/02/02;0000 UTC;0;1006,5;1006,5;1005,4;;23,7;22,8;23,7;23,2;22,8;22,3;95;94;95;54;4,3;1,6;
2026/02/02;0100 UTC;10,8;1009,8;1010;1006,5;;23;22,2;24;23;23,1;22,1;95;94;95;240;6,8;3,1;
2026/02/02;0200 UTC;7,4;1009,4;1010;1009,3;;22,5;21,9;23;22,5;22,2;21,9;97;95;96;263;6,8;1;
2026/02/02;0300 UTC;,2;1007,3;1009,5;1007,3;;22,4;22;22,7;22,4;22,1;21,9;97;96;97;3;4;1,2;
2026/02/02;0400 UTC;0;1006;1007,3;1006;;22,6;22;22,7;22,4;22,2;21,9;97;96;96;6;3,5;1,3;
2026/02/02;0500 UTC;0;1005,5;1006,1;1005,3;;22,8;22;23,1;22,6;22,4;22;97;95;95;221;3,9;,8;
2026/02/02;0600 UTC;0;1005,6;1005,8;1005,4;;22,5;22;22,8;22,5;22,1;21,9;97;95;97;257;1,9;,6;
2026/02/02;0700 UTC;0;1005,5;1005,8;1005,5;;22,5;22,1;22,6;22,5;22,2;22;98;97;98;47;1,7;,7;
2026/02/02;0800 UTC;0;1005,6;1005,8;1005,5;;22,3;22;22,5;22,3;22,1;22;98;98;98;268;1,6;,8;
2026/02/02;0900 UTC;0;1006;1006,1;1005,6;30,5;22,7;22,4;22,7;22,2;22,4;21,9;99;98;99;321;3,6;,7;
2026/02/02;1000 UTC;0;1006,2;1006,3;1006;252,7;23,5;23,2;23,7;22,7;23,3;22,5;99;98;98;259;2,2;,5;
2026/02/02;1100 UTC;0;1006,3;1006,3;1006,1;650;24,8;23,4;25,1;23,5;24,1;23,1;98;91;92;249;3,2;1,6;
2026/02/02;1200 UTC;0;1006,5;1006,5;1006,1;1058,4;26,8;23,2;27;24,9;24;23,2;92;80;81;250;3,8;2;
2026/02/02;1300 UTC;0;1006,6;1006,6;1006,5;1852;30,3;24;30,3;26,8;24,8;23,3;82;68;69;327;3,8;,8;
2026/02/02;1400 UTC;0;1006,5;1006,6;1006,3;1817,4;31,5;23,7;31,7;30,3;25,3;23,1;71;63;64;244;2,6;1,2;
2026/02/02;1500 UTC;,2;1006,4;1006,5;1006,4;2234,9;33,2;23,1;33,3;31,5;25,6;23,1;68;55;56;171;2,7;1,1;
2026/02/02;1600 UTC;0;1006,2;1006,5;1006,2;2112;33,2;24,2;33,2;31,9;24,7;23,4;63;56;59;220;5,9;3;
2026/02/02;1700 UTC;0;1006;1006,2;1005,9;2628,2;32,4;25,3;33,4;31,3;25,3;23,2;67;56;66;159;5,9;1,7;
2026/02/02;1800 UTC;0;1006;1006,2;1006;1275,7;29,4;22;32,4;29,4;25;20,5;66;58;65;187;8,1;2,4;
2026/02/02;1900 UTC;0;1006,3;1006,3;1005,9;785,8;28,3;22,5;29,4;28,1;22,7;21,6;72;64;71;205;6,7;2,8;
2026/02/02;2000 UTC;0;1006,6;1006,6;1006,2;965,7;27,9;22,5;28,6;27,9;23,1;22,2;73;69;73;164;6,3;2,4;
2026/02/02;2100 UTC;0;1007,6;1007,6;1006,6;354,2;27,3;23;28;27,3;23,4;22,4;78;72;77;138;4,6;1,9;
2026/02/02;2200 UTC;0;1007,9;1007,9;1007,6;36,5;26,2;22,9;27,3;26,2;23,1;22,8;82;77;82;108;3;,4;
2026/02/02;2300 UTC;0;1008,5;1008,6;1007,9;;25,6;23,4;26,2;25,5;23,5;22,8;88;82;88;290;1;,4;
2026/02/03;0000 UTC;0;1009,1;1009,1;1008,5;;25,2;23,6;25,6;25,2;23,6;23,4;91;88;91;280;1,6;,4;
2026/02/03;0100 UTC;0;1009,2;1009,4;1009;;25;23,8;25,3;25;23,8;23,6;93;91;93;263;1,3;,6;
2026/02/03;0200 UTC;0;1008,9;1009,2;1008,9;;24,7;23,8;25,1;24,7;23,9;23,8;95;93;95;16;1,7;,2;
2026/02/03;0300 UTC;0;1008,6;1009;1008,6;;24,8;24;24,9;24,7;24,1;23,8;95;95;95;307;1,3;,4;
2026/02/03;0400 UTC;0;1008,2;1008,7;1008,2;;24,8;24,1;24,9;24,7;24,2;23,9;96;95;96;48;1,7;,2;
2026/02/03;0500 UTC;0;1007,6;1008,2;1007,6;;24,5;23,9;24,8;24,4;24,1;23,8;97;96;97;270;1;,5;
2026/02/03;0600 UTC;0;1007,2;1007,6;1007,2;;24,4;23,9;24,6;24,3;24;23,9;97;97;97;4;1,4;,5;
2026/02/03;0700 UTC;0;1007,2;1007,3;1007,2;;24;23,6;24,4;24;23,9;23,6;98;97;98;309;1,4;,4;
2026/02/03;0800 UTC;0;1007,5;1007,5;1007,1;;23,9;23,5;24,1;23,8;23,7;23,5;98;98;98;311;1,3;,4;
2026/02/03;0900 UTC;0;1007,9;1007,9;1007,4;28,8;24,1;23,8;24,1;23,8;23,8;23,5;98;98;98;326;1,2;,4;
2026/02/03;1000 UTC;0;1008,1;1008,1;1007,9;375,5;26,1;25,8;26,1;24,1;25,8;23,8;99;98;98;299;1,6;,5;
2026/02/03;1100 UTC;0;1008,3;1008,3;1008;1031,1;27,7;23,3;28,1;26,1;26,2;23,3;98;76;77;324;1,5;,6;
2026/02/03;1200 UTC;0;1008,6;1008,6;1008,2;1583,9;29,1;23,6;29,3;27,6;24;22,5;78;70;73;126;2,4;,6;
2026/02/03;1300 UTC;0;1008,7;1008,7;1008,5;2027,2;30,1;23,6;31,2;29,1;24,7;23,1;75;65;68;123;3,3;1,1;
2026/02/03;1400 UTC;0;1008,4;1008,7;1008,4;3116,2;31,3;24;31,5;30,1;24,5;22,7;70;61;65;68;4,3;1,4;
2026/02/03;1500 UTC;,2;1008;1008,5;1007,9;2235;29,9;24,4;33,1;29,9;24,7;22,6;73;58;73;357;4,1;1;
2026/02/03;1600 UTC;0;1007,4;1008;1007,4;2958,1;30;24,6;32,1;29,6;26,4;23,6;78;63;73;33;5,7;2,3;
2026/02/03;1700 UTC;,2;1006,5;1007,4;1006,5;3258,1;31,1;24,9;31,8;30,1;25,9;24,3;75;67;70;74;6;2,6;
2026/02/03;1800 UTC;0;1006;1006,5;1006;3023;30,6;24,2;31,5;30,4;25,2;23,6;71;65;69;90;5,6;2,6;
2026/02/03;1900 UTC;0;1005,8;1006;1005,7;785,2;28,9;23,7;30,7;28,9;24,4;23,2;73;67;73;87;5,5;1,6;
2026/02/03;2000 UTC;7,6;1007;1007,1;1005,8;78;25,9;24,1;28,9;25,9;24,2;23,3;90;73;90;349;3,8;1,4;
2026/02/03;2100 UTC;3,8;1007,2;1007,6;1006,7;30;25,5;24,5;25,9;25,5;24,7;24;94;90;94;66;3,8;2;
2026/02/03;2200 UTC;0;1007,5;1007,5;1007,2;47,2;24,8;23,9;25,5;24,7;24,6;23,7;95;94;95;59;3,9;1,4;
2026/02/03;2300 UTC;0;1008;1008,2;1007,4;;24,7;23,9;24,8;24,6;24;23,8;95;95;95;64;3,1;1,2;
2026/02/04;0000 UTC;0;1008,3;1008,3;1007,8;;24,5;23,7;24,7;24,4;24;23,6;96;95;95;68;3,3;1,1;
2026/02/04;0100 UTC;0;1008,9;1008,9;1008,2;;24,4;23,8;24,5;24,3;23,8;23,5;96;95;96;292;1,8;,7;
2026/02/04;0200 UTC;1;1007,6;1008,9;1007,6;;24,3;23,7;24,5;24,2;23,9;23,7;97;96;97;196;2,1;,6;
2026/02/04;0300 UTC;0;1007,8;1007,8;1007,5;;24,2;23,8;24,3;24,2;23,9;23,7;98;97;98;281;1,7;,4;
2026/02/04;0400 UTC;0;1007,4;1007,9;1007,4;;24,2;23,9;24,3;24,2;24;23,8;98;97;98;39;1,3;,3;
2026/02/04;0500 UTC;,2;1006,8;1007,6;1006,8;;24;23,7;24,3;24;24;23,7;99;98;99;256;2,1;,5;
2026/02/04;0600 UTC;0;1005,7;1006,8;1005,6;;23,9;23,7;24;23,9;23,8;23,7;99;99;99;306;,9;,3;
2026/02/04;0700 UTC;0;1005,2;1005,8;1005,2;;23,7;23,6;23,9;23,7;23,8;23,6;99;99;99;309;1,4;,4;
2026/02/04;0800 UTC;0;1005;1005,2;1005;;23,6;23,6;23,8;23,6;23,7;23,5;100;99;100;2;1,1;,5;
2026/02/04;0900 UTC;0;1005,4;1005,4;1005;18,7;23,7;23,7;23,7;23,6;23,7;23,6;100;100;100;307;1,6;,6;
2026/02/04;1000 UTC;0;1005,9;1005,9;1005,4;518,8;25,2;25,2;25,2;23,6;25,2;23,7;100;100;100;241;2,7;1,1;
2026/02/04;1100 UTC;0;1006,3;1006,4;1005,9;798,6;27,4;27,3;27,4;25,1;27,3;25,2;100;99;99;314;2,7;,6;
2026/02/04;1200 UTC;0;1006,3;1006,5;1006,3;1349,2;29,3;25,4;29,5;27,2;27,4;25;99;80;80;344;1,5;,5;
2026/02/04;1300 UTC;0;1006,4;1006,6;1006,3;2323,2;31,4;23,7;31,9;29,1;26;23,6;80;64;64;212;2,3;,8;
2026/02/04;1400 UTC;,2;1006,4;1006,6;1006,4;3611,2;34,1;23,7;34,1;31,4;25,7;22,3;67;53;55;293;3,9;1,1;
2026/02/04;1500 UTC;0;1006,3;1006,4;1006,2;2851,8;34,6;22,8;34,6;32,3;24,3;21,3;58;48;50;269;6,7;2,5;
2026/02/04;1600 UTC;0;1006,3;1006,4;1006,3;3837,3;34,3;21,7;35,5;33,8;22,8;20,5;52;43;48;265;6,8;1,9;
2026/02/04;1700 UTC;0;1006;1006,3;1006;1568,5;33,6;21,5;34,8;33,4;23,5;20,9;56;45;49;281;5,1;1;
2026/02/04;1800 UTC;0;1005,8;1006;1005,7;1652,3;31,4;23,4;33,7;31,4;25,1;22;65;49;63;175;8,1;3,7;
2026/02/04;1900 UTC;0;1005,7;1006;1005,7;979;29,1;23,6;31,5;29,1;24,4;23,2;72;62;72;155;8,1;2,2;
2026/02/04;2000 UTC;13,2;1007,1;1007,2;1005,6;115,9;23,8;22,5;29,1;23,8;23,8;21,8;92;72;92;255;10,1;4,2;
2026/02/04;2100 UTC;5,2;1007,9;1007,9;1006,8;107;24,4;23,9;24,4;23,6;23,9;22,5;97;92;97;19;8,2;,8;
2026/02/04;2200 UTC;0;1008,8;1008,8;1007,9;33,4;24,7;24,1;24,7;24,4;24,2;23,9;97;97;97;66;2,4;,8;
2026/02/04;2300 UTC;0;1009;1009;1008,8;;24,6;23,8;24,7;24,5;24,2;23,8;97;96;96;58;3,4;1,5;
2026/02/05;0000 UTC;0;1009,6;1009,6;1009;;24,4;23,6;24,7;24,4;23,8;23,5;96;95;95;13;2,8;,6;
2026/02/05;0100 UTC;0;1009,8;1009,8;1009,6;;24,2;23,6;24,4;24,2;23,7;23,6;97;95;97;32;2,6;,5;
2026/02/05;0200 UTC;0;1009,6;1009,9;1009,5;;24;23,6;24,3;24;23,7;23,6;98;97;98;290;1,5;,5;
2026/02/05;0300 UTC;0;1009,2;1009,6;1009,2;;24,1;23,8;24,1;23,9;23,9;23,6;99;98;99;250;2,5;1,1;
2026/02/05;0400 UTC;0;1009;1009,2;1009;;24,1;23,9;24,2;24;23,9;23,8;99;99;99;334;2,8;,3;
2026/02/05;0500 UTC;,6;1008,7;1009;1008,7;;24,1;24;24,1;24;24;23,9;99;99;99;350;2,2;,4;
2026/02/05;0600 UTC;3;1007,7;1008,7;1007,7;,1;23,9;23,8;24,1;23,9;24;23,8;99;99;99;19;1,5;,8;
2026/02/05;0700 UTC;0;1007,2;1007,7;1007,2;;23,9;23,9;24;23,8;24;23,7;100;99;100;63;1,9;1;
2026/02/05;0800 UTC;0;1007,8;1007,8;1007,2;;23,8;23,8;23,9;23,7;23,9;23,7;100;100;100;238;1,9;,6;
2026/02/05;0900 UTC;0;1008,2;1008,2;1007,8;22,3;23,7;23,7;23,9;23,6;23,9;23,6;100;100;100;297;2,3;,6;
2026/02/05;1000 UTC;0;1008,7;1008,7;1008,2;190,8;24,3;24,3;24,3;23,7;24,3;23,7;100;100;100;48;1,3;,6;
2026/02/05;1100 UTC;0;1009,2;1009,2;1008,7;937,4;27,4;27,3;27,4;24,3;;;;;99;29;1,8;,8;
2026/02/05;1200 UTC;0;1009,2;1009,3;1009,2;1456,2;28,1;23,7;28,4;26,8;27,2;23,7;99;77;77;231;2,5;1;
2026/02/05;1300 UTC;0;1009,3;1009,4;1009,2;1666,2;28,9;23,5;29,5;27,6;24,5;22,9;78;71;73;172;3;1,4;
2026/02/05;1400 UTC;0;1009,3;1009,3;1009,2;2044,4;29,8;22,6;30;28,8;23,9;22;73;64;65;102;3;1,1;
2026/02/05;1500 UTC;0;1008,9;1009,3;1008,8;2315,5;30,7;23,3;31;29,8;24,2;22,5;69;62;65;234;3,9;2,1;
2026/02/05;1600 UTC;0;1008,4;1008,9;1008,4;2487,7;30,9;22,3;31,3;30,1;24,1;21,1;67;56;60;228;7,3;2,6;
2026/02/05;1700 UTC;0;1007,9;1008,4;1007,9;2511,5;31,2;22,6;32,2;30,8;23,1;21,6;62;56;60;227;5,2;2;
2026/02/05;1800 UTC;0;1007,6;1007,9;1007,5;865,3;29,4;23,3;31,3;29,4;23,3;22;70;59;70;162;3,7;1,2;
2026/02/05;1900 UTC;0;1007,4;1007,6;1007,3;237,5;27,5;24,2;29,4;27,5;24,3;22,9;82;69;82;30;3,7;1,6;
2026/02/05;2000 UTC;0;1007,3;1007,5;1007,2;667,6;28,1;24;28,1;27,4;24,4;23,7;82;78;78;50;4,1;1,7;
2026/02/05;2100 UTC;0;1007,9;1007,9;1007,3;297,3;27,2;23,3;28,2;27,2;24,2;23,3;80;78;79;63;3,5;1,5;
2026/02/05;2200 UTC;0;1008,9;1008,9;1007,9;1,2;26,2;23,5;27,2;26,2;23,5;23,2;85;79;85;38;2,6;,9;
2026/02/05;2300 UTC;19,4;1010,3;1010,3;1008,9;;23,4;22,7;26,2;23,4;23,6;22,4;96;85;96;26;4,7;,7;
2026/02/06;0000 UTC;5,2;1010,6;1010,6;1010,1;;23,2;22,8;23,5;23,2;23;22,6;98;96;97;3;2,1;1;
2026/02/06;0100 UTC;3;1010,8;1010,8;1010,6;;23,4;23,2;23,4;23,2;23,2;22,8;99;97;99;344;3,1;,4;
2026/02/06;0200 UTC;2;1010,7;1011,1;1010,7;;23,2;23;23,4;23,2;23,2;23;99;98;99;30;2,4;,7;
2026/02/06;0300 UTC;1,4;1010,2;1010,7;1010,1;;23,3;23,1;23,5;23,2;23,3;23;99;99;99;268;1,8;,7;
2026/02/06;0400 UTC;,2;1009,5;1010,2;1009,5;;23,3;23,2;23,3;23,2;23,2;23,1;100;99;100;249;2,6;1,3;
2026/02/06;0500 UTC;0;1009,2;1009,5;1009,2;;23,3;23,2;23,3;23,2;23,3;23,2;100;99;100;239;2,4;,3;
2026/02/06;0600 UTC;0;1009,1;1009,2;1009,1;;23,3;23,3;23,4;23,2;23,4;23,2;100;100;100;11;1;,3;
2026/02/06;0700 UTC;0;1008,8;1009,1;1008,7;;23,1;23,1;23,3;23,1;23,3;23,1;100;100;100;297;1,7;,5;
2026/02/06;0800 UTC;0;1009;1009;1008,8;;22,9;22,9;23,1;22,9;23,1;22,9;100;100;100;6;1,8;,3;
2026/02/06;0900 UTC;0;1009,3;1009,3;1009;14,1;22,8;22,8;22,9;22,7;22,9;22,7;100;100;100;236;1,6;,4;
2026/02/06;1000 UTC;0;1009,9;1009,9;1009,3;468,9;24,6;;24,6;22,8;;;;;;32;2,1;1,1;
2026/02/06;1100 UTC;0;1009,9;1009,9;1009,8;1125,1;27;24,7;27,1;24,7;26,4;24,3;100;87;87;315;2,1;,8;
2026/02/06;1200 UTC;,2;1010,8;1010,8;1009,9;1807,3;29,4;23,5;29,6;27;25,2;23,1;88;71;71;280;2,6;,7;
2026/02/06;1300 UTC;,2;1011;1011,1;1010,7;2127,4;30;23,7;30,1;29,1;24,3;22,7;73;68;69;308;2,8;,8;
2026/02/06;1400 UTC;0;1010,8;1011,1;1010,8;3093,6;31,8;23;32,3;29,8;24,9;22,1;71;58;60;321;2,4;,9;
2026/02/06;1500 UTC;0;1010,3;1010,8;1010,3;2332,3;31,4;22,7;32;30,7;24;21,8;64;58;60;178;2,8;1,4;
2026/02/06;1600 UTC;0;1009,8;1010,3;1009,8;3685;32,3;23,3;32,9;30,8;24,8;22,1;66;58;59;113;3,6;1,8;
2026/02/06;1700 UTC;0;1009,2;1009,8;1009,2;1603,7;30,7;23,4;32,4;30,5;24,9;22;68;58;65;154;4,2;2,3;
2026/02/06;1800 UTC;0;1008,7;1009,2;1008,7;719,5;28,5;24,5;30,7;28,4;24,5;23,6;79;65;79;145;6,3;2,6;
2026/02/06;1900 UTC;0;1008,4;1008,7;1008,4;656,1;28,4;23,3;29,2;28,3;24,9;23,3;79;72;74;169;5,5;2,5;
2026/02/06;2000 UTC;0;1008,7;1008,7;1008,4;392,4;28,3;23;28,4;28,2;23,3;22,9;75;73;73;148;6;1,9;
2026/02/06;2100 UTC;0;1009,3;1009,3;1008,6;132,2;26,4;24,2;28,3;26,4;24,2;23;87;73;87;340;3,5;,5;
2026/02/06;2200 UTC;0;1010;1010;1009,2;13,7;25,8;24,4;26,4;25,8;24,6;24,2;92;87;92;324;1,5;,5;
2026/02/06;2300 UTC;11;1010,9;1010,9;1010;;25,2;24,5;25,9;25,2;24,8;24,4;96;92;96;305;2,2;1;
2026/02/07;0000 UTC;,4;1011,2;1011,2;1010,8;;25,1;24,8;25,2;25,1;24,8;24,5;98;96;98;262;2,5;,8;
2026/02/07;0100 UTC;1,2;1012,1;1012,4;1011,2;,1;24,8;24,5;25,1;24,8;24,9;24,5;99;98;98;19;4,2;,8;
2026/02/07;0200 UTC;2,4;1011,6;1012,1;1011,4;;24,4;24,1;24,9;24,3;24,6;24,1;99;98;99;34;6;1,2;
2026/02/07;0300 UTC;1;1010,6;1011,6;1010,6;;24,1;23,9;24,4;24,1;24,2;23,9;99;99;99;55;3;,6;
2026/02/07;0400 UTC;0;1010,3;1010,6;1010,3;;23,9;23,7;24,1;23,8;23,9;23,5;99;98;99;90;1,6;,4;
2026/02/07;0500 UTC;0;1009,6;1010,3;1009,6;;23,7;23,6;23,9;23,7;23,7;23,5;99;99;99;258;1,4;,6;
2026/02/07;0600 UTC;0;1009,2;1009,6;1009,2;;23,4;23,4;23,7;23,4;23,6;23,4;100;99;100;40;1,6;,5;
2026/02/07;0700 UTC;0;1009,2;1009,2;1009;;23,3;23,2;23,4;23,2;23,4;23,2;100;100;100;325;,9;,3;
2026/02/07;0800 UTC;0;1009,6;1009,6;1009,2;;23,7;23,7;23,7;23,3;23,7;23,3;100;100;100;333;1,1;,3;
2026/02/07;0900 UTC;0;1010,3;1010,3;1009,5;20,8;23,7;23,7;23,7;23,6;23,7;23,6;100;100;100;260;1,5;,7;
2026/02/07;1000 UTC;0;1010,7;1010,7;1010,3;340,9;24,3;24,3;24,3;23,7;24,3;23,7;100;100;100;290;1,6;,7;
2026/02/07;1100 UTC;0;1010,7;1010,8;1010,7;642,5;25,6;25,6;25,6;24,2;;;;;100;249;2,9;1,1;
2026/02/07;1200 UTC;0;1010,6;1010,8;1010,6;917;27,2;25,6;27,2;25,5;26;25,4;100;91;91;153;1,9;,5;
2026/02/07;1300 UTC;0;1010,5;1010,6;1010,4;1593,5;27,9;24,5;28,2;27,2;25,5;24,1;91;81;82;126;2,4;1;
2026/02/07;1400 UTC;,2;1010,5;1010,6;1010,4;2205,4;30,5;25,1;31;27,7;26;24,2;82;72;73;145;3,3;1;
2026/02/07;1500 UTC;0;1010,2;1010,6;1010,2;2583;31,6;25,7;31,7;30,2;26;24,3;76;66;71;128;3;1,3;
2026/02/07;1600 UTC;0;1009,3;1010,2;1009,3;2763,3;32,3;24,7;33,3;31,2;26,8;24,5;72;63;64;182;3,4;1,4;
2026/02/07;1700 UTC;0;1008,2;1009,3;1008,2;3145,4;34,4;25,8;34,4;32,3;26,1;24;66;59;61;152;3,4;1,2;
2026/02/07;1800 UTC;0;1007,3;1008,3;1007,3;2094,1;33,4;26,5;34,5;32;26,8;24,5;71;57;67;160;5;2,6;
2026/02/07;1900 UTC;2,2;1009;1009,1;1007;384,8;26,2;23,3;33,5;26,2;26,6;23;84;66;84;240;9,4;1,8;
2026/02/07;2000 UTC;14,4;1009,6;1009,8;1008,8;14,4;23,3;22,4;26,2;23,1;23,7;21,7;95;84;95;292;10,2;1;
2026/02/07;2100 UTC;0;1010,1;1010,5;1009,2;14,9;23,5;23;23,6;23,2;23,1;22,4;97;95;97;285;4;,9;
2026/02/07;2200 UTC;,2;1010,6;1010,6;1009,8;;23,8;23,4;24;23,5;23,6;23;98;97;98;187;4;,8;
2026/02/07;2300 UTC;0;1010;1010,8;1010;;23,7;23,3;23,8;23,7;23,5;23,3;98;98;98;233;4,6;2,1;
2026/02/08;0000 UTC;,2;1011,1;1011,1;1009,9;;23,6;23,2;23,7;23,4;23,3;23;98;97;98;19;4,6;,9;
2026/02/08;0100 UTC;0;1011;1011,4;1011;;23,6;23,3;23,7;23,5;23,4;23,2;99;98;99;95;1,8;,5;
2026/02/08;0200 UTC;0;1011,5;1011,6;1011;;23,5;23,4;23,6;23,5;23,5;23,3;99;99;99;303;1,4;,5;
2026/02/08;0300 UTC;0;1010,7;1011,5;1010,7;;23,4;23,3;23,5;23,3;23,4;23,3;100;99;100;288;1,3;,3;
2026/02/08;0400 UTC;,2;1010,1;1010,7;1010,1;;23,4;23,4;23,5;23,3;23,4;23,2;100;100;100;233;1,6;,6;
2026/02/08;0500 UTC;0;1009,8;1010,1;1009,7;;23,3;23,3;23,4;23,3;23,4;23,3;100;100;100;246;2,7;1,3;
2026/02/08;0600 UTC;0;1009,3;1009,8;1009,2;;23,2;23,2;23,3;23,2;23,3;23,2;100;100;100;278;3,1;,8;
2026/02/08;0700 UTC;0;1009,7;1009,7;1009,3;;23,2;23,2;23,3;23,1;23,3;23,1;100;100;100;314;2,1;,4;
2026/02/08;0800 UTC;0;1010;1010,1;1009,7;;22,8;;23,2;22,8;;;;;;255;1,3;,4;
2026/02/08;0900 UTC;0;1011,1;1011,1;1010;28,5;23,1;;23,1;22,7;;;;;;248;2,9;1,1;
2026/02/08;1000 UTC;0;1011,5;1011,6;1011,1;437,4;24,8;;24,8;23,1;;;;;;264;2,3;1;
2026/02/08;1100 UTC;0;1011,9;1012;1011,5;693,9;26;25,9;26,1;24,7;;;;;99;70;2,3;,3;
2026/02/08;1200 UTC;0;1011,9;1012;1011,9;1263,4;27,9;24,3;27,9;25,9;26;24,1;99;81;81;254;2,6;1;
2026/02/08;1300 UTC;0;1011,8;1012;1011,8;1523,8;28,2;23,1;28,4;27,5;24,2;23;81;74;74;192;2,7;1,1;
2026/02/08;1400 UTC;0;1011,5;1011,8;1011,5;1624,6;29;22,9;29,2;28,1;24;22,9;76;70;70;236;3,4;,9;
2026/02/08;1500 UTC;,2;1010,7;1011,5;1010,7;1580,1;29,3;23,5;29,6;28,6;24,2;22,5;74;68;71;183;2,5;,8;
2026/02/08;1600 UTC;0;1010,2;1010,7;1010,2;2249,3;30,8;24;30,9;28,9;24,1;22,5;72;65;67;360;2,7;,8;
2026/02/08;1700 UTC;0;1009,4;1010,2;1009,4;2267,1;30,3;23,2;31;30;24,2;22,4;68;63;66;113;3;1,1;
2026/02/08;1800 UTC;0;1008,7;1009,4;1008,7;1623,6;28,5;23,2;30,8;28,5;24,4;22,6;73;64;73;181;6,6;2,8;
2026/02/08;1900 UTC;0;1008,8;1008,9;1008,6;685,6;27,4;23,5;28,6;27,4;23,8;23,1;79;73;79;170;6,8;3,1;
2026/02/08;2000 UTC;51,2;1010,7;1010,7;1008,8;35,7;24,4;23,7;27,4;24,4;23,7;22,9;96;79;96;23;7,4;1,9;
2026/02/08;2100 UTC;37,2;1010,8;1010,8;1009,6;7,1;23,5;23,5;24,4;23,4;23,9;22,9;100;96;100;223;7,9;1,3;
2026/02/08;2200 UTC;17;1011,2;1011,3;1010,8;1,7;23,5;23,5;23,5;23,3;23,5;23,2;100;100;100;7;3,9;,5;
2026/02/08;2300 UTC;6;1012,5;1012,5;1011,2;0;23,2;23,2;23,6;23,1;23,6;23,1;100;100;100;278;4,2;1;
2026/02/09;0000 UTC;7,8;1013;1013,2;1012,5;;22,6;22,6;23,2;22,6;23,2;22,6;100;100;100;321;3;,6;
2026/02/09;0100 UTC;,6;1013,4;1013,4;1012,9;;22,6;;22,7;22,5;22,7;22,5;100;100;;87;2,3;,2;
2026/02/09;0200 UTC;0;1013,3;1013,4;1013,2;;22,6;22,6;22,8;22,6;;;;;100;239;1,8;,9;
2026/02/09;0300 UTC;2;1013;1013,4;1013;;22,6;;22,6;22,5;;;;;;257;2,2;,8;
2026/02/09;0400 UTC;2,2;1012,1;1013;1012,1;;22,4;;22,6;22,4;;;;;;248;2,2;,7;
2026/02/09;0500 UTC;,4;1011,5;1012,1;1011,5;;22,3;;22,4;22,3;;;;;;269;1,4;,4;
2026/02/09;0600 UTC;0;1011;1011,5;1011;;22,1;;22,3;22;;;;;;329;1,1;,3;
2026/02/09;0700 UTC;0;1010,7;1011;1010,7;;21,9;;22,2;21,8;;;;;;284;1,3;,3;
2026/02/09;0800 UTC;0;1010,8;1010,8;1010,6;;21,6;;22;21,5;;;;;;324;1,3;,4;
2026/02/09;0900 UTC;0;1011,1;1011,1;1010,8;13,4;21,4;;21,7;21,1;;;;;;315;1,4;,3;
2026/02/09;1000 UTC;0;1012;1012;1011,1;163,6;22;;22;21,4;;;;;;322;1,5;,6;
2026/02/09;1100 UTC;0;1012,4;1012,4;1012;546,4;23,2;;23,2;21,9;;;;;;37;1,3;,3;
2026/02/09;1200 UTC;0;1013;1013;1012,4;634,4;24,4;;24,5;23,1;;;;;;35;1,1;,5;
2026/02/09;1300 UTC;0;1013,3;1013,3;1013;1228,9;26,2;22,5;26,4;24,4;25,3;22,3;100;80;80;85;1,3;,6;
2026/02/09;1400 UTC;0;1013,2;1013,4;1013,2;867,4;25,9;22,5;26,6;25,5;22,5;21,3;82;74;82;278;1,2;,4;
2026/02/09;1500 UTC;0;1013,1;1013,3;1013,1;2146,5;27,9;20,2;28;25,9;22,6;19,7;81;63;63;273;2,4;,8;
2026/02/09;1600 UTC;0;1012,7;1013,1;1012,7;1302,4;27,3;21,3;28,1;27,2;22;19,3;72;61;70;243;2,1;,6;
2026/02/09;1700 UTC;0;1012;1012,7;1012;1238,9;27,4;21,9;27,8;26,9;22;20,2;72;67;72;87;2,2;,8;
2026/02/09;1800 UTC;0;1011,8;1012,1;1011,8;688,5;25,6;22,3;27,6;25,5;22,4;20,5;83;67;82;281;2;,6;
2026/02/09;1900 UTC;,8;1012,2;1012,2;1011,8;418,6;25,1;23,2;26;24,9;23,4;22,3;89;82;89;323;1,7;,4;
2026/02/09;2000 UTC;,6;1012,3;1012,4;1012,2;308,6;24,5;22,9;25,2;24,4;23,3;22,4;91;87;91;110;1,4;,6;
2026/02/09;2100 UTC;,6;1012,6;1012,6;1012,3;113,5;24,1;23;24,5;24,1;23;22,6;93;90;93;86;1,7;,5;
2026/02/09;2200 UTC;,2;1013;1013;1012,5;10;23,9;23,3;24,1;23,8;23,3;22,9;97;93;97;338;1,1;,5;
2026/02/09;2300 UTC;,4;1013,8;1013,8;1013;;23,6;23,3;23,9;23,6;23,3;23,1;98;97;98;12;1,4;,6;
2026/02/10;0000 UTC;1,2;1014,4;1014,4;1013,7;;23,2;22,9;23,6;23,2;23,3;22,9;98;98;98;307;1,5;,5;
2026/02/10;0100 UTC;1,4;1014,6;1014,7;1014,4;;22,9;22,7;23,2;22,9;22,9;22,7;99;98;99;34;1,6;,8;
2026/02/10;0200 UTC;1;1013,9;1014,6;1013,9;;22,9;22,8;22,9;22,8;22,8;22,6;99;99;99;47;1,6;,3;
2026/02/10;0300 UTC;0;1013,6;1013,9;1013,6;;22,8;22,7;22,9;22,7;22,8;22,7;100;99;100;269;1;,4;
2026/02/10;0400 UTC;0;1013,2;1013,6;1013,2;;22,6;22,6;22,8;22,6;22,7;22,6;100;100;100;249;1,4;,3;
2026/02/10;0500 UTC;0;1012,7;1013,2;1012,7;;22,5;22,5;22,6;22,5;22,6;22,5;100;100;100;263;1,1;,6;
2026/02/10;0600 UTC;,2;1011,8;1012,7;1011,8;;22,5;22,5;22,6;22,5;22,6;22,5;100;100;100;39;1,4;,7;
2026/02/10;0700 UTC;,2;1011,8;1011,9;1011,7;;22,5;22,5;22,5;22,4;22,5;22,4;100;100;100;83;1,4;,9;
2026/02/10;0800 UTC;0;1012,3;1012,3;1011,8;;22,5;;22,6;22,5;22,6;22,5;100;100;;261;1,7;,4;
2026/02/10;0900 UTC;0;1012,9;1012,9;1012,3;12,8;22,5;;22,6;22,5;;;;;;16;1,7;,3;
2026/02/10;1000 UTC;0;1013,5;1013,5;1012,9;306,3;23,1;;23,3;22,5;;;;;;354;1,2;,4;
2026/02/10;1100 UTC;0;1014;1014;1013,5;322,7;23,7;;23,7;23,1;;;;;;245;1,5;,6;
2026/02/10;1200 UTC;0;1014;1014,3;1014;1002,3;25,7;25,7;25,7;23,6;;;;;100;360;1,3;,5;
2026/02/10;1300 UTC;0;1013,9;1014;1013,8;1836,1;27,7;23,1;27,7;25,6;25,7;22,5;100;76;76;360;2;,6;
2026/02/10;1400 UTC;0;1013,7;1013,9;1013,7;1334,2;27,9;22,6;28,3;27;23,2;21,9;78;70;73;225;2,2;,8;
2026/02/10;1500 UTC;,2;1013,4;1013,7;1013,4;1519,5;28,9;23,3;29;27,9;23,8;22,5;75;70;72;337;2,5;,6;
2026/02/10;1600 UTC;0;1012,8;1013,4;1012,8;2506,9;30,9;22,7;30,9;28,9;24;22;72;61;62;358;2,2;1;
2026/02/10;1700 UTC;0;1012,2;1012,8;1012,2;2831,5;30,4;22,2;31,8;30,1;24;21,8;65;59;61;247;3,3;1,5;
2026/02/10;1800 UTC;0;1011,9;1012,2;1011,9;1427,1;30,4;22,6;31,5;30,3;23,7;21,4;66;58;63;284;3,3;,8;
2026/02/10;1900 UTC;0;1011,7;1011,9;1011,6;875,3;29,5;24,5;30,6;29,4;24,5;22,7;74;63;74;37;4,1;1,1;
2026/02/10;2000 UTC;0;1011,6;1011,7;1011,6;496;28,9;24,4;29,7;28,9;24,6;23,8;77;71;77;59;2,4;1,2;
2026/02/10;2100 UTC;0;1011,8;1012;1011,6;188;27,6;24,2;28,9;27,6;24,5;24,1;82;77;82;76;2,8;1,3;
2026/02/10;2200 UTC;0;1012,1;1012,1;1011,8;13,5;26,5;24,3;27,6;26,5;24,3;24,2;87;82;87;78;3,2;1,4;
2026/02/10;2300 UTC;0;1012,3;1012,3;1012,1;;25,9;24,2;26,6;25,9;24,3;24,2;90;87;90;54;3,5;1,2;
2026/02/11;0000 UTC;0;1012,6;1012,6;1012,3;;25,6;24,3;25,9;25,6;24,3;24,1;92;90;92;54;2,5;,8;
2026/02/11;0100 UTC;0;1012,7;1012,8;1012,6;;25,2;24,2;25,6;25,2;24,3;24,1;94;92;94;320;1,5;,3;
2026/02/11;0200 UTC;0;1012,5;1012,8;1012,5;;24,9;24,5;25,2;24,9;24,5;24,1;97;94;97;264;1,4;,7;
2026/02/11;0300 UTC;0;1012,1;1012,6;1012;;24,9;24,5;24,9;24,8;24,5;24,4;98;97;98;241;1,7;,9;
2026/02/11;0400 UTC;0;1011,1;1012,1;1011,1;;24,6;24,4;24,9;24,6;24,5;24,3;99;98;99;143;1,7;,3;
2026/02/11;0500 UTC;0;1010,8;1011,1;1010,8;;24,5;24,3;24,6;24,5;24,5;24,3;99;99;99;248;1,9;,7;
2026/02/11;0600 UTC;0;1010,4;1010,9;1010,4;;24,5;24,4;24,5;24,4;24,4;24,3;100;99;100;51;1,5;,6;
2026/02/11;0700 UTC;0;1010,9;1011;1010,4;;24,5;24,5;24,6;24,4;24,5;24,4;100;100;100;341;1,5;,5;
2026/02/11;0800 UTC;0;1011,2;1011,2;1010,9;;24,4;24,4;24,5;24,4;24,5;24,4;100;100;100;78;2,6;,2;
2026/02/11;0900 UTC;0;1011,5;1011,5;1011,1;6,6;24,5;24,5;24,5;24,4;24,5;24,4;100;100;100;64;1,7;,5;
2026/02/11;1000 UTC;0;1012,1;1012,1;1011,5;191,7;25,2;25,2;25,2;24,4;25,2;24,5;100;100;100;262;1,3;,7;
2026/02/11;1100 UTC;0;1012,5;1012,5;1012,1;599,2;27;26,5;27;25,2;26,7;25,2;100;97;97;18;2,1;,5;
2026/02/11;1200 UTC;0;1013,2;1013,2;1012,5;729,6;28;24,5;28,1;27,1;26,6;24,4;97;81;81;242;1,8;,7;
2026/02/11;1300 UTC;0;1013,2;1013,3;1013,1;1223,4;29,6;24,1;29,6;28;25;23,6;82;71;72;96;1,7;,8;
2026/02/11;1400 UTC;0;1013,1;1013,2;1013,1;2637,4;31,9;22,7;33,2;29,6;25;22,7;72;57;58;108;2,8;1,3;
2026/02/11;1500 UTC;0;1012,7;1013,1;1012,7;2116,5;32,2;22,4;32,5;31,7;24,1;21,8;62;55;56;163;2,9;1,2;
2026/02/11;1600 UTC;0;1012,1;1012,7;1012,1;2529,2;33;23,5;33,1;32;24;21,3;59;51;57;85;3,8;1,8;
2026/02/11;1700 UTC;0;1011,5;1012,1;1011,5;2672,1;33;22,4;33,5;32,5;24,1;21,4;59;51;54;81;4,3;1,6;
2026/02/11;1800 UTC;0;1011,2;1011,5;1011,2;1682,3;33;22,1;33,5;32,9;23,3;21,2;56;48;53;79;3,3;1,3;
2026/02/11;1900 UTC;0;1011,2;1011,3;1011;707,9;31,1;24,2;33;31;24,4;21,5;68;50;67;89;4,2;2;
2026/02/11;2000 UTC;0;1011,3;1011,3;1011,1;601,6;30,5;24,6;31,1;30,3;24,6;24;71;67;71;98;4,6;2;
2026/02/11;2100 UTC;0;1011,7;1011,7;1011,3;313,7;29,5;24,8;30,5;29,5;24,8;24,4;76;70;76;97;4,4;1;
2026/02/11;2200 UTC;0;1012,2;1012,2;1011,7;17,5;27,1;25,1;29,5;27,1;25,1;24,9;89;76;89;205;2,3;,3;
2026/02/11;2300 UTC;0;1013,1;1013,1;1012,2;;27;25,5;27,4;26,8;25,9;25;92;89;91;263;2,8;,6;
2026/02/12;0000 UTC;0;1013,7;1013,7;1013;;26,4;25,5;27;26,4;25,5;25,3;95;91;95;238;1,9;,5;
2026/02/12;0100 UTC;0;1013,9;1013,9;1013,7;;26,1;25,6;26,4;26,1;25,7;25,5;97;95;97;292;1,3;,4;
2026/02/12;0200 UTC;0;1013,9;1014,1;1013,9;;26;25,5;26,1;26;25,7;25,5;98;97;97;293;1,3;,5;
2026/02/12;0300 UTC;0;1013,6;1013,9;1013,6;;25,7;25,4;26;25,7;25,6;25,3;98;97;98;201;1,2;,4;
2026/02/12;0400 UTC;0;1013;1013,6;1012,9;;25,5;25,3;25,7;25,5;25,4;25,3;99;98;99;356;1,3;,7;
2026/02/12;0500 UTC;0;1012,5;1013;1012,4;;24,8;24,7;25,5;24,8;25,3;24,7;99;99;99;336;1,8;,6;
2026/02/12;0600 UTC;0;1012,7;1012,7;1012,4;;24,1;23,9;24,9;24,1;24,7;23,9;99;99;99;122;1,9;,9;
2026/02/12;0700 UTC;0;1012,9;1012,9;1012,7;;23,8;23,5;24,1;23,8;24;23,5;99;98;98;235;1,8;,5;
2026/02/12;0800 UTC;0;1013,3;1013,3;1012,9;;23,5;23,3;23,8;23,4;23,5;23,2;99;98;99;219;1,6;,8;
2026/02/12;0900 UTC;0;1013,7;1013,7;1013,3;20,4;23,4;23,3;23,5;23,3;23,3;23,1;99;99;99;221;1,6;,7;
2026/02/12;1000 UTC;0;1014,3;1014,3;1013,7;416,2;25,9;24,9;25,9;23,4;25,4;23,3;99;94;94;94;1,3;,3;
2026/02/12;1100 UTC;0;1014,7;1014,7;1014,3;1154,8;27,5;23,3;27,6;25,4;24,8;23,3;94;78;78;75;2,3;1;
2026/02/12;1200 UTC;0;1015;1015,8;1014,7;2336,1;29,5;23,5;30,4;27,5;24,4;23;80;67;70;64;2,8;1,6;
2026/02/12;1300 UTC;0;1014,8;1015;1014,8;2797;31,5;24;32,2;29,5;24,7;23,1;71;61;64;110;4;2;
2026/02/12;1400 UTC;0;1014,2;1015;1014,2;3197,1;33;23,4;33,2;31,6;24,4;22,4;64;57;57;103;5,3;2,4;
2026/02/12;1500 UTC;0;1013,8;1014,2;1013,8;3217,6;32,4;22,4;33,6;32,4;24;22,4;60;53;56;68;5,4;2,6;
2026/02/12;1600 UTC;0;1012,9;1013,8;1012,9;2771;34,6;25,4;34,6;31,7;25,4;22,5;65;56;59;97;5,6;2,9;
2026/02/12;1700 UTC;0;1012,2;1012,9;1012,2;3504,7;35,1;23,7;35,3;34,3;24,9;23;59;50;52;80;6,7;3;
2026/02/12;1800 UTC;0;1011,6;1012,2;1011,6;3186;34,3;23,9;35,2;34;24,9;23,1;56;51;55;75;8,4;4;
2026/02/12;1900 UTC;0;1011,4;1011,6;1011,4;2405,4;33;23;34,4;32,8;24,2;22,5;57;54;56;98;8,4;3,8;
2026/02/12;2000 UTC;0;1011,7;1011,7;1011,3;1676,6;32,1;21,8;33,6;32,1;23,4;21,2;57;52;55;84;8,7;3,6;
2026/02/12;2100 UTC;0;1012,1;1012,1;1011,7;366,4;29,8;20,1;32,1;29,8;22,2;20;59;53;56;71;8,4;2,9;
2026/02/12;2200 UTC;0;1012,9;1012,9;1012,1;19;28,4;20;29,8;28,4;20,1;19,7;60;56;60;67;6,8;3,2;
2026/02/12;2300 UTC;0;1013,9;1013,9;1012,9;;27,3;20,5;28,4;27,3;20,5;20;66;60;66;59;7,3;2,9;
2026/02/13;0000 UTC;0;1015;1015;1013,9;;25,6;20,8;27,3;25,5;20,8;20,5;75;66;75;69;5,9;1,4;
2026/02/13;0100 UTC;0;1015,5;1015,5;1015;;24,3;20,8;25,7;24,3;21;20,8;81;75;81;70;4,1;,6;
2026/02/13;0200 UTC;0;1015,6;1015,6;1015,5;;23;21,2;24,3;22,9;21,3;20,7;90;81;90;267;2,1;1,1;
2026/02/13;0300 UTC;0;1015,2;1015,6;1015,2;;22,4;21,3;23;22,4;21,4;21;93;90;93;266;2;,6;
2026/02/13;0400 UTC;0;1015;1015,2;1015;;21,9;21,2;22,4;21,8;21,3;21,1;96;93;96;270;1,5;,7;
2026/02/13;0500 UTC;0;1014,8;1015,1;1014,8;;21,6;21,2;21,9;21,5;21,2;20,9;97;96;97;275;1,5;,5;
2026/02/13;0600 UTC;0;1014,7;1014,8;1014,7;;21,2;20,9;21,7;21,2;21,3;20,9;98;97;98;311;1,5;,4;
2026/02/13;0700 UTC;0;1014,8;1014,8;1014,7;;20,9;20,6;21,2;20,9;20,9;20,6;98;98;98;301;,8;,4;
2026/02/13;0800 UTC;0;1015;1015;1014,7;;20,8;20,6;20,9;20,8;20,7;20,5;99;98;99;243;1,2;,5;
2026/02/13;0900 UTC;0;1015,4;1015,4;1015;14,3;20,7;20,5;20,8;20,5;20,6;20,3;99;99;99;284;1,3;,5;
2026/02/13;1000 UTC;0;1015,9;1015,9;1015,4;473,4;23,7;23,5;23,7;20,7;23,5;20,5;99;98;99;242;1,4;,6;
2026/02/13;1100 UTC;0;1016,2;1016,2;1015,9;1348,8;27;22,6;27;23,5;24,2;21,7;99;76;77;221;1,6;,8;
2026/02/13;1200 UTC;0;1016,2;1016,3;1016,2;2169,6;29,9;23;29,9;26,8;23,1;21,5;77;66;66;166;1,7;,7;
2026/02/13;1300 UTC;0;1016,2;1016,4;1016,2;2816,9;31,5;22,6;31,5;29,9;23,5;21,8;67;58;59;53;4,5;1,8;
2026/02/13;1400 UTC;0;1015,7;1016,2;1015,6;3327,7;32,5;23,1;32,5;31,5;23,4;22,2;60;55;58;104;6,5;2,9;
2026/02/13;1500 UTC;0;1014,7;1015,7;1014,7;3657;33,7;23;33,7;32,1;23,9;22,2;59;53;54;62;7,9;3,2;
2026/02/13;1600 UTC;0;1013,7;1014,7;1013,7;3676,1;34;22,4;34,2;33,5;23,4;21,9;55;49;51;83;7,9;3,7;
2026/02/13;1700 UTC;0;1012,7;1013,7;1012,7;3451,8;34,5;22,6;34,5;33,9;23,4;21,4;53;47;50;81;8,2;3,5;
2026/02/13;1800 UTC;0;1012;1012,8;1012;2981,4;33,2;22,5;34,7;33,1;23,3;21,5;55;47;54;92;9,2;4,1;
2026/02/13;1900 UTC;0;1011,4;1012;1011,4;2334,1;32,5;22,9;33,7;32,4;23,5;22,3;57;53;57;104;8,8;4,2;
2026/02/13;2000 UTC;0;1011,3;1011,5;1011,2;1520,7;30,9;22,3;32,5;30,9;22,9;22,3;61;57;60;98;9;3,7;
2026/02/13;2100 UTC;0;1011,4;1011,4;1011,2;352;29,9;21,8;30,9;29,9;22,7;21,6;63;60;62;81;8,3;3,2;
2026/02/13;2200 UTC;0;1011,7;1011,7;1011,4;20,9;28,2;20,3;29,9;28,2;21,8;20,2;63;61;62;70;7,3;2,4;
2026/02/13;2300 UTC;0;1012,3;1012,3;1011,7;;26,7;20,4;28,2;26,7;20,5;20,2;69;62;69;63;6,4;1,5;
2026/02/14;0000 UTC;0;1013,2;1013,2;1012,3;;25;20,6;26,7;24,7;20,7;20,4;79;69;77;83;3;1;
2026/02/14;0100 UTC;0;1013,8;1013,8;1013,2;;24,4;20,4;25,4;23,7;21;20,4;84;74;78;92;2,3;1,1;
2026/02/14;0200 UTC;0;1014,1;1014,1;1013,8;;23;20,7;24,5;23;20,7;20,4;87;78;87;292;2,2;,4;
2026/02/14;0300 UTC;0;1014;1014,2;1014;;22,1;20,8;22,9;22,1;20,9;20,6;92;87;92;279;1,1;,6;
2026/02/14;0400 UTC;0;1013,7;1014;1013,7;;21,8;21;22,2;21,8;21,1;20,8;95;92;95;29;1,1;,4;
2026/02/14;0500 UTC;0;1013,1;1013,7;1013,1;;21,4;20,8;21,8;21,3;21;20,7;96;95;96;322;,9;,3;
2026/02/14;0600 UTC;0;1012,8;1013,1;1012,7;;21,2;20,7;21,5;21,2;21;20,7;97;96;97;273;,9;,4;
2026/02/14;0700 UTC;0;1012,8;1012,8;1012,5;;21,1;20,7;21,3;20,9;20,8;20,4;98;97;98;237;1,7;,9;
2026/02/14;0800 UTC;0;1013,2;1013,2;1012,8;;20,8;20,5;21,2;20,8;20,8;20,4;98;97;98;36;2;,1;
2026/02/14;0900 UTC;0;1014,2;1014,2;1013,2;16,9;21;20,6;21;20,6;20,6;20,3;98;98;98;293;1;,4;
2026/02/14;1000 UTC;0;1014,6;1014,6;1014,2;480,8;24,2;23,7;24,2;20,9;23,7;20,7;98;97;97;351;1,6;,4;
2026/02/14;1100 UTC;0;1014,9;1014,9;1014,6;1321,8;26,4;21,5;26,4;24,2;24,5;21,2;97;74;75;252;2;,5;
2026/02/14;1200 UTC;0;1015,1;1015,1;1014,9;2086,7;28,9;21,4;29,6;26,5;23;21,3;74;63;64;108;2;,8;
2026/02/14;1300 UTC;0;1015,3;1015,3;1015,1;2865,2;31,1;22,5;31,4;28,8;23,2;21,6;67;58;60;203;3,9;1,5;
2026/02/14;1400 UTC;0;1014,8;1015,3;1014,8;3093;32,3;23,1;32,4;30,5;23,9;22,1;65;57;58;170;4,5;1,9;
2026/02/14;1500 UTC;0;1014,2;1014,9;1014,2;3132,3;33;22,9;33,1;31;24,1;21,5;63;55;56;134;5,2;1,8;
2026/02/14;1600 UTC;0;1013,5;1014,2;1013,5;2791,6;31,7;22,8;33,6;31,6;23,9;22;60;52;60;127;5,8;2,7;
2026/02/14;1700 UTC;0;1013;1013,5;1013;2584,2;32,1;24;33,7;31,4;24,5;22,7;63;56;63;134;6,4;3,3;
2026/02/14;1800 UTC;0;1012,5;1013;1012,4;2827,5;32,1;23,7;33,1;31,2;24,8;23;64;59;61;125;6,7;2,9;
2026/02/14;1900 UTC;0;1012,4;1012,6;1012,3;1215,6;31;23,1;32,1;30,8;23,8;22,7;65;61;63;140;5,4;3,1;
2026/02/14;2000 UTC;0;1012,5;1012,5;1012,4;742,4;30,4;23;31;30,3;23,2;22,4;65;62;65;124;5,4;2,3;
2026/02/14;2100 UTC;0;1013;1013;1012,5;284,2;29,2;22,7;30,4;29,2;22,8;22,4;68;63;68;146;5,1;1,5;
2026/02/14;2200 UTC;0;1013,4;1013,4;1013;19,9;27,6;22;29,2;27,6;22,9;22;73;68;72;78;3,4;1,2;
2026/02/14;2300 UTC;0;1013,8;1013,8;1013,4;;26;22,7;27,6;25,7;22,7;22;82;72;82;121;2,5;1,1;
2026/02/15;0000 UTC;0;1014,4;1014,4;1013,8;;24,9;22,4;26;24,9;22,7;22,3;86;82;86;31;2,5;,6;
2026/02/15;0100 UTC;0;1014,5;1014,5;1014,3;;24;22,5;24,9;23,9;22,6;22,2;91;86;91;209;2,1;1;
2026/02/15;0200 UTC;0;1014,5;1014,5;1014,4;;23,6;22,5;24,1;23,5;22,6;22,3;94;91;94;306;2,1;,5;
2026/02/15;0300 UTC;0;1014,1;1014,5;1014,1;;23,5;22,7;23,7;23,5;22,8;22,6;96;94;95;237;1,1;,6;
2026/02/15;0400 UTC;0;1013,7;1014,1;1013,7;;23,2;22,6;23,5;23,2;22,8;22,6;96;95;96;247;1,3;,5;
2026/02/15;0500 UTC;0;1013,4;1013,7;1013,4;;23,1;22,5;23,3;22,9;22,7;22,3;97;96;97;238;1,6;,6;
2026/02/15;0600 UTC;0;1013,6;1013,6;1013,4;;22,9;22,4;23,1;22,9;22,5;22,4;97;97;97;219;1,6;,6;
2026/02/15;0700 UTC;0;1013,7;1013,8;1013,6;;23;22,6;23;22,7;22,6;22,3;98;97;98;10;1,5;,6;
2026/02/15;0800 UTC;0;1014;1014;1013,7;;23,3;23;23,4;23;23;22,6;98;98;98;279;1,5;,2;
2026/02/15;0900 UTC;0;1014,5;1014,5;1014;13,1;23,4;23;23,4;23,3;23,1;23;98;98;98;10;1,3;,6;
2026/02/15;1000 UTC;0;1015,1;1015,1;1014,5;317,1;23,9;23,5;24,3;23,2;24;22,9;98;97;98;20;2,2;1,1;
2026/02/15;1100 UTC;0;1015,4;1015,4;1015;1052,2;26,5;24;26,5;23,8;25;23,4;98;86;86;161;2,3;,7;
2026/02/15;1200 UTC;0;1015,5;1015,6;1015,4;2017,5;28,6;22,3;29,2;26,6;24,2;22,2;86;67;69;98;2,2;,9;
2026/02/15;1300 UTC;0;1015,4;1015,6;1015,4;2576,2;30,4;22,9;30,5;28,4;23,5;22;72;64;64;192;2,7;1,4;
2026/02/15;1400 UTC;0;1015;1015,4;1015;2776,1;31,1;22,5;31,4;29,5;23,7;21,6;66;59;60;71;3,2;1,2;
2026/02/15;1500 UTC;0;1014,5;1015;1014,5;2296,7;31;22;32,3;30;23,2;21,5;64;55;59;105;3;1,6;
2026/02/15;1600 UTC;0;1014;1014,5;1014;3539,8;32,7;20,7;33,1;30,8;23,2;20,4;61;47;50;92;3,8;2,2;
2026/02/15;1700 UTC;0;1013;1014;1013;3529,7;33,5;22,3;33,7;32,6;22,3;19;53;43;52;84;4,9;1,8;
2026/02/15;1800 UTC;0;1013;1013,1;1012,9;2554,1;32,3;23;33,7;31,5;23,6;22;60;51;58;83;6,6;3,3;
2026/02/15;1900 UTC;0;1012,7;1013;1012,6;2291,6;31,7;21,7;32,6;31,6;23,1;21,4;58;54;55;81;7;3,6;
2026/02/15;2000 UTC;0;1012,8;1012,8;1012,7;1466;30,6;21,7;31,9;30,6;22;21,1;59;54;59;89;6,9;2,6;
2026/02/15;2100 UTC;0;1013;1013;1012,8;350,9;28,7;22,1;30,6;28,7;22,1;21,6;68;59;68;99;6,3;2,7;
2026/02/15;2200 UTC;0;1013,5;1013,5;1013;20,2;26,7;22,4;28,7;26,6;22,4;22;78;68;77;110;6;,8;
2026/02/15;2300 UTC;0;1014,3;1014,3;1013,5;;25,9;22,3;26,7;25,9;22,5;22,3;81;77;81;184;2,4;1;
2026/02/16;0000 UTC;0;1014,8;1014,8;1014,3;;24,7;22,2;26;24,7;22,4;22,1;86;81;86;239;2;,4;
2026/02/16;0100 UTC;0;1015,1;1015,1;1014,8;;24;22,4;24,7;24;22,6;22,2;90;86;90;274;1,7;,5;
2026/02/16;0200 UTC;0;1015,1;1015,2;1015;;23,5;22,4;24;23,5;22,5;22,1;93;90;93;239;1,5;,7;
2026/02/16;0300 UTC;0;1014,7;1015,1;1014,7;;22,8;22;23,6;22,8;22,5;22;95;93;95;7;1,2;,4;
2026/02/16;0400 UTC;0;1014,2;1014,7;1014,2;;22,5;21,8;22,9;22,4;22,2;21,8;96;95;96;305;1,3;,4;
2026/02/16;0500 UTC;0;1013,9;1014,2;1013,9;;22,2;21,7;22,5;22,2;21,9;21,6;97;96;97;277;1,6;,5;
2026/02/16;0600 UTC;0;1013,7;1013,9;1013,7;;21,6;21,1;22,2;21,6;21,7;21,1;97;97;97;10;1;,2;
2026/02/16;0700 UTC;0;1013,9;1013,9;1013,7;;21,6;21,2;21,8;21,4;21,3;21;98;97;98;331;1,2;,3;
2026/02/16;0800 UTC;0;1014,1;1014,1;1013,9;;21,6;21,3;21,6;21,3;21,3;20,9;98;98;98;20;1,2;,4;
2026/02/16;0900 UTC;0;1014,5;1014,5;1014,1;11,2;21,4;21,1;21,6;21,2;21,3;20,9;98;98;98;119;1,1;,2;
2026/02/16;1000 UTC;0;1015;1015;1014,5;231,1;23;22,7;23;21,4;22,7;21,1;99;98;99;354;2,4;,7;
2026/02/16;1100 UTC;0;1015,3;1015,3;1014,9;1188,8;25,9;25;25,9;23;25,3;22,8;99;95;95;232;2,2;,8;
2026/02/16;1200 UTC;0;1015,4;1015,4;1015,3;2156;28,9;22,1;28,9;25,8;25;21,6;95;67;67;83;2,9;1,4;
2026/02/16;1300 UTC;0;1015,5;1015,6;1015,4;2807,5;30,7;21,9;30,9;28,8;22,8;21,2;67;59;59;138;4,1;1,2;
2026/02/16;1400 UTC;0;1014,9;1015,5;1014,9;3284,7;32,3;20,4;32,5;30,4;22,3;19,7;61;47;50;115;4,7;1,9;
2026/02/16;1500 UTC;0;1014,3;1014,9;1014,3;3593,2;32,8;20;33,3;31,9;21,2;19,2;51;45;47;105;6,7;2,9;
2026/02/16;1600 UTC;0;1013,5;1014,3;1013,5;3637,8;33,2;21,5;34;32,7;21,7;19,7;51;45;51;101;6,7;2,7;
2026/02/16;1700 UTC;0;1012,7;1013,5;1012,7;3323,8;32,3;22,9;34;32;22,9;21,4;58;49;58;110;8,5;4,7;
2026/02/16;1800 UTC;,6;1012,2;1012,7;1012,1;2954,9;32,2;23;32,9;32;23,4;22,3;58;56;58;98;8,7;4;
2026/02/16;1900 UTC;0;1012,2;1012,3;1012,1;2288;31,2;22,5;32,4;30,9;23;22,1;61;57;60;80;8,7;3,7;
2026/02/16;2000 UTC;0;1012,3;1012,3;1012,1;1303,7;29,8;22,8;31,2;29,6;22,9;22,3;67;60;66;91;8,6;2,9;
2026/02/16;2100 UTC;0;1012,4;1012,5;1012,2;362,8;28,2;22,8;29,9;28,2;22,9;22,6;72;66;72;90;7,3;2,5;
2026/02/16;2200 UTC;0;1012,7;1012,8;1012,4;23,7;27,1;22,7;28,2;27;22,9;22,7;77;72;77;95;5;1,6;
2026/02/16;2300 UTC;0;1013,5;1013,5;1012,7;;26,6;22,4;27,1;26,6;22,8;22,3;78;76;78;75;3,9;1,4;
2026/02/17;0000 UTC;0;1014;1014;1013,5;;26;22,3;26,7;26;22,4;22,3;80;77;80;67;3,3;,9;
2026/02/17;0100 UTC;0;1014,2;1014,2;1014;;24,2;22,1;26;24,2;22,4;22,1;88;80;88;234;1,6;,3;
2026/02/17;0200 UTC;0;1014,2;1014,3;1014,1;;23,8;22,4;24,2;23,7;22,6;22,1;92;88;92;318;,8;,4;
2026/02/17;0300 UTC;0;1014;1014,3;1014;;23,4;22,4;23,8;23,3;22,6;22,3;95;92;95;49;1,8;,8;
2026/02/17;0400 UTC;0;1013,3;1014;1013,3;;22,8;22,1;23,4;22,8;22,5;22,1;96;95;96;68;1,3;,2;
2026/02/17;0500 UTC;0;1012,6;1013,3;1012,5;;22,4;21,9;22,9;22,3;22,3;21,8;97;96;97;269;,9;,3;
2026/02/17;0600 UTC;0;1012,3;1012,5;1012,2;;22,1;21,6;22,4;21,9;21,9;21,5;97;97;97;243;1,1;,6;
2026/02/17;0700 UTC;0;1012,2;1012,3;1012,1;;21,9;21,5;22,1;21,7;21,7;21,2;98;97;98;288;1,1;,5;
2026/02/17;0800 UTC;0;1012,1;1012,3;1012,1;;21,7;21,4;22,1;21,7;21,7;21,4;98;98;98;336;1,3;,3;
2026/02/17;0900 UTC;0;1012,4;1012,4;1012;16,3;21,5;21,3;21,7;21,1;21,4;20,8;98;98;98;273;,9;,4;
2026/02/17;1000 UTC;0;1012,8;1012,8;1012,4;526,5;23,9;23,7;23,9;21,5;23,7;21,3;99;98;99;219;1,1;,4;
2026/02/17;1100 UTC;0;1013,1;1013,1;1012,7;1432,7;27,4;22,5;27,4;23,9;25,4;22,4;99;75;75;134;1,9;,7;
2026/02/17;1200 UTC;0;1013,2;1013,2;1012,9;2140,6;29,6;21,9;29,6;27,3;23,1;21,7;75;63;63;102;2,2;,9;
2026/02/17;1300 UTC;0;1013,1;1013,3;1013,1;2745;31,8;21,5;31,8;29,6;22,8;20,8;66;54;55;51;3;1;
2026/02/17;1400 UTC;0;1012,5;1013,3;1012,5;3240,1;33,2;20,8;33,2;31,6;22,5;20;57;48;48;85;3,8;1,8;
2026/02/17;1500 UTC;0;1011,7;1012,5;1011,7;3422,3;34,5;19,9;34,6;33;21,1;18,7;50;40;42;173;4,3;1,5;
2026/02/17;1600 UTC;0;1011,1;1011,7;1011;2954;35,1;20,1;35,1;33,9;20,8;18,6;46;40;42;92;3,9;1,6;
2026/02/17;1700 UTC;0;1010,1;1011,1;1010,1;3497,6;35,7;20;36,2;34,9;21,6;17,5;44;35;40;146;4;1,9;
2026/02/17;1800 UTC;0;1009,4;1010,1;1009,4;3072,2;34,6;22,6;35,9;34,1;23,4;21,7;53;41;50;88;6,6;2,8;
2026/02/17;1900 UTC;0;1009;1009,4;1009;1412,5;32,6;22,2;34,5;32,6;22,7;21,8;55;49;55;108;5,6;3;
2026/02/17;2000 UTC;0;1008,8;1009;1008,7;886;30,8;22,4;32,6;30,7;22,9;22,1;62;55;61;94;6,3;2,7;
2026/02/17;2100 UTC;0;1008,9;1009;1008,7;497,7;29,6;22,5;31;29,5;22,7;22,1;66;60;66;104;5,9;1,8;
2026/02/17;2200 UTC;0;1009,2;1009,2;1008,9;26,2;27,6;22,4;29,6;27,6;22,6;22,1;73;66;73;123;3,5;,9;
2026/02/17;2300 UTC;0;1009,5;1009,5;1009,2;;26,4;22,6;27,6;26,4;22,7;22,3;80;73;80;266;2;,3;
2026/02/18;0000 UTC;0;1009,8;1009,8;1009,5;;25,8;22,9;26,4;25,8;23,1;22,6;84;80;84;233;2;,7;
2026/02/18;0100 UTC;0;1010,2;1010,2;1009,7;;25,1;22,7;25,8;25,1;23,2;22,7;86;84;86;280;2,3;,5;
2026/02/18;0200 UTC;0;1010;1010,3;1010;;24,6;22,9;25,1;24,6;23;22,6;91;86;91;318;1,2;,5;
2026/02/18;0300 UTC;0;1009,7;1010;1009,7;;24,5;23,1;24,6;24,5;23,2;22,9;92;91;92;236;1,1;,5;
2026/02/18;0400 UTC;0;1009,3;1009,7;1009,3;;24,2;23,2;24,5;24,2;23,2;22,9;94;92;94;304;,9;,5;
2026/02/18;0500 UTC;0;1008,9;1009,3;1008,9;;24;23,3;24,2;24;23,4;23,2;96;94;96;305;1;,3;
2026/02/18;0600 UTC;0;1008,5;1008,9;1008,5;;24;23,4;24,1;23,9;23,4;23,2;96;96;96;103;,9;,4;
2026/02/18;0700 UTC;0;1008,4;1008,5;1008,3;;23,7;23,2;24;23,6;23,4;23;97;96;97;22;1,2;,4;
2026/02/18;0800 UTC;0;1008,6;1008,6;1008,4;;23,3;22,8;23,7;23,3;23,1;22,8;97;97;97;228;1,2;,2;
2026/02/18;0900 UTC;0;1008,9;1008,9;1008,6;9,2;23,3;22,9;23,5;23,2;23;22,8;98;97;98;259;1,4;,6;
2026/02/18;1000 UTC;0;1009,4;1009,4;1008,8;446,3;25,9;25,1;26,1;23,3;25,6;23;98;95;95;240;1,4;,7;
2026/02/18;1100 UTC;0;1009,6;1009,6;1009,4;1282,8;29;24,1;29,1;26;25,8;23,8;96;75;75;120;2;,7;
2026/02/18;1200 UTC;0;1009,8;1009,8;1009,5;2068,5;31,6;23,9;31,9;28,9;24,9;23,7;75;63;64;98;2,5;1;
2026/02/18;1300 UTC;0;1009,9;1010;1009,8;2719,8;33,2;22;33,3;31,3;24,1;21,5;64;51;52;120;3,8;,9;
2026/02/18;1400 UTC;0;1009,5;1009,9;1009,5;3214,3;34,4;21,9;34,8;32,9;23,4;21,3;55;48;48;124;4,7;1,8;
2026/02/18;1500 UTC;0;1008,8;1009,5;1008,8;3488,8;35,8;21,9;35,8;34,2;23,2;20,6;51;44;45;89;4,8;2,2;
2026/02/18;1600 UTC;0;1008,2;1008,8;1008,2;3509,1;35,8;21;36,1;35,2;22,2;19,7;46;40;42;121;4,5;1,7;
2026/02/18;1700 UTC;0;1007,7;1008,2;1007,6;2939,3;34,3;22,7;36,1;34,1;23,6;20,7;51;42;51;135;6,3;2,5;
2026/02/18;1800 UTC;0;1007,4;1007,9;1007,4;1334,4;30,6;21,4;34,8;30,2;23,2;20,3;59;47;58;61;6,5;1,8;
2026/02/18;1900 UTC;0;1007,2;1007,4;1007,2;2161,3;32,4;21,6;32,4;30,4;22,8;20,9;59;51;53;43;4,4;1,3;
2026/02/18;2000 UTC;0;1006,8;1007,2;1006,7;1440,7;31,9;21,5;32,5;31,9;22,2;20,7;55;50;54;21;3,1;1,3;
2026/02/18;2100 UTC;0;1007,3;1007,3;1006,7;272,1;30,1;21,7;32;30,1;22;21,1;61;53;61;76;3,2;1,2;
2026/02/18;2200 UTC;0;1007,8;1007,8;1007,3;6,8;27,5;22,8;30,1;27,4;22,9;21,7;76;61;76;226;2,5;1,5;
2026/02/18;2300 UTC;0;1008;1008,1;1007,8;;26,6;21,8;27,6;26,6;22,9;21,8;77;73;75;264;4,4;,8;
2026/02/19;0000 UTC;0;1008,5;1008,5;1008;;25,9;21,5;26,6;25,7;21,8;21,4;78;74;77;264;2,8;,5;
2026/02/19;0100 UTC;0;1008,8;1008,8;1008,5;;24,6;21,8;25,9;24,6;21,8;21,4;84;77;84;309;1,7;,7;
2026/02/19;0200 UTC;0;1008,9;1009;1008,8;;23,9;21,8;24,6;23,9;21,8;21,6;88;84;88;305;1,7;,4;
2026/02/19;0300 UTC;0;1008,9;1009;1008,9;;23,6;21,9;24;23,6;22,3;21,7;91;88;91;266;1,1;,6;
2026/02/19;0400 UTC;0;1008,1;1008,9;1008,1;;23,2;21,9;23,6;23,2;22,1;21,9;92;91;92;311;1,2;,4;
2026/02/19;0500 UTC;0;1007,6;1008,2;1007,6;;23,1;22,1;23,2;23;22,1;21,8;94;92;94;247;1,9;,9;
2026/02/19;0600 UTC;0;1007,2;1007,6;1007,2;;22,7;21,8;23,1;22,7;22,1;21,8;95;94;95;347;2,4;,5;
2026/02/19;0700 UTC;0;1007;1007,2;1006,9;;22,4;21,7;22,7;22,4;22;21,6;96;95;96;285;1,7;,6;
2026/02/19;0800 UTC;0;1007,1;1007,1;1006,9;;22,3;21,7;22,5;22,3;21,8;21,6;97;96;96;313;1,3;,5;
2026/02/19;0900 UTC;0;1007,4;1007,4;1007;17,6;22,2;21,7;22,4;22,1;21,8;21,6;97;96;97;265;1,5;,5;
2026/02/19;1000 UTC;0;1008,1;1008,1;1007,4;450,2;24,7;23,6;24,7;22,2;23,6;21,8;97;93;93;282;2,7;,6;
2026/02/19;1100 UTC;0;1008,6;1008,6;1008,1;1496,5;28,5;22,3;28,5;24,7;24;21,7;93;68;69;282;2,5;,6;
2026/02/19;1200 UTC;0;1008,9;1008,9;1008,6;2096,2;30,7;23,1;30,7;28,3;23,6;21,5;70;62;64;235;2,5;1,1;
2026/02/19;1300 UTC;0;1009;1009,1;1008,9;2489,2;30,7;22,4;32,3;30,6;23,6;21,7;64;57;61;248;3,4;1,2;
2026/02/19;1400 UTC;0;1008,9;1009,1;1008,9;2342,8;32,1;22,2;32,8;30,7;23,3;20,9;62;52;56;241;3,4;1,9;
2026/02/19;1500 UTC;0;1008,7;1008,9;1008,6;2359,6;31,4;22,7;34;31,3;23,4;20,9;63;48;60;164;4,7;2,1;
2026/02/19;1600 UTC;0;1007,7;1008,7;1007,7;2606,5;33,6;24,8;33,6;30,9;24,8;22,2;64;55;60;29;5,4;2,1;
2026/02/19;1700 UTC;0;1007,3;1007,7;1007,3;3374,6;32,9;23,5;34;32,6;24,7;23;60;56;58;44;5,8;2,6;
2026/02/19;1800 UTC;0;1007,1;1007,4;1007,1;1759,1;31,9;23,2;34,4;31,5;25,2;22,7;61;55;60;85;5,1;2;
2026/02/19;1900 UTC;0;1007,4;1007,4;1007,1;250,6;27;23,6;31,9;26,4;23,6;22;82;60;82;155;7,4;,9;
2026/02/19;2000 UTC;0;1007,4;1007,7;1007,4;360,8;27,8;23,2;27,9;27;23,8;23;81;76;76;283;2,2;,9;
2026/02/19;2100 UTC;0;1007,9;1007,9;1007,4;280,9;28,2;22,9;28,7;27,8;23,8;22,8;77;72;73;71;3,3;1,7;
2026/02/19;2200 UTC;0;1008,8;1008,8;1007,9;3,6;27,4;23,1;28,2;27,4;23,1;22,7;77;73;77;37;3,1;,9;
2026/02/19;2300 UTC;0;1009,3;1009,3;1008,6;;26,7;23,2;27,4;26,7;23,3;22,9;82;77;81;61;2,2;,3;
2026/02/20;0000 UTC;0;1010;1010;1009,2;;25,7;23,7;26,7;25,7;23,8;23,2;89;81;89;280;3,1;,9;
2026/02/20;0100 UTC;0;1010,3;1010,5;1010;;25,6;23,4;25,9;25,6;24;23,4;89;87;88;272;3,2;1;
2026/02/20;0200 UTC;0;1009,8;1010,6;1009,8;;25,5;23,5;25,7;25,3;23,7;23,2;89;88;88;11;3,5;1,2;
2026/02/20;0300 UTC;0;1010;1010,4;1009,8;;25;22,8;25,5;25;23,5;22,8;89;87;87;293;3,4;,9;
2026/02/20;0400 UTC;0;1009,3;1010;1009,3;;24,6;22,5;25,1;24,6;22,8;22,2;88;85;88;256;2,7;,7;
2026/02/20;0500 UTC;0;1009,4;1009,4;1009,3;;24,3;22,8;24,6;24,2;22,8;22,5;91;88;91;257;2;1;
2026/02/20;0600 UTC;0;1009;1009,4;1009;;23,9;22,6;24,3;23,9;22,8;22,6;92;91;92;309;2,9;,6;
2026/02/20;0700 UTC;0;1008,9;1009;1008,9;;23,8;22,7;23,9;23,8;22,8;22,6;93;92;93;324;1,7;,4;
2026/02/20;0800 UTC;0;1008,8;1009;1008,8;;23,5;22,4;23,9;23,5;22,7;22,4;93;93;93;284;2;,8;
2026/02/20;0900 UTC;0;1008,9;1009,1;1008,8;15,2;23,3;22,3;23,5;23,2;22,4;22,2;94;93;94;351;2,1;,3;
2026/02/20;1000 UTC;0;1009,5;1009,5;1008,9;408,4;25,8;23,3;25,8;23,3;23,6;22,3;95;86;86;276;1,8;,8;
2026/02/20;1100 UTC;0;1009,8;1009,9;1009,5;1178,3;27,8;22,4;28,2;25,3;23,3;22,2;86;72;73;253;2,3;1,1;
2026/02/20;1200 UTC;0;1009,8;1009,8;1009,7;1774,2;29,7;23,5;29,7;27,8;23,8;22,6;75;68;70;270;3,3;,6;
2026/02/20;1300 UTC;0;1009,5;1009,8;1009,5;2170;30,5;23;30,8;29,3;23,9;22,4;70;63;64;206;3,1;1,1;
2026/02/20;1400 UTC;0;1008,8;1009,5;1008,8;2587;31,8;23,2;32,8;29,6;24;22,1;68;57;60;106;3,2;1,4;
2026/02/20;1500 UTC;0;1008;1008,8;1007,9;1972,9;31,7;22,3;32,5;30,7;23,8;22,3;63;57;58;136;4,1;1,7;
2026/02/20;1600 UTC;0;1007,1;1008;1007,1;1857,7;32;21,8;33,2;31,2;23,5;20,9;61;49;55;330;3,6;,7;
2026/02/20;1700 UTC;0;1007;1007,2;1006,8;1261;30,7;23,6;32;29,4;25;21,9;76;55;66;104;5,2;,8;
2026/02/20;1800 UTC;0;1007,6;1007,6;1007;112,2;25,4;22,8;30,7;25,4;23,9;22,2;86;66;86;132;6,5;3,5;
2026/02/20;1900 UTC;0;1007,5;1007,6;1006,8;520,9;26,1;23,1;26,1;24,6;23,5;22,2;88;84;84;25;6,5;1,5;
2026/02/20;2000 UTC;0;1007,1;1007,5;1007,1;478;26,3;23,2;26,6;26,1;23,3;22,5;84;80;84;57;2,8;,9;
2026/02/20;2100 UTC;0;1007,6;1007,6;1007;202,5;26,2;23,6;26,4;26,1;23,7;23,2;86;83;86;299;2,2;,5;
2026/02/20;2200 UTC;0;1008,4;1008,4;1007,5;15,7;25,7;23,7;26,2;25,6;23,7;23,5;89;86;89;340;1,8;,7;
2026/02/20;2300 UTC;0;1008,6;1008,6;1008,4;;25,4;23,7;25,7;25,4;23,9;23,7;90;89;90;306;1,6;,5;
2026/02/21;0000 UTC;0;1009,6;1009,6;1008,5;;24,9;23,5;25,4;24,9;23,7;23,4;92;90;92;279;1,4;,5;
2026/02/21;0100 UTC;0;1009,9;1009,9;1009,6;;24,9;23,7;25,2;24,9;23,9;23,5;93;92;93;35;2;,2;
2026/02/21;0200 UTC;0;1010;1010,2;1009,9;;24,9;23,9;25,1;24,9;24;23,7;94;93;94;359;1,6;,8;
2026/02/21;0300 UTC;0;1009,4;1010,1;1009,4;;24,7;23,8;24,9;24,7;23,8;23,7;95;94;95;15;1,8;,7;
2026/02/21;0400 UTC;0;1008,9;1009,4;1008,9;;24,3;23,6;24,7;24,3;23,8;23,5;96;95;96;320;1,5;,2;
2026/02/21;0500 UTC;0;1008,3;1009;1008,3;;24;23,4;24,4;24;23,6;23,4;97;96;96;6;1,2;,6;
2026/02/21;0600 UTC;0;1008,1;1008,3;1008;;23,8;23,3;24;23,7;23,4;23,2;97;96;97;206;1,2;,4;
2026/02/21;0700 UTC;0;1008,4;1008,4;1008,1;;23,8;23,4;23,8;23,7;23,4;23,3;98;97;98;275;1,2;,6;
2026/02/21;0800 UTC;0;1008,5;1008,5;1008,3;;24;23,7;24;23,8;23,7;23,4;98;98;98;276;1,4;,7;
2026/02/21;0900 UTC;0;1008,8;1008,8;1008,5;6,1;24,1;23,8;24,1;24;23,8;23,6;98;98;98;19;1,7;,3;
2026/02/21;1000 UTC;0;1009,6;1009,6;1008,8;208,7;24,8;24,6;24,9;24,1;24,6;23,8;99;98;98;344;1,8;,6;
2026/02/21;1100 UTC;0;1010;1010;1009,6;1120,7;28,2;25,4;28,2;24,8;26,4;24,6;99;85;85;178;2,1;,7;
2026/02/21;1200 UTC;0;1010,5;1010,5;1009,9;1058,1;28,2;24,2;28,4;28;25,5;23,7;85;77;79;200;2,9;1,4;
2026/02/21;1300 UTC;0;1010,7;1010,8;1010,5;2251,6;30,1;23,4;30,4;28,1;26;23,3;80;67;67;194;3,4;1,1;
2026/02/21;1400 UTC;0;1010,3;1010,8;1010,3;2740,6;31,9;23,5;32,3;30,2;25,1;22,8;69;61;61;165;3,3;1,4;
2026/02/21;1500 UTC;0;1009,6;1010,3;1009,6;3253,5;33;23;33;31,6;24,1;22;62;53;56;144;3,4;1;
2026/02/21;1600 UTC;0;1008,7;1009,6;1008,7;3372;34,1;22,1;34,5;32,1;23,9;21,8;60;48;50;176;4,3;2;
2026/02/21;1700 UTC;11,8;1009,6;1009,7;1008,2;939,5;23,6;21;34,7;23,6;23,9;20,8;85;50;85;257;8;3,5;
2026/02/21;1800 UTC;11,2;1008,7;1009,7;1008,7;463;24,4;22,3;24,8;22,8;22,8;20,3;90;84;88;297;11,5;,8;
2026/02/21;1900 UTC;0;1008,8;1008,8;1008,5;1175,1;27,2;23,7;27,4;24,4;25;22,4;91;80;81;299;2,5;,9;
2026/02/21;2000 UTC;0;1009,5;1009,5;1008,7;411,6;26,3;23,6;27,3;26,2;23,9;23,3;85;79;85;354;2;,5;
2026/02/21;2100 UTC;0;1009,6;1009,8;1009,4;93,9;25,8;23,8;26,5;25,8;24;23,5;89;84;89;18;1,6;,8;
2026/02/21;2200 UTC;0;1010,1;1010,3;1009,6;3,4;25,5;24,2;25,8;25,4;24,3;23,8;93;89;93;335;1,6;,5;
2026/02/21;2300 UTC;0;1010,7;1010,7;1010,1;;25;23,6;25,5;24,9;24,2;23,6;93;92;92;262;2,4;1,1;
2026/02/22;0000 UTC;0;1011,6;1011,6;1010,7;;24,5;23,3;25;24,5;23,7;23,2;93;92;93;296;2,2;,4;
2026/02/22;0100 UTC;0;1011,7;1011,7;1011,5;;23,6;22,3;24,5;23,6;23,3;22,3;93;91;92;342;1,8;,7;
2026/02/22;0200 UTC;0;1011,4;1011,7;1011,4;;23;22,1;23,6;23;22,2;22,1;95;92;95;20;1,6;,5;
2026/02/22;0300 UTC;0;1011,2;1011,5;1011,2;;22,7;22,2;23;22,6;22,2;22;97;95;97;186;1,4;,2;
2026/02/22;0400 UTC;0;1010,7;1011,2;1010,7;;22,7;22,3;22,8;22,6;22,3;22,2;97;97;97;310;,9;,3;
2026/02/22;0500 UTC;0;1010,4;1010,7;1010,4;;22,7;22,4;22,8;22,7;22,4;22,3;98;97;98;267;1,3;,6;
2026/02/22;0600 UTC;0;1010,5;1010,6;1010,4;;22,6;22,3;22,7;22,6;22,4;22,3;98;98;98;319;1,4;,6;
2026/02/22;0700 UTC;0;1010,2;1010,5;1010,1;;22,7;22,5;22,7;22,5;22,5;22,3;99;98;99;356;1,3;,4;
2026/02/22;0800 UTC;0;1010,3;1010,3;1010,2;;22,8;22,6;22,9;22,7;22,6;22,5;99;99;99;317;1,3;,7;
2026/02/22;0900 UTC;0;1010,4;1010,4;1010,1;12,6;22,8;22,6;22,8;22,5;22,6;22,3;99;99;99;254;2,2;,7;
2026/02/22;1000 UTC;0;1010,6;1010,6;1010,4;306,1;23,9;23,7;23,9;22,8;23,8;22,6;99;99;99;295;2,6;,5;
2026/02/22;1100 UTC;0;1011,2;1011,2;1010,6;1048,8;26,8;24,8;27;23,9;25,3;23,8;99;87;89;177;3,2;1,5;
2026/02/22;1200 UTC;0;1011,8;1011,8;1011,2;1385,3;27,1;23,5;28,3;26,8;25;23,1;89;78;80;284;4,1;1,5;
2026/02/22;1300 UTC;0;1011,8;1011,8;1011,7;1947,2;29,2;23,5;29,4;26,9;24,5;22,8;81;72;72;291;4,2;1,6;
2026/02/22;1400 UTC;0;1011,3;1011,8;1011,3;1265,3;28,7;23;29,2;28,4;24;22,8;75;70;71;252;3,8;1;
2026/02/22;1500 UTC;0;1010,8;1011,3;1010,8;3225,2;31,5;23;31,7;28,7;24,7;21,8;74;56;61;119;2,9;1,4;
2026/02/22;1600 UTC;0;1010,3;1010,8;1010,3;1629,4;29,7;24,6;32,2;29;24,8;22,9;74;61;74;147;6,4;2,7;
2026/02/22;1700 UTC;0;1009,6;1010,3;1009,6;1590,4;29,4;23,5;30,4;29;25,3;23,5;77;70;71;129;5,4;2,6;
2026/02/22;1800 UTC;,4;1009,6;1009,7;1009,2;262;26,4;24,1;29,4;26,4;24,1;23,1;87;70;87;322;5,4;,7;
2026/02/22;1900 UTC;1,6;1009,2;1009,7;1009,1;155,8;25,1;23,8;26,4;24,9;24,1;22,6;93;85;93;270;7,8;,9;
2026/02/22;2000 UTC;0;1009,6;1009,8;1009,2;152,6;24,7;23,7;25,1;24,2;23,9;22,8;94;92;94;54;3,1;1;
2026/02/22;2100 UTC;0;1010;1010;1009,5;116,1;24,6;23,6;24,8;24,6;23,8;23,5;95;93;94;79;3,2;,7;
2026/02/22;2200 UTC;0;1009,6;1010,1;1009,6;3,7;24,4;23,5;24,6;24,3;23,6;23,2;95;94;95;20;2,1;,7;
2026/02/22;2300 UTC;,4;1010;1010;1009,5;;24;23,3;24,4;23,9;23,6;23,2;96;95;96;29;2,7;,5;
2026/02/23;0000 UTC;0;1010,5;1010,5;1010;;24;23,5;24;23,9;23,5;23,3;97;96;97;311;1,4;,5;
2026/02/23;0100 UTC;0;1010,4;1010,6;1010,4;;23,8;23,4;24;23,8;23,6;23,4;98;97;98;30;2;,8;
2026/02/23;0200 UTC;0;1011;1011;1010,4;;23,8;23,6;23,9;23,7;23,6;23,4;98;98;98;301;1,8;,5;
2026/02/23;0300 UTC;0;1010,5;1011;1010,5;;23,6;23,4;23,8;23,6;23,5;23,4;99;98;99;259;1,3;,7;
2026/02/23;0400 UTC;0;1009,8;1010,5;1009,8;;23,5;23,4;23,6;23,5;23,4;23,3;99;99;99;74;1,4;,6;
2026/02/23;0500 UTC;0;1009,1;1009,8;1009,1;;23,3;23,2;23,5;23,3;23,4;23,2;99;99;99;337;1,2;,4;
2026/02/23;0600 UTC;0;1009,1;1009,2;1009;;23,3;23,3;23,4;23,2;23,3;23,1;100;99;100;207;1,4;,4;
2026/02/23;0700 UTC;0;1008,9;1009,1;1008,8;;23,3;23,2;23,5;23,3;23,4;23,2;100;99;100;300;1,2;,5;
2026/02/23;0800 UTC;0;1009;1009;1008,9;;23,3;23,3;23,3;23,2;23,3;23,2;100;100;100;299;1,5;,6;
2026/02/23;0900 UTC;0;1009;1009,3;1009;5;23,3;23,3;23,3;23,2;23,3;23,2;100;100;100;267;1,8;,6;
2026/02/23;1000 UTC;0;1009,4;1009,4;1008,9;167,6;23,7;23,7;23,8;23,3;23,8;23,3;100;100;100;298;1,5;,4;
2026/02/23;1100 UTC;0;1009,5;1009,6;1009,4;697,8;25,7;25,7;25,8;23,7;25,8;23,7;100;100;100;351;2;,3;
2026/02/23;1200 UTC;0;1010;1010;1009,4;1546,5;28;24,5;28,1;25,7;26,7;23,9;100;81;81;190;2,7;,6;
2026/02/23;1300 UTC;0;1010,2;1010,2;1010;1826,3;28,2;22,7;29,7;27,4;24,4;22,6;81;69;72;175;3;,9;
2026/02/23;1400 UTC;0;1009,6;1010,2;1009,6;2339;30,9;23,4;31;28,2;24,3;22,3;74;64;65;169;2,9;1,2;
2026/02/23;1500 UTC;0;1009;1009,7;1009;3599,9;31,7;23,2;32;30,3;24,1;22;67;57;61;201;3,4;1,2;
2026/02/23;1600 UTC;0;1008,1;1009;1008,1;1864,3;30;23,8;32;30;24;22,1;70;56;69;266;3,4;1,5;
2026/02/23;1700 UTC;0;1007,2;1008,1;1007,2;681,5;28,3;23,9;30,7;28,3;24,7;23,4;77;68;77;283;3,4;1,4;
2026/02/23;1800 UTC;0;1008,1;1008,1;1007,2;327,8;26,4;22,8;28,3;26,4;24,1;22,7;80;74;80;196;6,2;3;
2026/02/23;1900 UTC;0;1008;1008,1;1007,6;266,7;25,1;22,7;26,4;25;23,1;22,1;87;80;86;64;6,5;1,6;
2026/02/23;2000 UTC;0;1008;1008,2;1007,9;137,3;24,9;23;25,3;24,9;23;22,6;89;85;89;296;3;,4;
2026/02/23;2100 UTC;3,2;1008;1008,1;1007,7;42,7;24,1;22,9;24,9;24,1;23;22,7;93;89;93;66;2,8;1,1;
2026/02/23;2200 UTC;26,6;1008,8;1008,9;1008;3,8;23,8;23,4;24,1;23,5;23,4;22,8;98;93;98;87;7,8;2,4;
2026/02/23;2300 UTC;2;1009,4;1009,4;1008,8;;24,1;23,9;24,2;23,8;24;23,5;99;98;99;52;4,6;2;
2026/02/24;0000 UTC;0;1009,5;1009,6;1009,4;;23,8;23,4;24,1;23,8;23,9;23,4;99;98;98;65;4,5;,3;
2026/02/24;0100 UTC;,2;1009,2;1009,6;1009,2;;23,8;23,5;23,8;23,7;23,5;23,3;98;98;98;103;1,4;,7;
2026/02/24;0200 UTC;0;1009,1;1009,4;1009,1;;24,1;23,9;24,1;23,7;23,9;23,4;99;98;99;59;2,6;,9;
2026/02/24;0300 UTC;0;1008,5;1009,1;1008,5;;24,3;24,1;24,3;23,9;24,1;23,6;99;98;99;89;2,8;1,1;
2026/02/24;0400 UTC;0;1008;1008,5;1008;;24,3;23,9;24,4;24,2;24,1;23,9;99;98;98;61;3,4;1,4;
2026/02/24;0500 UTC;0;1007,2;1008;1007,2;;24,2;23,6;24,4;24,1;24;23,5;98;97;97;66;3,2;1,2;
2026/02/24;0600 UTC;0;1006,6;1007,2;1006,6;;23,7;23,3;24,2;23,7;23,6;23,3;97;97;97;323;2,9;,3;
2026/02/24;0700 UTC;0;1007;1007;1006,6;;23,7;23,4;23,8;23,5;23,4;23,2;98;97;98;92;1,7;1;
2026/02/24;0800 UTC;0;1007,2;1007,2;1006,9;;23,4;23,1;23,7;23,4;23,5;23,1;99;98;99;44;1,7;,5;
2026/02/24;0900 UTC;0;1007,1;1007,2;1007;4,3;23,4;23,2;23,5;23,4;23,3;23,1;99;99;99;310;2,4;,5;
2026/02/24;1000 UTC;0;1007,5;1007,5;1007,1;126,9;24,1;23,9;24,1;23,4;23,9;23,2;99;99;99;265;1,1;,4;
2026/02/24;1100 UTC;0;1007,7;1007,8;1007,5;369,5;25,1;24,6;25,1;24,1;24,6;23,9;99;97;97;128;1,3;,6;
2026/02/24;1200 UTC;0;1007,7;1007,7;1007,5;675,1;26,4;24,8;26,4;25,1;25;24,5;98;91;91;63;2,1;,8;
2026/02/24;1300 UTC;0;1007,8;1007,8;1007,7;1032,5;27,8;24,3;28;26,4;24,9;24,2;91;81;81;72;3,6;1,6;
2026/02/24;1400 UTC;0;1007,4;1007,8;1007,4;1459,4;28,7;24;28,8;27,5;24,7;23,6;82;76;76;44;3,6;1,2;
2026/02/24;1500 UTC;0;1007;1007,4;1007;1712;29,3;23,7;30;28,6;24,8;23,5;77;70;72;93;3,9;1,7;
2026/02/24;1600 UTC;,2;1006,2;1007;1006,2;2530,1;30,9;24,4;30,9;29,3;24,7;23,4;73;66;68;110;4;1,9;
2026/02/24;1700 UTC;0;1005,5;1006,2;1005,5;1281,8;28,1;24,6;31;28;24,6;23;81;64;81;54;5,9;1,8;
2026/02/24;1800 UTC;1,6;1004,7;1005,5;1004,7;462,8;26,8;25,2;28,1;26,6;25,2;24,2;91;81;91;356;3,7;,5;
2026/02/24;1900 UTC;,6;1005,5;1005,5;1004,6;136,2;25,7;24,5;26,8;25,7;25,3;24,5;93;91;93;16;3,6;1,3;
2026/02/24;2000 UTC;,4;1005,3;1005,5;1005,2;77;25;24,1;25,7;24,9;24,5;23,8;95;93;95;273;3,6;,6;
2026/02/24;2100 UTC;1,6;1005,3;1005,3;1005;116,8;24,8;24,1;25,1;24,8;24,4;24,1;96;95;96;42;1,8;,8;
2026/02/24;2200 UTC;,2;1005,9;1005,9;1005,3;5,2;24,4;23,7;24,8;24,3;24,1;23,7;96;96;96;85;2,3;1,1;
2026/02/24;2300 UTC;0;1006,2;1006,2;1005,9;;24,5;24;24,5;24,4;24;23,7;97;96;97;75;3,1;1,4;
2026/02/25;0000 UTC;0;1006,1;1006,4;1006,1;;24,4;23,6;24,6;24,4;24;23,6;97;95;95;82;4;1;
2026/02/25;0100 UTC;0;1006;1006,2;1006;;24;23,4;24,4;24;23,6;23,3;96;95;96;61;3,1;1;
2026/02/25;0200 UTC;0;1005,7;1006;1005,6;;23,4;22,8;24,1;23,4;23,4;22,8;97;96;97;228;2,6;,4;
2026/02/25;0300 UTC;0;1005,1;1005,7;1005,1;;23;22,7;23,4;23;22,9;22,7;98;97;98;238;1,3;,4;
2026/02/25;0400 UTC;0;1004,4;1005,2;1004,4;;23;22,8;23,1;22,9;22,8;22,6;99;98;99;240;,9;,3;
2026/02/25;0500 UTC;0;1003,9;1004,4;1003,9;;23,2;23;23,2;22,7;23,1;22,5;99;99;99;225;1,3;,5;
2026/02/25;0600 UTC;0;1003,4;1003,9;1003,4;0;23,2;23,2;23,3;23,2;23,2;23,1;100;99;100;351;1,2;,5;
2026/02/25;0700 UTC;0;1003,5;1003,5;1003,3;;23,1;23;23,3;23;23,2;23;100;100;100;32;2;,6;
2026/02/25;0800 UTC;0;1003,9;1004;1003,5;,1;23,1;23,1;23,1;23;23,1;23;100;100;100;243;1,3;,5;
2026/02/25;0900 UTC;0;1004,6;1004,6;1003,9;4,7;23,1;23,1;23,1;23;23,1;23;100;100;100;186;1,4;,5;
2026/02/25;1000 UTC;0;1005,2;1005,2;1004,5;87;23,4;23,4;23,5;23,1;23,5;23,1;100;100;100;282;1,4;,5;
2026/02/25;1100 UTC;0;1005,3;1005,4;1005,2;600,3;24,8;24,8;25;23,4;25;23,4;100;100;100;194;1,3;,5;
2026/02/25;1200 UTC;0;1005,3;1005,4;1005,2;1124,4;26,8;24,4;26,9;24,8;25,7;24,2;100;86;87;35;2,3;,6;
2026/02/25;1300 UTC;0;1005;1005,3;1005;1947,3;28,5;23,4;29;26,8;24,7;22,9;87;73;74;68;2;,6;
2026/02/25;1400 UTC;,2;1004,2;1004,9;1004,2;3119,8;30,5;23,6;30,8;28,1;25;22,9;76;67;67;28;2,5;,8;
2026/02/25;1500 UTC;0;1003,3;1004,2;1003,3;3420,5;31,6;24,4;31,7;30,2;25,4;23,3;71;64;66;79;3,1;1,3;
2026/02/25;1600 UTC;0;1002,4;1003,3;1002,4;2731;31,7;23;32,2;30,5;24,9;22,8;68;59;60;153;3,8;1,5;
2026/02/25;1700 UTC;0;1001,6;1002,4;1001,6;3041,7;32,7;23,8;33,6;31,4;25,2;22,5;64;56;60;225;3,8;1,7;
2026/02/25;1800 UTC;0;1001;1001,6;1000,9;2602,6;31,6;24,5;34;31,6;25;22,9;66;55;66;184;5,9;2,5;
2026/02/25;1900 UTC;5,6;1001,2;1001,2;1000,6;258,6;27,3;24,7;31,6;27,3;24,9;24,2;86;66;86;77;7,5;2,6;
2026/02/25;2000 UTC;22;1001,5;1001,6;1001,1;94,2;25;24,2;27,3;24,8;24,7;23,7;95;86;95;30;7,2;2,8;
2026/02/25;2100 UTC;11,6;1001,4;1001,6;1001;258,1;25,4;25;25,5;25;25,1;24,2;98;95;98;10;6,7;1,1;
2026/02/25;2200 UTC;0;1001,7;1001,9;1001,2;3,3;25,5;25,1;25,5;25,3;25,2;24,9;98;98;98;56;2,5;,8;
2026/02/25;2300 UTC;0;1002,9;1002,9;1001,7;;25,5;25,3;25,6;25,4;25,3;25,1;99;98;98;75;1,8;,8;
2026/02/26;0000 UTC;0;1002,6;1002,9;1002,3;;25,5;25,3;25,6;25,5;25,3;25,3;99;98;99;98;2,1;1;
2026/02/26;0100 UTC;0;1002,3;1002,8;1002,1;;25,3;25,2;25,5;25,2;25,3;25,1;99;99;99;55;2,8;1;
2026/02/26;0200 UTC;0;1001,6;1002,3;1001,6;;25;24,9;25,3;25;25,2;24,9;100;99;100;314;2,5;,5;
2026/02/26;0300 UTC;0;1001,2;1001,8;1001,2;;24,8;24,8;25,1;24,8;25;24,8;100;100;100;107;1,3;,6;
2026/02/26;0400 UTC;0;1000,5;1001,3;1000,5;;24,9;24,9;25;24,8;25;24,8;100;100;100;112;1,5;,8;
2026/02/26;0500 UTC;0;1000,5;1000,6;1000,5;;24,9;24,9;24,9;24,8;24,9;24,8;100;100;100;260;3;1,4;
2026/02/26;0600 UTC;,4;1000,1;1000,5;1000;;24,9;24,9;25;24,9;25;24,9;100;100;100;31;3;,9;
2026/02/26;0700 UTC;,2;1000;1000,2;1000;;24,9;24,9;24,9;24,8;24,9;24,8;100;100;100;233;2,5;1;
2026/02/26;0800 UTC;0;1000,4;1000,4;999,9;;24,8;24,8;24,9;24,7;24,9;24,7;100;100;100;63;2,1;1,3;
2026/02/26;0900 UTC;0;1000,5;1000,6;1000,4;;24,5;24,5;24,8;24,5;24,8;24,5;100;100;100;37;2,1;,7;
2026/02/26;1000 UTC;0;1001,1;1001,1;1000,5;33,2;24,5;24,5;24,5;24,4;24,5;24,4;100;100;100;65;1,6;,5;
2026/02/26;1100 UTC;0;1001,8;1001,8;1001,1;268,3;25,5;25,5;25,5;24,4;25,5;24,4;100;100;100;287;1,5;,6;
2026/02/26;1200 UTC;0;1002,4;1002,4;1001,8;1109,5;26,8;25,4;27,1;25,5;26,9;25,3;100;92;92;249;5;2;
2026/02/26;1300 UTC;0;1002,5;1002,6;1002,4;1520,1;29,1;24,6;29,2;26,8;25,5;24,3;92;77;77;268;5,1;1,2;
2026/02/26;1400 UTC;0;1002,4;1002,5;1002,3;2006,9;30,7;24,3;30,8;29;25,3;23,8;78;69;69;229;4,2;1,8;
2026/02/26;1500 UTC;0;1001,8;1002,5;1001,8;1898,8;31,4;25,2;31,5;30;25,2;23,3;73;67;69;252;4,8;1,2;
2026/02/26;1600 UTC;0;1001,7;1001,9;1001,7;1396,3;29,2;24,4;31,9;29,2;25,6;23,5;75;64;75;151;4,1;2;
2026/02/26;1700 UTC;,8;1001,2;1001,7;1001,1;905,4;27,5;23,8;30,1;27,5;25,3;23,7;81;72;81;196;5,8;2,5;
2026/02/26;1800 UTC;1,4;1001;1001,2;1001;374,8;27,1;25,2;27,5;26,9;25,2;23,9;90;81;89;241;5,9;1,1;
2026/02/26;1900 UTC;13,4;1000,9;1001;1000,6;240,2;24,6;23,2;27,2;24,6;25,3;23,1;92;86;92;208;6,6;2,5;
2026/02/26;2000 UTC;31;1001,8;1001,8;1000,9;104,4;24,8;24,4;24,9;24,5;24,5;23,2;98;92;98;360;6,1;1,4;
2026/02/26;2100 UTC;1,6;1002,7;1002,7;1001,8;92;25;24,7;25;24,7;24,7;24,4;99;98;98;26;2,7;,7;
2026/02/26;2200 UTC;,2;1003,3;1003,3;1002,6;6,9;24,9;24,8;25;24,9;24,8;24,7;99;98;99;19;2,5;1,1;
2026/02/26;2300 UTC;0;1003,7;1003,8;1003,3;,4;24,4;24,2;24,9;24,3;24,8;24,2;99;99;99;31;4,1;2,1;
2026/02/27;0000 UTC;,2;1004,3;1004,3;1003,7;;24,4;24,1;24,5;24,3;24,3;24,1;99;98;99;59;4,1;,4;
2026/02/27;0100 UTC;,4;1004,4;1004,6;1004,3;;24,3;24;24,4;24,3;24,2;24;99;98;98;38;1,5;,7;
2026/02/27;0200 UTC;,6;1004,4;1004,5;1004,4;;24,2;24,1;24,3;24,2;24,1;24;99;98;99;55;1,8;,2;
2026/02/27;0300 UTC;,2;1004,1;1004,4;1004,1;;24,2;24,2;24,3;24,2;24,2;24,1;100;99;100;346;1,3;,4;
2026/02/27;0400 UTC;,4;1003,6;1004,1;1003,6;;24,1;24,1;24,2;24,1;24,1;24,1;100;100;100;287;1,1;,5;
2026/02/27;0500 UTC;,4;1003,3;1003,6;1003,3;;23,9;23,9;24,2;23,9;24,2;23,9;100;100;100;257;2,5;1;
2026/02/27;0600 UTC;0;1002,8;1003,3;1002,7;;23,9;23,9;23,9;23,8;23,9;23,8;100;100;100;241;2,5;,9;
2026/02/27;0700 UTC;1,8;1002,8;1002,8;1002,6;;23,6;23,6;23,9;23,6;23,9;23,6;100;100;100;243;2,4;,8;
2026/02/27;0800 UTC;0;1003;1003,1;1002,8;;23,6;23,6;23,6;23,5;23,6;23,5;100;100;100;260;2,3;,9;
2026/02/27;0900 UTC;0;1003,5;1003,5;1003;1,3;23,5;23,5;23,6;23,5;23,6;23,5;100;100;100;302;2,1;,4;
2026/02/27;1000 UTC;,4;1004,6;1004,6;1003,5;174,5;23,8;23,8;24;23,5;24;23,5;100;100;100;224;7,1;2;
2026/02/27;1100 UTC;40,8;1005,8;1005,9;1004,6;49,7;23,4;23,4;23,8;23,1;23,7;23,1;100;100;100;250;7,1;1,7;
2026/02/27;1200 UTC;27;1006,2;1006,2;1005,8;16,8;23,4;23,4;23,5;23,4;23,5;23,4;100;100;100;263;5,3;1,6;
2026/02/27;1300 UTC;12,6;1006,9;1006,9;1006,2;60,9;23,5;23,5;23,6;23,4;23,6;23,5;100;100;100;263;4,3;1,6;
2026/02/27;1400 UTC;5;1006,8;1006,9;1006,8;172,4;23,6;23,6;23,7;23,4;23,7;23,4;100;100;100;283;4,3;1;
2026/02/27;1500 UTC;1,8;1006,9;1006,9;1006,8;432,3;24,5;;24,6;23,6;;;;;;274;4,4;1,6;
2026/02/27;1600 UTC;0;1006,6;1006,9;1006,5;1068,9;26,4;25,5;26,4;24,5;25,7;24,7;100;95;95;248;6,4;2,3;
2026/02/27;1700 UTC;0;1006,7;1006,7;1006,5;1251;25,5;22,9;26,5;25,5;25,6;22,9;95;85;86;257;8,2;3,1;
2026/02/27;1800 UTC;0;1006,5;1006,9;1006,5;738,8;24,3;22,3;25,5;24,1;23;22;89;85;89;279;7;2,4;
2026/02/27;1900 UTC;1;1006,2;1006,6;1006,2;791,4;25,1;23,4;25,1;23,9;23,5;22,1;92;88;91;271;5;2;
2026/02/27;2000 UTC;0;1006,6;1006,6;1006,1;813,5;25,8;22,6;26;25,1;23,9;22,6;91;82;82;256;5,1;2,1;
2026/02/27;2100 UTC;0;1007,2;1007,2;1006,6;252,1;24,8;22,5;25,9;24,8;22,7;22,5;88;82;87;261;5,5;1,6;
2026/02/27;2200 UTC;0;1007,9;1007,9;1007,2;14,9;24,3;21,9;24,8;24,2;22,5;21,9;88;86;87;259;4,7;1,8;
2026/02/27;2300 UTC;0;1008,9;1008,9;1007,9;;24;22;24,7;23,9;22;21,5;88;83;88;264;6,5;1,1;
2026/02/28;0000 UTC;0;1009,5;1009,5;1008,9;;23,5;21,9;24,1;23,5;22,1;21,8;91;88;91;255;3,4;1,6;
2026/02/28;0100 UTC;0;1009,7;1009,8;1009,5;;23,1;21,8;23,5;23,1;22;21,8;93;91;93;258;3,4;1,4;
2026/02/28;0200 UTC;0;1009,5;1009,8;1009,5;;22,6;21,2;23,2;22,6;21,9;21,2;93;92;92;263;3,3;1,1;
2026/02/28;0300 UTC;0;1009,1;1009,5;1009,1;;22,3;20,7;22,7;22,1;21,3;20,7;92;91;91;258;3,1;1,3;
2026/02/28;0400 UTC;0;1008,7;1009,1;1008,7;;21,5;20,1;22,3;21,5;20,7;20;91;90;91;247;3,1;1,1;
2026/02/28;0500 UTC;0;1008,3;1008,7;1008,2;;21;20;21,5;20,9;20,1;19,9;94;91;94;258;2,3;,8;
2026/02/28;0600 UTC;0;1007,9;1008,3;1007,9;;20,8;20,1;21;20,7;20,2;19,9;96;94;96;258;2,5;1,1;
2026/02/28;0700 UTC;0;1007,6;1007,9;1007,6;;20,8;20,1;20,9;20,6;20,2;19,9;96;95;95;272;2,5;,9;
2026/02/28;0800 UTC;0;1007,8;1007,8;1007,6;;20,5;19,5;20,8;20,5;20;19,5;95;94;94;265;3,1;,9;
2026/02/28;0900 UTC;0;1007,9;1007,9;1007,7;5,3;20,4;19,6;20,7;20,4;19,8;19,5;95;94;95;249;2,7;,8;
2026/02/28;1000 UTC;0;1008,4;1008,4;1007,8;300,1;23,3;21,8;23,3;20,4;21,8;19,6;96;90;91;278;2,3;,9;
2026/02/28;1100 UTC;0;1008,7;1008,8;1008,4;904,3;25,1;21,3;25,1;22,9;21,9;20,7;91;80;80;253;4,6;1,5;
2026/02/28;1200 UTC;0;1009,2;1009,2;1008,7;1606;25,6;20,3;26,3;24,7;21,4;20,1;79;71;72;247;7,5;3,3;
2026/02/28;1300 UTC;0;1009,7;1009,7;1009,2;1787,3;25,5;20,7;26,6;25,4;20,9;20,1;75;69;75;270;7,7;2,4;
2026/02/28;1400 UTC;0;1009,6;1009,8;1009,6;1802,1;26,6;19,9;27,1;25,5;21,3;19,7;75;66;67;238;6,8;2,9;
2026/02/28;1500 UTC;,2;1009,5;1009,6;1009,5;1262,2;25,3;20,1;27,3;25,3;21,3;19,7;74;66;73;264;7,1;2,5;
2026/02/28;1600 UTC;0;1009,4;1009,6;1009,3;548,8;24,8;20,1;25,4;24,4;20,7;19,9;78;73;75;272;6,1;1,5;
2026/02/28;1700 UTC;0;1009;1009,4;1009;1026,8;25,6;19,7;26;24,7;20,6;19,3;76;67;70;266;4,4;1,5;
2026/02/28;1800 UTC;0;1008,6;1009;1008,6;1198,9;26,1;19,5;26,7;25,4;20,6;19,2;72;66;67;286;4,9;1,3;
2026/02/28;1900 UTC;0;1008,7;1008,7;1008,4;772,9;25,8;19,9;26,2;25,8;20,5;19,1;71;65;70;275;5,1;1,3;
2026/02/28;2000 UTC;0;1008,8;1008,8;1008,6;526;25,1;19,7;25,8;25;20,2;19,4;73;70;72;267;4,3;1,3;
2026/02/28;2100 UTC;0;1009,2;1009,2;1008,8;315,8;24,2;20,1;25,1;24,2;20,1;19,3;78;71;78;288;3,3;1;
2026/02/28;2200 UTC;0;1009,7;1009,7;1009,1;6,6;23,5;19,5;24,2;23;20,1;19,4;83;78;78;255;4,1;1,8;
2026/02/28;2300 UTC;0;1010,3;1010,3;1009,6;;22;20,1;23,5;22;20,1;19,4;89;78;89;269;4,7;,7;
2026/03/01;0000 UTC;0;1011;1011;1010,3;;22,4;19,6;22,9;22;20,6;19,6;90;83;84;288;4,4;,8;
2026/03/01;0100 UTC;0;1011,2;1011,2;1011;;21,1;19,6;22,4;21;19,7;19,5;92;84;92;258;2,5;,7;
2026/03/01;0200 UTC;0;1010,7;1011,2;1010,7;;20,4;19,4;21;20,2;19,6;19;94;92;94;279;1,8;,6;
2026/03/01;0300 UTC;0;1010,4;1011;1010,4;;21;19,7;22;20,3;21;19,4;95;92;92;254;4,9;,8;
2026/03/01;0400 UTC;0;1009,9;1010,4;1009,9;;20,3;19,2;21;20,3;19,9;19,2;94;92;94;281;2,9;,6;
2026/03/01;0500 UTC;0;1009,2;1009,9;1009,2;;20;19,3;20,4;19,8;19,4;19;96;94;96;268;2,1;,7;
2026/03/01;0600 UTC;0;1009;1009,2;1009;;19,8;19,2;20,2;19,8;19,5;19,2;97;96;96;279;2,2;,7;
2026/03/01;0700 UTC;0;1009,1;1009,3;1009;;19,6;19,2;19,8;19,4;19,3;19;98;96;98;249;2;,7;
2026/03/01;0800 UTC;0;1009,2;1009,2;1009,1;;19,9;19,6;20;19,4;19,7;19;98;97;98;269;2,5;1;
2026/03/01;0900 UTC;0;1009,7;1009,7;1009,2;6,1;19,9;19,5;20;19,8;19,7;19,4;98;98;98;269;2,5;,8;
2026/03/01;1000 UTC;0;1010,2;1010,2;1009,7;324,2;21,9;21,1;21,9;19,8;21,1;19,5;98;95;95;273;2,9;1,1;
2026/03/01;1100 UTC;0;1010,6;1010,6;1010,2;869,5;24,4;20,8;24,4;21,9;21,6;20,6;95;80;80;273;3,9;1,4;
2026/03/01;1200 UTC;0;1010,9;1010,9;1010,6;1743;25,5;19,1;26,3;24,4;20,9;19,1;80;66;68;240;5,6;2,8;
2026/03/01;1300 UTC;0;1010,9;1011;1010,8;2037,9;27,1;18,8;27,6;25,3;19,9;18,8;70;60;61;249;7,2;2,6;
2026/03/01;1400 UTC;0;1010,8;1011,1;1010,7;1822,4;27,1;19,8;27,3;25,6;20,2;18,5;69;60;64;223;6,9;3,2;
2026/03/01;1500 UTC;0;1010,2;1010,8;1010,2;2423,9;28,3;19,7;28,4;26,2;20,4;18,3;66;57;60;249;6,9;1,9;
2026/03/01;1600 UTC;0;1009,9;1010,4;1009,9;1461,7;26,4;20,5;29;25,1;20,9;19,1;75;57;70;205;9;2,7;
2026/03/01;1700 UTC;,2;1009,6;1010;1009,6;1830,4;26,5;20,1;27,2;24,5;21,6;19,9;81;67;68;208;7,8;3;
2026/03/01;1800 UTC;,8;1009,4;1009,6;1009,4;866;23,6;21,3;26,9;23,2;21,3;19,3;87;66;87;286;7,3;1,2;
2026/03/01;1900 UTC;0;1009,4;1009,4;1009,3;437,7;24,6;20;24,8;23,5;21,7;20;87;75;76;217;5,1;2,2;
2026/03/01;2000 UTC;0;1009,9;1009,9;1009,4;387,3;24,4;19;24,8;24,4;20,2;18,5;76;69;72;232;7,1;1,5;
2026/03/01;2100 UTC;0;1010,6;1010,6;1009,9;143,1;23,6;18,8;24,6;23,6;19;18,4;75;68;75;252;6,1;2,3;
2026/03/01;2200 UTC;0;1010,9;1011;1010,6;2,4;21,5;18,6;23,6;21,5;18,9;18,3;84;75;84;41;7,4;,5;
2026/03/01;2300 UTC;0;1011,4;1011,4;1010,9;;21,2;19,1;21,5;21,2;19,2;18,6;88;83;88;38;2,3;,8;
2026/03/02;0000 UTC;0;1011,7;1011,7;1011,4;;21,2;19,5;21,3;20,9;19,6;19;91;87;90;260;2,3;,5;
2026/03/02;0100 UTC;0;1011,7;1011,7;1011,6;;21,1;18,8;21,4;21;19,6;18,8;90;87;87;255;2,2;,7;
2026/03/02;0200 UTC;0;1011,5;1011,7;1011,5;;20,1;18,6;21,1;20,1;18,8;18,5;91;87;91;257;2,2;1;
2026/03/02;0300 UTC;0;1011,1;1011,5;1011,1;;19,3;18,2;20,1;19,2;18,6;18,2;94;91;94;258;2,1;,8;
2026/03/02;0400 UTC;0;1010,4;1011,1;1010,4;;18,7;18;19,3;18,7;18,3;18;96;94;95;263;1,9;,6;
2026/03/02;0500 UTC;0;1009,9;1010,4;1009,9;;18,4;17,9;18,8;18,3;18,2;17,8;97;95;97;340;1,8;,4;
2026/03/02;0600 UTC;0;1009,7;1009,9;1009,6;;17,9;17,5;18,4;17,9;17,9;17,5;98;97;98;86;1,6;,4;
2026/03/02;0700 UTC;0;1009,8;1010;1009,7;;17,6;17,3;18,1;17,5;17,8;17,1;98;98;98;302;,9;,4;
2026/03/02;0800 UTC;0;1010,2;1010,2;1009,8;;17,3;17,1;17,6;17,3;17,3;17;99;98;99;256;1,1;,5;
2026/03/02;0900 UTC;0;1010,6;1010,6;1010,2;6,6;17,1;16,9;17,4;16,9;17,2;16,7;99;98;99;261;1,3;,2;
2026/03/02;1000 UTC;0;1011,2;1011,2;1010,6;379,3;19,8;19,7;19,8;17;19,7;16,9;99;99;99;306;2;,8;
2026/03/02;1100 UTC;0;1011,4;1011,5;1011,1;1221,8;23,8;20,7;23,9;19,8;21,8;19,8;99;83;83;262;2,7;,9;
2026/03/02;1200 UTC;0;1011,7;1011,8;1011,4;2115,8;26,9;20,1;26,9;23,6;20,9;19;83;64;66;249;4,3;1,6;
2026/03/02;1300 UTC;0;1012;1012;1011,7;2614,5;27,7;19,3;27,9;26,3;20,3;18,5;68;58;60;233;5,8;2,5;
2026/03/02;1400 UTC;,2;1011,7;1012;1011,7;2666,2;27,5;18,5;28,3;27;19,8;18,1;62;56;58;249;5,8;2,4;
2026/03/02;1500 UTC;0;1011,3;1011,7;1011,3;2981,7;28,1;19,4;29,6;27,4;20,2;18;61;52;59;220;6,4;3;
2026/03/02;1600 UTC;0;1010,8;1011,3;1010,8;3091,5;27,7;19,7;29,4;27,6;20,6;18,5;62;53;62;186;5,7;2,2;
2026/03/02;1700 UTC;0;1010,2;1010,8;1010,2;2124,3;28,6;19,5;29,5;27,7;20,2;18,5;62;53;58;210;6;2,3;
2026/03/02;1800 UTC;0;1010,3;1010,3;1010,2;2454,2;26,9;19,7;28,9;26,8;21;19,4;67;58;65;175;7,9;4,2;
2026/03/02;1900 UTC;0;1010,4;1010,4;1010,2;1266,5;26,1;19,1;27,6;26,1;19,9;19,1;67;62;65;187;8,2;2,6;
2026/03/02;2000 UTC;0;1010,6;1010,6;1010,4;610;26;19,3;26,4;25,8;19,5;18,7;67;63;66;180;6,2;2,3;
2026/03/02;2100 UTC;0;1011;1011;1010,6;219,9;24,7;19;26;24,7;19,4;18,7;71;66;71;174;6;1,4;
2026/03/02;2200 UTC;0;1011,4;1011,4;1011,1;6,6;23,4;20;24,7;23,4;20;19;81;71;81;319;3,2;,3;
2026/03/02;2300 UTC;0;1012;1012;1011,4;;22,7;20,3;23,4;22,7;20,4;19,9;86;81;86;264;,9;,3;
2026/03/03;0000 UTC;0;1012,4;1012,5;1012;;22,4;20,5;22,7;22,3;20,6;20,2;89;86;89;312;1,2;,3;
2026/03/03;0100 UTC;0;1012,4;1012,5;1012,4;;22;20,5;22,4;22;20,6;20,4;91;89;91;256;1;,5;
2026/03/03;0200 UTC;0;1012;1012,4;1012;;21,5;20,3;22,1;21,5;20,6;20,2;92;91;92;292;1;,3;
2026/03/03;0300 UTC;0;1011,8;1012,1;1011,8;;21,5;20,5;21,6;21,4;20,6;20,2;94;92;94;298;,9;,2;
2026/03/03;0400 UTC;0;1011,7;1011,8;1011,7;;21,4;20,6;21,5;21,1;20,6;20,2;96;94;96;358;,9;,3;
2026/03/03;0500 UTC;0;1011;1011,7;1011;;20,6;20;21,4;20,6;20,7;20;96;96;96;11;,9;,4;
2026/03/03;0600 UTC;0;1010,6;1011;1010,6;;20;19,6;20,6;20;20,1;19,5;97;96;97;47;1,7;,3;
2026/03/03;0700 UTC;0;1010,6;1010,7;1010,5;;19,7;19,3;20,2;19,6;19,8;19,2;98;97;98;248;1,6;,3;
2026/03/03;0800 UTC;0;1010,8;1010,8;1010,6;;19,3;19;19,7;19,1;19,3;18,8;98;98;98;349;1,3;,6;
2026/03/03;0900 UTC;0;1011,4;1011,4;1010,8;4,6;19;18,8;19,4;18,9;19,2;18,7;99;98;99;277;1,3;,6;
2026/03/03;1000 UTC;0;1012;1012;1011,4;378,5;21,2;21;21,2;19;21,1;18,8;99;99;99;300;1,3;,4;
2026/03/03;1100 UTC;0;1012,5;1012,5;1012;1212,1;24,8;20,8;24,8;21,2;22,7;20,7;99;78;78;107;1,3;,6;
2026/03/03;1200 UTC;0;1012,6;1012,6;1012,5;2015,5;27;19,5;27,2;24,6;20,7;18,7;78;60;63;51;2,4;,9;
2026/03/03;1300 UTC;0;1012,8;1012,8;1012,6;2669,1;27,9;19;28,3;26,8;20,4;18,7;63;58;59;181;3,4;1,4;
2026/03/03;1400 UTC;0;1012,8;1012,9;1012,7;2778,5;27,9;19,1;29,4;27,8;19,8;17,7;60;53;59;170;3,6;1,5;
2026/03/03;1500 UTC;0;1012,3;1012,8;1012,3;2261,9;29;19,4;29,6;27,8;20;18,1;60;51;56;182;3,8;1,2;
2026/03/03;1600 UTC;0;1011,8;1012,3;1011,8;1584,4;28,1;19,7;29,2;28;20,4;18,5;61;54;60;163;5,1;1,9;
2026/03/03;1700 UTC;0;1011,4;1011,8;1011,4;1484;27,8;19,8;29,2;27,8;20,5;19,2;62;56;62;129;4,1;1,5;
2026/03/03;1800 UTC;0;1010,9;1011,3;1010,9;608,3;27,1;20,5;27,8;26,9;20,5;19,2;67;60;67;65;4,2;2,1;
2026/03/03;1900 UTC;0;1010,8;1010,9;1010,8;668,6;27,1;20,6;27,5;26,7;20,6;19,8;68;62;68;68;4;1,6;
2026/03/03;2000 UTC;0;1010,9;1010,9;1010,7;541,5;26,4;19,9;27,6;26,4;21;19,5;68;63;67;139;4,5;1,3;
2026/03/03;2100 UTC;0;1011,3;1011,3;1010,9;47,6;24,9;20,5;26,4;24,9;20,5;19,8;77;67;77;99;3,5;1,3;
2026/03/03;2200 UTC;0;1011,5;1011,5;1011,3;;23,5;21,1;24,9;23,3;21,2;20,3;87;77;87;74;4,5;,8;
2026/03/03;2300 UTC;0;1012,1;1012,1;1011,5;;23,4;21,4;23,5;23,2;21,4;21;89;87;88;57;1,9;,8;
2026/03/04;0000 UTC;0;1012,8;1012,8;1012,1;;23,1;21,4;23,5;23;21,4;21,1;91;87;91;34;1,7;,4;
2026/03/04;0100 UTC;0;1012,7;1012,9;1012,7;;22,7;21;23,3;22,7;21,6;21;91;90;90;209;1,2;,3;
2026/03/04;0200 UTC;0;1012,6;1012,8;1012,6;;21,6;20,6;22,7;21,5;21;20,4;94;91;94;33;1;,3;
2026/03/04;0300 UTC;0;1012,8;1012,8;1012,6;;21,2;20,5;21,6;21,2;20,7;20,3;96;94;96;244;1,9;,7;
2026/03/04;0400 UTC;,2;1012,5;1012,8;1012,5;;21,3;20,8;21,4;21;20,9;20,5;97;96;97;334;1,4;,2;
2026/03/04;0500 UTC;0;1012,1;1012,5;1012,1;;20,9;20,5;21,4;20,9;20,9;20,5;98;97;98;231;1,1;,3;
2026/03/04;0600 UTC;0;1011,5;1012,1;1011,5;;21;20,7;21,1;20,9;20,8;20,5;98;98;98;289;1;,3;
2026/03/04;0700 UTC;0;1011,2;1011,5;1011,2;;20,6;20,3;21;20,6;20,7;20,3;98;98;98;329;1,3;,2;
2026/03/04;0800 UTC;0;1011,4;1011,4;1011,1;;20;19,8;20,6;19,9;20,3;19,6;99;98;99;293;1,1;,3;
2026/03/04;0900 UTC;0;1011,8;1011,8;1011,4;5,8;19,9;19,7;20,1;19,6;19,9;19,4;99;99;99;303;,7;,4;
2026/03/04;1000 UTC;0;1012,5;1012,5;1011,8;375;22,3;22,3;22,3;19,8;22,3;19,6;100;99;100;291;1,1;,5;
2026/03/04;1100 UTC;0;1012,8;1012,8;1012,5;1299,5;24,9;21,1;25,2;22,4;23,7;21,1;100;79;79;36;2,5;1,4;
2026/03/04;1200 UTC;0;1012,9;1012,9;1012,8;2001,7;26,7;21;26,9;24,9;21,9;20,9;80;71;71;106;4,3;2,1;
2026/03/04;1300 UTC;0;1013,2;1013,3;1012,9;2635,4;27,5;20,4;28,1;26,4;21,6;20,4;73;65;65;117;5;2,8;
2026/03/04;1400 UTC;0;1013,1;1013,3;1013;2496,1;28,5;20,2;28,7;27,3;21,2;19,9;67;60;61;124;5;2,2;
2026/03/04;1500 UTC;0;1012,5;1013,1;1012,5;2938,5;28,5;19,9;30,4;28,4;21,2;18,8;62;55;60;103;4,9;2;
2026/03/04;1600 UTC;0;1011,7;1012,5;1011,7;2569,9;28,7;20,3;30;28,5;21,2;19,4;62;55;60;79;5,8;2,4;
2026/03/04;1700 UTC;0;1011,2;1011,7;1011,1;2454,6;29,2;20,5;30,5;28,7;21,5;20;62;56;60;73;5,7;2,4;
2026/03/04;1800 UTC;0;1011;1011,2;1010,9;1472,2;28,5;20,6;29,3;28,3;21,1;20;63;59;62;87;5,3;2,1;
2026/03/04;1900 UTC;0;1011;1011,1;1010,9;1386;29,5;19,7;29,5;28,1;20,6;18,8;62;54;56;103;5,6;2,4;
2026/03/04;2000 UTC;0;1011,4;1011,5;1010,9;782;27,2;18,7;29,5;27,2;19,7;18,4;61;55;60;79;5,7;2,7;
2026/03/04;2100 UTC;0;1011,9;1011,9;1011,4;155,7;25,4;19,3;27,2;25,4;19,3;18,4;69;60;69;69;5,7;1,9;
2026/03/04;2200 UTC;0;1012,4;1012,4;1011,9;4,2;25,1;20;25,4;25,1;20;19,3;74;69;73;61;3,4;1,4;
2026/03/04;2300 UTC;0;1012,9;1012,9;1012,4;;24,6;20,4;25,1;24,6;20,4;20;77;73;77;49;2,4;1,1;
2026/03/05;0000 UTC;0;1013,6;1013,6;1012,9;;23,6;20,9;24,6;23,6;20,9;20,4;85;77;85;104;2,5;,3;
2026/03/05;0100 UTC;0;1013,8;1013,8;1013,5;;23,2;20,9;23,8;23,2;21;20,4;87;82;87;118;1,4;,4;
2026/03/05;0200 UTC;0;1013,3;1013,8;1013,3;;22,7;20,7;23,2;22,7;21,2;20,7;89;87;89;20;1,5;,7;
2026/03/05;0300 UTC;0;1013;1013,3;1013;;21,9;20,4;22,7;21,9;20,7;20,1;92;88;92;241;1,6;,6;
2026/03/05;0400 UTC;0;1012,8;1013,1;1012,7;;21;19,9;21,8;21;20,4;19,8;94;92;94;228;1,4;,6;
2026/03/05;0500 UTC;0;1012,3;1012,8;1012,3;;20,9;20,2;21;20,5;20,2;19,6;96;94;96;260;,9;,3;
2026/03/05;0600 UTC;0;1012,4;1012,4;1012,2;;21,2;20,7;21,2;20,9;20,7;20,2;97;96;97;284;2;,9;
2026/03/05;0700 UTC;0;1011,9;1012,4;1011,9;;21,3;20,8;21,4;21,2;20,9;20,7;97;97;97;15;2;,4;
2026/03/05;0800 UTC;0;1012,2;1012,2;1011,9;;20,6;20,1;21,3;20,6;20,8;20,1;97;97;97;252;1,5;,5;
2026/03/05;0900 UTC;0;1012,7;1012,7;1012,2;4,1;20,3;20;20,6;20,1;20,1;19,7;98;97;98;324;1,2;,5;
2026/03/05;1000 UTC;0;1013,3;1013,3;1012,7;346,3;22,6;21,9;22,8;20,3;22,3;20;98;96;96;289;1,3;,7;
2026/03/05;1100 UTC;0;1013,7;1013,7;1013,3;1192,4;25,7;20,8;25,7;22,6;22,4;20,3;96;74;74;115;1,5;,7;
2026/03/05;1200 UTC;0;1013,9;1013,9;1013,7;1990,1;27,2;20;27,3;25,6;21;19,6;75;65;65;96;3,5;2;
2026/03/05;1300 UTC;0;1014,2;1014,2;1013,9;2639,1;28,7;20,3;28,9;27,2;21,1;19,8;67;60;60;102;4,7;1,8;
2026/03/05;1400 UTC;0;1013,9;1014,2;1013,9;3139,1;30,7;21,2;30,7;28,5;21,6;19,6;62;54;57;61;4,9;1,7;
2026/03/05;1500 UTC;0;1013,3;1013,9;1013,3;2613,4;30,5;21,3;30,8;29,2;21,7;19,4;60;53;58;85;7,9;2,7;
2026/03/05;1600 UTC;0;1012,9;1013,3;1012,9;2524;30;21,5;30,7;29,6;22,3;20,3;61;56;60;98;6,2;1,8;
2026/03/05;1700 UTC;0;1012,2;1012,9;1012,2;1659,5;29,7;21,6;30,9;29,4;22,3;20,8;63;58;62;89;5,5;2,5;
2026/03/05;1800 UTC;0;1012;1012,2;1011,9;1197;29,1;21,9;29,7;29;22,5;21,2;67;62;65;84;5,6;2,5;
2026/03/05;1900 UTC;0;1012;1012,1;1012;1725,8;28,8;21,4;29,9;28,8;22,7;21,4;67;62;64;108;7,4;4;
2026/03/05;2000 UTC;0;1012,3;1012,3;1011,9;1126,5;28;21,4;29,1;27,7;21,8;21,2;68;64;67;75;7,5;2,8;
2026/03/05;2100 UTC;0;1012,5;1012,5;1012,3;199,5;26,4;20,8;28;26,4;21,4;20,6;71;67;71;87;6,2;2,4;
2026/03/05;2200 UTC;0;1012,9;1012,9;1012,5;4,1;25,3;20,9;26,4;25,3;20,9;20,6;77;71;77;88;5,3;1,9;
2026/03/05;2300 UTC;0;1013,3;1013,4;1012,9;;25;21,7;25,3;25;21,7;20,9;82;77;82;88;4,1;1,5;
2026/03/06;0000 UTC;0;1014;1014;1013,3;;25;21,5;25,1;24,9;21,8;21,5;83;81;81;67;4,7;2,2;
2026/03/06;0100 UTC;0;1014,6;1014,6;1013,9;;25,1;21,7;25,2;25;21,8;21,5;82;81;81;66;5;2,5;
2026/03/06;0200 UTC;0;1014,4;1014,6;1014,3;;24,1;21,4;25,1;24,1;21,7;21,3;85;81;85;44;4,5;1,2;
2026/03/06;0300 UTC;0;1013,8;1014,5;1013,8;;23,5;21,3;24,1;23,4;21,4;21,1;88;85;88;51;2,4;1,2;
2026/03/06;0400 UTC;0;1013,2;1013,8;1013,2;;23,4;21,4;23,8;23,2;21,5;21,2;89;87;89;51;3,5;,8;
2026/03/06;0500 UTC;0;1012,8;1013,2;1012,8;;23;21,5;23,4;23;21,5;21,3;91;89;91;312;1,7;,5;
2026/03/06;0600 UTC;0;1012,3;1012,8;1012,3;;22,8;21,5;23;22,8;21,6;21,5;92;91;92;274;1,8;,5;
2026/03/06;0700 UTC;0;1012,2;1012,3;1012,1;;22,3;21,2;22,9;22,3;21,7;21,2;94;92;94;271;1,8;,5;
2026/03/06;0800 UTC;0;1012,2;1012,2;1012,1;;21,7;21;22,3;21,7;21,3;20,9;95;94;95;270;1,4;,3;
2026/03/06;0900 UTC;0;1012,8;1012,8;1012,2;3,1;21,4;20,8;21,7;21,3;21;20,7;97;95;97;251;1;,3;
2026/03/06;1000 UTC;0;1013,5;1013,5;1012,8;371,7;23,7;22,9;23,7;21,4;23,1;20,9;98;95;95;230;1,4;,7;
2026/03/06;1100 UTC;0;1013,6;1013,7;1013,5;1163,2;26,9;22;26,9;23,7;23,1;21,4;96;74;75;133;2,1;,6;
2026/03/06;1200 UTC;0;1013,8;1013,8;1013,6;1956,6;28,8;21,7;28,8;26,7;22,3;20,9;76;65;66;261;2,6;,8;
2026/03/06;1300 UTC;0;1014;1014;1013,8;2592,3;29,7;21,1;29,9;28,5;22,5;20,5;67;58;60;61;4;1,6;
2026/03/06;1400 UTC;0;1013,5;1014;1013,5;3076,1;30,8;21,3;31,3;29,7;22,2;20,3;61;55;57;109;4,6;2;
2026/03/06;1500 UTC;0;1012,9;1013,5;1012,9;3283,8;32,3;22,9;32,3;30,5;23,1;20,8;60;53;58;86;5,4;2,3;
2026/03/06;1600 UTC;0;1012,1;1012,9;1012,1;3675,8;31,7;23,2;32,6;31,2;23,7;21,9;63;55;61;79;6,8;3,3;
2026/03/06;1700 UTC;0;1011,5;1012,1;1011,5;2766,5;30;22,4;32;30;23,5;22,2;65;58;64;87;6,8;2,7;
2026/03/06;1800 UTC;0;1011,1;1011,5;1011,1;1269;29,7;23;30,7;29,6;23,1;22,3;68;63;68;87;5,8;2,7;
2026/03/06;1900 UTC;0;1011;1011,1;1010,9;989,8;29,1;22,5;30,1;29;23,2;22,1;68;65;68;80;5,7;2,3;
2026/03/06;2000 UTC;0;1010,9;1011;1010,9;276,5;27,9;22,4;29,1;27,9;22,7;22,2;72;67;72;68;5,7;2,9;
2026/03/06;2100 UTC;0;1011,3;1011,3;1010,9;51,2;27,2;22,6;27,9;27,2;22,7;22,4;76;72;76;80;5,7;1,8;
2026/03/06;2200 UTC;0;1011,7;1011,7;1011,3;,5;26,6;22,6;27,2;26,6;22,6;22,3;79;75;79;67;4,2;1,8;
2026/03/06;2300 UTC;0;1012,2;1012,2;1011,7;;26,2;23,1;26,6;26,2;23,1;22,6;83;79;83;63;3,8;1,7;
2026/03/07;0000 UTC;0;1012,7;1012,7;1012,2;;26;23,1;26,2;26;23,2;23,1;84;83;84;54;4,4;1,5;
2026/03/07;0100 UTC;0;1012,4;1012,8;1012,3;;25,6;23,2;26;25,6;23,2;23,1;87;84;87;45;3,1;1,3;
2026/03/07;0200 UTC;,8;1012,4;1012,8;1012,3;;24,9;23,4;25,6;24,9;23,4;23,1;92;87;92;58;3;1,1;
2026/03/07;0300 UTC;0;1012,1;1012,5;1012;;24,5;23,3;24,9;24,5;23,6;23,3;93;92;93;335;2,6;,5;
2026/03/07;0400 UTC;0;1011,7;1012,1;1011,7;;23,8;23;24,5;23,8;23,4;23;95;93;95;267;1;,2;
2026/03/07;0500 UTC;0;1011,3;1011,7;1011,3;;24;23,6;24;23,8;23,6;23;98;95;98;310;1,4;,5;
2026/03/07;0600 UTC;0;1011;1011,3;1011;;24,1;23,6;24,2;24;23,7;23,5;98;97;97;352;1,1;,4;
2026/03/07;0700 UTC;0;1010,3;1011;1010,3;;23,3;22,9;24,1;23,3;23,7;22,9;98;97;98;36;1,5;,8;
2026/03/07;0800 UTC;0;1010,6;1010,6;1010,3;;22,9;22,6;23,3;22,9;22,9;22,6;98;98;98;301;1,5;,4;
2026/03/07;0900 UTC;0;1011,2;1011,2;1010,6;5,2;23,5;23,2;23,5;22,9;23,2;22,6;99;98;99;282;1,4;,4;
2026/03/07;1000 UTC;0;1011,5;1011,5;1011,2;158,5;24;23,8;24;23,4;23,8;23,2;99;99;99;116;1,1;,4;
2026/03/07;1100 UTC;0;1011,7;1011,8;1011,5;763,2;26,4;25,5;26,4;24;25,6;23,8;99;95;95;345;2,1;,7;
2026/03/07;1200 UTC;0;1011,5;1011,7;1011,5;2028,1;27,6;23,2;28,1;26,4;25,9;22,8;95;75;77;99;2,8;1,2;
2026/03/07;1300 UTC;0;1011,2;1011,5;1011,2;2561,8;29,8;23,7;30,1;27,6;24,4;23,1;79;68;70;47;2,6;,7;
2026/03/07;1400 UTC;0;1010,7;1011,2;1010,7;3027,6;31,1;23,3;31,6;29,7;24,3;23,1;71;62;63;92;3,3;1,5;
2026/03/07;1500 UTC;0;1009,6;1010,7;1009,6;3291,9;32,6;23,1;32,6;31,1;24,1;22,7;65;57;57;109;4,6;1,9;
2026/03/07;1600 UTC;0;1008,5;1009,6;1008,5;3372,8;33,6;23,2;33,8;32,4;24;22;61;51;55;138;4,5;1,7;
2026/03/07;1700 UTC;0;1007,7;1008,5;1007,7;3133,5;34;22,7;34,3;33,2;23,6;21,6;56;49;52;115;4,7;1,6;
2026/03/07;1800 UTC;0;1007,1;1007,7;1007,1;2528;33;24,7;34,4;32,7;25;21,9;62;49;62;101;5,4;2,5;
2026/03/07;1900 UTC;0;1007,2;1007,2;1006,7;724,3;29,4;22,2;33,2;29,4;25;21,9;69;61;65;14;5,8;2;
2026/03/07;2000 UTC;,4;1008,5;1008,5;1007,2;204,4;25,1;22,2;29,4;25,1;24,5;22,1;85;65;84;15;8,1;3,1;
2026/03/07;2100 UTC;0;1008,4;1009,1;1008;43;24,9;21,5;25,1;24,4;22,2;21,5;85;81;82;29;8,1;1,9;
2026/03/07;2200 UTC;0;1009,9;1009,9;1008,4;;24,6;22;24,9;24,5;22;21,5;86;82;86;230;3,7;,7;
2026/03/07;2300 UTC;0;1010,2;1010,4;1009,6;;23,9;21;24,8;23,9;22,3;20,8;87;80;84;154;2,7;,4;
2026/03/08;0000 UTC;,4;1010,3;1010,3;1010,1;;23,1;21,6;23,9;23,1;21,9;21;91;84;91;269;2,6;,8;
2026/03/08;0100 UTC;0;1010,9;1011;1010,1;;23,4;22,3;23,4;23;22,3;21,5;94;91;94;53;2,1;,4;
2026/03/08;0200 UTC;0;1010,1;1010,9;1009,5;;23,2;22,3;23,5;23,2;22,6;22,3;94;94;94;263;2,4;1;
2026/03/08;0300 UTC;0;1009,7;1010,1;1009,7;;23,2;22,5;23,3;23,2;22,5;22,3;96;94;96;277;2,4;,6;
2026/03/08;0400 UTC;0;1009,4;1009,7;1009,3;;23,1;22,4;23,2;23,1;22,6;22,4;96;96;96;253;3,3;1,4;
2026/03/08;0500 UTC;0;1008,4;1009,4;1008,4;;22,8;22,2;23,1;22,8;22,4;22,2;96;96;96;284;3,3;,6;
2026/03/08;0600 UTC;0;1007,8;1008,3;1007,8;;22,5;22;22,8;22,5;22,2;22;97;96;97;310;1,2;,5;
2026/03/08;0700 UTC;0;1007,1;1007,8;1007,1;;22,3;21,9;22,5;22,1;22;21,7;98;97;98;237;1,2;,5;
2026/03/08;0800 UTC;0;1007,4;1007,4;1007,1;;21,9;21,6;22,3;21,9;21,9;21,6;98;97;98;356;2,1;,3;
2026/03/08;0900 UTC;0;1007,5;1007,6;1007,4;1,7;21,7;21,4;22;21,5;21,7;21,2;99;98;99;46;1;,6;
2026/03/08;1000 UTC;0;1007,8;1007,8;1007,5;413,4;24,2;24;24,2;21,6;24;21,4;99;99;99;3;2;,7;
2026/03/08;1100 UTC;0;1008,4;1008,4;1007,8;1110,2;25,9;22,4;26,6;24,2;24,9;22,1;99;79;81;270;2;,8;
2026/03/08;1200 UTC;0;1008,9;1008,9;1008,3;1915,2;29,2;21,3;29,8;26;23,1;21,3;82;62;63;210;2,7;,6;
2026/03/08;1300 UTC;0;1009,2;1009,2;1008,8;2406,5;31,4;22,7;31,5;29,1;22,9;21,3;65;58;60;224;3;1,2;
2026/03/08;1400 UTC;,2;1008,9;1009,2;1008,9;2656,9;33,1;21,9;33,3;31;23,3;21,8;61;52;52;228;3,9;1,6;
2026/03/08;1500 UTC;0;1008,1;1008,9;1008,1;3091;33,9;22;34,7;32,5;23,6;20,8;58;47;50;281;3,6;1,5;
2026/03/08;1600 UTC;0;1007,5;1008,1;1007,5;2824,5;35,3;23,6;35,3;33,5;23,6;21,7;55;49;51;160;3,3;1;
2026/03/08;1700 UTC;0;1007,3;1007,5;1007,3;2611,7;32,9;22,7;36,1;32,5;24,4;21,9;57;47;55;164;7,4;3,3;
2026/03/08;1800 UTC;0;1007,2;1007,4;1007,2;2398,8;32,1;21,8;32,9;32;23,3;21,8;59;54;55;181;8,5;2;
2026/03/08;1900 UTC;0;1008;1008,2;1006,9;999,7;28,6;20,7;32,3;28,6;23;20,7;64;55;63;31;6,6;3,1;
2026/03/08;2000 UTC;0;1009,4;1009,4;1007,5;132,2;26,5;20,6;28,5;26,5;20,8;19,7;71;62;70;22;8;,8;
2026/03/08;2100 UTC;0;1009,4;1009,7;1009,3;32,2;25,1;21,9;26,5;25;21,9;20,7;83;70;83;43;5;1,3;
2026/03/08;2200 UTC;0;1010,2;1010,2;1009,4;,4;24,3;21,8;25,2;24,3;22;21,6;86;82;86;13;3,5;,9;
2026/03/08;2300 UTC;0;1010,7;1010,8;1010,1;;23,7;21,8;24,3;23,7;21,9;21,8;89;86;89;348;3,5;,9;
2026/03/09;0000 UTC;0;1011,2;1011,3;1010,7;;23,5;22;23,7;23,4;22;21,8;91;89;91;277;2,1;,4;
2026/03/09;0100 UTC;0;1011,7;1011,7;1011,1;;23,1;21,9;23,5;23,1;22;21,8;93;91;93;339;1,2;,5;
2026/03/09;0200 UTC;0;1011,3;1011,7;1011,2;;23;22,1;23,3;23;22,3;22;95;93;95;3;1,5;,6;
2026/03/09;0300 UTC;0;1011;1011,4;1010,9;;22,8;22,1;23;22,8;22,2;22,1;96;95;96;354;1,9;,8;
2026/03/09;0400 UTC;0;1011;1011,2;1011;;22,6;22,1;22,8;22,6;22,2;22;97;96;97;293;1,9;,8;
2026/03/09;0500 UTC;0;1010,7;1011;1010,7;;23;22,5;23,1;22,7;22,6;22,1;97;97;97;334;2,4;,7;
2026/03/09;0600 UTC;0;1010,7;1010,8;1010,6;;22,8;22,3;23;22,8;22,5;22,2;97;97;97;313;1,4;,4;
2026/03/09;0700 UTC;0;1010,6;1010,7;1010,6;;22,8;22,3;22,9;22,7;22,4;22,2;97;97;97;341;1,2;,4;
2026/03/09;0800 UTC;0;1010,8;1010,9;1010,6;;22,6;22,1;22,9;22,6;22,4;22,1;97;97;97;343;1,6;,6;
2026/03/09;0900 UTC;0;1011,6;1011,6;1010,8;11,7;22,8;22,4;22,8;22,5;22,4;22,1;98;97;98;32;1,6;,4;
2026/03/09;1000 UTC;0;1012,7;1012,7;1011,6;107;23,8;23,4;23,8;22,8;23,4;22,5;98;98;98;249;1,6;,5;
2026/03/09;1100 UTC;,2;1013,6;1013,7;1012,7;57,9;24,2;23,7;24,2;23,8;23,8;23,4;98;97;97;223;3,1;1,5;
2026/03/09;1200 UTC;,8;1014,4;1014,4;1013,6;109,5;24,1;23,4;24,2;24,1;23,7;23,4;97;96;96;269;3,7;1,5;
2026/03/09;1300 UTC;2,4;1014,9;1014,9;1014,4;255,4;24,4;23,9;24,4;24;23,9;23,3;97;96;97;266;3,7;,8;
2026/03/09;1400 UTC;3,6;1015,1;1015,1;1014,9;502;24,7;24,1;24,7;24;24,1;23,4;97;96;96;12;4,4;,6;
2026/03/09;1500 UTC;19,8;1014,8;1015,1;1014,8;318,1;23,3;22,7;24,8;23,1;24,2;22,4;97;95;97;223;5;1,5;
2026/03/09;1600 UTC;6,2;1014,3;1014,8;1014,3;366,8;24;23,6;24;23,3;23,6;22,7;98;97;98;286;3,7;,7;
2026/03/09;1700 UTC;0;1014;1014,3;1014;898,5;25;23,8;25,4;23,9;24,6;23,5;98;93;93;295;3,4;1;
2026/03/09;1800 UTC;0;1013,9;1014;1013,8;1036,5;25,9;23,7;26,3;25;24,6;23,1;94;86;87;299;3,1;,8;
2026/03/09;1900 UTC;0;1013,8;1013,9;1013,8;487,6;25,6;23;26,5;25,5;23,9;22,9;88;84;85;325;2,3;1;
2026/03/09;2000 UTC;0;1013,8;1013,9;1013,8;132,2;24,9;23,1;25,6;24,9;23,5;22,9;90;85;89;329;2,1;,5;
2026/03/09;2100 UTC;4,4;1014,5;1014,5;1013,8;34,5;23,6;22,5;24,9;23,5;23,1;21,7;93;89;93;136;5,4;,4;
2026/03/09;2200 UTC;0;1015;1015;1014,5;1,2;23,3;22,5;23,7;23,3;22,7;22,5;96;93;96;22;2,4;1,2;
2026/03/09;2300 UTC;1;1015,6;1015,6;1015;;23,1;22,6;23,3;23;22,7;22,4;97;96;97;1;3;,7;
2026/03/10;0000 UTC;0;1016;1016;1015,6;;23;22,6;23,2;23;22,8;22,6;97;97;97;351;2,1;,7;
2026/03/10;0100 UTC;,4;1016,3;1016,4;1015,8;;23;22,7;23;22,8;22,7;22,4;98;97;98;177;4,2;2,3;
2026/03/10;0200 UTC;2,2;1016;1016,3;1016;;22,7;22,4;23;22,7;22,7;22,4;98;98;98;309;4,2;,6;
2026/03/10;0300 UTC;0;1015,5;1016,1;1015,5;;22,5;22,2;22,7;22,5;22,4;22,2;98;98;98;252;2,4;,9;
2026/03/10;0400 UTC;0;1015,2;1015,4;1015,1;;22,2;22;22,5;22,1;22,2;21,8;99;98;99;219;2,2;,6;
2026/03/10;0500 UTC;0;1014,6;1015,2;1014,6;;22,3;22,1;22,4;22,2;22,2;22;99;99;99;297;1,9;,6;
2026/03/10;0600 UTC;,4;1014,1;1014,6;1014,1;;22,4;22,2;22,4;22,3;22,3;22,1;99;99;99;339;1,8;,7;
2026/03/10;0700 UTC;0;1014,1;1014,2;1014;;22,5;22,3;22,5;22,4;22,3;22,2;99;99;99;298;1,5;,6;
2026/03/10;0800 UTC;0;1014,4;1014,4;1014,1;;22,6;22,5;22,6;22,4;22,5;22,3;99;99;99;202;2,6;,8;
2026/03/10;0900 UTC;0;1014,9;1014,9;1014,4;1,2;22,6;22,5;22,7;22,6;22,6;22,5;100;99;100;290;1,9;,3;
2026/03/10;1000 UTC;1;1015,9;1015,9;1014,9;66,4;22,9;22,9;22,9;22,6;22,9;22,5;100;99;100;305;1,8;,7;
2026/03/10;1100 UTC;,2;1016,4;1016,4;1015,9;270,3;23,3;23,3;23,4;22,8;23,4;22,8;100;100;100;292;1,7;,5;
2026/03/10;1200 UTC;0;1016,7;1016,7;1016,4;927,5;24,7;23,8;25;23,2;24,8;23,2;100;95;95;33;2,6;1,6;
2026/03/10;1300 UTC;0;1016,6;1016,9;1016,6;1111,6;26,4;23,7;26,4;24,4;24;23;95;85;85;39;3,3;1,1;
2026/03/10;1400 UTC;0;1016,5;1016,7;1016,5;1311,1;26;22,4;26,7;25,6;23,6;22,2;85;78;80;73;3,5;1,3;
2026/03/10;1500 UTC;0;1016,3;1016,6;1016,3;983,4;24,8;22,4;26;24,1;22,8;21,6;89;80;86;65;5,3;1,9;
2026/03/10;1600 UTC;,4;1015,6;1016,3;1015,6;904,6;25,1;22,7;25,2;23,9;23,1;22;91;86;87;284;4,3;,4;
2026/03/10;1700 UTC;,8;1015,3;1015,5;1015,3;632,7;23,2;21,7;25,4;23,2;23;21,1;91;83;91;68;5,8;,9;
2026/03/10;1800 UTC;2,4;1015,1;1015,3;1015,1;470,5;23,2;22,2;23,5;23,1;22,5;21,5;94;91;94;301;2,3;,5;
2026/03/10;1900 UTC;,2;1015;1015,1;1015;292,8;23,2;22,2;23,5;23,1;22,6;22,1;95;94;94;284;1,5;1;
2026/03/10;2000 UTC;2;1015,1;1015,2;1015;183,7;22,8;22,1;23,3;22,8;22,4;22,1;96;94;95;26;2,9;1,3;
2026/03/10;2100 UTC;3,2;1015,4;1015,4;1015,1;47,3;22,2;21,6;22,8;22,2;22,1;21,6;96;95;96;50;3,8;1,1;
2026/03/10;2200 UTC;2,2;1015,2;1015,4;1015,2;0;22;21,5;22,2;21,9;21,6;21,3;97;96;97;52;2,1;,8;
2026/03/10;2300 UTC;0;1015,7;1015,7;1015,2;;22,2;21,8;22,2;21,9;21,8;21,5;98;97;98;64;1,4;,6;
2026/03/11;0000 UTC;,4;1015,8;1015,9;1015,6;;22,1;21,7;22,2;22,1;21,9;21,7;98;98;98;81;2,5;,8;
2026/03/11;0100 UTC;0;1015,6;1015,9;1015,5;;22,1;21,8;22,2;22;21,8;21,6;98;98;98;85;1,8;,6;
2026/03/11;0200 UTC;0;1015,1;1015,6;1015;;22,1;21,7;22,2;22;21,8;21,7;98;98;98;109;1,4;,8;
2026/03/11;0300 UTC;0;1014,8;1015,2;1014,8;;22,1;21,7;22,2;22;21,9;21,7;98;98;98;86;2,7;1;
2026/03/11;0400 UTC;,2;1014,1;1014,8;1014,1;;21,9;21,6;22,1;21,8;21,7;21,5;98;98;98;66;4,4;1;
2026/03/11;0500 UTC;0;1013,5;1014,1;1013,5;;22,1;21,7;22,1;21,9;21,8;21,5;98;98;98;27;2,7;,7;
2026/03/11;0600 UTC;0;1013,2;1013,6;1013,1;;22,2;21,8;22,2;22,1;21,8;21,7;98;98;98;99;2,9;1,4;
2026/03/11;0700 UTC;0;1012,9;1013,2;1012,9;;22,1;21,6;22,2;22,1;21,8;21,6;98;97;97;85;2,9;,9;
2026/03/11;0800 UTC;0;1013,1;1013,1;1012,8;;21,9;21,5;22,1;21,8;21,6;21,4;97;97;97;81;2;1;
2026/03/11;0900 UTC;0;1013,5;1013,5;1013,1;,4;21,8;21,3;22;21,8;21,5;21,2;97;96;97;331;2,1;,4;
2026/03/11;1000 UTC;0;1014;1014;1013,4;108,8;22,4;22;22,4;21,8;22,1;21,3;98;97;98;281;,9;,5;
2026/03/11;1100 UTC;0;1014,5;1014,5;1014;397,1;23,4;22,7;23,5;22,3;22,9;22;98;96;96;222;1,4;,6;
2026/03/11;1200 UTC;0;1014,5;1014,7;1014,5;845,7;24,6;21,7;24,7;23,3;22,6;21,5;96;84;84;146;2;,9;
2026/03/11;1300 UTC;0;1014,6;1014,7;1014,5;1012,3;25,5;21,3;25,5;24,6;22,1;20,7;85;76;77;122;3,2;1,3;
2026/03/11;1400 UTC;0;1014,5;1014,6;1014,5;1596;26,4;21,1;26,5;25,5;21,4;20,5;77;71;73;84;3,8;1,7;
2026/03/11;1500 UTC;0;1014;1014,6;1014;1298,1;25,8;21,3;26,6;25,8;22;20,6;78;71;76;141;4,7;2,3;
2026/03/11;1600 UTC;0;1013,4;1014;1013,4;667,6;24,9;20,9;25,8;24,9;21,6;20,7;79;76;78;137;4,3;2,3;
2026/03/11;1700 UTC;1;1012,9;1013,4;1012,9;476,3;23,6;21,5;24,9;23,3;21,5;20,6;88;78;88;155;3,8;1,3;
2026/03/11;1800 UTC;0;1012,4;1012,9;1012,4;568,5;23,8;22;24,4;23,5;22,4;21,3;90;87;90;142;3,7;1,4;
2026/03/11;1900 UTC;,6;1012,4;1012,4;1012,3;217,1;23,4;21,9;24,1;23,4;22,4;21,8;92;89;92;153;2,7;1,2;
2026/03/11;2000 UTC;2,2;1012,6;1012,6;1012,4;87,8;22,3;21,3;23,4;22,3;22,1;21,3;94;92;94;145;4,9;2,1;
2026/03/11;2100 UTC;1,2;1013;1013;1012,6;23,5;22;21,2;22,4;22;21,4;21,2;96;94;95;232;3,8;1,1;
2026/03/11;2200 UTC;,6;1013,5;1013,5;1013;;21,3;20,7;22;21,3;21,2;20,7;96;95;96;246;2,3;,8;
2026/03/11;2300 UTC;1,2;1013,9;1013,9;1013,5;;21,3;20,8;21,4;21,3;20,9;20,7;97;96;97;269;1,6;,5;
2026/03/12;0000 UTC;,2;1014,4;1014,4;1013,9;;21,3;21;21,4;21,2;21;20,8;98;97;98;255;1,3;,5;
2026/03/12;0100 UTC;,2;1014,4;1014,6;1014,4;,1;21,4;21,1;21,4;21,3;21,1;21;98;98;98;273;1,1;,5;
2026/03/12;0200 UTC;0;1013,6;1014,4;1013,6;;21,4;21,2;21,4;21,3;21,2;21;98;98;98;233;1,2;,6;
2026/03/12;0300 UTC;0;1013,2;1013,6;1013,2;;21,5;21,3;21,6;21,4;21,4;21,2;99;98;99;261;1,7;,7;
2026/03/12;0400 UTC;,2;1012;1013,2;1012;;21,6;21,5;21,6;21,5;21,5;21,3;99;99;99;251;1,7;,4;
2026/03/12;0500 UTC;0;1011,6;1012;1011,6;;21,7;21,6;21,7;21,6;21,6;21,4;99;99;99;287;1,2;,5;
2026/03/12;0600 UTC;0;1011,3;1011,6;1011,3;;21,8;21,7;21,8;21,6;21,7;21,5;99;99;99;294;,8;,4;
2026/03/12;0700 UTC;0;1011,4;1011,4;1011,2;;21,9;21,8;21,9;21,8;21,9;21,7;100;99;100;256;1,3;,5;
2026/03/12;0800 UTC;0;1011,5;1011,6;1011,4;;22,1;22,1;22,1;21,9;22,1;21,8;100;99;100;227;1,7;,3;
2026/03/12;0900 UTC;0;1011,7;1011,7;1011,3;1,4;22,2;22,2;22,2;22,1;22,2;22,1;100;100;100;295;,8;,4;
2026/03/12;1000 UTC;0;1012,2;1012,2;1011,7;86,4;22,5;22,5;22,5;22,1;22,5;22,1;100;100;100;280;,8;,4;
2026/03/12;1100 UTC;0;1012,7;1012,8;1012,2;278,2;23,3;23,3;23,3;22,5;23,3;22,5;100;100;100;270;2;,6;
2026/03/12;1200 UTC;0;1012,7;1012,7;1012,6;746,8;24,6;23,2;24,9;23,2;24,5;23,2;100;92;92;227;1,6;,7;
2026/03/12;1300 UTC;0;1012,3;1012,7;1012,3;1081,5;25,7;22,2;26,1;24,6;23,9;22,2;93;81;81;303;1,9;,6;
2026/03/12;1400 UTC;0;1011,8;1012,3;1011,8;892,1;26,6;23,1;26,7;25,5;23,4;22;83;80;81;58;1,8;,5;
2026/03/12;1500 UTC;0;1011,1;1011,8;1011,1;1354,5;26,7;22,3;27,5;26,4;23,4;22,2;81;75;77;195;2,3;1;
2026/03/12;1600 UTC;0;1010,1;1011,1;1010,1;807,6;26,6;22,9;27,3;26,5;23,3;22,1;82;76;80;288;2;,5;
2026/03/12;1700 UTC;0;1008,9;1010,2;1008,9;716,2;25,9;23,7;27,4;25,9;23,7;22,7;88;77;88;82;3,9;1,3;
2026/03/12;1800 UTC;0;1008;1008,9;1008;797,9;26,5;23,5;26,5;25,8;23,9;23,4;88;84;84;106;5,3;2,3;
2026/03/12;1900 UTC;0;1008,3;1008,3;1008;435;26,4;23,5;26,8;26,4;23,8;23,4;84;83;84;142;4,1;1,9;
2026/03/12;2000 UTC;,4;1008,2;1008,3;1008;102,7;25,3;23,3;26,4;25,3;23,6;23,3;89;84;89;75;3,8;1,5;
2026/03/12;2100 UTC;2;1008;1008,2;1008;46,1;24,6;23,7;25,3;24,6;23,7;23,3;95;89;95;65;4,7;2,2;
2026/03/12;2200 UTC;,6;1007,9;1008;1007,8;;24,6;23,9;24,6;24,5;23,9;23,7;96;95;96;78;5,2;1,9;
2026/03/12;2300 UTC;0;1008,1;1008,1;1007,7;;24,6;23,7;24,6;24,5;23,9;23,7;96;95;95;74;5,1;2,2;
2026/03/13;0000 UTC;0;1008,7;1008,7;1008,1;;24,5;23,5;24,7;24,5;23,8;23,5;95;94;94;79;5,1;,7;
2026/03/13;0100 UTC;0;1009,1;1009,2;1008,7;;24,2;23,5;24,5;24,2;23,5;23,4;96;94;96;290;1,7;,5;
2026/03/13;0200 UTC;1;1008,3;1009,1;1008,3;;24,1;23,7;24,2;24,1;23,7;23,5;97;96;97;103;1,9;,9;
2026/03/13;0300 UTC;,2;1008;1008,6;1008;;23,9;23,6;24,1;23,9;23,7;23,5;98;97;98;202;1,9;,6;
2026/03/13;0400 UTC;0;1007,2;1008;1007,1;;23,9;23,6;24;23,8;23,7;23,5;99;98;99;245;1,5;,5;
2026/03/13;0500 UTC;0;1006;1007,2;1006;;23,8;23,6;23,9;23,8;23,7;23,6;99;99;99;193;1,8;,3;
2026/03/13;0600 UTC;0;1005,4;1006;1005,2;;23,7;23,6;23,8;23,6;23,7;23,5;99;99;99;235;1,2;,5;
2026/03/13;0700 UTC;0;1005;1005,4;1005;;23,8;23,8;23,8;23,7;23,8;23,6;100;99;100;239;1,3;,5;
2026/03/13;0800 UTC;0;1005,5;1005,5;1005;;23,8;23,8;23,8;23,7;23,8;23,7;100;100;100;329;1,7;,4;
2026/03/13;0900 UTC;0;1005,6;1005,7;1005,3;,7;23,7;23,7;23,8;23,7;23,8;23,7;100;100;100;275;2;,7;
2026/03/13;1000 UTC;0;1005,9;1006;1005,5;43,2;23,8;;23,8;23,7;;;;;;322;1,6;,3;
2026/03/13;1100 UTC;0;1006,2;1006,2;1005,8;417,5;24,8;24,8;24,8;23,8;;;;;100;339;1,5;,6;
2026/03/13;1200 UTC;0;1006,2;1006,4;1006,1;1333,6;27,6;25,4;27,9;24,7;27,2;24,7;100;88;88;94;2,2;,9;
2026/03/13;1300 UTC;0;1006,5;1006,5;1006,1;1636,6;29,9;24,1;30,2;27,5;26,4;22,9;90;68;71;173;2,2;,4;
2026/03/13;1400 UTC;0;1006,7;1006,7;1006,5;1674,9;30,1;22,9;31,6;29,8;24;22;71;60;66;246;2,7;1;
2026/03/13;1500 UTC;0;1006,6;1006,9;1006,6;1786,6;31,7;23,6;31,7;30,1;23,9;22,4;69;61;62;208;5;1,9;
2026/03/13;1600 UTC;,2;1006,4;1006,7;1006,4;2350;29,6;23,3;31,8;29,6;24,9;22,9;72;60;69;191;6,3;2,1;
2026/03/13;1700 UTC;0;1006,4;1006,5;1006,4;990,7;28,5;22,8;29,7;28,3;24,3;22,4;75;69;71;255;7;3,1;
2026/03/13;1800 UTC;0;1006,3;1006,5;1006,2;1213,3;28,2;22,7;29;27,7;23,3;22,1;73;69;72;237;7;2,8;
2026/03/13;1900 UTC;0;1006,5;1006,6;1006,3;757,2;25,7;22,2;28,7;25,7;22,9;21,5;81;69;81;251;8,8;2;
2026/03/13;2000 UTC;,2;1007,2;1007,2;1006,5;215,1;25,4;22,2;25,7;25,3;22,6;22,2;85;81;82;248;5,2;2,2;
2026/03/13;2100 UTC;2;1007,9;1007,9;1007,2;21,9;23,5;22;25,4;23,5;22,2;21,7;91;82;91;267;6;1;
2026/03/13;2200 UTC;,4;1008,5;1008,5;1007,8;;23,5;22,3;23,5;23,4;22,3;22;93;91;93;271;2,9;,6;
2026/03/13;2300 UTC;4,2;1009,4;1009,4;1008,5;;23;21,8;23,8;23;22,7;21,8;94;93;93;270;6,3;1,6;
2026/03/14;0000 UTC;1,4;1009,5;1009,7;1009,4;;22,9;22;23;22,9;22;21,8;95;93;95;262;4,4;,6;
2026/03/14;0100 UTC;0;1008,5;1009,5;1008,5;;22,8;22,1;23;22,8;22,2;22,1;96;95;96;259;1,9;,5;
2026/03/14;0200 UTC;0;1008,7;1008,8;1008,4;;22,6;22;22,8;22,6;22,1;21,9;96;96;96;232;1,9;,7;
2026/03/14;0300 UTC;0;1008,3;1008,8;1008,3;;22,3;21,7;22,6;22,2;22;21,5;96;96;96;221;2,5;,6;
2026/03/14;0400 UTC;0;1007,9;1008,3;1007,9;;22,3;21,7;22,3;22,2;21,7;21,6;97;96;97;142;3,2;,5;
2026/03/14;0500 UTC;0;1007,7;1007,9;1007,6;;22,2;21,8;22,3;22,1;21,8;21,6;97;97;97;41;1,2;,6;
2026/03/14;0600 UTC;,2;1007,2;1007,7;1007,1;;22;21,7;22,2;22;21,8;21,7;98;97;98;264;1,1;,6;
2026/03/14;0700 UTC;,4;1007,2;1007,3;1007,1;;21,9;21,5;22;21,8;21,6;21,5;98;98;98;275;2,3;,9;
2026/03/14;0800 UTC;0;1007,5;1007,5;1007,2;;21,8;21,5;22;21,8;21,6;21,5;98;98;98;285;2,8;,8;
2026/03/14;0900 UTC;0;1008,2;1008,2;1007,5;,7;21,7;21,4;21,8;21,6;21,5;21,3;99;98;99;332;1,7;,6;
2026/03/14;1000 UTC;0;1008,8;1008,8;1008,2;183,9;22,4;22,3;22,4;21,6;22,3;21,4;99;99;99;300;1,5;,5;
2026/03/14;1100 UTC;0;1009,5;1009,5;1008,8;837,2;24,7;23,1;24,7;22,4;24,2;22,3;99;91;91;239;2,1;1;
2026/03/14;1200 UTC;0;1009,8;1009,8;1009,4;1550;27,3;22,5;27,3;24,7;23,6;21,7;91;75;75;273;3;1,1;
2026/03/14;1300 UTC;0;1009,6;1009,8;1009,5;2631,6;28,7;21,2;28,9;26,6;22,7;20,9;75;62;64;228;5,2;2,5;
2026/03/14;1400 UTC;0;1009,7;1009,7;1009,5;2574,9;29,3;20,5;29,4;28;21,6;19,7;67;58;59;237;6,9;3,6;
2026/03/14;1500 UTC;0;1009,1;1009,7;1009,1;2766,9;30,4;21,5;30,4;29;21,5;19,8;61;57;59;232;7,1;2;
2026/03/14;1600 UTC;0;1008,7;1009,1;1008,7;2784,9;30,7;21,9;30,9;29,7;22;19,6;60;53;60;227;5,7;2,7;
2026/03/14;1700 UTC;0;1008,4;1008,7;1008,4;1554,3;29;20,9;30,7;28,8;22,2;20,3;65;58;62;232;7,2;2,4;
2026/03/14;1800 UTC;0;1008,2;1008,4;1008;948,8;28,1;21,4;29,4;28;21,8;20,3;68;58;67;198;5,5;2,1;
2026/03/14;1900 UTC;0;1008,1;1008,2;1008;525,6;27,1;21,1;28,1;27,1;22;21,1;72;67;70;201;4,9;1,7;
2026/03/14;2000 UTC;0;1008,2;1008,2;1008,1;283,3;26,5;20,6;27,1;26,5;21,6;20,6;73;69;70;206;6,6;2,6;
2026/03/14;2100 UTC;0;1008,7;1008,7;1008,1;87,3;25,6;21,2;26,5;25,6;21,2;20,5;77;70;77;214;6,6;1,2;
2026/03/14;2200 UTC;0;1009,3;1009,3;1008,7;;23,4;20,7;25,5;23,4;21,3;20,7;85;77;85;215;3,8;,4;
2026/03/14;2300 UTC;0;1010;1010;1009,3;;22,3;20,8;23,4;22,3;21,1;20,7;91;85;91;238;1,5;,6;
2026/03/15;0000 UTC;0;1010,6;1010,7;1010;;21,7;20,7;22,4;21,7;21;20,6;94;91;94;318;1,1;,6;
2026/03/15;0100 UTC;0;1010,8;1011;1010,6;;21,4;20,7;21,7;21,1;20,8;20,3;96;94;96;249;1,4;,7;
2026/03/15;0200 UTC;0;1010,7;1010,8;1010,6;;20,8;20,3;21,4;20,8;20,7;20,2;97;96;97;333;1,7;,5;
2026/03/15;0300 UTC;0;1010,4;1010,7;1010,4;;20,4;20;20,8;20,3;20,3;19,8;97;97;97;273;1,5;,4;
2026/03/15;0400 UTC;0;1010,1;1010,4;1010,1;;19,9;19,5;20,4;19,8;20;19,4;98;97;98;16;1,5;,3;
2026/03/15;0500 UTC;0;1009,4;1010,1;1009,4;;19,7;19,4;20,2;19,7;19,8;19,4;98;98;98;311;1,2;,4;
2026/03/15;0600 UTC;0;1008,8;1009,4;1008,8;;19,6;19,3;19,8;19,6;19,5;19,3;98;98;98;247;,9;,5;
2026/03/15;0700 UTC;0;1009;1009;1008,8;;19,2;19;19,6;19,1;19,4;19;99;98;99;273;1,5;,5;
2026/03/15;0800 UTC;0;1009,4;1009,4;1009;;18,9;18,8;19,2;18,8;19;18,7;99;99;99;259;1,4;,6;
2026/03/15;0900 UTC;0;1010;1010;1009,4;,1;18,7;18,7;18,9;18,5;18,8;18,4;100;99;100;206;1,3;,2;
2026/03/15;1000 UTC;0;1010,6;1010,6;1010;295,8;20,7;20,7;20,7;18,7;20,7;18,7;100;100;100;210;,9;,3;
2026/03/15;1100 UTC;0;1011;1011;1010,6;1151,4;23,9;22,9;24,1;20,5;23,6;20,5;100;94;94;276;1,5;,6;
2026/03/15;1200 UTC;0;1011;1011,1;1011;1978,5;27;21,5;27,3;23,8;23,2;21,1;94;71;72;88;2,3;1,2;
2026/03/15;1300 UTC;0;1011,2;1011,2;1010,9;2627,9;28,6;20,8;28,6;26,6;21,9;20,3;73;62;63;105;3,9;1,7;
2026/03/15;1400 UTC;0;1010,7;1011,2;1010,7;3063,2;29,8;21;29,8;28,3;21,5;19,8;64;58;59;73;4,2;1,9;
2026/03/15;1500 UTC;0;1010;1010,7;1010;3308,5;30,2;20,9;31,1;29,3;21,8;20,3;60;53;58;71;5,5;2,5;
2026/03/15;1600 UTC;0;1009,5;1010;1009,5;3308,6;31,3;21,1;31,3;30,2;21,7;19,7;59;52;55;99;5,5;1,5;
2026/03/15;1700 UTC;0;1008,8;1009,6;1008,8;3142,1;31,1;20,5;31,7;31;21,5;19,5;56;50;53;108;4,9;2,1;
2026/03/15;1800 UTC;0;1008,6;1008,8;1008,6;2753,6;30,9;20,4;31,7;30,8;21,2;19,6;56;50;54;128;5,3;2,5;
2026/03/15;1900 UTC;0;1008,5;1008,6;1008,4;2046;30,7;20,9;31,2;30,4;21,5;20;58;52;56;93;4,7;1,8;
2026/03/15;2000 UTC;0;1008,9;1009;1008,5;1182,4;29,5;20,4;30,7;29,5;20,8;20,1;59;54;58;87;4,6;1,7;
2026/03/15;2100 UTC;0;1009,8;1009,8;1008,9;122,9;26,6;21,4;29,5;26,6;21,5;20,5;73;58;73;73;4,6;2,2;
2026/03/15;2200 UTC;0;1010,4;1010,4;1009,8;;24,9;21,2;26,6;24,9;21,4;21,2;80;73;80;59;4,6;1,6;
2026/03/15;2300 UTC;0;1011,1;1011,1;1010,4;;23,9;21,7;24,9;23,9;21,8;21,1;87;80;87;59;3,2;1,1;
2026/03/16;0000 UTC;0;1011,6;1011,6;1011,1;;23;21,3;23,9;23;21,8;21,3;90;87;90;315;2,5;,4;
2026/03/16;0100 UTC;0;1011,8;1011,9;1011,6;;22;21;23;22;21,4;20,9;94;90;94;91;1,3;,6;
2026/03/16;0200 UTC;0;1011,9;1011,9;1011,8;;21,6;20,8;22,3;21,6;21,4;20,8;95;94;95;277;1,3;,3;
2026/03/16;0300 UTC;0;1011,8;1012;1011,8;;21,2;20,7;21,6;21,2;20,9;20,6;97;95;97;242;1,1;,6;
2026/03/16;0400 UTC;0;1011,4;1011,8;1011,4;;21,2;20,8;21,4;21,1;20,9;20,7;98;97;98;203;1,2;,4;
2026/03/16;0500 UTC;0;1011;1011,4;1011;;21,3;21;21,3;20,8;21;20,5;98;98;98;44;1,1;,4;
2026/03/16;0600 UTC;0;1010,5;1011;1010,5;;21,4;21,1;21,4;21,3;21,2;21;99;98;99;248;1,2;,5;
2026/03/16;0700 UTC;0;1010,6;1010,6;1010,4;;21,5;21,3;21,5;21,3;21,4;21,1;99;99;99;347;1;,3;
2026/03/16;0800 UTC;0;1010,6;1010,6;1010,5;;21,3;21,3;21,4;21,2;21,4;21,2;100;99;100;72;1,1;,4;
2026/03/16;0900 UTC;0;1010,9;1010,9;1010,6;2,2;21,3;21,3;21,3;21,2;21,3;21,2;100;100;100;290;,9;,4;
2026/03/16;1000 UTC;0;1011,6;1011,7;1010,9;130,7;21,4;21,4;21,5;21,2;21,5;21,2;100;100;100;303;1,8;,7;
2026/03/16;1100 UTC;0;1012,3;1012,3;1011,6;546,1;22;22;22,1;21,2;22,1;21,2;100;100;100;327;2;,7;
2026/03/16;1200 UTC;0;1012,4;1012,4;1012,2;1414,7;25,3;23,5;25,3;22;24,5;22;100;90;90;246;2;,6;
2026/03/16;1300 UTC;0;1012,5;1012,5;1012,4;2610,7;28,6;21,3;28,6;25,3;23,9;20,4;90;62;64;320;1,5;,5;
2026/03/16;1400 UTC;0;1012,2;1012,5;1012,2;3047,9;30,2;20,3;30,5;28,7;21,9;19,9;65;54;55;114;2,8;,9;
2026/03/16;1500 UTC;0;1011,8;1012,2;1011,8;3253,8;31,8;20,2;31,8;30,1;22,2;19,1;61;48;50;112;4,2;1;
2026/03/16;1600 UTC;0;1010,9;1011,8;1010,9;3309,9;32,2;22;32,6;31,5;22,3;20;56;50;55;66;4,3;2,3;
2026/03/16;1700 UTC;0;1010,2;1010,9;1010,2;3147,2;31,4;22,5;32,6;31,4;23,9;21,5;62;54;59;105;4,9;2,5;
2026/03/16;1800 UTC;0;1009,8;1010,2;1009,8;2723,1;31,7;22,2;32,1;31,4;23,3;21,7;60;56;57;98;4,8;2,5;
2026/03/16;1900 UTC;0;1010,1;1010,1;1009,8;2028,7;30,2;22,9;31,9;30,2;23,3;21,9;65;56;65;86;6,5;2,8;
2026/03/16;2000 UTC;0;1010,2;1010,2;1010;1150,3;28,8;22;30,3;28,8;23,1;21,9;67;64;66;85;6,5;2,6;
2026/03/16;2100 UTC;0;1011;1011;1010,2;126,8;26,6;20;28,8;26,5;22;19,9;68;65;67;85;6,2;1,7;
2026/03/16;2200 UTC;0;1011,5;1011,6;1011;;24,8;21;26,6;24,7;21;19,7;80;67;80;72;4;1,2;
2026/03/16;2300 UTC;0;1012,1;1012,1;1011,5;;23,9;21,1;24,8;23,9;21,5;21,1;85;80;85;47;4,4;,9;
2026/03/17;0000 UTC;0;1013,1;1013,1;1012,1;;23;21,1;23,9;22,5;21,2;20,7;90;85;89;73;2,1;,9;
2026/03/17;0100 UTC;0;1013,3;1013,4;1013,1;;22,1;20,7;23,1;22,1;21,2;20,7;92;88;92;258;2,1;,5;
2026/03/17;0200 UTC;0;1013,2;1013,4;1013,2;;21,6;20,7;22,1;21,6;20,9;20,6;94;92;94;266;2,1;,6;
2026/03/17;0300 UTC;0;1013,3;1013,3;1013,2;;21,1;20,4;21,6;21;20,7;20,3;96;94;96;259;2,3;1;
2026/03/17;0400 UTC;0;1012,8;1013,3;1012,8;;20,4;19,9;21,2;20,4;20,6;19,9;97;96;97;325;2,3;,4;
2026/03/17;0500 UTC;0;1011,9;1012,8;1011,9;;19,9;19,6;20,5;19,9;20;19,5;98;97;98;272;1,2;,6;
2026/03/17;0600 UTC;0;1011,3;1011,9;1011,3;;19,8;19,5;20;19,6;19,6;19,3;98;98;98;197;1,2;,3;
2026/03/17;0700 UTC;0;1011,2;1011,3;1011,2;;19,7;19,5;19,9;19,6;19,6;19,3;99;98;99;293;1,2;,5;
2026/03/17;0800 UTC;0;1011,5;1011,5;1011,2;;20,2;20,1;20,2;19,7;20,1;19,5;99;99;99;331;1;,5;
2026/03/17;0900 UTC;0;1012;1012;1011,5;4,1;20,1;20,1;20,3;20,1;20,2;20,1;100;99;100;35;1,3;,6;
2026/03/17;1000 UTC;0;1013;1013;1012;188,4;20,2;20,2;20,3;20;20,3;20;100;100;100;231;1,1;,3;
2026/03/17;1100 UTC;,2;1013,6;1013,6;1013;619,5;21,9;21,9;22;20,2;21,9;20,2;100;100;100;238;1,3;,5;
2026/03/17;1200 UTC;0;1013,8;1013,9;1013,6;1922,7;25,6;23,8;25,6;21,5;25,6;21,5;100;90;90;58;2;,9;
2026/03/17;1300 UTC;0;1013,2;1013,8;1013,2;2599,5;28,1;22,2;28,3;25,6;24,1;21,6;90;69;70;95;2,9;1,3;
2026/03/17;1400 UTC;0;1013;1013,3;1013;3003;29,2;19,5;29,5;27,7;22,7;19,5;71;56;56;72;4,9;1,7;
2026/03/17;1500 UTC;0;1012,2;1013;1012,2;3251,2;30,6;21,1;30,8;29,2;21,5;19,4;59;53;57;93;4,3;1,9;
2026/03/17;1600 UTC;0;1011,4;1012,2;1011,4;3247,4;31,3;21,1;31,7;30;22,2;20,3;59;53;55;71;4,3;1,5;
2026/03/17;1700 UTC;0;1010,6;1011,4;1010,6;1947,7;29,8;21,3;31,9;29,6;22,9;20,5;62;52;60;105;4,7;1,7;
2026/03/17;1800 UTC;0;1010,3;1010,7;1010,3;1186,7;29,1;21,6;30,7;29,1;22,3;21,2;64;59;64;108;5,7;2,5;
2026/03/17;1900 UTC;0;1009,9;1010,3;1009,9;1071,7;29,4;21,7;29,6;28,8;22,3;21,3;66;62;63;96;5,4;2,3;
2026/03/17;2000 UTC;0;1010,1;1010,1;1009,9;1069,8;27,8;21,7;29,4;27,8;22;21,4;70;63;70;80;5,6;2,4;
2026/03/17;2100 UTC;0;1010,4;1010,4;1010,1;148;26,1;21,7;27,8;26;21,8;21,6;77;69;77;72;5,7;1,9;
2026/03/17;2200 UTC;0;1011;1011;1010,4;;24,8;21,5;26,1;24,8;21,7;21,5;82;77;82;103;3,6;1,3;
2026/03/17;2300 UTC;0;1011,9;1011,9;1011;;24,1;21,8;24,9;24;21,9;21,4;87;82;87;78;2,7;,6;
2026/03/18;0000 UTC;0;1012,6;1012,6;1011,9;;24,3;22;24,3;24;22,1;21,7;88;87;87;130;1,9;1;
2026/03/18;0100 UTC;0;1012,9;1013;1012,6;;24,2;22;24,4;24,2;22;21,8;87;86;87;223;1,8;1,1;
2026/03/18;0200 UTC;0;1012,9;1013;1012,9;;23,9;21,9;24,2;23,9;22;21,9;89;87;89;234;2,1;1;
2026/03/18;0300 UTC;0;1012,3;1012,9;1012,3;;23,8;21,8;23,9;23,8;21,9;21,8;89;88;89;153;1,8;,3;
2026/03/18;0400 UTC;0;1011,6;1012,3;1011,6;;23,5;22;23,7;23,3;22;21,7;91;89;91;136;,9;,3;
2026/03/18;0500 UTC;0;1010,8;1011,6;1010,8;;23,5;21,9;23,7;23,5;22;21,9;91;90;91;270;1,3;,4;
2026/03/18;0600 UTC;0;1010,4;1010,8;1010,3;;23,1;21,9;23,5;23;21,9;21,6;93;91;93;278;1;,4;
2026/03/18;0700 UTC;0;1010,3;1010,4;1010,1;;22,7;21,6;23,2;22,7;22;21,6;94;93;94;19;1,3;,4;
2026/03/18;0800 UTC;0;1010,5;1010,5;1010,1;;22,3;21,7;22,7;22,2;21,7;21,3;96;94;96;125;1,5;,2;
2026/03/18;0900 UTC;0;1011,2;1011,2;1010,6;1,3;21,7;21,3;22,3;21,7;21,7;21,3;97;96;97;304;1,1;,6;
2026/03/18;1000 UTC;0;1011,9;1011,9;1011,2;262,9;23,8;23,5;23,8;21,7;23,5;21,2;99;97;98;103;1,1;,3;
2026/03/18;1100 UTC;0;1012,2;1012,3;1011,9;622,3;25,4;23,8;25,4;23,6;24;23;98;91;91;256;1,8;,7;
2026/03/18;1200 UTC;0;1012,1;1012,3;1012,1;1793,9;27,5;21,9;27,6;25,4;23,9;21,7;90;71;72;90;2,3;,5;
2026/03/18;1300 UTC;0;1011,5;1012,1;1011,5;2377,9;28,9;22,2;29,4;27,3;23,1;21,7;74;66;67;85;2,4;,9;
2026/03/18;1400 UTC;0;1010,9;1011,5;1010,9;2866,2;30,2;21,6;30,6;28,9;22,7;21,3;67;59;60;200;3,5;1,8;
2026/03/18;1500 UTC;0;1010,1;1010,9;1010,1;3096,5;32;22;32,2;29,7;23,1;21,1;62;55;55;124;3,5;1,5;
2026/03/18;1600 UTC;0;1009,2;1010,1;1009,2;2834,9;30,4;21,8;32,6;30,4;23,1;21,1;60;54;60;156;4,1;1,9;
2026/03/18;1700 UTC;0;1008,4;1009,2;1008,4;1479;30,5;22,2;31,5;30,1;22,9;21,2;64;56;61;158;5,5;1,9;
2026/03/18;1800 UTC;0;1007,8;1008,3;1007,8;1811,3;30,1;23;31,5;29,9;23,6;22,2;66;60;66;156;5,9;2,6;
2026/03/18;1900 UTC;0;1007,6;1007,9;1007,6;718,3;28,2;21,9;30,2;28,2;22,9;21,8;69;64;69;160;5,8;3;
2026/03/18;2000 UTC;0;1007,7;1007,8;1007,6;248,5;27,3;21,5;28,2;27,3;22;21,3;71;68;71;149;5,6;2,2;
2026/03/18;2100 UTC;0;1008,2;1008,2;1007,6;70;26,7;21,4;27,3;26,7;21,7;21,2;73;70;73;109;4,4;2,2;
2026/03/18;2200 UTC;0;1009,1;1009,2;1008,2;;25,7;21,8;26,7;25,7;21,8;21,3;79;73;79;82;4,4;1,6;
2026/03/18;2300 UTC;0;1009,5;1009,5;1009,1;;24,3;21,9;25,7;24,2;21,9;21,6;87;79;87;114;2,9;,8;
2026/03/19;0000 UTC;0;1010,3;1010,3;1009,5;;24,2;21,7;24,6;24,2;22,2;21,7;87;85;86;135;1,7;1;
2026/03/19;0100 UTC;0;1010,4;1010,6;1010,3;;24,1;22,1;24,2;23,8;22,2;21,6;89;86;89;204;1,7;,7;
2026/03/19;0200 UTC;0;1010,1;1010,4;1010;;22,9;21,7;24,1;22,9;22,1;21,5;93;88;93;239;1,4;,7;
2026/03/19;0300 UTC;0;1009,6;1010,1;1009,6;;22,8;21,9;22,9;22,6;21,9;21,5;95;93;95;263;1,4;,4;
2026/03/19;0400 UTC;0;1009,4;1009,7;1009,4;;23,2;22,4;23,3;22,8;22,5;21,9;95;95;95;263;1,2;,5;
2026/03/19;0500 UTC;0;1008,8;1009,4;1008,8;;23,3;22,5;23,4;23,2;22,5;22,4;95;95;95;301;1,2;,6;
2026/03/19;0600 UTC;0;1008,3;1008,8;1008,3;;22,8;22;23,4;22,8;22,5;22;95;95;95;232;1,2;,6;
2026/03/19;0700 UTC;0;1008,2;1008,3;1008,2;;23,2;22,6;23,2;22,8;22,7;22;97;95;97;34;1,1;,3;
2026/03/19;0800 UTC;0;1008,1;1008,2;1008;;22,2;21,8;23,2;22,2;22,6;21,7;98;96;98;236;1,1;,5;
2026/03/19;0900 UTC;0;1008,4;1008,5;1008;1,5;22,6;22,4;22,6;22,2;22,4;21,8;99;97;99;241;1,5;,6;
2026/03/19;1000 UTC;0;1008,6;1008,6;1008,4;152,1;23,5;23,4;23,5;22,6;23,4;22,3;99;98;99;208;1,5;,4;
2026/03/19;1100 UTC;0;1008,9;1009;1008,6;303,2;24,8;23,7;24,8;23,5;23,7;23,4;99;94;94;243;1,3;,5;
2026/03/19;1200 UTC;0;1008,9;1009,1;1008,9;985,4;26,1;22,6;26,9;24,6;24,2;22,4;94;80;81;66;2,1;,8;
2026/03/19;1300 UTC;0;1008,6;1008,9;1008,6;1601,7;28,7;23,5;28,7;26,1;23,5;22,6;82;70;73;319;2,1;,9;
2026/03/19;1400 UTC;0;1008,4;1008,6;1008,4;2095;29,2;22,9;29,5;28;23,3;22,3;74;66;69;119;2,3;,7;
2026/03/19;1500 UTC;0;1007,6;1008,4;1007,6;2026,4;30,8;23,2;31,7;29,2;24,5;22,6;71;63;64;15;3,7;1,7;
2026/03/19;1600 UTC;0;1006,8;1007,7;1006,8;1564,1;29,9;22,8;31,5;29,6;24;22,4;68;62;66;124;3,7;1,3;
2026/03/19;1700 UTC;0;1006,1;1006,8;1006,1;1051,9;29,1;23,6;30,8;29;23,7;22,7;73;64;73;122;3,6;1,9;
2026/03/19;1800 UTC;0;1005,7;1006,1;1005,6;921,2;29,1;23,6;29,7;29;24;23,4;74;70;72;90;4,9;1,8;
2026/03/19;1900 UTC;0;1005,7;1005,8;1005,5;619,7;28,3;23,6;29,3;28,3;23,9;23,4;76;72;76;71;5,3;2,3;
2026/03/19;2000 UTC;,4;1006,5;1006,5;1005,7;129,6;26,2;23,7;28,3;26,2;23,8;23,3;86;76;86;64;4,6;1,2;
2026/03/19;2100 UTC;,6;1007,4;1007,4;1006,5;23,8;25,5;23,9;26,2;25,5;24,1;23,7;91;86;91;296;2,7;,9;
2026/03/19;2200 UTC;,2;1007,8;1007,8;1007,3;;25,2;24,2;25,4;24,8;24,2;23,6;94;91;94;70;1,9;,9;
2026/03/19;2300 UTC;,4;1008;1008,2;1007,8;;24,7;24;25,2;24,7;24,2;24;96;94;96;286;1,7;,7;
2026/03/20;0000 UTC;1,2;1008,9;1008,9;1008;;23,9;23,5;24,7;23,9;24,1;23,4;97;96;97;360;2,1;,7;
2026/03/20;0100 UTC;5,4;1009,2;1009,5;1008,9;;22,8;22,2;23,9;22,8;23,5;22,2;98;97;97;26;3,6;1,3;
2026/03/20;0200 UTC;2;1009,4;1009,5;1009,2;;22,1;21,6;22,8;22,1;22,4;21,6;98;97;97;337;2,6;,8;
2026/03/20;0300 UTC;,8;1008,6;1009,5;1008,6;;22,8;22,5;22,8;22,1;22,6;21,7;98;97;98;172;1,9;,4;
2026/03/20;0400 UTC;,4;1007,7;1008,6;1007,7;;22,4;22,2;22,8;22,4;22,6;22,2;99;98;99;77;2,9;,7;
2026/03/20;0500 UTC;,2;1007,3;1007,8;1007,3;;22,4;22,3;22,5;22,4;22,4;22,2;100;99;99;284;2;,5;
2026/03/20;0600 UTC;0;1007;1007,3;1006,9;;22,3;22,3;22,5;22,3;22,5;22,3;100;99;100;246;1,5;,5;
2026/03/20;0700 UTC;0;1007;1007,1;1006,9;;22,1;22,1;22,4;22;22,4;22;100;100;100;322;2,2;,5;
2026/03/20;0800 UTC;,2;1007,7;1007,7;1007;;22,1;22,1;22,2;22;22,2;22;100;100;100;325;1,7;,6;
2026/03/20;0900 UTC;,4;1008,2;1008,3;1007,6;,1;22,2;22,2;22,2;22,1;22,2;22,1;100;100;100;285;1,4;,6;
2026/03/20;1000 UTC;0;1008,7;1008,7;1008,1;104,8;22,6;22,6;22,6;22,1;22,6;22,1;100;100;100;305;1,3;,3;
2026/03/20;1100 UTC;0;1009,1;1009,1;1008,7;347,3;23,6;;23,6;22,6;;;;;;92;1,1;,4;
2026/03/20;1200 UTC;0;1009,3;1009,3;1009,1;1135,1;26,1;23,6;26,1;23,6;24,5;23,5;100;86;86;148;1,6;,6;
2026/03/20;1300 UTC;0;1009,1;1009,3;1009,1;1506,6;27,3;22,9;27,3;25,8;23,8;21,9;87;77;77;102;2,1;,6;
2026/03/20;1400 UTC;0;1009,3;1009,3;1009,1;1482,1;27,5;23,3;28;26,7;23,8;22,4;80;75;78;57;2,6;1,3;
2026/03/20;1500 UTC;,2;1008,5;1009,3;1008,5;1663,6;29;24,1;29;26,9;24,1;22,6;82;75;75;231;2,8;,7;
2026/03/20;1600 UTC;,2;1007,6;1008,5;1007,6;2680,6;28,3;23,9;30,6;28,2;25;22,7;77;68;77;19;3,6;1,9;
2026/03/20;1700 UTC;0;1007,3;1007,7;1007,2;539,5;25,7;23,2;28,3;25,7;23,7;23;87;75;86;302;4,5;1,4;
2026/03/20;1800 UTC;32,6;1007,7;1007,9;1007,3;305,1;23,5;23,2;25,6;22,9;23,5;21,8;98;86;98;44;6,2;,8;
2026/03/20;1900 UTC;1,6;1007,9;1008;1007,7;258,5;24;23,9;24;23,3;24;23,1;100;98;100;260;2,8;,8;
2026/03/20;2000 UTC;1,4;1007,9;1008;1007,8;252,5;24,1;24,1;24,3;24;24,3;23,9;100;100;100;244;2,5;1,5;
2026/03/20;2100 UTC;0;1008,3;1008,3;1007,8;53,3;22,9;22,9;24,1;22,9;24;22,9;100;100;100;7;2,8;,7;
2026/03/20;2200 UTC;0;1009;1009;1008,2;,1;22,9;22,9;23;22,8;22,9;22,7;100;100;100;292;1,4;,3;
2026/03/20;2300 UTC;0;1009,4;1009,5;1009;;22,9;22,9;23;22,9;23;22,9;100;100;100;63;,9;,2;
2026/03/21;0000 UTC;,6;1010,1;1010,1;1009,4;;23,3;23,3;23,3;22,9;23,3;23;100;100;100;352;1,2;,5;
2026/03/21;0100 UTC;,2;1010,5;1010,5;1010;;23,5;;23,5;23,1;;;;;;307;1,8;,3;
2026/03/21;0200 UTC;0;1010,5;1010,6;1010,4;;23,7;;23,7;23,5;;;;;;210;3,1;1,3;
2026/03/21;0300 UTC;0;1010,4;1010,6;1010,4;;23,1;;23,7;23,1;;;;;;117;3,5;,4;
2026/03/21;0400 UTC;,2;1010;1010,4;1009,9;;22,8;;23,1;22,8;;;;;;282;1;,5;
2026/03/21;0500 UTC;0;1009,7;1010;1009,7;;22,6;;23;22,6;;;;;;60;1,2;,5;
2026/03/21;0600 UTC;0;1009,3;1009,7;1009,3;;22,2;;22,7;22;;;;;;232;1,3;,6;
2026/03/21;0700 UTC;0;1008,6;1009,3;1008,6;;22,5;;22,5;22,2;;;;;;251;2,3;1;
2026/03/21;0800 UTC;0;1009,4;1009,4;1008,6;;22,1;;22,5;22,1;;;;;;295;3;,9;
2026/03/21;0900 UTC;0;1009,9;1009,9;1009,4;;21,7;;22,1;21,7;;;;;;283;2,1;,8;
2026/03/21;1000 UTC;0;1010,4;1010,4;1009,9;195;22,2;;22,2;21,7;;;;;;283;2,8;,7;
2026/03/21;1100 UTC;0;1010,7;1010,8;1010,3;1050,3;24,9;24,7;24,9;22,2;;;;;99;268;3,1;1,2;
2026/03/21;1200 UTC;0;1011;1011;1010,7;1904,1;26,8;21,8;27,2;24,8;24,7;21,4;99;72;74;274;2,7;1,2;
2026/03/21;1300 UTC;0;1011,4;1011,4;1011;2566,5;28,9;21;29,2;26,8;22,8;20,6;75;62;63;188;2,9;1,3;
2026/03/21;1400 UTC;0;1011,5;1012;1011,3;2715;29;20,6;30;28,5;22,2;19,3;65;55;61;210;3,6;1,1;
2026/03/21;1500 UTC;0;1012;1012,1;1011,1;3432,3;30,2;20,2;31,1;29;21,7;19,3;61;53;55;76;3,3;1,4;
2026/03/21;1600 UTC;0;1010,6;1012,1;1010,5;2891,6;29;21;31,5;29;21,9;19,7;63;51;62;152;4,4;2;
2026/03/21;1700 UTC;0;1010,3;1010,9;1010,2;2938,6;30,4;21,3;30,6;28,9;22,2;20,5;64;58;58;177;5,8;2,4;
2026/03/21;1800 UTC;0;1010;1010,7;1010;1652,6;29,8;21,8;30,4;28,8;22,2;20,9;65;58;62;175;6;2,8;
2026/03/21;1900 UTC;0;1010,2;1010,6;1010;1232,5;28;20,6;29,8;28;21,8;20,1;65;58;64;164;6,6;2,6;
2026/03/21;2000 UTC;0;1010,3;1010,3;1010,1;656,6;27,1;21,8;28;27;21,8;20,6;73;64;73;161;6,6;1,6;
2026/03/21;2100 UTC;0;1011;1011;1010,3;131,5;25,6;21,7;27,1;25,6;21,8;21,3;79;73;79;140;4,4;1,8;
2026/03/21;2200 UTC;0;1011,6;1011,6;1011;;24,1;21,8;25,6;24,1;22;21,7;87;79;87;145;3,4;,5;
2026/03/21;2300 UTC;0;1012,3;1012,3;1011,6;;22,8;21,6;24,1;22,8;21,9;21,6;93;87;93;45;1,3;,5;
2026/03/22;0000 UTC;0;1012,8;1012,8;1012,3;;22,6;21,9;22,9;22,5;22;21,7;96;93;96;266;1;,5;
2026/03/22;0100 UTC;0;1012,7;1012,9;1012,7;;22,2;21,8;22,6;22,2;22,1;21,7;98;96;98;272;1,3;,4;
2026/03/22;0200 UTC;0;1012,4;1012,7;1012,3;;21,9;21,7;22,3;21,9;22;21,7;99;98;98;32;1;,2;
2026/03/22;0300 UTC;0;1012,3;1012,4;1012,2;;21,7;21,5;21,9;21,5;21,7;21,3;99;98;99;246;1,2;,6;
2026/03/22;0400 UTC;0;1011,6;1012,3;1011,6;;21,3;21,2;21,7;21,2;21,5;21,1;100;99;100;263;1,2;,3;
2026/03/22;0500 UTC;0;1011;1011,6;1011;;21,1;21,1;21,3;21;21,3;21;100;100;100;306;,8;,3;
2026/03/22;0600 UTC;0;1010,8;1011;1010,7;;21,1;21,1;21,1;21;21,1;21;100;100;100;299;,9;,4;
2026/03/22;0700 UTC;0;1010,8;1010,8;1010,6;;20,9;20,9;21,1;20,9;21,1;20,9;100;100;100;310;1,2;,4;
2026/03/22;0800 UTC;0;1011;1011;1010,8;;20,7;20,7;20,9;20,7;20,9;20,7;100;100;100;353;1,2;,3;
2026/03/22;0900 UTC;0;1011,3;1011,3;1011;1;20,6;;20,8;20,6;;;;;;260;,8;,5;
2026/03/22;1000 UTC;0;1011,8;1011,8;1011,3;186,4;21,4;;21,4;20,6;;;;;;336;1;,3;
2026/03/22;1100 UTC;0;1012,1;1012,1;1011,6;826;23,8;;23,8;21,3;;;;;;17;1,5;,6;
2026/03/22;1200 UTC;0;1012,2;1012,4;1012,1;1907,8;27;23,4;27,2;23,8;25,6;23,4;100;81;81;85;2,8;1,5;
2026/03/22;1300 UTC;0;1012;1013;1012;2538,2;28,9;21,2;29,1;26,8;23,5;21,2;81;63;63;4;3,2;1,1;
2026/03/22;1400 UTC;0;1011,9;1012,3;1011,8;2938;30;21,3;30;28,6;22,4;20,1;67;56;59;37;3,6;1,6;
2026/03/22;1500 UTC;0;1011,1;1012,2;1011,1;2335,4;29,8;21,2;30,5;28,5;22,1;20,3;65;58;60;87;4;1,7;
2026/03/22;1600 UTC;0;1010,3;1011,5;1010,3;1639,7;28,7;22;30,9;28,7;22,4;21;67;58;67;142;4,7;2,9;
2026/03/22;1700 UTC;0;1009,7;1010,4;1009,7;2488,2;29,9;21,9;30,3;28,5;23,5;21,7;70;62;62;101;6,4;2,7;
2026/03/22;1800 UTC;0;1009,5;1009,7;1009,5;1301,2;29;21,4;30;28,3;22,6;21,3;67;62;64;101;6,3;2,6;
2026/03/22;1900 UTC;0;1009,5;1009,6;1009,4;1182,8;28,4;20,8;29,8;28,1;22,1;20,8;68;61;63;80;6;2,1;
2026/03/22;2000 UTC;0;1009,8;1009,8;1009,4;493,2;27,1;21;28,8;27,1;21,3;20,6;69;62;69;75;5,2;2,4;
2026/03/22;2100 UTC;0;1010,3;1010,3;1009,8;128,1;25,9;21,2;27,1;25,9;21,2;20,8;75;69;75;99;5,2;1,7;
2026/03/22;2200 UTC;0;1011,2;1011,2;1010,3;;25,1;21,7;25,9;25,1;21,7;21,2;81;75;81;114;3,6;1,1;
2026/03/22;2300 UTC;0;1011,9;1011,9;1011,2;;24,1;21,8;25,1;24,1;21,8;21,6;87;81;87;178;2,8;,3;
2026/03/23;0000 UTC;0;1012,4;1012,4;1011,9;;23,1;21,7;24,1;23,1;22;21,7;92;87;92;8;1,4;,6;
2026/03/23;0100 UTC;0;1012,5;1012,6;1012,4;;22,3;21,4;23,1;22,3;21,7;21,3;94;92;94;212;1,2;,4;
2026/03/23;0200 UTC;0;1012,4;1012,5;1012,3;;21,9;21,2;22,4;21,8;21,5;21,1;96;94;96;305;1,1;,5;
2026/03/23;0300 UTC;0;1012,3;1012,4;1012,3;;21,5;21,1;21,9;21,4;21,3;20,9;98;96;98;265;,9;,5;
2026/03/23;0400 UTC;0;1012,3;1012,4;1012,3;;21,2;21;21,6;21,1;21,3;20,9;99;98;99;260;1,2;,4;
2026/03/23;0500 UTC;0;1011,6;1012,3;1011,6;;21;20,8;21,3;20,9;21;20,8;99;98;99;246;1,1;,3;
2026/03/23;0600 UTC;0;1011,2;1011,6;1011,2;;20,9;20,8;21,1;20,9;21;20,8;100;99;100;287;,9;,4;
2026/03/23;0700 UTC;0;1011,1;1011,3;1011,1;;20,7;20,7;20,9;20,7;20,9;20,7;100;100;100;271;1;,4;
2026/03/23;0800 UTC;0;1011,3;1011,4;1011,1;;20,5;20,5;20,7;20,5;20,7;20,5;100;100;100;281;,9;,4;
2026/03/23;0900 UTC;0;1011,9;1011,9;1011,3;1,5;20,5;20,5;20,5;20,5;20,5;20,5;100;100;100;295;1,1;,5;
2026/03/23;1000 UTC;0;1012,5;1012,5;1011,9;229,3;21,6;21,6;21,7;20,5;21,7;20,5;100;100;100;305;1;,3;
2026/03/23;1100 UTC;0;1012,8;1012,8;1012,4;926,1;23,8;;23,9;21,5;;;;;;223;1,7;,6;
2026/03/23;1200 UTC;0;1012,8;1013;1012,8;1341,3;26,5;23,1;26,5;23,8;25,1;23,1;100;81;81;175;1,5;,7;
2026/03/23;1300 UTC;0;1012,3;1012,9;1012,3;2006,2;27,2;21,7;28;26,5;23,6;21,7;82;71;72;134;3,6;1,6;
2026/03/23;1400 UTC;0;1011,9;1012,5;1011,9;1899,5;28,8;22;29,2;27,1;23;21,3;74;66;67;99;6;2,1;
2026/03/23;1500 UTC;0;1011;1012;1010,9;3115,7;29,1;20,7;29,9;28,6;22,3;20,6;68;59;61;73;6,3;3;
2026/03/23;1600 UTC;,4;1010,9;1011;1010,4;1711,6;24,4;20,3;29,9;24,4;21,7;19,8;78;59;78;77;11,3;3,8;
2026/03/23;1700 UTC;0;1010,8;1011;1010,5;1472,3;24,4;19,1;26,1;23,7;21;19;83;70;72;60;11,5;4;
2026/03/23;1800 UTC;0;1010,6;1010,9;1010,3;818,4;24,5;20;24,6;24;20,1;18,9;77;71;76;66;8,8;3,3;
2026/03/23;1900 UTC;0;1010,4;1010,7;1010,4;959,3;24,5;19,4;25,1;24,3;20,5;19,3;77;72;73;61;6,9;3,1;
2026/03/23;2000 UTC;0;1009,8;1010,4;1009,8;466,8;24;19,1;24,6;24;19,5;19,1;75;73;74;64;6;1,8;
2026/03/23;2100 UTC;0;1009,5;1009,8;1009,5;93,6;22,6;19,5;24;22,6;19,8;19,1;83;74;83;50;3,3;1,2;
2026/03/23;2200 UTC;0;1010,3;1010,3;1009,4;;21,4;19,3;22,6;21,4;19,6;19,3;88;82;88;325;2,8;,6;
2026/03/23;2300 UTC;0;1010,5;1010,5;1010,3;;20,8;19,7;21,4;20,8;19,8;19,3;93;88;93;356;1,4;,7;
2026/03/24;0000 UTC;0;1010,5;1010,5;1010,2;;20,5;19,8;20,8;20,3;19,8;19,5;96;93;96;266;1,6;,8;
2026/03/24;0100 UTC;0;1010,7;1010,7;1010,4;;20,4;19,8;20,6;20,3;19,9;19,7;97;96;97;235;2,5;,9;
2026/03/24;0200 UTC;0;1010,8;1010,8;1010,5;;19,9;19,4;20,4;19,8;19,9;19,4;97;97;97;256;2,1;,3;
2026/03/24;0300 UTC;0;1011,3;1011,4;1010,8;;19,6;19,3;19,9;19,4;19,6;19,1;98;97;98;178;1,5;,5;
2026/03/24;0400 UTC;0;1011,2;1011,7;1011,2;;19,4;19,2;19,6;19,2;19,3;19;99;98;99;265;2,3;,7;
2026/03/24;0500 UTC;0;1011;1011,3;1011;;19;18,9;19,5;19;19,3;18,9;99;99;99;297;1,8;,4;
2026/03/24;0600 UTC;0;1010,3;1011;1010,3;;18,6;18,6;19;18,6;18,9;18,6;100;99;100;151;1;,4;
2026/03/24;0700 UTC;0;1010;1010,4;1010;;18,7;18,7;18,8;18,5;18,8;18,5;100;100;100;360;1;,4;
2026/03/24;0800 UTC;0;1010,3;1010,3;1009,9;;18,5;18,5;18,7;18,3;18,7;18,3;100;100;100;199;1,2;,5;
2026/03/24;0900 UTC;0;1010,4;1010,4;1010,1;;18,3;18,3;18,5;18,1;18,5;18,2;100;100;100;332;1,2;,3;
2026/03/24;1000 UTC;0;1011;1011;1010,4;252;19,9;19,9;20;18,3;20;18,3;100;100;100;26;1,4;,6;
2026/03/24;1100 UTC;0;1011,6;1011,6;1011;1064,3;23,5;21,9;23,5;19,8;22,8;19,8;100;91;91;98;2,3;1;
2026/03/24;1200 UTC;0;1011,8;1011,8;1011,5;1855,8;25,6;20,6;25,6;23,5;22,1;19,8;92;73;74;254;2,3;,9;
2026/03/24;1300 UTC;0;1011,4;1011,9;1011,4;2488,7;28,8;21,9;28,8;25,5;21,9;20,4;74;64;66;116;3,1;,9;
2026/03/24;1400 UTC;0;1010,8;1011,4;1010,8;2900,8;30,6;21,4;30,7;28,5;22,2;20,8;67;58;58;35;4,7;2,1;
2026/03/24;1500 UTC;0;1009,9;1010,8;1009,9;3107,8;31,7;20,3;32,2;30,6;22,1;20,3;60;50;51;57;5,7;1,8;
2026/03/24;1600 UTC;0;1009,2;1009,9;1009,2;3130,4;32,3;21,4;32,3;31,4;22,6;19,8;58;49;53;80;6,6;2,1;
2026/03/24;1700 UTC;0;1008,1;1009,2;1008,1;2952,6;32,7;21,8;33,1;32,3;22,4;17,8;54;42;53;92;6,2;3;
2026/03/24;1800 UTC;0;1007,7;1008,1;1007,6;2522,2;32,5;21,4;32,9;32,2;22,1;20,6;54;50;52;107;7,5;3,5;
2026/03/24;1900 UTC;0;1007,5;1007,7;1007,4;1852;32,1;20,8;32,7;31,9;21,5;19,7;52;47;51;95;7,6;3,1;
2026/03/24;2000 UTC;0;1008;1008;1007,5;1033,8;29,9;22,5;32,1;29,9;22,6;20,6;65;51;65;111;7,7;3,5;
2026/03/24;2100 UTC;0;1008,8;1008,8;1008;115,8;28,1;22,6;29,9;28;22,6;22,3;73;64;72;83;7,3;2,2;
2026/03/24;2200 UTC;0;1009,5;1009,5;1008,8;;27;22,3;28,1;27;23;22,2;78;72;76;74;5,3;2,7;
2026/03/24;2300 UTC;0;1009,9;1010;1009,4;;26,2;21,7;27;26,2;22,7;21,7;79;75;76;69;6,5;2,4;
2026/03/25;0000 UTC;0;1010,6;1010,6;1009,9;;25,5;21,4;26,2;25,4;21,7;21,4;79;76;79;65;7;3,5;
2026/03/25;0100 UTC;0;1011;1011;1010,5;;24,2;21,4;25,5;24,2;21,4;21,2;84;79;84;78;7;1;
2026/03/25;0200 UTC;0;1011,2;1011,2;1010,9;;24,2;21,5;24,4;24,1;21,6;21,3;85;84;85;74;3,2;1,7;
2026/03/25;0300 UTC;0;1011,8;1011,8;1011,2;;23,2;21,1;24,2;23,2;21,6;21,1;88;85;88;40;3,9;,3;
2026/03/25;0400 UTC;0;1011,7;1011,9;1011,6;;22,3;21,2;23,2;22,3;21,5;20,9;93;88;93;258;1,5;,8;
2026/03/25;0500 UTC;0;1011,1;1011,7;1011,1;;21,6;20,9;22,3;21,6;21,3;20,9;96;93;96;241;1,7;,4;
2026/03/25;0600 UTC;0;1011,5;1011,5;1011,1;;21,4;21;21,8;21,4;21,1;20,9;97;96;97;293;1,6;,4;
2026/03/25;0700 UTC;0;1011,5;1011,5;1011,3;;21;20,7;21,4;20,9;21;20,6;98;97;98;288;1;,3;
2026/03/25;0800 UTC;0;1011,9;1011,9;1011,5;;20,7;20,6;21;20,7;20,8;20,5;99;98;99;270;1,1;,3;
2026/03/25;0900 UTC;0;1012,6;1012,6;1011,9;;20,6;20,6;20,8;20,5;20,6;20,4;100;99;100;288;1,4;,6;
2026/03/25;1000 UTC;0;1012,8;1012,9;1012,5;234,1;22,2;22,2;22,2;20,6;22,2;20,5;100;100;100;242;2;,8;
2026/03/25;1100 UTC;0;1013;1013;1012,7;1056;25,9;23,4;25,9;22,1;24,6;22,1;100;86;86;97;2,2;,9;
2026/03/25;1200 UTC;0;1013,7;1013,7;1013;1833,6;29;22,5;29;25,8;23,2;21,9;86;67;68;217;2,2;,9;
2026/03/25;1300 UTC;0;1013,7;1013,9;1013,7;2469,9;30,4;22,5;30,7;28,5;23,1;21,6;70;61;63;199;2;1,2;
2026/03/25;1400 UTC;0;1013,7;1013,8;1013,7;2925,1;32,9;21;33;30,4;23,5;20,6;63;50;50;123;3;,8;
2026/03/25;1500 UTC;0;1013;1013,7;1013;3159,9;33,2;20,5;33,9;32,4;22,4;20,3;53;47;47;136;3,3;1,7;
2026/03/25;1600 UTC;0;1012,4;1013;1012,4;2903,3;32,8;22,7;34,3;31,8;23,3;19,6;58;46;55;102;6,6;3,3;
2026/03/25;1700 UTC;0;1011,8;1012,4;1011,8;1850,8;32,8;23;33,3;31,2;23,2;21,6;59;53;56;103;7,5;3,4;
2026/03/25;1800 UTC;0;1011,8;1011,9;1011,6;1318,3;30,6;22,2;33;30,6;23,1;22;61;54;61;75;8;3;
2026/03/25;1900 UTC;0;1011,8;1011,9;1011,8;936,5;31,2;22,1;31,5;30,6;22,8;22,1;62;59;59;76;6,5;2,9;
2026/03/25;2000 UTC;0;1011,8;1011,8;1011,6;863,8;30,4;21,8;31,2;30,4;22,6;21,8;61;58;60;74;6;2,2;
2026/03/25;2100 UTC;0;1012,2;1012,2;1011,8;138,9;28,4;21,4;30,4;28,4;22,1;21,4;66;60;66;76;9,2;2,2;
2026/03/25;2200 UTC;0;1012,4;1012,5;1012,2;;27,3;20,9;28,4;27,3;21,4;20,8;68;65;68;60;6,2;1,5;
2026/03/25;2300 UTC;0;1013,3;1013,3;1012,4;;26,3;21,1;27,3;26,1;21,1;20,8;74;68;73;54;3,8;1,8;
2026/03/26;0000 UTC;0;1014,1;1014,1;1013,3;;25,1;21,1;26,3;25,1;21,2;20,9;78;73;78;52;5;1;
2026/03/26;0100 UTC;0;1014,5;1014,5;1014,1;;23,9;21,1;25,1;23,9;21,5;21;84;78;84;288;2,5;,4;
2026/03/26;0200 UTC;0;1014,6;1014,6;1014,4;;23;21,4;23,8;23;21,5;21,1;91;84;91;287;2,1;,9;
2026/03/26;0300 UTC;0;1014,5;1014,7;1014,5;;22,3;21,2;23;22,3;21,4;21,2;93;91;93;16;1,7;,3;
2026/03/26;0400 UTC;0;1014,1;1014,5;1014,1;;22;21,4;22,3;22;21,4;21,1;96;93;96;263;1,1;,3;
2026/03/26;0500 UTC;0;1013,9;1014,1;1013,8;;21,6;21,2;22;21,6;21,4;21,1;97;96;97;254;1,5;,8;
2026/03/26;0600 UTC;0;1013,4;1013,9;1013,3;;21,4;21,1;21,8;21,3;21,4;21;98;97;98;300;1,5;,6;
2026/03/26;0700 UTC;0;1013;1013,4;1013;;20,9;20,7;21,5;20,9;21,3;20,7;99;98;99;301;1;,5;
2026/03/26;0800 UTC;0;1013,3;1013,3;1013;;20,8;20,8;21;20,7;20,8;20,6;100;99;100;269;1,1;,4;
2026/03/26;0900 UTC;0;1014;1014;1013,3;;20,6;20,6;20,9;20,6;20,8;20,6;100;100;100;248;,8;,2;
2026/03/26;1000 UTC;0;1014,8;1014,8;1014;212,9;21,5;21,5;21,6;20,6;21,6;20,5;100;100;100;299;1,1;,6;
2026/03/26;1100 UTC;0;1015,4;1015,4;1014,8;1057,5;25;23,7;25,4;21,4;25,1;21,4;100;93;93;226;1,5;,6;
2026/03/26;1200 UTC;0;1015,8;1015,8;1015,4;1879,3;28,1;22,1;28,2;25;23,8;21,4;92;70;70;266;2,5;,6;
2026/03/26;1300 UTC;0;1015,7;1015,9;1015,7;2514;30,6;21,9;30,8;27,9;23,1;21,6;71;58;60;10;2,8;1;
2026/03/26;1400 UTC;0;1015,2;1016,1;1015,2;2886,2;32;21,7;32;30,3;22,9;20,7;63;52;55;123;5,3;1;
2026/03/26;1500 UTC;0;1014,6;1015,3;1014,5;3065,1;32,7;20,7;33,2;31,7;22,5;20;56;47;49;55;5,3;2,1;
2026/03/26;1600 UTC;0;1013,9;1015;1013,9;3110,6;33,2;21,7;33,4;32,6;21,8;20,3;52;48;51;112;6,4;3,1;
2026/03/26;1700 UTC;0;1013,3;1013,9;1013,3;2314,8;32;22,5;33,2;31,8;22,5;20,2;57;48;57;107;7,8;3,9;
2026/03/26;1800 UTC;0;1013;1013,3;1013;2381;32,1;22,9;32,3;31,6;22,9;21,8;59;55;58;107;9;3,6;
2026/03/26;1900 UTC;0;1013;1013,1;1012,9;1804,9;30,8;22;32,3;30,8;22,9;21,8;61;56;59;101;8,3;2,8;
2026/03/26;2000 UTC;0;1013,1;1013,2;1012,9;960,2;28,8;21,6;30,8;28,8;22,2;21,5;65;59;65;87;8,5;3,1;
2026/03/26;2100 UTC;0;1013,5;1013,5;1013,1;109,3;27,1;21,5;28,8;27,1;21,7;21,5;72;65;72;101;6,4;1,8;
2026/03/26;2200 UTC;0;1014,1;1014,1;1013,5;;26;21,2;27,1;25,9;21,6;21,2;75;72;75;63;3,4;1,7;
2026/03/26;2300 UTC;0;1015;1015;1014,1;;25,1;21,3;26;24,8;21,3;21,1;80;75;79;82;3,6;1,2;
2026/03/27;0000 UTC;0;1015,7;1015,7;1015;;24,9;21,4;25,2;24,7;21,4;21,2;81;79;81;72;3,9;2;
2026/03/27;0100 UTC;0;1015,9;1015,9;1015,6;;22,5;20,8;25;22,5;21,4;20,8;90;80;90;313;3,9;,4;
2026/03/27;0200 UTC;0;1015,7;1016;1015,7;;22;20,9;22,6;21,9;21,4;20,8;94;90;94;251;1,5;,6;
2026/03/27;0300 UTC;0;1015,8;1015,9;1015,7;;21,6;20,9;22;21,5;21,1;20,8;96;94;96;236;2;,7;
2026/03/27;0400 UTC;0;1015,5;1015,9;1015,4;;20,9;20,5;21,6;20,9;21;20,5;97;96;97;313;1,3;,3;
2026/03/27;0500 UTC;0;1015,3;1015,5;1015,1;;20,3;20;20,9;20,2;20,5;19,9;98;97;98;253;1,4;,5;
2026/03/27;0600 UTC;0;1015;1015,3;1015;;20,2;20;20,6;20,1;20,3;19,9;99;98;99;279;1,1;,5;
2026/03/27;0700 UTC;0;1015;1015;1014,9;;20;19,9;20,2;19,9;20;19,7;100;99;100;287;1,6;,7;
2026/03/27;0800 UTC;0;1015,5;1015,5;1015;;19,7;19,7;20,1;19,6;20;19,6;100;100;100;239;1,6;,4;
2026/03/27;0900 UTC;0;1015,8;1015,8;1015,5;;19;19;19,7;19;19,7;19;100;100;100;277;1,2;,3;
2026/03/27;1000 UTC;0;1016,5;1016,5;1015,8;219;20,2;20,2;20,2;18,9;20,2;18,9;100;100;100;276;1,7;,8;
2026/03/27;1100 UTC;0;1017,2;1017,2;1016,5;1076;24,7;23,2;24,7;20,1;24,1;20,1;100;92;92;350;1,7;,6;
2026/03/27;1200 UTC;0;1017,5;1017,6;1017,2;1880,9;27,9;22,1;28;24,7;23,2;21,7;92;71;71;54;2,6;1,3;
2026/03/27;1300 UTC;0;1017,5;1017,6;1017,5;2532;30,2;20,3;30,2;27,9;22,7;19,7;73;53;55;57;5,9;2,5;
2026/03/27;1400 UTC;0;1017,2;1017,6;1017,1;2999,3;30,7;20,1;30,9;29,8;21;19,5;57;51;53;101;7,5;4;
2026/03/27;1500 UTC;0;1016,5;1017,2;1016,5;3232,4;31,5;20,3;31,5;30,5;21,2;19,6;55;51;52;90;8;4;
2026/03/27;1600 UTC;0;1015,7;1016,5;1015,7;3224,4;31,6;22,3;31,9;30,8;22,3;19,6;58;50;58;94;8;3,6;
2026/03/27;1700 UTC;0;1015,3;1015,7;1015,2;2919,1;31,1;21,3;31,9;30,9;22,4;21,1;59;55;56;105;7,8;3,7;
2026/03/27;1800 UTC;0;1015,2;1015,3;1015,1;2508,9;30,4;21,4;31,4;30,2;21,8;20,9;59;55;59;91;8,8;3,6;
2026/03/27;1900 UTC;0;1015,3;1015,3;1015,1;1804,9;29,7;21,2;30,6;29,5;21,6;20,8;62;57;60;92;8,3;2,7;
2026/03/27;2000 UTC;0;1015,8;1015,8;1015,3;972,8;28,2;20,5;29,7;28,2;21,4;20,5;64;60;63;91;8,4;3,1;
2026/03/27;2100 UTC;0;1016,3;1016,3;1015,7;124,5;26,5;20,8;28,2;26,5;20,8;20;71;63;71;97;7,2;2,6;
2026/03/27;2200 UTC;0;1017,1;1017,1;1016,3;;25,6;22;26,5;25,6;22;20,9;81;71;81;72;7,1;2,5;
2026/03/27;2300 UTC;0;1017,8;1017,8;1017,1;;24,9;22,3;25,6;24,8;22,3;22;86;81;86;83;4,8;1,5;
2026/03/28;0000 UTC;0;1018,2;1018,2;1017,9;;24,7;22,1;24,9;24,7;22,3;22,1;86;85;85;83;4,3;1,7;
2026/03/28;0100 UTC;0;1018,1;1018,2;1018,1;;24,4;21,9;24,8;24,4;22,1;21,9;86;85;86;85;4,3;1,9;
2026/03/28;0200 UTC;0;1018;1018,2;1018;;23,8;21,7;24,5;23,8;21,9;21,6;88;85;88;105;4,5;1,5;
2026/03/28;0300 UTC;0;1017,8;1018;1017,8;;23,3;21,5;23,8;23,3;21,8;21,4;89;88;89;90;2,7;1,1;
2026/03/28;0400 UTC;0;1017,2;1017,8;1017,2;;22,2;20,9;23,4;22,2;21,5;20,8;92;89;92;239;2,2;,3;
2026/03/28;0500 UTC;0;1016,7;1017,2;1016,7;;21,5;20,8;22,2;21,5;20,9;20,6;95;92;95;273;1,3;,6;
2026/03/28;0600 UTC;0;1016,4;1016,7;1016,2;;21;20,5;21,5;21;20,7;20,5;97;95;97;284;1,4;,6;
2026/03/28;0700 UTC;0;1016,4;1016,4;1016,3;;20,9;20,5;21,1;20,8;20,7;20,4;98;97;98;322;1,4;,3;
2026/03/28;0800 UTC;0;1016,6;1016,6;1016,3;;20,6;20,4;20,9;20,6;20,6;20,3;99;98;99;293;,9;,5;
2026/03/28;0900 UTC;0;1017,2;1017,2;1016,6;;20,3;20,1;20,7;20,2;20,4;20;99;99;99;336;,9;,2;
2026/03/28;1000 UTC;0;1017,9;1017,9;1017,2;220,3;22,2;22,2;22,2;20,2;22,2;20;100;99;100;309;1,2;,5;
2026/03/28;1100 UTC;0;1018,8;1018,8;1017,9;766,2;24,9;23;25;22,2;23,9;22,3;100;89;89;27;1,5;,6;
2026/03/28;1200 UTC;0;1018,9;1018,9;1018,8;1830,9;27,4;21,8;27,7;24,7;23,1;21,6;90;71;71;69;3,5;1,8;
2026/03/28;1300 UTC;0;1018,7;1018,9;1018,7;2479,9;29,4;22,4;29,4;27,3;22,6;21,6;73;65;66;91;5;2,4;
2026/03/28;1400 UTC;0;1018,6;1018,8;1018,6;2889,9;30,2;22;30,5;29,4;23,1;21,3;67;60;61;82;7;3,2;
2026/03/28;1500 UTC;0;1017,8;1018,6;1017,7;3239,8;31,3;22,1;31,3;30,1;22,2;20,7;62;54;58;90;6,5;3,1;
2026/03/28;1600 UTC;0;1016,8;1017,8;1016,8;3142,7;30,6;21;31,2;30,4;22;20,5;60;54;56;100;7,4;4,1;
2026/03/28;1700 UTC;0;1016,1;1016,8;1016,1;2856,6;31,2;20,8;31,4;30,5;21,9;20,6;58;54;54;84;9,3;3,3;
2026/03/28;1800 UTC;0;1015,8;1016,2;1015,8;2489,4;30,5;21;31,4;30,2;21,7;19,6;59;51;57;77;7,5;3,4;
2026/03/28;1900 UTC;0;1015,7;1015,8;1015,7;1734,5;29,7;19,6;30,7;29,7;21,5;19,4;59;53;55;92;7,9;3,3;
2026/03/28;2000 UTC;0;1016,2;1016,2;1015,7;984;28,3;19,9;29,7;28,3;19,9;19;60;54;60;83;8;2,9;
2026/03/28;2100 UTC;0;1016,9;1016,9;1016,2;94,9;26,3;20,8;28,4;26,3;20,8;19,7;72;60;72;95;7,1;2,1;
2026/03/28;2200 UTC;0;1017,6;1017,6;1016,9;;25,2;21,4;26,3;25,2;21,4;20,8;79;72;79;105;4,6;2;
2026/03/28;2300 UTC;0;1018,4;1018,4;1017,6;;24,6;21,8;25,2;24,6;21,9;21,4;84;79;84;71;4,2;1,5;
2026/03/29;0000 UTC;0;1018,8;1018,8;1018,4;;24,1;21,8;24,6;24,1;21,9;21,7;87;84;87;91;2,8;,9;
2026/03/29;0100 UTC;0;1018,8;1018,8;1018,7;;23,3;21,7;24,1;23,3;22;21,6;90;87;90;88;1,6;,7;
2026/03/29;0200 UTC;0;1018,5;1018,8;1018,5;;23;21,8;23,3;22,9;21,8;21,4;92;90;92;105;1,7;1;
2026/03/29;0300 UTC;0;1018,3;1018,6;1018,3;;22;21;23,3;22;22;20,9;94;92;94;252;1,8;,4;
2026/03/29;0400 UTC;0;1017,4;1018,3;1017,4;;21,1;20,5;22;21,1;21,1;20,4;96;94;96;148;1,1;,3;
2026/03/29;0500 UTC;0;1016,8;1017,4;1016,8;;20,6;20,2;21,4;20,6;20,8;20,1;98;96;98;327;,7;,3;
2026/03/29;0600 UTC;0;1016,4;1016,9;1016,4;;20,3;20,1;20,6;20,3;20,3;19,9;99;97;99;276;,7;,3;
2026/03/29;0700 UTC;0;1016,1;1016,4;1016,1;;19,9;19,8;20,3;19,8;20,1;19,6;99;98;99;193;,9;,2;
2026/03/29;0800 UTC;0;1016,2;1016,2;1016;;19,7;19,7;20;19,7;20;19,6;100;99;100;247;1,5;,2;
2026/03/29;0900 UTC;0;1016,7;1016,7;1016,2;;19,3;19,3;19,8;19,3;19,8;19,3;100;100;100;297;1,1;,5;
2026/03/29;1000 UTC;0;1017,2;1017,2;1016,6;200,2;20,8;20,8;20,8;19,2;20,8;19,2;100;100;100;343;1,1;,5;
2026/03/29;1100 UTC;0;1017,3;1017,4;1017,2;1047,6;24,4;23,1;24,4;20,8;23,8;20,8;100;92;92;8;1,8;,8;
2026/03/29;1200 UTC;0;1017,7;1017,7;1017,3;1838,2;27,3;20;27,3;24,3;23,3;19,8;92;64;65;137;1,9;,7;
2026/03/29;1300 UTC;0;1017,6;1017,9;1017,6;2474,2;29,1;19,2;29,1;27,2;20;18,6;65;54;55;106;3,9;1,8;
2026/03/29;1400 UTC;0;1017;1017,6;1017;2907,2;30,1;18;30,5;28,9;19,9;17,7;57;48;48;97;4,6;2,1;
2026/03/29;1500 UTC;0;1015,9;1017;1015,9;3146,9;30,9;19,7;30,9;29,8;19,9;18;54;48;51;81;6,3;2,1;
2026/03/29;1600 UTC;0;1015,1;1015,9;1015,1;3072,8;30,8;19,4;31,5;30,5;20,3;19;53;48;51;105;6,3;2,4;
2026/03/29;1700 UTC;0;1014,3;1015,1;1014,3;2693,9;31;20,6;31,8;30,5;21;18,8;56;47;54;94;5,5;1,7;
2026/03/29;1800 UTC;0;1013,7;1014,3;1013,7;1968,6;30,4;20,2;31,8;30,3;21;19,2;56;49;55;131;6;2,5;
2026/03/29;1900 UTC;0;1013,5;1013,7;1013,4;1201;30,1;20,5;31;29,5;21;19,7;58;53;56;94;5,7;1,9;
2026/03/29;2000 UTC;0;1014,1;1014,1;1013,5;421;28,3;20,6;30,1;28,3;20,7;20;63;56;63;95;4,9;1,6;
2026/03/29;2100 UTC;0;1014,9;1014,9;1014,1;60;26,7;20,7;28,2;26,7;20,8;20,1;70;63;70;120;4,6;1,5;
2026/03/29;2200 UTC;0;1015,4;1015,4;1014,9;;25,4;21,2;26,7;25,4;21,2;20,8;78;70;78;67;4,2;1,5;
2026/03/29;2300 UTC;0;1016,2;1016,3;1015,4;;25,1;21,5;25,4;25,1;21,6;21,2;80;78;80;114;2,9;,9;
2026/03/30;0000 UTC;0;1016,5;1016,5;1016,1;;23,6;21,6;25,1;23,4;21,6;21,3;89;80;89;236;2;,7;
2026/03/30;0100 UTC;0;1016,4;1016,5;1016,3;;22,8;21,5;23,6;22,8;21,7;21,3;92;89;92;220;1,6;,6;
2026/03/30;0200 UTC;0;1016;1016,4;1016;;22;21;22,8;22;21,5;21;94;92;94;296;1,2;,4;
2026/03/30;0300 UTC;0;1015,9;1016,1;1015,9;;21,9;21,2;22,2;21,9;21,4;21,1;96;94;96;246;1,5;,6;
2026/03/30;0400 UTC;0;1015,2;1015,9;1015,2;;21,5;21,1;21,9;21,4;21,2;20,8;97;96;97;263;1,3;,4;
2026/03/30;0500 UTC;0;1014,8;1015,2;1014,8;;21,1;20,7;21,5;21,1;21,1;20,7;98;97;98;291;,8;,4;
2026/03/30;0600 UTC;0;1014,2;1014,8;1014,2;;20,9;20,7;21,2;20,9;21;20,6;99;98;99;223;,8;,5;
2026/03/30;0700 UTC;0;1013,7;1014,2;1013,7;;20,8;20,7;20,9;20,7;20,7;20,6;100;99;99;328;,8;,2;
2026/03/30;0800 UTC;0;1013,7;1013,8;1013,6;;20,9;20,9;21,2;20,8;21,2;20,7;100;99;100;235;1,2;,8;
2026/03/30;0900 UTC;0;1013,6;1013,9;1013,6;;20,6;20,6;20,9;20,6;20,9;20,6;100;100;100;314;1,2;,2;
2026/03/30;1000 UTC;0;1013,8;1013,8;1013,5;195,4;21,6;21,6;21,7;20,6;21,7;20,6;100;100;100;187;1;,5;
2026/03/30;1100 UTC;0;1014,1;1014,1;1013,7;946,3;24,5;24;24,7;21,6;24,7;21,7;100;97;97;295;1,6;,7;
2026/03/30;1200 UTC;0;1014,1;1014,1;1013,9;1811,3;27,4;22,5;27,4;24,3;24,1;21,7;97;73;75;156;2,4;,9;
2026/03/30;1300 UTC;0;1013,9;1014,2;1013,9;2389,2;28;21;29,3;27,4;22,7;20,9;75;64;66;168;5;1,6;
2026/03/30;1400 UTC;0;1013,4;1014;1013,4;2845,9;30,3;19,5;30,6;28;22;19,5;67;52;53;78;3,7;1,3;
2026/03/30;1500 UTC;0;1012,5;1013,4;1012,5;3045;31,1;19,1;31,2;30;20,5;18,4;55;47;49;42;3,8;,8;
2026/03/30;1600 UTC;0;1011,6;1012,5;1011,6;2759,8;31,1;19,8;31,9;30,8;20,1;18,1;51;46;51;83;3,3;1,5;
2026/03/30;1700 UTC;0;1011;1011,6;1010,9;2146,3;30,9;21;32,8;30,5;21,1;18,5;56;46;56;156;4,2;1,9;
2026/03/30;1800 UTC;0;1011;1011;1010,8;1367,5;28,9;21,4;31,6;28,9;22,3;21,1;64;56;64;165;5,8;3,4;
2026/03/30;1900 UTC;0;1011,1;1011,1;1010,9;808;27,7;20,9;28,9;27,7;21,6;20,9;67;64;66;147;6,8;2,7;
2026/03/30;2000 UTC;0;1010,9;1011,1;1010,9;301,2;26,9;20,4;27,7;26,9;21,1;20,4;69;66;68;154;6,4;2,8;
2026/03/30;2100 UTC;0;1011,7;1011,7;1010,9;53,3;26,1;20,8;26,9;26,1;20,8;20,3;72;67;72;173;5;1,1;
2026/03/30;2200 UTC;0;1012,1;1012,1;1011,7;;24,7;21,2;26,1;24,7;21,2;20,7;81;72;81;22;2,1;,5;
2026/03/30;2300 UTC;0;1012,5;1012,5;1012,1;;24,7;21,7;24,9;24,7;21,7;21,2;83;81;83;238;1,9;1;
2026/03/31;0000 UTC;0;1012,7;1012,7;1012,4;;24;21,7;24,7;24;21,8;21,6;87;83;87;151;1,9;,3;
2026/03/31;0100 UTC;1,4;1012,4;1012,7;1012,4;;23,6;21,9;24,1;23,6;22,1;21,7;90;87;90;234;1,4;,5;
2026/03/31;0200 UTC;0;1012,2;1012,4;1012,2;;23,4;22,5;23,6;23,4;22,5;21,9;95;90;95;293;1,2;,4;
2026/03/31;0300 UTC;0;1011,7;1012,2;1011,7;;23;22,5;23,4;23;22,5;22,3;96;95;96;126;1,2;,4;
2026/03/31;0400 UTC;0;1011,1;1011,7;1011,1;;22,8;22,4;23,1;22,8;22,6;22,4;98;96;98;304;1,1;,3;
2026/03/31;0500 UTC;,2;1010,4;1011,1;1010,4;;22,3;22;22,8;22,3;22,4;22;98;98;98;41;1;,5;
2026/03/31;0600 UTC;0;1009,8;1010,4;1009,8;;22,3;22;22,4;22,2;22,2;22;99;98;99;223;1,4;,5;
2026/03/31;0700 UTC;0;1009,4;1009,8;1009,2;;22,2;22,1;22,3;22,1;22,2;22;100;99;99;252;1,6;,9;
2026/03/31;0800 UTC;0;1009,4;1009,4;1009,1;;22;22;22,2;22;22,1;22;100;99;100;274;1,6;,6;
2026/03/31;0900 UTC;0;1009,9;1009,9;1009,4;;21,7;21,7;22,1;21,7;22,1;21,7;100;100;100;300;1,6;,4;
2026/03/31;1000 UTC;0;1010,7;1010,7;1009,9;157,6;22,4;22,4;22,4;21,7;22,4;21,7;100;100;100;261;1,4;,6;
2026/03/31;1100 UTC;0;1011;1011,1;1010,6;999,6;25,5;24,1;25,7;22,4;25,2;22,4;100;92;92;87;1,8;,6;
2026/03/31;1200 UTC;0;1011,2;1011,3;1011;1448,9;27,6;22,6;27,9;25,3;24,1;22;92;74;74;167;2,4;1;
2026/03/31;1300 UTC;0;1011;1011,2;1010,9;1663,5;28,5;22,1;28,8;26,7;23,1;21,5;77;69;69;233;2,8;1,4;
2026/03/31;1400 UTC;0;1010,4;1011;1010,4;2841;30,3;21;30,7;28,3;23,3;21;70;57;57;147;4,5;1,3;
2026/03/31;1500 UTC;0;1009,8;1010,4;1009,8;3201,3;31,6;20,5;32,2;30,2;22,5;20,5;61;51;52;128;4;1,4;
2026/03/31;1600 UTC;0;1008,7;1009,8;1008,7;3041,2;32,7;20,5;33,2;31,2;22;19,9;56;47;49;183;4,4;1,7;
2026/03/31;1700 UTC;0;1008,6;1008,7;1008,2;1025,2;28;21,5;32,7;28;21,9;20;68;48;68;186;8,3;2,3;
2026/03/31;1800 UTC;14,6;1009,6;1009,6;1008,6;58,8;22,9;21,7;28;22,5;21,9;21,1;93;68;93;215;9,2;1,7;
2026/03/31;1900 UTC;2;1010,4;1010,4;1009,6;38,4;22,9;22,1;23,2;22,8;22,2;21,7;95;93;95;286;4,5;,4;
2026/03/31;2000 UTC;2,6;1010,6;1010,6;1010,3;26,8;22,8;22,3;23;22,8;22,5;22,1;97;95;97;16;2,1;,9;
2026/03/31;2100 UTC;4,6;1011,9;1012;1010,6;7,8;22,2;21,9;22,8;22,2;22,3;21,9;98;97;98;23;3,4;1,3;
2026/03/31;2200 UTC;1,2;1011,5;1011,9;1011,5;;21,9;21,6;22,2;21,9;21,8;21,5;98;98;98;253;3,4;,8;
2026/03/31;2300 UTC;,6;1011,2;1011,8;1011,1;;21,9;21,6;22;21,8;21,7;21,5;98;98;98;264;2,3;,8;
2026/04/01;0000 UTC;,6;1011,7;1011,7;1011,2;;21,9;21,7;22;21,8;21,7;21,5;99;98;99;74;1,6;,6;
2026/04/01;0100 UTC;,4;1011,6;1011,8;1011,6;;21,6;21,4;21,9;21,5;21,7;21,3;99;98;99;112;1,9;1,2;
2026/04/01;0200 UTC;0;1012,2;1012,2;1011,5;;21,4;21,2;21,7;21,4;21,4;21,1;99;98;98;116;1,9;,3;
2026/04/01;0300 UTC;,4;1011,7;1012,2;1011,7;;21,2;21;21,5;21,2;21,2;21;99;98;98;33;1,8;,4;
2026/04/01;0400 UTC;0;1011,2;1011,7;1011,2;;20,9;20,7;21,2;20,9;20,9;20,7;99;98;99;258;1,6;,6;
2026/04/01;0500 UTC;0;1010,5;1011,2;1010,5;;20,4;20,3;20,9;20,4;20,7;20,3;99;99;99;286;1,3;,2;
2026/04/01;0600 UTC;0;1010,4;1010,5;1010,4;;20,3;20,3;20,5;20,2;20,4;20,1;100;99;100;331;1;,4;
2026/04/01;0700 UTC;0;1010,1;1010,4;1010,1;;20,2;20,2;20,3;20,2;20,3;20,2;100;100;100;49;1,5;,2;
2026/04/01;0800 UTC;0;1010,1;1010,2;1010;;20,2;20,2;20,3;20,1;20,3;20,1;100;100;100;39;1,8;,3;
2026/04/01;0900 UTC;0;1010,6;1010,7;1010;,2;20;20;20,2;19,9;20,2;19,9;100;100;100;306;1;,4;
2026/04/01;1000 UTC;0;1011,5;1011,5;1010,6;208,4;21;21;21,1;20;21,1;20;100;100;100;256;2;1;
2026/04/01;1100 UTC;0;1012,5;1012,5;1011,5;304,9;21,8;21,8;21,8;20,9;21,8;20,9;100;100;100;264;2,1;,9;
2026/04/01;1200 UTC;0;1013,3;1013,3;1012,5;377,1;22,7;22,5;22,8;21,8;22,8;21,8;100;99;99;333;2;,5;
2026/04/01;1300 UTC;0;1013,2;1013,4;1013,2;355,8;23,4;22,5;23,4;22,7;22,7;22,2;99;94;94;215;1,3;,2;
2026/04/01;1400 UTC;0;1012,9;1013,3;1012,9;701,1;25;22,4;25;23,3;22,8;22;94;85;86;310;1,2;,5;
2026/04/01;1500 UTC;0;1012,4;1013;1012,4;870,2;25,8;22,5;25,8;24,9;22,8;21,9;86;81;82;264;2,7;,8;
2026/04/01;1600 UTC;0;1011,6;1012,4;1011,6;1677,9;28,4;23,8;28,4;25,7;23,9;21,9;83;73;76;243;2,4;,7;
2026/04/01;1700 UTC;0;1010,8;1011,6;1010,8;2621,4;31,4;24,7;31,4;28,4;25;23;76;65;68;304;3,3;,8;
2026/04/01;1800 UTC;0;1010,4;1010,8;1010,4;1871,6;30,4;22,8;31,4;30,4;23,5;21,4;68;56;64;72;4,2;2,4;
2026/04/01;1900 UTC;0;1010,4;1010,4;1010,2;837,9;29,2;22,7;30,5;29,2;23,2;22,6;69;63;68;80;5,9;2,1;
2026/04/01;2000 UTC;0;1010,9;1010,9;1010,4;253,4;27,4;22,1;29,2;27,4;22,7;21,9;73;68;73;100;4,9;2,1;
2026/04/01;2100 UTC;0;1011,5;1011,5;1010,9;53,1;25,9;22,3;27,4;25,9;22,5;22,1;81;73;81;113;3,9;,8;
2026/04/01;2200 UTC;0;1011,6;1011,7;1011,4;;25,6;21,9;25,9;24,7;22,5;21,9;87;79;80;74;4,7;1,7;
2026/04/01;2300 UTC;0;1012,4;1012,4;1011,6;;23,9;22;25,6;23,9;22,1;21,7;89;80;89;120;3,4;,8;
2026/04/02;0000 UTC;0;1012,6;1012,7;1012,4;;24,7;21,4;24,8;23,9;22,2;21,4;89;82;82;96;2,8;1,5;
2026/04/02;0100 UTC;0;1013;1013,1;1012,6;;24,1;21,1;24,8;24,1;21,4;21,1;83;81;83;106;3,3;1,3;
2026/04/02;0200 UTC;0;1012,7;1013,1;1012,6;;22,6;21,2;24,2;22,6;21,3;20,9;92;83;92;336;1,8;,8;
2026/04/02;0300 UTC;0;1012,5;1012,8;1012,4;;22,3;21,5;22,7;22,3;21,5;21,2;95;92;95;269;2;,5;
2026/04/02;0400 UTC;0;1012,3;1012,5;1012,3;;22,2;21,7;22,3;22,1;21,7;21,5;97;95;97;263;1,8;,7;
2026/04/02;0500 UTC;0;1011,7;1012,3;1011,7;;22,2;21,9;22,3;22,1;22;21,7;98;97;98;248;2,4;1;
2026/04/02;0600 UTC;0;1011,1;1011,7;1011,1;;21,9;21,6;22,2;21,8;21,9;21,6;99;98;99;306;1,9;,3;
2026/04/02;0700 UTC;0;1011,1;1011,2;1011;;21,6;21,5;21,9;21,6;21,7;21,4;99;99;99;278;1,8;,4;
2026/04/02;0800 UTC;0;1011,4;1011,4;1011,1;;21,4;21,4;21,6;21,3;21,6;21,3;100;99;100;254;2,2;,6;
2026/04/02;0900 UTC;0;1012,1;1012,1;1011,4;;21,3;21,3;21,5;21,2;21,5;21,3;100;100;100;261;1,9;,6;
2026/04/02;1000 UTC;0;1012,5;1012,5;1012,1;128,1;21,8;21,8;21,9;21,3;21,9;21,3;100;100;100;293;2;,3;
2026/04/02;1100 UTC;0;1012,9;1012,9;1012,5;453,3;23,3;23,3;23,3;21,8;23,3;21,9;100;100;100;275;1,2;,4;
2026/04/02;1200 UTC;0;1012,9;1013,2;1012,9;1427,5;26,2;23,1;26,5;23,3;25;22,9;100;82;83;26;2,1;,6;
2026/04/02;1300 UTC;0;1013,2;1013,2;1012,9;1995,7;29,3;23,4;29,3;26,2;24,2;22,3;83;70;71;289;2,2;,9;
2026/04/02;1400 UTC;0;1012,7;1013,2;1012,7;2990,1;31,9;24;31,9;29,3;24,9;22,8;71;62;63;227;2,7;1,1;
2026/04/02;1500 UTC;0;1012,1;1012,8;1012,1;2499,4;32;24,2;32,4;31;24,5;22,7;66;58;64;64;7,3;1,5;
2026/04/02;1600 UTC;0;1011,5;1012,1;1011,5;2808,4;33,5;24,2;33,5;31,4;24,3;22,3;64;56;58;83;5,3;2,4;
2026/04/02;1700 UTC;0;1011,3;1011,5;1011,1;1726,9;29,6;21,4;33,6;29,6;24,2;21,4;64;54;62;83;9,2;3,6;
2026/04/02;1800 UTC;0;1010,9;1011,3;1010,9;1593,9;31,4;23,8;31,4;29;23,8;21,4;67;62;64;117;9,2;2,2;
2026/04/02;1900 UTC;0;1010,5;1011;1010,5;1308,4;30,1;22,1;31,5;30,1;23,9;22,1;65;61;62;97;5,8;2,7;
2026/04/02;2000 UTC;0;1011,2;1011,2;1010,5;417,6;28,5;22;30,1;28,5;22,4;21,7;68;62;68;75;5,8;1,9;
2026/04/02;2100 UTC;0;1011,7;1011,8;1011,2;39;26,2;21,8;28,4;26,2;22,1;21,6;77;68;77;15;3,8;,6;
2026/04/02;2200 UTC;0;1012,4;1012,4;1011,7;;26;21,2;26,5;25,9;21,7;21,1;77;73;75;46;4;1;
2026/04/02;2300 UTC;0;1013,3;1013,3;1012,4;;24,8;22,1;26;24,8;22,1;21,2;85;75;85;171;2,7;,4;
2026/04/03;0000 UTC;0;1013,7;1013,8;1013,3;;24,1;22,2;25;24;22,2;21,8;89;83;89;131;1,7;,5;
2026/04/03;0100 UTC;0;1014;1014;1013,7;;23,4;22,1;24,1;23,3;22,2;22;93;89;93;265;1,4;,7;
2026/04/03;0200 UTC;0;1013,9;1014,1;1013,9;;23,3;22,4;23,4;23,2;22,5;22,1;95;93;95;222;1,7;,9;
2026/04/03;0300 UTC;0;1013,3;1013,9;1013,3;;22,8;22,1;23,3;22,7;22,4;22,1;96;95;96;232;1,5;,5;
2026/04/03;0400 UTC;0;1013;1013,3;1012,9;;22,5;22,1;22,7;22,4;22,2;22;97;96;97;270;1,3;,8;
2026/04/03;0500 UTC;0;1012,5;1013;1012,5;;22,3;22;22,6;22,2;22,2;21,9;98;97;98;228;1,5;,5;
2026/04/03;0600 UTC;0;1012,4;1012,6;1012,4;;22,1;21,9;22,3;22;22;21,8;99;98;99;249;1,5;,5;
2026/04/03;0700 UTC;0;1012,4;1012,5;1012,3;;22,1;22;22,3;22;22,1;21,8;99;99;99;257;1,8;,5;
2026/04/03;0800 UTC;0;1012,5;1012,6;1012,4;;21,6;21,6;22,1;21,6;22;21,6;100;99;100;2;1,3;,2;
2026/04/03;0900 UTC;0;1012,7;1012,7;1012,5;;21,5;21,5;21,6;21,3;21,6;21,3;100;100;100;348;,8;,3;
2026/04/03;1000 UTC;0;1013;1013;1012,7;190,3;23,1;23,1;23,1;21,5;23,1;21,5;100;100;100;26;1,3;,6;
2026/04/03;1100 UTC;0;1013,5;1013,5;1013;889,2;25,3;23,8;26;23,1;25,7;23,1;100;91;91;220;1,4;,5;
2026/04/03;1200 UTC;0;1013,7;1013,7;1013,4;678,6;25,9;23,3;26,1;25,3;24;23,3;91;86;86;18;1,8;,6;
2026/04/03;1300 UTC;0;1013,8;1013,8;1013,6;1024,4;27,4;23,7;27,4;25,8;23,9;23;86;79;80;99;1,7;,6;
2026/04/03;1400 UTC;0;1013,4;1013,8;1013,4;1885,7;31,2;24,6;31,2;27,3;24,9;23;80;68;68;354;2,3;,6;
2026/04/03;1500 UTC;0;1013;1013,4;1013;2921,3;31,6;22,8;32,6;30,7;24,6;22;68;57;60;131;4,2;1;
2026/04/03;1600 UTC;0;1012,3;1013;1012,3;1418,6;31,5;23,4;31,8;31;23,8;22,2;65;58;62;152;2,5;1,4;
2026/04/03;1700 UTC;0;1011,8;1012,4;1011,8;2631,3;33,2;22;33,6;31,5;24,7;21,5;64;50;52;160;2,7;,8;
2026/04/03;1800 UTC;0;1011,1;1011,8;1011,1;2251,7;33,6;20,2;33,7;32,9;23,7;19,1;57;42;46;135;3,1;1,2;
2026/04/03;1900 UTC;0;1010,9;1011,1;1010,9;1481,4;32,9;21,6;33,6;32,6;21,8;18,8;52;42;52;63;3,7;2;
2026/04/03;2000 UTC;0;1010,7;1011;1010,7;773,1;31,1;22,6;32,9;31,1;22,9;21,4;61;51;61;80;4,8;1,3;
2026/04/03;2100 UTC;0;1011,6;1011,6;1010,7;42,4;28,6;22,7;31,1;28,6;22,7;21,8;70;60;70;67;3,2;1;
2026/04/03;2200 UTC;0;1012,3;1012,3;1011,6;;26,2;23,1;28,6;26,2;23,2;22,6;83;70;83;131;2,1;,3;
2026/04/03;2300 UTC;0;1013,2;1013,2;1012,3;;25,7;23,4;26,2;25,7;23,6;23,1;87;83;87;186;1,6;,5;
2026/04/04;0000 UTC;0;1014,3;1014,3;1013,2;;25,4;23,6;25,7;25,3;23,6;23,3;90;87;90;236;1,7;,6;
2026/04/04;0100 UTC;0;1014,9;1014,9;1014,3;;25,4;23,9;25,6;25,3;24;23,5;92;90;91;257;1,8;,8;
2026/04/04;0200 UTC;,2;1015,5;1015,5;1014,9;;23,9;22,1;25,4;23,9;23,9;22,1;92;86;90;246;6;,9;
2026/04/04;0300 UTC;,4;1014,9;1015,5;1014,9;;23,4;22,3;23,9;23,3;22,3;22,1;94;90;94;281;2;,9;
2026/04/04;0400 UTC;,2;1014,2;1014,9;1014,2;;23,2;22,4;23,4;23,1;22,4;22,2;95;94;95;355;2;,6;
2026/04/04;0500 UTC;0;1012,9;1014,2;1012,9;;23,3;22,7;23,3;23,1;22,7;22,4;97;95;97;58;2;,9;
2026/04/04;0600 UTC;,4;1012,1;1012,9;1011,8;;23,1;22,5;23,3;23,1;22,7;22,5;97;96;96;42;3,3;,7;
2026/04/04;0700 UTC;0;1011,6;1012,1;1011,5;;23,2;22,3;23,5;23,1;22,6;22,2;96;94;95;91;3,6;,8;
2026/04/04;0800 UTC;0;1011,5;1011,6;1011,4;;22,8;22,3;23,3;22,8;22,4;22,1;97;95;97;274;2,3;1,1;
2026/04/04;0900 UTC;0;1011,8;1011,8;1011,4;;22,7;22,3;22,9;22,7;22,3;22,2;98;97;98;261;2,5;,6;
2026/04/04;1000 UTC;0;1012,5;1012,5;1011,8;145,5;23,5;23,2;23,5;22,7;23,2;22,3;98;98;98;230;2,2;,8;
2026/04/04;1100 UTC;0;1013,4;1013,4;1012,5;692,1;26,4;24,5;26,4;23,5;24,5;23,2;98;89;89;261;2,8;1,1;
2026/04/04;1200 UTC;0;1013,9;1013,9;1013,4;1686;28,4;23,2;28,5;26,2;24,2;22,9;89;73;74;249;2,7;,6;
2026/04/04;1300 UTC;0;1014,1;1014,2;1013,9;2357,3;30,5;24,2;30,5;28,4;24,7;22,6;75;67;69;289;3;1,1;
2026/04/04;1400 UTC;0;1013,5;1014,1;1013,5;2809,7;31,8;23,4;32,3;30,2;24,7;23,2;70;61;61;209;3;1;
2026/04/04;1500 UTC;0;1012,9;1013,5;1012,9;2058,4;32,5;24,1;33;31,1;25,5;22,7;67;59;61;65;2,4;1,2;
2026/04/04;1600 UTC;0;1012,2;1012,9;1012,2;2366;33,4;25,5;33,9;32,2;25,5;22,2;64;55;63;27;3;1,1;
2026/04/04;1700 UTC;0;1011,3;1012,2;1011,3;2936,8;33,9;24,1;34,3;33,3;25,9;22,3;64;51;57;48;4;1,3;
2026/04/04;1800 UTC;0;1012;1012;1010,9;1764,7;27,4;20,4;34,3;27,2;25,2;19,1;67;52;66;105;11,5;5,7;
2026/04/04;1900 UTC;11,4;1012,8;1013,6;1012;73,3;22,3;20,8;27,4;22,3;20,9;20,1;91;66;91;273;11,5;1,6;
2026/04/04;2000 UTC;,8;1012,6;1013,3;1012,6;18,3;23;21,9;23,1;22,1;22;20,8;94;91;93;225;4;1,3;
2026/04/04;2100 UTC;1,2;1012,6;1012,6;1012,2;15,3;23;22,1;23,1;22,9;22,2;21,7;95;93;95;276;2,7;,9;
2026/04/04;2200 UTC;0;1012,8;1012,8;1012,4;;22,9;22,4;23;22,8;22,4;22,1;97;95;97;235;2,1;,6;
2026/04/04;2300 UTC;0;1013,1;1013,1;1012,7;;22,5;22,1;22,9;22,5;22,4;22,1;98;97;98;295;1,5;,4;
2026/04/05;0000 UTC;0;1013,7;1013,7;1013;;22,2;22;22,5;22,2;22,1;21,8;98;98;98;360;1,7;,4;
2026/04/05;0100 UTC;0;1013,8;1013,8;1013,6;;21,8;21,6;22,2;21,8;22;21,6;99;98;99;306;1,3;,5;
2026/04/05;0200 UTC;0;1013,6;1013,9;1013,6;;21,6;21,5;21,9;21,6;21,7;21,5;100;99;100;321;2,5;,4;
2026/04/05;0300 UTC;0;1013,3;1013,7;1013,3;;21,2;21,2;21,6;21,2;21,5;21,2;100;99;100;306;1,2;,4;
2026/04/05;0400 UTC;0;1013;1013,3;1013;;20,9;20,9;21,2;20,8;21,2;20,8;100;100;100;295;1,6;,6;
2026/04/05;0500 UTC;0;1012,4;1013;1012,4;;20,8;20,8;21;20,6;20,9;20,6;100;100;100;286;1,4;,3;
2026/04/05;0600 UTC;0;1012;1012,4;1012;;20,5;20,5;20,9;20,5;20,9;20,5;100;100;100;278;1,2;,4;
2026/04/05;0700 UTC;0;1012;1012,1;1011,9;;20,3;20,3;20,5;20,2;20,5;20,2;100;100;100;331;,9;,2;
2026/04/05;0800 UTC;,2;1012,3;1012,3;1012;;20;;20,3;20;;;;;;301;1;,2;
2026/04/05;0900 UTC;0;1012,7;1012,7;1012,3;;19,7;;20;19,7;;;;;;329;,9;,2;
2026/04/05;1000 UTC;0;1013,2;1013,2;1012,7;210,8;21;;21,1;19,7;;;;;;302;1,4;,3;
2026/04/05;1100 UTC;,2;1013,9;1013,9;1013,2;941,5;24,6;24,6;24,6;21;;;;;100;257;1,5;,4;
2026/04/05;1200 UTC;0;1014,2;1014,3;1013,9;1725,6;27,6;23,2;27,6;24,4;24,7;22,8;100;77;77;242;2,3;1,1;
2026/04/05;1300 UTC;0;1014,1;1014,3;1014,1;2368,3;29,8;21,7;29,8;27,6;23,9;21,3;79;62;62;252;2,6;,6;
2026/04/05;1400 UTC;0;1013,4;1014,1;1013,4;2807,7;31,8;23,1;31,8;29,8;23,5;21,5;64;58;60;283;2,9;,7;
2026/04/05;1500 UTC;0;1012,7;1013,4;1012,7;3034,2;32,8;24;33;31,5;24,4;22,2;65;54;60;280;3,1;1,1;
2026/04/05;1600 UTC;0;1012,1;1012,8;1012,1;2998,7;33,5;20,3;33,9;32,5;23,8;20,3;60;46;46;186;4,6;2,2;
2026/04/05;1700 UTC;0;1011,7;1012,3;1011,7;2842,6;31,8;22,4;34;31,8;23,6;20,4;60;45;58;156;6,1;3,3;
2026/04/05;1800 UTC;0;1012,1;1012,1;1011,4;1449,9;29,8;20,8;32,1;29,7;22,9;20,8;61;55;59;133;6,8;2,9;
2026/04/05;1900 UTC;0;1012,9;1012,9;1012,1;545,2;28,9;21,2;29,8;28,8;21,2;20,2;63;58;63;118;5,4;1,6;
2026/04/05;2000 UTC;0;1013,4;1013,4;1012,9;228,5;26,5;22,8;28,9;26,5;22,9;21,5;80;63;80;96;3,3;,5;
2026/04/05;2100 UTC;0;1013,6;1013,7;1013,3;76;25,1;22,4;26,7;25,1;23,2;22,3;85;78;85;320;1,9;,4;
2026/04/05;2200 UTC;0;1014,1;1014,1;1013,7;;24,1;22,4;25,1;24;22,6;22,1;90;85;90;11;1,8;,6;
2026/04/05;2300 UTC;0;1014,8;1014,8;1014,1;;23,3;22,2;24,1;23,3;22,4;22,2;93;90;93;284;1,4;,6;
2026/04/06;0000 UTC;0;1015;1015,1;1014,8;;23;22,3;23,4;23;22,4;22,2;95;93;95;312;1,4;,4;
2026/04/06;0100 UTC;0;1015,6;1015,6;1015;;22,8;22,3;23;22,7;22,3;22;97;95;97;284;1,3;,5;
2026/04/06;0200 UTC;0;1015,6;1015,6;1015,4;;22,5;22,2;22,8;22,5;22,4;22,1;98;97;98;338;1,6;,6;
2026/04/06;0300 UTC;0;1015,2;1015,6;1015,2;;22,1;21,8;22,5;22;22,2;21,8;99;98;99;330;1,3;,3;
2026/04/06;0400 UTC;0;1015,1;1015,2;1015;;21,8;21,7;22,3;21,8;22,1;21,6;99;99;99;259;1;,5;
2026/04/06;0500 UTC;0;1014,9;1015,3;1014,9;;21,9;21,9;22,1;21,8;22;21,7;100;99;100;273;1,4;,5;
2026/04/06;0600 UTC;0;1014,6;1014,9;1014,5;;21,6;21,6;21,9;21,5;21,9;21,5;100;100;100;315;1,1;,2;
2026/04/06;0700 UTC;0;1014,5;1014,6;1014,2;;21,3;21,3;21,6;21,3;21,6;21,3;100;100;100;252;1,4;,3;
2026/04/06;0800 UTC;0;1014,8;1014,8;1014,5;;20,9;20,9;21,3;20,9;21,3;20,9;100;100;100;343;,6;,3;
2026/04/06;0900 UTC;0;1015,4;1015,4;1014,8;;21;;21,1;20,9;21,1;20,9;100;100;;3;1,2;,5;
2026/04/06;1000 UTC;0;1015,9;1015,9;1015,4;185,4;22,4;;22,4;20,8;;;;;;338;1,3;,6;
2026/04/06;1100 UTC;0;1016,3;1016,3;1015,9;919,8;25,3;24;25,3;22,3;;;;;93;144;1,4;,3;
2026/04/06;1200 UTC;0;1016,5;1016,5;1016,3;1702,7;27,5;22,1;28;25,3;24,1;21,7;93;71;72;89;2,2;,7;
2026/04/06;1300 UTC;0;1016,6;1017;1016,5;2295,2;29,2;22,2;29,2;27,5;23,3;21,9;74;66;66;93;3,2;1,3;
2026/04/06;1400 UTC;0;1016,2;1017,5;1016,2;2823,1;29,9;22,5;30,4;28,9;23;21,2;68;61;65;130;3,7;1,3;
2026/04/06;1500 UTC;0;1015,5;1016,2;1015,5;2677,4;30,9;22,9;31,6;28,5;23,5;21,6;68;56;62;117;3,6;1,7;
2026/04/06;1600 UTC;0;1015;1015,5;1015;2173,9;31,2;22,3;31,4;29,7;23,3;21,4;65;58;59;144;3,6;1,8;
2026/04/06;1700 UTC;0;1014,3;1015,2;1014,3;1979,1;29,4;22,7;31,8;29,1;24,3;21,5;70;58;67;166;5,9;2,4;
2026/04/06;1800 UTC;0;1014,1;1014,4;1014,1;855,1;28,9;23,1;30,5;28,4;23,7;22,6;72;66;71;182;6,4;1,6;
2026/04/06;1900 UTC;0;1014,5;1014,5;1014;838,6;28,4;22,8;30,4;28,4;23,7;22,5;73;65;72;157;5,8;3;
2026/04/06;2000 UTC;0;1014,8;1014,8;1014,4;144,4;27,1;22,4;28,4;27,1;22,9;22,3;76;72;76;135;5,8;2,4;
2026/04/06;2100 UTC;0;1014,9;1015,2;1014,7;38,4;26;22,5;27,1;26;22,7;22,3;81;75;81;78;4,3;1,5;
2026/04/06;2200 UTC;0;1015,3;1015,3;1014,8;;25,1;22,4;26;25,1;22,5;22,4;85;81;85;66;3,9;1,6;
2026/04/06;2300 UTC;0;1015,9;1015,9;1015,3;;24,9;22,6;25,1;24,8;22,6;22,4;87;85;87;78;3,5;,8;
2026/04/07;0000 UTC;0;1015,9;1016;1015,8;;24,4;22,5;24,9;24,4;22,7;22,4;89;87;89;74;3;1,2;
2026/04/07;0100 UTC;0;1016,6;1016,6;1015,9;;24,2;22,4;24,4;24,1;22,6;22,3;91;89;90;87;2,4;1,1;
2026/04/07;0200 UTC;0;1016,8;1016,9;1016,5;;22,8;21,8;24,2;22,8;22,4;21,6;94;90;94;237;2,2;,5;
2026/04/07;0300 UTC;0;1016,5;1016,8;1016,5;;22;21,4;22,8;21,9;21,8;21,3;97;94;97;115;1,1;,1;
2026/04/07;0400 UTC;0;1016,1;1016,5;1016,1;;21,6;21,3;22;21,6;21,5;21,2;98;97;98;246;1,3;,6;
2026/04/07;0500 UTC;0;1015,9;1016,1;1015,8;;21,1;20,9;21,6;21;21,4;20,9;99;98;99;175;1,3;,2;
2026/04/07;0600 UTC;0;1015,6;1015,9;1015,5;;21,2;21,2;21,3;20,9;21,2;20,8;100;99;100;291;1,4;,5;
2026/04/07;0700 UTC;0;1015,7;1015,7;1015,5;;21,1;21,1;21,2;21,1;21,2;21,1;100;100;100;321;1,4;,4;
2026/04/07;0800 UTC;0;1015,8;1015,9;1015,5;;21;21;21,2;21;21,2;21;100;100;100;297;1,2;,5;
2026/04/07;0900 UTC;0;1016,1;1016,1;1015,8;2,1;21;21;21,1;20,9;21,1;20,9;100;100;100;267;1,2;,1;
2026/04/07;1000 UTC;0;1016,1;1016,4;1015,9;109;21,4;;21,4;21;;;;;;155;1,8;,3;
2026/04/07;1100 UTC;0;1016,4;1016,4;1016;720,6;23,1;;23,1;21,4;;;;;;292;1,4;,6;
2026/04/07;1200 UTC;0;1016,5;1016,7;1016,4;1764,3;27;24,3;27;22,9;;;;;85;190;3,6;,9;
2026/04/07;1300 UTC;0;1016,5;1016,6;1016,4;2334,8;29;22,6;29;26,9;24,7;22,4;87;68;69;70;6,4;3,2;
2026/04/07;1400 UTC;0;1015,9;1016,5;1015,9;2223,9;29,5;22,4;29,8;29;23,1;21,7;70;62;66;79;6,4;2,3;
2026/04/07;1500 UTC;0;1014,9;1016;1014,9;2529,7;29,8;22,7;30,4;28,7;23,8;21,5;69;63;66;88;7;3,6;
2026/04/07;1600 UTC;0;1014,3;1015,2;1014,1;1570,2;29,9;22,7;30,3;29,3;23,6;22,3;68;65;65;77;7,5;2,8;
2026/04/07;1700 UTC;0;1013,9;1016,1;1013,6;2000,7;31,5;22,9;31,5;29,7;23,7;22,3;68;60;60;78;6,8;3,1;
2026/04/07;1800 UTC;0;1013,2;1015,6;1013,1;1768,3;30,6;23,1;31,5;29,8;23,3;22,6;67;59;64;71;8,4;3,8;
2026/04/07;1900 UTC;0;1012,9;1013,4;1012,9;1610,6;29,7;22,7;30,7;29,7;23,4;22,7;67;64;66;77;7,5;3,2;
2026/04/07;2000 UTC;0;1012,9;1013,1;1012,9;835;28,3;22,5;29,7;28,3;22,9;22,4;71;66;71;71;7,3;3,3;
2026/04/07;2100 UTC;0;1012,9;1013,1;1012,9;44,9;26,3;22,1;28,3;26,3;22,5;22,1;78;71;78;79;6,8;1,4;
2026/04/07;2200 UTC;0;1013;1013,1;1012,9;;25,3;21,5;26,3;25,3;22,1;21,4;79;77;79;78;5,2;2,1;
2026/04/07;2300 UTC;0;1013,2;1013,2;1012,9;;24,4;21,4;25,3;24,4;21,6;21,3;84;79;84;63;4;1,4;
2026/04/08;0000 UTC;0;1013,4;1013,6;1013,2;;23,3;21,2;24,4;23,3;21,7;21,1;88;84;88;70;3,5;,3;
2026/04/08;0100 UTC;0;1013,3;1013,5;1013,3;;22,3;21,3;23,3;22,3;21,5;21,1;94;88;94;238;1,5;,5;
2026/04/08;0200 UTC;0;1013,1;1013,3;1013,1;;22,1;21,5;22,3;22,1;21,6;21,1;97;94;97;242;2,1;1;
2026/04/08;0300 UTC;0;1012,8;1013;1012,8;;21,6;21,2;22,2;21,6;21,7;21,2;98;97;98;277;1,8;,4;
2026/04/08;0400 UTC;0;1012,2;1012,8;1012,1;;21,2;21,1;21,6;21,1;21,3;20,9;99;98;99;235;1,3;,7;
2026/04/08;0500 UTC;0;1011,5;1012,2;1011,5;;21,1;21,1;21,2;21;21,1;20,9;100;99;100;42;1,3;,4;
2026/04/08;0600 UTC;0;1011,2;1011,5;1011,2;;21;21;21,1;20,8;21,1;20,8;100;100;100;264;1,1;,5;
2026/04/08;0700 UTC;0;1011;1011,2;1010,9;;21;21;21;20,8;21;20,8;100;100;100;286;2;,5;
2026/04/08;0800 UTC;0;1011,1;1011,1;1010,8;;20,8;20,8;21;20,7;21;20,7;100;100;100;315;1,4;,4;
2026/04/08;0900 UTC;0;1011,1;1011,6;1010,9;;20,4;;20,8;20,4;;;;;;353;,9;,2;
2026/04/08;1000 UTC;0;1011,4;1011,7;1011,1;152,2;21;;21;20,4;;;;;;282;1;,3;
2026/04/08;1100 UTC;0;1011,8;1012;1011,4;877,9;23,9;;24;21;;;;;;251;2,4;1;
2026/04/08;1200 UTC;0;1012;1012,7;1011,8;1702,2;27,9;23,7;28,1;23,8;25,8;23,5;100;78;78;95;2,2;,5;
2026/04/08;1300 UTC;0;1011,8;1012,2;1011,7;2340,8;31,2;23,7;31,2;27,7;24,2;22,5;78;62;65;140;1,9;,6;
2026/04/08;1400 UTC;0;1011,3;1012,4;1011,3;2703,4;33,3;22,6;33,3;31;23,3;21,7;65;52;54;208;2,7;,8;
2026/04/08;1500 UTC;0;1010,3;1011,5;1010,3;2951,1;34,1;21,6;34,6;33,2;23,7;21;56;47;48;73;2,7;1,3;
2026/04/08;1600 UTC;0;1009,2;1010,4;1009,2;2834;36,1;21,6;36,3;33,9;23,2;20,9;51;42;43;236;2,7;,9;
2026/04/08;1700 UTC;0;1008,6;1009,2;1008,6;2715,6;35,5;21,1;36,1;34,9;23;20,4;49;41;43;186;3,2;,8;
2026/04/08;1800 UTC;0;1008,2;1008,6;1008,2;2303,7;35,7;21,6;36,2;34,7;23,5;21;50;42;44;295;3,1;,8;
2026/04/08;1900 UTC;0;1008;1008,2;1008;1518,8;34,4;21,9;35,7;34,2;23,3;20,5;52;43;48;247;2,2;,6;
2026/04/08;2000 UTC;0;1008,2;1008,3;1007,7;593,1;30,8;23,1;34,4;30,8;23,1;20,9;63;45;63;12;3,2;1;
2026/04/08;2100 UTC;0;1008,2;1008,2;1008,1;13,8;27,5;23,4;30,8;27,5;23,7;23,1;78;64;78;105;2,3;,6;
2026/04/08;2200 UTC;0;1008,6;1008,6;1008,1;;26,5;23,8;27,5;26,5;24;23,3;85;78;85;278;1,3;,3;
2026/04/08;2300 UTC;0;1009,5;1009,5;1008,6;;26,3;24,1;26,5;26,2;24,1;23,8;88;85;88;231;1,3;,6;
2026/04/09;0000 UTC;0;1009,8;1009,9;1009,5;;25,9;23,3;26,4;25,9;24,1;23,3;89;85;86;268;4;1,3;
2026/04/09;0100 UTC;0;1009,4;1009,8;1009,4;;25,8;22,7;26,1;25,5;23,5;22,7;87;83;83;58;4,1;1,2;
2026/04/09;0200 UTC;0;1009,1;1009,5;1009;;24,5;23;25,9;24,5;23,1;22,5;91;82;91;271;2,3;1;
2026/04/09;0300 UTC;0;1008,5;1009,1;1008,5;;24,2;23,2;24,5;24,2;23,3;23;94;91;94;267;2,3;,9;
2026/04/09;0400 UTC;0;1008,2;1008,5;1008,2;;23,7;22,8;24,2;23,7;23,2;22,8;95;94;95;345;2,3;,5;
2026/04/09;0500 UTC;0;1008,1;1008,2;1007,9;;23,5;22,6;23,7;23,4;22,8;22,5;95;95;95;204;2,7;,4;
2026/04/09;0600 UTC;0;1008,1;1008,2;1007,9;;22,8;22,3;23,5;22,8;22,6;22,3;97;95;97;295;1,5;,6;
2026/04/09;0700 UTC;0;1008,1;1008,3;1008,1;;22,5;22,1;22,8;22,4;22,3;22,1;98;97;98;312;1,6;,5;
2026/04/09;0800 UTC;0;1008,6;1008,6;1008,1;;22,6;22,2;22,6;22,4;22,2;22;98;98;98;264;2,3;,6;
2026/04/09;0900 UTC;0;1009,2;1009,2;1008,6;;22,5;21,9;22,6;22,3;22,2;21,7;98;96;96;314;2,3;,5;
2026/04/09;1000 UTC;0;1009,8;1009,8;1009,2;113,7;23,3;22,3;23,3;22,4;22,6;21,8;97;94;94;275;1,9;,7;
2026/04/09;1100 UTC;0;1010,3;1010,3;1009,8;549,7;25,4;22,4;25,4;23,3;23;21,7;94;82;84;297;1,8;,9;
2026/04/09;1200 UTC;0;1010,7;1010,7;1010,3;1042,1;28;22;28,2;25,4;23;21,4;84;68;70;264;3,1;1,7;
2026/04/09;1300 UTC;0;1010,7;1010,9;1010,6;2235,6;31,8;21,9;32,4;28;23,9;21,3;71;53;56;246;4,9;2;
2026/04/09;1400 UTC;,2;1010,6;1010,8;1010,5;2751,3;32,3;21,7;34,1;31,6;22,4;20,2;59;46;54;259;5,6;2;
2026/04/09;1500 UTC;0;1010,4;1010,6;1010,4;1673,9;31,8;21,1;32,8;31;22,9;20,7;60;52;53;229;5,8;2,8;
2026/04/09;1600 UTC;0;1009,7;1010,4;1009,7;2768,9;32,6;20,9;33,4;31,7;22,3;20,6;55;49;50;231;8;3,9;
2026/04/09;1700 UTC;0;1009,4;1009,7;1009,3;2662,1;31,9;20,4;32,8;31,5;21,5;20,2;54;50;51;227;8,9;4,2;
2026/04/09;1800 UTC;0;1009,6;1009,6;1009,3;2058,3;30,1;19;32;30,1;21;19;54;50;51;247;9,9;4;
2026/04/09;1900 UTC;0;1010;1010,1;1009,5;489,8;28,7;19,8;30,1;28,7;20;19;59;51;59;255;8,7;3;
2026/04/09;2000 UTC;0;1010,9;1010,9;1010;216,1;27,1;21,2;28,7;27,1;21,2;19,8;70;59;70;249;5,9;,9;
2026/04/09;2100 UTC;0;1011,4;1011,5;1010,9;22,2;26,1;21,5;27,1;26,1;21,5;21,1;76;70;76;275;3,3;1,2;
2026/04/09;2200 UTC;0;1011,9;1012;1011,4;;26,2;21,9;26,6;26,1;21,9;21,5;77;74;77;272;4,8;1,5;
2026/04/09;2300 UTC;3,6;1013,5;1013,5;1011,9;;23,7;21,7;26,3;23,7;22,3;21,7;88;77;88;186;6,8;2,5;
2026/04/10;0000 UTC;8;1014;1014,1;1013,5;;22,7;21,8;23,7;22,7;22,1;21,7;95;88;95;18;5,8;1,2;
2026/04/10;0100 UTC;0;1014,4;1014,4;1014;;22,8;22,2;22,8;22,6;22,2;21,8;97;95;97;60;3;1,1;
2026/04/10;0200 UTC;2,6;1014;1014,4;1013,9;;22,9;22,4;23;22,8;22,5;22,2;97;97;97;52;3,6;,5;
2026/04/10;0300 UTC;,4;1014;1014;1013,8;;22,8;22,5;22,9;22,8;22,6;22,4;98;97;98;9;2,5;1;
2026/04/10;0400 UTC;1;1014,1;1014,1;1013,9;;22,9;22,7;22,9;22,7;22,7;22,4;99;98;99;223;2,7;,9;
2026/04/10;0500 UTC;1,2;1013,9;1014,1;1013,7;;22,1;22;22,9;22,1;22,7;22;99;99;99;8;3;,9;
2026/04/10;0600 UTC;0;1013,4;1013,9;1013,4;;22,1;22,1;22,2;22;22,2;21,9;100;99;100;46;3;,6;
2026/04/10;0700 UTC;0;1013,7;1013,7;1013,4;;22,3;22,3;22,4;22,1;22,4;22,1;100;100;100;208;3,1;1;
2026/04/10;0800 UTC;1,2;1014;1014;1013,6;;21,8;21,8;22,3;21,8;22,3;21,8;100;100;100;285;3,1;,9;
2026/04/10;0900 UTC;0;1014,5;1014,5;1014;;21,6;21,6;21,8;21,6;21,8;21,6;100;100;100;319;1,9;,5;
2026/04/10;1000 UTC;0;1015,3;1015,3;1014,5;46,9;21,9;21,9;22;21,6;21,9;21,6;100;100;100;126;2,1;1,1;
2026/04/10;1100 UTC;,6;1016;1016;1015,3;170;22,4;22,4;22,4;21,9;22,4;21,9;100;100;100;321;2,1;,8;
2026/04/10;1200 UTC;0;1016,6;1016,6;1016;644,6;24,1;23,1;24,2;22,4;23,5;22,4;100;94;94;275;1,8;,5;
2026/04/10;1300 UTC;0;1016,8;1016,8;1016,6;1200,1;25,6;22,1;25,6;24,1;23,1;21,3;94;80;81;286;3;1;
2026/04/10;1400 UTC;0;1016,5;1016,8;1016,5;1353,6;26,5;21,6;26,7;25,4;22,4;21,4;81;74;74;254;3,1;1,2;
2026/04/10;1500 UTC;0;1016,2;1016,5;1016,1;1628,7;26,9;20,6;27,5;26,2;22,6;20,6;76;67;68;243;4,6;1,9;
2026/04/10;1600 UTC;0;1015,7;1016,2;1015,7;803;24,8;19,5;27,5;24,7;21,5;19,1;73;66;72;177;5,2;1,5;
2026/04/10;1700 UTC;,2;1015,4;1015,7;1015,2;416,4;24,5;20,8;26;24,5;21,3;19,6;80;71;80;201;3,9;1,4;
2026/04/10;1800 UTC;1;1015,2;1015,5;1015,1;232,2;23,2;21,7;24,5;22,6;21,8;20,3;92;80;91;14;3,9;,9;
2026/04/10;1900 UTC;0;1015,7;1015,7;1015,2;208;23,1;21,9;23,4;23;22;21,4;93;91;93;36;1,9;1;
2026/04/10;2000 UTC;0;1016,4;1016,5;1015,7;121,2;22,6;21,5;23,2;22,6;22;21,5;94;93;94;18;2,8;1,2;
2026/04/10;2100 UTC;0;1016,7;1016,8;1016,3;20,2;21,7;20,5;22,6;21,7;21,5;20,5;94;92;93;17;2,8;,6;
2026/04/10;2200 UTC;0;1017,2;1017,2;1016,7;;21,7;21;21,7;21,6;21;20,5;96;93;96;20;1,5;,7;
2026/04/10;2300 UTC;0;1017,8;1017,8;1017,2;;21,7;21,2;21,8;21,5;21,3;20,9;97;96;97;354;1,4;,5;
2026/04/11;0000 UTC;0;1018,6;1018,6;1017,8;;21,8;21,4;21,8;21,6;21,4;21,2;98;97;98;309;1,3;,2;
2026/04/11;0100 UTC;0;1019;1019;1018,6;;22;21,7;22;21,8;21,8;21,5;99;98;98;210;2,9;,9;
2026/04/11;0200 UTC;0;1018,9;1019;1018,9;;21,2;20,2;22;21,2;21,7;20,2;98;94;94;221;2,3;,7;
2026/04/11;0300 UTC;0;1018,6;1018,9;1018,6;;20,7;20;21,2;20,7;20,3;20;96;94;96;282;1,4;,4;
2026/04/11;0400 UTC;0;1018,5;1018,7;1018,3;;20,1;19,8;20,7;20,1;20,1;19,7;98;96;98;295;1,5;,5;
2026/04/11;0500 UTC;0;1018,1;1018,6;1018,1;;20,2;20;20,3;20;20,1;19,7;99;98;99;268;1,5;,5;
2026/04/11;0600 UTC;0;1017,3;1018,1;1017,3;;20,2;20,1;20,4;20,2;20,2;20;99;99;99;277;1,8;,3;
2026/04/11;0700 UTC;0;1017,2;1017,3;1017,1;;19,9;19,9;20,4;19,9;20,3;19,9;100;99;100;49;1;,3;
2026/04/11;0800 UTC;0;1017,5;1017,5;1017,2;;20,1;20,1;20,1;19,8;20,1;19,8;100;100;100;249;1,5;,4;
2026/04/11;0900 UTC;0;1018,4;1018,4;1017,5;;19,7;19,7;20,1;19,7;20,1;19,7;100;100;100;268;1,6;,4;
2026/04/11;1000 UTC;0;1019;1019;1018,4;119,8;20,8;20,8;20,8;19,7;20,8;19,7;100;100;100;288;1,3;,4;
2026/04/11;1100 UTC;0;1019,5;1019,5;1019;576,9;22,3;21;22,6;20,8;22,3;20,8;100;92;92;245;1,8;,5;
2026/04/11;1200 UTC;0;1019,8;1019,8;1019,5;1202,4;24,7;20,1;24,7;22,3;21,3;19,2;93;74;76;61;2,1;,3;
2026/04/11;1300 UTC;0;1020;1020,1;1019,8;2242,2;26,5;18,8;27,1;24,5;20,7;17,6;76;58;63;235;2,7;,8;
2026/04/11;1400 UTC;0;1019,5;1020,1;1019,5;2466,5;26,4;18;27,5;26,2;19;17,3;63;54;60;253;3;1,4;
2026/04/11;1500 UTC;0;1019,4;1024;1019,4;844,7;24,7;19,7;27;24,7;19,7;18,5;74;60;74;184;2,8;1,3;
2026/04/11;1600 UTC;0;1018,9;1019,4;1018,9;604,2;25,9;18,7;26,3;24,7;20;18,6;75;63;64;206;2,6;,9;
2026/04/11;1700 UTC;0;1018,6;1019,1;1018,6;640,9;24,9;19;26,2;24,5;19,7;18,8;73;64;70;68;4,4;,6;
2026/04/11;1800 UTC;0;1018,5;1018,6;1018,4;554,8;25,5;20,1;25,8;24,9;20,7;19,2;74;69;72;291;1,3;,7;
2026/04/11;1900 UTC;0;1018,8;1018,8;1018,4;374,6;25,1;19,7;25,6;25;20,9;19,7;78;71;72;170;2,9;1,5;
2026/04/11;2000 UTC;0;1019,2;1019,2;1018,8;232,3;24,4;19,3;25,1;24,4;19,7;19,2;74;71;73;178;2,9;1,1;
2026/04/11;2100 UTC;0;1019,6;1019,6;1019,2;34,6;22,8;20,6;24,4;22,8;20,6;19,3;87;73;87;270;2,1;,5;
2026/04/11;2200 UTC;0;1020,1;1020,1;1019,6;;22,2;20,8;22,8;22,2;20,9;20,5;92;87;92;336;1;,3;
2026/04/11;2300 UTC;0;1020,7;1020,7;1020,1;;21,5;20,5;22,2;21,5;20,8;20,5;94;92;94;254;1;,2;
2026/04/12;0000 UTC;0;1021,1;1021,1;1020,7;;20,5;20;21,5;20,5;20,5;20;97;94;97;25;,9;,2;
2026/04/12;0100 UTC;0;1021,2;1021,2;1021,1;;20,4;20,1;20,6;20,3;20,1;19,9;99;97;99;275;,7;,4;
2026/04/12;0200 UTC;2,8;1020,9;1021,2;1020,9;;20,8;20,8;20,8;20,4;20,8;20,2;100;99;100;262;1,3;,5;
2026/04/12;0300 UTC;0;1020,7;1020,9;1020,6;;20,2;20,2;20,9;20,1;20,8;20,1;100;100;100;271;1,9;,4;
2026/04/12;0400 UTC;0;1019,8;1020,7;1019,8;;20;20;20,4;19,9;20,4;19,9;100;100;100;230;1,3;,4;
2026/04/12;0500 UTC;0;1019,2;1019,8;1019,2;;19,3;19,3;20;19,3;19,9;19,3;100;100;100;291;,8;,4;
2026/04/12;0600 UTC;0;1019;1019,2;1018,8;;19,1;19,1;19,4;19,1;19,4;19,1;100;100;100;226;1;,5;
2026/04/12;0700 UTC;0;1019;1019,1;1018,9;;19;19;19,2;19;19,2;19;100;100;100;319;1,2;,3;
2026/04/12;0800 UTC;0;1019,6;1019,6;1019;;19,5;;19,5;19;;;;;;261;1,5;,2;
2026/04/12;0900 UTC;,8;1020;1020;1019,6;;19,5;;19,7;19,5;;;;;;294;1,4;,5;
2026/04/12;1000 UTC;1,4;1020,6;1020,8;1020;50,6;20,1;;20,1;19,4;;;;;;287;1,9;,9;
2026/04/12;1100 UTC;0;1020,9;1020,9;1020,5;705;21,8;;21,8;20,1;;;;;;283;1,9;,6;
2026/04/12;1200 UTC;0;1021,2;1021,4;1020,8;1522,9;25,2;23,3;25,3;21,8;;;;;89;106;2;,5;
2026/04/12;1300 UTC;0;1021,2;1021,5;1021,1;2441,9;26,5;20,8;26,8;25,1;23,5;20,5;90;71;71;133;2,8;,8;
2026/04/12;1400 UTC;0;1020,5;1021,3;1020,5;2180,1;27,3;21,2;27,8;26,3;21,9;20,3;74;66;69;89;3,4;1,9;
2026/04/12;1500 UTC;,6;1019,7;1020,8;1019,7;1225,3;25,7;20,4;27,3;23,9;21,3;19,9;83;66;72;97;6,8;1,8;
2026/04/12;1600 UTC;0;1018,8;1019,7;1018,7;2375,8;27,2;20,5;28,2;25,7;21,2;19,2;73;62;67;66;6,8;3;
2026/04/12;1700 UTC;0;1018,1;1018,8;1018;2819;28,2;19,7;28,5;27,2;21,2;19,5;67;60;60;78;6,6;3,2;
2026/04/12;1800 UTC;,2;1017,6;1018,1;1017,6;1414,8;27,7;19,5;28,4;26,7;20,5;18,7;66;58;61;76;6,8;2,3;
2026/04/12;1900 UTC;0;1017,5;1017,7;1017,5;1125,7;26,6;19,2;27,9;26,2;19,8;18,2;65;57;64;75;6,6;2,3;
2026/04/12;2000 UTC;0;1018;1018,1;1017,5;460,3;25,3;18,8;26,9;25,3;19,2;18,3;67;61;67;65;6,4;2;
2026/04/12;2100 UTC;0;1018,4;1018,4;1018;44,6;24,2;19,9;25,3;24,1;19,9;18,5;77;66;77;72;4,3;1,7;
2026/04/12;2200 UTC;0;1019,1;1019,1;1018,4;;23,6;20,3;24,2;23,6;20,4;19,9;82;77;82;62;3,2;1,1;
2026/04/12;2300 UTC;0;1019,4;1019,4;1019,1;;22,9;20,6;23,6;22,9;20,6;20,2;87;82;87;62;2,4;,5;
2026/04/13;0000 UTC;0;1019,3;1019,4;1019,3;;22,5;20,7;22,9;22,4;20,8;20,6;90;87;90;64;1,5;,8;
2026/04/13;0100 UTC;0;1018,9;1019,3;1018,9;;22,1;20,8;22,5;22;20,8;20,6;92;90;92;127;1,5;,4;
2026/04/13;0200 UTC;0;1018,7;1019;1018,7;;22,4;20,9;22,5;22,1;21;20,8;93;91;91;109;4,1;2,2;
2026/04/13;0300 UTC;,4;1018,2;1018,8;1018,2;;21,6;20,6;22,4;21,6;20,9;20,3;94;91;94;114;5,1;,3;
2026/04/13;0400 UTC;0;1017,8;1018,2;1017,8;;21,5;20,1;21,8;21,4;21;20,1;96;91;91;38;4,7;2,2;
2026/04/13;0500 UTC;,2;1017,2;1017,9;1017,2;;21;19,7;21,5;20,9;20;19,4;93;89;93;9;4,7;1,7;
2026/04/13;0600 UTC;0;1016,4;1017,2;1016,4;;21,2;19,5;21,3;20,9;19,8;19,5;93;90;90;27;4,7;2;
2026/04/13;0700 UTC;0;1016,2;1016,4;1016,2;;21,1;19,1;21,4;21;19,5;19,1;90;87;89;44;4,4;,9;
2026/04/13;0800 UTC;0;1016,1;1016,3;1016;;20,9;19,2;21,2;20,9;19,2;19;90;89;90;54;2,7;,4;
2026/04/13;0900 UTC;0;1016,6;1016,6;1016,1;;20,3;19,1;21;20,3;19,4;19,1;93;90;93;239;1,6;,3;
2026/04/13;1000 UTC;0;1017;1017;1016,6;209,8;21,6;20,5;21,6;20;20,7;19;96;93;93;250;1,2;,6;
2026/04/13;1100 UTC;0;1017,4;1017,4;1017;932,1;24,2;19,8;24,6;21,6;20,8;19,5;93;76;77;128;1,3;,7;
2026/04/13;1200 UTC;0;1017,9;1017,9;1017,4;1706,3;26;20,4;26;24,2;21,1;19,6;78;71;72;86;3,7;1,1;
2026/04/13;1300 UTC;0;1017,7;1017,9;1017,7;2393,7;27;20,2;27,2;25,9;21,2;19,8;74;65;67;100;5,1;2,7;
2026/04/13;1400 UTC;0;1017,2;1017,8;1017,2;2658,2;28,4;20,9;28,4;26,8;21,1;19,3;68;61;64;83;6,3;2,5;
2026/04/13;1500 UTC;0;1016,5;1017,2;1016,4;2648,3;28,5;19,2;29,3;26,8;20,9;19,1;65;56;57;101;5,7;3;
2026/04/13;1600 UTC;0;1015,8;1016,5;1015,8;2665,7;28,1;19,7;29,5;27,9;20,7;19,3;63;56;60;90;7;2,6;
2026/04/13;1700 UTC;0;1015,1;1015,8;1015;2162,1;28,7;20;28,8;27,5;20,6;19,1;62;58;60;81;5,6;2,6;
2026/04/13;1800 UTC;0;1015;1015,1;1015;1490,6;27,4;19,1;28,7;27,3;20,7;18,8;63;57;61;83;6,1;2,6;
2026/04/13;1900 UTC;0;1015,2;1015,2;1015;781,3;27,2;19,8;27,3;26,7;19,8;18,8;64;60;64;71;5,4;1,6;
2026/04/13;2000 UTC;0;1015,6;1015,6;1015,2;269,9;25,2;18,8;27,3;25,2;19,1;18,5;68;61;67;73;4,4;1,5;
2026/04/13;2100 UTC;0;1015,8;1015,9;1015,6;27;24,2;19,3;25,2;24,1;19,3;18,7;74;67;74;60;2,8;1;
2026/04/13;2200 UTC;0;1016;1016;1015,8;;22,7;19,7;24,2;22,7;19,9;19,2;84;74;83;93;1,8;,5;
2026/04/13;2300 UTC;0;1016,3;1016,3;1016;;21,5;19,6;22,7;21,5;20;19,6;89;83;89;48;1,4;,6;
2026/04/14;0000 UTC;0;1016,6;1016,6;1016,3;;21,4;20,2;21,7;21,4;20,3;19,6;93;89;93;192;1;,2;
2026/04/14;0100 UTC;0;1016,3;1016,6;1016,2;;20,6;19,7;21,4;20,5;20,2;19,6;95;93;95;223;1,3;,7;
2026/04/14;0200 UTC;0;1015,8;1016,3;1015,8;;19,7;19,1;20,6;19,7;19,7;19,1;96;95;96;5;1,5;,2;
2026/04/14;0300 UTC;0;1015,5;1015,8;1015,5;;19,3;19;19,8;19,3;19,3;18,9;98;96;98;238;1,1;,4;
2026/04/14;0400 UTC;0;1015,2;1015,5;1015,2;;18,9;18,7;19,3;18,8;19,1;18,6;99;98;99;304;,9;,2;
2026/04/14;0500 UTC;0;1014,4;1015,2;1014,4;;18,5;18,4;19;18,4;18,8;18,3;99;99;99;303;,9;,4;
2026/04/14;0600 UTC;0;1014,2;1014,4;1014,2;;18;18;18,6;18;18,6;18;100;99;100;250;1;,3;
2026/04/14;0700 UTC;0;1014,3;1014,4;1014,2;;17,9;17,9;18,1;17,7;18,1;17,7;100;100;100;299;1,2;,4;
2026/04/14;0800 UTC;0;1014,7;1014,7;1014,3;;17,7;17,7;18;17,5;18;17,5;100;100;100;311;1,2;,4;
2026/04/14;0900 UTC;0;1015,2;1015,2;1014,7;;17,2;17,2;17,7;17,2;17,6;17,2;100;100;100;301;1,2;,5;
2026/04/14;1000 UTC;0;1015,6;1015,6;1015,2;233,9;19,1;;19,1;17,2;;;;;;254;1,2;,5;
2026/04/14;1100 UTC;0;1016,2;1016,2;1015,6;639,5;20,9;;21,2;19;;;;;;270;1,9;,7;
2026/04/14;1200 UTC;0;1016,4;1016,6;1016,2;1658,8;24,7;20,7;24,7;21;22,5;20,7;100;79;79;251;2,6;1,2;
2026/04/14;1300 UTC;0;1016;1016,5;1016;2387,5;27,2;19,4;27,4;24,6;20,9;18,9;79;61;63;257;2,7;,7;
2026/04/14;1400 UTC;0;1015,2;1016,4;1015,2;2939,9;27,9;18,7;28,6;27,1;20,6;18;65;55;58;211;2,8;1,1;
2026/04/14;1500 UTC;0;1014,5;1015,2;1014,5;3018,6;28,7;18,5;28,8;27,5;19,8;16,8;61;51;54;201;3,8;1,3;
2026/04/14;1600 UTC;0;1013,7;1014,5;1013,7;3043,1;29,9;16,5;29,9;28,4;19,1;15,8;56;44;45;209;3,9;1,6;
2026/04/14;1700 UTC;0;1012,7;1013,7;1012,7;2904,9;28,5;18,9;30,2;28,5;19,5;15,8;57;43;56;161;5,4;2,6;
2026/04/14;1800 UTC;0;1012,5;1012,7;1012,4;2161,5;28,4;17,9;28,8;28,1;19,5;17,6;59;52;53;168;5,4;2,3;
2026/04/14;1900 UTC;0;1013,1;1013,1;1012,5;1171,9;26,8;16,9;28,4;26,6;18,3;16,7;60;53;55;182;6,2;2,2;
2026/04/14;2000 UTC;0;1013,8;1013,8;1013,1;656;25,4;17,2;26,8;25,4;17,4;15,7;61;52;61;176;5;1,7;
2026/04/14;2100 UTC;0;1014,6;1014,6;1013,7;47,9;23,4;18,1;25,4;23,4;18,2;17;73;61;72;187;4,6;,5;
2026/04/14;2200 UTC;0;1014,8;1014,8;1014,6;;22,4;18,9;23,4;22,4;18,9;18;80;72;80;316;1,4;,3;
2026/04/14;2300 UTC;0;1015,3;1015,4;1014,8;;21,7;19,6;22,4;21,5;19,6;18,9;88;80;88;303;,9;,3;
2026/04/15;0000 UTC;0;1015,9;1015,9;1015,3;;21,6;19,9;21,7;21,3;19,9;19,4;91;88;90;274;1,1;,7;
2026/04/15;0100 UTC;0;1015,8;1015,9;1015,7;;20,4;19,2;21,6;20,4;19,9;19,1;93;90;93;242;1,1;,5;
2026/04/15;0200 UTC;0;1015,4;1015,8;1015,4;;19,6;18,9;20,4;19,6;19,3;18,7;96;93;96;263;,9;,4;
2026/04/15;0300 UTC;0;1015,2;1015,4;1015,2;;19,1;18,7;19,7;19;19;18,6;98;96;98;4;1,2;,3;
2026/04/15;0400 UTC;0;1014,9;1015,2;1014,9;;18,5;18,3;19,2;18,5;18,8;18,3;99;98;99;300;1,2;,5;
2026/04/15;0500 UTC;0;1014,3;1014,9;1014,3;;18,3;18,2;18,6;18,2;18,5;18,1;100;99;99;280;1,3;,4;
2026/04/15;0600 UTC;0;1013,7;1014,3;1013,7;;17,9;17,9;18,3;17,9;18,2;17,8;100;99;100;280;1;,6;
2026/04/15;0700 UTC;0;1013,5;1013,7;1013,4;;17,7;17,7;18;17,7;18;17,7;100;100;100;315;1,9;,5;
2026/04/15;0800 UTC;0;1013,9;1013,9;1013,4;;17,3;17,3;17,8;17,3;17,8;17,3;100;100;100;280;1,5;,3;
2026/04/15;0900 UTC;0;1014,1;1014,1;1013,8;;17,3;17,3;17,6;17,2;17,6;17,3;100;100;100;305;1,4;,6;
2026/04/15;1000 UTC;0;1015,2;1015,2;1014,1;165,1;19;;19;17,1;18,2;17,1;100;100;;293;2,3;,6;
2026/04/15;1100 UTC;0;1016,2;1016,2;1015,2;954,4;22,7;21,4;22,7;19;;;;;92;251;3,3;1,4;
2026/04/15;1200 UTC;0;1016,8;1016,8;1016,2;1247,8;23,8;19,7;24,5;22,7;21,3;19,3;92;75;78;272;3,3;1,2;
2026/04/15;1300 UTC;0;1016,8;1016,8;1016,6;1765,1;27,3;20,6;27,3;23,8;20,7;19,6;78;66;67;239;4,3;2,3;
2026/04/15;1400 UTC;0;1016,4;1016,8;1016,4;2604,7;28,3;20,1;28,3;26,6;20,8;18,7;68;60;61;248;5,5;2;
2026/04/15;1500 UTC;0;1015,5;1016,4;1015,5;2289,5;29,2;19,2;29,4;27,2;20,7;18,8;65;55;55;270;5,5;1,5;
2026/04/15;1600 UTC;0;1014,6;1015,5;1014,6;2197,7;28,7;19,3;29,3;27,7;19,9;18,1;61;53;57;219;4,9;2,7;
2026/04/15;1700 UTC;0;1013,8;1014,6;1013,8;2678,7;29,4;18,9;30,7;28,5;20,7;17,9;60;49;53;223;5,2;2,1;
2026/04/15;1800 UTC;0;1013,2;1013,8;1013,2;1614,2;28;19,4;29,8;27,1;20,5;18,5;65;52;60;161;5,7;1,8;
2026/04/15;1900 UTC;0;1013,3;1013,3;1013,1;911,4;27,1;19,3;28,3;26,9;20,5;19,1;66;60;62;190;4,9;2,2;
2026/04/15;2000 UTC;0;1013,4;1013,5;1013,3;295,8;25,2;18;27,2;25,2;19,3;18;65;61;65;170;4,6;1,8;
2026/04/15;2100 UTC;0;1014;1014;1013,4;26,3;22,4;18,8;25,2;22,4;18,8;18;80;65;80;310;3,7;,6;
2026/04/15;2200 UTC;0;1014,4;1014,4;1014;;21,4;19,5;22,4;21,2;19,6;18,8;89;80;89;320;1,4;,5;
2026/04/15;2300 UTC;0;1014,9;1014,9;1014,4;;20,8;19,6;21,4;20,7;19,6;19,1;93;89;93;52;1;,5;
2026/04/16;0000 UTC;0;1015;1015,1;1014,9;;21,1;19,9;21,3;20,8;20,2;19,6;93;93;93;308;,9;,4;
2026/04/16;0100 UTC;0;1015,1;1015,2;1015;;20,8;19,8;21,1;20,8;19,9;19,8;94;93;94;286;1,1;,6;
2026/04/16;0200 UTC;0;1015;1015,2;1015;;20,7;19,8;20,9;20,7;19,9;19,7;94;94;94;279;1,7;,6;
2026/04/16;0300 UTC;0;1014,5;1015;1014,5;;19,9;19,2;20,7;19,9;19,7;19,2;96;94;96;309;1,5;,4;
2026/04/16;0400 UTC;0;1013,7;1014,5;1013,7;;19,4;19;19,9;19,3;19,2;18,8;98;96;98;298;1,9;,7;
2026/04/16;0500 UTC;0;1013,6;1013,8;1013,6;;19;18,8;19,4;19;19;18,7;99;98;98;295;1,9;,6;
2026/04/16;0600 UTC;0;1013,1;1013,6;1013,1;;19,1;19;19,1;18,9;19;18,6;99;98;99;249;1,8;,7;
2026/04/16;0700 UTC;0;1012,9;1013,1;1012,9;;19;19;19,1;18,7;19;18,6;100;99;100;294;1,9;,6;
2026/04/16;0800 UTC;0;1013,1;1013,1;1012,7;;18,5;18,5;19;18,4;19;18,4;100;100;100;309;1,7;,7;
2026/04/16;0900 UTC;0;1013,4;1013,4;1013;;18,4;18,4;18,6;18,3;18,6;18,3;100;100;100;299;1,7;,6;
2026/04/16;1000 UTC;0;1013,6;1013,7;1013,4;193;19,9;19,9;19,9;18,3;19,9;18,3;100;100;100;257;1,8;,7;
2026/04/16;1100 UTC;0;1014,4;1014,4;1013,6;477,8;21,6;21,6;21,6;19,8;21,6;19,8;100;100;100;261;2;,6;
2026/04/16;1200 UTC;0;1014,8;1014,9;1014,4;888,8;24;21,2;24;21,7;21,8;21;100;84;84;289;2;,9;
2026/04/16;1300 UTC;0;1014,4;1014,8;1014,4;1275,4;25,7;20,6;25,9;24;21,5;20;85;73;74;228;2,1;,8;
2026/04/16;1400 UTC;0;1013,7;1014,4;1013,7;2656,3;27,9;19,4;28,8;25,7;21,3;19,4;76;59;60;227;2,5;,9;
2026/04/16;1500 UTC;0;1012,9;1013,7;1012,9;2186,8;29,3;20,9;29,4;27,4;21,6;19,4;66;58;60;185;5,2;1,8;
2026/04/16;1600 UTC;0;1012,1;1012,8;1012,1;1676,1;27,8;19,9;29,3;26,9;21,4;19,5;69;58;62;126;5;1,1;
2026/04/16;1700 UTC;0;1011,4;1012,1;1011,4;1721,9;27,4;21,1;28,5;26,7;22,1;20;72;62;68;102;5,2;2,1;
2026/04/16;1800 UTC;0;1010,9;1011,4;1010,9;701,8;27;20,7;27,4;26,8;21,3;20,5;70;67;68;93;5,4;1,3;
2026/04/16;1900 UTC;0;1010,7;1010,9;1010,7;1511,3;27,7;20,8;28;27;21,2;20,4;70;64;66;123;4,1;1,6;
2026/04/16;2000 UTC;0;1011,1;1011,1;1010,7;384;25,6;20,4;27,9;25,6;21,2;20,4;74;65;73;153;4,4;1,7;
2026/04/16;2100 UTC;0;1011,5;1011,6;1011,1;24,7;23,8;20;25,6;23,8;20,4;20;79;73;79;141;3,9;1,4;
2026/04/16;2200 UTC;0;1011,8;1011,8;1011,5;;23,2;20,4;23,9;23,2;20,4;20;84;79;84;156;2,9;,3;
2026/04/16;2300 UTC;0;1012,1;1012,2;1011,8;;22,8;20,9;23,2;22,8;20,9;20,4;89;84;89;290;1,1;,5;
2026/04/17;0000 UTC;0;1012,5;1012,5;1012,1;;22,7;21;22,9;22,7;21;20,8;90;89;90;307;1,2;,6;
2026/04/17;0100 UTC;0;1012,3;1012,6;1012,3;;22,7;21,1;22,7;22,6;21,1;20,9;91;90;91;87;1,2;,4;
2026/04/17;0200 UTC;0;1011,8;1012,3;1011,8;;22;20,8;22,7;22;21,1;20,7;93;90;93;315;1,1;,2;
2026/04/17;0300 UTC;0;1011,3;1011,9;1011,3;;22,3;21,4;22,3;22;21,4;20,8;95;93;95;360;1,1;,4;
2026/04/17;0400 UTC;0;1010,5;1011,3;1010,5;;21,3;20,6;22,3;21,2;21,4;20,5;96;95;96;220;1,1;,4;
2026/04/17;0500 UTC;0;1010,2;1010,5;1010,1;;20,9;20,5;21,4;20,9;20,8;20,5;98;96;98;234;1,6;,8;
2026/04/17;0600 UTC;0;1010;1010,3;1010;;20,6;20,4;20,9;20,6;20,7;20,3;99;98;99;306;1,5;,4;
2026/04/17;0700 UTC;0;1009,8;1010;1009,6;;20,2;20,2;20,7;20,2;20,6;20,1;100;99;100;267;1,2;,3;
2026/04/17;0800 UTC;0;1010,2;1010,2;1009,7;;19,9;19,9;20,3;19,9;20,3;19,9;100;100;100;288;1,3;,6;
2026/04/17;0900 UTC;0;1010,5;1010,5;1010,1;;19,5;19,5;20,2;19,5;20,2;19,5;100;100;100;334;1,3;,2;
2026/04/17;1000 UTC;0;1010,9;1010,9;1010,4;171,2;20,7;20,7;20,7;19,4;20,7;19,4;100;100;100;132;1,1;,2;
2026/04/17;1100 UTC;0;1011,3;1011,4;1010,9;878,9;25,2;22,6;25,4;20,7;24,3;20,7;100;85;86;52;1,5;,5;
2026/04/17;1200 UTC;0;1011,6;1011,7;1011,3;1647,1;26,4;20,8;26,4;24,7;22,8;20,4;86;71;72;107;3,3;1,4;
2026/04/17;1300 UTC;0;1011,2;1011,7;1011,2;2273,8;27,3;20,9;28;26,2;21,7;20,3;72;66;68;121;3,3;1,4;
2026/04/17;1400 UTC;0;1010,4;1011,2;1010,4;2662,4;28,4;21,1;29,1;27,3;22,2;20,9;69;63;64;116;3,8;2,1;
2026/04/17;1500 UTC;0;1009,4;1010,4;1009,4;2868,7;29,9;20,7;30,1;28,4;22,1;20,7;65;58;58;89;4,2;1,6;
2026/04/17;1600 UTC;0;1008,3;1009,4;1008,3;2820,5;30,4;18,7;31,2;29,7;22;18,7;60;49;50;223;3,6;,9;
2026/04/17;1700 UTC;0;1007,1;1008,2;1007,1;2663;31;19,6;31,4;30,4;20,9;19,2;54;50;51;119;3,8;1,4;
2026/04/17;1800 UTC;0;1006,9;1007,2;1006,9;2217,4;31;20,9;31,4;30,9;21,1;18,8;56;48;55;79;4,2;1,6;
2026/04/17;1900 UTC;0;1006,9;1006,9;1006,7;1554,5;29;21,4;31;29;22;21;64;55;64;63;5,5;2,9;
2026/04/17;2000 UTC;0;1007,3;1007,3;1006,9;629,6;27;21,1;29,1;27;21,6;20,9;71;63;71;66;5,7;1,9;
2026/04/17;2100 UTC;0;1008;1008;1007,3;26,3;25;21,1;27;25;21,3;21;79;71;79;71;4;1,5;
2026/04/17;2200 UTC;0;1008,4;1008,4;1008;;23,6;21;25;23,6;21,2;20,9;85;79;85;45;3,7;,9;
2026/04/17;2300 UTC;0;1008,9;1008,9;1008,4;;22,2;20,8;23,6;22,2;21;20,6;92;85;92;324;2,1;,4;
2026/04/18;0000 UTC;0;1009,5;1009,5;1008,9;;21,5;20,6;22,2;21,5;20,8;20,5;95;92;95;230;1,4;,6;
2026/04/18;0100 UTC;0;1009,3;1009,5;1009,3;;20,8;20,2;21,5;20,8;20,6;20,2;97;95;97;219;1,4;,4;
2026/04/18;0200 UTC;0;1009,1;1009,4;1009;;20,5;20,2;20,9;20,5;20,4;20,1;98;97;98;226;1,3;,7;
2026/04/18;0300 UTC;0;1008,9;1009,1;1008,9;;20,3;20,1;20,5;20,1;20,3;20;99;98;99;314;1,5;,3;
2026/04/18;0400 UTC;0;1008,2;1008,9;1008,2;;20,1;20,1;20,3;20;20,1;19,9;100;99;100;249;,8;,4;
2026/04/18;0500 UTC;0;1007,5;1008,3;1007,5;;19,7;19,7;20,1;19,7;20,1;19,7;100;100;100;321;,9;,3;
2026/04/18;0600 UTC;0;1007,1;1007,5;1007,1;;20;20;20;19,6;20;19,6;100;100;100;279;1;,3;
2026/04/18;0700 UTC;0;1006,9;1007,2;1006,9;0;20,2;20,2;20,2;20;20,2;20;100;100;100;29;1;,3;
2026/04/18;0800 UTC;0;1007,8;1007,8;1006,9;;20,3;20,3;20,3;20,2;20,3;20,2;100;100;100;277;1;,4;
2026/04/18;0900 UTC;0;1007,8;1008;1007,7;;20,1;;20,3;20,1;;;;;;17;1,2;,5;
2026/04/18;1000 UTC;0;1008,1;1008,1;1007,7;103,7;20,2;;20,2;20;;;;;;225;1;,2;
2026/04/18;1100 UTC;0;1008,9;1008,9;1008,1;417,3;20,7;;21,1;20,1;;;;;;263;2,3;1;
2026/04/18;1200 UTC;0;1009,4;1009,4;1008,9;1160,6;24,9;;24,9;20,7;;;;;;241;3,2;1,6;
2026/04/18;1300 UTC;0;1008,3;1009,4;1008,3;2161,1;28;22,5;28,6;24,6;25,8;22,5;100;72;72;147;3,8;,9;
2026/04/18;1400 UTC;0;1007,9;1008,3;1007,9;2471,5;29,2;21,5;30,1;27,9;22,9;21,1;74;60;63;117;3,2;1,3;
2026/04/18;1500 UTC;0;1007,2;1008;1007,2;2347;30,6;21,6;31,3;29,2;23;20,3;63;56;58;155;3,3;1,1;
2026/04/18;1600 UTC;0;1006,2;1007,2;1006,2;2500,6;31,3;20,9;31,7;30,4;22,1;20,3;60;52;54;271;2,8;,5;
2026/04/18;1700 UTC;0;1005,7;1006,2;1005,6;2520;32,4;21,7;32,4;31,2;22,3;20,5;57;52;54;33;3;1,4;
2026/04/18;1800 UTC;0;1005,3;1005,7;1005,3;2137,6;31,6;19,7;32,4;31,5;21;19,1;53;47;49;102;3,6;1,6;
2026/04/18;1900 UTC;0;1005,7;1005,8;1005,3;1415,4;31,2;20,6;31,9;31;20,9;18,9;55;46;53;117;3,2;,8;
2026/04/18;2000 UTC;0;1006;1006;1005,7;538,8;28,7;20,9;31,3;28,7;21,4;19,5;63;50;63;159;3;1,7;
2026/04/18;2100 UTC;0;1006,1;1006,2;1006;22,2;25,4;21,7;28,7;25,4;21,7;21;80;63;80;140;3,1;,5;
2026/04/18;2200 UTC;0;1006,4;1006,5;1006,1;;23,6;21,7;25,4;23,6;21,9;21,5;89;80;89;308;1,2;,5;
2026/04/18;2300 UTC;0;1007;1007,1;1006,4;;22,6;21,4;23,6;22,6;21,7;21,3;93;89;93;272;1,2;,2;
2026/04/19;0000 UTC;0;1007,2;1007,3;1007;;22,3;21,5;22,6;22,3;21,6;21,3;95;93;95;267;1,2;,5;
2026/04/19;0100 UTC;0;1007,5;1007,7;1007,2;;21,9;21,4;22,3;21,9;21,5;21,3;97;95;97;319;1;,4;
2026/04/19;0200 UTC;0;1007,6;1007,7;1007,4;;21,5;21,2;21,9;21,4;21,4;21,1;98;97;98;305;,8;,4;
2026/04/19;0300 UTC;0;1007,8;1007,9;1007,6;;21,8;21,6;21,8;21,3;21,6;21;99;98;99;264;2;1;
2026/04/19;0400 UTC;0;1008,2;1008,2;1007,7;;21,9;21,8;22;21,6;21,8;21,3;99;99;99;300;2;1;
2026/04/19;0500 UTC;0;1008;1008,3;1008;;22,1;22;22,1;21,9;22;21,8;99;99;99;198;2,1;,5;
2026/04/19;0600 UTC;0;1008,1;1008,1;1007,8;;21,8;21,6;22,2;21,8;22,1;21,6;99;99;99;26;1,8;,7;
2026/04/19;0700 UTC;,2;1008,7;1008,7;1007,9;;22,1;21,9;22,1;21,8;22;21,6;99;99;99;315;2,6;,6;
2026/04/19;0800 UTC;;;;;;;;;;;;;;;;;;
2026/04/19;0900 UTC;;;;;;;;;;;;;;;;;;
2026/04/19;1000 UTC;;;;;;;;;;;;;;;;;;
2026/04/19;1100 UTC;;;;;;;;;;;;;;;;;;
2026/04/19;1200 UTC;;;;;;;;;;;;;;;;;;
2026/04/19;1300 UTC;;;;;;;;;;;;;;;;;;
2026/04/19;1400 UTC;;;;;;;;;;;;;;;;;;
2026/04/19;1500 UTC;;;;;;;;;;;;;;;;;;
2026/04/19;1600 UTC;;;;;;;;;;;;;;;;;;
2026/04/19;1700 UTC;;;;;;;;;;;;;;;;;;
2026/04/19;1800 UTC;;;;;;;;;;;;;;;;;;
2026/04/19;1900 UTC;;;;;;;;;;;;;;;;;;
2026/04/19;2000 UTC;;;;;;;;;;;;;;;;;;
2026/04/19;2100 UTC;;;;;;;;;;;;;;;;;;
2026/04/19;2200 UTC;;;;;;;;;;;;;;;;;;
2026/04/19;2300 UTC;;;;;;;;;;;;;;;;;;
2026/04/20;0000 UTC;;;;;;;;;;;;;;;;;;
2026/04/20;0100 UTC;;;;;;;;;;;;;;;;;;
2026/04/20;0200 UTC;;;;;;;;;;;;;;;;;;
2026/04/20;0300 UTC;;;;;;;;;;;;;;;;;;
2026/04/20;0400 UTC;;;;;;;;;;;;;;;;;;
2026/04/20;0500 UTC;;;;;;;;;;;;;;;;;;
2026/04/20;0600 UTC;;;;;;;;;;;;;;;;;;
2026/04/20;0700 UTC;;;;;;;;;;;;;;;;;;
2026/04/20;0800 UTC;;;;;;;;;;;;;;;;;;
2026/04/20;0900 UTC;;;;;;;;;;;;;;;;;;
2026/04/20;1000 UTC;;;;;;;;;;;;;;;;;;
2026/04/20;1100 UTC;;;;;;;;;;;;;;;;;;
2026/04/20;1200 UTC;;;;;;;;;;;;;;;;;;
2026/04/20;1300 UTC;;;;;;;;;;;;;;;;;;
2026/04/20;1400 UTC;;;;;;;;;;;;;;;;;;
2026/04/20;1500 UTC;;;;;;;;;;;;;;;;;;
2026/04/20;1600 UTC;;;;;;;;;;;;;;;;;;
2026/04/20;1700 UTC;;;;;;;;;;;;;;;;;;
2026/04/20;1800 UTC;;;;;;;;;;;;;;;;;;
2026/04/20;1900 UTC;;;;;;;;;;;;;;;;;;
2026/04/20;2000 UTC;;;;;;;;;;;;;;;;;;
2026/04/20;2100 UTC;;;;;;;;;;;;;;;;;;
2026/04/20;2200 UTC;;;;;;;;;;;;;;;;;;
2026/04/20;2300 UTC;;;;;;;;;;;;;;;;;;
2026/04/21;0000 UTC;;;;;;;;;;;;;;;;;;
2026/04/21;0100 UTC;;;;;;;;;;;;;;;;;;
2026/04/21;0200 UTC;;;;;;;;;;;;;;;;;;
2026/04/21;0300 UTC;;;;;;;;;;;;;;;;;;
2026/04/21;0400 UTC;;;;;;;;;;;;;;;;;;
2026/04/21;0500 UTC;;;;;;;;;;;;;;;;;;
2026/04/21;0600 UTC;;;;;;;;;;;;;;;;;;
2026/04/21;0700 UTC;;;;;;;;;;;;;;;;;;
2026/04/21;0800 UTC;;;;;;;;;;;;;;;;;;
2026/04/21;0900 UTC;;;;;;;;;;;;;;;;;;
2026/04/21;1000 UTC;;;;;;;;;;;;;;;;;;
2026/04/21;1100 UTC;;;;;;;;;;;;;;;;;;
2026/04/21;1200 UTC;;;;;;;;;;;;;;;;;;
2026/04/21;1300 UTC;;;;;;;;;;;;;;;;;;
2026/04/21;1400 UTC;;;;;;;;;;;;;;;;;;
2026/04/21;1500 UTC;;;;;;;;;;;;;;;;;;
2026/04/21;1600 UTC;;;;;;;;;;;;;;;;;;
2026/04/21;1700 UTC;;;;;;;;;;;;;;;;;;
2026/04/21;1800 UTC;;;;;;;;;;;;;;;;;;
2026/04/21;1900 UTC;;;;;;;;;;;;;;;;;;
2026/04/21;2000 UTC;;;;;;;;;;;;;;;;;;
2026/04/21;2100 UTC;;;;;;;;;;;;;;;;;;
2026/04/21;2200 UTC;;;;;;;;;;;;;;;;;;
2026/04/21;2300 UTC;;;;;;;;;;;;;;;;;;
2026/04/22;0000 UTC;;;;;;;;;;;;;;;;;;
2026/04/22;0100 UTC;;;;;;;;;;;;;;;;;;
2026/04/22;0200 UTC;;;;;;;;;;;;;;;;;;
2026/04/22;0300 UTC;;;;;;;;;;;;;;;;;;
2026/04/22;0400 UTC;;;;;;;;;;;;;;;;;;
2026/04/22;0500 UTC;;;;;;;;;;;;;;;;;;
2026/04/22;0600 UTC;;;;;;;;;;;;;;;;;;
2026/04/22;0700 UTC;;;;;;;;;;;;;;;;;;
2026/04/22;0800 UTC;;;;;;;;;;;;;;;;;;
2026/04/22;0900 UTC;;;;;;;;;;;;;;;;;;
2026/04/22;1000 UTC;;;;;;;;;;;;;;;;;;
2026/04/22;1100 UTC;;;;;;;;;;;;;;;;;;
2026/04/22;1200 UTC;;;;;;;;;;;;;;;;;;
2026/04/22;1300 UTC;;;;;;;;;;;;;;;;;;
2026/04/22;1400 UTC;;;;;;;;;;;;;;;;;;
2026/04/22;1500 UTC;;;;;;;;;;;;;;;;;;
2026/04/22;1600 UTC;;;;;;;;;;;;;;;;;;
2026/04/22;1700 UTC;;;;;;;;;;;;;;;;;;
2026/04/22;1800 UTC;;;;;;;;;;;;;;;;;;
2026/04/22;1900 UTC;;;;;;;;;;;;;;;;;;
2026/04/22;2000 UTC;;;;;;;;;;;;;;;;;;
2026/04/22;2100 UTC;;;;;;;;;;;;;;;;;;
2026/04/22;2200 UTC;;;;;;;;;;;;;;;;;;
2026/04/22;2300 UTC;;;;;;;;;;;;;;;;;;
2026/04/23;0000 UTC;;;;;;;;;;;;;;;;;;
2026/04/23;0100 UTC;;;;;;;;;;;;;;;;;;
2026/04/23;0200 UTC;;;;;;;;;;;;;;;;;;
2026/04/23;0300 UTC;;;;;;;;;;;;;;;;;;
2026/04/23;0400 UTC;;;;;;;;;;;;;;;;;;
2026/04/23;0500 UTC;;;;;;;;;;;;;;;;;;
2026/04/23;0600 UTC;;;;;;;;;;;;;;;;;;
2026/04/23;0700 UTC;;;;;;;;;;;;;;;;;;
2026/04/23;0800 UTC;;;;;;;;;;;;;;;;;;
2026/04/23;0900 UTC;;;;;;;;;;;;;;;;;;
2026/04/23;1000 UTC;;;;;;;;;;;;;;;;;;
2026/04/23;1100 UTC;;;;;;;;;;;;;;;;;;
2026/04/23;1200 UTC;;;;;;;;;;;;;;;;;;
2026/04/23;1300 UTC;;;;;;;;;;;;;;;;;;
2026/04/23;1400 UTC;;;;;;;;;;;;;;;;;;
2026/04/23;1500 UTC;;;;;;;;;;;;;;;;;;
2026/04/23;1600 UTC;;;;;;;;;;;;;;;;;;
2026/04/23;1700 UTC;;;;;;;;;;;;;;;;;;
2026/04/23;1800 UTC;;;;;;;;;;;;;;;;;;
2026/04/23;1900 UTC;;;;;;;;;;;;;;;;;;
2026/04/23;2000 UTC;;;;;;;;;;;;;;;;;;
2026/04/23;2100 UTC;;;;;;;;;;;;;;;;;;
2026/04/23;2200 UTC;;;;;;;;;;;;;;;;;;
2026/04/23;2300 UTC;;;;;;;;;;;;;;;;;;
2026/04/24;0000 UTC;;;;;;;;;;;;;;;;;;
2026/04/24;0100 UTC;;;;;;;;;;;;;;;;;;
2026/04/24;0200 UTC;;;;;;;;;;;;;;;;;;
2026/04/24;0300 UTC;;;;;;;;;;;;;;;;;;
2026/04/24;0400 UTC;;;;;;;;;;;;;;;;;;
2026/04/24;0500 UTC;;;;;;;;;;;;;;;;;;
2026/04/24;0600 UTC;;;;;;;;;;;;;;;;;;
2026/04/24;0700 UTC;;;;;;;;;;;;;;;;;;
2026/04/24;0800 UTC;;;;;;;;;;;;;;;;;;
2026/04/24;0900 UTC;;;;;;;;;;;;;;;;;;
2026/04/24;1000 UTC;;;;;;;;;;;;;;;;;;
2026/04/24;1100 UTC;;;;;;;;;;;;;;;;;;
2026/04/24;1200 UTC;;;;;;;;;;;;;;;;;;
2026/04/24;1300 UTC;;;;;;;;;;;;;;;;;;
2026/04/24;1400 UTC;;;;;;;;;;;;;;;;;;
2026/04/24;1500 UTC;;;;;;;;;;;;;;;;;;
2026/04/24;1600 UTC;;;;;;;;;;;;;;;;;;
2026/04/24;1700 UTC;;;;;;;;;;;;;;;;;;
2026/04/24;1800 UTC;;;;;;;;;;;;;;;;;;
2026/04/24;1900 UTC;;;;;;;;;;;;;;;;;;
2026/04/24;2000 UTC;;;;;;;;;;;;;;;;;;
2026/04/24;2100 UTC;;;;;;;;;;;;;;;;;;
2026/04/24;2200 UTC;;;;;;;;;;;;;;;;;;
2026/04/24;2300 UTC;;;;;;;;;;;;;;;;;;
2026/04/25;0000 UTC;;;;;;;;;;;;;;;;;;
2026/04/25;0100 UTC;;;;;;;;;;;;;;;;;;
2026/04/25;0200 UTC;;;;;;;;;;;;;;;;;;
2026/04/25;0300 UTC;;;;;;;;;;;;;;;;;;
2026/04/25;0400 UTC;;;;;;;;;;;;;;;;;;
2026/04/25;0500 UTC;;;;;;;;;;;;;;;;;;
2026/04/25;0600 UTC;;;;;;;;;;;;;;;;;;
2026/04/25;0700 UTC;;;;;;;;;;;;;;;;;;
2026/04/25;0800 UTC;;;;;;;;;;;;;;;;;;
2026/04/25;0900 UTC;;;;;;;;;;;;;;;;;;
2026/04/25;1000 UTC;;;;;;;;;;;;;;;;;;
2026/04/25;1100 UTC;;;;;;;;;;;;;;;;;;
2026/04/25;1200 UTC;;;;;;;;;;;;;;;;;;
2026/04/25;1300 UTC;;;;;;;;;;;;;;;;;;
2026/04/25;1400 UTC;;;;;;;;;;;;;;;;;;
2026/04/25;1500 UTC;;;;;;;;;;;;;;;;;;
2026/04/25;1600 UTC;;;;;;;;;;;;;;;;;;
2026/04/25;1700 UTC;;;;;;;;;;;;;;;;;;
2026/04/25;1800 UTC;;;;;;;;;;;;;;;;;;
2026/04/25;1900 UTC;;;;;;;;;;;;;;;;;;
2026/04/25;2000 UTC;;;;;;;;;;;;;;;;;;
2026/04/25;2100 UTC;;;;;;;;;;;;;;;;;;
2026/04/25;2200 UTC;;;;;;;;;;;;;;;;;;
2026/04/25;2300 UTC;;;;;;;;;;;;;;;;;;
2026/04/26;0000 UTC;;;;;;;;;;;;;;;;;;
2026/04/26;0100 UTC;;;;;;;;;;;;;;;;;;
2026/04/26;0200 UTC;;;;;;;;;;;;;;;;;;
2026/04/26;0300 UTC;;;;;;;;;;;;;;;;;;
2026/04/26;0400 UTC;;;;;;;;;;;;;;;;;;
2026/04/26;0500 UTC;;;;;;;;;;;;;;;;;;
2026/04/26;0600 UTC;;;;;;;;;;;;;;;;;;
2026/04/26;0700 UTC;;;;;;;;;;;;;;;;;;
2026/04/26;0800 UTC;;;;;;;;;;;;;;;;;;
2026/04/26;0900 UTC;;;;;;;;;;;;;;;;;;
2026/04/26;1000 UTC;;;;;;;;;;;;;;;;;;
2026/04/26;1100 UTC;;;;;;;;;;;;;;;;;;
2026/04/26;1200 UTC;;;;;;;;;;;;;;;;;;
2026/04/26;1300 UTC;;;;;;;;;;;;;;;;;;
2026/04/26;1400 UTC;;;;;;;;;;;;;;;;;;
2026/04/26;1500 UTC;;;;;;;;;;;;;;;;;;
2026/04/26;1600 UTC;;;;;;;;;;;;;;;;;;
2026/04/26;1700 UTC;;;;;;;;;;;;;;;;;;
2026/04/26;1800 UTC;;;;;;;;;;;;;;;;;;
2026/04/26;1900 UTC;;;;;;;;;;;;;;;;;;
2026/04/26;2000 UTC;;;;;;;;;;;;;;;;;;
2026/04/26;2100 UTC;;;;;;;;;;;;;;;;;;
2026/04/26;2200 UTC;;;;;;;;;;;;;;;;;;
2026/04/26;2300 UTC;;;;;;;;;;;;;;;;;;
2026/04/27;0000 UTC;;;;;;;;;;;;;;;;;;
2026/04/27;0100 UTC;;;;;;;;;;;;;;;;;;
2026/04/27;0200 UTC;;;;;;;;;;;;;;;;;;
2026/04/27;0300 UTC;;;;;;;;;;;;;;;;;;
2026/04/27;0400 UTC;;;;;;;;;;;;;;;;;;
2026/04/27;0500 UTC;;;;;;;;;;;;;;;;;;
2026/04/27;0600 UTC;;;;;;;;;;;;;;;;;;
2026/04/27;0700 UTC;;;;;;;;;;;;;;;;;;
2026/04/27;0800 UTC;;;;;;;;;;;;;;;;;;
2026/04/27;0900 UTC;;;;;;;;;;;;;;;;;;
2026/04/27;1000 UTC;;;;;;;;;;;;;;;;;;
2026/04/27;1100 UTC;;;;;;;;;;;;;;;;;;
2026/04/27;1200 UTC;;;;;;;;;;;;;;;;;;
2026/04/27;1300 UTC;;;;;;;;;;;;;;;;;;
2026/04/27;1400 UTC;;;;;;;;;;;;;;;;;;
2026/04/27;1500 UTC;;;;;;;;;;;;;;;;;;
2026/04/27;1600 UTC;;;;;;;;;;;;;;;;;;
2026/04/27;1700 UTC;;;;;;;;;;;;;;;;;;
2026/04/27;1800 UTC;;;;;;;;;;;;;;;;;;
2026/04/27;1900 UTC;;;;;;;;;;;;;;;;;;
2026/04/27;2000 UTC;;;;;;;;;;;;;;;;;;
2026/04/27;2100 UTC;;;;;;;;;;;;;;;;;;
2026/04/27;2200 UTC;;;;;;;;;;;;;;;;;;
2026/04/27;2300 UTC;;;;;;;;;;;;;;;;;;
2026/04/28;0000 UTC;;;;;;;;;;;;;;;;;;
2026/04/28;0100 UTC;;;;;;;;;;;;;;;;;;
2026/04/28;0200 UTC;;;;;;;;;;;;;;;;;;
2026/04/28;0300 UTC;;;;;;;;;;;;;;;;;;
2026/04/28;0400 UTC;0;1018,2;;;295,7;22,2;17;;;;;;;73;238;;4,1;
2026/04/28;0500 UTC;;;;;;;;;;;;;;;;;;
2026/04/28;0600 UTC;;;;;;;;;;;;;;;;;;
2026/04/28;0700 UTC;;;;;;;;;;;;;;;;;;
2026/04/28;0800 UTC;;;;;;;;;;;;;;;;;;
2026/04/28;0900 UTC;;;;;;;;;;;;;;;;;;
2026/04/28;1000 UTC;;;;;;;;;;;;;;;;;;
2026/04/28;1100 UTC;;;;;;;;;;;;;;;;;;
2026/04/28;1200 UTC;;;;;;;;;;;;;;;;;;
2026/04/28;1300 UTC;;;;;;;;;;;;;;;;;;
2026/04/28;1400 UTC;;;;;;;;;;;;;;;;;;
2026/04/28;1500 UTC;;;;;;;;;;;;;;;;;;
2026/04/28;1600 UTC;;;;;;;;;;;;;;;;;;
2026/04/28;1700 UTC;;;;;;;;;;;;;;;;;;
2026/04/28;1800 UTC;;;;;;;;;;;;;;;;;;
2026/04/28;1900 UTC;;;;;;;;;;;;;;;;;;
2026/04/28;2000 UTC;;;;;;;;;;;;;;;;;;
2026/04/28;2100 UTC;;;;;;;;;;;;;;;;;;
2026/04/28;2200 UTC;;;;;;;;;;;;;;;;;;
2026/04/28;2300 UTC;;;;;;;;;;;;;;;;;;
2026/04/29;0000 UTC;;;;;;;;;;;;;;;;;;
2026/04/29;0100 UTC;;;;;;;;;;;;;;;;;;
2026/04/29;0200 UTC;;;;;;;;;;;;;;;;;;
2026/04/29;0300 UTC;;;;;;;;;;;;;;;;;;
2026/04/29;0400 UTC;;;;;;;;;;;;;;;;;;
2026/04/29;0500 UTC;;;;;;;;;;;;;;;;;;
2026/04/29;0600 UTC;;;;;;;;;;;;;;;;;;
2026/04/29;0700 UTC;;;;;;;;;;;;;;;;;;
2026/04/29;0800 UTC;;;;;;;;;;;;;;;;;;
2026/04/29;0900 UTC;;;;;;;;;;;;;;;;;;
2026/04/29;1000 UTC;;;;;;;;;;;;;;;;;;
2026/04/29;1100 UTC;;;;;;;;;;;;;;;;;;
2026/04/29;1200 UTC;;;;;;;;;;;;;;;;;;
2026/04/29;1300 UTC;;;;;;;;;;;;;;;;;;
2026/04/29;1400 UTC;;;;;;;;;;;;;;;;;;
2026/04/29;1500 UTC;;;;;;;;;;;;;;;;;;
2026/04/29;1600 UTC;;;;;;;;;;;;;;;;;;
2026/04/29;1700 UTC;;;;;;;;;;;;;;;;;;
2026/04/29;1800 UTC;;;;;;;;;;;;;;;;;;
2026/04/29;1900 UTC;;;;;;;;;;;;;;;;;;
2026/04/29;2000 UTC;;;;;;;;;;;;;;;;;;
2026/04/29;2100 UTC;;;;;;;;;;;;;;;;;;
2026/04/29;2200 UTC;;;;;;;;;;;;;;;;;;
2026/04/29;2300 UTC;;;;;;;;;;;;;;;;;;
2026/04/30;0000 UTC;;;;;;;;;;;;;;;;;;
2026/04/30;0100 UTC;;;;;;;;;;;;;;;;;;
2026/04/30;0200 UTC;;;;;;;;;;;;;;;;;;
2026/04/30;0300 UTC;;;;;;;;;;;;;;;;;;
2026/04/30;0400 UTC;;;;;;;;;;;;;;;;;;
2026/04/30;0500 UTC;;;;;;;;;;;;;;;;;;
2026/04/30;0600 UTC;;;;;;;;;;;;;;;;;;
2026/04/30;0700 UTC;;;;;;;;;;;;;;;;;;
2026/04/30;0800 UTC;;;;;;;;;;;;;;;;;;
2026/04/30;0900 UTC;;;;;;;;;;;;;;;;;;
2026/04/30;1000 UTC;;;;;;;;;;;;;;;;;;
2026/04/30;1100 UTC;;;;;;;;;;;;;;;;;;
2026/04/30;1200 UTC;;;;;;;;;;;;;;;;;;
2026/04/30;1300 UTC;;;;;;;;;;;;;;;;;;
2026/04/30;1400 UTC;;;;;;;;;;;;;;;;;;
2026/04/30;1500 UTC;;;;;;;;;;;;;;;;;;
2026/04/30;1600 UTC;;;;;;;;;;;;;;;;;;
2026/04/30;1700 UTC;;;;;;;;;;;;;;;;;;
2026/04/30;1800 UTC;;;;;;;;;;;;;;;;;;
2026/04/30;1900 UTC;;;;;;;;;;;;;;;;;;
2026/04/30;2000 UTC;;;;;;;;;;;;;;;;;;
2026/04/30;2100 UTC;;;;;;;;;;;;;;;;;;
2026/04/30;2200 UTC;;;;;;;;;;;;;;;;;;
2026/04/30;2300 UTC;;;;;;;;;;;;;;;;;;
2026/05/01;0000 UTC;;;;;;;;;;;;;;;;;;
2026/05/01;0100 UTC;;;;;;;;;;;;;;;;;;
2026/05/01;0200 UTC;;;;;;;;;;;;;;;;;;
2026/05/01;0300 UTC;;;;;;;;;;;;;;;;;;
2026/05/01;0400 UTC;;;;;;;;;;;;;;;;;;
2026/05/01;0500 UTC;;;;;;;;;;;;;;;;;;
2026/05/01;0600 UTC;;;;;;;;;;;;;;;;;;
2026/05/01;0700 UTC;;;;;;;;;;;;;;;;;;
2026/05/01;0800 UTC;;;;;;;;;;;;;;;;;;
2026/05/01;0900 UTC;;;;;;;;;;;;;;;;;;
2026/05/01;1000 UTC;;;;;;;;;;;;;;;;;;
2026/05/01;1100 UTC;;;;;;;;;;;;;;;;;;
2026/05/01;1200 UTC;;;;;;;;;;;;;;;;;;
2026/05/01;1300 UTC;;;;;;;;;;;;;;;;;;
2026/05/01;1400 UTC;;;;;;;;;;;;;;;;;;
2026/05/01;1500 UTC;;;;;;;;;;;;;;;;;;
2026/05/01;1600 UTC;;;;;;;;;;;;;;;;;;
2026/05/01;1700 UTC;;;;;;;;;;;;;;;;;;
2026/05/01;1800 UTC;;;;;;;;;;;;;;;;;;
2026/05/01;1900 UTC;;;;;;;;;;;;;;;;;;
2026/05/01;2000 UTC;;;;;;;;;;;;;;;;;;
2026/05/01;2100 UTC;;;;;;;;;;;;;;;;;;
2026/05/01;2200 UTC;;;;;;;;;;;;;;;;;;
2026/05/01;2300 UTC;;;;;;;;;;;;;;;;;;
2026/05/02;0000 UTC;;;;;;;;;;;;;;;;;;
2026/05/02;0100 UTC;;;;;;;;;;;;;;;;;;
2026/05/02;0200 UTC;;;;;;;;;;;;;;;;;;
2026/05/02;0300 UTC;;;;;;;;;;;;;;;;;;
2026/05/02;0400 UTC;;;;;;;;;;;;;;;;;;
2026/05/02;0500 UTC;;;;;;;;;;;;;;;;;;
2026/05/02;0600 UTC;;;;;;;;;;;;;;;;;;
2026/05/02;0700 UTC;;;;;;;;;;;;;;;;;;
2026/05/02;0800 UTC;;;;;;;;;;;;;;;;;;
2026/05/02;0900 UTC;;;;;;;;;;;;;;;;;;
2026/05/02;1000 UTC;;;;;;;;;;;;;;;;;;
2026/05/02;1100 UTC;;;;;;;;;;;;;;;;;;
2026/05/02;1200 UTC;;;;;;;;;;;;;;;;;;
2026/05/02;1300 UTC;;;;;;;;;;;;;;;;;;
2026/05/02;1400 UTC;;;;;;;;;;;;;;;;;;
2026/05/02;1500 UTC;;;;;;;;;;;;;;;;;;
2026/05/02;1600 UTC;;;;;;;;;;;;;;;;;;
2026/05/02;1700 UTC;;;;;;;;;;;;;;;;;;
2026/05/02;1800 UTC;;;;;;;;;;;;;;;;;;
2026/05/02;1900 UTC;;;;;;;;;;;;;;;;;;
2026/05/02;2000 UTC;;;;;;;;;;;;;;;;;;
2026/05/02;2100 UTC;;;;;;;;;;;;;;;;;;
2026/05/02;2200 UTC;;;;;;;;;;;;;;;;;;
2026/05/02;2300 UTC;;;;;;;;;;;;;;;;;;
2026/05/03;0000 UTC;;;;;;;;;;;;;;;;;;
2026/05/03;0100 UTC;;;;;;;;;;;;;;;;;;
2026/05/03;0200 UTC;;;;;;;;;;;;;;;;;;
2026/05/03;0300 UTC;;;;;;;;;;;;;;;;;;
2026/05/03;0400 UTC;;;;;;;;;;;;;;;;;;
2026/05/03;0500 UTC;;;;;;;;;;;;;;;;;;
2026/05/03;0600 UTC;;;;;;;;;;;;;;;;;;
2026/05/03;0700 UTC;;;;;;;;;;;;;;;;;;
2026/05/03;0800 UTC;;;;;;;;;;;;;;;;;;
2026/05/03;0900 UTC;;;;;;;;;;;;;;;;;;
2026/05/03;1000 UTC;;;;;;;;;;;;;;;;;;
2026/05/03;1100 UTC;;;;;;;;;;;;;;;;;;
2026/05/03;1200 UTC;;;;;;;;;;;;;;;;;;
2026/05/03;1300 UTC;;;;;;;;;;;;;;;;;;
2026/05/03;1400 UTC;;;;;;;;;;;;;;;;;;
2026/05/03;1500 UTC;;;;;;;;;;;;;;;;;;
2026/05/03;1600 UTC;;;;;;;;;;;;;;;;;;
2026/05/03;1700 UTC;;;;;;;;;;;;;;;;;;
2026/05/03;1800 UTC;;;;;;;;;;;;;;;;;;
2026/05/03;1900 UTC;;;;;;;;;;;;;;;;;;
2026/05/03;2000 UTC;;;;;;;;;;;;;;;;;;
2026/05/03;2100 UTC;;;;;;;;;;;;;;;;;;
2026/05/03;2200 UTC;;;;;;;;;;;;;;;;;;
2026/05/03;2300 UTC;;;;;;;;;;;;;;;;;;
2026/05/04;0000 UTC;;;;;;;;;;;;;;;;;;
2026/05/04;0100 UTC;;;;;;;;;;;;;;;;;;
2026/05/04;0200 UTC;;;;;;;;;;;;;;;;;;
2026/05/04;0300 UTC;;;;;;;;;;;;;;;;;;
2026/05/04;0400 UTC;;;;;;;;;;;;;;;;;;
2026/05/04;0500 UTC;;;;;;;;;;;;;;;;;;
2026/05/04;0600 UTC;;;;;;;;;;;;;;;;;;
2026/05/04;0700 UTC;;;;;;;;;;;;;;;;;;
2026/05/04;0800 UTC;;;;;;;;;;;;;;;;;;
2026/05/04;0900 UTC;;;;;;;;;;;;;;;;;;
2026/05/04;1000 UTC;;;;;;;;;;;;;;;;;;
2026/05/04;1100 UTC;;;;;;;;;;;;;;;;;;
2026/05/04;1200 UTC;;;;;;;;;;;;;;;;;;
2026/05/04;1300 UTC;;;;;;;;;;;;;;;;;;
2026/05/04;1400 UTC;;;;;;;;;;;;;;;;;;
2026/05/04;1500 UTC;;;;;;;;;;;;;;;;;;
2026/05/04;1600 UTC;;;;;;;;;;;;;;;;;;
2026/05/04;1700 UTC;;;;;;;;;;;;;;;;;;
2026/05/04;1800 UTC;;;;;;;;;;;;;;;;;;
2026/05/04;1900 UTC;;;;;;;;;;;;;;;;;;
2026/05/04;2000 UTC;;;;;;;;;;;;;;;;;;
2026/05/04;2100 UTC;;;;;;;;;;;;;;;;;;
2026/05/04;2200 UTC;;;;;;;;;;;;;;;;;;
2026/05/04;2300 UTC;;;;;;;;;;;;;;;;;;
2026/05/05;0000 UTC;;;;;;;;;;;;;;;;;;
2026/05/05;0100 UTC;;;;;;;;;;;;;;;;;;
2026/05/05;0200 UTC;;;;;;;;;;;;;;;;;;
2026/05/05;0300 UTC;;;;;;;;;;;;;;;;;;
2026/05/05;0400 UTC;;;;;;;;;;;;;;;;;;
2026/05/05;0500 UTC;;;;;;;;;;;;;;;;;;
2026/05/05;0600 UTC;;;;;;;;;;;;;;;;;;
2026/05/05;0700 UTC;;;;;;;;;;;;;;;;;;
2026/05/05;0800 UTC;;;;;;;;;;;;;;;;;;
2026/05/05;0900 UTC;;;;;;;;;;;;;;;;;;
2026/05/05;1000 UTC;;;;;;;;;;;;;;;;;;
2026/05/05;1100 UTC;;;;;;;;;;;;;;;;;;
2026/05/05;1200 UTC;;;;;;;;;;;;;;;;;;
2026/05/05;1300 UTC;;;;;;;;;;;;;;;;;;
2026/05/05;1400 UTC;;;;;;;;;;;;;;;;;;
2026/05/05;1500 UTC;;;;;;;;;;;;;;;;;;
2026/05/05;1600 UTC;;;;;;;;;;;;;;;;;;
2026/05/05;1700 UTC;;;;;;;;;;;;;;;;;;
2026/05/05;1800 UTC;;;;;;;;;;;;;;;;;;
2026/05/05;1900 UTC;;;;;;;;;;;;;;;;;;
2026/05/05;2000 UTC;;;;;;;;;;;;;;;;;;
2026/05/05;2100 UTC;;;;;;;;;;;;;;;;;;
2026/05/05;2200 UTC;;;;;;;;;;;;;;;;;;
2026/05/05;2300 UTC;;;;;;;;;;;;;;;;;;
2026/05/06;0000 UTC;;;;;;;;;;;;;;;;;;
2026/05/06;0100 UTC;;;;;;;;;;;;;;;;;;
2026/05/06;0200 UTC;;;;;;;;;;;;;;;;;;
2026/05/06;0300 UTC;;;;;;;;;;;;;;;;;;
2026/05/06;0400 UTC;;;;;;;;;;;;;;;;;;
2026/05/06;0500 UTC;;;;;;;;;;;;;;;;;;
2026/05/06;0600 UTC;;;;;;;;;;;;;;;;;;
2026/05/06;0700 UTC;;;;;;;;;;;;;;;;;;
2026/05/06;0800 UTC;;;;;;;;;;;;;;;;;;
2026/05/06;0900 UTC;;;;;;;;;;;;;;;;;;
2026/05/06;1000 UTC;;;;;;;;;;;;;;;;;;
2026/05/06;1100 UTC;;;;;;;;;;;;;;;;;;
2026/05/06;1200 UTC;;;;;;;;;;;;;;;;;;
2026/05/06;1300 UTC;;;;;;;;;;;;;;;;;;
2026/05/06;1400 UTC;;;;;;;;;;;;;;;;;;
2026/05/06;1500 UTC;;;;;;;;;;;;;;;;;;
2026/05/06;1600 UTC;;;;;;;;;;;;;;;;;;
2026/05/06;1700 UTC;;;;;;;;;;;;;;;;;;
2026/05/06;1800 UTC;;;;;;;;;;;;;;;;;;
2026/05/06;1900 UTC;;;;;;;;;;;;;;;;;;
2026/05/06;2000 UTC;;;;;;;;;;;;;;;;;;
2026/05/06;2100 UTC;;;;;;;;;;;;;;;;;;
2026/05/06;2200 UTC;;;;;;;;;;;;;;;;;;
2026/05/06;2300 UTC;;;;;;;;;;;;;;;;;;
2026/05/07;0000 UTC;;;;;;;;;;;;;;;;;;
2026/05/07;0100 UTC;;;;;;;;;;;;;;;;;;
2026/05/07;0200 UTC;;;;;;;;;;;;;;;;;;
2026/05/07;0300 UTC;;;;;;;;;;;;;;;;;;
2026/05/07;0400 UTC;;;;;;;;;;;;;;;;;;
2026/05/07;0500 UTC;;;;;;;;;;;;;;;;;;
2026/05/07;0600 UTC;;;;;;;;;;;;;;;;;;
2026/05/07;0700 UTC;;;;;;;;;;;;;;;;;;
2026/05/07;0800 UTC;;;;;;;;;;;;;;;;;;
2026/05/07;0900 UTC;;;;;;;;;;;;;;;;;;
2026/05/07;1000 UTC;;;;;;;;;;;;;;;;;;
2026/05/07;1100 UTC;;;;;;;;;;;;;;;;;;
2026/05/07;1200 UTC;;;;;;;;;;;;;;;;;;
2026/05/07;1300 UTC;;;;;;;;;;;;;;;;;;
2026/05/07;1400 UTC;;;;;;;;;;;;;;;;;;
2026/05/07;1500 UTC;;;;;;;;;;;;;;;;;;
2026/05/07;1600 UTC;;;;;;;;;;;;;;;;;;
2026/05/07;1700 UTC;;;;;;;;;;;;;;;;;;
2026/05/07;1800 UTC;;;;;;;;;;;;;;;;;;
2026/05/07;1900 UTC;;;;;;;;;;;;;;;;;;
2026/05/07;2000 UTC;;;;;;;;;;;;;;;;;;
2026/05/07;2100 UTC;;;;;;;;;;;;;;;;;;
2026/05/07;2200 UTC;;;;;;;;;;;;;;;;;;
2026/05/07;2300 UTC;;;;;;;;;;;;;;;;;;
2026/05/08;0000 UTC;;;;;;;;;;;;;;;;;;
2026/05/08;0100 UTC;;;;;;;;;;;;;;;;;;
2026/05/08;0200 UTC;;;;;;;;;;;;;;;;;;
2026/05/08;0300 UTC;;;;;;;;;;;;;;;;;;
2026/05/08;0400 UTC;;;;;;;;;;;;;;;;;;
2026/05/08;0500 UTC;;;;;;;;;;;;;;;;;;
2026/05/08;0600 UTC;;;;;;;;;;;;;;;;;;
2026/05/08;0700 UTC;;;;;;;;;;;;;;;;;;
2026/05/08;0800 UTC;;;;;;;;;;;;;;;;;;
2026/05/08;0900 UTC;;;;;;;;;;;;;;;;;;
2026/05/08;1000 UTC;;;;;;;;;;;;;;;;;;
2026/05/08;1100 UTC;;;;;;;;;;;;;;;;;;
2026/05/08;1200 UTC;;;;;;;;;;;;;;;;;;
2026/05/08;1300 UTC;;;;;;;;;;;;;;;;;;
2026/05/08;1400 UTC;;;;;;;;;;;;;;;;;;
2026/05/08;1500 UTC;;;;;;;;;;;;;;;;;;
2026/05/08;1600 UTC;;;;;;;;;;;;;;;;;;
2026/05/08;1700 UTC;;;;;;;;;;;;;;;;;;
2026/05/08;1800 UTC;;;;;;;;;;;;;;;;;;
2026/05/08;1900 UTC;;;;;;;;;;;;;;;;;;
2026/05/08;2000 UTC;;;;;;;;;;;;;;;;;;
2026/05/08;2100 UTC;;;;;;;;;;;;;;;;;;
2026/05/08;2200 UTC;;;;;;;;;;;;;;;;;;
2026/05/08;2300 UTC;;;;;;;;;;;;;;;;;;
2026/05/09;0000 UTC;;;;;;;;;;;;;;;;;;
2026/05/09;0100 UTC;;;;;;;;;;;;;;;;;;
2026/05/09;0200 UTC;;;;;;;;;;;;;;;;;;
2026/05/09;0300 UTC;;;;;;;;;;;;;;;;;;
2026/05/09;0400 UTC;;;;;;;;;;;;;;;;;;
2026/05/09;0500 UTC;;;;;;;;;;;;;;;;;;
2026/05/09;0600 UTC;;;;;;;;;;;;;;;;;;
2026/05/09;0700 UTC;;;;;;;;;;;;;;;;;;
2026/05/09;0800 UTC;;;;;;;;;;;;;;;;;;
2026/05/09;0900 UTC;;;;;;;;;;;;;;;;;;
2026/05/09;1000 UTC;;;;;;;;;;;;;;;;;;
2026/05/09;1100 UTC;;;;;;;;;;;;;;;;;;
2026/05/09;1200 UTC;;;;;;;;;;;;;;;;;;
2026/05/09;1300 UTC;;;;;;;;;;;;;;;;;;
2026/05/09;1400 UTC;;;;;;;;;;;;;;;;;;
2026/05/09;1500 UTC;;;;;;;;;;;;;;;;;;
2026/05/09;1600 UTC;;;;;;;;;;;;;;;;;;
2026/05/09;1700 UTC;;;;;;;;;;;;;;;;;;
2026/05/09;1800 UTC;;;;;;;;;;;;;;;;;;
2026/05/09;1900 UTC;;;;;;;;;;;;;;;;;;
2026/05/09;2000 UTC;;;;;;;;;;;;;;;;;;
2026/05/09;2100 UTC;;;;;;;;;;;;;;;;;;
2026/05/09;2200 UTC;;;;;;;;;;;;;;;;;;
2026/05/09;2300 UTC;;;;;;;;;;;;;;;;;;
2026/05/10;0000 UTC;;;;;;;;;;;;;;;;;;
2026/05/10;0100 UTC;;;;;;;;;;;;;;;;;;
2026/05/10;0200 UTC;;;;;;;;;;;;;;;;;;
2026/05/10;0300 UTC;;;;;;;;;;;;;;;;;;
2026/05/10;0400 UTC;;;;;;;;;;;;;;;;;;
2026/05/10;0500 UTC;;;;;;;;;;;;;;;;;;
2026/05/10;0600 UTC;;;;;;;;;;;;;;;;;;
2026/05/10;0700 UTC;;;;;;;;;;;;;;;;;;
2026/05/10;0800 UTC;;;;;;;;;;;;;;;;;;
2026/05/10;0900 UTC;;;;;;;;;;;;;;;;;;
2026/05/10;1000 UTC;;;;;;;;;;;;;;;;;;
2026/05/10;1100 UTC;;;;;;;;;;;;;;;;;;
2026/05/10;1200 UTC;;;;;;;;;;;;;;;;;;
2026/05/10;1300 UTC;;;;;;;;;;;;;;;;;;
2026/05/10;1400 UTC;;;;;;;;;;;;;;;;;;
2026/05/10;1500 UTC;;;;;;;;;;;;;;;;;;
2026/05/10;1600 UTC;;;;;;;;;;;;;;;;;;
2026/05/10;1700 UTC;;;;;;;;;;;;;;;;;;
2026/05/10;1800 UTC;;;;;;;;;;;;;;;;;;
2026/05/10;1900 UTC;;;;;;;;;;;;;;;;;;
2026/05/10;2000 UTC;;;;;;;;;;;;;;;;;;
2026/05/10;2100 UTC;;;;;;;;;;;;;;;;;;
2026/05/10;2200 UTC;;;;;;;;;;;;;;;;;;
2026/05/10;2300 UTC;;;;;;;;;;;;;;;;;;
2026/05/11;0000 UTC;;;;;;;;;;;;;;;;;;
2026/05/11;0100 UTC;;;;;;;;;;;;;;;;;;
2026/05/11;0200 UTC;;;;;;;;;;;;;;;;;;
2026/05/11;0300 UTC;;;;;;;;;;;;;;;;;;
2026/05/11;0400 UTC;;;;;;;;;;;;;;;;;;
2026/05/11;0500 UTC;;;;;;;;;;;;;;;;;;
2026/05/11;0600 UTC;;;;;;;;;;;;;;;;;;
2026/05/11;0700 UTC;;;;;;;;;;;;;;;;;;
2026/05/11;0800 UTC;;;;;;;;;;;;;;;;;;
2026/05/11;0900 UTC;;;;;;;;;;;;;;;;;;
2026/05/11;1000 UTC;;;;;;;;;;;;;;;;;;
2026/05/11;1100 UTC;;;;;;;;;;;;;;;;;;
2026/05/11;1200 UTC;;;;;;;;;;;;;;;;;;
2026/05/11;1300 UTC;;;;;;;;;;;;;;;;;;
2026/05/11;1400 UTC;;;;;;;;;;;;;;;;;;
2026/05/11;1500 UTC;0;1017,9;;;486,5;;;;;;;;;91;241;;3,4;
2026/05/11;1600 UTC;,4;1017,5;1018,1;1017,5;627;20,2;19,3;20,2;19,7;19,4;18,4;95;90;95;264;8;1,9;
2026/05/11;1700 UTC;0;1016,9;1017,5;1016,9;831,9;21,8;18,3;21,8;20,2;20;17,8;95;80;80;251;7,9;2,3;
2026/05/11;1800 UTC;0;1016,8;1017;1016,8;590,1;21,4;16,6;21,8;21,1;17,9;16,6;80;74;74;267;5,5;2,2;
2026/05/11;1900 UTC;0;1017;1017;1016,6;501,5;20,9;16,5;21,7;20,8;16,9;16,2;76;72;76;275;5,7;1;
2026/05/11;2000 UTC;0;1017,6;1017,6;1017;118,7;20,2;16,6;21;20,2;16,9;16,5;80;76;80;284;2,9;,8;
2026/05/11;2100 UTC;0;1018,1;1018,1;1017,6;2,5;19,8;16,3;20,2;19,8;16,7;16,3;81;80;80;280;2,1;,6;
2026/05/11;2200 UTC;0;1018,9;1018,9;1018,1;;19,6;16,3;19,8;19,6;16,4;16,2;82;80;81;256;2,4;,8;
2026/05/11;2300 UTC;0;1019,5;1019,5;1018,9;;19,6;15,7;19,8;19,5;16,4;15,7;82;78;78;264;3,4;,9;
2026/05/12;0000 UTC;0;1019,7;1019,8;1019,4;;19,3;15,7;19,6;19,3;15,7;15,6;79;78;79;270;2,1;,8;
2026/05/12;0100 UTC;0;1020,1;1020,2;1019,7;;19,1;15,6;19,4;19,1;15,8;15,6;80;79;80;269;3,2;1,1;
2026/05/12;0200 UTC;0;1019,9;1020,2;1019,8;;19,2;15,5;19,2;19,1;15,6;15,5;80;79;79;264;3,2;,8;
2026/05/12;0300 UTC;0;1019,7;1019,9;1019,7;;19;15,4;19,3;18,9;15,5;15,3;80;78;80;276;2,9;,9;
2026/05/12;0400 UTC;0;1019,5;1019,7;1019,4;;18,9;15,4;19,1;18,9;15,5;15,4;81;79;80;250;3,1;1,5;
2026/05/12;0500 UTC;0;1019,3;1019,6;1019,3;;18,6;15,4;19;18,6;15,5;15,4;82;80;82;261;3,1;1,3;
2026/05/12;0600 UTC;0;1019,1;1019,3;1019,1;;17,4;15;18,6;17,4;15,5;15;86;82;86;261;3,6;1,2;
2026/05/12;0700 UTC;0;1019,1;1019,2;1019;;16,1;14,4;17,4;16,1;15,1;14,4;90;86;90;256;3,5;,8;
2026/05/12;0800 UTC;0;1019,2;1019,2;1019;;15,2;13,9;16,1;15,2;14,4;13,8;92;90;92;294;2,4;,5;
2026/05/12;0900 UTC;0;1019,9;1019,9;1019,2;;14,6;13,5;15,3;14,6;14,1;13,5;93;92;93;272;1,9;,6;
2026/05/12;1000 UTC;0;1020,6;1020,6;1019,9;141,6;15,8;14,9;15,8;14,5;14,9;13,5;94;93;94;327;1,8;,7;
2026/05/12;1100 UTC;0;1021,2;1021,2;1020,6;741,5;19,8;15,9;19,8;15,8;15,9;15;94;78;78;290;2,8;1;
2026/05/12;1200 UTC;0;1021,3;1021,3;1021,1;1478,7;22,4;14,8;22,7;19,6;16;14,4;78;61;62;289;3,1;1,2;
2026/05/12;1300 UTC;0;1021,2;1021,4;1021,2;2082,5;23,8;13,4;24,2;22,4;15,1;12,4;63;49;52;263;4,3;1,5;
2026/05/12;1400 UTC;0;1020,2;1021,2;1020,2;2498,8;24,3;12,3;25;23,8;14;11,6;52;44;47;247;4,9;1,8;
2026/05/12;1500 UTC;0;1019,1;1020,2;1019;2742,8;25,3;13,8;25,5;23,6;14,5;12,3;51;47;49;273;4,7;1,3;
2026/05/12;1600 UTC;0;1018;1019,1;1018;2350,6;24,8;12,7;25,8;24;14,1;12,6;52;45;47;224;4,7;1,7;
2026/05/12;1700 UTC;0;1017,3;1018;1017,3;1164,4;24,3;13,7;25,4;24,2;14,1;12,2;53;46;52;136;4;2,3;
2026/05/12;1800 UTC;0;1017;1017,3;1017;865,2;23,7;14,2;24,3;23,4;14,4;13,6;56;51;55;169;5,1;2,6;
2026/05/12;1900 UTC;0;1017,4;1017,4;1017;647,5;22,8;14,5;23,9;22,7;14,6;13,7;60;54;60;151;4,6;2,4;
2026/05/12;2000 UTC;0;1017,7;1017,8;1017,3;205;21,6;14,5;22,8;21,6;14,7;14,2;64;59;64;163;4,3;1,4;
2026/05/12;2100 UTC;0;1018;1018;1017,7;5,9;21;14,7;21,6;21;14,9;14,4;68;64;67;136;3,5;,6;
2026/05/12;2200 UTC;0;1018,2;1018,2;1018;;20,2;15,6;21;20,2;15,6;14,7;75;67;75;18;1,4;,8;
2026/05/12;2300 UTC;0;1018,8;1018,8;1018,2;;19,8;16;20,2;19,8;16;15,6;79;75;79;305;1,1;,4;
2026/05/13;0000 UTC;0;1019;1019,1;1018,8;;19,5;16,4;19,8;19,5;16,5;16;83;79;82;295;,9;,4;
2026/05/13;0100 UTC;0;1019;1019,1;1019;;19,4;16,4;19,5;19,3;16,5;16,4;83;82;83;276;1,1;,4;
2026/05/13;0200 UTC;0;1018,7;1019;1018,7;;19,2;16,6;19,4;19,2;16,7;16,4;85;83;85;294;1;,6;
2026/05/13;0300 UTC;0;1018,1;1018,7;1018,1;;19,1;16,5;19,2;19;16,6;16,3;85;84;85;289;1;,4;
2026/05/13;0400 UTC;0;1017,6;1018,1;1017,5;;18,6;16,6;19,1;18,6;16,8;16,5;88;85;88;278;,9;,5;
2026/05/13;0500 UTC;0;1017;1017,6;1017;;17,1;15,8;18,6;17,1;16,6;15,7;92;88;92;350;1,2;,5;
2026/05/13;0600 UTC;0;1016,6;1017;1016,6;;16,2;15,2;17,1;16,2;15,7;15,2;93;92;93;255;1,3;,5;
2026/05/13;0700 UTC;0;1016,3;1016,6;1016,3;;15,7;14,8;16,3;15,7;15,2;14,8;94;93;94;275;,8;,2;
2026/05/13;0800 UTC;0;1016,4;1016,5;1016,3;;15,4;14,6;15,7;15,3;14,8;14,5;95;94;95;294;1;,1;
2026/05/13;0900 UTC;0;1016,7;1016,7;1016,4;;14,9;14,2;15,4;14,8;14,6;14,1;96;95;96;37;,6;,2;
2026/05/13;1000 UTC;0;1017,3;1017,3;1016,7;101;15,6;15;15,6;14,8;15;14,1;96;96;96;302;1,1;,4;
2026/05/13;1100 UTC;0;1017,8;1017,8;1017,3;713,8;19,1;17,7;19,1;15,6;17,8;15,1;96;91;91;306;1,3;,5;
2026/05/13;1200 UTC;0;1017,9;1018;1017,6;1421,4;22;16,2;22,2;19,1;17,9;16,2;91;70;70;71;1,7;,6;
2026/05/13;1300 UTC;0;1017,6;1017,9;1017,6;2021,2;24,1;16,8;24,4;21,9;17;15,9;72;63;64;76;2,4;1;
2026/05/13;1400 UTC;0;1016,6;1017,6;1016,6;2410;25,9;17,5;25,9;23,7;17,7;16,5;65;60;60;230;4;,8;
2026/05/13;1500 UTC;0;1015,7;1016,6;1015,6;2589,4;27;17,4;27,3;25,3;18,1;17;62;55;56;102;4,8;2;
2026/05/13;1600 UTC;0;1014,6;1015,7;1014,6;2553,5;28,1;17,9;28,1;26,8;18,1;17,2;57;53;54;56;4,8;1,7;
2026/05/13;1700 UTC;0;1013,9;1014,6;1013,9;2273;29,5;18,6;29,6;27,8;18,8;17,6;56;50;52;65;3,3;1;
2026/05/13;1800 UTC;0;1013,7;1013,9;1013,6;1755,4;29,1;18,2;29,8;28,8;18,9;17,9;53;50;52;126;3,5;1,3;
2026/05/13;1900 UTC;0;1014;1014;1013,6;1048,6;27,4;18,8;30,1;27,4;19,4;18;60;50;60;104;4,5;2,9;
2026/05/13;2000 UTC;0;1014,6;1014,6;1014;162,9;25,4;19;27,4;25,4;19,1;18,8;68;60;68;113;4,5;1,1;
2026/05/13;2100 UTC;0;1015,3;1015,3;1014,6;5,9;23,3;19,3;25,4;23;19,3;19;79;68;79;138;2,6;,7;
2026/05/13;2200 UTC;0;1016;1016;1015,3;;21,4;19;23,3;21,4;19,4;19;86;78;86;235;1,6;,6;
2026/05/13;2300 UTC;0;1016,6;1016,6;1016;;20,5;19;21,4;20,5;19,1;18,8;91;86;91;225;1,6;1;
2026/05/14;0000 UTC;0;1017,1;1017,1;1016,6;;20,1;18,9;20,5;19,9;18,9;18,6;93;91;93;230;1,6;,7;
2026/05/14;0100 UTC;0;1017;1017,1;1016,9;;20;18,8;20,2;20;19,1;18,8;93;93;93;358;1,6;,3;
2026/05/14;0200 UTC;0;1016,7;1017;1016,7;;19,4;18,5;20;19,4;18,9;18,4;95;93;95;212;1,4;,4;
2026/05/14;0300 UTC;0;1016;1016,7;1016;;19;18,3;19,4;19;18,5;18,2;95;94;95;341;1,3;,3;
2026/05/14;0400 UTC;0;1015,6;1016;1015,6;;18,8;18,2;19,1;18,8;18,4;18,1;96;95;96;313;1,9;,6;
2026/05/14;0500 UTC;0;1015,3;1015,6;1015,2;;18,5;17,9;18,9;18,4;18,3;17,9;96;96;96;319;1;,4;
2026/05/14;0600 UTC;0;1014,9;1015,3;1014,9;;18,2;17,7;18,5;18,2;17,9;17,7;97;96;97;278;,7;,3;
2026/05/14;0700 UTC;0;1015,2;1015,3;1014,9;;18,1;17,7;18,2;18;17,8;17,5;97;97;97;54;1,3;,5;
2026/05/14;0800 UTC;0;1015,2;1015,2;1015;;17,6;17,2;18,2;17,6;17,8;17,2;98;97;98;237;1,3;,3;
2026/05/14;0900 UTC;0;1015,7;1015,7;1015,2;;17,6;17,3;17,7;17,5;17,4;17,2;98;98;98;193;,7;,1;
2026/05/14;1000 UTC;0;1016,3;1016,3;1015,7;66,5;17,8;17,7;17,8;17,3;17,7;17,2;99;98;99;259;2,3;,5;
2026/05/14;1100 UTC;0;1016,5;1016,6;1016,3;669,1;20,4;20,4;20,4;17,8;20,4;17,7;100;99;100;252;1,1;,4;
2026/05/14;1200 UTC;0;1016,9;1016,9;1016,5;1254,5;23,5;20,8;23,5;20,4;22,1;20,4;100;85;85;111;1,7;,6;
2026/05/14;1300 UTC;0;1016,7;1017;1016,7;1820,6;25,6;19,7;25,6;23,5;21,1;18,8;85;69;70;34;2,4;1,1;
2026/05/14;1400 UTC;0;1016,1;1016,7;1016,1;2436,5;27,4;19,9;27,6;25,2;20,3;18,6;70;64;64;67;2,9;1,4;
2026/05/14;1500 UTC;0;1015,2;1016,1;1015,2;2465,4;27,8;20,1;28,3;26,6;20,6;19,5;66;61;63;173;3,2;1,4;
2026/05/14;1600 UTC;0;1014,7;1015,2;1014,7;2196,7;28,4;20,2;29,5;27,4;20,9;19,6;64;58;61;229;5,1;,8;
2026/05/14;1700 UTC;0;1014,4;1014,7;1014,4;1539,9;28,6;20,3;29,7;28,3;20,9;19,4;62;57;61;225;3,2;1,2;
2026/05/14;1800 UTC;0;1014,5;1014,6;1014,4;1032,9;27,2;20,9;28,6;27,1;21,1;20,4;69;61;69;180;4,3;2;
2026/05/14;1900 UTC;0;1014,7;1014,7;1014,5;554,3;25,9;20,5;27,3;25,9;21,1;20,4;72;68;72;142;3,8;1,6;
2026/05/14;2000 UTC;0;1015;1015;1014,7;193,7;24,5;20,2;25,9;24,5;20,6;20,2;77;72;77;151;3,4;1,1;
2026/05/14;2100 UTC;0;1015,4;1015,4;1015;3,4;23,3;20,1;24,5;23,3;20,2;20,1;83;77;83;198;2,8;,7;
2026/05/14;2200 UTC;0;1016,2;1016,2;1015,4;;22,5;20,2;23,3;22,4;20,2;20;87;83;87;317;1,6;,4;
2026/05/14;2300 UTC;0;1016,7;1016,7;1016,2;;22,9;20,1;22,9;22,5;20,4;20,1;87;84;84;93;,9;,3;
2026/05/15;0000 UTC;0;1017,1;1017,1;1016,7;;22,7;20,2;22,9;22,7;20,3;20;86;83;86;268;1,2;,4;
2026/05/15;0100 UTC;0;1017,1;1017,1;1017;;22,8;20,2;22,9;22,6;20,2;20,1;86;85;85;113;1,1;,6;
2026/05/15;0200 UTC;0;1017,3;1017,3;1017,1;;22,5;20,3;22,8;22,5;20,3;20,1;88;85;88;281;1,4;,5;
2026/05/15;0300 UTC;0;1016,9;1017,3;1016,9;;22,4;20,4;22,5;22,4;20,4;20,3;88;88;88;315;1,3;,3;
2026/05/15;0400 UTC;0;1016,3;1016,9;1016,3;;22,3;20,4;22,5;22,3;20,5;20,4;89;88;89;304;1,8;,5;
2026/05/15;0500 UTC;0;1016;1016,3;1015,9;;22,3;20,5;22,3;22,2;20,5;20,4;90;89;90;293;1,5;,6;
2026/05/15;0600 UTC;0;1015,3;1016;1015,3;;22,2;20,6;22,3;22,2;20,6;20,5;91;90;91;286;1,3;,4;
2026/05/15;0700 UTC;0;1015,2;1015,4;1015,2;;22,2;20,8;22,2;22,1;20,8;20,6;92;91;92;39;1;,5;
2026/05/15;0800 UTC;0;1015,3;1015,3;1015,1;;22,1;20,8;22,2;22,1;20,9;20,8;92;92;92;293;1,2;,4;
2026/05/15;0900 UTC;0;1015,8;1015,8;1015,2;;22,1;20,9;22,2;22,1;20,9;20,8;93;92;93;275;1;,2;
2026/05/15;1000 UTC;0;1016;1016;1015,8;39,5;22,1;21,2;22,1;22;21,2;20,9;94;93;94;37;1,5;,9;
2026/05/15;1100 UTC;0;1016,4;1016,4;1015,9;282,6;23;21;23,1;22,1;21,5;21;94;88;88;289;1,7;,3;
2026/05/15;1200 UTC;0;1016,9;1016,9;1016,4;294,4;23,5;21;23,5;23;21,1;20,7;88;85;86;53;1;,3;
2026/05/15;1300 UTC;0;1017,2;1017,4;1016,9;343,6;23,7;21,1;23,7;23,1;21,2;20,6;87;84;85;181;2,3;,9;
2026/05/15;1400 UTC;0;1016,4;1017,2;1016,4;768,6;25,2;20,8;25,2;23,7;21,3;20,6;85;77;77;297;2;,8;
2026/05/15;1500 UTC;0;1015,9;1016,4;1015,8;998,7;26;20,7;26,2;25,1;21;20;77;70;73;234;2,6;1;
2026/05/15;1600 UTC;0;1015,1;1015,9;1015,1;961,9;26,7;20,4;26,8;25,9;21,1;20,1;73;68;69;247;4,6;1,9;
2026/05/15;1700 UTC;0;1014,8;1015,1;1014,8;834,2;25,9;20,1;26,6;25,7;20,4;19,7;71;68;71;246;5,7;1,9;
2026/05/15;1800 UTC;0;1014,7;1014,8;1014,5;536;25,6;20,1;26,1;25,5;20,6;19,6;73;69;72;260;4,9;1,4;
2026/05/15;1900 UTC;0;1015;1015;1014,6;369,6;25;20,1;25,8;24,9;20,2;19,7;74;70;74;248;4,3;1,6;
2026/05/15;2000 UTC;0;1015,4;1015,4;1015;93,3;24,4;20,1;25;24,4;20,2;20;77;74;77;234;3,6;1,9;
2026/05/15;2100 UTC;0;1015,8;1015,8;1015,4;3,6;23,4;20;24,4;23,4;20;19,8;81;77;81;267;4;1,1;
2026/05/15;2200 UTC;0;1016,3;1016,3;1015,8;;23,3;19,8;23,4;23,2;20;19,8;82;81;81;237;2,7;1,1;
2026/05/15;2300 UTC;0;1016,9;1016,9;1016,3;;23,1;19,6;23,4;23,1;19,8;19,5;81;80;81;251;4;1,6;
2026/05/16;0000 UTC;0;1017;1017,1;1016,9;;22,7;19,5;23,1;22,7;19,6;19,4;82;80;82;288;4,4;1;
2026/05/16;0100 UTC;0;1016,7;1017;1016,7;;22,2;19,4;22,7;22,2;19,6;19,4;85;82;84;245;2,8;,8;
2026/05/16;0200 UTC;0;1016,9;1017,2;1016,7;;21,7;19,4;22,2;21,7;19,5;19,3;87;84;87;253;2,2;,8;
2026/05/16;0300 UTC;0;1016,1;1016,9;1016,1;;20,8;19,1;21,7;20,8;19,4;19;90;87;90;62;1,8;,5;
2026/05/16;0400 UTC;0;1015,6;1016,1;1015,6;;21;19,5;21;20,8;19,5;19,1;91;90;91;341;2,1;,4;
2026/05/16;0500 UTC;0;1014,8;1015,7;1014,8;;20,8;19,4;21,1;20,8;19,6;19,4;92;91;92;266;1,2;,5;
2026/05/16;0600 UTC;0;1014,4;1014,8;1014,4;;20,6;19,5;20,9;20,6;19,7;19,4;93;92;93;63;1,2;,3;
2026/05/16;0700 UTC;0;1014,1;1014,4;1014;;20,3;19,4;20,6;20,3;19,5;19,3;94;93;94;208;1,3;,4;
2026/05/16;0800 UTC;0;1014,3;1014,4;1014,1;;19,5;18,8;20,3;19,5;19,4;18,7;95;94;95;256;1,1;,3;
2026/05/16;0900 UTC;0;1014,6;1014,6;1014,3;;18,9;18,2;19,5;18,9;18,8;18,2;96;95;96;235;1;,5;
2026/05/16;1000 UTC;0;1015,1;1015,2;1014,6;39,7;18,9;18,4;18,9;18,7;18,4;18,1;97;96;97;324;1,1;,4;
2026/05/16;1100 UTC;0;1015,6;1015,6;1015;639,4;22,3;21,2;22,3;18,9;21,6;18,5;97;93;93;227;1,5;,7;
2026/05/16;1200 UTC;0;1016,4;1016,4;1015,6;1331,7;25,3;19,8;25,6;22,3;21,2;19,6;93;71;72;242;1,8;,9;
2026/05/16;1300 UTC;0;1016,4;1016,6;1016,4;1930,6;26,5;19,5;27,1;24,8;20,2;19,3;73;65;66;175;2,8;1;
2026/05/16;1400 UTC;0;1015,9;1016,4;1015,9;1987,7;27,4;19,6;28,5;26,3;20,4;19,1;67;60;63;211;2,9;1;
2026/05/16;1500 UTC;0;1015,2;1015,9;1015,2;1903,7;29,3;20;29,3;27,3;20,2;19;63;57;57;157;3,1;1;
2026/05/16;1600 UTC;0;1014,5;1015,2;1014,5;1951,7;29;18,9;29,4;28,2;20,1;18,3;59;54;55;69;3,3;1,3;
2026/05/16;1700 UTC;0;1014,1;1014,6;1014;1648,3;28,3;19,6;29,9;28,3;20,2;18,9;60;53;59;125;3,6;2,1;
2026/05/16;1800 UTC;0;1014,2;1014,2;1014;819,7;27,9;20,3;28,5;27,9;20,7;19,6;64;59;63;153;3,4;1,8;
2026/05/16;1900 UTC;0;1014,2;1014,2;1013,9;432,7;26,8;20,6;27,9;26,8;20,7;20,1;69;63;69;117;3,4;1,5;
2026/05/16;2000 UTC;0;1014,7;1014,7;1014,2;129,1;25,4;20,6;26,8;25,4;20,9;20,5;75;69;75;146;3,2;1,4;
2026/05/16;2100 UTC;0;1015,2;1015,2;1014,7;,5;24,1;20,3;25,4;24,1;20,7;20,3;79;75;79;134;2,4;1,2;
2026/05/16;2200 UTC;0;1015,5;1015,5;1015,1;;23,4;19,9;24,1;23,4;20,3;19,9;82;79;81;32;2,3;,6;
2026/05/16;2300 UTC;0;1015,9;1016;1015,5;;22,3;19,9;23,4;22,3;19,9;19,8;86;80;86;179;1,2;,3;
2026/05/17;0000 UTC;0;1016;1016,2;1015,9;;22,3;20,2;22,4;22,2;20,3;19,9;88;86;88;294;1;,4;
2026/05/17;0100 UTC;0;1016,1;1016,2;1016;,6;22,8;20,8;22,9;22,3;20,9;20,2;89;88;89;44;1,4;,7;
2026/05/17;0200 UTC;0;1016,3;1016,4;1016;;22,8;21;22,9;22,7;21;20,7;90;89;89;159;1,9;,5;
2026/05/17;0300 UTC;0;1015,7;1016,3;1015,7;;22,5;20,9;22,9;22,5;21;20,8;91;89;91;50;1,2;,6;
2026/05/17;0400 UTC;0;1014,8;1015,7;1014,8;;21,8;20,3;22,5;21,8;20,9;20,2;91;90;91;102;1,7;,6;
2026/05/17;0500 UTC;0;1014,6;1015;1014,5;;21;19,8;21,8;21;20,3;19,8;93;91;93;239;1,7;,5;
2026/05/17;0600 UTC;0;1014,4;1014,6;1014,4;;20,6;19,8;21;20,5;19,8;19,6;95;93;95;270;1,5;,5;
2026/05/17;0700 UTC;0;1013,9;1014,5;1013,9;;20,2;19,5;20,7;20,2;19,8;19,5;96;95;96;233;1,1;,5;
2026/05/17;0800 UTC;0;1014,3;1014,3;1013,6;;20,1;19,6;20,4;20,1;19,7;19,5;96;96;96;250;1,2;,8;
2026/05/17;0900 UTC;0;1014,3;1014,5;1014,3;;20,4;20,4;20,4;20,1;20,4;19,6;100;96;100;255;1,6;,2;
2026/05/17;1000 UTC;0;1014,9;1014,9;1014,3;29,7;20,8;20,5;20,8;20,4;20,5;20,4;100;98;98;245;1,1;,5;
2026/05/17;1100 UTC;0;1015,2;1015,3;1014,9;96,9;20,9;20,5;21;20,8;20,6;20,4;98;98;98;268;1,7;,7;
2026/05/17;1200 UTC;0;1015,4;1015,4;1015,1;368,5;21,3;21;21,4;20,8;21,1;20,5;99;98;98;188;1,7;,6;
2026/05/17;1300 UTC;0;1015,2;1015,5;1015,2;757,1;23,1;22;23,1;21,3;22,1;21;98;93;93;337;1,9;,7;
2026/05/17;1400 UTC;0;1014,4;1015,2;1014,4;1215,3;25,6;21,5;25,6;23,1;22,1;20,9;93;78;78;331;2;1;
2026/05/17;1500 UTC;0;1013,5;1014,4;1013,5;2518,4;28,1;20,6;28,1;25,5;21,8;20,4;78;64;64;62;2,4;1,1;
2026/05/17;1600 UTC;0;1012,3;1013,5;1012,3;2327,1;28,5;19,9;29,4;27,9;21,3;19,9;65;58;60;298;2,7;,8;
2026/05/17;1700 UTC;0;1011,4;1012,3;1011,4;1930,9;29,8;19,7;30,7;28,4;20,8;19,5;60;54;55;179;2,3;1,1;
2026/05/17;1800 UTC;0;1011,1;1011,4;1011,1;1370,1;30,6;20,1;31;29,6;21;19,3;57;53;54;108;2,5;1,2;
2026/05/17;1900 UTC;0;1011,3;1011,3;1011,1;675,7;28,7;21,6;30,6;28,7;21,9;19,9;66;54;66;79;2,6;1,3;
2026/05/17;2000 UTC;0;1012,1;1012,1;1011,3;156,2;26,8;22,6;29;26,7;22,8;21,5;79;64;78;198;2,3;,9;
2026/05/17;2100 UTC;0;1012,6;1012,6;1012,1;,6;24,2;21,7;26,8;24,2;22,6;21,7;86;78;86;305;1,9;,7;
2026/05/17;2200 UTC;0;1013;1013;1012,6;;23,2;21,6;24,2;23,2;21,9;21,6;91;86;91;49;1,1;,3;
2026/05/17;2300 UTC;0;1013,8;1013,8;1013;;22,8;21,4;23,2;22,7;21,8;21,4;92;91;92;220;1,2;,5;
2026/05/18;0000 UTC;0;1014,3;1014,3;1013,8;;22,4;21,4;22,8;22,3;21,4;21,2;94;92;94;270;1,2;,3;
2026/05/18;0100 UTC;0;1014,5;1014,5;1014,1;;22,1;21,2;22,4;22,1;21,4;21,2;95;94;95;262;1,2;,8;
2026/05/18;0200 UTC;0;1014,7;1014,8;1014,3;;22,1;21,4;22,2;22;21,4;21,2;96;95;96;330;1,6;,6;
2026/05/18;0300 UTC;0;1014,8;1014,8;1014,4;;21,9;21,2;22,1;21,8;21,4;21,2;96;96;96;303;1,6;,5;
2026/05/18;0400 UTC;0;1014,2;1014,8;1014,2;;21,7;21,1;21,9;21,6;21,3;21;97;96;97;231;1,3;,4;
2026/05/18;0500 UTC;0;1013,6;1014,2;1013,6;;21,4;20,9;21,8;21,4;21,3;20,9;97;97;97;244;1,5;,4;
2026/05/18;0600 UTC;0;1013,2;1013,6;1013,2;;21,4;21;21,4;21;21;20,5;98;97;98;6;1,1;,6;
2026/05/18;0700 UTC;0;1013,1;1013,3;1013;;21,3;21;21,4;21,2;21;20,9;98;98;98;340;1,1;,3;
2026/05/18;0800 UTC;0;1012,8;1013,2;1012,7;;21,4;20,9;21,6;21,3;21,3;20,9;98;97;97;360;1,5;,4;
2026/05/18;0900 UTC;0;1013,6;1013,6;1012,8;;21,6;21,3;21,6;21,3;21,3;20,8;98;97;98;81;1,5;,3;
2026/05/18;1000 UTC;0;1014,5;1014,5;1013,6;44,4;21,6;21,4;21,7;21,5;21,4;21,2;98;98;98;320;1;,5;
2026/05/18;1100 UTC;0;1014,9;1014,9;1014,4;292,7;22,9;22,7;22,9;21,6;22,7;21,4;99;98;99;316;1;,4;
2026/05/18;1200 UTC;0;1015,6;1015,6;1014,9;604,2;24,3;23,5;24,3;22,8;23,5;22,6;99;95;95;162;1,2;,4;
2026/05/18;1300 UTC;0;1015,4;1015,6;1015,3;1358,6;26,8;22,3;26,8;24,1;23,4;21,9;95;76;76;226;2,2;1;
2026/05/18;1400 UTC;0;1014,9;1015,4;1014,9;1574,7;27,4;21,8;27,9;26;22,5;21,3;77;71;71;228;4;1,5;
2026/05/18;1500 UTC;0;1014,6;1014,9;1014,6;1479,8;28;22,3;28,4;27,4;22,3;21,6;72;68;71;180;3,7;1,4;
2026/05/18;1600 UTC;0;1014,3;1014,7;1014,3;925,3;28,3;21,3;28,8;28;22,4;20,8;71;64;66;132;3,5;2;
2026/05/18;1700 UTC;0;1014;1014,3;1013,9;618,6;27,4;21;28,4;27,4;21,6;20,8;69;65;68;162;4,5;2,2;
2026/05/18;1800 UTC;0;1014,5;1014,5;1014;338,9;26;20,2;27,5;26;20,9;20;71;66;70;204;5,2;1,9;
2026/05/18;1900 UTC;0;1014,6;1014,6;1014,3;344,5;25,9;19,7;26;25,8;20,4;19,5;72;68;69;232;3,9;,9;
2026/05/18;2000 UTC;0;1015,1;1015,1;1014,6;172,1;24,8;19,7;25,9;24,8;19,8;19,2;73;67;73;195;2,7;,9;
2026/05/18;2100 UTC;0;1015,4;1015,4;1015,1;,5;23,1;20,2;24,8;23,1;20,3;19,7;84;73;84;298;2;,3;
2026/05/18;2200 UTC;0;1016,2;1016,3;1015,4;;22,6;20,1;23,1;22,6;20,3;20;86;84;86;321;1,3;,4;
2026/05/18;2300 UTC;0;1016,4;1016,4;1016;;22,4;20;22,9;22,4;20,3;19,8;86;84;86;301;1,2;,4;
2026/05/19;0000 UTC;0;1016,6;1016,6;1016,2;;22,4;19,9;22,5;22,3;20,1;19,8;87;86;86;209;1,5;,8;
2026/05/19;0100 UTC;0;1017,2;1017,3;1016,3;;22,3;20,2;22,4;22,1;20,2;19,8;88;86;88;226;2;1,3;
2026/05/19;0200 UTC;0;1017,1;1017,2;1017,1;,1;22,4;20,5;22,4;22,2;20,5;20,1;89;88;89;200;2;,4;
2026/05/19;0300 UTC;0;1016,9;1017,1;1016,9;;22,5;20,4;22,6;22,4;20,6;20,4;89;88;88;92;1,9;,3;
2026/05/19;0400 UTC;0;1016,6;1016,9;1016,5;;22,5;20,6;22,6;22,4;20,6;20,4;89;88;89;213;1,2;,6;
2026/05/19;0500 UTC;0;1015,9;1016,6;1015,9;;22,3;20,6;22,5;22,2;20,6;20,5;91;89;91;27;1,2;,3;
2026/05/19;0600 UTC;0;1015,7;1016,1;1015,7;;22,3;20,5;22,4;22,1;20,7;20,4;91;89;89;96;2,3;,7;
2026/05/19;0700 UTC;0;1015,3;1015,8;1015,3;;21,9;20,3;22,3;21,9;20,5;20,3;91;89;91;312;1,5;,5;
2026/05/19;0800 UTC;0;1015,6;1015,7;1015,3;;21,8;20,2;22,1;21,8;20,5;20,2;91;90;91;220;1,6;,3;
2026/05/19;0900 UTC;0;1016;1016;1015,6;;21,6;20,2;21,9;21,6;20,3;20,2;92;91;92;291;1,2;,3;
2026/05/19;1000 UTC;0;1016,6;1016,6;1016;54,1;21,7;20,5;21,7;21,4;20,5;20,2;93;92;93;301;1,1;,4;
2026/05/19;1100 UTC;0;1017,3;1017,3;1016,6;307,2;22,9;20,9;22,9;21,7;21;20,5;93;89;89;237;1,3;,4;
2026/05/19;1200 UTC;0;1018,2;1018,3;1017,3;422;23,8;20,9;23,8;22,9;21,1;20,7;88;84;84;318;2;,7;
2026/05/19;1300 UTC;0;1018,2;1018,4;1018;559,1;24,5;20,6;24,5;23,6;20,9;20,3;84;78;79;212;2,5;1,1;
2026/05/19;1400 UTC;0;1017,7;1018,3;1017,7;567,8;25;20,6;25,1;24,5;20,9;20,1;79;76;77;283;2,5;,7;
2026/05/19;1500 UTC;0;1016,9;1017,7;1016,9;1218,2;25,9;20,4;26,8;25;21,1;20,1;77;69;72;280;2,5;1,1;
2026/05/19;1600 UTC;0;1016,4;1017;1016,4;509,3;25,5;20,6;25,9;25,2;20,7;20;74;71;74;266;4,1;1,2;
2026/05/19;1700 UTC;0;1016,1;1016,5;1016,1;560,8;25,8;20,7;25,8;25,2;20,9;20,1;75;72;73;277;3,4;1;
2026/05/19;1800 UTC;0;1016,2;1016,2;1015,9;349,7;24,9;20,4;25,9;24,8;20,9;20,3;78;72;76;252;3,1;1,5;
2026/05/19;1900 UTC;0;1016,5;1016,5;1016,1;128,8;24,1;19,9;24,9;24,1;20,3;19,8;78;76;77;284;3,9;1,3;
2026/05/19;2000 UTC;0;1017,2;1017,2;1016,5;43,8;23,1;20;24,1;23,1;20;19,7;82;77;82;248;5,3;2,8;
2026/05/19;2100 UTC;0;1017,5;1017,5;1017,2;;22,6;20,2;23,1;22,5;20,3;20;87;82;86;249;5,3;1,8;
2026/05/19;2200 UTC;0;1017,7;1017,9;1017,5;;22,6;20;22,8;22,6;20,2;20;86;85;85;278;3,6;,9;
2026/05/19;2300 UTC;0;1018,4;1018,5;1017,7;;22,4;20,1;22,7;22,3;20,1;19,9;87;85;87;260;4;1;
2026/05/20;0000 UTC;0;1018,8;1018,8;1018,3;;22,6;19,9;22,6;22,4;20,1;19,9;87;85;85;240;3,3;1,5;
2026/05/20;0100 UTC;0;1019,1;1019,2;1018,8;;22,3;19,9;22,6;22,3;19,9;19,8;86;85;86;274;3,6;1,3;
2026/05/20;0200 UTC;0;1019,1;1019,1;1018,8;;21,7;19,9;22,3;21,7;20;19,9;90;86;90;283;3,3;,8;
2026/05/20;0300 UTC;0;1018,7;1019,2;1018,5;;21,4;20,2;21,7;21,4;20,2;19,9;93;90;93;257;2,3;,7;
2026/05/20;0400 UTC;0;1018,4;1018,8;1018,3;;21,3;20,1;21,5;21,2;20,3;20;93;92;93;302;3,2;,8;
2026/05/20;0500 UTC;0;1018,1;1018,5;1017,9;;21,4;20;21,6;21,2;20,3;20;93;92;92;279;2,7;,6;
2026/05/20;0600 UTC;0;1017,5;1018,2;1017,3;;21,3;19,9;21,5;21,2;20,1;19,8;92;91;91;284;2,3;,7;
2026/05/20;0700 UTC;0;1016,9;1017,5;1016,7;;21;19,5;21,6;21;20;19,5;92;90;92;298;3,8;,9;
2026/05/20;0800 UTC;0;1016,7;1017,1;1016,5;;20,9;19,6;21,2;20,9;19,8;19,5;92;91;92;321;2,1;,4;
2026/05/20;0900 UTC;0;1017;1017,2;1016,6;;20,8;19,5;20,9;20,8;19,6;19,5;92;92;92;237;1,4;,2;
2026/05/20;1000 UTC;0;1017,3;1017,4;1017;20;21,1;19,7;21,1;20,8;19,8;19,5;93;92;92;329;1,5;,4;
2026/05/20;1100 UTC;0;1017,7;1017,9;1017,4;140,9;21,8;20,1;21,8;21,1;20,1;19,7;92;90;90;231;2,1;,7;
2026/05/20;1200 UTC;6,2;1018,3;1018,4;1017,7;124,8;21,1;19,7;22;21,1;20,2;19,7;92;89;92;250;2,6;1,2;
2026/05/20;1300 UTC;27,2;1018,9;1020;1018,1;26,9;20,5;19,7;21,1;20,5;19,9;19,5;95;92;95;321;5,5;1,8;
2026/05/20;1400 UTC;2,2;1018,5;1019,3;1018,2;85,8;19,9;19,2;20,5;19,4;19,6;18,6;96;95;96;224;5,2;1,2;
2026/05/20;1500 UTC;1,4;1018,2;1018,5;1017,5;142,1;20,1;19,3;20,4;19,9;19,7;19,3;96;95;96;279;3,7;1,1;
2026/05/20;1600 UTC;2,8;1017;1018,2;1017;132;20,2;19,5;20,3;20;19,6;19,3;96;95;96;64;3,5;,6;
2026/05/20;1700 UTC;1,2;1017;1017,2;1016,8;185,3;20,5;19,8;20,5;20,2;19,8;19,5;96;96;96;290;2;,5;
2026/05/20;1800 UTC;0;1017,2;1017,3;1016,7;373,4;21;20,2;21;20,4;20,3;19,7;96;95;96;294;3;,9;
2026/05/20;1900 UTC;,2;1017,1;1017,5;1017;280;21;20,1;21,4;20,9;20,6;20;96;94;95;254;3,8;1,4;
2026/05/20;2000 UTC;0;1017,4;1017,6;1017,1;140,8;20,9;20,1;21;20,9;20,2;19,9;95;95;95;297;3,3;1;
2026/05/20;2100 UTC;0;1017,6;1017,8;1017,4;4,3;20,6;19,9;20,9;20,5;20,1;19,8;96;95;96;257;2,3;,7;
2026/05/20;2200 UTC;0;1018,1;1018,2;1017,6;;20,3;19,7;20,6;20,2;19,9;19,6;97;96;97;259;1,4;,5;
2026/05/20;2300 UTC;0;1018,7;1018,8;1018,1;;19,9;19,4;20,3;19,9;19,8;19,4;97;97;97;297;1,4;,5;
2026/05/21;0000 UTC;0;1018,9;1018,9;1018,5;;19,7;19,4;20;19,6;19,6;19,3;98;97;98;228;1,1;,3;
2026/05/21;0100 UTC;0;1018,9;1018,9;1018,6;;19,3;19,2;19,7;19,3;19,5;19,2;99;98;99;267;,9;,4;
2026/05/21;0200 UTC;0;1018,9;1019;1018,8;;19,1;19,1;19,5;19,1;19,4;19,1;100;99;100;118;1;,2;
2026/05/21;0300 UTC;0;1019;1019,1;1018,9;;20,1;20,1;20,1;19,1;20,1;19,1;100;100;100;208;3;,9;
2026/05/21;0400 UTC;1,8;1018,9;1019,2;1018,9;;19,9;;20,3;19,9;;;;;;11;5,8;,8;
2026/05/21;0500 UTC;4,6;1018,5;1019;1018,5;;19,9;19,9;19,9;19,8;;;;;100;315;1,7;,4;
2026/05/21;0600 UTC;1,4;1018,5;1018,5;1018,4;;19,5;19,5;19,9;19,5;19,9;19,5;100;100;100;306;3,5;,5;
2026/05/21;0700 UTC;,8;1018,4;1018,6;1018,4;;19,6;19,6;19,7;19,5;19,7;19,5;100;100;100;319;1,3;,6;
2026/05/21;0800 UTC;0;1018,7;1018,7;1018,4;;19,3;19,3;19,6;19,3;19,6;19,3;100;100;100;274;2,9;,9;
2026/05/21;0900 UTC;,2;1019,5;1019,5;1018,7;;19,2;19,2;19,3;19,1;19,3;19,1;100;100;100;335;3,1;,5;
2026/05/21;1000 UTC;0;1020,2;1020,2;1019,5;13,2;19,2;19,2;19,3;19,1;19,3;19,1;100;100;100;269;2,1;,5;
2026/05/21;1100 UTC;,6;1021;1021;1020,2;184,9;19,8;19,7;19,8;19,2;19,7;19,2;100;100;100;304;1,7;,5;
2026/05/21;1200 UTC;,2;1021,8;1021,8;1021;266,8;20;19,8;20,2;19,8;20,1;19,7;100;99;99;221;2,6;,8;
2026/05/21;1300 UTC;,4;1021,7;1021,9;1021,7;885,2;21,1;20,2;21,1;19,9;20,5;19,7;99;95;95;79;2,8;1,4;
2026/05/21;1400 UTC;0;1021,3;1021,7;1021,3;1254,4;22,1;19,1;22,3;21,1;20,5;19,1;95;83;83;126;2,8;,7;
2026/05/21;1500 UTC;0;1020,8;1021,3;1020,8;1126,8;23,2;19,4;23,2;22;19,6;18,8;83;78;80;227;2,4;1,3;
2026/05/21;1600 UTC;,2;1020,7;1020,8;1020,7;604,6;20,8;19;23,4;20,7;19,6;18,4;90;75;90;195;6;1,8;
2026/05/21;1700 UTC;0;1020,9;1020,9;1020,6;399,6;19,7;18,1;20,9;19,7;19,2;18;91;88;90;176;7,4;2,3;
2026/05/21;1800 UTC;,2;1021,3;1021,3;1020,9;353,5;19,6;18;19,9;19,6;18,3;17,8;91;89;90;258;6,3;1,2;
2026/05/21;1900 UTC;0;1021,6;1021,6;1021,2;261,5;19,6;18,1;19,9;19,5;18,4;18,1;91;90;91;342;2,8;,8;
2026/05/21;2000 UTC;,4;1022,5;1022,5;1021,6;70,3;18,8;17,3;19,6;18,8;18,1;17,3;92;91;91;288;3,1;1,1;
2026/05/21;2100 UTC;0;1022,8;1022,8;1022,5;2;18,4;16,8;18,8;18,4;17,3;16,8;91;90;90;295;3,5;,4;
2026/05/21;2200 UTC;0;1023,7;1023,7;1022,8;;18,5;17;18,6;18,3;17,2;16,8;91;90;91;261;1,6;,7;
2026/05/21;2300 UTC;0;1024;1024;1023,7;;18,3;17;18,6;18,2;17;16,9;92;90;92;314;1,7;,4;
2026/05/22;0000 UTC;0;1024,7;1024,7;1024;;18,6;16,8;18,7;18,2;17;16,8;92;89;89;201;4,3;1,5;
2026/05/22;0100 UTC;0;1024,1;1024,7;1024,1;;18,2;16,9;18,6;18,2;16,9;16,8;92;89;92;285;3,3;,7;
2026/05/22;0200 UTC;0;1023,8;1024,1;1023,8;;18,3;16,7;18,4;18,1;17;16,7;92;91;91;25;1,7;,4;
2026/05/22;0300 UTC;0;1024;1024;1023,8;;18,3;16,8;18,4;18,2;16,9;16,7;92;91;91;277;2,4;1;
2026/05/22;0400 UTC;0;1023,4;1024;1023,4;;18,2;16,9;18,3;18,1;16,9;16,7;92;91;92;325;2,4;,4;
2026/05/22;0500 UTC;0;1023,2;1023,4;1023,1;;18,1;17;18,2;18;17;16,8;93;92;93;265;2,5;,9;
2026/05/22;0600 UTC;0;1022,7;1023,3;1022,6;;18;16,9;18,1;18;17;16,9;93;93;93;314;2,5;,6;
2026/05/22;0700 UTC;0;1022,3;1022,8;1022,3;;18;16,8;18,1;18;17;16,8;93;93;93;273;2,5;,7;
2026/05/22;0800 UTC;0;1022,4;1022,5;1022,3;;18;16,9;18;18;16,9;16,8;93;93;93;349;1,6;,4;
2026/05/22;0900 UTC;0;1023,4;1023,4;1022,4;;18,2;17,2;18,3;17,9;17,3;16,8;94;93;94;125;1,8;,8;
2026/05/22;1000 UTC;0;1023,8;1023,9;1023,4;40;18,3;17,3;18,3;18,2;17,3;17,1;94;93;94;316;1,9;,9;
2026/05/22;1100 UTC;0;1024,6;1024,6;1023,8;113;18,9;17,6;18,9;18,3;17,6;17,3;94;92;92;271;3,6;1,1;
2026/05/22;1200 UTC;0;1025,2;1025,2;1024,6;251,3;19,3;17,5;19,3;18,9;17,6;17,2;92;89;89;232;3,2;,8;
2026/05/22;1300 UTC;0;1025,2;1025,5;1025,2;903,7;21;17,9;21;19,3;17,9;17,3;89;82;82;272;2,2;,8;
2026/05/22;1400 UTC;0;1024,8;1025,2;1024,8;1030,3;21,7;17,7;21,9;21;18,3;17,3;82;78;78;273;2,7;1;
2026/05/22;1500 UTC;0;1024,2;1024,8;1024,2;1154,8;22,5;17,3;22,7;21,6;18,7;17;81;72;73;336;2,3;,6;
2026/05/22;1600 UTC;0;1023,6;1024,2;1023,6;1314,1;22,9;17,3;23,3;22,5;17,9;16,8;74;69;71;90;2,5;,7;
2026/05/22;1700 UTC;0;1023,1;1023,7;1023,1;698,5;22,9;17,4;23;22,5;17,8;16,6;74;69;71;117;2,1;1,1;
2026/05/22;1800 UTC;0;1023,1;1023,1;1022,8;730;21,9;17,2;23,1;21,8;17,9;16,2;77;66;75;107;5,8;2,2;
2026/05/22;1900 UTC;0;1023,2;1023,2;1022,9;148,7;21,2;16,5;21,9;21;17,3;16;77;71;75;90;4,6;,5;
2026/05/22;2000 UTC;0;1023,8;1023,8;1023,2;61,5;20,3;17,8;21,2;20,3;17,8;16,6;85;75;85;47;,9;,2;
2026/05/22;2100 UTC;0;1024,3;1024,3;1023,8;;19,8;18;20,3;19,8;18,2;17,8;89;85;89;249;2,2;,3;
2026/05/22;2200 UTC;0;1024,6;1024,7;1024,3;;20,2;18,2;20,2;19,8;18,3;18;90;88;89;171;1,3;,8;
2026/05/22;2300 UTC;0;1024,6;1024,7;1024,5;;19,5;17,7;20,2;19,5;18,2;17,7;90;88;89;29;2,1;1,2;
2026/05/23;0000 UTC;0;1024,7;1024,9;1024,6;;19,5;17,4;19,5;19,4;17,7;17,4;89;88;88;72;2;,3;
2026/05/23;0100 UTC;0;1024,8;1024,9;1024,6;;18,5;17,1;19,5;18,5;17,4;17;92;88;92;301;1;,3;
2026/05/23;0200 UTC;0;1024,3;1024,9;1024,3;;18,7;17,5;18,8;18,5;17,6;17,1;93;92;93;43;1;,6;
2026/05/23;0300 UTC;0;1024;1024,4;1023,9;;18,7;17,6;18,7;18,6;17,6;17,5;93;93;93;198;1,2;,3;
2026/05/23;0400 UTC;0;1023,8;1024,1;1023,8;;18,5;17,5;18,7;18,4;17,6;17,4;94;93;94;238;1,9;1;
2026/05/23;0500 UTC;0;1023,3;1023,8;1023,1;;18,4;17,4;18,6;18,3;17,6;17,4;94;94;94;301;1,6;,4;
2026/05/23;0600 UTC;0;1022,5;1023,3;1022,5;;17,6;16,8;18,4;17,6;17,5;16,8;95;94;95;17;1,6;,2;
2026/05/23;0700 UTC;0;1022,4;1022,8;1022,4;;17,5;16,9;17,6;17,3;16,9;16,6;96;95;96;281;1,9;,3;
2026/05/23;0800 UTC;0;1022,5;1022,5;1022,3;;17,7;17,1;17,8;17,5;17,2;16,9;96;96;96;272;1,6;,5;
2026/05/23;0900 UTC;0;1022,7;1022,7;1022,5;;17,6;17;17,8;17,5;17,2;16,9;97;96;97;84;1,8;,5;
2026/05/23;1000 UTC;0;1022,5;1022,9;1022,4;91,8;19;18,5;19;17,6;18,5;17;97;97;97;65;4,5;2;
2026/05/23;1100 UTC;0;1022,8;1022,8;1022,5;432,8;20,6;18,6;20,7;19;19,1;18,5;97;88;88;70;4,5;1,6;
2026/05/23;1200 UTC;0;1022,7;1023;1022,7;1173,4;22,1;18,5;22,3;20,6;19,2;18,3;88;80;80;73;6,7;2,6;
2026/05/23;1300 UTC;0;1022,7;1022,9;1022,4;1568,2;23,8;19,1;23,8;22,1;19,1;18,3;81;75;75;61;6,9;1,8;
2026/05/23;1400 UTC;0;1021,8;1022,7;1021,8;2170,9;24,7;18,3;25,1;23,7;19,4;18,3;75;67;67;61;7,2;3,2;
2026/05/23;1500 UTC;0;1021,1;1022;1021,1;2336;25;18,7;25,4;24,5;19,3;17,9;70;65;68;87;8,6;3,7;
2026/05/23;1600 UTC;0;1020,3;1021,1;1020,3;2265,9;26;19,1;26,2;24,9;19,3;18,2;69;64;66;87;8,6;3,3;
2026/05/23;1700 UTC;0;1019,8;1020,3;1019,6;1902,2;25,3;18,9;26;24,9;19,3;18,3;70;64;68;82;7,5;3,1;
2026/05/23;1800 UTC;0;1019,6;1019,9;1019,5;1568,8;25,3;18,7;25,6;25;19,3;18,5;69;66;67;59;7,1;3,1;
2026/05/23;1900 UTC;0;1019,8;1019,9;1019,6;782,7;23,8;18,6;25,4;23,7;19,2;18,4;73;67;73;68;6,8;2,3;
2026/05/23;2000 UTC;0;1020,3;1020,4;1019,8;151,8;22,5;18,7;23,8;22,5;18,7;18,4;79;72;79;96;5;1,4;
2026/05/23;2100 UTC;0;1020,5;1020,6;1020,1;2,4;21,5;18,8;22,6;21,2;18,8;18,3;84;79;84;114;3,4;,7;
2026/05/23;2200 UTC;0;1020,7;1020,7;1020,4;;21,1;18,7;21,6;21,1;18,8;18,5;86;84;86;69;2,5;,9;
2026/05/23;2300 UTC;0;1021,1;1021,1;1020,5;;19,9;18,2;21,1;19,9;18,7;18,1;90;86;90;34;2,3;,6;
2026/05/24;0000 UTC;0;1021,1;1021,4;1021,1;;19,2;18,1;19,9;19,1;18,2;17,9;93;90;93;238;1,4;,4;
2026/05/24;0100 UTC;0;1020,7;1021,3;1020,7;;18,8;17,8;19,2;18,7;18,1;17,7;94;93;94;104;1,4;,4;
2026/05/24;0200 UTC;0;1020,8;1021;1020,5;;18,4;17,6;18,8;18,2;17,9;17,4;95;94;95;251;1,8;,8;
2026/05/24;0300 UTC;0;1020,4;1020,8;1020,4;;18,2;17,5;18,4;18,1;17,6;17,3;96;95;96;254;2;1;
2026/05/24;0400 UTC;0;1019,7;1020,4;1019,7;;18,6;17,9;18,6;18,1;17,9;17,4;96;96;96;57;2;,3;
2026/05/24;0500 UTC;0;1019,1;1019,7;1019;;18,8;18,3;18,9;18,6;18,3;17,9;97;96;97;22;1,3;,5;
2026/05/24;0600 UTC;0;1018,5;1019,1;1018,5;;18,8;18,3;18,8;18,6;18,3;18,1;97;97;97;304;1,7;,4;
2026/05/24;0700 UTC;0;1017,8;1018,6;1017,8;;18,5;18,1;18,8;18,5;18,3;18,1;98;97;98;68;1,7;1;
2026/05/24;0800 UTC;0;1018,2;1018,3;1017,8;;18,6;18,3;18,7;18,3;18,4;17,9;99;98;98;269;2,4;,9;
2026/05/24;0900 UTC;0;1018,6;1018,6;1018,1;;18,4;18,2;18,6;18,3;18,3;18,1;99;98;99;305;2,4;,3;
2026/05/24;1000 UTC;0;1019,5;1019,5;1018,5;52,3;18,4;18,3;18,5;18,3;18,4;18,2;100;99;100;328;1,6;,8;
2026/05/24;1100 UTC;0;1019,7;1020,1;1019,5;395,1;19,2;19,2;19,3;18,3;19,2;18,2;100;100;100;344;1,8;,6;
2026/05/24;1200 UTC;0;1020,1;1020,1;1019,7;1243,2;22,4;22,4;22,5;19,2;22,5;19,3;100;100;100;273;2,3;,9;
2026/05/24;1300 UTC;0;1020;1020,1;1019,8;1899,3;25,2;19,5;25,6;22,3;23,3;19,5;100;70;70;252;2,9;1,1;
2026/05/24;1400 UTC;0;1019,2;1020;1019,2;2260,6;26,3;19,1;26,7;25,1;20,1;18,7;72;63;64;156;2,9;1,6;
2026/05/24;1500 UTC;0;1018,4;1019,2;1018,4;2452,1;28,4;19,1;28,4;26,2;20,4;18,7;65;57;57;289;3;,9;
2026/05/24;1600 UTC;0;1017,5;1018,4;1017,5;2308,3;28;17,8;29,1;27,4;20;17,4;59;52;54;174;4,1;1,3;
2026/05/24;1700 UTC;0;1017;1017,5;1017;2145,8;27,8;20,5;29,4;27,6;20,5;16,9;64;50;64;158;5,2;2,3;
2026/05/24;1800 UTC;0;1016,8;1017,1;1016,8;1132,2;26,4;20,5;27,8;26,4;21;20;71;63;70;157;5,2;1,9;
2026/05/24;1900 UTC;0;1017;1017;1016,6;797,2;25,8;20,5;26,7;25,7;20,8;20,2;73;69;72;167;4,4;2;
2026/05/24;2000 UTC;0;1017,8;1017,8;1016,8;113,3;24;20,1;25,8;24;20,6;20,1;79;72;79;176;4;1,7;
2026/05/24;2100 UTC;0;1018,7;1018,7;1017,8;2,2;22,7;19,5;24;22,7;20;19,5;82;79;82;179;4,5;1;
2026/05/24;2200 UTC;0;1019,2;1019,3;1018,7;;22,5;19,8;22,7;22,5;19,8;19,6;85;82;85;177;2,5;,5;
2026/05/24;2300 UTC;0;1019,3;1019,3;1019,1;;22,2;19,9;22,6;22,1;19,9;19,7;87;84;87;25;1,7;,7;
2026/05/25;0000 UTC;0;1019,2;1019,5;1019,2;;22,5;20,1;22,5;22,1;20,1;19,9;87;86;87;82;2,2;,4;
2026/05/25;0100 UTC;0;1019,1;1019,2;1019;;22,1;20,1;22,5;22;20,1;20;89;87;89;30;1,6;,8;
2026/05/25;0200 UTC;0;1019;1019,3;1018,9;;21,5;19,8;22,1;21,5;20,2;19,8;90;89;90;290;1,4;,3;
2026/05/25;0300 UTC;0;1019;1019,1;1018,8;;20,9;19,7;21,5;20,9;19,9;19,7;93;90;93;238;1;,6;
2026/05/25;0400 UTC;0;1019;1019,1;1018,8;;20,5;19,5;20,9;20,4;19,7;19,4;94;93;94;258;1,5;,5;
2026/05/25;0500 UTC;0;1018,5;1019;1018,5;;20,5;19,7;20,5;20,3;19,7;19,4;95;94;95;309;1,3;,4;
2026/05/25;0600 UTC;0;1018,2;1018,5;1017,8;;20,4;19,7;20,6;20,4;19,9;19,6;96;95;96;261;1,4;,6;
2026/05/25;0700 UTC;0;1018,7;1018,7;1018,2;;20,6;19,9;20,7;20,4;20;19,7;96;96;96;255;1,6;,6;
2026/05/25;0800 UTC;0;1018,8;1018,8;1018,6;;20,8;20;20,8;20,6;20,1;19,9;96;95;95;255;1,8;,2;
2026/05/25;0900 UTC;0;1020;1020;1018,8;;20,8;19,9;20,8;20,7;20;19,9;95;95;95;310;1,4;,7;
2026/05/25;1000 UTC;0;1020,3;1020,3;1019,8;12,7;21;20,2;21;20,8;20,2;19,9;95;95;95;35;1;,2;
2026/05/25;1100 UTC;0;1021,1;1021,1;1020,3;99;21,6;20,6;21,6;21;20,6;20,2;95;94;94;285;,9;,3;
2026/05/25;1200 UTC;0;1021,7;1021,7;1021,1;207,9;22,2;20,8;22,2;21,6;20,9;20,6;94;92;92;270;1,7;,5;
2026/05/25;1300 UTC;0;1021,1;1021,7;1021,1;669,6;23,9;21,3;23,9;22;21,3;20,6;92;85;85;310;2;1,1;
2026/05/25;1400 UTC;0;1020,7;1021,1;1020,7;978,9;23,8;20,7;24,6;23,7;21,2;20,1;85;78;83;257;3,3;1,5;
2026/05/25;1500 UTC;0;1020,6;1020,9;1020,5;705,4;24,2;20,3;24,4;23,6;21,2;20,1;83;78;79;263;3,3;1,6;
2026/05/25;1600 UTC;0;1019,9;1020,6;1019,9;887;23,7;20,7;25,3;23,6;21;20;84;74;83;214;3,8;2;
2026/05/25;1700 UTC;0;1019,7;1019,9;1019,6;551,6;23,1;20,3;24,2;23,1;21,1;20,3;84;82;84;198;4,2;1,8;
2026/05/25;1800 UTC;,6;1019,9;1019,9;1019,5;344,1;22,1;20,4;23,1;22,1;21;20,3;90;84;90;231;4,5;2,1;
2026/05/25;1900 UTC;3;1020,2;1020,2;1019,9;194,8;21,6;20,3;22,1;21,6;20,5;20,2;92;90;92;205;4,5;1,4;
2026/05/25;2000 UTC;0;1020,3;1020,3;1020,2;118,2;21,6;20,5;21,8;21,6;20,7;20,3;93;92;93;252;2,8;,5;
2026/05/25;2100 UTC;0;1020,6;1020,6;1020,3;,2;21,4;20,5;21,6;21,4;20,5;20,3;94;93;94;350;,9;,3;
2026/05/25;2200 UTC;0;1021,3;1021,3;1020,5;;21,4;20,6;21,4;21,3;20,6;20,4;95;94;95;249;1,1;,7;
2026/05/25;2300 UTC;0;1022;1022;1021,3;;21,3;20,5;21,5;21,2;20,7;20,5;96;95;96;327;1,4;,3;
2026/05/26;0000 UTC;0;1022,1;1022,2;1022;;20,9;20,3;21,3;20,9;20,6;20,3;96;96;96;277;1,1;,2;
2026/05/26;0100 UTC;0;1022,6;1022,6;1022;;21;20,3;21,1;20,9;20,4;20,2;96;96;96;96;,9;,2;
2026/05/26;0200 UTC;0;1022,1;1022,6;1022,1;;20,8;20,2;21,1;20,8;20,4;20,2;96;96;96;7;2,7;,7;
2026/05/26;0300 UTC;0;1021,8;1022,2;1021,8;;20,7;20,2;20,8;20,7;20,2;20,1;96;96;96;333;1,8;,4;
2026/05/26;0400 UTC;0;1021,4;1021,8;1021,4;;20,7;20,1;20,8;20,6;20,2;20,1;97;96;97;328;1,3;,3;
2026/05/26;0500 UTC;0;1020,8;1021,4;1020,8;;20,7;20,2;20,7;20,6;20,2;20,1;97;97;97;44;1;,4;
2026/05/26;0600 UTC;0;1020,5;1020,8;1020,5;;20,6;20,1;20,7;20,5;20,2;20,1;97;97;97;347;1;,3;
2026/05/26;0700 UTC;0;1020,2;1020,6;1020,2;;20,5;20,2;20,6;20,5;20,2;20,1;98;97;98;120;1;,2;
2026/05/26;0800 UTC;0;1020,4;1020,4;1020,2;;20,5;20,2;20,6;20,5;20,3;20,1;98;98;98;302;1;,3;
2026/05/26;0900 UTC;0;1020,8;1020,8;1020,4;;20,4;20,1;20,5;20,4;20,2;20,1;98;98;98;328;,9;,3;
2026/05/26;1000 UTC;0;1021,5;1021,5;1020,8;16;20,6;20,3;20,6;20,4;20,3;20,1;98;98;98;53;1,3;,6;
2026/05/26;1100 UTC;0;1022,3;1022,3;1021,5;191,5;21,5;21,1;21,5;20,6;21,1;20,3;98;98;98;253;1,4;,4;
2026/05/26;1200 UTC;0;1022,8;1022,8;1022,3;778;23;20,6;23,1;21,5;21,9;20,5;98;86;86;252;1,6;,6;
2026/05/26;1300 UTC;0;1022,6;1022,8;1022,5;802,3;23,5;19,9;23,7;23;20,9;19,4;86;77;80;286;1,5;,5;
2026/05/26;1400 UTC;0;1021,9;1022,6;1021,8;675,6;23,8;18,6;24;23,5;19,8;18,6;80;72;73;104;2,4;1,1;
2026/05/26;1500 UTC;0;1020,9;1021,9;1020,9;797,5;24,1;18,2;24,3;23,8;19,8;17,9;78;68;70;85;2,8;1,2;
2026/05/26;1600 UTC;0;1019,8;1020,9;1019,8;1117,2;24,5;19,2;24,7;24,1;19,2;18,3;73;69;72;84;4,6;1,7;
2026/05/26;1700 UTC;0;1018,9;1019,8;1018,9;1014,6;24,2;18,4;24,6;24,2;19,6;18,3;75;69;70;75;4,3;2;
2026/05/26;1800 UTC;0;1018,4;1018,9;1018,4;560,3;25,3;18,9;25,8;24;19,5;18,4;74;67;68;78;5,6;1,9;
2026/05/26;1900 UTC;0;1018,6;1018,6;1018,4;356,4;24,2;18,8;25,4;24,1;19,5;18,5;72;67;72;70;4;1,4;
2026/05/26;2000 UTC;0;1018,8;1018,8;1018,6;81,5;23,5;19;24,6;23,5;19,1;18,7;76;71;76;104;3,3;,9;
2026/05/26;2100 UTC;,2;1019;1019;1018,8;;22,5;19,2;23,5;22,5;19,4;18,9;82;75;82;51;2,7;,7;
2026/05/26;2200 UTC;0;1018,9;1019;1018,8;;21,6;19;22,5;21,6;19,4;19;86;82;86;45;1,9;,7;
2026/05/26;2300 UTC;0;1018,6;1018,9;1018,6;;20,5;18,9;21,6;20,5;19,2;18,9;90;86;90;41;1,9;,4;
2026/05/27;0000 UTC;0;1018,8;1018,8;1018,5;;19,8;18,6;20,7;19,8;19,2;18,6;93;90;93;248;1,9;,8;
2026/05/27;0100 UTC;0;1019;1019;1018,7;;19,5;18,5;19,8;19,4;18,6;18,4;94;93;94;286;1,9;,6;
2026/05/27;0200 UTC;0;1018,6;1019;1018,6;;19,3;18,4;19,6;19,3;18,7;18,4;95;94;95;226;1,8;1,1;
2026/05/27;0300 UTC;0;1018,1;1018,6;1018,1;;18,8;18;19,3;18,8;18,4;18;95;95;95;246;1,8;,4;
2026/05/27;0400 UTC;0;1017,9;1018,1;1017,8;;18,4;17,7;18,8;18,4;18,1;17,7;96;95;96;351;1,5;,4;
2026/05/27;0500 UTC;0;1017,2;1017,9;1017,2;;18,1;17,5;18,4;18,1;17,7;17,5;96;96;96;237;,8;,1;
2026/05/27;0600 UTC;0;1016,3;1017,2;1016,3;;18,1;17,6;18,2;18,1;17,6;17,5;97;96;96;1;1,1;,4;
2026/05/27;0700 UTC;0;1016,1;1016,4;1016;;18,1;17,6;18,2;18;17,7;17,5;97;96;97;229;1,1;,7;
2026/05/27;0800 UTC;0;1015,8;1016,2;1015,8;;18,4;18;18,4;18;18;17,6;97;97;97;39;1,4;,3;
2026/05/27;0900 UTC;0;1016;1016;1015,6;;18,7;18,4;18,7;18,4;18,4;18;98;97;98;201;1,4;,7;
2026/05/27;1000 UTC;0;1016,1;1016,1;1015,7;26;18,7;18,5;18,8;18,7;18,6;18,4;99;98;99;297;1,7;,8;
2026/05/27;1100 UTC;0;1016,6;1016,6;1016;236,2;18,9;18,8;19,2;18,7;19;18,4;99;99;99;269;2;,9;
2026/05/27;1200 UTC;0;1017,1;1017,2;1016,5;797,5;20,8;20,7;20,8;18,9;20,7;18,8;100;99;100;238;2,6;1;
2026/05/27;1300 UTC;0;1016,9;1017,3;1016,9;1774,7;24,6;22;24,6;20,8;22,8;20,7;100;86;86;293;2,3;,9;
2026/05/27;1400 UTC;0;1016,2;1016,9;1016,2;2242,9;27,7;20,6;27,7;24,6;22;20,2;86;65;65;252;2,6;,5;
2026/05/27;1500 UTC;0;1015,5;1016,2;1015,5;2426,2;29,7;20,3;29,7;27,3;21,1;19,2;67;57;57;276;2,3;,6;
2026/05/27;1600 UTC;0;1014,8;1015,5;1014,7;2354,2;31;20,9;31,2;29;21,4;19,3;59;55;55;240;3,1;,8;
2026/05/27;1700 UTC;0;1014,6;1014,8;1014,5;1803,2;29,3;20,4;31,1;29,3;21,5;19,8;59;53;59;218;5,1;2,4;
2026/05/27;1800 UTC;0;1015,2;1015,3;1014,6;864,1;27,2;19,2;29,4;26,9;21,1;19;69;58;62;230;8,6;4,4;
2026/05/27;1900 UTC;0;1016,1;1016,1;1015,2;558,2;25;19,6;27,3;25;19,7;19;72;61;72;250;8,6;3,6;
2026/05/27;2000 UTC;0;1016,7;1016,7;1016,1;144,1;24,2;19,3;25;24,2;19,7;19,3;74;72;74;242;9,1;4,5;
2026/05/27;2100 UTC;0;1017,2;1017,3;1016,7;2,6;23,9;19,2;24,2;23,8;19,4;19,2;77;74;75;246;8,3;3,3;
2026/05/27;2200 UTC;0;1017,9;1017,9;1017,2;;23,6;18,9;23,9;23,6;19,2;18,9;76;75;75;251;6,9;2,5;
2026/05/27;2300 UTC;0;1018,5;1018,5;1017,9;;22,9;18,9;23,7;22,9;18,9;18,8;78;75;78;255;6,6;2,1;
2026/05/28;0000 UTC;0;1019,1;1019,1;1018,5;;23;18,8;23;22,7;19;18,8;79;77;77;249;5,6;2,5;
2026/05/28;0100 UTC;0;1019,6;1019,6;1019,1;;22,7;18,5;23;22,7;18,8;18,5;78;77;78;257;5,6;1,7;
2026/05/28;0200 UTC;0;1019,6;1019,6;1019,4;;22,2;17,7;22,7;22,2;18,5;17,7;78;75;75;257;4,5;1,6;
2026/05/28;0300 UTC;0;1019,4;1019,6;1019,4;;22,3;17,2;22,3;22,1;17,7;17,2;76;73;73;256;5,2;2,2;
2026/05/28;0400 UTC;0;1019,4;1019,4;1019,3;;21,6;17,3;22,3;21,6;17,3;17,1;77;73;77;242;7,9;3,1;
2026/05/28;0500 UTC;0;1018,9;1019,4;1018,9;;21,1;16,9;21,6;20,9;17,3;16,9;79;77;77;275;6,4;1,8;
2026/05/28;0600 UTC;0;1018,6;1018,9;1018,6;;20,8;16,9;21,1;20,7;17;16,8;79;77;79;289;6,4;,6;
2026/05/28;0700 UTC;0;1018,5;1018,6;1018,4;;20,7;16,8;20,8;20,5;17,1;16,7;81;78;78;288;3;1,3;
2026/05/28;0800 UTC;0;1018,8;1018,8;1018,5;;20,3;16,7;20,9;20,2;16,8;16,5;80;77;80;271;4,7;1;
2026/05/28;0900 UTC;0;1019,1;1019,1;1018,8;;19,7;16,8;20,3;19,7;17;16,7;84;80;83;264;4,3;1,3;
2026/05/28;1000 UTC;0;1019,8;1019,8;1019,1;47;20,8;16,5;20,9;19,7;16,8;16,4;83;76;76;265;5,6;2,6;
2026/05/28;1100 UTC;0;1020,4;1020,4;1019,8;440,1;22,3;16,9;22,3;20,6;16,9;16,3;78;71;72;293;5,2;,9;
2026/05/28;1200 UTC;0;1020,7;1020,8;1020,4;1115,1;22,7;16,2;23,4;22,3;17;15,8;72;64;67;299;5,5;1,7;
2026/05/28;1300 UTC;0;1020,7;1020,8;1020,7;1863;24,3;16,1;24,3;22,7;16,9;15,7;67;60;60;290;6,4;2,2;
2026/05/28;1400 UTC;0;1020,4;1020,7;1020,4;1585;23,8;16,2;25;23,4;16,6;15,7;64;58;63;246;6;2,7;
2026/05/28;1500 UTC;0;1019,6;1020,4;1019,5;2666;25,6;15,4;26,1;23,6;16,7;15,3;63;54;54;258;7,4;2,2;
2026/05/28;1600 UTC;0;1019;1019,6;1019;1238,4;23,1;16,5;25,8;23,1;16,7;15;66;53;66;224;7,4;3,6;
2026/05/28;1700 UTC;0;1018,2;1019;1018,2;2215,9;25,2;17,3;25,3;23;17,7;16,5;68;60;62;220;6,7;3;
2026/05/28;1800 UTC;0;1018,2;1018,3;1018,1;1502,2;23,8;17,6;25,4;23,7;17,7;16,9;69;61;69;206;7,1;2,7;
2026/05/28;1900 UTC;0;1018,3;1018,3;1018;554,3;23,4;17,5;23,8;22,9;17,8;17;73;67;70;225;5,7;2,8;
2026/05/28;2000 UTC;0;1018,9;1018,9;1018,3;172,4;21,4;17,4;23,4;21,4;17,7;17,3;78;69;78;213;5,8;2,4;
2026/05/28;2100 UTC;0;1019,5;1019,5;1018,9;2,2;20,4;17,3;21,4;20,3;17,4;17,2;83;78;82;212;5,3;1,5;
2026/05/28;2200 UTC;0;1020;1020;1019,5;;19,3;17,1;20,4;19,3;17,3;17,1;87;82;87;198;3;,4;
2026/05/28;2300 UTC;0;1020,7;1020,7;1020;;18,8;17,1;19,3;18,8;17,3;17;90;87;90;283;1,1;,5;
2026/05/29;0000 UTC;0;1021;1021;1020,7;;17,9;16,5;18,8;17,9;17,1;16,5;92;90;92;279;1,1;,3;
2026/05/29;0100 UTC;0;1021;1021,1;1021;;17,3;16,2;17,9;17,3;16,5;16,1;93;92;93;105;,9;,3;
2026/05/29;0200 UTC;0;1021;1021,1;1021;;17,1;16,1;17,3;17;16,2;16;94;93;94;228;1,2;,4;
2026/05/29;0300 UTC;0;1020,7;1021;1020,7;;16,8;15,8;17,2;16,8;16,2;15,8;94;94;94;299;1,6;,4;
2026/05/29;0400 UTC;0;1020,5;1020,8;1020,5;;16,5;15,5;17;16,4;16;15,5;94;94;94;304;1,7;,6;
2026/05/29;0500 UTC;0;1020,3;1020,5;1020,3;;17,1;16,2;17,1;16,3;16,2;15,4;95;94;94;309;1,5;,5;
2026/05/29;0600 UTC;0;1019,9;1020,3;1019,9;;17,7;16,7;17,7;17;16,7;16,2;95;94;94;303;1,8;,8;
2026/05/29;0700 UTC;0;1019,5;1019,9;1019,5;;17,6;16,6;17,7;17,5;16,7;16,6;94;94;94;296;1,6;,5;
2026/05/29;0800 UTC;0;1019,7;1019,7;1019,4;;17,4;16,4;17,6;17,4;16,6;16,4;94;94;94;295;2;,9;
2026/05/29;0900 UTC;0;1020,3;1020,4;1019,7;;17,7;16,7;17,7;17,4;16,7;16,4;94;94;94;320;1,5;,5;
2026/05/29;1000 UTC;0;1020,9;1020,9;1020,3;61,6;18,1;17,1;18,1;17,5;17,1;16,5;94;94;94;320;1,4;,6;
2026/05/29;1100 UTC;0;1021,5;1021,5;1020,9;387,3;19,6;18;19,6;18;18;17;94;90;90;268;1,4;,3;
2026/05/29;1200 UTC;0;1022,2;1022,2;1021,5;1115,6;22,1;17,7;22,1;19,6;18,3;17,4;90;76;76;203;2,8;1,2;
2026/05/29;1300 UTC;0;1022,2;1022,3;1022,1;1479,5;23,3;16,7;23,4;22,1;17,5;16,1;76;66;66;207;2,5;,8;
2026/05/29;1400 UTC;0;1021,7;1022,2;1021,7;1719,8;24;16,3;24,1;22,8;17,3;15,5;70;61;62;172;4,5;2,1;
2026/05/29;1500 UTC;0;1021,2;1021,7;1021,2;1537,7;24,4;15,8;24,4;23,6;16,8;15,2;63;57;59;276;4,5;1;
2026/05/29;1600 UTC;0;1020,4;1021,2;1020,4;831,7;24,2;16,2;24,9;23,6;16,7;15,4;63;58;61;217;3,9;1;
2026/05/29;1700 UTC;0;1019,6;1020,4;1019,6;1244,4;24,2;15,4;24,5;23,8;16,4;15,2;62;57;58;173;3,5;1,7;
2026/05/29;1800 UTC;0;1019,6;1019,6;1019,5;1158,4;24,2;15,1;24,7;23,7;16,2;15,1;62;56;57;185;4,8;2;
2026/05/29;1900 UTC;0;1020,1;1020,2;1019,6;597,2;23,2;15,6;24,2;23,2;15,9;14,9;63;57;62;161;4,5;1,5;
2026/05/29;2000 UTC;0;1020,4;1020,4;1020,1;151,1;22,1;16,2;23,2;22,1;16,3;15,4;69;62;69;163;4;1,2;
2026/05/29;2100 UTC;0;1020,7;1020,7;1020,4;,1;21;17,2;22,1;21;17,2;16,2;79;69;79;306;2,1;,3;
2026/05/29;2200 UTC;0;1021,2;1021,2;1020,7;;20,5;17,5;21;20,5;17,5;17,2;83;79;83;325;1,2;,6;
2026/05/29;2300 UTC;0;1021,6;1021,6;1021,2;;20,2;17,4;20,5;20,2;17,6;17,3;84;83;84;344;1,9;,4;
2026/05/30;0000 UTC;0;1021,5;1021,7;1021,5;;20,3;17;20,4;20,1;17,5;16,9;85;81;81;28;1,8;,5;
2026/05/30;0100 UTC;0;1021,4;1021,5;1021,4;;20,1;16,9;20,4;20,1;17,1;16,8;82;80;82;293;2;,4;
2026/05/30;0200 UTC;0;1021,7;1021,7;1021,4;;19,5;17,3;20,1;19,5;17,5;16,9;87;82;87;301;1,8;,5;
2026/05/30;0300 UTC;0;1021,4;1021,7;1021,4;;19,3;17,6;19,5;19,3;17,7;17,3;90;87;90;238;,8;,5;
2026/05/30;0400 UTC;0;1021,2;1021,4;1021,1;;19,1;17,5;19,3;19,1;17,6;17,5;91;90;91;313;1;,4;
2026/05/30;0500 UTC;0;1020,5;1021,2;1020,5;;19;17,4;19,1;19;17,6;17,4;91;91;91;23;1;,3;
2026/05/30;0600 UTC;0;1020;1020,5;1020;;18,6;17,2;19;18,6;17,4;17,1;92;90;92;254;,8;,3;
2026/05/30;0700 UTC;0;1020,1;1020,1;1019,9;;18,2;17,1;18,6;18,2;17,2;17;93;92;93;289;1,1;,4;
2026/05/30;0800 UTC;0;1020,3;1020,3;1019,9;;17,9;16,8;18,2;17,9;17,1;16,8;94;93;94;293;1;,4;
2026/05/30;0900 UTC;0;1020,9;1020,9;1020,3;;17,3;16,4;17,9;17,3;16,8;16,3;94;94;94;279;1,2;,6;
2026/05/30;1000 UTC;0;1021,7;1021,7;1020,9;20,5;17,4;16,5;17,5;17,3;16,6;16,4;94;94;94;277;1,4;,7;
2026/05/30;1100 UTC;0;1022;1022;1021,6;334,6;19,2;17,7;19,2;17,4;17,8;16,5;94;91;91;278;1,7;,4;
2026/05/30;1200 UTC;0;1021,8;1022;1021,7;756;20,7;17,6;20,8;19,1;17,9;17,2;91;83;83;202;1,8;,5;
2026/05/30;1300 UTC;0;1021,7;1021,8;1021,6;1777,2;23,2;16,2;23,3;20,6;18;15,7;83;63;65;111;4,5;2;
2026/05/30;1400 UTC;0;1021,1;1021,8;1021,1;1963,9;24,4;13,5;24,5;23,2;16,5;13,5;65;51;51;101;6;3;
2026/05/30;1500 UTC;0;1020,2;1021,1;1020,2;1692,4;25;14,3;25,2;24,2;14,7;13,5;54;50;51;68;5,9;2,9;
2026/05/30;1600 UTC;0;1019,2;1020,2;1019,2;1236,9;25,2;14,5;25,3;24,8;14,8;13,7;53;50;52;86;6;2;
2026/05/30;1700 UTC;0;1018,4;1019,2;1018,4;1750,8;25,5;15,2;25,8;25,1;15,8;14,5;55;51;53;108;5,9;3,2;
2026/05/30;1800 UTC;0;1018,1;1018,4;1018,1;1267,7;25,2;15,9;25,9;25,2;16,3;15,3;56;53;56;99;5,9;2,2;
2026/05/30;1900 UTC;0;1017,9;1018,2;1017,8;460,5;24,4;16,7;25,4;24,4;16,7;15,9;62;56;62;85;4,7;2,4;
2026/05/30;2000 UTC;0;1018,1;1018,2;1017,9;216,1;23;16,9;24,4;23;17,1;16,7;69;62;69;99;4,9;1,8;
2026/05/30;2100 UTC;0;1018,5;1018,5;1018,1;2,9;21;17;23;21;17,1;16,8;78;69;78;209;4,2;,3;
2026/05/30;2200 UTC;0;1018,7;1018,7;1018,4;;20,1;17,3;21,1;20,1;17,4;17;84;78;84;223;1,5;,8;
2026/05/30;2300 UTC;0;1018,4;1018,8;1018,4;;19,5;17,4;20,1;19,5;17,4;17,1;88;84;88;310;2;,4;
2026/05/31;0000 UTC;0;1018,4;1018,7;1018,3;;19,1;17,3;19,5;19,1;17,5;17,2;90;88;89;238;1,5;,7;
2026/05/31;0100 UTC;0;1018,2;1018,4;1018,1;;18,4;16,9;19,2;18,4;17,5;16,9;91;89;91;230;1,6;,5;
2026/05/31;0200 UTC;0;1017,7;1018,2;1017,7;;17,6;16,4;18,4;17,6;16,9;16,4;92;91;92;266;1,1;,3;
2026/05/31;0300 UTC;0;1017,5;1017,8;1017,5;;17,4;16,4;17,7;17,3;16,4;16,2;94;92;94;349;1,5;,3;
2026/05/31;0400 UTC;0;1017,6;1017,6;1017,3;;16,8;15,8;17,5;16,8;16,4;15,8;94;93;94;228;1,8;1,1;
2026/05/31;0500 UTC;0;1017,7;1017,7;1017,6;;17,3;16,4;17,3;16,8;16,4;15,8;94;94;94;279;2,6;,9;
2026/05/31;0600 UTC;0;1017,7;1017,8;1017,6;;17,7;16,6;17,8;17,3;16,9;16,4;94;93;93;296;2,6;,5;
2026/05/31;0700 UTC;0;1017,5;1017,7;1017,5;;18,2;16,8;18,2;17,7;16,9;16,6;93;92;92;314;1,8;,7;
2026/05/31;0800 UTC;0;1017,7;1017,7;1017,5;;18,3;17;18,3;18;17;16,7;92;92;92;276;2;,8;
2026/05/31;0900 UTC;0;1017,8;1017,8;1017,6;;18,7;17,2;18,8;18,3;17,3;17;92;91;91;324;2;,6;
2026/05/31;1000 UTC;0;1018,4;1018,4;1017,8;32,2;19,4;17,8;19,4;18,7;17,9;17,2;91;90;91;125;1,3;,4;
2026/05/31;1100 UTC;0;1018,7;1018,7;1018,3;399,4;21,2;18,2;21,4;19,4;18,7;17,8;91;82;83;220;2,6;1,3;
2026/05/31;1200 UTC;0;1019,4;1019,4;1018,7;943,8;23,1;18,2;23,3;21,3;18,8;18,2;83;74;74;225;3,2;1,7;
2026/05/31;1300 UTC;0;1019;1019,4;1019;1739,5;25;18,4;25;23;19;17,9;76;66;67;229;6,9;3;
2026/05/31;1400 UTC;0;1018,7;1019,1;1018,7;1414,2;25;18,3;25,2;24,2;18,6;17,7;69;65;66;224;6;2,9;
2026/05/31;1500 UTC;0;1018,2;1018,7;1018,2;1309,6;25,6;18;26;24,8;18,8;17,9;69;61;63;232;5,9;2,2;
2026/05/31;1600 UTC;0;1017,5;1018,2;1017,5;1907,5;26,5;18,8;27,1;25,2;18,8;17,3;65;57;63;210;5,6;1,9;
2026/05/31;1700 UTC;0;1017;1017,5;1017;1002,8;25;18,5;26,8;25;18,9;17,8;68;60;67;199;5,2;2,4;
2026/05/31;1800 UTC;0;1016,7;1017;1016,7;764,6;25,2;18,3;25,6;24,7;18,8;18;69;65;65;213;5,4;2,3;
2026/05/31;1900 UTC;0;1016,8;1016,8;1016,6;497,9;24,1;17,3;25,4;24,1;18,4;17,1;68;65;66;226;4,5;1,8;
2026/05/31;2000 UTC;0;1017,3;1017,3;1016,8;150,9;22,9;16,8;24,1;22,9;17,4;16,6;69;65;69;204;3,9;1,4;
2026/05/31;2100 UTC;0;1017,9;1017,9;1017,3;,4;21,6;17,3;22,9;21,6;17,3;16,9;77;69;77;246;3,3;,7;
2026/05/31;2200 UTC;0;1018,3;1018,3;1017,9;;20,9;17,6;21,6;20,9;17,6;17,3;81;77;81;207;1,3;,2;
2026/05/31;2300 UTC;0;1018,6;1018,6;1018,3;;19,4;17,1;20,9;19,4;17,6;17,1;87;81;87;279;1,4;,7;
2026/06/01;0000 UTC;0;1018,7;1018,7;1018,5;;18,7;16,8;19,6;18,7;17,5;16,8;89;87;89;348;2;,6;
2026/06/01;0100 UTC;0;1018,7;1018,7;1018,6;;18,5;17,1;18,7;18,1;17,1;16,6;92;89;91;269;1,3;,7;
2026/06/01;0200 UTC;0;1018,6;1018,7;1018,6;;18;16,6;18,5;18;17,1;16,6;92;91;92;243;1,8;,5;
2026/06/01;0300 UTC;0;1018,5;1018,7;1018,5;;17,9;16,6;18,1;17,9;16,8;16,5;92;92;92;297;1,5;,4;
2026/06/01;0400 UTC;0;1018,5;1018,6;1018,4;;17,4;16,2;17,9;17,4;16,6;16,2;93;92;93;223;1,3;,7;
2026/06/01;0500 UTC;0;1017,9;1018,5;1017,9;;17,3;16,2;17,5;17,3;16,4;16,1;93;93;93;143;1,3;,3;
2026/06/01;0600 UTC;0;1017,7;1017,9;1017,7;;17,3;16,3;17,3;17,1;16,3;16,1;94;93;94;78;1,3;,4;
2026/06/01;0700 UTC;0;1017,3;1017,7;1017,3;;17,7;16,8;17,7;17,3;16,8;16,3;94;94;94;322;1,7;,5;
2026/06/01;0800 UTC;0;1017,7;1017,7;1017,3;;17,5;16,5;17,9;17,5;16,9;16,5;94;94;94;81;1,3;,5;
2026/06/01;0900 UTC;0;1018,2;1018,2;1017,6;;17,3;16,3;17,5;17,2;16,5;16,2;94;94;94;123;1,2;,4;
2026/06/01;1000 UTC;0;1018,7;1018,7;1018,2;48,3;17,1;16,3;17,3;16,9;16,4;16;95;94;95;44;1,1;,3;
2026/06/01;1100 UTC;0;1018,9;1018,9;1018,7;511;20,1;17,9;20,2;17,1;18,2;16,3;95;87;87;304;1,1;,4;
2026/06/01;1200 UTC;0;1019,5;1019,5;1018,9;1202;22,5;17;22,6;19,7;18,3;17;87;71;71;351;1,5;,6;
2026/06/01;1300 UTC;0;1019,6;1019,7;1019,5;1760,4;24,3;17,7;24,3;22,3;17,7;16,5;73;65;67;224;2,7;1,1;
2026/06/01;1400 UTC;0;1019,4;1019,6;1019,4;2251;25;17;25,4;23,9;17,9;16,6;67;60;61;302;3,3;1;
2026/06/01;1500 UTC;0;1018,8;1019,4;1018,8;2223,8;25,3;16,9;26,4;25;17,7;16,4;62;57;60;243;3,4;1,3;
2026/06/01;1600 UTC;0;1017,9;1018,8;1017,9;1638,2;25,6;17,4;27;25,2;17,8;16,3;61;55;61;222;3,4;1,4;
2026/06/01;1700 UTC;0;1017,5;1017,9;1017,5;1005,4;25,3;18;26,2;25,3;18;17,1;64;59;64;217;4,9;2,1;
2026/06/01;1800 UTC;0;1017,5;1017,6;1017,4;486,3;24,5;18,1;25,3;24,4;18,5;18;68;64;68;211;5;2,4;
2026/06/01;1900 UTC;0;1017,7;1017,7;1017,4;474,7;23,7;18,1;24,5;23,7;18,3;17,8;71;68;71;215;5;1,4;
2026/06/01;2000 UTC;0;1018;1018;1017,7;134,5;22,9;17,9;23,7;22,9;18,1;17,8;73;70;73;225;3,2;1,4;
2026/06/01;2100 UTC;0;1018,7;1018,7;1018;;21,1;17,6;22,9;21,1;18;17,6;81;73;81;226;2,5;1,1;
2026/06/01;2200 UTC;0;1019,1;1019,1;1018,7;;20;17,5;21,1;19,9;17,6;17,4;86;81;86;285;2,1;,7;
2026/06/01;2300 UTC;0;1019,7;1019,7;1019,1;;19,8;17,7;20,1;19,8;17,7;17,5;88;86;88;219;1,3;,1;
2026/06/02;0000 UTC;0;1019,9;1019,9;1019,6;;19,7;17,8;20;19,7;17,9;17,7;88;88;88;251;1,5;,7;
2026/06/02;0100 UTC;0;1019,9;1020,1;1019,8;;19,5;17,7;19,8;19,5;17,8;17,7;89;88;89;290;1,7;,4;
2026/06/02;0200 UTC;0;1020,3;1020,3;1019,7;;19,7;17,9;19,7;19,2;18;17,5;90;89;90;249;2;,7;
2026/06/02;0300 UTC;0;1020,2;1020,3;1019,8;;19,7;17,9;19,7;19,4;18;17,6;90;89;89;259;2,3;1,1;
2026/06/02;0400 UTC;0;1020,2;1020,3;1020,1;;19,9;18,1;20;19,7;18,1;17,9;89;88;89;281;3;,7;
2026/06/02;0500 UTC;,4;1020,1;1020,3;1020;;19,7;18,2;20;19,7;18,2;18,1;91;89;91;269;2,9;,7;
2026/06/02;0600 UTC;6,8;1019,8;1020,1;1019,8;;19,1;18;19,8;19,1;18,3;18;93;91;93;260;3,9;1,9;
2026/06/02;0700 UTC;11;1020;1020;1019,7;;19,1;18,1;19,1;19;18,2;17,9;94;93;94;288;3;1,2;
2026/06/02;0800 UTC;16,6;1020,6;1020,6;1020;;18,7;17,8;19,2;18,6;18,3;17,7;95;94;95;245;4,4;1;
2026/06/02;0900 UTC;,6;1020,8;1020,9;1020,5;;18,6;17,8;18,8;18,6;18;17,8;95;95;95;5;2,9;1,4;
2026/06/02;1000 UTC;,4;1021,4;1021,4;1020,8;18,6;18,5;17,8;18,6;18,4;17,9;17,7;96;95;96;337;2,9;,5;
2026/06/02;1100 UTC;0;1021,8;1021,8;1021,4;350,6;19,5;18,7;19,5;18,4;18,7;17,7;96;95;95;295;1,8;,7;
2026/06/02;1200 UTC;0;1022,8;1022,8;1021,8;894,6;20,4;18,5;20,8;19,5;19,7;18,5;95;88;89;275;3;1,3;
2026/06/02;1300 UTC;,2;1022,8;1022,8;1022,6;1695,8;23,1;18,9;23,2;20,4;19,9;18,5;90;76;77;212;3,1;1,3;
2026/06/02;1400 UTC;0;1022,3;1022,8;1022,2;1823,2;24,4;17,8;24,5;22,7;19,1;17;78;65;66;307;3;1;
2026/06/02;1500 UTC;0;1021,9;1022,3;1021,9;1721,7;24,6;18,8;24,7;23,9;18,8;17,1;70;63;70;320;3,2;1,2;
2026/06/02;1600 UTC;0;1021,2;1021,9;1021,2;1641,9;24,6;18,4;24,9;24,1;18,7;17;70;64;69;241;3,6;,8;
2026/06/02;1700 UTC;0;1021;1021,2;1020,8;1397,2;22,2;17,6;25,3;22,1;18,2;17,1;76;61;75;160;7,5;3,9;
2026/06/02;1800 UTC;0;1021,2;1021,3;1021;390,7;22;18;22,3;21,6;18,4;17,4;80;75;78;66;7,3;1;
2026/06/02;1900 UTC;5,8;1021,8;1021,8;1021,2;156,8;20,2;17,3;22,1;20,2;19,1;17,3;84;78;83;118;4,9;1,9;
2026/06/02;2000 UTC;26,8;1022,3;1022,3;1021,6;39,8;18,8;17,8;20,2;18,8;17,8;16,7;94;83;94;338;5,7;1,1;
2026/06/02;2100 UTC;3,6;1022,7;1022,7;1022,3;2,4;19;18;19,1;18,8;18,2;17,8;95;94;94;143;4,1;2;
2026/06/02;2200 UTC;5;1023,3;1023,3;1022,7;;18,2;16,8;19;18,2;18;16,8;94;92;92;46;4,4;1,5;
2026/06/02;2300 UTC;0;1023,7;1023,7;1023,3;;18,1;16,6;18,2;17,9;16,8;16,4;92;91;91;23;3;,8;
2026/06/03;0000 UTC;0;1024,2;1024,2;1023,7;;18,2;16,8;18,2;17,9;16,8;16,5;92;91;91;351;2,5;1,2;
2026/06/03;0100 UTC;0;1024,2;1024,2;1024,1;;18,2;16,1;18,3;18,2;16,7;16,1;91;87;88;24;4,2;1,3;
2026/06/03;0200 UTC;0;1024,2;1024,4;1024,1;;17,9;16,7;18,2;17,6;16,7;16;93;88;93;230;4,2;,9;
2026/06/03;0300 UTC;0;1023,9;1024,2;1023,9;;17,8;16,6;17,9;17,6;16,7;16,5;93;93;93;210;1,9;1,1;
2026/06/03;0400 UTC;0;1023,7;1023,9;1023,7;;17,6;16,6;17,8;17,6;16,7;16,5;94;93;93;247;1,9;,2;
2026/06/03;0500 UTC;;;;;;;;;;;;;;;;;;
2026/06/03;0600 UTC;0;1023,3;1023,6;1023,3;;17,2;16,3;17,6;17,2;16,6;16,3;94;94;94;251;1,5;,4;
2026/06/03;0700 UTC;0;1023,2;1023,3;1023;;16,5;15,7;17,2;16,4;16,2;15,6;95;94;95;328;1,1;,6;
2026/06/03;0800 UTC;0;1023,5;1023,6;1023,2;;16,6;15,9;16,7;16,4;15,9;15,7;96;95;96;34;1,3;,4;
2026/06/03;0900 UTC;0;1023,8;1023,8;1023,5;;16,7;16,1;16,7;16,4;16,1;15,8;96;96;96;11;1,3;,2;
2026/06/03;1000 UTC;0;1024,7;1024,7;1023,8;54;16,6;16;16,7;16,2;16,1;15,6;97;96;97;314;1,2;,3;
2026/06/03;1100 UTC;0;1024,9;1025;1024,7;558,4;18,8;17,7;18,8;16,6;17,8;16,1;97;94;94;342;1,9;,6;
2026/06/03;1200 UTC;0;1025,4;1025,4;1024,9;867,1;20,6;17,6;21;18,5;18,5;17,2;94;83;83;358;1,8;,8;
2026/06/03;1300 UTC;0;1025,7;1025,8;1025,4;1807,1;23,3;17,1;23,4;20,5;17,9;16,6;83;68;68;59;1,6;,5;
2026/06/03;1400 UTC;0;1025,3;1025,7;1025,3;2305,7;23,7;17,7;23,7;22,9;17,8;16,5;73;66;69;55;2,9;1,2;
2026/06/03;1500 UTC;0;1024,6;1025,3;1024,6;2413,7;24,6;16,4;25,6;23,3;18,6;16,1;72;58;61;99;3,2;1,1;
2026/06/03;1600 UTC;0;1024,2;1024,6;1024,2;1321,7;22,1;18,1;25;21,9;18,4;16,1;79;59;78;191;5,5;1,4;
2026/06/03;1700 UTC;0;1023,7;1024,2;1023,6;1844,3;24,2;17,2;24,8;22,1;18,6;16,6;78;61;65;210;4;1,9;
2026/06/03;1800 UTC;,2;1023,7;1023,8;1023,7;1109,6;24;17,5;24,2;23,6;18,3;16,7;72;63;67;201;4;1,3;
2026/06/03;1900 UTC;0;1023,8;1023,8;1023,6;815,9;23,4;17,1;24,2;23,4;17,8;16,9;70;65;68;138;3,7;1,6;
2026/06/03;2000 UTC;0;1024,4;1024,4;1023,8;161,8;22,1;17,3;23,3;22,1;18,2;17,2;75;68;74;159;4,2;1,7;
2026/06/03;2100 UTC;0;1025;1025;1024,4;,1;20,1;17,4;22,1;20,1;17,4;17,1;85;74;85;261;4,1;,5;
2026/06/03;2200 UTC;0;1025,3;1025,3;1025;;19,4;17,6;20,2;19,3;17,9;17,5;90;85;90;1;1,4;,4;
2026/06/03;2300 UTC;0;1025,8;1025,9;1025,3;;19,6;17,6;19,8;19,3;17,9;17,6;90;88;88;55;2;,3;
2026/06/04;0000 UTC;,6;1026,3;1026,3;1025,8;;19,3;17,7;19,7;19,3;18;17,6;91;88;91;142;3,7;1,2;
2026/06/04;0100 UTC;6,2;1026,5;1026,6;1026,3;;19;17,9;19,3;18,9;17,9;17,6;93;91;93;331;3,3;,8;
2026/06/04;0200 UTC;,2;1026,6;1026,7;1026,2;;19,1;18,2;19,1;18,8;18,2;17,8;94;93;94;118;4,6;2,6;
2026/06/04;0300 UTC;,6;1026,3;1026,6;1026,3;;18,8;17,6;19,5;18,7;18,5;17,5;94;93;93;71;4,6;1,3;
2026/06/04;0400 UTC;,2;1026,3;1026,4;1026,2;;18,7;17,6;18,8;18,6;17,6;17,5;93;93;93;130;3;,4;
2026/06/04;0500 UTC;0;1026;1026,3;1026;;18,7;17,6;18,8;18,6;17,7;17,5;93;93;93;166;2,3;,7;
2026/06/04;0600 UTC;,2;1025,6;1026;1025,6;;18,3;17,4;18,8;18,3;17,7;17,3;94;93;94;9;1,7;,4;
2026/06/04;0700 UTC;0;1025,3;1025,6;1025,3;;18,1;17,2;18,4;18,1;17,4;17,1;95;94;95;232;1,3;,2;
2026/06/04;0800 UTC;1,8;1025,7;1025,7;1025,3;;18,2;17,5;18,3;18;17,5;17,2;95;95;95;162;3,9;1;
2026/06/04;0900 UTC;0;1025,8;1025,8;1025,6;;18,2;17,5;18,3;18,1;17,6;17,4;96;95;96;276;2;,6;
2026/06/04;1000 UTC;,2;1026,6;1026,6;1025,8;21,4;18,3;17,6;18,3;18,2;17,6;17,5;96;96;96;318;1,8;,3;
2026/06/04;1100 UTC;,2;1027,3;1027,3;1026,6;175,4;18,8;18,1;18,8;18,3;18,1;17,6;96;95;95;301;1,4;,2;
2026/06/04;1200 UTC;0;1027,9;1027,9;1027,3;419,6;19,7;18,3;19,7;18,8;18,4;18;95;92;92;344;2,6;,6;
2026/06/04;1300 UTC;0;1028,1;1028,1;1027,9;1067,9;20,5;17,6;20,8;19,7;18,5;17,6;92;83;84;16;3,5;1,5;
2026/06/04;1400 UTC;0;1027,5;1028,1;1027,5;1675,3;22,1;17,7;22,3;20,4;18,3;17,4;85;76;76;25;3,5;1,7;
2026/06/04;1500 UTC;0;1026,8;1027,5;1026,8;1819,3;22,5;17,8;23;21,8;18,6;17,3;79;74;75;30;4,3;1,8;
2026/06/04;1600 UTC;0;1025,9;1026,8;1025,9;1753;22,6;18;23,2;22,2;18,3;17;77;69;75;130;4,8;2,2;
2026/06/04;1700 UTC;0;1025,9;1025,9;1025,6;916,3;21;16,4;22,7;21;17,8;15,9;75;69;75;99;4,9;2,7;
2026/06/04;1800 UTC;1,2;1025,5;1025,9;1025,5;491,4;20,5;18;21;20;18,1;16,5;87;75;86;257;4,9;,7;
2026/06/04;1900 UTC;0;1025,6;1025,7;1025,5;421,3;20,8;17,7;21,1;20,5;18,4;17,6;86;81;83;333;2,3;,8;
2026/06/04;2000 UTC;0;1025,9;1025,9;1025,6;160,1;20,3;18,2;20,8;20,3;18,2;17,2;87;81;87;272;2,2;,4;
2026/06/04;2100 UTC;0;1026,2;1026,2;1025,9;1,8;19,4;17,8;20,3;19,4;18,2;17,8;90;88;90;265;1,3;,6;
2026/06/04;2200 UTC;0;1026,4;1026,4;1026,1;;19,1;17,8;19,4;19;17,9;17,7;92;90;92;321;1,3;,6;
2026/06/04;2300 UTC;0;1026,6;1026,7;1026,4;;18,7;17,6;19,1;18,7;17,8;17,6;93;92;93;296;1,2;,5;
2026/06/05;0000 UTC;0;1026,6;1026,7;1026,5;;18;17,1;18,7;18;17,6;17,1;94;93;94;339;1,2;,4;
2026/06/05;0100 UTC;0;1026,7;1026,8;1026,6;;17,7;16,9;18;17,5;17,1;16,7;95;94;95;322;1,8;,4;
2026/06/05;0200 UTC;0;1026,7;1026,7;1026,7;;16,9;16,3;17,7;16,9;16,8;16,2;96;95;96;313;1,7;,4;
2026/06/05;0300 UTC;0;1026,5;1026,7;1026,5;;16,5;15,9;17;16,5;16,3;15,9;97;96;96;323;1,8;,5;
2026/06/05;0400 UTC;0;1026,1;1026,5;1026,1;;16;15,4;16,5;16;15,9;15,4;96;96;96;339;2,3;,5;
2026/06/05;0500 UTC;0;1025,5;1026,2;1025,5;;16,4;15,8;16,4;15,8;15,8;15,2;96;96;96;52;2,8;1,1;
2026/06/05;0600 UTC;1,4;1025;1025,6;1025;;16,5;15,9;16,8;16,3;16,1;15,7;96;96;96;336;2,8;1,3;
2026/06/05;0700 UTC;,4;1024,4;1025;1024,4;;16,5;15,8;16,8;16,5;16,2;15,8;96;96;96;263;2,6;,5;
2026/06/05;0800 UTC;0;1024,3;1024,5;1024,3;;16,5;15,8;16,7;16,5;16;15,7;96;95;96;308;2,7;,6;
2026/06/05;0900 UTC;0;1024,8;1024,8;1024,3;;16,7;15,9;16,7;16,4;15,9;15,7;96;95;95;288;2,5;,4;
2026/06/05;1000 UTC;0;1025,1;1025,1;1024,8;70,5;16,6;15,9;16,7;16,3;15,9;15,5;96;95;95;270;1,5;,5;
2026/06/05;1100 UTC;2,6;1025,5;1025,5;1025,1;240,8;17,2;16,2;17,5;16,6;16,5;15,9;95;94;94;299;3,1;,8;
2026/06/05;1200 UTC;,2;1026;1026;1025,5;839,3;19,1;17,3;19,3;17,2;17,8;16,2;95;89;89;275;3,1;,8;
2026/06/05;1300 UTC;0;1025,9;1026,1;1025,9;1029,2;19,8;16,4;19,9;18,9;17,5;16,4;89;81;81;283;2,3;,9;
2026/06/05;1400 UTC;0;1025,6;1025,9;1025,6;1303,5;21,1;16,6;21,2;19,9;17,3;16,2;82;75;75;323;3;,9;
2026/06/05;1500 UTC;0;1025;1025,6;1025;1516,5;21,7;14,7;22;21;17;14,7;76;65;65;331;3,5;1,1;
2026/06/05;1600 UTC;,4;1024,1;1025;1024,1;1027,3;20,1;16,7;22,4;19,9;16,9;14,9;82;65;81;335;4,4;1,2;
2026/06/05;1700 UTC;0;1023,6;1024,1;1023,6;1232,5;21,2;16,3;21,2;20,1;17,2;15,9;83;74;74;356;2,8;1;
2026/06/05;1800 UTC;0;1023;1023,6;1023;1449,8;21,8;15,7;21,9;20,9;16,4;14,8;75;65;68;22;3,5;1,6;
2026/06/05;1900 UTC;0;1023;1023;1023;709,6;21;16,4;22,1;20,7;16,7;15;77;65;75;9;3,3;,7;
2026/06/05;2000 UTC;0;1023;1023;1023;172,6;20;16,9;21,1;20;17;16,1;83;73;83;352;2,8;,6;
2026/06/05;2100 UTC;0;1023,1;1023,1;1023;2,6;18,1;16,2;19,9;18,1;16,9;16;89;82;89;330;1,8;,7;
2026/06/05;2200 UTC;,4;1023,2;1023,2;1023,1;;17,5;16;18,1;17,5;16,5;16;91;89;91;23;1,9;,2;
2026/06/05;2300 UTC;0;1023,4;1023,4;1023,2;;16,8;15,7;17,5;16,8;16;15,6;93;91;93;255;1,1;,6;
2026/06/06;0000 UTC;0;1023,4;1023,5;1023,4;;16,4;15,5;16,8;16,3;15,7;15,3;94;93;94;247;1;,6;
2026/06/06;0100 UTC;0;1023,6;1023,6;1023,4;;16,8;16;16,8;16,4;16;15,5;95;94;95;315;1,6;,5;
2026/06/06;0200 UTC;0;1023,2;1023,6;1023,2;;16,7;15,9;16,9;16,7;16,1;15,9;95;95;95;332;1,7;,4;
2026/06/06;0300 UTC;0;1022,7;1023,2;1022,7;;16,4;15,6;16,8;16,4;16;15,6;95;95;95;310;1;,3;
2026/06/06;0400 UTC;0;1022;1022,7;1022;;15,3;14,6;16,4;15,3;15,6;14,6;96;95;96;276;1;,5;
2026/06/06;0500 UTC;0;1021,3;1022;1021,3;;14,7;14,1;15,3;14,7;14,6;14,1;96;96;96;299;1,4;,3;
2026/06/06;0600 UTC;0;1020,7;1021,3;1020,7;;14,1;13,5;14,8;14,1;14,2;13,5;96;96;96;256;1,3;,5;
2026/06/06;0700 UTC;0;1020,4;1020,7;1020,3;;13,6;13,1;14,1;13,6;13,5;13,1;97;96;97;240;1,1;,6;
2026/06/06;0800 UTC;0;1020,3;1020,4;1020,3;;13,3;12,9;13,6;13,3;13;12,8;97;97;97;232;1,2;,5;
2026/06/06;0900 UTC;0;1020,4;1020,4;1020,2;;12,8;12,4;13,3;12,8;12,8;12,4;97;97;97;271;1;,5;
2026/06/06;1000 UTC;,2;1020,6;1020,6;1020,4;49,6;13,2;12,8;13,2;12,5;12,8;12,1;98;97;98;277;,9;,4;
2026/06/06;1100 UTC;0;1020,9;1020,9;1020,6;584,3;15,1;14,7;15,3;13,2;14,9;12,9;98;97;97;327;1,6;,6;
2026/06/06;1200 UTC;0;1020,7;1020,9;1020,7;1261,9;19,1;15,9;19,2;15,1;16,2;14,9;98;82;82;53;2,1;,3;
2026/06/06;1300 UTC;0;1020,4;1020,7;1020,4;1853;20,9;13,9;21;18,7;15,9;13,9;82;64;64;82;2,4;,8;
2026/06/06;1400 UTC;0;1020;1020,5;1020;2270;22,2;14,3;22,2;20,9;15;13,3;67;59;61;128;4,2;1,9;
2026/06/06;1500 UTC;0;1018,8;1020;1018,8;2467,1;22,5;14;22,8;21,9;14,9;13,4;63;57;59;131;4,2;1,8;
2026/06/06;1600 UTC;0;1017,5;1018,8;1017,5;2424,1;23,9;14,4;24;22,5;15,4;13,6;61;55;55;163;4;,9;
2026/06/06;1700 UTC;0;1017;1017,5;1017;2284,2;24,1;13,5;24,5;23,5;15,1;13,2;57;51;51;128;3,5;1,7;
2026/06/06;1800 UTC;0;1016,7;1017;1016,7;1687,7;24,1;13,5;24,4;23,9;14,2;12,5;54;49;52;151;3,3;1,3;
2026/06/06;1900 UTC;0;1016,5;1016,7;1016,5;957,7;23,5;14,7;24,4;23,5;14,7;12,7;58;48;58;76;3,2;1,4;
2026/06/06;2000 UTC;0;1017;1017;1016,5;145,8;21,5;15,4;23,5;21,5;15,5;13,8;68;55;68;70;4,1;1,4;
2026/06/06;2100 UTC;0;1017,2;1017,2;1017;2;18,7;15,8;21,5;18,6;15,9;15,3;84;68;83;43;3;,7;
2026/06/06;2200 UTC;0;1017,1;1017,3;1017,1;;17,3;15,3;18,7;17,3;15,8;15,3;88;83;88;57;1,8;,3;
2026/06/06;2300 UTC;0;1017,3;1017,4;1017,1;;16,2;14,8;17,3;16,2;15,5;14,8;92;88;92;268;1,3;,4;
2026/06/07;0000 UTC;0;1017,2;1017,3;1017,2;;15,5;14,4;16,2;15,5;14,8;14,4;93;92;93;249;1,5;,7;
2026/06/07;0100 UTC;0;1017,1;1017,2;1017,1;;14,8;13,8;15,5;14,8;14,4;13,8;94;93;94;285;1,5;,4;
2026/06/07;0200 UTC;0;1017;1017,1;1016,9;;14,2;13,3;14,8;14,1;13,8;13,3;95;94;95;219;,9;,4;
2026/06/07;0300 UTC;0;1017,2;1017,3;1017;;13,6;12,8;14,2;13,5;13,4;12,7;95;95;95;322;1;,4;
2026/06/07;0400 UTC;0;1017,2;1017,3;1017,2;;13,8;13,1;13,9;13,5;13,2;12,7;96;95;96;350;1;,4;
2026/06/07;0500 UTC;0;1016,8;1017,2;1016,8;;13,1;12,5;13,8;13,1;13,2;12,5;96;96;96;274;1,2;,5;
2026/06/07;0600 UTC;0;1016,1;1016,9;1016,1;;12,8;12,3;13,3;12,8;12,7;12,3;97;96;97;272;1,2;,5;
2026/06/07;0700 UTC;0;1016,2;1016,2;1015,9;;12,6;12,1;12,8;12,5;12,3;12;97;96;97;279;1,6;,5;
2026/06/07;0800 UTC;0;1016,1;1016,2;1016;;12,4;12;12,8;12,4;12,3;11,9;97;97;97;324;1,7;,5;
2026/06/07;0900 UTC;0;1016,6;1016,6;1016,1;;12,4;12;12,5;12,2;12,1;11,8;97;97;97;348;1,6;,5;
2026/06/07;1000 UTC;0;1017,2;1017,2;1016,6;46,1;12,9;12,5;12,9;12,2;12,5;11,8;98;97;98;309;1;,2;
2026/06/07;1100 UTC;0;1017,7;1017,7;1017,2;557,8;15,5;15,2;15,5;12,9;15,2;12,6;98;98;98;5;1,7;,8;
2026/06/07;1200 UTC;0;1017,8;1017,9;1017,7;1215,6;18,7;16,1;18,7;15,5;16,6;15,3;98;84;85;5;1,8;,6;
2026/06/07;1300 UTC;0;1017,6;1017,8;1017,5;1807,3;21,4;16,7;21,5;18,7;17,1;15,6;85;74;75;207;1,7;,5;
2026/06/07;1400 UTC;0;1017;1017,6;1017;2224,6;23,9;15,1;24,1;21,4;16,8;14,4;75;57;58;240;2,6;1,1;
2026/06/07;1500 UTC;0;1016,4;1017;1016,4;2423,2;25;14,2;25;23,8;16;14;60;51;51;237;3,5;1,4;
2026/06/07;1600 UTC;0;1015,5;1016,4;1015,5;2430,4;25,8;13,4;26,3;24,8;15,2;11,8;54;41;46;214;5,7;2,6;
2026/06/07;1700 UTC;,2;1015,1;1015,5;1015,1;2174,5;26,3;11,8;26,6;25,7;14,1;11,8;48;40;40;221;7,4;2,5;
2026/06/07;1800 UTC;0;1015,1;1015,1;1014,9;1704,4;25,9;10,9;26,5;25,8;12,2;8,8;42;33;39;218;5,8;2,5;
2026/06/07;1900 UTC;0;1015,4;1015,4;1015,1;968,7;24,8;11,8;26,1;24,8;12,2;10,7;45;39;44;232;5,1;1,9;
2026/06/07;2000 UTC;0;1016,2;1016,2;1015,4;103,4;21,9;16,3;24,8;21,9;16,6;11,6;71;44;71;169;4,8;1,4;
2026/06/07;2100 UTC;0;1017,1;1017,1;1016,2;1,1;18,8;16;21,9;18,8;16,3;15,8;84;71;84;235;2,9;,3;
2026/06/07;2200 UTC;0;1017,8;1017,8;1017,1;;17,3;15,5;18,8;17,3;16,1;15,5;89;84;89;244;1,5;,5;
2026/06/07;2300 UTC;0;1018,4;1018,4;1017,8;;16,6;15,3;17,3;16,6;15,7;15,3;92;89;92;232;1,1;,4;
2026/06/08;0000 UTC;0;1018,8;1018,8;1018,4;;15,7;14,6;16,6;15,7;15,2;14,6;93;92;93;283;1,3;,4;
2026/06/08;0100 UTC;0;1019,1;1019,1;1018,8;;15;14;15,7;15;14,6;14;94;93;94;247;1,2;,3;
2026/06/08;0200 UTC;0;1019,4;1019,4;1019,1;;14,5;13,6;15,1;14,5;14,1;13,6;95;94;94;345;2,4;,4;
2026/06/08;0300 UTC;0;1019,4;1019,5;1019,4;;14,1;13,3;14,5;14,1;13,6;13,3;95;94;95;269;1,3;,5;
2026/06/08;0400 UTC;0;1019,4;1019,4;1019,3;;13,9;13,2;14,1;13,7;13,3;13;96;95;96;304;1,5;,5;
2026/06/08;0500 UTC;0;1019;1019,5;1019;;13,5;12,9;13,9;13,5;13,2;12,9;96;96;96;286;2;,3;
2026/06/08;0600 UTC;0;1018,7;1019,1;1018,6;;13;12,4;13,5;12,9;12,9;12,3;96;96;96;265;1,5;,7;
2026/06/08;0700 UTC;0;1018,6;1018,7;1018,5;;12,5;12;13;12,5;12,4;12;97;96;97;263;1,5;,5;
2026/06/08;0800 UTC;0;1018,9;1018,9;1018,5;;12,2;11,7;12,6;12,2;12,1;11,7;97;96;97;253;1,3;,4;
2026/06/08;0900 UTC;0;1019,4;1019,4;1018,9;;12,1;11,6;12,3;12,1;11,8;11,6;97;97;97;263;1,3;,3;
2026/06/08;1000 UTC;0;1019,9;1019,9;1019,4;43;12,4;12;12,4;11,8;12;11,4;98;97;98;269;1;,4;
2026/06/08;1100 UTC;0;1020,5;1020,6;1019,9;562;15,4;14,9;15,6;12,4;15,1;12,1;98;97;97;320;1,1;,6;
2026/06/08;1200 UTC;0;1021;1021;1020,5;1226,1;19,1;16,7;19,2;15,4;16,9;14,9;97;85;86;20;1,7;,6;
2026/06/08;1300 UTC;0;1021;1021,1;1021;1809,1;22,3;16,1;22,6;19,1;16,9;15,8;86;68;68;50;1,5;,5;
2026/06/08;1400 UTC;0;1020,3;1021;1020,3;2227,9;23,7;15,6;23,8;22,1;16,3;13,6;68;55;60;100;2,3;,9;
2026/06/08;1500 UTC;0;1019,3;1020,3;1019,3;2426,9;25;14,8;25,1;23,3;15,6;13,9;61;51;53;8;2,5;1;
2026/06/08;1600 UTC;0;1018,5;1019,4;1018,5;2397,7;25,1;13,2;25,3;24,3;15,6;12,5;57;46;48;197;3,7;1,2;
2026/06/08;1700 UTC;0;1017,8;1018,5;1017,8;2142;26,1;11,6;26,5;25;14,1;10,1;51;38;40;96;3,1;1,2;
2026/06/08;1800 UTC;0;1017,4;1017,8;1017,3;1674,2;26,1;13,7;26,4;25,5;13,9;10,7;47;38;46;91;3,2;,9;
2026/06/08;1900 UTC;0;1017,1;1017,4;1017;958,8;25,3;14,6;26,5;25,3;15,1;12,9;53;44;51;69;2,8;1,4;
2026/06/08;2000 UTC;0;1017,2;1017,2;1017,1;96,8;22,8;16,3;25,3;22,8;16,3;14,7;67;51;67;68;3,6;1,3;
2026/06/08;2100 UTC;0;1017,8;1017,8;1017,2;,7;19,3;16,5;22,8;19,3;16,5;16,3;84;67;84;354;2,7;,5;
2026/06/08;2200 UTC;0;1018,2;1018,2;1017,8;;17,9;16;19,4;17,9;16,5;15,9;89;84;89;268;1,3;,4;
2026/06/08;2300 UTC;0;1018,6;1018,6;1018,2;;16,8;15,3;17,9;16,7;16;15,2;91;89;91;215;1,3;,3;
2026/06/09;0000 UTC;0;1018,5;1018,6;1018,4;;15,8;14,6;16,8;15,8;15,3;14,6;93;91;93;233;1,2;,4;
2026/06/09;0100 UTC;0;1018,4;1018,5;1018,4;;14,9;13,9;15,8;14,9;14,7;13,9;94;93;94;229;1,2;,6;
2026/06/09;0200 UTC;0;1018,3;1018,4;1018,2;;14,3;13,4;14,9;14,3;13,9;13,4;94;94;94;230;1;,5;
2026/06/09;0300 UTC;0;1018,1;1018,3;1018,1;;13,9;13,1;14,3;13,9;13,4;13,1;95;94;95;263;,8;,3;
2026/06/09;0400 UTC;0;1018;1018,2;1018;;13,7;13;14;13,7;13,2;13;96;95;96;292;1;,4;
2026/06/09;0500 UTC;0;1017,4;1018;1017,4;;13,5;12,9;13,8;13,5;13,1;12,9;96;96;96;283;1;,4;
2026/06/09;0600 UTC;0;1016,8;1017,4;1016,8;;13,1;12,6;13,6;13,1;13;12,6;97;96;97;276;,9;,5;
2026/06/09;0700 UTC;0;1016,5;1016,8;1016,4;;13,2;12,8;13,4;13,1;12,9;12,6;97;97;97;315;1,1;,5;
2026/06/09;0800 UTC;0;1016,8;1016,8;1016,5;;12,9;12,5;13,2;12,9;12,8;12,5;97;97;97;301;1;,5;
2026/06/09;0900 UTC;0;1017,2;1017,2;1016,7;;12,6;12,3;12,9;12,5;12,5;12,2;98;97;98;321;1;,4;
2026/06/09;1000 UTC;0;1017,8;1017,8;1017,2;43,6;12,6;12,2;12,7;12,4;12,4;12,1;98;98;98;17;1;,5;
2026/06/09;1100 UTC;0;1018;1018;1017,8;524,7;14,9;14,7;14,9;12,5;14,7;12,2;99;98;99;11;1;,5;
2026/06/09;1200 UTC;0;1018,2;1018,2;1018;1177,8;18,6;17,9;18,6;14,9;17,9;14,8;99;96;96;356;1,4;,3;
2026/06/09;1300 UTC;0;1017,8;1018,2;1017,8;1661,2;21,8;16;21,9;18,6;18,1;15,7;96;69;70;44;1,3;,6;
2026/06/09;1400 UTC;0;1016,9;1017,8;1016,9;2086,8;24,8;15,8;24,8;21,8;16,5;14,5;70;55;57;170;1,4;,4;
2026/06/09;1500 UTC;0;1015,6;1016,9;1015,6;2146,4;26,2;16,8;26,2;24,7;17,7;15,5;62;56;56;131;3,2;,9;
2026/06/09;1600 UTC;0;1014,4;1015,6;1014,4;2137,3;27,6;17,2;27,9;26,1;17,3;16,2;57;50;53;142;3,2;1,3;
2026/06/09;1700 UTC;0;1013,7;1014,5;1013,7;1947,5;28,6;15,3;29,2;27,6;17,3;15,2;53;44;44;97;2,7;,7;
2026/06/09;1800 UTC;0;1013,4;1013,7;1013,4;1476,4;29;15,4;29,2;28;16,6;14,6;49;43;44;10;2,7;,9;
2026/06/09;1900 UTC;0;1013,3;1013,5;1013,3;956,3;26,9;17,7;29;26,9;18,2;14,7;57;43;57;16;2,5;1,1;
2026/06/09;2000 UTC;0;1013,5;1013,6;1013,2;97,6;23;18,6;26,9;23;18,7;17,8;76;57;76;4;1,9;,2;
2026/06/09;2100 UTC;0;1014,1;1014,1;1013,5;4,6;20,2;17,9;23;20,2;18,7;17,8;87;76;86;5;1,7;,6;
2026/06/09;2200 UTC;0;1014,7;1014,7;1014,1;;18,7;17;20,2;18,7;17,9;17;90;86;90;246;1,7;,6;
2026/06/09;2300 UTC;0;1015;1015;1014,7;;17,7;16,3;18,7;17,6;16,9;16,2;91;90;91;308;1,3;,6;
2026/06/10;0000 UTC;0;1015,1;1015,2;1015;;17,1;15,9;17,7;17;16,3;15,8;93;91;93;294;1,2;,8;
2026/06/10;0100 UTC;0;1015,4;1015,4;1015,1;;16,3;15,3;17,1;16,3;16;15,2;93;93;93;273;1,3;,7;
2026/06/10;0200 UTC;0;1015,7;1015,7;1015,3;;16,5;15,6;16,6;16,1;15,7;15,1;94;94;94;138;3,5;,2;
2026/06/10;0300 UTC;0;1015,1;1015,8;1015,1;;16,4;15,3;16,8;16,3;15,8;15,2;94;93;93;296;1,5;,3;
2026/06/10;0400 UTC;0;1015,1;1015,4;1015,1;;15,7;14,7;16,4;15,6;15,3;14,6;94;93;94;331;1,1;,3;
2026/06/10;0500 UTC;0;1014,9;1015,2;1014,9;;15,4;14,5;15,8;15,3;14,9;14,4;95;94;95;47;1,1;,2;
2026/06/10;0600 UTC;0;1014,9;1014,9;1014,7;;15;14,2;15,4;14,9;14,6;14,1;95;95;95;267;1,2;,4;
2026/06/10;0700 UTC;0;1014,8;1014,9;1014,7;;14,8;14,2;15;14,5;14,2;13,8;96;95;96;41;1,4;,5;
2026/06/10;0800 UTC;0;1014,9;1014,9;1014,7;;14,1;13,5;14,8;14,1;14,1;13,5;96;96;96;281;1,2;,6;
2026/06/10;0900 UTC;0;1015,2;1015,2;1014,9;;14;13,4;14,2;14;13,6;13,4;96;96;96;327;1,4;,4;
2026/06/10;1000 UTC;,2;1016,1;1016,1;1015,1;40,8;14,3;13,8;14,3;13,7;13,8;13,2;97;96;97;257;1,4;,6;
2026/06/10;1100 UTC;0;1017,1;1017,1;1016,1;502,7;16,7;15,9;16,7;14,3;16;13,8;97;95;95;344;1,5;,8;
2026/06/10;1200 UTC;0;1017,6;1017,7;1017,1;1118,6;20,6;17;20,6;16,7;17,3;15,8;95;80;80;320;1,4;,6;
2026/06/10;1300 UTC;0;1017,4;1017,7;1017,4;1715,1;24,2;17,2;24,2;20,6;17,8;16,8;80;65;65;249;1,7;,6;
2026/06/10;1400 UTC;0;1016,6;1017,4;1016,6;2116,7;26,1;16,6;26,3;23,7;17,7;16,3;67;56;56;295;1,9;,6;
2026/06/10;1500 UTC;0;1016;1016,7;1016;2283,6;27;15,3;27,4;25,6;17,4;14,8;58;48;49;186;3,5;1,5;
2026/06/10;1600 UTC;0;1015;1016;1015;1977,4;27;12,8;27,6;26,5;15,5;12,8;49;41;41;179;3,5;1,1;
2026/06/10;1700 UTC;0;1014,6;1015;1014,6;1647,9;25,8;17,7;27,7;25,7;17,9;12,5;61;40;61;185;4,4;2,1;
2026/06/10;1800 UTC;0;1014,9;1014,9;1014,6;1420,1;25,6;17,5;26,4;25,5;18,2;17,2;63;59;61;177;4,2;1,6;
2026/06/10;1900 UTC;0;1015;1015;1014,7;622,2;24;17,9;25,6;24;18,2;17,3;69;61;69;176;5,1;1,9;
2026/06/10;2000 UTC;0;1015,6;1015,6;1015;193,2;22,5;17,3;24,1;22,5;18;16,9;72;67;72;135;4,3;,8;
2026/06/10;2100 UTC;0;1016,4;1016,4;1015,6;;20,3;17,3;22,5;20,3;17,6;17,2;83;72;83;358;1,4;,7;
2026/06/10;2200 UTC;0;1016,6;1016,6;1016,4;;19;17,1;20,3;19;17,3;17;89;83;89;67;1,4;,2;
2026/06/10;2300 UTC;0;1016,9;1017;1016,6;;18,7;17,1;19;18,6;17,2;16,9;90;89;90;229;1;,5;
2026/06/11;0000 UTC;0;1016,8;1016,9;1016,6;;18;16,7;18,7;18;17,1;16,7;92;90;92;230;1,3;,6;
2026/06/11;0100 UTC;0;1017,1;1017,1;1016,6;;17,4;16,3;18;17,4;16,7;16,3;93;92;93;235;1,3;,3;
2026/06/11;0200 UTC;0;1016,9;1017,1;1016,9;;17,6;16,6;17,6;17,2;16,6;16,1;94;93;94;60;,8;,4;
2026/06/11;0300 UTC;0;1016,8;1016,9;1016,8;;17,9;17;17,9;17,6;17;16,7;94;94;94;303;,9;,3;
2026/06/11;0400 UTC;0;1016,4;1016,8;1016,4;;17,9;17;18,2;17,9;17,2;17;94;94;94;251;1,2;,6;
2026/06/11;0500 UTC;0;1016,1;1016,4;1016,1;;17,9;17,1;17,9;17,5;17,1;16,6;95;94;95;305;1,2;,3;
2026/06/11;0600 UTC;0;1016,2;1016,2;1015,7;;18,2;17,4;18,2;17,9;17,4;17,1;95;95;95;274;,8;,4;
2026/06/11;0700 UTC;0;1015,6;1016,2;1015,6;;18,3;17,5;18,3;18,2;17,5;17,4;95;95;95;197;1;,5;
2026/06/11;0800 UTC;0;1015,6;1015,8;1015,4;;18,5;17,8;18,5;18,3;17,8;17,5;96;95;96;301;1,4;,4;
2026/06/11;0900 UTC;0;1015,7;1015,8;1015,4;;18,3;17,6;18,5;18,2;17,8;17,5;96;95;96;19;,8;,2;
2026/06/11;1000 UTC;0;1017;1017;1015,7;24,1;18,5;18;18,5;18,2;18;17,5;96;96;96;304;,9;,2;
2026/06/11;1100 UTC;0;1017;1017,2;1016,8;304,5;19,7;19,2;19,7;18,5;19,2;18;97;96;97;82;1,4;,7;
2026/06/11;1200 UTC;0;1018;1018,1;1017;521,9;21,1;19,7;21,1;19,7;19,8;19,2;97;92;92;205;1,9;1;
2026/06/11;1300 UTC;0;1018,7;1018,8;1018;470,8;21,6;18,7;21,6;21;19,7;18,7;92;84;84;243;2,5;1,3;
2026/06/11;1400 UTC;0;1018,1;1018,8;1018,1;770,5;22,5;18,5;22,6;21,5;19,1;18,3;84;77;78;249;2,5;1;
2026/06/11;1500 UTC;0;1017,1;1018,1;1017,1;1038,7;23,3;18,3;23,6;22,4;19,1;18,2;80;73;74;261;3,1;1,3;
2026/06/11;1600 UTC;0;1016,1;1017,1;1016,1;845,3;22,8;18;23,3;22,8;19,2;17,9;78;73;74;244;3,1;1,1;
2026/06/11;1700 UTC;0;1015,1;1016,1;1015;501,3;22,5;18;23;22,4;18,7;18;78;74;76;204;2,1;,5;
2026/06/11;1800 UTC;0;1014,4;1015,1;1014,4;272,4;22,5;18,5;22,6;22,2;18,7;17,9;80;75;79;300;1,3;,4;
2026/06/11;1900 UTC;0;1014,4;1014,4;1014;403,5;22,6;18,7;23;22,4;18,9;18,2;80;76;78;105;2;,7;
2026/06/11;2000 UTC;0;1015;1015;1014,3;111;21,9;19,3;22,6;21,9;19,3;18,7;85;78;85;216;1,8;1,2;
2026/06/11;2100 UTC;0;1016;1016;1015;2,4;21,4;19,2;21,9;21,4;19,3;19,1;88;85;88;260;2,2;1;
2026/06/11;2200 UTC;0;1016,3;1016,3;1016;;21,3;19,2;21,5;21,3;19,3;19,1;88;87;88;4;2,4;,3;
2026/06/11;2300 UTC;0;1015,9;1016,3;1015,9;;21;19,1;21,3;20,9;19,2;19,1;89;88;89;53;2,7;1,4;
2026/06/12;0000 UTC;0;1015,8;1016,1;1015,8;;20;18,4;21,1;20;19,2;18,4;91;88;91;203;2,7;,7;
2026/06/12;0100 UTC;0;1015,5;1015,9;1015,3;;18,9;17,9;20;18,9;18,4;17,8;94;91;94;284;1,6;,7;
2026/06/12;0200 UTC;0;1015,5;1015,6;1015,3;;18,2;17,4;18,9;18,2;17,9;17,4;95;94;95;238;1,7;,8;
2026/06/12;0300 UTC;0;1015,8;1015,8;1015,5;;18,3;17,6;18,7;18,2;18;17,3;96;95;96;284;3;,7;
2026/06/12;0400 UTC;0;1015,5;1015,8;1015,5;;17,5;16,9;18,4;17,5;17,7;16,9;96;96;96;350;1,8;,4;
2026/06/12;0500 UTC;0;1015,3;1015,5;1015,3;;17,1;16,6;17,5;17,1;16,9;16,5;96;96;96;338;1;,5;
2026/06/12;0600 UTC;0;1014,3;1015,3;1014,3;;16,8;16,3;17,2;16,8;16,6;16,3;97;96;97;266;1;,4;
2026/06/12;0700 UTC;0;1014,5;1014,5;1014,2;;16,3;15,9;16,9;16,3;16,4;15,9;97;97;97;255;2,3;,7;
2026/06/12;0800 UTC;0;1014,5;1014,5;1014,3;;16;15,6;16,3;16;15,9;15,6;97;97;97;263;1,8;,5;
2026/06/12;0900 UTC;0;1014,4;1014,6;1014,3;;15,6;15,3;16,1;15,6;15,7;15,3;98;97;98;360;1,7;,3;
2026/06/12;1000 UTC;0;1015,1;1015,2;1014,4;40,5;15,6;15,4;15,6;15,4;15,4;15,2;99;98;99;264;1;,6;
2026/06/12;1100 UTC;0;1015,5;1015,5;1015,1;498,6;17,4;17,4;17,4;15,5;17,4;15,4;100;99;100;34;2;,5;
2026/06/12;1200 UTC;0;1015,1;1015,5;1015,1;1167,1;21,3;19,5;21,4;17,4;20,5;17,5;100;89;89;26;1,3;,4;
2026/06/12;1300 UTC;0;1014,2;1015,1;1014,2;1833,9;24;18,7;24,3;21,2;19,7;18,5;89;72;72;61;3,4;1,5;
2026/06/12;1400 UTC;0;1013,1;1014,2;1013,1;2186,1;25,3;18,3;25,5;23,9;19,3;18,1;73;65;65;99;4,2;2,1;
2026/06/12;1500 UTC;0;1012,1;1013,2;1012,1;2371;27,2;18,9;27,2;25,3;19,1;18;67;59;61;96;5,1;2,6;
2026/06/12;1600 UTC;0;1011,2;1012,1;1011,2;1276,4;27,1;18,7;27,2;26,7;19,1;18,1;62;58;60;61;5,1;1,3;
2026/06/12;1700 UTC;0;1010,6;1011,2;1010,6;1878,8;27,9;19,3;28,5;27,1;19,5;18,6;61;57;59;162;2,7;1,1;
2026/06/12;1800 UTC;0;1011,1;1011,1;1010,4;875,4;27,4;19,9;28,2;27,4;20,1;18,8;65;58;64;225;2,5;1,5;
2026/06/12;1900 UTC;0;1012,8;1012,8;1011,1;367,5;26,5;18,5;27,5;26,4;20,3;18,5;68;62;62;238;9,3;3,6;
2026/06/12;2000 UTC;0;1012,9;1013;1012,4;37,7;24,1;18,5;26,5;24,1;19;17,6;72;60;71;232;9,3;1,2;
2026/06/12;2100 UTC;0;1012,4;1012,9;1012,4;,4;22,4;18,8;24,1;22,4;18,9;18,4;80;71;80;63;2,8;,9;
2026/06/12;2200 UTC;0;1012,2;1012,6;1012,2;;21,7;18,7;22,4;21,4;18,9;18,5;84;80;83;108;2,2;1;
2026/06/12;2300 UTC;0;1012,3;1012,5;1012,2;;20,5;18,5;21,7;20,4;18,7;18,2;88;82;88;175;2;,5;
2026/06/13;0000 UTC;0;1012,2;1012,6;1011,9;;19,7;18,1;20,5;19,6;18,5;18;91;88;91;271;1,3;,6;
2026/06/13;0100 UTC;0;1013,1;1013,3;1012,2;;19,4;18,2;19,7;19,3;18,2;17,9;93;91;93;266;2,7;,9;
2026/06/13;0200 UTC;0;1013;1013,2;1012,8;;19,2;18;19,6;19,1;18,4;18;93;93;93;270;2,7;,5;
2026/06/13;0300 UTC;0;1012,4;1013,1;1012,4;;18,9;17,9;19,2;18,9;18,1;17,8;94;93;94;316;1,7;,3;
2026/06/13;0400 UTC;0;1012,3;1012,7;1012,3;;18,4;17,5;18,9;18,4;17,9;17,5;95;94;95;264;1,4;,5;
2026/06/13;0500 UTC;0;1011,6;1012,3;1011,5;;18,2;17,5;18,4;18,1;17,5;17,3;96;95;96;268;1,6;,3;
2026/06/13;0600 UTC;0;1011,2;1011,7;1011,1;;18,2;17,7;18,3;18,1;17,7;17,5;97;96;97;302;1,4;,5;
2026/06/13;0700 UTC;0;1011,1;1011,2;1011;;17,9;17,3;18,2;17,8;17,7;17,2;97;96;96;315;1,5;,7;
2026/06/13;0800 UTC;0;1010,6;1011,1;1010,5;;17,9;17,3;18;17,6;17,4;17;96;96;96;262;1,9;,5;
2026/06/13;0900 UTC;0;1011,3;1011,3;1010,5;;17,7;17,1;17,9;17,6;17,3;17;96;96;96;260;2,4;,7;
2026/06/13;1000 UTC;0;1012,3;1012,3;1011,3;77,1;18,2;17,6;18,2;17,4;17,6;16,8;96;96;96;357;1,5;,5;
2026/06/13;1100 UTC;0;1013;1013,1;1012,2;346,2;19,7;18,7;19,7;18,2;18,7;17,7;97;94;94;274;1,5;,5;
2026/06/13;1200 UTC;0;1013,7;1013,7;1013;802,6;22,9;19,8;22,9;19,7;20;18,7;94;82;82;261;1,6;,6;
2026/06/13;1300 UTC;0;1014;1014,2;1013,7;1101,5;25,2;20,5;25,2;22,9;20,5;19,3;82;75;75;282;1,9;,4;
2026/06/13;1400 UTC;0;1013,3;1014,1;1013,3;1704,6;29;19,9;29;25,2;21,4;19,8;77;58;58;330;2,2;,6;
2026/06/13;1500 UTC;0;1012,9;1013,3;1012,8;2174,3;31,2;19,2;31,6;29;20,3;18,3;58;47;49;290;3,5;1,2;
2026/06/13;1600 UTC;0;1012,5;1013;1012,5;1094,7;29,1;19,9;31,5;28,9;20;18,5;58;48;58;171;5,8;2,5;
2026/06/13;1700 UTC;0;1012,7;1012,8;1012,4;1062,9;26,5;18,2;29,7;26,4;20,2;17,9;61;54;61;210;6,8;1,8;
2026/06/13;1800 UTC;0;1013,2;1013,2;1012,7;570,9;25,6;19;26,6;25,6;19;17,8;67;60;67;140;4,4;2,1;
2026/06/13;1900 UTC;0;1013,6;1013,6;1013,2;586,2;25;19,6;25,6;24,9;20;18,8;73;67;72;176;3,3;1,7;
2026/06/13;2000 UTC;0;1014,2;1014,2;1013,6;171,8;23,3;19,3;25;23,3;19,8;19,3;78;72;78;165;3,8;1,4;
2026/06/13;2100 UTC;0;1015,1;1015,1;1014,2;2,1;22,1;19,2;23,3;22,1;19,3;19,1;83;78;83;193;2,8;,8;
2026/06/13;2200 UTC;0;1016,3;1016,3;1015,1;;21,9;19,4;22,1;21,7;19,4;19;86;83;86;249;1,8;,6;
2026/06/13;2300 UTC;0;1016,7;1016,7;1016,3;;21,8;19,4;22;21,8;19,6;19,4;87;86;86;116;1,3;,6;
2026/06/14;0000 UTC;0;1017,6;1017,6;1016,6;;21,8;19,5;21,9;21,7;19,6;19,4;87;86;87;230;1,5;,8;
2026/06/14;0100 UTC;0;1017,5;1017,8;1017,3;;21,5;19,4;21,8;21,5;19,6;19,4;88;87;88;107;1,6;,6;
2026/06/14;0200 UTC;0;1017,4;1017,7;1017,3;;21,3;19,5;21,5;21,3;19,6;19,3;89;88;89;353;1,3;,7;
2026/06/14;0300 UTC;0;1017,5;1017,7;1017,4;;21,3;19,6;21,3;21,1;19,6;19,4;90;89;90;245;1,1;,4;
2026/06/14;0400 UTC;0;1017,2;1017,5;1017,1;;21,1;19,6;21,3;21;19,6;19,4;91;90;91;175;1,1;,3;
2026/06/14;0500 UTC;0;1017,1;1017,2;1017;;21;19,6;21,2;21;19,6;19,5;92;91;92;359;1,5;,4;
2026/06/14;0600 UTC;0;1016,9;1017,2;1016,9;;20,9;19,5;21;20,9;19,6;19,5;92;92;92;227;1;,3;
2026/06/14;0700 UTC;0;1016,4;1016,9;1016,4;;20,8;19,4;20,9;20,8;19,5;19,4;92;92;92;242;,9;,2;
2026/06/14;0800 UTC;0;1017;1017;1016,4;;20,7;19,4;20,8;20,6;19,5;19,4;93;92;92;335;1;,3;
2026/06/14;0900 UTC;0;1017,9;1017,9;1017;;20,6;19,4;20,7;20,6;19,5;19,4;93;92;93;284;1;,5;
2026/06/14;1000 UTC;0;1018,5;1018,5;1017,9;15,5;20,7;19,2;20,7;20,6;19,5;19,2;93;91;91;23;2;,8;
2026/06/14;1100 UTC;0;1019,1;1019,1;1018,4;143,6;21,3;19,1;21,3;20,7;19,5;18,9;91;87;87;342;1,4;,5;
2026/06/14;1200 UTC;0;1019,5;1019,5;1019;586;22,4;19,2;22,4;21,3;19,5;18,8;87;82;82;27;2;1;
2026/06/14;1300 UTC;0;1018,5;1019,5;1018,4;1569,5;24,7;17,9;24,9;22,4;19,1;17,2;82;65;66;34;2,8;1,2;
2026/06/14;1400 UTC;0;1017,7;1018,5;1017,6;1642,5;24,6;17,3;24,9;24,3;17,9;16,8;67;63;64;35;3,9;1,1;
2026/06/14;1500 UTC;0;1016,8;1017,7;1016,7;1954,8;25,3;17,3;25,9;24,6;18,2;17,3;65;61;62;75;2,9;1,2;
2026/06/14;1600 UTC;0;1016;1016,7;1015,9;1578,7;26,2;17,4;26,3;25,3;18,2;17,2;63;58;58;69;3,2;1,4;
2026/06/14;1700 UTC;0;1015,9;1016,1;1015,8;1224,1;25,5;18;26,4;25,4;18,3;16,9;64;58;63;22;3,9;1,5;
2026/06/14;1800 UTC;0;1015,4;1015,9;1015,3;954,1;25,7;18,3;25,7;25;18,6;17,7;66;62;64;42;4,5;1,9;
2026/06/14;1900 UTC;0;1015,3;1015,5;1015,2;700,2;24,7;18,4;25,6;24,7;18,5;17,9;68;63;68;70;4,2;1,8;
2026/06/14;2000 UTC;0;1015,5;1015,5;1015,3;186;23,2;18,8;24,7;23,2;18,9;18,3;76;68;76;84;3,6;1,6;
2026/06/14;2100 UTC;0;1016,4;1016,4;1015,5;;22,1;18,6;23,2;22,1;18,8;18,5;81;76;81;123;3,3;1,1;
2026/06/14;2200 UTC;0;1016,6;1016,6;1016,4;;21,4;18,6;22,1;21,4;18,8;18,5;84;81;84;299;2,5;,5;
2026/06/14;2300 UTC;0;1017,1;1017,1;1016,6;;20,3;18,4;21,4;20,3;18,8;18,4;89;84;89;220;1,4;,9;
2026/06/15;0000 UTC;0;1017,3;1017,5;1017;;19,9;18,5;20,3;19,8;18,6;18,4;92;89;92;229;1,6;,7;
2026/06/15;0100 UTC;0;1017,8;1017,9;1017,2;;20;18,7;20,1;19,9;18,7;18,5;92;92;92;236;1,8;,9;
2026/06/15;0200 UTC;0;1017,1;1017,8;1017,1;;20,2;18,8;20,3;20;18,9;18,7;92;91;91;275;2,5;,3;
2026/06/15;0300 UTC;0;1016,6;1017,1;1016,6;;19,9;18,5;20,3;19,9;18,8;18,5;92;91;92;322;1,6;,2;
2026/06/15;0400 UTC;0;1016,1;1016,6;1016,1;;19,1;18;19,9;19,1;18,6;18;94;92;94;223;2;,4;
2026/06/15;0500 UTC;0;1015,9;1016,2;1015,9;;18,9;18,1;19,1;18,7;18,1;17,8;95;94;95;270;1,6;,6;
2026/06/15;0600 UTC;0;1015,1;1015,9;1015,1;;18,7;18;19,1;18,6;18,3;17,9;96;95;96;162;1,4;,6;
2026/06/15;0700 UTC;0;1015,1;1015,1;1014,9;;18,7;18,2;18,7;18,4;18,2;17,7;97;96;97;346;1,8;,5;
2026/06/15;0800 UTC;0;1015;1015,1;1014,9;;18,9;18,5;19;18,7;18,6;18,2;98;97;98;66;1,1;,3;
2026/06/15;0900 UTC;0;1015;1015,2;1014,7;;18,8;18,4;19;18,8;18,6;18,3;98;97;97;222;1,1;,6;
2026/06/15;1000 UTC;0;1015,4;1015,4;1014,7;17;18,6;18,3;18,8;18,6;18,4;18,2;98;97;98;268;1,5;,6;
2026/06/15;1100 UTC;0;1015,6;1015,6;1015,4;285,4;19,5;19,3;19,5;18,6;19,3;18,2;99;98;99;305;1,7;,6;
2026/06/15;1200 UTC;0;1016;1016;1015,6;815;22;20,5;22;19,5;20,9;19,3;99;91;91;258;2,8;1,4;
2026/06/15;1300 UTC;0;1016,4;1016,5;1016;1403,6;24,2;19,8;24,6;22;20,5;19,5;91;76;76;266;4;1,5;
2026/06/15;1400 UTC;0;1015,9;1016,5;1015,9;1874,3;26;19,1;26,1;24,2;20,2;18,9;76;66;66;238;6;2,6;
2026/06/15;1500 UTC;0;1015,5;1016;1015,5;2040,2;26,6;19,6;27,2;26;19,9;18,8;67;62;65;234;4,9;2,1;
2026/06/15;1600 UTC;0;1014,9;1015,5;1014,8;1008,8;26,1;20,2;26,8;26;20,2;19,4;70;65;70;232;5,6;2,4;
2026/06/15;1700 UTC;0;1014,7;1014,9;1014,5;442,1;25;19,6;26,2;25;20,3;19,3;73;68;72;230;6,5;2,5;
2026/06/15;1800 UTC;0;1014,7;1014,8;1014,7;263,3;24,9;20,4;25,2;24,3;20,4;19,3;76;71;76;204;5,6;1,8;
2026/06/15;1900 UTC;0;1014,8;1014,9;1014,6;201;23,8;19,9;25;23,8;20,1;19,7;79;75;79;206;3,9;,8;
2026/06/15;2000 UTC;0;1015,3;1015,3;1014,8;25,7;23;19,7;23,8;23;19,8;19,6;82;78;82;186;3,1;1,2;
2026/06/15;2100 UTC;0;1015,9;1016;1015,3;;22,4;20;23;22,4;20,1;19,7;86;82;86;177;3,2;1,4;
2026/06/15;2200 UTC;,2;1016,3;1016,3;1015,9;;21,8;20,2;22,4;21,8;20,2;20;90;86;90;227;3,2;,6;
2026/06/15;2300 UTC;,4;1016,2;1016,3;1016,2;;21,5;20,2;21,8;21,5;20,2;20,1;93;90;93;317;1;,4;
2026/06/16;0000 UTC;3,4;1016,5;1016,6;1016,2;;21,3;20,3;21,6;21,3;20,4;20,2;94;93;94;274;1,6;,6;
2026/06/16;0100 UTC;16,8;1016,7;1016,9;1016,5;,1;20,7;19,9;21,4;20,7;20,4;19,9;95;94;95;190;2,8;1,4;
2026/06/16;0200 UTC;2;1016,9;1017;1016,7;;20,8;20,1;20,8;20,6;20,1;19,7;96;95;96;130;3,1;,9;
2026/06/16;0300 UTC;5,4;1016,3;1016,9;1016,1;;20,7;20;20,8;20,7;20,1;20;96;96;96;15;1,8;,7;
2026/06/16;0400 UTC;13,8;1015,7;1016,3;1015,7;;20,4;19,8;20,7;20,4;20,1;19,8;97;96;97;201;5,1;,7;
2026/06/16;0500 UTC;0;1015,6;1015,8;1015,4;;20,1;19,7;20,4;20,1;19,9;19,6;97;97;97;274;2,3;,8;
2026/06/16;0600 UTC;0;1014,9;1015,6;1014,8;;20,1;19,8;20,2;20,1;19,9;19,7;98;97;98;274;2,4;,5;
2026/06/16;0700 UTC;0;1014,6;1014,9;1014,6;;20,2;20;20,2;20,1;20;19,8;99;98;99;246;2,1;1;
2026/06/16;0800 UTC;0;1014,8;1014,8;1014,5;;20,2;20;20,2;20,1;20,1;20;99;99;99;277;2,7;,7;
2026/06/16;0900 UTC;,2;1015,2;1015,2;1014,8;;20,1;20;20,2;20,1;20,1;20;99;99;99;255;2;,6;
2026/06/16;1000 UTC;1,6;1015,7;1015,7;1015,2;12,4;20,3;20,2;20,3;20,1;20,2;20;100;99;100;249;1,6;,5;
2026/06/16;1100 UTC;5,2;1016,6;1016,6;1015,7;62,7;20,3;20,3;20,4;20,2;20,4;20,2;100;100;100;257;4,8;1,5;
2026/06/16;1200 UTC;3,8;1017,6;1017,6;1016,5;177,9;20,1;20;20,4;20;20,4;19,9;100;99;99;227;4,9;2,2;
2026/06/16;1300 UTC;5,2;1018;1018;1017,6;312,5;20,3;20,2;20,3;20,1;20,2;19,9;99;99;99;258;4,7;1,8;
2026/06/16;1400 UTC;3;1017,8;1018;1017,8;593,2;20,7;20,5;20,7;20,3;20,5;20,1;99;99;99;242;5,4;2;
2026/06/16;1500 UTC;1;1017,6;1017,8;1017,6;981,8;21;20,2;21,1;20,7;20,6;20,1;99;95;95;217;5,1;2,2;
2026/06/16;1600 UTC;,4;1016,9;1017,6;1016,8;1107,8;21,5;19,1;21,7;20,9;20,3;19,1;95;86;86;205;5,8;2,7;
2026/06/16;1700 UTC;0;1016,6;1016,9;1016,5;827;20,5;19;21,6;20,3;19,2;18,3;91;85;91;208;6;2,1;
2026/06/16;1800 UTC;,6;1017,1;1017,1;1016,6;474,8;19,6;18,2;20,9;19,6;19,2;18,2;92;88;92;184;6,6;2,4;
2026/06/16;1900 UTC;,8;1017,5;1017,6;1017,1;293;19,4;18,1;19,7;19,1;18,2;17,9;93;91;92;182;6,6;1,4;
2026/06/16;2000 UTC;0;1017,9;1017,9;1017,5;111,7;19,1;17,8;19,5;18,9;18,1;17,6;92;91;92;178;4,4;,6;
2026/06/16;2100 UTC;0;1018,2;1018,2;1017,9;1,7;18,8;17,8;19,2;18,8;17,9;17,7;94;92;94;334;1,8;,7;
2026/06/16;2200 UTC;,8;1018,5;1018,5;1018,2;;18,5;17,6;18,9;18,4;17,9;17,5;95;94;95;195;3,7;,6;
2026/06/16;2300 UTC;,4;1018,9;1018,9;1018,6;;18,4;17,7;18,6;18,4;17,7;17,6;95;95;95;318;1,7;,4;
2026/06/17;0000 UTC;1;1019,2;1019,2;1018,9;;18,4;17,7;18,5;18,3;17,8;17,6;96;95;96;297;1,1;,4;
2026/06/17;0100 UTC;,2;1019,3;1019,4;1019,1;;18,1;17,4;18,5;18;17,9;17,4;96;96;96;324;2,5;,5;
2026/06/17;0200 UTC;0;1019,1;1019,3;1019,1;;18,1;17,5;18,2;18,1;17,6;17,4;96;96;96;248;1,2;,2;
2026/06/17;0300 UTC;,2;1018,9;1019,2;1018,9;;18;17,4;18,2;17,9;17,6;17,3;96;96;96;332;1,7;,5;
2026/06/17;0400 UTC;0;1018,9;1019;1018,8;;18;17,4;18,1;17,9;17,5;17,3;96;96;96;24;1,9;1;
2026/06/17;0500 UTC;0;1018,7;1018,9;1018,6;;17,9;17,3;18;17,8;17,4;17,2;96;96;96;39;1,9;,4;
2026/06/17;0600 UTC;,2;1018,6;1018,7;1018,6;;18;17,4;18;17,9;17,4;17,3;97;96;97;47;1;,4;
2026/06/17;0700 UTC;,4;1018,4;1018,6;1018,4;;18;17,5;18;17,8;17,5;17,3;97;97;97;18;2,6;,2;
2026/06/17;0800 UTC;0;1018,5;1018,5;1018,4;;17,9;17,4;18;17,9;17,5;17,4;97;97;97;319;,8;,3;
2026/06/17;0900 UTC;0;1018,9;1018,9;1018,4;;17,9;17,5;18;17,8;17,5;17,4;97;97;97;318;1,1;,4;
2026/06/17;1000 UTC;0;1019,7;1019,7;1018,9;21,5;18;17,6;18;17,8;17,6;17,4;98;97;98;273;1,2;,4;
2026/06/17;1100 UTC;0;1020,1;1020,1;1019,7;399,1;19,2;18,8;19,4;18;19;17,7;98;97;97;332;1,3;,6;
2026/06/17;1200 UTC;0;1020,8;1020,8;1020,1;1056,6;20,6;18,3;20,6;19,2;19;18;97;86;87;249;2,4;,9;
2026/06/17;1300 UTC;0;1021;1021;1020,7;1180;21,2;16,6;21,4;20,6;18,7;16,6;87;75;75;196;1,7;,9;
2026/06/17;1400 UTC;0;1020,9;1021;1020,8;1476,7;22;16,5;22,4;21,2;17,9;16,2;77;69;71;161;2,7;1,1;
2026/06/17;1500 UTC;0;1020,7;1020,9;1020,6;777,3;20,1;17,3;22;20,1;17,7;16,5;84;71;84;200;5,2;2,7;
2026/06/17;1600 UTC;0;1020,1;1020,7;1020,1;1366,4;21,4;17,6;21,4;19,5;18;16,9;87;78;79;130;5,2;1,4;
2026/06/17;1700 UTC;0;1019,7;1020,1;1019,6;1757;22,7;17,2;22,9;21,4;17,7;16,3;80;68;71;256;4,2;1,1;
2026/06/17;1800 UTC;0;1019,7;1019,8;1019,5;597,8;21,2;16,9;22,7;21,2;17,4;16,3;77;70;77;179;4,5;2,4;
2026/06/17;1900 UTC;0;1019,9;1019,9;1019,6;311,8;20,8;17,1;21,2;20,8;17,3;16,7;79;76;79;189;4,5;1;
2026/06/17;2000 UTC;0;1020,3;1020,3;1019,9;88,6;20,1;16,6;20,8;20,1;17,1;16,6;82;78;80;264;2,9;,5;
2026/06/17;2100 UTC;0;1021;1021;1020,3;3,9;18,7;17;20,1;18,5;17;16,4;90;80;90;216;1,8;,7;
2026/06/17;2200 UTC;0;1021,5;1021,5;1021;;18,7;17,1;18,7;18,4;17,1;16,7;91;89;90;261;1,5;,6;
2026/06/17;2300 UTC;0;1022;1022;1021,5;;18,6;16,3;18,9;18,6;17,1;16,3;91;86;86;277;2,4;1,1;
2026/06/18;0000 UTC;0;1022,4;1022,4;1022;;17,6;15,7;18,6;17,6;16,2;15,7;89;85;89;271;2,8;,6;
2026/06/18;0100 UTC;0;1022,8;1022,8;1022,4;;17,4;16,1;17,8;17,2;16,1;15,7;92;89;92;246;1,6;,5;
2026/06/18;0200 UTC;0;1022,7;1022,8;1022,6;;16,6;15,5;17,5;16,6;16,2;15,5;93;92;93;278;1,3;,3;
2026/06/18;0300 UTC;0;1022,8;1022,8;1022,6;;16,3;15,4;16,6;16,2;15,6;15,3;94;93;94;297;2,5;,6;
2026/06/18;0400 UTC;0;1022,9;1023;1022,8;;15,6;14,6;16,4;15,6;15,4;14,6;94;94;94;262;2,2;,9;
2026/06/18;0500 UTC;0;1022,7;1022,9;1022,7;;15,4;14,6;15,6;15,3;14,7;14,5;95;94;95;271;2,3;1;
2026/06/18;0600 UTC;0;1022,6;1022,7;1022,6;;14,7;13,9;15,4;14,7;14,6;13,9;95;95;95;289;2,3;,6;
2026/06/18;0700 UTC;0;1022,7;1022,7;1022,6;;14,4;13,8;14,7;14,4;14,1;13,7;96;95;96;298;2,4;,7;
2026/06/18;0800 UTC;0;1023;1023;1022,7;;13,6;13;14,4;13,6;13,8;13;96;96;96;346;1,4;,5;
2026/06/18;0900 UTC;0;1023,3;1023,3;1022,9;;13,3;12,8;13,6;13,2;13,1;12,7;97;96;97;8;1,1;,4;
2026/06/18;1000 UTC;0;1024,1;1024,1;1023,3;33,7;13,4;12,9;13,4;13;13;12,6;97;97;97;334;1,3;,5;
2026/06/18;1100 UTC;0;1024;1024,2;1023,9;540,5;17,4;16,6;17,4;13,4;16,6;13;98;95;95;82;2,1;,3;
2026/06/18;1200 UTC;0;1024,8;1024,8;1024;1214,6;20;15,4;20,5;17,4;17;15,3;95;74;75;262;2;,6;
2026/06/18;1300 UTC;0;1025,1;1025,1;1024,8;1823,6;21,7;13,9;21,9;20;15,9;13,8;75;61;61;265;3,9;2;
2026/06/18;1400 UTC;0;1024,8;1025,1;1024,8;1745;22,4;13;22,7;21,7;14,5;12,6;62;54;55;261;5;1,2;
2026/06/18;1500 UTC;0;1024,1;1024,8;1024,1;1957,5;23,2;13,3;23,3;22;13,7;12,2;58;51;54;223;4,7;1,9;
2026/06/18;1600 UTC;,2;1023,3;1024,2;1023,3;2493;23,5;13,2;24;22,8;14,3;12,3;56;50;52;221;5,5;2,6;
2026/06/18;1700 UTC;0;1022,8;1023,4;1022,8;1626,3;22,9;12,6;24,1;22,5;14,7;12,3;58;49;52;252;4,6;1,8;
2026/06/18;1800 UTC;0;1022,8;1022,9;1022,7;1436,7;23,1;12,7;24,7;22,9;14,2;11,7;54;46;52;250;3,5;1,2;
2026/06/18;1900 UTC;0;1022,9;1022,9;1022,8;853,5;22,8;13,8;23,2;22,8;14,4;13;59;52;57;185;3,9;1,6;
2026/06/18;2000 UTC;0;1023,3;1023,3;1022,9;123,5;20;14,6;22,8;20;14,8;13,8;72;57;71;194;4,9;,8;
2026/06/18;2100 UTC;0;1023,9;1023,9;1023,3;2,1;17,8;15,3;20;17,8;15,3;14,5;85;71;85;247;2,6;,4;
2026/06/18;2200 UTC;0;1024,2;1024,2;1023,9;;17,1;15,2;17,8;17,1;15,6;15,2;89;85;89;205;1;,4;
2026/06/18;2300 UTC;0;1024,7;1024,7;1024,2;;16,1;14,8;17,1;16,1;15,2;14,7;92;89;92;252;1,5;,5;
2026/06/19;0000 UTC;0;1025,1;1025,1;1024,7;;15;13,9;16,1;15;14,8;13,9;93;92;93;240;1;,3;
2026/06/19;0100 UTC;0;1025,1;1025,3;1025,1;;14,6;13,7;15,1;14,6;14,1;13,7;94;93;94;271;,6;,2;
2026/06/19;0200 UTC;0;1025;1025,2;1025;;14;13,2;14,7;14;13,8;13,2;95;94;95;250;,9;,3;
2026/06/19;0300 UTC;0;1024,7;1025;1024,7;;13,7;13;14;13,6;13,3;12,8;95;95;95;277;1,4;,6;
2026/06/19;0400 UTC;0;1024,6;1024,7;1024,6;;13,4;12,8;13,8;13,4;13,2;12,8;96;95;96;216;1,3;,4;
2026/06/19;0500 UTC;0;1024,3;1024,6;1024,3;;12,9;12,3;13,4;12,9;12,7;12,3;96;96;96;3;1,2;,3;
2026/06/19;0600 UTC;0;1023,8;1024,4;1023,8;;12,3;11,8;12,9;12,3;12,3;11,8;96;96;96;252;1,1;,5;
2026/06/19;0700 UTC;0;1023,4;1023,8;1023,4;;12,5;12;12,7;12,3;12,1;11,8;97;96;97;352;1;,3;
2026/06/19;0800 UTC;0;1022,8;1023,4;1022,8;;12,3;11,9;12,6;12,3;12,1;11,9;97;97;97;204;,7;,2;
2026/06/19;0900 UTC;0;1022,6;1022,9;1022,6;;12;11,6;12,4;12;12;11,5;97;97;97;251;,9;,5;
2026/06/19;1000 UTC;0;1022,7;1022,8;1022,6;28,1;12,7;12,4;12,7;11,8;12,4;11,4;98;97;98;132;1,6;,4;
2026/06/19;1100 UTC;0;1022,6;1022,7;1022,6;460,9;15,3;14,9;15,5;12,7;15,2;12,4;98;98;98;99;1,5;,4;
2026/06/19;1200 UTC;0;1022,8;1022,8;1022,6;1199,1;19,6;16,4;19,6;15,3;17,1;15;98;81;82;81;2,9;1,4;
2026/06/19;1300 UTC;0;1022,3;1022,8;1022,1;1806,4;21,3;16,4;21,3;19,5;16,5;15,2;82;72;74;106;5;2,6;
2026/06/19;1400 UTC;0;1021,5;1022,2;1021,5;2177,7;23,2;16,9;23,2;21,3;16,9;15,8;74;64;68;78;6,7;2,5;
2026/06/19;1500 UTC;0;1020,1;1021,5;1020,1;2414,3;24;16,2;24,1;22,8;17;15,8;68;61;62;86;6,5;2,9;
2026/06/19;1600 UTC;0;1018,5;1020,1;1018,5;2414,6;24,9;16,2;25,2;24;17,1;15,5;64;56;58;92;6;3,1;
2026/06/19;1700 UTC;0;1017,6;1018,5;1017,6;2172,9;26,3;16;26,3;24,7;17,1;15,7;60;53;53;77;6,8;2;
2026/06/19;1800 UTC;0;1017,1;1017,7;1017,1;1715,5;25,8;16;26,3;25,7;16,6;15,6;56;53;55;108;6,6;3,3;
2026/06/19;1900 UTC;0;1017,1;1017,2;1017;1052,5;24,2;17,3;25,8;24,2;17,3;15,1;65;53;65;97;7,5;3,1;
2026/06/19;2000 UTC;0;1017,5;1017,5;1017,1;104,2;22,3;17,5;24,2;22,3;17,5;16,9;74;65;74;88;6,2;2,4;
2026/06/19;2100 UTC;0;1018;1018,1;1017,5;2,5;20,9;17,3;22,3;20,8;17,5;17,1;80;74;80;58;6;1,4;
2026/06/19;2200 UTC;0;1018,1;1018,1;1017,9;;20,2;17,4;21;20,2;17,6;17,2;84;80;84;60;5,3;1,1;
2026/06/19;2300 UTC;0;1018,2;1018,2;1018;;18,4;16,7;20,2;18,4;17,3;16,6;90;84;90;188;3;,3;
2026/06/20;0000 UTC;0;1018,3;1018,4;1018,2;;17,1;16;18,4;16,9;16,6;15,7;93;90;93;261;2,9;1,3;
2026/06/20;0100 UTC;0;1018;1018,3;1018;;15,8;14,9;17,1;15,7;16;14,8;94;93;94;273;2,7;,3;
2026/06/20;0200 UTC;0;1017,7;1018;1017,7;;15;14,2;15,8;15;14,8;14,2;95;94;95;290;1,1;,4;
2026/06/20;0300 UTC;0;1017,4;1017,7;1017,4;;14,8;14,2;15;14,7;14,3;14;96;95;96;317;1,2;,2;
2026/06/20;0400 UTC;0;1017,3;1017,5;1017,2;;14,2;13,7;14,8;14,2;14,2;13,7;96;96;96;285;1,2;,5;
2026/06/20;0500 UTC;0;1016,6;1017,4;1016,6;;14,1;13,6;14,3;14,1;13,9;13,6;97;96;97;322;1,2;,2;
2026/06/20;0600 UTC;0;1016;1016,6;1016;;13,3;12,9;14,1;13,3;13,6;12,9;97;97;97;28;1,1;,8;
2026/06/20;0700 UTC;0;1015,9;1016;1015,8;;13,2;12,8;13,3;13,1;12,9;12,7;98;97;98;326;1,1;,4;
2026/06/20;0800 UTC;0;1015,6;1015,9;1015,6;;12,7;12,4;13,2;12,7;12,9;12,4;98;98;98;17;1,1;,3;
2026/06/20;0900 UTC;0;1015,7;1015,8;1015,6;;12,1;11,9;12,7;12,1;12,3;11,9;98;98;98;318;1,3;,4;
2026/06/20;1000 UTC;0;1016,1;1016,1;1015,7;49,8;12;11,8;12,2;11,9;11,9;11,7;99;98;99;357;1,1;,5;
2026/06/20;1100 UTC;0;1016,2;1016,3;1016,1;504,6;14,1;14,1;14,2;11,9;14,2;11,7;100;99;100;13;1,2;,6;
2026/06/20;1200 UTC;0;1016,5;1016,5;1016,2;1177,3;18,3;18;18,3;14;18;14;100;98;98;8;1,2;,4;
2026/06/20;1300 UTC;0;1015,7;1016,5;1015,7;1826,3;21,6;16,8;21,6;18,3;18,4;16,1;98;72;74;143;2,1;1,1;
2026/06/20;1400 UTC;,2;1015,1;1015,7;1015,1;2288,5;24,9;16,3;24,9;21,7;17,5;16,3;74;59;59;231;2,4;,6;
2026/06/20;1500 UTC;0;1014;1015,1;1014;2247,6;26,9;15,5;27,2;25;16,9;15,5;60;50;50;23;2,3;,7;
2026/06/20;1600 UTC;0;1012,7;1014;1012,7;2067,3;27,1;15,7;27,5;26,7;16,8;15,1;53;47;50;78;2,9;1,3;
2026/06/20;1700 UTC;0;1011,7;1012,7;1011,7;2249;27,8;14,2;28,5;27,1;15,9;13,9;50;42;43;100;3,2;1,8;
2026/06/20;1800 UTC;0;1011,5;1011,7;1011,4;1615,8;27,8;14,9;28,3;27,7;15,1;13,7;46;41;45;111;5,4;1,5;
2026/06/20;1900 UTC;0;1011,4;1011,6;1011,4;1046,8;27,3;14,8;28,2;27,3;15,1;13,7;47;41;46;69;2,5;1,2;
2026/06/20;2000 UTC;0;1011,5;1011,5;1011,4;92;22,7;17,1;27,3;22,7;18,4;14,4;71;46;71;25;2,7;1,1;
2026/06/20;2100 UTC;0;1011,3;1011,6;1011,3;1,1;19,5;17;22,7;19,5;17,2;16,9;86;71;86;290;2;,4;
2026/06/20;2200 UTC;0;1010,9;1011,4;1010,9;;18;16,4;19,5;18;17,1;16,4;91;86;91;50;1,1;,3;
2026/06/20;2300 UTC;0;1009,8;1010,9;1009,8;;17,1;15,6;18,1;17,1;16,6;15,6;91;90;91;220;1,8;1,2;
2026/06/21;0000 UTC;0;1010,2;1010,4;1009,9;;16,4;15,3;17,1;16,4;15,8;15,3;93;91;93;303;2,4;,3;
2026/06/21;0100 UTC;0;1010,8;1010,8;1010,2;;15,6;14,6;16,5;15,6;15,3;14,6;94;93;93;273;2,6;,4;
2026/06/21;0200 UTC;0;1011,1;1011,2;1010,8;;15,2;14,2;15,8;15,1;14,8;14,1;94;93;94;36;1,5;,3;
2026/06/21;0300 UTC;0;1011,3;1011,4;1011,1;;15,4;14,5;15,4;15,1;14,5;14,2;95;94;95;204;1,7;,4;
2026/06/21;0400 UTC;0;1010,5;1011,4;1010,4;;15,6;14,7;15,6;15,1;14,8;14,3;95;95;95;13;1,5;,4;
2026/06/21;0500 UTC;0;1010,1;1010,8;1009,9;;15,7;14,9;15,8;15,5;15;14,6;95;95;95;262;3,1;1,1;
2026/06/21;0600 UTC;0;1011,3;1011,4;1010,1;;16,7;15,8;16,7;15,7;15,9;14,9;95;94;94;254;4;,9;
2026/06/21;0700 UTC;0;1012,6;1012,7;1011,3;;17,5;16,1;17,5;16,5;16,1;15,4;94;91;91;253;3,2;1,7;
2026/06/21;0800 UTC;0;1012,9;1013;1012,5;;21,3;18,4;21,3;17,5;18,4;16;91;83;83;253;7,3;3,4;
2026/06/21;0900 UTC;0;1013,8;1013,8;1012,9;;21,1;18,1;21,5;21,1;18,4;18,1;84;82;83;234;7,3;1,7;
2026/06/21;1000 UTC;0;1014,8;1014,8;1013,8;11,8;19,3;17,8;21,1;19;18,1;17,2;91;83;91;6;5,7;,5;
2026/06/21;1100 UTC;0;1015,9;1015,9;1014,8;175;20,1;18,7;20,1;19;18,7;17,6;92;91;92;86;1,2;,4;
2026/06/21;1200 UTC;0;1016,9;1016,9;1015,9;415,2;21,6;19,1;21,6;20,1;19,3;18,7;92;85;86;299;1,1;,4;
2026/06/21;1300 UTC;0;1017,1;1017,3;1016,9;520,9;22,7;19,2;22,7;21,6;19,7;19;87;81;81;241;1,8;,5;
2026/06/21;1400 UTC;0;1017;1017,2;1017;1564,2;23,3;18,8;24,1;22,6;19,5;18,6;80;73;76;181;4,9;2,2;
2026/06/21;1500 UTC;0;1016,8;1017;1016,8;725,4;22,6;18,6;23,8;22,5;19,1;18,4;78;74;78;172;5,2;2,9;
2026/06/21;1600 UTC;0;1016,9;1017;1016,8;252,2;21,7;17,7;22,6;21,5;18,5;17,6;80;78;78;224;5,4;2,1;
2026/06/21;1700 UTC;0;1016,5;1016,9;1016,5;314,7;21,6;17,1;21,7;21,6;17,9;17,1;79;75;76;217;4,8;2,2;
2026/06/21;1800 UTC;0;1016,5;1016,6;1016,4;414,3;22,1;17,5;22,1;21,6;17,5;16,9;76;74;75;213;5;1;
2026/06/21;1900 UTC;0;1017;1017;1016,5;174;21,6;17,8;22,2;21,6;17,8;16,9;79;72;79;331;2;,4;
2026/06/21;2000 UTC;0;1017,5;1017,5;1017;58,8;21,1;18,1;21,6;21,1;18,2;17,8;83;79;83;47;1,2;,5;
2026/06/21;2100 UTC;0;1017,8;1017,8;1017,4;;20,6;18,1;21,1;20,6;18,3;18;86;83;86;37;1,4;,7;
2026/06/21;2200 UTC;0;1018,2;1018,2;1017,8;;20,2;18;20,6;20,2;18,2;18;87;85;87;53;2,1;1,1;
2026/06/21;2300 UTC;0;1018,4;1018,5;1018,2;;19,9;17,9;20,2;19,9;18,1;17,9;88;87;88;22;2,6;,9;
2026/06/22;0000 UTC;0;1018,4;1018,6;1018,4;;19,8;17,8;19,9;19,8;18;17,8;89;88;88;19;2,2;,8;
2026/06/22;0100 UTC;0;1018,1;1018,4;1018,1;;19,7;17,9;19,8;19,7;17,9;17,8;89;88;89;39;1,4;,4;
2026/06/22;0200 UTC;0;1017,8;1018,1;1017,8;;19,5;17,9;19,7;19,5;17,9;17,9;90;89;90;204;,8;,3;
2026/06/22;0300 UTC;0;1017,5;1017,8;1017,5;;19,2;17,8;19,5;19,2;18;17,8;92;90;92;276;,7;,3;
2026/06/22;0400 UTC;0;1017,7;1017,7;1017,4;;18,9;17,8;19,2;18,9;17,8;17,7;94;92;94;242;1;,4;
2026/06/22;0500 UTC;0;1017,6;1017,7;1017,5;;18,1;17,2;18,9;18,1;17,8;17,2;94;94;94;269;1,1;,2;
2026/06/22;0600 UTC;0;1017,5;1017,6;1017,5;;16,9;16,2;18,1;16,9;17,2;16,2;95;94;95;42;1,5;,4;
2026/06/22;0700 UTC;0;1017,6;1017,6;1017,5;;16,7;16,1;16,9;16,6;16,2;16;96;95;96;14;1,5;,5;
2026/06/22;0800 UTC;0;1017,5;1017,6;1017,5;;16,5;16;16,7;16,5;16,2;16;97;96;97;348;1,5;,4;
2026/06/22;0900 UTC;0;1018,4;1018,4;1017,5;;16,2;15,8;16,8;16,2;16,3;15,8;97;97;97;39;1,3;,1;
2026/06/22;1000 UTC;0;1018,8;1018,8;1018,4;31,2;16,2;15,9;16,3;16;15,9;15,6;98;97;98;35;1,1;,5;
2026/06/22;1100 UTC;0;1019,3;1019,3;1018,8;404,1;18;17,6;18,1;16,2;17,7;15,9;98;98;98;113;1,1;,2;
2026/06/22;1200 UTC;0;1019,5;1019,5;1019,2;1111,1;21,7;18,4;21,7;18;19,4;17,6;98;81;81;331;1,1;,4;
2026/06/22;1300 UTC;0;1019,1;1019,5;1019,1;1647;22,2;17,9;22,5;21,2;18,4;17,1;81;75;77;77;2,2;1,2;
2026/06/22;1400 UTC;0;1018;1019,1;1018;2154,3;24,2;18,2;24,6;22;19;17,7;78;69;69;31;2,8;,7;
2026/06/22;1500 UTC;0;1016,7;1018;1016,7;2368,2;25,3;18,2;25,4;24;18,9;18;71;64;65;21;3,4;1,1;
2026/06/22;1600 UTC;0;1015,2;1016,7;1015,2;2348,3;26,4;18,5;26,7;25,3;19,1;17,9;66;62;62;107;3,7;1,2;
2026/06/22;1700 UTC;0;1014;1015,2;1014;2096,4;28,1;18,5;28,3;26,4;19,4;18;63;55;56;110;3,6;1,5;
2026/06/22;1800 UTC;0;1013,2;1014;1013,2;1650;28,2;17,8;28,6;27,7;18,9;17,6;57;52;53;78;5;2,9;
2026/06/22;1900 UTC;0;1012,6;1013,2;1012,6;1018,1;27,4;18;28,5;27,4;18,6;17,6;57;52;57;83;5,8;2,5;
2026/06/22;2000 UTC;0;1012,8;1012,8;1012,5;106,2;25,6;17,8;27,4;25,6;18,2;17,5;62;56;62;99;4,8;1,6;
2026/06/22;2100 UTC;0;1013,4;1013,5;1012,8;1,9;21,4;18,2;25,6;21,4;18,3;17,7;82;62;82;204;3;,3;
2026/06/22;2200 UTC;0;1013,7;1013,7;1013,4;;19,5;17,5;21,4;19,5;18,1;17,5;88;82;88;230;,9;,5;
2026/06/22;2300 UTC;0;1014,4;1014,4;1013,7;;18,3;16,9;19,5;18,3;17,6;16,9;92;88;92;263;1,8;,2;
2026/06/23;0000 UTC;0;1014,7;1014,8;1014,4;;17,4;16,3;18,3;17,4;17;16,3;93;92;93;358;1,3;,3;
2026/06/23;0100 UTC;0;1015;1015;1014,7;;16,8;15,9;17,4;16,8;16,3;15,9;94;93;94;301;,7;,3;
2026/06/23;0200 UTC;0;1014,1;1015;1014,1;;16,5;15,7;17;16,5;16,1;15,7;95;94;95;291;1,3;,6;
2026/06/23;0300 UTC;0;1013,8;1014,1;1013,7;;15,7;15,1;16,6;15,7;16;15,1;96;95;96;263;1,6;,4;
2026/06/23;0400 UTC;0;1013,1;1013,8;1013,1;;15,5;14,9;15,9;15,3;15,4;14,8;97;96;97;76;1,5;,2;
2026/06/23;0500 UTC;0;1012,4;1013,1;1012,4;;15,2;14,8;15,6;15,2;15,1;14,8;97;97;97;337;1,3;,3;
2026/06/23;0600 UTC;0;1012,2;1012,4;1012,1;;15,2;14,8;15,3;15;14,8;14,6;97;97;97;278;1,4;,3;
2026/06/23;0700 UTC;0;1012;1012,2;1011,9;;15;14,7;15,4;15;15;14,7;98;97;98;15;1,5;,8;
2026/06/23;0800 UTC;0;1012,1;1012,2;1012;;14,8;14,5;15,1;14,8;14,8;14,5;98;98;98;329;2,3;,6;
2026/06/23;0900 UTC;,2;1012,2;1012,2;1012;;14,2;14,1;14,8;14,2;14,5;14;99;98;99;36;1,5;,4;
2026/06/23;1000 UTC;0;1012,4;1012,6;1012,2;37,5;13,9;13,8;14,3;13,7;14,1;13,6;100;99;100;217;1,9;,8;
2026/06/23;1100 UTC;0;1013;1013;1012,4;511,2;16,4;16,4;16,4;13,9;16,4;13,8;100;100;100;332;2,8;,4;
2026/06/23;1200 UTC;0;1013,3;1013,4;1013;1177,6;20;20;20;16,4;20;16,4;100;100;100;326;2,2;,6;
2026/06/23;1300 UTC;0;1013;1013,4;1013;1768,4;24,5;17,8;24,6;20;20,6;17,6;100;65;66;239;1,4;,5;
2026/06/23;1400 UTC;0;1012,5;1013;1012,5;2160,5;28,2;17,2;28,4;24,3;18,8;17,2;67;51;51;119;1,4;,5;
2026/06/23;1500 UTC;0;1011,6;1012,5;1011,6;2364,8;29,7;16,8;29,9;28,2;17,7;13,9;53;39;46;230;3;1,4;
2026/06/23;1600 UTC;0;1010,8;1011,6;1010,8;2348,5;30,8;16,5;31,2;29,7;17,7;15,2;48;39;42;207;3;1,2;
2026/06/23;1700 UTC;0;1010,6;1010,8;1010,6;2091,5;31,8;15,3;31,9;30,6;17,8;15;46;36;37;209;4,4;2;
2026/06/23;1800 UTC;0;1011,3;1011,3;1010,6;1614,8;29;16,8;32;28,9;17,6;15,4;49;36;48;157;6,3;3,1;
2026/06/23;1900 UTC;0;1012,3;1012,3;1011,3;900;26,3;17,4;29,2;26,3;18,3;16,8;58;47;58;210;7,5;3,3;
2026/06/23;2000 UTC;0;1012,9;1012,9;1012,3;136,4;23,8;18,2;26,3;23,8;18,2;17,3;71;58;71;225;6,4;1,2;
2026/06/23;2100 UTC;0;1013,7;1013,7;1012,9;3,7;21,9;18;23,8;21,9;18,3;17,9;79;71;79;240;2,8;,8;
2026/06/23;2200 UTC;0;1014,1;1014,1;1013,7;;21,2;18,1;21,9;20,9;18,3;17,8;83;79;82;309;3,8;,9;
2026/06/23;2300 UTC;0;1014,5;1014,5;1014,1;;19,6;17,7;21,2;19,6;18,1;17,7;89;82;89;1;2,3;,6;
2026/06/24;0000 UTC;0;1014,8;1014,8;1014,4;;18,8;17,4;19,6;18,8;17,8;17,4;92;89;92;238;,9;,3;
2026/06/24;0100 UTC;0;1015,3;1015,3;1014,8;;18,4;17,3;18,8;18,4;17,6;17,3;93;92;93;347;1;,4;
2026/06/24;0200 UTC;0;1015,7;1015,7;1015,3;;19,4;18,2;19,4;18,4;18,2;17,3;94;93;93;252;1,9;,6;
2026/06/24;0300 UTC;0;1015,2;1015,7;1015,2;;19,6;18;19,7;19,4;18,4;18;93;90;91;2;2,7;,5;
2026/06/24;0400 UTC;0;1015,3;1015,3;1015,1;;19,7;18,2;19,7;19,6;18,2;18;91;91;91;276;,8;,4;
2026/06/24;0500 UTC;0;1014,9;1015,3;1014,9;;19,9;18,4;19,9;19,7;18,4;18,2;91;91;91;59;1,2;,3;
2026/06/24;0600 UTC;0;1015;1015;1014,8;;19,9;18,5;19,9;19,7;18,5;18,2;92;91;92;171;1,4;,3;
2026/06/24;0700 UTC;0;1014,6;1015;1014,6;;19,8;18,5;20;19,8;18,6;18,4;92;91;92;331;1,5;,4;
2026/06/24;0800 UTC;0;1014,7;1014,8;1014,6;;19,7;18,6;19,9;19,7;18,6;18,4;93;92;93;259;1,5;,2;
2026/06/24;0900 UTC;0;1015,1;1015,1;1014,7;;19,8;18,7;19,8;19,6;18,7;18,5;94;93;94;352;,9;,3;
2026/06/24;1000 UTC;0;1015,5;1015,5;1015,1;40,3;19,6;18,7;19,8;19,5;18,8;18,5;94;94;94;324;1,1;,5;
2026/06/24;1100 UTC;0;1015,4;1015,6;1015,3;372,3;21,1;19,3;21,1;19,6;19,5;18,7;95;90;90;107;2,1;,5;
2026/06/24;1200 UTC;0;1015,4;1015,4;1014,5;210,6;21,4;19,2;21,5;21,1;19,5;19;90;85;87;202;5,3;1;
2026/06/24;1300 UTC;0;1015,2;1015,4;1015;591,3;22,8;20;22,8;21,4;20;19,2;88;84;84;241;2,6;1,3;
2026/06/24;1400 UTC;0;1015,3;1015,4;1015,2;1099,9;23,7;19,3;23,9;22,6;20;19,2;84;76;77;246;3,6;1,4;
2026/06/24;1500 UTC;0;1014,1;1015,3;1014,1;1103;24,6;19,2;24,9;23,7;19,9;18,9;77;70;72;335;2,8;,9;
2026/06/24;1600 UTC;0;1013,5;1014,1;1013,5;1354,8;24,8;19;25,7;24,5;19,6;18,6;73;66;70;246;4,8;2,4;
2026/06/24;1700 UTC;0;1013,5;1013,5;1013,1;580,6;23,9;19;24,8;23,9;19,2;18,7;74;70;74;234;5,3;2,6;
2026/06/24;1800 UTC;0;1014;1014;1013,5;160,5;22,9;19;23,9;22,9;19,3;18,9;79;74;79;247;6,2;1,8;
2026/06/24;1900 UTC;0;1014,9;1014,9;1014;49,3;21,8;18,5;22,9;21,8;19,2;18,4;81;79;81;247;6,6;2,7;
2026/06/24;2000 UTC;,2;1016,6;1016,6;1014,9;19,1;20,3;18,5;21,8;20,3;18,6;18,4;90;81;90;237;7,5;1,6;
2026/06/24;2100 UTC;1,6;1018,1;1018,1;1016,6;;19,5;18,5;20,3;19,5;18,7;18,4;94;90;94;275;3,2;1,3;
2026/06/24;2200 UTC;,6;1017,8;1018,4;1017,8;;19,4;18,6;19,5;19,4;18,8;18,5;96;94;95;34;3,2;1,4;
2026/06/24;2300 UTC;0;1017,8;1018,1;1017,7;;19,4;17,8;19,7;19,4;18,6;17,8;95;90;90;31;3,6;,9;
2026/06/25;0000 UTC;1;1017,2;1018;1016,6;;19,6;17,4;19,6;19,1;17,9;17,4;92;87;87;221;4,2;1;
2026/06/25;0100 UTC;0;1017,4;1017,6;1016,6;;18,7;17,4;19,6;18,7;17,5;17,2;92;87;92;218;3,5;1,3;
2026/06/25;0200 UTC;0;1018,1;1018,1;1016,9;;18,5;17,4;18,7;18,4;17,4;17,3;93;92;93;281;3,5;,8;
2026/06/25;0300 UTC;0;1019,1;1019,1;1018,1;;18,6;17,6;18,7;18,5;17,7;17,4;94;93;94;237;2,5;,8;
2026/06/25;0400 UTC;,4;1019;1019,2;1019;;18,5;17,4;18,9;18,5;17,8;17,3;94;92;93;229;3,5;,8;
2026/06/25;0500 UTC;0;1018,9;1019;1018,8;;18,3;17,4;18,5;18,3;17,4;17,2;94;93;94;293;1,9;,3;
2026/06/25;0600 UTC;0;1018,8;1019;1018,8;;18,5;17,6;18,6;18,3;17,7;17,4;95;94;95;316;2,1;,7;
2026/06/25;0700 UTC;0;1018,9;1018,9;1018,7;;18,5;17,7;18,5;18,1;17,7;17,2;96;95;96;255;2;,7;
2026/06/25;0800 UTC;0;1019,2;1019,2;1018,9;;18,9;17,9;19;18,5;18,2;17,7;96;94;94;242;5,4;2,6;
2026/06/25;0900 UTC;0;1020;1020;1019,1;;18,8;17,6;19,1;18,8;17,9;17,6;94;92;93;299;5,4;,6;
2026/06/25;1000 UTC;0;1021,3;1021,3;1020;9,3;18,7;17,8;18,8;18,7;17,8;17,6;94;93;94;286;1,2;,7;
2026/06/25;1100 UTC;0;1022,4;1022,4;1021,3;90,9;19,1;18,3;19,1;18,7;18,3;17,8;95;94;95;309;1,6;,5;
2026/06/25;1200 UTC;,2;1023,5;1023,5;1022,4;244,5;19,3;18,4;19,3;19;18,5;18,2;95;95;95;243;2;,9;
2026/06/25;1300 UTC;,2;1023,7;1023,7;1023,5;601;20,2;18,9;20,2;19,2;18,9;18,3;95;92;92;272;2,6;,9;
2026/06/25;1400 UTC;0;1024;1024,1;1023,7;508,3;20,5;18,1;20,6;20,2;19;18,1;92;86;86;244;3,4;1,6;
2026/06/25;1500 UTC;0;1023,7;1024;1023,7;449,5;20,5;18,4;20,7;20,4;18,4;17,9;87;85;87;211;3,4;1,3;
2026/06/25;1600 UTC;0;1023,1;1023,7;1023,1;446,3;20,3;18,5;20,6;20,1;18,5;18,2;90;87;90;243;3,2;1;
2026/06/25;1700 UTC;0;1022,9;1023,1;1022,9;362,1;19,6;18,3;20,3;19,6;18,6;18,2;92;89;92;254;3,2;1,4;
2026/06/25;1800 UTC;0;1022,6;1022,9;1022,6;377,4;20,2;18,8;20,3;19,6;19,2;18,4;93;91;92;300;3,2;,4;
2026/06/25;1900 UTC;,4;1022,9;1022,9;1022,6;146;19,7;18,5;20,3;19,7;18,8;18,4;93;90;93;257;1,4;,4;
2026/06/25;2000 UTC;1,2;1023,3;1023,4;1022,9;25,7;19,3;18,8;19,7;19,3;18,8;18,4;97;93;97;265;1,9;,7;
2026/06/25;2100 UTC;1,2;1023,8;1023,8;1023,3;;19,3;18,7;19,4;19,3;18,8;18,7;97;96;96;267;1,8;,5;
2026/06/25;2200 UTC;1,4;1024,4;1024,4;1023,8;;19,3;18,8;19,3;19,2;18,8;18,7;97;96;97;265;1,7;,7;
2026/06/25;2300 UTC;1;1024,7;1024,7;1024,4;;19,3;18,9;19,3;19,3;18,9;18,8;97;97;97;259;1,3;,5;
2026/06/26;0000 UTC;1;1024,8;1024,8;1024,6;;19,3;19;19,4;19,3;19;18,9;98;97;98;315;,9;,3;
2026/06/26;0100 UTC;,4;1024,8;1025;1024,8;;19,4;19,1;19,4;19,2;19,1;18,9;98;98;98;195;2,3;,7;
2026/06/26;0200 UTC;,8;1024,7;1024,9;1024,6;;19,4;19,1;19,4;19,3;19,2;19,1;99;98;99;62;2,5;,5;
2026/06/26;0300 UTC;,6;1024,4;1024,7;1024,4;;19,3;19,2;19,4;19,3;19,2;19,1;100;99;100;291;,9;,4;
2026/06/26;0400 UTC;,4;1024,3;1024,4;1024,3;;19,3;19,3;19,4;19,3;19,3;19,2;100;100;100;282;1,7;,7;
2026/06/26;0500 UTC;,6;1023,8;1024,3;1023,8;;19,3;19,3;19,4;19,3;19,3;19,3;100;100;100;250;1,3;,7;
2026/06/26;0600 UTC;,2;1023,3;1023,8;1023,2;;19,3;19,3;19,3;19,3;19,3;19,3;100;100;100;211;2,1;,7;
2026/06/26;0700 UTC;0;1023,1;1023,3;1023,1;;19,3;19,3;19,4;19,3;19,4;19,3;100;100;100;259;1,6;,7;
2026/06/26;0800 UTC;0;1023;1023,1;1023;;19,3;19,3;19,4;19,3;19,4;19,3;100;100;100;284;1,3;,4;
2026/06/26;0900 UTC;0;1023,4;1023,4;1022,9;;19,3;;19,3;19,3;;;;;;262;1,5;,6;
2026/06/26;1000 UTC;0;1023,7;1023,7;1023,3;37,4;19,4;19,4;19,4;19,3;19,4;19,3;100;100;100;259;1,8;,9;
2026/06/26;1100 UTC;0;1024;1024;1023,7;269,6;19,8;19,8;19,8;19,4;19,8;19,4;100;100;100;274;1,7;,7;
2026/06/26;1200 UTC;0;1024,6;1024,6;1024,1;544;21;21;21,1;19,8;21,1;19,9;100;100;100;267;1,6;,8;
2026/06/26;1300 UTC;0;1024,3;1024,8;1024,3;978,6;21,7;20;22,1;21;21,2;20;100;90;90;173;2,3;1,2;
2026/06/26;1400 UTC;0;1023,6;1024,3;1023,6;651,9;21,9;20;22,1;21,5;20,3;19,7;91;89;89;84;2,6;1;
2026/06/26;1500 UTC;0;1022,3;1023,6;1022,3;550,3;22,4;20,1;22,4;21,8;20,3;19,9;89;87;87;23;2,9;1,3;
2026/06/26;1600 UTC;0;1021,6;1022,3;1021,6;516,3;22,6;20,1;22,9;22,4;20,4;20;87;85;86;212;2,6;1,4;
2026/06/26;1700 UTC;0;1021,2;1021,6;1021,2;496,2;22,9;20,2;23,1;22,5;20,5;20,1;87;84;85;235;3,1;1,8;
2026/06/26;1800 UTC;0;1021,4;1021,4;1021,2;273,1;22,9;20,4;23;22,8;20,5;20,2;86;85;86;251;3;1,4;
2026/06/26;1900 UTC;0;1021,6;1021,7;1021,4;208,5;22,8;20,5;23,1;22,8;20,6;20,3;87;85;87;241;2,9;,5;
2026/06/26;2000 UTC;0;1021,9;1022;1021,6;29,2;22,2;20,7;22,8;22,2;20,7;20,5;91;87;91;202;1,7;,5;
2026/06/26;2100 UTC;0;1022,6;1022,6;1021,9;,4;21,9;20,9;22,2;21,9;20,9;20,6;94;91;94;213;1,4;,8;
2026/06/26;2200 UTC;0;1023;1023;1022,6;0;22;21,1;22;21,7;21,1;20,8;95;94;95;89;1,7;,7;
2026/06/26;2300 UTC;0;1023,6;1023,6;1022,9;;21,7;20,9;22;21,7;21,1;20,8;96;94;96;263;1,6;,3;
2026/06/27;0000 UTC;0;1023,6;1023,7;1023,4;;21,3;20,6;21,7;21,3;21;20,6;96;95;95;158;1,9;,3;
2026/06/27;0100 UTC;0;1024;1024,2;1023,6;;21,4;20,8;21,4;21,3;20,8;20,5;96;95;96;318;1,6;,3;
2026/06/27;0200 UTC;0;1023,7;1024;1023,6;;21,4;20,9;21,4;21,3;20,9;20,7;97;96;97;86;,9;,3;
2026/06/27;0300 UTC;0;1023,3;1023,7;1023,3;;21,3;20,9;21,4;21,3;21;20,9;98;97;98;293;1,1;,3;
2026/06/27;0400 UTC;0;1022,6;1023,3;1022,6;;21,2;20,9;21,3;21,2;21;20,9;98;98;98;94;1,3;,3;
2026/06/27;0500 UTC;0;1022,1;1022,7;1022,1;;21,2;21;21,3;21,1;21;20,8;98;98;98;59;1,9;,8;
2026/06/27;0600 UTC;0;1021,6;1022,1;1021,6;;21;20,7;21,2;21;21;20,7;98;98;98;250;1,9;,6;
2026/06/27;0700 UTC;0;1021,5;1021,6;1021,4;;20,9;20,6;21;20,8;20,7;20,5;98;98;98;291;1,1;,3;
2026/06/27;0800 UTC;0;1021,7;1021,7;1021,5;;20,3;20,1;20,9;20,3;20,6;20,1;99;98;99;307;1;,4;
2026/06/27;0900 UTC;0;1022,4;1022,4;1021,7;;20,3;20,2;20,3;20,3;20,3;20,1;100;99;100;254;1,8;,9;
2026/06/27;1000 UTC;0;1022,8;1022,8;1022,4;11,4;20,4;20,4;20,4;20,2;20,4;20,2;100;100;100;266;2,6;,7;
2026/06/27;1100 UTC;0;1023,3;1023,3;1022,8;227,4;21,2;21,2;21,2;20,4;21,2;20,4;100;100;100;271;2,1;,5;
2026/06/27;1200 UTC;0;1023,5;1023,6;1023,3;709,2;22,3;20,9;22,3;21,2;21,7;20,9;100;91;91;275;2,7;1;
2026/06/27;1300 UTC;0;1023,5;1023,6;1023,5;849,2;22,8;19,5;22,9;22,2;20,9;19,3;91;82;82;313;2,2;,7;
2026/06/27;1400 UTC;0;1023;1023,5;1023;1905,3;24,6;20;24,6;22,6;20,5;19,2;83;75;76;52;2,1;,7;
2026/06/27;1500 UTC;0;1022,2;1023;1022,2;2334,1;25,9;20,3;26;24,5;20,8;19,2;75;70;71;106;2,4;,7;
2026/06/27;1600 UTC;,2;1021,3;1022,2;1021,3;1669,5;26,1;20,4;26,6;25,5;20,7;19,6;73;68;71;258;2,6;,6;
2026/06/27;1700 UTC;0;1020,5;1021,3;1020,5;1869,2;27,3;20,4;27,6;26,1;21,2;19,8;71;66;66;231;3,5;,7;
2026/06/27;1800 UTC;0;1020;1020,5;1020;1716,8;27,8;20,1;28,2;26,8;20,9;19,7;67;62;63;128;3,5;1,1;
2026/06/27;1900 UTC;0;1020,1;1020,1;1020;597,8;25,5;21,2;28,1;25,5;21,5;20,2;78;63;77;164;5,3;2,9;
2026/06/27;2000 UTC;0;1020,7;1020,7;1020,1;94,2;23,9;20,8;25,5;23,9;21,2;20,7;83;77;83;223;5,4;1,4;
2026/06/27;2100 UTC;0;1021,2;1021,2;1020,7;4,7;22,4;20,1;23,9;22,4;20,9;20,1;87;83;87;222;2,7;1;
2026/06/27;2200 UTC;0;1021,7;1021,7;1021,2;;21,2;19,7;22,4;21,2;20,1;19,7;91;87;91;254;2,2;,4;
2026/06/27;2300 UTC;0;1021,9;1021,9;1021,6;;20,6;19,6;21,3;20,6;19,9;19,6;94;91;94;348;1,3;,4;
2026/06/28;0000 UTC;0;1022,1;1022,1;1021,9;;20,5;19,7;20,8;20,5;19,9;19,6;95;94;95;169;,9;,2;
2026/06/28;0100 UTC;0;1022,2;1022,2;1022;;19,6;19;20,5;19,6;19,6;19;96;95;96;237;,8;,5;
2026/06/28;0200 UTC;0;1022;1022,2;1022;;18,9;18,5;19,6;18,9;19;18,5;98;96;98;235;1,2;,4;
2026/06/28;0300 UTC;0;1021,6;1022;1021,6;;18,3;18;18,9;18,3;18,7;18;99;98;98;37;,9;,2;
2026/06/28;0400 UTC;0;1021,2;1021,6;1021,2;;18;17,8;18,5;18;18,3;17,8;99;98;98;222;1,1;,6;
2026/06/28;0500 UTC;0;1020,7;1021,2;1020,7;;17,8;17,6;18,2;17,8;17,9;17,6;98;98;98;246;1,1;,5;
2026/06/28;0600 UTC;0;1020,4;1020,7;1020,4;;17,9;17,7;18;17,6;17,8;17,4;99;98;99;45;1,1;,4;
2026/06/28;0700 UTC;0;1020,3;1020,4;1020,2;;18,2;18,2;18,2;17,9;18,2;17,8;100;99;100;101;,9;,2;
2026/06/28;0800 UTC;0;1020,3;1020,4;1020,3;;18,4;18,4;18,4;18,2;18,4;18,2;100;100;100;44;,8;,2;
2026/06/28;0900 UTC;0;1020,6;1020,7;1020,3;;18;;18,4;18;18,4;18;100;100;;214;,9;,2;
2026/06/28;1000 UTC;0;1021,3;1021,3;1020,6;28,1;18,1;18,1;18,1;17,6;;;;;100;29;,9;,4;
2026/06/28;1100 UTC;,2;1021,8;1021,8;1021,3;313,4;18,9;18,9;18,9;18;18,9;18;100;100;100;256;1,3;,6;
2026/06/28;1200 UTC;0;1022,4;1022,4;1021,8;1043,1;21,1;;21,1;18,9;;;;;;50;1,4;,7;
2026/06/28;1300 UTC;0;1022;1022,5;1022;1731,1;24,4;21,6;24,4;21,1;22,6;21,6;100;84;84;33;2,7;,9;
2026/06/28;1400 UTC;0;1021;1022;1021;2144,4;26,6;20,5;26,6;24,3;21,5;19,8;84;68;69;42;3,6;1,9;
2026/06/28;1500 UTC;0;1019,7;1021;1019,7;2367,1;27,6;19,7;28;26,6;20,4;19;69;60;62;67;5,6;2,8;
2026/06/28;1600 UTC;0;1018,4;1019,7;1018,4;2360,2;28,3;19,2;28,5;27,7;20,1;18,7;62;57;58;88;6,2;2,8;
2026/06/28;1700 UTC;0;1017,6;1018,4;1017,6;2132,6;28,5;19;29;28,2;20,1;19;60;56;57;80;5,8;3,2;
2026/06/28;1800 UTC;0;1017,1;1017,6;1017,1;1695,1;28,7;18,6;28,9;28,5;19,7;18,1;58;52;54;68;6,1;3,2;
2026/06/28;1900 UTC;0;1016,7;1017,1;1016,6;1066,7;28,2;16,3;28,7;28,1;19;16,3;57;48;48;58;8,5;2,7;
2026/06/28;2000 UTC;0;1016,9;1016,9;1016,6;104,7;25,7;19;28,2;25,7;19;16,3;66;48;66;91;5,8;2,1;
2026/06/28;2100 UTC;0;1017,3;1017,3;1016,9;3,6;23,3;19,7;25,7;23,3;19,7;19;80;67;80;90;5,1;1,8;
2026/06/28;2200 UTC;0;1017,9;1017,9;1017,3;;21,4;19,1;23,3;21,2;19,7;18,9;87;80;87;337;3,7;,8;
2026/06/28;2300 UTC;0;1018,1;1018,2;1017,9;;20,6;18,4;22,3;20,6;19,4;18,2;87;81;87;231;2,4;,4;
2026/06/29;0000 UTC;0;1018,2;1018,2;1018;;19;17,6;20,6;19;18,4;17,6;91;87;91;278;2;,8;
2026/06/29;0100 UTC;0;1018,1;1018,2;1018;;18,5;17,4;19;18,5;17,6;17,3;94;91;94;257;2,4;1,1;
2026/06/29;0200 UTC;0;1018,4;1018,4;1018,1;;18,1;17,3;18,6;18;17,6;17,2;95;94;95;257;2,3;1;
2026/06/29;0300 UTC;0;1018,3;1018,5;1018,2;;17,2;16,4;18,1;17,1;17,3;16,4;95;95;95;345;2,3;,6;
2026/06/29;0400 UTC;0;1017,7;1018,3;1017,6;;16,7;16,1;17,2;16,7;16,5;16,1;97;95;97;230;1,4;,9;
2026/06/29;0500 UTC;0;1017,1;1017,7;1017,1;;16,2;15,8;16,7;16,1;16,6;15,8;99;97;98;271;1,7;,7;
2026/06/29;0600 UTC;0;1016,7;1017,1;1016,7;;16,1;15,7;16,2;16,1;15,8;15,7;98;97;98;275;1,4;,4;
2026/06/29;0700 UTC;0;1016,6;1016,7;1016,6;;15,7;15,4;16,1;15,6;15,7;15,3;98;98;98;248;2,3;,6;
2026/06/29;0800 UTC;0;1016,8;1016,8;1016,6;;15,3;15,1;15,7;15,2;15,4;15;98;98;98;272;1,9;,8;
2026/06/29;0900 UTC;0;1017,5;1017,5;1016,8;;14,8;14,6;15,4;14,7;15,1;14,5;99;98;99;313;1,8;,6;
2026/06/29;1000 UTC;0;1017,8;1017,9;1017,5;30,4;14,8;14,7;14,8;14,5;14,7;14,3;99;99;99;211;2;,5;
2026/06/29;1100 UTC;0;1017,9;1018;1017,6;516,4;17,4;17,4;17,4;14,8;17,4;14,8;100;99;100;181;1,6;,4;
2026/06/29;1200 UTC;0;1019;1019;1017,9;1185;20,9;19,5;20,9;17,4;20,4;17,4;100;91;92;137;2,5;,7;
2026/06/29;1300 UTC;0;1019,3;1019,3;1019;1774,2;24,6;18,4;24,6;20,9;19,6;17,5;91;68;68;22;2,1;,4;
2026/06/29;1400 UTC;0;1018,6;1019,3;1018,5;2178,8;27,3;16,6;27,5;24,5;19,2;16,4;70;51;52;52;1,7;,6;
2026/06/29;1500 UTC;0;1018;1018,6;1017,9;2378,6;29,2;15,6;29,9;27,3;17,8;14,7;54;40;44;63;1,9;,9;
2026/06/29;1600 UTC;,2;1017,1;1018;1017,1;2367,8;30,6;15,7;30,9;29;17,2;15,3;46;39;41;325;2,5;1;
2026/06/29;1700 UTC;0;1016,4;1017,1;1016,4;2105,2;31,9;16,1;31,9;30,3;17,2;15,4;44;38;39;19;2,5;,6;
2026/06/29;1800 UTC;0;1016,1;1016,5;1016,1;1675,2;30,8;16,1;32;30,8;16,7;14,2;43;35;41;71;2;,9;
2026/06/29;1900 UTC;0;1016;1016,1;1015,9;1041,9;29,4;16,8;30,8;29,4;16,9;15,9;47;41;47;73;3,4;1,5;
2026/06/29;2000 UTC;0;1016,6;1016,6;1016;103,1;26;19,2;29,4;26;19,2;16,6;66;46;66;23;4;,9;
2026/06/29;2100 UTC;0;1017,5;1017,5;1016,6;2,8;22,1;19,1;25,9;22;19,5;18,9;83;66;83;217;4,4;2,6;
2026/06/29;2200 UTC;0;1017,8;1018;1017,5;;21,7;18,4;22,9;21,7;19,3;18,4;83;79;82;79;4,4;,4;
2026/06/29;2300 UTC;0;1018,2;1018,2;1017,7;;20,1;18,2;21,8;20,1;18,8;18;89;82;89;304;2,2;,4;
2026/06/30;0000 UTC;0;1018,9;1019;1018,2;;20,3;18,5;20,4;19,7;18,7;18;91;89;89;222;2,4;,8;
2026/06/30;0100 UTC;0;1019,2;1019,2;1018,8;;19,7;18,5;20,3;19,4;18,5;17,9;93;89;93;317;1,6;,6;
2026/06/30;0200 UTC;0;1019,3;1019,3;1019,2;;19;18;19,7;19;18,5;17,9;94;93;94;302;1,2;,5;
2026/06/30;0300 UTC;0;1018,8;1019,4;1018,8;;18,2;17,4;19;18,2;18,1;17,4;95;94;95;12;1,2;,7;
2026/06/30;0400 UTC;0;1018,3;1018,8;1018,3;;17,5;16,9;18,2;17,5;17,8;16,9;97;95;96;293;1,3;,5;
2026/06/30;0500 UTC;0;1018,1;1018,3;1018;;17,3;16,8;17,5;17,2;16,9;16,6;96;96;96;293;1,1;,4;
2026/06/30;0600 UTC;0;1018,2;1018,3;1018,1;;17,3;16,8;17,4;17;16,8;16,4;97;96;97;25;1;,5;
2026/06/30;0700 UTC;0;1018;1018,2;1017,7;;16,8;16,3;17,3;16,8;16,8;16,3;97;97;97;210;2,2;,9;
2026/06/30;0800 UTC;0;1018,4;1018,5;1018;;16,4;16,1;16,8;16,4;16,3;16;98;97;98;344;2,2;,7;
2026/06/30;0900 UTC;0;1018,5;1018,6;1018,2;;16,5;16,2;16,8;16,4;16,5;16;98;98;98;201;2,4;,8;
2026/06/30;1000 UTC;0;1018,5;1018,5;1018,2;30,6;16,6;16,3;16,7;16,2;16,5;15,9;99;98;98;126;2,4;1;
2026/06/30;1100 UTC;0;1019,3;1019,4;1018,5;344,5;17,9;17,9;17,9;16,3;17,9;16,1;100;98;100;291;2,7;,8;
2026/06/30;1200 UTC;0;1019,3;1019,6;1019,3;978,9;20,6;20,6;20,6;17,8;20,6;17,8;100;100;100;67;3,3;,7;
2026/06/30;1300 UTC;0;1019,3;1019,4;1019,3;1818,1;23,7;19,2;23,9;20,6;21,1;18,8;100;75;76;187;2,4;,9;
2026/06/30;1400 UTC;0;1019,1;1019,5;1019,1;1811,5;24,4;19,1;24,7;23,6;19,5;18,7;76;71;72;74;2,8;1,3;
2026/06/30;1500 UTC;0;1018,7;1019,1;1018,7;2262,3;26,3;19,1;26,9;24,3;19,8;18,8;73;62;64;170;4,3;1,1;
2026/06/30;1600 UTC;0;1017,8;1018,7;1017,8;1555,9;26,4;19,6;27;25,7;20;18,9;67;63;66;176;4,9;2,2;
2026/06/30;1700 UTC;0;1016,9;1017,8;1016,9;2051,4;27,4;19,5;27,6;26,3;20,1;19,2;67;61;62;76;4;1,6;
2026/06/30;1800 UTC;0;1016,4;1016,9;1016,4;1281,1;26,6;19,6;27,5;26,5;20,1;19,3;67;62;65;122;4,6;1,9;
2026/06/30;1900 UTC;0;1016,7;1016,7;1016,4;670,4;26;20,1;26,8;26;20,4;19,2;70;64;70;82;3,8;1,7;
2026/06/30;2000 UTC;0;1016,7;1016,8;1016,6;175,4;24,7;20,4;26,1;24,7;20,4;19,9;77;69;77;74;3,4;1,6;
2026/06/30;2100 UTC;0;1016,7;1016,7;1016,6;5;23,3;20,3;24,7;23,3;20,5;20,3;83;77;83;98;3,1;1,2;
2026/06/30;2200 UTC;0;1016,6;1016,8;1016,6;;22,3;20,3;23,3;21,9;20,4;19,7;89;83;88;63;3,6;1,6;
2026/06/30;2300 UTC;0;1016,8;1016,8;1016,5;;22,6;20;23,1;22,3;20,5;20;88;84;85;39;3,6;1,3;
