REGIAO:;S
UF:;RS
ESTACAO:;IBIRUBA
CODIGO (WMO):;A883
LATITUDE:;-28,65333333
LONGITUDE:;-53,11194444
ALTITUDE:;455,27
DATA DE FUNDACAO:;13/12/12
Data;Hora UTC;PRECIPITAÇÃO TOTAL, HORÁRIO (mm);PRESSAO ATMOSFERICA AO NIVEL DA ESTACAO, HORARIA (mB);PRESSÃO ATMOSFERICA MAX.NA HORA ANT. (AUT) (mB);PRESSÃO ATMOSFERICA MIN. NA HORA ANT. (AUT) (mB);RADIACAO GLOBAL (Kj/m²);TEMPERATURA DO AR - BULBO SECO, HORARIA (°C);TEMPERATURA DO PONTO DE ORVALHO (°C);TEMPERATURA MÁXIMA NA HORA ANT. (AUT) (°C);TEMPERATURA MÍNIMA NA HORA ANT. (AUT) (°C);TEMPERATURA ORVALHO MAX. NA HORA ANT. (AUT) (°C);TEMPERATURA ORVALHO MIN. NA HORA ANT. (AUT) (°C);UMIDADE REL. MAX. NA HORA ANT. (AUT) (%);UMIDADE REL. MIN. NA HORA ANT. (AUT) (%);UMIDADE RELATIVA DO AR, HORARIA (%);VENTO, DIREÇÃO HORARIA (gr) (° (gr));VENTO, RAJADA MAXIMA (m/s);VENTO, VELOCIDADE HORARIA (m/s);
2026/01/01;0000 UTC;,2;959,3;959,6;958,9;0;22,8;22,7;22,9;22,7;22,8;22,6;100;99;100;39;4,2;2,8;
2026/01/01;0100 UTC;0;958,6;958,6;958,6;0;22,4;22,1;22,4;22,4;22,1;22,1;99;99;99;49;4,8;3,6;
2026/01/01;0200 UTC;0;958,7;958,7;958,7;0;22,2;21,5;22,2;22,2;21,5;21,5;96;96;96;53;4,2;2,6;
2026/01/01;0300 UTC;0;958,5;958,5;958,5;0;22;21,5;22;22;21,5;21,5;98;98;98;322;3,6;2,3;
2026/01/01;0400 UTC;0;957,8;957,8;957,8;0;21,8;21,4;21,8;21,8;21,4;21,4;98;98;98;234;3,6;2,1;
2026/01/01;0500 UTC;0;957,4;957,4;957,4;0;21,5;20,9;21,5;21,5;20,9;20,9;97;97;97;300;3,5;2,3;
2026/01/01;0600 UTC;0;957,3;957,3;957,3;0;21;20,6;21;21;20,6;20,6;98;98;98;338;1,2;,9;
2026/01/01;0700 UTC;0;957,1;957,1;957,1;0;20,7;20,7;20,7;20,7;20,7;20,7;100;100;100;37;1,6;1,2;
2026/01/01;0800 UTC;0;957,2;957,2;957,2;0;20,9;21;20,9;20,9;21;21;100;100;100;63;1,8;1,3;
2026/01/01;0900 UTC;,2;957,6;957,7;957,6;11;21;20,8;21;21;20,9;20,8;99;99;99;35;3;2;
2026/01/01;1000 UTC;0;958;958,3;957,7;119,1;21,3;21;21,5;21;21,3;20,6;100;97;99;74;1,4;,8;
2026/01/01;1100 UTC;,2;958,5;958,6;958,3;459,5;21,7;21,3;22,3;21,4;21,7;21,1;100;94;98;77;1,8;,9;
2026/01/01;1200 UTC;0;958,3;958,6;958,2;1019,8;22,8;21,4;23,7;22,2;22,2;20,8;96;89;93;122;1,5;,2;
2026/01/01;1300 UTC;0;958,1;958,2;958;1140,4;23,8;21,8;24,2;23,6;22,4;21,3;93;87;90;267;3,3;1,7;
2026/01/01;1400 UTC;0;957,8;958,2;957,4;2672,5;25,3;22,5;26,2;24,2;23,4;21,6;91;77;86;213;4,1;2,1;
2026/01/01;1500 UTC;0;957,2;957,5;957;3002,2;26,8;22,9;27,6;26,2;24,7;22,3;88;74;80;192;3,9;2,3;
2026/01/01;1600 UTC;0;956,7;957;956,4;3864,7;27,9;23;28,7;27,1;24,3;22,1;82;70;76;243;4,2;1,9;
2026/01/01;1700 UTC;0;956;956,4;955,5;3452,6;29,1;23,3;29,5;28,7;24,4;22,5;78;67;71;222;5,5;2,3;
2026/01/01;1800 UTC;0;955,2;955,5;955,1;2866;29,6;23,4;30,4;29;24,7;22,6;75;64;69;168;4,8;1,8;
2026/01/01;1900 UTC;0;954,7;955,1;954,3;2740,4;30;23,2;30,4;29,4;23,9;22;72;59;66;199;4,6;1,6;
2026/01/01;2000 UTC;0;954;954,3;953,8;1701,8;29,6;22,1;30,1;29,1;23,4;20,8;70;55;62;226;4,2;2,1;
2026/01/01;2100 UTC;0;953,5;953,8;953,4;1333,3;30;20,7;30,4;29,4;22,1;19,6;60;50;53;222;2,9;1,5;
2026/01/01;2200 UTC;0;954;954,5;953,6;416,7;28,4;20,1;29,3;27,5;22;19,6;71;53;59;235;1,8;,8;
2026/01/01;2300 UTC;0;954,8;955,2;954,5;43,9;26,7;20,5;27,5;26,3;21,5;19,8;73;63;69;251;1,7;1,3;
2026/01/02;0000 UTC;0;955,4;955,7;955,1;0;26,1;20,6;26,4;25,7;21;20,2;76;70;73;227;2,1;1,1;
2026/01/02;0100 UTC;0;955,9;956,2;955,6;0;25,3;21,1;25,7;25,1;21,4;20,8;81;76;79;224;2,7;1,4;
2026/01/02;0200 UTC;0;956,3;956,5;956,2;0;24,9;18,5;25,3;24,6;21;16,9;80;59;68;201;2;,9;
2026/01/02;0300 UTC;0;956,7;956,8;956,5;0;23,9;18,3;25,3;22,6;20,3;17;89;59;72;290;1,5;1,2;
2026/01/02;0400 UTC;0;956,4;956,8;956,1;0;22,5;20,4;22,7;22,3;20,6;20;90;88;89;275;1,8;1,3;
2026/01/02;0500 UTC;0;956,3;956,5;956;0;22,2;19,5;23,2;21,8;20,2;18,5;91;78;86;164;1,6;,7;
2026/01/02;0600 UTC;0;955,9;956,2;955,5;0;21,6;20,1;21,9;21,3;20,5;19,7;95;89;92;103;1,7;1,1;
2026/01/02;0700 UTC;0;955,5;955,7;955,4;0;20,9;19,6;21,3;20,5;19,8;19,4;96;92;94;243;2,1;1,3;
2026/01/02;0800 UTC;0;955,4;955,5;955,3;0;20,1;19,6;20,5;19,9;19,7;19,5;98;95;97;266;2,5;1,8;
2026/01/02;0900 UTC;0;955,6;955,9;955,4;10,6;20,2;19,1;20,6;19,9;19,5;18,9;98;92;95;297;3,6;2,5;
2026/01/02;1000 UTC;0;956;956,2;955,8;404,8;21,1;19;22;20,5;19,4;18,8;92;87;90;278;3;2;
2026/01/02;1100 UTC;0;956,5;956,6;956,3;1200,4;23,2;19,7;24,2;22;20,5;19,2;87;77;83;286;3,7;1,8;
2026/01/02;1200 UTC;0;956,5;956,6;956,4;2044,8;25,4;19,9;26,6;24,3;21,3;19,2;78;67;73;279;3,7;1,8;
2026/01/02;1300 UTC;0;956,7;956,8;956,6;2803,8;27,2;20,8;28;26,6;22;19,9;72;63;68;264;4,6;2,5;
2026/01/02;1400 UTC;0;956,8;956,9;956,6;3326;28,5;21,1;28,9;28,1;22,2;20,3;68;59;63;239;5,2;2,7;
2026/01/02;1500 UTC;0;956,5;956,8;956,1;3887,2;29,2;21,6;29,7;28,7;22,8;20,3;67;55;62;235;5,6;3,2;
2026/01/02;1600 UTC;0;955,8;956,3;955,3;3556,6;29,8;21,5;30,4;29,2;22,8;20,7;63;53;58;247;5,6;2,6;
2026/01/02;1700 UTC;,2;955,3;955,6;954,8;2720,8;28,1;20,4;29,3;26,9;22;18,1;74;51;62;177;4,7;2;
2026/01/02;1800 UTC;0;954,2;954,8;953,5;3638,7;30,1;21,2;30,8;29,3;22,7;20;61;51;56;242;4,2;1,4;
2026/01/02;1900 UTC;11;953,9;955,4;953,4;1662,6;25,4;19,6;31,1;20,9;22,5;16,2;91;50;71;128;3,8;1,4;
2026/01/02;2000 UTC;3,2;954,6;955,2;953,8;350,4;20,8;19,2;21,4;20,1;20,4;16,9;97;78;92;299;4,7;1,6;
2026/01/02;2100 UTC;0;954,2;955,1;953,6;571,9;21,5;19,7;21,8;21,3;20,1;19,3;93;89;91;68;3,5;1,3;
2026/01/02;2200 UTC;0;953,3;953,5;953,2;564,4;22,8;20,2;23,4;21,7;21;19,7;92;83;87;151;2,3;1,3;
2026/01/02;2300 UTC;0;953,9;954,1;953,5;37;21,9;19,8;22,6;21,5;20,7;19,2;91;88;89;322;4,8;2,6;
2026/01/03;0000 UTC;0;954,4;954,6;954,1;0;21,6;19,1;21,8;21,4;19,7;18,4;90;83;88;295;3,9;2,7;
2026/01/03;0100 UTC;0;954,7;955,1;954,5;0;21,3;18,7;21,5;21,2;19;18,5;88;86;87;286;4,4;2,5;
2026/01/03;0200 UTC;0;955,3;955,5;955,1;0;21,4;18,7;21,6;21,3;19;18,4;88;84;87;282;3,5;2,1;
2026/01/03;0300 UTC;0;955,3;955,5;955,2;0;21,6;18,3;21,9;21,3;18,6;17,9;86;81;84;282;3,2;1,9;
2026/01/03;0400 UTC;;;;;;;;;;;;;;;;;;
2026/01/03;0500 UTC;0;954,8;955;954,7;0;20,6;18,1;21,2;20,3;18,3;18;89;84;88;280;2,4;1,1;
2026/01/03;0600 UTC;0;954,8;954,9;954,7;0;20,2;18,1;20,5;20;18,2;18,1;91;88;90;279;3,1;1,5;
2026/01/03;0700 UTC;0;954,6;954,7;954,5;0;20,5;18;20,7;20,2;18,1;18;89;87;88;293;4,2;1,9;
2026/01/03;0800 UTC;0;954,8;955;954,5;0;20,5;18,2;20,6;20,4;18,3;18;89;87;88;290;5,4;2,4;
2026/01/03;0900 UTC;0;955,1;955,4;954,9;9;20,3;18,2;20,6;20,1;18,2;18,1;90;88;89;289;4,6;2,3;
2026/01/03;1000 UTC;0;955,4;955,6;955,2;278,5;20,6;18,4;21,1;20,2;18,6;18,2;90;87;89;284;4,6;2,8;
2026/01/03;1100 UTC;0;956;956,5;955,6;968,4;21,9;19,1;23;21,2;20,1;18,5;89;83;86;280;6;3,4;
2026/01/03;1200 UTC;0;956,8;957,2;956,4;1767,9;24,3;20,2;25,2;22,9;21;19,6;85;72;79;226;5,4;2,8;
2026/01/03;1300 UTC;0;957,5;957,8;957,1;1925,2;25;19,4;25,3;24,5;20,1;18,6;76;67;72;228;8,2;3,6;
2026/01/03;1400 UTC;0;957,8;958;957,6;2564,5;25,5;18,7;26;25,3;19,6;17,4;71;59;66;236;6,3;3,2;
2026/01/03;1500 UTC;0;958,3;958,4;958;3482;26,4;17,5;27,5;25,4;18,9;15,4;64;45;55;236;5,3;2,9;
2026/01/03;1600 UTC;0;958,3;958,5;958,2;2322,8;26,4;16,7;27,2;25,2;18,7;15,7;58;46;52;223;6;3,4;
2026/01/03;1700 UTC;0;958,3;958,4;958,2;3644,3;26,1;15,6;26,6;25,2;16,4;14,7;55;42;47;227;7,5;4,4;
2026/01/03;1800 UTC;0;958,3;958,4;958,2;3286,8;26,5;15,5;27,1;26,1;17,3;14,4;54;41;45;224;7,5;3,9;
2026/01/03;1900 UTC;0;958,3;958,4;958,2;2872,4;26,5;15,5;26,9;26;16,5;14,3;49;40;45;223;7,3;3,8;
2026/01/03;2000 UTC;0;958,1;958,3;957,8;1979;25,8;14,8;26,6;25,2;16,5;14;50;40;45;231;5,3;2,5;
2026/01/03;2100 UTC;0;957,6;957,8;957,5;1560,5;25,9;15,5;26,7;24,9;16,6;14,8;54;43;48;204;6,2;2,8;
2026/01/03;2200 UTC;0;958;958,4;957,7;597,8;24;15;24,9;22,9;15,6;14,5;59;52;55;201;6,3;2,4;
2026/01/03;2300 UTC;0;958,9;959,5;958,3;41,4;21,5;13,8;22,9;20,5;14,9;13,3;65;59;62;167;6,2;2,9;
2026/01/04;0000 UTC;0;960,1;960,7;959,5;0;19,8;12,9;20,5;19,2;13,4;12,2;66;64;65;166;5,8;2,8;
2026/01/04;0100 UTC;0;961,2;961,6;960,7;0;18,3;11,8;19;17,6;12,3;11,3;69;66;68;167;6,1;2,5;
2026/01/04;0200 UTC;0;961,9;962,3;961,5;0;17,1;10,8;17,6;16,6;11,3;10,5;70;67;68;160;5,2;2,3;
2026/01/04;0300 UTC;;;;;;;;;;;;;;;;;;
2026/01/04;0400 UTC;;;;;;;;;;;;;;;;;;
2026/01/04;0500 UTC;;;;;;;;;;;;;;;;;;
2026/01/04;0600 UTC;;;;;;;;;;;;;;;;;;
2026/01/04;0700 UTC;;;;;;;;;;;;;;;;;;
2026/01/04;0800 UTC;;;;;;;;;;;;;;;;;;
2026/01/04;0900 UTC;;;;;;;;;;;;;;;;;;
2026/01/04;1000 UTC;;;;;;;;;;;;;;;;;;
2026/01/04;1100 UTC;0;966,2;966,3;966,2;1689,3;15,2;9,4;15,3;15,1;9,9;9,1;73;70;71;129;4,9;2,2;
2026/01/04;1200 UTC;0;966,4;966,5;966,3;2155,4;16,6;9,4;17,6;15,4;10,8;8,2;73;53;64;134;5,8;2,8;
2026/01/04;1300 UTC;0;966,3;966,4;966,1;2980,2;17,9;8,7;18,6;17,2;10;7,5;60;48;54;145;4,4;2,1;
2026/01/04;1400 UTC;0;966,1;966,2;966;3559,4;18,8;9,5;19,3;18,1;11,2;8,3;61;48;53;192;4,1;1,9;
2026/01/04;1500 UTC;0;966,1;966,2;966;4038,7;19,3;9,9;19,9;18,7;11,1;8,8;61;47;53;197;6,2;2,5;
2026/01/04;1600 UTC;0;966;966,2;965,8;4143,4;19,7;9,4;20;19,3;10,8;8,2;55;43;49;216;6,4;2,6;
2026/01/04;1700 UTC;0;965,7;965,8;965,5;4080,6;20,4;10,3;21,2;19,6;11,7;9,2;58;43;50;186;5,8;2,7;
2026/01/04;1800 UTC;0;965,4;965,6;965,1;3756,3;21,3;10,6;21,7;20,6;12,3;9,8;55;41;46;199;6;2,6;
2026/01/04;1900 UTC;0;964,8;965,1;964,6;3159,5;21,9;10,9;22,4;21,3;12,2;10;52;40;45;187;6,3;2,5;
2026/01/04;2000 UTC;0;964,6;964,7;964,5;2378,3;22,3;10,9;22,6;21,8;11,7;10;48;38;43;176;5,4;2;
2026/01/04;2100 UTC;0;964,5;964,5;964,4;1472,4;21,5;10,3;22,2;21;11,4;9,5;46;42;44;159;5,5;2,6;
2026/01/04;2200 UTC;0;964,8;964,9;964,5;635,8;20,2;9,2;21;19,5;10,1;8,6;47;42;45;158;4,5;1,9;
2026/01/04;2300 UTC;0;965,3;965,5;964,9;37,7;18,3;8,8;19,5;17,7;9,3;8,4;58;46;52;167;4,6;2,1;
2026/01/05;0000 UTC;0;965,8;966,1;965,4;0;17,6;8,9;17,8;17,2;9,3;8,5;60;54;57;159;3,4;1,9;
2026/01/05;0100 UTC;0;966,4;966,7;966,1;0;16,8;9,3;17,5;15,7;9,5;9;69;58;62;120;2,5;1,2;
2026/01/05;0200 UTC;0;966,8;966,9;966,7;0;15,4;9,4;15,7;15,3;9,5;9,2;71;68;70;123;2,7;1,5;
2026/01/05;0300 UTC;0;;;;;;;;;;;;;;;;;
2026/01/05;0400 UTC;0;;;;;;;;;;;;;;;;;
2026/01/05;0500 UTC;0;;;;;;;;;;;;;;;;;
2026/01/05;0600 UTC;0;;;;;;;;;;;;;;;;;
2026/01/05;0700 UTC;0;965,8;966;965,7;0;11,9;9,1;12,3;11,6;9,3;8,9;89;84;86;91;4,7;2,9;
2026/01/05;0800 UTC;0;966;966,2;965,8;0;11,6;9;12;11,1;9,2;8,9;90;85;87;99;3,6;2,4;
2026/01/05;0900 UTC;0;966,4;966,6;966,2;8,3;11,3;9;11,6;11;9;8,9;90;87;89;101;3,4;1,9;
2026/01/05;1000 UTC;0;966,8;966,9;966,6;408,1;12;9,2;13,1;11,1;10;9;90;81;86;95;5,3;2,9;
2026/01/05;1100 UTC;0;967,2;967,4;967;1259,9;14,1;10,2;15,2;13;11;9,4;84;76;80;97;5,6;3,3;
2026/01/05;1200 UTC;0;967,4;967,5;967,2;2154,7;17,2;11,2;19;15,1;12,4;10,4;80;59;70;85;7,5;4,1;
2026/01/05;1300 UTC;0;967,2;967,3;967;2952,1;19,6;10,9;20,8;18,5;12,1;9,9;63;50;56;107;9;4,7;
2026/01/05;1400 UTC;0;967;967,2;966,8;3534,4;21,4;11,2;22,2;20,3;12,3;10;53;43;49;91;7,5;4,9;
2026/01/05;1500 UTC;0;966,4;966,8;966,1;4007,8;22,5;11,7;23;22;13,1;10,2;52;38;46;123;5,9;2,6;
2026/01/05;1600 UTC;0;965,8;966,2;965,5;4071,3;23,7;12,6;24,4;22,8;14,1;11,3;53;39;45;120;6,2;3;
2026/01/05;1700 UTC;0;965,1;965,5;964,8;4043,5;24,5;12,4;25,1;23,8;14,1;11,3;49;34;40;144;3,8;1,7;
2026/01/05;1800 UTC;0;964,5;964,8;964,1;3720,8;25,5;13;26;25;14,2;12;44;32;37;91;5,5;3,2;
2026/01/05;1900 UTC;0;963,8;964,2;963,4;3093,5;26,1;12,9;26,7;25,6;14,1;11,8;39;29;34;121;5,5;2,2;
2026/01/05;2000 UTC;0;963;963,4;962,7;2355,7;26,4;13,2;27;25,9;14,6;12,1;39;29;34;92;4,2;2,1;
2026/01/05;2100 UTC;0;962,5;962,7;962,3;1454,2;26,2;13,2;26,9;25,5;14,3;12,7;40;30;35;122;4,3;2,1;
2026/01/05;2200 UTC;0;962,4;962,4;962,3;621,6;25;13,4;25,7;24,2;13,9;12,8;47;36;42;118;2,1;1;
2026/01/05;2300 UTC;0;962,8;963;962,4;39,6;22,1;13,2;24;20,9;13,7;13;60;48;56;121;4,1;2,2;
2026/01/06;0000 UTC;0;963,2;963,4;963;0;20;12,8;20,9;19,3;13;12,6;67;60;64;117;4,9;3;
2026/01/06;0100 UTC;0;963,3;963,4;963,2;0;18,6;12,5;19,2;18,2;12,8;12,2;71;67;69;100;5,2;3,5;
2026/01/06;0200 UTC;0;963,6;963,7;963,4;0;17,7;12;18,2;17,5;12,4;11,7;73;70;71;99;5,8;3,8;
2026/01/06;0300 UTC;0;963,5;963,7;963,3;0;16,9;11,8;17,7;16,4;11,8;11,7;77;70;74;92;5,9;4,4;
2026/01/06;0400 UTC;0;962,9;963;962,8;0;16,4;11,9;16,5;16,3;11,9;11,8;78;77;77;99;6,9;4,5;
2026/01/06;0500 UTC;0;962,6;962,8;962,4;0;16;11,8;16,3;15,7;11,9;11,7;81;77;79;99;6,8;3,9;
2026/01/06;0600 UTC;0;962,5;962,6;962,4;0;15,3;11,9;15,7;14,9;11,9;11,8;85;80;83;99;5,2;3,3;
2026/01/06;0700 UTC;0;962,3;962,5;962,2;0;14,2;12;14,9;13,7;12,2;11,9;92;85;89;80;4,8;3,5;
2026/01/06;0800 UTC;0;962,5;962,5;962,5;0;14;11,9;14,1;14;12;11,9;90;89;90;72;5,5;3,8;
2026/01/06;0900 UTC;0;962,7;962,9;962,5;8,4;14,1;12,2;14,3;13,9;12,6;11,9;92;89;91;70;4,8;3,1;
2026/01/06;1000 UTC;0;963,2;963,4;962,9;368,8;15,8;13,1;17,3;14,3;14;12,6;92;82;87;65;4,2;2,3;
2026/01/06;1100 UTC;0;963,6;963,7;963,4;1183,4;18,6;14,3;20;17,4;15,1;13,7;83;74;79;59;5,9;3;
2026/01/06;1200 UTC;0;963,7;963,8;963,6;2054,5;20,9;15,2;22,2;20;15,9;14,4;77;67;71;51;8,4;4,4;
2026/01/06;1300 UTC;0;963,8;963,9;963,7;2828,3;23,2;16,2;24,3;22,2;17,3;15,5;69;61;65;77;6,3;3,4;
2026/01/06;1400 UTC;0;963,7;963,8;963,5;3398,8;24,9;17,2;25,8;24,1;18,7;16,4;68;58;62;112;6,7;3,1;
2026/01/06;1500 UTC;0;963,3;963,5;963;3749,9;26,3;18,2;26,9;25,8;19,3;17,3;64;54;59;124;6;3;
2026/01/06;1600 UTC;0;962,8;963,1;962,5;3654,5;27,2;18,8;27,9;26,5;19,7;17,6;61;53;58;280;6,1;2,9;
2026/01/06;1700 UTC;0;962,1;962,6;961,6;4002,8;28,1;19,4;29;27,3;20,5;18,3;61;52;56;219;4,7;2,2;
2026/01/06;1800 UTC;0;961,4;961,7;961,1;3214,5;28,7;19,5;29,4;27,6;20,6;18,4;60;49;54;236;4,7;2,5;
2026/01/06;1900 UTC;0;960,8;961,1;960,5;2299,3;29;19,5;29,7;28,2;20,3;18,6;;;;233;4,8;2,1;
2026/01/06;2000 UTC;0;960,2;960,5;959,8;1891,7;29,3;19,4;29,9;27,8;20,5;18,7;58;46;51;259;3,1;1,5;
2026/01/06;2100 UTC;0;959,7;959,8;959,5;1279;29,2;19,1;29,6;28,5;20;18,5;54;46;49;290;3,9;2,2;
2026/01/06;2200 UTC;0;959,6;959,6;959,5;584,5;28,7;18,9;29,1;28,3;19,6;18,4;54;49;51;143;1,6;1;
2026/01/06;2300 UTC;0;959,8;960;959,6;34,4;26,8;18,1;28,2;25,3;18,7;17,6;62;51;57;34;1,3;,7;
2026/01/07;0000 UTC;0;960,3;960,5;960;0;25;17,8;25,3;24,7;17,9;17,7;66;62;64;35;1,7;1,3;
2026/01/07;0100 UTC;0;960,7;960,8;960,5;0;24,1;17,5;24,7;23,7;17,8;17,1;67;65;67;31;2;1,1;
2026/01/07;0200 UTC;0;961;961,2;960,8;0;23,6;17;23,7;23,5;17,2;16,9;68;67;67;32;3,3;2,2;
2026/01/07;0300 UTC;0;961;961,1;960,9;0;23;16,7;23,5;22,5;17,1;16,4;70;67;68;48;1,9;1,2;
2026/01/07;0400 UTC;0;960,9;961,1;960,7;0;21,4;17;22,5;20,7;17,4;16,4;83;70;78;33;3,2;2,2;
2026/01/07;0500 UTC;0;960,5;960,7;960,4;0;21,8;16,4;22,3;21,3;16,6;16,1;76;70;73;35;3,1;2,2;
2026/01/07;0600 UTC;0;960,8;961;960,6;0;19,8;16,7;22;18,5;17,2;16,1;94;71;85;79;3,9;2,6;
2026/01/07;0700 UTC;0;961,1;961,3;960,9;0;18,5;16,6;19,1;18;16,9;16,4;94;88;91;77;3,3;2,3;
2026/01/07;0800 UTC;0;961,5;961,9;961,3;0;18,3;16,1;18,7;18,1;16,6;15,9;92;86;89;68;3,5;2,1;
2026/01/07;0900 UTC;0;962,3;962,7;961,9;8;18,2;15,8;18,4;17,8;15,9;15,7;90;87;88;91;3,2;2,4;
2026/01/07;1000 UTC;0;963;963,2;962,7;351,9;18,6;16;19,6;17,8;16,5;15,8;90;84;87;78;4,8;3,2;
2026/01/07;1100 UTC;0;963,3;963,5;963,1;1158,1;21,2;17,1;22,7;19,7;17,9;16,5;86;73;80;62;4,2;2;
2026/01/07;1200 UTC;0;963,6;963,7;963,4;2021,6;24;18,2;25,3;22,5;18,9;17,1;77;65;71;58;6,5;3,6;
2026/01/07;1300 UTC;0;963,5;963,7;963,3;2793,1;26,5;19,2;27,4;25,3;20,4;18,3;67;60;64;154;6,8;3,1;
2026/01/07;1400 UTC;0;963,1;963,3;962,8;3373,8;27,9;19,9;28,6;27,4;20,8;19,2;64;57;60;295;6,7;2,8;
2026/01/07;1500 UTC;0;962,7;962,8;962,5;3392,8;29,2;20,3;29,9;28,4;21,6;19,6;62;50;56;286;7,2;4,3;
2026/01/07;1600 UTC;0;962,3;962,6;961,9;2547,1;29,5;20,1;30,5;28,9;21,5;19,3;59;44;53;303;7,2;3,6;
2026/01/07;1700 UTC;0;961,6;962;961,1;3017,5;30,3;19,5;31,3;29;20,3;18,6;52;40;46;267;7;3,9;
2026/01/07;1800 UTC;0;960,7;961,1;960,2;3497,7;31,4;19,7;32;30,7;20,9;18,8;45;37;41;301;6,6;2,6;
2026/01/07;1900 UTC;0;960,1;960,3;959,8;3231,5;31,8;20;32,2;31,3;21;19,1;46;38;41;287;6,1;3,1;
2026/01/07;2000 UTC;0;959,7;959,9;959,5;2069,9;31,7;19,6;32,3;31;20,9;19;44;36;40;250;4;1,9;
2026/01/07;2100 UTC;0;959,2;959,5;959;1024,8;31,1;19,6;31,5;30,3;21,8;18,9;57;38;42;277;2,5;,8;
2026/01/07;2200 UTC;0;959,6;960;959,2;252,3;29,3;19,1;30,2;28,2;20,4;18,3;57;45;49;299;1,5;,6;
2026/01/07;2300 UTC;0;960,5;962,1;959,9;8,5;28,2;18;28,6;27,3;19,3;17,3;60;47;49;251;12,3;2,4;
2026/01/08;0000 UTC;1,6;962,9;964,1;961,5;5,5;21,5;18,1;25,4;19,6;18,5;17,7;95;65;83;213;10,8;5;
2026/01/08;0100 UTC;;;;;;;;;;;;;;;;;;
2026/01/08;0200 UTC;,8;963,9;964,4;963,7;0;18,5;18,5;18,8;18,4;18,8;18,3;100;99;100;80;8;4,7;
2026/01/08;0300 UTC;,2;963,6;964,1;963,2;0;18,5;18,4;18,6;18,4;18,6;18,2;100;99;99;76;6,1;3,9;
2026/01/08;0400 UTC;0;963,1;963,3;962,9;0;18,3;17,8;18,4;18,1;18,2;17,3;99;96;98;55;5,1;2,8;
2026/01/08;0500 UTC;0;962,4;962,9;962,2;0;18,2;17,1;18,3;18,1;17,3;16,9;96;93;95;45;5;3;
2026/01/08;0600 UTC;0;962;962,2;961,8;0;18,4;16,9;18,6;17,9;17,5;16,6;98;90;93;71;3,1;1,8;
2026/01/08;0700 UTC;0;961,9;961,9;961,8;0;18;17,4;18,1;17,9;17,7;17,2;99;96;97;110;2,4;1,6;
2026/01/08;0800 UTC;0;961,9;961,9;961,8;0;17,7;17,6;17,9;17,5;17,7;17,5;100;98;99;73;3;2;
2026/01/08;0900 UTC;0;962,3;962,7;961,9;3,9;17,6;17,5;17,7;17,5;17,6;17,4;100;99;100;88;3,8;2,3;
2026/01/08;1000 UTC;0;963,2;963,7;962,8;351,2;18,1;17,7;19,1;17,6;18,1;17,5;100;93;98;96;2,7;1,8;
2026/01/08;1100 UTC;0;964,1;964,1;964,1;462,6;19,1;18,3;19,1;19,1;18,3;18,3;96;96;96;94;1,9;1,3;
2026/01/08;1200 UTC;0;964,3;964,3;964,3;2616,9;21,7;19,1;21,7;21,7;19,1;19,1;87;87;87;139;2,9;1,8;
2026/01/08;1300 UTC;0;964;964;964;3138,7;23,7;18,8;23,7;23,7;18,8;18,8;76;76;76;118;3,5;1,7;
2026/01/08;1400 UTC;0;963,5;963,5;963,5;2348;25,8;19,8;25,8;25,8;19,8;19,8;70;70;70;114;5;2,4;
2026/01/08;1500 UTC;0;963;963;963;3871,5;27,3;19,8;27,3;27,3;19,8;19,8;62;62;62;88;5,6;4,4;
2026/01/08;1600 UTC;0;962,4;962,4;962,4;3895,8;28,3;20,6;28,3;28,3;20,6;20,6;61;61;61;153;3,4;1,2;
2026/01/08;1700 UTC;0;961,5;961,5;961,5;3761;29,9;20,1;29,9;29,9;20,1;20,1;51;51;51;82;3,1;2,3;
2026/01/08;1800 UTC;0;961,1;961,1;961,1;3249,3;30,8;21,5;30,8;30,8;21,5;21,5;54;54;54;206;1,6;,7;
2026/01/08;1900 UTC;0;960,8;960,8;960,8;2772,3;30,8;22,5;30,8;30,8;22,5;22,5;58;58;58;200;1,8;,8;
2026/01/08;2000 UTC;0;960;960;960;1600;30,5;21,8;30,5;30,5;21,8;21,8;56;56;56;188;2,1;,7;
2026/01/08;2100 UTC;0;960,3;960,3;960,3;482,6;28,1;21,5;28,1;28,1;21,5;21,5;67;67;67;238;2,6;1,6;
2026/01/08;2200 UTC;0;961,5;961,5;961,5;109,7;25,8;21,3;25,8;25,8;21,3;21,3;78;78;78;270;2,6;2;
2026/01/08;2300 UTC;0;962,3;962,3;962,3;0;24,9;20,1;24,9;24,9;20,1;20,1;76;76;76;101;5,3;3,8;
2026/01/09;0000 UTC;0;963;963;963;0;23,6;20,5;23,6;23,6;20,5;20,5;84;84;84;93;6,3;4,6;
2026/01/09;0100 UTC;0;963,1;963,4;962,8;0;23,1;20,5;23,6;22,8;20,6;20,2;89;84;87;88;8,9;5,4;
2026/01/09;0200 UTC;0;962,9;963,2;962,6;0;22,7;20,1;22,9;22,4;20,3;20;88;86;87;96;8,5;4,5;
2026/01/09;0300 UTC;0;962,7;963,1;962,4;0;22,3;20;22,4;22,1;20,1;19,9;89;88;89;96;6,4;4;
2026/01/09;0400 UTC;0;962,1;962,5;961,6;0;21,7;19,9;22,2;21,5;19,9;19,8;92;89;91;96;6,6;4,4;
2026/01/09;0500 UTC;0;961,6;961,6;961,5;0;21,1;19,7;21,1;21,1;19,8;19,7;93;93;93;100;5,2;3,7;
2026/01/09;0600 UTC;0;961,5;961,7;961,3;0;21,1;19,6;21,2;21;19,7;19,4;93;92;92;96;5,9;3,7;
2026/01/09;0700 UTC;0;961,3;961,4;961,1;0;21;19,3;21,1;20,9;19,4;19,1;93;90;91;94;6,4;3,4;
2026/01/09;0800 UTC;0;961,4;961,9;961;0;20,6;19,1;20,9;20,5;19,2;19;93;91;92;91;5;3,7;
2026/01/09;0900 UTC;0;962,2;962,5;961,8;6,9;20,2;18,9;20,5;20;19,1;18,8;94;93;94;93;7;4,8;
2026/01/09;1000 UTC;0;962,2;962,3;962,1;378,9;20,6;18,8;21,5;19,9;19;18,7;95;86;91;80;6,3;4,2;
2026/01/09;1100 UTC;0;962,6;962,8;962,2;1123,2;22,7;18,7;23,4;21,5;19,2;18,4;87;76;80;50;9;5,2;
2026/01/09;1200 UTC;0;962,8;962,9;962,6;1822,2;24,4;19,3;26,1;23,3;20,7;18,5;77;72;74;46;6,9;3,6;
2026/01/09;1300 UTC;0;962,3;962,5;962;2610,5;27;20,5;28,1;25,9;21,5;19,7;74;64;68;110;7;3,6;
2026/01/09;1400 UTC;0;961,6;962;961,2;3244,5;29,1;22;30,1;28,2;23,3;20,9;69;62;64;85;6,9;3,6;
2026/01/09;1500 UTC;0;961,1;961,2;961;3321,5;30,5;22,7;30,9;29,8;23,4;22;66;57;61;278;7,1;3,4;
2026/01/09;1600 UTC;0;961,1;961,2;961;3051,8;30,9;22,9;31,3;30,6;23,9;22,2;64;57;60;140;7,9;3,9;
2026/01/09;1700 UTC;0;960,8;961,1;960,4;2893,8;31;23,1;31,3;30,8;23,7;22,4;64;57;60;259;6,7;2,8;
2026/01/09;1800 UTC;0;960;960,4;959,7;2255,3;31,2;22,9;31,7;30,8;23,9;22;62;55;58;258;6,5;3,2;
2026/01/09;1900 UTC;0;959,1;959,7;958,5;2068,4;31,4;23,2;31,6;31,1;24,2;22,5;64;56;59;215;5,1;2,6;
2026/01/09;2000 UTC;0;958;958,6;957,7;1766,9;31,5;23;32,2;30,7;24,1;22,2;61;54;57;300;4,8;2;
2026/01/09;2100 UTC;0;957,9;958,3;957,6;543,9;30,4;22,4;30,9;30,1;23;21,9;63;57;60;335;2,4;1,4;
2026/01/09;2200 UTC;0;958,1;958,4;957,8;112,9;29,3;22,5;30,1;28,4;23,9;21,4;70;62;66;323;3,9;2,3;
2026/01/09;2300 UTC;0;959;959,5;958,1;6,8;24,6;20,4;28,4;22,2;22,5;19,5;88;65;79;262;7,5;4,1;
2026/01/10;0000 UTC;0;960,1;961,1;959;0;21,9;19,9;22,1;21,7;20;19,8;91;89;90;109;5;2,9;
2026/01/10;0100 UTC;,2;961,1;961,5;960,8;0;21,7;20,1;21,7;21,5;20,5;19,9;95;91;92;126;3;1,3;
2026/01/10;0200 UTC;,4;961,9;962,4;961,5;0;21,5;20,6;21,7;21,4;20,9;20,3;97;94;96;52;7,4;4;
2026/01/10;0300 UTC;,2;961,9;962;961,7;0;21,4;20,9;21,5;21,3;21;20,7;98;97;97;46;6,7;3,6;
2026/01/10;0400 UTC;,2;961,5;961,8;961,1;0;21,1;20,5;21,3;20,9;20,8;19,8;98;95;97;59;6,7;4;
2026/01/10;0500 UTC;0;960;961,1;958,9;0;20,8;19,6;20,9;20,6;19,8;19,4;95;93;94;48;6,4;3,6;
2026/01/10;0600 UTC;0;958,8;959,1;958,6;0;20,6;19,4;20,7;20,5;19,5;19,2;95;93;94;43;6,2;3,5;
2026/01/10;0700 UTC;0;959,1;959,3;958,9;0;20,6;19,4;20,7;20,6;19,6;19,1;95;92;94;141;5,2;2,4;
2026/01/10;0800 UTC;0;959;959,1;958,8;0;20,6;19,6;20,8;20,5;19,6;19,5;95;94;95;107;5,5;2,6;
2026/01/10;0900 UTC;0;959,3;959,6;959,1;2,2;20,6;19,6;20,7;20,4;19,7;19,5;96;95;95;67;5,1;2,3;
2026/01/10;1000 UTC;0;959,6;959,8;959,4;151,1;20,8;19,7;21,2;20,6;19,9;19,5;96;92;95;58;7,2;3,6;
2026/01/10;1100 UTC;0;959,8;959,9;959,6;720,4;21,9;19,7;23,1;21,2;20;19,5;92;82;89;74;6,4;3,7;
2026/01/10;1200 UTC;0;959,4;959,6;959,2;1250,4;23,4;19,7;24,4;23;20,5;19,2;85;78;82;262;7;3,3;
2026/01/10;1300 UTC;0;959,1;959,3;958,8;1706,9;24;20,2;25,3;23,4;21,1;19,8;84;76;81;306;6,6;3,2;
2026/01/10;1400 UTC;0;958,7;958,8;958,5;2427,2;25,8;20,8;26,6;25,2;21,4;20,3;79;71;75;307;9,7;5,2;
2026/01/10;1500 UTC;0;958,6;958,8;958,2;1696,2;26,3;20,7;26,6;25,7;21,3;20,3;76;69;72;311;10,6;5,6;
2026/01/10;1600 UTC;0;959;959,2;958,8;535,9;25,1;20,9;25,6;24,6;21,2;20,6;81;77;79;313;8,7;5,9;
2026/01/10;1700 UTC;0;959,5;959,6;959,2;304,7;23,5;21;24,6;22,3;21,6;20,5;96;80;88;314;7;4,4;
2026/01/10;1800 UTC;3,2;959,2;959,5;958,9;400,5;22,2;21,6;22,4;21,9;21,7;21,4;98;95;97;290;8,3;4,8;
2026/01/10;1900 UTC;,6;958,6;959;958,1;720,3;22;20,7;22,6;21,7;21,5;20,2;98;89;93;297;10,5;4,8;
2026/01/10;2000 UTC;0;957,5;958,1;957;850,2;23;20,4;23,1;22,7;21;20;91;84;87;280;5,4;3;
2026/01/10;2100 UTC;0;956,5;956,6;956,4;360,7;23,6;20;23,8;23,5;20,1;19,9;82;81;82;305;2,4;1,5;
2026/01/10;2200 UTC;0;956,9;957,3;956,6;196,6;23,2;19,7;23,5;22,7;20,2;19,2;87;81;83;301;3;1,7;
2026/01/10;2300 UTC;0;858,3;957,9;;9,1;22,3;25,3;22,8;21,8;;10,3;93;85;89;0;2,1;0;
2026/01/11;0000 UTC;0;958,2;958,5;957,9;0;21,6;19,9;21,8;21,3;20,6;19,4;94;89;91;247;2,4;1;
2026/01/11;0100 UTC;0;958,7;959,1;958,2;0;21,1;19,3;21,5;20,9;19,8;19,1;93;89;91;279;2,4;1;
2026/01/11;0200 UTC;0;959,3;959,4;959,1;0;21,2;19,3;21,3;21;19,4;19,2;91;90;91;310;4,4;3;
2026/01/11;0300 UTC;0;959,3;959,5;959;0;20,9;19,4;21,1;20,6;19,6;19,2;94;91;92;314;4,2;2,3;
2026/01/11;0400 UTC;0;958,9;959,1;958,6;0;20,5;19,4;20,6;20,3;19,6;19,3;96;94;95;305;4;2,2;
2026/01/11;0500 UTC;0;958,4;958,6;958;0;20,1;19,6;20,3;19,8;19,7;19,4;98;96;97;306;4,2;2,3;
2026/01/11;0600 UTC;0;957,8;958;957,7;0;19,9;19,3;19,9;19,8;19,4;19,2;98;96;97;299;4,9;2,4;
2026/01/11;0700 UTC;0;957,6;957,8;957,4;0;19,8;19,1;20;19,7;19,3;19;97;96;96;317;4,5;2,5;
2026/01/11;0800 UTC;0;957,6;957,7;957,4;0;20;19,2;20;19,9;19,4;19,1;97;96;96;308;4,8;2,4;
2026/01/11;0900 UTC;1,6;958;958,3;957,7;1;19,7;19,5;20;19,5;19,7;19,2;100;97;99;287;5,8;3,5;
2026/01/11;1000 UTC;,2;958,6;958,8;958,3;122,2;19,5;19,3;19,6;19,4;19,4;19,2;100;98;99;298;6;3;
2026/01/11;1100 UTC;0;959;959,2;958,7;531,4;19,9;19,4;20,3;19,6;19,5;19,2;99;95;97;284;6,7;4;
2026/01/11;1200 UTC;0;959,2;959,3;959,1;1421,5;21,1;19,4;22;20,3;20,2;18,8;96;84;91;301;7,5;4,4;
2026/01/11;1300 UTC;0;959;959,2;958,9;1823,9;22,5;19,1;23,1;21,9;20,1;18,6;87;79;83;306;5,6;3,6;
2026/01/11;1400 UTC;0;958,7;959;958,5;2494,7;23,7;18,7;24,1;22,7;19,9;17,4;83;71;75;302;11,2;5,7;
2026/01/11;1500 UTC;,4;959,2;959,4;958,9;1027,2;20,4;18;22,4;19,8;18,9;16,8;94;72;88;314;7,2;4,7;
2026/01/11;1600 UTC;0;959,1;959,4;958,8;1425,1;21,2;18,8;22,8;20,2;19,8;18,1;91;82;88;255;8,1;3;
2026/01/11;1700 UTC;0;958,8;959,1;958,4;2700,3;22,2;19,3;23,6;20,7;20;18,4;95;79;85;240;4,1;2,2;
2026/01/11;1800 UTC;0;958,1;958,5;957,8;1895,7;23,8;19,2;24,9;22,7;20,3;18,1;84;72;77;286;3,9;2,3;
2026/01/11;1900 UTC;0;957,7;957,8;957,6;1805;24,4;18,5;25,6;23,8;20,3;17,7;76;65;70;269;7,1;4,4;
2026/01/11;2000 UTC;0;957,6;957,7;957,5;1353,4;24,4;16,6;25,3;24;19;15,3;69;55;61;273;7,6;4,7;
2026/01/11;2100 UTC;0;957,8;957,9;957,7;1109;23,5;16,9;24,2;23;17,6;16,1;73;62;67;250;6,7;3,2;
2026/01/11;2200 UTC;0;958,4;958,7;957,9;291,7;21,3;15,6;23,1;19,8;16,5;15,1;79;64;72;273;4;2,6;
2026/01/11;2300 UTC;0;958,9;959,2;958,7;14,2;20;15,7;20,4;19,7;16;15,4;81;75;78;276;4,6;2,5;
2026/01/12;0000 UTC;0;959,6;960;959,2;0;19,6;16,1;20,2;19,3;16,3;15,9;85;79;83;263;4,3;2,3;
2026/01/12;0100 UTC;0;960,7;960,8;960,7;0;18,7;16,7;18,8;18,7;16,7;16,6;90;89;90;272;3,8;2,6;
2026/01/12;0200 UTC;0;960,9;961;960,8;0;18,7;16,3;18,8;18,4;16,8;16;90;87;88;280;5;2,5;
2026/01/12;0300 UTC;0;960,7;960,9;960,6;0;18,2;16,7;18,4;17,9;17;16,3;96;89;93;281;4,4;2,8;
2026/01/12;0400 UTC;0;960,4;960,6;960,2;0;17,6;17,1;17,9;17,4;17,2;17;99;96;98;284;3,1;2;
2026/01/12;0500 UTC;0;960,2;960,2;960,1;0;17,5;17,2;17,7;17,4;17,3;17,1;99;98;99;290;3,8;2,3;
2026/01/12;0600 UTC;0;960;960,1;959,9;0;17,6;17,2;17,7;17,6;17,3;17;98;97;98;301;2,8;1,3;
2026/01/12;0700 UTC;0;960;960,2;959,9;0;17,5;16,8;17,6;17,5;17,1;16,6;97;96;96;294;2,8;1,5;
2026/01/12;0800 UTC;0;960,3;960,5;960,2;0;17,5;16,8;17,6;17,5;17;16,3;97;94;96;303;2;1,1;
2026/01/12;0900 UTC;0;960,8;961,1;960,5;,8;17,6;16,6;17,6;17,6;16,9;16;96;92;95;302;1,9;1;
2026/01/12;1000 UTC;0;961,4;961,7;961,1;114,6;17,7;16,6;18,1;17,6;16,8;16,3;96;93;94;284;1,5;,9;
2026/01/12;1100 UTC;0;961,9;962,2;961,7;590,9;18,6;16;18,8;18,1;16,9;15,5;93;84;87;313;4;2,4;
2026/01/12;1200 UTC;0;962,2;962,3;962,1;1320,2;19,6;15,9;20,5;18,8;16,9;15,2;86;77;81;311;4,2;2,6;
2026/01/12;1300 UTC;0;962,1;962,1;962;1466,5;20,6;16,5;21,1;20;17;15,9;82;76;80;283;3,6;2,2;
2026/01/12;1400 UTC;0;961,9;962,1;961,7;2454;22;17,3;22,6;21;18,1;16,4;80;72;76;272;4,5;2,5;
2026/01/12;1500 UTC;0;961,8;961,8;961,7;2072,6;22,6;17,5;23,1;22,2;18,3;16,8;78;69;74;305;5,7;3,2;
2026/01/12;1600 UTC;0;961,7;961,8;961,4;2494,2;23,4;18;24;22,7;19,1;17,5;78;69;73;280;5,2;2,9;
2026/01/12;1700 UTC;0;961;961,4;960,6;3190,8;24,4;18,5;26;23,5;20,3;17,3;75;65;70;296;5,3;3,2;
2026/01/12;1800 UTC;0;960,4;960,6;960,3;2652,4;25,3;18,5;26,1;24,6;19,4;17,8;70;59;66;267;5,2;2,6;
2026/01/12;1900 UTC;0;960;960,3;959,6;2145,5;25,6;18,4;26,8;24,5;19,3;17,8;69;58;64;262;4,6;2,4;
2026/01/12;2000 UTC;0;959,4;959,7;959,2;1778,5;26,1;18,6;26,9;25,5;19,5;17,9;67;59;62;241;4,4;1,8;
2026/01/12;2100 UTC;0;959,2;959,4;959,1;1136;26,1;18,6;26,5;25,3;19,4;17,9;66;60;63;252;2;1,2;
2026/01/12;2200 UTC;0;959,5;959,8;959,3;467,6;25,3;19;26,4;24,4;19,8;18,6;73;63;68;166;1,6;,9;
2026/01/12;2300 UTC;0;960,1;960,3;959,8;34,9;23,4;18,9;24,5;22,5;19,5;18,4;82;71;78;75;1;,6;
2026/01/13;0000 UTC;0;960,3;960,4;960,2;0;22,4;18,5;22,7;22,1;19,4;18;84;78;80;52;1;,6;
2026/01/13;0100 UTC;0;960,8;961;960,5;0;22,1;18,6;22,2;22;19,1;18;84;80;82;83;1,5;,8;
2026/01/13;0200 UTC;0;961,1;961,2;961;0;22,1;18,8;22,3;21,5;19;18,6;86;82;83;95;1,6;1,1;
2026/01/13;0300 UTC;0;961,4;961,5;961,2;0;21;19;21,4;20,2;19,3;18,7;95;87;90;149;2;1;
2026/01/13;0400 UTC;0;961,1;961,2;960,9;0;19,8;19,3;19,9;19,7;19,4;19,2;98;97;98;103;2;1,3;
2026/01/13;0500 UTC;0;960,7;960,9;960,4;0;20;19;20,9;19,6;19,4;18,2;99;87;95;296;3,1;1,7;
2026/01/13;0600 UTC;0;960,2;960,4;960,1;0;19,5;18,7;20,8;18,8;19;18,2;100;88;96;187;1,3;,5;
2026/01/13;0700 UTC;0;960;960,1;959,9;0;19;18,4;19,3;18,5;18,9;17,8;100;96;97;93;1,8;1,1;
2026/01/13;0800 UTC;0;960,1;960,5;959,9;0;18,2;18,2;18,6;17,9;18,7;17,9;100;100;100;98;1,2;,7;
2026/01/13;0900 UTC;0;960,8;961,1;960,5;5,9;18,1;18,1;18,2;17,9;18,2;18;100;100;100;67;1,3;,9;
2026/01/13;1000 UTC;0;961,3;961,5;961,1;376;18,7;18,2;19,8;18;18,7;18;100;91;97;70;2;1,1;
2026/01/13;1100 UTC;0;961,8;962,1;961,5;1142,8;21,4;18,6;22,9;19,9;19,4;2,4;93;79;87;66;2,7;1,5;
2026/01/13;1200 UTC;0;962,1;962,2;962;1967,5;23,3;19,5;24,3;22,7;20,3;18,8;86;74;81;61;3,8;1,9;
2026/01/13;1300 UTC;0;962,4;962,5;962,2;2571,8;24,9;19,3;25,8;23,6;20,2;18,3;81;63;72;300;4,1;2,1;
2026/01/13;1400 UTC;0;962,5;962,6;962,4;2548;25,9;18,9;26,8;24,9;19,8;18,1;71;58;65;242;4,9;2,4;
2026/01/13;1500 UTC;0;962,3;962,5;962,1;3225;27;19;27,7;26;20,9;18;69;53;60;259;4,5;1,9;
2026/01/13;1600 UTC;0;962;962,2;961,8;3572,6;27,9;18,9;28,5;27,2;20,5;17,7;62;48;55;306;5,8;2,7;
2026/01/13;1700 UTC;0;961,8;961,9;961,5;3521,5;28,4;19;28,9;27,4;20,3;18,1;61;47;53;280;5,6;2,4;
2026/01/13;1800 UTC;0;961,2;961,5;960,9;3190,9;29,2;19,5;29,7;28,3;20,4;18,1;56;47;52;261;4,4;2,2;
2026/01/13;1900 UTC;0;960,7;960,9;960,4;2178,1;28,8;19,4;29,9;27,9;20,2;18,7;58;48;53;274;5;2,6;
2026/01/13;2000 UTC;0;960,2;960,4;959,8;1607,3;28,5;19,5;29,7;27,6;20,5;18,9;60;49;55;279;4,2;1,8;
2026/01/13;2100 UTC;0;959,6;959,8;959,5;1347,5;29,3;19,6;29,8;28,3;20,5;18,9;57;48;51;240;3,1;1,5;
2026/01/13;2200 UTC;0;959,7;959,9;959,6;602,8;29;19,3;29,3;28,6;20,4;18,7;56;48;51;312;1,2;,6;
2026/01/13;2300 UTC;;;;;;;;;;;;;;;;;;
2026/01/14;0000 UTC;0;961,3;961,8;960,8;0;25;17,7;25,3;24,8;18,3;17,3;66;62;63;58;1,8;1,2;
2026/01/14;0100 UTC;0;962;962,2;961,8;0;25,1;18,1;25,4;24,9;18,4;17,9;67;64;65;237;2,3;1,4;
2026/01/14;0200 UTC;0;962,1;962,4;962;0;25;18,1;25,5;24,6;18,3;17,7;67;64;66;291;1,9;,8;
2026/01/14;0300 UTC;0;962,4;962,5;962,4;0;23,8;18;24,7;23;18,1;17,7;75;65;71;271;1,8;1,4;
2026/01/14;0400 UTC;0;962,2;962,4;962;0;21,8;18,2;23,2;20,5;18,5;18;90;74;82;90;1,8;1,1;
2026/01/14;0500 UTC;0;962,1;962,2;962;0;20,7;19;20,9;20,5;19,3;18,6;94;90;92;120;1,7;1,2;
2026/01/14;0600 UTC;0;961,8;962;961,5;0;20,6;19,1;20,9;20,4;19,3;18,8;94;90;93;69;1,3;,8;
2026/01/14;0700 UTC;0;961,5;961,8;961,3;0;20,2;18,7;20,8;19,7;18,9;18,3;95;89;92;43;2,9;1,5;
2026/01/14;0800 UTC;0;961,9;962;961,7;0;19,5;18,5;20,7;19;18,7;18,3;97;89;95;59;2,4;1,4;
2026/01/14;0900 UTC;0;962,2;962,5;962;4,2;19,2;18,2;19,5;19;18,4;17,9;97;93;95;93;1,7;1,2;
2026/01/14;1000 UTC;0;962,7;963;962,5;307,9;20;18,3;21,6;19,3;19,2;18;94;87;92;69;2,3;1,4;
2026/01/14;1100 UTC;0;963,2;963,5;963;1083,8;22,5;19,1;23,8;21,6;20,2;18,4;87;74;83;97;2,7;1,3;
2026/01/14;1200 UTC;0;963,5;963,6;963,4;1999,7;25,1;20,2;26,4;23,6;21;19,3;81;69;76;60;4,6;2,4;
2026/01/14;1300 UTC;0;963,3;963,5;963,2;2725,6;27,7;20,8;28,7;26,4;21,7;20,1;74;60;65;94;5;2,2;
2026/01/14;1400 UTC;0;963,1;963,3;962,9;3344,5;29;20,6;30,3;28,4;21,9;19,3;65;51;58;107;4,2;2;
2026/01/14;1500 UTC;0;962,6;962,9;962,3;3609,8;29,6;20,5;30,5;29;21,8;19,4;61;48;54;249;6;2,7;
2026/01/14;1600 UTC;0;962,2;962,4;961,9;3532,4;29,8;20,1;30,6;28,8;21,6;19,1;57;46;52;209;5,4;2,4;
2026/01/14;1700 UTC;0;961,6;961,9;961,3;3748,8;30,6;20,2;31,1;29,6;21,9;19;56;41;48;305;6,8;3,9;
2026/01/14;1800 UTC;0;961,1;961,3;960,9;2454,5;30,4;19,3;31,5;29,5;20,6;17,8;50;39;44;303;6,3;2,9;
2026/01/14;1900 UTC;0;960,6;960,9;960,2;2915,8;31,2;19,6;31,8;30,2;20,4;18,5;47;37;42;295;5,3;2,6;
2026/01/14;2000 UTC;0;960;960,3;959,6;1870,7;30,6;19,4;31,1;29,7;20,7;18,4;49;40;44;306;5;2,4;
2026/01/14;2100 UTC;0;959,2;959,5;959;1311,4;30,6;19,6;31,1;30,1;20,5;18,9;51;40;45;288;2,2;1,6;
2026/01/14;2200 UTC;0;959,3;959,5;959;479,3;29,7;19,7;31;27,6;20,9;18,4;56;44;50;260;1,5;,7;
2026/01/14;2300 UTC;0;959,7;959,8;959,5;20,7;26,8;18;27,7;26,1;18,8;16,9;59;53;56;176;1,2;,6;
2026/01/15;0000 UTC;0;959,9;960,2;959,7;0;26,2;17,1;26,8;25,7;17,4;16,6;57;51;54;130;1,3;,8;
2026/01/15;0100 UTC;0;960,4;960,8;960,2;0;25;17;25,6;24,3;17,4;16,7;66;56;60;64;2,2;1,1;
2026/01/15;0200 UTC;0;960,9;961;960,8;0;24;17,8;24,2;23,7;18;17,4;71;66;69;64;2,1;1,3;
2026/01/15;0300 UTC;0;961;961,2;960,9;0;22,9;17,5;24,2;21,7;18;17,3;81;66;73;119;2,6;1,7;
2026/01/15;0400 UTC;0;961;961,2;960,7;0;21,2;18,2;21,7;20,9;18,4;18;86;82;85;76;2,3;1,8;
2026/01/15;0500 UTC;0;960,6;960,8;960,4;0;21;17,9;21,2;20,6;18,1;17,6;86;83;84;88;2,3;1,6;
2026/01/15;0600 UTC;0;960,4;960,6;960,3;0;0;17,5;;;17,7;17,3;86;83;85;96;2,8;2,3;
2026/01/15;0700 UTC;;;;;;;;;;;;;;;;;;
2026/01/15;0800 UTC;;;;;;;;;;;;;;;;;;
2026/01/15;0900 UTC;;;;;;;;;;;;;;;;;;
2026/01/15;1000 UTC;;;;;;;;;;;;;;;;;;
2026/01/15;1100 UTC;0;962,1;962,1;962;1467,2;24,3;19,1;24,4;24,2;19,4;18,8;75;73;74;80;3;2,2;
2026/01/15;1200 UTC;0;962,1;962,1;962;1948,5;25,5;19,7;27;23,9;20,4;18,6;77;64;71;56;4,8;2,4;
2026/01/15;1300 UTC;0;962;962,1;962;2713,1;27,7;20,7;28,6;26,8;22;19,9;69;62;65;84;4,8;2;
2026/01/15;1400 UTC;0;961,9;962;961,9;3298,2;29,5;21,7;30,6;28,6;22,8;20,9;70;54;61;170;5,7;2,8;
2026/01/15;1500 UTC;0;961,9;962;961,7;3785,4;30,6;21,8;31,5;30;22,8;21,1;62;48;56;311;6,4;3,3;
2026/01/15;1600 UTC;0;961,4;961,7;960,9;3234,3;31,1;20,8;32,1;30,1;21,9;20,1;55;43;49;302;6,4;4,1;
2026/01/15;1700 UTC;0;960,7;961;960,4;3702,3;31,8;20,9;32,2;31,4;21,7;19,8;51;42;46;310;6,8;4;
2026/01/15;1800 UTC;0;960,2;960,4;960;3672,6;32,2;20,7;32,5;31,7;22,2;19,9;49;39;43;297;5,4;3,3;
2026/01/15;1900 UTC;0;959,8;960;959,6;3024,5;32,3;20,6;32,8;31,8;21,5;19,9;45;38;41;279;5,5;2,5;
2026/01/15;2000 UTC;0;959,2;959,6;959;2238,9;32,5;20,4;33;32,1;21,2;19,7;44;36;40;301;5,2;2,5;
2026/01/15;2100 UTC;0;958,8;959;958,8;1354,5;32,3;20,5;32,5;31,6;21,1;19,9;46;38;41;260;3,1;1,4;
2026/01/15;2200 UTC;0;959,1;959,4;958,9;370,7;30,4;20,5;31,7;29,3;21,9;19,6;58;43;50;285;1,2;,5;
2026/01/15;2300 UTC;0;959,8;960,1;959,4;41;28,4;19,3;29,3;27,8;20,7;18,3;59;50;54;258;,8;,4;
2026/01/16;0000 UTC;0;960,2;960,4;960,1;0;27,5;18,6;28,1;27;19,3;17,9;61;50;55;64;1,3;,8;
2026/01/16;0100 UTC;0;960,7;961;960,3;0;26,4;18,9;26,9;25,9;19,1;18,7;65;60;62;55;2,2;1,3;
2026/01/16;0200 UTC;0;961,3;961,6;961;0;26;18,7;26,3;25,6;19;18,3;65;62;64;63;2;1;
2026/01/16;0300 UTC;0;961,7;961,9;961,5;0;25,7;17,9;26;24,5;18,7;17,4;70;57;61;135;2,2;1,7;
2026/01/16;0400 UTC;0;961,6;961,8;961,5;0;23,8;18,7;24,3;23,5;19,1;18,4;78;71;75;73;2,1;1,2;
2026/01/16;0500 UTC;0;961,3;961,6;961;0;24,1;17,9;24,7;23,3;19,2;17,1;78;63;69;309;4,9;2,1;
2026/01/16;0600 UTC;0;960,7;961;960,4;0;24,1;18,3;24,4;23,8;18,8;17,7;75;67;71;320;4,2;2;
2026/01/16;0700 UTC;0;959,9;959,9;959,9;0;21,1;19;21,1;21,1;19;19;90;90;90;85;2,1;1,9;
2026/01/16;0800 UTC;0;959,9;960,1;959,8;0;20,7;18,9;21;20,5;19,1;18,8;92;89;91;85;2;1,5;
2026/01/16;0900 UTC;0;960,6;961;960,1;8,5;20,5;19;20,7;20,2;19,1;18,8;94;91;93;84;2,4;1,6;
2026/01/16;1000 UTC;0;961,4;961,9;960,8;145,5;21,2;19,3;22;20,7;20;19;92;88;91;70;1,2;,5;
2026/01/16;1100 UTC;0;962,3;962,5;961,9;457,4;22,5;19,9;23,1;22;20,4;19,5;90;84;87;84;2,6;1,8;
2026/01/16;1200 UTC;0;962,7;962,8;962,5;922,5;23,3;20,2;24,9;23;21,2;19,6;86;81;84;86;2,8;1,8;
2026/01/16;1300 UTC;0;962,5;962,6;962,4;1899,4;26,4;21,2;26,8;25,2;22,2;20,4;80;69;74;308;3,8;2,3;
2026/01/16;1400 UTC;0;962,5;962,6;962,4;1533,8;27;21,7;27,3;26,7;22,5;20,9;77;71;74;301;3,6;2;
2026/01/16;1500 UTC;0;962,7;962,9;962,4;2337,1;28,4;22,6;29,6;27,4;23,3;22,1;75;66;71;286;6,4;3,8;
2026/01/16;1600 UTC;0;962,3;962,5;962;2171,1;29,4;22,9;30;28,9;23,7;22,1;72;63;67;280;6,1;3,4;
2026/01/16;1700 UTC;0;961,6;962;961,1;1959,8;29,4;22,5;29,7;29,1;23;22;68;63;66;277;7,8;4,9;
2026/01/16;1800 UTC;0;960,7;961,1;960,4;1644,1;28,2;20,5;29,6;27,3;22,8;18,7;67;54;61;284;4,8;3;
2026/01/16;1900 UTC;0;960,5;960,6;960,4;1499,2;28,4;21,5;28,9;27,9;22,9;19,6;71;57;66;307;4,5;1,9;
2026/01/16;2000 UTC;0;960,1;960,5;959,8;1979,9;29,7;22,8;30,4;29;23,6;22,2;72;60;66;251;8,6;4,2;
2026/01/16;2100 UTC;0;960,6;961,3;959,8;791,1;26,9;21,2;30,3;24,7;22,6;20,2;80;60;72;157;8,2;3,5;
2026/01/16;2200 UTC;0;961,8;962;961,4;177,8;23,6;20,5;24,6;23,1;20,9;20,1;88;79;84;101;2,8;1,7;
2026/01/16;2300 UTC;0;961,8;962,1;961,6;16,7;22,6;20,8;23,1;22,2;21;20,3;93;86;91;76;1,7;,9;
2026/01/17;0000 UTC;0;962,1;962,5;961,8;0;22,1;20,8;22,2;22;21;20,6;94;93;94;190;,8;,3;
2026/01/17;0100 UTC;0;962,6;962,8;962,4;0;21,8;20,1;22,1;21,6;20,8;19,6;94;90;92;64;2;1,2;
2026/01/17;0200 UTC;0;963;963,2;962,7;0;21,8;19,7;22;21,5;20,1;19,4;93;87;90;263;2,2;,8;
2026/01/17;0300 UTC;0;962,8;963,2;962,4;0;21,6;20;21,8;21,5;20,2;19,7;93;90;92;36;1,9;1,1;
2026/01/17;0400 UTC;0;961,8;962,4;961,3;0;21,4;19,8;21,9;21;20,4;2,3;96;89;93;91;4;2,8;
2026/01/17;0500 UTC;0;961,1;961,3;960,9;0;20,9;20,2;21;20,7;20,4;20,1;97;96;97;205;,6;,3;
2026/01/17;0600 UTC;0;961;961,3;960,8;0;20,8;20,2;20,9;20,6;20,3;20,1;98;96;97;75;2,7;1,8;
2026/01/17;0700 UTC;0;960,5;960,8;960,3;0;20,6;20,4;20,8;20,6;20,5;20,3;99;98;99;153;2,4;1,1;
2026/01/17;0800 UTC;0;960,2;960,5;960;0;20,5;20,5;20,6;20,5;20,5;20,4;100;99;100;77;3,7;2,2;
2026/01/17;0900 UTC;0;960,3;960,4;960,2;1;20,4;20,4;20,5;20,3;20,5;20,3;100;100;100;93;2,5;1,6;
2026/01/17;1000 UTC;0;960,4;960,5;960,3;165,3;20,5;20,5;20,8;20,3;20,7;20,4;100;99;100;102;2,9;1,9;
2026/01/17;1100 UTC;0;960,4;960,5;960,3;999,6;22,2;20,8;23,8;20,8;21,4;20,6;99;85;93;87;3,5;2,3;
2026/01/17;1200 UTC;0;960,2;960,3;960,1;1886,8;25,2;21,2;26,6;23,7;22,2;20,6;88;73;80;65;3,1;1,5;
2026/01/17;1300 UTC;0;960,2;960,3;960,2;2711,9;26,8;20,9;27,7;26,2;21,9;20,1;75;65;71;215;2;1;
2026/01/17;1400 UTC;0;960,1;960,3;960;3191,9;27,8;21,3;28,3;27,1;22,2;20,3;71;64;68;180;3,5;1,6;
2026/01/17;1500 UTC;0;960,1;960,3;959,9;3485,5;28,7;21,6;29,6;27,8;22,8;21;71;59;64;269;4,1;2,3;
2026/01/17;1600 UTC;0;959,8;960;959,5;2971,8;29,3;22,1;30,3;28,7;23,4;21;69;60;64;234;4,2;2,4;
2026/01/17;1700 UTC;0;959,3;959,6;959,1;3055,3;30;22,4;30,8;29,2;23,7;21,3;68;56;62;211;5,7;2,3;
2026/01/17;1800 UTC;0;958,7;959,1;958,2;2862;29,9;22,4;30,4;29,4;23,1;21,8;67;60;63;223;5,1;2,2;
2026/01/17;1900 UTC;0;957,7;958,2;957,4;1619;29,5;22,2;30,9;28,9;23,4;21,6;68;61;64;175;3,9;1,5;
2026/01/17;2000 UTC;0;956,9;957,4;956,5;1931,6;29,7;22,2;30,5;29;23,1;21,6;67;58;62;182;4,2;1,3;
2026/01/17;2100 UTC;1,2;956,8;957,4;956,4;453,2;27,6;22;30,4;24,3;22,7;21,4;90;59;72;222;3,5;1;
2026/01/17;2200 UTC;0;957,2;957,4;957;462,3;25,3;22,6;25,8;24,3;23,5;21,7;91;81;86;229;3,8;1,9;
2026/01/17;2300 UTC;0;957,6;957,7;957,3;40,9;24,3;22,2;24,8;23,7;22,8;21,5;93;86;89;261;1,3;,5;
2026/01/18;0000 UTC;0;957,9;958;957,7;0;23,8;21,6;24,2;23,3;22,3;21,3;93;86;89;123;3,2;1,7;
2026/01/18;0100 UTC;0;958,3;958,5;958;0;23,3;21,5;23,8;22,9;21,8;21,2;94;89;91;78;3,2;2;
2026/01/18;0200 UTC;0;958,6;958,8;958,4;0;23,1;21,8;23,4;22,8;21,9;21,5;95;92;93;69;3,3;1,5;
2026/01/18;0300 UTC;0;958,8;958,9;958,7;0;23,2;21,6;23,5;22,9;21,8;21,3;94;89;92;304;3,5;2,1;
2026/01/18;0400 UTC;,2;958,4;958,7;958,1;0;23,1;21,8;23,4;23;22;21,5;95;91;93;236;2,6;1,4;
2026/01/18;0500 UTC;0;957,7;958,1;957,4;0;22,8;21,7;23;22,6;21,8;21,5;95;93;94;56;2,5;1,7;
2026/01/18;0600 UTC;0;957,3;957,5;957,2;0;22,6;21,6;22,8;22,3;21,7;21,2;96;94;95;281;3,3;1,9;
2026/01/18;0700 UTC;0;957,2;957,6;957,1;0;21,9;20,3;22,3;21,5;21,3;19,8;95;90;92;265;1,7;,7;
2026/01/18;0800 UTC;0;957,4;957,6;957,2;0;21,2;20,2;21,5;21;20,5;19,8;97;91;95;94;1,6;,8;
2026/01/18;0900 UTC;;;;;;;;;;;;;;;;;;
2026/01/18;1000 UTC;0;958,1;958,4;957,7;0;21,2;20,6;21,3;21;20,8;20,3;98;96;97;170;3,2;1,2;
2026/01/18;1100 UTC;0;958,3;958,4;958,3;416,9;22,1;20,8;22,5;21,3;21;20,4;96;92;94;140;1,2;,6;
2026/01/18;1200 UTC;0;958,2;958,4;958,1;1339,7;23,4;20,9;24,1;22,3;21,6;20,2;93;82;87;310;3;1,7;
2026/01/18;1300 UTC;0;958,4;958,5;958,1;1534,9;24,1;20,9;24,9;23,7;21,7;20,1;88;80;84;253;3,7;2;
2026/01/18;1400 UTC;0;958,2;958,5;958,1;2749,3;25,8;21,5;26,8;24,8;22,3;20,7;84;74;78;214;5,7;2,9;
2026/01/18;1500 UTC;,2;958;958,2;957,8;2906,9;26,7;22;28,4;24,4;22,8;21,1;91;67;76;197;5,4;2,5;
2026/01/18;1600 UTC;0;957,9;958,2;957,6;3839,6;27,2;22,5;28;25,8;23,2;21,7;82;72;77;186;6,4;2,8;
2026/01/18;1700 UTC;0;957,5;957,7;957,4;3522,1;28,2;22,4;28,9;27,6;23,7;21,7;77;66;71;199;6,6;3;
2026/01/18;1800 UTC;0;957,2;957,4;957;2548,1;28,2;21,9;28,8;27,3;22,6;20,9;71;65;68;185;8,2;3,4;
2026/01/18;1900 UTC;0;956,7;957,2;956,3;2881,3;28,1;20,8;28,6;27,2;21,6;20;69;61;64;170;6,5;3,1;
2026/01/18;2000 UTC;0;956,4;956,7;956;2247;28,2;21,2;29;27,4;22,6;20,6;69;62;65;160;6,5;3,5;
2026/01/18;2100 UTC;4,3;956,4;957,3;955,9;1432,3;25,7;20,1;28,3;21,4;21;18,7;91;60;72;125;5,7;1,6;
2026/01/18;2200 UTC;0;957,5;958;957,2;669,2;23,1;20,1;23,7;22,2;21,5;18,3;93;77;85;133;6,3;1,8;
2026/01/18;2300 UTC;0;958,7;959,3;958,1;42,7;22,1;18;22,8;21,5;18,4;17,6;82;77;79;96;6,8;4,1;
2026/01/19;0000 UTC;;;;;;;;;;;;;;;;;;
2026/01/19;0100 UTC;0;961,1;961,5;960,4;0;20,5;18,2;20,7;20,3;18,6;18;89;87;88;104;4,4;2,6;
2026/01/19;0200 UTC;0;962,1;962,6;961,5;0;20;18;20,3;19,6;18,1;17,8;92;88;90;138;2,4;,5;
2026/01/19;0300 UTC;0;962,5;962,6;962,4;0;19,5;18;19,6;19,3;18,1;18;94;92;93;123;3,3;1,8;
2026/01/19;0400 UTC;0;962,5;962,6;962,3;0;19,2;17,9;19,4;19;18;17,5;94;91;93;150;4,7;2;
2026/01/19;0500 UTC;0;962;962,4;961,8;0;18,8;17,2;19,3;18,5;17,5;16,9;93;91;92;137;5;1,5;
2026/01/19;0600 UTC;0;961,8;961,9;961,7;0;18,5;16,8;18,7;18,2;16,9;16,7;92;91;91;133;2,9;1,2;
2026/01/19;0700 UTC;0;961,5;961,6;961,5;0;18,4;16,8;18,4;18,3;16,9;16,8;92;92;92;164;3,8;2;
2026/01/19;0800 UTC;0;961,8;962;961,6;0;18,7;17,3;18,8;18,4;17,6;16,9;95;92;93;171;5,3;2,3;
2026/01/19;0900 UTC;0;962,3;962,6;961,9;2,1;18,4;17,7;18,6;18,3;17,9;17,5;98;95;96;158;4,2;1,9;
2026/01/19;1000 UTC;0;962,9;963,3;962,6;102,7;18,1;17,4;18,3;17,7;17,8;17,1;98;96;97;165;5,7;2,5;
2026/01/19;1100 UTC;0;964;964;963,9;478,8;17,8;14,6;17,8;17,7;14,8;14,4;86;83;84;143;5,5;2,5;
2026/01/19;1200 UTC;0;964,1;964,2;964;790,1;18,3;14,4;19,5;17,8;15,1;14,1;84;76;80;115;7,2;3,7;
2026/01/19;1300 UTC;0;964,4;964,7;964,1;1150,9;19,5;14,3;19,7;19,3;15;14;78;72;74;136;6,9;2,9;
2026/01/19;1400 UTC;0;964,8;964,9;964,7;1402,1;20,6;15;20,8;20,5;15,4;14,7;73;71;72;135;5,6;2,4;
2026/01/19;1500 UTC;0;964,8;964,9;964,8;1497,6;21;14,8;21,4;20,6;15,3;14,3;73;66;69;116;6,9;3,5;
2026/01/19;1600 UTC;0;964,9;965;964,7;2680,8;21,8;15,2;23,2;20,7;16,6;14,5;73;61;67;126;6,3;3,1;
2026/01/19;1700 UTC;0;964,6;964,8;964,3;2591,5;22,7;15,1;23,5;21,9;16,2;14,2;66;57;62;129;5,5;2,3;
2026/01/19;1800 UTC;0;964;964,3;963,7;3483,2;24,3;15,2;25,3;23;16,3;13,9;63;48;54;130;5,8;3,1;
2026/01/19;1900 UTC;0;963,6;963,8;963,3;3103,6;24,5;14,2;25,2;23,6;15,7;13,4;53;45;49;135;5,8;2,7;
2026/01/19;2000 UTC;0;963,2;963,3;963;2164,7;23,6;13,5;24,2;22,8;14,4;12,2;53;44;50;135;7,9;3;
2026/01/19;2100 UTC;0;962,8;963;962,7;1487,9;23,1;12,6;23,7;22,5;13,5;11,4;50;43;47;127;7,2;3,5;
2026/01/19;2200 UTC;0;962,9;963,1;962,7;635,2;21,9;12;22,5;21;12,2;11,6;56;47;50;129;7,5;3,1;
2026/01/19;2300 UTC;0;963,6;963,8;963;46,8;19,1;11,7;20,9;17,7;12,1;11,4;71;56;63;146;3,1;1;
2026/01/20;0000 UTC;0;964,1;964,6;963,8;0;17,3;12,2;17,7;16,9;12,4;11,8;77;70;74;129;3,4;1,6;
2026/01/20;0100 UTC;0;964,9;965,1;964,6;0;16,8;12,2;16,9;16,6;12,4;12;78;76;77;122;5,4;2,8;
2026/01/20;0200 UTC;0;965,4;965,7;965,1;0;16,1;12,1;16,6;15,5;12,2;12;83;77;80;110;4;2,5;
2026/01/20;0300 UTC;0;965,6;965,7;965,5;0;15,1;12,2;15,5;14,9;12,3;12,2;87;84;86;98;4,9;3,3;
2026/01/20;0400 UTC;0;965,1;965,6;964,3;0;14,3;12,3;14,9;13,7;12,4;12,1;94;87;90;103;8;5,1;
2026/01/20;0500 UTC;0;964,5;964,7;964,3;0;14,3;12,1;14,9;13,6;12,2;12,1;92;87;89;90;4,9;3,4;
2026/01/20;0600 UTC;0;964,1;964,3;964;0;13,4;11,9;13,6;13,3;12;11,7;93;92;92;94;5,8;3,8;
2026/01/20;0700 UTC;0;963,8;964,1;963,5;0;12,6;11,7;13,3;12,2;11,8;11,5;98;92;95;79;4,5;3,4;
2026/01/20;0800 UTC;0;963,8;964;963,6;0;12,4;11,4;12,7;12,1;11,7;11,2;98;93;95;136;2,7;1,2;
2026/01/20;0900 UTC;0;964,5;964,9;964;1,9;11,7;11,1;12,2;11,5;11,3;11;98;95;97;163;2,3;1,1;
2026/01/20;1000 UTC;0;965,2;965,4;964,9;298,7;12,8;11,6;14,4;11,5;12;11;99;87;94;144;2,9;1,3;
2026/01/20;1100 UTC;0;965,7;965,7;965,6;1491,7;16,3;12,4;16,5;16;12,6;12,2;82;80;81;129;4,2;1,8;
2026/01/20;1200 UTC;0;965,8;965,8;965,7;1988,3;17,4;12,1;18,7;16,6;12,8;11,5;80;66;73;106;7,2;3,5;
2026/01/20;1300 UTC;;;;;;;;;;;;;;;;;;
2026/01/20;1400 UTC;0;965,4;965,6;965,3;3496,6;21,7;12,5;22,8;20,7;13,4;11,7;60;48;54;84;8,8;4,4;
2026/01/20;1500 UTC;0;965,1;965,3;964,8;3537,3;23;12,9;24;21,7;13,8;11,8;55;44;50;128;6,3;2,4;
2026/01/20;1600 UTC;0;964,7;965;964,5;3965,2;23,3;12,8;24,3;21,6;14;12;55;42;47;103;6,4;3,7;
2026/01/20;1700 UTC;0;964,2;964,5;963,8;4094,8;24,7;13,2;25,6;23,8;14,1;12,2;48;39;43;71;6,8;3,1;
2026/01/20;1800 UTC;0;963,6;963,9;963,4;3618,6;25,1;13,4;25,8;24,5;14,2;12,4;47;38;42;94;8,5;4,4;
2026/01/20;1900 UTC;;;;;;;;;;;;;;;;;;
2026/01/20;2000 UTC;0;962,6;962,9;962,4;2455,4;25,6;13,6;26,1;25,1;14,4;12,4;43;36;40;78;5,7;2,9;
2026/01/20;2100 UTC;0;962,3;962,4;962,1;1381,6;24,7;13,2;25,7;23,9;13,9;12,7;45;39;42;101;6,6;3,4;
2026/01/20;2200 UTC;0;962,3;962,5;962,1;627,7;23,3;12,8;24,4;22,2;13,7;12,4;52;43;48;117;5,2;2,9;
2026/01/20;2300 UTC;0;962,6;962,8;962,5;44,7;20,7;12,2;22,2;19,4;12,5;12;63;51;58;127;2,8;1,5;
2026/01/21;0000 UTC;0;963;963,1;962,8;0;18,6;11,9;19,3;18,1;12,1;11,7;68;64;66;116;3,6;2,5;
2026/01/21;0100 UTC;0;963,2;963,3;963,1;0;17,5;11,8;18,1;16,9;11,9;11,6;75;68;71;115;5,4;3,3;
2026/01/21;0200 UTC;0;963,4;963,6;963,3;0;16,5;11,9;16,9;16,2;12;11,8;79;75;77;103;5,7;3,4;
2026/01/21;0300 UTC;0;963,8;963,9;963,6;0;16,4;11,9;16,7;16,3;12;11,8;79;76;77;96;7;4,4;
2026/01/21;0400 UTC;0;963,9;964;963,8;0;16;0;16,3;15,7;;;82;78;80;97;;3,9;
2026/01/21;0500 UTC;0;963,6;963,8;963,4;0;15,8;12,1;15,9;15,6;12,2;12,1;83;81;82;100;6;3,9;
2026/01/21;0600 UTC;0;963,2;963,4;963,1;0;15,6;12,1;15,7;15,4;12,2;12,1;84;82;83;98;6,8;4,6;
2026/01/21;0700 UTC;0;963,2;963,3;963,1;0;15;12,1;15,4;14,9;12,2;12,1;87;84;86;93;6,9;5;
2026/01/21;0800 UTC;0;963,4;963,6;963,3;0;14,6;12,3;15;14,1;12,4;12,2;91;86;88;96;5;3,6;
2026/01/21;0900 UTC;0;963,6;963,8;963,5;1,3;13,9;12,3;14,3;13,4;12,4;12,3;95;90;92;83;3,6;2,7;
2026/01/21;1000 UTC;0;964,1;964,4;963,8;253,7;14,3;12,6;15,8;13,4;13;12,4;96;86;91;89;4,4;3,2;
2026/01/21;1100 UTC;0;964,4;964,5;964,3;1042,8;17,1;13,4;18,4;15,8;14,2;12,9;86;78;82;83;6;3,4;
2026/01/21;1200 UTC;0;964,5;964,6;964,4;1919,3;19,9;14,1;21,1;18,3;14,6;13,6;79;64;71;60;6,8;3,2;
2026/01/21;1300 UTC;0;964,4;964,5;964,3;2696,3;22,1;14,8;23;20,9;15,7;14;;;;65;6,3;3,2;
2026/01/21;1400 UTC;0;964,1;964,3;963,7;3350,7;23,7;15,9;25,1;22,6;17;15;65;56;61;84;7;3,6;
2026/01/21;1500 UTC;0;963,6;963,7;963,5;3798,3;25,6;16,6;26,3;24,1;17,5;15,9;62;50;55;63;4,6;2,5;
2026/01/21;1600 UTC;0;963,4;963,6;963,2;3797,3;26,2;16,8;27,2;25,3;17,7;15,8;56;48;53;174;4,4;1,2;
2026/01/21;1700 UTC;0;962,8;963,2;962,6;3645,8;27,2;17,2;28,1;26,5;18,4;16,4;54;46;50;85;4,6;2,6;
2026/01/21;1800 UTC;0;962,3;962,6;962,1;2036,5;27,2;17,5;28,8;26,2;19,3;16,6;56;45;51;88;4,7;2,6;
2026/01/21;1900 UTC;0;961,7;962,1;961,4;2459,9;28;17,5;29,3;26,3;18,8;16,4;53;43;48;111;5,2;2,7;
2026/01/21;2000 UTC;0;961,2;961,5;960,9;2338,5;28,1;17,5;29,2;26,5;18,5;16,5;54;41;47;111;4;2,1;
2026/01/21;2100 UTC;0;960,8;960,9;960,8;1306,8;27,7;16,7;28,4;27,2;17,5;16;48;42;45;90;3,2;1,9;
2026/01/21;2200 UTC;0;961;961,1;960,9;597,3;26,8;16,2;27,8;25,8;17,1;15,7;51;43;47;122;2,4;,9;
2026/01/21;2300 UTC;0;961,4;961,8;961,1;44,5;23,9;16,5;25,8;22,9;16,9;15,8;67;50;63;114;5,6;3,2;
2026/01/22;0000 UTC;0;962,2;962,5;961,8;0;21,9;16,1;22,9;21,1;16,4;15,8;74;67;71;113;5,5;3,1;
2026/01/22;0100 UTC;0;962,6;962,9;962,5;0;20,4;15,8;21;19,6;15,9;15,7;81;74;77;110;4,6;2,6;
2026/01/22;0200 UTC;0;962,9;963,1;962,8;0;19,3;15,7;19,6;18,9;15,8;15,6;84;81;82;95;5,6;3,9;
2026/01/22;0300 UTC;0;963,2;963,3;963;0;18,3;15,7;18,9;18;15,7;15,6;88;84;87;85;5,9;3,9;
2026/01/22;0400 UTC;0;963,2;963,3;963,1;0;18;15,4;18,1;17,9;15,6;15,2;88;86;87;100;7,3;4,6;
2026/01/22;0500 UTC;0;963,1;963,2;963;0;17,6;15,2;18;17,2;15,3;15,2;90;86;88;99;6,2;3,8;
2026/01/22;0600 UTC;0;963;963,1;962,9;0;16,9;15,2;17,2;16,4;15,3;15,1;94;90;92;87;5,4;3,8;
2026/01/22;0700 UTC;0;963,2;963,3;963,1;0;16,1;15,1;16,4;15,9;15,2;15;96;94;95;79;4,7;3,6;
2026/01/22;0800 UTC;0;963,6;963,9;963,3;0;15,9;14,7;16;15,7;15;14,6;96;93;94;79;4,2;3;
2026/01/22;0900 UTC;0;964,3;964,6;963,9;1;15,5;14,4;15,7;15,3;14,6;14,1;94;94;94;76;4,8;3,3;
2026/01/22;1000 UTC;0;964,9;965,1;964,6;244,7;16,2;0;17,7;15,3;;;94;82;89;69;5,3;3,2;
2026/01/22;1100 UTC;0;965,2;965,4;965,1;1022,2;18,7;14,2;19,7;17,7;14,6;13,9;82;72;78;54;7,6;3,6;
2026/01/22;1200 UTC;0;965,4;965,5;965,3;1906,3;20,9;14,4;21,8;19,8;15,1;14,1;74;63;68;49;8;4,4;
2026/01/22;1300 UTC;0;965,2;965,4;964,9;2690,6;23,5;15,5;24,7;21,8;16,4;14,6;65;56;60;57;6,8;3,7;
2026/01/22;1400 UTC;0;964,9;965;964,7;3356,9;25,9;16,5;26,9;24,3;17,3;15,6;59;47;53;60;6,1;3,3;
2026/01/22;1500 UTC;0;964,6;964,7;964,5;3790,9;27,5;17,2;28,3;26,4;18,4;16,1;53;45;49;75;5,4;2,5;
2026/01/22;1600 UTC;0;964,1;964,4;963,8;3876,5;28,4;17,7;29,1;27,6;18,8;17;52;42;47;70;4,2;2,1;
2026/01/22;1700 UTC;0;963,6;963,8;963,4;2384,6;28;17;28,9;27,2;18;16;51;39;45;143;3,8;1,4;
2026/01/22;1800 UTC;0;962,9;963,3;962,6;3854,2;29,7;17,3;30,8;28,8;18,5;16,1;42;35;38;94;6,4;2,8;
2026/01/22;1900 UTC;0;962,3;962,6;961,9;2841,4;29,5;17,4;30,3;28,5;18,5;16,4;44;35;40;83;4,4;2,2;
2026/01/22;2000 UTC;0;961,8;961,9;961,7;1562;28,8;16,9;30,1;27,5;18,3;16,1;46;37;41;154;2,2;1,3;
2026/01/22;2100 UTC;0;961,6;961,7;961,6;1419,1;29,3;16,9;29,9;28,8;17,5;16,4;42;35;38;98;4,4;2,1;
2026/01/22;2200 UTC;0;961,7;961,9;961,6;609;27,9;16,6;28,7;26,6;17,3;16,1;50;37;44;100;2,9;1,8;
2026/01/22;2300 UTC;0;962,3;962,6;961,9;42,8;24,6;16,5;26,7;23,3;16,8;16,2;66;49;59;134;3,2;1;
2026/01/23;0000 UTC;0;962,8;963;962,6;0;23,7;16,6;24,1;23,2;16,8;16,3;66;63;64;100;7,4;4;
2026/01/23;0100 UTC;0;963,3;963,7;963;0;22,3;16,1;23,2;21,4;16,4;15,8;72;65;69;99;5,9;3,4;
2026/01/23;0200 UTC;0;963,9;964;963,7;0;20,5;15,8;21,4;19,7;15,9;15,7;81;72;76;77;5,3;3,2;
2026/01/23;0300 UTC;0;964,1;964,2;964;0;19,5;15,9;19,7;19,3;16;15,8;83;81;82;94;6,5;4;
2026/01/23;0400 UTC;0;964,2;964,2;964;0;19,2;16;19,6;19;16,1;16;85;82;84;98;5,6;3,6;
2026/01/23;0500 UTC;0;964;964,1;963,9;0;18,8;16;19,2;18,3;16,1;16;89;84;86;103;4,3;2,7;
2026/01/23;0600 UTC;0;963,9;964,1;963,7;0;18;16;18,2;17,8;16,1;15,9;91;89;90;97;5,4;3,4;
2026/01/23;0700 UTC;0;963,9;964,1;963,7;0;17,3;15,7;17,8;16,8;15,9;15,5;94;90;92;86;4,4;3,1;
2026/01/23;0800 UTC;0;964,1;964,2;964,1;0;16,5;15,4;16,8;16,3;15,6;15,3;95;94;95;81;4,9;3,5;
2026/01/23;0900 UTC;0;964,7;964,7;964,7;10;16;15;16;16;15;15;95;95;95;77;4,2;2,9;
2026/01/23;1000 UTC;0;965,2;965,7;964,8;250,2;16,6;15;17,9;16;15,3;14,9;95;85;92;81;3,8;2,3;
2026/01/23;1100 UTC;0;965,8;965,9;965,7;1013,7;19,1;15,4;20;18;16;14,8;86;77;81;60;4,3;2,1;
2026/01/23;1200 UTC;0;965,9;965,9;965,8;1906,3;21,3;15,7;22,7;20,1;16,3;15,2;79;66;72;51;5,7;2,7;
2026/01/23;1300 UTC;0;965,9;966;965,9;2677,2;23,9;16,6;25,2;22,5;17,5;16;69;58;63;51;6,2;2,8;
2026/01/23;1400 UTC;0;965,8;966;965,5;3346,2;26;17,3;27;25;18,1;16,7;62;53;57;86;4,5;2,4;
2026/01/23;1500 UTC;0;965,1;965,5;964,8;3792,2;27,7;17,5;29,5;26,8;18,8;16,7;55;41;49;58;5,9;2,5;
2026/01/23;1600 UTC;0;964,7;964,9;964,4;4094,4;28,5;17,1;29,4;27,4;18,4;16,1;50;36;43;85;5,2;2,1;
2026/01/23;1700 UTC;0;964,2;964,4;963,9;2695,7;28,4;16,6;30,1;27,4;18;15,8;46;35;41;157;3,3;1,3;
2026/01/23;1800 UTC;0;963,5;963,8;963,2;3302,3;29,3;17,2;30,4;27,9;18,4;16,3;46;35;40;161;4,8;2,2;
2026/01/23;1900 UTC;0;962,9;963,2;962,6;2611,7;29,7;17,2;30,5;28,5;18;16,6;42;33;37;87;3,8;2,1;
2026/01/23;2000 UTC;0;962,5;962,7;962,3;1446,3;28,7;17;30,2;27,5;17,9;15,8;50;34;41;116;2,2;1;
2026/01/23;2100 UTC;0;962,2;962,3;962,1;1405,3;28,8;18;29,9;27,6;18,9;17,2;50;39;46;191;3,8;1,7;
2026/01/23;2200 UTC;0;962,1;962,2;962;708,4;28,4;18,1;29;27,3;18,8;17,4;52;47;49;145;2;1;
2026/01/23;2300 UTC;0;962,6;963;962,2;43,7;26,4;17,5;27,3;25,2;18,2;17;60;51;56;120;3,8;2,4;
2026/01/24;0000 UTC;0;963,3;963,6;962,9;0;23,9;16,5;25,2;22,6;16,9;15,8;66;58;63;127;4,7;2,2;
2026/01/24;0100 UTC;0;963,8;964,1;963,6;0;21,8;15,5;22,6;21,1;15,8;15,3;71;66;69;104;4,9;3,3;
2026/01/24;0200 UTC;0;964,1;964,2;964,1;0;20,2;14,9;20,3;20,1;15;14,9;74;74;74;93;5,3;3,6;
2026/01/24;0300 UTC;0;964,2;964,3;964,1;0;19,4;15,1;20;18,7;15,5;14,9;84;75;78;86;4,5;3,3;
2026/01/24;0400 UTC;0;964,1;964,2;963,9;0;18,5;15,8;18,6;18,4;16,2;15,4;88;84;86;94;7,5;5;
2026/01/24;0500 UTC;0;963,7;963,9;963,4;0;18,4;16,3;18,6;18,2;16,4;16,2;91;88;89;96;7,2;4,6;
2026/01/24;0600 UTC;0;963,4;963,6;963,3;0;17,8;16,3;18,2;17,4;16,4;16,2;95;91;92;88;4,6;3,3;
2026/01/24;0700 UTC;0;963,6;963,6;963,5;0;17,1;16,1;17,4;16,9;16,3;16,1;96;94;95;95;4,1;3,2;
2026/01/24;0800 UTC;0;963,6;963,7;963,6;0;16,6;16;16,9;16,3;16,1;15,8;98;96;97;83;4,2;3;
2026/01/24;0900 UTC;0;964;964,3;963,7;,9;16;15,8;16,3;15,8;16;15,7;100;98;99;79;3,7;2,3;
2026/01/24;1000 UTC;0;964,6;964,8;964,3;265,3;16,5;16,1;17,8;15,8;16,5;15,7;100;93;98;75;3,8;2,6;
2026/01/24;1100 UTC;0;964,9;965;964,7;1014,6;19,1;16,4;20,2;17,9;16,7;16,1;93;80;87;48;5,8;3,3;
2026/01/24;1200 UTC;0;965;965,1;965;1875,1;21,6;16,6;23,3;20,2;17,4;16,1;82;69;75;60;4,1;2,1;
2026/01/24;1300 UTC;0;965,1;965,2;965,1;2658,6;24,1;17,2;25,1;22,9;17,7;16,6;70;60;65;90;4,9;2,1;
2026/01/24;1400 UTC;0;964,9;965,1;964,7;3320,5;26;17,9;27,1;24,6;18,9;17,4;66;53;59;177;3,7;2,1;
2026/01/24;1500 UTC;0;964,4;964,7;964;3906,7;28,5;18,2;29,9;26,7;19,3;17,2;57;42;49;97;4,6;2,2;
2026/01/24;1600 UTC;0;963,9;964,1;963,8;3294,5;29,1;17,6;30,5;27,7;18,6;16,9;51;37;43;281;4,3;2,4;
2026/01/24;1700 UTC;0;963,6;963,9;963,2;3833,7;30,2;17,7;31,7;28,9;19,1;16,7;42;32;37;89;4,4;1,9;
2026/01/24;1800 UTC;0;962,9;963,2;962,5;3592,4;30,5;17,6;31,4;29,9;18,4;16,9;40;33;36;195;3,4;1,6;
2026/01/24;1900 UTC;0;962,3;962,5;962;2217,2;30,4;17,7;31,4;29,4;18,7;16,9;43;32;36;116;2,1;1;
2026/01/24;2000 UTC;0;961,8;962,1;961,6;1681,2;30,2;17,5;31,3;28,9;18,5;16,8;42;33;37;96;4,7;3,3;
2026/01/24;2100 UTC;0;961,8;961,9;961,8;839,1;29;17,6;30,7;27,8;18,3;16,9;49;35;43;39;4,3;2,6;
2026/01/24;2200 UTC;0;962;962,4;961,7;465,4;28,7;17,5;30,7;26,6;18,6;16,7;52;37;44;59;1,6;,9;
2026/01/24;2300 UTC;0;962,8;963,1;962,4;14,1;25,5;16,2;26,6;25;17,1;15,7;56;51;53;34;1,8;1,2;
2026/01/25;0000 UTC;0;963,3;963,5;963,1;0;25,2;15,9;25,6;24,8;16,3;15,4;57;49;54;117;1,8;1,1;
2026/01/25;0100 UTC;0;963,9;964,2;963,5;0;23;16,9;25,4;22,5;17,7;15,7;74;52;70;125;3,8;2,1;
2026/01/25;0200 UTC;0;964,3;964,3;964,2;0;22,4;17,6;22,8;22;17,7;17,1;77;74;76;113;4,6;3,1;
2026/01/25;0300 UTC;0;964,2;964,3;964,1;0;21,5;17,1;22;21,1;17,2;17;80;76;78;95;4,8;2,9;
2026/01/25;0400 UTC;0;964,3;964,5;964;0;20,1;17,1;21,1;19,7;17,3;17;88;80;85;84;5,8;3,4;
2026/01/25;0500 UTC;0;963,8;964,1;963,7;0;19,9;1,2;20,1;19,7;17,3;17,2;88;86;87;93;5,3;3,3;
2026/01/25;0600 UTC;0;963,7;963,7;963,6;0;19,8;17,4;20;19,2;17,4;17,2;90;87;88;92;4;3;
2026/01/25;0700 UTC;0;963,7;963,8;963,6;0;18,8;17,4;19,2;18,6;17,5;17,3;94;90;93;90;3,2;2,4;
2026/01/25;0800 UTC;0;963,8;964,2;963,6;0;18,4;17,3;18,9;18;17,4;17,2;97;92;94;73;4,1;2,8;
2026/01/25;0900 UTC;0;964,5;964,8;964,2;2,9;18,1;17,2;18,2;18;17,3;17,1;96;95;96;80;3,6;2,6;
2026/01/25;1000 UTC;0;965;965,2;964,8;281,7;18,7;17,3;20,2;18;17,9;17,1;96;86;93;72;4,5;2,4;
2026/01/25;1100 UTC;0;965,3;965,6;965,1;1134,9;21;17;22,1;20,2;17,5;16,6;86;74;80;56;6,7;3,4;
2026/01/25;1200 UTC;0;965,6;965,7;965,5;1695,1;23,4;17,6;24,9;22,3;18,3;17;76;65;71;61;4,8;2,9;
2026/01/25;1300 UTC;0;965,4;965,5;965,2;2739;26;18,7;27,3;24,7;19,3;17,9;69;58;63;58;5,1;2,9;
2026/01/25;1400 UTC;0;965,2;965,3;965;3063,3;27,7;19,5;29,2;26,2;20,5;18,5;63;53;59;63;4,4;2,4;
2026/01/25;1500 UTC;0;964,7;965;964,5;3764,3;29,7;20,1;30,9;28,8;21;19,1;57;46;52;148;6;2,6;
2026/01/25;1600 UTC;0;964,2;964,5;963,9;3839,8;30,8;19,6;32,1;29,7;20,7;17,6;53;36;44;190;4,3;1,8;
2026/01/25;1700 UTC;0;963,6;963,9;963,3;3013,8;31,3;19,4;32,5;30,3;20,3;18,3;45;38;41;181;2,5;1,1;
2026/01/25;1800 UTC;0;963;963,3;962,8;2900,2;31,7;19,7;33,2;30,6;20,9;18,9;43;37;40;157;3,6;1,2;
2026/01/25;1900 UTC;0;962,5;962,8;962,3;1550,3;31;19,4;32,2;30,3;20,3;18,5;46;37;42;60;2,6;1,3;
2026/01/25;2000 UTC;0;962,1;962,3;961,9;1339,7;31;19,2;32,1;29,5;19,8;18,7;48;35;41;98;4;2,5;
2026/01/25;2100 UTC;0;962,1;962,1;962;482,1;29,2;18,6;29,6;28,7;19,5;18,1;51;45;47;127;2,6;1,2;
2026/01/25;2200 UTC;0;962,1;962,3;962;333,1;29,3;18,5;30,3;28,2;19,8;17,8;49;44;46;98;3,7;2;
2026/01/25;2300 UTC;0;962,4;962,6;962,2;36,7;26,8;17,5;28,2;25,9;18,1;17;57;48;53;57;2;1,1;
2026/01/26;0000 UTC;0;962,7;962,8;962,6;0;26,2;17,2;26,5;25,9;17,4;16,9;56;54;55;66;1,4;,9;
2026/01/26;0100 UTC;;;;;;;;;;;;;;;;;;
2026/01/26;0200 UTC;0;963,2;963,3;963,1;0;23,1;17,6;23,3;22,8;17,7;17,4;74;71;73;96;5,3;3,6;
2026/01/26;0300 UTC;0;963,4;963,5;963,3;0;22,5;17,5;22,9;21,8;17,6;17,5;79;73;75;93;4,5;3,3;
2026/01/26;0400 UTC;0;963,3;963,5;963;0;21,7;17,7;21,9;21,4;17,8;17,6;81;79;80;96;4,3;3,2;
2026/01/26;0500 UTC;0;962,9;963;962,8;0;21;17,7;21,6;20,4;17,8;17,7;87;81;84;93;3,8;3;
2026/01/26;0600 UTC;0;962,7;962,8;962,6;0;20,2;17,6;20,5;20;17,7;17,6;88;85;87;79;4;3;
2026/01/26;0700 UTC;0;962,8;962,9;962,7;0;19,8;17,6;20,1;19,6;17,7;17,6;90;88;89;82;4,8;3,3;
2026/01/26;0800 UTC;0;963,1;963,3;962,9;0;19,5;17,5;19,6;19,4;17,7;17,2;91;89;90;68;4,3;2,1;
2026/01/26;0900 UTC;0;963,6;963,9;963,3;,7;19,2;16,9;19,4;19,1;17,2;16,7;90;88;89;65;4,1;2,4;
2026/01/26;1000 UTC;0;964,4;964,8;963,9;0;19,4;16,8;20,1;18,9;17,3;16,6;89;84;87;72;4,4;2,4;
2026/01/26;1100 UTC;0;965;965,2;964,8;830,5;21,6;17,5;22,7;20,1;17,9;16,9;85;75;79;53;5,2;2,8;
2026/01/26;1200 UTC;0;965,2;965,4;965,1;1778,8;24,4;18,3;26,7;22,9;19,3;17,6;76;63;69;51;6,5;3,5;
2026/01/26;1300 UTC;0;965,2;965,3;965,1;2557;27,1;19,2;28,3;25,8;20;18,6;65;56;61;73;5,9;3,3;
2026/01/26;1400 UTC;0;965,1;965,3;965;2966,1;28,6;20;29,8;27,3;20,6;19,2;62;54;57;63;5;2,5;
2026/01/26;1500 UTC;0;964,7;965;964,5;3667,7;30,5;20,7;31,5;29;21,3;20,1;57;47;51;242;6,4;3,5;
2026/01/26;1600 UTC;0;964,3;964,6;964,1;3952,7;31,5;21;32,5;30,6;21,6;20,4;52;42;47;294;6,2;3,2;
2026/01/26;1700 UTC;0;963,7;964,2;963,5;2904,7;32,4;21,3;35;31,3;23,5;20,5;48;39;44;288;4,6;2,3;
2026/01/26;1800 UTC;0;963,2;963,4;963;1881,5;31,8;20,7;33,5;29,4;22,6;19,5;51;41;45;285;7,4;4,1;
2026/01/26;1900 UTC;0;963;963,2;962,7;1009,5;30;20;30,9;29,4;21,1;19,4;53;46;50;278;1,6;1;
2026/01/26;2000 UTC;0;962,3;962,7;961,8;1945,2;32,5;21;33,6;31;21,9;20,2;48;38;42;266;3,7;1,7;
2026/01/26;2100 UTC;0;961,5;961,8;961,2;1422,8;32,9;21;33,5;32,2;21,8;20,2;45;38;41;223;2,6;1;
2026/01/26;2200 UTC;0;961,5;961,8;961,3;478,9;31;20,9;32,4;29,9;21,9;20,3;53;41;50;125;1,6;,8;
2026/01/26;2300 UTC;0;962;962,4;961,8;31,4;28,8;20,2;30;28,1;20,9;19,3;60;54;57;96;1,2;,8;
2026/01/27;0000 UTC;0;962,7;963,1;962,3;0;27,5;19,7;28;26,2;20,3;18,7;70;55;61;147;2;,6;
2026/01/27;0100 UTC;0;963,3;963,6;963,1;0;26,2;20;26,4;25,8;20,2;19,7;70;68;69;114;3,8;2,6;
2026/01/27;0200 UTC;0;963,7;963,7;963,6;0;25,2;19,6;25,8;24,8;19,8;19,3;73;70;72;109;3,5;2,2;
2026/01/27;0300 UTC;0;963,6;963,7;963,4;0;24,9;19,1;25,1;24,5;19,4;18,9;72;69;71;93;3,1;2,3;
2026/01/27;0400 UTC;0;963,4;963,5;963,2;0;23,9;18,9;24,7;23,3;19;18,7;78;71;75;90;3,4;2,5;
2026/01/27;0500 UTC;0;963;963,2;962,8;0;23,5;18,6;24,1;23,1;18,7;18,6;78;73;76;67;2,8;1,6;
2026/01/27;0600 UTC;0;962,9;963;962,8;0;22,9;18,6;23,2;22,4;18,7;18,3;81;77;78;63;3,2;1,8;
2026/01/27;0700 UTC;0;962,9;963;962,9;0;22,2;17,7;22,4;22,1;17,8;17,6;78;76;78;65;3,3;2;
2026/01/27;0800 UTC;0;963,1;963,2;963;0;22,5;17,1;22,9;22;17,7;16,7;78;70;73;40;6,4;3,6;
2026/01/27;0900 UTC;0;963,5;963,7;963,2;,2;21,6;16,7;22,6;20,4;16,9;16,5;82;70;76;56;4,8;2,2;
2026/01/27;1000 UTC;0;964,1;964,5;963,7;0;21,3;16,8;21,5;21;17,1;16,5;80;76;78;141;2,6;1,1;
2026/01/27;1100 UTC;0;964,6;964,7;964,5;694,4;21,6;17,5;22,7;20,7;17,9;16,9;84;74;79;94;2,7;1,9;
2026/01/27;1200 UTC;0;964,6;964,7;964,5;1743,7;24,4;18,5;26,2;22,7;19,3;17,8;76;62;70;75;3,4;2;
2026/01/27;1300 UTC;0;964,4;964,5;964,2;2297,2;27,3;19,8;29,2;25,9;21;18,9;66;56;63;73;3,5;1,6;
2026/01/27;1400 UTC;0;964;964,2;963,9;2485,7;30,2;21,1;31,1;28,7;22,1;20,4;60;50;54;133;2,4;1,1;
2026/01/27;1500 UTC;0;963,8;963,9;963,6;2233,8;31,1;21,5;32,1;30,4;22,3;20,4;56;46;52;121;3,6;2;
2026/01/27;1600 UTC;0;963,5;963,7;963,2;2476,6;32,1;22,1;33,1;30,8;22,8;21,4;57;45;50;55;3,7;1,7;
2026/01/27;1700 UTC;0;963,2;963,4;963;665,4;30,5;20,9;32,2;28,3;22,3;19,5;60;46;52;49;9,7;3,7;
2026/01/27;1800 UTC;0;962,6;963,1;962,2;1110,3;30,6;20,6;32,1;28,3;22,3;19,3;60;45;50;57;1,4;,8;
2026/01/27;1900 UTC;0;961,6;962,2;961,1;977,8;30,9;21,7;32,3;29,9;23,4;20,6;60;46;54;318;3,4;1,5;
2026/01/27;2000 UTC;0;960,6;961,1;960,2;1701,6;31,9;21,4;33,1;29,9;24,3;20;60;37;48;182;1,6;,8;
2026/01/27;2100 UTC;0;960,1;960,3;960;972,9;32,5;20,7;33,8;30,3;21,9;19,9;55;34;41;205;5,2;1,7;
2026/01/27;2200 UTC;0;960,5;960,8;960,1;290,7;29;20,4;30,2;28,2;21;20;63;52;57;245;2,5;1,4;
2026/01/27;2300 UTC;0;961,2;961,4;960,9;35,4;28;20;28,4;27,6;20,4;19,5;63;57;60;160;3,4;1,4;
2026/01/28;0000 UTC;0;961,7;962,1;961,4;0;27,4;19,8;27,9;26,8;20;19,5;65;58;62;136;2,6;,8;
2026/01/28;0100 UTC;0;962,3;962,5;962;0;26,6;19,8;27;26;19,9;19,7;69;65;66;109;2,8;1,8;
2026/01/28;0200 UTC;0;962,6;962,8;962,5;0;25,6;19,6;26,1;25,1;19,8;19,4;72;66;70;78;2,4;1,9;
2026/01/28;0300 UTC;0;962,8;962,9;962,7;0;24,8;19,4;25,3;24,5;19,6;19;75;71;73;61;2,4;1,3;
2026/01/28;0400 UTC;0;962,7;962,8;962,5;0;24,6;18,7;25;23,9;19;18,6;74;68;71;67;2,2;1,5;
2026/01/28;0500 UTC;0;962,3;962,5;962;0;24;18,6;24,3;23,7;18,7;18,5;75;72;73;59;2,6;1,5;
2026/01/28;0600 UTC;0;961,9;962,1;961,8;0;22,7;18,8;23,6;21,5;19;18,7;88;76;81;128;2,6;1,7;
2026/01/28;0700 UTC;0;961,6;961,8;961,5;0;21,2;19;21,4;20,9;19,1;18,7;90;87;89;107;3,1;2,3;
2026/01/28;0800 UTC;0;961,6;961,8;961,5;0;20,6;18,9;21,4;20,2;19;18,8;93;88;92;74;3,7;2,7;
2026/01/28;0900 UTC;0;962,2;962,5;961,8;,2;20,5;18,9;20,8;20,2;19,1;18,8;94;90;92;57;2,4;1,5;
2026/01/28;1000 UTC;0;962,8;963,1;962,5;213,4;21,1;19,1;22,5;20,4;19,4;18,9;93;84;90;98;1,4;,9;
2026/01/28;1100 UTC;0;963;963,1;962,9;683,8;22,9;19,8;23,7;22,3;20,1;19,2;88;78;84;86;3,1;1,8;
2026/01/28;1200 UTC;0;962,8;963,1;962,7;1783,7;26,1;20,3;27,3;23,9;20,9;19,7;79;65;71;62;2,9;1,3;
2026/01/28;1300 UTC;0;962,8;962,9;962,8;2071,2;28,2;20,9;28,8;27,4;21,8;20,4;67;60;63;267;2,6;1,3;
2026/01/28;1400 UTC;0;962,7;962,9;962,6;2796,7;30,6;21,6;31,6;28,8;22,6;20,8;62;49;55;288;3,1;1,5;
2026/01/28;1500 UTC;0;962,4;962,6;962,3;3191,7;32,3;21,4;33,5;31,2;22,6;20,3;53;39;45;311;4;2,1;
2026/01/28;1600 UTC;0;961,9;962,3;961,6;2840,9;33,3;22;34,1;32,5;22,8;21,2;48;38;44;243;4,7;1,6;
2026/01/28;1700 UTC;0;961,9;962,2;961,6;582,6;27,3;19,4;32,4;24,4;21,4;18,3;72;45;61;76;8,1;4,4;
2026/01/28;1800 UTC;11,4;962,2;962,9;961,5;264,4;23,7;19,5;25,6;21,7;20,2;18,6;90;69;79;47;5,5;2,7;
2026/01/28;1900 UTC;0;961;961,5;960,8;1069,3;24,6;20,5;26,3;22,2;23,3;18,6;91;69;79;255;3,1;1,6;
2026/01/28;2000 UTC;0;960,9;961,2;960,6;568;25,8;21,9;26,3;25,5;22,8;20,9;86;73;81;59;2;1,1;
2026/01/28;2100 UTC;4,7;961,4;962;960,6;198,4;25;22;25,6;23;23;21,2;92;80;85;88;8,3;3,5;
2026/01/28;2200 UTC;0;962,1;962,5;961,8;220,5;22,3;21;22,9;22,1;21,5;20,6;95;91;93;206;3,1;1,8;
2026/01/28;2300 UTC;0;962,5;962,5;962,5;0;22;21,3;22;22;21,3;21,3;96;96;96;10;1,7;1,6;
2026/01/29;0000 UTC;0;962,5;962,9;962,4;0;22,2;21,2;22,4;22;21,5;20,6;97;92;95;48;2,8;1,4;
2026/01/29;0100 UTC;0;963,2;963,5;962,9;0;21,9;21,4;22,4;21,8;21,6;21,2;99;94;97;288;2;1,1;
2026/01/29;0200 UTC;0;963,4;963,6;963,2;0;21,6;21,3;21,9;21,5;21,4;21,2;99;97;98;113;1,7;1;
2026/01/29;0300 UTC;0;962,9;963,4;962,4;0;21,4;20,8;21,5;21,1;21,2;20,5;98;95;97;54;3,3;2,1;
2026/01/29;0400 UTC;0;962,3;962,6;962;0;21,3;20,3;21,6;21;20,7;19,8;97;92;95;48;3,7;2,5;
2026/01/29;0500 UTC;0;961,7;962;961,5;0;21,3;19,9;21,6;20,9;20;19,7;95;91;93;71;1,6;1,1;
2026/01/29;0600 UTC;0;961,4;961,5;961,2;0;20,4;20;20,9;20;20,3;19,7;100;95;98;129;2,3;1,3;
2026/01/29;0700 UTC;;;;;;;;;;;;;;;;;;
2026/01/29;0800 UTC;;;;;;;;;;;;;;;;;;
2026/01/29;0900 UTC;;;;;;;;;;;;;;;;;;
2026/01/29;1000 UTC;;;;;;;;;;;;;;;;;;
2026/01/29;1100 UTC;;;;;;;;;;;;;;;;;;
2026/01/29;1200 UTC;;;;;;;;;;;;;;;;;;
2026/01/29;1300 UTC;;;;;;;;;;;;;;;;;;
2026/01/29;1400 UTC;;;;;;;;;;;;;;;;;;
2026/01/29;1500 UTC;;;;;;;;;;;;;;;;;;
2026/01/29;1600 UTC;;;;;;;;;;;;;;;;;;
2026/01/29;1700 UTC;;;;;;;;;;;;;;;;;;
2026/01/29;1800 UTC;;;;;;;;;;;;;;;;;;
2026/01/29;1900 UTC;;;;;;;;;;;;;;;;;;
2026/01/29;2000 UTC;;;;;;;;;;;;;;;;;;
2026/01/29;2100 UTC;;;;;;;;;;;;;;;;;;
2026/01/29;2200 UTC;;;;;;;;;;;;;;;;;;
2026/01/29;2300 UTC;;;;;;;;;;;;;;;;;;
2026/01/30;0000 UTC;;;;;;;;;;;;;;;;;;
2026/01/30;0100 UTC;0;961,2;961,4;961,1;0;19,6;19,4;20;19,2;19,6;19,1;100;97;99;64;,9;,5;
2026/01/30;0200 UTC;0;961,4;961,7;961,2;0;19,5;19,6;19,8;19,2;19,9;19,2;100;100;100;107;2;1,2;
2026/01/30;0300 UTC;0;961,7;961,9;961,3;0;19,7;19,8;19,9;19,4;19,9;19,5;100;100;100;55;2,3;1,2;
2026/01/30;0400 UTC;0;961;961,4;960,6;0;19,3;19,4;19,5;19,1;19,6;19,1;100;100;100;81;2;1;
2026/01/30;0500 UTC;0;960,2;960,6;959,9;0;18,9;19;19,1;18,8;19,1;18,8;100;100;100;84;1,1;,4;
2026/01/30;0600 UTC;0;959,8;959,9;959,7;0;18,4;18,5;18,7;18,1;18,8;18,2;100;100;100;180;1,6;,8;
2026/01/30;0700 UTC;0;959,9;960;959,9;0;18,1;18,2;18,4;18;18,5;18,1;100;100;100;149;,8;,4;
2026/01/30;0800 UTC;0;;;;;;;;;;;;;;;;;
2026/01/30;0900 UTC;0;960,4;960,7;959,2;,1;18,2;18,2;18,7;17,7;18,7;17,8;100;100;100;216;2;,9;
2026/01/30;1000 UTC;0;961;961,3;960,7;110,5;18,9;19;19,1;18,7;19,1;18,7;100;100;100;111;4,6;2,4;
2026/01/30;1100 UTC;0;961,6;961,7;961,3;751;19,2;19,2;20,2;18,7;20;18,8;100;97;100;84;4;2,7;
2026/01/30;1200 UTC;0;961,5;961,7;961,3;1699,6;21,5;19,5;22,8;20,2;20,1;19;98;84;90;77;5;2,5;
2026/01/30;1300 UTC;0;961,2;961,4;961;2513,3;23,5;19,6;24,5;22,8;20,7;18,9;86;75;81;106;4,3;2,2;
2026/01/30;1400 UTC;0;961;961;960,9;3217,2;24,9;19,7;26,1;24;20,9;18,6;82;67;74;100;4,3;2,2;
2026/01/30;1500 UTC;0;960,8;960,9;960,7;3504,3;26,3;19,7;27,2;25,6;21,1;18,6;74;61;67;172;3,3;1,2;
2026/01/30;1600 UTC;0;960,4;960,6;960;3026,5;26,4;19,9;27,6;25,6;21,5;18,8;73;61;67;189;4,3;1,8;
2026/01/30;1700 UTC;0;959,6;960;959,1;2693,8;27,1;20,1;28,3;26,3;21,5;19,2;70;57;65;197;3,7;1,5;
2026/01/30;1800 UTC;0;958,7;959,1;958,4;2947,7;27,9;20,4;29;27,1;21,6;19,4;66;55;62;210;4;1,8;
2026/01/30;1900 UTC;0;958;958,4;957,7;3079;28,8;20,3;29,6;28,2;21,5;19,5;63;54;58;176;4,3;1,7;
2026/01/30;2000 UTC;0;957,3;957,7;957,1;2429,9;28,9;20,5;29,6;28,1;21,4;19,6;62;52;58;140;5;2,3;
2026/01/30;2100 UTC;0;957,1;957,2;957;1685,2;28;20,1;28,4;27,7;20,9;19,3;64;58;60;152;6,9;2,2;
2026/01/30;2200 UTC;0;957,4;957,7;957,2;561,5;26,5;18,7;27,8;25,2;19,5;18,2;65;58;61;129;5,7;2,2;
2026/01/30;2300 UTC;0;958;958,2;957,7;28,6;23,9;18,6;25,2;22,8;18,9;18,2;80;65;73;113;4,1;2,5;
2026/01/31;0000 UTC;0;958,5;958,9;958,1;0;22,5;18,3;22,9;21,9;18,8;17,7;82;77;79;108;6,1;3,6;
2026/01/31;0100 UTC;0;959;959,2;958,9;0;21,2;17,8;21,7;20,9;17,9;17,7;84;80;83;97;5,8;3,8;
2026/01/31;0200 UTC;0;959,3;959,5;959,2;0;20,5;17,8;20,9;20;17,8;17,7;89;84;87;91;3,3;2,5;
2026/01/31;0300 UTC;0;959,2;959,6;958,9;0;20,2;17,7;20,4;19,9;17,8;17,6;90;87;88;113;4,9;3,1;
2026/01/31;0400 UTC;0;958,7;958,9;958,5;0;19,7;17,6;20,1;19,3;17,7;17,6;92;88;90;97;4,6;2,8;
2026/01/31;0500 UTC;0;958,4;958,5;958,1;0;19,3;17,6;19,7;19;17,7;17,5;94;90;92;104;3,5;2,2;
2026/01/31;0600 UTC;0;957,9;958,1;957,8;0;18,7;17,7;19,2;18,3;17,9;17,5;97;93;95;143;1,9;,6;
2026/01/31;0700 UTC;0;957,8;957,9;957,6;0;18,3;17,9;18,5;18,1;18;17,6;99;97;98;98;2,8;1,9;
2026/01/31;0800 UTC;0;957,6;957,6;957,4;0;18,3;17,8;18,5;17,8;18;17,5;99;96;98;153;2,1;1,1;
2026/01/31;0900 UTC;0;957,7;957,9;957,5;0;18,2;17,8;18,4;17,8;18;17,5;100;96;98;158;2,1;1,3;
2026/01/31;1000 UTC;0;958,1;958,4;957,9;202,8;18,8;17,7;19,7;18,2;18,1;17,5;97;91;95;156;2,3;1,1;
2026/01/31;1100 UTC;0;958,4;958,5;958,3;924,3;20,5;18,1;21,2;19,8;18,8;17,8;91;85;88;128;3,8;1,5;
2026/01/31;1200 UTC;0;958,5;958,6;958,4;1762,2;21,8;18,5;23;21,2;19,3;18;86;76;83;104;4,3;2,6;
2026/01/31;1300 UTC;0;958,4;958,6;958,3;2520,5;23,3;18,6;24,8;22,4;19,4;18;82;69;77;98;4;2,2;
2026/01/31;1400 UTC;0;958,1;958,3;957,9;3031;24,9;18,4;25,5;24,1;19,4;17,6;74;61;68;129;3,8;1,4;
2026/01/31;1500 UTC;0;957,8;958;957,7;3555,9;26;18,9;26,8;25,3;20,9;17,5;75;61;65;206;3,9;1,8;
2026/01/31;1600 UTC;0;957,5;957,8;957,2;3590,4;26,5;18,6;27,1;25,8;20,3;17,5;69;54;60;205;5,5;2,7;
2026/01/31;1700 UTC;0;957;957,3;956,7;3864,7;27,1;18,4;27,7;26,7;19,5;16,9;61;50;57;183;5,4;2,1;
2026/01/31;1800 UTC;0;956,4;956,7;955,9;3582,5;27,4;19;27,9;26,9;20;18,1;63;54;58;179;5,4;2,4;
2026/01/31;1900 UTC;0;955,4;955,9;955;2998,9;27,9;19;28,3;27,5;20,1;18,1;62;51;56;181;4,1;2,1;
2026/01/31;2000 UTC;0;954,7;955;954,5;2399,2;28;18,8;28,3;27,6;19,5;18,2;58;52;54;169;5,5;2,1;
2026/01/31;2100 UTC;0;954,6;954,6;954,5;1209,8;27,3;18,6;27,6;26,6;19,2;18,1;61;53;56;179;4,1;1,6;
2026/01/31;2200 UTC;0;954,5;954,6;954,4;556,8;26,6;18;27,3;25,7;18,6;17,4;60;55;57;164;3,6;1,8;
2026/01/31;2300 UTC;0;955;955,4;954,6;21,7;24,4;17,2;25,7;23,2;17,7;16,7;72;58;64;136;5,3;2,2;
2026/02/01;0000 UTC;0;955,6;955,8;955,4;0;22,3;17,8;23,1;21,8;18;17,4;80;72;78;121;2,9;1,5;
2026/02/01;0100 UTC;0;956,2;956,4;955,8;0;21,4;18,1;22;20,9;18,2;17,9;86;80;83;129;2,4;1;
2026/02/01;0200 UTC;0;956,4;956,5;956,3;0;20,7;18,2;21;20,2;18,3;18,1;90;86;88;106;2,8;1,7;
2026/02/01;0300 UTC;0;956,4;956,6;956,2;0;20;18,1;20,4;19,7;18,2;17,9;92;89;90;84;2,1;1,5;
2026/02/01;0400 UTC;0;956,2;956,4;956,1;0;19,5;17,6;19,9;19,1;17,9;17,3;93;89;91;96;2,1;1,6;
2026/02/01;0500 UTC;0;956,1;956,3;955,9;0;18,4;17,5;19;18,1;17,8;17,2;98;92;96;129;1,2;,8;
2026/02/01;0600 UTC;0;955,7;955,9;955,5;0;17,8;17,6;18,3;17,5;18;17,3;100;97;99;113;1,6;,8;
2026/02/01;0700 UTC;0;955,4;955,6;955,2;0;17,4;17,4;17,5;17,3;17,6;17,3;100;100;100;44;,9;,4;
2026/02/01;0800 UTC;0;955,2;955,4;955,1;0;17,2;17,2;17,3;17;17,4;17,1;100;100;100;68;1,2;,7;
2026/02/01;0900 UTC;0;956;956,2;955,8;0;16,8;16,9;17,1;16,7;17,1;16,7;100;100;100;136;,8;,3;
2026/02/01;1000 UTC;0;956,5;956,8;956,2;0;17;16,8;17,6;16,7;17,5;,9;100;99;100;62;1;,4;
2026/02/01;1100 UTC;0;957;957,2;956,8;872,8;18,6;17,4;19,6;17,6;17,9;17;100;88;94;49;1,8;,9;
2026/02/01;1200 UTC;0;957;957,2;956,6;1849;21,3;18;22,7;19,7;18,7;17,3;92;76;83;191;2,4;1,2;
2026/02/01;1300 UTC;0;956,6;956,7;956,5;2617;23,2;18;23,8;22,3;18,8;17,3;80;69;74;234;3,4;1,7;
2026/02/01;1400 UTC;0;956,6;956,7;956,4;3291,7;24,6;17,7;25,3;24;19;16,9;71;61;65;222;6,5;2,6;
2026/02/01;1500 UTC;0;956,7;956,8;956,6;3841,7;25,9;18;26,7;25,4;18,8;17,1;65;54;60;171;5;2,1;
2026/02/01;1600 UTC;0;956,4;956,6;956,1;2824,7;26,5;18;27,5;25,7;19;17;61;51;58;203;6,5;3;
2026/02/01;1700 UTC;0;955,9;956,2;955,6;3511,7;27,2;18,1;28;26,3;19,1;17,3;60;49;55;206;5,2;2,3;
2026/02/01;1800 UTC;0;955,7;956;955,6;3151,3;27,8;18,3;28,6;26,8;19,6;17,6;61;48;52;183;7;2,4;
2026/02/01;1900 UTC;0;955,8;956;955,6;2363;27,6;17,8;28,4;26,6;18,6;16,9;55;47;51;162;4,3;2,2;
2026/02/01;2000 UTC;0;955,7;955,8;955,5;2055,3;27,6;17,9;28,3;26,9;18,6;17,2;53;49;51;179;5,8;2,3;
2026/02/01;2100 UTC;0;955,7;955,9;955,5;1339,5;27,2;17,5;27,5;26,5;18,1;17;54;49;51;183;4,9;2;
2026/02/01;2200 UTC;0;956,1;956,4;955,8;433,5;25,9;17;26,8;24,7;17,7;16,6;61;52;56;162;3,7;1,7;
2026/02/01;2300 UTC;0;956,7;957;956,4;22,5;23,9;16,6;24,7;23,5;17;16,2;66;60;64;159;3,4;1,7;
2026/02/02;0000 UTC;0;957,1;957,2;957;0;23,2;16,1;23,6;22,7;16,3;15,8;66;63;64;158;4,2;2,2;
2026/02/02;0100 UTC;0;957,5;957,8;957,1;0;22;16,1;22,8;21,3;16,2;15,9;74;66;70;114;3;1,9;
2026/02/02;0200 UTC;;;;;;;;;;;;;;;;;;
2026/02/02;0300 UTC;;;;;;;;;;;;;;;;;;
2026/02/02;0400 UTC;;;;;;;;;;;;;;;;;;
2026/02/02;0500 UTC;;;;;;;;;;;;;;;;;;
2026/02/02;0600 UTC;;;;;;;;;;;;;;;;;;
2026/02/02;0700 UTC;;;;;;;;;;;;;;;;;;
2026/02/02;0800 UTC;;;;;;;;;;;;;;;;;;
2026/02/02;0900 UTC;;;;;;;;;;;;;;;;;;
2026/02/02;1000 UTC;0;958,6;958,6;958,5;230,8;16,8;15,7;17,6;16,4;15,9;15,5;97;91;95;84;2,7;1,9;
2026/02/02;1100 UTC;0;958,7;958,9;958,6;964,7;19;16,6;20,5;17,7;17,5;15,8;91;82;88;75;3,9;2,3;
2026/02/02;1200 UTC;0;958,7;958,8;958,6;1696,5;21,5;17,2;23;20,6;17,9;16,8;84;73;79;75;3,9;2,3;
2026/02/02;1300 UTC;0;958,9;959;958,8;2528,1;24,2;17,9;25,7;23;18,7;17,1;75;61;69;66;5,4;2,1;
2026/02/02;1400 UTC;0;958,9;959;958,7;3379,7;26,5;18,2;27,3;25,3;19,1;17,1;68;50;59;82;5,1;2,8;
2026/02/02;1500 UTC;0;958,5;958,7;958,1;3176,1;27,4;17,4;28,6;26;18,5;16,5;57;44;50;104;5,4;2,2;
2026/02/02;1600 UTC;0;958;958,2;957,9;3961,5;28,4;17,2;29,2;26,8;18,5;16,2;53;40;44;71;5,1;2,5;
2026/02/02;1700 UTC;0;957,6;957,9;957,2;3756;28,6;16,8;29;28,3;17,8;16;47;37;41;287;3;1,6;
2026/02/02;1800 UTC;0;956,7;957,2;956,3;3547,2;29,9;17,8;30,5;28,9;18,7;16,6;44;36;39;89;3,9;1,6;
2026/02/02;1900 UTC;0;955,8;956,2;955,5;2866,1;29,5;17,7;30,2;28,6;18,6;16,8;45;37;41;149;3,5;1,7;
2026/02/02;2000 UTC;0;955,3;955,5;955;1858,6;29,3;17,4;29,9;28,9;18,2;16,7;43;37;40;201;3,1;1,3;
2026/02/02;2100 UTC;0;954,9;955,1;954,8;1385,6;29,4;17,3;29,8;29;18,1;16,6;43;37;39;156;2,3;1,4;
2026/02/02;2200 UTC;0;955,1;955,4;954,8;537,6;28,3;17,1;29,2;27,2;17,7;16,1;50;36;44;167;2,4;1,3;
2026/02/02;2300 UTC;0;955,8;956,1;955,5;17,1;25,7;15,1;27,2;25,1;16,9;14,1;50;45;47;164;2,8;1,8;
2026/02/03;0000 UTC;0;956,5;956,8;956,1;0;24,1;14,9;25;23,3;17;13,3;68;42;54;117;3,9;2,7;
2026/02/03;0100 UTC;0;957,1;957,2;956,9;0;22,8;17,7;23,3;22,3;18;17;78;69;75;98;5,3;3,2;
2026/02/03;0200 UTC;0;957,3;957,3;957,2;0;22;17,9;22,4;21,6;18;17,8;81;78;79;98;4,4;3,1;
2026/02/03;0300 UTC;0;957,2;957,3;957,1;0;21,1;17,7;21,7;20,6;17,8;17,5;86;80;83;87;4,2;3,1;
2026/02/03;0400 UTC;0;957;957,1;956,9;0;20,1;17,4;20,5;19,6;17,6;17,3;90;85;87;89;3,3;2,6;
2026/02/03;0500 UTC;0;956,6;956,8;956,3;0;19,8;17,2;20,2;19,5;17,3;17,1;88;85;87;99;3,7;2,9;
2026/02/03;0600 UTC;0;956,4;956,5;956,3;0;19;17,2;19,9;18,6;17,3;17;93;86;91;72;2,6;1,8;
2026/02/03;0700 UTC;0;956,4;956,6;956,3;0;18,9;17,1;19,4;18,3;17,2;16,9;94;89;91;87;2,6;1,9;
2026/02/03;0800 UTC;0;956,9;957;956,6;0;17,9;17,1;18,3;17,8;17,2;17;97;94;96;69;2,1;1,5;
2026/02/03;0900 UTC;0;957,3;957,5;957;0;17,8;17;18,1;17,6;17,1;16,8;97;94;96;80;2,7;2,2;
2026/02/03;1000 UTC;0;957,9;958,2;957,6;0;18,2;17;19,3;17,7;17,3;16,8;97;90;94;71;3,8;2,7;
2026/02/03;1100 UTC;0;958,3;958,3;958,1;834,6;20,3;17,7;22,2;18,9;18,5;17,2;93;79;87;70;3,6;2;
2026/02/03;1200 UTC;0;958,2;958,3;958,1;1723,7;23,1;18,4;24,7;22,1;19;17,8;81;68;76;74;3,4;1,8;
2026/02/03;1300 UTC;0;958,3;958,4;958,1;2114,6;25;18,9;26,5;23,9;19,8;18,3;74;65;69;98;2,6;1,6;
2026/02/03;1400 UTC;0;958;958,1;957,9;2651,9;27,8;19,6;29;26,7;20,4;18,2;65;48;59;217;3;1,5;
2026/02/03;1500 UTC;0;957,8;958;957,6;2658,2;28,8;18,6;29,5;28,3;19,9;17,8;56;43;49;298;3,1;1,7;
2026/02/03;1600 UTC;0;957,3;957,6;956,9;2494,3;29,6;18,2;29,9;29,3;19,4;17,4;47;38;43;291;3,2;1,7;
2026/02/03;1700 UTC;0;956,8;956,9;956,4;2172,7;29,8;18,6;30,3;29,5;19,6;17,3;48;37;44;246;4,9;2;
2026/02/03;1800 UTC;0;956;956,3;955,6;2739,5;30,3;18,4;31;29,7;19,3;17,4;45;37;41;160;3,5;1,5;
2026/02/03;1900 UTC;0;955,5;955,7;955,4;2159,7;30,4;18,6;31,2;29,3;19,5;17,7;47;37;41;177;2,8;1,5;
2026/02/03;2000 UTC;0;955,2;955,3;955,1;1228,7;30,4;18,8;31,5;29;19,7;17,3;49;38;42;195;2,2;1,2;
2026/02/03;2100 UTC;0;955,2;955,4;955,1;890,8;30;18,8;31;28,9;19,7;18;48;38;44;138;2,8;1,1;
2026/02/03;2200 UTC;0;955,5;955,7;955,4;526,8;30;18,6;30,3;29;19;18,1;47;40;43;215;1,8;1;
2026/02/03;2300 UTC;0;956,7;956,7;956,7;0;26,3;18,2;26,3;26,3;18,2;18,2;59;59;59;159;4,3;2,8;
2026/02/04;0000 UTC;0;957,1;957,5;956,7;0;25,5;18,4;26,3;24,5;18,5;18,2;70;59;64;142;3,2;1,3;
2026/02/04;0100 UTC;0;957,9;958,3;957,5;0;24,3;18,5;24,5;24,1;18,6;18,4;72;70;71;130;3,2;1,6;
2026/02/04;0200 UTC;0;958,5;958,7;958,3;0;23,5;18,5;24,1;22,7;18,6;18,5;79;72;75;96;3,1;2,6;
2026/02/04;0300 UTC;0;958,7;958,9;958,6;0;22,4;18,5;23,2;21,9;18,5;18,4;83;77;81;62;2,9;1,4;
2026/02/04;0400 UTC;0;958,7;958,9;958,5;0;21,9;18,4;22;21,4;18,5;18,2;84;81;83;97;2,8;2,1;
2026/02/04;0500 UTC;0;958,5;958,7;958,3;0;21;18,2;21,4;20,5;18,3;18;89;84;86;63;2,4;1,3;
2026/02/04;0600 UTC;0;958,5;958,6;958,4;0;20,4;18,1;20,5;20,2;18,3;17,9;90;87;89;96;1,3;,6;
2026/02/04;0700 UTC;0;958,5;958,7;958,3;0;20;18;20,2;19,8;18,1;17,9;91;89;90;80;1,4;,7;
2026/02/04;0800 UTC;0;958,4;958,5;958,3;0;19,7;18;19,9;19,1;18,1;17,9;94;90;92;83;1,7;1,2;
2026/02/04;0900 UTC;0;958,7;959,3;958,4;0;18,7;17,8;19,1;18,4;18;17,6;97;94;96;111;2;1,6;
2026/02/04;1000 UTC;0;959,7;959,9;959,3;155,9;18,5;17,8;19;18,3;18;17,6;98;95;96;178;,8;,4;
2026/02/04;1100 UTC;0;960,1;960,3;959,8;622,2;19,4;18,3;20,1;19;19;18;96;92;94;85;3,1;1,9;
2026/02/04;1200 UTC;0;960,1;960,2;959,9;1631,4;22,2;19,5;24,2;20,2;20,3;18,6;94;79;87;84;2,6;1,6;
2026/02/04;1300 UTC;0;959,9;960;959,7;2552,2;25,4;20,5;26,6;24,1;21,8;19,8;81;70;75;79;3,2;1,8;
2026/02/04;1400 UTC;0;959,6;959,8;959,4;3212,1;27,4;20,8;29;26,3;21,4;20;75;58;67;95;3,8;1,6;
2026/02/04;1500 UTC;0;959,4;959,5;959,1;3724,7;29,6;19,6;30,8;28,5;21;18,5;59;43;50;98;4,1;1,8;
2026/02/04;1600 UTC;0;958,9;959,2;958,6;3885,2;30,8;18,8;32;29,7;20,8;17,4;50;34;40;69;4,1;1,9;
2026/02/04;1700 UTC;0;958,4;958,6;958,2;3892,9;32;19,3;32,6;31,3;20,5;18,4;43;33;37;72;4,8;2;
2026/02/04;1800 UTC;0;958;958,2;957,8;2932,5;31,7;19,3;33,2;30,5;20,3;18,3;46;30;38;175;4,4;1,8;
2026/02/04;1900 UTC;0;957,6;957,8;957,3;2937,5;32;20,1;32,6;31,7;21;19,4;44;38;41;191;3,8;2;
2026/02/04;2000 UTC;0;957,2;957,4;957;2179,8;32;19,8;32,5;31,6;20,8;19,2;42;37;39;243;4,3;2,1;
2026/02/04;2100 UTC;0;957,1;957,2;957;1365,4;32;19,3;32,3;31,7;19,9;19;39;35;37;227;3,5;2;
2026/02/04;2200 UTC;0;957,3;957,7;957,1;546,5;30,9;19,1;31,6;29,8;19,4;18,7;47;36;41;207;2,9;1,1;
2026/02/04;2300 UTC;0;958,2;958,7;957,8;24,9;28,1;18,3;29,7;26,9;19,5;17,3;54;48;51;143;3,4;1,5;
2026/02/05;0000 UTC;0;959,1;959,5;958,7;0;26,3;17;26,9;25,6;17,4;16,7;56;52;54;109;3,8;2,5;
2026/02/05;0100 UTC;0;959,7;960;959,5;0;24,8;16,6;25,7;24;16,8;16,4;63;55;59;95;5,2;3,6;
2026/02/05;0200 UTC;0;960,1;960,2;960;0;23,7;16,3;24,4;22,3;16,4;16,1;69;60;63;83;4,1;2,9;
2026/02/05;0300 UTC;0;960,4;960,6;960,1;0;22,3;15,9;23,1;21,9;16,2;15,5;71;65;68;96;4,8;3,8;
2026/02/05;0400 UTC;0;960,6;960,7;960,5;0;22,1;15,2;22,5;21,6;15,5;15,1;68;64;66;116;4,5;2,9;
2026/02/05;0500 UTC;0;960,2;960,5;960;0;21,1;15,1;21,6;20,8;15,2;15;72;68;70;92;5,1;3,5;
2026/02/05;0600 UTC;0;959,9;960,1;959,8;0;19,9;15;20,8;19,3;15,2;14,9;78;72;76;96;3,2;2,3;
2026/02/05;0700 UTC;0;960,1;960,2;960;0;19;15;19,5;18,7;15,1;15;82;77;80;76;4,1;3,2;
2026/02/05;0800 UTC;0;960,1;960,2;960,1;0;18,8;15,1;19;18,4;15,2;15;84;80;82;69;3,1;2;
2026/02/05;0900 UTC;0;960,1;960,2;960;0;18,4;15,5;18,7;18;15,9;15,2;89;84;86;68;4;2,3;
2026/02/05;1000 UTC;0;960,5;960,8;960,2;167,6;18,7;16,2;19,8;18;16,8;15,9;90;84;88;66;3,5;2;
2026/02/05;1100 UTC;0;960,8;960,9;960,6;885,2;21,2;17,6;22,8;19,8;18,5;16,7;85;78;82;68;3,9;2,2;
2026/02/05;1200 UTC;0;961,1;961,3;960,8;1739,8;24,3;19,2;26,2;22,9;20,1;18,5;79;68;74;54;4,7;2,3;
2026/02/05;1300 UTC;0;961;961,1;960,9;2558,3;27;20,4;28,3;25,7;21,5;19,4;71;62;67;95;5;2,4;
2026/02/05;1400 UTC;0;960,9;961;960,9;3179,7;29,3;21,2;29,9;28,1;21,8;20,7;65;56;59;283;4;2,3;
2026/02/05;1500 UTC;0;960,6;960,8;960,4;3613;30,6;21;31,9;29,5;21,9;20,3;58;46;52;225;4,2;1,8;
2026/02/05;1600 UTC;0;959,9;960,3;959,5;3836,2;32,6;21,1;33,8;31,4;22,1;20,4;50;39;43;237;5,2;2,2;
2026/02/05;1700 UTC;0;959,2;959,5;958,9;2966,9;32,7;20,6;33,5;31,8;21,9;19,9;45;33;39;217;2,4;1,1;
2026/02/05;1800 UTC;0;958,6;958,8;958,5;1957,7;33,1;20,5;34,2;32,1;21,2;19,6;42;32;37;160;3,4;1,6;
2026/02/05;1900 UTC;0;958;958,5;957,6;2033,2;33,2;20,9;34,6;31,8;22;19,6;45;34;39;206;4,9;1,7;
2026/02/05;2000 UTC;0;957,6;957,7;957,4;1664,2;33,3;21,1;34,2;32,4;21,8;20,4;43;36;39;174;4,5;1,9;
2026/02/05;2100 UTC;0;957,5;957,7;957,4;1306,3;33,2;20,6;33,8;32,8;21,4;20;39;35;37;172;2,9;1,3;
2026/02/05;2200 UTC;0;958;958,3;957,7;484,7;32,1;20,2;32,9;31,1;21;19,1;44;36;40;169;2,5;1,1;
2026/02/05;2300 UTC;0;959;959;959;0;28,6;18,7;28,6;28,6;18,7;18,7;50;50;50;165;3,2;1,6;
2026/02/06;0000 UTC;0;959,7;959,7;959,7;0;27,9;18,4;27,9;27,9;18,4;18,4;53;53;53;124;4,5;3;
2026/02/06;0100 UTC;0;959,8;959,9;959,8;0;26,6;18,7;27,7;25,7;19,4;18,1;68;53;61;100;5;3,2;
2026/02/06;0200 UTC;0;959,8;959,9;959,7;0;24,9;19,5;25,7;24,2;19,6;19,4;76;69;73;89;4,3;3;
2026/02/06;0300 UTC;0;959,9;960;959,7;0;24,2;19,1;24,7;23,3;19,4;18,8;78;72;74;87;4;2,8;
2026/02/06;0400 UTC;0;959,5;959,8;959,3;0;23,2;18,6;23,5;22,5;18,8;18,4;81;75;77;91;3,2;2,5;
2026/02/06;0500 UTC;0;959,4;959,4;959,3;0;22,4;18,4;22,9;21,4;18,4;18,3;85;78;80;81;3,1;2;
2026/02/06;0600 UTC;0;959,5;959,7;959,3;0;21,5;18,2;21,8;21,1;18,4;18,1;85;82;84;94;1,8;1,2;
2026/02/06;0700 UTC;0;959,6;959,7;959,5;0;21,6;18,2;22,3;21;18,2;18;86;80;83;42;3;2,2;
2026/02/06;0800 UTC;0;959,6;959,7;959,5;0;21,6;18,1;22,3;21,1;18,2;18;85;80;83;41;2,9;1,9;
2026/02/06;0900 UTC;0;959,9;960,2;959,6;0;20,9;18,1;21,8;19,7;18,2;18;91;82;86;79;2,7;1,9;
2026/02/06;1000 UTC;0;960,4;960,9;960,2;159,9;19,5;18,1;20,9;19;18,6;17,8;95;88;93;53;2,1;1,2;
2026/02/06;1100 UTC;0;961,3;961,5;960,9;848;22,3;18,9;23,7;20,9;19,5;18,4;89;77;83;77;3,7;2,5;
2026/02/06;1200 UTC;0;961,5;961,6;961,4;1697,7;24,9;19,5;26,3;23,8;20,2;19,1;78;69;73;52;2,6;1,6;
2026/02/06;1300 UTC;0;961,4;961,5;961,3;2504,7;27,8;20,6;29,3;26,3;21,3;19,7;69;58;64;181;3;1,4;
2026/02/06;1400 UTC;0;961,3;961,4;961,1;3133,6;30,7;21,5;32,1;29;22,3;20,8;61;47;54;246;3,5;2;
2026/02/06;1500 UTC;0;960,8;961,1;960,4;3567,4;32,6;21,1;33,4;31,8;22,2;19,5;50;34;43;276;5,4;2,2;
2026/02/06;1600 UTC;0;960;960,4;959,7;3736,3;34;21,3;34,9;33,3;22,4;20,7;43;32;36;220;5,5;2,4;
2026/02/06;1700 UTC;0;959,4;959,8;959,1;3749,4;34,6;21,3;35,2;34,4;22,6;20,4;38;30;33;188;6,3;2,4;
2026/02/06;1800 UTC;0;958,7;959,1;958,3;3439,6;35;21,6;35,4;34,4;22,2;20,7;37;29;33;169;5,5;2;
2026/02/06;1900 UTC;0;958,2;958,4;958;2884,4;34,9;21,6;35,4;34,6;22,5;20,9;36;31;34;188;5,6;2,5;
2026/02/06;2000 UTC;0;957,7;958;957,4;2166,3;34,8;21;35,3;34,3;21,8;20,1;34;28;31;162;5,6;2,3;
2026/02/06;2100 UTC;0;957,4;957,4;957,4;948,7;33,8;20,4;33,8;33,8;20,4;20,4;33;33;33;168;1,9;1,2;
2026/02/06;2200 UTC;0;957,9;957,9;957,9;115,9;31;18,9;31;31;18,9;18,9;39;39;39;152;2,9;1,6;
2026/02/06;2300 UTC;0;958,6;958,6;958,6;0;28,5;19,7;28,5;28,5;19,7;19,7;56;56;56;113;2,8;1,7;
2026/02/07;0000 UTC;0;959,4;959,4;959,4;0;27,6;18,8;27,6;27,6;18,8;18,8;56;56;56;113;3;2,1;
2026/02/07;0100 UTC;0;959,8;960,3;959,4;0;26,8;18,5;27,6;25,8;18,7;18;63;56;58;141;4,8;1,6;
2026/02/07;0200 UTC;0;960,4;960,6;960,2;0;25,1;18,9;25,7;24,5;20,2;18,3;78;63;69;108;5,6;3,5;
2026/02/07;0300 UTC;0;960,8;960,9;960,5;0;24,1;20,3;24,5;23,4;20,4;20,2;85;78;81;91;6;4,3;
2026/02/07;0400 UTC;0;960,7;960,9;960,6;0;23,3;20,4;23,6;23;20,5;20,3;87;84;85;100;5,9;3,6;
2026/02/07;0500 UTC;0;960,6;960,8;960,3;0;22,9;20,3;23,1;22,6;20,4;20,3;88;86;87;87;6,3;4;
2026/02/07;0600 UTC;0;960,6;960,8;960,3;0;22,4;20,2;22,6;22,3;20,3;20;90;87;89;126;3,8;2;
2026/02/07;0700 UTC;0;960,6;960,8;960,3;0;22,3;20,3;22,4;22,3;20,4;20,1;91;89;90;126;5,2;2,7;
2026/02/07;0800 UTC;0;960,4;960,6;960,3;0;22,3;20,4;22,5;22,2;20,5;20,3;91;89;90;98;5,7;3,9;
2026/02/07;0900 UTC;0;960,5;960,8;960,3;0;22,1;20,4;22,4;21,9;20,5;20,3;93;90;91;123;4,7;2,5;
2026/02/07;1000 UTC;0;961,5;962,4;960,7;68,5;22,2;20,4;22,4;22;20,7;20,1;93;89;91;262;1,8;1,1;
2026/02/07;1100 UTC;0;962,3;962,5;962,2;330,7;22,8;20,6;23,3;22,2;20,8;20,2;93;85;89;129;4,6;1,9;
2026/02/07;1200 UTC;0;962,7;963,5;962,1;487,6;23,3;20,3;23,5;23,1;20,5;20,1;86;83;85;157;6;3;
2026/02/07;1300 UTC;0;963,9;964,3;963,4;395,3;23,2;19,9;23,8;22,7;20,7;18,4;87;77;84;153;8,2;3,9;
2026/02/07;1400 UTC;4,7;964,3;965,6;963,4;402,8;21,9;17,8;23,3;19,7;18,7;17;94;74;79;111;5,7;2,6;
2026/02/07;1500 UTC;1;963,5;963,8;963,1;2750,9;22,1;19,1;23,8;19,8;20,4;17,6;97;70;85;40;4,7;2,3;
2026/02/07;1600 UTC;0;963,1;963,4;962,8;2483,6;24,2;19;25,4;23,6;19,7;18,2;80;65;74;80;5,6;2,6;
2026/02/07;1700 UTC;0;962,6;963;962,3;3574,1;26,1;18,8;27,1;25,1;19,8;18;71;57;63;96;4,3;2,1;
2026/02/07;1800 UTC;0;961,9;962,5;961,4;3417,3;27;18,7;27,4;26,3;19,6;17,9;64;54;59;152;4,2;2;
2026/02/07;1900 UTC;0;961,3;961,5;961;2184,7;26,3;19,5;27,6;25,4;20,4;18,5;71;58;66;158;4,8;2,2;
2026/02/07;2000 UTC;0;960,7;961,1;960,4;1806,2;26,3;19;27,3;24,9;20;18,2;74;55;63;154;4,1;1,9;
2026/02/07;2100 UTC;0;960,3;960,4;960,2;1327,5;27;18,7;27,7;26;19,8;17,9;62;54;58;142;3,9;1,6;
2026/02/07;2200 UTC;0;960,6;961,1;960,3;463,7;25,8;18,8;27,3;24,4;19,1;18,4;73;57;65;133;4,1;1,5;
2026/02/07;2300 UTC;0;961,7;962,1;961,1;19,5;23,2;18,7;24,4;22,1;19,1;18,4;82;73;77;119;6,5;3,6;
2026/02/08;0000 UTC;0;962,5;963;962;0;20,9;18;22,1;20;18,5;17,6;88;82;85;113;6,8;3,5;
2026/02/08;0100 UTC;0;963,5;963,8;963,1;0;19,5;17,5;20;19,2;17,6;17,4;91;88;90;115;4,9;2,9;
2026/02/08;0200 UTC;0;964;964,2;963,8;0;18,9;17,3;19,1;18,6;17,4;17,2;93;91;92;116;4,2;2,8;
2026/02/08;0300 UTC;0;964,1;964,2;964;0;18,3;17;18,6;18;17,2;16,7;94;93;94;103;4,9;2,5;
2026/02/08;0400 UTC;0;963,9;964,1;963,6;0;17,7;16,3;18;17,5;16,7;16;94;92;93;104;5,6;3,3;
2026/02/08;0500 UTC;0;963,5;963,6;963,3;0;17,2;16;17,6;16,9;16;15,9;95;92;94;123;5;3,1;
2026/02/08;0600 UTC;0;963,1;963,3;962,8;0;16,6;16;16,9;16,5;16,1;16;98;95;97;139;3,2;1,3;
2026/02/08;0700 UTC;0;962,7;962,8;962,5;0;16,4;16,1;16,5;16,3;16,3;16;99;98;99;153;1,7;,7;
2026/02/08;0800 UTC;0;962,4;962,5;962,3;0;16,4;16,2;16,5;16,4;16,3;16;99;98;99;143;2;,8;
2026/02/08;0900 UTC;0;962,6;962,8;962,4;0;16,3;16,1;16,4;16,2;16,2;16,1;100;99;99;118;3,8;2,6;
2026/02/08;1000 UTC;0;963;963,3;962,8;;16,7;16,2;17,3;16,4;16,3;16,1;99;95;97;112;4,2;2,8;
2026/02/08;1100 UTC;0;963,5;963,6;963,3;;18,4;16,8;19,7;17,4;17,5;16,3;95;88;92;91;5,3;3;
2026/02/08;1200 UTC;0;963,7;963,8;963,6;;20,7;17,6;22,3;19,7;18,3;17;88;78;84;82;5,4;3;
2026/02/08;1300 UTC;0;963,7;963,7;963,6;;23,2;18,1;24,2;22,3;18,7;17,7;80;70;75;85;5,7;2,8;
2026/02/08;1400 UTC;0;963,2;963,6;962,8;;25,4;18,7;26,7;23,9;19,4;18;72;61;66;75;5,6;3,3;
2026/02/08;1500 UTC;0;962,6;962,8;962,5;;27;18,7;28,3;25,9;19,6;17,9;63;53;59;71;4,2;2,1;
2026/02/08;1600 UTC;0;962,2;962,5;961,9;;28,1;17,9;29,1;27,1;19,5;16,6;58;43;49;181;4,9;1,6;
2026/02/08;1700 UTC;0;961,7;961,9;961,2;;29,1;17,9;30,7;27,9;19,2;16,7;49;39;44;84;4;1,8;
2026/02/08;1800 UTC;0;960,7;961,2;960,3;;29,9;18,1;30,8;29,3;19,7;17,1;47;37;41;111;4,2;2;
2026/02/08;1900 UTC;0;960;960,3;959,8;;30,3;18,3;31,2;29,3;19,3;17,4;44;37;40;171;2,6;1,2;
2026/02/08;2000 UTC;0;959,3;959,7;959,1;;30,1;18,7;30,6;29,6;19,6;17,5;47;37;43;144;4,6;2;
2026/02/08;2100 UTC;0;959;959,1;958,9;;29,5;18,4;30,1;28,7;19,1;17,6;46;43;45;195;5;1,8;
2026/02/08;2200 UTC;0;959,4;959,4;959,4;;26,7;17,2;26,7;26,7;17,2;17,2;52;52;52;183;3,8;1,6;
2026/02/08;2300 UTC;0;960;960;960;;24,4;17,7;24,4;24,4;17,7;17,7;67;67;67;110;6,2;3,3;
2026/02/09;0000 UTC;0;960,6;960,6;960,6;;22,6;17,4;22,6;22,6;17,4;17,4;74;74;74;100;4,9;3,1;
2026/02/09;0100 UTC;0;961,2;961,2;961,2;;21,4;16,4;21,4;21,4;16,4;16,4;75;75;75;93;6;4,2;
2026/02/09;0200 UTC;0;961,1;961,1;961,1;;20;15,8;20;20;15,8;15,8;79;79;79;95;5,4;3,8;
2026/02/09;0300 UTC;0;961;961;961;;19,5;15,2;19,5;19,5;15,2;15,2;78;78;78;101;7,5;5,2;
2026/02/09;0400 UTC;0;960,7;960,7;960,7;;18,9;15,3;18,9;18,9;15,3;15,3;82;82;82;95;6,7;3,9;
2026/02/09;0500 UTC;0;960,3;960,3;960,3;;18,2;15,4;18,2;18,2;15,4;15,4;86;86;86;100;4,5;3,3;
2026/02/09;0600 UTC;0;960,4;960,4;960,4;;17,9;15,4;17,9;17,9;15,4;15,4;87;87;87;85;4;2,9;
2026/02/09;0700 UTC;0;960;960;960;;16,9;15,4;16,9;16,9;15,4;15,4;92;92;92;89;3,5;2,8;
2026/02/09;0800 UTC;0;960,1;960,1;960,1;;16,5;15,6;16,5;16,5;15,6;15,6;96;96;96;82;3,6;2,9;
2026/02/09;0900 UTC;0;960,6;960,6;960,6;;16,8;15,6;16,8;16,8;15,6;15,6;94;94;94;93;3,6;2,7;
2026/02/09;1000 UTC;0;960,9;960,9;960,9;;18;16,3;18;18;16,3;16,3;91;91;91;70;3,2;2,2;
2026/02/09;1100 UTC;0;961;961;961;;21,2;17,7;21,2;21,2;17,7;17,7;82;82;82;61;3,8;2,4;
2026/02/09;1200 UTC;0;961;961;961;;24,8;18,9;24,8;24,8;18,9;18,9;71;71;71;96;5,3;3,8;
2026/02/09;1300 UTC;0;960,8;960,8;960,8;;27,3;19,9;27,3;27,3;19,9;19,9;63;63;63;55;4,4;2,8;
2026/02/09;1400 UTC;0;960,5;960,5;960,5;;28,8;20,7;28,8;28,8;20,7;20,7;59;59;59;233;4,7;2,4;
2026/02/09;1500 UTC;0;960,1;960,1;960,1;;30,3;20,2;30,3;30,3;20,2;20,2;50;50;50;215;4,1;2,5;
2026/02/09;1600 UTC;0;959,5;959,5;959,5;;31,7;20,7;31,7;31,7;20,7;20,7;45;45;45;127;4,3;3;
2026/02/09;1700 UTC;0;958,7;958,7;958,7;;31;19,3;31;31;19,3;19,3;42;42;42;151;2,6;1,6;
2026/02/09;1800 UTC;0;958,1;958,1;958,1;;31;19,8;31;31;19,8;19,8;44;44;44;294;3,4;2,6;
2026/02/09;1900 UTC;0;957,4;957,4;957,4;;32,4;20,4;32,4;32,4;20,4;20,4;40;40;40;320;2,9;2,1;
2026/02/09;2000 UTC;0;956,7;956,7;956,7;;32,7;20,4;32,7;32,7;20,4;20,4;38;38;38;326;2;1,3;
2026/02/09;2100 UTC;0;957;957;957;;31,8;20,2;31,8;31,8;20,2;20,2;42;42;42;231;1;,3;
2026/02/09;2200 UTC;0;957,2;957,2;957,2;;29,4;20,2;29,4;29,4;20,2;20,2;54;54;54;82;1,7;,9;
2026/02/09;2300 UTC;0;958,1;958,1;958,1;;27;18,8;27;27;18,8;18,8;59;59;59;60;1,3;,9;
2026/02/10;0000 UTC;0;958,8;958,8;958,8;;26,4;18,6;26,4;26,4;18,6;18,6;61;61;61;38;2,1;1,8;
2026/02/10;0100 UTC;0;959,3;959,3;959,3;;24,2;18,3;24,2;24,2;18,3;18,3;70;70;70;101;3,5;2,7;
2026/02/10;0200 UTC;0;959,7;959,7;959,7;;23,5;19,2;23,5;23,5;19,2;19,2;78;78;78;94;4,8;3,8;
2026/02/10;0300 UTC;0;959,4;959,4;959,4;;22,6;19;22,6;22,6;19;19;82;82;82;76;3,7;2,6;
2026/02/10;0400 UTC;0;959,2;959,2;959,2;;22,2;18,5;22,2;22,2;18,5;18,5;81;81;81;60;3,3;1,5;
2026/02/10;0500 UTC;0;958,7;958,7;958,7;;22,8;18,3;22,8;22,8;18,3;18,3;77;77;77;45;4,6;3,1;
2026/02/10;0600 UTC;0;958,4;958,4;958,4;;21,3;18,4;21,3;21,3;18,4;18,4;85;85;85;77;3,5;2,7;
2026/02/10;0700 UTC;0;958,4;958,4;958,4;;20,7;18,3;20,7;20,7;18,3;18,3;88;88;88;82;2,8;2;
2026/02/10;0800 UTC;0;958,8;958,8;958,8;;19,9;18,4;19,9;19,9;18,4;18,4;92;92;92;86;3;2,2;
2026/02/10;0900 UTC;0;959,3;959,3;959,3;;20;18,5;20;20;18,5;18,5;92;92;92;92;3;2,4;
2026/02/10;1000 UTC;0;959,7;959,7;959,7;;20,7;18,7;20,7;20,7;18,7;18,7;90;90;90;58;3,9;2,6;
2026/02/10;1100 UTC;0;960,2;960,2;960,2;;23,3;19,1;23,3;23,3;19,1;19,1;79;79;79;55;4,2;2,8;
2026/02/10;1200 UTC;0;960,4;960,4;960,4;;25,1;19,7;25,1;25,1;19,7;19,7;73;73;73;73;5,4;3;
2026/02/10;1300 UTC;0;960,3;960,3;960,3;;26,8;20,4;26,8;26,8;20,4;20,4;68;68;68;150;5;1,8;
2026/02/10;1400 UTC;0;960,1;960,1;960,1;;26,6;20,5;26,6;26,6;20,5;20,5;70;70;70;312;3,2;2,3;
2026/02/10;1500 UTC;0;959,6;959,6;959,6;;28,5;21,4;28,5;28,5;21,4;21,4;64;64;64;315;5,3;3,8;
2026/02/10;1600 UTC;0;958,9;958,9;958,9;;29,4;21,4;29,4;29,4;21,4;21,4;60;60;60;309;5,9;4,4;
2026/02/10;1700 UTC;0;958;958;958;;31,7;21,5;31,7;31,7;21,5;21,5;49;49;49;285;8,6;6,1;
2026/02/10;1800 UTC;0;957,2;957,2;957,2;;32,9;22;32,9;32,9;22;22;46;46;46;289;6,1;4,7;
2026/02/10;1900 UTC;0;957,2;957,2;957,2;;30,5;21,4;30,5;30,5;21,4;21,4;54;54;54;79;6,8;4;
2026/02/10;2000 UTC;0;957,9;957,9;957,9;;24,1;18,7;24,1;24,1;18,7;18,7;73;73;73;246;1,5;1,1;
2026/02/10;2100 UTC;0;958,7;958,7;958,7;;23,3;20,7;23,3;23,3;20,7;20,7;87;87;87;315;8,1;6,5;
2026/02/10;2200 UTC;0;958,2;958,2;958,2;;22,7;19,6;22,7;22,7;19,6;19,6;84;84;84;195;5,2;2,7;
2026/02/10;2300 UTC;0;958,7;958,7;958,7;;23,5;19;23,5;23,5;19;19;77;77;77;324;5,9;4;
2026/02/11;0000 UTC;0;958,9;958,9;958,9;;22,3;20,1;22,3;22,3;20,1;20,1;89;89;89;100;2,7;1,8;
2026/02/11;0100 UTC;0;959;959;959;;21,7;19,8;21,7;21,7;19,8;19,8;91;91;91;136;2,5;1,8;
2026/02/11;0200 UTC;0;959;959;959;;20,6;20,1;20,6;20,6;20,1;20,1;98;98;98;87;3,2;2,6;
2026/02/11;0300 UTC;0;958,8;958,8;958,8;;20,4;19,6;20,4;20,4;19,6;19,6;96;96;96;70;2,7;1,9;
2026/02/11;0400 UTC;0;958,5;958,5;958,5;;20,1;19,5;20,1;20,1;19,5;19,5;97;97;97;86;2,6;2,1;
2026/02/11;0500 UTC;0;958,2;958,2;958,2;;20,2;19,3;20,2;20,2;19,3;19,3;96;96;96;42;3,5;2,6;
2026/02/11;0600 UTC;0;958,1;958,1;958,1;;20,2;19;20,2;20,2;19;19;94;94;94;55;2,4;1,4;
2026/02/11;0700 UTC;0;958,1;958,1;958,1;;19,1;18,9;19,1;19,1;18,9;18,9;99;99;99;79;2,7;2,3;
2026/02/11;0800 UTC;0;958,4;958,4;958,4;;19,2;18,9;19,2;19,2;18,9;18,9;99;99;99;65;1,5;1;
2026/02/11;0900 UTC;0;959,1;959,1;959,1;;18,8;18,7;18,8;18,8;18,7;18,7;99;99;99;65;1,8;1,3;
2026/02/11;1000 UTC;0;960,2;960,2;960,2;;20,2;19;20,2;20,2;19;19;94;94;94;92;1,9;1,5;
2026/02/11;1100 UTC;0;960,8;960,8;960,8;;23,3;20;23,3;23,3;20;20;83;83;83;134;1,5;1;
2026/02/11;1200 UTC;0;960,9;960,9;960,9;;26,4;20,8;26,4;26,4;20,8;20,8;72;72;72;37;3,6;2,6;
2026/02/11;1300 UTC;0;960,5;960,5;960,5;;28,5;21,7;28,5;28,5;21,7;21,7;66;66;66;255;2,7;1,5;
2026/02/11;1400 UTC;0;960,2;960,2;960,2;;31,5;23,2;31,5;31,5;23,2;23,2;59;59;59;75;2,8;1,8;
2026/02/11;1500 UTC;0;959,7;959,7;959,7;;31,5;22,9;31,5;31,5;22,9;22,9;57;57;57;276;3,4;2,6;
2026/02/11;1600 UTC;0;959,3;959,3;959,3;;33,4;22;33,4;33,4;22;22;43;43;43;284;5;2,5;
2026/02/11;1700 UTC;0;958,9;958,9;958,9;;34,6;22,9;34,6;34,6;22,9;22,9;41;41;41;278;6,8;4,5;
2026/02/11;1800 UTC;0;958,5;958,5;958,5;;34,2;22,5;34,2;34,2;22,5;22,5;41;41;41;321;5,2;4,1;
2026/02/11;1900 UTC;0;957,9;957,9;957,9;;34,1;22,4;34,1;34,1;22,4;22,4;42;42;42;264;6,1;3,7;
2026/02/11;2000 UTC;0;957,8;957,8;957,8;;34,6;23,1;34,6;34,6;23,1;23,1;42;42;42;225;4,4;2,4;
2026/02/11;2100 UTC;0;957,8;957,8;957,8;;33,7;22,7;33,7;33,7;22,7;22,7;45;45;45;193;3,2;1,2;
2026/02/11;2200 UTC;0;958,2;958,2;958,2;;31;21,9;31;31;21,9;21,9;54;54;54;165;2;1,5;
2026/02/11;2300 UTC;0;959,1;959,1;959,1;;28,8;21,2;28,8;28,8;21,2;21,2;62;62;62;67;1,7;1,1;
2026/02/12;0000 UTC;0;959,7;959,7;959,7;;27,7;21,2;27,7;27,7;21,2;21,2;67;67;67;90;1,6;1,3;
2026/02/12;0100 UTC;0;960,1;960,1;960,1;;27,3;20,4;27,3;27,3;20,4;20,4;65;65;65;73;2;1,8;
2026/02/12;0200 UTC;0;960;960;960;;26,2;20,1;26,2;26,2;20,1;20,1;70;70;70;86;2,1;1,9;
2026/02/12;0300 UTC;0;960,1;960,1;960,1;;24,6;20;24,6;24,6;20;20;77;77;77;91;2;1,8;
2026/02/12;0400 UTC;0;960;960;960;;23,6;20;23,6;23,6;20;20;82;82;82;94;2,7;2,3;
2026/02/12;0500 UTC;0;960,1;960,1;960,1;;23;19,9;23;23;19,9;19,9;85;85;85;97;2,2;1,9;
2026/02/12;0600 UTC;0;959,7;959,7;959,7;;22,1;20,1;22,1;22,1;20,1;20,1;90;90;90;64;2,3;1,6;
2026/02/12;0700 UTC;0;959,5;959,5;959,5;;22,1;19,9;22,1;22,1;19,9;19,9;89;89;89;74;3;2,5;
2026/02/12;0800 UTC;0;959,5;959,5;959,5;;21,7;19,9;21,7;21,7;19,9;19,9;91;91;91;69;2,6;2;
2026/02/12;0900 UTC;0;959,6;959,6;959,6;;22;18,9;22;22;18,9;18,9;85;85;85;51;4,2;2,8;
2026/02/12;1000 UTC;0;959,8;959,8;959,8;;22,4;19,4;22,4;22,4;19,4;19,4;85;85;85;81;3,9;2,6;
2026/02/12;1100 UTC;0;959,9;959,9;959,9;;25,5;20,8;25,5;25,5;20,8;20,8;77;77;77;63;4,3;2,2;
2026/02/12;1200 UTC;0;959,8;959,8;959,8;;28;21,3;28;28;21,3;21,3;66;66;66;40;5,2;3,8;
2026/02/12;1300 UTC;0;959,6;959,6;959,6;;31,2;22,4;31,2;31,2;22,4;22,4;56;56;56;164;4,9;3,3;
2026/02/12;1400 UTC;0;960,1;960,1;960,1;;32,9;22,7;32,9;32,9;22,7;22,7;49;49;49;204;7;4,9;
2026/02/12;1500 UTC;0;959,9;959,9;959,9;;33,4;23,3;33,4;33,4;23,3;23,3;49;49;49;264;4,6;3,4;
2026/02/12;1600 UTC;0;959,2;959,2;959,2;;34,8;23,8;34,8;34,8;23,8;23,8;45;45;45;150;6,1;3,9;
2026/02/12;1700 UTC;0;958,3;958,3;958,3;;35;24,1;35;35;24,1;24,1;46;46;46;152;5;3;
2026/02/12;1800 UTC;0;957,5;957,5;957,5;;34,4;23,7;34,4;34,4;23,7;23,7;47;47;47;270;5,4;2,8;
2026/02/12;1900 UTC;0;957;957,6;956,6;;34,7;23,4;35,8;33,5;24,3;22,3;47;41;44;292;5,5;3;
2026/02/12;2000 UTC;0;958,8;960;956,9;;27,2;20,8;33,5;22,4;22,5;19,9;90;43;68;193;10;4,4;
2026/02/12;2100 UTC;0;959,8;960,3;959,3;;22,1;19,9;22,6;21,6;20,3;19,7;91;86;89;183;7,3;2,7;
2026/02/12;2200 UTC;0;961,1;962,1;960,2;;21,4;18,7;21,8;20,9;19,7;18,3;90;85;87;173;9,4;3,2;
2026/02/12;2300 UTC;0;962,5;962,8;962,3;0;20,8;18,6;20,8;20,7;18,7;18,5;90;89;89;159;6,8;3,5;
2026/02/13;0000 UTC;0;963,3;964;962,8;0;20,5;18,5;20,8;20,3;18,6;18,4;91;89;90;155;4,9;2,2;
2026/02/13;0100 UTC;0;964,3;964,5;964,1;0;20,3;18,4;20,4;20,3;18,5;18,3;91;90;90;164;3;1,6;
2026/02/13;0200 UTC;0;964,1;964,3;964;0;20,3;18,4;20,4;20,2;18,6;18,2;92;89;91;95;2,7;1,7;
2026/02/13;0300 UTC;0;963,9;964,2;963,7;0;20,4;18,2;20,5;20,3;18,3;18,1;90;88;89;88;2,3;1,3;
2026/02/13;0400 UTC;0;963,8;963,9;963,6;0;20,4;18,1;20,5;20,2;18,1;18;89;88;88;127;2,7;1,1;
2026/02/13;0500 UTC;0;963,6;963,8;963,5;0;20;18,2;20,5;19,8;18,3;18,1;92;88;91;75;2;1,1;
2026/02/13;0600 UTC;0;963,1;963,9;962,6;0;20,3;18,4;20,7;19,7;18,6;18,2;93;89;91;41;5,8;3,2;
2026/02/13;0700 UTC;0;962,6;962,9;962,3;0;20,7;18,9;20,8;20,5;19,1;18,6;93;89;91;41;5,8;2,4;
2026/02/13;0800 UTC;0;961,9;962,4;961,4;0;21;19,4;21,5;20,6;19,6;19,1;93;89;92;53;6,1;3,6;
2026/02/13;0900 UTC;0;961,3;961,5;961,2;0;21,1;19,4;21,2;21,1;19,4;19,3;91;91;91;44;4,7;2,8;
2026/02/13;1000 UTC;0;962,1;963,2;961,3;97,5;21;19,5;21,6;20,4;19,7;19,3;97;89;92;175;4,8;1,9;
2026/02/13;1100 UTC;0;963,4;963,7;963,2;608,3;21,4;19,9;22;20,4;20,2;19,7;97;89;93;207;2,5;1,1;
2026/02/13;1200 UTC;0;964;964,1;963,9;1291,3;23,3;20,3;24;22,8;20,8;20;88;83;85;212;1,8;1;
2026/02/13;1300 UTC;0;964,3;964,5;964;2447,8;25,4;20,6;26,7;24;21,2;20,1;82;71;76;286;3,1;1,3;
2026/02/13;1400 UTC;0;964,5;964,5;964,3;3056,6;27,6;21,5;28,5;26,6;22,1;20,9;73;66;69;266;3,6;1,6;
2026/02/13;1500 UTC;0;964,3;964,5;964,1;3387,7;28,8;22,1;29,5;28,1;22,5;21,4;69;62;66;273;4,8;1,8;
2026/02/13;1600 UTC;0;963,8;964,1;963,3;3509,7;30,3;22,4;31,7;29,4;23;21,7;65;53;61;228;4,7;2,3;
2026/02/13;1700 UTC;0;962,8;963,3;962,5;3730,9;31;23;31,6;30,4;23,8;22,1;64;53;60;190;6,5;2,9;
2026/02/13;1800 UTC;0;962;962,5;961,7;3340,6;31,1;22,9;31,8;30,7;23,5;22,3;61;56;59;189;7,1;3,2;
2026/02/13;1900 UTC;0;961,5;961,7;961,1;2779,5;30,6;22,1;31,5;29,9;22,9;21,6;60;56;58;180;8;3,9;
2026/02/13;2000 UTC;0;961,3;961,5;961;2096,5;29,9;21,9;30,2;29,6;22,3;21,7;62;58;60;186;7,3;3,1;
2026/02/13;2100 UTC;0;961,5;961,7;961,2;1282,2;28,9;21,2;29,8;27,9;22;20,3;63;60;61;168;8;3,9;
2026/02/13;2200 UTC;0;961,9;962,6;961,6;413,4;26,9;19,2;27,9;25,8;20,5;18,7;65;59;61;159;5,1;2,4;
2026/02/13;2300 UTC;0;963,5;964,3;962,6;18,7;25,3;18,8;25,8;24,8;18,9;18,8;71;65;68;107;4,1;2,3;
2026/02/14;0000 UTC;0;964,9;965,6;964,3;0;24,7;19,2;25;24,3;19,4;19;75;71;73;113;9,3;5;
2026/02/14;0100 UTC;0;966,1;966,5;965,6;0;23,7;19,3;24,2;23,2;19,4;19,2;81;75;78;101;7,2;4,3;
2026/02/14;0200 UTC;0;966,5;966,6;966,3;0;23;18,8;23,2;22,6;19,3;18,5;81;78;79;113;6,4;3,7;
2026/02/14;0300 UTC;0;966,2;966,4;966,1;0;22,2;18,4;22,6;21,9;18,5;18,4;83;79;81;99;6,5;3,8;
2026/02/14;0400 UTC;0;965,7;966,1;965,3;0;21,6;18,4;21,9;21,2;18,5;18,3;86;83;84;138;4,6;2;
2026/02/14;0500 UTC;0;965;965,3;964,7;0;21,2;18,3;21,5;20,9;18,5;18,1;87;83;85;154;3,5;1,7;
2026/02/14;0600 UTC;0;964,6;964,9;964,3;0;20,8;18;21,1;20,2;18,2;17,9;89;85;86;144;3,5;1,1;
2026/02/14;0700 UTC;0;964,2;964,6;963,8;0;20,2;17,9;20,3;20;18;17,8;90;87;88;127;5,5;2,6;
2026/02/14;0800 UTC;0;963,7;963,9;963,5;0;20,4;18,1;20,5;20,3;18,2;18;89;88;89;111;6,6;3,4;
2026/02/14;0900 UTC;0;963,8;964;963,6;0;20,1;18,1;20,5;19,6;18,2;18;92;88;90;126;3,8;2,1;
2026/02/14;1000 UTC;0;964,4;964,8;964;70,9;19,7;17,9;19,8;19,5;18;17,9;93;90;91;127;3,8;2,2;
2026/02/14;1100 UTC;0;965,3;965,8;964,8;443,2;20,5;18,2;21,7;19,8;18,6;18;91;83;88;108;4,2;1,8;
2026/02/14;1200 UTC;0;965,8;965,9;965,6;1357,2;22,5;18,4;24,5;21,3;19,1;18;85;72;80;99;6,7;3,5;
2026/02/14;1300 UTC;0;965,7;965,9;965,6;2150,1;25,2;19;26,9;24,1;19,6;18,4;73;63;69;89;8,5;4,5;
2026/02/14;1400 UTC;0;965,6;965,8;965,2;2585,4;27;19,6;28,1;25,4;20,4;19,1;69;59;63;80;6,5;3,7;
2026/02/14;1500 UTC;0;965,1;965,2;964,9;2426,2;27,8;20;29;27,2;20,8;19,5;63;56;61;89;6,6;2,8;
2026/02/14;1600 UTC;0;964,5;964,8;964,1;2843,6;29,2;20,3;30,1;28,4;21;19,8;60;53;56;94;6,2;2,7;
2026/02/14;1700 UTC;0;963,6;964,1;963;3027,4;29,9;20,5;31,3;28,7;21,1;19,9;58;48;53;128;3,4;1,5;
2026/02/14;1800 UTC;0;962,5;963;962;3024,8;30,3;20,7;31,3;29;21,6;20,1;58;47;52;103;3,9;1,7;
2026/02/14;1900 UTC;0;961,6;961,9;961,4;2455,7;30,5;21,4;31,3;29,6;22,2;20,4;60;48;55;173;5,1;1,9;
2026/02/14;2000 UTC;0;961,7;962,1;961,4;1110,7;28,4;21;30,9;26,9;22,6;20,3;68;57;63;123;11,4;5;
2026/02/14;2100 UTC;0;962,5;962,8;962,1;1017,2;26,2;20,1;27,4;25,2;20,5;19,7;73;65;69;102;9,6;5;
2026/02/14;2200 UTC;0;963,1;963,3;962,8;296,3;24,1;19,6;25,1;23,1;19,9;19,5;82;73;78;112;8,8;5,3;
2026/02/14;2300 UTC;0;963,8;964,3;963,2;10,5;22,7;19,4;23,1;22,5;19,5;19,2;84;82;83;113;8,3;4,6;
2026/02/15;0000 UTC;0;964,4;964,5;964,3;0;22,2;19,2;22,6;21,9;19,3;19,2;87;84;85;108;7,4;4,1;
2026/02/15;0100 UTC;0;964,4;964,6;964,2;0;21,7;19,3;21,9;21,5;19,3;19,2;89;87;88;98;5,6;3,5;
2026/02/15;0200 UTC;0;964,1;964,4;963,9;0;21,3;19,3;21,5;21,1;19,4;19,3;91;89;90;99;5,6;3,3;
2026/02/15;0300 UTC;0;964;964,1;963,9;0;21,1;19,4;21,2;21;19,4;19,3;92;91;91;95;5,3;3;
2026/02/15;0400 UTC;0;963,7;964,1;963,4;0;20,9;19,4;21,1;20,7;19,5;19,3;94;91;93;104;3,6;2,2;
2026/02/15;0500 UTC;0;963,2;963,4;962,9;0;20,7;19,4;20,9;20,5;19,6;19,4;96;92;94;79;4,3;2,8;
2026/02/15;0600 UTC;0;962,7;963;962,4;0;20,5;19,8;20,6;20,4;19,9;19,6;97;95;96;75;5,8;3,2;
2026/02/15;0700 UTC;0;962,5;962,7;962,3;0;20,8;19,8;20,9;20,5;19,9;19,7;96;94;95;82;5,1;3,1;
2026/02/15;0800 UTC;0;962,4;962,6;962,3;0;20,6;19,8;20,8;20,3;19,9;19,7;97;95;96;67;;2,6;
2026/02/15;0900 UTC;0;962,6;962,7;962,5;0;20,9;19,8;21;20,7;19,9;19,8;96;94;95;77;4,4;2,7;
2026/02/15;1000 UTC;0;963;963,2;962,7;115,5;20,9;19,9;21,7;20,6;20,3;19,8;96;93;95;74;5,4;3,2;
2026/02/15;1100 UTC;0;963,4;963,5;963,2;410,2;22,3;20,5;23,1;21,8;20,9;20,1;92;88;91;68;4,3;2,3;
2026/02/15;1200 UTC;0;963,5;963,7;963,4;1673,3;25,1;21,2;26,6;23,1;21,7;20,6;88;74;80;51;6,1;3,6;
2026/02/15;1300 UTC;0;963,7;963,8;963,6;2541,7;27,4;21,8;29,1;26,6;22,4;21,4;76;66;72;69;6,3;3,5;
2026/02/15;1400 UTC;,8;963,5;963,7;963,4;1986,6;28,6;22,2;29,1;27,3;22,7;21,5;75;65;68;271;7,1;3,4;
2026/02/15;1500 UTC;1,8;963,4;963,6;962,9;0;26,1;21,9;27,4;25,4;23,1;20,9;88;68;79;311;8,2;4,7;
2026/02/15;1600 UTC;0;962,6;962,9;962,3;2354;28;21,6;29,2;26,5;22,6;20,4;77;62;68;191;7,8;4,2;
2026/02/15;1700 UTC;0;962,3;962,6;962,1;2211,6;28,9;21,4;29,8;28;22,2;20,8;67;59;63;192;6,4;2,9;
2026/02/15;1800 UTC;0;961,7;962,1;961,4;1511,9;28,8;21,7;29,8;27,1;22,3;21,1;72;60;65;43;7,3;3,8;
2026/02/15;1900 UTC;7,7;961,9;962,3;961,5;172,6;24,4;22;27;22,6;22,6;21,1;99;71;88;259;6,3;2,6;
2026/02/15;2000 UTC;2,8;961,8;962,4;961,2;262,1;22,7;22,5;23,3;22,6;22,7;22,3;99;97;99;119;3,2;1,7;
2026/02/15;2100 UTC;0;961,1;961,3;960,8;762,6;23,9;22,9;24,4;23,4;23,7;22,4;98;91;95;77;4,9;3;
2026/02/15;2200 UTC;8,5;962;962,4;961,2;43,6;23;22,5;23,4;22,5;22,8;22,3;99;96;98;292;4,8;2,4;
2026/02/15;2300 UTC;,2;962,3;962,6;962,1;13;22,2;22,1;22,5;22;22,4;21,5;100;97;99;302;2,7;1,4;
2026/02/16;0000 UTC;,4;962,7;962,9;962,5;0;21,9;21,5;22,1;21,9;21,7;21,3;99;97;98;42;3,1;1,7;
2026/02/16;0100 UTC;0;963;963,4;962,7;0;22;21,7;22,1;21,9;21,9;21,5;99;97;99;113;2,1;1,4;
2026/02/16;0200 UTC;0;963,2;963,5;963;0;21,8;21,7;21,9;21,7;21,8;21,4;100;98;99;57;4,3;2,3;
2026/02/16;0300 UTC;0;963;963,2;962,9;0;21,6;21,4;21,9;21,4;21,4;21,3;100;97;99;70;3;1,8;
2026/02/16;0400 UTC;0;962,5;962,9;962,2;0;21,5;21,3;21,5;21,3;21,5;21,1;100;98;99;72;3,1;1,7;
2026/02/16;0500 UTC;0;962,1;962,4;961,8;0;21,2;21,1;21,6;21;21,2;20,9;100;97;99;56;3,3;1,7;
2026/02/16;0600 UTC;0;961,3;961,8;961;0;21,5;21,1;21,8;21,1;21,2;21;100;96;98;46;4;1,9;
2026/02/16;0700 UTC;0;961,1;961,3;961;0;21,4;20,9;21,7;20,9;21,1;20,7;99;96;97;136;1,8;1,3;
2026/02/16;0800 UTC;0;961,3;961,4;961,1;0;20,7;20,7;20,8;20,5;20,8;20,6;100;99;100;66;2,3;1,4;
2026/02/16;0900 UTC;0;961,3;961,7;961;0;20,7;20,8;20,8;20,5;20,9;20,5;100;100;100;65;1,8;1,2;
2026/02/16;1000 UTC;0;962,1;962,3;961,7;53,2;21,2;21,1;21,6;20,8;21,4;20,8;100;98;99;64;2,3;1,4;
2026/02/16;1100 UTC;0;962,5;962,9;962,3;326,2;22,2;21,5;23,1;21,6;21,8;21,3;99;93;96;122;3,4;1,9;
2026/02/16;1200 UTC;2,6;963,7;965,3;962,9;407,2;23,5;22;24,2;21,8;22,4;21,2;97;89;92;228;8,4;5,3;
2026/02/16;1300 UTC;12;965,2;965,7;964,5;69,2;20,8;20,7;21,6;20,6;21,2;20,6;100;98;100;173;3,9;1,1;
2026/02/16;1400 UTC;2,8;964,9;965;964,5;431;21;21;21,3;20,7;21,3;20,7;100;99;100;199;1,3;,6;
2026/02/16;1500 UTC;13,6;964,7;965,1;963,9;190;21,1;21;21,4;20,9;21,3;20,8;100;98;99;169;4,3;1,8;
2026/02/16;1600 UTC;1,8;964,1;964,8;963,3;243,4;20,2;20;21;19,5;21;18,8;100;97;99;278;3,3;2;
2026/02/16;1700 UTC;;;;;;;;;;;;;;;;;;
2026/02/16;1800 UTC;0;962,5;963,2;961,9;1548,2;20,9;19,7;23,6;19,5;22,7;18,5;99;87;94;196;3,6;1,7;
2026/02/16;1900 UTC;,2;961,4;961,8;961;2386,1;24,9;22,1;26;23,1;23,7;20,7;93;80;86;280;2,9;1,3;
2026/02/16;2000 UTC;0;961,2;961,4;961;1819,4;26,6;23,1;27;26;24;22;86;79;82;279;3,2;1,6;
2026/02/16;2100 UTC;0;961,7;962;961,4;488,9;25,8;23,6;26,6;25,4;24,2;23,2;91;86;89;284;3;1,8;
2026/02/16;2200 UTC;0;961,5;961,7;961,2;214,4;25,1;23,6;25,4;24,5;23,9;23,3;96;90;92;71;1,3;,7;
2026/02/16;2300 UTC;0;961,5;962,2;960,9;2,9;24;23,3;24,5;23,6;23,7;22,8;98;95;96;298;1,5;1;
2026/02/17;0000 UTC;0;962,5;962,9;962,2;0;23,6;22,8;24,1;23,4;23,1;22,7;98;94;96;69;1,3;,8;
2026/02/17;0100 UTC;0;963;963,2;962,8;0;23,3;22,7;23,5;23,1;22,8;22,4;98;95;97;126;1,6;,7;
2026/02/17;0200 UTC;0;963,2;963,4;963,1;0;22,9;22,4;23,4;22,5;22,6;22,2;99;95;98;67;2,8;1,6;
2026/02/17;0300 UTC;0;963,4;963,7;963,2;0;22,5;22,1;22,6;22,2;22,3;21,9;99;97;98;107;2,3;,9;
2026/02/17;0400 UTC;0;962,7;963,2;962,2;0;22,1;21,9;22,4;21,8;22;21,7;100;98;99;106;2,2;1,5;
2026/02/17;0500 UTC;0;962,1;962,2;962;0;21,7;21,7;21,9;21,4;22;21,4;100;100;100;81;2,1;1,2;
2026/02/17;0600 UTC;0;961,7;962;961,5;0;21,7;21,8;21,8;21,6;21,9;21,6;100;100;100;42;3,1;1,8;
2026/02/17;0700 UTC;0;961,7;961,8;961,4;0;21,6;21,5;21,9;21,2;21,9;21,3;100;99;100;88;1,1;,6;
2026/02/17;0800 UTC;0;962;962,2;961,6;0;21,4;21,4;21,6;21,2;21,6;21,3;100;100;100;166;,9;,4;
2026/02/17;0900 UTC;0;962,2;962,4;962;0;21,1;21,2;21,4;21,1;21,4;21,1;100;100;100;43;4;2,5;
2026/02/17;1000 UTC;0;962,5;963;962,1;66,6;21,2;21,3;21,3;21,2;21,4;21,2;100;100;100;92;2,1;1,4;
2026/02/17;1100 UTC;0;963,3;963,5;963;714,5;22,3;21,8;23,9;21,3;22,3;21,4;100;91;97;1;1,1;1,1;
2026/02/17;1200 UTC;0;963,2;963,5;963;1183,5;24,7;22,2;25,8;24;22,9;21,3;93;82;87;0;1,3;,3;
2026/02/17;1300 UTC;0;963,2;963,4;962,9;612,6;25,1;22,3;25,8;24,5;23;21,6;91;81;86;221;3,7;1,4;
2026/02/17;1400 UTC;0;963,2;963,4;963;1411,7;26,3;23;27;24,9;23,6;22,3;91;81;84;96;2,9;1,7;
2026/02/17;1500 UTC;0;962,9;963;962,6;1880,4;27,4;23,5;28,3;26,7;24,2;23;85;75;80;298;4,3;2,1;
2026/02/17;1600 UTC;0;962,2;962,7;961,8;2525,7;29,2;23,6;30,2;28,3;24,5;22,5;79;64;72;314;4,4;2,6;
2026/02/17;1700 UTC;,4;961,6;961,9;961,5;1734,6;28,2;22,8;30,4;26,1;24,6;20,7;87;59;73;185;2,6;1,2;
2026/02/17;1800 UTC;4,7;961,2;961,8;960,8;213,8;23,6;21,1;27,1;22,5;24,1;19,4;96;75;88;283;5,7;1,6;
2026/02/17;1900 UTC;,6;961,7;962,4;960,7;344,6;22,2;21;23,6;21,1;22;20;97;90;94;199;5;1,6;
2026/02/17;2000 UTC;2,6;962,2;962,4;961,8;46,5;21,2;20,8;21,3;21,1;21;20,6;99;96;98;89;2,6;1,5;
2026/02/17;2100 UTC;,2;961,6;961,9;961,2;51,5;21,1;20,9;21,2;21;21,1;20,7;100;98;99;39;3;1,9;
2026/02/17;2200 UTC;0;961,5;961,7;961,2;211,6;21,5;20,8;22;21,1;21,1;20,6;98;93;97;53;3,4;1,7;
2026/02/17;2300 UTC;0;961,6;961,8;961,4;46;21,3;20,7;21,7;21;20,9;20,5;98;95;97;70;2,4;1,4;
2026/02/18;0000 UTC;0;961,8;962;961,6;0;20,7;20,3;21;20,6;20,6;20,2;99;98;98;68;2,6;1,3;
2026/02/18;0100 UTC;0;962,3;962,5;962;0;20,5;20,2;20,6;20;20,3;20;100;98;99;64;2,6;1,6;
2026/02/18;0200 UTC;0;962,2;962,4;962;0;20,3;20,1;20,7;20,1;20,2;19,9;100;96;99;200;3,4;1,7;
2026/02/18;0300 UTC;0;961,8;962,1;961,5;0;20,8;19,9;21;20,5;20;19,8;97;94;96;194;5;2,9;
2026/02/18;0400 UTC;0;961,6;961,6;961,4;0;20,8;19,7;21,2;19,8;19,9;19,5;99;92;94;147;1,9;1;
2026/02/18;0500 UTC;0;960,9;961;960,9;0;19;19;19;19;19,1;19;100;100;100;125;1,4;1,2;
2026/02/18;0600 UTC;;;;;;;;;;;;;;;;;;
2026/02/18;0700 UTC;0;960,8;960,8;960,7;0;19;19;19;18,9;19,1;18,9;100;100;100;85;2,5;1,7;
2026/02/18;0800 UTC;0;960,9;961;960,7;0;19;19,1;19,2;18,9;19,3;19;100;100;100;100;1,7;1,4;
2026/02/18;0900 UTC;0;961,3;961,7;961;0;19,1;19,2;19,3;18,9;19,3;19;100;100;100;98;1,8;1,2;
2026/02/18;1000 UTC;0;962;962,5;961,6;105;18,9;18,9;19;18,7;19;18,7;100;100;100;127;3;1,6;
2026/02/18;1100 UTC;0;962,5;962,6;962,4;605,2;19,7;19,7;20,6;18,9;20,7;18,9;100;100;100;74;2,9;1,5;
2026/02/18;1200 UTC;0;962,6;962,7;962,5;1520;21,7;21,3;23;20,6;21,7;20,6;100;90;98;71;2,2;2,2;
2026/02/18;1300 UTC;0;962,6;962,7;962,4;2471,4;24,5;21,7;25,9;23,1;22,9;20,7;93;78;86;80;1,4;,6;
2026/02/18;1400 UTC;0;962,5;962,8;962,2;2815;26,4;22,1;27,5;25,6;23,1;21,2;84;72;78;97;3,8;1,8;
2026/02/18;1500 UTC;0;962,3;962,5;962;2897,8;27,7;22;28,4;27,1;23,7;20,7;79;66;72;111;2,9;1,5;
2026/02/18;1600 UTC;0;961,7;962;961,5;3703,2;29;21,9;30,2;28,1;22,7;21;72;58;64;93;3,2;1,8;
2026/02/18;1700 UTC;0;961,5;961,7;961,2;3154,2;29,6;21,9;30,3;29;22,9;21;68;57;62;234;2,8;1,5;
2026/02/18;1800 UTC;0;960,9;961,3;960,5;1846,8;29,4;22,2;29,8;29,1;22,8;21,4;67;60;64;215;3,4;2;
2026/02/18;1900 UTC;0;960;960,4;959,3;2748;29,9;22,7;30,5;29,1;23,7;22;69;60;64;179;3;1,2;
2026/02/18;2000 UTC;0;959;959,3;958,8;2048,2;30,1;23,3;30,7;29,6;24;22,3;69;60;66;180;4,9;1,9;
2026/02/18;2100 UTC;0;958,7;958,9;958,5;1199,2;29,6;23,5;30,2;29;24,3;23,1;73;67;70;201;4;1,9;
2026/02/18;2200 UTC;0;958,6;958,7;958,4;393,1;28,4;23,1;29;27,4;23,6;22,6;76;72;74;168;3,4;1,6;
2026/02/18;2300 UTC;0;959,2;959,5;958,8;6,6;26,5;21,9;27,3;26,1;22,6;21,5;79;75;77;157;3,5;1,6;
2026/02/19;0000 UTC;0;959,8;960;959,5;0;25,5;21,4;26,1;25,1;21,5;21,3;82;77;80;125;2,3;1,2;
2026/02/19;0100 UTC;0;960,3;960,5;960;0;24,6;21,3;24,9;24,4;21,5;21,2;85;82;84;113;2,1;1,4;
2026/02/19;0200 UTC;0;960,4;960,5;960,2;0;24,1;21,1;24,5;23,4;21,2;21;89;83;85;97;4;2,6;
2026/02/19;0300 UTC;0;960,3;960,4;960,1;0;22,9;21,1;23,4;22,5;21,2;20,9;93;89;91;93;5,2;3,9;
2026/02/19;0400 UTC;0;960,1;960,2;960;0;22,4;20,8;22,7;22,2;20,9;20,7;93;91;92;99;5,5;3,3;
2026/02/19;0500 UTC;0;959,8;959,9;959,6;0;21,5;20,7;21,8;21,4;20,8;20,6;97;95;96;87;5,6;3,7;
2026/02/19;0600 UTC;0;959,3;959,6;959;0;21,3;20,7;21,5;21,1;20,8;20,6;98;96;97;88;4,6;3,3;
2026/02/19;0700 UTC;0;958,5;959;958,1;0;20,6;20,4;21,1;20,4;20,6;20,2;100;98;99;72;4,7;2,9;
2026/02/19;0800 UTC;0;958,3;958,7;958,1;0;20,3;20;20,4;20,1;20,3;19,7;100;97;98;123;2,1;,7;
2026/02/19;0900 UTC;0;958,8;959,2;958,5;0;20;19,7;20,1;19,8;19,9;19,5;100;98;99;110;1,7;1,1;
2026/02/19;1000 UTC;0;959,3;959,5;959,1;89;19,8;19,7;20,2;19,6;20;19,4;100;99;99;93;3,1;2,1;
2026/02/19;1100 UTC;0;959,3;959,5;959,1;745,2;21,4;20,3;22,3;20,2;20,7;20;99;90;94;81;5,6;3,4;
2026/02/19;1200 UTC;0;959,4;959,7;959,1;1271,3;22,8;20,6;23,5;22,4;21,3;20,2;92;86;89;100;3,9;2,4;
2026/02/19;1300 UTC;0;959,4;959,6;959,1;2373,4;24,9;21,1;26,5;23,2;21,9;20,5;89;74;81;71;4,4;,7;
2026/02/19;1400 UTC;0;959,4;959,5;959,2;3067,9;27,5;21,9;28,8;26,4;23,2;21,3;78;64;72;89;3,5;1,6;
2026/02/19;1500 UTC;0;959,3;959,5;959,1;3332,6;29,2;22,4;30,1;28,5;23,3;21,7;71;62;66;155;2,8;1,2;
2026/02/19;1600 UTC;0;959;959,2;958,8;2289,7;29,3;22,7;29,8;28,9;23,2;21,8;70;63;67;195;4,5;2,2;
2026/02/19;1700 UTC;0;958,8;959,1;958,3;2554,3;29;22,3;29,5;28,6;23,3;21,4;69;63;66;172;4,1;2;
2026/02/19;1800 UTC;0;957,4;958,2;956,8;2529,2;29,1;22,3;30;28,4;23;21,4;70;62;66;137;2,9;1,5;
2026/02/19;1900 UTC;0;957,2;957,5;956,8;1775,3;29,4;22,8;29,8;29;23,6;22;72;61;67;166;1,8;1,1;
2026/02/19;2000 UTC;0;958,2;958,7;957,4;940,3;28,7;22,7;29,6;27,7;23,8;22,1;74;66;70;219;3,7;2;
2026/02/19;2100 UTC;,4;959,4;961,5;958,6;97,8;25,7;21;27,6;20,7;22;18,6;93;68;76;222;22,8;9,7;
2026/02/19;2200 UTC;3,5;961,7;962;961,4;2,6;20;18,7;20,6;19,7;19,2;18,4;97;91;94;241;4,9;1,8;
2026/02/19;2300 UTC;;;;;;;;;;;;;;;;;;
2026/02/20;0000 UTC;;;;;;;;;;;;;;;;;;
2026/02/20;0100 UTC;0;958,7;958,9;958,5;0;19,4;19;19,6;19,4;19,1;18,6;98;95;98;49;5,1;2,6;
2026/02/20;0200 UTC;0;958,9;959,1;958,6;0;19,7;18,7;19,8;19,6;18,9;18,6;96;94;95;36;4,5;3,1;
2026/02/20;0300 UTC;0;958,7;958,8;958,6;0;19,6;18,6;19,7;19,5;18,8;18,5;96;94;95;49;3;1,7;
2026/02/20;0400 UTC;0;958,8;959,1;958,5;0;19,5;18,8;19,8;19,1;19;18,6;99;94;97;237;2,8;1,4;
2026/02/20;0500 UTC;0;959,1;959,3;959;0;19;19;19,1;18,9;19,1;18,9;100;99;100;214;4,7;2,6;
2026/02/20;0600 UTC;0;959,2;959,3;959,1;0;19,1;19,1;19,1;19;19,2;19;100;100;100;230;2,5;1,3;
2026/02/20;0700 UTC;0;959,2;959,4;959,1;0;19,2;18,9;19,3;19;19,1;18,7;100;97;98;259;1,6;1,1;
2026/02/20;0800 UTC;0;959,3;959,9;959,1;0;18,9;18,9;19;18,7;19,1;18,7;100;99;100;268;4;2,3;
2026/02/20;0900 UTC;3;959,4;960,1;958,7;0;19,1;19;19,2;19;19,1;19;100;99;100;235;2,8;1,1;
2026/02/20;1000 UTC;1,8;959,8;960,3;959,2;16,1;19;19,1;19,1;19;19,1;19;100;100;100;214;1,8;,9;
2026/02/20;1100 UTC;0;959,9;960;959,7;315,5;19,4;19,3;19,7;19,1;19,4;19,1;100;98;99;280;2;1,1;
2026/02/20;1200 UTC;0;960,1;960,5;959,9;616,2;20;19,4;20,6;19,7;20;19,1;99;92;97;207;1,8;1;
2026/02/20;1300 UTC;0;960,2;960,5;960,1;1710,6;21,6;19,6;22,4;20,6;20,3;18,8;95;84;90;159;3,3;1,3;
2026/02/20;1400 UTC;0;959,9;960,1;959,8;2750,2;23,6;19,8;24,8;22,5;20,9;18,9;88;75;81;129;3,4;1,4;
2026/02/20;1500 UTC;0;959,7;959,8;959,6;3588,3;24,9;19,8;25,9;23,1;21,2;18,9;83;67;75;169;3,2;,9;
2026/02/20;1600 UTC;0;959,7;959,8;959,6;2482,7;25,6;19,6;26,1;25;20,7;18,8;76;65;70;249;2,1;1,1;
2026/02/20;1700 UTC;0;959,8;959,9;959,6;1282,9;25,3;20;25,8;24,8;20,8;19,2;78;68;73;215;2,5;1,3;
2026/02/20;1800 UTC;,2;959,4;959,7;959,1;3030,2;27;20,7;27,9;25,8;22;19,8;76;62;69;183;4,5;2;
2026/02/20;1900 UTC;0;958,9;959,2;958,7;2866,5;27,8;21,1;28,4;27,2;21,9;20,2;71;61;66;177;5,5;2,7;
2026/02/20;2000 UTC;0;958,5;958,7;958,4;1649,2;26,9;20,4;27,9;25,5;21,8;19,5;73;63;68;140;6,5;2,7;
2026/02/20;2100 UTC;0;958,8;959;958,5;1046,7;25,6;19,5;26,1;25;20;18,7;73;67;70;134;7,4;2,7;
2026/02/20;2200 UTC;;;;;;;;;;;;;;;;;;
2026/02/20;2300 UTC;0;960,5;960,9;960;5,7;22,2;18,2;23;21,8;18,4;17,7;82;76;80;121;6,1;3,3;
2026/02/21;0000 UTC;0;961,1;961,5;960,9;0;21;17,8;21,7;20,5;17,9;17,6;86;80;84;120;5,6;3;
2026/02/21;0100 UTC;0;961,6;961,7;961,5;0;20,2;17,7;20,5;19,7;17,8;17,7;90;86;88;132;4;1,8;
2026/02/21;0200 UTC;0;961,8;962;961,6;0;19,3;17,7;19,8;19;17,8;17,6;93;90;92;142;4;1,4;
2026/02/21;0300 UTC;0;962,2;962,3;962;0;19;17,4;19,3;18,9;17,6;17,2;93;90;92;113;5,8;2,9;
2026/02/21;0400 UTC;0;962;962,2;961,9;0;18,8;17,2;19,1;18,6;17,2;17,1;93;90;92;127;4,4;1,8;
2026/02/21;0500 UTC;0;962;962,2;961,8;0;18,5;17,2;18,6;18,4;17,3;17,1;94;93;93;137;3;1,3;
2026/02/21;0600 UTC;0;961,6;961,8;961,5;0;18,3;17,2;18,5;18,2;17,3;17,1;95;93;94;134;2,8;1,3;
2026/02/21;0700 UTC;0;961,4;961,6;961,3;0;18,4;17,3;18,6;18,2;17,4;17,2;96;93;94;114;2,9;1,8;
2026/02/21;0800 UTC;0;961,5;961,7;961,5;0;18,3;17,4;18,4;18,2;17,5;17,3;96;95;96;122;4,2;2,6;
2026/02/21;0900 UTC;0;961,7;961,9;961,5;0;18,8;17,6;19;18,4;17,7;17,4;95;93;94;113;5,7;3,3;
2026/02/21;1000 UTC;0;962,2;962,5;961,9;39,1;19,2;17,6;19,3;19;17,7;17,5;93;92;92;107;6,5;0;
2026/02/21;1100 UTC;0;962,7;962,9;962,5;308,1;19,6;17,8;20,1;19,3;18;17,6;92;89;91;100;7,3;4,7;
2026/02/21;1200 UTC;0;963,1;963,4;962,8;980,6;21,1;18,1;22,4;20,2;18,6;17,8;89;79;85;94;8,4;5,1;
2026/02/21;1300 UTC;0;963,4;963,5;963,3;1609,2;23,1;18,4;23,7;22,4;19,1;17,9;80;74;77;100;7,2;4,2;
2026/02/21;1400 UTC;0;963,2;963,4;963;3065,2;25,5;19,3;26,8;23,6;20,1;18,5;75;64;69;99;7,6;4,3;
2026/02/21;1500 UTC;0;962,8;963;962,6;3389,5;26,3;19,4;27,7;25,4;20,5;18,6;70;61;65;95;6,6;4;
2026/02/21;1600 UTC;0;962,5;962,6;962,4;2543,4;27,5;20;28,6;26,4;20,9;19,3;67;59;63;88;7,2;3,9;
2026/02/21;1700 UTC;0;962,3;962,5;962,1;2810;27,8;20,2;29,7;26,5;21,3;19,2;67;56;62;0;7,2;0;
2026/02/21;1800 UTC;0;961,8;962,1;961,6;2775,2;28,4;20,5;29,7;27,3;21,5;19,7;66;55;61;89;7;3,2;
2026/02/21;1900 UTC;0;961,3;961,6;960,9;2299;27,8;20,3;29,7;26,4;21,6;19,5;66;57;62;114;6;2,9;
2026/02/21;2000 UTC;0;960,7;960,9;960,5;1627,3;27,3;20,1;28,9;26,3;21;19,6;68;59;64;124;6,7;3,1;
2026/02/21;2100 UTC;0;960,5;960,6;960,4;789,5;26,1;20;26,7;25,7;20,4;19,6;72;67;70;142;5,8;2,1;
2026/02/21;2200 UTC;0;960,4;960,6;960,3;360,1;25;19,3;26;24,1;19,7;19,1;75;69;72;117;6,8;3,2;
2026/02/21;2300 UTC;0;960,9;961,2;960,6;9,5;23,3;18,9;24,1;22,7;19,3;18,6;80;76;78;115;5,4;3,4;
2026/02/22;0000 UTC;0;961,6;962,1;961,2;0;22,1;18,4;22,7;21,6;18,7;18;83;80;82;124;4,6;2,3;
2026/02/22;0100 UTC;0;962,3;962,6;962;0;21,2;17,6;21,5;20,9;18;17,4;83;81;82;115;4,4;2,8;
2026/02/22;0200 UTC;0;962,9;963,1;962,6;0;20,7;17,5;21;20,5;17,6;17,4;86;82;84;94;5,8;4,1;
2026/02/22;0300 UTC;0;963,1;963,3;963;0;20,5;17,6;20,6;20,3;17,7;17,6;86;85;86;103;7,2;4,7;
2026/02/22;0400 UTC;0;963,2;963,3;963;0;20;17,7;20,4;19,7;17,8;17,6;90;86;89;99;5,8;3,9;
2026/02/22;0500 UTC;0;963;963;962,9;0;19,5;17,7;19,7;19,4;17,8;17,6;92;90;91;100;5,6;3,3;
2026/02/22;0600 UTC;0;962,9;963;962,7;0;19,1;17,6;19,4;18,9;17,7;17,5;93;91;92;89;3,5;2,2;
2026/02/22;0700 UTC;0;962,6;962,7;962,4;0;18,7;17,2;18,9;18,5;17,7;16,8;94;91;93;108;4,4;2,5;
2026/02/22;0800 UTC;0;962,4;962,6;962,3;0;18,4;16,5;18,6;17,9;16,8;16,3;92;90;91;88;6;3,9;
2026/02/22;0900 UTC;0;962,5;962,6;962,4;0;18,1;16,1;18,2;17,8;16,2;16,1;91;90;90;91;7,6;5;
2026/02/22;1000 UTC;0;962,6;963;962,4;56,5;17,7;16,1;18,4;17,4;16,2;15,9;94;88;92;82;6,2;3,5;
2026/02/22;1100 UTC;0;963,2;963,5;963;639,4;19,8;16,1;20,9;18,5;16,5;15,8;88;76;82;77;7,4;4,3;
2026/02/22;1200 UTC;0;963,5;963,7;963,3;1594,8;21,9;16,5;22,8;20,9;17,1;16,1;77;69;73;75;9,2;6;
2026/02/22;1300 UTC;0;963,4;963,5;963,3;2386,8;24;17,5;25,4;22,7;18,4;16,8;72;63;67;63;7,9;4,2;
2026/02/22;1400 UTC;0;963,4;963,5;963;3086;26,3;18,8;27,2;25,1;19,5;17,9;67;59;63;76;7,1;4,2;
2026/02/22;1500 UTC;0;962,8;963,1;962,4;3503,5;27,8;19,9;28,6;26,3;20,7;18,8;66;57;61;65;6,8;3,7;
2026/02/22;1600 UTC;0;962,3;962,5;962,2;3224,3;28,7;20,6;29,3;27,8;21,9;20,1;64;56;60;68;6,4;3,3;
2026/02/22;1700 UTC;0;962;962,2;961,7;2062,1;29;21;29,5;28,4;21,8;20,4;65;56;60;73;5,6;2,2;
2026/02/22;1800 UTC;0;961,3;961,8;960,7;2912,6;30,3;21,6;31,8;28,7;22,8;20,7;62;51;57;75;5,4;2,9;
2026/02/22;1900 UTC;0;960,3;960,7;959,9;2211,9;29,6;21,3;30,9;28,4;22,4;20,5;63;54;59;90;5,1;2,7;
2026/02/22;2000 UTC;0;959,2;959,8;958,7;1970,6;30,2;21,3;31;29,1;21,9;20,8;61;53;56;88;4,6;2,9;
2026/02/22;2100 UTC;0;958,7;958,9;958,6;790,8;29,1;20,6;30,7;28,4;21,7;19,9;61;52;57;113;4,8;3;
2026/02/22;2200 UTC;0;958,9;959,2;958,7;366,5;27,9;20,3;29;26,2;20,7;19,9;69;56;62;120;5,6;2,8;
2026/02/22;2300 UTC;0;959,4;959,7;959,1;3,7;25,3;19,4;26,1;24,7;19,8;19,1;73;68;70;108;7,5;4,6;
2026/02/23;0000 UTC;0;960,3;960,8;959,7;0;23,8;18,9;24,7;23,1;19,2;18,8;80;72;76;84;6,2;3,8;
2026/02/23;0100 UTC;0;961;961,2;960,8;0;23,2;18,7;23,3;22,9;19,1;18,6;80;77;78;101;7;4,3;
2026/02/23;0200 UTC;0;961,3;961,6;961,1;0;22,6;18,8;23;22,2;18,9;18,6;84;78;81;86;6,6;4;
2026/02/23;0300 UTC;0;961,5;961,6;961,4;0;21,8;19;22,2;21,3;19,1;18,9;89;83;86;85;4,8;3;
2026/02/23;0400 UTC;0;961,5;961,6;961,3;0;21,1;19;21,3;20,9;19,1;18,7;90;89;89;76;5,4;3,4;
2026/02/23;0500 UTC;0;961,3;961,5;961,1;0;20,7;18,2;20,9;20,5;18,7;17,7;90;86;88;71;7,1;4,1;
2026/02/23;0600 UTC;0;961,1;961,2;960,9;0;20,2;17,4;20,5;19,8;17,7;17,2;87;85;86;66;6;2,9;
2026/02/23;0700 UTC;0;960,8;961;960,7;0;19,5;17,2;19,8;19,2;17,3;17,1;90;73;88;73;5,5;3,1;
2026/02/23;0800 UTC;0;960,7;960,8;960,6;0;19;17;19,2;18,8;17,2;16,7;91;89;90;73;5,8;3,4;
2026/02/23;0900 UTC;0;960,8;961;960,7;0;18,6;16,6;18,8;18,2;16,8;16,4;92;89;90;78;4,9;3,2;
2026/02/23;1000 UTC;0;961,4;961,6;961;66,2;18,2;16,3;18,9;18;16,5;16,1;92;86;90;64;4,1;2,1;
2026/02/23;1100 UTC;0;961,5;961,7;961,4;722,6;20,1;16,5;21,3;18,9;16,9;16,1;87;75;82;70;6,6;3,4;
2026/02/23;1200 UTC;0;961,7;961,9;961,5;1456,7;22;16,5;23,1;21;17,1;16,3;78;67;72;48;10;5,1;
2026/02/23;1300 UTC;0;961,6;961,7;961,5;2126,9;24;16,8;25,4;22,9;17,5;16,3;69;59;64;47;8,9;4,2;
2026/02/23;1400 UTC;0;961,6;961,6;961,4;1699,3;25,2;17,5;26,1;24,7;18,8;17,1;64;58;62;65;5,5;3,3;
2026/02/23;1500 UTC;0;961,1;961,4;960,8;3383,4;27,6;19;28,1;26,5;19,7;18,5;62;54;57;59;6;3,1;
2026/02/23;1600 UTC;0;960,5;960,8;960,3;3279,1;28,3;19,5;29,1;27,5;20,4;18,6;60;52;56;117;6,4;3,1;
2026/02/23;1700 UTC;0;960;960,3;959,7;3725,6;28,2;19,6;29,1;27,5;20,5;18,8;63;53;57;43;6,9;3,8;
2026/02/23;1800 UTC;0;959,2;959,7;958,5;3084,3;27,9;19,8;29;27,1;20,7;19,1;64;54;59;54;6,7;3,1;
2026/02/23;1900 UTC;0;958,1;958,5;958;1581,1;26,8;19,9;28,7;25,8;20,7;19,3;70;57;65;53;7,4;4,1;
2026/02/23;2000 UTC;0;957,9;958,2;957,7;848,6;25,1;19,6;25,8;24,7;20;19,2;75;69;73;41;7,4;3,9;
2026/02/23;2100 UTC;0;957,9;958;957,7;404,8;24,1;19,7;24,7;23,5;20,1;19,5;82;74;78;40;5,3;3,2;
2026/02/23;2200 UTC;0;958;958,2;957,8;129,4;23,3;19,7;23,5;23;20,1;19,3;85;79;82;57;4,8;2,1;
2026/02/23;2300 UTC;0;958,5;958,8;957,9;,7;22,8;20,1;23;22,7;20,3;19,8;88;85;86;70;3,5;1,8;
2026/02/24;0000 UTC;0;958,8;959,2;958,6;0;22;20,2;22,6;21,8;20,3;19,9;93;88;91;105;2,6;1,6;
2026/02/24;0100 UTC;0;959,4;959,4;959,3;0;21,8;20;22;21,6;20,1;19,9;92;89;91;99;3,2;2,3;
2026/02/24;0200 UTC;0;959,5;959,6;959,4;0;21,4;20;21,7;21,2;20,2;19,8;95;91;93;50;2,4;1,5;
2026/02/24;0300 UTC;0;959,2;959,5;959,1;0;21,5;19,9;21,6;21,4;20,1;19,8;93;91;92;65;2,5;1,5;
2026/02/24;0400 UTC;0;958,7;959,1;958;0;21,6;20;21,8;21,4;20,1;19,8;93;90;92;53;5;2,5;
2026/02/24;0500 UTC;0;957,6;958;957,1;0;21,3;19,8;21,4;21,1;20;19,3;94;90;93;43;6,8;3,2;
2026/02/24;0600 UTC;0;957;957,2;956,9;0;21,3;19,1;21,4;21,2;19,4;18,9;90;88;89;40;6,3;3,6;
2026/02/24;0700 UTC;0;956,8;957;956,6;0;21,2;19;21,3;21,1;19,1;18,9;89;89;89;47;4,7;2,6;
2026/02/24;0800 UTC;0;956,9;957;956,7;0;20,7;19,2;21,2;20,4;19,3;19;94;89;92;91;3,1;2,1;
2026/02/24;0900 UTC;0;957,3;957,8;957;0;20,4;19,4;20,5;20,3;19,5;19,2;96;94;95;99;2,4;1,5;
2026/02/24;1000 UTC;0;958;958,3;957,8;20,3;20,3;19,4;20,6;20,2;19,6;19,2;97;93;96;57;2,6;1,3;
2026/02/24;1100 UTC;0;958,6;958,8;958,3;0;20,9;19,2;21,1;20,6;19,6;19;94;90;92;50;3,6;2;
2026/02/24;1200 UTC;0;958,9;959,1;958,8;520;21,6;19,4;22,5;21,2;19,8;19,1;;;;45;3,6;1,9;
2026/02/24;1300 UTC;1,4;959,3;959,4;959;324,5;21,8;19,8;22,6;21,1;20,5;19,2;97;83;90;177;2,4;1;
2026/02/24;1400 UTC;1,2;959,3;959,4;959,1;781,3;21,7;20,7;23,4;21,1;21,7;20,3;97;90;95;177;3,7;1,8;
2026/02/24;1500 UTC;0;958,7;959,2;958,2;2376,9;24,3;21,7;26,7;23,1;23;20,6;92;76;87;54;4,2;1,8;
2026/02/24;1600 UTC;27,2;957,8;958,3;957,6;1005;24,8;21,6;27,4;21,5;23,1;19;97;73;84;160;6,3;2,9;
2026/02/24;1700 UTC;,4;957,7;957,9;957,4;1058,6;22,4;21,7;23,4;21,5;22,7;20,8;99;93;97;122;4,1;1,9;
2026/02/24;1800 UTC;0;957,3;957,6;957,1;697,5;23,2;22,1;23,4;22,9;22,6;21,4;97;91;95;79;3,1;1,6;
2026/02/24;1900 UTC;1,2;957;957,2;956,9;4,7;22,7;22,3;23,2;22,1;22,9;21,5;99;97;98;102;2,6;1,5;
2026/02/24;2000 UTC;0;956,6;956,9;956,1;281,6;21,6;20,6;22,2;21,1;21,8;19,3;99;88;95;86;3,9;2,5;
2026/02/24;2100 UTC;;;;;;;;;;;;;;;;;;
2026/02/24;2200 UTC;0;956,7;956,9;956,5;123,7;20,4;19;20,5;20,2;19,3;18,6;95;91;93;221;3,5;,7;
2026/02/24;2300 UTC;0;956,7;956,9;956,4;,5;20,1;18,9;20,3;19,7;19,3;18,4;97;91;94;111;3,2;1;
2026/02/25;0000 UTC;,2;956,5;956,9;955,9;0;20,3;19,5;20,5;19,8;19,8;19;98;94;96;301;3,1;2,1;
2026/02/25;0100 UTC;0;956,9;957,1;956,7;0;20,2;19,5;20,6;19,7;19,7;19,2;99;94;97;108;2;1,3;
2026/02/25;0200 UTC;;;;;;;;;;;;;;;;;;
2026/02/25;0300 UTC;;;;;;;;;;;;;;;;;;
2026/02/25;0400 UTC;;;;;;;;;;;;;;;;;;
2026/02/25;0500 UTC;;;;;;;;;;;;;;;;;;
2026/02/25;0600 UTC;;;;;;;;;;;;;;;;;;
2026/02/25;0700 UTC;;;;;;;;;;;;;;;;;;
2026/02/25;0800 UTC;;;;;;;;;;;;;;;;;;
2026/02/25;0900 UTC;;;;;;;;;;;;;;;;;;
2026/02/25;1000 UTC;;;;;;;;;;;;;;;;;;
2026/02/25;1100 UTC;;;;;;;;;;;;;;;;;;
2026/02/25;1200 UTC;;;;;;;;;;;;;;;;;;
2026/02/25;1300 UTC;;;;;;;;;;;;;;;;;;
2026/02/25;1400 UTC;;;;;;;;;;;;;;;;;;
2026/02/25;1500 UTC;;;;;;;;;;;;;;;;;;
2026/02/25;1600 UTC;;;;;;;;;;;;;;;;;;
2026/02/25;1700 UTC;;;;;;;;;;;;;;;;;;
2026/02/25;1800 UTC;;;;;;;;;;;;;;;;;;
2026/02/25;1900 UTC;;;;;;;;;;;;;;;;;;
2026/02/25;2000 UTC;;;;;;;;;;;;;;;;;;
2026/02/25;2100 UTC;;;;;;;;;;;;;;;;;;
2026/02/25;2200 UTC;;;;;;;;;;;;;;;;;;
2026/02/25;2300 UTC;;;;;;;;;;;;;;;;;;
2026/02/26;0000 UTC;;;;;;;;;;;;;;;;;;
2026/02/26;0100 UTC;0;958,5;958,7;958,3;0;21;18,1;21,1;20,6;18,4;18;88;85;86;182;3,6;1,4;
2026/02/26;0200 UTC;0;958,8;958,9;958,6;0;20,5;18;20,7;20,2;18,3;17,8;89;86;88;183;5,1;1,9;
2026/02/26;0300 UTC;0;958,7;958,8;958,5;0;19,9;18;20,2;19,7;18,2;17,9;93;88;91;176;4,1;1,9;
2026/02/26;0400 UTC;0;958,4;958,5;958,3;0;19,6;18,2;19,7;19,5;18,3;18,2;94;93;93;169;4,4;1,9;
2026/02/26;0500 UTC;0;958,4;958,5;958,1;0;19,2;17,9;19,4;19;18,2;17,7;94;93;94;150;3,5;1,9;
2026/02/26;0600 UTC;0;958;958,1;957,9;0;18,9;17,9;19;18,8;18;17,6;96;93;95;108;4,8;2,8;
2026/02/26;0700 UTC;0;958,1;958,1;958;0;18,4;17;18,9;18;17,6;16,2;94;91;93;110;5,7;3,5;
2026/02/26;0800 UTC;0;958,3;958,6;958,1;0;17,4;15,4;18;16,6;16,2;14,7;92;87;90;101;5,6;3,2;
2026/02/26;0900 UTC;0;958,9;959,2;958,6;0;16;14,6;16,6;15,6;14,8;14,5;95;91;93;97;4,8;3,6;
2026/02/26;1000 UTC;0;959,7;960,1;959,2;46,1;15,5;14,2;15,7;15,3;14,5;14;94;93;94;116;3,2;1,8;
2026/02/26;1100 UTC;0;960,3;960,6;960,1;590,9;16,5;14,2;17,3;15,7;14,7;13,8;93;83;89;108;4,1;2,6;
2026/02/26;1200 UTC;0;960,6;960,8;960,6;1559,3;18;14,3;18,9;17,2;14,7;13,9;86;75;82;116;4,6;2,5;
2026/02/26;1300 UTC;0;960,9;961;960,9;2730,4;20,5;14,8;21,1;19,9;15,7;14,1;76;66;72;98;4,4;2,4;
2026/02/26;1400 UTC;0;961;961,1;960,9;3085,6;21,3;14,9;22,5;20,3;15,9;14,1;72;62;68;133;3,7;1,8;
2026/02/26;1500 UTC;0;960,6;961;960,2;3460,2;23,1;15,1;24,2;22,2;16,1;14,2;65;53;60;151;5,3;2,3;
2026/02/26;1600 UTC;0;960;960,3;959,7;3619,9;23,9;15,7;24,6;23;16,9;14,6;64;55;59;176;5,5;2,1;
2026/02/26;1700 UTC;0;959,5;959,7;959,2;3634,6;24,3;15,7;25,4;23,1;17,3;14,7;62;51;57;197;5,2;2,6;
2026/02/26;1800 UTC;0;958,9;959,3;958,6;3464,2;24,6;15,6;25;24,2;16,5;14,6;60;50;55;193;5,4;2,3;
2026/02/26;1900 UTC;0;958,3;958,6;958,1;2833,4;24,8;15,4;25,5;24,4;16,2;14,4;55;48;53;181;4,5;1,9;
2026/02/26;2000 UTC;0;957,9;958,1;957,8;2046,1;24,8;15;25,1;24,4;16,1;14,3;55;47;51;164;5,2;2,1;
2026/02/26;2100 UTC;0;957,9;958,1;957,8;1151,5;24,3;15;24,8;23,6;15,5;14,5;58;50;53;175;3,4;1,3;
2026/02/26;2200 UTC;0;958,2;958,5;958;331,5;22,4;14,4;23,7;21;15,4;13,9;65;55;60;170;4;1,7;
2026/02/26;2300 UTC;0;958,8;959;958,5;1,9;20,2;13,9;21;19,7;14,2;13,7;71;65;69;164;5,2;2,5;
2026/02/27;0000 UTC;0;959,3;959,6;959;0;19;13,8;19,7;18,2;13,9;13,7;78;70;74;132;3,3;1,3;
2026/02/27;0100 UTC;0;959,9;960,1;959,5;0;17,7;13,6;18,1;17,5;13,7;13,3;80;78;79;121;3,6;2,1;
2026/02/27;0200 UTC;0;960,2;960,4;960;0;17,2;13,3;17,6;17;13,4;13,1;81;78;80;112;3,3;2;
2026/02/27;0300 UTC;0;960,4;960,5;960,4;0;16,7;13,1;17;16,5;13,2;12,9;83;80;82;131;2,2;1,2;
2026/02/27;0400 UTC;0;960,3;960,5;960,1;0;16,3;13;16,6;15,7;13,3;12,9;88;82;84;107;4,1;2,4;
2026/02/27;0500 UTC;0;959,9;960,1;959,7;0;15,4;13,4;15,8;15,2;13,6;13,3;91;88;90;98;4,4;2,8;
2026/02/27;0600 UTC;0;959,5;959,7;959,3;0;14,5;13,2;15,2;13,9;13,4;13;97;91;94;88;3,7;2,5;
2026/02/27;0700 UTC;0;959,4;959,5;959,2;0;13,8;13,4;13,9;13,6;13,6;13,2;99;97;98;89;3,7;2,8;
2026/02/27;0800 UTC;0;959,3;959,4;959,1;0;14,1;13,6;14,3;13,8;13,8;13,4;99;97;97;110;4,1;2,7;
2026/02/27;0900 UTC;0;959,8;960,2;959,4;0;14,1;13,5;14,2;13,9;13,7;13,4;98;97;97;126;3,3;1,9;
2026/02/27;1000 UTC;0;960,1;960,3;959,9;73,9;14,8;13,5;15,1;14,4;13,6;13,5;96;92;94;110;5,4;3,3;
2026/02/27;1100 UTC;0;960,9;961,4;960,4;0;15,8;13,8;16,7;15,1;14,4;13,5;92;87;90;123;5,3;3;
2026/02/27;1200 UTC;0;961,8;962,1;961,5;1589;17,6;14,5;18,5;16,7;15,1;13,9;89;80;85;105;5,9;3,1;
2026/02/27;1300 UTC;0;961,9;962,1;961,7;2458,3;19,5;15;20,9;18,3;15,9;14,3;84;72;78;116;5,8;2,8;
2026/02/27;1400 UTC;0;961,5;961,8;961,2;3151,1;21,9;15,5;23;20,8;16,2;15;75;61;68;114;6,3;3,2;
2026/02/27;1500 UTC;0;960,9;961,2;960,8;3563,6;24,3;16,1;25,7;22,8;17,2;15,2;65;53;59;82;5,2;2,6;
2026/02/27;1600 UTC;0;960,3;960,8;960,1;3803,5;25,7;15,6;26,5;25;16,7;14,7;56;45;50;106;5,2;2,1;
2026/02/27;1700 UTC;0;959,7;960,1;959,4;3723,2;26,3;15,8;27;25,8;16,6;14,8;51;44;47;100;4,2;1,8;
2026/02/27;1800 UTC;0;959;959,3;958,7;3385,3;27,4;16,2;28,1;26,8;16,9;15,6;47;41;44;84;4,6;2,1;
2026/02/27;1900 UTC;0;958,4;958,7;958,3;2446,1;27,6;16,3;28,6;26;17,2;15,7;51;41;44;172;4,3;1,5;
2026/02/27;2000 UTC;0;958,4;958,4;958,3;1987,5;27;16,9;27,5;26,4;17,4;16,3;52;46;50;220;5,8;3;
2026/02/27;2100 UTC;0;958,5;958,6;958,3;1108,3;26;16,8;26,6;25,3;17,2;16,3;56;51;54;209;5;2,1;
2026/02/27;2200 UTC;0;958,8;959,2;958,4;311,1;24,2;16,1;25,3;22,9;16,6;15,4;64;55;59;183;2,6;1;
2026/02/27;2300 UTC;0;959,5;959,8;959,2;,9;22,4;14,8;22,9;22;15,7;14,3;65;60;62;157;5,6;2,3;
2026/02/28;0000 UTC;0;960;960,2;959,7;0;20,6;14,6;21,9;19,9;14,7;14,4;73;63;70;117;4,4;2,8;
2026/02/28;0100 UTC;0;960,5;960,9;960,2;0;19,3;14,3;19,9;18,9;14,5;14,1;77;73;75;100;5,4;3;
2026/02/28;0200 UTC;0;960,9;961;960,8;0;18,6;14,4;18,9;18,3;14,6;14,2;81;77;79;96;5,2;3,7;
2026/02/28;0300 UTC;0;960,9;961;960,8;0;17,8;14,8;18,3;16,9;15,2;14,5;91;81;85;82;5,6;3,4;
2026/02/28;0400 UTC;0;960,6;960,9;960,1;0;17,1;15,4;17,2;16,8;15,7;15,1;94;90;92;88;5,8;4,1;
2026/02/28;0500 UTC;0;959,8;960,1;959,5;0;16,8;15,7;17;16,7;15,7;15,6;95;93;94;92;6,7;5;
2026/02/28;0600 UTC;0;959,5;959,6;959,3;0;16,9;15,6;17,1;16,6;15,7;15,6;95;93;94;99;5,6;3,9;
2026/02/28;0700 UTC;0;959,3;959,4;959,2;0;16,5;15,5;16,7;16,2;15,6;15,3;96;94;95;92;4;2,3;
2026/02/28;0800 UTC;0;959,4;959,4;959,3;0;16,1;15,4;16,3;15,9;15,5;15,3;97;96;96;97;4,4;3,1;
2026/02/28;0900 UTC;0;959,6;960;959,3;0;15,9;15,2;16,2;15,5;15,4;15;99;96;97;110;2,7;1,7;
2026/02/28;1000 UTC;0;960,3;960,6;960;35,4;15,5;15,1;16;15,2;15,3;14,8;99;96;98;129;3,3;1,4;
2026/02/28;1100 UTC;0;960,7;960,9;960,6;537,5;17,1;15,5;18,4;16,1;16,2;15,2;96;87;92;97;3,9;2,3;
2026/02/28;1200 UTC;0;960,9;961;960,8;1520,9;19,5;16,3;20,6;18,3;17;15,6;89;80;84;82;5,3;3,2;
2026/02/28;1300 UTC;0;961;961,1;960,9;2359,1;22,1;17,4;23,5;20,7;18,2;16,8;83;72;76;75;4,8;2,6;
2026/02/28;1400 UTC;0;961,1;961,2;961;3051,6;24,4;18,3;25,3;23,6;19;17,6;75;66;69;63;4,6;2,2;
2026/02/28;1500 UTC;0;960,7;961,1;960,5;3529,7;25,5;18,8;26,6;24,8;19,9;18,3;72;62;67;285;3,8;2,1;
2026/02/28;1600 UTC;0;960,3;960,5;960;3621,1;26,8;18,6;27,5;25,8;19,7;17,6;67;53;59;246;3,8;1,9;
2026/02/28;1700 UTC;0;959,9;960,1;959,7;3599,4;27,6;18,4;28,2;26,8;19,4;17,6;61;49;54;189;3,8;2;
2026/02/28;1800 UTC;0;959,4;959,7;959,2;3042,6;27,9;18,6;28,7;27,4;19,7;17,7;57;49;53;186;4,4;1,9;
2026/02/28;1900 UTC;0;959;959,2;958,8;2724,9;28,2;18,4;28,6;27,9;19,1;17,7;54;47;51;180;4,5;1,7;
2026/02/28;2000 UTC;0;958,8;958,9;958,7;1941,2;28,1;17,6;28,6;27,7;18,7;16,4;53;42;48;187;5,5;1,9;
2026/02/28;2100 UTC;0;959;959,1;958,9;1083,6;27,5;16,6;27,9;26,9;17,2;16,2;48;43;45;199;3,9;1,6;
2026/02/28;2200 UTC;0;959,2;959,5;959,1;293,9;25,7;17,6;26,9;24,2;18,8;16,4;73;49;59;176;4,4;1,4;
2026/02/28;2300 UTC;0;959,8;960,1;959,5;1,6;23,2;18,6;24,1;22,3;18,8;18,2;80;73;77;142;3,6;1,2;
2026/03/01;0000 UTC;0;960,5;960,8;960,1;0;21,6;18;22,3;21,2;18,3;17,7;83;80;82;116;4,9;2,7;
2026/03/01;0100 UTC;0;961,2;961,3;961,2;0;20,7;17,3;20,8;20,6;17,4;17,3;84;83;83;104;4,3;2,7;
2026/03/01;0200 UTC;0;961,4;961,4;961,3;0;20,1;17,2;20,5;19,7;17,3;16,9;86;84;85;95;5,4;3,7;
2026/03/01;0300 UTC;0;961,4;961,4;961,3;0;19,1;16,7;19,7;18,7;16,9;16,3;90;86;88;90;4,7;3,2;
2026/03/01;0400 UTC;0;961,2;961,4;961;0;18,7;16,2;18,8;18,4;16,3;16,1;88;87;88;111;4,3;2,5;
2026/03/01;0500 UTC;0;960,9;961;960,7;0;18,2;16,1;18,5;18;16,1;16;90;88;89;121;3,5;2,4;
2026/03/01;0600 UTC;0;960,7;960,8;960,6;0;17,7;15,9;18;17,5;16;15,9;92;90;91;140;2,2;1;
2026/03/01;0700 UTC;0;960,6;960,8;960,5;0;17,6;15,8;17,7;17,4;15,9;15,8;92;91;91;118;4,6;3;
2026/03/01;0800 UTC;0;960,7;960,8;960,5;0;17,2;15,8;17,5;17;15,8;15,7;94;92;93;121;3,6;2;
2026/03/01;0900 UTC;0;960,7;960,8;960,7;0;16,9;15,6;17;16,7;15,7;15,5;95;93;94;95;5,3;3,7;
2026/03/01;1000 UTC;0;961;961,3;960,7;34,2;16,4;15,4;16,7;16,1;15,5;15,3;96;94;95;94;5,4;3,9;
2026/03/01;1100 UTC;0;961,5;961,8;961,3;512,9;17,5;15,6;18,3;16,7;16;15,3;93;86;90;97;5,4;3,1;
2026/03/01;1200 UTC;0;961,8;961,9;961,7;1513,6;19,3;16,3;20,7;18,3;17;15,6;89;80;85;100;4,3;2,1;
2026/03/01;1300 UTC;0;961,7;961,8;961,5;2373,8;21,9;17,3;23,6;20,6;18,2;16,4;83;69;77;92;4,6;2,6;
2026/03/01;1400 UTC;0;961,5;961,6;961,3;3045,1;24,2;18,3;25,7;23;19,3;17,4;76;65;70;92;3,4;1,7;
2026/03/01;1500 UTC;0;961;961,3;960,8;3504,5;25,7;18,8;27;24,7;19,6;18,2;70;60;66;114;3,9;1,9;
2026/03/01;1600 UTC;0;960,6;960,8;960,3;3951,4;27,2;18,8;28,1;26,4;19,9;17,7;63;52;58;151;3,8;1,4;
2026/03/01;1700 UTC;0;960;960,3;959,6;3371,7;27,9;17,9;29,1;26,7;19,6;16,3;59;36;50;232;2,8;1,2;
2026/03/01;1800 UTC;0;959,2;959,7;958,7;3389,2;29,4;18;30,3;28,5;19,8;17;50;38;43;116;4,2;1,5;
2026/03/01;1900 UTC;0;958,5;958,7;958,3;2552,6;28,9;19,6;29,5;28,2;20,5;18,4;58;48;54;177;5,8;1,8;
2026/03/01;2000 UTC;0;958,2;958,3;958;1924,8;28,6;19,8;29,2;28,2;20,7;19,1;59;52;56;192;4,6;2;
2026/03/01;2100 UTC;0;958;958,1;957,9;1119,4;27,9;19,7;28,4;27,4;20,1;19,3;63;56;59;191;4,5;2,2;
2026/03/01;2200 UTC;0;958;958,2;957,8;327,8;26,3;18,9;27,7;24,6;19,9;18,1;67;59;63;122;4,8;2,5;
2026/03/01;2300 UTC;0;958,5;958,7;958,2;1,5;23,4;17,9;24,6;22,4;18,1;17,7;77;68;72;116;4;2,6;
2026/03/02;0000 UTC;0;958,9;959,2;958,7;0;21,6;17,5;22,4;20,9;17,8;17,3;82;77;79;111;3,5;2,4;
2026/03/02;0100 UTC;0;959,5;959,7;959,2;0;20,5;16,9;20,8;20,1;17,2;16,5;83;81;82;95;6;4,1;
2026/03/02;0200 UTC;0;959,6;959,7;959,5;0;19,6;16,4;20;19,4;16,6;16,3;85;83;84;94;6,6;4,6;
2026/03/02;0300 UTC;0;959,5;959,6;959,3;0;19,4;16,2;19,6;19,1;16,3;16,2;86;84;84;104;6,7;4,2;
2026/03/02;0400 UTC;0;959,1;959,3;959;0;18,8;16,2;19,1;18,4;16,2;16,1;88;85;87;109;6;3,7;
2026/03/02;0500 UTC;0;959;959,1;958,9;0;18;16,1;18,4;17,5;16,1;16;93;89;90;95;4,3;3,2;
2026/03/02;0600 UTC;0;958,9;959;958,7;0;17,6;16;17,8;17,4;16,1;15,9;93;91;92;94;5,4;3,9;
2026/03/02;0700 UTC;0;958,8;958,8;958,7;0;17,4;15,9;17,6;17,2;16;15,8;93;92;92;93;5,1;3,9;
2026/03/02;0800 UTC;0;958,8;958,8;958,7;0;16,6;15,8;17,1;16,4;15,9;15,7;97;93;96;80;4,3;3,1;
2026/03/02;0900 UTC;0;958,9;959,2;958,7;0;16,9;16;17,1;16,5;16,1;15,9;97;95;96;77;5;3,2;
2026/03/02;1000 UTC;0;959,5;959,7;959,2;31,9;17;16,2;17,7;16,8;16,4;16,1;96;94;96;76;5,6;3,2;
2026/03/02;1100 UTC;;;;;;;;;;;;;;;;;;
2026/03/02;1200 UTC;0;960,1;960,2;959,9;1465,6;21,4;17,2;23;20,1;18,1;16,6;83;74;79;52;6,1;3,8;
2026/03/02;1300 UTC;0;960,2;960,3;960,1;2303,3;24,3;18,3;25,9;23,1;19,2;17,6;75;64;70;48;6,6;3,4;
2026/03/02;1400 UTC;0;960,1;960,3;960;2976,6;26,6;19,1;28;25,3;19,9;18,4;68;57;63;83;5,1;2,6;
2026/03/02;1500 UTC;0;959,7;960;959,4;3392;28;19,7;28,9;27,3;21,4;19;64;55;59;154;4,5;2,1;
2026/03/02;1600 UTC;0;959;959,4;958,5;3580,9;28,9;20;29,7;27,9;20,9;19,4;60;50;55;221;5,1;2,2;
2026/03/02;1700 UTC;0;958,2;958,5;957,8;3556,3;30,1;20,2;31,3;29,1;21,3;19,5;55;47;50;260;3,4;1,4;
2026/03/02;1800 UTC;0;957,3;957,8;956,9;3192,1;31,2;20,6;31,9;30,7;21,5;20;52;43;47;103;3,8;1,6;
2026/03/02;1900 UTC;0;956,6;956,9;956,4;2025;30,8;20,4;31,6;30,2;21,9;19,8;52;45;48;146;2,2;1,2;
2026/03/02;2000 UTC;0;956,2;956,3;956,1;1632,4;31;20,1;31,6;30,4;21,2;19,5;52;43;46;88;1,8;,9;
2026/03/02;2100 UTC;0;956,1;956,2;956;995,4;31,1;19,8;31,7;30,1;20,8;19,4;49;39;43;135;1,6;,7;
2026/03/02;2200 UTC;0;956,4;956,7;956,2;245,9;29;19,4;31;27,3;20,8;17,8;58;47;52;152;1;,6;
2026/03/02;2300 UTC;0;957,1;957,5;956,7;,7;26,3;18,6;27,2;25,3;19,4;17,7;70;54;61;104;6,5;3,2;
2026/03/03;0000 UTC;0;957,8;958,1;957,5;0;24,6;19,1;25,4;23,9;19,4;18,9;75;70;72;97;6,2;3,9;
2026/03/03;0100 UTC;0;958,4;958,6;958,2;0;23,3;18,8;23,9;22,7;18,9;18,8;80;75;78;93;4,4;3,2;
2026/03/03;0200 UTC;0;958,5;958,6;958,4;0;22,1;18,7;22,6;21,7;18,8;18,7;85;81;83;87;4,4;3,1;
2026/03/03;0300 UTC;0;958,8;958,9;958,6;0;21,3;18,7;21,7;21,1;18,8;18,6;88;85;87;77;4,4;3,2;
2026/03/03;0400 UTC;0;958,8;959;958,8;0;21,1;18,6;21,2;20,9;18,7;18,4;88;87;87;74;5;3;
2026/03/03;0500 UTC;0;958,9;959;958,9;0;20,8;17,9;21;20,4;18,4;17,3;89;82;86;56;4,6;2,5;
2026/03/03;0600 UTC;0;959;959;959;0;19,5;17,2;19,6;19,4;17,3;17,2;89;88;89;79;3,9;2,8;
2026/03/03;0700 UTC;0;959,1;959,2;958,9;0;19,3;17,1;19,4;19,2;17,3;17,1;90;89;89;64;5,2;2,8;
2026/03/03;0800 UTC;0;959,3;959,5;959,1;0;19,3;17,1;19,5;19,1;17,2;17;90;88;89;63;4,8;2,6;
2026/03/03;0900 UTC;0;959,6;959,8;959,5;0;18,7;17;19,1;18,5;17,1;16,9;92;90;91;67;5;2,8;
2026/03/03;1000 UTC;0;960,3;960,7;959,8;33,9;18,5;16,8;18,7;18,4;16,9;16,7;92;90;91;59;5,2;2,9;
2026/03/03;1100 UTC;0;960,7;960,8;960,6;471,6;19,5;16,9;20,8;18,7;17,4;16,7;90;81;87;57;6,8;3,3;
2026/03/03;1200 UTC;0;960,6;960,8;960,5;1441,3;21,9;17,6;23,7;20,8;18,6;17;83;74;78;53;6,2;3,1;
2026/03/03;1300 UTC;0;960,9;961,1;960,5;2255,3;24,9;18,7;26,2;23,8;19,4;18;74;63;69;70;5,9;3,4;
2026/03/03;1400 UTC;0;960,9;961,1;960,8;2878,4;27,6;19,8;28,6;26,2;20,6;18,9;66;57;61;248;5,4;2,6;
2026/03/03;1500 UTC;0;960,5;960,8;960,1;3262,8;28,9;20,5;30,6;28;21,8;19,5;62;53;58;221;4;2,4;
2026/03/03;1600 UTC;0;959,6;960;959,2;3430,7;30,7;21,4;31,6;29,8;22;20,9;60;50;54;290;6;2,7;
2026/03/03;1700 UTC;0;959;959,3;958,6;3434,5;31,7;21,6;32,4;30,8;22,2;20,8;54;47;50;281;5,6;3,1;
2026/03/03;1800 UTC;0;958,5;958,7;958,2;2239,5;30,2;20,5;32,9;27,1;22,5;18,2;59;43;51;163;7,7;3,1;
2026/03/03;1900 UTC;0;958;958,4;957,4;1766,6;29,4;20,4;31,2;27,6;22,2;18,5;59;51;55;52;4,3;2,3;
2026/03/03;2000 UTC;0;957,6;957,9;957,2;1667,3;31,2;21,7;32,1;30,5;22,6;21,2;59;48;53;83;3,2;2;
2026/03/03;2100 UTC;0;957,6;957,8;957,4;743,8;30,2;21,7;31,5;27,9;22,7;20,9;67;53;57;76;4,2;2,1;
2026/03/03;2200 UTC;0;958,4;958,8;957,8;113,9;27;20,7;27,9;26,1;21,3;20,2;71;66;68;53;3,5;1,7;
2026/03/03;2300 UTC;0;959,2;959,7;958,7;0;25,4;20;26;25;20,3;19,6;75;69;73;41;2,7;1,3;
2026/03/04;0000 UTC;0;960,5;960,9;959,6;0;24,8;20,3;25,2;24,6;20,7;20;80;75;77;255;1,3;,7;
2026/03/04;0100 UTC;0;960,6;960,9;960,5;0;24,4;20,2;24,6;24;20,4;19,9;82;77;79;301;2;1,2;
2026/03/04;0200 UTC;0;959,9;960,6;959,5;0;23,9;20;24,5;23,4;20,3;19,4;84;76;80;331;2;1,5;
2026/03/04;0300 UTC;0;960,4;960,9;959,7;0;23,3;20;24,4;22,6;20,3;19,3;89;75;84;234;3,6;2,2;
2026/03/04;0400 UTC;0;960,5;960,9;960,3;0;22,5;19,7;23,2;21,9;20,2;19,3;88;83;86;294;1,9;1;
2026/03/04;0500 UTC;0;960,4;960,6;960,2;0;21,9;19,2;22,2;21,5;19,7;19,1;89;85;87;34;1,9;1,2;
2026/03/04;0600 UTC;0;960,2;960,4;960,1;0;21,1;19,7;21,6;20,7;19,9;19,4;96;89;93;45;2;1,1;
2026/03/04;0700 UTC;0;960,2;960,3;960;0;21,2;19,6;21,4;20,9;19,7;19,4;93;91;92;93;2,1;1,4;
2026/03/04;0800 UTC;0;960,3;960,4;960,3;0;20,1;19,4;20,9;19,6;19,5;19,1;98;93;96;75;2,7;1,9;
2026/03/04;0900 UTC;0;960,7;960,9;960,4;0;19,6;19;19,9;19,4;19,2;18,8;99;95;97;60;2,7;1,6;
2026/03/04;1000 UTC;0;961;961,2;960,8;32,6;19,6;18,7;19,9;19,3;18,8;18,6;98;94;96;66;4,2;2,2;
2026/03/04;1100 UTC;0;961,3;961,4;961,2;435,8;20,9;18,8;21,9;19,9;19,2;18,6;94;83;90;57;4,9;2,4;
2026/03/04;1200 UTC;0;961,4;961,6;961,3;1384,5;23,2;19,1;24,7;21,9;19,9;18,6;85;73;80;46;4,5;2,8;
2026/03/04;1300 UTC;0;961,4;961,6;961,3;2210;26,3;20,4;27,7;24,8;21,2;19,5;76;66;70;100;5,2;2,8;
2026/03/04;1400 UTC;0;961,3;961,4;961,1;2868,3;28,8;21,7;30,3;27,1;22,5;20,8;70;60;64;65;4,1;2,4;
2026/03/04;1500 UTC;0;960,9;961,2;960,6;3281,2;30,6;22;31,3;30;23;21,4;63;54;57;290;4,7;2,5;
2026/03/04;1600 UTC;0;960,4;960,7;960,2;3236,6;31,7;22,6;32,9;30,8;23,4;22;58;49;54;278;4,3;1,9;
2026/03/04;1700 UTC;0;959,8;960,2;959,5;3554,1;32,8;22,2;33,4;31,9;23,1;21,4;54;44;47;295;5,2;2,5;
2026/03/04;1800 UTC;0;959,3;959,5;959,1;2221,6;32,6;22,2;33,5;31,4;23;21,7;57;44;48;243;5,2;2,1;
2026/03/04;1900 UTC;0;958,8;959,3;958,4;2877,8;32,8;22,5;33,5;31,5;23,1;21,9;58;44;48;282;5,2;3;
2026/03/04;2000 UTC;0;958,1;958,5;958;1880,6;33,2;22,3;33,8;32,6;23,2;21,9;48;43;45;226;5,8;2,5;
2026/03/04;2100 UTC;0;958,3;958,6;958;802,6;30,7;22,2;32,6;30,1;22,6;21,6;61;47;57;224;5,7;2,9;
2026/03/04;2200 UTC;0;959,2;959,8;958,7;342,2;29,3;21,5;30,3;27,1;22,1;18,5;69;56;61;85;6,2;2,6;
2026/03/04;2300 UTC;0;960,2;960,6;959,8;1;25;17,7;27;24;18,6;16,9;71;55;63;59;3,9;1,8;
2026/03/05;0000 UTC;0;960,9;961,5;960,5;0;24,1;18,4;24,3;23,6;19,5;17,7;79;68;72;214;5;2,4;
2026/03/05;0100 UTC;0;961,4;961,6;961,3;0;23,5;18,4;23,7;23,2;18,8;18;77;72;75;38;5,5;3,6;
2026/03/05;0200 UTC;0;962,3;963,7;961,5;0;23,1;18,2;23,7;22,7;18,6;18;79;72;75;231;6,6;2,5;
2026/03/05;0300 UTC;,4;962,4;963,7;961,4;0;22,6;18,8;23,1;21,3;19,8;18,3;92;77;81;91;4,2;2,6;
2026/03/05;0400 UTC;,2;961,5;961,6;961,3;0;20,9;19,6;21,3;20,7;19,8;19,4;95;91;94;90;4,8;2,5;
2026/03/05;0500 UTC;0;961,2;961,4;961;0;20,8;19,4;21,1;20,6;19,6;19,3;95;91;93;65;2;1,3;
2026/03/05;0600 UTC;0;961;961,2;960,8;0;20,7;19,5;21;20,3;19,8;19,4;97;92;94;102;1,6;1,2;
2026/03/05;0700 UTC;0;960,8;961;960,7;0;20,4;19,4;20,7;20;19,5;19,3;98;94;95;66;1,3;,6;
2026/03/05;0800 UTC;0;960,9;961;960,8;0;20,3;19,4;20,6;20;19,6;19,2;97;94;95;56;1,7;,9;
2026/03/05;0900 UTC;0;961,2;961,2;961,1;0;19,7;19,2;19,8;19,7;19,2;19,1;97;97;97;74;1,6;1;
2026/03/05;1000 UTC;0;961,6;961,7;961,2;34,9;19,6;19,1;19,8;19,4;19,2;18,9;98;97;97;83;3;2;
2026/03/05;1100 UTC;0;962;962,2;961,7;369,1;20,2;19,6;21,9;19,6;20,5;19,2;98;92;97;72;4,3;2,6;
2026/03/05;1200 UTC;0;962,4;962,5;962,2;843,9;22,8;20,6;23,3;22;21,2;20,1;92;86;89;63;4,3;2,2;
2026/03/05;1300 UTC;0;962,4;962,5;962,3;1753,9;24,9;21;26,6;23,1;21,7;20,2;87;73;80;63;4,3;2,1;
2026/03/05;1400 UTC;0;962,4;962,6;962,1;2486,5;27,2;21,7;28,8;25,2;23;20,6;81;65;73;52;5;2,7;
2026/03/05;1500 UTC;0;962;962,2;961,8;3164,5;28,9;21,9;29,7;28,4;23,1;20,6;71;58;65;202;3;1,1;
2026/03/05;1600 UTC;0;961,3;961,8;960,8;3521,1;30,5;22,4;32,1;29,2;23,1;21,2;65;50;60;75;3,7;1,9;
2026/03/05;1700 UTC;0;960,5;960,8;960,1;2827;31,5;22,5;32,3;30,2;23,3;21,7;61;50;55;75;3,1;1,5;
2026/03/05;1800 UTC;0;960,1;960,4;960;859,9;30,1;22,6;31,4;29,1;23,3;22,2;70;55;63;134;2,3;1,3;
2026/03/05;1900 UTC;0;959,8;960,1;959,4;560,5;28,7;22,6;29,3;27,8;23,2;22;72;66;70;293;3,5;1,6;
2026/03/05;2000 UTC;0;959,9;960;959,7;532,3;27;21,8;27,8;26,5;22,3;20,5;77;70;74;278;3,9;2,5;
2026/03/05;2100 UTC;0;959,7;959,9;959,5;697,9;26,7;20,4;27,5;26;21;19,9;71;65;68;280;1,8;1,1;
2026/03/05;2200 UTC;0;960,2;960,4;959,8;106,2;25,5;20,7;26,6;24,8;21,2;20,2;82;68;76;164;2,7;1,4;
2026/03/05;2300 UTC;0;961;961,4;960,4;1,5;24,8;20,1;25;24,5;20,9;19,4;82;72;77;112;4,9;2,7;
2026/03/06;0000 UTC;0;961,4;961,9;961,2;0;24;19,8;24,5;23,3;20,1;19,5;84;75;79;89;3,2;2;
2026/03/06;0100 UTC;0;962,1;962,5;961,9;0;23;20,3;23,5;22,5;20,4;20,1;90;83;86;90;4,2;2,6;
2026/03/06;0200 UTC;0;962,3;962,4;962,1;0;22,4;20,4;23,1;22;20,5;20;92;87;90;84;4,5;3,1;
2026/03/06;0300 UTC;0;962,4;962,6;962,2;0;22;19,7;22,1;21,8;20,1;19,5;90;87;89;88;5,4;3,3;
2026/03/06;0400 UTC;0;962,3;962,5;962;0;21,6;19,6;22;21,3;19,7;19,5;91;88;90;94;4,6;3,4;
2026/03/06;0500 UTC;0;961,6;962;961,4;0;21,2;19,5;21,6;21;19,8;19,4;94;89;91;108;4,4;2,5;
2026/03/06;0600 UTC;0;961,3;961,4;961,1;0;20,8;19,8;21,2;20,7;19,8;19,6;96;92;95;103;3,8;2,2;
2026/03/06;0700 UTC;0;929,3;961,3;;0;20,6;19,8;20,8;20,5;19,9;19,7;97;95;96;96;4,6;3;
2026/03/06;0800 UTC;0;961,2;961,4;961,1;0;20,3;19,7;20,6;20;19,8;19,6;99;95;97;102;3,8;2,1;
2026/03/06;0900 UTC;0;961,4;961,5;961,3;0;20;19,6;20,2;19,7;19,7;19,5;99;97;98;81;3,9;2,5;
2026/03/06;1000 UTC;0;961,5;961,6;961,5;22,6;19,5;19,4;19,7;19,4;19,6;19,3;100;99;99;79;4,3;3,1;
2026/03/06;1100 UTC;0;961,8;962;961,5;360,8;20,1;19,5;21;19,5;19,9;19,4;100;93;97;78;5,2;3,2;
2026/03/06;1200 UTC;0;962;962,2;961,9;1216,3;22,2;19,7;24,4;20,8;20,3;19,2;94;78;87;62;5,9;3;
2026/03/06;1300 UTC;0;962;962,2;961,8;2056,7;25,3;20,5;26,9;23,6;21,3;19,7;83;69;76;56;5;2,9;
2026/03/06;1400 UTC;0;961,6;961,8;961,3;2711,7;27,9;21,4;28,9;26,2;22,2;20,5;74;63;68;67;4,8;2,5;
2026/03/06;1500 UTC;0;960,9;961,3;960,6;3287,6;29,6;22,3;30,8;28,2;23;21,4;69;59;64;72;5,4;2,5;
2026/03/06;1600 UTC;0;960,2;960,6;959,8;3464,2;31;22,5;31,8;30,2;23;21,9;61;52;57;70;5,7;2,5;
2026/03/06;1700 UTC;0;959,5;959,8;959,1;3347,7;32,2;22,8;32,8;31,6;23,5;22;58;50;53;131;4,3;2,2;
2026/03/06;1800 UTC;0;958,5;959,1;957,8;2656,3;32,7;22,8;33,6;31,6;23,8;22,1;56;46;51;48;5,1;2,5;
2026/03/06;1900 UTC;0;957,3;957,8;956,8;1671,1;32,5;22,1;33,5;31,7;23,2;21,5;53;43;48;147;2,7;1,3;
2026/03/06;2000 UTC;0;956,8;957,2;956,7;431,3;30,9;22,1;32,4;30;22,9;21,5;62;49;56;214;1,6;,5;
2026/03/06;2100 UTC;0;957,4;958,4;956,9;68,9;28,1;21,1;30;25,1;22,2;20,6;79;55;65;280;9,1;4,8;
2026/03/06;2200 UTC;3;958,8;959,1;958,1;7,4;21,9;19,4;24,8;20,8;20,8;18,9;92;80;88;283;8,8;5,9;
2026/03/06;2300 UTC;,2;958,9;959,7;958;0;20,9;19,4;21,2;20,7;20;18,9;96;89;93;125;5,9;1,8;
2026/03/07;0000 UTC;,2;959,9;960,1;959,7;0;20,9;19,7;20,9;20,7;20,1;18,8;96;90;94;158;2,6;0;
2026/03/07;0100 UTC;0;;;;;;;;;;;;;;;;;
2026/03/07;0200 UTC;0;;;;;;;;;;;;;;;;;
2026/03/07;0300 UTC;0;;;;;;;;;;;;;;;;;
2026/03/07;0400 UTC;2,6;961,4;961,9;961,1;0;20,4;20,2;20,8;20,1;20,4;20,1;100;97;99;193;3,3;1,3;
2026/03/07;0500 UTC;,2;960,3;961,1;959,3;0;20,2;20,2;20,3;20;20,4;20,1;100;100;100;72;4,8;2,8;
2026/03/07;0600 UTC;0;959,1;959,4;958,8;0;20,2;20,3;20,2;20,1;20,3;20,2;100;100;100;105;2,8;1,5;
2026/03/07;0700 UTC;0;958,9;959,2;958,7;0;20,1;20,2;20,2;20,1;20,2;20,1;100;100;100;60;4,1;2,2;
2026/03/07;0800 UTC;0;958,8;958,9;958,7;0;20,1;20,2;20,2;20;20,3;20,1;100;100;100;68;3,4;1,6;
2026/03/07;0900 UTC;0;958,8;958,9;958,7;0;20,2;20,3;20,3;20,2;20,3;20,3;100;100;100;45;3,3;1,8;
2026/03/07;1000 UTC;0;958,7;958,8;958,6;23,3;20,3;20,3;20,5;20,2;20,4;20,2;100;99;100;54;3,3;1,3;
2026/03/07;1100 UTC;0;958,7;958,8;958,6;384;20,8;20,7;21,5;20,5;21,3;20,4;100;96;99;79;1,8;1,1;
2026/03/07;1200 UTC;0;958,8;958,9;958,7;1520,6;22,9;21,1;24;21,5;21,8;20,7;97;86;91;256;3,4;1,7;
2026/03/07;1300 UTC;0;958,7;958,8;958,6;2241,2;24,7;21;25,6;23,9;21,6;20,3;87;75;82;257;6,4;3,4;
2026/03/07;1400 UTC;0;958,6;958,6;958,5;2031,5;26,3;21,5;27,2;25,8;22,2;21;79;74;76;304;3,9;2,4;
2026/03/07;1500 UTC;0;958,4;958,6;958,2;3094;28;21,9;28,5;27,3;22,9;21,2;76;65;70;282;6,9;3,7;
2026/03/07;1600 UTC;0;958;958,3;957,8;2703,4;28,5;21,7;29;28,1;22,4;21,1;69;62;66;249;7,4;4;
2026/03/07;1700 UTC;0;957,8;957,9;957,6;2513,8;28,2;21,7;29,1;27,6;22,3;21;71;63;68;241;8,2;3,1;
2026/03/07;1800 UTC;0;957,4;957,7;956,9;2713,2;28,4;21,3;29,1;27,7;22,1;20,5;69;61;65;245;7,8;3,5;
2026/03/07;1900 UTC;0;956,7;957;956,5;2150,9;28,4;21,4;29,3;27,3;22;20,9;70;61;65;225;6,9;3,7;
2026/03/07;2000 UTC;0;957;957,2;956,7;896,9;27;21,3;27,3;26,5;21,6;20,9;75;69;71;227;4,1;2,1;
2026/03/07;2100 UTC;4,7;957,3;957,5;956,9;556,8;25,2;22;27,1;23,3;23,2;21;96;70;84;249;2,3;1;
2026/03/07;2200 UTC;4,7;957,5;957,9;956,9;181,8;24,8;22,2;27,1;23,3;23,2;21;96;70;87;214;2,6;1,3;
2026/03/07;2300 UTC;4,7;957,7;958,6;956,9;2,4;24,4;21,8;27,1;23,3;23,2;20,5;96;70;87;230;3,5;1,8;
2026/03/08;0000 UTC;4,7;958;958,8;956,9;0;24;21,5;27,1;22,6;23,2;20,5;96;70;87;229;2,8;1,7;
2026/03/08;0100 UTC;0;959,3;959,6;958,9;0;22,1;20,6;22,6;21,7;20,8;20,1;94;91;92;138;3,9;1,3;
2026/03/08;0200 UTC;;;;;;;;;;;;;;;;;;
2026/03/08;0300 UTC;0;959,9;960,2;959,7;0;20,6;19,5;20,8;20,3;19,6;19,3;95;94;94;136;2,6;,7;
2026/03/08;0400 UTC;0;960,4;960,5;960,2;0;20,1;19,4;20,3;20;19,6;19,2;98;95;96;144;1,6;,5;
2026/03/08;0500 UTC;0;960,2;960,4;960,1;0;20,2;19,5;20,4;20;19,7;19,3;98;95;96;121;3,5;1,9;
2026/03/08;0600 UTC;0;959,9;960,1;959,7;0;20,4;19,4;20,4;20,2;19,5;19,3;96;94;95;110;4,2;2,5;
2026/03/08;0700 UTC;0;959,6;959,8;959,5;0;20;19,3;20,2;19,8;19,5;18,9;97;95;96;112;3,9;2,6;
2026/03/08;0800 UTC;0;959,8;960;959,6;0;19,6;18,5;19,8;19,4;18,9;18,1;96;93;95;110;5,4;3;
2026/03/08;0900 UTC;0;960,2;960,4;960;0;19;17,9;19,4;18,6;18,1;17,8;96;93;94;103;3,9;2,6;
2026/03/08;1000 UTC;0;960,7;961;960,4;24,4;18,4;17,6;18,7;18,3;17,8;17,5;97;94;96;102;5,1;2,9;
2026/03/08;1100 UTC;0;961,3;961,7;960,9;397,8;19,4;17,8;20,1;18,7;18,1;17,5;94;88;92;94;4,9;3,1;
2026/03/08;1200 UTC;0;961,8;962,2;961,6;972,8;20,4;18,1;20,8;20,1;18,6;17,7;90;86;88;82;8,3;4,9;
2026/03/08;1300 UTC;0;962,4;962,7;962,1;1072,3;21,3;18,4;22;20,7;19;17,9;89;82;85;90;7,6;4,5;
2026/03/08;1400 UTC;0;962,6;962,7;962,5;1929,1;23,3;18,9;25,3;22;19,9;18,2;83;69;78;80;7,8;3,8;
2026/03/08;1500 UTC;0;962,2;962,4;961,8;2433,8;24,9;18,9;25,7;24,3;19,6;18,1;73;65;70;113;5,9;3;
2026/03/08;1600 UTC;0;961,4;961,8;961;3183,3;26,3;19,2;27,4;25,4;20,1;18,5;70;59;65;115;5,7;3,3;
2026/03/08;1700 UTC;0;960,7;961;960,4;3262,6;27,5;19,4;29,2;26,3;20,4;18,4;65;54;59;85;7,7;3,7;
2026/03/08;1800 UTC;0;960;960,4;959,6;2644,7;27,9;19,1;29,5;26,6;20,4;18,2;62;51;56;107;7;3,8;
2026/03/08;1900 UTC;0;959,3;959,6;959,1;2161,5;27,9;18,9;29,1;26,5;19,7;18,2;60;50;55;120;7,8;3,6;
2026/03/08;2000 UTC;0;959,2;959,4;959;1526,6;27,1;18,5;27,9;26,2;19,1;18;60;54;57;116;8,4;4,4;
2026/03/08;2100 UTC;0;959,1;959,2;958,9;997,5;26,2;18,2;26,8;25,3;18,6;17,9;65;57;60;120;7;3,6;
2026/03/08;2200 UTC;0;959,6;960;959,1;212,4;24,2;17,9;25,3;23;18,4;17,4;72;63;69;111;8,4;4,5;
2026/03/08;2300 UTC;0;960,5;961,3;959,9;0;22,2;17,3;23;21,3;17,5;17,1;80;72;76;110;5,6;3,1;
2026/03/09;0000 UTC;0;961,6;962,1;961,2;0;20,9;17,2;21,3;20,5;17,4;17;83;80;82;104;7,2;4,4;
2026/03/09;0100 UTC;0;962,7;963,1;962,1;0;20,1;17;20,5;19,9;17;16,9;86;82;84;109;5,5;3,4;
2026/03/09;0200 UTC;0;963,3;963,4;963,1;0;19,7;17;19,8;19,4;17,1;16,9;88;86;87;103;5,7;3,2;
2026/03/09;0300 UTC;;;;;;;;;;;;;;;;;;
2026/03/09;0400 UTC;;;;;;;;;;;;;;;;;;
2026/03/09;0500 UTC;;;;;;;;;;;;;;;;;;
2026/03/09;0600 UTC;;;;;;;;;;;;;;;;;;
2026/03/09;0700 UTC;;;;;;;;;;;;;;;;;;
2026/03/09;0800 UTC;;;;;;;;;;;;;;;;;;
2026/03/09;0900 UTC;;;;;;;;;;;;;;;;;;
2026/03/09;1000 UTC;;;;;;;;;;;;;;;;;;
2026/03/09;1100 UTC;0;964,2;964,2;964,1;403,6;18,3;16,9;18,4;18,3;17;16,8;93;92;93;84;4,5;2,8;
2026/03/09;1200 UTC;0;964,2;964,4;964;1263,1;19,9;17,1;21,3;18,4;17,6;16,8;92;79;86;80;7,4;4,8;
2026/03/09;1300 UTC;0;964,3;964,5;964;2246,8;22,5;17,8;24,3;21,2;18,5;16,9;83;70;76;71;7,4;4,2;
2026/03/09;1400 UTC;0;964,5;964,6;964,4;2558,7;24,6;18,8;25,6;23,9;19,5;18,1;75;67;71;83;6,4;3,3;
2026/03/09;1500 UTC;0;964,3;964,6;964;2744,6;25,5;19,2;26,2;24,3;20;18,6;73;64;69;83;5;2,1;
2026/03/09;1600 UTC;0;963,9;964;963,7;2634;26,4;19,8;27,2;25,3;21;18,9;72;63;67;99;3,8;1,9;
2026/03/09;1700 UTC;0;963,5;963,8;963,2;2151,1;27;19,7;27,6;26,3;20,3;19,1;67;60;64;100;2;1;
2026/03/09;1800 UTC;0;962,9;963,3;962,6;1352,8;26,9;19,6;27,9;25,6;20,4;18,8;71;56;63;202;5,9;2,1;
2026/03/09;1900 UTC;0;962,2;962,7;961,9;2155,7;26,8;20,3;27,7;25,7;20,9;19,6;70;64;67;190;4,7;2,2;
2026/03/09;2000 UTC;0;961,8;962;961,6;1419,6;26,7;20;27,6;25,8;20,9;19,2;69;63;67;131;7,5;2,7;
2026/03/09;2100 UTC;0;962,2;962,7;961,7;548,9;24,8;19;26,4;23,5;19,7;18,4;75;65;71;136;6,7;2,1;
2026/03/09;2200 UTC;0;962,9;963,2;962,7;113,2;21,8;17,8;23,4;20,5;18,4;17,4;85;75;80;137;5,5;2,3;
2026/03/09;2300 UTC;0;963,6;963,8;963,2;,3;19,6;17,2;20,5;19,1;17,4;17;90;85;88;128;7;3,2;
2026/03/10;0000 UTC;0;964,1;964,4;963,7;0;18,9;17,1;19,1;18,8;17,2;16,9;92;89;91;108;6,1;3,6;
2026/03/10;0100 UTC;0;964,5;964,6;964,5;0;18,9;17,4;18,9;18,8;17,4;17,4;93;92;92;114;5,8;3,2;
2026/03/10;0200 UTC;0;964,4;964,5;964,3;0;18,7;17,5;18,8;18,6;17,5;17,4;95;93;94;110;5,4;3,3;
2026/03/10;0300 UTC;0;964,3;964,4;964,2;0;18,5;17,6;18,5;18,4;17,6;17,5;96;95;96;122;4,9;2,8;
2026/03/10;0400 UTC;0;964,4;964,4;964,4;0;18,1;17,6;18,2;18,1;17,6;17,5;97;97;97;152;3,3;1,5;
2026/03/10;0500 UTC;0;964,1;964,5;963,8;0;18;17,5;18,3;17,8;17,6;17,4;98;96;97;126;4,5;2,4;
2026/03/10;0600 UTC;;;;;;;;;;;;;;;;;;
2026/03/10;0700 UTC;0;;;;0;18;17,5;18,1;17,9;17,5;17,4;98;97;98;93;4,6;3,3;
2026/03/10;0800 UTC;0;963,6;963,6;963,5;0;17,7;17,4;17,9;17,6;17,5;17,2;99;98;98;90;4,4;3,1;
2026/03/10;0900 UTC;0;963,9;964;963,8;0;17,6;17,3;17,7;17,4;17,4;17,2;99;98;99;90;3,4;2,7;
2026/03/10;1000 UTC;0;964,4;964,5;964;40,9;17,5;17,4;18,4;17,2;17,9;17,2;100;97;99;88;3;2,3;
2026/03/10;1100 UTC;0;;;;268;19,1;18,1;19,7;18,5;18,3;17,9;97;92;95;77;4,2;2,8;
2026/03/10;1200 UTC;0;965,2;965,3;964,4;943,8;20,9;18,4;21,5;19,4;18,8;17,9;94;84;87;69;5,1;2,8;
2026/03/10;1300 UTC;0;965,4;965,4;965,4;1088,7;22,5;18,7;23,3;21,5;19,3;18,2;85;78;81;68;4,9;2,6;
2026/03/10;1400 UTC;0;;;;1718,4;24,6;19,3;26,7;23,4;20,3;18,8;80;65;74;41;5,9;2,7;
2026/03/10;1500 UTC;0;;;;2307,8;26,3;19,9;27,5;25,2;20,7;19,4;74;62;68;89;3,3;1,5;
2026/03/10;1600 UTC;0;964,3;964,4;963,6;2475;27,4;20,4;28,6;26,5;21,3;19,8;69;59;65;215;2,3;1,3;
2026/03/10;1700 UTC;0;963,4;963,5;963,3;2999,5;28,3;20,7;29,4;26,7;21,7;20,2;70;58;62;183;3,2;1,6;
2026/03/10;1800 UTC;0;962,7;963;962,5;1774,3;28,5;20,6;29,4;27,9;21,6;20;67;56;61;208;3,1;1,4;
2026/03/10;1900 UTC;0;;;;1535,1;28,6;20,7;29,3;28;21,5;20,1;64;57;61;174;4,7;1,6;
2026/03/10;2000 UTC;0;961,6;961,7;961,5;1700,3;28,9;20,8;29,4;28,2;21,7;20;63;56;60;197;4,5;2,1;
2026/03/10;2100 UTC;0;961,6;961,7;961,5;727;27,8;20,4;28,3;26,8;20,9;20;70;60;63;177;3;1,4;
2026/03/10;2200 UTC;0;;;;141;25,8;20,6;26,9;24,6;21;20,2;80;69;74;149;3,7;1,5;
2026/03/10;2300 UTC;0;;;;0;23,8;20,7;24,6;23,3;20,8;20,5;87;80;84;144;3,9;1,5;
2026/03/11;0000 UTC;0;962,8;962,8;962,7;0;22,6;20,3;23,3;22,3;20,5;20;89;86;88;118;4,5;2,6;
2026/03/11;0100 UTC;0;963,5;963,7;963,2;0;21,8;19,8;22,2;21,5;20;19,6;91;89;90;104;5;2,9;
2026/03/11;0200 UTC;0;963,7;963,8;963,5;0;21,2;19,4;21,5;20,8;19,6;19,3;93;90;91;94;5,3;3,8;
2026/03/11;0300 UTC;0;963,5;963,7;963,4;0;20,8;19,3;20,9;20,6;19,3;19,2;93;92;92;108;5,4;2,9;
2026/03/11;0400 UTC;0;963,2;963,4;963,1;0;20,5;19,2;20,6;20,3;19,3;19,2;95;93;94;108;3,8;2,2;
2026/03/11;0500 UTC;0;963,1;963,2;963;0;19,8;19,1;20,2;19,7;19,2;19;97;95;96;115;4;2,7;
2026/03/11;0600 UTC;0;962,7;963,1;962,6;0;19,7;19;19,9;19,4;19,2;18,9;98;96;97;95;4,5;3,3;
2026/03/11;0700 UTC;0;962,6;962,7;962,4;0;19,2;18,9;19,4;19,1;19;18,8;100;98;99;78;4;2,7;
2026/03/11;0800 UTC;0;962,3;962,5;962,1;0;19,2;18,9;19,2;19,1;19;18,6;99;97;98;67;3,9;2,2;
2026/03/11;0900 UTC;0;962,3;962,5;962,2;0;19,1;18,3;19,2;19,1;18,5;18,2;97;96;96;69;4,3;2,5;
2026/03/11;1000 UTC;0;962,7;963,1;962,4;33,1;19,1;17,9;19,2;19;18,2;17,8;96;93;94;62;3,5;1,9;
2026/03/11;1100 UTC;0;963,3;963,4;963,2;408,4;20,1;17,9;21;19,2;18,3;17,7;93;84;89;52;6,3;3,2;
2026/03/11;1200 UTC;0;963,4;963,5;963,3;1178,4;21,6;18;23,3;20,5;18,6;17,7;87;74;82;51;6;3,3;
2026/03/11;1300 UTC;0;963,5;963,6;963,4;2341,3;24,4;18,8;25,8;23,4;19,6;18,3;76;68;72;52;5,6;2,7;
2026/03/11;1400 UTC;0;963,4;963,5;963,4;2128,9;26,2;19,4;26,6;25,6;20,1;18,9;69;64;66;92;5,2;2,7;
2026/03/11;1500 UTC;0;962,9;963,4;962,5;3024,8;27,4;20;28,2;26,8;20,6;19,4;67;58;63;222;4,8;2,1;
2026/03/11;1600 UTC;0;962,2;962,5;961,6;2577,2;27,9;19,9;28,7;27,5;20,8;19,2;63;57;60;222;2,9;1,4;
2026/03/11;1700 UTC;0;961,4;961,6;961,1;1938,6;28,6;20,3;29,2;28,3;20,9;19,8;62;56;59;283;3,1;1,2;
2026/03/11;1800 UTC;0;960,7;961,1;960,1;1623,4;28,7;20,3;30;28,1;21,2;19,8;61;53;58;306;2,6;1,5;
2026/03/11;1900 UTC;0;959,7;960,1;959,4;1552,5;28,9;20,6;29,3;28,4;21;20,1;61;56;58;224;3,3;1,6;
2026/03/11;2000 UTC;0;959,6;960,2;959,4;612,3;25;18,5;29;21,9;21,1;17,2;78;55;68;199;6,7;3,4;
2026/03/11;2100 UTC;0;960,6;961;960,1;191,2;21,3;17,3;21,8;20,7;17,9;16,1;82;77;80;134;5,7;2,4;
2026/03/11;2200 UTC;0;960,9;961;960,8;55;20,9;15,7;21,4;20,5;16,2;14,9;78;69;74;121;3,8;2,2;
2026/03/11;2300 UTC;0;960,8;961,1;960,6;0;20,6;17,1;20,9;20,3;17,6;16,2;86;77;83;80;5;3,2;
2026/03/12;0000 UTC;0;961;961,1;960,9;0;20,7;17,6;21,1;20,3;17,8;17,3;86;82;85;41;5,7;3,2;
2026/03/12;0100 UTC;0;961,5;961,8;961,2;0;20,9;17,5;21,2;20,5;17,7;17,3;85;81;83;155;2,7;1,4;
2026/03/12;0200 UTC;0;962,1;962,3;961,8;0;20,2;18;20,5;20;18,3;17,6;92;85;89;163;3,4;1,7;
2026/03/12;0300 UTC;0;962;962,2;961,7;0;20,1;18,2;20,2;19,9;18,3;18;92;89;90;149;1,4;,7;
2026/03/12;0400 UTC;0;961,6;961,6;961,6;0;19,4;18,1;19,4;19,4;18,1;18,1;94;94;94;110;1;,8;
2026/03/12;0500 UTC;0;961,4;961,6;961,2;0;19,4;18,1;19,6;19,3;18,2;17,9;94;93;94;115;2,1;1,1;
2026/03/12;0600 UTC;0;961;961,3;960,7;0;19,3;18,3;19,5;19,1;18,7;18;97;93;95;91;3,9;2,9;
2026/03/12;0700 UTC;0;960,9;961;960,7;0;19;18,5;19,1;18,9;18,6;18,4;98;97;98;105;2,3;1,3;
2026/03/12;0800 UTC;0;961;961,1;960,9;0;18,6;18,4;18,9;18,4;18,6;18,3;100;98;99;94;2,6;2;
2026/03/12;0900 UTC;0;961,1;961,3;961;0;18,2;18,2;18,4;18,1;18,4;18,1;100;100;100;84;2,8;2,2;
2026/03/12;1000 UTC;0;961,5;961,8;961,3;20;18,1;18,1;18,5;18;18,4;18;100;100;100;77;2,6;1,9;
2026/03/12;1100 UTC;0;962;962,1;961,8;247,4;19,1;18,5;19,5;18,5;18,9;18,3;100;96;97;79;3,5;2,2;
2026/03/12;1200 UTC;0;961,9;962;961,8;1411,6;21,9;19,2;23,5;19,6;19,8;18,7;96;79;86;54;4,5;2,4;
2026/03/12;1300 UTC;0;961,6;961,9;961,3;2179;24,4;19,7;25,6;23,5;20,3;19;80;73;76;86;5;2,6;
2026/03/12;1400 UTC;0;961,1;961,3;960,8;2867,9;26,5;20,6;27,3;25,6;21,3;20,1;76;67;70;296;5,4;2,9;
2026/03/12;1500 UTC;0;960,5;960,9;960,2;2319,4;27,4;20,7;28;26,8;21,6;19,7;72;59;66;292;4,8;2,2;
2026/03/12;1600 UTC;0;959,8;960,2;959,4;1883,8;27,9;20,7;29,1;26,9;21,9;20,2;75;58;64;237;5,3;2,1;
2026/03/12;1700 UTC;0;958,9;959,4;958,4;2345,5;29,1;20,9;30,4;28,2;22,3;20,2;64;55;59;183;5,9;2,6;
2026/03/12;1800 UTC;0;957,8;958,4;957,3;2816,9;28,9;21,8;29,7;28,4;22,3;21,3;68;60;64;169;6,6;3;
2026/03/12;1900 UTC;0;957,3;957,6;957,1;2004;28,5;20,9;29,2;27,4;21,9;20,2;65;59;62;192;6,2;2,9;
2026/03/12;2000 UTC;0;957,3;957,6;957;1567,7;28;20,6;28,8;27,1;21,5;19,9;69;59;63;191;7,1;3,2;
2026/03/12;2100 UTC;0;958;958,5;957,7;717,1;26,7;20,6;27,3;26,3;21;20,2;71;67;69;193;4,6;2,1;
2026/03/12;2200 UTC;0;959;959,4;958,5;246,9;25,7;20,2;26,5;24,7;20,5;19,9;77;69;72;148;5,5;1,6;
2026/03/12;2300 UTC;0;959,4;959,5;959,4;,2;21,9;17;24,4;21,1;18,4;16,4;78;69;75;108;1,9;,9;
2026/03/13;0000 UTC;0;959,9;960,2;959,4;0;20,7;16,3;21,1;20,3;16,7;16,1;80;76;78;78;1,4;1,1;
2026/03/13;0100 UTC;0;960,4;960,5;960,2;0;20,1;16,4;20,5;20;16,6;16,1;83;79;81;61;1,8;1,2;
2026/03/13;0200 UTC;0;960,6;960,7;960,5;0;19,5;16,6;20;19,3;17;16,3;89;82;85;89;3,7;2,6;
2026/03/13;0300 UTC;0;960,5;960,6;960,3;0;19,3;17,3;19,8;19;18,1;16,9;93;87;90;100;3,9;2,3;
2026/03/13;0400 UTC;0;960,2;960,3;959,9;0;19,3;18;19,8;18,8;18,1;17,8;95;92;94;95;3,4;2;
2026/03/13;0500 UTC;0;959,8;959,9;959,7;0;18,5;17,8;18,9;18;18;17,6;99;95;97;133;1,2;,6;
2026/03/13;0600 UTC;0;959,4;959,5;959,4;0;17,8;17,7;18,1;17,6;18,1;17,5;100;99;100;156;2,8;1,6;
2026/03/13;0700 UTC;0;959,4;959,4;959,3;0;17,8;17,8;18,1;17,7;18,2;17,6;100;100;100;117;2,1;1;
2026/03/13;0800 UTC;0;959,3;959,4;959,2;0;17,7;17,8;17,9;17,7;17,9;17,7;100;100;100;133;1,4;,7;
2026/03/13;0900 UTC;0;959,4;959,7;959,2;0;17,6;17,7;17,8;17,5;17,9;17,5;100;100;100;121;1,8;1;
2026/03/13;1000 UTC;0;959,9;960,1;959,6;25,8;16,8;16,8;17,5;16,5;17,6;16,5;100;100;100;87;2,5;2;
2026/03/13;1100 UTC;0;960,6;960,9;960,1;296,1;17,1;17,1;17,3;16,8;17,4;16,8;100;100;100;92;5;3,2;
2026/03/13;1200 UTC;0;960,9;961,1;960,8;685,4;17,6;17,6;18,3;17;18,3;17,1;100;100;100;63;3,5;1,9;
2026/03/13;1300 UTC;0;;;;1540,5;19,4;18,4;20,7;18,3;19;17,8;100;85;95;76;3,9;2,4;
2026/03/13;1400 UTC;0;961,3;961,4;960,5;2904;22,7;18,6;24,5;20,5;19,4;17,8;90;70;79;65;3,8;1,9;
2026/03/13;1500 UTC;0;960,8;961,1;960,4;3332;25;18,8;26,1;23,9;19,5;18,3;76;64;69;125;3,8;2;
2026/03/13;1600 UTC;0;959,9;960,4;959,6;2271,2;25,9;19;26,6;25,3;19,8;18,3;69;62;65;202;4,5;2,2;
2026/03/13;1700 UTC;0;959,3;959,5;959;2697,9;26,7;19,1;27,6;25,7;20,1;18,6;66;57;62;224;6;3;
2026/03/13;1800 UTC;0;958,8;959,1;958,5;2013,5;26,7;18,8;27,6;26,1;19,7;17,9;65;57;60;212;4,6;2,3;
2026/03/13;1900 UTC;0;958,2;958,5;957,9;2425,4;27,7;18,7;28,1;26,7;19,3;17,8;60;50;55;187;4,9;2,4;
2026/03/13;2000 UTC;0;957,9;958;957,8;1688;27,6;18,3;27,9;27,1;19;17,5;57;50;53;165;5,4;2,3;
2026/03/13;2100 UTC;0;957,8;957,9;957,7;858,5;26,8;17,8;27,2;26,1;18,5;17,1;57;53;55;195;4,2;1,6;
2026/03/13;2200 UTC;0;958,1;958,5;957,8;132,9;24,6;17,7;26,1;23,5;17,9;17,1;71;55;65;203;2,5;1,1;
2026/03/13;2300 UTC;0;958,7;958,9;958,5;0;23,1;17,7;23,5;22,5;17,8;17,6;76;71;73;215;2,4;1,1;
2026/03/14;0000 UTC;0;959,2;959,4;958,9;0;22,1;17,9;22,6;21,5;18,2;17,8;83;76;79;159;3,7;1,6;
2026/03/14;0100 UTC;0;959,4;959,5;959,3;0;21,6;17,7;22,1;21,1;18,1;17,4;82;78;81;139;2,3;,9;
2026/03/14;0200 UTC;0;959,1;959,3;959;0;20,4;17,3;21,1;20;17,5;17,3;87;82;85;134;1,8;,8;
2026/03/14;0300 UTC;0;959;959,1;959;0;19,9;17,3;20,4;19,5;17,4;17,3;90;84;87;83;2,4;1,9;
2026/03/14;0400 UTC;0;958,9;959;958,8;0;19,6;17,5;19,7;19,3;17,6;17,4;91;89;90;98;2,6;2;
2026/03/14;0500 UTC;0;958,7;958,9;958,6;0;19;17,4;19,5;18,4;17,5;17,2;95;90;92;92;2,9;1,9;
2026/03/14;0600 UTC;0;958,5;958,7;958,4;0;18,3;17,3;18,6;17,8;17,5;16,9;96;93;95;163;2,6;,8;
2026/03/14;0700 UTC;0;958,4;958,6;958,3;0;17,4;17;17,8;17;17,2;16,8;99;96;98;128;1,9;,7;
2026/03/14;0800 UTC;0;958,4;958,6;958,3;0;17,2;16,9;17,4;16,9;17,1;16,5;100;97;99;154;2,4;,7;
2026/03/14;0900 UTC;0;958,5;958,7;958,4;0;16,8;16,5;17;16,5;16,8;16,3;100;97;99;121;1,2;,5;
2026/03/14;1000 UTC;0;959,2;959,5;958,7;28,8;16,7;16,7;17,2;16,4;16,9;16,3;100;98;100;132;1,8;,9;
2026/03/14;1100 UTC;0;959,7;959,8;959,5;453,8;18,1;17,1;19,1;17,3;17,8;16,8;98;91;95;86;3,5;2,2;
2026/03/14;1200 UTC;0;959,9;960;959,8;1389,5;20;17,4;21;19,1;18,2;16,9;91;83;87;113;2,5;1,2;
2026/03/14;1300 UTC;0;959,7;960;959,5;2235,3;22,5;18,2;24,1;20,9;18,8;17,5;85;70;78;84;2,7;1,5;
2026/03/14;1400 UTC;0;959,3;959,6;959,2;2649,5;25;18,5;25,8;23,8;19,4;17,8;75;61;68;132;2,5;1;
2026/03/14;1500 UTC;0;958,9;959,2;958,7;3210,9;26,9;18,2;28,3;25,6;19,8;17;63;51;56;220;3,9;2;
2026/03/14;1600 UTC;0;958,5;958,8;958;2976,9;27,2;18;28,2;26;18,7;17,3;61;48;54;217;4,1;2,2;
2026/03/14;1700 UTC;0;957,7;958;957,3;3332,6;28,5;18;29,1;27,9;18,8;17,4;52;44;48;232;3,3;1,2;
2026/03/14;1800 UTC;0;956,9;957,3;956,7;3192,9;28,9;18,3;29,4;28,4;18,9;17,8;50;44;47;211;6,4;2;
2026/03/14;1900 UTC;0;956,7;956,8;956,5;2476,6;29,1;18,3;29,7;28,5;18,9;17,8;50;44;46;208;5,9;2,2;
2026/03/14;2000 UTC;0;956,2;956,5;955,9;1695,7;28,5;17,9;29;28,1;18,7;17,4;50;45;47;160;3,9;1,4;
2026/03/14;2100 UTC;0;956,3;956,5;956;849,8;28;17,6;28,6;27,2;18;17,1;51;46;48;177;3;1,5;
2026/03/14;2200 UTC;0;956,5;956,8;956,4;151,4;26;16,9;27,2;24,5;17,5;16,3;59;50;54;209;2,3;1;
2026/03/14;2300 UTC;0;956,9;957,2;956,8;0;24,1;15,9;24,5;23,6;16,5;15,4;61;57;59;163;3,2;1,8;
2026/03/15;0000 UTC;0;957,5;957,8;957,2;0;23,3;15,2;24;22,6;15,6;14,9;62;57;59;134;2,7;1,2;
2026/03/15;0100 UTC;0;958,1;958,3;957,7;0;22,3;15,4;22,7;21,9;15,8;14,8;68;62;65;155;3,6;1,7;
2026/03/15;0200 UTC;0;958,3;958,4;958,2;0;21,3;15,7;22;20,7;15,8;15,6;75;69;72;108;3,2;2,1;
2026/03/15;0300 UTC;0;958,1;958,2;957,9;0;20,2;16;20,7;19,5;16,4;15,6;83;76;79;98;3,8;3;
2026/03/15;0400 UTC;0;958;958,2;957,9;0;19,5;16,4;19,9;19;16,6;16,2;87;83;85;94;3,4;2,2;
2026/03/15;0500 UTC;0;957,9;958;957,6;0;18,5;16,5;18,9;18,2;16,6;16,3;92;87;90;94;2,8;2,2;
2026/03/15;0600 UTC;0;957,2;957,5;956,3;0;17,6;16,4;18,3;17,1;16,6;16,1;95;91;94;74;5,1;3,3;
2026/03/15;0700 UTC;0;956,4;956,6;956,2;0;17,5;16,3;17,8;17;16,5;16,1;96;93;94;95;3,4;2,3;
2026/03/15;0800 UTC;0;957,1;957,4;956,6;0;17,2;16,2;18;16,9;16,5;15,9;97;92;95;160;3,1;1,6;
2026/03/15;0900 UTC;0;957,4;957,8;957,2;0;17,2;16,2;17,9;16,7;16,6;15,8;98;91;95;101;2,1;,8;
2026/03/15;1000 UTC;0;958;958,4;957,8;19,5;17,2;16,4;17,6;17,1;16,6;16,1;97;93;96;88;1,5;,8;
2026/03/15;1100 UTC;0;958,7;958,7;958,7;944,8;19,8;17,2;19,9;19,7;17,5;16,8;88;86;87;82;2,6;1,4;
2026/03/15;1200 UTC;0;958,7;958,8;958,5;1377,4;21,6;17,7;23,1;20;18,4;17,1;87;73;80;59;4,4;2,3;
2026/03/15;1300 UTC;0;958,6;958,7;958,6;2186,3;24,4;18,3;26;23;19,3;17,6;76;62;70;43;5,1;3,1;
2026/03/15;1400 UTC;0;958,6;958,7;958,5;2835,6;27,4;19,2;29,1;25,8;20,2;18,3;65;50;59;234;7;3,7;
2026/03/15;1500 UTC;0;958,1;958,5;957,8;3173,8;29,8;19;30,7;28,4;20,1;18,1;53;41;46;305;5,1;2,8;
2026/03/15;1600 UTC;0;957,5;957,8;957,2;3375,9;31,6;19,4;32,4;30,7;20,4;18,7;49;36;39;297;7,5;3,8;
2026/03/15;1700 UTC;0;957,1;957,3;956,9;3132,7;32,7;19,8;33,5;32;20,5;19;37;33;35;275;8,1;5;
2026/03/15;1800 UTC;0;956,7;957;956,5;2997;33,1;19,9;33,5;32,8;20,4;19,5;36;31;34;280;8,2;4,6;
2026/03/15;1900 UTC;0;956,3;956,6;956,1;2375,7;33,3;20,4;34;32,8;21,3;19,9;38;33;35;280;7;3,3;
2026/03/15;2000 UTC;0;956,2;956,3;956,1;1573,4;33;20;33,8;32,5;20,5;19,5;38;33;35;267;5,3;2,8;
2026/03/15;2100 UTC;0;956,4;956,6;956,1;531,3;31,4;19,2;32,7;30,2;20;18,3;42;36;39;236;2,5;1,1;
2026/03/15;2200 UTC;0;956,8;957,2;956,6;98,8;28,7;18;30,1;27,4;18,8;17;50;42;46;251;1,3;,7;
2026/03/15;2300 UTC;0;957,5;957,7;957,3;0;27,5;17,2;27,9;26,5;17,5;16,9;53;46;49;190;1,8;,9;
2026/03/16;0000 UTC;0;958;958,1;957,7;0;27,2;17,4;27,9;26,4;17,7;17,2;54;48;51;131;1,4;,8;
2026/03/16;0100 UTC;0;958,3;958,5;958;0;25,6;17;26,3;24,3;17,3;16,7;62;54;57;70;1,7;1,2;
2026/03/16;0200 UTC;0;958,4;958,5;958,3;0;24,7;16,8;25,1;24;16,9;16,6;63;59;60;97;4;2,8;
2026/03/16;0300 UTC;0;958,3;958,4;958,2;0;22,7;16,8;24;22;17,1;16,5;75;63;70;97;4,5;3,4;
2026/03/16;0400 UTC;0;958,4;958,5;958,3;0;21,5;17,1;22;20,9;17,1;17;81;75;78;93;4,2;3,3;
2026/03/16;0500 UTC;0;958,5;958,6;958,4;0;20,7;17,2;21,1;20,5;17,3;17,1;84;80;83;70;3,2;2,1;
2026/03/16;0600 UTC;0;958,5;958,6;958,4;0;21,1;17,2;21,4;20,8;17,3;17,1;82;79;81;84;3,2;2,6;
2026/03/16;0700 UTC;0;958,6;958,7;958,4;0;20,7;17,4;20,9;20,6;17,7;17,3;85;82;84;81;3,5;2,7;
2026/03/16;0800 UTC;0;958,7;958,8;958,6;0;20,7;17,8;21;20,4;18,1;17,7;88;84;86;70;3,9;2,5;
2026/03/16;0900 UTC;0;959;959,3;958,8;0;20,7;18,1;20,9;20,6;18,2;17,9;88;85;87;68;4,2;2,3;
2026/03/16;1000 UTC;0;959,7;960;959,3;28,9;20,4;17,8;20,7;20,3;18;17,6;88;86;87;80;4,7;3;
2026/03/16;1100 UTC;0;960,2;960,4;959,9;307,1;21;17,7;21,6;20,5;17,9;17,5;86;80;83;77;5,5;3,4;
2026/03/16;1200 UTC;0;960,4;960,5;960,3;1063,4;23,2;17,9;24,5;21,7;18,5;17,5;80;68;73;78;7,2;3,9;
2026/03/16;1300 UTC;0;960,3;960,4;960,2;1779,4;25,8;18,8;27,3;24,2;19,6;18;71;61;65;67;6,9;3,8;
2026/03/16;1400 UTC;0;960,3;960,4;960;2402,2;28,8;20,3;30,4;27,4;21;19,5;62;51;57;45;6,7;3,4;
2026/03/16;1500 UTC;0;959,6;959,9;959,3;2809,8;31,8;21,4;32,5;30,2;22,4;20,5;54;44;48;43;7,2;4,2;
2026/03/16;1600 UTC;0;959,3;959,5;959;2762,8;32,2;21,2;32,7;31,6;21,9;20,6;48;40;45;131;5,4;2,5;
2026/03/16;1700 UTC;0;958,8;959;958,6;2691,1;32,1;21,4;32,4;31,7;21,8;20,9;49;44;46;280;6,3;2,8;
2026/03/16;1800 UTC;0;958,4;958,7;958;1746,2;32;21,3;32,5;31,6;21,6;20,8;48;44;46;280;5;3;
2026/03/16;1900 UTC;0;957,9;958;957,7;1673,9;32,3;21,6;32,6;31,9;22,2;21,1;49;45;47;261;5,9;2,8;
2026/03/16;2000 UTC;0;958;958,6;957,7;830,5;30,5;21,5;32,2;29,1;22,3;20,8;59;50;55;243;6,7;2,9;
2026/03/16;2100 UTC;,4;959,2;960;958,3;36,3;24,9;20,9;29,1;22,6;22;20,1;91;59;80;169;3,3;,9;
2026/03/16;2200 UTC;,6;959,5;959,9;959,1;23,4;22,4;20,9;23,3;21;21,9;19,1;97;87;92;118;6;2,6;
2026/03/16;2300 UTC;0;945,3;960,1;;0;20,8;18;21;20,6;18,9;17,5;90;83;86;94;2,7;1,6;
2026/03/17;0000 UTC;0;960,5;960,7;960,1;0;20,7;18,3;21,4;20,3;18,8;17,3;92;81;88;96;3,4;2,5;
2026/03/17;0100 UTC;,4;961,5;961,7;961,4;0;21,9;19,6;22,1;21,7;19,8;18,7;90;85;89;42;8,4;4,5;
2026/03/17;0200 UTC;,6;960,8;961,3;960,3;0;20,8;19,3;21,8;20,5;19,8;18,7;95;85;92;93;2,7;1,9;
2026/03/17;0300 UTC;0;959,9;960,4;959,6;0;20,8;19;21,2;20,4;19,7;18,4;96;87;91;79;3,5;2,3;
2026/03/17;0400 UTC;;;;;;;;;;;;;;;;;;
2026/03/17;0500 UTC;0;959;959,2;958,7;0;20,7;20,1;20,8;20,6;20,2;20,1;98;97;97;75;3,1;2,1;
2026/03/17;0600 UTC;0;958,7;959;958,4;0;20,8;20,2;21;20,7;20,3;20,1;98;96;97;72;4,2;2,3;
2026/03/17;0700 UTC;0;958,2;958,5;958,1;0;20,8;20,1;20,9;20,7;20,2;19,9;97;95;97;74;3,4;2,1;
2026/03/17;0800 UTC;0;957,6;957,8;957,5;0;20,5;19,7;20,7;20,5;19,9;19,6;97;95;96;86;6;3,9;
2026/03/17;0900 UTC;0;;;;0;20,6;19,6;20,7;20,5;19,7;19,4;96;94;95;68;5,1;3,1;
2026/03/17;1000 UTC;0;958,5;958,8;957,5;13,8;20,7;19,3;20,9;20,6;19,5;19,2;94;92;93;49;4,1;2,5;
2026/03/17;1100 UTC;0;959,2;959,9;958,8;274,1;21,6;19,5;22,4;20,9;20,1;19,2;92;87;89;195;3,1;1,5;
2026/03/17;1200 UTC;0;960,3;960,6;959,9;330,7;22,1;19,8;22,4;21,8;20,4;19,5;92;86;89;282;2,6;1,4;
2026/03/17;1300 UTC;0;960,5;960,9;960,3;808,2;22,8;20;23,4;21,9;20,7;19,5;90;82;86;299;4,2;1,9;
2026/03/17;1400 UTC;0;960,4;960,6;960,3;781,7;23,5;20,2;23,7;23,2;20,9;19,8;86;81;84;278;3;1,9;
2026/03/17;1500 UTC;,2;960,2;960,6;959,6;679,2;23,1;20,6;23,3;23;21,4;20;92;84;87;213;2,4;1,1;
2026/03/17;1600 UTC;2,2;960,4;960,5;960,1;327,1;22,7;21,4;23,4;22,3;21,9;20,6;97;86;94;177;2,2;1,1;
2026/03/17;1700 UTC;4,3;960;960,3;959,8;227,5;22,3;21,7;22,4;22,1;22;21,3;99;95;97;58;1,9;1;
2026/03/17;1800 UTC;6,1;959,7;959,9;959,2;298,5;22,2;21,8;22,3;22;22,1;21,4;99;97;98;41;5,5;3;
2026/03/17;1900 UTC;9,1;959,3;959,5;959,1;281,9;21,9;21,5;22,2;21,6;21,9;21,1;99;97;98;38;6,4;3;
2026/03/17;2000 UTC;0;958,9;959,2;958,8;461,7;21,9;21,6;22,2;21,7;22;21,4;99;98;99;52;2,8;1,5;
2026/03/17;2100 UTC;,2;958,7;958,8;958,6;846;23;21,9;23,5;22,3;22,6;21,5;99;91;95;42;4,5;2,3;
2026/03/17;2200 UTC;0;959;959,1;958,8;103,7;22,7;21,9;22,8;22,4;22;21,7;98;95;96;60;4,2;1,6;
2026/03/17;2300 UTC;0;959,4;959,6;959,1;0;22;21,9;22,3;21,9;21,9;21,7;100;98;99;83;3,5;2,1;
2026/03/18;0000 UTC;0;959,9;960,1;959,6;0;21,8;21,6;21,8;21,7;21,8;21,4;100;99;99;55;3;1,6;
2026/03/18;0100 UTC;0;960,2;960,3;960,1;0;21,5;21,3;21,7;21,2;21,5;21,1;100;98;99;63;2,4;1,4;
2026/03/18;0200 UTC;0;960,3;960,4;960,2;0;21,3;21,2;21,3;21,2;21,3;21,1;100;100;100;69;2,6;1,7;
2026/03/18;0300 UTC;0;960,6;960,7;960,4;0;21,2;21;21,3;21;21,1;20,8;100;99;99;57;2,1;1,3;
2026/03/18;0400 UTC;0;960,3;960,6;960;0;20,8;20,8;21;20,6;20,9;20,6;100;99;100;48;2,9;1,6;
2026/03/18;0500 UTC;0;960;960,1;959,8;0;20,5;20,6;20,8;20,2;20,8;20,2;100;100;100;67;1,6;1;
2026/03/18;0600 UTC;0;959,4;959,8;959;0;20;20,1;20,2;19,8;20,3;19,8;100;100;100;46;4,8;2,8;
2026/03/18;0700 UTC;0;958,8;959;958,5;0;20;20,1;20,1;19,9;20,2;20;100;100;100;43;4,2;2,8;
2026/03/18;0800 UTC;0;959;959,4;958,6;0;20;20;20;19,9;20,1;20;100;100;100;78;2,6;1,5;
2026/03/18;0900 UTC;0;959,6;960,1;959,3;0;20;20;20;19,9;20,1;20;100;100;100;223;1,6;,7;
2026/03/18;1000 UTC;0;960,3;960,5;960,1;11,6;20;20;20,1;19,9;20,1;20;100;100;100;61;3,3;1,6;
2026/03/18;1100 UTC;0;960,2;960,3;960;298,6;20,3;20,4;20,8;20,1;20,8;20,2;100;100;100;45;3,6;2,2;
2026/03/18;1200 UTC;0;960,5;960,8;960,2;1090,4;21,1;20,9;22,3;20,5;21,6;20,5;100;95;99;233;3,8;2;
2026/03/18;1300 UTC;0;960,4;960,6;960,3;1952,2;23,9;21,6;24,7;22,4;22,6;21;96;82;88;278;4,4;1,9;
2026/03/18;1400 UTC;0;960,3;960,4;960,1;2802,9;25,6;21,6;26,6;24,7;22,3;20,9;86;74;80;278;4;2,3;
2026/03/18;1500 UTC;0;960;960,3;959,4;2923;26,7;21,5;28;25,4;22,7;20,7;82;65;74;260;3,5;1,4;
2026/03/18;1600 UTC;0;959,1;959,4;958,8;2994,9;27,9;22;29,4;27,1;23,4;21,3;76;64;70;155;3,2;1,5;
2026/03/18;1700 UTC;0;958,8;958,9;958,6;2193,3;28,4;21,8;28,9;28;22,7;21,3;71;64;67;234;4,4;1,9;
2026/03/18;1800 UTC;0;958,3;958,6;958,1;2379,3;28,8;22,3;29,6;27,4;23;21,5;74;62;67;206;5,5;2,4;
2026/03/18;1900 UTC;0;958,1;958,4;957,8;1598,5;28,3;22,2;29,5;27,4;23;21,8;74;64;69;207;4,9;1,9;
2026/03/18;2000 UTC;0;957,6;957,8;957,5;1229,5;28,5;22,2;29,2;27,5;22,9;21,9;74;65;69;195;5,5;2,1;
2026/03/18;2100 UTC;0;957,6;957,7;957,4;506,1;27,7;22,1;28,2;27,2;22,4;21,7;74;70;72;170;3,9;1,2;
2026/03/18;2200 UTC;0;957,7;958,1;957,5;108,8;26,7;22;27,9;25,7;22,2;21,9;82;71;77;219;2,9;1,5;
2026/03/18;2300 UTC;0;958,3;958,7;958;0;25,3;22,2;25,6;25;22,3;22,1;86;83;85;159;4,4;2,1;
2026/03/19;0000 UTC;0;959,1;959,6;958,7;0;24,4;22;25;23,9;22,1;21,9;90;86;88;160;4,4;1,8;
2026/03/19;0100 UTC;0;959,9;960,1;959,6;0;23,5;21,9;23,9;23,2;21,9;21,8;93;90;92;165;4,2;1,9;
2026/03/19;0200 UTC;0;960,2;960,2;960;0;23;21,9;23,2;22,8;21,9;21,7;95;93;94;166;3,5;1,5;
2026/03/19;0300 UTC;0;959,9;960,2;959,7;0;22,6;21,7;22,8;22,4;21,8;21,6;97;94;95;169;5;1,7;
2026/03/19;0400 UTC;0;959,7;959,8;959,6;0;22,2;21,6;22,7;21,9;21,7;21,4;98;95;97;168;4,9;2,3;
2026/03/19;0500 UTC;0;959,6;959,7;959,4;0;22;21,4;22,1;21,7;21,7;21,1;98;96;97;151;3,4;1,7;
2026/03/19;0600 UTC;0;959,1;959,3;959;0;21,4;20,8;21,6;21,2;21,1;20,5;98;96;97;182;2,8;1,3;
2026/03/19;0700 UTC;0;959;959,1;958,9;0;21,3;20,7;21,5;21,1;20,9;20,6;99;96;97;135;3,5;1,1;
2026/03/19;0800 UTC;0;959,1;959,2;959;0;21,3;20,5;21,3;21,2;20,6;20,3;96;95;96;130;3,4;1,7;
2026/03/19;0900 UTC;0;959,2;959,3;959;0;21,2;20,2;21,3;20,8;20,4;19,8;96;95;95;146;4;1,4;
2026/03/19;1000 UTC;0;959,4;959,5;959,3;16,6;20,4;19,7;20,8;20,2;19,8;19,6;97;95;97;123;2,7;1,6;
2026/03/19;1100 UTC;0;959,7;959,8;959,5;0;21,1;19,7;22,3;20,2;19,9;19,5;97;87;93;131;4,2;1,9;
2026/03/19;1200 UTC;0;959,8;959,9;959,7;1324,6;23,5;19,8;24,6;22,3;20,4;19,3;87;78;82;112;3,6;1,8;
2026/03/19;1300 UTC;0;959,7;959,8;959,6;2001,5;25,1;20;25,9;24,6;20,6;19,6;78;71;75;113;3,9;2,2;
2026/03/19;1400 UTC;0;959,4;959,6;959,2;2808,2;26,7;20,4;27,8;25,6;21,3;19,7;75;64;68;135;4,2;1,9;
2026/03/19;1500 UTC;0;959,1;959,3;958,7;3107,3;27,9;20,8;29;26,4;21,5;20,1;70;59;65;162;4,6;2,2;
2026/03/19;1600 UTC;0;958,4;958,8;958,1;2762,7;28,1;21,1;29;26,9;22,1;20,5;70;60;65;175;4,9;2,1;
2026/03/19;1700 UTC;0;957,8;958,2;957,5;2612,2;29,1;21,4;30;28,3;22;20,4;66;57;61;122;5,7;2;
2026/03/19;1800 UTC;0;957;957,5;956,6;2891,5;29,9;21,5;30,4;29,3;22;20,9;62;55;58;140;5,9;2,1;
2026/03/19;1900 UTC;0;956,4;956,7;956,1;2175,7;29,9;21,1;30,5;28,8;21,8;20,5;61;53;56;145;5,4;2,1;
2026/03/19;2000 UTC;0;955,9;956,2;955,7;1635,7;29,6;20,6;30,2;29,1;21,1;20,3;58;52;55;138;4,9;2,2;
2026/03/19;2100 UTC;0;956,2;956,2;956,2;393,5;27,3;20;27,3;27,3;20;20;64;64;64;123;4,6;1,7;
2026/03/19;2200 UTC;0;956,7;956,7;956,7;0;23,9;19,2;23,9;23,9;19,2;19,2;77;77;77;159;1,8;,9;
2026/03/19;2300 UTC;0;957,1;957,4;956,8;0;23,2;19,3;23,9;22,6;19,4;19,2;83;77;80;117;3,4;2,1;
2026/03/20;0000 UTC;0;957,8;958,1;957,5;0;22,4;19,2;22,7;22,2;19,3;19,1;85;83;84;115;4,5;2,7;
2026/03/20;0100 UTC;0;958;958,1;957,9;0;22;19,2;22,3;21,8;19,3;19,1;88;84;86;101;5,7;3,3;
2026/03/20;0200 UTC;0;958,2;958,4;958;0;21,2;19,3;21,7;20,5;19,4;19,2;94;88;90;88;4,5;3,2;
2026/03/20;0300 UTC;0;958,4;958,5;958,3;0;20,6;19,3;20,9;20,1;19,4;19,2;96;92;94;93;6,1;4,2;
2026/03/20;0400 UTC;0;958,6;958,9;958,3;0;19,9;19,2;20,1;19,8;19,3;19,1;97;95;97;94;4,3;3,3;
2026/03/20;0500 UTC;0;958,4;958,5;958,4;0;19,7;19,1;19,9;19,4;19,3;18,8;97;96;97;88;4,3;3;
2026/03/20;0600 UTC;0;958,2;958,5;957,8;0;19,2;18,6;19,4;19;18,8;18,4;98;96;97;94;4,5;3,2;
2026/03/20;0700 UTC;0;957,7;957,9;957,5;0;18,9;18,3;19,2;18,7;18,5;18,1;98;96;97;110;4,2;2,1;
2026/03/20;0800 UTC;0;957,8;957,9;957,7;0;18,4;18;18,7;18,2;18,3;17,7;99;98;98;99;4,1;2,8;
2026/03/20;0900 UTC;0;958;958,2;957,7;0;18,3;17,8;18,4;18,1;17,9;17,6;98;97;97;96;3,6;2,4;
2026/03/20;1000 UTC;0;958,5;958,7;958,2;15;17,9;17,6;18,2;17,7;17,8;17,6;100;97;99;97;4,3;2,5;
2026/03/20;1100 UTC;0;959;959,3;958,7;367,8;18,8;18,1;19,9;18,1;18,6;17,7;98;92;96;88;5,7;3,9;
2026/03/20;1200 UTC;,2;959,4;959,5;959,2;1354,6;21,1;18,9;22,7;19,9;19,7;18,2;93;83;89;80;5;3,2;
2026/03/20;1300 UTC;0;959,3;959,4;959,2;2124;24,2;19,9;25,5;22,7;20,8;19,3;84;73;79;66;4,1;2,1;
2026/03/20;1400 UTC;0;959,1;959,3;959;2797,5;26,6;20,7;27,9;25,5;21,8;20,2;76;65;70;117;3,8;1,5;
2026/03/20;1500 UTC;0;958,6;959;958,2;3217,9;29;21,7;30,4;27,5;22,4;20,9;70;57;63;216;4,5;1,1;
2026/03/20;1600 UTC;0;957,6;958,2;957,2;3499,1;30,7;21,8;31,8;29,9;22,7;21,2;62;50;56;183;3,7;1,7;
2026/03/20;1700 UTC;0;956,8;957,2;956,4;3349,5;31,7;21,4;32,4;31,1;22;20,8;55;44;48;247;4,6;1,5;
2026/03/20;1800 UTC;0;956,1;956,4;955,8;2540,5;32,4;21,2;33;31,5;22,4;20,4;50;40;44;252;2,7;1,1;
2026/03/20;1900 UTC;0;955,3;955,8;955;2341,8;33,1;21,2;34;32,5;21,8;20,4;45;37;40;57;4,5;2,1;
2026/03/20;2000 UTC;0;954,6;954,6;954,6;402,5;33;21,1;33,4;32,6;21,3;21;42;39;41;38;2,2;1,3;
2026/03/20;2100 UTC;0;954,7;954,9;954,6;699,7;32,3;21,1;33,3;30,7;21,7;20,7;51;38;44;150;2,4;1,3;
2026/03/20;2200 UTC;0;955,1;955,3;954,9;81;29,2;20,5;30,7;27,9;20,8;20,2;62;50;57;155;2,9;1,7;
2026/03/20;2300 UTC;0;955,6;955,8;955,3;0;27;20,4;27,8;26;21;20,1;75;62;67;120;5,5;3,1;
2026/03/21;0000 UTC;0;956,1;956,3;955,8;0;25,4;21,4;26;24,8;21,5;21;82;75;80;106;6,2;3,9;
2026/03/21;0100 UTC;0;956,7;957;956,3;0;24,1;21,2;24,7;23,6;21,3;21,2;88;83;86;96;6,7;4,4;
2026/03/21;0200 UTC;0;957;957,1;956,9;0;23,3;21,2;23,6;23;21,3;21,2;91;88;89;92;6,9;4,9;
2026/03/21;0300 UTC;0;956,9;957,1;956,7;0;22,8;21,1;23,1;22,2;21,2;21;94;90;91;91;4,9;3,2;
2026/03/21;0400 UTC;0;957,1;957,2;957;0;21,7;21;22,2;21,5;21,1;20,9;97;94;96;81;3,8;3;
2026/03/21;0500 UTC;0;957;957,1;956,9;0;21,5;20,9;21,7;21,4;21,1;20,8;98;96;97;78;3,9;2,7;
2026/03/21;0600 UTC;0;956,7;957;956,5;0;21,2;20,7;21,6;21;20,8;20,6;98;96;97;73;4,2;2,6;
2026/03/21;0700 UTC;0;956,2;956,4;956;0;21;20,5;21;20,9;20,6;20,3;98;97;98;73;4,2;2,8;
2026/03/21;0800 UTC;0;956,1;956,1;956;0;20,7;20;20,9;20,6;20,3;19,5;97;94;96;68;3,9;2,3;
2026/03/21;0900 UTC;0;956,3;956,6;956;0;20,6;18,9;20,8;20,5;19,5;18,3;94;89;91;59;5,1;3;
2026/03/21;1000 UTC;0;957;957,5;956,6;13,9;20;18,3;20,5;19,8;18,3;18,2;93;89;91;73;5,4;3,3;
2026/03/21;1100 UTC;0;957,8;958;957,5;332;20,8;18,6;22;19,8;19,1;18,3;93;83;89;62;6,8;3,2;
2026/03/21;1200 UTC;;;;;;;;;;;;;;;;;;
2026/03/21;1300 UTC;;;;;;;;;;;;;;;;;;
2026/03/21;1400 UTC;;;;;;;;;;;;;;;;;;
2026/03/21;1500 UTC;;;;;;;;;;;;;;;;;;
2026/03/21;1600 UTC;;;;;;;;;;;;;;;;;;
2026/03/21;1700 UTC;;;;;;;;;;;;;;;;;;
2026/03/21;1800 UTC;;;;;;;;;;;;;;;;;;
2026/03/21;1900 UTC;;;;;;;;;;;;;;;;;;
2026/03/21;2000 UTC;;;;;;;;;;;;;;;;;;
2026/03/21;2100 UTC;;;;;;;;;;;;;;;;;;
2026/03/21;2200 UTC;;;;;;;;;;;;;;;;;;
2026/03/21;2300 UTC;1,4;958,8;959;958,4;0;22,1;22,2;22,2;21,8;22,3;21,8;100;100;100;102;3,8;2,2;
2026/03/22;0000 UTC;;;;;;;;;;;;;;;;;;
2026/03/22;0100 UTC;0;960;960,2;959,7;0;21,9;22;22;21,9;22,1;22;100;100;100;74;4,1;2,6;
2026/03/22;0200 UTC;0;960;960,3;959,6;0;21,9;22;22;21,8;22;21,8;100;100;100;83;4,3;2,7;
2026/03/22;0300 UTC;0;959,6;959,9;959,3;0;21,7;21,7;21,8;21,6;21,8;21,6;100;100;100;105;4;2;
2026/03/22;0400 UTC;18,1;960,5;960,7;959,9;0;21,6;21,7;21,7;21,6;21,7;21,6;100;100;100;116;4,2;2;
2026/03/22;0500 UTC;6,1;960,2;960,6;959,8;0;21,6;21,6;21,6;21,6;21,6;21,6;100;100;100;56;2,9;1,5;
2026/03/22;0600 UTC;2;959,3;959,7;958,7;0;21,6;21,6;21,6;21,5;21,7;21,6;100;100;100;60;5,6;2,7;
2026/03/22;0700 UTC;0;958,7;958,8;958,5;0;21,5;21,6;21,5;21,5;21,6;21,5;100;100;100;48;5,1;2,4;
2026/03/22;0800 UTC;0;958,9;959,2;958,6;0;21,6;21,6;21,6;21,5;21,6;21,5;100;100;100;260;2,6;1;
2026/03/22;0900 UTC;,2;959,5;959,8;959,2;0;21,5;21,6;21,6;21,4;21,6;21,5;100;100;100;109;2,7;1,5;
2026/03/22;1000 UTC;0;960,3;960,6;959,8;11,6;21,4;21,5;21,5;21,4;21,5;21,5;100;100;100;272;1,8;1,1;
2026/03/22;1100 UTC;0;960,7;960,8;960,6;214,8;21,7;21,8;22;21,5;22;21,5;100;100;100;79;1,2;,6;
2026/03/22;1200 UTC;0;961,1;961,3;960,8;459,6;22,4;22,4;22,8;22;22,7;22;100;98;100;248;4;2;
2026/03/22;1300 UTC;,2;961,2;961,4;960,9;617,3;23,2;22,6;23,5;22,8;23,2;22,2;98;96;97;89;2,8;1;
2026/03/22;1400 UTC;0;961,2;961,3;961,1;890,5;23,8;23;24,2;23,5;23,6;22,5;97;94;96;164;2,6;1;
2026/03/22;1500 UTC;0;961;961,2;960,7;1272,1;24,8;23,4;25,4;24,3;23,9;23;96;89;93;134;2,2;1,1;
2026/03/22;1600 UTC;0;960,6;960,9;960,3;1159,4;25,6;23,4;26,4;25,2;24,2;23;92;85;89;177;2,8;1,3;
2026/03/22;1700 UTC;0;960;960,3;959,7;1772,9;26,9;23,4;27,8;26,1;24,1;22,8;87;77;82;189;3,7;1,7;
2026/03/22;1800 UTC;0;959,1;959,7;958,7;2449,7;28,3;23,2;28,8;27,7;23,9;22,5;80;70;75;185;5,6;2,6;
2026/03/22;1900 UTC;0;958,9;959,3;958,6;274,1;26,7;22,6;27,5;26,1;23,1;22,3;83;77;79;174;3,1;1,1;
2026/03/22;2000 UTC;0;958,8;959;958,5;259,8;25,8;23,3;26;25,4;23,8;22,4;91;82;88;165;2,6;1,3;
2026/03/22;2100 UTC;1,2;959,5;960;958,9;15,8;24,9;23,6;25,4;24,3;23,8;23,3;97;91;93;129;2,5;1,4;
2026/03/22;2200 UTC;,2;960,5;961,2;960;34,5;24;23,3;24,3;23,5;24;22,7;98;95;96;83;5,5;3,6;
2026/03/22;2300 UTC;0;961,3;961,5;961;0;23,1;22,6;23,5;22,7;22,8;22,3;99;96;97;68;4,9;2,8;
2026/03/23;0000 UTC;0;961,8;962,2;961,4;0;22,5;21,9;22,7;22,4;22,2;21,4;99;94;97;68;5,3;2,4;
2026/03/23;0100 UTC;0;961,5;961,9;961,3;0;22,4;22,4;22,4;22,4;22,4;22,2;100;99;100;81;4,4;2,9;
2026/03/23;0200 UTC;0;961;961,4;960,7;0;22,2;22,2;22,4;22,1;22,4;21,8;100;99;100;83;5,8;3,4;
2026/03/23;0300 UTC;0;960,5;960,7;960,2;0;21,8;21,7;22,1;21,7;21,9;21,5;100;99;99;68;4,6;2,3;
2026/03/23;0400 UTC;0;960,3;960,4;960,2;0;21,6;21,4;21,7;21,5;21,5;21,3;99;99;99;68;3,3;1,6;
2026/03/23;0500 UTC;0;959,8;960,2;959,5;0;21,3;21,3;21,5;21,1;21,3;21,1;100;99;100;84;3,8;2,5;
2026/03/23;0600 UTC;0;959,3;959,5;959;0;20,9;21;21,1;20,9;21,1;20,9;100;100;100;79;5,8;3,4;
2026/03/23;0700 UTC;0;959;959,1;958,8;0;20,8;20,8;20,9;20,7;20,9;20,7;100;100;100;72;6,2;3,1;
2026/03/23;0800 UTC;0;958,9;958,9;958,9;0;20,5;20,3;20,5;20,5;20,3;20,3;99;99;99;70;3;2,4;
2026/03/23;0900 UTC;0;959,2;959,2;959,2;0;20,2;20,1;20,2;20,2;20,1;20,1;100;100;100;69;2,8;2,1;
2026/03/23;1000 UTC;0;959,1;959,5;958,9;14,9;20,1;20,1;20,2;20;20,1;20;100;99;100;64;3,6;1,7;
2026/03/23;1100 UTC;0;959,5;959,6;959,4;494;21,4;20,5;23;20,1;21,1;20,1;100;88;95;54;5,2;2,4;
2026/03/23;1200 UTC;,2;959,2;959,4;958,9;1113,4;23,4;21,2;24,8;22,5;21,9;20,6;93;83;89;60;6,2;3,3;
2026/03/23;1300 UTC;0;959,2;959,3;959,1;2064,2;26;22,1;27,4;24,7;22,9;21,5;86;75;81;160;5,7;3;
2026/03/23;1400 UTC;0;958,9;959,1;958,6;2618,4;28,7;22,8;29,7;27,3;23,3;22,3;79;66;70;254;7,8;4,2;
2026/03/23;1500 UTC;0;958,2;958,6;957,9;2651,4;30;23,1;30,7;29,2;23,6;22,6;69;62;65;270;9,2;4,5;
2026/03/23;1600 UTC;0;957,5;957,9;957;2403,7;31,1;23,5;31,8;30,2;24,2;23;66;58;62;311;9,2;4,5;
2026/03/23;1700 UTC;0;956,7;957,1;956,2;1986,6;30,1;23,5;31,6;28,4;24,3;23;77;59;67;277;8,2;4,3;
2026/03/23;1800 UTC;2,2;956,1;956,3;955,8;1255,7;29,2;23,9;31,1;25;24,7;22,5;91;64;73;281;16,2;4,7;
2026/03/23;1900 UTC;,2;956,3;956,9;955,9;818,7;25,5;23,7;27,2;24,4;24,8;23,1;96;84;91;236;5,6;3;
2026/03/23;2000 UTC;,2;957,1;957,6;956,5;536,7;24,7;23,8;24,9;24,3;24,1;23,5;98;94;95;226;4,4;2,5;
2026/03/23;2100 UTC;0;957,6;957,8;957,5;93,3;24,4;23,8;24,6;24,3;23,9;23,6;98;95;97;228;2,4;1,5;
2026/03/23;2200 UTC;,4;957,7;958,3;957,4;11;24,2;23,8;24,3;23,9;24;23,4;99;97;98;164;2,9;1,3;
2026/03/23;2300 UTC;1,8;958,6;958,7;958,3;0;23,7;23,4;24,1;23,5;23,6;23,1;99;96;98;121;2,2;1;
2026/03/24;0000 UTC;,4;959,1;959,4;958,6;0;23,3;23,2;23,5;23,1;23,3;22,4;100;96;99;271;2,5;1,3;
2026/03/24;0100 UTC;0;959,2;959,4;958,9;0;23;22,6;23,3;22,7;22,8;22,2;99;96;98;179;,8;,3;
2026/03/24;0200 UTC;0;958,7;959;958,6;0;22,6;22,4;22,7;22,4;22,6;22,1;100;97;99;82;1,7;1;
2026/03/24;0300 UTC;0;958,2;958,6;958;0;22,8;22,5;22,9;22,5;22,7;22,3;99;98;99;40;5,1;3,2;
2026/03/24;0400 UTC;,2;958;958,1;957,8;0;22,9;22,5;22,9;22,9;22,7;22,4;99;98;98;158;6,9;2,7;
2026/03/24;0500 UTC;0;958,1;958,2;958;0;22,8;22,5;23;22,6;22,6;22,4;100;97;98;275;3,7;2,3;
2026/03/24;0600 UTC;0;958,3;958,5;958;0;22,5;22,6;22,6;22,5;22,6;22,4;100;100;100;280;4,6;2,6;
2026/03/24;0700 UTC;0;958,4;958,5;958,3;0;22,3;22,3;22,5;22,1;22,4;22,2;100;100;100;284;4,3;2,5;
2026/03/24;0800 UTC;,4;958,7;959,1;958,4;1,8;21,3;21,3;22,1;19,8;22,2;19,8;100;98;100;221;7,2;3,3;
2026/03/24;0900 UTC;,2;959,4;959,7;959,1;0;19,4;19,5;19,8;19,2;19,8;19,2;100;100;100;227;5;2,8;
2026/03/24;1000 UTC;,2;959,9;960,1;959,7;5,2;19,3;19,3;19,4;19,2;19,4;19,2;100;100;100;212;3,2;1,4;
2026/03/24;1100 UTC;0;960,4;960,6;960,1;152,2;19,6;19,7;19,9;19,4;20;19,4;100;100;100;178;3,6;1,4;
2026/03/24;1200 UTC;0;961,4;961,4;961,3;828;20,1;19,1;20,1;20,1;19,1;19;95;94;95;175;5,3;3;
2026/03/24;1300 UTC;0;961,7;961,8;961,4;1037,9;20,5;19,4;21,2;20,2;20,2;19;97;90;94;173;4,9;1,9;
2026/03/24;1400 UTC;0;961,6;961,7;961,5;1206,7;20,9;19,4;21,4;20,5;20;18,8;95;88;92;174;2,8;1,3;
2026/03/24;1500 UTC;0;961,6;961,8;961,3;1148,3;21,9;19,6;22,4;21,5;20,1;19,1;92;85;89;140;2,4;1,2;
2026/03/24;1600 UTC;0;961,2;961,3;961;1060,8;22,6;19,9;23,1;22,2;20,6;19,4;89;83;86;168;2,2;1,2;
2026/03/24;1700 UTC;0;960,7;961;960,4;1476,9;23,6;20,2;24,2;23;21;19,8;88;79;83;194;2,3;1,2;
2026/03/24;1800 UTC;0;959,9;960,4;959,5;1407,1;24,6;20,4;25;24,1;21,3;19,9;84;76;79;212;4;1,9;
2026/03/24;1900 UTC;0;959,2;959,5;959;1453,1;24,9;20,7;25,2;24,6;21,2;20,3;82;77;79;201;2,8;1,4;
2026/03/24;2000 UTC;0;958,8;959;958,7;1174,9;25,2;20,7;25,9;24,6;21,3;20,3;82;73;77;173;4,3;1,7;
2026/03/24;2100 UTC;0;958,9;959,1;958,7;554,8;25,1;20,9;26,1;24,5;21,2;20,6;83;73;79;192;3,2;1,4;
2026/03/24;2200 UTC;0;959,1;959,3;959;45,2;23,3;20,8;24,6;22,6;21;20,8;92;82;88;166;4;1,9;
2026/03/24;2300 UTC;0;959,5;959,8;959,2;0;22,4;21;22,6;22,3;21,1;20,9;94;92;93;182;3;1,3;
2026/03/25;0000 UTC;0;960;960,3;959,8;0;21,9;20,8;22,4;21,3;21,1;20,4;96;93;94;110;5;2,8;
2026/03/25;0100 UTC;0;960,6;960,9;960,3;0;20,9;20,2;21,3;20,7;20,4;20;97;95;96;110;4,6;3,1;
2026/03/25;0200 UTC;0;961;961;960,9;0;20,7;19,9;20,8;20,6;20;19,7;97;95;96;96;6,5;4;
2026/03/25;0300 UTC;0;961;961;960,9;0;20,7;19,7;20,8;20,7;19,8;19,6;95;94;95;102;6,4;3,1;
2026/03/25;0400 UTC;0;961;961,1;960,9;0;20,6;19,7;20,7;20,6;19,8;19,6;96;95;95;99;5,1;3,3;
2026/03/25;0500 UTC;0;960,8;961;960,6;0;20,6;19,8;20,6;20,6;19,9;19,8;96;96;96;91;4,4;2,9;
2026/03/25;0600 UTC;0;960,7;961;960,6;0;20,6;20;20,6;20,6;20,1;19,9;98;96;97;87;4,7;2,9;
2026/03/25;0700 UTC;0;960,4;960,6;960,3;0;20,5;20,1;20,5;20,5;20,1;20;98;98;98;82;5,1;3,3;
2026/03/25;0800 UTC;0;960,6;960,9;960,3;0;20,6;20,2;20,7;20,5;20,3;20,1;98;98;98;113;1,6;1;
2026/03/25;0900 UTC;0;961;961,4;960,8;0;20,5;20,2;20,6;20,5;20,2;20,1;98;98;98;95;3,4;2,2;
2026/03/25;1000 UTC;0;961,7;962,1;961,4;6,3;20,5;20,2;20,6;20,5;20,2;20,1;99;98;98;119;2,1;1,2;
2026/03/25;1100 UTC;0;962,4;962,6;962;164,8;20,8;20,3;21,3;20,5;20,5;20,2;99;95;97;114;1,4;,7;
2026/03/25;1200 UTC;0;962,8;962,9;962,6;728,2;22,2;20,7;22,9;21,4;21,2;20,4;96;89;93;84;2,8;1,7;
2026/03/25;1300 UTC;0;962,9;963;962,8;1416,5;24,4;21,5;25,7;22,9;22,1;20,8;91;80;86;145;2,8;1,5;
2026/03/25;1400 UTC;0;962,7;962,9;962,6;1807,8;26,3;22,2;27,3;25,3;23;21,6;84;75;79;128;3,4;1,7;
2026/03/25;1500 UTC;0;962,6;962,7;962,1;2448,9;27,6;22,9;28,5;26,9;23,7;22,4;81;72;77;271;5,7;2,8;
2026/03/25;1600 UTC;0;961,8;962,1;961,6;1912,3;28,3;23;29,4;26,3;23,9;22,4;81;68;74;226;6,9;4,1;
2026/03/25;1700 UTC;0;961,6;961,7;961,4;2082,8;27,1;23;28,4;25,5;23,9;22,3;88;71;80;190;4,9;2,2;
2026/03/25;1800 UTC;0;961,3;961,5;961,2;1505,9;27,8;22,6;28,4;27,4;23,2;22,1;77;71;74;174;4,2;2,1;
2026/03/25;1900 UTC;0;960,8;961,1;960,6;2295,1;28,2;22,8;29;27,5;23,7;22,3;77;67;73;202;6,4;3;
2026/03/25;2000 UTC;0;960,9;961;960,6;1522,9;27,8;22,6;28,1;27,4;23,1;22;76;71;74;162;4,6;2,2;
2026/03/25;2100 UTC;0;961;961,1;960,9;777,4;27,6;21,9;28;27,2;22,3;21,4;74;67;72;165;3,3;1,2;
2026/03/25;2200 UTC;0;961,3;961,5;961,1;70,2;26;22,2;27,2;25;22,5;21,9;87;74;81;221;4;2,3;
2026/03/25;2300 UTC;0;962;962,4;961,5;0;24,7;22,6;25;24,1;22,8;22,5;92;87;89;200;5;2,3;
2026/03/26;0000 UTC;0;962,8;963,2;962,3;0;23,3;22,3;24,1;22,5;22,6;21,8;96;93;95;190;3,8;2;
2026/03/26;0100 UTC;0;963,4;963,6;963,2;0;22,1;21,6;22,5;21,7;21,8;21,5;99;96;98;163;3,1;1,4;
2026/03/26;0200 UTC;0;963,8;963,9;963,6;0;21,7;21,6;21,8;21,7;21,7;21,5;100;99;99;112;2,8;1,6;
2026/03/26;0300 UTC;0;963,5;963,9;963,3;0;21,9;21,7;22;21,8;21,8;21,6;99;98;99;92;4;2,1;
2026/03/26;0400 UTC;0;963,3;963,5;963,1;0;21,8;21,5;22;21,6;21,8;21,4;99;98;98;90;4,4;2,9;
2026/03/26;0500 UTC;0;963,2;963,3;963,1;0;21,5;21,5;21,6;21,5;21,5;21,4;100;99;100;144;2,4;1,2;
2026/03/26;0600 UTC;0;963,3;963,3;963,1;0;21,4;21,4;21,6;21,3;21,5;21,2;100;100;100;131;3,5;1,6;
2026/03/26;0700 UTC;0;963,2;963,3;963,1;0;21,3;21,1;21,3;21,2;21,2;20,8;100;98;99;111;3,4;2,2;
2026/03/26;0800 UTC;0;963;963,1;962,8;0;21,4;20,9;21,4;21,3;20,9;20,8;98;97;98;102;4,1;2,3;
2026/03/26;0900 UTC;0;962,9;963,1;962,7;0;21,3;21;21,4;21,3;21,1;20,8;99;98;98;70;2,3;1,6;
2026/03/26;1000 UTC;0;963,3;963,6;963;10,5;21,4;21,1;21,6;21,3;21,2;21,1;99;98;99;85;1,8;1,1;
2026/03/26;1100 UTC;0;963,8;964;963,6;224,8;21,9;21,2;22,8;21,6;21,5;21;98;92;96;85;2,7;1,6;
2026/03/26;1200 UTC;0;964,1;964,3;964,1;882,6;23,7;21,4;25;22,8;21,8;21,2;93;81;88;79;4,5;2,3;
2026/03/26;1300 UTC;0;964,1;964,2;964;1835,3;26,1;21,5;26,7;24,9;22,1;21,1;83;73;77;104;2,9;1,5;
2026/03/26;1400 UTC;0;964;964,2;963,8;2588,4;27,8;22,1;29,2;26,1;23,1;21,5;79;65;72;113;3,6;2;
2026/03/26;1500 UTC;0;963,6;963,8;963,3;3237;29,4;22,4;30,3;28,7;23,3;21,8;71;60;65;172;3,7;1,3;
2026/03/26;1600 UTC;0;963,1;963,3;962,8;2207,1;29,7;23,1;31;28,7;24;22,5;73;61;67;112;3,8;1,5;
2026/03/26;1700 UTC;0;962,4;962,8;962,1;1733,7;30,6;22,8;31,9;29,7;23,6;22,1;66;56;61;224;2,7;1;
2026/03/26;1800 UTC;0;961,8;962,1;961,6;1173,7;30,7;22,9;32;29,2;23,9;22,4;69;56;61;271;4,5;2,2;
2026/03/26;1900 UTC;0;961,4;961,6;961,2;1318,9;29,5;22,8;30,5;28,6;23,8;22,2;71;62;66;218;3,6;2,6;
2026/03/26;2000 UTC;0;961,3;961,4;961,2;797,7;29,1;22,3;30,8;28,1;23,4;21,8;70;61;66;157;2,9;1,6;
2026/03/26;2100 UTC;0;961,4;961,5;961,2;270;28;22,4;28,7;27,8;23;22;75;69;72;156;3,7;1,5;
2026/03/26;2200 UTC;0;961,8;962,1;961,5;51,2;26,6;21,9;27,9;25,3;23;21,1;80;74;76;117;4,1;2,4;
2026/03/26;2300 UTC;0;962,3;962,6;962;0;24,7;21,4;25,3;24,3;21,9;21,2;88;80;84;138;3,9;1,3;
2026/03/27;0000 UTC;0;963;963,2;962,6;0;24;22,1;24,3;23,9;22,5;21,8;93;88;90;117;4,5;2,5;
2026/03/27;0100 UTC;0;963,5;963,7;963,2;0;23,6;22,6;23,9;23,2;22,7;22,4;96;93;95;117;5,9;2,8;
2026/03/27;0200 UTC;0;963,7;963,8;963,6;0;22,8;22,1;23,2;22,6;22,4;21,8;97;96;96;110;5,4;3,3;
2026/03/27;0300 UTC;0;963,7;963,8;963,6;0;22,4;21,7;22,5;22,2;21,8;21,4;97;96;96;91;6,5;3,9;
2026/03/27;0400 UTC;0;963,7;963,9;963,6;0;22;21,4;22,1;21,8;21,4;21,3;97;96;97;92;4,7;3,4;
2026/03/27;0500 UTC;0;963,7;963,8;963,6;0;21,8;21,3;22;21,6;21,4;21,2;99;97;98;88;4,4;3,2;
2026/03/27;0600 UTC;0;963,5;963,6;963,4;0;21,6;21,4;21,7;21,6;21,5;21,4;99;99;99;121;1,9;1;
2026/03/27;0700 UTC;0;963,3;963,5;963,2;0;21,4;21,3;21,7;21,1;21,5;21,1;100;99;100;130;3,1;1,6;
2026/03/27;0800 UTC;0;963,5;963,7;963,3;0;21,2;21,2;21,3;21;21,3;21,1;100;100;100;95;3,4;2,3;
2026/03/27;0900 UTC;0;963,8;964;963,6;0;21;21;21,2;20,9;21,2;20,9;100;100;100;79;3,5;2,6;
2026/03/27;1000 UTC;0;964,4;964,8;964;13,3;21;21;21,2;20,8;21,2;20,9;100;100;100;69;3,2;2,2;
2026/03/27;1100 UTC;0;965,2;965,5;964,8;361,5;21,9;21,6;23,4;21,2;21,9;21,2;100;90;98;63;4,5;2,2;
2026/03/27;1200 UTC;0;965,6;965,7;965,5;1191,3;24,8;21,1;26,1;23,4;21,6;20,7;90;74;82;43;5,6;3,5;
2026/03/27;1300 UTC;0;965,8;965,8;965,7;1958,7;27,7;21,5;29,1;26,2;22,2;21,1;77;65;69;58;5,7;3,2;
2026/03/27;1400 UTC;0;965,6;965,8;965,3;2608,4;30,2;22,1;30,8;28,9;22,8;21,6;66;56;59;272;6,1;3,6;
2026/03/27;1500 UTC;0;965,2;965,4;964,8;2983,6;31,4;22,2;31,9;30,8;22,7;21,8;58;52;54;283;5,2;2,7;
2026/03/27;1600 UTC;0;964,4;964,8;963,9;2628,5;32,1;22,1;33,5;30,9;23,3;21,3;56;44;50;293;4,6;2,3;
2026/03/27;1700 UTC;0;963,6;963,9;963,3;1913,9;32,5;21,9;33,6;31,8;22,9;21,4;51;44;47;270;5,4;2,5;
2026/03/27;1800 UTC;0;963,1;963,3;963;664,3;31,7;21,8;32,6;31,5;22,8;21,2;56;46;50;177;1,1;,4;
2026/03/27;1900 UTC;0;962,8;963;962,7;1089,8;30,9;22,1;32,2;29,5;23,1;21,4;64;48;56;242;4,7;1,8;
2026/03/27;2000 UTC;0;962,4;962,4;962,4;254,2;31,9;22,3;31,9;31,9;22,3;22,3;52;52;52;236;1,8;1,2;
2026/03/27;2100 UTC;0;962,7;962,7;962,7;70,8;29,5;21,9;29,5;29,5;21,9;21,9;62;62;62;237;1,8;1,3;
2026/03/27;2200 UTC;0;963,3;963,3;963,3;0;27,5;21,2;27,5;27,5;21,2;21,2;68;68;68;184;2,3;1,5;
2026/03/27;2300 UTC;0;963,7;964,1;963,4;0;26,5;21,4;27,8;25,8;21,7;20,7;78;65;74;105;,8;,4;
2026/03/28;0000 UTC;0;964,5;964,8;964,2;0;25,8;21,2;26,1;25,4;21,5;20,8;79;74;77;137;1,9;,7;
2026/03/28;0100 UTC;0;965;965,2;964,8;0;26,3;21;26,7;25,7;21,2;20,6;76;71;73;137;2,2;,8;
2026/03/28;0200 UTC;0;965,2;965,3;965,1;0;26;21,5;26,2;25,4;21,8;21,2;81;75;78;105;3,8;2,3;
2026/03/28;0300 UTC;0;965,3;965,4;965,3;0;25,3;21,8;25,6;24,9;21,9;21,7;84;81;83;107;3,3;2,2;
2026/03/28;0400 UTC;0;965,3;965,4;965,1;0;24,6;21,8;25;24,3;21,9;21,8;88;84;86;104;3,7;2,2;
2026/03/28;0500 UTC;0;965;965,2;964,8;0;23,8;21,8;24,5;23,5;21,8;21,7;91;86;90;88;2,9;2;
2026/03/28;0600 UTC;0;965;965,1;964,9;0;23,6;21,6;23,9;23,2;21,7;21,5;92;89;90;54;2,9;1,5;
2026/03/28;0700 UTC;0;964,8;965;964,7;0;23,7;21,5;24;23,6;21,6;21,3;90;88;89;50;4,7;2,5;
2026/03/28;0800 UTC;0;964,8;965;964,7;0;23,9;20,9;24,5;23,6;21,3;20,6;88;81;85;39;5,7;3,9;
2026/03/28;0900 UTC;0;965,2;965,4;964,9;0;23,8;20,6;24,5;23,1;20,6;20,5;88;81;84;60;4,2;2,2;
2026/03/28;1000 UTC;0;965,8;966,2;965,3;10,2;22,6;20,6;23;22,3;20,6;20,5;91;88;90;87;2,9;1,7;
2026/03/28;1100 UTC;0;966,6;966,9;966,2;311,5;22,9;20,9;24,1;22,3;21,2;20,6;93;85;90;74;4,1;2,3;
2026/03/28;1200 UTC;0;967,1;967,2;966,8;1156,9;25,5;21,5;26,6;24,2;21,9;21,1;85;75;80;41;5,8;3,9;
2026/03/28;1300 UTC;0;967,1;967,2;966,9;1926,6;28,2;22,2;29,3;26,6;22,7;21,7;76;66;70;83;5;2,5;
2026/03/28;1400 UTC;0;966,9;967;966,7;2553;30,6;22,7;31,7;29,4;23,1;22,3;67;53;61;105;6,1;3,1;
2026/03/28;1500 UTC;0;966,5;966,7;966,3;2968,9;32,3;23,1;33,3;31,5;23,7;22,4;57;51;54;84;5;2,5;
2026/03/28;1600 UTC;0;965,9;966,3;965,6;2259,2;32,9;23,1;33,7;31,7;24,1;22,3;56;48;51;177;2,6;1,2;
2026/03/28;1700 UTC;0;965,2;965,6;964,6;2490;33,5;23;34,6;32,1;23,9;22,3;58;41;47;268;4,7;1,8;
2026/03/28;1800 UTC;0;964,2;964,7;963,9;2539,8;34,2;23,2;35,1;33,2;23,7;22,6;49;41;45;290;4,6;2,5;
2026/03/28;1900 UTC;0;964;964,2;963,8;1113,9;32,6;23;34,1;31,3;23,6;22,4;56;44;52;300;4,5;2;
2026/03/28;2000 UTC;0;964;964,1;964;472,8;30,8;22,5;31,4;30,4;23,8;21,7;63;53;58;222;2,5;1,4;
2026/03/28;2100 UTC;0;964,2;964,5;963,9;279,6;30;22,3;30,7;28,8;22,8;21;64;57;61;123;4,4;2,2;
2026/03/28;2200 UTC;0;964,6;964,7;964,5;36,8;28,3;20,3;28,8;28,1;21,1;20;62;59;60;152;1,9;1,1;
2026/03/28;2300 UTC;0;965,1;965,5;964,7;0;27,4;20,5;28,1;27;21,4;19,6;71;59;66;211;2,9;1,3;
2026/03/29;0000 UTC;0;965,8;965,8;965,8;0;26,5;21,5;26,5;26,5;21,5;21,5;75;75;75;156;2;1,3;
2026/03/29;0100 UTC;0;965,7;965,8;965,6;0;25,8;21,4;26,4;25,1;21,5;21,2;82;75;78;249;2;1,3;
2026/03/29;0200 UTC;0;965,8;966;965,6;0;25;21,7;25,3;24,5;22;21,4;87;81;84;144;,8;,3;
2026/03/29;0300 UTC;0;966,1;966,2;966;0;24,7;21,9;24,9;24,5;22;21,7;87;85;86;209;2,8;1,7;
2026/03/29;0400 UTC;0;966;966,1;965,7;0;24,6;22,1;24,9;24,3;22,3;21,8;89;86;87;111;2,9;1,8;
2026/03/29;0500 UTC;0;965,4;965,7;965,1;0;24,1;22,2;24,9;23,7;22,3;22,1;92;87;91;63;2,7;1,6;
2026/03/29;0600 UTC;0;965;965;964,9;0;23,6;21,9;23,7;23,6;21,9;21,9;91;91;91;83;2,2;1,7;
2026/03/29;0700 UTC;0;965;965;964,9;0;23,3;21,8;23,7;22,6;21,9;21,7;96;91;93;76;2,8;1,8;
2026/03/29;0800 UTC;0;965,2;965,4;965;0;22,7;21,8;23;22,4;21,9;21,7;97;94;96;91;,9;,5;
2026/03/29;0900 UTC;0;965,5;965,6;965,4;0;22,3;21,7;22,9;21,9;22;21,4;99;94;97;86;3;2,1;
2026/03/29;1000 UTC;0;965,9;966,2;965,6;10,3;21,9;21,6;22,2;21,8;21,7;21,5;99;97;99;83;2,9;2,2;
2026/03/29;1100 UTC;0;966,5;966,8;966,2;330,6;22,8;21,6;24,1;21,9;21,8;20,8;99;84;94;67;4;2,2;
2026/03/29;1200 UTC;0;966,9;967,1;966,8;1395,5;26;21,1;26,4;25,7;21,6;20,9;77;74;75;65;3,5;1,8;
2026/03/29;1300 UTC;0;967,2;967,2;967;1945,8;28;21,5;29,4;26,6;22,4;20,9;74;61;68;59;3,5;1,7;
2026/03/29;1400 UTC;0;966,7;967;966,4;2585,9;30,5;21,9;31,7;28,9;22,7;21,4;65;51;57;188;3,7;2,3;
2026/03/29;1500 UTC;0;966,1;966,4;965,8;3020,6;32,1;22,3;32,7;31,5;23,1;21,7;54;48;51;297;4,1;2,2;
2026/03/29;1600 UTC;0;965,4;965,8;964,9;3208,1;33,3;22,6;34,1;32,4;23,2;21,7;50;42;46;298;5;2,5;
2026/03/29;1700 UTC;0;964,5;964,9;964,2;2774,4;33,9;22,5;34,9;32,7;23,8;21,5;47;39;43;232;4,3;2,1;
2026/03/29;1800 UTC;0;963,5;964,1;962,9;2439,2;34,4;22,3;35;33,7;23,2;21,7;44;36;39;281;5,2;2,6;
2026/03/29;1900 UTC;0;962,8;962,9;962,5;2043,2;34,7;22,3;35;34,2;22,8;21,8;41;36;38;251;4,1;2;
2026/03/29;2000 UTC;0;962,6;962,7;962,5;1172,4;34,3;22,1;35,2;33,7;22,8;21,5;43;35;39;208;4,9;2,1;
2026/03/29;2100 UTC;0;962,8;963,1;962,6;593,9;33,6;22,2;34;32,8;22,8;21,7;46;40;43;173;3,2;1,5;
2026/03/29;2200 UTC;0;963,5;964;963,1;52,4;31,2;21,7;32,8;30,1;22,2;21,3;60;45;52;189;4,6;1,7;
2026/03/29;2300 UTC;0;964,5;964,8;964;0;28,6;21,9;30,2;27,6;22,6;21,5;70;61;67;123;3,8;2;
2026/03/30;0000 UTC;0;964,9;965,1;964,7;0;27,2;21,4;27,6;26,9;21,6;21;73;69;71;100;5;3,1;
2026/03/30;0100 UTC;0;965,5;965,8;965,1;0;26,6;20,9;27,2;26,1;21,1;20,7;73;69;71;107;4,9;3;
2026/03/30;0200 UTC;0;965,8;965,9;965,7;0;25,7;20,9;26,2;25,2;21;20,8;79;73;76;109;4,4;2,2;
2026/03/30;0300 UTC;0;965,6;965,8;965,3;0;24,8;21,3;25,2;24,2;21,6;21;86;79;82;80;3,8;2,1;
2026/03/30;0400 UTC;0;965,2;965,4;965,1;0;24;21,8;24,2;23,7;22,1;21,4;92;86;89;94;3,2;2,1;
2026/03/30;0500 UTC;0;964,4;964,4;964,4;0;23;22,2;23;23;22,2;22,2;96;96;96;75;2,1;1,8;
2026/03/30;0600 UTC;0;964,3;964,4;964,1;0;23,1;22,3;23,2;22,9;22,4;22,2;97;95;96;90;2,4;1,4;
2026/03/30;0700 UTC;0;964;964,1;963,9;0;22,8;22,3;23;22,6;22,5;22,2;98;96;97;101;1,3;,7;
2026/03/30;0800 UTC;0;964;964,1;963,9;0;22,4;22,3;22,6;22,3;22,5;22,1;100;98;100;128;1,4;,7;
2026/03/30;0900 UTC;0;964,3;964,6;964,1;0;22,1;22,2;22,3;21,9;22,3;21,9;100;100;100;116;2,2;1,5;
2026/03/30;1000 UTC;0;964,8;964,9;964,7;11,8;21,6;21,6;21,9;21,4;21,9;21,4;100;100;100;93;2,9;1,7;
2026/03/30;1100 UTC;0;965,2;965,4;964,9;333,5;22;22;22,7;21,5;22,7;21,6;100;100;100;85;2,2;1,3;
2026/03/30;1200 UTC;0;965,3;965,5;965,1;1228,1;24,8;22,9;26,8;22,7;23,4;22,3;100;78;91;42;2,2;1,2;
2026/03/30;1300 UTC;0;964,9;965,1;964,7;1888,9;28,1;22,6;28,8;26,8;23,2;21,8;79;67;73;232;2,7;1,3;
2026/03/30;1400 UTC;0;964,6;964,7;964,4;2536,4;29,7;22,8;31,1;28,5;23,6;22;71;57;65;141;2,8;1,2;
2026/03/30;1500 UTC;0;964,2;964,4;963,8;3068,9;31,3;22,7;32,5;30,5;24;21,9;65;50;57;177;3,6;1,4;
2026/03/30;1600 UTC;0;963,4;963,8;962,8;2789,8;31,8;22,3;32,7;30,8;23,5;21,5;59;49;53;165;2,7;1,4;
2026/03/30;1700 UTC;0;962,5;962,9;962,1;2592,2;32,4;22,4;32,9;31,6;23;21,7;54;47;50;231;6,3;3,3;
2026/03/30;1800 UTC;0;961,6;962,1;961,2;2329;32,7;21,8;33,3;32,2;22,6;21,2;49;43;46;199;5,7;2,5;
2026/03/30;1900 UTC;0;960,9;961,3;960,7;1527,2;32;21,4;33;31,5;22,6;20,9;51;44;47;196;5,8;1,9;
2026/03/30;2000 UTC;0;960,8;961;960,6;1309,3;31,7;22,3;33;30,6;22,7;21,7;59;46;53;181;6,9;3;
2026/03/30;2100 UTC;0;960,8;961;960,6;422,5;29,8;22,1;31;28,8;22,8;21;65;58;62;144;5,4;2,2;
2026/03/30;2200 UTC;0;961,4;961,8;961;18,8;27,9;21,1;28,8;26,9;21,8;20,7;75;61;66;120;6,2;2,8;
2026/03/30;2300 UTC;0;961,9;962,2;961,7;0;26,1;21,5;26,9;25,5;22,1;21,1;78;75;77;112;6,1;3,3;
2026/03/31;0000 UTC;0;962,3;962,6;962;0;25;21,2;25,4;24,5;21,3;21,2;83;79;81;102;4,2;2,5;
2026/03/31;0100 UTC;0;962,4;962,6;962,2;0;24,1;21,1;24,5;23,9;21,2;20,7;86;83;85;104;6,4;3,9;
2026/03/31;0200 UTC;0;962,4;962,5;962,2;0;23,4;20,6;23,9;22,9;20,8;20,6;88;85;86;112;4,6;3;
2026/03/31;0300 UTC;0;962,1;962,4;961,8;0;22,8;20,6;22,9;22,7;20,6;20,6;90;89;89;105;5,5;3,2;
2026/03/31;0400 UTC;0;962;962;961,8;0;22,3;20,6;22,7;22,1;20,7;20,6;93;90;92;101;4,4;2,4;
2026/03/31;0500 UTC;0;961,6;961,9;961,3;0;21,8;20,6;22,1;21,6;20,6;20,5;95;93;94;112;1,8;1,3;
2026/03/31;0600 UTC;0;961;961,3;960,7;0;21,4;20,4;21,6;21,2;20,6;20,2;96;94;95;97;2,4;1,8;
2026/03/31;0700 UTC;0;960,5;960,5;960,5;0;20,7;20,3;20,7;20,7;20,3;20,3;98;98;98;101;2,3;1,7;
2026/03/31;0800 UTC;0;960,5;960,5;960,5;0;20;19,9;20;20;19,9;19,9;100;100;100;182;1;,4;
2026/03/31;0900 UTC;0;960,9;960,9;960,9;0;19,7;19,6;19,7;19,7;19,6;19,6;99;99;99;109;2,4;2;
2026/03/31;1000 UTC;0;961,5;961,5;961,5;57,3;19,7;19,3;19,7;19,7;19,3;19,3;98;98;98;107;4,2;2,8;
2026/03/31;1100 UTC;0;961,6;961,6;961,6;803,7;21,2;19,6;21,2;21,2;19,6;19,6;92;92;92;89;5,9;4,4;
2026/03/31;1200 UTC;0;961,6;961,6;961,6;1571,1;24,4;19,8;24,4;24,4;19,8;19,8;77;77;77;81;6,8;5,3;
2026/03/31;1300 UTC;0;961,6;961,6;961,6;2303,3;26,9;20,3;26,9;26,9;20,3;20,3;67;67;67;69;6,8;4,4;
2026/03/31;1400 UTC;0;961;961;961;2877,9;29;20,6;29;29;20,6;20,6;58;58;58;50;6,4;3,6;
2026/03/31;1500 UTC;0;960,2;960,2;960,2;3198,8;30,4;21,1;30,4;30,4;21,1;21,1;54;54;54;49;4,4;3,3;
2026/03/31;1600 UTC;0;959,4;959,4;959,4;3092,1;30,6;21;30,6;30,6;21;21;52;52;52;80;5,5;3,8;
2026/03/31;1700 UTC;0;958,5;958,5;958,5;1431,3;31,3;21;31,3;31,3;21;21;49;49;49;54;4,5;2,9;
2026/03/31;1800 UTC;0;957,8;957,8;957,8;2072,7;32;21,2;32;32;21,2;21,2;46;46;46;48;5;2,6;
2026/03/31;1900 UTC;0;957,2;957,2;957,2;1853;31,4;20,4;31,4;31,4;20,4;20,4;45;45;45;83;3,1;2,1;
2026/03/31;2000 UTC;0;956,9;956,9;956,9;980,4;30,5;20;30,5;30,5;20;20;48;48;48;119;4,4;3,2;
2026/03/31;2100 UTC;0;957;957;957;208;29,5;19,4;29,5;29,5;19,4;19,4;50;50;50;109;2,2;1,4;
2026/03/31;2200 UTC;0;957,7;957,7;957,7;0;27,1;19;27,1;27,1;19;19;59;59;59;101;3;2,2;
2026/03/31;2300 UTC;0;958,6;958,6;958,6;0;25,5;19,9;25,5;25,5;19,9;19,9;72;72;72;115;4,8;3,7;
2026/04/01;0000 UTC;0;959,3;959,3;959,3;0;24,1;20;24,1;24,1;20;20;79;79;79;92;4,2;3,3;
2026/04/01;0100 UTC;0;959,5;959,7;959,3;0;23,4;19,9;24,1;22,8;20;19,8;85;80;82;86;5,2;3,4;
2026/04/01;0200 UTC;0;959,7;959,8;959,7;0;22,6;19,6;22,8;22,5;19,8;19,3;86;84;85;85;6,7;4;
2026/04/01;0300 UTC;0;959,7;959,8;959,5;0;22;19,4;22,5;21,5;19,4;19,3;89;84;87;84;4,4;2,7;
2026/04/01;0400 UTC;0;959,5;959,6;959,4;0;21,2;19,4;21,5;20,9;19,5;19,3;93;90;91;77;4,3;3;
2026/04/01;0500 UTC;0;959,3;959,5;959,1;0;21,2;19,2;21,4;20,9;19,6;18,7;93;88;90;82;5,7;3,4;
2026/04/01;0600 UTC;0;959;959,2;958,8;0;20,9;18,3;21,1;20,6;18,8;17,7;89;86;87;65;3,5;1,7;
2026/04/01;0700 UTC;0;958,5;958,8;958,2;0;20,4;17,5;20,7;20,1;17,7;17,2;87;85;86;46;5,4;3,3;
2026/04/01;0800 UTC;0;958,2;958,4;958,2;0;19,8;17,2;20,2;19,3;17,2;17,1;89;85;87;67;4;2;
2026/04/01;0900 UTC;0;958,8;959;958,4;0;19;17;19,4;18,4;17,2;16,9;93;89;90;71;3,6;2;
2026/04/01;1000 UTC;0;959,3;959,6;959;7,5;18,7;16,8;18,9;18,4;16,9;16,7;93;89;90;70;3,6;2,2;
2026/04/01;1100 UTC;0;959,9;960,3;959,7;345,4;19,3;17,1;20,5;18,7;17,4;16,8;92;83;89;76;4,2;2,7;
2026/04/01;1200 UTC;0;960,4;960,5;960,3;1193,3;21,9;17,4;23,4;20,4;17,9;16,9;84;72;77;53;4,5;2,3;
2026/04/01;1300 UTC;0;960,3;960,4;960;1955,4;24,6;18,3;26,1;23,1;19;17,5;73;63;68;107;5,5;2,9;
2026/04/01;1400 UTC;0;959,8;960;959,5;2581,8;26,8;19,3;28,5;25,3;20,3;18,5;67;56;62;52;5,8;3;
2026/04/01;1500 UTC;0;959,3;959,5;959;2735,1;28,6;19,8;29,7;28;20,5;19,3;59;52;56;63;4;1,6;
2026/04/01;1600 UTC;0;958,5;959;958,1;3272,9;29,6;20,1;31,1;28,7;21,2;19,4;58;47;52;123;3,2;1,4;
2026/04/01;1700 UTC;0;957,7;958;957,1;2443,6;30;20;30,9;29;20,7;19,1;54;47;50;208;5;1,4;
2026/04/01;1800 UTC;,2;957;957,1;956,9;1005,6;28,3;19,1;30,9;25,2;20,4;17,6;65;45;54;46;4,2;1,4;
2026/04/01;1900 UTC;0;956,5;957,1;956,2;1405;28,6;19,7;29,3;27,1;20,6;18,9;64;48;55;35;3;1,5;
2026/04/01;2000 UTC;0;956,2;956,3;956;854,1;29;19,4;30,5;27,9;20,3;18,5;58;44;52;33;4,4;2,8;
2026/04/01;2100 UTC;0;956,2;956,4;956,1;321,5;27,8;19,6;28,7;26,4;20;19,4;66;54;59;38;3,1;2,1;
2026/04/01;2200 UTC;0;956,6;956,9;956,4;19;26;19,1;26,4;25,2;19,6;18,2;70;60;66;279;1,8;1,3;
2026/04/01;2300 UTC;0;957,7;958;956,9;0;25,2;19,2;25,7;24,7;19,6;18,9;72;68;70;115;4,9;2,8;
2026/04/02;0000 UTC;0;958,4;958,8;958;0;24,5;19,1;25,3;23,8;19,7;18,2;76;69;73;95;6,7;4,4;
2026/04/02;0100 UTC;0;959,3;959,5;958,8;0;22,8;18,6;23,8;22,1;18,9;18,1;81;72;79;79;6,1;3,9;
2026/04/02;0200 UTC;0;959,6;959,7;959,5;0;21,8;17,9;22,1;21,4;18,1;17,7;83;79;81;78;4,9;3,1;
2026/04/02;0300 UTC;0;959,5;959,7;959,3;0;21,1;17,9;21,3;20,9;18;17,6;85;83;84;55;4,5;2,6;
2026/04/02;0400 UTC;0;959,4;959,6;959,3;0;20,8;17,4;21;20,6;17,6;17,3;84;83;83;57;4,2;1,9;
2026/04/02;0500 UTC;0;959,5;959,7;959,3;0;20,5;17,2;20,6;20,1;17,3;17,2;86;83;84;47;4,2;2,1;
2026/04/02;0600 UTC;0;959,2;959,3;959,1;0;19,3;17,3;20,3;18,9;17,5;17,2;92;85;90;79;3,2;2,3;
2026/04/02;0700 UTC;0;959,2;959,2;959,1;0;19;17,4;19,1;18,8;17,5;17,4;93;92;92;57;3,3;1,7;
2026/04/02;0800 UTC;0;959,2;959,4;959,1;0;18,8;17,4;19;18,5;17,5;17,3;94;92;93;69;2,2;1,5;
2026/04/02;0900 UTC;;;;;;;;;;;;;;;;;;
2026/04/02;1000 UTC;0;959,7;960;959,5;7,3;18,7;17,1;18,8;18,1;17,2;16,9;95;91;92;103;2,2;1,5;
2026/04/02;1100 UTC;0;960,1;960,3;959,9;353,7;18,7;17,6;20,1;18;18,1;17,1;96;90;94;71;2,9;1,8;
2026/04/02;1200 UTC;0;960,4;960,6;960,2;1157,3;21,9;18,4;24,4;20,1;19,2;17,9;90;72;83;132;2,7;1,4;
2026/04/02;1300 UTC;0;960,6;960,8;960,5;1922,6;25,6;19,7;26,6;24,4;20,7;18,9;74;68;71;303;4,3;2,5;
2026/04/02;1400 UTC;0;960,6;960,7;960,5;2586,7;27,7;20,7;28,9;26,3;21,3;20,3;71;57;65;302;5,7;3,2;
2026/04/02;1500 UTC;0;960,4;960,7;960,1;3043,2;29,7;20,4;30,7;28,6;21,2;19,7;62;48;53;267;5,6;3;
2026/04/02;1600 UTC;0;959,9;960,2;959,2;2380,7;29,1;19,7;30,8;27,4;21;18,8;58;45;53;229;3,8;2;
2026/04/02;1700 UTC;0;958,6;959,1;958,1;2676,7;30,8;19,8;32,6;29,3;20,5;19;51;36;45;269;6,4;3,6;
2026/04/02;1800 UTC;0;957,9;958,2;957,7;2621,8;32,2;19,1;32,9;31,5;20,1;17,9;38;27;34;278;7,3;3,7;
2026/04/02;1900 UTC;0;957,7;957,8;957,5;1982,1;32,4;19,3;32,9;31,7;19,9;18,9;37;32;35;250;4,4;1,7;
2026/04/02;2000 UTC;0;957,7;957,9;957,5;1279,9;32,4;19,1;32,8;31,4;19,7;18,8;37;31;33;285;4,8;2,3;
2026/04/02;2100 UTC;0;958,3;959;957,8;67,8;28,8;19;31,2;26,1;20,3;17,7;70;38;51;208;8,5;3,7;
2026/04/02;2200 UTC;0;959,3;959,7;958,9;3,9;24,8;19,6;26;23,2;20;18,9;80;69;74;171;6,8;2,9;
2026/04/02;2300 UTC;0;960,2;960,7;959,7;0;23,1;19,6;23,6;22,7;20,3;18,9;88;77;83;169;2,8;1,2;
2026/04/03;0000 UTC;0;960,8;961,1;960,6;0;22,3;20,2;22,8;22;20,4;20;91;87;90;180;1,6;,6;
2026/04/03;0100 UTC;0;961,4;961,6;961,1;0;22,3;20,1;22,6;22;20,4;19,9;92;88;89;84;5;2,9;
2026/04/03;0200 UTC;0;961,8;961,8;961,6;0;21,9;19,4;22,4;21,4;20;18,6;89;86;87;104;2,9;1,8;
2026/04/03;0300 UTC;0;961,7;961,8;961,4;0;20,9;18,8;21,5;20,6;19;18,5;91;85;89;71;3,5;2,3;
2026/04/03;0400 UTC;0;961,4;961,5;961,4;0;20,7;18,7;21,2;20,5;19,2;18,6;91;89;90;44;5,3;2,9;
2026/04/03;0500 UTC;0;961,2;961,3;961;0;21,5;19,5;21,6;21,3;19,6;19,2;91;89;90;38;4,9;3;
2026/04/03;0600 UTC;0;961;961,1;960,8;0;20,5;19,5;20,7;20,3;19,5;19,4;96;94;95;57;2,7;1,5;
2026/04/03;0700 UTC;0;960,8;960,9;960,7;0;20,3;19,4;20,5;20,2;19,6;19,3;97;95;96;87;2,6;2;
2026/04/03;0800 UTC;0;960,7;960,8;960,6;0;19,6;19,3;20,2;19,3;19,4;19,1;100;96;98;106;1,9;1,4;
2026/04/03;0900 UTC;0;960,9;961,2;960,7;0;19;19;19,3;18,8;19,2;18,9;100;99;100;47;1,7;1,1;
2026/04/03;1000 UTC;0;961,6;962,1;961,2;7,4;19,1;19,1;19,2;18,9;19,3;18,9;100;100;100;271;1,3;,4;
2026/04/03;1100 UTC;0;962,3;962,5;962,1;241,6;19,8;19,4;20,2;19,2;19,6;19,3;100;97;98;71;1,1;,6;
2026/04/03;1200 UTC;0;962,7;962,9;962,5;1234,3;22;19,9;24;20,2;20,9;19,4;96;80;90;67;2,7;1,5;
2026/04/03;1300 UTC;0;962,9;962,9;962,8;1870,5;24,8;20,2;25,8;23,5;20,9;19,8;84;72;77;305;3,3;2;
2026/04/03;1400 UTC;0;962,7;962,8;962,5;2370,4;26,5;20,6;27,7;25,4;21,1;20,1;75;66;71;287;5,6;3,1;
2026/04/03;1500 UTC;0;962,3;962,6;962,1;2296,2;28,5;20,9;29,4;27,7;21,5;20,5;68;59;62;285;6,3;3,8;
2026/04/03;1600 UTC;0;961,6;962;961,3;2815,2;30,3;20,7;31,6;29,4;21,3;19,5;58;44;52;292;7,7;3,7;
2026/04/03;1700 UTC;0;961;961,3;960,6;2204,5;31;20,2;31,8;30;20,9;19,3;53;39;46;279;8;4;
2026/04/03;1800 UTC;0;960,4;960,7;960,1;2563;32,2;20,4;32,9;31,5;21;19,8;43;38;41;274;7,2;3,4;
2026/04/03;1900 UTC;0;960;960,1;959,8;1573;31,4;20,4;32,9;30,2;20,8;19,8;50;39;45;219;7,5;3,4;
2026/04/03;2000 UTC;0;959,9;959,9;959,7;1196;31;20,4;31,4;29,9;20,8;19,9;51;46;47;228;5;2,5;
2026/04/03;2100 UTC;0;959,9;960,1;959,7;510,7;30,5;19,9;31,1;29,7;20,4;19,5;49;46;47;223;4,2;2;
2026/04/03;2200 UTC;0;960,4;960,9;960,1;27,6;28;19,5;29,7;26,7;19,9;19,4;66;50;58;218;2,8;1,5;
2026/04/03;2300 UTC;0;961,2;961,6;960,9;0;26,3;20,4;26,7;25,9;20,7;19,8;73;66;71;171;4,4;2;
2026/04/04;0000 UTC;0;962,1;962,6;961,6;0;25,1;20,4;25,9;24,5;20,5;20,3;79;73;76;134;2,9;1,2;
2026/04/04;0100 UTC;0;962,8;963;962,6;0;24,3;20,5;24,6;24;20,6;20,4;83;79;81;111;3,4;1,9;
2026/04/04;0200 UTC;0;963;963,1;962,9;0;23,6;20,6;24;23,2;20,7;20,6;87;83;85;100;2,6;1,9;
2026/04/04;0300 UTC;0;963;963,1;962,9;0;22,8;20,6;23,3;22,2;20,7;20,5;92;87;89;99;2;1,5;
2026/04/04;0400 UTC;0;963;963,1;962,8;0;22,2;20,6;22,6;21,9;20,7;20,5;94;90;92;112;2;1,4;
2026/04/04;0500 UTC;0;962,8;963;962,6;0;21,4;20,5;22;20,8;20,7;20,2;97;93;96;94;2,3;1,6;
2026/04/04;0600 UTC;0;962,4;962,6;962,1;0;20,9;20,5;21,1;20,5;20,7;20,2;99;97;98;90;2,3;1,7;
2026/04/04;0700 UTC;0;962,1;962,2;961,8;0;20,5;20,3;20,7;20,3;20,6;20,1;100;98;99;89;2;1,7;
2026/04/04;0800 UTC;0;961,7;961,9;961,5;0;19,9;19,8;20,4;19,7;20,2;19,6;100;99;100;63;2,2;1,2;
2026/04/04;0900 UTC;0;962,2;962,6;961,9;0;20,1;19,8;20,2;19,8;20;19,7;100;98;99;97;1,5;1,1;
2026/04/04;1000 UTC;0;963;963,4;962,6;7,5;19,8;19,7;20;19,5;19,8;19,5;100;99;100;94;1,9;1,6;
2026/04/04;1100 UTC;0;963,6;963,6;963,3;410;20;20;21,2;19,6;20,5;19,7;;;;70;2;;
2026/04/04;1200 UTC;0;963,7;963,8;963,6;1240;22,8;20;24,3;21,3;20,5;19,7;96;79;86;74;3,4;1,8;
2026/04/04;1300 UTC;0;963,6;963,8;963,5;1881,7;25,9;20,4;27,2;24,4;20,7;20;80;65;72;220;2,3;1,2;
2026/04/04;1400 UTC;0;963,6;963,8;963,5;2513,9;28,5;20,1;29,6;27,2;20,7;19,1;65;49;58;290;4,3;2,5;
2026/04/04;1500 UTC;0;963,5;963,6;963,2;2787,9;30,2;19,9;30,8;29,4;20,9;17,8;53;41;48;240;7,1;3,1;
2026/04/04;1600 UTC;0;963,1;963,3;962,9;2740,3;31,2;20,3;31,8;30,3;20,8;19,8;49;42;45;233;6;2,9;
2026/04/04;1700 UTC;0;962,7;963;962,2;2728;31,5;20,4;32,2;30,1;21,1;19,1;46;42;44;226;6,4;3,1;
2026/04/04;1800 UTC;0;961,9;962,2;961,5;2340;31,8;20,2;32,6;30,7;20,9;19,7;48;37;42;224;7;3,5;
2026/04/04;1900 UTC;0;961,5;961,7;961,1;1745,8;31,9;20,2;32,5;30,9;20,9;19,6;45;38;42;220;6;2,1;
2026/04/04;2000 UTC;0;961,5;962;961;616,7;30,4;20,1;32,4;29;21,3;19,8;55;42;49;178;8,5;2,5;
2026/04/04;2100 UTC;0;962;962,4;961,9;372;28,8;19,4;29,4;27,9;20,1;18,6;57;50;53;205;7,1;2,4;
2026/04/04;2200 UTC;0;962,6;962,9;962,2;17,6;26,4;20,1;27,8;25,4;20,8;19,3;72;60;69;174;7,4;2,8;
2026/04/04;2300 UTC;0;963,2;963,5;962,9;0;24,6;19,8;25,3;24;20,3;19,4;81;72;76;173;5,4;2,2;
2026/04/05;0000 UTC;0;964;964,7;963,5;0;23,4;20,3;24;22,9;20,8;19,6;88;79;84;188;5,2;2,2;
2026/04/05;0100 UTC;0;964,8;965,2;964,5;0;22,5;19,7;22,9;22,1;20,1;19,4;87;85;86;168;4,3;2;
2026/04/05;0200 UTC;0;964,9;965,2;964,8;0;21,9;19,6;22,1;21,7;19,7;19,4;89;87;88;155;4,2;1,5;
2026/04/05;0300 UTC;0;965,1;965,2;965;0;21,4;19,3;21,7;21,2;19,6;19,2;90;89;89;164;3,5;1,9;
2026/04/05;0400 UTC;0;965,4;965,7;965,2;0;21,2;19,4;21,4;20,9;19,5;19,2;92;90;91;121;3,3;1,7;
2026/04/05;0500 UTC;0;965,5;965,7;965,3;0;20,7;19,1;20,9;20,6;19,2;18,9;93;91;92;126;4;2,1;
2026/04/05;0600 UTC;0;965,8;966;965,7;0;20,7;18,7;20,8;20,6;18,9;18,5;91;89;90;111;4,2;2,4;
2026/04/05;0700 UTC;0;965,7;965,9;965,5;0;20,8;18,6;20,9;20,7;18,7;18,5;90;88;89;117;5,4;2,7;
2026/04/05;0800 UTC;0;965,5;965,6;965,4;0;20,8;18,6;20,8;20,7;18,8;18,5;90;89;89;131;3,2;1,4;
2026/04/05;0900 UTC;0;965,8;966,1;965,5;0;20,6;19;20,8;20,3;19,3;18,8;95;90;92;159;3;1,5;
2026/04/05;1000 UTC;0;966,4;966,6;966,1;1,7;20,1;18,9;20,2;19,9;19,1;18,6;95;92;94;138;3,6;1,3;
2026/04/05;1100 UTC;0;966,6;966,9;966,5;92,6;20,1;18,2;20,2;20;18,6;17,9;92;88;91;116;5,4;3;
2026/04/05;1200 UTC;0;967,1;967,5;966,8;359,3;20,5;17,7;20,9;20,2;18;17,5;89;83;86;135;6,5;2,4;
2026/04/05;1300 UTC;0;967,2;967,5;967,1;1312,8;21,8;17,5;22,8;20,9;17,8;17,3;84;73;78;123;7,7;4;
2026/04/05;1400 UTC;0;967;967,2;966,7;1364,3;22,9;17,5;23,7;22,4;18;17,3;76;70;73;138;6,6;2,7;
2026/04/05;1500 UTC;0;966,5;966,8;966,1;2126;24,3;17,8;25,8;23,6;18,3;17,5;71;62;67;104;7,6;4,9;
2026/04/05;1600 UTC;0;965,7;966,1;965,3;2582;25,8;18,2;26,5;24,8;18,8;17,6;65;59;62;105;8,7;4,9;
2026/04/05;1700 UTC;0;964,9;965,3;964,5;2508,3;26,8;18,6;27,8;26;19,2;18,2;63;56;59;96;9;4,8;
2026/04/05;1800 UTC;0;964,4;964,6;964,1;2108,6;27;18,8;28,1;26;19,5;18,1;62;55;59;108;7,9;4,2;
2026/04/05;1900 UTC;0;964,1;964,2;963,8;1863,8;25,7;18,3;26,5;24,8;18,7;18;66;60;63;116;9,6;4,5;
2026/04/05;2000 UTC;0;964,3;964,5;964,1;1235,8;23,9;17,6;24,9;22,6;18;17;72;66;69;119;9,3;4,9;
2026/04/05;2100 UTC;0;964,8;965;964,4;270,4;21,3;16,9;22,6;20,5;17,1;16,8;82;73;78;110;8,9;5,4;
2026/04/05;2200 UTC;0;964,8;965;964,5;9,7;19,7;16,5;20,4;19,2;16,8;16,1;85;82;84;105;10,3;6;
2026/04/05;2300 UTC;0;965,2;965,6;964,7;0;18,9;16,1;19,2;18,8;16,2;16;86;85;86;108;8,2;5;
2026/04/06;0000 UTC;0;965,7;965,8;965,6;0;18,8;16;18,8;18,7;16;15,8;86;85;86;109;9,8;5,5;
2026/04/06;0100 UTC;0;965,9;966,3;965,7;0;18,7;15,7;18,8;18,6;15,9;15,5;86;84;85;107;7,7;4,7;
2026/04/06;0200 UTC;0;966,2;966,3;965,9;0;18,4;15,5;18,6;18,2;15,6;15,5;86;85;85;104;8,8;5,5;
2026/04/06;0300 UTC;0;965,8;966;965,6;0;18;15,6;18,2;17,9;15,6;15,5;89;86;88;107;7;4,4;
2026/04/06;0400 UTC;0;965,7;966;965,4;0;17,8;15,6;17,9;17,8;15,7;15,6;89;89;89;106;7,9;4,7;
2026/04/06;0500 UTC;0;965,2;965,4;965;0;17,7;15,6;17,8;17,6;15,7;15,6;90;89;90;106;6,3;3,6;
2026/04/06;0600 UTC;0;964,9;965;964,8;0;17,6;15,6;17,7;17,6;15,7;15,6;91;90;90;113;4,6;2,9;
2026/04/06;0700 UTC;0;964,7;964,9;964,4;0;17,6;15,6;17,7;17,4;15,7;15,6;92;90;90;89;5,8;4;
2026/04/06;0800 UTC;0;964,2;964,4;964;0;17,4;15,8;17,5;17,3;15,9;15,7;93;91;92;79;6,4;4,3;
2026/04/06;0900 UTC;0;964,3;964,4;964,1;0;17,5;15,8;17,6;17,3;15,9;15,7;93;91;92;83;5,2;3,6;
2026/04/06;1000 UTC;0;964,5;964,6;964,3;3,4;17,2;15,9;17,4;16,9;16;15,8;95;93;93;81;5,1;3,5;
2026/04/06;1100 UTC;0;964,6;964,7;964,5;155,5;17,9;16,3;19,6;17,1;16,8;16;95;85;92;71;7,1;4,5;
2026/04/06;1200 UTC;0;964,6;964,7;964,5;1063,8;21,4;17,2;23,5;19,7;18;16,6;85;72;79;65;7,1;3,9;
2026/04/06;1300 UTC;0;964,4;964,7;964,2;2109,6;25,1;18,5;27;23,3;19,6;17,7;73;62;67;51;8,8;4,3;
2026/04/06;1400 UTC;0;964;964,3;963,7;2551,8;28,4;19,7;29,5;27,1;20,3;19,2;61;53;57;53;10,1;4,7;
2026/04/06;1500 UTC;0;963,1;963,7;962,6;2899,9;30,3;20,6;31,1;29,3;21,2;19,9;55;49;51;111;8;4,1;
2026/04/06;1600 UTC;0;962,1;962,6;961,6;2507;31,2;21;32,7;30,3;22,3;20,5;52;46;49;116;4,8;2,3;
2026/04/06;1700 UTC;0;961;961,6;960,6;2313,9;32,2;21,5;33;30,7;22,2;20,9;51;44;47;50;5,3;2,6;
2026/04/06;1800 UTC;0;960,4;960,6;960;1441,2;28,8;20,3;30,9;27,5;21,8;18,9;67;50;57;139;4,8;2,2;
2026/04/06;1900 UTC;0;960,1;960,5;959,9;948,5;27,4;19,9;28,9;26,7;20,5;19;68;55;62;113;5,2;3,2;
2026/04/06;2000 UTC;0;959,8;960;959,5;555,1;25,8;20,2;26,7;25,3;20,7;19,6;76;67;72;94;5,7;3,6;
2026/04/06;2100 UTC;0;959,7;959,9;959,6;146,2;25,2;19,8;25,4;24,8;20;19,5;76;71;73;115;5,3;2,5;
2026/04/06;2200 UTC;0;960,8;961,2;959,7;10;23;19,8;24,7;22,2;20,2;19,6;88;76;84;159;5,3;1,4;
2026/04/06;2300 UTC;0;961,3;962;961;0;21,8;19,7;22,3;21,5;19,9;19,4;91;87;90;112;6,4;3,5;
2026/04/07;0000 UTC;0;962,1;962,2;962;0;21;18,7;21,5;20,6;19,5;18,5;92;87;89;97;3,8;2,6;
2026/04/07;0100 UTC;0;962,5;962,8;962,1;0;20,5;19,7;20,7;20,4;20,1;19;98;92;96;77;6,2;4;
2026/04/07;0200 UTC;0;962,1;962,6;961,6;0;20,5;19,7;20,6;20,4;20,1;19,5;98;94;96;87;7,3;4,9;
2026/04/07;0300 UTC;0;961,5;961,8;961,3;0;20,4;19,6;20,6;20,2;19,6;19,5;97;94;96;81;4,4;3,2;
2026/04/07;0400 UTC;0;961,3;961,6;961,1;0;20,7;19,6;21,2;20,2;19,7;19,6;97;92;95;70;4,3;2,9;
2026/04/07;0500 UTC;0;961,3;961,5;960,7;0;20,9;19,6;21,1;20,8;19,7;19,6;94;93;94;75;4,8;3,2;
2026/04/07;0600 UTC;0;960,3;960,9;959,8;0;22,1;19,5;22,8;20,9;19,6;19,3;94;83;87;49;8,4;3,8;
2026/04/07;0700 UTC;0;959,7;959,9;959,4;0;22,9;19,3;22,9;22,7;19,4;19,2;83;82;82;45;6,7;3,8;
2026/04/07;0800 UTC;0;959,4;959,6;959,3;0;22,8;19,3;23;22,6;19,4;19,2;84;81;82;44;6,4;3,4;
2026/04/07;0900 UTC;0;960;960,9;959,5;,1;22,4;19,3;22,9;21,1;19,7;19;90;82;85;239;8;3,6;
2026/04/07;1000 UTC;16,2;961,2;961,8;960,8;1;19,8;19,4;21,1;19,4;19,5;19;100;90;98;0;4,1;2;
2026/04/07;1100 UTC;15,6;961,6;961,8;961,4;1,9;19,2;19,3;19,4;19,1;19,4;19,1;100;100;100;132;1,8;,8;
2026/04/07;1200 UTC;;;;;;;;;;;;;;;;;;
2026/04/07;1300 UTC;2,8;961,3;962;960,6;128,5;18,9;19;19;18,8;19,1;18,9;100;100;100;78;6,7;4,3;
2026/04/07;1400 UTC;5,5;960,5;960,9;960,2;138,4;18,9;18,9;19;18,8;19;18,9;100;100;100;79;5,1;2,1;
2026/04/07;1500 UTC;0;960;960,8;959,2;740,3;19,7;19,7;20,1;18,9;20,1;18,9;100;99;100;65;6,8;3;
2026/04/07;1600 UTC;0;958,6;959,2;958,1;623,7;20,5;20,2;20,9;20;20,6;19,9;100;97;98;66;5,8;2,8;
2026/04/07;1700 UTC;8,5;958,1;958,6;957,7;140,5;21,2;20,7;22;20,8;21,2;20,4;99;94;97;295;10,5;5,7;
2026/04/07;1800 UTC;2,4;958,1;958,4;957,6;148,8;21,2;20,2;21,8;20,5;21,3;19,6;98;92;95;278;12,6;6,4;
2026/04/07;1900 UTC;6,1;957,8;958,2;957,2;47,6;19,9;18,9;20,4;19,4;19,8;18,5;97;93;95;296;6,4;3,4;
2026/04/07;2000 UTC;1,4;956,5;957,1;955,4;56,4;19,4;18,8;19,6;19,3;19;18,6;98;96;97;228;8,3;4,1;
2026/04/07;2100 UTC;0;956,2;956,8;955,7;17,2;19,7;18,7;19,7;19,6;18,8;18,7;96;95;95;297;6,5;3,3;
2026/04/07;2200 UTC;0;955,9;956,3;955,4;20,8;19,7;18,8;19,8;19,6;18,9;18,7;96;95;96;317;5,5;3,2;
2026/04/07;2300 UTC;0;957,1;957,7;956,4;0;19,7;19,1;19,8;19,5;19,3;18,9;98;96;97;292;5,8;3,6;
2026/04/08;0000 UTC;,2;957,9;958,1;957,7;0;19,6;19,4;19,7;19,5;19,5;19,3;100;98;99;291;5,5;2,9;
2026/04/08;0100 UTC;,2;958,4;958,6;958,1;0;19,5;19,4;19,5;19,4;19,5;19,4;100;99;100;310;6;3,7;
2026/04/08;0200 UTC;,2;958,5;958,6;958,4;0;19,4;19,3;19,4;19,3;19,4;19,2;100;99;100;306;7,1;3,7;
2026/04/08;0300 UTC;,6;958,5;958,7;958,3;0;19,3;19,3;19,4;19,3;19,3;19,2;100;99;100;310;9,6;4,9;
2026/04/08;0400 UTC;,4;958,3;958,5;958,2;0;19,3;19,3;19,4;19,3;19,3;19,2;100;99;100;281;8,7;4,9;
2026/04/08;0500 UTC;;;;;;;;;;;;;;;;;;
2026/04/08;0600 UTC;0;957,9;958;957,8;0;19;18,8;19,1;18,9;19,1;18,5;100;98;99;281;6,6;4,1;
2026/04/08;0700 UTC;0;958;958,2;957,8;0;18,8;18,4;18,9;18,7;18,6;18;98;96;98;278;6,9;4;
2026/04/08;0800 UTC;0;958,4;958,6;958,1;0;18,5;17,9;18,7;17,8;18,2;17,4;98;96;97;248;7,1;3,4;
2026/04/08;0900 UTC;,2;959;959,5;958,5;0;17,8;17,3;17,8;17,5;17,4;17;99;96;98;265;8,9;4,5;
2026/04/08;1000 UTC;,2;959,7;960,1;959,5;4,5;17,4;16,8;17,5;17,4;17,4;16,3;100;94;97;280;8,3;4,7;
2026/04/08;1100 UTC;0;960,5;960,9;960;93,6;17,5;16,7;17,6;17,4;17,3;16,3;99;94;96;259;8,3;3,9;
2026/04/08;1200 UTC;0;961,2;961,3;961;1177;18,2;16,9;18,6;18;17,2;16,7;95;92;94;279;7,8;5,2;
2026/04/08;1300 UTC;0;961,4;961,6;961,1;896,2;18,6;16,8;18,9;18,4;17,2;16,6;94;89;91;267;8,2;4,9;
2026/04/08;1400 UTC;,2;961,4;961,6;961,1;1952,6;19,3;17,4;20,7;18,5;17,9;16,8;95;81;90;277;10,2;5,7;
2026/04/08;1500 UTC;0;961;961,2;960,8;2469,7;21;16,9;21,7;20,6;17,4;16,2;84;74;79;273;10,7;6,5;
2026/04/08;1600 UTC;0;961,1;961,3;960,8;0;20,5;16,6;21,5;19,2;17,2;15,9;89;74;81;272;9,6;5,9;
2026/04/08;1700 UTC;0;960,8;961;960,6;1730,9;20,9;16,1;21,5;20,3;16,8;15,6;81;72;76;237;7,6;3,6;
2026/04/08;1800 UTC;0;960,4;960,7;960,2;2001,8;21,7;15,6;22,4;20,9;16,4;15,2;75;66;70;271;9,1;5,6;
2026/04/08;1900 UTC;0;960,2;960,4;960,1;1509;21,5;15,8;22,5;20,6;16,2;15,3;77;66;72;243;8,2;2,7;
2026/04/08;2000 UTC;0;960,6;960,9;960,3;739,2;20,7;15,5;21,6;20,2;16;15,1;77;69;74;268;7,1;4,4;
2026/04/08;2100 UTC;0;960,9;961,2;960,8;252,1;20;15,4;20,2;19,5;15,7;15,2;80;75;77;252;5,1;1,9;
2026/04/08;2200 UTC;0;961,4;961,6;961,2;6,4;18,8;16;19,5;18,1;16,3;15,6;90;81;86;267;5,7;3,4;
2026/04/08;2300 UTC;0;961,9;962,1;961,6;0;17,9;16,1;18;17,8;16,2;15,9;92;90;91;273;5;3;
2026/04/09;0000 UTC;0;962,5;962,7;962,1;0;17,5;16,1;17,7;17,2;16,3;16;95;92;93;280;5;2,4;
2026/04/09;0100 UTC;0;962,8;963;962,6;0;17;16,1;17,2;16,9;16,2;16;96;94;95;280;3,8;2,1;
2026/04/09;0200 UTC;0;963;963,1;962,9;0;16,7;16,1;16,9;16,6;16,1;16;97;96;97;273;5;2,8;
2026/04/09;0300 UTC;0;963,1;963,2;963;0;16,6;16,2;16,6;16,5;16,3;16;99;97;98;264;4,7;2,6;
2026/04/09;0400 UTC;0;963,1;963,3;962,9;0;16,6;16,3;16,7;16,5;16,4;16,2;99;98;99;273;4,4;2,5;
2026/04/09;0500 UTC;1;963,3;963,4;963,2;0;16,6;16,6;16,7;16,6;16,7;16,4;100;98;100;270;4,1;2,2;
2026/04/09;0600 UTC;0;963,2;963,2;963,2;0;16,3;16,4;16,4;16,3;16,4;16,3;100;100;100;260;2,6;1,7;
2026/04/09;0700 UTC;0;963,3;963,3;963,3;0;15,9;16;16;15,9;16;16;100;100;100;263;2,8;1,5;
2026/04/09;0800 UTC;0;963,4;963,6;963,2;0;15,8;15,8;15,9;15,7;16;15,8;100;100;100;236;2,5;1,2;
2026/04/09;0900 UTC;0;964;964,5;963,6;0;16,1;16,1;16,3;15,8;16,3;15,9;100;100;100;253;1,8;,9;
2026/04/09;1000 UTC;0;964,9;965,3;964,5;2;16,5;16,5;16,6;16,3;16,7;16,3;100;100;100;268;2,1;1,3;
2026/04/09;1100 UTC;0;965,7;966;965,3;120,3;16,7;16,5;16,8;16,6;16,7;16,1;100;97;99;225;3,6;1,8;
2026/04/09;1200 UTC;0;966,1;966,3;966;983,3;17,5;16,1;18,4;16,8;16,4;15,4;98;86;93;228;4,6;2,2;
2026/04/09;1300 UTC;0;966,4;966,6;966,2;1076,7;18,1;15,5;19,2;17,5;16,3;15;91;81;87;212;3,8;1,9;
2026/04/09;1400 UTC;0;966,5;966,6;966,4;1502,2;19;15,4;19,7;18,3;16,3;14,7;88;77;82;211;4,6;2,1;
2026/04/09;1500 UTC;0;966,2;966,4;965,9;2133,9;20,4;15;21,5;19,4;16,3;14,1;79;67;73;227;4,4;2;
2026/04/09;1600 UTC;0;965,6;966;965,2;2508,1;21,4;14,7;22,4;20,7;16;13,8;72;61;66;229;4,8;1,9;
2026/04/09;1700 UTC;0;964,8;965,2;964,3;1941,6;22;14,2;22,8;21,1;15;13,5;67;56;61;225;5,3;2,5;
2026/04/09;1800 UTC;0;964,1;964,3;963,9;2058,9;22,6;14,4;23,4;21,9;16;13,6;65;52;59;177;5,4;2,6;
2026/04/09;1900 UTC;0;963,9;964;963,7;1301,9;22,1;14,5;23;21,4;15,2;13,9;65;58;62;179;5,6;2,4;
2026/04/09;2000 UTC;0;964;964,2;963,9;858,4;21,7;14,5;22,6;21,2;15;14,2;67;60;64;182;4,9;2,2;
2026/04/09;2100 UTC;0;964,2;964,3;964;376,5;21,1;14;22,1;20,4;14,7;13,7;68;61;65;178;4,4;1,4;
2026/04/09;2200 UTC;0;964,4;964,8;964,2;13,4;19,2;13,6;20,3;18,5;14;13;73;67;72;167;3,4;1,5;
2026/04/09;2300 UTC;0;965,1;965,3;964,8;0;18;13;18,4;17,5;13,3;12,8;78;72;75;163;3,9;2,3;
2026/04/10;0000 UTC;0;965,5;965,7;965,3;0;17,5;12,8;17,7;17,1;13,3;12,3;78;76;77;163;3,8;2;
2026/04/10;0100 UTC;0;965,8;966;965,6;0;16,5;12,3;17,2;15,8;12,4;12,2;82;76;79;147;2,5;1;
2026/04/10;0200 UTC;0;966,1;966,2;965,9;0;15,6;12,2;15,9;15,3;12,4;12,1;86;81;83;130;1,8;,9;
2026/04/10;0300 UTC;0;966,2;966,2;966,1;0;15,2;12;15,8;14,8;12,1;11,9;86;81;84;123;1,8;,9;
2026/04/10;0400 UTC;0;966,3;966,4;966,2;0;14,4;12;15,2;13,8;12,1;11,8;91;83;88;90;1,2;,9;
2026/04/10;0500 UTC;0;966,4;966,5;966,3;0;14;12;14,2;13,8;12,2;11,9;92;89;90;90;1,3;,9;
2026/04/10;0600 UTC;0;966,5;966,7;966,3;0;13,8;11,9;14;13,7;12,1;11,7;91;89;91;165;1,2;,5;
2026/04/10;0700 UTC;0;966,4;966,5;966,4;0;13,4;11,7;13,8;12,9;11,9;11,5;95;89;92;114;1,2;,6;
2026/04/10;0800 UTC;0;966,4;966,5;966,2;0;12,7;12;13;12,3;12,3;11,7;99;95;97;78;2,8;1,6;
2026/04/10;0900 UTC;0;966,7;967;966,5;0;12,5;12;12,7;12;12,3;11,7;100;96;98;78;3,3;2,2;
2026/04/10;1000 UTC;0;967,3;967,6;966,9;5,1;12,2;12;12,4;11,9;12,3;11,8;100;98;99;96;3,9;2,9;
2026/04/10;1100 UTC;0;967,9;968,2;967,6;212,7;12,9;12,2;14,5;11,9;13;11,7;99;91;96;86;4,2;2,6;
2026/04/10;1200 UTC;0;968,4;968,4;968,3;1319,8;15,6;12,9;16,5;14,9;13,5;12,4;89;83;86;99;3,8;2,3;
2026/04/10;1300 UTC;0;968,3;968,4;968,2;1959,2;17,7;13,6;19,1;16,1;14,2;12,7;86;72;79;93;4,7;2,9;
2026/04/10;1400 UTC;0;968;968,2;967,8;2606,3;20,3;13,8;21,4;18,8;14,4;12,9;77;62;67;86;5,2;2,3;
2026/04/10;1500 UTC;0;967,6;967,9;967,3;3017,8;21,7;12,9;22,8;21;13,9;11,9;64;47;56;144;5,2;2,3;
2026/04/10;1600 UTC;0;966,9;967,3;966,6;3141,5;23,1;12,8;24,2;22,1;14,3;11,8;55;45;49;111;4,2;2;
2026/04/10;1700 UTC;0;966,1;966,6;965,7;3041,8;23,7;12,4;24,5;23,3;13,5;11,2;48;38;43;161;3,7;1,8;
2026/04/10;1800 UTC;0;965,3;965,6;964,9;2600,9;24,3;13,6;24,7;23,8;14,7;11,5;52;37;46;162;5,6;2,2;
2026/04/10;1900 UTC;0;965;965,2;964,8;1995,4;24,2;14,1;24,7;23,8;15,2;13,6;54;47;50;179;6;2,4;
2026/04/10;2000 UTC;0;964,8;965;964,7;1265,7;24,1;13,4;24,4;23,6;14,3;12,5;52;42;47;106;4,9;2,5;
2026/04/10;2100 UTC;0;964,8;965;964,7;476,4;23,3;12,5;24,2;21,9;13,2;12,1;51;42;46;143;4,1;1,4;
2026/04/10;2200 UTC;0;965,2;965,5;965;13,8;20,2;11,9;21,9;19,1;12,3;11,6;63;51;58;120;2,8;1,6;
2026/04/10;2300 UTC;0;965,9;966,2;965,5;0;18,2;12;19,1;17,5;12,3;11,8;74;63;69;124;4;2,3;
2026/04/11;0000 UTC;0;966,3;966,5;966,1;0;17;12,4;17,4;16,7;12,5;12,2;78;74;77;113;5;3,1;
2026/04/11;0100 UTC;0;966,5;966,6;966,4;0;16,3;12,1;16,7;15,9;12,2;12;81;77;79;96;5,4;3,7;
2026/04/11;0200 UTC;0;966,6;966,7;966,5;0;15,4;12;15,9;14,9;12,1;12;86;81;83;88;5,7;3,7;
2026/04/11;0300 UTC;0;966,4;966,5;966,2;0;15,2;12,2;15,4;15,1;12,2;12,1;85;84;85;95;6,8;5;
2026/04/11;0400 UTC;0;966,2;966,3;966,1;0;15;12,2;15,2;14,7;12,2;12,2;87;85;86;97;5,5;3,6;
2026/04/11;0500 UTC;0;966,1;966,2;966;0;14,5;12,2;14,7;14,1;12,3;12,1;90;87;88;93;4,8;3,6;
2026/04/11;0600 UTC;0;965,9;966,1;965,8;0;14,2;12,2;14,4;14;12,3;12,1;91;89;90;96;5,4;3,6;
2026/04/11;0700 UTC;0;965,6;965,6;965,6;0;13,5;12,2;13,5;13,5;12,3;12,2;94;93;94;98;4,4;3,7;
2026/04/11;0800 UTC;0;965,5;965,6;965,4;0;13,7;12,3;14;13,2;12,4;12,2;95;92;93;94;4,7;3,6;
2026/04/11;0900 UTC;0;965,8;965,8;965,7;0;13;12,4;13;12,9;12,4;12,3;98;97;97;83;3,6;2,6;
2026/04/11;1000 UTC;0;965,9;966,1;965,8;4,1;13;12,5;13,4;12,9;13,1;12,3;99;97;97;74;5;3,1;
2026/04/11;1100 UTC;0;966,2;966,5;966;202,4;14,6;13,6;16,2;13,4;14,1;13,1;98;89;95;73;5,4;0;
2026/04/11;1200 UTC;0;966,6;966,7;966,5;1021;18;14,5;19,5;16,3;14,9;14,1;90;76;82;47;8,4;4,5;
2026/04/11;1300 UTC;0;966,7;966,8;966,6;1860,3;21,1;15,2;22,7;19,6;15,7;14,7;78;64;70;50;7,8;4,4;
2026/04/11;1400 UTC;0;966,7;966,8;966,5;2539,9;24,2;16,3;25,8;22,8;17,3;15,6;65;56;60;53;6,5;3,1;
2026/04/11;1500 UTC;0;966,2;966,5;965,8;2615,2;26,1;17,3;27,5;25,3;18,3;16,6;59;52;56;192;7;3,2;
2026/04/11;1600 UTC;0;965,4;965,8;964,9;1848;27,3;18,2;28,1;26,7;18,9;17,7;57;52;55;202;6;2,8;
2026/04/11;1700 UTC;0;964,6;964,9;964,3;2110,7;27,9;18,6;28,7;26,9;19,2;18,2;57;50;54;282;7,9;3,4;
2026/04/11;1800 UTC;0;964;964,3;963,8;1758,4;28,1;18,6;29;27,3;19,4;18,1;56;49;53;229;6,3;2,9;
2026/04/11;1900 UTC;0;963,9;964;963,8;775;26,9;18,3;27,3;26,5;18,6;18;58;55;57;316;7,5;4;
2026/04/11;2000 UTC;0;964;964,2;963,8;532,5;26,5;17,8;26,7;26,1;18,3;17,4;58;55;57;316;6,7;2,7;
2026/04/11;2100 UTC;0;964,2;964,3;964,1;116;25,5;17,6;26,1;24,8;17,8;17,3;64;57;60;285;2,3;1,5;
2026/04/11;2200 UTC;0;964,4;964,5;964,2;2;23,9;17,6;24,7;23,5;18;16,9;71;64;68;283;4,3;2,9;
2026/04/11;2300 UTC;0;964,5;964,7;964,4;0;23,5;16,9;23,9;23,1;17;16,8;69;65;67;298;3;2;
2026/04/12;0000 UTC;0;965;965,5;964,4;0;22,7;17;23,1;22,1;17,4;16,8;76;68;72;79;1,4;,7;
2026/04/12;0100 UTC;0;965,2;965,4;965;0;22,1;17,1;22,4;21,6;17,6;16,7;79;72;75;253;1,8;1,3;
2026/04/12;0200 UTC;0;965,5;965,9;965,1;0;21,2;17,7;21,7;20,7;18;17,2;86;78;83;209;2,7;1,4;
2026/04/12;0300 UTC;2;966,4;966,8;965,9;,6;20;18,5;21;19,2;19;17,4;99;83;93;186;4,3;2,2;
2026/04/12;0400 UTC;1,6;966,4;966,8;966;0;19,2;18,9;19,2;19,1;19;18,6;99;97;98;120;5,2;3,1;
2026/04/12;0500 UTC;4,3;966,1;966,6;965,6;0;19;18,9;19,1;18,9;19;18,7;100;99;99;99;6,7;3,8;
2026/04/12;0600 UTC;6,3;966,6;967;966,2;0;18,7;18,5;18,9;18,3;18,8;18,2;100;99;99;114;6,7;3,2;
2026/04/12;0700 UTC;5,3;;;;0;17,9;17,9;18,2;17,7;18,1;17,7;100;100;100;74;6;3,5;
2026/04/12;0800 UTC;6,5;967,3;967,7;966,1;0;17,7;17,7;17,7;17,6;17,8;17,6;100;100;100;65;6,8;3,5;
2026/04/12;0900 UTC;5,5;966,4;967,1;965,5;0;17,5;17,5;17,6;17,4;17,6;17,5;100;100;100;56;9,7;4,1;
2026/04/12;1000 UTC;1;967;967,4;966,5;,9;17,4;17,5;17,5;17,3;17,5;17,4;100;100;100;71;7,5;4,2;
2026/04/12;1100 UTC;2,4;967,2;967,6;966,9;38,1;17,2;17,2;17,3;17,1;17,4;17;100;100;100;42;7,9;5;
2026/04/12;1200 UTC;0;968,2;968,2;968,2;30,7;17,3;16,7;17,3;17,3;16,7;16,7;97;97;97;40;7,8;5,3;
2026/04/12;1300 UTC;3;967,3;968,3;965,6;174,3;17,3;16,8;17,7;17,2;17;16,7;98;95;97;49;13,9;7,3;
2026/04/12;1400 UTC;,2;967;967,5;966,3;588,4;18,4;16,9;19;17,7;17,2;16,7;96;89;92;39;9,7;5,2;
2026/04/12;1500 UTC;0;965,8;965,9;965,8;479,1;19,1;16,6;19,1;19,1;16,6;16,5;88;87;87;45;9;5,7;
2026/04/12;1600 UTC;,2;965,8;966,3;965,2;396,5;19,3;16,4;19,6;18,9;17;15,8;90;82;86;139;6,3;2,1;
2026/04/12;1700 UTC;,2;965,9;966,5;965,4;487,9;19,9;16,8;20,1;19,7;17,5;15,8;87;80;84;323;2,2;1,3;
2026/04/12;1800 UTC;0;965,4;965,4;965,3;1187,7;21,2;17,1;21,7;20,1;18,1;16,6;85;75;80;293;6;3,2;
2026/04/12;1900 UTC;0;965,3;965,5;965,1;972,9;21,6;16,9;21,7;21,4;17,4;16,4;79;74;77;310;8;2,8;
2026/04/12;2000 UTC;0;965;965,3;964,8;669,3;21,3;16,9;21,7;20,9;17,7;16,4;81;76;78;246;7,4;3,3;
2026/04/12;2100 UTC;0;964,9;965,1;964,8;253,1;20,4;16,7;20,9;20;16,8;16,6;84;79;82;46;3,6;1,7;
2026/04/12;2200 UTC;0;965;965,1;964,9;0;19,4;16,6;20;19;16,8;16,5;88;84;86;41;3,4;2,2;
2026/04/12;2300 UTC;0;964,9;965,1;964,8;0;18,8;16,6;19;18,5;16,7;16,5;90;88;89;37;3,6;2,4;
2026/04/13;0000 UTC;0;965,3;965,5;965,1;0;18,3;16,5;18,6;18;16,6;16,4;92;90;91;35;3,1;2,5;
2026/04/13;0100 UTC;0;965,4;965,5;965,3;0;18,1;16,4;18,3;17,8;16,5;16,3;93;90;92;42;3,2;2;
2026/04/13;0200 UTC;0;965,4;965,5;965,4;0;17,5;16,4;18;17,1;16,5;16,3;97;92;94;75;1,7;1,2;
2026/04/13;0300 UTC;0;965,3;965,4;965,1;0;16,8;16,4;17;16,6;16,5;16,3;99;96;98;80;1,7;1,3;
2026/04/13;0400 UTC;0;965,4;965,5;965,2;0;16,2;16,2;16,6;16;16,4;16;100;99;100;61;1,8;1,1;
2026/04/13;0500 UTC;0;965,2;965,4;965,1;0;16;16;16,1;15,9;16,1;15,9;100;100;100;79;2;1,5;
2026/04/13;0600 UTC;0;965;965,2;964,9;0;15,7;15,7;15,8;15,5;15,9;15,5;100;100;100;92;2,5;2,1;
2026/04/13;0700 UTC;0;964,9;965,1;964,7;0;15,2;15,3;15,4;15,1;15,5;15,1;100;100;100;92;3;2,4;
2026/04/13;0800 UTC;0;964,9;965;964,7;0;15;15;15,2;14,8;15,2;14,9;100;100;100;99;3,2;2,5;
2026/04/13;0900 UTC;0;964,7;964,8;964,6;0;15;15,1;15,2;14,9;15,2;14,9;100;100;100;108;3,2;2;
2026/04/13;1000 UTC;0;964,9;965,2;964,6;2,1;14,8;14,9;15,1;14,5;15,2;14,6;100;100;100;84;2,5;1,8;
2026/04/13;1100 UTC;0;965,6;965,9;965,2;158,3;15,5;15,5;16,7;14,7;16,7;14,8;100;100;100;70;2,3;1,6;
2026/04/13;1200 UTC;0;966;966,1;966;1088;18;16,5;19,6;16,6;17,1;15,8;100;85;92;67;3,7;2,2;
2026/04/13;1300 UTC;0;966,2;966,3;966;1933,6;20,9;16,9;22,1;19,7;17,7;16,4;86;74;80;40;4,6;2,8;
2026/04/13;1400 UTC;0;966;966,3;965,7;2479,6;22,9;17,3;24;22,1;18;16,6;78;66;72;119;3,1;1,7;
2026/04/13;1500 UTC;0;965,5;965,8;965,1;2834,8;24,4;17,5;25,5;23,5;18,6;16,8;73;61;65;130;3,9;1,6;
2026/04/13;1600 UTC;0;964,8;965,1;964,3;2972,9;25,8;17,8;26,8;24,8;19;17,2;65;55;60;133;4,6;2,2;
2026/04/13;1700 UTC;0;963,8;964,3;963,5;2862,4;27,2;18;27,9;26,3;19,1;17,5;58;50;54;104;5,4;2,3;
2026/04/13;1800 UTC;0;963,3;963,5;962,9;2510,5;28,4;18,4;29;28;18,9;17,9;53;47;50;98;3,7;1,5;
2026/04/13;1900 UTC;0;962,7;963;962,5;1890,6;28,7;18,3;29,2;28;19,1;17,8;51;46;48;132;4,1;2,5;
2026/04/13;2000 UTC;0;962,4;962,5;962,3;1159,9;28,9;18,5;29,3;28,4;18,9;18;49;46;48;116;3,6;1,4;
2026/04/13;2100 UTC;0;962,4;962,7;962,2;317,3;27,4;18;28,7;26,2;18,7;17,3;58;47;53;172;2,9;1,6;
2026/04/13;2200 UTC;0;962,7;962,9;962,6;8;25,3;18,2;26,2;24,7;18,7;17,3;70;56;65;160;5;2,1;
2026/04/13;2300 UTC;0;963;963,4;962,8;0;23,7;18,5;24,7;23;18,6;18,5;78;70;74;117;5;2,7;
2026/04/14;0000 UTC;0;963,8;963,9;963,4;0;22,4;18,4;22,9;21,9;18,5;18,3;83;78;80;106;5;3,1;
2026/04/14;0100 UTC;0;964,2;964,5;963,9;0;21;18,1;21,8;20,5;18,4;18;87;83;86;83;4,6;3,1;
2026/04/14;0200 UTC;0;964,5;964,6;964,3;0;20,5;18;20,6;20,3;18;17,9;89;87;87;96;5;3,3;
2026/04/14;0300 UTC;0;964,2;964,3;964,1;0;20,4;18;20,5;20,3;18,1;18;89;88;88;110;6;3,5;
2026/04/14;0400 UTC;0;964,2;964,4;964;0;20;18,1;20,3;19,7;18,2;18,1;93;89;91;112;4,7;2,9;
2026/04/14;0500 UTC;0;964,2;964,4;963,8;0;19,5;18,1;19,7;19,2;18,2;18,1;94;93;93;101;5;3,1;
2026/04/14;0600 UTC;0;963,6;963,9;963,5;0;19;18;19,2;18,8;18,1;17,9;96;94;95;94;4,7;3,1;
2026/04/14;0700 UTC;0;963,3;963,5;963;0;18,5;17,9;18,9;18,1;18;17,7;99;95;97;80;4,3;3,1;
2026/04/14;0800 UTC;0;962,8;963;962,3;0;18;17,8;18,1;17,7;17,9;17,6;100;99;99;79;3,9;2,8;
2026/04/14;0900 UTC;0;962,5;962,6;962,3;0;17,8;17,7;17,9;17,7;17,8;17,6;100;99;99;79;3,8;2,9;
2026/04/14;1000 UTC;0;962,8;963;962,7;6;17,6;17,6;17,7;17,6;17,6;17,5;100;99;100;73;4,2;2,8;
2026/04/14;1100 UTC;0;963,3;963,9;962,7;225,2;18,6;17,7;19,6;17,6;18,1;17,5;100;89;96;54;5,2;2,5;
2026/04/14;1200 UTC;0;964,1;964,3;964;1025,8;20,7;17,7;21,5;19,6;18,4;17,5;90;81;85;63;6,3;3,2;
2026/04/14;1300 UTC;0;964,3;964,5;964,1;1526,5;22,6;18,2;24,2;21,6;18,6;17,7;82;71;78;44;6,2;3,2;
2026/04/14;1400 UTC;0;963,9;964,2;963,4;1829,6;25,2;18,7;26;24,3;19,2;18,4;71;65;68;47;5,6;2,6;
2026/04/14;1500 UTC;0;962,8;963,5;962;2417,2;27,1;19,6;28,6;25,7;20,4;18,7;66;58;62;63;5,3;2,8;
2026/04/14;1600 UTC;0;961,7;962;961,2;2634,4;28,8;19,9;29,4;28,5;20,7;19,3;60;51;56;53;5,9;3,1;
2026/04/14;1700 UTC;0;960,7;961,1;960,4;2201,7;29,4;19,8;29,8;28,6;20,5;19,2;56;49;52;51;5,3;2,8;
2026/04/14;1800 UTC;0;960;960,4;959,6;2159,5;29,9;19,8;30,2;29,4;20,2;19,4;53;47;49;82;6,4;4;
2026/04/14;1900 UTC;0;959,7;959,8;959,6;1402,8;29,5;19,3;30;28,7;19,8;18,8;52;47;49;68;5,3;3;
2026/04/14;2000 UTC;0;959,8;960,2;959,6;730,6;28,7;19;29,7;27,3;19,8;18,3;56;48;51;74;5,5;2,6;
2026/04/14;2100 UTC;0;960,2;960,3;960;226,7;26,8;18,6;27,3;26;18,8;18,3;63;55;59;82;4,4;2,7;
2026/04/14;2200 UTC;0;960,5;960,7;960,3;5,6;25,1;18,4;26;24,5;18,6;18,2;69;63;67;71;4,8;2,8;
2026/04/14;2300 UTC;0;960,8;960,9;960,6;0;24,1;18,1;24,5;23,4;18,3;17,9;73;69;70;71;4,9;2,9;
2026/04/15;0000 UTC;0;960,6;960,9;960,4;0;22,6;17,7;23,4;22,1;17,9;17,6;78;72;75;72;5;2,9;
2026/04/15;0100 UTC;0;960,5;960,9;960,3;0;21,6;17,3;22,2;21,2;17,6;17;80;77;79;62;3,9;1,8;
2026/04/15;0200 UTC;0;960,8;961;960,6;0;20,3;16,9;20,8;19,9;17;16,8;84;81;83;70;2,8;1,8;
2026/04/15;0300 UTC;0;961,2;961,7;960,9;0;19,7;16,6;20,1;19,4;16,8;16,5;86;82;85;98;4,8;3,4;
2026/04/15;0400 UTC;0;961,7;961,9;961,5;0;19,3;16,4;20,1;18,8;16,5;16,4;88;82;86;73;3,8;2,6;
2026/04/15;0500 UTC;0;961,5;961,9;961,2;0;18,7;16,4;18,9;18,4;16,5;16,3;90;88;89;81;4,8;3,5;
2026/04/15;0600 UTC;0;960,9;961,2;960,7;0;18,4;16,3;18,9;18,2;16,4;16,3;91;87;90;68;4,6;2,7;
2026/04/15;0700 UTC;0;960,9;961;960,8;0;18,9;16,5;19,2;18,3;16,5;16,4;90;87;88;59;4,9;2,6;
2026/04/15;0800 UTC;0;961,3;961,4;961,3;0;18,7;16,4;18,7;18,6;16,4;16,4;89;88;89;63;4,5;2,8;
2026/04/15;0900 UTC;0;961,6;961,9;961,3;0;18,4;16,3;18,7;18,2;16,4;16,2;90;88;89;69;6;2,9;
2026/04/15;1000 UTC;0;962,1;962,3;961,9;4,2;18,5;16;18,5;18,3;16,2;15,6;89;85;88;69;7,1;4,1;
2026/04/15;1100 UTC;0;962,2;962,4;962,1;104,6;18,6;15,4;18,8;18,5;15,6;14,9;85;81;84;68;5,9;3,5;
2026/04/15;1200 UTC;0;962,5;962,7;962,2;651,1;19,7;14,9;20,5;18,8;15,2;14,6;82;72;76;56;8,4;3,7;
2026/04/15;1300 UTC;0;962,5;962,7;962,2;972,7;21,2;15;22,2;20,4;15,4;14,8;73;64;69;48;9,9;4,9;
2026/04/15;1400 UTC;0;962,2;962,3;962;1706,1;23,6;15,6;25,1;22,2;16,5;15;65;56;60;44;8,1;4,4;
2026/04/15;1500 UTC;0;961,5;962;961,1;2016,2;25,8;16,4;27,2;25,1;17,3;15,8;57;49;53;52;6,9;4,2;
2026/04/15;1600 UTC;0;960,7;961,1;960;1859,1;27,3;17,3;28,3;26,7;18;16,8;53;46;50;51;8,1;4,5;
2026/04/15;1700 UTC;0;960;960,3;959,6;1300,9;27,4;17,3;28,1;27,2;17,6;17,1;52;47;49;41;7,5;4,2;
2026/04/15;1800 UTC;0;959,2;959,6;958,9;1126,2;27,4;17,4;27,7;27,2;17,6;17,1;51;49;50;41;6,9;4,1;
2026/04/15;1900 UTC;0;958,6;958,9;958,3;976,5;27,6;17,9;28,5;27,2;18,7;17,4;54;48;52;60;6,7;3,2;
2026/04/15;2000 UTC;0;958,6;959;958,3;339,9;27,3;17,7;28,4;26,5;18,2;17,4;55;48;52;61;5,4;3;
2026/04/15;2100 UTC;0;958,9;959;958,8;51,2;25,9;17,5;26,5;25,6;17,7;17,3;60;54;58;45;3,6;2,2;
2026/04/15;2200 UTC;0;958,8;959;958,7;0;24,9;17,6;25,6;24,7;17,8;17,4;66;60;63;41;3,8;2;
2026/04/15;2300 UTC;0;958,8;959;958,7;0;24,4;17,7;24,7;24;18;17,5;69;64;66;57;2,9;1,4;
2026/04/16;0000 UTC;0;959;959,1;958,9;0;24;17,6;24,1;23,9;17,8;17,4;70;67;68;40;6,2;3,6;
2026/04/16;0100 UTC;0;959,2;959,3;959,1;0;24,1;17,3;24,2;24;17,5;17,1;67;65;66;40;6,3;3,5;
2026/04/16;0200 UTC;0;959,5;959,6;959,4;0;23,8;17,1;24,1;23,6;17,2;16,9;67;65;66;37;5,1;3;
2026/04/16;0300 UTC;0;959,4;959,5;959,3;0;23,3;16,7;23,6;23;16,9;16,5;68;66;67;43;5,2;3,1;
2026/04/16;0400 UTC;0;959,5;959,6;959,4;0;22,8;16,4;23;22,6;16,6;16,2;68;67;68;37;6;3,1;
2026/04/16;0500 UTC;0;959,4;959,5;959,2;0;22,5;16,2;22,6;22,5;16,3;16,1;69;68;68;38;5,5;3,5;
2026/04/16;0600 UTC;0;959;959,2;958,8;0;22,2;16,2;22,5;21,9;16,3;16,1;71;69;70;44;5,2;2,7;
2026/04/16;0700 UTC;0;958,5;958,8;958,1;0;21,9;16,1;22;21,6;16,2;16;72;71;71;39;5,9;3,3;
2026/04/16;0800 UTC;0;958;958,1;957,9;0;21,2;15,9;21,6;20,7;16;15,8;76;72;74;46;5,1;2,6;
2026/04/16;0900 UTC;,4;958,4;959;958;0;20,6;16,1;20,8;19,5;17;15,8;87;75;77;114;4,8;2,3;
2026/04/16;1000 UTC;3,5;959,1;959,2;958,9;,4;18,6;17,7;19,5;18,3;18;17;98;88;96;151;2,2;,9;
2026/04/16;1100 UTC;0;959,2;959,3;959,1;54;18,9;18;19,4;18,4;18,3;17,7;98;92;95;45;4;2;
2026/04/16;1200 UTC;0;959,5;959,7;959,3;176,7;19,7;17,9;20;19,4;18,5;17,5;94;89;91;124;3,8;2,1;
2026/04/16;1300 UTC;0;959,7;959,8;959,4;332,7;20,3;18,4;21,3;20;19;18,1;92;88;90;126;4,7;2,4;
2026/04/16;1400 UTC;0;959,2;959,5;959;1205,1;22,4;19,4;23,1;21,4;20;18,9;89;81;85;306;5,8;2,9;
2026/04/16;1500 UTC;0;958,8;959;958,4;1341,7;23,5;19,6;24,3;22,8;20,3;19,2;84;78;80;315;8,6;4,6;
2026/04/16;1600 UTC;,8;958;958,5;957,7;1122,8;23,9;19,5;24,5;22,4;20,3;19,2;89;74;78;305;7;3,9;
2026/04/16;1700 UTC;,4;957,4;957,8;957,1;1263;23;21;23,6;22,1;21,6;20,2;94;87;90;305;5,4;2,5;
2026/04/16;1800 UTC;;;;;;;;;;;;;;;;;;
2026/04/16;1900 UTC;0;956,4;956,5;956,3;639,3;24,1;20,3;24,5;23,8;20,6;20;82;79;81;284;6,6;3,4;
2026/04/16;2000 UTC;0;956,3;956,5;956,1;629,3;23,9;19,6;24,3;23,5;20,2;19;83;76;79;292;8;4,5;
2026/04/16;2100 UTC;0;956,3;956,5;956;388,3;23,5;18,9;24;22,8;19,4;18,6;79;75;77;288;8;4,5;
2026/04/16;2200 UTC;;;;;;;;;;;;;;;;;;
2026/04/16;2300 UTC;0;957,3;957,6;957;0;20,8;18,1;21,3;20,4;18,3;17,9;88;85;86;300;2,9;1,9;
2026/04/17;0000 UTC;0;957,8;958,1;957,6;0;20,2;17,6;20,4;19,9;17,8;17,6;89;86;87;297;4,5;2,6;
2026/04/17;0100 UTC;0;958,2;958,5;958,1;0;19,8;17,6;20,1;19,5;17,6;17,5;90;87;89;294;4,6;2,3;
2026/04/17;0200 UTC;0;958,2;958,5;958,2;0;19,3;17,5;19,5;19,1;17,6;17,4;92;90;91;290;4,9;2,9;
2026/04/17;0300 UTC;0;958,2;958,3;958,1;0;18,8;17,4;19,1;18,4;17,5;17,4;95;92;93;294;4,7;2,9;
2026/04/17;0400 UTC;0;958,2;958,3;958,2;0;18,5;17,4;18,7;18,3;17,5;17,4;95;94;95;286;3,6;1,9;
2026/04/17;0500 UTC;0;958,3;958,4;958,2;0;18,7;17,7;18,9;18,5;17,8;17,5;95;94;95;287;4,5;2;
2026/04/17;0600 UTC;0;957,9;958,2;957,7;0;18,6;17,6;18,7;18,4;17,8;17,5;95;95;95;305;5;2,7;
2026/04/17;0700 UTC;0;957,8;957,8;957,6;0;18,4;17,5;18,6;18,3;17,6;17,4;96;94;95;301;6;2,8;
2026/04/17;0800 UTC;0;957,8;957,8;957,7;0;18,6;17,6;18,8;18,4;17,6;17,5;96;94;95;312;6,7;4,5;
2026/04/17;0900 UTC;0;958;958,2;957,8;0;18,6;17,7;18,8;18,6;17,8;17,6;96;94;95;310;5,3;3,2;
2026/04/17;1000 UTC;0;958,5;958,7;958,3;1,6;18,7;18;18,7;18,7;18,2;17,9;97;96;97;289;4,6;2,6;
2026/04/17;1100 UTC;0;958,9;959,1;958,7;127,5;18,7;18,3;18,9;18,7;18,4;18,2;99;97;98;280;4,6;2,5;
2026/04/17;1200 UTC;,2;959,5;959,7;959,2;0;19;18,5;19,1;18,9;18,9;18,3;99;96;98;272;4,3;2,1;
2026/04/17;1300 UTC;0;959,7;959,8;959,7;827,8;19,7;18,9;20,4;19;19,3;18,4;99;93;96;284;4;2,2;
2026/04/17;1400 UTC;0;959,6;959,7;959,5;1440,6;21,2;18,4;21,9;20,5;19,5;17,1;95;76;86;284;7,8;3,9;
2026/04/17;1500 UTC;0;959,4;959,6;959,2;1609,2;22,5;17;24;21,9;18,1;16;80;67;73;262;7,3;2,9;
2026/04/17;1600 UTC;0;958,7;959,1;958,2;2118;23,7;16,6;24,4;23,1;17,5;15,9;70;60;65;269;5,8;3,6;
2026/04/17;1700 UTC;0;957,8;958,3;957,4;2838,6;24,7;16,2;25,2;23,9;16,9;15,8;62;55;58;276;7;4;
2026/04/17;1800 UTC;0;957,4;957,6;957,1;2102,3;25,1;16,2;26,2;23,9;16,9;15,3;61;47;55;280;7,4;3,7;
2026/04/17;1900 UTC;0;957,1;957,2;957;2018,8;25,9;1,1;26,4;25,7;16,8;16;55;49;52;281;7,2;3,7;
2026/04/17;2000 UTC;0;957;957,2;956,9;1230,2;25,7;16,2;26,3;25,3;16,5;15,9;56;49;52;270;5,9;2,6;
2026/04/17;2100 UTC;0;957,2;957,4;957,1;401;24,5;16;25,3;23,5;16,4;15,6;63;54;57;275;4,3;1,9;
2026/04/17;2200 UTC;0;957,5;957,8;957,3;10,8;22,1;15,9;23,4;21;16,2;15,6;74;63;69;267;2,9;1,2;
2026/04/17;2300 UTC;0;958;958,2;957,8;0;20,6;15,7;21;20,2;15,8;15,6;77;74;75;292;2,1;1,2;
2026/04/18;0000 UTC;0;958,5;958,7;958,2;0;19,9;15,6;20,3;19,3;15,7;15,5;81;76;78;278;2,5;1,4;
2026/04/18;0100 UTC;0;958,9;959,1;958,6;0;19;15,4;19,3;18,7;15,6;15,3;83;81;82;288;2,7;1,8;
2026/04/18;0200 UTC;0;959,2;959,3;959,1;0;18,3;15,3;18,7;18;15,4;15,3;87;84;85;300;2,4;1,8;
2026/04/18;0300 UTC;0;959,3;959,4;959,2;0;17,9;15,2;18,1;17,7;15,3;15,2;88;86;87;297;2;1,2;
2026/04/18;0400 UTC;0;959,2;959,3;959;0;17,6;15,1;17,9;17,4;15,3;15,1;89;86;88;253;1,9;,8;
2026/04/18;0500 UTC;0;959,1;959,3;958,9;0;17,4;15,1;17,7;17,2;15,2;15,1;90;87;88;236;2,8;1,5;
2026/04/18;0600 UTC;0;959,1;959,4;958,9;0;16,3;15;17,2;15,9;15,2;14,9;96;89;93;259;1,6;,9;
2026/04/18;0700 UTC;0;959,1;959,3;958,9;0;16;15,2;16,5;15,6;15,4;15;98;94;96;276;1,6;,9;
2026/04/18;0800 UTC;0;959,2;959,3;959,2;0;15,7;15,4;15,7;15,7;15,4;15,3;98;98;98;253;1,7;,9;
2026/04/18;0900 UTC;0;959,3;959,4;959,2;0;15,8;15,3;16,1;15,5;15,4;14,9;99;95;97;238;2,8;1,4;
2026/04/18;1000 UTC;0;959,7;960;959,2;3;15,1;15;15,5;14,8;15,1;14,8;100;98;99;265;1,6;,8;
2026/04/18;1100 UTC;0;960,6;960,6;960,6;135,4;15,8;15,5;15,9;15,7;15,6;15,4;99;99;99;269;1,7;,8;
2026/04/18;1200 UTC;0;960,7;960,9;960,5;823,9;17,2;16;18,4;15,9;16,7;15,5;99;89;94;210;1,2;,6;
2026/04/18;1300 UTC;0;960,9;961;960,8;1656,4;19,5;15,6;20,7;18,5;16,4;14,8;89;76;80;136;1,9;,8;
2026/04/18;1400 UTC;0;960,9;961;960,8;2259,8;20,7;15,7;21,5;19,7;16,5;14,9;82;70;75;232;3,7;1,5;
2026/04/18;1500 UTC;0;960,7;960,9;960,3;2782,8;21,9;15,6;23;21,2;16,6;15;74;65;69;208;2,9;1,2;
2026/04/18;1600 UTC;0;959,9;960,3;959,5;2943,8;23,2;15,7;24,2;22,3;16,9;15,3;68;57;63;264;3,2;1,7;
2026/04/18;1700 UTC;0;959;959,5;958,8;2828,1;24,6;15,3;25,3;23,7;16,4;14;61;47;53;172;3,7;1,5;
2026/04/18;1800 UTC;0;958,5;958,8;958,3;2457,8;25,5;14,6;26,1;24,7;15,8;13,8;51;39;46;166;3,2;1,6;
2026/04/18;1900 UTC;0;958,2;958,4;958;1844,1;25,6;14;26;25,3;14,9;13;47;37;42;159;3,6;1,5;
2026/04/18;2000 UTC;0;958,1;958,2;958;1118,2;25,4;14,1;25,9;25;15;13,4;47;39;44;175;3,3;1,6;
2026/04/18;2100 UTC;0;958;958,2;958;363,3;24,1;13,9;25;23;14,7;13,1;51;44;49;176;2,6;,9;
2026/04/18;2200 UTC;0;958,5;958,8;958,2;1,6;21,7;13,2;22,9;21,1;13,4;13,1;61;51;57;173;2,4;1,3;
2026/04/18;2300 UTC;0;959;959,1;958,8;0;20,6;13,8;21,3;19,8;14,1;13,2;71;61;66;157;3;1,3;
2026/04/19;0000 UTC;0;959,4;959,6;959,1;0;19,4;14;19,8;18,8;14,2;13,5;74;71;73;137;1,2;,4;
2026/04/19;0100 UTC;0;959,8;960;959,6;0;19,3;13,1;19,9;18,6;13,5;12,8;73;67;69;135;2,2;1;
2026/04/19;0200 UTC;0;960,1;960,2;960;0;18;12,7;18,6;17,1;12,8;12,5;78;71;74;96;2,7;2;
2026/04/19;0300 UTC;;;;;;;;;;;;;;;;;;
2026/04/19;0400 UTC;0;960,3;960,4;960,1;0;16;12,4;16,5;15,7;12,6;12,3;84;80;82;101;2,8;2,2;
2026/04/19;0500 UTC;0;960,3;960,4;960,2;0;15,4;12,4;16;15,1;12,5;12,3;87;82;85;84;2,2;1,9;
2026/04/19;0600 UTC;0;960,1;960,2;960;0;14,9;12,5;15,3;14,7;12,6;12,5;89;86;88;66;2;1,3;
2026/04/19;0700 UTC;0;960;960,1;959,9;0;14,7;12,5;15,1;13,9;12,5;12,4;93;87;89;71;2;1,5;
2026/04/19;0800 UTC;0;960,2;960,3;960,1;0;13,8;12,4;14;13,5;12,5;12,3;94;93;93;68;2,2;1,3;
2026/04/19;0900 UTC;0;960,7;961;960,4;0;13,4;12,3;13,5;13,3;12,4;12,2;95;94;95;77;3,3;2,3;
2026/04/19;1000 UTC;0;961,4;961,8;961;2,4;13,2;12,2;13,4;12,9;12,2;12;96;94;95;58;2,3;1,3;
2026/04/19;1100 UTC;0;962,1;962,5;961,8;100,5;14,4;11,7;15,5;12,9;12,1;11,4;96;81;87;51;3,6;2,1;
2026/04/19;1200 UTC;0;962,8;963,1;962,5;983,2;16,9;12,3;17,9;15,5;12,9;11,5;85;71;77;79;3,6;2,3;
2026/04/19;1300 UTC;;;;;;;;;;;;;;;;;;
2026/04/19;1400 UTC;0;962,9;963;962,8;2458,2;22,8;14,2;24,8;20,9;15;12,8;65;49;57;56;3,9;1,9;
2026/04/19;1500 UTC;0;962,5;962,8;962,2;2821,5;25,9;14,9;26,9;24,8;15,6;14,3;51;40;45;90;4,3;2,3;
2026/04/19;1600 UTC;0;961,8;962,2;961,3;2936,2;27,9;15,2;29;26,9;16,6;14,2;44;30;37;92;3,4;1,7;
2026/04/19;1700 UTC;0;960,9;961,3;960,5;2820,6;29,1;15;29,9;28,3;16,1;14,2;36;24;30;79;3,2;1,5;
2026/04/19;1800 UTC;0;960,1;960,5;959,8;2458;29,8;14,8;30,2;29,2;15,4;14,2;28;24;25;97;4,4;2,6;
2026/04/19;1900 UTC;0;959,8;960;959,7;1826,7;29,8;14,9;30,1;29,3;15,4;14,5;28;24;26;153;3,7;1,6;
2026/04/19;2000 UTC;0;960;960,4;959,6;1094,8;28,8;14,4;29,8;28,1;15,1;13,8;30;24;28;162;4,2;2,3;
2026/04/19;2100 UTC;0;960,3;960,5;960,2;342,9;26,6;14,6;28,1;25,3;15,1;14;46;29;40;172;3,6;1,7;
2026/04/19;2200 UTC;0;961,1;961,7;960,5;1,4;24,1;14,1;25,3;22,7;14,3;13,8;56;45;50;129;3,3;1,9;
2026/04/19;2300 UTC;0;962;962,2;961,8;0;21,9;13,8;22,6;21,1;14;13,4;61;56;59;109;5,6;3,5;
2026/04/20;0000 UTC;0;962,3;962,6;962;0;20,4;12,7;21,1;19,8;13,4;12,1;64;60;62;93;6,1;4,3;
2026/04/20;0100 UTC;0;962,8;963;962,6;0;18,9;12,1;19,8;18,4;12,3;12;68;61;66;84;6,7;4;
2026/04/20;0200 UTC;0;963,1;963,3;962,9;0;17,8;12,2;18,6;17,1;12,3;12;75;68;72;85;3,9;2,7;
2026/04/20;0300 UTC;0;963,1;963,2;963;0;17,4;12,3;18;16,8;12,4;12,1;78;72;75;87;3,7;2,8;
2026/04/20;0400 UTC;0;963;963,1;962,9;0;16,5;12,3;17;15,9;12,4;12,2;82;76;79;80;4;3,1;
2026/04/20;0500 UTC;0;963;963,2;962,9;0;15,8;12,4;16,3;15,6;12,5;12,4;84;81;83;81;4,7;3,1;
2026/04/20;0600 UTC;0;962,6;962,9;962,3;0;16;12,5;16,5;15,5;12,6;12,5;85;80;83;75;5,3;3,5;
2026/04/20;0700 UTC;0;962;962,2;961,9;0;15,8;12,7;15,9;15,6;12,8;12,6;85;84;85;71;4,8;2,8;
2026/04/20;0800 UTC;0;962;962,2;961,8;0;15,4;12,7;15,9;15,1;12,7;12,6;88;84;86;69;4,6;2,9;
2026/04/20;0900 UTC;0;962,4;962,6;962;0;15;12,6;15,2;14,9;12,8;12,5;88;87;88;75;4,2;2,8;
2026/04/20;1000 UTC;0;962,5;962,7;962,4;5,2;14,7;12,3;14,9;14,5;12,5;12,3;89;88;88;77;4;2,7;
2026/04/20;1100 UTC;0;963,1;963,5;962,7;142,9;15,5;12,5;16,8;14,6;12,8;12,2;89;79;85;56;3,9;2,1;
2026/04/20;1200 UTC;0;963,5;963,7;963,4;979,3;18,4;13;20;16,9;13,9;12,2;79;67;73;64;4,1;2,3;
2026/04/20;1300 UTC;0;963,3;963,8;963;1693,1;21,3;14,3;22,6;20;15;13,6;69;59;65;48;4,1;2,3;
2026/04/20;1400 UTC;0;963,6;963,8;963,3;2058,7;24,1;15,5;25,1;22,5;16,4;14,5;63;54;57;87;3,6;1,9;
2026/04/20;1500 UTC;0;963,3;963,5;963,1;2687,7;26,7;16,7;28,4;25;17,6;15,8;56;43;50;79;4,2;2,3;
2026/04/20;1600 UTC;0;962,9;963,2;962,5;2076,3;28,4;17,4;28,8;27,8;18;16,7;48;42;45;288;3,9;2;
2026/04/20;1700 UTC;0;962;962,5;961,6;2037,1;29,4;17,6;30,1;28,4;18,2;17,1;46;37;41;165;5,3;2,4;
2026/04/20;1800 UTC;0;961,4;961,6;961,3;1722,8;29,5;17,8;29,9;29,3;18,3;17,3;44;39;41;308;3,6;2;
2026/04/20;1900 UTC;0;961,3;961,4;961,1;1034,3;29,3;18,2;29,9;29;19,7;17,5;51;41;45;240;1,1;,5;
2026/04/20;2000 UTC;0;961,3;961,4;961,2;684,1;29,2;19,1;30,4;28;20,4;18,4;61;41;50;247;1,6;,5;
2026/04/20;2100 UTC;0;961,4;961,6;961,2;159,7;27,1;18,5;28;26,3;20,1;17,4;64;54;57;166;2,2;1,4;
2026/04/20;2200 UTC;0;961,9;962,2;961,5;,3;25,7;17,2;26,3;25,1;17,5;16,9;60;55;58;123;2,7;1,4;
2026/04/20;2300 UTC;0;962,2;962,6;961,9;0;25,2;17,3;25,5;24,9;17,5;17,1;62;59;60;147;3,2;1,7;
2026/04/21;0000 UTC;0;962,8;963;962,7;0;23;17,6;24,7;21,7;18;17,4;82;64;73;224;4,3;1,9;
2026/04/21;0100 UTC;0;963,6;963,9;963,1;0;21,2;18,1;21,6;20,8;18,3;17,8;86;83;84;220;7,4;3,7;
2026/04/21;0200 UTC;0;963,6;963,8;963,3;0;20,4;17,9;20,8;20,1;17,9;17,8;89;86;88;207;5,6;2,6;
2026/04/21;0300 UTC;0;963,4;963,6;963,3;0;19,9;18,1;20,1;19,9;18,3;17,9;92;89;91;212;6,1;2,2;
2026/04/21;0400 UTC;0;963,6;963,7;963,5;0;20;18,4;20,2;19,8;18,5;18,3;93;91;92;171;5,3;2,4;
2026/04/21;0500 UTC;0;963,4;963,5;963,3;0;19,7;18,2;20;19,4;18,3;18;93;91;93;176;4,1;1,7;
2026/04/21;0600 UTC;,2;963,8;964;963,5;0;19,2;17,8;19,4;18,8;18,1;17,7;96;92;93;217;4,2;1,5;
2026/04/21;0700 UTC;,6;964,2;965,5;963,7;0;18,8;18,1;18,8;18,7;18,3;18;98;96;97;309;11,4;5,5;
2026/04/21;0800 UTC;3,5;964;965,5;963,5;0;18,4;18;18,8;18,3;18,2;17,9;99;96;98;225;4,2;1,9;
2026/04/21;0900 UTC;0;964,4;964,8;964,1;0;18,3;18,3;18,4;18,3;18,4;18,1;100;99;100;166;3,4;1,3;
2026/04/21;1000 UTC;,8;964,8;965;964,6;,1;18,3;18,3;18,4;18,2;18,4;18,2;100;99;100;141;4,1;1,4;
2026/04/21;1100 UTC;1,6;965;965,4;964,8;26,9;18,1;18,1;18,2;18,1;18,2;18;100;99;100;68;4,4;2,2;
2026/04/21;1200 UTC;,4;965,3;965,6;965;124,4;18,1;17,9;18,2;18;18,1;17,8;100;99;99;86;4,8;3;
2026/04/21;1300 UTC;2,8;965,6;965,8;965,4;280,6;18,4;18,2;18,6;18,1;18,5;18;100;99;99;84;4,2;2,7;
2026/04/21;1400 UTC;2,6;965,6;966,2;965,2;307,4;18,6;18,4;18,8;18,4;18,7;18,3;100;99;99;118;3,7;2;
2026/04/21;1500 UTC;2,6;965,3;965,7;964,8;698;19;18,9;19,7;18,5;19,4;18,4;100;97;99;75;6;3,6;
2026/04/21;1600 UTC;,2;964,3;964,8;963,8;1855,1;20,9;19,5;21,6;19,8;20,3;19;98;88;93;68;5,6;3;
2026/04/21;1700 UTC;0;963,4;963,9;963;2169,3;22,9;20,4;24,4;21,5;21,5;19,4;94;79;88;71;3,8;1,9;
2026/04/21;1800 UTC;0;962,7;963;962,5;1498,9;24,5;20,5;25,1;24,2;21,8;19,9;85;76;80;92;3,1;1,6;
2026/04/21;1900 UTC;0;962,3;962,5;962,1;726,7;24,5;20,5;25,2;23,9;20,9;20,1;83;75;80;108;2,9;1,5;
2026/04/21;2000 UTC;1,6;962,6;962,7;962,4;350,9;22,8;21,1;23,9;22;21,8;20,4;96;83;91;84;1,8;1;
2026/04/21;2100 UTC;0;962,6;962,6;962,5;130,5;22,3;21,5;22,7;22;21,7;20,9;98;92;96;67;2,3;1,4;
2026/04/21;2200 UTC;0;962,8;963;962,6;1,6;21,8;21,3;22;21,5;21,6;20,9;98;97;98;87;3;2;
2026/04/21;2300 UTC;0;963,1;963,3;962,9;0;21,1;20,8;21,5;20,8;21,1;20,4;99;97;98;31;2,7;1,8;
2026/04/22;0000 UTC;0;963,5;963,8;963,3;0;20,9;20,3;21,2;20,7;20,5;20,1;99;95;97;110;4;2,5;
2026/04/22;0100 UTC;0;963,9;964,1;963,8;0;21;20,3;21,1;20,9;20,5;20,1;98;95;97;217;2,8;,6;
2026/04/22;0200 UTC;0;964,1;964,2;964;0;20,7;20,5;21;20,5;20,5;20,4;100;98;99;142;1,3;,7;
2026/04/22;0300 UTC;0;964,1;964,2;964;0;20,6;20,6;20,7;20,5;20,7;20,5;100;100;100;44;2,3;1,1;
2026/04/22;0400 UTC;0;964,3;964,4;964,1;0;20,5;20,5;20,6;20,4;20,6;20,4;100;100;100;296;1,8;,9;
2026/04/22;0500 UTC;0;964,2;964,4;964;0;20,5;20,3;20,7;20,1;20,5;20;100;98;99;42;1,3;,7;
2026/04/22;0600 UTC;0;963,8;964;963,7;0;20,2;20,3;20,3;20,2;20,4;20,2;100;100;100;126;,9;,6;
2026/04/22;0700 UTC;0;963,5;963,7;963,4;0;20,3;20,3;20,3;20,2;20,4;20,3;100;100;100;162;1,1;,6;
2026/04/22;0800 UTC;0;963,6;963,7;963,5;0;20,1;20,2;20,2;20;20,3;20,1;100;100;100;42;1;,7;
2026/04/22;0900 UTC;;;;;;;;;;;;;;;;;;
2026/04/22;1000 UTC;0;964,1;964,2;964,1;1,2;20;20;20,1;19,9;20,1;19,9;100;100;100;107;1,4;,9;
2026/04/22;1100 UTC;0;;;;145,2;20;20,1;20,4;19,8;20,4;19,8;100;100;100;108;1,3;,9;
2026/04/22;1200 UTC;0;;;;917,1;21,4;20,9;23,3;20,4;21,5;20,4;100;90;97;59;2,1;1;
2026/04/22;1300 UTC;0;965,2;965,2;965,2;1551,1;23,8;21,3;24,6;23,1;21,9;20,9;92;83;88;77;2,3;1,4;
2026/04/22;1400 UTC;0;965,2;965,3;965,1;1567,8;25;21,4;25,5;24,6;22;20,9;86;78;82;221;2,4;,8;
2026/04/22;1500 UTC;0;;;;1992;25,9;20,7;26,6;25;21,4;20;82;70;74;259;3,4;1,3;
2026/04/22;1600 UTC;0;;;;2145,7;26,6;20,9;27,5;25,7;22,1;20,4;77;66;71;205;5,1;2,1;
2026/04/22;1700 UTC;0;964;964,1;963,9;1701,1;26,5;21,1;27,2;25,8;21,9;20,6;78;68;73;212;5,4;2,3;
2026/04/22;1800 UTC;0;963,6;963,6;963,6;2245,6;27,2;21;28;26,1;21,8;20,3;77;64;69;199;4,1;1,9;
2026/04/22;1900 UTC;0;963,2;963,3;963,2;1520,5;27,4;20,8;28;27;21,3;20,3;70;64;67;195;3,6;1,6;
2026/04/22;2000 UTC;0;963,3;963,3;963,3;916,9;27,3;20,9;27,6;26,8;21,3;20,4;71;65;68;170;3;1,3;
2026/04/22;2100 UTC;0;;;;251;26,2;20,3;27,2;25,2;20,8;19,9;75;67;70;175;2,2;1,5;
2026/04/22;2200 UTC;0;964,4;964,7;964,3;1,5;24,4;19,9;25,2;23,8;20,1;19,8;80;74;78;172;1,2;,8;
2026/04/22;2300 UTC;0;965,3;965,4;965,2;0;23,8;19,6;24;23,6;19,6;19,5;80;78;79;183;2,9;1,2;
2026/04/23;0000 UTC;0;965,6;965,8;965,4;0;23,5;19,6;23,8;22,9;19,7;19,6;84;79;81;142;2,5;1,2;
2026/04/23;0100 UTC;0;965,9;966;965,8;0;22,4;19,8;22,8;22;19,9;19,6;90;84;87;128;3,2;2,2;
2026/04/23;0200 UTC;0;966,1;966,2;966;0;21,6;19,9;22;21,4;20;19,9;93;89;91;122;3,6;2,1;
2026/04/23;0300 UTC;0;966,1;966,1;966,1;0;20,9;19,8;21;20,9;19,8;19,8;94;94;94;129;2,2;1,6;
2026/04/23;0400 UTC;0;966,1;966,2;966;0;20,7;19,8;20,9;20,5;19,9;19,7;97;95;96;139;2,3;1,1;
2026/04/23;0500 UTC;0;965,9;966;965,6;0;20,4;19,6;20,5;20,1;19,8;19,4;97;95;96;92;2,7;1,9;
2026/04/23;0600 UTC;0;965,5;965,7;965,3;0;20;19,5;20,2;19,9;19,6;19,4;98;96;97;131;2,6;1,6;
2026/04/23;0700 UTC;0;965,4;965,5;965,3;0;19,8;19,3;20,1;19,6;19,5;19,2;98;96;98;170;3,8;2;
2026/04/23;0800 UTC;0;965,6;965,7;965,5;0;20,2;19,4;20,4;20;19,7;19,1;98;94;96;156;1,5;,7;
2026/04/23;0900 UTC;0;965,7;965,8;965,6;0;20,2;19,4;20,4;19,9;19,7;19,3;99;95;96;179;2,6;1,4;
2026/04/23;1000 UTC;0;965,9;965,9;965,7;1,3;19,7;19,4;19,8;19,4;19,7;19,2;99;98;99;90;3;2,2;
2026/04/23;1100 UTC;0;966,1;966,4;965,9;767,6;19,3;19,2;19,4;19,3;19,2;19,1;100;99;99;120;2,8;1,5;
2026/04/23;1200 UTC;0;;;;;;;;;;;;;;;;;
2026/04/23;1300 UTC;0;;;;;;;;;;;;;;;;;
2026/04/23;1400 UTC;30,4;;;;;;;;;;;;;;;;;
2026/04/23;1500 UTC;,8;;;;;;;;;;;;;;;;;
2026/04/23;1600 UTC;2;;;;;;;;;;;;;;;;;
2026/04/23;1700 UTC;6,3;;;;;;;;;;;;;;;;;
2026/04/23;1800 UTC;,2;;;;;;;;;;;;;;;;;
2026/04/23;1900 UTC;0;;;;;;;;;;;;;;;;;
2026/04/23;2000 UTC;0;;;;;;;;;;;;;;;;;
2026/04/23;2100 UTC;0;;;;;;;;;;;;;;;;;
2026/04/23;2200 UTC;0;;;;;;;;;;;;;;;;;
2026/04/23;2300 UTC;0;;;;;;;;;;;;;;;;;
2026/04/24;0000 UTC;0;;;;;;;;;;;;;;;;;
2026/04/24;0100 UTC;0;;;;;;;;;;;;;;;;;
2026/04/24;0200 UTC;0;;;;;;;;;;;;;;;;;
2026/04/24;0300 UTC;0;;;;;;;;;;;;;;;;;
2026/04/24;0400 UTC;0;;;;;;;;;;;;;;;;;
2026/04/24;0500 UTC;0;;;;;;;;;;;;;;;;;
2026/04/24;0600 UTC;0;;;;;;;;;;;;;;;;;
2026/04/24;0700 UTC;0;;;;;;;;;;;;;;;;;
2026/04/24;0800 UTC;,4;;;;;;;;;;;;;;;;;
2026/04/24;0900 UTC;1;;;;;;;;;;;;;;;;;
2026/04/24;1000 UTC;3,7;;;;;;;;;;;;;;;;;
2026/04/24;1100 UTC;8,5;;;;;;;;;;;;;;;;;
2026/04/24;1200 UTC;,6;;;;;;;;;;;;;;;;;
2026/04/24;1300 UTC;,6;;;;;;;;;;;;;;;;;
2026/04/24;1400 UTC;,6;;;;;;;;;;;;;;;;;
2026/04/24;1500 UTC;2,2;;;;;;;;;;;;;;;;;
2026/04/24;1600 UTC;1;;;;;;;;;;;;;;;;;
2026/04/24;1700 UTC;,2;;;;;;;;;;;;;;;;;
2026/04/24;1800 UTC;0;;;;;;;;;;;;;;;;;
2026/04/24;1900 UTC;0;;;;;;;;;;;;;;;;;
2026/04/24;2000 UTC;0;961,6;961,7;961,5;441,4;21,1;19,9;21,3;21;20,2;19,8;95;93;94;229;3,3;,7;
2026/04/24;2100 UTC;0;961,6;961,8;961,5;113,9;20,6;19,3;21,3;20,3;19,9;19;95;92;94;15;2,7;,9;
2026/04/24;2200 UTC;,6;961,8;961,9;961,6;0;20;19,5;20,3;19,8;19,7;19,1;100;94;97;81;1,5;,8;
2026/04/24;2300 UTC;1,4;961,9;962,2;961,6;0;19,6;19,7;19,8;19,5;19,8;19,5;100;100;100;134;1,7;1;
2026/04/25;0000 UTC;1,6;962,5;962,9;961,9;0;19,5;19,5;19,6;19,4;19,6;19,4;100;100;100;96;2,3;,9;
2026/04/25;0100 UTC;,6;962,8;963;962,6;0;19,4;19,5;19,6;19,3;19,6;19,3;100;100;100;292;2,4;1,1;
2026/04/25;0200 UTC;,8;963,1;963,7;962,6;0;19,4;19,5;19,6;19,2;19,7;19,2;100;100;100;155;1,2;,6;
2026/04/25;0300 UTC;,6;962,5;962,7;962,3;0;19,2;19,3;19,2;19,2;19,3;19,2;100;100;100;284;3,1;1,6;
2026/04/25;0400 UTC;1;962,2;962,8;961,6;0;19,1;19,1;19,2;18,9;19,3;19;100;100;100;84;3,3;1,9;
2026/04/25;0500 UTC;,8;961,8;962,4;961,5;0;19,1;19,1;19,3;18,9;19,2;19;100;99;100;262;4,9;2,6;
2026/04/25;0600 UTC;0;961,6;962,5;961,2;0;18,9;18,9;19,1;18,8;19,1;18,9;100;100;100;288;3,6;2,3;
2026/04/25;0700 UTC;0;961,7;961,9;961,3;0;18,8;18,9;18,8;18,7;18,9;18,8;100;100;100;303;2,3;1,3;
2026/04/25;0800 UTC;,2;961,3;961,5;961,1;0;18,6;18,7;18,8;18,4;18,9;18,5;100;100;100;257;1,1;,6;
2026/04/25;0900 UTC;0;961,7;961,9;961,4;0;18,4;18,4;18,5;18,3;18,6;18,2;100;99;100;269;1,3;,6;
2026/04/25;1000 UTC;0;961,8;962;961,5;,8;18,3;18,3;18,4;18,2;18,4;18,2;100;100;100;240;1,3;,7;
2026/04/25;1100 UTC;0;962,4;962,7;961,9;139,7;18,2;18,1;18,3;18;18,3;17,5;100;97;99;281;2,2;1,5;
2026/04/25;1200 UTC;0;963,1;963,3;962,7;576,3;18,5;18;18,9;18,1;18,3;17,7;99;95;98;263;3,8;1,9;
2026/04/25;1300 UTC;0;963,4;963,5;963,3;841,5;19,1;17,8;19,7;18,8;18,1;17,2;96;88;94;282;3,5;1,5;
2026/04/25;1400 UTC;0;963,1;963,5;962,8;1750;20,2;17,4;20,9;19,8;18,1;16,6;90;80;86;261;3,2;1,5;
2026/04/25;1500 UTC;0;962,4;962,8;962,2;1460,3;21,1;17;21,4;20,9;17,9;16,1;83;75;79;285;2,6;1,3;
2026/04/25;1600 UTC;0;962;962,4;961,6;1420,3;21,6;17,3;22,1;21,4;18,6;16,6;84;75;78;304;3,1;1,9;
2026/04/25;1700 UTC;0;961,1;961,6;960,7;899,8;21,6;17,3;21,8;21,5;17,9;16,7;82;75;78;311;3,1;1,8;
2026/04/25;1800 UTC;0;960,5;960,8;960,2;1438;22,3;17,3;22,6;21,7;18,2;16,7;80;71;75;302;3,5;2;
2026/04/25;1900 UTC;0;960,3;960,4;960,2;851,4;22,3;17,4;22,5;22;18,1;16,6;80;71;76;307;3,6;2;
2026/04/25;2000 UTC;0;960,4;960,5;960,2;328,8;21,8;17,6;22;21,5;18,1;17;82;75;79;301;3,2;1,4;
2026/04/25;2100 UTC;0;990,3;;960,3;75,2;21,2;18;21,5;20,9;18,7;17,5;89;80;84;302;1,7;1,1;
2026/04/25;2200 UTC;0;;;;,2;20,7;18,2;20,9;20,2;18,6;17,8;92;85;87;279;1,9;,7;
2026/04/25;2300 UTC;0;;;;0;19,8;18,3;20,2;19,5;18,6;18;93;91;92;182;2;1,3;
2026/04/26;0000 UTC;0;;;;;19,2;18,1;19,5;19;18,2;18;95;93;94;;;;
2026/04/26;0100 UTC;0;960,5;960,8;960,2;0;19;17,9;19,1;18,9;18,2;17,7;96;93;95;253;1,3;,6;
2026/04/26;0200 UTC;0;960,5;960,7;960,2;0;19,2;18,1;19,3;19;18,3;17,9;96;93;95;174;1,7;,9;
2026/04/26;0300 UTC;0;960,2;960,5;960;0;19;18;19,3;18,6;18,2;17,8;97;92;95;64;1;,7;
2026/04/26;0400 UTC;0;960,3;960,5;960,1;0;18,8;18;19;18,6;18,2;17,9;97;95;96;207;1,1;,3;
2026/04/26;0500 UTC;,2;959,6;960,3;958,9;0;1,3;1,2;18,9;18,9;18,3;18,1;97;96;;48;1,4;,7;
2026/04/26;0600 UTC;0;958,9;959,5;958,6;0;18,2;18,2;18,3;18,2;18,3;18,2;100;100;100;85;1,3;,7;
2026/04/26;0700 UTC;0;958,5;958,7;958,2;0;18,2;18,2;18,2;18;18,3;18;100;100;100;199;2,8;1,6;
2026/04/26;0800 UTC;0;958,2;958,4;958;0;17,9;17,9;18;17,8;18;17,9;100;100;100;160;1,7;,8;
2026/04/26;0900 UTC;0;958,3;958,5;958,1;0;17,8;17,8;17,8;17,7;17,9;17,7;100;100;100;186;2,1;1,3;
2026/04/26;1000 UTC;0;958,9;959,1;958,5;,1;17,7;17,7;17,8;17,6;17,8;17,6;100;100;100;193;1;,5;
2026/04/26;1100 UTC;0;959,6;959,9;959,2;105,6;17,8;17,8;18,1;17,6;18,1;17,6;100;100;100;267;,9;,4;
2026/04/26;1200 UTC;0;959,8;960;959,6;571,5;18,7;18,4;19,6;18,1;18,8;18;100;93;99;137;1,5;,7;
2026/04/26;1300 UTC;0;959,9;960,1;959,5;1054,8;19,8;18,3;20,3;19,5;18,7;17,9;96;88;92;289;2,4;,9;
2026/04/26;1400 UTC;0;960;960,1;959,8;1807,6;20,8;18,2;21,5;19,9;18,8;17,6;93;80;87;261;1,3;,7;
2026/04/26;1500 UTC;0;959,5;959,9;959,2;2807,6;22,3;17,4;23,4;21,6;18,4;16,4;84;69;75;283;3,1;1,6;
2026/04/26;1600 UTC;0;958,9;959,3;958,5;2517,5;23,6;16,6;24,8;22,6;17,9;15,5;73;57;65;215;4;1,4;
2026/04/26;1700 UTC;0;958;958,5;957,3;2462,5;24,3;15,9;25,1;23,4;17,2;15,1;64;52;58;206;4,9;2,2;
2026/04/26;1800 UTC;0;957,1;957,4;956,9;2029,6;24,5;15,6;25;23,8;16,4;15;61;51;55;226;4,8;2,6;
2026/04/26;1900 UTC;0;957,3;957,6;957;1164,3;24,1;15,3;25;23,1;16,1;14,9;60;52;56;237;3,9;1,5;
2026/04/26;2000 UTC;0;957,7;958,2;957,5;1075,5;24,7;15,3;25;24,4;16,3;14,5;57;50;53;255;5,3;2,2;
2026/04/26;2100 UTC;0;958,7;959;958,2;245,4;22,9;14,5;24,3;21,1;15;14,2;67;51;58;228;2,1;,9;
2026/04/26;2200 UTC;0;959,5;959,9;959;,1;20,9;14,2;21,8;20;14,6;13,8;72;61;66;226;2,4;1,4;
2026/04/26;2300 UTC;0;960;960,3;959,8;0;20,3;13,6;20,7;19,7;13,9;13,3;69;64;67;231;3,3;1,3;
2026/04/27;0000 UTC;0;960,8;961,3;960,3;0;18,7;13,5;19,7;17,8;13,8;13,3;80;68;74;269;1,4;,6;
2026/04/27;0100 UTC;0;961,5;961,6;961,3;0;17,3;13,4;17,6;17,2;13,7;13,3;82;79;80;304;2;1,3;
2026/04/27;0200 UTC;0;961,8;961,8;961,8;0;16,5;13,4;16,5;16,5;13,5;13,4;85;84;85;267;2;1,2;
2026/04/27;0300 UTC;0;961,9;962,1;961,8;0;16,9;13;17,7;16,3;13,4;12,7;85;75;81;258;4,2;1,6;
2026/04/27;0400 UTC;0;962;962,3;961,8;0;16,2;12,8;16,9;15,9;12,9;12,5;85;79;83;228;7;2,8;
2026/04/27;0500 UTC;0;962,5;962,6;962,3;0;15,7;12,7;16,1;15,5;12,9;11,7;86;81;85;219;6,4;2,9;
2026/04/27;0600 UTC;0;962,6;962,6;962,5;0;15,1;10,6;15,6;14,6;11,8;10;81;75;77;223;5,1;2,7;
2026/04/27;0700 UTC;0;962,7;963;962,5;0;13,9;9,9;14,6;13;10,6;9,6;88;76;80;231;2,4;1;
2026/04/27;0800 UTC;0;963;963,2;962,9;0;12,8;9;13,1;12,6;10,7;6,6;91;70;81;223;4,3;2,2;
2026/04/27;0900 UTC;0;963,6;964,2;963,2;0;12,2;5,8;12,7;11,3;6,5;2,8;74;65;68;225;3,5;1,5;
2026/04/27;1000 UTC;0;964,6;965,2;964,1;0;11;3,8;11,2;10,2;6,4;0;77;46;65;222;;1,8;
2026/04/27;1100 UTC;0;965,8;966,4;965,2;;10,2;,8;10,5;9,9;1,2;,5;55;51;53;;;;
2026/04/27;1200 UTC;0;967;967;966,9;1328,6;11,2;4;11,2;11,2;4,1;4;64;64;64;233;4,3;2,4;
2026/04/27;1300 UTC;0;967;967,1;966,9;1778,6;11,8;3,8;12,2;11,2;5;2,4;68;51;60;226;5,6;3,3;
2026/04/27;1400 UTC;0;967;967,1;966,8;0;12,9;2,9;13,3;12,1;4,4;1,5;57;41;50;219;7,3;3;
2026/04/27;1500 UTC;0;966,7;967;966,4;2819,3;13,9;2,8;14,7;13,2;3,9;2,1;49;38;45;221;5,5;2,7;
2026/04/27;1600 UTC;0;966;966,4;965,7;2932,6;15;3,1;15,6;14,4;4,1;2,1;44;37;41;239;7;2,8;
2026/04/27;1700 UTC;0;965,3;965,7;965;2810,5;15,8;3,4;16,3;15;4,2;2,6;44;34;38;219;5,7;2,7;
2026/04/27;1800 UTC;0;964,9;965,1;964,8;2398;16,5;3,9;17,1;16,1;4,8;3,2;41;33;37;213;5,8;2,5;
2026/04/27;1900 UTC;0;964,9;965;964,8;1770,6;16,8;4,1;17,2;16,5;5,2;3,3;40;34;36;223;5;2,3;
2026/04/27;2000 UTC;0;965;965,1;964,9;1019,1;16,6;3,8;17;16,2;4,6;3,3;40;34;36;213;3,9;1,9;
2026/04/27;2100 UTC;0;965,3;965,5;965,1;279,2;15,6;3,7;16,3;14,3;4,1;3,1;48;35;41;217;2,1;1,5;
2026/04/27;2200 UTC;0;965,9;965,9;965,9;0;13;2,1;13,1;12,9;2,1;2,1;46;45;46;216;2;1,5;
2026/04/27;2300 UTC;0;966,2;966,4;966;0;12,8;2,5;13;12,1;2,7;2,2;52;47;49;213;2,2;0;
2026/04/28;0000 UTC;0;967,1;967,1;967,1;0;11,2;3,4;11,3;11,2;3,5;3,4;61;61;61;231;3,5;2,3;
2026/04/28;0100 UTC;0;;;;0;;;;;;;;;;;;;
2026/04/28;0200 UTC;0;967,1;967,1;967,1;0;9,2;4,4;9,3;9,1;4,5;4,2;77;75;76;172;2,5;1,3;
2026/04/28;0300 UTC;0;967,1;967,2;967;0;9,3;3,7;9,7;8,7;4,4;3,3;76;69;72;87;1,1;,7;
2026/04/28;0400 UTC;0;966,9;967;966,9;0;8,5;3,7;8,7;8,3;3,9;3,3;77;75;76;106;;,9;
2026/04/28;0500 UTC;0;;;;;;;;;;;;;;;;;
2026/04/28;0600 UTC;0;;;;;;;;;;;;;;;;;
2026/04/28;0700 UTC;0;;;;;;;;;;;;;;;;;
2026/04/28;0800 UTC;0;965,7;965,7;965,7;0;5,9;4;6;5,9;4;4;90;90;90;105;1,6;1,2;
2026/04/28;0900 UTC;;;;;;;;;;;;;;;;;;
2026/04/28;1000 UTC;0;966,7;967,1;966,3;,3;5,2;4,5;5,5;4,6;4,9;4,2;100;94;96;0;2,1;1,2;
2026/04/28;1100 UTC;0;967,6;967,9;967,3;100,4;6,5;4,7;7,4;5,7;5,2;4,2;93;87;91;66;2,7;1,6;
2026/04/28;1200 UTC;0;968,1;968,3;967,9;997;8,8;0;10,6;7,4;;;88;75;82;66;2,6;1,5;
2026/04/28;1300 UTC;0;968,1;968,3;968;1724,6;11,6;5,9;13,2;10,7;6,7;5,4;78;64;72;69;3;1,8;
2026/04/28;1400 UTC;0;968;968,1;967,8;2344,5;14,3;6,5;15,6;13;7,3;5;66;55;61;52;3,6;1,8;
2026/04/28;1500 UTC;0;967,4;967,9;966,9;2720,1;15,8;6,3;16,7;15,2;7,2;5,3;59;45;52;120;2,8;1,4;
2026/04/28;1600 UTC;0;966,4;966,9;966;2839,2;17;5,9;18;16,3;6,8;4,9;52;38;44;166;3,7;1,5;
2026/04/28;1700 UTC;0;965,7;966;965,3;2719;18,2;5,9;18,8;17,8;7;5;44;35;39;82;3,8;1,8;
2026/04/28;1800 UTC;0;964,9;965,3;964,6;2331;18,8;5,8;19,3;18,3;6,6;5,1;40;32;35;173;2,2;1,1;
2026/04/28;1900 UTC;0;964,5;964,7;964,3;1697,4;19;6,7;19,6;18,6;7,7;5,9;43;34;38;204;4;1,8;
2026/04/28;2000 UTC;0;964,1;964,3;963,9;969,8;18,7;7,2;19,1;18,3;7,9;6,5;46;41;42;168;2,3;1;
2026/04/28;2100 UTC;;;;;;;;;;;;;;;;;;
2026/04/28;2200 UTC;0;964,4;964,5;964,4;0;14,2;4,7;14,4;14,1;4,9;4,6;54;52;52;198;1,9;,8;
2026/04/28;2300 UTC;;;;;;;;;;;;;;;;;;
2026/04/29;0000 UTC;;;;;;;;;;;;;;;;;;
2026/04/29;0100 UTC;0;965,2;965,3;965,1;0;12,9;4,6;13,6;12,3;5,4;3,8;60;56;59;101;1,2;,9;
2026/04/29;0200 UTC;0;965,1;965,3;965;0;12,2;3,8;12,9;11,7;4,2;3,4;62;52;58;95;;,9;
2026/04/29;0300 UTC;0;965,1;965,2;964,9;0;11,6;3,9;12,1;11,3;4,3;3,7;65;58;62;96;1,5;1;
2026/04/29;0400 UTC;0;964,7;964,9;964,5;0;11,4;4,3;11,7;10,8;4,5;4,2;68;62;65;101;1,7;1,2;
2026/04/29;0500 UTC;0;964,1;964,5;963,8;0;9,9;4,8;10,9;9,1;5,4;4,4;81;68;75;61;2,5;1,5;
2026/04/29;0600 UTC;0;963,3;963,8;963;0;9,6;5,3;10;9,2;5,5;5,2;82;76;78;73;2,5;1,7;
2026/04/29;0700 UTC;0;962,6;963;962,2;0;9;5,2;9,9;8,1;5,7;4,9;88;76;81;83;2,7;1,9;
2026/04/29;0800 UTC;0;962,2;962,3;962,1;0;7,7;5,4;8,2;7,1;5,6;5,2;92;85;89;90;2;1,5;
2026/04/29;0900 UTC;0;962,6;962,7;962,5;0;8,5;5,7;8,9;7,9;5,9;5,5;89;84;86;84;1,6;1;
2026/04/29;1000 UTC;0;962,8;963,1;962,7;,1;9,3;5,8;9,6;8,8;6,4;5,5;85;80;82;89;1,9;1,3;
2026/04/29;1100 UTC;;;;;;;;;;;;;;;;;;
2026/04/29;1200 UTC;0;963,4;963,5;963,2;853,1;11,3;7,4;12,8;9,5;8,6;6;86;75;80;87;3,4;2,2;
2026/04/29;1300 UTC;;;;;;;;;;;;;;;;;;
2026/04/29;1400 UTC;;;;;;;;;;;;;;;;;;
2026/04/29;1500 UTC;;;;;;;;;;;;;;;;;;
2026/04/29;1600 UTC;;;;;;;;;;;;;;;;;;
2026/04/29;1700 UTC;;;;;;;;;;;;;;;;;;
2026/04/29;1800 UTC;;;;;;;;;;;;;;;;;;
2026/04/29;1900 UTC;;;;;;;;;;;;;;;;;;
2026/04/29;2000 UTC;;;;;;;;;;;;;;;;;;
2026/04/29;2100 UTC;;;;;;;;;;;;;;;;;;
2026/04/29;2200 UTC;;;;;;;;;;;;;;;;;;
2026/04/29;2300 UTC;;;;;;;;;;;;;;;;;;
2026/04/30;0000 UTC;;;;;;;;;;;;;;;;;;
2026/04/30;0100 UTC;0;963,6;963,9;963,4;0;15,7;7,9;16,2;15,4;8,6;7,6;63;60;61;93;2;1,7;
2026/04/30;0200 UTC;0;964,1;964,3;963,8;0;15,3;8,8;16,1;14,3;9;8,3;72;62;67;92;1,9;1,4;
2026/04/30;0300 UTC;0;964,6;965;964,3;0;14,1;8,6;14,7;13,4;9;8,4;78;69;73;141;1,6;1;
2026/04/30;0400 UTC;0;965,1;965,2;965;0;13,1;9,5;13,5;12,7;9,9;8,9;86;78;82;135;1,5;1;
2026/04/30;0500 UTC;0;965,1;965,2;964,9;0;12,4;9,8;12,7;12;9,9;9,6;89;85;87;82;1,7;1,2;
2026/04/30;0600 UTC;0;965;965,1;964,9;0;12,1;9,7;12,3;11,9;9,8;9,6;89;87;88;112;1,5;1,2;
2026/04/30;0700 UTC;0;964,9;965;964,7;0;11;9,5;11,9;10,7;9,8;9,3;94;89;92;67;1,7;1,3;
2026/04/30;0800 UTC;0;965;965;965;0;10,2;8,8;10,3;10,1;8,9;8,8;94;93;93;87;1,6;1,2;
2026/04/30;0900 UTC;0;965;965,2;964,9;0;9,6;8,9;10,3;8,9;9,2;8,7;99;94;96;116;2,1;1,5;
2026/04/30;1000 UTC;0;965,5;965,6;965,5;3,5;8,8;8,9;8,8;8,8;8,9;8,8;100;100;100;93;1,9;1,6;
2026/04/30;1100 UTC;0;965,9;966,1;965,6;79,1;9,5;9,3;10,4;8,9;9,8;8,9;100;97;99;98;2,4;1,9;
2026/04/30;1200 UTC;0;966,3;966,4;966,1;984,3;12,6;10,4;14,4;10,4;10,9;9,8;98;80;89;72;2,9;2;
2026/04/30;1300 UTC;0;966,4;966,6;966,2;1704,1;16,2;11,8;17,7;14,3;12,7;10,5;83;74;78;70;3,7;2,3;
2026/04/30;1400 UTC;0;966;966,2;965,8;2297,1;19,4;13,3;21,2;17,8;14,4;12,5;75;62;69;71;2,9;1,6;
2026/04/30;1500 UTC;0;965,5;965,8;964,9;2675,3;22,5;13,1;24,1;21,2;14,4;12;66;41;53;71;3,6;2,3;
2026/04/30;1600 UTC;0;964,4;964,9;964;2784,5;24,7;12,7;25,6;23,7;13,7;11,4;46;32;40;80;4,1;2,4;
2026/04/30;1700 UTC;0;963,5;964,1;963;2659;26;12,6;26,8;24,7;13,8;11,8;36;28;33;65;4,4;2,4;
2026/04/30;1800 UTC;0;962,8;963;962,7;2270,2;26,5;12,4;27,2;26,1;13,6;11,7;33;26;29;72;5,4;2,1;
2026/04/30;1900 UTC;0;962,7;962,8;962,6;1622,4;26,7;12,4;27,2;26,4;13,2;11,8;32;25;28;77;3,8;2;
2026/04/30;2000 UTC;0;962,7;962,8;962,6;754,7;25,4;11,7;26,3;24,6;12,3;11,1;34;28;31;121;2,8;1,6;
2026/04/30;2100 UTC;0;963;963,2;962,7;206,7;23,4;10,7;24,6;21,1;11,4;9,9;44;32;36;117;1,9;1;
2026/04/30;2200 UTC;0;963,5;963,8;963,2;0;21;9,7;21,8;20,2;10,3;9,4;47;41;44;85;2;1,3;
2026/04/30;2300 UTC;0;964;964,2;963,7;0;19,7;9,5;20,7;18,9;9,9;9,2;55;43;49;116;2,9;1,8;
2026/05/01;0000 UTC;0;964,3;964,4;964,2;0;17,9;10;18,9;16,7;10,1;9,8;66;55;60;67;2,7;2,1;
2026/05/01;0100 UTC;0;964,6;964,9;964,4;0;16,4;10,3;16,7;15,9;10,5;9,8;72;66;69;72;3,8;2,8;
2026/05/01;0200 UTC;0;965;965,1;964,8;0;16;10,4;16,4;15,7;10,4;10,3;73;70;72;71;3,5;2,4;
2026/05/01;0300 UTC;0;965;965,2;964,9;0;15,5;10,4;15,8;15,1;10,5;10,3;77;73;75;75;3,4;2,3;
2026/05/01;0400 UTC;0;964,7;965;964,5;0;15,3;10,7;15,5;15;10,8;10,5;79;75;77;65;3,3;2,1;
2026/05/01;0500 UTC;0;964,5;964,7;964,4;0;14,7;11;15;14,6;11,1;10,8;82;79;82;62;2,5;1,6;
2026/05/01;0600 UTC;0;964,1;964,4;963,8;0;14,5;11,2;15;14,2;11,6;11;85;80;83;63;3,6;2,3;
2026/05/01;0700 UTC;0;963,6;963,8;963,3;0;14,9;12,3;15,1;14,7;12,8;11,6;90;84;87;63;3,6;2,5;
2026/05/01;0800 UTC;;;;;;;;;;;;;;;;;;
2026/05/01;0900 UTC;0;963,3;963,4;963,1;0;15,6;13,5;15,7;15,4;13,6;13,4;90;89;89;63;4,8;2,6;
2026/05/01;1000 UTC;0;963,8;963,9;963,7;3,9;15,9;13,6;16;15,9;13,7;13,6;89;88;88;55;4,3;2,3;
2026/05/01;1100 UTC;;;;;;;;;;;;;;;;;;
2026/05/01;1200 UTC;0;964,5;964,6;964,4;788,4;17,8;14,4;19,3;16,6;14,7;14,1;88;76;83;42;5,1;2,8;
2026/05/01;1300 UTC;0;964,4;964,6;964,2;1387,8;20,9;15,4;22,4;19,3;16;14,6;77;67;72;74;6,9;4;
2026/05/01;1400 UTC;0;964,1;964,3;963,6;811,4;22,9;16,4;23,9;22,4;16,9;15,9;69;64;67;33;6,8;3,9;
2026/05/01;1500 UTC;0;963,3;963,7;962,9;2269,9;25,7;17,3;27,2;23,9;18,1;16,7;65;53;58;227;8,3;4;
2026/05/01;1600 UTC;0;962;962,9;961,2;2484;27,8;18,3;28,8;26,9;19,4;17,7;56;50;53;307;9;5;
2026/05/01;1700 UTC;0;960,7;961,3;960,3;1737,2;28,4;19;29,2;27,5;19,4;18,6;56;50;53;323;9,2;3,7;
2026/05/01;1800 UTC;0;959,8;960,3;959,3;1156,7;27,8;18,9;28,2;27,4;19,4;18,5;57;54;56;321;7,4;3,7;
2026/05/01;1900 UTC;0;959,4;959,6;959,1;585,1;27,8;19,2;28,4;27,6;19,6;19;58;55;57;319;8,4;4,5;
2026/05/01;2000 UTC;0;959,6;959,7;959,5;399,8;28,3;19,8;28,5;28,1;19,9;19,6;59;56;57;320;7,2;3,9;
2026/05/01;2100 UTC;0;959,6;959,7;959,3;194,9;27,8;19,9;28,2;27,1;20,1;19,8;63;58;60;318;6,9;2,9;
2026/05/01;2200 UTC;0;959,4;959,7;959,3;0;26,6;19,6;27,2;25,9;19,9;19,4;68;63;65;223;5,2;2,3;
2026/05/01;2300 UTC;0;959,1;959,4;958,9;0;25,7;19,4;26;25,5;19,5;19,3;69;67;68;182;3,9;2;
2026/05/02;0000 UTC;0;959,6;960;959,2;0;25,9;19,6;26,3;25,5;19,7;19,4;70;67;68;314;6,9;3,7;
2026/05/02;0100 UTC;0;960,3;960,6;959,9;0;25,8;19,7;26,2;25,5;19,8;19,6;71;67;69;322;5,2;2,7;
2026/05/02;0200 UTC;0;960,4;960,7;960;,7;23,4;19,4;25,6;21,9;19,8;19;86;71;80;296;2,2;1,2;
2026/05/02;0300 UTC;13;960,7;962,2;958,8;1,8;20,8;19,1;22,6;19,6;19,9;18,7;99;83;92;280;10;5;
2026/05/02;0400 UTC;14;961,8;962,3;961;,4;19,1;18,9;19,6;18,7;19,4;18,7;100;96;99;279;5,2;2,3;
2026/05/02;0500 UTC;1,6;961,4;961,9;960,7;0;19;19;19,3;18,7;19,3;18,7;100;100;100;295;5;2,2;
2026/05/02;0600 UTC;3;961,2;961,9;960,6;0;19,3;19,4;19,4;19,3;19,5;19,3;100;100;100;57;4;2,3;
2026/05/02;0700 UTC;7,7;961,2;962;960,4;0;19,4;19,4;19,5;19,3;19,5;19,3;100;100;100;211;1,8;,8;
2026/05/02;0800 UTC;0;961,3;961,6;960,8;0;19,4;19,4;19,4;19,3;19,5;19,3;100;100;100;304;3,9;2,2;
2026/05/02;0900 UTC;0;961,2;961,6;960,5;0;19,5;19,6;19,7;19,4;19,7;19,4;100;100;100;291;2,2;1,2;
2026/05/02;1000 UTC;0;961,9;962,4;961,6;0;19,4;19,5;19,6;19,4;19,7;19,4;100;100;100;197;2,1;1;
2026/05/02;1100 UTC;0;963,3;964,2;962,3;39,1;19,4;19,4;19,5;19,4;19,5;19,4;100;100;100;235;2,9;1,4;
2026/05/02;1200 UTC;0;964,6;965,1;964,1;171,4;19,5;19,6;19,6;19,5;19,6;19,5;100;100;100;234;3;1,1;
2026/05/02;1300 UTC;0;965,7;966,2;965;365;19,5;19,5;19,7;19,3;19,7;19,4;100;99;100;218;4,8;2,5;
2026/05/02;1400 UTC;0;966,6;966,8;966,1;733,4;19,4;18,8;19,8;18,9;19,3;18,1;99;93;97;202;5,1;2,3;
2026/05/02;1500 UTC;0;966,6;966,8;966,3;1520;20,1;18,4;20,6;19,7;19;17,8;95;86;92;220;3,6;1,3;
2026/05/02;1600 UTC;0;966,8;967;966,7;1737,1;21,1;17,5;21,7;20,7;18,5;16,5;89;75;82;204;4,3;1,9;
2026/05/02;1700 UTC;0;966,8;967;966,5;1281,1;21,3;17,2;21,9;20,5;18,3;16,3;82;75;79;208;7,2;2,9;
2026/05/02;1800 UTC;0;966,7;966,9;966,6;1009,4;20,4;16,5;20,7;20,2;17,1;16;82;79;81;183;5,1;1,9;
2026/05/02;1900 UTC;0;967,2;967,5;966,9;834,2;20,3;16;20,5;20,1;16,5;15,4;82;76;78;204;5,3;1,9;
2026/05/02;2000 UTC;0;967,5;967,7;967,4;853,8;20,3;15,5;20,8;19,9;15,9;15,1;78;74;76;212;6;2,7;
2026/05/02;2100 UTC;0;968,1;968,3;967,8;252,2;19;14,5;19,9;18;15,1;13,5;79;76;77;212;5,4;2,5;
2026/05/02;2200 UTC;0;968,7;969;968,2;,1;17,1;13,4;17,9;16,4;13,7;13;83;78;81;215;4,5;1,8;
2026/05/02;2300 UTC;0;969,1;969,1;969;0;15,8;13,1;16,4;15,2;13,4;12,9;91;83;87;206;4,3;2;
2026/05/03;0000 UTC;0;969,8;969,9;969,6;0;14,6;13,6;14,8;14,4;13,7;13,5;96;94;95;215;2,4;,9;
2026/05/03;0100 UTC;0;970,5;970,8;970;0;14,4;12,3;14,7;14;13,6;9,9;96;78;90;174;6,8;2,8;
2026/05/03;0200 UTC;0;971;971,3;970,7;0;13,4;9;14,2;12,8;9,9;8,5;79;77;78;173;7,4;3,4;
2026/05/03;0300 UTC;0;971,6;971,8;971,4;0;12,2;7,4;12,8;11,5;8,5;6,7;79;74;76;173;6,8;3,2;
2026/05/03;0400 UTC;0;971,9;972;971,8;0;11;6,7;11,5;10,6;6,9;6,6;80;76;78;165;4,5;1,9;
2026/05/03;0500 UTC;0;971,9;972;971,9;0;10,4;6,3;10,6;10;6,7;6;81;78;79;165;4,5;2;
2026/05/03;0600 UTC;0;971,4;971,5;971,4;0;9,8;5,5;9,8;9,7;5,6;5,5;79;79;79;166;5,4;3;
2026/05/03;0700 UTC;0;971,3;971,4;971,2;0;8,8;5,7;9,1;8,5;5,7;5,6;86;83;84;168;3;1,1;
2026/05/03;0800 UTC;0;971,1;971,3;971;0;8,4;5,5;8,8;7,9;5,7;5,4;88;83;85;146;2,5;1,5;
2026/05/03;0900 UTC;0;971,1;971,3;971;0;7,6;5,5;8;7,3;5,6;5,3;91;87;89;143;3,2;1,8;
2026/05/03;1000 UTC;0;971,5;971,5;971,5;,8;6,7;5,2;6,8;6,7;5,2;5,2;93;92;92;125;3;1,7;
2026/05/03;1100 UTC;0;971,6;971,7;971,5;74,3;7,1;5,5;7,8;6,7;5,7;5,2;93;89;92;112;3,5;2,1;
2026/05/03;1200 UTC;0;971,6;971,7;971,6;1321,4;10,2;6,7;10,5;10;7;6,5;83;81;83;96;4,9;3,3;
2026/05/03;1300 UTC;0;971,9;972,2;971,6;0;2,1;6,2;10,9;10,6;6,9;5,5;81;68;73;91;5,8;3,5;
2026/05/03;1400 UTC;0;971,8;972,2;971,4;2324,5;13,5;6,8;14,5;12,2;7,7;6,1;72;61;66;45;6,4;3,4;
2026/05/03;1500 UTC;0;970,8;971,5;970,2;2717,9;15,3;7;16,2;14,4;7,7;6,3;64;51;59;66;5,9;3,2;
2026/05/03;1600 UTC;0;969,7;970,2;969,1;2847,9;16,4;6,8;17,1;15,5;7,4;5,8;58;47;52;88;5;3;
2026/05/03;1700 UTC;0;968,6;969;968,1;2705,8;17,9;7,4;18,7;16,9;9;6,3;53;43;48;65;4,1;2,4;
2026/05/03;1800 UTC;0;967,5;968,1;967,1;2296,1;19,1;8;19,5;18,5;8,8;7;49;40;44;86;4,4;2,5;
2026/05/03;1900 UTC;0;966,8;967,1;966,4;1676,4;19,5;8,2;19,9;18,8;8,9;7,3;47;41;44;95;4,3;2,3;
2026/05/03;2000 UTC;0;966,4;966,5;966,2;929,5;19,2;8;19,7;18,7;8,8;7,5;47;42;44;116;3,4;1,8;
2026/05/03;2100 UTC;0;966,2;966,3;966,1;226,6;17,8;7,6;18,7;16,2;7,9;7;56;44;49;130;2,1;1,2;
2026/05/03;2200 UTC;0;966,3;966,5;966,2;0;15;7;16,4;13,9;7,3;6,8;66;52;60;132;1,5;,7;
2026/05/03;2300 UTC;0;966,3;966,6;966;0;14,3;7,3;15,2;13,2;7,5;6,8;71;60;65;93;3,1;2,3;
2026/05/04;0000 UTC;0;966,1;966,3;966;0;12,6;7,4;13,3;11,9;7,5;7,2;78;70;74;85;3,2;2,5;
2026/05/04;0100 UTC;0;966,1;966,3;966;0;11,8;7,3;12,1;11,5;7,5;7,1;80;76;77;86;2,9;2;
2026/05/04;0200 UTC;0;;;;0;11,4;7,7;11,6;11,2;7,8;7,5;82;80;82;74;2,9;2,3;
2026/05/04;0300 UTC;0;965,4;965,6;964,8;0;11,2;7,9;11,4;11;8;7,7;84;82;83;78;3,2;2,2;
2026/05/04;0400 UTC;0;965,1;965,3;964,9;0;10,8;8;11,2;10,2;8,2;7,9;90;83;86;87;3,1;2,4;
2026/05/04;0500 UTC;0;964,8;964,9;964,7;0;10,4;8,1;10,6;10,2;8,2;7,9;89;87;88;90;2,9;2,5;
2026/05/04;0600 UTC;0;964,4;964,7;963,9;0;10,4;8,4;10,8;10,1;8,6;8,2;92;87;90;74;3;2,2;
2026/05/04;0700 UTC;0;963,8;963,9;963,7;0;10,5;8,7;10,8;10,3;9,1;8,6;92;91;91;70;3,1;2,1;
2026/05/04;0800 UTC;0;963,8;963,9;963,7;0;10,5;8,7;10,8;10,3;9,1;8,6;92;91;91;73;3,3;2,1;
2026/05/04;0900 UTC;0;963,8;963,9;963,7;0;10,5;8,7;10,8;10,3;9,1;8,6;92;91;91;64;;1,9;
2026/05/04;1000 UTC;0;963,8;963,9;963,7;0;10,5;8,7;10,8;10,3;9,1;8,6;92;91;91;63;;1,9;
2026/05/04;1100 UTC;0;963,8;963,9;963,7;0;10,5;8,7;10,8;10,3;9,1;8,6;92;91;91;63;;2;
2026/05/04;1200 UTC;0;963,8;963,9;963,7;0;10,5;8,7;10,8;10,3;9,1;8,6;92;91;91;63;;2;
2026/05/04;1300 UTC;;;;;;;;;;;;;;;;;;
2026/05/04;1400 UTC;;;;;;;;;;;;;;;;;;
2026/05/04;1500 UTC;;;;;;;;;;;;;;;;;;
2026/05/04;1600 UTC;;;;;;;;;;;;;;;;;;
2026/05/04;1700 UTC;;;;;;;;;;;;;;;;;;
2026/05/04;1800 UTC;;;;;;;;;;;;;;;;;;
2026/05/04;1900 UTC;0;962,8;963,1;962,6;;19,9;19,1;20,5;19,2;19,5;18,7;98;92;96;39;2,3;1,2;
2026/05/04;2000 UTC;0;962,6;962,7;962,5;;20,2;19,4;20,4;20;19,7;19;98;93;96;80;1,6;1,1;
2026/05/04;2100 UTC;0;962,8;963,1;962,6;;19,9;19,6;20,2;19,7;19,8;19,5;100;97;98;100;2;1,5;
2026/05/04;2200 UTC;0;963,4;963,5;963,1;;19,6;19,6;19,8;19,4;19,7;19,5;100;99;100;76;2,4;1,6;
2026/05/04;2300 UTC;0;963,5;963,7;963,4;;19,3;19,3;19,4;19,1;19,5;19,1;100;100;100;73;2,9;1,8;
2026/05/05;0000 UTC;0;964;964,2;963,7;;18,8;18,8;19,1;18,7;19,1;18,7;100;100;100;72;2,1;1,4;
2026/05/05;0100 UTC;0;964,3;964,5;964,2;;18,5;18,5;18,6;18,2;18,7;18,3;100;100;100;72;2,1;1,5;
2026/05/05;0200 UTC;0;964,5;964,6;964,4;;18,2;18,3;18,4;18,1;18,4;18,1;100;100;100;56;3,2;1,3;
2026/05/05;0300 UTC;0;964,7;964,9;964,4;;18,2;18,3;18,3;18,2;18,3;18,2;100;100;100;54;2,3;1,3;
2026/05/05;0400 UTC;0;964,9;965;964,8;;18,2;18,2;18,2;18,1;18,3;18,1;100;100;100;42;2,5;1,3;
2026/05/05;0500 UTC;0;965;965,1;964,9;;18,3;18,3;18,5;18,1;18,5;18,2;100;100;100;72;1,8;1,4;
2026/05/05;0600 UTC;0;964,7;965;964,6;;17,8;17,9;18,1;17,6;18,2;17,7;100;100;100;73;1,7;1,2;
2026/05/05;0700 UTC;,2;964,6;964,7;964,5;;17,7;17,8;18;17,5;18;17,5;100;100;100;83;1,8;1,1;
2026/05/05;0800 UTC;0;964,6;964,7;964,5;;17,4;17,5;17,7;17,2;17,7;17,2;100;100;100;58;1,4;1,1;
2026/05/05;0900 UTC;0;964,7;964,8;964,7;;17,2;17,3;17,3;17;17,4;17,1;100;100;100;85;1,6;1,1;
2026/05/05;1000 UTC;0;965,2;965,6;964,8;;16,6;16,7;17;16,3;17,1;16,3;100;100;100;94;2,1;1,4;
2026/05/05;1100 UTC;;;;;;;;;;;;;;;;;;
2026/05/05;1200 UTC;0;966,4;966,5;966,3;;18,6;18,1;20,1;17,2;18,9;17,2;100;91;97;67;1,8;1,1;
2026/05/05;1300 UTC;0;966,8;967;966,5;;21,3;19,1;22,6;20,2;20,1;18,1;93;85;89;76;1,4;,8;
2026/05/05;1400 UTC;0;966,9;966,9;966,9;;25,1;20;25,2;25;20,4;19,8;76;73;75;351;1,8;,6;
2026/05/05;1500 UTC;0;966,7;966,9;966,4;;26,2;20,7;26,8;25;21,3;20;78;68;72;295;3,6;2,1;
2026/05/05;1600 UTC;0;966;966,3;965,5;;27,7;20,6;28,4;26,9;21,5;19,9;70;60;64;283;4;1,9;
2026/05/05;1700 UTC;0;965,1;965,6;964,6;;28,9;20,1;29,7;28,1;21,2;19,5;65;50;56;244;4,2;1,7;
2026/05/05;1800 UTC;0;964,4;964,6;964,1;;29,6;19,7;30,4;28,9;20,5;19;54;46;50;299;3,6;1,9;
2026/05/05;1900 UTC;0;964,2;964,4;964,1;;29,5;19,1;30;29,2;20;17,9;52;42;48;254;4,4;2;
2026/05/05;2000 UTC;0;964,2;964,3;964,2;;28,9;19,6;29,4;28,4;20,1;19;56;50;54;212;4,4;2;
2026/05/05;2100 UTC;0;964,4;964,5;964,3;;27,1;19,2;28,4;25,8;19,5;18,8;65;54;60;84;2,9;1,5;
2026/05/05;2200 UTC;0;964,6;964,8;964,5;;25,2;18,8;25,8;24,6;18,8;18,7;71;65;68;121;3,5;1,8;
2026/05/05;2300 UTC;0;965;965,2;964,7;;24,2;18,7;24,7;23,8;18,8;18,5;74;70;72;165;3,3;1,8;
2026/05/06;0000 UTC;0;965,2;965,3;965,1;;23,6;18,2;23,9;23,4;18,5;17,9;73;72;73;133;3,4;1,8;
2026/05/06;0100 UTC;0;965,5;965,7;965,3;;23,4;17,8;23,6;23,3;17,9;17,7;73;71;72;82;3,6;2;
2026/05/06;0200 UTC;0;965,6;965,8;965,4;;23,1;17,7;23,3;22,7;17,8;17,6;75;72;73;54;3,7;1,8;
2026/05/06;0300 UTC;0;965,3;965,5;965,2;;22;17,6;22,6;21,7;17,7;17,6;80;76;78;24;3;1,8;
2026/05/06;0400 UTC;0;965,2;965,4;965,1;;21,1;17,6;21,9;20,6;17,8;17,5;86;79;83;36;2,7;1,5;
2026/05/06;0500 UTC;0;965,4;965,6;965,3;;19,9;17,5;21,2;18,6;17,6;17,4;94;81;88;100;1,8;1,4;
2026/05/06;0600 UTC;0;966;966,2;965,5;;18,2;17,3;18,5;18;17,5;17,2;96;94;96;105;2,2;1,7;
2026/05/06;0700 UTC;0;966,1;966,2;966;;18;17,3;18,2;17,9;17,5;17,1;98;95;97;66;1,7;1,3;
2026/05/06;0800 UTC;0;965,7;966,1;965,3;;18;17,3;18,3;17,5;17,5;17,2;99;95;97;67;1,9;1,5;
2026/05/06;0900 UTC;0;965,2;965,3;965,1;;18,8;17,4;19,5;17,5;17,5;17,2;99;89;93;40;3;1,4;
2026/05/06;1000 UTC;0;965,6;965,8;965,3;;18,2;17,1;19,2;17,3;17,4;16,9;98;90;95;77;2,1;1,4;
2026/05/06;1100 UTC;0;966;966,3;965,7;;17,6;17,2;18,7;17,1;17,7;16,9;99;95;98;86;2,1;1,5;
2026/05/06;1200 UTC;0;966,5;966,7;966,3;;19,6;17,9;21;18,8;18,8;17,6;94;88;92;72;3;1,8;
2026/05/06;1300 UTC;0;966,4;966,6;966,2;;23,4;19;25,4;21,1;19,8;18,5;88;69;78;84;4,8;2,4;
2026/05/06;1400 UTC;0;966,2;966,4;965,8;;26,3;20;28;25,4;20,6;19,4;72;62;68;169;5,5;2,9;
2026/05/06;1500 UTC;0;965,6;965,9;965,2;;28,3;20,3;29,3;27,4;21,3;19,7;64;56;60;312;8,7;3,4;
2026/05/06;1600 UTC;0;964,6;965,1;964;;29;20,4;29,7;27,9;21,3;19,7;61;54;57;307;9;4,2;
2026/05/06;1700 UTC;0;963,6;964;963;;29,2;20,4;30,1;28,7;21,1;20;59;52;56;309;10;4,3;
2026/05/06;1800 UTC;0;962,6;963;962,3;;29,3;20,3;29,9;28,6;21;19,9;58;52;55;315;7,2;3;
2026/05/06;1900 UTC;0;962;962,3;961,7;;29,5;20,2;30;28,8;20,8;19,8;58;51;54;305;7,9;3,7;
2026/05/06;2000 UTC;0;961,7;961,8;961,5;;29,3;20,2;29,6;28,7;20,6;19,7;58;53;55;284;5,7;2,7;
2026/05/06;2100 UTC;0;961,5;961,7;961,4;;27,8;19,5;28,8;26,6;19,9;19,3;64;54;59;96;4,8;2;
2026/05/06;2200 UTC;0;961,6;961,7;961,5;;25,9;19,2;26,7;25,2;19,4;19,1;70;63;67;204;3,2;1,8;
2026/05/06;2300 UTC;0;961,8;961,9;961,7;;25,1;19,2;25,4;24,9;19,3;19,1;72;69;71;46;4,8;2,1;
2026/05/07;0000 UTC;0;961,9;962,1;961,8;;24,7;18,8;24,9;24,4;19,2;18,4;72;69;71;44;4,9;2,6;
2026/05/07;0100 UTC;0;961,9;962;961,8;;24,1;18,2;24,4;23,7;18,4;18;72;69;70;57;3,9;2,3;
2026/05/07;0200 UTC;0;961,7;961,9;961,6;;23,4;17,9;23,7;23;18,1;17,7;74;72;73;31;5,1;2,3;
2026/05/07;0300 UTC;0;961,4;961,6;961,2;;22,8;17,7;23;22,6;17,8;17,5;75;73;74;31;5,3;2,5;
2026/05/07;0400 UTC;0;960,9;961,3;960,6;;22,6;17,6;22,8;22,4;17,7;17,5;76;74;75;99;5;2,7;
2026/05/07;0500 UTC;0;960,4;960,6;960;;22,8;17,5;23,1;22,5;17,6;17,5;75;72;74;151;6,2;3,1;
2026/05/07;0600 UTC;0;959,8;960,1;959,3;;22,9;17,5;22,9;22,6;17,5;17,4;74;73;73;118;6,1;3,9;
2026/05/07;0700 UTC;0;958,1;958,2;958,1;;22,2;17,3;22,2;22,1;17,3;17,3;76;76;76;139;5,6;3,2;
2026/05/07;0800 UTC;0;957,7;957,8;957,6;;22,2;17,5;22,4;22,1;17,5;17,4;77;75;76;225;7,5;3,1;
2026/05/07;0900 UTC;0;957,5;957,8;957,3;;22,1;17,5;22,4;21,8;17,5;17,4;78;75;77;199;6,2;2,9;
2026/05/07;1000 UTC;0;957,4;957,5;957;;22;17,4;22,3;21,8;17,5;17,3;78;75;77;235;7,8;4;
2026/05/07;1100 UTC;0;957;957,1;956,7;;22,4;17,4;22,7;22,2;17,5;17,3;76;73;75;256;9,2;4,5;
2026/05/07;1200 UTC;0;957,3;957,5;956,9;;23,1;17,5;23,3;22,7;17,7;17,4;74;71;72;197;7,5;3,7;
2026/05/07;1300 UTC;0;957,3;957,5;957;;25,3;18,1;26,6;23,4;18,6;17,7;72;58;64;294;9,4;4,6;
2026/05/07;1400 UTC;0;956,4;957,3;955,5;;27,1;18,4;28;26,5;18,9;18;59;54;57;305;11,7;6,1;
2026/05/07;1500 UTC;0;954,9;955,6;954,1;;27,9;18,5;28,5;27,3;18,8;18,2;57;49;53;309;15,6;7,5;
2026/05/07;1600 UTC;0;953,6;954,4;952,9;;28,4;18,5;29,2;27,3;19,3;17,8;54;48;50;297;13,2;6,3;
2026/05/07;1700 UTC;0;952,5;953;951,8;;28;18,2;28,9;27,5;18,9;17,5;53;49;51;295;11;6,2;
2026/05/07;1800 UTC;0;951,8;952,1;951,5;;28,7;18,4;29,4;28,3;18,9;17,6;51;46;49;317;11;5,1;
2026/05/07;1900 UTC;0;951,2;951,6;950,3;;28,4;17,8;28,6;27,9;18,2;17,6;50;45;47;312;14,4;7,2;
2026/05/07;2000 UTC;0;950,6;951;950,2;;28;17,9;28,4;27,4;18,3;17,5;51;48;49;310;11,6;5,8;
2026/05/07;2100 UTC;0;951,1;951,5;950,7;;27,1;17,5;27,4;26,7;17,7;17,2;53;51;52;304;9,8;5,1;
2026/05/07;2200 UTC;0;951,2;951,3;950,9;;26;17;26,6;25,6;17,2;16,8;57;53;55;316;7,8;3,8;
2026/05/07;2300 UTC;0;950,8;951,1;950,7;;25,3;16,8;25,8;24,8;16,9;16,7;60;55;57;239;7;3,5;
2026/05/08;0000 UTC;0;951;951,2;950,7;;24,7;16,8;24,9;24,5;16,9;16,7;61;59;61;237;7;3,3;
2026/05/08;0100 UTC;4,5;952,8;954,9;951,2;;22,2;16,8;25;17,9;17;15,9;94;60;73;279;6,3;2,4;
2026/05/08;0200 UTC;3,5;954,2;954,6;953,7;;17,7;17;17,9;17,5;17,2;16,7;98;94;97;285;5,5;2,3;
2026/05/08;0300 UTC;3,2;953,1;953,6;952,6;;17,5;16,8;17,9;17,4;17,1;16,6;98;95;97;301;7,4;3,9;
2026/05/08;0400 UTC;5,5;953,9;954,7;953;;0;0;;;;;99;96;98;257;4,8;1,6;
2026/05/08;0500 UTC;5,3;955,9;957;954,4;;14,2;13,6;17,4;12,8;17,3;12,3;100;93;97;205;7,3;1,8;
2026/05/08;0600 UTC;0;956;956,6;955,7;;12,5;12,2;12,8;12,4;12,5;11,9;99;97;98;244;1,8;,6;
2026/05/08;0700 UTC;,2;955,9;956,2;955,4;;12,5;12;12,6;12,3;12,1;11,6;99;96;98;235;3,3;1;
2026/05/08;0800 UTC;0;956,4;956,8;956,1;;12,6;11,6;12,6;12,4;12,2;10,8;98;91;95;213;3;,8;
2026/05/08;0900 UTC;0;957,7;958;957,2;;12,3;10,4;12,4;12,2;10,8;9,8;92;88;90;200;2,5;,6;
2026/05/08;1000 UTC;0;958,5;958,8;958,1;;12;9,3;12,3;11,8;10,2;8,8;90;85;86;234;3,8;,9;
2026/05/08;1100 UTC;0;958,9;959,1;958,7;;11,4;8,6;11,9;10,8;9,6;7,6;90;84;86;201;2;,4;
2026/05/08;1200 UTC;0;959,4;959,7;959,1;;11,7;6,6;12,4;10,9;8;5,1;85;65;74;273;2,8;1,2;
2026/05/08;1300 UTC;0;959,9;960,2;959,6;;12,6;6,8;13;12,4;7,5;5,9;74;67;71;172;2,8;,7;
2026/05/08;1400 UTC;0;960,2;960,4;959,9;;13,5;7,3;14,2;12,8;8,5;6,1;73;61;69;171;2,6;,5;
2026/05/08;1500 UTC;0;959,9;960,2;959,3;;14,4;7,1;15;13,9;8,1;6,2;68;60;64;216;2,9;,6;
2026/05/08;1600 UTC;0;958,9;959,4;958,4;;15,2;7,3;16;14,5;8,2;6,6;65;56;61;229;2,8;,5;
2026/05/08;1700 UTC;0;958,2;958,6;957,9;;16,7;7,3;17,4;16;7,9;6,3;59;46;53;236;2;,5;
2026/05/08;1800 UTC;0;957,8;958,1;957,6;;17,3;6,4;17,6;17,1;7,3;5,6;51;42;45;260;2,1;,6;
2026/05/08;1900 UTC;0;957,9;958;957,8;;17,6;6,2;17,7;17,3;7,2;5,6;48;40;43;271;3,2;,6;
2026/05/08;2000 UTC;0;957,8;958;957,6;;17,1;5,6;17,6;16,7;6,3;5,1;46;39;42;279;3,2;,8;
2026/05/08;2100 UTC;0;958;958,5;957,7;;15,6;5;16,7;14,8;5,4;4,7;52;42;47;267;1,8;,6;
2026/05/08;2200 UTC;0;958,8;959,5;958,2;;14,3;5,5;15,1;13,7;6,2;4,6;62;48;56;251;,9;,3;
2026/05/08;2300 UTC;0;959,8;960,3;959,4;;13,3;6,5;13,7;12,9;6,9;5,8;70;62;66;253;1,1;,3;
2026/05/09;0000 UTC;0;960,4;960,6;960,2;;12,4;7,3;12,9;11,8;8,1;6,7;81;70;74;222;,8;,2;
2026/05/09;0100 UTC;0;960,7;961;960,5;;10,9;7,3;11,8;9,9;7,9;6,8;86;79;82;282;,3;,1;
2026/05/09;0200 UTC;0;961;961,5;960,7;;10;6,6;10,3;9,7;7,1;6,3;85;81;83;237;,6;,2;
2026/05/09;0300 UTC;0;961,6;961,7;961,5;;10,1;6;10,4;9,9;6,4;5,8;82;77;80;237;,9;,3;
2026/05/09;0400 UTC;0;;;;;;;;;;;;;;;;;
2026/05/09;0500 UTC;0;;;;;;;;;;;;;;;;;
2026/05/09;0600 UTC;0;;;;;;;;;;;;;;;;;
2026/05/09;0700 UTC;0;963,7;963,8;963,6;;7,2;5,3;7,3;7,1;5,5;5,1;92;89;91;278;,8;,2;
2026/05/09;0800 UTC;0;963,5;963,8;963,3;;7;5;7,3;6,5;5,5;3,9;93;87;90;305;,4;,1;
2026/05/09;0900 UTC;0;964,1;964,1;964,1;;6,7;3,1;6,7;6,7;3,1;3,1;82;82;82;18;,2;,1;
2026/05/09;1000 UTC;0;964,6;965,1;964,2;;6,5;2,7;7,3;5,8;3,3;1,6;87;71;81;177;,2;,1;
2026/05/09;1100 UTC;;;;;;;;;;;;;;;;;;
2026/05/09;1200 UTC;0;966,4;966,8;966,1;;8,4;3,5;9;7,8;4,5;2,4;82;68;76;311;1;,4;
2026/05/09;1300 UTC;0;966,9;967,3;966,6;;9,9;3,3;10,6;9;4,4;2,3;76;61;67;274;3;1,3;
2026/05/09;1400 UTC;;;;;;;;;;;;;;;;;;
2026/05/09;1500 UTC;;;;;;;;;;;;;;;;;;
2026/05/09;1600 UTC;;;;;;;;;;;;;;;;;;
2026/05/09;1700 UTC;0;966,2;966,3;965,9;;12,9;3,3;13,2;12,3;4,4;2,4;59;47;52;284;2;,7;
2026/05/09;1800 UTC;0;965,7;966,2;965,4;;14,1;3,9;14,6;13,1;5;2,8;54;45;49;267;2;,7;
2026/05/09;1900 UTC;0;965,7;965,9;965,4;;14,1;4,6;14,2;13,9;5,2;3,9;55;49;53;269;1,6;,7;
2026/05/09;2000 UTC;0;965,7;966;965,6;;13,8;4,3;14,2;13,3;4,7;3,9;56;50;53;280;3,4;,7;
2026/05/09;2100 UTC;0;966,1;966,5;965,7;;13;4,2;13,9;12;4,6;3,9;62;51;56;276;1,6;,6;
2026/05/09;2200 UTC;0;966,9;967,2;966,5;;10,7;4,6;12;9,8;4,9;4,1;75;61;69;253;1,1;,3;
2026/05/09;2300 UTC;0;968;968,6;967,2;;9,5;4,9;9,9;9,3;5,4;4,7;80;74;77;251;1,1;,3;
2026/05/10;0000 UTC;0;968,9;969,3;968,7;;9,2;5,3;9,7;8,5;5,8;4,8;81;78;37;229;1,8;,5;
2026/05/10;0100 UTC;0;969,7;969,9;969,3;;8,6;5,3;8,7;8,3;5,7;4,9;85;13;82;222;2,7;,9;
2026/05/10;0200 UTC;0;970,3;970,5;969,9;;8,3;5,8;8,6;8,2;6;5,5;89;85;87;238;2,1;,5;
2026/05/10;0300 UTC;0;970,6;970,8;970,4;;8,2;5,4;8,3;8,1;5,9;5;89;84;86;223;3;,8;
2026/05/10;0400 UTC;0;920,7;970,7;;;7,3;4,9;7,4;7,3;5;4,8;88;87;88;227;;,4;
2026/05/10;0500 UTC;0;970,8;971,1;970,6;;7,7;4,7;7,9;7,3;5;4,3;88;83;85;224;2,2;,7;
2026/05/10;0600 UTC;0;970,6;970,7;970,5;;8;5;8,1;8;5,2;4,9;86;84;85;235;2,1;,5;
2026/05/10;0700 UTC;0;970;970,3;969,8;;7,8;5,5;7,9;7,7;5,6;5,4;90;87;89;239;2,4;,6;
2026/05/10;0800 UTC;0;969,8;970;969,8;;7,6;5,6;7,6;7,6;5,7;5,4;91;89;90;224;3,1;,8;
2026/05/10;0900 UTC;0;970,1;970,3;969,9;;7,6;5,3;7,7;7,6;5,7;4,4;90;84;88;238;3,1;,5;
2026/05/10;1000 UTC;0;970,5;970,8;970,3;;7,6;4,4;7,7;7,4;5,4;3,8;90;81;84;271;2,2;,5;
2026/05/10;1100 UTC;0;971,2;971,4;970,9;;7,2;5,7;7,4;7,1;6,3;4,7;95;87;92;252;1,8;0;
2026/05/10;1200 UTC;0;971,3;971,3;971,2;;8,1;4,4;8,2;8;4,8;3,9;84;79;82;267;1,9;,5;
2026/05/10;1300 UTC;0;971,3;971,4;971,2;;8,3;4,2;8,6;8;4,8;3,7;83;76;80;263;1,4;,6;
2026/05/10;1400 UTC;0;971,5;971,7;971,2;;8,7;4,1;8,9;8,4;4,8;3,6;80;75;77;219;3,6;1,1;
2026/05/10;1500 UTC;0;971,4;971,8;970,9;;9,3;4;9,7;8,9;4,6;3,5;77;70;74;263;2,1;,5;
2026/05/10;1600 UTC;0;970,9;971,1;970,6;;9,5;4,5;9,9;9,2;4,9;3,9;77;72;75;250;2,6;,8;
2026/05/10;1700 UTC;0;970,2;970,6;969,8;;10,2;4,4;10,7;9,7;5,2;3,6;76;65;71;260;2,5;,7;
2026/05/10;1800 UTC;0;970;970,1;969,8;;10,7;4,1;11,3;10,4;5;3,5;69;63;67;290;3,2;1,2;
2026/05/10;1900 UTC;0;969,7;969,8;969,7;;10,8;4,2;11;10,6;4,6;3,8;69;66;67;296;2,9;1,2;
2026/05/10;2000 UTC;0;969,9;970,2;969,6;;10,6;4;11,2;10,5;4,5;3,6;70;63;67;288;2,3;1,1;
2026/05/10;2100 UTC;0;970,4;970,5;970,2;;10,2;4,3;10,5;9,7;4,7;3,8;75;67;70;288;2,6;1;
2026/05/10;2200 UTC;0;970,5;970,7;970,4;;9,2;4,7;9,7;8,6;5;4,5;82;74;77;287;2;,8;
2026/05/10;2300 UTC;0;971;971,3;970,7;;8,1;5;8,6;7,5;5;4,9;87;82;85;295;1,8;,8;
2026/05/11;0000 UTC;0;971,3;971,6;971,1;;7,4;4,8;7,5;7,3;4,9;4,7;88;87;87;286;1,9;,5;
2026/05/11;0100 UTC;0;971,8;971,9;971,6;;6,9;4,6;7,2;6,7;4,7;4,4;89;87;88;291;1,9;,6;
2026/05/11;0200 UTC;0;971,9;972;971,9;;6,3;4,6;6,5;6,2;4,6;4,6;92;91;91;284;1,6;,6;
2026/05/11;0300 UTC;;;;;;;;;;;;;;;;;;
2026/05/11;0400 UTC;0;971,6;971,6;971,5;;5,6;4,3;5,8;5,4;4,4;4,2;94;93;94;272;1,6;,6;
2026/05/11;0500 UTC;0;971,4;971,5;971,1;;5,4;4;5,5;5,3;4,3;3,9;94;93;93;273;1,2;,5;
2026/05/11;0600 UTC;0;970,6;970,6;970,6;;4,6;3,5;4,6;4,6;3,5;3,5;95;95;95;271;1;,5;
2026/05/11;0700 UTC;;;;;;;;;;;;;;;;;;
2026/05/11;0800 UTC;0;970,4;970,6;970,3;;4,5;3,6;4,7;4,1;3,7;3,3;97;95;95;291;1,2;,5;
2026/05/11;0900 UTC;;;;;;;;;;;;;;;;;;
2026/05/11;1000 UTC;;;;;;;;;;;;;;;;;;
2026/05/11;1100 UTC;0;971,4;971,4;971,3;;4,4;3,5;4,5;4,3;3,7;3,4;96;95;96;295;1,4;,6;
2026/05/11;1200 UTC;;;;;;;;;;;;;;;;;;
2026/05/11;1300 UTC;;;;;;;;;;;;;;;;;;
2026/05/11;1400 UTC;;;;;;;;;;;;;;;;;;
2026/05/11;1500 UTC;;;;;;;;;;;;;;;;;;
2026/05/11;1600 UTC;;;;;;;;;;;;;;;;;;
2026/05/11;1700 UTC;0;969,7;969,8;969,6;;14,4;3,5;14,6;14,2;3,9;3;48;43;46;241;2,5;,7;
2026/05/11;1800 UTC;0;969,5;969,7;969,4;;14,9;4;15,7;14,4;5,2;3,3;49;43;45;296;3,1;1,1;
2026/05/11;1900 UTC;0;969,3;969,4;969,2;;15,2;4,1;15,7;15;5;3,5;48;42;45;272;1,6;,6;
2026/05/11;2000 UTC;0;969,3;969,5;969,2;;15;4,1;15,1;14,8;4,5;3,6;49;43;46;276;1,6;,6;
2026/05/11;2100 UTC;0;969,6;969,8;969,4;;13,4;4,2;14,8;11,2;4,6;3,8;65;46;54;296;,4;,1;
2026/05/11;2200 UTC;0;970;970,3;969,8;;10,9;3,8;11,2;10,5;4,2;3,4;67;63;64;289;,6;,2;
2026/05/11;2300 UTC;0;970,4;970,4;970,4;;10,3;3,3;10,3;10,2;3,4;3,3;66;65;65;289;,7;,3;
2026/05/12;0000 UTC;0;970,4;970,5;970,3;;9,8;3,1;10,2;9,6;3,5;2,7;68;65;66;289;,8;,4;
2026/05/12;0100 UTC;;;;;;;;;;;;;;;;;;
2026/05/12;0200 UTC;0;;970,6;970,6;;9,2;2,5;9,4;8,8;2,7;2,3;68;65;66;279;,6;,3;
2026/05/12;0300 UTC;;;;;;;;;;;;;;;;;;
2026/05/12;0400 UTC;0;970,2;970,3;970;;8,1;2,4;9;7,2;2,8;2;78;66;72;273;,4;,1;
2026/05/12;0500 UTC;0;969,8;969,8;969,7;;5,6;3;5,8;5,4;3;3;88;86;87;66;,8;,5;
2026/05/12;0600 UTC;0;969,5;969,7;969,3;;5,6;2,8;6,1;5;3,1;2,4;90;82;86;304;,8;,4;
2026/05/12;0700 UTC;0;969,1;969,3;969;;6,3;2,4;6,6;5,7;2,6;2,2;84;78;81;;;;
2026/05/12;0800 UTC;0;969,1;969,2;969,1;;4,4;2,7;4,6;4,2;2,9;2,6;93;90;92;298;14;,1;
2026/05/12;0900 UTC;0;969,2;969,4;969;;4,3;2,7;4,8;3,7;3;2,4;95;88;92;141;1,6;1,1;
2026/05/12;1000 UTC;0;969,6;969,6;969,6;;2,2;2,3;2,2;2,2;2,3;2,3;100;100;100;56;1,3;1;
2026/05/12;1100 UTC;0;969,9;969,9;969,8;;4;2,6;4,5;3,5;2,8;2,4;96;90;93;29;3;1,6;
2026/05/12;1200 UTC;0;969,9;970;969,9;;6,6;3,2;9,2;4,5;4,2;2,3;90;70;83;34;2,7;1,8;
2026/05/12;1300 UTC;0;969,7;969,7;969,6;;12,6;5,1;12,8;12,3;5,5;4,5;65;59;62;77;2,1;1,1;
2026/05/12;1400 UTC;0;969,3;969,6;968,9;;14,1;5,3;15,4;12,7;6,2;4,6;65;52;56;152;4,2;2;
2026/05/12;1500 UTC;0;968,4;968,8;967,9;;16,2;6,4;16,9;15,2;7,4;5,6;54;47;51;296;3,8;1,4;
2026/05/12;1600 UTC;0;967,3;967,9;966,8;;17,5;7,1;18,4;16,6;8,3;6,2;54;45;48;298;3;1,2;
2026/05/12;1700 UTC;0;966,3;966,9;965,8;;19,5;7,5;20,4;18,2;8,4;6,6;48;32;40;291;3,4;1,1;
2026/05/12;1800 UTC;0;965,5;965,8;965,3;;20,7;6,9;21;20,4;7,5;6;35;25;31;287;2,6;1;
2026/05/12;1900 UTC;0;965;965,3;964,7;;21,2;6,8;21,4;21;7,4;6,2;31;25;28;283;3,3;,9;
2026/05/12;2000 UTC;0;964,5;964,7;964,4;;20,7;6,7;21,1;20,2;7;6,3;33;27;30;285;1,5;,6;
2026/05/12;2100 UTC;0;964,6;964,7;964,4;;18,4;6,4;20,1;16;7,2;5;48;32;40;283;,8;,2;
2026/05/12;2200 UTC;0;965;965,2;964,7;;15,5;4,8;16,1;14,8;5,3;4,5;49;45;47;290;,8;,4;
2026/05/12;2300 UTC;0;965,3;965,5;965,1;;14,3;4,8;14,9;13,8;5;4,6;55;49;52;278;,9;,4;
2026/05/13;0000 UTC;0;965,8;966,2;965,5;;13,3;4,5;14,1;12,7;4,9;4,2;58;53;56;289;1,1;,5;
2026/05/13;0100 UTC;0;966,3;966,4;966,2;;12,7;4,6;13,1;12,4;4,8;4,4;61;58;60;298;1,9;,8;
2026/05/13;0200 UTC;0;966,5;966,7;966,3;;12,2;4,4;12,5;11,9;4,5;4,3;62;59;61;296;2;,7;
2026/05/13;0300 UTC;0;966,8;967;966,6;;11,5;4,3;12;11;4,5;4,1;66;62;64;298;1,6;,8;
2026/05/13;0400 UTC;0;966,7;966,8;966,6;;10,6;4,3;11,4;10,1;4,4;4,2;71;64;68;277;1,1;,4;
2026/05/13;0500 UTC;0;966,6;966,6;966,6;;10,4;4,3;10,7;10,1;4,4;4,2;71;68;69;295;1,1;,4;
2026/05/13;0600 UTC;;;;;;;;;;;;;;;;;;
2026/05/13;0700 UTC;0;966,4;966,5;966,3;;7,1;4,4;8;6,5;4,7;4,1;89;82;86;10;1,5;1,1;
2026/05/13;0800 UTC;0;966,4;966,5;966,1;;8,5;4;9,7;6,5;4,6;3,7;90;71;78;98;1,4;,6;
2026/05/13;0900 UTC;0;966,9;967,2;966,5;;5,9;4,1;7,4;5;4,4;3,7;96;83;91;126;2,2;1,1;
2026/05/13;1000 UTC;0;967,4;967,6;967,2;;4,5;4,3;4,9;4,2;4,7;4;100;96;99;97;1,2;,9;
2026/05/13;1100 UTC;0;967,5;968;967,3;;5;4,6;5,7;4,6;5,1;4,3;100;94;98;121;1,7;1,1;
2026/05/13;1200 UTC;0;967,9;967,9;967,8;;7,1;5,1;7,4;6,9;5,2;4,9;90;89;90;52;1,5;,8;
2026/05/13;1300 UTC;0;967,8;968;967,7;;10,4;6;12,2;7,5;6,9;5,1;90;70;78;92;1,5;,9;
2026/05/13;1400 UTC;0;967,5;967,7;967,3;;14,3;7,4;15,6;12,6;8,3;6,5;74;60;66;87;1,7;,7;
2026/05/13;1500 UTC;0;966,8;967,3;966,3;;17,1;8,3;18,5;15,7;9,3;7,4;64;50;56;146;2,7;1,1;
2026/05/13;1600 UTC;0;966;966,3;965,6;;18,3;8,6;18,6;17,6;9,6;7,4;56;45;52;273;3,3;,8;
2026/05/13;1700 UTC;0;965,1;965,6;964,7;;19,2;8,5;19,9;18,6;9,6;7,7;51;43;47;295;2,3;1,1;
2026/05/13;1800 UTC;0;964,4;964,7;964;;20,3;9,6;20,9;19,6;10,6;8,4;51;39;46;234;2,8;,4;
2026/05/13;1900 UTC;0;964,1;964,1;964;;21;9;21,2;20,7;9,9;8,3;44;37;40;300;2,6;1;
2026/05/13;2000 UTC;0;964,3;964,4;964,2;;20,8;9,1;21,2;20,2;10,1;8,4;48;37;41;198;1,6;,4;
2026/05/13;2100 UTC;0;964,4;964,6;964,3;;18,9;9,8;20,7;16,8;10,6;9,1;63;45;54;288;,9;,4;
2026/05/13;2200 UTC;0;964,8;965;964,6;;16,3;7,8;16,8;15,7;9;7;63;54;58;181;1,2;,7;
2026/05/13;2300 UTC;0;965,1;965,2;965;;15,4;7,9;15,9;15;8,2;7,3;65;57;62;81;,8;,5;
2026/05/14;0000 UTC;0;965,2;965,4;965;;14,9;7,6;15,2;14,6;7,9;7,3;65;61;63;121;1,3;,8;
2026/05/14;0100 UTC;0;965,5;965,6;965,5;;13,6;7,1;14,9;12,6;7,4;6,7;72;63;68;52;1,3;,8;
2026/05/14;0200 UTC;0;965,6;965,7;965,5;;12,7;6,2;13,2;12,4;6,7;5,9;71;65;67;55;,8;,5;
2026/05/14;0300 UTC;0;965,5;965,6;965,4;;12,5;6,1;12,8;12,2;6,2;6;70;66;68;46;;,7;
2026/05/14;0400 UTC;0;;;;;;;;;;;;;;;;;
2026/05/14;0500 UTC;0;;;;;;;;;;;;;;;;;
2026/05/14;0600 UTC;0;;;;;;;;;;;;;;;;;
2026/05/14;0700 UTC;0;;;;;;;;;;;;;;;;;
2026/05/14;0800 UTC;0;;;;;;;;;;;;;;;;;
2026/05/14;0900 UTC;0;;;;;;;;;;;;;;;;;
2026/05/14;1000 UTC;0;;;;;;;;;;;;;;;;;
2026/05/14;1100 UTC;0;;;;;;;;;;;;;;;;;
2026/05/14;1200 UTC;0;967;967;966,9;;10;6,7;10,6;9,5;7;6,4;87;81;84;69;2,7;1,6;
2026/05/14;1300 UTC;0;967,1;967,2;967;;11,9;7,5;13,5;10,7;8,7;6,7;81;74;78;71;2,2;1,5;
2026/05/14;1400 UTC;0;967;967,1;966,9;;15,2;8,7;16,7;13,6;9,5;8,1;76;59;67;62;2;1,2;
2026/05/14;1500 UTC;0;966,5;966,9;966;;17,5;9,5;18,4;16,6;10,1;8,7;63;56;60;108;2,5;1;
2026/05/14;1600 UTC;0;965,5;966;964,8;;19,4;9,8;20,4;18,5;10,7;9,1;58;47;52;109;3,1;1,1;
2026/05/14;1700 UTC;0;964,2;964,7;963,9;;20,6;10;21,2;20;10,9;9,4;52;45;47;280;2,5;,4;
2026/05/14;1800 UTC;0;964,2;964,4;964;;20,7;9,9;21,2;20,3;10,6;9,1;51;42;46;238;2,7;,7;
2026/05/14;1900 UTC;0;964,4;964,5;964,2;;20,2;10,4;21,4;19,6;11,3;9,7;58;45;51;260;,9;,3;
2026/05/14;2000 UTC;0;964,5;964,6;964,3;;19,6;11,3;20,5;19,1;12,4;10,4;66;54;59;248;,6;,2;
2026/05/14;2100 UTC;0;964,8;965;964,5;;18,3;9,9;20,2;17,5;11,5;8,7;63;55;58;189;1,5;,8;
2026/05/14;2200 UTC;0;965,2;965,4;965;;17,4;9,4;18;17;9,6;8,9;63;55;60;178;3,4;1,2;
2026/05/14;2300 UTC;0;965,5;965,7;965,3;;16,3;9,8;17,1;15,6;10;9,6;72;63;67;170;2,3;1,1;
2026/05/15;0000 UTC;0;966;966,3;965,7;;15;10,6;15,6;14,4;11;10,1;83;73;78;148;3,2;1,2;
2026/05/15;0100 UTC;0;966,2;966,4;966,1;;13,5;10,9;14,3;12,9;11,1;10,8;91;83;87;157;2,5;,9;
2026/05/15;0200 UTC;0;966,2;966,4;966;;12,9;11;13,1;12,7;11;10,8;91;90;90;135;2,6;1,3;
2026/05/15;0300 UTC;0;966,6;966,9;966,3;;12,7;10,7;13;12,3;11;10,4;91;89;90;113;1,8;1,2;
2026/05/15;0400 UTC;0;966,9;967;966,9;;12,1;10,5;12,1;12,1;10,5;10,5;92;92;92;121;2,8;1,4;
2026/05/15;0500 UTC;0;966,9;967,1;966,7;;11,6;10,3;12,1;11,3;10,5;10,2;95;91;94;145;3,2;1,8;
2026/05/15;0600 UTC;0;966,9;967;966,7;;11,4;10,2;11,5;11,3;10,3;10,1;94;93;94;98;3,7;2,4;
2026/05/15;0700 UTC;0;966,2;966,3;966,2;;11,5;10;11,5;11,4;10;10;93;93;93;92;3,4;2,6;
2026/05/15;0800 UTC;0;;966,4;;;11,2;9,8;11,4;11;10;9,6;93;92;93;112;3,6;2,2;
2026/05/15;0900 UTC;0;;;;;10,7;9,6;11;10,5;9,7;9,4;95;93;94;119;2,6;1,6;
2026/05/15;1000 UTC;0;966,7;966,8;966,6;;9,8;9,2;10;9,7;9,3;9,1;98;96;97;152;2,2;,7;
2026/05/15;1100 UTC;0;966,9;967;966,8;;10;9,2;10,2;9,8;9,3;9,1;97;95;96;155;3,1;1,5;
2026/05/15;1200 UTC;0;966,9;967,1;966,8;;10,8;9,2;11,4;10;9,4;9,1;96;89;92;142;3;1,8;
2026/05/15;1300 UTC;0;967,1;967,2;966,9;;11,7;9,8;12,6;10,9;10,3;9,3;92;87;90;130;3;1,6;
2026/05/15;1400 UTC;0;967,1;967,3;966,9;;13,9;10,5;15,4;12,7;11,1;10,1;89;75;83;101;2,8;1,5;
2026/05/15;1500 UTC;0;966,5;967,1;965,8;;15,7;10,8;17,1;14,5;11,7;10,1;80;69;76;108;3,6;1,9;
2026/05/15;1600 UTC;0;965,3;965,8;964,7;;17,7;11,1;18,9;16,6;11,7;10,6;73;62;67;122;3,1;1,5;
2026/05/15;1700 UTC;0;963,9;964,6;963,5;;19,1;11,4;19,6;18,2;12,2;10,9;66;58;62;178;3;1,3;
2026/05/15;1800 UTC;0;963,1;963,5;962,8;;20,1;11,6;20,7;19,4;12,5;11;62;54;58;131;2,3;1,1;
2026/05/15;1900 UTC;0;962,8;962,9;962,7;;20,3;12;20,7;19,8;12,6;11,4;63;55;59;198;4,7;1,6;
2026/05/15;2000 UTC;0;962,8;963,1;962,7;;19,3;12,2;19,9;18,5;12,7;11,7;67;62;64;205;4,3;1,7;
2026/05/15;2100 UTC;0;963,2;963,4;963;;17,2;11,6;18,5;16;11,8;11,4;77;66;72;175;4;1;
2026/05/15;2200 UTC;0;963,6;963,8;963,5;;15,2;11,2;15,9;14,2;11,4;10,8;83;77;80;132;4,5;2,1;
2026/05/15;2300 UTC;0;963,7;963,9;963,6;;13,2;10,6;14,1;12,5;10,8;10,5;90;83;87;97;4,3;2,8;
2026/05/16;0000 UTC;0;964;964,1;963,9;;12,1;10,5;12,4;11,8;10,6;10,5;94;90;92;83;3,6;2,4;
2026/05/16;0100 UTC;0;964,2;964,3;964,1;;11,6;10,6;11,8;11,5;10,7;10,5;96;94;95;88;3,5;2,6;
2026/05/16;0200 UTC;0;964,2;964,3;964,1;;11,4;10,6;11,6;11,1;10,8;10,5;98;95;96;88;3,4;2,1;
2026/05/16;0300 UTC;0;964,3;964,5;964,1;;11,1;10,7;11,3;11;10,8;10,5;98;97;98;114;2,9;1,8;
2026/05/16;0400 UTC;0;964,3;964,5;964,1;;10,7;10,5;11,1;10,3;10,8;10,1;100;98;99;94;2,1;1,5;
2026/05/16;0500 UTC;0;963,9;964,1;963,8;;10,4;10,4;10,6;10,3;10,6;10,2;100;100;100;94;2,4;1,8;
2026/05/16;0600 UTC;0;963,6;963,9;963,4;;10,6;10,6;10,8;10,3;10,8;10,3;100;100;100;75;3;2;
2026/05/16;0700 UTC;0;963,2;963,4;963,1;;10,8;10,9;11,1;10,2;11,2;10,2;100;100;100;75;3,7;2,1;
2026/05/16;0800 UTC;;;;;;;;;;;;;;;;;;
2026/05/16;0900 UTC;0;962,9;963,2;962,8;;11,5;11,6;11,7;11,4;11,7;11,5;100;100;100;61;3,2;1,8;
2026/05/16;1000 UTC;0;963,3;963,6;963,2;;11,7;11,8;11,8;11,7;11,8;11,7;100;100;100;73;3;1,9;
2026/05/16;1100 UTC;0;963,9;964,1;963,6;;11,6;11,6;11,7;11,5;11,7;11,6;100;100;100;91;2,7;1,9;
2026/05/16;1200 UTC;0;964,3;964,5;964;;11,9;11,9;12,2;11,6;12,2;11,6;100;100;100;80;2,9;2;
2026/05/16;1300 UTC;0;964,7;964,9;964,4;;12,7;12,8;13,5;12,1;13,5;12,2;100;100;100;62;2,9;1,7;
2026/05/16;1400 UTC;0;964,8;965;964,5;;14,4;14,4;15,1;13,7;15;13,7;100;99;100;39;3,1;1,6;
2026/05/16;1500 UTC;0;964,1;964,5;963,6;;16,6;14,6;18,2;14,9;15,3;14,1;98;82;90;181;2,3;,7;
2026/05/16;1600 UTC;0;963;963,6;962,4;;19,6;15;20,5;18,2;16,2;14,4;84;70;77;66;2,1;1,1;
2026/05/16;1700 UTC;0;961,9;962,4;961,5;;20,5;14,8;21;20;15,3;14,5;76;68;71;56;2,2;1,1;
2026/05/16;1800 UTC;0;961,3;961,5;961,2;;20,5;14,8;20,8;20,3;15,4;14,3;74;70;71;82;1,7;,7;
2026/05/16;1900 UTC;0;961,2;961,3;961,1;;20,7;15;21;20,3;15,5;14,6;75;69;72;149;1,2;,7;
2026/05/16;2000 UTC;0;961,3;961,4;961,1;;20;15,3;20,3;19,7;15,7;14,8;80;73;76;117;1,2;,3;
2026/05/16;2100 UTC;0;961,5;961,6;961,4;;18,9;15,3;19,8;18;15,9;14,8;84;77;82;179;1,3;,8;
2026/05/16;2200 UTC;0;961,9;962,3;961,6;;17,7;14,6;18;17,3;14,8;14,3;87;83;85;178;1,1;,6;
2026/05/16;2300 UTC;0;962,4;962,9;962,2;;17,4;14,2;17,8;16,9;14,4;13,9;86;82;84;181;2,3;1,2;
2026/05/17;0000 UTC;0;963,2;963,4;962,9;;17,3;14;17,5;17;14,5;1;86;83;85;183;3,1;1,9;
2026/05/17;0100 UTC;0;963,3;963,5;963,1;;16,9;14,5;17,3;16,6;14,5;14,3;89;86;88;158;2;,8;
2026/05/17;0200 UTC;0;963,3;963,4;963;;16,3;14,5;16,7;16,2;14,6;14,4;92;89;91;137;2,3;1,6;
2026/05/17;0300 UTC;0;963,5;963,6;963,4;;15,7;14,4;16,3;15,3;14,5;14,3;96;91;94;135;2,4;1,4;
2026/05/17;0400 UTC;0;963,6;963,9;963,3;;14,9;14,1;15,3;14,7;14,3;13,9;97;95;96;155;2,5;1,2;
2026/05/17;0500 UTC;0;963,5;963,6;963,4;;14,5;14;14,7;14,2;14,1;13,9;99;97;98;154;2;,9;
2026/05/17;0600 UTC;0;963,3;963,5;963;;14,5;14;14,8;14,2;14,1;13,9;99;96;98;104;2,6;1,6;
2026/05/17;0700 UTC;0;962,8;963;962,5;;14,6;13,8;14,8;14,4;14;13,7;97;96;96;157;;,7;
2026/05/17;0800 UTC;0;962,6;962,8;962,5;;14,3;13,8;14,5;14,1;14;13,6;99;97;97;196;3;1,1;
2026/05/17;0900 UTC;0;962,4;962,7;962,3;;14,2;13,8;14,5;13,7;14,1;13,5;99;97;98;77;1,2;,8;
2026/05/17;1000 UTC;0;962,5;963;962,3;;13,5;13,4;13,8;13,2;13,8;13,1;100;99;100;81;;,8;
2026/05/17;1100 UTC;0;963,1;963,6;962,8;;13;13;13,4;12,7;13,5;12,6;100;99;100;;;;
2026/05/17;1200 UTC;0;963,4;963,7;963,2;;14,4;13,7;15,1;13,4;13,9;13,4;100;92;96;;;;
2026/05/17;1300 UTC;0;963,7;964,1;963,4;;15,1;13,9;15,4;14,7;14,2;13,6;96;92;94;;;;
2026/05/17;1400 UTC;;;;;;;;;;;;;;;;;;
2026/05/17;1500 UTC;0;963,1;963,5;962,9;;16,4;14,2;16,8;16;14,5;14;91;87;89;114;3,1;1,5;
2026/05/17;1600 UTC;0;963,4;963,5;963,3;;16,9;14,2;17;16,7;14,5;14;88;85;86;124;1,5;,8;
2026/05/17;1700 UTC;0;963;963,4;962,8;;17,4;14,2;17,8;17,1;14,6;13,9;86;81;84;120;1,2;,7;
2026/05/17;1800 UTC;0;962,8;962,9;962,7;;17,8;14,2;18;17,7;14,4;14,1;83;81;82;169;2,1;1;
2026/05/17;1900 UTC;0;;;;;;;;;;;;;;;;;
2026/05/17;2000 UTC;0;;;;;;;;;;;;;;;;;
2026/05/17;2100 UTC;0;;;;;;;;;;;;;;;;;
2026/05/17;2200 UTC;,4;;;;;;;;;;;;;;;;;
2026/05/17;2300 UTC;,2;;;;;;;;;;;;;;;;;
2026/05/18;0000 UTC;,2;;;;;;;;;;;;;;;;;
2026/05/18;0100 UTC;,4;;;;;;;;;;;;;;;;;
2026/05/18;0200 UTC;1,6;;;;;;;;;;;;;;;;;
2026/05/18;0300 UTC;,4;967,6;967,6;967,6;;13;13;13,1;13;13,1;12,9;100;100;100;174;5,4;2,7;
2026/05/18;0400 UTC;1;967,5;967,7;967,3;;12,6;12,4;13;12,1;13;11,8;100;99;99;166;6,2;2,5;
2026/05/18;0500 UTC;1,4;968;968,2;967,7;;12,1;12;12,2;12;12,2;11,8;100;98;100;177;5,1;2,3;
2026/05/18;0600 UTC;2,8;968,4;968,6;968,1;;12;12;12,2;11,7;12,2;11,7;100;100;100;178;6,2;2,6;
2026/05/18;0700 UTC;1,8;968,6;968,7;968,4;;11,6;11,6;11,7;11,4;11,8;11,3;100;99;100;178;5,4;2,5;
2026/05/18;0800 UTC;0;968,7;968,9;968,5;;11,1;10,9;11,2;10,9;11,1;10,7;99;99;99;179;3,9;1,7;
2026/05/18;0900 UTC;,2;969,1;969,3;968,9;;10,6;10,4;11;10,2;10,8;9,9;100;98;99;187;5,5;2,2;
2026/05/18;1000 UTC;0;969,4;969,7;969,2;;9,9;9,7;10,2;9,6;10;9,5;100;98;99;181;4,6;2,3;
2026/05/18;1100 UTC;0;969,9;970,4;969,6;;9,8;9,6;9,9;9,7;9,7;9,6;100;99;99;176;3;1,3;
2026/05/18;1200 UTC;0;970,6;970,9;970,4;;10,3;10;11;9,9;10,6;9,7;99;95;98;183;4,1;1,5;
2026/05/18;1300 UTC;0;971,2;971,3;970,8;;10,7;9,9;11,2;10,4;10,5;9,4;98;93;96;179;4,2;1,6;
2026/05/18;1400 UTC;0;971,6;971,7;971,3;;11;9,8;11,3;10,8;10,2;9,5;96;91;94;191;4,2;1,4;
2026/05/18;1500 UTC;0;971,5;971,7;971,4;;11,5;9,5;12,2;11;10,3;9;94;85;90;191;4,2;1,7;
2026/05/18;1600 UTC;0;971,3;971,4;971,1;;12,5;9,5;13,1;11,9;10;8,9;89;81;85;201;3,8;1,7;
2026/05/18;1700 UTC;0;970,7;971,1;970,3;;13,3;9,6;14,5;12,7;10,9;9,1;86;77;82;187;3,4;1,2;
2026/05/18;1800 UTC;0;970;970,3;969,8;;14,2;9,4;15;13,4;10,4;8,6;82;72;76;187;3,1;1,2;
2026/05/18;1900 UTC;0;969,8;969,9;969,8;;14,4;9,5;15,1;13,7;10,4;8,9;79;71;75;197;4,8;1,6;
2026/05/18;2000 UTC;0;969,9;969,9;969,8;;14,3;9,2;14,9;13,7;10;8,6;79;70;75;177;3;1,4;
2026/05/18;2100 UTC;0;970,1;970,3;969,8;;13,3;8,8;14,2;12,5;9,1;8,5;83;73;77;171;2;,9;
2026/05/18;2200 UTC;0;970,6;970,9;970,3;;12;9,1;12,5;11,5;9,3;8,9;88;83;86;146;2,1;1,3;
2026/05/18;2300 UTC;0;971,2;971,3;970,9;;11,6;9,1;12,2;11,2;9,4;8,7;89;84;87;115;2,5;1,5;
2026/05/19;0000 UTC;0;971,5;971,7;971,3;;10,8;8,5;11,2;10,4;8,8;8,2;90;87;89;126;2,1;1,2;
2026/05/19;0100 UTC;0;971,9;971,9;971,7;;10,4;8,6;10,5;10,3;8,8;8,4;92;89;91;114;1,7;1,1;
2026/05/19;0200 UTC;0;971,9;972;971,8;;10;8,7;10,3;9,3;8,9;8,4;96;92;93;105;1,8;1,1;
2026/05/19;0300 UTC;0;971,9;971,9;971,7;;8,7;8,3;9,3;8,2;8,6;8,1;100;96;98;74;1,5;1;
2026/05/19;0400 UTC;0;971,5;971,7;971,3;;8,2;7,8;8,4;8;8,3;7;100;93;98;138;1,6;,9;
2026/05/19;0500 UTC;0;971,3;971,5;971,2;;7,6;7,4;8,3;7,4;7,8;6,9;100;94;99;156;1,3;,7;
2026/05/19;0600 UTC;0;971,1;971,3;971;;7;7,1;7,4;6,8;7,4;6,9;100;100;100;179;2;,9;
2026/05/19;0700 UTC;0;970,7;970,8;970,6;;6,8;6,8;6,9;6,6;6,9;6,6;100;100;100;152;,7;,5;
2026/05/19;0800 UTC;0;970,6;970,6;970,5;;6,5;6,6;6,6;6,4;6,6;6,5;100;100;100;116;,8;,6;
2026/05/19;0900 UTC;;;;;;;;;;;;;;;;;;
2026/05/19;1000 UTC;0;971;971,3;970,8;;5,3;5,4;5,5;5,2;5,5;5,2;100;100;20;149;1;,6;
2026/05/19;1100 UTC;0;971,4;971,5;971,4;;5,3;5,4;5,6;5,2;5,7;5,3;100;100;100;72;1,3;,8;
2026/05/19;1200 UTC;0;971,7;971,9;971,5;;6,9;6,6;8,5;5,6;7,4;5,6;100;89;98;79;1,8;,7;
2026/05/19;1300 UTC;0;972;972,2;971,8;;9,5;6,8;10,8;8,5;7,9;6,2;91;80;87;86;2,2;,7;
2026/05/19;1400 UTC;0;972,1;972,2;972;;11,2;7,7;12,3;10,6;8,8;6,9;88;78;83;124;1,9;1,1;
2026/05/19;1500 UTC;0;971,7;972;971,4;;12,1;8,1;13,2;11,1;8,6;7,5;85;74;80;100;1,9;,8;
2026/05/19;1600 UTC;0;970,9;971,3;970,5;;13,8;8,8;15,4;12,9;10,2;8,1;79;69;75;228;4;,9;
2026/05/19;1700 UTC;0;970,1;970,5;969,8;;14,6;8,2;15,2;13,7;9,9;5,5;78;53;68;197;3,7;1,5;
2026/05/19;1800 UTC;0;969,6;969,8;969,4;;15;7,1;15,4;14,7;8,6;4,7;67;49;60;200;3,9;1,4;
2026/05/19;1900 UTC;0;969,2;969,4;969;;15,1;6,7;15,6;14,7;8,7;3,9;67;45;58;180;3,6;2;
2026/05/19;2000 UTC;;;;;;;;;;;;;;;;;;
2026/05/19;2100 UTC;;;;;;;;;;;;;;;;;;
2026/05/19;2200 UTC;;;;;;;;;;;;;;;;;;
2026/05/19;2300 UTC;0;970,5;970,6;970,3;;10,9;6,5;11,1;10,4;6,6;6,2;79;77;78;161;,8;,5;
2026/05/20;0000 UTC;0;970,8;970,9;970,8;;10,8;6,4;10,8;10,8;6,5;6,4;79;78;78;195;1,9;,9;
2026/05/20;0100 UTC;0;971;971,1;970,8;;10,2;6,9;10,7;9,4;7,5;6,4;88;78;83;187;1,8;1,3;
2026/05/20;0200 UTC;0;971,1;971,2;971;;9,5;4,7;9,7;9,3;7,1;2,7;88;66;76;188;2,3;1,2;
2026/05/20;0300 UTC;0;971,2;971,2;971,1;;9,1;3,7;9,5;8,7;4,7;2,9;79;67;73;190;2;1,1;
2026/05/20;0400 UTC;0;971,2;971,2;971,1;;8,4;5,8;8,7;8,2;6,3;5,1;90;82;87;198;2,1;,8;
2026/05/20;0500 UTC;0;971,2;971,3;971,2;;6,8;6,3;7,1;6,6;6,6;6;99;96;98;0;,5;,3;
2026/05/20;0600 UTC;0;971,2;971,4;970,9;;6,4;6,3;6,6;6,3;6,5;6,1;100;98;100;280;,6;,3;
2026/05/20;0700 UTC;0;970,8;970,9;970,7;;6,2;6,2;6,4;6,1;6,4;6;100;100;100;209;,6;,2;
2026/05/20;0800 UTC;0;970,4;970,4;970,4;;5,6;5,6;5,7;5,4;5,7;5,5;100;100;100;153;,4;,1;
2026/05/20;0900 UTC;0;970,7;970,9;970,6;;3,6;3,6;4,5;2,9;4,4;2,9;100;100;100;133;,8;,4;
2026/05/20;1000 UTC;0;972;972;972;;2;2;2;2;2;2;100;100;100;10;1;,8;
2026/05/20;1100 UTC;0;972,3;972,3;972,3;;3,9;4;3,9;3,9;4;4;100;100;100;53;1,1;,7;
2026/05/20;1200 UTC;0;972,7;972,7;972,7;;6,7;6,8;6,7;6,7;6,8;6,8;100;100;100;206;,7;,3;
2026/05/20;1300 UTC;0;973,1;973,1;973,1;;9,3;6,6;9,4;9,2;7,5;6,1;92;83;86;180;1;,2;
2026/05/20;1400 UTC;0;973,2;973,3;973,1;;10,8;6,1;12,1;9,5;7,5;4,8;86;66;77;148;2,2;,4;
2026/05/20;1500 UTC;0;973,1;973,3;972,9;;12,4;5,2;13,5;11,8;6,3;4,3;69;59;64;192;3,5;1,3;
2026/05/20;1600 UTC;0;972,4;972,9;972;;13,6;5,8;14,2;12,8;6,7;4,6;66;53;61;142;2,7;,5;
2026/05/20;1700 UTC;0;971,5;971,9;971,1;;14,6;4,9;15,3;14;6,2;4,1;58;45;51;168;4,1;1,1;
2026/05/20;1800 UTC;0;970,7;971,1;970,4;;15,3;5,1;15,8;14,7;5,9;4,1;52;46;49;168;2,8;,7;
2026/05/20;1900 UTC;0;970,4;970,5;970,3;;15,6;5,6;16;15,3;6,3;5,1;53;48;50;183;3,6;,7;
2026/05/20;2000 UTC;0;970,4;970,6;970,2;;15,6;5,7;16,1;15;6,5;5,1;53;48;51;208;4,1;1,2;
2026/05/20;2100 UTC;0;970,7;971,1;970,5;;14;5,2;15,1;12,9;5,8;4,5;59;53;56;202;2,7;,5;
2026/05/20;2200 UTC;0;971,5;971,6;971,1;;11,9;4,5;12,7;11,1;5,2;4,2;69;59;63;206;2,1;,7;
2026/05/20;2300 UTC;0;971,8;972,1;971,7;;11,3;4,2;11,7;11,1;4,4;4,1;66;62;65;205;1,6;,5;
2026/05/21;0000 UTC;0;972,5;972,5;972,5;;10,4;4,7;10,5;10,4;4,7;4,6;72;71;71;182;1,5;,3;
2026/05/21;0100 UTC;0;972,5;972,6;972,4;;10,5;4,7;10,6;10,3;4,8;4,6;72;71;71;200;1,9;,5;
2026/05/21;0200 UTC;0;972,5;972,7;972,4;;10,4;4,9;10,5;10,2;5;4,8;74;71;72;209;1,8;,5;
2026/05/21;0300 UTC;0;972,9;973;972,9;;9,1;4,9;9,2;8,9;5,1;4,7;80;78;79;90;,2;,1;
2026/05/21;0400 UTC;0;972,9;973;972,8;;8,8;4,7;9;8,6;5,1;4,5;82;79;80;128;,3;,2;
2026/05/21;0500 UTC;0;972,8;972,9;972,7;;8,1;4,4;8,7;7,5;4,5;4,3;84;79;82;135;,4;,2;
2026/05/21;0600 UTC;0;972,9;973;972,8;;6,2;4,6;7,6;5,2;4,9;4,2;98;84;92;174;2;1,3;
2026/05/21;0700 UTC;0;972,6;972,7;972,5;;4,8;4,7;4,9;4,6;4,8;4,4;100;99;100;135;1,2;,7;
2026/05/21;0800 UTC;0;972,6;972,7;972,4;;4,9;4,9;5,4;4,7;5,2;4,6;100;99;100;173;2;1,1;
2026/05/21;0900 UTC;0;972,8;972,8;972,7;;4,7;4,7;4,8;4,7;4,7;4,6;100;100;100;137;;,6;
2026/05/21;1000 UTC;0;973,2;973,2;973,1;;4,1;4,2;4,1;4,1;4,2;4,1;100;100;100;162;1,5;,4;
2026/05/21;1100 UTC;0;974,1;974,3;973,9;;4,4;4,5;4,5;4,2;4,6;4,3;100;100;100;258;1;,2;
2026/05/21;1200 UTC;;;;;;;;;;;;;;;;;;
2026/05/21;1300 UTC;0;974,8;975;974,7;;8,1;5,6;8,8;7,1;6,2;5,1;92;84;87;137;4,3;2;
2026/05/21;1400 UTC;0;974,8;974,9;974,7;;10;6,2;10,9;9,3;7;5,7;85;77;81;125;4,7;2,1;
2026/05/21;1500 UTC;0;974,3;974,7;973,9;;11,5;6,5;12,9;10,6;7,3;6;80;70;75;98;3,8;1,8;
2026/05/21;1600 UTC;0;973,6;973,9;973,3;;13,1;6,6;13,7;12,5;7,3;6;71;63;67;153;2,6;1,2;
2026/05/21;1700 UTC;0;972,8;973,3;972,3;;14,3;6,4;14,8;13,5;7,5;5,5;67;57;61;151;3,1;1,2;
2026/05/21;1800 UTC;0;971,9;972,2;971,7;;14,8;6,6;15,4;14,2;7,6;6;63;56;59;186;5,8;2,1;
2026/05/21;1900 UTC;0;971,6;971,7;971,5;;14,5;6,9;14,8;14,3;7,5;6,6;64;60;62;181;3,5;1,6;
2026/05/21;2000 UTC;0;971,7;971,9;971,5;;14;6,6;14,6;13,6;7,2;6,2;65;61;63;0;2,9;1,2;
2026/05/21;2100 UTC;0;971,9;972,2;971,7;;12,5;6,2;13,6;11,4;6,5;5,8;74;63;69;180;4;1,1;
2026/05/21;2200 UTC;0;972,6;973;972,2;;10,9;5,8;11,5;10,4;5,9;5,6;77;72;74;180;3,9;2,2;
2026/05/21;2300 UTC;0;973,4;973,9;973;;9,4;5,5;10,4;8,6;5,9;5,2;83;77;81;140;3,9;2;
2026/05/22;0000 UTC;0;974;974,1;973,9;;8,1;4,9;8,7;7,5;5,2;4,8;87;82;84;148;2,5;1,8;
2026/05/22;0100 UTC;;;;;;;;;;;;;;;;;;
2026/05/22;0200 UTC;0;973,8;973,9;973,6;;6,5;4;6,9;6,3;4,1;3,9;89;86;88;110;2,6;1,8;
2026/05/22;0300 UTC;0;973,7;973,8;973,6;;5,8;0;6,5;5,3;;;93;87;91;98;4,1;2,5;
2026/05/22;0400 UTC;0;973,9;974,2;973,6;;5,9;3,6;6,4;5,4;3,8;3,6;92;86;89;126;1,2;,8;
2026/05/22;0500 UTC;0;973,7;973,8;973,6;;6,2;0;6,4;5,8;;;90;87;88;105;2,8;1,7;
2026/05/22;0600 UTC;0;973,2;973,3;973,2;;5,9;3,7;6;5,7;3,7;3,6;90;89;89;98;2,4;1,6;
2026/05/22;0700 UTC;0;972,6;972,7;972,6;;6;3,7;6;5,9;3,7;3,6;89;88;89;109;3,8;2,3;
2026/05/22;0800 UTC;0;972,3;972,4;972,3;;5,6;3,6;5,7;5,4;3,6;3,5;91;90;90;119;2,8;1,8;
2026/05/22;0900 UTC;0;972,2;972,3;972,2;;5,2;3,4;5,4;5,1;3,5;3,4;92;90;91;103;3,4;2,5;
2026/05/22;1000 UTC;0;972,6;972,9;972,2;;5,1;3,5;5,2;4,8;3,6;3,4;94;92;92;102;3,1;2,2;
2026/05/22;1100 UTC;0;973;973,1;972,8;;5,2;3,7;5,5;5;3,9;3,5;93;92;92;109;3,2;2;
2026/05/22;1200 UTC;;;;;;;;;;;;;;;;;;
2026/05/22;1300 UTC;0;;;;;7,6;5,1;8,5;6,8;6;4,4;89;85;88;139;3,2;1,6;
2026/05/22;1400 UTC;0;973,1;973,4;972,9;;10;6,6;11,1;9;7,4;5,9;86;80;83;127;3,7;1,5;
2026/05/22;1500 UTC;0;972,7;973,1;972,2;;11,9;7,7;12,4;11;8,3;6,9;83;76;79;145;3;1,4;
2026/05/22;1600 UTC;0;971,7;972,3;971,2;;12,8;8,1;13,6;12,3;8,7;7,6;78;75;77;114;3;1,8;
2026/05/22;1700 UTC;0;971,2;971,3;970,9;;14,2;8,8;14,6;13,6;9,1;8,3;76;71;73;81;2,3;1,3;
2026/05/22;1800 UTC;0;971,2;971,4;971;;13,9;9,3;14,2;13,6;9,9;8,7;79;73;77;113;1,4;,7;
2026/05/22;1900 UTC;0;971;971,1;970,8;;14,1;9,7;14,2;14;10,6;9,2;82;76;78;171;1,5;,6;
2026/05/22;2000 UTC;0;971;971,2;970,9;;14,1;10,1;14,2;13,8;10,3;9,9;82;79;80;144;2,6;1,2;
2026/05/22;2100 UTC;0;971,5;971,8;971,1;;13,2;9,8;13,7;12,6;10,1;9,5;85;81;83;158;2,3;,9;
2026/05/22;2200 UTC;0;972,1;972,5;971,7;;12,4;9,5;12,6;12,3;9,7;9,4;87;84;85;138;1,7;,9;
2026/05/22;2300 UTC;0;972,8;973;972,5;;12,2;9,7;12,5;11,8;10,2;9,3;92;84;87;143;1,4;,8;
2026/05/23;0000 UTC;0;972,7;972,8;972,6;;11,4;10,2;11,8;11,2;10,3;10;95;92;94;73;3,1;2,2;
2026/05/23;0100 UTC;0;972,6;972,8;972,2;;11,1;9,9;11,3;10,8;10,1;9,6;96;91;94;80;3,4;2,3;
2026/05/23;0200 UTC;;;;;;;;;;;;;;;;;;
2026/05/23;0300 UTC;;;;;;;;;;;;;;;;;;
2026/05/23;0400 UTC;0;972,9;973,1;972,7;;11,1;10,5;11,2;11;10,7;10,3;98;95;97;60;2,3;1;
2026/05/23;0500 UTC;0;972,5;972,5;972,4;;11,3;10,5;11,4;11,3;10,6;10,4;97;95;96;51;1,4;,7;
2026/05/23;0600 UTC;0;972,1;972,4;971,8;;11,2;10,5;11,4;11,1;10,6;10,4;97;95;97;170;1,3;,7;
2026/05/23;0700 UTC;0;971,6;971,8;971,5;;11;10,5;11,2;10,6;10,6;10,3;100;96;97;208;1,2;,6;
2026/05/23;0800 UTC;0;971,5;971,7;971,4;;10,6;10,5;10,7;10,5;10,6;10,3;100;99;99;141;1,7;,9;
2026/05/23;0900 UTC;0;971,7;971,8;971,7;;10,4;10,2;10,6;10,1;10,5;10;100;99;99;153;1;,6;
2026/05/23;1000 UTC;0;972;972,1;971,8;;10,3;10;10,8;9,6;10,4;9,6;100;96;99;198;1,8;,9;
2026/05/23;1100 UTC;0;972,3;972,3;972,3;;9,5;9,6;9,5;9,5;9,6;9,5;100;100;100;174;1,9;,7;
2026/05/23;1200 UTC;0;972,3;972,3;972,2;;11,4;10,6;12,8;9,5;11,2;9,6;100;88;95;149;2,2;1,2;
2026/05/23;1300 UTC;0;972,1;972,2;972;;13,6;10,4;14,2;12,9;10,9;10;88;79;84;128;3;1,4;
2026/05/23;1400 UTC;0;971,7;972;971,4;;15;10,5;15,8;14;11,1;10,1;83;73;78;110;2,8;1,4;
2026/05/23;1500 UTC;0;971,2;971,5;970,8;;17,1;10,8;17,9;15,5;11,6;9,9;76;63;68;96;3;1,5;
2026/05/23;1600 UTC;0;970,4;970,8;969,9;;17,7;10,5;18,5;16,8;11,3;9,9;69;61;64;132;4;1,6;
2026/05/23;1700 UTC;0;969,6;969,9;969,2;;18,4;10,3;19,2;17,4;11;9,5;66;55;59;87;2,8;1,6;
2026/05/23;1800 UTC;0;968,8;968,8;968,8;;19,9;10,6;20;19,8;10,9;10,3;55;51;54;100;3,3;1,4;
2026/05/23;1900 UTC;0;968,8;968,9;968,8;;18,1;10,1;19,6;17,6;10,7;9,8;63;55;60;107;2,2;1,2;
2026/05/23;2000 UTC;0;969;969,1;968,9;;17,5;10,4;17,9;17,2;10,7;10,2;66;62;65;132;2,4;1,3;
2026/05/23;2100 UTC;0;969,1;969,4;969;;16,8;10,2;17,2;16,2;10,6;9,8;72;64;67;96;2,7;1,6;
2026/05/23;2200 UTC;0;969,5;969,8;969,3;;15,5;10,2;16;15;10,5;10;77;72;74;118;3;1,8;
2026/05/23;2300 UTC;0;969,9;970,2;969,7;;13,5;0;15;12,5;;;88;77;84;127;4,5;2,6;
2026/05/24;0000 UTC;0;970,2;970,3;970,1;;12,2;10,1;12,5;12;10,2;10,1;91;88;90;93;4,4;3;
2026/05/24;0100 UTC;0;970,3;970,4;970,2;;11,8;10,2;12,1;11,5;10,3;10,1;93;91;92;110;2,4;1,5;
2026/05/24;0200 UTC;0;970,4;970,4;970,3;;11,2;10,2;11,5;11;10,3;10;96;93;95;160;,9;,5;
2026/05/24;0300 UTC;0;970,4;970,5;970,4;;11;10,3;11,4;10,5;10,8;9,7;99;95;96;104;1,4;,8;
2026/05/24;0400 UTC;0;970,1;970,4;969,9;;11,7;10,9;12;11,4;11,2;10,7;97;94;96;182;1,6;,4;
2026/05/24;0500 UTC;0;969,9;969,9;969,7;;11,5;10,8;11,8;11,3;10,9;10,6;97;95;96;175;2,1;1,1;
2026/05/24;0600 UTC;0;969,4;969,7;969,2;;11,9;11,1;12,1;11,7;11,3;10,8;97;95;96;148;1,4;,6;
2026/05/24;0700 UTC;0;969;969,2;968,8;;12,1;11,4;12,2;12;11,6;11,3;98;96;97;144;1,7;,5;
2026/05/24;0800 UTC;0;968,8;968,9;968,7;;12;11,5;12,1;11,9;11,6;11,4;98;97;97;148;1,2;,6;
2026/05/24;0900 UTC;0;968,7;968,9;968,6;;11,8;11,4;11,9;11,7;11,6;11,3;98;98;98;134;1,2;,5;
2026/05/24;1000 UTC;0;969,1;969,3;968,9;;11,6;11,3;11,7;11,6;11,4;11,3;99;98;99;139;2;1,1;
2026/05/24;1100 UTC;0;969,7;969,7;969,7;;12;11,5;12;12;11,5;11,5;98;98;98;128;3;1,5;
2026/05/24;1200 UTC;0;969,8;969,8;969,7;;12,4;11,7;13;12;12;11,5;97;95;96;90;2,6;1,7;
2026/05/24;1300 UTC;0;969,8;969,9;969,7;;13,9;12;14,6;13,3;12,3;11,7;94;86;90;71;3,3;2;
2026/05/24;1400 UTC;0;969,7;969,8;969,2;;15,5;11,4;16,4;14,7;12,1;10,7;86;74;80;71;4,4;2,6;
2026/05/24;1500 UTC;0;968,8;969,3;968,3;;16,7;11,9;17,5;15,9;12,6;10,9;79;71;76;95;4,3;2,8;
2026/05/24;1600 UTC;0;968;968,4;967,8;;17,9;12,3;18,9;17,1;13,5;11,6;76;67;72;80;5;2,2;
2026/05/24;1700 UTC;0;967,6;967,8;967,4;;17,8;12,2;18,8;16,9;12,9;11,7;77;68;72;54;3,7;2;
2026/05/24;1800 UTC;0;967;967,3;966,7;;18,7;12,3;19,6;17,9;13,3;11,7;71;64;68;120;4,4;1,7;
2026/05/24;1900 UTC;0;966,8;966,8;966,6;;18,9;12;19,6;18,1;12,7;11,5;68;62;66;151;2,8;1,3;
2026/05/24;2000 UTC;0;966,4;966,6;966,2;;18,9;11,9;19,4;18,5;12,3;11,7;69;63;65;146;2,8;1,3;
2026/05/24;2100 UTC;0;966,8;967,1;966,6;;16,4;12,1;18,3;15;12,4;11,7;83;70;78;163;2,3;,7;
2026/05/24;2200 UTC;0;967,3;967,4;967,1;;14,7;11,5;15;14,1;11,7;11,4;86;83;84;130;3,4;1,8;
2026/05/24;2300 UTC;0;967,7;967,9;967,4;;13,7;11,5;14,1;13,4;11,6;11,4;91;87;89;110;3,8;2,2;
2026/05/25;0000 UTC;;;;;;;;;;;;;;;;;;
2026/05/25;0100 UTC;0;967,8;967,9;967,7;;12,8;11,6;13;12,6;11,7;11,6;95;93;94;83;3,3;2,3;
2026/05/25;0200 UTC;0;967,7;967,9;967,5;;12,4;11,6;12,6;12,2;11,7;11,4;97;95;96;84;3,4;2,3;
2026/05/25;0300 UTC;0;967,6;967,7;967,4;;11,9;11,5;12,3;11,8;11,7;11,3;99;97;98;58;2,8;1,8;
2026/05/25;0400 UTC;0;967,4;967,6;967,2;;12;11,7;12,1;11,9;11,9;11,6;99;98;99;75;2,8;1,9;
2026/05/25;0500 UTC;0;967,1;967,3;966,9;;12,2;11,9;12,4;12,1;12,1;11,8;99;98;99;86;2,4;1,6;
2026/05/25;0600 UTC;0;966,9;967,1;966,7;;12,1;11,9;12,4;11,8;12,2;11,6;100;98;99;90;2;1,5;
2026/05/25;0700 UTC;0;966,6;966,7;966,5;;11,8;11,8;12;11,6;12;11,5;100;99;100;90;2,2;1,7;
2026/05/25;0800 UTC;0;966,4;966,5;966,3;;11,7;11,7;12,1;11,4;12,2;11,4;100;100;100;116;1,8;1,2;
2026/05/25;0900 UTC;0;966,2;966,5;966,1;;12;11,9;12,3;11,8;12,2;11,7;100;99;99;89;2,3;1,8;
2026/05/25;1000 UTC;0;967;967,4;966,5;;11,9;11,9;12;11,9;12;11,8;100;100;100;75;2,2;1,6;
2026/05/25;1100 UTC;0;967,5;967,8;967,1;;12,3;12,2;12,7;11,9;12,4;11,9;100;98;99;52;;1,4;
2026/05/25;1200 UTC;0;967,9;968;967,9;;13,1;12,6;13,2;13,1;12,7;12,6;98;97;98;92;2,4;1,8;
2026/05/25;1300 UTC;0;968;968,3;967,8;;14,3;13,2;14,8;13,2;13,8;12,7;97;93;95;66;2,5;1,7;
2026/05/25;1400 UTC;0;968,2;968,4;967,9;;15,2;14,3;15,3;15,1;14,4;13,9;96;94;95;50;2,6;1,6;
2026/05/25;1500 UTC;3,2;968,3;968,5;968;;14,9;14,7;15,1;14,8;14,8;14,4;100;97;99;114;1,8;1,2;
2026/05/25;1600 UTC;2,2;967,9;968,3;967,2;;15;15,1;15,7;14,7;15,8;14,8;100;100;100;63;3;1,8;
2026/05/25;1700 UTC;,2;966,8;967,3;966,4;;16,2;16,2;16,6;15,7;16,7;15,8;100;100;100;67;2,6;1,5;
2026/05/25;1800 UTC;,6;966,4;966,6;966,1;;0;16,2;;;16,5;16,1;100;99;100;67;;1,5;
2026/05/25;1900 UTC;0;965,8;966,2;965,5;;16,3;16,3;16,4;16,2;16,4;16,2;100;100;100;65;2,5;1,4;
2026/05/25;2000 UTC;0;965,8;965,9;965,7;;16,2;16,2;16,2;16,2;16,3;16,2;100;100;100;71;2,6;1,6;
2026/05/25;2100 UTC;0;965,7;966;965,5;;16,2;16,2;16,2;16,1;16,3;16,2;100;100;100;59;3;1,6;
2026/05/25;2200 UTC;1,2;966;966,9;965;;16,4;16,5;16,6;16,3;16,6;16,3;100;100;100;131;2;,9;
2026/05/25;2300 UTC;,6;966,7;967,2;966,2;;16,9;16,7;17,1;16,5;16,8;16,6;100;98;99;160;3,3;,3;
2026/05/26;0000 UTC;,2;966,7;967,2;966,5;;16,7;16,7;16,8;16,5;16,8;16,6;100;100;100;46;2,5;1,1;
2026/05/26;0100 UTC;0;966,8;966,9;966,7;;16,6;16,6;16,7;16,3;16,8;16,4;100;100;100;130;1,8;1;
2026/05/26;0200 UTC;0;966,7;966,8;966,6;;16,1;16,2;16,3;15,9;16,4;16;100;100;100;96;2,1;1,2;
2026/05/26;0300 UTC;0;966,3;966,5;966,2;;15,7;15,7;15,7;15,6;15,8;15,7;100;100;100;76;1,6;1,1;
2026/05/26;0400 UTC;,2;965,7;966,1;965,2;;15,6;15,7;15,7;15,5;15,8;15,6;100;100;100;51;2,6;1,3;
2026/05/26;0500 UTC;7,3;965,6;966,9;964,5;;15,7;15,8;15,8;15,7;15,9;15,7;100;100;100;136;4,5;1,5;
2026/05/26;0600 UTC;,8;966;966,4;965,4;;15,7;15,8;15,8;15,6;15,9;15,7;100;100;100;125;1,4;,4;
2026/05/26;0700 UTC;2;965,6;966,2;965,2;;15,7;15,8;15,9;15,6;15,9;15,7;100;100;100;171;4,9;,4;
2026/05/26;0800 UTC;1,4;965,8;966,2;965,4;;15,8;15,9;16,1;15,7;16,1;15,7;100;100;100;265;8,2;6,8;
2026/05/26;0900 UTC;,2;966;966;966;;16,1;16,1;16,1;16,1;16,2;16,1;100;100;100;222;9;8,6;
2026/05/26;1000 UTC;,8;966,2;966,4;966;;16,3;16,4;16,5;16,1;16,5;16,1;100;100;100;120;10,2;9,4;
2026/05/26;1100 UTC;0;966,6;966,9;966,4;;16,4;16,5;16,5;16,3;16,5;16,4;100;100;100;1;9,6;9,3;
2026/05/26;1200 UTC;0;967,3;967,5;966,8;;16,7;16,7;16,9;16,4;16,9;16,4;100;100;100;17;10,6;10,1;
2026/05/26;1300 UTC;0;967,7;967,9;967,5;;16,9;16,9;17;16,8;17,1;16,9;100;100;100;18;10,6;10,2;
2026/05/26;1400 UTC;,6;967,8;967,9;967,7;;17,1;17,1;17,3;16,9;17,4;17;100;100;100;11;11,7;11,1;
2026/05/26;1500 UTC;0;967,6;967,8;967,4;;17,3;17,3;17,5;17,2;17,5;17;100;98;100;177;11,1;10,2;
2026/05/26;1600 UTC;0;967,2;967,2;967,2;;17,3;17,2;17,3;17,3;17,2;17,1;99;99;99;215;11;9,9;
2026/05/26;1700 UTC;0;967;967,2;966,7;;17,1;16,9;17,3;16,9;17,1;16,7;100;99;99;303;10,1;8,5;
2026/05/26;1800 UTC;0;966,6;966,7;966,5;;16,6;16,7;16,9;16,4;16,8;16,4;100;100;100;274;8,9;7,6;
2026/05/26;1900 UTC;0;966,7;966,8;966,6;;16,3;16,4;16,4;16,2;16,4;16,3;100;100;100;228;9,1;8,1;
2026/05/26;2000 UTC;0;966,9;967,2;966,8;;16,4;16,4;16,5;16,4;16,5;16,1;100;99;100;272;9;7,8;
2026/05/26;2100 UTC;0;967,3;967,6;967,2;;16,3;16;16,4;15,7;16,2;15,6;99;98;99;175;8,7;5,9;
2026/05/26;2200 UTC;0;967,6;967,8;967,5;;15,6;15,6;15,7;15,4;15,7;15,5;100;99;100;158;7,2;6,5;
2026/05/26;2300 UTC;0;968,1;968,4;967,8;;15,2;15,3;15,5;15,1;15,5;15,2;100;100;100;127;6,9;6,3;
2026/05/27;0000 UTC;0;;;;;15;15;15,3;14,7;15,3;14,7;100;100;100;130;5,8;4,9;
2026/05/27;0100 UTC;0;969;969,2;968,9;;14,7;14,7;15;14,3;15;14,4;100;100;100;44;5,4;4,2;
2026/05/27;0200 UTC;0;969,1;969,2;969;;14,2;14,3;14,4;14,1;14,5;14,2;100;100;100;119;4,7;3,5;
2026/05/27;0300 UTC;0;969,3;969,4;969,2;;14,4;14,4;14,5;14;14,6;14,1;100;100;100;47;3,6;2,7;
2026/05/27;0400 UTC;,2;969,2;969,4;969,1;;13,8;13,9;14;13,7;14,1;13,7;100;100;100;12;2,8;2;
2026/05/27;0500 UTC;0;969,1;969,2;968,9;;13,2;13,2;13,7;12,8;13,7;12,9;100;100;100;88;2,5;,9;
2026/05/27;0600 UTC;0;968,9;968,9;968,7;;12,5;12,6;12,8;12,2;12,9;12,2;100;100;100;194;3;,8;
2026/05/27;0700 UTC;0;968,8;968,9;968,7;;11,9;11,9;12,2;11,6;12,3;11,7;100;100;100;198;2;1;
2026/05/27;0800 UTC;0;968,8;968,9;968,7;;11,6;11,7;12,2;11;12,3;11;100;100;100;190;2,9;1,7;
2026/05/27;0900 UTC;0;969;969,1;968,8;;11,4;11,4;11,7;11;11,8;11;100;100;100;161;2,4;,8;
2026/05/27;1000 UTC;0;969,3;969,5;969,1;;11,6;,8;11,9;11,3;11,6;11,6;100;100;100;154;2;,6;
2026/05/27;1100 UTC;,2;969,8;970,2;969,4;;11,7;11,7;12;11,4;12;11,5;100;99;100;156;1,2;,5;
2026/05/27;1200 UTC;0;970,5;970,6;970,2;;12,5;12,3;13,2;11,9;12,6;11,9;100;96;99;153;1,7;1;
2026/05/27;1300 UTC;0;970,8;970,8;970,7;;14,7;13,1;14,9;14,5;13,4;12,9;94;91;92;87;6;2,9;
2026/05/27;1400 UTC;0;970,8;970,9;970,6;;15,4;13,2;16,4;14,6;14,2;12,6;93;85;89;16;9;6,5;
2026/05/27;1500 UTC;0;970,3;970,6;970;;17;13,5;18,5;15,5;15,1;12,8;92;76;83;76;8,8;2;
2026/05/27;1600 UTC;0;969,7;970;969,3;;17,6;13;18,4;17,2;13,9;12,3;81;73;77;97;2,7;1,2;
2026/05/27;1700 UTC;0;969;969,3;968,7;;18,2;12,6;18,9;17,7;13,5;12;78;67;72;79;1,9;1;
2026/05/27;1800 UTC;0;968,4;968,7;968,2;;18,8;12,5;19,5;18,3;13,1;11,9;73;63;68;119;3,6;1,7;
2026/05/27;1900 UTC;0;968,3;968,4;968,2;;18,5;12,5;19,4;18;13,2;12;72;66;70;136;4,5;1,8;
2026/05/27;2000 UTC;0;968,2;968,3;968,1;;18,1;12;18,5;17,7;12,4;11,6;74;66;70;129;3,8;1,9;
2026/05/27;2100 UTC;0;968,4;968,6;968,2;;16,7;11,3;17,6;15,9;11,8;11;78;68;73;147;2,5;1,2;
2026/05/27;2200 UTC;0;968,8;969,1;968,6;;15,1;11,6;15,9;14,5;11,9;11,4;87;78;83;152;2,8;1,8;
2026/05/27;2300 UTC;0;969,2;969,3;969,1;;14,1;11,9;14,5;13,6;12;11,8;87;87;;118;2,6;1,5;
2026/05/28;0000 UTC;0;969,3;969,4;969,3;;13,1;11,8;13,7;12,7;11,9;11,5;95;91;93;99;3,1;1,7;
2026/05/28;0100 UTC;0;969,5;969,5;969,4;;12,3;11,6;12,6;12;11,7;11,3;97;95;96;99;2,6;2;
2026/05/28;0200 UTC;0;969,4;969,4;969,2;;11,4;11,1;12;10,9;11,4;10,8;100;97;99;61;2;1,5;
2026/05/28;0300 UTC;0;969,5;969,6;969,3;;10,8;10,7;11;10,6;10,9;10,4;100;99;100;71;2,8;2,1;
2026/05/28;0400 UTC;0;969,1;969,3;968,9;;10,6;10,4;10,6;10,4;10,6;10;100;97;99;85;3,1;2,1;
2026/05/28;0500 UTC;0;968,9;969;968,7;;10,2;9,9;10,5;9,9;10,1;9,8;100;98;99;83;3;2,2;
2026/05/28;0600 UTC;0;968,6;968,8;968,4;;9,5;9,3;10,2;8,9;9,9;8,9;100;98;99;61;2,7;2,1;
2026/05/28;0700 UTC;0;968,2;968,3;968;;9,2;9,2;9,3;9,1;9,3;9,1;100;100;100;72;2,6;1,8;
2026/05/28;0800 UTC;0;967,9;968;967,8;;9,2;9,2;9,4;9;9,4;9,1;100;100;100;85;2,4;1,7;
2026/05/28;0900 UTC;0;967,9;968;967,8;;8,9;8,9;9,1;8,7;9,1;8,7;100;100;100;77;2,4;1,4;
2026/05/28;1000 UTC;0;968,4;968,6;968;;8,8;8,8;9;8,5;9;8,6;100;100;100;86;2,3;1,7;
2026/05/28;1100 UTC;,2;968,8;969;968,6;;8,6;8,6;9,1;8,2;9,2;8,3;100;100;100;70;2,2;1,7;
2026/05/28;1200 UTC;0;969;969,1;969;;10,6;9,8;11,8;9,2;10,1;9,2;100;90;96;67;3,1;2,1;
2026/05/28;1300 UTC;0;969,1;969,2;969;;13,6;10,7;14,3;12,9;11,6;10;89;82;86;56;5;2,1;
2026/05/28;1400 UTC;0;969,1;969,3;968,9;;15,6;11,6;16,9;14,2;12,3;10,7;86;75;80;30;5,3;2,5;
2026/05/28;1500 UTC;0;968,7;968,9;968,3;;18,1;12,8;19,2;17;13,8;11,8;77;69;73;35;3,9;1,6;
2026/05/28;1600 UTC;0;967,8;968,3;967,2;;20;13,9;20,7;19;14,6;13,2;74;65;70;98;2,7;1,4;
2026/05/28;1700 UTC;0;966,8;967,2;966,4;;21,1;14,4;21,7;20,5;15,4;13,7;70;64;67;88;1,8;1,8;
2026/05/28;1800 UTC;0;966,1;966,4;965,9;;22;14,6;22,5;21,5;15,7;13,8;70;59;63;88;1,8;1,8;
2026/05/28;1900 UTC;0;965,8;965,8;965,8;;21,6;14,6;21,7;21,6;14,8;14,5;65;64;65;148;2;1,1;
2026/05/28;2000 UTC;;;;;;;;;;;;;;;;;;
2026/05/28;2100 UTC;;;;;;;;;;;;;;;;;;
2026/05/28;2200 UTC;;;;;;;;;;;;;;;;;;
2026/05/28;2300 UTC;;;;;;;;;;;;;;;;;;
2026/05/29;0000 UTC;;;;;;;;;;;;;;;;;;
2026/05/29;0100 UTC;0;968,2;968,2;968,1;;14,9;13,8;15,3;14,5;14;13,7;96;93;95;148;3,3;2;
2026/05/29;0200 UTC;0;968,4;968,6;968,2;;14;13,4;14,4;13,6;13,7;13,1;98;96;97;117;2,5;1,6;
2026/05/29;0300 UTC;0;968,8;968,8;968,8;;12,9;12,8;12,9;12,9;12,8;12,8;100;99;100;95;2,8;2,1;
2026/05/29;0400 UTC;;;;;;;;;;;;;;;;;;
2026/05/29;0500 UTC;0;968,5;968,7;968,4;;12,2;12,1;12,3;11,9;12,4;11,8;100;99;100;94;2,8;2;
2026/05/29;0600 UTC;0;968,6;968,7;968,4;;11,8;11,9;12;11,7;12;11,7;100;100;100;99;2,9;2;
2026/05/29;0700 UTC;0;968,1;968,5;967,7;;12;12,1;12,2;11,9;12,2;11,9;100;100;100;76;3,6;2,4;
2026/05/29;0800 UTC;0;967,9;968;967,8;;12,4;12,4;12,6;12,2;12,6;12,2;100;100;100;71;3,3;2,2;
2026/05/29;0900 UTC;0;967,8;968;967,7;;12,6;12,6;12,6;12,5;12,6;12,6;100;100;100;64;4;2,2;
2026/05/29;1000 UTC;0;968,1;968,3;968;;12,6;12,6;12,6;12,5;12,7;12,6;100;100;100;67;3,9;2,4;
2026/05/29;1100 UTC;0;968,6;969;968,2;;12,6;12,7;12,7;12,5;12,7;12,6;100;100;100;74;2,8;1,9;
2026/05/29;1200 UTC;0;969,1;969,4;968,8;;12,7;12,7;12,7;12,6;12,8;12,6;100;100;100;133;3,2;1,9;
2026/05/29;1300 UTC;0;969,8;969,9;969,4;;12,7;12,8;13;12,5;13,1;12,6;100;100;100;91;3,4;2,2;
2026/05/29;1400 UTC;0;969,4;969,8;969;;13,5;13,4;14;13;13,8;13,1;100;98;100;84;3,2;1,8;
2026/05/29;1500 UTC;0;969;969,2;968,5;;14,9;13,7;16,1;14,4;14,4;13,3;97;87;94;64;2,5;1,5;
2026/05/29;1600 UTC;0;968,2;968,5;967,6;;16,8;14,1;17,3;16;14,7;13,5;91;83;86;129;8,3;1,9;
2026/05/29;1700 UTC;0;967,3;967,5;967,2;;17,3;14,4;17,8;17,1;14,8;13,9;88;82;85;158;2,8;1;
2026/05/29;1800 UTC;0;967,4;967,5;967,3;;16,8;14,6;17,1;16;14,9;14,2;93;86;89;208;2,4;1,3;
2026/05/29;1900 UTC;0;967,5;967,5;967,3;;15,6;14,7;15,9;15,5;14,8;14,6;96;94;95;188;4,3;1,2;
2026/05/29;2000 UTC;0;967,4;967,5;967,2;;15,3;14,8;15,5;15,1;14,9;14,7;98;96;98;166;3,1;1,3;
2026/05/29;2100 UTC;0;967,6;967,8;967,5;;15,3;15,1;15,3;15,2;15,2;14,9;100;98;99;129;2,3;1;
2026/05/29;2200 UTC;0;968,1;968,4;967,8;;15;14,9;15,3;14,8;15,3;14,7;100;99;99;117;2,1;1,5;
2026/05/29;2300 UTC;0;968,5;968,8;968,3;;14,7;14,7;14,8;14,6;14,7;14,6;100;99;100;120;3;1,5;
2026/05/30;0000 UTC;,2;969;969,2;968,7;;14,5;14,6;14,6;14,5;14,7;14,5;100;100;100;129;2,8;1,5;
2026/05/30;0100 UTC;,4;969;969,1;968,8;;14,3;14,3;14,4;14,1;14,5;14,2;100;100;100;94;2,6;1,9;
2026/05/30;0200 UTC;1;968,9;969;968,8;;14,1;14,2;14,2;14,1;14,2;14,2;100;100;100;97;2,5;1,7;
2026/05/30;0300 UTC;0;968,8;969;968,7;;14,1;14,2;14,2;14,1;14,2;14,2;100;100;100;70;2,4;1,6;
2026/05/30;0400 UTC;,2;968,7;968,9;968,5;;14,2;14,2;14,2;14,2;14,3;14,2;100;100;100;80;2,8;1,7;
2026/05/30;0500 UTC;0;968,5;968,7;968,4;;14,1;14,2;14,2;14,1;14,2;14,2;100;100;100;62;2,9;1,6;
2026/05/30;0600 UTC;0;968,4;968,6;968,1;;14,1;14,2;14,2;14;14,2;14,1;100;100;100;63;2,2;1,5;
2026/05/30;0700 UTC;0;968,1;968,1;968;;14;14;14;13,9;14,1;14;100;100;100;50;2,3;1,2;
2026/05/30;0800 UTC;0;968,1;968,1;968;;14;14;14;13,9;14;14;100;100;100;39;2,6;1,1;
2026/05/30;0900 UTC;0;968,6;968,7;968,6;;13,9;13,9;13,9;13,9;14;13,9;100;100;100;56;1,5;,9;
2026/05/30;1000 UTC;,2;968,9;969,3;968,6;;13,7;13,8;13,9;13,6;13,9;13,7;100;100;100;89;2;1,3;
2026/05/30;1100 UTC;0;969,5;969,6;969,2;;13,7;13,8;13,9;13,6;13,9;13,7;100;100;100;46;1,9;1,1;
2026/05/30;1200 UTC;0;969,8;970,1;969,6;;14,6;14,4;15,9;13,7;15,1;13,8;100;92;98;6;8,6;6,6;
2026/05/30;1300 UTC;0;970,1;970,3;970;;16,5;15;16,9;15,8;15,6;14,4;95;89;93;4;11;9,5;
2026/05/30;1400 UTC;0;970,2;970,3;970,1;;17,8;15,6;18,2;17,4;15,9;15,2;91;86;89;146;13,2;11,1;
2026/05/30;1500 UTC;0;970;970,1;969,9;;17,5;15,6;17,9;17;16;15,1;94;87;91;209;12,2;11;
2026/05/30;1600 UTC;0;969,5;969,9;969,1;;17,7;15,6;18,2;17,3;16,3;15,3;92;86;90;3;12,5;11;
2026/05/30;1700 UTC;;;;;;;;;;;;;;;;;;
2026/05/30;1800 UTC;;;;;;;;;;;;;;;;;;
2026/05/30;1900 UTC;;;;;;;;;;;;;;;;;;
2026/05/30;2000 UTC;;;;;;;;;;;;;;;;;;
2026/05/30;2100 UTC;;;;;;;;;;;;;;;;;;
2026/05/30;2200 UTC;;;;;;;;;;;;;;;;;;
2026/05/30;2300 UTC;;;;;;;;;;;;;;;;;;
2026/05/31;0000 UTC;;;;;;;;;;;;;;;;;;
2026/05/31;0100 UTC;0;969,3;969,4;969,2;;14,3;14,3;14,8;14,1;14,7;14,2;100;99;100;125;,7;,4;
2026/05/31;0200 UTC;0;969,4;969,5;969,3;;14,2;14,3;14,4;14,2;14,4;14,2;100;100;100;184;5,1;3,5;
2026/05/31;0300 UTC;0;969,5;969,7;969,3;;14,5;14,6;14,6;14,4;14,7;14,4;100;100;100;245;6;5,6;
2026/05/31;0400 UTC;0;969,3;969,4;969,1;;14,7;14,7;14,7;14,6;14,8;14,6;100;100;100;163;6,4;5,6;
2026/05/31;0500 UTC;0;969,2;969,3;969,1;;14,7;14,8;14,8;14,7;14,8;14,7;100;100;100;30;5,9;5,5;
2026/05/31;0600 UTC;0;969,1;969,2;969;;14,8;14,8;14,8;14,7;14,9;14,8;100;100;100;8;5,8;5,4;
2026/05/31;0700 UTC;0;968,9;969,1;968,7;;14,7;14,8;14,8;14,7;14,8;14,7;100;100;100;15;5,9;5,6;
2026/05/31;0800 UTC;0;968,7;968,8;968,6;;14,7;14,8;14,8;14,7;14,8;14,8;100;100;100;69;6,1;5,6;
2026/05/31;0900 UTC;0;968,7;968,8;968,6;;14,7;14,8;14,7;14,7;14,8;14,7;100;100;100;10;5,9;5,6;
2026/05/31;1000 UTC;0;969,1;969,3;968,8;;14,7;14,7;14,7;14,7;14,8;14,7;100;100;100;202;6,1;5,5;
2026/05/31;1100 UTC;0;969,9;969,9;969,9;;14,7;14,8;14,7;14,7;14,8;14,8;100;100;100;14;6;5,7;
2026/05/31;1200 UTC;0;970,1;970,3;969,9;;14,8;14,9;15;14,7;15;14,7;100;100;100;161;7;6,5;
2026/05/31;1300 UTC;0;970,4;970,6;970,2;;15,4;15,5;15,7;15;15,8;15;100;100;100;17;10,5;9,3;
2026/05/31;1400 UTC;0;970,1;970,3;969,8;;16,4;15,3;16,9;15,9;15,8;14,6;98;89;95;8;12,1;11;
2026/05/31;1500 UTC;0;969,6;969,8;969,3;;17,2;14,7;17,5;17;15,3;13,9;90;83;87;23;12,2;11;
2026/05/31;1600 UTC;0;968,9;969,3;968,5;;18,3;14,2;19,1;17,5;15,1;13,6;86;73;80;356;9,1;9,1;
2026/05/31;1700 UTC;0;968,1;968,5;967,7;;19,2;14,1;19,7;18,5;15;13,3;78;70;74;356;9,1;9,1;
2026/05/31;1800 UTC;0;967,5;967,8;967,3;;19,4;13,2;19,9;18,8;14;12,4;73;65;69;276;9,1;5,9;
2026/05/31;1900 UTC;0;967,1;967,2;967;;19,2;13;19,5;18,6;13,6;12,5;71;66;69;146;,7;,3;
2026/05/31;2000 UTC;0;967,3;967,4;967,1;;18;13,2;19;17;13,6;12,8;83;71;76;157;,9;,3;
2026/05/31;2100 UTC;0;967,6;967,9;967,4;;16;12,7;16,9;15,4;13,7;11,9;88;81;84;164;,9;,3;
2026/05/31;2200 UTC;0;968,1;968,3;967,9;;15,6;11,8;15,9;15,2;12,3;11,2;85;77;81;214;2;1;
2026/05/31;2300 UTC;0;968,4;968,7;968,2;;15,4;10,9;15,8;15,1;11,2;10,4;79;75;77;213;2,1;,9;
2026/06/01;0000 UTC;0;968,8;968,9;968,7;;14,9;10,2;15,4;14,3;10,5;9,9;79;74;76;211;1,7;,7;
2026/06/01;0100 UTC;0;968,8;968,9;968,7;;13,9;10,5;14,5;13,3;11;9,8;88;77;83;199;1,8;,7;
2026/06/01;0200 UTC;0;968,7;968,8;968,5;;12,8;11,3;13,3;12,5;11,8;10,8;96;88;92;200;2,2;,8;
2026/06/01;0300 UTC;0;968,8;968,9;968,7;;12,1;11,9;12,5;11,9;12,2;11,6;100;96;99;172;2,1;,7;
2026/06/01;0400 UTC;0;968,6;968,8;968,6;;11,7;11,8;12;11,5;12,1;11,5;100;100;100;152;1,2;,5;
2026/06/01;0500 UTC;0;968,7;968,8;968,5;;11,3;11,3;11,9;11;11,9;11,1;100;100;100;193;1,8;,4;
2026/06/01;0600 UTC;0;968,8;968,9;968,7;;10,7;10,8;11,1;10,5;11,1;10,5;100;100;100;163;1,9;,4;
2026/06/01;0700 UTC;0;968,6;968,8;968,5;;10,7;10,7;10,9;9,9;11;10;100;100;100;79;1,4;,9;
2026/06/01;0800 UTC;;;;;;;;;;;;;;;;;;
2026/06/01;0900 UTC;;;;;;;;;;;;;;;;;;
2026/06/01;1000 UTC;;;;;;;;;;;;;;;;;;
2026/06/01;1100 UTC;;;;;;;;;;;;;;;;;;
2026/06/01;1200 UTC;;;;;;;;;;;;;;;;;;
2026/06/01;1300 UTC;;;;;;;;;;;;;;;;;;
2026/06/01;1400 UTC;;;;;;;;;;;;;;;;;;
2026/06/01;1500 UTC;;;;;;;;;;;;;;;;;;
2026/06/01;1600 UTC;;;;;;;;;;;;;;;;;;
2026/06/01;1700 UTC;;;;;;;;;;;;;;;;;;
2026/06/01;1800 UTC;;;;;;;;;;;;;;;;;;
2026/06/01;1900 UTC;;;;;;;;;;;;;;;;;;
2026/06/01;2000 UTC;;;;;;;;;;;;;;;;;;
2026/06/01;2100 UTC;;;;;;;;;;;;;;;;;;
2026/06/01;2200 UTC;0;969,5;969,8;969,1;;14,2;11,8;14,6;13,8;12;11,6;90;86;88;193;2;,9;
2026/06/01;2300 UTC;0;970;970,1;969,8;;13,5;11,6;13,9;13,1;11,8;11,3;93;88;90;180;2,8;1,6;
2026/06/02;0000 UTC;0;970,3;970,5;970,1;;12,8;11,5;13,4;12,5;11,7;11,3;95;91;94;169;1,9;,9;
2026/06/02;0100 UTC;0;970,5;970,5;970,4;;12,8;11,4;13,3;12,1;11,8;11;97;91;93;166;1,5;,7;
2026/06/02;0200 UTC;0;970,6;970,9;970,5;;12,3;11,5;12,4;12,1;11,7;11,2;97;94;96;155;3,7;1,7;
2026/06/02;0300 UTC;0;970,9;970,9;970,9;;11,7;11,2;11,7;11,7;11,2;11,2;97;97;97;121;3;1,7;
2026/06/02;0400 UTC;0;970,8;971;970,6;;11,6;11,1;12;11;11,3;10,7;99;96;97;83;2,2;1,4;
2026/06/02;0500 UTC;;;;;;;;;;;;;;;;;;
2026/06/02;0600 UTC;0;970,9;970,9;970,9;;10,3;10,3;10,4;10,2;10,4;10,3;100;100;100;59;2,2;1,5;
2026/06/02;0700 UTC;0;971;971,1;970,9;;10,1;10,2;10,3;9,9;10,3;10;100;100;100;59;2,5;1,8;
2026/06/02;0800 UTC;0;970,9;971;970,8;;10,2;10,2;10,2;10,1;10,2;10,2;100;100;100;74;2,5;1,7;
2026/06/02;0900 UTC;0;970,8;970,9;970,7;;10,6;10,5;11,1;10;10,7;10;100;97;99;73;3,4;2,3;
2026/06/02;1000 UTC;0;971,1;971,3;970,9;;11,3;10,7;11,4;11,2;10,8;10,5;98;95;97;66;2,8;1,6;
2026/06/02;1100 UTC;0;971,8;972,2;971,3;;11,5;10,9;11,7;11,3;11;10,8;98;96;97;86;2,2;1,4;
2026/06/02;1200 UTC;0;972,6;972,9;972,2;;11,9;11;12;11,7;11,4;10,9;97;95;96;115;2,5;1,3;
2026/06/02;1300 UTC;0;973,1;973,3;972,9;;12,2;10,9;12,5;12;11,2;10,6;96;91;93;54;3,9;2,1;
2026/06/02;1400 UTC;0;973,1;973,3;972,9;;12,7;10,9;13,2;12,3;11,4;10,6;93;88;91;70;3,6;2,1;
2026/06/02;1500 UTC;0;972,9;973,1;972,5;;13,6;11,2;13,9;13;11,7;10,7;91;85;88;99;3,5;2,4;
2026/06/02;1600 UTC;0;972,2;972,6;971,7;;15,7;11,8;17;14;12,4;11,2;88;74;80;92;3;1,8;
2026/06/02;1700 UTC;0;971,4;971,8;971,1;;17,2;12,3;18,1;15,9;12,9;11,5;81;71;75;132;8,7;1,5;
2026/06/02;1800 UTC;0;970,7;971,1;970,3;;18,2;12,7;18,8;17,5;13,4;12;76;68;72;69;3,5;1,9;
2026/06/02;1900 UTC;0;970,4;970,6;970,3;;17,7;12,7;18,6;17,1;13,5;12,2;77;70;75;68;2,6;1,3;
2026/06/02;2000 UTC;;;;;;;;;;;;;;;;;;
2026/06/02;2100 UTC;0;970,9;971,4;970,6;;15,5;12,5;16,2;14,8;12,6;12,3;87;82;85;42;2,5;1,1;
2026/06/02;2200 UTC;0;971,8;972,2;971,5;;13,9;12,1;14,4;13,5;12,5;11,6;92;89;91;109;2,4;1,4;
2026/06/02;2300 UTC;0;972,3;972,4;972,3;;12,1;10,8;12,2;12,1;10,8;10,7;93;93;93;105;2,7;1,9;
2026/06/03;0000 UTC;0;972,4;972,5;972,3;;11,7;10,7;12,1;11,5;10,9;10,6;96;94;95;102;3;2,1;
2026/06/03;0100 UTC;0;972,3;972,4;972,1;;11,1;10,4;11,4;10,9;10,6;10,4;98;95;97;84;3,3;2;
2026/06/03;0200 UTC;0;972,3;972,5;972,1;;10,6;10,4;10,9;10,4;10,7;10,1;100;98;99;81;2,5;1,7;
2026/06/03;0300 UTC;0;956,4;972,7;;;10,7;10,5;10,9;10,5;10,7;10,3;100;98;99;69;2,5;1,8;
2026/06/03;0400 UTC;0;972,6;972,7;972,5;;10,7;10,8;11,3;10,5;11,4;10,4;100;100;100;62;4;2,2;
2026/06/03;0500 UTC;0;972,5;972,6;972,4;;11,5;11,6;11,7;11,3;11,7;11,4;100;100;100;61;3;1,8;
2026/06/03;0600 UTC;0;972,2;972,5;972,1;;11,8;11,9;12;11,7;12;11,7;100;100;100;59;2,7;1,4;
2026/06/03;0700 UTC;0;972;972,1;971,8;;12;12;12;12;12,1;12;100;100;100;58;3,7;1,8;
2026/06/03;0800 UTC;0;971,4;971,8;971,2;;12;12;12;11,9;12;11,9;100;100;100;58;3,5;2,1;
2026/06/03;0900 UTC;0;971,4;971,6;971,3;;11,8;11,9;11,9;11,7;12;11,8;100;100;100;58;3;1,7;
2026/06/03;1000 UTC;0;971,7;971,9;971,6;;11,6;11,7;11,7;11,4;11,8;11,5;100;100;100;48;4;1,8;
2026/06/03;1100 UTC;0;972,5;972,6;972,4;;10,8;10,9;10,9;10,8;11;10,8;100;100;100;59;2,2;1,2;
2026/06/03;1200 UTC;0;972,9;973;972,6;;11,8;11,6;13,3;10,8;12,1;10,8;100;90;99;61;3,3;2,1;
2026/06/03;1300 UTC;0;973,1;973,3;972,9;;14,4;11,6;15,9;13,3;12,4;11;91;80;86;9;8,1;6,4;
2026/06/03;1400 UTC;0;973,1;973,2;973;;17,1;12,4;18,2;16;13,2;11,8;81;72;76;16;13,1;10,6;
2026/06/03;1500 UTC;0;972,7;973;972,5;;19,5;13,5;20,8;18,4;14,8;12,7;76;65;70;4;14,8;13,2;
2026/06/03;1600 UTC;0;972,2;972,5;971,8;;21,2;13,8;21,8;20,6;14,7;13;68;58;63;0;14,9;14,9;
2026/06/03;1700 UTC;0;971,5;971,8;971,3;;22,4;13,9;23,1;21,5;14,9;13;66;52;57;0;14,9;14,9;
2026/06/03;1800 UTC;0;971;971,3;970,7;;23;13,5;23,3;22,7;14,4;13;59;49;53;350;,4;,1;
2026/06/03;1900 UTC;0;970,7;970,7;970,6;;23,2;13,5;23,7;22,7;14,2;13;55;49;51;66;4;1,2;
2026/06/03;2000 UTC;0;970,8;970,9;970,6;;22,8;13,2;23,1;22,3;13,7;12,8;55;50;52;27;1,5;,9;
2026/06/03;2100 UTC;0;971,2;971,5;970,8;;20,4;12,8;22,2;18,9;13;12,5;69;52;62;64;1;,6;
2026/06/03;2200 UTC;0;971,8;972;971,6;;18,2;12,9;18,8;17,5;13,1;12,7;77;69;73;55;1,4;,9;
2026/06/03;2300 UTC;0;972,2;972,4;972;;17;12,8;17,5;16,6;12,9;12,6;81;77;79;47;2;1,1;
2026/06/04;0000 UTC;0;972,7;972,9;972,4;;16,5;12,3;16,9;16,3;12,6;11,9;81;75;79;19;4,7;2,9;
2026/06/04;0100 UTC;0;972,9;973;972,7;;15,9;11,8;16,9;15,1;12;11,6;83;76;79;60;2,2;1,2;
2026/06/04;0200 UTC;0;973,1;973,3;972,9;;14,2;11,6;15,1;13,3;11,7;11,5;92;83;87;73;1,6;1,2;
2026/06/04;0300 UTC;0;973,6;973,7;973,3;;13,1;11,4;13,5;12,6;11,8;11,2;94;90;92;60;2,8;1,8;
2026/06/04;0400 UTC;0;973,8;973,9;973,7;;12,6;11,1;13;12,4;11,2;11;93;91;92;62;3,2;2;
2026/06/04;0500 UTC;0;973,9;973,9;973,8;;11,7;10,6;11,8;11,7;10,7;10,6;95;94;95;59;2,2;1,6;
2026/06/04;0600 UTC;0;973,6;973,8;973,4;;11,4;10,5;11,6;11,3;10,6;10,4;96;95;96;62;2,7;1,8;
2026/06/04;0700 UTC;0;973,6;973,7;973,5;;11,2;10,2;11,3;11,2;10,3;10,1;96;94;95;103;1,2;,8;
2026/06/04;0800 UTC;0;973,7;973,8;973,6;;10,6;9,8;11,2;10,1;10,4;9,4;98;94;96;74;2,2;1,5;
2026/06/04;0900 UTC;0;973,8;973,9;973,7;;9,9;9,5;10,3;9,6;9,9;9,3;99;97;98;83;2,1;1,5;
2026/06/04;1000 UTC;0;974;974,3;973,8;;9,3;9,3;9,6;9,2;9,5;9,1;100;99;100;75;2,2;1,5;
2026/06/04;1100 UTC;0;974,6;974,8;974,2;;9,7;9,1;10;9,4;9,4;8,9;99;96;97;84;2,4;1,7;
2026/06/04;1200 UTC;,2;975,1;975,3;974,8;;11,6;9,8;12,9;10,1;10,3;9,4;96;85;91;73;2,7;1,8;
2026/06/04;1300 UTC;0;975,1;975,2;974,9;;14,1;10,6;15,5;12,9;11,5;10;86;78;82;40;5;2,3;
2026/06/04;1400 UTC;0;974,7;975,1;974,5;;16,7;11,7;18,1;15,5;12,7;10,9;79;70;75;41;6,6;2,5;
2026/06/04;1500 UTC;0;974,3;974,5;973,8;;19,3;12,5;20,3;18,1;13,1;11,8;72;61;66;51;6,4;3;
2026/06/04;1600 UTC;0;973,4;973,8;972,9;;20,9;12,7;21,9;20;13,9;12;64;54;59;51;5;2,2;
2026/06/04;1700 UTC;0;972,6;973;972,1;;22;12,9;22,6;21,5;13,5;12,3;57;51;54;71;4,7;2,7;
2026/06/04;1800 UTC;0;971,7;972,1;971,3;;22,6;13,1;23;22,2;13,6;12,7;55;50;52;165;5,3;2,8;
2026/06/04;1900 UTC;0;971,2;971,4;971,2;;22,6;12,8;23;22,3;13,4;12,2;53;48;51;39;4,3;1,8;
2026/06/04;2000 UTC;0;971,2;971,3;971,2;;22,4;12,9;22,9;21,2;13,7;12,4;57;49;53;33;3,1;1,3;
2026/06/04;2100 UTC;0;971,5;971,7;971,3;;19,8;12,4;21,2;18,6;12,8;12,1;68;57;63;68;1,6;,8;
2026/06/04;2200 UTC;0;971,7;971,7;971,6;;18;12,3;18,5;17,5;12,4;12,2;74;69;72;72;;1;
2026/06/04;2300 UTC;0;971,7;971,7;971,6;;16,6;12,2;17,5;15,9;12,3;12,2;81;74;78;51;1,8;1,1;
2026/06/05;0000 UTC;0;971,8;971,9;971,7;;16,3;12,2;16,6;15,9;12,3;12,1;81;78;80;33;4,7;2;
2026/06/05;0100 UTC;0;971,8;971,9;971,7;;15,7;12;16,2;15,3;12,1;11,9;83;80;82;43;3,1;1,6;
2026/06/05;0200 UTC;0;971,8;971,9;971,8;;14,9;11,8;15,4;14,5;12;11,7;86;83;85;48;3,5;1,5;
2026/06/05;0300 UTC;0;971,9;972;971,8;;14,2;11,6;14,6;13,9;11,7;11,4;88;86;87;46;2,6;1,3;
2026/06/05;0400 UTC;0;971,6;971,6;971,6;;13,8;11,1;13,8;13,7;11,2;11,1;87;87;87;45;2,9;1,5;
2026/06/05;0500 UTC;0;971,5;971,7;971,3;;14,3;11;14,7;13,8;11,1;10,9;87;82;84;28;4,8;2,5;
2026/06/05;0600 UTC;0;970,9;971,3;970,6;;14,2;10,9;14,4;13,9;11;10,9;85;83;84;35;5;2,2;
2026/06/05;0700 UTC;0;970,6;970,6;970,5;;13,1;10,9;13,8;12,6;11;10,8;91;86;89;85;2,5;1,6;
2026/06/05;0800 UTC;0;970,6;970,7;970,5;;12;10,8;12,5;11,7;11,1;10,6;96;91;94;90;1,8;1,4;
2026/06/05;0900 UTC;;;;;;;;;;;;;;;;;;
2026/06/05;1000 UTC;0;971,9;972;971,9;;10,9;10,9;11;10,7;10,9;10,7;100;100;100;70;2,1;1,6;
2026/06/05;1100 UTC;0;972,1;972,2;972,1;;11,4;11,4;11,6;11,2;11,6;11,2;100;100;100;72;2,1;1,5;
2026/06/05;1200 UTC;0;972,2;972,3;972,1;;13,4;12;15;11,6;12,5;11,6;100;85;93;61;2,4;1,5;
2026/06/05;1300 UTC;0;972,3;972,4;972,1;;16,2;12,8;17,7;15;13,5;12,3;87;77;83;32;4,3;2,3;
2026/06/05;1400 UTC;0;972,2;972,4;971,9;;18,8;13,3;19,9;17,7;14;12,7;77;69;73;87;5,4;2,9;
2026/06/05;1500 UTC;0;971,5;972;971;;21,1;14,1;21,7;19,9;14,8;13,5;71;61;65;268;5,1;2,4;
2026/06/05;1600 UTC;0;970,6;971;970,1;;22,2;14,1;22,9;21,7;14,6;13,8;64;55;59;144;5,1;2,9;
2026/06/05;1700 UTC;0;969,7;970,1;969,2;;23,1;14,3;23,5;22,5;15,1;13,4;59;53;56;294;5,2;1,8;
2026/06/05;1800 UTC;0;968,9;969,2;968,6;;23,2;14,7;23,6;23;15,7;14;61;54;57;306;4,4;1,6;
2026/06/05;1900 UTC;0;968,4;968,6;968,3;;23,5;15;23,7;23,3;15,6;14,6;60;56;57;319;3,6;1,5;
2026/06/05;2000 UTC;0;968,4;968,5;968,2;;23,2;15,1;23,5;22,8;15,6;14,7;62;57;59;320;2,6;,8;
2026/06/05;2100 UTC;0;968,3;968,4;968,2;;21,7;14,7;22,8;20,7;15,2;14,4;69;61;65;327;2,6;1,4;
2026/06/05;2200 UTC;0;968,4;968,6;968,2;;20,3;14,3;20,8;19,8;14,5;14,1;72;69;70;331;3,2;1,5;
2026/06/05;2300 UTC;0;968,6;968,7;968,4;;19,4;14,2;19,7;19;14,3;14;76;72;74;;;;
2026/06/06;0000 UTC;0;968,6;968,7;968,5;;18,9;13,9;19,2;18,7;14,1;13,8;76;74;75;;;;
2026/06/06;0100 UTC;0;968,4;968,6;968,2;;18,7;13,6;18,9;18,5;13,8;13,5;76;74;75;330;3,6;2;
2026/06/06;0200 UTC;0;968,2;968,3;968,2;;18,3;13,4;18,5;18;13,5;13,4;77;75;76;330;3,8;1,5;
2026/06/06;0300 UTC;0;968,4;968,4;968,4;;17,3;13,2;17,3;17,3;13,3;13,2;80;79;80;306;1,9;1;
2026/06/06;0400 UTC;0;968,3;968,4;968;;15,9;13;17;14,4;13,2;12,8;93;81;85;0;;1;
2026/06/06;0500 UTC;0;967,9;968;967,8;;15,4;13,1;16,2;14,3;13,3;12,8;94;85;88;122;1;,2;
2026/06/06;0600 UTC;0;967,6;967,7;967,5;;13,9;12,8;14,2;13,6;12,9;12,7;96;93;95;102;1,4;,5;
2026/06/06;0700 UTC;0;967,5;967,5;967,4;;12,9;12,8;13,6;12,6;13;12,6;100;96;99;80;,6;,5;
2026/06/06;0800 UTC;0;967,4;967,4;967,3;;12,7;12,8;12,9;12,6;13;12,7;100;100;100;60;1;,6;
2026/06/06;0900 UTC;0;967,4;967,5;967,3;;12,6;12,6;12,7;12,4;12,8;12,4;100;100;100;100;,7;,5;
2026/06/06;1000 UTC;0;967,7;967,8;967,5;;12;12,1;12,5;11,3;12,6;11,4;100;100;100;54;1,1;,7;
2026/06/06;1100 UTC;0;967,8;967,9;967,6;;11,7;11,8;12,6;11,3;12,6;11,3;100;100;100;25;2,4;1,5;
2026/06/06;1200 UTC;0;967,8;967,9;967,8;;14;13,2;15,7;12,6;13,6;12,7;100;89;96;55;2;,9;
2026/06/06;1300 UTC;0;968;968;967,9;;17,2;14,3;18,1;16,7;14,7;13,9;87;81;85;43;2;1;
2026/06/06;1400 UTC;0;967,6;967,9;967,3;;19;15;20,3;18;15,7;14,5;84;74;80;198;3,7;1,1;
2026/06/06;1500 UTC;0;967;967,3;966,6;;20,4;15,4;20,9;20;16,1;14,7;78;72;75;180;1,3;,4;
2026/06/06;1600 UTC;0;965,9;966,6;965,3;;21,2;15,9;21,7;20,6;16,3;15,5;76;71;74;182;1,7;,4;
2026/06/06;1700 UTC;0;965,1;965,4;964,8;;21,8;15,5;22,3;21,2;16,5;14,9;74;64;69;181;1,7;,6;
2026/06/06;1800 UTC;0;964,7;964,9;964,4;;22,2;15,6;22,8;21,8;16;15,1;71;63;67;253;3,5;,9;
2026/06/06;1900 UTC;0;964,4;964,5;964,3;;22,3;15,6;22,8;21,7;15,9;15,2;69;63;66;184;1,4;,4;
2026/06/06;2000 UTC;0;964,5;964,6;964,4;;21,6;15,7;22;21;16;15,4;73;68;71;229;1,5;,4;
2026/06/06;2100 UTC;0;964,7;964,9;964,5;;20,1;15,8;21;19,6;16,1;15,5;81;73;78;218;,7;,1;
2026/06/06;2200 UTC;0;964,9;965;964,8;;19,1;15,7;19,6;18,9;15,9;15,5;84;81;83;299;,6;,2;
2026/06/06;2300 UTC;0;965,2;965,5;964,9;;18,9;15,4;19;18,8;15,7;15,2;83;81;82;124;,4;,1;
2026/06/07;0000 UTC;0;965,5;965,6;965,4;;18,8;15,3;18,9;18,7;15,5;15,1;84;81;83;241;,4;,2;
2026/06/07;0100 UTC;0;965,3;965,5;965,2;;18,4;15,1;18,8;18,2;15,3;15;84;82;83;143;,3;,1;
2026/06/07;0200 UTC;0;965,3;965,3;965,2;;18,2;15;18,6;17,7;15;14,9;87;82;84;154;,5;,2;
2026/06/07;0300 UTC;0;965,3;965,4;965,2;;17,3;14,9;17,7;16,6;15;14,6;92;87;88;141;,5;,1;
2026/06/07;0400 UTC;0;965,3;965,3;965,2;;16,8;15;17,2;16,5;15,2;14,8;92;89;91;220;1,3;,2;
2026/06/07;0500 UTC;0;965,2;965,3;965;;16,9;15;17,4;16,4;15,2;14,8;92;88;90;224;2;,9;
2026/06/07;0600 UTC;0;965;965,1;964,8;;16,4;14,7;16,7;16,1;14,9;14,5;93;89;91;304;1,6;,7;
2026/06/07;0700 UTC;0;964,4;964,8;964,2;;16;14,5;16,6;15;14,6;14,3;97;90;93;148;,9;,3;
2026/06/07;0800 UTC;0;964,2;964,3;964,1;;15,1;14,5;16,2;14,6;14,7;14,1;99;92;97;256;2,2;,5;
2026/06/07;0900 UTC;0;964,5;964,7;964,1;;14,8;14,4;16,3;14,4;14,7;14;100;91;98;105;1,3;,6;
2026/06/07;1000 UTC;2,8;965,1;965,2;964,7;;14,8;14,8;15;14,5;15,1;14,5;100;100;100;255;2,8;1,5;
2026/06/07;1100 UTC;,6;965,1;965,2;964,9;;15,5;15,5;15,7;14,9;15,8;14,9;100;100;100;291;1,4;,4;
2026/06/07;1200 UTC;;;;;;;;;;;;;;;;;;
2026/06/07;1300 UTC;0;966,1;966,3;965,7;;16;15,7;16,4;15,8;15,9;15,3;100;96;98;150;1,3;,6;
2026/06/07;1400 UTC;0;966,3;966,5;966;;16,8;16;17,8;15,9;16,6;15,6;100;91;96;141;1,7;,9;
2026/06/07;1500 UTC;0;965,9;966;965,7;;17,6;16,4;18,2;17,3;16,7;16;96;90;94;155;3;1;
2026/06/07;1600 UTC;0;965,2;965,8;964,5;;18,2;16,4;18,8;17,5;16,9;15,8;95;85;91;265;2;,9;
2026/06/07;1700 UTC;0;964,1;964,4;963,8;;19,4;16,4;19,6;18,8;16,9;15,9;90;83;85;124;1,7;,8;
2026/06/07;1800 UTC;0;963,9;964,1;963,8;;19,4;16,3;19,6;19,3;16,9;15,9;88;82;84;190;2,2;,9;
2026/06/07;1900 UTC;0;964;964,1;963,8;;18,7;16,6;19,2;18,3;17,2;16,3;92;88;90;168;2,2;,7;
2026/06/07;2000 UTC;0;964;964,2;963,9;;18,1;16,3;18,2;17,9;16,6;15,9;93;89;91;154;2,6;,8;
2026/06/07;2100 UTC;0;964,3;964,5;964,2;;17,4;16,4;17,9;17,1;16,5;16,2;96;92;95;128;2,6;1,4;
2026/06/07;2200 UTC;0;964,5;964,8;964,2;;16,9;15,9;17,1;16,5;16,3;15,7;96;94;95;87;2,1;1,3;
2026/06/07;2300 UTC;0;964,9;965,1;964,7;;16,5;16;16,6;16,4;16,2;15,8;98;96;97;103;2,1;1,1;
2026/06/08;0000 UTC;0;965,5;965,8;965,1;;16,2;15,9;16,4;15,9;16;15,7;99;98;99;96;1,8;1,4;
2026/06/08;0100 UTC;0;965,9;966,1;965,7;;15,9;15,7;15,9;15,8;15,8;15,6;100;99;99;97;1,9;1,3;
2026/06/08;0200 UTC;0;965,7;965,9;965,6;;15,7;15,6;15,9;15,5;15,7;15,4;100;99;99;102;2,5;1,8;
2026/06/08;0300 UTC;0;965,8;965,8;965,8;;15,6;15,4;15,6;15,5;15,4;15,4;99;99;99;91;2,8;1,8;
2026/06/08;0400 UTC;0;965,2;965,3;965;;15,1;15,2;15,3;15,1;15,2;15,1;100;99;100;56;2,3;1,4;
2026/06/08;0500 UTC;0;965;965,3;964,8;;15,2;15,1;15,3;15,1;15,2;15,1;100;99;99;67;2;1,5;
2026/06/08;0600 UTC;0;965;965,2;964,7;;15,2;15;15,3;15,1;15,1;14,9;100;99;99;163;,8;,5;
2026/06/08;0700 UTC;,2;964,5;964,7;964,3;;14,8;14,9;15,1;14,5;15;14,6;100;100;100;135;1,4;,6;
2026/06/08;0800 UTC;0;964,2;964,4;964,1;;14,6;14,6;14,6;14,5;14,7;14,6;100;100;100;174;1,6;,7;
2026/06/08;0900 UTC;0;964,4;964,6;964,2;;14,6;14,6;14,6;14,5;14,7;14,6;100;100;100;139;1,6;,8;
2026/06/08;1000 UTC;0;964,9;965,2;964,5;;14,6;14,6;14,6;14,5;14,7;14,6;100;100;100;60;1;,6;
2026/06/08;1100 UTC;0;965,3;965,4;965,1;;14,5;14,6;14,6;14,5;14,6;14,5;100;100;100;60;1;,4;
2026/06/08;1200 UTC;0;965,5;965,6;965,3;;14,8;14,8;15,6;14,5;15,2;14,5;100;97;100;22;1,7;1,1;
2026/06/08;1300 UTC;0;965,8;966,1;965,5;;16;15,2;16,7;15,4;15,6;15;98;92;96;325;3,4;1,2;
2026/06/08;1400 UTC;0;966,1;966,1;965,9;;17;15,5;17,4;16,6;16,1;15,1;94;91;93;144;,8;,4;
2026/06/08;1500 UTC;0;965,8;965,9;965,4;;18;15,8;18,6;17,2;16,6;15,2;93;83;89;236;3,7;,8;
2026/06/08;1600 UTC;0;965;965,5;964,6;;19,2;15,5;19,9;18,6;16,2;14,7;85;77;81;142;1,8;,5;
2026/06/08;1700 UTC;0;964,4;964,6;964,1;;19,2;15,3;19,3;19;15,7;14,9;83;78;81;121;2,8;,6;
2026/06/08;1800 UTC;0;964,1;964,3;964;;19,5;15,7;20,5;19;16,1;15;84;75;81;163;2,7;,5;
2026/06/08;1900 UTC;0;964;964,1;963,9;;19,3;15,2;20;19;15,6;14,9;81;77;79;141;2;,5;
2026/06/08;2000 UTC;0;964,1;964,4;963,9;;19,2;14,7;19,8;18,3;15,2;14,3;82;74;78;126;,9;,5;
2026/06/08;2100 UTC;0;964,5;964,6;964,3;;17,7;15,1;18,3;17,1;15,4;14,7;91;82;87;171;1,2;,3;
2026/06/08;2200 UTC;0;964,8;965,1;964,6;;16,4;14,9;17,3;15,7;15,2;14,6;96;88;92;200;1,4;,5;
2026/06/08;2300 UTC;0;965,2;965,3;965,1;;15,6;14,8;15,9;15,4;15;14,5;97;94;96;112;,4;,2;
2026/06/09;0000 UTC;0;965,5;965,8;965,3;;15,6;14,9;15,8;15,5;15;14,9;97;96;97;149;1,3;,2;
2026/06/09;0100 UTC;0;965,9;965,9;965,9;;15,1;14,8;15,2;15,1;14,9;14,8;99;99;99;117;,4;,2;
2026/06/09;0200 UTC;0;965,9;966;965,8;;15;14,7;15,2;14,5;15;14,3;100;98;99;194;1,6;,4;
2026/06/09;0300 UTC;0;966,1;966,2;966;;14;14;14,5;13,6;14,4;13,6;100;99;100;122;,6;,3;
2026/06/09;0400 UTC;0;966;966,1;965,7;;13,8;13,8;14,2;13,6;14,1;13,6;100;99;100;131;1,1;,3;
2026/06/09;0500 UTC;0;965,8;966;965,7;;13;13;13,9;12,5;13,7;12,6;100;99;100;124;,5;,3;
2026/06/09;0600 UTC;0;965,8;966;965,6;;12,7;12,8;12,9;12,5;13;12,6;100;100;100;128;,6;,3;
2026/06/09;0700 UTC;0;965,7;965,8;965,5;;12,9;12,9;13;12,7;13;12,7;100;100;100;150;1,4;,3;
2026/06/09;0800 UTC;0;965,7;965,8;965,6;;12,6;12,7;12,7;12,6;12,7;12,7;100;100;100;147;1;,4;
2026/06/09;0900 UTC;0;965,7;966;965,4;;12,7;12,8;12,8;12,7;12,8;12,7;100;100;100;137;,8;,4;
2026/06/09;1000 UTC;0;966,3;966,8;965,9;;12,5;12,5;12,8;12,2;12,8;12,2;100;100;100;131;1,5;,3;
2026/06/09;1100 UTC;0;967;967,2;966,7;;12,2;12,3;12,4;12;12,4;12,1;100;100;100;190;2;,5;
2026/06/09;1200 UTC;0;967,5;967,6;967,3;;11,9;11,6;12,1;11,8;12;11,2;100;96;98;174;1,2;,3;
2026/06/09;1300 UTC;0;967,8;968,1;967,5;;12,4;11,3;12,6;12,1;11,6;11,1;97;93;94;203;1,9;,9;
2026/06/09;1400 UTC;0;967,9;968,2;967,6;;12,8;11,3;13,5;12,4;11,6;10,5;96;85;92;196;1,7;,5;
2026/06/09;1500 UTC;0;967,2;967,7;966,6;;14,4;11,1;15,5;13,5;11,9;10,5;88;77;83;138;2;,4;
2026/06/09;1600 UTC;0;966,4;966,7;966,1;;15,2;10,8;16;14,9;11,9;10,3;81;75;78;313;2,6;1;
2026/06/09;1700 UTC;0;965,7;966,2;965,1;;15,2;10,4;15,6;14,9;11,2;9,9;81;72;76;272;2,7;,7;
2026/06/09;1800 UTC;0;964,9;965,1;964,5;;16;9,9;16,5;15,6;11,1;8,9;74;65;70;223;2,3;1;
2026/06/09;1900 UTC;0;964,4;964,5;964,3;;16,6;9,6;17,4;15,8;10,2;8,9;71;61;65;209;2,1;,4;
2026/06/09;2000 UTC;0;964,7;964,9;964,5;;16,5;9,3;16,7;16,1;10,1;8,8;69;62;64;180;,6;,2;
2026/06/09;2100 UTC;0;965;965,2;964,9;;14,5;9,3;16,6;13,1;10,1;8,7;81;63;74;190;2;1;
2026/06/09;2200 UTC;;;;;;;;;;;;;;;;;;
2026/06/09;2300 UTC;;;;;;;;;;;;;;;;;;
2026/06/10;0000 UTC;;;;;;;;;;;;;;;;;;
2026/06/10;0100 UTC;0;966,4;966,4;966,3;;12,5;8,7;12,8;11,7;8,9;8,6;85;80;81;215;,7;,2;
2026/06/10;0200 UTC;0;966,2;966,3;966;;10,8;8,9;11,5;9,8;9,2;8,6;96;86;90;103;1,9;,7;
2026/06/10;0300 UTC;0;966,2;966,5;966;;10;9,4;10,2;9,8;9,6;9,1;98;96;97;118;1;,6;
2026/06/10;0400 UTC;0;965,2;965,5;965,1;;9,7;9,5;10;9,3;9,7;9,3;100;98;99;73;1,2;,7;
2026/06/10;0500 UTC;;;;;;;;;;;;;;;;;;
2026/06/10;0600 UTC;0;964,8;964,9;964,6;;8,8;8,8;9;8,4;9,1;8,4;100;100;100;79;1,6;,8;
2026/06/10;0700 UTC;0;964,2;964,2;964;;8,2;8,3;8,4;8;8,4;8;100;100;100;68;1,9;1,4;
2026/06/10;0800 UTC;0;963,9;964,1;963,7;;8,1;8,1;8,3;7,9;8,4;7,9;100;100;100;45;2,8;1,4;
2026/06/10;0900 UTC;0;964,2;964,6;963,8;;8,5;8,5;8,6;8,1;8,7;8,2;100;100;100;45;2,1;1,1;
2026/06/10;1000 UTC;0;964,7;964,9;964,5;;8,4;8,4;8,6;7,9;8,7;7,9;100;100;100;127;2,8;1,8;
2026/06/10;1100 UTC;0;964,7;965;964,6;;7,9;8;8,2;7,6;8,2;7,6;100;100;100;73;3;2;
2026/06/10;1200 UTC;0;965;965,2;964,7;;8,6;8,6;9,1;8;9,1;8,1;100;100;100;71;3;2,1;
2026/06/10;1300 UTC;0;964,9;965,1;964,7;;9,6;9,7;10,3;9,1;10,4;9,1;100;100;100;53;3,8;1,9;
2026/06/10;1400 UTC;0;964,6;964,7;964,5;;11,3;11,3;11,9;10,8;11,8;10,8;100;99;100;51;4,4;1,8;
2026/06/10;1500 UTC;0;964,3;964,5;963,9;;13,1;11,7;13,9;11,9;12,2;11,3;98;87;93;71;2,6;1,8;
2026/06/10;1600 UTC;0;963,7;964;963,4;;14,5;11,9;14,9;13,9;12,5;11,4;90;84;87;73;2,4;1,4;
2026/06/10;1700 UTC;0;963,1;963,4;962,8;;15,4;12,4;15,6;14,9;12,8;12;88;82;85;91;1,8;1;
2026/06/10;1800 UTC;0;962,5;962,7;962,3;;15,5;12,6;15,8;15,4;13;12,1;87;83;85;71;2,3;1,4;
2026/06/10;1900 UTC;0;962,1;962,3;961,9;;15,4;12,8;15,7;15,2;13,3;12,6;90;85;87;100;2;1,3;
2026/06/10;2000 UTC;0;961,9;962;961,7;;14,9;12,9;15,2;14,7;13,2;12,8;91;89;90;88;2;1,3;
2026/06/10;2100 UTC;0;962;962,1;961,8;;14,3;13;14,7;14,1;13,1;12,8;94;91;93;85;1,3;1;
2026/06/10;2200 UTC;0;962,1;962,3;962;;14,1;12,7;14,2;13,9;12,9;12,6;94;92;93;81;1,3;,9;
2026/06/10;2300 UTC;0;962,4;962,6;962,1;;14,6;12,9;14,8;14,2;13;12,7;93;90;91;128;1,4;,8;
2026/06/11;0000 UTC;0;962,7;963;962,5;;14,6;13,1;14,7;14,5;13,3;12,9;94;91;92;114;1,2;,7;
2026/06/11;0100 UTC;0;963,3;963,5;963,1;;14,6;13,2;14,7;14,5;13,4;12,9;94;92;93;89;1,2;,9;
2026/06/11;0200 UTC;0;963,1;963,3;963;;14,5;13,4;14,7;14,2;13,6;13,1;96;93;94;81;1,8;1,2;
2026/06/11;0300 UTC;0;963,1;963,2;963;;14,4;13,3;14,6;14,1;13,4;13,2;96;93;94;30;3,7;1,9;
2026/06/11;0400 UTC;0;963;963,2;962,8;;14,2;13,2;14,5;13,9;13,3;13,1;97;93;95;137;1,6;,7;
2026/06/11;0500 UTC;0;962,7;963;962,4;;13,3;13,1;14;13,1;13,3;12,9;100;95;99;135;3;1,9;
2026/06/11;0600 UTC;0;962,4;962,5;962,2;;13,1;13,1;13,1;12,9;13,2;13;100;100;100;99;2,3;1,6;
2026/06/11;0700 UTC;0;961,7;961,8;961,7;;12,9;13;13;12,8;13,1;12,9;100;100;100;104;2,2;1,6;
2026/06/11;0800 UTC;0;961,9;962,4;961,6;;12,7;12,8;13;12,5;13,1;12,5;100;100;100;66;1,9;,9;
2026/06/11;0900 UTC;0;962,9;963,4;962,4;;12,9;12,9;13,3;12,7;13,2;12,7;100;98;100;97;,3;,1;
2026/06/11;1000 UTC;0;963,7;963,8;963,5;;12,6;12,7;12,7;12,4;12,8;12,5;100;100;100;82;1,1;,5;
2026/06/11;1100 UTC;0;963,8;963,9;963,7;;12,4;12,4;12,6;12,1;12,7;12,1;100;100;100;104;2,3;1,4;
2026/06/11;1200 UTC;0;964;964,3;963,7;;12,6;12,7;13;12,4;13,1;12,5;100;100;100;73;2,2;1,6;
2026/06/11;1300 UTC;0;964,2;964,3;964,1;;13,7;13,2;14,5;13,1;13,6;12,9;100;94;97;61;2,9;1,7;
2026/06/11;1400 UTC;0;964,1;964,1;964,1;;16,6;13,6;16,7;16,6;13,7;13,6;85;85;85;12;3,1;2,6;
2026/06/11;1500 UTC;0;964,1;964,2;963,8;;16,2;13,8;16,7;15,8;14,2;13,4;90;84;88;259;1,1;,2;
2026/06/11;1600 UTC;0;963,4;963,8;962,9;;15,9;14,1;16;15,9;14,4;13,7;92;89;91;35;1,8;1,2;
2026/06/11;1700 UTC;0;962,6;962,9;961,8;;16,7;14,5;17,2;16;15;14,1;92;85;89;37;3,2;1,7;
2026/06/11;1800 UTC;0;961,4;961,9;961,2;;17,1;14,6;17,5;16,8;15;14,3;90;85;88;61;2,2;,8;
2026/06/11;1900 UTC;0;961,2;961,4;960,9;;17,3;14,6;17,4;17,2;14,9;14,3;88;85;86;64;1,6;,8;
2026/06/11;2000 UTC;0;961;961,2;961;;17,1;14,8;17,4;17;15;14,6;90;86;89;51;;,7;
2026/06/11;2100 UTC;,2;;;;;;;;;;;;;;;;;
2026/06/11;2200 UTC;0;;;;;;;;;;;;;;;;;
2026/06/11;2300 UTC;0;;;;;;;;;;;;;;;;;
2026/06/12;0000 UTC;0;;;;;;;;;;;;;;;;;
2026/06/12;0100 UTC;0;;;;;;;;;;;;;;;;;
2026/06/12;0200 UTC;,2;;;;;;;;;;;;;;;;;
2026/06/12;0300 UTC;;;;;;;;;;;;;;;;;;
2026/06/12;0400 UTC;0;958,7;959,1;958,3;;15;15,1;15,1;15;15,1;15;100;100;100;94;2,8;1,9;
2026/06/12;0500 UTC;,4;957,9;958,2;957,6;;15;15,1;15,1;15;15,1;15;100;100;100;113;1,5;,9;
2026/06/12;0600 UTC;1,4;957,5;957,7;957,2;;15,1;15,1;15,2;15,1;15,2;15,1;100;100;100;50;3,6;1,2;
2026/06/12;0700 UTC;2,2;956,9;957,4;956,5;;15,6;15,6;16,1;15,2;15,8;15,2;100;99;100;320;6;1,9;
2026/06/12;0800 UTC;0;956,4;956,5;956,3;;16;15,8;16,1;16;15,9;15,7;100;98;99;190;3,2;1,4;
2026/06/12;0900 UTC;0;956,2;956,4;956,1;;15,9;15,8;16;15,9;15,9;15,7;100;99;99;284;3,4;1;
2026/06/12;1000 UTC;0;956,5;956,6;956,4;;16;15,5;16;15,9;15,7;15,3;99;97;98;310;3,1;1,2;
2026/06/12;1100 UTC;,6;956,9;957,2;956,7;;15,5;15,1;15,9;14,7;15,4;14,5;99;96;98;164;3,6;,6;
2026/06/12;1200 UTC;0;957,7;958,2;957,2;;14,4;14,4;14,6;14,2;14,5;14,2;100;99;100;123;1,4;,7;
2026/06/12;1300 UTC;,2;958,7;959;958,1;;13,8;13,6;14,3;13,6;14,2;13,2;100;98;99;140;3;,7;
2026/06/12;1400 UTC;0;959,1;959,2;959;;13,6;13;13,7;13,5;13,2;12,8;98;96;97;132;2;,7;
2026/06/12;1500 UTC;0;959,2;959,3;959;;13,4;13;13,7;13,3;13,1;12,7;99;96;98;137;3;,6;
2026/06/12;1600 UTC;0;959,1;959,3;958,9;;13,3;12,9;13,5;13,1;13,1;12,7;99;96;98;129;1,4;,8;
2026/06/12;1700 UTC;,2;958,9;959,1;958,8;;13,1;13;13,3;13,1;13,2;12,8;100;98;99;129;1,4;,7;
2026/06/12;1800 UTC;,6;958,8;959,1;958,4;;13,6;13,3;13,8;13,3;13,6;13;100;96;99;185;4,2;1,2;
2026/06/12;1900 UTC;,2;959,4;959,8;959,1;;13,8;13,1;14;13,5;13,4;12,8;99;95;97;146;2,9;,7;
2026/06/12;2000 UTC;,8;960;960,3;959,7;;13,4;13,4;13,5;13,2;13,6;13,2;100;99;100;151;3;,7;
2026/06/12;2100 UTC;,2;960,7;961,2;960,2;;13,2;13,1;13,3;13,1;13,2;13,1;100;99;100;187;4,5;1,1;
2026/06/12;2200 UTC;0;961,4;961,5;961,2;;13;12,9;13,1;12,9;13,1;12,8;100;99;100;169;2,6;,7;
2026/06/12;2300 UTC;,2;962,1;962,6;961,7;;12,9;12,9;12,9;12,8;13;12,9;100;100;100;148;2,1;,5;
2026/06/13;0000 UTC;,2;962,9;963,2;962,5;;12,8;12,8;12,8;12,7;12,9;12,8;100;100;100;183;3;,9;
2026/06/13;0100 UTC;0;963,5;963,8;963,1;;12,7;12,8;12,7;12,6;12,8;12,7;100;100;100;157;2,2;,5;
2026/06/13;0200 UTC;0;963,7;963,8;963,6;;12,6;12,6;12,7;12,5;12,7;12,4;100;100;100;185;3,6;,9;
2026/06/13;0300 UTC;0;963,7;963,8;963,6;;12,4;12,2;12,5;12,3;12,4;12;100;98;99;205;2,9;,9;
2026/06/13;0400 UTC;0;963,8;963,9;963,6;;12,3;12,2;12,3;12,2;12,3;12;100;99;99;205;2,3;,8;
2026/06/13;0500 UTC;0;963,7;963,8;963,5;;12,1;11,8;12,3;12;12;11,8;99;98;99;;;;
2026/06/13;0600 UTC;0;963,6;963,7;963,5;;11,8;11,4;12;11,7;11,8;11;100;96;98;;;;
2026/06/13;0700 UTC;0;963,8;963,9;963,5;;11,7;11,4;11,8;11,7;11,5;11,2;99;98;98;;;;
2026/06/13;0800 UTC;0;963,8;964;963,7;;11,6;11,5;11,7;11,6;11,7;11,3;100;98;99;;;;
2026/06/13;0900 UTC;0;964,1;964,2;964;;11,6;11,7;11,6;11,6;11,7;11,6;100;100;100;195;,6;,2;
2026/06/13;1000 UTC;0;964,6;965;964,3;;11,6;11,7;11,7;11,6;11,7;11,6;100;100;100;116;1,2;,2;
2026/06/13;1100 UTC;0;965,5;966,1;965,1;;11,6;11,7;11,7;11,5;11,7;11,6;100;100;100;120;,8;,3;
2026/06/13;1200 UTC;,2;966,5;966,9;966;;11,6;11,7;11,8;11,5;11,8;11,6;100;100;100;117;,7;,3;
2026/06/13;1300 UTC;0;967,2;967,7;966,9;;12,1;11,7;12,4;11,8;11,9;11,2;100;95;98;124;1;,2;
2026/06/13;1400 UTC;0;967,5;967,8;967,1;;13,3;11,4;14,4;12,4;12,1;10,4;95;81;90;186;6,3;2,2;
2026/06/13;1500 UTC;0;967,2;967,4;967;;14;11,1;14,7;13,7;12,1;10,2;89;78;85;249;2;,4;
2026/06/13;1600 UTC;0;966,6;967;966,1;;14,6;10,1;14,9;13,9;11,7;9,1;87;72;78;213;1,6;,8;
2026/06/13;1700 UTC;0;965,9;966,1;965,7;;14,5;10,2;14,7;14,3;11,1;9,2;83;73;79;192;1,3;,3;
2026/06/13;1800 UTC;0;965;965,2;964,9;;14,5;11,2;14,6;14,4;11,5;10,8;85;82;84;94;1,5;,9;
2026/06/13;1900 UTC;0;964,9;964,9;964,8;;14,4;10,7;14,6;14,3;11,8;10,3;86;80;82;148;1,6;,9;
2026/06/13;2000 UTC;0;964,8;964,9;964,6;;14,3;10,6;14,4;14,3;11,2;10;84;78;81;158;1,3;,5;
2026/06/13;2100 UTC;0;964,8;965;964,7;;14;10,3;14,3;13,4;11,2;9,4;88;76;82;162;,6;,3;
2026/06/13;2200 UTC;0;965,2;965,4;965;;13,4;11,3;13,4;13,3;12;10,8;93;87;90;138;1,2;,4;
2026/06/13;2300 UTC;0;965,7;966;965,4;;13,3;11,3;13,4;13,3;11,8;9,8;92;83;90;82;1,3;,6;
2026/06/14;0000 UTC;0;966,1;966,3;966;;13,4;9,3;13,6;13,1;10,7;8,7;87;76;80;114;1,2;,4;
2026/06/14;0100 UTC;0;966,3;966,5;966;;12,8;10;13,1;12,7;10,7;9,5;90;84;86;76;,7;,3;
2026/06/14;0200 UTC;0;966,6;966,6;966,5;;12,7;9,6;12,9;12,6;10,1;9,1;87;81;84;175;1,4;,8;
2026/06/14;0300 UTC;0;966,8;966,9;966,6;;12,8;9,4;12,9;12,6;10;8,8;87;80;83;105;1;,6;
2026/06/14;0400 UTC;0;966,8;966,9;966,7;;12,3;10,3;12,5;12,2;10,7;9,9;92;87;90;144;,9;,4;
2026/06/14;0500 UTC;0;966,7;966,8;966,6;;12,1;10,2;12,3;11,8;10,6;9,7;93;88;90;92;,5;,4;
2026/06/14;0600 UTC;0;966,5;966,7;966,2;;12;9,5;12,2;11,8;9,8;9,2;89;86;88;165;1,1;,8;
2026/06/14;0700 UTC;;;;;;;;;;;;;;;;;;
2026/06/14;0800 UTC;;;;;;;;;;;;;;;;;;
2026/06/14;0900 UTC;0;950,4;966,7;;;11;9,6;11,3;10,9;9,8;9,3;94;90;93;149;,8;,3;
2026/06/14;1000 UTC;0;967,1;967,5;966,7;;10,9;9,5;11,1;10,7;9,7;9;94;90;93;191;1;,3;
2026/06/14;1100 UTC;0;967,8;968;967,5;;10,7;9,7;10,8;10,6;10,2;9,4;97;93;95;208;2,6;,9;
2026/06/14;1200 UTC;0;968,2;968,3;968;;11,2;10,5;11,9;10,9;10,8;10,2;97;94;96;205;2,7;1,1;
2026/06/14;1300 UTC;0;968,5;968,9;968,2;;12,5;9,9;13,1;11,9;10,8;8,6;94;79;87;183;5,2;1,7;
2026/06/14;1400 UTC;0;968,9;969;968,7;;13,5;8,4;14;12,9;9,2;8;78;72;74;200;4,4;1,7;
2026/06/14;1500 UTC;;;;;;;;;;;;;;;;;;
2026/06/14;1600 UTC;0;968,3;968,7;968;;14,6;8,1;15,5;14;8,6;7,3;72;63;67;187;4,2;1,6;
2026/06/14;1700 UTC;0;967,7;968;967,3;;15,1;8;15,6;14,4;9;7,3;70;61;65;193;4,7;2;
2026/06/14;1800 UTC;0;967,1;967,4;966,9;;15,5;8,2;16;14,8;8,8;7,6;68;60;63;184;4,6;2;
2026/06/14;1900 UTC;0;967;967,1;966,8;;14,9;8,3;15,9;14,4;9;7,5;71;62;67;185;4,4;1,6;
2026/06/14;2000 UTC;0;967,2;967,2;967,2;;14,2;8,7;14,2;14,1;8,9;8,6;74;72;73;203;1,9;,8;
2026/06/14;2100 UTC;0;967,5;967,8;967,2;;13,5;8,8;14,1;13;9,1;8,6;80;73;77;173;2,5;,9;
2026/06/14;2200 UTC;0;968,1;968,3;967,8;;12,8;9,1;13,1;12,5;9,4;8,7;84;78;81;181;2,9;,9;
2026/06/14;2300 UTC;0;968,7;969;968,4;;11,9;9,5;12,5;11,2;9,7;9,3;92;84;88;211;,8;,3;
2026/06/15;0000 UTC;0;969,2;969,3;969,1;;10,8;9,7;11,2;10,3;9,9;9,6;96;92;94;215;1,4;,4;
2026/06/15;0100 UTC;0;969,5;969,6;969,4;;9,7;9,4;10,2;9,4;9,8;9,2;100;96;99;156;2,7;,7;
2026/06/15;0200 UTC;0;969,5;969,7;969,4;;9,3;9,1;9,5;9;9,4;8,8;100;97;99;145;,9;,5;
2026/06/15;0300 UTC;0;969,7;969,8;969,6;;9,1;9,2;9,4;8,6;9,4;8,6;100;100;100;177;2;,7;
2026/06/15;0400 UTC;0;969,7;969,7;969,7;;9,3;9,4;9,4;9,3;9,4;9,4;100;100;100;182;1,3;,4;
2026/06/15;0500 UTC;0;969,7;969,8;969,6;;9,2;9,2;9,4;8,7;9,4;8,7;100;100;100;215;1,1;,4;
2026/06/15;0600 UTC;0;969,7;969,7;969,6;;8,8;8,9;8,9;8,7;8,9;8,8;100;100;100;206;1,2;,4;
2026/06/15;0700 UTC;0;969,3;969,5;969,1;;9,3;9,3;9,4;9,1;9,5;9,2;100;100;100;158;1,1;,4;
2026/06/15;0800 UTC;0;969,1;969,3;969;;8,4;8,5;9,1;7,8;9,1;7,9;100;100;100;84;1,1;,8;
2026/06/15;0900 UTC;0;969,1;969,2;969;;7,6;7,6;7,8;7,5;7,8;7,6;100;100;100;103;1;,6;
2026/06/15;1000 UTC;0;969,4;969,8;969;;7,7;7,8;7,8;7,6;7,8;7,7;100;100;100;122;1,1;,7;
2026/06/15;1100 UTC;0;969,9;970,4;969,7;;7,4;7,5;7,8;6,9;7,9;7;100;100;100;;;;
2026/06/15;1200 UTC;0;970,2;970,7;969,7;;7,7;7,7;8,8;6,9;8,5;7;100;96;100;;;;
2026/06/15;1300 UTC;0;970,7;970,9;970,5;;9,4;7,7;10,5;8,4;8,4;7,1;96;86;92;;;;
2026/06/15;1400 UTC;0;970,9;971,1;970,8;;10,2;7,7;10,6;9,7;8,2;7,1;91;83;88;;;;
2026/06/15;1500 UTC;0;970,8;971;970,5;;10,6;7,4;12,1;10;8,4;6,9;87;79;84;;;;
2026/06/15;1600 UTC;0;969,7;970,4;969,1;;12;6,7;12,7;11,5;7,8;5,9;78;69;74;;;;
2026/06/15;1700 UTC;;;;;;;;;;;;;;;;;;
2026/06/15;1800 UTC;0;968,1;968,5;967,7;;13;6,2;13,8;12,5;7,2;5,4;70;63;66;160;1,7;,3;
2026/06/15;1900 UTC;0;968;968;967,9;;12,8;5,8;13,4;12,4;6,5;5,4;69;63;65;175;1,4;,5;
2026/06/15;2000 UTC;0;968,1;968,5;967,9;;12,5;6,5;13,2;11,8;7,3;5,9;77;63;70;162;,8;,3;
2026/06/15;2100 UTC;0;968,8;969,2;968,5;;10,7;6,6;11,9;9,8;7,1;6,2;82;72;79;206;1,4;,9;
2026/06/15;2200 UTC;0;969,3;969,4;969,2;;8,8;6,5;9,2;8,5;6,6;6,4;90;87;89;206;1,7;,8;
2026/06/15;2300 UTC;0;969,4;969,5;969,2;;8,1;6,1;8,5;7,6;6,4;5,8;92;89;90;212;1,6;,5;
2026/06/16;0000 UTC;0;969,6;969,7;969,4;;7,5;6,5;7,7;7,3;6,7;6,1;96;93;95;207;1,5;,4;
2026/06/16;0100 UTC;;;;;;;;;;;;;;;;;;
2026/06/16;0200 UTC;0;970,1;970,2;969,9;;6,8;6;6,9;6,7;6,2;5,8;97;95;96;208;1,4;,4;
2026/06/16;0300 UTC;0;970,1;970,2;970,1;;6,5;6,2;7;6,2;6,5;5,8;100;96;98;182;1;,3;
2026/06/16;0400 UTC;0;970,1;970,3;970;;6;6;6,3;5,6;6,3;5,7;100;100;100;83;,4;,2;
2026/06/16;0500 UTC;0;970;970,1;969,9;;5,6;5,6;5,9;5,1;6;5,2;100;100;100;103;,5;,3;
2026/06/16;0600 UTC;0;969,6;969,9;969,4;;5;5,1;5,3;4,5;5,3;4,6;100;100;100;44;,8;,5;
2026/06/16;0700 UTC;0;;;;;3,8;;;;;;;;;;;;
2026/06/16;0800 UTC;0;969,3;969,3;969,2;;3,2;3,2;3,2;3;3,3;3,1;100;100;100;114;,7;,4;
2026/06/16;0900 UTC;0;969,3;969,5;969,1;;2,8;2,8;3,1;2,5;3,1;1,2;100;100;100;36;1,3;,7;
2026/06/16;1000 UTC;0;969,6;969,9;969,5;;2,5;2,6;2,7;2,3;2,8;2,3;100;100;100;61;1,4;,7;
2026/06/16;1100 UTC;0;970,2;970,5;969,9;;2;2;2,3;1,8;2,3;1,9;100;100;100;54;1,8;1;
2026/06/16;1200 UTC;0;970,6;970,9;970,4;;2,5;2,6;3;2,2;3,1;2,3;100;100;100;23;2,6;1,5;
2026/06/16;1300 UTC;0;971,1;971,1;971,1;;4,5;4,6;4,6;4,4;4,6;4,5;100;100;100;40;1,6;,7;
2026/06/16;1400 UTC;0;970,8;970,9;970,7;;6,3;6,3;6,7;5,6;6,7;5,7;100;100;100;47;1,8;1;
2026/06/16;1500 UTC;0;970,4;970,7;970,1;;8,6;7,9;10,8;6,5;9;6,5;100;89;97;170;2,9;1,2;
2026/06/16;1600 UTC;0;969,7;970,1;969,2;;12,4;8;13,8;10,9;9,5;5,8;91;61;78;273;2;,5;
2026/06/16;1700 UTC;,4;968,6;969,2;968;;14,6;5,7;15,6;13,4;7,7;3,3;68;42;55;277;2,9;1,4;
2026/06/16;1800 UTC;0;967,9;968;967,8;;15,5;4,8;15,8;15,2;6,4;3,8;55;41;46;258;3;1,8;
2026/06/16;1900 UTC;0;967,8;968;967,6;;16;5;16,3;15,6;6,1;3,7;50;38;45;272;2,9;1,6;
2026/06/16;2000 UTC;0;967,7;967,8;967,6;;15,6;7,6;16,7;14,2;9,5;5,5;75;48;60;184;1,7;,7;
2026/06/16;2100 UTC;0;968;968,3;967,8;;12,5;9,2;14,1;11,1;9,5;8,9;91;76;84;165;1,2;,5;
2026/06/16;2200 UTC;0;968,6;968,8;968,3;;10,9;8,9;11,2;10,5;9,3;8,6;92;88;90;114;1,5;1,1;
2026/06/16;2300 UTC;0;969;969,3;968,8;;10,4;9,1;10,6;10,2;9,5;8,5;96;90;94;42;1,2;1;
2026/06/17;0000 UTC;0;969,5;969,6;969,4;;10,5;8,2;11;9,9;9,4;7;96;82;89;317;1,5;,9;
2026/06/17;0100 UTC;0;969,6;969,6;969,6;;9,3;4,9;9,3;9,3;4,9;4,8;78;78;78;85;2,1;1;
2026/06/17;0200 UTC;0;969,9;970;969,8;;9,4;4,4;9,7;9;4,6;4,1;78;73;75;288;2,8;2;
2026/06/17;0300 UTC;;;;;;;;;;;;;;;;;;
2026/06/17;0400 UTC;0;970,2;970,3;970,2;;6,6;5,5;7,6;6,1;5,8;5,1;98;89;95;70;1,4;1;
2026/06/17;0500 UTC;0;970,6;970,6;970,5;;6,2;4,3;6,3;6;4,8;4;94;89;91;55;1,5;,7;
2026/06/17;0600 UTC;0;970,6;970,6;970,5;;6,1;4,3;6,7;5,2;4,7;3,7;97;85;91;84;1,7;1,4;
2026/06/17;0700 UTC;0;970,5;970,6;970,4;;5,4;5;5,8;5;5,4;4,5;100;96;98;75;1,6;1,2;
2026/06/17;0800 UTC;0;970,5;970,6;970,4;;5,5;5;5,7;5,3;5,3;4,8;99;96;98;46;1,6;,9;
2026/06/17;0900 UTC;0;970,7;970,9;970,5;;5;4,7;5,4;4,6;5,2;4,3;100;97;99;271;1,1;,8;
2026/06/17;1000 UTC;0;971,7;971,9;971,5;;3,3;3,4;4,1;2,3;4,1;2,4;100;100;100;126;2,4;1,8;
2026/06/17;1100 UTC;0;972;972,1;971,8;;2;2,1;3,6;1,6;3,7;1,6;100;100;100;44;2,5;1,6;
2026/06/17;1200 UTC;0;972,2;972,5;972;;5,5;5,5;7;3,7;6,4;3,7;100;96;100;103;2;1;
2026/06/17;1300 UTC;0;972,6;972,8;972,4;;8,6;6,3;10,5;7;7,2;5,7;96;81;89;33;2,3;1,5;
2026/06/17;1400 UTC;;;;;;;;;;;;;;;;;;
2026/06/17;1500 UTC;0;972,4;972,6;972,2;;14,7;6,3;15,4;13,9;7,6;5,5;67;52;58;132;2,1;1,1;
2026/06/17;1600 UTC;0;971,9;972,2;971,6;;15,9;6,9;16,5;15,1;7,8;6,3;60;51;55;150;1,9;,7;
2026/06/17;1700 UTC;0;971,2;971,5;970,9;;16,7;8;17;16,3;9,1;7;62;52;57;169;3;1,5;
2026/06/17;1800 UTC;0;970,7;970,9;970,6;;16,7;8,4;17,1;16,3;9,3;7,8;63;56;58;159;3;1,3;
2026/06/17;1900 UTC;0;970,7;970,8;970,6;;16,7;8,9;17;16,3;9,6;8,1;66;56;61;164;2,3;1;
2026/06/17;2000 UTC;0;970,8;971;970,6;;15,7;9,1;16,4;15;9,5;8,8;70;63;67;222;2,4;1,8;
2026/06/17;2100 UTC;;;;;;;;;;;;;;;;;;
2026/06/17;2200 UTC;0;971,7;971,9;971,5;;12,4;8,6;12,6;12,3;8,7;8,4;81;79;81;193;2,8;1,1;
2026/06/17;2300 UTC;0;971,9;972,1;971,8;;12,2;8,9;12,4;11,9;9,5;8,3;88;80;84;183;1,9;,9;
2026/06/18;0000 UTC;0;972,1;972,1;972;;12,1;9,5;12,3;11,9;9,7;9,4;88;86;87;185;2,2;1;
2026/06/18;0100 UTC;0;972,1;972,2;972;;11,7;8,7;12,3;10,9;9,8;7,9;88;81;85;158;2;1,3;
2026/06/18;0200 UTC;0;971,9;972;971,9;;9,6;8,7;9,9;9,4;8,9;8,6;96;94;95;103;3,6;2,3;
2026/06/18;0300 UTC;;;;;;;;;;;;;;;;;;
2026/06/18;0400 UTC;0;971,2;971,2;971,1;;8,2;7,5;8,3;8,1;7,5;7,4;97;96;96;71;4,5;3,1;
2026/06/18;0500 UTC;0;970,7;970,7;970,7;;7,7;6,8;7,7;7,7;6,9;6,7;96;95;95;65;3,5;2,5;
2026/06/18;0600 UTC;0;970,4;970,6;970;;7,6;6,3;7,8;7,5;6,7;6;96;91;93;76;5;3,6;
2026/06/18;0700 UTC;;;;;;;;;;;;;;;;;;
2026/06/18;0800 UTC;0;969,9;969,9;969,8;;6,3;5,1;6,3;6,3;5,1;5,1;94;94;94;61;2,8;2,1;
2026/06/18;0900 UTC;0;969,8;969,9;969,6;;6,5;5;6,7;6,3;5,2;4,8;94;91;92;65;3,6;2,2;
2026/06/18;1000 UTC;0;970,2;970,6;969,9;;6,5;4,8;6,6;6,3;4,9;4,7;93;91;92;65;4;2,4;
2026/06/18;1100 UTC;0;970,7;970,8;970,5;;6,5;4,9;6,7;6,3;5;4,8;93;91;92;70;5,7;4,1;
2026/06/18;1200 UTC;0;970,7;970,8;970,6;;7,7;5,1;8,1;7,4;5,5;4,7;89;85;87;66;5,9;3,4;
2026/06/18;1300 UTC;0;970,6;970,8;970,4;;8,4;5,9;9;8,1;6,3;5,3;89;85;87;73;6,3;4,2;
2026/06/18;1400 UTC;0;970,1;970,5;969,6;;10,1;6,5;12,3;9;7,8;5,8;86;74;82;59;6,4;3,4;
2026/06/18;1500 UTC;0;969,2;969,6;968,6;;14,1;8,2;15,3;12,3;9,1;7;76;66;70;75;6,3;4,5;
2026/06/18;1600 UTC;0;968,2;968,6;967,7;;16,7;9;18,1;15,3;9,9;8,4;68;55;62;49;6,3;3;
2026/06/18;1700 UTC;0;967;967,6;966,7;;18,7;9,4;19,1;18,2;9,9;8,9;56;51;53;44;5,6;3,1;
2026/06/18;1800 UTC;0;966,4;966,8;966;;18,7;9,3;19,4;17,9;10,3;8,7;58;48;53;63;6,2;3,1;
2026/06/18;1900 UTC;0;966,1;966,2;965,9;;18;9,4;18,4;17,7;10;8,8;60;54;57;67;6,2;3,2;
2026/06/18;2000 UTC;0;966,1;966,3;965,9;;16,9;9,1;17,8;16,1;9,9;8,4;65;56;61;49;5,9;2,8;
2026/06/18;2100 UTC;0;965,1;965,2;965;;15,1;8,7;15,1;15,1;8,8;8,7;69;68;68;61;5,9;3,5;
2026/06/18;2200 UTC;0;964,8;965,1;964,3;;14,9;8,8;15,2;14,6;8,9;8,7;71;68;69;51;7,5;3,7;
2026/06/18;2300 UTC;0;964,6;964,8;964,4;;0;0;;;;;74;70;72;60;5,3;3;
2026/06/19;0000 UTC;0;964,3;964,8;963,5;;13,7;8,4;14;13,4;8,9;7,8;76;71;73;65;7,6;4,3;
2026/06/19;0100 UTC;0;963,2;963,6;962,7;;13,9;7,1;14,4;13,4;7,7;6,8;72;63;66;52;9,3;4,6;
2026/06/19;0200 UTC;0;962,7;963,1;962,3;;14,2;7,3;14,4;13,9;7,5;7,1;68;64;65;52;7,8;4;
2026/06/19;0300 UTC;0;962,6;963;962,2;;13,8;7,5;14;13,4;7,6;7,3;71;67;68;59;5,2;2,8;
2026/06/19;0400 UTC;0;963;963,7;962,2;;14;7,6;14,2;13,3;7,7;7,4;71;67;68;44;11,9;5,9;
2026/06/19;0500 UTC;0;962,3;962,4;962,3;;14,1;7,7;14,1;14,1;7,7;7,6;68;68;68;41;8,8;5,8;
2026/06/19;0600 UTC;0;962,2;962,4;961,9;;13,9;7,7;14,1;13,8;7,7;7,5;69;68;69;50;7;3,6;
2026/06/19;0700 UTC;0;963,9;964,9;962;;13,6;7,7;14;13,1;8;7,4;74;67;71;183;4;1,7;
2026/06/19;0800 UTC;0;965;965,3;964,5;;12,9;7,9;13,2;12,7;8,3;7,7;78;73;75;223;3,4;1,8;
2026/06/19;0900 UTC;0;965,8;966,4;965,2;;12,3;8,9;12,9;11,6;10,4;7,8;94;74;83;212;5,2;2,1;
2026/06/19;1000 UTC;2,2;966,2;966,7;965,9;;11,5;10,8;11,6;11,3;11,2;10,4;99;94;97;89;2,3;1,6;
2026/06/19;1100 UTC;4,3;966,3;966,4;966;;11,2;11,2;11,3;11,2;11,3;11,2;100;99;100;48;2,6;1,5;
2026/06/19;1200 UTC;6,5;965,9;966,5;964,9;;11,3;11,3;11,3;11,2;11,4;11,3;100;100;100;38;10,8;6,4;
2026/06/19;1300 UTC;1,2;964;965;963;;11,5;11,4;11,8;11,3;11,6;11,4;100;98;99;38;9,1;5,6;
2026/06/19;1400 UTC;,2;;;;;12,2;;;;;;;;;;;;
2026/06/19;1500 UTC;0;965,2;965,4;965,1;336,1;12,8;11,4;12,9;12,8;11,9;11,2;96;92;93;11;5,7;2,9;
2026/06/19;1600 UTC;0;964,2;964,3;964,2;376,3;13,3;11,7;13,3;13,3;11,8;11,6;92;91;92;7;6,1;3,2;
2026/06/19;1700 UTC;0;964;964,1;964;319,7;13,6;12,1;13,6;13,6;12,3;12;93;92;93;337;5,9;2,8;
2026/06/19;1800 UTC;0;964,5;964,5;964,4;130,4;13,4;12,8;13,5;13,4;12,8;12,7;97;96;97;316;6,9;3,9;
2026/06/19;1900 UTC;,2;964;964,1;963,9;79,1;13,6;13,7;13,6;13,6;13,7;13,7;100;100;100;304;3,7;2;
2026/06/19;2000 UTC;0;964,6;964,6;964,5;39,8;13,8;13,8;13,8;13,8;13,8;13,8;100;100;100;281;4,2;2,7;
2026/06/19;2100 UTC;0;964,6;964,8;964,3;3,9;13,7;13,8;13,8;13,7;13,8;13,7;100;100;100;292;5;2,8;
2026/06/19;2200 UTC;;;;;;;;;;;;;;;;;;
2026/06/19;2300 UTC;,2;965,6;965,7;965,5;0;13,3;13,3;13,4;13,2;13,4;13,2;100;100;100;237;4;2;
2026/06/20;0000 UTC;0;966,3;966,4;966,3;0;11,3;11,4;11,3;11,3;11,4;11,4;100;100;100;223;6,3;3,4;
2026/06/20;0100 UTC;0;966,2;966,4;966;0;11,1;11,2;11,3;10,8;11,4;10,8;100;100;100;221;;3,1;
2026/06/20;0200 UTC;0;966,6;966,7;966,6;0;10,2;10;10,2;10,2;10,1;10;99;99;99;220;5,4;2,6;
2026/06/20;0300 UTC;;;;;;;;;;;;;;;;;;
2026/06/20;0400 UTC;0;967,1;967,2;967;0;10;10;10,1;9,9;10;10;100;100;100;209;4,4;2;
2026/06/20;0500 UTC;0;967;967,2;966,8;0;9,3;9,4;9,9;9,2;10;9,2;100;100;100;202;6,4;1,3;
2026/06/20;0600 UTC;0;966,6;966,8;966,3;0;9,2;9,3;9,3;9,2;9,3;9,2;100;100;100;199;3,8;1,1;
2026/06/20;0700 UTC;0;966,3;966,5;966,1;0;9,1;8,9;9,2;9;9,2;8,6;100;98;99;208;;1;
2026/06/20;0800 UTC;0;966;966,3;965,7;0;9;8,6;9;8,9;8,8;8,4;99;97;98;218;;,7;
2026/06/20;0900 UTC;0;965,5;965,7;965,4;0;8,8;8,1;8,9;8,8;8,8;7,6;99;94;96;154;2,5;1;
2026/06/20;1000 UTC;0;965,6;965,8;965,5;0;8,8;7,6;8,8;8,7;8;7,2;96;92;94;128;2,3;,6;
2026/06/20;1100 UTC;0;966;966,1;965,9;5,3;8,7;8,2;8,8;8,7;8,5;7;99;92;97;104;1,6;,6;
2026/06/20;1200 UTC;;;;;;;;;;;;;;;;;;
2026/06/20;1300 UTC;;;;;;;;;;;;;;;;;;
2026/06/20;1400 UTC;;;;;;;;;;;;;;;;;;
2026/06/20;1500 UTC;0;964,9;964,9;964,9;505;9,8;7,5;9,8;9,8;7,7;7,3;89;88;88;215;2,7;1,3;
2026/06/20;1600 UTC;0;964,5;964,8;964,3;585,8;10,2;8;10,4;10;8,6;7,5;91;87;89;62;1,9;,5;
2026/06/20;1700 UTC;0;963,7;963,8;963,7;752,7;10,4;8,4;10,4;10,4;8,6;8,3;91;89;90;281;1,4;1;
2026/06/20;1800 UTC;0;963,7;963,7;963,6;323,8;10,2;9,1;10,3;10,2;9,2;9;95;94;94;274;1,3;,8;
2026/06/20;1900 UTC;0;963,2;963,2;963,1;408,8;10,9;8,7;10,9;10,8;8,8;8,5;90;88;89;9;4,2;2;
2026/06/20;2000 UTC;0;962,9;963;962,8;166;10,7;8,5;10,8;10,6;8,6;8,3;89;88;89;311;2,2;1,5;
2026/06/20;2100 UTC;0;963,2;963,2;963,1;0;9,3;8,3;9,3;9,2;8,4;8,2;96;95;95;253;1,3;,9;
2026/06/20;2200 UTC;0;963,6;963,8;963,2;0;8,9;8,1;9,2;8,6;8,4;7,7;98;94;96;236;;1;
2026/06/20;2300 UTC;0;964;964,2;963,7;0;9,1;8,5;9,4;8,7;8,8;8,2;98;95;97;211;1,6;1,1;
2026/06/21;0000 UTC;;;;;;;;;;;;;;;;;;
2026/06/21;0100 UTC;0;964,3;964,3;964,2;0;9,6;9,5;9,6;9,6;9,5;9,5;99;99;99;257;1,1;1;
2026/06/21;0200 UTC;0;964,2;964,4;964;0;9,6;9,1;9,7;9,5;9,6;8,7;100;95;97;226;2,9;1,5;
2026/06/21;0300 UTC;0;964,3;964,4;964,1;0;9,5;9,2;9,7;9,4;9,4;8,8;99;96;99;199;;,5;
2026/06/21;0400 UTC;0;964,2;964,3;964;0;9,4;9,3;9,5;9,4;9,4;9,1;100;98;99;265;;,3;
2026/06/21;0500 UTC;0;963,7;964;963,6;0;9,3;9;9,5;9,2;9,3;8,7;99;98;98;36;3,3;2;
2026/06/21;0600 UTC;0;963,4;963,7;963;0;9,1;8,6;9,4;8,4;8,9;7,8;98;96;97;53;;1,6;
2026/06/21;0700 UTC;;;;;;;;;;;;;;;;;;
2026/06/21;0800 UTC;0;963,6;963,8;963,1;0;8,5;8,6;8,7;8,2;8,8;8,2;100;100;100;3;;,6;
2026/06/21;0900 UTC;0;963,5;963,6;963,3;0;7,9;8,3;8,3;2,7;8,4;8,3;100;100;100;74;2,9;1,9;
2026/06/21;1000 UTC;;;;;;;;;;;;;;;;;;
2026/06/21;1100 UTC;0;964,2;964,2;964,2;100,6;9;9;9;8,9;9,1;9;100;100;100;71;2,1;1,3;
2026/06/21;1200 UTC;0;964,6;964,6;964,6;340,3;9,7;9,8;9,9;9,6;9,9;9,7;100;100;100;72;2,3;1,1;
2026/06/21;1300 UTC;0;965,2;965,2;965,2;530,2;10,7;10,7;10,7;10,6;10,7;10,6;100;100;100;30;2,8;1,3;
2026/06/21;1400 UTC;0;964,8;964,9;964,7;909,2;12,3;10,7;12,4;12,3;11,1;10,5;94;91;92;45;4,7;3;
2026/06/21;1500 UTC;;;;;;;;;;;;;;;;;;
2026/06/21;1600 UTC;0;962,3;962,3;962,3;2309,7;16;10,3;16,1;15,9;10,7;9,9;74;69;72;1;7,4;3,9;
2026/06/21;1700 UTC;0;961,9;961,9;961,8;1761,9;16,3;10;16,5;16,2;10,6;9,5;71;66;68;321;6,8;4,1;
2026/06/21;1800 UTC;0;961,5;961,5;961,4;1688,8;17,5;9,5;17,6;17,4;9,6;9,4;61;59;60;301;5;2,9;
2026/06/21;1900 UTC;0;961,1;961,2;961,1;1065,8;17,2;9,1;17,3;17,1;9,3;8,9;61;58;60;278;5,2;3,1;
2026/06/21;2000 UTC;0;961,6;961,6;961,6;357;15,7;9,5;15,8;15,6;9,7;9,3;70;68;69;260;4,3;2,2;
2026/06/21;2100 UTC;0;961,9;961,9;961,8;0;13,2;9,2;13,5;13;9,2;9;81;78;80;205;2,4;1,3;
2026/06/21;2200 UTC;0;961,6;961,8;961,3;0;12,5;8,9;12,9;11,8;9,5;8,7;85;80;82;157;3,1;1,5;
2026/06/21;2300 UTC;0;961,9;962,1;961,7;0;12;10;12,6;11,5;10,3;9;94;83;90;183;3,3;1,1;
2026/06/22;0000 UTC;0;961,3;961,9;960,7;0;10,8;10;11,5;10,5;10,3;9,8;98;94;96;88;4,2;2,6;
2026/06/22;0100 UTC;0;961,7;961,9;961,3;0;10,8;9,5;10,9;10,6;9,8;9,3;95;92;94;94;;3;
2026/06/22;0200 UTC;0;961,5;961,8;961,3;0;10,5;9,6;11;10,2;9,8;9,5;98;93;96;146;3,8;1;
2026/06/22;0300 UTC;0;;;;0;11,5;9,8;;9,9;10;9,7;99;97;98;93;;3,6;
2026/06/22;0400 UTC;0;960,8;960,8;960,7;0;10,5;10,3;10,5;10,5;10,3;10,3;99;99;99;116;3,4;2,1;
2026/06/22;0500 UTC;0;946,3;960,7;;0;10,7;10,2;10,9;10,5;10,3;10,1;99;97;98;92;;2,6;
2026/06/22;0600 UTC;,2;961,1;961,5;960,4;0;11,1;10,5;11,2;10,9;10,9;10,1;99;95;97;186;4,9;1,7;
2026/06/22;0700 UTC;;;;;;;;;;;;;;;;;;
2026/06/22;0800 UTC;0;958,8;959,4;958,3;0;11,3;11,1;11,5;11,2;11,3;11;100;99;99;131;4,5;1,8;
2026/06/22;0900 UTC;1,4;958,5;959,5;957,7;0;11,3;11,2;11,4;11,2;11,4;11,1;100;99;100;224;5,1;2,3;
2026/06/22;1000 UTC;;;;;;;;;;;;;;;;;;
2026/06/22;1100 UTC;;;;;;;;;;;;;;;;;;
2026/06/22;1200 UTC;;;;;;;;;;;;;;;;;;
2026/06/22;1300 UTC;;;;;;;;;;;;;;;;;;
2026/06/22;1400 UTC;0;959,5;959,6;959,4;139,3;11,8;11,9;11,8;11,8;11,9;11,9;100;100;100;224;2,7;1,6;
2026/06/22;1500 UTC;0;959,4;959,4;959,3;148,9;11,3;11,4;11,3;11,3;11,4;11,4;100;100;100;221;4,5;2,6;
2026/06/22;1600 UTC;;;;;;;;;;;;;;;;;;
2026/06/22;1700 UTC;0;959,4;959,5;959,2;204,9;11,5;11,5;11,6;11,4;11,7;11,4;100;100;100;232;5,6;1,8;
2026/06/22;1800 UTC;0;959,8;959,8;959,7;304,7;11,8;11,6;11,8;11,7;11,7;11,4;99;98;99;233;5,9;2,8;
2026/06/22;1900 UTC;0;960,9;960,9;960,8;132,5;11,2;10,8;11,2;11,2;10,9;10,8;98;98;98;224;3,8;2,2;
2026/06/22;2000 UTC;0;962;962;961,9;13,4;10,1;10;10,1;10,1;10;10;99;99;99;229;6,4;3,6;
2026/06/22;2100 UTC;0;963,2;963,2;963,2;0;8,8;8;8,8;8,8;8,1;8;97;96;96;229;5,8;3,2;
2026/06/22;2200 UTC;0;964;964,1;964;0;9;8,5;9;8,9;8,5;8,5;98;98;98;227;3,1;1,6;
2026/06/22;2300 UTC;0;964,5;964,9;964,1;0;8,7;8,2;8,9;8,5;8,5;7,9;99;96;98;235;3,9;1,3;
2026/06/23;0000 UTC;0;965,7;965,7;965,5;0;8,1;7,2;8,2;7,9;7,4;7;97;94;95;223;;2,1;
2026/06/23;0100 UTC;;;;;;;;;;;;;;;;;;
2026/06/23;0200 UTC;0;966;966,1;966;0;7,5;6,7;7,6;7,4;6,7;6,6;96;95;96;224;3,3;1,4;
2026/06/23;0300 UTC;0;966;966,2;965,8;0;7,1;6,5;7,4;6,7;6,8;6,1;98;96;97;231;;1;
2026/06/23;0400 UTC;0;966;966,3;965,7;0;6,3;6,1;6,6;6,1;6,5;5,7;100;97;99;274;2,1;1;
2026/06/23;0500 UTC;0;966,2;966,3;966,1;0;6;1,2;6,1;5,9;6,1;6,1;100;100;100;274;1,4;;
2026/06/23;0600 UTC;;;;;;;;;;;;;;;;;;
2026/06/23;0700 UTC;;;;;;;;;;;;;;;;;;
2026/06/23;0800 UTC;0;967,1;967,4;966,9;0;5;4,9;5,2;4,8;5;4,8;100;98;99;292;;2;
2026/06/23;0900 UTC;0;967;967,1;966,8;0;5,2;4,6;5,4;4,8;4,8;4,4;98;96;97;274;;1,5;
2026/06/23;1000 UTC;0;966,7;966,9;966,5;0;4,4;4,2;5;4;4,7;3,8;100;97;99;242;2,9;1,3;
2026/06/23;1100 UTC;0;967,5;967,9;967,1;0;4,1;4;4,5;3,6;4,5;3,7;100;99;100;264;;2;
2026/06/23;1200 UTC;0;968,2;968,3;968,2;1008,9;6,1;5,1;6,2;6;5,2;4,9;96;94;95;275;3,6;2,3;
2026/06/23;1300 UTC;0;968,8;968,8;968,7;1456,7;7,9;5,6;8,1;7,9;5,9;5,3;90;87;88;278;4,3;2,7;
2026/06/23;1400 UTC;0;968,8;968,8;968,8;1654,3;9;4,2;9,1;8,9;4,7;3,9;79;74;76;245;5,2;2,3;
2026/06/23;1500 UTC;0;968,5;968,7;968,4;2101,8;10;2,8;10,3;9,5;3,8;2;68;61;64;268;7,6;4,2;
2026/06/23;1600 UTC;0;967,6;967,7;967,5;2480,3;10,7;2,5;10,9;10,4;3,1;2;61;58;59;242;5,2;2,9;
2026/06/23;1700 UTC;0;966,7;966,8;966,6;536,2;9,8;1,5;9,9;9,6;1,7;1,4;60;57;59;264;5,9;3,5;
2026/06/23;1800 UTC;0;966,6;966,6;966,6;2150,9;10,6;1,6;11,2;10,1;2,4;1,1;57;52;55;272;6,9;4;
2026/06/23;1900 UTC;0;966,6;966,7;966,6;1247,8;10,9;2,2;11;10,9;2,5;1,8;58;55;56;250;6,1;3,3;
2026/06/23;2000 UTC;0;966,7;966,7;966,7;238,6;9,7;2,1;9,9;9,5;2,2;2;63;60;62;270;5,5;3,7;
2026/06/23;2100 UTC;0;967,5;967,5;967,4;0;7,4;2,1;7,5;7,4;2,2;2;74;73;73;283;3,1;1,8;
2026/06/23;2200 UTC;0;967,8;968;967,5;0;7;2,3;7,5;6,5;2,6;2;80;73;77;282;;2,3;
2026/06/23;2300 UTC;0;952,1;968,3;;0;5,6;2,3;6,7;1,3;2,8;1,3;86;;82;273;;1,2;
2026/06/24;0000 UTC;0;968,5;968,6;968,4;0;5,3;1,7;5,5;5,2;1,8;1,5;83;80;82;298;2,4;1,5;
2026/06/24;0100 UTC;0;968,8;968,9;968,6;0;5,3;1,5;5,4;5;1,6;1,3;83;80;81;293;3,2;1,8;
2026/06/24;0200 UTC;0;969,3;969,4;969;0;4,7;1,5;4,9;4,4;1,6;1,4;85;83;84;296;;2;
2026/06/24;0300 UTC;0;969,5;969,6;969,4;0;4,3;1,3;4,5;4,1;1,4;1,2;86;84;85;301;;2,2;
2026/06/24;0400 UTC;0;969,4;969,5;969,4;0;4,4;1,1;4,4;4,2;1,1;1;84;83;84;294;3,1;1,9;
2026/06/24;0500 UTC;0;969,6;969,7;969,5;0;3,8;,9;3,9;3,6;1;,8;87;84;85;297;2,6;1,8;
2026/06/24;0600 UTC;;;;;;;;;;;;;;;;;;
2026/06/24;0700 UTC;;;;;;;;;;;;;;;;;;
2026/06/24;0800 UTC;;;;;;;;;;;;;;;;;;
2026/06/24;0900 UTC;0;968,4;968,5;968,3;0;3,9;,8;4;3,8;1,2;,5;86;83;84;321;2,7;1,1;
2026/06/24;1000 UTC;0;968,8;968,9;968,7;0;3,9;,3;3,9;3,8;,4;,3;83;82;82;309;2,6;1;
2026/06/24;1100 UTC;0;969,5;969,6;969,5;221,3;3,4;,6;3,5;3,3;,6;,5;86;86;86;283;2,8;1,2;
2026/06/24;1200 UTC;0;969,7;969,8;969,7;897,1;5,5;,9;5,5;5,5;1,1;,7;78;76;77;311;5,8;3,9;
2026/06/24;1300 UTC;;;;;;;;;;;;;;;;;;
2026/06/24;1400 UTC;0;969,6;969,6;969,4;2017,6;9,5;2,5;9,6;9,4;2,6;2,4;66;64;65;291;7,8;5;
2026/06/24;1500 UTC;0;969,5;969,7;969,2;2189,6;10,3;2,5;10,8;9,8;3,2;1,7;67;57;61;282;10,3;5;
2026/06/24;1600 UTC;0;968,1;968,2;968;2308,8;11,5;2,7;11,6;11,4;2,9;2,3;58;54;56;270;6,1;4,3;
2026/06/24;1700 UTC;;;;;;;;;;;;;;;;;;
2026/06/24;1800 UTC;0;966,5;966,7;966,4;1860,8;12,4;2,5;12,7;12,2;3,4;1,5;54;46;50;276;6,3;3;
2026/06/24;1900 UTC;0;966,7;966,8;966,7;1142,3;12,4;2;12,5;12,4;2,1;1,8;48;47;48;256;5,7;3,1;
2026/06/24;2000 UTC;0;967,2;967,2;967,1;334;11,1;1,8;11,2;11;1,9;1,6;54;52;53;271;5,8;3,4;
2026/06/24;2100 UTC;0;967,7;967,8;967,7;0;8,5;1,9;8,6;8,3;1,9;1,8;68;66;67;273;3,2;2;
2026/06/24;2200 UTC;;;;;;;;;;;;;;;;;;
2026/06/24;2300 UTC;0;968,7;969,1;968,4;0;7,6;1,5;8;7,4;1,7;1,3;71;69;33;285;;1,4;
2026/06/25;0000 UTC;0;969,1;969,3;968,9;0;7,8;1,4;8,2;7,4;1,6;1,2;70;65;68;339;2,7;1,5;
2026/06/25;0100 UTC;0;969,1;969,4;968,8;0;7,9;1,2;8,2;7,4;1,3;1,1;70;65;66;322;3,9;1,9;
2026/06/25;0200 UTC;0;969,6;969,7;969,5;0;7,8;1,4;8,1;7,5;1,4;1,3;69;66;68;344;4,7;2,5;
2026/06/25;0300 UTC;0;969,8;969,9;969,8;0;7,4;,8;7,5;7,3;,9;,7;68;67;67;312;3,4;2;
2026/06/25;0400 UTC;;;;;;;;;;;;;;;;;;
2026/06/25;0500 UTC;0;970,3;970,5;970,1;0;4,9;1;6,3;3,3;1,4;,8;91;73;81;66;3,7;1,4;
2026/06/25;0600 UTC;0;971,3;971,4;971,2;0;4,2;1;4,3;4,1;1;,8;84;83;84;27;2,7;1,6;
2026/06/25;0700 UTC;;;;;;;;;;;;;;;;;;
2026/06/25;0800 UTC;;;;;;;;;;;;;;;;;;
2026/06/25;0900 UTC;0;971,5;971,6;971,1;0;3,2;2,1;3,7;2,8;2,3;1,7;97;92;94;89;;1;
2026/06/25;1000 UTC;;;;;;;;;;;;;;;;;;
2026/06/25;1100 UTC;0;973;973,2;972,8;164,6;2,5;1,6;2,8;2,4;1,8;1,4;96;94;95;155;2,8;1;
2026/06/25;1200 UTC;0;973,5;973,6;973,5;926,1;5,8;2,1;6;5,5;2,3;1,9;82;81;82;82;2,5;1,6;
2026/06/25;1300 UTC;0;974;974;973,9;709,2;8;2,8;8,2;7,7;3,2;2,6;75;74;74;36;2,5;1,8;
2026/06/25;1400 UTC;;;;;;;;;;;;;;;;;;
2026/06/25;1500 UTC;0;973,3;973,5;973,1;1644,2;10,6;4,8;10,8;10,6;4,9;4,7;72;70;71;113;1,9;1,1;
2026/06/25;1600 UTC;0;973,5;973,6;973,4;1314,4;11,9;4,2;12;11,8;4,7;3,5;64;58;61;273;2,2;1,5;
2026/06/25;1700 UTC;0;972,3;972,5;972,1;751,5;11,8;4,3;11,9;11,8;4,5;4,1;63;61;62;273;1,2;,7;
2026/06/25;1800 UTC;0;971,9;971,9;971,9;1012,9;12,6;3,1;12,7;12,6;3,7;2,8;55;51;52;293;1,8;1,2;
2026/06/25;1900 UTC;0;971,2;971,3;971,2;702,3;12,6;2,5;12,8;12,5;2,8;2,3;51;48;49;116;,9;,5;
2026/06/25;2000 UTC;0;971,3;971,4;971,3;325;12,1;3,5;12,1;12;3,8;3,1;59;55;57;340;1,1;,7;
2026/06/25;2100 UTC;0;971,6;971,6;971,6;0;9,7;3,2;9,7;9,6;3,3;3,2;68;68;68;114;,9;,6;
2026/06/25;2200 UTC;;;;;;;;;;;;;;;;;;
2026/06/25;2300 UTC;;;;;;;;;;;;;;;;;;
2026/06/26;0000 UTC;0;973,1;973,2;973;0;8,1;2,3;8,4;7,8;2,5;2,1;72;69;71;166;1,6;,9;
2026/06/26;0100 UTC;0;972,9;973;972,9;0;8,4;2,9;8,6;8,2;3;2,8;74;71;73;153;1,5;,9;
2026/06/26;0200 UTC;0;972,7;972,8;972,6;0;6,3;3,4;6,8;6,1;3,6;3,2;87;82;85;61;1,7;1;
2026/06/26;0300 UTC;;;;;;;;;;;;;;;;;;
2026/06/26;0400 UTC;;;;;;;;;;;;;;;;;;
2026/06/26;0500 UTC;0;972,4;972,5;972,3;0;5,2;3;5,4;5;3,1;2,8;90;88;89;100;2;1,4;
2026/06/26;0600 UTC;0;971,9;972,3;971,6;0;3,8;2,9;4,9;3,1;3,1;2,6;99;89;96;64;2,3;1,4;
2026/06/26;0700 UTC;0;972;972,5;971,4;0;3,6;2,7;4,5;3,1;2,9;2,5;98;90;95;52;2,8;1,3;
2026/06/26;0800 UTC;0;971,4;971,4;971,3;0;2,5;2;2,7;2,2;2,2;1,7;98;97;97;97;2,3;1,8;
2026/06/26;0900 UTC;0;971,3;971,5;971,3;0;1,6;1,5;2,1;1,2;1,9;1;100;98;99;79;2,9;2,2;
2026/06/26;1000 UTC;0;971,8;972;971,6;0;1,5;1,1;1,7;1,3;1,6;,8;99;97;98;67;;1,8;
2026/06/26;1100 UTC;0;972,3;972,4;972,3;143,7;1,5;1,2;1,7;1,5;1,4;1;99;97;98;81;2,6;1,8;
2026/06/26;1200 UTC;0;972,8;972,8;972,7;1173,7;5,3;2,3;5,3;5,2;2,6;2,1;86;84;85;72;2,9;1,8;
2026/06/26;1300 UTC;0;972,8;972,8;972,7;1744,5;7,5;3,7;7,9;6,9;3,9;3,3;85;79;81;73;4,1;2,9;
2026/06/26;1400 UTC;0;972,6;972,6;972,5;2034,7;11,7;5,8;11,9;11,4;6,1;5,4;74;69;71;44;3,5;2,1;
2026/06/26;1500 UTC;0;971,8;971,9;971,7;2309,1;14,5;7,1;14,6;14,4;7,3;6,8;64;62;63;74;3,2;1,8;
2026/06/26;1600 UTC;0;970,8;970,8;970,8;2347,3;16,8;7,4;16,9;16,7;7,5;7,3;54;52;53;20;4,3;2,6;
2026/06/26;1700 UTC;0;970;970,3;969,8;2194,3;17,6;6,8;18;17;7,6;6,1;51;43;46;29;4,3;2,5;
2026/06/26;1800 UTC;0;969,2;969,3;969,2;1705,1;18;6,7;18,2;17,9;7;6,2;44;41;43;24;5;2,5;
2026/06/26;1900 UTC;0;969;969;969;1077,7;18,1;6,4;18,1;18,1;6,7;6,2;43;40;41;38;3,6;2,1;
2026/06/26;2000 UTC;0;969,3;969,3;969,3;379,9;17,1;6,6;17,2;17;6,9;6,4;48;46;47;21;1,6;,9;
2026/06/26;2100 UTC;0;969,8;969,9;969,8;0;13,8;5,5;14;13,7;5,8;5,4;59;58;58;25;,7;,4;
2026/06/26;2200 UTC;0;970;970,2;969,8;0;13,2;5,1;13,7;12,7;5,6;4,8;63;57;60;45;3,5;2,3;
2026/06/26;2300 UTC;0;970,4;970,6;970,2;0;12,3;5,8;13,1;11,9;5,9;5,6;69;63;67;42;;2,7;
2026/06/27;0000 UTC;0;970,5;970,7;970,4;0;12;5,7;12,2;11,6;5,9;5,3;69;68;68;30;5,1;3,3;
2026/06/27;0100 UTC;0;970,6;970,7;970,5;0;10,9;5,3;11,6;9,8;5,3;5,2;77;68;72;59;5,6;2,2;
2026/06/27;0200 UTC;;;;;;;;;;;;;;;;;;
2026/06/27;0300 UTC;;;;;;;;;;;;;;;;;;
2026/06/27;0400 UTC;;;;;;;;;;;;;;;;;;
2026/06/27;0500 UTC;0;970,8;970,8;970,7;0;6,2;5,2;6,4;6;5,4;5;96;94;95;73;3,9;3,1;
2026/06/27;0600 UTC;0;970,3;970,7;969,9;0;6,6;5;7,1;6,2;5,2;4,9;94;90;92;66;4,1;2,1;
2026/06/27;0700 UTC;0;;;;;;;;;;;;;;;;;
2026/06/27;0800 UTC;;;;;;;;;;;;;;;;;;
2026/06/27;0900 UTC;0;969,3;969,4;969,2;0;6,4;5,1;6,6;6,1;5,3;5;95;93;94;74;3,8;2,6;
2026/06/27;1000 UTC;0;969,9;969,9;969,9;0;6;4,8;6,2;5,9;4,9;4,7;95;93;94;72;2,9;2,1;
2026/06/27;1100 UTC;;;;;;;;;;;;;;;;;;
2026/06/27;1200 UTC;;;;;;;;;;;;;;;;;;
2026/06/27;1300 UTC;;;;;;;;;;;;;;;;;;
2026/06/27;1400 UTC;0;970,2;970,5;969,9;1493;14,3;9,7;16,2;12,1;10,6;8,4;83;71;77;72;5,1;2,2;
2026/06/27;1500 UTC;0;969,4;969,5;969,4;948,4;17,2;11,7;17,3;17,1;11,8;11,6;73;72;72;45;2,7;1,4;
2026/06/27;1600 UTC;0;968,4;968,5;968,4;410,2;17,5;12,6;17,6;17,5;12,9;12,4;77;74;76;17;3,3;1,9;
2026/06/27;1700 UTC;0;968,1;968,1;968,1;238,7;15,2;14;15,2;15,2;14,2;13,7;95;93;94;31;1,4;,8;
2026/06/27;1800 UTC;0;967,4;967,5;967,4;338,2;15,5;14;15,5;15,5;14;13,9;93;92;92;54;2,8;1,5;
2026/06/27;1900 UTC;,4;967;967,1;967;58,2;14,8;14,5;14,9;14,8;14,5;14,4;99;98;98;58;3,2;2,1;
2026/06/27;2000 UTC;0;966,8;966,9;966,8;122,3;15;14,6;15;14,9;14,6;14,6;98;98;98;88;3,4;2,5;
2026/06/27;2100 UTC;0;966,7;966,7;966,6;,1;14,5;14,6;14,5;14,5;14,6;14,5;100;100;100;65;2,5;1,6;
2026/06/27;2200 UTC;0;966,6;966,8;966,4;0;14,8;14,8;15,2;14,6;15;14,6;100;99;100;41;5,5;3,4;
2026/06/27;2300 UTC;0;966,5;966,7;966,3;0;14,8;14,7;15,3;14,3;15;14,4;100;98;100;77;5,4;2,6;
2026/06/28;0000 UTC;0;966,8;967;966,6;0;14,5;14,6;14,8;14,3;14,8;14,3;100;100;100;63;4,6;2,6;
2026/06/28;0100 UTC;;;;;;;;;;;;;;;;;;
2026/06/28;0200 UTC;;;;;;;;;;;;;;;;;;
2026/06/28;0300 UTC;;;;;;;;;;;;;;;;;;
2026/06/28;0400 UTC;0;964,2;964,5;964;0;15,5;15;15,5;15,4;15;15;98;97;98;21;10,5;6;
2026/06/28;0500 UTC;,2;965,6;966,3;964,6;0;15,3;15,1;15,4;15,3;15,2;15,1;99;99;99;352;7,7;4,5;
2026/06/28;0600 UTC;,8;963,9;964,5;963,1;0;15,5;15;15,7;15,3;15,1;14,9;99;96;97;21;9;4,7;
2026/06/28;0700 UTC;3,2;948,1;965,6;;0;15,8;14,9;16,5;15,5;15;14,6;97;91;95;20;;2,7;
2026/06/28;0800 UTC;6,3;964,9;965,6;964,3;0;15,5;15,2;15,9;15,3;15,2;15;99;96;99;30;;2,7;
2026/06/28;0900 UTC;2,8;963,9;964,5;963,5;0;15,5;14,9;15,9;15,3;15,2;14,7;99;94;97;28;13,1;7,1;
2026/06/28;1000 UTC;3,5;963,7;964,3;963,2;0;15,9;15;16;15,8;15,2;14,7;97;94;95;32;13,1;5,9;
2026/06/28;1100 UTC;1,4;964,5;964,8;964,1;,5;15,9;15,4;15,9;15,9;15,4;15,4;98;97;97;17;7,4;3,4;
2026/06/28;1200 UTC;,4;965,2;965,4;965;5;15,9;15,5;15,9;15,9;15,5;15,4;98;98;98;337;5,4;3,5;
2026/06/28;1300 UTC;,6;964,7;964,8;964,7;12,8;15,8;15,8;15,8;15,8;15,8;15,8;100;100;100;22;5,7;3,5;
2026/06/28;1400 UTC;,8;965,5;965,6;965,5;41,7;15,8;15,8;15,8;15,8;15,8;15,8;100;100;100;18;4,4;2,6;
2026/06/28;1500 UTC;,6;965,4;965,4;965,3;56,3;15,7;15,7;15,7;15,6;15,7;15,7;100;100;100;37;3,3;2,5;
2026/06/28;1600 UTC;;;;;;;;;;;;;;;;;;
2026/06/28;1700 UTC;5,3;965,6;965,7;965,4;45,9;15,6;15,6;15,7;15,6;15,6;15,6;100;100;100;341;6,2;3;
2026/06/28;1800 UTC;,4;965,1;965,2;965;49,8;15,3;15,4;15,3;15,3;15,4;15,4;100;100;100;357;4,5;2,8;
2026/06/28;1900 UTC;,2;962,8;964,1;961,6;91;15,1;14,9;15,2;15;15,2;14,8;100;98;99;345;12,4;2,8;
2026/06/28;2000 UTC;0;963,2;963,3;963,2;77,9;14,9;14,8;14,9;14,8;14,8;14,7;100;99;99;53;1,5;,8;
2026/06/28;2100 UTC;0;963,6;963,8;963,4;0;14,9;14,3;14,9;14,8;14,4;14,3;98;97;97;355;4;2;
2026/06/28;2200 UTC;0;964,1;964,8;963,6;0;15,1;14,3;15,3;14,8;14,4;14,2;98;95;96;298;5,7;2,7;
2026/06/28;2300 UTC;0;964,6;965;963,6;0;14,8;14,4;15;14,6;14,5;14,4;99;97;98;310;4,7;2;
2026/06/29;0000 UTC;0;965,2;965,7;964,6;0;14,7;14,6;14,9;14,6;14,8;14,4;100;99;99;288;5,8;2,9;
2026/06/29;0100 UTC;0;965,7;966;965,4;,2;14,8;14,7;15;14,1;15;14,1;100;99;100;222;7,2;4;
2026/06/29;0200 UTC;0;965,8;966,4;965,2;0;14;13,7;14,1;13,8;14,1;13,6;100;98;99;231;5,7;1,4;
2026/06/29;0300 UTC;0;966;966,1;965,9;0;13,7;13,2;13,8;13,6;13,6;13;99;96;97;225;;2,2;
2026/06/29;0400 UTC;0;966,3;966,5;966,1;0;13,3;12,4;13,5;13,2;12,7;11,9;97;93;96;229;4,6;2,4;
2026/06/29;0500 UTC;0;966,7;967,1;966,4;0;12,6;10,9;13,2;12,1;12;10,2;94;89;92;252;7,5;1,1;
2026/06/29;0600 UTC;0;966,9;967,1;966,7;0;11,8;10,4;12,1;11,4;11;9,9;98;91;93;255;2,4;1,4;
2026/06/29;0700 UTC;0;966,9;967;966,7;0;11,3;10,1;11,4;10,9;10,9;9,9;98;93;94;235;2,6;1,5;
2026/06/29;0800 UTC;0;966,9;967;966,7;0;10,4;9,5;10,9;9,9;9,8;9,4;98;94;96;249;;,5;
2026/06/29;0900 UTC;0;966,7;967;966,5;0;9,5;9,3;9,9;9,2;9,5;9,1;100;98;99;169;2,7;1,1;
2026/06/29;1000 UTC;0;967,5;967,8;967,1;0;9,3;9;9,7;9,1;9,3;8,6;99;97;98;171;;1,9;
2026/06/29;1100 UTC;0;968,2;968,3;968,1;27,9;9,9;9,3;10,1;9,6;9,5;9;98;96;97;157;;1,6;
2026/06/29;1200 UTC;0;968,4;968,5;968,3;416;10,8;8,9;11;10,7;9,2;8,5;92;88;91;161;4,1;1,9;
2026/06/29;1300 UTC;0;968,1;968,2;968,1;1510;13;8,9;13,1;12,8;9,2;8,6;81;78;80;146;3,8;1,4;
2026/06/29;1400 UTC;0;967,7;967,7;967,6;1989,3;14,5;9,3;14,5;14,4;9,9;8,9;77;73;74;128;3,1;1,7;
2026/06/29;1500 UTC;0;967,3;967,3;967,2;2254,5;15,7;10,5;15,8;15,6;10,9;10,3;75;73;74;128;3,6;2;
2026/06/29;1600 UTC;0;966,4;966,5;966,4;2381,3;17;10,7;17,1;16,9;11,4;10,2;72;67;69;89;3,7;2,4;
2026/06/29;1700 UTC;0;966;966;966;2122,1;15,7;12;15,8;15,6;12,4;11,8;83;80;82;211;4;2,6;
2026/06/29;1800 UTC;0;965,6;965,6;965,6;1674;16,1;11,6;16,2;15,9;11,9;11,3;79;76;78;206;3,3;1,9;
2026/06/29;1900 UTC;0;965,8;965,8;965,8;1071,5;16;11,5;16;16;11,6;11,3;78;77;77;206;2,6;1,5;
2026/06/29;2000 UTC;0;965,7;965,8;965,7;0;15,5;11,4;15,5;15,5;11,5;11,4;80;79;79;217;2,6;2;
2026/06/29;2100 UTC;0;965,8;965,9;965,8;0;12,9;10,8;13,1;12,8;10,9;10,7;90;88;89;167;2;1,2;
2026/06/29;2200 UTC;0;966;966,2;965,8;0;12,5;9,9;12,8;12,2;10,8;8,9;90;82;87;197;2,9;1;
2026/06/29;2300 UTC;0;966,3;966,4;966,2;0;12,7;9,9;12,9;12,4;10,3;9,1;87;84;86;196;3,1;1,1;
2026/06/30;0000 UTC;0;966,3;966,5;966;0;12,4;10;12,8;11,4;10,4;9,4;90;86;88;171;4,2;1,6;
2026/06/30;0100 UTC;0;966,2;966,4;966,1;0;10,7;9,6;11,4;10,1;9,9;9,5;99;91;95;198;4,2;1,7;
2026/06/30;0200 UTC;0;966,6;966,8;966,2;0;10;10;10,1;9,8;10,1;9,9;100;99;100;211;;2,8;
2026/06/30;0300 UTC;0;966,9;967,1;966,7;0;9,7;9,7;9,9;9,5;9,9;9,6;100;100;100;178;4,9;1,8;
2026/06/30;0400 UTC;0;967;967,3;966,8;0;9,6;9,7;9,7;9,4;9,8;9,5;100;100;100;179;3,6;1,8;
2026/06/30;0500 UTC;0;966,5;966,8;966,2;0;9,2;9,3;9,6;9;9,6;9;100;100;100;185;3,3;,9;
2026/06/30;0600 UTC;0;966,1;966,3;965,8;0;9;9,1;9,4;8,4;9,4;8,5;100;100;100;205;3,3;1,1;
2026/06/30;0700 UTC;0;965,8;966,1;965,7;0;9;9;9,2;8,4;9,3;8,5;100;100;100;136;4;1;
2026/06/30;0800 UTC;0;965,7;966,1;965,3;0;9,3;9,4;9,5;9,2;9,5;9,3;100;100;100;133;3,5;1,5;
2026/06/30;0900 UTC;0;965,3;965,5;965,1;0;9,5;9,5;9,5;9,4;9,5;9,5;100;100;100;111;;2,1;
2026/06/30;1000 UTC;0;965,5;965,8;965,2;0;9,4;9,5;9,5;9,4;9,5;9,4;100;100;100;137;3,7;1,1;
2026/06/30;1100 UTC;0;966;966,2;965,7;35;9,6;9,7;9,7;9,5;9,8;9,6;100;100;100;135;4,4;1,6;
2026/06/30;1200 UTC;0;966,5;966,6;966,5;310;10,2;10,1;10,2;10,2;10,2;10;100;99;99;135;3,8;1,3;
2026/06/30;1300 UTC;0;966,4;966,5;966,3;449,8;10,7;9,9;10,8;10,7;10;9,8;96;95;96;117;3,3;1,9;
2026/06/30;1400 UTC;0;966;966,1;966;957,4;12,1;10,3;12,2;11,9;10,5;10,1;92;91;91;130;4,5;1,9;
2026/06/30;1500 UTC;0;965,4;965,4;965,3;1718,2;14,5;11,6;14,8;14,3;12,1;11,3;88;83;85;86;4,6;3,1;
2026/06/30;1600 UTC;0;964,5;964,5;964,5;725,4;14,6;12,1;14,6;14,5;12,3;11,8;89;86;88;88;3,6;2,5;
2026/06/30;1700 UTC;0;963,7;963,7;963,7;755,2;15,3;12,5;15,3;15,2;12,6;12,4;87;85;86;91;2;1,2;
2026/06/30;1800 UTC;;;;;;;;;;;;;;;;;;
2026/06/30;1900 UTC;;;;;;;;;;;;;;;;;;
2026/06/30;2000 UTC;;;;;;;;;;;;;;;;;;
2026/06/30;2100 UTC;;;;;;;;;;;;;;;;;;
2026/06/30;2200 UTC;;;;;;;;;;;;;;;;;;
2026/06/30;2300 UTC;,4;962,8;963,2;962,5;1,3;14,3;14,2;14,4;14,1;14,3;14,1;100;99;100;186;3,4;1,2;
